experiment_name,num_params,model_size_mb,avg_rtf,pesq,stoi,mel_l1
H1_128C_baseline,925985,3.617,0.2834,2.074673277139664,0.9269436050264444,0.31087370663881303
H2_128C_quantized,925985,3.617,0.2819,2.074673277139664,0.9269436050264444,0.31087370663881303
H3_128C_pruned30,925985,3.617,0.2821,1.0539912164211274,0.3504799999630822,3.4517139196395874
H3_128C_pruned50,925985,3.617,0.2848,1.106577205657959,0.31634492389745905,3.6535927176475527
H3_128C_pruned70,925985,3.617,0.2999,1.0624096095561981,0.4607587866424853,6.332181429862976
H4_128C_pruned30_int8,925985,3.617,0.3598,1.0539912164211274,0.3504799999630822,3.4517139196395874
H4_128C_pruned50_int8,925985,3.617,0.2823,1.106577205657959,0.31634492389745905,3.6535927176475527
H4_128C_pruned70_int8,925985,3.617,0.2975,1.0624096095561981,0.4607587866424853,6.332181429862976
