experiment_name,audio_file,generated_file,audio_duration,inference_time,generator_time,avg_rtf,avg_generator_rtf,pesq,stoi,mel_l1
H1_256C_baseline,1089-134686-0000.wav,generated_audios/generated_H1_256C/1089-134686-0000_generated.wav,10.435011,3.090568,3.015316,0.296173,0.288961,2.928632,0.964925,0.244527
H1_256C_baseline,1089-134686-0001.wav,generated_audios/generated_H1_256C/1089-134686-0001_generated.wav,3.275011,0.845584,0.840899,0.258193,0.256762,2.615103,0.955079,0.235327
H1_256C_baseline,1089-134686-0002.wav,generated_audios/generated_H1_256C/1089-134686-0002_generated.wav,6.625034,1.72144,1.716918,0.259839,0.259156,3.163319,0.959955,0.23123
H1_256C_baseline,1089-134686-0003.wav,generated_audios/generated_H1_256C/1089-134686-0003_generated.wav,2.68,0.729102,0.725767,0.272053,0.270809,3.120302,0.968661,0.261104
H1_256C_baseline,1089-134686-0004.wav,generated_audios/generated_H1_256C/1089-134686-0004_generated.wav,5.215102,1.392167,1.38792,0.266949,0.266135,3.22806,0.975686,0.247857
H1_256C_baseline,1089-134686-0005.wav,generated_audios/generated_H1_256C/1089-134686-0005_generated.wav,9.635011,2.588548,2.584278,0.268661,0.268217,2.969779,0.947874,0.237441
H1_256C_baseline,1089-134686-0006.wav,generated_audios/generated_H1_256C/1089-134686-0006_generated.wav,10.555011,2.925868,2.921146,0.277202,0.276754,2.938661,0.957072,0.238772
H1_256C_baseline,1089-134686-0007.wav,generated_audios/generated_H1_256C/1089-134686-0007_generated.wav,4.275011,1.137038,1.133085,0.265973,0.265048,2.926903,0.96935,0.240187
H1_256C_baseline,1089-134686-0008.wav,generated_audios/generated_H1_256C/1089-134686-0008_generated.wav,6.730023,1.752607,1.748703,0.260416,0.259836,2.951428,0.965906,0.236757
H1_256C_baseline,1089-134686-0009.wav,generated_audios/generated_H1_256C/1089-134686-0009_generated.wav,10.575011,2.875351,2.870635,0.2719,0.271455,3.191197,0.973225,0.238316
H1_256C_baseline,1089-134686-0010.wav,generated_audios/generated_H1_256C/1089-134686-0010_generated.wav,4.405034,1.163427,1.159852,0.264113,0.263302,3.363949,0.972577,0.232341
H1_256C_baseline,1089-134686-0011.wav,generated_audios/generated_H1_256C/1089-134686-0011_generated.wav,12.445034,3.718498,3.713878,0.298794,0.298423,3.083665,0.963009,0.238003
H1_256C_baseline,1089-134686-0012.wav,generated_audios/generated_H1_256C/1089-134686-0012_generated.wav,11.64,3.173014,3.167878,0.272596,0.272154,2.982774,0.967703,0.241406
H1_256C_baseline,1089-134686-0013.wav,generated_audios/generated_H1_256C/1089-134686-0013_generated.wav,7.915011,2.08647,2.081839,0.263609,0.263024,2.681398,0.962737,0.240817
H1_256C_baseline,1089-134686-0014.wav,generated_audios/generated_H1_256C/1089-134686-0014_generated.wav,2.225034,0.603015,0.599975,0.271014,0.269648,3.195782,0.979174,0.235007
H1_256C_baseline,1089-134686-0015.wav,generated_audios/generated_H1_256C/1089-134686-0015_generated.wav,5.815011,1.572021,1.568348,0.270338,0.269707,2.913065,0.962443,0.243681
H1_256C_baseline,1089-134686-0016.wav,generated_audios/generated_H1_256C/1089-134686-0016_generated.wav,3.54,0.939059,0.935644,0.265271,0.264306,2.637047,0.957988,0.239019
H1_256C_baseline,1089-134686-0017.wav,generated_audios/generated_H1_256C/1089-134686-0017_generated.wav,8.870023,2.441069,2.437157,0.275204,0.274763,3.009298,0.96408,0.239475
H1_256C_baseline,1089-134686-0018.wav,generated_audios/generated_H1_256C/1089-134686-0018_generated.wav,15.72,4.82798,4.822465,0.307123,0.306773,3.04126,0.965973,0.240604
H1_256C_baseline,1089-134686-0019.wav,generated_audios/generated_H1_256C/1089-134686-0019_generated.wav,13.895011,4.20105,4.19656,0.302342,0.302019,3.123998,0.965965,0.244416
H1_256C_baseline,1089-134686-0020.wav,generated_audios/generated_H1_256C/1089-134686-0020_generated.wav,16.790023,5.143167,5.137527,0.306323,0.305987,2.610091,0.958683,0.24145
H1_256C_baseline,1089-134686-0021.wav,generated_audios/generated_H1_256C/1089-134686-0021_generated.wav,6.550023,1.749059,1.745373,0.267031,0.266468,2.864369,0.965947,0.234714
H1_256C_baseline,1089-134686-0022.wav,generated_audios/generated_H1_256C/1089-134686-0022_generated.wav,11.175011,3.157395,3.153032,0.282541,0.28215,2.830924,0.965241,0.239654
H1_256C_baseline,1089-134686-0023.wav,generated_audios/generated_H1_256C/1089-134686-0023_generated.wav,13.275011,4.020914,4.016541,0.302893,0.302564,2.885821,0.961677,0.241614
H1_256C_baseline,1089-134686-0024.wav,generated_audios/generated_H1_256C/1089-134686-0024_generated.wav,11.655011,3.263683,3.259411,0.280024,0.279657,2.750267,0.963571,0.241846
H1_256C_baseline,1089-134686-0025.wav,generated_audios/generated_H1_256C/1089-134686-0025_generated.wav,6.610023,1.76267,1.758979,0.266666,0.266108,2.972349,0.964538,0.239409
H1_256C_baseline,1089-134686-0026.wav,generated_audios/generated_H1_256C/1089-134686-0026_generated.wav,4.010023,1.05766,1.054237,0.263754,0.262901,2.878499,0.955579,0.241723
H1_256C_baseline,1089-134686-0027.wav,generated_audios/generated_H1_256C/1089-134686-0027_generated.wav,2.710023,0.71957,0.716344,0.265522,0.264332,2.869162,0.963287,0.239411
H1_256C_baseline,1089-134686-0028.wav,generated_audios/generated_H1_256C/1089-134686-0028_generated.wav,7.830023,2.177508,2.173555,0.278097,0.277592,3.061137,0.965697,0.246427
H1_256C_baseline,1089-134686-0029.wav,generated_audios/generated_H1_256C/1089-134686-0029_generated.wav,4.670023,1.233978,1.230408,0.264234,0.263469,3.107883,0.964618,0.234963
H1_256C_baseline,1089-134686-0030.wav,generated_audios/generated_H1_256C/1089-134686-0030_generated.wav,2.715011,0.188358,0.185143,0.069376,0.068192,2.898567,0.964585,0.244997
H1_256C_baseline,1089-134686-0031.wav,generated_audios/generated_H1_256C/1089-134686-0031_generated.wav,6.615011,0.486884,0.483632,0.073603,0.073111,2.93775,0.963857,0.233082
H1_256C_baseline,121-121726-0000.wav,generated_audios/generated_H1_256C/121-121726-0000_generated.wav,8.46,2.32162,2.317687,0.274423,0.273958,3.154073,0.966655,0.259556
H1_256C_baseline,121-121726-0001.wav,generated_audios/generated_H1_256C/121-121726-0001_generated.wav,5.925034,1.588683,1.585064,0.268131,0.26752,3.0317,0.956288,0.221527
H1_256C_baseline,121-121726-0002.wav,generated_audios/generated_H1_256C/121-121726-0002_generated.wav,4.410023,0.343801,0.340314,0.077959,0.077168,3.069046,0.954323,0.267636
H1_256C_baseline,121-121726-0003.wav,generated_audios/generated_H1_256C/121-121726-0003_generated.wav,6.755011,1.844568,1.840856,0.273067,0.272517,3.165981,0.970066,0.228672
H1_256C_baseline,121-121726-0004.wav,generated_audios/generated_H1_256C/121-121726-0004_generated.wav,4.02,1.089497,1.086037,0.271019,0.270159,2.960673,0.972368,0.216476
H1_256C_baseline,121-121726-0005.wav,generated_audios/generated_H1_256C/121-121726-0005_generated.wav,3.1,0.822973,0.819718,0.265475,0.264425,3.565776,0.970721,0.175181
H1_256C_baseline,121-121726-0006.wav,generated_audios/generated_H1_256C/121-121726-0006_generated.wav,3.895011,1.049337,1.045946,0.269405,0.268535,3.161627,0.959262,0.227276
H1_256C_baseline,121-121726-0007.wav,generated_audios/generated_H1_256C/121-121726-0007_generated.wav,6.730023,0.553296,0.549495,0.082213,0.081648,3.506687,0.97637,0.21714
H1_256C_baseline,121-121726-0008.wav,generated_audios/generated_H1_256C/121-121726-0008_generated.wav,4.990023,1.341171,1.33776,0.268771,0.268087,3.61894,0.976604,0.19468
H1_256C_baseline,121-121726-0009.wav,generated_audios/generated_H1_256C/121-121726-0009_generated.wav,7.26,1.988481,1.984726,0.273895,0.273378,3.206522,0.970965,0.223982
H1_256C_baseline,121-121726-0010.wav,generated_audios/generated_H1_256C/121-121726-0010_generated.wav,9.810023,2.75462,2.750134,0.280797,0.280339,3.331348,0.971216,0.229537
H1_256C_baseline,121-121726-0011.wav,generated_audios/generated_H1_256C/121-121726-0011_generated.wav,4.035011,1.095361,1.091908,0.271464,0.270609,3.079276,0.968216,0.215501
H1_256C_baseline,121-121726-0012.wav,generated_audios/generated_H1_256C/121-121726-0012_generated.wav,4.045034,1.071455,1.068044,0.264882,0.264038,2.80494,0.954791,0.28835
H1_256C_baseline,121-121726-0013.wav,generated_audios/generated_H1_256C/121-121726-0013_generated.wav,2.490023,0.686884,0.68369,0.275855,0.274572,3.133059,0.965128,0.256335
H1_256C_baseline,121-121726-0014.wav,generated_audios/generated_H1_256C/121-121726-0014_generated.wav,3.165034,0.864898,0.8616,0.273266,0.272225,3.56811,0.976208,0.212902
H1_256C_baseline,121-123852-0000.wav,generated_audios/generated_H1_256C/121-123852-0000_generated.wav,17.695011,5.116403,5.110924,0.289144,0.288834,3.160048,0.971155,0.239495
H1_256C_baseline,121-123852-0001.wav,generated_audios/generated_H1_256C/121-123852-0001_generated.wav,1.870023,0.522753,0.51963,0.279544,0.277874,2.863163,0.918976,0.220083
H1_256C_baseline,121-123852-0002.wav,generated_audios/generated_H1_256C/121-123852-0002_generated.wav,17.285034,4.959251,4.954378,0.28691,0.286628,3.15239,0.966168,0.276411
H1_256C_baseline,121-123852-0003.wav,generated_audios/generated_H1_256C/121-123852-0003_generated.wav,23.505034,7.598625,7.59228,0.323276,0.323007,3.172095,0.960079,0.270648
H1_256C_baseline,121-123852-0004.wav,generated_audios/generated_H1_256C/121-123852-0004_generated.wav,16.290023,4.929228,4.924315,0.302592,0.30229,3.192498,0.968794,0.269654
H1_256C_baseline,121-123859-0000.wav,generated_audios/generated_H1_256C/121-123859-0000_generated.wav,17.390023,5.014426,5.009236,0.288351,0.288052,2.976451,0.957903,0.274418
H1_256C_baseline,121-123859-0001.wav,generated_audios/generated_H1_256C/121-123859-0001_generated.wav,25.395011,9.271942,9.262153,0.365109,0.364723,3.230098,0.96735,0.275996
H1_256C_baseline,121-123859-0002.wav,generated_audios/generated_H1_256C/121-123859-0002_generated.wav,30.04,10.869219,10.86189,0.361825,0.361581,3.040931,0.964949,0.27813
H1_256C_baseline,121-123859-0003.wav,generated_audios/generated_H1_256C/121-123859-0003_generated.wav,10.825034,3.001709,2.997435,0.277293,0.276898,3.169428,0.96892,0.26049
H1_256C_baseline,121-123859-0004.wav,generated_audios/generated_H1_256C/121-123859-0004_generated.wav,9.505034,2.723204,2.719002,0.286501,0.286059,2.529976,0.967231,0.267962
H1_256C_baseline,121-127105-0000.wav,generated_audios/generated_H1_256C/121-127105-0000_generated.wav,9.875011,2.848036,2.843857,0.288408,0.287985,2.808021,0.954987,0.25383
H1_256C_baseline,121-127105-0001.wav,generated_audios/generated_H1_256C/121-127105-0001_generated.wav,5.025034,1.358418,1.354809,0.27033,0.269612,2.811341,0.956045,0.274173
H1_256C_baseline,121-127105-0002.wav,generated_audios/generated_H1_256C/121-127105-0002_generated.wav,7.495011,2.038057,2.034046,0.271922,0.271387,2.934972,0.959355,0.272175
H1_256C_baseline,121-127105-0003.wav,generated_audios/generated_H1_256C/121-127105-0003_generated.wav,7.725034,2.158951,2.154993,0.279475,0.278962,3.033049,0.956386,0.25641
H1_256C_baseline,121-127105-0004.wav,generated_audios/generated_H1_256C/121-127105-0004_generated.wav,2.110023,0.59278,0.589643,0.280935,0.279449,1.614584,0.968429,0.207403
H1_256C_baseline,121-127105-0005.wav,generated_audios/generated_H1_256C/121-127105-0005_generated.wav,5.82,1.576334,1.572779,0.270848,0.270237,2.96559,0.965254,0.239921
H1_256C_baseline,121-127105-0006.wav,generated_audios/generated_H1_256C/121-127105-0006_generated.wav,4.725034,1.288582,1.285047,0.272714,0.271966,2.712399,0.96052,0.248328
H1_256C_baseline,121-127105-0007.wav,generated_audios/generated_H1_256C/121-127105-0007_generated.wav,5.790023,1.566032,1.5623,0.270471,0.269826,2.873669,0.960846,0.260581
H1_256C_baseline,121-127105-0008.wav,generated_audios/generated_H1_256C/121-127105-0008_generated.wav,2.76,0.733248,0.729963,0.26567,0.264479,3.236336,0.962972,0.260247
H1_256C_baseline,121-127105-0009.wav,generated_audios/generated_H1_256C/121-127105-0009_generated.wav,2.290023,0.623359,0.619807,0.272206,0.270655,2.948435,0.960228,0.284481
H1_256C_baseline,121-127105-0010.wav,generated_audios/generated_H1_256C/121-127105-0010_generated.wav,2.850023,0.784854,0.781721,0.275385,0.274286,2.74579,0.95923,0.263695
H1_256C_baseline,121-127105-0011.wav,generated_audios/generated_H1_256C/121-127105-0011_generated.wav,5.78,1.599588,1.595995,0.276745,0.276124,2.703514,0.944698,0.284211
H1_256C_baseline,121-127105-0012.wav,generated_audios/generated_H1_256C/121-127105-0012_generated.wav,4.830023,1.33904,1.335605,0.277233,0.276522,1.646974,0.955561,0.27682
H1_256C_baseline,121-127105-0013.wav,generated_audios/generated_H1_256C/121-127105-0013_generated.wav,5.895011,1.606226,1.602577,0.272472,0.271853,2.541622,0.955482,0.266786
H1_256C_baseline,121-127105-0014.wav,generated_audios/generated_H1_256C/121-127105-0014_generated.wav,2.255011,0.617739,0.614592,0.273941,0.272545,3.095759,0.935211,0.236216
H1_256C_baseline,121-127105-0015.wav,generated_audios/generated_H1_256C/121-127105-0015_generated.wav,2.96,0.815069,0.811816,0.275361,0.274262,2.880876,0.959247,0.265213
H1_256C_baseline,121-127105-0016.wav,generated_audios/generated_H1_256C/121-127105-0016_generated.wav,2.030023,0.543426,0.54025,0.267695,0.26613,2.976593,0.957164,0.276726
H1_256C_baseline,121-127105-0017.wav,generated_audios/generated_H1_256C/121-127105-0017_generated.wav,2.695011,0.733008,0.729809,0.271987,0.2708,2.732948,0.951938,0.289671
H1_256C_baseline,121-127105-0018.wav,generated_audios/generated_H1_256C/121-127105-0018_generated.wav,2.770023,0.758767,0.75559,0.273921,0.272774,2.941325,0.95931,0.277899
H1_256C_baseline,121-127105-0019.wav,generated_audios/generated_H1_256C/121-127105-0019_generated.wav,3.525034,0.939217,0.935785,0.266442,0.265468,2.8921,0.956782,0.257775
H1_256C_baseline,121-127105-0020.wav,generated_audios/generated_H1_256C/121-127105-0020_generated.wav,14.355011,4.36973,4.365603,0.304404,0.304117,2.922766,0.956413,0.275636
H1_256C_baseline,121-127105-0021.wav,generated_audios/generated_H1_256C/121-127105-0021_generated.wav,2.0,0.558332,0.555188,0.279166,0.277594,2.764962,0.961237,0.275034
H1_256C_baseline,121-127105-0022.wav,generated_audios/generated_H1_256C/121-127105-0022_generated.wav,5.075011,1.382888,1.379301,0.27249,0.271783,2.822556,0.951084,0.251844
H1_256C_baseline,121-127105-0023.wav,generated_audios/generated_H1_256C/121-127105-0023_generated.wav,10.910023,3.06512,3.060966,0.280945,0.280565,3.002183,0.958007,0.27124
H1_256C_baseline,121-127105-0024.wav,generated_audios/generated_H1_256C/121-127105-0024_generated.wav,14.450023,4.452649,4.448148,0.308141,0.30783,3.029702,0.961057,0.276769
H1_256C_baseline,121-127105-0025.wav,generated_audios/generated_H1_256C/121-127105-0025_generated.wav,16.065034,4.64936,4.644716,0.289409,0.28912,3.052038,0.96059,0.26299
H1_256C_baseline,121-127105-0026.wav,generated_audios/generated_H1_256C/121-127105-0026_generated.wav,7.530023,2.069164,2.065812,0.274788,0.274343,2.90447,0.96504,0.269638
H1_256C_baseline,121-127105-0027.wav,generated_audios/generated_H1_256C/121-127105-0027_generated.wav,13.870023,4.269741,4.265323,0.30784,0.307521,3.042912,0.961298,0.263578
H1_256C_baseline,121-127105-0028.wav,generated_audios/generated_H1_256C/121-127105-0028_generated.wav,6.750023,0.541216,0.537625,0.08018,0.079648,2.794846,0.963388,0.240128
H1_256C_baseline,121-127105-0029.wav,generated_audios/generated_H1_256C/121-127105-0029_generated.wav,7.310023,2.033472,2.029723,0.278176,0.277663,3.094611,0.968671,0.249009
H1_256C_baseline,121-127105-0030.wav,generated_audios/generated_H1_256C/121-127105-0030_generated.wav,2.175011,0.617735,0.614514,0.284015,0.282534,2.821189,0.95526,0.270244
H1_256C_baseline,121-127105-0031.wav,generated_audios/generated_H1_256C/121-127105-0031_generated.wav,10.765034,3.011544,3.007329,0.279752,0.279361,2.945064,0.939354,0.248365
H1_256C_baseline,121-127105-0032.wav,generated_audios/generated_H1_256C/121-127105-0032_generated.wav,3.170023,0.84659,0.843283,0.267061,0.266018,2.60777,0.961615,0.2456
H1_256C_baseline,121-127105-0033.wav,generated_audios/generated_H1_256C/121-127105-0033_generated.wav,2.355011,0.660626,0.657423,0.280519,0.279159,3.176013,0.950835,0.233091
H1_256C_baseline,121-127105-0034.wav,generated_audios/generated_H1_256C/121-127105-0034_generated.wav,7.410023,2.056226,2.052439,0.277493,0.276981,2.880071,0.955884,0.245398
H1_256C_baseline,121-127105-0035.wav,generated_audios/generated_H1_256C/121-127105-0035_generated.wav,14.150023,4.32245,4.317617,0.305473,0.305131,2.912247,0.947219,0.22302
H1_256C_baseline,121-127105-0036.wav,generated_audios/generated_H1_256C/121-127105-0036_generated.wav,4.150023,1.112003,1.108504,0.267951,0.267108,3.049921,0.943602,0.239055
H1_256C_baseline,237-126133-0000.wav,generated_audios/generated_H1_256C/237-126133-0000_generated.wav,13.290023,4.132666,4.128338,0.31096,0.310634,3.343639,0.976654,0.248998
H1_256C_baseline,237-126133-0001.wav,generated_audios/generated_H1_256C/237-126133-0001_generated.wav,11.965034,3.745722,3.741308,0.313056,0.312687,3.070893,0.969426,0.25289
H1_256C_baseline,237-126133-0002.wav,generated_audios/generated_H1_256C/237-126133-0002_generated.wav,8.92,2.482015,2.478106,0.278253,0.277815,3.19181,0.970378,0.25781
H1_256C_baseline,237-126133-0003.wav,generated_audios/generated_H1_256C/237-126133-0003_generated.wav,6.56,1.828596,1.824613,0.278749,0.278142,3.345729,0.966544,0.258364
H1_256C_baseline,237-126133-0004.wav,generated_audios/generated_H1_256C/237-126133-0004_generated.wav,3.295011,0.904271,0.900933,0.274437,0.273423,3.00517,0.969578,0.264883
H1_256C_baseline,237-126133-0005.wav,generated_audios/generated_H1_256C/237-126133-0005_generated.wav,6.510023,1.817776,1.814143,0.279227,0.278669,3.26009,0.967576,0.258443
H1_256C_baseline,237-126133-0006.wav,generated_audios/generated_H1_256C/237-126133-0006_generated.wav,6.150023,1.697907,1.694205,0.276081,0.275479,3.024168,0.969928,0.259974
H1_256C_baseline,237-126133-0007.wav,generated_audios/generated_H1_256C/237-126133-0007_generated.wav,8.68,2.458161,2.454175,0.283198,0.282739,3.057188,0.967764,0.266782
H1_256C_baseline,237-126133-0008.wav,generated_audios/generated_H1_256C/237-126133-0008_generated.wav,3.865034,1.071636,1.06819,0.277264,0.276373,3.473433,0.968699,0.249083
H1_256C_baseline,237-126133-0009.wav,generated_audios/generated_H1_256C/237-126133-0009_generated.wav,3.970023,1.091758,1.088315,0.275,0.274133,3.103428,0.971879,0.259461
H1_256C_baseline,237-126133-0010.wav,generated_audios/generated_H1_256C/237-126133-0010_generated.wav,6.24,1.720364,1.716704,0.275699,0.275113,2.757498,0.949434,0.287856
H1_256C_baseline,237-126133-0011.wav,generated_audios/generated_H1_256C/237-126133-0011_generated.wav,6.710023,1.853066,1.849334,0.276164,0.275608,3.088814,0.971439,0.2526
H1_256C_baseline,237-126133-0012.wav,generated_audios/generated_H1_256C/237-126133-0012_generated.wav,4.450023,1.227864,1.224443,0.275923,0.275154,3.11619,0.968698,0.23712
H1_256C_baseline,237-126133-0013.wav,generated_audios/generated_H1_256C/237-126133-0013_generated.wav,6.815011,1.902634,1.898944,0.279183,0.278641,2.922077,0.947994,0.280099
H1_256C_baseline,237-126133-0014.wav,generated_audios/generated_H1_256C/237-126133-0014_generated.wav,6.790023,1.885631,1.881868,0.277706,0.277152,3.026023,0.968307,0.259077
H1_256C_baseline,237-126133-0015.wav,generated_audios/generated_H1_256C/237-126133-0015_generated.wav,9.34,2.683362,2.679245,0.287298,0.286857,3.186647,0.968731,0.252479
H1_256C_baseline,237-126133-0016.wav,generated_audios/generated_H1_256C/237-126133-0016_generated.wav,4.250023,1.14879,1.145311,0.270302,0.269484,2.937174,0.962854,0.272901
H1_256C_baseline,237-126133-0017.wav,generated_audios/generated_H1_256C/237-126133-0017_generated.wav,6.210023,1.706974,1.703278,0.274874,0.274279,3.427729,0.976265,0.244879
H1_256C_baseline,237-126133-0018.wav,generated_audios/generated_H1_256C/237-126133-0018_generated.wav,4.095011,1.16903,1.165614,0.285477,0.284642,3.201848,0.969928,0.242005
H1_256C_baseline,237-126133-0019.wav,generated_audios/generated_H1_256C/237-126133-0019_generated.wav,7.12,1.968189,1.964363,0.276431,0.275894,3.242837,0.973334,0.250434
H1_256C_baseline,237-126133-0020.wav,generated_audios/generated_H1_256C/237-126133-0020_generated.wav,2.24,0.597804,0.594647,0.266877,0.265467,2.983854,0.974093,0.255741
H1_256C_baseline,237-126133-0021.wav,generated_audios/generated_H1_256C/237-126133-0021_generated.wav,4.365034,1.196759,1.193308,0.274169,0.273379,2.733051,0.96578,0.262504
H1_256C_baseline,237-126133-0022.wav,generated_audios/generated_H1_256C/237-126133-0022_generated.wav,5.04,1.39042,1.386827,0.275877,0.275164,3.487469,0.974493,0.242903
H1_256C_baseline,237-126133-0023.wav,generated_audios/generated_H1_256C/237-126133-0023_generated.wav,6.675011,1.869814,1.866139,0.280121,0.279571,3.059911,0.972087,0.247858
H1_256C_baseline,237-126133-0024.wav,generated_audios/generated_H1_256C/237-126133-0024_generated.wav,9.665034,2.774113,2.769878,0.287026,0.286587,3.129079,0.969771,0.251456
H1_256C_baseline,237-126133-0025.wav,generated_audios/generated_H1_256C/237-126133-0025_generated.wav,3.755011,1.047149,1.043668,0.278867,0.27794,3.291892,0.97565,0.247423
H1_256C_baseline,237-134493-0000.wav,generated_audios/generated_H1_256C/237-134493-0000_generated.wav,4.105034,1.1339,1.130589,0.276222,0.275415,3.046748,0.973291,0.258369
H1_256C_baseline,237-134493-0001.wav,generated_audios/generated_H1_256C/237-134493-0001_generated.wav,7.38,2.058913,2.055053,0.278986,0.278462,3.230623,0.973139,0.253749
H1_256C_baseline,237-134493-0002.wav,generated_audios/generated_H1_256C/237-134493-0002_generated.wav,11.395011,3.558741,3.554636,0.312307,0.311947,3.321196,0.971737,0.251778
H1_256C_baseline,237-134493-0003.wav,generated_audios/generated_H1_256C/237-134493-0003_generated.wav,12.765034,3.690461,3.686287,0.289107,0.28878,3.46209,0.973019,0.251938
H1_256C_baseline,237-134493-0004.wav,generated_audios/generated_H1_256C/237-134493-0004_generated.wav,6.825034,1.90345,1.899504,0.278892,0.278314,3.085288,0.963277,0.26233
H1_256C_baseline,237-134493-0005.wav,generated_audios/generated_H1_256C/237-134493-0005_generated.wav,10.945034,3.145941,3.141781,0.287431,0.287051,3.221174,0.966982,0.259096
H1_256C_baseline,237-134493-0006.wav,generated_audios/generated_H1_256C/237-134493-0006_generated.wav,4.395011,1.208893,1.205407,0.27506,0.274267,3.332635,0.971619,0.258619
H1_256C_baseline,237-134493-0007.wav,generated_audios/generated_H1_256C/237-134493-0007_generated.wav,2.035011,0.58617,0.583127,0.288043,0.286547,2.938784,0.964536,0.258079
H1_256C_baseline,237-134493-0008.wav,generated_audios/generated_H1_256C/237-134493-0008_generated.wav,2.305034,0.630711,0.627541,0.273623,0.272248,3.043516,0.958219,0.247207
H1_256C_baseline,237-134493-0009.wav,generated_audios/generated_H1_256C/237-134493-0009_generated.wav,2.975011,0.842857,0.839604,0.283312,0.282219,3.399119,0.975934,0.25996
H1_256C_baseline,237-134493-0010.wav,generated_audios/generated_H1_256C/237-134493-0010_generated.wav,2.875011,0.804745,0.801507,0.27991,0.278784,3.491626,0.968424,0.247179
H1_256C_baseline,237-134493-0011.wav,generated_audios/generated_H1_256C/237-134493-0011_generated.wav,5.035011,1.450523,1.446912,0.288087,0.28737,3.051055,0.964601,0.262715
H1_256C_baseline,237-134493-0012.wav,generated_audios/generated_H1_256C/237-134493-0012_generated.wav,3.66,1.022447,1.019125,0.279357,0.278449,3.156214,0.970325,0.265899
H1_256C_baseline,237-134493-0013.wav,generated_audios/generated_H1_256C/237-134493-0013_generated.wav,4.090023,0.334564,0.330735,0.0818,0.080864,3.122704,0.964285,0.265883
H1_256C_baseline,237-134493-0014.wav,generated_audios/generated_H1_256C/237-134493-0014_generated.wav,3.7,1.012606,1.009187,0.273677,0.272753,2.807274,0.968724,0.258337
H1_256C_baseline,237-134493-0015.wav,generated_audios/generated_H1_256C/237-134493-0015_generated.wav,6.550023,0.547554,0.544258,0.083596,0.083093,3.079899,0.960641,0.267895
H1_256C_baseline,237-134493-0016.wav,generated_audios/generated_H1_256C/237-134493-0016_generated.wav,10.085034,3.04455,3.040257,0.301888,0.301462,3.133008,0.976283,0.253443
H1_256C_baseline,237-134493-0017.wav,generated_audios/generated_H1_256C/237-134493-0017_generated.wav,9.105034,2.700987,2.696979,0.296648,0.296207,3.177938,0.971856,0.254993
H1_256C_baseline,237-134493-0018.wav,generated_audios/generated_H1_256C/237-134493-0018_generated.wav,4.790023,1.358465,1.354877,0.283603,0.282854,3.295667,0.977202,0.249292
H1_256C_baseline,237-134500-0000.wav,generated_audios/generated_H1_256C/237-134500-0000_generated.wav,6.130023,1.752468,1.748805,0.285883,0.285285,3.520561,0.975679,0.24676
H1_256C_baseline,237-134500-0001.wav,generated_audios/generated_H1_256C/237-134500-0001_generated.wav,1.810023,0.515086,0.511984,0.284574,0.282861,3.067731,0.952758,0.254992
H1_256C_baseline,237-134500-0002.wav,generated_audios/generated_H1_256C/237-134500-0002_generated.wav,5.070023,1.428276,1.424812,0.28171,0.281027,3.258346,0.973731,0.249486
H1_256C_baseline,237-134500-0003.wav,generated_audios/generated_H1_256C/237-134500-0003_generated.wav,3.170023,0.245293,0.242142,0.077379,0.076385,3.323428,0.967868,0.250831
H1_256C_baseline,237-134500-0004.wav,generated_audios/generated_H1_256C/237-134500-0004_generated.wav,2.225034,0.175909,0.172713,0.079059,0.077623,3.569101,0.976783,0.239893
H1_256C_baseline,237-134500-0005.wav,generated_audios/generated_H1_256C/237-134500-0005_generated.wav,2.390023,0.676942,0.673854,0.283237,0.281945,2.648716,0.962342,0.271311
H1_256C_baseline,237-134500-0006.wav,generated_audios/generated_H1_256C/237-134500-0006_generated.wav,4.225034,1.175847,1.173648,0.278305,0.277784,2.896313,0.96172,0.276185
H1_256C_baseline,237-134500-0007.wav,generated_audios/generated_H1_256C/237-134500-0007_generated.wav,2.390023,0.169704,0.166517,0.071005,0.069672,3.000898,0.959036,0.277129
H1_256C_baseline,237-134500-0008.wav,generated_audios/generated_H1_256C/237-134500-0008_generated.wav,3.76,0.278833,0.275413,0.074158,0.073248,3.094271,0.956871,0.270902
H1_256C_baseline,237-134500-0009.wav,generated_audios/generated_H1_256C/237-134500-0009_generated.wav,2.22,0.16164,0.158431,0.072811,0.071366,3.255817,0.953955,0.270321
H1_256C_baseline,237-134500-0010.wav,generated_audios/generated_H1_256C/237-134500-0010_generated.wav,3.995011,1.129905,1.126535,0.282829,0.281985,2.832355,0.961863,0.279862
H1_256C_baseline,237-134500-0011.wav,generated_audios/generated_H1_256C/237-134500-0011_generated.wav,3.350023,0.923201,0.919872,0.27558,0.274587,3.023428,0.953502,0.270088
H1_256C_baseline,237-134500-0012.wav,generated_audios/generated_H1_256C/237-134500-0012_generated.wav,10.935011,3.22065,3.216355,0.294526,0.294134,3.017746,0.965002,0.264464
H1_256C_baseline,237-134500-0013.wav,generated_audios/generated_H1_256C/237-134500-0013_generated.wav,10.56,0.866456,0.86231,0.082051,0.081658,3.28496,0.975312,0.249601
H1_256C_baseline,237-134500-0014.wav,generated_audios/generated_H1_256C/237-134500-0014_generated.wav,4.250023,0.341411,0.337982,0.080331,0.079525,3.079565,0.96844,0.246403
H1_256C_baseline,237-134500-0015.wav,generated_audios/generated_H1_256C/237-134500-0015_generated.wav,10.815011,3.170266,3.165969,0.293136,0.292738,3.358747,0.974673,0.253526
H1_256C_baseline,237-134500-0016.wav,generated_audios/generated_H1_256C/237-134500-0016_generated.wav,3.16,0.245708,0.242412,0.077756,0.076713,2.832061,0.933084,0.286754
H1_256C_baseline,237-134500-0017.wav,generated_audios/generated_H1_256C/237-134500-0017_generated.wav,2.18,0.177261,0.17407,0.081313,0.079849,3.046187,0.969459,0.254679
H1_256C_baseline,237-134500-0018.wav,generated_audios/generated_H1_256C/237-134500-0018_generated.wav,12.845034,4.100686,4.09609,0.319243,0.318885,3.475972,0.974809,0.247887
H1_256C_baseline,237-134500-0019.wav,generated_audios/generated_H1_256C/237-134500-0019_generated.wav,2.86,0.80036,0.797064,0.279846,0.278694,3.198398,0.971025,0.250078
H1_256C_baseline,237-134500-0020.wav,generated_audios/generated_H1_256C/237-134500-0020_generated.wav,2.18,0.162317,0.158632,0.074458,0.072767,3.214858,0.970075,0.241807
H1_256C_baseline,237-134500-0021.wav,generated_audios/generated_H1_256C/237-134500-0021_generated.wav,5.12,1.466183,1.462584,0.286364,0.285661,2.798157,0.936359,0.286159
H1_256C_baseline,237-134500-0022.wav,generated_audios/generated_H1_256C/237-134500-0022_generated.wav,5.165034,1.465337,1.461713,0.283703,0.283002,2.880267,0.951803,0.283527
H1_256C_baseline,237-134500-0023.wav,generated_audios/generated_H1_256C/237-134500-0023_generated.wav,3.06,0.870598,0.86727,0.284509,0.283421,2.94929,0.971188,0.265072
H1_256C_baseline,237-134500-0024.wav,generated_audios/generated_H1_256C/237-134500-0024_generated.wav,4.410023,0.351376,0.347883,0.079677,0.078885,3.13138,0.964956,0.247976
H1_256C_baseline,237-134500-0025.wav,generated_audios/generated_H1_256C/237-134500-0025_generated.wav,1.630023,0.475666,0.472559,0.291816,0.28991,3.074981,0.963348,0.261016
H1_256C_baseline,237-134500-0026.wav,generated_audios/generated_H1_256C/237-134500-0026_generated.wav,3.050023,0.87087,0.867627,0.285529,0.284466,2.935318,0.959136,0.272645
H1_256C_baseline,237-134500-0027.wav,generated_audios/generated_H1_256C/237-134500-0027_generated.wav,3.270023,0.940798,0.937555,0.287704,0.286712,3.358503,0.968052,0.246965
H1_256C_baseline,237-134500-0028.wav,generated_audios/generated_H1_256C/237-134500-0028_generated.wav,4.524943,1.303393,1.299965,0.288046,0.287289,3.33652,0.96616,0.25673
H1_256C_baseline,237-134500-0029.wav,generated_audios/generated_H1_256C/237-134500-0029_generated.wav,2.065034,0.576771,0.573671,0.279303,0.277802,2.908444,0.973882,0.252367
H1_256C_baseline,237-134500-0030.wav,generated_audios/generated_H1_256C/237-134500-0030_generated.wav,2.78,0.789684,0.786438,0.284059,0.282891,3.063704,0.96026,0.274799
H1_256C_baseline,237-134500-0031.wav,generated_audios/generated_H1_256C/237-134500-0031_generated.wav,10.610023,3.180869,3.176789,0.299799,0.299414,3.154541,0.969753,0.252602
H1_256C_baseline,237-134500-0032.wav,generated_audios/generated_H1_256C/237-134500-0032_generated.wav,5.025034,0.448655,0.445222,0.089284,0.088601,3.237978,0.972407,0.251889
H1_256C_baseline,237-134500-0033.wav,generated_audios/generated_H1_256C/237-134500-0033_generated.wav,6.350023,1.823484,1.819678,0.287162,0.286562,3.30055,0.967489,0.254997
H1_256C_baseline,237-134500-0034.wav,generated_audios/generated_H1_256C/237-134500-0034_generated.wav,3.075011,0.877483,0.87406,0.285359,0.284246,3.219684,0.96878,0.241443
H1_256C_baseline,237-134500-0035.wav,generated_audios/generated_H1_256C/237-134500-0035_generated.wav,2.555011,0.741933,0.738685,0.290383,0.289112,3.077513,0.970537,0.258417
H1_256C_baseline,237-134500-0036.wav,generated_audios/generated_H1_256C/237-134500-0036_generated.wav,6.6,1.923177,1.919442,0.291391,0.290825,3.095914,0.969042,0.248239
H1_256C_baseline,237-134500-0037.wav,generated_audios/generated_H1_256C/237-134500-0037_generated.wav,7.105034,2.097149,2.093278,0.295164,0.294619,2.811352,0.946041,0.293049
H1_256C_baseline,237-134500-0038.wav,generated_audios/generated_H1_256C/237-134500-0038_generated.wav,2.435011,0.69886,0.695672,0.287005,0.285696,2.830471,0.955216,0.288918
H1_256C_baseline,237-134500-0039.wav,generated_audios/generated_H1_256C/237-134500-0039_generated.wav,4.630023,1.34238,1.33889,0.289929,0.289176,2.920122,0.947803,0.289576
H1_256C_baseline,237-134500-0040.wav,generated_audios/generated_H1_256C/237-134500-0040_generated.wav,4.030023,0.315631,0.312046,0.07832,0.07743,2.885669,0.959279,0.27075
H1_256C_baseline,237-134500-0041.wav,generated_audios/generated_H1_256C/237-134500-0041_generated.wav,8.92,0.752758,0.748823,0.08439,0.083949,3.391366,0.978486,0.241876
H1_256C_baseline,237-134500-0042.wav,generated_audios/generated_H1_256C/237-134500-0042_generated.wav,2.575011,0.734857,0.731536,0.28538,0.284091,3.11922,0.946738,0.279334
H1_256C_baseline,260-123286-0000.wav,generated_audios/generated_H1_256C/260-123286-0000_generated.wav,7.04,2.040191,2.03645,0.2898,0.289268,2.804145,0.96018,0.238865
H1_256C_baseline,260-123286-0001.wav,generated_audios/generated_H1_256C/260-123286-0001_generated.wav,3.070023,0.239467,0.236068,0.078002,0.076895,2.446631,0.962996,0.241944
H1_256C_baseline,260-123286-0002.wav,generated_audios/generated_H1_256C/260-123286-0002_generated.wav,9.985034,2.997234,2.993193,0.300173,0.299768,2.62439,0.960616,0.23831
H1_256C_baseline,260-123286-0003.wav,generated_audios/generated_H1_256C/260-123286-0003_generated.wav,7.370023,2.157951,2.153819,0.292801,0.29224,2.350755,0.94665,0.245616
H1_256C_baseline,260-123286-0004.wav,generated_audios/generated_H1_256C/260-123286-0004_generated.wav,3.465034,1.010818,1.007427,0.29172,0.290741,2.363173,0.954149,0.245336
H1_256C_baseline,260-123286-0005.wav,generated_audios/generated_H1_256C/260-123286-0005_generated.wav,4.810023,1.365728,1.362123,0.283934,0.283184,2.501666,0.954627,0.261864
H1_256C_baseline,260-123286-0006.wav,generated_audios/generated_H1_256C/260-123286-0006_generated.wav,7.405034,2.179672,2.175783,0.29435,0.293825,2.816289,0.962245,0.254718
H1_256C_baseline,260-123286-0007.wav,generated_audios/generated_H1_256C/260-123286-0007_generated.wav,4.550023,1.310392,1.306903,0.287997,0.28723,2.341146,0.957937,0.268814
H1_256C_baseline,260-123286-0008.wav,generated_audios/generated_H1_256C/260-123286-0008_generated.wav,3.735011,1.048141,1.044709,0.280626,0.279707,2.760139,0.965669,0.258014
H1_256C_baseline,260-123286-0009.wav,generated_audios/generated_H1_256C/260-123286-0009_generated.wav,5.795011,1.683833,1.680183,0.290566,0.289936,2.606102,0.958055,0.242887
H1_256C_baseline,260-123286-0010.wav,generated_audios/generated_H1_256C/260-123286-0010_generated.wav,2.575011,0.188198,0.185035,0.073086,0.071858,2.765797,0.966226,0.230435
H1_256C_baseline,260-123286-0011.wav,generated_audios/generated_H1_256C/260-123286-0011_generated.wav,4.255011,0.339937,0.336533,0.079891,0.079091,2.635123,0.955447,0.237767
H1_256C_baseline,260-123286-0012.wav,generated_audios/generated_H1_256C/260-123286-0012_generated.wav,2.430023,0.193104,0.189798,0.079466,0.078105,2.514276,0.958294,0.249289
H1_256C_baseline,260-123286-0013.wav,generated_audios/generated_H1_256C/260-123286-0013_generated.wav,4.730023,1.366444,1.363018,0.288887,0.288163,2.627045,0.950975,0.246768
H1_256C_baseline,260-123286-0014.wav,generated_audios/generated_H1_256C/260-123286-0014_generated.wav,2.98,0.235386,0.232104,0.078989,0.077887,2.156034,0.951562,0.209297
H1_256C_baseline,260-123286-0015.wav,generated_audios/generated_H1_256C/260-123286-0015_generated.wav,5.210023,1.497211,1.493811,0.287371,0.286719,2.446026,0.956845,0.255244
H1_256C_baseline,260-123286-0016.wav,generated_audios/generated_H1_256C/260-123286-0016_generated.wav,7.0,2.053629,2.049842,0.293376,0.292835,2.455136,0.952478,0.251525
H1_256C_baseline,260-123286-0017.wav,generated_audios/generated_H1_256C/260-123286-0017_generated.wav,3.975011,1.12629,1.122788,0.283343,0.282462,2.280248,0.955063,0.233204
H1_256C_baseline,260-123286-0018.wav,generated_audios/generated_H1_256C/260-123286-0018_generated.wav,5.670023,1.648588,1.64501,0.290755,0.290124,2.597712,0.953205,0.261351
H1_256C_baseline,260-123286-0019.wav,generated_audios/generated_H1_256C/260-123286-0019_generated.wav,11.905034,3.854195,3.849748,0.323745,0.323371,2.584927,0.961033,0.246155
H1_256C_baseline,260-123286-0020.wav,generated_audios/generated_H1_256C/260-123286-0020_generated.wav,3.06,0.244183,0.240802,0.079798,0.078693,2.342892,0.970006,0.179897
H1_256C_baseline,260-123286-0021.wav,generated_audios/generated_H1_256C/260-123286-0021_generated.wav,2.550023,0.716253,0.713041,0.280881,0.279621,2.721036,0.974389,0.249724
H1_256C_baseline,260-123286-0022.wav,generated_audios/generated_H1_256C/260-123286-0022_generated.wav,3.235011,0.948507,0.945095,0.293201,0.292146,2.829621,0.962018,0.227082
H1_256C_baseline,260-123286-0023.wav,generated_audios/generated_H1_256C/260-123286-0023_generated.wav,5.875011,1.738988,1.734863,0.295997,0.295295,2.541336,0.955908,0.263029
H1_256C_baseline,260-123286-0024.wav,generated_audios/generated_H1_256C/260-123286-0024_generated.wav,3.04,0.861259,0.85799,0.283309,0.282233,3.114938,0.96222,0.258783
H1_256C_baseline,260-123286-0025.wav,generated_audios/generated_H1_256C/260-123286-0025_generated.wav,9.205034,2.764659,2.760591,0.300342,0.2999,2.582935,0.951523,0.258055
H1_256C_baseline,260-123286-0026.wav,generated_audios/generated_H1_256C/260-123286-0026_generated.wav,6.94,2.022403,2.018515,0.291413,0.290852,2.474898,0.956528,0.259261
H1_256C_baseline,260-123286-0027.wav,generated_audios/generated_H1_256C/260-123286-0027_generated.wav,7.170023,2.099873,2.096144,0.292868,0.292348,2.606987,0.947793,0.25971
H1_256C_baseline,260-123286-0028.wav,generated_audios/generated_H1_256C/260-123286-0028_generated.wav,7.465034,2.18533,2.181453,0.292742,0.292223,2.539344,0.948406,0.256281
H1_256C_baseline,260-123286-0029.wav,generated_audios/generated_H1_256C/260-123286-0029_generated.wav,4.545034,0.363926,0.360166,0.080071,0.079244,2.397845,0.959193,0.243741
H1_256C_baseline,260-123286-0030.wav,generated_audios/generated_H1_256C/260-123286-0030_generated.wav,7.530023,0.597316,0.593544,0.079325,0.078824,2.743537,0.95769,0.258474
H1_256C_baseline,260-123286-0031.wav,generated_audios/generated_H1_256C/260-123286-0031_generated.wav,5.06,1.458471,1.454995,0.288235,0.287548,2.853374,0.959721,0.218565
H1_256C_baseline,260-123288-0000.wav,generated_audios/generated_H1_256C/260-123288-0000_generated.wav,3.04,0.219403,0.21611,0.072172,0.071089,2.93269,0.959389,0.245688
H1_256C_baseline,260-123288-0001.wav,generated_audios/generated_H1_256C/260-123288-0001_generated.wav,5.08,0.40641,0.402891,0.080002,0.079309,2.354616,0.953376,0.228656
H1_256C_baseline,260-123288-0002.wav,generated_audios/generated_H1_256C/260-123288-0002_generated.wav,7.250023,2.141774,2.138142,0.295416,0.294915,2.726525,0.952209,0.259979
H1_256C_baseline,260-123288-0003.wav,generated_audios/generated_H1_256C/260-123288-0003_generated.wav,8.905034,2.683724,2.680046,0.301372,0.300959,2.559811,0.961943,0.250387
H1_256C_baseline,260-123288-0004.wav,generated_audios/generated_H1_256C/260-123288-0004_generated.wav,4.310023,1.274578,1.27104,0.295724,0.294903,2.723106,0.942964,0.217515
H1_256C_baseline,260-123288-0005.wav,generated_audios/generated_H1_256C/260-123288-0005_generated.wav,12.550023,4.079794,4.075352,0.325083,0.324729,2.4672,0.949504,0.248123
H1_256C_baseline,260-123288-0006.wav,generated_audios/generated_H1_256C/260-123288-0006_generated.wav,4.88,1.421268,1.417169,0.291243,0.290403,2.498748,0.951179,0.224678
H1_256C_baseline,260-123288-0007.wav,generated_audios/generated_H1_256C/260-123288-0007_generated.wav,11.2,3.430829,3.426621,0.306324,0.305948,2.690015,0.954008,0.261283
H1_256C_baseline,260-123288-0008.wav,generated_audios/generated_H1_256C/260-123288-0008_generated.wav,5.515011,1.656828,1.653207,0.300421,0.299765,2.634949,0.960609,0.256202
H1_256C_baseline,260-123288-0009.wav,generated_audios/generated_H1_256C/260-123288-0009_generated.wav,3.435011,1.013582,1.010317,0.295074,0.294123,2.836351,0.963901,0.258035
H1_256C_baseline,260-123288-0010.wav,generated_audios/generated_H1_256C/260-123288-0010_generated.wav,9.995011,0.837607,0.833501,0.083802,0.083392,2.589685,0.951287,0.248935
H1_256C_baseline,260-123288-0011.wav,generated_audios/generated_H1_256C/260-123288-0011_generated.wav,8.98,2.79918,2.794984,0.311713,0.311245,2.380707,0.956904,0.244873
H1_256C_baseline,260-123288-0012.wav,generated_audios/generated_H1_256C/260-123288-0012_generated.wav,3.545034,1.039711,1.036119,0.293287,0.292273,2.632666,0.952796,0.263837
H1_256C_baseline,260-123288-0013.wav,generated_audios/generated_H1_256C/260-123288-0013_generated.wav,11.385079,3.719862,3.71555,0.326731,0.326353,2.708376,0.958605,0.254809
H1_256C_baseline,260-123288-0014.wav,generated_audios/generated_H1_256C/260-123288-0014_generated.wav,1.805034,0.154378,0.15123,0.085526,0.083782,3.060411,0.95953,0.242922
H1_256C_baseline,260-123288-0015.wav,generated_audios/generated_H1_256C/260-123288-0015_generated.wav,21.185034,6.647317,6.641268,0.313774,0.313489,2.539936,0.956637,0.251421
H1_256C_baseline,260-123288-0016.wav,generated_audios/generated_H1_256C/260-123288-0016_generated.wav,4.865034,1.463825,1.459752,0.300887,0.30005,2.535975,0.942071,0.258919
H1_256C_baseline,260-123288-0017.wav,generated_audios/generated_H1_256C/260-123288-0017_generated.wav,5.225034,1.533025,1.528772,0.2934,0.292586,2.668313,0.971829,0.252453
H1_256C_baseline,260-123288-0018.wav,generated_audios/generated_H1_256C/260-123288-0018_generated.wav,3.245034,0.93481,0.931441,0.288074,0.287036,2.663286,0.965663,0.266715
H1_256C_baseline,260-123288-0019.wav,generated_audios/generated_H1_256C/260-123288-0019_generated.wav,2.955011,0.227759,0.224259,0.077076,0.075891,2.934567,0.9631,0.218292
H1_256C_baseline,260-123288-0020.wav,generated_audios/generated_H1_256C/260-123288-0020_generated.wav,2.9,0.834333,0.831007,0.287701,0.286554,2.449878,0.952031,0.242915
H1_256C_baseline,260-123288-0021.wav,generated_audios/generated_H1_256C/260-123288-0021_generated.wav,2.710023,0.212507,0.209232,0.078415,0.077207,2.581624,0.948835,0.251049
H1_256C_baseline,260-123288-0022.wav,generated_audios/generated_H1_256C/260-123288-0022_generated.wav,3.705034,1.102419,1.098973,0.297546,0.296616,2.821419,0.956873,0.245914
H1_256C_baseline,260-123288-0023.wav,generated_audios/generated_H1_256C/260-123288-0023_generated.wav,2.385034,0.188271,0.185062,0.078939,0.077593,2.262938,0.929175,0.219374
H1_256C_baseline,260-123288-0024.wav,generated_audios/generated_H1_256C/260-123288-0024_generated.wav,14.595011,4.718138,4.713298,0.323271,0.322939,2.588113,0.959343,0.262919
H1_256C_baseline,260-123288-0025.wav,generated_audios/generated_H1_256C/260-123288-0025_generated.wav,13.445034,4.397209,4.392486,0.327051,0.326699,2.732118,0.955556,0.254811
H1_256C_baseline,260-123288-0026.wav,generated_audios/generated_H1_256C/260-123288-0026_generated.wav,16.04,5.31307,5.307726,0.331239,0.330906,2.805295,0.965562,0.255429
H1_256C_baseline,260-123288-0027.wav,generated_audios/generated_H1_256C/260-123288-0027_generated.wav,6.305034,1.877981,1.874039,0.297854,0.297229,3.052915,0.970497,0.244737
H1_256C_baseline,260-123288-0028.wav,generated_audios/generated_H1_256C/260-123288-0028_generated.wav,2.610023,0.768546,0.765204,0.29446,0.293179,3.267148,0.970863,0.241586
H1_256C_baseline,260-123440-0000.wav,generated_audios/generated_H1_256C/260-123440-0000_generated.wav,2.165034,0.624,0.620781,0.288217,0.28673,2.140613,0.923835,0.271916
H1_256C_baseline,260-123440-0001.wav,generated_audios/generated_H1_256C/260-123440-0001_generated.wav,1.74,0.521701,0.51855,0.299828,0.298017,2.468379,0.945935,0.201366
H1_256C_baseline,260-123440-0002.wav,generated_audios/generated_H1_256C/260-123440-0002_generated.wav,14.715011,4.605123,4.600529,0.312954,0.312642,2.606789,0.95462,0.261914
H1_256C_baseline,260-123440-0003.wav,generated_audios/generated_H1_256C/260-123440-0003_generated.wav,3.585034,1.069591,1.066261,0.298349,0.29742,2.555374,0.95606,0.262672
H1_256C_baseline,260-123440-0004.wav,generated_audios/generated_H1_256C/260-123440-0004_generated.wav,12.02,3.690185,3.6855,0.307004,0.306614,2.649976,0.954806,0.255814
H1_256C_baseline,260-123440-0005.wav,generated_audios/generated_H1_256C/260-123440-0005_generated.wav,3.105034,0.244339,0.240998,0.078691,0.077615,2.538942,0.956056,0.27235
H1_256C_baseline,260-123440-0006.wav,generated_audios/generated_H1_256C/260-123440-0006_generated.wav,2.715011,0.189383,0.186086,0.069754,0.068539,2.420238,0.959799,0.270855
H1_256C_baseline,260-123440-0007.wav,generated_audios/generated_H1_256C/260-123440-0007_generated.wav,3.385034,0.977716,0.974118,0.288835,0.287772,2.189933,0.950459,0.274074
H1_256C_baseline,260-123440-0008.wav,generated_audios/generated_H1_256C/260-123440-0008_generated.wav,3.745034,1.120268,1.116869,0.299134,0.298227,2.687044,0.959053,0.264393
H1_256C_baseline,260-123440-0009.wav,generated_audios/generated_H1_256C/260-123440-0009_generated.wav,3.115011,0.927605,0.924328,0.297785,0.296733,2.912292,0.963356,0.259453
H1_256C_baseline,260-123440-0010.wav,generated_audios/generated_H1_256C/260-123440-0010_generated.wav,8.315011,2.569977,2.565887,0.309077,0.308585,2.438965,0.947538,0.275876
H1_256C_baseline,260-123440-0011.wav,generated_audios/generated_H1_256C/260-123440-0011_generated.wav,4.870023,0.383842,0.380234,0.078817,0.078076,2.719028,0.963143,0.268305
H1_256C_baseline,260-123440-0012.wav,generated_audios/generated_H1_256C/260-123440-0012_generated.wav,5.245034,1.575043,1.571434,0.300292,0.299604,2.629075,0.959655,0.292473
H1_256C_baseline,260-123440-0013.wav,generated_audios/generated_H1_256C/260-123440-0013_generated.wav,3.475011,1.025555,1.022221,0.295123,0.294163,2.870579,0.957187,0.288159
H1_256C_baseline,260-123440-0014.wav,generated_audios/generated_H1_256C/260-123440-0014_generated.wav,3.815011,1.134033,1.130669,0.297255,0.296374,2.68949,0.953498,0.287379
H1_256C_baseline,260-123440-0015.wav,generated_audios/generated_H1_256C/260-123440-0015_generated.wav,6.2,0.503177,0.499405,0.081158,0.080549,2.877832,0.963679,0.257062
H1_256C_baseline,260-123440-0016.wav,generated_audios/generated_H1_256C/260-123440-0016_generated.wav,4.895011,1.47333,1.469778,0.300986,0.30026,3.105119,0.972331,0.258529
H1_256C_baseline,260-123440-0017.wav,generated_audios/generated_H1_256C/260-123440-0017_generated.wav,3.070023,0.256932,0.253648,0.08369,0.082621,2.665547,0.956491,0.257004
H1_256C_baseline,260-123440-0018.wav,generated_audios/generated_H1_256C/260-123440-0018_generated.wav,3.64,1.076148,1.072811,0.295645,0.294728,2.86652,0.970137,0.274505
H1_256C_baseline,260-123440-0019.wav,generated_audios/generated_H1_256C/260-123440-0019_generated.wav,6.630023,1.986979,1.983209,0.299694,0.299125,2.593606,0.961121,0.256726
H1_256C_baseline,260-123440-0020.wav,generated_audios/generated_H1_256C/260-123440-0020_generated.wav,4.995011,1.507837,1.504232,0.301869,0.301147,2.729268,0.962339,0.263484
H1_256C_baseline,61-70968-0000.wav,generated_audios/generated_H1_256C/61-70968-0000_generated.wav,4.905034,1.479241,1.475334,0.301576,0.300779,2.437433,0.956694,0.250819
H1_256C_baseline,61-70968-0001.wav,generated_audios/generated_H1_256C/61-70968-0001_generated.wav,3.610023,1.07657,1.073239,0.298217,0.297294,2.298801,0.932374,0.243094
H1_256C_baseline,61-70968-0002.wav,generated_audios/generated_H1_256C/61-70968-0002_generated.wav,2.970023,0.861722,0.857982,0.29014,0.288881,2.414595,0.937423,0.254342
H1_256C_baseline,61-70968-0003.wav,generated_audios/generated_H1_256C/61-70968-0003_generated.wav,4.315011,0.33817,0.334651,0.078371,0.077555,2.651905,0.95611,0.253788
H1_256C_baseline,61-70968-0004.wav,generated_audios/generated_H1_256C/61-70968-0004_generated.wav,3.885034,1.168154,1.164694,0.30068,0.29979,2.79496,0.95974,0.249729
H1_256C_baseline,61-70968-0005.wav,generated_audios/generated_H1_256C/61-70968-0005_generated.wav,5.070023,0.409851,0.406199,0.080838,0.080118,2.700752,0.932545,0.25272
H1_256C_baseline,61-70968-0006.wav,generated_audios/generated_H1_256C/61-70968-0006_generated.wav,2.935011,0.851772,0.84839,0.290211,0.289059,2.644704,0.95742,0.24617
H1_256C_baseline,61-70968-0007.wav,generated_audios/generated_H1_256C/61-70968-0007_generated.wav,3.550023,0.274964,0.271181,0.077454,0.076388,2.34766,0.896638,0.250371
H1_256C_baseline,61-70968-0008.wav,generated_audios/generated_H1_256C/61-70968-0008_generated.wav,3.535011,0.278426,0.275143,0.078762,0.077834,2.048176,0.934152,0.261748
H1_256C_baseline,61-70968-0009.wav,generated_audios/generated_H1_256C/61-70968-0009_generated.wav,4.510023,1.350417,1.346941,0.299426,0.298655,2.55257,0.928169,0.251979
H1_256C_baseline,61-70968-0010.wav,generated_audios/generated_H1_256C/61-70968-0010_generated.wav,8.295011,2.53292,2.528975,0.305355,0.304879,2.576988,0.947172,0.253901
H1_256C_baseline,61-70968-0011.wav,generated_audios/generated_H1_256C/61-70968-0011_generated.wav,6.375011,1.905178,1.901659,0.298851,0.298299,2.243849,0.948174,0.25045
H1_256C_baseline,61-70968-0012.wav,generated_audios/generated_H1_256C/61-70968-0012_generated.wav,2.610023,0.208409,0.205094,0.079849,0.078579,3.338104,0.975685,0.250453
H1_256C_baseline,61-70968-0013.wav,generated_audios/generated_H1_256C/61-70968-0013_generated.wav,4.450023,0.337925,0.334431,0.075938,0.075153,2.727059,0.951099,0.242804
H1_256C_baseline,61-70968-0014.wav,generated_audios/generated_H1_256C/61-70968-0014_generated.wav,7.485034,2.280456,2.276464,0.304669,0.304135,2.43128,0.952598,0.250026
H1_256C_baseline,61-70968-0015.wav,generated_audios/generated_H1_256C/61-70968-0015_generated.wav,5.375011,1.587499,1.583839,0.295348,0.294667,2.509382,0.955672,0.257693
H1_256C_baseline,61-70968-0016.wav,generated_audios/generated_H1_256C/61-70968-0016_generated.wav,3.72,1.112417,1.109005,0.299037,0.29812,3.022748,0.969583,0.251782
H1_256C_baseline,61-70968-0017.wav,generated_audios/generated_H1_256C/61-70968-0017_generated.wav,5.110023,1.5481,1.544707,0.302954,0.30229,2.377247,0.954025,0.250226
H1_256C_baseline,61-70968-0018.wav,generated_audios/generated_H1_256C/61-70968-0018_generated.wav,2.405034,0.703773,0.700189,0.292625,0.291135,2.568115,0.95857,0.250723
H1_256C_baseline,61-70968-0019.wav,generated_audios/generated_H1_256C/61-70968-0019_generated.wav,5.475011,1.632037,1.628413,0.298088,0.297426,2.432151,0.947805,0.262118
H1_256C_baseline,61-70968-0020.wav,generated_audios/generated_H1_256C/61-70968-0020_generated.wav,5.105034,1.556932,1.552822,0.30498,0.304175,2.805987,0.947165,0.251026
H1_256C_baseline,61-70968-0021.wav,generated_audios/generated_H1_256C/61-70968-0021_generated.wav,2.690023,0.780053,0.776721,0.28998,0.288742,2.57792,0.932674,0.246278
H1_256C_baseline,61-70968-0022.wav,generated_audios/generated_H1_256C/61-70968-0022_generated.wav,4.670023,0.371557,0.367993,0.079562,0.078799,2.510313,0.939978,0.249998
H1_256C_baseline,61-70968-0023.wav,generated_audios/generated_H1_256C/61-70968-0023_generated.wav,5.025034,0.397925,0.394216,0.079189,0.07845,2.618501,0.960919,0.255382
H1_256C_baseline,61-70968-0024.wav,generated_audios/generated_H1_256C/61-70968-0024_generated.wav,6.025034,1.81018,1.806437,0.300443,0.299822,2.5767,0.939666,0.254612
H1_256C_baseline,61-70968-0025.wav,generated_audios/generated_H1_256C/61-70968-0025_generated.wav,4.410023,0.349521,0.345946,0.079256,0.078445,2.743116,0.946685,0.249438
H1_256C_baseline,61-70968-0026.wav,generated_audios/generated_H1_256C/61-70968-0026_generated.wav,4.92,1.449108,1.445468,0.294534,0.293794,2.780341,0.96322,0.244929
H1_256C_baseline,61-70968-0027.wav,generated_audios/generated_H1_256C/61-70968-0027_generated.wav,6.870023,2.07206,2.068113,0.301609,0.301034,2.404291,0.954786,0.246639
H1_256C_baseline,61-70968-0028.wav,generated_audios/generated_H1_256C/61-70968-0028_generated.wav,5.355011,1.588247,1.584599,0.296591,0.295909,2.531296,0.955709,0.24259
H1_256C_baseline,61-70968-0029.wav,generated_audios/generated_H1_256C/61-70968-0029_generated.wav,3.495011,1.044549,1.041109,0.298869,0.297884,2.513058,0.954722,0.245499
H1_256C_baseline,61-70968-0030.wav,generated_audios/generated_H1_256C/61-70968-0030_generated.wav,5.685034,1.709233,1.705071,0.300655,0.299923,2.482275,0.954375,0.244829
H1_256C_baseline,61-70968-0031.wav,generated_audios/generated_H1_256C/61-70968-0031_generated.wav,2.925034,0.877939,0.874527,0.300147,0.29898,2.507598,0.935452,0.24209
H1_256C_baseline,61-70968-0032.wav,generated_audios/generated_H1_256C/61-70968-0032_generated.wav,4.28,0.344403,0.340905,0.080468,0.079651,2.763061,0.952594,0.246408
H1_256C_baseline,61-70968-0033.wav,generated_audios/generated_H1_256C/61-70968-0033_generated.wav,5.685034,0.424209,0.420409,0.074619,0.07395,2.806177,0.966274,0.245651
H1_256C_baseline,61-70968-0034.wav,generated_audios/generated_H1_256C/61-70968-0034_generated.wav,4.230023,1.273623,1.269872,0.301091,0.300205,3.326813,0.962094,0.26193
H1_256C_baseline,61-70968-0035.wav,generated_audios/generated_H1_256C/61-70968-0035_generated.wav,7.950023,2.421687,2.417969,0.304614,0.304146,2.706647,0.956856,0.248401
H1_256C_baseline,61-70968-0036.wav,generated_audios/generated_H1_256C/61-70968-0036_generated.wav,2.934966,0.227449,0.224078,0.077496,0.076348,2.738134,0.955021,0.242059
H1_256C_baseline,61-70968-0037.wav,generated_audios/generated_H1_256C/61-70968-0037_generated.wav,4.315011,0.331486,0.327957,0.076822,0.076004,2.14804,0.926055,0.25699
H1_256C_baseline,61-70968-0038.wav,generated_audios/generated_H1_256C/61-70968-0038_generated.wav,2.050023,0.629515,0.626385,0.307077,0.30555,3.290053,0.920654,0.245715
H1_256C_baseline,61-70968-0039.wav,generated_audios/generated_H1_256C/61-70968-0039_generated.wav,3.805034,1.114771,1.111345,0.292973,0.292072,2.772594,0.944039,0.25153
H1_256C_baseline,61-70968-0040.wav,generated_audios/generated_H1_256C/61-70968-0040_generated.wav,3.950023,1.190617,1.187175,0.30142,0.300549,2.748816,0.953547,0.247662
H1_256C_baseline,61-70968-0041.wav,generated_audios/generated_H1_256C/61-70968-0041_generated.wav,6.825034,0.569454,0.565597,0.083436,0.082871,2.595239,0.940686,0.249807
H1_256C_baseline,61-70968-0042.wav,generated_audios/generated_H1_256C/61-70968-0042_generated.wav,2.785034,0.211422,0.208176,0.075914,0.074748,2.599239,0.936733,0.255219
H1_256C_baseline,61-70968-0043.wav,generated_audios/generated_H1_256C/61-70968-0043_generated.wav,6.735011,2.052512,2.048784,0.304753,0.304199,2.594989,0.934687,0.244047
H1_256C_baseline,61-70968-0044.wav,generated_audios/generated_H1_256C/61-70968-0044_generated.wav,2.770023,0.217402,0.214113,0.078484,0.077296,2.734874,0.9344,0.245365
H1_256C_baseline,61-70968-0045.wav,generated_audios/generated_H1_256C/61-70968-0045_generated.wav,3.475011,0.265703,0.262528,0.076461,0.075547,2.590486,0.900025,0.244576
H1_256C_baseline,61-70968-0046.wav,generated_audios/generated_H1_256C/61-70968-0046_generated.wav,3.550023,0.273799,0.270428,0.077126,0.076176,2.774679,0.954896,0.247972
H1_256C_baseline,61-70968-0047.wav,generated_audios/generated_H1_256C/61-70968-0047_generated.wav,4.775011,1.410549,1.406936,0.295402,0.294646,2.840666,0.961104,0.245453
H1_256C_baseline,61-70968-0048.wav,generated_audios/generated_H1_256C/61-70968-0048_generated.wav,3.02,0.899351,0.896298,0.297798,0.296787,2.230397,0.933949,0.25211
H1_256C_baseline,61-70968-0049.wav,generated_audios/generated_H1_256C/61-70968-0049_generated.wav,8.250023,2.542758,2.538757,0.308212,0.307727,2.599806,0.934068,0.251476
H1_256C_baseline,61-70968-0050.wav,generated_audios/generated_H1_256C/61-70968-0050_generated.wav,5.58,1.665945,1.661996,0.298556,0.297849,2.424198,0.944763,0.24826
H1_256C_baseline,61-70968-0051.wav,generated_audios/generated_H1_256C/61-70968-0051_generated.wav,3.135011,0.934613,0.931475,0.298121,0.29712,2.707618,0.928203,0.239189
H1_256C_baseline,61-70968-0052.wav,generated_audios/generated_H1_256C/61-70968-0052_generated.wav,2.650023,0.716788,0.713437,0.270484,0.269219,2.270447,0.960796,0.255112
H1_256C_baseline,61-70968-0053.wav,generated_audios/generated_H1_256C/61-70968-0053_generated.wav,4.22,0.33197,0.32838,0.078666,0.077815,2.71318,0.947386,0.247528
H1_256C_baseline,61-70968-0054.wav,generated_audios/generated_H1_256C/61-70968-0054_generated.wav,7.86,2.331499,2.327,0.296628,0.296056,2.490017,0.958641,0.251749
H1_256C_baseline,61-70968-0055.wav,generated_audios/generated_H1_256C/61-70968-0055_generated.wav,3.965034,0.318575,0.315004,0.080346,0.079446,2.627096,0.946194,0.242857
H1_256C_baseline,61-70968-0056.wav,generated_audios/generated_H1_256C/61-70968-0056_generated.wav,3.565034,0.970644,0.967199,0.272268,0.271302,2.595609,0.956772,0.246429
H1_256C_baseline,61-70968-0057.wav,generated_audios/generated_H1_256C/61-70968-0057_generated.wav,5.065034,0.412187,0.408512,0.081379,0.080653,2.321866,0.928153,0.257963
H1_256C_baseline,61-70968-0058.wav,generated_audios/generated_H1_256C/61-70968-0058_generated.wav,1.82,0.489963,0.486766,0.26921,0.267454,2.574818,0.927255,0.247106
H1_256C_baseline,61-70968-0059.wav,generated_audios/generated_H1_256C/61-70968-0059_generated.wav,2.170023,0.1721,0.168878,0.079308,0.077823,3.102812,0.971144,0.252345
H1_256C_baseline,61-70968-0060.wav,generated_audios/generated_H1_256C/61-70968-0060_generated.wav,3.735011,0.28376,0.280405,0.075973,0.075075,2.713526,0.951904,0.250239
H1_256C_baseline,61-70968-0061.wav,generated_audios/generated_H1_256C/61-70968-0061_generated.wav,5.530023,1.623385,1.61957,0.293558,0.292869,2.249723,0.946616,0.254873
H1_256C_baseline,61-70968-0062.wav,generated_audios/generated_H1_256C/61-70968-0062_generated.wav,2.555011,0.195983,0.192688,0.076705,0.075416,2.440119,0.921002,0.245426
H1_256C_baseline,61-70970-0000.wav,generated_audios/generated_H1_256C/61-70970-0000_generated.wav,6.075011,1.829366,1.825614,0.30113,0.300512,2.455555,0.959146,0.248801
H1_256C_baseline,61-70970-0001.wav,generated_audios/generated_H1_256C/61-70970-0001_generated.wav,6.155011,1.854292,1.850513,0.301265,0.300651,2.687497,0.963742,0.248662
H1_256C_baseline,61-70970-0002.wav,generated_audios/generated_H1_256C/61-70970-0002_generated.wav,4.165034,1.260886,1.257256,0.302731,0.30186,2.519414,0.930871,0.248911
H1_256C_baseline,61-70970-0003.wav,generated_audios/generated_H1_256C/61-70970-0003_generated.wav,3.835011,1.136191,1.132703,0.296268,0.295359,2.604458,0.927854,0.234672
H1_256C_baseline,61-70970-0004.wav,generated_audios/generated_H1_256C/61-70970-0004_generated.wav,10.515011,3.220267,3.215799,0.306254,0.305829,2.832404,0.940024,0.242784
H1_256C_baseline,61-70970-0005.wav,generated_audios/generated_H1_256C/61-70970-0005_generated.wav,2.02,0.643509,0.640301,0.318569,0.316981,2.745013,0.926656,0.242067
H1_256C_baseline,61-70970-0006.wav,generated_audios/generated_H1_256C/61-70970-0006_generated.wav,2.335011,0.716804,0.713619,0.306981,0.305617,2.279608,0.953216,0.248018
H1_256C_baseline,61-70970-0007.wav,generated_audios/generated_H1_256C/61-70970-0007_generated.wav,4.485034,1.394147,1.390631,0.310844,0.31006,2.405157,0.94026,0.254223
H1_256C_baseline,61-70970-0008.wav,generated_audios/generated_H1_256C/61-70970-0008_generated.wav,2.150023,0.703264,0.700085,0.327096,0.325618,2.484628,0.929268,0.238695
H1_256C_baseline,61-70970-0009.wav,generated_audios/generated_H1_256C/61-70970-0009_generated.wav,3.405034,1.053107,1.049806,0.30928,0.30831,3.001192,0.959865,0.235269
H1_256C_baseline,61-70970-0010.wav,generated_audios/generated_H1_256C/61-70970-0010_generated.wav,3.045034,0.227109,0.223822,0.074584,0.073504,2.835903,0.930951,0.238714
H1_256C_baseline,61-70970-0011.wav,generated_audios/generated_H1_256C/61-70970-0011_generated.wav,6.075011,0.439134,0.435318,0.072285,0.071657,2.393744,0.924823,0.253452
H1_256C_baseline,61-70970-0012.wav,generated_audios/generated_H1_256C/61-70970-0012_generated.wav,3.135011,0.235731,0.232021,0.075193,0.07401,2.728281,0.959198,0.248166
H1_256C_baseline,61-70970-0013.wav,generated_audios/generated_H1_256C/61-70970-0013_generated.wav,4.350023,1.337516,1.334139,0.307473,0.306697,2.582768,0.955665,0.253364
H1_256C_baseline,61-70970-0014.wav,generated_audios/generated_H1_256C/61-70970-0014_generated.wav,3.405034,0.232969,0.229439,0.068419,0.067382,2.466751,0.966894,0.250153
H1_256C_baseline,61-70970-0015.wav,generated_audios/generated_H1_256C/61-70970-0015_generated.wav,8.415011,2.62481,2.620843,0.31192,0.311449,2.373292,0.958288,0.247966
H1_256C_baseline,61-70970-0016.wav,generated_audios/generated_H1_256C/61-70970-0016_generated.wav,4.370023,1.320966,1.317418,0.302279,0.301467,2.737815,0.960274,0.250302
H1_256C_baseline,61-70970-0017.wav,generated_audios/generated_H1_256C/61-70970-0017_generated.wav,2.550023,0.199141,0.195889,0.078094,0.076818,2.488447,0.935413,0.261688
H1_256C_baseline,61-70970-0018.wav,generated_audios/generated_H1_256C/61-70970-0018_generated.wav,4.6,1.384158,1.380636,0.300904,0.300138,2.416014,0.939912,0.255299
H1_256C_baseline,61-70970-0019.wav,generated_audios/generated_H1_256C/61-70970-0019_generated.wav,3.78,1.137273,1.133638,0.300866,0.299904,2.796789,0.954966,0.245849
H1_256C_baseline,61-70970-0020.wav,generated_audios/generated_H1_256C/61-70970-0020_generated.wav,5.025034,0.391055,0.387497,0.077821,0.077113,2.47249,0.939535,0.249994
H1_256C_baseline,61-70970-0021.wav,generated_audios/generated_H1_256C/61-70970-0021_generated.wav,5.405034,1.615352,1.611755,0.298861,0.298195,2.511372,0.947793,0.251773
H1_256C_baseline,61-70970-0022.wav,generated_audios/generated_H1_256C/61-70970-0022_generated.wav,3.970023,0.300434,0.296914,0.075676,0.074789,2.384889,0.934292,0.26054
H1_256C_baseline,61-70970-0023.wav,generated_audios/generated_H1_256C/61-70970-0023_generated.wav,3.705034,0.277142,0.273761,0.074801,0.073889,2.594081,0.960776,0.254368
H1_256C_baseline,61-70970-0024.wav,generated_audios/generated_H1_256C/61-70970-0024_generated.wav,7.235011,2.200371,2.196649,0.304128,0.303614,2.352069,0.951121,0.255729
H1_256C_baseline,61-70970-0025.wav,generated_audios/generated_H1_256C/61-70970-0025_generated.wav,7.435011,2.266974,2.263094,0.304905,0.304383,2.837971,0.963301,0.242336
H1_256C_baseline,61-70970-0026.wav,generated_audios/generated_H1_256C/61-70970-0026_generated.wav,5.475011,0.432486,0.428646,0.078993,0.078291,2.675013,0.949418,0.250517
H1_256C_baseline,61-70970-0027.wav,generated_audios/generated_H1_256C/61-70970-0027_generated.wav,5.08,0.396461,0.392923,0.078043,0.077347,2.337644,0.936268,0.254127
H1_256C_baseline,61-70970-0028.wav,generated_audios/generated_H1_256C/61-70970-0028_generated.wav,6.550023,0.516284,0.512473,0.078822,0.07824,2.811731,0.955184,0.24359
H1_256C_baseline,61-70970-0029.wav,generated_audios/generated_H1_256C/61-70970-0029_generated.wav,4.030023,0.318302,0.314801,0.078983,0.078114,2.941096,0.948183,0.246876
H1_256C_baseline,61-70970-0030.wav,generated_audios/generated_H1_256C/61-70970-0030_generated.wav,3.24,0.26177,0.258431,0.080793,0.079763,2.059658,0.928595,0.259483
H1_256C_baseline,61-70970-0031.wav,generated_audios/generated_H1_256C/61-70970-0031_generated.wav,5.135011,1.540881,1.537356,0.300074,0.299387,2.165816,0.947899,0.25632
H1_256C_baseline,61-70970-0032.wav,generated_audios/generated_H1_256C/61-70970-0032_generated.wav,3.135011,0.235181,0.231871,0.075018,0.073962,2.623515,0.947328,0.252656
H1_256C_baseline,61-70970-0033.wav,generated_audios/generated_H1_256C/61-70970-0033_generated.wav,3.42,1.016115,1.01274,0.29711,0.296123,2.146667,0.952051,0.259491
H1_256C_baseline,61-70970-0034.wav,generated_audios/generated_H1_256C/61-70970-0034_generated.wav,4.485034,0.348091,0.344632,0.077612,0.07684,2.309878,0.935143,0.250136
H1_256C_baseline,61-70970-0035.wav,generated_audios/generated_H1_256C/61-70970-0035_generated.wav,7.405034,0.580106,0.576166,0.078339,0.077807,2.384219,0.941184,0.254231
H1_256C_baseline,61-70970-0036.wav,generated_audios/generated_H1_256C/61-70970-0036_generated.wav,6.785034,0.531617,0.527805,0.078351,0.07779,2.206497,0.940236,0.25309
H1_256C_baseline,61-70970-0037.wav,generated_audios/generated_H1_256C/61-70970-0037_generated.wav,5.98,1.811189,1.807448,0.302874,0.302249,2.655468,0.941313,0.251872
H1_256C_baseline,61-70970-0038.wav,generated_audios/generated_H1_256C/61-70970-0038_generated.wav,10.4,3.192037,3.187741,0.306927,0.306514,2.410059,0.948052,0.251049
H1_256C_baseline,61-70970-0039.wav,generated_audios/generated_H1_256C/61-70970-0039_generated.wav,6.665034,0.530118,0.526269,0.079537,0.07896,2.294264,0.933575,0.251656
H1_256C_baseline,61-70970-0040.wav,generated_audios/generated_H1_256C/61-70970-0040_generated.wav,4.165034,0.32375,0.320215,0.07773,0.076882,2.560459,0.964091,0.247381
H1_256C_baseline,672-122797-0000.wav,generated_audios/generated_H1_256C/672-122797-0000_generated.wav,4.070023,1.251446,1.247895,0.307479,0.306606,3.023678,0.964254,0.248159
H1_256C_baseline,672-122797-0001.wav,generated_audios/generated_H1_256C/672-122797-0001_generated.wav,15.130023,4.664853,4.659821,0.308318,0.307985,3.156923,0.962257,0.251192
H1_256C_baseline,672-122797-0002.wav,generated_audios/generated_H1_256C/672-122797-0002_generated.wav,13.62,4.177753,4.173113,0.306737,0.306396,2.854613,0.960277,0.24892
H1_256C_baseline,672-122797-0003.wav,generated_audios/generated_H1_256C/672-122797-0003_generated.wav,4.76,1.482813,1.479168,0.311515,0.31075,3.034342,0.946758,0.249348
H1_256C_baseline,672-122797-0004.wav,generated_audios/generated_H1_256C/672-122797-0004_generated.wav,10.250023,3.118734,3.114576,0.304266,0.30386,2.936187,0.948248,0.254022
H1_256C_baseline,672-122797-0005.wav,generated_audios/generated_H1_256C/672-122797-0005_generated.wav,3.26,1.031267,1.027806,0.31634,0.315278,2.814944,0.912119,0.250783
H1_256C_baseline,672-122797-0006.wav,generated_audios/generated_H1_256C/672-122797-0006_generated.wav,13.950023,4.342373,4.337781,0.311281,0.310952,2.483593,0.888694,0.285338
H1_256C_baseline,672-122797-0007.wav,generated_audios/generated_H1_256C/672-122797-0007_generated.wav,6.42,1.96462,1.960912,0.306016,0.305438,3.235666,0.925064,0.250485
H1_256C_baseline,672-122797-0008.wav,generated_audios/generated_H1_256C/672-122797-0008_generated.wav,30.810023,9.875331,9.869341,0.320523,0.320329,3.056739,0.925821,0.256439
H1_256C_baseline,672-122797-0009.wav,generated_audios/generated_H1_256C/672-122797-0009_generated.wav,2.765034,0.216247,0.212793,0.078208,0.076959,2.326309,0.885786,0.300903
H1_256C_baseline,672-122797-0010.wav,generated_audios/generated_H1_256C/672-122797-0010_generated.wav,3.815011,0.291949,0.288449,0.076526,0.075609,2.606151,0.935678,0.269233
H1_256C_baseline,672-122797-0011.wav,generated_audios/generated_H1_256C/672-122797-0011_generated.wav,2.54,0.823223,0.819986,0.324104,0.322829,2.53164,0.927875,0.307582
H1_256C_baseline,672-122797-0012.wav,generated_audios/generated_H1_256C/672-122797-0012_generated.wav,7.765034,2.449204,2.445356,0.315414,0.314919,2.467168,0.92915,0.273654
H1_256C_baseline,672-122797-0013.wav,generated_audios/generated_H1_256C/672-122797-0013_generated.wav,8.705034,2.661263,2.657086,0.305715,0.305236,2.805375,0.908302,0.266773
H1_256C_baseline,672-122797-0014.wav,generated_audios/generated_H1_256C/672-122797-0014_generated.wav,2.555011,0.205065,0.201809,0.08026,0.078986,2.835397,0.938712,0.278709
H1_256C_baseline,672-122797-0015.wav,generated_audios/generated_H1_256C/672-122797-0015_generated.wav,4.455011,0.349676,0.346161,0.078491,0.077702,2.589217,0.917461,0.296642
H1_256C_baseline,672-122797-0016.wav,generated_audios/generated_H1_256C/672-122797-0016_generated.wav,9.215011,2.823274,2.818861,0.306378,0.305899,2.821164,0.915359,0.271957
H1_256C_baseline,672-122797-0017.wav,generated_audios/generated_H1_256C/672-122797-0017_generated.wav,4.82,1.477368,1.473788,0.306508,0.305765,2.696083,0.922716,0.285428
H1_256C_baseline,672-122797-0018.wav,generated_audios/generated_H1_256C/672-122797-0018_generated.wav,4.930023,1.504221,1.500806,0.305114,0.304422,2.546973,0.931545,0.263386
H1_256C_baseline,672-122797-0019.wav,generated_audios/generated_H1_256C/672-122797-0019_generated.wav,4.110023,1.225345,1.221765,0.298136,0.297265,3.170904,0.933045,0.267162
H1_256C_baseline,672-122797-0020.wav,generated_audios/generated_H1_256C/672-122797-0020_generated.wav,8.825034,2.693824,2.689649,0.305248,0.304775,2.977615,0.921137,0.252906
H1_256C_baseline,672-122797-0021.wav,generated_audios/generated_H1_256C/672-122797-0021_generated.wav,4.150023,0.335451,0.331868,0.080831,0.079968,2.644069,0.960394,0.251353
H1_256C_baseline,672-122797-0022.wav,generated_audios/generated_H1_256C/672-122797-0022_generated.wav,19.004943,5.909829,5.904436,0.310963,0.310679,2.868613,0.920786,0.249773
H1_256C_baseline,672-122797-0023.wav,generated_audios/generated_H1_256C/672-122797-0023_generated.wav,9.695102,2.972039,2.967827,0.306551,0.306116,2.803743,0.938416,0.253545
H1_256C_baseline,672-122797-0024.wav,generated_audios/generated_H1_256C/672-122797-0024_generated.wav,4.130023,1.248987,1.245528,0.302417,0.301579,2.753173,0.907425,0.248132
H1_256C_baseline,672-122797-0025.wav,generated_audios/generated_H1_256C/672-122797-0025_generated.wav,10.690023,3.269007,3.264691,0.3058,0.305396,3.171599,0.960237,0.25366
H1_256C_baseline,672-122797-0026.wav,generated_audios/generated_H1_256C/672-122797-0026_generated.wav,13.96,4.579127,4.574083,0.328018,0.327656,2.889339,0.934716,0.254123
H1_256C_baseline,672-122797-0027.wav,generated_audios/generated_H1_256C/672-122797-0027_generated.wav,4.790023,1.109037,1.041051,0.231531,0.217337,2.890568,0.913254,0.244707
H1_256C_baseline,672-122797-0028.wav,generated_audios/generated_H1_256C/672-122797-0028_generated.wav,2.610023,0.199344,0.196053,0.076376,0.075115,3.155295,0.950733,0.252461
H1_256C_baseline,672-122797-0029.wav,generated_audios/generated_H1_256C/672-122797-0029_generated.wav,3.050023,0.234128,0.231274,0.076763,0.075827,3.561108,0.965911,0.260558
H1_256C_baseline,672-122797-0030.wav,generated_audios/generated_H1_256C/672-122797-0030_generated.wav,4.575011,1.352046,1.348543,0.295529,0.294763,2.882137,0.949802,0.270785
H1_256C_baseline,672-122797-0031.wav,generated_audios/generated_H1_256C/672-122797-0031_generated.wav,3.98,0.300676,0.297398,0.075547,0.074723,3.488211,0.945796,0.265871
H1_256C_baseline,672-122797-0032.wav,generated_audios/generated_H1_256C/672-122797-0032_generated.wav,4.0,0.307363,0.304038,0.076841,0.076009,2.621491,0.919232,0.257744
H1_256C_baseline,672-122797-0033.wav,generated_audios/generated_H1_256C/672-122797-0033_generated.wav,1.285034,0.395436,0.392734,0.307724,0.305622,2.55234,0.863937,0.295672
H1_256C_baseline,672-122797-0034.wav,generated_audios/generated_H1_256C/672-122797-0034_generated.wav,5.110023,0.390112,0.386705,0.076342,0.075676,3.076909,0.961729,0.262491
H1_256C_baseline,672-122797-0035.wav,generated_audios/generated_H1_256C/672-122797-0035_generated.wav,2.9,0.222038,0.218788,0.076565,0.075444,3.300973,0.968011,0.258753
H1_256C_baseline,672-122797-0036.wav,generated_audios/generated_H1_256C/672-122797-0036_generated.wav,5.365034,0.4131,0.409418,0.076999,0.076312,2.49579,0.906143,0.286777
H1_256C_baseline,672-122797-0037.wav,generated_audios/generated_H1_256C/672-122797-0037_generated.wav,1.96,0.567863,0.564773,0.289726,0.288149,2.654234,0.914199,0.31965
H1_256C_baseline,672-122797-0038.wav,generated_audios/generated_H1_256C/672-122797-0038_generated.wav,8.8,2.677539,2.673432,0.304266,0.303799,2.797236,0.92751,0.256897
H1_256C_baseline,672-122797-0039.wav,generated_audios/generated_H1_256C/672-122797-0039_generated.wav,4.025034,1.199265,1.195671,0.297952,0.297058,2.823329,0.944273,0.26881
H1_256C_baseline,672-122797-0040.wav,generated_audios/generated_H1_256C/672-122797-0040_generated.wav,5.125034,0.400985,0.397278,0.07824,0.077517,2.892259,0.936041,0.251864
H1_256C_baseline,672-122797-0041.wav,generated_audios/generated_H1_256C/672-122797-0041_generated.wav,3.88,0.302331,0.298903,0.07792,0.077037,3.204525,0.948577,0.249022
H1_256C_baseline,672-122797-0042.wav,generated_audios/generated_H1_256C/672-122797-0042_generated.wav,15.310023,4.717646,4.713694,0.308141,0.307883,2.909169,0.864796,0.248369
H1_256C_baseline,672-122797-0043.wav,generated_audios/generated_H1_256C/672-122797-0043_generated.wav,3.78,0.288678,0.285185,0.07637,0.075446,3.101147,0.900824,0.274229
H1_256C_baseline,672-122797-0044.wav,generated_audios/generated_H1_256C/672-122797-0044_generated.wav,3.74,0.282332,0.278994,0.07549,0.074597,3.093442,0.928621,0.261028
H1_256C_baseline,672-122797-0045.wav,generated_audios/generated_H1_256C/672-122797-0045_generated.wav,13.96,1.135942,1.131506,0.081371,0.081053,2.959538,0.957356,0.252118
H1_256C_baseline,672-122797-0046.wav,generated_audios/generated_H1_256C/672-122797-0046_generated.wav,4.715011,1.412913,1.409469,0.299663,0.298932,2.925805,0.937889,0.270775
H1_256C_baseline,672-122797-0047.wav,generated_audios/generated_H1_256C/672-122797-0047_generated.wav,3.325034,0.982623,0.979352,0.295523,0.294539,2.817461,0.905312,0.29362
H1_256C_baseline,672-122797-0048.wav,generated_audios/generated_H1_256C/672-122797-0048_generated.wav,6.555011,0.515904,0.51224,0.078704,0.078145,2.983245,0.888166,0.262884
H1_256C_baseline,672-122797-0049.wav,generated_audios/generated_H1_256C/672-122797-0049_generated.wav,2.02,0.158177,0.155017,0.078305,0.076741,2.49445,0.879773,0.262652
H1_256C_baseline,672-122797-0050.wav,generated_audios/generated_H1_256C/672-122797-0050_generated.wav,4.855011,1.499021,1.495502,0.308758,0.308033,2.842976,0.937584,0.247834
H1_256C_baseline,672-122797-0051.wav,generated_audios/generated_H1_256C/672-122797-0051_generated.wav,4.665034,1.431385,1.428009,0.306833,0.306109,2.706979,0.919982,0.267726
H1_256C_baseline,672-122797-0052.wav,generated_audios/generated_H1_256C/672-122797-0052_generated.wav,4.285034,1.279043,1.275553,0.298491,0.297676,2.610889,0.921755,0.282927
H1_256C_baseline,672-122797-0053.wav,generated_audios/generated_H1_256C/672-122797-0053_generated.wav,2.955011,0.234874,0.23166,0.079483,0.078396,2.570717,0.925095,0.254043
H1_256C_baseline,672-122797-0054.wav,generated_audios/generated_H1_256C/672-122797-0054_generated.wav,4.250023,0.330191,0.327078,0.077692,0.076959,2.812798,0.903058,0.261292
H1_256C_baseline,672-122797-0055.wav,generated_audios/generated_H1_256C/672-122797-0055_generated.wav,8.230023,2.52264,2.518773,0.306517,0.306047,3.13641,0.922453,0.248311
H1_256C_baseline,672-122797-0056.wav,generated_audios/generated_H1_256C/672-122797-0056_generated.wav,5.225034,0.4097,0.40608,0.078411,0.077718,3.099625,0.95378,0.25686
H1_256C_baseline,672-122797-0057.wav,generated_audios/generated_H1_256C/672-122797-0057_generated.wav,6.56,0.513018,0.509292,0.078204,0.077636,3.020081,0.896445,0.267233
H1_256C_baseline,672-122797-0058.wav,generated_audios/generated_H1_256C/672-122797-0058_generated.wav,4.470023,1.396252,1.392707,0.312359,0.311566,2.699247,0.900874,0.273532
H1_256C_baseline,672-122797-0059.wav,generated_audios/generated_H1_256C/672-122797-0059_generated.wav,3.52,1.07172,1.068296,0.304466,0.303493,2.827905,0.936149,0.257343
H1_256C_baseline,672-122797-0060.wav,generated_audios/generated_H1_256C/672-122797-0060_generated.wav,3.350023,0.26521,0.261711,0.079167,0.078122,3.2767,0.966537,0.255513
H1_256C_baseline,672-122797-0061.wav,generated_audios/generated_H1_256C/672-122797-0061_generated.wav,7.590023,2.303682,2.299833,0.303515,0.303007,3.05623,0.938351,0.281699
H1_256C_baseline,672-122797-0062.wav,generated_audios/generated_H1_256C/672-122797-0062_generated.wav,2.675011,0.813985,0.810524,0.304292,0.302999,2.774501,0.869558,0.258382
H1_256C_baseline,672-122797-0063.wav,generated_audios/generated_H1_256C/672-122797-0063_generated.wav,5.075011,0.397614,0.39406,0.078347,0.077647,3.11041,0.946325,0.263355
H1_256C_baseline,672-122797-0064.wav,generated_audios/generated_H1_256C/672-122797-0064_generated.wav,15.270023,4.742033,4.737258,0.310545,0.310233,2.745098,0.918104,0.263893
H1_256C_baseline,672-122797-0065.wav,generated_audios/generated_H1_256C/672-122797-0065_generated.wav,3.030023,0.24746,0.244232,0.081669,0.080604,2.365311,0.90175,0.26925
H1_256C_baseline,672-122797-0066.wav,generated_audios/generated_H1_256C/672-122797-0066_generated.wav,4.815011,0.368173,0.364711,0.076463,0.075745,2.931474,0.963879,0.250185
H1_256C_baseline,672-122797-0067.wav,generated_audios/generated_H1_256C/672-122797-0067_generated.wav,13.035011,4.00622,4.001449,0.307343,0.306977,3.108538,0.957647,0.252567
H1_256C_baseline,672-122797-0068.wav,generated_audios/generated_H1_256C/672-122797-0068_generated.wav,4.02,0.314136,0.310895,0.078143,0.077337,3.284961,0.929271,0.241542
H1_256C_baseline,672-122797-0069.wav,generated_audios/generated_H1_256C/672-122797-0069_generated.wav,5.010023,1.544558,1.54092,0.308294,0.307567,2.910025,0.908046,0.252035
H1_256C_baseline,672-122797-0070.wav,generated_audios/generated_H1_256C/672-122797-0070_generated.wav,6.270023,1.940282,1.936497,0.309454,0.30885,3.058887,0.96558,0.252934
H1_256C_baseline,672-122797-0071.wav,generated_audios/generated_H1_256C/672-122797-0071_generated.wav,8.875011,2.760073,2.756084,0.310994,0.310544,3.243787,0.967704,0.250825
H1_256C_baseline,672-122797-0072.wav,generated_audios/generated_H1_256C/672-122797-0072_generated.wav,7.94,2.418314,2.414442,0.304574,0.304086,3.177382,0.924065,0.252444
H1_256C_baseline,672-122797-0073.wav,generated_audios/generated_H1_256C/672-122797-0073_generated.wav,8.205034,2.49136,2.487411,0.303638,0.303157,3.043837,0.951377,0.253173
H1_256C_baseline,672-122797-0074.wav,generated_audios/generated_H1_256C/672-122797-0074_generated.wav,8.730023,2.641912,2.637913,0.302624,0.302166,3.191091,0.860454,0.248693
H1_256C_baseline,908-157963-0000.wav,generated_audios/generated_H1_256C/908-157963-0000_generated.wav,12.62,3.850864,3.846521,0.30514,0.304796,2.742594,0.941247,0.264375
H1_256C_baseline,908-157963-0001.wav,generated_audios/generated_H1_256C/908-157963-0001_generated.wav,2.885034,0.886799,0.883474,0.307379,0.306227,2.579987,0.962176,0.265408
H1_256C_baseline,908-157963-0002.wav,generated_audios/generated_H1_256C/908-157963-0002_generated.wav,2.755011,0.794919,0.791646,0.288536,0.287348,2.759702,0.963096,0.261633
H1_256C_baseline,908-157963-0003.wav,generated_audios/generated_H1_256C/908-157963-0003_generated.wav,3.08,0.9226,0.919213,0.299546,0.298446,2.84403,0.968493,0.262822
H1_256C_baseline,908-157963-0004.wav,generated_audios/generated_H1_256C/908-157963-0004_generated.wav,13.990023,4.337944,4.333555,0.310074,0.30976,2.821966,0.939721,0.259945
H1_256C_baseline,908-157963-0005.wav,generated_audios/generated_H1_256C/908-157963-0005_generated.wav,7.035011,2.130355,2.126522,0.302822,0.302277,2.609419,0.940164,0.260294
H1_256C_baseline,908-157963-0006.wav,generated_audios/generated_H1_256C/908-157963-0006_generated.wav,8.110023,2.594325,2.526331,0.319891,0.311507,2.583268,0.940747,0.259854
H1_256C_baseline,908-157963-0007.wav,generated_audios/generated_H1_256C/908-157963-0007_generated.wav,32.770023,10.28015,10.272933,0.313706,0.313486,2.580705,0.944103,0.262946
H1_256C_baseline,908-157963-0008.wav,generated_audios/generated_H1_256C/908-157963-0008_generated.wav,19.950023,6.171518,6.165943,0.309349,0.309069,2.779289,0.946989,0.260411
H1_256C_baseline,908-157963-0009.wav,generated_audios/generated_H1_256C/908-157963-0009_generated.wav,4.06,1.217096,1.213594,0.299777,0.298915,2.478986,0.945219,0.26305
H1_256C_baseline,908-157963-0010.wav,generated_audios/generated_H1_256C/908-157963-0010_generated.wav,6.28,0.483887,0.480127,0.077052,0.076453,2.536507,0.910199,0.261898
H1_256C_baseline,908-157963-0011.wav,generated_audios/generated_H1_256C/908-157963-0011_generated.wav,10.395011,0.845278,0.841155,0.081316,0.080919,2.235776,0.935905,0.266432
H1_256C_baseline,908-157963-0012.wav,generated_audios/generated_H1_256C/908-157963-0012_generated.wav,10.090023,3.155255,3.138325,0.31271,0.311033,2.540207,0.916402,0.259856
H1_256C_baseline,908-157963-0013.wav,generated_audios/generated_H1_256C/908-157963-0013_generated.wav,4.315011,0.324477,0.32088,0.075197,0.074364,2.517756,0.951188,0.266291
H1_256C_baseline,908-157963-0014.wav,generated_audios/generated_H1_256C/908-157963-0014_generated.wav,4.52,0.343259,0.339815,0.075942,0.07518,2.841493,0.941306,0.264968
H1_256C_baseline,908-157963-0015.wav,generated_audios/generated_H1_256C/908-157963-0015_generated.wav,14.465034,4.439597,4.435235,0.306919,0.306618,2.790301,0.956033,0.259124
H1_256C_baseline,908-157963-0016.wav,generated_audios/generated_H1_256C/908-157963-0016_generated.wav,5.105034,0.466634,0.407463,0.091407,0.079816,2.870171,0.959056,0.258657
H1_256C_baseline,908-157963-0017.wav,generated_audios/generated_H1_256C/908-157963-0017_generated.wav,4.950023,1.475297,1.471862,0.298038,0.297344,2.913493,0.953975,0.266438
H1_256C_baseline,908-157963-0018.wav,generated_audios/generated_H1_256C/908-157963-0018_generated.wav,4.255011,0.327617,0.323919,0.076995,0.076126,2.820698,0.946655,0.261638
H1_256C_baseline,908-157963-0019.wav,generated_audios/generated_H1_256C/908-157963-0019_generated.wav,21.44,6.714575,6.708704,0.31318,0.312906,2.653554,0.945882,0.263869
H1_256C_baseline,908-157963-0020.wav,generated_audios/generated_H1_256C/908-157963-0020_generated.wav,9.8,3.029269,3.025241,0.309109,0.308698,2.567825,0.944045,0.262413
H1_256C_baseline,908-157963-0021.wav,generated_audios/generated_H1_256C/908-157963-0021_generated.wav,10.24,0.826431,0.82228,0.080706,0.080301,2.90741,0.95018,0.259887
H1_256C_baseline,908-157963-0022.wav,generated_audios/generated_H1_256C/908-157963-0022_generated.wav,4.610023,1.438511,1.435025,0.31204,0.311284,2.462009,0.94454,0.263746
H1_256C_baseline,908-157963-0023.wav,generated_audios/generated_H1_256C/908-157963-0023_generated.wav,9.625034,2.963105,2.958994,0.307854,0.307427,2.656895,0.9308,0.260315
H1_256C_baseline,908-157963-0024.wav,generated_audios/generated_H1_256C/908-157963-0024_generated.wav,3.44,1.040852,1.037155,0.302573,0.301499,2.434134,0.944302,0.260609
H1_256C_baseline,908-157963-0025.wav,generated_audios/generated_H1_256C/908-157963-0025_generated.wav,9.265034,2.835383,2.831189,0.30603,0.305578,2.532963,0.937947,0.261269
H1_256C_baseline,908-157963-0026.wav,generated_audios/generated_H1_256C/908-157963-0026_generated.wav,8.1,2.475241,2.470969,0.305585,0.305058,2.670361,0.940795,0.258571
H1_256C_baseline,908-157963-0027.wav,generated_audios/generated_H1_256C/908-157963-0027_generated.wav,5.225034,0.418257,0.41466,0.080049,0.07936,2.239618,0.900598,0.274379
H1_256C_baseline,908-157963-0028.wav,generated_audios/generated_H1_256C/908-157963-0028_generated.wav,4.955011,0.357606,0.353923,0.07217,0.071427,2.62536,0.959666,0.261177
H1_256C_baseline,908-157963-0029.wav,generated_audios/generated_H1_256C/908-157963-0029_generated.wav,3.630023,1.069637,1.066241,0.294664,0.293728,2.520469,0.969376,0.258061
H1_256C_baseline,908-157963-0030.wav,generated_audios/generated_H1_256C/908-157963-0030_generated.wav,4.52,0.33914,0.335667,0.075031,0.074263,2.891016,0.965014,0.265172
H1_256C_baseline,908-31957-0000.wav,generated_audios/generated_H1_256C/908-31957-0000_generated.wav,2.125034,0.618064,0.614853,0.290849,0.289338,2.975433,0.947234,0.263994
H1_256C_baseline,908-31957-0001.wav,generated_audios/generated_H1_256C/908-31957-0001_generated.wav,11.315011,3.458376,3.454003,0.305645,0.305258,2.506991,0.942402,0.267726
H1_256C_baseline,908-31957-0002.wav,generated_audios/generated_H1_256C/908-31957-0002_generated.wav,4.790023,0.380314,0.376717,0.079397,0.078646,2.461692,0.936734,0.266041
H1_256C_baseline,908-31957-0003.wav,generated_audios/generated_H1_256C/908-31957-0003_generated.wav,6.565034,0.518282,0.514536,0.078946,0.078375,2.571364,0.943716,0.268057
H1_256C_baseline,908-31957-0004.wav,generated_audios/generated_H1_256C/908-31957-0004_generated.wav,14.755011,4.550532,4.545899,0.308406,0.308092,2.734438,0.954035,0.265743
H1_256C_baseline,908-31957-0005.wav,generated_audios/generated_H1_256C/908-31957-0005_generated.wav,4.490023,0.346741,0.342997,0.077225,0.076391,2.833044,0.942041,0.262285
H1_256C_baseline,908-31957-0006.wav,generated_audios/generated_H1_256C/908-31957-0006_generated.wav,5.890023,1.758515,1.754918,0.298558,0.297948,2.951188,0.94771,0.264962
H1_256C_baseline,908-31957-0007.wav,generated_audios/generated_H1_256C/908-31957-0007_generated.wav,5.8,0.460011,0.456336,0.079312,0.078679,2.499499,0.956842,0.26641
H1_256C_baseline,908-31957-0008.wav,generated_audios/generated_H1_256C/908-31957-0008_generated.wav,10.005034,3.036587,3.032574,0.303506,0.303105,2.622968,0.946779,0.266815
H1_256C_baseline,908-31957-0009.wav,generated_audios/generated_H1_256C/908-31957-0009_generated.wav,7.705034,2.333803,2.329983,0.302893,0.302397,2.667017,0.947541,0.268759
H1_256C_baseline,908-31957-0010.wav,generated_audios/generated_H1_256C/908-31957-0010_generated.wav,2.510023,0.741194,0.738021,0.295294,0.29403,2.825498,0.909777,0.251819
H1_256C_baseline,908-31957-0011.wav,generated_audios/generated_H1_256C/908-31957-0011_generated.wav,2.335011,0.189021,0.185748,0.080951,0.079549,2.692207,0.945067,0.255874
H1_256C_baseline,908-31957-0012.wav,generated_audios/generated_H1_256C/908-31957-0012_generated.wav,7.615011,2.292063,2.288087,0.300993,0.300471,2.797815,0.952413,0.263183
H1_256C_baseline,908-31957-0013.wav,generated_audios/generated_H1_256C/908-31957-0013_generated.wav,6.18,1.869777,1.86605,0.302553,0.30195,2.90398,0.939636,0.262579
H1_256C_baseline,908-31957-0014.wav,generated_audios/generated_H1_256C/908-31957-0014_generated.wav,7.56,2.281876,2.277968,0.301835,0.301319,2.369898,0.94281,0.259007
H1_256C_baseline,908-31957-0015.wav,generated_audios/generated_H1_256C/908-31957-0015_generated.wav,21.465034,6.691234,6.685096,0.311727,0.311441,2.669808,0.942495,0.258399
H1_256C_baseline,908-31957-0016.wav,generated_audios/generated_H1_256C/908-31957-0016_generated.wav,6.48,1.947115,1.943609,0.300481,0.29994,3.05943,0.951394,0.256575
H1_256C_baseline,908-31957-0017.wav,generated_audios/generated_H1_256C/908-31957-0017_generated.wav,7.795011,2.311818,2.307884,0.296577,0.296072,2.63532,0.952058,0.258605
H1_256C_baseline,908-31957-0018.wav,generated_audios/generated_H1_256C/908-31957-0018_generated.wav,3.915011,1.13479,1.131279,0.289856,0.288959,2.708711,0.940356,0.26213
H1_256C_baseline,908-31957-0019.wav,generated_audios/generated_H1_256C/908-31957-0019_generated.wav,9.54,2.924799,2.920763,0.306583,0.30616,2.880695,0.954662,0.259148
H1_256C_baseline,908-31957-0020.wav,generated_audios/generated_H1_256C/908-31957-0020_generated.wav,5.895011,0.433144,0.4296,0.073476,0.072875,2.964587,0.947929,0.265374
H1_256C_baseline,908-31957-0021.wav,generated_audios/generated_H1_256C/908-31957-0021_generated.wav,10.905034,3.28873,3.284755,0.301579,0.301215,2.758897,0.943007,0.26129
H1_256C_baseline,908-31957-0022.wav,generated_audios/generated_H1_256C/908-31957-0022_generated.wav,14.1,4.319958,4.315015,0.30638,0.306029,2.667638,0.946804,0.260296
H1_256C_baseline,908-31957-0023.wav,generated_audios/generated_H1_256C/908-31957-0023_generated.wav,8.515011,2.582599,2.578567,0.3033,0.302826,2.577748,0.947911,0.260663
H1_256C_baseline,908-31957-0024.wav,generated_audios/generated_H1_256C/908-31957-0024_generated.wav,7.54,2.281055,2.277001,0.302527,0.30199,2.867898,0.957245,0.255904
H1_256C_baseline,908-31957-0025.wav,generated_audios/generated_H1_256C/908-31957-0025_generated.wav,20.56,6.876208,6.871115,0.334446,0.334198,2.900425,0.947993,0.255034
H1_128C_baseline,1089-134686-0000.wav,generated_audios/generated_H1_128C/1089-134686-0000_generated.wav,10.435011,3.140371,3.131988,0.300946,0.300142,2.369136,0.952488,0.293455
H1_128C_baseline,1089-134686-0001.wav,generated_audios/generated_H1_128C/1089-134686-0001_generated.wav,3.275011,0.812009,0.80819,0.247941,0.246775,2.424839,0.947685,0.288332
H1_128C_baseline,1089-134686-0002.wav,generated_audios/generated_H1_128C/1089-134686-0002_generated.wav,6.625034,1.840257,1.83692,0.277773,0.27727,2.316923,0.945137,0.284759
H1_128C_baseline,1089-134686-0003.wav,generated_audios/generated_H1_128C/1089-134686-0003_generated.wav,2.68,0.695677,0.691937,0.259581,0.258186,2.935549,0.956219,0.310506
H1_128C_baseline,1089-134686-0004.wav,generated_audios/generated_H1_128C/1089-134686-0004_generated.wav,5.215102,1.396507,1.392753,0.267781,0.267062,2.606894,0.962805,0.301591
H1_128C_baseline,1089-134686-0005.wav,generated_audios/generated_H1_128C/1089-134686-0005_generated.wav,9.635011,2.591148,2.587407,0.26893,0.268542,2.293619,0.927595,0.298827
H1_128C_baseline,1089-134686-0006.wav,generated_audios/generated_H1_128C/1089-134686-0006_generated.wav,10.555011,2.886723,2.881888,0.273493,0.273035,2.728931,0.944054,0.28761
H1_128C_baseline,1089-134686-0007.wav,generated_audios/generated_H1_128C/1089-134686-0007_generated.wav,4.275011,1.116146,1.112505,0.261086,0.260234,2.507104,0.953211,0.294459
H1_128C_baseline,1089-134686-0008.wav,generated_audios/generated_H1_128C/1089-134686-0008_generated.wav,6.730023,1.693,1.689289,0.251559,0.251008,2.382735,0.948569,0.291314
H1_128C_baseline,1089-134686-0009.wav,generated_audios/generated_H1_128C/1089-134686-0009_generated.wav,10.575011,3.100721,3.096517,0.293212,0.292815,2.808983,0.963208,0.290035
H1_128C_baseline,1089-134686-0010.wav,generated_audios/generated_H1_128C/1089-134686-0010_generated.wav,4.405034,1.169252,1.165647,0.265435,0.264617,2.987305,0.959287,0.287346
H1_128C_baseline,1089-134686-0011.wav,generated_audios/generated_H1_128C/1089-134686-0011_generated.wav,12.445034,3.418216,3.413878,0.274665,0.274316,2.732396,0.948861,0.28795
H1_128C_baseline,1089-134686-0012.wav,generated_audios/generated_H1_128C/1089-134686-0012_generated.wav,11.64,3.252288,3.247823,0.279406,0.279023,2.570312,0.949168,0.295569
H1_128C_baseline,1089-134686-0013.wav,generated_audios/generated_H1_128C/1089-134686-0013_generated.wav,7.915011,1.951884,1.947625,0.246605,0.246067,2.39458,0.947585,0.292119
H1_128C_baseline,1089-134686-0014.wav,generated_audios/generated_H1_128C/1089-134686-0014_generated.wav,2.225034,0.574995,0.571675,0.258421,0.256929,2.607767,0.952613,0.294217
H1_128C_baseline,1089-134686-0015.wav,generated_audios/generated_H1_128C/1089-134686-0015_generated.wav,5.815011,1.534067,1.530799,0.263811,0.263249,2.715291,0.947347,0.295517
H1_128C_baseline,1089-134686-0016.wav,generated_audios/generated_H1_128C/1089-134686-0016_generated.wav,3.54,0.926183,0.923043,0.261634,0.260747,2.383081,0.946986,0.293416
H1_128C_baseline,1089-134686-0017.wav,generated_audios/generated_H1_128C/1089-134686-0017_generated.wav,8.870023,2.371308,2.367609,0.26734,0.266923,2.457372,0.947339,0.294581
H1_128C_baseline,1089-134686-0018.wav,generated_audios/generated_H1_128C/1089-134686-0018_generated.wav,15.72,4.556908,4.55152,0.28988,0.289537,1.872733,0.952257,0.290809
H1_128C_baseline,1089-134686-0019.wav,generated_audios/generated_H1_128C/1089-134686-0019_generated.wav,13.895011,4.043325,4.03913,0.290991,0.290689,2.712807,0.951801,0.29661
H1_128C_baseline,1089-134686-0020.wav,generated_audios/generated_H1_128C/1089-134686-0020_generated.wav,16.790023,4.609163,4.604334,0.274518,0.27423,2.5187,0.947151,0.293198
H1_128C_baseline,1089-134686-0021.wav,generated_audios/generated_H1_128C/1089-134686-0021_generated.wav,6.550023,1.654061,1.650319,0.252528,0.251956,2.57555,0.958827,0.285706
H1_128C_baseline,1089-134686-0022.wav,generated_audios/generated_H1_128C/1089-134686-0022_generated.wav,11.175011,3.004223,2.9998,0.268834,0.268438,2.553534,0.951626,0.290485
H1_128C_baseline,1089-134686-0023.wav,generated_audios/generated_H1_128C/1089-134686-0023_generated.wav,13.275011,3.651022,3.646712,0.27503,0.274705,2.654709,0.947364,0.292526
H1_128C_baseline,1089-134686-0024.wav,generated_audios/generated_H1_128C/1089-134686-0024_generated.wav,11.655011,3.407299,3.402692,0.292346,0.291951,2.414175,0.949037,0.291193
H1_128C_baseline,1089-134686-0025.wav,generated_audios/generated_H1_128C/1089-134686-0025_generated.wav,6.610023,1.766013,1.762137,0.267172,0.266586,2.122212,0.949849,0.295009
H1_128C_baseline,1089-134686-0026.wav,generated_audios/generated_H1_128C/1089-134686-0026_generated.wav,4.010023,0.997638,0.993989,0.248786,0.247876,2.970572,0.952329,0.285735
H1_128C_baseline,1089-134686-0027.wav,generated_audios/generated_H1_128C/1089-134686-0027_generated.wav,2.710023,0.711241,0.708064,0.262448,0.261276,2.646932,0.959443,0.290732
H1_128C_baseline,1089-134686-0028.wav,generated_audios/generated_H1_128C/1089-134686-0028_generated.wav,7.830023,2.074726,2.070918,0.264971,0.264484,2.710069,0.951088,0.298339
H1_128C_baseline,1089-134686-0029.wav,generated_audios/generated_H1_128C/1089-134686-0029_generated.wav,4.670023,1.182033,1.17863,0.253111,0.252382,2.715027,0.940791,0.302822
H1_128C_baseline,1089-134686-0030.wav,generated_audios/generated_H1_128C/1089-134686-0030_generated.wav,2.715011,0.091193,0.087845,0.033588,0.032355,1.786909,0.93006,0.311122
H1_128C_baseline,1089-134686-0031.wav,generated_audios/generated_H1_128C/1089-134686-0031_generated.wav,6.615011,0.199657,0.197278,0.030182,0.029823,2.571911,0.947677,0.286894
H1_128C_baseline,121-121726-0000.wav,generated_audios/generated_H1_128C/121-121726-0000_generated.wav,8.46,2.277435,2.273465,0.2692,0.268731,2.562555,0.950892,0.302953
H1_128C_baseline,121-121726-0001.wav,generated_audios/generated_H1_128C/121-121726-0001_generated.wav,5.925034,1.515802,1.51228,0.25583,0.255236,2.534914,0.94252,0.2579
H1_128C_baseline,121-121726-0002.wav,generated_audios/generated_H1_128C/121-121726-0002_generated.wav,4.410023,0.150076,0.146744,0.034031,0.033275,2.720882,0.938335,0.301071
H1_128C_baseline,121-121726-0003.wav,generated_audios/generated_H1_128C/121-121726-0003_generated.wav,6.755011,1.785867,1.782152,0.264377,0.263827,3.078472,0.961277,0.260066
H1_128C_baseline,121-121726-0004.wav,generated_audios/generated_H1_128C/121-121726-0004_generated.wav,4.02,1.057922,1.054268,0.263165,0.262256,2.749046,0.956928,0.26217
H1_128C_baseline,121-121726-0005.wav,generated_audios/generated_H1_128C/121-121726-0005_generated.wav,3.1,0.812724,0.809463,0.262169,0.261117,3.060043,0.974525,0.196546
H1_128C_baseline,121-121726-0006.wav,generated_audios/generated_H1_128C/121-121726-0006_generated.wav,3.895011,1.019616,1.016312,0.261775,0.260927,2.895989,0.950438,0.260875
H1_128C_baseline,121-121726-0007.wav,generated_audios/generated_H1_128C/121-121726-0007_generated.wav,6.730023,0.261172,0.257506,0.038807,0.038262,3.001165,0.964297,0.253382
H1_128C_baseline,121-121726-0008.wav,generated_audios/generated_H1_128C/121-121726-0008_generated.wav,4.990023,1.247286,1.243732,0.249956,0.249244,2.838704,0.969,0.232384
H1_128C_baseline,121-121726-0009.wav,generated_audios/generated_H1_128C/121-121726-0009_generated.wav,7.26,1.916955,1.913178,0.264043,0.263523,2.545215,0.952573,0.263762
H1_128C_baseline,121-121726-0010.wav,generated_audios/generated_H1_128C/121-121726-0010_generated.wav,9.810023,2.628237,2.624058,0.267913,0.267487,2.740871,0.956396,0.273176
H1_128C_baseline,121-121726-0011.wav,generated_audios/generated_H1_128C/121-121726-0011_generated.wav,4.035011,1.089244,1.085806,0.269948,0.269096,2.852535,0.964531,0.248407
H1_128C_baseline,121-121726-0012.wav,generated_audios/generated_H1_128C/121-121726-0012_generated.wav,4.045034,1.01663,1.013234,0.251328,0.250488,2.770085,0.961957,0.322078
H1_128C_baseline,121-121726-0013.wav,generated_audios/generated_H1_128C/121-121726-0013_generated.wav,2.490023,0.651132,0.647959,0.261496,0.260222,2.606553,0.957067,0.288878
H1_128C_baseline,121-121726-0014.wav,generated_audios/generated_H1_128C/121-121726-0014_generated.wav,3.165034,0.841855,0.838504,0.265986,0.264927,3.134018,0.968273,0.251387
H1_128C_baseline,121-123852-0000.wav,generated_audios/generated_H1_128C/121-123852-0000_generated.wav,17.695011,4.961087,4.956055,0.280366,0.280082,2.730613,0.950353,0.291646
H1_128C_baseline,121-123852-0001.wav,generated_audios/generated_H1_128C/121-123852-0001_generated.wav,1.870023,0.472918,0.469857,0.252894,0.251257,1.989917,0.824868,0.285867
H1_128C_baseline,121-123852-0002.wav,generated_audios/generated_H1_128C/121-123852-0002_generated.wav,17.285034,4.813542,4.808793,0.27848,0.278206,2.580786,0.939642,0.342211
H1_128C_baseline,121-123852-0003.wav,generated_audios/generated_H1_128C/121-123852-0003_generated.wav,23.505034,7.540437,7.53542,0.320801,0.320587,2.617236,0.934557,0.331129
H1_128C_baseline,121-123852-0004.wav,generated_audios/generated_H1_128C/121-123852-0004_generated.wav,16.290023,4.717283,4.712643,0.289581,0.289296,2.819924,0.95348,0.333347
H1_128C_baseline,121-123859-0000.wav,generated_audios/generated_H1_128C/121-123859-0000_generated.wav,17.390023,4.841532,4.836865,0.278409,0.27814,1.887819,0.927152,0.349366
H1_128C_baseline,121-123859-0001.wav,generated_audios/generated_H1_128C/121-123859-0001_generated.wav,25.395011,7.231716,7.226212,0.284769,0.284552,2.650841,0.942269,0.344552
H1_128C_baseline,121-123859-0002.wav,generated_audios/generated_H1_128C/121-123859-0002_generated.wav,30.04,8.915572,8.909306,0.29679,0.296581,2.608279,0.938187,0.337599
H1_128C_baseline,121-123859-0003.wav,generated_audios/generated_H1_128C/121-123859-0003_generated.wav,10.825034,2.934302,2.930462,0.271066,0.270712,2.841659,0.954215,0.307176
H1_128C_baseline,121-123859-0004.wav,generated_audios/generated_H1_128C/121-123859-0004_generated.wav,9.505034,2.535867,2.532066,0.266792,0.266392,2.106913,0.939471,0.333909
H1_128C_baseline,121-127105-0000.wav,generated_audios/generated_H1_128C/121-127105-0000_generated.wav,9.875011,2.681445,2.677423,0.271538,0.271131,2.405019,0.93747,0.30455
H1_128C_baseline,121-127105-0001.wav,generated_audios/generated_H1_128C/121-127105-0001_generated.wav,5.025034,1.271078,1.26795,0.252949,0.252327,2.365832,0.937581,0.330207
H1_128C_baseline,121-127105-0002.wav,generated_audios/generated_H1_128C/121-127105-0002_generated.wav,7.495011,1.886674,1.883193,0.251724,0.25126,2.250875,0.937212,0.329086
H1_128C_baseline,121-127105-0003.wav,generated_audios/generated_H1_128C/121-127105-0003_generated.wav,7.725034,2.066178,2.062463,0.267465,0.266984,2.468028,0.941945,0.307656
H1_128C_baseline,121-127105-0004.wav,generated_audios/generated_H1_128C/121-127105-0004_generated.wav,2.110023,0.55677,0.553409,0.263869,0.262276,1.702831,0.949805,0.259633
H1_128C_baseline,121-127105-0005.wav,generated_audios/generated_H1_128C/121-127105-0005_generated.wav,5.82,1.488274,1.484786,0.255717,0.255118,2.481261,0.948102,0.295614
H1_128C_baseline,121-127105-0006.wav,generated_audios/generated_H1_128C/121-127105-0006_generated.wav,4.725034,1.268405,1.265139,0.268444,0.267752,1.808185,0.937954,0.301139
H1_128C_baseline,121-127105-0007.wav,generated_audios/generated_H1_128C/121-127105-0007_generated.wav,5.790023,1.486185,1.482628,0.25668,0.256066,2.023476,0.940551,0.313033
H1_128C_baseline,121-127105-0008.wav,generated_audios/generated_H1_128C/121-127105-0008_generated.wav,2.76,0.727418,0.7242,0.263557,0.262391,2.319248,0.942871,0.316931
H1_128C_baseline,121-127105-0009.wav,generated_audios/generated_H1_128C/121-127105-0009_generated.wav,2.290023,0.614744,0.611602,0.268445,0.267072,2.162629,0.928202,0.345547
H1_128C_baseline,121-127105-0010.wav,generated_audios/generated_H1_128C/121-127105-0010_generated.wav,2.850023,0.755584,0.753739,0.265115,0.264468,2.720127,0.936909,0.315009
H1_128C_baseline,121-127105-0011.wav,generated_audios/generated_H1_128C/121-127105-0011_generated.wav,5.78,1.535476,1.532486,0.265653,0.265136,2.328945,0.918835,0.336235
H1_128C_baseline,121-127105-0012.wav,generated_audios/generated_H1_128C/121-127105-0012_generated.wav,4.830023,1.291053,1.287474,0.267297,0.266557,1.504936,0.926438,0.334853
H1_128C_baseline,121-127105-0013.wav,generated_audios/generated_H1_128C/121-127105-0013_generated.wav,5.895011,1.515289,1.511618,0.257046,0.256423,2.168388,0.932083,0.31876
H1_128C_baseline,121-127105-0014.wav,generated_audios/generated_H1_128C/121-127105-0014_generated.wav,2.255011,0.573846,0.570713,0.254476,0.253087,2.32649,0.902686,0.283706
H1_128C_baseline,121-127105-0015.wav,generated_audios/generated_H1_128C/121-127105-0015_generated.wav,2.96,0.786933,0.783959,0.265856,0.264851,2.130719,0.9277,0.32985
H1_128C_baseline,121-127105-0016.wav,generated_audios/generated_H1_128C/121-127105-0016_generated.wav,2.030023,0.523204,0.520252,0.257733,0.256279,2.479634,0.931296,0.328173
H1_128C_baseline,121-127105-0017.wav,generated_audios/generated_H1_128C/121-127105-0017_generated.wav,2.695011,0.801867,0.798859,0.297538,0.296422,2.223462,0.924887,0.349855
H1_128C_baseline,121-127105-0018.wav,generated_audios/generated_H1_128C/121-127105-0018_generated.wav,2.770023,0.742239,0.739094,0.267954,0.266819,2.429029,0.936642,0.320876
H1_128C_baseline,121-127105-0019.wav,generated_audios/generated_H1_128C/121-127105-0019_generated.wav,3.525034,0.908416,0.905138,0.257704,0.256774,2.100976,0.941133,0.306456
H1_128C_baseline,121-127105-0020.wav,generated_audios/generated_H1_128C/121-127105-0020_generated.wav,14.355011,4.077846,4.073371,0.284071,0.28376,2.373987,0.935692,0.331338
H1_128C_baseline,121-127105-0021.wav,generated_audios/generated_H1_128C/121-127105-0021_generated.wav,2.0,0.508346,0.50571,0.254173,0.252855,2.27029,0.941242,0.329108
H1_128C_baseline,121-127105-0022.wav,generated_audios/generated_H1_128C/121-127105-0022_generated.wav,5.075011,1.347113,1.344984,0.26544,0.265021,2.277733,0.936303,0.303057
H1_128C_baseline,121-127105-0023.wav,generated_audios/generated_H1_128C/121-127105-0023_generated.wav,10.910023,2.822733,2.818534,0.258728,0.258344,2.524301,0.939247,0.324999
H1_128C_baseline,121-127105-0024.wav,generated_audios/generated_H1_128C/121-127105-0024_generated.wav,14.450023,4.296782,4.292273,0.297355,0.297043,2.380939,0.941484,0.330215
H1_128C_baseline,121-127105-0025.wav,generated_audios/generated_H1_128C/121-127105-0025_generated.wav,16.065034,4.499603,4.49476,0.280087,0.279785,2.429043,0.938375,0.318297
H1_128C_baseline,121-127105-0026.wav,generated_audios/generated_H1_128C/121-127105-0026_generated.wav,7.530023,1.939958,1.936163,0.25763,0.257126,2.438119,0.943381,0.327854
H1_128C_baseline,121-127105-0027.wav,generated_audios/generated_H1_128C/121-127105-0027_generated.wav,13.870023,3.981283,3.977274,0.287042,0.286753,2.521066,0.943733,0.316285
H1_128C_baseline,121-127105-0028.wav,generated_audios/generated_H1_128C/121-127105-0028_generated.wav,6.750023,0.232308,0.229065,0.034416,0.033935,2.652097,0.944657,0.28634
H1_128C_baseline,121-127105-0029.wav,generated_audios/generated_H1_128C/121-127105-0029_generated.wav,7.310023,1.957392,1.953821,0.267768,0.26728,2.509874,0.939595,0.302501
H1_128C_baseline,121-127105-0030.wav,generated_audios/generated_H1_128C/121-127105-0030_generated.wav,2.175011,0.571131,0.568015,0.262588,0.261155,2.168305,0.93133,0.333077
H1_128C_baseline,121-127105-0031.wav,generated_audios/generated_H1_128C/121-127105-0031_generated.wav,10.765034,2.760987,2.75767,0.256477,0.256169,2.551886,0.910526,0.292497
H1_128C_baseline,121-127105-0032.wav,generated_audios/generated_H1_128C/121-127105-0032_generated.wav,3.170023,0.805339,0.802382,0.254048,0.253116,2.196492,0.944383,0.296605
H1_128C_baseline,121-127105-0033.wav,generated_audios/generated_H1_128C/121-127105-0033_generated.wav,2.355011,0.619247,0.615936,0.262949,0.261543,2.701415,0.950916,0.276869
H1_128C_baseline,121-127105-0034.wav,generated_audios/generated_H1_128C/121-127105-0034_generated.wav,7.410023,2.010916,2.007234,0.271378,0.270881,2.456881,0.9425,0.292962
H1_128C_baseline,121-127105-0035.wav,generated_audios/generated_H1_128C/121-127105-0035_generated.wav,14.150023,3.986777,3.98262,0.281751,0.281457,2.510602,0.933561,0.265369
H1_128C_baseline,121-127105-0036.wav,generated_audios/generated_H1_128C/121-127105-0036_generated.wav,4.150023,1.04718,1.043379,0.252331,0.251415,2.047337,0.918206,0.291123
H1_128C_baseline,237-126133-0000.wav,generated_audios/generated_H1_128C/237-126133-0000_generated.wav,13.290023,3.967704,3.963449,0.298548,0.298227,2.868103,0.959197,0.302502
H1_128C_baseline,237-126133-0001.wav,generated_audios/generated_H1_128C/237-126133-0001_generated.wav,11.965034,3.590051,3.585886,0.300045,0.299697,2.779516,0.952295,0.305607
H1_128C_baseline,237-126133-0002.wav,generated_audios/generated_H1_128C/237-126133-0002_generated.wav,8.92,2.329161,2.324414,0.261117,0.260585,2.640657,0.949556,0.316393
H1_128C_baseline,237-126133-0003.wav,generated_audios/generated_H1_128C/237-126133-0003_generated.wav,6.56,1.769579,1.76656,0.269753,0.269293,2.747864,0.944707,0.311394
H1_128C_baseline,237-126133-0004.wav,generated_audios/generated_H1_128C/237-126133-0004_generated.wav,3.295011,0.903413,0.900079,0.274176,0.273164,2.342209,0.942674,0.325965
H1_128C_baseline,237-126133-0005.wav,generated_audios/generated_H1_128C/237-126133-0005_generated.wav,6.510023,1.783485,1.779862,0.27396,0.273403,2.460023,0.942892,0.31116
H1_128C_baseline,237-126133-0006.wav,generated_audios/generated_H1_128C/237-126133-0006_generated.wav,6.150023,1.659562,1.655945,0.269846,0.269258,2.813702,0.950188,0.313475
H1_128C_baseline,237-126133-0007.wav,generated_audios/generated_H1_128C/237-126133-0007_generated.wav,8.68,2.281206,2.277783,0.262812,0.262417,2.323322,0.947084,0.327769
H1_128C_baseline,237-126133-0008.wav,generated_audios/generated_H1_128C/237-126133-0008_generated.wav,3.865034,1.047875,1.044344,0.271117,0.270203,2.952088,0.960369,0.298262
H1_128C_baseline,237-126133-0009.wav,generated_audios/generated_H1_128C/237-126133-0009_generated.wav,3.970023,1.070793,1.067375,0.26972,0.268859,2.533804,0.958669,0.321148
H1_128C_baseline,237-126133-0010.wav,generated_audios/generated_H1_128C/237-126133-0010_generated.wav,6.24,1.625058,1.621412,0.260426,0.259842,1.851415,0.902335,0.351057
H1_128C_baseline,237-126133-0011.wav,generated_audios/generated_H1_128C/237-126133-0011_generated.wav,6.710023,1.869201,1.86538,0.278569,0.277999,2.812695,0.958527,0.301802
H1_128C_baseline,237-126133-0012.wav,generated_audios/generated_H1_128C/237-126133-0012_generated.wav,4.450023,1.231828,1.228335,0.276814,0.276029,2.687002,0.949404,0.29621
H1_128C_baseline,237-126133-0013.wav,generated_audios/generated_H1_128C/237-126133-0013_generated.wav,6.815011,1.871732,1.868522,0.274648,0.274177,1.811083,0.906084,0.338834
H1_128C_baseline,237-126133-0014.wav,generated_audios/generated_H1_128C/237-126133-0014_generated.wav,6.790023,1.86752,1.864051,0.275039,0.274528,2.795626,0.953747,0.311317
H1_128C_baseline,237-126133-0015.wav,generated_audios/generated_H1_128C/237-126133-0015_generated.wav,9.34,2.448923,2.445324,0.262197,0.261812,2.721233,0.953836,0.30476
H1_128C_baseline,237-126133-0016.wav,generated_audios/generated_H1_128C/237-126133-0016_generated.wav,4.250023,1.109448,1.105818,0.261045,0.260191,2.566497,0.942549,0.322707
H1_128C_baseline,237-126133-0017.wav,generated_audios/generated_H1_128C/237-126133-0017_generated.wav,6.210023,1.637632,1.633962,0.263708,0.263117,3.077952,0.965741,0.294933
H1_128C_baseline,237-126133-0018.wav,generated_audios/generated_H1_128C/237-126133-0018_generated.wav,4.095011,1.124663,1.121105,0.274642,0.273773,2.595179,0.952989,0.294085
H1_128C_baseline,237-126133-0019.wav,generated_audios/generated_H1_128C/237-126133-0019_generated.wav,7.12,1.963964,1.960724,0.275838,0.275383,2.758131,0.953396,0.30502
H1_128C_baseline,237-126133-0020.wav,generated_audios/generated_H1_128C/237-126133-0020_generated.wav,2.24,0.573486,0.570524,0.256021,0.254698,2.561091,0.947819,0.309031
H1_128C_baseline,237-126133-0021.wav,generated_audios/generated_H1_128C/237-126133-0021_generated.wav,4.365034,1.13863,1.13571,0.260852,0.260183,2.676879,0.955711,0.306587
H1_128C_baseline,237-126133-0022.wav,generated_audios/generated_H1_128C/237-126133-0022_generated.wav,5.04,1.390863,1.387516,0.275965,0.275301,3.047344,0.9637,0.285876
H1_128C_baseline,237-126133-0023.wav,generated_audios/generated_H1_128C/237-126133-0023_generated.wav,6.675011,1.848677,1.845128,0.276955,0.276423,2.686276,0.960176,0.294228
H1_128C_baseline,237-126133-0024.wav,generated_audios/generated_H1_128C/237-126133-0024_generated.wav,9.665034,2.710543,2.706458,0.280448,0.280026,2.890878,0.956025,0.306792
H1_128C_baseline,237-126133-0025.wav,generated_audios/generated_H1_128C/237-126133-0025_generated.wav,3.755011,1.017108,1.014011,0.270867,0.270042,2.775537,0.954589,0.299374
H1_128C_baseline,237-134493-0000.wav,generated_audios/generated_H1_128C/237-134493-0000_generated.wav,4.105034,1.154272,1.150896,0.281185,0.280362,3.004903,0.957637,0.308572
H1_128C_baseline,237-134493-0001.wav,generated_audios/generated_H1_128C/237-134493-0001_generated.wav,7.38,2.003807,2.000008,0.271519,0.271004,3.238963,0.962217,0.295109
H1_128C_baseline,237-134493-0002.wav,generated_audios/generated_H1_128C/237-134493-0002_generated.wav,11.395011,3.293652,3.289578,0.289043,0.288686,2.920527,0.957199,0.301445
H1_128C_baseline,237-134493-0003.wav,generated_audios/generated_H1_128C/237-134493-0003_generated.wav,12.765034,3.843055,3.838508,0.301061,0.300705,2.790604,0.958907,0.29668
H1_128C_baseline,237-134493-0004.wav,generated_audios/generated_H1_128C/237-134493-0004_generated.wav,6.825034,1.898914,1.895464,0.278228,0.277722,2.504669,0.938075,0.315998
H1_128C_baseline,237-134493-0005.wav,generated_audios/generated_H1_128C/237-134493-0005_generated.wav,10.945034,2.915556,2.911164,0.266382,0.26598,2.565764,0.952021,0.307861
H1_128C_baseline,237-134493-0006.wav,generated_audios/generated_H1_128C/237-134493-0006_generated.wav,4.395011,1.154017,1.150527,0.262574,0.26178,2.72878,0.953669,0.311892
H1_128C_baseline,237-134493-0007.wav,generated_audios/generated_H1_128C/237-134493-0007_generated.wav,2.035011,0.537252,0.533536,0.264004,0.262179,2.707239,0.941802,0.310914
H1_128C_baseline,237-134493-0008.wav,generated_audios/generated_H1_128C/237-134493-0008_generated.wav,2.305034,0.598671,0.595481,0.259723,0.258339,2.862113,0.947236,0.295091
H1_128C_baseline,237-134493-0009.wav,generated_audios/generated_H1_128C/237-134493-0009_generated.wav,2.975011,0.821942,0.818798,0.276282,0.275225,2.605587,0.960347,0.308243
H1_128C_baseline,237-134493-0010.wav,generated_audios/generated_H1_128C/237-134493-0010_generated.wav,2.875011,0.786036,0.782851,0.273403,0.272295,2.767446,0.943037,0.302061
H1_128C_baseline,237-134493-0011.wav,generated_audios/generated_H1_128C/237-134493-0011_generated.wav,5.035011,1.400208,1.396986,0.278094,0.277454,2.551555,0.955768,0.315294
H1_128C_baseline,237-134493-0012.wav,generated_audios/generated_H1_128C/237-134493-0012_generated.wav,3.66,0.95093,0.94762,0.259817,0.258912,2.553834,0.948265,0.320983
H1_128C_baseline,237-134493-0013.wav,generated_audios/generated_H1_128C/237-134493-0013_generated.wav,4.090023,0.154083,0.151045,0.037673,0.03693,2.908418,0.950792,0.309586
H1_128C_baseline,237-134493-0014.wav,generated_audios/generated_H1_128C/237-134493-0014_generated.wav,3.7,0.98642,0.983285,0.2666,0.265753,2.753321,0.957494,0.310165
H1_128C_baseline,237-134493-0015.wav,generated_audios/generated_H1_128C/237-134493-0015_generated.wav,6.550023,0.246094,0.242537,0.037572,0.037028,2.437918,0.949151,0.312609
H1_128C_baseline,237-134493-0016.wav,generated_audios/generated_H1_128C/237-134493-0016_generated.wav,10.085034,2.865037,2.861261,0.284088,0.283714,2.759859,0.961442,0.300901
H1_128C_baseline,237-134493-0017.wav,generated_audios/generated_H1_128C/237-134493-0017_generated.wav,9.105034,2.577684,2.573448,0.283105,0.28264,3.047188,0.962252,0.296406
H1_128C_baseline,237-134493-0018.wav,generated_audios/generated_H1_128C/237-134493-0018_generated.wav,4.790023,1.325268,1.321803,0.276673,0.275949,2.88588,0.966105,0.302362
H1_128C_baseline,237-134500-0000.wav,generated_audios/generated_H1_128C/237-134500-0000_generated.wav,6.130023,1.689575,1.686228,0.275623,0.275077,2.912365,0.958392,0.299698
H1_128C_baseline,237-134500-0001.wav,generated_audios/generated_H1_128C/237-134500-0001_generated.wav,1.810023,0.469208,0.466272,0.259227,0.257606,2.218174,0.946606,0.301004
H1_128C_baseline,237-134500-0002.wav,generated_audios/generated_H1_128C/237-134500-0002_generated.wav,5.070023,1.417754,1.414234,0.279635,0.27894,2.848521,0.959545,0.293903
H1_128C_baseline,237-134500-0003.wav,generated_audios/generated_H1_128C/237-134500-0003_generated.wav,3.170023,0.125184,0.121824,0.03949,0.03843,2.409767,0.956316,0.30798
H1_128C_baseline,237-134500-0004.wav,generated_audios/generated_H1_128C/237-134500-0004_generated.wav,2.225034,0.09439,0.090978,0.042422,0.040888,2.878545,0.958253,0.287358
H1_128C_baseline,237-134500-0005.wav,generated_audios/generated_H1_128C/237-134500-0005_generated.wav,2.390023,0.646879,0.644051,0.270658,0.269475,2.429189,0.932496,0.335547
H1_128C_baseline,237-134500-0006.wav,generated_audios/generated_H1_128C/237-134500-0006_generated.wav,4.225034,1.126664,1.123251,0.266664,0.265856,2.512912,0.948681,0.323681
H1_128C_baseline,237-134500-0007.wav,generated_audios/generated_H1_128C/237-134500-0007_generated.wav,2.390023,0.083875,0.080874,0.035094,0.033838,2.532053,0.929987,0.332651
H1_128C_baseline,237-134500-0008.wav,generated_audios/generated_H1_128C/237-134500-0008_generated.wav,3.76,0.136952,0.133619,0.036423,0.035537,2.793026,0.941958,0.324222
H1_128C_baseline,237-134500-0009.wav,generated_audios/generated_H1_128C/237-134500-0009_generated.wav,2.22,0.078211,0.075234,0.03523,0.033889,2.577203,0.922208,0.328659
H1_128C_baseline,237-134500-0010.wav,generated_audios/generated_H1_128C/237-134500-0010_generated.wav,3.995011,1.121246,1.117879,0.280662,0.279819,2.237769,0.935316,0.334811
H1_128C_baseline,237-134500-0011.wav,generated_audios/generated_H1_128C/237-134500-0011_generated.wav,3.350023,0.901647,0.898663,0.269147,0.268256,2.302823,0.925042,0.335105
H1_128C_baseline,237-134500-0012.wav,generated_audios/generated_H1_128C/237-134500-0012_generated.wav,10.935011,3.230304,3.226332,0.295409,0.295046,2.589483,0.948421,0.310733
H1_128C_baseline,237-134500-0013.wav,generated_audios/generated_H1_128C/237-134500-0013_generated.wav,10.56,0.392291,0.388219,0.037149,0.036763,2.776265,0.960415,0.295093
H1_128C_baseline,237-134500-0014.wav,generated_audios/generated_H1_128C/237-134500-0014_generated.wav,4.250023,0.171465,0.168017,0.040344,0.039533,2.528569,0.951606,0.299735
H1_128C_baseline,237-134500-0015.wav,generated_audios/generated_H1_128C/237-134500-0015_generated.wav,10.815011,3.0825,3.078698,0.28502,0.284669,2.900026,0.961696,0.299735
H1_128C_baseline,237-134500-0016.wav,generated_audios/generated_H1_128C/237-134500-0016_generated.wav,3.16,0.122923,0.11959,0.0389,0.037845,2.115006,0.89444,0.344455
H1_128C_baseline,237-134500-0017.wav,generated_audios/generated_H1_128C/237-134500-0017_generated.wav,2.18,0.093736,0.090144,0.042998,0.041351,2.34208,0.950921,0.315286
H1_128C_baseline,237-134500-0018.wav,generated_audios/generated_H1_128C/237-134500-0018_generated.wav,12.845034,3.957985,3.95375,0.308133,0.307804,2.900708,0.96464,0.295255
H1_128C_baseline,237-134500-0019.wav,generated_audios/generated_H1_128C/237-134500-0019_generated.wav,2.86,0.765573,0.7622,0.267683,0.266503,1.764724,0.946725,0.299014
H1_128C_baseline,237-134500-0020.wav,generated_audios/generated_H1_128C/237-134500-0020_generated.wav,2.18,0.075571,0.072409,0.034665,0.033215,2.684958,0.970165,0.292039
H1_128C_baseline,237-134500-0021.wav,generated_audios/generated_H1_128C/237-134500-0021_generated.wav,5.12,1.354839,1.351321,0.264617,0.26393,2.04975,0.896366,0.342425
H1_128C_baseline,237-134500-0022.wav,generated_audios/generated_H1_128C/237-134500-0022_generated.wav,5.165034,1.394183,1.39073,0.269927,0.269259,2.355381,0.931133,0.338231
H1_128C_baseline,237-134500-0023.wav,generated_audios/generated_H1_128C/237-134500-0023_generated.wav,3.06,0.862185,0.858884,0.28176,0.280681,2.782946,0.952145,0.317373
H1_128C_baseline,237-134500-0024.wav,generated_audios/generated_H1_128C/237-134500-0024_generated.wav,4.410023,0.162887,0.159454,0.036936,0.036157,2.81856,0.96075,0.291005
H1_128C_baseline,237-134500-0025.wav,generated_audios/generated_H1_128C/237-134500-0025_generated.wav,1.630023,0.429821,0.426679,0.26369,0.261763,2.513026,0.919269,0.313749
H1_128C_baseline,237-134500-0026.wav,generated_audios/generated_H1_128C/237-134500-0026_generated.wav,3.050023,0.868332,0.864947,0.284697,0.283587,2.252542,0.936148,0.327682
H1_128C_baseline,237-134500-0027.wav,generated_audios/generated_H1_128C/237-134500-0027_generated.wav,3.270023,0.946715,0.943558,0.289513,0.288548,2.732464,0.947841,0.302904
H1_128C_baseline,237-134500-0028.wav,generated_audios/generated_H1_128C/237-134500-0028_generated.wav,4.524943,1.309141,1.305706,0.289316,0.288557,2.726549,0.94264,0.307408
H1_128C_baseline,237-134500-0029.wav,generated_audios/generated_H1_128C/237-134500-0029_generated.wav,2.065034,0.55308,0.549965,0.267831,0.266322,2.210788,0.949596,0.300587
H1_128C_baseline,237-134500-0030.wav,generated_audios/generated_H1_128C/237-134500-0030_generated.wav,2.78,0.802095,0.798868,0.288523,0.287363,2.519716,0.944417,0.33024
H1_128C_baseline,237-134500-0031.wav,generated_audios/generated_H1_128C/237-134500-0031_generated.wav,10.610023,3.068904,3.064862,0.289246,0.288865,2.862414,0.957562,0.296725
H1_128C_baseline,237-134500-0032.wav,generated_audios/generated_H1_128C/237-134500-0032_generated.wav,5.025034,0.17771,0.17469,0.035365,0.034764,2.723717,0.955457,0.304134
H1_128C_baseline,237-134500-0033.wav,generated_audios/generated_H1_128C/237-134500-0033_generated.wav,6.350023,1.743557,1.739885,0.274575,0.273997,2.570229,0.941505,0.307823
H1_128C_baseline,237-134500-0034.wav,generated_audios/generated_H1_128C/237-134500-0034_generated.wav,3.075011,0.831531,0.828543,0.270415,0.269444,3.053718,0.957035,0.286505
H1_128C_baseline,237-134500-0035.wav,generated_audios/generated_H1_128C/237-134500-0035_generated.wav,2.555011,0.72453,0.721238,0.283572,0.282284,2.683451,0.94963,0.318899
H1_128C_baseline,237-134500-0036.wav,generated_audios/generated_H1_128C/237-134500-0036_generated.wav,6.6,1.910919,1.907382,0.289533,0.288997,2.681998,0.958101,0.296722
H1_128C_baseline,237-134500-0037.wav,generated_audios/generated_H1_128C/237-134500-0037_generated.wav,7.105034,2.037036,2.033417,0.286703,0.286194,2.061246,0.911807,0.357701
H1_128C_baseline,237-134500-0038.wav,generated_audios/generated_H1_128C/237-134500-0038_generated.wav,2.435011,0.672654,0.669438,0.276242,0.274922,1.93006,0.905128,0.364066
H1_128C_baseline,237-134500-0039.wav,generated_audios/generated_H1_128C/237-134500-0039_generated.wav,4.630023,1.333381,1.330271,0.287986,0.287314,2.363422,0.935712,0.338763
H1_128C_baseline,237-134500-0040.wav,generated_audios/generated_H1_128C/237-134500-0040_generated.wav,4.030023,0.147991,0.144679,0.036722,0.0359,2.318673,0.941898,0.310768
H1_128C_baseline,237-134500-0041.wav,generated_audios/generated_H1_128C/237-134500-0041_generated.wav,8.92,0.343842,0.34003,0.038547,0.03812,2.878403,0.963152,0.294125
H1_128C_baseline,237-134500-0042.wav,generated_audios/generated_H1_128C/237-134500-0042_generated.wav,2.575011,0.709401,0.706135,0.275494,0.274226,2.338142,0.913355,0.350423
H1_128C_baseline,260-123286-0000.wav,generated_audios/generated_H1_128C/260-123286-0000_generated.wav,7.04,1.94272,1.939114,0.275955,0.275442,2.405489,0.941961,0.288422
H1_128C_baseline,260-123286-0001.wav,generated_audios/generated_H1_128C/260-123286-0001_generated.wav,3.070023,0.104463,0.101208,0.034027,0.032967,2.287279,0.951692,0.28393
H1_128C_baseline,260-123286-0002.wav,generated_audios/generated_H1_128C/260-123286-0002_generated.wav,9.985034,2.948026,2.943946,0.295244,0.294836,2.160797,0.942729,0.287513
H1_128C_baseline,260-123286-0003.wav,generated_audios/generated_H1_128C/260-123286-0003_generated.wav,7.370023,2.130107,2.12616,0.289023,0.288488,2.327631,0.929287,0.292452
H1_128C_baseline,260-123286-0004.wav,generated_audios/generated_H1_128C/260-123286-0004_generated.wav,3.465034,0.984144,0.980974,0.284021,0.283107,2.074332,0.93925,0.286687
H1_128C_baseline,260-123286-0005.wav,generated_audios/generated_H1_128C/260-123286-0005_generated.wav,4.810023,1.325811,1.32242,0.275635,0.27493,2.324888,0.937651,0.309698
H1_128C_baseline,260-123286-0006.wav,generated_audios/generated_H1_128C/260-123286-0006_generated.wav,7.405034,2.121723,2.118272,0.286524,0.286058,2.213516,0.946071,0.309291
H1_128C_baseline,260-123286-0007.wav,generated_audios/generated_H1_128C/260-123286-0007_generated.wav,4.550023,1.294629,1.291287,0.284532,0.283798,2.012609,0.946724,0.316402
H1_128C_baseline,260-123286-0008.wav,generated_audios/generated_H1_128C/260-123286-0008_generated.wav,3.735011,1.030362,1.026582,0.275866,0.274854,2.326128,0.938641,0.30477
H1_128C_baseline,260-123286-0009.wav,generated_audios/generated_H1_128C/260-123286-0009_generated.wav,5.795011,1.721581,1.718087,0.29708,0.296477,2.114179,0.93631,0.292243
H1_128C_baseline,260-123286-0010.wav,generated_audios/generated_H1_128C/260-123286-0010_generated.wav,2.575011,0.089971,0.086994,0.03494,0.033784,2.215116,0.947925,0.286341
H1_128C_baseline,260-123286-0011.wav,generated_audios/generated_H1_128C/260-123286-0011_generated.wav,4.255011,0.171241,0.168205,0.040245,0.039531,2.636033,0.937343,0.288255
H1_128C_baseline,260-123286-0012.wav,generated_audios/generated_H1_128C/260-123286-0012_generated.wav,2.430023,0.096515,0.093385,0.039718,0.038429,2.598641,0.95513,0.291892
H1_128C_baseline,260-123286-0013.wav,generated_audios/generated_H1_128C/260-123286-0013_generated.wav,4.730023,1.363959,1.360612,0.288362,0.287654,2.431554,0.935255,0.287341
H1_128C_baseline,260-123286-0014.wav,generated_audios/generated_H1_128C/260-123286-0014_generated.wav,2.98,0.117095,0.11394,0.039294,0.038235,1.834677,0.939165,0.252778
H1_128C_baseline,260-123286-0015.wav,generated_audios/generated_H1_128C/260-123286-0015_generated.wav,5.210023,1.498274,1.494993,0.287575,0.286946,2.039047,0.936926,0.303158
H1_128C_baseline,260-123286-0016.wav,generated_audios/generated_H1_128C/260-123286-0016_generated.wav,7.0,2.012913,2.009438,0.287559,0.287063,2.074335,0.942152,0.298595
H1_128C_baseline,260-123286-0017.wav,generated_audios/generated_H1_128C/260-123286-0017_generated.wav,3.975011,1.091963,1.088492,0.274707,0.273834,2.394199,0.932876,0.273692
H1_128C_baseline,260-123286-0018.wav,generated_audios/generated_H1_128C/260-123286-0018_generated.wav,5.670023,1.657657,1.653985,0.292355,0.291707,2.35817,0.941255,0.308392
H1_128C_baseline,260-123286-0019.wav,generated_audios/generated_H1_128C/260-123286-0019_generated.wav,11.905034,3.757119,3.752974,0.315591,0.315243,2.395567,0.94655,0.288496
H1_128C_baseline,260-123286-0020.wav,generated_audios/generated_H1_128C/260-123286-0020_generated.wav,3.06,0.124925,0.122115,0.040825,0.039907,2.477792,0.953596,0.216177
H1_128C_baseline,260-123286-0021.wav,generated_audios/generated_H1_128C/260-123286-0021_generated.wav,2.550023,0.719177,0.716295,0.282028,0.280898,2.504714,0.962434,0.296425
H1_128C_baseline,260-123286-0022.wav,generated_audios/generated_H1_128C/260-123286-0022_generated.wav,3.235011,0.928989,0.925679,0.287167,0.286144,2.091434,0.943052,0.279358
H1_128C_baseline,260-123286-0023.wav,generated_audios/generated_H1_128C/260-123286-0023_generated.wav,5.875011,1.721262,1.719102,0.29298,0.292612,2.321287,0.943872,0.309749
H1_128C_baseline,260-123286-0024.wav,generated_audios/generated_H1_128C/260-123286-0024_generated.wav,3.04,0.865374,0.862097,0.284662,0.283584,2.516253,0.940329,0.313807
H1_128C_baseline,260-123286-0025.wav,generated_audios/generated_H1_128C/260-123286-0025_generated.wav,9.205034,2.611531,2.607538,0.283707,0.283273,2.252615,0.935402,0.305617
H1_128C_baseline,260-123286-0026.wav,generated_audios/generated_H1_128C/260-123286-0026_generated.wav,6.94,1.981182,1.942403,0.285473,0.279885,2.305394,0.93771,0.309358
H1_128C_baseline,260-123286-0027.wav,generated_audios/generated_H1_128C/260-123286-0027_generated.wav,7.170023,2.144679,2.140674,0.299117,0.298559,2.225843,0.931989,0.305545
H1_128C_baseline,260-123286-0028.wav,generated_audios/generated_H1_128C/260-123286-0028_generated.wav,7.465034,2.123942,2.120168,0.284519,0.284013,2.06571,0.93153,0.302581
H1_128C_baseline,260-123286-0029.wav,generated_audios/generated_H1_128C/260-123286-0029_generated.wav,4.545034,0.15648,0.153006,0.034429,0.033664,2.177182,0.931799,0.293026
H1_128C_baseline,260-123286-0030.wav,generated_audios/generated_H1_128C/260-123286-0030_generated.wav,7.530023,0.271024,0.267267,0.035992,0.035493,2.422133,0.942888,0.310051
H1_128C_baseline,260-123286-0031.wav,generated_audios/generated_H1_128C/260-123286-0031_generated.wav,5.06,1.410528,1.407014,0.27876,0.278066,2.166445,0.947731,0.258736
H1_128C_baseline,260-123288-0000.wav,generated_audios/generated_H1_128C/260-123288-0000_generated.wav,3.04,0.100894,0.097468,0.033189,0.032062,2.45866,0.944379,0.285074
H1_128C_baseline,260-123288-0001.wav,generated_audios/generated_H1_128C/260-123288-0001_generated.wav,5.08,0.176948,0.173767,0.034832,0.034206,2.089644,0.94325,0.274674
H1_128C_baseline,260-123288-0002.wav,generated_audios/generated_H1_128C/260-123288-0002_generated.wav,7.250023,2.047268,2.043458,0.282381,0.281855,2.407436,0.937363,0.311145
H1_128C_baseline,260-123288-0003.wav,generated_audios/generated_H1_128C/260-123288-0003_generated.wav,8.905034,2.62594,2.622135,0.294883,0.294455,2.087619,0.943425,0.301065
H1_128C_baseline,260-123288-0004.wav,generated_audios/generated_H1_128C/260-123288-0004_generated.wav,4.310023,1.24961,1.246127,0.289931,0.289123,1.889392,0.932339,0.263757
H1_128C_baseline,260-123288-0005.wav,generated_audios/generated_H1_128C/260-123288-0005_generated.wav,12.550023,3.840941,3.836635,0.306051,0.305707,2.168508,0.932369,0.301289
H1_128C_baseline,260-123288-0006.wav,generated_audios/generated_H1_128C/260-123288-0006_generated.wav,4.88,1.381678,1.378175,0.283131,0.282413,2.341043,0.940178,0.270278
H1_128C_baseline,260-123288-0007.wav,generated_audios/generated_H1_128C/260-123288-0007_generated.wav,11.2,3.405562,3.401646,0.304068,0.303718,2.268451,0.935269,0.314209
H1_128C_baseline,260-123288-0008.wav,generated_audios/generated_H1_128C/260-123288-0008_generated.wav,5.515011,1.625112,1.621537,0.294671,0.294022,2.357485,0.941621,0.315613
H1_128C_baseline,260-123288-0009.wav,generated_audios/generated_H1_128C/260-123288-0009_generated.wav,3.435011,0.997822,0.994461,0.290486,0.289507,2.399495,0.938711,0.315368
H1_128C_baseline,260-123288-0010.wav,generated_audios/generated_H1_128C/260-123288-0010_generated.wav,9.995011,0.366357,0.362352,0.036654,0.036253,2.292063,0.934726,0.294842
H1_128C_baseline,260-123288-0011.wav,generated_audios/generated_H1_128C/260-123288-0011_generated.wav,8.98,2.716235,2.711863,0.302476,0.301989,2.415033,0.944195,0.289555
H1_128C_baseline,260-123288-0012.wav,generated_audios/generated_H1_128C/260-123288-0012_generated.wav,3.545034,1.032519,1.029203,0.291258,0.290322,2.024205,0.93425,0.307242
H1_128C_baseline,260-123288-0013.wav,generated_audios/generated_H1_128C/260-123288-0013_generated.wav,11.385079,3.677561,3.673457,0.323016,0.322655,2.323138,0.937155,0.30423
H1_128C_baseline,260-123288-0014.wav,generated_audios/generated_H1_128C/260-123288-0014_generated.wav,1.805034,0.079469,0.076199,0.044026,0.042215,2.409492,0.927605,0.29432
H1_128C_baseline,260-123288-0015.wav,generated_audios/generated_H1_128C/260-123288-0015_generated.wav,21.185034,6.545648,6.540705,0.308975,0.308742,2.336928,0.943884,0.299574
H1_128C_baseline,260-123288-0016.wav,generated_audios/generated_H1_128C/260-123288-0016_generated.wav,4.865034,1.45,1.446434,0.298045,0.297312,2.57328,0.933806,0.302115
H1_128C_baseline,260-123288-0017.wav,generated_audios/generated_H1_128C/260-123288-0017_generated.wav,5.225034,1.472901,1.469379,0.281893,0.281219,2.269072,0.950498,0.310339
H1_128C_baseline,260-123288-0018.wav,generated_audios/generated_H1_128C/260-123288-0018_generated.wav,3.245034,0.941189,0.937545,0.29004,0.288917,2.398624,0.948935,0.321
H1_128C_baseline,260-123288-0019.wav,generated_audios/generated_H1_128C/260-123288-0019_generated.wav,2.955011,0.112789,0.109549,0.038169,0.037072,2.062481,0.944916,0.270243
H1_128C_baseline,260-123288-0020.wav,generated_audios/generated_H1_128C/260-123288-0020_generated.wav,2.9,0.841786,0.838528,0.290271,0.289147,2.227666,0.944114,0.274173
H1_128C_baseline,260-123288-0021.wav,generated_audios/generated_H1_128C/260-123288-0021_generated.wav,2.710023,0.105017,0.101891,0.038751,0.037598,2.343381,0.933482,0.301816
H1_128C_baseline,260-123288-0022.wav,generated_audios/generated_H1_128C/260-123288-0022_generated.wav,3.705034,1.079095,1.075893,0.291251,0.290387,2.152257,0.931528,0.30022
H1_128C_baseline,260-123288-0023.wav,generated_audios/generated_H1_128C/260-123288-0023_generated.wav,2.385034,0.097699,0.094649,0.040963,0.039684,2.067316,0.926567,0.261885
H1_128C_baseline,260-123288-0024.wav,generated_audios/generated_H1_128C/260-123288-0024_generated.wav,14.595011,4.415223,4.410248,0.302516,0.302175,2.169202,0.940151,0.310332
H1_128C_baseline,260-123288-0025.wav,generated_audios/generated_H1_128C/260-123288-0025_generated.wav,13.445034,4.149528,4.144978,0.308629,0.308291,2.448452,0.94271,0.30071
H1_128C_baseline,260-123288-0026.wav,generated_audios/generated_H1_128C/260-123288-0026_generated.wav,16.04,5.236023,5.231492,0.326435,0.326153,2.34112,0.948499,0.31003
H1_128C_baseline,260-123288-0027.wav,generated_audios/generated_H1_128C/260-123288-0027_generated.wav,6.305034,1.801314,1.797366,0.285695,0.285068,2.364877,0.950448,0.29919
H1_128C_baseline,260-123288-0028.wav,generated_audios/generated_H1_128C/260-123288-0028_generated.wav,2.610023,0.764368,0.76108,0.292859,0.291599,2.428138,0.949306,0.283533
H1_128C_baseline,260-123440-0000.wav,generated_audios/generated_H1_128C/260-123440-0000_generated.wav,2.165034,0.60709,0.60395,0.280407,0.278957,1.805012,0.905947,0.326143
H1_128C_baseline,260-123440-0001.wav,generated_audios/generated_H1_128C/260-123440-0001_generated.wav,1.74,0.473329,0.470809,0.272028,0.27058,2.491281,0.912062,0.244909
H1_128C_baseline,260-123440-0002.wav,generated_audios/generated_H1_128C/260-123440-0002_generated.wav,14.715011,4.722141,4.716851,0.320906,0.320547,2.245095,0.934244,0.313141
H1_128C_baseline,260-123440-0003.wav,generated_audios/generated_H1_128C/260-123440-0003_generated.wav,3.585034,1.078486,1.075175,0.30083,0.299906,2.568274,0.957629,0.307028
H1_128C_baseline,260-123440-0004.wav,generated_audios/generated_H1_128C/260-123440-0004_generated.wav,12.02,3.671342,3.667329,0.305436,0.305102,2.195999,0.933775,0.310534
H1_128C_baseline,260-123440-0005.wav,generated_audios/generated_H1_128C/260-123440-0005_generated.wav,3.105034,0.121486,0.118033,0.039125,0.038013,2.118022,0.941055,0.328147
H1_128C_baseline,260-123440-0006.wav,generated_audios/generated_H1_128C/260-123440-0006_generated.wav,2.715011,0.089736,0.086626,0.033052,0.031906,2.091296,0.937166,0.329094
H1_128C_baseline,260-123440-0007.wav,generated_audios/generated_H1_128C/260-123440-0007_generated.wav,3.385034,1.004987,1.001522,0.296891,0.295868,1.831614,0.936614,0.324366
H1_128C_baseline,260-123440-0008.wav,generated_audios/generated_H1_128C/260-123440-0008_generated.wav,3.745034,1.127673,1.124604,0.301111,0.300292,2.424501,0.939161,0.321314
H1_128C_baseline,260-123440-0009.wav,generated_audios/generated_H1_128C/260-123440-0009_generated.wav,3.115011,0.93481,0.931617,0.300099,0.299073,2.532706,0.947873,0.311122
H1_128C_baseline,260-123440-0010.wav,generated_audios/generated_H1_128C/260-123440-0010_generated.wav,8.315011,2.561208,2.557158,0.308022,0.307535,2.304607,0.930443,0.328651
H1_128C_baseline,260-123440-0011.wav,generated_audios/generated_H1_128C/260-123440-0011_generated.wav,4.870023,0.173079,0.169026,0.03554,0.034708,2.410135,0.947646,0.32524
H1_128C_baseline,260-123440-0012.wav,generated_audios/generated_H1_128C/260-123440-0012_generated.wav,5.245034,1.560422,1.557001,0.297505,0.296852,2.199397,0.930954,0.346961
H1_128C_baseline,260-123440-0013.wav,generated_audios/generated_H1_128C/260-123440-0013_generated.wav,3.475011,1.02731,1.023895,0.295628,0.294645,2.366904,0.935664,0.336679
H1_128C_baseline,260-123440-0014.wav,generated_audios/generated_H1_128C/260-123440-0014_generated.wav,3.815011,1.150222,1.146821,0.301499,0.300607,2.370818,0.93808,0.339362
H1_128C_baseline,260-123440-0015.wav,generated_audios/generated_H1_128C/260-123440-0015_generated.wav,6.2,0.247676,0.244028,0.039948,0.039359,2.57997,0.946798,0.311535
H1_128C_baseline,260-123440-0016.wav,generated_audios/generated_H1_128C/260-123440-0016_generated.wav,4.895011,1.49309,1.489588,0.305023,0.304307,2.416191,0.961377,0.315485
H1_128C_baseline,260-123440-0017.wav,generated_audios/generated_H1_128C/260-123440-0017_generated.wav,3.070023,0.128197,0.124877,0.041758,0.040676,2.253572,0.938117,0.314019
H1_128C_baseline,260-123440-0018.wav,generated_audios/generated_H1_128C/260-123440-0018_generated.wav,3.64,1.107064,1.105053,0.304139,0.303586,2.455943,0.955702,0.30913
H1_128C_baseline,260-123440-0019.wav,generated_audios/generated_H1_128C/260-123440-0019_generated.wav,6.630023,2.040201,2.036533,0.307722,0.307168,2.277186,0.94128,0.310079
H1_128C_baseline,260-123440-0020.wav,generated_audios/generated_H1_128C/260-123440-0020_generated.wav,4.995011,1.509336,1.505888,0.302169,0.301478,2.36903,0.945036,0.310341
H1_128C_baseline,61-70968-0000.wav,generated_audios/generated_H1_128C/61-70968-0000_generated.wav,4.905034,1.48618,1.482772,0.302991,0.302296,2.233314,0.944974,0.301586
H1_128C_baseline,61-70968-0001.wav,generated_audios/generated_H1_128C/61-70968-0001_generated.wav,3.610023,1.086143,1.082729,0.300869,0.299923,1.844743,0.919298,0.292808
H1_128C_baseline,61-70968-0002.wav,generated_audios/generated_H1_128C/61-70968-0002_generated.wav,2.970023,0.878337,0.875065,0.295734,0.294632,2.028226,0.910159,0.302819
H1_128C_baseline,61-70968-0003.wav,generated_audios/generated_H1_128C/61-70968-0003_generated.wav,4.315011,0.169959,0.166431,0.039388,0.03857,2.422201,0.942579,0.307817
H1_128C_baseline,61-70968-0004.wav,generated_audios/generated_H1_128C/61-70968-0004_generated.wav,3.885034,1.184481,1.181188,0.304883,0.304035,2.376514,0.94274,0.310628
H1_128C_baseline,61-70968-0005.wav,generated_audios/generated_H1_128C/61-70968-0005_generated.wav,5.070023,0.178054,0.174695,0.035119,0.034456,2.198361,0.908537,0.302824
H1_128C_baseline,61-70968-0006.wav,generated_audios/generated_H1_128C/61-70968-0006_generated.wav,2.935011,0.836578,0.833337,0.285034,0.28393,2.401896,0.944544,0.300825
H1_128C_baseline,61-70968-0007.wav,generated_audios/generated_H1_128C/61-70968-0007_generated.wav,3.550023,0.139285,0.135509,0.039235,0.038171,1.929445,0.859935,0.307298
H1_128C_baseline,61-70968-0008.wav,generated_audios/generated_H1_128C/61-70968-0008_generated.wav,3.535011,0.14131,0.137815,0.039975,0.038986,1.771535,0.928265,0.307601
H1_128C_baseline,61-70968-0009.wav,generated_audios/generated_H1_128C/61-70968-0009_generated.wav,4.510023,1.363868,1.360307,0.302408,0.301619,2.042467,0.918118,0.299719
H1_128C_baseline,61-70968-0010.wav,generated_audios/generated_H1_128C/61-70968-0010_generated.wav,8.295011,2.417961,2.414006,0.291496,0.291019,2.247499,0.935985,0.299164
H1_128C_baseline,61-70968-0011.wav,generated_audios/generated_H1_128C/61-70968-0011_generated.wav,6.375011,1.863301,1.859748,0.292282,0.291725,2.182171,0.934991,0.295484
H1_128C_baseline,61-70968-0012.wav,generated_audios/generated_H1_128C/61-70968-0012_generated.wav,2.610023,0.103319,0.100176,0.039585,0.038381,2.781612,0.96294,0.306141
H1_128C_baseline,61-70968-0013.wav,generated_audios/generated_H1_128C/61-70968-0013_generated.wav,4.450023,0.159205,0.155761,0.035776,0.035002,2.53866,0.936605,0.290439
H1_128C_baseline,61-70968-0014.wav,generated_audios/generated_H1_128C/61-70968-0014_generated.wav,7.485034,2.280753,2.276944,0.304708,0.3042,2.422926,0.940523,0.296187
H1_128C_baseline,61-70968-0015.wav,generated_audios/generated_H1_128C/61-70968-0015_generated.wav,5.375011,1.549516,1.546065,0.288281,0.287639,2.492685,0.942969,0.30956
H1_128C_baseline,61-70968-0016.wav,generated_audios/generated_H1_128C/61-70968-0016_generated.wav,3.72,1.126228,1.122792,0.302749,0.301826,2.59577,0.954754,0.302437
H1_128C_baseline,61-70968-0017.wav,generated_audios/generated_H1_128C/61-70968-0017_generated.wav,5.110023,1.560316,1.55692,0.305344,0.30468,2.20403,0.941706,0.294032
H1_128C_baseline,61-70968-0018.wav,generated_audios/generated_H1_128C/61-70968-0018_generated.wav,2.405034,0.714367,0.711186,0.29703,0.295707,1.70418,0.946084,0.305337
H1_128C_baseline,61-70968-0019.wav,generated_audios/generated_H1_128C/61-70968-0019_generated.wav,5.475011,1.598752,1.595243,0.292009,0.291368,2.40813,0.940459,0.307156
H1_128C_baseline,61-70968-0020.wav,generated_audios/generated_H1_128C/61-70968-0020_generated.wav,5.105034,1.590144,1.58638,0.311485,0.310748,2.453256,0.933878,0.295606
H1_128C_baseline,61-70968-0021.wav,generated_audios/generated_H1_128C/61-70968-0021_generated.wav,2.690023,0.757271,0.754087,0.281511,0.280327,2.510508,0.917021,0.29481
H1_128C_baseline,61-70968-0022.wav,generated_audios/generated_H1_128C/61-70968-0022_generated.wav,4.670023,0.180932,0.177589,0.038743,0.038028,2.124346,0.920452,0.305312
H1_128C_baseline,61-70968-0023.wav,generated_audios/generated_H1_128C/61-70968-0023_generated.wav,5.025034,0.17708,0.173668,0.03524,0.034561,2.421519,0.951561,0.299062
H1_128C_baseline,61-70968-0024.wav,generated_audios/generated_H1_128C/61-70968-0024_generated.wav,6.025034,1.851335,1.847721,0.307274,0.306674,2.092253,0.922056,0.304407
H1_128C_baseline,61-70968-0025.wav,generated_audios/generated_H1_128C/61-70968-0025_generated.wav,4.410023,0.155355,0.151872,0.035228,0.034438,2.543669,0.931241,0.299069
H1_128C_baseline,61-70968-0026.wav,generated_audios/generated_H1_128C/61-70968-0026_generated.wav,4.92,1.41126,1.407772,0.286841,0.286133,2.504935,0.957843,0.29083
H1_128C_baseline,61-70968-0027.wav,generated_audios/generated_H1_128C/61-70968-0027_generated.wav,6.870023,1.995379,1.991683,0.290447,0.289909,2.460676,0.951869,0.2931
H1_128C_baseline,61-70968-0028.wav,generated_audios/generated_H1_128C/61-70968-0028_generated.wav,5.355011,1.658065,1.649035,0.309629,0.307942,2.504869,0.947878,0.289438
H1_128C_baseline,61-70968-0029.wav,generated_audios/generated_H1_128C/61-70968-0029_generated.wav,3.495011,1.048089,1.044731,0.299881,0.298921,2.227582,0.936398,0.298335
H1_128C_baseline,61-70968-0030.wav,generated_audios/generated_H1_128C/61-70968-0030_generated.wav,5.685034,1.665703,1.662561,0.292998,0.292445,2.488826,0.938754,0.294284
H1_128C_baseline,61-70968-0031.wav,generated_audios/generated_H1_128C/61-70968-0031_generated.wav,2.925034,0.894396,0.891343,0.305773,0.304729,2.288335,0.916578,0.291718
H1_128C_baseline,61-70968-0032.wav,generated_audios/generated_H1_128C/61-70968-0032_generated.wav,4.28,0.155798,0.152387,0.036401,0.035605,2.456102,0.943861,0.292996
H1_128C_baseline,61-70968-0033.wav,generated_audios/generated_H1_128C/61-70968-0033_generated.wav,5.685034,0.169456,0.165888,0.029807,0.02918,2.645303,0.959389,0.29279
H1_128C_baseline,61-70968-0034.wav,generated_audios/generated_H1_128C/61-70968-0034_generated.wav,4.230023,1.300498,1.297056,0.307445,0.306631,2.676848,0.943803,0.317146
H1_128C_baseline,61-70968-0035.wav,generated_audios/generated_H1_128C/61-70968-0035_generated.wav,7.950023,2.342032,2.338138,0.294594,0.294105,2.180437,0.943848,0.298383
H1_128C_baseline,61-70968-0036.wav,generated_audios/generated_H1_128C/61-70968-0036_generated.wav,2.934966,0.116482,0.113258,0.039688,0.038589,2.355641,0.928052,0.300274
H1_128C_baseline,61-70968-0037.wav,generated_audios/generated_H1_128C/61-70968-0037_generated.wav,4.315011,0.152602,0.149262,0.035365,0.034591,1.725836,0.901446,0.311473
H1_128C_baseline,61-70968-0038.wav,generated_audios/generated_H1_128C/61-70968-0038_generated.wav,2.050023,0.599743,0.596584,0.292554,0.291014,2.920308,0.894175,0.302731
H1_128C_baseline,61-70968-0039.wav,generated_audios/generated_H1_128C/61-70968-0039_generated.wav,3.805034,1.104879,1.1016,0.290373,0.289511,2.500017,0.923667,0.301705
H1_128C_baseline,61-70968-0040.wav,generated_audios/generated_H1_128C/61-70968-0040_generated.wav,3.950023,1.217443,1.214045,0.308212,0.307351,2.511298,0.940855,0.295065
H1_128C_baseline,61-70968-0041.wav,generated_audios/generated_H1_128C/61-70968-0041_generated.wav,6.825034,0.238709,0.234993,0.034976,0.034431,2.596736,0.922974,0.30404
H1_128C_baseline,61-70968-0042.wav,generated_audios/generated_H1_128C/61-70968-0042_generated.wav,2.785034,0.108087,0.104865,0.03881,0.037653,2.406642,0.936983,0.29807
H1_128C_baseline,61-70968-0043.wav,generated_audios/generated_H1_128C/61-70968-0043_generated.wav,6.735011,2.086214,2.082704,0.309757,0.309235,2.436545,0.913804,0.293219
H1_128C_baseline,61-70968-0044.wav,generated_audios/generated_H1_128C/61-70968-0044_generated.wav,2.770023,0.108176,0.104829,0.039052,0.037844,2.341205,0.903546,0.295829
H1_128C_baseline,61-70968-0045.wav,generated_audios/generated_H1_128C/61-70968-0045_generated.wav,3.475011,0.1279,0.124588,0.036806,0.035852,2.301427,0.898123,0.292588
H1_128C_baseline,61-70968-0046.wav,generated_audios/generated_H1_128C/61-70968-0046_generated.wav,3.550023,0.134386,0.131328,0.037855,0.036994,2.258777,0.947893,0.295488
H1_128C_baseline,61-70968-0047.wav,generated_audios/generated_H1_128C/61-70968-0047_generated.wav,4.775011,1.395109,1.391778,0.292169,0.291471,2.138136,0.941097,0.296311
H1_128C_baseline,61-70968-0048.wav,generated_audios/generated_H1_128C/61-70968-0048_generated.wav,3.02,0.924842,0.921496,0.306239,0.305131,1.811449,0.908694,0.300558
H1_128C_baseline,61-70968-0049.wav,generated_audios/generated_H1_128C/61-70968-0049_generated.wav,8.250023,2.565109,2.561309,0.310921,0.310461,2.360837,0.924251,0.298045
H1_128C_baseline,61-70968-0050.wav,generated_audios/generated_H1_128C/61-70968-0050_generated.wav,5.58,1.629125,1.625398,0.291958,0.29129,2.222166,0.928429,0.297807
H1_128C_baseline,61-70968-0051.wav,generated_audios/generated_H1_128C/61-70968-0051_generated.wav,3.135011,0.917296,0.914127,0.292597,0.291587,2.375895,0.908473,0.293652
H1_128C_baseline,61-70968-0052.wav,generated_audios/generated_H1_128C/61-70968-0052_generated.wav,2.650023,0.727556,0.724393,0.274547,0.273354,2.309022,0.949298,0.306057
H1_128C_baseline,61-70968-0053.wav,generated_audios/generated_H1_128C/61-70968-0053_generated.wav,4.22,0.173898,0.170468,0.041208,0.040395,1.504654,0.933891,0.296863
H1_128C_baseline,61-70968-0054.wav,generated_audios/generated_H1_128C/61-70968-0054_generated.wav,7.86,2.312545,2.308724,0.294217,0.293731,2.208807,0.942582,0.292794
H1_128C_baseline,61-70968-0055.wav,generated_audios/generated_H1_128C/61-70968-0055_generated.wav,3.965034,0.152067,0.148792,0.038352,0.037526,2.673601,0.930322,0.289906
H1_128C_baseline,61-70968-0056.wav,generated_audios/generated_H1_128C/61-70968-0056_generated.wav,3.565034,0.983254,0.979734,0.275805,0.274818,2.430183,0.948285,0.290415
H1_128C_baseline,61-70968-0057.wav,generated_audios/generated_H1_128C/61-70968-0057_generated.wav,5.065034,0.177664,0.174207,0.035077,0.034394,2.198881,0.916253,0.300827
H1_128C_baseline,61-70968-0058.wav,generated_audios/generated_H1_128C/61-70968-0058_generated.wav,1.82,0.471686,0.468748,0.259168,0.257554,2.113641,0.924952,0.296597
H1_128C_baseline,61-70968-0059.wav,generated_audios/generated_H1_128C/61-70968-0059_generated.wav,2.170023,0.089952,0.086689,0.041452,0.039948,2.79513,0.963117,0.307605
H1_128C_baseline,61-70968-0060.wav,generated_audios/generated_H1_128C/61-70968-0060_generated.wav,3.735011,0.150252,0.146929,0.040228,0.039338,2.417645,0.942156,0.300811
H1_128C_baseline,61-70968-0061.wav,generated_audios/generated_H1_128C/61-70968-0061_generated.wav,5.530023,1.65467,1.651112,0.299216,0.298572,2.136437,0.92985,0.304337
H1_128C_baseline,61-70968-0062.wav,generated_audios/generated_H1_128C/61-70968-0062_generated.wav,2.555011,0.103715,0.100463,0.040593,0.03932,2.392834,0.897854,0.29076
H1_128C_baseline,61-70970-0000.wav,generated_audios/generated_H1_128C/61-70970-0000_generated.wav,6.075011,1.883956,1.880627,0.310116,0.309568,2.165228,0.94787,0.302158
H1_128C_baseline,61-70970-0001.wav,generated_audios/generated_H1_128C/61-70970-0001_generated.wav,6.155011,1.899065,1.895094,0.30854,0.307894,2.251382,0.954637,0.298036
H1_128C_baseline,61-70970-0002.wav,generated_audios/generated_H1_128C/61-70970-0002_generated.wav,4.165034,1.284343,1.28073,0.308363,0.307496,2.460555,0.919238,0.297932
H1_128C_baseline,61-70970-0003.wav,generated_audios/generated_H1_128C/61-70970-0003_generated.wav,3.835011,1.142738,1.139234,0.297975,0.297061,2.452038,0.920395,0.284383
H1_128C_baseline,61-70970-0004.wav,generated_audios/generated_H1_128C/61-70970-0004_generated.wav,10.515011,3.229801,3.225701,0.307161,0.306771,2.423495,0.926273,0.289321
H1_128C_baseline,61-70970-0005.wav,generated_audios/generated_H1_128C/61-70970-0005_generated.wav,2.02,0.59691,0.593656,0.2955,0.293889,2.789862,0.919459,0.295814
H1_128C_baseline,61-70970-0006.wav,generated_audios/generated_H1_128C/61-70970-0006_generated.wav,2.335011,0.709665,0.706627,0.303924,0.302622,2.151658,0.944041,0.292895
H1_128C_baseline,61-70970-0007.wav,generated_audios/generated_H1_128C/61-70970-0007_generated.wav,4.485034,1.412177,1.408637,0.314864,0.314075,2.228282,0.931907,0.305712
H1_128C_baseline,61-70970-0008.wav,generated_audios/generated_H1_128C/61-70970-0008_generated.wav,2.150023,0.677486,0.674317,0.315107,0.313632,2.698526,0.916386,0.282712
H1_128C_baseline,61-70970-0009.wav,generated_audios/generated_H1_128C/61-70970-0009_generated.wav,3.405034,1.106578,1.103016,0.324983,0.323937,2.558248,0.941194,0.288341
H1_128C_baseline,61-70970-0010.wav,generated_audios/generated_H1_128C/61-70970-0010_generated.wav,3.045034,0.119291,0.116145,0.039176,0.038142,2.493418,0.927676,0.293419
H1_128C_baseline,61-70970-0011.wav,generated_audios/generated_H1_128C/61-70970-0011_generated.wav,6.075011,0.181265,0.177655,0.029838,0.029244,2.255777,0.90341,0.304497
H1_128C_baseline,61-70970-0012.wav,generated_audios/generated_H1_128C/61-70970-0012_generated.wav,3.135011,0.130256,0.127072,0.041549,0.040533,2.266084,0.943418,0.293232
H1_128C_baseline,61-70970-0013.wav,generated_audios/generated_H1_128C/61-70970-0013_generated.wav,4.350023,1.368125,1.364214,0.31451,0.313611,2.165351,0.947594,0.305123
H1_128C_baseline,61-70970-0014.wav,generated_audios/generated_H1_128C/61-70970-0014_generated.wav,3.405034,0.112612,0.109195,0.033072,0.032069,2.305275,0.952929,0.297289
H1_128C_baseline,61-70970-0015.wav,generated_audios/generated_H1_128C/61-70970-0015_generated.wav,8.415011,2.660873,2.656786,0.316206,0.31572,2.134434,0.949479,0.298894
H1_128C_baseline,61-70970-0016.wav,generated_audios/generated_H1_128C/61-70970-0016_generated.wav,4.370023,1.38563,1.382293,0.317076,0.316313,2.412753,0.953621,0.301033
H1_128C_baseline,61-70970-0017.wav,generated_audios/generated_H1_128C/61-70970-0017_generated.wav,2.550023,0.101418,0.098311,0.039772,0.038553,2.201245,0.915561,0.308389
H1_128C_baseline,61-70970-0018.wav,generated_audios/generated_H1_128C/61-70970-0018_generated.wav,4.6,1.350133,1.347257,0.293507,0.292882,2.245064,0.925215,0.304642
H1_128C_baseline,61-70970-0019.wav,generated_audios/generated_H1_128C/61-70970-0019_generated.wav,3.78,1.158136,1.154549,0.306385,0.305436,2.583629,0.948112,0.295659
H1_128C_baseline,61-70970-0020.wav,generated_audios/generated_H1_128C/61-70970-0020_generated.wav,5.025034,0.185901,0.182493,0.036995,0.036317,2.121044,0.920292,0.297298
H1_128C_baseline,61-70970-0021.wav,generated_audios/generated_H1_128C/61-70970-0021_generated.wav,5.405034,1.582055,1.578788,0.2927,0.292096,2.414245,0.936626,0.299232
H1_128C_baseline,61-70970-0022.wav,generated_audios/generated_H1_128C/61-70970-0022_generated.wav,3.970023,0.153501,0.15015,0.038665,0.037821,2.496756,0.930637,0.299988
H1_128C_baseline,61-70970-0023.wav,generated_audios/generated_H1_128C/61-70970-0023_generated.wav,3.705034,0.140487,0.136953,0.037918,0.036964,2.205019,0.946393,0.3049
H1_128C_baseline,61-70970-0024.wav,generated_audios/generated_H1_128C/61-70970-0024_generated.wav,7.235011,2.213647,2.209669,0.305963,0.305413,2.48068,0.950786,0.299907
H1_128C_baseline,61-70970-0025.wav,generated_audios/generated_H1_128C/61-70970-0025_generated.wav,7.435011,2.271806,2.26793,0.305555,0.305034,2.460212,0.954915,0.293438
H1_128C_baseline,61-70970-0026.wav,generated_audios/generated_H1_128C/61-70970-0026_generated.wav,5.475011,0.209689,0.205918,0.038299,0.03761,2.302232,0.939808,0.292651
H1_128C_baseline,61-70970-0027.wav,generated_audios/generated_H1_128C/61-70970-0027_generated.wav,5.08,0.176904,0.173231,0.034824,0.034101,2.410054,0.940003,0.293748
H1_128C_baseline,61-70970-0028.wav,generated_audios/generated_H1_128C/61-70970-0028_generated.wav,6.550023,0.233868,0.230083,0.035705,0.035127,2.707158,0.952322,0.290119
H1_128C_baseline,61-70970-0029.wav,generated_audios/generated_H1_128C/61-70970-0029_generated.wav,4.030023,0.148496,0.145026,0.036847,0.035986,2.925946,0.931373,0.293429
H1_128C_baseline,61-70970-0030.wav,generated_audios/generated_H1_128C/61-70970-0030_generated.wav,3.24,0.125462,0.122141,0.038723,0.037698,2.052315,0.904961,0.318701
H1_128C_baseline,61-70970-0031.wav,generated_audios/generated_H1_128C/61-70970-0031_generated.wav,5.135011,1.552303,1.548669,0.302298,0.30159,2.151061,0.94087,0.299957
H1_128C_baseline,61-70970-0032.wav,generated_audios/generated_H1_128C/61-70970-0032_generated.wav,3.135011,0.117722,0.114368,0.037551,0.036481,2.068612,0.935156,0.298726
H1_128C_baseline,61-70970-0033.wav,generated_audios/generated_H1_128C/61-70970-0033_generated.wav,3.42,0.977298,0.974039,0.28576,0.284807,1.881385,0.938834,0.305072
H1_128C_baseline,61-70970-0034.wav,generated_audios/generated_H1_128C/61-70970-0034_generated.wav,4.485034,0.152922,0.15006,0.034096,0.033458,2.069872,0.921835,0.300604
H1_128C_baseline,61-70970-0035.wav,generated_audios/generated_H1_128C/61-70970-0035_generated.wav,7.405034,0.26063,0.256752,0.035196,0.034673,2.332983,0.940264,0.293004
H1_128C_baseline,61-70970-0036.wav,generated_audios/generated_H1_128C/61-70970-0036_generated.wav,6.785034,0.237841,0.233674,0.035054,0.03444,2.45516,0.936924,0.29557
H1_128C_baseline,61-70970-0037.wav,generated_audios/generated_H1_128C/61-70970-0037_generated.wav,5.98,1.81181,1.807984,0.302978,0.302339,2.330243,0.941864,0.299921
H1_128C_baseline,61-70970-0038.wav,generated_audios/generated_H1_128C/61-70970-0038_generated.wav,10.4,3.193706,3.189531,0.307087,0.306686,2.108359,0.937748,0.29605
H1_128C_baseline,61-70970-0039.wav,generated_audios/generated_H1_128C/61-70970-0039_generated.wav,6.665034,0.231018,0.227269,0.034661,0.034099,2.153128,0.920907,0.303037
H1_128C_baseline,61-70970-0040.wav,generated_audios/generated_H1_128C/61-70970-0040_generated.wav,4.165034,0.148217,0.144715,0.035586,0.034745,2.183775,0.94435,0.297418
H1_128C_baseline,672-122797-0000.wav,generated_audios/generated_H1_128C/672-122797-0000_generated.wav,4.070023,1.239158,1.235734,0.30446,0.303618,2.643278,0.950429,0.302204
H1_128C_baseline,672-122797-0001.wav,generated_audios/generated_H1_128C/672-122797-0001_generated.wav,15.130023,4.81489,4.811664,0.318234,0.318021,2.586849,0.941943,0.306353
H1_128C_baseline,672-122797-0002.wav,generated_audios/generated_H1_128C/672-122797-0002_generated.wav,13.62,3.971799,3.967141,0.291615,0.291273,2.520646,0.944284,0.301773
H1_128C_baseline,672-122797-0003.wav,generated_audios/generated_H1_128C/672-122797-0003_generated.wav,4.76,1.442422,1.438707,0.30303,0.302249,2.373667,0.92587,0.302536
H1_128C_baseline,672-122797-0004.wav,generated_audios/generated_H1_128C/672-122797-0004_generated.wav,10.250023,3.031591,3.027519,0.295764,0.295367,2.526519,0.92592,0.306912
H1_128C_baseline,672-122797-0005.wav,generated_audios/generated_H1_128C/672-122797-0005_generated.wav,3.26,0.9723,0.968917,0.298252,0.297214,2.630184,0.885713,0.302921
H1_128C_baseline,672-122797-0006.wav,generated_audios/generated_H1_128C/672-122797-0006_generated.wav,13.950023,4.496532,4.493456,0.322332,0.322111,2.073657,0.856673,0.339709
H1_128C_baseline,672-122797-0007.wav,generated_audios/generated_H1_128C/672-122797-0007_generated.wav,6.42,1.943728,1.940304,0.302761,0.302228,2.662929,0.891056,0.301398
H1_128C_baseline,672-122797-0008.wav,generated_audios/generated_H1_128C/672-122797-0008_generated.wav,30.810023,9.752483,9.745764,0.316536,0.316318,2.606985,0.899081,0.305853
H1_128C_baseline,672-122797-0009.wav,generated_audios/generated_H1_128C/672-122797-0009_generated.wav,2.765034,0.107657,0.104418,0.038935,0.037764,2.288307,0.85618,0.36311
H1_128C_baseline,672-122797-0010.wav,generated_audios/generated_H1_128C/672-122797-0010_generated.wav,3.815011,0.141847,0.138626,0.037181,0.036337,2.622595,0.919122,0.31658
H1_128C_baseline,672-122797-0011.wav,generated_audios/generated_H1_128C/672-122797-0011_generated.wav,2.54,0.805761,0.802522,0.317229,0.315954,1.893033,0.884346,0.36962
H1_128C_baseline,672-122797-0012.wav,generated_audios/generated_H1_128C/672-122797-0012_generated.wav,7.765034,2.46949,2.466187,0.318027,0.317602,2.314976,0.906352,0.321173
H1_128C_baseline,672-122797-0013.wav,generated_audios/generated_H1_128C/672-122797-0013_generated.wav,8.705034,2.786879,2.78269,0.320146,0.319664,2.459821,0.879665,0.325219
H1_128C_baseline,672-122797-0014.wav,generated_audios/generated_H1_128C/672-122797-0014_generated.wav,2.555011,0.100435,0.098379,0.039309,0.038504,2.162766,0.914102,0.346927
H1_128C_baseline,672-122797-0015.wav,generated_audios/generated_H1_128C/672-122797-0015_generated.wav,4.455011,0.155157,0.152003,0.034827,0.034119,2.209497,0.885581,0.370079
H1_128C_baseline,672-122797-0016.wav,generated_audios/generated_H1_128C/672-122797-0016_generated.wav,9.215011,2.879471,2.875754,0.312476,0.312073,2.334089,0.890159,0.332797
H1_128C_baseline,672-122797-0017.wav,generated_audios/generated_H1_128C/672-122797-0017_generated.wav,4.82,1.4654,1.46214,0.304025,0.303348,2.14205,0.89422,0.346954
H1_128C_baseline,672-122797-0018.wav,generated_audios/generated_H1_128C/672-122797-0018_generated.wav,4.930023,1.528227,1.525114,0.309984,0.309352,2.795371,0.918537,0.315817
H1_128C_baseline,672-122797-0019.wav,generated_audios/generated_H1_128C/672-122797-0019_generated.wav,4.110023,1.218597,1.215328,0.296494,0.295699,2.397313,0.898339,0.327258
H1_128C_baseline,672-122797-0020.wav,generated_audios/generated_H1_128C/672-122797-0020_generated.wav,8.825034,2.737981,2.734224,0.310252,0.309826,2.366863,0.892106,0.307969
H1_128C_baseline,672-122797-0021.wav,generated_audios/generated_H1_128C/672-122797-0021_generated.wav,4.150023,0.153665,0.150296,0.037028,0.036216,2.610618,0.94694,0.300932
H1_128C_baseline,672-122797-0022.wav,generated_audios/generated_H1_128C/672-122797-0022_generated.wav,19.004943,6.000065,5.995157,0.315711,0.315453,2.465703,0.893128,0.303303
H1_128C_baseline,672-122797-0023.wav,generated_audios/generated_H1_128C/672-122797-0023_generated.wav,9.695102,2.965157,2.961198,0.305841,0.305432,2.649187,0.913172,0.301461
H1_128C_baseline,672-122797-0024.wav,generated_audios/generated_H1_128C/672-122797-0024_generated.wav,4.130023,1.236936,1.233407,0.299499,0.298644,2.117883,0.876339,0.301223
H1_128C_baseline,672-122797-0025.wav,generated_audios/generated_H1_128C/672-122797-0025_generated.wav,10.690023,3.332468,3.328508,0.311736,0.311366,2.72124,0.940805,0.305231
H1_128C_baseline,672-122797-0026.wav,generated_audios/generated_H1_128C/672-122797-0026_generated.wav,13.96,4.373889,4.369559,0.313316,0.313006,2.400582,0.909823,0.30664
H1_128C_baseline,672-122797-0027.wav,generated_audios/generated_H1_128C/672-122797-0027_generated.wav,4.790023,0.16819,0.164678,0.035113,0.034379,2.481585,0.877673,0.294891
H1_128C_baseline,672-122797-0028.wav,generated_audios/generated_H1_128C/672-122797-0028_generated.wav,2.610023,0.099184,0.095987,0.038001,0.036776,2.400732,0.919214,0.314031
H1_128C_baseline,672-122797-0029.wav,generated_audios/generated_H1_128C/672-122797-0029_generated.wav,3.050023,0.115111,0.11214,0.037741,0.036767,2.716439,0.941002,0.315647
H1_128C_baseline,672-122797-0030.wav,generated_audios/generated_H1_128C/672-122797-0030_generated.wav,4.575011,1.384231,1.380648,0.302563,0.30178,2.26226,0.926594,0.326306
H1_128C_baseline,672-122797-0031.wav,generated_audios/generated_H1_128C/672-122797-0031_generated.wav,3.98,0.148522,0.145401,0.037317,0.036533,2.364762,0.908968,0.320829
H1_128C_baseline,672-122797-0032.wav,generated_audios/generated_H1_128C/672-122797-0032_generated.wav,4.0,0.145193,0.141823,0.036298,0.035456,2.170744,0.891338,0.308527
H1_128C_baseline,672-122797-0033.wav,generated_audios/generated_H1_128C/672-122797-0033_generated.wav,1.285034,0.350427,0.34734,0.272699,0.270297,2.108516,0.84787,0.347512
H1_128C_baseline,672-122797-0034.wav,generated_audios/generated_H1_128C/672-122797-0034_generated.wav,5.110023,0.17445,0.171265,0.034139,0.033515,2.281967,0.944766,0.315153
H1_128C_baseline,672-122797-0035.wav,generated_audios/generated_H1_128C/672-122797-0035_generated.wav,2.9,0.108377,0.105463,0.037371,0.036366,2.868228,0.939232,0.31172
H1_128C_baseline,672-122797-0036.wav,generated_audios/generated_H1_128C/672-122797-0036_generated.wav,5.365034,0.192466,0.189121,0.035874,0.035251,2.048061,0.856663,0.349704
H1_128C_baseline,672-122797-0037.wav,generated_audios/generated_H1_128C/672-122797-0037_generated.wav,1.96,0.566761,0.563756,0.289164,0.28763,2.014865,0.83215,0.375561
H1_128C_baseline,672-122797-0038.wav,generated_audios/generated_H1_128C/672-122797-0038_generated.wav,8.8,2.766546,2.76343,0.31438,0.314026,2.578117,0.909465,0.308379
H1_128C_baseline,672-122797-0039.wav,generated_audios/generated_H1_128C/672-122797-0039_generated.wav,4.025034,1.233868,1.230636,0.306548,0.305746,2.490341,0.920991,0.322996
H1_128C_baseline,672-122797-0040.wav,generated_audios/generated_H1_128C/672-122797-0040_generated.wav,5.125034,0.186357,0.182923,0.036362,0.035692,2.518359,0.914861,0.311338
H1_128C_baseline,672-122797-0041.wav,generated_audios/generated_H1_128C/672-122797-0041_generated.wav,3.88,0.144893,0.141612,0.037344,0.036498,2.500838,0.927664,0.313598
H1_128C_baseline,672-122797-0042.wav,generated_audios/generated_H1_128C/672-122797-0042_generated.wav,15.310023,4.802357,4.798312,0.313674,0.31341,2.712827,0.819695,0.300861
H1_128C_baseline,672-122797-0043.wav,generated_audios/generated_H1_128C/672-122797-0043_generated.wav,3.78,0.141791,0.138312,0.037511,0.036591,1.974175,0.846403,0.337451
H1_128C_baseline,672-122797-0044.wav,generated_audios/generated_H1_128C/672-122797-0044_generated.wav,3.74,0.140699,0.137916,0.03762,0.036876,2.950491,0.894378,0.30413
H1_128C_baseline,672-122797-0045.wav,generated_audios/generated_H1_128C/672-122797-0045_generated.wav,13.96,0.482364,0.479476,0.034553,0.034346,2.473348,0.939915,0.303924
H1_128C_baseline,672-122797-0046.wav,generated_audios/generated_H1_128C/672-122797-0046_generated.wav,4.715011,1.428374,1.424685,0.302942,0.302159,2.590912,0.913308,0.321756
H1_128C_baseline,672-122797-0047.wav,generated_audios/generated_H1_128C/672-122797-0047_generated.wav,3.325034,1.000738,0.99743,0.300971,0.299976,2.338938,0.878193,0.34757
H1_128C_baseline,672-122797-0048.wav,generated_audios/generated_H1_128C/672-122797-0048_generated.wav,6.555011,0.243863,0.24027,0.037203,0.036654,1.632571,0.846264,0.320743
H1_128C_baseline,672-122797-0049.wav,generated_audios/generated_H1_128C/672-122797-0049_generated.wav,2.02,0.085083,0.082011,0.042121,0.0406,2.364785,0.832908,0.323406
H1_128C_baseline,672-122797-0050.wav,generated_audios/generated_H1_128C/672-122797-0050_generated.wav,4.855011,1.481846,1.478826,0.30522,0.304598,2.623752,0.911196,0.30054
H1_128C_baseline,672-122797-0051.wav,generated_audios/generated_H1_128C/672-122797-0051_generated.wav,4.665034,1.452064,1.448651,0.311266,0.310534,2.561956,0.884358,0.321783
H1_128C_baseline,672-122797-0052.wav,generated_audios/generated_H1_128C/672-122797-0052_generated.wav,4.285034,1.26413,1.260694,0.29501,0.294209,2.168998,0.895056,0.333861
H1_128C_baseline,672-122797-0053.wav,generated_audios/generated_H1_128C/672-122797-0053_generated.wav,2.955011,0.115845,0.112395,0.039203,0.038036,2.597167,0.911619,0.305318
H1_128C_baseline,672-122797-0054.wav,generated_audios/generated_H1_128C/672-122797-0054_generated.wav,4.250023,0.164724,0.16168,0.038758,0.038042,2.648509,0.87419,0.313606
H1_128C_baseline,672-122797-0055.wav,generated_audios/generated_H1_128C/672-122797-0055_generated.wav,8.230023,2.409823,2.406392,0.292809,0.292392,2.607628,0.892652,0.307674
H1_128C_baseline,672-122797-0056.wav,generated_audios/generated_H1_128C/672-122797-0056_generated.wav,5.225034,0.186447,0.183367,0.035683,0.035094,2.610029,0.927702,0.29977
H1_128C_baseline,672-122797-0057.wav,generated_audios/generated_H1_128C/672-122797-0057_generated.wav,6.56,0.228005,0.224265,0.034757,0.034187,2.579923,0.868352,0.324391
H1_128C_baseline,672-122797-0058.wav,generated_audios/generated_H1_128C/672-122797-0058_generated.wav,4.470023,1.368063,1.364811,0.306053,0.305325,1.762987,0.855981,0.33655
H1_128C_baseline,672-122797-0059.wav,generated_audios/generated_H1_128C/672-122797-0059_generated.wav,3.52,1.052313,1.048883,0.298953,0.297978,2.525271,0.913282,0.310103
H1_128C_baseline,672-122797-0060.wav,generated_audios/generated_H1_128C/672-122797-0060_generated.wav,3.350023,0.137791,0.134537,0.041131,0.04016,2.747077,0.956497,0.311018
H1_128C_baseline,672-122797-0061.wav,generated_audios/generated_H1_128C/672-122797-0061_generated.wav,7.590023,2.406975,2.403851,0.317123,0.316712,2.473499,0.918366,0.336577
H1_128C_baseline,672-122797-0062.wav,generated_audios/generated_H1_128C/672-122797-0062_generated.wav,2.675011,0.83853,0.835011,0.313468,0.312152,2.694431,0.831214,0.315286
H1_128C_baseline,672-122797-0063.wav,generated_audios/generated_H1_128C/672-122797-0063_generated.wav,5.075011,0.172308,0.168871,0.033952,0.033275,2.550321,0.922231,0.31594
H1_128C_baseline,672-122797-0064.wav,generated_audios/generated_H1_128C/672-122797-0064_generated.wav,15.270023,4.776637,4.772717,0.312811,0.312555,2.502466,0.8888,0.31954
H1_128C_baseline,672-122797-0065.wav,generated_audios/generated_H1_128C/672-122797-0065_generated.wav,3.030023,0.1203,0.117067,0.039703,0.038636,2.448602,0.888362,0.319522
H1_128C_baseline,672-122797-0066.wav,generated_audios/generated_H1_128C/672-122797-0066_generated.wav,4.815011,0.17412,0.170767,0.036162,0.035466,2.45033,0.956786,0.30541
H1_128C_baseline,672-122797-0067.wav,generated_audios/generated_H1_128C/672-122797-0067_generated.wav,13.035011,3.905691,3.901699,0.299631,0.299325,2.787332,0.937896,0.304775
H1_128C_baseline,672-122797-0068.wav,generated_audios/generated_H1_128C/672-122797-0068_generated.wav,4.02,0.144181,0.140663,0.035866,0.034991,2.519875,0.900554,0.307467
H1_128C_baseline,672-122797-0069.wav,generated_audios/generated_H1_128C/672-122797-0069_generated.wav,5.010023,1.581518,1.57798,0.315671,0.314965,2.467245,0.871165,0.308411
H1_128C_baseline,672-122797-0070.wav,generated_audios/generated_H1_128C/672-122797-0070_generated.wav,6.270023,1.831647,1.828144,0.292128,0.291569,2.326028,0.93923,0.306778
H1_128C_baseline,672-122797-0071.wav,generated_audios/generated_H1_128C/672-122797-0071_generated.wav,8.875011,2.767551,2.7635,0.311836,0.31138,2.732327,0.955649,0.298812
H1_128C_baseline,672-122797-0072.wav,generated_audios/generated_H1_128C/672-122797-0072_generated.wav,7.94,2.526339,2.522415,0.318179,0.317685,2.813665,0.900476,0.306275
H1_128C_baseline,672-122797-0073.wav,generated_audios/generated_H1_128C/672-122797-0073_generated.wav,8.205034,2.572868,2.569108,0.313572,0.313114,2.522888,0.925791,0.315103
H1_128C_baseline,672-122797-0074.wav,generated_audios/generated_H1_128C/672-122797-0074_generated.wav,8.730023,2.790982,2.787277,0.319699,0.319275,2.925985,0.81527,0.306568
H1_128C_baseline,908-157963-0000.wav,generated_audios/generated_H1_128C/908-157963-0000_generated.wav,12.62,3.789912,3.785807,0.30031,0.299985,2.363768,0.926926,0.316923
H1_128C_baseline,908-157963-0001.wav,generated_audios/generated_H1_128C/908-157963-0001_generated.wav,2.885034,0.881197,0.877806,0.305437,0.304262,2.448341,0.956527,0.318248
H1_128C_baseline,908-157963-0002.wav,generated_audios/generated_H1_128C/908-157963-0002_generated.wav,2.755011,0.844315,0.841277,0.306465,0.305363,2.399203,0.942437,0.309402
H1_128C_baseline,908-157963-0003.wav,generated_audios/generated_H1_128C/908-157963-0003_generated.wav,3.08,0.940905,0.937688,0.305489,0.304444,2.12879,0.947939,0.319684
H1_128C_baseline,908-157963-0004.wav,generated_audios/generated_H1_128C/908-157963-0004_generated.wav,13.990023,4.340951,4.33664,0.310289,0.309981,2.395842,0.922069,0.314043
H1_128C_baseline,908-157963-0005.wav,generated_audios/generated_H1_128C/908-157963-0005_generated.wav,7.035011,2.144413,2.140522,0.30482,0.304267,2.42161,0.924451,0.316462
H1_128C_baseline,908-157963-0006.wav,generated_audios/generated_H1_128C/908-157963-0006_generated.wav,8.110023,2.49435,2.490568,0.307564,0.307098,2.349703,0.920323,0.313784
H1_128C_baseline,908-157963-0007.wav,generated_audios/generated_H1_128C/908-157963-0007_generated.wav,32.770023,10.478684,10.472029,0.319764,0.319561,2.434199,0.927926,0.313641
H1_128C_baseline,908-157963-0008.wav,generated_audios/generated_H1_128C/908-157963-0008_generated.wav,19.950023,6.30807,6.303218,0.316194,0.31595,2.541471,0.933712,0.314697
H1_128C_baseline,908-157963-0009.wav,generated_audios/generated_H1_128C/908-157963-0009_generated.wav,4.06,1.276359,1.27283,0.314374,0.313505,2.521421,0.934449,0.316342
H1_128C_baseline,908-157963-0010.wav,generated_audios/generated_H1_128C/908-157963-0010_generated.wav,6.28,0.226159,0.222474,0.036013,0.035426,2.52261,0.882139,0.312515
H1_128C_baseline,908-157963-0011.wav,generated_audios/generated_H1_128C/908-157963-0011_generated.wav,10.395011,0.384069,0.379998,0.036947,0.036556,2.232006,0.918648,0.319382
H1_128C_baseline,908-157963-0012.wav,generated_audios/generated_H1_128C/908-157963-0012_generated.wav,10.090023,3.132299,3.128334,0.310435,0.310042,2.21796,0.901534,0.310681
H1_128C_baseline,908-157963-0013.wav,generated_audios/generated_H1_128C/908-157963-0013_generated.wav,4.315011,0.158249,0.155015,0.036674,0.035925,2.105592,0.935228,0.323245
H1_128C_baseline,908-157963-0014.wav,generated_audios/generated_H1_128C/908-157963-0014_generated.wav,4.52,0.158241,0.154587,0.035009,0.034201,2.423529,0.924672,0.316601
H1_128C_baseline,908-157963-0015.wav,generated_audios/generated_H1_128C/908-157963-0015_generated.wav,14.465034,4.226809,4.222441,0.292209,0.291907,2.494931,0.940502,0.313871
H1_128C_baseline,908-157963-0016.wav,generated_audios/generated_H1_128C/908-157963-0016_generated.wav,5.105034,0.177977,0.174362,0.034863,0.034155,2.429153,0.947874,0.312903
H1_128C_baseline,908-157963-0017.wav,generated_audios/generated_H1_128C/908-157963-0017_generated.wav,4.950023,1.437493,1.434295,0.290401,0.289755,2.657965,0.935146,0.326511
H1_128C_baseline,908-157963-0018.wav,generated_audios/generated_H1_128C/908-157963-0018_generated.wav,4.255011,0.166676,0.163196,0.039172,0.038354,2.468644,0.935004,0.315241
H1_128C_baseline,908-157963-0019.wav,generated_audios/generated_H1_128C/908-157963-0019_generated.wav,21.44,6.825421,6.819654,0.31835,0.318081,1.717204,0.929013,0.317703
H1_128C_baseline,908-157963-0020.wav,generated_audios/generated_H1_128C/908-157963-0020_generated.wav,9.8,3.032655,3.028458,0.309455,0.309026,2.333915,0.928385,0.314506
H1_128C_baseline,908-157963-0021.wav,generated_audios/generated_H1_128C/908-157963-0021_generated.wav,10.24,0.359846,0.355551,0.035141,0.034722,2.311574,0.93346,0.311168
H1_128C_baseline,908-157963-0022.wav,generated_audios/generated_H1_128C/908-157963-0022_generated.wav,4.610023,1.447613,1.444073,0.314014,0.313246,2.486643,0.937765,0.312579
H1_128C_baseline,908-157963-0023.wav,generated_audios/generated_H1_128C/908-157963-0023_generated.wav,9.625034,3.068428,3.064447,0.318797,0.318383,2.507016,0.916131,0.310816
H1_128C_baseline,908-157963-0024.wav,generated_audios/generated_H1_128C/908-157963-0024_generated.wav,3.44,1.085323,1.081972,0.315501,0.314527,2.245363,0.92782,0.316284
H1_128C_baseline,908-157963-0025.wav,generated_audios/generated_H1_128C/908-157963-0025_generated.wav,9.265034,2.753284,2.749534,0.297169,0.296765,2.393191,0.925379,0.310506
H1_128C_baseline,908-157963-0026.wav,generated_audios/generated_H1_128C/908-157963-0026_generated.wav,8.1,2.487954,2.484037,0.307155,0.306671,2.376678,0.922474,0.308865
H1_128C_baseline,908-157963-0027.wav,generated_audios/generated_H1_128C/908-157963-0027_generated.wav,5.225034,0.188409,0.184743,0.036059,0.035357,2.306752,0.89353,0.314548
H1_128C_baseline,908-157963-0028.wav,generated_audios/generated_H1_128C/908-157963-0028_generated.wav,4.955011,0.14744,0.143662,0.029756,0.028993,2.554979,0.947685,0.311789
H1_128C_baseline,908-157963-0029.wav,generated_audios/generated_H1_128C/908-157963-0029_generated.wav,3.630023,1.049251,1.045826,0.289048,0.288105,2.34167,0.956507,0.312956
H1_128C_baseline,908-157963-0030.wav,generated_audios/generated_H1_128C/908-157963-0030_generated.wav,4.52,0.160475,0.156872,0.035503,0.034706,2.500031,0.952296,0.316658
H1_128C_baseline,908-31957-0000.wav,generated_audios/generated_H1_128C/908-31957-0000_generated.wav,2.125034,0.629324,0.626172,0.296148,0.294664,2.740587,0.932114,0.321814
H1_128C_baseline,908-31957-0001.wav,generated_audios/generated_H1_128C/908-31957-0001_generated.wav,11.315011,3.534284,3.530084,0.312354,0.311982,2.266931,0.929181,0.321221
H1_128C_baseline,908-31957-0002.wav,generated_audios/generated_H1_128C/908-31957-0002_generated.wav,4.790023,0.170095,0.166733,0.03551,0.034808,2.362151,0.929607,0.311885
H1_128C_baseline,908-31957-0003.wav,generated_audios/generated_H1_128C/908-31957-0003_generated.wav,6.565034,0.22804,0.224438,0.034736,0.034187,2.175695,0.932256,0.321658
H1_128C_baseline,908-31957-0004.wav,generated_audios/generated_H1_128C/908-31957-0004_generated.wav,14.755011,4.628078,4.623358,0.313661,0.313342,2.39326,0.936475,0.324194
H1_128C_baseline,908-31957-0005.wav,generated_audios/generated_H1_128C/908-31957-0005_generated.wav,4.490023,0.1524,0.149321,0.033942,0.033256,2.513112,0.9343,0.314353
H1_128C_baseline,908-31957-0006.wav,generated_audios/generated_H1_128C/908-31957-0006_generated.wav,5.890023,1.712806,1.709298,0.290798,0.290202,2.301631,0.931844,0.320486
H1_128C_baseline,908-31957-0007.wav,generated_audios/generated_H1_128C/908-31957-0007_generated.wav,5.8,0.193702,0.190227,0.033397,0.032798,2.483184,0.938339,0.323059
H1_128C_baseline,908-31957-0008.wav,generated_audios/generated_H1_128C/908-31957-0008_generated.wav,10.005034,2.907984,2.904324,0.290652,0.290286,2.340777,0.93167,0.32166
H1_128C_baseline,908-31957-0009.wav,generated_audios/generated_H1_128C/908-31957-0009_generated.wav,7.705034,2.227968,2.224353,0.289157,0.288688,2.146479,0.925052,0.326775
H1_128C_baseline,908-31957-0010.wav,generated_audios/generated_H1_128C/908-31957-0010_generated.wav,2.510023,0.720606,0.717827,0.287092,0.285984,2.265975,0.872304,0.312283
H1_128C_baseline,908-31957-0011.wav,generated_audios/generated_H1_128C/908-31957-0011_generated.wav,2.335011,0.094115,0.091203,0.040306,0.039059,2.506986,0.923447,0.312858
H1_128C_baseline,908-31957-0012.wav,generated_audios/generated_H1_128C/908-31957-0012_generated.wav,7.615011,2.334854,2.331296,0.306612,0.306145,2.333701,0.93733,0.320701
H1_128C_baseline,908-31957-0013.wav,generated_audios/generated_H1_128C/908-31957-0013_generated.wav,6.18,1.919883,1.916346,0.310661,0.310088,2.466656,0.925949,0.317502
H1_128C_baseline,908-31957-0014.wav,generated_audios/generated_H1_128C/908-31957-0014_generated.wav,7.56,2.191953,2.187973,0.289941,0.289414,2.201113,0.924162,0.312654
H1_128C_baseline,908-31957-0015.wav,generated_audios/generated_H1_128C/908-31957-0015_generated.wav,21.465034,6.405454,6.400183,0.298413,0.298168,2.288844,0.926299,0.316769
H1_128C_baseline,908-31957-0016.wav,generated_audios/generated_H1_128C/908-31957-0016_generated.wav,6.48,1.896812,1.893621,0.292718,0.292225,2.558076,0.930809,0.315607
H1_128C_baseline,908-31957-0017.wav,generated_audios/generated_H1_128C/908-31957-0017_generated.wav,7.795011,2.419784,2.416036,0.310427,0.309946,2.271863,0.937101,0.315284
H1_128C_baseline,908-31957-0018.wav,generated_audios/generated_H1_128C/908-31957-0018_generated.wav,3.915011,1.247457,1.243987,0.318634,0.317748,2.186363,0.911775,0.320283
H1_128C_baseline,908-31957-0019.wav,generated_audios/generated_H1_128C/908-31957-0019_generated.wav,9.54,3.03002,3.026151,0.317612,0.317207,2.444393,0.944188,0.316405
H1_128C_baseline,908-31957-0020.wav,generated_audios/generated_H1_128C/908-31957-0020_generated.wav,5.895011,0.173481,0.1699,0.029428,0.028821,2.348913,0.932728,0.323784
H1_128C_baseline,908-31957-0021.wav,generated_audios/generated_H1_128C/908-31957-0021_generated.wav,10.905034,3.238047,3.23397,0.296931,0.296558,2.278084,0.932377,0.319709
H1_128C_baseline,908-31957-0022.wav,generated_audios/generated_H1_128C/908-31957-0022_generated.wav,14.1,4.423706,4.418979,0.313738,0.313403,2.237136,0.929937,0.317895
H1_128C_baseline,908-31957-0023.wav,generated_audios/generated_H1_128C/908-31957-0023_generated.wav,8.515011,2.669531,2.665617,0.313509,0.313049,2.398259,0.937516,0.315111
H1_128C_baseline,908-31957-0024.wav,generated_audios/generated_H1_128C/908-31957-0024_generated.wav,7.54,2.30337,2.29975,0.305487,0.305007,2.564117,0.941584,0.312612
H1_128C_baseline,908-31957-0025.wav,generated_audios/generated_H1_128C/908-31957-0025_generated.wav,20.56,6.429423,6.423502,0.312715,0.312427,2.487485,0.929567,0.310592
H1_512C_baseline,1089-134686-0000.wav,generated_audios/generated_H1_512C/1089-134686-0000_generated.wav,10.435011,3.415542,3.409265,0.327316,0.326714,3.003225,0.967532,0.19588
H1_512C_baseline,1089-134686-0001.wav,generated_audios/generated_H1_512C/1089-134686-0001_generated.wav,3.275011,0.893739,0.88938,0.272896,0.271565,2.795682,0.950183,0.1931
H1_512C_baseline,1089-134686-0002.wav,generated_audios/generated_H1_512C/1089-134686-0002_generated.wav,6.625034,1.927924,1.923517,0.291006,0.290341,2.873293,0.948709,0.196708
H1_512C_baseline,1089-134686-0003.wav,generated_audios/generated_H1_512C/1089-134686-0003_generated.wav,2.68,0.772459,0.769066,0.288231,0.286965,3.446302,0.97875,0.218113
H1_512C_baseline,1089-134686-0004.wav,generated_audios/generated_H1_512C/1089-134686-0004_generated.wav,5.215102,1.499781,1.495356,0.287584,0.286736,3.301073,0.975229,0.200111
H1_512C_baseline,1089-134686-0005.wav,generated_audios/generated_H1_512C/1089-134686-0005_generated.wav,9.635011,2.952111,2.948733,0.306394,0.306043,2.901044,0.955098,0.192721
H1_512C_baseline,1089-134686-0006.wav,generated_audios/generated_H1_512C/1089-134686-0006_generated.wav,10.555011,3.482386,3.478732,0.329927,0.329581,3.170463,0.954214,0.197441
H1_512C_baseline,1089-134686-0007.wav,generated_audios/generated_H1_512C/1089-134686-0007_generated.wav,4.275011,1.206746,1.203805,0.282279,0.281591,2.92023,0.961874,0.193341
H1_512C_baseline,1089-134686-0008.wav,generated_audios/generated_H1_512C/1089-134686-0008_generated.wav,6.730023,1.948191,1.944922,0.289478,0.288992,2.809176,0.963016,0.197212
H1_512C_baseline,1089-134686-0009.wav,generated_audios/generated_H1_512C/1089-134686-0009_generated.wav,10.575011,3.379516,3.375792,0.319576,0.319223,3.01472,0.971433,0.196797
H1_512C_baseline,1089-134686-0010.wav,generated_audios/generated_H1_512C/1089-134686-0010_generated.wav,4.405034,1.231287,1.227839,0.279518,0.278735,3.008053,0.968134,0.189433
H1_512C_baseline,1089-134686-0011.wav,generated_audios/generated_H1_512C/1089-134686-0011_generated.wav,12.445034,4.646403,4.642662,0.373354,0.373053,3.163405,0.962374,0.195187
H1_512C_baseline,1089-134686-0012.wav,generated_audios/generated_H1_512C/1089-134686-0012_generated.wav,11.64,3.839459,3.834915,0.32985,0.32946,3.161495,0.971653,0.196616
H1_512C_baseline,1089-134686-0013.wav,generated_audios/generated_H1_512C/1089-134686-0013_generated.wav,7.915011,2.332701,2.328857,0.294719,0.294233,2.783313,0.969792,0.191029
H1_512C_baseline,1089-134686-0014.wav,generated_audios/generated_H1_512C/1089-134686-0014_generated.wav,2.225034,0.64813,0.644913,0.29129,0.289844,3.577533,0.983926,0.182509
H1_512C_baseline,1089-134686-0015.wav,generated_audios/generated_H1_512C/1089-134686-0015_generated.wav,5.815011,1.749664,1.747345,0.300887,0.300489,2.829554,0.959821,0.196353
H1_512C_baseline,1089-134686-0016.wav,generated_audios/generated_H1_512C/1089-134686-0016_generated.wav,3.54,1.006943,1.003593,0.284447,0.283501,2.985993,0.964183,0.193781
H1_512C_baseline,1089-134686-0017.wav,generated_audios/generated_H1_512C/1089-134686-0017_generated.wav,8.870023,2.804127,2.800324,0.316135,0.315706,2.829703,0.959176,0.194068
H1_512C_baseline,1089-134686-0018.wav,generated_audios/generated_H1_512C/1089-134686-0018_generated.wav,15.72,6.50476,6.499681,0.413789,0.413466,3.052898,0.965515,0.19533
H1_512C_baseline,1089-134686-0019.wav,generated_audios/generated_H1_512C/1089-134686-0019_generated.wav,13.895011,5.869036,5.864837,0.422384,0.422082,3.090823,0.970006,0.193032
H1_512C_baseline,1089-134686-0020.wav,generated_audios/generated_H1_512C/1089-134686-0020_generated.wav,16.790023,6.942942,6.938259,0.413516,0.413237,2.921317,0.962078,0.195307
H1_512C_baseline,1089-134686-0021.wav,generated_audios/generated_H1_512C/1089-134686-0021_generated.wav,6.550023,1.930055,1.926353,0.294664,0.294099,3.040845,0.96768,0.188827
H1_512C_baseline,1089-134686-0022.wav,generated_audios/generated_H1_512C/1089-134686-0022_generated.wav,11.175011,3.389758,3.385996,0.303334,0.302997,2.982025,0.969405,0.192534
H1_512C_baseline,1089-134686-0023.wav,generated_audios/generated_H1_512C/1089-134686-0023_generated.wav,13.275011,5.324217,5.320032,0.401071,0.400755,3.095297,0.963253,0.196232
H1_512C_baseline,1089-134686-0024.wav,generated_audios/generated_H1_512C/1089-134686-0024_generated.wav,11.655011,3.744259,3.740026,0.321257,0.320894,3.004849,0.966984,0.194076
H1_512C_baseline,1089-134686-0025.wav,generated_audios/generated_H1_512C/1089-134686-0025_generated.wav,6.610023,1.97696,1.97303,0.299085,0.298491,2.777916,0.967041,0.197407
H1_512C_baseline,1089-134686-0026.wav,generated_audios/generated_H1_512C/1089-134686-0026_generated.wav,4.010023,1.11628,1.112857,0.278373,0.277519,3.145783,0.965157,0.191993
H1_512C_baseline,1089-134686-0027.wav,generated_audios/generated_H1_512C/1089-134686-0027_generated.wav,2.710023,0.770939,0.767833,0.284477,0.283331,2.76775,0.969777,0.194335
H1_512C_baseline,1089-134686-0028.wav,generated_audios/generated_H1_512C/1089-134686-0028_generated.wav,7.830023,2.398522,2.394599,0.306324,0.305823,3.151383,0.968591,0.197886
H1_512C_baseline,1089-134686-0029.wav,generated_audios/generated_H1_512C/1089-134686-0029_generated.wav,4.670023,1.334815,1.331274,0.285826,0.285068,3.220558,0.972125,0.194276
H1_512C_baseline,1089-134686-0030.wav,generated_audios/generated_H1_512C/1089-134686-0030_generated.wav,2.715011,0.498544,0.495339,0.183625,0.182445,2.889572,0.971971,0.20022
H1_512C_baseline,1089-134686-0031.wav,generated_audios/generated_H1_512C/1089-134686-0031_generated.wav,6.615011,1.311865,1.308083,0.198316,0.197745,3.318403,0.966711,0.189842
H1_512C_baseline,121-121726-0000.wav,generated_audios/generated_H1_512C/121-121726-0000_generated.wav,8.46,2.651624,2.647656,0.313431,0.312962,3.122598,0.971042,0.210493
H1_512C_baseline,121-121726-0001.wav,generated_audios/generated_H1_512C/121-121726-0001_generated.wav,5.925034,1.803764,1.800183,0.304431,0.303827,3.434656,0.961078,0.18135
H1_512C_baseline,121-121726-0002.wav,generated_audios/generated_H1_512C/121-121726-0002_generated.wav,4.410023,0.860419,0.856977,0.195105,0.194325,3.216305,0.95661,0.220085
H1_512C_baseline,121-121726-0003.wav,generated_audios/generated_H1_512C/121-121726-0003_generated.wav,6.755011,2.015855,2.012098,0.298424,0.297867,3.403764,0.974006,0.184023
H1_512C_baseline,121-121726-0004.wav,generated_audios/generated_H1_512C/121-121726-0004_generated.wav,4.02,1.155317,1.151883,0.287392,0.286538,3.256897,0.980262,0.180596
H1_512C_baseline,121-121726-0005.wav,generated_audios/generated_H1_512C/121-121726-0005_generated.wav,3.1,0.872293,0.869072,0.281385,0.280346,3.358634,0.976372,0.150577
H1_512C_baseline,121-121726-0006.wav,generated_audios/generated_H1_512C/121-121726-0006_generated.wav,3.895011,1.155542,1.152144,0.296672,0.2958,3.412101,0.958616,0.181201
H1_512C_baseline,121-121726-0007.wav,generated_audios/generated_H1_512C/121-121726-0007_generated.wav,6.730023,1.379364,1.375513,0.204957,0.204385,3.49829,0.982456,0.171766
H1_512C_baseline,121-121726-0008.wav,generated_audios/generated_H1_512C/121-121726-0008_generated.wav,4.990023,1.466714,1.463458,0.293929,0.293277,3.220361,0.977681,0.166073
H1_512C_baseline,121-121726-0009.wav,generated_audios/generated_H1_512C/121-121726-0009_generated.wav,7.26,2.181936,2.178055,0.300542,0.300008,3.636101,0.97817,0.177899
H1_512C_baseline,121-121726-0010.wav,generated_audios/generated_H1_512C/121-121726-0010_generated.wav,9.810023,2.983263,2.978945,0.304104,0.303663,3.460163,0.974737,0.188556
H1_512C_baseline,121-121726-0011.wav,generated_audios/generated_H1_512C/121-121726-0011_generated.wav,4.035011,1.195931,1.192398,0.296388,0.295513,3.303892,0.977241,0.181877
H1_512C_baseline,121-121726-0012.wav,generated_audios/generated_H1_512C/121-121726-0012_generated.wav,4.045034,1.175955,1.172366,0.290716,0.289829,3.21485,0.965303,0.236261
H1_512C_baseline,121-121726-0013.wav,generated_audios/generated_H1_512C/121-121726-0013_generated.wav,2.490023,0.751072,0.747638,0.301633,0.300254,3.019049,0.963806,0.209618
H1_512C_baseline,121-121726-0014.wav,generated_audios/generated_H1_512C/121-121726-0014_generated.wav,3.165034,0.909775,0.906618,0.287445,0.286448,3.336963,0.975281,0.185879
H1_512C_baseline,121-123852-0000.wav,generated_audios/generated_H1_512C/121-123852-0000_generated.wav,17.695011,7.183927,7.17826,0.405986,0.405666,3.307412,0.978134,0.188888
H1_512C_baseline,121-123852-0001.wav,generated_audios/generated_H1_512C/121-123852-0001_generated.wav,1.870023,0.546087,0.542801,0.292022,0.290264,3.223704,0.942957,0.176518
H1_512C_baseline,121-123852-0002.wav,generated_audios/generated_H1_512C/121-123852-0002_generated.wav,17.285034,7.208406,7.203126,0.417032,0.416726,3.548845,0.976802,0.214503
H1_512C_baseline,121-123852-0003.wav,generated_audios/generated_H1_512C/121-123852-0003_generated.wav,23.505034,10.05793,10.052644,0.427905,0.42768,3.639124,0.974215,0.213401
H1_512C_baseline,121-123852-0004.wav,generated_audios/generated_H1_512C/121-123852-0004_generated.wav,16.290023,6.786226,6.781709,0.416588,0.416311,3.677493,0.978176,0.213975
H1_512C_baseline,121-123859-0000.wav,generated_audios/generated_H1_512C/121-123859-0000_generated.wav,17.390023,7.273808,7.269773,0.418275,0.418043,3.400077,0.971048,0.222366
H1_512C_baseline,121-123859-0001.wav,generated_audios/generated_H1_512C/121-123859-0001_generated.wav,25.395011,10.775057,10.769346,0.424298,0.424073,3.687784,0.97952,0.219426
H1_512C_baseline,121-123859-0002.wav,generated_audios/generated_H1_512C/121-123859-0002_generated.wav,30.04,12.986708,12.98036,0.432314,0.432103,3.619864,0.978823,0.217507
H1_512C_baseline,121-123859-0003.wav,generated_audios/generated_H1_512C/121-123859-0003_generated.wav,10.825034,3.427439,3.423358,0.316622,0.316245,3.651325,0.979982,0.206022
H1_512C_baseline,121-123859-0004.wav,generated_audios/generated_H1_512C/121-123859-0004_generated.wav,9.505034,2.972516,2.968667,0.312731,0.312326,3.404203,0.976622,0.21214
H1_512C_baseline,121-127105-0000.wav,generated_audios/generated_H1_512C/121-127105-0000_generated.wav,9.875011,3.076535,3.072536,0.311547,0.311143,3.247206,0.968684,0.203951
H1_512C_baseline,121-127105-0001.wav,generated_audios/generated_H1_512C/121-127105-0001_generated.wav,5.025034,1.422136,1.418821,0.28301,0.28235,3.308801,0.974671,0.21719
H1_512C_baseline,121-127105-0002.wav,generated_audios/generated_H1_512C/121-127105-0002_generated.wav,7.495011,2.19959,2.196254,0.293474,0.293029,3.16082,0.970085,0.219177
H1_512C_baseline,121-127105-0003.wav,generated_audios/generated_H1_512C/121-127105-0003_generated.wav,7.725034,2.357737,2.354212,0.305207,0.304751,3.376882,0.971863,0.204346
H1_512C_baseline,121-127105-0004.wav,generated_audios/generated_H1_512C/121-127105-0004_generated.wav,2.110023,0.625415,0.62202,0.296402,0.294793,1.865657,0.980087,0.170466
H1_512C_baseline,121-127105-0005.wav,generated_audios/generated_H1_512C/121-127105-0005_generated.wav,5.82,1.746081,1.743894,0.300014,0.299638,2.931478,0.974453,0.193738
H1_512C_baseline,121-127105-0006.wav,generated_audios/generated_H1_512C/121-127105-0006_generated.wav,4.725034,1.37372,1.370389,0.290732,0.290027,3.22252,0.970473,0.20003
H1_512C_baseline,121-127105-0007.wav,generated_audios/generated_H1_512C/121-127105-0007_generated.wav,5.790023,1.721428,1.71808,0.297309,0.296731,2.264757,0.965647,0.211995
H1_512C_baseline,121-127105-0008.wav,generated_audios/generated_H1_512C/121-127105-0008_generated.wav,2.76,0.773991,0.770355,0.280432,0.279114,2.936831,0.961912,0.217932
H1_512C_baseline,121-127105-0009.wav,generated_audios/generated_H1_512C/121-127105-0009_generated.wav,2.290023,0.671626,0.668565,0.293284,0.291947,2.814303,0.962547,0.231194
H1_512C_baseline,121-127105-0010.wav,generated_audios/generated_H1_512C/121-127105-0010_generated.wav,2.850023,0.830612,0.82876,0.291441,0.290791,3.47573,0.969374,0.210212
H1_512C_baseline,121-127105-0011.wav,generated_audios/generated_H1_512C/121-127105-0011_generated.wav,5.78,1.727557,1.725504,0.298885,0.29853,2.995204,0.959567,0.229283
H1_512C_baseline,121-127105-0012.wav,generated_audios/generated_H1_512C/121-127105-0012_generated.wav,4.830023,1.443187,1.44007,0.298795,0.29815,2.140595,0.968901,0.221712
H1_512C_baseline,121-127105-0013.wav,generated_audios/generated_H1_512C/121-127105-0013_generated.wav,5.895011,1.758356,1.75515,0.298279,0.297735,3.031601,0.972124,0.215462
H1_512C_baseline,121-127105-0014.wav,generated_audios/generated_H1_512C/121-127105-0014_generated.wav,2.255011,0.655522,0.652439,0.290695,0.289328,3.454052,0.941954,0.188667
H1_512C_baseline,121-127105-0015.wav,generated_audios/generated_H1_512C/121-127105-0015_generated.wav,2.96,0.858325,0.855353,0.289975,0.288971,3.386245,0.975706,0.213632
H1_512C_baseline,121-127105-0016.wav,generated_audios/generated_H1_512C/121-127105-0016_generated.wav,2.030023,0.566095,0.562944,0.278861,0.277309,3.419894,0.971584,0.224879
H1_512C_baseline,121-127105-0017.wav,generated_audios/generated_H1_512C/121-127105-0017_generated.wav,2.695011,0.781966,0.778921,0.290153,0.289023,2.842664,0.965691,0.229944
H1_512C_baseline,121-127105-0018.wav,generated_audios/generated_H1_512C/121-127105-0018_generated.wav,2.770023,0.824008,0.820919,0.297473,0.296358,3.094532,0.969298,0.226501
H1_512C_baseline,121-127105-0019.wav,generated_audios/generated_H1_512C/121-127105-0019_generated.wav,3.525034,1.008682,1.005601,0.286148,0.285274,3.434771,0.977887,0.206074
H1_512C_baseline,121-127105-0020.wav,generated_audios/generated_H1_512C/121-127105-0020_generated.wav,14.355011,5.933984,5.929457,0.413374,0.413058,3.071823,0.963358,0.223055
H1_512C_baseline,121-127105-0021.wav,generated_audios/generated_H1_512C/121-127105-0021_generated.wav,2.0,0.580739,0.577464,0.290369,0.288732,3.035136,0.973884,0.223431
H1_512C_baseline,121-127105-0022.wav,generated_audios/generated_H1_512C/121-127105-0022_generated.wav,5.075011,1.519788,1.51663,0.299465,0.298843,3.596675,0.971196,0.197733
H1_512C_baseline,121-127105-0023.wav,generated_audios/generated_H1_512C/121-127105-0023_generated.wav,10.910023,3.331187,3.327092,0.305333,0.304957,3.331937,0.967844,0.216514
H1_512C_baseline,121-127105-0024.wav,generated_audios/generated_H1_512C/121-127105-0024_generated.wav,14.450023,6.025755,6.021517,0.417007,0.416713,3.374981,0.974178,0.220982
H1_512C_baseline,121-127105-0025.wav,generated_audios/generated_H1_512C/121-127105-0025_generated.wav,16.065034,6.624997,6.621368,0.412386,0.41216,3.457319,0.973776,0.209995
H1_512C_baseline,121-127105-0026.wav,generated_audios/generated_H1_512C/121-127105-0026_generated.wav,7.530023,2.246446,2.242572,0.298332,0.297817,3.303298,0.977046,0.215529
H1_512C_baseline,121-127105-0027.wav,generated_audios/generated_H1_512C/121-127105-0027_generated.wav,13.870023,5.730595,5.727061,0.413164,0.412909,3.300615,0.969915,0.21161
H1_512C_baseline,121-127105-0028.wav,generated_audios/generated_H1_512C/121-127105-0028_generated.wav,6.750023,1.381791,1.37844,0.204709,0.204213,3.302434,0.975632,0.189786
H1_512C_baseline,121-127105-0029.wav,generated_audios/generated_H1_512C/121-127105-0029_generated.wav,7.310023,2.237376,2.233719,0.30607,0.305569,3.596569,0.97876,0.202458
H1_512C_baseline,121-127105-0030.wav,generated_audios/generated_H1_512C/121-127105-0030_generated.wav,2.175011,0.644116,0.641002,0.296144,0.294712,2.718846,0.966534,0.219648
H1_512C_baseline,121-127105-0031.wav,generated_audios/generated_H1_512C/121-127105-0031_generated.wav,10.765034,3.258138,3.255486,0.302659,0.302413,3.315379,0.954742,0.199651
H1_512C_baseline,121-127105-0032.wav,generated_audios/generated_H1_512C/121-127105-0032_generated.wav,3.170023,0.891414,0.887923,0.281201,0.2801,2.934693,0.968877,0.20037
H1_512C_baseline,121-127105-0033.wav,generated_audios/generated_H1_512C/121-127105-0033_generated.wav,2.355011,0.691729,0.68886,0.293727,0.292508,3.132703,0.96862,0.185467
H1_512C_baseline,121-127105-0034.wav,generated_audios/generated_H1_512C/121-127105-0034_generated.wav,7.410023,2.219431,2.215306,0.299517,0.298961,3.238128,0.973781,0.193357
H1_512C_baseline,121-127105-0035.wav,generated_audios/generated_H1_512C/121-127105-0035_generated.wav,14.150023,5.810974,5.806906,0.410669,0.410381,3.208494,0.96276,0.18015
H1_512C_baseline,121-127105-0036.wav,generated_audios/generated_H1_512C/121-127105-0036_generated.wav,4.150023,1.222493,1.219028,0.294575,0.29374,3.267588,0.956302,0.19673
H1_512C_baseline,237-126133-0000.wav,generated_audios/generated_H1_512C/237-126133-0000_generated.wav,13.290023,5.491239,5.486698,0.413185,0.412843,3.709021,0.977032,0.20378
H1_512C_baseline,237-126133-0001.wav,generated_audios/generated_H1_512C/237-126133-0001_generated.wav,11.965034,4.872551,4.868663,0.407233,0.406908,3.581232,0.9732,0.201829
H1_512C_baseline,237-126133-0002.wav,generated_audios/generated_H1_512C/237-126133-0002_generated.wav,8.92,2.702131,2.698133,0.302929,0.302481,3.50212,0.976674,0.208179
H1_512C_baseline,237-126133-0003.wav,generated_audios/generated_H1_512C/237-126133-0003_generated.wav,6.56,1.896467,1.893035,0.289096,0.288572,3.213618,0.965271,0.210796
H1_512C_baseline,237-126133-0004.wav,generated_audios/generated_H1_512C/237-126133-0004_generated.wav,3.295011,0.948584,0.945482,0.287885,0.286944,3.662867,0.977188,0.212569
H1_512C_baseline,237-126133-0005.wav,generated_audios/generated_H1_512C/237-126133-0005_generated.wav,6.510023,1.93872,1.934953,0.297805,0.297227,3.30837,0.977504,0.203131
H1_512C_baseline,237-126133-0006.wav,generated_audios/generated_H1_512C/237-126133-0006_generated.wav,6.150023,1.833645,1.82998,0.298153,0.297557,3.450134,0.975848,0.213395
H1_512C_baseline,237-126133-0007.wav,generated_audios/generated_H1_512C/237-126133-0007_generated.wav,8.68,2.715348,2.711341,0.312828,0.312367,3.344465,0.976067,0.211991
H1_512C_baseline,237-126133-0008.wav,generated_audios/generated_H1_512C/237-126133-0008_generated.wav,3.865034,1.131577,1.128206,0.292773,0.291901,3.445227,0.979931,0.202265
H1_512C_baseline,237-126133-0009.wav,generated_audios/generated_H1_512C/237-126133-0009_generated.wav,3.970023,1.189752,1.187567,0.299684,0.299134,3.487749,0.97985,0.206093
H1_512C_baseline,237-126133-0010.wav,generated_audios/generated_H1_512C/237-126133-0010_generated.wav,6.24,1.842618,1.839029,0.295291,0.294716,3.091372,0.960212,0.232371
H1_512C_baseline,237-126133-0011.wav,generated_audios/generated_H1_512C/237-126133-0011_generated.wav,6.710023,1.99929,1.995525,0.297956,0.297395,3.309223,0.972704,0.20474
H1_512C_baseline,237-126133-0012.wav,generated_audios/generated_H1_512C/237-126133-0012_generated.wav,4.450023,1.328294,1.325115,0.298492,0.297777,3.410274,0.973645,0.191953
H1_512C_baseline,237-126133-0013.wav,generated_audios/generated_H1_512C/237-126133-0013_generated.wav,6.815011,2.057703,2.055318,0.301937,0.301587,3.528532,0.966794,0.216625
H1_512C_baseline,237-126133-0014.wav,generated_audios/generated_H1_512C/237-126133-0014_generated.wav,6.790023,2.069669,2.066018,0.30481,0.304273,3.582921,0.977064,0.20394
H1_512C_baseline,237-126133-0015.wav,generated_audios/generated_H1_512C/237-126133-0015_generated.wav,9.34,2.777634,2.773982,0.297391,0.297,3.509915,0.974851,0.200507
H1_512C_baseline,237-126133-0016.wav,generated_audios/generated_H1_512C/237-126133-0016_generated.wav,4.250023,1.218407,1.214977,0.286683,0.285875,3.454032,0.973734,0.2181
H1_512C_baseline,237-126133-0017.wav,generated_audios/generated_H1_512C/237-126133-0017_generated.wav,6.210023,1.82392,1.820499,0.293706,0.293155,3.732831,0.971142,0.19731
H1_512C_baseline,237-126133-0018.wav,generated_audios/generated_H1_512C/237-126133-0018_generated.wav,4.095011,1.225024,1.221852,0.29915,0.298376,3.224757,0.969398,0.199545
H1_512C_baseline,237-126133-0019.wav,generated_audios/generated_H1_512C/237-126133-0019_generated.wav,7.12,2.130266,2.126556,0.299195,0.298674,3.60747,0.983152,0.200249
H1_512C_baseline,237-126133-0020.wav,generated_audios/generated_H1_512C/237-126133-0020_generated.wav,2.24,0.626109,0.62308,0.279513,0.278161,3.488954,0.977025,0.204296
H1_512C_baseline,237-126133-0021.wav,generated_audios/generated_H1_512C/237-126133-0021_generated.wav,4.365034,1.249626,1.246649,0.286281,0.285599,3.456722,0.97505,0.210143
H1_512C_baseline,237-126133-0022.wav,generated_audios/generated_H1_512C/237-126133-0022_generated.wav,5.04,1.51093,1.507741,0.299788,0.299155,3.706232,0.972408,0.192769
H1_512C_baseline,237-126133-0023.wav,generated_audios/generated_H1_512C/237-126133-0023_generated.wav,6.675011,2.024831,2.021211,0.303345,0.302803,3.366334,0.974933,0.199422
H1_512C_baseline,237-126133-0024.wav,generated_audios/generated_H1_512C/237-126133-0024_generated.wav,9.665034,2.980525,2.976724,0.308382,0.307989,3.355776,0.966586,0.210554
H1_512C_baseline,237-126133-0025.wav,generated_audios/generated_H1_512C/237-126133-0025_generated.wav,3.755011,1.120628,1.117578,0.298435,0.297623,3.475118,0.976401,0.196073
H1_512C_baseline,237-134493-0000.wav,generated_audios/generated_H1_512C/237-134493-0000_generated.wav,4.105034,1.233697,1.230272,0.300533,0.299698,3.526109,0.98279,0.206663
H1_512C_baseline,237-134493-0001.wav,generated_audios/generated_H1_512C/237-134493-0001_generated.wav,7.38,2.228886,2.225096,0.302017,0.301503,3.520351,0.973475,0.208023
H1_512C_baseline,237-134493-0002.wav,generated_audios/generated_H1_512C/237-134493-0002_generated.wav,11.395011,3.507241,3.502269,0.307787,0.307351,3.457801,0.974618,0.205302
H1_512C_baseline,237-134493-0003.wav,generated_audios/generated_H1_512C/237-134493-0003_generated.wav,12.765034,5.266875,5.262537,0.412602,0.412262,3.466841,0.969314,0.206041
H1_512C_baseline,237-134493-0004.wav,generated_audios/generated_H1_512C/237-134493-0004_generated.wav,6.825034,2.042954,2.039422,0.299332,0.298815,3.310382,0.968494,0.219747
H1_512C_baseline,237-134493-0005.wav,generated_audios/generated_H1_512C/237-134493-0005_generated.wav,10.945034,3.350453,3.346273,0.306116,0.305734,3.290848,0.971109,0.210565
H1_512C_baseline,237-134493-0006.wav,generated_audios/generated_H1_512C/237-134493-0006_generated.wav,4.395011,1.284906,1.281621,0.292356,0.291608,3.182104,0.964848,0.220986
H1_512C_baseline,237-134493-0007.wav,generated_audios/generated_H1_512C/237-134493-0007_generated.wav,2.035011,0.606685,0.603756,0.298124,0.296685,3.362602,0.975208,0.211375
H1_512C_baseline,237-134493-0008.wav,generated_audios/generated_H1_512C/237-134493-0008_generated.wav,2.305034,0.655029,0.651903,0.284173,0.282817,3.288204,0.966071,0.193598
H1_512C_baseline,237-134493-0009.wav,generated_audios/generated_H1_512C/237-134493-0009_generated.wav,2.975011,0.880999,0.877779,0.296133,0.295051,3.205278,0.968106,0.214597
H1_512C_baseline,237-134493-0010.wav,generated_audios/generated_H1_512C/237-134493-0010_generated.wav,2.875011,0.84504,0.84239,0.293926,0.293004,3.161699,0.970693,0.204797
H1_512C_baseline,237-134493-0011.wav,generated_audios/generated_H1_512C/237-134493-0011_generated.wav,5.035011,1.525515,1.522115,0.302982,0.302306,3.10696,0.975932,0.212914
H1_512C_baseline,237-134493-0012.wav,generated_audios/generated_H1_512C/237-134493-0012_generated.wav,3.66,1.049064,1.045709,0.28663,0.285713,3.025765,0.973375,0.211993
H1_512C_baseline,237-134493-0013.wav,generated_audios/generated_H1_512C/237-134493-0013_generated.wav,4.090023,0.80781,0.804214,0.197507,0.196628,3.20926,0.955787,0.219444
H1_512C_baseline,237-134493-0014.wav,generated_audios/generated_H1_512C/237-134493-0014_generated.wav,3.7,1.074317,1.070977,0.290356,0.289453,3.365291,0.973437,0.202233
H1_512C_baseline,237-134493-0015.wav,generated_audios/generated_H1_512C/237-134493-0015_generated.wav,6.550023,1.330855,1.327259,0.203183,0.202634,3.401488,0.971563,0.213295
H1_512C_baseline,237-134493-0016.wav,generated_audios/generated_H1_512C/237-134493-0016_generated.wav,10.085034,3.128654,3.124751,0.310227,0.30984,3.417357,0.978066,0.204933
H1_512C_baseline,237-134493-0017.wav,generated_audios/generated_H1_512C/237-134493-0017_generated.wav,9.105034,2.787053,2.783092,0.3061,0.305665,3.336167,0.975663,0.207334
H1_512C_baseline,237-134493-0018.wav,generated_audios/generated_H1_512C/237-134493-0018_generated.wav,4.790023,1.437377,1.433901,0.300077,0.299352,3.428997,0.971297,0.21081
H1_512C_baseline,237-134500-0000.wav,generated_audios/generated_H1_512C/237-134500-0000_generated.wav,6.130023,1.869985,1.866549,0.305053,0.304493,3.491856,0.9718,0.206844
H1_512C_baseline,237-134500-0001.wav,generated_audios/generated_H1_512C/237-134500-0001_generated.wav,1.810023,0.533687,0.530633,0.294851,0.293164,3.508972,0.976352,0.204297
H1_512C_baseline,237-134500-0002.wav,generated_audios/generated_H1_512C/237-134500-0002_generated.wav,5.070023,1.512489,1.508795,0.29832,0.297591,3.418851,0.973021,0.201495
H1_512C_baseline,237-134500-0003.wav,generated_audios/generated_H1_512C/237-134500-0003_generated.wav,3.170023,0.630254,0.626962,0.198817,0.197778,3.312018,0.974014,0.205843
H1_512C_baseline,237-134500-0004.wav,generated_audios/generated_H1_512C/237-134500-0004_generated.wav,2.225034,0.429465,0.426452,0.193015,0.191661,3.399588,0.980581,0.192276
H1_512C_baseline,237-134500-0005.wav,generated_audios/generated_H1_512C/237-134500-0005_generated.wav,2.390023,0.709504,0.706331,0.296861,0.295533,3.240431,0.970168,0.221724
H1_512C_baseline,237-134500-0006.wav,generated_audios/generated_H1_512C/237-134500-0006_generated.wav,4.225034,1.283256,1.279784,0.303727,0.302905,3.343767,0.971246,0.221549
H1_512C_baseline,237-134500-0007.wav,generated_audios/generated_H1_512C/237-134500-0007_generated.wav,2.390023,0.441411,0.438257,0.184689,0.183369,3.368108,0.967395,0.224842
H1_512C_baseline,237-134500-0008.wav,generated_audios/generated_H1_512C/237-134500-0008_generated.wav,3.76,0.714532,0.711559,0.190035,0.189244,3.481248,0.967856,0.219017
H1_512C_baseline,237-134500-0009.wav,generated_audios/generated_H1_512C/237-134500-0009_generated.wav,2.22,0.408266,0.40511,0.183904,0.182482,3.212768,0.957503,0.221415
H1_512C_baseline,237-134500-0010.wav,generated_audios/generated_H1_512C/237-134500-0010_generated.wav,3.995011,1.183736,1.18038,0.296303,0.295463,3.342713,0.975227,0.223428
H1_512C_baseline,237-134500-0011.wav,generated_audios/generated_H1_512C/237-134500-0011_generated.wav,3.350023,0.974523,0.97122,0.2909,0.289914,3.490705,0.967347,0.218767
H1_512C_baseline,237-134500-0012.wav,generated_audios/generated_H1_512C/237-134500-0012_generated.wav,10.935011,3.356902,3.352232,0.306987,0.30656,3.192992,0.970337,0.209997
H1_512C_baseline,237-134500-0013.wav,generated_audios/generated_H1_512C/237-134500-0013_generated.wav,10.56,2.213114,2.208924,0.209575,0.209178,3.391479,0.976557,0.199852
H1_512C_baseline,237-134500-0014.wav,generated_audios/generated_H1_512C/237-134500-0014_generated.wav,4.250023,0.845094,0.841803,0.198845,0.19807,3.311462,0.972702,0.203505
H1_512C_baseline,237-134500-0015.wav,generated_audios/generated_H1_512C/237-134500-0015_generated.wav,10.815011,3.3443,3.340343,0.309228,0.308862,3.571767,0.978059,0.204116
H1_512C_baseline,237-134500-0016.wav,generated_audios/generated_H1_512C/237-134500-0016_generated.wav,3.16,0.627874,0.624553,0.198694,0.197643,3.021402,0.945193,0.235928
H1_512C_baseline,237-134500-0017.wav,generated_audios/generated_H1_512C/237-134500-0017_generated.wav,2.18,0.428515,0.425618,0.196566,0.195237,3.427342,0.970468,0.20953
H1_512C_baseline,237-134500-0018.wav,generated_audios/generated_H1_512C/237-134500-0018_generated.wav,12.845034,5.286923,5.282503,0.411593,0.411249,3.442512,0.976951,0.20289
H1_512C_baseline,237-134500-0019.wav,generated_audios/generated_H1_512C/237-134500-0019_generated.wav,2.86,0.802509,0.799255,0.280598,0.27946,3.004728,0.965257,0.20309
H1_512C_baseline,237-134500-0020.wav,generated_audios/generated_H1_512C/237-134500-0020_generated.wav,2.18,0.395267,0.392251,0.181315,0.179931,3.745677,0.982554,0.189569
H1_512C_baseline,237-134500-0021.wav,generated_audios/generated_H1_512C/237-134500-0021_generated.wav,5.12,1.465126,1.461337,0.286157,0.285417,3.242118,0.950177,0.226328
H1_512C_baseline,237-134500-0022.wav,generated_audios/generated_H1_512C/237-134500-0022_generated.wav,5.165034,1.543342,1.539625,0.298806,0.298086,3.114511,0.964928,0.229335
H1_512C_baseline,237-134500-0023.wav,generated_audios/generated_H1_512C/237-134500-0023_generated.wav,3.06,0.914327,0.910951,0.2988,0.297696,3.647386,0.982589,0.207523
H1_512C_baseline,237-134500-0024.wav,generated_audios/generated_H1_512C/237-134500-0024_generated.wav,4.410023,0.875389,0.872216,0.1985,0.19778,3.270897,0.964396,0.199429
H1_512C_baseline,237-134500-0025.wav,generated_audios/generated_H1_512C/237-134500-0025_generated.wav,1.630023,0.506755,0.50317,0.310888,0.308689,3.172453,0.975462,0.215065
H1_512C_baseline,237-134500-0026.wav,generated_audios/generated_H1_512C/237-134500-0026_generated.wav,3.050023,0.910129,0.906828,0.298401,0.297318,3.378262,0.969144,0.219549
H1_512C_baseline,237-134500-0027.wav,generated_audios/generated_H1_512C/237-134500-0027_generated.wav,3.270023,0.981033,0.977844,0.300008,0.299033,3.311112,0.961858,0.199981
H1_512C_baseline,237-134500-0028.wav,generated_audios/generated_H1_512C/237-134500-0028_generated.wav,4.524943,1.368988,1.365442,0.302543,0.301759,3.602633,0.967636,0.209358
H1_512C_baseline,237-134500-0029.wav,generated_audios/generated_H1_512C/237-134500-0029_generated.wav,2.065034,0.594231,0.592316,0.287758,0.286831,3.541786,0.976945,0.195387
H1_512C_baseline,237-134500-0030.wav,generated_audios/generated_H1_512C/237-134500-0030_generated.wav,2.78,0.812826,0.809616,0.292383,0.291229,3.519792,0.972722,0.214587
H1_512C_baseline,237-134500-0031.wav,generated_audios/generated_H1_512C/237-134500-0031_generated.wav,10.610023,3.282867,3.278578,0.309412,0.309008,3.477599,0.973046,0.203773
H1_512C_baseline,237-134500-0032.wav,generated_audios/generated_H1_512C/237-134500-0032_generated.wav,5.025034,1.014612,1.010972,0.201911,0.201187,3.206725,0.969493,0.203249
H1_512C_baseline,237-134500-0033.wav,generated_audios/generated_H1_512C/237-134500-0033_generated.wav,6.350023,1.915412,1.911697,0.301639,0.301054,3.790203,0.975776,0.207425
H1_512C_baseline,237-134500-0034.wav,generated_audios/generated_H1_512C/237-134500-0034_generated.wav,3.075011,0.91632,0.913033,0.297989,0.29692,3.693773,0.971908,0.196734
H1_512C_baseline,237-134500-0035.wav,generated_audios/generated_H1_512C/237-134500-0035_generated.wav,2.555011,0.769254,0.766153,0.301077,0.299863,3.13683,0.975046,0.207995
H1_512C_baseline,237-134500-0036.wav,generated_audios/generated_H1_512C/237-134500-0036_generated.wav,6.6,1.998617,1.995078,0.302821,0.302285,3.180308,0.97004,0.20573
H1_512C_baseline,237-134500-0037.wav,generated_audios/generated_H1_512C/237-134500-0037_generated.wav,7.105034,2.193147,2.189254,0.308675,0.308127,2.981769,0.956197,0.23582
H1_512C_baseline,237-134500-0038.wav,generated_audios/generated_H1_512C/237-134500-0038_generated.wav,2.435011,0.721876,0.718658,0.296457,0.295135,3.075696,0.959337,0.236604
H1_512C_baseline,237-134500-0039.wav,generated_audios/generated_H1_512C/237-134500-0039_generated.wav,4.630023,1.372068,1.368518,0.296342,0.295575,3.238043,0.965625,0.236009
H1_512C_baseline,237-134500-0040.wav,generated_audios/generated_H1_512C/237-134500-0040_generated.wav,4.030023,0.800796,0.797131,0.198708,0.197798,3.275835,0.97028,0.215096
H1_512C_baseline,237-134500-0041.wav,generated_audios/generated_H1_512C/237-134500-0041_generated.wav,8.92,1.892788,1.888179,0.212196,0.211679,3.455032,0.980855,0.196857
H1_512C_baseline,237-134500-0042.wav,generated_audios/generated_H1_512C/237-134500-0042_generated.wav,2.575011,0.762743,0.760836,0.29621,0.295469,3.354614,0.953386,0.229831
H1_512C_baseline,260-123286-0000.wav,generated_audios/generated_H1_512C/260-123286-0000_generated.wav,7.04,2.099248,2.095825,0.298189,0.297702,2.845875,0.96002,0.193772
H1_512C_baseline,260-123286-0001.wav,generated_audios/generated_H1_512C/260-123286-0001_generated.wav,3.070023,0.613016,0.609886,0.199678,0.198658,2.91075,0.975356,0.200954
H1_512C_baseline,260-123286-0002.wav,generated_audios/generated_H1_512C/260-123286-0002_generated.wav,9.985034,3.119826,3.115663,0.31245,0.312033,2.806088,0.966001,0.193386
H1_512C_baseline,260-123286-0003.wav,generated_audios/generated_H1_512C/260-123286-0003_generated.wav,7.370023,2.234467,2.230038,0.303183,0.302582,2.547787,0.961299,0.19777
H1_512C_baseline,260-123286-0004.wav,generated_audios/generated_H1_512C/260-123286-0004_generated.wav,3.465034,1.031057,1.027583,0.29756,0.296558,3.008532,0.96834,0.197134
H1_512C_baseline,260-123286-0005.wav,generated_audios/generated_H1_512C/260-123286-0005_generated.wav,4.810023,1.420668,1.417436,0.295356,0.294684,2.767626,0.963605,0.216686
H1_512C_baseline,260-123286-0006.wav,generated_audios/generated_H1_512C/260-123286-0006_generated.wav,7.405034,2.284145,2.280516,0.308458,0.307968,2.997378,0.971016,0.206211
H1_512C_baseline,260-123286-0007.wav,generated_audios/generated_H1_512C/260-123286-0007_generated.wav,4.550023,1.368816,1.365076,0.300837,0.300015,2.72321,0.965469,0.218717
H1_512C_baseline,260-123286-0008.wav,generated_audios/generated_H1_512C/260-123286-0008_generated.wav,3.735011,1.099605,1.096224,0.294405,0.2935,2.953959,0.972925,0.203856
H1_512C_baseline,260-123286-0009.wav,generated_audios/generated_H1_512C/260-123286-0009_generated.wav,5.795011,1.764004,1.760481,0.3044,0.303792,2.713996,0.960052,0.195448
H1_512C_baseline,260-123286-0010.wav,generated_audios/generated_H1_512C/260-123286-0010_generated.wav,2.575011,0.473319,0.470055,0.183812,0.182545,2.649348,0.976281,0.189669
H1_512C_baseline,260-123286-0011.wav,generated_audios/generated_H1_512C/260-123286-0011_generated.wav,4.255011,0.82727,0.823609,0.194423,0.193562,3.025817,0.965726,0.191481
H1_512C_baseline,260-123286-0012.wav,generated_audios/generated_H1_512C/260-123286-0012_generated.wav,2.430023,0.46723,0.463923,0.192274,0.190913,2.652406,0.972148,0.198175
H1_512C_baseline,260-123286-0013.wav,generated_audios/generated_H1_512C/260-123286-0013_generated.wav,4.730023,1.39029,1.386882,0.293929,0.293208,2.874197,0.969538,0.196489
H1_512C_baseline,260-123286-0014.wav,generated_audios/generated_H1_512C/260-123286-0014_generated.wav,2.98,0.650424,0.647248,0.218263,0.217197,2.415538,0.968498,0.167636
H1_512C_baseline,260-123286-0015.wav,generated_audios/generated_H1_512C/260-123286-0015_generated.wav,5.210023,1.573004,1.569408,0.301919,0.301229,2.62927,0.970001,0.207898
H1_512C_baseline,260-123286-0016.wav,generated_audios/generated_H1_512C/260-123286-0016_generated.wav,7.0,2.153518,2.149643,0.307645,0.307092,3.029413,0.961822,0.200834
H1_512C_baseline,260-123286-0017.wav,generated_audios/generated_H1_512C/260-123286-0017_generated.wav,3.975011,1.166716,1.163302,0.293513,0.292654,3.020165,0.968316,0.190045
H1_512C_baseline,260-123286-0018.wav,generated_audios/generated_H1_512C/260-123286-0018_generated.wav,5.670023,1.728037,1.724599,0.304767,0.304161,3.115372,0.968118,0.206759
H1_512C_baseline,260-123286-0019.wav,generated_audios/generated_H1_512C/260-123286-0019_generated.wav,11.905034,4.931409,4.927188,0.414229,0.413874,2.765352,0.970946,0.198508
H1_512C_baseline,260-123286-0020.wav,generated_audios/generated_H1_512C/260-123286-0020_generated.wav,3.06,0.612384,0.609135,0.200125,0.199064,2.444785,0.974661,0.14692
H1_512C_baseline,260-123286-0021.wav,generated_audios/generated_H1_512C/260-123286-0021_generated.wav,2.550023,0.724681,0.721432,0.284186,0.282912,3.554689,0.982849,0.198239
H1_512C_baseline,260-123286-0022.wav,generated_audios/generated_H1_512C/260-123286-0022_generated.wav,3.235011,0.971616,0.968189,0.300344,0.299285,2.648787,0.967768,0.18213
H1_512C_baseline,260-123286-0023.wav,generated_audios/generated_H1_512C/260-123286-0023_generated.wav,5.875011,1.827235,1.823463,0.311018,0.310376,2.823871,0.965776,0.211365
H1_512C_baseline,260-123286-0024.wav,generated_audios/generated_H1_512C/260-123286-0024_generated.wav,3.04,0.879266,0.876088,0.289232,0.288187,3.086863,0.969994,0.218072
H1_512C_baseline,260-123286-0025.wav,generated_audios/generated_H1_512C/260-123286-0025_generated.wav,9.205034,2.830064,2.825953,0.307447,0.307001,2.927864,0.962757,0.208703
H1_512C_baseline,260-123286-0026.wav,generated_audios/generated_H1_512C/260-123286-0026_generated.wav,6.94,2.106787,2.102757,0.303572,0.302991,2.507576,0.958479,0.214137
H1_512C_baseline,260-123286-0027.wav,generated_audios/generated_H1_512C/260-123286-0027_generated.wav,7.170023,2.195012,2.19125,0.306137,0.305613,2.972914,0.962609,0.203053
H1_512C_baseline,260-123286-0028.wav,generated_audios/generated_H1_512C/260-123286-0028_generated.wav,7.465034,2.304542,2.300662,0.308711,0.308192,2.972358,0.9671,0.201043
H1_512C_baseline,260-123286-0029.wav,generated_audios/generated_H1_512C/260-123286-0029_generated.wav,4.545034,0.911989,0.908594,0.200656,0.199909,2.693456,0.969771,0.201293
H1_512C_baseline,260-123286-0030.wav,generated_audios/generated_H1_512C/260-123286-0030_generated.wav,7.530023,1.542766,1.539084,0.204882,0.204393,2.798743,0.967245,0.210531
H1_512C_baseline,260-123286-0031.wav,generated_audios/generated_H1_512C/260-123286-0031_generated.wav,5.06,1.491545,1.487868,0.294772,0.294045,3.212199,0.970894,0.174543
H1_512C_baseline,260-123288-0000.wav,generated_audios/generated_H1_512C/260-123288-0000_generated.wav,3.04,0.583992,0.580757,0.192103,0.191038,3.233361,0.970859,0.197475
H1_512C_baseline,260-123288-0001.wav,generated_audios/generated_H1_512C/260-123288-0001_generated.wav,5.08,1.014161,1.010658,0.199638,0.198949,2.909565,0.961879,0.184199
H1_512C_baseline,260-123288-0002.wav,generated_audios/generated_H1_512C/260-123288-0002_generated.wav,7.250023,2.20319,2.199594,0.303887,0.303391,2.949664,0.966675,0.207005
H1_512C_baseline,260-123288-0003.wav,generated_audios/generated_H1_512C/260-123288-0003_generated.wav,8.905034,2.797819,2.793908,0.314184,0.313745,2.83918,0.973803,0.199781
H1_512C_baseline,260-123288-0004.wav,generated_audios/generated_H1_512C/260-123288-0004_generated.wav,4.310023,1.298293,1.294904,0.301226,0.30044,2.861413,0.964604,0.180283
H1_512C_baseline,260-123288-0005.wav,generated_audios/generated_H1_512C/260-123288-0005_generated.wav,12.550023,5.236778,5.232022,0.417272,0.416893,2.633282,0.958004,0.199981
H1_512C_baseline,260-123288-0006.wav,generated_audios/generated_H1_512C/260-123288-0006_generated.wav,4.88,1.466743,1.463422,0.300562,0.299882,2.861279,0.960199,0.180472
H1_512C_baseline,260-123288-0007.wav,generated_audios/generated_H1_512C/260-123288-0007_generated.wav,11.2,3.530673,3.526469,0.315239,0.314863,2.942896,0.968549,0.208658
H1_512C_baseline,260-123288-0008.wav,generated_audios/generated_H1_512C/260-123288-0008_generated.wav,5.515011,1.70733,1.703735,0.309579,0.308927,3.224823,0.97194,0.207352
H1_512C_baseline,260-123288-0009.wav,generated_audios/generated_H1_512C/260-123288-0009_generated.wav,3.435011,1.029394,1.026105,0.299677,0.298719,3.277597,0.9757,0.207125
H1_512C_baseline,260-123288-0010.wav,generated_audios/generated_H1_512C/260-123288-0010_generated.wav,9.995011,2.092246,2.087892,0.209329,0.208893,2.776098,0.961416,0.199996
H1_512C_baseline,260-123288-0011.wav,generated_audios/generated_H1_512C/260-123288-0011_generated.wav,8.98,2.837996,2.833935,0.316035,0.315583,2.797822,0.96709,0.198786
H1_512C_baseline,260-123288-0012.wav,generated_audios/generated_H1_512C/260-123288-0012_generated.wav,3.545034,1.045946,1.042746,0.295045,0.294143,3.398325,0.969803,0.208812
H1_512C_baseline,260-123288-0013.wav,generated_audios/generated_H1_512C/260-123288-0013_generated.wav,11.385079,3.630803,3.626737,0.318909,0.318552,3.119325,0.967428,0.203812
H1_512C_baseline,260-123288-0014.wav,generated_audios/generated_H1_512C/260-123288-0014_generated.wav,1.805034,0.339623,0.336454,0.188153,0.186398,2.915332,0.967809,0.19723
H1_512C_baseline,260-123288-0015.wav,generated_audios/generated_H1_512C/260-123288-0015_generated.wav,21.185034,8.858235,8.851896,0.418136,0.417837,2.774186,0.966762,0.20139
H1_512C_baseline,260-123288-0016.wav,generated_audios/generated_H1_512C/260-123288-0016_generated.wav,4.865034,1.505945,1.502222,0.309545,0.308779,2.815914,0.956204,0.2083
H1_512C_baseline,260-123288-0017.wav,generated_audios/generated_H1_512C/260-123288-0017_generated.wav,5.225034,1.543852,1.540311,0.295472,0.294794,2.873475,0.977347,0.209151
H1_512C_baseline,260-123288-0018.wav,generated_audios/generated_H1_512C/260-123288-0018_generated.wav,3.245034,0.943493,0.940326,0.29075,0.289774,2.914809,0.974276,0.219615
H1_512C_baseline,260-123288-0019.wav,generated_audios/generated_H1_512C/260-123288-0019_generated.wav,2.955011,0.576028,0.57267,0.194933,0.193796,3.025056,0.965399,0.178308
H1_512C_baseline,260-123288-0020.wav,generated_audios/generated_H1_512C/260-123288-0020_generated.wav,2.9,0.838922,0.835596,0.289283,0.288137,2.890622,0.962707,0.18817
H1_512C_baseline,260-123288-0021.wav,generated_audios/generated_H1_512C/260-123288-0021_generated.wav,2.710023,0.524795,0.52148,0.19365,0.192426,3.046339,0.964283,0.20133
H1_512C_baseline,260-123288-0022.wav,generated_audios/generated_H1_512C/260-123288-0022_generated.wav,3.705034,1.110915,1.107621,0.299839,0.29895,2.923934,0.966723,0.204237
H1_512C_baseline,260-123288-0023.wav,generated_audios/generated_H1_512C/260-123288-0023_generated.wav,2.385034,0.468924,0.465712,0.196611,0.195264,2.482337,0.952536,0.182613
H1_512C_baseline,260-123288-0024.wav,generated_audios/generated_H1_512C/260-123288-0024_generated.wav,14.595011,6.158989,6.154443,0.421993,0.421681,2.904008,0.967478,0.209516
H1_512C_baseline,260-123288-0025.wav,generated_audios/generated_H1_512C/260-123288-0025_generated.wav,13.445034,5.664464,5.660488,0.421305,0.42101,2.984687,0.961631,0.204916
H1_512C_baseline,260-123288-0026.wav,generated_audios/generated_H1_512C/260-123288-0026_generated.wav,16.04,6.720306,6.716619,0.418972,0.418742,2.923069,0.971129,0.204283
H1_512C_baseline,260-123288-0027.wav,generated_audios/generated_H1_512C/260-123288-0027_generated.wav,6.305034,1.93505,1.93145,0.306906,0.306335,3.216507,0.977271,0.197263
H1_512C_baseline,260-123288-0028.wav,generated_audios/generated_H1_512C/260-123288-0028_generated.wav,2.610023,0.790564,0.787325,0.302895,0.301655,3.420516,0.982456,0.186341
H1_512C_baseline,260-123440-0000.wav,generated_audios/generated_H1_512C/260-123440-0000_generated.wav,2.165034,0.62692,0.623767,0.289566,0.288109,2.188659,0.952746,0.216965
H1_512C_baseline,260-123440-0001.wav,generated_audios/generated_H1_512C/260-123440-0001_generated.wav,1.74,0.52257,0.519465,0.300328,0.298543,3.235895,0.96095,0.158205
H1_512C_baseline,260-123440-0002.wav,generated_audios/generated_H1_512C/260-123440-0002_generated.wav,14.715011,6.210755,6.20627,0.422069,0.421765,2.84859,0.966174,0.208961
H1_512C_baseline,260-123440-0003.wav,generated_audios/generated_H1_512C/260-123440-0003_generated.wav,3.585034,1.092521,1.088821,0.304745,0.303713,3.063021,0.974957,0.203351
H1_512C_baseline,260-123440-0004.wav,generated_audios/generated_H1_512C/260-123440-0004_generated.wav,12.02,4.947787,4.943763,0.41163,0.411295,2.924312,0.966369,0.207848
H1_512C_baseline,260-123440-0005.wav,generated_audios/generated_H1_512C/260-123440-0005_generated.wav,3.105034,0.613317,0.610029,0.197523,0.196465,2.907014,0.970637,0.218395
H1_512C_baseline,260-123440-0006.wav,generated_audios/generated_H1_512C/260-123440-0006_generated.wav,2.715011,0.502604,0.499371,0.18512,0.18393,2.630791,0.969361,0.216281
H1_512C_baseline,260-123440-0007.wav,generated_audios/generated_H1_512C/260-123440-0007_generated.wav,3.385034,1.016921,1.013523,0.300417,0.299413,2.471656,0.969403,0.224117
H1_512C_baseline,260-123440-0008.wav,generated_audios/generated_H1_512C/260-123440-0008_generated.wav,3.745034,1.133582,1.130191,0.302689,0.301784,2.837215,0.969215,0.2159
H1_512C_baseline,260-123440-0009.wav,generated_audios/generated_H1_512C/260-123440-0009_generated.wav,3.115011,0.939964,0.936677,0.301753,0.300698,3.204357,0.970929,0.213996
H1_512C_baseline,260-123440-0010.wav,generated_audios/generated_H1_512C/260-123440-0010_generated.wav,8.315011,2.655501,2.651281,0.319362,0.318855,2.754365,0.961172,0.222486
H1_512C_baseline,260-123440-0011.wav,generated_audios/generated_H1_512C/260-123440-0011_generated.wav,4.870023,0.963862,0.960428,0.197917,0.197212,2.871786,0.966688,0.219668
H1_512C_baseline,260-123440-0012.wav,generated_audios/generated_H1_512C/260-123440-0012_generated.wav,5.245034,1.605361,1.60179,0.306073,0.305392,2.933363,0.97051,0.235587
H1_512C_baseline,260-123440-0013.wav,generated_audios/generated_H1_512C/260-123440-0013_generated.wav,3.475011,1.046222,1.042825,0.30107,0.300092,2.771287,0.970307,0.234882
H1_512C_baseline,260-123440-0014.wav,generated_audios/generated_H1_512C/260-123440-0014_generated.wav,3.815011,1.166901,1.163347,0.305871,0.304939,2.80579,0.971926,0.232962
H1_512C_baseline,260-123440-0015.wav,generated_audios/generated_H1_512C/260-123440-0015_generated.wav,6.2,1.257374,1.253783,0.202802,0.202223,3.066459,0.972589,0.206459
H1_512C_baseline,260-123440-0016.wav,generated_audios/generated_H1_512C/260-123440-0016_generated.wav,4.895011,1.510212,1.506576,0.308521,0.307778,3.010262,0.97488,0.213671
H1_512C_baseline,260-123440-0017.wav,generated_audios/generated_H1_512C/260-123440-0017_generated.wav,3.070023,0.637532,0.634249,0.207663,0.206594,2.959463,0.97438,0.20157
H1_512C_baseline,260-123440-0018.wav,generated_audios/generated_H1_512C/260-123440-0018_generated.wav,3.64,1.088761,1.085473,0.29911,0.298207,2.89114,0.977219,0.216494
H1_512C_baseline,260-123440-0019.wav,generated_audios/generated_H1_512C/260-123440-0019_generated.wav,6.630023,2.043707,2.039996,0.30825,0.307691,2.819066,0.969478,0.205203
H1_512C_baseline,260-123440-0020.wav,generated_audios/generated_H1_512C/260-123440-0020_generated.wav,4.995011,1.536755,1.533221,0.307658,0.306951,2.865171,0.971971,0.209875
H1_512C_baseline,61-70968-0000.wav,generated_audios/generated_H1_512C/61-70968-0000_generated.wav,4.905034,1.49573,1.493649,0.304938,0.304514,2.560514,0.970429,0.203871
H1_512C_baseline,61-70968-0001.wav,generated_audios/generated_H1_512C/61-70968-0001_generated.wav,3.610023,1.101483,1.098154,0.305118,0.304196,2.353907,0.949354,0.20172
H1_512C_baseline,61-70968-0002.wav,generated_audios/generated_H1_512C/61-70968-0002_generated.wav,2.970023,0.884257,0.880919,0.297727,0.296604,2.82189,0.957045,0.205088
H1_512C_baseline,61-70968-0003.wav,generated_audios/generated_H1_512C/61-70968-0003_generated.wav,4.315011,0.85492,0.851552,0.198127,0.197346,3.078203,0.962477,0.205993
H1_512C_baseline,61-70968-0004.wav,generated_audios/generated_H1_512C/61-70968-0004_generated.wav,3.885034,1.164582,1.161092,0.299761,0.298863,2.461587,0.966726,0.206299
H1_512C_baseline,61-70968-0005.wav,generated_audios/generated_H1_512C/61-70968-0005_generated.wav,5.070023,0.991439,0.988061,0.195549,0.194883,2.92871,0.945795,0.205347
H1_512C_baseline,61-70968-0006.wav,generated_audios/generated_H1_512C/61-70968-0006_generated.wav,2.935011,0.879449,0.876127,0.299641,0.298509,2.803752,0.965819,0.201628
H1_512C_baseline,61-70968-0007.wav,generated_audios/generated_H1_512C/61-70968-0007_generated.wav,3.550023,0.692843,0.690061,0.195166,0.194382,2.397679,0.911679,0.203617
H1_512C_baseline,61-70968-0008.wav,generated_audios/generated_H1_512C/61-70968-0008_generated.wav,3.535011,0.689842,0.686559,0.195146,0.194217,2.593606,0.960785,0.20787
H1_512C_baseline,61-70968-0009.wav,generated_audios/generated_H1_512C/61-70968-0009_generated.wav,4.510023,1.383717,1.380206,0.306809,0.306031,2.665888,0.944409,0.203836
H1_512C_baseline,61-70968-0010.wav,generated_audios/generated_H1_512C/61-70968-0010_generated.wav,8.295011,2.594198,2.59014,0.312742,0.312253,2.79481,0.957209,0.205991
H1_512C_baseline,61-70968-0011.wav,generated_audios/generated_H1_512C/61-70968-0011_generated.wav,6.375011,1.942714,1.938901,0.304739,0.304141,2.550559,0.96066,0.205086
H1_512C_baseline,61-70968-0012.wav,generated_audios/generated_H1_512C/61-70968-0012_generated.wav,2.610023,0.515938,0.512711,0.197676,0.196439,3.054447,0.980143,0.205423
H1_512C_baseline,61-70968-0013.wav,generated_audios/generated_H1_512C/61-70968-0013_generated.wav,4.450023,0.872442,0.868871,0.196053,0.195251,2.932636,0.95971,0.196912
H1_512C_baseline,61-70968-0014.wav,generated_audios/generated_H1_512C/61-70968-0014_generated.wav,7.485034,2.358904,2.35489,0.315149,0.314613,3.109418,0.969002,0.202456
H1_512C_baseline,61-70968-0015.wav,generated_audios/generated_H1_512C/61-70968-0015_generated.wav,5.375011,1.642753,1.639056,0.305628,0.30494,3.115433,0.97194,0.207011
H1_512C_baseline,61-70968-0016.wav,generated_audios/generated_H1_512C/61-70968-0016_generated.wav,3.72,1.106581,1.103296,0.297468,0.296585,3.2715,0.976313,0.204283
H1_512C_baseline,61-70968-0017.wav,generated_audios/generated_H1_512C/61-70968-0017_generated.wav,5.110023,1.558104,1.554822,0.304911,0.304269,2.32737,0.965048,0.202789
H1_512C_baseline,61-70968-0018.wav,generated_audios/generated_H1_512C/61-70968-0018_generated.wav,2.405034,0.688874,0.685686,0.28643,0.285105,2.824651,0.960052,0.202255
H1_512C_baseline,61-70968-0019.wav,generated_audios/generated_H1_512C/61-70968-0019_generated.wav,5.475011,1.661314,1.657609,0.303436,0.302759,2.779467,0.9628,0.213631
H1_512C_baseline,61-70968-0020.wav,generated_audios/generated_H1_512C/61-70968-0020_generated.wav,5.105034,1.547466,1.543936,0.303126,0.302434,3.15665,0.956953,0.204915
H1_512C_baseline,61-70968-0021.wav,generated_audios/generated_H1_512C/61-70968-0021_generated.wav,2.690023,0.797755,0.795124,0.296561,0.295583,2.868756,0.944876,0.200797
H1_512C_baseline,61-70968-0022.wav,generated_audios/generated_H1_512C/61-70968-0022_generated.wav,4.670023,0.930643,0.927174,0.19928,0.198537,2.671122,0.954013,0.207309
H1_512C_baseline,61-70968-0023.wav,generated_audios/generated_H1_512C/61-70968-0023_generated.wav,5.025034,1.004872,1.001388,0.199973,0.19928,2.724324,0.967343,0.203669
H1_512C_baseline,61-70968-0024.wav,generated_audios/generated_H1_512C/61-70968-0024_generated.wav,6.025034,1.885923,1.882437,0.313014,0.312436,2.658937,0.948902,0.211436
H1_512C_baseline,61-70968-0025.wav,generated_audios/generated_H1_512C/61-70968-0025_generated.wav,4.410023,0.878164,0.874858,0.199129,0.198379,2.955395,0.960229,0.202142
H1_512C_baseline,61-70968-0026.wav,generated_audios/generated_H1_512C/61-70968-0026_generated.wav,4.92,1.480454,1.476896,0.300905,0.300182,2.936134,0.971847,0.197304
H1_512C_baseline,61-70968-0027.wav,generated_audios/generated_H1_512C/61-70968-0027_generated.wav,6.870023,2.122686,2.119045,0.308978,0.308448,2.884149,0.963976,0.202707
H1_512C_baseline,61-70968-0028.wav,generated_audios/generated_H1_512C/61-70968-0028_generated.wav,5.355011,1.629521,1.625885,0.304298,0.303619,3.158204,0.968419,0.197894
H1_512C_baseline,61-70968-0029.wav,generated_audios/generated_H1_512C/61-70968-0029_generated.wav,3.495011,1.066415,1.063076,0.305125,0.30417,2.711395,0.964903,0.198946
H1_512C_baseline,61-70968-0030.wav,generated_audios/generated_H1_512C/61-70968-0030_generated.wav,5.685034,1.731593,1.72798,0.304588,0.303952,2.650535,0.963265,0.20254
H1_512C_baseline,61-70968-0031.wav,generated_audios/generated_H1_512C/61-70968-0031_generated.wav,2.925034,0.863802,0.860499,0.295314,0.294184,2.41533,0.941943,0.199865
H1_512C_baseline,61-70968-0032.wav,generated_audios/generated_H1_512C/61-70968-0032_generated.wav,4.28,0.857314,0.854427,0.200307,0.199632,2.976708,0.964687,0.19958
H1_512C_baseline,61-70968-0033.wav,generated_audios/generated_H1_512C/61-70968-0033_generated.wav,5.685034,1.11477,1.111247,0.196089,0.195469,3.236924,0.976971,0.201318
H1_512C_baseline,61-70968-0034.wav,generated_audios/generated_H1_512C/61-70968-0034_generated.wav,4.230023,1.295434,1.292,0.306248,0.305436,3.203739,0.971842,0.216078
H1_512C_baseline,61-70968-0035.wav,generated_audios/generated_H1_512C/61-70968-0035_generated.wav,7.950023,2.482014,2.478044,0.312202,0.311703,2.894502,0.965107,0.201789
H1_512C_baseline,61-70968-0036.wav,generated_audios/generated_H1_512C/61-70968-0036_generated.wav,2.934966,0.585801,0.582582,0.199594,0.198497,2.568598,0.957879,0.203822
H1_512C_baseline,61-70968-0037.wav,generated_audios/generated_H1_512C/61-70968-0037_generated.wav,4.315011,0.88205,0.878568,0.204414,0.203607,2.526575,0.949299,0.212209
H1_512C_baseline,61-70968-0038.wav,generated_audios/generated_H1_512C/61-70968-0038_generated.wav,2.050023,0.643572,0.640983,0.313934,0.312671,3.554674,0.939682,0.198785
H1_512C_baseline,61-70968-0039.wav,generated_audios/generated_H1_512C/61-70968-0039_generated.wav,3.805034,1.108884,1.105883,0.291426,0.290637,3.027049,0.957524,0.202922
H1_512C_baseline,61-70968-0040.wav,generated_audios/generated_H1_512C/61-70968-0040_generated.wav,3.950023,1.191225,1.188298,0.301574,0.300833,3.06319,0.965635,0.202082
H1_512C_baseline,61-70968-0041.wav,generated_audios/generated_H1_512C/61-70968-0041_generated.wav,6.825034,1.386298,1.382557,0.20312,0.202571,2.871545,0.953616,0.203947
H1_512C_baseline,61-70968-0042.wav,generated_audios/generated_H1_512C/61-70968-0042_generated.wav,2.785034,0.532318,0.529089,0.191135,0.189976,2.527263,0.953615,0.207042
H1_512C_baseline,61-70968-0043.wav,generated_audios/generated_H1_512C/61-70968-0043_generated.wav,6.735011,2.111429,2.107688,0.3135,0.312945,2.867157,0.947177,0.197741
H1_512C_baseline,61-70968-0044.wav,generated_audios/generated_H1_512C/61-70968-0044_generated.wav,2.770023,0.553228,0.55,0.19972,0.198554,2.767839,0.949895,0.201445
H1_512C_baseline,61-70968-0045.wav,generated_audios/generated_H1_512C/61-70968-0045_generated.wav,3.475011,0.684784,0.681692,0.197059,0.19617,2.945797,0.937359,0.199242
H1_512C_baseline,61-70968-0046.wav,generated_audios/generated_H1_512C/61-70968-0046_generated.wav,3.550023,0.6904,0.687136,0.194478,0.193558,2.693507,0.959232,0.206487
H1_512C_baseline,61-70968-0047.wav,generated_audios/generated_H1_512C/61-70968-0047_generated.wav,4.775011,1.404745,1.401358,0.294187,0.293477,2.974227,0.96658,0.203175
H1_512C_baseline,61-70968-0048.wav,generated_audios/generated_H1_512C/61-70968-0048_generated.wav,3.02,0.926008,0.923056,0.306625,0.305648,2.417161,0.94798,0.205628
H1_512C_baseline,61-70968-0049.wav,generated_audios/generated_H1_512C/61-70968-0049_generated.wav,8.250023,2.610744,2.606785,0.316453,0.315973,2.646695,0.949663,0.202202
H1_512C_baseline,61-70968-0050.wav,generated_audios/generated_H1_512C/61-70968-0050_generated.wav,5.58,1.70917,1.705533,0.306303,0.305651,2.528644,0.953826,0.205549
H1_512C_baseline,61-70968-0051.wav,generated_audios/generated_H1_512C/61-70968-0051_generated.wav,3.135011,0.928136,0.924813,0.296055,0.294995,2.722139,0.947064,0.195258
H1_512C_baseline,61-70968-0052.wav,generated_audios/generated_H1_512C/61-70968-0052_generated.wav,2.650023,0.747581,0.744317,0.282104,0.280872,2.7799,0.977233,0.20853
H1_512C_baseline,61-70968-0053.wav,generated_audios/generated_H1_512C/61-70968-0053_generated.wav,4.22,0.820904,0.817325,0.194527,0.193679,2.902753,0.955256,0.202214
H1_512C_baseline,61-70968-0054.wav,generated_audios/generated_H1_512C/61-70968-0054_generated.wav,7.86,2.423869,2.420187,0.30838,0.307912,2.784427,0.964561,0.203757
H1_512C_baseline,61-70968-0055.wav,generated_audios/generated_H1_512C/61-70968-0055_generated.wav,3.965034,0.794192,0.790932,0.200299,0.199477,2.913725,0.944993,0.202002
H1_512C_baseline,61-70968-0056.wav,generated_audios/generated_H1_512C/61-70968-0056_generated.wav,3.565034,1.051755,1.048477,0.29502,0.2941,3.060729,0.968156,0.20077
H1_512C_baseline,61-70968-0057.wav,generated_audios/generated_H1_512C/61-70968-0057_generated.wav,5.065034,1.023126,1.019645,0.201998,0.201311,2.566121,0.941743,0.204938
H1_512C_baseline,61-70968-0058.wav,generated_audios/generated_H1_512C/61-70968-0058_generated.wav,1.82,0.528764,0.525463,0.290529,0.288716,2.45691,0.93383,0.20181
H1_512C_baseline,61-70968-0059.wav,generated_audios/generated_H1_512C/61-70968-0059_generated.wav,2.170023,0.421371,0.418342,0.194178,0.192782,3.06644,0.978316,0.207562
H1_512C_baseline,61-70968-0060.wav,generated_audios/generated_H1_512C/61-70968-0060_generated.wav,3.735011,0.710646,0.708461,0.190266,0.189681,2.805167,0.960962,0.199041
H1_512C_baseline,61-70968-0061.wav,generated_audios/generated_H1_512C/61-70968-0061_generated.wav,5.530023,1.708794,1.705058,0.309003,0.308328,2.70545,0.956708,0.209823
H1_512C_baseline,61-70968-0062.wav,generated_audios/generated_H1_512C/61-70968-0062_generated.wav,2.555011,0.486379,0.483298,0.190363,0.189157,2.940311,0.926669,0.199977
H1_512C_baseline,61-70970-0000.wav,generated_audios/generated_H1_512C/61-70970-0000_generated.wav,6.075011,1.839052,1.835611,0.302724,0.302158,2.116973,0.954896,0.210444
H1_512C_baseline,61-70970-0001.wav,generated_audios/generated_H1_512C/61-70970-0001_generated.wav,6.155011,1.893003,1.889673,0.307555,0.307014,2.536906,0.96365,0.210507
H1_512C_baseline,61-70970-0002.wav,generated_audios/generated_H1_512C/61-70970-0002_generated.wav,4.165034,1.291424,1.288034,0.310063,0.309249,2.728232,0.954123,0.204958
H1_512C_baseline,61-70970-0003.wav,generated_audios/generated_H1_512C/61-70970-0003_generated.wav,3.835011,1.107313,1.104014,0.288738,0.287878,2.765304,0.94867,0.19019
H1_512C_baseline,61-70970-0004.wav,generated_audios/generated_H1_512C/61-70970-0004_generated.wav,10.515011,3.311798,3.307936,0.314959,0.314592,2.893386,0.953296,0.197431
H1_512C_baseline,61-70970-0005.wav,generated_audios/generated_H1_512C/61-70970-0005_generated.wav,2.02,0.606783,0.603608,0.300388,0.298816,2.607431,0.935998,0.214419
H1_512C_baseline,61-70970-0006.wav,generated_audios/generated_H1_512C/61-70970-0006_generated.wav,2.335011,0.664779,0.661525,0.284701,0.283307,2.040565,0.952509,0.206314
H1_512C_baseline,61-70970-0007.wav,generated_audios/generated_H1_512C/61-70970-0007_generated.wav,4.485034,1.374269,1.37109,0.306412,0.305703,2.769103,0.952572,0.208099
H1_512C_baseline,61-70970-0008.wav,generated_audios/generated_H1_512C/61-70970-0008_generated.wav,2.150023,0.643937,0.640783,0.299503,0.298035,2.793951,0.932776,0.202519
H1_512C_baseline,61-70970-0009.wav,generated_audios/generated_H1_512C/61-70970-0009_generated.wav,3.405034,1.010576,1.006959,0.296789,0.295727,2.938808,0.96026,0.195431
H1_512C_baseline,61-70970-0010.wav,generated_audios/generated_H1_512C/61-70970-0010_generated.wav,3.045034,0.578636,0.575737,0.190026,0.189074,2.753671,0.944523,0.198096
H1_512C_baseline,61-70970-0011.wav,generated_audios/generated_H1_512C/61-70970-0011_generated.wav,6.075011,1.191778,1.188504,0.196177,0.195638,2.827008,0.945808,0.201776
H1_512C_baseline,61-70970-0012.wav,generated_audios/generated_H1_512C/61-70970-0012_generated.wav,3.135011,0.593158,0.589946,0.189204,0.18818,2.640537,0.964392,0.199456
H1_512C_baseline,61-70970-0013.wav,generated_audios/generated_H1_512C/61-70970-0013_generated.wav,4.350023,1.31265,1.30969,0.301757,0.301076,2.557562,0.957267,0.21014
H1_512C_baseline,61-70970-0014.wav,generated_audios/generated_H1_512C/61-70970-0014_generated.wav,3.405034,0.5951,0.591975,0.174771,0.173853,2.54564,0.968316,0.203971
H1_512C_baseline,61-70970-0015.wav,generated_audios/generated_H1_512C/61-70970-0015_generated.wav,8.415011,2.729087,2.725391,0.324312,0.323872,2.668767,0.969192,0.202313
H1_512C_baseline,61-70970-0016.wav,generated_audios/generated_H1_512C/61-70970-0016_generated.wav,4.370023,1.298904,1.295549,0.297231,0.296463,3.055813,0.971046,0.205151
H1_512C_baseline,61-70970-0017.wav,generated_audios/generated_H1_512C/61-70970-0017_generated.wav,2.550023,0.472413,0.469298,0.185258,0.184037,2.248082,0.950332,0.20926
H1_512C_baseline,61-70970-0018.wav,generated_audios/generated_H1_512C/61-70970-0018_generated.wav,4.6,1.358697,1.35523,0.295369,0.294615,2.578764,0.943899,0.206914
H1_512C_baseline,61-70970-0019.wav,generated_audios/generated_H1_512C/61-70970-0019_generated.wav,3.78,1.115545,1.11231,0.295118,0.294262,3.140284,0.965446,0.203945
H1_512C_baseline,61-70970-0020.wav,generated_audios/generated_H1_512C/61-70970-0020_generated.wav,5.025034,0.945002,0.941598,0.188059,0.187381,2.612376,0.946968,0.207283
H1_512C_baseline,61-70970-0021.wav,generated_audios/generated_H1_512C/61-70970-0021_generated.wav,5.405034,1.572969,1.569611,0.291019,0.290398,2.647855,0.956262,0.208755
H1_512C_baseline,61-70970-0022.wav,generated_audios/generated_H1_512C/61-70970-0022_generated.wav,3.970023,0.735138,0.731707,0.185172,0.184308,2.55256,0.942333,0.212412
H1_512C_baseline,61-70970-0023.wav,generated_audios/generated_H1_512C/61-70970-0023_generated.wav,3.705034,0.684024,0.680556,0.18462,0.183684,2.909219,0.967486,0.206423
H1_512C_baseline,61-70970-0024.wav,generated_audios/generated_H1_512C/61-70970-0024_generated.wav,7.235011,2.252638,2.249458,0.311352,0.310913,2.842456,0.964888,0.206692
H1_512C_baseline,61-70970-0025.wav,generated_audios/generated_H1_512C/61-70970-0025_generated.wav,7.435011,2.343156,2.339598,0.315152,0.314673,2.873365,0.970067,0.198182
H1_512C_baseline,61-70970-0026.wav,generated_audios/generated_H1_512C/61-70970-0026_generated.wav,5.475011,1.029786,1.026353,0.188088,0.187461,2.852269,0.959185,0.196893
H1_512C_baseline,61-70970-0027.wav,generated_audios/generated_H1_512C/61-70970-0027_generated.wav,5.08,0.942633,0.938947,0.185558,0.184832,2.796166,0.954164,0.201312
H1_512C_baseline,61-70970-0028.wav,generated_audios/generated_H1_512C/61-70970-0028_generated.wav,6.550023,1.269234,1.26592,0.193775,0.19327,2.693112,0.968672,0.197991
H1_512C_baseline,61-70970-0029.wav,generated_audios/generated_H1_512C/61-70970-0029_generated.wav,4.030023,0.74731,0.743933,0.185436,0.184598,3.015242,0.949023,0.204715
H1_512C_baseline,61-70970-0030.wav,generated_audios/generated_H1_512C/61-70970-0030_generated.wav,3.24,0.607549,0.60432,0.187515,0.186519,2.765856,0.953185,0.207762
H1_512C_baseline,61-70970-0031.wav,generated_audios/generated_H1_512C/61-70970-0031_generated.wav,5.135011,1.50467,1.501459,0.293022,0.292397,2.523965,0.957553,0.205212
H1_512C_baseline,61-70970-0032.wav,generated_audios/generated_H1_512C/61-70970-0032_generated.wav,3.135011,0.586956,0.583791,0.187226,0.186217,2.725655,0.95571,0.209618
H1_512C_baseline,61-70970-0033.wav,generated_audios/generated_H1_512C/61-70970-0033_generated.wav,3.42,0.973196,0.969828,0.28456,0.283576,2.730916,0.965867,0.207154
H1_512C_baseline,61-70970-0034.wav,generated_audios/generated_H1_512C/61-70970-0034_generated.wav,4.485034,0.823078,0.8196,0.183517,0.182741,2.322259,0.94714,0.206454
H1_512C_baseline,61-70970-0035.wav,generated_audios/generated_H1_512C/61-70970-0035_generated.wav,7.405034,1.448414,1.444634,0.195599,0.195088,2.714791,0.959881,0.202974
H1_512C_baseline,61-70970-0036.wav,generated_audios/generated_H1_512C/61-70970-0036_generated.wav,6.785034,1.309427,1.305941,0.192988,0.192474,2.650875,0.958365,0.20447
H1_512C_baseline,61-70970-0037.wav,generated_audios/generated_H1_512C/61-70970-0037_generated.wav,5.98,1.771353,1.767768,0.296213,0.295613,2.767541,0.956259,0.206801
H1_512C_baseline,61-70970-0038.wav,generated_audios/generated_H1_512C/61-70970-0038_generated.wav,10.4,3.239378,3.235467,0.311479,0.311103,2.680682,0.960626,0.20435
H1_512C_baseline,61-70970-0039.wav,generated_audios/generated_H1_512C/61-70970-0039_generated.wav,6.665034,1.29166,1.28803,0.193796,0.193252,2.513105,0.949984,0.208768
H1_512C_baseline,61-70970-0040.wav,generated_audios/generated_H1_512C/61-70970-0040_generated.wav,4.165034,0.757565,0.755339,0.181887,0.181352,2.861255,0.964968,0.206697
H1_512C_baseline,672-122797-0000.wav,generated_audios/generated_H1_512C/672-122797-0000_generated.wav,4.070023,1.205743,1.202278,0.29625,0.295398,3.663103,0.974421,0.199075
H1_512C_baseline,672-122797-0001.wav,generated_audios/generated_H1_512C/672-122797-0001_generated.wav,15.130023,6.261429,6.256746,0.413841,0.413532,3.399722,0.969525,0.202313
H1_512C_baseline,672-122797-0002.wav,generated_audios/generated_H1_512C/672-122797-0002_generated.wav,13.62,5.588438,5.583929,0.410311,0.40998,3.352551,0.967625,0.201831
H1_512C_baseline,672-122797-0003.wav,generated_audios/generated_H1_512C/672-122797-0003_generated.wav,4.76,1.421805,1.418125,0.298699,0.297926,3.001919,0.958907,0.198815
H1_512C_baseline,672-122797-0004.wav,generated_audios/generated_H1_512C/672-122797-0004_generated.wav,10.250023,3.172239,3.168042,0.309486,0.309077,3.253379,0.955501,0.206477
H1_512C_baseline,672-122797-0005.wav,generated_audios/generated_H1_512C/672-122797-0005_generated.wav,3.26,0.988944,0.985749,0.303357,0.302377,3.183469,0.92951,0.201365
H1_512C_baseline,672-122797-0006.wav,generated_audios/generated_H1_512C/672-122797-0006_generated.wav,13.950023,5.908243,5.903894,0.423529,0.423218,2.868183,0.920736,0.22633
H1_512C_baseline,672-122797-0007.wav,generated_audios/generated_H1_512C/672-122797-0007_generated.wav,6.42,1.877065,1.873214,0.292378,0.291778,3.047664,0.93474,0.207486
H1_512C_baseline,672-122797-0008.wav,generated_audios/generated_H1_512C/672-122797-0008_generated.wav,30.810023,13.100933,13.094129,0.425217,0.424996,3.163091,0.939085,0.206713
H1_512C_baseline,672-122797-0009.wav,generated_audios/generated_H1_512C/672-122797-0009_generated.wav,2.765034,0.512931,0.509867,0.185506,0.184398,3.248535,0.927819,0.234717
H1_512C_baseline,672-122797-0010.wav,generated_audios/generated_H1_512C/672-122797-0010_generated.wav,3.815011,0.697121,0.693669,0.182731,0.181826,3.119289,0.95738,0.218996
H1_512C_baseline,672-122797-0011.wav,generated_audios/generated_H1_512C/672-122797-0011_generated.wav,2.54,0.743719,0.740781,0.292803,0.291646,3.029889,0.943409,0.245022
H1_512C_baseline,672-122797-0012.wav,generated_audios/generated_H1_512C/672-122797-0012_generated.wav,7.765034,2.379517,2.376849,0.30644,0.306096,3.078681,0.943832,0.221924
H1_512C_baseline,672-122797-0013.wav,generated_audios/generated_H1_512C/672-122797-0013_generated.wav,8.705034,2.647338,2.643165,0.304116,0.303636,3.072166,0.92771,0.216233
H1_512C_baseline,672-122797-0014.wav,generated_audios/generated_H1_512C/672-122797-0014_generated.wav,2.555011,0.478171,0.47505,0.18715,0.185929,2.886798,0.947262,0.228327
H1_512C_baseline,672-122797-0015.wav,generated_audios/generated_H1_512C/672-122797-0015_generated.wav,4.455011,0.825186,0.821687,0.185226,0.184441,3.04051,0.946316,0.235573
H1_512C_baseline,672-122797-0016.wav,generated_audios/generated_H1_512C/672-122797-0016_generated.wav,9.215011,2.805662,2.80166,0.304466,0.304032,3.135988,0.937523,0.220237
H1_512C_baseline,672-122797-0017.wav,generated_audios/generated_H1_512C/672-122797-0017_generated.wav,4.82,1.400652,1.397086,0.290592,0.289852,3.383346,0.939285,0.231425
H1_512C_baseline,672-122797-0018.wav,generated_audios/generated_H1_512C/672-122797-0018_generated.wav,4.930023,1.450535,1.447005,0.294225,0.293509,2.972054,0.952494,0.212038
H1_512C_baseline,672-122797-0019.wav,generated_audios/generated_H1_512C/672-122797-0019_generated.wav,4.110023,1.181725,1.17827,0.287523,0.286682,3.348241,0.945216,0.219201
H1_512C_baseline,672-122797-0020.wav,generated_audios/generated_H1_512C/672-122797-0020_generated.wav,8.825034,2.691411,2.687365,0.304975,0.304516,2.998144,0.939463,0.204707
H1_512C_baseline,672-122797-0021.wav,generated_audios/generated_H1_512C/672-122797-0021_generated.wav,4.150023,0.778109,0.774829,0.187495,0.186705,3.354361,0.972262,0.201487
H1_512C_baseline,672-122797-0022.wav,generated_audios/generated_H1_512C/672-122797-0022_generated.wav,19.004943,7.368526,7.363109,0.387716,0.387431,3.341679,0.940923,0.197598
H1_512C_baseline,672-122797-0023.wav,generated_audios/generated_H1_512C/672-122797-0023_generated.wav,9.695102,2.941969,2.937656,0.303449,0.303004,3.167022,0.946371,0.205351
H1_512C_baseline,672-122797-0024.wav,generated_audios/generated_H1_512C/672-122797-0024_generated.wav,4.130023,1.227607,1.224281,0.29724,0.296434,3.276493,0.934132,0.19957
H1_512C_baseline,672-122797-0025.wav,generated_audios/generated_H1_512C/672-122797-0025_generated.wav,10.690023,3.250622,3.246309,0.30408,0.303677,3.309081,0.962922,0.206771
H1_512C_baseline,672-122797-0026.wav,generated_audios/generated_H1_512C/672-122797-0026_generated.wav,13.96,4.647077,4.642078,0.332885,0.332527,2.969381,0.946511,0.205329
H1_512C_baseline,672-122797-0027.wav,generated_audios/generated_H1_512C/672-122797-0027_generated.wav,4.790023,0.891553,0.888013,0.186127,0.185388,2.903463,0.931267,0.200574
H1_512C_baseline,672-122797-0028.wav,generated_audios/generated_H1_512C/672-122797-0028_generated.wav,2.610023,0.489073,0.485948,0.187383,0.186185,3.210805,0.962243,0.204324
H1_512C_baseline,672-122797-0029.wav,generated_audios/generated_H1_512C/672-122797-0029_generated.wav,3.050023,0.566294,0.56296,0.185669,0.184576,3.534786,0.969528,0.209632
H1_512C_baseline,672-122797-0030.wav,generated_audios/generated_H1_512C/672-122797-0030_generated.wav,4.575011,1.342646,1.339774,0.293474,0.292846,3.154506,0.959732,0.218471
H1_512C_baseline,672-122797-0031.wav,generated_audios/generated_H1_512C/672-122797-0031_generated.wav,3.98,0.740625,0.737343,0.186087,0.185262,3.748268,0.950551,0.212397
H1_512C_baseline,672-122797-0032.wav,generated_audios/generated_H1_512C/672-122797-0032_generated.wav,4.0,0.744436,0.741241,0.186109,0.18531,3.014975,0.933682,0.203472
H1_512C_baseline,672-122797-0033.wav,generated_audios/generated_H1_512C/672-122797-0033_generated.wav,1.285034,0.406086,0.402844,0.316012,0.313489,3.237586,0.924452,0.229654
H1_512C_baseline,672-122797-0034.wav,generated_audios/generated_H1_512C/672-122797-0034_generated.wav,5.110023,0.951348,0.948229,0.186173,0.185563,3.222513,0.971599,0.213697
H1_512C_baseline,672-122797-0035.wav,generated_audios/generated_H1_512C/672-122797-0035_generated.wav,2.9,0.537424,0.5342,0.185318,0.184207,3.494641,0.96304,0.209665
H1_512C_baseline,672-122797-0036.wav,generated_audios/generated_H1_512C/672-122797-0036_generated.wav,5.365034,1.015262,1.011855,0.189237,0.188602,3.135806,0.925065,0.231178
H1_512C_baseline,672-122797-0037.wav,generated_audios/generated_H1_512C/672-122797-0037_generated.wav,1.96,0.555319,0.552467,0.283326,0.281871,2.968065,0.933245,0.246422
H1_512C_baseline,672-122797-0038.wav,generated_audios/generated_H1_512C/672-122797-0038_generated.wav,8.8,2.646507,2.642695,0.300739,0.300306,3.169605,0.944767,0.206581
H1_512C_baseline,672-122797-0039.wav,generated_audios/generated_H1_512C/672-122797-0039_generated.wav,4.025034,1.206055,1.202672,0.299638,0.298798,3.231102,0.959861,0.213968
H1_512C_baseline,672-122797-0040.wav,generated_audios/generated_H1_512C/672-122797-0040_generated.wav,5.125034,0.958677,0.955008,0.187058,0.186342,3.428664,0.949688,0.203176
H1_512C_baseline,672-122797-0041.wav,generated_audios/generated_H1_512C/672-122797-0041_generated.wav,3.88,0.736423,0.733001,0.1898,0.188918,3.034539,0.950467,0.211742
H1_512C_baseline,672-122797-0042.wav,generated_audios/generated_H1_512C/672-122797-0042_generated.wav,15.310023,5.597949,5.593292,0.36564,0.365335,3.313993,0.900021,0.199547
H1_512C_baseline,672-122797-0043.wav,generated_audios/generated_H1_512C/672-122797-0043_generated.wav,3.78,0.723352,0.719833,0.191363,0.190432,3.565389,0.926529,0.21853
H1_512C_baseline,672-122797-0044.wav,generated_audios/generated_H1_512C/672-122797-0044_generated.wav,3.74,0.70848,0.705111,0.189433,0.188532,3.103435,0.944424,0.208781
H1_512C_baseline,672-122797-0045.wav,generated_audios/generated_H1_512C/672-122797-0045_generated.wav,13.96,3.120634,3.116213,0.223541,0.223224,3.26567,0.966423,0.202142
H1_512C_baseline,672-122797-0046.wav,generated_audios/generated_H1_512C/672-122797-0046_generated.wav,4.715011,1.388749,1.384997,0.294538,0.293742,3.348025,0.947032,0.217682
H1_512C_baseline,672-122797-0047.wav,generated_audios/generated_H1_512C/672-122797-0047_generated.wav,3.325034,0.998236,0.994901,0.300218,0.299215,3.078408,0.932115,0.237937
H1_512C_baseline,672-122797-0048.wav,generated_audios/generated_H1_512C/672-122797-0048_generated.wav,6.555011,1.262817,1.259304,0.192649,0.192113,2.440623,0.909229,0.21372
H1_512C_baseline,672-122797-0049.wav,generated_audios/generated_H1_512C/672-122797-0049_generated.wav,2.02,0.364552,0.361689,0.180471,0.179054,3.441229,0.927593,0.211942
H1_512C_baseline,672-122797-0050.wav,generated_audios/generated_H1_512C/672-122797-0050_generated.wav,4.855011,1.430037,1.426515,0.294549,0.293823,3.091879,0.951779,0.199741
H1_512C_baseline,672-122797-0051.wav,generated_audios/generated_H1_512C/672-122797-0051_generated.wav,4.665034,1.409209,1.405596,0.302079,0.301305,3.227496,0.940892,0.219569
H1_512C_baseline,672-122797-0052.wav,generated_audios/generated_H1_512C/672-122797-0052_generated.wav,4.285034,1.218666,1.216454,0.2844,0.283884,2.78145,0.957294,0.225534
H1_512C_baseline,672-122797-0053.wav,generated_audios/generated_H1_512C/672-122797-0053_generated.wav,2.955011,0.552949,0.54965,0.187122,0.186006,2.886322,0.948573,0.202887
H1_512C_baseline,672-122797-0054.wav,generated_audios/generated_H1_512C/672-122797-0054_generated.wav,4.250023,0.79269,0.78934,0.186514,0.185726,3.1978,0.921381,0.211947
H1_512C_baseline,672-122797-0055.wav,generated_audios/generated_H1_512C/672-122797-0055_generated.wav,8.230023,2.470691,2.466853,0.300205,0.299738,2.975355,0.938768,0.201087
H1_512C_baseline,672-122797-0056.wav,generated_audios/generated_H1_512C/672-122797-0056_generated.wav,5.225034,0.985593,0.982061,0.188629,0.187953,3.030878,0.957726,0.208015
H1_512C_baseline,672-122797-0057.wav,generated_audios/generated_H1_512C/672-122797-0057_generated.wav,6.56,1.262947,1.259571,0.192522,0.192008,3.497607,0.923774,0.219556
H1_512C_baseline,672-122797-0058.wav,generated_audios/generated_H1_512C/672-122797-0058_generated.wav,4.470023,1.317861,1.314198,0.294822,0.294003,3.44166,0.92386,0.216256
H1_512C_baseline,672-122797-0059.wav,generated_audios/generated_H1_512C/672-122797-0059_generated.wav,3.52,1.002804,0.999701,0.284888,0.284006,3.095199,0.949878,0.209409
H1_512C_baseline,672-122797-0060.wav,generated_audios/generated_H1_512C/672-122797-0060_generated.wav,3.350023,0.610587,0.608639,0.182264,0.181682,3.697593,0.975664,0.199046
H1_512C_baseline,672-122797-0061.wav,generated_audios/generated_H1_512C/672-122797-0061_generated.wav,7.590023,2.287156,2.283436,0.301337,0.300847,3.273095,0.954389,0.226226
H1_512C_baseline,672-122797-0062.wav,generated_audios/generated_H1_512C/672-122797-0062_generated.wav,2.675011,0.791645,0.788436,0.295941,0.294741,2.907539,0.897061,0.209117
H1_512C_baseline,672-122797-0063.wav,generated_audios/generated_H1_512C/672-122797-0063_generated.wav,5.075011,0.951372,0.947606,0.187462,0.18672,3.189714,0.955811,0.211767
H1_512C_baseline,672-122797-0064.wav,generated_audios/generated_H1_512C/672-122797-0064_generated.wav,15.270023,5.581714,5.576679,0.365534,0.365204,3.246073,0.937946,0.211061
H1_512C_baseline,672-122797-0065.wav,generated_audios/generated_H1_512C/672-122797-0065_generated.wav,3.030023,0.56056,0.557892,0.185002,0.184121,2.969482,0.934911,0.212293
H1_512C_baseline,672-122797-0066.wav,generated_audios/generated_H1_512C/672-122797-0066_generated.wav,4.815011,0.90105,0.897539,0.187134,0.186404,3.233147,0.96665,0.20552
H1_512C_baseline,672-122797-0067.wav,generated_audios/generated_H1_512C/672-122797-0067_generated.wav,13.035011,4.289399,4.284871,0.329068,0.32872,3.112971,0.965279,0.202987
H1_512C_baseline,672-122797-0068.wav,generated_audios/generated_H1_512C/672-122797-0068_generated.wav,4.02,0.748149,0.745075,0.186107,0.185342,3.367592,0.943688,0.198748
H1_512C_baseline,672-122797-0069.wav,generated_audios/generated_H1_512C/672-122797-0069_generated.wav,5.010023,1.494774,1.491097,0.298357,0.297623,3.335402,0.931542,0.199418
H1_512C_baseline,672-122797-0070.wav,generated_audios/generated_H1_512C/672-122797-0070_generated.wav,6.270023,1.856044,1.852564,0.296019,0.295464,3.161393,0.970205,0.207216
H1_512C_baseline,672-122797-0071.wav,generated_audios/generated_H1_512C/672-122797-0071_generated.wav,8.875011,2.710907,2.707001,0.305454,0.305014,3.352636,0.972154,0.202428
H1_512C_baseline,672-122797-0072.wav,generated_audios/generated_H1_512C/672-122797-0072_generated.wav,7.94,2.392564,2.388636,0.301331,0.300836,3.135836,0.936712,0.206338
H1_512C_baseline,672-122797-0073.wav,generated_audios/generated_H1_512C/672-122797-0073_generated.wav,8.205034,2.491254,2.487487,0.303625,0.303166,3.376012,0.957678,0.2043
H1_512C_baseline,672-122797-0074.wav,generated_audios/generated_H1_512C/672-122797-0074_generated.wav,8.730023,2.628518,2.624859,0.30109,0.30067,3.43161,0.8957,0.199831
H1_512C_baseline,908-157963-0000.wav,generated_audios/generated_H1_512C/908-157963-0000_generated.wav,12.62,4.15495,4.150711,0.329235,0.328899,3.122588,0.957074,0.209191
H1_512C_baseline,908-157963-0001.wav,generated_audios/generated_H1_512C/908-157963-0001_generated.wav,2.885034,0.873787,0.870518,0.302869,0.301736,3.102858,0.967573,0.21447
H1_512C_baseline,908-157963-0002.wav,generated_audios/generated_H1_512C/908-157963-0002_generated.wav,2.755011,0.80554,0.802343,0.292391,0.29123,2.972928,0.968355,0.209966
H1_512C_baseline,908-157963-0003.wav,generated_audios/generated_H1_512C/908-157963-0003_generated.wav,3.08,0.918199,0.914975,0.298116,0.29707,2.99035,0.972302,0.209127
H1_512C_baseline,908-157963-0004.wav,generated_audios/generated_H1_512C/908-157963-0004_generated.wav,13.990023,4.630358,4.626035,0.330976,0.330667,2.861089,0.950394,0.207881
H1_512C_baseline,908-157963-0005.wav,generated_audios/generated_H1_512C/908-157963-0005_generated.wav,7.035011,2.123492,2.119789,0.301846,0.30132,2.953559,0.947474,0.209814
H1_512C_baseline,908-157963-0006.wav,generated_audios/generated_H1_512C/908-157963-0006_generated.wav,8.110023,2.47398,2.469837,0.305052,0.304541,2.794144,0.950933,0.211704
H1_512C_baseline,908-157963-0007.wav,generated_audios/generated_H1_512C/908-157963-0007_generated.wav,32.770023,13.839967,13.83226,0.422336,0.422101,2.788214,0.952479,0.209946
H1_512C_baseline,908-157963-0008.wav,generated_audios/generated_H1_512C/908-157963-0008_generated.wav,19.950023,7.392991,7.387015,0.370576,0.370276,2.856905,0.956566,0.209019
H1_512C_baseline,908-157963-0009.wav,generated_audios/generated_H1_512C/908-157963-0009_generated.wav,4.06,1.194416,1.190677,0.294191,0.29327,2.827629,0.96308,0.208607
H1_512C_baseline,908-157963-0010.wav,generated_audios/generated_H1_512C/908-157963-0010_generated.wav,6.28,1.195886,1.192343,0.190428,0.189863,2.781746,0.934934,0.207734
H1_512C_baseline,908-157963-0011.wav,generated_audios/generated_H1_512C/908-157963-0011_generated.wav,10.395011,2.031152,2.02698,0.195397,0.194995,2.813106,0.950906,0.211653
H1_512C_baseline,908-157963-0012.wav,generated_audios/generated_H1_512C/908-157963-0012_generated.wav,10.090023,3.067018,3.062449,0.303965,0.303513,2.653686,0.933627,0.208162
H1_512C_baseline,908-157963-0013.wav,generated_audios/generated_H1_512C/908-157963-0013_generated.wav,4.315011,0.81211,0.809089,0.188206,0.187506,2.686329,0.963111,0.210847
H1_512C_baseline,908-157963-0014.wav,generated_audios/generated_H1_512C/908-157963-0014_generated.wav,4.52,0.851841,0.848365,0.18846,0.187691,3.151009,0.959658,0.207771
H1_512C_baseline,908-157963-0015.wav,generated_audios/generated_H1_512C/908-157963-0015_generated.wav,14.465034,5.266788,5.262221,0.364105,0.363789,2.989117,0.965274,0.208624
H1_512C_baseline,908-157963-0016.wav,generated_audios/generated_H1_512C/908-157963-0016_generated.wav,5.105034,0.965482,0.961835,0.189124,0.188409,2.836459,0.967583,0.207932
H1_512C_baseline,908-157963-0017.wav,generated_audios/generated_H1_512C/908-157963-0017_generated.wav,4.950023,1.459752,1.456189,0.294898,0.294178,3.022581,0.964229,0.208743
H1_512C_baseline,908-157963-0018.wav,generated_audios/generated_H1_512C/908-157963-0018_generated.wav,4.255011,0.808563,0.805135,0.190026,0.189221,3.153696,0.959315,0.206264
H1_512C_baseline,908-157963-0019.wav,generated_audios/generated_H1_512C/908-157963-0019_generated.wav,21.44,8.957887,8.952134,0.417812,0.417544,2.098535,0.957242,0.208687
H1_512C_baseline,908-157963-0020.wav,generated_audios/generated_H1_512C/908-157963-0020_generated.wav,9.8,2.985662,2.981462,0.304659,0.304231,2.758445,0.952042,0.212126
H1_512C_baseline,908-157963-0021.wav,generated_audios/generated_H1_512C/908-157963-0021_generated.wav,10.24,2.030716,2.026692,0.198312,0.197919,2.950178,0.959037,0.208245
H1_512C_baseline,908-157963-0022.wav,generated_audios/generated_H1_512C/908-157963-0022_generated.wav,4.610023,1.372327,1.368867,0.297683,0.296933,2.600667,0.957256,0.206841
H1_512C_baseline,908-157963-0023.wav,generated_audios/generated_H1_512C/908-157963-0023_generated.wav,9.625034,2.932752,2.928325,0.3047,0.304241,2.793818,0.942853,0.206896
H1_512C_baseline,908-157963-0024.wav,generated_audios/generated_H1_512C/908-157963-0024_generated.wav,3.44,1.012294,1.008896,0.294272,0.293284,2.49825,0.954471,0.21352
H1_512C_baseline,908-157963-0025.wav,generated_audios/generated_H1_512C/908-157963-0025_generated.wav,9.265034,2.814571,2.810322,0.303784,0.303326,2.599496,0.953152,0.207116
H1_512C_baseline,908-157963-0026.wav,generated_audios/generated_H1_512C/908-157963-0026_generated.wav,8.1,2.463286,2.459319,0.304109,0.30362,2.887087,0.953646,0.203604
H1_512C_baseline,908-157963-0027.wav,generated_audios/generated_H1_512C/908-157963-0027_generated.wav,5.225034,1.001572,0.997579,0.191687,0.190923,2.800397,0.922815,0.214922
H1_512C_baseline,908-157963-0028.wav,generated_audios/generated_H1_512C/908-157963-0028_generated.wav,4.955011,0.909187,0.905649,0.183488,0.182774,2.94572,0.972161,0.208947
H1_512C_baseline,908-157963-0029.wav,generated_audios/generated_H1_512C/908-157963-0029_generated.wav,3.630023,1.052781,1.049955,0.290021,0.289242,3.127844,0.97841,0.209594
H1_512C_baseline,908-157963-0030.wav,generated_audios/generated_H1_512C/908-157963-0030_generated.wav,4.52,0.848121,0.844635,0.187637,0.186866,2.97622,0.975432,0.208219
H1_512C_baseline,908-31957-0000.wav,generated_audios/generated_H1_512C/908-31957-0000_generated.wav,2.125034,0.613331,0.610202,0.288622,0.287149,2.921236,0.940847,0.224801
H1_512C_baseline,908-31957-0001.wav,generated_audios/generated_H1_512C/908-31957-0001_generated.wav,11.315011,3.467812,3.463284,0.306479,0.306079,2.600934,0.946908,0.21315
H1_512C_baseline,908-31957-0002.wav,generated_audios/generated_H1_512C/908-31957-0002_generated.wav,4.790023,0.90789,0.904331,0.189538,0.188795,2.57322,0.949624,0.21394
H1_512C_baseline,908-31957-0003.wav,generated_audios/generated_H1_512C/908-31957-0003_generated.wav,6.565034,1.278617,1.274618,0.194762,0.194153,2.840756,0.961825,0.213866
H1_512C_baseline,908-31957-0004.wav,generated_audios/generated_H1_512C/908-31957-0004_generated.wav,14.755011,5.443499,5.438764,0.368925,0.368605,2.975794,0.96321,0.21118
H1_512C_baseline,908-31957-0005.wav,generated_audios/generated_H1_512C/908-31957-0005_generated.wav,4.490023,0.844021,0.840414,0.187977,0.187174,2.672198,0.95228,0.214422
H1_512C_baseline,908-31957-0006.wav,generated_audios/generated_H1_512C/908-31957-0006_generated.wav,5.890023,1.898779,1.895274,0.322372,0.321777,2.918473,0.949551,0.216292
H1_512C_baseline,908-31957-0007.wav,generated_audios/generated_H1_512C/908-31957-0007_generated.wav,5.8,1.150967,1.147384,0.198443,0.197825,2.795766,0.958046,0.214506
H1_512C_baseline,908-31957-0008.wav,generated_audios/generated_H1_512C/908-31957-0008_generated.wav,10.005034,3.045369,3.041558,0.304384,0.304003,2.841495,0.962162,0.209078
H1_512C_baseline,908-31957-0009.wav,generated_audios/generated_H1_512C/908-31957-0009_generated.wav,7.705034,2.312601,2.308559,0.300142,0.299617,2.728116,0.955451,0.213842
H1_512C_baseline,908-31957-0010.wav,generated_audios/generated_H1_512C/908-31957-0010_generated.wav,2.510023,0.727526,0.724177,0.289848,0.288514,2.891317,0.926877,0.203521
H1_512C_baseline,908-31957-0011.wav,generated_audios/generated_H1_512C/908-31957-0011_generated.wav,2.335011,0.437601,0.434414,0.187409,0.186044,2.940845,0.940273,0.20578
H1_512C_baseline,908-31957-0012.wav,generated_audios/generated_H1_512C/908-31957-0012_generated.wav,7.615011,2.303723,2.299828,0.302524,0.302012,2.867441,0.953464,0.213629
H1_512C_baseline,908-31957-0013.wav,generated_audios/generated_H1_512C/908-31957-0013_generated.wav,6.18,1.86293,1.858955,0.301445,0.300802,3.19226,0.954941,0.208917
H1_512C_baseline,908-31957-0014.wav,generated_audios/generated_H1_512C/908-31957-0014_generated.wav,7.56,2.273275,2.26907,0.300698,0.300141,2.611182,0.950671,0.209914
H1_512C_baseline,908-31957-0015.wav,generated_audios/generated_H1_512C/908-31957-0015_generated.wav,21.465034,8.915714,8.910177,0.41536,0.415102,2.883062,0.952952,0.208423
H1_512C_baseline,908-31957-0016.wav,generated_audios/generated_H1_512C/908-31957-0016_generated.wav,6.48,1.99263,1.988629,0.307505,0.306887,3.09564,0.954544,0.206713
H1_512C_baseline,908-31957-0017.wav,generated_audios/generated_H1_512C/908-31957-0017_generated.wav,7.795011,2.45019,2.446262,0.314328,0.313824,2.796592,0.960154,0.20659
H1_512C_baseline,908-31957-0018.wav,generated_audios/generated_H1_512C/908-31957-0018_generated.wav,3.915011,1.131659,1.128171,0.289056,0.288165,2.982234,0.942863,0.215158
H1_512C_baseline,908-31957-0019.wav,generated_audios/generated_H1_512C/908-31957-0019_generated.wav,9.54,3.111654,3.107771,0.326169,0.325762,3.004518,0.960843,0.209807
H1_512C_baseline,908-31957-0020.wav,generated_audios/generated_H1_512C/908-31957-0020_generated.wav,5.895011,1.124431,1.120907,0.190743,0.190145,2.724384,0.943852,0.217942
H1_512C_baseline,908-31957-0021.wav,generated_audios/generated_H1_512C/908-31957-0021_generated.wav,10.905034,3.499196,3.495081,0.320879,0.320502,2.844666,0.958543,0.209846
H1_512C_baseline,908-31957-0022.wav,generated_audios/generated_H1_512C/908-31957-0022_generated.wav,14.1,5.488497,5.483883,0.389255,0.388928,2.749604,0.957881,0.209849
H1_512C_baseline,908-31957-0023.wav,generated_audios/generated_H1_512C/908-31957-0023_generated.wav,8.515011,2.862743,2.859322,0.3362,0.335798,3.004933,0.961626,0.209648
H1_512C_baseline,908-31957-0024.wav,generated_audios/generated_H1_512C/908-31957-0024_generated.wav,7.54,2.388118,2.384232,0.316727,0.316211,2.999257,0.965674,0.205701
H1_512C_baseline,908-31957-0025.wav,generated_audios/generated_H1_512C/908-31957-0025_generated.wav,20.56,8.891473,8.886645,0.432465,0.43223,3.052147,0.958808,0.20561
