experiment_name,audio_file,generated_file,audio_duration,inference_time,generator_time,avg_rtf,avg_generator_rtf,pesq,stoi,mel_l1
H2_128C_quantized_resblocks,1089-134686-0000.wav,generated_audios/generated_H2_128C_int8/1089-134686-0000_generated.wav,10.435011,0.284875,0.281141,0.0273,0.026942,1.982869,0.926974,0.599652
H2_128C_quantized_resblocks,1089-134686-0001.wav,generated_audios/generated_H2_128C_int8/1089-134686-0001_generated.wav,3.275011,0.111239,0.107656,0.033966,0.032872,1.795343,0.919551,0.664961
H2_128C_quantized_resblocks,1089-134686-0002.wav,generated_audios/generated_H2_128C_int8/1089-134686-0002_generated.wav,6.625034,0.20854,0.204565,0.031478,0.030878,1.936082,0.917557,0.626517
H2_128C_quantized_resblocks,1089-134686-0003.wav,generated_audios/generated_H2_128C_int8/1089-134686-0003_generated.wav,2.68,0.085143,0.081546,0.03177,0.030428,2.294775,0.932689,0.700394
H2_128C_quantized_resblocks,1089-134686-0004.wav,generated_audios/generated_H2_128C_int8/1089-134686-0004_generated.wav,5.215102,0.146931,0.143473,0.028174,0.027511,2.158849,0.948492,0.623243
H2_128C_quantized_resblocks,1089-134686-0005.wav,generated_audios/generated_H2_128C_int8/1089-134686-0005_generated.wav,9.635011,0.268014,0.263802,0.027817,0.02738,1.888596,0.894287,0.662067
H2_128C_quantized_resblocks,1089-134686-0006.wav,generated_audios/generated_H2_128C_int8/1089-134686-0006_generated.wav,10.555011,0.307609,0.302554,0.029143,0.028664,2.051975,0.916183,0.635296
H2_128C_quantized_resblocks,1089-134686-0007.wav,generated_audios/generated_H2_128C_int8/1089-134686-0007_generated.wav,4.275011,0.12473,0.1212,0.029177,0.028351,1.842804,0.916286,0.686732
H2_128C_quantized_resblocks,1089-134686-0008.wav,generated_audios/generated_H2_128C_int8/1089-134686-0008_generated.wav,6.730023,0.170057,0.166085,0.025268,0.024678,1.98452,0.917381,0.633919
H2_128C_quantized_resblocks,1089-134686-0009.wav,generated_audios/generated_H2_128C_int8/1089-134686-0009_generated.wav,10.575011,0.288683,0.284369,0.027299,0.026891,2.134322,0.939717,0.647582
H2_128C_quantized_resblocks,1089-134686-0010.wav,generated_audios/generated_H2_128C_int8/1089-134686-0010_generated.wav,4.405034,0.129908,0.126145,0.029491,0.028637,2.46469,0.941183,0.554855
H2_128C_quantized_resblocks,1089-134686-0011.wav,generated_audios/generated_H2_128C_int8/1089-134686-0011_generated.wav,12.445034,0.345141,0.340765,0.027733,0.027382,2.06398,0.920133,0.599383
H2_128C_quantized_resblocks,1089-134686-0012.wav,generated_audios/generated_H2_128C_int8/1089-134686-0012_generated.wav,11.64,0.35399,0.349977,0.030412,0.030067,2.039442,0.919481,0.62838
H2_128C_quantized_resblocks,1089-134686-0013.wav,generated_audios/generated_H2_128C_int8/1089-134686-0013_generated.wav,7.915011,0.233087,0.228822,0.029449,0.02891,1.878605,0.917914,0.628054
H2_128C_quantized_resblocks,1089-134686-0014.wav,generated_audios/generated_H2_128C_int8/1089-134686-0014_generated.wav,2.225034,0.07449,0.07091,0.033478,0.031869,2.040824,0.932564,0.606201
H2_128C_quantized_resblocks,1089-134686-0015.wav,generated_audios/generated_H2_128C_int8/1089-134686-0015_generated.wav,5.815011,0.163108,0.159649,0.028049,0.027455,2.09483,0.911079,0.664979
H2_128C_quantized_resblocks,1089-134686-0016.wav,generated_audios/generated_H2_128C_int8/1089-134686-0016_generated.wav,3.54,0.107988,0.10455,0.030505,0.029534,2.017872,0.925612,0.618433
H2_128C_quantized_resblocks,1089-134686-0017.wav,generated_audios/generated_H2_128C_int8/1089-134686-0017_generated.wav,8.870023,0.23891,0.235024,0.026935,0.026496,1.952384,0.924952,0.597842
H2_128C_quantized_resblocks,1089-134686-0018.wav,generated_audios/generated_H2_128C_int8/1089-134686-0018_generated.wav,15.72,0.421254,0.41626,0.026797,0.02648,2.02519,0.920219,0.618115
H2_128C_quantized_resblocks,1089-134686-0019.wav,generated_audios/generated_H2_128C_int8/1089-134686-0019_generated.wav,13.895011,0.374084,0.369569,0.026922,0.026597,1.978552,0.924914,0.604591
H2_128C_quantized_resblocks,1089-134686-0020.wav,generated_audios/generated_H2_128C_int8/1089-134686-0020_generated.wav,16.790023,0.475498,0.470279,0.02832,0.028009,1.944543,0.919931,0.622147
H2_128C_quantized_resblocks,1089-134686-0021.wav,generated_audios/generated_H2_128C_int8/1089-134686-0021_generated.wav,6.550023,0.196207,0.192328,0.029955,0.029363,1.98073,0.931593,0.631641
H2_128C_quantized_resblocks,1089-134686-0022.wav,generated_audios/generated_H2_128C_int8/1089-134686-0022_generated.wav,11.175011,0.299835,0.295337,0.026831,0.026428,2.032027,0.925819,0.598848
H2_128C_quantized_resblocks,1089-134686-0023.wav,generated_audios/generated_H2_128C_int8/1089-134686-0023_generated.wav,13.275011,0.377751,0.372782,0.028456,0.028081,2.066433,0.920057,0.624596
H2_128C_quantized_resblocks,1089-134686-0024.wav,generated_audios/generated_H2_128C_int8/1089-134686-0024_generated.wav,11.655011,0.318171,0.314198,0.027299,0.026958,1.924499,0.919241,0.590276
H2_128C_quantized_resblocks,1089-134686-0025.wav,generated_audios/generated_H2_128C_int8/1089-134686-0025_generated.wav,6.610023,0.190143,0.186556,0.028766,0.028223,1.859688,0.926102,0.63435
H2_128C_quantized_resblocks,1089-134686-0026.wav,generated_audios/generated_H2_128C_int8/1089-134686-0026_generated.wav,4.010023,0.132275,0.129287,0.032986,0.032241,2.262345,0.928474,0.613613
H2_128C_quantized_resblocks,1089-134686-0027.wav,generated_audios/generated_H2_128C_int8/1089-134686-0027_generated.wav,2.710023,0.084787,0.081949,0.031287,0.030239,2.213732,0.941333,0.572148
H2_128C_quantized_resblocks,1089-134686-0028.wav,generated_audios/generated_H2_128C_int8/1089-134686-0028_generated.wav,7.830023,0.220413,0.2171,0.02815,0.027727,2.091904,0.928078,0.59381
H2_128C_quantized_resblocks,1089-134686-0029.wav,generated_audios/generated_H2_128C_int8/1089-134686-0029_generated.wav,4.670023,0.15104,0.147351,0.032342,0.031552,2.125285,0.920996,0.622075
H2_128C_quantized_resblocks,1089-134686-0030.wav,generated_audios/generated_H2_128C_int8/1089-134686-0030_generated.wav,2.715011,0.079285,0.075919,0.029202,0.027963,1.717605,0.912982,0.575293
H2_128C_quantized_resblocks,1089-134686-0031.wav,generated_audios/generated_H2_128C_int8/1089-134686-0031_generated.wav,6.615011,0.166584,0.163142,0.025183,0.024662,2.022099,0.911192,0.635844
H2_128C_quantized_resblocks,121-121726-0000.wav,generated_audios/generated_H2_128C_int8/121-121726-0000_generated.wav,8.46,0.239052,0.23484,0.028257,0.027759,1.817608,0.927002,0.825906
H2_128C_quantized_resblocks,121-121726-0001.wav,generated_audios/generated_H2_128C_int8/121-121726-0001_generated.wav,5.925034,0.188583,0.18478,0.031828,0.031186,1.926434,0.919827,1.165277
H2_128C_quantized_resblocks,121-121726-0002.wav,generated_audios/generated_H2_128C_int8/121-121726-0002_generated.wav,4.410023,0.117788,0.113959,0.026709,0.025841,2.005901,0.910308,1.096588
H2_128C_quantized_resblocks,121-121726-0003.wav,generated_audios/generated_H2_128C_int8/121-121726-0003_generated.wav,6.755011,0.193459,0.189785,0.028639,0.028095,2.06755,0.937428,1.032042
H2_128C_quantized_resblocks,121-121726-0004.wav,generated_audios/generated_H2_128C_int8/121-121726-0004_generated.wav,4.02,0.120508,0.117117,0.029977,0.029134,2.018208,0.94141,1.241953
H2_128C_quantized_resblocks,121-121726-0005.wav,generated_audios/generated_H2_128C_int8/121-121726-0005_generated.wav,3.1,0.109217,0.105905,0.035231,0.034163,2.387457,0.961361,1.58643
H2_128C_quantized_resblocks,121-121726-0006.wav,generated_audios/generated_H2_128C_int8/121-121726-0006_generated.wav,3.895011,0.120337,0.116243,0.030895,0.029844,2.100479,0.925876,1.155106
H2_128C_quantized_resblocks,121-121726-0007.wav,generated_audios/generated_H2_128C_int8/121-121726-0007_generated.wav,6.730023,0.170554,0.16651,0.025342,0.024741,2.01314,0.94361,1.095398
H2_128C_quantized_resblocks,121-121726-0008.wav,generated_audios/generated_H2_128C_int8/121-121726-0008_generated.wav,4.990023,0.163545,0.159645,0.032774,0.031993,2.118742,0.952776,1.335995
H2_128C_quantized_resblocks,121-121726-0009.wav,generated_audios/generated_H2_128C_int8/121-121726-0009_generated.wav,7.26,0.20748,0.203574,0.028579,0.02804,1.849975,0.930328,1.024681
H2_128C_quantized_resblocks,121-121726-0010.wav,generated_audios/generated_H2_128C_int8/121-121726-0010_generated.wav,9.810023,0.267284,0.262863,0.027246,0.026795,1.91898,0.923904,1.015963
H2_128C_quantized_resblocks,121-121726-0011.wav,generated_audios/generated_H2_128C_int8/121-121726-0011_generated.wav,4.035011,0.119748,0.11618,0.029677,0.028793,2.185538,0.948303,1.202258
H2_128C_quantized_resblocks,121-121726-0012.wav,generated_audios/generated_H2_128C_int8/121-121726-0012_generated.wav,4.045034,0.126046,0.122321,0.031161,0.03024,2.135575,0.939707,0.967915
H2_128C_quantized_resblocks,121-121726-0013.wav,generated_audios/generated_H2_128C_int8/121-121726-0013_generated.wav,2.490023,0.07984,0.077845,0.032064,0.031263,1.932982,0.934957,1.146795
H2_128C_quantized_resblocks,121-121726-0014.wav,generated_audios/generated_H2_128C_int8/121-121726-0014_generated.wav,3.165034,0.098028,0.095751,0.030972,0.030253,2.321524,0.949915,1.252806
H2_128C_quantized_resblocks,121-123852-0000.wav,generated_audios/generated_H2_128C_int8/121-123852-0000_generated.wav,17.695011,0.49869,0.493493,0.028182,0.027889,1.857432,0.924408,1.035824
H2_128C_quantized_resblocks,121-123852-0001.wav,generated_audios/generated_H2_128C_int8/121-123852-0001_generated.wav,1.870023,0.067091,0.06377,0.035877,0.034101,1.553458,0.777841,1.592794
H2_128C_quantized_resblocks,121-123852-0002.wav,generated_audios/generated_H2_128C_int8/121-123852-0002_generated.wav,17.285034,0.475717,0.470613,0.027522,0.027227,1.813968,0.906066,0.871144
H2_128C_quantized_resblocks,121-123852-0003.wav,generated_audios/generated_H2_128C_int8/121-123852-0003_generated.wav,23.505034,7.264261,7.258497,0.309051,0.308806,1.707551,0.901392,0.903271
H2_128C_quantized_resblocks,121-123852-0004.wav,generated_audios/generated_H2_128C_int8/121-123852-0004_generated.wav,16.290023,4.643838,4.638476,0.285073,0.284743,1.955801,0.924413,0.858802
H2_128C_quantized_resblocks,121-123859-0000.wav,generated_audios/generated_H2_128C_int8/121-123859-0000_generated.wav,17.390023,4.620145,4.61499,0.265678,0.265381,1.480108,0.889656,0.944968
H2_128C_quantized_resblocks,121-123859-0001.wav,generated_audios/generated_H2_128C_int8/121-123859-0001_generated.wav,25.395011,6.858628,6.852588,0.270078,0.26984,1.856578,0.916861,0.88878
H2_128C_quantized_resblocks,121-123859-0002.wav,generated_audios/generated_H2_128C_int8/121-123859-0002_generated.wav,30.04,8.470603,8.46416,0.281977,0.281763,1.795152,0.909651,0.865065
H2_128C_quantized_resblocks,121-123859-0003.wav,generated_audios/generated_H2_128C_int8/121-123859-0003_generated.wav,10.825034,2.80473,2.800135,0.259097,0.258672,1.841326,0.926453,1.125888
H2_128C_quantized_resblocks,121-123859-0004.wav,generated_audios/generated_H2_128C_int8/121-123859-0004_generated.wav,9.505034,2.459964,2.455497,0.258806,0.258337,1.576991,0.908841,0.956424
H2_128C_quantized_resblocks,121-127105-0000.wav,generated_audios/generated_H2_128C_int8/121-127105-0000_generated.wav,9.875011,2.577415,2.573102,0.261004,0.260567,1.815017,0.913396,0.803919
H2_128C_quantized_resblocks,121-127105-0001.wav,generated_audios/generated_H2_128C_int8/121-127105-0001_generated.wav,5.025034,1.234528,1.230813,0.245675,0.244936,1.801489,0.913991,0.659459
H2_128C_quantized_resblocks,121-127105-0002.wav,generated_audios/generated_H2_128C_int8/121-127105-0002_generated.wav,7.495011,1.834244,1.830257,0.244729,0.244197,1.74752,0.916838,0.742077
H2_128C_quantized_resblocks,121-127105-0003.wav,generated_audios/generated_H2_128C_int8/121-127105-0003_generated.wav,7.725034,1.970784,1.966971,0.255116,0.254623,1.844671,0.921374,0.824606
H2_128C_quantized_resblocks,121-127105-0004.wav,generated_audios/generated_H2_128C_int8/121-127105-0004_generated.wav,2.110023,0.537719,0.534385,0.25484,0.253261,1.367642,0.930252,1.253608
H2_128C_quantized_resblocks,121-127105-0005.wav,generated_audios/generated_H2_128C_int8/121-127105-0005_generated.wav,5.82,1.451054,1.44743,0.249322,0.248699,1.844419,0.925095,0.805342
H2_128C_quantized_resblocks,121-127105-0006.wav,generated_audios/generated_H2_128C_int8/121-127105-0006_generated.wav,4.725034,1.220017,1.216347,0.258203,0.257426,1.477033,0.919782,0.858993
H2_128C_quantized_resblocks,121-127105-0007.wav,generated_audios/generated_H2_128C_int8/121-127105-0007_generated.wav,5.790023,1.448821,1.445536,0.250227,0.24966,1.693301,0.921531,0.784247
H2_128C_quantized_resblocks,121-127105-0008.wav,generated_audios/generated_H2_128C_int8/121-127105-0008_generated.wav,2.76,0.694409,0.691344,0.251597,0.250487,1.739161,0.915039,0.885853
H2_128C_quantized_resblocks,121-127105-0009.wav,generated_audios/generated_H2_128C_int8/121-127105-0009_generated.wav,2.290023,0.589782,0.587069,0.257544,0.256359,1.572127,0.91519,0.736647
H2_128C_quantized_resblocks,121-127105-0010.wav,generated_audios/generated_H2_128C_int8/121-127105-0010_generated.wav,2.850023,0.726575,0.723428,0.254937,0.253832,1.908866,0.914602,0.717297
H2_128C_quantized_resblocks,121-127105-0011.wav,generated_audios/generated_H2_128C_int8/121-127105-0011_generated.wav,5.78,1.489398,1.485892,0.257681,0.257075,1.733131,0.894423,0.674025
H2_128C_quantized_resblocks,121-127105-0012.wav,generated_audios/generated_H2_128C_int8/121-127105-0012_generated.wav,4.830023,1.263298,1.259738,0.261551,0.260814,1.330478,0.905938,0.627167
H2_128C_quantized_resblocks,121-127105-0013.wav,generated_audios/generated_H2_128C_int8/121-127105-0013_generated.wav,5.895011,1.452269,1.448488,0.246356,0.245714,1.740642,0.911605,0.803579
H2_128C_quantized_resblocks,121-127105-0014.wav,generated_audios/generated_H2_128C_int8/121-127105-0014_generated.wav,2.255011,0.545479,0.54219,0.241897,0.240438,1.767966,0.859117,1.06608
H2_128C_quantized_resblocks,121-127105-0015.wav,generated_audios/generated_H2_128C_int8/121-127105-0015_generated.wav,2.96,0.757265,0.754233,0.255833,0.254808,1.717284,0.909671,0.735349
H2_128C_quantized_resblocks,121-127105-0016.wav,generated_audios/generated_H2_128C_int8/121-127105-0016_generated.wav,2.030023,0.49662,0.493313,0.244638,0.243009,1.917636,0.918167,0.690071
H2_128C_quantized_resblocks,121-127105-0017.wav,generated_audios/generated_H2_128C_int8/121-127105-0017_generated.wav,2.695011,0.684595,0.681431,0.254023,0.252849,1.739635,0.897738,0.635437
H2_128C_quantized_resblocks,121-127105-0018.wav,generated_audios/generated_H2_128C_int8/121-127105-0018_generated.wav,2.770023,0.708265,0.705036,0.255689,0.254523,1.779989,0.911562,0.727732
H2_128C_quantized_resblocks,121-127105-0019.wav,generated_audios/generated_H2_128C_int8/121-127105-0019_generated.wav,3.525034,0.874127,0.870699,0.247977,0.247005,1.43087,0.920469,0.824293
H2_128C_quantized_resblocks,121-127105-0020.wav,generated_audios/generated_H2_128C_int8/121-127105-0020_generated.wav,14.355011,3.907993,3.902816,0.272239,0.271878,1.777434,0.913839,0.68821
H2_128C_quantized_resblocks,121-127105-0021.wav,generated_audios/generated_H2_128C_int8/121-127105-0021_generated.wav,2.0,0.490308,0.48672,0.245154,0.24336,1.680224,0.923152,0.789402
H2_128C_quantized_resblocks,121-127105-0022.wav,generated_audios/generated_H2_128C_int8/121-127105-0022_generated.wav,5.075011,1.299348,1.295817,0.256029,0.255333,1.833619,0.91667,0.980179
H2_128C_quantized_resblocks,121-127105-0023.wav,generated_audios/generated_H2_128C_int8/121-127105-0023_generated.wav,10.910023,2.696382,2.6926,0.247147,0.246801,1.89585,0.920955,0.677923
H2_128C_quantized_resblocks,121-127105-0024.wav,generated_audios/generated_H2_128C_int8/121-127105-0024_generated.wav,14.450023,4.10814,4.102743,0.2843,0.283926,1.792333,0.918152,0.699972
H2_128C_quantized_resblocks,121-127105-0025.wav,generated_audios/generated_H2_128C_int8/121-127105-0025_generated.wav,16.065034,4.274583,4.269286,0.26608,0.26575,1.807257,0.918015,0.712879
H2_128C_quantized_resblocks,121-127105-0026.wav,generated_audios/generated_H2_128C_int8/121-127105-0026_generated.wav,7.530023,1.83877,1.835241,0.244192,0.243723,1.80893,0.924361,0.671138
H2_128C_quantized_resblocks,121-127105-0027.wav,generated_audios/generated_H2_128C_int8/121-127105-0027_generated.wav,13.870023,3.730375,3.725441,0.268952,0.268597,1.907628,0.922916,0.768552
H2_128C_quantized_resblocks,121-127105-0028.wav,generated_audios/generated_H2_128C_int8/121-127105-0028_generated.wav,6.750023,0.191665,0.188039,0.028395,0.027858,1.910452,0.923781,0.828016
H2_128C_quantized_resblocks,121-127105-0029.wav,generated_audios/generated_H2_128C_int8/121-127105-0029_generated.wav,7.310023,1.858887,1.855134,0.254293,0.25378,1.835585,0.920158,0.823316
H2_128C_quantized_resblocks,121-127105-0030.wav,generated_audios/generated_H2_128C_int8/121-127105-0030_generated.wav,2.175011,0.542138,0.539028,0.249258,0.247828,1.718181,0.917024,0.820291
H2_128C_quantized_resblocks,121-127105-0031.wav,generated_audios/generated_H2_128C_int8/121-127105-0031_generated.wav,10.765034,2.592256,2.58891,0.240803,0.240493,1.786322,0.877501,0.958424
H2_128C_quantized_resblocks,121-127105-0032.wav,generated_audios/generated_H2_128C_int8/121-127105-0032_generated.wav,3.170023,0.756415,0.752886,0.238615,0.237502,1.614102,0.927396,0.80662
H2_128C_quantized_resblocks,121-127105-0033.wav,generated_audios/generated_H2_128C_int8/121-127105-0033_generated.wav,2.355011,0.585181,0.582088,0.248483,0.24717,1.892287,0.929325,0.999335
H2_128C_quantized_resblocks,121-127105-0034.wav,generated_audios/generated_H2_128C_int8/121-127105-0034_generated.wav,7.410023,1.915272,1.91179,0.25847,0.258001,1.875102,0.921098,1.003354
H2_128C_quantized_resblocks,121-127105-0035.wav,generated_audios/generated_H2_128C_int8/121-127105-0035_generated.wav,14.150023,3.831633,3.826664,0.270786,0.270435,1.826067,0.91134,1.117534
H2_128C_quantized_resblocks,121-127105-0036.wav,generated_audios/generated_H2_128C_int8/121-127105-0036_generated.wav,4.150023,0.991313,0.987526,0.238869,0.237957,1.65448,0.882916,1.099545
H2_128C_quantized_resblocks,237-126133-0000.wav,generated_audios/generated_H2_128C_int8/237-126133-0000_generated.wav,13.290023,3.801314,3.796516,0.286028,0.285667,1.912617,0.934976,0.630308
H2_128C_quantized_resblocks,237-126133-0001.wav,generated_audios/generated_H2_128C_int8/237-126133-0001_generated.wav,11.965034,3.432467,3.427838,0.286875,0.286488,1.844822,0.922006,0.633327
H2_128C_quantized_resblocks,237-126133-0002.wav,generated_audios/generated_H2_128C_int8/237-126133-0002_generated.wav,8.92,2.211708,2.207269,0.247949,0.247452,1.735605,0.924272,0.690766
H2_128C_quantized_resblocks,237-126133-0003.wav,generated_audios/generated_H2_128C_int8/237-126133-0003_generated.wav,6.56,1.663788,1.659819,0.253626,0.253021,1.835148,0.906335,0.666905
H2_128C_quantized_resblocks,237-126133-0004.wav,generated_audios/generated_H2_128C_int8/237-126133-0004_generated.wav,3.295011,0.852244,0.848793,0.258647,0.257599,1.645021,0.910861,0.674142
H2_128C_quantized_resblocks,237-126133-0005.wav,generated_audios/generated_H2_128C_int8/237-126133-0005_generated.wav,6.510023,1.682633,1.678839,0.258468,0.257885,1.846042,0.917148,0.646984
H2_128C_quantized_resblocks,237-126133-0006.wav,generated_audios/generated_H2_128C_int8/237-126133-0006_generated.wav,6.150023,1.573611,1.569876,0.255871,0.255263,1.967561,0.933408,0.674405
H2_128C_quantized_resblocks,237-126133-0007.wav,generated_audios/generated_H2_128C_int8/237-126133-0007_generated.wav,8.68,2.135952,2.131677,0.246077,0.245585,1.069141,0.760209,1.857197
H2_128C_quantized_resblocks,237-126133-0008.wav,generated_audios/generated_H2_128C_int8/237-126133-0008_generated.wav,3.865034,0.986557,0.982922,0.255252,0.254311,1.054968,0.765407,1.878762
H2_128C_quantized_resblocks,237-126133-0009.wav,generated_audios/generated_H2_128C_int8/237-126133-0009_generated.wav,3.970023,1.015489,1.011965,0.255789,0.254902,1.060913,0.767709,1.906669
H2_128C_quantized_resblocks,237-126133-0010.wav,generated_audios/generated_H2_128C_int8/237-126133-0010_generated.wav,6.24,1.552292,1.548666,0.248765,0.248184,1.047117,0.693889,1.847366
H2_128C_quantized_resblocks,237-126133-0011.wav,generated_audios/generated_H2_128C_int8/237-126133-0011_generated.wav,6.710023,1.775815,1.77225,0.264651,0.26412,1.085173,0.798304,1.895675
H2_128C_quantized_resblocks,237-126133-0012.wav,generated_audios/generated_H2_128C_int8/237-126133-0012_generated.wav,4.450023,1.177022,1.173395,0.264498,0.263683,1.062342,0.717059,1.886809
H2_128C_quantized_resblocks,237-126133-0013.wav,generated_audios/generated_H2_128C_int8/237-126133-0013_generated.wav,6.815011,1.773756,1.770122,0.260272,0.259739,1.059904,0.730235,1.965708
H2_128C_quantized_resblocks,237-126133-0014.wav,generated_audios/generated_H2_128C_int8/237-126133-0014_generated.wav,6.790023,1.769253,1.765449,0.260567,0.260006,1.062462,0.745782,1.747037
H2_128C_quantized_resblocks,237-126133-0015.wav,generated_audios/generated_H2_128C_int8/237-126133-0015_generated.wav,9.34,2.309782,2.305432,0.2473,0.246834,1.06717,0.764995,1.867017
H2_128C_quantized_resblocks,237-126133-0016.wav,generated_audios/generated_H2_128C_int8/237-126133-0016_generated.wav,4.250023,1.057864,1.054301,0.248908,0.248069,1.09566,0.763777,1.850523
H2_128C_quantized_resblocks,237-126133-0017.wav,generated_audios/generated_H2_128C_int8/237-126133-0017_generated.wav,6.210023,1.541514,1.537807,0.24823,0.247633,1.114887,0.823924,1.785433
H2_128C_quantized_resblocks,237-126133-0018.wav,generated_audios/generated_H2_128C_int8/237-126133-0018_generated.wav,4.095011,1.058252,1.054838,0.258425,0.257591,1.069769,0.714404,2.057841
H2_128C_quantized_resblocks,237-126133-0019.wav,generated_audios/generated_H2_128C_int8/237-126133-0019_generated.wav,7.12,1.874771,1.871046,0.263311,0.262787,1.052928,0.750386,1.881091
H2_128C_quantized_resblocks,237-126133-0020.wav,generated_audios/generated_H2_128C_int8/237-126133-0020_generated.wav,2.24,0.540604,0.537112,0.241341,0.239782,1.075356,0.769675,1.828957
H2_128C_quantized_resblocks,237-126133-0021.wav,generated_audios/generated_H2_128C_int8/237-126133-0021_generated.wav,4.365034,1.067716,1.064349,0.244606,0.243835,1.060756,0.74219,1.93298
H2_128C_quantized_resblocks,237-126133-0022.wav,generated_audios/generated_H2_128C_int8/237-126133-0022_generated.wav,5.04,1.313648,1.31015,0.260644,0.25995,1.074008,0.78115,1.828694
H2_128C_quantized_resblocks,237-126133-0023.wav,generated_audios/generated_H2_128C_int8/237-126133-0023_generated.wav,6.675011,1.741878,1.738239,0.260955,0.26041,1.054646,0.769212,1.830058
H2_128C_quantized_resblocks,237-126133-0024.wav,generated_audios/generated_H2_128C_int8/237-126133-0024_generated.wav,9.665034,2.544284,2.540198,0.263246,0.262823,1.097156,0.791195,1.660796
H2_128C_quantized_resblocks,237-126133-0025.wav,generated_audios/generated_H2_128C_int8/237-126133-0025_generated.wav,3.755011,0.95489,0.95173,0.254297,0.253456,1.078228,0.794218,1.788956
H2_128C_quantized_resblocks,237-134493-0000.wav,generated_audios/generated_H2_128C_int8/237-134493-0000_generated.wav,4.105034,1.076948,1.073134,0.262348,0.261419,1.225781,0.858419,1.333688
H2_128C_quantized_resblocks,237-134493-0001.wav,generated_audios/generated_H2_128C_int8/237-134493-0001_generated.wav,7.38,1.907555,1.903532,0.258476,0.257931,1.227287,0.871038,1.298658
H2_128C_quantized_resblocks,237-134493-0002.wav,generated_audios/generated_H2_128C_int8/237-134493-0002_generated.wav,11.395011,2.990002,2.985478,0.262396,0.261999,1.279184,0.862817,1.378502
H2_128C_quantized_resblocks,237-134493-0003.wav,generated_audios/generated_H2_128C_int8/237-134493-0003_generated.wav,12.765034,3.633451,3.628734,0.284641,0.284271,1.197231,0.87588,1.313158
H2_128C_quantized_resblocks,237-134493-0004.wav,generated_audios/generated_H2_128C_int8/237-134493-0004_generated.wav,6.825034,1.791094,1.787121,0.26243,0.261848,1.286246,0.866902,1.26756
H2_128C_quantized_resblocks,237-134493-0005.wav,generated_audios/generated_H2_128C_int8/237-134493-0005_generated.wav,10.945034,2.71524,2.710901,0.24808,0.247683,1.27667,0.864099,1.241686
H2_128C_quantized_resblocks,237-134493-0006.wav,generated_audios/generated_H2_128C_int8/237-134493-0006_generated.wav,4.395011,1.079342,1.076078,0.245583,0.244841,1.426818,0.905299,1.150676
H2_128C_quantized_resblocks,237-134493-0007.wav,generated_audios/generated_H2_128C_int8/237-134493-0007_generated.wav,2.035011,0.494637,0.491258,0.243063,0.241403,1.298099,0.841494,1.172134
H2_128C_quantized_resblocks,237-134493-0008.wav,generated_audios/generated_H2_128C_int8/237-134493-0008_generated.wav,2.305034,0.550429,0.547155,0.238794,0.237374,1.275228,0.839996,1.438672
H2_128C_quantized_resblocks,237-134493-0009.wav,generated_audios/generated_H2_128C_int8/237-134493-0009_generated.wav,2.975011,0.75998,0.756531,0.255455,0.254295,1.244819,0.883582,1.358685
H2_128C_quantized_resblocks,237-134493-0010.wav,generated_audios/generated_H2_128C_int8/237-134493-0010_generated.wav,2.875011,0.73031,0.727543,0.25402,0.253057,1.219426,0.845474,1.257273
H2_128C_quantized_resblocks,237-134493-0011.wav,generated_audios/generated_H2_128C_int8/237-134493-0011_generated.wav,5.035011,1.329948,1.326042,0.26414,0.263364,1.255753,0.874048,1.208777
H2_128C_quantized_resblocks,237-134493-0012.wav,generated_audios/generated_H2_128C_int8/237-134493-0012_generated.wav,3.66,0.893151,0.889519,0.24403,0.243038,1.325418,0.876577,1.234288
H2_128C_quantized_resblocks,237-134493-0013.wav,generated_audios/generated_H2_128C_int8/237-134493-0013_generated.wav,4.090023,0.108699,0.105237,0.026577,0.02573,1.337519,0.870505,1.214666
H2_128C_quantized_resblocks,237-134493-0014.wav,generated_audios/generated_H2_128C_int8/237-134493-0014_generated.wav,3.7,0.909019,0.905396,0.245681,0.244702,1.298647,0.875262,1.253687
H2_128C_quantized_resblocks,237-134493-0015.wav,generated_audios/generated_H2_128C_int8/237-134493-0015_generated.wav,6.550023,0.198193,0.194262,0.030258,0.029658,1.251449,0.870762,1.226472
H2_128C_quantized_resblocks,237-134493-0016.wav,generated_audios/generated_H2_128C_int8/237-134493-0016_generated.wav,10.085034,2.613828,2.609985,0.259179,0.258798,1.313378,0.889893,1.200036
H2_128C_quantized_resblocks,237-134493-0017.wav,generated_audios/generated_H2_128C_int8/237-134493-0017_generated.wav,9.105034,2.381125,2.376474,0.261517,0.261007,1.26099,0.87692,1.248038
H2_128C_quantized_resblocks,237-134493-0018.wav,generated_audios/generated_H2_128C_int8/237-134493-0018_generated.wav,4.790023,1.23216,1.229031,0.257235,0.256581,1.326148,0.905308,1.243424
H2_128C_quantized_resblocks,237-134500-0000.wav,generated_audios/generated_H2_128C_int8/237-134500-0000_generated.wav,6.130023,1.563593,1.559776,0.255071,0.254449,1.193145,0.853518,1.419984
H2_128C_quantized_resblocks,237-134500-0001.wav,generated_audios/generated_H2_128C_int8/237-134500-0001_generated.wav,1.810023,0.428379,0.425092,0.23667,0.234854,1.22824,0.845974,1.477271
H2_128C_quantized_resblocks,237-134500-0002.wav,generated_audios/generated_H2_128C_int8/237-134500-0002_generated.wav,5.070023,1.306583,1.303124,0.257708,0.257025,1.235746,0.886061,1.312447
H2_128C_quantized_resblocks,237-134500-0003.wav,generated_audios/generated_H2_128C_int8/237-134500-0003_generated.wav,3.170023,0.100555,0.097239,0.031721,0.030675,1.126581,0.847451,1.426813
H2_128C_quantized_resblocks,237-134500-0004.wav,generated_audios/generated_H2_128C_int8/237-134500-0004_generated.wav,2.225034,0.07375,0.070559,0.033146,0.031711,1.298546,0.885969,1.274865
H2_128C_quantized_resblocks,237-134500-0005.wav,generated_audios/generated_H2_128C_int8/237-134500-0005_generated.wav,2.390023,0.590357,0.587174,0.247009,0.245677,1.209195,0.865876,1.282273
H2_128C_quantized_resblocks,237-134500-0006.wav,generated_audios/generated_H2_128C_int8/237-134500-0006_generated.wav,4.225034,1.02981,1.026299,0.24374,0.242909,1.219079,0.872277,1.304568
H2_128C_quantized_resblocks,237-134500-0007.wav,generated_audios/generated_H2_128C_int8/237-134500-0007_generated.wav,2.390023,0.069901,0.066446,0.029247,0.027801,1.153608,0.817099,1.441554
H2_128C_quantized_resblocks,237-134500-0008.wav,generated_audios/generated_H2_128C_int8/237-134500-0008_generated.wav,3.76,0.100886,0.097463,0.026831,0.025921,1.227431,0.82903,1.397251
H2_128C_quantized_resblocks,237-134500-0009.wav,generated_audios/generated_H2_128C_int8/237-134500-0009_generated.wav,2.22,0.066852,0.063537,0.030113,0.02862,1.09059,0.835538,1.394226
H2_128C_quantized_resblocks,237-134500-0010.wav,generated_audios/generated_H2_128C_int8/237-134500-0010_generated.wav,3.995011,1.03524,1.031796,0.259133,0.258271,1.209392,0.86478,1.282606
H2_128C_quantized_resblocks,237-134500-0011.wav,generated_audios/generated_H2_128C_int8/237-134500-0011_generated.wav,3.350023,0.826047,0.822584,0.24658,0.245546,1.208645,0.821288,1.302301
H2_128C_quantized_resblocks,237-134500-0012.wav,generated_audios/generated_H2_128C_int8/237-134500-0012_generated.wav,10.935011,2.888323,2.883798,0.264135,0.263722,1.150592,0.848889,1.386542
H2_128C_quantized_resblocks,237-134500-0013.wav,generated_audios/generated_H2_128C_int8/237-134500-0013_generated.wav,10.56,0.303996,0.299599,0.028787,0.028371,1.165028,0.865903,1.360003
H2_128C_quantized_resblocks,237-134500-0014.wav,generated_audios/generated_H2_128C_int8/237-134500-0014_generated.wav,4.250023,0.114438,0.110591,0.026926,0.026021,1.169253,0.859179,1.359939
H2_128C_quantized_resblocks,237-134500-0015.wav,generated_audios/generated_H2_128C_int8/237-134500-0015_generated.wav,10.815011,2.792249,2.787547,0.258183,0.257748,1.181577,0.869261,1.37361
H2_128C_quantized_resblocks,237-134500-0016.wav,generated_audios/generated_H2_128C_int8/237-134500-0016_generated.wav,3.16,0.097922,0.094383,0.030988,0.029868,1.120068,0.769871,1.586787
H2_128C_quantized_resblocks,237-134500-0017.wav,generated_audios/generated_H2_128C_int8/237-134500-0017_generated.wav,2.18,0.073184,0.069919,0.033571,0.032073,1.244588,0.892366,1.365861
H2_128C_quantized_resblocks,237-134500-0018.wav,generated_audios/generated_H2_128C_int8/237-134500-0018_generated.wav,12.845034,3.660316,3.655713,0.28496,0.284601,1.167198,0.853903,1.478586
H2_128C_quantized_resblocks,237-134500-0019.wav,generated_audios/generated_H2_128C_int8/237-134500-0019_generated.wav,2.86,0.69983,0.696649,0.244696,0.243584,1.11602,0.837047,1.492337
H2_128C_quantized_resblocks,237-134500-0020.wav,generated_audios/generated_H2_128C_int8/237-134500-0020_generated.wav,2.18,0.065467,0.062153,0.030031,0.028511,1.23458,0.902119,1.656464
H2_128C_quantized_resblocks,237-134500-0021.wav,generated_audios/generated_H2_128C_int8/237-134500-0021_generated.wav,5.12,1.241527,1.2378,0.242486,0.241758,1.132926,0.777011,1.424108
H2_128C_quantized_resblocks,237-134500-0022.wav,generated_audios/generated_H2_128C_int8/237-134500-0022_generated.wav,5.165034,1.278497,1.274819,0.247529,0.246817,1.129925,0.821281,1.450327
H2_128C_quantized_resblocks,237-134500-0023.wav,generated_audios/generated_H2_128C_int8/237-134500-0023_generated.wav,3.06,0.793646,0.790223,0.259361,0.258243,1.179521,0.853062,1.495764
H2_128C_quantized_resblocks,237-134500-0024.wav,generated_audios/generated_H2_128C_int8/237-134500-0024_generated.wav,4.410023,0.129543,0.125983,0.029375,0.028567,1.237983,0.827068,1.507174
H2_128C_quantized_resblocks,237-134500-0025.wav,generated_audios/generated_H2_128C_int8/237-134500-0025_generated.wav,1.630023,0.390334,0.387003,0.239465,0.237422,1.161184,0.806718,1.78415
H2_128C_quantized_resblocks,237-134500-0026.wav,generated_audios/generated_H2_128C_int8/237-134500-0026_generated.wav,3.050023,0.783149,0.779806,0.256768,0.255672,1.221716,0.839748,1.459037
H2_128C_quantized_resblocks,237-134500-0027.wav,generated_audios/generated_H2_128C_int8/237-134500-0027_generated.wav,3.270023,0.860955,0.85771,0.263287,0.262295,1.172429,0.818125,1.441929
H2_128C_quantized_resblocks,237-134500-0028.wav,generated_audios/generated_H2_128C_int8/237-134500-0028_generated.wav,4.524943,1.182558,1.179055,0.261342,0.260568,1.152818,0.834029,1.512224
H2_128C_quantized_resblocks,237-134500-0029.wav,generated_audios/generated_H2_128C_int8/237-134500-0029_generated.wav,2.065034,0.50166,0.498407,0.242931,0.241355,1.15619,0.870942,1.319418
H2_128C_quantized_resblocks,237-134500-0030.wav,generated_audios/generated_H2_128C_int8/237-134500-0030_generated.wav,2.78,0.728748,0.725413,0.26214,0.26094,1.187834,0.857219,1.474488
H2_128C_quantized_resblocks,237-134500-0031.wav,generated_audios/generated_H2_128C_int8/237-134500-0031_generated.wav,10.610023,2.741329,2.737215,0.258372,0.257984,1.236231,0.864721,1.399229
H2_128C_quantized_resblocks,237-134500-0032.wav,generated_audios/generated_H2_128C_int8/237-134500-0032_generated.wav,5.025034,0.151694,0.147945,0.030188,0.029442,1.157192,0.861924,1.483378
H2_128C_quantized_resblocks,237-134500-0033.wav,generated_audios/generated_H2_128C_int8/237-134500-0033_generated.wav,6.350023,1.557265,1.553619,0.245238,0.244663,1.171734,0.811861,1.483333
H2_128C_quantized_resblocks,237-134500-0034.wav,generated_audios/generated_H2_128C_int8/237-134500-0034_generated.wav,3.075011,0.742782,0.73967,0.241554,0.240542,1.10867,0.82457,1.662437
H2_128C_quantized_resblocks,237-134500-0035.wav,generated_audios/generated_H2_128C_int8/237-134500-0035_generated.wav,2.555011,0.650831,0.648769,0.254727,0.25392,1.128051,0.842655,1.570159
H2_128C_quantized_resblocks,237-134500-0036.wav,generated_audios/generated_H2_128C_int8/237-134500-0036_generated.wav,6.6,1.714701,1.711037,0.259803,0.259248,1.164826,0.83404,1.544674
H2_128C_quantized_resblocks,237-134500-0037.wav,generated_audios/generated_H2_128C_int8/237-134500-0037_generated.wav,7.105034,1.823904,1.819937,0.256706,0.256148,1.125013,0.811441,1.428586
H2_128C_quantized_resblocks,237-134500-0038.wav,generated_audios/generated_H2_128C_int8/237-134500-0038_generated.wav,2.435011,0.608434,0.605581,0.249869,0.248697,1.086874,0.804182,1.389259
H2_128C_quantized_resblocks,237-134500-0039.wav,generated_audios/generated_H2_128C_int8/237-134500-0039_generated.wav,4.630023,1.20581,1.20281,0.260433,0.259785,1.153166,0.814897,1.445126
H2_128C_quantized_resblocks,237-134500-0040.wav,generated_audios/generated_H2_128C_int8/237-134500-0040_generated.wav,4.030023,0.119306,0.115694,0.029604,0.028708,1.149249,0.839676,1.388804
H2_128C_quantized_resblocks,237-134500-0041.wav,generated_audios/generated_H2_128C_int8/237-134500-0041_generated.wav,8.92,0.270892,0.267051,0.030369,0.029938,1.166657,0.866228,1.517671
H2_128C_quantized_resblocks,237-134500-0042.wav,generated_audios/generated_H2_128C_int8/237-134500-0042_generated.wav,2.575011,0.64063,0.637383,0.248787,0.247526,1.164866,0.757597,1.581047
H2_128C_quantized_resblocks,260-123286-0000.wav,generated_audios/generated_H2_128C_int8/260-123286-0000_generated.wav,7.04,1.756372,1.753013,0.249485,0.249008,1.147156,0.831245,2.306843
H2_128C_quantized_resblocks,260-123286-0001.wav,generated_audios/generated_H2_128C_int8/260-123286-0001_generated.wav,3.070023,0.085657,0.081944,0.027901,0.026692,1.088758,0.802742,2.234465
H2_128C_quantized_resblocks,260-123286-0002.wav,generated_audios/generated_H2_128C_int8/260-123286-0002_generated.wav,9.985034,2.612918,2.608928,0.261683,0.261284,1.100347,0.829167,1.898492
H2_128C_quantized_resblocks,260-123286-0003.wav,generated_audios/generated_H2_128C_int8/260-123286-0003_generated.wav,7.370023,1.916604,1.912652,0.260054,0.259518,1.09262,0.777401,2.049941
H2_128C_quantized_resblocks,260-123286-0004.wav,generated_audios/generated_H2_128C_int8/260-123286-0004_generated.wav,3.465034,0.892393,0.889081,0.257542,0.256587,1.072095,0.805876,2.291145
H2_128C_quantized_resblocks,260-123286-0005.wav,generated_audios/generated_H2_128C_int8/260-123286-0005_generated.wav,4.810023,1.18846,1.185533,0.24708,0.246471,1.079506,0.783447,1.749654
H2_128C_quantized_resblocks,260-123286-0006.wav,generated_audios/generated_H2_128C_int8/260-123286-0006_generated.wav,7.405034,1.914492,1.910813,0.258539,0.258042,1.152187,0.845262,1.638018
H2_128C_quantized_resblocks,260-123286-0007.wav,generated_audios/generated_H2_128C_int8/260-123286-0007_generated.wav,4.550023,1.160706,1.157333,0.255099,0.254358,1.084347,0.808508,1.758069
H2_128C_quantized_resblocks,260-123286-0008.wav,generated_audios/generated_H2_128C_int8/260-123286-0008_generated.wav,3.735011,0.91561,0.912576,0.245142,0.24433,1.112159,0.832354,1.824433
H2_128C_quantized_resblocks,260-123286-0009.wav,generated_audios/generated_H2_128C_int8/260-123286-0009_generated.wav,5.795011,1.540092,1.536721,0.265762,0.26518,1.083349,0.82061,1.734326
H2_128C_quantized_resblocks,260-123286-0010.wav,generated_audios/generated_H2_128C_int8/260-123286-0010_generated.wav,2.575011,0.074475,0.071186,0.028922,0.027645,1.128968,0.827176,2.266676
H2_128C_quantized_resblocks,260-123286-0011.wav,generated_audios/generated_H2_128C_int8/260-123286-0011_generated.wav,4.255011,0.111452,0.10807,0.026193,0.025398,1.122754,0.802005,2.026078
H2_128C_quantized_resblocks,260-123286-0012.wav,generated_audios/generated_H2_128C_int8/260-123286-0012_generated.wav,2.430023,0.070853,0.067525,0.029157,0.027788,1.102805,0.830384,2.096135
H2_128C_quantized_resblocks,260-123286-0013.wav,generated_audios/generated_H2_128C_int8/260-123286-0013_generated.wav,4.730023,1.216432,1.213065,0.257172,0.256461,1.149231,0.815642,1.937054
H2_128C_quantized_resblocks,260-123286-0014.wav,generated_audios/generated_H2_128C_int8/260-123286-0014_generated.wav,2.98,0.099402,0.096064,0.033356,0.032236,1.089772,0.784469,2.242217
H2_128C_quantized_resblocks,260-123286-0015.wav,generated_audios/generated_H2_128C_int8/260-123286-0015_generated.wav,5.210023,1.365605,1.362194,0.262111,0.261457,1.123922,0.836267,2.135305
H2_128C_quantized_resblocks,260-123286-0016.wav,generated_audios/generated_H2_128C_int8/260-123286-0016_generated.wav,7.0,1.834521,1.830965,0.262074,0.261566,1.106604,0.822439,1.673387
H2_128C_quantized_resblocks,260-123286-0017.wav,generated_audios/generated_H2_128C_int8/260-123286-0017_generated.wav,3.975011,0.98596,0.982412,0.248039,0.247147,1.127677,0.833137,1.829804
H2_128C_quantized_resblocks,260-123286-0018.wav,generated_audios/generated_H2_128C_int8/260-123286-0018_generated.wav,5.670023,1.501977,1.498329,0.264898,0.264255,1.123331,0.811519,1.659344
H2_128C_quantized_resblocks,260-123286-0019.wav,generated_audios/generated_H2_128C_int8/260-123286-0019_generated.wav,11.905034,3.461795,3.457367,0.290784,0.290412,1.117275,0.819101,1.764312
H2_128C_quantized_resblocks,260-123286-0020.wav,generated_audios/generated_H2_128C_int8/260-123286-0020_generated.wav,3.06,0.084472,0.0814,0.027605,0.026601,1.098723,0.82282,2.907169
H2_128C_quantized_resblocks,260-123286-0021.wav,generated_audios/generated_H2_128C_int8/260-123286-0021_generated.wav,2.550023,0.645259,0.641977,0.253041,0.251753,1.134208,0.844082,2.212897
H2_128C_quantized_resblocks,260-123286-0022.wav,generated_audios/generated_H2_128C_int8/260-123286-0022_generated.wav,3.235011,0.827711,0.824316,0.25586,0.254811,1.074653,0.833037,2.028535
H2_128C_quantized_resblocks,260-123286-0023.wav,generated_audios/generated_H2_128C_int8/260-123286-0023_generated.wav,5.875011,1.540662,1.537014,0.26224,0.261619,1.113123,0.821644,1.509036
H2_128C_quantized_resblocks,260-123286-0024.wav,generated_audios/generated_H2_128C_int8/260-123286-0024_generated.wav,3.04,0.779115,0.775695,0.256288,0.255163,1.168057,0.854692,1.761668
H2_128C_quantized_resblocks,260-123286-0025.wav,generated_audios/generated_H2_128C_int8/260-123286-0025_generated.wav,9.205034,2.287004,2.282628,0.248451,0.247976,1.139074,0.821185,1.711517
H2_128C_quantized_resblocks,260-123286-0026.wav,generated_audios/generated_H2_128C_int8/260-123286-0026_generated.wav,6.94,1.741265,1.737441,0.250903,0.250352,1.087427,0.806812,1.595819
H2_128C_quantized_resblocks,260-123286-0027.wav,generated_audios/generated_H2_128C_int8/260-123286-0027_generated.wav,7.170023,1.906048,1.902195,0.265836,0.265298,1.126491,0.808457,1.404623
H2_128C_quantized_resblocks,260-123286-0028.wav,generated_audios/generated_H2_128C_int8/260-123286-0028_generated.wav,7.465034,1.86288,1.859375,0.249547,0.249078,1.100056,0.787016,1.670226
H2_128C_quantized_resblocks,260-123286-0029.wav,generated_audios/generated_H2_128C_int8/260-123286-0029_generated.wav,4.545034,0.120222,0.116589,0.026451,0.025652,1.102714,0.818505,1.754982
H2_128C_quantized_resblocks,260-123286-0030.wav,generated_audios/generated_H2_128C_int8/260-123286-0030_generated.wav,7.530023,0.216972,0.213085,0.028814,0.028298,1.084987,0.804838,1.812511
H2_128C_quantized_resblocks,260-123286-0031.wav,generated_audios/generated_H2_128C_int8/260-123286-0031_generated.wav,5.06,1.245655,1.242314,0.246177,0.245517,1.117203,0.815899,2.229648
H2_128C_quantized_resblocks,260-123288-0000.wav,generated_audios/generated_H2_128C_int8/260-123288-0000_generated.wav,3.04,0.084736,0.081316,0.027874,0.026749,1.142307,0.793788,2.221879
H2_128C_quantized_resblocks,260-123288-0001.wav,generated_audios/generated_H2_128C_int8/260-123288-0001_generated.wav,5.08,0.14818,0.144711,0.029169,0.028487,1.107537,0.811939,2.605249
H2_128C_quantized_resblocks,260-123288-0002.wav,generated_audios/generated_H2_128C_int8/260-123288-0002_generated.wav,7.250023,1.813638,1.810251,0.250156,0.249689,1.092464,0.809136,1.696521
H2_128C_quantized_resblocks,260-123288-0003.wav,generated_audios/generated_H2_128C_int8/260-123288-0003_generated.wav,8.905034,2.315172,2.311397,0.259985,0.259561,1.086278,0.826381,1.721368
H2_128C_quantized_resblocks,260-123288-0004.wav,generated_audios/generated_H2_128C_int8/260-123288-0004_generated.wav,4.310023,1.10825,1.104638,0.257133,0.256295,1.079061,0.77455,2.844513
H2_128C_quantized_resblocks,260-123288-0005.wav,generated_audios/generated_H2_128C_int8/260-123288-0005_generated.wav,12.550023,3.435786,3.430965,0.273767,0.273383,1.08387,0.789879,1.797796
H2_128C_quantized_resblocks,260-123288-0006.wav,generated_audios/generated_H2_128C_int8/260-123288-0006_generated.wav,4.88,1.225869,1.222333,0.251203,0.250478,1.066144,0.797852,1.969909
H2_128C_quantized_resblocks,260-123288-0007.wav,generated_audios/generated_H2_128C_int8/260-123288-0007_generated.wav,11.2,2.966915,2.962812,0.264903,0.264537,1.095988,0.811836,1.690604
H2_128C_quantized_resblocks,260-123288-0008.wav,generated_audios/generated_H2_128C_int8/260-123288-0008_generated.wav,5.515011,1.428632,1.425268,0.259044,0.258434,1.158669,0.821772,1.611793
H2_128C_quantized_resblocks,260-123288-0009.wav,generated_audios/generated_H2_128C_int8/260-123288-0009_generated.wav,3.435011,0.881204,0.877764,0.256536,0.255535,1.15246,0.820697,1.891919
H2_128C_quantized_resblocks,260-123288-0010.wav,generated_audios/generated_H2_128C_int8/260-123288-0010_generated.wav,9.995011,0.245707,0.242034,0.024583,0.024216,1.092334,0.809192,1.710367
H2_128C_quantized_resblocks,260-123288-0011.wav,generated_audios/generated_H2_128C_int8/260-123288-0011_generated.wav,8.98,2.390523,2.386408,0.266205,0.265747,1.121718,0.808774,1.674253
H2_128C_quantized_resblocks,260-123288-0012.wav,generated_audios/generated_H2_128C_int8/260-123288-0012_generated.wav,3.545034,0.914559,0.911147,0.257983,0.257021,1.166825,0.80703,2.06398
H2_128C_quantized_resblocks,260-123288-0013.wav,generated_audios/generated_H2_128C_int8/260-123288-0013_generated.wav,11.385079,3.298637,3.294499,0.289733,0.28937,1.106892,0.820537,1.537812
H2_128C_quantized_resblocks,260-123288-0014.wav,generated_audios/generated_H2_128C_int8/260-123288-0014_generated.wav,1.805034,0.064277,0.060806,0.03561,0.033687,1.155071,0.829827,1.966661
H2_128C_quantized_resblocks,260-123288-0015.wav,generated_audios/generated_H2_128C_int8/260-123288-0015_generated.wav,21.185034,5.715975,5.711074,0.269812,0.269581,1.088704,0.809658,1.895817
H2_128C_quantized_resblocks,260-123288-0016.wav,generated_audios/generated_H2_128C_int8/260-123288-0016_generated.wav,4.865034,1.299208,1.295343,0.26705,0.266256,1.087821,0.793771,2.094189
H2_128C_quantized_resblocks,260-123288-0017.wav,generated_audios/generated_H2_128C_int8/260-123288-0017_generated.wav,5.225034,1.31548,1.311751,0.251765,0.251051,1.092611,0.833064,1.701979
H2_128C_quantized_resblocks,260-123288-0018.wav,generated_audios/generated_H2_128C_int8/260-123288-0018_generated.wav,3.245034,0.837374,0.833958,0.258048,0.256995,1.168134,0.806586,1.521253
H2_128C_quantized_resblocks,260-123288-0019.wav,generated_audios/generated_H2_128C_int8/260-123288-0019_generated.wav,2.955011,0.091688,0.08845,0.031028,0.029932,1.084314,0.807164,2.174619
H2_128C_quantized_resblocks,260-123288-0020.wav,generated_audios/generated_H2_128C_int8/260-123288-0020_generated.wav,2.9,0.752468,0.74931,0.259472,0.258383,1.129232,0.837333,1.882294
H2_128C_quantized_resblocks,260-123288-0021.wav,generated_audios/generated_H2_128C_int8/260-123288-0021_generated.wav,2.710023,0.087219,0.083906,0.032184,0.030961,1.152399,0.803238,1.906863
H2_128C_quantized_resblocks,260-123288-0022.wav,generated_audios/generated_H2_128C_int8/260-123288-0022_generated.wav,3.705034,0.958219,0.954721,0.258626,0.257682,1.077511,0.771381,1.987846
H2_128C_quantized_resblocks,260-123288-0023.wav,generated_audios/generated_H2_128C_int8/260-123288-0023_generated.wav,2.385034,0.079442,0.076144,0.033308,0.031926,1.098918,0.76808,2.456165
H2_128C_quantized_resblocks,260-123288-0024.wav,generated_audios/generated_H2_128C_int8/260-123288-0024_generated.wav,14.595011,3.989005,3.984507,0.273313,0.273005,1.105105,0.816088,1.587863
H2_128C_quantized_resblocks,260-123288-0025.wav,generated_audios/generated_H2_128C_int8/260-123288-0025_generated.wav,13.445034,3.710989,3.7063,0.276012,0.275663,1.137812,0.824856,1.7144
H2_128C_quantized_resblocks,260-123288-0026.wav,generated_audios/generated_H2_128C_int8/260-123288-0026_generated.wav,16.04,4.629852,4.624721,0.288644,0.288324,1.105048,0.816202,1.612499
H2_128C_quantized_resblocks,260-123288-0027.wav,generated_audios/generated_H2_128C_int8/260-123288-0027_generated.wav,6.305034,1.585512,1.581392,0.251468,0.250814,1.132838,0.828112,1.745791
H2_128C_quantized_resblocks,260-123288-0028.wav,generated_audios/generated_H2_128C_int8/260-123288-0028_generated.wav,2.610023,0.677431,0.674056,0.25955,0.258257,1.113065,0.835926,2.087142
H2_128C_quantized_resblocks,260-123440-0000.wav,generated_audios/generated_H2_128C_int8/260-123440-0000_generated.wav,2.165034,0.535023,0.531766,0.24712,0.245616,1.064488,0.790729,1.729376
H2_128C_quantized_resblocks,260-123440-0001.wav,generated_audios/generated_H2_128C_int8/260-123440-0001_generated.wav,1.74,0.425506,0.42225,0.244544,0.242672,1.116435,0.817093,2.687145
H2_128C_quantized_resblocks,260-123440-0002.wav,generated_audios/generated_H2_128C_int8/260-123440-0002_generated.wav,14.715011,4.207782,4.202317,0.285952,0.28558,1.116559,0.815849,1.685563
H2_128C_quantized_resblocks,260-123440-0003.wav,generated_audios/generated_H2_128C_int8/260-123440-0003_generated.wav,3.585034,0.935974,0.93228,0.261078,0.260048,1.134567,0.829605,1.600088
H2_128C_quantized_resblocks,260-123440-0004.wav,generated_audios/generated_H2_128C_int8/260-123440-0004_generated.wav,12.02,3.298179,3.294114,0.274391,0.274053,1.094334,0.806115,1.74118
H2_128C_quantized_resblocks,260-123440-0005.wav,generated_audios/generated_H2_128C_int8/260-123440-0005_generated.wav,3.105034,0.096535,0.093102,0.03109,0.029984,1.114727,0.809949,1.543287
H2_128C_quantized_resblocks,260-123440-0006.wav,generated_audios/generated_H2_128C_int8/260-123440-0006_generated.wav,2.715011,0.077932,0.074584,0.028704,0.027471,1.096422,0.778053,1.587771
H2_128C_quantized_resblocks,260-123440-0007.wav,generated_audios/generated_H2_128C_int8/260-123440-0007_generated.wav,3.385034,0.890352,0.886979,0.263026,0.26203,1.087732,0.804721,1.812507
H2_128C_quantized_resblocks,260-123440-0008.wav,generated_audios/generated_H2_128C_int8/260-123440-0008_generated.wav,3.745034,0.987599,0.984143,0.263709,0.262786,1.105129,0.802087,1.589554
H2_128C_quantized_resblocks,260-123440-0009.wav,generated_audios/generated_H2_128C_int8/260-123440-0009_generated.wav,3.115011,0.831309,0.827914,0.266872,0.265782,1.126247,0.865272,1.908495
H2_128C_quantized_resblocks,260-123440-0010.wav,generated_audios/generated_H2_128C_int8/260-123440-0010_generated.wav,8.315011,2.245616,2.241413,0.270068,0.269562,1.110502,0.787761,1.435253
H2_128C_quantized_resblocks,260-123440-0011.wav,generated_audios/generated_H2_128C_int8/260-123440-0011_generated.wav,4.870023,0.128551,0.125332,0.026396,0.025735,1.127123,0.8432,1.604499
H2_128C_quantized_resblocks,260-123440-0012.wav,generated_audios/generated_H2_128C_int8/260-123440-0012_generated.wav,5.245034,1.385475,1.381912,0.26415,0.263471,1.097003,0.816646,1.656222
H2_128C_quantized_resblocks,260-123440-0013.wav,generated_audios/generated_H2_128C_int8/260-123440-0013_generated.wav,3.475011,0.921063,0.917526,0.265053,0.264035,1.136527,0.832409,1.73596
H2_128C_quantized_resblocks,260-123440-0014.wav,generated_audios/generated_H2_128C_int8/260-123440-0014_generated.wav,3.815011,1.022531,1.019177,0.268028,0.267149,1.176432,0.848541,1.760042
H2_128C_quantized_resblocks,260-123440-0015.wav,generated_audios/generated_H2_128C_int8/260-123440-0015_generated.wav,6.2,0.199788,0.195867,0.032224,0.031591,1.136842,0.831266,1.390178
H2_128C_quantized_resblocks,260-123440-0016.wav,generated_audios/generated_H2_128C_int8/260-123440-0016_generated.wav,4.895011,1.3291,1.325575,0.271521,0.270801,1.138523,0.858558,1.41367
H2_128C_quantized_resblocks,260-123440-0017.wav,generated_audios/generated_H2_128C_int8/260-123440-0017_generated.wav,3.070023,0.102674,0.099187,0.033444,0.032308,1.083053,0.786754,1.614428
H2_128C_quantized_resblocks,260-123440-0018.wav,generated_audios/generated_H2_128C_int8/260-123440-0018_generated.wav,3.64,0.997837,0.994601,0.274131,0.273242,1.139487,0.847189,1.809435
H2_128C_quantized_resblocks,260-123440-0019.wav,generated_audios/generated_H2_128C_int8/260-123440-0019_generated.wav,6.630023,1.832105,1.82818,0.276335,0.275743,1.09735,0.806636,1.509778
H2_128C_quantized_resblocks,260-123440-0020.wav,generated_audios/generated_H2_128C_int8/260-123440-0020_generated.wav,4.995011,1.362131,1.358629,0.272698,0.271997,1.104177,0.819944,1.704891
H2_128C_quantized_resblocks,61-70968-0000.wav,generated_audios/generated_H2_128C_int8/61-70968-0000_generated.wav,4.905034,1.353988,1.350513,0.276041,0.275332,1.071824,0.817351,1.397944
H2_128C_quantized_resblocks,61-70968-0001.wav,generated_audios/generated_H2_128C_int8/61-70968-0001_generated.wav,3.610023,0.991326,0.98911,0.274604,0.27399,1.073642,0.772718,1.340227
H2_128C_quantized_resblocks,61-70968-0002.wav,generated_audios/generated_H2_128C_int8/61-70968-0002_generated.wav,2.970023,0.794807,0.791608,0.26761,0.266533,1.113768,0.781068,1.365035
H2_128C_quantized_resblocks,61-70968-0003.wav,generated_audios/generated_H2_128C_int8/61-70968-0003_generated.wav,4.315011,0.115664,0.112032,0.026805,0.025963,1.143175,0.802865,1.36621
H2_128C_quantized_resblocks,61-70968-0004.wav,generated_audios/generated_H2_128C_int8/61-70968-0004_generated.wav,3.885034,1.070545,1.06702,0.275556,0.274649,1.108956,0.829331,1.344977
H2_128C_quantized_resblocks,61-70968-0005.wav,generated_audios/generated_H2_128C_int8/61-70968-0005_generated.wav,5.070023,0.147625,0.144103,0.029117,0.028423,1.05935,0.745283,1.411981
H2_128C_quantized_resblocks,61-70968-0006.wav,generated_audios/generated_H2_128C_int8/61-70968-0006_generated.wav,2.935011,0.75431,0.75091,0.257004,0.255846,1.119143,0.825858,1.388565
H2_128C_quantized_resblocks,61-70968-0007.wav,generated_audios/generated_H2_128C_int8/61-70968-0007_generated.wav,3.550023,0.097759,0.094322,0.027538,0.02657,1.065235,0.674449,1.383577
H2_128C_quantized_resblocks,61-70968-0008.wav,generated_audios/generated_H2_128C_int8/61-70968-0008_generated.wav,3.535011,0.108372,0.104843,0.030657,0.029659,1.06006,0.775665,1.29912
H2_128C_quantized_resblocks,61-70968-0009.wav,generated_audios/generated_H2_128C_int8/61-70968-0009_generated.wav,4.510023,1.234262,1.230708,0.273671,0.272883,1.097049,0.751116,1.505396
H2_128C_quantized_resblocks,61-70968-0010.wav,generated_audios/generated_H2_128C_int8/61-70968-0010_generated.wav,8.295011,2.159131,2.155188,0.260293,0.259817,1.095316,0.795543,1.394077
H2_128C_quantized_resblocks,61-70968-0011.wav,generated_audios/generated_H2_128C_int8/61-70968-0011_generated.wav,6.375011,1.65491,1.650879,0.259593,0.258961,1.120733,0.804998,1.318303
H2_128C_quantized_resblocks,61-70968-0012.wav,generated_audios/generated_H2_128C_int8/61-70968-0012_generated.wav,2.610023,0.076744,0.073402,0.029404,0.028123,1.22546,0.903381,1.184208
H2_128C_quantized_resblocks,61-70968-0013.wav,generated_audios/generated_H2_128C_int8/61-70968-0013_generated.wav,4.450023,0.130784,0.127132,0.02939,0.028569,1.141325,0.809223,1.342899
H2_128C_quantized_resblocks,61-70968-0014.wav,generated_audios/generated_H2_128C_int8/61-70968-0014_generated.wav,7.485034,2.057911,2.053913,0.274937,0.274403,1.097666,0.812692,1.394357
H2_128C_quantized_resblocks,61-70968-0015.wav,generated_audios/generated_H2_128C_int8/61-70968-0015_generated.wav,5.375011,1.404069,1.400576,0.261222,0.260572,1.127273,0.824065,1.343226
H2_128C_quantized_resblocks,61-70968-0016.wav,generated_audios/generated_H2_128C_int8/61-70968-0016_generated.wav,3.72,1.030115,1.026578,0.276913,0.275962,1.166204,0.853583,1.22976
H2_128C_quantized_resblocks,61-70968-0017.wav,generated_audios/generated_H2_128C_int8/61-70968-0017_generated.wav,5.110023,1.408433,1.405261,0.275622,0.275001,1.116353,0.825501,1.312549
H2_128C_quantized_resblocks,61-70968-0018.wav,generated_audios/generated_H2_128C_int8/61-70968-0018_generated.wav,2.405034,0.648647,0.645424,0.269704,0.268364,1.128887,0.858333,1.365707
H2_128C_quantized_resblocks,61-70968-0019.wav,generated_audios/generated_H2_128C_int8/61-70968-0019_generated.wav,5.475011,1.450073,1.446293,0.264853,0.264163,1.095464,0.818577,1.354486
H2_128C_quantized_resblocks,61-70968-0020.wav,generated_audios/generated_H2_128C_int8/61-70968-0020_generated.wav,5.105034,1.449283,1.445732,0.283893,0.283197,1.165012,0.811499,1.1386
H2_128C_quantized_resblocks,61-70968-0021.wav,generated_audios/generated_H2_128C_int8/61-70968-0021_generated.wav,2.690023,0.68638,0.683256,0.255158,0.253996,1.152146,0.806367,1.293135
H2_128C_quantized_resblocks,61-70968-0022.wav,generated_audios/generated_H2_128C_int8/61-70968-0022_generated.wav,4.670023,0.151907,0.14847,0.032528,0.031792,1.066251,0.759015,1.414738
H2_128C_quantized_resblocks,61-70968-0023.wav,generated_audios/generated_H2_128C_int8/61-70968-0023_generated.wav,5.025034,0.152028,0.148559,0.030254,0.029564,1.203922,0.843108,1.224115
H2_128C_quantized_resblocks,61-70968-0024.wav,generated_audios/generated_H2_128C_int8/61-70968-0024_generated.wav,6.025034,1.691734,1.68807,0.280784,0.280176,1.167401,0.814211,1.196174
H2_128C_quantized_resblocks,61-70968-0025.wav,generated_audios/generated_H2_128C_int8/61-70968-0025_generated.wav,4.410023,0.128919,0.125142,0.029233,0.028377,1.162561,0.843095,1.224641
H2_128C_quantized_resblocks,61-70968-0026.wav,generated_audios/generated_H2_128C_int8/61-70968-0026_generated.wav,4.92,1.293804,1.290185,0.262968,0.262233,1.158597,0.851979,1.28641
H2_128C_quantized_resblocks,61-70968-0027.wav,generated_audios/generated_H2_128C_int8/61-70968-0027_generated.wav,6.870023,1.833054,1.829357,0.266819,0.266281,1.136635,0.82341,1.313737
H2_128C_quantized_resblocks,61-70968-0028.wav,generated_audios/generated_H2_128C_int8/61-70968-0028_generated.wav,5.355011,1.519366,1.515553,0.283728,0.283016,1.136172,0.846564,1.293227
H2_128C_quantized_resblocks,61-70968-0029.wav,generated_audios/generated_H2_128C_int8/61-70968-0029_generated.wav,3.495011,0.965609,0.961907,0.276282,0.275223,1.128452,0.807681,1.299508
H2_128C_quantized_resblocks,61-70968-0030.wav,generated_audios/generated_H2_128C_int8/61-70968-0030_generated.wav,5.685034,1.530532,1.526777,0.269221,0.268561,1.134394,0.828725,1.233695
H2_128C_quantized_resblocks,61-70968-0031.wav,generated_audios/generated_H2_128C_int8/61-70968-0031_generated.wav,2.925034,0.824523,0.821121,0.281885,0.280722,1.069588,0.774182,1.338436
H2_128C_quantized_resblocks,61-70968-0032.wav,generated_audios/generated_H2_128C_int8/61-70968-0032_generated.wav,4.28,0.125722,0.122135,0.029374,0.028536,1.171699,0.806481,1.331875
H2_128C_quantized_resblocks,61-70968-0033.wav,generated_audios/generated_H2_128C_int8/61-70968-0033_generated.wav,5.685034,0.144658,0.140924,0.025445,0.024789,1.14347,0.860329,1.327085
H2_128C_quantized_resblocks,61-70968-0034.wav,generated_audios/generated_H2_128C_int8/61-70968-0034_generated.wav,4.230023,1.199021,1.195455,0.283455,0.282612,1.151014,0.859501,1.184546
H2_128C_quantized_resblocks,61-70968-0035.wav,generated_audios/generated_H2_128C_int8/61-70968-0035_generated.wav,7.950023,2.143333,2.139309,0.269601,0.269095,1.111089,0.806565,1.284959
H2_128C_quantized_resblocks,61-70968-0036.wav,generated_audios/generated_H2_128C_int8/61-70968-0036_generated.wav,2.934966,0.084521,0.08118,0.028798,0.02766,1.16907,0.834675,1.273951
H2_128C_quantized_resblocks,61-70968-0037.wav,generated_audios/generated_H2_128C_int8/61-70968-0037_generated.wav,4.315011,0.115055,0.11159,0.026664,0.025861,1.084591,0.7335,1.441602
H2_128C_quantized_resblocks,61-70968-0038.wav,generated_audios/generated_H2_128C_int8/61-70968-0038_generated.wav,2.050023,0.54748,0.544259,0.26706,0.265489,1.178311,0.693582,1.594879
H2_128C_quantized_resblocks,61-70968-0039.wav,generated_audios/generated_H2_128C_int8/61-70968-0039_generated.wav,3.805034,1.030159,1.026629,0.270736,0.269808,1.123251,0.810244,1.401336
H2_128C_quantized_resblocks,61-70968-0040.wav,generated_audios/generated_H2_128C_int8/61-70968-0040_generated.wav,3.950023,1.123826,1.120226,0.284511,0.2836,1.131098,0.818298,1.361313
H2_128C_quantized_resblocks,61-70968-0041.wav,generated_audios/generated_H2_128C_int8/61-70968-0041_generated.wav,6.825034,0.195906,0.192257,0.028704,0.028169,1.123777,0.817449,1.340923
H2_128C_quantized_resblocks,61-70968-0042.wav,generated_audios/generated_H2_128C_int8/61-70968-0042_generated.wav,2.785034,0.088519,0.085043,0.031784,0.030536,1.10081,0.792912,1.357893
H2_128C_quantized_resblocks,61-70968-0043.wav,generated_audios/generated_H2_128C_int8/61-70968-0043_generated.wav,6.735011,1.935923,1.932163,0.287442,0.286883,1.082797,0.763578,1.330888
H2_128C_quantized_resblocks,61-70968-0044.wav,generated_audios/generated_H2_128C_int8/61-70968-0044_generated.wav,2.770023,0.089452,0.085904,0.032293,0.031012,1.076028,0.8032,1.37716
H2_128C_quantized_resblocks,61-70968-0045.wav,generated_audios/generated_H2_128C_int8/61-70968-0045_generated.wav,3.475011,0.105364,0.101957,0.030321,0.02934,1.096315,0.795937,1.358281
H2_128C_quantized_resblocks,61-70968-0046.wav,generated_audios/generated_H2_128C_int8/61-70968-0046_generated.wav,3.550023,0.09708,0.093695,0.027346,0.026393,1.11561,0.814884,1.381346
H2_128C_quantized_resblocks,61-70968-0047.wav,generated_audios/generated_H2_128C_int8/61-70968-0047_generated.wav,4.775011,1.294163,1.290719,0.271028,0.270307,1.110807,0.820063,1.302611
H2_128C_quantized_resblocks,61-70968-0048.wav,generated_audios/generated_H2_128C_int8/61-70968-0048_generated.wav,3.02,0.856692,0.853204,0.283673,0.282518,1.101056,0.757712,1.509596
H2_128C_quantized_resblocks,61-70968-0049.wav,generated_audios/generated_H2_128C_int8/61-70968-0049_generated.wav,8.250023,2.386913,2.382913,0.289322,0.288837,1.112285,0.785595,1.372945
H2_128C_quantized_resblocks,61-70968-0050.wav,generated_audios/generated_H2_128C_int8/61-70968-0050_generated.wav,5.58,1.531158,1.527388,0.274401,0.273725,1.108209,0.780312,1.414138
H2_128C_quantized_resblocks,61-70968-0051.wav,generated_audios/generated_H2_128C_int8/61-70968-0051_generated.wav,3.135011,0.839571,0.836134,0.267805,0.266708,1.108988,0.811093,1.396278
H2_128C_quantized_resblocks,61-70968-0052.wav,generated_audios/generated_H2_128C_int8/61-70968-0052_generated.wav,2.650023,0.722312,0.718906,0.272568,0.271283,1.1993,0.820885,1.198425
H2_128C_quantized_resblocks,61-70968-0053.wav,generated_audios/generated_H2_128C_int8/61-70968-0053_generated.wav,4.22,0.139837,0.136157,0.033137,0.032265,1.097385,0.779255,1.454474
H2_128C_quantized_resblocks,61-70968-0054.wav,generated_audios/generated_H2_128C_int8/61-70968-0054_generated.wav,7.86,2.27408,2.270595,0.289323,0.28888,1.107637,0.822059,1.308759
H2_128C_quantized_resblocks,61-70968-0055.wav,generated_audios/generated_H2_128C_int8/61-70968-0055_generated.wav,3.965034,0.119246,0.11569,0.030074,0.029177,1.152204,0.805348,1.341957
H2_128C_quantized_resblocks,61-70968-0056.wav,generated_audios/generated_H2_128C_int8/61-70968-0056_generated.wav,3.565034,0.9828,0.979317,0.275678,0.274701,1.143145,0.821681,1.316424
H2_128C_quantized_resblocks,61-70968-0057.wav,generated_audios/generated_H2_128C_int8/61-70968-0057_generated.wav,5.065034,0.145842,0.142197,0.028794,0.028074,1.071859,0.776229,1.34235
H2_128C_quantized_resblocks,61-70968-0058.wav,generated_audios/generated_H2_128C_int8/61-70968-0058_generated.wav,1.82,0.443469,0.44017,0.243664,0.241852,1.070853,0.763325,1.420008
H2_128C_quantized_resblocks,61-70968-0059.wav,generated_audios/generated_H2_128C_int8/61-70968-0059_generated.wav,2.170023,0.072854,0.069612,0.033573,0.032079,1.11543,0.842907,1.460071
H2_128C_quantized_resblocks,61-70968-0060.wav,generated_audios/generated_H2_128C_int8/61-70968-0060_generated.wav,3.735011,0.123114,0.119768,0.032962,0.032066,1.234626,0.838843,1.177473
H2_128C_quantized_resblocks,61-70968-0061.wav,generated_audios/generated_H2_128C_int8/61-70968-0061_generated.wav,5.530023,1.540648,1.537163,0.278597,0.277967,1.055956,0.766831,1.646009
H2_128C_quantized_resblocks,61-70968-0062.wav,generated_audios/generated_H2_128C_int8/61-70968-0062_generated.wav,2.555011,0.081196,0.07763,0.031779,0.030383,1.118602,0.806043,1.321318
H2_128C_quantized_resblocks,61-70970-0000.wav,generated_audios/generated_H2_128C_int8/61-70970-0000_generated.wav,6.075011,1.767814,1.764141,0.290998,0.290393,1.14388,0.844552,1.258564
H2_128C_quantized_resblocks,61-70970-0001.wav,generated_audios/generated_H2_128C_int8/61-70970-0001_generated.wav,6.155011,1.786763,1.782809,0.290294,0.289652,1.19607,0.853001,1.283151
H2_128C_quantized_resblocks,61-70970-0002.wav,generated_audios/generated_H2_128C_int8/61-70970-0002_generated.wav,4.165034,1.226794,1.223278,0.294546,0.293702,1.155926,0.782343,1.435928
H2_128C_quantized_resblocks,61-70970-0003.wav,generated_audios/generated_H2_128C_int8/61-70970-0003_generated.wav,3.835011,1.087886,1.084648,0.283672,0.282828,1.178947,0.802862,1.228278
H2_128C_quantized_resblocks,61-70970-0004.wav,generated_audios/generated_H2_128C_int8/61-70970-0004_generated.wav,10.515011,3.06257,3.057992,0.291257,0.290822,1.171372,0.830731,1.202957
H2_128C_quantized_resblocks,61-70970-0005.wav,generated_audios/generated_H2_128C_int8/61-70970-0005_generated.wav,2.02,0.566893,0.563519,0.28064,0.27897,1.185925,0.810252,1.466516
H2_128C_quantized_resblocks,61-70970-0006.wav,generated_audios/generated_H2_128C_int8/61-70970-0006_generated.wav,2.335011,0.687048,0.684238,0.294237,0.293034,1.1759,0.821899,1.385154
H2_128C_quantized_resblocks,61-70970-0007.wav,generated_audios/generated_H2_128C_int8/61-70970-0007_generated.wav,4.485034,1.361236,1.358309,0.303506,0.302854,1.15959,0.800801,1.400669
H2_128C_quantized_resblocks,61-70970-0008.wav,generated_audios/generated_H2_128C_int8/61-70970-0008_generated.wav,2.150023,0.660794,0.657446,0.307343,0.305786,1.223338,0.829948,1.353217
H2_128C_quantized_resblocks,61-70970-0009.wav,generated_audios/generated_H2_128C_int8/61-70970-0009_generated.wav,3.405034,1.063068,1.060116,0.312205,0.311338,1.200972,0.854098,1.122908
H2_128C_quantized_resblocks,61-70970-0010.wav,generated_audios/generated_H2_128C_int8/61-70970-0010_generated.wav,3.045034,0.096392,0.092947,0.031656,0.030524,1.158399,0.828017,1.268018
H2_128C_quantized_resblocks,61-70970-0011.wav,generated_audios/generated_H2_128C_int8/61-70970-0011_generated.wav,6.075011,0.151548,0.147993,0.024946,0.024361,1.125553,0.77838,1.268112
H2_128C_quantized_resblocks,61-70970-0012.wav,generated_audios/generated_H2_128C_int8/61-70970-0012_generated.wav,3.135011,0.086748,0.083564,0.027671,0.026655,1.133298,0.846351,1.246531
H2_128C_quantized_resblocks,61-70970-0013.wav,generated_audios/generated_H2_128C_int8/61-70970-0013_generated.wav,4.350023,1.324051,1.320335,0.304378,0.303524,1.12591,0.829117,1.383099
H2_128C_quantized_resblocks,61-70970-0014.wav,generated_audios/generated_H2_128C_int8/61-70970-0014_generated.wav,3.405034,0.092589,0.089091,0.027192,0.026164,1.192622,0.852202,1.262683
H2_128C_quantized_resblocks,61-70970-0015.wav,generated_audios/generated_H2_128C_int8/61-70970-0015_generated.wav,8.415011,2.540366,2.536515,0.301885,0.301427,1.118138,0.827238,1.362061
H2_128C_quantized_resblocks,61-70970-0016.wav,generated_audios/generated_H2_128C_int8/61-70970-0016_generated.wav,4.370023,1.334294,1.33078,0.305329,0.304525,1.132525,0.839997,1.346036
H2_128C_quantized_resblocks,61-70970-0017.wav,generated_audios/generated_H2_128C_int8/61-70970-0017_generated.wav,2.550023,0.08223,0.078875,0.032247,0.030931,1.093498,0.776067,1.46212
H2_128C_quantized_resblocks,61-70970-0018.wav,generated_audios/generated_H2_128C_int8/61-70970-0018_generated.wav,4.6,1.298714,1.29551,0.282329,0.281633,1.196822,0.800204,1.381035
H2_128C_quantized_resblocks,61-70970-0019.wav,generated_audios/generated_H2_128C_int8/61-70970-0019_generated.wav,3.78,1.120567,1.11722,0.296446,0.295561,1.135858,0.807535,1.39923
H2_128C_quantized_resblocks,61-70970-0020.wav,generated_audios/generated_H2_128C_int8/61-70970-0020_generated.wav,5.025034,0.147981,0.14434,0.029449,0.028724,1.111105,0.77597,1.525251
H2_128C_quantized_resblocks,61-70970-0021.wav,generated_audios/generated_H2_128C_int8/61-70970-0021_generated.wav,5.405034,1.523463,1.519959,0.28186,0.281212,1.138442,0.803365,1.300938
H2_128C_quantized_resblocks,61-70970-0022.wav,generated_audios/generated_H2_128C_int8/61-70970-0022_generated.wav,3.970023,0.106724,0.103118,0.026883,0.025974,1.206511,0.814175,1.310404
H2_128C_quantized_resblocks,61-70970-0023.wav,generated_audios/generated_H2_128C_int8/61-70970-0023_generated.wav,3.705034,0.113225,0.109871,0.03056,0.029654,1.162496,0.816024,1.207273
H2_128C_quantized_resblocks,61-70970-0024.wav,generated_audios/generated_H2_128C_int8/61-70970-0024_generated.wav,7.235011,2.133031,2.129193,0.294821,0.29429,1.170692,0.830977,1.299137
H2_128C_quantized_resblocks,61-70970-0025.wav,generated_audios/generated_H2_128C_int8/61-70970-0025_generated.wav,7.435011,2.22295,2.219201,0.298984,0.29848,1.204586,0.856436,1.255061
H2_128C_quantized_resblocks,61-70970-0026.wav,generated_audios/generated_H2_128C_int8/61-70970-0026_generated.wav,5.475011,0.175465,0.171565,0.032048,0.031336,1.198816,0.833097,1.182406
H2_128C_quantized_resblocks,61-70970-0027.wav,generated_audios/generated_H2_128C_int8/61-70970-0027_generated.wav,5.08,0.145532,0.141773,0.028648,0.027908,1.141225,0.808798,1.278424
H2_128C_quantized_resblocks,61-70970-0028.wav,generated_audios/generated_H2_128C_int8/61-70970-0028_generated.wav,6.550023,0.195188,0.191322,0.0298,0.029209,1.194673,0.838972,1.159841
H2_128C_quantized_resblocks,61-70970-0029.wav,generated_audios/generated_H2_128C_int8/61-70970-0029_generated.wav,4.030023,0.119185,0.11554,0.029574,0.02867,1.22914,0.820751,1.278028
H2_128C_quantized_resblocks,61-70970-0030.wav,generated_audios/generated_H2_128C_int8/61-70970-0030_generated.wav,3.24,0.100661,0.097484,0.031068,0.030088,1.158012,0.784531,1.160096
H2_128C_quantized_resblocks,61-70970-0031.wav,generated_audios/generated_H2_128C_int8/61-70970-0031_generated.wav,5.135011,1.515316,1.511583,0.295095,0.294368,1.109563,0.800761,1.352044
H2_128C_quantized_resblocks,61-70970-0032.wav,generated_audios/generated_H2_128C_int8/61-70970-0032_generated.wav,3.135011,0.087645,0.084155,0.027957,0.026844,1.087929,0.792415,1.364494
H2_128C_quantized_resblocks,61-70970-0033.wav,generated_audios/generated_H2_128C_int8/61-70970-0033_generated.wav,3.42,0.953457,0.950452,0.278789,0.27791,1.127531,0.860796,1.288463
H2_128C_quantized_resblocks,61-70970-0034.wav,generated_audios/generated_H2_128C_int8/61-70970-0034_generated.wav,4.485034,0.11436,0.111083,0.025498,0.024768,1.150669,0.777974,1.303425
H2_128C_quantized_resblocks,61-70970-0035.wav,generated_audios/generated_H2_128C_int8/61-70970-0035_generated.wav,7.405034,0.208532,0.205071,0.028161,0.027693,1.188128,0.825643,1.195052
H2_128C_quantized_resblocks,61-70970-0036.wav,generated_audios/generated_H2_128C_int8/61-70970-0036_generated.wav,6.785034,0.192343,0.188204,0.028348,0.027738,1.147535,0.807235,1.274855
H2_128C_quantized_resblocks,61-70970-0037.wav,generated_audios/generated_H2_128C_int8/61-70970-0037_generated.wav,5.98,1.766892,1.763443,0.295467,0.29489,1.169822,0.831518,1.284998
H2_128C_quantized_resblocks,61-70970-0038.wav,generated_audios/generated_H2_128C_int8/61-70970-0038_generated.wav,10.4,3.064233,3.059837,0.294638,0.294215,1.133106,0.810233,1.308064
H2_128C_quantized_resblocks,61-70970-0039.wav,generated_audios/generated_H2_128C_int8/61-70970-0039_generated.wav,6.665034,0.186984,0.182993,0.028055,0.027456,1.105912,0.76597,1.247042
H2_128C_quantized_resblocks,61-70970-0040.wav,generated_audios/generated_H2_128C_int8/61-70970-0040_generated.wav,4.165034,0.110075,0.106501,0.026428,0.02557,1.195075,0.823151,1.313683
H2_128C_quantized_resblocks,672-122797-0000.wav,generated_audios/generated_H2_128C_int8/672-122797-0000_generated.wav,4.070023,1.21291,1.209575,0.298011,0.297191,1.142191,0.857946,1.281226
H2_128C_quantized_resblocks,672-122797-0001.wav,generated_audios/generated_H2_128C_int8/672-122797-0001_generated.wav,15.130023,4.629328,4.624603,0.30597,0.305657,1.237607,0.853299,1.191032
H2_128C_quantized_resblocks,672-122797-0002.wav,generated_audios/generated_H2_128C_int8/672-122797-0002_generated.wav,13.62,3.808929,3.804035,0.279657,0.279298,1.155261,0.823496,1.338994
H2_128C_quantized_resblocks,672-122797-0003.wav,generated_audios/generated_H2_128C_int8/672-122797-0003_generated.wav,4.76,1.415478,1.411684,0.297369,0.296572,1.085319,0.759064,1.455275
H2_128C_quantized_resblocks,672-122797-0004.wav,generated_audios/generated_H2_128C_int8/672-122797-0004_generated.wav,10.250023,2.952026,2.948053,0.288002,0.287614,1.122855,0.759489,1.468625
H2_128C_quantized_resblocks,672-122797-0005.wav,generated_audios/generated_H2_128C_int8/672-122797-0005_generated.wav,3.26,0.950039,0.946372,0.291423,0.290298,1.060719,0.661396,1.575016
H2_128C_quantized_resblocks,672-122797-0006.wav,generated_audios/generated_H2_128C_int8/672-122797-0006_generated.wav,13.950023,4.3185,4.314195,0.309569,0.309261,1.057477,0.639486,1.610348
H2_128C_quantized_resblocks,672-122797-0007.wav,generated_audios/generated_H2_128C_int8/672-122797-0007_generated.wav,6.42,1.848865,1.845322,0.287985,0.287433,1.084191,0.672298,1.521376
H2_128C_quantized_resblocks,672-122797-0008.wav,generated_audios/generated_H2_128C_int8/672-122797-0008_generated.wav,30.810023,9.336701,9.329929,0.303041,0.302821,1.07094,0.690743,1.52804
H2_128C_quantized_resblocks,672-122797-0009.wav,generated_audios/generated_H2_128C_int8/672-122797-0009_generated.wav,2.765034,0.091433,0.087789,0.033067,0.03175,1.122388,0.71454,1.468285
H2_128C_quantized_resblocks,672-122797-0010.wav,generated_audios/generated_H2_128C_int8/672-122797-0010_generated.wav,3.815011,0.115804,0.112276,0.030355,0.02943,1.051961,0.707728,1.558563
H2_128C_quantized_resblocks,672-122797-0011.wav,generated_audios/generated_H2_128C_int8/672-122797-0011_generated.wav,2.54,0.755956,0.752597,0.29762,0.296298,1.062984,0.742375,1.360402
H2_128C_quantized_resblocks,672-122797-0012.wav,generated_audios/generated_H2_128C_int8/672-122797-0012_generated.wav,7.765034,2.36288,2.358731,0.304297,0.303763,1.061866,0.707868,1.397259
H2_128C_quantized_resblocks,672-122797-0013.wav,generated_audios/generated_H2_128C_int8/672-122797-0013_generated.wav,8.705034,2.620547,2.615856,0.301038,0.300499,1.089216,0.675776,1.429905
H2_128C_quantized_resblocks,672-122797-0014.wav,generated_audios/generated_H2_128C_int8/672-122797-0014_generated.wav,2.555011,0.085771,0.081766,0.03357,0.032002,1.084232,0.765473,1.438828
H2_128C_quantized_resblocks,672-122797-0015.wav,generated_audios/generated_H2_128C_int8/672-122797-0015_generated.wav,4.455011,0.134759,0.131011,0.030249,0.029407,1.068921,0.701751,1.446896
H2_128C_quantized_resblocks,672-122797-0016.wav,generated_audios/generated_H2_128C_int8/672-122797-0016_generated.wav,9.215011,2.724212,2.720033,0.295628,0.295174,1.073625,0.711879,1.442337
H2_128C_quantized_resblocks,672-122797-0017.wav,generated_audios/generated_H2_128C_int8/672-122797-0017_generated.wav,4.82,1.407779,1.403861,0.29207,0.291258,1.130551,0.782387,1.284243
H2_128C_quantized_resblocks,672-122797-0018.wav,generated_audios/generated_H2_128C_int8/672-122797-0018_generated.wav,4.930023,1.457214,1.453528,0.29558,0.294832,1.056871,0.698336,1.507969
H2_128C_quantized_resblocks,672-122797-0019.wav,generated_audios/generated_H2_128C_int8/672-122797-0019_generated.wav,4.110023,1.157804,1.154214,0.281702,0.280829,1.046927,0.68702,1.6506
H2_128C_quantized_resblocks,672-122797-0020.wav,generated_audios/generated_H2_128C_int8/672-122797-0020_generated.wav,8.825034,2.62798,2.624003,0.297787,0.297336,1.051725,0.667026,1.595601
H2_128C_quantized_resblocks,672-122797-0021.wav,generated_audios/generated_H2_128C_int8/672-122797-0021_generated.wav,4.150023,0.128219,0.125067,0.030896,0.030137,1.071577,0.793936,1.503096
H2_128C_quantized_resblocks,672-122797-0022.wav,generated_audios/generated_H2_128C_int8/672-122797-0022_generated.wav,19.004943,5.749416,5.744272,0.302522,0.302251,1.082007,0.678113,1.49637
H2_128C_quantized_resblocks,672-122797-0023.wav,generated_audios/generated_H2_128C_int8/672-122797-0023_generated.wav,9.695102,2.887659,2.883342,0.297847,0.297402,1.060972,0.712875,1.513751
H2_128C_quantized_resblocks,672-122797-0024.wav,generated_audios/generated_H2_128C_int8/672-122797-0024_generated.wav,4.130023,1.217395,1.214115,0.294767,0.293973,1.065444,0.631468,1.660209
H2_128C_quantized_resblocks,672-122797-0025.wav,generated_audios/generated_H2_128C_int8/672-122797-0025_generated.wav,10.690023,3.262735,3.258927,0.305213,0.304857,1.078563,0.760163,1.430851
H2_128C_quantized_resblocks,672-122797-0026.wav,generated_audios/generated_H2_128C_int8/672-122797-0026_generated.wav,13.96,4.248138,4.243111,0.304308,0.303948,1.045707,0.665135,1.550436
H2_128C_quantized_resblocks,672-122797-0027.wav,generated_audios/generated_H2_128C_int8/672-122797-0027_generated.wav,4.790023,0.140454,0.136813,0.029322,0.028562,1.071278,0.640874,1.593822
H2_128C_quantized_resblocks,672-122797-0028.wav,generated_audios/generated_H2_128C_int8/672-122797-0028_generated.wav,2.610023,0.086471,0.083005,0.03313,0.031802,1.096224,0.774693,1.47562
H2_128C_quantized_resblocks,672-122797-0029.wav,generated_audios/generated_H2_128C_int8/672-122797-0029_generated.wav,3.050023,0.095517,0.092121,0.031317,0.030204,1.190654,0.814482,1.37745
H2_128C_quantized_resblocks,672-122797-0030.wav,generated_audios/generated_H2_128C_int8/672-122797-0030_generated.wav,4.575011,1.354551,1.350694,0.296076,0.295233,1.084592,0.778453,1.431614
H2_128C_quantized_resblocks,672-122797-0031.wav,generated_audios/generated_H2_128C_int8/672-122797-0031_generated.wav,3.98,0.123344,0.119979,0.030991,0.030145,1.201303,0.741845,1.46386
H2_128C_quantized_resblocks,672-122797-0032.wav,generated_audios/generated_H2_128C_int8/672-122797-0032_generated.wav,4.0,0.11865,0.115073,0.029663,0.028768,1.079454,0.657247,1.526889
H2_128C_quantized_resblocks,672-122797-0033.wav,generated_audios/generated_H2_128C_int8/672-122797-0033_generated.wav,1.285034,0.342223,0.339071,0.266314,0.263861,1.092239,0.71282,1.399559
H2_128C_quantized_resblocks,672-122797-0034.wav,generated_audios/generated_H2_128C_int8/672-122797-0034_generated.wav,5.110023,0.14529,0.142914,0.028432,0.027967,1.06838,0.791186,1.490068
H2_128C_quantized_resblocks,672-122797-0035.wav,generated_audios/generated_H2_128C_int8/672-122797-0035_generated.wav,2.9,0.091576,0.088116,0.031578,0.030385,1.336738,0.866662,1.254288
H2_128C_quantized_resblocks,672-122797-0036.wav,generated_audios/generated_H2_128C_int8/672-122797-0036_generated.wav,5.365034,0.157174,0.153806,0.029296,0.028668,1.099993,0.722906,1.221322
H2_128C_quantized_resblocks,672-122797-0037.wav,generated_audios/generated_H2_128C_int8/672-122797-0037_generated.wav,1.96,0.551157,0.547795,0.281203,0.279487,1.089743,0.729061,1.322648
H2_128C_quantized_resblocks,672-122797-0038.wav,generated_audios/generated_H2_128C_int8/672-122797-0038_generated.wav,8.8,2.692188,2.680481,0.30593,0.3046,1.084246,0.716945,1.484033
H2_128C_quantized_resblocks,672-122797-0039.wav,generated_audios/generated_H2_128C_int8/672-122797-0039_generated.wav,4.025034,1.199955,1.196142,0.298123,0.297176,1.167792,0.758975,1.462962
H2_128C_quantized_resblocks,672-122797-0040.wav,generated_audios/generated_H2_128C_int8/672-122797-0040_generated.wav,5.125034,0.152499,0.148657,0.029756,0.029006,1.109577,0.713529,1.506688
H2_128C_quantized_resblocks,672-122797-0041.wav,generated_audios/generated_H2_128C_int8/672-122797-0041_generated.wav,3.88,0.116868,0.113402,0.030121,0.029227,1.067093,0.706359,1.582281
H2_128C_quantized_resblocks,672-122797-0042.wav,generated_audios/generated_H2_128C_int8/672-122797-0042_generated.wav,15.310023,4.676641,4.672021,0.305463,0.305161,1.12314,0.580397,1.538854
H2_128C_quantized_resblocks,672-122797-0043.wav,generated_audios/generated_H2_128C_int8/672-122797-0043_generated.wav,3.78,0.124017,0.120374,0.032809,0.031845,1.063801,0.646227,1.491145
H2_128C_quantized_resblocks,672-122797-0044.wav,generated_audios/generated_H2_128C_int8/672-122797-0044_generated.wav,3.74,0.112122,0.108589,0.029979,0.029034,1.082178,0.653131,1.546576
H2_128C_quantized_resblocks,672-122797-0045.wav,generated_audios/generated_H2_128C_int8/672-122797-0045_generated.wav,13.96,0.332391,0.327916,0.02381,0.02349,1.090828,0.779971,1.420176
H2_128C_quantized_resblocks,672-122797-0046.wav,generated_audios/generated_H2_128C_int8/672-122797-0046_generated.wav,4.715011,1.394856,1.391701,0.295833,0.295164,1.086334,0.73037,1.532776
H2_128C_quantized_resblocks,672-122797-0047.wav,generated_audios/generated_H2_128C_int8/672-122797-0047_generated.wav,3.325034,0.981431,0.977888,0.295164,0.294099,1.272821,0.745359,1.247386
H2_128C_quantized_resblocks,672-122797-0048.wav,generated_audios/generated_H2_128C_int8/672-122797-0048_generated.wav,6.555011,0.197929,0.194142,0.030195,0.029617,1.061856,0.62399,1.54062
H2_128C_quantized_resblocks,672-122797-0049.wav,generated_audios/generated_H2_128C_int8/672-122797-0049_generated.wav,2.02,0.070914,0.067698,0.035106,0.033514,1.272701,0.648944,1.520335
H2_128C_quantized_resblocks,672-122797-0050.wav,generated_audios/generated_H2_128C_int8/672-122797-0050_generated.wav,4.855011,1.460779,1.457034,0.300881,0.300109,1.068647,0.731724,1.434428
H2_128C_quantized_resblocks,672-122797-0051.wav,generated_audios/generated_H2_128C_int8/672-122797-0051_generated.wav,4.665034,1.438224,1.434743,0.308299,0.307552,1.083663,0.684575,1.48501
H2_128C_quantized_resblocks,672-122797-0052.wav,generated_audios/generated_H2_128C_int8/672-122797-0052_generated.wav,4.285034,1.240332,1.236739,0.289457,0.288618,1.071493,0.736798,1.411735
H2_128C_quantized_resblocks,672-122797-0053.wav,generated_audios/generated_H2_128C_int8/672-122797-0053_generated.wav,2.955011,0.093066,0.089702,0.031494,0.030356,1.058806,0.666041,1.523614
H2_128C_quantized_resblocks,672-122797-0054.wav,generated_audios/generated_H2_128C_int8/672-122797-0054_generated.wav,4.250023,0.13949,0.136071,0.032821,0.032017,1.134985,0.692326,1.366268
H2_128C_quantized_resblocks,672-122797-0055.wav,generated_audios/generated_H2_128C_int8/672-122797-0055_generated.wav,8.230023,2.352262,2.348315,0.285815,0.285335,1.082211,0.697882,1.462816
H2_128C_quantized_resblocks,672-122797-0056.wav,generated_audios/generated_H2_128C_int8/672-122797-0056_generated.wav,5.225034,0.156258,0.152447,0.029906,0.029176,1.069326,0.730551,1.460517
H2_128C_quantized_resblocks,672-122797-0057.wav,generated_audios/generated_H2_128C_int8/672-122797-0057_generated.wav,6.56,0.189315,0.185317,0.028859,0.028249,1.097669,0.659914,1.463759
H2_128C_quantized_resblocks,672-122797-0058.wav,generated_audios/generated_H2_128C_int8/672-122797-0058_generated.wav,4.470023,1.351528,1.348186,0.302354,0.301606,1.046531,0.631446,1.663822
H2_128C_quantized_resblocks,672-122797-0059.wav,generated_audios/generated_H2_128C_int8/672-122797-0059_generated.wav,3.52,1.034321,1.030716,0.293841,0.292817,1.109736,0.711426,1.574543
H2_128C_quantized_resblocks,672-122797-0060.wav,generated_audios/generated_H2_128C_int8/672-122797-0060_generated.wav,3.350023,0.107085,0.103912,0.031965,0.031018,1.098844,0.848436,1.45286
H2_128C_quantized_resblocks,672-122797-0061.wav,generated_audios/generated_H2_128C_int8/672-122797-0061_generated.wav,7.590023,2.341555,2.337659,0.308504,0.307991,1.097246,0.786419,1.395578
H2_128C_quantized_resblocks,672-122797-0062.wav,generated_audios/generated_H2_128C_int8/672-122797-0062_generated.wav,2.675011,0.820299,0.817024,0.306652,0.305428,1.132852,0.588012,1.635896
H2_128C_quantized_resblocks,672-122797-0063.wav,generated_audios/generated_H2_128C_int8/672-122797-0063_generated.wav,5.075011,0.147065,0.143278,0.028978,0.028232,1.103529,0.755818,1.571239
H2_128C_quantized_resblocks,672-122797-0064.wav,generated_audios/generated_H2_128C_int8/672-122797-0064_generated.wav,15.270023,4.591842,4.587209,0.30071,0.300406,1.104732,0.714467,1.414711
H2_128C_quantized_resblocks,672-122797-0065.wav,generated_audios/generated_H2_128C_int8/672-122797-0065_generated.wav,3.030023,0.095795,0.092204,0.031615,0.03043,1.054245,0.687171,1.585651
H2_128C_quantized_resblocks,672-122797-0066.wav,generated_audios/generated_H2_128C_int8/672-122797-0066_generated.wav,4.815011,0.145468,0.141821,0.030211,0.029454,1.087486,0.826121,1.386866
H2_128C_quantized_resblocks,672-122797-0067.wav,generated_audios/generated_H2_128C_int8/672-122797-0067_generated.wav,13.035011,3.755665,3.751034,0.288121,0.287766,1.087363,0.77595,1.427244
H2_128C_quantized_resblocks,672-122797-0068.wav,generated_audios/generated_H2_128C_int8/672-122797-0068_generated.wav,4.02,0.108775,0.104872,0.027059,0.026088,1.093441,0.709493,1.572471
H2_128C_quantized_resblocks,672-122797-0069.wav,generated_audios/generated_H2_128C_int8/672-122797-0069_generated.wav,5.010023,1.527231,1.523531,0.304835,0.304097,1.078453,0.666161,1.500482
H2_128C_quantized_resblocks,672-122797-0070.wav,generated_audios/generated_H2_128C_int8/672-122797-0070_generated.wav,6.270023,1.781306,1.777608,0.284099,0.283509,1.073948,0.772017,1.440333
H2_128C_quantized_resblocks,672-122797-0071.wav,generated_audios/generated_H2_128C_int8/672-122797-0071_generated.wav,8.875011,2.682957,2.678483,0.302305,0.301801,1.086454,0.824146,1.409099
H2_128C_quantized_resblocks,672-122797-0072.wav,generated_audios/generated_H2_128C_int8/672-122797-0072_generated.wav,7.94,2.43947,2.435744,0.307238,0.306769,1.0825,0.691455,1.534623
H2_128C_quantized_resblocks,672-122797-0073.wav,generated_audios/generated_H2_128C_int8/672-122797-0073_generated.wav,8.205034,2.4942,2.489698,0.303984,0.303435,1.076915,0.783228,1.451798
H2_128C_quantized_resblocks,672-122797-0074.wav,generated_audios/generated_H2_128C_int8/672-122797-0074_generated.wav,8.730023,2.678839,2.674489,0.306854,0.306355,1.125242,0.569011,1.598779
H2_128C_quantized_resblocks,908-157963-0000.wav,generated_audios/generated_H2_128C_int8/908-157963-0000_generated.wav,12.62,3.606284,3.602295,0.285759,0.285443,1.135556,0.80002,1.470001
H2_128C_quantized_resblocks,908-157963-0001.wav,generated_audios/generated_H2_128C_int8/908-157963-0001_generated.wav,2.885034,0.85592,0.852294,0.296676,0.295419,1.216609,0.859733,1.440285
H2_128C_quantized_resblocks,908-157963-0002.wav,generated_audios/generated_H2_128C_int8/908-157963-0002_generated.wav,2.755011,0.824648,0.821341,0.299326,0.298126,1.214048,0.844298,1.446919
H2_128C_quantized_resblocks,908-157963-0003.wav,generated_audios/generated_H2_128C_int8/908-157963-0003_generated.wav,3.08,0.913822,0.91046,0.296695,0.295604,1.19843,0.853831,1.331156
H2_128C_quantized_resblocks,908-157963-0004.wav,generated_audios/generated_H2_128C_int8/908-157963-0004_generated.wav,13.990023,4.204059,4.199248,0.300504,0.30016,1.147828,0.794517,1.406865
H2_128C_quantized_resblocks,908-157963-0005.wav,generated_audios/generated_H2_128C_int8/908-157963-0005_generated.wav,7.035011,2.084677,2.080799,0.296329,0.295778,1.13005,0.78358,1.51137
H2_128C_quantized_resblocks,908-157963-0006.wav,generated_audios/generated_H2_128C_int8/908-157963-0006_generated.wav,8.110023,2.435377,2.431148,0.300292,0.299771,1.151143,0.779006,1.440658
H2_128C_quantized_resblocks,908-157963-0007.wav,generated_audios/generated_H2_128C_int8/908-157963-0007_generated.wav,32.770023,10.020089,10.012259,0.30577,0.305531,1.12524,0.791134,1.426614
H2_128C_quantized_resblocks,908-157963-0008.wav,generated_audios/generated_H2_128C_int8/908-157963-0008_generated.wav,19.950023,6.052941,6.046811,0.303405,0.303098,1.159433,0.80177,1.430093
H2_128C_quantized_resblocks,908-157963-0009.wav,generated_audios/generated_H2_128C_int8/908-157963-0009_generated.wav,4.06,1.232092,1.228342,0.303471,0.302547,1.185565,0.817141,1.312949
H2_128C_quantized_resblocks,908-157963-0010.wav,generated_audios/generated_H2_128C_int8/908-157963-0010_generated.wav,6.28,0.155692,0.151943,0.024792,0.024195,1.103482,0.713189,1.507548
H2_128C_quantized_resblocks,908-157963-0011.wav,generated_audios/generated_H2_128C_int8/908-157963-0011_generated.wav,10.395011,0.286022,0.281668,0.027515,0.027097,1.096917,0.764654,1.449678
H2_128C_quantized_resblocks,908-157963-0012.wav,generated_audios/generated_H2_128C_int8/908-157963-0012_generated.wav,10.090023,2.997285,2.993339,0.297054,0.296663,1.106438,0.759574,1.496559
H2_128C_quantized_resblocks,908-157963-0013.wav,generated_audios/generated_H2_128C_int8/908-157963-0013_generated.wav,4.315011,0.13022,0.126324,0.030178,0.029275,1.115199,0.808741,1.667197
H2_128C_quantized_resblocks,908-157963-0014.wav,generated_audios/generated_H2_128C_int8/908-157963-0014_generated.wav,4.52,0.131425,0.128011,0.029076,0.028321,1.209262,0.797141,1.628887
H2_128C_quantized_resblocks,908-157963-0015.wav,generated_audios/generated_H2_128C_int8/908-157963-0015_generated.wav,14.465034,4.098954,4.094534,0.28337,0.283064,1.209465,0.840623,1.38296
H2_128C_quantized_resblocks,908-157963-0016.wav,generated_audios/generated_H2_128C_int8/908-157963-0016_generated.wav,5.105034,0.14658,0.143269,0.028713,0.028064,1.201576,0.851333,1.439197
H2_128C_quantized_resblocks,908-157963-0017.wav,generated_audios/generated_H2_128C_int8/908-157963-0017_generated.wav,4.950023,1.410545,1.407196,0.284957,0.284281,1.260912,0.829069,1.332361
H2_128C_quantized_resblocks,908-157963-0018.wav,generated_audios/generated_H2_128C_int8/908-157963-0018_generated.wav,4.255011,0.110317,0.106658,0.025926,0.025066,1.15151,0.784701,1.36765
H2_128C_quantized_resblocks,908-157963-0019.wav,generated_audios/generated_H2_128C_int8/908-157963-0019_generated.wav,21.44,6.566394,6.561283,0.306268,0.30603,1.118215,0.788383,1.568128
H2_128C_quantized_resblocks,908-157963-0020.wav,generated_audios/generated_H2_128C_int8/908-157963-0020_generated.wav,9.8,2.980801,2.976904,0.304163,0.303766,1.161366,0.785026,1.548345
H2_128C_quantized_resblocks,908-157963-0021.wav,generated_audios/generated_H2_128C_int8/908-157963-0021_generated.wav,10.24,0.284358,0.280218,0.027769,0.027365,1.161482,0.798242,1.490318
H2_128C_quantized_resblocks,908-157963-0022.wav,generated_audios/generated_H2_128C_int8/908-157963-0022_generated.wav,4.610023,1.414316,1.411126,0.306792,0.3061,1.111619,0.795083,1.53189
H2_128C_quantized_resblocks,908-157963-0023.wav,generated_audios/generated_H2_128C_int8/908-157963-0023_generated.wav,9.625034,2.97656,2.972376,0.309252,0.308817,1.149675,0.750796,1.48427
H2_128C_quantized_resblocks,908-157963-0024.wav,generated_audios/generated_H2_128C_int8/908-157963-0024_generated.wav,3.44,1.056204,1.052811,0.307036,0.30605,1.098469,0.785676,1.589662
H2_128C_quantized_resblocks,908-157963-0025.wav,generated_audios/generated_H2_128C_int8/908-157963-0025_generated.wav,9.265034,2.668431,2.664663,0.288011,0.287604,1.118687,0.779692,1.565566
H2_128C_quantized_resblocks,908-157963-0026.wav,generated_audios/generated_H2_128C_int8/908-157963-0026_generated.wav,8.1,2.411592,2.407536,0.297727,0.297227,1.159356,0.805813,1.443077
H2_128C_quantized_resblocks,908-157963-0027.wav,generated_audios/generated_H2_128C_int8/908-157963-0027_generated.wav,5.225034,0.133533,0.129962,0.025556,0.024873,1.097198,0.732635,1.597087
H2_128C_quantized_resblocks,908-157963-0028.wav,generated_audios/generated_H2_128C_int8/908-157963-0028_generated.wav,4.955011,0.127079,0.12353,0.025646,0.02493,1.14583,0.827045,1.356378
H2_128C_quantized_resblocks,908-157963-0029.wav,generated_audios/generated_H2_128C_int8/908-157963-0029_generated.wav,3.630023,1.021406,1.017438,0.281377,0.280284,1.220802,0.832903,1.392628
H2_128C_quantized_resblocks,908-157963-0030.wav,generated_audios/generated_H2_128C_int8/908-157963-0030_generated.wav,4.52,0.116745,0.113066,0.025829,0.025015,1.138851,0.81623,1.50347
H2_128C_quantized_resblocks,908-31957-0000.wav,generated_audios/generated_H2_128C_int8/908-31957-0000_generated.wav,2.125034,0.615207,0.611905,0.289505,0.287951,1.270692,0.83264,1.549833
H2_128C_quantized_resblocks,908-31957-0001.wav,generated_audios/generated_H2_128C_int8/908-31957-0001_generated.wav,11.315011,3.42007,3.415381,0.30226,0.301845,1.098324,0.79156,1.592412
H2_128C_quantized_resblocks,908-31957-0002.wav,generated_audios/generated_H2_128C_int8/908-31957-0002_generated.wav,4.790023,0.140635,0.136973,0.02936,0.028595,1.102573,0.803315,1.691519
H2_128C_quantized_resblocks,908-31957-0003.wav,generated_audios/generated_H2_128C_int8/908-31957-0003_generated.wav,6.565034,0.188376,0.184734,0.028694,0.028139,1.127471,0.787918,1.476795
H2_128C_quantized_resblocks,908-31957-0004.wav,generated_audios/generated_H2_128C_int8/908-31957-0004_generated.wav,14.755011,4.528329,4.524076,0.306901,0.306613,1.124406,0.805308,1.515136
H2_128C_quantized_resblocks,908-31957-0005.wav,generated_audios/generated_H2_128C_int8/908-31957-0005_generated.wav,4.490023,0.134033,0.130429,0.029851,0.029049,1.159628,0.809634,1.725202
H2_128C_quantized_resblocks,908-31957-0006.wav,generated_audios/generated_H2_128C_int8/908-31957-0006_generated.wav,5.890023,1.671284,1.667816,0.283748,0.283159,1.159756,0.796007,1.707064
H2_128C_quantized_resblocks,908-31957-0007.wav,generated_audios/generated_H2_128C_int8/908-31957-0007_generated.wav,5.8,0.162026,0.158648,0.027936,0.027353,1.156485,0.80527,1.511568
H2_128C_quantized_resblocks,908-31957-0008.wav,generated_audios/generated_H2_128C_int8/908-31957-0008_generated.wav,10.005034,2.792153,2.788335,0.279075,0.278693,1.121401,0.796768,1.570257
H2_128C_quantized_resblocks,908-31957-0009.wav,generated_audios/generated_H2_128C_int8/908-31957-0009_generated.wav,7.705034,2.166027,2.161869,0.281118,0.280579,1.115539,0.793819,1.54949
H2_128C_quantized_resblocks,908-31957-0010.wav,generated_audios/generated_H2_128C_int8/908-31957-0010_generated.wav,2.510023,0.705483,0.701584,0.281066,0.279513,1.131937,0.694134,1.962001
H2_128C_quantized_resblocks,908-31957-0011.wav,generated_audios/generated_H2_128C_int8/908-31957-0011_generated.wav,2.335011,0.078337,0.075094,0.033549,0.03216,1.14317,0.709487,1.622149
H2_128C_quantized_resblocks,908-31957-0012.wav,generated_audios/generated_H2_128C_int8/908-31957-0012_generated.wav,7.615011,2.264156,2.260163,0.297328,0.296804,1.127191,0.783941,1.614269
H2_128C_quantized_resblocks,908-31957-0013.wav,generated_audios/generated_H2_128C_int8/908-31957-0013_generated.wav,6.18,1.844746,1.841251,0.298503,0.297937,1.17205,0.748337,1.669175
H2_128C_quantized_resblocks,908-31957-0014.wav,generated_audios/generated_H2_128C_int8/908-31957-0014_generated.wav,7.56,2.10835,2.104516,0.278882,0.278375,1.101274,0.79902,1.705396
H2_128C_quantized_resblocks,908-31957-0015.wav,generated_audios/generated_H2_128C_int8/908-31957-0015_generated.wav,21.465034,6.199935,6.194268,0.288839,0.288575,1.101477,0.786581,1.71493
H2_128C_quantized_resblocks,908-31957-0016.wav,generated_audios/generated_H2_128C_int8/908-31957-0016_generated.wav,6.48,1.848989,1.844695,0.285338,0.284675,1.165736,0.795636,1.629609
H2_128C_quantized_resblocks,908-31957-0017.wav,generated_audios/generated_H2_128C_int8/908-31957-0017_generated.wav,7.795011,2.318942,2.315084,0.29749,0.296996,1.11077,0.804039,1.696808
H2_128C_quantized_resblocks,908-31957-0018.wav,generated_audios/generated_H2_128C_int8/908-31957-0018_generated.wav,3.915011,1.171668,1.168184,0.299276,0.298386,1.117705,0.82527,1.610165
H2_128C_quantized_resblocks,908-31957-0019.wav,generated_audios/generated_H2_128C_int8/908-31957-0019_generated.wav,9.54,2.895934,2.892017,0.303557,0.303146,1.183562,0.811501,1.504741
H2_128C_quantized_resblocks,908-31957-0020.wav,generated_audios/generated_H2_128C_int8/908-31957-0020_generated.wav,5.895011,0.151163,0.147422,0.025642,0.025008,1.150135,0.781758,1.645187
H2_128C_quantized_resblocks,908-31957-0021.wav,generated_audios/generated_H2_128C_int8/908-31957-0021_generated.wav,10.905034,3.098816,3.095972,0.284164,0.283903,1.117864,0.780198,1.598261
H2_128C_quantized_resblocks,908-31957-0022.wav,generated_audios/generated_H2_128C_int8/908-31957-0022_generated.wav,14.1,4.251945,4.247287,0.301556,0.301226,1.105452,0.781515,1.60137
H2_128C_quantized_resblocks,908-31957-0023.wav,generated_audios/generated_H2_128C_int8/908-31957-0023_generated.wav,8.515011,2.583156,2.579261,0.303365,0.302908,1.148895,0.806289,1.718291
H2_128C_quantized_resblocks,908-31957-0024.wav,generated_audios/generated_H2_128C_int8/908-31957-0024_generated.wav,7.54,2.241025,2.237068,0.297218,0.296693,1.104531,0.782062,1.722757
H2_128C_quantized_resblocks,908-31957-0025.wav,generated_audios/generated_H2_128C_int8/908-31957-0025_generated.wav,20.56,6.150329,6.14368,0.299141,0.298817,1.11501,0.795288,1.838593
H2_256C_quantized_resblocks,1089-134686-0000.wav,generated_audios/generated_H2_256C_int8/1089-134686-0000_generated.wav,10.435011,0.575832,0.571942,0.055183,0.05481,2.863702,0.96131,0.310191
H2_256C_quantized_resblocks,1089-134686-0001.wav,generated_audios/generated_H2_256C_int8/1089-134686-0001_generated.wav,3.275011,0.192417,0.188956,0.058753,0.057696,2.553954,0.949631,0.327579
H2_256C_quantized_resblocks,1089-134686-0002.wav,generated_audios/generated_H2_256C_int8/1089-134686-0002_generated.wav,6.625034,0.365744,0.361769,0.055206,0.054606,2.996534,0.954216,0.305186
H2_256C_quantized_resblocks,1089-134686-0003.wav,generated_audios/generated_H2_256C_int8/1089-134686-0003_generated.wav,2.68,0.157243,0.154242,0.058673,0.057553,3.032276,0.966975,0.34744
H2_256C_quantized_resblocks,1089-134686-0004.wav,generated_audios/generated_H2_256C_int8/1089-134686-0004_generated.wav,5.215102,0.291352,0.287663,0.055867,0.05516,3.122606,0.974064,0.319935
H2_256C_quantized_resblocks,1089-134686-0005.wav,generated_audios/generated_H2_256C_int8/1089-134686-0005_generated.wav,9.635011,0.52752,0.523633,0.05475,0.054347,2.850904,0.943468,0.311019
H2_256C_quantized_resblocks,1089-134686-0006.wav,generated_audios/generated_H2_256C_int8/1089-134686-0006_generated.wav,10.555011,0.572585,0.568849,0.054248,0.053894,2.823878,0.952318,0.31117
H2_256C_quantized_resblocks,1089-134686-0007.wav,generated_audios/generated_H2_256C_int8/1089-134686-0007_generated.wav,4.275011,0.252082,0.248467,0.058966,0.058121,2.724916,0.966178,0.32927
H2_256C_quantized_resblocks,1089-134686-0008.wav,generated_audios/generated_H2_256C_int8/1089-134686-0008_generated.wav,6.730023,0.350748,0.347308,0.052117,0.051606,2.820703,0.961466,0.312991
H2_256C_quantized_resblocks,1089-134686-0009.wav,generated_audios/generated_H2_256C_int8/1089-134686-0009_generated.wav,10.575011,0.582504,0.578348,0.055083,0.05469,3.045414,0.969952,0.318604
H2_256C_quantized_resblocks,1089-134686-0010.wav,generated_audios/generated_H2_256C_int8/1089-134686-0010_generated.wav,4.405034,0.252778,0.249059,0.057384,0.05654,3.241693,0.969762,0.293012
H2_256C_quantized_resblocks,1089-134686-0011.wav,generated_audios/generated_H2_256C_int8/1089-134686-0011_generated.wav,12.445034,0.688391,0.683638,0.055314,0.054933,3.015378,0.958698,0.300787
H2_256C_quantized_resblocks,1089-134686-0012.wav,generated_audios/generated_H2_256C_int8/1089-134686-0012_generated.wav,11.64,0.64269,0.637933,0.055214,0.054805,2.855364,0.963805,0.31688
H2_256C_quantized_resblocks,1089-134686-0013.wav,generated_audios/generated_H2_256C_int8/1089-134686-0013_generated.wav,7.915011,0.437177,0.433224,0.055234,0.054735,2.584451,0.960088,0.308953
H2_256C_quantized_resblocks,1089-134686-0014.wav,generated_audios/generated_H2_256C_int8/1089-134686-0014_generated.wav,2.225034,0.135209,0.131881,0.060767,0.059272,2.919999,0.976528,0.302448
H2_256C_quantized_resblocks,1089-134686-0015.wav,generated_audios/generated_H2_256C_int8/1089-134686-0015_generated.wav,5.815011,0.324193,0.320654,0.055751,0.055142,2.784234,0.95764,0.32709
H2_256C_quantized_resblocks,1089-134686-0016.wav,generated_audios/generated_H2_256C_int8/1089-134686-0016_generated.wav,3.54,0.208779,0.205591,0.058977,0.058077,2.543277,0.95387,0.311176
H2_256C_quantized_resblocks,1089-134686-0017.wav,generated_audios/generated_H2_256C_int8/1089-134686-0017_generated.wav,8.870023,0.489688,0.485602,0.055207,0.054746,2.782228,0.960875,0.305664
H2_256C_quantized_resblocks,1089-134686-0018.wav,generated_audios/generated_H2_256C_int8/1089-134686-0018_generated.wav,15.72,0.872141,0.866345,0.05548,0.055111,2.858593,0.962165,0.305053
H2_256C_quantized_resblocks,1089-134686-0019.wav,generated_audios/generated_H2_256C_int8/1089-134686-0019_generated.wav,13.895011,0.759966,0.755959,0.054693,0.054405,2.96172,0.962044,0.30296
H2_256C_quantized_resblocks,1089-134686-0020.wav,generated_audios/generated_H2_256C_int8/1089-134686-0020_generated.wav,16.790023,0.947773,0.942384,0.056449,0.056128,2.605618,0.955346,0.308828
H2_256C_quantized_resblocks,1089-134686-0021.wav,generated_audios/generated_H2_256C_int8/1089-134686-0021_generated.wav,6.550023,0.365306,0.36148,0.055772,0.055188,2.703341,0.963335,0.307384
H2_256C_quantized_resblocks,1089-134686-0022.wav,generated_audios/generated_H2_256C_int8/1089-134686-0022_generated.wav,11.175011,0.611347,0.6065,0.054707,0.054273,2.744507,0.960761,0.30277
H2_256C_quantized_resblocks,1089-134686-0023.wav,generated_audios/generated_H2_256C_int8/1089-134686-0023_generated.wav,13.275011,0.721505,0.717481,0.054351,0.054047,2.767156,0.95833,0.305025
H2_256C_quantized_resblocks,1089-134686-0024.wav,generated_audios/generated_H2_256C_int8/1089-134686-0024_generated.wav,11.655011,0.633638,0.629414,0.054366,0.054004,2.683609,0.960145,0.303738
H2_256C_quantized_resblocks,1089-134686-0025.wav,generated_audios/generated_H2_256C_int8/1089-134686-0025_generated.wav,6.610023,0.366237,0.362306,0.055406,0.054812,2.78465,0.960757,0.318974
H2_256C_quantized_resblocks,1089-134686-0026.wav,generated_audios/generated_H2_256C_int8/1089-134686-0026_generated.wav,4.010023,0.227129,0.22355,0.05664,0.055748,2.788589,0.95141,0.313346
H2_256C_quantized_resblocks,1089-134686-0027.wav,generated_audios/generated_H2_256C_int8/1089-134686-0027_generated.wav,2.710023,0.157205,0.154437,0.058009,0.056987,2.494692,0.959597,0.301594
H2_256C_quantized_resblocks,1089-134686-0028.wav,generated_audios/generated_H2_256C_int8/1089-134686-0028_generated.wav,7.830023,0.428441,0.42462,0.054718,0.05423,2.960534,0.96285,0.29783
H2_256C_quantized_resblocks,1089-134686-0029.wav,generated_audios/generated_H2_256C_int8/1089-134686-0029_generated.wav,4.670023,0.265485,0.261824,0.056849,0.056065,3.081559,0.962312,0.297825
H2_256C_quantized_resblocks,1089-134686-0030.wav,generated_audios/generated_H2_256C_int8/1089-134686-0030_generated.wav,2.715011,0.148997,0.145604,0.054879,0.053629,2.86326,0.961719,0.301837
H2_256C_quantized_resblocks,1089-134686-0031.wav,generated_audios/generated_H2_256C_int8/1089-134686-0031_generated.wav,6.615011,0.344922,0.341208,0.052142,0.051581,3.022866,0.957035,0.311461
H2_256C_quantized_resblocks,121-121726-0000.wav,generated_audios/generated_H2_256C_int8/121-121726-0000_generated.wav,8.46,0.464497,0.460313,0.054905,0.054411,2.89734,0.96429,0.419494
H2_256C_quantized_resblocks,121-121726-0001.wav,generated_audios/generated_H2_256C_int8/121-121726-0001_generated.wav,5.925034,0.332421,0.328649,0.056104,0.055468,2.971285,0.954653,0.593791
H2_256C_quantized_resblocks,121-121726-0002.wav,generated_audios/generated_H2_256C_int8/121-121726-0002_generated.wav,4.410023,0.237301,0.23365,0.05381,0.052981,2.917048,0.952392,0.561497
H2_256C_quantized_resblocks,121-121726-0003.wav,generated_audios/generated_H2_256C_int8/121-121726-0003_generated.wav,6.755011,0.372944,0.368977,0.05521,0.054623,3.008,0.967158,0.523195
H2_256C_quantized_resblocks,121-121726-0004.wav,generated_audios/generated_H2_256C_int8/121-121726-0004_generated.wav,4.02,0.231935,0.228481,0.057695,0.056836,2.806953,0.968871,0.626939
H2_256C_quantized_resblocks,121-121726-0005.wav,generated_audios/generated_H2_256C_int8/121-121726-0005_generated.wav,3.1,0.181423,0.178078,0.058524,0.057445,3.251822,0.968852,0.810719
H2_256C_quantized_resblocks,121-121726-0006.wav,generated_audios/generated_H2_256C_int8/121-121726-0006_generated.wav,3.895011,0.223898,0.220393,0.057483,0.056583,2.951199,0.956421,0.596932
H2_256C_quantized_resblocks,121-121726-0007.wav,generated_audios/generated_H2_256C_int8/121-121726-0007_generated.wav,6.730023,0.353688,0.349922,0.052554,0.051994,3.268919,0.973684,0.555002
H2_256C_quantized_resblocks,121-121726-0008.wav,generated_audios/generated_H2_256C_int8/121-121726-0008_generated.wav,4.990023,0.278264,0.274596,0.055764,0.055029,3.386575,0.974932,0.66781
H2_256C_quantized_resblocks,121-121726-0009.wav,generated_audios/generated_H2_256C_int8/121-121726-0009_generated.wav,7.26,0.400954,0.397206,0.055228,0.054712,3.030768,0.968335,0.513274
H2_256C_quantized_resblocks,121-121726-0010.wav,generated_audios/generated_H2_256C_int8/121-121726-0010_generated.wav,9.810023,0.532909,0.528908,0.054323,0.053915,3.127574,0.968634,0.504086
H2_256C_quantized_resblocks,121-121726-0011.wav,generated_audios/generated_H2_256C_int8/121-121726-0011_generated.wav,4.035011,0.227005,0.22353,0.056259,0.055398,2.943191,0.966144,0.623924
H2_256C_quantized_resblocks,121-121726-0012.wav,generated_audios/generated_H2_256C_int8/121-121726-0012_generated.wav,4.045034,0.229924,0.226573,0.056841,0.056013,2.789709,0.952665,0.499029
H2_256C_quantized_resblocks,121-121726-0013.wav,generated_audios/generated_H2_256C_int8/121-121726-0013_generated.wav,2.490023,0.155896,0.152599,0.062608,0.061284,3.01034,0.963712,0.567821
H2_256C_quantized_resblocks,121-121726-0014.wav,generated_audios/generated_H2_256C_int8/121-121726-0014_generated.wav,3.165034,0.189805,0.185885,0.059969,0.058731,3.458504,0.972703,0.636957
H2_256C_quantized_resblocks,121-123852-0000.wav,generated_audios/generated_H2_256C_int8/121-123852-0000_generated.wav,17.695011,1.011763,1.006749,0.057178,0.056895,2.808318,0.967491,0.55068
H2_256C_quantized_resblocks,121-123852-0001.wav,generated_audios/generated_H2_256C_int8/121-123852-0001_generated.wav,1.870023,0.11658,0.113257,0.062341,0.060565,2.573512,0.907955,0.817699
H2_256C_quantized_resblocks,121-123852-0002.wav,generated_audios/generated_H2_256C_int8/121-123852-0002_generated.wav,17.285034,1.003446,0.998807,0.058053,0.057784,2.778292,0.961973,0.462895
H2_256C_quantized_resblocks,121-123852-0003.wav,generated_audios/generated_H2_256C_int8/121-123852-0003_generated.wav,23.505034,6.631555,6.625692,0.282133,0.281884,2.820915,0.955839,0.474153
H2_256C_quantized_resblocks,121-123852-0004.wav,generated_audios/generated_H2_256C_int8/121-123852-0004_generated.wav,16.290023,4.302438,4.297563,0.264115,0.263816,2.851854,0.965548,0.467576
H2_256C_quantized_resblocks,121-123859-0000.wav,generated_audios/generated_H2_256C_int8/121-123859-0000_generated.wav,17.390023,4.606284,4.600443,0.264881,0.264545,2.624218,0.953552,0.496381
H2_256C_quantized_resblocks,121-123859-0001.wav,generated_audios/generated_H2_256C_int8/121-123859-0001_generated.wav,25.395011,6.933945,6.92745,0.273044,0.272788,2.86874,0.964117,0.478824
H2_256C_quantized_resblocks,121-123859-0002.wav,generated_audios/generated_H2_256C_int8/121-123859-0002_generated.wav,30.04,8.165203,8.158575,0.271811,0.27159,2.703491,0.961284,0.462714
H2_256C_quantized_resblocks,121-123859-0003.wav,generated_audios/generated_H2_256C_int8/121-123859-0003_generated.wav,10.825034,2.649156,2.64499,0.244725,0.24434,2.834318,0.964524,0.594373
H2_256C_quantized_resblocks,121-123859-0004.wav,generated_audios/generated_H2_256C_int8/121-123859-0004_generated.wav,9.505034,2.349828,2.346022,0.247219,0.246819,2.22583,0.96398,0.509071
H2_256C_quantized_resblocks,121-127105-0000.wav,generated_audios/generated_H2_256C_int8/121-127105-0000_generated.wav,9.875011,2.451501,2.446907,0.248253,0.247788,2.600851,0.951226,0.434814
H2_256C_quantized_resblocks,121-127105-0001.wav,generated_audios/generated_H2_256C_int8/121-127105-0001_generated.wav,5.025034,1.22018,1.216917,0.24282,0.242171,2.715976,0.952501,0.365849
H2_256C_quantized_resblocks,121-127105-0002.wav,generated_audios/generated_H2_256C_int8/121-127105-0002_generated.wav,7.495011,1.8324,1.828527,0.244483,0.243966,2.761468,0.957189,0.396804
H2_256C_quantized_resblocks,121-127105-0003.wav,generated_audios/generated_H2_256C_int8/121-127105-0003_generated.wav,7.725034,1.909406,1.905679,0.247171,0.246689,2.887592,0.954909,0.44708
H2_256C_quantized_resblocks,121-127105-0004.wav,generated_audios/generated_H2_256C_int8/121-127105-0004_generated.wav,2.110023,0.535594,0.532187,0.253833,0.252218,1.526739,0.964989,0.626844
H2_256C_quantized_resblocks,121-127105-0005.wav,generated_audios/generated_H2_256C_int8/121-127105-0005_generated.wav,5.82,1.406645,1.40307,0.241692,0.241077,2.8103,0.963394,0.428756
H2_256C_quantized_resblocks,121-127105-0006.wav,generated_audios/generated_H2_256C_int8/121-127105-0006_generated.wav,4.725034,1.151247,1.147547,0.243648,0.242865,2.40909,0.958645,0.455754
H2_256C_quantized_resblocks,121-127105-0007.wav,generated_audios/generated_H2_256C_int8/121-127105-0007_generated.wav,5.790023,1.389922,1.385872,0.240055,0.239355,2.439403,0.957509,0.419866
H2_256C_quantized_resblocks,121-127105-0008.wav,generated_audios/generated_H2_256C_int8/121-127105-0008_generated.wav,2.76,0.65804,0.654619,0.23842,0.237181,3.041755,0.960175,0.44033
H2_256C_quantized_resblocks,121-127105-0009.wav,generated_audios/generated_H2_256C_int8/121-127105-0009_generated.wav,2.290023,0.564909,0.561969,0.246683,0.245399,2.660689,0.955762,0.397962
H2_256C_quantized_resblocks,121-127105-0010.wav,generated_audios/generated_H2_256C_int8/121-127105-0010_generated.wav,2.850023,0.71314,0.710424,0.250222,0.24927,2.539578,0.956132,0.397467
H2_256C_quantized_resblocks,121-127105-0011.wav,generated_audios/generated_H2_256C_int8/121-127105-0011_generated.wav,5.78,1.42067,1.417226,0.245791,0.245195,2.565678,0.941482,0.369813
H2_256C_quantized_resblocks,121-127105-0012.wav,generated_audios/generated_H2_256C_int8/121-127105-0012_generated.wav,4.830023,1.196384,1.192689,0.247697,0.246932,1.587564,0.950761,0.339429
H2_256C_quantized_resblocks,121-127105-0013.wav,generated_audios/generated_H2_256C_int8/121-127105-0013_generated.wav,5.895011,1.416957,1.413373,0.240365,0.239757,2.387446,0.953017,0.439654
H2_256C_quantized_resblocks,121-127105-0014.wav,generated_audios/generated_H2_256C_int8/121-127105-0014_generated.wav,2.255011,0.557661,0.554628,0.247299,0.245954,2.994672,0.929764,0.543953
H2_256C_quantized_resblocks,121-127105-0015.wav,generated_audios/generated_H2_256C_int8/121-127105-0015_generated.wav,2.96,0.72978,0.726489,0.246547,0.245435,2.792074,0.956681,0.387725
H2_256C_quantized_resblocks,121-127105-0016.wav,generated_audios/generated_H2_256C_int8/121-127105-0016_generated.wav,2.030023,0.489519,0.486346,0.241139,0.239577,2.915401,0.953991,0.369806
H2_256C_quantized_resblocks,121-127105-0017.wav,generated_audios/generated_H2_256C_int8/121-127105-0017_generated.wav,2.695011,0.664345,0.661005,0.246509,0.24527,2.641217,0.94888,0.356123
H2_256C_quantized_resblocks,121-127105-0018.wav,generated_audios/generated_H2_256C_int8/121-127105-0018_generated.wav,2.770023,0.681608,0.678375,0.246066,0.244899,2.686557,0.955579,0.397759
H2_256C_quantized_resblocks,121-127105-0019.wav,generated_audios/generated_H2_256C_int8/121-127105-0019_generated.wav,3.525034,0.844301,0.840752,0.239516,0.238509,2.742476,0.955819,0.430269
H2_256C_quantized_resblocks,121-127105-0020.wav,generated_audios/generated_H2_256C_int8/121-127105-0020_generated.wav,14.355011,3.875507,3.870702,0.269976,0.269641,2.735869,0.954008,0.369032
H2_256C_quantized_resblocks,121-127105-0021.wav,generated_audios/generated_H2_256C_int8/121-127105-0021_generated.wav,2.0,0.506494,0.503488,0.253247,0.251744,2.583252,0.95952,0.42172
H2_256C_quantized_resblocks,121-127105-0022.wav,generated_audios/generated_H2_256C_int8/121-127105-0022_generated.wav,5.075011,1.232465,1.228798,0.24285,0.242127,2.684512,0.947222,0.520881
H2_256C_quantized_resblocks,121-127105-0023.wav,generated_audios/generated_H2_256C_int8/121-127105-0023_generated.wav,10.910023,2.696832,2.692584,0.247188,0.246799,2.876364,0.95475,0.379859
H2_256C_quantized_resblocks,121-127105-0024.wav,generated_audios/generated_H2_256C_int8/121-127105-0024_generated.wav,14.450023,3.903867,3.899275,0.270163,0.269846,2.875983,0.958145,0.380298
H2_256C_quantized_resblocks,121-127105-0025.wav,generated_audios/generated_H2_256C_int8/121-127105-0025_generated.wav,16.065034,4.283472,4.278495,0.266633,0.266323,2.875949,0.957961,0.387604
H2_256C_quantized_resblocks,121-127105-0026.wav,generated_audios/generated_H2_256C_int8/121-127105-0026_generated.wav,7.530023,1.825728,1.82167,0.24246,0.241921,2.751976,0.962632,0.363439
H2_256C_quantized_resblocks,121-127105-0027.wav,generated_audios/generated_H2_256C_int8/121-127105-0027_generated.wav,13.870023,3.749637,3.745248,0.270341,0.270025,2.855964,0.957887,0.413671
H2_256C_quantized_resblocks,121-127105-0028.wav,generated_audios/generated_H2_256C_int8/121-127105-0028_generated.wav,6.750023,0.375465,0.371651,0.055624,0.055059,2.63519,0.961332,0.451231
H2_256C_quantized_resblocks,121-127105-0029.wav,generated_audios/generated_H2_256C_int8/121-127105-0029_generated.wav,7.310023,1.789465,1.78546,0.244796,0.244248,2.925396,0.965851,0.429959
H2_256C_quantized_resblocks,121-127105-0030.wav,generated_audios/generated_H2_256C_int8/121-127105-0030_generated.wav,2.175011,0.557204,0.554128,0.256184,0.25477,2.717544,0.953341,0.427321
H2_256C_quantized_resblocks,121-127105-0031.wav,generated_audios/generated_H2_256C_int8/121-127105-0031_generated.wav,10.765034,2.661608,2.65716,0.247246,0.246832,2.646912,0.933916,0.494502
H2_256C_quantized_resblocks,121-127105-0032.wav,generated_audios/generated_H2_256C_int8/121-127105-0032_generated.wav,3.170023,0.765726,0.762609,0.241552,0.240569,2.423246,0.959549,0.441062
H2_256C_quantized_resblocks,121-127105-0033.wav,generated_audios/generated_H2_256C_int8/121-127105-0033_generated.wav,2.355011,0.599013,0.595671,0.254357,0.252938,2.922735,0.946009,0.51604
H2_256C_quantized_resblocks,121-127105-0034.wav,generated_audios/generated_H2_256C_int8/121-127105-0034_generated.wav,7.410023,1.825033,1.821109,0.246292,0.245763,2.833334,0.9536,0.519025
H2_256C_quantized_resblocks,121-127105-0035.wav,generated_audios/generated_H2_256C_int8/121-127105-0035_generated.wav,14.150023,3.82791,3.823117,0.270523,0.270185,2.694577,0.943839,0.576918
H2_256C_quantized_resblocks,121-127105-0036.wav,generated_audios/generated_H2_256C_int8/121-127105-0036_generated.wav,4.150023,0.999111,0.995374,0.240748,0.239848,2.843061,0.939859,0.565027
H2_256C_quantized_resblocks,237-126133-0000.wav,generated_audios/generated_H2_256C_int8/237-126133-0000_generated.wav,13.290023,3.624969,3.620546,0.272759,0.272426,3.075583,0.972168,0.319373
H2_256C_quantized_resblocks,237-126133-0001.wav,generated_audios/generated_H2_256C_int8/237-126133-0001_generated.wav,11.965034,3.234065,3.229015,0.270293,0.269871,2.825565,0.96356,0.323439
H2_256C_quantized_resblocks,237-126133-0002.wav,generated_audios/generated_H2_256C_int8/237-126133-0002_generated.wav,8.92,2.207845,2.203411,0.247516,0.247019,2.847888,0.96735,0.334927
H2_256C_quantized_resblocks,237-126133-0003.wav,generated_audios/generated_H2_256C_int8/237-126133-0003_generated.wav,6.56,1.598846,1.594608,0.243726,0.24308,3.034959,0.961012,0.326883
H2_256C_quantized_resblocks,237-126133-0004.wav,generated_audios/generated_H2_256C_int8/237-126133-0004_generated.wav,3.295011,0.823039,0.819737,0.249783,0.248781,2.778078,0.96584,0.337204
H2_256C_quantized_resblocks,237-126133-0005.wav,generated_audios/generated_H2_256C_int8/237-126133-0005_generated.wav,6.510023,1.607432,1.60368,0.246917,0.24634,3.02125,0.96361,0.328273
H2_256C_quantized_resblocks,237-126133-0006.wav,generated_audios/generated_H2_256C_int8/237-126133-0006_generated.wav,6.150023,1.512633,1.510172,0.245956,0.245556,2.825659,0.967185,0.342015
H2_256C_quantized_resblocks,237-126133-0007.wav,generated_audios/generated_H2_256C_int8/237-126133-0007_generated.wav,8.68,2.114917,2.110257,0.243654,0.243117,2.728639,0.963363,0.346792
H2_256C_quantized_resblocks,237-126133-0008.wav,generated_audios/generated_H2_256C_int8/237-126133-0008_generated.wav,3.865034,0.961917,0.958401,0.248877,0.247967,3.214137,0.96331,0.316272
H2_256C_quantized_resblocks,237-126133-0009.wav,generated_audios/generated_H2_256C_int8/237-126133-0009_generated.wav,3.970023,0.984445,0.981081,0.24797,0.247122,2.840165,0.967582,0.340119
H2_256C_quantized_resblocks,237-126133-0010.wav,generated_audios/generated_H2_256C_int8/237-126133-0010_generated.wav,6.24,1.519655,1.515904,0.243534,0.242933,2.405963,0.942135,0.367247
H2_256C_quantized_resblocks,237-126133-0011.wav,generated_audios/generated_H2_256C_int8/237-126133-0011_generated.wav,6.710023,1.6259,1.62206,0.242309,0.241737,2.874115,0.967774,0.332422
H2_256C_quantized_resblocks,237-126133-0012.wav,generated_audios/generated_H2_256C_int8/237-126133-0012_generated.wav,4.450023,1.110317,1.106716,0.249508,0.248699,2.822915,0.963182,0.318457
H2_256C_quantized_resblocks,237-126133-0013.wav,generated_audios/generated_H2_256C_int8/237-126133-0013_generated.wav,6.815011,1.693012,1.689225,0.248424,0.247868,2.665755,0.93635,0.367966
H2_256C_quantized_resblocks,237-126133-0014.wav,generated_audios/generated_H2_256C_int8/237-126133-0014_generated.wav,6.790023,1.658259,1.654615,0.24422,0.243683,2.754827,0.964547,0.323619
H2_256C_quantized_resblocks,237-126133-0015.wav,generated_audios/generated_H2_256C_int8/237-126133-0015_generated.wav,9.34,2.298472,2.294309,0.246089,0.245643,1.105277,0.769164,2.023426
H2_256C_quantized_resblocks,237-126133-0016.wav,generated_audios/generated_H2_256C_int8/237-126133-0016_generated.wav,4.250023,1.037567,1.034228,0.244132,0.243346,1.160391,0.820952,2.066133
H2_256C_quantized_resblocks,237-126133-0017.wav,generated_audios/generated_H2_256C_int8/237-126133-0017_generated.wav,6.210023,1.496851,1.4931,0.241038,0.240434,1.195207,0.830391,1.957719
H2_256C_quantized_resblocks,237-126133-0018.wav,generated_audios/generated_H2_256C_int8/237-126133-0018_generated.wav,4.095011,1.036133,1.032747,0.253023,0.252196,1.085782,0.684613,2.348414
H2_256C_quantized_resblocks,237-126133-0019.wav,generated_audios/generated_H2_256C_int8/237-126133-0019_generated.wav,7.12,1.752528,1.748732,0.246142,0.245608,1.112694,0.769828,1.983942
H2_256C_quantized_resblocks,237-126133-0020.wav,generated_audios/generated_H2_256C_int8/237-126133-0020_generated.wav,2.24,0.558431,0.5555,0.2493,0.247991,1.165327,0.79925,1.928032
H2_256C_quantized_resblocks,237-126133-0021.wav,generated_audios/generated_H2_256C_int8/237-126133-0021_generated.wav,4.365034,1.05265,1.048974,0.241155,0.240313,1.082243,0.698781,2.218199
H2_256C_quantized_resblocks,237-126133-0022.wav,generated_audios/generated_H2_256C_int8/237-126133-0022_generated.wav,5.04,1.242159,1.238473,0.24646,0.245729,1.139876,0.784214,2.028474
H2_256C_quantized_resblocks,237-126133-0023.wav,generated_audios/generated_H2_256C_int8/237-126133-0023_generated.wav,6.675011,1.651716,1.648026,0.247448,0.246895,1.087758,0.773012,1.915658
H2_256C_quantized_resblocks,237-126133-0024.wav,generated_audios/generated_H2_256C_int8/237-126133-0024_generated.wav,9.665034,2.451322,2.447236,0.253628,0.253205,1.158656,0.815937,1.70716
H2_256C_quantized_resblocks,237-126133-0025.wav,generated_audios/generated_H2_256C_int8/237-126133-0025_generated.wav,3.755011,0.927692,0.924723,0.247054,0.246264,1.141953,0.795864,1.920992
H2_256C_quantized_resblocks,237-134493-0000.wav,generated_audios/generated_H2_256C_int8/237-134493-0000_generated.wav,4.105034,1.00961,1.00591,0.245944,0.245043,1.325828,0.86639,1.273372
H2_256C_quantized_resblocks,237-134493-0001.wav,generated_audios/generated_H2_256C_int8/237-134493-0001_generated.wav,7.38,1.819183,1.815284,0.246502,0.245973,1.373776,0.890762,1.232785
H2_256C_quantized_resblocks,237-134493-0002.wav,generated_audios/generated_H2_256C_int8/237-134493-0002_generated.wav,11.395011,2.80862,2.804014,0.246478,0.246074,1.45996,0.892818,1.379518
H2_256C_quantized_resblocks,237-134493-0003.wav,generated_audios/generated_H2_256C_int8/237-134493-0003_generated.wav,12.765034,3.515373,3.510507,0.275391,0.27501,1.321062,0.901916,1.221483
H2_256C_quantized_resblocks,237-134493-0004.wav,generated_audios/generated_H2_256C_int8/237-134493-0004_generated.wav,6.825034,1.642538,1.638619,0.240664,0.240089,1.50966,0.913124,1.154797
H2_256C_quantized_resblocks,237-134493-0005.wav,generated_audios/generated_H2_256C_int8/237-134493-0005_generated.wav,10.945034,2.7065,2.702139,0.247281,0.246883,1.43345,0.899556,1.195749
H2_256C_quantized_resblocks,237-134493-0006.wav,generated_audios/generated_H2_256C_int8/237-134493-0006_generated.wav,4.395011,1.05591,1.052382,0.240252,0.239449,1.643875,0.940294,1.101393
H2_256C_quantized_resblocks,237-134493-0007.wav,generated_audios/generated_H2_256C_int8/237-134493-0007_generated.wav,2.035011,0.525267,0.522009,0.258115,0.256514,1.413175,0.863316,1.058464
H2_256C_quantized_resblocks,237-134493-0008.wav,generated_audios/generated_H2_256C_int8/237-134493-0008_generated.wav,2.305034,0.561351,0.558033,0.243532,0.242093,1.347853,0.822212,1.564102
H2_256C_quantized_resblocks,237-134493-0009.wav,generated_audios/generated_H2_256C_int8/237-134493-0009_generated.wav,2.975011,0.81409,0.810786,0.273643,0.272532,1.404447,0.918921,1.342014
H2_256C_quantized_resblocks,237-134493-0010.wav,generated_audios/generated_H2_256C_int8/237-134493-0010_generated.wav,2.875011,0.707386,0.704061,0.246046,0.24489,1.383132,0.862311,1.229242
H2_256C_quantized_resblocks,237-134493-0011.wav,generated_audios/generated_H2_256C_int8/237-134493-0011_generated.wav,5.035011,1.249798,1.246069,0.248222,0.247481,1.470561,0.907753,1.085684
H2_256C_quantized_resblocks,237-134493-0012.wav,generated_audios/generated_H2_256C_int8/237-134493-0012_generated.wav,3.66,0.887551,0.883932,0.2425,0.241512,1.512829,0.922076,1.260649
H2_256C_quantized_resblocks,237-134493-0013.wav,generated_audios/generated_H2_256C_int8/237-134493-0013_generated.wav,4.090023,0.230169,0.226853,0.056276,0.055465,1.534349,0.893504,1.0983
H2_256C_quantized_resblocks,237-134493-0014.wav,generated_audios/generated_H2_256C_int8/237-134493-0014_generated.wav,3.7,0.894246,0.890719,0.241688,0.240735,1.362224,0.91092,1.228744
H2_256C_quantized_resblocks,237-134493-0015.wav,generated_audios/generated_H2_256C_int8/237-134493-0015_generated.wav,6.550023,0.364612,0.361151,0.055666,0.055137,1.381878,0.892502,1.131128
H2_256C_quantized_resblocks,237-134493-0016.wav,generated_audios/generated_H2_256C_int8/237-134493-0016_generated.wav,10.085034,2.522736,2.51841,0.250147,0.249718,1.43929,0.917118,1.086973
H2_256C_quantized_resblocks,237-134493-0017.wav,generated_audios/generated_H2_256C_int8/237-134493-0017_generated.wav,9.105034,2.237242,2.233017,0.245715,0.245251,1.384492,0.902013,1.150684
H2_256C_quantized_resblocks,237-134493-0018.wav,generated_audios/generated_H2_256C_int8/237-134493-0018_generated.wav,4.790023,1.159491,1.156122,0.242064,0.241361,1.50059,0.930382,1.139016
H2_256C_quantized_resblocks,237-134500-0000.wav,generated_audios/generated_H2_256C_int8/237-134500-0000_generated.wav,6.130023,1.498137,1.494484,0.244393,0.243798,1.366157,0.882432,1.435857
H2_256C_quantized_resblocks,237-134500-0001.wav,generated_audios/generated_H2_256C_int8/237-134500-0001_generated.wav,1.810023,0.452044,0.448639,0.249745,0.247864,1.40069,0.85196,1.615564
H2_256C_quantized_resblocks,237-134500-0002.wav,generated_audios/generated_H2_256C_int8/237-134500-0002_generated.wav,5.070023,1.234532,1.230949,0.243496,0.24279,1.377421,0.918122,1.240752
H2_256C_quantized_resblocks,237-134500-0003.wav,generated_audios/generated_H2_256C_int8/237-134500-0003_generated.wav,3.170023,0.187489,0.183856,0.059144,0.057998,1.184345,0.876278,1.385319
H2_256C_quantized_resblocks,237-134500-0004.wav,generated_audios/generated_H2_256C_int8/237-134500-0004_generated.wav,2.225034,0.133661,0.130526,0.060071,0.058663,1.381122,0.91105,1.364378
H2_256C_quantized_resblocks,237-134500-0005.wav,generated_audios/generated_H2_256C_int8/237-134500-0005_generated.wav,2.390023,0.601393,0.598084,0.251626,0.250242,1.339937,0.909575,1.306676
H2_256C_quantized_resblocks,237-134500-0006.wav,generated_audios/generated_H2_256C_int8/237-134500-0006_generated.wav,4.225034,1.019895,1.016246,0.241393,0.24053,1.379356,0.902431,1.26148
H2_256C_quantized_resblocks,237-134500-0007.wav,generated_audios/generated_H2_256C_int8/237-134500-0007_generated.wav,2.390023,0.131039,0.127914,0.054827,0.05352,1.315084,0.877596,1.354933
H2_256C_quantized_resblocks,237-134500-0008.wav,generated_audios/generated_H2_256C_int8/237-134500-0008_generated.wav,3.76,0.199155,0.195747,0.052967,0.05206,1.37394,0.854868,1.517338
H2_256C_quantized_resblocks,237-134500-0009.wav,generated_audios/generated_H2_256C_int8/237-134500-0009_generated.wav,2.22,0.12271,0.119684,0.055275,0.053912,1.28888,0.864052,1.370504
H2_256C_quantized_resblocks,237-134500-0010.wav,generated_audios/generated_H2_256C_int8/237-134500-0010_generated.wav,3.995011,0.992655,0.989776,0.248474,0.247753,1.383862,0.90308,1.208855
H2_256C_quantized_resblocks,237-134500-0011.wav,generated_audios/generated_H2_256C_int8/237-134500-0011_generated.wav,3.350023,0.816996,0.813854,0.243878,0.24294,1.515868,0.88555,1.334733
H2_256C_quantized_resblocks,237-134500-0012.wav,generated_audios/generated_H2_256C_int8/237-134500-0012_generated.wav,10.935011,2.717804,2.713694,0.248541,0.248166,1.279833,0.880988,1.326024
H2_256C_quantized_resblocks,237-134500-0013.wav,generated_audios/generated_H2_256C_int8/237-134500-0013_generated.wav,10.56,0.580598,0.575797,0.054981,0.054526,1.246242,0.903322,1.30399
H2_256C_quantized_resblocks,237-134500-0014.wav,generated_audios/generated_H2_256C_int8/237-134500-0014_generated.wav,4.250023,0.226367,0.223162,0.053263,0.052508,1.27367,0.859713,1.345232
H2_256C_quantized_resblocks,237-134500-0015.wav,generated_audios/generated_H2_256C_int8/237-134500-0015_generated.wav,10.815011,2.695864,2.691961,0.249271,0.24891,1.252104,0.899502,1.322991
H2_256C_quantized_resblocks,237-134500-0016.wav,generated_audios/generated_H2_256C_int8/237-134500-0016_generated.wav,3.16,0.1916,0.188178,0.060633,0.05955,1.213647,0.84141,1.682902
H2_256C_quantized_resblocks,237-134500-0017.wav,generated_audios/generated_H2_256C_int8/237-134500-0017_generated.wav,2.18,0.134939,0.13144,0.061899,0.060294,1.425454,0.909743,1.402831
H2_256C_quantized_resblocks,237-134500-0018.wav,generated_audios/generated_H2_256C_int8/237-134500-0018_generated.wav,12.845034,3.51621,3.511723,0.273741,0.273391,1.252563,0.868988,1.480259
H2_256C_quantized_resblocks,237-134500-0019.wav,generated_audios/generated_H2_256C_int8/237-134500-0019_generated.wav,2.86,0.689778,0.686917,0.241181,0.240181,1.298324,0.855366,1.59697
H2_256C_quantized_resblocks,237-134500-0020.wav,generated_audios/generated_H2_256C_int8/237-134500-0020_generated.wav,2.18,0.123825,0.120819,0.0568,0.055422,1.409207,0.916204,2.087177
H2_256C_quantized_resblocks,237-134500-0021.wav,generated_audios/generated_H2_256C_int8/237-134500-0021_generated.wav,5.12,1.230933,1.227268,0.240417,0.239701,1.302051,0.836896,1.537933
H2_256C_quantized_resblocks,237-134500-0022.wav,generated_audios/generated_H2_256C_int8/237-134500-0022_generated.wav,5.165034,1.244291,1.240922,0.240907,0.240254,1.225434,0.861208,1.439962
H2_256C_quantized_resblocks,237-134500-0023.wav,generated_audios/generated_H2_256C_int8/237-134500-0023_generated.wav,3.06,0.757227,0.753638,0.24746,0.246287,1.274367,0.873263,1.468723
H2_256C_quantized_resblocks,237-134500-0024.wav,generated_audios/generated_H2_256C_int8/237-134500-0024_generated.wav,4.410023,0.252898,0.249855,0.057346,0.056656,1.324969,0.871357,1.53481
H2_256C_quantized_resblocks,237-134500-0025.wav,generated_audios/generated_H2_256C_int8/237-134500-0025_generated.wav,1.630023,0.410245,0.407158,0.251681,0.249787,1.23152,0.85855,2.080861
H2_256C_quantized_resblocks,237-134500-0026.wav,generated_audios/generated_H2_256C_int8/237-134500-0026_generated.wav,3.050023,0.754051,0.750777,0.247228,0.246155,1.310047,0.87764,1.543461
H2_256C_quantized_resblocks,237-134500-0027.wav,generated_audios/generated_H2_256C_int8/237-134500-0027_generated.wav,3.270023,0.809453,0.80603,0.247537,0.246491,1.244302,0.836191,1.499463
H2_256C_quantized_resblocks,237-134500-0028.wav,generated_audios/generated_H2_256C_int8/237-134500-0028_generated.wav,4.524943,1.127014,1.123872,0.249067,0.248373,1.335636,0.859196,1.614254
H2_256C_quantized_resblocks,237-134500-0029.wav,generated_audios/generated_H2_256C_int8/237-134500-0029_generated.wav,2.065034,0.498359,0.495067,0.241332,0.239738,1.20991,0.904418,1.334153
H2_256C_quantized_resblocks,237-134500-0030.wav,generated_audios/generated_H2_256C_int8/237-134500-0030_generated.wav,2.78,0.68985,0.686778,0.248147,0.247042,1.379809,0.904895,1.529057
H2_256C_quantized_resblocks,237-134500-0031.wav,generated_audios/generated_H2_256C_int8/237-134500-0031_generated.wav,10.610023,2.648473,2.644269,0.24962,0.249224,1.373465,0.892918,1.404015
H2_256C_quantized_resblocks,237-134500-0032.wav,generated_audios/generated_H2_256C_int8/237-134500-0032_generated.wav,5.025034,0.289872,0.286757,0.057686,0.057066,1.196434,0.891284,1.538735
H2_256C_quantized_resblocks,237-134500-0033.wav,generated_audios/generated_H2_256C_int8/237-134500-0033_generated.wav,6.350023,1.536786,1.533478,0.242013,0.241492,1.274761,0.833634,1.614002
H2_256C_quantized_resblocks,237-134500-0034.wav,generated_audios/generated_H2_256C_int8/237-134500-0034_generated.wav,3.075011,0.748387,0.744914,0.243377,0.242248,1.220774,0.797478,1.969255
H2_256C_quantized_resblocks,237-134500-0035.wav,generated_audios/generated_H2_256C_int8/237-134500-0035_generated.wav,2.555011,0.649685,0.646415,0.254279,0.252999,1.194719,0.869752,1.699546
H2_256C_quantized_resblocks,237-134500-0036.wav,generated_audios/generated_H2_256C_int8/237-134500-0036_generated.wav,6.6,1.633912,1.629965,0.247562,0.246964,1.234525,0.85725,1.640479
H2_256C_quantized_resblocks,237-134500-0037.wav,generated_audios/generated_H2_256C_int8/237-134500-0037_generated.wav,7.105034,1.767063,1.762987,0.248706,0.248132,1.307057,0.859209,1.442583
H2_256C_quantized_resblocks,237-134500-0038.wav,generated_audios/generated_H2_256C_int8/237-134500-0038_generated.wav,2.435011,0.605278,0.601341,0.248573,0.246956,1.264711,0.865082,1.386505
H2_256C_quantized_resblocks,237-134500-0039.wav,generated_audios/generated_H2_256C_int8/237-134500-0039_generated.wav,4.630023,1.14624,1.142854,0.247567,0.246835,1.234595,0.842477,1.510984
H2_256C_quantized_resblocks,237-134500-0040.wav,generated_audios/generated_H2_256C_int8/237-134500-0040_generated.wav,4.030023,0.232659,0.229251,0.057731,0.056886,1.28485,0.884441,1.484338
H2_256C_quantized_resblocks,237-134500-0041.wav,generated_audios/generated_H2_256C_int8/237-134500-0041_generated.wav,8.92,0.565384,0.56149,0.063384,0.062947,1.297039,0.896376,1.694375
H2_256C_quantized_resblocks,237-134500-0042.wav,generated_audios/generated_H2_256C_int8/237-134500-0042_generated.wav,2.575011,0.633881,0.630397,0.246166,0.244813,1.333598,0.829829,1.713703
H2_256C_quantized_resblocks,260-123286-0000.wav,generated_audios/generated_H2_256C_int8/260-123286-0000_generated.wav,7.04,1.719616,1.716383,0.244264,0.243804,1.193464,0.842846,2.035242
H2_256C_quantized_resblocks,260-123286-0001.wav,generated_audios/generated_H2_256C_int8/260-123286-0001_generated.wav,3.070023,0.168864,0.165501,0.055004,0.053909,1.105273,0.798816,1.763877
H2_256C_quantized_resblocks,260-123286-0002.wav,generated_audios/generated_H2_256C_int8/260-123286-0002_generated.wav,9.985034,2.467548,2.463056,0.247125,0.246675,1.116836,0.849633,1.416731
H2_256C_quantized_resblocks,260-123286-0003.wav,generated_audios/generated_H2_256C_int8/260-123286-0003_generated.wav,7.370023,1.805516,1.801583,0.244981,0.244447,1.12404,0.781276,1.699935
H2_256C_quantized_resblocks,260-123286-0004.wav,generated_audios/generated_H2_256C_int8/260-123286-0004_generated.wav,3.465034,0.881778,0.878325,0.254479,0.253482,1.097529,0.839809,1.978281
H2_256C_quantized_resblocks,260-123286-0005.wav,generated_audios/generated_H2_256C_int8/260-123286-0005_generated.wav,4.810023,1.166594,1.163091,0.242534,0.241806,1.09423,0.791796,1.746926
H2_256C_quantized_resblocks,260-123286-0006.wav,generated_audios/generated_H2_256C_int8/260-123286-0006_generated.wav,7.405034,1.836229,1.832282,0.24797,0.247437,1.171517,0.864576,1.419723
H2_256C_quantized_resblocks,260-123286-0007.wav,generated_audios/generated_H2_256C_int8/260-123286-0007_generated.wav,4.550023,1.102287,1.098822,0.24226,0.241498,1.107317,0.835328,1.671579
H2_256C_quantized_resblocks,260-123286-0008.wav,generated_audios/generated_H2_256C_int8/260-123286-0008_generated.wav,3.735011,0.907475,0.904134,0.242964,0.24207,1.147887,0.842867,1.705365
H2_256C_quantized_resblocks,260-123286-0009.wav,generated_audios/generated_H2_256C_int8/260-123286-0009_generated.wav,5.795011,1.419863,1.416098,0.245015,0.244365,1.102069,0.813262,1.404329
H2_256C_quantized_resblocks,260-123286-0010.wav,generated_audios/generated_H2_256C_int8/260-123286-0010_generated.wav,2.575011,0.140556,0.137633,0.054585,0.05345,1.154387,0.847815,1.91094
H2_256C_quantized_resblocks,260-123286-0011.wav,generated_audios/generated_H2_256C_int8/260-123286-0011_generated.wav,4.255011,0.223925,0.220133,0.052626,0.051735,1.148198,0.808366,1.90096
H2_256C_quantized_resblocks,260-123286-0012.wav,generated_audios/generated_H2_256C_int8/260-123286-0012_generated.wav,2.430023,0.13285,0.12946,0.05467,0.053275,1.129482,0.829023,1.809914
H2_256C_quantized_resblocks,260-123286-0013.wav,generated_audios/generated_H2_256C_int8/260-123286-0013_generated.wav,4.730023,1.164697,1.161004,0.246235,0.245454,1.199936,0.858592,1.435449
H2_256C_quantized_resblocks,260-123286-0014.wav,generated_audios/generated_H2_256C_int8/260-123286-0014_generated.wav,2.98,0.27294,0.269634,0.09159,0.090481,1.098609,0.794886,1.310795
H2_256C_quantized_resblocks,260-123286-0015.wav,generated_audios/generated_H2_256C_int8/260-123286-0015_generated.wav,5.210023,1.306821,1.303701,0.250828,0.250229,1.207201,0.861684,1.923423
H2_256C_quantized_resblocks,260-123286-0016.wav,generated_audios/generated_H2_256C_int8/260-123286-0016_generated.wav,7.0,1.751702,1.747689,0.250243,0.24967,1.119091,0.844982,1.463658
H2_256C_quantized_resblocks,260-123286-0017.wav,generated_audios/generated_H2_256C_int8/260-123286-0017_generated.wav,3.975011,0.963745,0.960243,0.242451,0.24157,1.170954,0.865291,1.364951
H2_256C_quantized_resblocks,260-123286-0018.wav,generated_audios/generated_H2_256C_int8/260-123286-0018_generated.wav,5.670023,1.397373,1.39346,0.246449,0.245759,1.142058,0.809157,1.582994
H2_256C_quantized_resblocks,260-123286-0019.wav,generated_audios/generated_H2_256C_int8/260-123286-0019_generated.wav,11.905034,3.287198,3.282767,0.276118,0.275746,1.14198,0.84104,1.514922
H2_256C_quantized_resblocks,260-123286-0020.wav,generated_audios/generated_H2_256C_int8/260-123286-0020_generated.wav,3.06,0.169013,0.165438,0.055233,0.054065,1.135748,0.831911,1.544759
H2_256C_quantized_resblocks,260-123286-0021.wav,generated_audios/generated_H2_256C_int8/260-123286-0021_generated.wav,2.550023,0.612048,0.609317,0.240017,0.238946,1.177744,0.878606,2.01962
H2_256C_quantized_resblocks,260-123286-0022.wav,generated_audios/generated_H2_256C_int8/260-123286-0022_generated.wav,3.235011,0.804482,0.801218,0.24868,0.247671,1.108838,0.864741,1.263368
H2_256C_quantized_resblocks,260-123286-0023.wav,generated_audios/generated_H2_256C_int8/260-123286-0023_generated.wav,5.875011,1.457858,1.454329,0.248146,0.247545,1.132373,0.839825,1.532692
H2_256C_quantized_resblocks,260-123286-0024.wav,generated_audios/generated_H2_256C_int8/260-123286-0024_generated.wav,3.04,0.738659,0.735327,0.24298,0.241884,1.261241,0.895511,1.609329
H2_256C_quantized_resblocks,260-123286-0025.wav,generated_audios/generated_H2_256C_int8/260-123286-0025_generated.wav,9.205034,2.249759,2.245795,0.244405,0.243975,1.166785,0.84892,1.647186
H2_256C_quantized_resblocks,260-123286-0026.wav,generated_audios/generated_H2_256C_int8/260-123286-0026_generated.wav,6.94,1.683435,1.679663,0.24257,0.242026,1.108247,0.830813,1.575622
H2_256C_quantized_resblocks,260-123286-0027.wav,generated_audios/generated_H2_256C_int8/260-123286-0027_generated.wav,7.170023,1.755827,1.752147,0.244884,0.244371,1.163399,0.824106,1.377513
H2_256C_quantized_resblocks,260-123286-0028.wav,generated_audios/generated_H2_256C_int8/260-123286-0028_generated.wav,7.465034,1.822968,1.818915,0.244201,0.243658,1.128838,0.801675,1.439697
H2_256C_quantized_resblocks,260-123286-0029.wav,generated_audios/generated_H2_256C_int8/260-123286-0029_generated.wav,4.545034,0.235445,0.232038,0.051803,0.051053,1.11844,0.839771,1.429206
H2_256C_quantized_resblocks,260-123286-0030.wav,generated_audios/generated_H2_256C_int8/260-123286-0030_generated.wav,7.530023,0.407748,0.403815,0.05415,0.053627,1.116595,0.807866,1.721466
H2_256C_quantized_resblocks,260-123286-0031.wav,generated_audios/generated_H2_256C_int8/260-123286-0031_generated.wav,5.06,1.218591,1.215164,0.240828,0.240151,1.152252,0.845846,1.28581
H2_256C_quantized_resblocks,260-123288-0000.wav,generated_audios/generated_H2_256C_int8/260-123288-0000_generated.wav,3.04,0.16434,0.160864,0.054059,0.052916,1.160199,0.771422,1.910607
H2_256C_quantized_resblocks,260-123288-0001.wav,generated_audios/generated_H2_256C_int8/260-123288-0001_generated.wav,5.08,0.286947,0.283215,0.056486,0.055751,1.105707,0.805284,2.069092
H2_256C_quantized_resblocks,260-123288-0002.wav,generated_audios/generated_H2_256C_int8/260-123288-0002_generated.wav,7.250023,1.790716,1.786883,0.246995,0.246466,1.117564,0.830451,1.64693
H2_256C_quantized_resblocks,260-123288-0003.wav,generated_audios/generated_H2_256C_int8/260-123288-0003_generated.wav,8.905034,2.199231,2.195065,0.246965,0.246497,1.112081,0.845869,1.496448
H2_256C_quantized_resblocks,260-123288-0004.wav,generated_audios/generated_H2_256C_int8/260-123288-0004_generated.wav,4.310023,1.074096,1.069773,0.249209,0.248206,1.098531,0.785491,1.973713
H2_256C_quantized_resblocks,260-123288-0005.wav,generated_audios/generated_H2_256C_int8/260-123288-0005_generated.wav,12.550023,3.429462,3.424952,0.273263,0.272904,1.09837,0.807116,1.602782
H2_256C_quantized_resblocks,260-123288-0006.wav,generated_audios/generated_H2_256C_int8/260-123288-0006_generated.wav,4.88,1.182419,1.178584,0.242299,0.241513,1.082583,0.819209,1.359757
H2_256C_quantized_resblocks,260-123288-0007.wav,generated_audios/generated_H2_256C_int8/260-123288-0007_generated.wav,11.2,2.813395,2.809314,0.251196,0.250832,1.12114,0.83143,1.650434
H2_256C_quantized_resblocks,260-123288-0008.wav,generated_audios/generated_H2_256C_int8/260-123288-0008_generated.wav,5.515011,1.368947,1.365189,0.248222,0.247541,1.18419,0.848972,1.515015
H2_256C_quantized_resblocks,260-123288-0009.wav,generated_audios/generated_H2_256C_int8/260-123288-0009_generated.wav,3.435011,0.854356,0.850983,0.24872,0.247738,1.192205,0.85133,1.736773
H2_256C_quantized_resblocks,260-123288-0010.wav,generated_audios/generated_H2_256C_int8/260-123288-0010_generated.wav,9.995011,0.543512,0.539386,0.054378,0.053966,1.123283,0.829362,1.352277
H2_256C_quantized_resblocks,260-123288-0011.wav,generated_audios/generated_H2_256C_int8/260-123288-0011_generated.wav,8.98,2.205817,2.201655,0.245637,0.245173,1.130277,0.811791,1.392037
H2_256C_quantized_resblocks,260-123288-0012.wav,generated_audios/generated_H2_256C_int8/260-123288-0012_generated.wav,3.545034,0.888467,0.884991,0.250623,0.249643,1.290285,0.850329,1.87175
H2_256C_quantized_resblocks,260-123288-0013.wav,generated_audios/generated_H2_256C_int8/260-123288-0013_generated.wav,11.385079,2.85324,2.848983,0.250612,0.250238,1.123304,0.831972,1.464224
H2_256C_quantized_resblocks,260-123288-0014.wav,generated_audios/generated_H2_256C_int8/260-123288-0014_generated.wav,1.805034,0.113622,0.110321,0.062947,0.061119,1.246427,0.885881,1.638851
H2_256C_quantized_resblocks,260-123288-0015.wav,generated_audios/generated_H2_256C_int8/260-123288-0015_generated.wav,21.185034,5.720167,5.714997,0.27001,0.269766,1.104945,0.80978,1.573334
H2_256C_quantized_resblocks,260-123288-0016.wav,generated_audios/generated_H2_256C_int8/260-123288-0016_generated.wav,4.865034,1.214155,1.209853,0.249568,0.248683,1.104249,0.776069,1.962483
H2_256C_quantized_resblocks,260-123288-0017.wav,generated_audios/generated_H2_256C_int8/260-123288-0017_generated.wav,5.225034,1.272652,1.268925,0.243568,0.242855,1.12104,0.856582,1.74836
H2_256C_quantized_resblocks,260-123288-0018.wav,generated_audios/generated_H2_256C_int8/260-123288-0018_generated.wav,3.245034,0.793037,0.789569,0.244385,0.243316,1.199201,0.849681,1.552003
H2_256C_quantized_resblocks,260-123288-0019.wav,generated_audios/generated_H2_256C_int8/260-123288-0019_generated.wav,2.955011,0.175709,0.172422,0.059462,0.058349,1.120308,0.840621,1.283557
H2_256C_quantized_resblocks,260-123288-0020.wav,generated_audios/generated_H2_256C_int8/260-123288-0020_generated.wav,2.9,0.706329,0.704372,0.243562,0.242887,1.130515,0.852906,1.159468
H2_256C_quantized_resblocks,260-123288-0021.wav,generated_audios/generated_H2_256C_int8/260-123288-0021_generated.wav,2.710023,0.159882,0.156432,0.058996,0.057723,1.165623,0.824818,1.694987
H2_256C_quantized_resblocks,260-123288-0022.wav,generated_audios/generated_H2_256C_int8/260-123288-0022_generated.wav,3.705034,0.922517,0.91906,0.24899,0.248057,1.109717,0.82735,1.853023
H2_256C_quantized_resblocks,260-123288-0023.wav,generated_audios/generated_H2_256C_int8/260-123288-0023_generated.wav,2.385034,0.141687,0.138595,0.059407,0.05811,1.11108,0.73444,1.693318
H2_256C_quantized_resblocks,260-123288-0024.wav,generated_audios/generated_H2_256C_int8/260-123288-0024_generated.wav,14.595011,3.949819,3.945285,0.270628,0.270317,1.134565,0.83045,1.56975
H2_256C_quantized_resblocks,260-123288-0025.wav,generated_audios/generated_H2_256C_int8/260-123288-0025_generated.wav,13.445034,3.59395,3.589095,0.267307,0.266946,1.152219,0.829894,1.576372
H2_256C_quantized_resblocks,260-123288-0026.wav,generated_audios/generated_H2_256C_int8/260-123288-0026_generated.wav,16.04,4.296365,4.291107,0.267853,0.267525,1.132338,0.839362,1.654853
H2_256C_quantized_resblocks,260-123288-0027.wav,generated_audios/generated_H2_256C_int8/260-123288-0027_generated.wav,6.305034,1.548422,1.5443,0.245585,0.244931,1.175534,0.854667,1.767366
H2_256C_quantized_resblocks,260-123288-0028.wav,generated_audios/generated_H2_256C_int8/260-123288-0028_generated.wav,2.610023,0.664632,0.661269,0.254646,0.253358,1.20911,0.896197,1.58819
H2_256C_quantized_resblocks,260-123440-0000.wav,generated_audios/generated_H2_256C_int8/260-123440-0000_generated.wav,2.165034,0.535332,0.531899,0.247262,0.245677,1.091195,0.809579,1.910598
H2_256C_quantized_resblocks,260-123440-0001.wav,generated_audios/generated_H2_256C_int8/260-123440-0001_generated.wav,1.74,0.453461,0.44963,0.26061,0.258408,1.136065,0.856469,1.569486
H2_256C_quantized_resblocks,260-123440-0002.wav,generated_audios/generated_H2_256C_int8/260-123440-0002_generated.wav,14.715011,4.031362,4.026683,0.273963,0.273645,1.130138,0.831419,1.765878
H2_256C_quantized_resblocks,260-123440-0003.wav,generated_audios/generated_H2_256C_int8/260-123440-0003_generated.wav,3.585034,0.906457,0.902916,0.252845,0.251857,1.152449,0.862211,1.678496
H2_256C_quantized_resblocks,260-123440-0004.wav,generated_audios/generated_H2_256C_int8/260-123440-0004_generated.wav,12.02,3.292388,3.287791,0.273909,0.273527,1.126342,0.844665,1.537765
H2_256C_quantized_resblocks,260-123440-0005.wav,generated_audios/generated_H2_256C_int8/260-123440-0005_generated.wav,3.105034,0.184622,0.181372,0.059459,0.058412,1.114672,0.838043,1.600928
H2_256C_quantized_resblocks,260-123440-0006.wav,generated_audios/generated_H2_256C_int8/260-123440-0006_generated.wav,2.715011,0.151577,0.148136,0.055829,0.054562,1.138999,0.828184,1.586899
H2_256C_quantized_resblocks,260-123440-0007.wav,generated_audios/generated_H2_256C_int8/260-123440-0007_generated.wav,3.385034,0.82905,0.825556,0.244916,0.243884,1.136511,0.820143,1.609621
H2_256C_quantized_resblocks,260-123440-0008.wav,generated_audios/generated_H2_256C_int8/260-123440-0008_generated.wav,3.745034,0.947585,0.944098,0.253024,0.252093,1.11409,0.829607,1.548355
H2_256C_quantized_resblocks,260-123440-0009.wav,generated_audios/generated_H2_256C_int8/260-123440-0009_generated.wav,3.115011,0.785901,0.782427,0.252295,0.25118,1.165295,0.884297,1.271034
H2_256C_quantized_resblocks,260-123440-0010.wav,generated_audios/generated_H2_256C_int8/260-123440-0010_generated.wav,8.315011,2.10898,2.104974,0.253635,0.253153,1.154414,0.812026,1.397218
H2_256C_quantized_resblocks,260-123440-0011.wav,generated_audios/generated_H2_256C_int8/260-123440-0011_generated.wav,4.870023,0.25966,0.255842,0.053318,0.052534,1.177186,0.861496,1.597801
H2_256C_quantized_resblocks,260-123440-0012.wav,generated_audios/generated_H2_256C_int8/260-123440-0012_generated.wav,5.245034,1.317283,1.313594,0.251149,0.250445,1.154942,0.854388,1.356538
H2_256C_quantized_resblocks,260-123440-0013.wav,generated_audios/generated_H2_256C_int8/260-123440-0013_generated.wav,3.475011,0.883045,0.879577,0.254113,0.253115,1.175704,0.844061,1.659715
H2_256C_quantized_resblocks,260-123440-0014.wav,generated_audios/generated_H2_256C_int8/260-123440-0014_generated.wav,3.815011,0.968407,0.964884,0.253841,0.252918,1.219266,0.872388,1.869492
H2_256C_quantized_resblocks,260-123440-0015.wav,generated_audios/generated_H2_256C_int8/260-123440-0015_generated.wav,6.2,0.346161,0.342287,0.055832,0.055208,1.178475,0.865849,1.381706
H2_256C_quantized_resblocks,260-123440-0016.wav,generated_audios/generated_H2_256C_int8/260-123440-0016_generated.wav,4.895011,1.249682,1.245918,0.255297,0.254528,1.177711,0.896034,1.412767
H2_256C_quantized_resblocks,260-123440-0017.wav,generated_audios/generated_H2_256C_int8/260-123440-0017_generated.wav,3.070023,0.18306,0.179557,0.059628,0.058487,1.117784,0.812859,1.666704
H2_256C_quantized_resblocks,260-123440-0018.wav,generated_audios/generated_H2_256C_int8/260-123440-0018_generated.wav,3.64,0.919442,0.916113,0.252594,0.25168,1.193885,0.878824,1.752983
H2_256C_quantized_resblocks,260-123440-0019.wav,generated_audios/generated_H2_256C_int8/260-123440-0019_generated.wav,6.630023,1.651855,1.648059,0.249148,0.248575,1.130861,0.829894,1.493692
H2_256C_quantized_resblocks,260-123440-0020.wav,generated_audios/generated_H2_256C_int8/260-123440-0020_generated.wav,4.995011,1.262143,1.258331,0.252681,0.251918,1.142159,0.830556,1.827337
H2_256C_quantized_resblocks,61-70968-0000.wav,generated_audios/generated_H2_256C_int8/61-70968-0000_generated.wav,4.905034,1.258539,1.254932,0.256581,0.255846,1.111201,0.822285,1.269274
H2_256C_quantized_resblocks,61-70968-0001.wav,generated_audios/generated_H2_256C_int8/61-70968-0001_generated.wav,3.610023,0.914677,0.910975,0.253371,0.252346,1.14346,0.808127,1.244416
H2_256C_quantized_resblocks,61-70968-0002.wav,generated_audios/generated_H2_256C_int8/61-70968-0002_generated.wav,2.970023,0.743655,0.740343,0.250387,0.249272,1.155218,0.783433,1.30748
H2_256C_quantized_resblocks,61-70968-0003.wav,generated_audios/generated_H2_256C_int8/61-70968-0003_generated.wav,4.315011,0.228963,0.225233,0.053062,0.052198,1.206805,0.818919,1.264628
H2_256C_quantized_resblocks,61-70968-0004.wav,generated_audios/generated_H2_256C_int8/61-70968-0004_generated.wav,3.885034,1.00141,0.997726,0.257761,0.256813,1.213754,0.828379,1.264302
H2_256C_quantized_resblocks,61-70968-0005.wav,generated_audios/generated_H2_256C_int8/61-70968-0005_generated.wav,5.070023,0.292293,0.288502,0.057651,0.056904,1.119301,0.743915,1.372652
H2_256C_quantized_resblocks,61-70968-0006.wav,generated_audios/generated_H2_256C_int8/61-70968-0006_generated.wav,2.935011,0.714585,0.711321,0.243469,0.242357,1.191626,0.819796,1.328025
H2_256C_quantized_resblocks,61-70968-0007.wav,generated_audios/generated_H2_256C_int8/61-70968-0007_generated.wav,3.550023,0.190221,0.186753,0.053583,0.052606,1.094613,0.690357,1.31225
H2_256C_quantized_resblocks,61-70968-0008.wav,generated_audios/generated_H2_256C_int8/61-70968-0008_generated.wav,3.535011,0.215331,0.21197,0.060914,0.059963,1.116969,0.790569,1.203614
H2_256C_quantized_resblocks,61-70968-0009.wav,generated_audios/generated_H2_256C_int8/61-70968-0009_generated.wav,4.510023,1.126894,1.123137,0.249864,0.249031,1.140216,0.704088,1.444571
H2_256C_quantized_resblocks,61-70968-0010.wav,generated_audios/generated_H2_256C_int8/61-70968-0010_generated.wav,8.295011,2.073218,2.069081,0.249936,0.249437,1.146221,0.780042,1.299608
H2_256C_quantized_resblocks,61-70968-0011.wav,generated_audios/generated_H2_256C_int8/61-70968-0011_generated.wav,6.375011,1.591115,1.587699,0.249586,0.24905,1.174184,0.814594,1.21935
H2_256C_quantized_resblocks,61-70968-0012.wav,generated_audios/generated_H2_256C_int8/61-70968-0012_generated.wav,2.610023,0.150865,0.147383,0.057802,0.056468,1.265129,0.914307,1.051265
H2_256C_quantized_resblocks,61-70968-0013.wav,generated_audios/generated_H2_256C_int8/61-70968-0013_generated.wav,4.450023,0.252103,0.248783,0.056652,0.055906,1.192044,0.801129,1.277154
H2_256C_quantized_resblocks,61-70968-0014.wav,generated_audios/generated_H2_256C_int8/61-70968-0014_generated.wav,7.485034,1.918458,1.914898,0.256306,0.25583,1.182067,0.813891,1.284544
H2_256C_quantized_resblocks,61-70968-0015.wav,generated_audios/generated_H2_256C_int8/61-70968-0015_generated.wav,5.375011,1.358598,1.355265,0.252762,0.252142,1.202726,0.846073,1.203454
H2_256C_quantized_resblocks,61-70968-0016.wav,generated_audios/generated_H2_256C_int8/61-70968-0016_generated.wav,3.72,0.979286,0.97612,0.263249,0.262398,1.226276,0.876592,1.107549
H2_256C_quantized_resblocks,61-70968-0017.wav,generated_audios/generated_H2_256C_int8/61-70968-0017_generated.wav,5.110023,1.310802,1.307252,0.256516,0.255821,1.167935,0.837953,1.147028
H2_256C_quantized_resblocks,61-70968-0018.wav,generated_audios/generated_H2_256C_int8/61-70968-0018_generated.wav,2.405034,0.603208,0.59967,0.250811,0.24934,1.166608,0.844658,1.340381
H2_256C_quantized_resblocks,61-70968-0019.wav,generated_audios/generated_H2_256C_int8/61-70968-0019_generated.wav,5.475011,1.383282,1.379564,0.252654,0.251975,1.155437,0.819313,1.281937
H2_256C_quantized_resblocks,61-70968-0020.wav,generated_audios/generated_H2_256C_int8/61-70968-0020_generated.wav,5.105034,1.338994,1.335295,0.262289,0.261564,1.314314,0.831988,1.022661
H2_256C_quantized_resblocks,61-70968-0021.wav,generated_audios/generated_H2_256C_int8/61-70968-0021_generated.wav,2.690023,0.676439,0.673251,0.251462,0.250277,1.246282,0.796045,1.265356
H2_256C_quantized_resblocks,61-70968-0022.wav,generated_audios/generated_H2_256C_int8/61-70968-0022_generated.wav,4.670023,0.264886,0.261303,0.056721,0.055953,1.127534,0.747283,1.341072
H2_256C_quantized_resblocks,61-70968-0023.wav,generated_audios/generated_H2_256C_int8/61-70968-0023_generated.wav,5.025034,0.290519,0.287083,0.057814,0.057131,1.342168,0.867051,1.111271
H2_256C_quantized_resblocks,61-70968-0024.wav,generated_audios/generated_H2_256C_int8/61-70968-0024_generated.wav,6.025034,1.548291,1.544639,0.256976,0.25637,1.237856,0.825774,1.098855
H2_256C_quantized_resblocks,61-70968-0025.wav,generated_audios/generated_H2_256C_int8/61-70968-0025_generated.wav,4.410023,0.251424,0.248142,0.057012,0.056268,1.24989,0.838056,1.144409
H2_256C_quantized_resblocks,61-70968-0026.wav,generated_audios/generated_H2_256C_int8/61-70968-0026_generated.wav,4.92,1.236586,1.232912,0.251339,0.250592,1.231308,0.861487,1.165353
H2_256C_quantized_resblocks,61-70968-0027.wav,generated_audios/generated_H2_256C_int8/61-70968-0027_generated.wav,6.870023,1.737257,1.733259,0.252875,0.252293,1.222655,0.826264,1.178446
H2_256C_quantized_resblocks,61-70968-0028.wav,generated_audios/generated_H2_256C_int8/61-70968-0028_generated.wav,5.355011,1.361548,1.35825,0.254257,0.253641,1.219217,0.841432,1.192437
H2_256C_quantized_resblocks,61-70968-0029.wav,generated_audios/generated_H2_256C_int8/61-70968-0029_generated.wav,3.495011,0.908829,0.905386,0.260036,0.259051,1.229781,0.830388,1.18456
H2_256C_quantized_resblocks,61-70968-0030.wav,generated_audios/generated_H2_256C_int8/61-70968-0030_generated.wav,5.685034,1.448396,1.444546,0.254774,0.254096,1.193782,0.856678,1.109862
H2_256C_quantized_resblocks,61-70968-0031.wav,generated_audios/generated_H2_256C_int8/61-70968-0031_generated.wav,2.925034,0.755177,0.751924,0.258177,0.257065,1.097615,0.761195,1.258576
H2_256C_quantized_resblocks,61-70968-0032.wav,generated_audios/generated_H2_256C_int8/61-70968-0032_generated.wav,4.28,0.259284,0.255908,0.06058,0.059792,1.269696,0.802855,1.218846
H2_256C_quantized_resblocks,61-70968-0033.wav,generated_audios/generated_H2_256C_int8/61-70968-0033_generated.wav,5.685034,0.297345,0.293819,0.052303,0.051683,1.222111,0.869169,1.19675
H2_256C_quantized_resblocks,61-70968-0034.wav,generated_audios/generated_H2_256C_int8/61-70968-0034_generated.wav,4.230023,1.093894,1.090546,0.258602,0.257811,1.337628,0.870927,1.050273
H2_256C_quantized_resblocks,61-70968-0035.wav,generated_audios/generated_H2_256C_int8/61-70968-0035_generated.wav,7.950023,2.05894,2.05509,0.258985,0.258501,1.177522,0.828453,1.145926
H2_256C_quantized_resblocks,61-70968-0036.wav,generated_audios/generated_H2_256C_int8/61-70968-0036_generated.wav,2.934966,0.161004,0.157427,0.054857,0.053638,1.284924,0.870684,1.189206
H2_256C_quantized_resblocks,61-70968-0037.wav,generated_audios/generated_H2_256C_int8/61-70968-0037_generated.wav,4.315011,0.229932,0.226363,0.053287,0.052459,1.116045,0.763461,1.387291
H2_256C_quantized_resblocks,61-70968-0038.wav,generated_audios/generated_H2_256C_int8/61-70968-0038_generated.wav,2.050023,0.558313,0.555158,0.272345,0.270806,1.244473,0.669861,1.71588
H2_256C_quantized_resblocks,61-70968-0039.wav,generated_audios/generated_H2_256C_int8/61-70968-0039_generated.wav,3.805034,0.966864,0.963296,0.254101,0.253164,1.183452,0.795748,1.460729
H2_256C_quantized_resblocks,61-70968-0040.wav,generated_audios/generated_H2_256C_int8/61-70968-0040_generated.wav,3.950023,1.037918,1.03447,0.262762,0.26189,1.141892,0.823633,1.265486
H2_256C_quantized_resblocks,61-70968-0041.wav,generated_audios/generated_H2_256C_int8/61-70968-0041_generated.wav,6.825034,0.379381,0.376689,0.055587,0.055192,1.210502,0.795788,1.322171
H2_256C_quantized_resblocks,61-70968-0042.wav,generated_audios/generated_H2_256C_int8/61-70968-0042_generated.wav,2.785034,0.164295,0.160589,0.058992,0.057661,1.157665,0.816814,1.225837
H2_256C_quantized_resblocks,61-70968-0043.wav,generated_audios/generated_H2_256C_int8/61-70968-0043_generated.wav,6.735011,1.781235,1.777489,0.264474,0.263918,1.17876,0.763163,1.255433
H2_256C_quantized_resblocks,61-70968-0044.wav,generated_audios/generated_H2_256C_int8/61-70968-0044_generated.wav,2.770023,0.163453,0.160349,0.059008,0.057887,1.160985,0.797963,1.382431
H2_256C_quantized_resblocks,61-70968-0045.wav,generated_audios/generated_H2_256C_int8/61-70968-0045_generated.wav,3.475011,0.205682,0.202301,0.059189,0.058216,1.15031,0.76901,1.364651
H2_256C_quantized_resblocks,61-70968-0046.wav,generated_audios/generated_H2_256C_int8/61-70968-0046_generated.wav,3.550023,0.194963,0.191576,0.054919,0.053965,1.160451,0.793515,1.294265
H2_256C_quantized_resblocks,61-70968-0047.wav,generated_audios/generated_H2_256C_int8/61-70968-0047_generated.wav,4.775011,1.213689,1.210021,0.254175,0.253407,1.18472,0.840425,1.190131
H2_256C_quantized_resblocks,61-70968-0048.wav,generated_audios/generated_H2_256C_int8/61-70968-0048_generated.wav,3.02,0.803928,0.800262,0.266201,0.264987,1.13073,0.753699,1.487632
H2_256C_quantized_resblocks,61-70968-0049.wav,generated_audios/generated_H2_256C_int8/61-70968-0049_generated.wav,8.250023,2.178874,2.174895,0.264105,0.263623,1.154579,0.781001,1.29555
H2_256C_quantized_resblocks,61-70968-0050.wav,generated_audios/generated_H2_256C_int8/61-70968-0050_generated.wav,5.58,1.469127,1.465445,0.263284,0.262625,1.161756,0.757943,1.329981
H2_256C_quantized_resblocks,61-70968-0051.wav,generated_audios/generated_H2_256C_int8/61-70968-0051_generated.wav,3.135011,0.830468,0.827167,0.264901,0.263848,1.207419,0.840856,1.338236
H2_256C_quantized_resblocks,61-70968-0052.wav,generated_audios/generated_H2_256C_int8/61-70968-0052_generated.wav,2.650023,0.654913,0.651679,0.247135,0.245914,1.213239,0.845256,1.096789
H2_256C_quantized_resblocks,61-70968-0053.wav,generated_audios/generated_H2_256C_int8/61-70968-0053_generated.wav,4.22,0.24085,0.237101,0.057074,0.056185,1.134092,0.761579,1.410316
H2_256C_quantized_resblocks,61-70968-0054.wav,generated_audios/generated_H2_256C_int8/61-70968-0054_generated.wav,7.86,2.056861,2.052801,0.261687,0.261171,1.162928,0.801079,1.208105
H2_256C_quantized_resblocks,61-70968-0055.wav,generated_audios/generated_H2_256C_int8/61-70968-0055_generated.wav,3.965034,0.227436,0.223814,0.05736,0.056447,1.244055,0.808563,1.294233
H2_256C_quantized_resblocks,61-70968-0056.wav,generated_audios/generated_H2_256C_int8/61-70968-0056_generated.wav,3.565034,0.916425,0.912659,0.257059,0.256003,1.233481,0.832776,1.279878
H2_256C_quantized_resblocks,61-70968-0057.wav,generated_audios/generated_H2_256C_int8/61-70968-0057_generated.wav,5.065034,0.282209,0.278641,0.055717,0.055013,1.13637,0.797005,1.255784
H2_256C_quantized_resblocks,61-70968-0058.wav,generated_audios/generated_H2_256C_int8/61-70968-0058_generated.wav,1.82,0.463413,0.460141,0.254623,0.252824,1.116679,0.770554,1.361948
H2_256C_quantized_resblocks,61-70968-0059.wav,generated_audios/generated_H2_256C_int8/61-70968-0059_generated.wav,2.170023,0.131219,0.127992,0.060469,0.058982,1.182297,0.847615,1.435998
H2_256C_quantized_resblocks,61-70968-0060.wav,generated_audios/generated_H2_256C_int8/61-70968-0060_generated.wav,3.735011,0.212836,0.209177,0.056984,0.056005,1.321432,0.851019,1.063815
H2_256C_quantized_resblocks,61-70968-0061.wav,generated_audios/generated_H2_256C_int8/61-70968-0061_generated.wav,5.530023,1.494761,1.490846,0.270299,0.269591,1.086089,0.748696,1.625073
H2_256C_quantized_resblocks,61-70968-0062.wav,generated_audios/generated_H2_256C_int8/61-70968-0062_generated.wav,2.555011,0.151426,0.148106,0.059266,0.057967,1.184006,0.777728,1.332558
H2_256C_quantized_resblocks,61-70970-0000.wav,generated_audios/generated_H2_256C_int8/61-70970-0000_generated.wav,6.075011,1.632364,1.629021,0.268701,0.268151,1.16365,0.854682,1.154933
H2_256C_quantized_resblocks,61-70970-0001.wav,generated_audios/generated_H2_256C_int8/61-70970-0001_generated.wav,6.155011,1.684763,1.680862,0.273722,0.273088,1.27277,0.863175,1.174388
H2_256C_quantized_resblocks,61-70970-0002.wav,generated_audios/generated_H2_256C_int8/61-70970-0002_generated.wav,4.165034,1.17092,1.167198,0.281131,0.280237,1.261518,0.777444,1.391972
H2_256C_quantized_resblocks,61-70970-0003.wav,generated_audios/generated_H2_256C_int8/61-70970-0003_generated.wav,3.835011,1.046974,1.043481,0.273004,0.272093,1.283025,0.82448,1.121908
H2_256C_quantized_resblocks,61-70970-0004.wav,generated_audios/generated_H2_256C_int8/61-70970-0004_generated.wav,10.515011,2.892606,2.888451,0.275093,0.274698,1.267568,0.8501,1.114209
H2_256C_quantized_resblocks,61-70970-0005.wav,generated_audios/generated_H2_256C_int8/61-70970-0005_generated.wav,2.02,0.587214,0.584046,0.2907,0.289132,1.265307,0.797476,1.509633
H2_256C_quantized_resblocks,61-70970-0006.wav,generated_audios/generated_H2_256C_int8/61-70970-0006_generated.wav,2.335011,0.674356,0.67151,0.288802,0.287583,1.169491,0.823362,1.400309
H2_256C_quantized_resblocks,61-70970-0007.wav,generated_audios/generated_H2_256C_int8/61-70970-0007_generated.wav,4.485034,1.281074,1.2774,0.285633,0.284814,1.227228,0.799965,1.319152
H2_256C_quantized_resblocks,61-70970-0008.wav,generated_audios/generated_H2_256C_int8/61-70970-0008_generated.wav,2.150023,0.650045,0.646906,0.302343,0.300883,1.299073,0.855094,1.367103
H2_256C_quantized_resblocks,61-70970-0009.wav,generated_audios/generated_H2_256C_int8/61-70970-0009_generated.wav,3.405034,0.986965,0.98367,0.289855,0.288887,1.343687,0.884909,1.045259
H2_256C_quantized_resblocks,61-70970-0010.wav,generated_audios/generated_H2_256C_int8/61-70970-0010_generated.wav,3.045034,0.17617,0.172409,0.057855,0.05662,1.487154,0.79616,1.198787
H2_256C_quantized_resblocks,61-70970-0011.wav,generated_audios/generated_H2_256C_int8/61-70970-0011_generated.wav,6.075011,0.314259,0.310671,0.05173,0.051139,1.185991,0.789063,1.225249
H2_256C_quantized_resblocks,61-70970-0012.wav,generated_audios/generated_H2_256C_int8/61-70970-0012_generated.wav,3.135011,0.175387,0.17207,0.055945,0.054887,1.242074,0.866849,1.123145
H2_256C_quantized_resblocks,61-70970-0013.wav,generated_audios/generated_H2_256C_int8/61-70970-0013_generated.wav,4.350023,1.252208,1.24892,0.287863,0.287107,1.169552,0.822976,1.245333
H2_256C_quantized_resblocks,61-70970-0014.wav,generated_audios/generated_H2_256C_int8/61-70970-0014_generated.wav,3.405034,0.181792,0.178335,0.053389,0.052374,1.261034,0.868132,1.194189
H2_256C_quantized_resblocks,61-70970-0015.wav,generated_audios/generated_H2_256C_int8/61-70970-0015_generated.wav,8.415011,2.376637,2.372672,0.282428,0.281957,1.155847,0.832063,1.281888
H2_256C_quantized_resblocks,61-70970-0016.wav,generated_audios/generated_H2_256C_int8/61-70970-0016_generated.wav,4.370023,1.238919,1.23532,0.283504,0.28268,1.1908,0.861288,1.284343
H2_256C_quantized_resblocks,61-70970-0017.wav,generated_audios/generated_H2_256C_int8/61-70970-0017_generated.wav,2.550023,0.15302,0.149209,0.060007,0.058513,1.122328,0.75658,1.46347
H2_256C_quantized_resblocks,61-70970-0018.wav,generated_audios/generated_H2_256C_int8/61-70970-0018_generated.wav,4.6,1.281408,1.277489,0.278567,0.277715,1.208683,0.790639,1.296338
H2_256C_quantized_resblocks,61-70970-0019.wav,generated_audios/generated_H2_256C_int8/61-70970-0019_generated.wav,3.78,1.074874,1.071618,0.284358,0.283497,1.20631,0.812397,1.316051
H2_256C_quantized_resblocks,61-70970-0020.wav,generated_audios/generated_H2_256C_int8/61-70970-0020_generated.wav,5.025034,0.289976,0.286223,0.057706,0.05696,1.156454,0.751551,1.532217
H2_256C_quantized_resblocks,61-70970-0021.wav,generated_audios/generated_H2_256C_int8/61-70970-0021_generated.wav,5.405034,1.505613,1.501914,0.278557,0.277873,1.236305,0.820309,1.172198
H2_256C_quantized_resblocks,61-70970-0022.wav,generated_audios/generated_H2_256C_int8/61-70970-0022_generated.wav,3.970023,0.208594,0.205214,0.052542,0.051691,1.299302,0.809475,1.249065
H2_256C_quantized_resblocks,61-70970-0023.wav,generated_audios/generated_H2_256C_int8/61-70970-0023_generated.wav,3.705034,0.214277,0.210713,0.057834,0.056872,1.181701,0.835596,1.13069
H2_256C_quantized_resblocks,61-70970-0024.wav,generated_audios/generated_H2_256C_int8/61-70970-0024_generated.wav,7.235011,2.032312,2.029046,0.2809,0.280448,1.255101,0.825008,1.160583
H2_256C_quantized_resblocks,61-70970-0025.wav,generated_audios/generated_H2_256C_int8/61-70970-0025_generated.wav,7.435011,2.128895,2.124839,0.286334,0.285788,1.320512,0.861396,1.152526
H2_256C_quantized_resblocks,61-70970-0026.wav,generated_audios/generated_H2_256C_int8/61-70970-0026_generated.wav,5.475011,0.306053,0.302523,0.0559,0.055255,1.379905,0.842279,1.074111
H2_256C_quantized_resblocks,61-70970-0027.wav,generated_audios/generated_H2_256C_int8/61-70970-0027_generated.wav,5.08,0.287078,0.283354,0.056511,0.055778,1.219151,0.816786,1.158369
H2_256C_quantized_resblocks,61-70970-0028.wav,generated_audios/generated_H2_256C_int8/61-70970-0028_generated.wav,6.550023,0.361985,0.357936,0.055265,0.054647,1.294606,0.869787,1.048708
H2_256C_quantized_resblocks,61-70970-0029.wav,generated_audios/generated_H2_256C_int8/61-70970-0029_generated.wav,4.030023,0.230202,0.226566,0.057122,0.05622,1.313936,0.802915,1.231994
H2_256C_quantized_resblocks,61-70970-0030.wav,generated_audios/generated_H2_256C_int8/61-70970-0030_generated.wav,3.24,0.189639,0.18604,0.058531,0.05742,1.243659,0.810018,1.07219
H2_256C_quantized_resblocks,61-70970-0031.wav,generated_audios/generated_H2_256C_int8/61-70970-0031_generated.wav,5.135011,1.424019,1.420261,0.277316,0.276584,1.122419,0.813565,1.214654
H2_256C_quantized_resblocks,61-70970-0032.wav,generated_audios/generated_H2_256C_int8/61-70970-0032_generated.wav,3.135011,0.168851,0.165415,0.05386,0.052764,1.181036,0.794462,1.272542
H2_256C_quantized_resblocks,61-70970-0033.wav,generated_audios/generated_H2_256C_int8/61-70970-0033_generated.wav,3.42,0.9418,0.938431,0.27538,0.274395,1.190466,0.873909,1.187627
H2_256C_quantized_resblocks,61-70970-0034.wav,generated_audios/generated_H2_256C_int8/61-70970-0034_generated.wav,4.485034,0.235219,0.231926,0.052445,0.051711,1.247465,0.792941,1.180797
H2_256C_quantized_resblocks,61-70970-0035.wav,generated_audios/generated_H2_256C_int8/61-70970-0035_generated.wav,7.405034,0.403192,0.399155,0.054448,0.053903,1.26154,0.837915,1.097962
H2_256C_quantized_resblocks,61-70970-0036.wav,generated_audios/generated_H2_256C_int8/61-70970-0036_generated.wav,6.785034,0.371413,0.367601,0.05474,0.054178,1.22626,0.805253,1.14261
H2_256C_quantized_resblocks,61-70970-0037.wav,generated_audios/generated_H2_256C_int8/61-70970-0037_generated.wav,5.98,1.65694,1.653198,0.27708,0.276455,1.270406,0.822042,1.215605
H2_256C_quantized_resblocks,61-70970-0038.wav,generated_audios/generated_H2_256C_int8/61-70970-0038_generated.wav,10.4,2.908872,2.904881,0.279699,0.279316,1.184484,0.820834,1.180709
H2_256C_quantized_resblocks,61-70970-0039.wav,generated_audios/generated_H2_256C_int8/61-70970-0039_generated.wav,6.665034,0.364382,0.360631,0.054671,0.054108,1.162197,0.764078,1.125513
H2_256C_quantized_resblocks,61-70970-0040.wav,generated_audios/generated_H2_256C_int8/61-70970-0040_generated.wav,4.165034,0.218891,0.215279,0.052554,0.051687,1.261297,0.827265,1.153115
H2_256C_quantized_resblocks,672-122797-0000.wav,generated_audios/generated_H2_256C_int8/672-122797-0000_generated.wav,4.070023,1.163446,1.159905,0.285857,0.284987,1.24235,0.861505,1.317061
H2_256C_quantized_resblocks,672-122797-0001.wav,generated_audios/generated_H2_256C_int8/672-122797-0001_generated.wav,15.130023,4.20135,4.19707,0.277683,0.2774,1.490697,0.888226,1.219755
H2_256C_quantized_resblocks,672-122797-0002.wav,generated_audios/generated_H2_256C_int8/672-122797-0002_generated.wav,13.62,3.749352,3.744172,0.275283,0.274903,1.270336,0.854853,1.294913
H2_256C_quantized_resblocks,672-122797-0003.wav,generated_audios/generated_H2_256C_int8/672-122797-0003_generated.wav,4.76,1.369375,1.365597,0.287684,0.28689,1.151991,0.702207,1.502852
H2_256C_quantized_resblocks,672-122797-0004.wav,generated_audios/generated_H2_256C_int8/672-122797-0004_generated.wav,10.250023,2.811719,2.80721,0.274313,0.273874,1.195247,0.747788,1.42976
H2_256C_quantized_resblocks,672-122797-0005.wav,generated_audios/generated_H2_256C_int8/672-122797-0005_generated.wav,3.26,0.954869,0.951167,0.292905,0.291769,1.105001,0.630727,1.661356
H2_256C_quantized_resblocks,672-122797-0006.wav,generated_audios/generated_H2_256C_int8/672-122797-0006_generated.wav,13.950023,3.920826,3.91579,0.281062,0.280701,1.122328,0.633893,1.434489
H2_256C_quantized_resblocks,672-122797-0007.wav,generated_audios/generated_H2_256C_int8/672-122797-0007_generated.wav,6.42,1.79733,1.793488,0.279958,0.27936,1.142836,0.64201,1.526067
H2_256C_quantized_resblocks,672-122797-0008.wav,generated_audios/generated_H2_256C_int8/672-122797-0008_generated.wav,30.810023,8.685513,8.678659,0.281905,0.281683,1.122231,0.641403,1.558481
H2_256C_quantized_resblocks,672-122797-0009.wav,generated_audios/generated_H2_256C_int8/672-122797-0009_generated.wav,2.765034,0.163697,0.159716,0.059203,0.057763,1.150953,0.69245,1.361072
H2_256C_quantized_resblocks,672-122797-0010.wav,generated_audios/generated_H2_256C_int8/672-122797-0010_generated.wav,3.815011,0.220713,0.217149,0.057854,0.05692,1.08645,0.697356,1.423694
H2_256C_quantized_resblocks,672-122797-0011.wav,generated_audios/generated_H2_256C_int8/672-122797-0011_generated.wav,2.54,0.78093,0.777448,0.307453,0.306082,1.103002,0.792719,1.184671
H2_256C_quantized_resblocks,672-122797-0012.wav,generated_audios/generated_H2_256C_int8/672-122797-0012_generated.wav,7.765034,2.247266,2.243345,0.289408,0.288903,1.093521,0.713687,1.249497
H2_256C_quantized_resblocks,672-122797-0013.wav,generated_audios/generated_H2_256C_int8/672-122797-0013_generated.wav,8.705034,2.430607,2.426343,0.279219,0.278729,1.179269,0.69206,1.395477
H2_256C_quantized_resblocks,672-122797-0014.wav,generated_audios/generated_H2_256C_int8/672-122797-0014_generated.wav,2.555011,0.15389,0.150477,0.060231,0.058895,1.145872,0.814255,1.388679
H2_256C_quantized_resblocks,672-122797-0015.wav,generated_audios/generated_H2_256C_int8/672-122797-0015_generated.wav,4.455011,0.252158,0.248737,0.056601,0.055833,1.126178,0.731731,1.319775
H2_256C_quantized_resblocks,672-122797-0016.wav,generated_audios/generated_H2_256C_int8/672-122797-0016_generated.wav,9.215011,2.572464,2.568495,0.27916,0.278729,1.188242,0.723999,1.38426
H2_256C_quantized_resblocks,672-122797-0017.wav,generated_audios/generated_H2_256C_int8/672-122797-0017_generated.wav,4.82,1.373602,1.369806,0.28498,0.284192,1.258325,0.794171,1.115263
H2_256C_quantized_resblocks,672-122797-0018.wav,generated_audios/generated_H2_256C_int8/672-122797-0018_generated.wav,4.930023,1.386129,1.382516,0.281161,0.280428,1.094107,0.655695,1.461491
H2_256C_quantized_resblocks,672-122797-0019.wav,generated_audios/generated_H2_256C_int8/672-122797-0019_generated.wav,4.110023,1.148092,1.145824,0.279339,0.278788,1.070477,0.690308,1.53911
H2_256C_quantized_resblocks,672-122797-0020.wav,generated_audios/generated_H2_256C_int8/672-122797-0020_generated.wav,8.825034,2.460973,2.457326,0.278863,0.278449,1.084829,0.637262,1.599787
H2_256C_quantized_resblocks,672-122797-0021.wav,generated_audios/generated_H2_256C_int8/672-122797-0021_generated.wav,4.150023,0.235591,0.231923,0.056769,0.055885,1.114109,0.757694,1.44186
H2_256C_quantized_resblocks,672-122797-0022.wav,generated_audios/generated_H2_256C_int8/672-122797-0022_generated.wav,19.004943,5.343969,5.338373,0.281188,0.280894,1.156395,0.622226,1.598843
H2_256C_quantized_resblocks,672-122797-0023.wav,generated_audios/generated_H2_256C_int8/672-122797-0023_generated.wav,9.695102,2.712642,2.708082,0.279795,0.279325,1.102013,0.680942,1.440888
H2_256C_quantized_resblocks,672-122797-0024.wav,generated_audios/generated_H2_256C_int8/672-122797-0024_generated.wav,4.130023,1.158471,1.155098,0.2805,0.279683,1.101058,0.527321,1.875355
H2_256C_quantized_resblocks,672-122797-0025.wav,generated_audios/generated_H2_256C_int8/672-122797-0025_generated.wav,10.690023,2.98779,2.983654,0.279493,0.279106,1.174032,0.774777,1.361956
H2_256C_quantized_resblocks,672-122797-0026.wav,generated_audios/generated_H2_256C_int8/672-122797-0026_generated.wav,13.96,3.875545,3.871047,0.277618,0.277296,1.069048,0.630769,1.465427
H2_256C_quantized_resblocks,672-122797-0027.wav,generated_audios/generated_H2_256C_int8/672-122797-0027_generated.wav,4.790023,0.265739,0.262556,0.055478,0.054813,1.103405,0.566202,1.735617
H2_256C_quantized_resblocks,672-122797-0028.wav,generated_audios/generated_H2_256C_int8/672-122797-0028_generated.wav,2.610023,0.162329,0.158874,0.062195,0.060871,1.166588,0.762091,1.430423
H2_256C_quantized_resblocks,672-122797-0029.wav,generated_audios/generated_H2_256C_int8/672-122797-0029_generated.wav,3.050023,0.18,0.176375,0.059016,0.057828,1.426059,0.817605,1.358637
H2_256C_quantized_resblocks,672-122797-0030.wav,generated_audios/generated_H2_256C_int8/672-122797-0030_generated.wav,4.575011,1.261933,1.258285,0.275832,0.275034,1.1384,0.781318,1.367954
H2_256C_quantized_resblocks,672-122797-0031.wav,generated_audios/generated_H2_256C_int8/672-122797-0031_generated.wav,3.98,0.229391,0.225517,0.057636,0.056663,1.417387,0.716374,1.372363
H2_256C_quantized_resblocks,672-122797-0032.wav,generated_audios/generated_H2_256C_int8/672-122797-0032_generated.wav,4.0,0.229233,0.226277,0.057308,0.056569,1.115727,0.633961,1.421931
H2_256C_quantized_resblocks,672-122797-0033.wav,generated_audios/generated_H2_256C_int8/672-122797-0033_generated.wav,1.285034,0.366562,0.363394,0.285255,0.282789,1.248933,0.645942,1.377742
H2_256C_quantized_resblocks,672-122797-0034.wav,generated_audios/generated_H2_256C_int8/672-122797-0034_generated.wav,5.110023,0.283431,0.280012,0.055466,0.054797,1.163702,0.797399,1.337625
H2_256C_quantized_resblocks,672-122797-0035.wav,generated_audios/generated_H2_256C_int8/672-122797-0035_generated.wav,2.9,0.170194,0.166667,0.058687,0.057471,1.584886,0.893427,1.218912
H2_256C_quantized_resblocks,672-122797-0036.wav,generated_audios/generated_H2_256C_int8/672-122797-0036_generated.wav,5.365034,0.297308,0.29345,0.055416,0.054697,1.186285,0.733039,1.172615
H2_256C_quantized_resblocks,672-122797-0037.wav,generated_audios/generated_H2_256C_int8/672-122797-0037_generated.wav,1.96,0.539615,0.535622,0.275314,0.273276,1.353758,0.781187,1.111976
H2_256C_quantized_resblocks,672-122797-0038.wav,generated_audios/generated_H2_256C_int8/672-122797-0038_generated.wav,8.8,2.407944,2.403992,0.27363,0.273181,1.153369,0.687763,1.442735
H2_256C_quantized_resblocks,672-122797-0039.wav,generated_audios/generated_H2_256C_int8/672-122797-0039_generated.wav,4.025034,1.113147,1.109603,0.276556,0.275676,1.246236,0.792496,1.315679
H2_256C_quantized_resblocks,672-122797-0040.wav,generated_audios/generated_H2_256C_int8/672-122797-0040_generated.wav,5.125034,0.287134,0.28333,0.056026,0.055284,1.194433,0.662255,1.640706
H2_256C_quantized_resblocks,672-122797-0041.wav,generated_audios/generated_H2_256C_int8/672-122797-0041_generated.wav,3.88,0.224074,0.220541,0.057751,0.05684,1.129528,0.660263,1.590878
H2_256C_quantized_resblocks,672-122797-0042.wav,generated_audios/generated_H2_256C_int8/672-122797-0042_generated.wav,15.310023,4.259058,4.254204,0.278188,0.277871,1.170975,0.519822,1.807756
H2_256C_quantized_resblocks,672-122797-0043.wav,generated_audios/generated_H2_256C_int8/672-122797-0043_generated.wav,3.78,0.21816,0.214471,0.057714,0.056738,1.118813,0.634186,1.607465
H2_256C_quantized_resblocks,672-122797-0044.wav,generated_audios/generated_H2_256C_int8/672-122797-0044_generated.wav,3.74,0.216359,0.212619,0.05785,0.05685,1.17596,0.630983,1.55965
H2_256C_quantized_resblocks,672-122797-0045.wav,generated_audios/generated_H2_256C_int8/672-122797-0045_generated.wav,13.96,0.725174,0.72035,0.051947,0.051601,1.139369,0.766261,1.370335
H2_256C_quantized_resblocks,672-122797-0046.wav,generated_audios/generated_H2_256C_int8/672-122797-0046_generated.wav,4.715011,1.297407,1.293914,0.275165,0.274424,1.141473,0.705076,1.503206
H2_256C_quantized_resblocks,672-122797-0047.wav,generated_audios/generated_H2_256C_int8/672-122797-0047_generated.wav,3.325034,0.924411,0.920927,0.278016,0.276968,1.531235,0.784555,1.102917
H2_256C_quantized_resblocks,672-122797-0048.wav,generated_audios/generated_H2_256C_int8/672-122797-0048_generated.wav,6.555011,0.360737,0.357012,0.055032,0.054464,1.086052,0.5941,1.562949
H2_256C_quantized_resblocks,672-122797-0049.wav,generated_audios/generated_H2_256C_int8/672-122797-0049_generated.wav,2.02,0.124537,0.12122,0.061652,0.06001,1.352589,0.580728,1.596771
H2_256C_quantized_resblocks,672-122797-0050.wav,generated_audios/generated_H2_256C_int8/672-122797-0050_generated.wav,4.855011,1.382681,1.379002,0.284795,0.284037,1.114143,0.680767,1.480976
H2_256C_quantized_resblocks,672-122797-0051.wav,generated_audios/generated_H2_256C_int8/672-122797-0051_generated.wav,4.665034,1.306188,1.302378,0.279995,0.279179,1.154193,0.644341,1.390534
H2_256C_quantized_resblocks,672-122797-0052.wav,generated_audios/generated_H2_256C_int8/672-122797-0052_generated.wav,4.285034,1.201522,1.197749,0.2804,0.279519,1.145532,0.780395,1.247523
H2_256C_quantized_resblocks,672-122797-0053.wav,generated_audios/generated_H2_256C_int8/672-122797-0053_generated.wav,2.955011,0.174477,0.170963,0.059044,0.057855,1.067647,0.587354,1.656509
H2_256C_quantized_resblocks,672-122797-0054.wav,generated_audios/generated_H2_256C_int8/672-122797-0054_generated.wav,4.250023,0.241583,0.23839,0.056843,0.056091,1.205623,0.672284,1.335501
H2_256C_quantized_resblocks,672-122797-0055.wav,generated_audios/generated_H2_256C_int8/672-122797-0055_generated.wav,8.230023,2.295142,2.291029,0.278874,0.278375,1.156775,0.652263,1.459213
H2_256C_quantized_resblocks,672-122797-0056.wav,generated_audios/generated_H2_256C_int8/672-122797-0056_generated.wav,5.225034,0.293553,0.289632,0.056182,0.055432,1.100877,0.698001,1.403867
H2_256C_quantized_resblocks,672-122797-0057.wav,generated_audios/generated_H2_256C_int8/672-122797-0057_generated.wav,6.56,0.365049,0.360225,0.055648,0.054912,1.179514,0.635101,1.577399
H2_256C_quantized_resblocks,672-122797-0058.wav,generated_audios/generated_H2_256C_int8/672-122797-0058_generated.wav,4.470023,1.289055,1.28526,0.288378,0.287529,1.079961,0.58029,1.679235
H2_256C_quantized_resblocks,672-122797-0059.wav,generated_audios/generated_H2_256C_int8/672-122797-0059_generated.wav,3.52,0.992183,0.988494,0.28187,0.280822,1.134888,0.658868,1.629804
H2_256C_quantized_resblocks,672-122797-0060.wav,generated_audios/generated_H2_256C_int8/672-122797-0060_generated.wav,3.350023,0.206766,0.203079,0.061721,0.06062,1.215491,0.828751,1.451665
H2_256C_quantized_resblocks,672-122797-0061.wav,generated_audios/generated_H2_256C_int8/672-122797-0061_generated.wav,7.590023,2.10005,2.096374,0.276686,0.276201,1.221032,0.816015,1.279351
H2_256C_quantized_resblocks,672-122797-0062.wav,generated_audios/generated_H2_256C_int8/672-122797-0062_generated.wav,2.675011,0.768021,0.764646,0.28711,0.285848,1.148504,0.505248,1.865778
H2_256C_quantized_resblocks,672-122797-0063.wav,generated_audios/generated_H2_256C_int8/672-122797-0063_generated.wav,5.075011,0.28113,0.277822,0.055395,0.054743,1.197221,0.706931,1.652516
H2_256C_quantized_resblocks,672-122797-0064.wav,generated_audios/generated_H2_256C_int8/672-122797-0064_generated.wav,15.270023,4.28369,4.279368,0.280529,0.280246,1.191811,0.698608,1.358954
H2_256C_quantized_resblocks,672-122797-0065.wav,generated_audios/generated_H2_256C_int8/672-122797-0065_generated.wav,3.030023,0.179637,0.176286,0.059286,0.05818,1.092059,0.629153,1.615849
H2_256C_quantized_resblocks,672-122797-0066.wav,generated_audios/generated_H2_256C_int8/672-122797-0066_generated.wav,4.815011,0.27267,0.268964,0.056629,0.05586,1.17104,0.821788,1.352178
H2_256C_quantized_resblocks,672-122797-0067.wav,generated_audios/generated_H2_256C_int8/672-122797-0067_generated.wav,13.035011,3.601739,3.597413,0.276313,0.275981,1.173631,0.746819,1.396968
H2_256C_quantized_resblocks,672-122797-0068.wav,generated_audios/generated_H2_256C_int8/672-122797-0068_generated.wav,4.02,0.213356,0.209981,0.053074,0.052234,1.133731,0.631298,1.735434
H2_256C_quantized_resblocks,672-122797-0069.wav,generated_audios/generated_H2_256C_int8/672-122797-0069_generated.wav,5.010023,1.422658,1.419043,0.283962,0.283241,1.135782,0.632667,1.643065
H2_256C_quantized_resblocks,672-122797-0070.wav,generated_audios/generated_H2_256C_int8/672-122797-0070_generated.wav,6.270023,1.754957,1.751492,0.279896,0.279344,1.127941,0.769884,1.411856
H2_256C_quantized_resblocks,672-122797-0071.wav,generated_audios/generated_H2_256C_int8/672-122797-0071_generated.wav,8.875011,2.516795,2.512657,0.283582,0.283116,1.16154,0.819945,1.320478
H2_256C_quantized_resblocks,672-122797-0072.wav,generated_audios/generated_H2_256C_int8/672-122797-0072_generated.wav,7.94,2.210489,2.206124,0.278399,0.277849,1.128037,0.69088,1.601037
H2_256C_quantized_resblocks,672-122797-0073.wav,generated_audios/generated_H2_256C_int8/672-122797-0073_generated.wav,8.205034,2.302767,2.299234,0.280653,0.280222,1.14476,0.768906,1.455576
H2_256C_quantized_resblocks,672-122797-0074.wav,generated_audios/generated_H2_256C_int8/672-122797-0074_generated.wav,8.730023,2.434806,2.430798,0.2789,0.278441,1.174702,0.486236,1.860808
H2_256C_quantized_resblocks,908-157963-0000.wav,generated_audios/generated_H2_256C_int8/908-157963-0000_generated.wav,12.62,3.492469,3.488051,0.276741,0.276391,1.169049,0.797349,1.471346
H2_256C_quantized_resblocks,908-157963-0001.wav,generated_audios/generated_H2_256C_int8/908-157963-0001_generated.wav,2.885034,0.814809,0.811032,0.282426,0.281117,1.229886,0.885063,1.467962
H2_256C_quantized_resblocks,908-157963-0002.wav,generated_audios/generated_H2_256C_int8/908-157963-0002_generated.wav,2.755011,0.745171,0.741903,0.270478,0.269292,1.22821,0.84765,1.44524
H2_256C_quantized_resblocks,908-157963-0003.wav,generated_audios/generated_H2_256C_int8/908-157963-0003_generated.wav,3.08,0.870974,0.867481,0.282784,0.28165,1.197604,0.856993,1.299025
H2_256C_quantized_resblocks,908-157963-0004.wav,generated_audios/generated_H2_256C_int8/908-157963-0004_generated.wav,13.990023,3.894897,3.890981,0.278405,0.278125,1.191391,0.786335,1.423194
H2_256C_quantized_resblocks,908-157963-0005.wav,generated_audios/generated_H2_256C_int8/908-157963-0005_generated.wav,7.035011,1.954869,1.950807,0.277877,0.2773,1.163943,0.779118,1.553677
H2_256C_quantized_resblocks,908-157963-0006.wav,generated_audios/generated_H2_256C_int8/908-157963-0006_generated.wav,8.110023,2.285614,2.281609,0.281826,0.281332,1.180981,0.788402,1.362953
H2_256C_quantized_resblocks,908-157963-0007.wav,generated_audios/generated_H2_256C_int8/908-157963-0007_generated.wav,32.770023,9.283664,9.276302,0.283297,0.283073,1.161844,0.790448,1.387178
H2_256C_quantized_resblocks,908-157963-0008.wav,generated_audios/generated_H2_256C_int8/908-157963-0008_generated.wav,19.950023,5.542153,5.53667,0.277802,0.277527,1.188166,0.786692,1.416086
H2_256C_quantized_resblocks,908-157963-0009.wav,generated_audios/generated_H2_256C_int8/908-157963-0009_generated.wav,4.06,1.147377,1.143718,0.282605,0.281704,1.230383,0.829808,1.277119
H2_256C_quantized_resblocks,908-157963-0010.wav,generated_audios/generated_H2_256C_int8/908-157963-0010_generated.wav,6.28,0.322659,0.318936,0.051379,0.050786,1.147204,0.642826,1.574902
H2_256C_quantized_resblocks,908-157963-0011.wav,generated_audios/generated_H2_256C_int8/908-157963-0011_generated.wav,10.395011,0.574795,0.57082,0.055295,0.054913,1.124498,0.727435,1.421155
H2_256C_quantized_resblocks,908-157963-0012.wav,generated_audios/generated_H2_256C_int8/908-157963-0012_generated.wav,10.090023,2.833232,2.828568,0.280795,0.280333,1.140437,0.69157,1.512809
H2_256C_quantized_resblocks,908-157963-0013.wav,generated_audios/generated_H2_256C_int8/908-157963-0013_generated.wav,4.315011,0.244371,0.24069,0.056633,0.05578,1.120118,0.805425,1.738232
H2_256C_quantized_resblocks,908-157963-0014.wav,generated_audios/generated_H2_256C_int8/908-157963-0014_generated.wav,4.52,0.256731,0.253227,0.056799,0.056024,1.217031,0.768551,1.652449
H2_256C_quantized_resblocks,908-157963-0015.wav,generated_audios/generated_H2_256C_int8/908-157963-0015_generated.wav,14.465034,3.998088,3.993135,0.276397,0.276054,1.255682,0.848648,1.410215
H2_256C_quantized_resblocks,908-157963-0016.wav,generated_audios/generated_H2_256C_int8/908-157963-0016_generated.wav,5.105034,0.28626,0.282946,0.056074,0.055425,1.240897,0.865029,1.497548
H2_256C_quantized_resblocks,908-157963-0017.wav,generated_audios/generated_H2_256C_int8/908-157963-0017_generated.wav,4.950023,1.346314,1.342856,0.271981,0.271283,1.286066,0.843803,1.298064
H2_256C_quantized_resblocks,908-157963-0018.wav,generated_audios/generated_H2_256C_int8/908-157963-0018_generated.wav,4.255011,0.225248,0.221539,0.052937,0.052065,1.169176,0.779326,1.368215
H2_256C_quantized_resblocks,908-157963-0019.wav,generated_audios/generated_H2_256C_int8/908-157963-0019_generated.wav,21.44,5.986351,5.98053,0.279214,0.278943,1.161452,0.787265,1.628623
H2_256C_quantized_resblocks,908-157963-0020.wav,generated_audios/generated_H2_256C_int8/908-157963-0020_generated.wav,9.8,2.734591,2.729745,0.27904,0.278545,1.19986,0.802224,1.578893
H2_256C_quantized_resblocks,908-157963-0021.wav,generated_audios/generated_H2_256C_int8/908-157963-0021_generated.wav,10.24,0.569678,0.56554,0.055633,0.055229,1.210535,0.790688,1.496515
H2_256C_quantized_resblocks,908-157963-0022.wav,generated_audios/generated_H2_256C_int8/908-157963-0022_generated.wav,4.610023,1.314107,1.310563,0.285054,0.284286,1.120799,0.714581,1.574173
H2_256C_quantized_resblocks,908-157963-0023.wav,generated_audios/generated_H2_256C_int8/908-157963-0023_generated.wav,9.625034,2.681137,2.677574,0.278559,0.278189,1.18616,0.700048,1.50083
H2_256C_quantized_resblocks,908-157963-0024.wav,generated_audios/generated_H2_256C_int8/908-157963-0024_generated.wav,3.44,0.968233,0.964496,0.281463,0.280377,1.120519,0.76512,1.618315
H2_256C_quantized_resblocks,908-157963-0025.wav,generated_audios/generated_H2_256C_int8/908-157963-0025_generated.wav,9.265034,2.549008,2.544966,0.275121,0.274685,1.133892,0.732981,1.657571
H2_256C_quantized_resblocks,908-157963-0026.wav,generated_audios/generated_H2_256C_int8/908-157963-0026_generated.wav,8.1,2.258446,2.254824,0.278821,0.278373,1.188528,0.767906,1.496931
H2_256C_quantized_resblocks,908-157963-0027.wav,generated_audios/generated_H2_256C_int8/908-157963-0027_generated.wav,5.225034,0.272925,0.269292,0.052234,0.051539,1.126892,0.627779,1.667551
H2_256C_quantized_resblocks,908-157963-0028.wav,generated_audios/generated_H2_256C_int8/908-157963-0028_generated.wav,4.955011,0.256383,0.25394,0.051742,0.051249,1.187683,0.827006,1.325901
H2_256C_quantized_resblocks,908-157963-0029.wav,generated_audios/generated_H2_256C_int8/908-157963-0029_generated.wav,3.630023,0.989407,0.985891,0.272562,0.271594,1.226827,0.867487,1.358061
H2_256C_quantized_resblocks,908-157963-0030.wav,generated_audios/generated_H2_256C_int8/908-157963-0030_generated.wav,4.52,0.238603,0.235004,0.052788,0.051992,1.176643,0.818992,1.521884
H2_256C_quantized_resblocks,908-31957-0000.wav,generated_audios/generated_H2_256C_int8/908-31957-0000_generated.wav,2.125034,0.587824,0.584457,0.276619,0.275034,1.327362,0.878555,1.640306
H2_256C_quantized_resblocks,908-31957-0001.wav,generated_audios/generated_H2_256C_int8/908-31957-0001_generated.wav,11.315011,3.133472,3.12889,0.276931,0.276526,1.131862,0.790846,1.612718
H2_256C_quantized_resblocks,908-31957-0002.wav,generated_audios/generated_H2_256C_int8/908-31957-0002_generated.wav,4.790023,0.270915,0.26622,0.056558,0.055578,1.137134,0.795991,1.743717
H2_256C_quantized_resblocks,908-31957-0003.wav,generated_audios/generated_H2_256C_int8/908-31957-0003_generated.wav,6.565034,0.360636,0.357129,0.054933,0.054399,1.124574,0.794426,1.406036
H2_256C_quantized_resblocks,908-31957-0004.wav,generated_audios/generated_H2_256C_int8/908-31957-0004_generated.wav,14.755011,4.102968,4.09811,0.278073,0.277744,1.148216,0.80585,1.538227
H2_256C_quantized_resblocks,908-31957-0005.wav,generated_audios/generated_H2_256C_int8/908-31957-0005_generated.wav,4.490023,0.254131,0.250495,0.056599,0.055789,1.181812,0.816188,1.861138
H2_256C_quantized_resblocks,908-31957-0006.wav,generated_audios/generated_H2_256C_int8/908-31957-0006_generated.wav,5.890023,1.612067,1.607997,0.273694,0.273004,1.205732,0.795386,1.752362
H2_256C_quantized_resblocks,908-31957-0007.wav,generated_audios/generated_H2_256C_int8/908-31957-0007_generated.wav,5.8,0.320126,0.31645,0.055194,0.05456,1.197836,0.832283,1.599103
H2_256C_quantized_resblocks,908-31957-0008.wav,generated_audios/generated_H2_256C_int8/908-31957-0008_generated.wav,10.005034,2.781845,2.777421,0.278044,0.277602,1.143774,0.788766,1.594899
H2_256C_quantized_resblocks,908-31957-0009.wav,generated_audios/generated_H2_256C_int8/908-31957-0009_generated.wav,7.705034,2.132816,2.128509,0.276808,0.276249,1.157342,0.8002,1.577838
H2_256C_quantized_resblocks,908-31957-0010.wav,generated_audios/generated_H2_256C_int8/908-31957-0010_generated.wav,2.510023,0.692063,0.688703,0.27572,0.274381,1.171682,0.618435,2.135605
H2_256C_quantized_resblocks,908-31957-0011.wav,generated_audios/generated_H2_256C_int8/908-31957-0011_generated.wav,2.335011,0.140295,0.136893,0.060083,0.058626,1.152536,0.725111,1.657806
H2_256C_quantized_resblocks,908-31957-0012.wav,generated_audios/generated_H2_256C_int8/908-31957-0012_generated.wav,7.615011,2.107838,2.103841,0.2768,0.276275,1.149711,0.787383,1.671675
H2_256C_quantized_resblocks,908-31957-0013.wav,generated_audios/generated_H2_256C_int8/908-31957-0013_generated.wav,6.18,1.716358,1.712404,0.277728,0.277088,1.163103,0.726188,1.796008
H2_256C_quantized_resblocks,908-31957-0014.wav,generated_audios/generated_H2_256C_int8/908-31957-0014_generated.wav,7.56,2.077911,2.073737,0.274856,0.274304,1.118309,0.768344,1.814277
H2_256C_quantized_resblocks,908-31957-0015.wav,generated_audios/generated_H2_256C_int8/908-31957-0015_generated.wav,21.465034,6.011845,6.006289,0.280076,0.279817,1.122881,0.757149,1.845949
H2_256C_quantized_resblocks,908-31957-0016.wav,generated_audios/generated_H2_256C_int8/908-31957-0016_generated.wav,6.48,1.801283,1.797462,0.277976,0.277386,1.217237,0.794095,1.818671
H2_256C_quantized_resblocks,908-31957-0017.wav,generated_audios/generated_H2_256C_int8/908-31957-0017_generated.wav,7.795011,2.180955,2.176895,0.279789,0.279268,1.11962,0.800686,1.807415
H2_256C_quantized_resblocks,908-31957-0018.wav,generated_audios/generated_H2_256C_int8/908-31957-0018_generated.wav,3.915011,1.09987,1.096342,0.280937,0.280036,1.127166,0.788606,1.676946
H2_256C_quantized_resblocks,908-31957-0019.wav,generated_audios/generated_H2_256C_int8/908-31957-0019_generated.wav,9.54,2.678257,2.674397,0.28074,0.280335,1.206117,0.809682,1.627892
H2_256C_quantized_resblocks,908-31957-0020.wav,generated_audios/generated_H2_256C_int8/908-31957-0020_generated.wav,5.895011,0.30517,0.301549,0.051768,0.051153,1.158365,0.775394,1.719239
H2_256C_quantized_resblocks,908-31957-0021.wav,generated_audios/generated_H2_256C_int8/908-31957-0021_generated.wav,10.905034,3.022322,3.018232,0.277149,0.276774,1.144505,0.785269,1.68255
H2_256C_quantized_resblocks,908-31957-0022.wav,generated_audios/generated_H2_256C_int8/908-31957-0022_generated.wav,14.1,3.917917,3.912977,0.277866,0.277516,1.115711,0.770628,1.65227
H2_256C_quantized_resblocks,908-31957-0023.wav,generated_audios/generated_H2_256C_int8/908-31957-0023_generated.wav,8.515011,2.341905,2.337501,0.275032,0.274515,1.166233,0.798534,1.849899
H2_256C_quantized_resblocks,908-31957-0024.wav,generated_audios/generated_H2_256C_int8/908-31957-0024_generated.wav,7.54,2.075445,2.071522,0.275258,0.274738,1.111829,0.773008,1.846406
H2_256C_quantized_resblocks,908-31957-0025.wav,generated_audios/generated_H2_256C_int8/908-31957-0025_generated.wav,20.56,6.000545,5.994509,0.291855,0.291562,1.1249,0.783804,2.031929
H2_512C_quantized_resblocks,1089-134686-0000.wav,generated_audios/generated_H2_512C_int8/1089-134686-0000_generated.wav,10.435011,1.527568,1.524026,0.146389,0.146049,2.91283,0.965129,0.231618
H2_512C_quantized_resblocks,1089-134686-0001.wav,generated_audios/generated_H2_512C_int8/1089-134686-0001_generated.wav,3.275011,0.459733,0.456092,0.140376,0.139264,2.515723,0.945603,0.237726
H2_512C_quantized_resblocks,1089-134686-0002.wav,generated_audios/generated_H2_512C_int8/1089-134686-0002_generated.wav,6.625034,0.907394,0.903444,0.136964,0.136368,2.771651,0.945777,0.233367
H2_512C_quantized_resblocks,1089-134686-0003.wav,generated_audios/generated_H2_512C_int8/1089-134686-0003_generated.wav,2.68,0.377894,0.374269,0.141005,0.139653,3.446108,0.977425,0.256631
H2_512C_quantized_resblocks,1089-134686-0004.wav,generated_audios/generated_H2_512C_int8/1089-134686-0004_generated.wav,5.215102,0.710023,0.706337,0.136147,0.135441,3.261119,0.973693,0.239447
H2_512C_quantized_resblocks,1089-134686-0005.wav,generated_audios/generated_H2_512C_int8/1089-134686-0005_generated.wav,9.635011,1.331161,1.327095,0.138159,0.137737,2.848875,0.951323,0.231895
H2_512C_quantized_resblocks,1089-134686-0006.wav,generated_audios/generated_H2_512C_int8/1089-134686-0006_generated.wav,10.555011,1.493309,1.489248,0.141479,0.141094,3.155907,0.951985,0.237844
H2_512C_quantized_resblocks,1089-134686-0007.wav,generated_audios/generated_H2_512C_int8/1089-134686-0007_generated.wav,4.275011,0.603982,0.600219,0.141282,0.140402,2.742331,0.957954,0.240418
H2_512C_quantized_resblocks,1089-134686-0008.wav,generated_audios/generated_H2_512C_int8/1089-134686-0008_generated.wav,6.730023,0.900382,0.896608,0.133786,0.133225,2.791197,0.96038,0.238811
H2_512C_quantized_resblocks,1089-134686-0009.wav,generated_audios/generated_H2_512C_int8/1089-134686-0009_generated.wav,10.575011,1.480803,1.476741,0.140029,0.139644,2.882208,0.969629,0.235715
H2_512C_quantized_resblocks,1089-134686-0010.wav,generated_audios/generated_H2_512C_int8/1089-134686-0010_generated.wav,4.405034,0.603211,0.599418,0.136937,0.136076,2.97554,0.966801,0.220061
H2_512C_quantized_resblocks,1089-134686-0011.wav,generated_audios/generated_H2_512C_int8/1089-134686-0011_generated.wav,12.445034,1.742481,1.738215,0.140014,0.139671,3.062476,0.959064,0.228513
H2_512C_quantized_resblocks,1089-134686-0012.wav,generated_audios/generated_H2_512C_int8/1089-134686-0012_generated.wav,11.64,1.708448,1.704188,0.146774,0.146408,3.113225,0.96839,0.235415
H2_512C_quantized_resblocks,1089-134686-0013.wav,generated_audios/generated_H2_512C_int8/1089-134686-0013_generated.wav,7.915011,1.108766,1.104874,0.140084,0.139592,2.889581,0.96649,0.230412
H2_512C_quantized_resblocks,1089-134686-0014.wav,generated_audios/generated_H2_512C_int8/1089-134686-0014_generated.wav,2.225034,0.313765,0.3109,0.141016,0.139728,3.431511,0.982132,0.223511
H2_512C_quantized_resblocks,1089-134686-0015.wav,generated_audios/generated_H2_512C_int8/1089-134686-0015_generated.wav,5.815011,0.778777,0.774895,0.133925,0.133258,2.77842,0.957704,0.243454
H2_512C_quantized_resblocks,1089-134686-0016.wav,generated_audios/generated_H2_512C_int8/1089-134686-0016_generated.wav,3.54,0.50586,0.502553,0.142898,0.141964,2.926324,0.961515,0.235265
H2_512C_quantized_resblocks,1089-134686-0017.wav,generated_audios/generated_H2_512C_int8/1089-134686-0017_generated.wav,8.870023,1.228894,1.22482,0.138545,0.138085,2.796232,0.955877,0.231564
H2_512C_quantized_resblocks,1089-134686-0018.wav,generated_audios/generated_H2_512C_int8/1089-134686-0018_generated.wav,15.72,2.310048,2.304965,0.14695,0.146626,2.995045,0.961523,0.233579
H2_512C_quantized_resblocks,1089-134686-0019.wav,generated_audios/generated_H2_512C_int8/1089-134686-0019_generated.wav,13.895011,1.946843,1.94176,0.140111,0.139745,3.111371,0.966849,0.228365
H2_512C_quantized_resblocks,1089-134686-0020.wav,generated_audios/generated_H2_512C_int8/1089-134686-0020_generated.wav,16.790023,2.502858,2.497827,0.149068,0.148769,1.187059,0.879373,1.20743
H2_512C_quantized_resblocks,1089-134686-0021.wav,generated_audios/generated_H2_512C_int8/1089-134686-0021_generated.wav,6.550023,0.916315,0.912673,0.139895,0.139339,1.237334,0.881252,1.270192
H2_512C_quantized_resblocks,1089-134686-0022.wav,generated_audios/generated_H2_512C_int8/1089-134686-0022_generated.wav,11.175011,1.584355,1.580501,0.141777,0.141432,1.306917,0.880902,1.140729
H2_512C_quantized_resblocks,1089-134686-0023.wav,generated_audios/generated_H2_512C_int8/1089-134686-0023_generated.wav,13.275011,1.875989,1.871018,0.141317,0.140943,1.19959,0.880399,1.231065
H2_512C_quantized_resblocks,1089-134686-0024.wav,generated_audios/generated_H2_512C_int8/1089-134686-0024_generated.wav,11.655011,1.625694,1.621106,0.139485,0.139091,1.208759,0.86884,1.138396
H2_512C_quantized_resblocks,1089-134686-0025.wav,generated_audios/generated_H2_512C_int8/1089-134686-0025_generated.wav,6.610023,0.922047,0.918609,0.139492,0.138972,1.20548,0.905049,1.279382
H2_512C_quantized_resblocks,1089-134686-0026.wav,generated_audios/generated_H2_512C_int8/1089-134686-0026_generated.wav,4.010023,0.552467,0.548982,0.137772,0.136903,1.247442,0.8969,1.205851
H2_512C_quantized_resblocks,1089-134686-0027.wav,generated_audios/generated_H2_512C_int8/1089-134686-0027_generated.wav,2.710023,0.380296,0.377404,0.14033,0.139262,1.263545,0.92653,1.07066
H2_512C_quantized_resblocks,1089-134686-0028.wav,generated_audios/generated_H2_512C_int8/1089-134686-0028_generated.wav,7.830023,1.090297,1.086473,0.139246,0.138757,1.30604,0.912803,1.06155
H2_512C_quantized_resblocks,1089-134686-0029.wav,generated_audios/generated_H2_512C_int8/1089-134686-0029_generated.wav,4.670023,0.639075,0.635435,0.136846,0.136067,1.406429,0.909162,1.153108
H2_512C_quantized_resblocks,1089-134686-0030.wav,generated_audios/generated_H2_512C_int8/1089-134686-0030_generated.wav,2.715011,0.370189,0.366841,0.136349,0.135116,1.451772,0.95209,1.076068
H2_512C_quantized_resblocks,1089-134686-0031.wav,generated_audios/generated_H2_512C_int8/1089-134686-0031_generated.wav,6.615011,0.904601,0.900929,0.13675,0.136195,1.240141,0.86378,1.26028
H2_512C_quantized_resblocks,121-121726-0000.wav,generated_audios/generated_H2_512C_int8/121-121726-0000_generated.wav,8.46,1.21559,1.2114,0.143687,0.143191,1.312246,0.93008,0.938118
H2_512C_quantized_resblocks,121-121726-0001.wav,generated_audios/generated_H2_512C_int8/121-121726-0001_generated.wav,5.925034,0.834421,0.830449,0.14083,0.140159,1.551711,0.923058,0.745194
H2_512C_quantized_resblocks,121-121726-0002.wav,generated_audios/generated_H2_512C_int8/121-121726-0002_generated.wav,4.410023,0.592336,0.58892,0.134316,0.133541,1.465041,0.911144,1.084874
H2_512C_quantized_resblocks,121-121726-0003.wav,generated_audios/generated_H2_512C_int8/121-121726-0003_generated.wav,6.755011,0.940062,0.936212,0.139165,0.138595,1.550612,0.935684,0.734745
H2_512C_quantized_resblocks,121-121726-0004.wav,generated_audios/generated_H2_512C_int8/121-121726-0004_generated.wav,4.02,0.546393,0.542757,0.135919,0.135014,1.320254,0.94811,0.853796
H2_512C_quantized_resblocks,121-121726-0005.wav,generated_audios/generated_H2_512C_int8/121-121726-0005_generated.wav,3.1,0.431529,0.427854,0.139203,0.138017,1.547762,0.955798,0.632735
H2_512C_quantized_resblocks,121-121726-0006.wav,generated_audios/generated_H2_512C_int8/121-121726-0006_generated.wav,3.895011,0.53098,0.527419,0.136323,0.135409,1.742134,0.914736,0.733806
H2_512C_quantized_resblocks,121-121726-0007.wav,generated_audios/generated_H2_512C_int8/121-121726-0007_generated.wav,6.730023,0.929487,0.925748,0.138111,0.137555,1.419563,0.944397,0.723096
H2_512C_quantized_resblocks,121-121726-0008.wav,generated_audios/generated_H2_512C_int8/121-121726-0008_generated.wav,4.990023,0.682584,0.678981,0.13679,0.136068,1.470657,0.933123,0.683265
H2_512C_quantized_resblocks,121-121726-0009.wav,generated_audios/generated_H2_512C_int8/121-121726-0009_generated.wav,7.26,1.01002,1.006341,0.139121,0.138614,1.366462,0.929188,0.819239
H2_512C_quantized_resblocks,121-121726-0010.wav,generated_audios/generated_H2_512C_int8/121-121726-0010_generated.wav,9.810023,1.409685,1.405481,0.143698,0.14327,1.350603,0.908377,0.868223
H2_512C_quantized_resblocks,121-121726-0011.wav,generated_audios/generated_H2_512C_int8/121-121726-0011_generated.wav,4.035011,0.553865,0.550196,0.137265,0.136356,1.56631,0.942933,0.807393
H2_512C_quantized_resblocks,121-121726-0012.wav,generated_audios/generated_H2_512C_int8/121-121726-0012_generated.wav,4.045034,0.560406,0.556821,0.138542,0.137656,1.421249,0.926596,1.198353
H2_512C_quantized_resblocks,121-121726-0013.wav,generated_audios/generated_H2_512C_int8/121-121726-0013_generated.wav,2.490023,0.351004,0.347848,0.140964,0.139697,1.281908,0.913034,1.097548
H2_512C_quantized_resblocks,121-121726-0014.wav,generated_audios/generated_H2_512C_int8/121-121726-0014_generated.wav,3.165034,0.457684,0.454835,0.144606,0.143706,1.783168,0.939458,0.731882
H2_512C_quantized_resblocks,121-123852-0000.wav,generated_audios/generated_H2_512C_int8/121-123852-0000_generated.wav,17.695011,2.619531,2.614541,0.148038,0.147756,1.372834,0.929146,0.98506
H2_512C_quantized_resblocks,121-123852-0001.wav,generated_audios/generated_H2_512C_int8/121-123852-0001_generated.wav,1.870023,0.272348,0.268853,0.145639,0.14377,1.279887,0.839435,1.156229
H2_512C_quantized_resblocks,121-123852-0002.wav,generated_audios/generated_H2_512C_int8/121-123852-0002_generated.wav,17.285034,2.69819,2.692894,0.1561,0.155793,1.359705,0.911136,1.30435
H2_512C_quantized_resblocks,121-123852-0003.wav,generated_audios/generated_H2_512C_int8/121-123852-0003_generated.wav,23.505034,6.298081,6.291716,0.267946,0.267675,1.288783,0.904155,1.267523
H2_512C_quantized_resblocks,121-123852-0004.wav,generated_audios/generated_H2_512C_int8/121-123852-0004_generated.wav,16.290023,3.909282,3.904868,0.23998,0.239709,1.456928,0.921637,1.195799
H2_512C_quantized_resblocks,121-123859-0000.wav,generated_audios/generated_H2_512C_int8/121-123859-0000_generated.wav,17.390023,4.165302,4.160157,0.239523,0.239227,1.275473,0.905259,1.229227
H2_512C_quantized_resblocks,121-123859-0001.wav,generated_audios/generated_H2_512C_int8/121-123859-0001_generated.wav,25.395011,6.73604,6.729532,0.265251,0.264994,1.39473,0.927527,1.229245
H2_512C_quantized_resblocks,121-123859-0002.wav,generated_audios/generated_H2_512C_int8/121-123859-0002_generated.wav,30.04,8.071174,8.064861,0.268681,0.268471,1.392172,0.922271,1.178844
H2_512C_quantized_resblocks,121-123859-0003.wav,generated_audios/generated_H2_512C_int8/121-123859-0003_generated.wav,10.825034,2.529734,2.525314,0.233693,0.233285,1.434357,0.937705,1.135026
H2_512C_quantized_resblocks,121-123859-0004.wav,generated_audios/generated_H2_512C_int8/121-123859-0004_generated.wav,9.505034,2.284944,2.28062,0.240393,0.239938,1.261934,0.918752,1.298135
H2_512C_quantized_resblocks,121-127105-0000.wav,generated_audios/generated_H2_512C_int8/121-127105-0000_generated.wav,9.875011,2.354477,2.350536,0.238428,0.238029,1.367705,0.916241,0.734512
H2_512C_quantized_resblocks,121-127105-0001.wav,generated_audios/generated_H2_512C_int8/121-127105-0001_generated.wav,5.025034,1.209636,1.206486,0.240722,0.240095,1.448404,0.923027,0.769951
H2_512C_quantized_resblocks,121-127105-0002.wav,generated_audios/generated_H2_512C_int8/121-127105-0002_generated.wav,7.495011,1.789861,1.786382,0.238807,0.238343,1.405307,0.920351,0.820621
H2_512C_quantized_resblocks,121-127105-0003.wav,generated_audios/generated_H2_512C_int8/121-127105-0003_generated.wav,7.725034,1.852869,1.848806,0.239853,0.239327,1.518256,0.936249,0.769656
H2_512C_quantized_resblocks,121-127105-0004.wav,generated_audios/generated_H2_512C_int8/121-127105-0004_generated.wav,2.110023,0.534971,0.531836,0.253538,0.252052,1.120755,0.934638,0.837404
H2_512C_quantized_resblocks,121-127105-0005.wav,generated_audios/generated_H2_512C_int8/121-127105-0005_generated.wav,5.82,1.37731,1.373759,0.236651,0.236041,1.471793,0.925547,0.651627
H2_512C_quantized_resblocks,121-127105-0006.wav,generated_audios/generated_H2_512C_int8/121-127105-0006_generated.wav,4.725034,1.152436,1.148766,0.2439,0.243123,1.320986,0.936562,0.733198
H2_512C_quantized_resblocks,121-127105-0007.wav,generated_audios/generated_H2_512C_int8/121-127105-0007_generated.wav,5.790023,1.37362,1.369856,0.237239,0.236589,1.28335,0.931029,0.796768
H2_512C_quantized_resblocks,121-127105-0008.wav,generated_audios/generated_H2_512C_int8/121-127105-0008_generated.wav,2.76,0.632412,0.629263,0.229135,0.227994,1.286465,0.917116,0.848368
H2_512C_quantized_resblocks,121-127105-0009.wav,generated_audios/generated_H2_512C_int8/121-127105-0009_generated.wav,2.290023,0.55615,0.552623,0.242858,0.241318,1.35022,0.911096,0.810365
H2_512C_quantized_resblocks,121-127105-0010.wav,generated_audios/generated_H2_512C_int8/121-127105-0010_generated.wav,2.850023,0.679913,0.677929,0.238564,0.237868,1.31796,0.925805,0.740118
H2_512C_quantized_resblocks,121-127105-0011.wav,generated_audios/generated_H2_512C_int8/121-127105-0011_generated.wav,5.78,1.407079,1.403659,0.243439,0.242848,1.314181,0.908532,0.829677
H2_512C_quantized_resblocks,121-127105-0012.wav,generated_audios/generated_H2_512C_int8/121-127105-0012_generated.wav,4.830023,1.225773,1.22236,0.253782,0.253075,1.104257,0.896725,0.970187
H2_512C_quantized_resblocks,121-127105-0013.wav,generated_audios/generated_H2_512C_int8/121-127105-0013_generated.wav,5.895011,1.40481,1.401635,0.238305,0.237766,1.323377,0.93515,0.752363
H2_512C_quantized_resblocks,121-127105-0014.wav,generated_audios/generated_H2_512C_int8/121-127105-0014_generated.wav,2.255011,0.540277,0.537047,0.239589,0.238157,1.566064,0.876418,0.82762
H2_512C_quantized_resblocks,121-127105-0015.wav,generated_audios/generated_H2_512C_int8/121-127105-0015_generated.wav,2.96,0.70254,0.699211,0.237345,0.23622,1.308339,0.927415,0.892601
H2_512C_quantized_resblocks,121-127105-0016.wav,generated_audios/generated_H2_512C_int8/121-127105-0016_generated.wav,2.030023,0.45895,0.455969,0.226081,0.224613,1.537307,0.932568,0.784326
H2_512C_quantized_resblocks,121-127105-0017.wav,generated_audios/generated_H2_512C_int8/121-127105-0017_generated.wav,2.695011,0.639842,0.636575,0.237417,0.236205,1.290809,0.925333,0.86535
H2_512C_quantized_resblocks,121-127105-0018.wav,generated_audios/generated_H2_512C_int8/121-127105-0018_generated.wav,2.770023,0.658764,0.655546,0.237819,0.236657,1.38754,0.901164,0.825234
H2_512C_quantized_resblocks,121-127105-0019.wav,generated_audios/generated_H2_512C_int8/121-127105-0019_generated.wav,3.525034,0.814899,0.811649,0.231175,0.230253,1.38358,0.926698,0.731316
H2_512C_quantized_resblocks,121-127105-0020.wav,generated_audios/generated_H2_512C_int8/121-127105-0020_generated.wav,14.355011,3.385711,3.38111,0.235856,0.235535,1.406289,0.927396,0.784411
H2_512C_quantized_resblocks,121-127105-0021.wav,generated_audios/generated_H2_512C_int8/121-127105-0021_generated.wav,2.0,0.492798,0.489393,0.246399,0.244697,1.415946,0.93016,0.777469
H2_512C_quantized_resblocks,121-127105-0022.wav,generated_audios/generated_H2_512C_int8/121-127105-0022_generated.wav,5.075011,1.231119,1.227595,0.242585,0.24189,1.635697,0.922972,0.741828
H2_512C_quantized_resblocks,121-127105-0023.wav,generated_audios/generated_H2_512C_int8/121-127105-0023_generated.wav,10.910023,2.624898,2.62094,0.240595,0.240232,1.489665,0.930611,0.768558
H2_512C_quantized_resblocks,121-127105-0024.wav,generated_audios/generated_H2_512C_int8/121-127105-0024_generated.wav,14.450023,3.439898,3.435025,0.238055,0.237718,1.44068,0.923061,0.832666
H2_512C_quantized_resblocks,121-127105-0025.wav,generated_audios/generated_H2_512C_int8/121-127105-0025_generated.wav,16.065034,3.807494,3.802728,0.237005,0.236708,1.498061,0.930154,0.741587
H2_512C_quantized_resblocks,121-127105-0026.wav,generated_audios/generated_H2_512C_int8/121-127105-0026_generated.wav,7.530023,1.762492,1.758563,0.234062,0.23354,1.355085,0.939822,0.884126
H2_512C_quantized_resblocks,121-127105-0027.wav,generated_audios/generated_H2_512C_int8/121-127105-0027_generated.wav,13.870023,3.286992,3.282459,0.236985,0.236658,1.485264,0.926843,0.746433
H2_512C_quantized_resblocks,121-127105-0028.wav,generated_audios/generated_H2_512C_int8/121-127105-0028_generated.wav,6.750023,0.922386,0.918454,0.136649,0.136067,1.566971,0.943825,0.615331
H2_512C_quantized_resblocks,121-127105-0029.wav,generated_audios/generated_H2_512C_int8/121-127105-0029_generated.wav,7.310023,1.727178,1.723526,0.236275,0.235776,1.48355,0.934726,0.775739
H2_512C_quantized_resblocks,121-127105-0030.wav,generated_audios/generated_H2_512C_int8/121-127105-0030_generated.wav,2.175011,0.542294,0.538982,0.249329,0.247807,1.168244,0.930644,1.042431
H2_512C_quantized_resblocks,121-127105-0031.wav,generated_audios/generated_H2_512C_int8/121-127105-0031_generated.wav,10.765034,2.603068,2.598696,0.241808,0.241402,1.36417,0.877897,0.799107
H2_512C_quantized_resblocks,121-127105-0032.wav,generated_audios/generated_H2_512C_int8/121-127105-0032_generated.wav,3.170023,0.733062,0.72981,0.231248,0.230222,1.293069,0.929671,0.713577
H2_512C_quantized_resblocks,121-127105-0033.wav,generated_audios/generated_H2_512C_int8/121-127105-0033_generated.wav,2.355011,0.571932,0.568781,0.242858,0.241519,1.321121,0.912154,0.721746
H2_512C_quantized_resblocks,121-127105-0034.wav,generated_audios/generated_H2_512C_int8/121-127105-0034_generated.wav,7.410023,1.763948,1.760382,0.238049,0.237568,1.447034,0.931117,0.770039
H2_512C_quantized_resblocks,121-127105-0035.wav,generated_audios/generated_H2_512C_int8/121-127105-0035_generated.wav,14.150023,3.370102,3.365682,0.238169,0.237857,1.432185,0.909644,0.671763
H2_512C_quantized_resblocks,121-127105-0036.wav,generated_audios/generated_H2_512C_int8/121-127105-0036_generated.wav,4.150023,0.959787,0.956758,0.231273,0.230543,1.553419,0.901339,0.678949
H2_512C_quantized_resblocks,237-126133-0000.wav,generated_audios/generated_H2_512C_int8/237-126133-0000_generated.wav,13.290023,3.242929,3.238819,0.244012,0.243703,1.210915,0.900453,1.161238
H2_512C_quantized_resblocks,237-126133-0001.wav,generated_audios/generated_H2_512C_int8/237-126133-0001_generated.wav,11.965034,2.853628,2.849027,0.238497,0.238113,1.19403,0.879308,1.154842
H2_512C_quantized_resblocks,237-126133-0002.wav,generated_audios/generated_H2_512C_int8/237-126133-0002_generated.wav,8.92,2.341747,2.337768,0.262528,0.262082,1.12175,0.890885,1.397374
H2_512C_quantized_resblocks,237-126133-0003.wav,generated_audios/generated_H2_512C_int8/237-126133-0003_generated.wav,6.56,1.57757,1.573899,0.240483,0.239924,1.125894,0.847797,1.253679
H2_512C_quantized_resblocks,237-126133-0004.wav,generated_audios/generated_H2_512C_int8/237-126133-0004_generated.wav,3.295011,0.771386,0.76816,0.234107,0.233128,1.232358,0.904956,1.270864
H2_512C_quantized_resblocks,237-126133-0005.wav,generated_audios/generated_H2_512C_int8/237-126133-0005_generated.wav,6.510023,1.601079,1.59734,0.245941,0.245366,1.261759,0.908621,1.134673
H2_512C_quantized_resblocks,237-126133-0006.wav,generated_audios/generated_H2_512C_int8/237-126133-0006_generated.wav,6.150023,1.47003,1.466412,0.239028,0.23844,1.268328,0.920866,1.276814
H2_512C_quantized_resblocks,237-126133-0007.wav,generated_audios/generated_H2_512C_int8/237-126133-0007_generated.wav,8.68,2.102247,2.097746,0.242194,0.241676,1.245644,0.899482,1.203772
H2_512C_quantized_resblocks,237-126133-0008.wav,generated_audios/generated_H2_512C_int8/237-126133-0008_generated.wav,3.865034,0.915797,0.912247,0.236944,0.236026,1.121122,0.872929,1.215253
H2_512C_quantized_resblocks,237-126133-0009.wav,generated_audios/generated_H2_512C_int8/237-126133-0009_generated.wav,3.970023,0.946302,0.942902,0.238362,0.237505,1.206847,0.914147,1.243794
H2_512C_quantized_resblocks,237-126133-0010.wav,generated_audios/generated_H2_512C_int8/237-126133-0010_generated.wav,6.24,1.460167,1.456263,0.234001,0.233375,1.236047,0.884697,1.177338
H2_512C_quantized_resblocks,237-126133-0011.wav,generated_audios/generated_H2_512C_int8/237-126133-0011_generated.wav,6.710023,1.579257,1.57547,0.235358,0.234794,1.221694,0.907413,1.282671
H2_512C_quantized_resblocks,237-126133-0012.wav,generated_audios/generated_H2_512C_int8/237-126133-0012_generated.wav,4.450023,1.047496,1.043844,0.235391,0.23457,1.142113,0.844732,1.319178
H2_512C_quantized_resblocks,237-126133-0013.wav,generated_audios/generated_H2_512C_int8/237-126133-0013_generated.wav,6.815011,1.628139,1.624139,0.238905,0.238318,1.176743,0.873204,1.377192
H2_512C_quantized_resblocks,237-126133-0014.wav,generated_audios/generated_H2_512C_int8/237-126133-0014_generated.wav,6.790023,1.645743,1.641851,0.242377,0.241803,1.178561,0.869702,1.144493
H2_512C_quantized_resblocks,237-126133-0015.wav,generated_audios/generated_H2_512C_int8/237-126133-0015_generated.wav,9.34,2.151368,2.147498,0.230339,0.229925,1.19337,0.887816,1.261863
H2_512C_quantized_resblocks,237-126133-0016.wav,generated_audios/generated_H2_512C_int8/237-126133-0016_generated.wav,4.250023,0.951736,0.948157,0.223937,0.223095,1.264101,0.906574,1.251339
H2_512C_quantized_resblocks,237-126133-0017.wav,generated_audios/generated_H2_512C_int8/237-126133-0017_generated.wav,6.210023,1.470354,1.466771,0.236771,0.236194,1.338158,0.914265,1.117916
H2_512C_quantized_resblocks,237-126133-0018.wav,generated_audios/generated_H2_512C_int8/237-126133-0018_generated.wav,4.095011,1.012786,1.009028,0.247322,0.246404,1.107353,0.816341,1.335768
H2_512C_quantized_resblocks,237-126133-0019.wav,generated_audios/generated_H2_512C_int8/237-126133-0019_generated.wav,7.12,1.684518,1.680887,0.23659,0.23608,1.17356,0.888966,1.284936
H2_512C_quantized_resblocks,237-126133-0020.wav,generated_audios/generated_H2_512C_int8/237-126133-0020_generated.wav,2.24,0.534099,0.530961,0.238437,0.237036,1.201848,0.911403,1.255265
H2_512C_quantized_resblocks,237-126133-0021.wav,generated_audios/generated_H2_512C_int8/237-126133-0021_generated.wav,4.365034,1.005373,1.001995,0.230324,0.22955,1.105327,0.81457,1.340933
H2_512C_quantized_resblocks,237-126133-0022.wav,generated_audios/generated_H2_512C_int8/237-126133-0022_generated.wav,5.04,1.203882,1.200415,0.238865,0.238177,1.171681,0.90428,1.351226
H2_512C_quantized_resblocks,237-126133-0023.wav,generated_audios/generated_H2_512C_int8/237-126133-0023_generated.wav,6.675011,1.617154,1.613597,0.24227,0.241737,1.157817,0.88945,1.25677
H2_512C_quantized_resblocks,237-126133-0024.wav,generated_audios/generated_H2_512C_int8/237-126133-0024_generated.wav,9.665034,2.470876,2.46668,0.255651,0.255217,1.291834,0.916368,1.074516
H2_512C_quantized_resblocks,237-126133-0025.wav,generated_audios/generated_H2_512C_int8/237-126133-0025_generated.wav,3.755011,0.895145,0.891592,0.238387,0.237441,1.227249,0.905945,1.133825
H2_512C_quantized_resblocks,237-134493-0000.wav,generated_audios/generated_H2_512C_int8/237-134493-0000_generated.wav,4.105034,0.968576,0.964946,0.235948,0.235064,1.778459,0.933106,0.835428
H2_512C_quantized_resblocks,237-134493-0001.wav,generated_audios/generated_H2_512C_int8/237-134493-0001_generated.wav,7.38,1.754628,1.750896,0.237755,0.237249,1.772765,0.937402,0.83305
H2_512C_quantized_resblocks,237-134493-0002.wav,generated_audios/generated_H2_512C_int8/237-134493-0002_generated.wav,11.395011,2.739084,2.7343,0.240376,0.239956,1.826813,0.937914,0.932311
H2_512C_quantized_resblocks,237-134493-0003.wav,generated_audios/generated_H2_512C_int8/237-134493-0003_generated.wav,12.765034,3.070794,3.06615,0.240563,0.240199,1.744506,0.943092,0.826129
H2_512C_quantized_resblocks,237-134493-0004.wav,generated_audios/generated_H2_512C_int8/237-134493-0004_generated.wav,6.825034,1.615163,1.611893,0.236653,0.236174,1.946927,0.941492,0.772441
H2_512C_quantized_resblocks,237-134493-0005.wav,generated_audios/generated_H2_512C_int8/237-134493-0005_generated.wav,10.945034,2.632941,2.628674,0.24056,0.24017,1.832566,0.936431,0.789716
H2_512C_quantized_resblocks,237-134493-0006.wav,generated_audios/generated_H2_512C_int8/237-134493-0006_generated.wav,4.395011,1.032964,1.029506,0.235031,0.234244,2.078311,0.949951,0.753935
H2_512C_quantized_resblocks,237-134493-0007.wav,generated_audios/generated_H2_512C_int8/237-134493-0007_generated.wav,2.035011,0.497371,0.494033,0.244407,0.242767,2.038448,0.93595,0.738988
H2_512C_quantized_resblocks,237-134493-0008.wav,generated_audios/generated_H2_512C_int8/237-134493-0008_generated.wav,2.305034,0.550293,0.546883,0.238735,0.237256,1.640039,0.862498,1.027586
H2_512C_quantized_resblocks,237-134493-0009.wav,generated_audios/generated_H2_512C_int8/237-134493-0009_generated.wav,2.975011,0.857401,0.853917,0.288201,0.28703,1.716566,0.93125,0.994787
H2_512C_quantized_resblocks,237-134493-0010.wav,generated_audios/generated_H2_512C_int8/237-134493-0010_generated.wav,2.875011,0.689672,0.686118,0.239885,0.238649,1.661897,0.900416,0.894752
H2_512C_quantized_resblocks,237-134493-0011.wav,generated_audios/generated_H2_512C_int8/237-134493-0011_generated.wav,5.035011,1.242744,1.239055,0.24682,0.246088,1.963783,0.951897,0.751514
H2_512C_quantized_resblocks,237-134493-0012.wav,generated_audios/generated_H2_512C_int8/237-134493-0012_generated.wav,3.66,0.860149,0.85667,0.235014,0.234063,1.938331,0.949194,0.849545
H2_512C_quantized_resblocks,237-134493-0013.wav,generated_audios/generated_H2_512C_int8/237-134493-0013_generated.wav,4.090023,0.592349,0.588894,0.144828,0.143983,1.976552,0.927735,0.760323
H2_512C_quantized_resblocks,237-134493-0014.wav,generated_audios/generated_H2_512C_int8/237-134493-0014_generated.wav,3.7,0.846061,0.842446,0.228665,0.227688,2.047337,0.949674,0.81831
H2_512C_quantized_resblocks,237-134493-0015.wav,generated_audios/generated_H2_512C_int8/237-134493-0015_generated.wav,6.550023,0.951797,0.947921,0.145312,0.14472,1.766067,0.941042,0.765352
H2_512C_quantized_resblocks,237-134493-0016.wav,generated_audios/generated_H2_512C_int8/237-134493-0016_generated.wav,10.085034,2.461625,2.457934,0.244087,0.243721,1.936337,0.946792,0.73841
H2_512C_quantized_resblocks,237-134493-0017.wav,generated_audios/generated_H2_512C_int8/237-134493-0017_generated.wav,9.105034,2.206767,2.202559,0.242368,0.241906,1.861998,0.937458,0.800667
H2_512C_quantized_resblocks,237-134493-0018.wav,generated_audios/generated_H2_512C_int8/237-134493-0018_generated.wav,4.790023,1.166316,1.162613,0.243489,0.242716,1.910001,0.950851,0.792538
H2_512C_quantized_resblocks,237-134500-0000.wav,generated_audios/generated_H2_512C_int8/237-134500-0000_generated.wav,6.130023,1.467013,1.463294,0.239316,0.238709,1.507138,0.930433,0.975852
H2_512C_quantized_resblocks,237-134500-0001.wav,generated_audios/generated_H2_512C_int8/237-134500-0001_generated.wav,1.810023,0.449395,0.446147,0.248281,0.246487,1.57031,0.905272,1.033269
H2_512C_quantized_resblocks,237-134500-0002.wav,generated_audios/generated_H2_512C_int8/237-134500-0002_generated.wav,5.070023,1.229517,1.225788,0.242507,0.241772,1.719423,0.952375,0.878853
H2_512C_quantized_resblocks,237-134500-0003.wav,generated_audios/generated_H2_512C_int8/237-134500-0003_generated.wav,3.170023,0.451291,0.447473,0.142362,0.141158,1.5164,0.938093,0.949993
H2_512C_quantized_resblocks,237-134500-0004.wav,generated_audios/generated_H2_512C_int8/237-134500-0004_generated.wav,2.225034,0.317177,0.313992,0.142549,0.141118,1.441166,0.94449,0.924401
H2_512C_quantized_resblocks,237-134500-0005.wav,generated_audios/generated_H2_512C_int8/237-134500-0005_generated.wav,2.390023,0.578724,0.575306,0.242142,0.240712,1.647703,0.949585,0.909591
H2_512C_quantized_resblocks,237-134500-0006.wav,generated_audios/generated_H2_512C_int8/237-134500-0006_generated.wav,4.225034,0.979309,0.975649,0.231787,0.230921,1.849735,0.935167,0.83736
H2_512C_quantized_resblocks,237-134500-0007.wav,generated_audios/generated_H2_512C_int8/237-134500-0007_generated.wav,2.390023,0.330554,0.327268,0.138306,0.136931,1.646535,0.927663,0.936189
H2_512C_quantized_resblocks,237-134500-0008.wav,generated_audios/generated_H2_512C_int8/237-134500-0008_generated.wav,3.76,0.506174,0.50251,0.134621,0.133646,1.529745,0.921076,0.897086
H2_512C_quantized_resblocks,237-134500-0009.wav,generated_audios/generated_H2_512C_int8/237-134500-0009_generated.wav,2.22,0.319201,0.315631,0.143784,0.142176,1.435627,0.919238,0.87881
H2_512C_quantized_resblocks,237-134500-0010.wav,generated_audios/generated_H2_512C_int8/237-134500-0010_generated.wav,3.995011,0.969086,0.965511,0.242574,0.241679,1.760492,0.949302,0.772318
H2_512C_quantized_resblocks,237-134500-0011.wav,generated_audios/generated_H2_512C_int8/237-134500-0011_generated.wav,3.350023,0.792121,0.788511,0.236453,0.235375,1.948003,0.928663,0.87331
H2_512C_quantized_resblocks,237-134500-0012.wav,generated_audios/generated_H2_512C_int8/237-134500-0012_generated.wav,10.935011,2.638649,2.633978,0.241303,0.240876,1.521684,0.927041,0.929209
H2_512C_quantized_resblocks,237-134500-0013.wav,generated_audios/generated_H2_512C_int8/237-134500-0013_generated.wav,10.56,1.500825,1.496329,0.142124,0.141698,1.596796,0.942252,0.911015
H2_512C_quantized_resblocks,237-134500-0014.wav,generated_audios/generated_H2_512C_int8/237-134500-0014_generated.wav,4.250023,0.569016,0.565595,0.133885,0.13308,1.591434,0.888958,0.960024
H2_512C_quantized_resblocks,237-134500-0015.wav,generated_audios/generated_H2_512C_int8/237-134500-0015_generated.wav,10.815011,2.614325,2.610269,0.241731,0.241356,1.639525,0.946868,0.872008
H2_512C_quantized_resblocks,237-134500-0016.wav,generated_audios/generated_H2_512C_int8/237-134500-0016_generated.wav,3.16,0.455799,0.452297,0.14424,0.143132,1.475092,0.895886,1.11976
H2_512C_quantized_resblocks,237-134500-0017.wav,generated_audios/generated_H2_512C_int8/237-134500-0017_generated.wav,2.18,0.310547,0.307137,0.142453,0.140889,1.956708,0.949972,0.950908
H2_512C_quantized_resblocks,237-134500-0018.wav,generated_audios/generated_H2_512C_int8/237-134500-0018_generated.wav,12.845034,3.075471,3.071009,0.239429,0.239081,1.499462,0.924473,0.98664
H2_512C_quantized_resblocks,237-134500-0019.wav,generated_audios/generated_H2_512C_int8/237-134500-0019_generated.wav,2.86,0.648416,0.64507,0.226719,0.225549,1.391015,0.925735,1.120279
H2_512C_quantized_resblocks,237-134500-0020.wav,generated_audios/generated_H2_512C_int8/237-134500-0020_generated.wav,2.18,0.302003,0.298586,0.138533,0.136966,1.248323,0.954288,1.34717
H2_512C_quantized_resblocks,237-134500-0021.wav,generated_audios/generated_H2_512C_int8/237-134500-0021_generated.wav,5.12,1.18429,1.181073,0.231307,0.230678,1.590098,0.905205,1.074452
H2_512C_quantized_resblocks,237-134500-0022.wav,generated_audios/generated_H2_512C_int8/237-134500-0022_generated.wav,5.165034,1.233292,1.229533,0.238777,0.238049,1.648206,0.925056,0.972993
H2_512C_quantized_resblocks,237-134500-0023.wav,generated_audios/generated_H2_512C_int8/237-134500-0023_generated.wav,3.06,0.72328,0.719802,0.236366,0.235229,1.786535,0.941972,1.016176
H2_512C_quantized_resblocks,237-134500-0024.wav,generated_audios/generated_H2_512C_int8/237-134500-0024_generated.wav,4.410023,0.615315,0.611779,0.139527,0.138725,1.563692,0.927031,1.052733
H2_512C_quantized_resblocks,237-134500-0025.wav,generated_audios/generated_H2_512C_int8/237-134500-0025_generated.wav,1.630023,0.42408,0.420955,0.260168,0.258251,1.325285,0.932216,1.309108
H2_512C_quantized_resblocks,237-134500-0026.wav,generated_audios/generated_H2_512C_int8/237-134500-0026_generated.wav,3.050023,0.732713,0.729439,0.240232,0.239159,1.637151,0.935563,1.179265
H2_512C_quantized_resblocks,237-134500-0027.wav,generated_audios/generated_H2_512C_int8/237-134500-0027_generated.wav,3.270023,0.77146,0.768095,0.235919,0.23489,1.507443,0.916077,0.931487
H2_512C_quantized_resblocks,237-134500-0028.wav,generated_audios/generated_H2_512C_int8/237-134500-0028_generated.wav,4.524943,1.086675,1.083129,0.240152,0.239369,1.399435,0.923789,0.945924
H2_512C_quantized_resblocks,237-134500-0029.wav,generated_audios/generated_H2_512C_int8/237-134500-0029_generated.wav,2.065034,0.475901,0.472573,0.230457,0.228845,1.702969,0.943343,0.931955
H2_512C_quantized_resblocks,237-134500-0030.wav,generated_audios/generated_H2_512C_int8/237-134500-0030_generated.wav,2.78,0.656907,0.653272,0.236298,0.23499,1.592577,0.950463,1.160185
H2_512C_quantized_resblocks,237-134500-0031.wav,generated_audios/generated_H2_512C_int8/237-134500-0031_generated.wav,10.610023,2.54725,2.543695,0.24008,0.239745,1.651538,0.936681,0.909697
H2_512C_quantized_resblocks,237-134500-0032.wav,generated_audios/generated_H2_512C_int8/237-134500-0032_generated.wav,5.025034,0.721347,0.717756,0.143551,0.142836,1.455965,0.932501,1.04483
H2_512C_quantized_resblocks,237-134500-0033.wav,generated_audios/generated_H2_512C_int8/237-134500-0033_generated.wav,6.350023,1.467349,1.463582,0.231078,0.230485,1.413027,0.888592,1.034953
H2_512C_quantized_resblocks,237-134500-0034.wav,generated_audios/generated_H2_512C_int8/237-134500-0034_generated.wav,3.075011,0.713174,0.70973,0.231926,0.230805,1.243778,0.838621,1.296316
H2_512C_quantized_resblocks,237-134500-0035.wav,generated_audios/generated_H2_512C_int8/237-134500-0035_generated.wav,2.555011,0.607181,0.603774,0.237643,0.23631,1.450541,0.934181,1.051841
H2_512C_quantized_resblocks,237-134500-0036.wav,generated_audios/generated_H2_512C_int8/237-134500-0036_generated.wav,6.6,1.608099,1.604323,0.243651,0.243079,1.368179,0.913427,1.20058
H2_512C_quantized_resblocks,237-134500-0037.wav,generated_audios/generated_H2_512C_int8/237-134500-0037_generated.wav,7.105034,1.70781,1.704084,0.240366,0.239842,1.527423,0.905956,0.975146
H2_512C_quantized_resblocks,237-134500-0038.wav,generated_audios/generated_H2_512C_int8/237-134500-0038_generated.wav,2.435011,0.587863,0.584545,0.241421,0.240059,1.638033,0.929535,0.864766
H2_512C_quantized_resblocks,237-134500-0039.wav,generated_audios/generated_H2_512C_int8/237-134500-0039_generated.wav,4.630023,1.10539,1.10171,0.238744,0.237949,1.455199,0.927409,0.994849
H2_512C_quantized_resblocks,237-134500-0040.wav,generated_audios/generated_H2_512C_int8/237-134500-0040_generated.wav,4.030023,0.562561,0.558996,0.139593,0.138708,1.553071,0.947209,0.906412
H2_512C_quantized_resblocks,237-134500-0041.wav,generated_audios/generated_H2_512C_int8/237-134500-0041_generated.wav,8.92,1.510431,1.506233,0.169331,0.16886,1.428018,0.948415,1.182605
H2_512C_quantized_resblocks,237-134500-0042.wav,generated_audios/generated_H2_512C_int8/237-134500-0042_generated.wav,2.575011,0.622007,0.618543,0.241555,0.24021,1.478747,0.885411,1.3449
H2_512C_quantized_resblocks,260-123286-0000.wav,generated_audios/generated_H2_512C_int8/260-123286-0000_generated.wav,7.04,1.630259,1.626457,0.231571,0.231031,1.290016,0.887334,1.207026
H2_512C_quantized_resblocks,260-123286-0001.wav,generated_audios/generated_H2_512C_int8/260-123286-0001_generated.wav,3.070023,0.423845,0.420368,0.138059,0.136927,1.200816,0.895349,0.962464
H2_512C_quantized_resblocks,260-123286-0002.wav,generated_audios/generated_H2_512C_int8/260-123286-0002_generated.wav,9.985034,2.398379,2.394086,0.240197,0.239767,1.339367,0.910746,0.950502
H2_512C_quantized_resblocks,260-123286-0003.wav,generated_audios/generated_H2_512C_int8/260-123286-0003_generated.wav,7.370023,1.716447,1.712428,0.232896,0.23235,1.266088,0.88388,0.988316
H2_512C_quantized_resblocks,260-123286-0004.wav,generated_audios/generated_H2_512C_int8/260-123286-0004_generated.wav,3.465034,0.808349,0.804517,0.233287,0.232181,1.274253,0.909373,1.106086
H2_512C_quantized_resblocks,260-123286-0005.wav,generated_audios/generated_H2_512C_int8/260-123286-0005_generated.wav,4.810023,1.118397,1.114834,0.232514,0.231773,1.263407,0.865659,1.093419
H2_512C_quantized_resblocks,260-123286-0006.wav,generated_audios/generated_H2_512C_int8/260-123286-0006_generated.wav,7.405034,1.800465,1.796664,0.243141,0.242627,1.436862,0.926551,0.951064
H2_512C_quantized_resblocks,260-123286-0007.wav,generated_audios/generated_H2_512C_int8/260-123286-0007_generated.wav,4.550023,1.066983,1.063496,0.234501,0.233734,1.29411,0.895116,1.064067
H2_512C_quantized_resblocks,260-123286-0008.wav,generated_audios/generated_H2_512C_int8/260-123286-0008_generated.wav,3.735011,0.855573,0.85217,0.229068,0.228157,1.356132,0.917052,0.961598
H2_512C_quantized_resblocks,260-123286-0009.wav,generated_audios/generated_H2_512C_int8/260-123286-0009_generated.wav,5.795011,1.381977,1.378102,0.238477,0.237808,1.26817,0.906076,0.904493
H2_512C_quantized_resblocks,260-123286-0010.wav,generated_audios/generated_H2_512C_int8/260-123286-0010_generated.wav,2.575011,0.359776,0.356529,0.139718,0.138457,1.212001,0.917833,1.090112
H2_512C_quantized_resblocks,260-123286-0011.wav,generated_audios/generated_H2_512C_int8/260-123286-0011_generated.wav,4.255011,0.573445,0.569762,0.134769,0.133904,1.316241,0.879538,1.22397
H2_512C_quantized_resblocks,260-123286-0012.wav,generated_audios/generated_H2_512C_int8/260-123286-0012_generated.wav,2.430023,0.34727,0.344142,0.142908,0.141621,1.322608,0.914265,1.04482
H2_512C_quantized_resblocks,260-123286-0013.wav,generated_audios/generated_H2_512C_int8/260-123286-0013_generated.wav,4.730023,1.120131,1.117488,0.236813,0.236254,1.431448,0.926379,0.963802
H2_512C_quantized_resblocks,260-123286-0014.wav,generated_audios/generated_H2_512C_int8/260-123286-0014_generated.wav,2.98,0.541637,0.538289,0.181757,0.180634,1.227484,0.892051,0.886991
H2_512C_quantized_resblocks,260-123286-0015.wav,generated_audios/generated_H2_512C_int8/260-123286-0015_generated.wav,5.210023,1.325662,1.321841,0.254444,0.253711,1.45438,0.927533,1.129638
H2_512C_quantized_resblocks,260-123286-0016.wav,generated_audios/generated_H2_512C_int8/260-123286-0016_generated.wav,7.0,1.690773,1.686989,0.241539,0.240998,1.360785,0.91941,0.924191
H2_512C_quantized_resblocks,260-123286-0017.wav,generated_audios/generated_H2_512C_int8/260-123286-0017_generated.wav,3.975011,0.932396,0.928915,0.234564,0.233689,1.311315,0.92782,0.845633
H2_512C_quantized_resblocks,260-123286-0018.wav,generated_audios/generated_H2_512C_int8/260-123286-0018_generated.wav,5.670023,1.389322,1.385687,0.245029,0.244388,1.324684,0.872476,1.038975
H2_512C_quantized_resblocks,260-123286-0019.wav,generated_audios/generated_H2_512C_int8/260-123286-0019_generated.wav,11.905034,2.858464,2.854225,0.240105,0.239749,1.321448,0.902546,0.983028
H2_512C_quantized_resblocks,260-123286-0020.wav,generated_audios/generated_H2_512C_int8/260-123286-0020_generated.wav,3.06,0.424513,0.420894,0.13873,0.137547,1.192428,0.910503,0.885017
H2_512C_quantized_resblocks,260-123286-0021.wav,generated_audios/generated_H2_512C_int8/260-123286-0021_generated.wav,2.550023,0.587198,0.583914,0.230272,0.228984,1.32485,0.919874,1.04836
H2_512C_quantized_resblocks,260-123286-0022.wav,generated_audios/generated_H2_512C_int8/260-123286-0022_generated.wav,3.235011,0.77188,0.768659,0.238602,0.237606,1.305974,0.925632,0.892054
H2_512C_quantized_resblocks,260-123286-0023.wav,generated_audios/generated_H2_512C_int8/260-123286-0023_generated.wav,5.875011,1.437686,1.433889,0.244712,0.244066,1.347706,0.897335,0.988356
H2_512C_quantized_resblocks,260-123286-0024.wav,generated_audios/generated_H2_512C_int8/260-123286-0024_generated.wav,3.04,0.69668,0.693409,0.229171,0.228095,1.575225,0.937539,1.031487
H2_512C_quantized_resblocks,260-123286-0025.wav,generated_audios/generated_H2_512C_int8/260-123286-0025_generated.wav,9.205034,2.175561,2.17209,0.236345,0.235968,1.365685,0.915405,1.028344
H2_512C_quantized_resblocks,260-123286-0026.wav,generated_audios/generated_H2_512C_int8/260-123286-0026_generated.wav,6.94,1.646366,1.642773,0.237229,0.236711,1.285239,0.898128,1.071257
H2_512C_quantized_resblocks,260-123286-0027.wav,generated_audios/generated_H2_512C_int8/260-123286-0027_generated.wav,7.170023,1.697081,1.693465,0.236691,0.236187,1.323928,0.877755,0.974066
H2_512C_quantized_resblocks,260-123286-0028.wav,generated_audios/generated_H2_512C_int8/260-123286-0028_generated.wav,7.465034,1.750973,1.747293,0.234557,0.234064,1.333267,0.879047,0.927797
H2_512C_quantized_resblocks,260-123286-0029.wav,generated_audios/generated_H2_512C_int8/260-123286-0029_generated.wav,4.545034,0.612343,0.608787,0.134728,0.133945,1.277412,0.915103,0.950633
H2_512C_quantized_resblocks,260-123286-0030.wav,generated_audios/generated_H2_512C_int8/260-123286-0030_generated.wav,7.530023,1.080007,1.076012,0.143427,0.142896,1.277594,0.89261,1.12285
H2_512C_quantized_resblocks,260-123286-0031.wav,generated_audios/generated_H2_512C_int8/260-123286-0031_generated.wav,5.06,1.170461,1.166787,0.231316,0.23059,1.417049,0.916314,0.779876
H2_512C_quantized_resblocks,260-123288-0000.wav,generated_audios/generated_H2_512C_int8/260-123288-0000_generated.wav,3.04,0.414371,0.411152,0.136306,0.135247,1.33978,0.872039,1.102233
H2_512C_quantized_resblocks,260-123288-0001.wav,generated_audios/generated_H2_512C_int8/260-123288-0001_generated.wav,5.08,0.718465,0.714757,0.14143,0.1407,1.227859,0.886373,1.199003
H2_512C_quantized_resblocks,260-123288-0002.wav,generated_audios/generated_H2_512C_int8/260-123288-0002_generated.wav,7.250023,1.777751,1.773834,0.245206,0.244666,1.286408,0.875012,1.043557
H2_512C_quantized_resblocks,260-123288-0003.wav,generated_audios/generated_H2_512C_int8/260-123288-0003_generated.wav,8.905034,2.12993,2.125757,0.239183,0.238714,1.289483,0.913776,1.00699
H2_512C_quantized_resblocks,260-123288-0004.wav,generated_audios/generated_H2_512C_int8/260-123288-0004_generated.wav,4.310023,0.998315,0.995067,0.231626,0.230873,1.227739,0.843777,1.131485
H2_512C_quantized_resblocks,260-123288-0005.wav,generated_audios/generated_H2_512C_int8/260-123288-0005_generated.wav,12.550023,2.980577,2.976195,0.237496,0.237147,1.242395,0.884236,1.037677
H2_512C_quantized_resblocks,260-123288-0006.wav,generated_audios/generated_H2_512C_int8/260-123288-0006_generated.wav,4.88,1.145601,1.142074,0.234754,0.234032,1.226378,0.897785,0.845311
H2_512C_quantized_resblocks,260-123288-0007.wav,generated_audios/generated_H2_512C_int8/260-123288-0007_generated.wav,11.2,2.72764,2.722958,0.243539,0.243121,1.281698,0.891789,1.101135
H2_512C_quantized_resblocks,260-123288-0008.wav,generated_audios/generated_H2_512C_int8/260-123288-0008_generated.wav,5.515011,1.343024,1.339085,0.243521,0.242807,1.484422,0.925526,1.083101
H2_512C_quantized_resblocks,260-123288-0009.wav,generated_audios/generated_H2_512C_int8/260-123288-0009_generated.wav,3.435011,0.819884,0.816546,0.238685,0.237713,1.493749,0.90445,1.021599
H2_512C_quantized_resblocks,260-123288-0010.wav,generated_audios/generated_H2_512C_int8/260-123288-0010_generated.wav,9.995011,1.430065,1.426045,0.143078,0.142676,1.266286,0.905348,0.906855
H2_512C_quantized_resblocks,260-123288-0011.wav,generated_audios/generated_H2_512C_int8/260-123288-0011_generated.wav,8.98,2.156952,2.15245,0.240195,0.239694,1.34099,0.874206,0.916659
H2_512C_quantized_resblocks,260-123288-0012.wav,generated_audios/generated_H2_512C_int8/260-123288-0012_generated.wav,3.545034,0.848476,0.844924,0.239342,0.23834,1.425315,0.924751,1.006816
H2_512C_quantized_resblocks,260-123288-0013.wav,generated_audios/generated_H2_512C_int8/260-123288-0013_generated.wav,11.385079,2.797489,2.793137,0.245715,0.245333,1.316969,0.892477,1.048212
H2_512C_quantized_resblocks,260-123288-0014.wav,generated_audios/generated_H2_512C_int8/260-123288-0014_generated.wav,1.805034,0.261116,0.257903,0.14466,0.14288,1.495458,0.925838,1.036016
H2_512C_quantized_resblocks,260-123288-0015.wav,generated_audios/generated_H2_512C_int8/260-123288-0015_generated.wav,21.185034,5.305729,5.30026,0.250447,0.250189,1.267212,0.885872,1.025571
H2_512C_quantized_resblocks,260-123288-0016.wav,generated_audios/generated_H2_512C_int8/260-123288-0016_generated.wav,4.865034,1.145991,1.142174,0.235557,0.234772,1.218267,0.854377,1.214364
H2_512C_quantized_resblocks,260-123288-0017.wav,generated_audios/generated_H2_512C_int8/260-123288-0017_generated.wav,5.225034,1.183458,1.179991,0.226498,0.225834,1.32233,0.917642,1.069836
H2_512C_quantized_resblocks,260-123288-0018.wav,generated_audios/generated_H2_512C_int8/260-123288-0018_generated.wav,3.245034,0.746049,0.742583,0.229905,0.228837,1.452692,0.885143,0.976112
H2_512C_quantized_resblocks,260-123288-0019.wav,generated_audios/generated_H2_512C_int8/260-123288-0019_generated.wav,2.955011,0.413644,0.410191,0.13998,0.138812,1.272562,0.902282,0.89332
H2_512C_quantized_resblocks,260-123288-0020.wav,generated_audios/generated_H2_512C_int8/260-123288-0020_generated.wav,2.9,0.666249,0.662655,0.229741,0.228502,1.335872,0.910683,0.765349
H2_512C_quantized_resblocks,260-123288-0021.wav,generated_audios/generated_H2_512C_int8/260-123288-0021_generated.wav,2.710023,0.380054,0.377202,0.14024,0.139188,1.328972,0.902824,1.068778
H2_512C_quantized_resblocks,260-123288-0022.wav,generated_audios/generated_H2_512C_int8/260-123288-0022_generated.wav,3.705034,0.869033,0.865793,0.234555,0.23368,1.195643,0.897553,1.147276
H2_512C_quantized_resblocks,260-123288-0023.wav,generated_audios/generated_H2_512C_int8/260-123288-0023_generated.wav,2.385034,0.337049,0.333693,0.141318,0.139911,1.236753,0.836446,0.993155
H2_512C_quantized_resblocks,260-123288-0024.wav,generated_audios/generated_H2_512C_int8/260-123288-0024_generated.wav,14.595011,3.435472,3.430996,0.235387,0.23508,1.310686,0.905341,1.054141
H2_512C_quantized_resblocks,260-123288-0025.wav,generated_audios/generated_H2_512C_int8/260-123288-0025_generated.wav,13.445034,3.143623,3.13918,0.233813,0.233482,1.330095,0.894579,1.029696
H2_512C_quantized_resblocks,260-123288-0026.wav,generated_audios/generated_H2_512C_int8/260-123288-0026_generated.wav,16.04,3.862586,3.857489,0.24081,0.240492,1.310145,0.900986,1.105422
H2_512C_quantized_resblocks,260-123288-0027.wav,generated_audios/generated_H2_512C_int8/260-123288-0027_generated.wav,6.305034,1.491571,1.487546,0.236568,0.23593,1.342209,0.917951,1.09276
H2_512C_quantized_resblocks,260-123288-0028.wav,generated_audios/generated_H2_512C_int8/260-123288-0028_generated.wav,2.610023,0.644219,0.64078,0.246825,0.245507,1.334374,0.933431,0.883675
H2_512C_quantized_resblocks,260-123440-0000.wav,generated_audios/generated_H2_512C_int8/260-123440-0000_generated.wav,2.165034,0.496347,0.492988,0.229256,0.227704,1.172439,0.882496,1.194624
H2_512C_quantized_resblocks,260-123440-0001.wav,generated_audios/generated_H2_512C_int8/260-123440-0001_generated.wav,1.74,0.440663,0.43743,0.253254,0.251397,1.340412,0.913232,0.936723
H2_512C_quantized_resblocks,260-123440-0002.wav,generated_audios/generated_H2_512C_int8/260-123440-0002_generated.wav,14.715011,3.508844,3.504184,0.238453,0.238137,1.292491,0.914326,1.100669
H2_512C_quantized_resblocks,260-123440-0003.wav,generated_audios/generated_H2_512C_int8/260-123440-0003_generated.wav,3.585034,0.850156,0.846526,0.23714,0.236128,1.35435,0.909365,1.05979
H2_512C_quantized_resblocks,260-123440-0004.wav,generated_audios/generated_H2_512C_int8/260-123440-0004_generated.wav,12.02,2.861204,2.856925,0.238037,0.237681,1.240168,0.907211,0.988961
H2_512C_quantized_resblocks,260-123440-0005.wav,generated_audios/generated_H2_512C_int8/260-123440-0005_generated.wav,3.105034,0.431823,0.428382,0.139072,0.137964,1.334768,0.911382,1.017004
H2_512C_quantized_resblocks,260-123440-0006.wav,generated_audios/generated_H2_512C_int8/260-123440-0006_generated.wav,2.715011,0.370275,0.36717,0.136381,0.135237,1.307089,0.902795,1.084775
H2_512C_quantized_resblocks,260-123440-0007.wav,generated_audios/generated_H2_512C_int8/260-123440-0007_generated.wav,3.385034,0.772768,0.769488,0.228289,0.227321,1.304131,0.898977,1.058317
H2_512C_quantized_resblocks,260-123440-0008.wav,generated_audios/generated_H2_512C_int8/260-123440-0008_generated.wav,3.745034,0.892922,0.889545,0.238428,0.237527,1.278731,0.896826,1.042201
H2_512C_quantized_resblocks,260-123440-0009.wav,generated_audios/generated_H2_512C_int8/260-123440-0009_generated.wav,3.115011,0.728491,0.725104,0.233865,0.232777,1.323552,0.938185,0.856064
H2_512C_quantized_resblocks,260-123440-0010.wav,generated_audios/generated_H2_512C_int8/260-123440-0010_generated.wav,8.315011,2.010623,2.006661,0.241806,0.24133,1.307755,0.886117,0.967217
H2_512C_quantized_resblocks,260-123440-0011.wav,generated_audios/generated_H2_512C_int8/260-123440-0011_generated.wav,4.870023,0.669749,0.666255,0.137525,0.136807,1.332735,0.911317,1.072229
H2_512C_quantized_resblocks,260-123440-0012.wav,generated_audios/generated_H2_512C_int8/260-123440-0012_generated.wav,5.245034,1.256837,1.253371,0.239624,0.238963,1.331665,0.909468,0.974012
H2_512C_quantized_resblocks,260-123440-0013.wav,generated_audios/generated_H2_512C_int8/260-123440-0013_generated.wav,3.475011,0.845161,0.841746,0.243211,0.242228,1.26833,0.90278,1.135671
H2_512C_quantized_resblocks,260-123440-0014.wav,generated_audios/generated_H2_512C_int8/260-123440-0014_generated.wav,3.815011,0.91527,0.911461,0.239913,0.238914,1.36893,0.933706,1.040962
H2_512C_quantized_resblocks,260-123440-0015.wav,generated_audios/generated_H2_512C_int8/260-123440-0015_generated.wav,6.2,0.894116,0.890246,0.144212,0.143588,1.38832,0.914992,0.916883
H2_512C_quantized_resblocks,260-123440-0016.wav,generated_audios/generated_H2_512C_int8/260-123440-0016_generated.wav,4.895011,1.199505,1.195964,0.245046,0.244323,1.35616,0.937717,0.97422
H2_512C_quantized_resblocks,260-123440-0017.wav,generated_audios/generated_H2_512C_int8/260-123440-0017_generated.wav,3.070023,0.441175,0.437547,0.143704,0.142522,1.223776,0.893361,1.108819
H2_512C_quantized_resblocks,260-123440-0018.wav,generated_audios/generated_H2_512C_int8/260-123440-0018_generated.wav,3.64,0.856884,0.853244,0.235408,0.234408,1.4627,0.934259,1.052761
H2_512C_quantized_resblocks,260-123440-0019.wav,generated_audios/generated_H2_512C_int8/260-123440-0019_generated.wav,6.630023,1.564303,1.560299,0.235942,0.235338,1.25445,0.884847,1.008872
H2_512C_quantized_resblocks,260-123440-0020.wav,generated_audios/generated_H2_512C_int8/260-123440-0020_generated.wav,4.995011,1.214287,1.210534,0.2431,0.242349,1.26273,0.902287,1.195906
H2_512C_quantized_resblocks,61-70968-0000.wav,generated_audios/generated_H2_512C_int8/61-70968-0000_generated.wav,4.905034,1.204405,1.200838,0.245545,0.244817,1.260228,0.897889,0.975757
H2_512C_quantized_resblocks,61-70968-0001.wav,generated_audios/generated_H2_512C_int8/61-70968-0001_generated.wav,3.610023,0.865129,0.861614,0.239646,0.238673,1.326046,0.890171,0.928979
H2_512C_quantized_resblocks,61-70968-0002.wav,generated_audios/generated_H2_512C_int8/61-70968-0002_generated.wav,2.970023,0.68377,0.68041,0.230224,0.229093,1.409699,0.840126,0.982296
H2_512C_quantized_resblocks,61-70968-0003.wav,generated_audios/generated_H2_512C_int8/61-70968-0003_generated.wav,4.315011,0.574186,0.57054,0.133067,0.132222,1.44848,0.870383,0.948252
H2_512C_quantized_resblocks,61-70968-0004.wav,generated_audios/generated_H2_512C_int8/61-70968-0004_generated.wav,3.885034,0.921273,0.918274,0.237134,0.236362,1.340968,0.880916,0.943783
H2_512C_quantized_resblocks,61-70968-0005.wav,generated_audios/generated_H2_512C_int8/61-70968-0005_generated.wav,5.070023,0.716422,0.712583,0.141305,0.140548,1.248501,0.820521,1.060193
H2_512C_quantized_resblocks,61-70968-0006.wav,generated_audios/generated_H2_512C_int8/61-70968-0006_generated.wav,2.935011,0.683733,0.680423,0.232958,0.23183,1.344849,0.871533,0.985857
H2_512C_quantized_resblocks,61-70968-0007.wav,generated_audios/generated_H2_512C_int8/61-70968-0007_generated.wav,3.550023,0.477937,0.47434,0.134629,0.133616,1.300498,0.732433,0.970636
H2_512C_quantized_resblocks,61-70968-0008.wav,generated_audios/generated_H2_512C_int8/61-70968-0008_generated.wav,3.535011,0.505522,0.501944,0.143004,0.141992,1.34691,0.902795,0.887578
H2_512C_quantized_resblocks,61-70968-0009.wav,generated_audios/generated_H2_512C_int8/61-70968-0009_generated.wav,4.510023,1.055179,1.051503,0.233963,0.233148,1.32793,0.808947,1.113383
H2_512C_quantized_resblocks,61-70968-0010.wav,generated_audios/generated_H2_512C_int8/61-70968-0010_generated.wav,8.295011,1.943992,1.939848,0.234357,0.233857,1.371501,0.854892,0.938208
H2_512C_quantized_resblocks,61-70968-0011.wav,generated_audios/generated_H2_512C_int8/61-70968-0011_generated.wav,6.375011,1.493719,1.489869,0.234308,0.233704,1.356531,0.895007,0.917622
H2_512C_quantized_resblocks,61-70968-0012.wav,generated_audios/generated_H2_512C_int8/61-70968-0012_generated.wav,2.610023,0.379551,0.376197,0.145421,0.144136,1.767241,0.949967,0.783595
H2_512C_quantized_resblocks,61-70968-0013.wav,generated_audios/generated_H2_512C_int8/61-70968-0013_generated.wav,4.450023,0.600884,0.597263,0.135029,0.134216,1.377405,0.866842,0.962396
H2_512C_quantized_resblocks,61-70968-0014.wav,generated_audios/generated_H2_512C_int8/61-70968-0014_generated.wav,7.485034,1.785498,1.781537,0.238542,0.238013,1.408309,0.888042,0.996425
H2_512C_quantized_resblocks,61-70968-0015.wav,generated_audios/generated_H2_512C_int8/61-70968-0015_generated.wav,5.375011,1.27573,1.272283,0.237345,0.236703,1.485253,0.909424,0.879507
H2_512C_quantized_resblocks,61-70968-0016.wav,generated_audios/generated_H2_512C_int8/61-70968-0016_generated.wav,3.72,0.952088,0.948716,0.255938,0.255031,1.506591,0.928821,0.801407
H2_512C_quantized_resblocks,61-70968-0017.wav,generated_audios/generated_H2_512C_int8/61-70968-0017_generated.wav,5.110023,1.230723,1.227183,0.240845,0.240152,1.379292,0.908977,0.846303
H2_512C_quantized_resblocks,61-70968-0018.wav,generated_audios/generated_H2_512C_int8/61-70968-0018_generated.wav,2.405034,0.546422,0.543053,0.227199,0.225798,1.379051,0.891275,0.987143
H2_512C_quantized_resblocks,61-70968-0019.wav,generated_audios/generated_H2_512C_int8/61-70968-0019_generated.wav,5.475011,1.303093,1.29946,0.238007,0.237344,1.438594,0.87215,0.956874
H2_512C_quantized_resblocks,61-70968-0020.wav,generated_audios/generated_H2_512C_int8/61-70968-0020_generated.wav,5.105034,1.230627,1.227046,0.241062,0.24036,1.640937,0.900617,0.717923
H2_512C_quantized_resblocks,61-70968-0021.wav,generated_audios/generated_H2_512C_int8/61-70968-0021_generated.wav,2.690023,0.623048,0.619574,0.231614,0.230323,1.486364,0.847049,0.95247
H2_512C_quantized_resblocks,61-70968-0022.wav,generated_audios/generated_H2_512C_int8/61-70968-0022_generated.wav,4.670023,0.682992,0.679365,0.14625,0.145473,1.283112,0.862316,1.010211
H2_512C_quantized_resblocks,61-70968-0023.wav,generated_audios/generated_H2_512C_int8/61-70968-0023_generated.wav,5.025034,0.769078,0.765298,0.153049,0.152297,1.595345,0.912515,0.799312
H2_512C_quantized_resblocks,61-70968-0024.wav,generated_audios/generated_H2_512C_int8/61-70968-0024_generated.wav,6.025034,1.472291,1.468443,0.244362,0.243724,1.529989,0.869306,0.828397
H2_512C_quantized_resblocks,61-70968-0025.wav,generated_audios/generated_H2_512C_int8/61-70968-0025_generated.wav,4.410023,0.610665,0.607194,0.138472,0.137685,1.574729,0.899778,0.822802
H2_512C_quantized_resblocks,61-70968-0026.wav,generated_audios/generated_H2_512C_int8/61-70968-0026_generated.wav,4.92,1.159822,1.156038,0.235736,0.234967,1.456719,0.91877,0.860619
H2_512C_quantized_resblocks,61-70968-0027.wav,generated_audios/generated_H2_512C_int8/61-70968-0027_generated.wav,6.870023,1.635529,1.631491,0.238068,0.23748,1.416,0.89511,0.877091
H2_512C_quantized_resblocks,61-70968-0028.wav,generated_audios/generated_H2_512C_int8/61-70968-0028_generated.wav,5.355011,1.273366,1.269724,0.23779,0.237109,1.502555,0.909262,0.857183
H2_512C_quantized_resblocks,61-70968-0029.wav,generated_audios/generated_H2_512C_int8/61-70968-0029_generated.wav,3.495011,0.83657,0.832945,0.239361,0.238324,1.414222,0.907044,0.890236
H2_512C_quantized_resblocks,61-70968-0030.wav,generated_audios/generated_H2_512C_int8/61-70968-0030_generated.wav,5.685034,1.348568,1.344686,0.237214,0.236531,1.470438,0.907111,0.81657
H2_512C_quantized_resblocks,61-70968-0031.wav,generated_audios/generated_H2_512C_int8/61-70968-0031_generated.wav,2.925034,0.687911,0.684658,0.235181,0.234069,1.291708,0.84974,0.890491
H2_512C_quantized_resblocks,61-70968-0032.wav,generated_audios/generated_H2_512C_int8/61-70968-0032_generated.wav,4.28,0.611571,0.608233,0.14289,0.14211,1.482785,0.848217,0.902328
H2_512C_quantized_resblocks,61-70968-0033.wav,generated_audios/generated_H2_512C_int8/61-70968-0033_generated.wav,5.685034,0.788413,0.784666,0.138682,0.138023,1.478504,0.922319,0.877877
H2_512C_quantized_resblocks,61-70968-0034.wav,generated_audios/generated_H2_512C_int8/61-70968-0034_generated.wav,4.230023,1.009723,1.005774,0.238704,0.23777,1.75744,0.92982,0.733905
H2_512C_quantized_resblocks,61-70968-0035.wav,generated_audios/generated_H2_512C_int8/61-70968-0035_generated.wav,7.950023,1.869851,1.865886,0.235201,0.234702,1.39227,0.901777,0.830811
H2_512C_quantized_resblocks,61-70968-0036.wav,generated_audios/generated_H2_512C_int8/61-70968-0036_generated.wav,2.934966,0.39718,0.393741,0.135327,0.134155,1.563618,0.937032,0.877794
H2_512C_quantized_resblocks,61-70968-0037.wav,generated_audios/generated_H2_512C_int8/61-70968-0037_generated.wav,4.315011,0.578243,0.574571,0.134007,0.133156,1.269376,0.834746,1.095206
H2_512C_quantized_resblocks,61-70968-0038.wav,generated_audios/generated_H2_512C_int8/61-70968-0038_generated.wav,2.050023,0.524477,0.52122,0.25584,0.254251,1.440667,0.697472,1.238586
H2_512C_quantized_resblocks,61-70968-0039.wav,generated_audios/generated_H2_512C_int8/61-70968-0039_generated.wav,3.805034,0.872636,0.86894,0.229337,0.228366,1.409127,0.830192,1.107064
H2_512C_quantized_resblocks,61-70968-0040.wav,generated_audios/generated_H2_512C_int8/61-70968-0040_generated.wav,3.950023,0.915068,0.911596,0.231662,0.230783,1.451912,0.88424,0.95554
H2_512C_quantized_resblocks,61-70968-0041.wav,generated_audios/generated_H2_512C_int8/61-70968-0041_generated.wav,6.825034,0.973412,0.969518,0.142624,0.142053,1.498902,0.821884,0.969517
H2_512C_quantized_resblocks,61-70968-0042.wav,generated_audios/generated_H2_512C_int8/61-70968-0042_generated.wav,2.785034,0.388772,0.385458,0.139593,0.138403,1.417644,0.87894,0.919429
H2_512C_quantized_resblocks,61-70968-0043.wav,generated_audios/generated_H2_512C_int8/61-70968-0043_generated.wav,6.735011,1.63988,1.636024,0.243486,0.242913,1.348304,0.795239,0.869464
H2_512C_quantized_resblocks,61-70968-0044.wav,generated_audios/generated_H2_512C_int8/61-70968-0044_generated.wav,2.770023,0.391147,0.387795,0.141207,0.139997,1.329914,0.880751,1.043267
H2_512C_quantized_resblocks,61-70968-0045.wav,generated_audios/generated_H2_512C_int8/61-70968-0045_generated.wav,3.475011,0.486386,0.482573,0.139967,0.13887,1.33789,0.850374,1.03084
H2_512C_quantized_resblocks,61-70968-0046.wav,generated_audios/generated_H2_512C_int8/61-70968-0046_generated.wav,3.550023,0.479276,0.475763,0.135006,0.134017,1.319658,0.878128,0.931315
H2_512C_quantized_resblocks,61-70968-0047.wav,generated_audios/generated_H2_512C_int8/61-70968-0047_generated.wav,4.775011,1.107071,1.103669,0.231847,0.231134,1.459311,0.895934,0.889193
H2_512C_quantized_resblocks,61-70968-0048.wav,generated_audios/generated_H2_512C_int8/61-70968-0048_generated.wav,3.02,0.730179,0.726458,0.241781,0.240549,1.288563,0.868005,1.119246
H2_512C_quantized_resblocks,61-70968-0049.wav,generated_audios/generated_H2_512C_int8/61-70968-0049_generated.wav,8.250023,1.989762,1.986701,0.241183,0.240812,1.402516,0.834044,0.953638
H2_512C_quantized_resblocks,61-70968-0050.wav,generated_audios/generated_H2_512C_int8/61-70968-0050_generated.wav,5.58,1.376215,1.372732,0.246634,0.246009,1.332086,0.81803,0.977452
H2_512C_quantized_resblocks,61-70968-0051.wav,generated_audios/generated_H2_512C_int8/61-70968-0051_generated.wav,3.135011,0.730241,0.726876,0.232931,0.231858,1.429521,0.889404,1.042628
H2_512C_quantized_resblocks,61-70968-0052.wav,generated_audios/generated_H2_512C_int8/61-70968-0052_generated.wav,2.650023,0.592715,0.589377,0.223664,0.222405,1.5652,0.898213,0.763377
H2_512C_quantized_resblocks,61-70968-0053.wav,generated_audios/generated_H2_512C_int8/61-70968-0053_generated.wav,4.22,0.581212,0.577469,0.137728,0.136841,1.342995,0.809974,1.057885
H2_512C_quantized_resblocks,61-70968-0054.wav,generated_audios/generated_H2_512C_int8/61-70968-0054_generated.wav,7.86,1.919291,1.914999,0.244185,0.243639,1.405131,0.885143,0.900711
H2_512C_quantized_resblocks,61-70968-0055.wav,generated_audios/generated_H2_512C_int8/61-70968-0055_generated.wav,3.965034,0.542298,0.538656,0.13677,0.135852,1.463546,0.848781,0.947495
H2_512C_quantized_resblocks,61-70968-0056.wav,generated_audios/generated_H2_512C_int8/61-70968-0056_generated.wav,3.565034,0.847045,0.843471,0.237598,0.236595,1.469021,0.890603,0.920675
H2_512C_quantized_resblocks,61-70968-0057.wav,generated_audios/generated_H2_512C_int8/61-70968-0057_generated.wav,5.065034,0.716479,0.71333,0.141456,0.140834,1.33626,0.868629,0.947084
H2_512C_quantized_resblocks,61-70968-0058.wav,generated_audios/generated_H2_512C_int8/61-70968-0058_generated.wav,1.82,0.430175,0.426903,0.23636,0.234562,1.244555,0.840658,0.982495
H2_512C_quantized_resblocks,61-70968-0059.wav,generated_audios/generated_H2_512C_int8/61-70968-0059_generated.wav,2.170023,0.307825,0.304946,0.141854,0.140527,1.457248,0.916827,1.059615
H2_512C_quantized_resblocks,61-70968-0060.wav,generated_audios/generated_H2_512C_int8/61-70968-0060_generated.wav,3.735011,0.516488,0.513028,0.138283,0.137357,1.633647,0.907083,0.769912
H2_512C_quantized_resblocks,61-70968-0061.wav,generated_audios/generated_H2_512C_int8/61-70968-0061_generated.wav,5.530023,1.355594,1.351897,0.245133,0.244465,1.208045,0.804704,1.264447
H2_512C_quantized_resblocks,61-70968-0062.wav,generated_audios/generated_H2_512C_int8/61-70968-0062_generated.wav,2.555011,0.359147,0.355556,0.140566,0.13916,1.360652,0.807244,0.982427
H2_512C_quantized_resblocks,61-70970-0000.wav,generated_audios/generated_H2_512C_int8/61-70970-0000_generated.wav,6.075011,1.49208,1.488229,0.245609,0.244976,1.306275,0.901047,0.858846
H2_512C_quantized_resblocks,61-70970-0001.wav,generated_audios/generated_H2_512C_int8/61-70970-0001_generated.wav,6.155011,1.503489,1.499692,0.244271,0.243654,1.420739,0.908538,0.86452
H2_512C_quantized_resblocks,61-70970-0002.wav,generated_audios/generated_H2_512C_int8/61-70970-0002_generated.wav,4.165034,1.010673,1.007085,0.242657,0.241795,1.445349,0.816864,1.040824
H2_512C_quantized_resblocks,61-70970-0003.wav,generated_audios/generated_H2_512C_int8/61-70970-0003_generated.wav,3.835011,0.89375,0.89013,0.23305,0.232106,1.599559,0.891759,0.805851
H2_512C_quantized_resblocks,61-70970-0004.wav,generated_audios/generated_H2_512C_int8/61-70970-0004_generated.wav,10.515011,2.574066,2.569661,0.244799,0.24438,1.581775,0.894248,0.833528
H2_512C_quantized_resblocks,61-70970-0005.wav,generated_audios/generated_H2_512C_int8/61-70970-0005_generated.wav,2.02,0.520467,0.517121,0.257657,0.256001,1.424899,0.860164,1.254175
H2_512C_quantized_resblocks,61-70970-0006.wav,generated_audios/generated_H2_512C_int8/61-70970-0006_generated.wav,2.335011,0.557053,0.553612,0.238566,0.237092,1.333948,0.881021,1.077369
H2_512C_quantized_resblocks,61-70970-0007.wav,generated_audios/generated_H2_512C_int8/61-70970-0007_generated.wav,4.485034,1.103421,1.100408,0.246023,0.245351,1.416102,0.86096,1.029712
H2_512C_quantized_resblocks,61-70970-0008.wav,generated_audios/generated_H2_512C_int8/61-70970-0008_generated.wav,2.150023,0.554956,0.551657,0.258116,0.256582,1.534945,0.879828,1.09773
H2_512C_quantized_resblocks,61-70970-0009.wav,generated_audios/generated_H2_512C_int8/61-70970-0009_generated.wav,3.405034,0.847958,0.844599,0.249031,0.248044,1.62887,0.926983,0.759392
H2_512C_quantized_resblocks,61-70970-0010.wav,generated_audios/generated_H2_512C_int8/61-70970-0010_generated.wav,3.045034,0.418833,0.415315,0.137546,0.136391,1.549773,0.867989,0.87694
H2_512C_quantized_resblocks,61-70970-0011.wav,generated_audios/generated_H2_512C_int8/61-70970-0011_generated.wav,6.075011,0.801824,0.797928,0.131987,0.131346,1.506974,0.875051,0.906412
H2_512C_quantized_resblocks,61-70970-0012.wav,generated_audios/generated_H2_512C_int8/61-70970-0012_generated.wav,3.135011,0.424461,0.420976,0.135394,0.134282,1.489795,0.922538,0.833429
H2_512C_quantized_resblocks,61-70970-0013.wav,generated_audios/generated_H2_512C_int8/61-70970-0013_generated.wav,4.350023,1.090178,1.08677,0.250614,0.249831,1.359116,0.894938,0.94401
H2_512C_quantized_resblocks,61-70970-0014.wav,generated_audios/generated_H2_512C_int8/61-70970-0014_generated.wav,3.405034,0.452557,0.448972,0.132908,0.131855,1.52951,0.914607,0.918988
H2_512C_quantized_resblocks,61-70970-0015.wav,generated_audios/generated_H2_512C_int8/61-70970-0015_generated.wav,8.415011,2.109234,2.105108,0.250651,0.250161,1.345636,0.895219,0.969729
H2_512C_quantized_resblocks,61-70970-0016.wav,generated_audios/generated_H2_512C_int8/61-70970-0016_generated.wav,4.370023,1.092427,1.088587,0.249982,0.249103,1.423872,0.914872,0.971382
H2_512C_quantized_resblocks,61-70970-0017.wav,generated_audios/generated_H2_512C_int8/61-70970-0017_generated.wav,2.550023,0.360595,0.357455,0.141408,0.140177,1.262485,0.842244,1.166618
H2_512C_quantized_resblocks,61-70970-0018.wav,generated_audios/generated_H2_512C_int8/61-70970-0018_generated.wav,4.6,1.102545,1.099182,0.239684,0.238953,1.408411,0.863671,1.012065
H2_512C_quantized_resblocks,61-70970-0019.wav,generated_audios/generated_H2_512C_int8/61-70970-0019_generated.wav,3.78,0.934167,0.930795,0.247134,0.246242,1.412392,0.882962,0.998583
H2_512C_quantized_resblocks,61-70970-0020.wav,generated_audios/generated_H2_512C_int8/61-70970-0020_generated.wav,5.025034,0.716336,0.712597,0.142554,0.141809,1.324645,0.803487,1.215415
H2_512C_quantized_resblocks,61-70970-0021.wav,generated_audios/generated_H2_512C_int8/61-70970-0021_generated.wav,5.405034,1.295267,1.29214,0.239641,0.239062,1.405596,0.881421,0.876262
H2_512C_quantized_resblocks,61-70970-0022.wav,generated_audios/generated_H2_512C_int8/61-70970-0022_generated.wav,3.970023,0.531086,0.527633,0.133774,0.132904,1.439348,0.881312,0.942477
H2_512C_quantized_resblocks,61-70970-0023.wav,generated_audios/generated_H2_512C_int8/61-70970-0023_generated.wav,3.705034,0.511846,0.508201,0.138149,0.137165,1.484345,0.903647,0.790875
H2_512C_quantized_resblocks,61-70970-0024.wav,generated_audios/generated_H2_512C_int8/61-70970-0024_generated.wav,7.235011,1.782257,1.778822,0.246338,0.245863,1.434003,0.905052,0.861242
H2_512C_quantized_resblocks,61-70970-0025.wav,generated_audios/generated_H2_512C_int8/61-70970-0025_generated.wav,7.435011,2.026081,2.022123,0.272505,0.271973,1.579215,0.918068,0.838133
H2_512C_quantized_resblocks,61-70970-0026.wav,generated_audios/generated_H2_512C_int8/61-70970-0026_generated.wav,5.475011,0.746187,0.742521,0.13629,0.13562,1.62684,0.886668,0.800171
H2_512C_quantized_resblocks,61-70970-0027.wav,generated_audios/generated_H2_512C_int8/61-70970-0027_generated.wav,5.08,0.681228,0.677749,0.1341,0.133415,1.368232,0.881375,0.87589
H2_512C_quantized_resblocks,61-70970-0028.wav,generated_audios/generated_H2_512C_int8/61-70970-0028_generated.wav,6.550023,0.906685,0.902855,0.138425,0.13784,1.587426,0.92688,0.769632
H2_512C_quantized_resblocks,61-70970-0029.wav,generated_audios/generated_H2_512C_int8/61-70970-0029_generated.wav,4.030023,0.54968,0.546173,0.136396,0.135526,1.51434,0.831141,0.902648
H2_512C_quantized_resblocks,61-70970-0030.wav,generated_audios/generated_H2_512C_int8/61-70970-0030_generated.wav,3.24,0.448162,0.444711,0.138322,0.137256,1.516021,0.882769,0.779835
H2_512C_quantized_resblocks,61-70970-0031.wav,generated_audios/generated_H2_512C_int8/61-70970-0031_generated.wav,5.135011,1.256814,1.253217,0.244754,0.244053,1.309059,0.888756,0.927255
H2_512C_quantized_resblocks,61-70970-0032.wav,generated_audios/generated_H2_512C_int8/61-70970-0032_generated.wav,3.135011,0.42444,0.421072,0.135387,0.134313,1.330117,0.892137,0.9389
H2_512C_quantized_resblocks,61-70970-0033.wav,generated_audios/generated_H2_512C_int8/61-70970-0033_generated.wav,3.42,0.813009,0.809991,0.237722,0.236839,1.436854,0.928206,0.861574
H2_512C_quantized_resblocks,61-70970-0034.wav,generated_audios/generated_H2_512C_int8/61-70970-0034_generated.wav,4.485034,0.595412,0.59196,0.132755,0.131986,1.402948,0.866673,0.875489
H2_512C_quantized_resblocks,61-70970-0035.wav,generated_audios/generated_H2_512C_int8/61-70970-0035_generated.wav,7.405034,1.023463,1.019819,0.138212,0.13772,1.530289,0.905532,0.810863
H2_512C_quantized_resblocks,61-70970-0036.wav,generated_audios/generated_H2_512C_int8/61-70970-0036_generated.wav,6.785034,0.953251,0.949469,0.140493,0.139936,1.408884,0.871396,0.835862
H2_512C_quantized_resblocks,61-70970-0037.wav,generated_audios/generated_H2_512C_int8/61-70970-0037_generated.wav,5.98,1.442428,1.438576,0.241209,0.240565,1.510843,0.879886,0.888221
H2_512C_quantized_resblocks,61-70970-0038.wav,generated_audios/generated_H2_512C_int8/61-70970-0038_generated.wav,10.4,2.592179,2.587866,0.249248,0.248833,1.396404,0.894284,0.889042
H2_512C_quantized_resblocks,61-70970-0039.wav,generated_audios/generated_H2_512C_int8/61-70970-0039_generated.wav,6.665034,0.920446,0.91636,0.138101,0.137488,1.358076,0.849988,0.844838
H2_512C_quantized_resblocks,61-70970-0040.wav,generated_audios/generated_H2_512C_int8/61-70970-0040_generated.wav,4.165034,0.551004,0.547349,0.132293,0.131415,1.445961,0.909459,0.882624
H2_512C_quantized_resblocks,672-122797-0000.wav,generated_audios/generated_H2_512C_int8/672-122797-0000_generated.wav,4.070023,1.014847,1.011232,0.249347,0.248459,1.578176,0.925502,0.872653
H2_512C_quantized_resblocks,672-122797-0001.wav,generated_audios/generated_H2_512C_int8/672-122797-0001_generated.wav,15.130023,3.806882,3.802848,0.251611,0.251345,1.788737,0.938098,0.864263
H2_512C_quantized_resblocks,672-122797-0002.wav,generated_audios/generated_H2_512C_int8/672-122797-0002_generated.wav,13.62,3.419095,3.41449,0.251035,0.250697,1.572438,0.917444,0.940178
H2_512C_quantized_resblocks,672-122797-0003.wav,generated_audios/generated_H2_512C_int8/672-122797-0003_generated.wav,4.76,1.181427,1.17778,0.248199,0.247433,1.324565,0.794175,1.147671
H2_512C_quantized_resblocks,672-122797-0004.wav,generated_audios/generated_H2_512C_int8/672-122797-0004_generated.wav,10.250023,2.490343,2.486186,0.24296,0.242554,1.449381,0.837342,1.089192
H2_512C_quantized_resblocks,672-122797-0005.wav,generated_audios/generated_H2_512C_int8/672-122797-0005_generated.wav,3.26,0.837396,0.834141,0.25687,0.255871,1.230553,0.743217,1.151225
H2_512C_quantized_resblocks,672-122797-0006.wav,generated_audios/generated_H2_512C_int8/672-122797-0006_generated.wav,13.950023,3.53508,3.531089,0.25341,0.253124,1.342277,0.713779,1.103981
H2_512C_quantized_resblocks,672-122797-0007.wav,generated_audios/generated_H2_512C_int8/672-122797-0007_generated.wav,6.42,1.535438,1.531552,0.239165,0.23856,1.332397,0.731054,1.166767
H2_512C_quantized_resblocks,672-122797-0008.wav,generated_audios/generated_H2_512C_int8/672-122797-0008_generated.wav,30.810023,8.152048,8.145604,0.264591,0.264382,1.306687,0.729498,1.115655
H2_512C_quantized_resblocks,672-122797-0009.wav,generated_audios/generated_H2_512C_int8/672-122797-0009_generated.wav,2.765034,0.385955,0.382483,0.139584,0.138328,1.557128,0.81319,0.944493
H2_512C_quantized_resblocks,672-122797-0010.wav,generated_audios/generated_H2_512C_int8/672-122797-0010_generated.wav,3.815011,0.526742,0.523791,0.138071,0.137297,1.256534,0.790359,1.023213
H2_512C_quantized_resblocks,672-122797-0011.wav,generated_audios/generated_H2_512C_int8/672-122797-0011_generated.wav,2.54,0.636901,0.63351,0.250748,0.249413,1.439898,0.877814,0.885406
H2_512C_quantized_resblocks,672-122797-0012.wav,generated_audios/generated_H2_512C_int8/672-122797-0012_generated.wav,7.765034,1.899173,1.895212,0.24458,0.24407,1.332067,0.816532,0.950723
H2_512C_quantized_resblocks,672-122797-0013.wav,generated_audios/generated_H2_512C_int8/672-122797-0013_generated.wav,8.705034,2.104997,2.10119,0.241814,0.241376,1.480518,0.76933,1.080388
H2_512C_quantized_resblocks,672-122797-0014.wav,generated_audios/generated_H2_512C_int8/672-122797-0014_generated.wav,2.555011,0.357272,0.354142,0.139832,0.138607,1.469584,0.884177,1.013244
H2_512C_quantized_resblocks,672-122797-0015.wav,generated_audios/generated_H2_512C_int8/672-122797-0015_generated.wav,4.455011,0.602877,0.599267,0.135326,0.134515,1.434578,0.840315,0.946022
H2_512C_quantized_resblocks,672-122797-0016.wav,generated_audios/generated_H2_512C_int8/672-122797-0016_generated.wav,9.215011,2.222073,2.218094,0.241136,0.240704,1.441691,0.799914,1.074361
H2_512C_quantized_resblocks,672-122797-0017.wav,generated_audios/generated_H2_512C_int8/672-122797-0017_generated.wav,4.82,1.155936,1.152242,0.239821,0.239054,1.770301,0.846182,0.836733
H2_512C_quantized_resblocks,672-122797-0018.wav,generated_audios/generated_H2_512C_int8/672-122797-0018_generated.wav,4.930023,1.214216,1.210548,0.24629,0.245546,1.23599,0.723781,1.068317
H2_512C_quantized_resblocks,672-122797-0019.wav,generated_audios/generated_H2_512C_int8/672-122797-0019_generated.wav,4.110023,0.983716,0.980024,0.239346,0.238447,1.261878,0.726853,1.162508
H2_512C_quantized_resblocks,672-122797-0020.wav,generated_audios/generated_H2_512C_int8/672-122797-0020_generated.wav,8.825034,2.16831,2.164257,0.2457,0.245241,1.244485,0.729677,1.260356
H2_512C_quantized_resblocks,672-122797-0021.wav,generated_audios/generated_H2_512C_int8/672-122797-0021_generated.wav,4.150023,0.567811,0.564156,0.136821,0.13594,1.316519,0.860027,1.061518
H2_512C_quantized_resblocks,672-122797-0022.wav,generated_audios/generated_H2_512C_int8/672-122797-0022_generated.wav,19.004943,4.614136,4.609312,0.242786,0.242532,1.36459,0.702809,1.131682
H2_512C_quantized_resblocks,672-122797-0023.wav,generated_audios/generated_H2_512C_int8/672-122797-0023_generated.wav,9.695102,2.341748,2.337418,0.241539,0.241093,1.294452,0.779177,1.078316
H2_512C_quantized_resblocks,672-122797-0024.wav,generated_audios/generated_H2_512C_int8/672-122797-0024_generated.wav,4.130023,1.017602,1.01404,0.246391,0.245529,1.241932,0.678413,1.35089
H2_512C_quantized_resblocks,672-122797-0025.wav,generated_audios/generated_H2_512C_int8/672-122797-0025_generated.wav,10.690023,2.618058,2.614029,0.244907,0.24453,1.501163,0.883351,0.979612
H2_512C_quantized_resblocks,672-122797-0026.wav,generated_audios/generated_H2_512C_int8/672-122797-0026_generated.wav,13.96,3.390393,3.386054,0.242865,0.242554,1.218701,0.71451,1.067882
H2_512C_quantized_resblocks,672-122797-0027.wav,generated_audios/generated_H2_512C_int8/672-122797-0027_generated.wav,4.790023,0.64818,0.645021,0.135319,0.134659,1.215288,0.6431,1.283513
H2_512C_quantized_resblocks,672-122797-0028.wav,generated_audios/generated_H2_512C_int8/672-122797-0028_generated.wav,2.610023,0.386186,0.382865,0.147963,0.14669,1.414349,0.832012,1.066029
H2_512C_quantized_resblocks,672-122797-0029.wav,generated_audios/generated_H2_512C_int8/672-122797-0029_generated.wav,3.050023,0.418464,0.415034,0.1372,0.136076,1.894332,0.875591,1.024171
H2_512C_quantized_resblocks,672-122797-0030.wav,generated_audios/generated_H2_512C_int8/672-122797-0030_generated.wav,4.575011,1.103666,1.100124,0.241238,0.240464,1.450534,0.871311,1.065115
H2_512C_quantized_resblocks,672-122797-0031.wav,generated_audios/generated_H2_512C_int8/672-122797-0031_generated.wav,3.98,0.551616,0.547826,0.138597,0.137645,1.876584,0.790952,1.001992
H2_512C_quantized_resblocks,672-122797-0032.wav,generated_audios/generated_H2_512C_int8/672-122797-0032_generated.wav,4.0,0.563446,0.559982,0.140862,0.139996,1.26606,0.711656,1.137305
H2_512C_quantized_resblocks,672-122797-0033.wav,generated_audios/generated_H2_512C_int8/672-122797-0033_generated.wav,1.285034,0.355395,0.352141,0.276564,0.274032,1.851022,0.793102,0.974116
H2_512C_quantized_resblocks,672-122797-0034.wav,generated_audios/generated_H2_512C_int8/672-122797-0034_generated.wav,5.110023,0.706151,0.7023,0.138189,0.137436,1.368567,0.861317,1.013829
H2_512C_quantized_resblocks,672-122797-0035.wav,generated_audios/generated_H2_512C_int8/672-122797-0035_generated.wav,2.9,0.403913,0.400465,0.13928,0.138091,1.918421,0.932661,0.874983
H2_512C_quantized_resblocks,672-122797-0036.wav,generated_audios/generated_H2_512C_int8/672-122797-0036_generated.wav,5.365034,0.730012,0.726393,0.136068,0.135394,1.576544,0.80706,0.84387
H2_512C_quantized_resblocks,672-122797-0037.wav,generated_audios/generated_H2_512C_int8/672-122797-0037_generated.wav,1.96,0.474011,0.470713,0.241842,0.240159,1.739149,0.857376,0.845679
H2_512C_quantized_resblocks,672-122797-0038.wav,generated_audios/generated_H2_512C_int8/672-122797-0038_generated.wav,8.8,2.11799,2.11401,0.240681,0.240228,1.406288,0.751365,1.095429
H2_512C_quantized_resblocks,672-122797-0039.wav,generated_audios/generated_H2_512C_int8/672-122797-0039_generated.wav,4.025034,0.986695,0.983283,0.24514,0.244292,1.613844,0.855163,0.964377
H2_512C_quantized_resblocks,672-122797-0040.wav,generated_audios/generated_H2_512C_int8/672-122797-0040_generated.wav,5.125034,0.7008,0.696855,0.13674,0.135971,1.347319,0.705442,1.19358
H2_512C_quantized_resblocks,672-122797-0041.wav,generated_audios/generated_H2_512C_int8/672-122797-0041_generated.wav,3.88,0.533256,0.529752,0.137437,0.136534,1.320935,0.760487,1.17125
H2_512C_quantized_resblocks,672-122797-0042.wav,generated_audios/generated_H2_512C_int8/672-122797-0042_generated.wav,15.310023,3.686043,3.681653,0.24076,0.240473,1.367757,0.605229,1.293508
H2_512C_quantized_resblocks,672-122797-0043.wav,generated_audios/generated_H2_512C_int8/672-122797-0043_generated.wav,3.78,0.518018,0.514888,0.137042,0.136214,1.34325,0.74469,1.128983
H2_512C_quantized_resblocks,672-122797-0044.wav,generated_audios/generated_H2_512C_int8/672-122797-0044_generated.wav,3.74,0.519247,0.515797,0.138836,0.137914,1.347102,0.717069,1.180773
H2_512C_quantized_resblocks,672-122797-0045.wav,generated_audios/generated_H2_512C_int8/672-122797-0045_generated.wav,13.96,1.871501,1.866815,0.134062,0.133726,1.374936,0.864683,0.99351
H2_512C_quantized_resblocks,672-122797-0046.wav,generated_audios/generated_H2_512C_int8/672-122797-0046_generated.wav,4.715011,1.142874,1.139041,0.242391,0.241578,1.38476,0.813991,1.123822
H2_512C_quantized_resblocks,672-122797-0047.wav,generated_audios/generated_H2_512C_int8/672-122797-0047_generated.wav,3.325034,0.829998,0.827846,0.249621,0.248974,1.895045,0.865309,0.795594
H2_512C_quantized_resblocks,672-122797-0048.wav,generated_audios/generated_H2_512C_int8/672-122797-0048_generated.wav,6.555011,0.895522,0.891872,0.136616,0.13606,1.294864,0.644946,1.17951
H2_512C_quantized_resblocks,672-122797-0049.wav,generated_audios/generated_H2_512C_int8/672-122797-0049_generated.wav,2.02,0.289131,0.285719,0.143134,0.141445,1.699039,0.650918,1.281785
H2_512C_quantized_resblocks,672-122797-0050.wav,generated_audios/generated_H2_512C_int8/672-122797-0050_generated.wav,4.855011,1.184252,1.180545,0.243924,0.24316,1.303137,0.754065,1.091371
H2_512C_quantized_resblocks,672-122797-0051.wav,generated_audios/generated_H2_512C_int8/672-122797-0051_generated.wav,4.665034,1.136534,1.132807,0.243628,0.242829,1.44919,0.737508,1.075276
H2_512C_quantized_resblocks,672-122797-0052.wav,generated_audios/generated_H2_512C_int8/672-122797-0052_generated.wav,4.285034,1.006757,1.003141,0.234947,0.234103,1.480262,0.89128,0.947545
H2_512C_quantized_resblocks,672-122797-0053.wav,generated_audios/generated_H2_512C_int8/672-122797-0053_generated.wav,2.955011,0.420722,0.417232,0.142376,0.141195,1.167991,0.733602,1.1077
H2_512C_quantized_resblocks,672-122797-0054.wav,generated_audios/generated_H2_512C_int8/672-122797-0054_generated.wav,4.250023,0.587894,0.584159,0.138327,0.137448,1.489986,0.715297,0.933415
H2_512C_quantized_resblocks,672-122797-0055.wav,generated_audios/generated_H2_512C_int8/672-122797-0055_generated.wav,8.230023,1.965368,1.961397,0.238805,0.238322,1.356776,0.706547,1.093222
H2_512C_quantized_resblocks,672-122797-0056.wav,generated_audios/generated_H2_512C_int8/672-122797-0056_generated.wav,5.225034,0.714273,0.710568,0.136702,0.135993,1.344764,0.798685,1.006913
H2_512C_quantized_resblocks,672-122797-0057.wav,generated_audios/generated_H2_512C_int8/672-122797-0057_generated.wav,6.56,0.889493,0.885484,0.135593,0.134982,1.46876,0.658299,1.07919
H2_512C_quantized_resblocks,672-122797-0058.wav,generated_audios/generated_H2_512C_int8/672-122797-0058_generated.wav,4.470023,1.100846,1.097609,0.246273,0.245549,1.320707,0.683834,1.193318
H2_512C_quantized_resblocks,672-122797-0059.wav,generated_audios/generated_H2_512C_int8/672-122797-0059_generated.wav,3.52,0.839313,0.835693,0.238441,0.237413,1.430827,0.758562,1.15176
H2_512C_quantized_resblocks,672-122797-0060.wav,generated_audios/generated_H2_512C_int8/672-122797-0060_generated.wav,3.350023,0.497766,0.494411,0.148586,0.147584,1.603817,0.901493,1.074675
H2_512C_quantized_resblocks,672-122797-0061.wav,generated_audios/generated_H2_512C_int8/672-122797-0061_generated.wav,7.590023,1.826861,1.822907,0.240692,0.240172,1.660384,0.877135,0.963886
H2_512C_quantized_resblocks,672-122797-0062.wav,generated_audios/generated_H2_512C_int8/672-122797-0062_generated.wav,2.675011,0.67304,0.669176,0.251603,0.250158,1.315355,0.579758,1.426565
H2_512C_quantized_resblocks,672-122797-0063.wav,generated_audios/generated_H2_512C_int8/672-122797-0063_generated.wav,5.075011,0.690589,0.686806,0.136076,0.135331,1.454314,0.797261,1.22313
H2_512C_quantized_resblocks,672-122797-0064.wav,generated_audios/generated_H2_512C_int8/672-122797-0064_generated.wav,15.270023,3.709216,3.704435,0.242908,0.242595,1.479344,0.761303,0.98734
H2_512C_quantized_resblocks,672-122797-0065.wav,generated_audios/generated_H2_512C_int8/672-122797-0065_generated.wav,3.030023,0.433426,0.42976,0.143044,0.141834,1.306043,0.7444,1.224516
H2_512C_quantized_resblocks,672-122797-0066.wav,generated_audios/generated_H2_512C_int8/672-122797-0066_generated.wav,4.815011,0.659194,0.655768,0.136904,0.136193,1.497575,0.899694,0.969506
H2_512C_quantized_resblocks,672-122797-0067.wav,generated_audios/generated_H2_512C_int8/672-122797-0067_generated.wav,13.035011,3.125751,3.12122,0.239797,0.239449,1.395967,0.833063,1.00189
H2_512C_quantized_resblocks,672-122797-0068.wav,generated_audios/generated_H2_512C_int8/672-122797-0068_generated.wav,4.02,0.540776,0.537191,0.134521,0.13363,1.268576,0.69133,1.276054
H2_512C_quantized_resblocks,672-122797-0069.wav,generated_audios/generated_H2_512C_int8/672-122797-0069_generated.wav,5.010023,1.224062,1.220468,0.244323,0.243605,1.353075,0.723893,1.17187
H2_512C_quantized_resblocks,672-122797-0070.wav,generated_audios/generated_H2_512C_int8/672-122797-0070_generated.wav,6.270023,1.490324,1.486201,0.23769,0.237033,1.379864,0.857602,1.055455
H2_512C_quantized_resblocks,672-122797-0071.wav,generated_audios/generated_H2_512C_int8/672-122797-0071_generated.wav,8.875011,2.152346,2.148482,0.242518,0.242082,1.40261,0.887963,0.979782
H2_512C_quantized_resblocks,672-122797-0072.wav,generated_audios/generated_H2_512C_int8/672-122797-0072_generated.wav,7.94,1.902045,1.897994,0.239552,0.239042,1.360942,0.754702,1.109726
H2_512C_quantized_resblocks,672-122797-0073.wav,generated_audios/generated_H2_512C_int8/672-122797-0073_generated.wav,8.205034,1.997956,1.993971,0.243504,0.243018,1.390626,0.857068,1.070179
H2_512C_quantized_resblocks,672-122797-0074.wav,generated_audios/generated_H2_512C_int8/672-122797-0074_generated.wav,8.730023,2.094209,2.090145,0.239886,0.23942,1.420519,0.586679,1.339036
H2_512C_quantized_resblocks,908-157963-0000.wav,generated_audios/generated_H2_512C_int8/908-157963-0000_generated.wav,12.62,2.99667,2.992461,0.237454,0.237121,1.351738,0.831857,1.065517
H2_512C_quantized_resblocks,908-157963-0001.wav,generated_audios/generated_H2_512C_int8/908-157963-0001_generated.wav,2.885034,0.716976,0.713439,0.248515,0.24729,1.461467,0.910902,1.050559
H2_512C_quantized_resblocks,908-157963-0002.wav,generated_audios/generated_H2_512C_int8/908-157963-0002_generated.wav,2.755011,0.656602,0.653045,0.23833,0.237039,1.492416,0.88622,1.035524
H2_512C_quantized_resblocks,908-157963-0003.wav,generated_audios/generated_H2_512C_int8/908-157963-0003_generated.wav,3.08,0.760214,0.756717,0.246823,0.245687,1.463578,0.908342,0.907293
H2_512C_quantized_resblocks,908-157963-0004.wav,generated_audios/generated_H2_512C_int8/908-157963-0004_generated.wav,13.990023,3.359313,3.354914,0.240122,0.239808,1.399247,0.817147,1.005447
H2_512C_quantized_resblocks,908-157963-0005.wav,generated_audios/generated_H2_512C_int8/908-157963-0005_generated.wav,7.035011,1.706066,1.702008,0.242511,0.241934,1.351518,0.844715,1.163473
H2_512C_quantized_resblocks,908-157963-0006.wav,generated_audios/generated_H2_512C_int8/908-157963-0006_generated.wav,8.110023,1.968744,1.964828,0.242754,0.242272,1.397385,0.840506,0.989246
H2_512C_quantized_resblocks,908-157963-0007.wav,generated_audios/generated_H2_512C_int8/908-157963-0007_generated.wav,32.770023,8.682399,8.67555,0.264949,0.26474,1.336492,0.85381,1.018865
H2_512C_quantized_resblocks,908-157963-0008.wav,generated_audios/generated_H2_512C_int8/908-157963-0008_generated.wav,19.950023,4.963445,4.957771,0.248794,0.24851,1.376034,0.842825,1.028389
H2_512C_quantized_resblocks,908-157963-0009.wav,generated_audios/generated_H2_512C_int8/908-157963-0009_generated.wav,4.06,0.99993,0.99611,0.246288,0.245347,1.3786,0.883848,0.940814
H2_512C_quantized_resblocks,908-157963-0010.wav,generated_audios/generated_H2_512C_int8/908-157963-0010_generated.wav,6.28,0.825317,0.821368,0.13142,0.130791,1.289454,0.672017,1.176795
H2_512C_quantized_resblocks,908-157963-0011.wav,generated_audios/generated_H2_512C_int8/908-157963-0011_generated.wav,10.395011,1.397125,1.392789,0.134403,0.133986,1.264234,0.791344,1.017555
H2_512C_quantized_resblocks,908-157963-0012.wav,generated_audios/generated_H2_512C_int8/908-157963-0012_generated.wav,10.090023,2.445696,2.441654,0.242388,0.241987,1.275559,0.756306,1.151312
H2_512C_quantized_resblocks,908-157963-0013.wav,generated_audios/generated_H2_512C_int8/908-157963-0013_generated.wav,4.315011,0.58623,0.582776,0.135858,0.135058,1.247083,0.862348,1.22471
H2_512C_quantized_resblocks,908-157963-0014.wav,generated_audios/generated_H2_512C_int8/908-157963-0014_generated.wav,4.52,0.618868,0.615559,0.136918,0.136186,1.488295,0.881015,1.158951
H2_512C_quantized_resblocks,908-157963-0015.wav,generated_audios/generated_H2_512C_int8/908-157963-0015_generated.wav,14.465034,3.483135,3.478497,0.240797,0.240476,1.473446,0.895734,1.043332
H2_512C_quantized_resblocks,908-157963-0016.wav,generated_audios/generated_H2_512C_int8/908-157963-0016_generated.wav,5.105034,0.687784,0.68424,0.134727,0.134032,1.438755,0.921524,1.134603
H2_512C_quantized_resblocks,908-157963-0017.wav,generated_audios/generated_H2_512C_int8/908-157963-0017_generated.wav,4.950023,1.168448,1.165151,0.236049,0.235383,1.593942,0.903618,0.907777
H2_512C_quantized_resblocks,908-157963-0018.wav,generated_audios/generated_H2_512C_int8/908-157963-0018_generated.wav,4.255011,0.561464,0.55794,0.131954,0.131125,1.468791,0.864646,0.937781
H2_512C_quantized_resblocks,908-157963-0019.wav,generated_audios/generated_H2_512C_int8/908-157963-0019_generated.wav,21.44,5.318286,5.312761,0.248054,0.247797,1.34969,0.847836,1.173222
H2_512C_quantized_resblocks,908-157963-0020.wav,generated_audios/generated_H2_512C_int8/908-157963-0020_generated.wav,9.8,2.357786,2.353643,0.24059,0.240168,1.367316,0.870441,1.154871
H2_512C_quantized_resblocks,908-157963-0021.wav,generated_audios/generated_H2_512C_int8/908-157963-0021_generated.wav,10.24,1.40358,1.399766,0.137068,0.136696,1.440106,0.855706,1.071511
H2_512C_quantized_resblocks,908-157963-0022.wav,generated_audios/generated_H2_512C_int8/908-157963-0022_generated.wav,4.610023,1.13109,1.127619,0.245354,0.244602,1.246834,0.780134,1.109671
H2_512C_quantized_resblocks,908-157963-0023.wav,generated_audios/generated_H2_512C_int8/908-157963-0023_generated.wav,9.625034,2.299186,2.295188,0.238876,0.23846,1.368571,0.751384,1.066683
H2_512C_quantized_resblocks,908-157963-0024.wav,generated_audios/generated_H2_512C_int8/908-157963-0024_generated.wav,3.44,0.841064,0.837978,0.244495,0.243598,1.285614,0.851186,1.187091
H2_512C_quantized_resblocks,908-157963-0025.wav,generated_audios/generated_H2_512C_int8/908-157963-0025_generated.wav,9.265034,2.206365,2.202301,0.238139,0.2377,1.293276,0.791466,1.197461
H2_512C_quantized_resblocks,908-157963-0026.wav,generated_audios/generated_H2_512C_int8/908-157963-0026_generated.wav,8.1,1.956172,1.952155,0.241503,0.241007,1.388278,0.811718,1.074394
H2_512C_quantized_resblocks,908-157963-0027.wav,generated_audios/generated_H2_512C_int8/908-157963-0027_generated.wav,5.225034,0.694288,0.690664,0.132877,0.132184,1.285455,0.702808,1.237092
H2_512C_quantized_resblocks,908-157963-0028.wav,generated_audios/generated_H2_512C_int8/908-157963-0028_generated.wav,4.955011,0.657678,0.654084,0.13273,0.132004,1.480606,0.901912,0.936631
H2_512C_quantized_resblocks,908-157963-0029.wav,generated_audios/generated_H2_512C_int8/908-157963-0029_generated.wav,3.630023,0.871973,0.868411,0.240212,0.23923,1.509989,0.941716,0.983891
H2_512C_quantized_resblocks,908-157963-0030.wav,generated_audios/generated_H2_512C_int8/908-157963-0030_generated.wav,4.52,0.601806,0.598528,0.133143,0.132418,1.38012,0.882107,1.095402
H2_512C_quantized_resblocks,908-31957-0000.wav,generated_audios/generated_H2_512C_int8/908-31957-0000_generated.wav,2.125034,0.50367,0.500273,0.237017,0.235419,1.647898,0.91293,1.231592
H2_512C_quantized_resblocks,908-31957-0001.wav,generated_audios/generated_H2_512C_int8/908-31957-0001_generated.wav,11.315011,2.717099,2.712808,0.240132,0.239753,1.29132,0.867433,1.181581
H2_512C_quantized_resblocks,908-31957-0002.wav,generated_audios/generated_H2_512C_int8/908-31957-0002_generated.wav,4.790023,0.646207,0.643072,0.134907,0.134252,1.326217,0.886174,1.284652
H2_512C_quantized_resblocks,908-31957-0003.wav,generated_audios/generated_H2_512C_int8/908-31957-0003_generated.wav,6.565034,0.891366,0.887561,0.135775,0.135195,1.391451,0.859685,0.976042
H2_512C_quantized_resblocks,908-31957-0004.wav,generated_audios/generated_H2_512C_int8/908-31957-0004_generated.wav,14.755011,3.53567,3.531005,0.239625,0.239309,1.387883,0.877038,1.096121
H2_512C_quantized_resblocks,908-31957-0005.wav,generated_audios/generated_H2_512C_int8/908-31957-0005_generated.wav,4.490023,0.617108,0.613275,0.13744,0.136586,1.374575,0.871004,1.356309
H2_512C_quantized_resblocks,908-31957-0006.wav,generated_audios/generated_H2_512C_int8/908-31957-0006_generated.wav,5.890023,1.396593,1.392924,0.237112,0.236489,1.437833,0.884174,1.306079
H2_512C_quantized_resblocks,908-31957-0007.wav,generated_audios/generated_H2_512C_int8/908-31957-0007_generated.wav,5.8,0.778398,0.774647,0.134207,0.13356,1.448929,0.883603,1.123359
H2_512C_quantized_resblocks,908-31957-0008.wav,generated_audios/generated_H2_512C_int8/908-31957-0008_generated.wav,10.005034,2.3735,2.369138,0.237231,0.236795,1.396809,0.86284,1.155041
H2_512C_quantized_resblocks,908-31957-0009.wav,generated_audios/generated_H2_512C_int8/908-31957-0009_generated.wav,7.705034,1.829246,1.825248,0.237409,0.23689,1.349361,0.88477,1.125984
H2_512C_quantized_resblocks,908-31957-0010.wav,generated_audios/generated_H2_512C_int8/908-31957-0010_generated.wav,2.510023,0.585215,0.582208,0.233151,0.231953,1.281504,0.654252,1.605734
H2_512C_quantized_resblocks,908-31957-0011.wav,generated_audios/generated_H2_512C_int8/908-31957-0011_generated.wav,2.335011,0.33153,0.32817,0.141982,0.140543,1.415381,0.752277,1.16481
H2_512C_quantized_resblocks,908-31957-0012.wav,generated_audios/generated_H2_512C_int8/908-31957-0012_generated.wav,7.615011,1.835563,1.83189,0.241045,0.240563,1.386293,0.831189,1.197608
H2_512C_quantized_resblocks,908-31957-0013.wav,generated_audios/generated_H2_512C_int8/908-31957-0013_generated.wav,6.18,1.497465,1.493694,0.242308,0.241698,1.475312,0.827121,1.262925
H2_512C_quantized_resblocks,908-31957-0014.wav,generated_audios/generated_H2_512C_int8/908-31957-0014_generated.wav,7.56,1.820248,1.816063,0.240774,0.24022,1.278965,0.850776,1.306571
H2_512C_quantized_resblocks,908-31957-0015.wav,generated_audios/generated_H2_512C_int8/908-31957-0015_generated.wav,21.465034,5.358917,5.352677,0.249658,0.249367,1.25026,0.82126,1.359654
H2_512C_quantized_resblocks,908-31957-0016.wav,generated_audios/generated_H2_512C_int8/908-31957-0016_generated.wav,6.48,1.540806,1.53754,0.237779,0.237275,1.448237,0.867822,1.311204
H2_512C_quantized_resblocks,908-31957-0017.wav,generated_audios/generated_H2_512C_int8/908-31957-0017_generated.wav,7.795011,1.871662,1.867641,0.24011,0.239594,1.288566,0.857928,1.322924
H2_512C_quantized_resblocks,908-31957-0018.wav,generated_audios/generated_H2_512C_int8/908-31957-0018_generated.wav,3.915011,0.940546,0.937404,0.240241,0.239438,1.279619,0.864577,1.24812
H2_512C_quantized_resblocks,908-31957-0019.wav,generated_audios/generated_H2_512C_int8/908-31957-0019_generated.wav,9.54,2.308238,2.304246,0.241954,0.241535,1.453727,0.887461,1.115912
H2_512C_quantized_resblocks,908-31957-0020.wav,generated_audios/generated_H2_512C_int8/908-31957-0020_generated.wav,5.895011,0.779072,0.775105,0.132158,0.131485,1.374536,0.855321,1.205771
H2_512C_quantized_resblocks,908-31957-0021.wav,generated_audios/generated_H2_512C_int8/908-31957-0021_generated.wav,10.905034,2.647972,2.643494,0.242821,0.24241,1.37625,0.869804,1.197493
H2_512C_quantized_resblocks,908-31957-0022.wav,generated_audios/generated_H2_512C_int8/908-31957-0022_generated.wav,14.1,3.457698,3.453235,0.245227,0.24491,1.288033,0.836829,1.180867
H2_512C_quantized_resblocks,908-31957-0023.wav,generated_audios/generated_H2_512C_int8/908-31957-0023_generated.wav,8.515011,2.083273,2.079767,0.244659,0.244247,1.388538,0.882503,1.352599
H2_512C_quantized_resblocks,908-31957-0024.wav,generated_audios/generated_H2_512C_int8/908-31957-0024_generated.wav,7.54,1.858536,1.854563,0.24649,0.245963,1.343693,0.83246,1.341693
H2_512C_quantized_resblocks,908-31957-0025.wav,generated_audios/generated_H2_512C_int8/908-31957-0025_generated.wav,20.56,5.301794,5.29624,0.257869,0.257599,1.278423,0.859828,1.500698
