experiment_name,audio_file,generated_file,audio_duration,inference_time,generator_time,avg_rtf,avg_generator_rtf,pesq,stoi,mel_l1
H2_128C_quantized_no_output,1089-134686-0000.wav,generated_audios/generated_H2_128C_int8/1089-134686-0000_generated.wav,10.435011,0.277906,0.274307,0.026632,0.026287,1.113926,0.820133,1.641106
H2_128C_quantized_no_output,1089-134686-0001.wav,generated_audios/generated_H2_128C_int8/1089-134686-0001_generated.wav,3.275011,0.095459,0.091862,0.029148,0.028049,1.077123,0.777155,1.845023
H2_128C_quantized_no_output,1089-134686-0002.wav,generated_audios/generated_H2_128C_int8/1089-134686-0002_generated.wav,6.625034,0.172111,0.168417,0.025979,0.025421,1.117863,0.806879,1.680807
H2_128C_quantized_no_output,1089-134686-0003.wav,generated_audios/generated_H2_128C_int8/1089-134686-0003_generated.wav,2.68,0.082243,0.079028,0.030688,0.029488,1.1453,0.829345,1.766972
H2_128C_quantized_no_output,1089-134686-0004.wav,generated_audios/generated_H2_128C_int8/1089-134686-0004_generated.wav,5.215102,0.140129,0.136486,0.02687,0.026171,1.146575,0.879891,1.621915
H2_128C_quantized_no_output,1089-134686-0005.wav,generated_audios/generated_H2_128C_int8/1089-134686-0005_generated.wav,9.635011,0.24877,0.244887,0.025819,0.025416,1.071958,0.770375,1.811912
H2_128C_quantized_no_output,1089-134686-0006.wav,generated_audios/generated_H2_128C_int8/1089-134686-0006_generated.wav,10.555011,0.274199,0.270049,0.025978,0.025585,1.120622,0.802654,1.723931
H2_128C_quantized_no_output,1089-134686-0007.wav,generated_audios/generated_H2_128C_int8/1089-134686-0007_generated.wav,4.275011,0.122336,0.118915,0.028617,0.027816,1.074849,0.790015,1.905082
H2_128C_quantized_no_output,1089-134686-0008.wav,generated_audios/generated_H2_128C_int8/1089-134686-0008_generated.wav,6.730023,0.18293,0.178793,0.027181,0.026567,1.078261,0.798622,1.764637
H2_128C_quantized_no_output,1089-134686-0009.wav,generated_audios/generated_H2_128C_int8/1089-134686-0009_generated.wav,10.575011,0.277124,0.272539,0.026206,0.025772,1.120794,0.848177,1.777874
H2_128C_quantized_no_output,1089-134686-0010.wav,generated_audios/generated_H2_128C_int8/1089-134686-0010_generated.wav,4.405034,0.1221,0.118721,0.027718,0.026951,1.231708,0.859731,1.445988
H2_128C_quantized_no_output,1089-134686-0011.wav,generated_audios/generated_H2_128C_int8/1089-134686-0011_generated.wav,12.445034,0.317797,0.314513,0.025536,0.025272,1.08926,0.814071,1.646756
H2_128C_quantized_no_output,1089-134686-0012.wav,generated_audios/generated_H2_128C_int8/1089-134686-0012_generated.wav,11.64,0.298035,0.293865,0.025604,0.025246,1.114364,0.79331,1.767247
H2_128C_quantized_no_output,1089-134686-0013.wav,generated_audios/generated_H2_128C_int8/1089-134686-0013_generated.wav,7.915011,0.20991,0.20597,0.02652,0.026023,1.092413,0.81064,1.740977
H2_128C_quantized_no_output,1089-134686-0014.wav,generated_audios/generated_H2_128C_int8/1089-134686-0014_generated.wav,2.225034,0.070908,0.067672,0.031868,0.030414,1.210266,0.842481,1.734662
H2_128C_quantized_no_output,1089-134686-0015.wav,generated_audios/generated_H2_128C_int8/1089-134686-0015_generated.wav,5.815011,0.161902,0.158025,0.027842,0.027175,1.144753,0.81011,1.900967
H2_128C_quantized_no_output,1089-134686-0016.wav,generated_audios/generated_H2_128C_int8/1089-134686-0016_generated.wav,3.54,0.104708,0.101447,0.029579,0.028657,1.111068,0.831004,1.698505
H2_128C_quantized_no_output,1089-134686-0017.wav,generated_audios/generated_H2_128C_int8/1089-134686-0017_generated.wav,8.870023,0.237315,0.233465,0.026755,0.026321,1.092433,0.833732,1.631659
H2_128C_quantized_no_output,1089-134686-0018.wav,generated_audios/generated_H2_128C_int8/1089-134686-0018_generated.wav,15.72,0.418182,0.412652,0.026602,0.02625,1.086099,0.808947,1.732679
H2_128C_quantized_no_output,1089-134686-0019.wav,generated_audios/generated_H2_128C_int8/1089-134686-0019_generated.wav,13.895011,0.371215,0.366916,0.026716,0.026406,1.086101,0.819284,1.653701
H2_128C_quantized_no_output,1089-134686-0020.wav,generated_audios/generated_H2_128C_int8/1089-134686-0020_generated.wav,16.790023,0.444548,0.438982,0.026477,0.026145,1.102285,0.806698,1.717934
H2_128C_quantized_no_output,1089-134686-0021.wav,generated_audios/generated_H2_128C_int8/1089-134686-0021_generated.wav,6.550023,0.176838,0.173062,0.026998,0.026422,1.100784,0.818031,1.750725
H2_128C_quantized_no_output,1089-134686-0022.wav,generated_audios/generated_H2_128C_int8/1089-134686-0022_generated.wav,11.175011,0.294445,0.29019,0.026349,0.025968,1.132296,0.817101,1.623719
H2_128C_quantized_no_output,1089-134686-0023.wav,generated_audios/generated_H2_128C_int8/1089-134686-0023_generated.wav,13.275011,0.352696,0.34849,0.026568,0.026252,1.082027,0.810941,1.724966
H2_128C_quantized_no_output,1089-134686-0024.wav,generated_audios/generated_H2_128C_int8/1089-134686-0024_generated.wav,11.655011,0.316164,0.312254,0.027127,0.026791,1.083495,0.803513,1.64339
H2_128C_quantized_no_output,1089-134686-0025.wav,generated_audios/generated_H2_128C_int8/1089-134686-0025_generated.wav,6.610023,0.184319,0.180595,0.027885,0.027321,1.088074,0.831981,1.745314
H2_128C_quantized_no_output,1089-134686-0026.wav,generated_audios/generated_H2_128C_int8/1089-134686-0026_generated.wav,4.010023,0.118748,0.115125,0.029613,0.028709,1.120549,0.807782,1.752309
H2_128C_quantized_no_output,1089-134686-0027.wav,generated_audios/generated_H2_128C_int8/1089-134686-0027_generated.wav,2.710023,0.087901,0.084662,0.032436,0.03124,1.159569,0.850824,1.568409
H2_128C_quantized_no_output,1089-134686-0028.wav,generated_audios/generated_H2_128C_int8/1089-134686-0028_generated.wav,7.830023,0.217366,0.213097,0.027761,0.027215,1.144081,0.82459,1.497387
H2_128C_quantized_no_output,1089-134686-0029.wav,generated_audios/generated_H2_128C_int8/1089-134686-0029_generated.wav,4.670023,0.140598,0.137031,0.030107,0.029343,1.156422,0.825491,1.649795
H2_128C_quantized_no_output,1089-134686-0030.wav,generated_audios/generated_H2_128C_int8/1089-134686-0030_generated.wav,2.715011,0.08249,0.079155,0.030383,0.029155,1.155439,0.856757,1.451425
H2_128C_quantized_no_output,1089-134686-0031.wav,generated_audios/generated_H2_128C_int8/1089-134686-0031_generated.wav,6.615011,0.180027,0.176328,0.027215,0.026656,1.107223,0.77409,1.784225
H2_128C_quantized_no_output,121-121726-0000.wav,generated_audios/generated_H2_128C_int8/121-121726-0000_generated.wav,8.46,0.227136,0.222723,0.026848,0.026327,1.083758,0.822864,1.88575
H2_128C_quantized_no_output,121-121726-0001.wav,generated_audios/generated_H2_128C_int8/121-121726-0001_generated.wav,5.925034,0.168088,0.164097,0.028369,0.027696,1.143089,0.83992,2.561937
H2_128C_quantized_no_output,121-121726-0002.wav,generated_audios/generated_H2_128C_int8/121-121726-0002_generated.wav,4.410023,0.12948,0.125999,0.02936,0.028571,1.166441,0.811978,2.450186
H2_128C_quantized_no_output,121-121726-0003.wav,generated_audios/generated_H2_128C_int8/121-121726-0003_generated.wav,6.755011,0.186031,0.18244,0.02754,0.027008,1.151242,0.849524,2.283793
H2_128C_quantized_no_output,121-121726-0004.wav,generated_audios/generated_H2_128C_int8/121-121726-0004_generated.wav,4.02,0.116964,0.113551,0.029096,0.028247,1.077816,0.862906,2.820154
H2_128C_quantized_no_output,121-121726-0005.wav,generated_audios/generated_H2_128C_int8/121-121726-0005_generated.wav,3.1,0.094895,0.091357,0.030611,0.02947,1.188396,0.906066,3.590042
H2_128C_quantized_no_output,121-121726-0006.wav,generated_audios/generated_H2_128C_int8/121-121726-0006_generated.wav,3.895011,0.114988,0.11151,0.029522,0.028629,1.227004,0.829313,2.581483
H2_128C_quantized_no_output,121-121726-0007.wav,generated_audios/generated_H2_128C_int8/121-121726-0007_generated.wav,6.730023,0.188154,0.185193,0.027957,0.027517,1.080108,0.850512,2.494756
H2_128C_quantized_no_output,121-121726-0008.wav,generated_audios/generated_H2_128C_int8/121-121726-0008_generated.wav,4.990023,0.140343,0.136429,0.028125,0.02734,1.152398,0.861471,3.00338
H2_128C_quantized_no_output,121-121726-0009.wav,generated_audios/generated_H2_128C_int8/121-121726-0009_generated.wav,7.26,0.197639,0.193745,0.027223,0.026687,1.083314,0.847542,2.341473
H2_128C_quantized_no_output,121-121726-0010.wav,generated_audios/generated_H2_128C_int8/121-121726-0010_generated.wav,9.810023,0.263854,0.25942,0.026896,0.026444,1.080264,0.816098,2.328455
H2_128C_quantized_no_output,121-121726-0011.wav,generated_audios/generated_H2_128C_int8/121-121726-0011_generated.wav,4.035011,0.112267,0.109118,0.027823,0.027043,1.153448,0.874418,2.715904
H2_128C_quantized_no_output,121-121726-0012.wav,generated_audios/generated_H2_128C_int8/121-121726-0012_generated.wav,4.045034,0.115835,0.112274,0.028636,0.027756,1.132177,0.868864,2.127069
H2_128C_quantized_no_output,121-121726-0013.wav,generated_audios/generated_H2_128C_int8/121-121726-0013_generated.wav,2.490023,0.078101,0.074817,0.031366,0.030047,1.096287,0.813639,2.555505
H2_128C_quantized_no_output,121-121726-0014.wav,generated_audios/generated_H2_128C_int8/121-121726-0014_generated.wav,3.165034,0.093523,0.090089,0.029549,0.028464,1.270949,0.859157,2.844012
H2_128C_quantized_no_output,121-123852-0000.wav,generated_audios/generated_H2_128C_int8/121-123852-0000_generated.wav,17.695011,0.469871,0.46464,0.026554,0.026258,1.105339,0.840025,2.301771
H2_128C_quantized_no_output,121-123852-0001.wav,generated_audios/generated_H2_128C_int8/121-123852-0001_generated.wav,1.870023,0.062751,0.059472,0.033556,0.031803,1.073954,0.640008,3.31576
H2_128C_quantized_no_output,121-123852-0002.wav,generated_audios/generated_H2_128C_int8/121-123852-0002_generated.wav,17.285034,0.455005,0.450809,0.026324,0.026081,1.080414,0.798633,1.936066
H2_128C_quantized_no_output,121-123852-0003.wav,generated_audios/generated_H2_128C_int8/121-123852-0003_generated.wav,23.505034,0.62827,0.622881,0.026729,0.0265,1.059909,0.77966,2.021467
H2_128C_quantized_no_output,121-123852-0004.wav,generated_audios/generated_H2_128C_int8/121-123852-0004_generated.wav,16.290023,0.431381,0.427602,0.026481,0.026249,1.115253,0.819907,1.895919
H2_128C_quantized_no_output,121-123859-0000.wav,generated_audios/generated_H2_128C_int8/121-123859-0000_generated.wav,17.390023,0.460209,0.455176,0.026464,0.026175,1.051518,0.781137,2.040686
H2_128C_quantized_no_output,121-123859-0001.wav,generated_audios/generated_H2_128C_int8/121-123859-0001_generated.wav,25.395011,0.67513,0.668547,0.026585,0.026326,1.089447,0.822396,1.956679
H2_128C_quantized_no_output,121-123859-0002.wav,generated_audios/generated_H2_128C_int8/121-123859-0002_generated.wav,30.04,0.793615,0.787744,0.026419,0.026223,1.081101,0.806114,1.947788
H2_128C_quantized_no_output,121-123859-0003.wav,generated_audios/generated_H2_128C_int8/121-123859-0003_generated.wav,10.825034,0.29177,0.287245,0.026953,0.026535,1.109813,0.833355,2.545825
H2_128C_quantized_no_output,121-123859-0004.wav,generated_audios/generated_H2_128C_int8/121-123859-0004_generated.wav,9.505034,0.257551,0.253357,0.027096,0.026655,1.064792,0.789837,2.186607
H2_128C_quantized_no_output,121-127105-0000.wav,generated_audios/generated_H2_128C_int8/121-127105-0000_generated.wav,9.875011,0.26927,0.264912,0.027268,0.026827,1.078732,0.804051,1.834619
H2_128C_quantized_no_output,121-127105-0001.wav,generated_audios/generated_H2_128C_int8/121-127105-0001_generated.wav,5.025034,0.142166,0.13866,0.028292,0.027594,1.077008,0.812602,1.507603
H2_128C_quantized_no_output,121-127105-0002.wav,generated_audios/generated_H2_128C_int8/121-127105-0002_generated.wav,7.495011,0.204103,0.199968,0.027232,0.02668,1.085585,0.806716,1.722124
H2_128C_quantized_no_output,121-127105-0003.wav,generated_audios/generated_H2_128C_int8/121-127105-0003_generated.wav,7.725034,0.210722,0.206674,0.027278,0.026754,1.111521,0.844096,1.902633
H2_128C_quantized_no_output,121-127105-0004.wav,generated_audios/generated_H2_128C_int8/121-127105-0004_generated.wav,2.110023,0.067761,0.064522,0.032114,0.030579,1.046033,0.845676,2.88999
H2_128C_quantized_no_output,121-127105-0005.wav,generated_audios/generated_H2_128C_int8/121-127105-0005_generated.wav,5.82,0.16624,0.162588,0.028564,0.027936,1.088221,0.830088,1.806163
H2_128C_quantized_no_output,121-127105-0006.wav,generated_audios/generated_H2_128C_int8/121-127105-0006_generated.wav,4.725034,0.137179,0.133378,0.029032,0.028228,1.058299,0.819822,1.967835
H2_128C_quantized_no_output,121-127105-0007.wav,generated_audios/generated_H2_128C_int8/121-127105-0007_generated.wav,5.790023,0.16675,0.162803,0.028799,0.028118,1.082437,0.835962,1.802266
H2_128C_quantized_no_output,121-127105-0008.wav,generated_audios/generated_H2_128C_int8/121-127105-0008_generated.wav,2.76,0.085679,0.082408,0.031043,0.029858,1.096675,0.80245,2.102001
H2_128C_quantized_no_output,121-127105-0009.wav,generated_audios/generated_H2_128C_int8/121-127105-0009_generated.wav,2.290023,0.072811,0.069754,0.031795,0.03046,1.071283,0.8085,1.683479
H2_128C_quantized_no_output,121-127105-0010.wav,generated_audios/generated_H2_128C_int8/121-127105-0010_generated.wav,2.850023,0.08897,0.08561,0.031217,0.030038,1.079494,0.792178,1.653375
H2_128C_quantized_no_output,121-127105-0011.wav,generated_audios/generated_H2_128C_int8/121-127105-0011_generated.wav,5.78,0.163435,0.15972,0.028276,0.027633,1.071119,0.77159,1.525645
H2_128C_quantized_no_output,121-127105-0012.wav,generated_audios/generated_H2_128C_int8/121-127105-0012_generated.wav,4.830023,0.140325,0.136458,0.029053,0.028252,1.045905,0.790764,1.563219
H2_128C_quantized_no_output,121-127105-0013.wav,generated_audios/generated_H2_128C_int8/121-127105-0013_generated.wav,5.895011,0.166624,0.162716,0.028265,0.027602,1.089457,0.817367,1.781804
H2_128C_quantized_no_output,121-127105-0014.wav,generated_audios/generated_H2_128C_int8/121-127105-0014_generated.wav,2.255011,0.075148,0.072053,0.033325,0.031952,1.13286,0.745834,2.38046
H2_128C_quantized_no_output,121-127105-0015.wav,generated_audios/generated_H2_128C_int8/121-127105-0015_generated.wav,2.96,0.091023,0.087871,0.030751,0.029686,1.092423,0.819887,1.696901
H2_128C_quantized_no_output,121-127105-0016.wav,generated_audios/generated_H2_128C_int8/121-127105-0016_generated.wav,2.030023,0.06505,0.062015,0.032044,0.030549,1.089261,0.814908,1.629018
H2_128C_quantized_no_output,121-127105-0017.wav,generated_audios/generated_H2_128C_int8/121-127105-0017_generated.wav,2.695011,0.081709,0.078435,0.030319,0.029104,1.080909,0.827291,1.451866
H2_128C_quantized_no_output,121-127105-0018.wav,generated_audios/generated_H2_128C_int8/121-127105-0018_generated.wav,2.770023,0.085518,0.082358,0.030873,0.029732,1.078332,0.788491,1.667337
H2_128C_quantized_no_output,121-127105-0019.wav,generated_audios/generated_H2_128C_int8/121-127105-0019_generated.wav,3.525034,0.105495,0.101974,0.029927,0.028928,1.057878,0.774046,1.85183
H2_128C_quantized_no_output,121-127105-0020.wav,generated_audios/generated_H2_128C_int8/121-127105-0020_generated.wav,14.355011,0.38214,0.378648,0.026621,0.026377,1.077275,0.817886,1.554419
H2_128C_quantized_no_output,121-127105-0021.wav,generated_audios/generated_H2_128C_int8/121-127105-0021_generated.wav,2.0,0.067123,0.063979,0.033561,0.03199,1.082096,0.832615,1.772939
H2_128C_quantized_no_output,121-127105-0022.wav,generated_audios/generated_H2_128C_int8/121-127105-0022_generated.wav,5.075011,0.143377,0.139838,0.028251,0.027554,1.147833,0.83565,2.199638
H2_128C_quantized_no_output,121-127105-0023.wav,generated_audios/generated_H2_128C_int8/121-127105-0023_generated.wav,10.910023,0.294982,0.290919,0.027038,0.026665,1.096902,0.832499,1.559073
H2_128C_quantized_no_output,121-127105-0024.wav,generated_audios/generated_H2_128C_int8/121-127105-0024_generated.wav,14.450023,0.382597,0.377551,0.026477,0.026128,1.086648,0.817162,1.639634
H2_128C_quantized_no_output,121-127105-0025.wav,generated_audios/generated_H2_128C_int8/121-127105-0025_generated.wav,16.065034,0.429304,0.424454,0.026723,0.026421,1.089776,0.827494,1.606605
H2_128C_quantized_no_output,121-127105-0026.wav,generated_audios/generated_H2_128C_int8/121-127105-0026_generated.wav,7.530023,0.210807,0.206603,0.027995,0.027437,1.092543,0.840097,1.557546
H2_128C_quantized_no_output,121-127105-0027.wav,generated_audios/generated_H2_128C_int8/121-127105-0027_generated.wav,13.870023,0.370702,0.365953,0.026727,0.026384,1.107187,0.835114,1.738677
H2_128C_quantized_no_output,121-127105-0028.wav,generated_audios/generated_H2_128C_int8/121-127105-0028_generated.wav,6.750023,0.181696,0.177802,0.026918,0.026341,1.123461,0.839098,1.850997
H2_128C_quantized_no_output,121-127105-0029.wav,generated_audios/generated_H2_128C_int8/121-127105-0029_generated.wav,7.310023,0.194943,0.191056,0.026668,0.026136,1.092127,0.824938,1.88341
H2_128C_quantized_no_output,121-127105-0030.wav,generated_audios/generated_H2_128C_int8/121-127105-0030_generated.wav,2.175011,0.068561,0.065373,0.031522,0.030057,1.053492,0.821371,1.950756
H2_128C_quantized_no_output,121-127105-0031.wav,generated_audios/generated_H2_128C_int8/121-127105-0031_generated.wav,10.765034,0.287529,0.283792,0.02671,0.026362,1.09336,0.757325,2.243548
H2_128C_quantized_no_output,121-127105-0032.wav,generated_audios/generated_H2_128C_int8/121-127105-0032_generated.wav,3.170023,0.091899,0.088507,0.02899,0.02792,1.08073,0.84495,1.842239
H2_128C_quantized_no_output,121-127105-0033.wav,generated_audios/generated_H2_128C_int8/121-127105-0033_generated.wav,2.355011,0.071515,0.068296,0.030367,0.029,1.072181,0.803969,2.31321
H2_128C_quantized_no_output,121-127105-0034.wav,generated_audios/generated_H2_128C_int8/121-127105-0034_generated.wav,7.410023,0.198615,0.194794,0.026804,0.026288,1.094441,0.813351,2.299973
H2_128C_quantized_no_output,121-127105-0035.wav,generated_audios/generated_H2_128C_int8/121-127105-0035_generated.wav,14.150023,0.371102,0.366381,0.026226,0.025893,1.104032,0.798296,2.56303
H2_128C_quantized_no_output,121-127105-0036.wav,generated_audios/generated_H2_128C_int8/121-127105-0036_generated.wav,4.150023,0.12153,0.117998,0.029284,0.028433,1.143196,0.774689,2.412674
H2_128C_quantized_no_output,237-126133-0000.wav,generated_audios/generated_H2_128C_int8/237-126133-0000_generated.wav,13.290023,0.35258,0.348563,0.02653,0.026227,1.060938,0.784087,1.743831
H2_128C_quantized_no_output,237-126133-0001.wav,generated_audios/generated_H2_128C_int8/237-126133-0001_generated.wav,11.965034,0.3232,0.318629,0.027012,0.02663,1.057842,0.76128,1.759091
H2_128C_quantized_no_output,237-126133-0002.wav,generated_audios/generated_H2_128C_int8/237-126133-0002_generated.wav,8.92,0.261685,0.257799,0.029337,0.028901,1.042949,0.746232,1.943129
H2_128C_quantized_no_output,237-126133-0003.wav,generated_audios/generated_H2_128C_int8/237-126133-0003_generated.wav,6.56,0.188485,0.184459,0.028732,0.028119,1.042594,0.726178,1.837625
H2_128C_quantized_no_output,237-126133-0004.wav,generated_audios/generated_H2_128C_int8/237-126133-0004_generated.wav,3.295011,0.097569,0.094116,0.029611,0.028563,1.052324,0.74753,1.875128
H2_128C_quantized_no_output,237-126133-0005.wav,generated_audios/generated_H2_128C_int8/237-126133-0005_generated.wav,6.510023,0.185488,0.182228,0.028493,0.027992,1.070537,0.762085,1.796727
H2_128C_quantized_no_output,237-126133-0006.wav,generated_audios/generated_H2_128C_int8/237-126133-0006_generated.wav,6.150023,0.171472,0.167814,0.027881,0.027287,1.083783,0.781882,1.930056
H2_128C_quantized_no_output,237-126133-0007.wav,generated_audios/generated_H2_128C_int8/237-126133-0007_generated.wav,8.68,0.245953,0.242239,0.028336,0.027908,1.063509,0.761618,1.846996
H2_128C_quantized_no_output,237-126133-0008.wav,generated_audios/generated_H2_128C_int8/237-126133-0008_generated.wav,3.865034,0.113386,0.110147,0.029336,0.028498,1.047379,0.761267,1.875974
H2_128C_quantized_no_output,237-126133-0009.wav,generated_audios/generated_H2_128C_int8/237-126133-0009_generated.wav,3.970023,0.121327,0.117918,0.030561,0.029702,1.065418,0.774731,1.88961
H2_128C_quantized_no_output,237-126133-0010.wav,generated_audios/generated_H2_128C_int8/237-126133-0010_generated.wav,6.24,0.179754,0.176095,0.028807,0.02822,1.047543,0.69322,1.810033
H2_128C_quantized_no_output,237-126133-0011.wav,generated_audios/generated_H2_128C_int8/237-126133-0011_generated.wav,6.710023,0.190562,0.186529,0.0284,0.027799,1.094201,0.811644,1.848338
H2_128C_quantized_no_output,237-126133-0012.wav,generated_audios/generated_H2_128C_int8/237-126133-0012_generated.wav,4.450023,0.136573,0.133023,0.03069,0.029893,1.05999,0.721464,1.817554
H2_128C_quantized_no_output,237-126133-0013.wav,generated_audios/generated_H2_128C_int8/237-126133-0013_generated.wav,6.815011,0.187458,0.184048,0.027507,0.027006,1.058877,0.738481,1.943661
H2_128C_quantized_no_output,237-126133-0014.wav,generated_audios/generated_H2_128C_int8/237-126133-0014_generated.wav,6.790023,0.187271,0.183894,0.02758,0.027083,1.0606,0.748113,1.704439
H2_128C_quantized_no_output,237-126133-0015.wav,generated_audios/generated_H2_128C_int8/237-126133-0015_generated.wav,9.34,0.25442,0.250302,0.02724,0.026799,1.068032,0.771061,1.821038
H2_128C_quantized_no_output,237-126133-0016.wav,generated_audios/generated_H2_128C_int8/237-126133-0016_generated.wav,4.250023,0.122592,0.11902,0.028845,0.028005,1.094694,0.77129,1.837364
H2_128C_quantized_no_output,237-126133-0017.wav,generated_audios/generated_H2_128C_int8/237-126133-0017_generated.wav,6.210023,0.17236,0.168649,0.027755,0.027158,1.108292,0.829619,1.769593
H2_128C_quantized_no_output,237-126133-0018.wav,generated_audios/generated_H2_128C_int8/237-126133-0018_generated.wav,4.095011,0.121779,0.118535,0.029738,0.028946,1.072005,0.730613,2.003327
H2_128C_quantized_no_output,237-126133-0019.wav,generated_audios/generated_H2_128C_int8/237-126133-0019_generated.wav,7.12,0.194311,0.190675,0.027291,0.02678,1.051406,0.771185,1.812404
H2_128C_quantized_no_output,237-126133-0020.wav,generated_audios/generated_H2_128C_int8/237-126133-0020_generated.wav,2.24,0.075645,0.072323,0.03377,0.032287,1.073108,0.768789,1.79815
H2_128C_quantized_no_output,237-126133-0021.wav,generated_audios/generated_H2_128C_int8/237-126133-0021_generated.wav,4.365034,0.126212,0.123423,0.028914,0.028275,1.059578,0.748742,1.914717
H2_128C_quantized_no_output,237-126133-0022.wav,generated_audios/generated_H2_128C_int8/237-126133-0022_generated.wav,5.04,0.139815,0.136411,0.027741,0.027066,1.066301,0.779008,1.773552
H2_128C_quantized_no_output,237-126133-0023.wav,generated_audios/generated_H2_128C_int8/237-126133-0023_generated.wav,6.675011,0.183841,0.180031,0.027542,0.026971,1.05486,0.769753,1.774298
H2_128C_quantized_no_output,237-126133-0024.wav,generated_audios/generated_H2_128C_int8/237-126133-0024_generated.wav,9.665034,0.273141,0.269098,0.028261,0.027842,1.09429,0.797721,1.620027
H2_128C_quantized_no_output,237-126133-0025.wav,generated_audios/generated_H2_128C_int8/237-126133-0025_generated.wav,3.755011,0.110215,0.106657,0.029351,0.028404,1.074353,0.7936,1.751705
H2_128C_quantized_no_output,237-134493-0000.wav,generated_audios/generated_H2_128C_int8/237-134493-0000_generated.wav,4.105034,0.11953,0.115798,0.029118,0.028209,1.233858,0.857924,1.290996
H2_128C_quantized_no_output,237-134493-0001.wav,generated_audios/generated_H2_128C_int8/237-134493-0001_generated.wav,7.38,0.204839,0.200787,0.027756,0.027207,1.236387,0.875195,1.270765
H2_128C_quantized_no_output,237-134493-0002.wav,generated_audios/generated_H2_128C_int8/237-134493-0002_generated.wav,11.395011,0.309608,0.30532,0.02717,0.026794,1.264689,0.867623,1.338257
H2_128C_quantized_no_output,237-134493-0003.wav,generated_audios/generated_H2_128C_int8/237-134493-0003_generated.wav,12.765034,0.346614,0.34213,0.027153,0.026802,1.204281,0.875815,1.28273
H2_128C_quantized_no_output,237-134493-0004.wav,generated_audios/generated_H2_128C_int8/237-134493-0004_generated.wav,6.825034,0.185125,0.181364,0.027124,0.026573,1.298528,0.864866,1.241233
H2_128C_quantized_no_output,237-134493-0005.wav,generated_audios/generated_H2_128C_int8/237-134493-0005_generated.wav,10.945034,0.292125,0.287793,0.02669,0.026294,1.250955,0.862004,1.218627
H2_128C_quantized_no_output,237-134493-0006.wav,generated_audios/generated_H2_128C_int8/237-134493-0006_generated.wav,4.395011,0.12687,0.123192,0.028867,0.02803,1.403832,0.908285,1.122978
H2_128C_quantized_no_output,237-134493-0007.wav,generated_audios/generated_H2_128C_int8/237-134493-0007_generated.wav,2.035011,0.066262,0.063705,0.032561,0.031305,1.266984,0.849846,1.135516
H2_128C_quantized_no_output,237-134493-0008.wav,generated_audios/generated_H2_128C_int8/237-134493-0008_generated.wav,2.305034,0.072057,0.070245,0.031261,0.030474,1.21245,0.829254,1.389168
H2_128C_quantized_no_output,237-134493-0009.wav,generated_audios/generated_H2_128C_int8/237-134493-0009_generated.wav,2.975011,0.095002,0.091647,0.031933,0.030805,1.256012,0.883152,1.330526
H2_128C_quantized_no_output,237-134493-0010.wav,generated_audios/generated_H2_128C_int8/237-134493-0010_generated.wav,2.875011,0.087604,0.084859,0.030471,0.029516,1.189838,0.850121,1.242868
H2_128C_quantized_no_output,237-134493-0011.wav,generated_audios/generated_H2_128C_int8/237-134493-0011_generated.wav,5.035011,0.143297,0.140015,0.02846,0.027808,1.266417,0.878306,1.181995
H2_128C_quantized_no_output,237-134493-0012.wav,generated_audios/generated_H2_128C_int8/237-134493-0012_generated.wav,3.66,0.107282,0.103904,0.029312,0.028389,1.3073,0.88214,1.194678
H2_128C_quantized_no_output,237-134493-0013.wav,generated_audios/generated_H2_128C_int8/237-134493-0013_generated.wav,4.090023,0.119577,0.116126,0.029236,0.028393,1.349907,0.87523,1.189398
H2_128C_quantized_no_output,237-134493-0014.wav,generated_audios/generated_H2_128C_int8/237-134493-0014_generated.wav,3.7,0.10851,0.105853,0.029327,0.028609,1.322863,0.881086,1.224675
H2_128C_quantized_no_output,237-134493-0015.wav,generated_audios/generated_H2_128C_int8/237-134493-0015_generated.wav,6.550023,0.179998,0.176094,0.027481,0.026884,1.235577,0.87542,1.197856
H2_128C_quantized_no_output,237-134493-0016.wav,generated_audios/generated_H2_128C_int8/237-134493-0016_generated.wav,10.085034,0.268243,0.263844,0.026598,0.026162,1.334882,0.889523,1.171342
H2_128C_quantized_no_output,237-134493-0017.wav,generated_audios/generated_H2_128C_int8/237-134493-0017_generated.wav,9.105034,0.249752,0.245752,0.02743,0.026991,1.278986,0.883454,1.216007
H2_128C_quantized_no_output,237-134493-0018.wav,generated_audios/generated_H2_128C_int8/237-134493-0018_generated.wav,4.790023,0.13654,0.132894,0.028505,0.027744,1.324466,0.907314,1.213884
H2_128C_quantized_no_output,237-134500-0000.wav,generated_audios/generated_H2_128C_int8/237-134500-0000_generated.wav,6.130023,0.173098,0.169523,0.028238,0.027654,1.176682,0.859362,1.37581
H2_128C_quantized_no_output,237-134500-0001.wav,generated_audios/generated_H2_128C_int8/237-134500-0001_generated.wav,1.810023,0.061174,0.058051,0.033797,0.032072,1.238966,0.853518,1.431588
H2_128C_quantized_no_output,237-134500-0002.wav,generated_audios/generated_H2_128C_int8/237-134500-0002_generated.wav,5.070023,0.146227,0.143132,0.028841,0.028231,1.221487,0.888552,1.267829
H2_128C_quantized_no_output,237-134500-0003.wav,generated_audios/generated_H2_128C_int8/237-134500-0003_generated.wav,3.170023,0.09421,0.090907,0.029719,0.028677,1.128275,0.855894,1.387581
H2_128C_quantized_no_output,237-134500-0004.wav,generated_audios/generated_H2_128C_int8/237-134500-0004_generated.wav,2.225034,0.07441,0.071157,0.033442,0.03198,1.311764,0.887465,1.238858
H2_128C_quantized_no_output,237-134500-0005.wav,generated_audios/generated_H2_128C_int8/237-134500-0005_generated.wav,2.390023,0.076461,0.073539,0.031992,0.030769,1.211116,0.872091,1.268931
H2_128C_quantized_no_output,237-134500-0006.wav,generated_audios/generated_H2_128C_int8/237-134500-0006_generated.wav,4.225034,0.120481,0.117192,0.028516,0.027737,1.1811,0.872282,1.263867
H2_128C_quantized_no_output,237-134500-0007.wav,generated_audios/generated_H2_128C_int8/237-134500-0007_generated.wav,2.390023,0.073633,0.07032,0.030808,0.029422,1.142302,0.829176,1.391336
H2_128C_quantized_no_output,237-134500-0008.wav,generated_audios/generated_H2_128C_int8/237-134500-0008_generated.wav,3.76,0.108218,0.104972,0.028781,0.027918,1.207419,0.841146,1.355873
H2_128C_quantized_no_output,237-134500-0009.wav,generated_audios/generated_H2_128C_int8/237-134500-0009_generated.wav,2.22,0.070998,0.068071,0.031981,0.030663,1.096482,0.843759,1.334449
H2_128C_quantized_no_output,237-134500-0010.wav,generated_audios/generated_H2_128C_int8/237-134500-0010_generated.wav,3.995011,0.11346,0.109988,0.0284,0.027531,1.187428,0.860611,1.25671
H2_128C_quantized_no_output,237-134500-0011.wav,generated_audios/generated_H2_128C_int8/237-134500-0011_generated.wav,3.350023,0.101271,0.097867,0.03023,0.029214,1.243317,0.841316,1.252359
H2_128C_quantized_no_output,237-134500-0012.wav,generated_audios/generated_H2_128C_int8/237-134500-0012_generated.wav,10.935011,0.299092,0.294817,0.027352,0.026961,1.151436,0.853491,1.350884
H2_128C_quantized_no_output,237-134500-0013.wav,generated_audios/generated_H2_128C_int8/237-134500-0013_generated.wav,10.56,0.285196,0.280805,0.027007,0.026591,1.152725,0.867033,1.331664
H2_128C_quantized_no_output,237-134500-0014.wav,generated_audios/generated_H2_128C_int8/237-134500-0014_generated.wav,4.250023,0.119396,0.116623,0.028093,0.02744,1.18933,0.86335,1.323136
H2_128C_quantized_no_output,237-134500-0015.wav,generated_audios/generated_H2_128C_int8/237-134500-0015_generated.wav,10.815011,0.293433,0.289023,0.027132,0.026724,1.178303,0.875312,1.345764
H2_128C_quantized_no_output,237-134500-0016.wav,generated_audios/generated_H2_128C_int8/237-134500-0016_generated.wav,3.16,0.094454,0.091507,0.02989,0.028958,1.138257,0.765791,1.518553
H2_128C_quantized_no_output,237-134500-0017.wav,generated_audios/generated_H2_128C_int8/237-134500-0017_generated.wav,2.18,0.071777,0.069192,0.032925,0.031739,1.249021,0.882455,1.333846
H2_128C_quantized_no_output,237-134500-0018.wav,generated_audios/generated_H2_128C_int8/237-134500-0018_generated.wav,12.845034,0.35732,0.35346,0.027818,0.027517,1.171144,0.856711,1.431965
H2_128C_quantized_no_output,237-134500-0019.wav,generated_audios/generated_H2_128C_int8/237-134500-0019_generated.wav,2.86,0.090305,0.086915,0.031575,0.03039,1.116624,0.844386,1.431818
H2_128C_quantized_no_output,237-134500-0020.wav,generated_audios/generated_H2_128C_int8/237-134500-0020_generated.wav,2.18,0.068243,0.065642,0.031304,0.030111,1.276361,0.902847,1.583887
H2_128C_quantized_no_output,237-134500-0021.wav,generated_audios/generated_H2_128C_int8/237-134500-0021_generated.wav,5.12,0.142848,0.139474,0.0279,0.027241,1.133292,0.790688,1.382287
H2_128C_quantized_no_output,237-134500-0022.wav,generated_audios/generated_H2_128C_int8/237-134500-0022_generated.wav,5.165034,0.142034,0.138502,0.027499,0.026815,1.115902,0.823829,1.415723
H2_128C_quantized_no_output,237-134500-0023.wav,generated_audios/generated_H2_128C_int8/237-134500-0023_generated.wav,3.06,0.090561,0.087481,0.029595,0.028589,1.182271,0.852117,1.456841
H2_128C_quantized_no_output,237-134500-0024.wav,generated_audios/generated_H2_128C_int8/237-134500-0024_generated.wav,4.410023,0.218267,0.152269,0.049493,0.034528,1.221642,0.819809,1.461497
H2_128C_quantized_no_output,237-134500-0025.wav,generated_audios/generated_H2_128C_int8/237-134500-0025_generated.wav,1.630023,0.053909,0.051076,0.033072,0.031335,1.189287,0.802867,1.699273
H2_128C_quantized_no_output,237-134500-0026.wav,generated_audios/generated_H2_128C_int8/237-134500-0026_generated.wav,3.050023,0.08832,0.085677,0.028957,0.02809,1.212225,0.837933,1.39599
H2_128C_quantized_no_output,237-134500-0027.wav,generated_audios/generated_H2_128C_int8/237-134500-0027_generated.wav,3.270023,0.095614,0.092428,0.029239,0.028265,1.187641,0.82433,1.396837
H2_128C_quantized_no_output,237-134500-0028.wav,generated_audios/generated_H2_128C_int8/237-134500-0028_generated.wav,4.524943,0.125505,0.12197,0.027736,0.026955,1.152426,0.834139,1.461421
H2_128C_quantized_no_output,237-134500-0029.wav,generated_audios/generated_H2_128C_int8/237-134500-0029_generated.wav,2.065034,0.065243,0.062075,0.031594,0.03006,1.153714,0.876715,1.282214
H2_128C_quantized_no_output,237-134500-0030.wav,generated_audios/generated_H2_128C_int8/237-134500-0030_generated.wav,2.78,0.081768,0.07854,0.029413,0.028252,1.175536,0.865729,1.418805
H2_128C_quantized_no_output,237-134500-0031.wav,generated_audios/generated_H2_128C_int8/237-134500-0031_generated.wav,10.610023,0.285411,0.28133,0.0269,0.026515,1.242855,0.87488,1.356332
H2_128C_quantized_no_output,237-134500-0032.wav,generated_audios/generated_H2_128C_int8/237-134500-0032_generated.wav,5.025034,0.257252,0.18025,0.051194,0.03587,1.157686,0.861545,1.421015
H2_128C_quantized_no_output,237-134500-0033.wav,generated_audios/generated_H2_128C_int8/237-134500-0033_generated.wav,6.350023,0.177891,0.174139,0.028014,0.027423,1.173486,0.815598,1.413242
H2_128C_quantized_no_output,237-134500-0034.wav,generated_audios/generated_H2_128C_int8/237-134500-0034_generated.wav,3.075011,0.094309,0.09085,0.03067,0.029545,1.115466,0.83404,1.592972
H2_128C_quantized_no_output,237-134500-0035.wav,generated_audios/generated_H2_128C_int8/237-134500-0035_generated.wav,2.555011,0.080735,0.077572,0.031599,0.030361,1.130506,0.852453,1.518063
H2_128C_quantized_no_output,237-134500-0036.wav,generated_audios/generated_H2_128C_int8/237-134500-0036_generated.wav,6.6,0.183258,0.179465,0.027766,0.027192,1.162044,0.838001,1.493675
H2_128C_quantized_no_output,237-134500-0037.wav,generated_audios/generated_H2_128C_int8/237-134500-0037_generated.wav,7.105034,0.196472,0.192757,0.027653,0.02713,1.126948,0.813333,1.382199
H2_128C_quantized_no_output,237-134500-0038.wav,generated_audios/generated_H2_128C_int8/237-134500-0038_generated.wav,2.435011,0.078876,0.075831,0.032392,0.031142,1.080888,0.820087,1.341642
H2_128C_quantized_no_output,237-134500-0039.wav,generated_audios/generated_H2_128C_int8/237-134500-0039_generated.wav,4.630023,0.130699,0.127102,0.028229,0.027452,1.153899,0.809238,1.414926
H2_128C_quantized_no_output,237-134500-0040.wav,generated_audios/generated_H2_128C_int8/237-134500-0040_generated.wav,4.030023,0.118891,0.115223,0.029501,0.028591,1.143908,0.825307,1.355109
H2_128C_quantized_no_output,237-134500-0041.wav,generated_audios/generated_H2_128C_int8/237-134500-0041_generated.wav,8.92,0.259754,0.255708,0.02912,0.028667,1.156611,0.87364,1.473526
H2_128C_quantized_no_output,237-134500-0042.wav,generated_audios/generated_H2_128C_int8/237-134500-0042_generated.wav,2.575011,0.080951,0.077419,0.031437,0.030066,1.166499,0.774917,1.540167
H2_128C_quantized_no_output,260-123286-0000.wav,generated_audios/generated_H2_128C_int8/260-123286-0000_generated.wav,7.04,0.193334,0.190181,0.027462,0.027014,1.141134,0.823481,2.3371
H2_128C_quantized_no_output,260-123286-0001.wav,generated_audios/generated_H2_128C_int8/260-123286-0001_generated.wav,3.070023,0.097678,0.094105,0.031817,0.030653,1.077273,0.817725,2.204029
H2_128C_quantized_no_output,260-123286-0002.wav,generated_audios/generated_H2_128C_int8/260-123286-0002_generated.wav,9.985034,0.276013,0.271913,0.027643,0.027232,1.109528,0.832688,1.876781
H2_128C_quantized_no_output,260-123286-0003.wav,generated_audios/generated_H2_128C_int8/260-123286-0003_generated.wav,7.370023,0.208243,0.204548,0.028255,0.027754,1.094762,0.787851,2.029771
H2_128C_quantized_no_output,260-123286-0004.wav,generated_audios/generated_H2_128C_int8/260-123286-0004_generated.wav,3.465034,0.10538,0.102585,0.030412,0.029606,1.079966,0.796544,2.314429
H2_128C_quantized_no_output,260-123286-0005.wav,generated_audios/generated_H2_128C_int8/260-123286-0005_generated.wav,4.810023,0.140598,0.137291,0.02923,0.028543,1.658474,0.897442,1.072603
H2_128C_quantized_no_output,260-123286-0006.wav,generated_audios/generated_H2_128C_int8/260-123286-0006_generated.wav,7.405034,0.207725,0.203732,0.028052,0.027513,1.680559,0.923561,0.991963
H2_128C_quantized_no_output,260-123286-0007.wav,generated_audios/generated_H2_128C_int8/260-123286-0007_generated.wav,4.550023,0.128428,0.124806,0.028226,0.02743,1.551376,0.913035,1.035302
H2_128C_quantized_no_output,260-123286-0008.wav,generated_audios/generated_H2_128C_int8/260-123286-0008_generated.wav,3.735011,0.107699,0.104428,0.028835,0.027959,1.575455,0.91358,1.168974
H2_128C_quantized_no_output,260-123286-0009.wav,generated_audios/generated_H2_128C_int8/260-123286-0009_generated.wav,5.795011,0.163083,0.159297,0.028142,0.027489,1.517082,0.910008,1.090244
H2_128C_quantized_no_output,260-123286-0010.wav,generated_audios/generated_H2_128C_int8/260-123286-0010_generated.wav,2.575011,0.080081,0.077054,0.031099,0.029924,1.682106,0.916766,1.51689
H2_128C_quantized_no_output,260-123286-0011.wav,generated_audios/generated_H2_128C_int8/260-123286-0011_generated.wav,4.255011,0.121088,0.117557,0.028458,0.027628,1.660769,0.907409,1.256826
H2_128C_quantized_no_output,260-123286-0012.wav,generated_audios/generated_H2_128C_int8/260-123286-0012_generated.wav,2.430023,0.075611,0.072297,0.031115,0.029752,1.696723,0.932383,1.386169
H2_128C_quantized_no_output,260-123286-0013.wav,generated_audios/generated_H2_128C_int8/260-123286-0013_generated.wav,4.730023,0.131966,0.128706,0.0279,0.02721,1.744925,0.910453,1.244194
H2_128C_quantized_no_output,260-123286-0014.wav,generated_audios/generated_H2_128C_int8/260-123286-0014_generated.wav,2.98,0.095407,0.092067,0.032016,0.030895,1.38842,0.895978,1.525444
H2_128C_quantized_no_output,260-123286-0015.wav,generated_audios/generated_H2_128C_int8/260-123286-0015_generated.wav,5.210023,0.155485,0.151939,0.029843,0.029163,1.565309,0.915779,1.409192
H2_128C_quantized_no_output,260-123286-0016.wav,generated_audios/generated_H2_128C_int8/260-123286-0016_generated.wav,7.0,0.192788,0.189096,0.027541,0.027014,1.61215,0.918772,1.028208
H2_128C_quantized_no_output,260-123286-0017.wav,generated_audios/generated_H2_128C_int8/260-123286-0017_generated.wav,3.975011,0.113436,0.110464,0.028537,0.02779,1.668109,0.914696,1.175745
H2_128C_quantized_no_output,260-123286-0018.wav,generated_audios/generated_H2_128C_int8/260-123286-0018_generated.wav,5.670023,0.159826,0.156164,0.028188,0.027542,1.637598,0.904286,0.946356
H2_128C_quantized_no_output,260-123286-0019.wav,generated_audios/generated_H2_128C_int8/260-123286-0019_generated.wav,11.905034,0.319543,0.315059,0.026841,0.026464,1.703983,0.918365,1.085887
H2_128C_quantized_no_output,260-123286-0020.wav,generated_audios/generated_H2_128C_int8/260-123286-0020_generated.wav,3.06,0.09226,0.088866,0.03015,0.029041,1.703121,0.932885,2.164065
H2_128C_quantized_no_output,260-123286-0021.wav,generated_audios/generated_H2_128C_int8/260-123286-0021_generated.wav,2.550023,0.07962,0.076566,0.031223,0.030026,1.678607,0.93509,1.528979
H2_128C_quantized_no_output,260-123286-0022.wav,generated_audios/generated_H2_128C_int8/260-123286-0022_generated.wav,3.235011,0.096077,0.093037,0.029699,0.028759,1.551404,0.924557,1.354955
H2_128C_quantized_no_output,260-123286-0023.wav,generated_audios/generated_H2_128C_int8/260-123286-0023_generated.wav,5.875011,0.168264,0.164475,0.028641,0.027996,1.645586,0.916578,0.846752
H2_128C_quantized_no_output,260-123286-0024.wav,generated_audios/generated_H2_128C_int8/260-123286-0024_generated.wav,3.04,0.093724,0.090281,0.03083,0.029698,1.8961,0.924763,1.116406
H2_128C_quantized_no_output,260-123286-0025.wav,generated_audios/generated_H2_128C_int8/260-123286-0025_generated.wav,9.205034,0.252504,0.248109,0.027431,0.026954,1.692846,0.905966,1.01324
H2_128C_quantized_no_output,260-123286-0026.wav,generated_audios/generated_H2_128C_int8/260-123286-0026_generated.wav,6.94,0.193731,0.189625,0.027915,0.027324,1.596304,0.90582,0.894879
H2_128C_quantized_no_output,260-123286-0027.wav,generated_audios/generated_H2_128C_int8/260-123286-0027_generated.wav,7.170023,0.201061,0.197045,0.028042,0.027482,1.637113,0.903056,0.766226
H2_128C_quantized_no_output,260-123286-0028.wav,generated_audios/generated_H2_128C_int8/260-123286-0028_generated.wav,7.465034,0.202049,0.198329,0.027066,0.026568,1.598347,0.894629,0.988056
H2_128C_quantized_no_output,260-123286-0029.wav,generated_audios/generated_H2_128C_int8/260-123286-0029_generated.wav,4.545034,0.125338,0.121703,0.027577,0.026777,1.548933,0.906683,1.107703
H2_128C_quantized_no_output,260-123286-0030.wav,generated_audios/generated_H2_128C_int8/260-123286-0030_generated.wav,7.530023,0.201342,0.19743,0.026739,0.026219,1.600095,0.909805,1.057655
H2_128C_quantized_no_output,260-123286-0031.wav,generated_audios/generated_H2_128C_int8/260-123286-0031_generated.wav,5.06,0.141702,0.137841,0.028004,0.027241,1.552334,0.918163,1.545759
H2_128C_quantized_no_output,260-123288-0000.wav,generated_audios/generated_H2_128C_int8/260-123288-0000_generated.wav,3.04,0.089689,0.086748,0.029503,0.028536,1.605598,0.902097,1.440337
H2_128C_quantized_no_output,260-123288-0001.wav,generated_audios/generated_H2_128C_int8/260-123288-0001_generated.wav,5.08,0.141479,0.138238,0.02785,0.027212,1.517,0.915739,1.821337
H2_128C_quantized_no_output,260-123288-0002.wav,generated_audios/generated_H2_128C_int8/260-123288-0002_generated.wav,7.250023,0.199311,0.195668,0.027491,0.026989,1.651808,0.906978,0.999134
H2_128C_quantized_no_output,260-123288-0003.wav,generated_audios/generated_H2_128C_int8/260-123288-0003_generated.wav,8.905034,0.243511,0.239291,0.027345,0.026871,1.570727,0.914014,1.011382
H2_128C_quantized_no_output,260-123288-0004.wav,generated_audios/generated_H2_128C_int8/260-123288-0004_generated.wav,4.310023,0.122936,0.119226,0.028523,0.027662,1.423787,0.882597,2.073407
H2_128C_quantized_no_output,260-123288-0005.wav,generated_audios/generated_H2_128C_int8/260-123288-0005_generated.wav,12.550023,0.335839,0.331325,0.02676,0.0264,1.514702,0.901202,1.043865
H2_128C_quantized_no_output,260-123288-0006.wav,generated_audios/generated_H2_128C_int8/260-123288-0006_generated.wav,4.88,0.13666,0.13321,0.028004,0.027297,1.555153,0.908998,1.270515
H2_128C_quantized_no_output,260-123288-0007.wav,generated_audios/generated_H2_128C_int8/260-123288-0007_generated.wav,11.2,0.296887,0.292511,0.026508,0.026117,1.605196,0.907439,0.985421
H2_128C_quantized_no_output,260-123288-0008.wav,generated_audios/generated_H2_128C_int8/260-123288-0008_generated.wav,5.515011,0.153463,0.149668,0.027826,0.027138,1.738481,0.921624,0.914876
H2_128C_quantized_no_output,260-123288-0009.wav,generated_audios/generated_H2_128C_int8/260-123288-0009_generated.wav,3.435011,0.101801,0.098461,0.029636,0.028664,1.654138,0.910679,1.215124
H2_128C_quantized_no_output,260-123288-0010.wav,generated_audios/generated_H2_128C_int8/260-123288-0010_generated.wav,9.995011,0.271681,0.267559,0.027182,0.026769,1.616192,0.907928,1.041755
H2_128C_quantized_no_output,260-123288-0011.wav,generated_audios/generated_H2_128C_int8/260-123288-0011_generated.wav,8.98,0.246779,0.242479,0.027481,0.027002,1.68755,0.909444,1.004897
H2_128C_quantized_no_output,260-123288-0012.wav,generated_audios/generated_H2_128C_int8/260-123288-0012_generated.wav,3.545034,0.106496,0.103093,0.030041,0.029081,1.600426,0.905971,1.373947
H2_128C_quantized_no_output,260-123288-0013.wav,generated_audios/generated_H2_128C_int8/260-123288-0013_generated.wav,11.385079,0.301172,0.297157,0.026453,0.026101,1.646895,0.909951,0.864728
H2_128C_quantized_no_output,260-123288-0014.wav,generated_audios/generated_H2_128C_int8/260-123288-0014_generated.wav,1.805034,0.060885,0.05777,0.033731,0.032005,1.616485,0.905623,1.270179
H2_128C_quantized_no_output,260-123288-0015.wav,generated_audios/generated_H2_128C_int8/260-123288-0015_generated.wav,21.185034,0.560358,0.555005,0.026451,0.026198,1.605186,0.914729,1.168408
H2_128C_quantized_no_output,260-123288-0016.wav,generated_audios/generated_H2_128C_int8/260-123288-0016_generated.wav,4.865034,0.135476,0.131668,0.027847,0.027064,1.650883,0.896911,1.310263
H2_128C_quantized_no_output,260-123288-0017.wav,generated_audios/generated_H2_128C_int8/260-123288-0017_generated.wav,5.225034,0.143392,0.140635,0.027443,0.026916,1.638453,0.931059,1.0102
H2_128C_quantized_no_output,260-123288-0018.wav,generated_audios/generated_H2_128C_int8/260-123288-0018_generated.wav,3.245034,0.095689,0.092197,0.029488,0.028412,1.645095,0.90792,0.905783
H2_128C_quantized_no_output,260-123288-0019.wav,generated_audios/generated_H2_128C_int8/260-123288-0019_generated.wav,2.955011,0.087943,0.084589,0.029761,0.028626,1.638908,0.917251,1.45165
H2_128C_quantized_no_output,260-123288-0020.wav,generated_audios/generated_H2_128C_int8/260-123288-0020_generated.wav,2.9,0.086054,0.082889,0.029674,0.028583,1.423956,0.911247,1.344292
H2_128C_quantized_no_output,260-123288-0021.wav,generated_audios/generated_H2_128C_int8/260-123288-0021_generated.wav,2.710023,0.081785,0.078554,0.030179,0.028987,1.477972,0.900763,1.339201
H2_128C_quantized_no_output,260-123288-0022.wav,generated_audios/generated_H2_128C_int8/260-123288-0022_generated.wav,3.705034,0.106948,0.103695,0.028866,0.027988,1.339684,0.888035,1.427635
H2_128C_quantized_no_output,260-123288-0023.wav,generated_audios/generated_H2_128C_int8/260-123288-0023_generated.wav,2.385034,0.074581,0.071343,0.031271,0.029913,1.303357,0.870397,1.797172
H2_128C_quantized_no_output,260-123288-0024.wav,generated_audios/generated_H2_128C_int8/260-123288-0024_generated.wav,14.595011,0.378622,0.373948,0.025942,0.025622,1.426992,0.903868,1.064974
H2_128C_quantized_no_output,260-123288-0025.wav,generated_audios/generated_H2_128C_int8/260-123288-0025_generated.wav,13.445034,0.34768,0.343215,0.025859,0.025527,1.127058,0.832223,1.715234
H2_128C_quantized_no_output,260-123288-0026.wav,generated_audios/generated_H2_128C_int8/260-123288-0026_generated.wav,16.04,0.416131,0.411254,0.025943,0.025639,1.098684,0.825566,1.631733
H2_128C_quantized_no_output,260-123288-0027.wav,generated_audios/generated_H2_128C_int8/260-123288-0027_generated.wav,6.305034,0.171158,0.16765,0.027146,0.02659,1.10636,0.831706,1.754841
H2_128C_quantized_no_output,260-123288-0028.wav,generated_audios/generated_H2_128C_int8/260-123288-0028_generated.wav,2.610023,0.080632,0.077445,0.030893,0.029672,1.120772,0.841685,2.11376
H2_128C_quantized_no_output,260-123440-0000.wav,generated_audios/generated_H2_128C_int8/260-123440-0000_generated.wav,2.165034,0.069475,0.067178,0.03209,0.031028,1.063481,0.795756,1.786002
H2_128C_quantized_no_output,260-123440-0001.wav,generated_audios/generated_H2_128C_int8/260-123440-0001_generated.wav,1.74,0.058684,0.055483,0.033726,0.031887,1.107682,0.840186,2.70731
H2_128C_quantized_no_output,260-123440-0002.wav,generated_audios/generated_H2_128C_int8/260-123440-0002_generated.wav,14.715011,0.380894,0.37636,0.025885,0.025577,1.113292,0.819559,1.70226
H2_128C_quantized_no_output,260-123440-0003.wav,generated_audios/generated_H2_128C_int8/260-123440-0003_generated.wav,3.585034,0.107174,0.104009,0.029895,0.029012,1.123603,0.830231,1.616166
H2_128C_quantized_no_output,260-123440-0004.wav,generated_audios/generated_H2_128C_int8/260-123440-0004_generated.wav,12.02,0.330088,0.325759,0.027462,0.027101,1.09992,0.809559,1.753048
H2_128C_quantized_no_output,260-123440-0005.wav,generated_audios/generated_H2_128C_int8/260-123440-0005_generated.wav,3.105034,0.095338,0.091838,0.030704,0.029577,1.10035,0.813804,1.538622
H2_128C_quantized_no_output,260-123440-0006.wav,generated_audios/generated_H2_128C_int8/260-123440-0006_generated.wav,2.715011,0.084157,0.080835,0.030997,0.029773,1.089352,0.791759,1.581065
H2_128C_quantized_no_output,260-123440-0007.wav,generated_audios/generated_H2_128C_int8/260-123440-0007_generated.wav,3.385034,0.103119,0.099864,0.030463,0.029502,1.082075,0.804952,1.818819
H2_128C_quantized_no_output,260-123440-0008.wav,generated_audios/generated_H2_128C_int8/260-123440-0008_generated.wav,3.745034,0.110079,0.106581,0.029393,0.028459,1.092796,0.807219,1.589021
H2_128C_quantized_no_output,260-123440-0009.wav,generated_audios/generated_H2_128C_int8/260-123440-0009_generated.wav,3.115011,0.095199,0.092228,0.030561,0.029608,1.117884,0.86917,1.912235
H2_128C_quantized_no_output,260-123440-0010.wav,generated_audios/generated_H2_128C_int8/260-123440-0010_generated.wav,8.315011,0.229024,0.224959,0.027543,0.027055,1.118089,0.794514,1.441156
H2_128C_quantized_no_output,260-123440-0011.wav,generated_audios/generated_H2_128C_int8/260-123440-0011_generated.wav,4.870023,0.139506,0.136519,0.028646,0.028033,1.119225,0.841083,1.602664
H2_128C_quantized_no_output,260-123440-0012.wav,generated_audios/generated_H2_128C_int8/260-123440-0012_generated.wav,5.245034,0.152246,0.148636,0.029027,0.028338,1.093582,0.828202,1.659967
H2_128C_quantized_no_output,260-123440-0013.wav,generated_audios/generated_H2_128C_int8/260-123440-0013_generated.wav,3.475011,0.105034,0.101612,0.030225,0.029241,1.102977,0.831678,1.729596
H2_128C_quantized_no_output,260-123440-0014.wav,generated_audios/generated_H2_128C_int8/260-123440-0014_generated.wav,3.815011,0.114111,0.110619,0.029911,0.028996,1.147092,0.853304,1.774646
H2_128C_quantized_no_output,260-123440-0015.wav,generated_audios/generated_H2_128C_int8/260-123440-0015_generated.wav,6.2,0.175521,0.171737,0.02831,0.027699,1.138809,0.839275,1.392632
H2_128C_quantized_no_output,260-123440-0016.wav,generated_audios/generated_H2_128C_int8/260-123440-0016_generated.wav,4.895011,0.142915,0.139025,0.029196,0.028401,1.120425,0.863631,1.410279
H2_128C_quantized_no_output,260-123440-0017.wav,generated_audios/generated_H2_128C_int8/260-123440-0017_generated.wav,3.070023,0.095501,0.092044,0.031108,0.029982,1.085095,0.795374,1.60424
H2_128C_quantized_no_output,260-123440-0018.wav,generated_audios/generated_H2_128C_int8/260-123440-0018_generated.wav,3.64,0.110849,0.107258,0.030453,0.029467,1.136828,0.860086,1.81443
H2_128C_quantized_no_output,260-123440-0019.wav,generated_audios/generated_H2_128C_int8/260-123440-0019_generated.wav,6.630023,0.187315,0.183487,0.028253,0.027675,1.106926,0.813432,1.502667
H2_128C_quantized_no_output,260-123440-0020.wav,generated_audios/generated_H2_128C_int8/260-123440-0020_generated.wav,4.995011,0.143624,0.140233,0.028754,0.028075,1.090727,0.821668,1.697218
H2_128C_quantized_no_output,61-70968-0000.wav,generated_audios/generated_H2_128C_int8/61-70968-0000_generated.wav,4.905034,0.141844,0.138307,0.028918,0.028197,1.068409,0.821623,1.378985
H2_128C_quantized_no_output,61-70968-0001.wav,generated_audios/generated_H2_128C_int8/61-70968-0001_generated.wav,3.610023,0.107776,0.104213,0.029855,0.028868,1.067598,0.780527,1.34026
H2_128C_quantized_no_output,61-70968-0002.wav,generated_audios/generated_H2_128C_int8/61-70968-0002_generated.wav,2.970023,0.091541,0.088142,0.030822,0.029677,1.088151,0.79596,1.347797
H2_128C_quantized_no_output,61-70968-0003.wav,generated_audios/generated_H2_128C_int8/61-70968-0003_generated.wav,4.315011,0.125013,0.121543,0.028972,0.028167,1.122705,0.820072,1.353271
H2_128C_quantized_no_output,61-70968-0004.wav,generated_audios/generated_H2_128C_int8/61-70968-0004_generated.wav,3.885034,0.115306,0.111791,0.02968,0.028775,1.128966,0.840441,1.34166
H2_128C_quantized_no_output,61-70968-0005.wav,generated_audios/generated_H2_128C_int8/61-70968-0005_generated.wav,5.070023,0.145796,0.142179,0.028756,0.028043,1.060009,0.752028,1.383846
H2_128C_quantized_no_output,61-70968-0006.wav,generated_audios/generated_H2_128C_int8/61-70968-0006_generated.wav,2.935011,0.091734,0.088459,0.031255,0.030139,1.12077,0.835731,1.349941
H2_128C_quantized_no_output,61-70968-0007.wav,generated_audios/generated_H2_128C_int8/61-70968-0007_generated.wav,3.550023,0.105206,0.102645,0.029635,0.028914,1.058822,0.675656,1.367323
H2_128C_quantized_no_output,61-70968-0008.wav,generated_audios/generated_H2_128C_int8/61-70968-0008_generated.wav,3.535011,0.105733,0.102275,0.02991,0.028932,1.066835,0.777266,1.295155
H2_128C_quantized_no_output,61-70968-0009.wav,generated_audios/generated_H2_128C_int8/61-70968-0009_generated.wav,4.510023,0.132086,0.128378,0.029287,0.028465,1.099164,0.751217,1.490792
H2_128C_quantized_no_output,61-70968-0010.wav,generated_audios/generated_H2_128C_int8/61-70968-0010_generated.wav,8.295011,0.227456,0.223935,0.027421,0.026996,1.086288,0.800924,1.385781
H2_128C_quantized_no_output,61-70968-0011.wav,generated_audios/generated_H2_128C_int8/61-70968-0011_generated.wav,6.375011,0.179315,0.176118,0.028128,0.027626,1.109891,0.817064,1.303106
H2_128C_quantized_no_output,61-70968-0012.wav,generated_audios/generated_H2_128C_int8/61-70968-0012_generated.wav,2.610023,0.084621,0.081216,0.032422,0.031117,1.253703,0.903804,1.183556
H2_128C_quantized_no_output,61-70968-0013.wav,generated_audios/generated_H2_128C_int8/61-70968-0013_generated.wav,4.450023,0.128661,0.125978,0.028912,0.02831,1.122585,0.81633,1.325804
H2_128C_quantized_no_output,61-70968-0014.wav,generated_audios/generated_H2_128C_int8/61-70968-0014_generated.wav,7.485034,0.207576,0.203612,0.027732,0.027203,1.0939,0.821117,1.380526
H2_128C_quantized_no_output,61-70968-0015.wav,generated_audios/generated_H2_128C_int8/61-70968-0015_generated.wav,5.375011,0.156032,0.152391,0.029029,0.028352,1.124063,0.827328,1.333722
H2_128C_quantized_no_output,61-70968-0016.wav,generated_audios/generated_H2_128C_int8/61-70968-0016_generated.wav,3.72,0.118928,0.115547,0.03197,0.031061,1.164179,0.853126,1.229065
H2_128C_quantized_no_output,61-70968-0017.wav,generated_audios/generated_H2_128C_int8/61-70968-0017_generated.wav,5.110023,0.149265,0.145638,0.02921,0.0285,1.126312,0.825748,1.309776
H2_128C_quantized_no_output,61-70968-0018.wav,generated_audios/generated_H2_128C_int8/61-70968-0018_generated.wav,2.405034,0.077947,0.074678,0.03241,0.031051,1.109604,0.849972,1.35568
H2_128C_quantized_no_output,61-70968-0019.wav,generated_audios/generated_H2_128C_int8/61-70968-0019_generated.wav,5.475011,0.158122,0.154347,0.028881,0.028191,1.117969,0.834985,1.339402
H2_128C_quantized_no_output,61-70968-0020.wav,generated_audios/generated_H2_128C_int8/61-70968-0020_generated.wav,5.105034,0.14895,0.145252,0.029177,0.028453,1.188436,0.821786,1.134885
H2_128C_quantized_no_output,61-70968-0021.wav,generated_audios/generated_H2_128C_int8/61-70968-0021_generated.wav,2.690023,0.084904,0.081626,0.031563,0.030344,1.139191,0.813183,1.282001
H2_128C_quantized_no_output,61-70968-0022.wav,generated_audios/generated_H2_128C_int8/61-70968-0022_generated.wav,4.670023,0.135182,0.131514,0.028947,0.028161,1.063889,0.763771,1.407203
H2_128C_quantized_no_output,61-70968-0023.wav,generated_audios/generated_H2_128C_int8/61-70968-0023_generated.wav,5.025034,0.144977,0.141138,0.028851,0.028087,1.174026,0.848311,1.208621
H2_128C_quantized_no_output,61-70968-0024.wav,generated_audios/generated_H2_128C_int8/61-70968-0024_generated.wav,6.025034,0.175571,0.171833,0.02914,0.02852,1.048189,0.807143,1.200491
H2_128C_quantized_no_output,61-70968-0025.wav,generated_audios/generated_H2_128C_int8/61-70968-0025_generated.wav,4.410023,0.128343,0.124717,0.029102,0.02828,1.164203,0.839322,1.225041
H2_128C_quantized_no_output,61-70968-0026.wav,generated_audios/generated_H2_128C_int8/61-70968-0026_generated.wav,4.92,0.142536,0.138806,0.028971,0.028213,1.146548,0.860949,1.28169
H2_128C_quantized_no_output,61-70968-0027.wav,generated_audios/generated_H2_128C_int8/61-70968-0027_generated.wav,6.870023,0.195417,0.191748,0.028445,0.027911,1.498943,0.912721,0.808494
H2_128C_quantized_no_output,61-70968-0028.wav,generated_audios/generated_H2_128C_int8/61-70968-0028_generated.wav,5.355011,0.153246,0.149862,0.028617,0.027985,1.492703,0.911138,0.806799
H2_128C_quantized_no_output,61-70968-0029.wav,generated_audios/generated_H2_128C_int8/61-70968-0029_generated.wav,3.495011,0.10522,0.101946,0.030106,0.029169,1.548513,0.908061,0.821938
H2_128C_quantized_no_output,61-70968-0030.wav,generated_audios/generated_H2_128C_int8/61-70968-0030_generated.wav,5.685034,0.165012,0.161093,0.029026,0.028336,1.536362,0.909055,0.779104
H2_128C_quantized_no_output,61-70968-0031.wav,generated_audios/generated_H2_128C_int8/61-70968-0031_generated.wav,2.925034,0.09366,0.090026,0.03202,0.030778,1.349254,0.877908,0.820886
H2_128C_quantized_no_output,61-70968-0032.wav,generated_audios/generated_H2_128C_int8/61-70968-0032_generated.wav,4.28,0.123336,0.120188,0.028817,0.028081,1.622856,0.885984,0.820947
H2_128C_quantized_no_output,61-70968-0033.wav,generated_audios/generated_H2_128C_int8/61-70968-0033_generated.wav,5.685034,0.164977,0.161304,0.02902,0.028373,1.552487,0.927457,0.821658
H2_128C_quantized_no_output,61-70968-0034.wav,generated_audios/generated_H2_128C_int8/61-70968-0034_generated.wav,4.230023,0.124256,0.120985,0.029375,0.028601,1.644659,0.918363,0.740587
H2_128C_quantized_no_output,61-70968-0035.wav,generated_audios/generated_H2_128C_int8/61-70968-0035_generated.wav,7.950023,0.218151,0.214581,0.02744,0.026991,1.436485,0.906119,0.780172
H2_128C_quantized_no_output,61-70968-0036.wav,generated_audios/generated_H2_128C_int8/61-70968-0036_generated.wav,2.934966,0.092008,0.08846,0.031349,0.03014,1.537536,0.906369,0.80573
H2_128C_quantized_no_output,61-70968-0037.wav,generated_audios/generated_H2_128C_int8/61-70968-0037_generated.wav,4.315011,0.124375,0.121328,0.028824,0.028118,1.302711,0.834001,0.965679
H2_128C_quantized_no_output,61-70968-0038.wav,generated_audios/generated_H2_128C_int8/61-70968-0038_generated.wav,2.050023,0.070637,0.067425,0.034457,0.03289,1.505336,0.806049,1.121273
H2_128C_quantized_no_output,61-70968-0039.wav,generated_audios/generated_H2_128C_int8/61-70968-0039_generated.wav,3.805034,0.112791,0.109369,0.029643,0.028743,1.454877,0.875259,0.991726
H2_128C_quantized_no_output,61-70968-0040.wav,generated_audios/generated_H2_128C_int8/61-70968-0040_generated.wav,3.950023,0.116214,0.112733,0.029421,0.02854,1.55764,0.89459,0.88882
H2_128C_quantized_no_output,61-70968-0041.wav,generated_audios/generated_H2_128C_int8/61-70968-0041_generated.wav,6.825034,0.192529,0.188646,0.028209,0.02764,1.522325,0.87044,0.897184
H2_128C_quantized_no_output,61-70968-0042.wav,generated_audios/generated_H2_128C_int8/61-70968-0042_generated.wav,2.785034,0.08737,0.08387,0.031371,0.030114,1.477616,0.889611,0.850633
H2_128C_quantized_no_output,61-70968-0043.wav,generated_audios/generated_H2_128C_int8/61-70968-0043_generated.wav,6.735011,0.19336,0.189451,0.02871,0.028129,1.456113,0.855704,0.814506
H2_128C_quantized_no_output,61-70968-0044.wav,generated_audios/generated_H2_128C_int8/61-70968-0044_generated.wav,2.770023,0.087113,0.083614,0.031448,0.030185,1.319338,0.867672,0.937584
H2_128C_quantized_no_output,61-70968-0045.wav,generated_audios/generated_H2_128C_int8/61-70968-0045_generated.wav,3.475011,0.106966,0.103473,0.030781,0.029776,1.459751,0.853656,0.932934
H2_128C_quantized_no_output,61-70968-0046.wav,generated_audios/generated_H2_128C_int8/61-70968-0046_generated.wav,3.550023,0.108513,0.105015,0.030567,0.029582,1.404539,0.906627,0.850304
H2_128C_quantized_no_output,61-70968-0047.wav,generated_audios/generated_H2_128C_int8/61-70968-0047_generated.wav,4.775011,0.140319,0.136712,0.029386,0.028631,1.460294,0.89921,0.830224
H2_128C_quantized_no_output,61-70968-0048.wav,generated_audios/generated_H2_128C_int8/61-70968-0048_generated.wav,3.02,0.092616,0.089713,0.030667,0.029706,1.355422,0.86545,1.021392
H2_128C_quantized_no_output,61-70968-0049.wav,generated_audios/generated_H2_128C_int8/61-70968-0049_generated.wav,8.250023,0.229928,0.226196,0.02787,0.027418,1.437143,0.869938,0.863802
H2_128C_quantized_no_output,61-70968-0050.wav,generated_audios/generated_H2_128C_int8/61-70968-0050_generated.wav,5.58,0.165013,0.16128,0.029572,0.028903,1.419701,0.857584,0.892528
H2_128C_quantized_no_output,61-70968-0051.wav,generated_audios/generated_H2_128C_int8/61-70968-0051_generated.wav,3.135011,0.09805,0.094579,0.031276,0.030169,1.490686,0.874623,0.917021
H2_128C_quantized_no_output,61-70968-0052.wav,generated_audios/generated_H2_128C_int8/61-70968-0052_generated.wav,2.650023,0.084343,0.08107,0.031827,0.030592,1.60943,0.920081,0.740601
H2_128C_quantized_no_output,61-70968-0053.wav,generated_audios/generated_H2_128C_int8/61-70968-0053_generated.wav,4.22,0.124822,0.121261,0.029579,0.028735,1.422407,0.861428,0.95102
H2_128C_quantized_no_output,61-70968-0054.wav,generated_audios/generated_H2_128C_int8/61-70968-0054_generated.wav,7.86,0.217993,0.214079,0.027735,0.027237,1.454689,0.897091,0.823092
H2_128C_quantized_no_output,61-70968-0055.wav,generated_audios/generated_H2_128C_int8/61-70968-0055_generated.wav,3.965034,0.119318,0.115592,0.030092,0.029153,1.59468,0.885359,0.879457
H2_128C_quantized_no_output,61-70968-0056.wav,generated_audios/generated_H2_128C_int8/61-70968-0056_generated.wav,3.565034,0.10819,0.104819,0.030348,0.029402,1.577836,0.906047,0.854322
H2_128C_quantized_no_output,61-70968-0057.wav,generated_audios/generated_H2_128C_int8/61-70968-0057_generated.wav,5.065034,0.147467,0.144282,0.029115,0.028486,1.352908,0.880728,0.862415
H2_128C_quantized_no_output,61-70968-0058.wav,generated_audios/generated_H2_128C_int8/61-70968-0058_generated.wav,1.82,0.063763,0.060598,0.035035,0.033295,1.271621,0.860978,0.929603
H2_128C_quantized_no_output,61-70968-0059.wav,generated_audios/generated_H2_128C_int8/61-70968-0059_generated.wav,2.170023,0.072518,0.069286,0.033418,0.031929,1.634748,0.923735,0.952785
H2_128C_quantized_no_output,61-70968-0060.wav,generated_audios/generated_H2_128C_int8/61-70968-0060_generated.wav,3.735011,0.112126,0.108497,0.03002,0.029049,1.706853,0.910099,0.723487
H2_128C_quantized_no_output,61-70968-0061.wav,generated_audios/generated_H2_128C_int8/61-70968-0061_generated.wav,5.530023,0.159695,0.155928,0.028878,0.028197,1.256218,0.844835,1.096965
H2_128C_quantized_no_output,61-70968-0062.wav,generated_audios/generated_H2_128C_int8/61-70968-0062_generated.wav,2.555011,0.081248,0.077979,0.031799,0.03052,1.473684,0.842342,0.895302
H2_128C_quantized_no_output,61-70970-0000.wav,generated_audios/generated_H2_128C_int8/61-70970-0000_generated.wav,6.075011,0.17357,0.16986,0.028571,0.027961,1.423864,0.91421,0.789106
H2_128C_quantized_no_output,61-70970-0001.wav,generated_audios/generated_H2_128C_int8/61-70970-0001_generated.wav,6.155011,0.17463,0.170858,0.028372,0.027759,1.577619,0.926766,0.803833
H2_128C_quantized_no_output,61-70970-0002.wav,generated_audios/generated_H2_128C_int8/61-70970-0002_generated.wav,4.165034,0.122665,0.119091,0.029451,0.028593,1.554041,0.86129,0.951716
H2_128C_quantized_no_output,61-70970-0003.wav,generated_audios/generated_H2_128C_int8/61-70970-0003_generated.wav,3.835011,0.113751,0.111043,0.029661,0.028955,1.579449,0.889976,0.767463
H2_128C_quantized_no_output,61-70970-0004.wav,generated_audios/generated_H2_128C_int8/61-70970-0004_generated.wav,10.515011,0.291199,0.287774,0.027694,0.027368,1.557655,0.893599,0.780631
H2_128C_quantized_no_output,61-70970-0005.wav,generated_audios/generated_H2_128C_int8/61-70970-0005_generated.wav,2.02,0.070726,0.067623,0.035013,0.033477,1.510032,0.8668,1.07991
H2_128C_quantized_no_output,61-70970-0006.wav,generated_audios/generated_H2_128C_int8/61-70970-0006_generated.wav,2.335011,0.074919,0.071767,0.032085,0.030735,1.340218,0.901115,0.970502
H2_128C_quantized_no_output,61-70970-0007.wav,generated_audios/generated_H2_128C_int8/61-70970-0007_generated.wav,4.485034,0.129713,0.127136,0.028921,0.028347,1.479734,0.87696,0.920414
H2_128C_quantized_no_output,61-70970-0008.wav,generated_audios/generated_H2_128C_int8/61-70970-0008_generated.wav,2.150023,0.072268,0.068915,0.033613,0.032053,1.613901,0.885164,0.968625
H2_128C_quantized_no_output,61-70970-0009.wav,generated_audios/generated_H2_128C_int8/61-70970-0009_generated.wav,3.405034,0.104465,0.101056,0.03068,0.029678,1.676855,0.924057,0.723559
H2_128C_quantized_no_output,61-70970-0010.wav,generated_audios/generated_H2_128C_int8/61-70970-0010_generated.wav,3.045034,0.094251,0.090832,0.030952,0.029829,1.576021,0.88846,0.819258
H2_128C_quantized_no_output,61-70970-0011.wav,generated_audios/generated_H2_128C_int8/61-70970-0011_generated.wav,6.075011,0.173411,0.169597,0.028545,0.027917,1.495384,0.862237,0.835405
H2_128C_quantized_no_output,61-70970-0012.wav,generated_audios/generated_H2_128C_int8/61-70970-0012_generated.wav,3.135011,0.097281,0.094034,0.03103,0.029995,1.473662,0.921521,0.77345
H2_128C_quantized_no_output,61-70970-0013.wav,generated_audios/generated_H2_128C_int8/61-70970-0013_generated.wav,4.350023,0.126432,0.123025,0.029065,0.028281,1.402213,0.905539,0.860808
H2_128C_quantized_no_output,61-70970-0014.wav,generated_audios/generated_H2_128C_int8/61-70970-0014_generated.wav,3.405034,0.102473,0.099804,0.030094,0.029311,1.477602,0.922272,0.829687
H2_128C_quantized_no_output,61-70970-0015.wav,generated_audios/generated_H2_128C_int8/61-70970-0015_generated.wav,8.415011,0.239354,0.235463,0.028444,0.027981,1.438068,0.909788,0.878386
H2_128C_quantized_no_output,61-70970-0016.wav,generated_audios/generated_H2_128C_int8/61-70970-0016_generated.wav,4.370023,0.126861,0.124164,0.02903,0.028413,1.461715,0.919652,0.922798
H2_128C_quantized_no_output,61-70970-0017.wav,generated_audios/generated_H2_128C_int8/61-70970-0017_generated.wav,2.550023,0.079673,0.077128,0.031244,0.030246,1.338143,0.8599,1.01548
H2_128C_quantized_no_output,61-70970-0018.wav,generated_audios/generated_H2_128C_int8/61-70970-0018_generated.wav,4.6,0.134763,0.131269,0.029296,0.028537,1.471445,0.868708,0.907502
H2_128C_quantized_no_output,61-70970-0019.wav,generated_audios/generated_H2_128C_int8/61-70970-0019_generated.wav,3.78,0.114123,0.110725,0.030191,0.029292,1.526445,0.903591,0.916973
H2_128C_quantized_no_output,61-70970-0020.wav,generated_audios/generated_H2_128C_int8/61-70970-0020_generated.wav,5.025034,0.145771,0.141932,0.029009,0.028245,1.34974,0.831893,1.054003
H2_128C_quantized_no_output,61-70970-0021.wav,generated_audios/generated_H2_128C_int8/61-70970-0021_generated.wav,5.405034,0.153103,0.149654,0.028326,0.027688,1.575001,0.891097,0.820369
H2_128C_quantized_no_output,61-70970-0022.wav,generated_audios/generated_H2_128C_int8/61-70970-0022_generated.wav,3.970023,0.118107,0.114547,0.02975,0.028853,1.610004,0.886287,0.870751
H2_128C_quantized_no_output,61-70970-0023.wav,generated_audios/generated_H2_128C_int8/61-70970-0023_generated.wav,3.705034,0.109715,0.106637,0.029612,0.028782,1.516058,0.911007,0.744486
H2_128C_quantized_no_output,61-70970-0024.wav,generated_audios/generated_H2_128C_int8/61-70970-0024_generated.wav,7.235011,0.205503,0.202452,0.028404,0.027982,1.527364,0.915665,0.807071
H2_128C_quantized_no_output,61-70970-0025.wav,generated_audios/generated_H2_128C_int8/61-70970-0025_generated.wav,7.435011,0.2199,0.215753,0.029576,0.029019,1.615871,0.925473,0.798582
H2_128C_quantized_no_output,61-70970-0026.wav,generated_audios/generated_H2_128C_int8/61-70970-0026_generated.wav,5.475011,0.158897,0.155184,0.029022,0.028344,1.57124,0.905163,0.744202
H2_128C_quantized_no_output,61-70970-0027.wav,generated_audios/generated_H2_128C_int8/61-70970-0027_generated.wav,5.08,0.148109,0.144919,0.029155,0.028527,1.55878,0.891642,0.802854
H2_128C_quantized_no_output,61-70970-0028.wav,generated_audios/generated_H2_128C_int8/61-70970-0028_generated.wav,6.550023,0.1864,0.182605,0.028458,0.027879,1.705914,0.92054,0.732002
H2_128C_quantized_no_output,61-70970-0029.wav,generated_audios/generated_H2_128C_int8/61-70970-0029_generated.wav,4.030023,0.117303,0.114001,0.029107,0.028288,1.659971,0.883379,0.844047
H2_128C_quantized_no_output,61-70970-0030.wav,generated_audios/generated_H2_128C_int8/61-70970-0030_generated.wav,3.24,0.0974,0.09388,0.030062,0.028975,1.459079,0.868714,0.756483
H2_128C_quantized_no_output,61-70970-0031.wav,generated_audios/generated_H2_128C_int8/61-70970-0031_generated.wav,5.135011,0.148582,0.144892,0.028935,0.028217,1.41939,0.895731,0.860128
H2_128C_quantized_no_output,61-70970-0032.wav,generated_audios/generated_H2_128C_int8/61-70970-0032_generated.wav,3.135011,0.097369,0.094238,0.031059,0.03006,1.351134,0.890085,0.862399
H2_128C_quantized_no_output,61-70970-0033.wav,generated_audios/generated_H2_128C_int8/61-70970-0033_generated.wav,3.42,0.103366,0.100089,0.030224,0.029266,1.441772,0.91512,0.800901
H2_128C_quantized_no_output,61-70970-0034.wav,generated_audios/generated_H2_128C_int8/61-70970-0034_generated.wav,4.485034,0.128859,0.126727,0.028731,0.028255,1.459365,0.870055,0.816881
H2_128C_quantized_no_output,61-70970-0035.wav,generated_audios/generated_H2_128C_int8/61-70970-0035_generated.wav,7.405034,0.20873,0.204828,0.028188,0.027661,1.54482,0.901289,0.763931
H2_128C_quantized_no_output,61-70970-0036.wav,generated_audios/generated_H2_128C_int8/61-70970-0036_generated.wav,6.785034,0.190071,0.186178,0.028013,0.027439,1.518955,0.888306,0.786731
H2_128C_quantized_no_output,61-70970-0037.wav,generated_audios/generated_H2_128C_int8/61-70970-0037_generated.wav,5.98,0.169813,0.16678,0.028397,0.02789,1.514246,0.903327,0.819885
H2_128C_quantized_no_output,61-70970-0038.wav,generated_audios/generated_H2_128C_int8/61-70970-0038_generated.wav,10.4,0.289138,0.284554,0.027802,0.027361,1.424475,0.895027,0.830292
H2_128C_quantized_no_output,61-70970-0039.wav,generated_audios/generated_H2_128C_int8/61-70970-0039_generated.wav,6.665034,0.187405,0.183768,0.028118,0.027572,1.418098,0.861869,0.777219
H2_128C_quantized_no_output,61-70970-0040.wav,generated_audios/generated_H2_128C_int8/61-70970-0040_generated.wav,4.165034,0.121848,0.11836,0.029255,0.028418,1.512741,0.908044,0.825746
H2_128C_quantized_no_output,672-122797-0000.wav,generated_audios/generated_H2_128C_int8/672-122797-0000_generated.wav,4.070023,0.119971,0.11692,0.029477,0.028727,1.578145,0.924363,0.848038
H2_128C_quantized_no_output,672-122797-0001.wav,generated_audios/generated_H2_128C_int8/672-122797-0001_generated.wav,15.130023,0.411092,0.406945,0.027171,0.026897,1.675437,0.921928,0.842461
H2_128C_quantized_no_output,672-122797-0002.wav,generated_audios/generated_H2_128C_int8/672-122797-0002_generated.wav,13.62,0.370539,0.365688,0.027206,0.026849,1.616219,0.914892,0.854845
H2_128C_quantized_no_output,672-122797-0003.wav,generated_audios/generated_H2_128C_int8/672-122797-0003_generated.wav,4.76,0.139743,0.135998,0.029358,0.028571,1.421934,0.833745,1.028496
H2_128C_quantized_no_output,672-122797-0004.wav,generated_audios/generated_H2_128C_int8/672-122797-0004_generated.wav,10.250023,0.286031,0.281919,0.027905,0.027504,1.504401,0.860426,0.968186
H2_128C_quantized_no_output,672-122797-0005.wav,generated_audios/generated_H2_128C_int8/672-122797-0005_generated.wav,3.26,0.100771,0.097305,0.030911,0.029848,1.423859,0.757764,1.100217
H2_128C_quantized_no_output,672-122797-0006.wav,generated_audios/generated_H2_128C_int8/672-122797-0006_generated.wav,13.950023,0.376166,0.371614,0.026965,0.026639,1.345862,0.754173,0.993561
H2_128C_quantized_no_output,672-122797-0007.wav,generated_audios/generated_H2_128C_int8/672-122797-0007_generated.wav,6.42,0.180348,0.177366,0.028092,0.027627,1.478862,0.778652,1.033025
H2_128C_quantized_no_output,672-122797-0008.wav,generated_audios/generated_H2_128C_int8/672-122797-0008_generated.wav,30.810023,0.830581,0.823366,0.026958,0.026724,1.660792,0.815796,0.793114
H2_128C_quantized_no_output,672-122797-0009.wav,generated_audios/generated_H2_128C_int8/672-122797-0009_generated.wav,2.765034,0.087835,0.084425,0.031766,0.030533,1.563438,0.804349,0.786858
H2_128C_quantized_no_output,672-122797-0010.wav,generated_audios/generated_H2_128C_int8/672-122797-0010_generated.wav,3.815011,0.113677,0.110093,0.029797,0.028858,1.536741,0.862371,0.742891
H2_128C_quantized_no_output,672-122797-0011.wav,generated_audios/generated_H2_128C_int8/672-122797-0011_generated.wav,2.54,0.081405,0.078055,0.032049,0.03073,1.47495,0.838531,0.709285
H2_128C_quantized_no_output,672-122797-0012.wav,generated_audios/generated_H2_128C_int8/672-122797-0012_generated.wav,7.765034,0.21367,0.209939,0.027517,0.027036,1.561999,0.857383,0.705768
H2_128C_quantized_no_output,672-122797-0013.wav,generated_audios/generated_H2_128C_int8/672-122797-0013_generated.wav,8.705034,0.240512,0.236385,0.027629,0.027155,1.717255,0.804974,0.7644
H2_128C_quantized_no_output,672-122797-0014.wav,generated_audios/generated_H2_128C_int8/672-122797-0014_generated.wav,2.555011,0.079743,0.076392,0.03121,0.029899,1.647173,0.872061,0.775864
H2_128C_quantized_no_output,672-122797-0015.wav,generated_audios/generated_H2_128C_int8/672-122797-0015_generated.wav,4.455011,0.128057,0.124566,0.028745,0.027961,1.611576,0.839213,0.766131
H2_128C_quantized_no_output,672-122797-0016.wav,generated_audios/generated_H2_128C_int8/672-122797-0016_generated.wav,9.215011,0.257992,0.253859,0.027997,0.027548,1.550433,0.821663,0.780571
H2_128C_quantized_no_output,672-122797-0017.wav,generated_audios/generated_H2_128C_int8/672-122797-0017_generated.wav,4.82,0.13696,0.133213,0.028415,0.027638,1.574098,0.858925,0.67069
H2_128C_quantized_no_output,672-122797-0018.wav,generated_audios/generated_H2_128C_int8/672-122797-0018_generated.wav,4.930023,0.14328,0.139865,0.029063,0.02837,1.58485,0.850462,0.756205
H2_128C_quantized_no_output,672-122797-0019.wav,generated_audios/generated_H2_128C_int8/672-122797-0019_generated.wav,4.110023,0.123695,0.120029,0.030096,0.029204,1.497485,0.808439,0.825774
H2_128C_quantized_no_output,672-122797-0020.wav,generated_audios/generated_H2_128C_int8/672-122797-0020_generated.wav,8.825034,0.243978,0.241104,0.027646,0.027321,1.567288,0.789694,0.837076
H2_128C_quantized_no_output,672-122797-0021.wav,generated_audios/generated_H2_128C_int8/672-122797-0021_generated.wav,4.150023,0.121397,0.117802,0.029252,0.028386,1.707047,0.895348,0.765234
H2_128C_quantized_no_output,672-122797-0022.wav,generated_audios/generated_H2_128C_int8/672-122797-0022_generated.wav,19.004943,0.516404,0.510874,0.027172,0.026881,1.084459,0.688019,1.487138
H2_128C_quantized_no_output,672-122797-0023.wav,generated_audios/generated_H2_128C_int8/672-122797-0023_generated.wav,9.695102,0.268345,0.263974,0.027678,0.027228,1.061004,0.712982,1.503743
H2_128C_quantized_no_output,672-122797-0024.wav,generated_audios/generated_H2_128C_int8/672-122797-0024_generated.wav,4.130023,0.121773,0.118376,0.029485,0.028662,1.066563,0.645906,1.634131
H2_128C_quantized_no_output,672-122797-0025.wav,generated_audios/generated_H2_128C_int8/672-122797-0025_generated.wav,10.690023,0.297004,0.29235,0.027783,0.027348,1.085962,0.766818,1.431411
H2_128C_quantized_no_output,672-122797-0026.wav,generated_audios/generated_H2_128C_int8/672-122797-0026_generated.wav,13.96,0.380311,0.37566,0.027243,0.02691,1.052491,0.667175,1.532072
H2_128C_quantized_no_output,672-122797-0027.wav,generated_audios/generated_H2_128C_int8/672-122797-0027_generated.wav,4.790023,0.139561,0.135891,0.029136,0.02837,1.085811,0.646404,1.575678
H2_128C_quantized_no_output,672-122797-0028.wav,generated_audios/generated_H2_128C_int8/672-122797-0028_generated.wav,2.610023,0.085051,0.081319,0.032586,0.031157,1.094751,0.765562,1.491567
H2_128C_quantized_no_output,672-122797-0029.wav,generated_audios/generated_H2_128C_int8/672-122797-0029_generated.wav,3.050023,0.093146,0.089883,0.030539,0.02947,1.1696,0.812932,1.389583
H2_128C_quantized_no_output,672-122797-0030.wav,generated_audios/generated_H2_128C_int8/672-122797-0030_generated.wav,4.575011,0.133698,0.130622,0.029223,0.028551,1.087136,0.789938,1.440291
H2_128C_quantized_no_output,672-122797-0031.wav,generated_audios/generated_H2_128C_int8/672-122797-0031_generated.wav,3.98,0.118364,0.114821,0.02974,0.028849,1.186013,0.750594,1.461851
H2_128C_quantized_no_output,672-122797-0032.wav,generated_audios/generated_H2_128C_int8/672-122797-0032_generated.wav,4.0,0.118324,0.114861,0.029581,0.028715,1.075954,0.667376,1.507461
H2_128C_quantized_no_output,672-122797-0033.wav,generated_audios/generated_H2_128C_int8/672-122797-0033_generated.wav,1.285034,0.052847,0.050444,0.041125,0.039255,1.0834,0.702903,1.431729
H2_128C_quantized_no_output,672-122797-0034.wav,generated_audios/generated_H2_128C_int8/672-122797-0034_generated.wav,5.110023,0.147358,0.143741,0.028837,0.028129,1.063858,0.796852,1.489785
H2_128C_quantized_no_output,672-122797-0035.wav,generated_audios/generated_H2_128C_int8/672-122797-0035_generated.wav,2.9,0.090755,0.087395,0.031295,0.030136,1.19411,0.863837,1.264849
H2_128C_quantized_no_output,672-122797-0036.wav,generated_audios/generated_H2_128C_int8/672-122797-0036_generated.wav,5.365034,0.155786,0.151813,0.029037,0.028297,1.079414,0.698639,1.22985
H2_128C_quantized_no_output,672-122797-0037.wav,generated_audios/generated_H2_128C_int8/672-122797-0037_generated.wav,1.96,0.066698,0.063737,0.03403,0.032519,1.09006,0.728809,1.3256
H2_128C_quantized_no_output,672-122797-0038.wav,generated_audios/generated_H2_128C_int8/672-122797-0038_generated.wav,8.8,0.240156,0.236458,0.02729,0.02687,1.080446,0.72929,1.481472
H2_128C_quantized_no_output,672-122797-0039.wav,generated_audios/generated_H2_128C_int8/672-122797-0039_generated.wav,4.025034,0.11862,0.114953,0.029471,0.028559,1.143112,0.772195,1.452755
H2_128C_quantized_no_output,672-122797-0040.wav,generated_audios/generated_H2_128C_int8/672-122797-0040_generated.wav,5.125034,0.1471,0.143893,0.028702,0.028076,1.107861,0.721925,1.518126
H2_128C_quantized_no_output,672-122797-0041.wav,generated_audios/generated_H2_128C_int8/672-122797-0041_generated.wav,3.88,0.116286,0.113144,0.029971,0.029161,1.072723,0.741792,1.558584
H2_128C_quantized_no_output,672-122797-0042.wav,generated_audios/generated_H2_128C_int8/672-122797-0042_generated.wav,15.310023,0.412255,0.407633,0.026927,0.026625,1.133052,0.592309,1.551384
H2_128C_quantized_no_output,672-122797-0043.wav,generated_audios/generated_H2_128C_int8/672-122797-0043_generated.wav,3.78,0.113375,0.11009,0.029993,0.029124,1.065346,0.661292,1.505604
H2_128C_quantized_no_output,672-122797-0044.wav,generated_audios/generated_H2_128C_int8/672-122797-0044_generated.wav,3.74,0.112902,0.109497,0.030188,0.029277,1.075943,0.663886,1.562895
H2_128C_quantized_no_output,672-122797-0045.wav,generated_audios/generated_H2_128C_int8/672-122797-0045_generated.wav,13.96,0.38017,0.375351,0.027233,0.026888,1.09748,0.789677,1.414699
H2_128C_quantized_no_output,672-122797-0046.wav,generated_audios/generated_H2_128C_int8/672-122797-0046_generated.wav,4.715011,0.135978,0.13224,0.028839,0.028047,1.089807,0.722198,1.538575
H2_128C_quantized_no_output,672-122797-0047.wav,generated_audios/generated_H2_128C_int8/672-122797-0047_generated.wav,3.325034,0.099983,0.096971,0.03007,0.029164,1.270189,0.754448,1.252563
H2_128C_quantized_no_output,672-122797-0048.wav,generated_audios/generated_H2_128C_int8/672-122797-0048_generated.wav,6.555011,0.186217,0.182714,0.028408,0.027874,1.05849,0.628526,1.535215
H2_128C_quantized_no_output,672-122797-0049.wav,generated_audios/generated_H2_128C_int8/672-122797-0049_generated.wav,2.02,0.069785,0.0665,0.034547,0.032921,1.255973,0.685811,1.515312
H2_128C_quantized_no_output,672-122797-0050.wav,generated_audios/generated_H2_128C_int8/672-122797-0050_generated.wav,4.855011,0.140797,0.137431,0.029,0.028307,1.079546,0.730739,1.434096
H2_128C_quantized_no_output,672-122797-0051.wav,generated_audios/generated_H2_128C_int8/672-122797-0051_generated.wav,4.665034,0.135902,0.132251,0.029132,0.028349,1.079799,0.696003,1.465749
H2_128C_quantized_no_output,672-122797-0052.wav,generated_audios/generated_H2_128C_int8/672-122797-0052_generated.wav,4.285034,0.127734,0.124055,0.029809,0.028951,1.074419,0.749755,1.397777
H2_128C_quantized_no_output,672-122797-0053.wav,generated_audios/generated_H2_128C_int8/672-122797-0053_generated.wav,2.955011,0.092454,0.089869,0.031287,0.030412,1.048332,0.657235,1.524195
H2_128C_quantized_no_output,672-122797-0054.wav,generated_audios/generated_H2_128C_int8/672-122797-0054_generated.wav,4.250023,0.122935,0.119187,0.028926,0.028044,1.141445,0.689698,1.387527
H2_128C_quantized_no_output,672-122797-0055.wav,generated_audios/generated_H2_128C_int8/672-122797-0055_generated.wav,8.230023,0.228087,0.224015,0.027714,0.027219,1.086077,0.704537,1.470605
H2_128C_quantized_no_output,672-122797-0056.wav,generated_audios/generated_H2_128C_int8/672-122797-0056_generated.wav,5.225034,0.148659,0.144971,0.028451,0.027745,1.070776,0.732289,1.469586
H2_128C_quantized_no_output,672-122797-0057.wav,generated_audios/generated_H2_128C_int8/672-122797-0057_generated.wav,6.56,0.1826,0.178846,0.027835,0.027263,1.092671,0.670368,1.460573
H2_128C_quantized_no_output,672-122797-0058.wav,generated_audios/generated_H2_128C_int8/672-122797-0058_generated.wav,4.470023,0.131739,0.128005,0.029472,0.028636,1.049177,0.640028,1.652408
H2_128C_quantized_no_output,672-122797-0059.wav,generated_audios/generated_H2_128C_int8/672-122797-0059_generated.wav,3.52,0.106353,0.103133,0.030214,0.029299,1.103676,0.739449,1.571872
H2_128C_quantized_no_output,672-122797-0060.wav,generated_audios/generated_H2_128C_int8/672-122797-0060_generated.wav,3.350023,0.103547,0.100245,0.030909,0.029924,1.106661,0.854019,1.457296
H2_128C_quantized_no_output,672-122797-0061.wav,generated_audios/generated_H2_128C_int8/672-122797-0061_generated.wav,7.590023,0.21335,0.209433,0.028109,0.027593,1.096087,0.798639,1.409379
H2_128C_quantized_no_output,672-122797-0062.wav,generated_audios/generated_H2_128C_int8/672-122797-0062_generated.wav,2.675011,0.085527,0.082447,0.031973,0.030821,1.117853,0.572047,1.661708
H2_128C_quantized_no_output,672-122797-0063.wav,generated_audios/generated_H2_128C_int8/672-122797-0063_generated.wav,5.075011,0.151892,0.143483,0.029929,0.028272,1.11522,0.75885,1.568372
H2_128C_quantized_no_output,672-122797-0064.wav,generated_audios/generated_H2_128C_int8/672-122797-0064_generated.wav,15.270023,0.413518,0.409102,0.02708,0.026791,1.108379,0.720893,1.414108
H2_128C_quantized_no_output,672-122797-0065.wav,generated_audios/generated_H2_128C_int8/672-122797-0065_generated.wav,3.030023,0.094012,0.090681,0.031027,0.029928,1.056142,0.667208,1.589013
H2_128C_quantized_no_output,672-122797-0066.wav,generated_audios/generated_H2_128C_int8/672-122797-0066_generated.wav,4.815011,0.139434,0.135874,0.028958,0.028219,1.08407,0.826524,1.382764
H2_128C_quantized_no_output,672-122797-0067.wav,generated_audios/generated_H2_128C_int8/672-122797-0067_generated.wav,13.035011,0.368354,0.363838,0.028259,0.027912,1.084881,0.772439,1.429385
H2_128C_quantized_no_output,672-122797-0068.wav,generated_audios/generated_H2_128C_int8/672-122797-0068_generated.wav,4.02,0.119857,0.116612,0.029815,0.029008,1.104885,0.71824,1.574833
H2_128C_quantized_no_output,672-122797-0069.wav,generated_audios/generated_H2_128C_int8/672-122797-0069_generated.wav,5.010023,0.144182,0.14043,0.028779,0.02803,1.084021,0.654057,1.507162
H2_128C_quantized_no_output,672-122797-0070.wav,generated_audios/generated_H2_128C_int8/672-122797-0070_generated.wav,6.270023,0.176244,0.172799,0.028109,0.02756,1.07206,0.779055,1.457691
H2_128C_quantized_no_output,672-122797-0071.wav,generated_audios/generated_H2_128C_int8/672-122797-0071_generated.wav,8.875011,0.248356,0.243954,0.027984,0.027488,1.079956,0.825957,1.399101
H2_128C_quantized_no_output,672-122797-0072.wav,generated_audios/generated_H2_128C_int8/672-122797-0072_generated.wav,7.94,0.220527,0.216826,0.027774,0.027308,1.087976,0.690046,1.541609
H2_128C_quantized_no_output,672-122797-0073.wav,generated_audios/generated_H2_128C_int8/672-122797-0073_generated.wav,8.205034,0.227047,0.22304,0.027672,0.027183,1.07943,0.786178,1.449444
H2_128C_quantized_no_output,672-122797-0074.wav,generated_audios/generated_H2_128C_int8/672-122797-0074_generated.wav,8.730023,0.2396,0.235473,0.027446,0.026973,1.135533,0.572736,1.607749
H2_128C_quantized_no_output,908-157963-0000.wav,generated_audios/generated_H2_128C_int8/908-157963-0000_generated.wav,12.62,0.348185,0.343689,0.02759,0.027234,1.124909,0.813643,1.465484
H2_128C_quantized_no_output,908-157963-0001.wav,generated_audios/generated_H2_128C_int8/908-157963-0001_generated.wav,2.885034,0.089871,0.086781,0.031151,0.03008,1.196082,0.867485,1.450394
H2_128C_quantized_no_output,908-157963-0002.wav,generated_audios/generated_H2_128C_int8/908-157963-0002_generated.wav,2.755011,0.086677,0.083347,0.031462,0.030253,1.215593,0.848129,1.43653
H2_128C_quantized_no_output,908-157963-0003.wav,generated_audios/generated_H2_128C_int8/908-157963-0003_generated.wav,3.08,0.095119,0.091819,0.030883,0.029811,1.133714,0.846597,1.361924
H2_128C_quantized_no_output,908-157963-0004.wav,generated_audios/generated_H2_128C_int8/908-157963-0004_generated.wav,13.990023,0.38026,0.375633,0.027181,0.02685,1.12509,0.803255,1.412434
H2_128C_quantized_no_output,908-157963-0005.wav,generated_audios/generated_H2_128C_int8/908-157963-0005_generated.wav,7.035011,0.200005,0.19583,0.02843,0.027837,1.118867,0.790933,1.517445
H2_128C_quantized_no_output,908-157963-0006.wav,generated_audios/generated_H2_128C_int8/908-157963-0006_generated.wav,8.110023,0.224073,0.219646,0.027629,0.027083,1.161761,0.78905,1.441806
H2_128C_quantized_no_output,908-157963-0007.wav,generated_audios/generated_H2_128C_int8/908-157963-0007_generated.wav,32.770023,0.886489,0.87892,0.027052,0.026821,1.120253,0.788736,1.461108
H2_128C_quantized_no_output,908-157963-0008.wav,generated_audios/generated_H2_128C_int8/908-157963-0008_generated.wav,19.950023,0.544287,0.538257,0.027283,0.02698,1.148072,0.796686,1.456539
H2_128C_quantized_no_output,908-157963-0009.wav,generated_audios/generated_H2_128C_int8/908-157963-0009_generated.wav,4.06,0.125042,0.122582,0.030799,0.030193,1.167783,0.81458,1.327565
H2_128C_quantized_no_output,908-157963-0010.wav,generated_audios/generated_H2_128C_int8/908-157963-0010_generated.wav,6.28,0.17612,0.173023,0.028045,0.027551,1.094105,0.71672,1.528817
H2_128C_quantized_no_output,908-157963-0011.wav,generated_audios/generated_H2_128C_int8/908-157963-0011_generated.wav,10.395011,0.286042,0.281994,0.027517,0.027128,1.090062,0.766671,1.482376
H2_128C_quantized_no_output,908-157963-0012.wav,generated_audios/generated_H2_128C_int8/908-157963-0012_generated.wav,10.090023,0.280462,0.276896,0.027796,0.027443,1.094904,0.754246,1.521281
H2_128C_quantized_no_output,908-157963-0013.wav,generated_audios/generated_H2_128C_int8/908-157963-0013_generated.wav,4.315011,0.126827,0.123044,0.029392,0.028515,1.103787,0.815614,1.688862
H2_128C_quantized_no_output,908-157963-0014.wav,generated_audios/generated_H2_128C_int8/908-157963-0014_generated.wav,4.52,0.130463,0.126882,0.028863,0.028071,1.1986,0.800441,1.650258
H2_128C_quantized_no_output,908-157963-0015.wav,generated_audios/generated_H2_128C_int8/908-157963-0015_generated.wav,14.465034,0.394022,0.389068,0.02724,0.026897,1.197638,0.839827,1.409936
H2_128C_quantized_no_output,908-157963-0016.wav,generated_audios/generated_H2_128C_int8/908-157963-0016_generated.wav,5.105034,0.148569,0.144681,0.029102,0.028341,1.179724,0.849501,1.46391
H2_128C_quantized_no_output,908-157963-0017.wav,generated_audios/generated_H2_128C_int8/908-157963-0017_generated.wav,4.950023,0.141676,0.138332,0.028621,0.027946,1.238292,0.832647,1.367483
H2_128C_quantized_no_output,908-157963-0018.wav,generated_audios/generated_H2_128C_int8/908-157963-0018_generated.wav,4.255011,0.124097,0.120574,0.029165,0.028337,1.147683,0.788583,1.398046
H2_128C_quantized_no_output,908-157963-0019.wav,generated_audios/generated_H2_128C_int8/908-157963-0019_generated.wav,21.44,0.576315,0.570568,0.02688,0.026612,1.086614,0.78685,1.59607
H2_128C_quantized_no_output,908-157963-0020.wav,generated_audios/generated_H2_128C_int8/908-157963-0020_generated.wav,9.8,0.271356,0.266943,0.027689,0.027239,1.163642,0.789783,1.575835
H2_128C_quantized_no_output,908-157963-0021.wav,generated_audios/generated_H2_128C_int8/908-157963-0021_generated.wav,10.24,0.292791,0.288211,0.028593,0.028146,1.145662,0.801102,1.519295
H2_128C_quantized_no_output,908-157963-0022.wav,generated_audios/generated_H2_128C_int8/908-157963-0022_generated.wav,4.610023,0.135744,0.132093,0.029446,0.028653,1.094207,0.792471,1.558076
H2_128C_quantized_no_output,908-157963-0023.wav,generated_audios/generated_H2_128C_int8/908-157963-0023_generated.wav,9.625034,0.269533,0.265182,0.028003,0.027551,1.130238,0.749663,1.510409
H2_128C_quantized_no_output,908-157963-0024.wav,generated_audios/generated_H2_128C_int8/908-157963-0024_generated.wav,3.44,0.105344,0.101939,0.030623,0.029633,1.090564,0.792421,1.611888
H2_128C_quantized_no_output,908-157963-0025.wav,generated_audios/generated_H2_128C_int8/908-157963-0025_generated.wav,9.265034,0.259083,0.254803,0.027964,0.027502,1.093174,0.773628,1.584308
H2_128C_quantized_no_output,908-157963-0026.wav,generated_audios/generated_H2_128C_int8/908-157963-0026_generated.wav,8.1,0.224533,0.220465,0.02772,0.027218,1.146835,0.810278,1.470636
H2_128C_quantized_no_output,908-157963-0027.wav,generated_audios/generated_H2_128C_int8/908-157963-0027_generated.wav,5.225034,0.14952,0.146027,0.028616,0.027947,1.094107,0.737402,1.622136
H2_128C_quantized_no_output,908-157963-0028.wav,generated_audios/generated_H2_128C_int8/908-157963-0028_generated.wav,4.955011,0.142628,0.139051,0.028785,0.028063,1.135866,0.831844,1.385108
H2_128C_quantized_no_output,908-157963-0029.wav,generated_audios/generated_H2_128C_int8/908-157963-0029_generated.wav,3.630023,0.111073,0.10767,0.030598,0.029661,1.196098,0.836671,1.411063
H2_128C_quantized_no_output,908-157963-0030.wav,generated_audios/generated_H2_128C_int8/908-157963-0030_generated.wav,4.52,0.131101,0.1276,0.029005,0.02823,1.132213,0.820788,1.536285
H2_128C_quantized_no_output,908-31957-0000.wav,generated_audios/generated_H2_128C_int8/908-31957-0000_generated.wav,2.125034,0.071101,0.068022,0.033459,0.03201,1.227249,0.835452,1.580973
H2_128C_quantized_no_output,908-31957-0001.wav,generated_audios/generated_H2_128C_int8/908-31957-0001_generated.wav,11.315011,0.303009,0.299025,0.026779,0.026427,1.092189,0.791071,1.623217
H2_128C_quantized_no_output,908-31957-0002.wav,generated_audios/generated_H2_128C_int8/908-31957-0002_generated.wav,4.790023,0.135213,0.131475,0.028228,0.027448,1.098174,0.810851,1.716323
H2_128C_quantized_no_output,908-31957-0003.wav,generated_audios/generated_H2_128C_int8/908-31957-0003_generated.wav,6.565034,0.176146,0.172528,0.026831,0.02628,1.112686,0.793808,1.502319
H2_128C_quantized_no_output,908-31957-0004.wav,generated_audios/generated_H2_128C_int8/908-31957-0004_generated.wav,14.755011,0.386245,0.381953,0.026177,0.025886,1.112229,0.801869,1.549836
H2_128C_quantized_no_output,908-31957-0005.wav,generated_audios/generated_H2_128C_int8/908-31957-0005_generated.wav,4.490023,0.125834,0.123087,0.028025,0.027413,1.152451,0.801918,1.753188
H2_128C_quantized_no_output,908-31957-0006.wav,generated_audios/generated_H2_128C_int8/908-31957-0006_generated.wav,5.890023,0.161733,0.158022,0.027459,0.026829,1.154811,0.794765,1.724198
H2_128C_quantized_no_output,908-31957-0007.wav,generated_audios/generated_H2_128C_int8/908-31957-0007_generated.wav,5.8,0.158781,0.155191,0.027376,0.026757,1.135053,0.806123,1.536363
H2_128C_quantized_no_output,908-31957-0008.wav,generated_audios/generated_H2_128C_int8/908-31957-0008_generated.wav,10.005034,0.269621,0.265389,0.026948,0.026526,1.115579,0.797029,1.599637
H2_128C_quantized_no_output,908-31957-0009.wav,generated_audios/generated_H2_128C_int8/908-31957-0009_generated.wav,7.705034,0.206413,0.202313,0.026789,0.026257,1.115872,0.795366,1.577539
H2_128C_quantized_no_output,908-31957-0010.wav,generated_audios/generated_H2_128C_int8/908-31957-0010_generated.wav,2.510023,0.078409,0.075071,0.031238,0.029908,1.125949,0.674786,1.988963
H2_128C_quantized_no_output,908-31957-0011.wav,generated_audios/generated_H2_128C_int8/908-31957-0011_generated.wav,2.335011,0.083472,0.080389,0.035748,0.034428,1.126024,0.703259,1.636859
H2_128C_quantized_no_output,908-31957-0012.wav,generated_audios/generated_H2_128C_int8/908-31957-0012_generated.wav,7.615011,0.202188,0.198302,0.026551,0.026041,1.112686,0.782569,1.650648
H2_128C_quantized_no_output,908-31957-0013.wav,generated_audios/generated_H2_128C_int8/908-31957-0013_generated.wav,6.18,0.169388,0.165359,0.027409,0.026757,1.159288,0.737051,1.699778
H2_128C_quantized_no_output,908-31957-0014.wav,generated_audios/generated_H2_128C_int8/908-31957-0014_generated.wav,7.56,0.202631,0.198768,0.026803,0.026292,1.105872,0.790604,1.731788
H2_128C_quantized_no_output,908-31957-0015.wav,generated_audios/generated_H2_128C_int8/908-31957-0015_generated.wav,21.465034,0.563203,0.557506,0.026238,0.025973,1.094482,0.787176,1.743922
H2_128C_quantized_no_output,908-31957-0016.wav,generated_audios/generated_H2_128C_int8/908-31957-0016_generated.wav,6.48,0.175959,0.172084,0.027154,0.026556,1.170812,0.812943,1.671879
H2_128C_quantized_no_output,908-31957-0017.wav,generated_audios/generated_H2_128C_int8/908-31957-0017_generated.wav,7.795011,0.210714,0.206524,0.027032,0.026494,1.107087,0.802844,1.718418
H2_128C_quantized_no_output,908-31957-0018.wav,generated_audios/generated_H2_128C_int8/908-31957-0018_generated.wav,3.915011,0.112542,0.10895,0.028746,0.027829,1.094284,0.821914,1.643785
H2_128C_quantized_no_output,908-31957-0019.wav,generated_audios/generated_H2_128C_int8/908-31957-0019_generated.wav,9.54,0.257775,0.253569,0.02702,0.02658,1.164712,0.801164,1.530813
H2_128C_quantized_no_output,908-31957-0020.wav,generated_audios/generated_H2_128C_int8/908-31957-0020_generated.wav,5.895011,0.162146,0.158648,0.027506,0.026912,1.13182,0.778844,1.675502
H2_128C_quantized_no_output,908-31957-0021.wav,generated_audios/generated_H2_128C_int8/908-31957-0021_generated.wav,10.905034,0.2905,0.285944,0.026639,0.026221,1.122707,0.793543,1.625698
H2_128C_quantized_no_output,908-31957-0022.wav,generated_audios/generated_H2_128C_int8/908-31957-0022_generated.wav,14.1,0.369019,0.364493,0.026172,0.025851,1.097665,0.788769,1.629554
H2_128C_quantized_no_output,908-31957-0023.wav,generated_audios/generated_H2_128C_int8/908-31957-0023_generated.wav,8.515011,0.225291,0.221329,0.026458,0.025993,1.13954,0.802539,1.744511
H2_128C_quantized_no_output,908-31957-0024.wav,generated_audios/generated_H2_128C_int8/908-31957-0024_generated.wav,7.54,0.20225,0.198152,0.026824,0.02628,1.095089,0.78372,1.750591
H2_128C_quantized_no_output,908-31957-0025.wav,generated_audios/generated_H2_128C_int8/908-31957-0025_generated.wav,20.56,0.534736,0.529101,0.026009,0.025734,1.114342,0.790367,1.861472
H2_256C_quantized_no_output,1089-134686-0000.wav,generated_audios/generated_H2_256C_int8/1089-134686-0000_generated.wav,10.435011,0.585649,0.582084,0.056123,0.055782,1.143183,0.83452,1.714176
H2_256C_quantized_no_output,1089-134686-0001.wav,generated_audios/generated_H2_256C_int8/1089-134686-0001_generated.wav,3.275011,0.19124,0.188195,0.058394,0.057464,1.093748,0.769599,2.099978
H2_256C_quantized_no_output,1089-134686-0002.wav,generated_audios/generated_H2_256C_int8/1089-134686-0002_generated.wav,6.625034,0.380184,0.376062,0.057386,0.056764,1.142592,0.823275,1.701313
H2_256C_quantized_no_output,1089-134686-0003.wav,generated_audios/generated_H2_256C_int8/1089-134686-0003_generated.wav,2.68,0.154914,0.151706,0.057804,0.056607,1.158501,0.849563,1.968167
H2_256C_quantized_no_output,1089-134686-0004.wav,generated_audios/generated_H2_256C_int8/1089-134686-0004_generated.wav,5.215102,0.292735,0.289073,0.056132,0.05543,1.186134,0.900288,1.777003
H2_256C_quantized_no_output,1089-134686-0005.wav,generated_audios/generated_H2_256C_int8/1089-134686-0005_generated.wav,9.635011,0.540586,0.536313,0.056106,0.055663,1.088358,0.749058,1.844428
H2_256C_quantized_no_output,1089-134686-0006.wav,generated_audios/generated_H2_256C_int8/1089-134686-0006_generated.wav,10.555011,0.588128,0.583442,0.05572,0.055276,1.113335,0.806026,1.810774
H2_256C_quantized_no_output,1089-134686-0007.wav,generated_audios/generated_H2_256C_int8/1089-134686-0007_generated.wav,4.275011,0.25394,0.250335,0.059401,0.058558,1.096174,0.778227,2.050853
H2_256C_quantized_no_output,1089-134686-0008.wav,generated_audios/generated_H2_256C_int8/1089-134686-0008_generated.wav,6.730023,0.383331,0.37951,0.056958,0.056391,1.092666,0.763462,1.867819
H2_256C_quantized_no_output,1089-134686-0009.wav,generated_audios/generated_H2_256C_int8/1089-134686-0009_generated.wav,10.575011,0.581292,0.576823,0.054968,0.054546,1.134883,0.855304,1.911616
H2_256C_quantized_no_output,1089-134686-0010.wav,generated_audios/generated_H2_256C_int8/1089-134686-0010_generated.wav,4.405034,0.24727,0.243694,0.056134,0.055322,1.250814,0.899933,1.511801
H2_256C_quantized_no_output,1089-134686-0011.wav,generated_audios/generated_H2_256C_int8/1089-134686-0011_generated.wav,12.445034,0.692541,0.687969,0.055648,0.055281,1.109384,0.808084,1.655795
H2_256C_quantized_no_output,1089-134686-0012.wav,generated_audios/generated_H2_256C_int8/1089-134686-0012_generated.wav,11.64,0.64964,0.644972,0.055811,0.05541,1.125438,0.774518,1.845776
H2_256C_quantized_no_output,1089-134686-0013.wav,generated_audios/generated_H2_256C_int8/1089-134686-0013_generated.wav,7.915011,0.454602,0.450942,0.057435,0.056973,1.099755,0.79032,1.825942
H2_256C_quantized_no_output,1089-134686-0014.wav,generated_audios/generated_H2_256C_int8/1089-134686-0014_generated.wav,2.225034,0.137546,0.134167,0.061817,0.060299,1.217237,0.884719,1.857155
H2_256C_quantized_no_output,1089-134686-0015.wav,generated_audios/generated_H2_256C_int8/1089-134686-0015_generated.wav,5.815011,0.334591,0.33157,0.057539,0.05702,1.161504,0.80186,2.154667
H2_256C_quantized_no_output,1089-134686-0016.wav,generated_audios/generated_H2_256C_int8/1089-134686-0016_generated.wav,3.54,0.207751,0.204339,0.058687,0.057723,1.139252,0.835866,1.904655
H2_256C_quantized_no_output,1089-134686-0017.wav,generated_audios/generated_H2_256C_int8/1089-134686-0017_generated.wav,8.870023,0.488543,0.484541,0.055078,0.054627,1.116173,0.839549,1.742188
H2_256C_quantized_no_output,1089-134686-0018.wav,generated_audios/generated_H2_256C_int8/1089-134686-0018_generated.wav,15.72,0.855334,0.850381,0.054411,0.054095,1.093975,0.777557,1.771974
H2_256C_quantized_no_output,1089-134686-0019.wav,generated_audios/generated_H2_256C_int8/1089-134686-0019_generated.wav,13.895011,0.769668,0.764595,0.055392,0.055027,1.103619,0.813669,1.655681
H2_256C_quantized_no_output,1089-134686-0020.wav,generated_audios/generated_H2_256C_int8/1089-134686-0020_generated.wav,16.790023,0.922363,0.917495,0.054935,0.054645,1.106812,0.799597,1.762678
H2_256C_quantized_no_output,1089-134686-0021.wav,generated_audios/generated_H2_256C_int8/1089-134686-0021_generated.wav,6.550023,0.38254,0.378405,0.058403,0.057772,1.10566,0.810051,1.847
H2_256C_quantized_no_output,1089-134686-0022.wav,generated_audios/generated_H2_256C_int8/1089-134686-0022_generated.wav,11.175011,0.618848,0.613748,0.055378,0.054922,1.151965,0.814372,1.707945
H2_256C_quantized_no_output,1089-134686-0023.wav,generated_audios/generated_H2_256C_int8/1089-134686-0023_generated.wav,13.275011,0.728563,0.723868,0.054882,0.054529,1.090611,0.796134,1.790798
H2_256C_quantized_no_output,1089-134686-0024.wav,generated_audios/generated_H2_256C_int8/1089-134686-0024_generated.wav,11.655011,0.660555,0.655846,0.056676,0.056272,1.093557,0.783313,1.669083
H2_256C_quantized_no_output,1089-134686-0025.wav,generated_audios/generated_H2_256C_int8/1089-134686-0025_generated.wav,6.610023,0.36979,0.36576,0.055944,0.055334,1.109584,0.84703,1.968511
H2_256C_quantized_no_output,1089-134686-0026.wav,generated_audios/generated_H2_256C_int8/1089-134686-0026_generated.wav,4.010023,0.231558,0.227954,0.057745,0.056846,1.157242,0.820745,1.864687
H2_256C_quantized_no_output,1089-134686-0027.wav,generated_audios/generated_H2_256C_int8/1089-134686-0027_generated.wav,2.710023,0.159329,0.157022,0.058792,0.057941,1.189044,0.889219,1.72688
H2_256C_quantized_no_output,1089-134686-0028.wav,generated_audios/generated_H2_256C_int8/1089-134686-0028_generated.wav,7.830023,0.46445,0.46053,0.059317,0.058816,1.155962,0.84269,1.504287
H2_256C_quantized_no_output,1089-134686-0029.wav,generated_audios/generated_H2_256C_int8/1089-134686-0029_generated.wav,4.670023,0.264325,0.260635,0.0566,0.05581,1.19228,0.852422,1.671883
H2_256C_quantized_no_output,1089-134686-0030.wav,generated_audios/generated_H2_256C_int8/1089-134686-0030_generated.wav,2.715011,0.156198,0.152817,0.057531,0.056286,1.196374,0.900341,1.532334
H2_256C_quantized_no_output,1089-134686-0031.wav,generated_audios/generated_H2_256C_int8/1089-134686-0031_generated.wav,6.615011,0.377861,0.374059,0.057122,0.056547,1.132043,0.773574,1.894875
H2_256C_quantized_no_output,121-121726-0000.wav,generated_audios/generated_H2_256C_int8/121-121726-0000_generated.wav,8.46,0.490441,0.486089,0.057972,0.057457,1.146804,0.853217,1.75835
H2_256C_quantized_no_output,121-121726-0001.wav,generated_audios/generated_H2_256C_int8/121-121726-0001_generated.wav,5.925034,0.336524,0.332566,0.056797,0.056129,1.302876,0.874194,1.316259
H2_256C_quantized_no_output,121-121726-0002.wav,generated_audios/generated_H2_256C_int8/121-121726-0002_generated.wav,4.410023,0.253865,0.250097,0.057566,0.056711,1.246003,0.817704,2.214477
H2_256C_quantized_no_output,121-121726-0003.wav,generated_audios/generated_H2_256C_int8/121-121726-0003_generated.wav,6.755011,0.381654,0.377675,0.056499,0.05591,1.276758,0.870327,1.31537
H2_256C_quantized_no_output,121-121726-0004.wav,generated_audios/generated_H2_256C_int8/121-121726-0004_generated.wav,4.02,0.229014,0.22555,0.056969,0.056107,1.115033,0.863727,1.720217
H2_256C_quantized_no_output,121-121726-0005.wav,generated_audios/generated_H2_256C_int8/121-121726-0005_generated.wav,3.1,0.177064,0.173452,0.057118,0.055952,1.223658,0.931763,1.52373
H2_256C_quantized_no_output,121-121726-0006.wav,generated_audios/generated_H2_256C_int8/121-121726-0006_generated.wav,3.895011,0.221271,0.217847,0.056809,0.05593,1.35373,0.859893,1.616865
H2_256C_quantized_no_output,121-121726-0007.wav,generated_audios/generated_H2_256C_int8/121-121726-0007_generated.wav,6.730023,0.389429,0.385556,0.057864,0.057289,1.119144,0.881994,1.327358
H2_256C_quantized_no_output,121-121726-0008.wav,generated_audios/generated_H2_256C_int8/121-121726-0008_generated.wav,4.990023,0.294007,0.290425,0.058919,0.058201,1.229871,0.878298,1.436926
H2_256C_quantized_no_output,121-121726-0009.wav,generated_audios/generated_H2_256C_int8/121-121726-0009_generated.wav,7.26,0.410945,0.406853,0.056604,0.05604,1.138993,0.856394,1.45471
H2_256C_quantized_no_output,121-121726-0010.wav,generated_audios/generated_H2_256C_int8/121-121726-0010_generated.wav,9.810023,0.549078,0.544837,0.055971,0.055539,1.142695,0.830122,1.574304
H2_256C_quantized_no_output,121-121726-0011.wav,generated_audios/generated_H2_256C_int8/121-121726-0011_generated.wav,4.035011,0.229898,0.226293,0.056976,0.056082,1.217369,0.891531,1.540679
H2_256C_quantized_no_output,121-121726-0012.wav,generated_audios/generated_H2_256C_int8/121-121726-0012_generated.wav,4.045034,0.227481,0.223672,0.056237,0.055295,1.179011,0.869029,2.497313
H2_256C_quantized_no_output,121-121726-0013.wav,generated_audios/generated_H2_256C_int8/121-121726-0013_generated.wav,2.490023,0.143317,0.140472,0.057557,0.056414,1.151608,0.834696,2.109596
H2_256C_quantized_no_output,121-121726-0014.wav,generated_audios/generated_H2_256C_int8/121-121726-0014_generated.wav,3.165034,0.188573,0.18517,0.05958,0.058505,1.417574,0.906905,1.555941
H2_256C_quantized_no_output,121-123852-0000.wav,generated_audios/generated_H2_256C_int8/121-123852-0000_generated.wav,17.695011,0.968308,0.963258,0.054722,0.054437,1.139029,0.860793,1.582121
H2_256C_quantized_no_output,121-123852-0001.wav,generated_audios/generated_H2_256C_int8/121-123852-0001_generated.wav,1.870023,0.115447,0.112362,0.061735,0.060086,1.087152,0.697187,2.085838
H2_256C_quantized_no_output,121-123852-0002.wav,generated_audios/generated_H2_256C_int8/121-123852-0002_generated.wav,17.285034,0.991896,0.986833,0.057385,0.057092,1.12229,0.829925,2.051678
H2_256C_quantized_no_output,121-123852-0003.wav,generated_audios/generated_H2_256C_int8/121-123852-0003_generated.wav,23.505034,1.290526,1.284832,0.054904,0.054662,1.101764,0.798561,2.059475
H2_256C_quantized_no_output,121-123852-0004.wav,generated_audios/generated_H2_256C_int8/121-123852-0004_generated.wav,16.290023,0.898112,0.892313,0.055133,0.054777,1.137208,0.835696,2.001847
H2_256C_quantized_no_output,121-123859-0000.wav,generated_audios/generated_H2_256C_int8/121-123859-0000_generated.wav,17.390023,0.956055,0.950631,0.054977,0.054665,1.092621,0.811127,2.12643
H2_256C_quantized_no_output,121-123859-0001.wav,generated_audios/generated_H2_256C_int8/121-123859-0001_generated.wav,25.395011,1.42074,1.414138,0.055946,0.055686,1.145582,0.850206,2.169925
H2_256C_quantized_no_output,121-123859-0002.wav,generated_audios/generated_H2_256C_int8/121-123859-0002_generated.wav,30.04,1.649156,1.641195,0.054899,0.054634,1.127681,0.834336,2.050142
H2_256C_quantized_no_output,121-123859-0003.wav,generated_audios/generated_H2_256C_int8/121-123859-0003_generated.wav,10.825034,0.599756,0.595068,0.055404,0.054971,1.150942,0.850657,2.110097
H2_256C_quantized_no_output,121-123859-0004.wav,generated_audios/generated_H2_256C_int8/121-123859-0004_generated.wav,9.505034,0.532273,0.527709,0.055999,0.055519,1.112704,0.832505,2.159957
H2_256C_quantized_no_output,121-127105-0000.wav,generated_audios/generated_H2_256C_int8/121-127105-0000_generated.wav,9.875011,0.565205,0.560991,0.057236,0.056809,1.122995,0.818691,1.254475
H2_256C_quantized_no_output,121-127105-0001.wav,generated_audios/generated_H2_256C_int8/121-127105-0001_generated.wav,5.025034,0.290699,0.286919,0.05785,0.057098,1.148208,0.834921,1.290982
H2_256C_quantized_no_output,121-127105-0002.wav,generated_audios/generated_H2_256C_int8/121-127105-0002_generated.wav,7.495011,0.442781,0.430835,0.059077,0.057483,1.124421,0.836684,1.452735
H2_256C_quantized_no_output,121-127105-0003.wav,generated_audios/generated_H2_256C_int8/121-127105-0003_generated.wav,7.725034,0.447294,0.442982,0.057902,0.057344,1.194879,0.857053,1.38677
H2_256C_quantized_no_output,121-127105-0004.wav,generated_audios/generated_H2_256C_int8/121-127105-0004_generated.wav,2.110023,0.130943,0.127877,0.062058,0.060605,1.068465,0.864714,1.452437
H2_256C_quantized_no_output,121-127105-0005.wav,generated_audios/generated_H2_256C_int8/121-127105-0005_generated.wav,5.82,0.330606,0.326498,0.056805,0.056099,1.157917,0.862628,1.080047
H2_256C_quantized_no_output,121-127105-0006.wav,generated_audios/generated_H2_256C_int8/121-127105-0006_generated.wav,4.725034,0.273362,0.269688,0.057854,0.057076,1.088335,0.844752,1.327895
H2_256C_quantized_no_output,121-127105-0007.wav,generated_audios/generated_H2_256C_int8/121-127105-0007_generated.wav,5.790023,0.328277,0.324543,0.056697,0.056052,1.127565,0.855425,1.385096
H2_256C_quantized_no_output,121-127105-0008.wav,generated_audios/generated_H2_256C_int8/121-127105-0008_generated.wav,2.76,0.162253,0.158939,0.058787,0.057587,1.132978,0.815063,1.682954
H2_256C_quantized_no_output,121-127105-0009.wav,generated_audios/generated_H2_256C_int8/121-127105-0009_generated.wav,2.290023,0.1372,0.13464,0.059912,0.058794,1.088436,0.813536,1.475908
H2_256C_quantized_no_output,121-127105-0010.wav,generated_audios/generated_H2_256C_int8/121-127105-0010_generated.wav,2.850023,0.165935,0.162663,0.058222,0.057074,1.12089,0.834296,1.324436
H2_256C_quantized_no_output,121-127105-0011.wav,generated_audios/generated_H2_256C_int8/121-127105-0011_generated.wav,5.78,0.340923,0.336971,0.058983,0.0583,1.131328,0.813711,1.301795
H2_256C_quantized_no_output,121-127105-0012.wav,generated_audios/generated_H2_256C_int8/121-127105-0012_generated.wav,4.830023,0.293223,0.289617,0.060708,0.059962,1.051662,0.785848,1.669837
H2_256C_quantized_no_output,121-127105-0013.wav,generated_audios/generated_H2_256C_int8/121-127105-0013_generated.wav,5.895011,0.336117,0.332304,0.057017,0.05637,1.111366,0.816571,1.331631
H2_256C_quantized_no_output,121-127105-0014.wav,generated_audios/generated_H2_256C_int8/121-127105-0014_generated.wav,2.255011,0.140377,0.137223,0.062251,0.060852,1.181808,0.777366,1.490788
H2_256C_quantized_no_output,121-127105-0015.wav,generated_audios/generated_H2_256C_int8/121-127105-0015_generated.wav,2.96,0.17524,0.172437,0.059203,0.058256,1.136367,0.814315,1.492621
H2_256C_quantized_no_output,121-127105-0016.wav,generated_audios/generated_H2_256C_int8/121-127105-0016_generated.wav,2.030023,0.123918,0.12062,0.061043,0.059418,1.148566,0.867569,1.443132
H2_256C_quantized_no_output,121-127105-0017.wav,generated_audios/generated_H2_256C_int8/121-127105-0017_generated.wav,2.695011,0.155255,0.152004,0.057608,0.056402,1.136686,0.846211,1.454583
H2_256C_quantized_no_output,121-127105-0018.wav,generated_audios/generated_H2_256C_int8/121-127105-0018_generated.wav,2.770023,0.159141,0.155709,0.057451,0.056212,1.099514,0.782795,1.48267
H2_256C_quantized_no_output,121-127105-0019.wav,generated_audios/generated_H2_256C_int8/121-127105-0019_generated.wav,3.525034,0.199272,0.195805,0.05653,0.055547,1.098705,0.813574,1.288938
H2_256C_quantized_no_output,121-127105-0020.wav,generated_audios/generated_H2_256C_int8/121-127105-0020_generated.wav,14.355011,0.776326,0.77175,0.05408,0.053762,1.159925,0.852566,1.287167
H2_256C_quantized_no_output,121-127105-0021.wav,generated_audios/generated_H2_256C_int8/121-127105-0021_generated.wav,2.0,0.124165,0.120965,0.062083,0.060482,1.118854,0.854534,1.354897
H2_256C_quantized_no_output,121-127105-0022.wav,generated_audios/generated_H2_256C_int8/121-127105-0022_generated.wav,5.075011,0.30045,0.296833,0.059202,0.058489,1.236937,0.845208,1.358116
H2_256C_quantized_no_output,121-127105-0023.wav,generated_audios/generated_H2_256C_int8/121-127105-0023_generated.wav,10.910023,0.590174,0.586185,0.054095,0.053729,1.171274,0.847342,1.323702
H2_256C_quantized_no_output,121-127105-0024.wav,generated_audios/generated_H2_256C_int8/121-127105-0024_generated.wav,14.450023,0.786679,0.781637,0.054441,0.054092,1.14762,0.822571,1.520868
H2_256C_quantized_no_output,121-127105-0025.wav,generated_audios/generated_H2_256C_int8/121-127105-0025_generated.wav,16.065034,0.880676,0.875629,0.054819,0.054505,1.156633,0.841052,1.231361
H2_256C_quantized_no_output,121-127105-0026.wav,generated_audios/generated_H2_256C_int8/121-127105-0026_generated.wav,7.530023,0.426804,0.42245,0.05668,0.056102,1.166986,0.860577,1.472236
H2_256C_quantized_no_output,121-127105-0027.wav,generated_audios/generated_H2_256C_int8/121-127105-0027_generated.wav,13.870023,0.755438,0.750718,0.054466,0.054125,1.178505,0.840961,1.314594
H2_256C_quantized_no_output,121-127105-0028.wav,generated_audios/generated_H2_256C_int8/121-127105-0028_generated.wav,6.750023,0.384618,0.380582,0.05698,0.056382,1.215707,0.86382,0.976734
H2_256C_quantized_no_output,121-127105-0029.wav,generated_audios/generated_H2_256C_int8/121-127105-0029_generated.wav,7.310023,0.433514,0.429361,0.059304,0.058736,1.165608,0.857354,1.35673
H2_256C_quantized_no_output,121-127105-0030.wav,generated_audios/generated_H2_256C_int8/121-127105-0030_generated.wav,2.175011,0.129071,0.125745,0.059343,0.057814,1.10802,0.827136,1.921203
H2_256C_quantized_no_output,121-127105-0031.wav,generated_audios/generated_H2_256C_int8/121-127105-0031_generated.wav,10.765034,0.586808,0.582589,0.054511,0.054119,1.130021,0.739367,1.498354
H2_256C_quantized_no_output,121-127105-0032.wav,generated_audios/generated_H2_256C_int8/121-127105-0032_generated.wav,3.170023,0.181841,0.178313,0.057363,0.05625,1.10867,0.849821,1.335607
H2_256C_quantized_no_output,121-127105-0033.wav,generated_audios/generated_H2_256C_int8/121-127105-0033_generated.wav,2.355011,0.13806,0.134355,0.058624,0.057051,1.155365,0.809921,1.468255
H2_256C_quantized_no_output,121-127105-0034.wav,generated_audios/generated_H2_256C_int8/121-127105-0034_generated.wav,7.410023,0.425491,0.421494,0.057421,0.056882,1.136468,0.815045,1.453017
H2_256C_quantized_no_output,121-127105-0035.wav,generated_audios/generated_H2_256C_int8/121-127105-0035_generated.wav,14.150023,0.800756,0.796076,0.05659,0.05626,1.162835,0.8144,1.292948
H2_256C_quantized_no_output,121-127105-0036.wav,generated_audios/generated_H2_256C_int8/121-127105-0036_generated.wav,4.150023,0.241387,0.237609,0.058165,0.057255,1.229629,0.786975,1.30265
H2_256C_quantized_no_output,237-126133-0000.wav,generated_audios/generated_H2_256C_int8/237-126133-0000_generated.wav,13.290023,0.735625,0.731114,0.055352,0.055012,1.126436,0.790886,1.829489
H2_256C_quantized_no_output,237-126133-0001.wav,generated_audios/generated_H2_256C_int8/237-126133-0001_generated.wav,11.965034,0.690124,0.685427,0.057678,0.057286,1.107506,0.771557,1.847636
H2_256C_quantized_no_output,237-126133-0002.wav,generated_audios/generated_H2_256C_int8/237-126133-0002_generated.wav,8.92,0.633151,0.628782,0.070981,0.070491,1.068218,0.777729,2.154828
H2_256C_quantized_no_output,237-126133-0003.wav,generated_audios/generated_H2_256C_int8/237-126133-0003_generated.wav,6.56,0.368281,0.364381,0.05614,0.055546,1.071225,0.699656,1.906708
H2_256C_quantized_no_output,237-126133-0004.wav,generated_audios/generated_H2_256C_int8/237-126133-0004_generated.wav,3.295011,0.188147,0.184656,0.0571,0.056041,1.090089,0.77939,1.964086
H2_256C_quantized_no_output,237-126133-0005.wav,generated_audios/generated_H2_256C_int8/237-126133-0005_generated.wav,6.510023,0.384125,0.380608,0.059005,0.058465,1.115734,0.799121,1.876469
H2_256C_quantized_no_output,237-126133-0006.wav,generated_audios/generated_H2_256C_int8/237-126133-0006_generated.wav,6.150023,0.346255,0.3423,0.056301,0.055658,1.157247,0.837205,2.15561
H2_256C_quantized_no_output,237-126133-0007.wav,generated_audios/generated_H2_256C_int8/237-126133-0007_generated.wav,8.68,0.486855,0.48278,0.056089,0.05562,1.118265,0.793107,1.964109
H2_256C_quantized_no_output,237-126133-0008.wav,generated_audios/generated_H2_256C_int8/237-126133-0008_generated.wav,3.865034,0.225035,0.221362,0.058223,0.057273,1.081836,0.764724,1.995143
H2_256C_quantized_no_output,237-126133-0009.wav,generated_audios/generated_H2_256C_int8/237-126133-0009_generated.wav,3.970023,0.229978,0.226695,0.057929,0.057102,1.10765,0.803085,2.025578
H2_256C_quantized_no_output,237-126133-0010.wav,generated_audios/generated_H2_256C_int8/237-126133-0010_generated.wav,6.24,0.349424,0.345813,0.055997,0.055419,1.091599,0.763461,1.933204
H2_256C_quantized_no_output,237-126133-0011.wav,generated_audios/generated_H2_256C_int8/237-126133-0011_generated.wav,6.710023,0.381994,0.378237,0.056929,0.056369,1.149974,0.805321,2.085662
H2_256C_quantized_no_output,237-126133-0012.wav,generated_audios/generated_H2_256C_int8/237-126133-0012_generated.wav,4.450023,0.262419,0.259461,0.05897,0.058306,1.108544,0.751494,1.977607
H2_256C_quantized_no_output,237-126133-0013.wav,generated_audios/generated_H2_256C_int8/237-126133-0013_generated.wav,6.815011,0.380694,0.37688,0.055861,0.055301,1.101359,0.756734,2.24818
H2_256C_quantized_no_output,237-126133-0014.wav,generated_audios/generated_H2_256C_int8/237-126133-0014_generated.wav,6.790023,0.391838,0.388504,0.057708,0.057217,1.092252,0.763371,1.766989
H2_256C_quantized_no_output,237-126133-0015.wav,generated_audios/generated_H2_256C_int8/237-126133-0015_generated.wav,9.34,0.514103,0.510096,0.055043,0.054614,1.105277,0.769164,2.023426
H2_256C_quantized_no_output,237-126133-0016.wav,generated_audios/generated_H2_256C_int8/237-126133-0016_generated.wav,4.250023,0.24286,0.239254,0.057143,0.056295,1.160391,0.820952,2.066133
H2_256C_quantized_no_output,237-126133-0017.wav,generated_audios/generated_H2_256C_int8/237-126133-0017_generated.wav,6.210023,0.346819,0.34307,0.055848,0.055245,1.195207,0.830391,1.957719
H2_256C_quantized_no_output,237-126133-0018.wav,generated_audios/generated_H2_256C_int8/237-126133-0018_generated.wav,4.095011,0.252794,0.249307,0.061732,0.060881,1.085782,0.684613,2.348414
H2_256C_quantized_no_output,237-126133-0019.wav,generated_audios/generated_H2_256C_int8/237-126133-0019_generated.wav,7.12,0.414878,0.41071,0.058269,0.057684,1.112694,0.769828,1.983942
H2_256C_quantized_no_output,237-126133-0020.wav,generated_audios/generated_H2_256C_int8/237-126133-0020_generated.wav,2.24,0.152396,0.149185,0.068034,0.0666,1.165327,0.79925,1.928032
H2_256C_quantized_no_output,237-126133-0021.wav,generated_audios/generated_H2_256C_int8/237-126133-0021_generated.wav,4.365034,0.256398,0.252974,0.058739,0.057955,1.092616,0.729644,2.191023
H2_256C_quantized_no_output,237-126133-0022.wav,generated_audios/generated_H2_256C_int8/237-126133-0022_generated.wav,5.04,0.296325,0.292631,0.058795,0.058062,1.17241,0.790582,1.988159
H2_256C_quantized_no_output,237-126133-0023.wav,generated_audios/generated_H2_256C_int8/237-126133-0023_generated.wav,6.675011,0.386425,0.3833,0.057891,0.057423,1.101348,0.7863,1.887323
H2_256C_quantized_no_output,237-126133-0024.wav,generated_audios/generated_H2_256C_int8/237-126133-0024_generated.wav,9.665034,0.603184,0.599093,0.062409,0.061986,1.203816,0.816495,1.673811
H2_256C_quantized_no_output,237-126133-0025.wav,generated_audios/generated_H2_256C_int8/237-126133-0025_generated.wav,3.755011,0.22697,0.223302,0.060445,0.059468,1.184529,0.795063,1.898997
H2_256C_quantized_no_output,237-134493-0000.wav,generated_audios/generated_H2_256C_int8/237-134493-0000_generated.wav,4.105034,0.24598,0.242315,0.059922,0.059029,1.302799,0.868979,1.225417
H2_256C_quantized_no_output,237-134493-0001.wav,generated_audios/generated_H2_256C_int8/237-134493-0001_generated.wav,7.38,0.426005,0.421888,0.057724,0.057166,1.363212,0.883792,1.174209
H2_256C_quantized_no_output,237-134493-0002.wav,generated_audios/generated_H2_256C_int8/237-134493-0002_generated.wav,11.395011,0.655651,0.651295,0.057538,0.057156,1.461475,0.895039,1.304867
H2_256C_quantized_no_output,237-134493-0003.wav,generated_audios/generated_H2_256C_int8/237-134493-0003_generated.wav,12.765034,0.72931,0.724116,0.057133,0.056727,1.334874,0.902429,1.163744
H2_256C_quantized_no_output,237-134493-0004.wav,generated_audios/generated_H2_256C_int8/237-134493-0004_generated.wav,6.825034,0.387646,0.383856,0.056798,0.056242,1.498323,0.904783,1.111146
H2_256C_quantized_no_output,237-134493-0005.wav,generated_audios/generated_H2_256C_int8/237-134493-0005_generated.wav,10.945034,0.617861,0.613031,0.056451,0.05601,1.431836,0.892031,1.145741
H2_256C_quantized_no_output,237-134493-0006.wav,generated_audios/generated_H2_256C_int8/237-134493-0006_generated.wav,4.395011,0.259048,0.255448,0.058941,0.058122,1.640328,0.937352,1.053157
H2_256C_quantized_no_output,237-134493-0007.wav,generated_audios/generated_H2_256C_int8/237-134493-0007_generated.wav,2.035011,0.127378,0.124672,0.062593,0.061264,1.398324,0.864526,1.012584
H2_256C_quantized_no_output,237-134493-0008.wav,generated_audios/generated_H2_256C_int8/237-134493-0008_generated.wav,2.305034,0.142759,0.139417,0.061934,0.060484,1.377503,0.839598,1.474634
H2_256C_quantized_no_output,237-134493-0009.wav,generated_audios/generated_H2_256C_int8/237-134493-0009_generated.wav,2.975011,0.226995,0.224949,0.076301,0.075613,1.414338,0.919188,1.268161
H2_256C_quantized_no_output,237-134493-0010.wav,generated_audios/generated_H2_256C_int8/237-134493-0010_generated.wav,2.875011,0.169732,0.166471,0.059037,0.057903,1.355487,0.869607,1.169466
H2_256C_quantized_no_output,237-134493-0011.wav,generated_audios/generated_H2_256C_int8/237-134493-0011_generated.wav,5.035011,0.29677,0.293037,0.058941,0.0582,1.478381,0.910278,1.031868
H2_256C_quantized_no_output,237-134493-0012.wav,generated_audios/generated_H2_256C_int8/237-134493-0012_generated.wav,3.66,0.221106,0.217689,0.060412,0.059478,1.499659,0.917343,1.195716
H2_256C_quantized_no_output,237-134493-0013.wav,generated_audios/generated_H2_256C_int8/237-134493-0013_generated.wav,4.090023,0.257498,0.253944,0.062957,0.062089,1.544265,0.890048,1.053146
H2_256C_quantized_no_output,237-134493-0014.wav,generated_audios/generated_H2_256C_int8/237-134493-0014_generated.wav,3.7,0.216854,0.213733,0.058609,0.057766,1.411966,0.903532,1.17484
H2_256C_quantized_no_output,237-134493-0015.wav,generated_audios/generated_H2_256C_int8/237-134493-0015_generated.wav,6.550023,0.392984,0.389099,0.059997,0.059404,1.384815,0.890396,1.077621
H2_256C_quantized_no_output,237-134493-0016.wav,generated_audios/generated_H2_256C_int8/237-134493-0016_generated.wav,10.085034,0.594612,0.590623,0.05896,0.058564,1.434437,0.913643,1.041154
H2_256C_quantized_no_output,237-134493-0017.wav,generated_audios/generated_H2_256C_int8/237-134493-0017_generated.wav,9.105034,0.532799,0.528639,0.058517,0.05806,1.408868,0.901644,1.09836
H2_256C_quantized_no_output,237-134493-0018.wav,generated_audios/generated_H2_256C_int8/237-134493-0018_generated.wav,4.790023,0.28269,0.27891,0.059016,0.058227,1.47621,0.927344,1.098717
H2_256C_quantized_no_output,237-134500-0000.wav,generated_audios/generated_H2_256C_int8/237-134500-0000_generated.wav,6.130023,0.35354,0.350031,0.057674,0.057101,1.366767,0.87775,1.383044
H2_256C_quantized_no_output,237-134500-0001.wav,generated_audios/generated_H2_256C_int8/237-134500-0001_generated.wav,1.810023,0.115351,0.112185,0.063729,0.06198,1.413518,0.85594,1.53648
H2_256C_quantized_no_output,237-134500-0002.wav,generated_audios/generated_H2_256C_int8/237-134500-0002_generated.wav,5.070023,0.296285,0.292486,0.058439,0.057689,1.402154,0.921344,1.190515
H2_256C_quantized_no_output,237-134500-0003.wav,generated_audios/generated_H2_256C_int8/237-134500-0003_generated.wav,3.170023,0.192179,0.188623,0.060624,0.059502,1.216249,0.868923,1.322534
H2_256C_quantized_no_output,237-134500-0004.wav,generated_audios/generated_H2_256C_int8/237-134500-0004_generated.wav,2.225034,0.135133,0.13158,0.060733,0.059136,1.446189,0.912429,1.30578
H2_256C_quantized_no_output,237-134500-0005.wav,generated_audios/generated_H2_256C_int8/237-134500-0005_generated.wav,2.390023,0.142442,0.13912,0.059598,0.058209,1.415738,0.913676,1.265518
H2_256C_quantized_no_output,237-134500-0006.wav,generated_audios/generated_H2_256C_int8/237-134500-0006_generated.wav,4.225034,0.244376,0.240755,0.05784,0.056983,1.392486,0.896993,1.209106
H2_256C_quantized_no_output,237-134500-0007.wav,generated_audios/generated_H2_256C_int8/237-134500-0007_generated.wav,2.390023,0.146091,0.142483,0.061126,0.059616,1.319651,0.877006,1.291555
H2_256C_quantized_no_output,237-134500-0008.wav,generated_audios/generated_H2_256C_int8/237-134500-0008_generated.wav,3.76,0.218193,0.214786,0.05803,0.057124,1.438516,0.863071,1.447599
H2_256C_quantized_no_output,237-134500-0009.wav,generated_audios/generated_H2_256C_int8/237-134500-0009_generated.wav,2.22,0.138981,0.135589,0.062604,0.061076,1.307008,0.854646,1.305431
H2_256C_quantized_no_output,237-134500-0010.wav,generated_audios/generated_H2_256C_int8/237-134500-0010_generated.wav,3.995011,0.242833,0.239731,0.060784,0.060008,1.447209,0.908107,1.152673
H2_256C_quantized_no_output,237-134500-0011.wav,generated_audios/generated_H2_256C_int8/237-134500-0011_generated.wav,3.350023,0.215064,0.21156,0.064198,0.063152,1.514612,0.889804,1.260636
H2_256C_quantized_no_output,237-134500-0012.wav,generated_audios/generated_H2_256C_int8/237-134500-0012_generated.wav,10.935011,0.620687,0.616248,0.056761,0.056355,1.283203,0.876828,1.274596
H2_256C_quantized_no_output,237-134500-0013.wav,generated_audios/generated_H2_256C_int8/237-134500-0013_generated.wav,10.56,0.59911,0.595354,0.056734,0.056378,1.269684,0.904059,1.249182
H2_256C_quantized_no_output,237-134500-0014.wav,generated_audios/generated_H2_256C_int8/237-134500-0014_generated.wav,4.250023,0.243804,0.240075,0.057365,0.056488,1.278831,0.86485,1.269689
H2_256C_quantized_no_output,237-134500-0015.wav,generated_audios/generated_H2_256C_int8/237-134500-0015_generated.wav,10.815011,0.608217,0.603968,0.056238,0.055845,1.279192,0.901128,1.258653
H2_256C_quantized_no_output,237-134500-0016.wav,generated_audios/generated_H2_256C_int8/237-134500-0016_generated.wav,3.16,0.191773,0.188628,0.060688,0.059693,1.221551,0.843474,1.620161
H2_256C_quantized_no_output,237-134500-0017.wav,generated_audios/generated_H2_256C_int8/237-134500-0017_generated.wav,2.18,0.132936,0.129615,0.06098,0.059456,1.452015,0.916365,1.320954
H2_256C_quantized_no_output,237-134500-0018.wav,generated_audios/generated_H2_256C_int8/237-134500-0018_generated.wav,12.845034,0.734737,0.730269,0.0572,0.056852,1.271989,0.86899,1.401241
H2_256C_quantized_no_output,237-134500-0019.wav,generated_audios/generated_H2_256C_int8/237-134500-0019_generated.wav,2.86,0.166321,0.162918,0.058154,0.056964,1.297553,0.852884,1.494961
H2_256C_quantized_no_output,237-134500-0020.wav,generated_audios/generated_H2_256C_int8/237-134500-0020_generated.wav,2.18,0.131235,0.127824,0.060199,0.058635,1.431562,0.929322,1.973203
H2_256C_quantized_no_output,237-134500-0021.wav,generated_audios/generated_H2_256C_int8/237-134500-0021_generated.wav,5.12,0.300938,0.297304,0.058777,0.058067,1.288726,0.834991,1.468853
H2_256C_quantized_no_output,237-134500-0022.wav,generated_audios/generated_H2_256C_int8/237-134500-0022_generated.wav,5.165034,0.305897,0.302785,0.059224,0.058622,1.226429,0.865929,1.383528
H2_256C_quantized_no_output,237-134500-0023.wav,generated_audios/generated_H2_256C_int8/237-134500-0023_generated.wav,3.06,0.179691,0.176336,0.058722,0.057626,1.314104,0.86825,1.393451
H2_256C_quantized_no_output,237-134500-0024.wav,generated_audios/generated_H2_256C_int8/237-134500-0024_generated.wav,4.410023,0.259058,0.25545,0.058743,0.057925,1.330621,0.875546,1.443148
H2_256C_quantized_no_output,237-134500-0025.wav,generated_audios/generated_H2_256C_int8/237-134500-0025_generated.wav,1.630023,0.107728,0.10445,0.06609,0.064079,1.243839,0.844635,1.991227
H2_256C_quantized_no_output,237-134500-0026.wav,generated_audios/generated_H2_256C_int8/237-134500-0026_generated.wav,3.050023,0.188415,0.185137,0.061775,0.0607,1.329374,0.880563,1.469281
H2_256C_quantized_no_output,237-134500-0027.wav,generated_audios/generated_H2_256C_int8/237-134500-0027_generated.wav,3.270023,0.204874,0.201302,0.062652,0.06156,1.269203,0.839685,1.435672
H2_256C_quantized_no_output,237-134500-0028.wav,generated_audios/generated_H2_256C_int8/237-134500-0028_generated.wav,4.524943,0.261856,0.258225,0.05787,0.057067,1.303593,0.866333,1.556422
H2_256C_quantized_no_output,237-134500-0029.wav,generated_audios/generated_H2_256C_int8/237-134500-0029_generated.wav,2.065034,0.123616,0.121057,0.059862,0.058622,1.215209,0.898488,1.271486
H2_256C_quantized_no_output,237-134500-0030.wav,generated_audios/generated_H2_256C_int8/237-134500-0030_generated.wav,2.78,0.160266,0.156895,0.05765,0.056437,1.343367,0.90531,1.463783
H2_256C_quantized_no_output,237-134500-0031.wav,generated_audios/generated_H2_256C_int8/237-134500-0031_generated.wav,10.610023,0.587291,0.583216,0.055352,0.054968,1.374445,0.89319,1.336665
H2_256C_quantized_no_output,237-134500-0032.wav,generated_audios/generated_H2_256C_int8/237-134500-0032_generated.wav,5.025034,0.300149,0.296342,0.059731,0.058973,1.210967,0.893863,1.458398
H2_256C_quantized_no_output,237-134500-0033.wav,generated_audios/generated_H2_256C_int8/237-134500-0033_generated.wav,6.350023,0.361852,0.35807,0.056984,0.056389,1.285032,0.832408,1.544607
H2_256C_quantized_no_output,237-134500-0034.wav,generated_audios/generated_H2_256C_int8/237-134500-0034_generated.wav,3.075011,0.178539,0.175195,0.058061,0.056974,1.233242,0.794782,1.875029
H2_256C_quantized_no_output,237-134500-0035.wav,generated_audios/generated_H2_256C_int8/237-134500-0035_generated.wav,2.555011,0.152938,0.149583,0.059858,0.058545,1.192437,0.865092,1.642134
H2_256C_quantized_no_output,237-134500-0036.wav,generated_audios/generated_H2_256C_int8/237-134500-0036_generated.wav,6.6,0.382854,0.379006,0.058008,0.057425,1.226525,0.859966,1.564563
H2_256C_quantized_no_output,237-134500-0037.wav,generated_audios/generated_H2_256C_int8/237-134500-0037_generated.wav,7.105034,0.420222,0.416076,0.059144,0.058561,1.321984,0.857108,1.380042
H2_256C_quantized_no_output,237-134500-0038.wav,generated_audios/generated_H2_256C_int8/237-134500-0038_generated.wav,2.435011,0.150645,0.148023,0.061866,0.06079,1.281787,0.877793,1.312337
H2_256C_quantized_no_output,237-134500-0039.wav,generated_audios/generated_H2_256C_int8/237-134500-0039_generated.wav,4.630023,0.276127,0.272887,0.059638,0.058939,1.243624,0.847953,1.439401
H2_256C_quantized_no_output,237-134500-0040.wav,generated_audios/generated_H2_256C_int8/237-134500-0040_generated.wav,4.030023,0.236215,0.232612,0.058614,0.05772,1.318237,0.892054,1.412303
H2_256C_quantized_no_output,237-134500-0041.wav,generated_audios/generated_H2_256C_int8/237-134500-0041_generated.wav,8.92,0.67325,0.668525,0.075477,0.074947,1.285509,0.892733,1.602577
H2_256C_quantized_no_output,237-134500-0042.wav,generated_audios/generated_H2_256C_int8/237-134500-0042_generated.wav,2.575011,0.160416,0.156994,0.062297,0.060968,1.2846,0.818047,1.640239
H2_256C_quantized_no_output,260-123286-0000.wav,generated_audios/generated_H2_256C_int8/260-123286-0000_generated.wav,7.04,0.40694,0.403266,0.057804,0.057282,1.214412,0.844947,1.946361
H2_256C_quantized_no_output,260-123286-0001.wav,generated_audios/generated_H2_256C_int8/260-123286-0001_generated.wav,3.070023,0.173035,0.169551,0.056363,0.055228,1.098429,0.798768,1.684228
H2_256C_quantized_no_output,260-123286-0002.wav,generated_audios/generated_H2_256C_int8/260-123286-0002_generated.wav,9.985034,0.550352,0.546048,0.055118,0.054687,1.128114,0.844107,1.352241
H2_256C_quantized_no_output,260-123286-0003.wav,generated_audios/generated_H2_256C_int8/260-123286-0003_generated.wav,7.370023,0.414104,0.410176,0.056188,0.055655,1.120579,0.789394,1.655424
H2_256C_quantized_no_output,260-123286-0004.wav,generated_audios/generated_H2_256C_int8/260-123286-0004_generated.wav,3.465034,0.20719,0.203787,0.059794,0.058812,1.09143,0.84196,1.887084
H2_256C_quantized_no_output,260-123286-0005.wav,generated_audios/generated_H2_256C_int8/260-123286-0005_generated.wav,4.810023,0.280231,0.276798,0.05826,0.057546,1.092884,0.798366,1.721896
H2_256C_quantized_no_output,260-123286-0006.wav,generated_audios/generated_H2_256C_int8/260-123286-0006_generated.wav,7.405034,0.42761,0.423481,0.057746,0.057188,1.182714,0.862944,1.358579
H2_256C_quantized_no_output,260-123286-0007.wav,generated_audios/generated_H2_256C_int8/260-123286-0007_generated.wav,4.550023,0.259646,0.256234,0.057065,0.056315,1.108692,0.830939,1.651766
H2_256C_quantized_no_output,260-123286-0008.wav,generated_audios/generated_H2_256C_int8/260-123286-0008_generated.wav,3.735011,0.212606,0.20908,0.056922,0.055978,1.131151,0.849562,1.635202
H2_256C_quantized_no_output,260-123286-0009.wav,generated_audios/generated_H2_256C_int8/260-123286-0009_generated.wav,5.795011,0.328637,0.3247,0.05671,0.056031,1.11673,0.827054,1.342111
H2_256C_quantized_no_output,260-123286-0010.wav,generated_audios/generated_H2_256C_int8/260-123286-0010_generated.wav,2.575011,0.149329,0.145995,0.057992,0.056697,1.146477,0.851493,1.836653
H2_256C_quantized_no_output,260-123286-0011.wav,generated_audios/generated_H2_256C_int8/260-123286-0011_generated.wav,4.255011,0.238666,0.235207,0.05609,0.055278,1.164297,0.816251,1.807489
H2_256C_quantized_no_output,260-123286-0012.wav,generated_audios/generated_H2_256C_int8/260-123286-0012_generated.wav,2.430023,0.142751,0.139378,0.058745,0.057357,1.119881,0.844273,1.712829
H2_256C_quantized_no_output,260-123286-0013.wav,generated_audios/generated_H2_256C_int8/260-123286-0013_generated.wav,4.730023,0.26501,0.262008,0.056027,0.055393,1.195462,0.855736,1.383083
H2_256C_quantized_no_output,260-123286-0014.wav,generated_audios/generated_H2_256C_int8/260-123286-0014_generated.wav,2.98,0.218765,0.215369,0.073411,0.072272,1.105793,0.789274,1.255639
H2_256C_quantized_no_output,260-123286-0015.wav,generated_audios/generated_H2_256C_int8/260-123286-0015_generated.wav,5.210023,0.322335,0.318855,0.061868,0.0612,1.211182,0.863666,1.870005
H2_256C_quantized_no_output,260-123286-0016.wav,generated_audios/generated_H2_256C_int8/260-123286-0016_generated.wav,7.0,0.391983,0.388115,0.055998,0.055445,1.135234,0.843818,1.396881
H2_256C_quantized_no_output,260-123286-0017.wav,generated_audios/generated_H2_256C_int8/260-123286-0017_generated.wav,3.975011,0.227168,0.223727,0.057149,0.056283,1.205668,0.864306,1.277807
H2_256C_quantized_no_output,260-123286-0018.wav,generated_audios/generated_H2_256C_int8/260-123286-0018_generated.wav,5.670023,0.31821,0.31458,0.056121,0.055481,1.140952,0.803258,1.499984
H2_256C_quantized_no_output,260-123286-0019.wav,generated_audios/generated_H2_256C_int8/260-123286-0019_generated.wav,11.905034,0.649327,0.644692,0.054542,0.054153,1.144735,0.841393,1.450505
H2_256C_quantized_no_output,260-123286-0020.wav,generated_audios/generated_H2_256C_int8/260-123286-0020_generated.wav,3.06,0.171956,0.168447,0.056195,0.055048,1.144302,0.827304,1.478206
H2_256C_quantized_no_output,260-123286-0021.wav,generated_audios/generated_H2_256C_int8/260-123286-0021_generated.wav,2.550023,0.150518,0.147294,0.059026,0.057762,1.184502,0.874819,1.912015
H2_256C_quantized_no_output,260-123286-0022.wav,generated_audios/generated_H2_256C_int8/260-123286-0022_generated.wav,3.235011,0.189741,0.186176,0.058652,0.05755,1.106883,0.855564,1.216105
H2_256C_quantized_no_output,260-123286-0023.wav,generated_audios/generated_H2_256C_int8/260-123286-0023_generated.wav,5.875011,0.340962,0.337796,0.058036,0.057497,1.138191,0.841613,1.477489
H2_256C_quantized_no_output,260-123286-0024.wav,generated_audios/generated_H2_256C_int8/260-123286-0024_generated.wav,3.04,0.176817,0.173115,0.058164,0.056946,1.288793,0.895688,1.543311
H2_256C_quantized_no_output,260-123286-0025.wav,generated_audios/generated_H2_256C_int8/260-123286-0025_generated.wav,9.205034,0.502959,0.498954,0.05464,0.054205,1.170991,0.85256,1.570334
H2_256C_quantized_no_output,260-123286-0026.wav,generated_audios/generated_H2_256C_int8/260-123286-0026_generated.wav,6.94,0.387204,0.383334,0.055793,0.055236,1.107803,0.830116,1.500321
H2_256C_quantized_no_output,260-123286-0027.wav,generated_audios/generated_H2_256C_int8/260-123286-0027_generated.wav,7.170023,0.40154,0.397842,0.056003,0.055487,1.175331,0.820825,1.327043
H2_256C_quantized_no_output,260-123286-0028.wav,generated_audios/generated_H2_256C_int8/260-123286-0028_generated.wav,7.465034,0.413208,0.409171,0.055352,0.054812,1.145281,0.79985,1.405887
H2_256C_quantized_no_output,260-123286-0029.wav,generated_audios/generated_H2_256C_int8/260-123286-0029_generated.wav,4.545034,0.253472,0.250405,0.055769,0.055094,1.114605,0.826737,1.38273
H2_256C_quantized_no_output,260-123286-0030.wav,generated_audios/generated_H2_256C_int8/260-123286-0030_generated.wav,7.530023,0.414919,0.410988,0.055102,0.05458,1.125857,0.807764,1.651655
H2_256C_quantized_no_output,260-123286-0031.wav,generated_audios/generated_H2_256C_int8/260-123286-0031_generated.wav,5.06,0.287858,0.284126,0.056889,0.056151,1.161405,0.840661,1.206752
H2_256C_quantized_no_output,260-123288-0000.wav,generated_audios/generated_H2_256C_int8/260-123288-0000_generated.wav,3.04,0.172958,0.169652,0.056894,0.055807,1.210441,0.777292,1.795761
H2_256C_quantized_no_output,260-123288-0001.wav,generated_audios/generated_H2_256C_int8/260-123288-0001_generated.wav,5.08,0.293335,0.289695,0.057743,0.057026,1.111473,0.799496,1.988417
H2_256C_quantized_no_output,260-123288-0002.wav,generated_audios/generated_H2_256C_int8/260-123288-0002_generated.wav,7.250023,0.4301,0.426701,0.059324,0.058855,1.12799,0.83249,1.584593
H2_256C_quantized_no_output,260-123288-0003.wav,generated_audios/generated_H2_256C_int8/260-123288-0003_generated.wav,8.905034,0.527207,0.523134,0.059203,0.058746,1.115335,0.848491,1.443967
H2_256C_quantized_no_output,260-123288-0004.wav,generated_audios/generated_H2_256C_int8/260-123288-0004_generated.wav,4.310023,0.253978,0.250273,0.058927,0.058068,1.096486,0.796007,1.920835
H2_256C_quantized_no_output,260-123288-0005.wav,generated_audios/generated_H2_256C_int8/260-123288-0005_generated.wav,12.550023,0.703743,0.69893,0.056075,0.055692,1.101468,0.799862,1.532595
H2_256C_quantized_no_output,260-123288-0006.wav,generated_audios/generated_H2_256C_int8/260-123288-0006_generated.wav,4.88,0.290396,0.287276,0.059507,0.058868,1.074203,0.822668,1.28672
H2_256C_quantized_no_output,260-123288-0007.wav,generated_audios/generated_H2_256C_int8/260-123288-0007_generated.wav,11.2,0.629018,0.624027,0.056162,0.055717,1.119638,0.831571,1.584323
H2_256C_quantized_no_output,260-123288-0008.wav,generated_audios/generated_H2_256C_int8/260-123288-0008_generated.wav,5.515011,0.317534,0.314005,0.057576,0.056936,1.190666,0.852375,1.465766
H2_256C_quantized_no_output,260-123288-0009.wav,generated_audios/generated_H2_256C_int8/260-123288-0009_generated.wav,3.435011,0.197179,0.194035,0.057403,0.056487,1.175037,0.846648,1.63323
H2_256C_quantized_no_output,260-123288-0010.wav,generated_audios/generated_H2_256C_int8/260-123288-0010_generated.wav,9.995011,0.560792,0.556291,0.056107,0.055657,1.142259,0.828584,1.294741
H2_256C_quantized_no_output,260-123288-0011.wav,generated_audios/generated_H2_256C_int8/260-123288-0011_generated.wav,8.98,0.502597,0.498259,0.055969,0.055485,1.140437,0.810449,1.331764
H2_256C_quantized_no_output,260-123288-0012.wav,generated_audios/generated_H2_256C_int8/260-123288-0012_generated.wav,3.545034,0.20233,0.198843,0.057074,0.056091,1.301089,0.85989,1.796256
H2_256C_quantized_no_output,260-123288-0013.wav,generated_audios/generated_H2_256C_int8/260-123288-0013_generated.wav,11.385079,0.630133,0.626315,0.055347,0.055012,1.131469,0.831702,1.412339
H2_256C_quantized_no_output,260-123288-0014.wav,generated_audios/generated_H2_256C_int8/260-123288-0014_generated.wav,1.805034,0.114716,0.111356,0.063553,0.061692,1.214778,0.878356,1.625708
H2_256C_quantized_no_output,260-123288-0015.wav,generated_audios/generated_H2_256C_int8/260-123288-0015_generated.wav,21.185034,1.247535,1.242027,0.058888,0.058628,1.115171,0.809667,1.50138
H2_256C_quantized_no_output,260-123288-0016.wav,generated_audios/generated_H2_256C_int8/260-123288-0016_generated.wav,4.865034,0.288977,0.28561,0.059399,0.058707,1.113736,0.770958,1.901997
H2_256C_quantized_no_output,260-123288-0017.wav,generated_audios/generated_H2_256C_int8/260-123288-0017_generated.wav,5.225034,0.313918,0.30986,0.06008,0.059303,1.133855,0.859114,1.718177
H2_256C_quantized_no_output,260-123288-0018.wav,generated_audios/generated_H2_256C_int8/260-123288-0018_generated.wav,3.245034,0.191717,0.188332,0.05908,0.058037,1.199538,0.847015,1.490192
H2_256C_quantized_no_output,260-123288-0019.wav,generated_audios/generated_H2_256C_int8/260-123288-0019_generated.wav,2.955011,0.17687,0.173331,0.059854,0.058657,1.13546,0.841614,1.232061
H2_256C_quantized_no_output,260-123288-0020.wav,generated_audios/generated_H2_256C_int8/260-123288-0020_generated.wav,2.9,0.177711,0.174175,0.06128,0.06006,1.086557,0.850791,1.10891
H2_256C_quantized_no_output,260-123288-0021.wav,generated_audios/generated_H2_256C_int8/260-123288-0021_generated.wav,2.710023,0.161472,0.157896,0.059583,0.058264,1.173937,0.837127,1.619531
H2_256C_quantized_no_output,260-123288-0022.wav,generated_audios/generated_H2_256C_int8/260-123288-0022_generated.wav,3.705034,0.214131,0.210764,0.057795,0.056886,1.114096,0.827408,1.771716
H2_256C_quantized_no_output,260-123288-0023.wav,generated_audios/generated_H2_256C_int8/260-123288-0023_generated.wav,2.385034,0.140823,0.137456,0.059044,0.057633,1.14931,0.758337,1.625809
H2_256C_quantized_no_output,260-123288-0024.wav,generated_audios/generated_H2_256C_int8/260-123288-0024_generated.wav,14.595011,0.816019,0.811235,0.055911,0.055583,1.139367,0.833237,1.511852
H2_256C_quantized_no_output,260-123288-0025.wav,generated_audios/generated_H2_256C_int8/260-123288-0025_generated.wav,13.445034,0.746411,0.742022,0.055516,0.055189,1.154685,0.829004,1.500316
H2_256C_quantized_no_output,260-123288-0026.wav,generated_audios/generated_H2_256C_int8/260-123288-0026_generated.wav,16.04,0.86715,0.862224,0.054062,0.053755,1.131853,0.834856,1.605596
H2_256C_quantized_no_output,260-123288-0027.wav,generated_audios/generated_H2_256C_int8/260-123288-0027_generated.wav,6.305034,0.355744,0.351749,0.056422,0.055789,1.188924,0.851096,1.704738
H2_256C_quantized_no_output,260-123288-0028.wav,generated_audios/generated_H2_256C_int8/260-123288-0028_generated.wav,2.610023,0.161871,0.1593,0.062019,0.061034,1.244511,0.882141,1.52029
H2_256C_quantized_no_output,260-123440-0000.wav,generated_audios/generated_H2_256C_int8/260-123440-0000_generated.wav,2.165034,0.131889,0.128785,0.060918,0.059484,1.095214,0.801786,1.830439
H2_256C_quantized_no_output,260-123440-0001.wav,generated_audios/generated_H2_256C_int8/260-123440-0001_generated.wav,1.74,0.108866,0.10556,0.062567,0.060667,1.135683,0.85554,1.465069
H2_256C_quantized_no_output,260-123440-0002.wav,generated_audios/generated_H2_256C_int8/260-123440-0002_generated.wav,14.715011,0.822175,0.817753,0.055873,0.055573,1.139104,0.836885,1.692384
H2_256C_quantized_no_output,260-123440-0003.wav,generated_audios/generated_H2_256C_int8/260-123440-0003_generated.wav,3.585034,0.216546,0.212925,0.060403,0.059393,1.14119,0.857154,1.624708
H2_256C_quantized_no_output,260-123440-0004.wav,generated_audios/generated_H2_256C_int8/260-123440-0004_generated.wav,12.02,0.694363,0.690046,0.057767,0.057408,1.128838,0.842995,1.466626
H2_256C_quantized_no_output,260-123440-0005.wav,generated_audios/generated_H2_256C_int8/260-123440-0005_generated.wav,3.105034,0.18483,0.181311,0.059526,0.058393,1.129179,0.832416,1.525259
H2_256C_quantized_no_output,260-123440-0006.wav,generated_audios/generated_H2_256C_int8/260-123440-0006_generated.wav,2.715011,0.161089,0.158161,0.059333,0.058254,1.133332,0.804042,1.520502
H2_256C_quantized_no_output,260-123440-0007.wav,generated_audios/generated_H2_256C_int8/260-123440-0007_generated.wav,3.385034,0.202699,0.198823,0.059881,0.058736,1.135393,0.80223,1.549777
H2_256C_quantized_no_output,260-123440-0008.wav,generated_audios/generated_H2_256C_int8/260-123440-0008_generated.wav,3.745034,0.212479,0.208948,0.056736,0.055793,1.122935,0.835751,1.480999
H2_256C_quantized_no_output,260-123440-0009.wav,generated_audios/generated_H2_256C_int8/260-123440-0009_generated.wav,3.115011,0.182187,0.178762,0.058487,0.057387,1.173533,0.885165,1.232093
H2_256C_quantized_no_output,260-123440-0010.wav,generated_audios/generated_H2_256C_int8/260-123440-0010_generated.wav,8.315011,0.489944,0.486014,0.058923,0.05845,1.154119,0.811301,1.344622
H2_256C_quantized_no_output,260-123440-0011.wav,generated_audios/generated_H2_256C_int8/260-123440-0011_generated.wav,4.870023,0.284893,0.281055,0.058499,0.057711,1.175415,0.85603,1.544301
H2_256C_quantized_no_output,260-123440-0012.wav,generated_audios/generated_H2_256C_int8/260-123440-0012_generated.wav,5.245034,0.31252,0.308691,0.059584,0.058854,1.163653,0.849509,1.388954
H2_256C_quantized_no_output,260-123440-0013.wav,generated_audios/generated_H2_256C_int8/260-123440-0013_generated.wav,3.475011,0.205395,0.201661,0.059106,0.058032,1.161534,0.846437,1.595998
H2_256C_quantized_no_output,260-123440-0014.wav,generated_audios/generated_H2_256C_int8/260-123440-0014_generated.wav,3.815011,0.227782,0.224151,0.059707,0.058755,1.25587,0.873294,1.789866
H2_256C_quantized_no_output,260-123440-0015.wav,generated_audios/generated_H2_256C_int8/260-123440-0015_generated.wav,6.2,0.35434,0.349986,0.057152,0.056449,1.189047,0.858543,1.337029
H2_256C_quantized_no_output,260-123440-0016.wav,generated_audios/generated_H2_256C_int8/260-123440-0016_generated.wav,4.895011,0.284532,0.280745,0.058127,0.057353,1.209301,0.890757,1.355252
H2_256C_quantized_no_output,260-123440-0017.wav,generated_audios/generated_H2_256C_int8/260-123440-0017_generated.wav,3.070023,0.177231,0.173688,0.05773,0.056575,1.109558,0.821273,1.584551
H2_256C_quantized_no_output,260-123440-0018.wav,generated_audios/generated_H2_256C_int8/260-123440-0018_generated.wav,3.64,0.212725,0.209198,0.058441,0.057472,1.213285,0.885482,1.70981
H2_256C_quantized_no_output,260-123440-0019.wav,generated_audios/generated_H2_256C_int8/260-123440-0019_generated.wav,6.630023,0.37718,0.373543,0.05689,0.056341,1.688059,0.929779,0.734659
H2_256C_quantized_no_output,260-123440-0020.wav,generated_audios/generated_H2_256C_int8/260-123440-0020_generated.wav,4.995011,0.284067,0.28036,0.05687,0.056128,1.673729,0.936092,0.932238
H2_256C_quantized_no_output,61-70968-0000.wav,generated_audios/generated_H2_256C_int8/61-70968-0000_generated.wav,4.905034,0.281339,0.277694,0.057357,0.056614,1.543611,0.919542,0.642774
H2_256C_quantized_no_output,61-70968-0001.wav,generated_audios/generated_H2_256C_int8/61-70968-0001_generated.wav,3.610023,0.206372,0.202632,0.057166,0.05613,1.57359,0.906905,0.632031
H2_256C_quantized_no_output,61-70968-0002.wav,generated_audios/generated_H2_256C_int8/61-70968-0002_generated.wav,2.970023,0.169599,0.166955,0.057104,0.056213,1.721567,0.892917,0.66776
H2_256C_quantized_no_output,61-70968-0003.wav,generated_audios/generated_H2_256C_int8/61-70968-0003_generated.wav,4.315011,0.245407,0.241868,0.056873,0.056053,1.752582,0.911529,0.634448
H2_256C_quantized_no_output,61-70968-0004.wav,generated_audios/generated_H2_256C_int8/61-70968-0004_generated.wav,3.885034,0.221053,0.217592,0.056899,0.056008,1.748562,0.933676,0.636837
H2_256C_quantized_no_output,61-70968-0005.wav,generated_audios/generated_H2_256C_int8/61-70968-0005_generated.wav,5.070023,0.290839,0.287738,0.057365,0.056753,1.510477,0.849144,0.71977
H2_256C_quantized_no_output,61-70968-0006.wav,generated_audios/generated_H2_256C_int8/61-70968-0006_generated.wav,2.935011,0.17122,0.167782,0.058337,0.057166,1.593106,0.904949,0.675796
H2_256C_quantized_no_output,61-70968-0007.wav,generated_audios/generated_H2_256C_int8/61-70968-0007_generated.wav,3.550023,0.203504,0.200037,0.057325,0.056348,1.492106,0.824528,0.666026
H2_256C_quantized_no_output,61-70968-0008.wav,generated_audios/generated_H2_256C_int8/61-70968-0008_generated.wav,3.535011,0.209231,0.205853,0.059188,0.058233,1.539993,0.917074,0.606228
H2_256C_quantized_no_output,61-70968-0009.wav,generated_audios/generated_H2_256C_int8/61-70968-0009_generated.wav,4.510023,0.260066,0.256442,0.057664,0.05686,1.544639,0.846897,0.74107
H2_256C_quantized_no_output,61-70968-0010.wav,generated_audios/generated_H2_256C_int8/61-70968-0010_generated.wav,8.295011,0.47884,0.474586,0.057726,0.057213,1.700997,0.911273,0.629476
H2_256C_quantized_no_output,61-70968-0011.wav,generated_audios/generated_H2_256C_int8/61-70968-0011_generated.wav,6.375011,0.361027,0.357155,0.056632,0.056024,1.665772,0.918364,0.616887
H2_256C_quantized_no_output,61-70968-0012.wav,generated_audios/generated_H2_256C_int8/61-70968-0012_generated.wav,2.610023,0.164153,0.160702,0.062893,0.061571,2.304007,0.969228,0.523246
H2_256C_quantized_no_output,61-70968-0013.wav,generated_audios/generated_H2_256C_int8/61-70968-0013_generated.wav,4.450023,0.257137,0.253658,0.057783,0.057001,1.838548,0.910272,0.642746
H2_256C_quantized_no_output,61-70968-0014.wav,generated_audios/generated_H2_256C_int8/61-70968-0014_generated.wav,7.485034,0.426317,0.422442,0.056956,0.056438,1.714652,0.916047,0.672672
H2_256C_quantized_no_output,61-70968-0015.wav,generated_audios/generated_H2_256C_int8/61-70968-0015_generated.wav,5.375011,0.313247,0.309575,0.058278,0.057595,1.716026,0.928608,0.582259
H2_256C_quantized_no_output,61-70968-0016.wav,generated_audios/generated_H2_256C_int8/61-70968-0016_generated.wav,3.72,0.239036,0.235531,0.064257,0.063315,1.908971,0.952864,0.534661
H2_256C_quantized_no_output,61-70968-0017.wav,generated_audios/generated_H2_256C_int8/61-70968-0017_generated.wav,5.110023,0.291013,0.287381,0.056949,0.056239,1.660682,0.929167,0.661165
H2_256C_quantized_no_output,61-70968-0018.wav,generated_audios/generated_H2_256C_int8/61-70968-0018_generated.wav,2.405034,0.139925,0.137367,0.05818,0.057117,1.637575,0.908703,0.682113
H2_256C_quantized_no_output,61-70968-0019.wav,generated_audios/generated_H2_256C_int8/61-70968-0019_generated.wav,5.475011,0.30948,0.305658,0.056526,0.055828,1.643616,0.912975,0.645628
H2_256C_quantized_no_output,61-70968-0020.wav,generated_audios/generated_H2_256C_int8/61-70968-0020_generated.wav,5.105034,0.289509,0.285748,0.056711,0.055974,1.993256,0.924933,0.489387
H2_256C_quantized_no_output,61-70968-0021.wav,generated_audios/generated_H2_256C_int8/61-70968-0021_generated.wav,2.690023,0.153213,0.149981,0.056956,0.055755,1.705662,0.89239,0.639901
H2_256C_quantized_no_output,61-70968-0022.wav,generated_audios/generated_H2_256C_int8/61-70968-0022_generated.wav,4.670023,0.266448,0.26286,0.057055,0.056287,1.695469,0.903002,0.68682
H2_256C_quantized_no_output,61-70968-0023.wav,generated_audios/generated_H2_256C_int8/61-70968-0023_generated.wav,5.025034,0.306075,0.302961,0.06091,0.06029,1.935593,0.940486,0.558455
H2_256C_quantized_no_output,61-70968-0024.wav,generated_audios/generated_H2_256C_int8/61-70968-0024_generated.wav,6.025034,0.355527,0.351494,0.059008,0.058339,1.817723,0.905272,0.569134
H2_256C_quantized_no_output,61-70968-0025.wav,generated_audios/generated_H2_256C_int8/61-70968-0025_generated.wav,4.410023,0.265756,0.261918,0.060262,0.059391,1.985475,0.916046,0.559171
H2_256C_quantized_no_output,61-70968-0026.wav,generated_audios/generated_H2_256C_int8/61-70968-0026_generated.wav,4.92,0.30268,0.298815,0.06152,0.060735,1.910647,0.937392,0.570964
H2_256C_quantized_no_output,61-70968-0027.wav,generated_audios/generated_H2_256C_int8/61-70968-0027_generated.wav,6.870023,0.398694,0.394956,0.058034,0.05749,1.77532,0.930568,0.576509
H2_256C_quantized_no_output,61-70968-0028.wav,generated_audios/generated_H2_256C_int8/61-70968-0028_generated.wav,5.355011,0.312822,0.309187,0.058417,0.057738,1.810222,0.9323,0.588588
H2_256C_quantized_no_output,61-70968-0029.wav,generated_audios/generated_H2_256C_int8/61-70968-0029_generated.wav,3.495011,0.207015,0.203549,0.059232,0.05824,1.812292,0.927172,0.587558
H2_256C_quantized_no_output,61-70968-0030.wav,generated_audios/generated_H2_256C_int8/61-70968-0030_generated.wav,5.685034,0.336787,0.333159,0.059241,0.058603,1.817291,0.939917,0.548285
H2_256C_quantized_no_output,61-70968-0031.wav,generated_audios/generated_H2_256C_int8/61-70968-0031_generated.wav,2.925034,0.175933,0.17256,0.060147,0.058994,1.606025,0.905058,0.590959
H2_256C_quantized_no_output,61-70968-0032.wav,generated_audios/generated_H2_256C_int8/61-70968-0032_generated.wav,4.28,0.256973,0.253267,0.06004,0.059174,1.839275,0.914766,0.580939
H2_256C_quantized_no_output,61-70968-0033.wav,generated_audios/generated_H2_256C_int8/61-70968-0033_generated.wav,5.685034,0.33885,0.334884,0.059604,0.058906,1.901873,0.945627,0.59526
H2_256C_quantized_no_output,61-70968-0034.wav,generated_audios/generated_H2_256C_int8/61-70968-0034_generated.wav,4.230023,0.257252,0.253531,0.060816,0.059936,2.327099,0.949776,0.497931
H2_256C_quantized_no_output,61-70968-0035.wav,generated_audios/generated_H2_256C_int8/61-70968-0035_generated.wav,7.950023,0.458821,0.45457,0.057713,0.057178,1.721398,0.933428,0.560799
H2_256C_quantized_no_output,61-70968-0036.wav,generated_audios/generated_H2_256C_int8/61-70968-0036_generated.wav,2.934966,0.174122,0.17054,0.059327,0.058106,1.823345,0.940086,0.584776
H2_256C_quantized_no_output,61-70968-0037.wav,generated_audios/generated_H2_256C_int8/61-70968-0037_generated.wav,4.315011,0.248899,0.245891,0.057682,0.056985,1.476684,0.857606,0.741016
H2_256C_quantized_no_output,61-70968-0038.wav,generated_audios/generated_H2_256C_int8/61-70968-0038_generated.wav,2.050023,0.130442,0.127362,0.06363,0.062127,1.836231,0.810244,0.875135
H2_256C_quantized_no_output,61-70968-0039.wav,generated_audios/generated_H2_256C_int8/61-70968-0039_generated.wav,3.805034,0.224695,0.221218,0.059052,0.058138,1.753866,0.89326,0.759877
H2_256C_quantized_no_output,61-70968-0040.wav,generated_audios/generated_H2_256C_int8/61-70968-0040_generated.wav,3.950023,0.235861,0.233115,0.059711,0.059016,1.808742,0.917644,0.640348
H2_256C_quantized_no_output,61-70968-0041.wav,generated_audios/generated_H2_256C_int8/61-70968-0041_generated.wav,6.825034,0.415562,0.411583,0.060888,0.060305,1.794585,0.87261,0.661465
H2_256C_quantized_no_output,61-70968-0042.wav,generated_audios/generated_H2_256C_int8/61-70968-0042_generated.wav,2.785034,0.17187,0.168498,0.061712,0.060501,1.82063,0.904755,0.620471
H2_256C_quantized_no_output,61-70968-0043.wav,generated_audios/generated_H2_256C_int8/61-70968-0043_generated.wav,6.735011,0.395307,0.391409,0.058694,0.058116,2.334669,0.926357,0.30609
H2_256C_quantized_no_output,61-70968-0044.wav,generated_audios/generated_H2_256C_int8/61-70968-0044_generated.wav,2.770023,0.164819,0.161232,0.059501,0.058206,2.327242,0.924894,0.338331
H2_256C_quantized_no_output,61-70968-0045.wav,generated_audios/generated_H2_256C_int8/61-70968-0045_generated.wav,3.475011,0.204928,0.201292,0.058972,0.057925,2.144692,0.896115,0.336535
H2_256C_quantized_no_output,61-70968-0046.wav,generated_audios/generated_H2_256C_int8/61-70968-0046_generated.wav,3.550023,0.2127,0.209098,0.059915,0.058901,2.575428,0.948255,0.312038
H2_256C_quantized_no_output,61-70968-0047.wav,generated_audios/generated_H2_256C_int8/61-70968-0047_generated.wav,4.775011,0.285603,0.281784,0.059812,0.059012,2.640284,0.95622,0.306191
H2_256C_quantized_no_output,61-70968-0048.wav,generated_audios/generated_H2_256C_int8/61-70968-0048_generated.wav,3.02,0.186012,0.183221,0.061593,0.060669,2.069772,0.925577,0.340087
H2_256C_quantized_no_output,61-70968-0049.wav,generated_audios/generated_H2_256C_int8/61-70968-0049_generated.wav,8.250023,0.477413,0.473143,0.057868,0.05735,2.362785,0.924795,0.316256
H2_256C_quantized_no_output,61-70968-0050.wav,generated_audios/generated_H2_256C_int8/61-70968-0050_generated.wav,5.58,0.343421,0.339669,0.061545,0.060873,2.084513,0.933204,0.323596
H2_256C_quantized_no_output,61-70968-0051.wav,generated_audios/generated_H2_256C_int8/61-70968-0051_generated.wav,3.135011,0.185752,0.18225,0.059251,0.058134,2.340184,0.916715,0.327525
H2_256C_quantized_no_output,61-70968-0052.wav,generated_audios/generated_H2_256C_int8/61-70968-0052_generated.wav,2.650023,0.159335,0.156737,0.060126,0.059145,2.310493,0.957895,0.3075
H2_256C_quantized_no_output,61-70968-0053.wav,generated_audios/generated_H2_256C_int8/61-70968-0053_generated.wav,4.22,0.252989,0.249336,0.05995,0.059084,2.504339,0.935714,0.329924
H2_256C_quantized_no_output,61-70968-0054.wav,generated_audios/generated_H2_256C_int8/61-70968-0054_generated.wav,7.86,0.460689,0.456463,0.058612,0.058074,2.379225,0.950362,0.315114
H2_256C_quantized_no_output,61-70968-0055.wav,generated_audios/generated_H2_256C_int8/61-70968-0055_generated.wav,3.965034,0.239153,0.235503,0.060315,0.059395,2.540533,0.937036,0.315367
H2_256C_quantized_no_output,61-70968-0056.wav,generated_audios/generated_H2_256C_int8/61-70968-0056_generated.wav,3.565034,0.21142,0.208627,0.059304,0.05852,2.58562,0.949706,0.313443
H2_256C_quantized_no_output,61-70968-0057.wav,generated_audios/generated_H2_256C_int8/61-70968-0057_generated.wav,5.065034,0.29659,0.293033,0.058556,0.057854,2.136236,0.919352,0.320772
H2_256C_quantized_no_output,61-70968-0058.wav,generated_audios/generated_H2_256C_int8/61-70968-0058_generated.wav,1.82,0.120562,0.11729,0.066243,0.064445,2.250851,0.918486,0.325007
H2_256C_quantized_no_output,61-70968-0059.wav,generated_audios/generated_H2_256C_int8/61-70968-0059_generated.wav,2.170023,0.129788,0.126231,0.05981,0.05817,2.59049,0.966027,0.331203
H2_256C_quantized_no_output,61-70968-0060.wav,generated_audios/generated_H2_256C_int8/61-70968-0060_generated.wav,3.735011,0.218549,0.215994,0.058514,0.05783,2.677544,0.942852,0.298212
H2_256C_quantized_no_output,61-70968-0061.wav,generated_audios/generated_H2_256C_int8/61-70968-0061_generated.wav,5.530023,0.330902,0.327465,0.059837,0.059216,2.032399,0.927607,0.365882
H2_256C_quantized_no_output,61-70968-0062.wav,generated_audios/generated_H2_256C_int8/61-70968-0062_generated.wav,2.555011,0.155286,0.15169,0.060777,0.059369,2.1265,0.899294,0.322341
H2_256C_quantized_no_output,61-70970-0000.wav,generated_audios/generated_H2_256C_int8/61-70970-0000_generated.wav,6.075011,0.356765,0.352746,0.058727,0.058065,2.15498,0.953298,0.312135
H2_256C_quantized_no_output,61-70970-0001.wav,generated_audios/generated_H2_256C_int8/61-70970-0001_generated.wav,6.155011,0.367811,0.363845,0.059758,0.059114,2.498605,0.956264,0.310446
H2_256C_quantized_no_output,61-70970-0002.wav,generated_audios/generated_H2_256C_int8/61-70970-0002_generated.wav,4.165034,0.24729,0.24353,0.059373,0.05847,2.368297,0.915076,0.341688
H2_256C_quantized_no_output,61-70970-0003.wav,generated_audios/generated_H2_256C_int8/61-70970-0003_generated.wav,3.835011,0.223907,0.221176,0.058385,0.057673,2.71821,0.923832,0.284289
H2_256C_quantized_no_output,61-70970-0004.wav,generated_audios/generated_H2_256C_int8/61-70970-0004_generated.wav,10.515011,0.603253,0.598902,0.057371,0.056957,2.734518,0.93597,0.298194
H2_256C_quantized_no_output,61-70970-0005.wav,generated_audios/generated_H2_256C_int8/61-70970-0005_generated.wav,2.02,0.131503,0.127937,0.0651,0.063335,2.433393,0.906259,0.3635
H2_256C_quantized_no_output,61-70970-0006.wav,generated_audios/generated_H2_256C_int8/61-70970-0006_generated.wav,2.335011,0.144473,0.141776,0.061873,0.060718,1.915071,0.94208,0.336824
H2_256C_quantized_no_output,61-70970-0007.wav,generated_audios/generated_H2_256C_int8/61-70970-0007_generated.wav,4.485034,0.262117,0.259219,0.058443,0.057796,2.336474,0.932123,0.32858
H2_256C_quantized_no_output,61-70970-0008.wav,generated_audios/generated_H2_256C_int8/61-70970-0008_generated.wav,2.150023,0.133225,0.129547,0.061964,0.060254,2.444925,0.924477,0.338678
H2_256C_quantized_no_output,61-70970-0009.wav,generated_audios/generated_H2_256C_int8/61-70970-0009_generated.wav,3.405034,0.201009,0.197503,0.059033,0.058003,2.827266,0.957028,0.287375
H2_256C_quantized_no_output,61-70970-0010.wav,generated_audios/generated_H2_256C_int8/61-70970-0010_generated.wav,3.045034,0.182425,0.178802,0.059909,0.058719,2.728201,0.926584,0.305843
H2_256C_quantized_no_output,61-70970-0011.wav,generated_audios/generated_H2_256C_int8/61-70970-0011_generated.wav,6.075011,0.359558,0.355948,0.059186,0.058592,2.414547,0.911974,0.324299
H2_256C_quantized_no_output,61-70970-0012.wav,generated_audios/generated_H2_256C_int8/61-70970-0012_generated.wav,3.135011,0.189359,0.18615,0.060401,0.059378,2.54689,0.954442,0.299936
H2_256C_quantized_no_output,61-70970-0013.wav,generated_audios/generated_H2_256C_int8/61-70970-0013_generated.wav,4.350023,0.26854,0.264823,0.061733,0.060879,2.189007,0.950236,0.317293
H2_256C_quantized_no_output,61-70970-0014.wav,generated_audios/generated_H2_256C_int8/61-70970-0014_generated.wav,3.405034,0.199573,0.196173,0.058611,0.057613,2.380457,0.962238,0.312244
H2_256C_quantized_no_output,61-70970-0015.wav,generated_audios/generated_H2_256C_int8/61-70970-0015_generated.wav,8.415011,0.491094,0.487251,0.058359,0.057903,2.292451,0.951766,0.319918
H2_256C_quantized_no_output,61-70970-0016.wav,generated_audios/generated_H2_256C_int8/61-70970-0016_generated.wav,4.370023,0.26506,0.261226,0.060654,0.059777,2.481608,0.954537,0.327677
H2_256C_quantized_no_output,61-70970-0017.wav,generated_audios/generated_H2_256C_int8/61-70970-0017_generated.wav,2.550023,0.152072,0.148742,0.059636,0.058329,2.252357,0.923281,0.347984
H2_256C_quantized_no_output,61-70970-0018.wav,generated_audios/generated_H2_256C_int8/61-70970-0018_generated.wav,4.6,0.270025,0.266266,0.058701,0.057884,2.226348,0.931908,0.331255
H2_256C_quantized_no_output,61-70970-0019.wav,generated_audios/generated_H2_256C_int8/61-70970-0019_generated.wav,3.78,0.225341,0.22183,0.059614,0.058685,2.584848,0.951073,0.325311
H2_256C_quantized_no_output,61-70970-0020.wav,generated_audios/generated_H2_256C_int8/61-70970-0020_generated.wav,5.025034,0.304824,0.300982,0.060661,0.059897,2.217364,0.920832,0.357847
H2_256C_quantized_no_output,61-70970-0021.wav,generated_audios/generated_H2_256C_int8/61-70970-0021_generated.wav,5.405034,0.323736,0.321069,0.059895,0.059402,2.344955,0.942826,0.313945
H2_256C_quantized_no_output,61-70970-0022.wav,generated_audios/generated_H2_256C_int8/61-70970-0022_generated.wav,3.970023,0.235107,0.231319,0.059221,0.058266,2.41695,0.931274,0.327099
H2_256C_quantized_no_output,61-70970-0023.wav,generated_audios/generated_H2_256C_int8/61-70970-0023_generated.wav,3.705034,0.220872,0.217285,0.059614,0.058646,2.059869,0.955833,0.307864
H2_256C_quantized_no_output,61-70970-0024.wav,generated_audios/generated_H2_256C_int8/61-70970-0024_generated.wav,7.235011,0.428765,0.424676,0.059263,0.058697,2.1239,0.947894,0.312412
H2_256C_quantized_no_output,61-70970-0025.wav,generated_audios/generated_H2_256C_int8/61-70970-0025_generated.wav,7.435011,0.477669,0.473972,0.064246,0.063749,2.724567,0.959597,0.301362
H2_256C_quantized_no_output,61-70970-0026.wav,generated_audios/generated_H2_256C_int8/61-70970-0026_generated.wav,5.475011,0.320142,0.316897,0.058473,0.057881,2.660958,0.941672,0.304417
H2_256C_quantized_no_output,61-70970-0027.wav,generated_audios/generated_H2_256C_int8/61-70970-0027_generated.wav,5.08,0.313917,0.311009,0.061795,0.061222,2.259166,0.931452,0.311658
H2_256C_quantized_no_output,61-70970-0028.wav,generated_audios/generated_H2_256C_int8/61-70970-0028_generated.wav,6.550023,0.388976,0.384867,0.059385,0.058758,2.415147,0.953383,0.291662
H2_256C_quantized_no_output,61-70970-0029.wav,generated_audios/generated_H2_256C_int8/61-70970-0029_generated.wav,4.030023,0.242425,0.2387,0.060155,0.05923,2.758205,0.938883,0.30834
H2_256C_quantized_no_output,61-70970-0030.wav,generated_audios/generated_H2_256C_int8/61-70970-0030_generated.wav,3.24,0.19181,0.188667,0.059201,0.05823,2.177243,0.922708,0.316793
H2_256C_quantized_no_output,61-70970-0031.wav,generated_audios/generated_H2_256C_int8/61-70970-0031_generated.wav,5.135011,0.305556,0.302225,0.059504,0.058856,2.136161,0.943219,0.319142
H2_256C_quantized_no_output,61-70970-0032.wav,generated_audios/generated_H2_256C_int8/61-70970-0032_generated.wav,3.135011,0.184772,0.182593,0.058938,0.058243,2.494261,0.942875,0.324
H2_256C_quantized_no_output,61-70970-0033.wav,generated_audios/generated_H2_256C_int8/61-70970-0033_generated.wav,3.42,0.207858,0.204341,0.060777,0.059749,2.045425,0.948937,0.315987
H2_256C_quantized_no_output,61-70970-0034.wav,generated_audios/generated_H2_256C_int8/61-70970-0034_generated.wav,4.485034,0.265276,0.261709,0.059147,0.058352,2.198751,0.931283,0.308897
H2_256C_quantized_no_output,61-70970-0035.wav,generated_audios/generated_H2_256C_int8/61-70970-0035_generated.wav,7.405034,0.425863,0.422074,0.05751,0.056998,2.159066,0.930736,0.310334
H2_256C_quantized_no_output,61-70970-0036.wav,generated_audios/generated_H2_256C_int8/61-70970-0036_generated.wav,6.785034,0.399618,0.395425,0.058897,0.058279,2.098004,0.933924,0.307937
H2_256C_quantized_no_output,61-70970-0037.wav,generated_audios/generated_H2_256C_int8/61-70970-0037_generated.wav,5.98,0.354529,0.350672,0.059286,0.058641,2.45672,0.936667,0.3191
H2_256C_quantized_no_output,61-70970-0038.wav,generated_audios/generated_H2_256C_int8/61-70970-0038_generated.wav,10.4,0.599675,0.595829,0.057661,0.057291,2.309202,0.941947,0.31518
H2_256C_quantized_no_output,61-70970-0039.wav,generated_audios/generated_H2_256C_int8/61-70970-0039_generated.wav,6.665034,0.391941,0.388627,0.058805,0.058308,2.199412,0.927924,0.309171
H2_256C_quantized_no_output,61-70970-0040.wav,generated_audios/generated_H2_256C_int8/61-70970-0040_generated.wav,4.165034,0.259855,0.256797,0.06239,0.061655,2.526673,0.960144,0.306324
H2_256C_quantized_no_output,672-122797-0000.wav,generated_audios/generated_H2_256C_int8/672-122797-0000_generated.wav,4.070023,0.242201,0.238706,0.059509,0.05865,2.648277,0.960857,0.315887
H2_256C_quantized_no_output,672-122797-0001.wav,generated_audios/generated_H2_256C_int8/672-122797-0001_generated.wav,15.130023,0.860278,0.855522,0.056859,0.056545,2.85124,0.957655,0.324653
H2_256C_quantized_no_output,672-122797-0002.wav,generated_audios/generated_H2_256C_int8/672-122797-0002_generated.wav,13.62,0.777314,0.772612,0.057072,0.056726,2.703875,0.955288,0.321286
H2_256C_quantized_no_output,672-122797-0003.wav,generated_audios/generated_H2_256C_int8/672-122797-0003_generated.wav,4.76,0.283493,0.280172,0.059557,0.05886,2.504779,0.924734,0.354339
H2_256C_quantized_no_output,672-122797-0004.wav,generated_audios/generated_H2_256C_int8/672-122797-0004_generated.wav,10.250023,0.586123,0.581775,0.057183,0.056758,2.651323,0.93529,0.334528
H2_256C_quantized_no_output,672-122797-0005.wav,generated_audios/generated_H2_256C_int8/672-122797-0005_generated.wav,3.26,0.195465,0.191966,0.059958,0.058885,2.651683,0.875174,0.354125
H2_256C_quantized_no_output,672-122797-0006.wav,generated_audios/generated_H2_256C_int8/672-122797-0006_generated.wav,13.950023,0.798544,0.793991,0.057243,0.056917,1.693759,0.805037,0.742511
H2_256C_quantized_no_output,672-122797-0007.wav,generated_audios/generated_H2_256C_int8/672-122797-0007_generated.wav,6.42,0.384141,0.380122,0.059835,0.059209,1.159261,0.652618,1.510104
H2_256C_quantized_no_output,672-122797-0008.wav,generated_audios/generated_H2_256C_int8/672-122797-0008_generated.wav,30.810023,1.762152,1.754881,0.057194,0.056958,1.131062,0.648579,1.546837
H2_256C_quantized_no_output,672-122797-0009.wav,generated_audios/generated_H2_256C_int8/672-122797-0009_generated.wav,2.765034,0.162754,0.158781,0.058861,0.057424,1.176243,0.694197,1.291185
H2_256C_quantized_no_output,672-122797-0010.wav,generated_audios/generated_H2_256C_int8/672-122797-0010_generated.wav,3.815011,0.22166,0.21805,0.058102,0.057156,1.082535,0.674577,1.422822
H2_256C_quantized_no_output,672-122797-0011.wav,generated_audios/generated_H2_256C_int8/672-122797-0011_generated.wav,2.54,0.154546,0.151229,0.060845,0.059539,1.114381,0.773527,1.179968
H2_256C_quantized_no_output,672-122797-0012.wav,generated_audios/generated_H2_256C_int8/672-122797-0012_generated.wav,7.765034,0.47071,0.467383,0.060619,0.060191,1.115559,0.715113,1.256611
H2_256C_quantized_no_output,672-122797-0013.wav,generated_audios/generated_H2_256C_int8/672-122797-0013_generated.wav,8.705034,0.503881,0.501056,0.057884,0.057559,1.201306,0.692837,1.382511
H2_256C_quantized_no_output,672-122797-0014.wav,generated_audios/generated_H2_256C_int8/672-122797-0014_generated.wav,2.555011,0.262559,0.213563,0.102762,0.083586,1.180197,0.802525,1.374697
H2_256C_quantized_no_output,672-122797-0015.wav,generated_audios/generated_H2_256C_int8/672-122797-0015_generated.wav,4.455011,0.260493,0.256863,0.058472,0.057657,1.121767,0.705077,1.310193
H2_256C_quantized_no_output,672-122797-0016.wav,generated_audios/generated_H2_256C_int8/672-122797-0016_generated.wav,9.215011,0.523803,0.51983,0.056842,0.056411,1.177479,0.719288,1.393116
H2_256C_quantized_no_output,672-122797-0017.wav,generated_audios/generated_H2_256C_int8/672-122797-0017_generated.wav,4.82,0.287777,0.284195,0.059705,0.058962,1.272137,0.791811,1.13287
H2_256C_quantized_no_output,672-122797-0018.wav,generated_audios/generated_H2_256C_int8/672-122797-0018_generated.wav,4.930023,0.301654,0.297831,0.061187,0.060412,1.100752,0.653087,1.447446
H2_256C_quantized_no_output,672-122797-0019.wav,generated_audios/generated_H2_256C_int8/672-122797-0019_generated.wav,4.110023,0.250645,0.247603,0.060984,0.060244,1.083209,0.695576,1.532302
H2_256C_quantized_no_output,672-122797-0020.wav,generated_audios/generated_H2_256C_int8/672-122797-0020_generated.wav,8.825034,0.515843,0.511915,0.058452,0.058007,1.105306,0.637333,1.597756
H2_256C_quantized_no_output,672-122797-0021.wav,generated_audios/generated_H2_256C_int8/672-122797-0021_generated.wav,4.150023,0.239265,0.235581,0.057654,0.056766,1.138382,0.768234,1.445119
H2_256C_quantized_no_output,672-122797-0022.wav,generated_audios/generated_H2_256C_int8/672-122797-0022_generated.wav,19.004943,1.073906,1.068632,0.056507,0.056229,1.167741,0.630589,1.569142
H2_256C_quantized_no_output,672-122797-0023.wav,generated_audios/generated_H2_256C_int8/672-122797-0023_generated.wav,9.695102,0.56159,0.55738,0.057925,0.057491,1.123922,0.675608,1.433951
H2_256C_quantized_no_output,672-122797-0024.wav,generated_audios/generated_H2_256C_int8/672-122797-0024_generated.wav,4.130023,0.240055,0.236237,0.058124,0.0572,1.104958,0.545173,1.806529
H2_256C_quantized_no_output,672-122797-0025.wav,generated_audios/generated_H2_256C_int8/672-122797-0025_generated.wav,10.690023,0.622034,0.61742,0.058188,0.057757,1.189983,0.767073,1.360011
H2_256C_quantized_no_output,672-122797-0026.wav,generated_audios/generated_H2_256C_int8/672-122797-0026_generated.wav,13.96,0.802293,0.797553,0.057471,0.057131,1.084894,0.629947,1.479104
H2_256C_quantized_no_output,672-122797-0027.wav,generated_audios/generated_H2_256C_int8/672-122797-0027_generated.wav,4.790023,0.283328,0.279831,0.05915,0.05842,1.105173,0.569057,1.750843
H2_256C_quantized_no_output,672-122797-0028.wav,generated_audios/generated_H2_256C_int8/672-122797-0028_generated.wav,2.610023,0.165545,0.16195,0.063426,0.062049,1.169012,0.748298,1.425881
H2_256C_quantized_no_output,672-122797-0029.wav,generated_audios/generated_H2_256C_int8/672-122797-0029_generated.wav,3.050023,0.179696,0.176195,0.058916,0.057768,1.45337,0.812951,1.359176
H2_256C_quantized_no_output,672-122797-0030.wav,generated_audios/generated_H2_256C_int8/672-122797-0030_generated.wav,4.575011,0.265458,0.262543,0.058024,0.057386,1.164736,0.77616,1.362376
H2_256C_quantized_no_output,672-122797-0031.wav,generated_audios/generated_H2_256C_int8/672-122797-0031_generated.wav,3.98,0.229902,0.226186,0.057764,0.056831,1.471624,0.735391,1.379337
H2_256C_quantized_no_output,672-122797-0032.wav,generated_audios/generated_H2_256C_int8/672-122797-0032_generated.wav,4.0,0.233172,0.22983,0.058293,0.057457,1.138188,0.620245,1.410042
H2_256C_quantized_no_output,672-122797-0033.wav,generated_audios/generated_H2_256C_int8/672-122797-0033_generated.wav,1.285034,0.084809,0.081531,0.065997,0.063447,1.229598,0.564217,1.434782
H2_256C_quantized_no_output,672-122797-0034.wav,generated_audios/generated_H2_256C_int8/672-122797-0034_generated.wav,5.110023,0.302264,0.298316,0.059151,0.058379,1.181799,0.816814,1.343756
H2_256C_quantized_no_output,672-122797-0035.wav,generated_audios/generated_H2_256C_int8/672-122797-0035_generated.wav,2.9,0.180335,0.176709,0.062185,0.060934,1.674444,0.90045,1.201626
H2_256C_quantized_no_output,672-122797-0036.wav,generated_audios/generated_H2_256C_int8/672-122797-0036_generated.wav,5.365034,0.317417,0.314066,0.059164,0.058539,1.221468,0.725967,1.193451
H2_256C_quantized_no_output,672-122797-0037.wav,generated_audios/generated_H2_256C_int8/672-122797-0037_generated.wav,1.96,0.122751,0.119577,0.062628,0.061009,1.237112,0.783739,1.104009
H2_256C_quantized_no_output,672-122797-0038.wav,generated_audios/generated_H2_256C_int8/672-122797-0038_generated.wav,8.8,0.505281,0.501819,0.057418,0.057025,1.161488,0.702217,1.426311
H2_256C_quantized_no_output,672-122797-0039.wav,generated_audios/generated_H2_256C_int8/672-122797-0039_generated.wav,4.025034,0.245008,0.241238,0.060871,0.059934,1.271999,0.794381,1.291123
H2_256C_quantized_no_output,672-122797-0040.wav,generated_audios/generated_H2_256C_int8/672-122797-0040_generated.wav,5.125034,0.311725,0.308627,0.060824,0.06022,1.18996,0.668949,1.613386
H2_256C_quantized_no_output,672-122797-0041.wav,generated_audios/generated_H2_256C_int8/672-122797-0041_generated.wav,3.88,0.22519,0.221745,0.058039,0.057151,1.160907,0.670938,1.601316
H2_256C_quantized_no_output,672-122797-0042.wav,generated_audios/generated_H2_256C_int8/672-122797-0042_generated.wav,15.310023,0.863516,0.859219,0.056402,0.056121,1.183997,0.539816,1.764098
H2_256C_quantized_no_output,672-122797-0043.wav,generated_audios/generated_H2_256C_int8/672-122797-0043_generated.wav,3.78,0.217818,0.215231,0.057624,0.056939,1.135821,0.630024,1.604201
H2_256C_quantized_no_output,672-122797-0044.wav,generated_audios/generated_H2_256C_int8/672-122797-0044_generated.wav,3.74,0.217733,0.214281,0.058217,0.057294,1.165175,0.638906,1.568349
H2_256C_quantized_no_output,672-122797-0045.wav,generated_audios/generated_H2_256C_int8/672-122797-0045_generated.wav,13.96,0.788279,0.784521,0.056467,0.056198,1.16265,0.766997,1.376216
H2_256C_quantized_no_output,672-122797-0046.wav,generated_audios/generated_H2_256C_int8/672-122797-0046_generated.wav,4.715011,0.275592,0.271813,0.05845,0.057648,1.147072,0.716809,1.484207
H2_256C_quantized_no_output,672-122797-0047.wav,generated_audios/generated_H2_256C_int8/672-122797-0047_generated.wav,3.325034,0.195638,0.192394,0.058838,0.057862,1.489788,0.785469,1.088626
H2_256C_quantized_no_output,672-122797-0048.wav,generated_audios/generated_H2_256C_int8/672-122797-0048_generated.wav,6.555011,0.39259,0.388984,0.059892,0.059342,1.100343,0.607989,1.537362
H2_256C_quantized_no_output,672-122797-0049.wav,generated_audios/generated_H2_256C_int8/672-122797-0049_generated.wav,2.02,0.124231,0.121055,0.0615,0.059928,1.370924,0.576625,1.608531
H2_256C_quantized_no_output,672-122797-0050.wav,generated_audios/generated_H2_256C_int8/672-122797-0050_generated.wav,4.855011,0.292111,0.288854,0.060167,0.059496,1.154107,0.689448,1.469858
H2_256C_quantized_no_output,672-122797-0051.wav,generated_audios/generated_H2_256C_int8/672-122797-0051_generated.wav,4.665034,0.279287,0.275584,0.059868,0.059074,1.224128,0.644644,1.391108
H2_256C_quantized_no_output,672-122797-0052.wav,generated_audios/generated_H2_256C_int8/672-122797-0052_generated.wav,4.285034,0.248205,0.244595,0.057924,0.057081,1.159748,0.768411,1.246273
H2_256C_quantized_no_output,672-122797-0053.wav,generated_audios/generated_H2_256C_int8/672-122797-0053_generated.wav,2.955011,0.173048,0.169978,0.058561,0.057522,1.052211,0.592426,1.645394
H2_256C_quantized_no_output,672-122797-0054.wav,generated_audios/generated_H2_256C_int8/672-122797-0054_generated.wav,4.250023,0.246243,0.242846,0.057939,0.05714,1.187286,0.661409,1.338963
H2_256C_quantized_no_output,672-122797-0055.wav,generated_audios/generated_H2_256C_int8/672-122797-0055_generated.wav,8.230023,0.47565,0.471591,0.057795,0.057301,1.169307,0.661399,1.453217
H2_256C_quantized_no_output,672-122797-0056.wav,generated_audios/generated_H2_256C_int8/672-122797-0056_generated.wav,5.225034,0.309995,0.306037,0.059329,0.058571,1.163542,0.703401,1.383507
H2_256C_quantized_no_output,672-122797-0057.wav,generated_audios/generated_H2_256C_int8/672-122797-0057_generated.wav,6.56,0.38423,0.38008,0.058572,0.057939,1.220406,0.632845,1.544663
H2_256C_quantized_no_output,672-122797-0058.wav,generated_audios/generated_H2_256C_int8/672-122797-0058_generated.wav,4.470023,0.269557,0.26664,0.060303,0.059651,1.077272,0.577857,1.639118
H2_256C_quantized_no_output,672-122797-0059.wav,generated_audios/generated_H2_256C_int8/672-122797-0059_generated.wav,3.52,0.215348,0.21204,0.061178,0.060239,1.157134,0.670357,1.617765
H2_256C_quantized_no_output,672-122797-0060.wav,generated_audios/generated_H2_256C_int8/672-122797-0060_generated.wav,3.350023,0.208791,0.20537,0.062325,0.061304,1.163355,0.82498,1.481582
H2_256C_quantized_no_output,672-122797-0061.wav,generated_audios/generated_H2_256C_int8/672-122797-0061_generated.wav,7.590023,0.438499,0.434767,0.057773,0.057281,1.210838,0.80614,1.291207
H2_256C_quantized_no_output,672-122797-0062.wav,generated_audios/generated_H2_256C_int8/672-122797-0062_generated.wav,2.675011,0.157021,0.153876,0.058699,0.057524,1.158542,0.520684,1.840525
H2_256C_quantized_no_output,672-122797-0063.wav,generated_audios/generated_H2_256C_int8/672-122797-0063_generated.wav,5.075011,0.295824,0.292093,0.05829,0.057555,1.204965,0.715721,1.640605
H2_256C_quantized_no_output,672-122797-0064.wav,generated_audios/generated_H2_256C_int8/672-122797-0064_generated.wav,15.270023,0.853577,0.8489,0.055899,0.055593,1.199672,0.698671,1.369881
H2_256C_quantized_no_output,672-122797-0065.wav,generated_audios/generated_H2_256C_int8/672-122797-0065_generated.wav,3.030023,0.1755,0.171939,0.05792,0.056745,1.099165,0.633726,1.586175
H2_256C_quantized_no_output,672-122797-0066.wav,generated_audios/generated_H2_256C_int8/672-122797-0066_generated.wav,4.815011,0.278416,0.274741,0.057822,0.057059,1.221164,0.827382,1.356511
H2_256C_quantized_no_output,672-122797-0067.wav,generated_audios/generated_H2_256C_int8/672-122797-0067_generated.wav,13.035011,0.761231,0.757341,0.058399,0.058101,1.198578,0.749713,1.397331
H2_256C_quantized_no_output,672-122797-0068.wav,generated_audios/generated_H2_256C_int8/672-122797-0068_generated.wav,4.02,0.237078,0.233759,0.058975,0.058149,1.144293,0.635816,1.740864
H2_256C_quantized_no_output,672-122797-0069.wav,generated_audios/generated_H2_256C_int8/672-122797-0069_generated.wav,5.010023,0.304911,0.301144,0.06086,0.060108,1.144822,0.66026,1.58115
H2_256C_quantized_no_output,672-122797-0070.wav,generated_audios/generated_H2_256C_int8/672-122797-0070_generated.wav,6.270023,0.361948,0.358072,0.057727,0.057109,1.157225,0.766671,1.44017
H2_256C_quantized_no_output,672-122797-0071.wav,generated_audios/generated_H2_256C_int8/672-122797-0071_generated.wav,8.875011,0.508348,0.504175,0.057279,0.056808,1.226445,0.822374,1.336635
H2_256C_quantized_no_output,672-122797-0072.wav,generated_audios/generated_H2_256C_int8/672-122797-0072_generated.wav,7.94,0.461918,0.457624,0.058176,0.057635,1.14505,0.684117,1.588533
H2_256C_quantized_no_output,672-122797-0073.wav,generated_audios/generated_H2_256C_int8/672-122797-0073_generated.wav,8.205034,0.476187,0.472526,0.058036,0.05759,1.135946,0.771459,1.467234
H2_256C_quantized_no_output,672-122797-0074.wav,generated_audios/generated_H2_256C_int8/672-122797-0074_generated.wav,8.730023,0.491511,0.487386,0.056301,0.055829,1.236582,0.499058,1.810642
H2_256C_quantized_no_output,908-157963-0000.wav,generated_audios/generated_H2_256C_int8/908-157963-0000_generated.wav,12.62,0.730031,0.726089,0.057847,0.057535,1.170151,0.799482,1.481264
H2_256C_quantized_no_output,908-157963-0001.wav,generated_audios/generated_H2_256C_int8/908-157963-0001_generated.wav,2.885034,0.17283,0.169755,0.059906,0.05884,1.258599,0.893762,1.491689
H2_256C_quantized_no_output,908-157963-0002.wav,generated_audios/generated_H2_256C_int8/908-157963-0002_generated.wav,2.755011,0.161951,0.158429,0.058784,0.057506,1.230866,0.84465,1.457512
H2_256C_quantized_no_output,908-157963-0003.wav,generated_audios/generated_H2_256C_int8/908-157963-0003_generated.wav,3.08,0.181748,0.178273,0.059009,0.057881,1.190359,0.869567,1.325518
H2_256C_quantized_no_output,908-157963-0004.wav,generated_audios/generated_H2_256C_int8/908-157963-0004_generated.wav,13.990023,0.785558,0.781084,0.056151,0.055831,1.202598,0.785983,1.428082
H2_256C_quantized_no_output,908-157963-0005.wav,generated_audios/generated_H2_256C_int8/908-157963-0005_generated.wav,7.035011,0.416423,0.41279,0.059193,0.058677,1.165786,0.790954,1.55966
H2_256C_quantized_no_output,908-157963-0006.wav,generated_audios/generated_H2_256C_int8/908-157963-0006_generated.wav,8.110023,0.466054,0.462337,0.057466,0.057008,1.166619,0.789389,1.434029
H2_256C_quantized_no_output,908-157963-0007.wav,generated_audios/generated_H2_256C_int8/908-157963-0007_generated.wav,32.770023,1.830256,1.823537,0.055852,0.055647,1.159651,0.800147,1.445706
H2_256C_quantized_no_output,908-157963-0008.wav,generated_audios/generated_H2_256C_int8/908-157963-0008_generated.wav,19.950023,1.111561,1.106144,0.055717,0.055446,1.185169,0.7929,1.47064
H2_256C_quantized_no_output,908-157963-0009.wav,generated_audios/generated_H2_256C_int8/908-157963-0009_generated.wav,4.06,0.23636,0.233403,0.058217,0.057488,1.257682,0.813161,1.335094
H2_256C_quantized_no_output,908-157963-0010.wav,generated_audios/generated_H2_256C_int8/908-157963-0010_generated.wav,6.28,0.373037,0.369538,0.059401,0.058844,1.14454,0.66563,1.642545
H2_256C_quantized_no_output,908-157963-0011.wav,generated_audios/generated_H2_256C_int8/908-157963-0011_generated.wav,10.395011,0.601749,0.597268,0.057888,0.057457,1.132066,0.730326,1.472543
H2_256C_quantized_no_output,908-157963-0012.wav,generated_audios/generated_H2_256C_int8/908-157963-0012_generated.wav,10.090023,0.575795,0.571384,0.057066,0.056629,1.155352,0.699262,1.583009
H2_256C_quantized_no_output,908-157963-0013.wav,generated_audios/generated_H2_256C_int8/908-157963-0013_generated.wav,4.315011,0.242889,0.239124,0.056289,0.055417,1.113741,0.803686,1.785337
H2_256C_quantized_no_output,908-157963-0014.wav,generated_audios/generated_H2_256C_int8/908-157963-0014_generated.wav,4.52,0.262342,0.258718,0.05804,0.057239,1.213589,0.768342,1.693554
H2_256C_quantized_no_output,908-157963-0015.wav,generated_audios/generated_H2_256C_int8/908-157963-0015_generated.wav,14.465034,0.804796,0.80005,0.055637,0.055309,1.256799,0.854371,1.456168
H2_256C_quantized_no_output,908-157963-0016.wav,generated_audios/generated_H2_256C_int8/908-157963-0016_generated.wav,5.105034,0.293829,0.290034,0.057557,0.056813,1.304995,0.870209,1.550325
H2_256C_quantized_no_output,908-157963-0017.wav,generated_audios/generated_H2_256C_int8/908-157963-0017_generated.wav,4.950023,0.285458,0.281817,0.057668,0.056932,1.305643,0.849589,1.358929
H2_256C_quantized_no_output,908-157963-0018.wav,generated_audios/generated_H2_256C_int8/908-157963-0018_generated.wav,4.255011,0.23823,0.234603,0.055988,0.055136,1.193468,0.783864,1.419011
H2_256C_quantized_no_output,908-157963-0019.wav,generated_audios/generated_H2_256C_int8/908-157963-0019_generated.wav,21.44,1.189334,1.183583,0.055473,0.055204,1.146776,0.7936,1.668369
H2_256C_quantized_no_output,908-157963-0020.wav,generated_audios/generated_H2_256C_int8/908-157963-0020_generated.wav,9.8,0.565692,0.561547,0.057724,0.057301,1.194619,0.802594,1.628879
H2_256C_quantized_no_output,908-157963-0021.wav,generated_audios/generated_H2_256C_int8/908-157963-0021_generated.wav,10.24,0.584818,0.580437,0.057111,0.056683,1.221664,0.800669,1.538422
H2_256C_quantized_no_output,908-157963-0022.wav,generated_audios/generated_H2_256C_int8/908-157963-0022_generated.wav,4.610023,0.268105,0.264552,0.058157,0.057386,1.156181,0.737284,1.62467
H2_256C_quantized_no_output,908-157963-0023.wav,generated_audios/generated_H2_256C_int8/908-157963-0023_generated.wav,9.625034,0.537266,0.532995,0.05582,0.055376,1.189382,0.717618,1.551848
H2_256C_quantized_no_output,908-157963-0024.wav,generated_audios/generated_H2_256C_int8/908-157963-0024_generated.wav,3.44,0.197492,0.194491,0.057411,0.056538,1.126218,0.772343,1.669683
H2_256C_quantized_no_output,908-157963-0025.wav,generated_audios/generated_H2_256C_int8/908-157963-0025_generated.wav,9.265034,0.513742,0.509667,0.05545,0.05501,1.133173,0.746864,1.716022
H2_256C_quantized_no_output,908-157963-0026.wav,generated_audios/generated_H2_256C_int8/908-157963-0026_generated.wav,8.1,0.447712,0.443897,0.055273,0.054802,1.202812,0.758108,1.553429
H2_256C_quantized_no_output,908-157963-0027.wav,generated_audios/generated_H2_256C_int8/908-157963-0027_generated.wav,5.225034,0.303048,0.299421,0.057999,0.057305,1.126911,0.639558,1.706348
H2_256C_quantized_no_output,908-157963-0028.wav,generated_audios/generated_H2_256C_int8/908-157963-0028_generated.wav,4.955011,0.289142,0.285277,0.058353,0.057573,1.226505,0.838095,1.382238
H2_256C_quantized_no_output,908-157963-0029.wav,generated_audios/generated_H2_256C_int8/908-157963-0029_generated.wav,3.630023,0.213912,0.210142,0.058928,0.05789,1.239868,0.874756,1.424177
H2_256C_quantized_no_output,908-157963-0030.wav,generated_audios/generated_H2_256C_int8/908-157963-0030_generated.wav,4.52,0.271941,0.268399,0.060164,0.05938,1.182158,0.825881,1.564601
H2_256C_quantized_no_output,908-31957-0000.wav,generated_audios/generated_H2_256C_int8/908-31957-0000_generated.wav,2.125034,0.134536,0.131405,0.06331,0.061837,1.313909,0.877975,1.678011
H2_256C_quantized_no_output,908-31957-0001.wav,generated_audios/generated_H2_256C_int8/908-31957-0001_generated.wav,11.315011,0.646144,0.641893,0.057105,0.056729,1.130302,0.799429,1.663096
H2_256C_quantized_no_output,908-31957-0002.wav,generated_audios/generated_H2_256C_int8/908-31957-0002_generated.wav,4.790023,0.276624,0.273095,0.05775,0.057013,1.122748,0.805078,1.784247
H2_256C_quantized_no_output,908-31957-0003.wav,generated_audios/generated_H2_256C_int8/908-31957-0003_generated.wav,6.565034,0.377723,0.374216,0.057536,0.057001,1.135083,0.804069,1.437079
H2_256C_quantized_no_output,908-31957-0004.wav,generated_audios/generated_H2_256C_int8/908-31957-0004_generated.wav,14.755011,0.81742,0.812807,0.055399,0.055087,1.141384,0.814284,1.579669
H2_256C_quantized_no_output,908-31957-0005.wav,generated_audios/generated_H2_256C_int8/908-31957-0005_generated.wav,4.490023,0.260764,0.256984,0.058076,0.057234,1.207432,0.826253,1.865881
H2_256C_quantized_no_output,908-31957-0006.wav,generated_audios/generated_H2_256C_int8/908-31957-0006_generated.wav,5.890023,0.33219,0.328302,0.056399,0.055739,1.177922,0.813468,1.796297
H2_256C_quantized_no_output,908-31957-0007.wav,generated_audios/generated_H2_256C_int8/908-31957-0007_generated.wav,5.8,0.331155,0.327462,0.057096,0.056459,1.215573,0.849414,1.638478
H2_256C_quantized_no_output,908-31957-0008.wav,generated_audios/generated_H2_256C_int8/908-31957-0008_generated.wav,10.005034,0.552345,0.547966,0.055207,0.054769,1.144652,0.792215,1.652403
H2_256C_quantized_no_output,908-31957-0009.wav,generated_audios/generated_H2_256C_int8/908-31957-0009_generated.wav,7.705034,0.432349,0.42829,0.056112,0.055586,1.152802,0.807282,1.613794
H2_256C_quantized_no_output,908-31957-0010.wav,generated_audios/generated_H2_256C_int8/908-31957-0010_generated.wav,2.510023,0.146492,0.14362,0.058363,0.057219,1.168108,0.610983,2.188586
H2_256C_quantized_no_output,908-31957-0011.wav,generated_audios/generated_H2_256C_int8/908-31957-0011_generated.wav,2.335011,0.136174,0.132823,0.058319,0.056883,1.148668,0.739927,1.729749
H2_256C_quantized_no_output,908-31957-0012.wav,generated_audios/generated_H2_256C_int8/908-31957-0012_generated.wav,7.615011,0.444204,0.440514,0.058333,0.057848,1.148347,0.799059,1.701548
H2_256C_quantized_no_output,908-31957-0013.wav,generated_audios/generated_H2_256C_int8/908-31957-0013_generated.wav,6.18,0.370216,0.366588,0.059906,0.059318,1.183507,0.748106,1.817055
H2_256C_quantized_no_output,908-31957-0014.wav,generated_audios/generated_H2_256C_int8/908-31957-0014_generated.wav,7.56,0.441426,0.437427,0.05839,0.057861,1.115067,0.771956,1.839882
H2_256C_quantized_no_output,908-31957-0015.wav,generated_audios/generated_H2_256C_int8/908-31957-0015_generated.wav,21.465034,1.212316,1.207188,0.056479,0.05624,1.122542,0.761709,1.888589
H2_256C_quantized_no_output,908-31957-0016.wav,generated_audios/generated_H2_256C_int8/908-31957-0016_generated.wav,6.48,0.37985,0.37575,0.058619,0.057986,1.203316,0.804554,1.851117
H2_256C_quantized_no_output,908-31957-0017.wav,generated_audios/generated_H2_256C_int8/908-31957-0017_generated.wav,7.795011,0.442692,0.439173,0.056792,0.05634,1.122394,0.815567,1.85225
H2_256C_quantized_no_output,908-31957-0018.wav,generated_audios/generated_H2_256C_int8/908-31957-0018_generated.wav,3.915011,0.23455,0.231249,0.059911,0.059067,1.139323,0.797717,1.743668
H2_256C_quantized_no_output,908-31957-0019.wav,generated_audios/generated_H2_256C_int8/908-31957-0019_generated.wav,9.54,0.541885,0.53766,0.056801,0.056359,1.209327,0.819367,1.656902
H2_256C_quantized_no_output,908-31957-0020.wav,generated_audios/generated_H2_256C_int8/908-31957-0020_generated.wav,5.895011,0.3365,0.332345,0.057082,0.056377,1.158804,0.786525,1.730614
H2_256C_quantized_no_output,908-31957-0021.wav,generated_audios/generated_H2_256C_int8/908-31957-0021_generated.wav,10.905034,0.622173,0.617809,0.057054,0.056654,1.13828,0.804953,1.71316
H2_256C_quantized_no_output,908-31957-0022.wav,generated_audios/generated_H2_256C_int8/908-31957-0022_generated.wav,14.1,0.767437,0.762941,0.054428,0.054109,1.126846,0.774564,1.688047
H2_256C_quantized_no_output,908-31957-0023.wav,generated_audios/generated_H2_256C_int8/908-31957-0023_generated.wav,8.515011,0.478674,0.474996,0.056215,0.055783,1.154742,0.802229,1.885978
H2_256C_quantized_no_output,908-31957-0024.wav,generated_audios/generated_H2_256C_int8/908-31957-0024_generated.wav,7.54,0.427848,0.42373,0.056744,0.056198,1.121217,0.77821,1.883455
H2_256C_quantized_no_output,908-31957-0025.wav,generated_audios/generated_H2_256C_int8/908-31957-0025_generated.wav,20.56,1.122041,1.116652,0.054574,0.054312,1.123115,0.785846,2.049337
H2_512C_quantized_no_output,1089-134686-0000.wav,generated_audios/generated_H2_512C_int8/1089-134686-0000_generated.wav,10.435011,1.56897,1.565735,0.150356,0.150046,1.269547,0.911256,1.177413
H2_512C_quantized_no_output,1089-134686-0001.wav,generated_audios/generated_H2_512C_int8/1089-134686-0001_generated.wav,3.275011,0.50385,0.50091,0.153847,0.152949,1.165535,0.836993,1.470622
H2_512C_quantized_no_output,1089-134686-0002.wav,generated_audios/generated_H2_512C_int8/1089-134686-0002_generated.wav,6.625034,0.985398,0.981494,0.148739,0.148149,1.264218,0.86605,1.169107
H2_512C_quantized_no_output,1089-134686-0003.wav,generated_audios/generated_H2_512C_int8/1089-134686-0003_generated.wav,2.68,0.409747,0.407069,0.152891,0.151892,1.443776,0.92305,1.350781
H2_512C_quantized_no_output,1089-134686-0004.wav,generated_audios/generated_H2_512C_int8/1089-134686-0004_generated.wav,5.215102,0.765285,0.761838,0.146744,0.146083,1.414826,0.941735,1.164884
H2_512C_quantized_no_output,1089-134686-0005.wav,generated_audios/generated_H2_512C_int8/1089-134686-0005_generated.wav,9.635011,1.390851,1.386503,0.144354,0.143903,1.179057,0.845556,1.280049
H2_512C_quantized_no_output,1089-134686-0006.wav,generated_audios/generated_H2_512C_int8/1089-134686-0006_generated.wav,10.555011,1.532838,1.528686,0.145224,0.14483,1.271708,0.874875,1.27289
H2_512C_quantized_no_output,1089-134686-0007.wav,generated_audios/generated_H2_512C_int8/1089-134686-0007_generated.wav,4.275011,0.669695,0.666594,0.156653,0.155928,1.160628,0.861114,1.380156
H2_512C_quantized_no_output,1089-134686-0008.wav,generated_audios/generated_H2_512C_int8/1089-134686-0008_generated.wav,6.730023,1.006598,1.00228,0.149568,0.148927,1.193644,0.860069,1.272834
H2_512C_quantized_no_output,1089-134686-0009.wav,generated_audios/generated_H2_512C_int8/1089-134686-0009_generated.wav,10.575011,1.535965,1.531691,0.145245,0.144841,1.270954,0.907302,1.309624
H2_512C_quantized_no_output,1089-134686-0010.wav,generated_audios/generated_H2_512C_int8/1089-134686-0010_generated.wav,4.405034,0.639907,0.63532,0.145267,0.144226,1.525516,0.931565,0.965478
H2_512C_quantized_no_output,1089-134686-0011.wav,generated_audios/generated_H2_512C_int8/1089-134686-0011_generated.wav,12.445034,1.814877,1.81071,0.145831,0.145497,1.253547,0.876912,1.139848
H2_512C_quantized_no_output,1089-134686-0012.wav,generated_audios/generated_H2_512C_int8/1089-134686-0012_generated.wav,11.64,1.838699,1.834028,0.157964,0.157563,1.299224,0.865345,1.239753
H2_512C_quantized_no_output,1089-134686-0013.wav,generated_audios/generated_H2_512C_int8/1089-134686-0013_generated.wav,7.915011,1.162763,1.15863,0.146906,0.146384,1.174075,0.875607,1.221005
H2_512C_quantized_no_output,1089-134686-0014.wav,generated_audios/generated_H2_512C_int8/1089-134686-0014_generated.wav,2.225034,0.353288,0.349483,0.158779,0.157068,1.282895,0.933939,1.169426
H2_512C_quantized_no_output,1089-134686-0015.wav,generated_audios/generated_H2_512C_int8/1089-134686-0015_generated.wav,5.815011,0.846694,0.843818,0.145605,0.14511,1.226696,0.857684,1.401145
H2_512C_quantized_no_output,1089-134686-0016.wav,generated_audios/generated_H2_512C_int8/1089-134686-0016_generated.wav,3.54,0.554426,0.551039,0.156618,0.155661,1.279246,0.911138,1.203826
H2_512C_quantized_no_output,1089-134686-0017.wav,generated_audios/generated_H2_512C_int8/1089-134686-0017_generated.wav,8.870023,1.266768,1.262787,0.142815,0.142366,1.252368,0.909324,1.189103
H2_512C_quantized_no_output,1089-134686-0018.wav,generated_audios/generated_H2_512C_int8/1089-134686-0018_generated.wav,15.72,2.39894,2.393432,0.152604,0.152254,1.193884,0.860727,1.210207
H2_512C_quantized_no_output,1089-134686-0019.wav,generated_audios/generated_H2_512C_int8/1089-134686-0019_generated.wav,13.895011,2.097708,2.092961,0.150968,0.150627,1.208171,0.87899,1.15276
H2_512C_quantized_no_output,1089-134686-0020.wav,generated_audios/generated_H2_512C_int8/1089-134686-0020_generated.wav,16.790023,2.619079,2.613688,0.15599,0.155669,1.187059,0.879373,1.20743
H2_512C_quantized_no_output,1089-134686-0021.wav,generated_audios/generated_H2_512C_int8/1089-134686-0021_generated.wav,6.550023,0.969371,0.965217,0.147995,0.147361,1.237334,0.881252,1.270192
H2_512C_quantized_no_output,1089-134686-0022.wav,generated_audios/generated_H2_512C_int8/1089-134686-0022_generated.wav,11.175011,1.694747,1.690411,0.151655,0.151267,1.306917,0.880902,1.140729
H2_512C_quantized_no_output,1089-134686-0023.wav,generated_audios/generated_H2_512C_int8/1089-134686-0023_generated.wav,13.275011,2.001513,1.997114,0.150773,0.150442,1.19959,0.880399,1.231065
H2_512C_quantized_no_output,1089-134686-0024.wav,generated_audios/generated_H2_512C_int8/1089-134686-0024_generated.wav,11.655011,1.825504,1.821509,0.156628,0.156286,1.208759,0.86884,1.138396
H2_512C_quantized_no_output,1089-134686-0025.wav,generated_audios/generated_H2_512C_int8/1089-134686-0025_generated.wav,6.610023,1.000626,0.997051,0.15138,0.150839,1.20548,0.905049,1.279382
H2_512C_quantized_no_output,1089-134686-0026.wav,generated_audios/generated_H2_512C_int8/1089-134686-0026_generated.wav,4.010023,0.611187,0.60713,0.152415,0.151403,1.247442,0.8969,1.205851
H2_512C_quantized_no_output,1089-134686-0027.wav,generated_audios/generated_H2_512C_int8/1089-134686-0027_generated.wav,2.710023,0.415233,0.412239,0.153221,0.152116,1.263545,0.92653,1.07066
H2_512C_quantized_no_output,1089-134686-0028.wav,generated_audios/generated_H2_512C_int8/1089-134686-0028_generated.wav,7.830023,1.169281,1.165585,0.149333,0.148861,1.30604,0.912803,1.06155
H2_512C_quantized_no_output,1089-134686-0029.wav,generated_audios/generated_H2_512C_int8/1089-134686-0029_generated.wav,4.670023,0.713938,0.709942,0.152877,0.152021,1.406429,0.909162,1.153108
H2_512C_quantized_no_output,1089-134686-0030.wav,generated_audios/generated_H2_512C_int8/1089-134686-0030_generated.wav,2.715011,0.423047,0.419241,0.155818,0.154416,1.451772,0.95209,1.076068
H2_512C_quantized_no_output,1089-134686-0031.wav,generated_audios/generated_H2_512C_int8/1089-134686-0031_generated.wav,6.615011,0.993623,0.989182,0.150207,0.149536,1.240141,0.86378,1.26028
H2_512C_quantized_no_output,121-121726-0000.wav,generated_audios/generated_H2_512C_int8/121-121726-0000_generated.wav,8.46,1.275305,1.271519,0.150745,0.150298,1.312246,0.93008,0.938118
H2_512C_quantized_no_output,121-121726-0001.wav,generated_audios/generated_H2_512C_int8/121-121726-0001_generated.wav,5.925034,0.888407,0.884676,0.149941,0.149311,1.551711,0.923058,0.745194
H2_512C_quantized_no_output,121-121726-0002.wav,generated_audios/generated_H2_512C_int8/121-121726-0002_generated.wav,4.410023,0.669334,0.666127,0.151776,0.151048,1.465041,0.911144,1.084874
H2_512C_quantized_no_output,121-121726-0003.wav,generated_audios/generated_H2_512C_int8/121-121726-0003_generated.wav,6.755011,1.013141,1.009126,0.149984,0.149389,1.550612,0.935684,0.734745
H2_512C_quantized_no_output,121-121726-0004.wav,generated_audios/generated_H2_512C_int8/121-121726-0004_generated.wav,4.02,0.619337,0.615617,0.154064,0.153139,1.320254,0.94811,0.853796
H2_512C_quantized_no_output,121-121726-0005.wav,generated_audios/generated_H2_512C_int8/121-121726-0005_generated.wav,3.1,0.475492,0.471869,0.153384,0.152216,1.547762,0.955798,0.632735
H2_512C_quantized_no_output,121-121726-0006.wav,generated_audios/generated_H2_512C_int8/121-121726-0006_generated.wav,3.895011,0.599519,0.595836,0.15392,0.152974,1.742134,0.914736,0.733806
H2_512C_quantized_no_output,121-121726-0007.wav,generated_audios/generated_H2_512C_int8/121-121726-0007_generated.wav,6.730023,1.005799,1.00257,0.14945,0.14897,1.419563,0.944397,0.723096
H2_512C_quantized_no_output,121-121726-0008.wav,generated_audios/generated_H2_512C_int8/121-121726-0008_generated.wav,4.990023,0.757528,0.754042,0.151809,0.15111,1.470657,0.933123,0.683265
H2_512C_quantized_no_output,121-121726-0009.wav,generated_audios/generated_H2_512C_int8/121-121726-0009_generated.wav,7.26,1.085621,1.08246,0.149535,0.149099,1.366462,0.929188,0.819239
H2_512C_quantized_no_output,121-121726-0010.wav,generated_audios/generated_H2_512C_int8/121-121726-0010_generated.wav,9.810023,1.455897,1.451872,0.148409,0.147999,1.350603,0.908377,0.868223
H2_512C_quantized_no_output,121-121726-0011.wav,generated_audios/generated_H2_512C_int8/121-121726-0011_generated.wav,4.035011,0.616779,0.613182,0.152857,0.151965,1.56631,0.942933,0.807393
H2_512C_quantized_no_output,121-121726-0012.wav,generated_audios/generated_H2_512C_int8/121-121726-0012_generated.wav,4.045034,0.624705,0.621262,0.154437,0.153586,1.421249,0.926596,1.198353
H2_512C_quantized_no_output,121-121726-0013.wav,generated_audios/generated_H2_512C_int8/121-121726-0013_generated.wav,2.490023,0.388725,0.385313,0.156113,0.154743,1.281908,0.913034,1.097548
H2_512C_quantized_no_output,121-121726-0014.wav,generated_audios/generated_H2_512C_int8/121-121726-0014_generated.wav,3.165034,0.508328,0.504601,0.160607,0.15943,1.783168,0.939458,0.731882
H2_512C_quantized_no_output,121-123852-0000.wav,generated_audios/generated_H2_512C_int8/121-123852-0000_generated.wav,17.695011,2.80721,2.801742,0.158644,0.158335,1.372834,0.929146,0.98506
H2_512C_quantized_no_output,121-123852-0001.wav,generated_audios/generated_H2_512C_int8/121-123852-0001_generated.wav,1.870023,0.292821,0.289343,0.156587,0.154727,1.279887,0.839435,1.156229
H2_512C_quantized_no_output,121-123852-0002.wav,generated_audios/generated_H2_512C_int8/121-123852-0002_generated.wav,17.285034,2.857395,2.852114,0.16531,0.165005,1.359705,0.911136,1.30435
H2_512C_quantized_no_output,121-123852-0003.wav,generated_audios/generated_H2_512C_int8/121-123852-0003_generated.wav,23.505034,4.05785,4.052035,0.172637,0.17239,1.288783,0.904155,1.267523
H2_512C_quantized_no_output,121-123852-0004.wav,generated_audios/generated_H2_512C_int8/121-123852-0004_generated.wav,16.290023,2.549188,2.544007,0.156488,0.15617,1.456928,0.921637,1.195799
H2_512C_quantized_no_output,121-123859-0000.wav,generated_audios/generated_H2_512C_int8/121-123859-0000_generated.wav,17.390023,2.755041,2.74906,0.158427,0.158083,1.275473,0.905259,1.229227
H2_512C_quantized_no_output,121-123859-0001.wav,generated_audios/generated_H2_512C_int8/121-123859-0001_generated.wav,25.395011,4.274049,4.268184,0.168303,0.168072,1.39473,0.927527,1.229245
H2_512C_quantized_no_output,121-123859-0002.wav,generated_audios/generated_H2_512C_int8/121-123859-0002_generated.wav,30.04,5.287828,5.280818,0.176026,0.175793,1.392172,0.922271,1.178844
H2_512C_quantized_no_output,121-123859-0003.wav,generated_audios/generated_H2_512C_int8/121-123859-0003_generated.wav,10.825034,1.621069,1.616158,0.149752,0.149298,1.434357,0.937705,1.135026
H2_512C_quantized_no_output,121-123859-0004.wav,generated_audios/generated_H2_512C_int8/121-123859-0004_generated.wav,9.505034,1.760399,1.756328,0.185207,0.184779,1.261934,0.918752,1.298135
H2_512C_quantized_no_output,121-127105-0000.wav,generated_audios/generated_H2_512C_int8/121-127105-0000_generated.wav,9.875011,1.448785,1.444375,0.146712,0.146266,1.367705,0.916241,0.734512
H2_512C_quantized_no_output,121-127105-0001.wav,generated_audios/generated_H2_512C_int8/121-127105-0001_generated.wav,5.025034,0.768266,0.764518,0.152888,0.152142,1.448404,0.923027,0.769951
H2_512C_quantized_no_output,121-127105-0002.wav,generated_audios/generated_H2_512C_int8/121-127105-0002_generated.wav,7.495011,1.089886,1.086173,0.145415,0.14492,1.405307,0.920351,0.820621
H2_512C_quantized_no_output,121-127105-0003.wav,generated_audios/generated_H2_512C_int8/121-127105-0003_generated.wav,7.725034,1.121554,1.117846,0.145184,0.144704,1.518256,0.936249,0.769656
H2_512C_quantized_no_output,121-127105-0004.wav,generated_audios/generated_H2_512C_int8/121-127105-0004_generated.wav,2.110023,0.329573,0.326134,0.156194,0.154564,1.120755,0.934638,0.837404
H2_512C_quantized_no_output,121-127105-0005.wav,generated_audios/generated_H2_512C_int8/121-127105-0005_generated.wav,5.82,0.875881,0.872012,0.150495,0.14983,1.471793,0.925547,0.651627
H2_512C_quantized_no_output,121-127105-0006.wav,generated_audios/generated_H2_512C_int8/121-127105-0006_generated.wav,4.725034,0.70808,0.704401,0.149857,0.149078,1.320986,0.936562,0.733198
H2_512C_quantized_no_output,121-127105-0007.wav,generated_audios/generated_H2_512C_int8/121-127105-0007_generated.wav,5.790023,0.842673,0.839147,0.145539,0.14493,1.28335,0.931029,0.796768
H2_512C_quantized_no_output,121-127105-0008.wav,generated_audios/generated_H2_512C_int8/121-127105-0008_generated.wav,2.76,0.416852,0.413199,0.151033,0.14971,1.286465,0.917116,0.848368
H2_512C_quantized_no_output,121-127105-0009.wav,generated_audios/generated_H2_512C_int8/121-127105-0009_generated.wav,2.290023,0.346701,0.343159,0.151396,0.14985,1.35022,0.911096,0.810365
H2_512C_quantized_no_output,121-127105-0010.wav,generated_audios/generated_H2_512C_int8/121-127105-0010_generated.wav,2.850023,0.42709,0.423465,0.149855,0.148583,1.31796,0.925805,0.740118
H2_512C_quantized_no_output,121-127105-0011.wav,generated_audios/generated_H2_512C_int8/121-127105-0011_generated.wav,5.78,0.833226,0.829384,0.144157,0.143492,1.314181,0.908532,0.829677
H2_512C_quantized_no_output,121-127105-0012.wav,generated_audios/generated_H2_512C_int8/121-127105-0012_generated.wav,4.830023,0.778835,0.774991,0.161249,0.160453,1.104257,0.896725,0.970187
H2_512C_quantized_no_output,121-127105-0013.wav,generated_audios/generated_H2_512C_int8/121-127105-0013_generated.wav,5.895011,0.899182,0.895443,0.152533,0.151898,1.323377,0.93515,0.752363
H2_512C_quantized_no_output,121-127105-0014.wav,generated_audios/generated_H2_512C_int8/121-127105-0014_generated.wav,2.255011,0.345693,0.342324,0.1533,0.151806,1.566064,0.876418,0.82762
H2_512C_quantized_no_output,121-127105-0015.wav,generated_audios/generated_H2_512C_int8/121-127105-0015_generated.wav,2.96,0.444269,0.441622,0.150091,0.149197,1.308339,0.927415,0.892601
H2_512C_quantized_no_output,121-127105-0016.wav,generated_audios/generated_H2_512C_int8/121-127105-0016_generated.wav,2.030023,0.309622,0.305967,0.152522,0.150721,1.537307,0.932568,0.784326
H2_512C_quantized_no_output,121-127105-0017.wav,generated_audios/generated_H2_512C_int8/121-127105-0017_generated.wav,2.695011,0.403424,0.400129,0.149693,0.14847,1.290809,0.925333,0.86535
H2_512C_quantized_no_output,121-127105-0018.wav,generated_audios/generated_H2_512C_int8/121-127105-0018_generated.wav,2.770023,0.403702,0.400484,0.14574,0.144578,1.38754,0.901164,0.825234
H2_512C_quantized_no_output,121-127105-0019.wav,generated_audios/generated_H2_512C_int8/121-127105-0019_generated.wav,3.525034,0.526959,0.523275,0.149491,0.148445,1.38358,0.926698,0.731316
H2_512C_quantized_no_output,121-127105-0020.wav,generated_audios/generated_H2_512C_int8/121-127105-0020_generated.wav,14.355011,2.199927,2.195642,0.153251,0.152953,1.406289,0.927396,0.784411
H2_512C_quantized_no_output,121-127105-0021.wav,generated_audios/generated_H2_512C_int8/121-127105-0021_generated.wav,2.0,0.304359,0.30108,0.152179,0.15054,1.415946,0.93016,0.777469
H2_512C_quantized_no_output,121-127105-0022.wav,generated_audios/generated_H2_512C_int8/121-127105-0022_generated.wav,5.075011,0.758735,0.75518,0.149504,0.148804,1.635697,0.922972,0.741828
H2_512C_quantized_no_output,121-127105-0023.wav,generated_audios/generated_H2_512C_int8/121-127105-0023_generated.wav,10.910023,1.584761,1.580346,0.145257,0.144853,1.489665,0.930611,0.768558
H2_512C_quantized_no_output,121-127105-0024.wav,generated_audios/generated_H2_512C_int8/121-127105-0024_generated.wav,14.450023,2.211536,2.207304,0.153047,0.152754,1.44068,0.923061,0.832666
H2_512C_quantized_no_output,121-127105-0025.wav,generated_audios/generated_H2_512C_int8/121-127105-0025_generated.wav,16.065034,2.517277,2.51172,0.156693,0.156347,1.498061,0.930154,0.741587
H2_512C_quantized_no_output,121-127105-0026.wav,generated_audios/generated_H2_512C_int8/121-127105-0026_generated.wav,7.530023,1.12951,1.125397,0.150001,0.149455,1.355085,0.939822,0.884126
H2_512C_quantized_no_output,121-127105-0027.wav,generated_audios/generated_H2_512C_int8/121-127105-0027_generated.wav,13.870023,2.057366,2.052762,0.148332,0.148,1.485264,0.926843,0.746433
H2_512C_quantized_no_output,121-127105-0028.wav,generated_audios/generated_H2_512C_int8/121-127105-0028_generated.wav,6.750023,0.991838,0.987813,0.146938,0.146342,1.566971,0.943825,0.615331
H2_512C_quantized_no_output,121-127105-0029.wav,generated_audios/generated_H2_512C_int8/121-127105-0029_generated.wav,7.310023,1.046365,1.042343,0.143141,0.142591,1.48355,0.934726,0.775739
H2_512C_quantized_no_output,121-127105-0030.wav,generated_audios/generated_H2_512C_int8/121-127105-0030_generated.wav,2.175011,0.322465,0.319634,0.148259,0.146957,1.168244,0.930644,1.042431
H2_512C_quantized_no_output,121-127105-0031.wav,generated_audios/generated_H2_512C_int8/121-127105-0031_generated.wav,10.765034,1.552279,1.547462,0.144196,0.143749,1.36417,0.877897,0.799107
H2_512C_quantized_no_output,121-127105-0032.wav,generated_audios/generated_H2_512C_int8/121-127105-0032_generated.wav,3.170023,0.468891,0.465503,0.147914,0.146845,1.293069,0.929671,0.713577
H2_512C_quantized_no_output,121-127105-0033.wav,generated_audios/generated_H2_512C_int8/121-127105-0033_generated.wav,2.355011,0.349963,0.346588,0.148603,0.14717,1.321121,0.912154,0.721746
H2_512C_quantized_no_output,121-127105-0034.wav,generated_audios/generated_H2_512C_int8/121-127105-0034_generated.wav,7.410023,1.048488,1.044931,0.141496,0.141016,1.447034,0.931117,0.770039
H2_512C_quantized_no_output,121-127105-0035.wav,generated_audios/generated_H2_512C_int8/121-127105-0035_generated.wav,14.150023,2.082957,2.078147,0.147205,0.146865,1.432185,0.909644,0.671763
H2_512C_quantized_no_output,121-127105-0036.wav,generated_audios/generated_H2_512C_int8/121-127105-0036_generated.wav,4.150023,0.610396,0.606712,0.147083,0.146195,1.553419,0.901339,0.678949
H2_512C_quantized_no_output,237-126133-0000.wav,generated_audios/generated_H2_512C_int8/237-126133-0000_generated.wav,13.290023,1.958764,1.954125,0.147386,0.147037,1.210915,0.900453,1.161238
H2_512C_quantized_no_output,237-126133-0001.wav,generated_audios/generated_H2_512C_int8/237-126133-0001_generated.wav,11.965034,1.713077,1.708785,0.143174,0.142815,1.19403,0.879308,1.154842
H2_512C_quantized_no_output,237-126133-0002.wav,generated_audios/generated_H2_512C_int8/237-126133-0002_generated.wav,8.92,1.589249,1.584982,0.178167,0.177689,1.12175,0.890885,1.397374
H2_512C_quantized_no_output,237-126133-0003.wav,generated_audios/generated_H2_512C_int8/237-126133-0003_generated.wav,6.56,0.939163,0.935309,0.143165,0.142578,1.125894,0.847797,1.253679
H2_512C_quantized_no_output,237-126133-0004.wav,generated_audios/generated_H2_512C_int8/237-126133-0004_generated.wav,3.295011,0.481402,0.47803,0.1461,0.145077,1.232358,0.904956,1.270864
H2_512C_quantized_no_output,237-126133-0005.wav,generated_audios/generated_H2_512C_int8/237-126133-0005_generated.wav,6.510023,0.968363,0.964578,0.14875,0.148168,1.261759,0.908621,1.134673
H2_512C_quantized_no_output,237-126133-0006.wav,generated_audios/generated_H2_512C_int8/237-126133-0006_generated.wav,6.150023,0.878709,0.874763,0.142879,0.142237,1.268328,0.920866,1.276814
H2_512C_quantized_no_output,237-126133-0007.wav,generated_audios/generated_H2_512C_int8/237-126133-0007_generated.wav,8.68,1.220157,1.216443,0.140571,0.140143,1.245644,0.899482,1.203772
H2_512C_quantized_no_output,237-126133-0008.wav,generated_audios/generated_H2_512C_int8/237-126133-0008_generated.wav,3.865034,0.563846,0.560529,0.145884,0.145026,1.121122,0.872929,1.215253
H2_512C_quantized_no_output,237-126133-0009.wav,generated_audios/generated_H2_512C_int8/237-126133-0009_generated.wav,3.970023,0.577342,0.573759,0.145425,0.144523,1.206847,0.914147,1.243794
H2_512C_quantized_no_output,237-126133-0010.wav,generated_audios/generated_H2_512C_int8/237-126133-0010_generated.wav,6.24,0.88816,0.884464,0.142333,0.141741,1.236047,0.884697,1.177338
H2_512C_quantized_no_output,237-126133-0011.wav,generated_audios/generated_H2_512C_int8/237-126133-0011_generated.wav,6.710023,0.950493,0.94664,0.141653,0.141078,1.221694,0.907413,1.282671
H2_512C_quantized_no_output,237-126133-0012.wav,generated_audios/generated_H2_512C_int8/237-126133-0012_generated.wav,4.450023,0.649051,0.645493,0.145853,0.145054,1.142113,0.844732,1.319178
H2_512C_quantized_no_output,237-126133-0013.wav,generated_audios/generated_H2_512C_int8/237-126133-0013_generated.wav,6.815011,0.972639,0.968942,0.14272,0.142178,1.176743,0.873204,1.377192
H2_512C_quantized_no_output,237-126133-0014.wav,generated_audios/generated_H2_512C_int8/237-126133-0014_generated.wav,6.790023,0.984486,0.980723,0.14499,0.144436,1.178561,0.869702,1.144493
H2_512C_quantized_no_output,237-126133-0015.wav,generated_audios/generated_H2_512C_int8/237-126133-0015_generated.wav,9.34,1.320454,1.316052,0.141376,0.140905,1.19337,0.887816,1.261863
H2_512C_quantized_no_output,237-126133-0016.wav,generated_audios/generated_H2_512C_int8/237-126133-0016_generated.wav,4.250023,0.617818,0.614312,0.145368,0.144543,1.264101,0.906574,1.251339
H2_512C_quantized_no_output,237-126133-0017.wav,generated_audios/generated_H2_512C_int8/237-126133-0017_generated.wav,6.210023,0.887717,0.884104,0.142949,0.142367,1.338158,0.914265,1.117916
H2_512C_quantized_no_output,237-126133-0018.wav,generated_audios/generated_H2_512C_int8/237-126133-0018_generated.wav,4.095011,0.633057,0.629749,0.154592,0.153784,1.107353,0.816341,1.335768
H2_512C_quantized_no_output,237-126133-0019.wav,generated_audios/generated_H2_512C_int8/237-126133-0019_generated.wav,7.12,1.018682,1.014701,0.143073,0.142514,1.17356,0.888966,1.284936
H2_512C_quantized_no_output,237-126133-0020.wav,generated_audios/generated_H2_512C_int8/237-126133-0020_generated.wav,2.24,0.374579,0.371139,0.167223,0.165687,1.201848,0.911403,1.255265
H2_512C_quantized_no_output,237-126133-0021.wav,generated_audios/generated_H2_512C_int8/237-126133-0021_generated.wav,4.365034,0.634067,0.630456,0.14526,0.144433,1.105327,0.81457,1.340933
H2_512C_quantized_no_output,237-126133-0022.wav,generated_audios/generated_H2_512C_int8/237-126133-0022_generated.wav,5.04,0.738203,0.734874,0.146469,0.145808,1.171681,0.90428,1.351226
H2_512C_quantized_no_output,237-126133-0023.wav,generated_audios/generated_H2_512C_int8/237-126133-0023_generated.wav,6.675011,0.949303,0.945227,0.142217,0.141607,1.157817,0.88945,1.25677
H2_512C_quantized_no_output,237-126133-0024.wav,generated_audios/generated_H2_512C_int8/237-126133-0024_generated.wav,9.665034,1.533918,1.530115,0.158708,0.158315,1.291834,0.916368,1.074516
H2_512C_quantized_no_output,237-126133-0025.wav,generated_audios/generated_H2_512C_int8/237-126133-0025_generated.wav,3.755011,0.550195,0.546926,0.146523,0.145652,1.227249,0.905945,1.133825
H2_512C_quantized_no_output,237-134493-0000.wav,generated_audios/generated_H2_512C_int8/237-134493-0000_generated.wav,4.105034,0.59276,0.589196,0.144398,0.14353,1.778459,0.933106,0.835428
H2_512C_quantized_no_output,237-134493-0001.wav,generated_audios/generated_H2_512C_int8/237-134493-0001_generated.wav,7.38,1.042462,1.038736,0.141255,0.14075,1.772765,0.937402,0.83305
H2_512C_quantized_no_output,237-134493-0002.wav,generated_audios/generated_H2_512C_int8/237-134493-0002_generated.wav,11.395011,1.64331,1.638852,0.144213,0.143822,1.826813,0.937914,0.932311
H2_512C_quantized_no_output,237-134493-0003.wav,generated_audios/generated_H2_512C_int8/237-134493-0003_generated.wav,12.765034,1.850872,1.846649,0.144995,0.144665,1.744506,0.943092,0.826129
H2_512C_quantized_no_output,237-134493-0004.wav,generated_audios/generated_H2_512C_int8/237-134493-0004_generated.wav,6.825034,0.965436,0.962099,0.141455,0.140966,1.946927,0.941492,0.772441
H2_512C_quantized_no_output,237-134493-0005.wav,generated_audios/generated_H2_512C_int8/237-134493-0005_generated.wav,10.945034,1.583188,1.578861,0.144649,0.144254,1.832566,0.936431,0.789716
H2_512C_quantized_no_output,237-134493-0006.wav,generated_audios/generated_H2_512C_int8/237-134493-0006_generated.wav,4.395011,0.638393,0.634722,0.145254,0.144419,2.078311,0.949951,0.753935
H2_512C_quantized_no_output,237-134493-0007.wav,generated_audios/generated_H2_512C_int8/237-134493-0007_generated.wav,2.035011,0.303484,0.300162,0.149131,0.147499,2.038448,0.93595,0.738988
H2_512C_quantized_no_output,237-134493-0008.wav,generated_audios/generated_H2_512C_int8/237-134493-0008_generated.wav,2.305034,0.344089,0.341417,0.149277,0.148118,1.640039,0.862498,1.027586
H2_512C_quantized_no_output,237-134493-0009.wav,generated_audios/generated_H2_512C_int8/237-134493-0009_generated.wav,2.975011,0.679507,0.676202,0.228405,0.227294,1.716566,0.93125,0.994787
H2_512C_quantized_no_output,237-134493-0010.wav,generated_audios/generated_H2_512C_int8/237-134493-0010_generated.wav,2.875011,0.42115,0.41764,0.146487,0.145265,1.661897,0.900416,0.894752
H2_512C_quantized_no_output,237-134493-0011.wav,generated_audios/generated_H2_512C_int8/237-134493-0011_generated.wav,5.035011,0.736872,0.733133,0.14635,0.145607,1.963783,0.951897,0.751514
H2_512C_quantized_no_output,237-134493-0012.wav,generated_audios/generated_H2_512C_int8/237-134493-0012_generated.wav,3.66,0.53168,0.52845,0.145268,0.144385,1.938331,0.949194,0.849545
H2_512C_quantized_no_output,237-134493-0013.wav,generated_audios/generated_H2_512C_int8/237-134493-0013_generated.wav,4.090023,0.635047,0.631661,0.155267,0.15444,1.976552,0.927735,0.760323
H2_512C_quantized_no_output,237-134493-0014.wav,generated_audios/generated_H2_512C_int8/237-134493-0014_generated.wav,3.7,0.544787,0.541434,0.14724,0.146333,2.047337,0.949674,0.81831
H2_512C_quantized_no_output,237-134493-0015.wav,generated_audios/generated_H2_512C_int8/237-134493-0015_generated.wav,6.550023,0.933766,0.92988,0.142559,0.141966,1.766067,0.941042,0.765352
H2_512C_quantized_no_output,237-134493-0016.wav,generated_audios/generated_H2_512C_int8/237-134493-0016_generated.wav,10.085034,1.441813,1.437579,0.142966,0.142546,1.936337,0.946792,0.73841
H2_512C_quantized_no_output,237-134493-0017.wav,generated_audios/generated_H2_512C_int8/237-134493-0017_generated.wav,9.105034,1.342971,1.338871,0.147498,0.147047,1.861998,0.937458,0.800667
H2_512C_quantized_no_output,237-134493-0018.wav,generated_audios/generated_H2_512C_int8/237-134493-0018_generated.wav,4.790023,0.696368,0.692987,0.145379,0.144673,1.910001,0.950851,0.792538
H2_512C_quantized_no_output,237-134500-0000.wav,generated_audios/generated_H2_512C_int8/237-134500-0000_generated.wav,6.130023,0.881538,0.877471,0.143807,0.143143,1.507138,0.930433,0.975852
H2_512C_quantized_no_output,237-134500-0001.wav,generated_audios/generated_H2_512C_int8/237-134500-0001_generated.wav,1.810023,0.273782,0.270488,0.151259,0.149439,1.57031,0.905272,1.033269
H2_512C_quantized_no_output,237-134500-0002.wav,generated_audios/generated_H2_512C_int8/237-134500-0002_generated.wav,5.070023,0.72973,0.726573,0.14393,0.143308,1.719423,0.952375,0.878853
H2_512C_quantized_no_output,237-134500-0003.wav,generated_audios/generated_H2_512C_int8/237-134500-0003_generated.wav,3.170023,0.464738,0.461277,0.146604,0.145512,1.5164,0.938093,0.949993
H2_512C_quantized_no_output,237-134500-0004.wav,generated_audios/generated_H2_512C_int8/237-134500-0004_generated.wav,2.225034,0.328109,0.324933,0.147463,0.146035,1.441166,0.94449,0.924401
H2_512C_quantized_no_output,237-134500-0005.wav,generated_audios/generated_H2_512C_int8/237-134500-0005_generated.wav,2.390023,0.35228,0.349114,0.147396,0.146071,1.647703,0.949585,0.909591
H2_512C_quantized_no_output,237-134500-0006.wav,generated_audios/generated_H2_512C_int8/237-134500-0006_generated.wav,4.225034,0.615016,0.611715,0.145565,0.144784,1.849735,0.935167,0.83736
H2_512C_quantized_no_output,237-134500-0007.wav,generated_audios/generated_H2_512C_int8/237-134500-0007_generated.wav,2.390023,0.352557,0.349436,0.147512,0.146206,1.646535,0.927663,0.936189
H2_512C_quantized_no_output,237-134500-0008.wav,generated_audios/generated_H2_512C_int8/237-134500-0008_generated.wav,3.76,0.543047,0.539416,0.144427,0.143462,1.529745,0.921076,0.897086
H2_512C_quantized_no_output,237-134500-0009.wav,generated_audios/generated_H2_512C_int8/237-134500-0009_generated.wav,2.22,0.328045,0.324886,0.147768,0.146345,1.435627,0.919238,0.87881
H2_512C_quantized_no_output,237-134500-0010.wav,generated_audios/generated_H2_512C_int8/237-134500-0010_generated.wav,3.995011,0.593305,0.58993,0.148512,0.147667,1.760492,0.949302,0.772318
H2_512C_quantized_no_output,237-134500-0011.wav,generated_audios/generated_H2_512C_int8/237-134500-0011_generated.wav,3.350023,0.519168,0.516008,0.154975,0.154031,1.948003,0.928663,0.87331
H2_512C_quantized_no_output,237-134500-0012.wav,generated_audios/generated_H2_512C_int8/237-134500-0012_generated.wav,10.935011,1.586521,1.582372,0.145086,0.144707,1.521684,0.927041,0.929209
H2_512C_quantized_no_output,237-134500-0013.wav,generated_audios/generated_H2_512C_int8/237-134500-0013_generated.wav,10.56,1.501169,1.497298,0.142156,0.14179,1.596796,0.942252,0.911015
H2_512C_quantized_no_output,237-134500-0014.wav,generated_audios/generated_H2_512C_int8/237-134500-0014_generated.wav,4.250023,0.620865,0.61731,0.146085,0.145249,1.591434,0.888958,0.960024
H2_512C_quantized_no_output,237-134500-0015.wav,generated_audios/generated_H2_512C_int8/237-134500-0015_generated.wav,10.815011,1.561777,1.557559,0.144408,0.144018,1.639525,0.946868,0.872008
H2_512C_quantized_no_output,237-134500-0016.wav,generated_audios/generated_H2_512C_int8/237-134500-0016_generated.wav,3.16,0.480237,0.476773,0.151974,0.150878,1.475092,0.895886,1.11976
H2_512C_quantized_no_output,237-134500-0017.wav,generated_audios/generated_H2_512C_int8/237-134500-0017_generated.wav,2.18,0.321671,0.318553,0.147556,0.146125,1.956708,0.949972,0.950908
H2_512C_quantized_no_output,237-134500-0018.wav,generated_audios/generated_H2_512C_int8/237-134500-0018_generated.wav,12.845034,1.868677,1.864295,0.145479,0.145137,1.499462,0.924473,0.98664
H2_512C_quantized_no_output,237-134500-0019.wav,generated_audios/generated_H2_512C_int8/237-134500-0019_generated.wav,2.86,0.421327,0.417819,0.147317,0.146091,1.391015,0.925735,1.120279
H2_512C_quantized_no_output,237-134500-0020.wav,generated_audios/generated_H2_512C_int8/237-134500-0020_generated.wav,2.18,0.32127,0.317915,0.147371,0.145833,1.248323,0.954288,1.34717
H2_512C_quantized_no_output,237-134500-0021.wav,generated_audios/generated_H2_512C_int8/237-134500-0021_generated.wav,5.12,0.737274,0.733566,0.143999,0.143275,1.590098,0.905205,1.074452
H2_512C_quantized_no_output,237-134500-0022.wav,generated_audios/generated_H2_512C_int8/237-134500-0022_generated.wav,5.165034,0.737615,0.733955,0.142809,0.142101,1.648206,0.925056,0.972993
H2_512C_quantized_no_output,237-134500-0023.wav,generated_audios/generated_H2_512C_int8/237-134500-0023_generated.wav,3.06,0.452105,0.448572,0.147747,0.146592,1.786535,0.941972,1.016176
H2_512C_quantized_no_output,237-134500-0024.wav,generated_audios/generated_H2_512C_int8/237-134500-0024_generated.wav,4.410023,0.644528,0.641162,0.146151,0.145387,1.563692,0.927031,1.052733
H2_512C_quantized_no_output,237-134500-0025.wav,generated_audios/generated_H2_512C_int8/237-134500-0025_generated.wav,1.630023,0.248586,0.245374,0.152505,0.150534,1.325285,0.932216,1.309108
H2_512C_quantized_no_output,237-134500-0026.wav,generated_audios/generated_H2_512C_int8/237-134500-0026_generated.wav,3.050023,0.443247,0.439785,0.145326,0.144191,1.637151,0.935563,1.179265
H2_512C_quantized_no_output,237-134500-0027.wav,generated_audios/generated_H2_512C_int8/237-134500-0027_generated.wav,3.270023,0.48255,0.479231,0.147568,0.146553,1.507443,0.916077,0.931487
H2_512C_quantized_no_output,237-134500-0028.wav,generated_audios/generated_H2_512C_int8/237-134500-0028_generated.wav,4.524943,0.652853,0.649357,0.144279,0.143506,1.399435,0.923789,0.945924
H2_512C_quantized_no_output,237-134500-0029.wav,generated_audios/generated_H2_512C_int8/237-134500-0029_generated.wav,2.065034,0.306485,0.303082,0.148416,0.146768,1.702969,0.943343,0.931955
H2_512C_quantized_no_output,237-134500-0030.wav,generated_audios/generated_H2_512C_int8/237-134500-0030_generated.wav,2.78,0.406608,0.40318,0.146262,0.145029,1.592577,0.950463,1.160185
H2_512C_quantized_no_output,237-134500-0031.wav,generated_audios/generated_H2_512C_int8/237-134500-0031_generated.wav,10.610023,1.494886,1.490554,0.140894,0.140485,1.651538,0.936681,0.909697
H2_512C_quantized_no_output,237-134500-0032.wav,generated_audios/generated_H2_512C_int8/237-134500-0032_generated.wav,5.025034,0.746538,0.743363,0.148564,0.147932,1.455965,0.932501,1.04483
H2_512C_quantized_no_output,237-134500-0033.wav,generated_audios/generated_H2_512C_int8/237-134500-0033_generated.wav,6.350023,0.901026,0.897057,0.141893,0.141268,1.413027,0.888592,1.034953
H2_512C_quantized_no_output,237-134500-0034.wav,generated_audios/generated_H2_512C_int8/237-134500-0034_generated.wav,3.075011,0.454653,0.451252,0.147854,0.146748,1.243778,0.838621,1.296316
H2_512C_quantized_no_output,237-134500-0035.wav,generated_audios/generated_H2_512C_int8/237-134500-0035_generated.wav,2.555011,0.378978,0.375814,0.148327,0.147089,1.450541,0.934181,1.051841
H2_512C_quantized_no_output,237-134500-0036.wav,generated_audios/generated_H2_512C_int8/237-134500-0036_generated.wav,6.6,0.953916,0.950058,0.144533,0.143948,1.368179,0.913427,1.20058
H2_512C_quantized_no_output,237-134500-0037.wav,generated_audios/generated_H2_512C_int8/237-134500-0037_generated.wav,7.105034,1.003513,0.999816,0.14124,0.140719,1.527423,0.905956,0.975146
H2_512C_quantized_no_output,237-134500-0038.wav,generated_audios/generated_H2_512C_int8/237-134500-0038_generated.wav,2.435011,0.360947,0.357917,0.148232,0.146988,1.638033,0.929535,0.864766
H2_512C_quantized_no_output,237-134500-0039.wav,generated_audios/generated_H2_512C_int8/237-134500-0039_generated.wav,4.630023,0.666819,0.663527,0.144021,0.14331,1.455199,0.927409,0.994849
H2_512C_quantized_no_output,237-134500-0040.wav,generated_audios/generated_H2_512C_int8/237-134500-0040_generated.wav,4.030023,0.583706,0.580145,0.144839,0.143956,1.553071,0.947209,0.906412
H2_512C_quantized_no_output,237-134500-0041.wav,generated_audios/generated_H2_512C_int8/237-134500-0041_generated.wav,8.92,1.606021,1.602419,0.180047,0.179643,1.428018,0.948415,1.182605
H2_512C_quantized_no_output,237-134500-0042.wav,generated_audios/generated_H2_512C_int8/237-134500-0042_generated.wav,2.575011,0.379998,0.376901,0.147572,0.146369,1.478747,0.885411,1.3449
H2_512C_quantized_no_output,260-123286-0000.wav,generated_audios/generated_H2_512C_int8/260-123286-0000_generated.wav,7.04,1.003579,0.999673,0.142554,0.141999,1.290016,0.887334,1.207026
H2_512C_quantized_no_output,260-123286-0001.wav,generated_audios/generated_H2_512C_int8/260-123286-0001_generated.wav,3.070023,0.452194,0.448807,0.147293,0.14619,1.200816,0.895349,0.962464
H2_512C_quantized_no_output,260-123286-0002.wav,generated_audios/generated_H2_512C_int8/260-123286-0002_generated.wav,9.985034,1.407224,1.403416,0.140933,0.140552,1.339367,0.910746,0.950502
H2_512C_quantized_no_output,260-123286-0003.wav,generated_audios/generated_H2_512C_int8/260-123286-0003_generated.wav,7.370023,1.040923,1.037232,0.141237,0.140737,1.266088,0.88388,0.988316
H2_512C_quantized_no_output,260-123286-0004.wav,generated_audios/generated_H2_512C_int8/260-123286-0004_generated.wav,3.465034,0.505532,0.502569,0.145895,0.14504,1.274253,0.909373,1.106086
H2_512C_quantized_no_output,260-123286-0005.wav,generated_audios/generated_H2_512C_int8/260-123286-0005_generated.wav,4.810023,0.693897,0.690331,0.144261,0.143519,1.263407,0.865659,1.093419
H2_512C_quantized_no_output,260-123286-0006.wav,generated_audios/generated_H2_512C_int8/260-123286-0006_generated.wav,7.405034,1.049047,1.045006,0.141667,0.141121,1.436862,0.926551,0.951064
H2_512C_quantized_no_output,260-123286-0007.wav,generated_audios/generated_H2_512C_int8/260-123286-0007_generated.wav,4.550023,0.653528,0.650397,0.143632,0.142944,1.29411,0.895116,1.064067
H2_512C_quantized_no_output,260-123286-0008.wav,generated_audios/generated_H2_512C_int8/260-123286-0008_generated.wav,3.735011,0.545192,0.542255,0.145968,0.145182,1.356132,0.917052,0.961598
H2_512C_quantized_no_output,260-123286-0009.wav,generated_audios/generated_H2_512C_int8/260-123286-0009_generated.wav,5.795011,0.820323,0.816671,0.141557,0.140927,1.26817,0.906076,0.904493
H2_512C_quantized_no_output,260-123286-0010.wav,generated_audios/generated_H2_512C_int8/260-123286-0010_generated.wav,2.575011,0.376427,0.373522,0.146185,0.145057,1.212001,0.917833,1.090112
H2_512C_quantized_no_output,260-123286-0011.wav,generated_audios/generated_H2_512C_int8/260-123286-0011_generated.wav,4.255011,0.613059,0.609916,0.144079,0.143341,1.316241,0.879538,1.22397
H2_512C_quantized_no_output,260-123286-0012.wav,generated_audios/generated_H2_512C_int8/260-123286-0012_generated.wav,2.430023,0.360812,0.357429,0.148481,0.147089,1.322608,0.914265,1.04482
H2_512C_quantized_no_output,260-123286-0013.wav,generated_audios/generated_H2_512C_int8/260-123286-0013_generated.wav,4.730023,0.685783,0.682197,0.144985,0.144227,1.431448,0.926379,0.963802
H2_512C_quantized_no_output,260-123286-0014.wav,generated_audios/generated_H2_512C_int8/260-123286-0014_generated.wav,2.98,0.685489,0.682259,0.23003,0.228946,1.227484,0.892051,0.886991
H2_512C_quantized_no_output,260-123286-0015.wav,generated_audios/generated_H2_512C_int8/260-123286-0015_generated.wav,5.210023,0.855623,0.852065,0.164226,0.163543,1.45438,0.927533,1.129638
H2_512C_quantized_no_output,260-123286-0016.wav,generated_audios/generated_H2_512C_int8/260-123286-0016_generated.wav,7.0,0.992982,0.988949,0.141855,0.141278,1.360785,0.91941,0.924191
H2_512C_quantized_no_output,260-123286-0017.wav,generated_audios/generated_H2_512C_int8/260-123286-0017_generated.wav,3.975011,0.583124,0.579807,0.146697,0.145863,1.311315,0.92782,0.845633
H2_512C_quantized_no_output,260-123286-0018.wav,generated_audios/generated_H2_512C_int8/260-123286-0018_generated.wav,5.670023,0.830131,0.826825,0.146407,0.145824,1.324684,0.872476,1.038975
H2_512C_quantized_no_output,260-123286-0019.wav,generated_audios/generated_H2_512C_int8/260-123286-0019_generated.wav,11.905034,1.702936,1.698845,0.143043,0.1427,1.321448,0.902546,0.983028
H2_512C_quantized_no_output,260-123286-0020.wav,generated_audios/generated_H2_512C_int8/260-123286-0020_generated.wav,3.06,0.441188,0.438251,0.144179,0.143219,1.192428,0.910503,0.885017
H2_512C_quantized_no_output,260-123286-0021.wav,generated_audios/generated_H2_512C_int8/260-123286-0021_generated.wav,2.550023,0.381734,0.378493,0.149698,0.148427,1.32485,0.919874,1.04836
H2_512C_quantized_no_output,260-123286-0022.wav,generated_audios/generated_H2_512C_int8/260-123286-0022_generated.wav,3.235011,0.473767,0.470514,0.14645,0.145444,1.305974,0.925632,0.892054
H2_512C_quantized_no_output,260-123286-0023.wav,generated_audios/generated_H2_512C_int8/260-123286-0023_generated.wav,5.875011,0.834791,0.830993,0.142092,0.141445,1.347706,0.897335,0.988356
H2_512C_quantized_no_output,260-123286-0024.wav,generated_audios/generated_H2_512C_int8/260-123286-0024_generated.wav,3.04,0.446137,0.442606,0.146756,0.145594,1.575225,0.937539,1.031487
H2_512C_quantized_no_output,260-123286-0025.wav,generated_audios/generated_H2_512C_int8/260-123286-0025_generated.wav,9.205034,1.32293,1.31879,0.143718,0.143268,1.365685,0.915405,1.028344
H2_512C_quantized_no_output,260-123286-0026.wav,generated_audios/generated_H2_512C_int8/260-123286-0026_generated.wav,6.94,0.987027,0.98364,0.142223,0.141735,1.285239,0.898128,1.071257
H2_512C_quantized_no_output,260-123286-0027.wav,generated_audios/generated_H2_512C_int8/260-123286-0027_generated.wav,7.170023,1.01495,1.0109,0.141555,0.14099,1.323928,0.877755,0.974066
H2_512C_quantized_no_output,260-123286-0028.wav,generated_audios/generated_H2_512C_int8/260-123286-0028_generated.wav,7.465034,1.055942,1.052604,0.141452,0.141005,1.333267,0.879047,0.927797
H2_512C_quantized_no_output,260-123286-0029.wav,generated_audios/generated_H2_512C_int8/260-123286-0029_generated.wav,4.545034,0.661985,0.658717,0.14565,0.144931,1.277412,0.915103,0.950633
H2_512C_quantized_no_output,260-123286-0030.wav,generated_audios/generated_H2_512C_int8/260-123286-0030_generated.wav,7.530023,1.08496,1.081561,0.144085,0.143633,1.277594,0.89261,1.12285
H2_512C_quantized_no_output,260-123286-0031.wav,generated_audios/generated_H2_512C_int8/260-123286-0031_generated.wav,5.06,0.734567,0.73085,0.145171,0.144437,1.417049,0.916314,0.779876
H2_512C_quantized_no_output,260-123288-0000.wav,generated_audios/generated_H2_512C_int8/260-123288-0000_generated.wav,3.04,0.443028,0.439643,0.145733,0.144619,1.33978,0.872039,1.102233
H2_512C_quantized_no_output,260-123288-0001.wav,generated_audios/generated_H2_512C_int8/260-123288-0001_generated.wav,5.08,0.751908,0.748419,0.148013,0.147327,1.227859,0.886373,1.199003
H2_512C_quantized_no_output,260-123288-0002.wav,generated_audios/generated_H2_512C_int8/260-123288-0002_generated.wav,7.250023,1.075559,1.072059,0.148353,0.14787,1.286408,0.875012,1.043557
H2_512C_quantized_no_output,260-123288-0003.wav,generated_audios/generated_H2_512C_int8/260-123288-0003_generated.wav,8.905034,1.254231,1.25014,0.140845,0.140386,1.289483,0.913776,1.00699
H2_512C_quantized_no_output,260-123288-0004.wav,generated_audios/generated_H2_512C_int8/260-123288-0004_generated.wav,4.310023,0.632832,0.629188,0.146828,0.145982,1.227739,0.843777,1.131485
H2_512C_quantized_no_output,260-123288-0005.wav,generated_audios/generated_H2_512C_int8/260-123288-0005_generated.wav,12.550023,1.833172,1.829447,0.146069,0.145772,1.242395,0.884236,1.037677
H2_512C_quantized_no_output,260-123288-0006.wav,generated_audios/generated_H2_512C_int8/260-123288-0006_generated.wav,4.88,0.705028,0.701976,0.144473,0.143848,1.226378,0.897785,0.845311
H2_512C_quantized_no_output,260-123288-0007.wav,generated_audios/generated_H2_512C_int8/260-123288-0007_generated.wav,11.2,1.624257,1.619926,0.145023,0.144636,1.281698,0.891789,1.101135
H2_512C_quantized_no_output,260-123288-0008.wav,generated_audios/generated_H2_512C_int8/260-123288-0008_generated.wav,5.515011,0.793758,0.790351,0.143927,0.143309,1.484422,0.925526,1.083101
H2_512C_quantized_no_output,260-123288-0009.wav,generated_audios/generated_H2_512C_int8/260-123288-0009_generated.wav,3.435011,0.498386,0.495469,0.14509,0.144241,1.493749,0.90445,1.021599
H2_512C_quantized_no_output,260-123288-0010.wav,generated_audios/generated_H2_512C_int8/260-123288-0010_generated.wav,9.995011,1.396375,1.392075,0.139707,0.139277,1.266286,0.905348,0.906855
H2_512C_quantized_no_output,260-123288-0011.wav,generated_audios/generated_H2_512C_int8/260-123288-0011_generated.wav,8.98,1.280715,1.277053,0.142619,0.142211,1.34099,0.874206,0.916659
H2_512C_quantized_no_output,260-123288-0012.wav,generated_audios/generated_H2_512C_int8/260-123288-0012_generated.wav,3.545034,0.521146,0.517499,0.147007,0.145979,1.425315,0.924751,1.006816
H2_512C_quantized_no_output,260-123288-0013.wav,generated_audios/generated_H2_512C_int8/260-123288-0013_generated.wav,11.385079,1.635863,1.632054,0.143685,0.14335,1.316969,0.892477,1.048212
H2_512C_quantized_no_output,260-123288-0014.wav,generated_audios/generated_H2_512C_int8/260-123288-0014_generated.wav,1.805034,0.272726,0.269719,0.151092,0.149426,1.495458,0.925838,1.036016
H2_512C_quantized_no_output,260-123288-0015.wav,generated_audios/generated_H2_512C_int8/260-123288-0015_generated.wav,21.185034,3.506696,3.500896,0.165527,0.165253,1.267212,0.885872,1.025571
H2_512C_quantized_no_output,260-123288-0016.wav,generated_audios/generated_H2_512C_int8/260-123288-0016_generated.wav,4.865034,0.706664,0.702757,0.145254,0.144451,1.218267,0.854377,1.214364
H2_512C_quantized_no_output,260-123288-0017.wav,generated_audios/generated_H2_512C_int8/260-123288-0017_generated.wav,5.225034,0.759664,0.755855,0.145389,0.14466,1.32233,0.917642,1.069836
H2_512C_quantized_no_output,260-123288-0018.wav,generated_audios/generated_H2_512C_int8/260-123288-0018_generated.wav,3.245034,0.476234,0.472825,0.146758,0.145707,1.452692,0.885143,0.976112
H2_512C_quantized_no_output,260-123288-0019.wav,generated_audios/generated_H2_512C_int8/260-123288-0019_generated.wav,2.955011,0.43107,0.428064,0.145878,0.14486,1.272562,0.902282,0.89332
H2_512C_quantized_no_output,260-123288-0020.wav,generated_audios/generated_H2_512C_int8/260-123288-0020_generated.wav,2.9,0.427531,0.424262,0.147424,0.146297,1.335872,0.910683,0.765349
H2_512C_quantized_no_output,260-123288-0021.wav,generated_audios/generated_H2_512C_int8/260-123288-0021_generated.wav,2.710023,0.404248,0.400874,0.149168,0.147923,1.328972,0.902824,1.068778
H2_512C_quantized_no_output,260-123288-0022.wav,generated_audios/generated_H2_512C_int8/260-123288-0022_generated.wav,3.705034,0.539304,0.535908,0.14556,0.144643,1.195643,0.897553,1.147276
H2_512C_quantized_no_output,260-123288-0023.wav,generated_audios/generated_H2_512C_int8/260-123288-0023_generated.wav,2.385034,0.349401,0.346284,0.146497,0.14519,1.236753,0.836446,0.993155
H2_512C_quantized_no_output,260-123288-0024.wav,generated_audios/generated_H2_512C_int8/260-123288-0024_generated.wav,14.595011,2.185071,2.180332,0.149714,0.149389,1.310686,0.905341,1.054141
H2_512C_quantized_no_output,260-123288-0025.wav,generated_audios/generated_H2_512C_int8/260-123288-0025_generated.wav,13.445034,1.978858,1.974351,0.147181,0.146846,1.330095,0.894579,1.029696
H2_512C_quantized_no_output,260-123288-0026.wav,generated_audios/generated_H2_512C_int8/260-123288-0026_generated.wav,16.04,2.402348,2.397241,0.149772,0.149454,1.310145,0.900986,1.105422
H2_512C_quantized_no_output,260-123288-0027.wav,generated_audios/generated_H2_512C_int8/260-123288-0027_generated.wav,6.305034,0.905286,0.901115,0.143581,0.14292,1.342209,0.917951,1.09276
H2_512C_quantized_no_output,260-123288-0028.wav,generated_audios/generated_H2_512C_int8/260-123288-0028_generated.wav,2.610023,0.412012,0.408753,0.157858,0.156609,1.334374,0.933431,0.883675
H2_512C_quantized_no_output,260-123440-0000.wav,generated_audios/generated_H2_512C_int8/260-123440-0000_generated.wav,2.165034,0.319753,0.316504,0.14769,0.146189,1.172439,0.882496,1.194624
H2_512C_quantized_no_output,260-123440-0001.wav,generated_audios/generated_H2_512C_int8/260-123440-0001_generated.wav,1.74,0.270509,0.267238,0.155465,0.153585,1.340412,0.913232,0.936723
H2_512C_quantized_no_output,260-123440-0002.wav,generated_audios/generated_H2_512C_int8/260-123440-0002_generated.wav,14.715011,2.189186,2.184186,0.148772,0.148433,1.292491,0.914326,1.100669
H2_512C_quantized_no_output,260-123440-0003.wav,generated_audios/generated_H2_512C_int8/260-123440-0003_generated.wav,3.585034,0.523944,0.520169,0.146148,0.145094,1.35435,0.909365,1.05979
H2_512C_quantized_no_output,260-123440-0004.wav,generated_audios/generated_H2_512C_int8/260-123440-0004_generated.wav,12.02,1.727354,1.723403,0.143707,0.143378,1.240168,0.907211,0.988961
H2_512C_quantized_no_output,260-123440-0005.wav,generated_audios/generated_H2_512C_int8/260-123440-0005_generated.wav,3.105034,0.465985,0.462406,0.150074,0.148921,1.334768,0.911382,1.017004
H2_512C_quantized_no_output,260-123440-0006.wav,generated_audios/generated_H2_512C_int8/260-123440-0006_generated.wav,2.715011,0.399318,0.395989,0.147078,0.145852,1.307089,0.902795,1.084775
H2_512C_quantized_no_output,260-123440-0007.wav,generated_audios/generated_H2_512C_int8/260-123440-0007_generated.wav,3.385034,0.495115,0.491367,0.146266,0.145159,1.304131,0.898977,1.058317
H2_512C_quantized_no_output,260-123440-0008.wav,generated_audios/generated_H2_512C_int8/260-123440-0008_generated.wav,3.745034,0.543589,0.540157,0.145149,0.144233,1.278731,0.896826,1.042201
H2_512C_quantized_no_output,260-123440-0009.wav,generated_audios/generated_H2_512C_int8/260-123440-0009_generated.wav,3.115011,0.465169,0.461737,0.149331,0.14823,1.323552,0.938185,0.856064
H2_512C_quantized_no_output,260-123440-0010.wav,generated_audios/generated_H2_512C_int8/260-123440-0010_generated.wav,8.315011,1.19067,1.186786,0.143195,0.142728,1.307755,0.886117,0.967217
H2_512C_quantized_no_output,260-123440-0011.wav,generated_audios/generated_H2_512C_int8/260-123440-0011_generated.wav,4.870023,0.701315,0.697428,0.144006,0.143208,1.332735,0.911317,1.072229
H2_512C_quantized_no_output,260-123440-0012.wav,generated_audios/generated_H2_512C_int8/260-123440-0012_generated.wav,5.245034,0.765497,0.761937,0.145947,0.145268,1.331665,0.909468,0.974012
H2_512C_quantized_no_output,260-123440-0013.wav,generated_audios/generated_H2_512C_int8/260-123440-0013_generated.wav,3.475011,0.512681,0.509364,0.147534,0.146579,1.26833,0.90278,1.135671
H2_512C_quantized_no_output,260-123440-0014.wav,generated_audios/generated_H2_512C_int8/260-123440-0014_generated.wav,3.815011,0.578082,0.574344,0.151528,0.150549,1.36893,0.933706,1.040962
H2_512C_quantized_no_output,260-123440-0015.wav,generated_audios/generated_H2_512C_int8/260-123440-0015_generated.wav,6.2,0.883599,0.879796,0.142516,0.141903,1.38832,0.914992,0.916883
H2_512C_quantized_no_output,260-123440-0016.wav,generated_audios/generated_H2_512C_int8/260-123440-0016_generated.wav,4.895011,0.704594,0.70102,0.143941,0.143211,1.35616,0.937717,0.97422
H2_512C_quantized_no_output,260-123440-0017.wav,generated_audios/generated_H2_512C_int8/260-123440-0017_generated.wav,3.070023,0.455678,0.452195,0.148428,0.147294,1.223776,0.893361,1.108819
H2_512C_quantized_no_output,260-123440-0018.wav,generated_audios/generated_H2_512C_int8/260-123440-0018_generated.wav,3.64,0.529564,0.526224,0.145485,0.144567,1.4627,0.934259,1.052761
H2_512C_quantized_no_output,260-123440-0019.wav,generated_audios/generated_H2_512C_int8/260-123440-0019_generated.wav,6.630023,0.959046,0.955687,0.144652,0.144145,1.25445,0.884847,1.008872
H2_512C_quantized_no_output,260-123440-0020.wav,generated_audios/generated_H2_512C_int8/260-123440-0020_generated.wav,4.995011,0.720185,0.716636,0.144181,0.14347,1.26273,0.902287,1.195906
H2_512C_quantized_no_output,61-70968-0000.wav,generated_audios/generated_H2_512C_int8/61-70968-0000_generated.wav,4.905034,0.708079,0.704975,0.144358,0.143725,1.260228,0.897889,0.975757
H2_512C_quantized_no_output,61-70968-0001.wav,generated_audios/generated_H2_512C_int8/61-70968-0001_generated.wav,3.610023,0.528664,0.524997,0.146443,0.145428,1.326046,0.890171,0.928979
H2_512C_quantized_no_output,61-70968-0002.wav,generated_audios/generated_H2_512C_int8/61-70968-0002_generated.wav,2.970023,0.436475,0.432959,0.14696,0.145776,1.409699,0.840126,0.982296
H2_512C_quantized_no_output,61-70968-0003.wav,generated_audios/generated_H2_512C_int8/61-70968-0003_generated.wav,4.315011,0.63628,0.632796,0.147457,0.14665,1.44848,0.870383,0.948252
H2_512C_quantized_no_output,61-70968-0004.wav,generated_audios/generated_H2_512C_int8/61-70968-0004_generated.wav,3.885034,0.569638,0.566143,0.146624,0.145724,1.340968,0.880916,0.943783
H2_512C_quantized_no_output,61-70968-0005.wav,generated_audios/generated_H2_512C_int8/61-70968-0005_generated.wav,5.070023,0.728889,0.725417,0.143765,0.14308,1.248501,0.820521,1.060193
H2_512C_quantized_no_output,61-70968-0006.wav,generated_audios/generated_H2_512C_int8/61-70968-0006_generated.wav,2.935011,0.42804,0.425116,0.145839,0.144843,1.344849,0.871533,0.985857
H2_512C_quantized_no_output,61-70968-0007.wav,generated_audios/generated_H2_512C_int8/61-70968-0007_generated.wav,3.550023,0.517981,0.514372,0.145909,0.144893,1.300498,0.732433,0.970636
H2_512C_quantized_no_output,61-70968-0008.wav,generated_audios/generated_H2_512C_int8/61-70968-0008_generated.wav,3.535011,0.535354,0.532337,0.151443,0.15059,1.34691,0.902795,0.887578
H2_512C_quantized_no_output,61-70968-0009.wav,generated_audios/generated_H2_512C_int8/61-70968-0009_generated.wav,4.510023,0.653221,0.649653,0.144838,0.144047,1.32793,0.808947,1.113383
H2_512C_quantized_no_output,61-70968-0010.wav,generated_audios/generated_H2_512C_int8/61-70968-0010_generated.wav,8.295011,1.186529,1.18245,0.143041,0.14255,1.371501,0.854892,0.938208
H2_512C_quantized_no_output,61-70968-0011.wav,generated_audios/generated_H2_512C_int8/61-70968-0011_generated.wav,6.375011,0.917321,0.913985,0.143893,0.14337,1.356531,0.895007,0.917622
H2_512C_quantized_no_output,61-70968-0012.wav,generated_audios/generated_H2_512C_int8/61-70968-0012_generated.wav,2.610023,0.411716,0.408336,0.157744,0.156449,1.767241,0.949967,0.783595
H2_512C_quantized_no_output,61-70968-0013.wav,generated_audios/generated_H2_512C_int8/61-70968-0013_generated.wav,4.450023,0.639686,0.636241,0.143749,0.142975,1.377405,0.866842,0.962396
H2_512C_quantized_no_output,61-70968-0014.wav,generated_audios/generated_H2_512C_int8/61-70968-0014_generated.wav,7.485034,1.077426,1.073866,0.143944,0.143468,1.408309,0.888042,0.996425
H2_512C_quantized_no_output,61-70968-0015.wav,generated_audios/generated_H2_512C_int8/61-70968-0015_generated.wav,5.375011,0.773052,0.769109,0.143823,0.14309,1.485253,0.909424,0.879507
H2_512C_quantized_no_output,61-70968-0016.wav,generated_audios/generated_H2_512C_int8/61-70968-0016_generated.wav,3.72,0.609917,0.606289,0.163956,0.162981,1.506591,0.928821,0.801407
H2_512C_quantized_no_output,61-70968-0017.wav,generated_audios/generated_H2_512C_int8/61-70968-0017_generated.wav,5.110023,0.753279,0.74944,0.147412,0.146661,1.379292,0.908977,0.846303
H2_512C_quantized_no_output,61-70968-0018.wav,generated_audios/generated_H2_512C_int8/61-70968-0018_generated.wav,2.405034,0.357548,0.354358,0.148666,0.14734,1.379051,0.891275,0.987143
H2_512C_quantized_no_output,61-70968-0019.wav,generated_audios/generated_H2_512C_int8/61-70968-0019_generated.wav,5.475011,0.78907,0.785268,0.144122,0.143428,1.438594,0.87215,0.956874
H2_512C_quantized_no_output,61-70968-0020.wav,generated_audios/generated_H2_512C_int8/61-70968-0020_generated.wav,5.105034,0.741203,0.737522,0.145191,0.14447,1.640937,0.900617,0.717923
H2_512C_quantized_no_output,61-70968-0021.wav,generated_audios/generated_H2_512C_int8/61-70968-0021_generated.wav,2.690023,0.400608,0.397283,0.148923,0.147687,1.486364,0.847049,0.95247
H2_512C_quantized_no_output,61-70968-0022.wav,generated_audios/generated_H2_512C_int8/61-70968-0022_generated.wav,4.670023,0.673647,0.67002,0.144249,0.143473,1.283112,0.862316,1.010211
H2_512C_quantized_no_output,61-70968-0023.wav,generated_audios/generated_H2_512C_int8/61-70968-0023_generated.wav,5.025034,0.751761,0.748206,0.149603,0.148896,1.595345,0.912515,0.799312
H2_512C_quantized_no_output,61-70968-0024.wav,generated_audios/generated_H2_512C_int8/61-70968-0024_generated.wav,6.025034,0.860041,0.856184,0.142745,0.142104,1.529989,0.869306,0.828397
H2_512C_quantized_no_output,61-70968-0025.wav,generated_audios/generated_H2_512C_int8/61-70968-0025_generated.wav,4.410023,0.644889,0.641227,0.146232,0.145402,1.574729,0.899778,0.822802
H2_512C_quantized_no_output,61-70968-0026.wav,generated_audios/generated_H2_512C_int8/61-70968-0026_generated.wav,4.92,0.716673,0.713326,0.145665,0.144985,1.456719,0.91877,0.860619
H2_512C_quantized_no_output,61-70968-0027.wav,generated_audios/generated_H2_512C_int8/61-70968-0027_generated.wav,6.870023,0.977371,0.973447,0.142266,0.141695,1.416,0.89511,0.877091
H2_512C_quantized_no_output,61-70968-0028.wav,generated_audios/generated_H2_512C_int8/61-70968-0028_generated.wav,5.355011,0.774037,0.770535,0.144544,0.14389,1.502555,0.909262,0.857183
H2_512C_quantized_no_output,61-70968-0029.wav,generated_audios/generated_H2_512C_int8/61-70968-0029_generated.wav,3.495011,0.67424,0.670452,0.192915,0.191831,1.414222,0.907044,0.890236
H2_512C_quantized_no_output,61-70968-0030.wav,generated_audios/generated_H2_512C_int8/61-70968-0030_generated.wav,5.685034,0.823311,0.819637,0.144821,0.144175,1.470438,0.907111,0.81657
H2_512C_quantized_no_output,61-70968-0031.wav,generated_audios/generated_H2_512C_int8/61-70968-0031_generated.wav,2.925034,0.425434,0.422136,0.145446,0.144318,1.291708,0.84974,0.890491
H2_512C_quantized_no_output,61-70968-0032.wav,generated_audios/generated_H2_512C_int8/61-70968-0032_generated.wav,4.28,0.645564,0.641926,0.150833,0.149983,1.482785,0.848217,0.902328
H2_512C_quantized_no_output,61-70968-0033.wav,generated_audios/generated_H2_512C_int8/61-70968-0033_generated.wav,5.685034,1.062783,0.993779,0.186944,0.174806,1.478504,0.922319,0.877877
H2_512C_quantized_no_output,61-70968-0034.wav,generated_audios/generated_H2_512C_int8/61-70968-0034_generated.wav,4.230023,0.620963,0.617401,0.146799,0.145957,1.75744,0.92982,0.733905
H2_512C_quantized_no_output,61-70968-0035.wav,generated_audios/generated_H2_512C_int8/61-70968-0035_generated.wav,7.950023,1.124677,1.121256,0.141468,0.141038,1.39227,0.901777,0.830811
H2_512C_quantized_no_output,61-70968-0036.wav,generated_audios/generated_H2_512C_int8/61-70968-0036_generated.wav,2.934966,0.436046,0.432513,0.148569,0.147366,1.563618,0.937032,0.877794
H2_512C_quantized_no_output,61-70968-0037.wav,generated_audios/generated_H2_512C_int8/61-70968-0037_generated.wav,4.315011,0.624339,0.620681,0.14469,0.143842,1.269376,0.834746,1.095206
H2_512C_quantized_no_output,61-70968-0038.wav,generated_audios/generated_H2_512C_int8/61-70968-0038_generated.wav,2.050023,0.318222,0.314832,0.155229,0.153575,1.440667,0.697472,1.238586
H2_512C_quantized_no_output,61-70968-0039.wav,generated_audios/generated_H2_512C_int8/61-70968-0039_generated.wav,3.805034,0.557429,0.55385,0.146498,0.145557,1.409127,0.830192,1.107064
H2_512C_quantized_no_output,61-70968-0040.wav,generated_audios/generated_H2_512C_int8/61-70968-0040_generated.wav,3.950023,0.576486,0.573091,0.145945,0.145085,1.451912,0.88424,0.95554
H2_512C_quantized_no_output,61-70968-0041.wav,generated_audios/generated_H2_512C_int8/61-70968-0041_generated.wav,6.825034,0.983045,0.978916,0.144035,0.14343,1.498902,0.821884,0.969517
H2_512C_quantized_no_output,61-70968-0042.wav,generated_audios/generated_H2_512C_int8/61-70968-0042_generated.wav,2.785034,0.407241,0.403734,0.146225,0.144965,1.417644,0.87894,0.919429
H2_512C_quantized_no_output,61-70968-0043.wav,generated_audios/generated_H2_512C_int8/61-70968-0043_generated.wav,6.735011,0.955099,0.951014,0.141811,0.141204,1.348304,0.795239,0.869464
H2_512C_quantized_no_output,61-70968-0044.wav,generated_audios/generated_H2_512C_int8/61-70968-0044_generated.wav,2.770023,0.406003,0.402513,0.14657,0.14531,1.329914,0.880751,1.043267
H2_512C_quantized_no_output,61-70968-0045.wav,generated_audios/generated_H2_512C_int8/61-70968-0045_generated.wav,3.475011,0.506497,0.502966,0.145754,0.144738,1.33789,0.850374,1.03084
H2_512C_quantized_no_output,61-70968-0046.wav,generated_audios/generated_H2_512C_int8/61-70968-0046_generated.wav,3.550023,0.519425,0.515844,0.146316,0.145307,1.319658,0.878128,0.931315
H2_512C_quantized_no_output,61-70968-0047.wav,generated_audios/generated_H2_512C_int8/61-70968-0047_generated.wav,4.775011,0.691571,0.687993,0.144831,0.144082,1.459311,0.895934,0.889193
H2_512C_quantized_no_output,61-70968-0048.wav,generated_audios/generated_H2_512C_int8/61-70968-0048_generated.wav,3.02,0.443196,0.43971,0.146754,0.145599,1.288563,0.868005,1.119246
H2_512C_quantized_no_output,61-70968-0049.wav,generated_audios/generated_H2_512C_int8/61-70968-0049_generated.wav,8.250023,1.173406,1.169932,0.142231,0.14181,1.402516,0.834044,0.953638
H2_512C_quantized_no_output,61-70968-0050.wav,generated_audios/generated_H2_512C_int8/61-70968-0050_generated.wav,5.58,0.849003,0.845687,0.152151,0.151557,1.332086,0.81803,0.977452
H2_512C_quantized_no_output,61-70968-0051.wav,generated_audios/generated_H2_512C_int8/61-70968-0051_generated.wav,3.135011,0.462661,0.459154,0.147579,0.14646,1.429521,0.889404,1.042628
H2_512C_quantized_no_output,61-70968-0052.wav,generated_audios/generated_H2_512C_int8/61-70968-0052_generated.wav,2.650023,0.406452,0.402851,0.153377,0.152018,1.5652,0.898213,0.763377
H2_512C_quantized_no_output,61-70968-0053.wav,generated_audios/generated_H2_512C_int8/61-70968-0053_generated.wav,4.22,0.61831,0.614875,0.146519,0.145705,1.342995,0.809974,1.057885
H2_512C_quantized_no_output,61-70968-0054.wav,generated_audios/generated_H2_512C_int8/61-70968-0054_generated.wav,7.86,1.119751,1.115778,0.142462,0.141956,1.405131,0.885143,0.900711
H2_512C_quantized_no_output,61-70968-0055.wav,generated_audios/generated_H2_512C_int8/61-70968-0055_generated.wav,3.965034,0.580546,0.576961,0.146416,0.145512,1.463546,0.848781,0.947495
H2_512C_quantized_no_output,61-70968-0056.wav,generated_audios/generated_H2_512C_int8/61-70968-0056_generated.wav,3.565034,0.525111,0.521514,0.147295,0.146286,1.469021,0.890603,0.920675
H2_512C_quantized_no_output,61-70968-0057.wav,generated_audios/generated_H2_512C_int8/61-70968-0057_generated.wav,5.065034,0.735969,0.732693,0.145304,0.144657,1.33626,0.868629,0.947084
H2_512C_quantized_no_output,61-70968-0058.wav,generated_audios/generated_H2_512C_int8/61-70968-0058_generated.wav,1.82,0.276353,0.272866,0.151842,0.149927,1.244555,0.840658,0.982495
H2_512C_quantized_no_output,61-70968-0059.wav,generated_audios/generated_H2_512C_int8/61-70968-0059_generated.wav,2.170023,0.321128,0.317795,0.147984,0.146448,1.457248,0.916827,1.059615
H2_512C_quantized_no_output,61-70968-0060.wav,generated_audios/generated_H2_512C_int8/61-70968-0060_generated.wav,3.735011,0.542356,0.538782,0.145209,0.144252,1.633647,0.907083,0.769912
H2_512C_quantized_no_output,61-70968-0061.wav,generated_audios/generated_H2_512C_int8/61-70968-0061_generated.wav,5.530023,0.791944,0.788131,0.143208,0.142519,1.208045,0.804704,1.264447
H2_512C_quantized_no_output,61-70968-0062.wav,generated_audios/generated_H2_512C_int8/61-70968-0062_generated.wav,2.555011,0.376389,0.373011,0.147314,0.145992,1.360652,0.807244,0.982427
H2_512C_quantized_no_output,61-70970-0000.wav,generated_audios/generated_H2_512C_int8/61-70970-0000_generated.wav,6.075011,0.877366,0.873721,0.144422,0.143822,1.306275,0.901047,0.858846
H2_512C_quantized_no_output,61-70970-0001.wav,generated_audios/generated_H2_512C_int8/61-70970-0001_generated.wav,6.155011,0.878289,0.874507,0.142695,0.142081,1.420739,0.908538,0.86452
H2_512C_quantized_no_output,61-70970-0002.wav,generated_audios/generated_H2_512C_int8/61-70970-0002_generated.wav,4.165034,0.612845,0.609329,0.147141,0.146296,1.445349,0.816864,1.040824
H2_512C_quantized_no_output,61-70970-0003.wav,generated_audios/generated_H2_512C_int8/61-70970-0003_generated.wav,3.835011,0.560175,0.556581,0.146069,0.145132,1.599559,0.891759,0.805851
H2_512C_quantized_no_output,61-70970-0004.wav,generated_audios/generated_H2_512C_int8/61-70970-0004_generated.wav,10.515011,1.502759,1.498207,0.142916,0.142483,1.581775,0.894248,0.833528
H2_512C_quantized_no_output,61-70970-0005.wav,generated_audios/generated_H2_512C_int8/61-70970-0005_generated.wav,2.02,0.306187,0.302846,0.151578,0.149924,1.424899,0.860164,1.254175
H2_512C_quantized_no_output,61-70970-0006.wav,generated_audios/generated_H2_512C_int8/61-70970-0006_generated.wav,2.335011,0.350372,0.346934,0.150052,0.148579,1.333948,0.881021,1.077369
H2_512C_quantized_no_output,61-70970-0007.wav,generated_audios/generated_H2_512C_int8/61-70970-0007_generated.wav,4.485034,0.657897,0.654908,0.146687,0.146021,1.416102,0.86096,1.029712
H2_512C_quantized_no_output,61-70970-0008.wav,generated_audios/generated_H2_512C_int8/61-70970-0008_generated.wav,2.150023,0.319864,0.316508,0.148773,0.147212,1.534945,0.879828,1.09773
H2_512C_quantized_no_output,61-70970-0009.wav,generated_audios/generated_H2_512C_int8/61-70970-0009_generated.wav,3.405034,0.503807,0.500812,0.147959,0.14708,1.62887,0.926983,0.759392
H2_512C_quantized_no_output,61-70970-0010.wav,generated_audios/generated_H2_512C_int8/61-70970-0010_generated.wav,3.045034,0.446238,0.442688,0.146546,0.14538,1.549773,0.867989,0.87694
H2_512C_quantized_no_output,61-70970-0011.wav,generated_audios/generated_H2_512C_int8/61-70970-0011_generated.wav,6.075011,0.861784,0.85814,0.141857,0.141257,1.506974,0.875051,0.906412
H2_512C_quantized_no_output,61-70970-0012.wav,generated_audios/generated_H2_512C_int8/61-70970-0012_generated.wav,3.135011,0.462279,0.458757,0.147457,0.146333,1.489795,0.922538,0.833429
H2_512C_quantized_no_output,61-70970-0013.wav,generated_audios/generated_H2_512C_int8/61-70970-0013_generated.wav,4.350023,0.632639,0.629537,0.145433,0.14472,1.359116,0.894938,0.94401
H2_512C_quantized_no_output,61-70970-0014.wav,generated_audios/generated_H2_512C_int8/61-70970-0014_generated.wav,3.405034,0.496809,0.493452,0.145904,0.144918,1.52951,0.914607,0.918988
H2_512C_quantized_no_output,61-70970-0015.wav,generated_audios/generated_H2_512C_int8/61-70970-0015_generated.wav,8.415011,1.20134,1.197096,0.142762,0.142257,1.345636,0.895219,0.969729
H2_512C_quantized_no_output,61-70970-0016.wav,generated_audios/generated_H2_512C_int8/61-70970-0016_generated.wav,4.370023,0.653297,0.649655,0.149495,0.148662,1.423872,0.914872,0.971382
H2_512C_quantized_no_output,61-70970-0017.wav,generated_audios/generated_H2_512C_int8/61-70970-0017_generated.wav,2.550023,0.374842,0.371385,0.146996,0.14564,1.262485,0.842244,1.166618
H2_512C_quantized_no_output,61-70970-0018.wav,generated_audios/generated_H2_512C_int8/61-70970-0018_generated.wav,4.6,0.672644,0.669084,0.146227,0.145453,1.408411,0.863671,1.012065
H2_512C_quantized_no_output,61-70970-0019.wav,generated_audios/generated_H2_512C_int8/61-70970-0019_generated.wav,3.78,0.549811,0.546273,0.145453,0.144517,1.412392,0.882962,0.998583
H2_512C_quantized_no_output,61-70970-0020.wav,generated_audios/generated_H2_512C_int8/61-70970-0020_generated.wav,5.025034,0.752236,0.748497,0.149698,0.148954,1.324645,0.803487,1.215415
H2_512C_quantized_no_output,61-70970-0021.wav,generated_audios/generated_H2_512C_int8/61-70970-0021_generated.wav,5.405034,0.772834,0.769164,0.142984,0.142305,1.405596,0.881421,0.876262
H2_512C_quantized_no_output,61-70970-0022.wav,generated_audios/generated_H2_512C_int8/61-70970-0022_generated.wav,3.970023,0.577352,0.573882,0.145428,0.144554,1.439348,0.881312,0.942477
H2_512C_quantized_no_output,61-70970-0023.wav,generated_audios/generated_H2_512C_int8/61-70970-0023_generated.wav,3.705034,0.542971,0.539307,0.14655,0.145561,1.484345,0.903647,0.790875
H2_512C_quantized_no_output,61-70970-0024.wav,generated_audios/generated_H2_512C_int8/61-70970-0024_generated.wav,7.235011,1.028768,1.024718,0.142193,0.141633,1.434003,0.905052,0.861242
H2_512C_quantized_no_output,61-70970-0025.wav,generated_audios/generated_H2_512C_int8/61-70970-0025_generated.wav,7.435011,1.247065,1.242954,0.167729,0.167176,1.579215,0.918068,0.838133
H2_512C_quantized_no_output,61-70970-0026.wav,generated_audios/generated_H2_512C_int8/61-70970-0026_generated.wav,5.475011,0.786731,0.782807,0.143695,0.142978,1.62684,0.886668,0.800171
H2_512C_quantized_no_output,61-70970-0027.wav,generated_audios/generated_H2_512C_int8/61-70970-0027_generated.wav,5.08,0.742676,0.738923,0.146196,0.145457,1.368232,0.881375,0.87589
H2_512C_quantized_no_output,61-70970-0028.wav,generated_audios/generated_H2_512C_int8/61-70970-0028_generated.wav,6.550023,0.929617,0.925794,0.141926,0.141342,1.587426,0.92688,0.769632
H2_512C_quantized_no_output,61-70970-0029.wav,generated_audios/generated_H2_512C_int8/61-70970-0029_generated.wav,4.030023,0.587319,0.583579,0.145736,0.144808,1.51434,0.831141,0.902648
H2_512C_quantized_no_output,61-70970-0030.wav,generated_audios/generated_H2_512C_int8/61-70970-0030_generated.wav,3.24,0.478195,0.47482,0.147591,0.146549,1.516021,0.882769,0.779835
H2_512C_quantized_no_output,61-70970-0031.wav,generated_audios/generated_H2_512C_int8/61-70970-0031_generated.wav,5.135011,0.749595,0.745861,0.145977,0.14525,1.309059,0.888756,0.927255
H2_512C_quantized_no_output,61-70970-0032.wav,generated_audios/generated_H2_512C_int8/61-70970-0032_generated.wav,3.135011,0.4564,0.452815,0.145582,0.144438,1.330117,0.892137,0.9389
H2_512C_quantized_no_output,61-70970-0033.wav,generated_audios/generated_H2_512C_int8/61-70970-0033_generated.wav,3.42,0.509498,0.506066,0.148976,0.147972,1.436854,0.928206,0.861574
H2_512C_quantized_no_output,61-70970-0034.wav,generated_audios/generated_H2_512C_int8/61-70970-0034_generated.wav,4.485034,0.648584,0.645067,0.144611,0.143827,1.402948,0.866673,0.875489
H2_512C_quantized_no_output,61-70970-0035.wav,generated_audios/generated_H2_512C_int8/61-70970-0035_generated.wav,7.405034,1.052807,1.048831,0.142175,0.141638,1.530289,0.905532,0.810863
H2_512C_quantized_no_output,61-70970-0036.wav,generated_audios/generated_H2_512C_int8/61-70970-0036_generated.wav,6.785034,0.987117,0.983426,0.145484,0.144941,1.408884,0.871396,0.835862
H2_512C_quantized_no_output,61-70970-0037.wav,generated_audios/generated_H2_512C_int8/61-70970-0037_generated.wav,5.98,0.852223,0.848596,0.142512,0.141906,1.510843,0.879886,0.888221
H2_512C_quantized_no_output,61-70970-0038.wav,generated_audios/generated_H2_512C_int8/61-70970-0038_generated.wav,10.4,1.469003,1.46498,0.14125,0.140863,1.396404,0.894284,0.889042
H2_512C_quantized_no_output,61-70970-0039.wav,generated_audios/generated_H2_512C_int8/61-70970-0039_generated.wav,6.665034,0.957163,0.95318,0.14361,0.143012,1.358076,0.849988,0.844838
H2_512C_quantized_no_output,61-70970-0040.wav,generated_audios/generated_H2_512C_int8/61-70970-0040_generated.wav,4.165034,0.601168,0.59755,0.144337,0.143468,1.445961,0.909459,0.882624
H2_512C_quantized_no_output,672-122797-0000.wav,generated_audios/generated_H2_512C_int8/672-122797-0000_generated.wav,4.070023,0.590795,0.587154,0.145158,0.144263,1.578176,0.925502,0.872653
H2_512C_quantized_no_output,672-122797-0001.wav,generated_audios/generated_H2_512C_int8/672-122797-0001_generated.wav,15.130023,2.256024,2.250743,0.149109,0.14876,1.788737,0.938098,0.864263
H2_512C_quantized_no_output,672-122797-0002.wav,generated_audios/generated_H2_512C_int8/672-122797-0002_generated.wav,13.62,2.018658,2.013687,0.148213,0.147848,1.572438,0.917444,0.940178
H2_512C_quantized_no_output,672-122797-0003.wav,generated_audios/generated_H2_512C_int8/672-122797-0003_generated.wav,4.76,0.69296,0.689513,0.14558,0.144856,1.324565,0.794175,1.147671
H2_512C_quantized_no_output,672-122797-0004.wav,generated_audios/generated_H2_512C_int8/672-122797-0004_generated.wav,10.250023,1.444227,1.440262,0.1409,0.140513,1.449381,0.837342,1.089192
H2_512C_quantized_no_output,672-122797-0005.wav,generated_audios/generated_H2_512C_int8/672-122797-0005_generated.wav,3.26,0.486014,0.482489,0.149084,0.148003,1.230553,0.743217,1.151225
H2_512C_quantized_no_output,672-122797-0006.wav,generated_audios/generated_H2_512C_int8/672-122797-0006_generated.wav,13.950023,2.060255,2.055755,0.147688,0.147366,1.342277,0.713779,1.103981
H2_512C_quantized_no_output,672-122797-0007.wav,generated_audios/generated_H2_512C_int8/672-122797-0007_generated.wav,6.42,0.941042,0.937105,0.14658,0.145967,1.332397,0.731054,1.166767
H2_512C_quantized_no_output,672-122797-0008.wav,generated_audios/generated_H2_512C_int8/672-122797-0008_generated.wav,30.810023,5.097962,5.091016,0.165464,0.165239,1.306687,0.729498,1.115655
H2_512C_quantized_no_output,672-122797-0009.wav,generated_audios/generated_H2_512C_int8/672-122797-0009_generated.wav,2.765034,0.408514,0.405077,0.147743,0.1465,1.557128,0.81319,0.944493
H2_512C_quantized_no_output,672-122797-0010.wav,generated_audios/generated_H2_512C_int8/672-122797-0010_generated.wav,3.815011,0.56357,0.560025,0.147724,0.146795,1.256534,0.790359,1.023213
H2_512C_quantized_no_output,672-122797-0011.wav,generated_audios/generated_H2_512C_int8/672-122797-0011_generated.wav,2.54,0.386686,0.383274,0.152239,0.150895,1.439898,0.877814,0.885406
H2_512C_quantized_no_output,672-122797-0012.wav,generated_audios/generated_H2_512C_int8/672-122797-0012_generated.wav,7.765034,1.101351,1.097868,0.141835,0.141386,1.332067,0.816532,0.950723
H2_512C_quantized_no_output,672-122797-0013.wav,generated_audios/generated_H2_512C_int8/672-122797-0013_generated.wav,8.705034,1.231316,1.227198,0.141449,0.140976,1.480518,0.76933,1.080388
H2_512C_quantized_no_output,672-122797-0014.wav,generated_audios/generated_H2_512C_int8/672-122797-0014_generated.wav,2.555011,0.378452,0.374915,0.148121,0.146737,1.469584,0.884177,1.013244
H2_512C_quantized_no_output,672-122797-0015.wav,generated_audios/generated_H2_512C_int8/672-122797-0015_generated.wav,4.455011,0.649907,0.646429,0.145882,0.145102,1.434578,0.840315,0.946022
H2_512C_quantized_no_output,672-122797-0016.wav,generated_audios/generated_H2_512C_int8/672-122797-0016_generated.wav,9.215011,1.31195,1.30793,0.142371,0.141935,1.441691,0.799914,1.074361
H2_512C_quantized_no_output,672-122797-0017.wav,generated_audios/generated_H2_512C_int8/672-122797-0017_generated.wav,4.82,0.698361,0.694703,0.144888,0.144129,1.770301,0.846182,0.836733
H2_512C_quantized_no_output,672-122797-0018.wav,generated_audios/generated_H2_512C_int8/672-122797-0018_generated.wav,4.930023,0.727031,0.72355,0.14747,0.146764,1.279769,0.73917,1.007031
H2_512C_quantized_no_output,672-122797-0019.wav,generated_audios/generated_H2_512C_int8/672-122797-0019_generated.wav,4.110023,0.599439,0.595858,0.145848,0.144977,1.32021,0.73035,1.077794
H2_512C_quantized_no_output,672-122797-0020.wav,generated_audios/generated_H2_512C_int8/672-122797-0020_generated.wav,8.825034,1.287812,1.28366,0.145927,0.145457,1.288107,0.738018,1.189136
H2_512C_quantized_no_output,672-122797-0021.wav,generated_audios/generated_H2_512C_int8/672-122797-0021_generated.wav,4.150023,0.604234,0.600496,0.145598,0.144697,1.425472,0.855973,1.018659
H2_512C_quantized_no_output,672-122797-0022.wav,generated_audios/generated_H2_512C_int8/672-122797-0022_generated.wav,19.004943,2.92514,2.919241,0.153915,0.153604,1.459223,0.710584,1.09058
H2_512C_quantized_no_output,672-122797-0023.wav,generated_audios/generated_H2_512C_int8/672-122797-0023_generated.wav,9.695102,1.393829,1.389122,0.143766,0.143281,1.401683,0.78551,1.006812
H2_512C_quantized_no_output,672-122797-0024.wav,generated_audios/generated_H2_512C_int8/672-122797-0024_generated.wav,4.130023,0.600471,0.596904,0.145392,0.144528,1.314366,0.669666,1.326964
H2_512C_quantized_no_output,672-122797-0025.wav,generated_audios/generated_H2_512C_int8/672-122797-0025_generated.wav,10.690023,1.540395,1.536331,0.144096,0.143716,1.617271,0.884325,0.918925
H2_512C_quantized_no_output,672-122797-0026.wav,generated_audios/generated_H2_512C_int8/672-122797-0026_generated.wav,13.96,2.057862,2.05301,0.147411,0.147064,1.230193,0.729812,1.002065
H2_512C_quantized_no_output,672-122797-0027.wav,generated_audios/generated_H2_512C_int8/672-122797-0027_generated.wav,4.790023,0.690272,0.686403,0.144106,0.143299,1.281932,0.648502,1.242505
H2_512C_quantized_no_output,672-122797-0028.wav,generated_audios/generated_H2_512C_int8/672-122797-0028_generated.wav,2.610023,0.411841,0.408471,0.157792,0.156501,1.474306,0.82633,1.001206
H2_512C_quantized_no_output,672-122797-0029.wav,generated_audios/generated_H2_512C_int8/672-122797-0029_generated.wav,3.050023,0.446649,0.44328,0.146441,0.145337,1.945135,0.880423,0.976733
H2_512C_quantized_no_output,672-122797-0030.wav,generated_audios/generated_H2_512C_int8/672-122797-0030_generated.wav,4.575011,0.66439,0.660706,0.145221,0.144416,1.478456,0.874665,1.006066
H2_512C_quantized_no_output,672-122797-0031.wav,generated_audios/generated_H2_512C_int8/672-122797-0031_generated.wav,3.98,0.585545,0.581945,0.147122,0.146217,2.063729,0.794656,0.951425
H2_512C_quantized_no_output,672-122797-0032.wav,generated_audios/generated_H2_512C_int8/672-122797-0032_generated.wav,4.0,0.592082,0.588637,0.148021,0.147159,1.350723,0.715417,1.051956
H2_512C_quantized_no_output,672-122797-0033.wav,generated_audios/generated_H2_512C_int8/672-122797-0033_generated.wav,1.285034,0.196859,0.193545,0.153194,0.150615,1.873108,0.781853,0.947047
H2_512C_quantized_no_output,672-122797-0034.wav,generated_audios/generated_H2_512C_int8/672-122797-0034_generated.wav,5.110023,0.74798,0.744279,0.146375,0.145651,1.475505,0.873936,0.956202
H2_512C_quantized_no_output,672-122797-0035.wav,generated_audios/generated_H2_512C_int8/672-122797-0035_generated.wav,2.9,0.424327,0.420805,0.14632,0.145105,2.020667,0.929964,0.84168
H2_512C_quantized_no_output,672-122797-0036.wav,generated_audios/generated_H2_512C_int8/672-122797-0036_generated.wav,5.365034,0.770993,0.76749,0.143707,0.143054,1.671745,0.807519,0.799804
H2_512C_quantized_no_output,672-122797-0037.wav,generated_audios/generated_H2_512C_int8/672-122797-0037_generated.wav,1.96,0.300837,0.297539,0.153488,0.151806,1.805672,0.86024,0.787351
H2_512C_quantized_no_output,672-122797-0038.wav,generated_audios/generated_H2_512C_int8/672-122797-0038_generated.wav,8.8,1.244509,1.240298,0.141421,0.140943,1.469444,0.760505,1.044689
H2_512C_quantized_no_output,672-122797-0039.wav,generated_audios/generated_H2_512C_int8/672-122797-0039_generated.wav,4.025034,0.583255,0.579774,0.144907,0.144042,1.698423,0.86381,0.886449
H2_512C_quantized_no_output,672-122797-0040.wav,generated_audios/generated_H2_512C_int8/672-122797-0040_generated.wav,5.125034,0.741118,0.737389,0.144607,0.14388,1.451278,0.719545,1.154179
H2_512C_quantized_no_output,672-122797-0041.wav,generated_audios/generated_H2_512C_int8/672-122797-0041_generated.wav,3.88,0.563386,0.559963,0.145203,0.14432,1.455335,0.754935,1.114511
H2_512C_quantized_no_output,672-122797-0042.wav,generated_audios/generated_H2_512C_int8/672-122797-0042_generated.wav,15.310023,2.302804,2.298386,0.150412,0.150123,1.518903,0.603004,1.267519
H2_512C_quantized_no_output,672-122797-0043.wav,generated_audios/generated_H2_512C_int8/672-122797-0043_generated.wav,3.78,0.56012,0.556498,0.14818,0.147222,1.424743,0.753346,1.084736
H2_512C_quantized_no_output,672-122797-0044.wav,generated_audios/generated_H2_512C_int8/672-122797-0044_generated.wav,3.74,0.544912,0.541397,0.145699,0.144758,1.49537,0.720443,1.103179
H2_512C_quantized_no_output,672-122797-0045.wav,generated_audios/generated_H2_512C_int8/672-122797-0045_generated.wav,13.96,2.052474,2.047335,0.147025,0.146657,1.4962,0.868325,0.929239
H2_512C_quantized_no_output,672-122797-0046.wav,generated_audios/generated_H2_512C_int8/672-122797-0046_generated.wav,4.715011,0.693234,0.689608,0.147027,0.146258,1.566061,0.823272,1.053963
H2_512C_quantized_no_output,672-122797-0047.wav,generated_audios/generated_H2_512C_int8/672-122797-0047_generated.wav,3.325034,0.491551,0.488296,0.147833,0.146854,2.068602,0.861511,0.763275
H2_512C_quantized_no_output,672-122797-0048.wav,generated_audios/generated_H2_512C_int8/672-122797-0048_generated.wav,6.555011,0.940914,0.937549,0.143541,0.143028,1.394548,0.63705,1.138928
H2_512C_quantized_no_output,672-122797-0049.wav,generated_audios/generated_H2_512C_int8/672-122797-0049_generated.wav,2.02,0.301193,0.29795,0.149105,0.1475,1.816409,0.631895,1.236406
H2_512C_quantized_no_output,672-122797-0050.wav,generated_audios/generated_H2_512C_int8/672-122797-0050_generated.wav,4.855011,0.709603,0.705837,0.146159,0.145383,1.399839,0.76787,1.038914
H2_512C_quantized_no_output,672-122797-0051.wav,generated_audios/generated_H2_512C_int8/672-122797-0051_generated.wav,4.665034,0.682581,0.679008,0.146319,0.145553,1.527802,0.743007,1.017816
H2_512C_quantized_no_output,672-122797-0052.wav,generated_audios/generated_H2_512C_int8/672-122797-0052_generated.wav,4.285034,0.623501,0.61997,0.145507,0.144683,1.685167,0.898544,0.884406
H2_512C_quantized_no_output,672-122797-0053.wav,generated_audios/generated_H2_512C_int8/672-122797-0053_generated.wav,2.955011,0.442117,0.438576,0.149616,0.148418,1.252638,0.7005,1.057343
H2_512C_quantized_no_output,672-122797-0054.wav,generated_audios/generated_H2_512C_int8/672-122797-0054_generated.wav,4.250023,0.617314,0.613636,0.14525,0.144384,1.569462,0.710239,0.884356
H2_512C_quantized_no_output,672-122797-0055.wav,generated_audios/generated_H2_512C_int8/672-122797-0055_generated.wav,8.230023,1.175101,1.171198,0.142782,0.142308,1.471285,0.70821,1.03527
H2_512C_quantized_no_output,672-122797-0056.wav,generated_audios/generated_H2_512C_int8/672-122797-0056_generated.wav,5.225034,0.754455,0.751045,0.144392,0.14374,1.443571,0.806782,0.941932
H2_512C_quantized_no_output,672-122797-0057.wav,generated_audios/generated_H2_512C_int8/672-122797-0057_generated.wav,6.56,0.935507,0.931856,0.142608,0.142051,1.549624,0.673191,1.033551
H2_512C_quantized_no_output,672-122797-0058.wav,generated_audios/generated_H2_512C_int8/672-122797-0058_generated.wav,4.470023,0.647077,0.643491,0.144759,0.143957,1.380124,0.69952,1.128454
H2_512C_quantized_no_output,672-122797-0059.wav,generated_audios/generated_H2_512C_int8/672-122797-0059_generated.wav,3.52,0.517871,0.514278,0.147122,0.146102,1.481818,0.764622,1.087996
H2_512C_quantized_no_output,672-122797-0060.wav,generated_audios/generated_H2_512C_int8/672-122797-0060_generated.wav,3.350023,0.53271,0.52925,0.159017,0.157984,1.723714,0.901855,1.019699
H2_512C_quantized_no_output,672-122797-0061.wav,generated_audios/generated_H2_512C_int8/672-122797-0061_generated.wav,7.590023,1.086142,1.081872,0.143101,0.142539,1.738807,0.885586,0.900593
H2_512C_quantized_no_output,672-122797-0062.wav,generated_audios/generated_H2_512C_int8/672-122797-0062_generated.wav,2.675011,0.395285,0.393143,0.14777,0.146969,1.372581,0.580709,1.376389
H2_512C_quantized_no_output,672-122797-0063.wav,generated_audios/generated_H2_512C_int8/672-122797-0063_generated.wav,5.075011,0.737668,0.734071,0.145353,0.144644,1.519151,0.80067,1.170224
H2_512C_quantized_no_output,672-122797-0064.wav,generated_audios/generated_H2_512C_int8/672-122797-0064_generated.wav,15.270023,2.310335,2.305602,0.151299,0.150989,1.596517,0.757148,0.939503
H2_512C_quantized_no_output,672-122797-0065.wav,generated_audios/generated_H2_512C_int8/672-122797-0065_generated.wav,3.030023,0.443562,0.440345,0.146389,0.145327,1.329908,0.755608,1.15932
H2_512C_quantized_no_output,672-122797-0066.wav,generated_audios/generated_H2_512C_int8/672-122797-0066_generated.wav,4.815011,0.698149,0.694499,0.144994,0.144236,1.580534,0.895635,0.932863
H2_512C_quantized_no_output,672-122797-0067.wav,generated_audios/generated_H2_512C_int8/672-122797-0067_generated.wav,13.035011,1.886636,1.88218,0.144736,0.144394,1.504741,0.842661,0.948672
H2_512C_quantized_no_output,672-122797-0068.wav,generated_audios/generated_H2_512C_int8/672-122797-0068_generated.wav,4.02,0.582789,0.579341,0.144972,0.144115,1.300252,0.715133,1.228718
H2_512C_quantized_no_output,672-122797-0069.wav,generated_audios/generated_H2_512C_int8/672-122797-0069_generated.wav,5.010023,0.729456,0.725752,0.145599,0.14486,1.389401,0.727922,1.133532
H2_512C_quantized_no_output,672-122797-0070.wav,generated_audios/generated_H2_512C_int8/672-122797-0070_generated.wav,6.270023,0.915267,0.911355,0.145975,0.145351,1.49472,0.860204,0.998536
H2_512C_quantized_no_output,672-122797-0071.wav,generated_audios/generated_H2_512C_int8/672-122797-0071_generated.wav,8.875011,1.25637,1.252435,0.141563,0.141119,1.528604,0.896121,0.921064
H2_512C_quantized_no_output,672-122797-0072.wav,generated_audios/generated_H2_512C_int8/672-122797-0072_generated.wav,7.94,1.14817,1.144007,0.144606,0.144081,1.516794,0.756256,1.081014
H2_512C_quantized_no_output,672-122797-0073.wav,generated_audios/generated_H2_512C_int8/672-122797-0073_generated.wav,8.205034,1.155167,1.151318,0.140788,0.140318,1.499705,0.855221,1.019691
H2_512C_quantized_no_output,672-122797-0074.wav,generated_audios/generated_H2_512C_int8/672-122797-0074_generated.wav,8.730023,1.232637,1.228536,0.141195,0.140725,1.494295,0.589648,1.306277
H2_512C_quantized_no_output,908-157963-0000.wav,generated_audios/generated_H2_512C_int8/908-157963-0000_generated.wav,12.62,1.82308,1.818639,0.14446,0.144108,1.396864,0.838219,1.030921
H2_512C_quantized_no_output,908-157963-0001.wav,generated_audios/generated_H2_512C_int8/908-157963-0001_generated.wav,2.885034,0.428458,0.425297,0.14851,0.147415,1.536385,0.92162,1.018236
H2_512C_quantized_no_output,908-157963-0002.wav,generated_audios/generated_H2_512C_int8/908-157963-0002_generated.wav,2.755011,0.404005,0.400716,0.146644,0.14545,1.448276,0.893811,1.000064
H2_512C_quantized_no_output,908-157963-0003.wav,generated_audios/generated_H2_512C_int8/908-157963-0003_generated.wav,3.08,0.450344,0.446767,0.146216,0.145054,1.524872,0.912523,0.865036
H2_512C_quantized_no_output,908-157963-0004.wav,generated_audios/generated_H2_512C_int8/908-157963-0004_generated.wav,13.990023,2.057414,2.052289,0.147063,0.146697,1.414312,0.82157,0.970519
H2_512C_quantized_no_output,908-157963-0005.wav,generated_audios/generated_H2_512C_int8/908-157963-0005_generated.wav,7.035011,1.008543,1.004469,0.143361,0.142781,1.405352,0.845947,1.125097
H2_512C_quantized_no_output,908-157963-0006.wav,generated_audios/generated_H2_512C_int8/908-157963-0006_generated.wav,8.110023,1.148836,1.144638,0.141656,0.141139,1.445849,0.846695,0.956869
H2_512C_quantized_no_output,908-157963-0007.wav,generated_audios/generated_H2_512C_int8/908-157963-0007_generated.wav,32.770023,5.558798,5.551289,0.169631,0.169401,1.362254,0.856305,0.983665
H2_512C_quantized_no_output,908-157963-0008.wav,generated_audios/generated_H2_512C_int8/908-157963-0008_generated.wav,19.950023,3.053231,3.04835,0.153044,0.152799,1.426205,0.84562,0.99419
H2_512C_quantized_no_output,908-157963-0009.wav,generated_audios/generated_H2_512C_int8/908-157963-0009_generated.wav,4.06,0.58747,0.583973,0.144697,0.143836,1.452971,0.882112,0.905756
H2_512C_quantized_no_output,908-157963-0010.wav,generated_audios/generated_H2_512C_int8/908-157963-0010_generated.wav,6.28,0.907749,0.904371,0.144546,0.144008,1.299254,0.679552,1.140037
H2_512C_quantized_no_output,908-157963-0011.wav,generated_audios/generated_H2_512C_int8/908-157963-0011_generated.wav,10.395011,1.489909,1.485693,0.143329,0.142924,1.310737,0.804323,0.982618
H2_512C_quantized_no_output,908-157963-0012.wav,generated_audios/generated_H2_512C_int8/908-157963-0012_generated.wav,10.090023,1.411665,1.407596,0.139907,0.139504,1.305345,0.762144,1.115164
H2_512C_quantized_no_output,908-157963-0013.wav,generated_audios/generated_H2_512C_int8/908-157963-0013_generated.wav,4.315011,0.620863,0.617202,0.143884,0.143036,1.26462,0.876833,1.222245
H2_512C_quantized_no_output,908-157963-0014.wav,generated_audios/generated_H2_512C_int8/908-157963-0014_generated.wav,4.52,0.653814,0.650161,0.144649,0.143841,1.478345,0.884572,1.176646
H2_512C_quantized_no_output,908-157963-0015.wav,generated_audios/generated_H2_512C_int8/908-157963-0015_generated.wav,14.465034,2.141566,2.136837,0.148051,0.147724,1.551149,0.903168,1.014673
H2_512C_quantized_no_output,908-157963-0016.wav,generated_audios/generated_H2_512C_int8/908-157963-0016_generated.wav,5.105034,0.738387,0.734684,0.144639,0.143914,1.465869,0.92379,1.099856
H2_512C_quantized_no_output,908-157963-0017.wav,generated_audios/generated_H2_512C_int8/908-157963-0017_generated.wav,4.950023,0.723925,0.720259,0.146247,0.145506,1.593942,0.903618,0.907777
H2_512C_quantized_no_output,908-157963-0018.wav,generated_audios/generated_H2_512C_int8/908-157963-0018_generated.wav,4.255011,0.626129,0.622777,0.147151,0.146363,1.468791,0.864646,0.937781
H2_512C_quantized_no_output,908-157963-0019.wav,generated_audios/generated_H2_512C_int8/908-157963-0019_generated.wav,21.44,3.325762,3.320079,0.15512,0.154854,1.34969,0.847836,1.173222
H2_512C_quantized_no_output,908-157963-0020.wav,generated_audios/generated_H2_512C_int8/908-157963-0020_generated.wav,9.8,1.409593,1.404877,0.143836,0.143355,1.367316,0.870441,1.154871
H2_512C_quantized_no_output,908-157963-0021.wav,generated_audios/generated_H2_512C_int8/908-157963-0021_generated.wav,10.24,1.444059,1.439577,0.141021,0.140584,1.440106,0.855706,1.071511
H2_512C_quantized_no_output,908-157963-0022.wav,generated_audios/generated_H2_512C_int8/908-157963-0022_generated.wav,4.610023,0.666083,0.66292,0.144486,0.1438,1.246834,0.780134,1.109671
H2_512C_quantized_no_output,908-157963-0023.wav,generated_audios/generated_H2_512C_int8/908-157963-0023_generated.wav,9.625034,1.3632,1.359353,0.141631,0.141231,1.368571,0.751384,1.066683
H2_512C_quantized_no_output,908-157963-0024.wav,generated_audios/generated_H2_512C_int8/908-157963-0024_generated.wav,3.44,0.512961,0.509439,0.149116,0.148093,1.285614,0.851186,1.187091
H2_512C_quantized_no_output,908-157963-0025.wav,generated_audios/generated_H2_512C_int8/908-157963-0025_generated.wav,9.265034,1.319618,1.315496,0.14243,0.141985,1.293276,0.791466,1.197461
H2_512C_quantized_no_output,908-157963-0026.wav,generated_audios/generated_H2_512C_int8/908-157963-0026_generated.wav,8.1,1.146095,1.142417,0.141493,0.141039,1.388278,0.811718,1.074394
H2_512C_quantized_no_output,908-157963-0027.wav,generated_audios/generated_H2_512C_int8/908-157963-0027_generated.wav,5.225034,0.749045,0.745259,0.143357,0.142632,1.285455,0.702808,1.237092
H2_512C_quantized_no_output,908-157963-0028.wav,generated_audios/generated_H2_512C_int8/908-157963-0028_generated.wav,4.955011,0.721074,0.717546,0.145524,0.144812,1.480606,0.901912,0.936631
H2_512C_quantized_no_output,908-157963-0029.wav,generated_audios/generated_H2_512C_int8/908-157963-0029_generated.wav,3.630023,0.546031,0.542505,0.150421,0.149449,1.509989,0.941716,0.983891
H2_512C_quantized_no_output,908-157963-0030.wav,generated_audios/generated_H2_512C_int8/908-157963-0030_generated.wav,4.52,0.65964,0.656141,0.145938,0.145164,1.38012,0.882107,1.095402
H2_512C_quantized_no_output,908-31957-0000.wav,generated_audios/generated_H2_512C_int8/908-31957-0000_generated.wav,2.125034,0.318272,0.315091,0.149772,0.148276,1.647898,0.91293,1.231592
H2_512C_quantized_no_output,908-31957-0001.wav,generated_audios/generated_H2_512C_int8/908-31957-0001_generated.wav,11.315011,1.646168,1.641908,0.145485,0.145109,1.29132,0.867433,1.181581
H2_512C_quantized_no_output,908-31957-0002.wav,generated_audios/generated_H2_512C_int8/908-31957-0002_generated.wav,4.790023,0.691722,0.688011,0.144409,0.143634,1.326217,0.886174,1.284652
H2_512C_quantized_no_output,908-31957-0003.wav,generated_audios/generated_H2_512C_int8/908-31957-0003_generated.wav,6.565034,0.938169,0.93421,0.142904,0.142301,1.391451,0.859685,0.976042
H2_512C_quantized_no_output,908-31957-0004.wav,generated_audios/generated_H2_512C_int8/908-31957-0004_generated.wav,14.755011,2.17989,2.175688,0.147739,0.147454,1.387883,0.877038,1.096121
H2_512C_quantized_no_output,908-31957-0005.wav,generated_audios/generated_H2_512C_int8/908-31957-0005_generated.wav,4.490023,0.648545,0.644853,0.144441,0.143619,1.374575,0.871004,1.356309
H2_512C_quantized_no_output,908-31957-0006.wav,generated_audios/generated_H2_512C_int8/908-31957-0006_generated.wav,5.890023,0.835814,0.832052,0.141903,0.141265,1.437833,0.884174,1.306079
H2_512C_quantized_no_output,908-31957-0007.wav,generated_audios/generated_H2_512C_int8/908-31957-0007_generated.wav,5.8,0.82555,0.822176,0.142336,0.141754,1.448929,0.883603,1.123359
H2_512C_quantized_no_output,908-31957-0008.wav,generated_audios/generated_H2_512C_int8/908-31957-0008_generated.wav,10.005034,1.408163,1.404128,0.140745,0.140342,1.396809,0.86284,1.155041
H2_512C_quantized_no_output,908-31957-0009.wav,generated_audios/generated_H2_512C_int8/908-31957-0009_generated.wav,7.705034,1.092223,1.088002,0.141754,0.141207,2.485329,0.952366,0.369865
H2_512C_quantized_no_output,908-31957-0010.wav,generated_audios/generated_H2_512C_int8/908-31957-0010_generated.wav,2.510023,0.376274,0.373204,0.149909,0.148686,2.218844,0.894394,0.522265
H2_512C_quantized_no_output,908-31957-0011.wav,generated_audios/generated_H2_512C_int8/908-31957-0011_generated.wav,2.335011,0.3441,0.340867,0.147366,0.145981,2.514321,0.933988,0.356444
H2_512C_quantized_no_output,908-31957-0012.wav,generated_audios/generated_H2_512C_int8/908-31957-0012_generated.wav,7.615011,1.077271,1.073579,0.141467,0.140982,2.501233,0.947339,0.384901
H2_512C_quantized_no_output,908-31957-0013.wav,generated_audios/generated_H2_512C_int8/908-31957-0013_generated.wav,6.18,0.897035,0.893346,0.145151,0.144554,2.745268,0.950087,0.389451
H2_512C_quantized_no_output,908-31957-0014.wav,generated_audios/generated_H2_512C_int8/908-31957-0014_generated.wav,7.56,1.075834,1.072047,0.142306,0.141805,2.188548,0.946011,0.428937
H2_512C_quantized_no_output,908-31957-0015.wav,generated_audios/generated_H2_512C_int8/908-31957-0015_generated.wav,21.465034,3.405766,3.400226,0.158666,0.158408,2.327872,0.946209,0.435411
H2_512C_quantized_no_output,908-31957-0016.wav,generated_audios/generated_H2_512C_int8/908-31957-0016_generated.wav,6.48,0.931073,0.927174,0.143684,0.143082,2.472157,0.953545,0.42516
H2_512C_quantized_no_output,908-31957-0017.wav,generated_audios/generated_H2_512C_int8/908-31957-0017_generated.wav,7.795011,1.124251,1.120096,0.144227,0.143694,2.264236,0.955654,0.427834
H2_512C_quantized_no_output,908-31957-0018.wav,generated_audios/generated_H2_512C_int8/908-31957-0018_generated.wav,3.915011,0.577174,0.573453,0.147426,0.146475,2.479436,0.939988,0.42374
H2_512C_quantized_no_output,908-31957-0019.wav,generated_audios/generated_H2_512C_int8/908-31957-0019_generated.wav,9.54,1.352643,1.348206,0.141786,0.141321,2.548531,0.958115,0.371783
H2_512C_quantized_no_output,908-31957-0020.wav,generated_audios/generated_H2_512C_int8/908-31957-0020_generated.wav,5.895011,0.842353,0.838625,0.142893,0.14226,2.298701,0.940981,0.394874
H2_512C_quantized_no_output,908-31957-0021.wav,generated_audios/generated_H2_512C_int8/908-31957-0021_generated.wav,10.905034,1.582072,1.577582,0.145077,0.144665,2.433274,0.954008,0.387166
H2_512C_quantized_no_output,908-31957-0022.wav,generated_audios/generated_H2_512C_int8/908-31957-0022_generated.wav,14.1,2.106337,2.101763,0.149386,0.149061,2.43182,0.951715,0.376398
H2_512C_quantized_no_output,908-31957-0023.wav,generated_audios/generated_H2_512C_int8/908-31957-0023_generated.wav,8.515011,1.201883,1.197639,0.141149,0.14065,2.429371,0.955502,0.439697
H2_512C_quantized_no_output,908-31957-0024.wav,generated_audios/generated_H2_512C_int8/908-31957-0024_generated.wav,7.54,1.079302,1.075413,0.143143,0.142628,2.539365,0.963059,0.418401
H2_512C_quantized_no_output,908-31957-0025.wav,generated_audios/generated_H2_512C_int8/908-31957-0025_generated.wav,20.56,3.25009,3.244177,0.158078,0.157791,2.359658,0.954257,0.479632
