experiment_name,audio_file,generated_file,audio_duration,inference_time,generator_time,avg_rtf,avg_generator_rtf,pesq,stoi,mel_l1
H2_128C_quantized_resblocks_range_3_8,1089-134686-0000.wav,generated_audios/generated_H2_128C_int8/1089-134686-0000_generated.wav,10.435011,0.272234,0.268693,0.026089,0.025749,1.982869,0.926974,0.599652
H2_128C_quantized_resblocks_range_3_8,1089-134686-0001.wav,generated_audios/generated_H2_128C_int8/1089-134686-0001_generated.wav,3.275011,0.103218,0.099751,0.031517,0.030458,1.795343,0.919551,0.664961
H2_128C_quantized_resblocks_range_3_8,1089-134686-0002.wav,generated_audios/generated_H2_128C_int8/1089-134686-0002_generated.wav,6.625034,0.193996,0.190424,0.029282,0.028743,1.936082,0.917557,0.626517
H2_128C_quantized_resblocks_range_3_8,1089-134686-0003.wav,generated_audios/generated_H2_128C_int8/1089-134686-0003_generated.wav,2.68,0.079283,0.076013,0.029583,0.028363,2.294775,0.932689,0.700394
H2_128C_quantized_resblocks_range_3_8,1089-134686-0004.wav,generated_audios/generated_H2_128C_int8/1089-134686-0004_generated.wav,5.215102,0.135606,0.13211,0.026002,0.025332,2.158849,0.948492,0.623243
H2_128C_quantized_resblocks_range_3_8,1089-134686-0005.wav,generated_audios/generated_H2_128C_int8/1089-134686-0005_generated.wav,9.635011,0.242301,0.238278,0.025148,0.02473,1.888596,0.894287,0.662067
H2_128C_quantized_resblocks_range_3_8,1089-134686-0006.wav,generated_audios/generated_H2_128C_int8/1089-134686-0006_generated.wav,10.555011,0.288183,0.283705,0.027303,0.026879,2.051975,0.916183,0.635296
H2_128C_quantized_resblocks_range_3_8,1089-134686-0007.wav,generated_audios/generated_H2_128C_int8/1089-134686-0007_generated.wav,4.275011,0.116619,0.113158,0.027279,0.02647,1.842804,0.916286,0.686732
H2_128C_quantized_resblocks_range_3_8,1089-134686-0008.wav,generated_audios/generated_H2_128C_int8/1089-134686-0008_generated.wav,6.730023,0.19492,0.191229,0.028963,0.028414,1.98452,0.917381,0.633919
H2_128C_quantized_resblocks_range_3_8,1089-134686-0009.wav,generated_audios/generated_H2_128C_int8/1089-134686-0009_generated.wav,10.575011,0.269457,0.26534,0.025481,0.025091,2.134322,0.939717,0.647582
H2_128C_quantized_resblocks_range_3_8,1089-134686-0010.wav,generated_audios/generated_H2_128C_int8/1089-134686-0010_generated.wav,4.405034,0.117139,0.114001,0.026592,0.02588,2.46469,0.941183,0.554855
H2_128C_quantized_resblocks_range_3_8,1089-134686-0011.wav,generated_audios/generated_H2_128C_int8/1089-134686-0011_generated.wav,12.445034,0.335163,0.330528,0.026931,0.026559,2.06398,0.920133,0.599383
H2_128C_quantized_resblocks_range_3_8,1089-134686-0012.wav,generated_audios/generated_H2_128C_int8/1089-134686-0012_generated.wav,11.64,0.348717,0.34413,0.029959,0.029564,2.039442,0.919481,0.62838
H2_128C_quantized_resblocks_range_3_8,1089-134686-0013.wav,generated_audios/generated_H2_128C_int8/1089-134686-0013_generated.wav,7.915011,0.213583,0.209726,0.026985,0.026497,1.878605,0.917914,0.628054
H2_128C_quantized_resblocks_range_3_8,1089-134686-0014.wav,generated_audios/generated_H2_128C_int8/1089-134686-0014_generated.wav,2.225034,0.068954,0.065896,0.03099,0.029616,2.040824,0.932564,0.606201
H2_128C_quantized_resblocks_range_3_8,1089-134686-0015.wav,generated_audios/generated_H2_128C_int8/1089-134686-0015_generated.wav,5.815011,0.149964,0.146477,0.025789,0.02519,2.09483,0.911079,0.664979
H2_128C_quantized_resblocks_range_3_8,1089-134686-0016.wav,generated_audios/generated_H2_128C_int8/1089-134686-0016_generated.wav,3.54,0.098773,0.095302,0.027902,0.026921,2.017872,0.925612,0.618433
H2_128C_quantized_resblocks_range_3_8,1089-134686-0017.wav,generated_audios/generated_H2_128C_int8/1089-134686-0017_generated.wav,8.870023,0.232794,0.228771,0.026245,0.025792,1.952384,0.924952,0.597842
H2_128C_quantized_resblocks_range_3_8,1089-134686-0018.wav,generated_audios/generated_H2_128C_int8/1089-134686-0018_generated.wav,15.72,0.4188,0.414364,0.026641,0.026359,2.02519,0.920219,0.618115
H2_128C_quantized_resblocks_range_3_8,1089-134686-0019.wav,generated_audios/generated_H2_128C_int8/1089-134686-0019_generated.wav,13.895011,0.366063,0.361795,0.026345,0.026038,1.978552,0.924914,0.604591
H2_128C_quantized_resblocks_range_3_8,1089-134686-0020.wav,generated_audios/generated_H2_128C_int8/1089-134686-0020_generated.wav,16.790023,0.491274,0.486278,0.02926,0.028962,1.944543,0.919931,0.622147
H2_128C_quantized_resblocks_range_3_8,1089-134686-0021.wav,generated_audios/generated_H2_128C_int8/1089-134686-0021_generated.wav,6.550023,0.181426,0.177674,0.027698,0.027126,1.98073,0.931593,0.631641
H2_128C_quantized_resblocks_range_3_8,1089-134686-0022.wav,generated_audios/generated_H2_128C_int8/1089-134686-0022_generated.wav,11.175011,0.291059,0.287102,0.026046,0.025691,2.032027,0.925819,0.598848
H2_128C_quantized_resblocks_range_3_8,1089-134686-0023.wav,generated_audios/generated_H2_128C_int8/1089-134686-0023_generated.wav,13.275011,0.364167,0.359708,0.027433,0.027097,2.066433,0.920057,0.624596
H2_128C_quantized_resblocks_range_3_8,1089-134686-0024.wav,generated_audios/generated_H2_128C_int8/1089-134686-0024_generated.wav,11.655011,0.30037,0.296219,0.025772,0.025416,1.924499,0.919241,0.590276
H2_128C_quantized_resblocks_range_3_8,1089-134686-0025.wav,generated_audios/generated_H2_128C_int8/1089-134686-0025_generated.wav,6.610023,0.173953,0.170111,0.026317,0.025735,1.859688,0.926102,0.63435
H2_128C_quantized_resblocks_range_3_8,1089-134686-0026.wav,generated_audios/generated_H2_128C_int8/1089-134686-0026_generated.wav,4.010023,0.123678,0.120328,0.030842,0.030007,2.262345,0.928474,0.613613
H2_128C_quantized_resblocks_range_3_8,1089-134686-0027.wav,generated_audios/generated_H2_128C_int8/1089-134686-0027_generated.wav,2.710023,0.078385,0.075236,0.028924,0.027762,2.213732,0.941333,0.572148
H2_128C_quantized_resblocks_range_3_8,1089-134686-0028.wav,generated_audios/generated_H2_128C_int8/1089-134686-0028_generated.wav,7.830023,0.206877,0.202689,0.026421,0.025886,2.091904,0.928078,0.59381
H2_128C_quantized_resblocks_range_3_8,1089-134686-0029.wav,generated_audios/generated_H2_128C_int8/1089-134686-0029_generated.wav,4.670023,0.143557,0.140289,0.03074,0.03004,2.125285,0.920996,0.622075
H2_128C_quantized_resblocks_range_3_8,1089-134686-0030.wav,generated_audios/generated_H2_128C_int8/1089-134686-0030_generated.wav,2.715011,0.066967,0.063683,0.024665,0.023456,1.717605,0.912982,0.575293
H2_128C_quantized_resblocks_range_3_8,1089-134686-0031.wav,generated_audios/generated_H2_128C_int8/1089-134686-0031_generated.wav,6.615011,0.14618,0.142664,0.022098,0.021567,2.022099,0.911192,0.635844
H2_128C_quantized_resblocks_range_3_8,121-121726-0000.wav,generated_audios/generated_H2_128C_int8/121-121726-0000_generated.wav,8.46,0.222527,0.218599,0.026303,0.025839,1.817608,0.927002,0.825906
H2_128C_quantized_resblocks_range_3_8,121-121726-0001.wav,generated_audios/generated_H2_128C_int8/121-121726-0001_generated.wav,5.925034,0.177759,0.174145,0.030001,0.029391,1.926434,0.919827,1.165277
H2_128C_quantized_resblocks_range_3_8,121-121726-0002.wav,generated_audios/generated_H2_128C_int8/121-121726-0002_generated.wav,4.410023,0.102343,0.098819,0.023207,0.022408,2.005901,0.910308,1.096588
H2_128C_quantized_resblocks_range_3_8,121-121726-0003.wav,generated_audios/generated_H2_128C_int8/121-121726-0003_generated.wav,6.755011,0.177303,0.173576,0.026248,0.025696,2.06755,0.937428,1.032042
H2_128C_quantized_resblocks_range_3_8,121-121726-0004.wav,generated_audios/generated_H2_128C_int8/121-121726-0004_generated.wav,4.02,0.112111,0.108726,0.027888,0.027046,2.018208,0.94141,1.241953
H2_128C_quantized_resblocks_range_3_8,121-121726-0005.wav,generated_audios/generated_H2_128C_int8/121-121726-0005_generated.wav,3.1,0.088108,0.084907,0.028422,0.027389,2.387457,0.961361,1.58643
H2_128C_quantized_resblocks_range_3_8,121-121726-0006.wav,generated_audios/generated_H2_128C_int8/121-121726-0006_generated.wav,3.895011,0.108334,0.104913,0.027813,0.026935,2.100479,0.925876,1.155106
H2_128C_quantized_resblocks_range_3_8,121-121726-0007.wav,generated_audios/generated_H2_128C_int8/121-121726-0007_generated.wav,6.730023,0.194143,0.190536,0.028847,0.028311,2.01314,0.94361,1.095398
H2_128C_quantized_resblocks_range_3_8,121-121726-0008.wav,generated_audios/generated_H2_128C_int8/121-121726-0008_generated.wav,4.990023,0.152015,0.148384,0.030464,0.029736,2.118742,0.952776,1.335995
H2_128C_quantized_resblocks_range_3_8,121-121726-0009.wav,generated_audios/generated_H2_128C_int8/121-121726-0009_generated.wav,7.26,0.191441,0.187748,0.026369,0.025861,1.849975,0.930328,1.024681
H2_128C_quantized_resblocks_range_3_8,121-121726-0010.wav,generated_audios/generated_H2_128C_int8/121-121726-0010_generated.wav,9.810023,0.253896,0.249974,0.025881,0.025481,1.91898,0.923904,1.015963
H2_128C_quantized_resblocks_range_3_8,121-121726-0011.wav,generated_audios/generated_H2_128C_int8/121-121726-0011_generated.wav,4.035011,0.109882,0.106281,0.027232,0.02634,2.185538,0.948303,1.202258
H2_128C_quantized_resblocks_range_3_8,121-121726-0012.wav,generated_audios/generated_H2_128C_int8/121-121726-0012_generated.wav,4.045034,0.11756,0.114136,0.029063,0.028216,2.135575,0.939707,0.967915
H2_128C_quantized_resblocks_range_3_8,121-121726-0013.wav,generated_audios/generated_H2_128C_int8/121-121726-0013_generated.wav,2.490023,0.071504,0.068308,0.028716,0.027433,1.932982,0.934957,1.146795
H2_128C_quantized_resblocks_range_3_8,121-121726-0014.wav,generated_audios/generated_H2_128C_int8/121-121726-0014_generated.wav,3.165034,0.089609,0.086569,0.028312,0.027352,2.321524,0.949915,1.252806
H2_128C_quantized_resblocks_range_3_8,121-123852-0000.wav,generated_audios/generated_H2_128C_int8/121-123852-0000_generated.wav,17.695011,0.51004,0.505285,0.028824,0.028555,1.857432,0.924408,1.035824
H2_128C_quantized_resblocks_range_3_8,121-123852-0001.wav,generated_audios/generated_H2_128C_int8/121-123852-0001_generated.wav,1.870023,0.060234,0.057078,0.03221,0.030523,1.553458,0.777841,1.592794
H2_128C_quantized_resblocks_range_3_8,121-123852-0002.wav,generated_audios/generated_H2_128C_int8/121-123852-0002_generated.wav,17.285034,0.490177,0.48542,0.028358,0.028083,1.813968,0.906066,0.871144
H2_128C_quantized_resblocks_range_3_8,121-123852-0003.wav,generated_audios/generated_H2_128C_int8/121-123852-0003_generated.wav,23.505034,6.955687,6.950047,0.295923,0.295683,1.707551,0.901392,0.903271
H2_128C_quantized_resblocks_range_3_8,121-123852-0004.wav,generated_audios/generated_H2_128C_int8/121-123852-0004_generated.wav,16.290023,4.543059,4.539081,0.278886,0.278642,1.955801,0.924413,0.858802
H2_128C_quantized_resblocks_range_3_8,121-123859-0000.wav,generated_audios/generated_H2_128C_int8/121-123859-0000_generated.wav,17.390023,4.654961,4.649302,0.26768,0.267355,1.480108,0.889656,0.944968
H2_128C_quantized_resblocks_range_3_8,121-123859-0001.wav,generated_audios/generated_H2_128C_int8/121-123859-0001_generated.wav,25.395011,6.937414,6.93103,0.27318,0.272929,1.856578,0.916861,0.88878
H2_128C_quantized_resblocks_range_3_8,121-123859-0002.wav,generated_audios/generated_H2_128C_int8/121-123859-0002_generated.wav,30.04,8.569196,8.561458,0.28526,0.285002,1.795152,0.909651,0.865065
H2_128C_quantized_resblocks_range_3_8,121-123859-0003.wav,generated_audios/generated_H2_128C_int8/121-123859-0003_generated.wav,10.825034,2.818447,2.814469,0.260364,0.259996,1.841326,0.926453,1.125888
H2_128C_quantized_resblocks_range_3_8,121-123859-0004.wav,generated_audios/generated_H2_128C_int8/121-123859-0004_generated.wav,9.505034,2.460851,2.456717,0.2589,0.258465,1.576991,0.908841,0.956424
H2_128C_quantized_resblocks_range_3_8,121-127105-0000.wav,generated_audios/generated_H2_128C_int8/121-127105-0000_generated.wav,9.875011,2.57731,2.573276,0.260993,0.260585,1.815017,0.913396,0.803919
H2_128C_quantized_resblocks_range_3_8,121-127105-0001.wav,generated_audios/generated_H2_128C_int8/121-127105-0001_generated.wav,5.025034,1.226508,1.223042,0.24408,0.24339,1.801489,0.913991,0.659459
H2_128C_quantized_resblocks_range_3_8,121-127105-0002.wav,generated_audios/generated_H2_128C_int8/121-127105-0002_generated.wav,7.495011,1.805735,1.801881,0.240925,0.240411,1.74752,0.916838,0.742077
H2_128C_quantized_resblocks_range_3_8,121-127105-0003.wav,generated_audios/generated_H2_128C_int8/121-127105-0003_generated.wav,7.725034,1.958896,1.954735,0.253578,0.253039,1.844671,0.921374,0.824606
H2_128C_quantized_resblocks_range_3_8,121-127105-0004.wav,generated_audios/generated_H2_128C_int8/121-127105-0004_generated.wav,2.110023,0.531341,0.528283,0.251818,0.250368,1.367642,0.930252,1.253608
H2_128C_quantized_resblocks_range_3_8,121-127105-0005.wav,generated_audios/generated_H2_128C_int8/121-127105-0005_generated.wav,5.82,1.413601,1.409156,0.242887,0.242123,1.844419,0.925095,0.805342
H2_128C_quantized_resblocks_range_3_8,121-127105-0006.wav,generated_audios/generated_H2_128C_int8/121-127105-0006_generated.wav,4.725034,1.211376,1.207812,0.256374,0.25562,1.477033,0.919782,0.858993
H2_128C_quantized_resblocks_range_3_8,121-127105-0007.wav,generated_audios/generated_H2_128C_int8/121-127105-0007_generated.wav,5.790023,1.419105,1.415576,0.245095,0.244485,1.693301,0.921531,0.784247
H2_128C_quantized_resblocks_range_3_8,121-127105-0008.wav,generated_audios/generated_H2_128C_int8/121-127105-0008_generated.wav,2.76,0.691576,0.688468,0.250571,0.249445,1.739161,0.915039,0.885853
H2_128C_quantized_resblocks_range_3_8,121-127105-0009.wav,generated_audios/generated_H2_128C_int8/121-127105-0009_generated.wav,2.290023,0.585128,0.581715,0.255512,0.254021,1.572127,0.91519,0.736647
H2_128C_quantized_resblocks_range_3_8,121-127105-0010.wav,generated_audios/generated_H2_128C_int8/121-127105-0010_generated.wav,2.850023,0.716523,0.713338,0.25141,0.250292,1.908866,0.914602,0.717297
H2_128C_quantized_resblocks_range_3_8,121-127105-0011.wav,generated_audios/generated_H2_128C_int8/121-127105-0011_generated.wav,5.78,1.484796,1.481317,0.256885,0.256283,1.733131,0.894423,0.674025
H2_128C_quantized_resblocks_range_3_8,121-127105-0012.wav,generated_audios/generated_H2_128C_int8/121-127105-0012_generated.wav,4.830023,1.250065,1.246613,0.258811,0.258097,1.330478,0.905938,0.627167
H2_128C_quantized_resblocks_range_3_8,121-127105-0013.wav,generated_audios/generated_H2_128C_int8/121-127105-0013_generated.wav,5.895011,1.431515,1.427805,0.242835,0.242206,1.740642,0.911605,0.803579
H2_128C_quantized_resblocks_range_3_8,121-127105-0014.wav,generated_audios/generated_H2_128C_int8/121-127105-0014_generated.wav,2.255011,0.618513,0.546539,0.274284,0.242366,1.767966,0.859117,1.06608
H2_128C_quantized_resblocks_range_3_8,121-127105-0015.wav,generated_audios/generated_H2_128C_int8/121-127105-0015_generated.wav,2.96,0.752841,0.749348,0.254338,0.253158,1.717284,0.909671,0.735349
H2_128C_quantized_resblocks_range_3_8,121-127105-0016.wav,generated_audios/generated_H2_128C_int8/121-127105-0016_generated.wav,2.030023,0.492069,0.488997,0.242396,0.240883,1.917636,0.918167,0.690071
H2_128C_quantized_resblocks_range_3_8,121-127105-0017.wav,generated_audios/generated_H2_128C_int8/121-127105-0017_generated.wav,2.695011,0.680953,0.677755,0.252672,0.251485,1.739635,0.897738,0.635437
H2_128C_quantized_resblocks_range_3_8,121-127105-0018.wav,generated_audios/generated_H2_128C_int8/121-127105-0018_generated.wav,2.770023,0.710415,0.707185,0.256465,0.255299,1.779989,0.911562,0.727732
H2_128C_quantized_resblocks_range_3_8,121-127105-0019.wav,generated_audios/generated_H2_128C_int8/121-127105-0019_generated.wav,3.525034,0.867909,0.864591,0.246213,0.245272,1.43087,0.920469,0.824293
H2_128C_quantized_resblocks_range_3_8,121-127105-0020.wav,generated_audios/generated_H2_128C_int8/121-127105-0020_generated.wav,14.355011,3.907497,3.903383,0.272204,0.271918,1.777434,0.913839,0.68821
H2_128C_quantized_resblocks_range_3_8,121-127105-0021.wav,generated_audios/generated_H2_128C_int8/121-127105-0021_generated.wav,2.0,0.488006,0.484832,0.244003,0.242416,1.680224,0.923152,0.789402
H2_128C_quantized_resblocks_range_3_8,121-127105-0022.wav,generated_audios/generated_H2_128C_int8/121-127105-0022_generated.wav,5.075011,1.282182,1.278953,0.252646,0.25201,1.833619,0.91667,0.980179
H2_128C_quantized_resblocks_range_3_8,121-127105-0023.wav,generated_audios/generated_H2_128C_int8/121-127105-0023_generated.wav,10.910023,2.685352,2.681147,0.246136,0.245751,1.89585,0.920955,0.677923
H2_128C_quantized_resblocks_range_3_8,121-127105-0024.wav,generated_audios/generated_H2_128C_int8/121-127105-0024_generated.wav,14.450023,4.079422,4.074555,0.282312,0.281976,1.792333,0.918152,0.699972
H2_128C_quantized_resblocks_range_3_8,121-127105-0025.wav,generated_audios/generated_H2_128C_int8/121-127105-0025_generated.wav,16.065034,4.301706,4.296956,0.267768,0.267473,1.807257,0.918015,0.712879
H2_128C_quantized_resblocks_range_3_8,121-127105-0026.wav,generated_audios/generated_H2_128C_int8/121-127105-0026_generated.wav,7.530023,1.844197,1.840345,0.244913,0.244401,1.80893,0.924361,0.671138
H2_128C_quantized_resblocks_range_3_8,121-127105-0027.wav,generated_audios/generated_H2_128C_int8/121-127105-0027_generated.wav,13.870023,3.804778,3.799707,0.274317,0.273951,1.907628,0.922916,0.768552
H2_128C_quantized_resblocks_range_3_8,121-127105-0028.wav,generated_audios/generated_H2_128C_int8/121-127105-0028_generated.wav,6.750023,0.17249,0.168717,0.025554,0.024995,1.910452,0.923781,0.828016
H2_128C_quantized_resblocks_range_3_8,121-127105-0029.wav,generated_audios/generated_H2_128C_int8/121-127105-0029_generated.wav,7.310023,1.85855,1.855005,0.254247,0.253762,1.835585,0.920158,0.823316
H2_128C_quantized_resblocks_range_3_8,121-127105-0030.wav,generated_audios/generated_H2_128C_int8/121-127105-0030_generated.wav,2.175011,0.5431,0.539945,0.2497,0.248249,1.718181,0.917024,0.820291
H2_128C_quantized_resblocks_range_3_8,121-127105-0031.wav,generated_audios/generated_H2_128C_int8/121-127105-0031_generated.wav,10.765034,2.615026,2.610922,0.242918,0.242537,1.786322,0.877501,0.958424
H2_128C_quantized_resblocks_range_3_8,121-127105-0032.wav,generated_audios/generated_H2_128C_int8/121-127105-0032_generated.wav,3.170023,0.762113,0.758799,0.240413,0.239367,1.614102,0.927396,0.80662
H2_128C_quantized_resblocks_range_3_8,121-127105-0033.wav,generated_audios/generated_H2_128C_int8/121-127105-0033_generated.wav,2.355011,0.593049,0.58983,0.251824,0.250457,1.892287,0.929325,0.999335
H2_128C_quantized_resblocks_range_3_8,121-127105-0034.wav,generated_audios/generated_H2_128C_int8/121-127105-0034_generated.wav,7.410023,1.934814,1.931322,0.261108,0.260636,1.875102,0.921098,1.003354
H2_128C_quantized_resblocks_range_3_8,121-127105-0035.wav,generated_audios/generated_H2_128C_int8/121-127105-0035_generated.wav,14.150023,3.813965,3.809258,0.269538,0.269205,1.826067,0.91134,1.117534
H2_128C_quantized_resblocks_range_3_8,121-127105-0036.wav,generated_audios/generated_H2_128C_int8/121-127105-0036_generated.wav,4.150023,1.002664,0.999168,0.241605,0.240762,1.65448,0.882916,1.099545
H2_128C_quantized_resblocks_range_3_8,237-126133-0000.wav,generated_audios/generated_H2_128C_int8/237-126133-0000_generated.wav,13.290023,3.794888,3.790388,0.285544,0.285206,1.912617,0.934976,0.630308
H2_128C_quantized_resblocks_range_3_8,237-126133-0001.wav,generated_audios/generated_H2_128C_int8/237-126133-0001_generated.wav,11.965034,3.435195,3.43092,0.287103,0.286746,1.844822,0.922006,0.633327
H2_128C_quantized_resblocks_range_3_8,237-126133-0002.wav,generated_audios/generated_H2_128C_int8/237-126133-0002_generated.wav,8.92,2.21204,2.207776,0.247986,0.247509,1.735605,0.924272,0.690766
H2_128C_quantized_resblocks_range_3_8,237-126133-0003.wav,generated_audios/generated_H2_128C_int8/237-126133-0003_generated.wav,6.56,1.682093,1.678455,0.256417,0.255862,1.835148,0.906335,0.666905
H2_128C_quantized_resblocks_range_3_8,237-126133-0004.wav,generated_audios/generated_H2_128C_int8/237-126133-0004_generated.wav,3.295011,0.856854,0.853778,0.260046,0.259112,1.645021,0.910861,0.674142
H2_128C_quantized_resblocks_range_3_8,237-126133-0005.wav,generated_audios/generated_H2_128C_int8/237-126133-0005_generated.wav,6.510023,1.679898,1.676462,0.258048,0.25752,1.846042,0.917148,0.646984
H2_128C_quantized_resblocks_range_3_8,237-126133-0006.wav,generated_audios/generated_H2_128C_int8/237-126133-0006_generated.wav,6.150023,1.575688,1.572088,0.256208,0.255623,1.967561,0.933408,0.674405
H2_128C_quantized_resblocks_range_3_8,237-126133-0007.wav,generated_audios/generated_H2_128C_int8/237-126133-0007_generated.wav,8.68,2.132482,2.128663,0.245678,0.245238,1.70286,0.918079,0.686225
H2_128C_quantized_resblocks_range_3_8,237-126133-0008.wav,generated_audios/generated_H2_128C_int8/237-126133-0008_generated.wav,3.865034,0.994402,0.991434,0.257282,0.256514,1.93688,0.924308,0.655623
H2_128C_quantized_resblocks_range_3_8,237-126133-0009.wav,generated_audios/generated_H2_128C_int8/237-126133-0009_generated.wav,3.970023,1.007104,1.00366,0.253677,0.25281,1.788884,0.93277,0.68197
H2_128C_quantized_resblocks_range_3_8,237-126133-0010.wav,generated_audios/generated_H2_128C_int8/237-126133-0010_generated.wav,6.24,1.523964,1.520741,0.244225,0.243708,1.382962,0.873897,0.70495
H2_128C_quantized_resblocks_range_3_8,237-126133-0011.wav,generated_audios/generated_H2_128C_int8/237-126133-0011_generated.wav,6.710023,1.759353,1.755998,0.262198,0.261698,1.976962,0.93572,0.638321
H2_128C_quantized_resblocks_range_3_8,237-126133-0012.wav,generated_audios/generated_H2_128C_int8/237-126133-0012_generated.wav,4.450023,1.162105,1.158874,0.261146,0.26042,1.87299,0.92252,0.652739
H2_128C_quantized_resblocks_range_3_8,237-126133-0013.wav,generated_audios/generated_H2_128C_int8/237-126133-0013_generated.wav,6.815011,1.757032,1.753813,0.257818,0.257346,1.403844,0.870701,0.727573
H2_128C_quantized_resblocks_range_3_8,237-126133-0014.wav,generated_audios/generated_H2_128C_int8/237-126133-0014_generated.wav,6.790023,1.765091,1.76125,0.259954,0.259388,1.894389,0.922781,0.633059
H2_128C_quantized_resblocks_range_3_8,237-126133-0015.wav,generated_audios/generated_H2_128C_int8/237-126133-0015_generated.wav,9.34,2.300585,2.297164,0.246315,0.245949,1.886722,0.921858,0.658136
H2_128C_quantized_resblocks_range_3_8,237-126133-0016.wav,generated_audios/generated_H2_128C_int8/237-126133-0016_generated.wav,4.250023,1.051902,1.048722,0.247505,0.246757,1.848954,0.91229,0.688398
H2_128C_quantized_resblocks_range_3_8,237-126133-0017.wav,generated_audios/generated_H2_128C_int8/237-126133-0017_generated.wav,6.210023,1.539503,1.535997,0.247906,0.247342,2.217699,0.945335,0.628407
H2_128C_quantized_resblocks_range_3_8,237-126133-0018.wav,generated_audios/generated_H2_128C_int8/237-126133-0018_generated.wav,4.095011,1.064913,1.061743,0.260051,0.259277,1.816966,0.920586,0.662075
H2_128C_quantized_resblocks_range_3_8,237-126133-0019.wav,generated_audios/generated_H2_128C_int8/237-126133-0019_generated.wav,7.12,1.883254,1.879766,0.264502,0.264012,1.916278,0.928382,0.659848
H2_128C_quantized_resblocks_range_3_8,237-126133-0020.wav,generated_audios/generated_H2_128C_int8/237-126133-0020_generated.wav,2.24,0.544822,0.542249,0.243224,0.242075,1.611867,0.927319,0.670961
H2_128C_quantized_resblocks_range_3_8,237-126133-0021.wav,generated_audios/generated_H2_128C_int8/237-126133-0021_generated.wav,4.365034,1.062027,1.059019,0.243303,0.242614,1.883987,0.918745,0.666802
H2_128C_quantized_resblocks_range_3_8,237-126133-0022.wav,generated_audios/generated_H2_128C_int8/237-126133-0022_generated.wav,5.04,1.302539,1.299404,0.25844,0.257818,2.079422,0.936902,0.632547
H2_128C_quantized_resblocks_range_3_8,237-126133-0023.wav,generated_audios/generated_H2_128C_int8/237-126133-0023_generated.wav,6.675011,1.731702,1.727856,0.259431,0.258854,1.868936,0.928213,0.625743
H2_128C_quantized_resblocks_range_3_8,237-126133-0024.wav,generated_audios/generated_H2_128C_int8/237-126133-0024_generated.wav,9.665034,2.542984,2.539406,0.263112,0.262742,2.00879,0.932614,0.603585
H2_128C_quantized_resblocks_range_3_8,237-126133-0025.wav,generated_audios/generated_H2_128C_int8/237-126133-0025_generated.wav,3.755011,0.957732,0.954108,0.255054,0.254089,2.00527,0.930095,0.622186
H2_128C_quantized_resblocks_range_3_8,237-134493-0000.wav,generated_audios/generated_H2_128C_int8/237-134493-0000_generated.wav,4.105034,1.089833,1.086522,0.265487,0.26468,2.168546,0.939637,0.563048
H2_128C_quantized_resblocks_range_3_8,237-134493-0001.wav,generated_audios/generated_H2_128C_int8/237-134493-0001_generated.wav,7.38,1.899331,1.895422,0.257362,0.256832,2.23989,0.94313,0.525175
H2_128C_quantized_resblocks_range_3_8,237-134493-0002.wav,generated_audios/generated_H2_128C_int8/237-134493-0002_generated.wav,11.395011,3.110286,3.106309,0.272952,0.272602,2.281243,0.93936,0.557709
H2_128C_quantized_resblocks_range_3_8,237-134493-0003.wav,generated_audios/generated_H2_128C_int8/237-134493-0003_generated.wav,12.765034,3.631181,3.626817,0.284463,0.284121,2.114885,0.941202,0.548114
H2_128C_quantized_resblocks_range_3_8,237-134493-0004.wav,generated_audios/generated_H2_128C_int8/237-134493-0004_generated.wav,6.825034,1.803997,1.800135,0.264321,0.263755,1.980658,0.92587,0.566375
H2_128C_quantized_resblocks_range_3_8,237-134493-0005.wav,generated_audios/generated_H2_128C_int8/237-134493-0005_generated.wav,10.945034,2.731046,2.727241,0.249524,0.249176,1.986929,0.935635,0.544487
H2_128C_quantized_resblocks_range_3_8,237-134493-0006.wav,generated_audios/generated_H2_128C_int8/237-134493-0006_generated.wav,4.395011,1.079847,1.076021,0.245698,0.244828,2.179298,0.944337,0.501348
H2_128C_quantized_resblocks_range_3_8,237-134493-0007.wav,generated_audios/generated_H2_128C_int8/237-134493-0007_generated.wav,2.035011,0.503496,0.50044,0.247417,0.245915,2.129628,0.924271,0.513404
H2_128C_quantized_resblocks_range_3_8,237-134493-0008.wav,generated_audios/generated_H2_128C_int8/237-134493-0008_generated.wav,2.305034,0.552647,0.549453,0.239756,0.238371,2.311415,0.923469,0.54839
H2_128C_quantized_resblocks_range_3_8,237-134493-0009.wav,generated_audios/generated_H2_128C_int8/237-134493-0009_generated.wav,2.975011,0.780545,0.777317,0.262367,0.261282,1.944596,0.945773,0.563818
H2_128C_quantized_resblocks_range_3_8,237-134493-0010.wav,generated_audios/generated_H2_128C_int8/237-134493-0010_generated.wav,2.875011,0.743688,0.740655,0.258673,0.257618,2.133181,0.922172,0.522858
H2_128C_quantized_resblocks_range_3_8,237-134493-0011.wav,generated_audios/generated_H2_128C_int8/237-134493-0011_generated.wav,5.035011,1.335562,1.332324,0.265255,0.264612,2.090837,0.943121,0.519015
H2_128C_quantized_resblocks_range_3_8,237-134493-0012.wav,generated_audios/generated_H2_128C_int8/237-134493-0012_generated.wav,3.66,0.903484,0.900222,0.246853,0.245962,2.082877,0.934278,0.544395
H2_128C_quantized_resblocks_range_3_8,237-134493-0013.wav,generated_audios/generated_H2_128C_int8/237-134493-0013_generated.wav,4.090023,0.100342,0.097233,0.024533,0.023773,2.258776,0.929908,0.539974
H2_128C_quantized_resblocks_range_3_8,237-134493-0014.wav,generated_audios/generated_H2_128C_int8/237-134493-0014_generated.wav,3.7,0.919004,0.915861,0.24838,0.24753,2.178521,0.947605,0.544631
H2_128C_quantized_resblocks_range_3_8,237-134493-0015.wav,generated_audios/generated_H2_128C_int8/237-134493-0015_generated.wav,6.550023,0.182168,0.178639,0.027812,0.027273,1.905349,0.931924,0.540208
H2_128C_quantized_resblocks_range_3_8,237-134493-0016.wav,generated_audios/generated_H2_128C_int8/237-134493-0016_generated.wav,10.085034,2.675868,2.672028,0.265331,0.26495,2.086803,0.946496,0.521414
H2_128C_quantized_resblocks_range_3_8,237-134493-0017.wav,generated_audios/generated_H2_128C_int8/237-134493-0017_generated.wav,9.105034,2.402739,2.399209,0.263891,0.263504,2.348583,0.946899,0.516483
H2_128C_quantized_resblocks_range_3_8,237-134493-0018.wav,generated_audios/generated_H2_128C_int8/237-134493-0018_generated.wav,4.790023,1.248204,1.244505,0.260584,0.259812,2.199811,0.95629,0.537348
H2_128C_quantized_resblocks_range_3_8,237-134500-0000.wav,generated_audios/generated_H2_128C_int8/237-134500-0000_generated.wav,6.130023,1.58184,1.578325,0.258048,0.257475,2.180029,0.939873,0.570917
H2_128C_quantized_resblocks_range_3_8,237-134500-0001.wav,generated_audios/generated_H2_128C_int8/237-134500-0001_generated.wav,1.810023,0.433428,0.429839,0.23946,0.237477,1.72787,0.921183,0.598534
H2_128C_quantized_resblocks_range_3_8,237-134500-0002.wav,generated_audios/generated_H2_128C_int8/237-134500-0002_generated.wav,5.070023,1.327281,1.324097,0.26179,0.261162,2.22411,0.948218,0.527979
H2_128C_quantized_resblocks_range_3_8,237-134500-0003.wav,generated_audios/generated_H2_128C_int8/237-134500-0003_generated.wav,3.170023,0.095969,0.092848,0.030274,0.029289,1.910415,0.93724,0.566527
H2_128C_quantized_resblocks_range_3_8,237-134500-0004.wav,generated_audios/generated_H2_128C_int8/237-134500-0004_generated.wav,2.225034,0.071593,0.068736,0.032176,0.030892,2.375403,0.943241,0.525768
H2_128C_quantized_resblocks_range_3_8,237-134500-0005.wav,generated_audios/generated_H2_128C_int8/237-134500-0005_generated.wav,2.390023,0.608051,0.604889,0.254412,0.253089,1.998721,0.919175,0.571836
H2_128C_quantized_resblocks_range_3_8,237-134500-0006.wav,generated_audios/generated_H2_128C_int8/237-134500-0006_generated.wav,4.225034,1.049957,1.046612,0.248509,0.247717,1.906714,0.933929,0.578441
H2_128C_quantized_resblocks_range_3_8,237-134500-0007.wav,generated_audios/generated_H2_128C_int8/237-134500-0007_generated.wav,2.390023,0.061008,0.057798,0.025526,0.024183,1.884664,0.91374,0.616302
H2_128C_quantized_resblocks_range_3_8,237-134500-0008.wav,generated_audios/generated_H2_128C_int8/237-134500-0008_generated.wav,3.76,0.104352,0.101346,0.027753,0.026954,2.166705,0.915068,0.592407
H2_128C_quantized_resblocks_range_3_8,237-134500-0009.wav,generated_audios/generated_H2_128C_int8/237-134500-0009_generated.wav,2.22,0.056212,0.053163,0.025321,0.023947,2.019453,0.909571,0.578466
H2_128C_quantized_resblocks_range_3_8,237-134500-0010.wav,generated_audios/generated_H2_128C_int8/237-134500-0010_generated.wav,3.995011,1.045498,1.042204,0.261701,0.260876,1.739474,0.923745,0.56507
H2_128C_quantized_resblocks_range_3_8,237-134500-0011.wav,generated_audios/generated_H2_128C_int8/237-134500-0011_generated.wav,3.350023,0.823507,0.820504,0.245821,0.244925,1.794483,0.909146,0.563658
H2_128C_quantized_resblocks_range_3_8,237-134500-0012.wav,generated_audios/generated_H2_128C_int8/237-134500-0012_generated.wav,10.935011,2.916513,2.912779,0.266713,0.266372,1.988599,0.928501,0.584885
H2_128C_quantized_resblocks_range_3_8,237-134500-0013.wav,generated_audios/generated_H2_128C_int8/237-134500-0013_generated.wav,10.56,0.297265,0.29302,0.02815,0.027748,2.149748,0.946084,0.550141
H2_128C_quantized_resblocks_range_3_8,237-134500-0014.wav,generated_audios/generated_H2_128C_int8/237-134500-0014_generated.wav,4.250023,0.130859,0.127563,0.03079,0.030015,2.067715,0.933649,0.545088
H2_128C_quantized_resblocks_range_3_8,237-134500-0015.wav,generated_audios/generated_H2_128C_int8/237-134500-0015_generated.wav,10.815011,2.831786,2.827749,0.261838,0.261465,2.169253,0.9471,0.567098
H2_128C_quantized_resblocks_range_3_8,237-134500-0016.wav,generated_audios/generated_H2_128C_int8/237-134500-0016_generated.wav,3.16,0.093205,0.089989,0.029495,0.028477,1.654508,0.859915,0.634929
H2_128C_quantized_resblocks_range_3_8,237-134500-0017.wav,generated_audios/generated_H2_128C_int8/237-134500-0017_generated.wav,2.18,0.066955,0.063811,0.030713,0.029271,1.957762,0.940275,0.575815
H2_128C_quantized_resblocks_range_3_8,237-134500-0018.wav,generated_audios/generated_H2_128C_int8/237-134500-0018_generated.wav,12.845034,3.716934,3.712213,0.289367,0.289,2.086342,0.940996,0.571918
H2_128C_quantized_resblocks_range_3_8,237-134500-0019.wav,generated_audios/generated_H2_128C_int8/237-134500-0019_generated.wav,2.86,0.700333,0.697216,0.244872,0.243782,1.435723,0.934586,0.569505
H2_128C_quantized_resblocks_range_3_8,237-134500-0020.wav,generated_audios/generated_H2_128C_int8/237-134500-0020_generated.wav,2.18,0.055576,0.052433,0.025493,0.024052,2.154794,0.954205,0.5995
H2_128C_quantized_resblocks_range_3_8,237-134500-0021.wav,generated_audios/generated_H2_128C_int8/237-134500-0021_generated.wav,5.12,1.256948,1.253381,0.245498,0.244801,1.627385,0.858608,0.620623
H2_128C_quantized_resblocks_range_3_8,237-134500-0022.wav,generated_audios/generated_H2_128C_int8/237-134500-0022_generated.wav,5.165034,1.28271,1.279149,0.248345,0.247655,1.830473,0.913505,0.611473
H2_128C_quantized_resblocks_range_3_8,237-134500-0023.wav,generated_audios/generated_H2_128C_int8/237-134500-0023_generated.wav,3.06,0.798596,0.795406,0.260979,0.259937,1.979968,0.929603,0.596655
H2_128C_quantized_resblocks_range_3_8,237-134500-0024.wav,generated_audios/generated_H2_128C_int8/237-134500-0024_generated.wav,4.410023,0.119568,0.116362,0.027113,0.026386,2.269091,0.941461,0.582306
H2_128C_quantized_resblocks_range_3_8,237-134500-0025.wav,generated_audios/generated_H2_128C_int8/237-134500-0025_generated.wav,1.630023,0.391552,0.388602,0.240212,0.238403,1.923957,0.898483,0.651459
H2_128C_quantized_resblocks_range_3_8,237-134500-0026.wav,generated_audios/generated_H2_128C_int8/237-134500-0026_generated.wav,3.050023,0.786836,0.784129,0.257977,0.25709,1.825988,0.913396,0.619268
H2_128C_quantized_resblocks_range_3_8,237-134500-0027.wav,generated_audios/generated_H2_128C_int8/237-134500-0027_generated.wav,3.270023,0.864851,0.861789,0.264479,0.263542,2.248706,0.923035,0.58453
H2_128C_quantized_resblocks_range_3_8,237-134500-0028.wav,generated_audios/generated_H2_128C_int8/237-134500-0028_generated.wav,4.524943,1.210967,1.207502,0.26762,0.266855,1.947973,0.918357,0.612523
H2_128C_quantized_resblocks_range_3_8,237-134500-0029.wav,generated_audios/generated_H2_128C_int8/237-134500-0029_generated.wav,2.065034,0.506309,0.503133,0.245182,0.243644,1.866911,0.933722,0.551479
H2_128C_quantized_resblocks_range_3_8,237-134500-0030.wav,generated_audios/generated_H2_128C_int8/237-134500-0030_generated.wav,2.78,0.731594,0.728338,0.263163,0.261992,1.97319,0.929764,0.612679
H2_128C_quantized_resblocks_range_3_8,237-134500-0031.wav,generated_audios/generated_H2_128C_int8/237-134500-0031_generated.wav,10.610023,2.736298,2.732363,0.257898,0.257527,2.209765,0.94119,0.559506
H2_128C_quantized_resblocks_range_3_8,237-134500-0032.wav,generated_audios/generated_H2_128C_int8/237-134500-0032_generated.wav,5.025034,0.140312,0.136762,0.027923,0.027216,2.077514,0.938868,0.568268
H2_128C_quantized_resblocks_range_3_8,237-134500-0033.wav,generated_audios/generated_H2_128C_int8/237-134500-0033_generated.wav,6.350023,1.581531,1.577764,0.249059,0.248466,1.983754,0.918471,0.579309
H2_128C_quantized_resblocks_range_3_8,237-134500-0034.wav,generated_audios/generated_H2_128C_int8/237-134500-0034_generated.wav,3.075011,0.76539,0.762021,0.248906,0.247811,2.191515,0.924981,0.584391
H2_128C_quantized_resblocks_range_3_8,237-134500-0035.wav,generated_audios/generated_H2_128C_int8/237-134500-0035_generated.wav,2.555011,0.665639,0.662597,0.260523,0.259332,1.912084,0.926002,0.622011
H2_128C_quantized_resblocks_range_3_8,237-134500-0036.wav,generated_audios/generated_H2_128C_int8/237-134500-0036_generated.wav,6.6,1.739434,1.736226,0.263551,0.263065,2.055852,0.933646,0.604469
H2_128C_quantized_resblocks_range_3_8,237-134500-0037.wav,generated_audios/generated_H2_128C_int8/237-134500-0037_generated.wav,7.105034,1.853719,1.850199,0.260902,0.260407,1.590485,0.88562,0.625634
H2_128C_quantized_resblocks_range_3_8,237-134500-0038.wav,generated_audios/generated_H2_128C_int8/237-134500-0038_generated.wav,2.435011,0.618271,0.615127,0.253909,0.252618,1.543274,0.886146,0.610414
H2_128C_quantized_resblocks_range_3_8,237-134500-0039.wav,generated_audios/generated_H2_128C_int8/237-134500-0039_generated.wav,4.630023,1.208074,1.204747,0.260922,0.260203,1.768004,0.910053,0.627744
H2_128C_quantized_resblocks_range_3_8,237-134500-0040.wav,generated_audios/generated_H2_128C_int8/237-134500-0040_generated.wav,4.030023,0.110531,0.10719,0.027427,0.026598,1.752995,0.92584,0.585393
H2_128C_quantized_resblocks_range_3_8,237-134500-0041.wav,generated_audios/generated_H2_128C_int8/237-134500-0041_generated.wav,8.92,0.25656,0.252997,0.028762,0.028363,2.256199,0.947609,0.574452
H2_128C_quantized_resblocks_range_3_8,237-134500-0042.wav,generated_audios/generated_H2_128C_int8/237-134500-0042_generated.wav,2.575011,0.648461,0.645421,0.251828,0.250648,1.809234,0.869586,0.66448
H2_128C_quantized_resblocks_range_3_8,260-123286-0000.wav,generated_audios/generated_H2_128C_int8/260-123286-0000_generated.wav,7.04,1.758216,1.754512,0.249747,0.24922,1.82453,0.919742,0.981793
H2_128C_quantized_resblocks_range_3_8,260-123286-0001.wav,generated_audios/generated_H2_128C_int8/260-123286-0001_generated.wav,3.070023,0.076508,0.073743,0.024921,0.02402,1.737708,0.922416,0.95017
H2_128C_quantized_resblocks_range_3_8,260-123286-0002.wav,generated_audios/generated_H2_128C_int8/260-123286-0002_generated.wav,9.985034,2.622628,2.618464,0.262656,0.262239,1.747875,0.920643,0.806353
H2_128C_quantized_resblocks_range_3_8,260-123286-0003.wav,generated_audios/generated_H2_128C_int8/260-123286-0003_generated.wav,7.370023,1.946171,1.942679,0.264066,0.263592,1.762681,0.903283,0.861533
H2_128C_quantized_resblocks_range_3_8,260-123286-0004.wav,generated_audios/generated_H2_128C_int8/260-123286-0004_generated.wav,3.465034,0.898541,0.895071,0.259317,0.258315,1.652383,0.913073,0.990031
H2_128C_quantized_resblocks_range_3_8,260-123286-0005.wav,generated_audios/generated_H2_128C_int8/260-123286-0005_generated.wav,4.810023,1.195687,1.19238,0.248582,0.247895,1.801491,0.899594,0.726998
H2_128C_quantized_resblocks_range_3_8,260-123286-0006.wav,generated_audios/generated_H2_128C_int8/260-123286-0006_generated.wav,7.405034,1.933015,1.929174,0.261041,0.260522,1.801208,0.92955,0.695919
H2_128C_quantized_resblocks_range_3_8,260-123286-0007.wav,generated_audios/generated_H2_128C_int8/260-123286-0007_generated.wav,4.550023,1.184858,1.181572,0.260407,0.259685,1.697639,0.924163,0.73017
H2_128C_quantized_resblocks_range_3_8,260-123286-0008.wav,generated_audios/generated_H2_128C_int8/260-123286-0008_generated.wav,3.735011,0.934916,0.931176,0.250312,0.24931,1.706854,0.922018,0.775987
H2_128C_quantized_resblocks_range_3_8,260-123286-0009.wav,generated_audios/generated_H2_128C_int8/260-123286-0009_generated.wav,5.795011,1.559079,1.555482,0.269038,0.268417,1.634498,0.913759,0.747745
H2_128C_quantized_resblocks_range_3_8,260-123286-0010.wav,generated_audios/generated_H2_128C_int8/260-123286-0010_generated.wav,2.575011,0.065767,0.062671,0.02554,0.024338,1.697338,0.928141,0.963623
H2_128C_quantized_resblocks_range_3_8,260-123286-0011.wav,generated_audios/generated_H2_128C_int8/260-123286-0011_generated.wav,4.255011,0.127404,0.125337,0.029942,0.029456,1.83942,0.914807,0.841199
H2_128C_quantized_resblocks_range_3_8,260-123286-0012.wav,generated_audios/generated_H2_128C_int8/260-123286-0012_generated.wav,2.430023,0.063472,0.060197,0.02612,0.024772,1.856929,0.936654,0.91566
H2_128C_quantized_resblocks_range_3_8,260-123286-0013.wav,generated_audios/generated_H2_128C_int8/260-123286-0013_generated.wav,4.730023,1.226513,1.223117,0.259304,0.258586,1.871763,0.917063,0.823689
H2_128C_quantized_resblocks_range_3_8,260-123286-0014.wav,generated_audios/generated_H2_128C_int8/260-123286-0014_generated.wav,2.98,0.093796,0.09039,0.031475,0.030332,1.501007,0.906519,0.967067
H2_128C_quantized_resblocks_range_3_8,260-123286-0015.wav,generated_audios/generated_H2_128C_int8/260-123286-0015_generated.wav,5.210023,1.388472,1.385032,0.2665,0.26584,1.666974,0.922597,0.892862
H2_128C_quantized_resblocks_range_3_8,260-123286-0016.wav,generated_audios/generated_H2_128C_int8/260-123286-0016_generated.wav,7.0,1.856434,1.852947,0.265205,0.264707,1.724984,0.924602,0.717267
H2_128C_quantized_resblocks_range_3_8,260-123286-0017.wav,generated_audios/generated_H2_128C_int8/260-123286-0017_generated.wav,3.975011,0.996193,0.992625,0.250614,0.249716,1.821543,0.915957,0.786551
H2_128C_quantized_resblocks_range_3_8,260-123286-0018.wav,generated_audios/generated_H2_128C_int8/260-123286-0018_generated.wav,5.670023,1.510327,1.506943,0.26637,0.265774,1.804765,0.91215,0.680561
H2_128C_quantized_resblocks_range_3_8,260-123286-0019.wav,generated_audios/generated_H2_128C_int8/260-123286-0019_generated.wav,11.905034,3.431495,3.427487,0.288239,0.287902,1.793006,0.922876,0.740245
H2_128C_quantized_resblocks_range_3_8,260-123286-0020.wav,generated_audios/generated_H2_128C_int8/260-123286-0020_generated.wav,3.06,0.086015,0.08289,0.02811,0.027088,1.887334,0.927688,1.263123
H2_128C_quantized_resblocks_range_3_8,260-123286-0021.wav,generated_audios/generated_H2_128C_int8/260-123286-0021_generated.wav,2.550023,0.65846,0.655225,0.258217,0.256949,1.756525,0.940903,0.929606
H2_128C_quantized_resblocks_range_3_8,260-123286-0022.wav,generated_audios/generated_H2_128C_int8/260-123286-0022_generated.wav,3.235011,0.856264,0.852996,0.264687,0.263676,1.704432,0.929999,0.880458
H2_128C_quantized_resblocks_range_3_8,260-123286-0023.wav,generated_audios/generated_H2_128C_int8/260-123286-0023_generated.wav,5.875011,1.566927,1.563388,0.266711,0.266108,1.701416,0.918912,0.628296
H2_128C_quantized_resblocks_range_3_8,260-123286-0024.wav,generated_audios/generated_H2_128C_int8/260-123286-0024_generated.wav,3.04,0.787363,0.783921,0.259001,0.257869,2.030393,0.927658,0.754225
H2_128C_quantized_resblocks_range_3_8,260-123286-0025.wav,generated_audios/generated_H2_128C_int8/260-123286-0025_generated.wav,9.205034,2.324524,2.320674,0.252527,0.252109,1.781514,0.912829,0.706493
H2_128C_quantized_resblocks_range_3_8,260-123286-0026.wav,generated_audios/generated_H2_128C_int8/260-123286-0026_generated.wav,6.94,1.764064,1.760671,0.254188,0.253699,1.743077,0.915296,0.6495
H2_128C_quantized_resblocks_range_3_8,260-123286-0027.wav,generated_audios/generated_H2_128C_int8/260-123286-0027_generated.wav,7.170023,1.961782,1.957558,0.273609,0.27302,1.718622,0.908778,0.599342
H2_128C_quantized_resblocks_range_3_8,260-123286-0028.wav,generated_audios/generated_H2_128C_int8/260-123286-0028_generated.wav,7.465034,1.92956,1.925454,0.25848,0.25793,1.690872,0.903123,0.706671
H2_128C_quantized_resblocks_range_3_8,260-123286-0029.wav,generated_audios/generated_H2_128C_int8/260-123286-0029_generated.wav,4.545034,0.107322,0.103962,0.023613,0.022874,1.696783,0.908194,0.760417
H2_128C_quantized_resblocks_range_3_8,260-123286-0030.wav,generated_audios/generated_H2_128C_int8/260-123286-0030_generated.wav,7.530023,0.206147,0.202468,0.027377,0.026888,1.79161,0.917083,0.744213
H2_128C_quantized_resblocks_range_3_8,260-123286-0031.wav,generated_audios/generated_H2_128C_int8/260-123286-0031_generated.wav,5.06,1.285741,1.282607,0.254099,0.25348,1.705099,0.930606,0.967537
H2_128C_quantized_resblocks_range_3_8,260-123288-0000.wav,generated_audios/generated_H2_128C_int8/260-123288-0000_generated.wav,3.04,0.075569,0.072188,0.024858,0.023746,1.833369,0.912464,0.910584
H2_128C_quantized_resblocks_range_3_8,260-123288-0001.wav,generated_audios/generated_H2_128C_int8/260-123288-0001_generated.wav,5.08,0.135288,0.131785,0.026632,0.025942,1.650155,0.917902,1.107651
H2_128C_quantized_resblocks_range_3_8,260-123288-0002.wav,generated_audios/generated_H2_128C_int8/260-123288-0002_generated.wav,7.250023,1.878876,1.875367,0.259154,0.25867,1.829259,0.912461,0.707225
H2_128C_quantized_resblocks_range_3_8,260-123288-0003.wav,generated_audios/generated_H2_128C_int8/260-123288-0003_generated.wav,8.905034,2.404462,2.400227,0.270012,0.269536,1.675127,0.921928,0.705511
H2_128C_quantized_resblocks_range_3_8,260-123288-0004.wav,generated_audios/generated_H2_128C_int8/260-123288-0004_generated.wav,4.310023,1.146483,1.143005,0.266004,0.265197,1.751602,0.892911,1.232279
H2_128C_quantized_resblocks_range_3_8,260-123288-0005.wav,generated_audios/generated_H2_128C_int8/260-123288-0005_generated.wav,12.550023,3.532326,3.527855,0.28146,0.281103,1.671176,0.912367,0.725074
H2_128C_quantized_resblocks_range_3_8,260-123288-0006.wav,generated_audios/generated_H2_128C_int8/260-123288-0006_generated.wav,4.88,1.25446,1.251388,0.257061,0.256432,1.752588,0.914415,0.828832
H2_128C_quantized_resblocks_range_3_8,260-123288-0007.wav,generated_audios/generated_H2_128C_int8/260-123288-0007_generated.wav,11.2,3.080215,3.075985,0.275019,0.274641,1.783658,0.916087,0.707965
H2_128C_quantized_resblocks_range_3_8,260-123288-0008.wav,generated_audios/generated_H2_128C_int8/260-123288-0008_generated.wav,5.515011,1.494898,1.48256,0.27106,0.268823,1.901386,0.922954,0.673732
H2_128C_quantized_resblocks_range_3_8,260-123288-0009.wav,generated_audios/generated_H2_128C_int8/260-123288-0009_generated.wav,3.435011,0.929007,0.925809,0.270452,0.269521,1.821166,0.911464,0.823641
H2_128C_quantized_resblocks_range_3_8,260-123288-0010.wav,generated_audios/generated_H2_128C_int8/260-123288-0010_generated.wav,9.995011,0.25879,0.254886,0.025892,0.025501,1.754985,0.914666,0.728869
H2_128C_quantized_resblocks_range_3_8,260-123288-0011.wav,generated_audios/generated_H2_128C_int8/260-123288-0011_generated.wav,8.98,2.53673,2.532751,0.282487,0.282044,1.795617,0.916434,0.702682
H2_128C_quantized_resblocks_range_3_8,260-123288-0012.wav,generated_audios/generated_H2_128C_int8/260-123288-0012_generated.wav,3.545034,0.959637,0.955957,0.270699,0.269661,1.641438,0.910308,0.887843
H2_128C_quantized_resblocks_range_3_8,260-123288-0013.wav,generated_audios/generated_H2_128C_int8/260-123288-0013_generated.wav,11.385079,3.437469,3.43325,0.301928,0.301557,1.783993,0.914248,0.643695
H2_128C_quantized_resblocks_range_3_8,260-123288-0014.wav,generated_audios/generated_H2_128C_int8/260-123288-0014_generated.wav,1.805034,0.061772,0.058691,0.034222,0.032515,1.801535,0.905322,0.840585
H2_128C_quantized_resblocks_range_3_8,260-123288-0015.wav,generated_audios/generated_H2_128C_int8/260-123288-0015_generated.wav,21.185034,6.12483,6.120087,0.289111,0.288887,1.781529,0.921694,0.791679
H2_128C_quantized_resblocks_range_3_8,260-123288-0016.wav,generated_audios/generated_H2_128C_int8/260-123288-0016_generated.wav,4.865034,1.368043,1.364597,0.281199,0.280491,1.91038,0.904123,0.855806
H2_128C_quantized_resblocks_range_3_8,260-123288-0017.wav,generated_audios/generated_H2_128C_int8/260-123288-0017_generated.wav,5.225034,1.395676,1.39219,0.267113,0.266446,1.730701,0.931758,0.703068
H2_128C_quantized_resblocks_range_3_8,260-123288-0018.wav,generated_audios/generated_H2_128C_int8/260-123288-0018_generated.wav,3.245034,0.883683,0.88045,0.272319,0.271322,1.79705,0.909739,0.674934
H2_128C_quantized_resblocks_range_3_8,260-123288-0019.wav,generated_audios/generated_H2_128C_int8/260-123288-0019_generated.wav,2.955011,0.08681,0.083818,0.029377,0.028365,1.670104,0.920956,0.932941
H2_128C_quantized_resblocks_range_3_8,260-123288-0020.wav,generated_audios/generated_H2_128C_int8/260-123288-0020_generated.wav,2.9,0.79813,0.794659,0.275217,0.27402,1.642987,0.922025,0.83132
H2_128C_quantized_resblocks_range_3_8,260-123288-0021.wav,generated_audios/generated_H2_128C_int8/260-123288-0021_generated.wav,2.710023,0.081368,0.078076,0.030025,0.02881,1.798839,0.915181,0.800436
H2_128C_quantized_resblocks_range_3_8,260-123288-0022.wav,generated_audios/generated_H2_128C_int8/260-123288-0022_generated.wav,3.705034,1.015152,1.011979,0.273993,0.273136,1.667467,0.903191,0.845545
H2_128C_quantized_resblocks_range_3_8,260-123288-0023.wav,generated_audios/generated_H2_128C_int8/260-123288-0023_generated.wav,2.385034,0.075333,0.072007,0.031586,0.030191,1.646144,0.892553,1.039134
H2_128C_quantized_resblocks_range_3_8,260-123288-0024.wav,generated_audios/generated_H2_128C_int8/260-123288-0024_generated.wav,14.595011,4.218991,4.214515,0.289071,0.288764,1.761225,0.917416,0.657492
H2_128C_quantized_resblocks_range_3_8,260-123288-0025.wav,generated_audios/generated_H2_128C_int8/260-123288-0025_generated.wav,13.445034,3.938852,3.934433,0.29296,0.292631,1.844799,0.91608,0.709352
H2_128C_quantized_resblocks_range_3_8,260-123288-0026.wav,generated_audios/generated_H2_128C_int8/260-123288-0026_generated.wav,16.04,4.933774,4.929055,0.307592,0.307298,1.768026,0.922121,0.670937
H2_128C_quantized_resblocks_range_3_8,260-123288-0027.wav,generated_audios/generated_H2_128C_int8/260-123288-0027_generated.wav,6.305034,1.697064,1.693371,0.26916,0.268574,1.900983,0.932675,0.698331
H2_128C_quantized_resblocks_range_3_8,260-123288-0028.wav,generated_audios/generated_H2_128C_int8/260-123288-0028_generated.wav,2.610023,0.719629,0.716639,0.275718,0.274572,1.865022,0.935548,0.907739
H2_128C_quantized_resblocks_range_3_8,260-123440-0000.wav,generated_audios/generated_H2_128C_int8/260-123440-0000_generated.wav,2.165034,0.563976,0.560749,0.260493,0.259003,1.584545,0.891556,0.703745
H2_128C_quantized_resblocks_range_3_8,260-123440-0001.wav,generated_audios/generated_H2_128C_int8/260-123440-0001_generated.wav,1.74,0.455907,0.452583,0.262016,0.260105,2.00035,0.902667,1.145594
H2_128C_quantized_resblocks_range_3_8,260-123440-0002.wav,generated_audios/generated_H2_128C_int8/260-123440-0002_generated.wav,14.715011,4.497476,4.492185,0.305639,0.305279,1.82428,0.915617,0.672402
H2_128C_quantized_resblocks_range_3_8,260-123440-0003.wav,generated_audios/generated_H2_128C_int8/260-123440-0003_generated.wav,3.585034,1.010873,1.007615,0.28197,0.281062,1.933827,0.937061,0.64697
H2_128C_quantized_resblocks_range_3_8,260-123440-0004.wav,generated_audios/generated_H2_128C_int8/260-123440-0004_generated.wav,12.02,3.481546,3.476934,0.289646,0.289262,1.68142,0.911202,0.739917
H2_128C_quantized_resblocks_range_3_8,260-123440-0005.wav,generated_audios/generated_H2_128C_int8/260-123440-0005_generated.wav,3.105034,0.088762,0.085406,0.028586,0.027506,1.74435,0.924363,0.631269
H2_128C_quantized_resblocks_range_3_8,260-123440-0006.wav,generated_audios/generated_H2_128C_int8/260-123440-0006_generated.wav,2.715011,0.069715,0.066553,0.025677,0.024513,1.726256,0.918257,0.642685
H2_128C_quantized_resblocks_range_3_8,260-123440-0007.wav,generated_audios/generated_H2_128C_int8/260-123440-0007_generated.wav,3.385034,0.948765,0.945259,0.280282,0.279247,1.524067,0.909485,0.767886
H2_128C_quantized_resblocks_range_3_8,260-123440-0008.wav,generated_audios/generated_H2_128C_int8/260-123440-0008_generated.wav,3.745034,1.061368,1.058023,0.283407,0.282514,1.814651,0.917329,0.647358
H2_128C_quantized_resblocks_range_3_8,260-123440-0009.wav,generated_audios/generated_H2_128C_int8/260-123440-0009_generated.wav,3.115011,0.883095,0.879814,0.283497,0.282443,1.979129,0.933054,0.821901
H2_128C_quantized_resblocks_range_3_8,260-123440-0010.wav,generated_audios/generated_H2_128C_int8/260-123440-0010_generated.wav,8.315011,2.392916,2.389018,0.287783,0.287314,1.755752,0.905013,0.597737
H2_128C_quantized_resblocks_range_3_8,260-123440-0011.wav,generated_audios/generated_H2_128C_int8/260-123440-0011_generated.wav,4.870023,0.108702,0.105112,0.022321,0.021583,1.897764,0.931417,0.640199
H2_128C_quantized_resblocks_range_3_8,260-123440-0012.wav,generated_audios/generated_H2_128C_int8/260-123440-0012_generated.wav,5.245034,1.469944,1.466544,0.280255,0.279606,1.725639,0.912399,0.71064
H2_128C_quantized_resblocks_range_3_8,260-123440-0013.wav,generated_audios/generated_H2_128C_int8/260-123440-0013_generated.wav,3.475011,0.979272,0.97615,0.281804,0.280905,1.737362,0.910736,0.735011
H2_128C_quantized_resblocks_range_3_8,260-123440-0014.wav,generated_audios/generated_H2_128C_int8/260-123440-0014_generated.wav,3.815011,1.087741,1.084211,0.285121,0.284196,1.90289,0.919795,0.721551
H2_128C_quantized_resblocks_range_3_8,260-123440-0015.wav,generated_audios/generated_H2_128C_int8/260-123440-0015_generated.wav,6.2,0.184487,0.181165,0.029756,0.02922,1.97948,0.927484,0.561343
H2_128C_quantized_resblocks_range_3_8,260-123440-0016.wav,generated_audios/generated_H2_128C_int8/260-123440-0016_generated.wav,4.895011,1.424192,1.420884,0.290948,0.290272,1.888991,0.943871,0.585966
H2_128C_quantized_resblocks_range_3_8,260-123440-0017.wav,generated_audios/generated_H2_128C_int8/260-123440-0017_generated.wav,3.070023,0.098561,0.095226,0.032104,0.031018,1.928582,0.915908,0.630854
H2_128C_quantized_resblocks_range_3_8,260-123440-0018.wav,generated_audios/generated_H2_128C_int8/260-123440-0018_generated.wav,3.64,1.056827,1.053626,0.290337,0.289458,1.78112,0.941853,0.75385
H2_128C_quantized_resblocks_range_3_8,260-123440-0019.wav,generated_audios/generated_H2_128C_int8/260-123440-0019_generated.wav,6.630023,1.938636,1.935011,0.292403,0.291856,1.747691,0.919319,0.59075
H2_128C_quantized_resblocks_range_3_8,260-123440-0020.wav,generated_audios/generated_H2_128C_int8/260-123440-0020_generated.wav,4.995011,1.435571,1.431935,0.287401,0.286673,1.7876,0.916054,0.673033
H2_128C_quantized_resblocks_range_3_8,61-70968-0000.wav,generated_audios/generated_H2_128C_int8/61-70968-0000_generated.wav,4.905034,1.410658,1.407265,0.287594,0.286902,1.697661,0.918599,0.541608
H2_128C_quantized_resblocks_range_3_8,61-70968-0001.wav,generated_audios/generated_H2_128C_int8/61-70968-0001_generated.wav,3.610023,1.037998,1.034896,0.287532,0.286673,1.563469,0.89148,0.533632
H2_128C_quantized_resblocks_range_3_8,61-70968-0002.wav,generated_audios/generated_H2_128C_int8/61-70968-0002_generated.wav,2.970023,0.835766,0.832816,0.2814,0.280407,1.674826,0.887917,0.534491
H2_128C_quantized_resblocks_range_3_8,61-70968-0003.wav,generated_audios/generated_H2_128C_int8/61-70968-0003_generated.wav,4.315011,0.118987,0.11572,0.027575,0.026818,1.719526,0.913539,0.540083
H2_128C_quantized_resblocks_range_3_8,61-70968-0004.wav,generated_audios/generated_H2_128C_int8/61-70968-0004_generated.wav,3.885034,1.110992,1.107777,0.285967,0.285139,1.796127,0.923449,0.536835
H2_128C_quantized_resblocks_range_3_8,61-70968-0005.wav,generated_audios/generated_H2_128C_int8/61-70968-0005_generated.wav,5.070023,0.132686,0.129148,0.026171,0.025473,1.644117,0.869949,0.535366
H2_128C_quantized_resblocks_range_3_8,61-70968-0006.wav,generated_audios/generated_H2_128C_int8/61-70968-0006_generated.wav,2.935011,0.783313,0.780253,0.266886,0.265843,1.827533,0.915646,0.526009
H2_128C_quantized_resblocks_range_3_8,61-70968-0007.wav,generated_audios/generated_H2_128C_int8/61-70968-0007_generated.wav,3.550023,0.101096,0.097979,0.028478,0.0276,1.516908,0.817391,0.547249
H2_128C_quantized_resblocks_range_3_8,61-70968-0008.wav,generated_audios/generated_H2_128C_int8/61-70968-0008_generated.wav,3.535011,0.099013,0.095713,0.028009,0.027076,1.565181,0.901877,0.532875
H2_128C_quantized_resblocks_range_3_8,61-70968-0009.wav,generated_audios/generated_H2_128C_int8/61-70968-0009_generated.wav,4.510023,1.288444,1.285068,0.285685,0.284936,1.813904,0.87928,0.558211
H2_128C_quantized_resblocks_range_3_8,61-70968-0010.wav,generated_audios/generated_H2_128C_int8/61-70968-0010_generated.wav,8.295011,2.263649,2.259888,0.272893,0.272439,1.462943,0.905957,0.54337
H2_128C_quantized_resblocks_range_3_8,61-70968-0011.wav,generated_audios/generated_H2_128C_int8/61-70968-0011_generated.wav,6.375011,1.749111,1.745421,0.27437,0.273791,1.68997,0.908762,0.520524
H2_128C_quantized_resblocks_range_3_8,61-70968-0012.wav,generated_audios/generated_H2_128C_int8/61-70968-0012_generated.wav,2.610023,0.077788,0.074501,0.029803,0.028544,2.149154,0.948469,0.500017
H2_128C_quantized_resblocks_range_3_8,61-70968-0013.wav,generated_audios/generated_H2_128C_int8/61-70968-0013_generated.wav,4.450023,0.118949,0.115513,0.02673,0.025958,1.875309,0.900103,0.529798
H2_128C_quantized_resblocks_range_3_8,61-70968-0014.wav,generated_audios/generated_H2_128C_int8/61-70968-0014_generated.wav,7.485034,2.170108,2.16614,0.289926,0.289396,1.86693,0.914257,0.549336
H2_128C_quantized_resblocks_range_3_8,61-70968-0015.wav,generated_audios/generated_H2_128C_int8/61-70968-0015_generated.wav,5.375011,1.488986,1.485053,0.27702,0.276288,1.826988,0.921691,0.55352
H2_128C_quantized_resblocks_range_3_8,61-70968-0016.wav,generated_audios/generated_H2_128C_int8/61-70968-0016_generated.wav,3.72,1.088959,1.085667,0.292731,0.291846,1.992591,0.933229,0.504205
H2_128C_quantized_resblocks_range_3_8,61-70968-0017.wav,generated_audios/generated_H2_128C_int8/61-70968-0017_generated.wav,5.110023,1.496907,1.493257,0.292935,0.292221,1.787739,0.91906,0.535814
H2_128C_quantized_resblocks_range_3_8,61-70968-0018.wav,generated_audios/generated_H2_128C_int8/61-70968-0018_generated.wav,2.405034,0.678716,0.675598,0.282206,0.28091,1.815603,0.925367,0.528995
H2_128C_quantized_resblocks_range_3_8,61-70968-0019.wav,generated_audios/generated_H2_128C_int8/61-70968-0019_generated.wav,5.475011,1.518666,1.515391,0.277381,0.276783,1.846255,0.910382,0.551233
H2_128C_quantized_resblocks_range_3_8,61-70968-0020.wav,generated_audios/generated_H2_128C_int8/61-70968-0020_generated.wav,5.105034,1.502124,1.498555,0.294244,0.293545,1.90656,0.906089,0.496043
H2_128C_quantized_resblocks_range_3_8,61-70968-0021.wav,generated_audios/generated_H2_128C_int8/61-70968-0021_generated.wav,2.690023,0.719548,0.716318,0.267488,0.266287,1.999149,0.890694,0.505882
H2_128C_quantized_resblocks_range_3_8,61-70968-0022.wav,generated_audios/generated_H2_128C_int8/61-70968-0022_generated.wav,4.670023,0.148799,0.145562,0.031863,0.031169,1.579942,0.87903,0.563262
H2_128C_quantized_resblocks_range_3_8,61-70968-0023.wav,generated_audios/generated_H2_128C_int8/61-70968-0023_generated.wav,5.025034,0.143847,0.140227,0.028626,0.027906,1.850647,0.929937,0.501402
H2_128C_quantized_resblocks_range_3_8,61-70968-0024.wav,generated_audios/generated_H2_128C_int8/61-70968-0024_generated.wav,6.025034,1.755859,1.752366,0.291427,0.290847,1.881327,0.897996,0.513046
H2_128C_quantized_resblocks_range_3_8,61-70968-0025.wav,generated_audios/generated_H2_128C_int8/61-70968-0025_generated.wav,4.410023,0.12328,0.12003,0.027955,0.027218,1.821283,0.908557,0.513919
H2_128C_quantized_resblocks_range_3_8,61-70968-0026.wav,generated_audios/generated_H2_128C_int8/61-70968-0026_generated.wav,4.92,1.354549,1.351173,0.275315,0.274629,1.952832,0.940568,0.519849
H2_128C_quantized_resblocks_range_3_8,61-70968-0027.wav,generated_audios/generated_H2_128C_int8/61-70968-0027_generated.wav,6.870023,1.928233,1.924228,0.280673,0.28009,1.985847,0.922892,0.525988
H2_128C_quantized_resblocks_range_3_8,61-70968-0028.wav,generated_audios/generated_H2_128C_int8/61-70968-0028_generated.wav,5.355011,1.60035,1.59659,0.298851,0.298149,1.958357,0.927474,0.505557
H2_128C_quantized_resblocks_range_3_8,61-70968-0029.wav,generated_audios/generated_H2_128C_int8/61-70968-0029_generated.wav,3.495011,1.014392,1.011301,0.29024,0.289356,1.867793,0.911798,0.538521
H2_128C_quantized_resblocks_range_3_8,61-70968-0030.wav,generated_audios/generated_H2_128C_int8/61-70968-0030_generated.wav,5.685034,1.586269,1.582576,0.279025,0.278376,1.913495,0.914928,0.515891
H2_128C_quantized_resblocks_range_3_8,61-70968-0031.wav,generated_audios/generated_H2_128C_int8/61-70968-0031_generated.wav,2.925034,0.854255,0.851034,0.29205,0.290948,1.733545,0.888901,0.52137
H2_128C_quantized_resblocks_range_3_8,61-70968-0032.wav,generated_audios/generated_H2_128C_int8/61-70968-0032_generated.wav,4.28,0.12662,0.123313,0.029584,0.028812,1.936071,0.911296,0.523176
H2_128C_quantized_resblocks_range_3_8,61-70968-0033.wav,generated_audios/generated_H2_128C_int8/61-70968-0033_generated.wav,5.685034,0.125519,0.12194,0.022079,0.021449,1.976846,0.937106,0.515324
H2_128C_quantized_resblocks_range_3_8,61-70968-0034.wav,generated_audios/generated_H2_128C_int8/61-70968-0034_generated.wav,4.230023,1.243894,1.240407,0.294063,0.293239,1.917947,0.93001,0.525853
H2_128C_quantized_resblocks_range_3_8,61-70968-0035.wav,generated_audios/generated_H2_128C_int8/61-70968-0035_generated.wav,7.950023,2.221765,2.217785,0.279467,0.278966,1.739986,0.915943,0.516921
H2_128C_quantized_resblocks_range_3_8,61-70968-0036.wav,generated_audios/generated_H2_128C_int8/61-70968-0036_generated.wav,2.934966,0.086535,0.083228,0.029484,0.028358,1.761405,0.911577,0.515351
H2_128C_quantized_resblocks_range_3_8,61-70968-0037.wav,generated_audios/generated_H2_128C_int8/61-70968-0037_generated.wav,4.315011,0.116967,0.113744,0.027107,0.02636,1.535985,0.863087,0.554527
H2_128C_quantized_resblocks_range_3_8,61-70968-0038.wav,generated_audios/generated_H2_128C_int8/61-70968-0038_generated.wav,2.050023,0.563762,0.560588,0.275003,0.273454,2.067771,0.84773,0.558083
H2_128C_quantized_resblocks_range_3_8,61-70968-0039.wav,generated_audios/generated_H2_128C_int8/61-70968-0039_generated.wav,3.805034,1.060576,1.057056,0.27873,0.277805,1.841386,0.897929,0.543599
H2_128C_quantized_resblocks_range_3_8,61-70968-0040.wav,generated_audios/generated_H2_128C_int8/61-70968-0040_generated.wav,3.950023,1.157589,1.154216,0.293059,0.292205,1.872276,0.909727,0.540265
H2_128C_quantized_resblocks_range_3_8,61-70968-0041.wav,generated_audios/generated_H2_128C_int8/61-70968-0041_generated.wav,6.825034,0.178726,0.175063,0.026187,0.02565,1.849726,0.897472,0.527601
H2_128C_quantized_resblocks_range_3_8,61-70968-0042.wav,generated_audios/generated_H2_128C_int8/61-70968-0042_generated.wav,2.785034,0.082677,0.079508,0.029686,0.028548,1.610136,0.903673,0.529576
H2_128C_quantized_resblocks_range_3_8,61-70968-0043.wav,generated_audios/generated_H2_128C_int8/61-70968-0043_generated.wav,6.735011,2.007551,2.003932,0.298077,0.29754,1.823314,0.884346,0.512606
H2_128C_quantized_resblocks_range_3_8,61-70968-0044.wav,generated_audios/generated_H2_128C_int8/61-70968-0044_generated.wav,2.770023,0.082401,0.079098,0.029747,0.028555,1.653783,0.881473,0.542988
H2_128C_quantized_resblocks_range_3_8,61-70968-0045.wav,generated_audios/generated_H2_128C_int8/61-70968-0045_generated.wav,3.475011,0.096052,0.092918,0.027641,0.026739,1.780371,0.876466,0.53566
H2_128C_quantized_resblocks_range_3_8,61-70968-0046.wav,generated_audios/generated_H2_128C_int8/61-70968-0046_generated.wav,3.550023,0.100508,0.097215,0.028312,0.027384,1.649626,0.921388,0.522017
H2_128C_quantized_resblocks_range_3_8,61-70968-0047.wav,generated_audios/generated_H2_128C_int8/61-70968-0047_generated.wav,4.775011,1.331132,1.327463,0.27877,0.278002,1.742888,0.914591,0.534641
H2_128C_quantized_resblocks_range_3_8,61-70968-0048.wav,generated_audios/generated_H2_128C_int8/61-70968-0048_generated.wav,3.02,0.879137,0.87575,0.291105,0.289983,1.680678,0.877814,0.564605
H2_128C_quantized_resblocks_range_3_8,61-70968-0049.wav,generated_audios/generated_H2_128C_int8/61-70968-0049_generated.wav,8.250023,2.449776,2.445913,0.296942,0.296473,1.84131,0.898375,0.542966
H2_128C_quantized_resblocks_range_3_8,61-70968-0050.wav,generated_audios/generated_H2_128C_int8/61-70968-0050_generated.wav,5.58,1.581607,1.577997,0.283442,0.282795,1.735518,0.892931,0.533275
H2_128C_quantized_resblocks_range_3_8,61-70968-0051.wav,generated_audios/generated_H2_128C_int8/61-70968-0051_generated.wav,3.135011,0.862029,0.858898,0.274968,0.27397,1.846067,0.892865,0.534222
H2_128C_quantized_resblocks_range_3_8,61-70968-0052.wav,generated_audios/generated_H2_128C_int8/61-70968-0052_generated.wav,2.650023,0.734219,0.731125,0.277062,0.275894,1.804983,0.9282,0.505952
H2_128C_quantized_resblocks_range_3_8,61-70968-0053.wav,generated_audios/generated_H2_128C_int8/61-70968-0053_generated.wav,4.22,0.13186,0.128385,0.031246,0.030423,1.824425,0.896207,0.551434
H2_128C_quantized_resblocks_range_3_8,61-70968-0054.wav,generated_audios/generated_H2_128C_int8/61-70968-0054_generated.wav,7.86,2.321275,2.317217,0.295328,0.294811,1.727108,0.914746,0.524595
H2_128C_quantized_resblocks_range_3_8,61-70968-0055.wav,generated_audios/generated_H2_128C_int8/61-70968-0055_generated.wav,3.965034,0.112051,0.108882,0.02826,0.027461,2.025349,0.904759,0.525876
H2_128C_quantized_resblocks_range_3_8,61-70968-0056.wav,generated_audios/generated_H2_128C_int8/61-70968-0056_generated.wav,3.565034,1.045296,1.042013,0.293208,0.292287,1.931334,0.922404,0.520292
H2_128C_quantized_resblocks_range_3_8,61-70968-0057.wav,generated_audios/generated_H2_128C_int8/61-70968-0057_generated.wav,5.065034,0.133472,0.129686,0.026352,0.025604,1.690948,0.89108,0.535395
H2_128C_quantized_resblocks_range_3_8,61-70968-0058.wav,generated_audios/generated_H2_128C_int8/61-70968-0058_generated.wav,1.82,0.480709,0.477842,0.264126,0.26255,1.609187,0.890506,0.567425
H2_128C_quantized_resblocks_range_3_8,61-70968-0059.wav,generated_audios/generated_H2_128C_int8/61-70968-0059_generated.wav,2.170023,0.068837,0.065635,0.031722,0.030246,2.019711,0.931844,0.564379
H2_128C_quantized_resblocks_range_3_8,61-70968-0060.wav,generated_audios/generated_H2_128C_int8/61-70968-0060_generated.wav,3.735011,0.116939,0.113605,0.031309,0.030416,1.931031,0.921336,0.484324
H2_128C_quantized_resblocks_range_3_8,61-70968-0061.wav,generated_audios/generated_H2_128C_int8/61-70968-0061_generated.wav,5.530023,1.625706,1.622182,0.293978,0.293341,1.566056,0.884772,0.599274
H2_128C_quantized_resblocks_range_3_8,61-70968-0062.wav,generated_audios/generated_H2_128C_int8/61-70968-0062_generated.wav,2.555011,0.078689,0.075324,0.030798,0.029481,1.794417,0.861722,0.508969
H2_128C_quantized_resblocks_range_3_8,61-70970-0000.wav,generated_audios/generated_H2_128C_int8/61-70970-0000_generated.wav,6.075011,1.837369,1.834159,0.302447,0.301919,1.735488,0.926645,0.506197
H2_128C_quantized_resblocks_range_3_8,61-70970-0001.wav,generated_audios/generated_H2_128C_int8/61-70970-0001_generated.wav,6.155011,1.839123,1.835306,0.298801,0.298181,1.814939,0.937385,0.525938
H2_128C_quantized_resblocks_range_3_8,61-70970-0002.wav,generated_audios/generated_H2_128C_int8/61-70970-0002_generated.wav,4.165034,1.255958,1.252331,0.301548,0.300677,1.854219,0.889066,0.553735
H2_128C_quantized_resblocks_range_3_8,61-70970-0003.wav,generated_audios/generated_H2_128C_int8/61-70970-0003_generated.wav,3.835011,1.115082,1.111824,0.290764,0.289914,1.975933,0.901602,0.504344
H2_128C_quantized_resblocks_range_3_8,61-70970-0004.wav,generated_audios/generated_H2_128C_int8/61-70970-0004_generated.wav,10.515011,3.132328,3.128783,0.297891,0.297554,1.8989,0.903047,0.508335
H2_128C_quantized_resblocks_range_3_8,61-70970-0005.wav,generated_audios/generated_H2_128C_int8/61-70970-0005_generated.wav,2.02,0.582321,0.579149,0.288278,0.286707,2.124829,0.885405,0.517856
H2_128C_quantized_resblocks_range_3_8,61-70970-0006.wav,generated_audios/generated_H2_128C_int8/61-70970-0006_generated.wav,2.335011,0.693213,0.689893,0.296878,0.295456,1.705619,0.91971,0.527872
H2_128C_quantized_resblocks_range_3_8,61-70970-0007.wav,generated_audios/generated_H2_128C_int8/61-70970-0007_generated.wav,4.485034,1.397469,1.394228,0.311585,0.310862,1.797436,0.904284,0.557865
H2_128C_quantized_resblocks_range_3_8,61-70970-0008.wav,generated_audios/generated_H2_128C_int8/61-70970-0008_generated.wav,2.150023,0.669296,0.665879,0.311297,0.309708,2.189756,0.898801,0.535232
H2_128C_quantized_resblocks_range_3_8,61-70970-0009.wav,generated_audios/generated_H2_128C_int8/61-70970-0009_generated.wav,3.405034,1.083771,1.080395,0.318285,0.317294,1.95312,0.925736,0.479049
H2_128C_quantized_resblocks_range_3_8,61-70970-0010.wav,generated_audios/generated_H2_128C_int8/61-70970-0010_generated.wav,3.045034,0.08885,0.085492,0.029179,0.028076,1.964482,0.902239,0.505382
H2_128C_quantized_resblocks_range_3_8,61-70970-0011.wav,generated_audios/generated_H2_128C_int8/61-70970-0011_generated.wav,6.075011,0.132537,0.128697,0.021817,0.021185,1.753605,0.874391,0.519655
H2_128C_quantized_resblocks_range_3_8,61-70970-0012.wav,generated_audios/generated_H2_128C_int8/61-70970-0012_generated.wav,3.135011,0.074948,0.071628,0.023907,0.022848,1.887961,0.926448,0.515571
H2_128C_quantized_resblocks_range_3_8,61-70970-0013.wav,generated_audios/generated_H2_128C_int8/61-70970-0013_generated.wav,4.350023,1.33892,1.335259,0.307796,0.306955,1.69277,0.921466,0.549054
H2_128C_quantized_resblocks_range_3_8,61-70970-0014.wav,generated_audios/generated_H2_128C_int8/61-70970-0014_generated.wav,3.405034,0.081357,0.078017,0.023893,0.022912,1.83822,0.931701,0.507695
H2_128C_quantized_resblocks_range_3_8,61-70970-0015.wav,generated_audios/generated_H2_128C_int8/61-70970-0015_generated.wav,8.415011,2.572428,2.568262,0.305695,0.3052,1.775877,0.922845,0.537493
H2_128C_quantized_resblocks_range_3_8,61-70970-0016.wav,generated_audios/generated_H2_128C_int8/61-70970-0016_generated.wav,4.370023,1.341717,1.338101,0.307027,0.3062,1.870744,0.929883,0.561752
H2_128C_quantized_resblocks_range_3_8,61-70970-0017.wav,generated_audios/generated_H2_128C_int8/61-70970-0017_generated.wav,2.550023,0.076376,0.073138,0.029951,0.028681,1.674868,0.88759,0.5667
H2_128C_quantized_resblocks_range_3_8,61-70970-0018.wav,generated_audios/generated_H2_128C_int8/61-70970-0018_generated.wav,4.6,1.304295,1.30091,0.283542,0.282807,1.680488,0.891568,0.557781
H2_128C_quantized_resblocks_range_3_8,61-70970-0019.wav,generated_audios/generated_H2_128C_int8/61-70970-0019_generated.wav,3.78,1.129592,1.12754,0.298834,0.298291,1.922895,0.915188,0.553208
H2_128C_quantized_resblocks_range_3_8,61-70970-0020.wav,generated_audios/generated_H2_128C_int8/61-70970-0020_generated.wav,5.025034,0.13953,0.136188,0.027767,0.027102,1.6947,0.875074,0.565486
H2_128C_quantized_resblocks_range_3_8,61-70970-0021.wav,generated_audios/generated_H2_128C_int8/61-70970-0021_generated.wav,5.405034,1.539615,1.536222,0.284848,0.284221,1.847878,0.905708,0.535079
H2_128C_quantized_resblocks_range_3_8,61-70970-0022.wav,generated_audios/generated_H2_128C_int8/61-70970-0022_generated.wav,3.970023,0.108285,0.104985,0.027276,0.026444,1.899712,0.902089,0.542763
H2_128C_quantized_resblocks_range_3_8,61-70970-0023.wav,generated_audios/generated_H2_128C_int8/61-70970-0023_generated.wav,3.705034,0.102298,0.098861,0.027611,0.026683,1.878604,0.927629,0.506633
H2_128C_quantized_resblocks_range_3_8,61-70970-0024.wav,generated_audios/generated_H2_128C_int8/61-70970-0024_generated.wav,7.235011,2.162502,2.158653,0.298894,0.298362,1.858864,0.923512,0.537964
H2_128C_quantized_resblocks_range_3_8,61-70970-0025.wav,generated_audios/generated_H2_128C_int8/61-70970-0025_generated.wav,7.435011,2.243491,2.239537,0.301747,0.301215,1.90188,0.932128,0.521949
H2_128C_quantized_resblocks_range_3_8,61-70970-0026.wav,generated_audios/generated_H2_128C_int8/61-70970-0026_generated.wav,5.475011,0.164566,0.160827,0.030058,0.029375,1.875476,0.914433,0.493277
H2_128C_quantized_resblocks_range_3_8,61-70970-0027.wav,generated_audios/generated_H2_128C_int8/61-70970-0027_generated.wav,5.08,0.133038,0.129318,0.026189,0.025456,1.820081,0.907333,0.525866
H2_128C_quantized_resblocks_range_3_8,61-70970-0028.wav,generated_audios/generated_H2_128C_int8/61-70970-0028_generated.wav,6.550023,0.180997,0.177514,0.027633,0.027101,2.02132,0.927418,0.488785
H2_128C_quantized_resblocks_range_3_8,61-70970-0029.wav,generated_audios/generated_H2_128C_int8/61-70970-0029_generated.wav,4.030023,0.112344,0.108828,0.027877,0.027004,2.108908,0.902691,0.522378
H2_128C_quantized_resblocks_range_3_8,61-70970-0030.wav,generated_audios/generated_H2_128C_int8/61-70970-0030_generated.wav,3.24,0.093256,0.089856,0.028783,0.027733,1.609298,0.881473,0.516492
H2_128C_quantized_resblocks_range_3_8,61-70970-0031.wav,generated_audios/generated_H2_128C_int8/61-70970-0031_generated.wav,5.135011,1.519496,1.516056,0.295909,0.295239,1.648773,0.910655,0.542979
H2_128C_quantized_resblocks_range_3_8,61-70970-0032.wav,generated_audios/generated_H2_128C_int8/61-70970-0032_generated.wav,3.135011,0.077543,0.074255,0.024735,0.023686,1.656999,0.904348,0.526004
H2_128C_quantized_resblocks_range_3_8,61-70970-0033.wav,generated_audios/generated_H2_128C_int8/61-70970-0033_generated.wav,3.42,0.952576,0.94903,0.278531,0.277494,1.50031,0.922933,0.527471
H2_128C_quantized_resblocks_range_3_8,61-70970-0034.wav,generated_audios/generated_H2_128C_int8/61-70970-0034_generated.wav,4.485034,0.118309,0.114899,0.026379,0.025618,1.73089,0.887237,0.522459
H2_128C_quantized_resblocks_range_3_8,61-70970-0035.wav,generated_audios/generated_H2_128C_int8/61-70970-0035_generated.wav,7.405034,0.199267,0.19548,0.02691,0.026398,1.827591,0.915999,0.491974
H2_128C_quantized_resblocks_range_3_8,61-70970-0036.wav,generated_audios/generated_H2_128C_int8/61-70970-0036_generated.wav,6.785034,0.178458,0.174744,0.026302,0.025754,1.840758,0.910159,0.510696
H2_128C_quantized_resblocks_range_3_8,61-70970-0037.wav,generated_audios/generated_H2_128C_int8/61-70970-0037_generated.wav,5.98,1.767428,1.763946,0.295556,0.294974,1.891419,0.913858,0.521267
H2_128C_quantized_resblocks_range_3_8,61-70970-0038.wav,generated_audios/generated_H2_128C_int8/61-70970-0038_generated.wav,10.4,3.11035,3.106262,0.299072,0.298679,1.783748,0.907854,0.52553
H2_128C_quantized_resblocks_range_3_8,61-70970-0039.wav,generated_audios/generated_H2_128C_int8/61-70970-0039_generated.wav,6.665034,0.175695,0.172127,0.026361,0.025825,1.661218,0.88703,0.515322
H2_128C_quantized_resblocks_range_3_8,61-70970-0040.wav,generated_audios/generated_H2_128C_int8/61-70970-0040_generated.wav,4.165034,0.113028,0.109714,0.027137,0.026342,1.724993,0.917097,0.548632
H2_128C_quantized_resblocks_range_3_8,672-122797-0000.wav,generated_audios/generated_H2_128C_int8/672-122797-0000_generated.wav,4.070023,1.217788,1.214511,0.299209,0.298404,1.912916,0.932757,0.525159
H2_128C_quantized_resblocks_range_3_8,672-122797-0001.wav,generated_audios/generated_H2_128C_int8/672-122797-0001_generated.wav,15.130023,4.68598,4.681641,0.309714,0.309427,2.071154,0.923422,0.503454
H2_128C_quantized_resblocks_range_3_8,672-122797-0002.wav,generated_audios/generated_H2_128C_int8/672-122797-0002_generated.wav,13.62,3.845713,3.841157,0.282358,0.282023,2.038069,0.921044,0.522445
H2_128C_quantized_resblocks_range_3_8,672-122797-0003.wav,generated_audios/generated_H2_128C_int8/672-122797-0003_generated.wav,4.76,1.415037,1.411306,0.297277,0.296493,1.768187,0.870477,0.545659
H2_128C_quantized_resblocks_range_3_8,672-122797-0004.wav,generated_audios/generated_H2_128C_int8/672-122797-0004_generated.wav,10.250023,2.981337,2.97701,0.290861,0.290439,1.898138,0.888856,0.559297
H2_128C_quantized_resblocks_range_3_8,672-122797-0005.wav,generated_audios/generated_H2_128C_int8/672-122797-0005_generated.wav,3.26,0.959205,0.955884,0.294235,0.293216,1.84571,0.811898,0.591088
H2_128C_quantized_resblocks_range_3_8,672-122797-0006.wav,generated_audios/generated_H2_128C_int8/672-122797-0006_generated.wav,13.950023,4.378886,4.37432,0.313898,0.313571,1.560718,0.783045,0.638341
H2_128C_quantized_resblocks_range_3_8,672-122797-0007.wav,generated_audios/generated_H2_128C_int8/672-122797-0007_generated.wav,6.42,1.884151,1.880119,0.293481,0.292853,1.836427,0.816792,0.58692
H2_128C_quantized_resblocks_range_3_8,672-122797-0008.wav,generated_audios/generated_H2_128C_int8/672-122797-0008_generated.wav,30.810023,9.479584,9.473206,0.307679,0.307472,1.834416,0.831057,0.579927
H2_128C_quantized_resblocks_range_3_8,672-122797-0009.wav,generated_audios/generated_H2_128C_int8/672-122797-0009_generated.wav,2.765034,0.081195,0.077838,0.029365,0.028151,1.587246,0.803551,0.655988
H2_128C_quantized_resblocks_range_3_8,672-122797-0010.wav,generated_audios/generated_H2_128C_int8/672-122797-0010_generated.wav,3.815011,0.105998,0.10259,0.027784,0.026891,1.712573,0.859247,0.581648
H2_128C_quantized_resblocks_range_3_8,672-122797-0011.wav,generated_audios/generated_H2_128C_int8/672-122797-0011_generated.wav,2.54,0.771071,0.767901,0.303571,0.302323,1.545247,0.847022,0.586847
H2_128C_quantized_resblocks_range_3_8,672-122797-0012.wav,generated_audios/generated_H2_128C_int8/672-122797-0012_generated.wav,7.765034,2.390825,2.387259,0.307896,0.307437,1.679261,0.866113,0.55966
H2_128C_quantized_resblocks_range_3_8,672-122797-0013.wav,generated_audios/generated_H2_128C_int8/672-122797-0013_generated.wav,8.705034,2.67292,2.668822,0.307054,0.306584,1.828595,0.824528,0.573774
H2_128C_quantized_resblocks_range_3_8,672-122797-0014.wav,generated_audios/generated_H2_128C_int8/672-122797-0014_generated.wav,2.555011,0.078342,0.075316,0.030662,0.029478,1.762465,0.879386,0.611868
H2_128C_quantized_resblocks_range_3_8,672-122797-0015.wav,generated_audios/generated_H2_128C_int8/672-122797-0015_generated.wav,4.455011,0.121271,0.117692,0.027221,0.026418,1.644211,0.841488,0.638475
H2_128C_quantized_resblocks_range_3_8,672-122797-0016.wav,generated_audios/generated_H2_128C_int8/672-122797-0016_generated.wav,9.215011,2.758183,2.754207,0.299314,0.298883,1.70922,0.842847,0.58332
H2_128C_quantized_resblocks_range_3_8,672-122797-0017.wav,generated_audios/generated_H2_128C_int8/672-122797-0017_generated.wav,4.82,1.429903,1.426283,0.29666,0.295909,1.650216,0.852182,0.563123
H2_128C_quantized_resblocks_range_3_8,672-122797-0018.wav,generated_audios/generated_H2_128C_int8/672-122797-0018_generated.wav,4.930023,1.482098,1.478962,0.300627,0.299991,1.760786,0.859758,0.560729
H2_128C_quantized_resblocks_range_3_8,672-122797-0019.wav,generated_audios/generated_H2_128C_int8/672-122797-0019_generated.wav,4.110023,1.179416,1.176079,0.286961,0.286149,1.601204,0.832482,0.653814
H2_128C_quantized_resblocks_range_3_8,672-122797-0020.wav,generated_audios/generated_H2_128C_int8/672-122797-0020_generated.wav,8.825034,2.652228,2.648068,0.300535,0.300063,1.676322,0.81799,0.606733
H2_128C_quantized_resblocks_range_3_8,672-122797-0021.wav,generated_audios/generated_H2_128C_int8/672-122797-0021_generated.wav,4.150023,0.117574,0.114324,0.028331,0.027548,1.823612,0.913803,0.551105
H2_128C_quantized_resblocks_range_3_8,672-122797-0022.wav,generated_audios/generated_H2_128C_int8/672-122797-0022_generated.wav,19.004943,5.775182,5.770543,0.303878,0.303634,1.840686,0.81919,0.550493
H2_128C_quantized_resblocks_range_3_8,672-122797-0023.wav,generated_audios/generated_H2_128C_int8/672-122797-0023_generated.wav,9.695102,2.885766,2.883051,0.297652,0.297372,1.874874,0.858063,0.570218
H2_128C_quantized_resblocks_range_3_8,672-122797-0024.wav,generated_audios/generated_H2_128C_int8/672-122797-0024_generated.wav,4.130023,1.208244,1.205022,0.292551,0.291771,1.733899,0.796549,0.59476
H2_128C_quantized_resblocks_range_3_8,672-122797-0025.wav,generated_audios/generated_H2_128C_int8/672-122797-0025_generated.wav,10.690023,3.235818,3.231933,0.302695,0.302332,1.935452,0.911604,0.548341
H2_128C_quantized_resblocks_range_3_8,672-122797-0026.wav,generated_audios/generated_H2_128C_int8/672-122797-0026_generated.wav,13.96,4.238443,4.234275,0.303613,0.303315,1.687751,0.851553,0.565085
H2_128C_quantized_resblocks_range_3_8,672-122797-0027.wav,generated_audios/generated_H2_128C_int8/672-122797-0027_generated.wav,4.790023,0.128063,0.124438,0.026735,0.025979,1.778571,0.793993,0.571322
H2_128C_quantized_resblocks_range_3_8,672-122797-0028.wav,generated_audios/generated_H2_128C_int8/672-122797-0028_generated.wav,2.610023,0.07977,0.076531,0.030563,0.029322,1.810607,0.87851,0.552382
H2_128C_quantized_resblocks_range_3_8,672-122797-0029.wav,generated_audios/generated_H2_128C_int8/672-122797-0029_generated.wav,3.050023,0.08936,0.08628,0.029298,0.028288,1.951445,0.907136,0.567273
H2_128C_quantized_resblocks_range_3_8,672-122797-0030.wav,generated_audios/generated_H2_128C_int8/672-122797-0030_generated.wav,4.575011,1.357769,1.354435,0.296779,0.296051,1.605926,0.895984,0.571984
H2_128C_quantized_resblocks_range_3_8,672-122797-0031.wav,generated_audios/generated_H2_128C_int8/672-122797-0031_generated.wav,3.98,0.114073,0.110775,0.028662,0.027833,1.785629,0.849779,0.540167
H2_128C_quantized_resblocks_range_3_8,672-122797-0032.wav,generated_audios/generated_H2_128C_int8/672-122797-0032_generated.wav,4.0,0.109467,0.106208,0.027367,0.026552,1.720039,0.832914,0.555505
H2_128C_quantized_resblocks_range_3_8,672-122797-0033.wav,generated_audios/generated_H2_128C_int8/672-122797-0033_generated.wav,1.285034,0.341926,0.338992,0.266083,0.2638,1.513072,0.791097,0.574342
H2_128C_quantized_resblocks_range_3_8,672-122797-0034.wav,generated_audios/generated_H2_128C_int8/672-122797-0034_generated.wav,5.110023,0.137607,0.134164,0.026929,0.026255,1.611041,0.910477,0.578209
H2_128C_quantized_resblocks_range_3_8,672-122797-0035.wav,generated_audios/generated_H2_128C_int8/672-122797-0035_generated.wav,2.9,0.085241,0.081948,0.029394,0.028258,2.203742,0.92435,0.533202
H2_128C_quantized_resblocks_range_3_8,672-122797-0036.wav,generated_audios/generated_H2_128C_int8/672-122797-0036_generated.wav,5.365034,0.147823,0.144245,0.027553,0.026886,1.56944,0.808872,0.549579
H2_128C_quantized_resblocks_range_3_8,672-122797-0037.wav,generated_audios/generated_H2_128C_int8/672-122797-0037_generated.wav,1.96,0.5476,0.544405,0.279388,0.277757,1.585607,0.82477,0.612236
H2_128C_quantized_resblocks_range_3_8,672-122797-0038.wav,generated_audios/generated_H2_128C_int8/672-122797-0038_generated.wav,8.8,2.697526,2.69406,0.306537,0.306143,1.817066,0.850277,0.570775
H2_128C_quantized_resblocks_range_3_8,672-122797-0039.wav,generated_audios/generated_H2_128C_int8/672-122797-0039_generated.wav,4.025034,1.206762,1.202811,0.299814,0.298832,1.941246,0.879859,0.57405
H2_128C_quantized_resblocks_range_3_8,672-122797-0040.wav,generated_audios/generated_H2_128C_int8/672-122797-0040_generated.wav,5.125034,0.143659,0.140051,0.028031,0.027327,1.789858,0.857157,0.578022
H2_128C_quantized_resblocks_range_3_8,672-122797-0041.wav,generated_audios/generated_H2_128C_int8/672-122797-0041_generated.wav,3.88,0.109819,0.106549,0.028304,0.027461,1.823312,0.878789,0.55848
H2_128C_quantized_resblocks_range_3_8,672-122797-0042.wav,generated_audios/generated_H2_128C_int8/672-122797-0042_generated.wav,15.310023,4.703944,4.699166,0.307246,0.306934,1.993972,0.708639,0.571197
H2_128C_quantized_resblocks_range_3_8,672-122797-0043.wav,generated_audios/generated_H2_128C_int8/672-122797-0043_generated.wav,3.78,0.108483,0.105031,0.028699,0.027786,1.454549,0.787447,0.620203
H2_128C_quantized_resblocks_range_3_8,672-122797-0044.wav,generated_audios/generated_H2_128C_int8/672-122797-0044_generated.wav,3.74,0.105733,0.102436,0.028271,0.027389,1.913952,0.818311,0.598274
H2_128C_quantized_resblocks_range_3_8,672-122797-0045.wav,generated_audios/generated_H2_128C_int8/672-122797-0045_generated.wav,13.96,0.323047,0.31918,0.023141,0.022864,1.861265,0.907284,0.542237
H2_128C_quantized_resblocks_range_3_8,672-122797-0046.wav,generated_audios/generated_H2_128C_int8/672-122797-0046_generated.wav,4.715011,1.408016,1.404464,0.298624,0.297871,1.878066,0.872283,0.599146
H2_128C_quantized_resblocks_range_3_8,672-122797-0047.wav,generated_audios/generated_H2_128C_int8/672-122797-0047_generated.wav,3.325034,0.984115,0.980761,0.295971,0.294963,1.891371,0.833647,0.577216
H2_128C_quantized_resblocks_range_3_8,672-122797-0048.wav,generated_audios/generated_H2_128C_int8/672-122797-0048_generated.wav,6.555011,0.182769,0.179058,0.027882,0.027316,1.314967,0.76609,0.587206
H2_128C_quantized_resblocks_range_3_8,672-122797-0049.wav,generated_audios/generated_H2_128C_int8/672-122797-0049_generated.wav,2.02,0.064396,0.061262,0.031879,0.030328,1.704437,0.74986,0.568253
H2_128C_quantized_resblocks_range_3_8,672-122797-0050.wav,generated_audios/generated_H2_128C_int8/672-122797-0050_generated.wav,4.855011,1.453374,1.450111,0.299356,0.298683,1.838034,0.862582,0.529768
H2_128C_quantized_resblocks_range_3_8,672-122797-0051.wav,generated_audios/generated_H2_128C_int8/672-122797-0051_generated.wav,4.665034,1.431186,1.427572,0.30679,0.306015,1.765485,0.823371,0.59243
H2_128C_quantized_resblocks_range_3_8,672-122797-0052.wav,generated_audios/generated_H2_128C_int8/672-122797-0052_generated.wav,4.285034,1.25003,1.246375,0.29172,0.290867,1.667864,0.869052,0.583751
H2_128C_quantized_resblocks_range_3_8,672-122797-0053.wav,generated_audios/generated_H2_128C_int8/672-122797-0053_generated.wav,2.955011,0.086529,0.083328,0.029282,0.028199,1.852937,0.850908,0.555883
H2_128C_quantized_resblocks_range_3_8,672-122797-0054.wav,generated_audios/generated_H2_128C_int8/672-122797-0054_generated.wav,4.250023,0.170978,0.126652,0.04023,0.0298,1.893179,0.813471,0.529082
H2_128C_quantized_resblocks_range_3_8,672-122797-0055.wav,generated_audios/generated_H2_128C_int8/672-122797-0055_generated.wav,8.230023,2.378125,2.374524,0.288957,0.28852,1.92695,0.82894,0.551863
H2_128C_quantized_resblocks_range_3_8,672-122797-0056.wav,generated_audios/generated_H2_128C_int8/672-122797-0056_generated.wav,5.225034,0.154473,0.150705,0.029564,0.028843,1.739478,0.87414,0.551899
H2_128C_quantized_resblocks_range_3_8,672-122797-0057.wav,generated_audios/generated_H2_128C_int8/672-122797-0057_generated.wav,6.56,0.177559,0.17379,0.027067,0.026492,1.825398,0.796448,0.577393
H2_128C_quantized_resblocks_range_3_8,672-122797-0058.wav,generated_audios/generated_H2_128C_int8/672-122797-0058_generated.wav,4.470023,1.347707,1.34412,0.301499,0.300697,1.333547,0.779012,0.616865
H2_128C_quantized_resblocks_range_3_8,672-122797-0059.wav,generated_audios/generated_H2_128C_int8/672-122797-0059_generated.wav,3.52,1.02961,1.026121,0.292503,0.291512,1.880444,0.878249,0.572813
H2_128C_quantized_resblocks_range_3_8,672-122797-0060.wav,generated_audios/generated_H2_128C_int8/672-122797-0060_generated.wav,3.350023,0.102097,0.098722,0.030477,0.029469,1.950833,0.932757,0.564734
H2_128C_quantized_resblocks_range_3_8,672-122797-0061.wav,generated_audios/generated_H2_128C_int8/672-122797-0061_generated.wav,7.590023,2.363374,2.359467,0.311379,0.310864,1.733665,0.884872,0.606975
H2_128C_quantized_resblocks_range_3_8,672-122797-0062.wav,generated_audios/generated_H2_128C_int8/672-122797-0062_generated.wav,2.675011,0.824665,0.821336,0.308285,0.30704,1.814323,0.73739,0.629212
H2_128C_quantized_resblocks_range_3_8,672-122797-0063.wav,generated_audios/generated_H2_128C_int8/672-122797-0063_generated.wav,5.075011,0.133463,0.12994,0.026298,0.025604,1.942217,0.888981,0.570021
H2_128C_quantized_resblocks_range_3_8,672-122797-0064.wav,generated_audios/generated_H2_128C_int8/672-122797-0064_generated.wav,15.270023,4.656292,4.651728,0.30493,0.304631,1.823645,0.837176,0.553952
H2_128C_quantized_resblocks_range_3_8,672-122797-0065.wav,generated_audios/generated_H2_128C_int8/672-122797-0065_generated.wav,3.030023,0.08985,0.086468,0.029653,0.028537,1.661563,0.842838,0.611049
H2_128C_quantized_resblocks_range_3_8,672-122797-0066.wav,generated_audios/generated_H2_128C_int8/672-122797-0066_generated.wav,4.815011,0.135655,0.132363,0.028173,0.02749,1.852715,0.927577,0.547772
H2_128C_quantized_resblocks_range_3_8,672-122797-0067.wav,generated_audios/generated_H2_128C_int8/672-122797-0067_generated.wav,13.035011,3.777092,3.772181,0.289765,0.289388,1.900573,0.898918,0.552309
H2_128C_quantized_resblocks_range_3_8,672-122797-0068.wav,generated_audios/generated_H2_128C_int8/672-122797-0068_generated.wav,4.02,0.109598,0.105751,0.027263,0.026306,1.756164,0.836793,0.567121
H2_128C_quantized_resblocks_range_3_8,672-122797-0069.wav,generated_audios/generated_H2_128C_int8/672-122797-0069_generated.wav,5.010023,1.536764,1.532765,0.306738,0.30594,1.721652,0.787733,0.591465
H2_128C_quantized_resblocks_range_3_8,672-122797-0070.wav,generated_audios/generated_H2_128C_int8/672-122797-0070_generated.wav,6.270023,1.784737,1.780872,0.284646,0.28403,1.719181,0.900326,0.558312
H2_128C_quantized_resblocks_range_3_8,672-122797-0071.wav,generated_audios/generated_H2_128C_int8/672-122797-0071_generated.wav,8.875011,2.704567,2.700327,0.30474,0.304262,2.011396,0.926403,0.538373
H2_128C_quantized_resblocks_range_3_8,672-122797-0072.wav,generated_audios/generated_H2_128C_int8/672-122797-0072_generated.wav,7.94,2.450538,2.446452,0.308632,0.308117,1.977156,0.835675,0.573328
H2_128C_quantized_resblocks_range_3_8,672-122797-0073.wav,generated_audios/generated_H2_128C_int8/672-122797-0073_generated.wav,8.205034,2.502818,2.49908,0.305034,0.304579,1.840351,0.889868,0.559004
H2_128C_quantized_resblocks_range_3_8,672-122797-0074.wav,generated_audios/generated_H2_128C_int8/672-122797-0074_generated.wav,8.730023,2.685695,2.681476,0.307639,0.307156,2.072617,0.712863,0.589373
H2_128C_quantized_resblocks_range_3_8,908-157963-0000.wav,generated_audios/generated_H2_128C_int8/908-157963-0000_generated.wav,12.62,3.64778,3.643183,0.289048,0.288683,1.861554,0.890927,0.588626
H2_128C_quantized_resblocks_range_3_8,908-157963-0001.wav,generated_audios/generated_H2_128C_int8/908-157963-0001_generated.wav,2.885034,0.857015,0.853644,0.297055,0.295887,1.921534,0.936674,0.590634
H2_128C_quantized_resblocks_range_3_8,908-157963-0002.wav,generated_audios/generated_H2_128C_int8/908-157963-0002_generated.wav,2.755011,0.82755,0.823994,0.30038,0.299089,1.883555,0.920978,0.571466
H2_128C_quantized_resblocks_range_3_8,908-157963-0003.wav,generated_audios/generated_H2_128C_int8/908-157963-0003_generated.wav,3.08,0.914545,0.911291,0.29693,0.295874,1.729156,0.928541,0.552396
H2_128C_quantized_resblocks_range_3_8,908-157963-0004.wav,generated_audios/generated_H2_128C_int8/908-157963-0004_generated.wav,13.990023,4.21401,4.209946,0.301215,0.300925,1.876753,0.890844,0.560745
H2_128C_quantized_resblocks_range_3_8,908-157963-0005.wav,generated_audios/generated_H2_128C_int8/908-157963-0005_generated.wav,7.035011,2.072401,2.069039,0.294584,0.294106,1.904345,0.892671,0.584441
H2_128C_quantized_resblocks_range_3_8,908-157963-0006.wav,generated_audios/generated_H2_128C_int8/908-157963-0006_generated.wav,8.110023,2.429112,2.424808,0.29952,0.298989,1.85904,0.88664,0.56353
H2_128C_quantized_resblocks_range_3_8,908-157963-0007.wav,generated_audios/generated_H2_128C_int8/908-157963-0007_generated.wav,32.770023,10.230262,10.223648,0.312184,0.311982,1.848183,0.893555,0.581017
H2_128C_quantized_resblocks_range_3_8,908-157963-0008.wav,generated_audios/generated_H2_128C_int8/908-157963-0008_generated.wav,19.950023,6.111041,6.107362,0.306317,0.306133,1.934411,0.903198,0.56972
H2_128C_quantized_resblocks_range_3_8,908-157963-0009.wav,generated_audios/generated_H2_128C_int8/908-157963-0009_generated.wav,4.06,1.238199,1.234157,0.304975,0.303979,1.911818,0.909751,0.540222
H2_128C_quantized_resblocks_range_3_8,908-157963-0010.wav,generated_audios/generated_H2_128C_int8/908-157963-0010_generated.wav,6.28,0.137952,0.134394,0.021967,0.0214,1.866183,0.824941,0.579196
H2_128C_quantized_resblocks_range_3_8,908-157963-0011.wav,generated_audios/generated_H2_128C_int8/908-157963-0011_generated.wav,10.395011,0.284788,0.280731,0.027397,0.027006,1.736469,0.877958,0.576541
H2_128C_quantized_resblocks_range_3_8,908-157963-0012.wav,generated_audios/generated_H2_128C_int8/908-157963-0012_generated.wav,10.090023,3.018452,3.014175,0.299152,0.298728,1.752814,0.857938,0.571112
H2_128C_quantized_resblocks_range_3_8,908-157963-0013.wav,generated_audios/generated_H2_128C_int8/908-157963-0013_generated.wav,4.315011,0.122371,0.118652,0.028359,0.027498,1.789106,0.911531,0.633848
H2_128C_quantized_resblocks_range_3_8,908-157963-0014.wav,generated_audios/generated_H2_128C_int8/908-157963-0014_generated.wav,4.52,0.123425,0.119995,0.027306,0.026547,1.890888,0.896897,0.653544
H2_128C_quantized_resblocks_range_3_8,908-157963-0015.wav,generated_audios/generated_H2_128C_int8/908-157963-0015_generated.wav,14.465034,4.108578,4.104093,0.284035,0.283725,1.982192,0.918482,0.562147
H2_128C_quantized_resblocks_range_3_8,908-157963-0016.wav,generated_audios/generated_H2_128C_int8/908-157963-0016_generated.wav,5.105034,0.134224,0.130631,0.026292,0.025589,1.971071,0.927898,0.570657
H2_128C_quantized_resblocks_range_3_8,908-157963-0017.wav,generated_audios/generated_H2_128C_int8/908-157963-0017_generated.wav,4.950023,1.40643,1.402853,0.284126,0.283403,2.041477,0.916755,0.546246
H2_128C_quantized_resblocks_range_3_8,908-157963-0018.wav,generated_audios/generated_H2_128C_int8/908-157963-0018_generated.wav,4.255011,0.132414,0.128962,0.031119,0.030308,1.922004,0.900889,0.565114
H2_128C_quantized_resblocks_range_3_8,908-157963-0019.wav,generated_audios/generated_H2_128C_int8/908-157963-0019_generated.wav,21.44,6.618996,6.613365,0.308722,0.308459,1.757992,0.892229,0.61265
H2_128C_quantized_resblocks_range_3_8,908-157963-0020.wav,generated_audios/generated_H2_128C_int8/908-157963-0020_generated.wav,9.8,2.969376,2.965728,0.302998,0.302625,1.85147,0.896683,0.597559
H2_128C_quantized_resblocks_range_3_8,908-157963-0021.wav,generated_audios/generated_H2_128C_int8/908-157963-0021_generated.wav,10.24,0.273081,0.268675,0.026668,0.026238,1.85985,0.902212,0.587224
H2_128C_quantized_resblocks_range_3_8,908-157963-0022.wav,generated_audios/generated_H2_128C_int8/908-157963-0022_generated.wav,4.610023,1.402545,1.399009,0.304238,0.303471,1.924354,0.896753,0.577889
H2_128C_quantized_resblocks_range_3_8,908-157963-0023.wav,generated_audios/generated_H2_128C_int8/908-157963-0023_generated.wav,9.625034,2.98418,2.979855,0.310044,0.309594,1.938044,0.86987,0.581521
H2_128C_quantized_resblocks_range_3_8,908-157963-0024.wav,generated_audios/generated_H2_128C_int8/908-157963-0024_generated.wav,3.44,1.056715,1.05338,0.307184,0.306215,1.817944,0.890462,0.62139
H2_128C_quantized_resblocks_range_3_8,908-157963-0025.wav,generated_audios/generated_H2_128C_int8/908-157963-0025_generated.wav,9.265034,2.669257,2.664687,0.2881,0.287607,1.845469,0.884585,0.601527
H2_128C_quantized_resblocks_range_3_8,908-157963-0026.wav,generated_audios/generated_H2_128C_int8/908-157963-0026_generated.wav,8.1,2.416414,2.412575,0.298323,0.297849,1.884345,0.888466,0.559052
H2_128C_quantized_resblocks_range_3_8,908-157963-0027.wav,generated_audios/generated_H2_128C_int8/908-157963-0027_generated.wav,5.225034,0.145138,0.141247,0.027777,0.027033,1.870347,0.841642,0.613138
H2_128C_quantized_resblocks_range_3_8,908-157963-0028.wav,generated_audios/generated_H2_128C_int8/908-157963-0028_generated.wav,4.955011,0.113862,0.11035,0.022979,0.02227,1.991114,0.92568,0.553352
H2_128C_quantized_resblocks_range_3_8,908-157963-0029.wav,generated_audios/generated_H2_128C_int8/908-157963-0029_generated.wav,3.630023,1.011699,1.008435,0.278703,0.277804,1.854507,0.933583,0.565121
H2_128C_quantized_resblocks_range_3_8,908-157963-0030.wav,generated_audios/generated_H2_128C_int8/908-157963-0030_generated.wav,4.52,0.105484,0.101892,0.023337,0.022542,1.939157,0.918198,0.622952
H2_128C_quantized_resblocks_range_3_8,908-31957-0000.wav,generated_audios/generated_H2_128C_int8/908-31957-0000_generated.wav,2.125034,0.610824,0.607757,0.287442,0.285999,2.238043,0.913127,0.630708
H2_128C_quantized_resblocks_range_3_8,908-31957-0001.wav,generated_audios/generated_H2_128C_int8/908-31957-0001_generated.wav,11.315011,3.445415,3.441258,0.304499,0.304132,1.767925,0.899861,0.624761
H2_128C_quantized_resblocks_range_3_8,908-31957-0002.wav,generated_audios/generated_H2_128C_int8/908-31957-0002_generated.wav,4.790023,0.131797,0.128032,0.027515,0.026729,1.799025,0.901662,0.633437
H2_128C_quantized_resblocks_range_3_8,908-31957-0003.wav,generated_audios/generated_H2_128C_int8/908-31957-0003_generated.wav,6.565034,0.171234,0.167613,0.026083,0.025531,1.832329,0.90546,0.599379
H2_128C_quantized_resblocks_range_3_8,908-31957-0004.wav,generated_audios/generated_H2_128C_int8/908-31957-0004_generated.wav,14.755011,4.536549,4.532068,0.307458,0.307154,1.865961,0.90537,0.606328
H2_128C_quantized_resblocks_range_3_8,908-31957-0005.wav,generated_audios/generated_H2_128C_int8/908-31957-0005_generated.wav,4.490023,0.121073,0.117576,0.026965,0.026186,1.866362,0.907268,0.661553
H2_128C_quantized_resblocks_range_3_8,908-31957-0006.wav,generated_audios/generated_H2_128C_int8/908-31957-0006_generated.wav,5.890023,1.671652,1.667531,0.283811,0.283111,1.801159,0.90293,0.64563
H2_128C_quantized_resblocks_range_3_8,908-31957-0007.wav,generated_audios/generated_H2_128C_int8/908-31957-0007_generated.wav,5.8,0.147236,0.143677,0.025386,0.024772,1.951427,0.907298,0.607865
H2_128C_quantized_resblocks_range_3_8,908-31957-0008.wav,generated_audios/generated_H2_128C_int8/908-31957-0008_generated.wav,10.005034,2.835921,2.831729,0.283449,0.28303,1.793127,0.903819,0.61217
H2_128C_quantized_resblocks_range_3_8,908-31957-0009.wav,generated_audios/generated_H2_128C_int8/908-31957-0009_generated.wav,7.705034,2.200769,2.196884,0.285627,0.285123,1.732001,0.901703,0.620867
H2_128C_quantized_resblocks_range_3_8,908-31957-0010.wav,generated_audios/generated_H2_128C_int8/908-31957-0010_generated.wav,2.510023,0.711023,0.707625,0.283273,0.28192,1.769846,0.798134,0.71055
H2_128C_quantized_resblocks_range_3_8,908-31957-0011.wav,generated_audios/generated_H2_128C_int8/908-31957-0011_generated.wav,2.335011,0.073697,0.070814,0.031562,0.030327,1.926066,0.874856,0.616612
H2_128C_quantized_resblocks_range_3_8,908-31957-0012.wav,generated_audios/generated_H2_128C_int8/908-31957-0012_generated.wav,7.615011,2.281556,2.277803,0.299613,0.29912,1.777979,0.898023,0.650858
H2_128C_quantized_resblocks_range_3_8,908-31957-0013.wav,generated_audios/generated_H2_128C_int8/908-31957-0013_generated.wav,6.18,1.841877,1.838587,0.298038,0.297506,1.897427,0.881584,0.644566
H2_128C_quantized_resblocks_range_3_8,908-31957-0014.wav,generated_audios/generated_H2_128C_int8/908-31957-0014_generated.wav,7.56,2.117441,2.113918,0.280085,0.279619,1.794168,0.897749,0.630821
H2_128C_quantized_resblocks_range_3_8,908-31957-0015.wav,generated_audios/generated_H2_128C_int8/908-31957-0015_generated.wav,21.465034,6.265078,6.259905,0.291874,0.291633,1.842242,0.890811,0.642965
H2_128C_quantized_resblocks_range_3_8,908-31957-0016.wav,generated_audios/generated_H2_128C_int8/908-31957-0016_generated.wav,6.48,1.855098,1.851355,0.286281,0.285703,1.980523,0.898941,0.60846
H2_128C_quantized_resblocks_range_3_8,908-31957-0017.wav,generated_audios/generated_H2_128C_int8/908-31957-0017_generated.wav,7.795011,2.340136,2.336169,0.300209,0.2997,1.732221,0.909709,0.641501
H2_128C_quantized_resblocks_range_3_8,908-31957-0018.wav,generated_audios/generated_H2_128C_int8/908-31957-0018_generated.wav,3.915011,1.214478,1.211077,0.310211,0.309342,1.892693,0.893046,0.630005
H2_128C_quantized_resblocks_range_3_8,908-31957-0019.wav,generated_audios/generated_H2_128C_int8/908-31957-0019_generated.wav,9.54,2.954184,2.950373,0.309663,0.309263,1.874529,0.918161,0.586332
H2_128C_quantized_resblocks_range_3_8,908-31957-0020.wav,generated_audios/generated_H2_128C_int8/908-31957-0020_generated.wav,5.895011,0.131562,0.127922,0.022318,0.0217,1.896901,0.902524,0.622301
H2_128C_quantized_resblocks_range_3_8,908-31957-0021.wav,generated_audios/generated_H2_128C_int8/908-31957-0021_generated.wav,10.905034,3.15152,3.147197,0.288997,0.2886,1.759782,0.900774,0.623281
H2_128C_quantized_resblocks_range_3_8,908-31957-0022.wav,generated_audios/generated_H2_128C_int8/908-31957-0022_generated.wav,14.1,4.317988,4.313445,0.30624,0.305918,1.763479,0.891643,0.622321
H2_128C_quantized_resblocks_range_3_8,908-31957-0023.wav,generated_audios/generated_H2_128C_int8/908-31957-0023_generated.wav,8.515011,2.612585,2.607942,0.306821,0.306276,1.863011,0.910814,0.63647
H2_128C_quantized_resblocks_range_3_8,908-31957-0024.wav,generated_audios/generated_H2_128C_int8/908-31957-0024_generated.wav,7.54,2.238393,2.234485,0.296869,0.296351,1.928611,0.903797,0.634763
H2_128C_quantized_resblocks_range_3_8,908-31957-0025.wav,generated_audios/generated_H2_128C_int8/908-31957-0025_generated.wav,20.56,6.263064,6.25839,0.304624,0.304396,1.842274,0.899092,0.662767
H2_256C_quantized_resblocks_range_3_8,1089-134686-0000.wav,generated_audios/generated_H2_256C_int8/1089-134686-0000_generated.wav,10.435011,0.624788,0.620545,0.059874,0.059468,2.863702,0.96131,0.310191
H2_256C_quantized_resblocks_range_3_8,1089-134686-0001.wav,generated_audios/generated_H2_256C_int8/1089-134686-0001_generated.wav,3.275011,0.187472,0.184329,0.057243,0.056284,2.553954,0.949631,0.327579
H2_256C_quantized_resblocks_range_3_8,1089-134686-0002.wav,generated_audios/generated_H2_256C_int8/1089-134686-0002_generated.wav,6.625034,0.397791,0.394095,0.060044,0.059486,2.996534,0.954216,0.305186
H2_256C_quantized_resblocks_range_3_8,1089-134686-0003.wav,generated_audios/generated_H2_256C_int8/1089-134686-0003_generated.wav,2.68,0.156143,0.152891,0.058262,0.057049,3.032276,0.966975,0.34744
H2_256C_quantized_resblocks_range_3_8,1089-134686-0004.wav,generated_audios/generated_H2_256C_int8/1089-134686-0004_generated.wav,5.215102,0.304192,0.300595,0.058329,0.057639,3.122606,0.974064,0.319935
H2_256C_quantized_resblocks_range_3_8,1089-134686-0005.wav,generated_audios/generated_H2_256C_int8/1089-134686-0005_generated.wav,9.635011,0.572581,0.568677,0.059427,0.059022,2.850904,0.943468,0.311019
H2_256C_quantized_resblocks_range_3_8,1089-134686-0006.wav,generated_audios/generated_H2_256C_int8/1089-134686-0006_generated.wav,10.555011,0.623402,0.61841,0.059062,0.058589,2.823878,0.952318,0.31117
H2_256C_quantized_resblocks_range_3_8,1089-134686-0007.wav,generated_audios/generated_H2_256C_int8/1089-134686-0007_generated.wav,4.275011,0.245616,0.24227,0.057454,0.056671,2.724916,0.966178,0.32927
H2_256C_quantized_resblocks_range_3_8,1089-134686-0008.wav,generated_audios/generated_H2_256C_int8/1089-134686-0008_generated.wav,6.730023,0.388822,0.385227,0.057774,0.05724,2.820703,0.961466,0.312991
H2_256C_quantized_resblocks_range_3_8,1089-134686-0009.wav,generated_audios/generated_H2_256C_int8/1089-134686-0009_generated.wav,10.575011,0.631566,0.62729,0.059722,0.059318,3.045414,0.969952,0.318604
H2_256C_quantized_resblocks_range_3_8,1089-134686-0010.wav,generated_audios/generated_H2_256C_int8/1089-134686-0010_generated.wav,4.405034,0.247392,0.244424,0.056161,0.055487,3.241693,0.969762,0.293012
H2_256C_quantized_resblocks_range_3_8,1089-134686-0011.wav,generated_audios/generated_H2_256C_int8/1089-134686-0011_generated.wav,12.445034,0.802208,0.797936,0.06446,0.064117,3.015378,0.958698,0.300787
H2_256C_quantized_resblocks_range_3_8,1089-134686-0012.wav,generated_audios/generated_H2_256C_int8/1089-134686-0012_generated.wav,11.64,0.707806,0.703291,0.060808,0.06042,2.855364,0.963805,0.31688
H2_256C_quantized_resblocks_range_3_8,1089-134686-0013.wav,generated_audios/generated_H2_256C_int8/1089-134686-0013_generated.wav,7.915011,0.469239,0.465498,0.059285,0.058812,2.584451,0.960088,0.308953
H2_256C_quantized_resblocks_range_3_8,1089-134686-0014.wav,generated_audios/generated_H2_256C_int8/1089-134686-0014_generated.wav,2.225034,0.131244,0.128318,0.058985,0.05767,2.919999,0.976528,0.302448
H2_256C_quantized_resblocks_range_3_8,1089-134686-0015.wav,generated_audios/generated_H2_256C_int8/1089-134686-0015_generated.wav,5.815011,0.332637,0.329298,0.057203,0.056629,2.784234,0.95764,0.32709
H2_256C_quantized_resblocks_range_3_8,1089-134686-0016.wav,generated_audios/generated_H2_256C_int8/1089-134686-0016_generated.wav,3.54,0.205022,0.201699,0.057916,0.056977,2.543277,0.95387,0.311176
H2_256C_quantized_resblocks_range_3_8,1089-134686-0017.wav,generated_audios/generated_H2_256C_int8/1089-134686-0017_generated.wav,8.870023,0.515918,0.512165,0.058164,0.057741,2.782228,0.960875,0.305664
H2_256C_quantized_resblocks_range_3_8,1089-134686-0018.wav,generated_audios/generated_H2_256C_int8/1089-134686-0018_generated.wav,15.72,1.0885,1.08361,0.069243,0.068932,2.858593,0.962165,0.305053
H2_256C_quantized_resblocks_range_3_8,1089-134686-0019.wav,generated_audios/generated_H2_256C_int8/1089-134686-0019_generated.wav,13.895011,0.924811,0.92015,0.066557,0.066222,2.96172,0.962044,0.30296
H2_256C_quantized_resblocks_range_3_8,1089-134686-0020.wav,generated_audios/generated_H2_256C_int8/1089-134686-0020_generated.wav,16.790023,1.249519,1.24429,0.07442,0.074109,2.605618,0.955346,0.308828
H2_256C_quantized_resblocks_range_3_8,1089-134686-0021.wav,generated_audios/generated_H2_256C_int8/1089-134686-0021_generated.wav,6.550023,0.381047,0.377314,0.058175,0.057605,2.703341,0.963335,0.307384
H2_256C_quantized_resblocks_range_3_8,1089-134686-0022.wav,generated_audios/generated_H2_256C_int8/1089-134686-0022_generated.wav,11.175011,0.712879,0.708999,0.063792,0.063445,2.744507,0.960761,0.30277
H2_256C_quantized_resblocks_range_3_8,1089-134686-0023.wav,generated_audios/generated_H2_256C_int8/1089-134686-0023_generated.wav,13.275011,0.879374,0.87476,0.066243,0.065895,2.767156,0.95833,0.305025
H2_256C_quantized_resblocks_range_3_8,1089-134686-0024.wav,generated_audios/generated_H2_256C_int8/1089-134686-0024_generated.wav,11.655011,0.754859,0.750807,0.064767,0.064419,2.683609,0.960145,0.303738
H2_256C_quantized_resblocks_range_3_8,1089-134686-0025.wav,generated_audios/generated_H2_256C_int8/1089-134686-0025_generated.wav,6.610023,0.390616,0.386888,0.059094,0.058531,2.78465,0.960757,0.318974
H2_256C_quantized_resblocks_range_3_8,1089-134686-0026.wav,generated_audios/generated_H2_256C_int8/1089-134686-0026_generated.wav,4.010023,0.223639,0.220732,0.05577,0.055045,2.788589,0.95141,0.313346
H2_256C_quantized_resblocks_range_3_8,1089-134686-0027.wav,generated_audios/generated_H2_256C_int8/1089-134686-0027_generated.wav,2.710023,0.153492,0.150253,0.056639,0.055444,2.494692,0.959597,0.301594
H2_256C_quantized_resblocks_range_3_8,1089-134686-0028.wav,generated_audios/generated_H2_256C_int8/1089-134686-0028_generated.wav,7.830023,0.457308,0.453929,0.058404,0.057973,2.960534,0.96285,0.29783
H2_256C_quantized_resblocks_range_3_8,1089-134686-0029.wav,generated_audios/generated_H2_256C_int8/1089-134686-0029_generated.wav,4.670023,0.263016,0.259669,0.05632,0.055603,3.081559,0.962312,0.297825
H2_256C_quantized_resblocks_range_3_8,1089-134686-0030.wav,generated_audios/generated_H2_256C_int8/1089-134686-0030_generated.wav,2.715011,0.140149,0.13702,0.05162,0.050467,2.86326,0.961719,0.301837
H2_256C_quantized_resblocks_range_3_8,1089-134686-0031.wav,generated_audios/generated_H2_256C_int8/1089-134686-0031_generated.wav,6.615011,0.352163,0.348503,0.053237,0.052684,3.022866,0.957035,0.311461
H2_256C_quantized_resblocks_range_3_8,121-121726-0000.wav,generated_audios/generated_H2_256C_int8/121-121726-0000_generated.wav,8.46,0.501063,0.49741,0.059227,0.058796,2.89734,0.96429,0.419494
H2_256C_quantized_resblocks_range_3_8,121-121726-0001.wav,generated_audios/generated_H2_256C_int8/121-121726-0001_generated.wav,5.925034,0.340425,0.337235,0.057455,0.056917,2.971285,0.954653,0.593791
H2_256C_quantized_resblocks_range_3_8,121-121726-0002.wav,generated_audios/generated_H2_256C_int8/121-121726-0002_generated.wav,4.410023,0.224389,0.220922,0.050881,0.050095,2.917048,0.952392,0.561497
H2_256C_quantized_resblocks_range_3_8,121-121726-0003.wav,generated_audios/generated_H2_256C_int8/121-121726-0003_generated.wav,6.755011,0.385016,0.3812,0.056997,0.056432,3.008,0.967158,0.523195
H2_256C_quantized_resblocks_range_3_8,121-121726-0004.wav,generated_audios/generated_H2_256C_int8/121-121726-0004_generated.wav,4.02,0.224309,0.221063,0.055798,0.054991,2.806953,0.968871,0.626939
H2_256C_quantized_resblocks_range_3_8,121-121726-0005.wav,generated_audios/generated_H2_256C_int8/121-121726-0005_generated.wav,3.1,0.176347,0.173146,0.056886,0.055853,3.251822,0.968852,0.810719
H2_256C_quantized_resblocks_range_3_8,121-121726-0006.wav,generated_audios/generated_H2_256C_int8/121-121726-0006_generated.wav,3.895011,0.216776,0.213588,0.055655,0.054836,2.951199,0.956421,0.596932
H2_256C_quantized_resblocks_range_3_8,121-121726-0007.wav,generated_audios/generated_H2_256C_int8/121-121726-0007_generated.wav,6.730023,0.384092,0.380305,0.057071,0.056509,3.268919,0.973684,0.555002
H2_256C_quantized_resblocks_range_3_8,121-121726-0008.wav,generated_audios/generated_H2_256C_int8/121-121726-0008_generated.wav,4.990023,0.277684,0.274312,0.055648,0.054972,3.386575,0.974932,0.66781
H2_256C_quantized_resblocks_range_3_8,121-121726-0009.wav,generated_audios/generated_H2_256C_int8/121-121726-0009_generated.wav,7.26,0.418592,0.41461,0.057657,0.057109,3.030768,0.968335,0.513274
H2_256C_quantized_resblocks_range_3_8,121-121726-0010.wav,generated_audios/generated_H2_256C_int8/121-121726-0010_generated.wav,9.810023,0.632049,0.62824,0.064429,0.064041,3.127574,0.968634,0.504086
H2_256C_quantized_resblocks_range_3_8,121-121726-0011.wav,generated_audios/generated_H2_256C_int8/121-121726-0011_generated.wav,4.035011,0.22736,0.223976,0.056347,0.055508,2.943191,0.966144,0.623924
H2_256C_quantized_resblocks_range_3_8,121-121726-0012.wav,generated_audios/generated_H2_256C_int8/121-121726-0012_generated.wav,4.045034,0.226802,0.223614,0.056069,0.055281,2.789709,0.952665,0.499029
H2_256C_quantized_resblocks_range_3_8,121-121726-0013.wav,generated_audios/generated_H2_256C_int8/121-121726-0013_generated.wav,2.490023,0.146868,0.14375,0.058983,0.05773,3.01034,0.963712,0.567821
H2_256C_quantized_resblocks_range_3_8,121-121726-0014.wav,generated_audios/generated_H2_256C_int8/121-121726-0014_generated.wav,3.165034,0.179831,0.176479,0.056818,0.055759,3.458504,0.972703,0.636957
H2_256C_quantized_resblocks_range_3_8,121-123852-0000.wav,generated_audios/generated_H2_256C_int8/121-123852-0000_generated.wav,17.695011,1.197661,1.192559,0.067684,0.067395,2.808318,0.967491,0.55068
H2_256C_quantized_resblocks_range_3_8,121-123852-0001.wav,generated_audios/generated_H2_256C_int8/121-123852-0001_generated.wav,1.870023,0.11164,0.108415,0.0597,0.057975,2.573512,0.907955,0.817699
H2_256C_quantized_resblocks_range_3_8,121-123852-0002.wav,generated_audios/generated_H2_256C_int8/121-123852-0002_generated.wav,17.285034,1.312036,1.307166,0.075906,0.075624,2.778292,0.961973,0.462895
H2_256C_quantized_resblocks_range_3_8,121-123852-0003.wav,generated_audios/generated_H2_256C_int8/121-123852-0003_generated.wav,23.505034,6.971832,6.965701,0.29661,0.296349,2.820915,0.955839,0.474153
H2_256C_quantized_resblocks_range_3_8,121-123852-0004.wav,generated_audios/generated_H2_256C_int8/121-123852-0004_generated.wav,16.290023,4.504901,4.500229,0.276544,0.276257,2.851854,0.965548,0.467576
H2_256C_quantized_resblocks_range_3_8,121-123859-0000.wav,generated_audios/generated_H2_256C_int8/121-123859-0000_generated.wav,17.390023,4.860943,4.856005,0.279525,0.279241,2.624218,0.953552,0.496381
H2_256C_quantized_resblocks_range_3_8,121-123859-0001.wav,generated_audios/generated_H2_256C_int8/121-123859-0001_generated.wav,25.395011,7.867867,7.861944,0.309819,0.309586,2.86874,0.964117,0.478824
H2_256C_quantized_resblocks_range_3_8,121-123859-0002.wav,generated_audios/generated_H2_256C_int8/121-123859-0002_generated.wav,30.04,9.299101,9.292314,0.309557,0.309331,2.703491,0.961284,0.462714
H2_256C_quantized_resblocks_range_3_8,121-123859-0003.wav,generated_audios/generated_H2_256C_int8/121-123859-0003_generated.wav,10.825034,2.782295,2.778066,0.257024,0.256633,2.834318,0.964524,0.594373
H2_256C_quantized_resblocks_range_3_8,121-123859-0004.wav,generated_audios/generated_H2_256C_int8/121-123859-0004_generated.wav,9.505034,2.451468,2.447638,0.257913,0.25751,2.22583,0.96398,0.509071
H2_256C_quantized_resblocks_range_3_8,121-127105-0000.wav,generated_audios/generated_H2_256C_int8/121-127105-0000_generated.wav,9.875011,2.604338,2.600108,0.26373,0.263302,2.600851,0.951226,0.434814
H2_256C_quantized_resblocks_range_3_8,121-127105-0001.wav,generated_audios/generated_H2_256C_int8/121-127105-0001_generated.wav,5.025034,1.247784,1.244475,0.248313,0.247655,2.715976,0.952501,0.365849
H2_256C_quantized_resblocks_range_3_8,121-127105-0002.wav,generated_audios/generated_H2_256C_int8/121-127105-0002_generated.wav,7.495011,1.912257,1.908435,0.255137,0.254627,2.761468,0.957189,0.396804
H2_256C_quantized_resblocks_range_3_8,121-127105-0003.wav,generated_audios/generated_H2_256C_int8/121-127105-0003_generated.wav,7.725034,1.964113,1.960226,0.254253,0.25375,2.887592,0.954909,0.44708
H2_256C_quantized_resblocks_range_3_8,121-127105-0004.wav,generated_audios/generated_H2_256C_int8/121-127105-0004_generated.wav,2.110023,0.541233,0.538006,0.256506,0.254976,1.526739,0.964989,0.626844
H2_256C_quantized_resblocks_range_3_8,121-127105-0005.wav,generated_audios/generated_H2_256C_int8/121-127105-0005_generated.wav,5.82,1.43012,1.426714,0.245725,0.24514,2.8103,0.963394,0.428756
H2_256C_quantized_resblocks_range_3_8,121-127105-0006.wav,generated_audios/generated_H2_256C_int8/121-127105-0006_generated.wav,4.725034,1.171433,1.167779,0.24792,0.247147,2.40909,0.958645,0.455754
H2_256C_quantized_resblocks_range_3_8,121-127105-0007.wav,generated_audios/generated_H2_256C_int8/121-127105-0007_generated.wav,5.790023,1.424018,1.420164,0.245943,0.245278,2.439403,0.957509,0.419866
H2_256C_quantized_resblocks_range_3_8,121-127105-0008.wav,generated_audios/generated_H2_256C_int8/121-127105-0008_generated.wav,2.76,0.667426,0.664318,0.241821,0.240695,3.041755,0.960175,0.44033
H2_256C_quantized_resblocks_range_3_8,121-127105-0009.wav,generated_audios/generated_H2_256C_int8/121-127105-0009_generated.wav,2.290023,0.566595,0.563417,0.247419,0.246031,2.660689,0.955762,0.397962
H2_256C_quantized_resblocks_range_3_8,121-127105-0010.wav,generated_audios/generated_H2_256C_int8/121-127105-0010_generated.wav,2.850023,0.705441,0.70225,0.247521,0.246402,2.539578,0.956132,0.397467
H2_256C_quantized_resblocks_range_3_8,121-127105-0011.wav,generated_audios/generated_H2_256C_int8/121-127105-0011_generated.wav,5.78,1.433307,1.429692,0.247977,0.247352,2.565678,0.941482,0.369813
H2_256C_quantized_resblocks_range_3_8,121-127105-0012.wav,generated_audios/generated_H2_256C_int8/121-127105-0012_generated.wav,4.830023,1.222889,1.21952,0.253185,0.252487,1.587564,0.950761,0.339429
H2_256C_quantized_resblocks_range_3_8,121-127105-0013.wav,generated_audios/generated_H2_256C_int8/121-127105-0013_generated.wav,5.895011,1.451688,1.448302,0.246257,0.245683,2.387446,0.953017,0.439654
H2_256C_quantized_resblocks_range_3_8,121-127105-0014.wav,generated_audios/generated_H2_256C_int8/121-127105-0014_generated.wav,2.255011,0.561605,0.558431,0.249048,0.24764,2.994672,0.929764,0.543953
H2_256C_quantized_resblocks_range_3_8,121-127105-0015.wav,generated_audios/generated_H2_256C_int8/121-127105-0015_generated.wav,2.96,0.727869,0.724579,0.245902,0.24479,2.792074,0.956681,0.387725
H2_256C_quantized_resblocks_range_3_8,121-127105-0016.wav,generated_audios/generated_H2_256C_int8/121-127105-0016_generated.wav,2.030023,0.489432,0.486299,0.241097,0.239554,2.915401,0.953991,0.369806
H2_256C_quantized_resblocks_range_3_8,121-127105-0017.wav,generated_audios/generated_H2_256C_int8/121-127105-0017_generated.wav,2.695011,0.675484,0.672289,0.250642,0.249457,2.641217,0.94888,0.356123
H2_256C_quantized_resblocks_range_3_8,121-127105-0018.wav,generated_audios/generated_H2_256C_int8/121-127105-0018_generated.wav,2.770023,0.693435,0.690278,0.250335,0.249196,2.686557,0.955579,0.397759
H2_256C_quantized_resblocks_range_3_8,121-127105-0019.wav,generated_audios/generated_H2_256C_int8/121-127105-0019_generated.wav,3.525034,0.8531,0.849797,0.242012,0.241075,2.742476,0.955819,0.430269
H2_256C_quantized_resblocks_range_3_8,121-127105-0020.wav,generated_audios/generated_H2_256C_int8/121-127105-0020_generated.wav,14.355011,4.041514,4.036659,0.28154,0.281202,2.735869,0.954008,0.369032
H2_256C_quantized_resblocks_range_3_8,121-127105-0021.wav,generated_audios/generated_H2_256C_int8/121-127105-0021_generated.wav,2.0,0.51558,0.512307,0.25779,0.256154,2.583252,0.95952,0.42172
H2_256C_quantized_resblocks_range_3_8,121-127105-0022.wav,generated_audios/generated_H2_256C_int8/121-127105-0022_generated.wav,5.075011,1.254334,1.250813,0.247159,0.246465,2.684512,0.947222,0.520881
H2_256C_quantized_resblocks_range_3_8,121-127105-0023.wav,generated_audios/generated_H2_256C_int8/121-127105-0023_generated.wav,10.910023,2.794255,2.790098,0.256118,0.255737,2.876364,0.95475,0.379859
H2_256C_quantized_resblocks_range_3_8,121-127105-0024.wav,generated_audios/generated_H2_256C_int8/121-127105-0024_generated.wav,14.450023,4.080507,4.075779,0.282388,0.28206,2.875983,0.958145,0.380298
H2_256C_quantized_resblocks_range_3_8,121-127105-0025.wav,generated_audios/generated_H2_256C_int8/121-127105-0025_generated.wav,16.065034,4.599449,4.594251,0.286302,0.285978,2.875949,0.957961,0.387604
H2_256C_quantized_resblocks_range_3_8,121-127105-0026.wav,generated_audios/generated_H2_256C_int8/121-127105-0026_generated.wav,7.530023,1.872918,1.869171,0.248727,0.248229,2.751976,0.962632,0.363439
H2_256C_quantized_resblocks_range_3_8,121-127105-0027.wav,generated_audios/generated_H2_256C_int8/121-127105-0027_generated.wav,13.870023,3.901934,3.897737,0.281321,0.281019,2.855964,0.957887,0.413671
H2_256C_quantized_resblocks_range_3_8,121-127105-0028.wav,generated_audios/generated_H2_256C_int8/121-127105-0028_generated.wav,6.750023,0.403244,0.399538,0.05974,0.059191,2.63519,0.961332,0.451231
H2_256C_quantized_resblocks_range_3_8,121-127105-0029.wav,generated_audios/generated_H2_256C_int8/121-127105-0029_generated.wav,7.310023,1.829698,1.825898,0.2503,0.24978,2.925396,0.965851,0.429959
H2_256C_quantized_resblocks_range_3_8,121-127105-0030.wav,generated_audios/generated_H2_256C_int8/121-127105-0030_generated.wav,2.175011,0.552223,0.549152,0.253894,0.252482,2.717544,0.953341,0.427321
H2_256C_quantized_resblocks_range_3_8,121-127105-0031.wav,generated_audios/generated_H2_256C_int8/121-127105-0031_generated.wav,10.765034,2.734065,2.73003,0.253976,0.253602,2.646912,0.933916,0.494502
H2_256C_quantized_resblocks_range_3_8,121-127105-0032.wav,generated_audios/generated_H2_256C_int8/121-127105-0032_generated.wav,3.170023,0.768761,0.765525,0.24251,0.241489,2.423246,0.959549,0.441062
H2_256C_quantized_resblocks_range_3_8,121-127105-0033.wav,generated_audios/generated_H2_256C_int8/121-127105-0033_generated.wav,2.355011,0.601296,0.598349,0.255326,0.254075,2.922735,0.946009,0.51604
H2_256C_quantized_resblocks_range_3_8,121-127105-0034.wav,generated_audios/generated_H2_256C_int8/121-127105-0034_generated.wav,7.410023,1.910735,1.907589,0.257858,0.257434,2.833334,0.9536,0.519025
H2_256C_quantized_resblocks_range_3_8,121-127105-0035.wav,generated_audios/generated_H2_256C_int8/121-127105-0035_generated.wav,14.150023,3.925851,3.921467,0.277445,0.277135,2.694577,0.943839,0.576918
H2_256C_quantized_resblocks_range_3_8,121-127105-0036.wav,generated_audios/generated_H2_256C_int8/121-127105-0036_generated.wav,4.150023,1.004606,1.00124,0.242072,0.241261,2.843061,0.939859,0.565027
H2_256C_quantized_resblocks_range_3_8,237-126133-0000.wav,generated_audios/generated_H2_256C_int8/237-126133-0000_generated.wav,13.290023,3.791461,3.787326,0.285286,0.284975,3.075583,0.972168,0.319373
H2_256C_quantized_resblocks_range_3_8,237-126133-0001.wav,generated_audios/generated_H2_256C_int8/237-126133-0001_generated.wav,11.965034,3.360247,3.355804,0.280839,0.280468,2.825565,0.96356,0.323439
H2_256C_quantized_resblocks_range_3_8,237-126133-0002.wav,generated_audios/generated_H2_256C_int8/237-126133-0002_generated.wav,8.92,2.479853,2.476121,0.27801,0.277592,2.847888,0.96735,0.334927
H2_256C_quantized_resblocks_range_3_8,237-126133-0003.wav,generated_audios/generated_H2_256C_int8/237-126133-0003_generated.wav,6.56,1.635535,1.632189,0.249319,0.248809,3.034959,0.961012,0.326883
H2_256C_quantized_resblocks_range_3_8,237-126133-0004.wav,generated_audios/generated_H2_256C_int8/237-126133-0004_generated.wav,3.295011,0.82571,0.822507,0.250594,0.249622,2.778078,0.96584,0.337204
H2_256C_quantized_resblocks_range_3_8,237-126133-0005.wav,generated_audios/generated_H2_256C_int8/237-126133-0005_generated.wav,6.510023,1.662293,1.658895,0.255344,0.254822,3.02125,0.96361,0.328273
H2_256C_quantized_resblocks_range_3_8,237-126133-0006.wav,generated_audios/generated_H2_256C_int8/237-126133-0006_generated.wav,6.150023,1.541015,1.53761,0.250571,0.250017,2.825659,0.967185,0.342015
H2_256C_quantized_resblocks_range_3_8,237-126133-0007.wav,generated_audios/generated_H2_256C_int8/237-126133-0007_generated.wav,8.68,2.261742,2.257733,0.260569,0.260108,2.728639,0.963363,0.346792
H2_256C_quantized_resblocks_range_3_8,237-126133-0008.wav,generated_audios/generated_H2_256C_int8/237-126133-0008_generated.wav,3.865034,0.969661,0.966074,0.25088,0.249952,3.214137,0.96331,0.316272
H2_256C_quantized_resblocks_range_3_8,237-126133-0009.wav,generated_audios/generated_H2_256C_int8/237-126133-0009_generated.wav,3.970023,0.98829,0.985123,0.248938,0.24814,2.840165,0.967582,0.340119
H2_256C_quantized_resblocks_range_3_8,237-126133-0010.wav,generated_audios/generated_H2_256C_int8/237-126133-0010_generated.wav,6.24,1.544818,1.541506,0.247567,0.247036,2.405963,0.942135,0.367247
H2_256C_quantized_resblocks_range_3_8,237-126133-0011.wav,generated_audios/generated_H2_256C_int8/237-126133-0011_generated.wav,6.710023,1.69212,1.688341,0.252178,0.251615,2.874115,0.967774,0.332422
H2_256C_quantized_resblocks_range_3_8,237-126133-0012.wav,generated_audios/generated_H2_256C_int8/237-126133-0012_generated.wav,4.450023,1.119082,1.115866,0.251478,0.250755,2.822915,0.963182,0.318457
H2_256C_quantized_resblocks_range_3_8,237-126133-0013.wav,generated_audios/generated_H2_256C_int8/237-126133-0013_generated.wav,6.815011,1.709883,1.706504,0.2509,0.250404,2.665755,0.93635,0.367966
H2_256C_quantized_resblocks_range_3_8,237-126133-0014.wav,generated_audios/generated_H2_256C_int8/237-126133-0014_generated.wav,6.790023,1.703688,1.700081,0.25091,0.250379,2.754827,0.964547,0.323619
H2_256C_quantized_resblocks_range_3_8,237-126133-0015.wav,generated_audios/generated_H2_256C_int8/237-126133-0015_generated.wav,9.34,2.390524,2.386622,0.255945,0.255527,2.937264,0.963236,0.327581
H2_256C_quantized_resblocks_range_3_8,237-126133-0016.wav,generated_audios/generated_H2_256C_int8/237-126133-0016_generated.wav,4.250023,1.043595,1.040477,0.245551,0.244817,2.729223,0.958526,0.35835
H2_256C_quantized_resblocks_range_3_8,237-126133-0017.wav,generated_audios/generated_H2_256C_int8/237-126133-0017_generated.wav,6.210023,1.546006,1.542181,0.248953,0.248337,3.269537,0.973809,0.316867
H2_256C_quantized_resblocks_range_3_8,237-126133-0018.wav,generated_audios/generated_H2_256C_int8/237-126133-0018_generated.wav,4.095011,1.039684,1.03641,0.25389,0.253091,2.784228,0.96263,0.333589
H2_256C_quantized_resblocks_range_3_8,237-126133-0019.wav,generated_audios/generated_H2_256C_int8/237-126133-0019_generated.wav,7.12,1.796064,1.792392,0.252256,0.25174,2.929004,0.969402,0.329691
H2_256C_quantized_resblocks_range_3_8,237-126133-0020.wav,generated_audios/generated_H2_256C_int8/237-126133-0020_generated.wav,2.24,0.565388,0.562311,0.252405,0.251032,2.770783,0.973027,0.336455
H2_256C_quantized_resblocks_range_3_8,237-126133-0021.wav,generated_audios/generated_H2_256C_int8/237-126133-0021_generated.wav,4.365034,1.058927,1.055549,0.242593,0.241819,2.499745,0.959709,0.340853
H2_256C_quantized_resblocks_range_3_8,237-126133-0022.wav,generated_audios/generated_H2_256C_int8/237-126133-0022_generated.wav,5.04,1.259874,1.256516,0.249975,0.249309,3.23545,0.971291,0.320777
H2_256C_quantized_resblocks_range_3_8,237-126133-0023.wav,generated_audios/generated_H2_256C_int8/237-126133-0023_generated.wav,6.675011,1.672052,1.668409,0.250494,0.249949,2.819408,0.969076,0.320482
H2_256C_quantized_resblocks_range_3_8,237-126133-0024.wav,generated_audios/generated_H2_256C_int8/237-126133-0024_generated.wav,9.665034,2.539904,2.535922,0.262793,0.262381,2.987956,0.965772,0.313991
H2_256C_quantized_resblocks_range_3_8,237-126133-0025.wav,generated_audios/generated_H2_256C_int8/237-126133-0025_generated.wav,3.755011,0.948977,0.946242,0.252723,0.251994,3.140708,0.971706,0.315116
H2_256C_quantized_resblocks_range_3_8,237-134493-0000.wav,generated_audios/generated_H2_256C_int8/237-134493-0000_generated.wav,4.105034,1.023715,1.020277,0.24938,0.248543,2.826557,0.970371,0.289117
H2_256C_quantized_resblocks_range_3_8,237-134493-0001.wav,generated_audios/generated_H2_256C_int8/237-134493-0001_generated.wav,7.38,1.884466,1.880751,0.255348,0.254844,3.121651,0.971475,0.281104
H2_256C_quantized_resblocks_range_3_8,237-134493-0002.wav,generated_audios/generated_H2_256C_int8/237-134493-0002_generated.wav,11.395011,2.931987,2.927634,0.257304,0.256922,3.195743,0.969337,0.282796
H2_256C_quantized_resblocks_range_3_8,237-134493-0003.wav,generated_audios/generated_H2_256C_int8/237-134493-0003_generated.wav,12.765034,3.682564,3.678504,0.288488,0.28817,3.333768,0.971315,0.277157
H2_256C_quantized_resblocks_range_3_8,237-134493-0004.wav,generated_audios/generated_H2_256C_int8/237-134493-0004_generated.wav,6.825034,1.714488,1.711163,0.251206,0.250719,2.989376,0.962712,0.291329
H2_256C_quantized_resblocks_range_3_8,237-134493-0005.wav,generated_audios/generated_H2_256C_int8/237-134493-0005_generated.wav,10.945034,2.820384,2.816767,0.257686,0.257356,3.056914,0.964972,0.284564
H2_256C_quantized_resblocks_range_3_8,237-134493-0006.wav,generated_audios/generated_H2_256C_int8/237-134493-0006_generated.wav,4.395011,1.080462,1.077247,0.245838,0.245107,3.319128,0.971726,0.277571
H2_256C_quantized_resblocks_range_3_8,237-134493-0007.wav,generated_audios/generated_H2_256C_int8/237-134493-0007_generated.wav,2.035011,0.529932,0.526975,0.260407,0.258954,3.014873,0.9623,0.277538
H2_256C_quantized_resblocks_range_3_8,237-134493-0008.wav,generated_audios/generated_H2_256C_int8/237-134493-0008_generated.wav,2.305034,0.567721,0.56462,0.246296,0.244951,2.887366,0.955384,0.276716
H2_256C_quantized_resblocks_range_3_8,237-134493-0009.wav,generated_audios/generated_H2_256C_int8/237-134493-0009_generated.wav,2.975011,0.845403,0.842293,0.284168,0.283122,3.299548,0.975412,0.291835
H2_256C_quantized_resblocks_range_3_8,237-134493-0010.wav,generated_audios/generated_H2_256C_int8/237-134493-0010_generated.wav,2.875011,0.712936,0.70996,0.247977,0.246942,3.199498,0.964217,0.273523
H2_256C_quantized_resblocks_range_3_8,237-134493-0011.wav,generated_audios/generated_H2_256C_int8/237-134493-0011_generated.wav,5.035011,1.266548,1.262994,0.251548,0.250842,2.913259,0.962347,0.286365
H2_256C_quantized_resblocks_range_3_8,237-134493-0012.wav,generated_audios/generated_H2_256C_int8/237-134493-0012_generated.wav,3.66,0.894147,0.890724,0.244302,0.243367,3.032055,0.96906,0.290972
H2_256C_quantized_resblocks_range_3_8,237-134493-0013.wav,generated_audios/generated_H2_256C_int8/237-134493-0013_generated.wav,4.090023,0.226123,0.223175,0.055286,0.054566,3.00168,0.962762,0.28812
H2_256C_quantized_resblocks_range_3_8,237-134493-0014.wav,generated_audios/generated_H2_256C_int8/237-134493-0014_generated.wav,3.7,0.916928,0.913699,0.247818,0.246946,2.757008,0.967194,0.283604
H2_256C_quantized_resblocks_range_3_8,237-134493-0015.wav,generated_audios/generated_H2_256C_int8/237-134493-0015_generated.wav,6.550023,0.385802,0.382469,0.058901,0.058392,2.932642,0.95733,0.293849
H2_256C_quantized_resblocks_range_3_8,237-134493-0016.wav,generated_audios/generated_H2_256C_int8/237-134493-0016_generated.wav,10.085034,2.636203,2.632076,0.261398,0.260988,3.054016,0.974589,0.276291
H2_256C_quantized_resblocks_range_3_8,237-134493-0017.wav,generated_audios/generated_H2_256C_int8/237-134493-0017_generated.wav,9.105034,2.371969,2.367566,0.260512,0.260028,3.090415,0.969196,0.277594
H2_256C_quantized_resblocks_range_3_8,237-134493-0018.wav,generated_audios/generated_H2_256C_int8/237-134493-0018_generated.wav,4.790023,1.187579,1.184112,0.247928,0.247204,3.192014,0.976299,0.274478
H2_256C_quantized_resblocks_range_3_8,237-134500-0000.wav,generated_audios/generated_H2_256C_int8/237-134500-0000_generated.wav,6.130023,1.543902,1.540279,0.251859,0.251268,3.334262,0.973786,0.279824
H2_256C_quantized_resblocks_range_3_8,237-134500-0001.wav,generated_audios/generated_H2_256C_int8/237-134500-0001_generated.wav,1.810023,0.460817,0.457704,0.254592,0.252872,3.012787,0.947464,0.29318
H2_256C_quantized_resblocks_range_3_8,237-134500-0002.wav,generated_audios/generated_H2_256C_int8/237-134500-0002_generated.wav,5.070023,1.271133,1.267946,0.250716,0.250087,3.182344,0.972541,0.278454
H2_256C_quantized_resblocks_range_3_8,237-134500-0003.wav,generated_audios/generated_H2_256C_int8/237-134500-0003_generated.wav,3.170023,0.187311,0.184233,0.059088,0.058117,3.193942,0.966838,0.282722
H2_256C_quantized_resblocks_range_3_8,237-134500-0004.wav,generated_audios/generated_H2_256C_int8/237-134500-0004_generated.wav,2.225034,0.132239,0.130138,0.059433,0.058488,3.535092,0.975203,0.270172
H2_256C_quantized_resblocks_range_3_8,237-134500-0005.wav,generated_audios/generated_H2_256C_int8/237-134500-0005_generated.wav,2.390023,0.604691,0.601437,0.253006,0.251645,2.556089,0.961319,0.305877
H2_256C_quantized_resblocks_range_3_8,237-134500-0006.wav,generated_audios/generated_H2_256C_int8/237-134500-0006_generated.wav,4.225034,1.039436,1.035858,0.246018,0.245172,2.824374,0.956026,0.311816
H2_256C_quantized_resblocks_range_3_8,237-134500-0007.wav,generated_audios/generated_H2_256C_int8/237-134500-0007_generated.wav,2.390023,0.1243,0.121089,0.052008,0.050664,2.990949,0.954216,0.306695
H2_256C_quantized_resblocks_range_3_8,237-134500-0008.wav,generated_audios/generated_H2_256C_int8/237-134500-0008_generated.wav,3.76,0.209109,0.205621,0.055614,0.054686,2.95633,0.953441,0.305239
H2_256C_quantized_resblocks_range_3_8,237-134500-0009.wav,generated_audios/generated_H2_256C_int8/237-134500-0009_generated.wav,2.22,0.116866,0.113478,0.052642,0.051116,3.098152,0.951744,0.30658
H2_256C_quantized_resblocks_range_3_8,237-134500-0010.wav,generated_audios/generated_H2_256C_int8/237-134500-0010_generated.wav,3.995011,1.000497,0.996936,0.250437,0.249545,2.689083,0.959654,0.309889
H2_256C_quantized_resblocks_range_3_8,237-134500-0011.wav,generated_audios/generated_H2_256C_int8/237-134500-0011_generated.wav,3.350023,0.827272,0.824285,0.246945,0.246054,2.911961,0.95165,0.302547
H2_256C_quantized_resblocks_range_3_8,237-134500-0012.wav,generated_audios/generated_H2_256C_int8/237-134500-0012_generated.wav,10.935011,2.83923,2.835161,0.259646,0.259274,2.915889,0.962513,0.296136
H2_256C_quantized_resblocks_range_3_8,237-134500-0013.wav,generated_audios/generated_H2_256C_int8/237-134500-0013_generated.wav,10.56,0.638814,0.634718,0.060494,0.060106,3.166079,0.97318,0.279989
H2_256C_quantized_resblocks_range_3_8,237-134500-0014.wav,generated_audios/generated_H2_256C_int8/237-134500-0014_generated.wav,4.250023,0.244754,0.241367,0.057589,0.056792,2.988133,0.964146,0.28319
H2_256C_quantized_resblocks_range_3_8,237-134500-0015.wav,generated_audios/generated_H2_256C_int8/237-134500-0015_generated.wav,10.815011,2.841378,2.825455,0.262725,0.261253,3.221471,0.97345,0.28674
H2_256C_quantized_resblocks_range_3_8,237-134500-0016.wav,generated_audios/generated_H2_256C_int8/237-134500-0016_generated.wav,3.16,0.182506,0.17953,0.057755,0.056813,2.541236,0.929551,0.329042
H2_256C_quantized_resblocks_range_3_8,237-134500-0017.wav,generated_audios/generated_H2_256C_int8/237-134500-0017_generated.wav,2.18,0.129422,0.126111,0.059368,0.057849,2.962126,0.96775,0.289857
H2_256C_quantized_resblocks_range_3_8,237-134500-0018.wav,generated_audios/generated_H2_256C_int8/237-134500-0018_generated.wav,12.845034,3.689917,3.685733,0.287264,0.286938,3.3704,0.973267,0.282622
H2_256C_quantized_resblocks_range_3_8,237-134500-0019.wav,generated_audios/generated_H2_256C_int8/237-134500-0019_generated.wav,2.86,0.705766,0.703125,0.246771,0.245848,3.140354,0.96685,0.292144
H2_256C_quantized_resblocks_range_3_8,237-134500-0020.wav,generated_audios/generated_H2_256C_int8/237-134500-0020_generated.wav,2.18,0.116584,0.113806,0.053479,0.052205,3.233296,0.969496,0.289203
H2_256C_quantized_resblocks_range_3_8,237-134500-0021.wav,generated_audios/generated_H2_256C_int8/237-134500-0021_generated.wav,5.12,1.271516,1.268275,0.248343,0.24771,2.654876,0.930686,0.322144
H2_256C_quantized_resblocks_range_3_8,237-134500-0022.wav,generated_audios/generated_H2_256C_int8/237-134500-0022_generated.wav,5.165034,1.268619,1.265394,0.245617,0.244992,2.682066,0.949482,0.322171
H2_256C_quantized_resblocks_range_3_8,237-134500-0023.wav,generated_audios/generated_H2_256C_int8/237-134500-0023_generated.wav,3.06,0.774302,0.771051,0.25304,0.251978,2.831762,0.968786,0.302992
H2_256C_quantized_resblocks_range_3_8,237-134500-0024.wav,generated_audios/generated_H2_256C_int8/237-134500-0024_generated.wav,4.410023,0.255295,0.251968,0.05789,0.057135,3.104766,0.96328,0.285923
H2_256C_quantized_resblocks_range_3_8,237-134500-0025.wav,generated_audios/generated_H2_256C_int8/237-134500-0025_generated.wav,1.630023,0.418272,0.415431,0.256605,0.254862,2.905427,0.96018,0.307129
H2_256C_quantized_resblocks_range_3_8,237-134500-0026.wav,generated_audios/generated_H2_256C_int8/237-134500-0026_generated.wav,3.050023,0.770954,0.767736,0.25277,0.251715,2.681111,0.952507,0.309213
H2_256C_quantized_resblocks_range_3_8,237-134500-0027.wav,generated_audios/generated_H2_256C_int8/237-134500-0027_generated.wav,3.270023,0.825869,0.8224,0.252558,0.251497,3.195972,0.96499,0.281759
H2_256C_quantized_resblocks_range_3_8,237-134500-0028.wav,generated_audios/generated_H2_256C_int8/237-134500-0028_generated.wav,4.524943,1.145998,1.142828,0.253262,0.252562,3.132632,0.964246,0.298493
H2_256C_quantized_resblocks_range_3_8,237-134500-0029.wav,generated_audios/generated_H2_256C_int8/237-134500-0029_generated.wav,2.065034,0.514502,0.511375,0.249149,0.247635,2.858061,0.972675,0.281713
H2_256C_quantized_resblocks_range_3_8,237-134500-0030.wav,generated_audios/generated_H2_256C_int8/237-134500-0030_generated.wav,2.78,0.695879,0.692655,0.250316,0.249156,2.865559,0.957476,0.307859
H2_256C_quantized_resblocks_range_3_8,237-134500-0031.wav,generated_audios/generated_H2_256C_int8/237-134500-0031_generated.wav,10.610023,2.818081,2.814228,0.265606,0.265242,3.020989,0.968146,0.286701
H2_256C_quantized_resblocks_range_3_8,237-134500-0032.wav,generated_audios/generated_H2_256C_int8/237-134500-0032_generated.wav,5.025034,0.294254,0.290721,0.058558,0.057855,3.123159,0.970672,0.285243
H2_256C_quantized_resblocks_range_3_8,237-134500-0033.wav,generated_audios/generated_H2_256C_int8/237-134500-0033_generated.wav,6.350023,1.594089,1.590274,0.251037,0.250436,3.131116,0.964332,0.291502
H2_256C_quantized_resblocks_range_3_8,237-134500-0034.wav,generated_audios/generated_H2_256C_int8/237-134500-0034_generated.wav,3.075011,0.779612,0.776079,0.253531,0.252382,3.005729,0.960918,0.289209
H2_256C_quantized_resblocks_range_3_8,237-134500-0035.wav,generated_audios/generated_H2_256C_int8/237-134500-0035_generated.wav,2.555011,0.664799,0.661643,0.260194,0.258959,2.935082,0.969373,0.299263
H2_256C_quantized_resblocks_range_3_8,237-134500-0036.wav,generated_audios/generated_H2_256C_int8/237-134500-0036_generated.wav,6.6,1.69913,1.695632,0.257444,0.256914,3.006664,0.967373,0.285964
H2_256C_quantized_resblocks_range_3_8,237-134500-0037.wav,generated_audios/generated_H2_256C_int8/237-134500-0037_generated.wav,7.105034,1.844181,1.840325,0.25956,0.259017,2.600128,0.942458,0.329886
H2_256C_quantized_resblocks_range_3_8,237-134500-0038.wav,generated_audios/generated_H2_256C_int8/237-134500-0038_generated.wav,2.435011,0.621433,0.618578,0.255207,0.254035,2.701073,0.951988,0.31504
H2_256C_quantized_resblocks_range_3_8,237-134500-0039.wav,generated_audios/generated_H2_256C_int8/237-134500-0039_generated.wav,4.630023,1.198397,1.195026,0.258832,0.258104,2.79867,0.942255,0.329331
H2_256C_quantized_resblocks_range_3_8,237-134500-0040.wav,generated_audios/generated_H2_256C_int8/237-134500-0040_generated.wav,4.030023,0.231791,0.228523,0.057516,0.056705,2.709417,0.958334,0.30321
H2_256C_quantized_resblocks_range_3_8,237-134500-0041.wav,generated_audios/generated_H2_256C_int8/237-134500-0041_generated.wav,8.92,0.696935,0.692993,0.078132,0.07769,3.313787,0.977796,0.281533
H2_256C_quantized_resblocks_range_3_8,237-134500-0042.wav,generated_audios/generated_H2_256C_int8/237-134500-0042_generated.wav,2.575011,0.651672,0.648509,0.253075,0.251847,2.925717,0.933646,0.32901
H2_256C_quantized_resblocks_range_3_8,260-123286-0000.wav,generated_audios/generated_H2_256C_int8/260-123286-0000_generated.wav,7.04,1.828816,1.824961,0.259775,0.259227,2.606996,0.957546,0.482375
H2_256C_quantized_resblocks_range_3_8,260-123286-0001.wav,generated_audios/generated_H2_256C_int8/260-123286-0001_generated.wav,3.070023,0.172532,0.169294,0.056199,0.055144,2.387079,0.96051,0.479028
H2_256C_quantized_resblocks_range_3_8,260-123286-0002.wav,generated_audios/generated_H2_256C_int8/260-123286-0002_generated.wav,9.985034,2.599617,2.595594,0.260351,0.259948,2.504112,0.9582,0.398659
H2_256C_quantized_resblocks_range_3_8,260-123286-0003.wav,generated_audios/generated_H2_256C_int8/260-123286-0003_generated.wav,7.370023,1.881411,1.87776,0.255279,0.254783,2.216437,0.943446,0.440744
H2_256C_quantized_resblocks_range_3_8,260-123286-0004.wav,generated_audios/generated_H2_256C_int8/260-123286-0004_generated.wav,3.465034,0.886797,0.883655,0.255927,0.255021,2.272049,0.950905,0.488894
H2_256C_quantized_resblocks_range_3_8,260-123286-0005.wav,generated_audios/generated_H2_256C_int8/260-123286-0005_generated.wav,4.810023,1.199554,1.196024,0.249386,0.248652,2.266679,0.949871,0.368157
H2_256C_quantized_resblocks_range_3_8,260-123286-0006.wav,generated_audios/generated_H2_256C_int8/260-123286-0006_generated.wav,7.405034,1.946408,1.942724,0.262849,0.262352,2.596742,0.959682,0.353778
H2_256C_quantized_resblocks_range_3_8,260-123286-0007.wav,generated_audios/generated_H2_256C_int8/260-123286-0007_generated.wav,4.550023,1.143641,1.140137,0.251348,0.250578,2.404583,0.954617,0.350146
H2_256C_quantized_resblocks_range_3_8,260-123286-0008.wav,generated_audios/generated_H2_256C_int8/260-123286-0008_generated.wav,3.735011,0.929304,0.925878,0.248809,0.247892,2.445296,0.962252,0.391869
H2_256C_quantized_resblocks_range_3_8,260-123286-0009.wav,generated_audios/generated_H2_256C_int8/260-123286-0009_generated.wav,5.795011,1.459663,1.4559,0.251883,0.251233,2.396465,0.953464,0.366259
H2_256C_quantized_resblocks_range_3_8,260-123286-0010.wav,generated_audios/generated_H2_256C_int8/260-123286-0010_generated.wav,2.575011,0.134033,0.130984,0.052051,0.050867,2.539675,0.96415,0.468181
H2_256C_quantized_resblocks_range_3_8,260-123286-0011.wav,generated_audios/generated_H2_256C_int8/260-123286-0011_generated.wav,4.255011,0.244149,0.240372,0.057379,0.056491,2.471028,0.950585,0.40198
H2_256C_quantized_resblocks_range_3_8,260-123286-0012.wav,generated_audios/generated_H2_256C_int8/260-123286-0012_generated.wav,2.430023,0.128962,0.125909,0.05307,0.051814,2.36793,0.957106,0.44703
H2_256C_quantized_resblocks_range_3_8,260-123286-0013.wav,generated_audios/generated_H2_256C_int8/260-123286-0013_generated.wav,4.730023,1.205164,1.20225,0.25479,0.254174,2.546604,0.949181,0.426668
H2_256C_quantized_resblocks_range_3_8,260-123286-0014.wav,generated_audios/generated_H2_256C_int8/260-123286-0014_generated.wav,2.98,0.243939,0.240805,0.081859,0.080807,2.067243,0.947842,0.473061
H2_256C_quantized_resblocks_range_3_8,260-123286-0015.wav,generated_audios/generated_H2_256C_int8/260-123286-0015_generated.wav,5.210023,1.345871,1.342611,0.258323,0.257698,2.256545,0.954141,0.451336
H2_256C_quantized_resblocks_range_3_8,260-123286-0016.wav,generated_audios/generated_H2_256C_int8/260-123286-0016_generated.wav,7.0,1.820625,1.816715,0.260089,0.259531,2.367134,0.948412,0.372682
H2_256C_quantized_resblocks_range_3_8,260-123286-0017.wav,generated_audios/generated_H2_256C_int8/260-123286-0017_generated.wav,3.975011,0.997647,0.994256,0.25098,0.250127,2.379051,0.951792,0.396916
H2_256C_quantized_resblocks_range_3_8,260-123286-0018.wav,generated_audios/generated_H2_256C_int8/260-123286-0018_generated.wav,5.670023,1.444255,1.440816,0.254718,0.254111,2.701369,0.949823,0.34254
H2_256C_quantized_resblocks_range_3_8,260-123286-0019.wav,generated_audios/generated_H2_256C_int8/260-123286-0019_generated.wav,11.905034,3.462729,3.458298,0.290863,0.29049,2.402344,0.958173,0.376008
H2_256C_quantized_resblocks_range_3_8,260-123286-0020.wav,generated_audios/generated_H2_256C_int8/260-123286-0020_generated.wav,3.06,0.172444,0.169088,0.056354,0.055258,2.551026,0.967195,0.613142
H2_256C_quantized_resblocks_range_3_8,260-123286-0021.wav,generated_audios/generated_H2_256C_int8/260-123286-0021_generated.wav,2.550023,0.630829,0.627738,0.247382,0.246169,2.474877,0.971981,0.463801
H2_256C_quantized_resblocks_range_3_8,260-123286-0022.wav,generated_audios/generated_H2_256C_int8/260-123286-0022_generated.wav,3.235011,0.830668,0.827399,0.256774,0.255764,2.666927,0.957863,0.437413
H2_256C_quantized_resblocks_range_3_8,260-123286-0023.wav,generated_audios/generated_H2_256C_int8/260-123286-0023_generated.wav,5.875011,1.523975,1.520346,0.2594,0.258782,2.429305,0.95337,0.320052
H2_256C_quantized_resblocks_range_3_8,260-123286-0024.wav,generated_audios/generated_H2_256C_int8/260-123286-0024_generated.wav,3.04,0.757822,0.754588,0.249284,0.24822,2.996391,0.95996,0.379227
H2_256C_quantized_resblocks_range_3_8,260-123286-0025.wav,generated_audios/generated_H2_256C_int8/260-123286-0025_generated.wav,9.205034,2.414321,2.41033,0.262283,0.261849,2.415851,0.949721,0.34884
H2_256C_quantized_resblocks_range_3_8,260-123286-0026.wav,generated_audios/generated_H2_256C_int8/260-123286-0026_generated.wav,6.94,1.769211,1.76639,0.254929,0.254523,2.468152,0.953919,0.317425
H2_256C_quantized_resblocks_range_3_8,260-123286-0027.wav,generated_audios/generated_H2_256C_int8/260-123286-0027_generated.wav,7.170023,1.834031,1.830161,0.255792,0.255252,2.488522,0.943776,0.300056
H2_256C_quantized_resblocks_range_3_8,260-123286-0028.wav,generated_audios/generated_H2_256C_int8/260-123286-0028_generated.wav,7.465034,1.923901,1.919967,0.257722,0.257195,2.511012,0.943976,0.354722
H2_256C_quantized_resblocks_range_3_8,260-123286-0029.wav,generated_audios/generated_H2_256C_int8/260-123286-0029_generated.wav,4.545034,0.238009,0.23457,0.052367,0.05161,2.381783,0.95674,0.377011
H2_256C_quantized_resblocks_range_3_8,260-123286-0030.wav,generated_audios/generated_H2_256C_int8/260-123286-0030_generated.wav,7.530023,0.448101,0.444551,0.059509,0.059037,2.498555,0.955107,0.358284
H2_256C_quantized_resblocks_range_3_8,260-123286-0031.wav,generated_audios/generated_H2_256C_int8/260-123286-0031_generated.wav,5.06,1.275816,1.272554,0.252138,0.251493,2.635619,0.95621,0.494211
H2_256C_quantized_resblocks_range_3_8,260-123288-0000.wav,generated_audios/generated_H2_256C_int8/260-123288-0000_generated.wav,3.04,0.159492,0.156452,0.052464,0.051464,2.750442,0.955977,0.442401
H2_256C_quantized_resblocks_range_3_8,260-123288-0001.wav,generated_audios/generated_H2_256C_int8/260-123288-0001_generated.wav,5.08,0.2927,0.289101,0.057618,0.05691,2.263812,0.950364,0.54171
H2_256C_quantized_resblocks_range_3_8,260-123288-0002.wav,generated_audios/generated_H2_256C_int8/260-123288-0002_generated.wav,7.250023,1.952071,1.948289,0.26925,0.268729,2.584761,0.948065,0.350997
H2_256C_quantized_resblocks_range_3_8,260-123288-0003.wav,generated_audios/generated_H2_256C_int8/260-123288-0003_generated.wav,8.905034,2.395152,2.391116,0.268966,0.268513,2.485583,0.960322,0.357745
H2_256C_quantized_resblocks_range_3_8,260-123288-0004.wav,generated_audios/generated_H2_256C_int8/260-123288-0004_generated.wav,4.310023,1.135646,1.13251,0.26349,0.262762,2.464876,0.940444,0.598199
H2_256C_quantized_resblocks_range_3_8,260-123288-0005.wav,generated_audios/generated_H2_256C_int8/260-123288-0005_generated.wav,12.550023,3.69209,3.687793,0.29419,0.293848,2.296613,0.946232,0.359561
H2_256C_quantized_resblocks_range_3_8,260-123288-0006.wav,generated_audios/generated_H2_256C_int8/260-123288-0006_generated.wav,4.88,1.280235,1.276811,0.262343,0.261642,2.467508,0.947666,0.41869
H2_256C_quantized_resblocks_range_3_8,260-123288-0007.wav,generated_audios/generated_H2_256C_int8/260-123288-0007_generated.wav,11.2,3.076936,3.072892,0.274726,0.274365,2.592521,0.951004,0.345259
H2_256C_quantized_resblocks_range_3_8,260-123288-0008.wav,generated_audios/generated_H2_256C_int8/260-123288-0008_generated.wav,5.515011,1.473748,1.470173,0.267225,0.266577,2.566033,0.957925,0.329994
H2_256C_quantized_resblocks_range_3_8,260-123288-0009.wav,generated_audios/generated_H2_256C_int8/260-123288-0009_generated.wav,3.435011,0.910152,0.907069,0.264963,0.264066,2.745774,0.961229,0.411888
H2_256C_quantized_resblocks_range_3_8,260-123288-0010.wav,generated_audios/generated_H2_256C_int8/260-123288-0010_generated.wav,9.995011,0.652003,0.647982,0.065233,0.064831,2.484631,0.948148,0.367324
H2_256C_quantized_resblocks_range_3_8,260-123288-0011.wav,generated_audios/generated_H2_256C_int8/260-123288-0011_generated.wav,8.98,2.470971,2.467085,0.275164,0.274731,2.243919,0.954246,0.361512
H2_256C_quantized_resblocks_range_3_8,260-123288-0012.wav,generated_audios/generated_H2_256C_int8/260-123288-0012_generated.wav,3.545034,0.948581,0.945309,0.26758,0.266657,2.380945,0.951252,0.454374
H2_256C_quantized_resblocks_range_3_8,260-123288-0013.wav,generated_audios/generated_H2_256C_int8/260-123288-0013_generated.wav,11.385079,3.137323,3.133296,0.275564,0.275211,2.604385,0.955712,0.32013
H2_256C_quantized_resblocks_range_3_8,260-123288-0014.wav,generated_audios/generated_H2_256C_int8/260-123288-0014_generated.wav,1.805034,0.111361,0.108222,0.061695,0.059956,2.885104,0.957053,0.410743
H2_256C_quantized_resblocks_range_3_8,260-123288-0015.wav,generated_audios/generated_H2_256C_int8/260-123288-0015_generated.wav,21.185034,6.330599,6.324842,0.298824,0.298552,2.461503,0.953359,0.392478
H2_256C_quantized_resblocks_range_3_8,260-123288-0016.wav,generated_audios/generated_H2_256C_int8/260-123288-0016_generated.wav,4.865034,1.303643,1.30059,0.267962,0.267334,2.373737,0.93769,0.41819
H2_256C_quantized_resblocks_range_3_8,260-123288-0017.wav,generated_audios/generated_H2_256C_int8/260-123288-0017_generated.wav,5.225034,1.380491,1.374315,0.264207,0.263025,2.558773,0.969809,0.343966
H2_256C_quantized_resblocks_range_3_8,260-123288-0018.wav,generated_audios/generated_H2_256C_int8/260-123288-0018_generated.wav,3.245034,0.848698,0.84566,0.261538,0.260601,2.570209,0.962879,0.329145
H2_256C_quantized_resblocks_range_3_8,260-123288-0019.wav,generated_audios/generated_H2_256C_int8/260-123288-0019_generated.wav,2.955011,0.176319,0.173117,0.059668,0.058584,2.919086,0.958569,0.453901
H2_256C_quantized_resblocks_range_3_8,260-123288-0020.wav,generated_audios/generated_H2_256C_int8/260-123288-0020_generated.wav,2.9,0.756386,0.753248,0.260823,0.259741,2.329516,0.949984,0.430461
H2_256C_quantized_resblocks_range_3_8,260-123288-0021.wav,generated_audios/generated_H2_256C_int8/260-123288-0021_generated.wav,2.710023,0.154439,0.151407,0.056988,0.055869,2.45073,0.94574,0.397443
H2_256C_quantized_resblocks_range_3_8,260-123288-0022.wav,generated_audios/generated_H2_256C_int8/260-123288-0022_generated.wav,3.705034,0.994119,0.990731,0.268316,0.267401,2.699506,0.954591,0.399836
H2_256C_quantized_resblocks_range_3_8,260-123288-0023.wav,generated_audios/generated_H2_256C_int8/260-123288-0023_generated.wav,2.385034,0.139699,0.136499,0.058573,0.057231,2.57589,0.92881,0.513618
H2_256C_quantized_resblocks_range_3_8,260-123288-0024.wav,generated_audios/generated_H2_256C_int8/260-123288-0024_generated.wav,14.595011,4.292654,4.288116,0.294118,0.293807,2.497132,0.957598,0.324331
H2_256C_quantized_resblocks_range_3_8,260-123288-0025.wav,generated_audios/generated_H2_256C_int8/260-123288-0025_generated.wav,13.445034,3.944205,3.939595,0.293358,0.293015,2.653739,0.952268,0.35245
H2_256C_quantized_resblocks_range_3_8,260-123288-0026.wav,generated_audios/generated_H2_256C_int8/260-123288-0026_generated.wav,16.04,4.754959,4.750029,0.296444,0.296136,2.676927,0.962576,0.323373
H2_256C_quantized_resblocks_range_3_8,260-123288-0027.wav,generated_audios/generated_H2_256C_int8/260-123288-0027_generated.wav,6.305034,1.689226,1.685539,0.267917,0.267332,2.928601,0.968558,0.337377
H2_256C_quantized_resblocks_range_3_8,260-123288-0028.wav,generated_audios/generated_H2_256C_int8/260-123288-0028_generated.wav,2.610023,0.708933,0.706,0.27162,0.270496,3.019099,0.96876,0.46196
H2_256C_quantized_resblocks_range_3_8,260-123440-0000.wav,generated_audios/generated_H2_256C_int8/260-123440-0000_generated.wav,2.165034,0.56253,0.559375,0.259825,0.258368,2.056984,0.923106,0.345609
H2_256C_quantized_resblocks_range_3_8,260-123440-0001.wav,generated_audios/generated_H2_256C_int8/260-123440-0001_generated.wav,1.74,0.484259,0.48135,0.27831,0.276638,2.300215,0.943783,0.577222
H2_256C_quantized_resblocks_range_3_8,260-123440-0002.wav,generated_audios/generated_H2_256C_int8/260-123440-0002_generated.wav,14.715011,4.362421,4.358811,0.296461,0.296215,2.495569,0.952804,0.342949
H2_256C_quantized_resblocks_range_3_8,260-123440-0003.wav,generated_audios/generated_H2_256C_int8/260-123440-0003_generated.wav,3.585034,0.963617,0.960514,0.268789,0.267923,2.419424,0.955626,0.324263
H2_256C_quantized_resblocks_range_3_8,260-123440-0004.wav,generated_audios/generated_H2_256C_int8/260-123440-0004_generated.wav,12.02,3.617832,3.613383,0.300984,0.300614,2.54605,0.951603,0.37206
H2_256C_quantized_resblocks_range_3_8,260-123440-0005.wav,generated_audios/generated_H2_256C_int8/260-123440-0005_generated.wav,3.105034,0.181663,0.17841,0.058506,0.057458,2.457709,0.953958,0.323341
H2_256C_quantized_resblocks_range_3_8,260-123440-0006.wav,generated_audios/generated_H2_256C_int8/260-123440-0006_generated.wav,2.715011,0.141709,0.138654,0.052195,0.051069,2.323803,0.958325,0.318928
H2_256C_quantized_resblocks_range_3_8,260-123440-0007.wav,generated_audios/generated_H2_256C_int8/260-123440-0007_generated.wav,3.385034,0.890689,0.887413,0.263126,0.262158,2.145242,0.948738,0.381371
H2_256C_quantized_resblocks_range_3_8,260-123440-0008.wav,generated_audios/generated_H2_256C_int8/260-123440-0008_generated.wav,3.745034,1.02097,1.017542,0.27262,0.271704,2.618609,0.958068,0.312249
H2_256C_quantized_resblocks_range_3_8,260-123440-0009.wav,generated_audios/generated_H2_256C_int8/260-123440-0009_generated.wav,3.115011,0.842635,0.839498,0.270508,0.269501,2.7836,0.963682,0.423725
H2_256C_quantized_resblocks_range_3_8,260-123440-0010.wav,generated_audios/generated_H2_256C_int8/260-123440-0010_generated.wav,8.315011,2.341439,2.337705,0.281592,0.281143,2.306086,0.945538,0.310351
H2_256C_quantized_resblocks_range_3_8,260-123440-0011.wav,generated_audios/generated_H2_256C_int8/260-123440-0011_generated.wav,4.870023,0.260969,0.257472,0.053587,0.052869,2.742764,0.961444,0.327353
H2_256C_quantized_resblocks_range_3_8,260-123440-0012.wav,generated_audios/generated_H2_256C_int8/260-123440-0012_generated.wav,5.245034,1.427859,1.424164,0.272231,0.271526,2.571378,0.957061,0.364638
H2_256C_quantized_resblocks_range_3_8,260-123440-0013.wav,generated_audios/generated_H2_256C_int8/260-123440-0013_generated.wav,3.475011,0.934755,0.931433,0.268993,0.268037,2.727877,0.955665,0.352469
H2_256C_quantized_resblocks_range_3_8,260-123440-0014.wav,generated_audios/generated_H2_256C_int8/260-123440-0014_generated.wav,3.815011,1.03548,1.03205,0.271423,0.270523,2.616145,0.951917,0.377345
H2_256C_quantized_resblocks_range_3_8,260-123440-0015.wav,generated_audios/generated_H2_256C_int8/260-123440-0015_generated.wav,6.2,0.366561,0.362849,0.059123,0.058524,2.688203,0.960392,0.295742
H2_256C_quantized_resblocks_range_3_8,260-123440-0016.wav,generated_audios/generated_H2_256C_int8/260-123440-0016_generated.wav,4.895011,1.337498,1.333912,0.273237,0.272504,2.932219,0.970393,0.300927
H2_256C_quantized_resblocks_range_3_8,260-123440-0017.wav,generated_audios/generated_H2_256C_int8/260-123440-0017_generated.wav,3.070023,0.1842,0.180861,0.06,0.058912,2.552698,0.954745,0.313996
H2_256C_quantized_resblocks_range_3_8,260-123440-0018.wav,generated_audios/generated_H2_256C_int8/260-123440-0018_generated.wav,3.64,0.984987,0.981927,0.270601,0.26976,2.70018,0.968528,0.377529
H2_256C_quantized_resblocks_range_3_8,260-123440-0019.wav,generated_audios/generated_H2_256C_int8/260-123440-0019_generated.wav,6.630023,1.796327,1.792553,0.270938,0.270369,2.39693,0.957507,0.301447
H2_256C_quantized_resblocks_range_3_8,260-123440-0020.wav,generated_audios/generated_H2_256C_int8/260-123440-0020_generated.wav,4.995011,1.35676,1.353266,0.271623,0.270923,2.573812,0.959407,0.323344
H2_256C_quantized_resblocks_range_3_8,61-70968-0000.wav,generated_audios/generated_H2_256C_int8/61-70968-0000_generated.wav,4.905034,1.332743,1.329083,0.271709,0.270963,2.34469,0.953594,0.281891
H2_256C_quantized_resblocks_range_3_8,61-70968-0001.wav,generated_audios/generated_H2_256C_int8/61-70968-0001_generated.wav,3.610023,0.974729,0.971389,0.270006,0.269081,2.225297,0.928827,0.272447
H2_256C_quantized_resblocks_range_3_8,61-70968-0002.wav,generated_audios/generated_H2_256C_int8/61-70968-0002_generated.wav,2.970023,0.785209,0.781877,0.264378,0.263256,2.341463,0.928044,0.282624
H2_256C_quantized_resblocks_range_3_8,61-70968-0003.wav,generated_audios/generated_H2_256C_int8/61-70968-0003_generated.wav,4.315011,0.24951,0.246175,0.057824,0.057051,2.506008,0.951703,0.286359
H2_256C_quantized_resblocks_range_3_8,61-70968-0004.wav,generated_audios/generated_H2_256C_int8/61-70968-0004_generated.wav,3.885034,1.060244,1.056653,0.272905,0.27198,2.741827,0.957067,0.283096
H2_256C_quantized_resblocks_range_3_8,61-70968-0005.wav,generated_audios/generated_H2_256C_int8/61-70968-0005_generated.wav,5.070023,0.296149,0.292592,0.058412,0.05771,2.523229,0.918852,0.289602
H2_256C_quantized_resblocks_range_3_8,61-70968-0006.wav,generated_audios/generated_H2_256C_int8/61-70968-0006_generated.wav,2.935011,0.776408,0.773285,0.264533,0.263469,2.47886,0.954072,0.276446
H2_256C_quantized_resblocks_range_3_8,61-70968-0007.wav,generated_audios/generated_H2_256C_int8/61-70968-0007_generated.wav,3.550023,0.209979,0.206531,0.059149,0.058177,2.157168,0.888954,0.281417
H2_256C_quantized_resblocks_range_3_8,61-70968-0008.wav,generated_audios/generated_H2_256C_int8/61-70968-0008_generated.wav,3.535011,0.207079,0.203691,0.05858,0.057621,2.129796,0.933751,0.288615
H2_256C_quantized_resblocks_range_3_8,61-70968-0009.wav,generated_audios/generated_H2_256C_int8/61-70968-0009_generated.wav,4.510023,1.215881,1.212397,0.269595,0.268823,2.323359,0.920325,0.28821
H2_256C_quantized_resblocks_range_3_8,61-70968-0010.wav,generated_audios/generated_H2_256C_int8/61-70968-0010_generated.wav,8.295011,2.32419,2.320112,0.280191,0.2797,2.483791,0.939444,0.281414
H2_256C_quantized_resblocks_range_3_8,61-70968-0011.wav,generated_audios/generated_H2_256C_int8/61-70968-0011_generated.wav,6.375011,1.736584,1.732724,0.272405,0.271799,2.098788,0.943297,0.278347
H2_256C_quantized_resblocks_range_3_8,61-70968-0012.wav,generated_audios/generated_H2_256C_int8/61-70968-0012_generated.wav,2.610023,0.157735,0.154419,0.060434,0.059164,3.169315,0.973002,0.276097
H2_256C_quantized_resblocks_range_3_8,61-70968-0013.wav,generated_audios/generated_H2_256C_int8/61-70968-0013_generated.wav,4.450023,0.25941,0.255987,0.058294,0.057525,2.641658,0.944741,0.27249
H2_256C_quantized_resblocks_range_3_8,61-70968-0014.wav,generated_audios/generated_H2_256C_int8/61-70968-0014_generated.wav,7.485034,2.079805,2.075789,0.277862,0.277325,2.487749,0.950167,0.280227
H2_256C_quantized_resblocks_range_3_8,61-70968-0015.wav,generated_audios/generated_H2_256C_int8/61-70968-0015_generated.wav,5.375011,1.444749,1.441387,0.26879,0.268164,2.386118,0.952797,0.281171
H2_256C_quantized_resblocks_range_3_8,61-70968-0016.wav,generated_audios/generated_H2_256C_int8/61-70968-0016_generated.wav,3.72,1.033821,1.030463,0.277909,0.277006,2.439667,0.966451,0.276118
H2_256C_quantized_resblocks_range_3_8,61-70968-0017.wav,generated_audios/generated_H2_256C_int8/61-70968-0017_generated.wav,5.110023,1.414393,1.410985,0.276788,0.276121,2.325391,0.949545,0.294089
H2_256C_quantized_resblocks_range_3_8,61-70968-0018.wav,generated_audios/generated_H2_256C_int8/61-70968-0018_generated.wav,2.405034,0.641454,0.638319,0.266713,0.26541,1.896131,0.955881,0.283294
H2_256C_quantized_resblocks_range_3_8,61-70968-0019.wav,generated_audios/generated_H2_256C_int8/61-70968-0019_generated.wav,5.475011,1.491804,1.488364,0.272475,0.271847,2.394764,0.945268,0.289339
H2_256C_quantized_resblocks_range_3_8,61-70968-0020.wav,generated_audios/generated_H2_256C_int8/61-70968-0020_generated.wav,5.105034,1.422972,1.419327,0.278739,0.278025,2.716487,0.943388,0.274433
H2_256C_quantized_resblocks_range_3_8,61-70968-0021.wav,generated_audios/generated_H2_256C_int8/61-70968-0021_generated.wav,2.690023,0.721529,0.718518,0.268224,0.267105,2.579672,0.92836,0.276387
H2_256C_quantized_resblocks_range_3_8,61-70968-0022.wav,generated_audios/generated_H2_256C_int8/61-70968-0022_generated.wav,4.670023,0.275142,0.271679,0.058917,0.058175,2.380557,0.930764,0.283892
H2_256C_quantized_resblocks_range_3_8,61-70968-0023.wav,generated_audios/generated_H2_256C_int8/61-70968-0023_generated.wav,5.025034,0.303702,0.300119,0.060438,0.059725,2.677475,0.959115,0.279098
H2_256C_quantized_resblocks_range_3_8,61-70968-0024.wav,generated_audios/generated_H2_256C_int8/61-70968-0024_generated.wav,6.025034,1.686941,1.683156,0.279989,0.27936,2.510858,0.932244,0.281461
H2_256C_quantized_resblocks_range_3_8,61-70968-0025.wav,generated_audios/generated_H2_256C_int8/61-70968-0025_generated.wav,4.410023,0.250755,0.247217,0.05686,0.056058,2.81368,0.943205,0.277032
H2_256C_quantized_resblocks_range_3_8,61-70968-0026.wav,generated_audios/generated_H2_256C_int8/61-70968-0026_generated.wav,4.92,1.33799,1.334615,0.271949,0.271263,2.729093,0.961898,0.269413
H2_256C_quantized_resblocks_range_3_8,61-70968-0027.wav,generated_audios/generated_H2_256C_int8/61-70968-0027_generated.wav,6.870023,1.930105,1.926324,0.280946,0.280396,2.527148,0.952201,0.273509
H2_256C_quantized_resblocks_range_3_8,61-70968-0028.wav,generated_audios/generated_H2_256C_int8/61-70968-0028_generated.wav,5.355011,1.456409,1.452929,0.271971,0.271321,2.65498,0.954267,0.272369
H2_256C_quantized_resblocks_range_3_8,61-70968-0029.wav,generated_audios/generated_H2_256C_int8/61-70968-0029_generated.wav,3.495011,0.973321,0.969796,0.278489,0.27748,2.578018,0.951525,0.274144
H2_256C_quantized_resblocks_range_3_8,61-70968-0030.wav,generated_audios/generated_H2_256C_int8/61-70968-0030_generated.wav,5.685034,1.553104,1.549608,0.273192,0.272577,2.482493,0.952535,0.271832
H2_256C_quantized_resblocks_range_3_8,61-70968-0031.wav,generated_audios/generated_H2_256C_int8/61-70968-0031_generated.wav,2.925034,0.802457,0.799274,0.274341,0.273253,2.357362,0.930222,0.273202
H2_256C_quantized_resblocks_range_3_8,61-70968-0032.wav,generated_audios/generated_H2_256C_int8/61-70968-0032_generated.wav,4.28,0.245959,0.242574,0.057467,0.056676,2.565191,0.94684,0.271162
H2_256C_quantized_resblocks_range_3_8,61-70968-0033.wav,generated_audios/generated_H2_256C_int8/61-70968-0033_generated.wav,5.685034,0.295252,0.291601,0.051935,0.051293,2.777842,0.964351,0.273484
H2_256C_quantized_resblocks_range_3_8,61-70968-0034.wav,generated_audios/generated_H2_256C_int8/61-70968-0034_generated.wav,4.230023,1.178454,1.175508,0.278593,0.277896,3.152308,0.959799,0.285494
H2_256C_quantized_resblocks_range_3_8,61-70968-0035.wav,generated_audios/generated_H2_256C_int8/61-70968-0035_generated.wav,7.950023,2.254441,2.250857,0.283577,0.283126,2.529541,0.955319,0.273966
H2_256C_quantized_resblocks_range_3_8,61-70968-0036.wav,generated_audios/generated_H2_256C_int8/61-70968-0036_generated.wav,2.934966,0.169957,0.166727,0.057908,0.056807,2.708607,0.951984,0.272294
H2_256C_quantized_resblocks_range_3_8,61-70968-0037.wav,generated_audios/generated_H2_256C_int8/61-70968-0037_generated.wav,4.315011,0.249104,0.245605,0.05773,0.056919,2.113866,0.914301,0.29194
H2_256C_quantized_resblocks_range_3_8,61-70968-0038.wav,generated_audios/generated_H2_256C_int8/61-70968-0038_generated.wav,2.050023,0.586361,0.5832,0.286027,0.284484,3.156502,0.910489,0.283204
H2_256C_quantized_resblocks_range_3_8,61-70968-0039.wav,generated_audios/generated_H2_256C_int8/61-70968-0039_generated.wav,3.805034,1.031945,1.02861,0.271205,0.270329,2.696425,0.9335,0.288381
H2_256C_quantized_resblocks_range_3_8,61-70968-0040.wav,generated_audios/generated_H2_256C_int8/61-70968-0040_generated.wav,3.950023,1.097971,1.094498,0.277966,0.277087,2.660938,0.948997,0.27732
H2_256C_quantized_resblocks_range_3_8,61-70968-0041.wav,generated_audios/generated_H2_256C_int8/61-70968-0041_generated.wav,6.825034,0.402666,0.398931,0.058998,0.058451,2.558303,0.93358,0.281959
H2_256C_quantized_resblocks_range_3_8,61-70968-0042.wav,generated_audios/generated_H2_256C_int8/61-70968-0042_generated.wav,2.785034,0.162882,0.159708,0.058485,0.057345,2.409029,0.933706,0.28333
H2_256C_quantized_resblocks_range_3_8,61-70968-0043.wav,generated_audios/generated_H2_256C_int8/61-70968-0043_generated.wav,6.735011,1.889954,1.886816,0.280616,0.28015,2.501551,0.926881,0.275315
H2_256C_quantized_resblocks_range_3_8,61-70968-0044.wav,generated_audios/generated_H2_256C_int8/61-70968-0044_generated.wav,2.770023,0.160008,0.156791,0.057764,0.056603,2.486441,0.929009,0.279272
H2_256C_quantized_resblocks_range_3_8,61-70968-0045.wav,generated_audios/generated_H2_256C_int8/61-70968-0045_generated.wav,3.475011,0.20069,0.197385,0.057752,0.056801,2.528409,0.896417,0.278651
H2_256C_quantized_resblocks_range_3_8,61-70968-0046.wav,generated_audios/generated_H2_256C_int8/61-70968-0046_generated.wav,3.550023,0.201603,0.198294,0.056789,0.055857,2.707175,0.950606,0.276854
H2_256C_quantized_resblocks_range_3_8,61-70968-0047.wav,generated_audios/generated_H2_256C_int8/61-70968-0047_generated.wav,4.775011,1.293954,1.29057,0.270985,0.270276,2.797264,0.95714,0.274071
H2_256C_quantized_resblocks_range_3_8,61-70968-0048.wav,generated_audios/generated_H2_256C_int8/61-70968-0048_generated.wav,3.02,0.837699,0.8344,0.277384,0.276291,2.213598,0.928026,0.285762
H2_256C_quantized_resblocks_range_3_8,61-70968-0049.wav,generated_audios/generated_H2_256C_int8/61-70968-0049_generated.wav,8.250023,2.368167,2.364327,0.28705,0.286584,2.535326,0.928817,0.280325
H2_256C_quantized_resblocks_range_3_8,61-70968-0050.wav,generated_audios/generated_H2_256C_int8/61-70968-0050_generated.wav,5.58,1.548706,1.545062,0.277546,0.276893,2.359065,0.938963,0.281541
H2_256C_quantized_resblocks_range_3_8,61-70968-0051.wav,generated_audios/generated_H2_256C_int8/61-70968-0051_generated.wav,3.135011,0.844642,0.841234,0.269422,0.268335,2.594292,0.924889,0.274792
H2_256C_quantized_resblocks_range_3_8,61-70968-0052.wav,generated_audios/generated_H2_256C_int8/61-70968-0052_generated.wav,2.650023,0.686789,0.683526,0.259164,0.257932,2.211888,0.957439,0.280645
H2_256C_quantized_resblocks_range_3_8,61-70968-0053.wav,generated_audios/generated_H2_256C_int8/61-70968-0053_generated.wav,4.22,0.238698,0.235268,0.056564,0.055751,2.68576,0.940126,0.281496
H2_256C_quantized_resblocks_range_3_8,61-70968-0054.wav,generated_audios/generated_H2_256C_int8/61-70968-0054_generated.wav,7.86,2.168102,2.164035,0.27584,0.275322,2.388689,0.955307,0.278715
H2_256C_quantized_resblocks_range_3_8,61-70968-0055.wav,generated_audios/generated_H2_256C_int8/61-70968-0055_generated.wav,3.965034,0.222512,0.219182,0.056119,0.055279,2.535955,0.938862,0.274315
H2_256C_quantized_resblocks_range_3_8,61-70968-0056.wav,generated_audios/generated_H2_256C_int8/61-70968-0056_generated.wav,3.565034,0.964094,0.960713,0.27043,0.269482,2.645534,0.953676,0.276081
H2_256C_quantized_resblocks_range_3_8,61-70968-0057.wav,generated_audios/generated_H2_256C_int8/61-70968-0057_generated.wav,5.065034,0.279033,0.27561,0.05509,0.054414,2.402308,0.925779,0.285626
H2_256C_quantized_resblocks_range_3_8,61-70968-0058.wav,generated_audios/generated_H2_256C_int8/61-70968-0058_generated.wav,1.82,0.477433,0.474236,0.262326,0.260569,2.515491,0.925669,0.281228
H2_256C_quantized_resblocks_range_3_8,61-70968-0059.wav,generated_audios/generated_H2_256C_int8/61-70968-0059_generated.wav,2.170023,0.127565,0.124412,0.058785,0.057332,3.060366,0.967091,0.289393
H2_256C_quantized_resblocks_range_3_8,61-70968-0060.wav,generated_audios/generated_H2_256C_int8/61-70968-0060_generated.wav,3.735011,0.2037,0.20033,0.054538,0.053636,2.675902,0.948439,0.275009
H2_256C_quantized_resblocks_range_3_8,61-70968-0061.wav,generated_audios/generated_H2_256C_int8/61-70968-0061_generated.wav,5.530023,1.521981,1.518478,0.275222,0.274588,2.427026,0.939266,0.291611
H2_256C_quantized_resblocks_range_3_8,61-70968-0062.wav,generated_audios/generated_H2_256C_int8/61-70968-0062_generated.wav,2.555011,0.148032,0.144442,0.057938,0.056533,2.319889,0.914332,0.276955
H2_256C_quantized_resblocks_range_3_8,61-70970-0000.wav,generated_audios/generated_H2_256C_int8/61-70970-0000_generated.wav,6.075011,1.649793,1.64625,0.27157,0.270987,2.422972,0.956609,0.276584
H2_256C_quantized_resblocks_range_3_8,61-70970-0001.wav,generated_audios/generated_H2_256C_int8/61-70970-0001_generated.wav,6.155011,1.712436,1.708766,0.278218,0.277622,2.737975,0.960291,0.274764
H2_256C_quantized_resblocks_range_3_8,61-70970-0002.wav,generated_audios/generated_H2_256C_int8/61-70970-0002_generated.wav,4.165034,1.150054,1.146722,0.276121,0.275321,2.516237,0.924912,0.284748
H2_256C_quantized_resblocks_range_3_8,61-70970-0003.wav,generated_audios/generated_H2_256C_int8/61-70970-0003_generated.wav,3.835011,1.046835,1.043593,0.272968,0.272123,2.650189,0.926932,0.25911
H2_256C_quantized_resblocks_range_3_8,61-70970-0004.wav,generated_audios/generated_H2_256C_int8/61-70970-0004_generated.wav,10.515011,2.955748,2.951951,0.281098,0.280737,2.811452,0.937654,0.266201
H2_256C_quantized_resblocks_range_3_8,61-70970-0005.wav,generated_audios/generated_H2_256C_int8/61-70970-0005_generated.wav,2.02,0.574057,0.570648,0.284187,0.282499,2.683486,0.920354,0.285011
H2_256C_quantized_resblocks_range_3_8,61-70970-0006.wav,generated_audios/generated_H2_256C_int8/61-70970-0006_generated.wav,2.335011,0.642393,0.639302,0.275113,0.27379,1.977404,0.949557,0.282065
H2_256C_quantized_resblocks_range_3_8,61-70970-0007.wav,generated_audios/generated_H2_256C_int8/61-70970-0007_generated.wav,4.485034,1.248449,1.245104,0.278359,0.277613,2.338361,0.934613,0.288256
H2_256C_quantized_resblocks_range_3_8,61-70970-0008.wav,generated_audios/generated_H2_256C_int8/61-70970-0008_generated.wav,2.150023,0.617037,0.613799,0.286991,0.285485,2.689127,0.926061,0.279246
H2_256C_quantized_resblocks_range_3_8,61-70970-0009.wav,generated_audios/generated_H2_256C_int8/61-70970-0009_generated.wav,3.405034,0.946696,0.94352,0.278028,0.277096,2.902828,0.95745,0.263446
H2_256C_quantized_resblocks_range_3_8,61-70970-0010.wav,generated_audios/generated_H2_256C_int8/61-70970-0010_generated.wav,3.045034,0.174265,0.171494,0.057229,0.056319,2.666965,0.926726,0.269414
H2_256C_quantized_resblocks_range_3_8,61-70970-0011.wav,generated_audios/generated_H2_256C_int8/61-70970-0011_generated.wav,6.075011,0.318037,0.314369,0.052352,0.051748,2.311405,0.915534,0.282355
H2_256C_quantized_resblocks_range_3_8,61-70970-0012.wav,generated_audios/generated_H2_256C_int8/61-70970-0012_generated.wav,3.135011,0.161818,0.158439,0.051616,0.050538,2.687204,0.956325,0.272973
H2_256C_quantized_resblocks_range_3_8,61-70970-0013.wav,generated_audios/generated_H2_256C_int8/61-70970-0013_generated.wav,4.350023,1.214735,1.21133,0.279248,0.278465,2.526283,0.950443,0.280364
H2_256C_quantized_resblocks_range_3_8,61-70970-0014.wav,generated_audios/generated_H2_256C_int8/61-70970-0014_generated.wav,3.405034,0.171572,0.168184,0.050388,0.049393,2.434486,0.964125,0.279297
H2_256C_quantized_resblocks_range_3_8,61-70970-0015.wav,generated_audios/generated_H2_256C_int8/61-70970-0015_generated.wav,8.415011,2.363738,2.359933,0.280895,0.280443,2.34271,0.954732,0.27649
H2_256C_quantized_resblocks_range_3_8,61-70970-0016.wav,generated_audios/generated_H2_256C_int8/61-70970-0016_generated.wav,4.370023,1.214184,1.21068,0.277844,0.277042,2.544284,0.958912,0.280953
H2_256C_quantized_resblocks_range_3_8,61-70970-0017.wav,generated_audios/generated_H2_256C_int8/61-70970-0017_generated.wav,2.550023,0.147228,0.144178,0.057736,0.05654,2.431521,0.924579,0.296202
H2_256C_quantized_resblocks_range_3_8,61-70970-0018.wav,generated_audios/generated_H2_256C_int8/61-70970-0018_generated.wav,4.6,1.24359,1.239985,0.270346,0.269562,2.311897,0.933606,0.287084
H2_256C_quantized_resblocks_range_3_8,61-70970-0019.wav,generated_audios/generated_H2_256C_int8/61-70970-0019_generated.wav,3.78,1.035988,1.032837,0.274071,0.273237,2.833989,0.951377,0.277282
H2_256C_quantized_resblocks_range_3_8,61-70970-0020.wav,generated_audios/generated_H2_256C_int8/61-70970-0020_generated.wav,5.025034,0.287337,0.283941,0.057181,0.056505,2.408298,0.928092,0.287809
H2_256C_quantized_resblocks_range_3_8,61-70970-0021.wav,generated_audios/generated_H2_256C_int8/61-70970-0021_generated.wav,5.405034,1.46123,1.457639,0.270346,0.269682,2.479629,0.941942,0.27966
H2_256C_quantized_resblocks_range_3_8,61-70970-0022.wav,generated_audios/generated_H2_256C_int8/61-70970-0022_generated.wav,3.970023,0.218644,0.215245,0.055074,0.054218,2.465255,0.9283,0.285756
H2_256C_quantized_resblocks_range_3_8,61-70970-0023.wav,generated_audios/generated_H2_256C_int8/61-70970-0023_generated.wav,3.705034,0.208057,0.204756,0.056155,0.055264,2.22972,0.958715,0.278135
H2_256C_quantized_resblocks_range_3_8,61-70970-0024.wav,generated_audios/generated_H2_256C_int8/61-70970-0024_generated.wav,7.235011,2.012286,2.008387,0.278132,0.277593,2.227189,0.949565,0.281405
H2_256C_quantized_resblocks_range_3_8,61-70970-0025.wav,generated_audios/generated_H2_256C_int8/61-70970-0025_generated.wav,7.435011,2.113242,2.109308,0.284229,0.283699,2.736591,0.961179,0.269148
H2_256C_quantized_resblocks_range_3_8,61-70970-0026.wav,generated_audios/generated_H2_256C_int8/61-70970-0026_generated.wav,5.475011,0.316761,0.313096,0.057856,0.057186,2.585814,0.944362,0.274468
H2_256C_quantized_resblocks_range_3_8,61-70970-0027.wav,generated_audios/generated_H2_256C_int8/61-70970-0027_generated.wav,5.08,0.290003,0.28643,0.057087,0.056384,2.302195,0.934256,0.278943
H2_256C_quantized_resblocks_range_3_8,61-70970-0028.wav,generated_audios/generated_H2_256C_int8/61-70970-0028_generated.wav,6.550023,0.378973,0.375278,0.057858,0.057294,2.702826,0.951947,0.267398
H2_256C_quantized_resblocks_range_3_8,61-70970-0029.wav,generated_audios/generated_H2_256C_int8/61-70970-0029_generated.wav,4.030023,0.23252,0.229271,0.057697,0.056891,2.862648,0.941289,0.273875
H2_256C_quantized_resblocks_range_3_8,61-70970-0030.wav,generated_audios/generated_H2_256C_int8/61-70970-0030_generated.wav,3.24,0.188487,0.185397,0.058175,0.057221,2.137163,0.925607,0.285914
H2_256C_quantized_resblocks_range_3_8,61-70970-0031.wav,generated_audios/generated_H2_256C_int8/61-70970-0031_generated.wav,5.135011,1.41424,1.410756,0.275411,0.274733,2.094774,0.943161,0.282551
H2_256C_quantized_resblocks_range_3_8,61-70970-0032.wav,generated_audios/generated_H2_256C_int8/61-70970-0032_generated.wav,3.135011,0.161892,0.158464,0.05164,0.050547,1.968271,0.944874,0.283515
H2_256C_quantized_resblocks_range_3_8,61-70970-0033.wav,generated_audios/generated_H2_256C_int8/61-70970-0033_generated.wav,3.42,0.922314,0.919281,0.269683,0.268795,2.192128,0.950147,0.282913
H2_256C_quantized_resblocks_range_3_8,61-70970-0034.wav,generated_audios/generated_H2_256C_int8/61-70970-0034_generated.wav,4.485034,0.255416,0.252118,0.056948,0.056213,2.308994,0.929763,0.278371
H2_256C_quantized_resblocks_range_3_8,61-70970-0035.wav,generated_audios/generated_H2_256C_int8/61-70970-0035_generated.wav,7.405034,0.431544,0.427582,0.058277,0.057742,2.176559,0.936687,0.276264
H2_256C_quantized_resblocks_range_3_8,61-70970-0036.wav,generated_audios/generated_H2_256C_int8/61-70970-0036_generated.wav,6.785034,0.386554,0.382804,0.056972,0.056419,1.991753,0.93692,0.277703
H2_256C_quantized_resblocks_range_3_8,61-70970-0037.wav,generated_audios/generated_H2_256C_int8/61-70970-0037_generated.wav,5.98,1.590082,1.586503,0.2659,0.265302,2.540225,0.937162,0.282825
H2_256C_quantized_resblocks_range_3_8,61-70970-0038.wav,generated_audios/generated_H2_256C_int8/61-70970-0038_generated.wav,10.4,2.894177,2.890046,0.278286,0.277889,2.388487,0.943065,0.279462
H2_256C_quantized_resblocks_range_3_8,61-70970-0039.wav,generated_audios/generated_H2_256C_int8/61-70970-0039_generated.wav,6.665034,0.383852,0.380035,0.057592,0.057019,2.267564,0.928024,0.278565
H2_256C_quantized_resblocks_range_3_8,61-70970-0040.wav,generated_audios/generated_H2_256C_int8/61-70970-0040_generated.wav,4.165034,0.234435,0.231233,0.056287,0.055518,2.528629,0.960754,0.273617
H2_256C_quantized_resblocks_range_3_8,672-122797-0000.wav,generated_audios/generated_H2_256C_int8/672-122797-0000_generated.wav,4.070023,1.126212,1.122595,0.276709,0.27582,2.820924,0.962046,0.280515
H2_256C_quantized_resblocks_range_3_8,672-122797-0001.wav,generated_audios/generated_H2_256C_int8/672-122797-0001_generated.wav,15.130023,4.272038,4.267017,0.282355,0.282023,3.016587,0.959509,0.287888
H2_256C_quantized_resblocks_range_3_8,672-122797-0002.wav,generated_audios/generated_H2_256C_int8/672-122797-0002_generated.wav,13.62,3.830732,3.826245,0.281258,0.280928,2.820009,0.957567,0.286253
H2_256C_quantized_resblocks_range_3_8,672-122797-0003.wav,generated_audios/generated_H2_256C_int8/672-122797-0003_generated.wav,4.76,1.323858,1.32045,0.278122,0.277405,2.598065,0.928367,0.30443
H2_256C_quantized_resblocks_range_3_8,672-122797-0004.wav,generated_audios/generated_H2_256C_int8/672-122797-0004_generated.wav,10.250023,2.861596,2.857509,0.27918,0.278781,2.791658,0.940362,0.293826
H2_256C_quantized_resblocks_range_3_8,672-122797-0005.wav,generated_audios/generated_H2_256C_int8/672-122797-0005_generated.wav,3.26,0.914931,0.911711,0.280654,0.279666,2.570781,0.884127,0.300197
H2_256C_quantized_resblocks_range_3_8,672-122797-0006.wav,generated_audios/generated_H2_256C_int8/672-122797-0006_generated.wav,13.950023,3.95149,3.946957,0.28326,0.282935,2.252737,0.871273,0.326378
H2_256C_quantized_resblocks_range_3_8,672-122797-0007.wav,generated_audios/generated_H2_256C_int8/672-122797-0007_generated.wav,6.42,1.775022,1.771249,0.276483,0.275895,2.886537,0.893548,0.304038
H2_256C_quantized_resblocks_range_3_8,672-122797-0008.wav,generated_audios/generated_H2_256C_int8/672-122797-0008_generated.wav,30.810023,8.917077,8.910175,0.289421,0.289197,2.690056,0.897497,0.303469
H2_256C_quantized_resblocks_range_3_8,672-122797-0009.wav,generated_audios/generated_H2_256C_int8/672-122797-0009_generated.wav,2.765034,0.159907,0.15667,0.057832,0.056661,2.106916,0.858777,0.347653
H2_256C_quantized_resblocks_range_3_8,672-122797-0010.wav,generated_audios/generated_H2_256C_int8/672-122797-0010_generated.wav,3.815011,0.217287,0.213879,0.056956,0.056062,2.338538,0.916482,0.316475
H2_256C_quantized_resblocks_range_3_8,672-122797-0011.wav,generated_audios/generated_H2_256C_int8/672-122797-0011_generated.wav,2.54,0.711241,0.70815,0.280016,0.278799,2.299695,0.919276,0.343289
H2_256C_quantized_resblocks_range_3_8,672-122797-0012.wav,generated_audios/generated_H2_256C_int8/672-122797-0012_generated.wav,7.765034,2.199211,2.195525,0.28322,0.282745,2.255549,0.918247,0.313376
H2_256C_quantized_resblocks_range_3_8,672-122797-0013.wav,generated_audios/generated_H2_256C_int8/672-122797-0013_generated.wav,8.705034,2.443467,2.439274,0.280696,0.280214,2.595195,0.874162,0.315161
H2_256C_quantized_resblocks_range_3_8,672-122797-0014.wav,generated_audios/generated_H2_256C_int8/672-122797-0014_generated.wav,2.555011,0.150611,0.147542,0.058947,0.057746,2.647599,0.929707,0.327387
H2_256C_quantized_resblocks_range_3_8,672-122797-0015.wav,generated_audios/generated_H2_256C_int8/672-122797-0015_generated.wav,4.455011,0.251636,0.248199,0.056484,0.055712,2.393934,0.907354,0.336712
H2_256C_quantized_resblocks_range_3_8,672-122797-0016.wav,generated_audios/generated_H2_256C_int8/672-122797-0016_generated.wav,9.215011,2.578811,2.574759,0.279849,0.279409,2.511194,0.893747,0.319448
H2_256C_quantized_resblocks_range_3_8,672-122797-0017.wav,generated_audios/generated_H2_256C_int8/672-122797-0017_generated.wav,4.82,1.344546,1.341123,0.278952,0.278241,2.48684,0.903245,0.319144
H2_256C_quantized_resblocks_range_3_8,672-122797-0018.wav,generated_audios/generated_H2_256C_int8/672-122797-0018_generated.wav,4.930023,1.358412,1.355098,0.275539,0.274866,2.16555,0.911077,0.312319
H2_256C_quantized_resblocks_range_3_8,672-122797-0019.wav,generated_audios/generated_H2_256C_int8/672-122797-0019_generated.wav,4.110023,1.111314,1.108036,0.270391,0.269594,2.668183,0.906579,0.324113
H2_256C_quantized_resblocks_range_3_8,672-122797-0020.wav,generated_audios/generated_H2_256C_int8/672-122797-0020_generated.wav,8.825034,2.501775,2.497724,0.283486,0.283027,2.596159,0.883913,0.306836
H2_256C_quantized_resblocks_range_3_8,672-122797-0021.wav,generated_audios/generated_H2_256C_int8/672-122797-0021_generated.wav,4.150023,0.230214,0.226928,0.055473,0.054681,2.333793,0.951055,0.298694
H2_256C_quantized_resblocks_range_3_8,672-122797-0022.wav,generated_audios/generated_H2_256C_int8/672-122797-0022_generated.wav,19.004943,5.488088,5.483329,0.288772,0.288521,2.583307,0.885292,0.301832
H2_256C_quantized_resblocks_range_3_8,672-122797-0023.wav,generated_audios/generated_H2_256C_int8/672-122797-0023_generated.wav,9.695102,2.749492,2.74562,0.283596,0.283197,2.527982,0.916513,0.297916
H2_256C_quantized_resblocks_range_3_8,672-122797-0024.wav,generated_audios/generated_H2_256C_int8/672-122797-0024_generated.wav,4.130023,1.147927,1.144664,0.277947,0.277157,2.384011,0.870168,0.314113
H2_256C_quantized_resblocks_range_3_8,672-122797-0025.wav,generated_audios/generated_H2_256C_int8/672-122797-0025_generated.wav,10.690023,3.055325,3.051145,0.285811,0.28542,2.968286,0.955129,0.295344
H2_256C_quantized_resblocks_range_3_8,672-122797-0026.wav,generated_audios/generated_H2_256C_int8/672-122797-0026_generated.wav,13.96,3.983655,3.978982,0.285362,0.285027,2.526801,0.913341,0.298377
H2_256C_quantized_resblocks_range_3_8,672-122797-0027.wav,generated_audios/generated_H2_256C_int8/672-122797-0027_generated.wav,4.790023,0.273554,0.270022,0.057109,0.056372,2.540933,0.864831,0.305878
H2_256C_quantized_resblocks_range_3_8,672-122797-0028.wav,generated_audios/generated_H2_256C_int8/672-122797-0028_generated.wav,2.610023,0.159082,0.155677,0.06095,0.059646,2.831854,0.934848,0.304742
H2_256C_quantized_resblocks_range_3_8,672-122797-0029.wav,generated_audios/generated_H2_256C_int8/672-122797-0029_generated.wav,3.050023,0.17831,0.174855,0.058462,0.057329,3.366211,0.96165,0.305847
H2_256C_quantized_resblocks_range_3_8,672-122797-0030.wav,generated_audios/generated_H2_256C_int8/672-122797-0030_generated.wav,4.575011,1.255177,1.251836,0.274355,0.273625,2.641432,0.938796,0.315719
H2_256C_quantized_resblocks_range_3_8,672-122797-0031.wav,generated_audios/generated_H2_256C_int8/672-122797-0031_generated.wav,3.98,0.226397,0.223035,0.056884,0.056039,3.244421,0.925547,0.310775
H2_256C_quantized_resblocks_range_3_8,672-122797-0032.wav,generated_audios/generated_H2_256C_int8/672-122797-0032_generated.wav,4.0,0.225938,0.222561,0.056484,0.05564,2.307675,0.891975,0.308534
H2_256C_quantized_resblocks_range_3_8,672-122797-0033.wav,generated_audios/generated_H2_256C_int8/672-122797-0033_generated.wav,1.285034,0.355251,0.352163,0.276453,0.27405,2.356353,0.829318,0.34733
H2_256C_quantized_resblocks_range_3_8,672-122797-0034.wav,generated_audios/generated_H2_256C_int8/672-122797-0034_generated.wav,5.110023,0.36986,0.366375,0.072379,0.071697,2.893956,0.955016,0.302082
H2_256C_quantized_resblocks_range_3_8,672-122797-0035.wav,generated_audios/generated_H2_256C_int8/672-122797-0035_generated.wav,2.9,0.168425,0.165205,0.058078,0.056967,3.290364,0.965562,0.293692
H2_256C_quantized_resblocks_range_3_8,672-122797-0036.wav,generated_audios/generated_H2_256C_int8/672-122797-0036_generated.wav,5.365034,0.310865,0.30735,0.057943,0.057288,2.362044,0.8893,0.322157
H2_256C_quantized_resblocks_range_3_8,672-122797-0037.wav,generated_audios/generated_H2_256C_int8/672-122797-0037_generated.wav,1.96,0.525837,0.522799,0.268284,0.266734,2.468623,0.900303,0.350073
H2_256C_quantized_resblocks_range_3_8,672-122797-0038.wav,generated_audios/generated_H2_256C_int8/672-122797-0038_generated.wav,8.8,2.44999,2.445899,0.278408,0.277943,2.456086,0.903393,0.303041
H2_256C_quantized_resblocks_range_3_8,672-122797-0039.wav,generated_audios/generated_H2_256C_int8/672-122797-0039_generated.wav,4.025034,1.11319,1.109677,0.276567,0.275694,2.701288,0.931676,0.309249
H2_256C_quantized_resblocks_range_3_8,672-122797-0040.wav,generated_audios/generated_H2_256C_int8/672-122797-0040_generated.wav,5.125034,0.2977,0.293937,0.058087,0.057353,2.641881,0.914929,0.305159
H2_256C_quantized_resblocks_range_3_8,672-122797-0041.wav,generated_audios/generated_H2_256C_int8/672-122797-0041_generated.wav,3.88,0.219535,0.216217,0.056581,0.055726,2.997961,0.931448,0.2967
H2_256C_quantized_resblocks_range_3_8,672-122797-0042.wav,generated_audios/generated_H2_256C_int8/672-122797-0042_generated.wav,15.310023,4.378927,4.374278,0.286017,0.285713,2.532206,0.798883,0.309629
H2_256C_quantized_resblocks_range_3_8,672-122797-0043.wav,generated_audios/generated_H2_256C_int8/672-122797-0043_generated.wav,3.78,0.21142,0.208168,0.055931,0.055071,2.71904,0.871113,0.323774
H2_256C_quantized_resblocks_range_3_8,672-122797-0044.wav,generated_audios/generated_H2_256C_int8/672-122797-0044_generated.wav,3.74,0.21032,0.206994,0.056235,0.055346,2.835657,0.903401,0.307196
H2_256C_quantized_resblocks_range_3_8,672-122797-0045.wav,generated_audios/generated_H2_256C_int8/672-122797-0045_generated.wav,13.96,0.814489,0.809827,0.058344,0.058011,2.696652,0.950633,0.292735
H2_256C_quantized_resblocks_range_3_8,672-122797-0046.wav,generated_audios/generated_H2_256C_int8/672-122797-0046_generated.wav,4.715011,1.289952,1.28665,0.273584,0.272884,2.627467,0.923208,0.317984
H2_256C_quantized_resblocks_range_3_8,672-122797-0047.wav,generated_audios/generated_H2_256C_int8/672-122797-0047_generated.wav,3.325034,0.910263,0.906797,0.273761,0.272718,2.743337,0.896807,0.325312
H2_256C_quantized_resblocks_range_3_8,672-122797-0048.wav,generated_audios/generated_H2_256C_int8/672-122797-0048_generated.wav,6.555011,0.378722,0.37523,0.057776,0.057243,2.712448,0.837358,0.312741
H2_256C_quantized_resblocks_range_3_8,672-122797-0049.wav,generated_audios/generated_H2_256C_int8/672-122797-0049_generated.wav,2.02,0.124559,0.121327,0.061663,0.060063,2.13252,0.818536,0.329694
H2_256C_quantized_resblocks_range_3_8,672-122797-0050.wav,generated_audios/generated_H2_256C_int8/672-122797-0050_generated.wav,4.855011,1.350822,1.347286,0.278232,0.277504,2.425195,0.914252,0.293751
H2_256C_quantized_resblocks_range_3_8,672-122797-0051.wav,generated_audios/generated_H2_256C_int8/672-122797-0051_generated.wav,4.665034,1.30081,1.297523,0.278843,0.278138,2.502127,0.906549,0.30887
H2_256C_quantized_resblocks_range_3_8,672-122797-0052.wav,generated_audios/generated_H2_256C_int8/672-122797-0052_generated.wav,4.285034,1.172756,1.169315,0.273686,0.272884,2.408639,0.914427,0.322316
H2_256C_quantized_resblocks_range_3_8,672-122797-0053.wav,generated_audios/generated_H2_256C_int8/672-122797-0053_generated.wav,2.955011,0.171655,0.168252,0.05809,0.056938,2.42138,0.895205,0.301757
H2_256C_quantized_resblocks_range_3_8,672-122797-0054.wav,generated_audios/generated_H2_256C_int8/672-122797-0054_generated.wav,4.250023,0.238736,0.235226,0.056173,0.055347,2.613992,0.877034,0.300188
H2_256C_quantized_resblocks_range_3_8,672-122797-0055.wav,generated_audios/generated_H2_256C_int8/672-122797-0055_generated.wav,8.230023,2.302427,2.298619,0.279759,0.279297,2.814523,0.884549,0.294865
H2_256C_quantized_resblocks_range_3_8,672-122797-0056.wav,generated_audios/generated_H2_256C_int8/672-122797-0056_generated.wav,5.225034,0.304037,0.300427,0.058189,0.057498,2.746974,0.935935,0.296481
H2_256C_quantized_resblocks_range_3_8,672-122797-0057.wav,generated_audios/generated_H2_256C_int8/672-122797-0057_generated.wav,6.56,0.38382,0.380091,0.058509,0.057941,2.683361,0.863509,0.315106
H2_256C_quantized_resblocks_range_3_8,672-122797-0058.wav,generated_audios/generated_H2_256C_int8/672-122797-0058_generated.wav,4.470023,1.24957,1.246052,0.279545,0.278757,2.269524,0.863075,0.328978
H2_256C_quantized_resblocks_range_3_8,672-122797-0059.wav,generated_audios/generated_H2_256C_int8/672-122797-0059_generated.wav,3.52,0.963082,0.959344,0.273603,0.272541,2.508895,0.923531,0.309488
H2_256C_quantized_resblocks_range_3_8,672-122797-0060.wav,generated_audios/generated_H2_256C_int8/672-122797-0060_generated.wav,3.350023,0.19725,0.193895,0.05888,0.057879,2.998903,0.95821,0.30821
H2_256C_quantized_resblocks_range_3_8,672-122797-0061.wav,generated_audios/generated_H2_256C_int8/672-122797-0061_generated.wav,7.590023,2.113789,2.109995,0.278496,0.277996,2.806385,0.927885,0.32648
H2_256C_quantized_resblocks_range_3_8,672-122797-0062.wav,generated_audios/generated_H2_256C_int8/672-122797-0062_generated.wav,2.675011,0.749512,0.746366,0.28019,0.279014,2.506958,0.830052,0.319401
H2_256C_quantized_resblocks_range_3_8,672-122797-0063.wav,generated_audios/generated_H2_256C_int8/672-122797-0063_generated.wav,5.075011,0.282876,0.279442,0.055739,0.055062,2.912578,0.93484,0.312804
H2_256C_quantized_resblocks_range_3_8,672-122797-0064.wav,generated_audios/generated_H2_256C_int8/672-122797-0064_generated.wav,15.270023,4.369219,4.36438,0.28613,0.285814,2.555894,0.893137,0.307222
H2_256C_quantized_resblocks_range_3_8,672-122797-0065.wav,generated_audios/generated_H2_256C_int8/672-122797-0065_generated.wav,3.030023,0.17248,0.169468,0.056924,0.05593,2.100483,0.876498,0.321754
H2_256C_quantized_resblocks_range_3_8,672-122797-0066.wav,generated_audios/generated_H2_256C_int8/672-122797-0066_generated.wav,4.815011,0.266501,0.263012,0.055348,0.054623,2.794751,0.959922,0.290251
H2_256C_quantized_resblocks_range_3_8,672-122797-0067.wav,generated_audios/generated_H2_256C_int8/672-122797-0067_generated.wav,13.035011,3.696846,3.692097,0.283609,0.283245,2.882122,0.947546,0.29239
H2_256C_quantized_resblocks_range_3_8,672-122797-0068.wav,generated_audios/generated_H2_256C_int8/672-122797-0068_generated.wav,4.02,0.224643,0.221122,0.055881,0.055006,2.701148,0.892072,0.304958
H2_256C_quantized_resblocks_range_3_8,672-122797-0069.wav,generated_audios/generated_H2_256C_int8/672-122797-0069_generated.wav,5.010023,1.406161,1.402597,0.28067,0.279958,2.579796,0.866472,0.304635
H2_256C_quantized_resblocks_range_3_8,672-122797-0070.wav,generated_audios/generated_H2_256C_int8/672-122797-0070_generated.wav,6.270023,1.742323,1.738694,0.277881,0.277303,2.785338,0.959,0.298446
H2_256C_quantized_resblocks_range_3_8,672-122797-0071.wav,generated_audios/generated_H2_256C_int8/672-122797-0071_generated.wav,8.875011,2.513235,2.509231,0.283181,0.28273,2.949064,0.960866,0.290962
H2_256C_quantized_resblocks_range_3_8,672-122797-0072.wav,generated_audios/generated_H2_256C_int8/672-122797-0072_generated.wav,7.94,2.214097,2.210188,0.278854,0.278361,2.865577,0.903391,0.301418
H2_256C_quantized_resblocks_range_3_8,672-122797-0073.wav,generated_audios/generated_H2_256C_int8/672-122797-0073_generated.wav,8.205034,2.30517,2.301277,0.280946,0.280471,2.783054,0.940343,0.299209
H2_256C_quantized_resblocks_range_3_8,672-122797-0074.wav,generated_audios/generated_H2_256C_int8/672-122797-0074_generated.wav,8.730023,2.507187,2.50302,0.287191,0.286714,2.762614,0.788395,0.314828
H2_256C_quantized_resblocks_range_3_8,908-157963-0000.wav,generated_audios/generated_H2_256C_int8/908-157963-0000_generated.wav,12.62,3.591823,3.587379,0.284614,0.284261,2.659728,0.937316,0.301019
H2_256C_quantized_resblocks_range_3_8,908-157963-0001.wav,generated_audios/generated_H2_256C_int8/908-157963-0001_generated.wav,2.885034,0.795424,0.792379,0.275707,0.274652,2.434651,0.959951,0.300979
H2_256C_quantized_resblocks_range_3_8,908-157963-0002.wav,generated_audios/generated_H2_256C_int8/908-157963-0002_generated.wav,2.755011,0.73956,0.736349,0.268442,0.267276,2.604179,0.960915,0.299576
H2_256C_quantized_resblocks_range_3_8,908-157963-0003.wav,generated_audios/generated_H2_256C_int8/908-157963-0003_generated.wav,3.08,0.850854,0.847336,0.276251,0.275109,2.755689,0.966796,0.28991
H2_256C_quantized_resblocks_range_3_8,908-157963-0004.wav,generated_audios/generated_H2_256C_int8/908-157963-0004_generated.wav,13.990023,4.003923,3.999316,0.286198,0.285869,2.627939,0.934876,0.294889
H2_256C_quantized_resblocks_range_3_8,908-157963-0005.wav,generated_audios/generated_H2_256C_int8/908-157963-0005_generated.wav,7.035011,1.975782,1.972007,0.28085,0.280313,2.580648,0.934401,0.302793
H2_256C_quantized_resblocks_range_3_8,908-157963-0006.wav,generated_audios/generated_H2_256C_int8/908-157963-0006_generated.wav,8.110023,2.30627,2.302272,0.284373,0.28388,2.500986,0.934585,0.293973
H2_256C_quantized_resblocks_range_3_8,908-157963-0007.wav,generated_audios/generated_H2_256C_int8/908-157963-0007_generated.wav,32.770023,9.514957,9.508271,0.290356,0.290151,2.520474,0.939529,0.297578
H2_256C_quantized_resblocks_range_3_8,908-157963-0008.wav,generated_audios/generated_H2_256C_int8/908-157963-0008_generated.wav,19.950023,5.743318,5.738426,0.287885,0.28764,2.65097,0.942161,0.295566
H2_256C_quantized_resblocks_range_3_8,908-157963-0009.wav,generated_audios/generated_H2_256C_int8/908-157963-0009_generated.wav,4.06,1.135552,1.132093,0.279693,0.278841,2.575562,0.940865,0.297948
H2_256C_quantized_resblocks_range_3_8,908-157963-0010.wav,generated_audios/generated_H2_256C_int8/908-157963-0010_generated.wav,6.28,0.338677,0.33552,0.053929,0.053427,2.556551,0.898931,0.300654
H2_256C_quantized_resblocks_range_3_8,908-157963-0011.wav,generated_audios/generated_H2_256C_int8/908-157963-0011_generated.wav,10.395011,0.618922,0.614945,0.05954,0.059158,2.253234,0.928852,0.298392
H2_256C_quantized_resblocks_range_3_8,908-157963-0012.wav,generated_audios/generated_H2_256C_int8/908-157963-0012_generated.wav,10.090023,2.859369,2.855009,0.283386,0.282954,2.425864,0.905758,0.301211
H2_256C_quantized_resblocks_range_3_8,908-157963-0013.wav,generated_audios/generated_H2_256C_int8/908-157963-0013_generated.wav,4.315011,0.241636,0.238228,0.055999,0.055209,2.247281,0.948764,0.321828
H2_256C_quantized_resblocks_range_3_8,908-157963-0014.wav,generated_audios/generated_H2_256C_int8/908-157963-0014_generated.wav,4.52,0.252484,0.248894,0.055859,0.055065,2.705349,0.93785,0.317658
H2_256C_quantized_resblocks_range_3_8,908-157963-0015.wav,generated_audios/generated_H2_256C_int8/908-157963-0015_generated.wav,14.465034,4.118055,4.11337,0.28469,0.284366,2.688589,0.953446,0.295556
H2_256C_quantized_resblocks_range_3_8,908-157963-0016.wav,generated_audios/generated_H2_256C_int8/908-157963-0016_generated.wav,5.105034,0.289116,0.285568,0.056633,0.055939,2.705109,0.956197,0.297559
H2_256C_quantized_resblocks_range_3_8,908-157963-0017.wav,generated_audios/generated_H2_256C_int8/908-157963-0017_generated.wav,4.950023,1.343994,1.340546,0.271513,0.270816,2.780095,0.951635,0.298367
H2_256C_quantized_resblocks_range_3_8,908-157963-0018.wav,generated_audios/generated_H2_256C_int8/908-157963-0018_generated.wav,4.255011,0.233714,0.230238,0.054927,0.05411,2.809606,0.942129,0.292352
H2_256C_quantized_resblocks_range_3_8,908-157963-0019.wav,generated_audios/generated_H2_256C_int8/908-157963-0019_generated.wav,21.44,6.170053,6.164419,0.287782,0.28752,2.542227,0.941525,0.307465
H2_256C_quantized_resblocks_range_3_8,908-157963-0020.wav,generated_audios/generated_H2_256C_int8/908-157963-0020_generated.wav,9.8,2.762972,2.759094,0.281936,0.28154,2.563287,0.939503,0.305921
H2_256C_quantized_resblocks_range_3_8,908-157963-0021.wav,generated_audios/generated_H2_256C_int8/908-157963-0021_generated.wav,10.24,0.608369,0.603912,0.059411,0.058976,2.802694,0.94618,0.294882
H2_256C_quantized_resblocks_range_3_8,908-157963-0022.wav,generated_audios/generated_H2_256C_int8/908-157963-0022_generated.wav,4.610023,1.294379,1.290926,0.280775,0.280026,2.342199,0.939924,0.302833
H2_256C_quantized_resblocks_range_3_8,908-157963-0023.wav,generated_audios/generated_H2_256C_int8/908-157963-0023_generated.wav,9.625034,2.698941,2.694863,0.280408,0.279985,2.538271,0.923244,0.294925
H2_256C_quantized_resblocks_range_3_8,908-157963-0024.wav,generated_audios/generated_H2_256C_int8/908-157963-0024_generated.wav,3.44,0.958394,0.955042,0.278603,0.277629,2.338043,0.941675,0.304462
H2_256C_quantized_resblocks_range_3_8,908-157963-0025.wav,generated_audios/generated_H2_256C_int8/908-157963-0025_generated.wav,9.265034,2.597558,2.5934,0.280361,0.279913,2.456755,0.933641,0.303243
H2_256C_quantized_resblocks_range_3_8,908-157963-0026.wav,generated_audios/generated_H2_256C_int8/908-157963-0026_generated.wav,8.1,2.283892,2.280403,0.281962,0.281531,2.589652,0.93554,0.295106
H2_256C_quantized_resblocks_range_3_8,908-157963-0027.wav,generated_audios/generated_H2_256C_int8/908-157963-0027_generated.wav,5.225034,0.293337,0.289645,0.056141,0.055434,2.186698,0.889836,0.322653
H2_256C_quantized_resblocks_range_3_8,908-157963-0028.wav,generated_audios/generated_H2_256C_int8/908-157963-0028_generated.wav,4.955011,0.251572,0.24824,0.050771,0.050099,2.565756,0.956458,0.290664
H2_256C_quantized_resblocks_range_3_8,908-157963-0029.wav,generated_audios/generated_H2_256C_int8/908-157963-0029_generated.wav,3.630023,0.991715,0.988494,0.273198,0.272311,2.480616,0.96839,0.292338
H2_256C_quantized_resblocks_range_3_8,908-157963-0030.wav,generated_audios/generated_H2_256C_int8/908-157963-0030_generated.wav,4.52,0.23219,0.228764,0.05137,0.050612,2.786308,0.962228,0.305064
H2_256C_quantized_resblocks_range_3_8,908-31957-0000.wav,generated_audios/generated_H2_256C_int8/908-31957-0000_generated.wav,2.125034,0.574221,0.571197,0.270217,0.268794,2.648801,0.941879,0.319787
H2_256C_quantized_resblocks_range_3_8,908-31957-0001.wav,generated_audios/generated_H2_256C_int8/908-31957-0001_generated.wav,11.315011,3.196047,3.192011,0.282461,0.282104,2.477484,0.939311,0.316123
H2_256C_quantized_resblocks_range_3_8,908-31957-0002.wav,generated_audios/generated_H2_256C_int8/908-31957-0002_generated.wav,4.790023,0.269456,0.265831,0.056254,0.055497,2.403326,0.934478,0.323955
H2_256C_quantized_resblocks_range_3_8,908-31957-0003.wav,generated_audios/generated_H2_256C_int8/908-31957-0003_generated.wav,6.565034,0.379954,0.376433,0.057875,0.057339,2.487401,0.939813,0.303466
H2_256C_quantized_resblocks_range_3_8,908-31957-0004.wav,generated_audios/generated_H2_256C_int8/908-31957-0004_generated.wav,14.755011,4.218505,4.214283,0.285903,0.285617,2.696817,0.951546,0.306283
H2_256C_quantized_resblocks_range_3_8,908-31957-0005.wav,generated_audios/generated_H2_256C_int8/908-31957-0005_generated.wav,4.490023,0.254265,0.250836,0.056629,0.055865,2.707404,0.937603,0.327644
H2_256C_quantized_resblocks_range_3_8,908-31957-0006.wav,generated_audios/generated_H2_256C_int8/908-31957-0006_generated.wav,5.890023,1.612423,1.608667,0.273755,0.273117,2.724302,0.945046,0.319854
H2_256C_quantized_resblocks_range_3_8,908-31957-0007.wav,generated_audios/generated_H2_256C_int8/908-31957-0007_generated.wav,5.8,0.330837,0.327421,0.057041,0.056452,2.568824,0.954734,0.308108
H2_256C_quantized_resblocks_range_3_8,908-31957-0008.wav,generated_audios/generated_H2_256C_int8/908-31957-0008_generated.wav,10.005034,2.806018,2.801757,0.280461,0.280035,2.539151,0.943489,0.310311
H2_256C_quantized_resblocks_range_3_8,908-31957-0009.wav,generated_audios/generated_H2_256C_int8/908-31957-0009_generated.wav,7.705034,2.148611,2.144656,0.278858,0.278345,2.568342,0.944152,0.314938
H2_256C_quantized_resblocks_range_3_8,908-31957-0010.wav,generated_audios/generated_H2_256C_int8/908-31957-0010_generated.wav,2.510023,0.67038,0.667344,0.267081,0.265872,2.606743,0.893388,0.330868
H2_256C_quantized_resblocks_range_3_8,908-31957-0011.wav,generated_audios/generated_H2_256C_int8/908-31957-0011_generated.wav,2.335011,0.13536,0.132246,0.05797,0.056636,2.69424,0.935381,0.296995
H2_256C_quantized_resblocks_range_3_8,908-31957-0012.wav,generated_audios/generated_H2_256C_int8/908-31957-0012_generated.wav,7.615011,2.125755,2.122089,0.279153,0.278672,2.649958,0.949132,0.31284
H2_256C_quantized_resblocks_range_3_8,908-31957-0013.wav,generated_audios/generated_H2_256C_int8/908-31957-0013_generated.wav,6.18,1.731309,1.72682,0.280147,0.279421,2.800766,0.935338,0.312071
H2_256C_quantized_resblocks_range_3_8,908-31957-0014.wav,generated_audios/generated_H2_256C_int8/908-31957-0014_generated.wav,7.56,2.100664,2.097333,0.277866,0.277425,2.218934,0.936,0.318467
H2_256C_quantized_resblocks_range_3_8,908-31957-0015.wav,generated_audios/generated_H2_256C_int8/908-31957-0015_generated.wav,21.465034,6.247845,6.242759,0.291071,0.290834,2.558035,0.937384,0.317443
H2_256C_quantized_resblocks_range_3_8,908-31957-0016.wav,generated_audios/generated_H2_256C_int8/908-31957-0016_generated.wav,6.48,1.785503,1.781713,0.275541,0.274956,2.893419,0.947265,0.316276
H2_256C_quantized_resblocks_range_3_8,908-31957-0017.wav,generated_audios/generated_H2_256C_int8/908-31957-0017_generated.wav,7.795011,2.184377,2.180814,0.280228,0.27977,2.471907,0.947801,0.316703
H2_256C_quantized_resblocks_range_3_8,908-31957-0018.wav,generated_audios/generated_H2_256C_int8/908-31957-0018_generated.wav,3.915011,1.084865,1.081357,0.277104,0.276208,2.641896,0.936937,0.317736
H2_256C_quantized_resblocks_range_3_8,908-31957-0019.wav,generated_audios/generated_H2_256C_int8/908-31957-0019_generated.wav,9.54,2.699392,2.695272,0.282955,0.282523,2.652437,0.950997,0.306731
H2_256C_quantized_resblocks_range_3_8,908-31957-0020.wav,generated_audios/generated_H2_256C_int8/908-31957-0020_generated.wav,5.895011,0.330153,0.326711,0.056005,0.055422,2.789313,0.945913,0.312223
H2_256C_quantized_resblocks_range_3_8,908-31957-0021.wav,generated_audios/generated_H2_256C_int8/908-31957-0021_generated.wav,10.905034,3.08234,3.078047,0.282653,0.282259,2.600785,0.940389,0.308523
H2_256C_quantized_resblocks_range_3_8,908-31957-0022.wav,generated_audios/generated_H2_256C_int8/908-31957-0022_generated.wav,14.1,4.036925,4.032811,0.286307,0.286015,2.657042,0.94145,0.308445
H2_256C_quantized_resblocks_range_3_8,908-31957-0023.wav,generated_audios/generated_H2_256C_int8/908-31957-0023_generated.wav,8.515011,2.381313,2.377399,0.279661,0.279201,2.477325,0.94399,0.322457
H2_256C_quantized_resblocks_range_3_8,908-31957-0024.wav,generated_audios/generated_H2_256C_int8/908-31957-0024_generated.wav,7.54,2.118619,2.115079,0.280984,0.280514,2.688751,0.952218,0.314978
H2_256C_quantized_resblocks_range_3_8,908-31957-0025.wav,generated_audios/generated_H2_256C_int8/908-31957-0025_generated.wav,20.56,6.347459,6.341939,0.308729,0.30846,2.725257,0.943272,0.323122
H2_512C_quantized_resblocks_range_3_8,1089-134686-0000.wav,generated_audios/generated_H2_512C_int8/1089-134686-0000_generated.wav,10.435011,1.766805,1.76319,0.169315,0.168969,2.91283,0.965129,0.231618
H2_512C_quantized_resblocks_range_3_8,1089-134686-0001.wav,generated_audios/generated_H2_512C_int8/1089-134686-0001_generated.wav,3.275011,0.51099,0.507826,0.156027,0.155061,2.515723,0.945603,0.237726
H2_512C_quantized_resblocks_range_3_8,1089-134686-0002.wav,generated_audios/generated_H2_512C_int8/1089-134686-0002_generated.wav,6.625034,1.10719,1.103506,0.167122,0.166566,2.771651,0.945777,0.233367
H2_512C_quantized_resblocks_range_3_8,1089-134686-0003.wav,generated_audios/generated_H2_512C_int8/1089-134686-0003_generated.wav,2.68,0.407356,0.404104,0.151999,0.150785,3.446108,0.977425,0.256631
H2_512C_quantized_resblocks_range_3_8,1089-134686-0004.wav,generated_audios/generated_H2_512C_int8/1089-134686-0004_generated.wav,5.215102,0.839783,0.836299,0.161029,0.160361,3.261119,0.973693,0.239447
H2_512C_quantized_resblocks_range_3_8,1089-134686-0005.wav,generated_audios/generated_H2_512C_int8/1089-134686-0005_generated.wav,9.635011,1.648722,1.645031,0.171118,0.170735,2.848875,0.951323,0.231895
H2_512C_quantized_resblocks_range_3_8,1089-134686-0006.wav,generated_audios/generated_H2_512C_int8/1089-134686-0006_generated.wav,10.555011,1.903037,1.898852,0.180297,0.179901,3.155907,0.951985,0.237844
H2_512C_quantized_resblocks_range_3_8,1089-134686-0007.wav,generated_audios/generated_H2_512C_int8/1089-134686-0007_generated.wav,4.275011,0.670435,0.66674,0.156827,0.155962,2.742331,0.957954,0.240418
H2_512C_quantized_resblocks_range_3_8,1089-134686-0008.wav,generated_audios/generated_H2_512C_int8/1089-134686-0008_generated.wav,6.730023,1.048376,1.044975,0.155776,0.155271,2.791197,0.96038,0.238811
H2_512C_quantized_resblocks_range_3_8,1089-134686-0009.wav,generated_audios/generated_H2_512C_int8/1089-134686-0009_generated.wav,10.575011,1.734235,1.729877,0.163994,0.163582,2.882208,0.969629,0.235715
H2_512C_quantized_resblocks_range_3_8,1089-134686-0010.wav,generated_audios/generated_H2_512C_int8/1089-134686-0010_generated.wav,4.405034,0.672464,0.66906,0.152658,0.151885,2.97554,0.966801,0.220061
H2_512C_quantized_resblocks_range_3_8,1089-134686-0011.wav,generated_audios/generated_H2_512C_int8/1089-134686-0011_generated.wav,12.445034,2.676444,2.671987,0.215061,0.214703,3.062476,0.959064,0.228513
H2_512C_quantized_resblocks_range_3_8,1089-134686-0012.wav,generated_audios/generated_H2_512C_int8/1089-134686-0012_generated.wav,11.64,2.180615,2.176165,0.187338,0.186956,3.113225,0.96839,0.235415
H2_512C_quantized_resblocks_range_3_8,1089-134686-0013.wav,generated_audios/generated_H2_512C_int8/1089-134686-0013_generated.wav,7.915011,1.249002,1.245127,0.157802,0.157312,2.889581,0.96649,0.230412
H2_512C_quantized_resblocks_range_3_8,1089-134686-0014.wav,generated_audios/generated_H2_512C_int8/1089-134686-0014_generated.wav,2.225034,0.333764,0.330635,0.150004,0.148598,3.431511,0.982132,0.223511
H2_512C_quantized_resblocks_range_3_8,1089-134686-0015.wav,generated_audios/generated_H2_512C_int8/1089-134686-0015_generated.wav,5.815011,0.887032,0.883263,0.152542,0.151894,2.77842,0.957704,0.243454
H2_512C_quantized_resblocks_range_3_8,1089-134686-0016.wav,generated_audios/generated_H2_512C_int8/1089-134686-0016_generated.wav,3.54,0.554788,0.55158,0.15672,0.155814,2.926324,0.961515,0.235265
H2_512C_quantized_resblocks_range_3_8,1089-134686-0017.wav,generated_audios/generated_H2_512C_int8/1089-134686-0017_generated.wav,8.870023,1.55209,1.548358,0.174982,0.174561,2.796232,0.955877,0.231564
H2_512C_quantized_resblocks_range_3_8,1089-134686-0018.wav,generated_audios/generated_H2_512C_int8/1089-134686-0018_generated.wav,15.72,3.059007,3.054471,0.194593,0.194305,2.995045,0.961523,0.233579
H2_512C_quantized_resblocks_range_3_8,1089-134686-0019.wav,generated_audios/generated_H2_512C_int8/1089-134686-0019_generated.wav,13.895011,2.703055,2.698568,0.194534,0.194211,3.111371,0.966849,0.228365
H2_512C_quantized_resblocks_range_3_8,1089-134686-0020.wav,generated_audios/generated_H2_512C_int8/1089-134686-0020_generated.wav,16.790023,3.291718,3.287645,0.196052,0.195809,2.894797,0.959195,0.232122
H2_512C_quantized_resblocks_range_3_8,1089-134686-0021.wav,generated_audios/generated_H2_512C_int8/1089-134686-0021_generated.wav,6.550023,1.038787,1.035092,0.158593,0.158029,3.029778,0.965266,0.230158
H2_512C_quantized_resblocks_range_3_8,1089-134686-0022.wav,generated_audios/generated_H2_512C_int8/1089-134686-0022_generated.wav,11.175011,1.986455,1.982156,0.177759,0.177374,2.900879,0.967176,0.227771
H2_512C_quantized_resblocks_range_3_8,1089-134686-0023.wav,generated_audios/generated_H2_512C_int8/1089-134686-0023_generated.wav,13.275011,2.831689,2.827358,0.21331,0.212983,2.91261,0.959834,0.233559
H2_512C_quantized_resblocks_range_3_8,1089-134686-0024.wav,generated_audios/generated_H2_512C_int8/1089-134686-0024_generated.wav,11.655011,2.108461,2.104303,0.180906,0.180549,2.836258,0.964333,0.226554
H2_512C_quantized_resblocks_range_3_8,1089-134686-0025.wav,generated_audios/generated_H2_512C_int8/1089-134686-0025_generated.wav,6.610023,1.03186,1.028352,0.156105,0.155575,2.695023,0.963999,0.242683
H2_512C_quantized_resblocks_range_3_8,1089-134686-0026.wav,generated_audios/generated_H2_512C_int8/1089-134686-0026_generated.wav,4.010023,0.617978,0.614442,0.154108,0.153227,3.000039,0.962441,0.232703
H2_512C_quantized_resblocks_range_3_8,1089-134686-0027.wav,generated_audios/generated_H2_512C_int8/1089-134686-0027_generated.wav,2.710023,0.407183,0.404174,0.150251,0.14914,2.717852,0.968479,0.229363
H2_512C_quantized_resblocks_range_3_8,1089-134686-0028.wav,generated_audios/generated_H2_512C_int8/1089-134686-0028_generated.wav,7.830023,1.224998,1.221304,0.156449,0.155977,3.052454,0.967151,0.228975
H2_512C_quantized_resblocks_range_3_8,1089-134686-0029.wav,generated_audios/generated_H2_512C_int8/1089-134686-0029_generated.wav,4.670023,0.722732,0.719223,0.15476,0.154008,3.149603,0.969013,0.227712
H2_512C_quantized_resblocks_range_3_8,1089-134686-0030.wav,generated_audios/generated_H2_512C_int8/1089-134686-0030_generated.wav,2.715011,0.387626,0.384313,0.142772,0.141551,2.947032,0.969761,0.232701
H2_512C_quantized_resblocks_range_3_8,1089-134686-0031.wav,generated_audios/generated_H2_512C_int8/1089-134686-0031_generated.wav,6.615011,1.003751,1.00022,0.151738,0.151205,3.204123,0.962671,0.232238
H2_512C_quantized_resblocks_range_3_8,121-121726-0000.wav,generated_audios/generated_H2_512C_int8/121-121726-0000_generated.wav,8.46,1.374091,1.371552,0.162422,0.162122,3.085825,0.969479,0.255497
H2_512C_quantized_resblocks_range_3_8,121-121726-0001.wav,generated_audios/generated_H2_512C_int8/121-121726-0001_generated.wav,5.925034,0.924535,0.921293,0.156039,0.155492,3.329364,0.958441,0.254238
H2_512C_quantized_resblocks_range_3_8,121-121726-0002.wav,generated_audios/generated_H2_512C_int8/121-121726-0002_generated.wav,4.410023,0.657392,0.654365,0.149068,0.148381,3.073912,0.953777,0.294182
H2_512C_quantized_resblocks_range_3_8,121-121726-0003.wav,generated_audios/generated_H2_512C_int8/121-121726-0003_generated.wav,6.755011,1.059065,1.055409,0.156782,0.156241,3.293131,0.972837,0.240563
H2_512C_quantized_resblocks_range_3_8,121-121726-0004.wav,generated_audios/generated_H2_512C_int8/121-121726-0004_generated.wav,4.02,0.611541,0.608709,0.152125,0.15142,3.327194,0.977903,0.260211
H2_512C_quantized_resblocks_range_3_8,121-121726-0005.wav,generated_audios/generated_H2_512C_int8/121-121726-0005_generated.wav,3.1,0.470531,0.467264,0.151784,0.15073,3.238451,0.975409,0.245843
H2_512C_quantized_resblocks_range_3_8,121-121726-0006.wav,generated_audios/generated_H2_512C_int8/121-121726-0006_generated.wav,3.895011,0.581656,0.578529,0.149334,0.148531,3.444966,0.956943,0.251809
H2_512C_quantized_resblocks_range_3_8,121-121726-0007.wav,generated_audios/generated_H2_512C_int8/121-121726-0007_generated.wav,6.730023,1.050459,1.04686,0.156086,0.155551,3.390953,0.980765,0.238688
H2_512C_quantized_resblocks_range_3_8,121-121726-0008.wav,generated_audios/generated_H2_512C_int8/121-121726-0008_generated.wav,4.990023,0.758527,0.755203,0.152009,0.151343,3.251478,0.975115,0.252829
H2_512C_quantized_resblocks_range_3_8,121-121726-0009.wav,generated_audios/generated_H2_512C_int8/121-121726-0009_generated.wav,7.26,1.137957,1.134263,0.156743,0.156235,3.554292,0.976436,0.239619
H2_512C_quantized_resblocks_range_3_8,121-121726-0010.wav,generated_audios/generated_H2_512C_int8/121-121726-0010_generated.wav,9.810023,1.618085,1.61413,0.164942,0.164539,3.397228,0.972458,0.249615
H2_512C_quantized_resblocks_range_3_8,121-121726-0011.wav,generated_audios/generated_H2_512C_int8/121-121726-0011_generated.wav,4.035011,0.599393,0.596124,0.148548,0.147738,3.272009,0.976022,0.257117
H2_512C_quantized_resblocks_range_3_8,121-121726-0012.wav,generated_audios/generated_H2_512C_int8/121-121726-0012_generated.wav,4.045034,0.612634,0.609249,0.151453,0.150617,3.109113,0.961437,0.293093
H2_512C_quantized_resblocks_range_3_8,121-121726-0013.wav,generated_audios/generated_H2_512C_int8/121-121726-0013_generated.wav,2.490023,0.377119,0.373948,0.151452,0.150178,2.866087,0.9628,0.27506
H2_512C_quantized_resblocks_range_3_8,121-121726-0014.wav,generated_audios/generated_H2_512C_int8/121-121726-0014_generated.wav,3.165034,0.471362,0.468224,0.148928,0.147937,3.335587,0.974856,0.264405
H2_512C_quantized_resblocks_range_3_8,121-123852-0000.wav,generated_audios/generated_H2_512C_int8/121-123852-0000_generated.wav,17.695011,3.741138,3.736641,0.211423,0.211169,3.210786,0.976207,0.270546
H2_512C_quantized_resblocks_range_3_8,121-123852-0001.wav,generated_audios/generated_H2_512C_int8/121-123852-0001_generated.wav,1.870023,0.273728,0.270643,0.146377,0.144727,2.985612,0.936902,0.312443
H2_512C_quantized_resblocks_range_3_8,121-123852-0002.wav,generated_audios/generated_H2_512C_int8/121-123852-0002_generated.wav,17.285034,3.707851,3.703341,0.214512,0.214251,3.446613,0.974122,0.288738
H2_512C_quantized_resblocks_range_3_8,121-123852-0003.wav,generated_audios/generated_H2_512C_int8/121-123852-0003_generated.wav,23.505034,7.961062,7.955767,0.338696,0.338471,3.477414,0.971403,0.286884
H2_512C_quantized_resblocks_range_3_8,121-123852-0004.wav,generated_audios/generated_H2_512C_int8/121-123852-0004_generated.wav,16.290023,5.3555,5.350981,0.32876,0.328482,3.582616,0.975992,0.28719
H2_512C_quantized_resblocks_range_3_8,121-123859-0000.wav,generated_audios/generated_H2_512C_int8/121-123859-0000_generated.wav,17.390023,5.752216,5.748006,0.330777,0.330535,3.244759,0.967734,0.301189
H2_512C_quantized_resblocks_range_3_8,121-123859-0001.wav,generated_audios/generated_H2_512C_int8/121-123859-0001_generated.wav,25.395011,8.66412,8.658265,0.341174,0.340944,3.570144,0.977455,0.289848
H2_512C_quantized_resblocks_range_3_8,121-123859-0002.wav,generated_audios/generated_H2_512C_int8/121-123859-0002_generated.wav,30.04,10.650188,10.643087,0.354534,0.354297,3.497027,0.976761,0.284901
H2_512C_quantized_resblocks_range_3_8,121-123859-0003.wav,generated_audios/generated_H2_512C_int8/121-123859-0003_generated.wav,10.825034,2.889359,2.885222,0.266915,0.266532,3.542964,0.978078,0.296011
H2_512C_quantized_resblocks_range_3_8,121-123859-0004.wav,generated_audios/generated_H2_512C_int8/121-123859-0004_generated.wav,9.505034,2.541915,2.537809,0.267428,0.266996,3.224167,0.974274,0.29461
H2_512C_quantized_resblocks_range_3_8,121-127105-0000.wav,generated_audios/generated_H2_512C_int8/121-127105-0000_generated.wav,9.875011,2.611113,2.606858,0.264416,0.263985,3.074154,0.966652,0.250449
H2_512C_quantized_resblocks_range_3_8,121-127105-0001.wav,generated_audios/generated_H2_512C_int8/121-127105-0001_generated.wav,5.025034,1.255692,1.252165,0.249887,0.249185,3.242517,0.972845,0.255635
H2_512C_quantized_resblocks_range_3_8,121-127105-0002.wav,generated_audios/generated_H2_512C_int8/121-127105-0002_generated.wav,7.495011,1.885281,1.881618,0.251538,0.251049,3.032505,0.968342,0.259906
H2_512C_quantized_resblocks_range_3_8,121-127105-0003.wav,generated_audios/generated_H2_512C_int8/121-127105-0003_generated.wav,7.725034,2.011782,2.007843,0.260424,0.259914,3.240292,0.970084,0.257934
H2_512C_quantized_resblocks_range_3_8,121-127105-0004.wav,generated_audios/generated_H2_512C_int8/121-127105-0004_generated.wav,2.110023,0.547993,0.544856,0.259709,0.258223,1.799934,0.978191,0.259179
H2_512C_quantized_resblocks_range_3_8,121-127105-0005.wav,generated_audios/generated_H2_512C_int8/121-127105-0005_generated.wav,5.82,1.444701,1.441177,0.24823,0.247625,2.909624,0.972401,0.243879
H2_512C_quantized_resblocks_range_3_8,121-127105-0006.wav,generated_audios/generated_H2_512C_int8/121-127105-0006_generated.wav,4.725034,1.178321,1.174786,0.249378,0.24863,3.123442,0.969207,0.256
H2_512C_quantized_resblocks_range_3_8,121-127105-0007.wav,generated_audios/generated_H2_512C_int8/121-127105-0007_generated.wav,5.790023,1.45694,1.453401,0.251629,0.251018,2.182141,0.964381,0.260134
H2_512C_quantized_resblocks_range_3_8,121-127105-0008.wav,generated_audios/generated_H2_512C_int8/121-127105-0008_generated.wav,2.76,0.667191,0.663957,0.241736,0.240564,2.869121,0.960096,0.275276
H2_512C_quantized_resblocks_range_3_8,121-127105-0009.wav,generated_audios/generated_H2_512C_int8/121-127105-0009_generated.wav,2.290023,0.588308,0.585129,0.2569,0.255512,2.756104,0.959965,0.269767
H2_512C_quantized_resblocks_range_3_8,121-127105-0010.wav,generated_audios/generated_H2_512C_int8/121-127105-0010_generated.wav,2.850023,0.724379,0.721401,0.254166,0.253121,3.121748,0.968233,0.252045
H2_512C_quantized_resblocks_range_3_8,121-127105-0011.wav,generated_audios/generated_H2_512C_int8/121-127105-0011_generated.wav,5.78,1.497079,1.493439,0.25901,0.258381,2.892966,0.957347,0.26233
H2_512C_quantized_resblocks_range_3_8,121-127105-0012.wav,generated_audios/generated_H2_512C_int8/121-127105-0012_generated.wav,4.830023,1.239743,1.236909,0.256674,0.256088,1.764193,0.966652,0.25412
H2_512C_quantized_resblocks_range_3_8,121-127105-0013.wav,generated_audios/generated_H2_512C_int8/121-127105-0013_generated.wav,5.895011,1.474913,1.471331,0.250197,0.249589,2.991955,0.970243,0.259788
H2_512C_quantized_resblocks_range_3_8,121-127105-0014.wav,generated_audios/generated_H2_512C_int8/121-127105-0014_generated.wav,2.255011,0.571905,0.568763,0.253615,0.252222,3.302971,0.94004,0.264135
H2_512C_quantized_resblocks_range_3_8,121-127105-0015.wav,generated_audios/generated_H2_512C_int8/121-127105-0015_generated.wav,2.96,0.731964,0.728847,0.247285,0.246232,3.173679,0.973834,0.254206
H2_512C_quantized_resblocks_range_3_8,121-127105-0016.wav,generated_audios/generated_H2_512C_int8/121-127105-0016_generated.wav,2.030023,0.476809,0.473677,0.234878,0.233336,3.341286,0.9695,0.255485
H2_512C_quantized_resblocks_range_3_8,121-127105-0017.wav,generated_audios/generated_H2_512C_int8/121-127105-0017_generated.wav,2.695011,0.679651,0.676474,0.252188,0.25101,2.82657,0.963593,0.261005
H2_512C_quantized_resblocks_range_3_8,121-127105-0018.wav,generated_audios/generated_H2_512C_int8/121-127105-0018_generated.wav,2.770023,0.705245,0.702128,0.254599,0.253474,3.041608,0.966881,0.260258
H2_512C_quantized_resblocks_range_3_8,121-127105-0019.wav,generated_audios/generated_H2_512C_int8/121-127105-0019_generated.wav,3.525034,0.863917,0.860625,0.24508,0.244147,3.192702,0.975608,0.25473
H2_512C_quantized_resblocks_range_3_8,121-127105-0020.wav,generated_audios/generated_H2_512C_int8/121-127105-0020_generated.wav,14.355011,4.713799,4.694362,0.328373,0.327019,2.982628,0.961762,0.258343
H2_512C_quantized_resblocks_range_3_8,121-127105-0021.wav,generated_audios/generated_H2_512C_int8/121-127105-0021_generated.wav,2.0,0.51466,0.511693,0.25733,0.255846,2.930211,0.973071,0.268379
H2_512C_quantized_resblocks_range_3_8,121-127105-0022.wav,generated_audios/generated_H2_512C_int8/121-127105-0022_generated.wav,5.075011,1.366056,1.36245,0.269173,0.268462,3.455426,0.9697,0.262362
H2_512C_quantized_resblocks_range_3_8,121-127105-0023.wav,generated_audios/generated_H2_512C_int8/121-127105-0023_generated.wav,10.910023,2.879112,2.874994,0.263896,0.263519,3.20245,0.966338,0.251554
H2_512C_quantized_resblocks_range_3_8,121-127105-0024.wav,generated_audios/generated_H2_512C_int8/121-127105-0024_generated.wav,14.450023,4.751746,4.747176,0.32884,0.328524,3.309024,0.972052,0.256525
H2_512C_quantized_resblocks_range_3_8,121-127105-0025.wav,generated_audios/generated_H2_512C_int8/121-127105-0025_generated.wav,16.065034,5.224695,5.219884,0.325222,0.324922,3.320309,0.97251,0.248614
H2_512C_quantized_resblocks_range_3_8,121-127105-0026.wav,generated_audios/generated_H2_512C_int8/121-127105-0026_generated.wav,7.530023,1.95353,1.949884,0.259432,0.258948,3.19565,0.975322,0.2538
H2_512C_quantized_resblocks_range_3_8,121-127105-0027.wav,generated_audios/generated_H2_512C_int8/121-127105-0027_generated.wav,13.870023,4.576788,4.572256,0.329977,0.32965,3.227526,0.968739,0.253451
H2_512C_quantized_resblocks_range_3_8,121-127105-0028.wav,generated_audios/generated_H2_512C_int8/121-127105-0028_generated.wav,6.750023,1.137444,1.13402,0.16851,0.168002,3.275019,0.973732,0.236126
H2_512C_quantized_resblocks_range_3_8,121-127105-0029.wav,generated_audios/generated_H2_512C_int8/121-127105-0029_generated.wav,7.310023,1.941238,1.937505,0.265558,0.265048,3.418452,0.977053,0.251767
H2_512C_quantized_resblocks_range_3_8,121-127105-0030.wav,generated_audios/generated_H2_512C_int8/121-127105-0030_generated.wav,2.175011,0.55887,0.555777,0.25695,0.255528,2.647449,0.96644,0.270298
H2_512C_quantized_resblocks_range_3_8,121-127105-0031.wav,generated_audios/generated_H2_512C_int8/121-127105-0031_generated.wav,10.765034,2.827756,2.823526,0.26268,0.262287,3.211588,0.952097,0.256964
H2_512C_quantized_resblocks_range_3_8,121-127105-0032.wav,generated_audios/generated_H2_512C_int8/121-127105-0032_generated.wav,3.170023,0.780657,0.777434,0.246262,0.245246,2.855014,0.968053,0.253592
H2_512C_quantized_resblocks_range_3_8,121-127105-0033.wav,generated_audios/generated_H2_512C_int8/121-127105-0033_generated.wav,2.355011,0.603708,0.60061,0.25635,0.255035,3.143392,0.967103,0.251276
H2_512C_quantized_resblocks_range_3_8,121-127105-0034.wav,generated_audios/generated_H2_512C_int8/121-127105-0034_generated.wav,7.410023,1.939746,1.936474,0.261773,0.261332,3.070235,0.972196,0.25779
H2_512C_quantized_resblocks_range_3_8,121-127105-0035.wav,generated_audios/generated_H2_512C_int8/121-127105-0035_generated.wav,14.150023,4.637761,4.633029,0.327756,0.327422,3.136049,0.960502,0.254906
H2_512C_quantized_resblocks_range_3_8,121-127105-0036.wav,generated_audios/generated_H2_512C_int8/121-127105-0036_generated.wav,4.150023,1.061051,1.057758,0.255674,0.25488,3.19723,0.954697,0.261736
H2_512C_quantized_resblocks_range_3_8,237-126133-0000.wav,generated_audios/generated_H2_512C_int8/237-126133-0000_generated.wav,13.290023,4.411323,4.407055,0.331927,0.331606,3.5224,0.974077,0.244153
H2_512C_quantized_resblocks_range_3_8,237-126133-0001.wav,generated_audios/generated_H2_512C_int8/237-126133-0001_generated.wav,11.965034,3.927891,3.923566,0.328281,0.327919,3.428172,0.970283,0.24116
H2_512C_quantized_resblocks_range_3_8,237-126133-0002.wav,generated_audios/generated_H2_512C_int8/237-126133-0002_generated.wav,8.92,2.704057,2.699736,0.303145,0.302661,3.352751,0.974639,0.259196
H2_512C_quantized_resblocks_range_3_8,237-126133-0003.wav,generated_audios/generated_H2_512C_int8/237-126133-0003_generated.wav,6.56,1.743907,1.740356,0.26584,0.265298,2.965217,0.962263,0.254305
H2_512C_quantized_resblocks_range_3_8,237-126133-0004.wav,generated_audios/generated_H2_512C_int8/237-126133-0004_generated.wav,3.295011,0.836584,0.833328,0.253894,0.252906,3.417076,0.974739,0.259675
H2_512C_quantized_resblocks_range_3_8,237-126133-0005.wav,generated_audios/generated_H2_512C_int8/237-126133-0005_generated.wav,6.510023,1.766724,1.762709,0.271385,0.270768,3.215094,0.975408,0.250101
H2_512C_quantized_resblocks_range_3_8,237-126133-0006.wav,generated_audios/generated_H2_512C_int8/237-126133-0006_generated.wav,6.150023,1.626467,1.623072,0.264465,0.263913,3.282615,0.974125,0.268932
H2_512C_quantized_resblocks_range_3_8,237-126133-0007.wav,generated_audios/generated_H2_512C_int8/237-126133-0007_generated.wav,8.68,2.286531,2.282581,0.263425,0.26297,3.189476,0.97402,0.264678
H2_512C_quantized_resblocks_range_3_8,237-126133-0008.wav,generated_audios/generated_H2_512C_int8/237-126133-0008_generated.wav,3.865034,1.031313,1.028134,0.266832,0.266009,3.320002,0.976854,0.24755
H2_512C_quantized_resblocks_range_3_8,237-126133-0009.wav,generated_audios/generated_H2_512C_int8/237-126133-0009_generated.wav,3.970023,1.060912,1.057398,0.267231,0.266346,3.266163,0.977258,0.259457
H2_512C_quantized_resblocks_range_3_8,237-126133-0010.wav,generated_audios/generated_H2_512C_int8/237-126133-0010_generated.wav,6.24,1.631754,1.627996,0.261499,0.260897,2.918615,0.957847,0.285218
H2_512C_quantized_resblocks_range_3_8,237-126133-0011.wav,generated_audios/generated_H2_512C_int8/237-126133-0011_generated.wav,6.710023,1.7443,1.740711,0.259954,0.25942,3.239349,0.970162,0.254569
H2_512C_quantized_resblocks_range_3_8,237-126133-0012.wav,generated_audios/generated_H2_512C_int8/237-126133-0012_generated.wav,4.450023,1.174885,1.171697,0.264018,0.263301,3.285808,0.97058,0.237559
H2_512C_quantized_resblocks_range_3_8,237-126133-0013.wav,generated_audios/generated_H2_512C_int8/237-126133-0013_generated.wav,6.815011,1.80652,1.802529,0.265079,0.264494,3.296423,0.963249,0.280789
H2_512C_quantized_resblocks_range_3_8,237-126133-0014.wav,generated_audios/generated_H2_512C_int8/237-126133-0014_generated.wav,6.790023,1.81034,1.806606,0.266618,0.266068,3.369031,0.97411,0.245137
H2_512C_quantized_resblocks_range_3_8,237-126133-0015.wav,generated_audios/generated_H2_512C_int8/237-126133-0015_generated.wav,9.34,2.442226,2.438007,0.26148,0.261029,3.361692,0.973181,0.249865
H2_512C_quantized_resblocks_range_3_8,237-126133-0016.wav,generated_audios/generated_H2_512C_int8/237-126133-0016_generated.wav,4.250023,1.086886,1.083542,0.255736,0.25495,3.260138,0.969898,0.272411
H2_512C_quantized_resblocks_range_3_8,237-126133-0017.wav,generated_audios/generated_H2_512C_int8/237-126133-0017_generated.wav,6.210023,1.607301,1.603577,0.258824,0.258224,3.57246,0.968907,0.246244
H2_512C_quantized_resblocks_range_3_8,237-126133-0018.wav,generated_audios/generated_H2_512C_int8/237-126133-0018_generated.wav,4.095011,1.088023,1.084648,0.265695,0.264871,3.07077,0.966132,0.256407
H2_512C_quantized_resblocks_range_3_8,237-126133-0019.wav,generated_audios/generated_H2_512C_int8/237-126133-0019_generated.wav,7.12,1.88612,1.882375,0.264905,0.264378,3.509185,0.981786,0.243268
H2_512C_quantized_resblocks_range_3_8,237-126133-0020.wav,generated_audios/generated_H2_512C_int8/237-126133-0020_generated.wav,2.24,0.556321,0.553111,0.248357,0.246925,3.318704,0.975918,0.252251
H2_512C_quantized_resblocks_range_3_8,237-126133-0021.wav,generated_audios/generated_H2_512C_int8/237-126133-0021_generated.wav,4.365034,1.115505,1.112033,0.255555,0.254759,3.293624,0.973318,0.262005
H2_512C_quantized_resblocks_range_3_8,237-126133-0022.wav,generated_audios/generated_H2_512C_int8/237-126133-0022_generated.wav,5.04,1.341553,1.338032,0.266181,0.265482,3.491314,0.971388,0.23634
H2_512C_quantized_resblocks_range_3_8,237-126133-0023.wav,generated_audios/generated_H2_512C_int8/237-126133-0023_generated.wav,6.675011,1.781243,1.77786,0.266852,0.266346,3.288425,0.972512,0.239859
H2_512C_quantized_resblocks_range_3_8,237-126133-0024.wav,generated_audios/generated_H2_512C_int8/237-126133-0024_generated.wav,9.665034,2.691409,2.687552,0.278469,0.27807,3.264722,0.964996,0.247133
H2_512C_quantized_resblocks_range_3_8,237-126133-0025.wav,generated_audios/generated_H2_512C_int8/237-126133-0025_generated.wav,3.755011,0.992246,0.988741,0.264246,0.263313,3.332148,0.975482,0.24203
H2_512C_quantized_resblocks_range_3_8,237-134493-0000.wav,generated_audios/generated_H2_512C_int8/237-134493-0000_generated.wav,4.105034,1.10584,1.102624,0.269386,0.268603,3.541249,0.980979,0.23124
H2_512C_quantized_resblocks_range_3_8,237-134493-0001.wav,generated_audios/generated_H2_512C_int8/237-134493-0001_generated.wav,7.38,1.980331,1.975999,0.268338,0.267751,3.444855,0.971692,0.227997
H2_512C_quantized_resblocks_range_3_8,237-134493-0002.wav,generated_audios/generated_H2_512C_int8/237-134493-0002_generated.wav,11.395011,3.00628,3.001658,0.263824,0.263419,3.389803,0.973534,0.228502
H2_512C_quantized_resblocks_range_3_8,237-134493-0003.wav,generated_audios/generated_H2_512C_int8/237-134493-0003_generated.wav,12.765034,4.165107,4.160614,0.32629,0.325938,3.429121,0.968119,0.225997
H2_512C_quantized_resblocks_range_3_8,237-134493-0004.wav,generated_audios/generated_H2_512C_int8/237-134493-0004_generated.wav,6.825034,1.79464,1.791118,0.26295,0.262434,3.236963,0.967613,0.239234
H2_512C_quantized_resblocks_range_3_8,237-134493-0005.wav,generated_audios/generated_H2_512C_int8/237-134493-0005_generated.wav,10.945034,2.859954,2.855979,0.261301,0.260938,3.319805,0.969528,0.231018
H2_512C_quantized_resblocks_range_3_8,237-134493-0006.wav,generated_audios/generated_H2_512C_int8/237-134493-0006_generated.wav,4.395011,1.147217,1.14411,0.261027,0.26032,3.147446,0.964321,0.235667
H2_512C_quantized_resblocks_range_3_8,237-134493-0007.wav,generated_audios/generated_H2_512C_int8/237-134493-0007_generated.wav,2.035011,0.510763,0.507841,0.250988,0.249552,3.282598,0.972909,0.227065
H2_512C_quantized_resblocks_range_3_8,237-134493-0008.wav,generated_audios/generated_H2_512C_int8/237-134493-0008_generated.wav,2.305034,0.572211,0.569025,0.248244,0.246862,3.15818,0.963501,0.216918
H2_512C_quantized_resblocks_range_3_8,237-134493-0009.wav,generated_audios/generated_H2_512C_int8/237-134493-0009_generated.wav,2.975011,0.826175,0.823162,0.277705,0.276692,3.022999,0.966722,0.237984
H2_512C_quantized_resblocks_range_3_8,237-134493-0010.wav,generated_audios/generated_H2_512C_int8/237-134493-0010_generated.wav,2.875011,0.741589,0.738506,0.257943,0.256871,3.116755,0.970273,0.222145
H2_512C_quantized_resblocks_range_3_8,237-134493-0011.wav,generated_audios/generated_H2_512C_int8/237-134493-0011_generated.wav,5.035011,1.322415,1.318873,0.262644,0.26194,3.096646,0.975337,0.230523
H2_512C_quantized_resblocks_range_3_8,237-134493-0012.wav,generated_audios/generated_H2_512C_int8/237-134493-0012_generated.wav,3.66,0.935591,0.932306,0.255626,0.254728,2.952747,0.971793,0.232668
H2_512C_quantized_resblocks_range_3_8,237-134493-0013.wav,generated_audios/generated_H2_512C_int8/237-134493-0013_generated.wav,4.090023,0.682595,0.67902,0.166893,0.166019,3.102508,0.952483,0.237675
H2_512C_quantized_resblocks_range_3_8,237-134493-0014.wav,generated_audios/generated_H2_512C_int8/237-134493-0014_generated.wav,3.7,0.947044,0.943595,0.255958,0.255026,3.282245,0.972149,0.22299
H2_512C_quantized_resblocks_range_3_8,237-134493-0015.wav,generated_audios/generated_H2_512C_int8/237-134493-0015_generated.wav,6.550023,1.091539,1.087971,0.166647,0.166102,3.296255,0.969209,0.23491
H2_512C_quantized_resblocks_range_3_8,237-134493-0016.wav,generated_audios/generated_H2_512C_int8/237-134493-0016_generated.wav,10.085034,2.69455,2.690416,0.267183,0.266773,3.380261,0.976983,0.222861
H2_512C_quantized_resblocks_range_3_8,237-134493-0017.wav,generated_audios/generated_H2_512C_int8/237-134493-0017_generated.wav,9.105034,2.431953,2.42789,0.2671,0.266654,3.277884,0.97376,0.225532
H2_512C_quantized_resblocks_range_3_8,237-134493-0018.wav,generated_audios/generated_H2_512C_int8/237-134493-0018_generated.wav,4.790023,1.261515,1.258303,0.263363,0.262693,3.390888,0.970621,0.230942
H2_512C_quantized_resblocks_range_3_8,237-134500-0000.wav,generated_audios/generated_H2_512C_int8/237-134500-0000_generated.wav,6.130023,1.620879,1.617219,0.264416,0.263819,3.458874,0.970039,0.23116
H2_512C_quantized_resblocks_range_3_8,237-134500-0001.wav,generated_audios/generated_H2_512C_int8/237-134500-0001_generated.wav,1.810023,0.456911,0.453865,0.252434,0.250751,3.542865,0.974284,0.230072
H2_512C_quantized_resblocks_range_3_8,237-134500-0002.wav,generated_audios/generated_H2_512C_int8/237-134500-0002_generated.wav,5.070023,1.342787,1.339486,0.264848,0.264197,3.430903,0.971359,0.223625
H2_512C_quantized_resblocks_range_3_8,237-134500-0003.wav,generated_audios/generated_H2_512C_int8/237-134500-0003_generated.wav,3.170023,0.509192,0.505688,0.160627,0.159522,3.267837,0.972648,0.227835
H2_512C_quantized_resblocks_range_3_8,237-134500-0004.wav,generated_audios/generated_H2_512C_int8/237-134500-0004_generated.wav,2.225034,0.343311,0.339962,0.154295,0.152789,3.382585,0.978987,0.214837
H2_512C_quantized_resblocks_range_3_8,237-134500-0005.wav,generated_audios/generated_H2_512C_int8/237-134500-0005_generated.wav,2.390023,0.610401,0.607105,0.255396,0.254016,3.184025,0.969674,0.241955
H2_512C_quantized_resblocks_range_3_8,237-134500-0006.wav,generated_audios/generated_H2_512C_int8/237-134500-0006_generated.wav,4.225034,1.083089,1.079573,0.25635,0.255518,3.226653,0.969024,0.244441
H2_512C_quantized_resblocks_range_3_8,237-134500-0007.wav,generated_audios/generated_H2_512C_int8/237-134500-0007_generated.wav,2.390023,0.358075,0.354934,0.149821,0.148506,3.310488,0.966757,0.249031
H2_512C_quantized_resblocks_range_3_8,237-134500-0008.wav,generated_audios/generated_H2_512C_int8/237-134500-0008_generated.wav,3.76,0.600432,0.597556,0.159689,0.158924,3.366703,0.965734,0.242455
H2_512C_quantized_resblocks_range_3_8,237-134500-0009.wav,generated_audios/generated_H2_512C_int8/237-134500-0009_generated.wav,2.22,0.323134,0.319889,0.145556,0.144094,3.113244,0.957247,0.243037
H2_512C_quantized_resblocks_range_3_8,237-134500-0010.wav,generated_audios/generated_H2_512C_int8/237-134500-0010_generated.wav,3.995011,1.05463,1.052504,0.263987,0.263455,3.224939,0.974054,0.243296
H2_512C_quantized_resblocks_range_3_8,237-134500-0011.wav,generated_audios/generated_H2_512C_int8/237-134500-0011_generated.wav,3.350023,0.875999,0.872437,0.26149,0.260427,3.330417,0.96425,0.240891
H2_512C_quantized_resblocks_range_3_8,237-134500-0012.wav,generated_audios/generated_H2_512C_int8/237-134500-0012_generated.wav,10.935011,3.058469,3.054379,0.279695,0.279321,3.112971,0.967707,0.236082
H2_512C_quantized_resblocks_range_3_8,237-134500-0013.wav,generated_audios/generated_H2_512C_int8/237-134500-0013_generated.wav,10.56,1.93448,1.930684,0.183189,0.18283,3.33695,0.974907,0.220806
H2_512C_quantized_resblocks_range_3_8,237-134500-0014.wav,generated_audios/generated_H2_512C_int8/237-134500-0014_generated.wav,4.250023,0.699865,0.696493,0.164673,0.16388,3.265184,0.970321,0.22459
H2_512C_quantized_resblocks_range_3_8,237-134500-0015.wav,generated_audios/generated_H2_512C_int8/237-134500-0015_generated.wav,10.815011,2.97155,2.967396,0.274762,0.274378,3.496401,0.975898,0.226409
H2_512C_quantized_resblocks_range_3_8,237-134500-0016.wav,generated_audios/generated_H2_512C_int8/237-134500-0016_generated.wav,3.16,0.486167,0.483075,0.15385,0.152872,2.795772,0.939631,0.26569
H2_512C_quantized_resblocks_range_3_8,237-134500-0017.wav,generated_audios/generated_H2_512C_int8/237-134500-0017_generated.wav,2.18,0.330179,0.327128,0.151458,0.150059,3.361226,0.968752,0.23305
H2_512C_quantized_resblocks_range_3_8,237-134500-0018.wav,generated_audios/generated_H2_512C_int8/237-134500-0018_generated.wav,12.845034,4.222965,4.218397,0.328762,0.328407,3.421532,0.975243,0.226169
H2_512C_quantized_resblocks_range_3_8,237-134500-0019.wav,generated_audios/generated_H2_512C_int8/237-134500-0019_generated.wav,2.86,0.678046,0.674916,0.237079,0.235985,3.012227,0.965161,0.230367
H2_512C_quantized_resblocks_range_3_8,237-134500-0020.wav,generated_audios/generated_H2_512C_int8/237-134500-0020_generated.wav,2.18,0.315504,0.31246,0.144727,0.14333,3.717643,0.981814,0.221434
H2_512C_quantized_resblocks_range_3_8,237-134500-0021.wav,generated_audios/generated_H2_512C_int8/237-134500-0021_generated.wav,5.12,1.289754,1.286269,0.251905,0.251224,3.147555,0.945774,0.257339
H2_512C_quantized_resblocks_range_3_8,237-134500-0022.wav,generated_audios/generated_H2_512C_int8/237-134500-0022_generated.wav,5.165034,1.35603,1.352443,0.26254,0.261846,3.021372,0.961668,0.255936
H2_512C_quantized_resblocks_range_3_8,237-134500-0023.wav,generated_audios/generated_H2_512C_int8/237-134500-0023_generated.wav,3.06,0.777397,0.774734,0.254051,0.253181,3.53657,0.980335,0.233915
H2_512C_quantized_resblocks_range_3_8,237-134500-0024.wav,generated_audios/generated_H2_512C_int8/237-134500-0024_generated.wav,4.410023,0.725349,0.721905,0.164477,0.163696,3.231825,0.963005,0.224391
H2_512C_quantized_resblocks_range_3_8,237-134500-0025.wav,generated_audios/generated_H2_512C_int8/237-134500-0025_generated.wav,1.630023,0.429959,0.426759,0.263775,0.261812,3.091254,0.972045,0.247498
H2_512C_quantized_resblocks_range_3_8,237-134500-0026.wav,generated_audios/generated_H2_512C_int8/237-134500-0026_generated.wav,3.050023,0.793334,0.789955,0.260107,0.259,3.289809,0.967425,0.245598
H2_512C_quantized_resblocks_range_3_8,237-134500-0027.wav,generated_audios/generated_H2_512C_int8/237-134500-0027_generated.wav,3.270023,0.853469,0.850321,0.260998,0.260035,3.291283,0.960674,0.227813
H2_512C_quantized_resblocks_range_3_8,237-134500-0028.wav,generated_audios/generated_H2_512C_int8/237-134500-0028_generated.wav,4.524943,1.21521,1.211722,0.268558,0.267787,3.444715,0.965929,0.23966
H2_512C_quantized_resblocks_range_3_8,237-134500-0029.wav,generated_audios/generated_H2_512C_int8/237-134500-0029_generated.wav,2.065034,0.516718,0.513617,0.250223,0.248721,3.495248,0.975386,0.214847
H2_512C_quantized_resblocks_range_3_8,237-134500-0030.wav,generated_audios/generated_H2_512C_int8/237-134500-0030_generated.wav,2.78,0.698186,0.694868,0.251146,0.249952,3.406013,0.971721,0.241504
H2_512C_quantized_resblocks_range_3_8,237-134500-0031.wav,generated_audios/generated_H2_512C_int8/237-134500-0031_generated.wav,10.610023,2.990297,2.986221,0.281837,0.281453,3.397956,0.971162,0.226422
H2_512C_quantized_resblocks_range_3_8,237-134500-0032.wav,generated_audios/generated_H2_512C_int8/237-134500-0032_generated.wav,5.025034,0.828995,0.825761,0.164973,0.164329,3.24229,0.968301,0.225925
H2_512C_quantized_resblocks_range_3_8,237-134500-0033.wav,generated_audios/generated_H2_512C_int8/237-134500-0033_generated.wav,6.350023,1.643642,1.639972,0.25884,0.258262,3.650255,0.97129,0.232483
H2_512C_quantized_resblocks_range_3_8,237-134500-0034.wav,generated_audios/generated_H2_512C_int8/237-134500-0034_generated.wav,3.075011,0.782201,0.778985,0.254373,0.253328,3.497419,0.970212,0.226779
H2_512C_quantized_resblocks_range_3_8,237-134500-0035.wav,generated_audios/generated_H2_512C_int8/237-134500-0035_generated.wav,2.555011,0.65327,0.650143,0.255682,0.254458,2.937397,0.973125,0.237193
H2_512C_quantized_resblocks_range_3_8,237-134500-0036.wav,generated_audios/generated_H2_512C_int8/237-134500-0036_generated.wav,6.6,1.75009,1.746441,0.265165,0.264612,3.136124,0.967151,0.231804
H2_512C_quantized_resblocks_range_3_8,237-134500-0037.wav,generated_audios/generated_H2_512C_int8/237-134500-0037_generated.wav,7.105034,1.898593,1.894822,0.267218,0.266687,2.886575,0.955087,0.26295
H2_512C_quantized_resblocks_range_3_8,237-134500-0038.wav,generated_audios/generated_H2_512C_int8/237-134500-0038_generated.wav,2.435011,0.626308,0.623176,0.25721,0.255923,3.037137,0.958913,0.260166
H2_512C_quantized_resblocks_range_3_8,237-134500-0039.wav,generated_audios/generated_H2_512C_int8/237-134500-0039_generated.wav,4.630023,1.218777,1.215242,0.263234,0.26247,3.191138,0.964825,0.268958
H2_512C_quantized_resblocks_range_3_8,237-134500-0040.wav,generated_audios/generated_H2_512C_int8/237-134500-0040_generated.wav,4.030023,0.678427,0.674841,0.168343,0.167454,3.120119,0.968108,0.239465
H2_512C_quantized_resblocks_range_3_8,237-134500-0041.wav,generated_audios/generated_H2_512C_int8/237-134500-0041_generated.wav,8.92,1.656374,1.652289,0.185692,0.185234,3.576195,0.979428,0.221794
H2_512C_quantized_resblocks_range_3_8,237-134500-0042.wav,generated_audios/generated_H2_512C_int8/237-134500-0042_generated.wav,2.575011,0.66693,0.663795,0.259001,0.257783,3.255059,0.948966,0.263379
H2_512C_quantized_resblocks_range_3_8,260-123286-0000.wav,generated_audios/generated_H2_512C_int8/260-123286-0000_generated.wav,7.04,1.805966,1.802099,0.256529,0.25598,2.772997,0.958168,0.261655
H2_512C_quantized_resblocks_range_3_8,260-123286-0001.wav,generated_audios/generated_H2_512C_int8/260-123286-0001_generated.wav,3.070023,0.476214,0.473582,0.155117,0.15426,2.455423,0.973069,0.26591
H2_512C_quantized_resblocks_range_3_8,260-123286-0002.wav,generated_audios/generated_H2_512C_int8/260-123286-0002_generated.wav,9.985034,2.650156,2.645947,0.265413,0.264991,2.683634,0.96392,0.23924
H2_512C_quantized_resblocks_range_3_8,260-123286-0003.wav,generated_audios/generated_H2_512C_int8/260-123286-0003_generated.wav,7.370023,1.95373,1.949899,0.265091,0.264572,2.474177,0.958526,0.255476
H2_512C_quantized_resblocks_range_3_8,260-123286-0004.wav,generated_audios/generated_H2_512C_int8/260-123286-0004_generated.wav,3.465034,0.886833,0.883641,0.255938,0.255017,2.871626,0.965272,0.260737
H2_512C_quantized_resblocks_range_3_8,260-123286-0005.wav,generated_audios/generated_H2_512C_int8/260-123286-0005_generated.wav,4.810023,1.233152,1.229782,0.256371,0.255671,2.725259,0.960121,0.253145
H2_512C_quantized_resblocks_range_3_8,260-123286-0006.wav,generated_audios/generated_H2_512C_int8/260-123286-0006_generated.wav,7.405034,1.973516,1.96971,0.26651,0.265996,2.93028,0.968489,0.243071
H2_512C_quantized_resblocks_range_3_8,260-123286-0007.wav,generated_audios/generated_H2_512C_int8/260-123286-0007_generated.wav,4.550023,1.20645,1.203041,0.265153,0.264403,2.683672,0.964008,0.248663
H2_512C_quantized_resblocks_range_3_8,260-123286-0008.wav,generated_audios/generated_H2_512C_int8/260-123286-0008_generated.wav,3.735011,0.964712,0.961256,0.258289,0.257364,3.087989,0.970708,0.249678
H2_512C_quantized_resblocks_range_3_8,260-123286-0009.wav,generated_audios/generated_H2_512C_int8/260-123286-0009_generated.wav,5.795011,1.529648,1.526086,0.263959,0.263345,2.645975,0.958252,0.234723
H2_512C_quantized_resblocks_range_3_8,260-123286-0010.wav,generated_audios/generated_H2_512C_int8/260-123286-0010_generated.wav,2.575011,0.372539,0.369312,0.144675,0.143421,2.688727,0.974637,0.250471
H2_512C_quantized_resblocks_range_3_8,260-123286-0011.wav,generated_audios/generated_H2_512C_int8/260-123286-0011_generated.wav,4.255011,0.704541,0.701098,0.165579,0.16477,3.017206,0.96321,0.244921
H2_512C_quantized_resblocks_range_3_8,260-123286-0012.wav,generated_audios/generated_H2_512C_int8/260-123286-0012_generated.wav,2.430023,0.363708,0.360578,0.149673,0.148385,2.605505,0.971804,0.258938
H2_512C_quantized_resblocks_range_3_8,260-123286-0013.wav,generated_audios/generated_H2_512C_int8/260-123286-0013_generated.wav,4.730023,1.228891,1.225409,0.259807,0.25907,2.845445,0.967742,0.245326
H2_512C_quantized_resblocks_range_3_8,260-123286-0014.wav,generated_audios/generated_H2_512C_int8/260-123286-0014_generated.wav,2.98,0.510359,0.507233,0.171261,0.170212,2.429184,0.966188,0.227089
H2_512C_quantized_resblocks_range_3_8,260-123286-0015.wav,generated_audios/generated_H2_512C_int8/260-123286-0015_generated.wav,5.210023,1.439546,1.436186,0.276303,0.275658,2.473929,0.968592,0.263501
H2_512C_quantized_resblocks_range_3_8,260-123286-0016.wav,generated_audios/generated_H2_512C_int8/260-123286-0016_generated.wav,7.0,1.876634,1.872905,0.268091,0.267558,2.990765,0.959953,0.239703
H2_512C_quantized_resblocks_range_3_8,260-123286-0017.wav,generated_audios/generated_H2_512C_int8/260-123286-0017_generated.wav,3.975011,1.028738,1.025421,0.258801,0.257967,2.929058,0.966988,0.235627
H2_512C_quantized_resblocks_range_3_8,260-123286-0018.wav,generated_audios/generated_H2_512C_int8/260-123286-0018_generated.wav,5.670023,1.531621,1.527952,0.270126,0.269479,3.047434,0.96609,0.241354
H2_512C_quantized_resblocks_range_3_8,260-123286-0019.wav,generated_audios/generated_H2_512C_int8/260-123286-0019_generated.wav,11.905034,3.925484,3.921603,0.329733,0.329407,2.805241,0.968963,0.237962
H2_512C_quantized_resblocks_range_3_8,260-123286-0020.wav,generated_audios/generated_H2_512C_int8/260-123286-0020_generated.wav,3.06,0.461516,0.45817,0.150822,0.149729,2.498365,0.972461,0.240057
H2_512C_quantized_resblocks_range_3_8,260-123286-0021.wav,generated_audios/generated_H2_512C_int8/260-123286-0021_generated.wav,2.550023,0.613454,0.61,0.240568,0.239214,3.488859,0.981192,0.258884
H2_512C_quantized_resblocks_range_3_8,260-123286-0022.wav,generated_audios/generated_H2_512C_int8/260-123286-0022_generated.wav,3.235011,0.810905,0.807784,0.250665,0.2497,2.712715,0.966274,0.234088
H2_512C_quantized_resblocks_range_3_8,260-123286-0023.wav,generated_audios/generated_H2_512C_int8/260-123286-0023_generated.wav,5.875011,1.575477,1.571772,0.268166,0.267535,2.751315,0.96334,0.239212
H2_512C_quantized_resblocks_range_3_8,260-123286-0024.wav,generated_audios/generated_H2_512C_int8/260-123286-0024_generated.wav,3.04,0.749987,0.746805,0.246706,0.245659,3.033257,0.967334,0.256659
H2_512C_quantized_resblocks_range_3_8,260-123286-0025.wav,generated_audios/generated_H2_512C_int8/260-123286-0025_generated.wav,9.205034,2.420583,2.416391,0.262963,0.262508,2.758756,0.960922,0.244042
H2_512C_quantized_resblocks_range_3_8,260-123286-0026.wav,generated_audios/generated_H2_512C_int8/260-123286-0026_generated.wav,6.94,1.813188,1.80945,0.261266,0.260728,2.545674,0.956397,0.241496
H2_512C_quantized_resblocks_range_3_8,260-123286-0027.wav,generated_audios/generated_H2_512C_int8/260-123286-0027_generated.wav,7.170023,1.873818,1.869779,0.261341,0.260777,2.854483,0.960624,0.228643
H2_512C_quantized_resblocks_range_3_8,260-123286-0028.wav,generated_audios/generated_H2_512C_int8/260-123286-0028_generated.wav,7.465034,1.948325,1.944659,0.260993,0.260502,2.924343,0.965368,0.237656
H2_512C_quantized_resblocks_range_3_8,260-123286-0029.wav,generated_audios/generated_H2_512C_int8/260-123286-0029_generated.wav,4.545034,0.672106,0.668562,0.147877,0.147097,2.626488,0.969017,0.240272
H2_512C_quantized_resblocks_range_3_8,260-123286-0030.wav,generated_audios/generated_H2_512C_int8/260-123286-0030_generated.wav,7.530023,1.26886,1.26473,0.168507,0.167958,2.739846,0.964577,0.252124
H2_512C_quantized_resblocks_range_3_8,260-123286-0031.wav,generated_audios/generated_H2_512C_int8/260-123286-0031_generated.wav,5.06,1.264472,1.260976,0.249896,0.249205,3.055494,0.968544,0.234819
H2_512C_quantized_resblocks_range_3_8,260-123288-0000.wav,generated_audios/generated_H2_512C_int8/260-123288-0000_generated.wav,3.04,0.462314,0.45906,0.152077,0.151007,3.138498,0.966666,0.256997
H2_512C_quantized_resblocks_range_3_8,260-123288-0001.wav,generated_audios/generated_H2_512C_int8/260-123288-0001_generated.wav,5.08,0.840572,0.836883,0.165467,0.164741,2.794843,0.958225,0.263222
H2_512C_quantized_resblocks_range_3_8,260-123288-0002.wav,generated_audios/generated_H2_512C_int8/260-123288-0002_generated.wav,7.250023,1.93879,1.935075,0.267418,0.266906,2.948874,0.96379,0.243437
H2_512C_quantized_resblocks_range_3_8,260-123288-0003.wav,generated_audios/generated_H2_512C_int8/260-123288-0003_generated.wav,8.905034,2.425909,2.421861,0.27242,0.271965,2.732744,0.972188,0.238481
H2_512C_quantized_resblocks_range_3_8,260-123288-0004.wav,generated_audios/generated_H2_512C_int8/260-123288-0004_generated.wav,4.310023,1.14882,1.1454,0.266546,0.265753,2.779709,0.96081,0.276131
H2_512C_quantized_resblocks_range_3_8,260-123288-0005.wav,generated_audios/generated_H2_512C_int8/260-123288-0005_generated.wav,12.550023,3.874059,3.868864,0.308689,0.308275,2.610028,0.956317,0.239164
H2_512C_quantized_resblocks_range_3_8,260-123288-0006.wav,generated_audios/generated_H2_512C_int8/260-123288-0006_generated.wav,4.88,1.267166,1.263575,0.259665,0.258929,2.744271,0.957121,0.229769
H2_512C_quantized_resblocks_range_3_8,260-123288-0007.wav,generated_audios/generated_H2_512C_int8/260-123288-0007_generated.wav,11.2,3.009278,3.004944,0.268686,0.268299,2.80539,0.966097,0.243749
H2_512C_quantized_resblocks_range_3_8,260-123288-0008.wav,generated_audios/generated_H2_512C_int8/260-123288-0008_generated.wav,5.515011,1.501139,1.497722,0.272191,0.271572,3.111258,0.970908,0.240018
H2_512C_quantized_resblocks_range_3_8,260-123288-0009.wav,generated_audios/generated_H2_512C_int8/260-123288-0009_generated.wav,3.435011,0.917647,0.914301,0.267145,0.266171,3.273175,0.972724,0.260363
H2_512C_quantized_resblocks_range_3_8,260-123288-0010.wav,generated_audios/generated_H2_512C_int8/260-123288-0010_generated.wav,9.995011,1.785737,1.781272,0.178663,0.178216,2.688893,0.959188,0.238329
H2_512C_quantized_resblocks_range_3_8,260-123288-0011.wav,generated_audios/generated_H2_512C_int8/260-123288-0011_generated.wav,8.98,2.56121,2.556376,0.285213,0.284674,2.689457,0.965156,0.235963
H2_512C_quantized_resblocks_range_3_8,260-123288-0012.wav,generated_audios/generated_H2_512C_int8/260-123288-0012_generated.wav,3.545034,0.94106,0.937555,0.265459,0.26447,3.354189,0.967282,0.265379
H2_512C_quantized_resblocks_range_3_8,260-123288-0013.wav,generated_audios/generated_H2_512C_int8/260-123288-0013_generated.wav,11.385079,3.073464,3.068851,0.269955,0.26955,3.057926,0.96511,0.233938
H2_512C_quantized_resblocks_range_3_8,260-123288-0014.wav,generated_audios/generated_H2_512C_int8/260-123288-0014_generated.wav,1.805034,0.273015,0.270064,0.151252,0.149617,2.701762,0.966241,0.248176
H2_512C_quantized_resblocks_range_3_8,260-123288-0015.wav,generated_audios/generated_H2_512C_int8/260-123288-0015_generated.wav,21.185034,7.198467,7.192515,0.33979,0.339509,2.707242,0.964433,0.244965
H2_512C_quantized_resblocks_range_3_8,260-123288-0016.wav,generated_audios/generated_H2_512C_int8/260-123288-0016_generated.wav,4.865034,1.313777,1.310795,0.270045,0.269432,2.816792,0.952377,0.257913
H2_512C_quantized_resblocks_range_3_8,260-123288-0017.wav,generated_audios/generated_H2_512C_int8/260-123288-0017_generated.wav,5.225034,1.335164,1.331552,0.255532,0.254841,2.804461,0.975471,0.2461
H2_512C_quantized_resblocks_range_3_8,260-123288-0018.wav,generated_audios/generated_H2_512C_int8/260-123288-0018_generated.wav,3.245034,0.803198,0.800049,0.247516,0.246546,2.893013,0.971436,0.250938
H2_512C_quantized_resblocks_range_3_8,260-123288-0019.wav,generated_audios/generated_H2_512C_int8/260-123288-0019_generated.wav,2.955011,0.442356,0.43916,0.149697,0.148615,3.009421,0.964177,0.233174
H2_512C_quantized_resblocks_range_3_8,260-123288-0020.wav,generated_audios/generated_H2_512C_int8/260-123288-0020_generated.wav,2.9,0.708737,0.705195,0.244392,0.243171,2.697959,0.960982,0.235293
H2_512C_quantized_resblocks_range_3_8,260-123288-0021.wav,generated_audios/generated_H2_512C_int8/260-123288-0021_generated.wav,2.710023,0.408241,0.405061,0.150641,0.149468,3.134694,0.960995,0.248449
H2_512C_quantized_resblocks_range_3_8,260-123288-0022.wav,generated_audios/generated_H2_512C_int8/260-123288-0022_generated.wav,3.705034,0.962138,0.958725,0.259684,0.258763,2.800125,0.96403,0.257877
H2_512C_quantized_resblocks_range_3_8,260-123288-0023.wav,generated_audios/generated_H2_512C_int8/260-123288-0023_generated.wav,2.385034,0.366694,0.363605,0.153748,0.152453,2.508262,0.951778,0.250182
H2_512C_quantized_resblocks_range_3_8,260-123288-0024.wav,generated_audios/generated_H2_512C_int8/260-123288-0024_generated.wav,14.595011,4.497094,4.492315,0.308125,0.307798,2.764559,0.96563,0.238697
H2_512C_quantized_resblocks_range_3_8,260-123288-0025.wav,generated_audios/generated_H2_512C_int8/260-123288-0025_generated.wav,13.445034,4.452656,4.448694,0.331175,0.33088,2.914299,0.959977,0.241121
H2_512C_quantized_resblocks_range_3_8,260-123288-0026.wav,generated_audios/generated_H2_512C_int8/260-123288-0026_generated.wav,16.04,5.300781,5.296295,0.330473,0.330193,2.853592,0.969141,0.237819
H2_512C_quantized_resblocks_range_3_8,260-123288-0027.wav,generated_audios/generated_H2_512C_int8/260-123288-0027_generated.wav,6.305034,1.663915,1.660206,0.263903,0.263314,3.119122,0.974912,0.234978
H2_512C_quantized_resblocks_range_3_8,260-123288-0028.wav,generated_audios/generated_H2_512C_int8/260-123288-0028_generated.wav,2.610023,0.677722,0.67439,0.259661,0.258385,3.35928,0.981196,0.248763
H2_512C_quantized_resblocks_range_3_8,260-123440-0000.wav,generated_audios/generated_H2_512C_int8/260-123440-0000_generated.wav,2.165034,0.530003,0.527215,0.244801,0.243513,2.127032,0.949309,0.256696
H2_512C_quantized_resblocks_range_3_8,260-123440-0001.wav,generated_audios/generated_H2_512C_int8/260-123440-0001_generated.wav,1.74,0.452627,0.449537,0.260131,0.258355,3.159897,0.958804,0.244026
H2_512C_quantized_resblocks_range_3_8,260-123440-0002.wav,generated_audios/generated_H2_512C_int8/260-123440-0002_generated.wav,14.715011,4.530163,4.52632,0.30786,0.307599,2.762817,0.964717,0.243963
H2_512C_quantized_resblocks_range_3_8,260-123440-0003.wav,generated_audios/generated_H2_512C_int8/260-123440-0003_generated.wav,3.585034,0.918798,0.915579,0.256287,0.255389,3.018208,0.973273,0.236742
H2_512C_quantized_resblocks_range_3_8,260-123440-0004.wav,generated_audios/generated_H2_512C_int8/260-123440-0004_generated.wav,12.02,3.952523,3.947927,0.328829,0.328446,2.865641,0.964914,0.247497
H2_512C_quantized_resblocks_range_3_8,260-123440-0005.wav,generated_audios/generated_H2_512C_int8/260-123440-0005_generated.wav,3.105034,0.475976,0.472772,0.153292,0.15226,2.693357,0.968796,0.251249
H2_512C_quantized_resblocks_range_3_8,260-123440-0006.wav,generated_audios/generated_H2_512C_int8/260-123440-0006_generated.wav,2.715011,0.392672,0.389729,0.14463,0.143546,2.587341,0.967848,0.245124
H2_512C_quantized_resblocks_range_3_8,260-123440-0007.wav,generated_audios/generated_H2_512C_int8/260-123440-0007_generated.wav,3.385034,0.840334,0.837146,0.24825,0.247308,2.378106,0.968165,0.260396
H2_512C_quantized_resblocks_range_3_8,260-123440-0008.wav,generated_audios/generated_H2_512C_int8/260-123440-0008_generated.wav,3.745034,1.009914,1.006499,0.269667,0.268756,2.788597,0.966896,0.243499
H2_512C_quantized_resblocks_range_3_8,260-123440-0009.wav,generated_audios/generated_H2_512C_int8/260-123440-0009_generated.wav,3.115011,0.812447,0.809575,0.260817,0.259895,3.067919,0.96831,0.255661
H2_512C_quantized_resblocks_range_3_8,260-123440-0010.wav,generated_audios/generated_H2_512C_int8/260-123440-0010_generated.wav,8.315011,2.411004,2.406987,0.289958,0.289475,2.677234,0.958811,0.248502
H2_512C_quantized_resblocks_range_3_8,260-123440-0011.wav,generated_audios/generated_H2_512C_int8/260-123440-0011_generated.wav,4.870023,0.762919,0.7598,0.156656,0.156016,2.756078,0.96481,0.248013
H2_512C_quantized_resblocks_range_3_8,260-123440-0012.wav,generated_audios/generated_H2_512C_int8/260-123440-0012_generated.wav,5.245034,1.390589,1.387373,0.265125,0.264512,2.896553,0.968923,0.263782
H2_512C_quantized_resblocks_range_3_8,260-123440-0013.wav,generated_audios/generated_H2_512C_int8/260-123440-0013_generated.wav,3.475011,0.938568,0.935328,0.270091,0.269158,2.730006,0.968813,0.26734
H2_512C_quantized_resblocks_range_3_8,260-123440-0014.wav,generated_audios/generated_H2_512C_int8/260-123440-0014_generated.wav,3.815011,1.02573,1.022642,0.268867,0.268057,2.730539,0.971229,0.270378
H2_512C_quantized_resblocks_range_3_8,260-123440-0015.wav,generated_audios/generated_H2_512C_int8/260-123440-0015_generated.wav,6.2,1.023191,1.019824,0.165031,0.164488,3.018692,0.970752,0.229772
H2_512C_quantized_resblocks_range_3_8,260-123440-0016.wav,generated_audios/generated_H2_512C_int8/260-123440-0016_generated.wav,4.895011,1.316488,1.313047,0.268945,0.268242,2.906293,0.973052,0.240282
H2_512C_quantized_resblocks_range_3_8,260-123440-0017.wav,generated_audios/generated_H2_512C_int8/260-123440-0017_generated.wav,3.070023,0.47824,0.475043,0.155777,0.154736,2.900471,0.971516,0.234625
H2_512C_quantized_resblocks_range_3_8,260-123440-0018.wav,generated_audios/generated_H2_512C_int8/260-123440-0018_generated.wav,3.64,0.941979,0.938855,0.258785,0.257927,2.849199,0.975321,0.254523
H2_512C_quantized_resblocks_range_3_8,260-123440-0019.wav,generated_audios/generated_H2_512C_int8/260-123440-0019_generated.wav,6.630023,1.766429,1.763089,0.266429,0.265925,2.808006,0.968062,0.23242
H2_512C_quantized_resblocks_range_3_8,260-123440-0020.wav,generated_audios/generated_H2_512C_int8/260-123440-0020_generated.wav,4.995011,1.348412,1.345234,0.269952,0.269315,2.76029,0.969665,0.244156
H2_512C_quantized_resblocks_range_3_8,61-70968-0000.wav,generated_audios/generated_H2_512C_int8/61-70968-0000_generated.wav,4.905034,1.335096,1.331664,0.272189,0.271489,2.694785,0.968647,0.224112
H2_512C_quantized_resblocks_range_3_8,61-70968-0001.wav,generated_audios/generated_H2_512C_int8/61-70968-0001_generated.wav,3.610023,0.949784,0.946546,0.263096,0.2622,2.349849,0.946178,0.221394
H2_512C_quantized_resblocks_range_3_8,61-70968-0002.wav,generated_audios/generated_H2_512C_int8/61-70968-0002_generated.wav,2.970023,0.759024,0.75607,0.255562,0.254567,2.814099,0.952983,0.225625
H2_512C_quantized_resblocks_range_3_8,61-70968-0003.wav,generated_audios/generated_H2_512C_int8/61-70968-0003_generated.wav,4.315011,0.704631,0.701276,0.163298,0.16252,3.004175,0.959138,0.227381
H2_512C_quantized_resblocks_range_3_8,61-70968-0004.wav,generated_audios/generated_H2_512C_int8/61-70968-0004_generated.wav,3.885034,1.052694,1.049495,0.270961,0.270138,2.582912,0.964636,0.225697
H2_512C_quantized_resblocks_range_3_8,61-70968-0005.wav,generated_audios/generated_H2_512C_int8/61-70968-0005_generated.wav,5.070023,0.83888,0.835441,0.165459,0.164781,2.778807,0.943607,0.226329
H2_512C_quantized_resblocks_range_3_8,61-70968-0006.wav,generated_audios/generated_H2_512C_int8/61-70968-0006_generated.wav,2.935011,0.740712,0.73761,0.252371,0.251314,2.690482,0.964292,0.222191
H2_512C_quantized_resblocks_range_3_8,61-70968-0007.wav,generated_audios/generated_H2_512C_int8/61-70968-0007_generated.wav,3.550023,0.575305,0.572188,0.162057,0.161179,2.291598,0.908476,0.226185
H2_512C_quantized_resblocks_range_3_8,61-70968-0008.wav,generated_audios/generated_H2_512C_int8/61-70968-0008_generated.wav,3.535011,0.570035,0.567011,0.161254,0.160399,2.5199,0.958353,0.22643
H2_512C_quantized_resblocks_range_3_8,61-70968-0009.wav,generated_audios/generated_H2_512C_int8/61-70968-0009_generated.wav,4.510023,1.219189,1.215667,0.270329,0.269548,2.567163,0.940203,0.226627
H2_512C_quantized_resblocks_range_3_8,61-70968-0010.wav,generated_audios/generated_H2_512C_int8/61-70968-0010_generated.wav,8.295011,2.221838,2.218136,0.267852,0.267406,2.66054,0.954423,0.225841
H2_512C_quantized_resblocks_range_3_8,61-70968-0011.wav,generated_audios/generated_H2_512C_int8/61-70968-0011_generated.wav,6.375011,1.712077,1.708651,0.268561,0.268023,2.513593,0.957275,0.224166
H2_512C_quantized_resblocks_range_3_8,61-70968-0012.wav,generated_audios/generated_H2_512C_int8/61-70968-0012_generated.wav,2.610023,0.405168,0.401824,0.155235,0.153954,3.027038,0.979193,0.22063
H2_512C_quantized_resblocks_range_3_8,61-70968-0013.wav,generated_audios/generated_H2_512C_int8/61-70968-0013_generated.wav,4.450023,0.739819,0.736295,0.166251,0.165459,2.802527,0.956409,0.216439
H2_512C_quantized_resblocks_range_3_8,61-70968-0014.wav,generated_audios/generated_H2_512C_int8/61-70968-0014_generated.wav,7.485034,2.053275,2.049743,0.274317,0.273846,3.053171,0.967152,0.222665
H2_512C_quantized_resblocks_range_3_8,61-70968-0015.wav,generated_audios/generated_H2_512C_int8/61-70968-0015_generated.wav,5.375011,1.425386,1.422177,0.265187,0.26459,2.849354,0.969556,0.227812
H2_512C_quantized_resblocks_range_3_8,61-70968-0016.wav,generated_audios/generated_H2_512C_int8/61-70968-0016_generated.wav,3.72,1.048735,1.045744,0.281918,0.281114,2.939918,0.974651,0.221845
H2_512C_quantized_resblocks_range_3_8,61-70968-0017.wav,generated_audios/generated_H2_512C_int8/61-70968-0017_generated.wav,5.110023,1.388326,1.384702,0.271687,0.270978,2.259309,0.962016,0.224041
H2_512C_quantized_resblocks_range_3_8,61-70968-0018.wav,generated_audios/generated_H2_512C_int8/61-70968-0018_generated.wav,2.405034,0.594333,0.591205,0.24712,0.24582,2.719054,0.957968,0.226232
H2_512C_quantized_resblocks_range_3_8,61-70968-0019.wav,generated_audios/generated_H2_512C_int8/61-70968-0019_generated.wav,5.475011,1.462821,1.459601,0.267181,0.266593,2.713305,0.9597,0.233591
H2_512C_quantized_resblocks_range_3_8,61-70968-0020.wav,generated_audios/generated_H2_512C_int8/61-70968-0020_generated.wav,5.105034,1.377453,1.37371,0.269822,0.269089,3.048269,0.954814,0.221826
H2_512C_quantized_resblocks_range_3_8,61-70968-0021.wav,generated_audios/generated_H2_512C_int8/61-70968-0021_generated.wav,2.690023,0.677677,0.674454,0.251922,0.250724,2.804356,0.938783,0.220935
H2_512C_quantized_resblocks_range_3_8,61-70968-0022.wav,generated_audios/generated_H2_512C_int8/61-70968-0022_generated.wav,4.670023,0.752971,0.749331,0.161235,0.160456,2.640416,0.950118,0.230399
H2_512C_quantized_resblocks_range_3_8,61-70968-0023.wav,generated_audios/generated_H2_512C_int8/61-70968-0023_generated.wav,5.025034,0.842406,0.838948,0.167642,0.166954,2.712116,0.965215,0.223204
H2_512C_quantized_resblocks_range_3_8,61-70968-0024.wav,generated_audios/generated_H2_512C_int8/61-70968-0024_generated.wav,6.025034,1.643976,1.640334,0.272858,0.272253,2.644646,0.945595,0.229849
H2_512C_quantized_resblocks_range_3_8,61-70968-0025.wav,generated_audios/generated_H2_512C_int8/61-70968-0025_generated.wav,4.410023,0.702439,0.698988,0.159282,0.1585,2.889296,0.958442,0.22227
H2_512C_quantized_resblocks_range_3_8,61-70968-0026.wav,generated_audios/generated_H2_512C_int8/61-70968-0026_generated.wav,4.92,1.319515,1.315944,0.268194,0.267468,2.832749,0.971625,0.216294
H2_512C_quantized_resblocks_range_3_8,61-70968-0027.wav,generated_audios/generated_H2_512C_int8/61-70968-0027_generated.wav,6.870023,1.845239,1.841579,0.268593,0.26806,2.801373,0.962818,0.22176
H2_512C_quantized_resblocks_range_3_8,61-70968-0028.wav,generated_audios/generated_H2_512C_int8/61-70968-0028_generated.wav,5.355011,1.427893,1.424521,0.266646,0.266016,3.052547,0.966031,0.218353
H2_512C_quantized_resblocks_range_3_8,61-70968-0029.wav,generated_audios/generated_H2_512C_int8/61-70968-0029_generated.wav,3.495011,0.949059,0.945575,0.271547,0.27055,2.604678,0.962798,0.22069
H2_512C_quantized_resblocks_range_3_8,61-70968-0030.wav,generated_audios/generated_H2_512C_int8/61-70968-0030_generated.wav,5.685034,1.542469,1.539314,0.271321,0.270766,2.602679,0.962217,0.220781
H2_512C_quantized_resblocks_range_3_8,61-70968-0031.wav,generated_audios/generated_H2_512C_int8/61-70968-0031_generated.wav,2.925034,0.773007,0.769637,0.264273,0.263121,2.373204,0.9389,0.219952
H2_512C_quantized_resblocks_range_3_8,61-70968-0032.wav,generated_audios/generated_H2_512C_int8/61-70968-0032_generated.wav,4.28,0.712858,0.709542,0.166556,0.165781,2.902311,0.96131,0.219061
H2_512C_quantized_resblocks_range_3_8,61-70968-0033.wav,generated_audios/generated_H2_512C_int8/61-70968-0033_generated.wav,5.685034,0.935144,0.931105,0.164492,0.163782,3.174804,0.975713,0.219158
H2_512C_quantized_resblocks_range_3_8,61-70968-0034.wav,generated_audios/generated_H2_512C_int8/61-70968-0034_generated.wav,4.230023,1.165724,1.162369,0.275584,0.27479,3.157878,0.970487,0.23182
H2_512C_quantized_resblocks_range_3_8,61-70968-0035.wav,generated_audios/generated_H2_512C_int8/61-70968-0035_generated.wav,7.950023,2.171524,2.16792,0.273147,0.272694,2.61755,0.961448,0.221066
H2_512C_quantized_resblocks_range_3_8,61-70968-0036.wav,generated_audios/generated_H2_512C_int8/61-70968-0036_generated.wav,2.934966,0.470517,0.467318,0.160314,0.159224,2.752846,0.954397,0.225139
H2_512C_quantized_resblocks_range_3_8,61-70968-0037.wav,generated_audios/generated_H2_512C_int8/61-70968-0037_generated.wav,4.315011,0.683472,0.680341,0.158394,0.157668,2.465051,0.943884,0.233177
H2_512C_quantized_resblocks_range_3_8,61-70968-0038.wav,generated_audios/generated_H2_512C_int8/61-70968-0038_generated.wav,2.050023,0.553603,0.550521,0.270047,0.268544,3.501,0.930089,0.225744
H2_512C_quantized_resblocks_range_3_8,61-70968-0039.wav,generated_audios/generated_H2_512C_int8/61-70968-0039_generated.wav,3.805034,1.011011,1.00773,0.265704,0.264841,2.95451,0.953044,0.228014
H2_512C_quantized_resblocks_range_3_8,61-70968-0040.wav,generated_audios/generated_H2_512C_int8/61-70968-0040_generated.wav,3.950023,1.074312,1.071359,0.271976,0.271229,3.041794,0.962109,0.221979
H2_512C_quantized_resblocks_range_3_8,61-70968-0041.wav,generated_audios/generated_H2_512C_int8/61-70968-0041_generated.wav,6.825034,1.12918,1.125458,0.165447,0.164901,2.730514,0.949953,0.224646
H2_512C_quantized_resblocks_range_3_8,61-70968-0042.wav,generated_audios/generated_H2_512C_int8/61-70968-0042_generated.wav,2.785034,0.422614,0.4197,0.151745,0.150698,2.564486,0.95124,0.227248
H2_512C_quantized_resblocks_range_3_8,61-70968-0043.wav,generated_audios/generated_H2_512C_int8/61-70968-0043_generated.wav,6.735011,1.844146,1.840669,0.273815,0.273299,2.740433,0.943523,0.219061
H2_512C_quantized_resblocks_range_3_8,61-70968-0044.wav,generated_audios/generated_H2_512C_int8/61-70968-0044_generated.wav,2.770023,0.422826,0.419529,0.152644,0.151453,2.661438,0.947762,0.225145
H2_512C_quantized_resblocks_range_3_8,61-70968-0045.wav,generated_audios/generated_H2_512C_int8/61-70968-0045_generated.wav,3.475011,0.53333,0.53015,0.153476,0.152561,2.843552,0.933949,0.221898
H2_512C_quantized_resblocks_range_3_8,61-70968-0046.wav,generated_audios/generated_H2_512C_int8/61-70968-0046_generated.wav,3.550023,0.541349,0.537923,0.152492,0.151527,2.657315,0.95601,0.228513
H2_512C_quantized_resblocks_range_3_8,61-70968-0047.wav,generated_audios/generated_H2_512C_int8/61-70968-0047_generated.wav,4.775011,1.246527,1.243022,0.261052,0.260318,2.886868,0.96388,0.223714
H2_512C_quantized_resblocks_range_3_8,61-70968-0048.wav,generated_audios/generated_H2_512C_int8/61-70968-0048_generated.wav,3.02,0.809392,0.806073,0.26801,0.266912,2.643426,0.944962,0.228452
H2_512C_quantized_resblocks_range_3_8,61-70968-0049.wav,generated_audios/generated_H2_512C_int8/61-70968-0049_generated.wav,8.250023,2.43173,2.427443,0.294754,0.294235,2.632107,0.946648,0.223652
H2_512C_quantized_resblocks_range_3_8,61-70968-0050.wav,generated_audios/generated_H2_512C_int8/61-70968-0050_generated.wav,5.58,1.53772,1.53446,0.275577,0.274993,2.503147,0.95017,0.226703
H2_512C_quantized_resblocks_range_3_8,61-70968-0051.wav,generated_audios/generated_H2_512C_int8/61-70968-0051_generated.wav,3.135011,0.80676,0.803434,0.257339,0.256278,2.768425,0.945829,0.216132
H2_512C_quantized_resblocks_range_3_8,61-70968-0052.wav,generated_audios/generated_H2_512C_int8/61-70968-0052_generated.wav,2.650023,0.659235,0.655804,0.248766,0.247471,3.026444,0.975416,0.226996
H2_512C_quantized_resblocks_range_3_8,61-70968-0053.wav,generated_audios/generated_H2_512C_int8/61-70968-0053_generated.wav,4.22,0.686961,0.683485,0.162787,0.161963,2.762038,0.950433,0.22404
H2_512C_quantized_resblocks_range_3_8,61-70968-0054.wav,generated_audios/generated_H2_512C_int8/61-70968-0054_generated.wav,7.86,2.183863,2.179806,0.277845,0.277329,2.471287,0.961423,0.222678
H2_512C_quantized_resblocks_range_3_8,61-70968-0055.wav,generated_audios/generated_H2_512C_int8/61-70968-0055_generated.wav,3.965034,0.664311,0.660908,0.167542,0.166684,2.902869,0.941033,0.221929
H2_512C_quantized_resblocks_range_3_8,61-70968-0056.wav,generated_audios/generated_H2_512C_int8/61-70968-0056_generated.wav,3.565034,0.959054,0.955902,0.269017,0.268133,2.875909,0.966471,0.219249
H2_512C_quantized_resblocks_range_3_8,61-70968-0057.wav,generated_audios/generated_H2_512C_int8/61-70968-0057_generated.wav,5.065034,0.85794,0.854564,0.169385,0.168718,2.538498,0.941036,0.226889
H2_512C_quantized_resblocks_range_3_8,61-70968-0058.wav,generated_audios/generated_H2_512C_int8/61-70968-0058_generated.wav,1.82,0.44906,0.446031,0.246736,0.245072,2.420921,0.92963,0.224616
H2_512C_quantized_resblocks_range_3_8,61-70968-0059.wav,generated_audios/generated_H2_512C_int8/61-70968-0059_generated.wav,2.170023,0.32722,0.324177,0.150791,0.149389,3.016376,0.975428,0.231909
H2_512C_quantized_resblocks_range_3_8,61-70968-0060.wav,generated_audios/generated_H2_512C_int8/61-70968-0060_generated.wav,3.735011,0.605115,0.601692,0.162011,0.161095,2.772255,0.958577,0.214993
H2_512C_quantized_resblocks_range_3_8,61-70968-0061.wav,generated_audios/generated_H2_512C_int8/61-70968-0061_generated.wav,5.530023,1.51737,1.514021,0.274388,0.273782,2.62488,0.95236,0.234955
H2_512C_quantized_resblocks_range_3_8,61-70968-0062.wav,generated_audios/generated_H2_512C_int8/61-70968-0062_generated.wav,2.555011,0.382046,0.378916,0.149528,0.148303,2.886749,0.922481,0.221569
H2_512C_quantized_resblocks_range_3_8,61-70970-0000.wav,generated_audios/generated_H2_512C_int8/61-70970-0000_generated.wav,6.075011,1.609806,1.60608,0.264988,0.264375,2.00849,0.952337,0.228147
H2_512C_quantized_resblocks_range_3_8,61-70970-0001.wav,generated_audios/generated_H2_512C_int8/61-70970-0001_generated.wav,6.155011,1.647576,1.644162,0.26768,0.267126,2.564079,0.961422,0.228783
H2_512C_quantized_resblocks_range_3_8,61-70970-0002.wav,generated_audios/generated_H2_512C_int8/61-70970-0002_generated.wav,4.165034,1.118452,1.114966,0.268534,0.267697,2.735008,0.950069,0.226657
H2_512C_quantized_resblocks_range_3_8,61-70970-0003.wav,generated_audios/generated_H2_512C_int8/61-70970-0003_generated.wav,3.835011,0.97233,0.969214,0.25354,0.252728,2.749341,0.946172,0.208245
H2_512C_quantized_resblocks_range_3_8,61-70970-0004.wav,generated_audios/generated_H2_512C_int8/61-70970-0004_generated.wav,10.515011,2.876726,2.87282,0.273583,0.273211,2.879792,0.951586,0.215363
H2_512C_quantized_resblocks_range_3_8,61-70970-0005.wav,generated_audios/generated_H2_512C_int8/61-70970-0005_generated.wav,2.02,0.533746,0.530714,0.264231,0.26273,2.560852,0.931478,0.235738
H2_512C_quantized_resblocks_range_3_8,61-70970-0006.wav,generated_audios/generated_H2_512C_int8/61-70970-0006_generated.wav,2.335011,0.578121,0.574877,0.247588,0.246199,2.205837,0.95103,0.225329
H2_512C_quantized_resblocks_range_3_8,61-70970-0007.wav,generated_audios/generated_H2_512C_int8/61-70970-0007_generated.wav,4.485034,1.17359,1.170216,0.261668,0.260916,2.689075,0.949465,0.229142
H2_512C_quantized_resblocks_range_3_8,61-70970-0008.wav,generated_audios/generated_H2_512C_int8/61-70970-0008_generated.wav,2.150023,0.567156,0.564038,0.263791,0.262341,2.77655,0.927175,0.22298
H2_512C_quantized_resblocks_range_3_8,61-70970-0009.wav,generated_audios/generated_H2_512C_int8/61-70970-0009_generated.wav,3.405034,0.885491,0.88205,0.260053,0.259043,2.851812,0.959273,0.214216
H2_512C_quantized_resblocks_range_3_8,61-70970-0010.wav,generated_audios/generated_H2_512C_int8/61-70970-0010_generated.wav,3.045034,0.443983,0.440746,0.145806,0.144743,2.752384,0.941437,0.21761
H2_512C_quantized_resblocks_range_3_8,61-70970-0011.wav,generated_audios/generated_H2_512C_int8/61-70970-0011_generated.wav,6.075011,0.902175,0.898561,0.148506,0.147911,2.749058,0.942796,0.222247
H2_512C_quantized_resblocks_range_3_8,61-70970-0012.wav,generated_audios/generated_H2_512C_int8/61-70970-0012_generated.wav,3.135011,0.448307,0.445119,0.143,0.141983,2.589314,0.961764,0.217648
H2_512C_quantized_resblocks_range_3_8,61-70970-0013.wav,generated_audios/generated_H2_512C_int8/61-70970-0013_generated.wav,4.350023,1.148311,1.145973,0.263978,0.263441,2.356409,0.955109,0.22941
H2_512C_quantized_resblocks_range_3_8,61-70970-0014.wav,generated_audios/generated_H2_512C_int8/61-70970-0014_generated.wav,3.405034,0.482817,0.479765,0.141795,0.140899,2.431367,0.965364,0.221353
H2_512C_quantized_resblocks_range_3_8,61-70970-0015.wav,generated_audios/generated_H2_512C_int8/61-70970-0015_generated.wav,8.415011,2.434753,2.430886,0.289334,0.288875,2.641483,0.967322,0.222381
H2_512C_quantized_resblocks_range_3_8,61-70970-0016.wav,generated_audios/generated_H2_512C_int8/61-70970-0016_generated.wav,4.370023,1.149068,1.145685,0.262943,0.262169,3.009713,0.968742,0.224673
H2_512C_quantized_resblocks_range_3_8,61-70970-0017.wav,generated_audios/generated_H2_512C_int8/61-70970-0017_generated.wav,2.550023,0.375153,0.372125,0.147118,0.14593,2.450096,0.948017,0.229651
H2_512C_quantized_resblocks_range_3_8,61-70970-0018.wav,generated_audios/generated_H2_512C_int8/61-70970-0018_generated.wav,4.6,1.184894,1.18147,0.257586,0.256841,2.395556,0.94072,0.228176
H2_512C_quantized_resblocks_range_3_8,61-70970-0019.wav,generated_audios/generated_H2_512C_int8/61-70970-0019_generated.wav,3.78,0.975716,0.972385,0.258126,0.257245,3.100705,0.961988,0.226246
H2_512C_quantized_resblocks_range_3_8,61-70970-0020.wav,generated_audios/generated_H2_512C_int8/61-70970-0020_generated.wav,5.025034,0.765768,0.762154,0.152391,0.151671,2.588104,0.942774,0.230879
H2_512C_quantized_resblocks_range_3_8,61-70970-0021.wav,generated_audios/generated_H2_512C_int8/61-70970-0021_generated.wav,5.405034,1.394438,1.390889,0.257989,0.257332,2.582235,0.952696,0.227933
H2_512C_quantized_resblocks_range_3_8,61-70970-0022.wav,generated_audios/generated_H2_512C_int8/61-70970-0022_generated.wav,3.970023,0.584473,0.581073,0.147222,0.146365,2.413996,0.942102,0.231986
H2_512C_quantized_resblocks_range_3_8,61-70970-0023.wav,generated_audios/generated_H2_512C_int8/61-70970-0023_generated.wav,3.705034,0.544345,0.541138,0.14692,0.146055,2.666613,0.96383,0.226065
H2_512C_quantized_resblocks_range_3_8,61-70970-0024.wav,generated_audios/generated_H2_512C_int8/61-70970-0024_generated.wav,7.235011,1.91535,1.911636,0.264734,0.26422,2.788331,0.964206,0.22401
H2_512C_quantized_resblocks_range_3_8,61-70970-0025.wav,generated_audios/generated_H2_512C_int8/61-70970-0025_generated.wav,7.435011,2.082045,2.078307,0.280033,0.27953,2.844473,0.968288,0.215754
H2_512C_quantized_resblocks_range_3_8,61-70970-0026.wav,generated_audios/generated_H2_512C_int8/61-70970-0026_generated.wav,5.475011,0.822953,0.819556,0.150311,0.14969,2.841573,0.957241,0.21423
H2_512C_quantized_resblocks_range_3_8,61-70970-0027.wav,generated_audios/generated_H2_512C_int8/61-70970-0027_generated.wav,5.08,0.752111,0.748494,0.148053,0.147341,2.675864,0.950805,0.218818
H2_512C_quantized_resblocks_range_3_8,61-70970-0028.wav,generated_audios/generated_H2_512C_int8/61-70970-0028_generated.wav,6.550023,1.004263,1.000819,0.153322,0.152796,2.863325,0.966614,0.214568
H2_512C_quantized_resblocks_range_3_8,61-70970-0029.wav,generated_audios/generated_H2_512C_int8/61-70970-0029_generated.wav,4.030023,0.588864,0.585746,0.146119,0.145346,3.022949,0.945776,0.222623
H2_512C_quantized_resblocks_range_3_8,61-70970-0030.wav,generated_audios/generated_H2_512C_int8/61-70970-0030_generated.wav,3.24,0.477928,0.47461,0.147509,0.146485,2.682779,0.949958,0.226831
H2_512C_quantized_resblocks_range_3_8,61-70970-0031.wav,generated_audios/generated_H2_512C_int8/61-70970-0031_generated.wav,5.135011,1.328535,1.32499,0.258721,0.258031,2.572311,0.955251,0.223712
H2_512C_quantized_resblocks_range_3_8,61-70970-0032.wav,generated_audios/generated_H2_512C_int8/61-70970-0032_generated.wav,3.135011,0.447312,0.444114,0.142683,0.141663,2.624188,0.953846,0.228142
H2_512C_quantized_resblocks_range_3_8,61-70970-0033.wav,generated_audios/generated_H2_512C_int8/61-70970-0033_generated.wav,3.42,0.857744,0.854536,0.250802,0.249864,2.642446,0.963916,0.225515
H2_512C_quantized_resblocks_range_3_8,61-70970-0034.wav,generated_audios/generated_H2_512C_int8/61-70970-0034_generated.wav,4.485034,0.661479,0.65831,0.147486,0.146779,2.327205,0.942136,0.225315
H2_512C_quantized_resblocks_range_3_8,61-70970-0035.wav,generated_audios/generated_H2_512C_int8/61-70970-0035_generated.wav,7.405034,1.143556,1.139549,0.15443,0.153888,2.705655,0.957216,0.220222
H2_512C_quantized_resblocks_range_3_8,61-70970-0036.wav,generated_audios/generated_H2_512C_int8/61-70970-0036_generated.wav,6.785034,1.054759,1.050949,0.155454,0.154892,2.656412,0.955472,0.221411
H2_512C_quantized_resblocks_range_3_8,61-70970-0037.wav,generated_audios/generated_H2_512C_int8/61-70970-0037_generated.wav,5.98,1.552507,1.549059,0.259617,0.25904,2.798815,0.953332,0.224101
H2_512C_quantized_resblocks_range_3_8,61-70970-0038.wav,generated_audios/generated_H2_512C_int8/61-70970-0038_generated.wav,10.4,2.988032,2.983765,0.287311,0.2869,2.645001,0.957318,0.222599
H2_512C_quantized_resblocks_range_3_8,61-70970-0039.wav,generated_audios/generated_H2_512C_int8/61-70970-0039_generated.wav,6.665034,1.020255,1.01669,0.153076,0.152541,2.529641,0.946013,0.225793
H2_512C_quantized_resblocks_range_3_8,61-70970-0040.wav,generated_audios/generated_H2_512C_int8/61-70970-0040_generated.wav,4.165034,0.612019,0.608661,0.146942,0.146136,2.826001,0.963176,0.223209
H2_512C_quantized_resblocks_range_3_8,672-122797-0000.wav,generated_audios/generated_H2_512C_int8/672-122797-0000_generated.wav,4.070023,1.0685,1.065214,0.262529,0.261722,3.559259,0.972995,0.221173
H2_512C_quantized_resblocks_range_3_8,672-122797-0001.wav,generated_audios/generated_H2_512C_int8/672-122797-0001_generated.wav,15.130023,5.123171,5.118614,0.33861,0.338308,3.311714,0.967495,0.222536
H2_512C_quantized_resblocks_range_3_8,672-122797-0002.wav,generated_audios/generated_H2_512C_int8/672-122797-0002_generated.wav,13.62,4.618843,4.614553,0.339122,0.338807,3.28865,0.964967,0.224101
H2_512C_quantized_resblocks_range_3_8,672-122797-0003.wav,generated_audios/generated_H2_512C_int8/672-122797-0003_generated.wav,4.76,1.258022,1.25511,0.26429,0.263679,2.990602,0.953096,0.226812
H2_512C_quantized_resblocks_range_3_8,672-122797-0004.wav,generated_audios/generated_H2_512C_int8/672-122797-0004_generated.wav,10.250023,2.915976,2.911713,0.284485,0.284069,3.172638,0.951254,0.229688
H2_512C_quantized_resblocks_range_3_8,672-122797-0005.wav,generated_audios/generated_H2_512C_int8/672-122797-0005_generated.wav,3.26,0.871444,0.868278,0.267314,0.266343,2.964665,0.911056,0.229627
H2_512C_quantized_resblocks_range_3_8,672-122797-0006.wav,generated_audios/generated_H2_512C_int8/672-122797-0006_generated.wav,13.950023,4.402026,4.397579,0.315557,0.315238,2.749784,0.910664,0.256476
H2_512C_quantized_resblocks_range_3_8,672-122797-0007.wav,generated_audios/generated_H2_512C_int8/672-122797-0007_generated.wav,6.42,1.637743,1.634119,0.2551,0.254536,2.928865,0.920123,0.235796
H2_512C_quantized_resblocks_range_3_8,672-122797-0008.wav,generated_audios/generated_H2_512C_int8/672-122797-0008_generated.wav,30.810023,10.926477,10.918993,0.35464,0.354397,3.080775,0.928188,0.234073
H2_512C_quantized_resblocks_range_3_8,672-122797-0009.wav,generated_audios/generated_H2_512C_int8/672-122797-0009_generated.wav,2.765034,0.404447,0.401063,0.146272,0.145048,3.145611,0.914819,0.263037
H2_512C_quantized_resblocks_range_3_8,672-122797-0010.wav,generated_audios/generated_H2_512C_int8/672-122797-0010_generated.wav,3.815011,0.55976,0.556255,0.146726,0.145807,2.991395,0.950924,0.247987
H2_512C_quantized_resblocks_range_3_8,672-122797-0011.wav,generated_audios/generated_H2_512C_int8/672-122797-0011_generated.wav,2.54,0.659677,0.65652,0.259715,0.258472,2.853482,0.939812,0.274529
H2_512C_quantized_resblocks_range_3_8,672-122797-0012.wav,generated_audios/generated_H2_512C_int8/672-122797-0012_generated.wav,7.765034,2.077851,2.074295,0.267591,0.267133,2.907796,0.937998,0.243122
H2_512C_quantized_resblocks_range_3_8,672-122797-0013.wav,generated_audios/generated_H2_512C_int8/672-122797-0013_generated.wav,8.705034,2.303146,2.299207,0.264576,0.264124,3.035707,0.917734,0.244934
H2_512C_quantized_resblocks_range_3_8,672-122797-0014.wav,generated_audios/generated_H2_512C_int8/672-122797-0014_generated.wav,2.555011,0.381171,0.378264,0.149186,0.148048,2.713418,0.943674,0.254739
H2_512C_quantized_resblocks_range_3_8,672-122797-0015.wav,generated_audios/generated_H2_512C_int8/672-122797-0015_generated.wav,4.455011,0.656039,0.652688,0.147259,0.146507,2.970899,0.942916,0.262478
H2_512C_quantized_resblocks_range_3_8,672-122797-0016.wav,generated_audios/generated_H2_512C_int8/672-122797-0016_generated.wav,9.215011,2.446791,2.442933,0.265522,0.265104,3.032219,0.926717,0.24739
H2_512C_quantized_resblocks_range_3_8,672-122797-0017.wav,generated_audios/generated_H2_512C_int8/672-122797-0017_generated.wav,4.82,1.2134,1.209986,0.251743,0.251034,3.30826,0.932845,0.252486
H2_512C_quantized_resblocks_range_3_8,672-122797-0018.wav,generated_audios/generated_H2_512C_int8/672-122797-0018_generated.wav,4.930023,1.282932,1.279384,0.260228,0.259509,2.799855,0.946259,0.23851
H2_512C_quantized_resblocks_range_3_8,672-122797-0019.wav,generated_audios/generated_H2_512C_int8/672-122797-0019_generated.wav,4.110023,1.037011,1.033727,0.252313,0.251514,3.16028,0.934547,0.254688
H2_512C_quantized_resblocks_range_3_8,672-122797-0020.wav,generated_audios/generated_H2_512C_int8/672-122797-0020_generated.wav,8.825034,2.379493,2.375023,0.26963,0.269123,2.906655,0.928097,0.234166
H2_512C_quantized_resblocks_range_3_8,672-122797-0021.wav,generated_audios/generated_H2_512C_int8/672-122797-0021_generated.wav,4.150023,0.61459,0.611095,0.148093,0.147251,3.236737,0.967232,0.229679
H2_512C_quantized_resblocks_range_3_8,672-122797-0022.wav,generated_audios/generated_H2_512C_int8/672-122797-0022_generated.wav,19.004943,6.506396,6.501142,0.342353,0.342076,3.202529,0.926415,0.225624
H2_512C_quantized_resblocks_range_3_8,672-122797-0023.wav,generated_audios/generated_H2_512C_int8/672-122797-0023_generated.wav,9.695102,2.589793,2.58573,0.267124,0.266705,3.04605,0.938893,0.230168
H2_512C_quantized_resblocks_range_3_8,672-122797-0024.wav,generated_audios/generated_H2_512C_int8/672-122797-0024_generated.wav,4.130023,1.076596,1.073373,0.260676,0.259895,2.953875,0.917049,0.232398
H2_512C_quantized_resblocks_range_3_8,672-122797-0025.wav,generated_audios/generated_H2_512C_int8/672-122797-0025_generated.wav,10.690023,2.869964,2.866044,0.268471,0.268105,3.196341,0.960139,0.231586
H2_512C_quantized_resblocks_range_3_8,672-122797-0026.wav,generated_audios/generated_H2_512C_int8/672-122797-0026_generated.wav,13.96,4.036564,4.032072,0.289152,0.28883,2.833255,0.937421,0.231983
H2_512C_quantized_resblocks_range_3_8,672-122797-0027.wav,generated_audios/generated_H2_512C_int8/672-122797-0027_generated.wav,4.790023,0.722669,0.719287,0.15087,0.150164,2.733785,0.910722,0.233128
H2_512C_quantized_resblocks_range_3_8,672-122797-0028.wav,generated_audios/generated_H2_512C_int8/672-122797-0028_generated.wav,2.610023,0.407092,0.403961,0.155973,0.154773,2.972055,0.955745,0.236207
H2_512C_quantized_resblocks_range_3_8,672-122797-0029.wav,generated_audios/generated_H2_512C_int8/672-122797-0029_generated.wav,3.050023,0.455949,0.452625,0.14949,0.148401,3.472076,0.967255,0.234087
H2_512C_quantized_resblocks_range_3_8,672-122797-0030.wav,generated_audios/generated_H2_512C_int8/672-122797-0030_generated.wav,4.575011,1.178914,1.175313,0.257685,0.256898,3.006101,0.955741,0.246035
H2_512C_quantized_resblocks_range_3_8,672-122797-0031.wav,generated_audios/generated_H2_512C_int8/672-122797-0031_generated.wav,3.98,0.588566,0.584938,0.147881,0.146969,3.635606,0.943504,0.239181
H2_512C_quantized_resblocks_range_3_8,672-122797-0032.wav,generated_audios/generated_H2_512C_int8/672-122797-0032_generated.wav,4.0,0.594514,0.591117,0.148628,0.147779,2.791248,0.920881,0.231607
H2_512C_quantized_resblocks_range_3_8,672-122797-0033.wav,generated_audios/generated_H2_512C_int8/672-122797-0033_generated.wav,1.285034,0.359721,0.356805,0.279931,0.277662,3.443822,0.914478,0.258222
H2_512C_quantized_resblocks_range_3_8,672-122797-0034.wav,generated_audios/generated_H2_512C_int8/672-122797-0034_generated.wav,5.110023,0.773892,0.770245,0.151446,0.150732,3.01273,0.967404,0.239174
H2_512C_quantized_resblocks_range_3_8,672-122797-0035.wav,generated_audios/generated_H2_512C_int8/672-122797-0035_generated.wav,2.9,0.437271,0.434194,0.150783,0.149722,3.534533,0.961636,0.230949
H2_512C_quantized_resblocks_range_3_8,672-122797-0036.wav,generated_audios/generated_H2_512C_int8/672-122797-0036_generated.wav,5.365034,0.808107,0.804733,0.150625,0.149996,2.993361,0.920019,0.253679
H2_512C_quantized_resblocks_range_3_8,672-122797-0037.wav,generated_audios/generated_H2_512C_int8/672-122797-0037_generated.wav,1.96,0.489279,0.486097,0.249632,0.248009,2.853357,0.926934,0.27269
H2_512C_quantized_resblocks_range_3_8,672-122797-0038.wav,generated_audios/generated_H2_512C_int8/672-122797-0038_generated.wav,8.8,2.32012,2.316052,0.26365,0.263188,2.998874,0.933858,0.233555
H2_512C_quantized_resblocks_range_3_8,672-122797-0039.wav,generated_audios/generated_H2_512C_int8/672-122797-0039_generated.wav,4.025034,1.051786,1.048151,0.261311,0.260408,3.203438,0.952975,0.238806
H2_512C_quantized_resblocks_range_3_8,672-122797-0040.wav,generated_audios/generated_H2_512C_int8/672-122797-0040_generated.wav,5.125034,0.774536,0.770971,0.151128,0.150432,3.221643,0.938325,0.232615
H2_512C_quantized_resblocks_range_3_8,672-122797-0041.wav,generated_audios/generated_H2_512C_int8/672-122797-0041_generated.wav,3.88,0.576665,0.573227,0.148625,0.147739,2.950591,0.940579,0.23882
H2_512C_quantized_resblocks_range_3_8,672-122797-0042.wav,generated_audios/generated_H2_512C_int8/672-122797-0042_generated.wav,15.310023,4.439672,4.434644,0.289985,0.289656,3.104419,0.870409,0.229685
H2_512C_quantized_resblocks_range_3_8,672-122797-0043.wav,generated_audios/generated_H2_512C_int8/672-122797-0043_generated.wav,3.78,0.564391,0.56101,0.14931,0.148415,3.389316,0.913431,0.248917
H2_512C_quantized_resblocks_range_3_8,672-122797-0044.wav,generated_audios/generated_H2_512C_int8/672-122797-0044_generated.wav,3.74,0.559324,0.556039,0.149552,0.148674,2.946003,0.932766,0.238283
H2_512C_quantized_resblocks_range_3_8,672-122797-0045.wav,generated_audios/generated_H2_512C_int8/672-122797-0045_generated.wav,13.96,2.494684,2.490307,0.178702,0.178389,3.167743,0.961939,0.226253
H2_512C_quantized_resblocks_range_3_8,672-122797-0046.wav,generated_audios/generated_H2_512C_int8/672-122797-0046_generated.wav,4.715011,1.221212,1.217755,0.259005,0.258272,3.221946,0.94225,0.246322
H2_512C_quantized_resblocks_range_3_8,672-122797-0047.wav,generated_audios/generated_H2_512C_int8/672-122797-0047_generated.wav,3.325034,0.879698,0.876364,0.264568,0.263565,3.102144,0.926786,0.259737
H2_512C_quantized_resblocks_range_3_8,672-122797-0048.wav,generated_audios/generated_H2_512C_int8/672-122797-0048_generated.wav,6.555011,1.009382,1.005349,0.153986,0.153371,2.897705,0.89146,0.239949
H2_512C_quantized_resblocks_range_3_8,672-122797-0049.wav,generated_audios/generated_H2_512C_int8/672-122797-0049_generated.wav,2.02,0.295993,0.292748,0.146531,0.144925,3.264255,0.90369,0.248277
H2_512C_quantized_resblocks_range_3_8,672-122797-0050.wav,generated_audios/generated_H2_512C_int8/672-122797-0050_generated.wav,4.855011,1.265725,1.262425,0.260705,0.260025,2.769264,0.943362,0.225645
H2_512C_quantized_resblocks_range_3_8,672-122797-0051.wav,generated_audios/generated_H2_512C_int8/672-122797-0051_generated.wav,4.665034,1.226295,1.22298,0.262869,0.262159,3.077518,0.934121,0.247838
H2_512C_quantized_resblocks_range_3_8,672-122797-0052.wav,generated_audios/generated_H2_512C_int8/672-122797-0052_generated.wav,4.285034,1.072468,1.069156,0.250282,0.249509,2.692387,0.951508,0.250216
H2_512C_quantized_resblocks_range_3_8,672-122797-0053.wav,generated_audios/generated_H2_512C_int8/672-122797-0053_generated.wav,2.955011,0.451267,0.447887,0.152712,0.151568,2.503717,0.936356,0.232853
H2_512C_quantized_resblocks_range_3_8,672-122797-0054.wav,generated_audios/generated_H2_512C_int8/672-122797-0054_generated.wav,4.250023,0.638589,0.635191,0.150255,0.149456,3.131289,0.912087,0.237251
H2_512C_quantized_resblocks_range_3_8,672-122797-0055.wav,generated_audios/generated_H2_512C_int8/672-122797-0055_generated.wav,8.230023,2.176242,2.172524,0.264427,0.263975,2.847169,0.926616,0.228997
H2_512C_quantized_resblocks_range_3_8,672-122797-0056.wav,generated_audios/generated_H2_512C_int8/672-122797-0056_generated.wav,5.225034,0.79274,0.789116,0.15172,0.151026,1.930649,0.949872,0.231588
H2_512C_quantized_resblocks_range_3_8,672-122797-0057.wav,generated_audios/generated_H2_512C_int8/672-122797-0057_generated.wav,6.56,1.015869,1.012238,0.154858,0.154305,3.341034,0.910786,0.248214
H2_512C_quantized_resblocks_range_3_8,672-122797-0058.wav,generated_audios/generated_H2_512C_int8/672-122797-0058_generated.wav,4.470023,1.185147,1.171206,0.265132,0.262013,3.250073,0.907572,0.247258
H2_512C_quantized_resblocks_range_3_8,672-122797-0059.wav,generated_audios/generated_H2_512C_int8/672-122797-0059_generated.wav,3.52,0.88105,0.877831,0.250298,0.249384,3.049293,0.944002,0.23629
H2_512C_quantized_resblocks_range_3_8,672-122797-0060.wav,generated_audios/generated_H2_512C_int8/672-122797-0060_generated.wav,3.350023,0.515146,0.511861,0.153774,0.152793,3.58638,0.972307,0.22947
H2_512C_quantized_resblocks_range_3_8,672-122797-0061.wav,generated_audios/generated_H2_512C_int8/672-122797-0061_generated.wav,7.590023,2.005179,2.001441,0.264186,0.263694,3.139042,0.949045,0.255871
H2_512C_quantized_resblocks_range_3_8,672-122797-0062.wav,generated_audios/generated_H2_512C_int8/672-122797-0062_generated.wav,2.675011,0.692553,0.689299,0.258897,0.257681,2.879949,0.875683,0.243914
H2_512C_quantized_resblocks_range_3_8,672-122797-0063.wav,generated_audios/generated_H2_512C_int8/672-122797-0063_generated.wav,5.075011,0.767803,0.764029,0.151291,0.150547,3.195701,0.950258,0.239863
H2_512C_quantized_resblocks_range_3_8,672-122797-0064.wav,generated_audios/generated_H2_512C_int8/672-122797-0064_generated.wav,15.270023,4.440197,4.435772,0.290779,0.290489,3.118038,0.927326,0.236984
H2_512C_quantized_resblocks_range_3_8,672-122797-0065.wav,generated_audios/generated_H2_512C_int8/672-122797-0065_generated.wav,3.030023,0.442771,0.439561,0.146128,0.145069,2.814237,0.925974,0.243544
H2_512C_quantized_resblocks_range_3_8,672-122797-0066.wav,generated_audios/generated_H2_512C_int8/672-122797-0066_generated.wav,4.815011,0.731852,0.72851,0.151994,0.1513,3.037605,0.963681,0.229661
H2_512C_quantized_resblocks_range_3_8,672-122797-0067.wav,generated_audios/generated_H2_512C_int8/672-122797-0067_generated.wav,13.035011,3.77319,3.768406,0.289466,0.289099,3.06881,0.959392,0.227634
H2_512C_quantized_resblocks_range_3_8,672-122797-0068.wav,generated_audios/generated_H2_512C_int8/672-122797-0068_generated.wav,4.02,0.598328,0.594898,0.148838,0.147985,3.217148,0.929535,0.230875
H2_512C_quantized_resblocks_range_3_8,672-122797-0069.wav,generated_audios/generated_H2_512C_int8/672-122797-0069_generated.wav,5.010023,1.311701,1.308131,0.261815,0.261103,3.121372,0.916979,0.228148
H2_512C_quantized_resblocks_range_3_8,672-122797-0070.wav,generated_audios/generated_H2_512C_int8/672-122797-0070_generated.wav,6.270023,1.622425,1.618759,0.258759,0.258174,3.032279,0.966522,0.231519
H2_512C_quantized_resblocks_range_3_8,672-122797-0071.wav,generated_audios/generated_H2_512C_int8/672-122797-0071_generated.wav,8.875011,2.36648,2.362356,0.266645,0.266181,3.279112,0.968838,0.224351
H2_512C_quantized_resblocks_range_3_8,672-122797-0072.wav,generated_audios/generated_H2_512C_int8/672-122797-0072_generated.wav,7.94,2.104021,2.10033,0.26499,0.264525,3.09902,0.92668,0.233175
H2_512C_quantized_resblocks_range_3_8,672-122797-0073.wav,generated_audios/generated_H2_512C_int8/672-122797-0073_generated.wav,8.205034,2.199222,2.195334,0.268033,0.267559,3.289515,0.95082,0.227688
H2_512C_quantized_resblocks_range_3_8,672-122797-0074.wav,generated_audios/generated_H2_512C_int8/672-122797-0074_generated.wav,8.730023,2.297898,2.293964,0.263218,0.262767,3.321782,0.868183,0.230352
H2_512C_quantized_resblocks_range_3_8,908-157963-0000.wav,generated_audios/generated_H2_512C_int8/908-157963-0000_generated.wav,12.62,3.382384,3.377581,0.268018,0.267637,3.065482,0.954727,0.234635
H2_512C_quantized_resblocks_range_3_8,908-157963-0001.wav,generated_audios/generated_H2_512C_int8/908-157963-0001_generated.wav,2.885034,0.765291,0.761912,0.265263,0.264091,3.07125,0.966465,0.239045
H2_512C_quantized_resblocks_range_3_8,908-157963-0002.wav,generated_audios/generated_H2_512C_int8/908-157963-0002_generated.wav,2.755011,0.689814,0.686754,0.250385,0.249275,2.873065,0.965247,0.237701
H2_512C_quantized_resblocks_range_3_8,908-157963-0003.wav,generated_audios/generated_H2_512C_int8/908-157963-0003_generated.wav,3.08,0.792295,0.789059,0.257239,0.256188,2.937836,0.969932,0.231835
H2_512C_quantized_resblocks_range_3_8,908-157963-0004.wav,generated_audios/generated_H2_512C_int8/908-157963-0004_generated.wav,13.990023,4.053397,4.048889,0.289735,0.289413,2.832513,0.948121,0.232514
H2_512C_quantized_resblocks_range_3_8,908-157963-0005.wav,generated_audios/generated_H2_512C_int8/908-157963-0005_generated.wav,7.035011,1.852037,1.848212,0.26326,0.262716,2.883993,0.94239,0.239646
H2_512C_quantized_resblocks_range_3_8,908-157963-0006.wav,generated_audios/generated_H2_512C_int8/908-157963-0006_generated.wav,8.110023,2.170802,2.167021,0.267669,0.267203,2.782073,0.948091,0.237908
H2_512C_quantized_resblocks_range_3_8,908-157963-0007.wav,generated_audios/generated_H2_512C_int8/908-157963-0007_generated.wav,32.770023,11.610606,11.602767,0.354306,0.354066,2.764098,0.949024,0.235708
H2_512C_quantized_resblocks_range_3_8,908-157963-0008.wav,generated_audios/generated_H2_512C_int8/908-157963-0008_generated.wav,19.950023,6.926613,6.921315,0.347198,0.346933,2.870227,0.95348,0.235113
H2_512C_quantized_resblocks_range_3_8,908-157963-0009.wav,generated_audios/generated_H2_512C_int8/908-157963-0009_generated.wav,4.06,1.061263,1.057843,0.261395,0.260552,2.830992,0.95969,0.231185
H2_512C_quantized_resblocks_range_3_8,908-157963-0010.wav,generated_audios/generated_H2_512C_int8/908-157963-0010_generated.wav,6.28,0.93694,0.933265,0.149194,0.148609,2.693062,0.925633,0.237317
H2_512C_quantized_resblocks_range_3_8,908-157963-0011.wav,generated_audios/generated_H2_512C_int8/908-157963-0011_generated.wav,10.395011,1.622256,1.618659,0.156061,0.155715,2.729515,0.946883,0.237407
H2_512C_quantized_resblocks_range_3_8,908-157963-0012.wav,generated_audios/generated_H2_512C_int8/908-157963-0012_generated.wav,10.090023,2.675087,2.670484,0.265122,0.264666,2.606005,0.926884,0.23447
H2_512C_quantized_resblocks_range_3_8,908-157963-0013.wav,generated_audios/generated_H2_512C_int8/908-157963-0013_generated.wav,4.315011,0.63645,0.63318,0.147497,0.146739,2.712826,0.960445,0.248095
H2_512C_quantized_resblocks_range_3_8,908-157963-0014.wav,generated_audios/generated_H2_512C_int8/908-157963-0014_generated.wav,4.52,0.670657,0.667345,0.148375,0.147643,3.063182,0.957322,0.243368
H2_512C_quantized_resblocks_range_3_8,908-157963-0015.wav,generated_audios/generated_H2_512C_int8/908-157963-0015_generated.wav,14.465034,4.191723,4.187225,0.289783,0.289472,2.919531,0.962284,0.23453
H2_512C_quantized_resblocks_range_3_8,908-157963-0016.wav,generated_audios/generated_H2_512C_int8/908-157963-0016_generated.wav,5.105034,0.76839,0.765094,0.150516,0.149871,2.854057,0.965585,0.235896
H2_512C_quantized_resblocks_range_3_8,908-157963-0017.wav,generated_audios/generated_H2_512C_int8/908-157963-0017_generated.wav,4.950023,1.260985,1.257572,0.254743,0.254054,3.038761,0.962304,0.232886
H2_512C_quantized_resblocks_range_3_8,908-157963-0018.wav,generated_audios/generated_H2_512C_int8/908-157963-0018_generated.wav,4.255011,0.636862,0.633566,0.149673,0.148899,2.919779,0.956298,0.23175
H2_512C_quantized_resblocks_range_3_8,908-157963-0019.wav,generated_audios/generated_H2_512C_int8/908-157963-0019_generated.wav,21.44,7.458441,7.452813,0.347875,0.347613,2.057041,0.953833,0.239227
H2_512C_quantized_resblocks_range_3_8,908-157963-0020.wav,generated_audios/generated_H2_512C_int8/908-157963-0020_generated.wav,9.8,2.648,2.64419,0.270204,0.269815,2.662447,0.950497,0.241348
H2_512C_quantized_resblocks_range_3_8,908-157963-0021.wav,generated_audios/generated_H2_512C_int8/908-157963-0021_generated.wav,10.24,1.65508,1.651076,0.161629,0.161238,2.898992,0.956767,0.234038
H2_512C_quantized_resblocks_range_3_8,908-157963-0022.wav,generated_audios/generated_H2_512C_int8/908-157963-0022_generated.wav,4.610023,1.207783,1.204195,0.261991,0.261212,2.411972,0.955541,0.23335
H2_512C_quantized_resblocks_range_3_8,908-157963-0023.wav,generated_audios/generated_H2_512C_int8/908-157963-0023_generated.wav,9.625034,2.59422,2.590139,0.269528,0.269104,2.76743,0.938329,0.232358
H2_512C_quantized_resblocks_range_3_8,908-157963-0024.wav,generated_audios/generated_H2_512C_int8/908-157963-0024_generated.wav,3.44,0.878366,0.875284,0.255339,0.254443,2.402906,0.951322,0.242012
H2_512C_quantized_resblocks_range_3_8,908-157963-0025.wav,generated_audios/generated_H2_512C_int8/908-157963-0025_generated.wav,9.265034,2.484264,2.48056,0.268133,0.267733,2.503778,0.94945,0.237432
H2_512C_quantized_resblocks_range_3_8,908-157963-0026.wav,generated_audios/generated_H2_512C_int8/908-157963-0026_generated.wav,8.1,2.159433,2.155445,0.266597,0.266104,2.829079,0.950355,0.230224
H2_512C_quantized_resblocks_range_3_8,908-157963-0027.wav,generated_audios/generated_H2_512C_int8/908-157963-0027_generated.wav,5.225034,0.789087,0.785522,0.151021,0.150338,2.703887,0.917946,0.246284
H2_512C_quantized_resblocks_range_3_8,908-157963-0028.wav,generated_audios/generated_H2_512C_int8/908-157963-0028_generated.wav,4.955011,0.725524,0.722021,0.146422,0.145715,2.909175,0.970224,0.230942
H2_512C_quantized_resblocks_range_3_8,908-157963-0029.wav,generated_audios/generated_H2_512C_int8/908-157963-0029_generated.wav,3.630023,0.918285,0.914943,0.252969,0.252049,2.970729,0.977961,0.23121
H2_512C_quantized_resblocks_range_3_8,908-157963-0030.wav,generated_audios/generated_H2_512C_int8/908-157963-0030_generated.wav,4.52,0.650187,0.646809,0.143847,0.143099,2.901667,0.971493,0.239082
H2_512C_quantized_resblocks_range_3_8,908-31957-0000.wav,generated_audios/generated_H2_512C_int8/908-31957-0000_generated.wav,2.125034,0.533498,0.53034,0.251054,0.249568,2.874468,0.93541,0.258801
H2_512C_quantized_resblocks_range_3_8,908-31957-0001.wav,generated_audios/generated_H2_512C_int8/908-31957-0001_generated.wav,11.315011,3.066569,3.06236,0.271018,0.270646,2.579497,0.943474,0.248078
H2_512C_quantized_resblocks_range_3_8,908-31957-0002.wav,generated_audios/generated_H2_512C_int8/908-31957-0002_generated.wav,4.790023,0.727597,0.724159,0.151898,0.151181,2.537376,0.946534,0.251443
H2_512C_quantized_resblocks_range_3_8,908-31957-0003.wav,generated_audios/generated_H2_512C_int8/908-31957-0003_generated.wav,6.565034,1.001716,0.997913,0.152584,0.152004,2.861022,0.959382,0.24192
H2_512C_quantized_resblocks_range_3_8,908-31957-0004.wav,generated_audios/generated_H2_512C_int8/908-31957-0004_generated.wav,14.755011,4.279807,4.275213,0.290058,0.289747,2.938304,0.96064,0.241696
H2_512C_quantized_resblocks_range_3_8,908-31957-0005.wav,generated_audios/generated_H2_512C_int8/908-31957-0005_generated.wav,4.490023,0.66945,0.666065,0.149097,0.148343,2.650141,0.948944,0.255305
H2_512C_quantized_resblocks_range_3_8,908-31957-0006.wav,generated_audios/generated_H2_512C_int8/908-31957-0006_generated.wav,5.890023,1.529044,1.525463,0.259599,0.258991,2.836591,0.948202,0.251657
H2_512C_quantized_resblocks_range_3_8,908-31957-0007.wav,generated_audios/generated_H2_512C_int8/908-31957-0007_generated.wav,5.8,0.882165,0.878687,0.152097,0.151498,2.947532,0.955693,0.244672
H2_512C_quantized_resblocks_range_3_8,908-31957-0008.wav,generated_audios/generated_H2_512C_int8/908-31957-0008_generated.wav,10.005034,2.67619,2.672181,0.267484,0.267084,2.838734,0.959671,0.241488
H2_512C_quantized_resblocks_range_3_8,908-31957-0009.wav,generated_audios/generated_H2_512C_int8/908-31957-0009_generated.wav,7.705034,2.032614,2.029192,0.263803,0.263359,2.761557,0.953294,0.248376
H2_512C_quantized_resblocks_range_3_8,908-31957-0010.wav,generated_audios/generated_H2_512C_int8/908-31957-0010_generated.wav,2.510023,0.617803,0.614583,0.246134,0.244852,2.775713,0.913836,0.253069
H2_512C_quantized_resblocks_range_3_8,908-31957-0011.wav,generated_audios/generated_H2_512C_int8/908-31957-0011_generated.wav,2.335011,0.34776,0.344624,0.148933,0.14759,2.922179,0.932435,0.237195
H2_512C_quantized_resblocks_range_3_8,908-31957-0012.wav,generated_audios/generated_H2_512C_int8/908-31957-0012_generated.wav,7.615011,2.011791,2.007696,0.264187,0.26365,2.771935,0.950837,0.250163
H2_512C_quantized_resblocks_range_3_8,908-31957-0013.wav,generated_audios/generated_H2_512C_int8/908-31957-0013_generated.wav,6.18,1.642929,1.639369,0.265846,0.26527,3.028492,0.950802,0.246506
H2_512C_quantized_resblocks_range_3_8,908-31957-0014.wav,generated_audios/generated_H2_512C_int8/908-31957-0014_generated.wav,7.56,1.993797,1.989923,0.26373,0.263217,2.555482,0.948121,0.249836
H2_512C_quantized_resblocks_range_3_8,908-31957-0015.wav,generated_audios/generated_H2_512C_int8/908-31957-0015_generated.wav,21.465034,7.452563,7.446855,0.347196,0.34693,2.862096,0.95019,0.248061
H2_512C_quantized_resblocks_range_3_8,908-31957-0016.wav,generated_audios/generated_H2_512C_int8/908-31957-0016_generated.wav,6.48,1.751497,1.748198,0.270293,0.269784,3.034548,0.951735,0.243644
H2_512C_quantized_resblocks_range_3_8,908-31957-0017.wav,generated_audios/generated_H2_512C_int8/908-31957-0017_generated.wav,7.795011,2.244067,2.240356,0.287885,0.287409,2.718836,0.95721,0.244666
H2_512C_quantized_resblocks_range_3_8,908-31957-0018.wav,generated_audios/generated_H2_512C_int8/908-31957-0018_generated.wav,3.915011,1.016999,1.013448,0.259769,0.258862,2.990711,0.939983,0.2503
H2_512C_quantized_resblocks_range_3_8,908-31957-0019.wav,generated_audios/generated_H2_512C_int8/908-31957-0019_generated.wav,9.54,2.742201,2.738118,0.287442,0.287014,2.900165,0.956697,0.243177
H2_512C_quantized_resblocks_range_3_8,908-31957-0020.wav,generated_audios/generated_H2_512C_int8/908-31957-0020_generated.wav,5.895011,0.879714,0.876456,0.14923,0.148678,2.684007,0.941182,0.253068
H2_512C_quantized_resblocks_range_3_8,908-31957-0021.wav,generated_audios/generated_H2_512C_int8/908-31957-0021_generated.wav,10.905034,3.116763,3.11253,0.28581,0.285421,2.712079,0.955437,0.243212
H2_512C_quantized_resblocks_range_3_8,908-31957-0022.wav,generated_audios/generated_H2_512C_int8/908-31957-0022_generated.wav,14.1,4.855231,4.850675,0.344343,0.344019,2.67004,0.955098,0.241399
H2_512C_quantized_resblocks_range_3_8,908-31957-0023.wav,generated_audios/generated_H2_512C_int8/908-31957-0023_generated.wav,8.515011,2.459404,2.455432,0.288832,0.288365,2.955569,0.958233,0.248133
H2_512C_quantized_resblocks_range_3_8,908-31957-0024.wav,generated_audios/generated_H2_512C_int8/908-31957-0024_generated.wav,7.54,2.103787,2.100121,0.279017,0.278531,2.933898,0.96307,0.245393
H2_512C_quantized_resblocks_range_3_8,908-31957-0025.wav,generated_audios/generated_H2_512C_int8/908-31957-0025_generated.wav,20.56,7.112716,7.10718,0.345949,0.34568,2.96463,0.955948,0.24807
