experiment_name,audio_file,generated_file,audio_duration,inference_time,generator_time,avg_rtf,avg_generator_rtf,pesq,stoi,mel_l1
H2_128C_quantized_all,1089-134686-0000.wav,generated_audios/generated_H2_128C_int8/1089-134686-0000_generated.wav,10.435011,0.275404,0.270891,0.026392,0.02596,1.113926,0.820133,1.641106
H2_128C_quantized_all,1089-134686-0001.wav,generated_audios/generated_H2_128C_int8/1089-134686-0001_generated.wav,3.275011,0.09325,0.0899,0.028473,0.02745,1.077123,0.777155,1.845023
H2_128C_quantized_all,1089-134686-0002.wav,generated_audios/generated_H2_128C_int8/1089-134686-0002_generated.wav,6.625034,0.170067,0.166445,0.02567,0.025124,1.117863,0.806879,1.680807
H2_128C_quantized_all,1089-134686-0003.wav,generated_audios/generated_H2_128C_int8/1089-134686-0003_generated.wav,2.68,0.078251,0.075021,0.029198,0.027993,1.1453,0.829345,1.766972
H2_128C_quantized_all,1089-134686-0004.wav,generated_audios/generated_H2_128C_int8/1089-134686-0004_generated.wav,5.215102,0.139361,0.135979,0.026723,0.026074,1.146575,0.879891,1.621915
H2_128C_quantized_all,1089-134686-0005.wav,generated_audios/generated_H2_128C_int8/1089-134686-0005_generated.wav,9.635011,0.24218,0.23868,0.025135,0.024772,1.071958,0.770375,1.811912
H2_128C_quantized_all,1089-134686-0006.wav,generated_audios/generated_H2_128C_int8/1089-134686-0006_generated.wav,10.555011,0.260386,0.255783,0.024669,0.024233,1.120622,0.802654,1.723931
H2_128C_quantized_all,1089-134686-0007.wav,generated_audios/generated_H2_128C_int8/1089-134686-0007_generated.wav,4.275011,0.116843,0.113045,0.027332,0.026443,1.074849,0.790015,1.905082
H2_128C_quantized_all,1089-134686-0008.wav,generated_audios/generated_H2_128C_int8/1089-134686-0008_generated.wav,6.730023,0.173347,0.169534,0.025757,0.025191,1.078261,0.798622,1.764637
H2_128C_quantized_all,1089-134686-0009.wav,generated_audios/generated_H2_128C_int8/1089-134686-0009_generated.wav,10.575011,0.261885,0.257625,0.024765,0.024362,1.120794,0.848177,1.777874
H2_128C_quantized_all,1089-134686-0010.wav,generated_audios/generated_H2_128C_int8/1089-134686-0010_generated.wav,4.405034,0.118897,0.116684,0.026991,0.026489,1.231708,0.859731,1.445988
H2_128C_quantized_all,1089-134686-0011.wav,generated_audios/generated_H2_128C_int8/1089-134686-0011_generated.wav,12.445034,0.312037,0.307621,0.025073,0.024718,1.08926,0.814071,1.646756
H2_128C_quantized_all,1089-134686-0012.wav,generated_audios/generated_H2_128C_int8/1089-134686-0012_generated.wav,11.64,0.28906,0.284624,0.024833,0.024452,1.114364,0.79331,1.767247
H2_128C_quantized_all,1089-134686-0013.wav,generated_audios/generated_H2_128C_int8/1089-134686-0013_generated.wav,7.915011,0.200487,0.19651,0.02533,0.024828,1.092413,0.81064,1.740977
H2_128C_quantized_all,1089-134686-0014.wav,generated_audios/generated_H2_128C_int8/1089-134686-0014_generated.wav,2.225034,0.069032,0.065884,0.031025,0.02961,1.210266,0.842481,1.734662
H2_128C_quantized_all,1089-134686-0015.wav,generated_audios/generated_H2_128C_int8/1089-134686-0015_generated.wav,5.815011,0.151971,0.149131,0.026134,0.025646,1.144753,0.81011,1.900967
H2_128C_quantized_all,1089-134686-0016.wav,generated_audios/generated_H2_128C_int8/1089-134686-0016_generated.wav,3.54,0.097914,0.09463,0.027659,0.026732,1.111068,0.831004,1.698505
H2_128C_quantized_all,1089-134686-0017.wav,generated_audios/generated_H2_128C_int8/1089-134686-0017_generated.wav,8.870023,0.223728,0.219825,0.025223,0.024783,1.092433,0.833732,1.631659
H2_128C_quantized_all,1089-134686-0018.wav,generated_audios/generated_H2_128C_int8/1089-134686-0018_generated.wav,15.72,0.38868,0.38398,0.024725,0.024426,1.086099,0.808947,1.732679
H2_128C_quantized_all,1089-134686-0019.wav,generated_audios/generated_H2_128C_int8/1089-134686-0019_generated.wav,13.895011,0.350827,0.34606,0.025248,0.024905,1.086101,0.819284,1.653701
H2_128C_quantized_all,1089-134686-0020.wav,generated_audios/generated_H2_128C_int8/1089-134686-0020_generated.wav,16.790023,0.414555,0.409175,0.024691,0.02437,1.102285,0.806698,1.717934
H2_128C_quantized_all,1089-134686-0021.wav,generated_audios/generated_H2_128C_int8/1089-134686-0021_generated.wav,6.550023,0.170336,0.166876,0.026005,0.025477,1.100784,0.818031,1.750725
H2_128C_quantized_all,1089-134686-0022.wav,generated_audios/generated_H2_128C_int8/1089-134686-0022_generated.wav,11.175011,0.276813,0.27259,0.024771,0.024393,1.132296,0.817101,1.623719
H2_128C_quantized_all,1089-134686-0023.wav,generated_audios/generated_H2_128C_int8/1089-134686-0023_generated.wav,13.275011,0.323888,0.31955,0.024398,0.024072,1.082027,0.810941,1.724966
H2_128C_quantized_all,1089-134686-0024.wav,generated_audios/generated_H2_128C_int8/1089-134686-0024_generated.wav,11.655011,0.285825,0.28145,0.024524,0.024148,1.083495,0.803513,1.64339
H2_128C_quantized_all,1089-134686-0025.wav,generated_audios/generated_H2_128C_int8/1089-134686-0025_generated.wav,6.610023,0.167046,0.16345,0.025272,0.024728,1.088074,0.831981,1.745314
H2_128C_quantized_all,1089-134686-0026.wav,generated_audios/generated_H2_128C_int8/1089-134686-0026_generated.wav,4.010023,0.110511,0.107133,0.027559,0.026716,1.120549,0.807782,1.752309
H2_128C_quantized_all,1089-134686-0027.wav,generated_audios/generated_H2_128C_int8/1089-134686-0027_generated.wav,2.710023,0.080508,0.077514,0.029707,0.028603,1.159569,0.850824,1.568409
H2_128C_quantized_all,1089-134686-0028.wav,generated_audios/generated_H2_128C_int8/1089-134686-0028_generated.wav,7.830023,0.200315,0.196513,0.025583,0.025097,1.144081,0.82459,1.497387
H2_128C_quantized_all,1089-134686-0029.wav,generated_audios/generated_H2_128C_int8/1089-134686-0029_generated.wav,4.670023,0.126706,0.122973,0.027132,0.026332,1.156422,0.825491,1.649795
H2_128C_quantized_all,1089-134686-0030.wav,generated_audios/generated_H2_128C_int8/1089-134686-0030_generated.wav,2.715011,0.082316,0.078819,0.030319,0.029031,1.155439,0.856757,1.451425
H2_128C_quantized_all,1089-134686-0031.wav,generated_audios/generated_H2_128C_int8/1089-134686-0031_generated.wav,6.615011,0.169788,0.165903,0.025667,0.02508,1.107223,0.77409,1.784225
H2_128C_quantized_all,121-121726-0000.wav,generated_audios/generated_H2_128C_int8/121-121726-0000_generated.wav,8.46,0.210118,0.206566,0.024837,0.024417,1.083758,0.822864,1.88575
H2_128C_quantized_all,121-121726-0001.wav,generated_audios/generated_H2_128C_int8/121-121726-0001_generated.wav,5.925034,0.154777,0.151201,0.026122,0.025519,1.143089,0.83992,2.561937
H2_128C_quantized_all,121-121726-0002.wav,generated_audios/generated_H2_128C_int8/121-121726-0002_generated.wav,4.410023,0.119807,0.116919,0.027167,0.026512,1.166441,0.811978,2.450186
H2_128C_quantized_all,121-121726-0003.wav,generated_audios/generated_H2_128C_int8/121-121726-0003_generated.wav,6.755011,0.173104,0.169316,0.025626,0.025065,1.151242,0.849524,2.283793
H2_128C_quantized_all,121-121726-0004.wav,generated_audios/generated_H2_128C_int8/121-121726-0004_generated.wav,4.02,0.109719,0.10629,0.027293,0.02644,1.077816,0.862906,2.820154
H2_128C_quantized_all,121-121726-0005.wav,generated_audios/generated_H2_128C_int8/121-121726-0005_generated.wav,3.1,0.08833,0.085026,0.028494,0.027428,1.188396,0.906066,3.590042
H2_128C_quantized_all,121-121726-0006.wav,generated_audios/generated_H2_128C_int8/121-121726-0006_generated.wav,3.895011,0.106468,0.103118,0.027334,0.026474,1.227004,0.829313,2.581483
H2_128C_quantized_all,121-121726-0007.wav,generated_audios/generated_H2_128C_int8/121-121726-0007_generated.wav,6.730023,0.172966,0.169303,0.025701,0.025156,1.080108,0.850512,2.494756
H2_128C_quantized_all,121-121726-0008.wav,generated_audios/generated_H2_128C_int8/121-121726-0008_generated.wav,4.990023,0.132004,0.128947,0.026454,0.025841,1.152398,0.861471,3.00338
H2_128C_quantized_all,121-121726-0009.wav,generated_audios/generated_H2_128C_int8/121-121726-0009_generated.wav,7.26,0.183667,0.18032,0.025298,0.024837,1.083314,0.847542,2.341473
H2_128C_quantized_all,121-121726-0010.wav,generated_audios/generated_H2_128C_int8/121-121726-0010_generated.wav,9.810023,0.243017,0.239488,0.024772,0.024413,1.080264,0.816098,2.328455
H2_128C_quantized_all,121-121726-0011.wav,generated_audios/generated_H2_128C_int8/121-121726-0011_generated.wav,4.035011,0.10904,0.105606,0.027024,0.026172,1.153448,0.874418,2.715904
H2_128C_quantized_all,121-121726-0012.wav,generated_audios/generated_H2_128C_int8/121-121726-0012_generated.wav,4.045034,0.107456,0.105531,0.026565,0.026089,1.132177,0.868864,2.127069
H2_128C_quantized_all,121-121726-0013.wav,generated_audios/generated_H2_128C_int8/121-121726-0013_generated.wav,2.490023,0.074498,0.071422,0.029919,0.028683,1.096287,0.813639,2.555505
H2_128C_quantized_all,121-121726-0014.wav,generated_audios/generated_H2_128C_int8/121-121726-0014_generated.wav,3.165034,0.08855,0.08535,0.027977,0.026967,1.270949,0.859157,2.844012
H2_128C_quantized_all,121-123852-0000.wav,generated_audios/generated_H2_128C_int8/121-123852-0000_generated.wav,17.695011,0.4345,0.430455,0.024555,0.024326,1.105339,0.840025,2.301771
H2_128C_quantized_all,121-123852-0001.wav,generated_audios/generated_H2_128C_int8/121-123852-0001_generated.wav,1.870023,0.060698,0.057128,0.032459,0.030549,1.073954,0.640008,3.31576
H2_128C_quantized_all,121-123852-0002.wav,generated_audios/generated_H2_128C_int8/121-123852-0002_generated.wav,17.285034,0.427638,0.422625,0.02474,0.02445,1.080414,0.798633,1.936066
H2_128C_quantized_all,121-123852-0003.wav,generated_audios/generated_H2_128C_int8/121-123852-0003_generated.wav,23.505034,0.571352,0.565559,0.024308,0.024061,1.059909,0.77966,2.021467
H2_128C_quantized_all,121-123852-0004.wav,generated_audios/generated_H2_128C_int8/121-123852-0004_generated.wav,16.290023,0.399308,0.395037,0.024512,0.02425,1.115253,0.819907,1.895919
H2_128C_quantized_all,121-123859-0000.wav,generated_audios/generated_H2_128C_int8/121-123859-0000_generated.wav,17.390023,0.426597,0.421878,0.024531,0.02426,1.051518,0.781137,2.040686
H2_128C_quantized_all,121-123859-0001.wav,generated_audios/generated_H2_128C_int8/121-123859-0001_generated.wav,25.395011,0.616267,0.610076,0.024267,0.024023,1.095953,0.823405,1.999396
H2_128C_quantized_all,121-123859-0002.wav,generated_audios/generated_H2_128C_int8/121-123859-0002_generated.wav,30.04,0.741711,0.735397,0.024691,0.024481,1.081101,0.806114,1.947788
H2_128C_quantized_all,121-123859-0003.wav,generated_audios/generated_H2_128C_int8/121-123859-0003_generated.wav,10.825034,0.268664,0.265153,0.024819,0.024494,1.109813,0.833355,2.545825
H2_128C_quantized_all,121-123859-0004.wav,generated_audios/generated_H2_128C_int8/121-123859-0004_generated.wav,9.505034,0.240649,0.236388,0.025318,0.02487,1.064792,0.789837,2.186607
H2_128C_quantized_all,121-127105-0000.wav,generated_audios/generated_H2_128C_int8/121-127105-0000_generated.wav,9.875011,0.249429,0.245512,0.025259,0.024862,1.078732,0.804051,1.834619
H2_128C_quantized_all,121-127105-0001.wav,generated_audios/generated_H2_128C_int8/121-127105-0001_generated.wav,5.025034,0.137363,0.133731,0.027336,0.026613,1.077008,0.812602,1.507603
H2_128C_quantized_all,121-127105-0002.wav,generated_audios/generated_H2_128C_int8/121-127105-0002_generated.wav,7.495011,0.198921,0.194914,0.02654,0.026006,1.085585,0.806716,1.722124
H2_128C_quantized_all,121-127105-0003.wav,generated_audios/generated_H2_128C_int8/121-127105-0003_generated.wav,7.725034,0.193162,0.189903,0.025005,0.024583,1.111521,0.844096,1.902633
H2_128C_quantized_all,121-127105-0004.wav,generated_audios/generated_H2_128C_int8/121-127105-0004_generated.wav,2.110023,0.066791,0.063606,0.031654,0.030145,1.046033,0.845676,2.88999
H2_128C_quantized_all,121-127105-0005.wav,generated_audios/generated_H2_128C_int8/121-127105-0005_generated.wav,5.82,0.150116,0.146896,0.025793,0.02524,1.088221,0.830088,1.806163
H2_128C_quantized_all,121-127105-0006.wav,generated_audios/generated_H2_128C_int8/121-127105-0006_generated.wav,4.725034,0.12592,0.122921,0.026649,0.026015,1.058299,0.819822,1.967835
H2_128C_quantized_all,121-127105-0007.wav,generated_audios/generated_H2_128C_int8/121-127105-0007_generated.wav,5.790023,0.151709,0.148082,0.026202,0.025575,1.082437,0.835962,1.802266
H2_128C_quantized_all,121-127105-0008.wav,generated_audios/generated_H2_128C_int8/121-127105-0008_generated.wav,2.76,0.082702,0.079524,0.029964,0.028813,1.096675,0.80245,2.102001
H2_128C_quantized_all,121-127105-0009.wav,generated_audios/generated_H2_128C_int8/121-127105-0009_generated.wav,2.290023,0.069613,0.067153,0.030398,0.029324,1.071283,0.8085,1.683479
H2_128C_quantized_all,121-127105-0010.wav,generated_audios/generated_H2_128C_int8/121-127105-0010_generated.wav,2.850023,0.084082,0.081027,0.029502,0.02843,1.079494,0.792178,1.653375
H2_128C_quantized_all,121-127105-0011.wav,generated_audios/generated_H2_128C_int8/121-127105-0011_generated.wav,5.78,0.152625,0.149418,0.026406,0.025851,1.071119,0.77159,1.525645
H2_128C_quantized_all,121-127105-0012.wav,generated_audios/generated_H2_128C_int8/121-127105-0012_generated.wav,4.830023,0.136815,0.133346,0.028326,0.027608,1.045905,0.790764,1.563219
H2_128C_quantized_all,121-127105-0013.wav,generated_audios/generated_H2_128C_int8/121-127105-0013_generated.wav,5.895011,0.158973,0.155329,0.026967,0.026349,1.089457,0.817367,1.781804
H2_128C_quantized_all,121-127105-0014.wav,generated_audios/generated_H2_128C_int8/121-127105-0014_generated.wav,2.255011,0.070023,0.06697,0.031052,0.029698,1.13286,0.745834,2.38046
H2_128C_quantized_all,121-127105-0015.wav,generated_audios/generated_H2_128C_int8/121-127105-0015_generated.wav,2.96,0.089825,0.086404,0.030346,0.029191,1.092423,0.819887,1.696901
H2_128C_quantized_all,121-127105-0016.wav,generated_audios/generated_H2_128C_int8/121-127105-0016_generated.wav,2.030023,0.063623,0.060446,0.031341,0.029776,1.089261,0.814908,1.629018
H2_128C_quantized_all,121-127105-0017.wav,generated_audios/generated_H2_128C_int8/121-127105-0017_generated.wav,2.695011,0.081716,0.078412,0.030321,0.029095,1.080909,0.827291,1.451866
H2_128C_quantized_all,121-127105-0018.wav,generated_audios/generated_H2_128C_int8/121-127105-0018_generated.wav,2.770023,0.084789,0.081628,0.030609,0.029468,1.078332,0.788491,1.667337
H2_128C_quantized_all,121-127105-0019.wav,generated_audios/generated_H2_128C_int8/121-127105-0019_generated.wav,3.525034,0.105275,0.101852,0.029865,0.028894,1.057878,0.774046,1.85183
H2_128C_quantized_all,121-127105-0020.wav,generated_audios/generated_H2_128C_int8/121-127105-0020_generated.wav,14.355011,0.37192,0.366966,0.025909,0.025564,1.077275,0.817886,1.554419
H2_128C_quantized_all,121-127105-0021.wav,generated_audios/generated_H2_128C_int8/121-127105-0021_generated.wav,2.0,0.066946,0.063499,0.033473,0.031749,1.082096,0.832615,1.772939
H2_128C_quantized_all,121-127105-0022.wav,generated_audios/generated_H2_128C_int8/121-127105-0022_generated.wav,5.075011,0.145598,0.141997,0.028689,0.02798,1.147833,0.83565,2.199638
H2_128C_quantized_all,121-127105-0023.wav,generated_audios/generated_H2_128C_int8/121-127105-0023_generated.wav,10.910023,0.283729,0.280095,0.026006,0.025673,1.096902,0.832499,1.559073
H2_128C_quantized_all,121-127105-0024.wav,generated_audios/generated_H2_128C_int8/121-127105-0024_generated.wav,14.450023,0.366333,0.362331,0.025352,0.025075,1.086648,0.817162,1.639634
H2_128C_quantized_all,121-127105-0025.wav,generated_audios/generated_H2_128C_int8/121-127105-0025_generated.wav,16.065034,0.413664,0.409042,0.025749,0.025462,1.089776,0.827494,1.606605
H2_128C_quantized_all,121-127105-0026.wav,generated_audios/generated_H2_128C_int8/121-127105-0026_generated.wav,7.530023,0.201826,0.197672,0.026803,0.026251,1.092543,0.840097,1.557546
H2_128C_quantized_all,121-127105-0027.wav,generated_audios/generated_H2_128C_int8/121-127105-0027_generated.wav,13.870023,0.365227,0.360518,0.026332,0.025993,1.107187,0.835114,1.738677
H2_128C_quantized_all,121-127105-0028.wav,generated_audios/generated_H2_128C_int8/121-127105-0028_generated.wav,6.750023,0.18203,0.178014,0.026967,0.026372,1.123461,0.839098,1.850997
H2_128C_quantized_all,121-127105-0029.wav,generated_audios/generated_H2_128C_int8/121-127105-0029_generated.wav,7.310023,0.19951,0.19574,0.027293,0.026777,1.092127,0.824938,1.88341
H2_128C_quantized_all,121-127105-0030.wav,generated_audios/generated_H2_128C_int8/121-127105-0030_generated.wav,2.175011,0.07283,0.069387,0.033485,0.031902,1.053492,0.821371,1.950756
H2_128C_quantized_all,121-127105-0031.wav,generated_audios/generated_H2_128C_int8/121-127105-0031_generated.wav,10.765034,0.28624,0.28237,0.02659,0.02623,1.09336,0.757325,2.243548
H2_128C_quantized_all,121-127105-0032.wav,generated_audios/generated_H2_128C_int8/121-127105-0032_generated.wav,3.170023,0.094322,0.091003,0.029754,0.028707,1.08073,0.84495,1.842239
H2_128C_quantized_all,121-127105-0033.wav,generated_audios/generated_H2_128C_int8/121-127105-0033_generated.wav,2.355011,0.07207,0.068822,0.030603,0.029223,1.072181,0.803969,2.31321
H2_128C_quantized_all,121-127105-0034.wav,generated_audios/generated_H2_128C_int8/121-127105-0034_generated.wav,7.410023,0.199181,0.195405,0.02688,0.02637,1.094441,0.813351,2.299973
H2_128C_quantized_all,121-127105-0035.wav,generated_audios/generated_H2_128C_int8/121-127105-0035_generated.wav,14.150023,0.370351,0.366361,0.026173,0.025891,1.104032,0.798296,2.56303
H2_128C_quantized_all,121-127105-0036.wav,generated_audios/generated_H2_128C_int8/121-127105-0036_generated.wav,4.150023,0.120157,0.116454,0.028953,0.028061,1.143196,0.774689,2.412674
H2_128C_quantized_all,237-126133-0000.wav,generated_audios/generated_H2_128C_int8/237-126133-0000_generated.wav,13.290023,0.350319,0.345806,0.02636,0.02602,1.060938,0.784087,1.743831
H2_128C_quantized_all,237-126133-0001.wav,generated_audios/generated_H2_128C_int8/237-126133-0001_generated.wav,11.965034,0.314322,0.309839,0.02627,0.025895,1.057842,0.76128,1.759091
H2_128C_quantized_all,237-126133-0002.wav,generated_audios/generated_H2_128C_int8/237-126133-0002_generated.wav,8.92,0.255764,0.251384,0.028673,0.028182,1.042949,0.746232,1.943129
H2_128C_quantized_all,237-126133-0003.wav,generated_audios/generated_H2_128C_int8/237-126133-0003_generated.wav,6.56,0.177315,0.174145,0.02703,0.026547,1.042594,0.726178,1.837625
H2_128C_quantized_all,237-126133-0004.wav,generated_audios/generated_H2_128C_int8/237-126133-0004_generated.wav,3.295011,0.272857,0.27013,0.082809,0.081981,1.052324,0.74753,1.875128
H2_128C_quantized_all,237-126133-0005.wav,generated_audios/generated_H2_128C_int8/237-126133-0005_generated.wav,6.510023,0.175625,0.171857,0.026978,0.026399,1.070537,0.762085,1.796727
H2_128C_quantized_all,237-126133-0006.wav,generated_audios/generated_H2_128C_int8/237-126133-0006_generated.wav,6.150023,0.167722,0.164736,0.027272,0.026786,1.083783,0.781882,1.930056
H2_128C_quantized_all,237-126133-0007.wav,generated_audios/generated_H2_128C_int8/237-126133-0007_generated.wav,8.68,0.231286,0.227964,0.026646,0.026263,1.063509,0.761618,1.846996
H2_128C_quantized_all,237-126133-0008.wav,generated_audios/generated_H2_128C_int8/237-126133-0008_generated.wav,3.865034,0.111185,0.107615,0.028767,0.027843,1.047379,0.761267,1.875974
H2_128C_quantized_all,237-126133-0009.wav,generated_audios/generated_H2_128C_int8/237-126133-0009_generated.wav,3.970023,0.115556,0.112103,0.029107,0.028237,1.065418,0.774731,1.88961
H2_128C_quantized_all,237-126133-0010.wav,generated_audios/generated_H2_128C_int8/237-126133-0010_generated.wav,6.24,0.167027,0.163067,0.026767,0.026133,1.047543,0.69322,1.810033
H2_128C_quantized_all,237-126133-0011.wav,generated_audios/generated_H2_128C_int8/237-126133-0011_generated.wav,6.710023,0.176089,0.172553,0.026243,0.025716,1.094201,0.811644,1.848338
H2_128C_quantized_all,237-126133-0012.wav,generated_audios/generated_H2_128C_int8/237-126133-0012_generated.wav,4.450023,0.127271,0.12439,0.0286,0.027953,1.05999,0.721464,1.817554
H2_128C_quantized_all,237-126133-0013.wav,generated_audios/generated_H2_128C_int8/237-126133-0013_generated.wav,6.815011,0.185832,0.18182,0.027268,0.026679,1.058877,0.738481,1.943661
H2_128C_quantized_all,237-126133-0014.wav,generated_audios/generated_H2_128C_int8/237-126133-0014_generated.wav,6.790023,0.187423,0.183438,0.027603,0.027016,1.0606,0.748113,1.704439
H2_128C_quantized_all,237-126133-0015.wav,generated_audios/generated_H2_128C_int8/237-126133-0015_generated.wav,9.34,0.246051,0.241537,0.026344,0.025861,1.068032,0.771061,1.821038
H2_128C_quantized_all,237-126133-0016.wav,generated_audios/generated_H2_128C_int8/237-126133-0016_generated.wav,4.250023,0.122756,0.119962,0.028884,0.028226,1.094694,0.77129,1.837364
H2_128C_quantized_all,237-126133-0017.wav,generated_audios/generated_H2_128C_int8/237-126133-0017_generated.wav,6.210023,0.168238,0.164554,0.027091,0.026498,1.108292,0.829619,1.769593
H2_128C_quantized_all,237-126133-0018.wav,generated_audios/generated_H2_128C_int8/237-126133-0018_generated.wav,4.095011,0.120437,0.117716,0.029411,0.028746,1.072005,0.730613,2.003327
H2_128C_quantized_all,237-126133-0019.wav,generated_audios/generated_H2_128C_int8/237-126133-0019_generated.wav,7.12,0.191619,0.18769,0.026913,0.026361,1.051406,0.771185,1.812404
H2_128C_quantized_all,237-126133-0020.wav,generated_audios/generated_H2_128C_int8/237-126133-0020_generated.wav,2.24,0.075637,0.072396,0.033767,0.03232,1.073108,0.768789,1.79815
H2_128C_quantized_all,237-126133-0021.wav,generated_audios/generated_H2_128C_int8/237-126133-0021_generated.wav,4.365034,0.124812,0.121397,0.028594,0.027811,1.059578,0.748742,1.914717
H2_128C_quantized_all,237-126133-0022.wav,generated_audios/generated_H2_128C_int8/237-126133-0022_generated.wav,5.04,0.1516,0.148774,0.030079,0.029519,1.066301,0.779008,1.773552
H2_128C_quantized_all,237-126133-0023.wav,generated_audios/generated_H2_128C_int8/237-126133-0023_generated.wav,6.675011,0.180763,0.176886,0.027081,0.0265,1.05486,0.769753,1.774298
H2_128C_quantized_all,237-126133-0024.wav,generated_audios/generated_H2_128C_int8/237-126133-0024_generated.wav,9.665034,0.270669,0.267117,0.028005,0.027637,1.09429,0.797721,1.620027
H2_128C_quantized_all,237-126133-0025.wav,generated_audios/generated_H2_128C_int8/237-126133-0025_generated.wav,3.755011,0.106162,0.102611,0.028272,0.027326,1.074353,0.7936,1.751705
H2_128C_quantized_all,237-134493-0000.wav,generated_audios/generated_H2_128C_int8/237-134493-0000_generated.wav,4.105034,0.119023,0.115508,0.028994,0.028138,1.233858,0.857924,1.290996
H2_128C_quantized_all,237-134493-0001.wav,generated_audios/generated_H2_128C_int8/237-134493-0001_generated.wav,7.38,0.198257,0.195208,0.026864,0.026451,1.236387,0.875195,1.270765
H2_128C_quantized_all,237-134493-0002.wav,generated_audios/generated_H2_128C_int8/237-134493-0002_generated.wav,11.395011,0.305808,0.301867,0.026837,0.026491,1.264689,0.867623,1.338257
H2_128C_quantized_all,237-134493-0003.wav,generated_audios/generated_H2_128C_int8/237-134493-0003_generated.wav,12.765034,0.332041,0.327998,0.026012,0.025695,1.204281,0.875815,1.28273
H2_128C_quantized_all,237-134493-0004.wav,generated_audios/generated_H2_128C_int8/237-134493-0004_generated.wav,6.825034,0.186215,0.182956,0.027284,0.026807,1.298528,0.864866,1.241233
H2_128C_quantized_all,237-134493-0005.wav,generated_audios/generated_H2_128C_int8/237-134493-0005_generated.wav,10.945034,0.285743,0.282118,0.026107,0.025776,1.250955,0.862004,1.218627
H2_128C_quantized_all,237-134493-0006.wav,generated_audios/generated_H2_128C_int8/237-134493-0006_generated.wav,4.395011,0.123719,0.120032,0.02815,0.027311,1.403832,0.908285,1.122978
H2_128C_quantized_all,237-134493-0007.wav,generated_audios/generated_H2_128C_int8/237-134493-0007_generated.wav,2.035011,0.067554,0.064363,0.033196,0.031628,1.266984,0.849846,1.135516
H2_128C_quantized_all,237-134493-0008.wav,generated_audios/generated_H2_128C_int8/237-134493-0008_generated.wav,2.305034,0.073051,0.070163,0.031692,0.030439,1.21245,0.829254,1.389168
H2_128C_quantized_all,237-134493-0009.wav,generated_audios/generated_H2_128C_int8/237-134493-0009_generated.wav,2.975011,0.107831,0.104636,0.036245,0.035172,1.256012,0.883152,1.330526
H2_128C_quantized_all,237-134493-0010.wav,generated_audios/generated_H2_128C_int8/237-134493-0010_generated.wav,2.875011,0.087557,0.084141,0.030455,0.029266,1.189838,0.850121,1.242868
H2_128C_quantized_all,237-134493-0011.wav,generated_audios/generated_H2_128C_int8/237-134493-0011_generated.wav,5.035011,0.140967,0.137221,0.027997,0.027253,1.266417,0.878306,1.181995
H2_128C_quantized_all,237-134493-0012.wav,generated_audios/generated_H2_128C_int8/237-134493-0012_generated.wav,3.66,0.104418,0.101082,0.028529,0.027618,1.3073,0.88214,1.194678
H2_128C_quantized_all,237-134493-0013.wav,generated_audios/generated_H2_128C_int8/237-134493-0013_generated.wav,4.090023,0.119268,0.115793,0.029161,0.028311,1.349907,0.87523,1.189398
H2_128C_quantized_all,237-134493-0014.wav,generated_audios/generated_H2_128C_int8/237-134493-0014_generated.wav,3.7,0.107719,0.10456,0.029113,0.02826,1.322863,0.881086,1.224675
H2_128C_quantized_all,237-134493-0015.wav,generated_audios/generated_H2_128C_int8/237-134493-0015_generated.wav,6.550023,0.178227,0.174546,0.02721,0.026648,1.235577,0.87542,1.197856
H2_128C_quantized_all,237-134493-0016.wav,generated_audios/generated_H2_128C_int8/237-134493-0016_generated.wav,10.085034,0.264013,0.260741,0.026179,0.025854,1.334882,0.889523,1.171342
H2_128C_quantized_all,237-134493-0017.wav,generated_audios/generated_H2_128C_int8/237-134493-0017_generated.wav,9.105034,0.236714,0.233292,0.025998,0.025622,1.278986,0.883454,1.216007
H2_128C_quantized_all,237-134493-0018.wav,generated_audios/generated_H2_128C_int8/237-134493-0018_generated.wav,4.790023,0.130893,0.128151,0.027326,0.026754,1.324466,0.907314,1.213884
H2_128C_quantized_all,237-134500-0000.wav,generated_audios/generated_H2_128C_int8/237-134500-0000_generated.wav,6.130023,0.165383,0.161512,0.026979,0.026348,1.176682,0.859362,1.37581
H2_128C_quantized_all,237-134500-0001.wav,generated_audios/generated_H2_128C_int8/237-134500-0001_generated.wav,1.810023,0.061857,0.05873,0.034175,0.032447,1.238966,0.853518,1.431588
H2_128C_quantized_all,237-134500-0002.wav,generated_audios/generated_H2_128C_int8/237-134500-0002_generated.wav,5.070023,0.136607,0.134434,0.026944,0.026515,1.221487,0.888552,1.267829
H2_128C_quantized_all,237-134500-0003.wav,generated_audios/generated_H2_128C_int8/237-134500-0003_generated.wav,3.170023,0.093706,0.090414,0.02956,0.028522,1.128275,0.855894,1.387581
H2_128C_quantized_all,237-134500-0004.wav,generated_audios/generated_H2_128C_int8/237-134500-0004_generated.wav,2.225034,0.070004,0.066806,0.031462,0.030025,1.311764,0.887465,1.238858
H2_128C_quantized_all,237-134500-0005.wav,generated_audios/generated_H2_128C_int8/237-134500-0005_generated.wav,2.390023,0.07367,0.070384,0.030824,0.029449,1.211116,0.872091,1.268931
H2_128C_quantized_all,237-134500-0006.wav,generated_audios/generated_H2_128C_int8/237-134500-0006_generated.wav,4.225034,0.121636,0.118038,0.028789,0.027938,1.1811,0.872282,1.263867
H2_128C_quantized_all,237-134500-0007.wav,generated_audios/generated_H2_128C_int8/237-134500-0007_generated.wav,2.390023,0.077837,0.07461,0.032567,0.031217,1.142302,0.829176,1.391336
H2_128C_quantized_all,237-134500-0008.wav,generated_audios/generated_H2_128C_int8/237-134500-0008_generated.wav,3.76,0.109456,0.106051,0.029111,0.028205,1.207419,0.841146,1.355873
H2_128C_quantized_all,237-134500-0009.wav,generated_audios/generated_H2_128C_int8/237-134500-0009_generated.wav,2.22,0.070582,0.06756,0.031794,0.030433,1.096482,0.843759,1.334449
H2_128C_quantized_all,237-134500-0010.wav,generated_audios/generated_H2_128C_int8/237-134500-0010_generated.wav,3.995011,0.113494,0.110068,0.028409,0.027551,1.187428,0.860611,1.25671
H2_128C_quantized_all,237-134500-0011.wav,generated_audios/generated_H2_128C_int8/237-134500-0011_generated.wav,3.350023,0.099069,0.095586,0.029573,0.028533,1.243317,0.841316,1.252359
H2_128C_quantized_all,237-134500-0012.wav,generated_audios/generated_H2_128C_int8/237-134500-0012_generated.wav,10.935011,0.28975,0.285507,0.026497,0.026109,1.151436,0.853491,1.350884
H2_128C_quantized_all,237-134500-0013.wav,generated_audios/generated_H2_128C_int8/237-134500-0013_generated.wav,10.56,0.280799,0.276514,0.026591,0.026185,1.152725,0.867033,1.331664
H2_128C_quantized_all,237-134500-0014.wav,generated_audios/generated_H2_128C_int8/237-134500-0014_generated.wav,4.250023,0.119982,0.117093,0.028231,0.027551,1.18933,0.86335,1.323136
H2_128C_quantized_all,237-134500-0015.wav,generated_audios/generated_H2_128C_int8/237-134500-0015_generated.wav,10.815011,0.286718,0.282809,0.026511,0.02615,1.178303,0.875312,1.345764
H2_128C_quantized_all,237-134500-0016.wav,generated_audios/generated_H2_128C_int8/237-134500-0016_generated.wav,3.16,0.097721,0.094258,0.030924,0.029829,1.138257,0.765791,1.518553
H2_128C_quantized_all,237-134500-0017.wav,generated_audios/generated_H2_128C_int8/237-134500-0017_generated.wav,2.18,0.074999,0.071472,0.034403,0.032785,1.249021,0.882455,1.333846
H2_128C_quantized_all,237-134500-0018.wav,generated_audios/generated_H2_128C_int8/237-134500-0018_generated.wav,12.845034,0.339261,0.334681,0.026412,0.026055,1.171144,0.856711,1.431965
H2_128C_quantized_all,237-134500-0019.wav,generated_audios/generated_H2_128C_int8/237-134500-0019_generated.wav,2.86,0.083825,0.080477,0.029309,0.028139,1.116624,0.844386,1.431818
H2_128C_quantized_all,237-134500-0020.wav,generated_audios/generated_H2_128C_int8/237-134500-0020_generated.wav,2.18,0.06806,0.064951,0.03122,0.029794,1.276361,0.902847,1.583887
H2_128C_quantized_all,237-134500-0021.wav,generated_audios/generated_H2_128C_int8/237-134500-0021_generated.wav,5.12,0.136821,0.133412,0.026723,0.026057,1.133292,0.790688,1.382287
H2_128C_quantized_all,237-134500-0022.wav,generated_audios/generated_H2_128C_int8/237-134500-0022_generated.wav,5.165034,0.137638,0.134056,0.026648,0.025955,1.115902,0.823829,1.415723
H2_128C_quantized_all,237-134500-0023.wav,generated_audios/generated_H2_128C_int8/237-134500-0023_generated.wav,3.06,0.087921,0.084612,0.028732,0.027651,1.182271,0.852117,1.456841
H2_128C_quantized_all,237-134500-0024.wav,generated_audios/generated_H2_128C_int8/237-134500-0024_generated.wav,4.410023,0.121475,0.11793,0.027545,0.026741,1.221642,0.819809,1.461497
H2_128C_quantized_all,237-134500-0025.wav,generated_audios/generated_H2_128C_int8/237-134500-0025_generated.wav,1.630023,0.05451,0.051412,0.033441,0.031541,1.189287,0.802867,1.699273
H2_128C_quantized_all,237-134500-0026.wav,generated_audios/generated_H2_128C_int8/237-134500-0026_generated.wav,3.050023,0.088623,0.085457,0.029057,0.028018,1.212225,0.837933,1.39599
H2_128C_quantized_all,237-134500-0027.wav,generated_audios/generated_H2_128C_int8/237-134500-0027_generated.wav,3.270023,0.094149,0.090806,0.028792,0.027769,1.187641,0.82433,1.396837
H2_128C_quantized_all,237-134500-0028.wav,generated_audios/generated_H2_128C_int8/237-134500-0028_generated.wav,4.524943,0.127971,0.124462,0.028281,0.027506,1.152426,0.834139,1.461421
H2_128C_quantized_all,237-134500-0029.wav,generated_audios/generated_H2_128C_int8/237-134500-0029_generated.wav,2.065034,0.065556,0.062393,0.031746,0.030214,1.153714,0.876715,1.282214
H2_128C_quantized_all,237-134500-0030.wav,generated_audios/generated_H2_128C_int8/237-134500-0030_generated.wav,2.78,0.083034,0.079695,0.029869,0.028667,1.175536,0.865729,1.418805
H2_128C_quantized_all,237-134500-0031.wav,generated_audios/generated_H2_128C_int8/237-134500-0031_generated.wav,10.610023,0.281617,0.277438,0.026543,0.026149,1.242855,0.87488,1.356332
H2_128C_quantized_all,237-134500-0032.wav,generated_audios/generated_H2_128C_int8/237-134500-0032_generated.wav,5.025034,0.136532,0.132765,0.02717,0.026421,1.157686,0.861545,1.421015
H2_128C_quantized_all,237-134500-0033.wav,generated_audios/generated_H2_128C_int8/237-134500-0033_generated.wav,6.350023,0.171825,0.167914,0.027059,0.026443,1.173486,0.815598,1.413242
H2_128C_quantized_all,237-134500-0034.wav,generated_audios/generated_H2_128C_int8/237-134500-0034_generated.wav,3.075011,0.092523,0.089101,0.030089,0.028976,1.115466,0.83404,1.592972
H2_128C_quantized_all,237-134500-0035.wav,generated_audios/generated_H2_128C_int8/237-134500-0035_generated.wav,2.555011,0.078697,0.075354,0.030801,0.029492,1.130506,0.852453,1.518063
H2_128C_quantized_all,237-134500-0036.wav,generated_audios/generated_H2_128C_int8/237-134500-0036_generated.wav,6.6,0.179595,0.175746,0.027211,0.026628,1.162044,0.838001,1.493675
H2_128C_quantized_all,237-134500-0037.wav,generated_audios/generated_H2_128C_int8/237-134500-0037_generated.wav,7.105034,0.192891,0.189017,0.027149,0.026603,1.126948,0.813333,1.382199
H2_128C_quantized_all,237-134500-0038.wav,generated_audios/generated_H2_128C_int8/237-134500-0038_generated.wav,2.435011,0.076364,0.073879,0.031361,0.03034,1.080888,0.820087,1.341642
H2_128C_quantized_all,237-134500-0039.wav,generated_audios/generated_H2_128C_int8/237-134500-0039_generated.wav,4.630023,0.130066,0.12689,0.028092,0.027406,1.153899,0.809238,1.414926
H2_128C_quantized_all,237-134500-0040.wav,generated_audios/generated_H2_128C_int8/237-134500-0040_generated.wav,4.030023,0.115116,0.112425,0.028565,0.027897,1.143908,0.825307,1.355109
H2_128C_quantized_all,237-134500-0041.wav,generated_audios/generated_H2_128C_int8/237-134500-0041_generated.wav,8.92,0.266343,0.263038,0.029859,0.029489,1.156611,0.87364,1.473526
H2_128C_quantized_all,237-134500-0042.wav,generated_audios/generated_H2_128C_int8/237-134500-0042_generated.wav,2.575011,0.078359,0.075721,0.030431,0.029406,1.166499,0.774917,1.540167
H2_128C_quantized_all,260-123286-0000.wav,generated_audios/generated_H2_128C_int8/260-123286-0000_generated.wav,7.04,0.195773,0.19249,0.027809,0.027342,1.141134,0.823481,2.3371
H2_128C_quantized_all,260-123286-0001.wav,generated_audios/generated_H2_128C_int8/260-123286-0001_generated.wav,3.070023,0.094372,0.091555,0.03074,0.029822,1.077273,0.817725,2.204029
H2_128C_quantized_all,260-123286-0002.wav,generated_audios/generated_H2_128C_int8/260-123286-0002_generated.wav,9.985034,0.27292,0.269652,0.027333,0.027006,1.645148,0.919949,1.202534
H2_128C_quantized_all,260-123286-0003.wav,generated_audios/generated_H2_128C_int8/260-123286-0003_generated.wav,7.370023,0.196164,0.191852,0.026616,0.026031,1.631857,0.900157,1.349486
H2_128C_quantized_all,260-123286-0004.wav,generated_audios/generated_H2_128C_int8/260-123286-0004_generated.wav,3.465034,0.102997,0.099555,0.029725,0.028731,1.608012,0.909134,1.597616
H2_128C_quantized_all,260-123286-0005.wav,generated_audios/generated_H2_128C_int8/260-123286-0005_generated.wav,4.810023,0.134,0.13007,0.027859,0.027041,1.658474,0.897442,1.072603
H2_128C_quantized_all,260-123286-0006.wav,generated_audios/generated_H2_128C_int8/260-123286-0006_generated.wav,7.405034,0.196597,0.192636,0.026549,0.026014,1.680559,0.923561,0.991963
H2_128C_quantized_all,260-123286-0007.wav,generated_audios/generated_H2_128C_int8/260-123286-0007_generated.wav,4.550023,0.128481,0.12485,0.028237,0.027439,1.551376,0.913035,1.035302
H2_128C_quantized_all,260-123286-0008.wav,generated_audios/generated_H2_128C_int8/260-123286-0008_generated.wav,3.735011,0.108202,0.104626,0.02897,0.028012,1.575455,0.91358,1.168974
H2_128C_quantized_all,260-123286-0009.wav,generated_audios/generated_H2_128C_int8/260-123286-0009_generated.wav,5.795011,0.157536,0.153724,0.027185,0.026527,1.517082,0.910008,1.090244
H2_128C_quantized_all,260-123286-0010.wav,generated_audios/generated_H2_128C_int8/260-123286-0010_generated.wav,2.575011,0.079767,0.076472,0.030977,0.029698,1.682106,0.916766,1.51689
H2_128C_quantized_all,260-123286-0011.wav,generated_audios/generated_H2_128C_int8/260-123286-0011_generated.wav,4.255011,0.137589,0.118952,0.032336,0.027956,1.660769,0.907409,1.256826
H2_128C_quantized_all,260-123286-0012.wav,generated_audios/generated_H2_128C_int8/260-123286-0012_generated.wav,2.430023,0.076057,0.072807,0.031299,0.029961,1.696723,0.932383,1.386169
H2_128C_quantized_all,260-123286-0013.wav,generated_audios/generated_H2_128C_int8/260-123286-0013_generated.wav,4.730023,0.134954,0.131458,0.028531,0.027792,1.744925,0.910453,1.244194
H2_128C_quantized_all,260-123286-0014.wav,generated_audios/generated_H2_128C_int8/260-123286-0014_generated.wav,2.98,0.105055,0.101722,0.035253,0.034135,1.38842,0.895978,1.525444
H2_128C_quantized_all,260-123286-0015.wav,generated_audios/generated_H2_128C_int8/260-123286-0015_generated.wav,5.210023,0.153349,0.149831,0.029433,0.028758,1.565309,0.915779,1.409192
H2_128C_quantized_all,260-123286-0016.wav,generated_audios/generated_H2_128C_int8/260-123286-0016_generated.wav,7.0,0.185569,0.181632,0.02651,0.025947,1.61215,0.918772,1.028208
H2_128C_quantized_all,260-123286-0017.wav,generated_audios/generated_H2_128C_int8/260-123286-0017_generated.wav,3.975011,0.117156,0.113699,0.029473,0.028603,1.668109,0.914696,1.175745
H2_128C_quantized_all,260-123286-0018.wav,generated_audios/generated_H2_128C_int8/260-123286-0018_generated.wav,5.670023,0.156623,0.152876,0.027623,0.026962,1.637598,0.904286,0.946356
H2_128C_quantized_all,260-123286-0019.wav,generated_audios/generated_H2_128C_int8/260-123286-0019_generated.wav,11.905034,0.314183,0.309886,0.026391,0.02603,1.703983,0.918365,1.085887
H2_128C_quantized_all,260-123286-0020.wav,generated_audios/generated_H2_128C_int8/260-123286-0020_generated.wav,3.06,0.095656,0.092215,0.03126,0.030136,1.703121,0.932885,2.164065
H2_128C_quantized_all,260-123286-0021.wav,generated_audios/generated_H2_128C_int8/260-123286-0021_generated.wav,2.550023,0.078846,0.075519,0.03092,0.029615,1.678607,0.93509,1.528979
H2_128C_quantized_all,260-123286-0022.wav,generated_audios/generated_H2_128C_int8/260-123286-0022_generated.wav,3.235011,0.093289,0.089951,0.028837,0.027805,1.551404,0.924557,1.354955
H2_128C_quantized_all,260-123286-0023.wav,generated_audios/generated_H2_128C_int8/260-123286-0023_generated.wav,5.875011,0.159775,0.156114,0.027196,0.026573,1.645586,0.916578,0.846752
H2_128C_quantized_all,260-123286-0024.wav,generated_audios/generated_H2_128C_int8/260-123286-0024_generated.wav,3.04,0.089289,0.086041,0.029371,0.028303,1.8961,0.924763,1.116406
H2_128C_quantized_all,260-123286-0025.wav,generated_audios/generated_H2_128C_int8/260-123286-0025_generated.wav,9.205034,0.239548,0.236164,0.026024,0.025656,1.692846,0.905966,1.01324
H2_128C_quantized_all,260-123286-0026.wav,generated_audios/generated_H2_128C_int8/260-123286-0026_generated.wav,6.94,0.181138,0.177091,0.026101,0.025517,1.596304,0.90582,0.894879
H2_128C_quantized_all,260-123286-0027.wav,generated_audios/generated_H2_128C_int8/260-123286-0027_generated.wav,7.170023,0.190256,0.186307,0.026535,0.025984,1.637113,0.903056,0.766226
H2_128C_quantized_all,260-123286-0028.wav,generated_audios/generated_H2_128C_int8/260-123286-0028_generated.wav,7.465034,0.194859,0.190852,0.026103,0.025566,1.598347,0.894629,0.988056
H2_128C_quantized_all,260-123286-0029.wav,generated_audios/generated_H2_128C_int8/260-123286-0029_generated.wav,4.545034,0.12758,0.123776,0.02807,0.027233,1.548933,0.906683,1.107703
H2_128C_quantized_all,260-123286-0030.wav,generated_audios/generated_H2_128C_int8/260-123286-0030_generated.wav,7.530023,0.200846,0.196793,0.026673,0.026134,1.600095,0.909805,1.057655
H2_128C_quantized_all,260-123286-0031.wav,generated_audios/generated_H2_128C_int8/260-123286-0031_generated.wav,5.06,0.139662,0.136137,0.027601,0.026904,1.552334,0.918163,1.545759
H2_128C_quantized_all,260-123288-0000.wav,generated_audios/generated_H2_128C_int8/260-123288-0000_generated.wav,3.04,0.091222,0.087989,0.030007,0.028944,1.605598,0.902097,1.440337
H2_128C_quantized_all,260-123288-0001.wav,generated_audios/generated_H2_128C_int8/260-123288-0001_generated.wav,5.08,0.139581,0.135995,0.027477,0.026771,1.517,0.915739,1.821337
H2_128C_quantized_all,260-123288-0002.wav,generated_audios/generated_H2_128C_int8/260-123288-0002_generated.wav,7.250023,0.193016,0.188926,0.026623,0.026059,1.651808,0.906978,0.999134
H2_128C_quantized_all,260-123288-0003.wav,generated_audios/generated_H2_128C_int8/260-123288-0003_generated.wav,8.905034,0.240425,0.236383,0.026999,0.026545,1.570727,0.914014,1.011382
H2_128C_quantized_all,260-123288-0004.wav,generated_audios/generated_H2_128C_int8/260-123288-0004_generated.wav,4.310023,0.125843,0.12222,0.029198,0.028357,1.423787,0.882597,2.073407
H2_128C_quantized_all,260-123288-0005.wav,generated_audios/generated_H2_128C_int8/260-123288-0005_generated.wav,12.550023,0.326829,0.32234,0.026042,0.025684,1.514702,0.901202,1.043865
H2_128C_quantized_all,260-123288-0006.wav,generated_audios/generated_H2_128C_int8/260-123288-0006_generated.wav,4.88,0.136346,0.132777,0.02794,0.027208,1.555153,0.908998,1.270515
H2_128C_quantized_all,260-123288-0007.wav,generated_audios/generated_H2_128C_int8/260-123288-0007_generated.wav,11.2,0.289021,0.284552,0.025805,0.025406,1.605196,0.907439,0.985421
H2_128C_quantized_all,260-123288-0008.wav,generated_audios/generated_H2_128C_int8/260-123288-0008_generated.wav,5.515011,0.152628,0.148847,0.027675,0.026989,1.738481,0.921624,0.914876
H2_128C_quantized_all,260-123288-0009.wav,generated_audios/generated_H2_128C_int8/260-123288-0009_generated.wav,3.435011,0.101479,0.097917,0.029543,0.028506,1.654138,0.910679,1.215124
H2_128C_quantized_all,260-123288-0010.wav,generated_audios/generated_H2_128C_int8/260-123288-0010_generated.wav,9.995011,0.261064,0.256867,0.026119,0.0257,1.616192,0.907928,1.041755
H2_128C_quantized_all,260-123288-0011.wav,generated_audios/generated_H2_128C_int8/260-123288-0011_generated.wav,8.98,0.235448,0.231217,0.026219,0.025748,1.68755,0.909444,1.004897
H2_128C_quantized_all,260-123288-0012.wav,generated_audios/generated_H2_128C_int8/260-123288-0012_generated.wav,3.545034,0.105913,0.102493,0.029876,0.028912,1.600426,0.905971,1.373947
H2_128C_quantized_all,260-123288-0013.wav,generated_audios/generated_H2_128C_int8/260-123288-0013_generated.wav,11.385079,0.305488,0.301037,0.026832,0.026441,1.646895,0.909951,0.864728
H2_128C_quantized_all,260-123288-0014.wav,generated_audios/generated_H2_128C_int8/260-123288-0014_generated.wav,1.805034,0.06335,0.060707,0.035097,0.033632,1.616485,0.905623,1.270179
H2_128C_quantized_all,260-123288-0015.wav,generated_audios/generated_H2_128C_int8/260-123288-0015_generated.wav,21.185034,0.552782,0.547112,0.026093,0.025825,1.377172,0.906629,1.321635
H2_128C_quantized_all,260-123288-0016.wav,generated_audios/generated_H2_128C_int8/260-123288-0016_generated.wav,4.865034,0.131036,0.127444,0.026934,0.026196,1.426064,0.889511,1.48569
H2_128C_quantized_all,260-123288-0017.wav,generated_audios/generated_H2_128C_int8/260-123288-0017_generated.wav,5.225034,0.139174,0.135686,0.026636,0.025969,1.42761,0.923836,1.169487
H2_128C_quantized_all,260-123288-0018.wav,generated_audios/generated_H2_128C_int8/260-123288-0018_generated.wav,3.245034,0.091515,0.088175,0.028201,0.027172,1.56945,0.908899,1.035266
H2_128C_quantized_all,260-123288-0019.wav,generated_audios/generated_H2_128C_int8/260-123288-0019_generated.wav,2.955011,0.086346,0.082996,0.02922,0.028087,1.397468,0.913275,1.557585
H2_128C_quantized_all,260-123288-0020.wav,generated_audios/generated_H2_128C_int8/260-123288-0020_generated.wav,2.9,0.083651,0.080412,0.028845,0.027728,1.423956,0.911247,1.344292
H2_128C_quantized_all,260-123288-0021.wav,generated_audios/generated_H2_128C_int8/260-123288-0021_generated.wav,2.710023,0.079658,0.076495,0.029394,0.028227,1.477972,0.900763,1.339201
H2_128C_quantized_all,260-123288-0022.wav,generated_audios/generated_H2_128C_int8/260-123288-0022_generated.wav,3.705034,0.103347,0.100065,0.027894,0.027008,1.339684,0.888035,1.427635
H2_128C_quantized_all,260-123288-0023.wav,generated_audios/generated_H2_128C_int8/260-123288-0023_generated.wav,2.385034,0.075017,0.07191,0.031453,0.03015,1.303357,0.870397,1.797172
H2_128C_quantized_all,260-123288-0024.wav,generated_audios/generated_H2_128C_int8/260-123288-0024_generated.wav,14.595011,0.373381,0.368963,0.025583,0.02528,1.098756,0.825599,1.594066
H2_128C_quantized_all,260-123288-0025.wav,generated_audios/generated_H2_128C_int8/260-123288-0025_generated.wav,13.445034,0.349702,0.345699,0.02601,0.025712,1.127058,0.832223,1.715234
H2_128C_quantized_all,260-123288-0026.wav,generated_audios/generated_H2_128C_int8/260-123288-0026_generated.wav,16.04,0.413375,0.408603,0.025771,0.025474,1.098684,0.825566,1.631733
H2_128C_quantized_all,260-123288-0027.wav,generated_audios/generated_H2_128C_int8/260-123288-0027_generated.wav,6.305034,0.173341,0.169385,0.027492,0.026865,1.10636,0.831706,1.754841
H2_128C_quantized_all,260-123288-0028.wav,generated_audios/generated_H2_128C_int8/260-123288-0028_generated.wav,2.610023,0.082281,0.078846,0.031525,0.030209,1.120772,0.841685,2.11376
H2_128C_quantized_all,260-123440-0000.wav,generated_audios/generated_H2_128C_int8/260-123440-0000_generated.wav,2.165034,0.06999,0.066732,0.032328,0.030822,1.063481,0.795756,1.786002
H2_128C_quantized_all,260-123440-0001.wav,generated_audios/generated_H2_128C_int8/260-123440-0001_generated.wav,1.74,0.058534,0.055472,0.03364,0.03188,1.107682,0.840186,2.70731
H2_128C_quantized_all,260-123440-0002.wav,generated_audios/generated_H2_128C_int8/260-123440-0002_generated.wav,14.715011,0.386504,0.381336,0.026266,0.025915,1.113292,0.819559,1.70226
H2_128C_quantized_all,260-123440-0003.wav,generated_audios/generated_H2_128C_int8/260-123440-0003_generated.wav,3.585034,0.108187,0.104614,0.030178,0.029181,1.123603,0.830231,1.616166
H2_128C_quantized_all,260-123440-0004.wav,generated_audios/generated_H2_128C_int8/260-123440-0004_generated.wav,12.02,0.322062,0.317577,0.026794,0.026421,1.09992,0.809559,1.753048
H2_128C_quantized_all,260-123440-0005.wav,generated_audios/generated_H2_128C_int8/260-123440-0005_generated.wav,3.105034,0.098598,0.095155,0.031754,0.030645,1.10035,0.813804,1.538622
H2_128C_quantized_all,260-123440-0006.wav,generated_audios/generated_H2_128C_int8/260-123440-0006_generated.wav,2.715011,0.082004,0.078797,0.030204,0.029023,1.089352,0.791759,1.581065
H2_128C_quantized_all,260-123440-0007.wav,generated_audios/generated_H2_128C_int8/260-123440-0007_generated.wav,3.385034,0.107088,0.103481,0.031636,0.03057,1.082075,0.804952,1.818819
H2_128C_quantized_all,260-123440-0008.wav,generated_audios/generated_H2_128C_int8/260-123440-0008_generated.wav,3.745034,0.113123,0.109758,0.030206,0.029308,1.092796,0.807219,1.589021
H2_128C_quantized_all,260-123440-0009.wav,generated_audios/generated_H2_128C_int8/260-123440-0009_generated.wav,3.115011,0.090461,0.087025,0.02904,0.027937,1.117884,0.86917,1.912235
H2_128C_quantized_all,260-123440-0010.wav,generated_audios/generated_H2_128C_int8/260-123440-0010_generated.wav,8.315011,0.216848,0.212819,0.026079,0.025595,1.118089,0.794514,1.441156
H2_128C_quantized_all,260-123440-0011.wav,generated_audios/generated_H2_128C_int8/260-123440-0011_generated.wav,4.870023,0.135457,0.131723,0.027814,0.027048,1.119225,0.841083,1.602664
H2_128C_quantized_all,260-123440-0012.wav,generated_audios/generated_H2_128C_int8/260-123440-0012_generated.wav,5.245034,0.14295,0.139228,0.027254,0.026545,1.093582,0.828202,1.659967
H2_128C_quantized_all,260-123440-0013.wav,generated_audios/generated_H2_128C_int8/260-123440-0013_generated.wav,3.475011,0.102537,0.098732,0.029507,0.028412,1.102977,0.831678,1.729596
H2_128C_quantized_all,260-123440-0014.wav,generated_audios/generated_H2_128C_int8/260-123440-0014_generated.wav,3.815011,0.109299,0.105809,0.02865,0.027735,1.147092,0.853304,1.774646
H2_128C_quantized_all,260-123440-0015.wav,generated_audios/generated_H2_128C_int8/260-123440-0015_generated.wav,6.2,0.16685,0.163064,0.026911,0.026301,1.138809,0.839275,1.392632
H2_128C_quantized_all,260-123440-0016.wav,generated_audios/generated_H2_128C_int8/260-123440-0016_generated.wav,4.895011,0.137407,0.133696,0.028071,0.027313,1.120425,0.863631,1.410279
H2_128C_quantized_all,260-123440-0017.wav,generated_audios/generated_H2_128C_int8/260-123440-0017_generated.wav,3.070023,0.092027,0.088701,0.029976,0.028893,1.085095,0.795374,1.60424
H2_128C_quantized_all,260-123440-0018.wav,generated_audios/generated_H2_128C_int8/260-123440-0018_generated.wav,3.64,0.107269,0.103811,0.02947,0.02852,1.136828,0.860086,1.81443
H2_128C_quantized_all,260-123440-0019.wav,generated_audios/generated_H2_128C_int8/260-123440-0019_generated.wav,6.630023,0.181105,0.177056,0.027316,0.026705,1.106926,0.813432,1.502667
H2_128C_quantized_all,260-123440-0020.wav,generated_audios/generated_H2_128C_int8/260-123440-0020_generated.wav,4.995011,0.136538,0.132856,0.027335,0.026598,1.090727,0.821668,1.697218
H2_128C_quantized_all,61-70968-0000.wav,generated_audios/generated_H2_128C_int8/61-70968-0000_generated.wav,4.905034,0.133747,0.129808,0.027267,0.026464,1.068409,0.821623,1.378985
H2_128C_quantized_all,61-70968-0001.wav,generated_audios/generated_H2_128C_int8/61-70968-0001_generated.wav,3.610023,0.10465,0.101033,0.028989,0.027987,1.067598,0.780527,1.34026
H2_128C_quantized_all,61-70968-0002.wav,generated_audios/generated_H2_128C_int8/61-70968-0002_generated.wav,2.970023,0.090422,0.087038,0.030445,0.029305,1.088151,0.79596,1.347797
H2_128C_quantized_all,61-70968-0003.wav,generated_audios/generated_H2_128C_int8/61-70968-0003_generated.wav,4.315011,0.125162,0.121393,0.029006,0.028133,1.122705,0.820072,1.353271
H2_128C_quantized_all,61-70968-0004.wav,generated_audios/generated_H2_128C_int8/61-70968-0004_generated.wav,3.885034,0.111218,0.107779,0.028627,0.027742,1.128966,0.840441,1.34166
H2_128C_quantized_all,61-70968-0005.wav,generated_audios/generated_H2_128C_int8/61-70968-0005_generated.wav,5.070023,0.140929,0.137266,0.027796,0.027074,1.060009,0.752028,1.383846
H2_128C_quantized_all,61-70968-0006.wav,generated_audios/generated_H2_128C_int8/61-70968-0006_generated.wav,2.935011,0.088141,0.084856,0.030031,0.028912,1.12077,0.835731,1.349941
H2_128C_quantized_all,61-70968-0007.wav,generated_audios/generated_H2_128C_int8/61-70968-0007_generated.wav,3.550023,0.107895,0.104192,0.030393,0.02935,1.058822,0.675656,1.367323
H2_128C_quantized_all,61-70968-0008.wav,generated_audios/generated_H2_128C_int8/61-70968-0008_generated.wav,3.535011,0.106423,0.102731,0.030105,0.029061,1.066835,0.777266,1.295155
H2_128C_quantized_all,61-70968-0009.wav,generated_audios/generated_H2_128C_int8/61-70968-0009_generated.wav,4.510023,0.126587,0.123223,0.028068,0.027322,1.099164,0.751217,1.490792
H2_128C_quantized_all,61-70968-0010.wav,generated_audios/generated_H2_128C_int8/61-70968-0010_generated.wav,8.295011,0.216278,0.212203,0.026073,0.025582,1.086288,0.800924,1.385781
H2_128C_quantized_all,61-70968-0011.wav,generated_audios/generated_H2_128C_int8/61-70968-0011_generated.wav,6.375011,0.169166,0.165433,0.026536,0.02595,1.109891,0.817064,1.303106
H2_128C_quantized_all,61-70968-0012.wav,generated_audios/generated_H2_128C_int8/61-70968-0012_generated.wav,2.610023,0.080455,0.077499,0.030825,0.029693,1.253703,0.903804,1.183556
H2_128C_quantized_all,61-70968-0013.wav,generated_audios/generated_H2_128C_int8/61-70968-0013_generated.wav,4.450023,0.123995,0.120351,0.027864,0.027045,1.122585,0.81633,1.325804
H2_128C_quantized_all,61-70968-0014.wav,generated_audios/generated_H2_128C_int8/61-70968-0014_generated.wav,7.485034,0.198174,0.194317,0.026476,0.025961,1.0939,0.821117,1.380526
H2_128C_quantized_all,61-70968-0015.wav,generated_audios/generated_H2_128C_int8/61-70968-0015_generated.wav,5.375011,0.147861,0.144037,0.027509,0.026798,1.124063,0.827328,1.333722
H2_128C_quantized_all,61-70968-0016.wav,generated_audios/generated_H2_128C_int8/61-70968-0016_generated.wav,3.72,0.114867,0.111593,0.030878,0.029998,1.164179,0.853126,1.229065
H2_128C_quantized_all,61-70968-0017.wav,generated_audios/generated_H2_128C_int8/61-70968-0017_generated.wav,5.110023,0.14106,0.137339,0.027605,0.026876,1.126312,0.825748,1.309776
H2_128C_quantized_all,61-70968-0018.wav,generated_audios/generated_H2_128C_int8/61-70968-0018_generated.wav,2.405034,0.073481,0.069971,0.030553,0.029094,1.109604,0.849972,1.35568
H2_128C_quantized_all,61-70968-0019.wav,generated_audios/generated_H2_128C_int8/61-70968-0019_generated.wav,5.475011,0.149802,0.146153,0.027361,0.026695,1.117969,0.834985,1.339402
H2_128C_quantized_all,61-70968-0020.wav,generated_audios/generated_H2_128C_int8/61-70968-0020_generated.wav,5.105034,0.139492,0.135816,0.027324,0.026604,1.188436,0.821786,1.134885
H2_128C_quantized_all,61-70968-0021.wav,generated_audios/generated_H2_128C_int8/61-70968-0021_generated.wav,2.690023,0.085207,0.081935,0.031675,0.030459,1.139191,0.813183,1.282001
H2_128C_quantized_all,61-70968-0022.wav,generated_audios/generated_H2_128C_int8/61-70968-0022_generated.wav,4.670023,0.130559,0.126971,0.027957,0.027188,1.063889,0.763771,1.407203
H2_128C_quantized_all,61-70968-0023.wav,generated_audios/generated_H2_128C_int8/61-70968-0023_generated.wav,5.025034,0.13751,0.133965,0.027365,0.026659,1.174026,0.848311,1.208621
H2_128C_quantized_all,61-70968-0024.wav,generated_audios/generated_H2_128C_int8/61-70968-0024_generated.wav,6.025034,0.163461,0.159576,0.02713,0.026486,1.048189,0.807143,1.200491
H2_128C_quantized_all,61-70968-0025.wav,generated_audios/generated_H2_128C_int8/61-70968-0025_generated.wav,4.410023,0.125937,0.122431,0.028557,0.027762,1.164203,0.839322,1.225041
H2_128C_quantized_all,61-70968-0026.wav,generated_audios/generated_H2_128C_int8/61-70968-0026_generated.wav,4.92,0.137195,0.133411,0.027885,0.027116,1.146548,0.860949,1.28169
H2_128C_quantized_all,61-70968-0027.wav,generated_audios/generated_H2_128C_int8/61-70968-0027_generated.wav,6.870023,0.182048,0.178235,0.026499,0.025944,1.498943,0.912721,0.808494
H2_128C_quantized_all,61-70968-0028.wav,generated_audios/generated_H2_128C_int8/61-70968-0028_generated.wav,5.355011,0.147042,0.143281,0.027459,0.026757,1.492703,0.911138,0.806799
H2_128C_quantized_all,61-70968-0029.wav,generated_audios/generated_H2_128C_int8/61-70968-0029_generated.wav,3.495011,0.100943,0.097471,0.028882,0.027889,1.548513,0.908061,0.821938
H2_128C_quantized_all,61-70968-0030.wav,generated_audios/generated_H2_128C_int8/61-70968-0030_generated.wav,5.685034,0.15357,0.149848,0.027013,0.026358,1.536362,0.909055,0.779104
H2_128C_quantized_all,61-70968-0031.wav,generated_audios/generated_H2_128C_int8/61-70968-0031_generated.wav,2.925034,0.086626,0.083278,0.029615,0.028471,1.349254,0.877908,0.820886
H2_128C_quantized_all,61-70968-0032.wav,generated_audios/generated_H2_128C_int8/61-70968-0032_generated.wav,4.28,0.119663,0.116081,0.027959,0.027122,1.622856,0.885984,0.820947
H2_128C_quantized_all,61-70968-0033.wav,generated_audios/generated_H2_128C_int8/61-70968-0033_generated.wav,5.685034,0.151872,0.148153,0.026714,0.02606,1.552487,0.927457,0.821658
H2_128C_quantized_all,61-70968-0034.wav,generated_audios/generated_H2_128C_int8/61-70968-0034_generated.wav,4.230023,0.117718,0.114079,0.027829,0.026969,1.644659,0.918363,0.740587
H2_128C_quantized_all,61-70968-0035.wav,generated_audios/generated_H2_128C_int8/61-70968-0035_generated.wav,7.950023,0.205415,0.201403,0.025838,0.025334,1.436485,0.906119,0.780172
H2_128C_quantized_all,61-70968-0036.wav,generated_audios/generated_H2_128C_int8/61-70968-0036_generated.wav,2.934966,0.086893,0.083556,0.029606,0.028469,1.537536,0.906369,0.80573
H2_128C_quantized_all,61-70968-0037.wav,generated_audios/generated_H2_128C_int8/61-70968-0037_generated.wav,4.315011,0.118556,0.115008,0.027475,0.026653,1.302711,0.834001,0.965679
H2_128C_quantized_all,61-70968-0038.wav,generated_audios/generated_H2_128C_int8/61-70968-0038_generated.wav,2.050023,0.0654,0.062159,0.031902,0.030321,1.505336,0.806049,1.121273
H2_128C_quantized_all,61-70968-0039.wav,generated_audios/generated_H2_128C_int8/61-70968-0039_generated.wav,3.805034,0.107692,0.104328,0.028303,0.027418,1.454877,0.875259,0.991726
H2_128C_quantized_all,61-70968-0040.wav,generated_audios/generated_H2_128C_int8/61-70968-0040_generated.wav,3.950023,0.112266,0.108799,0.028422,0.027544,1.55764,0.89459,0.88882
H2_128C_quantized_all,61-70968-0041.wav,generated_audios/generated_H2_128C_int8/61-70968-0041_generated.wav,6.825034,0.17871,0.174798,0.026184,0.025611,1.522325,0.87044,0.897184
H2_128C_quantized_all,61-70968-0042.wav,generated_audios/generated_H2_128C_int8/61-70968-0042_generated.wav,2.785034,0.085196,0.081805,0.030591,0.029373,1.477616,0.889611,0.850633
H2_128C_quantized_all,61-70968-0043.wav,generated_audios/generated_H2_128C_int8/61-70968-0043_generated.wav,6.735011,0.175448,0.17161,0.02605,0.02548,1.456113,0.855704,0.814506
H2_128C_quantized_all,61-70968-0044.wav,generated_audios/generated_H2_128C_int8/61-70968-0044_generated.wav,2.770023,0.081752,0.07848,0.029513,0.028332,1.319338,0.867672,0.937584
H2_128C_quantized_all,61-70968-0045.wav,generated_audios/generated_H2_128C_int8/61-70968-0045_generated.wav,3.475011,0.101876,0.098518,0.029317,0.02835,1.459751,0.853656,0.932934
H2_128C_quantized_all,61-70968-0046.wav,generated_audios/generated_H2_128C_int8/61-70968-0046_generated.wav,3.550023,0.099934,0.096584,0.02815,0.027207,1.404539,0.906627,0.850304
H2_128C_quantized_all,61-70968-0047.wav,generated_audios/generated_H2_128C_int8/61-70968-0047_generated.wav,4.775011,0.129221,0.125627,0.027062,0.026309,1.460294,0.89921,0.830224
H2_128C_quantized_all,61-70968-0048.wav,generated_audios/generated_H2_128C_int8/61-70968-0048_generated.wav,3.02,0.087114,0.083845,0.028846,0.027763,1.355422,0.86545,1.021392
H2_128C_quantized_all,61-70968-0049.wav,generated_audios/generated_H2_128C_int8/61-70968-0049_generated.wav,8.250023,0.213579,0.209131,0.025888,0.025349,1.437143,0.869938,0.863802
H2_128C_quantized_all,61-70968-0050.wav,generated_audios/generated_H2_128C_int8/61-70968-0050_generated.wav,5.58,0.152935,0.149306,0.027408,0.026757,1.419701,0.857584,0.892528
H2_128C_quantized_all,61-70968-0051.wav,generated_audios/generated_H2_128C_int8/61-70968-0051_generated.wav,3.135011,0.096003,0.092652,0.030623,0.029554,1.490686,0.874623,0.917021
H2_128C_quantized_all,61-70968-0052.wav,generated_audios/generated_H2_128C_int8/61-70968-0052_generated.wav,2.650023,0.082491,0.079167,0.031129,0.029874,1.60943,0.920081,0.740601
H2_128C_quantized_all,61-70968-0053.wav,generated_audios/generated_H2_128C_int8/61-70968-0053_generated.wav,4.22,0.124025,0.120373,0.02939,0.028524,1.422407,0.861428,0.95102
H2_128C_quantized_all,61-70968-0054.wav,generated_audios/generated_H2_128C_int8/61-70968-0054_generated.wav,7.86,0.213566,0.209674,0.027171,0.026676,1.454689,0.897091,0.823092
H2_128C_quantized_all,61-70968-0055.wav,generated_audios/generated_H2_128C_int8/61-70968-0055_generated.wav,3.965034,0.112209,0.108627,0.0283,0.027396,1.59468,0.885359,0.879457
H2_128C_quantized_all,61-70968-0056.wav,generated_audios/generated_H2_128C_int8/61-70968-0056_generated.wav,3.565034,0.106512,0.10305,0.029877,0.028906,1.577836,0.906047,0.854322
H2_128C_quantized_all,61-70968-0057.wav,generated_audios/generated_H2_128C_int8/61-70968-0057_generated.wav,5.065034,0.138954,0.135224,0.027434,0.026698,1.352908,0.880728,0.862415
H2_128C_quantized_all,61-70968-0058.wav,generated_audios/generated_H2_128C_int8/61-70968-0058_generated.wav,1.82,0.062044,0.058746,0.03409,0.032278,1.271621,0.860978,0.929603
H2_128C_quantized_all,61-70968-0059.wav,generated_audios/generated_H2_128C_int8/61-70968-0059_generated.wav,2.170023,0.071293,0.068242,0.032854,0.031448,1.634748,0.923735,0.952785
H2_128C_quantized_all,61-70968-0060.wav,generated_audios/generated_H2_128C_int8/61-70968-0060_generated.wav,3.735011,0.111818,0.108428,0.029938,0.02903,1.706853,0.910099,0.723487
H2_128C_quantized_all,61-70968-0061.wav,generated_audios/generated_H2_128C_int8/61-70968-0061_generated.wav,5.530023,0.154889,0.151035,0.028009,0.027312,1.256218,0.844835,1.096965
H2_128C_quantized_all,61-70968-0062.wav,generated_audios/generated_H2_128C_int8/61-70968-0062_generated.wav,2.555011,0.080497,0.076769,0.031506,0.030047,1.473684,0.842342,0.895302
H2_128C_quantized_all,61-70970-0000.wav,generated_audios/generated_H2_128C_int8/61-70970-0000_generated.wav,6.075011,0.168724,0.165006,0.027773,0.027161,1.423864,0.91421,0.789106
H2_128C_quantized_all,61-70970-0001.wav,generated_audios/generated_H2_128C_int8/61-70970-0001_generated.wav,6.155011,0.168985,0.165187,0.027455,0.026838,1.577619,0.926766,0.803833
H2_128C_quantized_all,61-70970-0002.wav,generated_audios/generated_H2_128C_int8/61-70970-0002_generated.wav,4.165034,0.121244,0.117533,0.02911,0.028219,1.554041,0.86129,0.951716
H2_128C_quantized_all,61-70970-0003.wav,generated_audios/generated_H2_128C_int8/61-70970-0003_generated.wav,3.835011,0.113213,0.109602,0.029521,0.028579,1.579449,0.889976,0.767463
H2_128C_quantized_all,61-70970-0004.wav,generated_audios/generated_H2_128C_int8/61-70970-0004_generated.wav,10.515011,0.285032,0.28052,0.027107,0.026678,1.557655,0.893599,0.780631
H2_128C_quantized_all,61-70970-0005.wav,generated_audios/generated_H2_128C_int8/61-70970-0005_generated.wav,2.02,0.067754,0.064321,0.033541,0.031842,1.510032,0.8668,1.07991
H2_128C_quantized_all,61-70970-0006.wav,generated_audios/generated_H2_128C_int8/61-70970-0006_generated.wav,2.335011,0.075027,0.071712,0.032131,0.030712,1.340218,0.901115,0.970502
H2_128C_quantized_all,61-70970-0007.wav,generated_audios/generated_H2_128C_int8/61-70970-0007_generated.wav,4.485034,0.130757,0.126964,0.029154,0.028308,1.479734,0.87696,0.920414
H2_128C_quantized_all,61-70970-0008.wav,generated_audios/generated_H2_128C_int8/61-70970-0008_generated.wav,2.150023,0.070408,0.06702,0.032748,0.031172,1.613901,0.885164,0.968625
H2_128C_quantized_all,61-70970-0009.wav,generated_audios/generated_H2_128C_int8/61-70970-0009_generated.wav,3.405034,0.101582,0.098221,0.029833,0.028846,1.676855,0.924057,0.723559
H2_128C_quantized_all,61-70970-0010.wav,generated_audios/generated_H2_128C_int8/61-70970-0010_generated.wav,3.045034,0.093455,0.089924,0.030691,0.029531,1.576021,0.88846,0.819258
H2_128C_quantized_all,61-70970-0011.wav,generated_audios/generated_H2_128C_int8/61-70970-0011_generated.wav,6.075011,0.167272,0.163514,0.027534,0.026916,1.495384,0.862237,0.835405
H2_128C_quantized_all,61-70970-0012.wav,generated_audios/generated_H2_128C_int8/61-70970-0012_generated.wav,3.135011,0.096221,0.092659,0.030692,0.029556,1.473662,0.921521,0.77345
H2_128C_quantized_all,61-70970-0013.wav,generated_audios/generated_H2_128C_int8/61-70970-0013_generated.wav,4.350023,0.126967,0.12327,0.029188,0.028338,1.402213,0.905539,0.860808
H2_128C_quantized_all,61-70970-0014.wav,generated_audios/generated_H2_128C_int8/61-70970-0014_generated.wav,3.405034,0.10197,0.098504,0.029947,0.028929,1.477602,0.922272,0.829687
H2_128C_quantized_all,61-70970-0015.wav,generated_audios/generated_H2_128C_int8/61-70970-0015_generated.wav,8.415011,0.227311,0.223112,0.027013,0.026514,1.438068,0.909788,0.878386
H2_128C_quantized_all,61-70970-0016.wav,generated_audios/generated_H2_128C_int8/61-70970-0016_generated.wav,4.370023,0.127341,0.123624,0.02914,0.028289,1.461715,0.919652,0.922798
H2_128C_quantized_all,61-70970-0017.wav,generated_audios/generated_H2_128C_int8/61-70970-0017_generated.wav,2.550023,0.083123,0.079729,0.032597,0.031266,1.338143,0.8599,1.01548
H2_128C_quantized_all,61-70970-0018.wav,generated_audios/generated_H2_128C_int8/61-70970-0018_generated.wav,4.6,0.1312,0.12783,0.028522,0.027789,1.471445,0.868708,0.907502
H2_128C_quantized_all,61-70970-0019.wav,generated_audios/generated_H2_128C_int8/61-70970-0019_generated.wav,3.78,0.111759,0.108212,0.029566,0.028628,1.526445,0.903591,0.916973
H2_128C_quantized_all,61-70970-0020.wav,generated_audios/generated_H2_128C_int8/61-70970-0020_generated.wav,5.025034,0.142944,0.139302,0.028446,0.027722,1.34974,0.831893,1.054003
H2_128C_quantized_all,61-70970-0021.wav,generated_audios/generated_H2_128C_int8/61-70970-0021_generated.wav,5.405034,0.152198,0.148337,0.028159,0.027444,1.575001,0.891097,0.820369
H2_128C_quantized_all,61-70970-0022.wav,generated_audios/generated_H2_128C_int8/61-70970-0022_generated.wav,3.970023,0.11639,0.112844,0.029317,0.028424,1.610004,0.886287,0.870751
H2_128C_quantized_all,61-70970-0023.wav,generated_audios/generated_H2_128C_int8/61-70970-0023_generated.wav,3.705034,0.110153,0.106774,0.029731,0.028819,1.516058,0.911007,0.744486
H2_128C_quantized_all,61-70970-0024.wav,generated_audios/generated_H2_128C_int8/61-70970-0024_generated.wav,7.235011,0.199244,0.195356,0.027539,0.027002,1.527364,0.915665,0.807071
H2_128C_quantized_all,61-70970-0025.wav,generated_audios/generated_H2_128C_int8/61-70970-0025_generated.wav,7.435011,0.22039,0.217106,0.029642,0.0292,1.615871,0.925473,0.798582
H2_128C_quantized_all,61-70970-0026.wav,generated_audios/generated_H2_128C_int8/61-70970-0026_generated.wav,5.475011,0.151983,0.148053,0.027759,0.027042,1.57124,0.905163,0.744202
H2_128C_quantized_all,61-70970-0027.wav,generated_audios/generated_H2_128C_int8/61-70970-0027_generated.wav,5.08,0.143198,0.139558,0.028189,0.027472,1.55878,0.891642,0.802854
H2_128C_quantized_all,61-70970-0028.wav,generated_audios/generated_H2_128C_int8/61-70970-0028_generated.wav,6.550023,0.179056,0.17516,0.027337,0.026742,1.705914,0.92054,0.732002
H2_128C_quantized_all,61-70970-0029.wav,generated_audios/generated_H2_128C_int8/61-70970-0029_generated.wav,4.030023,0.121163,0.117459,0.030065,0.029146,1.659971,0.883379,0.844047
H2_128C_quantized_all,61-70970-0030.wav,generated_audios/generated_H2_128C_int8/61-70970-0030_generated.wav,3.24,0.098443,0.094873,0.030384,0.029282,1.459079,0.868714,0.756483
H2_128C_quantized_all,61-70970-0031.wav,generated_audios/generated_H2_128C_int8/61-70970-0031_generated.wav,5.135011,0.146069,0.142289,0.028446,0.02771,1.41939,0.895731,0.860128
H2_128C_quantized_all,61-70970-0032.wav,generated_audios/generated_H2_128C_int8/61-70970-0032_generated.wav,3.135011,0.096802,0.093141,0.030878,0.02971,1.351134,0.890085,0.862399
H2_128C_quantized_all,61-70970-0033.wav,generated_audios/generated_H2_128C_int8/61-70970-0033_generated.wav,3.42,0.102294,0.098771,0.02991,0.028881,1.441772,0.91512,0.800901
H2_128C_quantized_all,61-70970-0034.wav,generated_audios/generated_H2_128C_int8/61-70970-0034_generated.wav,4.485034,0.128469,0.124767,0.028644,0.027819,1.459365,0.870055,0.816881
H2_128C_quantized_all,61-70970-0035.wav,generated_audios/generated_H2_128C_int8/61-70970-0035_generated.wav,7.405034,0.200853,0.196705,0.027124,0.026564,1.54482,0.901289,0.763931
H2_128C_quantized_all,61-70970-0036.wav,generated_audios/generated_H2_128C_int8/61-70970-0036_generated.wav,6.785034,0.186533,0.182529,0.027492,0.026902,1.518955,0.888306,0.786731
H2_128C_quantized_all,61-70970-0037.wav,generated_audios/generated_H2_128C_int8/61-70970-0037_generated.wav,5.98,0.164943,0.16106,0.027582,0.026933,1.514246,0.903327,0.819885
H2_128C_quantized_all,61-70970-0038.wav,generated_audios/generated_H2_128C_int8/61-70970-0038_generated.wav,10.4,0.278923,0.274464,0.02682,0.026391,1.424475,0.895027,0.830292
H2_128C_quantized_all,61-70970-0039.wav,generated_audios/generated_H2_128C_int8/61-70970-0039_generated.wav,6.665034,0.181957,0.177958,0.0273,0.0267,1.418098,0.861869,0.777219
H2_128C_quantized_all,61-70970-0040.wav,generated_audios/generated_H2_128C_int8/61-70970-0040_generated.wav,4.165034,0.120826,0.117952,0.02901,0.02832,1.512741,0.908044,0.825746
H2_128C_quantized_all,672-122797-0000.wav,generated_audios/generated_H2_128C_int8/672-122797-0000_generated.wav,4.070023,0.120702,0.117023,0.029656,0.028752,1.578145,0.924363,0.848038
H2_128C_quantized_all,672-122797-0001.wav,generated_audios/generated_H2_128C_int8/672-122797-0001_generated.wav,15.130023,0.402488,0.397594,0.026602,0.026278,1.675437,0.921928,0.842461
H2_128C_quantized_all,672-122797-0002.wav,generated_audios/generated_H2_128C_int8/672-122797-0002_generated.wav,13.62,0.367032,0.36207,0.026948,0.026584,1.616219,0.914892,0.854845
H2_128C_quantized_all,672-122797-0003.wav,generated_audios/generated_H2_128C_int8/672-122797-0003_generated.wav,4.76,0.136246,0.13238,0.028623,0.027811,1.421934,0.833745,1.028496
H2_128C_quantized_all,672-122797-0004.wav,generated_audios/generated_H2_128C_int8/672-122797-0004_generated.wav,10.250023,0.277617,0.273414,0.027085,0.026675,1.504401,0.860426,0.968186
H2_128C_quantized_all,672-122797-0005.wav,generated_audios/generated_H2_128C_int8/672-122797-0005_generated.wav,3.26,0.098579,0.094999,0.030239,0.029141,1.423859,0.757764,1.100217
H2_128C_quantized_all,672-122797-0006.wav,generated_audios/generated_H2_128C_int8/672-122797-0006_generated.wav,13.950023,0.372107,0.367452,0.026674,0.026341,1.345862,0.754173,0.993561
H2_128C_quantized_all,672-122797-0007.wav,generated_audios/generated_H2_128C_int8/672-122797-0007_generated.wav,6.42,0.178943,0.174955,0.027873,0.027252,1.697476,0.793683,0.802857
H2_128C_quantized_all,672-122797-0008.wav,generated_audios/generated_H2_128C_int8/672-122797-0008_generated.wav,30.810023,0.802183,0.794452,0.026036,0.025785,1.660792,0.815796,0.793114
H2_128C_quantized_all,672-122797-0009.wav,generated_audios/generated_H2_128C_int8/672-122797-0009_generated.wav,2.765034,0.088702,0.085202,0.03208,0.030814,1.563438,0.804349,0.786858
H2_128C_quantized_all,672-122797-0010.wav,generated_audios/generated_H2_128C_int8/672-122797-0010_generated.wav,3.815011,0.112199,0.108667,0.02941,0.028484,1.536741,0.862371,0.742891
H2_128C_quantized_all,672-122797-0011.wav,generated_audios/generated_H2_128C_int8/672-122797-0011_generated.wav,2.54,0.07996,0.076521,0.03148,0.030126,1.47495,0.838531,0.709285
H2_128C_quantized_all,672-122797-0012.wav,generated_audios/generated_H2_128C_int8/672-122797-0012_generated.wav,7.765034,0.210771,0.206875,0.027144,0.026642,1.561999,0.857383,0.705768
H2_128C_quantized_all,672-122797-0013.wav,generated_audios/generated_H2_128C_int8/672-122797-0013_generated.wav,8.705034,0.235241,0.230907,0.027024,0.026526,1.717255,0.804974,0.7644
H2_128C_quantized_all,672-122797-0014.wav,generated_audios/generated_H2_128C_int8/672-122797-0014_generated.wav,2.555011,0.081046,0.077574,0.03172,0.030362,1.647173,0.872061,0.775864
H2_128C_quantized_all,672-122797-0015.wav,generated_audios/generated_H2_128C_int8/672-122797-0015_generated.wav,4.455011,0.128324,0.12484,0.028805,0.028022,1.611576,0.839213,0.766131
H2_128C_quantized_all,672-122797-0016.wav,generated_audios/generated_H2_128C_int8/672-122797-0016_generated.wav,9.215011,0.247202,0.242973,0.026826,0.026367,1.550433,0.821663,0.780571
H2_128C_quantized_all,672-122797-0017.wav,generated_audios/generated_H2_128C_int8/672-122797-0017_generated.wav,4.82,0.135995,0.132375,0.028215,0.027464,1.574098,0.858925,0.67069
H2_128C_quantized_all,672-122797-0018.wav,generated_audios/generated_H2_128C_int8/672-122797-0018_generated.wav,4.930023,0.13982,0.136347,0.028361,0.027657,1.58485,0.850462,0.756205
H2_128C_quantized_all,672-122797-0019.wav,generated_audios/generated_H2_128C_int8/672-122797-0019_generated.wav,4.110023,0.118584,0.114845,0.028852,0.027943,1.497485,0.808439,0.825774
H2_128C_quantized_all,672-122797-0020.wav,generated_audios/generated_H2_128C_int8/672-122797-0020_generated.wav,8.825034,0.243805,0.239417,0.027627,0.027129,1.053831,0.666783,1.576158
H2_128C_quantized_all,672-122797-0021.wav,generated_audios/generated_H2_128C_int8/672-122797-0021_generated.wav,4.150023,0.120785,0.117254,0.029105,0.028254,1.068289,0.789461,1.494332
H2_128C_quantized_all,672-122797-0022.wav,generated_audios/generated_H2_128C_int8/672-122797-0022_generated.wav,19.004943,0.50186,0.496761,0.026407,0.026139,1.084459,0.688019,1.487138
H2_128C_quantized_all,672-122797-0023.wav,generated_audios/generated_H2_128C_int8/672-122797-0023_generated.wav,9.695102,0.261807,0.257685,0.027004,0.026579,1.061004,0.712982,1.503743
H2_128C_quantized_all,672-122797-0024.wav,generated_audios/generated_H2_128C_int8/672-122797-0024_generated.wav,4.130023,0.118984,0.116212,0.02881,0.028138,1.066563,0.645906,1.634131
H2_128C_quantized_all,672-122797-0025.wav,generated_audios/generated_H2_128C_int8/672-122797-0025_generated.wav,10.690023,0.287364,0.283006,0.026882,0.026474,1.085962,0.766818,1.431411
H2_128C_quantized_all,672-122797-0026.wav,generated_audios/generated_H2_128C_int8/672-122797-0026_generated.wav,13.96,0.370975,0.366139,0.026574,0.026228,1.052491,0.667175,1.532072
H2_128C_quantized_all,672-122797-0027.wav,generated_audios/generated_H2_128C_int8/672-122797-0027_generated.wav,4.790023,0.136636,0.132731,0.028525,0.02771,1.085811,0.646404,1.575678
H2_128C_quantized_all,672-122797-0028.wav,generated_audios/generated_H2_128C_int8/672-122797-0028_generated.wav,2.610023,0.084161,0.081251,0.032245,0.03113,1.094751,0.765562,1.491567
H2_128C_quantized_all,672-122797-0029.wav,generated_audios/generated_H2_128C_int8/672-122797-0029_generated.wav,3.050023,0.091641,0.088515,0.030046,0.029021,1.1696,0.812932,1.389583
H2_128C_quantized_all,672-122797-0030.wav,generated_audios/generated_H2_128C_int8/672-122797-0030_generated.wav,4.575011,0.130256,0.126607,0.028471,0.027674,1.087136,0.789938,1.440291
H2_128C_quantized_all,672-122797-0031.wav,generated_audios/generated_H2_128C_int8/672-122797-0031_generated.wav,3.98,0.115954,0.112213,0.029134,0.028194,1.186013,0.750594,1.461851
H2_128C_quantized_all,672-122797-0032.wav,generated_audios/generated_H2_128C_int8/672-122797-0032_generated.wav,4.0,0.115798,0.112227,0.02895,0.028057,1.075954,0.667376,1.507461
H2_128C_quantized_all,672-122797-0033.wav,generated_audios/generated_H2_128C_int8/672-122797-0033_generated.wav,1.285034,0.052481,0.049314,0.04084,0.038376,1.0834,0.702903,1.431729
H2_128C_quantized_all,672-122797-0034.wav,generated_audios/generated_H2_128C_int8/672-122797-0034_generated.wav,5.110023,0.146781,0.14305,0.028724,0.027994,1.063858,0.796852,1.489785
H2_128C_quantized_all,672-122797-0035.wav,generated_audios/generated_H2_128C_int8/672-122797-0035_generated.wav,2.9,0.090184,0.086727,0.031098,0.029906,1.19411,0.863837,1.264849
H2_128C_quantized_all,672-122797-0036.wav,generated_audios/generated_H2_128C_int8/672-122797-0036_generated.wav,5.365034,0.148198,0.144494,0.027623,0.026933,1.079414,0.698639,1.22985
H2_128C_quantized_all,672-122797-0037.wav,generated_audios/generated_H2_128C_int8/672-122797-0037_generated.wav,1.96,0.065875,0.062521,0.03361,0.031898,1.09006,0.728809,1.3256
H2_128C_quantized_all,672-122797-0038.wav,generated_audios/generated_H2_128C_int8/672-122797-0038_generated.wav,8.8,0.240036,0.235872,0.027277,0.026804,1.080446,0.72929,1.481472
H2_128C_quantized_all,672-122797-0039.wav,generated_audios/generated_H2_128C_int8/672-122797-0039_generated.wav,4.025034,0.119126,0.115446,0.029596,0.028682,1.143112,0.772195,1.452755
H2_128C_quantized_all,672-122797-0040.wav,generated_audios/generated_H2_128C_int8/672-122797-0040_generated.wav,5.125034,0.145585,0.14171,0.028407,0.027651,1.107861,0.721925,1.518126
H2_128C_quantized_all,672-122797-0041.wav,generated_audios/generated_H2_128C_int8/672-122797-0041_generated.wav,3.88,0.112427,0.10913,0.028976,0.028126,1.072723,0.741792,1.558584
H2_128C_quantized_all,672-122797-0042.wav,generated_audios/generated_H2_128C_int8/672-122797-0042_generated.wav,15.310023,0.406333,0.401567,0.02654,0.026229,1.133052,0.592309,1.551384
H2_128C_quantized_all,672-122797-0043.wav,generated_audios/generated_H2_128C_int8/672-122797-0043_generated.wav,3.78,0.11298,0.10925,0.029889,0.028902,1.065346,0.661292,1.505604
H2_128C_quantized_all,672-122797-0044.wav,generated_audios/generated_H2_128C_int8/672-122797-0044_generated.wav,3.74,0.110012,0.106415,0.029415,0.028453,1.075943,0.663886,1.562895
H2_128C_quantized_all,672-122797-0045.wav,generated_audios/generated_H2_128C_int8/672-122797-0045_generated.wav,13.96,0.376434,0.371563,0.026965,0.026616,1.09748,0.789677,1.414699
H2_128C_quantized_all,672-122797-0046.wav,generated_audios/generated_H2_128C_int8/672-122797-0046_generated.wav,4.715011,0.1345,0.130675,0.028526,0.027715,1.089807,0.722198,1.538575
H2_128C_quantized_all,672-122797-0047.wav,generated_audios/generated_H2_128C_int8/672-122797-0047_generated.wav,3.325034,0.101051,0.097506,0.030391,0.029325,1.270189,0.754448,1.252563
H2_128C_quantized_all,672-122797-0048.wav,generated_audios/generated_H2_128C_int8/672-122797-0048_generated.wav,6.555011,0.180586,0.17681,0.027549,0.026973,1.05849,0.628526,1.535215
H2_128C_quantized_all,672-122797-0049.wav,generated_audios/generated_H2_128C_int8/672-122797-0049_generated.wav,2.02,0.066819,0.063407,0.033079,0.031389,1.255973,0.685811,1.515312
H2_128C_quantized_all,672-122797-0050.wav,generated_audios/generated_H2_128C_int8/672-122797-0050_generated.wav,4.855011,0.138146,0.134604,0.028454,0.027725,1.079546,0.730739,1.434096
H2_128C_quantized_all,672-122797-0051.wav,generated_audios/generated_H2_128C_int8/672-122797-0051_generated.wav,4.665034,0.135164,0.131587,0.028974,0.028207,1.079799,0.696003,1.465749
H2_128C_quantized_all,672-122797-0052.wav,generated_audios/generated_H2_128C_int8/672-122797-0052_generated.wav,4.285034,0.126848,0.12328,0.029603,0.02877,1.074419,0.749755,1.397777
H2_128C_quantized_all,672-122797-0053.wav,generated_audios/generated_H2_128C_int8/672-122797-0053_generated.wav,2.955011,0.093148,0.089761,0.031522,0.030376,1.048332,0.657235,1.524195
H2_128C_quantized_all,672-122797-0054.wav,generated_audios/generated_H2_128C_int8/672-122797-0054_generated.wav,4.250023,0.125964,0.122329,0.029638,0.028783,1.141445,0.689698,1.387527
H2_128C_quantized_all,672-122797-0055.wav,generated_audios/generated_H2_128C_int8/672-122797-0055_generated.wav,8.230023,0.221483,0.217513,0.026912,0.026429,1.086077,0.704537,1.470605
H2_128C_quantized_all,672-122797-0056.wav,generated_audios/generated_H2_128C_int8/672-122797-0056_generated.wav,5.225034,0.146323,0.14282,0.028004,0.027334,1.070776,0.732289,1.469586
H2_128C_quantized_all,672-122797-0057.wav,generated_audios/generated_H2_128C_int8/672-122797-0057_generated.wav,6.56,0.182663,0.178737,0.027845,0.027246,1.092671,0.670368,1.460573
H2_128C_quantized_all,672-122797-0058.wav,generated_audios/generated_H2_128C_int8/672-122797-0058_generated.wav,4.470023,0.128027,0.124187,0.028641,0.027782,1.049177,0.640028,1.652408
H2_128C_quantized_all,672-122797-0059.wav,generated_audios/generated_H2_128C_int8/672-122797-0059_generated.wav,3.52,0.108148,0.104627,0.030724,0.029724,1.103676,0.739449,1.571872
H2_128C_quantized_all,672-122797-0060.wav,generated_audios/generated_H2_128C_int8/672-122797-0060_generated.wav,3.350023,0.100812,0.097229,0.030093,0.029023,1.106661,0.854019,1.457296
H2_128C_quantized_all,672-122797-0061.wav,generated_audios/generated_H2_128C_int8/672-122797-0061_generated.wav,7.590023,0.207724,0.203843,0.027368,0.026857,1.096087,0.798639,1.409379
H2_128C_quantized_all,672-122797-0062.wav,generated_audios/generated_H2_128C_int8/672-122797-0062_generated.wav,2.675011,0.084056,0.080566,0.031423,0.030118,1.117853,0.572047,1.661708
H2_128C_quantized_all,672-122797-0063.wav,generated_audios/generated_H2_128C_int8/672-122797-0063_generated.wav,5.075011,0.144318,0.140765,0.028437,0.027737,1.11522,0.75885,1.568372
H2_128C_quantized_all,672-122797-0064.wav,generated_audios/generated_H2_128C_int8/672-122797-0064_generated.wav,15.270023,0.408203,0.403298,0.026732,0.026411,1.108379,0.720893,1.414108
H2_128C_quantized_all,672-122797-0065.wav,generated_audios/generated_H2_128C_int8/672-122797-0065_generated.wav,3.030023,0.092427,0.088835,0.030504,0.029318,1.056142,0.667208,1.589013
H2_128C_quantized_all,672-122797-0066.wav,generated_audios/generated_H2_128C_int8/672-122797-0066_generated.wav,4.815011,0.13848,0.134657,0.02876,0.027966,1.08407,0.826524,1.382764
H2_128C_quantized_all,672-122797-0067.wav,generated_audios/generated_H2_128C_int8/672-122797-0067_generated.wav,13.035011,0.352101,0.347572,0.027012,0.026665,1.084881,0.772439,1.429385
H2_128C_quantized_all,672-122797-0068.wav,generated_audios/generated_H2_128C_int8/672-122797-0068_generated.wav,4.02,0.119485,0.115585,0.029723,0.028753,1.104885,0.71824,1.574833
H2_128C_quantized_all,672-122797-0069.wav,generated_audios/generated_H2_128C_int8/672-122797-0069_generated.wav,5.010023,0.143216,0.139499,0.028586,0.027844,1.084021,0.654057,1.507162
H2_128C_quantized_all,672-122797-0070.wav,generated_audios/generated_H2_128C_int8/672-122797-0070_generated.wav,6.270023,0.174717,0.170946,0.027865,0.027264,1.07206,0.779055,1.457691
H2_128C_quantized_all,672-122797-0071.wav,generated_audios/generated_H2_128C_int8/672-122797-0071_generated.wav,8.875011,0.241894,0.237495,0.027256,0.02676,1.079956,0.825957,1.399101
H2_128C_quantized_all,672-122797-0072.wav,generated_audios/generated_H2_128C_int8/672-122797-0072_generated.wav,7.94,0.215369,0.211297,0.027125,0.026612,1.087976,0.690046,1.541609
H2_128C_quantized_all,672-122797-0073.wav,generated_audios/generated_H2_128C_int8/672-122797-0073_generated.wav,8.205034,0.224411,0.220382,0.02735,0.026859,1.07943,0.786178,1.449444
H2_128C_quantized_all,672-122797-0074.wav,generated_audios/generated_H2_128C_int8/672-122797-0074_generated.wav,8.730023,0.235615,0.231567,0.026989,0.026525,1.135533,0.572736,1.607749
H2_128C_quantized_all,908-157963-0000.wav,generated_audios/generated_H2_128C_int8/908-157963-0000_generated.wav,12.62,0.338853,0.334424,0.02685,0.026499,1.124909,0.813643,1.465484
H2_128C_quantized_all,908-157963-0001.wav,generated_audios/generated_H2_128C_int8/908-157963-0001_generated.wav,2.885034,0.092089,0.08861,0.03192,0.030714,1.196082,0.867485,1.450394
H2_128C_quantized_all,908-157963-0002.wav,generated_audios/generated_H2_128C_int8/908-157963-0002_generated.wav,2.755011,0.087274,0.08368,0.031678,0.030374,1.215593,0.848129,1.43653
H2_128C_quantized_all,908-157963-0003.wav,generated_audios/generated_H2_128C_int8/908-157963-0003_generated.wav,3.08,0.093146,0.089697,0.030242,0.029122,1.133714,0.846597,1.361924
H2_128C_quantized_all,908-157963-0004.wav,generated_audios/generated_H2_128C_int8/908-157963-0004_generated.wav,13.990023,0.377124,0.372207,0.026957,0.026605,1.12509,0.803255,1.412434
H2_128C_quantized_all,908-157963-0005.wav,generated_audios/generated_H2_128C_int8/908-157963-0005_generated.wav,7.035011,0.191638,0.187748,0.027241,0.026688,1.118867,0.790933,1.517445
H2_128C_quantized_all,908-157963-0006.wav,generated_audios/generated_H2_128C_int8/908-157963-0006_generated.wav,8.110023,0.219472,0.215213,0.027062,0.026537,1.161761,0.78905,1.441806
H2_128C_quantized_all,908-157963-0007.wav,generated_audios/generated_H2_128C_int8/908-157963-0007_generated.wav,32.770023,0.851075,0.843099,0.025971,0.025728,1.120253,0.788736,1.461108
H2_128C_quantized_all,908-157963-0008.wav,generated_audios/generated_H2_128C_int8/908-157963-0008_generated.wav,19.950023,0.532108,0.526643,0.026672,0.026398,1.148072,0.796686,1.456539
H2_128C_quantized_all,908-157963-0009.wav,generated_audios/generated_H2_128C_int8/908-157963-0009_generated.wav,4.06,0.121525,0.117752,0.029932,0.029003,1.167783,0.81458,1.327565
H2_128C_quantized_all,908-157963-0010.wav,generated_audios/generated_H2_128C_int8/908-157963-0010_generated.wav,6.28,0.176974,0.173079,0.028181,0.02756,1.094105,0.71672,1.528817
H2_128C_quantized_all,908-157963-0011.wav,generated_audios/generated_H2_128C_int8/908-157963-0011_generated.wav,10.395011,0.281851,0.277269,0.027114,0.026673,1.090062,0.766671,1.482376
H2_128C_quantized_all,908-157963-0012.wav,generated_audios/generated_H2_128C_int8/908-157963-0012_generated.wav,10.090023,0.270211,0.266136,0.02678,0.026376,1.094904,0.754246,1.521281
H2_128C_quantized_all,908-157963-0013.wav,generated_audios/generated_H2_128C_int8/908-157963-0013_generated.wav,4.315011,0.125712,0.122004,0.029134,0.028274,1.103787,0.815614,1.688862
H2_128C_quantized_all,908-157963-0014.wav,generated_audios/generated_H2_128C_int8/908-157963-0014_generated.wav,4.52,0.128731,0.125031,0.02848,0.027662,1.1986,0.800441,1.650258
H2_128C_quantized_all,908-157963-0015.wav,generated_audios/generated_H2_128C_int8/908-157963-0015_generated.wav,14.465034,0.386751,0.381941,0.026737,0.026404,1.197638,0.839827,1.409936
H2_128C_quantized_all,908-157963-0016.wav,generated_audios/generated_H2_128C_int8/908-157963-0016_generated.wav,5.105034,0.154302,0.15046,0.030226,0.029473,1.179724,0.849501,1.46391
H2_128C_quantized_all,908-157963-0017.wav,generated_audios/generated_H2_128C_int8/908-157963-0017_generated.wav,4.950023,0.143211,0.138634,0.028931,0.028007,1.238292,0.832647,1.367483
H2_128C_quantized_all,908-157963-0018.wav,generated_audios/generated_H2_128C_int8/908-157963-0018_generated.wav,4.255011,0.125379,0.1216,0.029466,0.028578,1.147683,0.788583,1.398046
H2_128C_quantized_all,908-157963-0019.wav,generated_audios/generated_H2_128C_int8/908-157963-0019_generated.wav,21.44,0.571497,0.566267,0.026656,0.026412,1.086614,0.78685,1.59607
H2_128C_quantized_all,908-157963-0020.wav,generated_audios/generated_H2_128C_int8/908-157963-0020_generated.wav,9.8,0.263314,0.258872,0.026869,0.026415,1.163642,0.789783,1.575835
H2_128C_quantized_all,908-157963-0021.wav,generated_audios/generated_H2_128C_int8/908-157963-0021_generated.wav,10.24,0.277219,0.272768,0.027072,0.026638,1.145662,0.801102,1.519295
H2_128C_quantized_all,908-157963-0022.wav,generated_audios/generated_H2_128C_int8/908-157963-0022_generated.wav,4.610023,0.132845,0.129057,0.028817,0.027995,1.094207,0.792471,1.558076
H2_128C_quantized_all,908-157963-0023.wav,generated_audios/generated_H2_128C_int8/908-157963-0023_generated.wav,9.625034,0.263374,0.259064,0.027363,0.026916,1.130238,0.749663,1.510409
H2_128C_quantized_all,908-157963-0024.wav,generated_audios/generated_H2_128C_int8/908-157963-0024_generated.wav,3.44,0.104304,0.100732,0.030321,0.029283,1.090564,0.792421,1.611888
H2_128C_quantized_all,908-157963-0025.wav,generated_audios/generated_H2_128C_int8/908-157963-0025_generated.wav,9.265034,0.249671,0.24511,0.026948,0.026455,1.093174,0.773628,1.584308
H2_128C_quantized_all,908-157963-0026.wav,generated_audios/generated_H2_128C_int8/908-157963-0026_generated.wav,8.1,0.221045,0.217387,0.02729,0.026838,1.146835,0.810278,1.470636
H2_128C_quantized_all,908-157963-0027.wav,generated_audios/generated_H2_128C_int8/908-157963-0027_generated.wav,5.225034,0.144506,0.141186,0.027657,0.027021,1.094107,0.737402,1.622136
H2_128C_quantized_all,908-157963-0028.wav,generated_audios/generated_H2_128C_int8/908-157963-0028_generated.wav,4.955011,0.141599,0.138019,0.028577,0.027855,1.135866,0.831844,1.385108
H2_128C_quantized_all,908-157963-0029.wav,generated_audios/generated_H2_128C_int8/908-157963-0029_generated.wav,3.630023,0.111842,0.108239,0.03081,0.029818,1.196098,0.836671,1.411063
H2_128C_quantized_all,908-157963-0030.wav,generated_audios/generated_H2_128C_int8/908-157963-0030_generated.wav,4.52,0.129578,0.125678,0.028668,0.027805,1.132213,0.820788,1.536285
H2_128C_quantized_all,908-31957-0000.wav,generated_audios/generated_H2_128C_int8/908-31957-0000_generated.wav,2.125034,0.069671,0.066293,0.032786,0.031196,1.227249,0.835452,1.580973
H2_128C_quantized_all,908-31957-0001.wav,generated_audios/generated_H2_128C_int8/908-31957-0001_generated.wav,11.315011,0.304796,0.30042,0.026937,0.026551,1.092189,0.791071,1.623217
H2_128C_quantized_all,908-31957-0002.wav,generated_audios/generated_H2_128C_int8/908-31957-0002_generated.wav,4.790023,0.139403,0.135579,0.029103,0.028304,1.098174,0.810851,1.716323
H2_128C_quantized_all,908-31957-0003.wav,generated_audios/generated_H2_128C_int8/908-31957-0003_generated.wav,6.565034,0.193813,0.189877,0.029522,0.028922,1.112686,0.793808,1.502319
H2_128C_quantized_all,908-31957-0004.wav,generated_audios/generated_H2_128C_int8/908-31957-0004_generated.wav,14.755011,0.394534,0.389702,0.026739,0.026411,1.112229,0.801869,1.549836
H2_128C_quantized_all,908-31957-0005.wav,generated_audios/generated_H2_128C_int8/908-31957-0005_generated.wav,4.490023,0.128948,0.125232,0.028719,0.027891,1.152451,0.801918,1.753188
H2_128C_quantized_all,908-31957-0006.wav,generated_audios/generated_H2_128C_int8/908-31957-0006_generated.wav,5.890023,0.166479,0.162416,0.028265,0.027575,1.154811,0.794765,1.724198
H2_128C_quantized_all,908-31957-0007.wav,generated_audios/generated_H2_128C_int8/908-31957-0007_generated.wav,5.8,0.16391,0.159969,0.02826,0.027581,1.135053,0.806123,1.536363
H2_128C_quantized_all,908-31957-0008.wav,generated_audios/generated_H2_128C_int8/908-31957-0008_generated.wav,10.005034,0.274242,0.269769,0.02741,0.026963,1.115579,0.797029,1.599637
H2_128C_quantized_all,908-31957-0009.wav,generated_audios/generated_H2_128C_int8/908-31957-0009_generated.wav,7.705034,0.210672,0.206499,0.027342,0.026801,1.115872,0.795366,1.577539
H2_128C_quantized_all,908-31957-0010.wav,generated_audios/generated_H2_128C_int8/908-31957-0010_generated.wav,2.510023,0.080186,0.076702,0.031946,0.030558,1.125949,0.674786,1.988963
H2_128C_quantized_all,908-31957-0011.wav,generated_audios/generated_H2_128C_int8/908-31957-0011_generated.wav,2.335011,0.073056,0.069629,0.031287,0.029819,1.126024,0.703259,1.636859
H2_128C_quantized_all,908-31957-0012.wav,generated_audios/generated_H2_128C_int8/908-31957-0012_generated.wav,7.615011,0.20795,0.204157,0.027308,0.02681,1.112686,0.782569,1.650648
H2_128C_quantized_all,908-31957-0013.wav,generated_audios/generated_H2_128C_int8/908-31957-0013_generated.wav,6.18,0.171219,0.16716,0.027705,0.027048,1.159288,0.737051,1.699778
H2_128C_quantized_all,908-31957-0014.wav,generated_audios/generated_H2_128C_int8/908-31957-0014_generated.wav,7.56,0.206346,0.202192,0.027294,0.026745,1.105872,0.790604,1.731788
H2_128C_quantized_all,908-31957-0015.wav,generated_audios/generated_H2_128C_int8/908-31957-0015_generated.wav,21.465034,0.565633,0.559712,0.026351,0.026076,1.094482,0.787176,1.743922
H2_128C_quantized_all,908-31957-0016.wav,generated_audios/generated_H2_128C_int8/908-31957-0016_generated.wav,6.48,0.179496,0.175579,0.0277,0.027095,1.170812,0.812943,1.671879
H2_128C_quantized_all,908-31957-0017.wav,generated_audios/generated_H2_128C_int8/908-31957-0017_generated.wav,7.795011,0.213261,0.209002,0.027359,0.026812,1.107087,0.802844,1.718418
H2_128C_quantized_all,908-31957-0018.wav,generated_audios/generated_H2_128C_int8/908-31957-0018_generated.wav,3.915011,0.117229,0.113441,0.029944,0.028976,1.094284,0.821914,1.643785
H2_128C_quantized_all,908-31957-0019.wav,generated_audios/generated_H2_128C_int8/908-31957-0019_generated.wav,9.54,0.259252,0.255021,0.027175,0.026732,1.164712,0.801164,1.530813
H2_128C_quantized_all,908-31957-0020.wav,generated_audios/generated_H2_128C_int8/908-31957-0020_generated.wav,5.895011,0.160766,0.156817,0.027272,0.026602,1.13182,0.778844,1.675502
H2_128C_quantized_all,908-31957-0021.wav,generated_audios/generated_H2_128C_int8/908-31957-0021_generated.wav,10.905034,0.303841,0.299887,0.027862,0.0275,1.122707,0.793543,1.625698
H2_128C_quantized_all,908-31957-0022.wav,generated_audios/generated_H2_128C_int8/908-31957-0022_generated.wav,14.1,0.37395,0.369094,0.026521,0.026177,1.097665,0.788769,1.629554
H2_128C_quantized_all,908-31957-0023.wav,generated_audios/generated_H2_128C_int8/908-31957-0023_generated.wav,8.515011,0.230479,0.22701,0.027067,0.02666,1.13954,0.802539,1.744511
H2_128C_quantized_all,908-31957-0024.wav,generated_audios/generated_H2_128C_int8/908-31957-0024_generated.wav,7.54,0.208469,0.204308,0.027648,0.027097,1.095089,0.78372,1.750591
H2_128C_quantized_all,908-31957-0025.wav,generated_audios/generated_H2_128C_int8/908-31957-0025_generated.wav,20.56,0.541928,0.535704,0.026358,0.026056,1.114342,0.790367,1.861472
H2_256C_quantized_all,1089-134686-0000.wav,generated_audios/generated_H2_256C_int8/1089-134686-0000_generated.wav,10.435011,0.585799,0.581713,0.056138,0.055746,1.143183,0.83452,1.714176
H2_256C_quantized_all,1089-134686-0001.wav,generated_audios/generated_H2_256C_int8/1089-134686-0001_generated.wav,3.275011,0.19103,0.187319,0.05833,0.057196,1.093748,0.769599,2.099978
H2_256C_quantized_all,1089-134686-0002.wav,generated_audios/generated_H2_256C_int8/1089-134686-0002_generated.wav,6.625034,0.377511,0.374369,0.056983,0.056508,1.142592,0.823275,1.701313
H2_256C_quantized_all,1089-134686-0003.wav,generated_audios/generated_H2_256C_int8/1089-134686-0003_generated.wav,2.68,0.161544,0.158047,0.060278,0.058973,1.158501,0.849563,1.968167
H2_256C_quantized_all,1089-134686-0004.wav,generated_audios/generated_H2_256C_int8/1089-134686-0004_generated.wav,5.215102,0.30176,0.297983,0.057863,0.057138,1.186134,0.900288,1.777003
H2_256C_quantized_all,1089-134686-0005.wav,generated_audios/generated_H2_256C_int8/1089-134686-0005_generated.wav,9.635011,0.528469,0.523837,0.054849,0.054368,1.088358,0.749058,1.844428
H2_256C_quantized_all,1089-134686-0006.wav,generated_audios/generated_H2_256C_int8/1089-134686-0006_generated.wav,10.555011,0.586361,0.582145,0.055553,0.055153,1.113335,0.806026,1.810774
H2_256C_quantized_all,1089-134686-0007.wav,generated_audios/generated_H2_256C_int8/1089-134686-0007_generated.wav,4.275011,0.256649,0.253062,0.060035,0.059196,1.096174,0.778227,2.050853
H2_256C_quantized_all,1089-134686-0008.wav,generated_audios/generated_H2_256C_int8/1089-134686-0008_generated.wav,6.730023,0.38507,0.381261,0.057217,0.056651,1.092666,0.763462,1.867819
H2_256C_quantized_all,1089-134686-0009.wav,generated_audios/generated_H2_256C_int8/1089-134686-0009_generated.wav,10.575011,0.599025,0.594485,0.056645,0.056216,1.134883,0.855304,1.911616
H2_256C_quantized_all,1089-134686-0010.wav,generated_audios/generated_H2_256C_int8/1089-134686-0010_generated.wav,4.405034,0.253769,0.24997,0.057609,0.056746,1.250814,0.899933,1.511801
H2_256C_quantized_all,1089-134686-0011.wav,generated_audios/generated_H2_256C_int8/1089-134686-0011_generated.wav,12.445034,0.68423,0.68048,0.05498,0.054679,1.109384,0.808084,1.655795
H2_256C_quantized_all,1089-134686-0012.wav,generated_audios/generated_H2_256C_int8/1089-134686-0012_generated.wav,11.64,0.648077,0.64407,0.055677,0.055332,1.125438,0.774518,1.845776
H2_256C_quantized_all,1089-134686-0013.wav,generated_audios/generated_H2_256C_int8/1089-134686-0013_generated.wav,7.915011,0.438951,0.434813,0.055458,0.054935,1.099755,0.79032,1.825942
H2_256C_quantized_all,1089-134686-0014.wav,generated_audios/generated_H2_256C_int8/1089-134686-0014_generated.wav,2.225034,0.129946,0.126481,0.058402,0.056844,1.217237,0.884719,1.857155
H2_256C_quantized_all,1089-134686-0015.wav,generated_audios/generated_H2_256C_int8/1089-134686-0015_generated.wav,5.815011,0.325435,0.321765,0.055965,0.055334,1.161504,0.80186,2.154667
H2_256C_quantized_all,1089-134686-0016.wav,generated_audios/generated_H2_256C_int8/1089-134686-0016_generated.wav,3.54,0.216756,0.213221,0.06123,0.060232,1.139252,0.835866,1.904655
H2_256C_quantized_all,1089-134686-0017.wav,generated_audios/generated_H2_256C_int8/1089-134686-0017_generated.wav,8.870023,0.496108,0.491528,0.055931,0.055415,1.116173,0.839549,1.742188
H2_256C_quantized_all,1089-134686-0018.wav,generated_audios/generated_H2_256C_int8/1089-134686-0018_generated.wav,15.72,0.868547,0.863685,0.055251,0.054942,1.093975,0.777557,1.771974
H2_256C_quantized_all,1089-134686-0019.wav,generated_audios/generated_H2_256C_int8/1089-134686-0019_generated.wav,13.895011,0.764756,0.759877,0.055038,0.054687,1.103619,0.813669,1.655681
H2_256C_quantized_all,1089-134686-0020.wav,generated_audios/generated_H2_256C_int8/1089-134686-0020_generated.wav,16.790023,0.926115,0.92142,0.055159,0.054879,1.106812,0.799597,1.762678
H2_256C_quantized_all,1089-134686-0021.wav,generated_audios/generated_H2_256C_int8/1089-134686-0021_generated.wav,6.550023,0.374866,0.371069,0.057231,0.056652,1.10566,0.810051,1.847
H2_256C_quantized_all,1089-134686-0022.wav,generated_audios/generated_H2_256C_int8/1089-134686-0022_generated.wav,11.175011,0.626793,0.622451,0.056089,0.0557,1.151965,0.814372,1.707945
H2_256C_quantized_all,1089-134686-0023.wav,generated_audios/generated_H2_256C_int8/1089-134686-0023_generated.wav,13.275011,0.732686,0.728857,0.055193,0.054904,1.090611,0.796134,1.790798
H2_256C_quantized_all,1089-134686-0024.wav,generated_audios/generated_H2_256C_int8/1089-134686-0024_generated.wav,11.655011,0.64338,0.639027,0.055202,0.054828,1.093557,0.783313,1.669083
H2_256C_quantized_all,1089-134686-0025.wav,generated_audios/generated_H2_256C_int8/1089-134686-0025_generated.wav,6.610023,0.374804,0.370893,0.056702,0.056111,1.109584,0.84703,1.968511
H2_256C_quantized_all,1089-134686-0026.wav,generated_audios/generated_H2_256C_int8/1089-134686-0026_generated.wav,4.010023,0.229497,0.22582,0.057231,0.056314,1.157242,0.820745,1.864687
H2_256C_quantized_all,1089-134686-0027.wav,generated_audios/generated_H2_256C_int8/1089-134686-0027_generated.wav,2.710023,0.157677,0.154233,0.058183,0.056912,1.189044,0.889219,1.72688
H2_256C_quantized_all,1089-134686-0028.wav,generated_audios/generated_H2_256C_int8/1089-134686-0028_generated.wav,7.830023,0.43687,0.433169,0.055794,0.055321,1.155962,0.84269,1.504287
H2_256C_quantized_all,1089-134686-0029.wav,generated_audios/generated_H2_256C_int8/1089-134686-0029_generated.wav,4.670023,0.261783,0.258046,0.056056,0.055256,1.19228,0.852422,1.671883
H2_256C_quantized_all,1089-134686-0030.wav,generated_audios/generated_H2_256C_int8/1089-134686-0030_generated.wav,2.715011,0.160528,0.157162,0.059126,0.057886,1.196374,0.900341,1.532334
H2_256C_quantized_all,1089-134686-0031.wav,generated_audios/generated_H2_256C_int8/1089-134686-0031_generated.wav,6.615011,0.378016,0.374041,0.057145,0.056544,1.132043,0.773574,1.894875
H2_256C_quantized_all,121-121726-0000.wav,generated_audios/generated_H2_256C_int8/121-121726-0000_generated.wav,8.46,0.470291,0.466586,0.05559,0.055152,1.146804,0.853217,1.75835
H2_256C_quantized_all,121-121726-0001.wav,generated_audios/generated_H2_256C_int8/121-121726-0001_generated.wav,5.925034,0.332045,0.328198,0.056041,0.055392,1.302876,0.874194,1.316259
H2_256C_quantized_all,121-121726-0002.wav,generated_audios/generated_H2_256C_int8/121-121726-0002_generated.wav,4.410023,0.251992,0.248391,0.057141,0.056324,1.246003,0.817704,2.214477
H2_256C_quantized_all,121-121726-0003.wav,generated_audios/generated_H2_256C_int8/121-121726-0003_generated.wav,6.755011,0.392347,0.388616,0.058082,0.05753,1.276758,0.870327,1.31537
H2_256C_quantized_all,121-121726-0004.wav,generated_audios/generated_H2_256C_int8/121-121726-0004_generated.wav,4.02,0.237304,0.233665,0.059031,0.058126,1.115033,0.863727,1.720217
H2_256C_quantized_all,121-121726-0005.wav,generated_audios/generated_H2_256C_int8/121-121726-0005_generated.wav,3.1,0.176736,0.173371,0.057012,0.055926,1.223658,0.931763,1.52373
H2_256C_quantized_all,121-121726-0006.wav,generated_audios/generated_H2_256C_int8/121-121726-0006_generated.wav,3.895011,0.214689,0.211136,0.055119,0.054207,1.35373,0.859893,1.616865
H2_256C_quantized_all,121-121726-0007.wav,generated_audios/generated_H2_256C_int8/121-121726-0007_generated.wav,6.730023,0.367642,0.363759,0.054627,0.05405,1.119144,0.881994,1.327358
H2_256C_quantized_all,121-121726-0008.wav,generated_audios/generated_H2_256C_int8/121-121726-0008_generated.wav,4.990023,0.271467,0.267717,0.054402,0.05365,1.229871,0.878298,1.436926
H2_256C_quantized_all,121-121726-0009.wav,generated_audios/generated_H2_256C_int8/121-121726-0009_generated.wav,7.26,0.395419,0.391601,0.054465,0.05394,1.138993,0.856394,1.45471
H2_256C_quantized_all,121-121726-0010.wav,generated_audios/generated_H2_256C_int8/121-121726-0010_generated.wav,9.810023,0.549107,0.544823,0.055974,0.055537,1.142695,0.830122,1.574304
H2_256C_quantized_all,121-121726-0011.wav,generated_audios/generated_H2_256C_int8/121-121726-0011_generated.wav,4.035011,0.230441,0.226821,0.05711,0.056213,1.217369,0.891531,1.540679
H2_256C_quantized_all,121-121726-0012.wav,generated_audios/generated_H2_256C_int8/121-121726-0012_generated.wav,4.045034,0.228775,0.225529,0.056557,0.055755,1.179011,0.869029,2.497313
H2_256C_quantized_all,121-121726-0013.wav,generated_audios/generated_H2_256C_int8/121-121726-0013_generated.wav,2.490023,0.149891,0.146429,0.060197,0.058806,1.151608,0.834696,2.109596
H2_256C_quantized_all,121-121726-0014.wav,generated_audios/generated_H2_256C_int8/121-121726-0014_generated.wav,3.165034,0.199158,0.19591,0.062924,0.061898,1.417574,0.906905,1.555941
H2_256C_quantized_all,121-123852-0000.wav,generated_audios/generated_H2_256C_int8/121-123852-0000_generated.wav,17.695011,0.998588,0.993863,0.056433,0.056166,1.139029,0.860793,1.582121
H2_256C_quantized_all,121-123852-0001.wav,generated_audios/generated_H2_256C_int8/121-123852-0001_generated.wav,1.870023,0.116025,0.112785,0.062044,0.060312,1.087152,0.697187,2.085838
H2_256C_quantized_all,121-123852-0002.wav,generated_audios/generated_H2_256C_int8/121-123852-0002_generated.wav,17.285034,0.988612,0.984396,0.057195,0.056951,1.12229,0.829925,2.051678
H2_256C_quantized_all,121-123852-0003.wav,generated_audios/generated_H2_256C_int8/121-123852-0003_generated.wav,23.505034,1.310197,1.303611,0.055741,0.055461,1.101764,0.798561,2.059475
H2_256C_quantized_all,121-123852-0004.wav,generated_audios/generated_H2_256C_int8/121-123852-0004_generated.wav,16.290023,0.89876,0.893449,0.055172,0.054846,1.137208,0.835696,2.001847
H2_256C_quantized_all,121-123859-0000.wav,generated_audios/generated_H2_256C_int8/121-123859-0000_generated.wav,17.390023,0.94588,0.941047,0.054392,0.054114,1.092621,0.811127,2.12643
H2_256C_quantized_all,121-123859-0001.wav,generated_audios/generated_H2_256C_int8/121-123859-0001_generated.wav,25.395011,1.405136,1.399887,0.055331,0.055124,1.145582,0.850206,2.169925
H2_256C_quantized_all,121-123859-0002.wav,generated_audios/generated_H2_256C_int8/121-123859-0002_generated.wav,30.04,1.670696,1.664469,0.055616,0.055408,1.127681,0.834336,2.050142
H2_256C_quantized_all,121-123859-0003.wav,generated_audios/generated_H2_256C_int8/121-123859-0003_generated.wav,10.825034,0.600723,0.596608,0.055494,0.055114,1.150942,0.850657,2.110097
H2_256C_quantized_all,121-123859-0004.wav,generated_audios/generated_H2_256C_int8/121-123859-0004_generated.wav,9.505034,0.532162,0.527872,0.055987,0.055536,1.112704,0.832505,2.159957
H2_256C_quantized_all,121-127105-0000.wav,generated_audios/generated_H2_256C_int8/121-127105-0000_generated.wav,9.875011,0.562405,0.557871,0.056952,0.056493,1.122995,0.818691,1.254475
H2_256C_quantized_all,121-127105-0001.wav,generated_audios/generated_H2_256C_int8/121-127105-0001_generated.wav,5.025034,0.286941,0.283146,0.057102,0.056347,1.148208,0.834921,1.290982
H2_256C_quantized_all,121-127105-0002.wav,generated_audios/generated_H2_256C_int8/121-127105-0002_generated.wav,7.495011,0.404009,0.401404,0.053904,0.053556,1.124421,0.836684,1.452735
H2_256C_quantized_all,121-127105-0003.wav,generated_audios/generated_H2_256C_int8/121-127105-0003_generated.wav,7.725034,0.418984,0.415057,0.054237,0.053729,1.194879,0.857053,1.38677
H2_256C_quantized_all,121-127105-0004.wav,generated_audios/generated_H2_256C_int8/121-127105-0004_generated.wav,2.110023,0.123389,0.120137,0.058478,0.056936,1.068465,0.864714,1.452437
H2_256C_quantized_all,121-127105-0005.wav,generated_audios/generated_H2_256C_int8/121-127105-0005_generated.wav,5.82,0.320266,0.317168,0.055029,0.054496,1.157917,0.862628,1.080047
H2_256C_quantized_all,121-127105-0006.wav,generated_audios/generated_H2_256C_int8/121-127105-0006_generated.wav,4.725034,0.264579,0.260975,0.055995,0.055232,1.088335,0.844752,1.327895
H2_256C_quantized_all,121-127105-0007.wav,generated_audios/generated_H2_256C_int8/121-127105-0007_generated.wav,5.790023,0.327279,0.323634,0.056525,0.055895,1.127565,0.855425,1.385096
H2_256C_quantized_all,121-127105-0008.wav,generated_audios/generated_H2_256C_int8/121-127105-0008_generated.wav,2.76,0.16174,0.158561,0.058602,0.05745,1.132978,0.815063,1.682954
H2_256C_quantized_all,121-127105-0009.wav,generated_audios/generated_H2_256C_int8/121-127105-0009_generated.wav,2.290023,0.13841,0.136004,0.06044,0.05939,1.088436,0.813536,1.475908
H2_256C_quantized_all,121-127105-0010.wav,generated_audios/generated_H2_256C_int8/121-127105-0010_generated.wav,2.850023,0.168049,0.164791,0.058964,0.057821,1.12089,0.834296,1.324436
H2_256C_quantized_all,121-127105-0011.wav,generated_audios/generated_H2_256C_int8/121-127105-0011_generated.wav,5.78,0.328947,0.325109,0.056911,0.056247,1.131328,0.813711,1.301795
H2_256C_quantized_all,121-127105-0012.wav,generated_audios/generated_H2_256C_int8/121-127105-0012_generated.wav,4.830023,0.295894,0.292515,0.061262,0.060562,1.051662,0.785848,1.669837
H2_256C_quantized_all,121-127105-0013.wav,generated_audios/generated_H2_256C_int8/121-127105-0013_generated.wav,5.895011,0.339048,0.335292,0.057514,0.056877,1.111366,0.816571,1.331631
H2_256C_quantized_all,121-127105-0014.wav,generated_audios/generated_H2_256C_int8/121-127105-0014_generated.wav,2.255011,0.139936,0.136414,0.062056,0.060494,1.181808,0.777366,1.490788
H2_256C_quantized_all,121-127105-0015.wav,generated_audios/generated_H2_256C_int8/121-127105-0015_generated.wav,2.96,0.176459,0.17371,0.059614,0.058686,1.136367,0.814315,1.492621
H2_256C_quantized_all,121-127105-0016.wav,generated_audios/generated_H2_256C_int8/121-127105-0016_generated.wav,2.030023,0.127565,0.124334,0.062839,0.061248,1.148566,0.867569,1.443132
H2_256C_quantized_all,121-127105-0017.wav,generated_audios/generated_H2_256C_int8/121-127105-0017_generated.wav,2.695011,0.160269,0.15763,0.059469,0.05849,1.136686,0.846211,1.454583
H2_256C_quantized_all,121-127105-0018.wav,generated_audios/generated_H2_256C_int8/121-127105-0018_generated.wav,2.770023,0.165917,0.162597,0.059897,0.058699,1.099514,0.782795,1.48267
H2_256C_quantized_all,121-127105-0019.wav,generated_audios/generated_H2_256C_int8/121-127105-0019_generated.wav,3.525034,0.199048,0.196372,0.056467,0.055708,1.098705,0.813574,1.288938
H2_256C_quantized_all,121-127105-0020.wav,generated_audios/generated_H2_256C_int8/121-127105-0020_generated.wav,14.355011,0.777443,0.772969,0.054158,0.053847,1.159925,0.852566,1.287167
H2_256C_quantized_all,121-127105-0021.wav,generated_audios/generated_H2_256C_int8/121-127105-0021_generated.wav,2.0,0.120964,0.11805,0.060482,0.059025,1.118854,0.854534,1.354897
H2_256C_quantized_all,121-127105-0022.wav,generated_audios/generated_H2_256C_int8/121-127105-0022_generated.wav,5.075011,0.284667,0.281617,0.056092,0.055491,1.236937,0.845208,1.358116
H2_256C_quantized_all,121-127105-0023.wav,generated_audios/generated_H2_256C_int8/121-127105-0023_generated.wav,10.910023,0.598895,0.594785,0.054894,0.054517,1.171274,0.847342,1.323702
H2_256C_quantized_all,121-127105-0024.wav,generated_audios/generated_H2_256C_int8/121-127105-0024_generated.wav,14.450023,0.79248,0.787657,0.054843,0.054509,1.14762,0.822571,1.520868
H2_256C_quantized_all,121-127105-0025.wav,generated_audios/generated_H2_256C_int8/121-127105-0025_generated.wav,16.065034,0.876858,0.87164,0.054582,0.054257,1.156633,0.841052,1.231361
H2_256C_quantized_all,121-127105-0026.wav,generated_audios/generated_H2_256C_int8/121-127105-0026_generated.wav,7.530023,0.418974,0.415263,0.05564,0.055148,1.166986,0.860577,1.472236
H2_256C_quantized_all,121-127105-0027.wav,generated_audios/generated_H2_256C_int8/121-127105-0027_generated.wav,13.870023,0.758605,0.753929,0.054694,0.054357,1.178505,0.840961,1.314594
H2_256C_quantized_all,121-127105-0028.wav,generated_audios/generated_H2_256C_int8/121-127105-0028_generated.wav,6.750023,0.375603,0.371738,0.055645,0.055072,1.215707,0.86382,0.976734
H2_256C_quantized_all,121-127105-0029.wav,generated_audios/generated_H2_256C_int8/121-127105-0029_generated.wav,7.310023,0.404842,0.401179,0.055382,0.054881,1.165608,0.857354,1.35673
H2_256C_quantized_all,121-127105-0030.wav,generated_audios/generated_H2_256C_int8/121-127105-0030_generated.wav,2.175011,0.129609,0.12684,0.05959,0.058317,1.10802,0.827136,1.921203
H2_256C_quantized_all,121-127105-0031.wav,generated_audios/generated_H2_256C_int8/121-127105-0031_generated.wav,10.765034,0.604712,0.601276,0.056174,0.055855,1.144798,0.735178,2.069305
H2_256C_quantized_all,121-127105-0032.wav,generated_audios/generated_H2_256C_int8/121-127105-0032_generated.wav,3.170023,0.183793,0.180399,0.057978,0.056908,1.149118,0.864466,1.686136
H2_256C_quantized_all,121-127105-0033.wav,generated_audios/generated_H2_256C_int8/121-127105-0033_generated.wav,2.355011,0.137341,0.13473,0.058318,0.05721,1.216847,0.803147,2.056396
H2_256C_quantized_all,121-127105-0034.wav,generated_audios/generated_H2_256C_int8/121-127105-0034_generated.wav,7.410023,0.407835,0.404339,0.055038,0.054566,1.157269,0.820237,2.076369
H2_256C_quantized_all,121-127105-0035.wav,generated_audios/generated_H2_256C_int8/121-127105-0035_generated.wav,14.150023,0.76251,0.758126,0.053888,0.053578,1.156139,0.810627,2.208662
H2_256C_quantized_all,121-127105-0036.wav,generated_audios/generated_H2_256C_int8/121-127105-0036_generated.wav,4.150023,0.229597,0.226072,0.055324,0.054475,1.233918,0.804475,2.090176
H2_256C_quantized_all,237-126133-0000.wav,generated_audios/generated_H2_256C_int8/237-126133-0000_generated.wav,13.290023,0.713599,0.708937,0.053694,0.053344,1.147247,0.799393,1.805011
H2_256C_quantized_all,237-126133-0001.wav,generated_audios/generated_H2_256C_int8/237-126133-0001_generated.wav,11.965034,0.645566,0.641189,0.053954,0.053589,1.124007,0.778189,1.813179
H2_256C_quantized_all,237-126133-0002.wav,generated_audios/generated_H2_256C_int8/237-126133-0002_generated.wav,8.92,0.594227,0.590204,0.066617,0.066166,1.078539,0.781189,2.115849
H2_256C_quantized_all,237-126133-0003.wav,generated_audios/generated_H2_256C_int8/237-126133-0003_generated.wav,6.56,0.375975,0.372008,0.057313,0.056708,1.089307,0.713907,1.878428
H2_256C_quantized_all,237-126133-0004.wav,generated_audios/generated_H2_256C_int8/237-126133-0004_generated.wav,3.295011,0.192983,0.189354,0.058568,0.057467,1.099074,0.77624,1.948226
H2_256C_quantized_all,237-126133-0005.wav,generated_audios/generated_H2_256C_int8/237-126133-0005_generated.wav,6.510023,0.377619,0.373643,0.058006,0.057395,1.149939,0.792135,1.859763
H2_256C_quantized_all,237-126133-0006.wav,generated_audios/generated_H2_256C_int8/237-126133-0006_generated.wav,6.150023,0.352173,0.348188,0.057264,0.056616,1.188404,0.842103,2.12596
H2_256C_quantized_all,237-126133-0007.wav,generated_audios/generated_H2_256C_int8/237-126133-0007_generated.wav,8.68,0.490186,0.48607,0.056473,0.055999,1.126817,0.79507,1.94582
H2_256C_quantized_all,237-126133-0008.wav,generated_audios/generated_H2_256C_int8/237-126133-0008_generated.wav,3.865034,0.225223,0.221558,0.058272,0.057324,1.094909,0.76349,1.980772
H2_256C_quantized_all,237-126133-0009.wav,generated_audios/generated_H2_256C_int8/237-126133-0009_generated.wav,3.970023,0.229596,0.226208,0.057833,0.056979,1.131852,0.805382,2.001827
H2_256C_quantized_all,237-126133-0010.wav,generated_audios/generated_H2_256C_int8/237-126133-0010_generated.wav,6.24,0.35863,0.355254,0.057473,0.056932,1.101929,0.771456,1.905214
H2_256C_quantized_all,237-126133-0011.wav,generated_audios/generated_H2_256C_int8/237-126133-0011_generated.wav,6.710023,0.382962,0.378948,0.057073,0.056475,1.172125,0.803965,2.064171
H2_256C_quantized_all,237-126133-0012.wav,generated_audios/generated_H2_256C_int8/237-126133-0012_generated.wav,4.450023,0.255265,0.251679,0.057363,0.056557,1.117848,0.746786,1.955002
H2_256C_quantized_all,237-126133-0013.wav,generated_audios/generated_H2_256C_int8/237-126133-0013_generated.wav,6.815011,0.390722,0.386776,0.057333,0.056754,1.117268,0.770087,2.190082
H2_256C_quantized_all,237-126133-0014.wav,generated_audios/generated_H2_256C_int8/237-126133-0014_generated.wav,6.790023,0.388694,0.384659,0.057245,0.056651,1.122118,0.774907,1.74861
H2_256C_quantized_all,237-126133-0015.wav,generated_audios/generated_H2_256C_int8/237-126133-0015_generated.wav,9.34,0.529735,0.525243,0.056717,0.056236,1.132038,0.778795,1.997613
H2_256C_quantized_all,237-126133-0016.wav,generated_audios/generated_H2_256C_int8/237-126133-0016_generated.wav,4.250023,0.250839,0.247273,0.059021,0.058182,1.170091,0.824345,2.017589
H2_256C_quantized_all,237-126133-0017.wav,generated_audios/generated_H2_256C_int8/237-126133-0017_generated.wav,6.210023,0.355469,0.351682,0.057241,0.056631,1.231559,0.824152,1.951145
H2_256C_quantized_all,237-126133-0018.wav,generated_audios/generated_H2_256C_int8/237-126133-0018_generated.wav,4.095011,0.253525,0.25067,0.061911,0.061214,1.102055,0.688685,2.321343
H2_256C_quantized_all,237-126133-0019.wav,generated_audios/generated_H2_256C_int8/237-126133-0019_generated.wav,7.12,0.406496,0.402733,0.057092,0.056564,1.155017,0.767812,1.965832
H2_256C_quantized_all,237-126133-0020.wav,generated_audios/generated_H2_256C_int8/237-126133-0020_generated.wav,2.24,0.160467,0.156994,0.071637,0.070087,1.189611,0.820951,1.89102
H2_256C_quantized_all,237-126133-0021.wav,generated_audios/generated_H2_256C_int8/237-126133-0021_generated.wav,4.365034,0.255354,0.25193,0.0585,0.057716,1.092616,0.729644,2.191023
H2_256C_quantized_all,237-126133-0022.wav,generated_audios/generated_H2_256C_int8/237-126133-0022_generated.wav,5.04,0.290781,0.287166,0.057695,0.056977,1.17241,0.790582,1.988159
H2_256C_quantized_all,237-126133-0023.wav,generated_audios/generated_H2_256C_int8/237-126133-0023_generated.wav,6.675011,0.385697,0.381563,0.057782,0.057163,1.101348,0.7863,1.887323
H2_256C_quantized_all,237-126133-0024.wav,generated_audios/generated_H2_256C_int8/237-126133-0024_generated.wav,9.665034,0.60806,0.603634,0.062913,0.062455,1.203816,0.816495,1.673811
H2_256C_quantized_all,237-126133-0025.wav,generated_audios/generated_H2_256C_int8/237-126133-0025_generated.wav,3.755011,0.217692,0.214081,0.057974,0.057012,1.184529,0.795063,1.898997
H2_256C_quantized_all,237-134493-0000.wav,generated_audios/generated_H2_256C_int8/237-134493-0000_generated.wav,4.105034,0.241225,0.237574,0.058763,0.057874,1.302799,0.868979,1.225417
H2_256C_quantized_all,237-134493-0001.wav,generated_audios/generated_H2_256C_int8/237-134493-0001_generated.wav,7.38,0.419032,0.415523,0.056779,0.056304,1.363212,0.883792,1.174209
H2_256C_quantized_all,237-134493-0002.wav,generated_audios/generated_H2_256C_int8/237-134493-0002_generated.wav,11.395011,0.644675,0.640255,0.056575,0.056187,1.461475,0.895039,1.304867
H2_256C_quantized_all,237-134493-0003.wav,generated_audios/generated_H2_256C_int8/237-134493-0003_generated.wav,12.765034,0.719305,0.715042,0.05635,0.056016,1.334874,0.902429,1.163744
H2_256C_quantized_all,237-134493-0004.wav,generated_audios/generated_H2_256C_int8/237-134493-0004_generated.wav,6.825034,0.38965,0.38626,0.057091,0.056595,1.498323,0.904783,1.111146
H2_256C_quantized_all,237-134493-0005.wav,generated_audios/generated_H2_256C_int8/237-134493-0005_generated.wav,10.945034,0.620242,0.615722,0.056669,0.056256,1.431836,0.892031,1.145741
H2_256C_quantized_all,237-134493-0006.wav,generated_audios/generated_H2_256C_int8/237-134493-0006_generated.wav,4.395011,0.257552,0.25473,0.058601,0.057959,1.640328,0.937352,1.053157
H2_256C_quantized_all,237-134493-0007.wav,generated_audios/generated_H2_256C_int8/237-134493-0007_generated.wav,2.035011,0.127275,0.12398,0.062543,0.060924,1.398324,0.864526,1.012584
H2_256C_quantized_all,237-134493-0008.wav,generated_audios/generated_H2_256C_int8/237-134493-0008_generated.wav,2.305034,0.140771,0.137317,0.061071,0.059573,1.377503,0.839598,1.474634
H2_256C_quantized_all,237-134493-0009.wav,generated_audios/generated_H2_256C_int8/237-134493-0009_generated.wav,2.975011,0.292334,0.28885,0.098263,0.097092,1.414338,0.919188,1.268161
H2_256C_quantized_all,237-134493-0010.wav,generated_audios/generated_H2_256C_int8/237-134493-0010_generated.wav,2.875011,0.173192,0.170062,0.060241,0.059152,1.355487,0.869607,1.169466
H2_256C_quantized_all,237-134493-0011.wav,generated_audios/generated_H2_256C_int8/237-134493-0011_generated.wav,5.035011,0.291627,0.288066,0.05792,0.057213,1.478381,0.910278,1.031868
H2_256C_quantized_all,237-134493-0012.wav,generated_audios/generated_H2_256C_int8/237-134493-0012_generated.wav,3.66,0.21542,0.211698,0.058858,0.057841,1.499659,0.917343,1.195716
H2_256C_quantized_all,237-134493-0013.wav,generated_audios/generated_H2_256C_int8/237-134493-0013_generated.wav,4.090023,0.253679,0.250355,0.062024,0.061211,1.544265,0.890048,1.053146
H2_256C_quantized_all,237-134493-0014.wav,generated_audios/generated_H2_256C_int8/237-134493-0014_generated.wav,3.7,0.216687,0.213539,0.058564,0.057713,1.411966,0.903532,1.17484
H2_256C_quantized_all,237-134493-0015.wav,generated_audios/generated_H2_256C_int8/237-134493-0015_generated.wav,6.550023,0.375498,0.372121,0.057328,0.056812,1.384815,0.890396,1.077621
H2_256C_quantized_all,237-134493-0016.wav,generated_audios/generated_H2_256C_int8/237-134493-0016_generated.wav,10.085034,0.57516,0.570745,0.057031,0.056593,1.434437,0.913643,1.041154
H2_256C_quantized_all,237-134493-0017.wav,generated_audios/generated_H2_256C_int8/237-134493-0017_generated.wav,9.105034,0.537573,0.533643,0.059041,0.05861,1.408868,0.901644,1.09836
H2_256C_quantized_all,237-134493-0018.wav,generated_audios/generated_H2_256C_int8/237-134493-0018_generated.wav,4.790023,0.280198,0.276922,0.058496,0.057812,1.47621,0.927344,1.098717
H2_256C_quantized_all,237-134500-0000.wav,generated_audios/generated_H2_256C_int8/237-134500-0000_generated.wav,6.130023,0.355984,0.352577,0.058072,0.057516,1.366767,0.87775,1.383044
H2_256C_quantized_all,237-134500-0001.wav,generated_audios/generated_H2_256C_int8/237-134500-0001_generated.wav,1.810023,0.116631,0.113457,0.064436,0.062683,1.413518,0.85594,1.53648
H2_256C_quantized_all,237-134500-0002.wav,generated_audios/generated_H2_256C_int8/237-134500-0002_generated.wav,5.070023,0.294746,0.2918,0.058135,0.057554,1.402154,0.921344,1.190515
H2_256C_quantized_all,237-134500-0003.wav,generated_audios/generated_H2_256C_int8/237-134500-0003_generated.wav,3.170023,0.188025,0.184789,0.059313,0.058293,1.216249,0.868923,1.322534
H2_256C_quantized_all,237-134500-0004.wav,generated_audios/generated_H2_256C_int8/237-134500-0004_generated.wav,2.225034,0.135003,0.131552,0.060674,0.059124,1.446189,0.912429,1.30578
H2_256C_quantized_all,237-134500-0005.wav,generated_audios/generated_H2_256C_int8/237-134500-0005_generated.wav,2.390023,0.143535,0.140212,0.060056,0.058665,1.415738,0.913676,1.265518
H2_256C_quantized_all,237-134500-0006.wav,generated_audios/generated_H2_256C_int8/237-134500-0006_generated.wav,4.225034,0.244753,0.24201,0.057929,0.05728,1.392486,0.896993,1.209106
H2_256C_quantized_all,237-134500-0007.wav,generated_audios/generated_H2_256C_int8/237-134500-0007_generated.wav,2.390023,0.14492,0.141739,0.060635,0.059304,1.319651,0.877006,1.291555
H2_256C_quantized_all,237-134500-0008.wav,generated_audios/generated_H2_256C_int8/237-134500-0008_generated.wav,3.76,0.219822,0.216208,0.058463,0.057502,1.438516,0.863071,1.447599
H2_256C_quantized_all,237-134500-0009.wav,generated_audios/generated_H2_256C_int8/237-134500-0009_generated.wav,2.22,0.136475,0.133321,0.061475,0.060055,1.307008,0.854646,1.305431
H2_256C_quantized_all,237-134500-0010.wav,generated_audios/generated_H2_256C_int8/237-134500-0010_generated.wav,3.995011,0.231981,0.22829,0.058068,0.057144,1.447209,0.908107,1.152673
H2_256C_quantized_all,237-134500-0011.wav,generated_audios/generated_H2_256C_int8/237-134500-0011_generated.wav,3.350023,0.209703,0.206212,0.062598,0.061555,1.514612,0.889804,1.260636
H2_256C_quantized_all,237-134500-0012.wav,generated_audios/generated_H2_256C_int8/237-134500-0012_generated.wav,10.935011,0.617879,0.613332,0.056505,0.056089,1.283203,0.876828,1.274596
H2_256C_quantized_all,237-134500-0013.wav,generated_audios/generated_H2_256C_int8/237-134500-0013_generated.wav,10.56,0.598662,0.595244,0.056691,0.056368,1.269684,0.904059,1.249182
H2_256C_quantized_all,237-134500-0014.wav,generated_audios/generated_H2_256C_int8/237-134500-0014_generated.wav,4.250023,0.253184,0.250307,0.059572,0.058896,1.278831,0.86485,1.269689
H2_256C_quantized_all,237-134500-0015.wav,generated_audios/generated_H2_256C_int8/237-134500-0015_generated.wav,10.815011,0.609386,0.605262,0.056346,0.055965,1.279192,0.901128,1.258653
H2_256C_quantized_all,237-134500-0016.wav,generated_audios/generated_H2_256C_int8/237-134500-0016_generated.wav,3.16,0.190053,0.186545,0.060143,0.059033,1.221551,0.843474,1.620161
H2_256C_quantized_all,237-134500-0017.wav,generated_audios/generated_H2_256C_int8/237-134500-0017_generated.wav,2.18,0.135264,0.132038,0.062048,0.060568,1.452015,0.916365,1.320954
H2_256C_quantized_all,237-134500-0018.wav,generated_audios/generated_H2_256C_int8/237-134500-0018_generated.wav,12.845034,0.726712,0.722205,0.056575,0.056224,1.271989,0.86899,1.401241
H2_256C_quantized_all,237-134500-0019.wav,generated_audios/generated_H2_256C_int8/237-134500-0019_generated.wav,2.86,0.170446,0.16699,0.059597,0.058388,1.297553,0.852884,1.494961
H2_256C_quantized_all,237-134500-0020.wav,generated_audios/generated_H2_256C_int8/237-134500-0020_generated.wav,2.18,0.13427,0.130798,0.061592,0.059999,1.431562,0.929322,1.973203
H2_256C_quantized_all,237-134500-0021.wav,generated_audios/generated_H2_256C_int8/237-134500-0021_generated.wav,5.12,0.296828,0.294029,0.057974,0.057427,1.288726,0.834991,1.468853
H2_256C_quantized_all,237-134500-0022.wav,generated_audios/generated_H2_256C_int8/237-134500-0022_generated.wav,5.165034,0.294726,0.291483,0.057062,0.056434,1.226429,0.865929,1.383528
H2_256C_quantized_all,237-134500-0023.wav,generated_audios/generated_H2_256C_int8/237-134500-0023_generated.wav,3.06,0.182454,0.179094,0.059625,0.058527,1.314104,0.86825,1.393451
H2_256C_quantized_all,237-134500-0024.wav,generated_audios/generated_H2_256C_int8/237-134500-0024_generated.wav,4.410023,0.25508,0.251316,0.057841,0.056987,1.330621,0.875546,1.443148
H2_256C_quantized_all,237-134500-0025.wav,generated_audios/generated_H2_256C_int8/237-134500-0025_generated.wav,1.630023,0.103273,0.100847,0.063357,0.061868,1.243839,0.844635,1.991227
H2_256C_quantized_all,237-134500-0026.wav,generated_audios/generated_H2_256C_int8/237-134500-0026_generated.wav,3.050023,0.180049,0.176726,0.059032,0.057942,1.329374,0.880563,1.469281
H2_256C_quantized_all,237-134500-0027.wav,generated_audios/generated_H2_256C_int8/237-134500-0027_generated.wav,3.270023,0.194446,0.190979,0.059463,0.058403,1.269203,0.839685,1.435672
H2_256C_quantized_all,237-134500-0028.wav,generated_audios/generated_H2_256C_int8/237-134500-0028_generated.wav,4.524943,0.262529,0.25954,0.058018,0.057358,1.303593,0.866333,1.556422
H2_256C_quantized_all,237-134500-0029.wav,generated_audios/generated_H2_256C_int8/237-134500-0029_generated.wav,2.065034,0.130499,0.127169,0.063195,0.061582,1.215209,0.898488,1.271486
H2_256C_quantized_all,237-134500-0030.wav,generated_audios/generated_H2_256C_int8/237-134500-0030_generated.wav,2.78,0.168068,0.164987,0.060456,0.059348,1.343367,0.90531,1.463783
H2_256C_quantized_all,237-134500-0031.wav,generated_audios/generated_H2_256C_int8/237-134500-0031_generated.wav,10.610023,0.601514,0.597454,0.056693,0.05631,1.374445,0.89319,1.336665
H2_256C_quantized_all,237-134500-0032.wav,generated_audios/generated_H2_256C_int8/237-134500-0032_generated.wav,5.025034,0.300229,0.296879,0.059747,0.05908,1.210967,0.893863,1.458398
H2_256C_quantized_all,237-134500-0033.wav,generated_audios/generated_H2_256C_int8/237-134500-0033_generated.wav,6.350023,0.365532,0.361689,0.057564,0.056959,1.285032,0.832408,1.544607
H2_256C_quantized_all,237-134500-0034.wav,generated_audios/generated_H2_256C_int8/237-134500-0034_generated.wav,3.075011,0.186131,0.182798,0.06053,0.059446,1.233242,0.794782,1.875029
H2_256C_quantized_all,237-134500-0035.wav,generated_audios/generated_H2_256C_int8/237-134500-0035_generated.wav,2.555011,0.153659,0.150387,0.06014,0.05886,1.192437,0.865092,1.642134
H2_256C_quantized_all,237-134500-0036.wav,generated_audios/generated_H2_256C_int8/237-134500-0036_generated.wav,6.6,0.383559,0.379562,0.058115,0.057509,1.226525,0.859966,1.564563
H2_256C_quantized_all,237-134500-0037.wav,generated_audios/generated_H2_256C_int8/237-134500-0037_generated.wav,7.105034,0.407802,0.403815,0.057396,0.056835,1.321984,0.857108,1.380042
H2_256C_quantized_all,237-134500-0038.wav,generated_audios/generated_H2_256C_int8/237-134500-0038_generated.wav,2.435011,0.146206,0.143189,0.060043,0.058804,1.281787,0.877793,1.312337
H2_256C_quantized_all,237-134500-0039.wav,generated_audios/generated_H2_256C_int8/237-134500-0039_generated.wav,4.630023,0.268935,0.266222,0.058085,0.057499,1.243624,0.847953,1.439401
H2_256C_quantized_all,237-134500-0040.wav,generated_audios/generated_H2_256C_int8/237-134500-0040_generated.wav,4.030023,0.233994,0.230299,0.058063,0.057146,1.318237,0.892054,1.412303
H2_256C_quantized_all,237-134500-0041.wav,generated_audios/generated_H2_256C_int8/237-134500-0041_generated.wav,8.92,0.608733,0.604445,0.068244,0.067763,1.285509,0.892733,1.602577
H2_256C_quantized_all,237-134500-0042.wav,generated_audios/generated_H2_256C_int8/237-134500-0042_generated.wav,2.575011,0.157995,0.154724,0.061357,0.060087,1.2846,0.818047,1.640239
H2_256C_quantized_all,260-123286-0000.wav,generated_audios/generated_H2_256C_int8/260-123286-0000_generated.wav,7.04,0.404769,0.401274,0.057496,0.056999,1.214412,0.844947,1.946361
H2_256C_quantized_all,260-123286-0001.wav,generated_audios/generated_H2_256C_int8/260-123286-0001_generated.wav,3.070023,0.180578,0.177089,0.05882,0.057683,1.098429,0.798768,1.684228
H2_256C_quantized_all,260-123286-0002.wav,generated_audios/generated_H2_256C_int8/260-123286-0002_generated.wav,9.985034,0.56664,0.562387,0.056749,0.056323,1.128114,0.844107,1.352241
H2_256C_quantized_all,260-123286-0003.wav,generated_audios/generated_H2_256C_int8/260-123286-0003_generated.wav,7.370023,0.420131,0.416018,0.057005,0.056447,1.120579,0.789394,1.655424
H2_256C_quantized_all,260-123286-0004.wav,generated_audios/generated_H2_256C_int8/260-123286-0004_generated.wav,3.465034,0.205482,0.201893,0.059302,0.058266,1.09143,0.84196,1.887084
H2_256C_quantized_all,260-123286-0005.wav,generated_audios/generated_H2_256C_int8/260-123286-0005_generated.wav,4.810023,0.281948,0.279211,0.058617,0.058048,1.092884,0.798366,1.721896
H2_256C_quantized_all,260-123286-0006.wav,generated_audios/generated_H2_256C_int8/260-123286-0006_generated.wav,7.405034,0.423662,0.420529,0.057213,0.05679,1.182714,0.862944,1.358579
H2_256C_quantized_all,260-123286-0007.wav,generated_audios/generated_H2_256C_int8/260-123286-0007_generated.wav,4.550023,0.266015,0.262427,0.058464,0.057676,1.108692,0.830939,1.651766
H2_256C_quantized_all,260-123286-0008.wav,generated_audios/generated_H2_256C_int8/260-123286-0008_generated.wav,3.735011,0.222581,0.219031,0.059593,0.058643,1.131151,0.849562,1.635202
H2_256C_quantized_all,260-123286-0009.wav,generated_audios/generated_H2_256C_int8/260-123286-0009_generated.wav,5.795011,0.335561,0.331982,0.057905,0.057288,1.11673,0.827054,1.342111
H2_256C_quantized_all,260-123286-0010.wav,generated_audios/generated_H2_256C_int8/260-123286-0010_generated.wav,2.575011,0.159208,0.15545,0.061828,0.060369,1.146477,0.851493,1.836653
H2_256C_quantized_all,260-123286-0011.wav,generated_audios/generated_H2_256C_int8/260-123286-0011_generated.wav,4.255011,0.25204,0.248799,0.059234,0.058472,1.164297,0.816251,1.807489
H2_256C_quantized_all,260-123286-0012.wav,generated_audios/generated_H2_256C_int8/260-123286-0012_generated.wav,2.430023,0.148745,0.145381,0.061212,0.059827,1.119881,0.844273,1.712829
H2_256C_quantized_all,260-123286-0013.wav,generated_audios/generated_H2_256C_int8/260-123286-0013_generated.wav,4.730023,0.274191,0.270624,0.057968,0.057214,1.195462,0.855736,1.383083
H2_256C_quantized_all,260-123286-0014.wav,generated_audios/generated_H2_256C_int8/260-123286-0014_generated.wav,2.98,0.199396,0.196831,0.066912,0.066051,1.105793,0.789274,1.255639
H2_256C_quantized_all,260-123286-0015.wav,generated_audios/generated_H2_256C_int8/260-123286-0015_generated.wav,5.210023,0.334687,0.331819,0.064239,0.063689,1.211182,0.863666,1.870005
H2_256C_quantized_all,260-123286-0016.wav,generated_audios/generated_H2_256C_int8/260-123286-0016_generated.wav,7.0,0.40456,0.400817,0.057794,0.05726,1.135234,0.843818,1.396881
H2_256C_quantized_all,260-123286-0017.wav,generated_audios/generated_H2_256C_int8/260-123286-0017_generated.wav,3.975011,0.232085,0.228993,0.058386,0.057608,1.205668,0.864306,1.277807
H2_256C_quantized_all,260-123286-0018.wav,generated_audios/generated_H2_256C_int8/260-123286-0018_generated.wav,5.670023,0.326293,0.322489,0.057547,0.056876,1.140952,0.803258,1.499984
H2_256C_quantized_all,260-123286-0019.wav,generated_audios/generated_H2_256C_int8/260-123286-0019_generated.wav,11.905034,0.676868,0.672323,0.056856,0.056474,1.144735,0.841393,1.450505
H2_256C_quantized_all,260-123286-0020.wav,generated_audios/generated_H2_256C_int8/260-123286-0020_generated.wav,3.06,0.184792,0.181279,0.06039,0.059241,1.144302,0.827304,1.478206
H2_256C_quantized_all,260-123286-0021.wav,generated_audios/generated_H2_256C_int8/260-123286-0021_generated.wav,2.550023,0.1552,0.152509,0.060862,0.059807,1.184502,0.874819,1.912015
H2_256C_quantized_all,260-123286-0022.wav,generated_audios/generated_H2_256C_int8/260-123286-0022_generated.wav,3.235011,0.193336,0.18992,0.059764,0.058708,1.106883,0.855564,1.216105
H2_256C_quantized_all,260-123286-0023.wav,generated_audios/generated_H2_256C_int8/260-123286-0023_generated.wav,5.875011,0.346676,0.342818,0.059009,0.058352,1.138191,0.841613,1.477489
H2_256C_quantized_all,260-123286-0024.wav,generated_audios/generated_H2_256C_int8/260-123286-0024_generated.wav,3.04,0.182805,0.178832,0.060133,0.058826,1.288793,0.895688,1.543311
H2_256C_quantized_all,260-123286-0025.wav,generated_audios/generated_H2_256C_int8/260-123286-0025_generated.wav,9.205034,0.524697,0.520682,0.057001,0.056565,1.170991,0.85256,1.570334
H2_256C_quantized_all,260-123286-0026.wav,generated_audios/generated_H2_256C_int8/260-123286-0026_generated.wav,6.94,0.398829,0.39502,0.057468,0.056919,1.107803,0.830116,1.500321
H2_256C_quantized_all,260-123286-0027.wav,generated_audios/generated_H2_256C_int8/260-123286-0027_generated.wav,7.170023,0.409822,0.406507,0.057158,0.056695,1.175331,0.820825,1.327043
H2_256C_quantized_all,260-123286-0028.wav,generated_audios/generated_H2_256C_int8/260-123286-0028_generated.wav,7.465034,0.429286,0.42629,0.057506,0.057105,1.145281,0.79985,1.405887
H2_256C_quantized_all,260-123286-0029.wav,generated_audios/generated_H2_256C_int8/260-123286-0029_generated.wav,4.545034,0.263893,0.260153,0.058062,0.057239,1.114605,0.826737,1.38273
H2_256C_quantized_all,260-123286-0030.wav,generated_audios/generated_H2_256C_int8/260-123286-0030_generated.wav,7.530023,0.433916,0.430053,0.057625,0.057112,1.125857,0.807764,1.651655
H2_256C_quantized_all,260-123286-0031.wav,generated_audios/generated_H2_256C_int8/260-123286-0031_generated.wav,5.06,0.291697,0.288304,0.057648,0.056977,1.161405,0.840661,1.206752
H2_256C_quantized_all,260-123288-0000.wav,generated_audios/generated_H2_256C_int8/260-123288-0000_generated.wav,3.04,0.181512,0.178332,0.059708,0.058662,1.210441,0.777292,1.795761
H2_256C_quantized_all,260-123288-0001.wav,generated_audios/generated_H2_256C_int8/260-123288-0001_generated.wav,5.08,0.294393,0.290713,0.057951,0.057227,1.111473,0.799496,1.988417
H2_256C_quantized_all,260-123288-0002.wav,generated_audios/generated_H2_256C_int8/260-123288-0002_generated.wav,7.250023,0.428617,0.424388,0.059119,0.058536,1.12799,0.83249,1.584593
H2_256C_quantized_all,260-123288-0003.wav,generated_audios/generated_H2_256C_int8/260-123288-0003_generated.wav,8.905034,0.521212,0.516736,0.05853,0.058027,1.115335,0.848491,1.443967
H2_256C_quantized_all,260-123288-0004.wav,generated_audios/generated_H2_256C_int8/260-123288-0004_generated.wav,4.310023,0.252783,0.248954,0.05865,0.057762,1.096486,0.796007,1.920835
H2_256C_quantized_all,260-123288-0005.wav,generated_audios/generated_H2_256C_int8/260-123288-0005_generated.wav,12.550023,0.722119,0.717848,0.057539,0.057199,1.101468,0.799862,1.532595
H2_256C_quantized_all,260-123288-0006.wav,generated_audios/generated_H2_256C_int8/260-123288-0006_generated.wav,4.88,0.283345,0.279981,0.058062,0.057373,1.074203,0.822668,1.28672
H2_256C_quantized_all,260-123288-0007.wav,generated_audios/generated_H2_256C_int8/260-123288-0007_generated.wav,11.2,0.622607,0.618081,0.05559,0.055186,1.119638,0.831571,1.584323
H2_256C_quantized_all,260-123288-0008.wav,generated_audios/generated_H2_256C_int8/260-123288-0008_generated.wav,5.515011,0.308275,0.304556,0.055897,0.055223,1.190666,0.852375,1.465766
H2_256C_quantized_all,260-123288-0009.wav,generated_audios/generated_H2_256C_int8/260-123288-0009_generated.wav,3.435011,0.196241,0.192621,0.05713,0.056076,1.175037,0.846648,1.63323
H2_256C_quantized_all,260-123288-0010.wav,generated_audios/generated_H2_256C_int8/260-123288-0010_generated.wav,9.995011,0.55961,0.555423,0.055989,0.05557,1.142259,0.828584,1.294741
H2_256C_quantized_all,260-123288-0011.wav,generated_audios/generated_H2_256C_int8/260-123288-0011_generated.wav,8.98,0.492523,0.488324,0.054847,0.054379,1.140437,0.810449,1.331764
H2_256C_quantized_all,260-123288-0012.wav,generated_audios/generated_H2_256C_int8/260-123288-0012_generated.wav,3.545034,0.200105,0.196646,0.056447,0.055471,1.301089,0.85989,1.796256
H2_256C_quantized_all,260-123288-0013.wav,generated_audios/generated_H2_256C_int8/260-123288-0013_generated.wav,11.385079,0.62543,0.621084,0.054934,0.054552,1.13167,0.840602,1.511538
H2_256C_quantized_all,260-123288-0014.wav,generated_audios/generated_H2_256C_int8/260-123288-0014_generated.wav,1.805034,0.110695,0.107435,0.061326,0.059519,1.241169,0.883075,1.986083
H2_256C_quantized_all,260-123288-0015.wav,generated_audios/generated_H2_256C_int8/260-123288-0015_generated.wav,21.185034,1.241634,1.23692,0.058609,0.058386,1.109401,0.816648,1.834105
H2_256C_quantized_all,260-123288-0016.wav,generated_audios/generated_H2_256C_int8/260-123288-0016_generated.wav,4.865034,0.284204,0.280903,0.058418,0.057739,1.077857,0.77981,2.061782
H2_256C_quantized_all,260-123288-0017.wav,generated_audios/generated_H2_256C_int8/260-123288-0017_generated.wav,5.225034,0.294907,0.291425,0.056441,0.055775,1.120096,0.854747,1.77332
H2_256C_quantized_all,260-123288-0018.wav,generated_audios/generated_H2_256C_int8/260-123288-0018_generated.wav,3.245034,0.185879,0.182351,0.057281,0.056194,1.200787,0.849914,1.544847
H2_256C_quantized_all,260-123288-0019.wav,generated_audios/generated_H2_256C_int8/260-123288-0019_generated.wav,2.955011,0.170463,0.167133,0.057686,0.056559,1.125651,0.849126,1.962664
H2_256C_quantized_all,260-123288-0020.wav,generated_audios/generated_H2_256C_int8/260-123288-0020_generated.wav,2.9,0.166421,0.162903,0.057387,0.056173,1.085211,0.854978,1.699766
H2_256C_quantized_all,260-123288-0021.wav,generated_audios/generated_H2_256C_int8/260-123288-0021_generated.wav,2.710023,0.1582,0.154798,0.058376,0.057121,1.15339,0.83313,1.850062
H2_256C_quantized_all,260-123288-0022.wav,generated_audios/generated_H2_256C_int8/260-123288-0022_generated.wav,3.705034,0.210453,0.207195,0.056802,0.055923,1.116915,0.826829,2.020885
H2_256C_quantized_all,260-123288-0023.wav,generated_audios/generated_H2_256C_int8/260-123288-0023_generated.wav,2.385034,0.138025,0.135063,0.057871,0.056629,1.10596,0.744318,2.3428
H2_256C_quantized_all,260-123288-0024.wav,generated_audios/generated_H2_256C_int8/260-123288-0024_generated.wav,14.595011,0.770887,0.766391,0.052819,0.05251,1.673317,0.933079,0.872093
H2_256C_quantized_all,260-123288-0025.wav,generated_audios/generated_H2_256C_int8/260-123288-0025_generated.wav,13.445034,0.711635,0.707488,0.052929,0.052621,1.790127,0.928815,1.007502
H2_256C_quantized_all,260-123288-0026.wav,generated_audios/generated_H2_256C_int8/260-123288-0026_generated.wav,16.04,0.859673,0.854546,0.053596,0.053276,1.741762,0.934441,0.890785
H2_256C_quantized_all,260-123288-0027.wav,generated_audios/generated_H2_256C_int8/260-123288-0027_generated.wav,6.305034,0.343111,0.339382,0.054419,0.053827,1.831797,0.947394,1.02044
H2_256C_quantized_all,260-123288-0028.wav,generated_audios/generated_H2_256C_int8/260-123288-0028_generated.wav,2.610023,0.159389,0.155922,0.061068,0.05974,1.980845,0.955231,1.524525
H2_256C_quantized_all,260-123440-0000.wav,generated_audios/generated_H2_256C_int8/260-123440-0000_generated.wav,2.165034,0.125181,0.122481,0.05782,0.056572,1.48206,0.895779,1.007174
H2_256C_quantized_all,260-123440-0001.wav,generated_audios/generated_H2_256C_int8/260-123440-0001_generated.wav,1.74,0.103336,0.100197,0.059389,0.057584,1.523929,0.91612,2.133415
H2_256C_quantized_all,260-123440-0002.wav,generated_audios/generated_H2_256C_int8/260-123440-0002_generated.wav,14.715011,0.778581,0.774164,0.052911,0.052611,1.690197,0.934865,1.003795
H2_256C_quantized_all,260-123440-0003.wav,generated_audios/generated_H2_256C_int8/260-123440-0003_generated.wav,3.585034,0.198364,0.194889,0.055331,0.054362,1.71651,0.935027,0.851777
H2_256C_quantized_all,260-123440-0004.wav,generated_audios/generated_H2_256C_int8/260-123440-0004_generated.wav,12.02,0.634051,0.629895,0.05275,0.052404,1.711421,0.934944,1.059233
H2_256C_quantized_all,260-123440-0005.wav,generated_audios/generated_H2_256C_int8/260-123440-0005_generated.wav,3.105034,0.173331,0.170493,0.055822,0.054909,1.767274,0.931846,0.770687
H2_256C_quantized_all,260-123440-0006.wav,generated_audios/generated_H2_256C_int8/260-123440-0006_generated.wav,2.715011,0.15106,0.147817,0.055639,0.054444,1.684283,0.933873,0.804066
H2_256C_quantized_all,260-123440-0007.wav,generated_audios/generated_H2_256C_int8/260-123440-0007_generated.wav,3.385034,0.18678,0.183451,0.055178,0.054195,1.708125,0.924224,1.05138
H2_256C_quantized_all,260-123440-0008.wav,generated_audios/generated_H2_256C_int8/260-123440-0008_generated.wav,3.745034,0.20494,0.201536,0.054723,0.053814,1.708441,0.933302,0.75735
H2_256C_quantized_all,260-123440-0009.wav,generated_audios/generated_H2_256C_int8/260-123440-0009_generated.wav,3.115011,0.173673,0.170589,0.055753,0.054764,1.893209,0.952112,1.25708
H2_256C_quantized_all,260-123440-0010.wav,generated_audios/generated_H2_256C_int8/260-123440-0010_generated.wav,8.315011,0.445161,0.441837,0.053537,0.053137,1.731634,0.920255,0.653793
H2_256C_quantized_all,260-123440-0011.wav,generated_audios/generated_H2_256C_int8/260-123440-0011_generated.wav,4.870023,0.27718,0.273626,0.056916,0.056186,1.858404,0.943701,0.845277
H2_256C_quantized_all,260-123440-0012.wav,generated_audios/generated_H2_256C_int8/260-123440-0012_generated.wav,5.245034,0.286243,0.282501,0.054574,0.053861,1.813819,0.942179,0.897083
H2_256C_quantized_all,260-123440-0013.wav,generated_audios/generated_H2_256C_int8/260-123440-0013_generated.wav,3.475011,0.193992,0.190577,0.055825,0.054842,1.798541,0.928252,0.977423
H2_256C_quantized_all,260-123440-0014.wav,generated_audios/generated_H2_256C_int8/260-123440-0014_generated.wav,3.815011,0.212164,0.208687,0.055613,0.054701,1.90714,0.941402,1.117264
H2_256C_quantized_all,260-123440-0015.wav,generated_audios/generated_H2_256C_int8/260-123440-0015_generated.wav,6.2,0.340464,0.336316,0.054914,0.054245,1.853703,0.94214,0.684088
H2_256C_quantized_all,260-123440-0016.wav,generated_audios/generated_H2_256C_int8/260-123440-0016_generated.wav,4.895011,0.267034,0.263647,0.054552,0.05386,1.932045,0.959437,0.684645
H2_256C_quantized_all,260-123440-0017.wav,generated_audios/generated_H2_256C_int8/260-123440-0017_generated.wav,3.070023,0.17156,0.168181,0.055882,0.054782,1.643753,0.934462,0.868193
H2_256C_quantized_all,260-123440-0018.wav,generated_audios/generated_H2_256C_int8/260-123440-0018_generated.wav,3.64,0.199818,0.196416,0.054895,0.053961,1.862641,0.952203,1.100446
H2_256C_quantized_all,260-123440-0019.wav,generated_audios/generated_H2_256C_int8/260-123440-0019_generated.wav,6.630023,0.35705,0.353433,0.053854,0.053308,1.688059,0.929779,0.734659
H2_256C_quantized_all,260-123440-0020.wav,generated_audios/generated_H2_256C_int8/260-123440-0020_generated.wav,4.995011,0.269015,0.265963,0.053857,0.053246,1.673729,0.936092,0.932238
H2_256C_quantized_all,61-70968-0000.wav,generated_audios/generated_H2_256C_int8/61-70968-0000_generated.wav,4.905034,0.265806,0.262288,0.054191,0.053473,1.543611,0.919542,0.642774
H2_256C_quantized_all,61-70968-0001.wav,generated_audios/generated_H2_256C_int8/61-70968-0001_generated.wav,3.610023,0.19932,0.195974,0.055213,0.054286,1.57359,0.906905,0.632031
H2_256C_quantized_all,61-70968-0002.wav,generated_audios/generated_H2_256C_int8/61-70968-0002_generated.wav,2.970023,0.168262,0.165141,0.056654,0.055603,1.721567,0.892917,0.66776
H2_256C_quantized_all,61-70968-0003.wav,generated_audios/generated_H2_256C_int8/61-70968-0003_generated.wav,4.315011,0.238646,0.235062,0.055306,0.054475,1.752582,0.911529,0.634448
H2_256C_quantized_all,61-70968-0004.wav,generated_audios/generated_H2_256C_int8/61-70968-0004_generated.wav,3.885034,0.211309,0.207801,0.054391,0.053488,1.748562,0.933676,0.636837
H2_256C_quantized_all,61-70968-0005.wav,generated_audios/generated_H2_256C_int8/61-70968-0005_generated.wav,5.070023,0.276002,0.272783,0.054438,0.053803,1.510477,0.849144,0.71977
H2_256C_quantized_all,61-70968-0006.wav,generated_audios/generated_H2_256C_int8/61-70968-0006_generated.wav,2.935011,0.162927,0.159626,0.055511,0.054387,1.593106,0.904949,0.675796
H2_256C_quantized_all,61-70968-0007.wav,generated_audios/generated_H2_256C_int8/61-70968-0007_generated.wav,3.550023,0.192479,0.189702,0.054219,0.053437,1.492106,0.824528,0.666026
H2_256C_quantized_all,61-70968-0008.wav,generated_audios/generated_H2_256C_int8/61-70968-0008_generated.wav,3.535011,0.199888,0.196529,0.056545,0.055595,1.539993,0.917074,0.606228
H2_256C_quantized_all,61-70968-0009.wav,generated_audios/generated_H2_256C_int8/61-70968-0009_generated.wav,4.510023,0.254999,0.251487,0.056541,0.055762,1.544639,0.846897,0.74107
H2_256C_quantized_all,61-70968-0010.wav,generated_audios/generated_H2_256C_int8/61-70968-0010_generated.wav,8.295011,0.44422,0.440295,0.053553,0.05308,1.700997,0.911273,0.629476
H2_256C_quantized_all,61-70968-0011.wav,generated_audios/generated_H2_256C_int8/61-70968-0011_generated.wav,6.375011,0.344013,0.340318,0.053963,0.053383,1.665772,0.918364,0.616887
H2_256C_quantized_all,61-70968-0012.wav,generated_audios/generated_H2_256C_int8/61-70968-0012_generated.wav,2.610023,0.15754,0.154165,0.06036,0.059067,2.304007,0.969228,0.523246
H2_256C_quantized_all,61-70968-0013.wav,generated_audios/generated_H2_256C_int8/61-70968-0013_generated.wav,4.450023,0.243164,0.239658,0.054643,0.053855,1.838548,0.910272,0.642746
H2_256C_quantized_all,61-70968-0014.wav,generated_audios/generated_H2_256C_int8/61-70968-0014_generated.wav,7.485034,0.400581,0.396483,0.053518,0.05297,1.714652,0.916047,0.672672
H2_256C_quantized_all,61-70968-0015.wav,generated_audios/generated_H2_256C_int8/61-70968-0015_generated.wav,5.375011,0.29287,0.289051,0.054487,0.053777,1.716026,0.928608,0.582259
H2_256C_quantized_all,61-70968-0016.wav,generated_audios/generated_H2_256C_int8/61-70968-0016_generated.wav,3.72,0.228043,0.224571,0.061302,0.060369,1.908971,0.952864,0.534661
H2_256C_quantized_all,61-70968-0017.wav,generated_audios/generated_H2_256C_int8/61-70968-0017_generated.wav,5.110023,0.277525,0.273951,0.05431,0.05361,1.660682,0.929167,0.661165
H2_256C_quantized_all,61-70968-0018.wav,generated_audios/generated_H2_256C_int8/61-70968-0018_generated.wav,2.405034,0.140128,0.136975,0.058265,0.056954,1.637575,0.908703,0.682113
H2_256C_quantized_all,61-70968-0019.wav,generated_audios/generated_H2_256C_int8/61-70968-0019_generated.wav,5.475011,0.29824,0.294428,0.054473,0.053777,1.643616,0.912975,0.645628
H2_256C_quantized_all,61-70968-0020.wav,generated_audios/generated_H2_256C_int8/61-70968-0020_generated.wav,5.105034,0.276495,0.272912,0.054161,0.053459,1.993256,0.924933,0.489387
H2_256C_quantized_all,61-70968-0021.wav,generated_audios/generated_H2_256C_int8/61-70968-0021_generated.wav,2.690023,0.151462,0.148167,0.056305,0.05508,1.705662,0.89239,0.639901
H2_256C_quantized_all,61-70968-0022.wav,generated_audios/generated_H2_256C_int8/61-70968-0022_generated.wav,4.670023,0.255366,0.251787,0.054682,0.053916,1.695469,0.903002,0.68682
H2_256C_quantized_all,61-70968-0023.wav,generated_audios/generated_H2_256C_int8/61-70968-0023_generated.wav,5.025034,0.28041,0.277085,0.055803,0.055141,1.935593,0.940486,0.558455
H2_256C_quantized_all,61-70968-0024.wav,generated_audios/generated_H2_256C_int8/61-70968-0024_generated.wav,6.025034,0.337598,0.333763,0.056033,0.055396,1.817723,0.905272,0.569134
H2_256C_quantized_all,61-70968-0025.wav,generated_audios/generated_H2_256C_int8/61-70968-0025_generated.wav,4.410023,0.244215,0.240706,0.055377,0.054582,1.985475,0.916046,0.559171
H2_256C_quantized_all,61-70968-0026.wav,generated_audios/generated_H2_256C_int8/61-70968-0026_generated.wav,4.92,0.26604,0.262552,0.054073,0.053364,1.910647,0.937392,0.570964
H2_256C_quantized_all,61-70968-0027.wav,generated_audios/generated_H2_256C_int8/61-70968-0027_generated.wav,6.870023,0.370584,0.366763,0.053942,0.053386,1.77532,0.930568,0.576509
H2_256C_quantized_all,61-70968-0028.wav,generated_audios/generated_H2_256C_int8/61-70968-0028_generated.wav,5.355011,0.28859,0.285559,0.053892,0.053326,1.810222,0.9323,0.588588
H2_256C_quantized_all,61-70968-0029.wav,generated_audios/generated_H2_256C_int8/61-70968-0029_generated.wav,3.495011,0.195477,0.192313,0.05593,0.055025,1.812292,0.927172,0.587558
H2_256C_quantized_all,61-70968-0030.wav,generated_audios/generated_H2_256C_int8/61-70968-0030_generated.wav,5.685034,0.308896,0.305261,0.054335,0.053695,1.817291,0.939917,0.548285
H2_256C_quantized_all,61-70968-0031.wav,generated_audios/generated_H2_256C_int8/61-70968-0031_generated.wav,2.925034,0.165305,0.161519,0.056514,0.05522,1.606025,0.905058,0.590959
H2_256C_quantized_all,61-70968-0032.wav,generated_audios/generated_H2_256C_int8/61-70968-0032_generated.wav,4.28,0.243201,0.239927,0.056823,0.056058,1.839275,0.914766,0.580939
H2_256C_quantized_all,61-70968-0033.wav,generated_audios/generated_H2_256C_int8/61-70968-0033_generated.wav,5.685034,0.306994,0.303323,0.054,0.053355,1.901873,0.945627,0.59526
H2_256C_quantized_all,61-70968-0034.wav,generated_audios/generated_H2_256C_int8/61-70968-0034_generated.wav,4.230023,0.231343,0.227752,0.054691,0.053842,2.327099,0.949776,0.497931
H2_256C_quantized_all,61-70968-0035.wav,generated_audios/generated_H2_256C_int8/61-70968-0035_generated.wav,7.950023,0.430946,0.42693,0.054207,0.053702,1.721398,0.933428,0.560799
H2_256C_quantized_all,61-70968-0036.wav,generated_audios/generated_H2_256C_int8/61-70968-0036_generated.wav,2.934966,0.162739,0.159946,0.055448,0.054497,1.823345,0.940086,0.584776
H2_256C_quantized_all,61-70968-0037.wav,generated_audios/generated_H2_256C_int8/61-70968-0037_generated.wav,4.315011,0.236747,0.233615,0.054866,0.05414,1.476684,0.857606,0.741016
H2_256C_quantized_all,61-70968-0038.wav,generated_audios/generated_H2_256C_int8/61-70968-0038_generated.wav,2.050023,0.121965,0.118829,0.059494,0.057965,1.836231,0.810244,0.875135
H2_256C_quantized_all,61-70968-0039.wav,generated_audios/generated_H2_256C_int8/61-70968-0039_generated.wav,3.805034,0.207617,0.204742,0.054564,0.053808,1.753866,0.89326,0.759877
H2_256C_quantized_all,61-70968-0040.wav,generated_audios/generated_H2_256C_int8/61-70968-0040_generated.wav,3.950023,0.217545,0.214715,0.055074,0.054358,1.808742,0.917644,0.640348
H2_256C_quantized_all,61-70968-0041.wav,generated_audios/generated_H2_256C_int8/61-70968-0041_generated.wav,6.825034,0.377523,0.373703,0.055314,0.054755,1.794585,0.87261,0.661465
H2_256C_quantized_all,61-70968-0042.wav,generated_audios/generated_H2_256C_int8/61-70968-0042_generated.wav,2.785034,0.157953,0.15466,0.056715,0.055532,1.82063,0.904755,0.620471
H2_256C_quantized_all,61-70968-0043.wav,generated_audios/generated_H2_256C_int8/61-70968-0043_generated.wav,6.735011,0.360087,0.356257,0.053465,0.052896,2.334669,0.926357,0.30609
H2_256C_quantized_all,61-70968-0044.wav,generated_audios/generated_H2_256C_int8/61-70968-0044_generated.wav,2.770023,0.155799,0.152746,0.056245,0.055143,2.327242,0.924894,0.338331
H2_256C_quantized_all,61-70968-0045.wav,generated_audios/generated_H2_256C_int8/61-70968-0045_generated.wav,3.475011,0.191856,0.188342,0.05521,0.054199,2.144692,0.896115,0.336535
H2_256C_quantized_all,61-70968-0046.wav,generated_audios/generated_H2_256C_int8/61-70968-0046_generated.wav,3.550023,0.195662,0.192337,0.055116,0.054179,2.575428,0.948255,0.312038
H2_256C_quantized_all,61-70968-0047.wav,generated_audios/generated_H2_256C_int8/61-70968-0047_generated.wav,4.775011,0.26091,0.257516,0.054641,0.05393,2.640284,0.95622,0.306191
H2_256C_quantized_all,61-70968-0048.wav,generated_audios/generated_H2_256C_int8/61-70968-0048_generated.wav,3.02,0.169149,0.165804,0.056009,0.054902,2.069772,0.925577,0.340087
H2_256C_quantized_all,61-70968-0049.wav,generated_audios/generated_H2_256C_int8/61-70968-0049_generated.wav,8.250023,0.447324,0.443478,0.054221,0.053755,2.362785,0.924795,0.316256
H2_256C_quantized_all,61-70968-0050.wav,generated_audios/generated_H2_256C_int8/61-70968-0050_generated.wav,5.58,0.325259,0.321996,0.05829,0.057705,2.084513,0.933204,0.323596
H2_256C_quantized_all,61-70968-0051.wav,generated_audios/generated_H2_256C_int8/61-70968-0051_generated.wav,3.135011,0.174828,0.171462,0.055766,0.054693,2.340184,0.916715,0.327525
H2_256C_quantized_all,61-70968-0052.wav,generated_audios/generated_H2_256C_int8/61-70968-0052_generated.wav,2.650023,0.149983,0.146452,0.056597,0.055264,2.310493,0.957895,0.3075
H2_256C_quantized_all,61-70968-0053.wav,generated_audios/generated_H2_256C_int8/61-70968-0053_generated.wav,4.22,0.230909,0.227668,0.054718,0.05395,2.504339,0.935714,0.329924
H2_256C_quantized_all,61-70968-0054.wav,generated_audios/generated_H2_256C_int8/61-70968-0054_generated.wav,7.86,0.424042,0.419998,0.053949,0.053435,2.379225,0.950362,0.315114
H2_256C_quantized_all,61-70968-0055.wav,generated_audios/generated_H2_256C_int8/61-70968-0055_generated.wav,3.965034,0.216833,0.214058,0.054686,0.053986,2.540533,0.937036,0.315367
H2_256C_quantized_all,61-70968-0056.wav,generated_audios/generated_H2_256C_int8/61-70968-0056_generated.wav,3.565034,0.195176,0.192369,0.054747,0.05396,2.58562,0.949706,0.313443
H2_256C_quantized_all,61-70968-0057.wav,generated_audios/generated_H2_256C_int8/61-70968-0057_generated.wav,5.065034,0.272863,0.269626,0.053872,0.053233,2.136236,0.919352,0.320772
H2_256C_quantized_all,61-70968-0058.wav,generated_audios/generated_H2_256C_int8/61-70968-0058_generated.wav,1.82,0.106823,0.103465,0.058694,0.056849,2.250851,0.918486,0.325007
H2_256C_quantized_all,61-70968-0059.wav,generated_audios/generated_H2_256C_int8/61-70968-0059_generated.wav,2.170023,0.123325,0.120474,0.056831,0.055518,2.59049,0.966027,0.331203
H2_256C_quantized_all,61-70968-0060.wav,generated_audios/generated_H2_256C_int8/61-70968-0060_generated.wav,3.735011,0.215843,0.212563,0.057789,0.056911,2.677544,0.942852,0.298212
H2_256C_quantized_all,61-70968-0061.wav,generated_audios/generated_H2_256C_int8/61-70968-0061_generated.wav,5.530023,0.296829,0.29314,0.053676,0.053009,2.032399,0.927607,0.365882
H2_256C_quantized_all,61-70968-0062.wav,generated_audios/generated_H2_256C_int8/61-70968-0062_generated.wav,2.555011,0.146812,0.143667,0.057461,0.056229,2.1265,0.899294,0.322341
H2_256C_quantized_all,61-70970-0000.wav,generated_audios/generated_H2_256C_int8/61-70970-0000_generated.wav,6.075011,0.330479,0.326795,0.0544,0.053793,2.15498,0.953298,0.312135
H2_256C_quantized_all,61-70970-0001.wav,generated_audios/generated_H2_256C_int8/61-70970-0001_generated.wav,6.155011,0.331267,0.327878,0.053821,0.05327,2.498605,0.956264,0.310446
H2_256C_quantized_all,61-70970-0002.wav,generated_audios/generated_H2_256C_int8/61-70970-0002_generated.wav,4.165034,0.228976,0.225458,0.054976,0.054131,2.368297,0.915076,0.341688
H2_256C_quantized_all,61-70970-0003.wav,generated_audios/generated_H2_256C_int8/61-70970-0003_generated.wav,3.835011,0.209948,0.206349,0.054745,0.053807,2.71821,0.923832,0.284289
H2_256C_quantized_all,61-70970-0004.wav,generated_audios/generated_H2_256C_int8/61-70970-0004_generated.wav,10.515011,0.560984,0.556769,0.053351,0.05295,1.289409,0.84539,1.124534
H2_256C_quantized_all,61-70970-0005.wav,generated_audios/generated_H2_256C_int8/61-70970-0005_generated.wav,2.02,0.11838,0.115243,0.058604,0.057051,1.272234,0.802306,1.464009
H2_256C_quantized_all,61-70970-0006.wav,generated_audios/generated_H2_256C_int8/61-70970-0006_generated.wav,2.335011,0.134086,0.130951,0.057424,0.056082,1.175832,0.822188,1.374213
H2_256C_quantized_all,61-70970-0007.wav,generated_audios/generated_H2_256C_int8/61-70970-0007_generated.wav,4.485034,0.247455,0.244045,0.055173,0.054413,1.201526,0.804439,1.327798
H2_256C_quantized_all,61-70970-0008.wav,generated_audios/generated_H2_256C_int8/61-70970-0008_generated.wav,2.150023,0.12583,0.122524,0.058525,0.056987,1.256743,0.85393,1.372535
H2_256C_quantized_all,61-70970-0009.wav,generated_audios/generated_H2_256C_int8/61-70970-0009_generated.wav,3.405034,0.189467,0.18628,0.055643,0.054707,1.383157,0.889459,1.061006
H2_256C_quantized_all,61-70970-0010.wav,generated_audios/generated_H2_256C_int8/61-70970-0010_generated.wav,3.045034,0.171812,0.168483,0.056424,0.055331,1.266371,0.805862,1.20871
H2_256C_quantized_all,61-70970-0011.wav,generated_audios/generated_H2_256C_int8/61-70970-0011_generated.wav,6.075011,0.3294,0.326279,0.054222,0.053708,1.182534,0.794695,1.220549
H2_256C_quantized_all,61-70970-0012.wav,generated_audios/generated_H2_256C_int8/61-70970-0012_generated.wav,3.135011,0.176005,0.172664,0.056142,0.055076,1.242919,0.868606,1.15179
H2_256C_quantized_all,61-70970-0013.wav,generated_audios/generated_H2_256C_int8/61-70970-0013_generated.wav,4.350023,0.241327,0.238417,0.055477,0.054808,1.179872,0.833571,1.238691
H2_256C_quantized_all,61-70970-0014.wav,generated_audios/generated_H2_256C_int8/61-70970-0014_generated.wav,3.405034,0.192559,0.189179,0.056551,0.055559,1.211512,0.864201,1.215648
H2_256C_quantized_all,61-70970-0015.wav,generated_audios/generated_H2_256C_int8/61-70970-0015_generated.wav,8.415011,0.461606,0.457634,0.054855,0.054383,1.159532,0.839719,1.282229
H2_256C_quantized_all,61-70970-0016.wav,generated_audios/generated_H2_256C_int8/61-70970-0016_generated.wav,4.370023,0.242668,0.23896,0.05553,0.054682,1.205839,0.867749,1.284132
H2_256C_quantized_all,61-70970-0017.wav,generated_audios/generated_H2_256C_int8/61-70970-0017_generated.wav,2.550023,0.146015,0.142625,0.05726,0.055931,1.136611,0.764335,1.459313
H2_256C_quantized_all,61-70970-0018.wav,generated_audios/generated_H2_256C_int8/61-70970-0018_generated.wav,4.6,0.257386,0.25388,0.055954,0.055191,1.207301,0.796049,1.293829
H2_256C_quantized_all,61-70970-0019.wav,generated_audios/generated_H2_256C_int8/61-70970-0019_generated.wav,3.78,0.210293,0.206775,0.055633,0.054702,1.215984,0.823232,1.313781
H2_256C_quantized_all,61-70970-0020.wav,generated_audios/generated_H2_256C_int8/61-70970-0020_generated.wav,5.025034,0.283736,0.28071,0.056464,0.055862,1.144609,0.765909,1.529948
H2_256C_quantized_all,61-70970-0021.wav,generated_audios/generated_H2_256C_int8/61-70970-0021_generated.wav,5.405034,0.295209,0.291704,0.054617,0.053969,1.256834,0.824108,1.180738
H2_256C_quantized_all,61-70970-0022.wav,generated_audios/generated_H2_256C_int8/61-70970-0022_generated.wav,3.970023,0.220998,0.217428,0.055667,0.054767,1.278997,0.80834,1.214256
H2_256C_quantized_all,61-70970-0023.wav,generated_audios/generated_H2_256C_int8/61-70970-0023_generated.wav,3.705034,0.207475,0.204558,0.055998,0.055211,1.17917,0.840281,1.138245
H2_256C_quantized_all,61-70970-0024.wav,generated_audios/generated_H2_256C_int8/61-70970-0024_generated.wav,7.235011,0.394056,0.390256,0.054465,0.05394,1.228129,0.835428,1.167954
H2_256C_quantized_all,61-70970-0025.wav,generated_audios/generated_H2_256C_int8/61-70970-0025_generated.wav,7.435011,0.447491,0.443625,0.060187,0.059667,1.350831,0.873701,1.148708
H2_256C_quantized_all,61-70970-0026.wav,generated_audios/generated_H2_256C_int8/61-70970-0026_generated.wav,5.475011,0.300671,0.297104,0.054917,0.054265,1.320864,0.852703,1.080535
H2_256C_quantized_all,61-70970-0027.wav,generated_audios/generated_H2_256C_int8/61-70970-0027_generated.wav,5.08,0.278928,0.275459,0.054907,0.054224,1.221134,0.819036,1.166545
H2_256C_quantized_all,61-70970-0028.wav,generated_audios/generated_H2_256C_int8/61-70970-0028_generated.wav,6.550023,0.355335,0.351684,0.05425,0.053692,1.284111,0.873425,1.06874
H2_256C_quantized_all,61-70970-0029.wav,generated_audios/generated_H2_256C_int8/61-70970-0029_generated.wav,4.030023,0.224846,0.221231,0.055793,0.054896,1.293293,0.817344,1.226234
H2_256C_quantized_all,61-70970-0030.wav,generated_audios/generated_H2_256C_int8/61-70970-0030_generated.wav,3.24,0.183469,0.18014,0.056626,0.055599,1.249999,0.809412,1.074187
H2_256C_quantized_all,61-70970-0031.wav,generated_audios/generated_H2_256C_int8/61-70970-0031_generated.wav,5.135011,0.283176,0.279589,0.055146,0.054448,1.130661,0.814102,1.219488
H2_256C_quantized_all,61-70970-0032.wav,generated_audios/generated_H2_256C_int8/61-70970-0032_generated.wav,3.135011,0.178524,0.175572,0.056945,0.056004,1.176044,0.798486,1.275331
H2_256C_quantized_all,61-70970-0033.wav,generated_audios/generated_H2_256C_int8/61-70970-0033_generated.wav,3.42,0.190787,0.187514,0.055786,0.054829,1.138876,0.876491,1.184651
H2_256C_quantized_all,61-70970-0034.wav,generated_audios/generated_H2_256C_int8/61-70970-0034_generated.wav,4.485034,0.247442,0.244456,0.055171,0.054505,1.267775,0.793175,1.161406
H2_256C_quantized_all,61-70970-0035.wav,generated_audios/generated_H2_256C_int8/61-70970-0035_generated.wav,7.405034,0.397883,0.3939,0.053731,0.053194,1.281689,0.842472,1.108061
H2_256C_quantized_all,61-70970-0036.wav,generated_audios/generated_H2_256C_int8/61-70970-0036_generated.wav,6.785034,0.368991,0.365328,0.054383,0.053843,1.222927,0.809898,1.150362
H2_256C_quantized_all,61-70970-0037.wav,generated_audios/generated_H2_256C_int8/61-70970-0037_generated.wav,5.98,0.325535,0.321676,0.054437,0.053792,1.251415,0.831676,1.200987
H2_256C_quantized_all,61-70970-0038.wav,generated_audios/generated_H2_256C_int8/61-70970-0038_generated.wav,10.4,0.560265,0.555628,0.053872,0.053426,1.207102,0.832673,1.179835
H2_256C_quantized_all,61-70970-0039.wav,generated_audios/generated_H2_256C_int8/61-70970-0039_generated.wav,6.665034,0.361886,0.357954,0.054296,0.053706,1.182711,0.781262,1.143161
H2_256C_quantized_all,61-70970-0040.wav,generated_audios/generated_H2_256C_int8/61-70970-0040_generated.wav,4.165034,0.230587,0.227283,0.055363,0.054569,1.252809,0.846268,1.169483
H2_256C_quantized_all,672-122797-0000.wav,generated_audios/generated_H2_256C_int8/672-122797-0000_generated.wav,4.070023,0.225478,0.222209,0.0554,0.054596,1.260493,0.86691,1.30046
H2_256C_quantized_all,672-122797-0001.wav,generated_audios/generated_H2_256C_int8/672-122797-0001_generated.wav,15.130023,0.803113,0.798419,0.053081,0.052771,1.476051,0.876293,1.233983
H2_256C_quantized_all,672-122797-0002.wav,generated_audios/generated_H2_256C_int8/672-122797-0002_generated.wav,13.62,0.723379,0.718541,0.053112,0.052756,1.273741,0.859923,1.284859
H2_256C_quantized_all,672-122797-0003.wav,generated_audios/generated_H2_256C_int8/672-122797-0003_generated.wav,4.76,0.26311,0.260015,0.055275,0.054625,1.183752,0.715055,1.480873
H2_256C_quantized_all,672-122797-0004.wav,generated_audios/generated_H2_256C_int8/672-122797-0004_generated.wav,10.250023,0.55345,0.549293,0.053995,0.053589,1.225875,0.756531,1.417377
H2_256C_quantized_all,672-122797-0005.wav,generated_audios/generated_H2_256C_int8/672-122797-0005_generated.wav,3.26,0.183004,0.179595,0.056136,0.05509,1.109384,0.629003,1.616571
H2_256C_quantized_all,672-122797-0006.wav,generated_audios/generated_H2_256C_int8/672-122797-0006_generated.wav,13.950023,0.748323,0.743685,0.053643,0.053311,1.128631,0.630754,1.432306
H2_256C_quantized_all,672-122797-0007.wav,generated_audios/generated_H2_256C_int8/672-122797-0007_generated.wav,6.42,0.354942,0.351076,0.055287,0.054685,1.159261,0.652618,1.510104
H2_256C_quantized_all,672-122797-0008.wav,generated_audios/generated_H2_256C_int8/672-122797-0008_generated.wav,30.810023,1.636377,1.62933,0.053112,0.052883,1.131062,0.648579,1.546837
H2_256C_quantized_all,672-122797-0009.wav,generated_audios/generated_H2_256C_int8/672-122797-0009_generated.wav,2.765034,0.15602,0.152662,0.056426,0.055212,1.176243,0.694197,1.291185
H2_256C_quantized_all,672-122797-0010.wav,generated_audios/generated_H2_256C_int8/672-122797-0010_generated.wav,3.815011,0.211731,0.208437,0.055499,0.054636,1.082535,0.674577,1.422822
H2_256C_quantized_all,672-122797-0011.wav,generated_audios/generated_H2_256C_int8/672-122797-0011_generated.wav,2.54,0.145756,0.142586,0.057384,0.056136,1.114381,0.773527,1.179968
H2_256C_quantized_all,672-122797-0012.wav,generated_audios/generated_H2_256C_int8/672-122797-0012_generated.wav,7.765034,0.431619,0.427785,0.055585,0.055091,1.115559,0.715113,1.256611
H2_256C_quantized_all,672-122797-0013.wav,generated_audios/generated_H2_256C_int8/672-122797-0013_generated.wav,8.705034,0.465145,0.46124,0.053434,0.052985,1.201306,0.692837,1.382511
H2_256C_quantized_all,672-122797-0014.wav,generated_audios/generated_H2_256C_int8/672-122797-0014_generated.wav,2.555011,0.145454,0.142717,0.056929,0.055858,1.180197,0.802525,1.374697
H2_256C_quantized_all,672-122797-0015.wav,generated_audios/generated_H2_256C_int8/672-122797-0015_generated.wav,4.455011,0.244792,0.241439,0.054948,0.054195,1.121767,0.705077,1.310193
H2_256C_quantized_all,672-122797-0016.wav,generated_audios/generated_H2_256C_int8/672-122797-0016_generated.wav,9.215011,0.496965,0.493084,0.05393,0.053509,1.177479,0.719288,1.393116
H2_256C_quantized_all,672-122797-0017.wav,generated_audios/generated_H2_256C_int8/672-122797-0017_generated.wav,4.82,0.267559,0.264199,0.05551,0.054813,1.272137,0.791811,1.13287
H2_256C_quantized_all,672-122797-0018.wav,generated_audios/generated_H2_256C_int8/672-122797-0018_generated.wav,4.930023,0.27108,0.26791,0.054985,0.054342,1.100752,0.653087,1.447446
H2_256C_quantized_all,672-122797-0019.wav,generated_audios/generated_H2_256C_int8/672-122797-0019_generated.wav,4.110023,0.228588,0.225001,0.055617,0.054744,1.083209,0.695576,1.532302
H2_256C_quantized_all,672-122797-0020.wav,generated_audios/generated_H2_256C_int8/672-122797-0020_generated.wav,8.825034,0.479898,0.476162,0.054379,0.053956,1.105306,0.637333,1.597756
H2_256C_quantized_all,672-122797-0021.wav,generated_audios/generated_H2_256C_int8/672-122797-0021_generated.wav,4.150023,0.22907,0.225708,0.055197,0.054387,1.138382,0.768234,1.445119
H2_256C_quantized_all,672-122797-0022.wav,generated_audios/generated_H2_256C_int8/672-122797-0022_generated.wav,19.004943,1.004757,1.000084,0.052868,0.052622,1.167741,0.630589,1.569142
H2_256C_quantized_all,672-122797-0023.wav,generated_audios/generated_H2_256C_int8/672-122797-0023_generated.wav,9.695102,0.52033,0.516334,0.053669,0.053257,1.123922,0.675608,1.433951
H2_256C_quantized_all,672-122797-0024.wav,generated_audios/generated_H2_256C_int8/672-122797-0024_generated.wav,4.130023,0.228651,0.225,0.055363,0.054479,1.104958,0.545173,1.806529
H2_256C_quantized_all,672-122797-0025.wav,generated_audios/generated_H2_256C_int8/672-122797-0025_generated.wav,10.690023,0.5712,0.567612,0.053433,0.053097,1.189983,0.767073,1.360011
H2_256C_quantized_all,672-122797-0026.wav,generated_audios/generated_H2_256C_int8/672-122797-0026_generated.wav,13.96,0.739863,0.736162,0.052999,0.052734,1.084894,0.629947,1.479104
H2_256C_quantized_all,672-122797-0027.wav,generated_audios/generated_H2_256C_int8/672-122797-0027_generated.wav,4.790023,0.261639,0.258065,0.054622,0.053876,1.105173,0.569057,1.750843
H2_256C_quantized_all,672-122797-0028.wav,generated_audios/generated_H2_256C_int8/672-122797-0028_generated.wav,2.610023,0.16491,0.161666,0.063183,0.06194,1.169012,0.748298,1.425881
H2_256C_quantized_all,672-122797-0029.wav,generated_audios/generated_H2_256C_int8/672-122797-0029_generated.wav,3.050023,0.175195,0.171854,0.057441,0.056345,1.45337,0.812951,1.359176
H2_256C_quantized_all,672-122797-0030.wav,generated_audios/generated_H2_256C_int8/672-122797-0030_generated.wav,4.575011,0.253405,0.250397,0.055389,0.054732,1.164736,0.77616,1.362376
H2_256C_quantized_all,672-122797-0031.wav,generated_audios/generated_H2_256C_int8/672-122797-0031_generated.wav,3.98,0.218537,0.215497,0.054909,0.054145,1.471624,0.735391,1.379337
H2_256C_quantized_all,672-122797-0032.wav,generated_audios/generated_H2_256C_int8/672-122797-0032_generated.wav,4.0,0.219951,0.217321,0.054988,0.05433,1.138188,0.620245,1.410042
H2_256C_quantized_all,672-122797-0033.wav,generated_audios/generated_H2_256C_int8/672-122797-0033_generated.wav,1.285034,0.082226,0.079552,0.063987,0.061907,1.229598,0.564217,1.434782
H2_256C_quantized_all,672-122797-0034.wav,generated_audios/generated_H2_256C_int8/672-122797-0034_generated.wav,5.110023,0.277702,0.274699,0.054345,0.053757,1.181799,0.816814,1.343756
H2_256C_quantized_all,672-122797-0035.wav,generated_audios/generated_H2_256C_int8/672-122797-0035_generated.wav,2.9,0.164052,0.160477,0.056569,0.055337,1.674444,0.90045,1.201626
H2_256C_quantized_all,672-122797-0036.wav,generated_audios/generated_H2_256C_int8/672-122797-0036_generated.wav,5.365034,0.287827,0.284471,0.053649,0.053023,1.221468,0.725967,1.193451
H2_256C_quantized_all,672-122797-0037.wav,generated_audios/generated_H2_256C_int8/672-122797-0037_generated.wav,1.96,0.115165,0.11181,0.058758,0.057046,1.237112,0.783739,1.104009
H2_256C_quantized_all,672-122797-0038.wav,generated_audios/generated_H2_256C_int8/672-122797-0038_generated.wav,8.8,0.469983,0.466015,0.053407,0.052956,1.161488,0.702217,1.426311
H2_256C_quantized_all,672-122797-0039.wav,generated_audios/generated_H2_256C_int8/672-122797-0039_generated.wav,4.025034,0.222854,0.219459,0.055367,0.054524,1.271999,0.794381,1.291123
H2_256C_quantized_all,672-122797-0040.wav,generated_audios/generated_H2_256C_int8/672-122797-0040_generated.wav,5.125034,0.278917,0.275248,0.054423,0.053707,1.18996,0.668949,1.613386
H2_256C_quantized_all,672-122797-0041.wav,generated_audios/generated_H2_256C_int8/672-122797-0041_generated.wav,3.88,0.214312,0.211032,0.055235,0.05439,1.160907,0.670938,1.601316
H2_256C_quantized_all,672-122797-0042.wav,generated_audios/generated_H2_256C_int8/672-122797-0042_generated.wav,15.310023,0.805045,0.800996,0.052583,0.052318,1.183997,0.539816,1.764098
H2_256C_quantized_all,672-122797-0043.wav,generated_audios/generated_H2_256C_int8/672-122797-0043_generated.wav,3.78,0.209168,0.205591,0.055335,0.054389,1.135821,0.630024,1.604201
H2_256C_quantized_all,672-122797-0044.wav,generated_audios/generated_H2_256C_int8/672-122797-0044_generated.wav,3.74,0.207489,0.204047,0.055478,0.054558,1.165175,0.638906,1.568349
H2_256C_quantized_all,672-122797-0045.wav,generated_audios/generated_H2_256C_int8/672-122797-0045_generated.wav,13.96,0.73436,0.730217,0.052605,0.052308,1.16265,0.766997,1.376216
H2_256C_quantized_all,672-122797-0046.wav,generated_audios/generated_H2_256C_int8/672-122797-0046_generated.wav,4.715011,0.258913,0.255785,0.054912,0.054249,1.147072,0.716809,1.484207
H2_256C_quantized_all,672-122797-0047.wav,generated_audios/generated_H2_256C_int8/672-122797-0047_generated.wav,3.325034,0.182953,0.179409,0.055023,0.053957,1.489788,0.785469,1.088626
H2_256C_quantized_all,672-122797-0048.wav,generated_audios/generated_H2_256C_int8/672-122797-0048_generated.wav,6.555011,0.359145,0.355382,0.054789,0.054215,1.100343,0.607989,1.537362
H2_256C_quantized_all,672-122797-0049.wav,generated_audios/generated_H2_256C_int8/672-122797-0049_generated.wav,2.02,0.119733,0.116447,0.059274,0.057647,1.370924,0.576625,1.608531
H2_256C_quantized_all,672-122797-0050.wav,generated_audios/generated_H2_256C_int8/672-122797-0050_generated.wav,4.855011,0.2666,0.262866,0.054912,0.054143,1.154107,0.689448,1.469858
H2_256C_quantized_all,672-122797-0051.wav,generated_audios/generated_H2_256C_int8/672-122797-0051_generated.wav,4.665034,0.254623,0.251098,0.054581,0.053826,1.224128,0.644644,1.391108
H2_256C_quantized_all,672-122797-0052.wav,generated_audios/generated_H2_256C_int8/672-122797-0052_generated.wav,4.285034,0.236979,0.233458,0.055304,0.054482,1.159748,0.768411,1.246273
H2_256C_quantized_all,672-122797-0053.wav,generated_audios/generated_H2_256C_int8/672-122797-0053_generated.wav,2.955011,0.170982,0.16767,0.057862,0.056741,1.052211,0.592426,1.645394
H2_256C_quantized_all,672-122797-0054.wav,generated_audios/generated_H2_256C_int8/672-122797-0054_generated.wav,4.250023,0.2334,0.230051,0.054917,0.054129,1.187286,0.661409,1.338963
H2_256C_quantized_all,672-122797-0055.wav,generated_audios/generated_H2_256C_int8/672-122797-0055_generated.wav,8.230023,0.445616,0.44174,0.054145,0.053674,1.169307,0.661399,1.453217
H2_256C_quantized_all,672-122797-0056.wav,generated_audios/generated_H2_256C_int8/672-122797-0056_generated.wav,5.225034,0.288436,0.284989,0.055203,0.054543,1.163542,0.703401,1.383507
H2_256C_quantized_all,672-122797-0057.wav,generated_audios/generated_H2_256C_int8/672-122797-0057_generated.wav,6.56,0.354633,0.351198,0.05406,0.053536,1.220406,0.632845,1.544663
H2_256C_quantized_all,672-122797-0058.wav,generated_audios/generated_H2_256C_int8/672-122797-0058_generated.wav,4.470023,0.246663,0.242919,0.055182,0.054344,1.077272,0.577857,1.639118
H2_256C_quantized_all,672-122797-0059.wav,generated_audios/generated_H2_256C_int8/672-122797-0059_generated.wav,3.52,0.195355,0.192008,0.055499,0.054548,1.157134,0.670357,1.617765
H2_256C_quantized_all,672-122797-0060.wav,generated_audios/generated_H2_256C_int8/672-122797-0060_generated.wav,3.350023,0.197992,0.194598,0.059102,0.058089,1.163355,0.82498,1.481582
H2_256C_quantized_all,672-122797-0061.wav,generated_audios/generated_H2_256C_int8/672-122797-0061_generated.wav,7.590023,0.409955,0.406609,0.054012,0.053571,1.210838,0.80614,1.291207
H2_256C_quantized_all,672-122797-0062.wav,generated_audios/generated_H2_256C_int8/672-122797-0062_generated.wav,2.675011,0.152389,0.148913,0.056968,0.055668,1.158542,0.520684,1.840525
H2_256C_quantized_all,672-122797-0063.wav,generated_audios/generated_H2_256C_int8/672-122797-0063_generated.wav,5.075011,0.279939,0.276669,0.05516,0.054516,1.204965,0.715721,1.640605
H2_256C_quantized_all,672-122797-0064.wav,generated_audios/generated_H2_256C_int8/672-122797-0064_generated.wav,15.270023,0.80706,0.802472,0.052853,0.052552,1.199672,0.698671,1.369881
H2_256C_quantized_all,672-122797-0065.wav,generated_audios/generated_H2_256C_int8/672-122797-0065_generated.wav,3.030023,0.169049,0.165573,0.055791,0.054644,1.099165,0.633726,1.586175
H2_256C_quantized_all,672-122797-0066.wav,generated_audios/generated_H2_256C_int8/672-122797-0066_generated.wav,4.815011,0.26548,0.261944,0.055136,0.054402,1.221164,0.827382,1.356511
H2_256C_quantized_all,672-122797-0067.wav,generated_audios/generated_H2_256C_int8/672-122797-0067_generated.wav,13.035011,0.699519,0.694854,0.053665,0.053307,1.198578,0.749713,1.397331
H2_256C_quantized_all,672-122797-0068.wav,generated_audios/generated_H2_256C_int8/672-122797-0068_generated.wav,4.02,0.219951,0.216849,0.054714,0.053942,1.144293,0.635816,1.740864
H2_256C_quantized_all,672-122797-0069.wav,generated_audios/generated_H2_256C_int8/672-122797-0069_generated.wav,5.010023,0.270116,0.266741,0.053915,0.053242,1.144822,0.66026,1.58115
H2_256C_quantized_all,672-122797-0070.wav,generated_audios/generated_H2_256C_int8/672-122797-0070_generated.wav,6.270023,0.339259,0.336147,0.054108,0.053612,1.157225,0.766671,1.44017
H2_256C_quantized_all,672-122797-0071.wav,generated_audios/generated_H2_256C_int8/672-122797-0071_generated.wav,8.875011,0.475205,0.471343,0.053544,0.053109,1.226445,0.822374,1.336635
H2_256C_quantized_all,672-122797-0072.wav,generated_audios/generated_H2_256C_int8/672-122797-0072_generated.wav,7.94,0.424354,0.420332,0.053445,0.052939,1.14505,0.684117,1.588533
H2_256C_quantized_all,672-122797-0073.wav,generated_audios/generated_H2_256C_int8/672-122797-0073_generated.wav,8.205034,0.435542,0.431618,0.053082,0.052604,1.135946,0.771459,1.467234
H2_256C_quantized_all,672-122797-0074.wav,generated_audios/generated_H2_256C_int8/672-122797-0074_generated.wav,8.730023,0.466238,0.462157,0.053406,0.052939,1.236582,0.499058,1.810642
H2_256C_quantized_all,908-157963-0000.wav,generated_audios/generated_H2_256C_int8/908-157963-0000_generated.wav,12.62,0.669845,0.665502,0.053078,0.052734,1.170151,0.799482,1.481264
H2_256C_quantized_all,908-157963-0001.wav,generated_audios/generated_H2_256C_int8/908-157963-0001_generated.wav,2.885034,0.162952,0.159488,0.056482,0.055281,1.258599,0.893762,1.491689
H2_256C_quantized_all,908-157963-0002.wav,generated_audios/generated_H2_256C_int8/908-157963-0002_generated.wav,2.755011,0.155649,0.152308,0.056497,0.055284,1.230866,0.84465,1.457512
H2_256C_quantized_all,908-157963-0003.wav,generated_audios/generated_H2_256C_int8/908-157963-0003_generated.wav,3.08,0.17254,0.169168,0.05602,0.054925,1.190359,0.869567,1.325518
H2_256C_quantized_all,908-157963-0004.wav,generated_audios/generated_H2_256C_int8/908-157963-0004_generated.wav,13.990023,0.741389,0.737309,0.052994,0.052703,1.202598,0.785983,1.428082
H2_256C_quantized_all,908-157963-0005.wav,generated_audios/generated_H2_256C_int8/908-157963-0005_generated.wav,7.035011,0.3768,0.372848,0.053561,0.052999,1.165786,0.790954,1.55966
H2_256C_quantized_all,908-157963-0006.wav,generated_audios/generated_H2_256C_int8/908-157963-0006_generated.wav,8.110023,0.436828,0.432757,0.053863,0.053361,1.166619,0.789389,1.434029
H2_256C_quantized_all,908-157963-0007.wav,generated_audios/generated_H2_256C_int8/908-157963-0007_generated.wav,32.770023,1.782124,1.774912,0.054383,0.054163,1.159651,0.800147,1.445706
H2_256C_quantized_all,908-157963-0008.wav,generated_audios/generated_H2_256C_int8/908-157963-0008_generated.wav,19.950023,1.065655,1.060549,0.053416,0.05316,1.185169,0.7929,1.47064
H2_256C_quantized_all,908-157963-0009.wav,generated_audios/generated_H2_256C_int8/908-157963-0009_generated.wav,4.06,0.224364,0.220834,0.055262,0.054393,1.257682,0.813161,1.335094
H2_256C_quantized_all,908-157963-0010.wav,generated_audios/generated_H2_256C_int8/908-157963-0010_generated.wav,6.28,0.34451,0.340701,0.054858,0.054252,1.14454,0.66563,1.642545
H2_256C_quantized_all,908-157963-0011.wav,generated_audios/generated_H2_256C_int8/908-157963-0011_generated.wav,10.395011,0.57926,0.574902,0.055725,0.055306,1.132066,0.730326,1.472543
H2_256C_quantized_all,908-157963-0012.wav,generated_audios/generated_H2_256C_int8/908-157963-0012_generated.wav,10.090023,0.539768,0.535371,0.053495,0.053059,1.155352,0.699262,1.583009
H2_256C_quantized_all,908-157963-0013.wav,generated_audios/generated_H2_256C_int8/908-157963-0013_generated.wav,4.315011,0.23924,0.235664,0.055444,0.054615,1.113741,0.803686,1.785337
H2_256C_quantized_all,908-157963-0014.wav,generated_audios/generated_H2_256C_int8/908-157963-0014_generated.wav,4.52,0.245512,0.242043,0.054317,0.053549,1.213589,0.768342,1.693554
H2_256C_quantized_all,908-157963-0015.wav,generated_audios/generated_H2_256C_int8/908-157963-0015_generated.wav,14.465034,0.76842,0.76442,0.053123,0.052846,1.256799,0.854371,1.456168
H2_256C_quantized_all,908-157963-0016.wav,generated_audios/generated_H2_256C_int8/908-157963-0016_generated.wav,5.105034,0.282453,0.279214,0.055328,0.054694,1.304995,0.870209,1.550325
H2_256C_quantized_all,908-157963-0017.wav,generated_audios/generated_H2_256C_int8/908-157963-0017_generated.wav,4.950023,0.269662,0.266195,0.054477,0.053776,1.305643,0.849589,1.358929
H2_256C_quantized_all,908-157963-0018.wav,generated_audios/generated_H2_256C_int8/908-157963-0018_generated.wav,4.255011,0.232092,0.228562,0.054546,0.053716,1.193468,0.783864,1.419011
H2_256C_quantized_all,908-157963-0019.wav,generated_audios/generated_H2_256C_int8/908-157963-0019_generated.wav,21.44,1.114286,1.108968,0.051972,0.051724,1.146776,0.7936,1.668369
H2_256C_quantized_all,908-157963-0020.wav,generated_audios/generated_H2_256C_int8/908-157963-0020_generated.wav,9.8,0.522928,0.519117,0.05336,0.052971,1.194619,0.802594,1.628879
H2_256C_quantized_all,908-157963-0021.wav,generated_audios/generated_H2_256C_int8/908-157963-0021_generated.wav,10.24,0.549006,0.544561,0.053614,0.05318,1.221664,0.800669,1.538422
H2_256C_quantized_all,908-157963-0022.wav,generated_audios/generated_H2_256C_int8/908-157963-0022_generated.wav,4.610023,0.255635,0.252005,0.055452,0.054665,1.156181,0.737284,1.62467
H2_256C_quantized_all,908-157963-0023.wav,generated_audios/generated_H2_256C_int8/908-157963-0023_generated.wav,9.625034,0.511964,0.507778,0.053191,0.052756,1.189382,0.717618,1.551848
H2_256C_quantized_all,908-157963-0024.wav,generated_audios/generated_H2_256C_int8/908-157963-0024_generated.wav,3.44,0.190372,0.186786,0.055341,0.054298,1.126218,0.772343,1.669683
H2_256C_quantized_all,908-157963-0025.wav,generated_audios/generated_H2_256C_int8/908-157963-0025_generated.wav,9.265034,0.492882,0.488833,0.053198,0.052761,1.133173,0.746864,1.716022
H2_256C_quantized_all,908-157963-0026.wav,generated_audios/generated_H2_256C_int8/908-157963-0026_generated.wav,8.1,0.436971,0.433001,0.053947,0.053457,1.202812,0.758108,1.553429
H2_256C_quantized_all,908-157963-0027.wav,generated_audios/generated_H2_256C_int8/908-157963-0027_generated.wav,5.225034,0.284122,0.280443,0.054377,0.053673,1.126911,0.639558,1.706348
H2_256C_quantized_all,908-157963-0028.wav,generated_audios/generated_H2_256C_int8/908-157963-0028_generated.wav,4.955011,0.268466,0.264954,0.054181,0.053472,1.226505,0.838095,1.382238
H2_256C_quantized_all,908-157963-0029.wav,generated_audios/generated_H2_256C_int8/908-157963-0029_generated.wav,3.630023,0.200464,0.197115,0.055224,0.054301,1.239868,0.874756,1.424177
H2_256C_quantized_all,908-157963-0030.wav,generated_audios/generated_H2_256C_int8/908-157963-0030_generated.wav,4.52,0.246528,0.243024,0.054542,0.053766,1.182158,0.825881,1.564601
H2_256C_quantized_all,908-31957-0000.wav,generated_audios/generated_H2_256C_int8/908-31957-0000_generated.wav,2.125034,0.124062,0.120847,0.058381,0.056868,1.313909,0.877975,1.678011
H2_256C_quantized_all,908-31957-0001.wav,generated_audios/generated_H2_256C_int8/908-31957-0001_generated.wav,11.315011,0.608356,0.604231,0.053765,0.053401,1.130302,0.799429,1.663096
H2_256C_quantized_all,908-31957-0002.wav,generated_audios/generated_H2_256C_int8/908-31957-0002_generated.wav,4.790023,0.261659,0.258581,0.054626,0.053983,1.122748,0.805078,1.784247
H2_256C_quantized_all,908-31957-0003.wav,generated_audios/generated_H2_256C_int8/908-31957-0003_generated.wav,6.565034,0.356515,0.352654,0.054305,0.053717,1.135083,0.804069,1.437079
H2_256C_quantized_all,908-31957-0004.wav,generated_audios/generated_H2_256C_int8/908-31957-0004_generated.wav,14.755011,0.781659,0.777465,0.052976,0.052692,1.141384,0.814284,1.579669
H2_256C_quantized_all,908-31957-0005.wav,generated_audios/generated_H2_256C_int8/908-31957-0005_generated.wav,4.490023,0.246896,0.243202,0.054988,0.054165,1.207432,0.826253,1.865881
H2_256C_quantized_all,908-31957-0006.wav,generated_audios/generated_H2_256C_int8/908-31957-0006_generated.wav,5.890023,0.31945,0.315671,0.054236,0.053594,1.177922,0.813468,1.796297
H2_256C_quantized_all,908-31957-0007.wav,generated_audios/generated_H2_256C_int8/908-31957-0007_generated.wav,5.8,0.312789,0.309199,0.053929,0.05331,1.215573,0.849414,1.638478
H2_256C_quantized_all,908-31957-0008.wav,generated_audios/generated_H2_256C_int8/908-31957-0008_generated.wav,10.005034,0.541619,0.537354,0.054135,0.053708,1.144652,0.792215,1.652403
H2_256C_quantized_all,908-31957-0009.wav,generated_audios/generated_H2_256C_int8/908-31957-0009_generated.wav,7.705034,0.414869,0.410621,0.053844,0.053293,1.152802,0.807282,1.613794
H2_256C_quantized_all,908-31957-0010.wav,generated_audios/generated_H2_256C_int8/908-31957-0010_generated.wav,2.510023,0.14475,0.141798,0.057669,0.056493,1.168108,0.610983,2.188586
H2_256C_quantized_all,908-31957-0011.wav,generated_audios/generated_H2_256C_int8/908-31957-0011_generated.wav,2.335011,0.134278,0.131043,0.057506,0.056121,1.148668,0.739927,1.729749
H2_256C_quantized_all,908-31957-0012.wav,generated_audios/generated_H2_256C_int8/908-31957-0012_generated.wav,7.615011,0.409473,0.405989,0.053772,0.053314,1.148347,0.799059,1.701548
H2_256C_quantized_all,908-31957-0013.wav,generated_audios/generated_H2_256C_int8/908-31957-0013_generated.wav,6.18,0.333278,0.329363,0.053928,0.053295,1.183507,0.748106,1.817055
H2_256C_quantized_all,908-31957-0014.wav,generated_audios/generated_H2_256C_int8/908-31957-0014_generated.wav,7.56,0.404147,0.400157,0.053459,0.052931,1.115067,0.771956,1.839882
H2_256C_quantized_all,908-31957-0015.wav,generated_audios/generated_H2_256C_int8/908-31957-0015_generated.wav,21.465034,1.116058,1.111169,0.051994,0.051766,1.122542,0.761709,1.888589
H2_256C_quantized_all,908-31957-0016.wav,generated_audios/generated_H2_256C_int8/908-31957-0016_generated.wav,6.48,0.35342,0.34952,0.05454,0.053938,1.203316,0.804554,1.851117
H2_256C_quantized_all,908-31957-0017.wav,generated_audios/generated_H2_256C_int8/908-31957-0017_generated.wav,7.795011,0.418579,0.415187,0.053698,0.053263,1.122394,0.815567,1.85225
H2_256C_quantized_all,908-31957-0018.wav,generated_audios/generated_H2_256C_int8/908-31957-0018_generated.wav,3.915011,0.215555,0.212019,0.055059,0.054155,1.139323,0.797717,1.743668
H2_256C_quantized_all,908-31957-0019.wav,generated_audios/generated_H2_256C_int8/908-31957-0019_generated.wav,9.54,0.513778,0.509577,0.053855,0.053415,1.209327,0.819367,1.656902
H2_256C_quantized_all,908-31957-0020.wav,generated_audios/generated_H2_256C_int8/908-31957-0020_generated.wav,5.895011,0.318617,0.31515,0.054049,0.05346,1.158804,0.786525,1.730614
H2_256C_quantized_all,908-31957-0021.wav,generated_audios/generated_H2_256C_int8/908-31957-0021_generated.wav,10.905034,0.578254,0.573969,0.053026,0.052633,1.13828,0.804953,1.71316
H2_256C_quantized_all,908-31957-0022.wav,generated_audios/generated_H2_256C_int8/908-31957-0022_generated.wav,14.1,0.763327,0.75845,0.054137,0.053791,1.126846,0.774564,1.688047
H2_256C_quantized_all,908-31957-0023.wav,generated_audios/generated_H2_256C_int8/908-31957-0023_generated.wav,8.515011,0.456439,0.452429,0.053604,0.053133,1.154742,0.802229,1.885978
H2_256C_quantized_all,908-31957-0024.wav,generated_audios/generated_H2_256C_int8/908-31957-0024_generated.wav,7.54,0.407578,0.403961,0.054055,0.053576,1.121217,0.77821,1.883455
H2_256C_quantized_all,908-31957-0025.wav,generated_audios/generated_H2_256C_int8/908-31957-0025_generated.wav,20.56,1.086643,1.082045,0.052852,0.052629,1.123115,0.785846,2.049337
H2_512C_quantized_all,1089-134686-0000.wav,generated_audios/generated_H2_512C_int8/1089-134686-0000_generated.wav,10.435011,1.554605,1.550619,0.14898,0.148598,1.269547,0.911256,1.177413
H2_512C_quantized_all,1089-134686-0001.wav,generated_audios/generated_H2_512C_int8/1089-134686-0001_generated.wav,3.275011,0.498999,0.496209,0.152366,0.151514,1.165535,0.836993,1.470622
H2_512C_quantized_all,1089-134686-0002.wav,generated_audios/generated_H2_512C_int8/1089-134686-0002_generated.wav,6.625034,0.981398,0.977658,0.148135,0.14757,1.264218,0.86605,1.169107
H2_512C_quantized_all,1089-134686-0003.wav,generated_audios/generated_H2_512C_int8/1089-134686-0003_generated.wav,2.68,0.414285,0.411092,0.154584,0.153392,1.443776,0.92305,1.350781
H2_512C_quantized_all,1089-134686-0004.wav,generated_audios/generated_H2_512C_int8/1089-134686-0004_generated.wav,5.215102,0.775654,0.77194,0.148732,0.14802,1.414826,0.941735,1.164884
H2_512C_quantized_all,1089-134686-0005.wav,generated_audios/generated_H2_512C_int8/1089-134686-0005_generated.wav,9.635011,1.421985,1.417704,0.147585,0.147141,1.179057,0.845556,1.280049
H2_512C_quantized_all,1089-134686-0006.wav,generated_audios/generated_H2_512C_int8/1089-134686-0006_generated.wav,10.555011,1.553482,1.548982,0.14718,0.146753,1.271708,0.874875,1.27289
H2_512C_quantized_all,1089-134686-0007.wav,generated_audios/generated_H2_512C_int8/1089-134686-0007_generated.wav,4.275011,0.681493,0.677099,0.159413,0.158385,1.160628,0.861114,1.380156
H2_512C_quantized_all,1089-134686-0008.wav,generated_audios/generated_H2_512C_int8/1089-134686-0008_generated.wav,6.730023,0.999678,0.995675,0.14854,0.147945,1.193644,0.860069,1.272834
H2_512C_quantized_all,1089-134686-0009.wav,generated_audios/generated_H2_512C_int8/1089-134686-0009_generated.wav,10.575011,1.593668,1.588804,0.150701,0.150241,1.270954,0.907302,1.309624
H2_512C_quantized_all,1089-134686-0010.wav,generated_audios/generated_H2_512C_int8/1089-134686-0010_generated.wav,4.405034,0.681577,0.6779,0.154727,0.153892,1.525516,0.931565,0.965478
H2_512C_quantized_all,1089-134686-0011.wav,generated_audios/generated_H2_512C_int8/1089-134686-0011_generated.wav,12.445034,1.848203,1.843821,0.148509,0.148157,1.253547,0.876912,1.139848
H2_512C_quantized_all,1089-134686-0012.wav,generated_audios/generated_H2_512C_int8/1089-134686-0012_generated.wav,11.64,1.760976,1.756452,0.151287,0.150898,1.299224,0.865345,1.239753
H2_512C_quantized_all,1089-134686-0013.wav,generated_audios/generated_H2_512C_int8/1089-134686-0013_generated.wav,7.915011,1.17588,1.171796,0.148563,0.148047,1.174075,0.875607,1.221005
H2_512C_quantized_all,1089-134686-0014.wav,generated_audios/generated_H2_512C_int8/1089-134686-0014_generated.wav,2.225034,0.341755,0.338842,0.153595,0.152286,1.282895,0.933939,1.169426
H2_512C_quantized_all,1089-134686-0015.wav,generated_audios/generated_H2_512C_int8/1089-134686-0015_generated.wav,5.815011,0.856035,0.852346,0.147211,0.146577,1.226696,0.857684,1.401145
H2_512C_quantized_all,1089-134686-0016.wav,generated_audios/generated_H2_512C_int8/1089-134686-0016_generated.wav,3.54,0.55823,0.554435,0.157692,0.15662,1.279246,0.911138,1.203826
H2_512C_quantized_all,1089-134686-0017.wav,generated_audios/generated_H2_512C_int8/1089-134686-0017_generated.wav,8.870023,1.325931,1.321869,0.149484,0.149027,1.252368,0.909324,1.189103
H2_512C_quantized_all,1089-134686-0018.wav,generated_audios/generated_H2_512C_int8/1089-134686-0018_generated.wav,15.72,2.414153,2.409073,0.153572,0.153249,1.193884,0.860727,1.210207
H2_512C_quantized_all,1089-134686-0019.wav,generated_audios/generated_H2_512C_int8/1089-134686-0019_generated.wav,13.895011,2.090474,2.085513,0.150448,0.150091,1.208171,0.87899,1.15276
H2_512C_quantized_all,1089-134686-0020.wav,generated_audios/generated_H2_512C_int8/1089-134686-0020_generated.wav,16.790023,2.581944,2.576482,0.153778,0.153453,1.187059,0.879373,1.20743
H2_512C_quantized_all,1089-134686-0021.wav,generated_audios/generated_H2_512C_int8/1089-134686-0021_generated.wav,6.550023,0.984821,0.981664,0.150354,0.149872,1.237334,0.881252,1.270192
H2_512C_quantized_all,1089-134686-0022.wav,generated_audios/generated_H2_512C_int8/1089-134686-0022_generated.wav,11.175011,1.647926,1.643547,0.147465,0.147073,1.306917,0.880902,1.140729
H2_512C_quantized_all,1089-134686-0023.wav,generated_audios/generated_H2_512C_int8/1089-134686-0023_generated.wav,13.275011,1.986639,1.981935,0.149653,0.149298,1.19959,0.880399,1.231065
H2_512C_quantized_all,1089-134686-0024.wav,generated_audios/generated_H2_512C_int8/1089-134686-0024_generated.wav,11.655011,1.724415,1.720006,0.147955,0.147577,1.208759,0.86884,1.138396
H2_512C_quantized_all,1089-134686-0025.wav,generated_audios/generated_H2_512C_int8/1089-134686-0025_generated.wav,6.610023,0.981901,0.978007,0.148547,0.147958,1.20548,0.905049,1.279382
H2_512C_quantized_all,1089-134686-0026.wav,generated_audios/generated_H2_512C_int8/1089-134686-0026_generated.wav,4.010023,0.621471,0.617898,0.154979,0.154089,1.247442,0.8969,1.205851
H2_512C_quantized_all,1089-134686-0027.wav,generated_audios/generated_H2_512C_int8/1089-134686-0027_generated.wav,2.710023,0.418289,0.414715,0.154349,0.15303,1.263545,0.92653,1.07066
H2_512C_quantized_all,1089-134686-0028.wav,generated_audios/generated_H2_512C_int8/1089-134686-0028_generated.wav,7.830023,1.176646,1.172633,0.150274,0.149761,1.30604,0.912803,1.06155
H2_512C_quantized_all,1089-134686-0029.wav,generated_audios/generated_H2_512C_int8/1089-134686-0029_generated.wav,4.670023,0.700708,0.697138,0.150044,0.149279,1.406429,0.909162,1.153108
H2_512C_quantized_all,1089-134686-0030.wav,generated_audios/generated_H2_512C_int8/1089-134686-0030_generated.wav,2.715011,0.423029,0.419637,0.155811,0.154562,1.451772,0.95209,1.076068
H2_512C_quantized_all,1089-134686-0031.wav,generated_audios/generated_H2_512C_int8/1089-134686-0031_generated.wav,6.615011,0.985989,0.982735,0.149053,0.148561,1.240141,0.86378,1.26028
H2_512C_quantized_all,121-121726-0000.wav,generated_audios/generated_H2_512C_int8/121-121726-0000_generated.wav,8.46,1.276287,1.271742,0.150861,0.150324,1.312246,0.93008,0.938118
H2_512C_quantized_all,121-121726-0001.wav,generated_audios/generated_H2_512C_int8/121-121726-0001_generated.wav,5.925034,0.88903,0.885281,0.150046,0.149414,1.551711,0.923058,0.745194
H2_512C_quantized_all,121-121726-0002.wav,generated_audios/generated_H2_512C_int8/121-121726-0002_generated.wav,4.410023,0.649681,0.646925,0.147319,0.146694,1.465041,0.911144,1.084874
H2_512C_quantized_all,121-121726-0003.wav,generated_audios/generated_H2_512C_int8/121-121726-0003_generated.wav,6.755011,0.97415,0.97018,0.144211,0.143624,1.550612,0.935684,0.734745
H2_512C_quantized_all,121-121726-0004.wav,generated_audios/generated_H2_512C_int8/121-121726-0004_generated.wav,4.02,0.591774,0.589084,0.147207,0.146538,1.320254,0.94811,0.853796
H2_512C_quantized_all,121-121726-0005.wav,generated_audios/generated_H2_512C_int8/121-121726-0005_generated.wav,3.1,0.454873,0.451951,0.146733,0.145791,1.547762,0.955798,0.632735
H2_512C_quantized_all,121-121726-0006.wav,generated_audios/generated_H2_512C_int8/121-121726-0006_generated.wav,3.895011,0.57109,0.568424,0.146621,0.145936,1.742134,0.914736,0.733806
H2_512C_quantized_all,121-121726-0007.wav,generated_audios/generated_H2_512C_int8/121-121726-0007_generated.wav,6.730023,0.98059,0.97678,0.145704,0.145138,1.419563,0.944397,0.723096
H2_512C_quantized_all,121-121726-0008.wav,generated_audios/generated_H2_512C_int8/121-121726-0008_generated.wav,4.990023,0.720752,0.716944,0.144439,0.143675,1.470657,0.933123,0.683265
H2_512C_quantized_all,121-121726-0009.wav,generated_audios/generated_H2_512C_int8/121-121726-0009_generated.wav,7.26,1.039566,1.035528,0.143191,0.142635,1.366462,0.929188,0.819239
H2_512C_quantized_all,121-121726-0010.wav,generated_audios/generated_H2_512C_int8/121-121726-0010_generated.wav,9.810023,1.373265,1.36894,0.139986,0.139545,1.350603,0.908377,0.868223
H2_512C_quantized_all,121-121726-0011.wav,generated_audios/generated_H2_512C_int8/121-121726-0011_generated.wav,4.035011,0.572071,0.568658,0.141777,0.140931,1.56631,0.942933,0.807393
H2_512C_quantized_all,121-121726-0012.wav,generated_audios/generated_H2_512C_int8/121-121726-0012_generated.wav,4.045034,0.569745,0.566045,0.140851,0.139936,1.421249,0.926596,1.198353
H2_512C_quantized_all,121-121726-0013.wav,generated_audios/generated_H2_512C_int8/121-121726-0013_generated.wav,2.490023,0.361273,0.357874,0.145088,0.143723,1.281908,0.913034,1.097548
H2_512C_quantized_all,121-121726-0014.wav,generated_audios/generated_H2_512C_int8/121-121726-0014_generated.wav,3.165034,0.472884,0.470117,0.149409,0.148535,1.783168,0.939458,0.731882
H2_512C_quantized_all,121-123852-0000.wav,generated_audios/generated_H2_512C_int8/121-123852-0000_generated.wav,17.695011,2.575885,2.570229,0.145571,0.145252,1.372834,0.929146,0.98506
H2_512C_quantized_all,121-123852-0001.wav,generated_audios/generated_H2_512C_int8/121-123852-0001_generated.wav,1.870023,0.276717,0.273371,0.147975,0.146186,1.279887,0.839435,1.156229
H2_512C_quantized_all,121-123852-0002.wav,generated_audios/generated_H2_512C_int8/121-123852-0002_generated.wav,17.285034,2.613555,2.609289,0.151203,0.150957,1.359705,0.911136,1.30435
H2_512C_quantized_all,121-123852-0003.wav,generated_audios/generated_H2_512C_int8/121-123852-0003_generated.wav,23.505034,3.73833,3.731848,0.159044,0.158768,1.288783,0.904155,1.267523
H2_512C_quantized_all,121-123852-0004.wav,generated_audios/generated_H2_512C_int8/121-123852-0004_generated.wav,16.290023,2.320917,2.31503,0.142475,0.142113,1.456928,0.921637,1.195799
H2_512C_quantized_all,121-123859-0000.wav,generated_audios/generated_H2_512C_int8/121-123859-0000_generated.wav,17.390023,2.50183,2.46332,0.143866,0.141651,1.275473,0.905259,1.229227
H2_512C_quantized_all,121-123859-0001.wav,generated_audios/generated_H2_512C_int8/121-123859-0001_generated.wav,25.395011,3.836008,3.828789,0.151054,0.150769,1.39473,0.927527,1.229245
H2_512C_quantized_all,121-123859-0002.wav,generated_audios/generated_H2_512C_int8/121-123859-0002_generated.wav,30.04,4.632938,4.626051,0.154226,0.153996,1.392172,0.922271,1.178844
H2_512C_quantized_all,121-123859-0003.wav,generated_audios/generated_H2_512C_int8/121-123859-0003_generated.wav,10.825034,1.50366,1.499513,0.138906,0.138523,1.434357,0.937705,1.135026
H2_512C_quantized_all,121-123859-0004.wav,generated_audios/generated_H2_512C_int8/121-123859-0004_generated.wav,9.505034,1.327321,1.323256,0.139644,0.139216,1.261934,0.918752,1.298135
H2_512C_quantized_all,121-127105-0000.wav,generated_audios/generated_H2_512C_int8/121-127105-0000_generated.wav,9.875011,1.404461,1.400533,0.142224,0.141826,1.367705,0.916241,0.734512
H2_512C_quantized_all,121-127105-0001.wav,generated_audios/generated_H2_512C_int8/121-127105-0001_generated.wav,5.025034,0.738963,0.735352,0.147056,0.146338,1.448404,0.923027,0.769951
H2_512C_quantized_all,121-127105-0002.wav,generated_audios/generated_H2_512C_int8/121-127105-0002_generated.wav,7.495011,1.056123,1.052014,0.14091,0.140362,1.405307,0.920351,0.820621
H2_512C_quantized_all,121-127105-0003.wav,generated_audios/generated_H2_512C_int8/121-127105-0003_generated.wav,7.725034,1.079903,1.076616,0.139793,0.139367,1.518256,0.936249,0.769656
H2_512C_quantized_all,121-127105-0004.wav,generated_audios/generated_H2_512C_int8/121-127105-0004_generated.wav,2.110023,0.311176,0.307941,0.147475,0.145942,1.120755,0.934638,0.837404
H2_512C_quantized_all,121-127105-0005.wav,generated_audios/generated_H2_512C_int8/121-127105-0005_generated.wav,5.82,0.820443,0.817047,0.14097,0.140386,1.471793,0.925547,0.651627
H2_512C_quantized_all,121-127105-0006.wav,generated_audios/generated_H2_512C_int8/121-127105-0006_generated.wav,4.725034,0.678995,0.675535,0.143702,0.142969,1.320986,0.936562,0.733198
H2_512C_quantized_all,121-127105-0007.wav,generated_audios/generated_H2_512C_int8/121-127105-0007_generated.wav,5.790023,0.8286,0.824767,0.143108,0.142446,1.28335,0.931029,0.796768
H2_512C_quantized_all,121-127105-0008.wav,generated_audios/generated_H2_512C_int8/121-127105-0008_generated.wav,2.76,0.398386,0.395009,0.144343,0.143119,1.286465,0.917116,0.848368
H2_512C_quantized_all,121-127105-0009.wav,generated_audios/generated_H2_512C_int8/121-127105-0009_generated.wav,2.290023,0.337273,0.334568,0.147279,0.146098,1.35022,0.911096,0.810365
H2_512C_quantized_all,121-127105-0010.wav,generated_audios/generated_H2_512C_int8/121-127105-0010_generated.wav,2.850023,0.412025,0.408699,0.144569,0.143402,1.31796,0.925805,0.740118
H2_512C_quantized_all,121-127105-0011.wav,generated_audios/generated_H2_512C_int8/121-127105-0011_generated.wav,5.78,0.821724,0.817978,0.142167,0.141519,1.314181,0.908532,0.829677
H2_512C_quantized_all,121-127105-0012.wav,generated_audios/generated_H2_512C_int8/121-127105-0012_generated.wav,4.830023,0.742777,0.739329,0.153783,0.153069,1.104257,0.896725,0.970187
H2_512C_quantized_all,121-127105-0013.wav,generated_audios/generated_H2_512C_int8/121-127105-0013_generated.wav,5.895011,0.83133,0.827689,0.141023,0.140405,1.323377,0.93515,0.752363
H2_512C_quantized_all,121-127105-0014.wav,generated_audios/generated_H2_512C_int8/121-127105-0014_generated.wav,2.255011,0.33277,0.32987,0.147569,0.146283,1.566064,0.876418,0.82762
H2_512C_quantized_all,121-127105-0015.wav,generated_audios/generated_H2_512C_int8/121-127105-0015_generated.wav,2.96,0.429787,0.427226,0.145198,0.144333,1.308339,0.927415,0.892601
H2_512C_quantized_all,121-127105-0016.wav,generated_audios/generated_H2_512C_int8/121-127105-0016_generated.wav,2.030023,0.302775,0.300072,0.149149,0.147817,1.537307,0.932568,0.784326
H2_512C_quantized_all,121-127105-0017.wav,generated_audios/generated_H2_512C_int8/121-127105-0017_generated.wav,2.695011,0.400548,0.397264,0.148626,0.147407,1.290809,0.925333,0.86535
H2_512C_quantized_all,121-127105-0018.wav,generated_audios/generated_H2_512C_int8/121-127105-0018_generated.wav,2.770023,0.39625,0.392865,0.143049,0.141827,1.38754,0.901164,0.825234
H2_512C_quantized_all,121-127105-0019.wav,generated_audios/generated_H2_512C_int8/121-127105-0019_generated.wav,3.525034,0.504919,0.501398,0.143238,0.142239,1.38358,0.926698,0.731316
H2_512C_quantized_all,121-127105-0020.wav,generated_audios/generated_H2_512C_int8/121-127105-0020_generated.wav,14.355011,2.05352,2.049259,0.143053,0.142756,1.406289,0.927396,0.784411
H2_512C_quantized_all,121-127105-0021.wav,generated_audios/generated_H2_512C_int8/121-127105-0021_generated.wav,2.0,0.306435,0.294608,0.153217,0.147304,1.415946,0.93016,0.777469
H2_512C_quantized_all,121-127105-0022.wav,generated_audios/generated_H2_512C_int8/121-127105-0022_generated.wav,5.075011,0.720577,0.717535,0.141985,0.141386,1.635697,0.922972,0.741828
H2_512C_quantized_all,121-127105-0023.wav,generated_audios/generated_H2_512C_int8/121-127105-0023_generated.wav,10.910023,1.51181,1.507239,0.138571,0.138152,1.489665,0.930611,0.768558
H2_512C_quantized_all,121-127105-0024.wav,generated_audios/generated_H2_512C_int8/121-127105-0024_generated.wav,14.450023,2.035937,2.031266,0.140895,0.140572,1.44068,0.923061,0.832666
H2_512C_quantized_all,121-127105-0025.wav,generated_audios/generated_H2_512C_int8/121-127105-0025_generated.wav,16.065034,2.266594,2.261537,0.141089,0.140774,1.498061,0.930154,0.741587
H2_512C_quantized_all,121-127105-0026.wav,generated_audios/generated_H2_512C_int8/121-127105-0026_generated.wav,7.530023,1.085265,1.081388,0.144125,0.14361,1.355085,0.939822,0.884126
H2_512C_quantized_all,121-127105-0027.wav,generated_audios/generated_H2_512C_int8/121-127105-0027_generated.wav,13.870023,1.980134,1.976088,0.142764,0.142472,1.485264,0.926843,0.746433
H2_512C_quantized_all,121-127105-0028.wav,generated_audios/generated_H2_512C_int8/121-127105-0028_generated.wav,6.750023,0.93937,0.935701,0.139165,0.138622,1.566971,0.943825,0.615331
H2_512C_quantized_all,121-127105-0029.wav,generated_audios/generated_H2_512C_int8/121-127105-0029_generated.wav,7.310023,1.025123,1.021247,0.140235,0.139705,1.48355,0.934726,0.775739
H2_512C_quantized_all,121-127105-0030.wav,generated_audios/generated_H2_512C_int8/121-127105-0030_generated.wav,2.175011,0.318681,0.315696,0.146519,0.145147,1.168244,0.930644,1.042431
H2_512C_quantized_all,121-127105-0031.wav,generated_audios/generated_H2_512C_int8/121-127105-0031_generated.wav,10.765034,1.494825,1.490772,0.138859,0.138483,1.36417,0.877897,0.799107
H2_512C_quantized_all,121-127105-0032.wav,generated_audios/generated_H2_512C_int8/121-127105-0032_generated.wav,3.170023,0.459906,0.456624,0.14508,0.144044,1.293069,0.929671,0.713577
H2_512C_quantized_all,121-127105-0033.wav,generated_audios/generated_H2_512C_int8/121-127105-0033_generated.wav,2.355011,0.342445,0.339359,0.145411,0.144101,1.321121,0.912154,0.721746
H2_512C_quantized_all,121-127105-0034.wav,generated_audios/generated_H2_512C_int8/121-127105-0034_generated.wav,7.410023,1.033454,1.029508,0.139467,0.138934,1.447034,0.931117,0.770039
H2_512C_quantized_all,121-127105-0035.wav,generated_audios/generated_H2_512C_int8/121-127105-0035_generated.wav,14.150023,1.995127,1.990593,0.140998,0.140678,1.432185,0.909644,0.671763
H2_512C_quantized_all,121-127105-0036.wav,generated_audios/generated_H2_512C_int8/121-127105-0036_generated.wav,4.150023,0.589525,0.586473,0.142053,0.141318,1.553419,0.901339,0.678949
H2_512C_quantized_all,237-126133-0000.wav,generated_audios/generated_H2_512C_int8/237-126133-0000_generated.wav,13.290023,1.903946,1.899371,0.143261,0.142917,1.210915,0.900453,1.161238
H2_512C_quantized_all,237-126133-0001.wav,generated_audios/generated_H2_512C_int8/237-126133-0001_generated.wav,11.965034,1.669647,1.665158,0.139544,0.139169,1.19403,0.879308,1.154842
H2_512C_quantized_all,237-126133-0002.wav,generated_audios/generated_H2_512C_int8/237-126133-0002_generated.wav,8.92,1.433129,1.429079,0.160665,0.160211,1.12175,0.890885,1.397374
H2_512C_quantized_all,237-126133-0003.wav,generated_audios/generated_H2_512C_int8/237-126133-0003_generated.wav,6.56,0.921746,0.918048,0.14051,0.139946,1.125894,0.847797,1.253679
H2_512C_quantized_all,237-126133-0004.wav,generated_audios/generated_H2_512C_int8/237-126133-0004_generated.wav,3.295011,0.472724,0.469477,0.143467,0.142481,1.232358,0.904956,1.270864
H2_512C_quantized_all,237-126133-0005.wav,generated_audios/generated_H2_512C_int8/237-126133-0005_generated.wav,6.510023,0.953702,0.950458,0.146497,0.145999,1.261759,0.908621,1.134673
H2_512C_quantized_all,237-126133-0006.wav,generated_audios/generated_H2_512C_int8/237-126133-0006_generated.wav,6.150023,0.867323,0.864181,0.141028,0.140517,1.268328,0.920866,1.276814
H2_512C_quantized_all,237-126133-0007.wav,generated_audios/generated_H2_512C_int8/237-126133-0007_generated.wav,8.68,1.20728,1.203556,0.139088,0.138658,1.245644,0.899482,1.203772
H2_512C_quantized_all,237-126133-0008.wav,generated_audios/generated_H2_512C_int8/237-126133-0008_generated.wav,3.865034,0.559245,0.555785,0.144693,0.143798,1.121122,0.872929,1.215253
H2_512C_quantized_all,237-126133-0009.wav,generated_audios/generated_H2_512C_int8/237-126133-0009_generated.wav,3.970023,0.562496,0.559066,0.141686,0.140822,1.206847,0.914147,1.243794
H2_512C_quantized_all,237-126133-0010.wav,generated_audios/generated_H2_512C_int8/237-126133-0010_generated.wav,6.24,0.871962,0.868077,0.139737,0.139115,1.236047,0.884697,1.177338
H2_512C_quantized_all,237-126133-0011.wav,generated_audios/generated_H2_512C_int8/237-126133-0011_generated.wav,6.710023,0.931503,0.92772,0.138823,0.138259,1.221694,0.907413,1.282671
H2_512C_quantized_all,237-126133-0012.wav,generated_audios/generated_H2_512C_int8/237-126133-0012_generated.wav,4.450023,0.634672,0.631288,0.142622,0.141862,1.142113,0.844732,1.319178
H2_512C_quantized_all,237-126133-0013.wav,generated_audios/generated_H2_512C_int8/237-126133-0013_generated.wav,6.815011,0.946286,0.942483,0.138853,0.138295,1.176743,0.873204,1.377192
H2_512C_quantized_all,237-126133-0014.wav,generated_audios/generated_H2_512C_int8/237-126133-0014_generated.wav,6.790023,0.961863,0.958071,0.141658,0.1411,1.178561,0.869702,1.144493
H2_512C_quantized_all,237-126133-0015.wav,generated_audios/generated_H2_512C_int8/237-126133-0015_generated.wav,9.34,1.290162,1.286476,0.138133,0.137738,1.19337,0.887816,1.261863
H2_512C_quantized_all,237-126133-0016.wav,generated_audios/generated_H2_512C_int8/237-126133-0016_generated.wav,4.250023,0.604097,0.600764,0.14214,0.141356,1.264101,0.906574,1.251339
H2_512C_quantized_all,237-126133-0017.wav,generated_audios/generated_H2_512C_int8/237-126133-0017_generated.wav,6.210023,0.87387,0.870099,0.140719,0.140112,1.338158,0.914265,1.117916
H2_512C_quantized_all,237-126133-0018.wav,generated_audios/generated_H2_512C_int8/237-126133-0018_generated.wav,4.095011,0.622229,0.618725,0.151948,0.151092,1.107353,0.816341,1.335768
H2_512C_quantized_all,237-126133-0019.wav,generated_audios/generated_H2_512C_int8/237-126133-0019_generated.wav,7.12,0.990008,0.985757,0.139046,0.138449,1.17356,0.888966,1.284936
H2_512C_quantized_all,237-126133-0020.wav,generated_audios/generated_H2_512C_int8/237-126133-0020_generated.wav,2.24,0.372293,0.368918,0.166202,0.164696,1.201848,0.911403,1.255265
H2_512C_quantized_all,237-126133-0021.wav,generated_audios/generated_H2_512C_int8/237-126133-0021_generated.wav,4.365034,0.621207,0.617631,0.142314,0.141495,1.105327,0.81457,1.340933
H2_512C_quantized_all,237-126133-0022.wav,generated_audios/generated_H2_512C_int8/237-126133-0022_generated.wav,5.04,0.711859,0.708418,0.141242,0.140559,1.171681,0.90428,1.351226
H2_512C_quantized_all,237-126133-0023.wav,generated_audios/generated_H2_512C_int8/237-126133-0023_generated.wav,6.675011,0.927052,0.923243,0.138884,0.138313,1.157817,0.88945,1.25677
H2_512C_quantized_all,237-126133-0024.wav,generated_audios/generated_H2_512C_int8/237-126133-0024_generated.wav,9.665034,1.517272,1.513117,0.156986,0.156556,1.291834,0.916368,1.074516
H2_512C_quantized_all,237-126133-0025.wav,generated_audios/generated_H2_512C_int8/237-126133-0025_generated.wav,3.755011,0.534203,0.531449,0.142264,0.141531,1.227249,0.905945,1.133825
H2_512C_quantized_all,237-134493-0000.wav,generated_audios/generated_H2_512C_int8/237-134493-0000_generated.wav,4.105034,0.584926,0.581704,0.14249,0.141705,1.778459,0.933106,0.835428
H2_512C_quantized_all,237-134493-0001.wav,generated_audios/generated_H2_512C_int8/237-134493-0001_generated.wav,7.38,1.022519,1.018701,0.138553,0.138035,1.772765,0.937402,0.83305
H2_512C_quantized_all,237-134493-0002.wav,generated_audios/generated_H2_512C_int8/237-134493-0002_generated.wav,11.395011,1.563176,1.558994,0.137181,0.136814,1.826813,0.937914,0.932311
H2_512C_quantized_all,237-134493-0003.wav,generated_audios/generated_H2_512C_int8/237-134493-0003_generated.wav,12.765034,1.766094,1.761747,0.138354,0.138014,1.744506,0.943092,0.826129
H2_512C_quantized_all,237-134493-0004.wav,generated_audios/generated_H2_512C_int8/237-134493-0004_generated.wav,6.825034,0.934581,0.930901,0.136934,0.136395,1.946927,0.941492,0.772441
H2_512C_quantized_all,237-134493-0005.wav,generated_audios/generated_H2_512C_int8/237-134493-0005_generated.wav,10.945034,1.481441,1.477249,0.135353,0.13497,1.832566,0.936431,0.789716
H2_512C_quantized_all,237-134493-0006.wav,generated_audios/generated_H2_512C_int8/237-134493-0006_generated.wav,4.395011,0.611869,0.608347,0.139219,0.138418,2.078311,0.949951,0.753935
H2_512C_quantized_all,237-134493-0007.wav,generated_audios/generated_H2_512C_int8/237-134493-0007_generated.wav,2.035011,0.297903,0.294678,0.146389,0.144804,2.038448,0.93595,0.738988
H2_512C_quantized_all,237-134493-0008.wav,generated_audios/generated_H2_512C_int8/237-134493-0008_generated.wav,2.305034,0.329709,0.326943,0.143039,0.141839,1.640039,0.862498,1.027586
H2_512C_quantized_all,237-134493-0009.wav,generated_audios/generated_H2_512C_int8/237-134493-0009_generated.wav,2.975011,0.48729,0.48406,0.163794,0.162708,1.716566,0.93125,0.994787
H2_512C_quantized_all,237-134493-0010.wav,generated_audios/generated_H2_512C_int8/237-134493-0010_generated.wav,2.875011,0.410445,0.40723,0.142763,0.141645,1.661897,0.900416,0.894752
H2_512C_quantized_all,237-134493-0011.wav,generated_audios/generated_H2_512C_int8/237-134493-0011_generated.wav,5.035011,0.708278,0.705027,0.140671,0.140025,1.963783,0.951897,0.751514
H2_512C_quantized_all,237-134493-0012.wav,generated_audios/generated_H2_512C_int8/237-134493-0012_generated.wav,3.66,0.528579,0.525388,0.144421,0.143549,1.938331,0.949194,0.849545
H2_512C_quantized_all,237-134493-0013.wav,generated_audios/generated_H2_512C_int8/237-134493-0013_generated.wav,4.090023,0.619075,0.615722,0.151362,0.150542,1.976552,0.927735,0.760323
H2_512C_quantized_all,237-134493-0014.wav,generated_audios/generated_H2_512C_int8/237-134493-0014_generated.wav,3.7,0.515096,0.511676,0.139215,0.138291,2.047337,0.949674,0.81831
H2_512C_quantized_all,237-134493-0015.wav,generated_audios/generated_H2_512C_int8/237-134493-0015_generated.wav,6.550023,0.91122,0.907434,0.139117,0.138539,1.766067,0.941042,0.765352
H2_512C_quantized_all,237-134493-0016.wav,generated_audios/generated_H2_512C_int8/237-134493-0016_generated.wav,10.085034,1.377905,1.373804,0.136629,0.136222,1.936337,0.946792,0.73841
H2_512C_quantized_all,237-134493-0017.wav,generated_audios/generated_H2_512C_int8/237-134493-0017_generated.wav,9.105034,1.299887,1.296177,0.142766,0.142358,1.861998,0.937458,0.800667
H2_512C_quantized_all,237-134493-0018.wav,generated_audios/generated_H2_512C_int8/237-134493-0018_generated.wav,4.790023,0.667113,0.664183,0.139271,0.13866,1.910001,0.950851,0.792538
H2_512C_quantized_all,237-134500-0000.wav,generated_audios/generated_H2_512C_int8/237-134500-0000_generated.wav,6.130023,0.845406,0.842027,0.137912,0.137361,1.507138,0.930433,0.975852
H2_512C_quantized_all,237-134500-0001.wav,generated_audios/generated_H2_512C_int8/237-134500-0001_generated.wav,1.810023,0.260029,0.256791,0.143661,0.141872,1.57031,0.905272,1.033269
H2_512C_quantized_all,237-134500-0002.wav,generated_audios/generated_H2_512C_int8/237-134500-0002_generated.wav,5.070023,0.703707,0.700449,0.138798,0.138155,1.719423,0.952375,0.878853
H2_512C_quantized_all,237-134500-0003.wav,generated_audios/generated_H2_512C_int8/237-134500-0003_generated.wav,3.170023,0.45487,0.451389,0.143491,0.142393,1.5164,0.938093,0.949993
H2_512C_quantized_all,237-134500-0004.wav,generated_audios/generated_H2_512C_int8/237-134500-0004_generated.wav,2.225034,0.321256,0.31852,0.144382,0.143153,1.441166,0.94449,0.924401
H2_512C_quantized_all,237-134500-0005.wav,generated_audios/generated_H2_512C_int8/237-134500-0005_generated.wav,2.390023,0.341368,0.33813,0.14283,0.141476,1.647703,0.949585,0.909591
H2_512C_quantized_all,237-134500-0006.wav,generated_audios/generated_H2_512C_int8/237-134500-0006_generated.wav,4.225034,0.591945,0.588431,0.140104,0.139273,1.849735,0.935167,0.83736
H2_512C_quantized_all,237-134500-0007.wav,generated_audios/generated_H2_512C_int8/237-134500-0007_generated.wav,2.390023,0.345342,0.342051,0.144493,0.143116,1.646535,0.927663,0.936189
H2_512C_quantized_all,237-134500-0008.wav,generated_audios/generated_H2_512C_int8/237-134500-0008_generated.wav,3.76,0.528914,0.525527,0.140669,0.139768,1.529745,0.921076,0.897086
H2_512C_quantized_all,237-134500-0009.wav,generated_audios/generated_H2_512C_int8/237-134500-0009_generated.wav,2.22,0.321055,0.317927,0.144619,0.14321,1.435627,0.919238,0.87881
H2_512C_quantized_all,237-134500-0010.wav,generated_audios/generated_H2_512C_int8/237-134500-0010_generated.wav,3.995011,0.572947,0.569679,0.143416,0.142598,1.760492,0.949302,0.772318
H2_512C_quantized_all,237-134500-0011.wav,generated_audios/generated_H2_512C_int8/237-134500-0011_generated.wav,3.350023,0.506244,0.502846,0.151117,0.150102,1.948003,0.928663,0.87331
H2_512C_quantized_all,237-134500-0012.wav,generated_audios/generated_H2_512C_int8/237-134500-0012_generated.wav,10.935011,1.492678,1.488323,0.136504,0.136106,1.521684,0.927041,0.929209
H2_512C_quantized_all,237-134500-0013.wav,generated_audios/generated_H2_512C_int8/237-134500-0013_generated.wav,10.56,1.45244,1.448349,0.137542,0.137154,1.596796,0.942252,0.911015
H2_512C_quantized_all,237-134500-0014.wav,generated_audios/generated_H2_512C_int8/237-134500-0014_generated.wav,4.250023,0.599354,0.596108,0.141024,0.14026,1.591434,0.888958,0.960024
H2_512C_quantized_all,237-134500-0015.wav,generated_audios/generated_H2_512C_int8/237-134500-0015_generated.wav,10.815011,1.472271,1.468072,0.136132,0.135744,1.639525,0.946868,0.872008
H2_512C_quantized_all,237-134500-0016.wav,generated_audios/generated_H2_512C_int8/237-134500-0016_generated.wav,3.16,0.468094,0.464787,0.148131,0.147085,1.475092,0.895886,1.11976
H2_512C_quantized_all,237-134500-0017.wav,generated_audios/generated_H2_512C_int8/237-134500-0017_generated.wav,2.18,0.327114,0.323827,0.150052,0.148545,1.956708,0.949972,0.950908
H2_512C_quantized_all,237-134500-0018.wav,generated_audios/generated_H2_512C_int8/237-134500-0018_generated.wav,12.845034,1.796475,1.792501,0.139858,0.139548,1.499462,0.924473,0.98664
H2_512C_quantized_all,237-134500-0019.wav,generated_audios/generated_H2_512C_int8/237-134500-0019_generated.wav,2.86,0.407655,0.404289,0.142537,0.14136,1.391015,0.925735,1.120279
H2_512C_quantized_all,237-134500-0020.wav,generated_audios/generated_H2_512C_int8/237-134500-0020_generated.wav,2.18,0.313072,0.309914,0.143611,0.142162,1.248323,0.954288,1.34717
H2_512C_quantized_all,237-134500-0021.wav,generated_audios/generated_H2_512C_int8/237-134500-0021_generated.wav,5.12,0.717051,0.713443,0.140049,0.139344,1.590098,0.905205,1.074452
H2_512C_quantized_all,237-134500-0022.wav,generated_audios/generated_H2_512C_int8/237-134500-0022_generated.wav,5.165034,0.71657,0.712921,0.138735,0.138028,1.648206,0.925056,0.972993
H2_512C_quantized_all,237-134500-0023.wav,generated_audios/generated_H2_512C_int8/237-134500-0023_generated.wav,3.06,0.437622,0.434221,0.143014,0.141902,1.786535,0.941972,1.016176
H2_512C_quantized_all,237-134500-0024.wav,generated_audios/generated_H2_512C_int8/237-134500-0024_generated.wav,4.410023,0.610146,0.606684,0.138354,0.137569,1.563692,0.927031,1.052733
H2_512C_quantized_all,237-134500-0025.wav,generated_audios/generated_H2_512C_int8/237-134500-0025_generated.wav,1.630023,0.237776,0.234654,0.145873,0.143958,1.325285,0.932216,1.309108
H2_512C_quantized_all,237-134500-0026.wav,generated_audios/generated_H2_512C_int8/237-134500-0026_generated.wav,3.050023,0.43205,0.428725,0.141655,0.140565,1.637151,0.935563,1.179265
H2_512C_quantized_all,237-134500-0027.wav,generated_audios/generated_H2_512C_int8/237-134500-0027_generated.wav,3.270023,0.459295,0.456212,0.140456,0.139513,1.507443,0.916077,0.931487
H2_512C_quantized_all,237-134500-0028.wav,generated_audios/generated_H2_512C_int8/237-134500-0028_generated.wav,4.524943,0.629913,0.626518,0.139209,0.138459,1.399435,0.923789,0.945924
H2_512C_quantized_all,237-134500-0029.wav,generated_audios/generated_H2_512C_int8/237-134500-0029_generated.wav,2.065034,0.299755,0.29641,0.145157,0.143537,1.702969,0.943343,0.931955
H2_512C_quantized_all,237-134500-0030.wav,generated_audios/generated_H2_512C_int8/237-134500-0030_generated.wav,2.78,0.393484,0.390711,0.141541,0.140544,1.592577,0.950463,1.160185
H2_512C_quantized_all,237-134500-0031.wav,generated_audios/generated_H2_512C_int8/237-134500-0031_generated.wav,10.610023,1.443705,1.439822,0.13607,0.135704,1.651538,0.936681,0.909697
H2_512C_quantized_all,237-134500-0032.wav,generated_audios/generated_H2_512C_int8/237-134500-0032_generated.wav,5.025034,0.728678,0.725421,0.145009,0.144361,1.455965,0.932501,1.04483
H2_512C_quantized_all,237-134500-0033.wav,generated_audios/generated_H2_512C_int8/237-134500-0033_generated.wav,6.350023,0.878749,0.875508,0.138385,0.137875,1.413027,0.888592,1.034953
H2_512C_quantized_all,237-134500-0034.wav,generated_audios/generated_H2_512C_int8/237-134500-0034_generated.wav,3.075011,0.440988,0.43816,0.14341,0.14249,1.243778,0.838621,1.296316
H2_512C_quantized_all,237-134500-0035.wav,generated_audios/generated_H2_512C_int8/237-134500-0035_generated.wav,2.555011,0.366107,0.363061,0.14329,0.142098,1.450541,0.934181,1.051841
H2_512C_quantized_all,237-134500-0036.wav,generated_audios/generated_H2_512C_int8/237-134500-0036_generated.wav,6.6,0.931594,0.927768,0.141151,0.140571,1.368179,0.913427,1.20058
H2_512C_quantized_all,237-134500-0037.wav,generated_audios/generated_H2_512C_int8/237-134500-0037_generated.wav,7.105034,0.974457,0.970578,0.13715,0.136604,1.527423,0.905956,0.975146
H2_512C_quantized_all,237-134500-0038.wav,generated_audios/generated_H2_512C_int8/237-134500-0038_generated.wav,2.435011,0.353278,0.350039,0.145083,0.143753,1.638033,0.929535,0.864766
H2_512C_quantized_all,237-134500-0039.wav,generated_audios/generated_H2_512C_int8/237-134500-0039_generated.wav,4.630023,0.65168,0.648335,0.140751,0.140028,1.455199,0.927409,0.994849
H2_512C_quantized_all,237-134500-0040.wav,generated_audios/generated_H2_512C_int8/237-134500-0040_generated.wav,4.030023,0.563457,0.559865,0.139815,0.138923,1.553071,0.947209,0.906412
H2_512C_quantized_all,237-134500-0041.wav,generated_audios/generated_H2_512C_int8/237-134500-0041_generated.wav,8.92,1.398564,1.394961,0.15679,0.156386,1.428018,0.948415,1.182605
H2_512C_quantized_all,237-134500-0042.wav,generated_audios/generated_H2_512C_int8/237-134500-0042_generated.wav,2.575011,0.366398,0.363107,0.14229,0.141012,1.478747,0.885411,1.3449
H2_512C_quantized_all,260-123286-0000.wav,generated_audios/generated_H2_512C_int8/260-123286-0000_generated.wav,7.04,0.965853,0.96222,0.137195,0.136679,1.290016,0.887334,1.207026
H2_512C_quantized_all,260-123286-0001.wav,generated_audios/generated_H2_512C_int8/260-123286-0001_generated.wav,3.070023,0.442466,0.439093,0.144125,0.143026,1.200816,0.895349,0.962464
H2_512C_quantized_all,260-123286-0002.wav,generated_audios/generated_H2_512C_int8/260-123286-0002_generated.wav,9.985034,1.361234,1.357328,0.136327,0.135936,1.339367,0.910746,0.950502
H2_512C_quantized_all,260-123286-0003.wav,generated_audios/generated_H2_512C_int8/260-123286-0003_generated.wav,7.370023,1.012957,1.009237,0.137443,0.136938,1.266088,0.88388,0.988316
H2_512C_quantized_all,260-123286-0004.wav,generated_audios/generated_H2_512C_int8/260-123286-0004_generated.wav,3.465034,0.491133,0.48823,0.14174,0.140902,1.274253,0.909373,1.106086
H2_512C_quantized_all,260-123286-0005.wav,generated_audios/generated_H2_512C_int8/260-123286-0005_generated.wav,4.810023,0.67306,0.66949,0.139929,0.139187,1.263407,0.865659,1.093419
H2_512C_quantized_all,260-123286-0006.wav,generated_audios/generated_H2_512C_int8/260-123286-0006_generated.wav,7.405034,1.021056,1.017125,0.137887,0.137356,1.436862,0.926551,0.951064
H2_512C_quantized_all,260-123286-0007.wav,generated_audios/generated_H2_512C_int8/260-123286-0007_generated.wav,4.550023,0.631617,0.628346,0.138816,0.138097,1.29411,0.895116,1.064067
H2_512C_quantized_all,260-123286-0008.wav,generated_audios/generated_H2_512C_int8/260-123286-0008_generated.wav,3.735011,0.52084,0.517325,0.139448,0.138507,1.356132,0.917052,0.961598
H2_512C_quantized_all,260-123286-0009.wav,generated_audios/generated_H2_512C_int8/260-123286-0009_generated.wav,5.795011,0.802087,0.798617,0.13841,0.137811,1.26817,0.906076,0.904493
H2_512C_quantized_all,260-123286-0010.wav,generated_audios/generated_H2_512C_int8/260-123286-0010_generated.wav,2.575011,0.369473,0.366488,0.143484,0.142325,1.212001,0.917833,1.090112
H2_512C_quantized_all,260-123286-0011.wav,generated_audios/generated_H2_512C_int8/260-123286-0011_generated.wav,4.255011,0.596684,0.593263,0.140231,0.139427,1.316241,0.879538,1.22397
H2_512C_quantized_all,260-123286-0012.wav,generated_audios/generated_H2_512C_int8/260-123286-0012_generated.wav,2.430023,0.35374,0.351012,0.145571,0.144448,1.322608,0.914265,1.04482
H2_512C_quantized_all,260-123286-0013.wav,generated_audios/generated_H2_512C_int8/260-123286-0013_generated.wav,4.730023,0.65849,0.655452,0.139215,0.138573,1.431448,0.926379,0.963802
H2_512C_quantized_all,260-123286-0014.wav,generated_audios/generated_H2_512C_int8/260-123286-0014_generated.wav,2.98,0.522073,0.518999,0.175192,0.174161,1.227484,0.892051,0.886991
H2_512C_quantized_all,260-123286-0015.wav,generated_audios/generated_H2_512C_int8/260-123286-0015_generated.wav,5.210023,0.815383,0.81195,0.156503,0.155844,1.45438,0.927533,1.129638
H2_512C_quantized_all,260-123286-0016.wav,generated_audios/generated_H2_512C_int8/260-123286-0016_generated.wav,7.0,0.961622,0.958289,0.137375,0.136898,1.360785,0.91941,0.924191
H2_512C_quantized_all,260-123286-0017.wav,generated_audios/generated_H2_512C_int8/260-123286-0017_generated.wav,3.975011,0.553007,0.549501,0.139121,0.138239,1.311315,0.92782,0.845633
H2_512C_quantized_all,260-123286-0018.wav,generated_audios/generated_H2_512C_int8/260-123286-0018_generated.wav,5.670023,0.798391,0.794839,0.140809,0.140183,1.324684,0.872476,1.038975
H2_512C_quantized_all,260-123286-0019.wav,generated_audios/generated_H2_512C_int8/260-123286-0019_generated.wav,11.905034,1.637837,1.633648,0.137575,0.137223,1.321448,0.902546,0.983028
H2_512C_quantized_all,260-123286-0020.wav,generated_audios/generated_H2_512C_int8/260-123286-0020_generated.wav,3.06,0.434468,0.431485,0.141983,0.141008,1.192428,0.910503,0.885017
H2_512C_quantized_all,260-123286-0021.wav,generated_audios/generated_H2_512C_int8/260-123286-0021_generated.wav,2.550023,0.361984,0.358806,0.141953,0.140707,1.32485,0.919874,1.04836
H2_512C_quantized_all,260-123286-0022.wav,generated_audios/generated_H2_512C_int8/260-123286-0022_generated.wav,3.235011,0.459057,0.455826,0.141903,0.140904,1.305974,0.925632,0.892054
H2_512C_quantized_all,260-123286-0023.wav,generated_audios/generated_H2_512C_int8/260-123286-0023_generated.wav,5.875011,0.809515,0.805825,0.13779,0.137161,1.347706,0.897335,0.988356
H2_512C_quantized_all,260-123286-0024.wav,generated_audios/generated_H2_512C_int8/260-123286-0024_generated.wav,3.04,0.428296,0.425488,0.140887,0.139963,1.575225,0.937539,1.031487
H2_512C_quantized_all,260-123286-0025.wav,generated_audios/generated_H2_512C_int8/260-123286-0025_generated.wav,9.205034,1.283926,1.279604,0.139481,0.139011,1.365685,0.915405,1.028344
H2_512C_quantized_all,260-123286-0026.wav,generated_audios/generated_H2_512C_int8/260-123286-0026_generated.wav,6.94,0.952185,0.948534,0.137202,0.136676,1.285239,0.898128,1.071257
H2_512C_quantized_all,260-123286-0027.wav,generated_audios/generated_H2_512C_int8/260-123286-0027_generated.wav,7.170023,0.982762,0.979142,0.137065,0.136561,1.323928,0.877755,0.974066
H2_512C_quantized_all,260-123286-0028.wav,generated_audios/generated_H2_512C_int8/260-123286-0028_generated.wav,7.465034,1.01957,1.015757,0.136579,0.136069,1.333267,0.879047,0.927797
H2_512C_quantized_all,260-123286-0029.wav,generated_audios/generated_H2_512C_int8/260-123286-0029_generated.wav,4.545034,0.635232,0.631855,0.139764,0.139021,1.277412,0.915103,0.950633
H2_512C_quantized_all,260-123286-0030.wav,generated_audios/generated_H2_512C_int8/260-123286-0030_generated.wav,7.530023,1.053558,1.049615,0.139914,0.139391,1.277594,0.89261,1.12285
H2_512C_quantized_all,260-123286-0031.wav,generated_audios/generated_H2_512C_int8/260-123286-0031_generated.wav,5.06,0.703379,0.700319,0.139008,0.138403,1.417049,0.916314,0.779876
H2_512C_quantized_all,260-123288-0000.wav,generated_audios/generated_H2_512C_int8/260-123288-0000_generated.wav,3.04,0.428156,0.424642,0.140841,0.139685,1.33978,0.872039,1.102233
H2_512C_quantized_all,260-123288-0001.wav,generated_audios/generated_H2_512C_int8/260-123288-0001_generated.wav,5.08,0.705509,0.701932,0.13888,0.138176,1.227859,0.886373,1.199003
H2_512C_quantized_all,260-123288-0002.wav,generated_audios/generated_H2_512C_int8/260-123288-0002_generated.wav,7.250023,1.042078,1.038114,0.143734,0.143188,1.286408,0.875012,1.043557
H2_512C_quantized_all,260-123288-0003.wav,generated_audios/generated_H2_512C_int8/260-123288-0003_generated.wav,8.905034,1.212623,1.208824,0.136173,0.135746,1.289483,0.913776,1.00699
H2_512C_quantized_all,260-123288-0004.wav,generated_audios/generated_H2_512C_int8/260-123288-0004_generated.wav,4.310023,0.598488,0.595629,0.13886,0.138196,1.227739,0.843777,1.131485
H2_512C_quantized_all,260-123288-0005.wav,generated_audios/generated_H2_512C_int8/260-123288-0005_generated.wav,12.550023,1.794737,1.790414,0.143007,0.142662,1.242395,0.884236,1.037677
H2_512C_quantized_all,260-123288-0006.wav,generated_audios/generated_H2_512C_int8/260-123288-0006_generated.wav,4.88,0.678687,0.67523,0.139075,0.138367,1.226378,0.897785,0.845311
H2_512C_quantized_all,260-123288-0007.wav,generated_audios/generated_H2_512C_int8/260-123288-0007_generated.wav,11.2,1.520899,1.517139,0.135795,0.135459,1.281698,0.891789,1.101135
H2_512C_quantized_all,260-123288-0008.wav,generated_audios/generated_H2_512C_int8/260-123288-0008_generated.wav,5.515011,0.758733,0.755499,0.137576,0.13699,1.484422,0.925526,1.083101
H2_512C_quantized_all,260-123288-0009.wav,generated_audios/generated_H2_512C_int8/260-123288-0009_generated.wav,3.435011,0.483574,0.480254,0.140778,0.139811,1.493749,0.90445,1.021599
H2_512C_quantized_all,260-123288-0010.wav,generated_audios/generated_H2_512C_int8/260-123288-0010_generated.wav,9.995011,1.355507,1.351273,0.135618,0.135195,1.266286,0.905348,0.906855
H2_512C_quantized_all,260-123288-0011.wav,generated_audios/generated_H2_512C_int8/260-123288-0011_generated.wav,8.98,1.222583,1.21834,0.136145,0.135673,1.34099,0.874206,0.916659
H2_512C_quantized_all,260-123288-0012.wav,generated_audios/generated_H2_512C_int8/260-123288-0012_generated.wav,3.545034,0.502405,0.499612,0.141721,0.140933,1.425315,0.924751,1.006816
H2_512C_quantized_all,260-123288-0013.wav,generated_audios/generated_H2_512C_int8/260-123288-0013_generated.wav,11.385079,1.548489,1.544156,0.13601,0.13563,1.316969,0.892477,1.048212
H2_512C_quantized_all,260-123288-0014.wav,generated_audios/generated_H2_512C_int8/260-123288-0014_generated.wav,1.805034,0.26076,0.258181,0.144462,0.143034,1.495458,0.925838,1.036016
H2_512C_quantized_all,260-123288-0015.wav,generated_audios/generated_H2_512C_int8/260-123288-0015_generated.wav,21.185034,3.481649,3.476611,0.164345,0.164107,1.267212,0.885872,1.025571
H2_512C_quantized_all,260-123288-0016.wav,generated_audios/generated_H2_512C_int8/260-123288-0016_generated.wav,4.865034,0.689885,0.677786,0.141805,0.139318,1.218267,0.854377,1.214364
H2_512C_quantized_all,260-123288-0017.wav,generated_audios/generated_H2_512C_int8/260-123288-0017_generated.wav,5.225034,0.740184,0.736696,0.141661,0.140994,1.32233,0.917642,1.069836
H2_512C_quantized_all,260-123288-0018.wav,generated_audios/generated_H2_512C_int8/260-123288-0018_generated.wav,3.245034,0.454364,0.451028,0.140018,0.13899,1.452692,0.885143,0.976112
H2_512C_quantized_all,260-123288-0019.wav,generated_audios/generated_H2_512C_int8/260-123288-0019_generated.wav,2.955011,0.417347,0.413935,0.141234,0.140079,1.272562,0.902282,0.89332
H2_512C_quantized_all,260-123288-0020.wav,generated_audios/generated_H2_512C_int8/260-123288-0020_generated.wav,2.9,0.408212,0.40494,0.140763,0.139634,1.335872,0.910683,0.765349
H2_512C_quantized_all,260-123288-0021.wav,generated_audios/generated_H2_512C_int8/260-123288-0021_generated.wav,2.710023,0.387421,0.384549,0.142958,0.141899,1.328972,0.902824,1.068778
H2_512C_quantized_all,260-123288-0022.wav,generated_audios/generated_H2_512C_int8/260-123288-0022_generated.wav,3.705034,0.517985,0.514307,0.139806,0.138813,1.195643,0.897553,1.147276
H2_512C_quantized_all,260-123288-0023.wav,generated_audios/generated_H2_512C_int8/260-123288-0023_generated.wav,2.385034,0.355996,0.352857,0.149263,0.147946,1.236753,0.836446,0.993155
H2_512C_quantized_all,260-123288-0024.wav,generated_audios/generated_H2_512C_int8/260-123288-0024_generated.wav,14.595011,2.034853,2.030283,0.139421,0.139108,1.310686,0.905341,1.054141
H2_512C_quantized_all,260-123288-0025.wav,generated_audios/generated_H2_512C_int8/260-123288-0025_generated.wav,13.445034,1.853659,1.84895,0.137869,0.137519,1.330095,0.894579,1.029696
H2_512C_quantized_all,260-123288-0026.wav,generated_audios/generated_H2_512C_int8/260-123288-0026_generated.wav,16.04,2.285786,2.280576,0.142505,0.142181,1.310145,0.900986,1.105422
H2_512C_quantized_all,260-123288-0027.wav,generated_audios/generated_H2_512C_int8/260-123288-0027_generated.wav,6.305034,0.868955,0.866327,0.137819,0.137402,1.342209,0.917951,1.09276
H2_512C_quantized_all,260-123288-0028.wav,generated_audios/generated_H2_512C_int8/260-123288-0028_generated.wav,2.610023,0.397835,0.394536,0.152426,0.151162,1.334374,0.933431,0.883675
H2_512C_quantized_all,260-123440-0000.wav,generated_audios/generated_H2_512C_int8/260-123440-0000_generated.wav,2.165034,0.311343,0.308144,0.143805,0.142327,1.172439,0.882496,1.194624
H2_512C_quantized_all,260-123440-0001.wav,generated_audios/generated_H2_512C_int8/260-123440-0001_generated.wav,1.74,0.254017,0.250875,0.145987,0.144181,1.340412,0.913232,0.936723
H2_512C_quantized_all,260-123440-0002.wav,generated_audios/generated_H2_512C_int8/260-123440-0002_generated.wav,14.715011,2.049832,2.046152,0.139302,0.139052,1.292491,0.914326,1.100669
H2_512C_quantized_all,260-123440-0003.wav,generated_audios/generated_H2_512C_int8/260-123440-0003_generated.wav,3.585034,0.501718,0.498787,0.139948,0.13913,1.35435,0.909365,1.05979
H2_512C_quantized_all,260-123440-0004.wav,generated_audios/generated_H2_512C_int8/260-123440-0004_generated.wav,12.02,1.650033,1.645461,0.137274,0.136894,1.240168,0.907211,0.988961
H2_512C_quantized_all,260-123440-0005.wav,generated_audios/generated_H2_512C_int8/260-123440-0005_generated.wav,3.105034,0.436408,0.4344,0.140549,0.139902,1.334768,0.911382,1.017004
H2_512C_quantized_all,260-123440-0006.wav,generated_audios/generated_H2_512C_int8/260-123440-0006_generated.wav,2.715011,0.384998,0.381703,0.141804,0.14059,1.307089,0.902795,1.084775
H2_512C_quantized_all,260-123440-0007.wav,generated_audios/generated_H2_512C_int8/260-123440-0007_generated.wav,3.385034,0.47521,0.471853,0.140385,0.139394,1.304131,0.898977,1.058317
H2_512C_quantized_all,260-123440-0008.wav,generated_audios/generated_H2_512C_int8/260-123440-0008_generated.wav,3.745034,0.525521,0.521933,0.140325,0.139367,1.278731,0.896826,1.042201
H2_512C_quantized_all,260-123440-0009.wav,generated_audios/generated_H2_512C_int8/260-123440-0009_generated.wav,3.115011,0.436604,0.433349,0.140161,0.139116,1.323552,0.938185,0.856064
H2_512C_quantized_all,260-123440-0010.wav,generated_audios/generated_H2_512C_int8/260-123440-0010_generated.wav,8.315011,1.150263,1.146676,0.138336,0.137904,1.307755,0.886117,0.967217
H2_512C_quantized_all,260-123440-0011.wav,generated_audios/generated_H2_512C_int8/260-123440-0011_generated.wav,4.870023,0.675786,0.672522,0.138764,0.138094,1.332735,0.911317,1.072229
H2_512C_quantized_all,260-123440-0012.wav,generated_audios/generated_H2_512C_int8/260-123440-0012_generated.wav,5.245034,0.723494,0.720089,0.137939,0.13729,1.331665,0.909468,0.974012
H2_512C_quantized_all,260-123440-0013.wav,generated_audios/generated_H2_512C_int8/260-123440-0013_generated.wav,3.475011,0.485217,0.481837,0.13963,0.138658,1.26833,0.90278,1.135671
H2_512C_quantized_all,260-123440-0014.wav,generated_audios/generated_H2_512C_int8/260-123440-0014_generated.wav,3.815011,0.54232,0.538865,0.142154,0.141249,1.36893,0.933706,1.040962
H2_512C_quantized_all,260-123440-0015.wav,generated_audios/generated_H2_512C_int8/260-123440-0015_generated.wav,6.2,0.860905,0.857247,0.138856,0.138266,1.38832,0.914992,0.916883
H2_512C_quantized_all,260-123440-0016.wav,generated_audios/generated_H2_512C_int8/260-123440-0016_generated.wav,4.895011,0.679018,0.675282,0.138716,0.137953,1.35616,0.937717,0.97422
H2_512C_quantized_all,260-123440-0017.wav,generated_audios/generated_H2_512C_int8/260-123440-0017_generated.wav,3.070023,0.441181,0.437946,0.143706,0.142652,1.223776,0.893361,1.108819
H2_512C_quantized_all,260-123440-0018.wav,generated_audios/generated_H2_512C_int8/260-123440-0018_generated.wav,3.64,0.511347,0.508165,0.14048,0.139606,1.4627,0.934259,1.052761
H2_512C_quantized_all,260-123440-0019.wav,generated_audios/generated_H2_512C_int8/260-123440-0019_generated.wav,6.630023,0.912053,0.908385,0.137564,0.137011,1.25445,0.884847,1.008872
H2_512C_quantized_all,260-123440-0020.wav,generated_audios/generated_H2_512C_int8/260-123440-0020_generated.wav,4.995011,0.690073,0.68647,0.138152,0.137431,1.26273,0.902287,1.195906
H2_512C_quantized_all,61-70968-0000.wav,generated_audios/generated_H2_512C_int8/61-70968-0000_generated.wav,4.905034,0.679589,0.675947,0.138549,0.137807,1.260228,0.897889,0.975757
H2_512C_quantized_all,61-70968-0001.wav,generated_audios/generated_H2_512C_int8/61-70968-0001_generated.wav,3.610023,0.501557,0.498314,0.138935,0.138036,1.326046,0.890171,0.928979
H2_512C_quantized_all,61-70968-0002.wav,generated_audios/generated_H2_512C_int8/61-70968-0002_generated.wav,2.970023,0.417703,0.414678,0.14064,0.139621,1.409699,0.840126,0.982296
H2_512C_quantized_all,61-70968-0003.wav,generated_audios/generated_H2_512C_int8/61-70968-0003_generated.wav,4.315011,0.597136,0.593605,0.138386,0.137567,1.44848,0.870383,0.948252
H2_512C_quantized_all,61-70968-0004.wav,generated_audios/generated_H2_512C_int8/61-70968-0004_generated.wav,3.885034,0.540912,0.537803,0.13923,0.138429,1.340968,0.880916,0.943783
H2_512C_quantized_all,61-70968-0005.wav,generated_audios/generated_H2_512C_int8/61-70968-0005_generated.wav,5.070023,0.699664,0.696177,0.138,0.137312,1.248501,0.820521,1.060193
H2_512C_quantized_all,61-70968-0006.wav,generated_audios/generated_H2_512C_int8/61-70968-0006_generated.wav,2.935011,0.413437,0.410095,0.140864,0.139725,1.344849,0.871533,0.985857
H2_512C_quantized_all,61-70968-0007.wav,generated_audios/generated_H2_512C_int8/61-70968-0007_generated.wav,3.550023,0.49771,0.494382,0.140199,0.139262,1.300498,0.732433,0.970636
H2_512C_quantized_all,61-70968-0008.wav,generated_audios/generated_H2_512C_int8/61-70968-0008_generated.wav,3.535011,0.519842,0.516436,0.147055,0.146092,1.34691,0.902795,0.887578
H2_512C_quantized_all,61-70968-0009.wav,generated_audios/generated_H2_512C_int8/61-70968-0009_generated.wav,4.510023,0.627068,0.62346,0.139039,0.138239,1.32793,0.808947,1.113383
H2_512C_quantized_all,61-70968-0010.wav,generated_audios/generated_H2_512C_int8/61-70968-0010_generated.wav,8.295011,1.126065,1.121961,0.135752,0.135257,1.371501,0.854892,0.938208
H2_512C_quantized_all,61-70968-0011.wav,generated_audios/generated_H2_512C_int8/61-70968-0011_generated.wav,6.375011,0.874242,0.870386,0.137136,0.136531,1.356531,0.895007,0.917622
H2_512C_quantized_all,61-70968-0012.wav,generated_audios/generated_H2_512C_int8/61-70968-0012_generated.wav,2.610023,0.401126,0.397776,0.153687,0.152403,1.767241,0.949967,0.783595
H2_512C_quantized_all,61-70968-0013.wav,generated_audios/generated_H2_512C_int8/61-70968-0013_generated.wav,4.450023,0.620343,0.616947,0.139402,0.138639,1.377405,0.866842,0.962396
H2_512C_quantized_all,61-70968-0014.wav,generated_audios/generated_H2_512C_int8/61-70968-0014_generated.wav,7.485034,1.030043,1.026215,0.137614,0.137102,1.408309,0.888042,0.996425
H2_512C_quantized_all,61-70968-0015.wav,generated_audios/generated_H2_512C_int8/61-70968-0015_generated.wav,5.375011,0.739014,0.735425,0.137491,0.136823,1.485253,0.909424,0.879507
H2_512C_quantized_all,61-70968-0016.wav,generated_audios/generated_H2_512C_int8/61-70968-0016_generated.wav,3.72,0.592652,0.589192,0.159315,0.158385,1.506591,0.928821,0.801407
H2_512C_quantized_all,61-70968-0017.wav,generated_audios/generated_H2_512C_int8/61-70968-0017_generated.wav,5.110023,0.717252,0.71356,0.140362,0.139639,1.379292,0.908977,0.846303
H2_512C_quantized_all,61-70968-0018.wav,generated_audios/generated_H2_512C_int8/61-70968-0018_generated.wav,2.405034,0.344755,0.341458,0.143347,0.141976,1.379051,0.891275,0.987143
H2_512C_quantized_all,61-70968-0019.wav,generated_audios/generated_H2_512C_int8/61-70968-0019_generated.wav,5.475011,0.760076,0.756409,0.138826,0.138157,1.438594,0.87215,0.956874
H2_512C_quantized_all,61-70968-0020.wav,generated_audios/generated_H2_512C_int8/61-70968-0020_generated.wav,5.105034,0.705989,0.702115,0.138293,0.137534,1.640937,0.900617,0.717923
H2_512C_quantized_all,61-70968-0021.wav,generated_audios/generated_H2_512C_int8/61-70968-0021_generated.wav,2.690023,0.384488,0.381191,0.142931,0.141706,1.486364,0.847049,0.95247
H2_512C_quantized_all,61-70968-0022.wav,generated_audios/generated_H2_512C_int8/61-70968-0022_generated.wav,4.670023,0.648947,0.645197,0.13896,0.138157,1.283112,0.862316,1.010211
H2_512C_quantized_all,61-70968-0023.wav,generated_audios/generated_H2_512C_int8/61-70968-0023_generated.wav,5.025034,0.723119,0.719598,0.143903,0.143203,1.595345,0.912515,0.799312
H2_512C_quantized_all,61-70968-0024.wav,generated_audios/generated_H2_512C_int8/61-70968-0024_generated.wav,6.025034,0.829936,0.826105,0.137748,0.137112,1.529989,0.869306,0.828397
H2_512C_quantized_all,61-70968-0025.wav,generated_audios/generated_H2_512C_int8/61-70968-0025_generated.wav,4.410023,0.608936,0.605379,0.13808,0.137273,1.574729,0.899778,0.822802
H2_512C_quantized_all,61-70968-0026.wav,generated_audios/generated_H2_512C_int8/61-70968-0026_generated.wav,4.92,0.678058,0.674526,0.137817,0.137099,1.456719,0.91877,0.860619
H2_512C_quantized_all,61-70968-0027.wav,generated_audios/generated_H2_512C_int8/61-70968-0027_generated.wav,6.870023,0.941453,0.937756,0.137038,0.1365,1.416,0.89511,0.877091
H2_512C_quantized_all,61-70968-0028.wav,generated_audios/generated_H2_512C_int8/61-70968-0028_generated.wav,5.355011,0.742549,0.739007,0.138664,0.138003,1.502555,0.909262,0.857183
H2_512C_quantized_all,61-70968-0029.wav,generated_audios/generated_H2_512C_int8/61-70968-0029_generated.wav,3.495011,0.497296,0.493861,0.142287,0.141305,1.414222,0.907044,0.890236
H2_512C_quantized_all,61-70968-0030.wav,generated_audios/generated_H2_512C_int8/61-70968-0030_generated.wav,5.685034,0.791623,0.787873,0.139247,0.138587,1.470438,0.907111,0.81657
H2_512C_quantized_all,61-70968-0031.wav,generated_audios/generated_H2_512C_int8/61-70968-0031_generated.wav,2.925034,0.414422,0.411052,0.141681,0.140529,1.291708,0.84974,0.890491
H2_512C_quantized_all,61-70968-0032.wav,generated_audios/generated_H2_512C_int8/61-70968-0032_generated.wav,4.28,0.619013,0.615571,0.144629,0.143825,1.543434,0.858685,0.84494
H2_512C_quantized_all,61-70968-0033.wav,generated_audios/generated_H2_512C_int8/61-70968-0033_generated.wav,5.685034,0.784679,0.781481,0.138025,0.137463,1.551142,0.926577,0.826741
H2_512C_quantized_all,61-70968-0034.wav,generated_audios/generated_H2_512C_int8/61-70968-0034_generated.wav,4.230023,0.589136,0.585602,0.139275,0.13844,1.83016,0.929165,0.688377
H2_512C_quantized_all,61-70968-0035.wav,generated_audios/generated_H2_512C_int8/61-70968-0035_generated.wav,7.950023,1.087377,1.083139,0.136777,0.136244,1.459761,0.906842,0.777221
H2_512C_quantized_all,61-70968-0036.wav,generated_audios/generated_H2_512C_int8/61-70968-0036_generated.wav,2.934966,0.412429,0.409022,0.140523,0.139362,1.630255,0.931513,0.806457
H2_512C_quantized_all,61-70968-0037.wav,generated_audios/generated_H2_512C_int8/61-70968-0037_generated.wav,4.315011,0.599192,0.595546,0.138862,0.138017,1.313823,0.834333,1.038337
H2_512C_quantized_all,61-70968-0038.wav,generated_audios/generated_H2_512C_int8/61-70968-0038_generated.wav,2.050023,0.312592,0.309415,0.152482,0.150932,1.51391,0.712408,1.206131
H2_512C_quantized_all,61-70968-0039.wav,generated_audios/generated_H2_512C_int8/61-70968-0039_generated.wav,3.805034,0.539289,0.535928,0.14173,0.140847,1.420422,0.835491,1.062715
H2_512C_quantized_all,61-70968-0040.wav,generated_audios/generated_H2_512C_int8/61-70968-0040_generated.wav,3.950023,0.551693,0.548253,0.139668,0.138797,1.501885,0.886603,0.892205
H2_512C_quantized_all,61-70968-0041.wav,generated_audios/generated_H2_512C_int8/61-70968-0041_generated.wav,6.825034,0.936133,0.932348,0.137162,0.136607,1.593231,0.827014,0.91331
H2_512C_quantized_all,61-70968-0042.wav,generated_audios/generated_H2_512C_int8/61-70968-0042_generated.wav,2.785034,0.396711,0.393191,0.142444,0.14118,1.501535,0.885703,0.868248
H2_512C_quantized_all,61-70968-0043.wav,generated_audios/generated_H2_512C_int8/61-70968-0043_generated.wav,6.735011,0.924839,0.921076,0.137318,0.136759,1.405766,0.793458,0.825689
H2_512C_quantized_all,61-70968-0044.wav,generated_audios/generated_H2_512C_int8/61-70968-0044_generated.wav,2.770023,0.39507,0.391668,0.142623,0.141395,1.410139,0.888257,1.002153
H2_512C_quantized_all,61-70968-0045.wav,generated_audios/generated_H2_512C_int8/61-70968-0045_generated.wav,3.475011,0.49084,0.48728,0.141248,0.140224,1.448267,0.846786,0.990493
H2_512C_quantized_all,61-70968-0046.wav,generated_audios/generated_H2_512C_int8/61-70968-0046_generated.wav,3.550023,0.502411,0.499064,0.141523,0.140581,1.40945,0.872945,0.877838
H2_512C_quantized_all,61-70968-0047.wav,generated_audios/generated_H2_512C_int8/61-70968-0047_generated.wav,4.775011,0.665664,0.662093,0.139406,0.138658,1.584654,0.898555,0.83124
H2_512C_quantized_all,61-70968-0048.wav,generated_audios/generated_H2_512C_int8/61-70968-0048_generated.wav,3.02,0.429536,0.425936,0.14223,0.141038,1.327776,0.874498,1.066871
H2_512C_quantized_all,61-70968-0049.wav,generated_audios/generated_H2_512C_int8/61-70968-0049_generated.wav,8.250023,1.131547,1.127438,0.137157,0.136659,1.44349,0.852694,0.894774
H2_512C_quantized_all,61-70968-0050.wav,generated_audios/generated_H2_512C_int8/61-70968-0050_generated.wav,5.58,0.826169,0.822493,0.148059,0.1474,1.396743,0.824319,0.921663
H2_512C_quantized_all,61-70968-0051.wav,generated_audios/generated_H2_512C_int8/61-70968-0051_generated.wav,3.135011,0.443387,0.439773,0.141431,0.140278,1.5008,0.882756,0.984524
H2_512C_quantized_all,61-70968-0052.wav,generated_audios/generated_H2_512C_int8/61-70968-0052_generated.wav,2.650023,0.377593,0.374137,0.142487,0.141183,1.519176,0.909166,0.714825
H2_512C_quantized_all,61-70968-0053.wav,generated_audios/generated_H2_512C_int8/61-70968-0053_generated.wav,4.22,0.588719,0.585222,0.139507,0.138678,1.418375,0.813481,1.00867
H2_512C_quantized_all,61-70968-0054.wav,generated_audios/generated_H2_512C_int8/61-70968-0054_generated.wav,7.86,1.076771,1.073329,0.136994,0.136556,1.426787,0.883082,0.843532
H2_512C_quantized_all,61-70968-0055.wav,generated_audios/generated_H2_512C_int8/61-70968-0055_generated.wav,3.965034,0.558776,0.555116,0.140926,0.140003,1.484849,0.846585,0.89291
H2_512C_quantized_all,61-70968-0056.wav,generated_audios/generated_H2_512C_int8/61-70968-0056_generated.wav,3.565034,0.503651,0.501468,0.141275,0.140663,1.553129,0.892177,0.880162
H2_512C_quantized_all,61-70968-0057.wav,generated_audios/generated_H2_512C_int8/61-70968-0057_generated.wav,5.065034,0.70425,0.700676,0.139042,0.138336,1.364986,0.871201,0.888808
H2_512C_quantized_all,61-70968-0058.wav,generated_audios/generated_H2_512C_int8/61-70968-0058_generated.wav,1.82,0.265019,0.261657,0.145615,0.143768,1.310149,0.848928,0.929633
H2_512C_quantized_all,61-70968-0059.wav,generated_audios/generated_H2_512C_int8/61-70968-0059_generated.wav,2.170023,0.313803,0.310698,0.144608,0.143177,1.54134,0.920168,1.002829
H2_512C_quantized_all,61-70968-0060.wav,generated_audios/generated_H2_512C_int8/61-70968-0060_generated.wav,3.735011,0.529559,0.526121,0.141782,0.140862,1.776822,0.908005,0.703102
H2_512C_quantized_all,61-70968-0061.wav,generated_audios/generated_H2_512C_int8/61-70968-0061_generated.wav,5.530023,0.767445,0.763903,0.138778,0.138137,1.249625,0.819063,1.183124
H2_512C_quantized_all,61-70968-0062.wav,generated_audios/generated_H2_512C_int8/61-70968-0062_generated.wav,2.555011,0.366578,0.363818,0.143474,0.142394,1.414323,0.800846,0.932522
H2_512C_quantized_all,61-70970-0000.wav,generated_audios/generated_H2_512C_int8/61-70970-0000_generated.wav,6.075011,0.835149,0.831528,0.137473,0.136877,1.377997,0.905919,0.801492
H2_512C_quantized_all,61-70970-0001.wav,generated_audios/generated_H2_512C_int8/61-70970-0001_generated.wav,6.155011,0.851435,0.847577,0.138332,0.137705,1.502779,0.915264,0.811833
H2_512C_quantized_all,61-70970-0002.wav,generated_audios/generated_H2_512C_int8/61-70970-0002_generated.wav,4.165034,0.580077,0.576792,0.139273,0.138484,1.50249,0.827293,0.991242
H2_512C_quantized_all,61-70970-0003.wav,generated_audios/generated_H2_512C_int8/61-70970-0003_generated.wav,3.835011,0.535864,0.532227,0.13973,0.138781,1.615539,0.880631,0.768396
H2_512C_quantized_all,61-70970-0004.wav,generated_audios/generated_H2_512C_int8/61-70970-0004_generated.wav,10.515011,1.431863,1.427659,0.136173,0.135773,1.648846,0.895695,0.783005
H2_512C_quantized_all,61-70970-0005.wav,generated_audios/generated_H2_512C_int8/61-70970-0005_generated.wav,2.02,0.299111,0.295929,0.148075,0.146499,1.415673,0.859551,1.204265
H2_512C_quantized_all,61-70970-0006.wav,generated_audios/generated_H2_512C_int8/61-70970-0006_generated.wav,2.335011,0.33572,0.332481,0.143777,0.142389,1.355633,0.890899,1.01451
H2_512C_quantized_all,61-70970-0007.wav,generated_audios/generated_H2_512C_int8/61-70970-0007_generated.wav,4.485034,0.639566,0.635925,0.1426,0.141788,1.483487,0.876292,0.977274
H2_512C_quantized_all,61-70970-0008.wav,generated_audios/generated_H2_512C_int8/61-70970-0008_generated.wav,2.150023,0.320538,0.317206,0.149086,0.147536,1.628142,0.880255,1.026865
H2_512C_quantized_all,61-70970-0009.wav,generated_audios/generated_H2_512C_int8/61-70970-0009_generated.wav,3.405034,0.491665,0.488102,0.144394,0.143347,1.785639,0.933499,0.713908
H2_512C_quantized_all,61-70970-0010.wav,generated_audios/generated_H2_512C_int8/61-70970-0010_generated.wav,3.045034,0.440583,0.437188,0.144689,0.143574,1.5761,0.876222,0.825199
H2_512C_quantized_all,61-70970-0011.wav,generated_audios/generated_H2_512C_int8/61-70970-0011_generated.wav,6.075011,0.854741,0.850897,0.140698,0.140065,1.588535,0.876176,0.86653
H2_512C_quantized_all,61-70970-0012.wav,generated_audios/generated_H2_512C_int8/61-70970-0012_generated.wav,3.135011,0.44976,0.446309,0.143463,0.142363,1.520939,0.922207,0.782078
H2_512C_quantized_all,61-70970-0013.wav,generated_audios/generated_H2_512C_int8/61-70970-0013_generated.wav,4.350023,0.616748,0.613234,0.14178,0.140973,1.454276,0.906239,0.88201
H2_512C_quantized_all,61-70970-0014.wav,generated_audios/generated_H2_512C_int8/61-70970-0014_generated.wav,3.405034,0.501657,0.498231,0.147328,0.146322,1.530832,0.908775,0.862676
H2_512C_quantized_all,61-70970-0015.wav,generated_audios/generated_H2_512C_int8/61-70970-0015_generated.wav,8.415011,1.163682,1.160108,0.138286,0.137862,1.397025,0.897778,0.90501
H2_512C_quantized_all,61-70970-0016.wav,generated_audios/generated_H2_512C_int8/61-70970-0016_generated.wav,4.370023,0.627203,0.623548,0.143524,0.142688,1.439693,0.91985,0.914641
H2_512C_quantized_all,61-70970-0017.wav,generated_audios/generated_H2_512C_int8/61-70970-0017_generated.wav,2.550023,0.373012,0.36963,0.146278,0.144952,1.329898,0.852076,1.103472
H2_512C_quantized_all,61-70970-0018.wav,generated_audios/generated_H2_512C_int8/61-70970-0018_generated.wav,4.6,0.642492,0.639058,0.139672,0.138926,1.429342,0.85785,0.940706
H2_512C_quantized_all,61-70970-0019.wav,generated_audios/generated_H2_512C_int8/61-70970-0019_generated.wav,3.78,0.539949,0.536382,0.142844,0.1419,1.484313,0.891515,0.950271
H2_512C_quantized_all,61-70970-0020.wav,generated_audios/generated_H2_512C_int8/61-70970-0020_generated.wav,5.025034,0.736007,0.732262,0.146468,0.145723,1.354937,0.793517,1.150619
H2_512C_quantized_all,61-70970-0021.wav,generated_audios/generated_H2_512C_int8/61-70970-0021_generated.wav,5.405034,0.749642,0.745825,0.138693,0.137987,1.468177,0.88324,0.823294
H2_512C_quantized_all,61-70970-0022.wav,generated_audios/generated_H2_512C_int8/61-70970-0022_generated.wav,3.970023,0.553384,0.55041,0.139391,0.138641,1.511662,0.892078,0.888827
H2_512C_quantized_all,61-70970-0023.wav,generated_audios/generated_H2_512C_int8/61-70970-0023_generated.wav,3.705034,0.53189,0.528907,0.143559,0.142754,1.580598,0.905849,0.739191
H2_512C_quantized_all,61-70970-0024.wav,generated_audios/generated_H2_512C_int8/61-70970-0024_generated.wav,7.235011,1.000195,0.996565,0.138244,0.137742,1.529872,0.904582,0.806409
H2_512C_quantized_all,61-70970-0025.wav,generated_audios/generated_H2_512C_int8/61-70970-0025_generated.wav,7.435011,1.172303,1.168158,0.157673,0.157116,1.596544,0.922261,0.789194
H2_512C_quantized_all,61-70970-0026.wav,generated_audios/generated_H2_512C_int8/61-70970-0026_generated.wav,5.475011,0.766511,0.762814,0.140002,0.139326,1.739724,0.892056,0.744585
H2_512C_quantized_all,61-70970-0027.wav,generated_audios/generated_H2_512C_int8/61-70970-0027_generated.wav,5.08,0.709389,0.705475,0.139643,0.138873,1.499704,0.882536,0.815961
H2_512C_quantized_all,61-70970-0028.wav,generated_audios/generated_H2_512C_int8/61-70970-0028_generated.wav,6.550023,0.900899,0.89695,0.137541,0.136938,1.63578,0.922665,0.728077
H2_512C_quantized_all,61-70970-0029.wav,generated_audios/generated_H2_512C_int8/61-70970-0029_generated.wav,4.030023,0.571518,0.567873,0.141815,0.140911,1.639547,0.837016,0.864228
H2_512C_quantized_all,61-70970-0030.wav,generated_audios/generated_H2_512C_int8/61-70970-0030_generated.wav,3.24,0.460925,0.457478,0.142261,0.141197,1.56827,0.893447,0.740372
H2_512C_quantized_all,61-70970-0031.wav,generated_audios/generated_H2_512C_int8/61-70970-0031_generated.wav,5.135011,0.716,0.712398,0.139435,0.138733,1.375888,0.885884,0.876522
H2_512C_quantized_all,61-70970-0032.wav,generated_audios/generated_H2_512C_int8/61-70970-0032_generated.wav,3.135011,0.452557,0.449257,0.144356,0.143303,1.36878,0.895609,0.889283
H2_512C_quantized_all,61-70970-0033.wav,generated_audios/generated_H2_512C_int8/61-70970-0033_generated.wav,3.42,0.478676,0.475739,0.139964,0.139105,1.512675,0.930668,0.811738
H2_512C_quantized_all,61-70970-0034.wav,generated_audios/generated_H2_512C_int8/61-70970-0034_generated.wav,4.485034,0.63848,0.634752,0.142358,0.141527,1.483336,0.874866,0.814996
H2_512C_quantized_all,61-70970-0035.wav,generated_audios/generated_H2_512C_int8/61-70970-0035_generated.wav,7.405034,1.013668,1.009755,0.136889,0.136361,1.593397,0.901947,0.76293
H2_512C_quantized_all,61-70970-0036.wav,generated_audios/generated_H2_512C_int8/61-70970-0036_generated.wav,6.785034,0.965128,0.960916,0.142244,0.141623,1.471037,0.87441,0.780255
H2_512C_quantized_all,61-70970-0037.wav,generated_audios/generated_H2_512C_int8/61-70970-0037_generated.wav,5.98,0.824421,0.820543,0.137863,0.137215,1.565687,0.877393,0.830988
H2_512C_quantized_all,61-70970-0038.wav,generated_audios/generated_H2_512C_int8/61-70970-0038_generated.wav,10.4,1.427815,1.424181,0.13729,0.13694,1.465485,0.893545,0.836275
H2_512C_quantized_all,61-70970-0039.wav,generated_audios/generated_H2_512C_int8/61-70970-0039_generated.wav,6.665034,0.928192,0.924288,0.139263,0.138677,1.379194,0.857451,0.781742
H2_512C_quantized_all,61-70970-0040.wav,generated_audios/generated_H2_512C_int8/61-70970-0040_generated.wav,4.165034,0.593076,0.589488,0.142394,0.141533,1.506815,0.91467,0.821432
H2_512C_quantized_all,672-122797-0000.wav,generated_audios/generated_H2_512C_int8/672-122797-0000_generated.wav,4.070023,0.573183,0.570169,0.14083,0.14009,1.708688,0.927234,0.838959
H2_512C_quantized_all,672-122797-0001.wav,generated_audios/generated_H2_512C_int8/672-122797-0001_generated.wav,15.130023,2.14064,2.135999,0.141483,0.141176,1.936929,0.937058,0.832351
H2_512C_quantized_all,672-122797-0002.wav,generated_audios/generated_H2_512C_int8/672-122797-0002_generated.wav,13.62,1.91162,1.907403,0.140354,0.140044,1.704255,0.920756,0.88856
H2_512C_quantized_all,672-122797-0003.wav,generated_audios/generated_H2_512C_int8/672-122797-0003_generated.wav,4.76,0.67814,0.674894,0.142466,0.141784,1.498694,0.801622,1.098215
H2_512C_quantized_all,672-122797-0004.wav,generated_audios/generated_H2_512C_int8/672-122797-0004_generated.wav,10.250023,1.413696,1.409472,0.137921,0.137509,1.555266,0.836376,1.021546
H2_512C_quantized_all,672-122797-0005.wav,generated_audios/generated_H2_512C_int8/672-122797-0005_generated.wav,3.26,0.484944,0.481555,0.148756,0.147716,1.338047,0.743494,1.114179
H2_512C_quantized_all,672-122797-0006.wav,generated_audios/generated_H2_512C_int8/672-122797-0006_generated.wav,13.950023,1.981787,1.977459,0.142063,0.141753,1.409816,0.71827,1.033706
H2_512C_quantized_all,672-122797-0007.wav,generated_audios/generated_H2_512C_int8/672-122797-0007_generated.wav,6.42,0.897626,0.894381,0.139817,0.139312,1.432786,0.72747,1.099118
H2_512C_quantized_all,672-122797-0008.wav,generated_audios/generated_H2_512C_int8/672-122797-0008_generated.wav,30.810023,4.950685,4.943339,0.160684,0.160446,1.411048,0.733321,1.068924
H2_512C_quantized_all,672-122797-0009.wav,generated_audios/generated_H2_512C_int8/672-122797-0009_generated.wav,2.765034,0.395931,0.393086,0.143192,0.142163,1.702824,0.813489,0.898018
H2_512C_quantized_all,672-122797-0010.wav,generated_audios/generated_H2_512C_int8/672-122797-0010_generated.wav,3.815011,0.548578,0.545189,0.143795,0.142906,1.332178,0.771379,0.957934
H2_512C_quantized_all,672-122797-0011.wav,generated_audios/generated_H2_512C_int8/672-122797-0011_generated.wav,2.54,0.377617,0.374402,0.148668,0.147402,1.470512,0.873497,0.818041
H2_512C_quantized_all,672-122797-0012.wav,generated_audios/generated_H2_512C_int8/672-122797-0012_generated.wav,7.765034,1.098532,1.094428,0.141472,0.140943,1.417484,0.823092,0.889392
H2_512C_quantized_all,672-122797-0013.wav,generated_audios/generated_H2_512C_int8/672-122797-0013_generated.wav,8.705034,1.204025,1.200551,0.138314,0.137915,1.573196,0.775398,1.018725
H2_512C_quantized_all,672-122797-0014.wav,generated_audios/generated_H2_512C_int8/672-122797-0014_generated.wav,2.555011,0.36504,0.361714,0.142872,0.14157,1.597835,0.891931,0.968512
H2_512C_quantized_all,672-122797-0015.wav,generated_audios/generated_H2_512C_int8/672-122797-0015_generated.wav,4.455011,0.624757,0.62119,0.140237,0.139436,1.54605,0.840035,0.891008
H2_512C_quantized_all,672-122797-0016.wav,generated_audios/generated_H2_512C_int8/672-122797-0016_generated.wav,9.215011,1.272336,1.268068,0.138072,0.137609,1.553091,0.796877,1.019796
H2_512C_quantized_all,672-122797-0017.wav,generated_audios/generated_H2_512C_int8/672-122797-0017_generated.wav,4.82,0.683952,0.680324,0.141899,0.141146,1.884361,0.852612,0.789702
H2_512C_quantized_all,672-122797-0018.wav,generated_audios/generated_H2_512C_int8/672-122797-0018_generated.wav,4.930023,0.699937,0.696749,0.141974,0.141328,1.279769,0.73917,1.007031
H2_512C_quantized_all,672-122797-0019.wav,generated_audios/generated_H2_512C_int8/672-122797-0019_generated.wav,4.110023,0.581845,0.578589,0.141567,0.140775,1.32021,0.73035,1.077794
H2_512C_quantized_all,672-122797-0020.wav,generated_audios/generated_H2_512C_int8/672-122797-0020_generated.wav,8.825034,1.262514,1.258922,0.143061,0.142654,1.288107,0.738018,1.189136
H2_512C_quantized_all,672-122797-0021.wav,generated_audios/generated_H2_512C_int8/672-122797-0021_generated.wav,4.150023,0.583851,0.580207,0.140686,0.139808,1.425472,0.855973,1.018659
H2_512C_quantized_all,672-122797-0022.wav,generated_audios/generated_H2_512C_int8/672-122797-0022_generated.wav,19.004943,2.802182,2.797104,0.147445,0.147178,1.459223,0.710584,1.09058
H2_512C_quantized_all,672-122797-0023.wav,generated_audios/generated_H2_512C_int8/672-122797-0023_generated.wav,9.695102,1.327244,1.323576,0.136898,0.13652,1.401683,0.78551,1.006812
H2_512C_quantized_all,672-122797-0024.wav,generated_audios/generated_H2_512C_int8/672-122797-0024_generated.wav,4.130023,0.572576,0.569144,0.138638,0.137807,1.314366,0.669666,1.326964
H2_512C_quantized_all,672-122797-0025.wav,generated_audios/generated_H2_512C_int8/672-122797-0025_generated.wav,10.690023,1.503514,1.499524,0.140646,0.140273,1.617271,0.884325,0.918925
H2_512C_quantized_all,672-122797-0026.wav,generated_audios/generated_H2_512C_int8/672-122797-0026_generated.wav,13.96,1.983785,1.97882,0.142105,0.141749,1.230193,0.729812,1.002065
H2_512C_quantized_all,672-122797-0027.wav,generated_audios/generated_H2_512C_int8/672-122797-0027_generated.wav,4.790023,0.667571,0.663808,0.139367,0.138581,1.281932,0.648502,1.242505
H2_512C_quantized_all,672-122797-0028.wav,generated_audios/generated_H2_512C_int8/672-122797-0028_generated.wav,2.610023,0.407558,0.404283,0.156151,0.154896,1.474306,0.82633,1.001206
H2_512C_quantized_all,672-122797-0029.wav,generated_audios/generated_H2_512C_int8/672-122797-0029_generated.wav,3.050023,0.432544,0.429249,0.141817,0.140736,1.945135,0.880423,0.976733
H2_512C_quantized_all,672-122797-0030.wav,generated_audios/generated_H2_512C_int8/672-122797-0030_generated.wav,4.575011,0.634691,0.631201,0.13873,0.137967,1.478456,0.874665,1.006066
H2_512C_quantized_all,672-122797-0031.wav,generated_audios/generated_H2_512C_int8/672-122797-0031_generated.wav,3.98,0.55889,0.555363,0.140425,0.139539,2.063729,0.794656,0.951425
H2_512C_quantized_all,672-122797-0032.wav,generated_audios/generated_H2_512C_int8/672-122797-0032_generated.wav,4.0,0.578992,0.576058,0.144748,0.144015,1.350723,0.715417,1.051956
H2_512C_quantized_all,672-122797-0033.wav,generated_audios/generated_H2_512C_int8/672-122797-0033_generated.wav,1.285034,0.198582,0.195454,0.154534,0.152101,1.873108,0.781853,0.947047
H2_512C_quantized_all,672-122797-0034.wav,generated_audios/generated_H2_512C_int8/672-122797-0034_generated.wav,5.110023,0.726893,0.723317,0.142248,0.141549,1.475505,0.873936,0.956202
H2_512C_quantized_all,672-122797-0035.wav,generated_audios/generated_H2_512C_int8/672-122797-0035_generated.wav,2.9,0.410853,0.407392,0.141674,0.14048,2.020667,0.929964,0.84168
H2_512C_quantized_all,672-122797-0036.wav,generated_audios/generated_H2_512C_int8/672-122797-0036_generated.wav,5.365034,0.74289,0.739657,0.138469,0.137866,1.671745,0.807519,0.799804
H2_512C_quantized_all,672-122797-0037.wav,generated_audios/generated_H2_512C_int8/672-122797-0037_generated.wav,1.96,0.288554,0.285767,0.147221,0.145799,1.805672,0.86024,0.787351
H2_512C_quantized_all,672-122797-0038.wav,generated_audios/generated_H2_512C_int8/672-122797-0038_generated.wav,8.8,1.223669,1.220159,0.139053,0.138654,1.469444,0.760505,1.044689
H2_512C_quantized_all,672-122797-0039.wav,generated_audios/generated_H2_512C_int8/672-122797-0039_generated.wav,4.025034,0.570299,0.566812,0.141688,0.140822,1.698423,0.86381,0.886449
H2_512C_quantized_all,672-122797-0040.wav,generated_audios/generated_H2_512C_int8/672-122797-0040_generated.wav,5.125034,0.724361,0.720684,0.141338,0.14062,1.451278,0.719545,1.154179
H2_512C_quantized_all,672-122797-0041.wav,generated_audios/generated_H2_512C_int8/672-122797-0041_generated.wav,3.88,0.542764,0.539268,0.139888,0.138987,1.455335,0.754935,1.114511
H2_512C_quantized_all,672-122797-0042.wav,generated_audios/generated_H2_512C_int8/672-122797-0042_generated.wav,15.310023,2.155777,2.151619,0.140808,0.140537,1.518903,0.603004,1.267519
H2_512C_quantized_all,672-122797-0043.wav,generated_audios/generated_H2_512C_int8/672-122797-0043_generated.wav,3.78,0.539116,0.535707,0.142623,0.141721,1.424743,0.753346,1.084736
H2_512C_quantized_all,672-122797-0044.wav,generated_audios/generated_H2_512C_int8/672-122797-0044_generated.wav,3.74,0.530019,0.52681,0.141716,0.140858,1.49537,0.720443,1.103179
H2_512C_quantized_all,672-122797-0045.wav,generated_audios/generated_H2_512C_int8/672-122797-0045_generated.wav,13.96,1.958082,1.95353,0.140264,0.139938,1.4962,0.868325,0.929239
H2_512C_quantized_all,672-122797-0046.wav,generated_audios/generated_H2_512C_int8/672-122797-0046_generated.wav,4.715011,0.661605,0.657982,0.140319,0.139551,1.566061,0.823272,1.053963
H2_512C_quantized_all,672-122797-0047.wav,generated_audios/generated_H2_512C_int8/672-122797-0047_generated.wav,3.325034,0.471125,0.467463,0.14169,0.140589,2.068602,0.861511,0.763275
H2_512C_quantized_all,672-122797-0048.wav,generated_audios/generated_H2_512C_int8/672-122797-0048_generated.wav,6.555011,0.918825,0.914931,0.140171,0.139577,1.394548,0.63705,1.138928
H2_512C_quantized_all,672-122797-0049.wav,generated_audios/generated_H2_512C_int8/672-122797-0049_generated.wav,2.02,0.292536,0.289156,0.14482,0.143146,1.816409,0.631895,1.236406
H2_512C_quantized_all,672-122797-0050.wav,generated_audios/generated_H2_512C_int8/672-122797-0050_generated.wav,4.855011,0.67968,0.676276,0.139996,0.139295,1.399839,0.76787,1.038914
H2_512C_quantized_all,672-122797-0051.wav,generated_audios/generated_H2_512C_int8/672-122797-0051_generated.wav,4.665034,0.663781,0.660241,0.142288,0.14153,1.527802,0.743007,1.017816
H2_512C_quantized_all,672-122797-0052.wav,generated_audios/generated_H2_512C_int8/672-122797-0052_generated.wav,4.285034,0.603673,0.600627,0.140879,0.140168,1.685167,0.898544,0.884406
H2_512C_quantized_all,672-122797-0053.wav,generated_audios/generated_H2_512C_int8/672-122797-0053_generated.wav,2.955011,0.42724,0.423744,0.144582,0.143398,1.252638,0.7005,1.057343
H2_512C_quantized_all,672-122797-0054.wav,generated_audios/generated_H2_512C_int8/672-122797-0054_generated.wav,4.250023,0.589715,0.586067,0.138756,0.137897,1.569462,0.710239,0.884356
H2_512C_quantized_all,672-122797-0055.wav,generated_audios/generated_H2_512C_int8/672-122797-0055_generated.wav,8.230023,1.14369,1.140334,0.138966,0.138558,1.465898,0.701573,1.026314
H2_512C_quantized_all,672-122797-0056.wav,generated_audios/generated_H2_512C_int8/672-122797-0056_generated.wav,5.225034,0.720583,0.717172,0.13791,0.137257,1.407803,0.787193,0.936108
H2_512C_quantized_all,672-122797-0057.wav,generated_audios/generated_H2_512C_int8/672-122797-0057_generated.wav,6.56,0.9175,0.9136,0.139863,0.139268,1.573246,0.660723,1.012604
H2_512C_quantized_all,672-122797-0058.wav,generated_audios/generated_H2_512C_int8/672-122797-0058_generated.wav,4.470023,0.63732,0.633715,0.142576,0.14177,1.364659,0.687406,1.129638
H2_512C_quantized_all,672-122797-0059.wav,generated_audios/generated_H2_512C_int8/672-122797-0059_generated.wav,3.52,0.505241,0.501653,0.143534,0.142515,1.479733,0.763871,1.075583
H2_512C_quantized_all,672-122797-0060.wav,generated_audios/generated_H2_512C_int8/672-122797-0060_generated.wav,3.350023,0.506216,0.502729,0.151108,0.150067,1.680343,0.895721,1.013296
H2_512C_quantized_all,672-122797-0061.wav,generated_audios/generated_H2_512C_int8/672-122797-0061_generated.wav,7.590023,1.055846,1.052406,0.13911,0.138657,1.695235,0.873356,0.88586
H2_512C_quantized_all,672-122797-0062.wav,generated_audios/generated_H2_512C_int8/672-122797-0062_generated.wav,2.675011,0.388489,0.384844,0.145229,0.143866,1.329994,0.593445,1.342179
H2_512C_quantized_all,672-122797-0063.wav,generated_audios/generated_H2_512C_int8/672-122797-0063_generated.wav,5.075011,0.717798,0.714169,0.141438,0.140723,1.49691,0.786013,1.161597
H2_512C_quantized_all,672-122797-0064.wav,generated_audios/generated_H2_512C_int8/672-122797-0064_generated.wav,15.270023,2.166858,2.162416,0.141903,0.141612,1.550247,0.75976,0.931358
H2_512C_quantized_all,672-122797-0065.wav,generated_audios/generated_H2_512C_int8/672-122797-0065_generated.wav,3.030023,0.434606,0.431183,0.143433,0.142303,1.351765,0.758047,1.129516
H2_512C_quantized_all,672-122797-0066.wav,generated_audios/generated_H2_512C_int8/672-122797-0066_generated.wav,4.815011,0.679827,0.676307,0.141189,0.140458,1.570081,0.890935,0.920233
H2_512C_quantized_all,672-122797-0067.wav,generated_audios/generated_H2_512C_int8/672-122797-0067_generated.wav,13.035011,1.840412,1.835874,0.14119,0.140842,1.468879,0.837868,0.940127
H2_512C_quantized_all,672-122797-0068.wav,generated_audios/generated_H2_512C_int8/672-122797-0068_generated.wav,4.02,0.566464,0.562936,0.140911,0.140034,1.286107,0.711783,1.21604
H2_512C_quantized_all,672-122797-0069.wav,generated_audios/generated_H2_512C_int8/672-122797-0069_generated.wav,5.010023,0.708338,0.704649,0.141384,0.140648,1.36473,0.711725,1.101977
H2_512C_quantized_all,672-122797-0070.wav,generated_audios/generated_H2_512C_int8/672-122797-0070_generated.wav,6.270023,0.863711,0.859737,0.137752,0.137119,1.428472,0.851865,0.988187
H2_512C_quantized_all,672-122797-0071.wav,generated_audios/generated_H2_512C_int8/672-122797-0071_generated.wav,8.875011,1.218504,1.214498,0.137296,0.136845,1.426327,0.883863,0.90705
H2_512C_quantized_all,672-122797-0072.wav,generated_audios/generated_H2_512C_int8/672-122797-0072_generated.wav,7.94,1.09637,1.092617,0.138082,0.137609,1.428121,0.754878,1.060575
H2_512C_quantized_all,672-122797-0073.wav,generated_audios/generated_H2_512C_int8/672-122797-0073_generated.wav,8.205034,1.13849,1.135033,0.138755,0.138334,1.458502,0.851685,1.006991
H2_512C_quantized_all,672-122797-0074.wav,generated_audios/generated_H2_512C_int8/672-122797-0074_generated.wav,8.730023,1.206919,1.202639,0.138249,0.137759,1.462607,0.581438,1.290235
H2_512C_quantized_all,908-157963-0000.wav,generated_audios/generated_H2_512C_int8/908-157963-0000_generated.wav,12.62,1.774588,1.77007,0.140617,0.140259,1.386724,0.838299,1.01966
H2_512C_quantized_all,908-157963-0001.wav,generated_audios/generated_H2_512C_int8/908-157963-0001_generated.wav,2.885034,0.424946,0.421583,0.147293,0.146127,1.498135,0.912176,1.014867
H2_512C_quantized_all,908-157963-0002.wav,generated_audios/generated_H2_512C_int8/908-157963-0002_generated.wav,2.755011,0.392637,0.389383,0.142517,0.141336,1.448532,0.887916,1.003056
H2_512C_quantized_all,908-157963-0003.wav,generated_audios/generated_H2_512C_int8/908-157963-0003_generated.wav,3.08,0.437306,0.434009,0.141982,0.140912,1.469775,0.90452,0.861123
H2_512C_quantized_all,908-157963-0004.wav,generated_audios/generated_H2_512C_int8/908-157963-0004_generated.wav,13.990023,1.999585,1.995478,0.142929,0.142636,1.426807,0.82335,0.963538
H2_512C_quantized_all,908-157963-0005.wav,generated_audios/generated_H2_512C_int8/908-157963-0005_generated.wav,7.035011,0.969039,0.965942,0.137745,0.137305,1.370339,0.84256,1.113936
H2_512C_quantized_all,908-157963-0006.wav,generated_audios/generated_H2_512C_int8/908-157963-0006_generated.wav,8.110023,1.120169,1.116685,0.138122,0.137692,1.418939,0.847707,0.953996
H2_512C_quantized_all,908-157963-0007.wav,generated_audios/generated_H2_512C_int8/908-157963-0007_generated.wav,32.770023,5.454113,5.446478,0.166436,0.166203,1.357776,0.85227,0.978689
H2_512C_quantized_all,908-157963-0008.wav,generated_audios/generated_H2_512C_int8/908-157963-0008_generated.wav,19.950023,2.893533,2.888389,0.145039,0.144781,1.397195,0.837182,0.98753
H2_512C_quantized_all,908-157963-0009.wav,generated_audios/generated_H2_512C_int8/908-157963-0009_generated.wav,4.06,0.568201,0.565125,0.139951,0.139193,1.400345,0.881732,0.895053
H2_512C_quantized_all,908-157963-0010.wav,generated_audios/generated_H2_512C_int8/908-157963-0010_generated.wav,6.28,0.867505,0.863523,0.138138,0.137504,1.298496,0.675333,1.12801
H2_512C_quantized_all,908-157963-0011.wav,generated_audios/generated_H2_512C_int8/908-157963-0011_generated.wav,10.395011,1.428035,1.424285,0.137377,0.137016,1.294084,0.80077,0.985488
H2_512C_quantized_all,908-157963-0012.wav,generated_audios/generated_H2_512C_int8/908-157963-0012_generated.wav,10.090023,1.373455,1.369077,0.13612,0.135686,1.286259,0.756795,1.10892
H2_512C_quantized_all,908-157963-0013.wav,generated_audios/generated_H2_512C_int8/908-157963-0013_generated.wav,4.315011,0.612413,0.608896,0.141926,0.141111,1.24743,0.862395,1.208343
H2_512C_quantized_all,908-157963-0014.wav,generated_audios/generated_H2_512C_int8/908-157963-0014_generated.wav,4.52,0.670718,0.667007,0.148389,0.147568,1.457468,0.880404,1.164366
H2_512C_quantized_all,908-157963-0015.wav,generated_audios/generated_H2_512C_int8/908-157963-0015_generated.wav,14.465034,2.001903,1.997929,0.138396,0.138121,1.514918,0.894968,1.007361
H2_512C_quantized_all,908-157963-0016.wav,generated_audios/generated_H2_512C_int8/908-157963-0016_generated.wav,5.105034,0.729767,0.725989,0.142951,0.142211,1.474768,0.917035,1.082625
H2_512C_quantized_all,908-157963-0017.wav,generated_audios/generated_H2_512C_int8/908-157963-0017_generated.wav,4.950023,0.686981,0.683548,0.138783,0.13809,1.615932,0.890754,0.902577
H2_512C_quantized_all,908-157963-0018.wav,generated_audios/generated_H2_512C_int8/908-157963-0018_generated.wav,4.255011,0.593697,0.590231,0.139529,0.138714,1.386086,0.866487,0.929994
H2_512C_quantized_all,908-157963-0019.wav,generated_audios/generated_H2_512C_int8/908-157963-0019_generated.wav,21.44,3.271356,3.265542,0.152582,0.152311,1.236453,0.844071,1.160475
H2_512C_quantized_all,908-157963-0020.wav,generated_audios/generated_H2_512C_int8/908-157963-0020_generated.wav,9.8,1.377659,1.373882,0.140577,0.140192,1.34546,0.865411,1.140299
H2_512C_quantized_all,908-157963-0021.wav,generated_audios/generated_H2_512C_int8/908-157963-0021_generated.wav,10.24,1.419241,1.414764,0.138598,0.138161,1.41267,0.852298,1.05281
H2_512C_quantized_all,908-157963-0022.wav,generated_audios/generated_H2_512C_int8/908-157963-0022_generated.wav,4.610023,0.642283,0.638996,0.139323,0.13861,1.264944,0.792835,1.099031
H2_512C_quantized_all,908-157963-0023.wav,generated_audios/generated_H2_512C_int8/908-157963-0023_generated.wav,9.625034,1.31612,1.312186,0.136739,0.13633,1.367,0.748476,1.059531
H2_512C_quantized_all,908-157963-0024.wav,generated_audios/generated_H2_512C_int8/908-157963-0024_generated.wav,3.44,0.505541,0.502958,0.14696,0.146209,1.264274,0.828788,1.191253
H2_512C_quantized_all,908-157963-0025.wav,generated_audios/generated_H2_512C_int8/908-157963-0025_generated.wav,9.265034,1.262765,1.258571,0.136294,0.135841,1.253565,0.789815,1.191711
H2_512C_quantized_all,908-157963-0026.wav,generated_audios/generated_H2_512C_int8/908-157963-0026_generated.wav,8.1,1.101967,1.097941,0.136045,0.135548,1.394413,0.810777,1.06567
H2_512C_quantized_all,908-157963-0027.wav,generated_audios/generated_H2_512C_int8/908-157963-0027_generated.wav,5.225034,0.721723,0.71805,0.138128,0.137425,1.274011,0.709582,1.22343
H2_512C_quantized_all,908-157963-0028.wav,generated_audios/generated_H2_512C_int8/908-157963-0028_generated.wav,4.955011,0.693587,0.689939,0.139977,0.139241,1.502803,0.900619,0.924988
H2_512C_quantized_all,908-157963-0029.wav,generated_audios/generated_H2_512C_int8/908-157963-0029_generated.wav,3.630023,0.536339,0.53273,0.147751,0.146757,1.527549,0.93508,0.978971
H2_512C_quantized_all,908-157963-0030.wav,generated_audios/generated_H2_512C_int8/908-157963-0030_generated.wav,4.52,0.630511,0.626973,0.139494,0.138711,1.38775,0.870929,1.089146
H2_512C_quantized_all,908-31957-0000.wav,generated_audios/generated_H2_512C_int8/908-31957-0000_generated.wav,2.125034,0.309542,0.306276,0.145665,0.144127,1.572308,0.906552,1.228283
H2_512C_quantized_all,908-31957-0001.wav,generated_audios/generated_H2_512C_int8/908-31957-0001_generated.wav,11.315011,1.555936,1.552124,0.137511,0.137174,2.363456,0.94417,0.380937
H2_512C_quantized_all,908-31957-0002.wav,generated_audios/generated_H2_512C_int8/908-31957-0002_generated.wav,4.790023,0.665696,0.663428,0.138976,0.138502,1.928798,0.938796,0.707823
H2_512C_quantized_all,908-31957-0003.wav,generated_audios/generated_H2_512C_int8/908-31957-0003_generated.wav,6.565034,0.908321,0.904408,0.138357,0.137761,2.347467,0.951946,0.466669
H2_512C_quantized_all,908-31957-0004.wav,generated_audios/generated_H2_512C_int8/908-31957-0004_generated.wav,14.755011,2.101019,2.09684,0.142394,0.14211,2.285327,0.954973,0.522543
H2_512C_quantized_all,908-31957-0005.wav,generated_audios/generated_H2_512C_int8/908-31957-0005_generated.wav,4.490023,0.630553,0.627161,0.140434,0.139679,1.919677,0.944328,0.736683
H2_512C_quantized_all,908-31957-0006.wav,generated_audios/generated_H2_512C_int8/908-31957-0006_generated.wav,5.890023,0.816844,0.813533,0.138683,0.138121,2.138486,0.945064,0.658126
H2_512C_quantized_all,908-31957-0007.wav,generated_audios/generated_H2_512C_int8/908-31957-0007_generated.wav,5.8,0.811283,0.807779,0.139876,0.139272,2.20947,0.95111,0.578627
H2_512C_quantized_all,908-31957-0008.wav,generated_audios/generated_H2_512C_int8/908-31957-0008_generated.wav,10.005034,1.372328,1.369366,0.137164,0.136868,2.142574,0.950662,0.580829
H2_512C_quantized_all,908-31957-0009.wav,generated_audios/generated_H2_512C_int8/908-31957-0009_generated.wav,7.705034,1.058311,1.055002,0.137353,0.136924,2.15978,0.949777,0.565711
H2_512C_quantized_all,908-31957-0010.wav,generated_audios/generated_H2_512C_int8/908-31957-0010_generated.wav,2.510023,0.381488,0.378274,0.151986,0.150705,1.725939,0.853665,0.910452
H2_512C_quantized_all,908-31957-0011.wav,generated_audios/generated_H2_512C_int8/908-31957-0011_generated.wav,2.335011,0.334953,0.331732,0.143448,0.142069,2.129742,0.921793,0.584743
H2_512C_quantized_all,908-31957-0012.wav,generated_audios/generated_H2_512C_int8/908-31957-0012_generated.wav,7.615011,1.057001,1.053253,0.138805,0.138313,2.178138,0.941989,0.59197
H2_512C_quantized_all,908-31957-0013.wav,generated_audios/generated_H2_512C_int8/908-31957-0013_generated.wav,6.18,0.849582,0.84636,0.137473,0.136951,2.23829,0.943805,0.638047
H2_512C_quantized_all,908-31957-0014.wav,generated_audios/generated_H2_512C_int8/908-31957-0014_generated.wav,7.56,1.031715,1.027978,0.13647,0.135976,1.782158,0.940832,0.692328
H2_512C_quantized_all,908-31957-0015.wav,generated_audios/generated_H2_512C_int8/908-31957-0015_generated.wav,21.465034,3.379953,3.37476,0.157463,0.157221,1.980436,0.939161,0.694563
H2_512C_quantized_all,908-31957-0016.wav,generated_audios/generated_H2_512C_int8/908-31957-0016_generated.wav,6.48,0.895183,0.891931,0.138146,0.137644,2.07454,0.94979,0.681578
H2_512C_quantized_all,908-31957-0017.wav,generated_audios/generated_H2_512C_int8/908-31957-0017_generated.wav,7.795011,1.084694,1.082027,0.139152,0.13881,1.906672,0.949551,0.706132
H2_512C_quantized_all,908-31957-0018.wav,generated_audios/generated_H2_512C_int8/908-31957-0018_generated.wav,3.915011,0.553352,0.550001,0.141341,0.140485,2.131211,0.931973,0.675868
H2_512C_quantized_all,908-31957-0019.wav,generated_audios/generated_H2_512C_int8/908-31957-0019_generated.wav,9.54,1.30043,1.296171,0.136313,0.135867,2.219872,0.95542,0.576011
H2_512C_quantized_all,908-31957-0020.wav,generated_audios/generated_H2_512C_int8/908-31957-0020_generated.wav,5.895011,0.813261,0.809632,0.137958,0.137342,2.050432,0.932676,0.644485
H2_512C_quantized_all,908-31957-0021.wav,generated_audios/generated_H2_512C_int8/908-31957-0021_generated.wav,10.905034,1.505367,1.501205,0.138043,0.137662,2.128973,0.951323,0.606275
H2_512C_quantized_all,908-31957-0022.wav,generated_audios/generated_H2_512C_int8/908-31957-0022_generated.wav,14.1,1.976022,1.971671,0.140143,0.139835,2.063257,0.945839,0.575189
H2_512C_quantized_all,908-31957-0023.wav,generated_audios/generated_H2_512C_int8/908-31957-0023_generated.wav,8.515011,1.177721,1.173813,0.138311,0.137852,2.01009,0.95101,0.708858
H2_512C_quantized_all,908-31957-0024.wav,generated_audios/generated_H2_512C_int8/908-31957-0024_generated.wav,7.54,1.032539,1.028446,0.136941,0.136399,2.063283,0.955234,0.695787
H2_512C_quantized_all,908-31957-0025.wav,generated_audios/generated_H2_512C_int8/908-31957-0025_generated.wav,20.56,3.036999,3.031858,0.147714,0.147464,1.888184,0.950628,0.806543
