experiment_name,audio_file,generated_file,audio_duration,inference_time,generator_time,avg_rtf,avg_generator_rtf,pesq,stoi,mel_l1
H2_128C_quantized_resblocks_range_2_9,1089-134686-0000.wav,generated_audios/generated_H2_128C_int8/1089-134686-0000_generated.wav,10.435011,0.285414,0.280689,0.027352,0.026899,1.113926,0.820133,1.641106
H2_128C_quantized_resblocks_range_2_9,1089-134686-0001.wav,generated_audios/generated_H2_128C_int8/1089-134686-0001_generated.wav,3.275011,0.102176,0.099644,0.031199,0.030425,1.077123,0.777155,1.845023
H2_128C_quantized_resblocks_range_2_9,1089-134686-0002.wav,generated_audios/generated_H2_128C_int8/1089-134686-0002_generated.wav,6.625034,0.19836,0.194686,0.029941,0.029386,1.117863,0.806879,1.680807
H2_128C_quantized_resblocks_range_2_9,1089-134686-0003.wav,generated_audios/generated_H2_128C_int8/1089-134686-0003_generated.wav,2.68,0.078334,0.074974,0.029229,0.027975,1.1453,0.829345,1.766972
H2_128C_quantized_resblocks_range_2_9,1089-134686-0004.wav,generated_audios/generated_H2_128C_int8/1089-134686-0004_generated.wav,5.215102,0.135016,0.131494,0.02589,0.025214,1.146575,0.879891,1.621915
H2_128C_quantized_resblocks_range_2_9,1089-134686-0005.wav,generated_audios/generated_H2_128C_int8/1089-134686-0005_generated.wav,9.635011,0.24541,0.241129,0.025471,0.025026,1.071958,0.770375,1.811912
H2_128C_quantized_resblocks_range_2_9,1089-134686-0006.wav,generated_audios/generated_H2_128C_int8/1089-134686-0006_generated.wav,10.555011,0.290359,0.28657,0.027509,0.02715,1.120622,0.802654,1.723931
H2_128C_quantized_resblocks_range_2_9,1089-134686-0007.wav,generated_audios/generated_H2_128C_int8/1089-134686-0007_generated.wav,4.275011,0.115034,0.11151,0.026908,0.026084,1.074849,0.790015,1.905082
H2_128C_quantized_resblocks_range_2_9,1089-134686-0008.wav,generated_audios/generated_H2_128C_int8/1089-134686-0008_generated.wav,6.730023,0.197431,0.193633,0.029336,0.028771,1.078261,0.798622,1.764637
H2_128C_quantized_resblocks_range_2_9,1089-134686-0009.wav,generated_audios/generated_H2_128C_int8/1089-134686-0009_generated.wav,10.575011,0.279715,0.275116,0.026451,0.026016,1.120794,0.848177,1.777874
H2_128C_quantized_resblocks_range_2_9,1089-134686-0010.wav,generated_audios/generated_H2_128C_int8/1089-134686-0010_generated.wav,4.405034,0.119891,0.116247,0.027217,0.02639,1.231708,0.859731,1.445988
H2_128C_quantized_resblocks_range_2_9,1089-134686-0011.wav,generated_audios/generated_H2_128C_int8/1089-134686-0011_generated.wav,12.445034,0.336693,0.332588,0.027054,0.026725,1.08926,0.814071,1.646756
H2_128C_quantized_resblocks_range_2_9,1089-134686-0012.wav,generated_audios/generated_H2_128C_int8/1089-134686-0012_generated.wav,11.64,0.342854,0.33885,0.029455,0.029111,1.114364,0.79331,1.767247
H2_128C_quantized_resblocks_range_2_9,1089-134686-0013.wav,generated_audios/generated_H2_128C_int8/1089-134686-0013_generated.wav,7.915011,0.222902,0.218965,0.028162,0.027665,1.092413,0.81064,1.740977
H2_128C_quantized_resblocks_range_2_9,1089-134686-0014.wav,generated_audios/generated_H2_128C_int8/1089-134686-0014_generated.wav,2.225034,0.069249,0.066523,0.031123,0.029898,1.210266,0.842481,1.734662
H2_128C_quantized_resblocks_range_2_9,1089-134686-0015.wav,generated_audios/generated_H2_128C_int8/1089-134686-0015_generated.wav,5.815011,0.144169,0.14082,0.024793,0.024217,1.144753,0.81011,1.900967
H2_128C_quantized_resblocks_range_2_9,1089-134686-0016.wav,generated_audios/generated_H2_128C_int8/1089-134686-0016_generated.wav,3.54,0.09605,0.094018,0.027133,0.026559,1.111068,0.831004,1.698505
H2_128C_quantized_resblocks_range_2_9,1089-134686-0017.wav,generated_audios/generated_H2_128C_int8/1089-134686-0017_generated.wav,8.870023,0.220119,0.21607,0.024816,0.02436,1.092433,0.833732,1.631659
H2_128C_quantized_resblocks_range_2_9,1089-134686-0018.wav,generated_audios/generated_H2_128C_int8/1089-134686-0018_generated.wav,15.72,0.420141,0.415287,0.026727,0.026418,1.086099,0.808947,1.732679
H2_128C_quantized_resblocks_range_2_9,1089-134686-0019.wav,generated_audios/generated_H2_128C_int8/1089-134686-0019_generated.wav,13.895011,0.357956,0.354171,0.025761,0.025489,1.086101,0.819284,1.653701
H2_128C_quantized_resblocks_range_2_9,1089-134686-0020.wav,generated_audios/generated_H2_128C_int8/1089-134686-0020_generated.wav,16.790023,0.489106,0.484504,0.029131,0.028857,1.102285,0.806698,1.717934
H2_128C_quantized_resblocks_range_2_9,1089-134686-0021.wav,generated_audios/generated_H2_128C_int8/1089-134686-0021_generated.wav,6.550023,0.181394,0.177776,0.027694,0.027141,1.100784,0.818031,1.750725
H2_128C_quantized_resblocks_range_2_9,1089-134686-0022.wav,generated_audios/generated_H2_128C_int8/1089-134686-0022_generated.wav,11.175011,0.274844,0.271044,0.024595,0.024254,1.132296,0.817101,1.623719
H2_128C_quantized_resblocks_range_2_9,1089-134686-0023.wav,generated_audios/generated_H2_128C_int8/1089-134686-0023_generated.wav,13.275011,0.352057,0.347662,0.02652,0.026189,1.082027,0.810941,1.724966
H2_128C_quantized_resblocks_range_2_9,1089-134686-0024.wav,generated_audios/generated_H2_128C_int8/1089-134686-0024_generated.wav,11.655011,0.2879,0.283074,0.024702,0.024288,1.083495,0.803513,1.64339
H2_128C_quantized_resblocks_range_2_9,1089-134686-0025.wav,generated_audios/generated_H2_128C_int8/1089-134686-0025_generated.wav,6.610023,0.17043,0.166618,0.025784,0.025207,1.088074,0.831981,1.745314
H2_128C_quantized_resblocks_range_2_9,1089-134686-0026.wav,generated_audios/generated_H2_128C_int8/1089-134686-0026_generated.wav,4.010023,0.12231,0.118895,0.030501,0.029649,1.120549,0.807782,1.752309
H2_128C_quantized_resblocks_range_2_9,1089-134686-0027.wav,generated_audios/generated_H2_128C_int8/1089-134686-0027_generated.wav,2.710023,0.076925,0.073764,0.028386,0.027219,1.159569,0.850824,1.568409
H2_128C_quantized_resblocks_range_2_9,1089-134686-0028.wav,generated_audios/generated_H2_128C_int8/1089-134686-0028_generated.wav,7.830023,0.192544,0.188676,0.02459,0.024096,1.144081,0.82459,1.497387
H2_128C_quantized_resblocks_range_2_9,1089-134686-0029.wav,generated_audios/generated_H2_128C_int8/1089-134686-0029_generated.wav,4.670023,0.137301,0.133868,0.029401,0.028665,1.156422,0.825491,1.649795
H2_128C_quantized_resblocks_range_2_9,1089-134686-0030.wav,generated_audios/generated_H2_128C_int8/1089-134686-0030_generated.wav,2.715011,0.064117,0.060932,0.023616,0.022443,1.155439,0.856757,1.451425
H2_128C_quantized_resblocks_range_2_9,1089-134686-0031.wav,generated_audios/generated_H2_128C_int8/1089-134686-0031_generated.wav,6.615011,0.145838,0.142285,0.022047,0.021509,1.107223,0.77409,1.784225
H2_128C_quantized_resblocks_range_2_9,121-121726-0000.wav,generated_audios/generated_H2_128C_int8/121-121726-0000_generated.wav,8.46,0.212672,0.208594,0.025138,0.024656,1.083758,0.822864,1.88575
H2_128C_quantized_resblocks_range_2_9,121-121726-0001.wav,generated_audios/generated_H2_128C_int8/121-121726-0001_generated.wav,5.925034,0.167724,0.16438,0.028308,0.027743,1.143089,0.83992,2.561937
H2_128C_quantized_resblocks_range_2_9,121-121726-0002.wav,generated_audios/generated_H2_128C_int8/121-121726-0002_generated.wav,4.410023,0.100572,0.097105,0.022805,0.022019,1.166441,0.811978,2.450186
H2_128C_quantized_resblocks_range_2_9,121-121726-0003.wav,generated_audios/generated_H2_128C_int8/121-121726-0003_generated.wav,6.755011,0.169897,0.166298,0.025151,0.024619,1.151242,0.849524,2.283793
H2_128C_quantized_resblocks_range_2_9,121-121726-0004.wav,generated_audios/generated_H2_128C_int8/121-121726-0004_generated.wav,4.02,0.106376,0.103505,0.026462,0.025748,1.077816,0.862906,2.820154
H2_128C_quantized_resblocks_range_2_9,121-121726-0005.wav,generated_audios/generated_H2_128C_int8/121-121726-0005_generated.wav,3.1,0.083768,0.080462,0.027022,0.025955,1.188396,0.906066,3.590042
H2_128C_quantized_resblocks_range_2_9,121-121726-0006.wav,generated_audios/generated_H2_128C_int8/121-121726-0006_generated.wav,3.895011,0.103724,0.100558,0.02663,0.025817,1.227004,0.829313,2.581483
H2_128C_quantized_resblocks_range_2_9,121-121726-0007.wav,generated_audios/generated_H2_128C_int8/121-121726-0007_generated.wav,6.730023,0.197372,0.194029,0.029327,0.02883,1.080108,0.850512,2.494756
H2_128C_quantized_resblocks_range_2_9,121-121726-0008.wav,generated_audios/generated_H2_128C_int8/121-121726-0008_generated.wav,4.990023,0.145381,0.142934,0.029134,0.028644,1.152398,0.861471,3.00338
H2_128C_quantized_resblocks_range_2_9,121-121726-0009.wav,generated_audios/generated_H2_128C_int8/121-121726-0009_generated.wav,7.26,0.191623,0.187966,0.026394,0.025891,1.083314,0.847542,2.341473
H2_128C_quantized_resblocks_range_2_9,121-121726-0010.wav,generated_audios/generated_H2_128C_int8/121-121726-0010_generated.wav,9.810023,0.240103,0.235848,0.024475,0.024042,1.080264,0.816098,2.328455
H2_128C_quantized_resblocks_range_2_9,121-121726-0011.wav,generated_audios/generated_H2_128C_int8/121-121726-0011_generated.wav,4.035011,0.10755,0.104364,0.026654,0.025865,1.153448,0.874418,2.715904
H2_128C_quantized_resblocks_range_2_9,121-121726-0012.wav,generated_audios/generated_H2_128C_int8/121-121726-0012_generated.wav,4.045034,0.113436,0.110157,0.028043,0.027233,1.132177,0.868864,2.127069
H2_128C_quantized_resblocks_range_2_9,121-121726-0013.wav,generated_audios/generated_H2_128C_int8/121-121726-0013_generated.wav,2.490023,0.074091,0.070848,0.029755,0.028453,1.096287,0.813639,2.555505
H2_128C_quantized_resblocks_range_2_9,121-121726-0014.wav,generated_audios/generated_H2_128C_int8/121-121726-0014_generated.wav,3.165034,0.088814,0.085829,0.028061,0.027118,1.270949,0.859157,2.844012
H2_128C_quantized_resblocks_range_2_9,121-123852-0000.wav,generated_audios/generated_H2_128C_int8/121-123852-0000_generated.wav,17.695011,0.533079,0.528477,0.030126,0.029866,1.105339,0.840025,2.301771
H2_128C_quantized_resblocks_range_2_9,121-123852-0001.wav,generated_audios/generated_H2_128C_int8/121-123852-0001_generated.wav,1.870023,0.060892,0.057661,0.032562,0.030834,1.073954,0.640008,3.31576
H2_128C_quantized_resblocks_range_2_9,121-123852-0002.wav,generated_audios/generated_H2_128C_int8/121-123852-0002_generated.wav,17.285034,0.515874,0.511303,0.029845,0.029581,1.080414,0.798633,1.936066
H2_128C_quantized_resblocks_range_2_9,121-123852-0003.wav,generated_audios/generated_H2_128C_int8/121-123852-0003_generated.wav,23.505034,7.26301,7.257912,0.308998,0.308781,1.059909,0.77966,2.021467
H2_128C_quantized_resblocks_range_2_9,121-123852-0004.wav,generated_audios/generated_H2_128C_int8/121-123852-0004_generated.wav,16.290023,4.584824,4.580122,0.28145,0.281161,1.115253,0.819907,1.895919
H2_128C_quantized_resblocks_range_2_9,121-123859-0000.wav,generated_audios/generated_H2_128C_int8/121-123859-0000_generated.wav,17.390023,4.675694,4.670843,0.268872,0.268593,1.051518,0.781137,2.040686
H2_128C_quantized_resblocks_range_2_9,121-123859-0001.wav,generated_audios/generated_H2_128C_int8/121-123859-0001_generated.wav,25.395011,6.997154,6.990473,0.275533,0.27527,1.089447,0.822396,1.956679
H2_128C_quantized_resblocks_range_2_9,121-123859-0002.wav,generated_audios/generated_H2_128C_int8/121-123859-0002_generated.wav,30.04,8.668715,8.662366,0.288572,0.288361,1.075672,0.805907,1.894864
H2_128C_quantized_resblocks_range_2_9,121-123859-0003.wav,generated_audios/generated_H2_128C_int8/121-123859-0003_generated.wav,10.825034,2.840144,2.836317,0.262368,0.262015,1.099895,0.826871,2.483281
H2_128C_quantized_resblocks_range_2_9,121-123859-0004.wav,generated_audios/generated_H2_128C_int8/121-123859-0004_generated.wav,9.505034,2.46749,2.463154,0.259598,0.259142,1.066662,0.799563,2.121869
H2_128C_quantized_resblocks_range_2_9,121-127105-0000.wav,generated_audios/generated_H2_128C_int8/121-127105-0000_generated.wav,9.875011,2.57926,2.575116,0.261191,0.260771,1.073475,0.794777,1.8178
H2_128C_quantized_resblocks_range_2_9,121-127105-0001.wav,generated_audios/generated_H2_128C_int8/121-127105-0001_generated.wav,5.025034,1.220775,1.218513,0.242939,0.242488,1.073304,0.806398,1.474362
H2_128C_quantized_resblocks_range_2_9,121-127105-0002.wav,generated_audios/generated_H2_128C_int8/121-127105-0002_generated.wav,7.495011,1.828736,1.824758,0.243994,0.243463,1.080941,0.79637,1.689758
H2_128C_quantized_resblocks_range_2_9,121-127105-0003.wav,generated_audios/generated_H2_128C_int8/121-127105-0003_generated.wav,7.725034,1.978418,1.974448,0.256105,0.255591,1.113067,0.835427,1.883241
H2_128C_quantized_resblocks_range_2_9,121-127105-0004.wav,generated_audios/generated_H2_128C_int8/121-127105-0004_generated.wav,2.110023,0.537626,0.534652,0.254796,0.253387,1.04105,0.841641,2.859598
H2_128C_quantized_resblocks_range_2_9,121-127105-0005.wav,generated_audios/generated_H2_128C_int8/121-127105-0005_generated.wav,5.82,1.432122,1.428397,0.246069,0.245429,1.08774,0.819146,1.788896
H2_128C_quantized_resblocks_range_2_9,121-127105-0006.wav,generated_audios/generated_H2_128C_int8/121-127105-0006_generated.wav,4.725034,1.21962,1.217384,0.258119,0.257646,1.057089,0.809535,1.944272
H2_128C_quantized_resblocks_range_2_9,121-127105-0007.wav,generated_audios/generated_H2_128C_int8/121-127105-0007_generated.wav,5.790023,1.428074,1.424338,0.246644,0.245999,1.080465,0.831805,1.790443
H2_128C_quantized_resblocks_range_2_9,121-127105-0008.wav,generated_audios/generated_H2_128C_int8/121-127105-0008_generated.wav,2.76,0.695422,0.692128,0.251964,0.250771,1.087604,0.799922,2.055622
H2_128C_quantized_resblocks_range_2_9,121-127105-0009.wav,generated_audios/generated_H2_128C_int8/121-127105-0009_generated.wav,2.290023,0.588831,0.585646,0.257129,0.255738,1.075147,0.813659,1.648042
H2_128C_quantized_resblocks_range_2_9,121-127105-0010.wav,generated_audios/generated_H2_128C_int8/121-127105-0010_generated.wav,2.850023,0.720732,0.717609,0.252887,0.251791,1.06751,0.786973,1.624022
H2_128C_quantized_resblocks_range_2_9,121-127105-0011.wav,generated_audios/generated_H2_128C_int8/121-127105-0011_generated.wav,5.78,1.493641,1.490133,0.258415,0.257809,1.068581,0.76803,1.498007
H2_128C_quantized_resblocks_range_2_9,121-127105-0012.wav,generated_audios/generated_H2_128C_int8/121-127105-0012_generated.wav,4.830023,1.260298,1.256787,0.26093,0.260203,1.043761,0.789099,1.522889
H2_128C_quantized_resblocks_range_2_9,121-127105-0013.wav,generated_audios/generated_H2_128C_int8/121-127105-0013_generated.wav,5.895011,1.449965,1.446589,0.245965,0.245392,1.083473,0.808118,1.744764
H2_128C_quantized_resblocks_range_2_9,121-127105-0014.wav,generated_audios/generated_H2_128C_int8/121-127105-0014_generated.wav,2.255011,0.537676,0.535797,0.238436,0.237603,1.127878,0.75637,2.382353
H2_128C_quantized_resblocks_range_2_9,121-127105-0015.wav,generated_audios/generated_H2_128C_int8/121-127105-0015_generated.wav,2.96,0.747802,0.744616,0.252636,0.25156,1.083173,0.790531,1.660981
H2_128C_quantized_resblocks_range_2_9,121-127105-0016.wav,generated_audios/generated_H2_128C_int8/121-127105-0016_generated.wav,2.030023,0.502345,0.499274,0.247458,0.245945,1.087699,0.815555,1.620625
H2_128C_quantized_resblocks_range_2_9,121-127105-0017.wav,generated_audios/generated_H2_128C_int8/121-127105-0017_generated.wav,2.695011,0.691426,0.688027,0.256558,0.255296,1.069103,0.790473,1.428562
H2_128C_quantized_resblocks_range_2_9,121-127105-0018.wav,generated_audios/generated_H2_128C_int8/121-127105-0018_generated.wav,2.770023,0.71512,0.712064,0.258164,0.257061,1.072809,0.761162,1.655987
H2_128C_quantized_resblocks_range_2_9,121-127105-0019.wav,generated_audios/generated_H2_128C_int8/121-127105-0019_generated.wav,3.525034,0.869454,0.866272,0.246651,0.245749,1.061999,0.77026,1.834733
H2_128C_quantized_resblocks_range_2_9,121-127105-0020.wav,generated_audios/generated_H2_128C_int8/121-127105-0020_generated.wav,14.355011,3.916485,3.911782,0.272831,0.272503,1.080235,0.817812,1.532923
H2_128C_quantized_resblocks_range_2_9,121-127105-0021.wav,generated_audios/generated_H2_128C_int8/121-127105-0021_generated.wav,2.0,0.489317,0.486082,0.244659,0.243041,1.083285,0.829818,1.757214
H2_128C_quantized_resblocks_range_2_9,121-127105-0022.wav,generated_audios/generated_H2_128C_int8/121-127105-0022_generated.wav,5.075011,1.304715,1.301204,0.257086,0.256394,1.134521,0.824711,2.16838
H2_128C_quantized_resblocks_range_2_9,121-127105-0023.wav,generated_audios/generated_H2_128C_int8/121-127105-0023_generated.wav,10.910023,2.70485,2.700595,0.247923,0.247533,1.092828,0.818849,1.53424
H2_128C_quantized_resblocks_range_2_9,121-127105-0024.wav,generated_audios/generated_H2_128C_int8/121-127105-0024_generated.wav,14.450023,4.096654,4.091816,0.283505,0.28317,1.085301,0.814247,1.613029
H2_128C_quantized_resblocks_range_2_9,121-127105-0025.wav,generated_audios/generated_H2_128C_int8/121-127105-0025_generated.wav,16.065034,4.385581,4.380604,0.272989,0.272679,1.086087,0.821079,1.589632
H2_128C_quantized_resblocks_range_2_9,121-127105-0026.wav,generated_audios/generated_H2_128C_int8/121-127105-0026_generated.wav,7.530023,1.844115,1.840515,0.244902,0.244424,1.084814,0.835192,1.531937
H2_128C_quantized_resblocks_range_2_9,121-127105-0027.wav,generated_audios/generated_H2_128C_int8/121-127105-0027_generated.wav,13.870023,3.813523,3.809294,0.274947,0.274642,1.108603,0.820722,1.707514
H2_128C_quantized_resblocks_range_2_9,121-127105-0028.wav,generated_audios/generated_H2_128C_int8/121-127105-0028_generated.wav,6.750023,0.168034,0.164439,0.024894,0.024361,1.118195,0.830854,1.818243
H2_128C_quantized_resblocks_range_2_9,121-127105-0029.wav,generated_audios/generated_H2_128C_int8/121-127105-0029_generated.wav,7.310023,1.85721,1.853391,0.254064,0.253541,1.0862,0.837406,1.843082
H2_128C_quantized_resblocks_range_2_9,121-127105-0030.wav,generated_audios/generated_H2_128C_int8/121-127105-0030_generated.wav,2.175011,0.53822,0.535032,0.247456,0.24599,1.052901,0.811234,1.887496
H2_128C_quantized_resblocks_range_2_9,121-127105-0031.wav,generated_audios/generated_H2_128C_int8/121-127105-0031_generated.wav,10.765034,2.6529,2.64893,0.246437,0.246068,1.090614,0.738532,2.213221
H2_128C_quantized_resblocks_range_2_9,121-127105-0032.wav,generated_audios/generated_H2_128C_int8/121-127105-0032_generated.wav,3.170023,0.760405,0.757054,0.239874,0.238817,1.078048,0.844706,1.837541
H2_128C_quantized_resblocks_range_2_9,121-127105-0033.wav,generated_audios/generated_H2_128C_int8/121-127105-0033_generated.wav,2.355011,0.589879,0.586839,0.250478,0.249187,1.078795,0.809047,2.288398
H2_128C_quantized_resblocks_range_2_9,121-127105-0034.wav,generated_audios/generated_H2_128C_int8/121-127105-0034_generated.wav,7.410023,1.945492,1.941952,0.262549,0.262071,1.094175,0.812874,2.280276
H2_128C_quantized_resblocks_range_2_9,121-127105-0035.wav,generated_audios/generated_H2_128C_int8/121-127105-0035_generated.wav,14.150023,3.824594,3.819881,0.270289,0.269956,1.096447,0.795734,2.530295
H2_128C_quantized_resblocks_range_2_9,121-127105-0036.wav,generated_audios/generated_H2_128C_int8/121-127105-0036_generated.wav,4.150023,0.999034,0.995857,0.24073,0.239964,1.137691,0.75355,2.39175
H2_128C_quantized_resblocks_range_2_9,237-126133-0000.wav,generated_audios/generated_H2_128C_int8/237-126133-0000_generated.wav,13.290023,3.78186,3.777653,0.284564,0.284247,1.065319,0.78911,1.759098
H2_128C_quantized_resblocks_range_2_9,237-126133-0001.wav,generated_audios/generated_H2_128C_int8/237-126133-0001_generated.wav,11.965034,3.441083,3.436331,0.287595,0.287198,1.06476,0.75663,1.785181
H2_128C_quantized_resblocks_range_2_9,237-126133-0002.wav,generated_audios/generated_H2_128C_int8/237-126133-0002_generated.wav,8.92,2.215363,2.211221,0.248359,0.247895,1.045209,0.754688,1.954436
H2_128C_quantized_resblocks_range_2_9,237-126133-0003.wav,generated_audios/generated_H2_128C_int8/237-126133-0003_generated.wav,6.56,1.675558,1.671948,0.25542,0.25487,1.048973,0.727652,1.841918
H2_128C_quantized_resblocks_range_2_9,237-126133-0004.wav,generated_audios/generated_H2_128C_int8/237-126133-0004_generated.wav,3.295011,0.858743,0.855602,0.260619,0.259666,1.054752,0.741386,1.883526
H2_128C_quantized_resblocks_range_2_9,237-126133-0005.wav,generated_audios/generated_H2_128C_int8/237-126133-0005_generated.wav,6.510023,1.692899,1.689178,0.260045,0.259473,1.074534,0.748009,1.79937
H2_128C_quantized_resblocks_range_2_9,237-126133-0006.wav,generated_audios/generated_H2_128C_int8/237-126133-0006_generated.wav,6.150023,1.567673,1.563965,0.254905,0.254302,1.091547,0.776559,1.919609
H2_128C_quantized_resblocks_range_2_9,237-126133-0007.wav,generated_audios/generated_H2_128C_int8/237-126133-0007_generated.wav,8.68,2.126208,2.122193,0.244955,0.244492,1.069141,0.760209,1.857197
H2_128C_quantized_resblocks_range_2_9,237-126133-0008.wav,generated_audios/generated_H2_128C_int8/237-126133-0008_generated.wav,3.865034,0.986658,0.98348,0.255278,0.254456,1.054968,0.765407,1.878762
H2_128C_quantized_resblocks_range_2_9,237-126133-0009.wav,generated_audios/generated_H2_128C_int8/237-126133-0009_generated.wav,3.970023,1.010552,1.007138,0.254546,0.253686,1.060913,0.767709,1.906669
H2_128C_quantized_resblocks_range_2_9,237-126133-0010.wav,generated_audios/generated_H2_128C_int8/237-126133-0010_generated.wav,6.24,1.539905,1.536327,0.24678,0.246206,1.047117,0.693889,1.847366
H2_128C_quantized_resblocks_range_2_9,237-126133-0011.wav,generated_audios/generated_H2_128C_int8/237-126133-0011_generated.wav,6.710023,1.759932,1.756084,0.262284,0.261711,1.085173,0.798304,1.895675
H2_128C_quantized_resblocks_range_2_9,237-126133-0012.wav,generated_audios/generated_H2_128C_int8/237-126133-0012_generated.wav,4.450023,1.176995,1.173173,0.264492,0.263633,1.062342,0.717059,1.886809
H2_128C_quantized_resblocks_range_2_9,237-126133-0013.wav,generated_audios/generated_H2_128C_int8/237-126133-0013_generated.wav,6.815011,1.780249,1.776635,0.261225,0.260694,1.059904,0.730235,1.965708
H2_128C_quantized_resblocks_range_2_9,237-126133-0014.wav,generated_audios/generated_H2_128C_int8/237-126133-0014_generated.wav,6.790023,1.765297,1.7615,0.259984,0.259425,1.062462,0.745782,1.747037
H2_128C_quantized_resblocks_range_2_9,237-126133-0015.wav,generated_audios/generated_H2_128C_int8/237-126133-0015_generated.wav,9.34,2.309482,2.305399,0.247268,0.246831,1.06717,0.764995,1.867017
H2_128C_quantized_resblocks_range_2_9,237-126133-0016.wav,generated_audios/generated_H2_128C_int8/237-126133-0016_generated.wav,4.250023,1.053693,1.050474,0.247927,0.247169,1.09566,0.763777,1.850523
H2_128C_quantized_resblocks_range_2_9,237-126133-0017.wav,generated_audios/generated_H2_128C_int8/237-126133-0017_generated.wav,6.210023,1.544401,1.540702,0.248695,0.248099,1.114887,0.823924,1.785433
H2_128C_quantized_resblocks_range_2_9,237-126133-0018.wav,generated_audios/generated_H2_128C_int8/237-126133-0018_generated.wav,4.095011,1.060733,1.057206,0.259031,0.258169,1.069769,0.714404,2.057841
H2_128C_quantized_resblocks_range_2_9,237-126133-0019.wav,generated_audios/generated_H2_128C_int8/237-126133-0019_generated.wav,7.12,1.892205,1.888442,0.265759,0.265231,1.052928,0.750386,1.881091
H2_128C_quantized_resblocks_range_2_9,237-126133-0020.wav,generated_audios/generated_H2_128C_int8/237-126133-0020_generated.wav,2.24,0.542664,0.538981,0.242261,0.240616,1.075356,0.769675,1.828957
H2_128C_quantized_resblocks_range_2_9,237-126133-0021.wav,generated_audios/generated_H2_128C_int8/237-126133-0021_generated.wav,4.365034,1.083434,1.079945,0.248207,0.247408,1.060756,0.74219,1.93298
H2_128C_quantized_resblocks_range_2_9,237-126133-0022.wav,generated_audios/generated_H2_128C_int8/237-126133-0022_generated.wav,5.04,1.315787,1.31211,0.261069,0.260339,1.074008,0.78115,1.828694
H2_128C_quantized_resblocks_range_2_9,237-126133-0023.wav,generated_audios/generated_H2_128C_int8/237-126133-0023_generated.wav,6.675011,1.758281,1.754618,0.263412,0.262864,1.054646,0.769212,1.830058
H2_128C_quantized_resblocks_range_2_9,237-126133-0024.wav,generated_audios/generated_H2_128C_int8/237-126133-0024_generated.wav,9.665034,2.601322,2.597165,0.269148,0.268718,1.097156,0.791195,1.660796
H2_128C_quantized_resblocks_range_2_9,237-126133-0025.wav,generated_audios/generated_H2_128C_int8/237-126133-0025_generated.wav,3.755011,0.968757,0.965229,0.25799,0.257051,1.078228,0.794218,1.788956
H2_128C_quantized_resblocks_range_2_9,237-134493-0000.wav,generated_audios/generated_H2_128C_int8/237-134493-0000_generated.wav,4.105034,1.083158,1.081031,0.263861,0.263343,1.225781,0.858419,1.333688
H2_128C_quantized_resblocks_range_2_9,237-134493-0001.wav,generated_audios/generated_H2_128C_int8/237-134493-0001_generated.wav,7.38,1.917215,1.913005,0.259785,0.259215,1.227287,0.871038,1.298658
H2_128C_quantized_resblocks_range_2_9,237-134493-0002.wav,generated_audios/generated_H2_128C_int8/237-134493-0002_generated.wav,11.395011,3.069245,3.065189,0.26935,0.268994,1.279184,0.862817,1.378502
H2_128C_quantized_resblocks_range_2_9,237-134493-0003.wav,generated_audios/generated_H2_128C_int8/237-134493-0003_generated.wav,12.765034,3.623525,3.618851,0.283863,0.283497,1.197231,0.87588,1.313158
H2_128C_quantized_resblocks_range_2_9,237-134493-0004.wav,generated_audios/generated_H2_128C_int8/237-134493-0004_generated.wav,6.825034,1.795215,1.791251,0.263034,0.262453,1.286246,0.866902,1.26756
H2_128C_quantized_resblocks_range_2_9,237-134493-0005.wav,generated_audios/generated_H2_128C_int8/237-134493-0005_generated.wav,10.945034,2.760525,2.75738,0.252217,0.25193,1.27667,0.864099,1.241686
H2_128C_quantized_resblocks_range_2_9,237-134493-0006.wav,generated_audios/generated_H2_128C_int8/237-134493-0006_generated.wav,4.395011,1.090272,1.087829,0.24807,0.247515,1.426818,0.905299,1.150676
H2_128C_quantized_resblocks_range_2_9,237-134493-0007.wav,generated_audios/generated_H2_128C_int8/237-134493-0007_generated.wav,2.035011,0.496364,0.493244,0.243912,0.242379,1.298099,0.841494,1.172134
H2_128C_quantized_resblocks_range_2_9,237-134493-0008.wav,generated_audios/generated_H2_128C_int8/237-134493-0008_generated.wav,2.305034,0.553572,0.550493,0.240158,0.238822,1.275228,0.839996,1.438672
H2_128C_quantized_resblocks_range_2_9,237-134493-0009.wav,generated_audios/generated_H2_128C_int8/237-134493-0009_generated.wav,2.975011,0.776785,0.774082,0.261103,0.260195,1.244819,0.883582,1.358685
H2_128C_quantized_resblocks_range_2_9,237-134493-0010.wav,generated_audios/generated_H2_128C_int8/237-134493-0010_generated.wav,2.875011,0.734347,0.731104,0.255424,0.254296,1.219426,0.845474,1.257273
H2_128C_quantized_resblocks_range_2_9,237-134493-0011.wav,generated_audios/generated_H2_128C_int8/237-134493-0011_generated.wav,5.035011,1.328716,1.325082,0.263895,0.263174,1.255753,0.874048,1.208777
H2_128C_quantized_resblocks_range_2_9,237-134493-0012.wav,generated_audios/generated_H2_128C_int8/237-134493-0012_generated.wav,3.66,0.896159,0.892891,0.244852,0.243959,1.325418,0.876577,1.234288
H2_128C_quantized_resblocks_range_2_9,237-134493-0013.wav,generated_audios/generated_H2_128C_int8/237-134493-0013_generated.wav,4.090023,0.095651,0.093559,0.023387,0.022875,1.337519,0.870505,1.214666
H2_128C_quantized_resblocks_range_2_9,237-134493-0014.wav,generated_audios/generated_H2_128C_int8/237-134493-0014_generated.wav,3.7,0.931212,0.92778,0.251679,0.250751,1.298647,0.875262,1.253687
H2_128C_quantized_resblocks_range_2_9,237-134493-0015.wav,generated_audios/generated_H2_128C_int8/237-134493-0015_generated.wav,6.550023,0.18829,0.184744,0.028746,0.028205,1.251449,0.870762,1.226472
H2_128C_quantized_resblocks_range_2_9,237-134493-0016.wav,generated_audios/generated_H2_128C_int8/237-134493-0016_generated.wav,10.085034,2.638275,2.635339,0.261603,0.261312,1.313378,0.889893,1.200036
H2_128C_quantized_resblocks_range_2_9,237-134493-0017.wav,generated_audios/generated_H2_128C_int8/237-134493-0017_generated.wav,9.105034,2.408063,2.405134,0.264476,0.264154,1.26099,0.87692,1.248038
H2_128C_quantized_resblocks_range_2_9,237-134493-0018.wav,generated_audios/generated_H2_128C_int8/237-134493-0018_generated.wav,4.790023,1.242296,1.238273,0.259351,0.258511,1.326148,0.905308,1.243424
H2_128C_quantized_resblocks_range_2_9,237-134500-0000.wav,generated_audios/generated_H2_128C_int8/237-134500-0000_generated.wav,6.130023,1.586873,1.582997,0.258869,0.258237,1.193145,0.853518,1.419984
H2_128C_quantized_resblocks_range_2_9,237-134500-0001.wav,generated_audios/generated_H2_128C_int8/237-134500-0001_generated.wav,1.810023,0.436502,0.433367,0.241158,0.239426,1.22824,0.845974,1.477271
H2_128C_quantized_resblocks_range_2_9,237-134500-0002.wav,generated_audios/generated_H2_128C_int8/237-134500-0002_generated.wav,5.070023,1.326034,1.322466,0.261544,0.26084,1.235746,0.886061,1.312447
H2_128C_quantized_resblocks_range_2_9,237-134500-0003.wav,generated_audios/generated_H2_128C_int8/237-134500-0003_generated.wav,3.170023,0.091266,0.087924,0.02879,0.027736,1.126581,0.847451,1.426813
H2_128C_quantized_resblocks_range_2_9,237-134500-0004.wav,generated_audios/generated_H2_128C_int8/237-134500-0004_generated.wav,2.225034,0.068714,0.065492,0.030882,0.029434,1.298546,0.885969,1.274865
H2_128C_quantized_resblocks_range_2_9,237-134500-0005.wav,generated_audios/generated_H2_128C_int8/237-134500-0005_generated.wav,2.390023,0.600787,0.597717,0.251373,0.250089,1.209195,0.865876,1.282273
H2_128C_quantized_resblocks_range_2_9,237-134500-0006.wav,generated_audios/generated_H2_128C_int8/237-134500-0006_generated.wav,4.225034,1.046075,1.04419,0.24759,0.247143,1.219079,0.872277,1.304568
H2_128C_quantized_resblocks_range_2_9,237-134500-0007.wav,generated_audios/generated_H2_128C_int8/237-134500-0007_generated.wav,2.390023,0.059976,0.056884,0.025094,0.023801,1.153608,0.817099,1.441554
H2_128C_quantized_resblocks_range_2_9,237-134500-0008.wav,generated_audios/generated_H2_128C_int8/237-134500-0008_generated.wav,3.76,0.102691,0.099264,0.027311,0.0264,1.227431,0.82903,1.397251
H2_128C_quantized_resblocks_range_2_9,237-134500-0009.wav,generated_audios/generated_H2_128C_int8/237-134500-0009_generated.wav,2.22,0.057438,0.054079,0.025873,0.02436,1.09059,0.835538,1.394226
H2_128C_quantized_resblocks_range_2_9,237-134500-0010.wav,generated_audios/generated_H2_128C_int8/237-134500-0010_generated.wav,3.995011,1.044067,1.040549,0.261343,0.260462,1.209392,0.86478,1.282606
H2_128C_quantized_resblocks_range_2_9,237-134500-0011.wav,generated_audios/generated_H2_128C_int8/237-134500-0011_generated.wav,3.350023,0.829963,0.826742,0.247748,0.246787,1.208645,0.821288,1.302301
H2_128C_quantized_resblocks_range_2_9,237-134500-0012.wav,generated_audios/generated_H2_128C_int8/237-134500-0012_generated.wav,10.935011,2.934476,2.930713,0.268356,0.268012,1.150592,0.848889,1.386542
H2_128C_quantized_resblocks_range_2_9,237-134500-0013.wav,generated_audios/generated_H2_128C_int8/237-134500-0013_generated.wav,10.56,0.293457,0.289289,0.02779,0.027395,1.165028,0.865903,1.360003
H2_128C_quantized_resblocks_range_2_9,237-134500-0014.wav,generated_audios/generated_H2_128C_int8/237-134500-0014_generated.wav,4.250023,0.129749,0.12631,0.030529,0.02972,1.169253,0.859179,1.359939
H2_128C_quantized_resblocks_range_2_9,237-134500-0015.wav,generated_audios/generated_H2_128C_int8/237-134500-0015_generated.wav,10.815011,2.814325,2.810282,0.260224,0.25985,1.181577,0.869261,1.37361
H2_128C_quantized_resblocks_range_2_9,237-134500-0016.wav,generated_audios/generated_H2_128C_int8/237-134500-0016_generated.wav,3.16,0.088746,0.085433,0.028084,0.027036,1.120068,0.769871,1.586787
H2_128C_quantized_resblocks_range_2_9,237-134500-0017.wav,generated_audios/generated_H2_128C_int8/237-134500-0017_generated.wav,2.18,0.066238,0.063092,0.030384,0.028941,1.244588,0.892366,1.365861
H2_128C_quantized_resblocks_range_2_9,237-134500-0018.wav,generated_audios/generated_H2_128C_int8/237-134500-0018_generated.wav,12.845034,3.736445,3.732368,0.290886,0.290569,1.167198,0.853903,1.478586
H2_128C_quantized_resblocks_range_2_9,237-134500-0019.wav,generated_audios/generated_H2_128C_int8/237-134500-0019_generated.wav,2.86,0.704291,0.700816,0.246256,0.24504,1.11602,0.837047,1.492337
H2_128C_quantized_resblocks_range_2_9,237-134500-0020.wav,generated_audios/generated_H2_128C_int8/237-134500-0020_generated.wav,2.18,0.056314,0.053355,0.025832,0.024475,1.23458,0.902119,1.656464
H2_128C_quantized_resblocks_range_2_9,237-134500-0021.wav,generated_audios/generated_H2_128C_int8/237-134500-0021_generated.wav,5.12,1.260757,1.257005,0.246242,0.245509,1.132926,0.777011,1.424108
H2_128C_quantized_resblocks_range_2_9,237-134500-0022.wav,generated_audios/generated_H2_128C_int8/237-134500-0022_generated.wav,5.165034,1.290793,1.286999,0.24991,0.249175,1.129925,0.821281,1.450327
H2_128C_quantized_resblocks_range_2_9,237-134500-0023.wav,generated_audios/generated_H2_128C_int8/237-134500-0023_generated.wav,3.06,0.807604,0.804412,0.263923,0.26288,1.179521,0.853062,1.495764
H2_128C_quantized_resblocks_range_2_9,237-134500-0024.wav,generated_audios/generated_H2_128C_int8/237-134500-0024_generated.wav,4.410023,0.118544,0.115075,0.026881,0.026094,1.237983,0.827068,1.507174
H2_128C_quantized_resblocks_range_2_9,237-134500-0025.wav,generated_audios/generated_H2_128C_int8/237-134500-0025_generated.wav,1.630023,0.388118,0.385189,0.238106,0.236309,1.161184,0.806718,1.78415
H2_128C_quantized_resblocks_range_2_9,237-134500-0026.wav,generated_audios/generated_H2_128C_int8/237-134500-0026_generated.wav,3.050023,0.792309,0.789104,0.259772,0.258721,1.221716,0.839748,1.459037
H2_128C_quantized_resblocks_range_2_9,237-134500-0027.wav,generated_audios/generated_H2_128C_int8/237-134500-0027_generated.wav,3.270023,0.859445,0.856102,0.262825,0.261803,1.172429,0.818125,1.441929
H2_128C_quantized_resblocks_range_2_9,237-134500-0028.wav,generated_audios/generated_H2_128C_int8/237-134500-0028_generated.wav,4.524943,1.191961,1.188709,0.26342,0.262701,1.152818,0.834029,1.512224
H2_128C_quantized_resblocks_range_2_9,237-134500-0029.wav,generated_audios/generated_H2_128C_int8/237-134500-0029_generated.wav,2.065034,0.504393,0.501234,0.244254,0.242724,1.15619,0.870942,1.319418
H2_128C_quantized_resblocks_range_2_9,237-134500-0030.wav,generated_audios/generated_H2_128C_int8/237-134500-0030_generated.wav,2.78,0.72881,0.725647,0.262162,0.261024,1.187834,0.857219,1.474488
H2_128C_quantized_resblocks_range_2_9,237-134500-0031.wav,generated_audios/generated_H2_128C_int8/237-134500-0031_generated.wav,10.610023,2.773415,2.7699,0.261396,0.261065,1.236231,0.864721,1.399229
H2_128C_quantized_resblocks_range_2_9,237-134500-0032.wav,generated_audios/generated_H2_128C_int8/237-134500-0032_generated.wav,5.025034,0.137923,0.134419,0.027447,0.02675,1.157192,0.861924,1.483378
H2_128C_quantized_resblocks_range_2_9,237-134500-0033.wav,generated_audios/generated_H2_128C_int8/237-134500-0033_generated.wav,6.350023,1.582991,1.57931,0.249289,0.248709,1.171734,0.811861,1.483333
H2_128C_quantized_resblocks_range_2_9,237-134500-0034.wav,generated_audios/generated_H2_128C_int8/237-134500-0034_generated.wav,3.075011,0.75938,0.756503,0.246952,0.246016,1.10867,0.82457,1.662437
H2_128C_quantized_resblocks_range_2_9,237-134500-0035.wav,generated_audios/generated_H2_128C_int8/237-134500-0035_generated.wav,2.555011,0.668566,0.665443,0.261669,0.260446,1.128051,0.842655,1.570159
H2_128C_quantized_resblocks_range_2_9,237-134500-0036.wav,generated_audios/generated_H2_128C_int8/237-134500-0036_generated.wav,6.6,1.762641,1.758934,0.267067,0.266505,1.164826,0.83404,1.544674
H2_128C_quantized_resblocks_range_2_9,237-134500-0037.wav,generated_audios/generated_H2_128C_int8/237-134500-0037_generated.wav,7.105034,1.861038,1.857283,0.261932,0.261404,1.125013,0.811441,1.428586
H2_128C_quantized_resblocks_range_2_9,237-134500-0038.wav,generated_audios/generated_H2_128C_int8/237-134500-0038_generated.wav,2.435011,0.613889,0.61067,0.252109,0.250787,1.086874,0.804182,1.389259
H2_128C_quantized_resblocks_range_2_9,237-134500-0039.wav,generated_audios/generated_H2_128C_int8/237-134500-0039_generated.wav,4.630023,1.222087,1.218628,0.263948,0.263201,1.153166,0.814897,1.445126
H2_128C_quantized_resblocks_range_2_9,237-134500-0040.wav,generated_audios/generated_H2_128C_int8/237-134500-0040_generated.wav,4.030023,0.109919,0.106562,0.027275,0.026442,1.149249,0.839676,1.388804
H2_128C_quantized_resblocks_range_2_9,237-134500-0041.wav,generated_audios/generated_H2_128C_int8/237-134500-0041_generated.wav,8.92,0.264354,0.260495,0.029636,0.029203,1.166657,0.866228,1.517671
H2_128C_quantized_resblocks_range_2_9,237-134500-0042.wav,generated_audios/generated_H2_128C_int8/237-134500-0042_generated.wav,2.575011,0.648931,0.645753,0.252011,0.250777,1.164866,0.757597,1.581047
H2_128C_quantized_resblocks_range_2_9,260-123286-0000.wav,generated_audios/generated_H2_128C_int8/260-123286-0000_generated.wav,7.04,1.786042,1.78235,0.253699,0.253175,1.147156,0.831245,2.306843
H2_128C_quantized_resblocks_range_2_9,260-123286-0001.wav,generated_audios/generated_H2_128C_int8/260-123286-0001_generated.wav,3.070023,0.075422,0.072208,0.024567,0.02352,1.088758,0.802742,2.234465
H2_128C_quantized_resblocks_range_2_9,260-123286-0002.wav,generated_audios/generated_H2_128C_int8/260-123286-0002_generated.wav,9.985034,2.654527,2.650552,0.265851,0.265452,1.100347,0.829167,1.898492
H2_128C_quantized_resblocks_range_2_9,260-123286-0003.wav,generated_audios/generated_H2_128C_int8/260-123286-0003_generated.wav,7.370023,1.950425,1.946574,0.264643,0.264121,1.09262,0.777401,2.049941
H2_128C_quantized_resblocks_range_2_9,260-123286-0004.wav,generated_audios/generated_H2_128C_int8/260-123286-0004_generated.wav,3.465034,0.907148,0.9038,0.261801,0.260834,1.072095,0.805876,2.291145
H2_128C_quantized_resblocks_range_2_9,260-123286-0005.wav,generated_audios/generated_H2_128C_int8/260-123286-0005_generated.wav,4.810023,1.209983,1.206508,0.251555,0.250832,1.079506,0.783447,1.749654
H2_128C_quantized_resblocks_range_2_9,260-123286-0006.wav,generated_audios/generated_H2_128C_int8/260-123286-0006_generated.wav,7.405034,1.924887,1.920927,0.259943,0.259408,1.152187,0.845262,1.638018
H2_128C_quantized_resblocks_range_2_9,260-123286-0007.wav,generated_audios/generated_H2_128C_int8/260-123286-0007_generated.wav,4.550023,1.177773,1.173645,0.25885,0.257943,1.084347,0.808508,1.758069
H2_128C_quantized_resblocks_range_2_9,260-123286-0008.wav,generated_audios/generated_H2_128C_int8/260-123286-0008_generated.wav,3.735011,0.939754,0.9364,0.251607,0.250709,1.112159,0.832354,1.824433
H2_128C_quantized_resblocks_range_2_9,260-123286-0009.wav,generated_audios/generated_H2_128C_int8/260-123286-0009_generated.wav,5.795011,1.573286,1.56984,0.27149,0.270895,1.083349,0.82061,1.734326
H2_128C_quantized_resblocks_range_2_9,260-123286-0010.wav,generated_audios/generated_H2_128C_int8/260-123286-0010_generated.wav,2.575011,0.064207,0.060944,0.024935,0.023667,1.128968,0.827176,2.266676
H2_128C_quantized_resblocks_range_2_9,260-123286-0011.wav,generated_audios/generated_H2_128C_int8/260-123286-0011_generated.wav,4.255011,0.127118,0.123708,0.029875,0.029074,1.122754,0.802005,2.026078
H2_128C_quantized_resblocks_range_2_9,260-123286-0012.wav,generated_audios/generated_H2_128C_int8/260-123286-0012_generated.wav,2.430023,0.063323,0.060205,0.026059,0.024775,1.102805,0.830384,2.096135
H2_128C_quantized_resblocks_range_2_9,260-123286-0013.wav,generated_audios/generated_H2_128C_int8/260-123286-0013_generated.wav,4.730023,1.237646,1.234202,0.261657,0.260929,1.149231,0.815642,1.937054
H2_128C_quantized_resblocks_range_2_9,260-123286-0014.wav,generated_audios/generated_H2_128C_int8/260-123286-0014_generated.wav,2.98,0.089182,0.085891,0.029927,0.028822,1.089772,0.784469,2.242217
H2_128C_quantized_resblocks_range_2_9,260-123286-0015.wav,generated_audios/generated_H2_128C_int8/260-123286-0015_generated.wav,5.210023,1.391112,1.387441,0.267007,0.266302,1.123922,0.836267,2.135305
H2_128C_quantized_resblocks_range_2_9,260-123286-0016.wav,generated_audios/generated_H2_128C_int8/260-123286-0016_generated.wav,7.0,1.851704,1.847984,0.264529,0.263998,1.106604,0.822439,1.673387
H2_128C_quantized_resblocks_range_2_9,260-123286-0017.wav,generated_audios/generated_H2_128C_int8/260-123286-0017_generated.wav,3.975011,0.998402,0.994948,0.251169,0.250301,1.127677,0.833137,1.829804
H2_128C_quantized_resblocks_range_2_9,260-123286-0018.wav,generated_audios/generated_H2_128C_int8/260-123286-0018_generated.wav,5.670023,1.514973,1.511468,0.26719,0.266572,1.123331,0.811519,1.659344
H2_128C_quantized_resblocks_range_2_9,260-123286-0019.wav,generated_audios/generated_H2_128C_int8/260-123286-0019_generated.wav,11.905034,3.466507,3.462395,0.29118,0.290834,1.117275,0.819101,1.764312
H2_128C_quantized_resblocks_range_2_9,260-123286-0020.wav,generated_audios/generated_H2_128C_int8/260-123286-0020_generated.wav,3.06,0.08763,0.084162,0.028637,0.027504,1.098723,0.82282,2.907169
H2_128C_quantized_resblocks_range_2_9,260-123286-0021.wav,generated_audios/generated_H2_128C_int8/260-123286-0021_generated.wav,2.550023,0.653318,0.650101,0.256201,0.254939,1.134208,0.844082,2.212897
H2_128C_quantized_resblocks_range_2_9,260-123286-0022.wav,generated_audios/generated_H2_128C_int8/260-123286-0022_generated.wav,3.235011,0.863683,0.860289,0.26698,0.265931,1.074653,0.833037,2.028535
H2_128C_quantized_resblocks_range_2_9,260-123286-0023.wav,generated_audios/generated_H2_128C_int8/260-123286-0023_generated.wav,5.875011,1.571451,1.568182,0.267481,0.266924,1.113123,0.821644,1.509036
H2_128C_quantized_resblocks_range_2_9,260-123286-0024.wav,generated_audios/generated_H2_128C_int8/260-123286-0024_generated.wav,3.04,0.796514,0.793071,0.262011,0.260879,1.168057,0.854692,1.761668
H2_128C_quantized_resblocks_range_2_9,260-123286-0025.wav,generated_audios/generated_H2_128C_int8/260-123286-0025_generated.wav,9.205034,2.336164,2.331766,0.253792,0.253314,1.139074,0.821185,1.711517
H2_128C_quantized_resblocks_range_2_9,260-123286-0026.wav,generated_audios/generated_H2_128C_int8/260-123286-0026_generated.wav,6.94,1.77802,1.773877,0.256199,0.255602,1.087427,0.806812,1.595819
H2_128C_quantized_resblocks_range_2_9,260-123286-0027.wav,generated_audios/generated_H2_128C_int8/260-123286-0027_generated.wav,7.170023,1.973403,1.969658,0.27523,0.274707,1.126491,0.808457,1.404623
H2_128C_quantized_resblocks_range_2_9,260-123286-0028.wav,generated_audios/generated_H2_128C_int8/260-123286-0028_generated.wav,7.465034,1.928859,1.924886,0.258386,0.257854,1.100056,0.787016,1.670226
H2_128C_quantized_resblocks_range_2_9,260-123286-0029.wav,generated_audios/generated_H2_128C_int8/260-123286-0029_generated.wav,4.545034,0.104266,0.100558,0.022941,0.022125,1.102714,0.818505,1.754982
H2_128C_quantized_resblocks_range_2_9,260-123286-0030.wav,generated_audios/generated_H2_128C_int8/260-123286-0030_generated.wav,7.530023,0.199768,0.195888,0.02653,0.026014,1.084987,0.804838,1.812511
H2_128C_quantized_resblocks_range_2_9,260-123286-0031.wav,generated_audios/generated_H2_128C_int8/260-123286-0031_generated.wav,5.06,1.286684,1.283482,0.254285,0.253653,1.117203,0.815899,2.229648
H2_128C_quantized_resblocks_range_2_9,260-123288-0000.wav,generated_audios/generated_H2_128C_int8/260-123288-0000_generated.wav,3.04,0.073354,0.070263,0.02413,0.023113,1.142307,0.793788,2.221879
H2_128C_quantized_resblocks_range_2_9,260-123288-0001.wav,generated_audios/generated_H2_128C_int8/260-123288-0001_generated.wav,5.08,0.131738,0.128391,0.025933,0.025274,1.107537,0.811939,2.605249
H2_128C_quantized_resblocks_range_2_9,260-123288-0002.wav,generated_audios/generated_H2_128C_int8/260-123288-0002_generated.wav,7.250023,1.868942,1.865131,0.257784,0.257259,1.092464,0.809136,1.696521
H2_128C_quantized_resblocks_range_2_9,260-123288-0003.wav,generated_audios/generated_H2_128C_int8/260-123288-0003_generated.wav,8.905034,2.405081,2.401032,0.270081,0.269626,1.086278,0.826381,1.721368
H2_128C_quantized_resblocks_range_2_9,260-123288-0004.wav,generated_audios/generated_H2_128C_int8/260-123288-0004_generated.wav,4.310023,1.14997,1.146466,0.266813,0.266,1.079061,0.77455,2.844513
H2_128C_quantized_resblocks_range_2_9,260-123288-0005.wav,generated_audios/generated_H2_128C_int8/260-123288-0005_generated.wav,12.550023,3.572889,3.568664,0.284692,0.284355,1.08387,0.789879,1.797796
H2_128C_quantized_resblocks_range_2_9,260-123288-0006.wav,generated_audios/generated_H2_128C_int8/260-123288-0006_generated.wav,4.88,1.263927,1.261597,0.259001,0.258524,1.066144,0.797852,1.969909
H2_128C_quantized_resblocks_range_2_9,260-123288-0007.wav,generated_audios/generated_H2_128C_int8/260-123288-0007_generated.wav,11.2,3.124243,3.119851,0.27895,0.278558,1.095988,0.811836,1.690604
H2_128C_quantized_resblocks_range_2_9,260-123288-0008.wav,generated_audios/generated_H2_128C_int8/260-123288-0008_generated.wav,5.515011,1.503796,1.500335,0.272673,0.272046,1.158669,0.821772,1.611793
H2_128C_quantized_resblocks_range_2_9,260-123288-0009.wav,generated_audios/generated_H2_128C_int8/260-123288-0009_generated.wav,3.435011,0.940267,0.936987,0.27373,0.272775,1.15246,0.820697,1.891919
H2_128C_quantized_resblocks_range_2_9,260-123288-0010.wav,generated_audios/generated_H2_128C_int8/260-123288-0010_generated.wav,9.995011,0.270943,0.266807,0.027108,0.026694,1.092334,0.809192,1.710367
H2_128C_quantized_resblocks_range_2_9,260-123288-0011.wav,generated_audios/generated_H2_128C_int8/260-123288-0011_generated.wav,8.98,2.557993,2.553929,0.284854,0.284402,1.121718,0.808774,1.674253
H2_128C_quantized_resblocks_range_2_9,260-123288-0012.wav,generated_audios/generated_H2_128C_int8/260-123288-0012_generated.wav,3.545034,0.972002,0.968831,0.274187,0.273292,1.166825,0.80703,2.06398
H2_128C_quantized_resblocks_range_2_9,260-123288-0013.wav,generated_audios/generated_H2_128C_int8/260-123288-0013_generated.wav,11.385079,3.488118,3.48403,0.306376,0.306017,1.106892,0.820537,1.537812
H2_128C_quantized_resblocks_range_2_9,260-123288-0014.wav,generated_audios/generated_H2_128C_int8/260-123288-0014_generated.wav,1.805034,0.06052,0.057425,0.033528,0.031814,1.155071,0.829827,1.966661
H2_128C_quantized_resblocks_range_2_9,260-123288-0015.wav,generated_audios/generated_H2_128C_int8/260-123288-0015_generated.wav,21.185034,6.035222,6.029711,0.284881,0.284621,1.088704,0.809658,1.895817
H2_128C_quantized_resblocks_range_2_9,260-123288-0016.wav,generated_audios/generated_H2_128C_int8/260-123288-0016_generated.wav,4.865034,1.384282,1.380489,0.284537,0.283757,1.087821,0.793771,2.094189
H2_128C_quantized_resblocks_range_2_9,260-123288-0017.wav,generated_audios/generated_H2_128C_int8/260-123288-0017_generated.wav,5.225034,1.386677,1.383025,0.265391,0.264692,1.092611,0.833064,1.701979
H2_128C_quantized_resblocks_range_2_9,260-123288-0018.wav,generated_audios/generated_H2_128C_int8/260-123288-0018_generated.wav,3.245034,0.884541,0.881771,0.272583,0.271729,1.168134,0.806586,1.521253
H2_128C_quantized_resblocks_range_2_9,260-123288-0019.wav,generated_audios/generated_H2_128C_int8/260-123288-0019_generated.wav,2.955011,0.087395,0.084196,0.029575,0.028493,1.084314,0.807164,2.174619
H2_128C_quantized_resblocks_range_2_9,260-123288-0020.wav,generated_audios/generated_H2_128C_int8/260-123288-0020_generated.wav,2.9,0.789544,0.78627,0.272257,0.271128,1.129232,0.837333,1.882294
H2_128C_quantized_resblocks_range_2_9,260-123288-0021.wav,generated_audios/generated_H2_128C_int8/260-123288-0021_generated.wav,2.710023,0.076462,0.073302,0.028214,0.027049,1.152399,0.803238,1.906863
H2_128C_quantized_resblocks_range_2_9,260-123288-0022.wav,generated_audios/generated_H2_128C_int8/260-123288-0022_generated.wav,3.705034,1.020364,1.017286,0.275399,0.274569,1.077511,0.771381,1.987846
H2_128C_quantized_resblocks_range_2_9,260-123288-0023.wav,generated_audios/generated_H2_128C_int8/260-123288-0023_generated.wav,2.385034,0.076139,0.072618,0.031923,0.030447,1.098918,0.76808,2.456165
H2_128C_quantized_resblocks_range_2_9,260-123288-0024.wav,generated_audios/generated_H2_128C_int8/260-123288-0024_generated.wav,14.595011,4.18513,4.181816,0.286751,0.286524,1.105105,0.816088,1.587863
H2_128C_quantized_resblocks_range_2_9,260-123288-0025.wav,generated_audios/generated_H2_128C_int8/260-123288-0025_generated.wav,13.445034,3.909774,3.905233,0.290797,0.290459,1.137812,0.824856,1.7144
H2_128C_quantized_resblocks_range_2_9,260-123288-0026.wav,generated_audios/generated_H2_128C_int8/260-123288-0026_generated.wav,16.04,4.886746,4.88226,0.30466,0.30438,1.105048,0.816202,1.612499
H2_128C_quantized_resblocks_range_2_9,260-123288-0027.wav,generated_audios/generated_H2_128C_int8/260-123288-0027_generated.wav,6.305034,1.688334,1.684456,0.267775,0.267161,1.132838,0.828112,1.745791
H2_128C_quantized_resblocks_range_2_9,260-123288-0028.wav,generated_audios/generated_H2_128C_int8/260-123288-0028_generated.wav,2.610023,0.723007,0.719705,0.277012,0.275746,1.113065,0.835926,2.087142
H2_128C_quantized_resblocks_range_2_9,260-123440-0000.wav,generated_audios/generated_H2_128C_int8/260-123440-0000_generated.wav,2.165034,0.564097,0.560816,0.260549,0.259033,1.064488,0.790729,1.729376
H2_128C_quantized_resblocks_range_2_9,260-123440-0001.wav,generated_audios/generated_H2_128C_int8/260-123440-0001_generated.wav,1.74,0.445179,0.442018,0.25585,0.254033,1.116435,0.817093,2.687145
H2_128C_quantized_resblocks_range_2_9,260-123440-0002.wav,generated_audios/generated_H2_128C_int8/260-123440-0002_generated.wav,14.715011,4.537585,4.532716,0.308364,0.308033,1.116559,0.815849,1.685563
H2_128C_quantized_resblocks_range_2_9,260-123440-0003.wav,generated_audios/generated_H2_128C_int8/260-123440-0003_generated.wav,3.585034,1.024658,1.021329,0.285815,0.284887,1.134567,0.829605,1.600088
H2_128C_quantized_resblocks_range_2_9,260-123440-0004.wav,generated_audios/generated_H2_128C_int8/260-123440-0004_generated.wav,12.02,3.491776,3.487434,0.290497,0.290136,1.105781,0.817931,1.724498
H2_128C_quantized_resblocks_range_2_9,260-123440-0005.wav,generated_audios/generated_H2_128C_int8/260-123440-0005_generated.wav,3.105034,0.088963,0.085471,0.028651,0.027526,1.10565,0.816137,1.513581
H2_128C_quantized_resblocks_range_2_9,260-123440-0006.wav,generated_audios/generated_H2_128C_int8/260-123440-0006_generated.wav,2.715011,0.067172,0.063966,0.024741,0.02356,1.104142,0.809019,1.551325
H2_128C_quantized_resblocks_range_2_9,260-123440-0007.wav,generated_audios/generated_H2_128C_int8/260-123440-0007_generated.wav,3.385034,0.959807,0.95648,0.283544,0.282562,1.087812,0.798474,1.790436
H2_128C_quantized_resblocks_range_2_9,260-123440-0008.wav,generated_audios/generated_H2_128C_int8/260-123440-0008_generated.wav,3.745034,1.063295,1.059864,0.283921,0.283005,1.095032,0.804997,1.572627
H2_128C_quantized_resblocks_range_2_9,260-123440-0009.wav,generated_audios/generated_H2_128C_int8/260-123440-0009_generated.wav,3.115011,0.88573,0.882433,0.284342,0.283284,1.117134,0.85556,1.86397
H2_128C_quantized_resblocks_range_2_9,260-123440-0010.wav,generated_audios/generated_H2_128C_int8/260-123440-0010_generated.wav,8.315011,2.414331,2.410546,0.290358,0.289903,1.109584,0.78536,1.407609
H2_128C_quantized_resblocks_range_2_9,260-123440-0011.wav,generated_audios/generated_H2_128C_int8/260-123440-0011_generated.wav,4.870023,0.1072,0.103333,0.022012,0.021218,1.106316,0.837875,1.572719
H2_128C_quantized_resblocks_range_2_9,260-123440-0012.wav,generated_audios/generated_H2_128C_int8/260-123440-0012_generated.wav,5.245034,1.533703,1.529773,0.292411,0.291661,1.109371,0.829692,1.615908
H2_128C_quantized_resblocks_range_2_9,260-123440-0013.wav,generated_audios/generated_H2_128C_int8/260-123440-0013_generated.wav,3.475011,0.983382,0.9799,0.282987,0.281985,1.136996,0.813231,1.717003
H2_128C_quantized_resblocks_range_2_9,260-123440-0014.wav,generated_audios/generated_H2_128C_int8/260-123440-0014_generated.wav,3.815011,1.094591,1.092565,0.286917,0.286386,1.15762,0.853497,1.726744
H2_128C_quantized_resblocks_range_2_9,260-123440-0015.wav,generated_audios/generated_H2_128C_int8/260-123440-0015_generated.wav,6.2,0.183335,0.179615,0.02957,0.02897,1.134854,0.836479,1.353482
H2_128C_quantized_resblocks_range_2_9,260-123440-0016.wav,generated_audios/generated_H2_128C_int8/260-123440-0016_generated.wav,4.895011,1.425731,1.422286,0.291262,0.290558,1.127455,0.854237,1.385966
H2_128C_quantized_resblocks_range_2_9,260-123440-0017.wav,generated_audios/generated_H2_128C_int8/260-123440-0017_generated.wav,3.070023,0.093935,0.090472,0.030598,0.029469,1.089899,0.803673,1.587957
H2_128C_quantized_resblocks_range_2_9,260-123440-0018.wav,generated_audios/generated_H2_128C_int8/260-123440-0018_generated.wav,3.64,1.076231,1.072859,0.295668,0.294742,1.123795,0.843548,1.788687
H2_128C_quantized_resblocks_range_2_9,260-123440-0019.wav,generated_audios/generated_H2_128C_int8/260-123440-0019_generated.wav,6.630023,1.957159,1.953452,0.295196,0.294637,1.109234,0.805406,1.482409
H2_128C_quantized_resblocks_range_2_9,260-123440-0020.wav,generated_audios/generated_H2_128C_int8/260-123440-0020_generated.wav,4.995011,1.437206,1.433779,0.287728,0.287042,1.098784,0.81619,1.675896
H2_128C_quantized_resblocks_range_2_9,61-70968-0000.wav,generated_audios/generated_H2_128C_int8/61-70968-0000_generated.wav,4.905034,1.425537,1.422053,0.290627,0.289917,1.069147,0.831404,1.353154
H2_128C_quantized_resblocks_range_2_9,61-70968-0001.wav,generated_audios/generated_H2_128C_int8/61-70968-0001_generated.wav,3.610023,1.035991,1.033909,0.286976,0.2864,1.076222,0.794795,1.319551
H2_128C_quantized_resblocks_range_2_9,61-70968-0002.wav,generated_audios/generated_H2_128C_int8/61-70968-0002_generated.wav,2.970023,0.832819,0.829633,0.280408,0.279336,1.1123,0.779598,1.309672
H2_128C_quantized_resblocks_range_2_9,61-70968-0003.wav,generated_audios/generated_H2_128C_int8/61-70968-0003_generated.wav,4.315011,0.117774,0.114317,0.027294,0.026493,1.127581,0.820374,1.321534
H2_128C_quantized_resblocks_range_2_9,61-70968-0004.wav,generated_audios/generated_H2_128C_int8/61-70968-0004_generated.wav,3.885034,1.105481,1.102077,0.284548,0.283672,1.121593,0.839146,1.301849
H2_128C_quantized_resblocks_range_2_9,61-70968-0005.wav,generated_audios/generated_H2_128C_int8/61-70968-0005_generated.wav,5.070023,0.132923,0.129378,0.026217,0.025518,1.057688,0.75194,1.365525
H2_128C_quantized_resblocks_range_2_9,61-70968-0006.wav,generated_audios/generated_H2_128C_int8/61-70968-0006_generated.wav,2.935011,0.789023,0.785553,0.268831,0.267649,1.120518,0.832075,1.32155
H2_128C_quantized_resblocks_range_2_9,61-70968-0007.wav,generated_audios/generated_H2_128C_int8/61-70968-0007_generated.wav,3.550023,0.100356,0.096999,0.028269,0.027324,1.061969,0.670644,1.348754
H2_128C_quantized_resblocks_range_2_9,61-70968-0008.wav,generated_audios/generated_H2_128C_int8/61-70968-0008_generated.wav,3.535011,0.098872,0.096829,0.027969,0.027391,1.063617,0.798747,1.254948
H2_128C_quantized_resblocks_range_2_9,61-70968-0009.wav,generated_audios/generated_H2_128C_int8/61-70968-0009_generated.wav,4.510023,1.300272,1.296769,0.288307,0.287531,1.098558,0.758641,1.458543
H2_128C_quantized_resblocks_range_2_9,61-70968-0010.wav,generated_audios/generated_H2_128C_int8/61-70968-0010_generated.wav,8.295011,2.273284,2.269672,0.274054,0.273619,1.092807,0.794133,1.350427
H2_128C_quantized_resblocks_range_2_9,61-70968-0011.wav,generated_audios/generated_H2_128C_int8/61-70968-0011_generated.wav,6.375011,1.744877,1.740931,0.273706,0.273087,1.106318,0.805442,1.282365
H2_128C_quantized_resblocks_range_2_9,61-70968-0012.wav,generated_audios/generated_H2_128C_int8/61-70968-0012_generated.wav,2.610023,0.07719,0.073864,0.029575,0.0283,1.232438,0.901576,1.151094
H2_128C_quantized_resblocks_range_2_9,61-70968-0013.wav,generated_audios/generated_H2_128C_int8/61-70968-0013_generated.wav,4.450023,0.118019,0.114251,0.026521,0.025674,1.150026,0.808784,1.301913
H2_128C_quantized_resblocks_range_2_9,61-70968-0014.wav,generated_audios/generated_H2_128C_int8/61-70968-0014_generated.wav,7.485034,2.179984,2.176253,0.291246,0.290747,1.105629,0.822251,1.359776
H2_128C_quantized_resblocks_range_2_9,61-70968-0015.wav,generated_audios/generated_H2_128C_int8/61-70968-0015_generated.wav,5.375011,1.476923,1.474272,0.274776,0.274283,1.140947,0.840403,1.298802
H2_128C_quantized_resblocks_range_2_9,61-70968-0016.wav,generated_audios/generated_H2_128C_int8/61-70968-0016_generated.wav,3.72,1.079345,1.075853,0.290147,0.289208,1.162304,0.853857,1.198176
H2_128C_quantized_resblocks_range_2_9,61-70968-0017.wav,generated_audios/generated_H2_128C_int8/61-70968-0017_generated.wav,5.110023,1.503326,1.499678,0.294192,0.293478,1.125855,0.822975,1.279704
H2_128C_quantized_resblocks_range_2_9,61-70968-0018.wav,generated_audios/generated_H2_128C_int8/61-70968-0018_generated.wav,2.405034,0.684455,0.681214,0.284593,0.283245,1.11954,0.864356,1.321571
H2_128C_quantized_resblocks_range_2_9,61-70968-0019.wav,generated_audios/generated_H2_128C_int8/61-70968-0019_generated.wav,5.475011,1.532661,1.529302,0.279937,0.279324,1.106635,0.826789,1.317752
H2_128C_quantized_resblocks_range_2_9,61-70968-0020.wav,generated_audios/generated_H2_128C_int8/61-70968-0020_generated.wav,5.105034,1.518227,1.514478,0.297398,0.296664,1.188433,0.820046,1.102147
H2_128C_quantized_resblocks_range_2_9,61-70968-0021.wav,generated_audios/generated_H2_128C_int8/61-70968-0021_generated.wav,2.690023,0.724275,0.721028,0.269245,0.268038,1.142108,0.816846,1.249818
H2_128C_quantized_resblocks_range_2_9,61-70968-0022.wav,generated_audios/generated_H2_128C_int8/61-70968-0022_generated.wav,4.670023,0.143079,0.139655,0.030638,0.029904,1.064302,0.768681,1.389305
H2_128C_quantized_resblocks_range_2_9,61-70968-0023.wav,generated_audios/generated_H2_128C_int8/61-70968-0023_generated.wav,5.025034,0.138071,0.134436,0.027477,0.026753,1.197197,0.851184,1.174906
H2_128C_quantized_resblocks_range_2_9,61-70968-0024.wav,generated_audios/generated_H2_128C_int8/61-70968-0024_generated.wav,6.025034,1.774485,1.770946,0.294519,0.293931,1.159773,0.811965,1.156179
H2_128C_quantized_resblocks_range_2_9,61-70968-0025.wav,generated_audios/generated_H2_128C_int8/61-70968-0025_generated.wav,4.410023,0.117193,0.113756,0.026574,0.025795,1.166308,0.834908,1.189208
H2_128C_quantized_resblocks_range_2_9,61-70968-0026.wav,generated_audios/generated_H2_128C_int8/61-70968-0026_generated.wav,4.92,1.368588,1.366016,0.278168,0.277646,1.148463,0.85144,1.251959
H2_128C_quantized_resblocks_range_2_9,61-70968-0027.wav,generated_audios/generated_H2_128C_int8/61-70968-0027_generated.wav,6.870023,1.931686,1.927883,0.281176,0.280622,1.133303,0.826476,1.273271
H2_128C_quantized_resblocks_range_2_9,61-70968-0028.wav,generated_audios/generated_H2_128C_int8/61-70968-0028_generated.wav,5.355011,1.605417,1.601368,0.299797,0.299041,1.141045,0.849338,1.25156
H2_128C_quantized_resblocks_range_2_9,61-70968-0029.wav,generated_audios/generated_H2_128C_int8/61-70968-0029_generated.wav,3.495011,1.023132,1.01906,0.292741,0.291576,1.130399,0.813201,1.271716
H2_128C_quantized_resblocks_range_2_9,61-70968-0030.wav,generated_audios/generated_H2_128C_int8/61-70968-0030_generated.wav,5.685034,1.606341,1.602661,0.282556,0.281909,1.119336,0.834918,1.204857
H2_128C_quantized_resblocks_range_2_9,61-70968-0031.wav,generated_audios/generated_H2_128C_int8/61-70968-0031_generated.wav,2.925034,0.864017,0.860743,0.295387,0.294268,1.071411,0.789482,1.308889
H2_128C_quantized_resblocks_range_2_9,61-70968-0032.wav,generated_audios/generated_H2_128C_int8/61-70968-0032_generated.wav,4.28,0.111966,0.109041,0.02616,0.025477,1.178271,0.820639,1.29528
H2_128C_quantized_resblocks_range_2_9,61-70968-0033.wav,generated_audios/generated_H2_128C_int8/61-70968-0033_generated.wav,5.685034,0.127367,0.123784,0.022404,0.021774,1.141443,0.85979,1.281432
H2_128C_quantized_resblocks_range_2_9,61-70968-0034.wav,generated_audios/generated_H2_128C_int8/61-70968-0034_generated.wav,4.230023,1.252273,1.248797,0.296044,0.295222,1.143499,0.860583,1.156522
H2_128C_quantized_resblocks_range_2_9,61-70968-0035.wav,generated_audios/generated_H2_128C_int8/61-70968-0035_generated.wav,7.950023,2.240272,2.236626,0.281794,0.281336,1.109708,0.818474,1.246242
H2_128C_quantized_resblocks_range_2_9,61-70968-0036.wav,generated_audios/generated_H2_128C_int8/61-70968-0036_generated.wav,2.934966,0.08808,0.084755,0.03001,0.028878,1.132241,0.849159,1.22013
H2_128C_quantized_resblocks_range_2_9,61-70968-0037.wav,generated_audios/generated_H2_128C_int8/61-70968-0037_generated.wav,4.315011,0.11665,0.113232,0.027033,0.026241,1.074805,0.756753,1.392248
H2_128C_quantized_resblocks_range_2_9,61-70968-0038.wav,generated_audios/generated_H2_128C_int8/61-70968-0038_generated.wav,2.050023,0.56907,0.56593,0.277592,0.27606,1.172126,0.716014,1.543334
H2_128C_quantized_resblocks_range_2_9,61-70968-0039.wav,generated_audios/generated_H2_128C_int8/61-70968-0039_generated.wav,3.805034,1.072959,1.069425,0.281984,0.281055,1.122794,0.816134,1.370814
H2_128C_quantized_resblocks_range_2_9,61-70968-0040.wav,generated_audios/generated_H2_128C_int8/61-70968-0040_generated.wav,3.950023,1.170358,1.16689,0.296292,0.295413,1.124558,0.825034,1.326849
H2_128C_quantized_resblocks_range_2_9,61-70968-0041.wav,generated_audios/generated_H2_128C_int8/61-70968-0041_generated.wav,6.825034,0.181709,0.177805,0.026624,0.026052,1.130447,0.809519,1.307816
H2_128C_quantized_resblocks_range_2_9,61-70968-0042.wav,generated_audios/generated_H2_128C_int8/61-70968-0042_generated.wav,2.785034,0.083824,0.080556,0.030098,0.028924,1.107802,0.794911,1.308593
H2_128C_quantized_resblocks_range_2_9,61-70968-0043.wav,generated_audios/generated_H2_128C_int8/61-70968-0043_generated.wav,6.735011,2.003687,2.000007,0.297503,0.296957,1.092854,0.769828,1.295555
H2_128C_quantized_resblocks_range_2_9,61-70968-0044.wav,generated_audios/generated_H2_128C_int8/61-70968-0044_generated.wav,2.770023,0.080692,0.077453,0.029131,0.027961,1.082447,0.788286,1.341738
H2_128C_quantized_resblocks_range_2_9,61-70968-0045.wav,generated_audios/generated_H2_128C_int8/61-70968-0045_generated.wav,3.475011,0.094641,0.091398,0.027235,0.026302,1.094073,0.783931,1.328743
H2_128C_quantized_resblocks_range_2_9,61-70968-0046.wav,generated_audios/generated_H2_128C_int8/61-70968-0046_generated.wav,3.550023,0.112677,0.094966,0.03174,0.026751,1.109911,0.824061,1.347837
H2_128C_quantized_resblocks_range_2_9,61-70968-0047.wav,generated_audios/generated_H2_128C_int8/61-70968-0047_generated.wav,4.775011,1.345259,1.341825,0.281729,0.28101,1.13023,0.821454,1.272278
H2_128C_quantized_resblocks_range_2_9,61-70968-0048.wav,generated_audios/generated_H2_128C_int8/61-70968-0048_generated.wav,3.02,0.878802,0.875727,0.290994,0.289976,1.092776,0.774126,1.464452
H2_128C_quantized_resblocks_range_2_9,61-70968-0049.wav,generated_audios/generated_H2_128C_int8/61-70968-0049_generated.wav,8.250023,2.473307,2.469703,0.299794,0.299357,1.103053,0.792496,1.342358
H2_128C_quantized_resblocks_range_2_9,61-70968-0050.wav,generated_audios/generated_H2_128C_int8/61-70968-0050_generated.wav,5.58,1.573625,1.570286,0.282012,0.281413,1.103797,0.788319,1.388171
H2_128C_quantized_resblocks_range_2_9,61-70968-0051.wav,generated_audios/generated_H2_128C_int8/61-70968-0051_generated.wav,3.135011,0.880555,0.877325,0.280878,0.279847,1.123792,0.825783,1.346697
H2_128C_quantized_resblocks_range_2_9,61-70968-0052.wav,generated_audios/generated_H2_128C_int8/61-70968-0052_generated.wav,2.650023,0.734857,0.732947,0.277302,0.276582,1.197005,0.821528,1.172548
H2_128C_quantized_resblocks_range_2_9,61-70968-0053.wav,generated_audios/generated_H2_128C_int8/61-70968-0053_generated.wav,4.22,0.128978,0.125761,0.030564,0.029801,1.100595,0.782813,1.424823
H2_128C_quantized_resblocks_range_2_9,61-70968-0054.wav,generated_audios/generated_H2_128C_int8/61-70968-0054_generated.wav,7.86,2.338938,2.334957,0.297575,0.297068,1.109081,0.821039,1.273044
H2_128C_quantized_resblocks_range_2_9,61-70968-0055.wav,generated_audios/generated_H2_128C_int8/61-70968-0055_generated.wav,3.965034,0.106052,0.102593,0.026747,0.025874,1.149432,0.802274,1.312799
H2_128C_quantized_resblocks_range_2_9,61-70968-0056.wav,generated_audios/generated_H2_128C_int8/61-70968-0056_generated.wav,3.565034,1.056268,1.052887,0.296286,0.295337,1.14703,0.848751,1.288577
H2_128C_quantized_resblocks_range_2_9,61-70968-0057.wav,generated_audios/generated_H2_128C_int8/61-70968-0057_generated.wav,5.065034,0.126886,0.123427,0.025051,0.024368,1.077496,0.780985,1.319075
H2_128C_quantized_resblocks_range_2_9,61-70968-0058.wav,generated_audios/generated_H2_128C_int8/61-70968-0058_generated.wav,1.82,0.470873,0.467747,0.258721,0.257004,1.071488,0.761887,1.394249
H2_128C_quantized_resblocks_range_2_9,61-70968-0059.wav,generated_audios/generated_H2_128C_int8/61-70968-0059_generated.wav,2.170023,0.065888,0.063218,0.030363,0.029132,1.130702,0.832638,1.424915
H2_128C_quantized_resblocks_range_2_9,61-70968-0060.wav,generated_audios/generated_H2_128C_int8/61-70968-0060_generated.wav,3.735011,0.115762,0.11275,0.030994,0.030187,1.249398,0.844722,1.126094
H2_128C_quantized_resblocks_range_2_9,61-70968-0061.wav,generated_audios/generated_H2_128C_int8/61-70968-0061_generated.wav,5.530023,1.63757,1.634492,0.296124,0.295567,1.050368,0.758807,1.610393
H2_128C_quantized_resblocks_range_2_9,61-70968-0062.wav,generated_audios/generated_H2_128C_int8/61-70968-0062_generated.wav,2.555011,0.074477,0.071414,0.02915,0.027951,1.126944,0.810754,1.291142
H2_128C_quantized_resblocks_range_2_9,61-70970-0000.wav,generated_audios/generated_H2_128C_int8/61-70970-0000_generated.wav,6.075011,1.848021,1.844991,0.3042,0.303702,1.137379,0.849237,1.221022
H2_128C_quantized_resblocks_range_2_9,61-70970-0001.wav,generated_audios/generated_H2_128C_int8/61-70970-0001_generated.wav,6.155011,1.795525,1.791593,0.291718,0.291079,1.162486,0.852446,1.251148
H2_128C_quantized_resblocks_range_2_9,61-70970-0002.wav,generated_audios/generated_H2_128C_int8/61-70970-0002_generated.wav,4.165034,1.238019,1.234647,0.297241,0.296431,1.164692,0.794925,1.392711
H2_128C_quantized_resblocks_range_2_9,61-70970-0003.wav,generated_audios/generated_H2_128C_int8/61-70970-0003_generated.wav,3.835011,1.100379,1.097842,0.28693,0.286268,1.194585,0.802446,1.188367
H2_128C_quantized_resblocks_range_2_9,61-70970-0004.wav,generated_audios/generated_H2_128C_int8/61-70970-0004_generated.wav,10.515011,3.111381,3.107117,0.295899,0.295493,1.171686,0.834412,1.175411
H2_128C_quantized_resblocks_range_2_9,61-70970-0005.wav,generated_audios/generated_H2_128C_int8/61-70970-0005_generated.wav,2.02,0.56349,0.560453,0.278955,0.277452,1.227564,0.804916,1.407238
H2_128C_quantized_resblocks_range_2_9,61-70970-0006.wav,generated_audios/generated_H2_128C_int8/61-70970-0006_generated.wav,2.335011,0.698273,0.695451,0.299045,0.297836,1.110143,0.830016,1.372961
H2_128C_quantized_resblocks_range_2_9,61-70970-0007.wav,generated_audios/generated_H2_128C_int8/61-70970-0007_generated.wav,4.485034,1.38222,1.379058,0.308185,0.30748,1.152546,0.802571,1.367233
H2_128C_quantized_resblocks_range_2_9,61-70970-0008.wav,generated_audios/generated_H2_128C_int8/61-70970-0008_generated.wav,2.150023,0.657924,0.654926,0.306008,0.304614,1.21384,0.832968,1.331835
H2_128C_quantized_resblocks_range_2_9,61-70970-0009.wav,generated_audios/generated_H2_128C_int8/61-70970-0009_generated.wav,3.405034,1.07653,1.07403,0.316158,0.315424,1.202237,0.857518,1.090488
H2_128C_quantized_resblocks_range_2_9,61-70970-0010.wav,generated_audios/generated_H2_128C_int8/61-70970-0010_generated.wav,3.045034,0.092856,0.08953,0.030494,0.029402,1.166398,0.827233,1.218432
H2_128C_quantized_resblocks_range_2_9,61-70970-0011.wav,generated_audios/generated_H2_128C_int8/61-70970-0011_generated.wav,6.075011,0.133509,0.12981,0.021977,0.021368,1.128713,0.789876,1.241601
H2_128C_quantized_resblocks_range_2_9,61-70970-0012.wav,generated_audios/generated_H2_128C_int8/61-70970-0012_generated.wav,3.135011,0.073705,0.071731,0.02351,0.022881,1.164806,0.856643,1.223335
H2_128C_quantized_resblocks_range_2_9,61-70970-0013.wav,generated_audios/generated_H2_128C_int8/61-70970-0013_generated.wav,4.350023,1.331942,1.328374,0.306192,0.305372,1.127608,0.825973,1.338289
H2_128C_quantized_resblocks_range_2_9,61-70970-0014.wav,generated_audios/generated_H2_128C_int8/61-70970-0014_generated.wav,3.405034,0.08135,0.078228,0.023891,0.022974,1.183495,0.856903,1.222617
H2_128C_quantized_resblocks_range_2_9,61-70970-0015.wav,generated_audios/generated_H2_128C_int8/61-70970-0015_generated.wav,8.415011,2.579244,2.575364,0.306505,0.306044,1.110623,0.834405,1.32688
H2_128C_quantized_resblocks_range_2_9,61-70970-0016.wav,generated_audios/generated_H2_128C_int8/61-70970-0016_generated.wav,4.370023,1.348998,1.345516,0.308694,0.307897,1.129909,0.848861,1.326384
H2_128C_quantized_resblocks_range_2_9,61-70970-0017.wav,generated_audios/generated_H2_128C_int8/61-70970-0017_generated.wav,2.550023,0.074885,0.071642,0.029367,0.028095,1.073484,0.781358,1.428875
H2_128C_quantized_resblocks_range_2_9,61-70970-0018.wav,generated_audios/generated_H2_128C_int8/61-70970-0018_generated.wav,4.6,1.313355,1.309819,0.285512,0.284743,1.181841,0.805907,1.345421
H2_128C_quantized_resblocks_range_2_9,61-70970-0019.wav,generated_audios/generated_H2_128C_int8/61-70970-0019_generated.wav,3.78,1.133165,1.129775,0.299779,0.298882,1.128538,0.819883,1.360212
H2_128C_quantized_resblocks_range_2_9,61-70970-0020.wav,generated_audios/generated_H2_128C_int8/61-70970-0020_generated.wav,5.025034,0.143327,0.139904,0.028523,0.027841,1.106235,0.779642,1.467147
H2_128C_quantized_resblocks_range_2_9,61-70970-0021.wav,generated_audios/generated_H2_128C_int8/61-70970-0021_generated.wav,5.405034,1.536271,1.53316,0.28423,0.283654,1.150865,0.801637,1.27534
H2_128C_quantized_resblocks_range_2_9,61-70970-0022.wav,generated_audios/generated_H2_128C_int8/61-70970-0022_generated.wav,3.970023,0.108778,0.105619,0.0274,0.026604,1.209581,0.820069,1.284567
H2_128C_quantized_resblocks_range_2_9,61-70970-0023.wav,generated_audios/generated_H2_128C_int8/61-70970-0023_generated.wav,3.705034,0.102498,0.099653,0.027665,0.026897,1.154736,0.826651,1.178634
H2_128C_quantized_resblocks_range_2_9,61-70970-0024.wav,generated_audios/generated_H2_128C_int8/61-70970-0024_generated.wav,7.235011,2.162041,2.158641,0.29883,0.29836,1.173907,0.836899,1.262656
H2_128C_quantized_resblocks_range_2_9,61-70970-0025.wav,generated_audios/generated_H2_128C_int8/61-70970-0025_generated.wav,7.435011,2.248394,2.245087,0.302406,0.301961,1.198968,0.85312,1.222197
H2_128C_quantized_resblocks_range_2_9,61-70970-0026.wav,generated_audios/generated_H2_128C_int8/61-70970-0026_generated.wav,5.475011,0.1569,0.153603,0.028657,0.028055,1.266321,0.834691,1.149661
H2_128C_quantized_resblocks_range_2_9,61-70970-0027.wav,generated_audios/generated_H2_128C_int8/61-70970-0027_generated.wav,5.08,0.129987,0.126391,0.025588,0.02488,1.147485,0.818311,1.242603
H2_128C_quantized_resblocks_range_2_9,61-70970-0028.wav,generated_audios/generated_H2_128C_int8/61-70970-0028_generated.wav,6.550023,0.177667,0.173972,0.027125,0.026561,1.189474,0.841059,1.135628
H2_128C_quantized_resblocks_range_2_9,61-70970-0029.wav,generated_audios/generated_H2_128C_int8/61-70970-0029_generated.wav,4.030023,0.107505,0.103993,0.026676,0.025804,1.216475,0.821663,1.253779
H2_128C_quantized_resblocks_range_2_9,61-70970-0030.wav,generated_audios/generated_H2_128C_int8/61-70970-0030_generated.wav,3.24,0.09284,0.089542,0.028654,0.027636,1.15702,0.787809,1.146086
H2_128C_quantized_resblocks_range_2_9,61-70970-0031.wav,generated_audios/generated_H2_128C_int8/61-70970-0031_generated.wav,5.135011,1.528022,1.524502,0.297569,0.296884,1.108814,0.805541,1.328136
H2_128C_quantized_resblocks_range_2_9,61-70970-0032.wav,generated_audios/generated_H2_128C_int8/61-70970-0032_generated.wav,3.135011,0.076158,0.072777,0.024293,0.023214,1.075604,0.813168,1.330119
H2_128C_quantized_resblocks_range_2_9,61-70970-0033.wav,generated_audios/generated_H2_128C_int8/61-70970-0033_generated.wav,3.42,0.94827,0.945353,0.277272,0.276419,1.134451,0.862317,1.250487
H2_128C_quantized_resblocks_range_2_9,61-70970-0034.wav,generated_audios/generated_H2_128C_int8/61-70970-0034_generated.wav,4.485034,0.10716,0.103768,0.023893,0.023137,1.034225,0.7817,1.274161
H2_128C_quantized_resblocks_range_2_9,61-70970-0035.wav,generated_audios/generated_H2_128C_int8/61-70970-0035_generated.wav,7.405034,0.19107,0.187443,0.025803,0.025313,1.193015,0.828536,1.159849
H2_128C_quantized_resblocks_range_2_9,61-70970-0036.wav,generated_audios/generated_H2_128C_int8/61-70970-0036_generated.wav,6.785034,0.174536,0.170681,0.025724,0.025156,1.174637,0.819689,1.240865
H2_128C_quantized_resblocks_range_2_9,61-70970-0037.wav,generated_audios/generated_H2_128C_int8/61-70970-0037_generated.wav,5.98,1.770859,1.767351,0.29613,0.295544,1.163466,0.838914,1.251059
H2_128C_quantized_resblocks_range_2_9,61-70970-0038.wav,generated_audios/generated_H2_128C_int8/61-70970-0038_generated.wav,10.4,3.115611,3.111521,0.299578,0.299185,1.130189,0.819343,1.272005
H2_128C_quantized_resblocks_range_2_9,61-70970-0039.wav,generated_audios/generated_H2_128C_int8/61-70970-0039_generated.wav,6.665034,0.170309,0.166798,0.025553,0.025026,1.112017,0.778288,1.211408
H2_128C_quantized_resblocks_range_2_9,61-70970-0040.wav,generated_audios/generated_H2_128C_int8/61-70970-0040_generated.wav,4.165034,0.108024,0.104752,0.025936,0.02515,1.18528,0.827236,1.277974
H2_128C_quantized_resblocks_range_2_9,672-122797-0000.wav,generated_audios/generated_H2_128C_int8/672-122797-0000_generated.wav,4.070023,1.216889,1.213841,0.298988,0.298239,1.149914,0.852103,1.24887
H2_128C_quantized_resblocks_range_2_9,672-122797-0001.wav,generated_audios/generated_H2_128C_int8/672-122797-0001_generated.wav,15.130023,4.703991,4.699484,0.310904,0.310607,1.257683,0.859675,1.162218
H2_128C_quantized_resblocks_range_2_9,672-122797-0002.wav,generated_audios/generated_H2_128C_int8/672-122797-0002_generated.wav,13.62,3.861446,3.856552,0.283513,0.283154,1.162844,0.832197,1.306999
H2_128C_quantized_resblocks_range_2_9,672-122797-0003.wav,generated_audios/generated_H2_128C_int8/672-122797-0003_generated.wav,4.76,1.418197,1.415155,0.297941,0.297302,1.089518,0.757396,1.404434
H2_128C_quantized_resblocks_range_2_9,672-122797-0004.wav,generated_audios/generated_H2_128C_int8/672-122797-0004_generated.wav,10.250023,2.998052,2.993809,0.292492,0.292078,1.117534,0.759411,1.434483
H2_128C_quantized_resblocks_range_2_9,672-122797-0005.wav,generated_audios/generated_H2_128C_int8/672-122797-0005_generated.wav,3.26,0.957524,0.95537,0.293719,0.293058,1.05831,0.673991,1.537416
H2_128C_quantized_resblocks_range_2_9,672-122797-0006.wav,generated_audios/generated_H2_128C_int8/672-122797-0006_generated.wav,13.950023,4.444007,4.439544,0.318566,0.318246,1.059681,0.639927,1.554871
H2_128C_quantized_resblocks_range_2_9,672-122797-0007.wav,generated_audios/generated_H2_128C_int8/672-122797-0007_generated.wav,6.42,1.887345,1.884063,0.293979,0.293468,1.081707,0.680392,1.481881
H2_128C_quantized_resblocks_range_2_9,672-122797-0008.wav,generated_audios/generated_H2_128C_int8/672-122797-0008_generated.wav,30.810023,9.52988,9.523019,0.309311,0.309088,1.072581,0.69302,1.482292
H2_128C_quantized_resblocks_range_2_9,672-122797-0009.wav,generated_audios/generated_H2_128C_int8/672-122797-0009_generated.wav,2.765034,0.084702,0.080993,0.030633,0.029292,1.117816,0.718436,1.433207
H2_128C_quantized_resblocks_range_2_9,672-122797-0010.wav,generated_audios/generated_H2_128C_int8/672-122797-0010_generated.wav,3.815011,0.107008,0.103953,0.028049,0.027249,1.0508,0.713697,1.524283
H2_128C_quantized_resblocks_range_2_9,672-122797-0011.wav,generated_audios/generated_H2_128C_int8/672-122797-0011_generated.wav,2.54,0.779181,0.776049,0.306764,0.305531,1.066405,0.758648,1.318126
H2_128C_quantized_resblocks_range_2_9,672-122797-0012.wav,generated_audios/generated_H2_128C_int8/672-122797-0012_generated.wav,7.765034,2.402777,2.398938,0.309436,0.308941,1.06209,0.726039,1.361316
H2_128C_quantized_resblocks_range_2_9,672-122797-0013.wav,generated_audios/generated_H2_128C_int8/672-122797-0013_generated.wav,8.705034,2.704473,2.701039,0.310679,0.310285,1.094551,0.693014,1.403454
H2_128C_quantized_resblocks_range_2_9,672-122797-0014.wav,generated_audios/generated_H2_128C_int8/672-122797-0014_generated.wav,2.555011,0.076185,0.072651,0.029818,0.028435,1.098627,0.78471,1.400857
H2_128C_quantized_resblocks_range_2_9,672-122797-0015.wav,generated_audios/generated_H2_128C_int8/672-122797-0015_generated.wav,4.455011,0.116954,0.113686,0.026252,0.025519,1.070304,0.696287,1.419701
H2_128C_quantized_resblocks_range_2_9,672-122797-0016.wav,generated_audios/generated_H2_128C_int8/672-122797-0016_generated.wav,9.215011,2.775401,2.771224,0.301183,0.300729,1.077048,0.719576,1.410657
H2_128C_quantized_resblocks_range_2_9,672-122797-0017.wav,generated_audios/generated_H2_128C_int8/672-122797-0017_generated.wav,4.82,1.426338,1.42307,0.295921,0.295243,1.132846,0.768414,1.247396
H2_128C_quantized_resblocks_range_2_9,672-122797-0018.wav,generated_audios/generated_H2_128C_int8/672-122797-0018_generated.wav,4.930023,1.482004,1.478641,0.300608,0.299926,1.052518,0.712223,1.459709
H2_128C_quantized_resblocks_range_2_9,672-122797-0019.wav,generated_audios/generated_H2_128C_int8/672-122797-0019_generated.wav,4.110023,1.176066,1.172644,0.286146,0.285313,1.051,0.688989,1.596537
H2_128C_quantized_resblocks_range_2_9,672-122797-0020.wav,generated_audios/generated_H2_128C_int8/672-122797-0020_generated.wav,8.825034,2.670381,2.666607,0.302592,0.302164,1.0505,0.679641,1.546443
H2_128C_quantized_resblocks_range_2_9,672-122797-0021.wav,generated_audios/generated_H2_128C_int8/672-122797-0021_generated.wav,4.150023,0.115,0.111436,0.027711,0.026852,1.072673,0.802581,1.446734
H2_128C_quantized_resblocks_range_2_9,672-122797-0022.wav,generated_audios/generated_H2_128C_int8/672-122797-0022_generated.wav,19.004943,5.778909,5.773773,0.304074,0.303804,1.084068,0.680669,1.444534
H2_128C_quantized_resblocks_range_2_9,672-122797-0023.wav,generated_audios/generated_H2_128C_int8/672-122797-0023_generated.wav,9.695102,2.874416,2.870727,0.296481,0.296101,1.062928,0.717204,1.470845
H2_128C_quantized_resblocks_range_2_9,672-122797-0024.wav,generated_audios/generated_H2_128C_int8/672-122797-0024_generated.wav,4.130023,1.206665,1.202716,0.292169,0.291213,1.065428,0.646515,1.602697
H2_128C_quantized_resblocks_range_2_9,672-122797-0025.wav,generated_audios/generated_H2_128C_int8/672-122797-0025_generated.wav,10.690023,3.232949,3.228972,0.302427,0.302055,1.075197,0.768225,1.388436
H2_128C_quantized_resblocks_range_2_9,672-122797-0026.wav,generated_audios/generated_H2_128C_int8/672-122797-0026_generated.wav,13.96,4.251091,4.246785,0.304519,0.304211,1.047594,0.673304,1.495308
H2_128C_quantized_resblocks_range_2_9,672-122797-0027.wav,generated_audios/generated_H2_128C_int8/672-122797-0027_generated.wav,4.790023,0.126122,0.12386,0.02633,0.025858,1.072365,0.643937,1.538967
H2_128C_quantized_resblocks_range_2_9,672-122797-0028.wav,generated_audios/generated_H2_128C_int8/672-122797-0028_generated.wav,2.610023,0.078858,0.075681,0.030214,0.028996,1.071876,0.763264,1.428857
H2_128C_quantized_resblocks_range_2_9,672-122797-0029.wav,generated_audios/generated_H2_128C_int8/672-122797-0029_generated.wav,3.050023,0.084685,0.080991,0.027765,0.026554,1.253389,0.809534,1.341074
H2_128C_quantized_resblocks_range_2_9,672-122797-0030.wav,generated_audios/generated_H2_128C_int8/672-122797-0030_generated.wav,4.575011,1.350704,1.348352,0.295235,0.294721,1.079792,0.78386,1.402077
H2_128C_quantized_resblocks_range_2_9,672-122797-0031.wav,generated_audios/generated_H2_128C_int8/672-122797-0031_generated.wav,3.98,0.110905,0.107655,0.027865,0.027049,1.190625,0.735943,1.397753
H2_128C_quantized_resblocks_range_2_9,672-122797-0032.wav,generated_audios/generated_H2_128C_int8/672-122797-0032_generated.wav,4.0,0.111008,0.107651,0.027752,0.026913,1.077714,0.668162,1.460399
H2_128C_quantized_resblocks_range_2_9,672-122797-0033.wav,generated_audios/generated_H2_128C_int8/672-122797-0033_generated.wav,1.285034,0.33947,0.336383,0.264172,0.261769,1.076216,0.727677,1.398452
H2_128C_quantized_resblocks_range_2_9,672-122797-0034.wav,generated_audios/generated_H2_128C_int8/672-122797-0034_generated.wav,5.110023,0.130326,0.127168,0.025504,0.024886,1.06802,0.79291,1.443374
H2_128C_quantized_resblocks_range_2_9,672-122797-0035.wav,generated_audios/generated_H2_128C_int8/672-122797-0035_generated.wav,2.9,0.081611,0.079677,0.028142,0.027475,1.357179,0.873335,1.222471
H2_128C_quantized_resblocks_range_2_9,672-122797-0036.wav,generated_audios/generated_H2_128C_int8/672-122797-0036_generated.wav,5.365034,0.141316,0.137771,0.02634,0.025679,1.091879,0.715995,1.185162
H2_128C_quantized_resblocks_range_2_9,672-122797-0037.wav,generated_audios/generated_H2_128C_int8/672-122797-0037_generated.wav,1.96,0.55117,0.548057,0.281209,0.279621,1.073273,0.725381,1.302455
H2_128C_quantized_resblocks_range_2_9,672-122797-0038.wav,generated_audios/generated_H2_128C_int8/672-122797-0038_generated.wav,8.8,2.680719,2.676805,0.304627,0.304182,1.086973,0.721325,1.427449
H2_128C_quantized_resblocks_range_2_9,672-122797-0039.wav,generated_audios/generated_H2_128C_int8/672-122797-0039_generated.wav,4.025034,1.199878,1.196563,0.298104,0.29728,1.175444,0.753379,1.420441
H2_128C_quantized_resblocks_range_2_9,672-122797-0040.wav,generated_audios/generated_H2_128C_int8/672-122797-0040_generated.wav,5.125034,0.135561,0.132053,0.026451,0.025766,1.111189,0.72837,1.466628
H2_128C_quantized_resblocks_range_2_9,672-122797-0041.wav,generated_audios/generated_H2_128C_int8/672-122797-0041_generated.wav,3.88,0.103484,0.100182,0.026671,0.02582,1.068656,0.734241,1.533881
H2_128C_quantized_resblocks_range_2_9,672-122797-0042.wav,generated_audios/generated_H2_128C_int8/672-122797-0042_generated.wav,15.310023,4.694593,4.690126,0.306635,0.306344,1.132178,0.58147,1.514357
H2_128C_quantized_resblocks_range_2_9,672-122797-0043.wav,generated_audios/generated_H2_128C_int8/672-122797-0043_generated.wav,3.78,0.102623,0.099108,0.027149,0.026219,1.066436,0.6497,1.467358
H2_128C_quantized_resblocks_range_2_9,672-122797-0044.wav,generated_audios/generated_H2_128C_int8/672-122797-0044_generated.wav,3.74,0.099723,0.096599,0.026664,0.025829,1.093937,0.668493,1.519648
H2_128C_quantized_resblocks_range_2_9,672-122797-0045.wav,generated_audios/generated_H2_128C_int8/672-122797-0045_generated.wav,13.96,0.307923,0.303325,0.022058,0.021728,1.091041,0.787706,1.379859
H2_128C_quantized_resblocks_range_2_9,672-122797-0046.wav,generated_audios/generated_H2_128C_int8/672-122797-0046_generated.wav,4.715011,1.393719,1.390244,0.295592,0.294855,1.083434,0.73502,1.489456
H2_128C_quantized_resblocks_range_2_9,672-122797-0047.wav,generated_audios/generated_H2_128C_int8/672-122797-0047_generated.wav,3.325034,0.981579,0.978146,0.295209,0.294176,1.291664,0.740705,1.210933
H2_128C_quantized_resblocks_range_2_9,672-122797-0048.wav,generated_audios/generated_H2_128C_int8/672-122797-0048_generated.wav,6.555011,0.177759,0.174487,0.027118,0.026619,1.059744,0.623454,1.508357
H2_128C_quantized_resblocks_range_2_9,672-122797-0049.wav,generated_audios/generated_H2_128C_int8/672-122797-0049_generated.wav,2.02,0.064699,0.061464,0.032029,0.030428,1.24413,0.669177,1.41955
H2_128C_quantized_resblocks_range_2_9,672-122797-0050.wav,generated_audios/generated_H2_128C_int8/672-122797-0050_generated.wav,4.855011,1.450037,1.446942,0.298668,0.298031,1.068243,0.735145,1.379909
H2_128C_quantized_resblocks_range_2_9,672-122797-0051.wav,generated_audios/generated_H2_128C_int8/672-122797-0051_generated.wav,4.665034,1.425001,1.422615,0.305464,0.304953,1.083898,0.682288,1.421749
H2_128C_quantized_resblocks_range_2_9,672-122797-0052.wav,generated_audios/generated_H2_128C_int8/672-122797-0052_generated.wav,4.285034,1.239932,1.236085,0.289363,0.288466,1.074416,0.755389,1.355627
H2_128C_quantized_resblocks_range_2_9,672-122797-0053.wav,generated_audios/generated_H2_128C_int8/672-122797-0053_generated.wav,2.955011,0.085819,0.08229,0.029042,0.027848,1.051771,0.66652,1.488386
H2_128C_quantized_resblocks_range_2_9,672-122797-0054.wav,generated_audios/generated_H2_128C_int8/672-122797-0054_generated.wav,4.250023,0.129131,0.12567,0.030384,0.029569,1.140321,0.692764,1.32976
H2_128C_quantized_resblocks_range_2_9,672-122797-0055.wav,generated_audios/generated_H2_128C_int8/672-122797-0055_generated.wav,8.230023,2.358649,2.354698,0.286591,0.286111,1.082526,0.708218,1.427596
H2_128C_quantized_resblocks_range_2_9,672-122797-0056.wav,generated_audios/generated_H2_128C_int8/672-122797-0056_generated.wav,5.225034,0.142591,0.139254,0.02729,0.026651,1.065998,0.727332,1.42964
H2_128C_quantized_resblocks_range_2_9,672-122797-0057.wav,generated_audios/generated_H2_128C_int8/672-122797-0057_generated.wav,6.56,0.177234,0.173516,0.027017,0.026451,1.093465,0.672317,1.428021
H2_128C_quantized_resblocks_range_2_9,672-122797-0058.wav,generated_audios/generated_H2_128C_int8/672-122797-0058_generated.wav,4.470023,1.340515,1.337036,0.29989,0.299112,1.048206,0.640711,1.593536
H2_128C_quantized_resblocks_range_2_9,672-122797-0059.wav,generated_audios/generated_H2_128C_int8/672-122797-0059_generated.wav,3.52,1.028529,1.025189,0.292196,0.291247,1.097597,0.736486,1.517817
H2_128C_quantized_resblocks_range_2_9,672-122797-0060.wav,generated_audios/generated_H2_128C_int8/672-122797-0060_generated.wav,3.350023,0.100544,0.097252,0.030013,0.02903,1.115363,0.8527,1.400766
H2_128C_quantized_resblocks_range_2_9,672-122797-0061.wav,generated_audios/generated_H2_128C_int8/672-122797-0061_generated.wav,7.590023,2.358573,2.354913,0.310746,0.310264,1.613062,0.877391,0.739411
H2_128C_quantized_resblocks_range_2_9,672-122797-0062.wav,generated_audios/generated_H2_128C_int8/672-122797-0062_generated.wav,2.675011,0.820224,0.817436,0.306624,0.305582,1.71444,0.694963,0.92837
H2_128C_quantized_resblocks_range_2_9,672-122797-0063.wav,generated_audios/generated_H2_128C_int8/672-122797-0063_generated.wav,5.075011,0.12855,0.125382,0.02533,0.024706,1.728255,0.873202,0.825971
H2_128C_quantized_resblocks_range_2_9,672-122797-0064.wav,generated_audios/generated_H2_128C_int8/672-122797-0064_generated.wav,15.270023,4.656726,4.651962,0.304959,0.304647,1.694769,0.818977,0.722813
H2_128C_quantized_resblocks_range_2_9,672-122797-0065.wav,generated_audios/generated_H2_128C_int8/672-122797-0065_generated.wav,3.030023,0.091983,0.08859,0.030357,0.029238,1.590264,0.817749,0.847187
H2_128C_quantized_resblocks_range_2_9,672-122797-0066.wav,generated_audios/generated_H2_128C_int8/672-122797-0066_generated.wav,4.815011,0.131104,0.127794,0.027228,0.026541,1.752749,0.925686,0.718231
H2_128C_quantized_resblocks_range_2_9,672-122797-0067.wav,generated_audios/generated_H2_128C_int8/672-122797-0067_generated.wav,13.035011,3.786054,3.781712,0.290453,0.29012,1.767265,0.888324,0.725871
H2_128C_quantized_resblocks_range_2_9,672-122797-0068.wav,generated_audios/generated_H2_128C_int8/672-122797-0068_generated.wav,4.02,0.106567,0.103266,0.026509,0.025688,1.580485,0.803294,0.833187
H2_128C_quantized_resblocks_range_2_9,672-122797-0069.wav,generated_audios/generated_H2_128C_int8/672-122797-0069_generated.wav,5.010023,1.555972,1.552382,0.310572,0.309855,1.636611,0.762545,0.836129
H2_128C_quantized_resblocks_range_2_9,672-122797-0070.wav,generated_audios/generated_H2_128C_int8/672-122797-0070_generated.wav,6.270023,1.793759,1.789916,0.286085,0.285472,1.640742,0.895375,0.742705
H2_128C_quantized_resblocks_range_2_9,672-122797-0071.wav,generated_audios/generated_H2_128C_int8/672-122797-0071_generated.wav,8.875011,2.731516,2.727566,0.307776,0.307331,1.76707,0.919415,0.70307
H2_128C_quantized_resblocks_range_2_9,672-122797-0072.wav,generated_audios/generated_H2_128C_int8/672-122797-0072_generated.wav,7.94,2.477309,2.473353,0.312004,0.311505,1.823482,0.826707,0.810916
H2_128C_quantized_resblocks_range_2_9,672-122797-0073.wav,generated_audios/generated_H2_128C_int8/672-122797-0073_generated.wav,8.205034,2.514923,2.511253,0.30651,0.306063,1.680001,0.886655,0.7618
H2_128C_quantized_resblocks_range_2_9,672-122797-0074.wav,generated_audios/generated_H2_128C_int8/672-122797-0074_generated.wav,8.730023,2.690523,2.68659,0.308192,0.307742,1.830452,0.672111,0.914983
H2_128C_quantized_resblocks_range_2_9,908-157963-0000.wav,generated_audios/generated_H2_128C_int8/908-157963-0000_generated.wav,12.62,3.649415,3.645245,0.289177,0.288847,1.725544,0.882633,0.77991
H2_128C_quantized_resblocks_range_2_9,908-157963-0001.wav,generated_audios/generated_H2_128C_int8/908-157963-0001_generated.wav,2.885034,0.862201,0.858913,0.298853,0.297713,1.749075,0.929514,0.786344
H2_128C_quantized_resblocks_range_2_9,908-157963-0002.wav,generated_audios/generated_H2_128C_int8/908-157963-0002_generated.wav,2.755011,0.824268,0.820765,0.299189,0.297917,1.739723,0.91905,0.778128
H2_128C_quantized_resblocks_range_2_9,908-157963-0003.wav,generated_audios/generated_H2_128C_int8/908-157963-0003_generated.wav,3.08,0.917288,0.914142,0.297821,0.296799,1.534167,0.920607,0.690346
H2_128C_quantized_resblocks_range_2_9,908-157963-0004.wav,generated_audios/generated_H2_128C_int8/908-157963-0004_generated.wav,13.990023,4.217781,4.214018,0.301485,0.301216,1.714786,0.884003,0.750375
H2_128C_quantized_resblocks_range_2_9,908-157963-0005.wav,generated_audios/generated_H2_128C_int8/908-157963-0005_generated.wav,7.035011,2.085885,2.082644,0.296501,0.29604,1.684652,0.887458,0.815536
H2_128C_quantized_resblocks_range_2_9,908-157963-0006.wav,generated_audios/generated_H2_128C_int8/908-157963-0006_generated.wav,8.110023,2.437662,2.433812,0.300574,0.300099,1.688128,0.878604,0.74374
H2_128C_quantized_resblocks_range_2_9,908-157963-0007.wav,generated_audios/generated_H2_128C_int8/908-157963-0007_generated.wav,32.770023,10.262324,10.254984,0.313162,0.312938,1.695251,0.888524,0.758382
H2_128C_quantized_resblocks_range_2_9,908-157963-0008.wav,generated_audios/generated_H2_128C_int8/908-157963-0008_generated.wav,19.950023,6.12032,6.115145,0.306783,0.306523,1.58814,0.88973,0.916834
H2_128C_quantized_resblocks_range_2_9,908-157963-0009.wav,generated_audios/generated_H2_128C_int8/908-157963-0009_generated.wav,4.06,1.238105,1.234781,0.304952,0.304133,1.638705,0.895676,0.852744
H2_128C_quantized_resblocks_range_2_9,908-157963-0010.wav,generated_audios/generated_H2_128C_int8/908-157963-0010_generated.wav,6.28,0.141663,0.137775,0.022558,0.021939,1.458445,0.796418,0.990717
H2_128C_quantized_resblocks_range_2_9,908-157963-0011.wav,generated_audios/generated_H2_128C_int8/908-157963-0011_generated.wav,10.395011,0.258827,0.254887,0.024899,0.02452,1.412618,0.855601,0.92599
H2_128C_quantized_resblocks_range_2_9,908-157963-0012.wav,generated_audios/generated_H2_128C_int8/908-157963-0012_generated.wav,10.090023,3.013999,3.009764,0.298711,0.298291,1.425522,0.831589,0.984896
H2_128C_quantized_resblocks_range_2_9,908-157963-0013.wav,generated_audios/generated_H2_128C_int8/908-157963-0013_generated.wav,4.315011,0.117902,0.11394,0.027324,0.026405,1.40236,0.892983,1.085136
H2_128C_quantized_resblocks_range_2_9,908-157963-0014.wav,generated_audios/generated_H2_128C_int8/908-157963-0014_generated.wav,4.52,0.120011,0.116728,0.026551,0.025825,1.554586,0.880667,1.066064
H2_128C_quantized_resblocks_range_2_9,908-157963-0015.wav,generated_audios/generated_H2_128C_int8/908-157963-0015_generated.wav,14.465034,4.11674,4.112509,0.284599,0.284307,1.668076,0.908367,0.914487
H2_128C_quantized_resblocks_range_2_9,908-157963-0016.wav,generated_audios/generated_H2_128C_int8/908-157963-0016_generated.wav,5.105034,0.133086,0.129546,0.02607,0.025376,1.604138,0.915767,0.950135
H2_128C_quantized_resblocks_range_2_9,908-157963-0017.wav,generated_audios/generated_H2_128C_int8/908-157963-0017_generated.wav,4.950023,1.407065,1.404261,0.284254,0.283688,1.886307,0.913589,0.713009
H2_128C_quantized_resblocks_range_2_9,908-157963-0018.wav,generated_audios/generated_H2_128C_int8/908-157963-0018_generated.wav,4.255011,0.12599,0.122767,0.02961,0.028852,1.802663,0.893893,0.721573
H2_128C_quantized_resblocks_range_2_9,908-157963-0019.wav,generated_audios/generated_H2_128C_int8/908-157963-0019_generated.wav,21.44,6.666848,6.661507,0.310954,0.310705,1.617554,0.88595,0.845925
H2_128C_quantized_resblocks_range_2_9,908-157963-0020.wav,generated_audios/generated_H2_128C_int8/908-157963-0020_generated.wav,9.8,2.982154,2.978074,0.304301,0.303885,1.688361,0.891796,0.838887
H2_128C_quantized_resblocks_range_2_9,908-157963-0021.wav,generated_audios/generated_H2_128C_int8/908-157963-0021_generated.wav,10.24,0.262035,0.258285,0.025589,0.025223,1.731595,0.893189,0.795747
H2_128C_quantized_resblocks_range_2_9,908-157963-0022.wav,generated_audios/generated_H2_128C_int8/908-157963-0022_generated.wav,4.610023,1.434113,1.43062,0.311086,0.310328,1.70636,0.887847,0.809224
H2_128C_quantized_resblocks_range_2_9,908-157963-0023.wav,generated_audios/generated_H2_128C_int8/908-157963-0023_generated.wav,9.625034,3.014512,3.010512,0.313195,0.312779,1.767999,0.857555,0.797359
H2_128C_quantized_resblocks_range_2_9,908-157963-0024.wav,generated_audios/generated_H2_128C_int8/908-157963-0024_generated.wav,3.44,1.054774,1.051651,0.30662,0.305713,1.603309,0.884968,0.86677
H2_128C_quantized_resblocks_range_2_9,908-157963-0025.wav,generated_audios/generated_H2_128C_int8/908-157963-0025_generated.wav,9.265034,2.668644,2.664633,0.288034,0.287601,1.683027,0.874948,0.851177
H2_128C_quantized_resblocks_range_2_9,908-157963-0026.wav,generated_audios/generated_H2_128C_int8/908-157963-0026_generated.wav,8.1,2.40138,2.397523,0.296467,0.295991,1.740171,0.880545,0.778141
H2_128C_quantized_resblocks_range_2_9,908-157963-0027.wav,generated_audios/generated_H2_128C_int8/908-157963-0027_generated.wav,5.225034,0.141597,0.137783,0.0271,0.02637,1.647034,0.816621,0.876884
H2_128C_quantized_resblocks_range_2_9,908-157963-0028.wav,generated_audios/generated_H2_128C_int8/908-157963-0028_generated.wav,4.955011,0.10906,0.105726,0.02201,0.021337,1.853961,0.918576,0.72002
H2_128C_quantized_resblocks_range_2_9,908-157963-0029.wav,generated_audios/generated_H2_128C_int8/908-157963-0029_generated.wav,3.630023,1.02206,1.018754,0.281557,0.280647,1.71233,0.931547,0.764439
H2_128C_quantized_resblocks_range_2_9,908-157963-0030.wav,generated_audios/generated_H2_128C_int8/908-157963-0030_generated.wav,4.52,0.103735,0.100266,0.02295,0.022183,1.752492,0.916142,0.818555
H2_128C_quantized_resblocks_range_2_9,908-31957-0000.wav,generated_audios/generated_H2_128C_int8/908-31957-0000_generated.wav,2.125034,0.608933,0.605779,0.286552,0.285068,1.975224,0.905444,0.879567
H2_128C_quantized_resblocks_range_2_9,908-31957-0001.wav,generated_audios/generated_H2_128C_int8/908-31957-0001_generated.wav,11.315011,3.426835,3.423123,0.302857,0.302529,1.611314,0.897164,0.86966
H2_128C_quantized_resblocks_range_2_9,908-31957-0002.wav,generated_audios/generated_H2_128C_int8/908-31957-0002_generated.wav,4.790023,0.124093,0.120525,0.025907,0.025162,1.599692,0.891597,0.930877
H2_128C_quantized_resblocks_range_2_9,908-31957-0003.wav,generated_audios/generated_H2_128C_int8/908-31957-0003_generated.wav,6.565034,0.168528,0.164875,0.025671,0.025114,1.61859,0.896633,0.779642
H2_128C_quantized_resblocks_range_2_9,908-31957-0004.wav,generated_audios/generated_H2_128C_int8/908-31957-0004_generated.wav,14.755011,4.519556,4.515648,0.306307,0.306042,1.67565,0.90188,0.820534
H2_128C_quantized_resblocks_range_2_9,908-31957-0005.wav,generated_audios/generated_H2_128C_int8/908-31957-0005_generated.wav,4.490023,0.118424,0.114669,0.026375,0.025539,1.703078,0.902284,0.962211
H2_128C_quantized_resblocks_range_2_9,908-31957-0006.wav,generated_audios/generated_H2_128C_int8/908-31957-0006_generated.wav,5.890023,1.658205,1.654629,0.281528,0.280921,1.657836,0.888805,0.937389
H2_128C_quantized_resblocks_range_2_9,908-31957-0007.wav,generated_audios/generated_H2_128C_int8/908-31957-0007_generated.wav,5.8,0.14698,0.14363,0.025341,0.024764,1.725505,0.905446,0.837624
H2_128C_quantized_resblocks_range_2_9,908-31957-0008.wav,generated_audios/generated_H2_128C_int8/908-31957-0008_generated.wav,10.005034,2.80473,2.801135,0.280332,0.279973,1.638685,0.896637,0.861077
H2_128C_quantized_resblocks_range_2_9,908-31957-0009.wav,generated_audios/generated_H2_128C_int8/908-31957-0009_generated.wav,7.705034,2.173799,2.171139,0.282127,0.281782,1.606005,0.900108,0.845922
H2_128C_quantized_resblocks_range_2_9,908-31957-0010.wav,generated_audios/generated_H2_128C_int8/908-31957-0010_generated.wav,2.510023,0.706523,0.703412,0.281481,0.280241,1.580406,0.773974,1.0907
H2_128C_quantized_resblocks_range_2_9,908-31957-0011.wav,generated_audios/generated_H2_128C_int8/908-31957-0011_generated.wav,2.335011,0.070683,0.067487,0.030271,0.028902,1.724025,0.859356,0.872938
H2_128C_quantized_resblocks_range_2_9,908-31957-0012.wav,generated_audios/generated_H2_128C_int8/908-31957-0012_generated.wav,7.615011,2.267049,2.263316,0.297708,0.297218,1.644279,0.891812,0.894701
H2_128C_quantized_resblocks_range_2_9,908-31957-0013.wav,generated_audios/generated_H2_128C_int8/908-31957-0013_generated.wav,6.18,1.857042,1.853031,0.300492,0.299843,1.77187,0.873786,0.920024
H2_128C_quantized_resblocks_range_2_9,908-31957-0014.wav,generated_audios/generated_H2_128C_int8/908-31957-0014_generated.wav,7.56,2.12293,2.118981,0.280811,0.280289,1.600839,0.887307,0.930551
H2_128C_quantized_resblocks_range_2_9,908-31957-0015.wav,generated_audios/generated_H2_128C_int8/908-31957-0015_generated.wav,21.465034,6.266976,6.261362,0.291962,0.291701,1.588448,0.880908,0.958658
H2_128C_quantized_resblocks_range_2_9,908-31957-0016.wav,generated_audios/generated_H2_128C_int8/908-31957-0016_generated.wav,6.48,1.855108,1.851195,0.286282,0.285678,1.7762,0.896249,0.9156
H2_128C_quantized_resblocks_range_2_9,908-31957-0017.wav,generated_audios/generated_H2_128C_int8/908-31957-0017_generated.wav,7.795011,2.351465,2.347584,0.301663,0.301165,1.527483,0.900382,0.941083
H2_128C_quantized_resblocks_range_2_9,908-31957-0018.wav,generated_audios/generated_H2_128C_int8/908-31957-0018_generated.wav,3.915011,1.211937,1.208625,0.309562,0.308716,1.664099,0.887531,0.913031
H2_128C_quantized_resblocks_range_2_9,908-31957-0019.wav,generated_audios/generated_H2_128C_int8/908-31957-0019_generated.wav,9.54,2.974203,2.970259,0.311761,0.311348,1.762375,0.907655,0.830416
H2_128C_quantized_resblocks_range_2_9,908-31957-0020.wav,generated_audios/generated_H2_128C_int8/908-31957-0020_generated.wav,5.895011,0.128,0.124462,0.021713,0.021113,1.689267,0.897005,0.885415
H2_128C_quantized_resblocks_range_2_9,908-31957-0021.wav,generated_audios/generated_H2_128C_int8/908-31957-0021_generated.wav,10.905034,3.158312,3.153953,0.28962,0.28922,1.620871,0.893323,0.872605
H2_128C_quantized_resblocks_range_2_9,908-31957-0022.wav,generated_audios/generated_H2_128C_int8/908-31957-0022_generated.wav,14.1,4.349302,4.344482,0.308461,0.308119,1.575247,0.885547,0.873642
H2_128C_quantized_resblocks_range_2_9,908-31957-0023.wav,generated_audios/generated_H2_128C_int8/908-31957-0023_generated.wav,8.515011,2.628154,2.623825,0.30865,0.308141,1.655938,0.904252,0.949498
H2_128C_quantized_resblocks_range_2_9,908-31957-0024.wav,generated_audios/generated_H2_128C_int8/908-31957-0024_generated.wav,7.54,2.25792,2.253875,0.299459,0.298922,1.61937,0.891982,0.941248
H2_128C_quantized_resblocks_range_2_9,908-31957-0025.wav,generated_audios/generated_H2_128C_int8/908-31957-0025_generated.wav,20.56,6.305255,6.299916,0.306676,0.306416,1.606924,0.894349,1.019571
H2_128C_quantized_resblocks_range_2_9,1089-134686-0000.wav,generated_audios/generated_H2_128C_int8/1089-134686-0000_generated.wav,10.435011,0.269391,0.264896,0.025816,0.025385,1.113926,0.820133,1.641106
H2_128C_quantized_resblocks_range_2_9,1089-134686-0001.wav,generated_audios/generated_H2_128C_int8/1089-134686-0001_generated.wav,3.275011,0.107243,0.103549,0.032746,0.031618,1.077123,0.777155,1.845023
H2_128C_quantized_resblocks_range_2_9,1089-134686-0002.wav,generated_audios/generated_H2_128C_int8/1089-134686-0002_generated.wav,6.625034,0.192832,0.189023,0.029107,0.028532,1.117863,0.806879,1.680807
H2_128C_quantized_resblocks_range_2_9,1089-134686-0003.wav,generated_audios/generated_H2_128C_int8/1089-134686-0003_generated.wav,2.68,0.07751,0.074042,0.028922,0.027628,1.1453,0.829345,1.766972
H2_128C_quantized_resblocks_range_2_9,1089-134686-0004.wav,generated_audios/generated_H2_128C_int8/1089-134686-0004_generated.wav,5.215102,0.131417,0.127554,0.025199,0.024459,1.146575,0.879891,1.621915
H2_128C_quantized_resblocks_range_2_9,1089-134686-0005.wav,generated_audios/generated_H2_128C_int8/1089-134686-0005_generated.wav,9.635011,0.244792,0.240571,0.025406,0.024968,1.071958,0.770375,1.811912
H2_128C_quantized_resblocks_range_2_9,1089-134686-0006.wav,generated_audios/generated_H2_128C_int8/1089-134686-0006_generated.wav,10.555011,0.290015,0.285806,0.027476,0.027078,1.120622,0.802654,1.723931
H2_128C_quantized_resblocks_range_2_9,1089-134686-0007.wav,generated_audios/generated_H2_128C_int8/1089-134686-0007_generated.wav,4.275011,0.115111,0.111505,0.026926,0.026083,1.074849,0.790015,1.905082
H2_128C_quantized_resblocks_range_2_9,1089-134686-0008.wav,generated_audios/generated_H2_128C_int8/1089-134686-0008_generated.wav,6.730023,0.196947,0.193317,0.029264,0.028725,1.078261,0.798622,1.764637
H2_128C_quantized_resblocks_range_2_9,1089-134686-0009.wav,generated_audios/generated_H2_128C_int8/1089-134686-0009_generated.wav,10.575011,0.279357,0.27503,0.026417,0.026008,1.120794,0.848177,1.777874
H2_128C_quantized_resblocks_range_2_9,1089-134686-0010.wav,generated_audios/generated_H2_128C_int8/1089-134686-0010_generated.wav,4.405034,0.115155,0.111747,0.026142,0.025368,1.231708,0.859731,1.445988
H2_128C_quantized_resblocks_range_2_9,1089-134686-0011.wav,generated_audios/generated_H2_128C_int8/1089-134686-0011_generated.wav,12.445034,0.341227,0.336165,0.027419,0.027012,1.08926,0.814071,1.646756
H2_128C_quantized_resblocks_range_2_9,1089-134686-0012.wav,generated_audios/generated_H2_128C_int8/1089-134686-0012_generated.wav,11.64,0.346359,0.342307,0.029756,0.029408,1.114364,0.79331,1.767247
H2_128C_quantized_resblocks_range_2_9,1089-134686-0013.wav,generated_audios/generated_H2_128C_int8/1089-134686-0013_generated.wav,7.915011,0.215691,0.211523,0.027251,0.026724,1.092413,0.81064,1.740977
H2_128C_quantized_resblocks_range_2_9,1089-134686-0014.wav,generated_audios/generated_H2_128C_int8/1089-134686-0014_generated.wav,2.225034,0.067762,0.064553,0.030454,0.029012,1.210266,0.842481,1.734662
H2_128C_quantized_resblocks_range_2_9,1089-134686-0015.wav,generated_audios/generated_H2_128C_int8/1089-134686-0015_generated.wav,5.815011,0.147928,0.144349,0.025439,0.024823,1.144753,0.81011,1.900967
H2_128C_quantized_resblocks_range_2_9,1089-134686-0016.wav,generated_audios/generated_H2_128C_int8/1089-134686-0016_generated.wav,3.54,0.103711,0.100355,0.029297,0.028349,1.111068,0.831004,1.698505
H2_128C_quantized_resblocks_range_2_9,1089-134686-0017.wav,generated_audios/generated_H2_128C_int8/1089-134686-0017_generated.wav,8.870023,0.226195,0.222148,0.025501,0.025045,1.092433,0.833732,1.631659
H2_128C_quantized_resblocks_range_2_9,1089-134686-0018.wav,generated_audios/generated_H2_128C_int8/1089-134686-0018_generated.wav,15.72,0.429588,0.424561,0.027328,0.027008,1.086099,0.808947,1.732679
H2_128C_quantized_resblocks_range_2_9,1089-134686-0019.wav,generated_audios/generated_H2_128C_int8/1089-134686-0019_generated.wav,13.895011,0.370003,0.365784,0.026629,0.026325,1.086101,0.819284,1.653701
H2_128C_quantized_resblocks_range_2_9,1089-134686-0020.wav,generated_audios/generated_H2_128C_int8/1089-134686-0020_generated.wav,16.790023,0.478325,0.473254,0.028489,0.028187,1.102285,0.806698,1.717934
H2_128C_quantized_resblocks_range_2_9,1089-134686-0021.wav,generated_audios/generated_H2_128C_int8/1089-134686-0021_generated.wav,6.550023,0.180343,0.176462,0.027533,0.026941,1.100784,0.818031,1.750725
H2_128C_quantized_resblocks_range_2_9,1089-134686-0022.wav,generated_audios/generated_H2_128C_int8/1089-134686-0022_generated.wav,11.175011,0.282673,0.278421,0.025295,0.024915,1.132296,0.817101,1.623719
H2_128C_quantized_resblocks_range_2_9,1089-134686-0023.wav,generated_audios/generated_H2_128C_int8/1089-134686-0023_generated.wav,13.275011,0.365594,0.360919,0.02754,0.027188,1.082027,0.810941,1.724966
H2_128C_quantized_resblocks_range_2_9,1089-134686-0024.wav,generated_audios/generated_H2_128C_int8/1089-134686-0024_generated.wav,11.655011,0.29614,0.291765,0.025409,0.025033,1.083495,0.803513,1.64339
H2_128C_quantized_resblocks_range_2_9,1089-134686-0025.wav,generated_audios/generated_H2_128C_int8/1089-134686-0025_generated.wav,6.610023,0.171964,0.168086,0.026016,0.025429,1.088074,0.831981,1.745314
H2_128C_quantized_resblocks_range_2_9,1089-134686-0026.wav,generated_audios/generated_H2_128C_int8/1089-134686-0026_generated.wav,4.010023,0.125192,0.120972,0.03122,0.030167,1.120549,0.807782,1.752309
H2_128C_quantized_resblocks_range_2_9,1089-134686-0027.wav,generated_audios/generated_H2_128C_int8/1089-134686-0027_generated.wav,2.710023,0.077846,0.074595,0.028725,0.027526,1.159569,0.850824,1.568409
H2_128C_quantized_resblocks_range_2_9,1089-134686-0028.wav,generated_audios/generated_H2_128C_int8/1089-134686-0028_generated.wav,7.830023,0.195434,0.191274,0.02496,0.024428,1.144081,0.82459,1.497387
H2_128C_quantized_resblocks_range_2_9,1089-134686-0029.wav,generated_audios/generated_H2_128C_int8/1089-134686-0029_generated.wav,4.670023,0.139876,0.13615,0.029952,0.029154,1.156422,0.825491,1.649795
H2_128C_quantized_resblocks_range_2_9,1089-134686-0030.wav,generated_audios/generated_H2_128C_int8/1089-134686-0030_generated.wav,2.715011,0.066748,0.063214,0.024585,0.023283,1.155439,0.856757,1.451425
H2_128C_quantized_resblocks_range_2_9,1089-134686-0031.wav,generated_audios/generated_H2_128C_int8/1089-134686-0031_generated.wav,6.615011,0.14657,0.142546,0.022157,0.021549,1.107223,0.77409,1.784225
H2_128C_quantized_resblocks_range_2_9,121-121726-0000.wav,generated_audios/generated_H2_128C_int8/121-121726-0000_generated.wav,8.46,0.217348,0.213108,0.025691,0.02519,1.083758,0.822864,1.88575
H2_128C_quantized_resblocks_range_2_9,121-121726-0001.wav,generated_audios/generated_H2_128C_int8/121-121726-0001_generated.wav,5.925034,0.172128,0.168329,0.029051,0.02841,1.143089,0.83992,2.561937
H2_128C_quantized_resblocks_range_2_9,121-121726-0002.wav,generated_audios/generated_H2_128C_int8/121-121726-0002_generated.wav,4.410023,0.101385,0.097805,0.02299,0.022178,1.166441,0.811978,2.450186
H2_128C_quantized_resblocks_range_2_9,121-121726-0003.wav,generated_audios/generated_H2_128C_int8/121-121726-0003_generated.wav,6.755011,0.173656,0.169756,0.025708,0.02513,1.151242,0.849524,2.283793
H2_128C_quantized_resblocks_range_2_9,121-121726-0004.wav,generated_audios/generated_H2_128C_int8/121-121726-0004_generated.wav,4.02,0.107021,0.1034,0.026622,0.025721,1.077816,0.862906,2.820154
H2_128C_quantized_resblocks_range_2_9,121-121726-0005.wav,generated_audios/generated_H2_128C_int8/121-121726-0005_generated.wav,3.1,0.088494,0.085109,0.028546,0.027454,1.188396,0.906066,3.590042
H2_128C_quantized_resblocks_range_2_9,121-121726-0006.wav,generated_audios/generated_H2_128C_int8/121-121726-0006_generated.wav,3.895011,0.108373,0.104823,0.027824,0.026912,1.227004,0.829313,2.581483
H2_128C_quantized_resblocks_range_2_9,121-121726-0007.wav,generated_audios/generated_H2_128C_int8/121-121726-0007_generated.wav,6.730023,0.196033,0.192067,0.029128,0.028539,1.080108,0.850512,2.494756
H2_128C_quantized_resblocks_range_2_9,121-121726-0008.wav,generated_audios/generated_H2_128C_int8/121-121726-0008_generated.wav,4.990023,0.147954,0.144436,0.02965,0.028945,1.152398,0.861471,3.00338
H2_128C_quantized_resblocks_range_2_9,121-121726-0009.wav,generated_audios/generated_H2_128C_int8/121-121726-0009_generated.wav,7.26,0.187725,0.183683,0.025857,0.025301,1.083314,0.847542,2.341473
H2_128C_quantized_resblocks_range_2_9,121-121726-0010.wav,generated_audios/generated_H2_128C_int8/121-121726-0010_generated.wav,9.810023,0.246515,0.242252,0.025129,0.024694,1.080264,0.816098,2.328455
H2_128C_quantized_resblocks_range_2_9,121-121726-0011.wav,generated_audios/generated_H2_128C_int8/121-121726-0011_generated.wav,4.035011,0.109984,0.106588,0.027257,0.026416,1.153448,0.874418,2.715904
H2_128C_quantized_resblocks_range_2_9,121-121726-0012.wav,generated_audios/generated_H2_128C_int8/121-121726-0012_generated.wav,4.045034,0.118169,0.114676,0.029213,0.02835,1.132177,0.868864,2.127069
H2_128C_quantized_resblocks_range_2_9,121-121726-0013.wav,generated_audios/generated_H2_128C_int8/121-121726-0013_generated.wav,2.490023,0.073283,0.069985,0.029431,0.028106,1.096287,0.813639,2.555505
H2_128C_quantized_resblocks_range_2_9,121-121726-0014.wav,generated_audios/generated_H2_128C_int8/121-121726-0014_generated.wav,3.165034,0.087019,0.083718,0.027494,0.026451,1.270949,0.859157,2.844012
H2_128C_quantized_resblocks_range_2_9,121-123852-0000.wav,generated_audios/generated_H2_128C_int8/121-123852-0000_generated.wav,17.695011,0.50994,0.504492,0.028818,0.02851,1.105339,0.840025,2.301771
H2_128C_quantized_resblocks_range_2_9,121-123852-0001.wav,generated_audios/generated_H2_128C_int8/121-123852-0001_generated.wav,1.870023,0.060247,0.056894,0.032217,0.030424,1.073954,0.640008,3.31576
H2_128C_quantized_resblocks_range_2_9,121-123852-0002.wav,generated_audios/generated_H2_128C_int8/121-123852-0002_generated.wav,17.285034,0.494076,0.489571,0.028584,0.028323,1.080414,0.798633,1.936066
H2_128C_quantized_resblocks_range_2_9,121-123852-0003.wav,generated_audios/generated_H2_128C_int8/121-123852-0003_generated.wav,23.505034,7.313744,7.307699,0.311156,0.310899,1.059909,0.77966,2.021467
H2_128C_quantized_resblocks_range_2_9,121-123852-0004.wav,generated_audios/generated_H2_128C_int8/121-123852-0004_generated.wav,16.290023,4.590088,4.5848,0.281773,0.281448,1.115253,0.819907,1.895919
H2_128C_quantized_resblocks_range_2_9,121-123859-0000.wav,generated_audios/generated_H2_128C_int8/121-123859-0000_generated.wav,17.390023,4.687589,4.683007,0.269556,0.269293,1.051518,0.781137,2.040686
H2_128C_quantized_resblocks_range_2_9,121-123859-0001.wav,generated_audios/generated_H2_128C_int8/121-123859-0001_generated.wav,25.395011,7.050635,7.044182,0.277639,0.277384,1.089447,0.822396,1.956679
H2_128C_quantized_resblocks_range_2_9,121-123859-0002.wav,generated_audios/generated_H2_128C_int8/121-123859-0002_generated.wav,30.04,8.600257,8.593831,0.286293,0.28608,1.075672,0.805907,1.894864
H2_128C_quantized_resblocks_range_2_9,121-123859-0003.wav,generated_audios/generated_H2_128C_int8/121-123859-0003_generated.wav,10.825034,2.833431,2.82871,0.261748,0.261312,1.099895,0.826871,2.483281
H2_128C_quantized_resblocks_range_2_9,121-123859-0004.wav,generated_audios/generated_H2_128C_int8/121-123859-0004_generated.wav,9.505034,2.514061,2.509673,0.264498,0.264036,1.066662,0.799563,2.121869
H2_128C_quantized_resblocks_range_2_9,121-127105-0000.wav,generated_audios/generated_H2_128C_int8/121-127105-0000_generated.wav,9.875011,2.591777,2.587852,0.262458,0.262061,1.073475,0.794777,1.8178
H2_128C_quantized_resblocks_range_2_9,121-127105-0001.wav,generated_audios/generated_H2_128C_int8/121-127105-0001_generated.wav,5.025034,1.24009,1.236528,0.246782,0.246074,1.073304,0.806398,1.474362
H2_128C_quantized_resblocks_range_2_9,121-127105-0002.wav,generated_audios/generated_H2_128C_int8/121-127105-0002_generated.wav,7.495011,1.850952,1.846921,0.246958,0.24642,1.080941,0.79637,1.689758
H2_128C_quantized_resblocks_range_2_9,121-127105-0003.wav,generated_audios/generated_H2_128C_int8/121-127105-0003_generated.wav,7.725034,1.983332,1.978959,0.256741,0.256175,1.113067,0.835427,1.883241
H2_128C_quantized_resblocks_range_2_9,121-127105-0004.wav,generated_audios/generated_H2_128C_int8/121-127105-0004_generated.wav,2.110023,0.540645,0.537388,0.256227,0.254683,1.04105,0.841641,2.859598
H2_128C_quantized_resblocks_range_2_9,121-127105-0005.wav,generated_audios/generated_H2_128C_int8/121-127105-0005_generated.wav,5.82,1.446035,1.442347,0.24846,0.247826,1.08774,0.819146,1.788896
H2_128C_quantized_resblocks_range_2_9,121-127105-0006.wav,generated_audios/generated_H2_128C_int8/121-127105-0006_generated.wav,4.725034,1.230084,1.226559,0.260333,0.259587,1.057089,0.809535,1.944272
H2_128C_quantized_resblocks_range_2_9,121-127105-0007.wav,generated_audios/generated_H2_128C_int8/121-127105-0007_generated.wav,5.790023,1.449916,1.446223,0.250416,0.249779,1.080465,0.831805,1.790443
H2_128C_quantized_resblocks_range_2_9,121-127105-0008.wav,generated_audios/generated_H2_128C_int8/121-127105-0008_generated.wav,2.76,0.692515,0.689132,0.250911,0.249685,1.087604,0.799922,2.055622
H2_128C_quantized_resblocks_range_2_9,121-127105-0009.wav,generated_audios/generated_H2_128C_int8/121-127105-0009_generated.wav,2.290023,0.586513,0.583341,0.256117,0.254731,1.075147,0.813659,1.648042
H2_128C_quantized_resblocks_range_2_9,121-127105-0010.wav,generated_audios/generated_H2_128C_int8/121-127105-0010_generated.wav,2.850023,0.71912,0.71583,0.252321,0.251166,1.06751,0.786973,1.624022
H2_128C_quantized_resblocks_range_2_9,121-127105-0011.wav,generated_audios/generated_H2_128C_int8/121-127105-0011_generated.wav,5.78,1.488967,1.485229,0.257607,0.25696,1.068581,0.76803,1.498007
H2_128C_quantized_resblocks_range_2_9,121-127105-0012.wav,generated_audios/generated_H2_128C_int8/121-127105-0012_generated.wav,4.830023,1.272695,1.268981,0.263497,0.262728,1.043761,0.789099,1.522889
H2_128C_quantized_resblocks_range_2_9,121-127105-0013.wav,generated_audios/generated_H2_128C_int8/121-127105-0013_generated.wav,5.895011,1.457844,1.454187,0.247301,0.246681,1.083473,0.808118,1.744764
H2_128C_quantized_resblocks_range_2_9,121-127105-0014.wav,generated_audios/generated_H2_128C_int8/121-127105-0014_generated.wav,2.255011,0.539774,0.536404,0.239367,0.237872,1.127878,0.75637,2.382353
H2_128C_quantized_resblocks_range_2_9,121-127105-0015.wav,generated_audios/generated_H2_128C_int8/121-127105-0015_generated.wav,2.96,0.755014,0.751702,0.255072,0.253953,1.083173,0.790531,1.660981
H2_128C_quantized_resblocks_range_2_9,121-127105-0016.wav,generated_audios/generated_H2_128C_int8/121-127105-0016_generated.wav,2.030023,0.492786,0.489254,0.242749,0.241009,1.087699,0.815555,1.620625
H2_128C_quantized_resblocks_range_2_9,121-127105-0017.wav,generated_audios/generated_H2_128C_int8/121-127105-0017_generated.wav,2.695011,0.685979,0.682391,0.254537,0.253205,1.069103,0.790473,1.428562
H2_128C_quantized_resblocks_range_2_9,121-127105-0018.wav,generated_audios/generated_H2_128C_int8/121-127105-0018_generated.wav,2.770023,0.709955,0.706643,0.2563,0.255104,1.072809,0.761162,1.655987
H2_128C_quantized_resblocks_range_2_9,121-127105-0019.wav,generated_audios/generated_H2_128C_int8/121-127105-0019_generated.wav,3.525034,0.870257,0.866781,0.246879,0.245893,1.061999,0.77026,1.834733
H2_128C_quantized_resblocks_range_2_9,121-127105-0020.wav,generated_audios/generated_H2_128C_int8/121-127105-0020_generated.wav,14.355011,3.910863,3.906072,0.272439,0.272105,1.080235,0.817812,1.532923
H2_128C_quantized_resblocks_range_2_9,121-127105-0021.wav,generated_audios/generated_H2_128C_int8/121-127105-0021_generated.wav,2.0,0.488766,0.485593,0.244383,0.242797,1.083285,0.829818,1.757214
H2_128C_quantized_resblocks_range_2_9,121-127105-0022.wav,generated_audios/generated_H2_128C_int8/121-127105-0022_generated.wav,5.075011,1.304266,1.30208,0.256998,0.256567,1.134521,0.824711,2.16838
H2_128C_quantized_resblocks_range_2_9,121-127105-0023.wav,generated_audios/generated_H2_128C_int8/121-127105-0023_generated.wav,10.910023,2.718429,2.713827,0.249168,0.248746,1.092828,0.818849,1.53424
H2_128C_quantized_resblocks_range_2_9,121-127105-0024.wav,generated_audios/generated_H2_128C_int8/121-127105-0024_generated.wav,14.450023,4.124672,4.119742,0.285444,0.285103,1.085301,0.814247,1.613029
H2_128C_quantized_resblocks_range_2_9,121-127105-0025.wav,generated_audios/generated_H2_128C_int8/121-127105-0025_generated.wav,16.065034,4.373314,4.368912,0.272226,0.271952,1.086087,0.821079,1.589632
H2_128C_quantized_resblocks_range_2_9,121-127105-0026.wav,generated_audios/generated_H2_128C_int8/121-127105-0026_generated.wav,7.530023,1.850495,1.846471,0.245749,0.245215,1.084814,0.835192,1.531937
H2_128C_quantized_resblocks_range_2_9,121-127105-0027.wav,generated_audios/generated_H2_128C_int8/121-127105-0027_generated.wav,13.870023,3.827825,3.823552,0.275978,0.27567,1.108603,0.820722,1.707514
H2_128C_quantized_resblocks_range_2_9,121-127105-0028.wav,generated_audios/generated_H2_128C_int8/121-127105-0028_generated.wav,6.750023,0.168475,0.164665,0.024959,0.024395,1.118195,0.830854,1.818243
H2_128C_quantized_resblocks_range_2_9,121-127105-0029.wav,generated_audios/generated_H2_128C_int8/121-127105-0029_generated.wav,7.310023,1.869997,1.866174,0.255813,0.25529,1.0862,0.837406,1.843082
H2_128C_quantized_resblocks_range_2_9,121-127105-0030.wav,generated_audios/generated_H2_128C_int8/121-127105-0030_generated.wav,2.175011,0.543662,0.54017,0.249958,0.248353,1.052901,0.811234,1.887496
H2_128C_quantized_resblocks_range_2_9,121-127105-0031.wav,generated_audios/generated_H2_128C_int8/121-127105-0031_generated.wav,10.765034,2.653499,2.649541,0.246492,0.246125,1.090614,0.738532,2.213221
H2_128C_quantized_resblocks_range_2_9,121-127105-0032.wav,generated_audios/generated_H2_128C_int8/121-127105-0032_generated.wav,3.170023,0.765066,0.761432,0.241344,0.240198,1.078048,0.844706,1.837541
H2_128C_quantized_resblocks_range_2_9,121-127105-0033.wav,generated_audios/generated_H2_128C_int8/121-127105-0033_generated.wav,2.355011,0.590167,0.586808,0.2506,0.249174,1.078795,0.809047,2.288398
H2_128C_quantized_resblocks_range_2_9,121-127105-0034.wav,generated_audios/generated_H2_128C_int8/121-127105-0034_generated.wav,7.410023,1.939781,1.936557,0.261778,0.261343,1.094175,0.812874,2.280276
H2_128C_quantized_resblocks_range_2_9,121-127105-0035.wav,generated_audios/generated_H2_128C_int8/121-127105-0035_generated.wav,14.150023,3.848022,3.842941,0.271945,0.271585,1.096447,0.795734,2.530295
H2_128C_quantized_resblocks_range_2_9,121-127105-0036.wav,generated_audios/generated_H2_128C_int8/121-127105-0036_generated.wav,4.150023,1.005718,1.002274,0.24234,0.24151,1.137691,0.75355,2.39175
H2_128C_quantized_resblocks_range_2_9,237-126133-0000.wav,generated_audios/generated_H2_128C_int8/237-126133-0000_generated.wav,13.290023,3.80516,3.800595,0.286317,0.285974,1.065319,0.78911,1.759098
H2_128C_quantized_resblocks_range_2_9,237-126133-0001.wav,generated_audios/generated_H2_128C_int8/237-126133-0001_generated.wav,11.965034,3.437253,3.432533,0.287275,0.28688,1.06476,0.75663,1.785181
H2_128C_quantized_resblocks_range_2_9,237-126133-0002.wav,generated_audios/generated_H2_128C_int8/237-126133-0002_generated.wav,8.92,2.242045,2.237427,0.25135,0.250833,1.045209,0.754688,1.954436
H2_128C_quantized_resblocks_range_2_9,237-126133-0003.wav,generated_audios/generated_H2_128C_int8/237-126133-0003_generated.wav,6.56,1.684103,1.680533,0.256723,0.256179,1.048973,0.727652,1.841918
H2_128C_quantized_resblocks_range_2_9,237-126133-0004.wav,generated_audios/generated_H2_128C_int8/237-126133-0004_generated.wav,3.295011,0.870813,0.86722,0.264282,0.263192,1.054752,0.741386,1.883526
H2_128C_quantized_resblocks_range_2_9,237-126133-0005.wav,generated_audios/generated_H2_128C_int8/237-126133-0005_generated.wav,6.510023,1.697145,1.693303,0.260697,0.260107,1.074534,0.748009,1.79937
H2_128C_quantized_resblocks_range_2_9,237-126133-0006.wav,generated_audios/generated_H2_128C_int8/237-126133-0006_generated.wav,6.150023,1.585624,1.582077,0.257824,0.257247,1.091547,0.776559,1.919609
H2_128C_quantized_resblocks_range_2_9,237-126133-0007.wav,generated_audios/generated_H2_128C_int8/237-126133-0007_generated.wav,8.68,2.134316,2.130088,0.245889,0.245402,1.069141,0.760209,1.857197
H2_128C_quantized_resblocks_range_2_9,237-126133-0008.wav,generated_audios/generated_H2_128C_int8/237-126133-0008_generated.wav,3.865034,0.999,0.995365,0.258471,0.257531,1.054968,0.765407,1.878762
H2_128C_quantized_resblocks_range_2_9,237-126133-0009.wav,generated_audios/generated_H2_128C_int8/237-126133-0009_generated.wav,3.970023,1.016693,1.013176,0.256092,0.255207,1.060913,0.767709,1.906669
H2_128C_quantized_resblocks_range_2_9,237-126133-0010.wav,generated_audios/generated_H2_128C_int8/237-126133-0010_generated.wav,6.24,1.535137,1.531406,0.246016,0.245418,1.047117,0.693889,1.847366
H2_128C_quantized_resblocks_range_2_9,237-126133-0011.wav,generated_audios/generated_H2_128C_int8/237-126133-0011_generated.wav,6.710023,1.767709,1.763715,0.263443,0.262848,1.085173,0.798304,1.895675
H2_128C_quantized_resblocks_range_2_9,237-126133-0012.wav,generated_audios/generated_H2_128C_int8/237-126133-0012_generated.wav,4.450023,1.170649,1.167302,0.263066,0.262314,1.062342,0.717059,1.886809
H2_128C_quantized_resblocks_range_2_9,237-126133-0013.wav,generated_audios/generated_H2_128C_int8/237-126133-0013_generated.wav,6.815011,1.769204,1.765655,0.259604,0.259083,1.059904,0.730235,1.965708
H2_128C_quantized_resblocks_range_2_9,237-126133-0014.wav,generated_audios/generated_H2_128C_int8/237-126133-0014_generated.wav,6.790023,1.766154,1.762229,0.26011,0.259532,1.062462,0.745782,1.747037
H2_128C_quantized_resblocks_range_2_9,237-126133-0015.wav,generated_audios/generated_H2_128C_int8/237-126133-0015_generated.wav,9.34,2.330775,2.326615,0.249548,0.249102,1.06717,0.764995,1.867017
H2_128C_quantized_resblocks_range_2_9,237-126133-0016.wav,generated_audios/generated_H2_128C_int8/237-126133-0016_generated.wav,4.250023,1.05599,1.05237,0.248467,0.247615,1.09566,0.763777,1.850523
H2_128C_quantized_resblocks_range_2_9,237-126133-0017.wav,generated_audios/generated_H2_128C_int8/237-126133-0017_generated.wav,6.210023,1.554767,1.55094,0.250364,0.249748,1.114887,0.823924,1.785433
H2_128C_quantized_resblocks_range_2_9,237-126133-0018.wav,generated_audios/generated_H2_128C_int8/237-126133-0018_generated.wav,4.095011,1.062555,1.059145,0.259476,0.258643,1.069769,0.714404,2.057841
H2_128C_quantized_resblocks_range_2_9,237-126133-0019.wav,generated_audios/generated_H2_128C_int8/237-126133-0019_generated.wav,7.12,1.919253,1.915183,0.269558,0.268986,1.052928,0.750386,1.881091
H2_128C_quantized_resblocks_range_2_9,237-126133-0020.wav,generated_audios/generated_H2_128C_int8/237-126133-0020_generated.wav,2.24,0.542106,0.538865,0.242012,0.240565,1.075356,0.769675,1.828957
H2_128C_quantized_resblocks_range_2_9,237-126133-0021.wav,generated_audios/generated_H2_128C_int8/237-126133-0021_generated.wav,4.365034,1.080545,1.077587,0.247546,0.246868,1.060756,0.74219,1.93298
H2_128C_quantized_resblocks_range_2_9,237-126133-0022.wav,generated_audios/generated_H2_128C_int8/237-126133-0022_generated.wav,5.04,1.318964,1.315674,0.261699,0.261046,1.074008,0.78115,1.828694
H2_128C_quantized_resblocks_range_2_9,237-126133-0023.wav,generated_audios/generated_H2_128C_int8/237-126133-0023_generated.wav,6.675011,1.74948,1.745641,0.262094,0.261519,1.054646,0.769212,1.830058
H2_128C_quantized_resblocks_range_2_9,237-126133-0024.wav,generated_audios/generated_H2_128C_int8/237-126133-0024_generated.wav,9.665034,2.556888,2.552933,0.26455,0.264141,1.097156,0.791195,1.660796
H2_128C_quantized_resblocks_range_2_9,237-126133-0025.wav,generated_audios/generated_H2_128C_int8/237-126133-0025_generated.wav,3.755011,0.964589,0.960527,0.25688,0.255799,1.078228,0.794218,1.788956
H2_128C_quantized_resblocks_range_2_9,237-134493-0000.wav,generated_audios/generated_H2_128C_int8/237-134493-0000_generated.wav,4.105034,1.087849,1.084348,0.265004,0.264151,1.225781,0.858419,1.333688
H2_128C_quantized_resblocks_range_2_9,237-134493-0001.wav,generated_audios/generated_H2_128C_int8/237-134493-0001_generated.wav,7.38,1.911769,1.907797,0.259047,0.258509,1.227287,0.871038,1.298658
H2_128C_quantized_resblocks_range_2_9,237-134493-0002.wav,generated_audios/generated_H2_128C_int8/237-134493-0002_generated.wav,11.395011,3.073052,3.06942,0.269684,0.269365,1.279184,0.862817,1.378502
H2_128C_quantized_resblocks_range_2_9,237-134493-0003.wav,generated_audios/generated_H2_128C_int8/237-134493-0003_generated.wav,12.765034,3.637976,3.633731,0.284995,0.284663,1.197231,0.87588,1.313158
H2_128C_quantized_resblocks_range_2_9,237-134493-0004.wav,generated_audios/generated_H2_128C_int8/237-134493-0004_generated.wav,6.825034,1.800356,1.796266,0.263787,0.263188,1.286246,0.866902,1.26756
H2_128C_quantized_resblocks_range_2_9,237-134493-0005.wav,generated_audios/generated_H2_128C_int8/237-134493-0005_generated.wav,10.945034,2.752621,2.748133,0.251495,0.251085,1.27667,0.864099,1.241686
H2_128C_quantized_resblocks_range_2_9,237-134493-0006.wav,generated_audios/generated_H2_128C_int8/237-134493-0006_generated.wav,4.395011,1.088291,1.084459,0.24762,0.246748,1.426818,0.905299,1.150676
H2_128C_quantized_resblocks_range_2_9,237-134493-0007.wav,generated_audios/generated_H2_128C_int8/237-134493-0007_generated.wav,2.035011,0.498868,0.495865,0.245143,0.243667,1.298099,0.841494,1.172134
H2_128C_quantized_resblocks_range_2_9,237-134493-0008.wav,generated_audios/generated_H2_128C_int8/237-134493-0008_generated.wav,2.305034,0.551626,0.5486,0.239314,0.238001,1.275228,0.839996,1.438672
H2_128C_quantized_resblocks_range_2_9,237-134493-0009.wav,generated_audios/generated_H2_128C_int8/237-134493-0009_generated.wav,2.975011,0.77039,0.767,0.258954,0.257814,1.244819,0.883582,1.358685
H2_128C_quantized_resblocks_range_2_9,237-134493-0010.wav,generated_audios/generated_H2_128C_int8/237-134493-0010_generated.wav,2.875011,0.728192,0.724964,0.253283,0.25216,1.219426,0.845474,1.257273
H2_128C_quantized_resblocks_range_2_9,237-134493-0011.wav,generated_audios/generated_H2_128C_int8/237-134493-0011_generated.wav,5.035011,1.335331,1.331835,0.265209,0.264515,1.255753,0.874048,1.208777
H2_128C_quantized_resblocks_range_2_9,237-134493-0012.wav,generated_audios/generated_H2_128C_int8/237-134493-0012_generated.wav,3.66,0.894533,0.891057,0.244408,0.243458,1.325418,0.876577,1.234288
H2_128C_quantized_resblocks_range_2_9,237-134493-0013.wav,generated_audios/generated_H2_128C_int8/237-134493-0013_generated.wav,4.090023,0.099936,0.096498,0.024434,0.023594,1.337519,0.870505,1.214666
H2_128C_quantized_resblocks_range_2_9,237-134493-0014.wav,generated_audios/generated_H2_128C_int8/237-134493-0014_generated.wav,3.7,0.91953,0.916136,0.248521,0.247604,1.298647,0.875262,1.253687
H2_128C_quantized_resblocks_range_2_9,237-134493-0015.wav,generated_audios/generated_H2_128C_int8/237-134493-0015_generated.wav,6.550023,0.179505,0.175944,0.027405,0.026862,1.251449,0.870762,1.226472
H2_128C_quantized_resblocks_range_2_9,237-134493-0016.wav,generated_audios/generated_H2_128C_int8/237-134493-0016_generated.wav,10.085034,2.657014,2.652892,0.263461,0.263052,1.313378,0.889893,1.200036
H2_128C_quantized_resblocks_range_2_9,237-134493-0017.wav,generated_audios/generated_H2_128C_int8/237-134493-0017_generated.wav,9.105034,2.390414,2.386105,0.262538,0.262064,1.26099,0.87692,1.248038
H2_128C_quantized_resblocks_range_2_9,237-134493-0018.wav,generated_audios/generated_H2_128C_int8/237-134493-0018_generated.wav,4.790023,1.246406,1.242674,0.260209,0.25943,1.326148,0.905308,1.243424
H2_128C_quantized_resblocks_range_2_9,237-134500-0000.wav,generated_audios/generated_H2_128C_int8/237-134500-0000_generated.wav,6.130023,1.586132,1.582635,0.258748,0.258178,1.193145,0.853518,1.419984
H2_128C_quantized_resblocks_range_2_9,237-134500-0001.wav,generated_audios/generated_H2_128C_int8/237-134500-0001_generated.wav,1.810023,0.434729,0.431682,0.240179,0.238496,1.22824,0.845974,1.477271
H2_128C_quantized_resblocks_range_2_9,237-134500-0002.wav,generated_audios/generated_H2_128C_int8/237-134500-0002_generated.wav,5.070023,1.323136,1.319897,0.260972,0.260334,1.235746,0.886061,1.312447
H2_128C_quantized_resblocks_range_2_9,237-134500-0003.wav,generated_audios/generated_H2_128C_int8/237-134500-0003_generated.wav,3.170023,0.090797,0.087358,0.028642,0.027557,1.126581,0.847451,1.426813
H2_128C_quantized_resblocks_range_2_9,237-134500-0004.wav,generated_audios/generated_H2_128C_int8/237-134500-0004_generated.wav,2.225034,0.071078,0.067808,0.031945,0.030475,1.298546,0.885969,1.274865
H2_128C_quantized_resblocks_range_2_9,237-134500-0005.wav,generated_audios/generated_H2_128C_int8/237-134500-0005_generated.wav,2.390023,0.602396,0.600482,0.252046,0.251245,1.209195,0.865876,1.282273
H2_128C_quantized_resblocks_range_2_9,237-134500-0006.wav,generated_audios/generated_H2_128C_int8/237-134500-0006_generated.wav,4.225034,1.041222,1.037874,0.246441,0.245649,1.219079,0.872277,1.304568
H2_128C_quantized_resblocks_range_2_9,237-134500-0007.wav,generated_audios/generated_H2_128C_int8/237-134500-0007_generated.wav,2.390023,0.061301,0.057864,0.025649,0.024211,1.153608,0.817099,1.441554
H2_128C_quantized_resblocks_range_2_9,237-134500-0008.wav,generated_audios/generated_H2_128C_int8/237-134500-0008_generated.wav,3.76,0.10031,0.097053,0.026678,0.025812,1.227431,0.82903,1.397251
H2_128C_quantized_resblocks_range_2_9,237-134500-0009.wav,generated_audios/generated_H2_128C_int8/237-134500-0009_generated.wav,2.22,0.05728,0.05381,0.025802,0.024239,1.09059,0.835538,1.394226
H2_128C_quantized_resblocks_range_2_9,237-134500-0010.wav,generated_audios/generated_H2_128C_int8/237-134500-0010_generated.wav,3.995011,1.046517,1.043669,0.261956,0.261243,1.209392,0.86478,1.282606
H2_128C_quantized_resblocks_range_2_9,237-134500-0011.wav,generated_audios/generated_H2_128C_int8/237-134500-0011_generated.wav,3.350023,0.826706,0.823521,0.246776,0.245826,1.208645,0.821288,1.302301
H2_128C_quantized_resblocks_range_2_9,237-134500-0012.wav,generated_audios/generated_H2_128C_int8/237-134500-0012_generated.wav,10.935011,2.953213,2.949225,0.27007,0.269705,1.150592,0.848889,1.386542
H2_128C_quantized_resblocks_range_2_9,237-134500-0013.wav,generated_audios/generated_H2_128C_int8/237-134500-0013_generated.wav,10.56,0.299848,0.295339,0.028395,0.027968,1.165028,0.865903,1.360003
H2_128C_quantized_resblocks_range_2_9,237-134500-0014.wav,generated_audios/generated_H2_128C_int8/237-134500-0014_generated.wav,4.250023,0.129119,0.125741,0.030381,0.029586,1.169253,0.859179,1.359939
H2_128C_quantized_resblocks_range_2_9,237-134500-0015.wav,generated_audios/generated_H2_128C_int8/237-134500-0015_generated.wav,10.815011,2.822819,2.818873,0.261009,0.260644,1.181577,0.869261,1.37361
H2_128C_quantized_resblocks_range_2_9,237-134500-0016.wav,generated_audios/generated_H2_128C_int8/237-134500-0016_generated.wav,3.16,0.08908,0.086041,0.02819,0.027228,1.120068,0.769871,1.586787
H2_128C_quantized_resblocks_range_2_9,237-134500-0017.wav,generated_audios/generated_H2_128C_int8/237-134500-0017_generated.wav,2.18,0.067886,0.064878,0.03114,0.02976,1.244588,0.892366,1.365861
H2_128C_quantized_resblocks_range_2_9,237-134500-0018.wav,generated_audios/generated_H2_128C_int8/237-134500-0018_generated.wav,12.845034,3.738694,3.734026,0.291061,0.290698,1.167198,0.853903,1.478586
H2_128C_quantized_resblocks_range_2_9,237-134500-0019.wav,generated_audios/generated_H2_128C_int8/237-134500-0019_generated.wav,2.86,0.708217,0.704973,0.247628,0.246494,1.11602,0.837047,1.492337
H2_128C_quantized_resblocks_range_2_9,237-134500-0020.wav,generated_audios/generated_H2_128C_int8/237-134500-0020_generated.wav,2.18,0.057008,0.053916,0.026151,0.024732,1.23458,0.902119,1.656464
H2_128C_quantized_resblocks_range_2_9,237-134500-0021.wav,generated_audios/generated_H2_128C_int8/237-134500-0021_generated.wav,5.12,1.263171,1.259947,0.246713,0.246083,1.132926,0.777011,1.424108
H2_128C_quantized_resblocks_range_2_9,237-134500-0022.wav,generated_audios/generated_H2_128C_int8/237-134500-0022_generated.wav,5.165034,1.296539,1.292759,0.251022,0.250291,1.129925,0.821281,1.450327
H2_128C_quantized_resblocks_range_2_9,237-134500-0023.wav,generated_audios/generated_H2_128C_int8/237-134500-0023_generated.wav,3.06,0.811073,0.807652,0.265056,0.263938,1.179521,0.853062,1.495764
H2_128C_quantized_resblocks_range_2_9,237-134500-0024.wav,generated_audios/generated_H2_128C_int8/237-134500-0024_generated.wav,4.410023,0.11974,0.116292,0.027152,0.02637,1.237983,0.827068,1.507174
H2_128C_quantized_resblocks_range_2_9,237-134500-0025.wav,generated_audios/generated_H2_128C_int8/237-134500-0025_generated.wav,1.630023,0.393729,0.390673,0.241548,0.239673,1.161184,0.806718,1.78415
H2_128C_quantized_resblocks_range_2_9,237-134500-0026.wav,generated_audios/generated_H2_128C_int8/237-134500-0026_generated.wav,3.050023,0.792942,0.789673,0.259979,0.258907,1.221716,0.839748,1.459037
H2_128C_quantized_resblocks_range_2_9,237-134500-0027.wav,generated_audios/generated_H2_128C_int8/237-134500-0027_generated.wav,3.270023,0.863022,0.860117,0.263919,0.263031,1.172429,0.818125,1.441929
H2_128C_quantized_resblocks_range_2_9,237-134500-0028.wav,generated_audios/generated_H2_128C_int8/237-134500-0028_generated.wav,4.524943,1.205382,1.201773,0.266386,0.265589,1.152818,0.834029,1.512224
H2_128C_quantized_resblocks_range_2_9,237-134500-0029.wav,generated_audios/generated_H2_128C_int8/237-134500-0029_generated.wav,2.065034,0.511357,0.508026,0.247627,0.246013,1.15619,0.870942,1.319418
H2_128C_quantized_resblocks_range_2_9,237-134500-0030.wav,generated_audios/generated_H2_128C_int8/237-134500-0030_generated.wav,2.78,0.741205,0.73785,0.266621,0.265414,1.187834,0.857219,1.474488
H2_128C_quantized_resblocks_range_2_9,237-134500-0031.wav,generated_audios/generated_H2_128C_int8/237-134500-0031_generated.wav,10.610023,2.784928,2.781041,0.262481,0.262115,1.236231,0.864721,1.399229
H2_128C_quantized_resblocks_range_2_9,237-134500-0032.wav,generated_audios/generated_H2_128C_int8/237-134500-0032_generated.wav,5.025034,0.14085,0.137065,0.02803,0.027276,1.157192,0.861924,1.483378
H2_128C_quantized_resblocks_range_2_9,237-134500-0033.wav,generated_audios/generated_H2_128C_int8/237-134500-0033_generated.wav,6.350023,1.591342,1.58883,0.250604,0.250208,1.171734,0.811861,1.483333
H2_128C_quantized_resblocks_range_2_9,237-134500-0034.wav,generated_audios/generated_H2_128C_int8/237-134500-0034_generated.wav,3.075011,0.764421,0.761192,0.248591,0.247541,1.10867,0.82457,1.662437
H2_128C_quantized_resblocks_range_2_9,237-134500-0035.wav,generated_audios/generated_H2_128C_int8/237-134500-0035_generated.wav,2.555011,0.669318,0.666053,0.261963,0.260685,1.128051,0.842655,1.570159
H2_128C_quantized_resblocks_range_2_9,237-134500-0036.wav,generated_audios/generated_H2_128C_int8/237-134500-0036_generated.wav,6.6,1.756925,1.753707,0.266201,0.265713,1.164826,0.83404,1.544674
H2_128C_quantized_resblocks_range_2_9,237-134500-0037.wav,generated_audios/generated_H2_128C_int8/237-134500-0037_generated.wav,7.105034,1.872525,1.868743,0.263549,0.263017,1.125013,0.811441,1.428586
H2_128C_quantized_resblocks_range_2_9,237-134500-0038.wav,generated_audios/generated_H2_128C_int8/237-134500-0038_generated.wav,2.435011,0.618217,0.615485,0.253887,0.252765,1.086874,0.804182,1.389259
H2_128C_quantized_resblocks_range_2_9,237-134500-0039.wav,generated_audios/generated_H2_128C_int8/237-134500-0039_generated.wav,4.630023,1.233787,1.230007,0.266475,0.265659,1.153166,0.814897,1.445126
H2_128C_quantized_resblocks_range_2_9,237-134500-0040.wav,generated_audios/generated_H2_128C_int8/237-134500-0040_generated.wav,4.030023,0.107882,0.104366,0.026769,0.025897,1.149249,0.839676,1.388804
H2_128C_quantized_resblocks_range_2_9,237-134500-0041.wav,generated_audios/generated_H2_128C_int8/237-134500-0041_generated.wav,8.92,0.266456,0.262835,0.029872,0.029466,1.166657,0.866228,1.517671
H2_128C_quantized_resblocks_range_2_9,237-134500-0042.wav,generated_audios/generated_H2_128C_int8/237-134500-0042_generated.wav,2.575011,0.652437,0.649113,0.253373,0.252081,1.164866,0.757597,1.581047
H2_128C_quantized_resblocks_range_2_9,260-123286-0000.wav,generated_audios/generated_H2_128C_int8/260-123286-0000_generated.wav,7.04,1.79154,1.787719,0.25448,0.253937,1.147156,0.831245,2.306843
H2_128C_quantized_resblocks_range_2_9,260-123286-0001.wav,generated_audios/generated_H2_128C_int8/260-123286-0001_generated.wav,3.070023,0.07541,0.07195,0.024563,0.023436,1.088758,0.802742,2.234465
H2_128C_quantized_resblocks_range_2_9,260-123286-0002.wav,generated_audios/generated_H2_128C_int8/260-123286-0002_generated.wav,9.985034,2.663559,2.659086,0.266755,0.266307,1.100347,0.829167,1.898492
H2_128C_quantized_resblocks_range_2_9,260-123286-0003.wav,generated_audios/generated_H2_128C_int8/260-123286-0003_generated.wav,7.370023,1.976209,1.972223,0.268142,0.267601,1.09262,0.777401,2.049941
H2_128C_quantized_resblocks_range_2_9,260-123286-0004.wav,generated_audios/generated_H2_128C_int8/260-123286-0004_generated.wav,3.465034,0.918746,0.915201,0.265148,0.264125,1.072095,0.805876,2.291145
H2_128C_quantized_resblocks_range_2_9,260-123286-0005.wav,generated_audios/generated_H2_128C_int8/260-123286-0005_generated.wav,4.810023,1.21932,1.215771,0.253496,0.252758,1.079506,0.783447,1.749654
H2_128C_quantized_resblocks_range_2_9,260-123286-0006.wav,generated_audios/generated_H2_128C_int8/260-123286-0006_generated.wav,7.405034,1.959159,1.95557,0.264571,0.264087,1.152187,0.845262,1.638018
H2_128C_quantized_resblocks_range_2_9,260-123286-0007.wav,generated_audios/generated_H2_128C_int8/260-123286-0007_generated.wav,4.550023,1.185407,1.1819,0.260528,0.259757,1.084347,0.808508,1.758069
H2_128C_quantized_resblocks_range_2_9,260-123286-0008.wav,generated_audios/generated_H2_128C_int8/260-123286-0008_generated.wav,3.735011,0.951881,0.948395,0.254854,0.25392,1.112159,0.832354,1.824433
H2_128C_quantized_resblocks_range_2_9,260-123286-0009.wav,generated_audios/generated_H2_128C_int8/260-123286-0009_generated.wav,5.795011,1.577811,1.573848,0.272271,0.271587,1.083349,0.82061,1.734326
H2_128C_quantized_resblocks_range_2_9,260-123286-0010.wav,generated_audios/generated_H2_128C_int8/260-123286-0010_generated.wav,2.575011,0.065831,0.062577,0.025565,0.024302,1.128968,0.827176,2.266676
H2_128C_quantized_resblocks_range_2_9,260-123286-0011.wav,generated_audios/generated_H2_128C_int8/260-123286-0011_generated.wav,4.255011,0.130647,0.127376,0.030704,0.029936,1.122754,0.802005,2.026078
H2_128C_quantized_resblocks_range_2_9,260-123286-0012.wav,generated_audios/generated_H2_128C_int8/260-123286-0012_generated.wav,2.430023,0.063184,0.059719,0.026002,0.024575,1.102805,0.830384,2.096135
H2_128C_quantized_resblocks_range_2_9,260-123286-0013.wav,generated_audios/generated_H2_128C_int8/260-123286-0013_generated.wav,4.730023,1.249977,1.246783,0.264264,0.263589,1.149231,0.815642,1.937054
H2_128C_quantized_resblocks_range_2_9,260-123286-0014.wav,generated_audios/generated_H2_128C_int8/260-123286-0014_generated.wav,2.98,0.088119,0.08469,0.02957,0.028419,1.089772,0.784469,2.242217
H2_128C_quantized_resblocks_range_2_9,260-123286-0015.wav,generated_audios/generated_H2_128C_int8/260-123286-0015_generated.wav,5.210023,1.42269,1.419417,0.273068,0.27244,1.123922,0.836267,2.135305
H2_128C_quantized_resblocks_range_2_9,260-123286-0016.wav,generated_audios/generated_H2_128C_int8/260-123286-0016_generated.wav,7.0,1.876691,1.872866,0.268099,0.267552,1.106604,0.822439,1.673387
H2_128C_quantized_resblocks_range_2_9,260-123286-0017.wav,generated_audios/generated_H2_128C_int8/260-123286-0017_generated.wav,3.975011,1.00937,1.005576,0.253929,0.252974,1.127677,0.833137,1.829804
H2_128C_quantized_resblocks_range_2_9,260-123286-0018.wav,generated_audios/generated_H2_128C_int8/260-123286-0018_generated.wav,5.670023,1.547928,1.544504,0.273002,0.272398,1.123331,0.811519,1.659344
H2_128C_quantized_resblocks_range_2_9,260-123286-0019.wav,generated_audios/generated_H2_128C_int8/260-123286-0019_generated.wav,11.905034,3.510249,3.505625,0.294854,0.294466,1.117275,0.819101,1.764312
H2_128C_quantized_resblocks_range_2_9,260-123286-0020.wav,generated_audios/generated_H2_128C_int8/260-123286-0020_generated.wav,3.06,0.087247,0.0841,0.028512,0.027484,1.098723,0.82282,2.907169
H2_128C_quantized_resblocks_range_2_9,260-123286-0021.wav,generated_audios/generated_H2_128C_int8/260-123286-0021_generated.wav,2.550023,0.666926,0.663836,0.261537,0.260326,1.134208,0.844082,2.212897
H2_128C_quantized_resblocks_range_2_9,260-123286-0022.wav,generated_audios/generated_H2_128C_int8/260-123286-0022_generated.wav,3.235011,0.866082,0.862929,0.267721,0.266747,1.074653,0.833037,2.028535
H2_128C_quantized_resblocks_range_2_9,260-123286-0023.wav,generated_audios/generated_H2_128C_int8/260-123286-0023_generated.wav,5.875011,1.59038,1.586918,0.270703,0.270113,1.113123,0.821644,1.509036
H2_128C_quantized_resblocks_range_2_9,260-123286-0024.wav,generated_audios/generated_H2_128C_int8/260-123286-0024_generated.wav,3.04,0.803099,0.799815,0.264177,0.263097,1.168057,0.854692,1.761668
H2_128C_quantized_resblocks_range_2_9,260-123286-0025.wav,generated_audios/generated_H2_128C_int8/260-123286-0025_generated.wav,9.205034,2.390038,2.386023,0.259645,0.259209,1.139074,0.821185,1.711517
H2_128C_quantized_resblocks_range_2_9,260-123286-0026.wav,generated_audios/generated_H2_128C_int8/260-123286-0026_generated.wav,6.94,1.808372,1.804408,0.260572,0.260001,1.087427,0.806812,1.595819
H2_128C_quantized_resblocks_range_2_9,260-123286-0027.wav,generated_audios/generated_H2_128C_int8/260-123286-0027_generated.wav,7.170023,1.984142,1.980643,0.276727,0.276239,1.126491,0.808457,1.404623
H2_128C_quantized_resblocks_range_2_9,260-123286-0028.wav,generated_audios/generated_H2_128C_int8/260-123286-0028_generated.wav,7.465034,1.967743,1.96392,0.263595,0.263083,1.100056,0.787016,1.670226
H2_128C_quantized_resblocks_range_2_9,260-123286-0029.wav,generated_audios/generated_H2_128C_int8/260-123286-0029_generated.wav,4.545034,0.10283,0.09919,0.022625,0.021824,1.102714,0.818505,1.754982
H2_128C_quantized_resblocks_range_2_9,260-123286-0030.wav,generated_audios/generated_H2_128C_int8/260-123286-0030_generated.wav,7.530023,0.20513,0.201122,0.027242,0.026709,1.084987,0.804838,1.812511
H2_128C_quantized_resblocks_range_2_9,260-123286-0031.wav,generated_audios/generated_H2_128C_int8/260-123286-0031_generated.wav,5.06,1.320736,1.317108,0.261015,0.260298,1.117203,0.815899,2.229648
H2_128C_quantized_resblocks_range_2_9,260-123288-0000.wav,generated_audios/generated_H2_128C_int8/260-123288-0000_generated.wav,3.04,0.070648,0.067361,0.02324,0.022158,1.142307,0.793788,2.221879
H2_128C_quantized_resblocks_range_2_9,260-123288-0001.wav,generated_audios/generated_H2_128C_int8/260-123288-0001_generated.wav,5.08,0.131215,0.128207,0.02583,0.025238,1.107537,0.811939,2.605249
H2_128C_quantized_resblocks_range_2_9,260-123288-0002.wav,generated_audios/generated_H2_128C_int8/260-123288-0002_generated.wav,7.250023,1.925518,1.921573,0.265588,0.265044,1.092464,0.809136,1.696521
H2_128C_quantized_resblocks_range_2_9,260-123288-0003.wav,generated_audios/generated_H2_128C_int8/260-123288-0003_generated.wav,8.905034,2.465502,2.461417,0.276866,0.276407,1.086278,0.826381,1.721368
H2_128C_quantized_resblocks_range_2_9,260-123288-0004.wav,generated_audios/generated_H2_128C_int8/260-123288-0004_generated.wav,4.310023,1.187301,1.183719,0.275474,0.274643,1.079061,0.77455,2.844513
H2_128C_quantized_resblocks_range_2_9,260-123288-0005.wav,generated_audios/generated_H2_128C_int8/260-123288-0005_generated.wav,12.550023,3.600663,3.596543,0.286905,0.286577,1.08387,0.789879,1.797796
H2_128C_quantized_resblocks_range_2_9,260-123288-0006.wav,generated_audios/generated_H2_128C_int8/260-123288-0006_generated.wav,4.88,1.287945,1.284233,0.263923,0.263162,1.066144,0.797852,1.969909
H2_128C_quantized_resblocks_range_2_9,260-123288-0007.wav,generated_audios/generated_H2_128C_int8/260-123288-0007_generated.wav,11.2,3.182236,3.177621,0.284128,0.283716,1.095988,0.811836,1.690604
H2_128C_quantized_resblocks_range_2_9,260-123288-0008.wav,generated_audios/generated_H2_128C_int8/260-123288-0008_generated.wav,5.515011,1.536705,1.532869,0.27864,0.277945,1.158669,0.821772,1.611793
H2_128C_quantized_resblocks_range_2_9,260-123288-0009.wav,generated_audios/generated_H2_128C_int8/260-123288-0009_generated.wav,3.435011,0.948122,0.944779,0.276017,0.275044,1.15246,0.820697,1.891919
H2_128C_quantized_resblocks_range_2_9,260-123288-0010.wav,generated_audios/generated_H2_128C_int8/260-123288-0010_generated.wav,9.995011,0.278114,0.273758,0.027825,0.027389,1.092334,0.809192,1.710367
H2_128C_quantized_resblocks_range_2_9,260-123288-0011.wav,generated_audios/generated_H2_128C_int8/260-123288-0011_generated.wav,8.98,2.589942,2.585895,0.288412,0.287962,1.121718,0.808774,1.674253
H2_128C_quantized_resblocks_range_2_9,260-123288-0012.wav,generated_audios/generated_H2_128C_int8/260-123288-0012_generated.wav,3.545034,0.982148,0.978539,0.277049,0.276031,1.166825,0.80703,2.06398
H2_128C_quantized_resblocks_range_2_9,260-123288-0013.wav,generated_audios/generated_H2_128C_int8/260-123288-0013_generated.wav,11.385079,3.511056,3.507112,0.308391,0.308045,1.106892,0.820537,1.537812
H2_128C_quantized_resblocks_range_2_9,260-123288-0014.wav,generated_audios/generated_H2_128C_int8/260-123288-0014_generated.wav,1.805034,0.062308,0.0585,0.034519,0.032409,1.155071,0.829827,1.966661
H2_128C_quantized_resblocks_range_2_9,260-123288-0015.wav,generated_audios/generated_H2_128C_int8/260-123288-0015_generated.wav,21.185034,6.125682,6.120716,0.289151,0.288917,1.088704,0.809658,1.895817
H2_128C_quantized_resblocks_range_2_9,260-123288-0016.wav,generated_audios/generated_H2_128C_int8/260-123288-0016_generated.wav,4.865034,1.398539,1.395442,0.287468,0.286831,1.087821,0.793771,2.094189
H2_128C_quantized_resblocks_range_2_9,260-123288-0017.wav,generated_audios/generated_H2_128C_int8/260-123288-0017_generated.wav,5.225034,1.412834,1.409146,0.270397,0.269691,1.092611,0.833064,1.701979
H2_128C_quantized_resblocks_range_2_9,260-123288-0018.wav,generated_audios/generated_H2_128C_int8/260-123288-0018_generated.wav,3.245034,0.905807,0.902413,0.279136,0.27809,1.168134,0.806586,1.521253
H2_128C_quantized_resblocks_range_2_9,260-123288-0019.wav,generated_audios/generated_H2_128C_int8/260-123288-0019_generated.wav,2.955011,0.085493,0.082158,0.028931,0.027803,1.084314,0.807164,2.174619
H2_128C_quantized_resblocks_range_2_9,260-123288-0020.wav,generated_audios/generated_H2_128C_int8/260-123288-0020_generated.wav,2.9,0.813505,0.81033,0.280519,0.279424,1.129232,0.837333,1.882294
H2_128C_quantized_resblocks_range_2_9,260-123288-0021.wav,generated_audios/generated_H2_128C_int8/260-123288-0021_generated.wav,2.710023,0.076882,0.073606,0.028369,0.027161,1.152399,0.803238,1.906863
H2_128C_quantized_resblocks_range_2_9,260-123288-0022.wav,generated_audios/generated_H2_128C_int8/260-123288-0022_generated.wav,3.705034,1.043054,1.039837,0.281524,0.280655,1.077511,0.771381,1.987846
H2_128C_quantized_resblocks_range_2_9,260-123288-0023.wav,generated_audios/generated_H2_128C_int8/260-123288-0023_generated.wav,2.385034,0.074464,0.071326,0.031221,0.029906,1.098918,0.76808,2.456165
H2_128C_quantized_resblocks_range_2_9,260-123288-0024.wav,generated_audios/generated_H2_128C_int8/260-123288-0024_generated.wav,14.595011,4.258117,4.254236,0.291752,0.291486,1.105105,0.816088,1.587863
H2_128C_quantized_resblocks_range_2_9,260-123288-0025.wav,generated_audios/generated_H2_128C_int8/260-123288-0025_generated.wav,13.445034,4.042424,3.999404,0.300663,0.297463,1.137812,0.824856,1.7144
H2_128C_quantized_resblocks_range_2_9,260-123288-0026.wav,generated_audios/generated_H2_128C_int8/260-123288-0026_generated.wav,16.04,5.006127,5.001078,0.312103,0.311788,1.105048,0.816202,1.612499
H2_128C_quantized_resblocks_range_2_9,260-123288-0027.wav,generated_audios/generated_H2_128C_int8/260-123288-0027_generated.wav,6.305034,1.720703,1.717377,0.272909,0.272382,1.132838,0.828112,1.745791
H2_128C_quantized_resblocks_range_2_9,260-123288-0028.wav,generated_audios/generated_H2_128C_int8/260-123288-0028_generated.wav,2.610023,0.728978,0.725502,0.279299,0.277968,1.113065,0.835926,2.087142
H2_128C_quantized_resblocks_range_2_9,260-123440-0000.wav,generated_audios/generated_H2_128C_int8/260-123440-0000_generated.wav,2.165034,0.575569,0.57244,0.265848,0.264402,1.064488,0.790729,1.729376
H2_128C_quantized_resblocks_range_2_9,260-123440-0001.wav,generated_audios/generated_H2_128C_int8/260-123440-0001_generated.wav,1.74,0.455603,0.452392,0.261841,0.259995,1.116435,0.817093,2.687145
H2_128C_quantized_resblocks_range_2_9,260-123440-0002.wav,generated_audios/generated_H2_128C_int8/260-123440-0002_generated.wav,14.715011,4.557431,4.552295,0.309713,0.309364,1.116559,0.815849,1.685563
H2_128C_quantized_resblocks_range_2_9,260-123440-0003.wav,generated_audios/generated_H2_128C_int8/260-123440-0003_generated.wav,3.585034,1.036247,1.032624,0.289048,0.288038,1.134567,0.829605,1.600088
H2_128C_quantized_resblocks_range_2_9,260-123440-0004.wav,generated_audios/generated_H2_128C_int8/260-123440-0004_generated.wav,12.02,3.517153,3.512189,0.292608,0.292195,1.094334,0.806115,1.74118
H2_128C_quantized_resblocks_range_2_9,260-123440-0005.wav,generated_audios/generated_H2_128C_int8/260-123440-0005_generated.wav,3.105034,0.089389,0.085781,0.028788,0.027627,1.114727,0.809949,1.543287
H2_128C_quantized_resblocks_range_2_9,260-123440-0006.wav,generated_audios/generated_H2_128C_int8/260-123440-0006_generated.wav,2.715011,0.06818,0.064773,0.025112,0.023857,1.096422,0.778053,1.587771
H2_128C_quantized_resblocks_range_2_9,260-123440-0007.wav,generated_audios/generated_H2_128C_int8/260-123440-0007_generated.wav,3.385034,0.961336,0.958469,0.283996,0.283149,1.087732,0.804721,1.812507
H2_128C_quantized_resblocks_range_2_9,260-123440-0008.wav,generated_audios/generated_H2_128C_int8/260-123440-0008_generated.wav,3.745034,1.068902,1.065276,0.285419,0.28445,1.105129,0.802087,1.589554
H2_128C_quantized_resblocks_range_2_9,260-123440-0009.wav,generated_audios/generated_H2_128C_int8/260-123440-0009_generated.wav,3.115011,0.88979,0.886398,0.285646,0.284557,1.126247,0.865272,1.908495
H2_128C_quantized_resblocks_range_2_9,260-123440-0010.wav,generated_audios/generated_H2_128C_int8/260-123440-0010_generated.wav,8.315011,2.42583,2.421545,0.291741,0.291226,1.109584,0.78536,1.407609
H2_128C_quantized_resblocks_range_2_9,260-123440-0011.wav,generated_audios/generated_H2_128C_int8/260-123440-0011_generated.wav,4.870023,0.108015,0.104271,0.02218,0.021411,1.106316,0.837875,1.572719
H2_128C_quantized_resblocks_range_2_9,260-123440-0012.wav,generated_audios/generated_H2_128C_int8/260-123440-0012_generated.wav,5.245034,1.498119,1.494771,0.285626,0.284988,1.109371,0.829692,1.615908
H2_128C_quantized_resblocks_range_2_9,260-123440-0013.wav,generated_audios/generated_H2_128C_int8/260-123440-0013_generated.wav,3.475011,0.995245,0.991805,0.2864,0.285411,1.136996,0.813231,1.717003
H2_128C_quantized_resblocks_range_2_9,260-123440-0014.wav,generated_audios/generated_H2_128C_int8/260-123440-0014_generated.wav,3.815011,1.10775,1.104364,0.290366,0.289478,1.15762,0.853497,1.726744
H2_128C_quantized_resblocks_range_2_9,260-123440-0015.wav,generated_audios/generated_H2_128C_int8/260-123440-0015_generated.wav,6.2,0.192912,0.189206,0.031115,0.030517,1.134854,0.836479,1.353482
H2_128C_quantized_resblocks_range_2_9,260-123440-0016.wav,generated_audios/generated_H2_128C_int8/260-123440-0016_generated.wav,4.895011,1.432288,1.428769,0.292602,0.291883,1.127455,0.854237,1.385966
H2_128C_quantized_resblocks_range_2_9,260-123440-0017.wav,generated_audios/generated_H2_128C_int8/260-123440-0017_generated.wav,3.070023,0.094878,0.091255,0.030905,0.029724,1.089899,0.803673,1.587957
H2_128C_quantized_resblocks_range_2_9,260-123440-0018.wav,generated_audios/generated_H2_128C_int8/260-123440-0018_generated.wav,3.64,1.077253,1.073557,0.295949,0.294933,1.123795,0.843548,1.788687
H2_128C_quantized_resblocks_range_2_9,260-123440-0019.wav,generated_audios/generated_H2_128C_int8/260-123440-0019_generated.wav,6.630023,1.951382,1.947569,0.294325,0.29375,1.109234,0.805406,1.482409
H2_128C_quantized_resblocks_range_2_9,260-123440-0020.wav,generated_audios/generated_H2_128C_int8/260-123440-0020_generated.wav,4.995011,1.462989,1.458758,0.29289,0.292043,1.098784,0.81619,1.675896
H2_128C_quantized_resblocks_range_2_9,61-70968-0000.wav,generated_audios/generated_H2_128C_int8/61-70968-0000_generated.wav,4.905034,1.429143,1.425632,0.291362,0.290647,1.069147,0.831404,1.353154
H2_128C_quantized_resblocks_range_2_9,61-70968-0001.wav,generated_audios/generated_H2_128C_int8/61-70968-0001_generated.wav,3.610023,1.051357,1.048082,0.291233,0.290326,1.076222,0.794795,1.319551
H2_128C_quantized_resblocks_range_2_9,61-70968-0002.wav,generated_audios/generated_H2_128C_int8/61-70968-0002_generated.wav,2.970023,0.845932,0.842695,0.284823,0.283734,1.1123,0.779598,1.309672
H2_128C_quantized_resblocks_range_2_9,61-70968-0003.wav,generated_audios/generated_H2_128C_int8/61-70968-0003_generated.wav,4.315011,0.118581,0.114858,0.027481,0.026618,1.127581,0.820374,1.321534
H2_128C_quantized_resblocks_range_2_9,61-70968-0004.wav,generated_audios/generated_H2_128C_int8/61-70968-0004_generated.wav,3.885034,1.124365,1.120385,0.289409,0.288385,1.121593,0.839146,1.301849
H2_128C_quantized_resblocks_range_2_9,61-70968-0005.wav,generated_audios/generated_H2_128C_int8/61-70968-0005_generated.wav,5.070023,0.135243,0.131551,0.026675,0.025947,1.057688,0.75194,1.365525
H2_128C_quantized_resblocks_range_2_9,61-70968-0006.wav,generated_audios/generated_H2_128C_int8/61-70968-0006_generated.wav,2.935011,0.797028,0.793609,0.271559,0.270394,1.120518,0.832075,1.32155
H2_128C_quantized_resblocks_range_2_9,61-70968-0007.wav,generated_audios/generated_H2_128C_int8/61-70968-0007_generated.wav,3.550023,0.100852,0.097409,0.028409,0.027439,1.061969,0.670644,1.348754
H2_128C_quantized_resblocks_range_2_9,61-70968-0008.wav,generated_audios/generated_H2_128C_int8/61-70968-0008_generated.wav,3.535011,0.096277,0.092812,0.027235,0.026255,1.063617,0.798747,1.254948
H2_128C_quantized_resblocks_range_2_9,61-70968-0009.wav,generated_audios/generated_H2_128C_int8/61-70968-0009_generated.wav,4.510023,1.318161,1.315907,0.292274,0.291774,1.098558,0.758641,1.458543
H2_128C_quantized_resblocks_range_2_9,61-70968-0010.wav,generated_audios/generated_H2_128C_int8/61-70968-0010_generated.wav,8.295011,2.31781,2.314088,0.279422,0.278974,1.092807,0.794133,1.350427
H2_128C_quantized_resblocks_range_2_9,61-70968-0011.wav,generated_audios/generated_H2_128C_int8/61-70968-0011_generated.wav,6.375011,1.779025,1.774987,0.279062,0.278429,1.106318,0.805442,1.282365
H2_128C_quantized_resblocks_range_2_9,61-70968-0012.wav,generated_audios/generated_H2_128C_int8/61-70968-0012_generated.wav,2.610023,0.079477,0.076053,0.030451,0.029139,1.232438,0.901576,1.151094
H2_128C_quantized_resblocks_range_2_9,61-70968-0013.wav,generated_audios/generated_H2_128C_int8/61-70968-0013_generated.wav,4.450023,0.119908,0.116386,0.026945,0.026154,1.150026,0.808784,1.301913
H2_128C_quantized_resblocks_range_2_9,61-70968-0014.wav,generated_audios/generated_H2_128C_int8/61-70968-0014_generated.wav,7.485034,2.202115,2.198073,0.294202,0.293662,1.105629,0.822251,1.359776
H2_128C_quantized_resblocks_range_2_9,61-70968-0015.wav,generated_audios/generated_H2_128C_int8/61-70968-0015_generated.wav,5.375011,1.499616,1.497244,0.278998,0.278556,1.140947,0.840403,1.298802
H2_128C_quantized_resblocks_range_2_9,61-70968-0016.wav,generated_audios/generated_H2_128C_int8/61-70968-0016_generated.wav,3.72,1.103918,1.100523,0.296752,0.295839,1.162304,0.853857,1.198176
H2_128C_quantized_resblocks_range_2_9,61-70968-0017.wav,generated_audios/generated_H2_128C_int8/61-70968-0017_generated.wav,5.110023,1.517976,1.514334,0.297059,0.296346,1.125855,0.822975,1.279704
H2_128C_quantized_resblocks_range_2_9,61-70968-0018.wav,generated_audios/generated_H2_128C_int8/61-70968-0018_generated.wav,2.405034,0.683955,0.68063,0.284385,0.283002,1.11954,0.864356,1.321571
H2_128C_quantized_resblocks_range_2_9,61-70968-0019.wav,generated_audios/generated_H2_128C_int8/61-70968-0019_generated.wav,5.475011,1.540917,1.538604,0.281445,0.281023,1.106635,0.826789,1.317752
H2_128C_quantized_resblocks_range_2_9,61-70968-0020.wav,generated_audios/generated_H2_128C_int8/61-70968-0020_generated.wav,5.105034,1.541684,1.538103,0.301993,0.301291,1.188433,0.820046,1.102147
H2_128C_quantized_resblocks_range_2_9,61-70968-0021.wav,generated_audios/generated_H2_128C_int8/61-70968-0021_generated.wav,2.690023,0.725311,0.722071,0.26963,0.268426,1.142108,0.816846,1.249818
H2_128C_quantized_resblocks_range_2_9,61-70968-0022.wav,generated_audios/generated_H2_128C_int8/61-70968-0022_generated.wav,4.670023,0.141501,0.137974,0.0303,0.029545,1.064302,0.768681,1.389305
H2_128C_quantized_resblocks_range_2_9,61-70968-0023.wav,generated_audios/generated_H2_128C_int8/61-70968-0023_generated.wav,5.025034,0.141254,0.137785,0.02811,0.02742,1.197197,0.851184,1.174906
H2_128C_quantized_resblocks_range_2_9,61-70968-0024.wav,generated_audios/generated_H2_128C_int8/61-70968-0024_generated.wav,6.025034,1.79704,1.79326,0.298262,0.297635,1.159773,0.811965,1.156179
H2_128C_quantized_resblocks_range_2_9,61-70968-0025.wav,generated_audios/generated_H2_128C_int8/61-70968-0025_generated.wav,4.410023,0.118345,0.114685,0.026835,0.026006,1.166308,0.834908,1.189208
H2_128C_quantized_resblocks_range_2_9,61-70968-0026.wav,generated_audios/generated_H2_128C_int8/61-70968-0026_generated.wav,4.92,1.378692,1.375379,0.280222,0.279549,1.148463,0.85144,1.251959
H2_128C_quantized_resblocks_range_2_9,61-70968-0027.wav,generated_audios/generated_H2_128C_int8/61-70968-0027_generated.wav,6.870023,1.959846,1.955927,0.285275,0.284705,1.133303,0.826476,1.273271
H2_128C_quantized_resblocks_range_2_9,61-70968-0028.wav,generated_audios/generated_H2_128C_int8/61-70968-0028_generated.wav,5.355011,1.627079,1.623573,0.303842,0.303188,1.141045,0.849338,1.25156
H2_128C_quantized_resblocks_range_2_9,61-70968-0029.wav,generated_audios/generated_H2_128C_int8/61-70968-0029_generated.wav,3.495011,1.029584,1.025868,0.294587,0.293524,1.130399,0.813201,1.271716
H2_128C_quantized_resblocks_range_2_9,61-70968-0030.wav,generated_audios/generated_H2_128C_int8/61-70968-0030_generated.wav,5.685034,1.606883,1.603004,0.282651,0.281969,1.119336,0.834918,1.204857
H2_128C_quantized_resblocks_range_2_9,61-70968-0031.wav,generated_audios/generated_H2_128C_int8/61-70968-0031_generated.wav,2.925034,0.868014,0.864712,0.296753,0.295625,1.071411,0.789482,1.308889
H2_128C_quantized_resblocks_range_2_9,61-70968-0032.wav,generated_audios/generated_H2_128C_int8/61-70968-0032_generated.wav,4.28,0.11429,0.111327,0.026703,0.026011,1.178271,0.820639,1.29528
H2_128C_quantized_resblocks_range_2_9,61-70968-0033.wav,generated_audios/generated_H2_128C_int8/61-70968-0033_generated.wav,5.685034,0.129568,0.125776,0.022791,0.022124,1.141443,0.85979,1.281432
H2_128C_quantized_resblocks_range_2_9,61-70968-0034.wav,generated_audios/generated_H2_128C_int8/61-70968-0034_generated.wav,4.230023,1.264141,1.260453,0.29885,0.297978,1.143499,0.860583,1.156522
H2_128C_quantized_resblocks_range_2_9,61-70968-0035.wav,generated_audios/generated_H2_128C_int8/61-70968-0035_generated.wav,7.950023,2.249624,2.24567,0.282971,0.282473,1.109708,0.818474,1.246242
H2_128C_quantized_resblocks_range_2_9,61-70968-0036.wav,generated_audios/generated_H2_128C_int8/61-70968-0036_generated.wav,2.934966,0.085825,0.082454,0.029242,0.028094,1.132241,0.849159,1.22013
H2_128C_quantized_resblocks_range_2_9,61-70968-0037.wav,generated_audios/generated_H2_128C_int8/61-70968-0037_generated.wav,4.315011,0.114779,0.111297,0.0266,0.025793,1.074805,0.756753,1.392248
H2_128C_quantized_resblocks_range_2_9,61-70968-0038.wav,generated_audios/generated_H2_128C_int8/61-70968-0038_generated.wav,2.050023,0.567443,0.564277,0.276798,0.275254,1.172126,0.716014,1.543334
H2_128C_quantized_resblocks_range_2_9,61-70968-0039.wav,generated_audios/generated_H2_128C_int8/61-70968-0039_generated.wav,3.805034,1.075578,1.072414,0.282672,0.281841,1.122794,0.816134,1.370814
H2_128C_quantized_resblocks_range_2_9,61-70968-0040.wav,generated_audios/generated_H2_128C_int8/61-70968-0040_generated.wav,3.950023,1.180177,1.176507,0.298777,0.297848,1.124558,0.825034,1.326849
H2_128C_quantized_resblocks_range_2_9,61-70968-0041.wav,generated_audios/generated_H2_128C_int8/61-70968-0041_generated.wav,6.825034,0.182521,0.178791,0.026743,0.026196,1.130447,0.809519,1.307816
H2_128C_quantized_resblocks_range_2_9,61-70968-0042.wav,generated_audios/generated_H2_128C_int8/61-70968-0042_generated.wav,2.785034,0.081876,0.078878,0.029399,0.028322,1.107802,0.794911,1.308593
H2_128C_quantized_resblocks_range_2_9,61-70968-0043.wav,generated_audios/generated_H2_128C_int8/61-70968-0043_generated.wav,6.735011,2.010758,2.007072,0.298553,0.298006,1.092854,0.769828,1.295555
H2_128C_quantized_resblocks_range_2_9,61-70968-0044.wav,generated_audios/generated_H2_128C_int8/61-70968-0044_generated.wav,2.770023,0.081707,0.078339,0.029497,0.028281,1.082447,0.788286,1.341738
H2_128C_quantized_resblocks_range_2_9,61-70968-0045.wav,generated_audios/generated_H2_128C_int8/61-70968-0045_generated.wav,3.475011,0.099264,0.096012,0.028565,0.027629,1.094073,0.783931,1.328743
H2_128C_quantized_resblocks_range_2_9,61-70968-0046.wav,generated_audios/generated_H2_128C_int8/61-70968-0046_generated.wav,3.550023,0.101949,0.098555,0.028718,0.027762,1.109911,0.824061,1.347837
H2_128C_quantized_resblocks_range_2_9,61-70968-0047.wav,generated_audios/generated_H2_128C_int8/61-70968-0047_generated.wav,4.775011,1.354428,1.350919,0.283649,0.282914,1.13023,0.821454,1.272278
H2_128C_quantized_resblocks_range_2_9,61-70968-0048.wav,generated_audios/generated_H2_128C_int8/61-70968-0048_generated.wav,3.02,0.890957,0.887436,0.295019,0.293853,1.092776,0.774126,1.464452
H2_128C_quantized_resblocks_range_2_9,61-70968-0049.wav,generated_audios/generated_H2_128C_int8/61-70968-0049_generated.wav,8.250023,2.480505,2.476488,0.300666,0.30018,1.103053,0.792496,1.342358
H2_128C_quantized_resblocks_range_2_9,61-70968-0050.wav,generated_audios/generated_H2_128C_int8/61-70968-0050_generated.wav,5.58,1.598299,1.594526,0.286433,0.285757,1.103797,0.788319,1.388171
H2_128C_quantized_resblocks_range_2_9,61-70968-0051.wav,generated_audios/generated_H2_128C_int8/61-70968-0051_generated.wav,3.135011,0.883726,0.880088,0.281889,0.280729,1.123792,0.825783,1.346697
H2_128C_quantized_resblocks_range_2_9,61-70968-0052.wav,generated_audios/generated_H2_128C_int8/61-70968-0052_generated.wav,2.650023,0.76029,0.756928,0.2869,0.285631,1.197005,0.821528,1.172548
H2_128C_quantized_resblocks_range_2_9,61-70968-0053.wav,generated_audios/generated_H2_128C_int8/61-70968-0053_generated.wav,4.22,0.129557,0.125893,0.030701,0.029832,1.100595,0.782813,1.424823
H2_128C_quantized_resblocks_range_2_9,61-70968-0054.wav,generated_audios/generated_H2_128C_int8/61-70968-0054_generated.wav,7.86,2.357134,2.353265,0.29989,0.299398,1.109081,0.821039,1.273044
H2_128C_quantized_resblocks_range_2_9,61-70968-0055.wav,generated_audios/generated_H2_128C_int8/61-70968-0055_generated.wav,3.965034,0.108314,0.104649,0.027317,0.026393,1.149432,0.802274,1.312799
H2_128C_quantized_resblocks_range_2_9,61-70968-0056.wav,generated_audios/generated_H2_128C_int8/61-70968-0056_generated.wav,3.565034,1.07027,1.066762,0.300213,0.299229,1.14703,0.848751,1.288577
H2_128C_quantized_resblocks_range_2_9,61-70968-0057.wav,generated_audios/generated_H2_128C_int8/61-70968-0057_generated.wav,5.065034,0.128904,0.125411,0.02545,0.02476,1.077496,0.780985,1.319075
H2_128C_quantized_resblocks_range_2_9,61-70968-0058.wav,generated_audios/generated_H2_128C_int8/61-70968-0058_generated.wav,1.82,0.488707,0.485512,0.26852,0.266765,1.071488,0.761887,1.394249
H2_128C_quantized_resblocks_range_2_9,61-70968-0059.wav,generated_audios/generated_H2_128C_int8/61-70968-0059_generated.wav,2.170023,0.071711,0.068388,0.033046,0.031515,1.130702,0.832638,1.424915
H2_128C_quantized_resblocks_range_2_9,61-70968-0060.wav,generated_audios/generated_H2_128C_int8/61-70968-0060_generated.wav,3.735011,0.112938,0.109385,0.030238,0.029286,1.249398,0.844722,1.126094
H2_128C_quantized_resblocks_range_2_9,61-70968-0061.wav,generated_audios/generated_H2_128C_int8/61-70968-0061_generated.wav,5.530023,1.654695,1.650995,0.29922,0.298551,1.050368,0.758807,1.610393
H2_128C_quantized_resblocks_range_2_9,61-70968-0062.wav,generated_audios/generated_H2_128C_int8/61-70968-0062_generated.wav,2.555011,0.079953,0.076489,0.031293,0.029937,1.126944,0.810754,1.291142
H2_128C_quantized_resblocks_range_2_9,61-70970-0000.wav,generated_audios/generated_H2_128C_int8/61-70970-0000_generated.wav,6.075011,1.867008,1.863789,0.307326,0.306796,1.137379,0.849237,1.221022
H2_128C_quantized_resblocks_range_2_9,61-70970-0001.wav,generated_audios/generated_H2_128C_int8/61-70970-0001_generated.wav,6.155011,1.854932,1.851275,0.301369,0.300775,1.162486,0.852446,1.251148
H2_128C_quantized_resblocks_range_2_9,61-70970-0002.wav,generated_audios/generated_H2_128C_int8/61-70970-0002_generated.wav,4.165034,1.172444,1.169349,0.281497,0.280754,1.164692,0.794925,1.392711
H2_128C_quantized_resblocks_range_2_9,61-70970-0003.wav,generated_audios/generated_H2_128C_int8/61-70970-0003_generated.wav,3.835011,1.071866,1.068435,0.279495,0.2786,1.194585,0.802446,1.188367
H2_128C_quantized_resblocks_range_2_9,61-70970-0004.wav,generated_audios/generated_H2_128C_int8/61-70970-0004_generated.wav,10.515011,3.115822,3.111897,0.296321,0.295948,1.171686,0.834412,1.175411
H2_128C_quantized_resblocks_range_2_9,61-70970-0005.wav,generated_audios/generated_H2_128C_int8/61-70970-0005_generated.wav,2.02,0.564241,0.560879,0.279327,0.277663,1.227564,0.804916,1.407238
H2_128C_quantized_resblocks_range_2_9,61-70970-0006.wav,generated_audios/generated_H2_128C_int8/61-70970-0006_generated.wav,2.335011,0.692952,0.689794,0.296766,0.295414,1.110143,0.830016,1.372961
H2_128C_quantized_resblocks_range_2_9,61-70970-0007.wav,generated_audios/generated_H2_128C_int8/61-70970-0007_generated.wav,4.485034,1.378546,1.375079,0.307366,0.306593,1.152546,0.802571,1.367233
H2_128C_quantized_resblocks_range_2_9,61-70970-0008.wav,generated_audios/generated_H2_128C_int8/61-70970-0008_generated.wav,2.150023,0.657913,0.654649,0.306003,0.304485,1.21384,0.832968,1.331835
H2_128C_quantized_resblocks_range_2_9,61-70970-0009.wav,generated_audios/generated_H2_128C_int8/61-70970-0009_generated.wav,3.405034,1.083237,1.079774,0.318128,0.317111,1.202237,0.857518,1.090488
H2_128C_quantized_resblocks_range_2_9,61-70970-0010.wav,generated_audios/generated_H2_128C_int8/61-70970-0010_generated.wav,3.045034,0.090835,0.087331,0.02983,0.02868,1.166398,0.827233,1.218432
H2_128C_quantized_resblocks_range_2_9,61-70970-0011.wav,generated_audios/generated_H2_128C_int8/61-70970-0011_generated.wav,6.075011,0.137591,0.133755,0.022649,0.022017,1.128713,0.789876,1.241601
H2_128C_quantized_resblocks_range_2_9,61-70970-0012.wav,generated_audios/generated_H2_128C_int8/61-70970-0012_generated.wav,3.135011,0.075968,0.072647,0.024232,0.023173,1.164806,0.856643,1.223335
H2_128C_quantized_resblocks_range_2_9,61-70970-0013.wav,generated_audios/generated_H2_128C_int8/61-70970-0013_generated.wav,4.350023,1.334909,1.331527,0.306874,0.306097,1.127608,0.825973,1.338289
H2_128C_quantized_resblocks_range_2_9,61-70970-0014.wav,generated_audios/generated_H2_128C_int8/61-70970-0014_generated.wav,3.405034,0.081855,0.078338,0.024039,0.023007,1.183495,0.856903,1.222617
H2_128C_quantized_resblocks_range_2_9,61-70970-0015.wav,generated_audios/generated_H2_128C_int8/61-70970-0015_generated.wav,8.415011,2.571021,2.567078,0.305528,0.305059,1.110623,0.834405,1.32688
H2_128C_quantized_resblocks_range_2_9,61-70970-0016.wav,generated_audios/generated_H2_128C_int8/61-70970-0016_generated.wav,4.370023,1.339385,1.335446,0.306494,0.305593,1.129909,0.848861,1.326384
H2_128C_quantized_resblocks_range_2_9,61-70970-0017.wav,generated_audios/generated_H2_128C_int8/61-70970-0017_generated.wav,2.550023,0.075668,0.072285,0.029674,0.028347,1.073484,0.781358,1.428875
H2_128C_quantized_resblocks_range_2_9,61-70970-0018.wav,generated_audios/generated_H2_128C_int8/61-70970-0018_generated.wav,4.6,1.308473,1.304923,0.284451,0.283679,1.181841,0.805907,1.345421
H2_128C_quantized_resblocks_range_2_9,61-70970-0019.wav,generated_audios/generated_H2_128C_int8/61-70970-0019_generated.wav,3.78,1.132327,1.128842,0.299557,0.298635,1.128538,0.819883,1.360212
H2_128C_quantized_resblocks_range_2_9,61-70970-0020.wav,generated_audios/generated_H2_128C_int8/61-70970-0020_generated.wav,5.025034,0.137008,0.133331,0.027265,0.026533,1.106235,0.779642,1.467147
H2_128C_quantized_resblocks_range_2_9,61-70970-0021.wav,generated_audios/generated_H2_128C_int8/61-70970-0021_generated.wav,5.405034,1.533489,1.530084,0.283715,0.283085,1.150865,0.801637,1.27534
H2_128C_quantized_resblocks_range_2_9,61-70970-0022.wav,generated_audios/generated_H2_128C_int8/61-70970-0022_generated.wav,3.970023,0.105654,0.102149,0.026613,0.02573,1.209581,0.820069,1.284567
H2_128C_quantized_resblocks_range_2_9,61-70970-0023.wav,generated_audios/generated_H2_128C_int8/61-70970-0023_generated.wav,3.705034,0.104944,0.101357,0.028325,0.027357,1.154736,0.826651,1.178634
H2_128C_quantized_resblocks_range_2_9,61-70970-0024.wav,generated_audios/generated_H2_128C_int8/61-70970-0024_generated.wav,7.235011,2.148238,2.144332,0.296922,0.296383,1.173907,0.836899,1.262656
H2_128C_quantized_resblocks_range_2_9,61-70970-0025.wav,generated_audios/generated_H2_128C_int8/61-70970-0025_generated.wav,7.435011,2.244765,2.240601,0.301918,0.301358,1.198968,0.85312,1.222197
H2_128C_quantized_resblocks_range_2_9,61-70970-0026.wav,generated_audios/generated_H2_128C_int8/61-70970-0026_generated.wav,5.475011,0.15702,0.154716,0.028679,0.028258,1.266321,0.834691,1.149661
H2_128C_quantized_resblocks_range_2_9,61-70970-0027.wav,generated_audios/generated_H2_128C_int8/61-70970-0027_generated.wav,5.08,0.131179,0.127513,0.025823,0.025101,1.147485,0.818311,1.242603
H2_128C_quantized_resblocks_range_2_9,61-70970-0028.wav,generated_audios/generated_H2_128C_int8/61-70970-0028_generated.wav,6.550023,0.179022,0.175096,0.027332,0.026732,1.189474,0.841059,1.135628
H2_128C_quantized_resblocks_range_2_9,61-70970-0029.wav,generated_audios/generated_H2_128C_int8/61-70970-0029_generated.wav,4.030023,0.10739,0.103786,0.026647,0.025753,1.216475,0.821663,1.253779
H2_128C_quantized_resblocks_range_2_9,61-70970-0030.wav,generated_audios/generated_H2_128C_int8/61-70970-0030_generated.wav,3.24,0.09149,0.089374,0.028238,0.027585,1.15702,0.787809,1.146086
H2_128C_quantized_resblocks_range_2_9,61-70970-0031.wav,generated_audios/generated_H2_128C_int8/61-70970-0031_generated.wav,5.135011,1.525528,1.523107,0.297084,0.296612,1.108814,0.805541,1.328136
H2_128C_quantized_resblocks_range_2_9,61-70970-0032.wav,generated_audios/generated_H2_128C_int8/61-70970-0032_generated.wav,3.135011,0.074936,0.071582,0.023903,0.022833,1.075604,0.813168,1.330119
H2_128C_quantized_resblocks_range_2_9,61-70970-0033.wav,generated_audios/generated_H2_128C_int8/61-70970-0033_generated.wav,3.42,0.95473,0.951497,0.279161,0.278215,1.134451,0.862317,1.250487
H2_128C_quantized_resblocks_range_2_9,61-70970-0034.wav,generated_audios/generated_H2_128C_int8/61-70970-0034_generated.wav,4.485034,0.100485,0.096735,0.022405,0.021568,1.034225,0.7817,1.274161
H2_128C_quantized_resblocks_range_2_9,61-70970-0035.wav,generated_audios/generated_H2_128C_int8/61-70970-0035_generated.wav,7.405034,0.190467,0.186548,0.025721,0.025192,1.193015,0.828536,1.159849
H2_128C_quantized_resblocks_range_2_9,61-70970-0036.wav,generated_audios/generated_H2_128C_int8/61-70970-0036_generated.wav,6.785034,0.173526,0.169895,0.025575,0.02504,1.174637,0.819689,1.240865
H2_128C_quantized_resblocks_range_2_9,61-70970-0037.wav,generated_audios/generated_H2_128C_int8/61-70970-0037_generated.wav,5.98,1.772328,1.768526,0.296376,0.29574,1.163466,0.838914,1.251059
H2_128C_quantized_resblocks_range_2_9,61-70970-0038.wav,generated_audios/generated_H2_128C_int8/61-70970-0038_generated.wav,10.4,3.10405,3.099704,0.298466,0.298048,1.130189,0.819343,1.272005
H2_128C_quantized_resblocks_range_2_9,61-70970-0039.wav,generated_audios/generated_H2_128C_int8/61-70970-0039_generated.wav,6.665034,0.17496,0.170931,0.02625,0.025646,1.112017,0.778288,1.211408
H2_128C_quantized_resblocks_range_2_9,61-70970-0040.wav,generated_audios/generated_H2_128C_int8/61-70970-0040_generated.wav,4.165034,0.110731,0.107204,0.026586,0.025739,1.18528,0.827236,1.277974
H2_128C_quantized_resblocks_range_2_9,672-122797-0000.wav,generated_audios/generated_H2_128C_int8/672-122797-0000_generated.wav,4.070023,1.21863,1.21505,0.299416,0.298536,1.149914,0.852103,1.24887
H2_128C_quantized_resblocks_range_2_9,672-122797-0001.wav,generated_audios/generated_H2_128C_int8/672-122797-0001_generated.wav,15.130023,4.689184,4.684512,0.309926,0.309617,1.257683,0.859675,1.162218
H2_128C_quantized_resblocks_range_2_9,672-122797-0002.wav,generated_audios/generated_H2_128C_int8/672-122797-0002_generated.wav,13.62,3.83429,3.829597,0.281519,0.281174,1.162844,0.832197,1.306999
H2_128C_quantized_resblocks_range_2_9,672-122797-0003.wav,generated_audios/generated_H2_128C_int8/672-122797-0003_generated.wav,4.76,1.416473,1.412793,0.297578,0.296805,1.089518,0.757396,1.404434
H2_128C_quantized_resblocks_range_2_9,672-122797-0004.wav,generated_audios/generated_H2_128C_int8/672-122797-0004_generated.wav,10.250023,2.958258,2.954222,0.28861,0.288216,1.117534,0.759411,1.434483
H2_128C_quantized_resblocks_range_2_9,672-122797-0005.wav,generated_audios/generated_H2_128C_int8/672-122797-0005_generated.wav,3.26,0.950996,0.947541,0.291716,0.290657,1.05831,0.673991,1.537416
H2_128C_quantized_resblocks_range_2_9,672-122797-0006.wav,generated_audios/generated_H2_128C_int8/672-122797-0006_generated.wav,13.950023,4.35665,4.35199,0.312304,0.31197,1.059681,0.639927,1.554871
H2_128C_quantized_resblocks_range_2_9,672-122797-0007.wav,generated_audios/generated_H2_128C_int8/672-122797-0007_generated.wav,6.42,1.887048,1.883158,0.293933,0.293327,1.081707,0.680392,1.481881
H2_128C_quantized_resblocks_range_2_9,672-122797-0008.wav,generated_audios/generated_H2_128C_int8/672-122797-0008_generated.wav,30.810023,9.463742,9.456972,0.307164,0.306945,1.072581,0.69302,1.482292
H2_128C_quantized_resblocks_range_2_9,672-122797-0009.wav,generated_audios/generated_H2_128C_int8/672-122797-0009_generated.wav,2.765034,0.079864,0.076473,0.028884,0.027657,1.117816,0.718436,1.433207
H2_128C_quantized_resblocks_range_2_9,672-122797-0010.wav,generated_audios/generated_H2_128C_int8/672-122797-0010_generated.wav,3.815011,0.102992,0.100137,0.026997,0.026248,1.0508,0.713697,1.524283
H2_128C_quantized_resblocks_range_2_9,672-122797-0011.wav,generated_audios/generated_H2_128C_int8/672-122797-0011_generated.wav,2.54,0.76971,0.766164,0.303035,0.301639,1.066405,0.758648,1.318126
H2_128C_quantized_resblocks_range_2_9,672-122797-0012.wav,generated_audios/generated_H2_128C_int8/672-122797-0012_generated.wav,7.765034,2.402034,2.398715,0.30934,0.308912,1.06209,0.726039,1.361316
H2_128C_quantized_resblocks_range_2_9,672-122797-0013.wav,generated_audios/generated_H2_128C_int8/672-122797-0013_generated.wav,8.705034,2.677506,2.673258,0.307581,0.307093,1.094551,0.693014,1.403454
H2_128C_quantized_resblocks_range_2_9,672-122797-0014.wav,generated_audios/generated_H2_128C_int8/672-122797-0014_generated.wav,2.555011,0.074528,0.071032,0.029169,0.027801,1.098627,0.78471,1.400857
H2_128C_quantized_resblocks_range_2_9,672-122797-0015.wav,generated_audios/generated_H2_128C_int8/672-122797-0015_generated.wav,4.455011,0.117686,0.115311,0.026417,0.025883,1.070304,0.696287,1.419701
H2_128C_quantized_resblocks_range_2_9,672-122797-0016.wav,generated_audios/generated_H2_128C_int8/672-122797-0016_generated.wav,9.215011,2.753894,2.750272,0.298849,0.298456,1.077048,0.719576,1.410657
H2_128C_quantized_resblocks_range_2_9,672-122797-0017.wav,generated_audios/generated_H2_128C_int8/672-122797-0017_generated.wav,4.82,1.495305,1.491619,0.310229,0.309464,1.132846,0.768414,1.247396
H2_128C_quantized_resblocks_range_2_9,672-122797-0018.wav,generated_audios/generated_H2_128C_int8/672-122797-0018_generated.wav,4.930023,1.491785,1.488101,0.302592,0.301845,1.052518,0.712223,1.459709
H2_128C_quantized_resblocks_range_2_9,672-122797-0019.wav,generated_audios/generated_H2_128C_int8/672-122797-0019_generated.wav,4.110023,1.182432,1.178778,0.287695,0.286806,1.051,0.688989,1.596537
H2_128C_quantized_resblocks_range_2_9,672-122797-0020.wav,generated_audios/generated_H2_128C_int8/672-122797-0020_generated.wav,8.825034,2.687466,2.682931,0.304528,0.304014,1.0505,0.679641,1.546443
H2_128C_quantized_resblocks_range_2_9,672-122797-0021.wav,generated_audios/generated_H2_128C_int8/672-122797-0021_generated.wav,4.150023,0.117115,0.113968,0.02822,0.027462,1.072673,0.802581,1.446734
H2_128C_quantized_resblocks_range_2_9,672-122797-0022.wav,generated_audios/generated_H2_128C_int8/672-122797-0022_generated.wav,19.004943,5.802768,5.797673,0.305329,0.305061,1.084068,0.680669,1.444534
H2_128C_quantized_resblocks_range_2_9,672-122797-0023.wav,generated_audios/generated_H2_128C_int8/672-122797-0023_generated.wav,9.695102,2.888184,2.884002,0.297901,0.29747,1.062928,0.717204,1.470845
H2_128C_quantized_resblocks_range_2_9,672-122797-0024.wav,generated_audios/generated_H2_128C_int8/672-122797-0024_generated.wav,4.130023,1.211399,1.207815,0.293315,0.292448,1.065428,0.646515,1.602697
H2_128C_quantized_resblocks_range_2_9,672-122797-0025.wav,generated_audios/generated_H2_128C_int8/672-122797-0025_generated.wav,10.690023,3.248233,3.244049,0.303857,0.303465,1.075197,0.768225,1.388436
H2_128C_quantized_resblocks_range_2_9,672-122797-0026.wav,generated_audios/generated_H2_128C_int8/672-122797-0026_generated.wav,13.96,4.261141,4.256276,0.305239,0.304891,1.047594,0.673304,1.495308
H2_128C_quantized_resblocks_range_2_9,672-122797-0027.wav,generated_audios/generated_H2_128C_int8/672-122797-0027_generated.wav,4.790023,0.125531,0.121743,0.026207,0.025416,1.072365,0.643937,1.538967
H2_128C_quantized_resblocks_range_2_9,672-122797-0028.wav,generated_audios/generated_H2_128C_int8/672-122797-0028_generated.wav,2.610023,0.078742,0.075897,0.030169,0.029079,1.071876,0.763264,1.428857
H2_128C_quantized_resblocks_range_2_9,672-122797-0029.wav,generated_audios/generated_H2_128C_int8/672-122797-0029_generated.wav,3.050023,0.084062,0.080583,0.027561,0.02642,1.253389,0.809534,1.341074
H2_128C_quantized_resblocks_range_2_9,672-122797-0030.wav,generated_audios/generated_H2_128C_int8/672-122797-0030_generated.wav,4.575011,1.354612,1.351039,0.296089,0.295308,1.079792,0.78386,1.402077
H2_128C_quantized_resblocks_range_2_9,672-122797-0031.wav,generated_audios/generated_H2_128C_int8/672-122797-0031_generated.wav,3.98,0.111197,0.10761,0.027939,0.027038,1.190625,0.735943,1.397753
H2_128C_quantized_resblocks_range_2_9,672-122797-0032.wav,generated_audios/generated_H2_128C_int8/672-122797-0032_generated.wav,4.0,0.106376,0.102789,0.026594,0.025697,1.077714,0.668162,1.460399
H2_128C_quantized_resblocks_range_2_9,672-122797-0033.wav,generated_audios/generated_H2_128C_int8/672-122797-0033_generated.wav,1.285034,0.379103,0.337059,0.295014,0.262296,1.076216,0.727677,1.398452
H2_128C_quantized_resblocks_range_2_9,672-122797-0034.wav,generated_audios/generated_H2_128C_int8/672-122797-0034_generated.wav,5.110023,0.131585,0.128087,0.02575,0.025066,1.06802,0.79291,1.443374
H2_128C_quantized_resblocks_range_2_9,672-122797-0035.wav,generated_audios/generated_H2_128C_int8/672-122797-0035_generated.wav,2.9,0.081846,0.078461,0.028223,0.027055,1.357179,0.873335,1.222471
H2_128C_quantized_resblocks_range_2_9,672-122797-0036.wav,generated_audios/generated_H2_128C_int8/672-122797-0036_generated.wav,5.365034,0.14311,0.139213,0.026675,0.025948,1.091879,0.715995,1.185162
H2_128C_quantized_resblocks_range_2_9,672-122797-0037.wav,generated_audios/generated_H2_128C_int8/672-122797-0037_generated.wav,1.96,0.54547,0.542279,0.278301,0.276673,1.073273,0.725381,1.302455
H2_128C_quantized_resblocks_range_2_9,672-122797-0038.wav,generated_audios/generated_H2_128C_int8/672-122797-0038_generated.wav,8.8,2.702539,2.698605,0.307107,0.30666,1.086973,0.721325,1.427449
H2_128C_quantized_resblocks_range_2_9,672-122797-0039.wav,generated_audios/generated_H2_128C_int8/672-122797-0039_generated.wav,4.025034,1.205448,1.201868,0.299488,0.298598,1.175444,0.753379,1.420441
H2_128C_quantized_resblocks_range_2_9,672-122797-0040.wav,generated_audios/generated_H2_128C_int8/672-122797-0040_generated.wav,5.125034,0.134973,0.131206,0.026336,0.025601,1.111189,0.72837,1.466628
H2_128C_quantized_resblocks_range_2_9,672-122797-0041.wav,generated_audios/generated_H2_128C_int8/672-122797-0041_generated.wav,3.88,0.107994,0.104636,0.027834,0.026968,1.068656,0.734241,1.533881
H2_128C_quantized_resblocks_range_2_9,672-122797-0042.wav,generated_audios/generated_H2_128C_int8/672-122797-0042_generated.wav,15.310023,4.703132,4.698261,0.307193,0.306875,1.132178,0.58147,1.514357
H2_128C_quantized_resblocks_range_2_9,672-122797-0043.wav,generated_audios/generated_H2_128C_int8/672-122797-0043_generated.wav,3.78,0.102305,0.098881,0.027065,0.026159,1.066436,0.6497,1.467358
H2_128C_quantized_resblocks_range_2_9,672-122797-0044.wav,generated_audios/generated_H2_128C_int8/672-122797-0044_generated.wav,3.74,0.100859,0.097397,0.026968,0.026042,1.093937,0.668493,1.519648
H2_128C_quantized_resblocks_range_2_9,672-122797-0045.wav,generated_audios/generated_H2_128C_int8/672-122797-0045_generated.wav,13.96,0.320498,0.315708,0.022958,0.022615,1.091041,0.787706,1.379859
H2_128C_quantized_resblocks_range_2_9,672-122797-0046.wav,generated_audios/generated_H2_128C_int8/672-122797-0046_generated.wav,4.715011,1.407605,1.40402,0.298537,0.297777,1.083434,0.73502,1.489456
H2_128C_quantized_resblocks_range_2_9,672-122797-0047.wav,generated_audios/generated_H2_128C_int8/672-122797-0047_generated.wav,3.325034,0.985894,0.982289,0.296507,0.295422,1.291664,0.740705,1.210933
H2_128C_quantized_resblocks_range_2_9,672-122797-0048.wav,generated_audios/generated_H2_128C_int8/672-122797-0048_generated.wav,6.555011,0.181823,0.178001,0.027738,0.027155,1.059744,0.623454,1.508357
H2_128C_quantized_resblocks_range_2_9,672-122797-0049.wav,generated_audios/generated_H2_128C_int8/672-122797-0049_generated.wav,2.02,0.064911,0.061637,0.032134,0.030513,1.24413,0.669177,1.41955
H2_128C_quantized_resblocks_range_2_9,672-122797-0050.wav,generated_audios/generated_H2_128C_int8/672-122797-0050_generated.wav,4.855011,1.487171,1.463144,0.306317,0.301368,1.068243,0.735145,1.379909
H2_128C_quantized_resblocks_range_2_9,672-122797-0051.wav,generated_audios/generated_H2_128C_int8/672-122797-0051_generated.wav,4.665034,1.44217,1.438656,0.309145,0.308391,1.083898,0.682288,1.421749
H2_128C_quantized_resblocks_range_2_9,672-122797-0052.wav,generated_audios/generated_H2_128C_int8/672-122797-0052_generated.wav,4.285034,1.245127,1.241525,0.290576,0.289735,1.074416,0.755389,1.355627
H2_128C_quantized_resblocks_range_2_9,672-122797-0053.wav,generated_audios/generated_H2_128C_int8/672-122797-0053_generated.wav,2.955011,0.08275,0.079287,0.028003,0.026831,1.051771,0.66652,1.488386
H2_128C_quantized_resblocks_range_2_9,672-122797-0054.wav,generated_audios/generated_H2_128C_int8/672-122797-0054_generated.wav,4.250023,0.128057,0.124701,0.030131,0.029341,1.140321,0.692764,1.32976
H2_128C_quantized_resblocks_range_2_9,672-122797-0055.wav,generated_audios/generated_H2_128C_int8/672-122797-0055_generated.wav,8.230023,2.358192,2.354072,0.286535,0.286035,1.082526,0.708218,1.427596
H2_128C_quantized_resblocks_range_2_9,672-122797-0056.wav,generated_audios/generated_H2_128C_int8/672-122797-0056_generated.wav,5.225034,0.140153,0.136428,0.026823,0.02611,1.065998,0.727332,1.42964
H2_128C_quantized_resblocks_range_2_9,672-122797-0057.wav,generated_audios/generated_H2_128C_int8/672-122797-0057_generated.wav,6.56,0.171523,0.167897,0.026147,0.025594,1.093465,0.672317,1.428021
H2_128C_quantized_resblocks_range_2_9,672-122797-0058.wav,generated_audios/generated_H2_128C_int8/672-122797-0058_generated.wav,4.470023,1.34657,1.343032,0.301245,0.300453,1.048206,0.640711,1.593536
H2_128C_quantized_resblocks_range_2_9,672-122797-0059.wav,generated_audios/generated_H2_128C_int8/672-122797-0059_generated.wav,3.52,1.031572,1.028285,0.29306,0.292126,1.097597,0.736486,1.517817
H2_128C_quantized_resblocks_range_2_9,672-122797-0060.wav,generated_audios/generated_H2_128C_int8/672-122797-0060_generated.wav,3.350023,0.097127,0.093614,0.028993,0.027944,1.115363,0.8527,1.400766
H2_128C_quantized_resblocks_range_2_9,672-122797-0061.wav,generated_audios/generated_H2_128C_int8/672-122797-0061_generated.wav,7.590023,2.35825,2.354394,0.310704,0.310196,1.102153,0.789501,1.361117
H2_128C_quantized_resblocks_range_2_9,672-122797-0062.wav,generated_audios/generated_H2_128C_int8/672-122797-0062_generated.wav,2.675011,0.819384,0.816167,0.306311,0.305108,1.119971,0.60092,1.598844
H2_128C_quantized_resblocks_range_2_9,672-122797-0063.wav,generated_audios/generated_H2_128C_int8/672-122797-0063_generated.wav,5.075011,0.131247,0.127533,0.025861,0.02513,1.110083,0.78192,1.511957
H2_128C_quantized_resblocks_range_2_9,672-122797-0064.wav,generated_audios/generated_H2_128C_int8/672-122797-0064_generated.wav,15.270023,4.644708,4.63971,0.304172,0.303844,1.694769,0.818977,0.722813
H2_128C_quantized_resblocks_range_2_9,672-122797-0065.wav,generated_audios/generated_H2_128C_int8/672-122797-0065_generated.wav,3.030023,0.086676,0.083268,0.028606,0.027481,1.590264,0.817749,0.847187
H2_128C_quantized_resblocks_range_2_9,672-122797-0066.wav,generated_audios/generated_H2_128C_int8/672-122797-0066_generated.wav,4.815011,0.132622,0.128753,0.027543,0.02674,1.752749,0.925686,0.718231
H2_128C_quantized_resblocks_range_2_9,672-122797-0067.wav,generated_audios/generated_H2_128C_int8/672-122797-0067_generated.wav,13.035011,3.800955,3.796529,0.291596,0.291256,1.767265,0.888324,0.725871
H2_128C_quantized_resblocks_range_2_9,672-122797-0068.wav,generated_audios/generated_H2_128C_int8/672-122797-0068_generated.wav,4.02,0.109404,0.105581,0.027215,0.026264,1.580485,0.803294,0.833187
H2_128C_quantized_resblocks_range_2_9,672-122797-0069.wav,generated_audios/generated_H2_128C_int8/672-122797-0069_generated.wav,5.010023,1.543815,1.541308,0.308145,0.307645,1.636611,0.762545,0.836129
H2_128C_quantized_resblocks_range_2_9,672-122797-0070.wav,generated_audios/generated_H2_128C_int8/672-122797-0070_generated.wav,6.270023,1.78234,1.778546,0.284264,0.283659,1.640742,0.895375,0.742705
H2_128C_quantized_resblocks_range_2_9,672-122797-0071.wav,generated_audios/generated_H2_128C_int8/672-122797-0071_generated.wav,8.875011,2.701081,2.697009,0.304347,0.303888,1.76707,0.919415,0.70307
H2_128C_quantized_resblocks_range_2_9,672-122797-0072.wav,generated_audios/generated_H2_128C_int8/672-122797-0072_generated.wav,7.94,2.466621,2.462439,0.310658,0.310131,1.823482,0.826707,0.810916
H2_128C_quantized_resblocks_range_2_9,672-122797-0073.wav,generated_audios/generated_H2_128C_int8/672-122797-0073_generated.wav,8.205034,2.520795,2.516655,0.307225,0.306721,1.680001,0.886655,0.7618
H2_128C_quantized_resblocks_range_2_9,672-122797-0074.wav,generated_audios/generated_H2_128C_int8/672-122797-0074_generated.wav,8.730023,2.679078,2.675208,0.306881,0.306438,1.830452,0.672111,0.914983
H2_128C_quantized_resblocks_range_2_9,908-157963-0000.wav,generated_audios/generated_H2_128C_int8/908-157963-0000_generated.wav,12.62,3.650843,3.646753,0.28929,0.288966,1.725544,0.882633,0.77991
H2_128C_quantized_resblocks_range_2_9,908-157963-0001.wav,generated_audios/generated_H2_128C_int8/908-157963-0001_generated.wav,2.885034,0.861393,0.857873,0.298573,0.297353,1.749075,0.929514,0.786344
H2_128C_quantized_resblocks_range_2_9,908-157963-0002.wav,generated_audios/generated_H2_128C_int8/908-157963-0002_generated.wav,2.755011,0.826982,0.824759,0.300174,0.299367,1.739723,0.91905,0.778128
H2_128C_quantized_resblocks_range_2_9,908-157963-0003.wav,generated_audios/generated_H2_128C_int8/908-157963-0003_generated.wav,3.08,0.919654,0.916003,0.298589,0.297404,1.534167,0.920607,0.690346
H2_128C_quantized_resblocks_range_2_9,908-157963-0004.wav,generated_audios/generated_H2_128C_int8/908-157963-0004_generated.wav,13.990023,4.243543,4.238202,0.303326,0.302945,1.714786,0.884003,0.750375
H2_128C_quantized_resblocks_range_2_9,908-157963-0005.wav,generated_audios/generated_H2_128C_int8/908-157963-0005_generated.wav,7.035011,2.097869,2.093344,0.298204,0.297561,1.684652,0.887458,0.815536
H2_128C_quantized_resblocks_range_2_9,908-157963-0006.wav,generated_audios/generated_H2_128C_int8/908-157963-0006_generated.wav,8.110023,2.473346,2.469401,0.304974,0.304488,1.688128,0.878604,0.74374
H2_128C_quantized_resblocks_range_2_9,908-157963-0007.wav,generated_audios/generated_H2_128C_int8/908-157963-0007_generated.wav,32.770023,10.349297,10.343003,0.315816,0.315624,1.695251,0.888524,0.758382
H2_128C_quantized_resblocks_range_2_9,908-157963-0008.wav,generated_audios/generated_H2_128C_int8/908-157963-0008_generated.wav,19.950023,6.153281,6.147709,0.308435,0.308155,1.758067,0.898797,0.760547
H2_128C_quantized_resblocks_range_2_9,908-157963-0009.wav,generated_audios/generated_H2_128C_int8/908-157963-0009_generated.wav,4.06,1.236023,1.232329,0.304439,0.303529,1.829181,0.906937,0.711555
H2_128C_quantized_resblocks_range_2_9,908-157963-0010.wav,generated_audios/generated_H2_128C_int8/908-157963-0010_generated.wav,6.28,0.134551,0.130678,0.021425,0.020809,1.661428,0.807187,0.821968
H2_128C_quantized_resblocks_range_2_9,908-157963-0011.wav,generated_audios/generated_H2_128C_int8/908-157963-0011_generated.wav,10.395011,0.2652,0.261011,0.025512,0.025109,1.608773,0.862724,0.764037
H2_128C_quantized_resblocks_range_2_9,908-157963-0012.wav,generated_audios/generated_H2_128C_int8/908-157963-0012_generated.wav,10.090023,3.027886,3.023512,0.300087,0.299654,1.425522,0.831589,0.984896
H2_128C_quantized_resblocks_range_2_9,908-157963-0013.wav,generated_audios/generated_H2_128C_int8/908-157963-0013_generated.wav,4.315011,0.118562,0.115062,0.027477,0.026665,1.40236,0.892983,1.085136
H2_128C_quantized_resblocks_range_2_9,908-157963-0014.wav,generated_audios/generated_H2_128C_int8/908-157963-0014_generated.wav,4.52,0.118447,0.114785,0.026205,0.025395,1.554586,0.880667,1.066064
H2_128C_quantized_resblocks_range_2_9,908-157963-0015.wav,generated_audios/generated_H2_128C_int8/908-157963-0015_generated.wav,14.465034,4.131949,4.127343,0.285651,0.285332,1.668076,0.908367,0.914487
H2_128C_quantized_resblocks_range_2_9,908-157963-0016.wav,generated_audios/generated_H2_128C_int8/908-157963-0016_generated.wav,5.105034,0.132902,0.129192,0.026033,0.025307,1.604138,0.915767,0.950135
H2_128C_quantized_resblocks_range_2_9,908-157963-0017.wav,generated_audios/generated_H2_128C_int8/908-157963-0017_generated.wav,4.950023,1.46076,1.457069,0.295102,0.294356,1.745242,0.905965,0.849834
H2_128C_quantized_resblocks_range_2_9,908-157963-0018.wav,generated_audios/generated_H2_128C_int8/908-157963-0018_generated.wav,4.255011,0.126513,0.122921,0.029733,0.028889,1.618563,0.885469,0.860263
H2_128C_quantized_resblocks_range_2_9,908-157963-0019.wav,generated_audios/generated_H2_128C_int8/908-157963-0019_generated.wav,21.44,6.639524,6.634131,0.309679,0.309428,1.617554,0.88595,0.845925
H2_128C_quantized_resblocks_range_2_9,908-157963-0020.wav,generated_audios/generated_H2_128C_int8/908-157963-0020_generated.wav,9.8,2.958674,2.954857,0.301906,0.301516,1.688361,0.891796,0.838887
H2_128C_quantized_resblocks_range_2_9,908-157963-0021.wav,generated_audios/generated_H2_128C_int8/908-157963-0021_generated.wav,10.24,0.262157,0.257774,0.025601,0.025173,1.731595,0.893189,0.795747
H2_128C_quantized_resblocks_range_2_9,908-157963-0022.wav,generated_audios/generated_H2_128C_int8/908-157963-0022_generated.wav,4.610023,1.415116,1.411358,0.306965,0.30615,1.70636,0.887847,0.809224
H2_128C_quantized_resblocks_range_2_9,908-157963-0023.wav,generated_audios/generated_H2_128C_int8/908-157963-0023_generated.wav,9.625034,2.995571,2.991769,0.311227,0.310832,1.767999,0.857555,0.797359
H2_128C_quantized_resblocks_range_2_9,908-157963-0024.wav,generated_audios/generated_H2_128C_int8/908-157963-0024_generated.wav,3.44,1.058147,1.054732,0.307601,0.306608,1.603309,0.884968,0.86677
H2_128C_quantized_resblocks_range_2_9,908-157963-0025.wav,generated_audios/generated_H2_128C_int8/908-157963-0025_generated.wav,9.265034,2.670034,2.666036,0.288184,0.287752,1.683027,0.874948,0.851177
H2_128C_quantized_resblocks_range_2_9,908-157963-0026.wav,generated_audios/generated_H2_128C_int8/908-157963-0026_generated.wav,8.1,2.414768,2.410384,0.29812,0.297578,1.740171,0.880545,0.778141
H2_128C_quantized_resblocks_range_2_9,908-157963-0027.wav,generated_audios/generated_H2_128C_int8/908-157963-0027_generated.wav,5.225034,0.137335,0.134289,0.026284,0.025701,1.647034,0.816621,0.876884
H2_128C_quantized_resblocks_range_2_9,908-157963-0028.wav,generated_audios/generated_H2_128C_int8/908-157963-0028_generated.wav,4.955011,0.108679,0.105007,0.021933,0.021192,1.853961,0.918576,0.72002
H2_128C_quantized_resblocks_range_2_9,908-157963-0029.wav,generated_audios/generated_H2_128C_int8/908-157963-0029_generated.wav,3.630023,1.011987,1.008489,0.278783,0.277819,1.71233,0.931547,0.764439
H2_128C_quantized_resblocks_range_2_9,908-157963-0030.wav,generated_audios/generated_H2_128C_int8/908-157963-0030_generated.wav,4.52,0.10156,0.098279,0.022469,0.021743,1.752492,0.916142,0.818555
H2_128C_quantized_resblocks_range_2_9,908-31957-0000.wav,generated_audios/generated_H2_128C_int8/908-31957-0000_generated.wav,2.125034,0.606517,0.603371,0.285415,0.283935,1.975224,0.905444,0.879567
H2_128C_quantized_resblocks_range_2_9,908-31957-0001.wav,generated_audios/generated_H2_128C_int8/908-31957-0001_generated.wav,11.315011,3.429918,3.425729,0.30313,0.30276,1.611314,0.897164,0.86966
H2_128C_quantized_resblocks_range_2_9,908-31957-0002.wav,generated_audios/generated_H2_128C_int8/908-31957-0002_generated.wav,4.790023,0.123715,0.120121,0.025828,0.025077,1.599692,0.891597,0.930877
H2_128C_quantized_resblocks_range_2_9,908-31957-0003.wav,generated_audios/generated_H2_128C_int8/908-31957-0003_generated.wav,6.565034,0.166552,0.162683,0.02537,0.02478,1.61859,0.896633,0.779642
H2_128C_quantized_resblocks_range_2_9,908-31957-0004.wav,generated_audios/generated_H2_128C_int8/908-31957-0004_generated.wav,14.755011,4.515361,4.511042,0.306022,0.305729,1.67565,0.90188,0.820534
H2_128C_quantized_resblocks_range_2_9,908-31957-0005.wav,generated_audios/generated_H2_128C_int8/908-31957-0005_generated.wav,4.490023,0.117841,0.114143,0.026245,0.025421,1.703078,0.902284,0.962211
H2_128C_quantized_resblocks_range_2_9,908-31957-0006.wav,generated_audios/generated_H2_128C_int8/908-31957-0006_generated.wav,5.890023,1.661343,1.657749,0.28206,0.28145,1.657836,0.888805,0.937389
H2_128C_quantized_resblocks_range_2_9,908-31957-0007.wav,generated_audios/generated_H2_128C_int8/908-31957-0007_generated.wav,5.8,0.147867,0.144145,0.025494,0.024853,1.725505,0.905446,0.837624
H2_128C_quantized_resblocks_range_2_9,908-31957-0008.wav,generated_audios/generated_H2_128C_int8/908-31957-0008_generated.wav,10.005034,2.799634,2.795766,0.279822,0.279436,1.638685,0.896637,0.861077
H2_128C_quantized_resblocks_range_2_9,908-31957-0009.wav,generated_audios/generated_H2_128C_int8/908-31957-0009_generated.wav,7.705034,2.171136,2.167156,0.281781,0.281265,1.606005,0.900108,0.845922
H2_128C_quantized_resblocks_range_2_9,908-31957-0010.wav,generated_audios/generated_H2_128C_int8/908-31957-0010_generated.wav,2.510023,0.708356,0.705121,0.282211,0.280922,1.580406,0.773974,1.0907
H2_128C_quantized_resblocks_range_2_9,908-31957-0011.wav,generated_audios/generated_H2_128C_int8/908-31957-0011_generated.wav,2.335011,0.068837,0.065681,0.029481,0.028129,1.724025,0.859356,0.872938
H2_128C_quantized_resblocks_range_2_9,908-31957-0012.wav,generated_audios/generated_H2_128C_int8/908-31957-0012_generated.wav,7.615011,2.266612,2.262436,0.297651,0.297102,1.644279,0.891812,0.894701
H2_128C_quantized_resblocks_range_2_9,908-31957-0013.wav,generated_audios/generated_H2_128C_int8/908-31957-0013_generated.wav,6.18,1.850254,1.846495,0.299394,0.298786,1.77187,0.873786,0.920024
H2_128C_quantized_resblocks_range_2_9,908-31957-0014.wav,generated_audios/generated_H2_128C_int8/908-31957-0014_generated.wav,7.56,2.125521,2.121634,0.281154,0.280639,1.600839,0.887307,0.930551
H2_128C_quantized_resblocks_range_2_9,908-31957-0015.wav,generated_audios/generated_H2_128C_int8/908-31957-0015_generated.wav,21.465034,6.251848,6.246043,0.291257,0.290987,1.588448,0.880908,0.958658
H2_128C_quantized_resblocks_range_2_9,908-31957-0016.wav,generated_audios/generated_H2_128C_int8/908-31957-0016_generated.wav,6.48,1.842309,1.838671,0.284307,0.283746,1.7762,0.896249,0.9156
H2_128C_quantized_resblocks_range_2_9,908-31957-0017.wav,generated_audios/generated_H2_128C_int8/908-31957-0017_generated.wav,7.795011,2.3465,2.342627,0.301026,0.300529,1.527483,0.900382,0.941083
H2_128C_quantized_resblocks_range_2_9,908-31957-0018.wav,generated_audios/generated_H2_128C_int8/908-31957-0018_generated.wav,3.915011,1.212632,1.209035,0.309739,0.30882,1.664099,0.887531,0.913031
H2_128C_quantized_resblocks_range_2_9,908-31957-0019.wav,generated_audios/generated_H2_128C_int8/908-31957-0019_generated.wav,9.54,2.974147,2.970212,0.311755,0.311343,1.762375,0.907655,0.830416
H2_128C_quantized_resblocks_range_2_9,908-31957-0020.wav,generated_audios/generated_H2_128C_int8/908-31957-0020_generated.wav,5.895011,0.135237,0.131435,0.022941,0.022296,1.689267,0.897005,0.885415
H2_128C_quantized_resblocks_range_2_9,908-31957-0021.wav,generated_audios/generated_H2_128C_int8/908-31957-0021_generated.wav,10.905034,3.161392,3.157212,0.289902,0.289519,1.620871,0.893323,0.872605
H2_128C_quantized_resblocks_range_2_9,908-31957-0022.wav,generated_audios/generated_H2_128C_int8/908-31957-0022_generated.wav,14.1,4.349286,4.345136,0.30846,0.308166,1.575247,0.885547,0.873642
H2_128C_quantized_resblocks_range_2_9,908-31957-0023.wav,generated_audios/generated_H2_128C_int8/908-31957-0023_generated.wav,8.515011,2.635109,2.630918,0.309466,0.308974,1.655938,0.904252,0.949498
H2_128C_quantized_resblocks_range_2_9,908-31957-0024.wav,generated_audios/generated_H2_128C_int8/908-31957-0024_generated.wav,7.54,2.263422,2.259479,0.300189,0.299666,1.61937,0.891982,0.941248
H2_128C_quantized_resblocks_range_2_9,908-31957-0025.wav,generated_audios/generated_H2_128C_int8/908-31957-0025_generated.wav,20.56,6.280345,6.274596,0.305464,0.305185,1.606924,0.894349,1.019571
H2_128C_quantized_resblocks_range_2_9,1089-134686-0000.wav,generated_audios/generated_H2_128C_int8/1089-134686-0000_generated.wav,10.435011,0.270121,0.266381,0.025886,0.025528,1.113926,0.820133,1.641106
H2_128C_quantized_resblocks_range_2_9,1089-134686-0001.wav,generated_audios/generated_H2_128C_int8/1089-134686-0001_generated.wav,3.275011,0.103887,0.100136,0.031721,0.030576,1.077123,0.777155,1.845023
H2_128C_quantized_resblocks_range_2_9,1089-134686-0002.wav,generated_audios/generated_H2_128C_int8/1089-134686-0002_generated.wav,6.625034,0.198226,0.194483,0.029921,0.029356,1.117863,0.806879,1.680807
H2_128C_quantized_resblocks_range_2_9,1089-134686-0003.wav,generated_audios/generated_H2_128C_int8/1089-134686-0003_generated.wav,2.68,0.078682,0.075237,0.029359,0.028073,1.1453,0.829345,1.766972
H2_128C_quantized_resblocks_range_2_9,1089-134686-0004.wav,generated_audios/generated_H2_128C_int8/1089-134686-0004_generated.wav,5.215102,0.132069,0.128334,0.025324,0.024608,1.146575,0.879891,1.621915
H2_128C_quantized_resblocks_range_2_9,1089-134686-0005.wav,generated_audios/generated_H2_128C_int8/1089-134686-0005_generated.wav,9.635011,0.262606,0.258343,0.027255,0.026813,1.071958,0.770375,1.811912
H2_128C_quantized_resblocks_range_2_9,1089-134686-0006.wav,generated_audios/generated_H2_128C_int8/1089-134686-0006_generated.wav,10.555011,0.295535,0.291356,0.027999,0.027604,1.120622,0.802654,1.723931
H2_128C_quantized_resblocks_range_2_9,1089-134686-0007.wav,generated_audios/generated_H2_128C_int8/1089-134686-0007_generated.wav,4.275011,0.117809,0.114261,0.027558,0.026728,1.074849,0.790015,1.905082
H2_128C_quantized_resblocks_range_2_9,1089-134686-0008.wav,generated_audios/generated_H2_128C_int8/1089-134686-0008_generated.wav,6.730023,0.19368,0.189915,0.028779,0.028219,1.078261,0.798622,1.764637
H2_128C_quantized_resblocks_range_2_9,1089-134686-0009.wav,generated_audios/generated_H2_128C_int8/1089-134686-0009_generated.wav,10.575011,0.280515,0.276231,0.026526,0.026121,1.120794,0.848177,1.777874
H2_128C_quantized_resblocks_range_2_9,1089-134686-0010.wav,generated_audios/generated_H2_128C_int8/1089-134686-0010_generated.wav,4.405034,0.120014,0.1164,0.027245,0.026424,1.231708,0.859731,1.445988
H2_128C_quantized_resblocks_range_2_9,1089-134686-0011.wav,generated_audios/generated_H2_128C_int8/1089-134686-0011_generated.wav,12.445034,0.341925,0.337777,0.027475,0.027142,1.08926,0.814071,1.646756
H2_128C_quantized_resblocks_range_2_9,1089-134686-0012.wav,generated_audios/generated_H2_128C_int8/1089-134686-0012_generated.wav,11.64,0.352902,0.348589,0.030318,0.029947,1.114364,0.79331,1.767247
H2_128C_quantized_resblocks_range_2_9,1089-134686-0013.wav,generated_audios/generated_H2_128C_int8/1089-134686-0013_generated.wav,7.915011,0.225722,0.221809,0.028518,0.028024,1.092413,0.81064,1.740977
H2_128C_quantized_resblocks_range_2_9,1089-134686-0014.wav,generated_audios/generated_H2_128C_int8/1089-134686-0014_generated.wav,2.225034,0.066535,0.063401,0.029903,0.028494,1.210266,0.842481,1.734662
H2_128C_quantized_resblocks_range_2_9,1089-134686-0015.wav,generated_audios/generated_H2_128C_int8/1089-134686-0015_generated.wav,5.815011,0.149679,0.146246,0.02574,0.02515,1.144753,0.81011,1.900967
H2_128C_quantized_resblocks_range_2_9,1089-134686-0016.wav,generated_audios/generated_H2_128C_int8/1089-134686-0016_generated.wav,3.54,0.102657,0.099272,0.028999,0.028043,1.111068,0.831004,1.698505
H2_128C_quantized_resblocks_range_2_9,1089-134686-0017.wav,generated_audios/generated_H2_128C_int8/1089-134686-0017_generated.wav,8.870023,0.230383,0.226305,0.025973,0.025513,1.092433,0.833732,1.631659
H2_128C_quantized_resblocks_range_2_9,1089-134686-0018.wav,generated_audios/generated_H2_128C_int8/1089-134686-0018_generated.wav,15.72,0.431578,0.426189,0.027454,0.027111,1.086099,0.808947,1.732679
H2_128C_quantized_resblocks_range_2_9,1089-134686-0019.wav,generated_audios/generated_H2_128C_int8/1089-134686-0019_generated.wav,13.895011,0.368985,0.363921,0.026555,0.026191,1.086101,0.819284,1.653701
H2_128C_quantized_resblocks_range_2_9,1089-134686-0020.wav,generated_audios/generated_H2_128C_int8/1089-134686-0020_generated.wav,16.790023,0.49214,0.487086,0.029311,0.02901,1.102285,0.806698,1.717934
H2_128C_quantized_resblocks_range_2_9,1089-134686-0021.wav,generated_audios/generated_H2_128C_int8/1089-134686-0021_generated.wav,6.550023,0.18415,0.180173,0.028114,0.027507,1.100784,0.818031,1.750725
H2_128C_quantized_resblocks_range_2_9,1089-134686-0022.wav,generated_audios/generated_H2_128C_int8/1089-134686-0022_generated.wav,11.175011,0.301445,0.29703,0.026975,0.02658,1.132296,0.817101,1.623719
H2_128C_quantized_resblocks_range_2_9,1089-134686-0023.wav,generated_audios/generated_H2_128C_int8/1089-134686-0023_generated.wav,13.275011,0.375603,0.370828,0.028294,0.027934,1.082027,0.810941,1.724966
H2_128C_quantized_resblocks_range_2_9,1089-134686-0024.wav,generated_audios/generated_H2_128C_int8/1089-134686-0024_generated.wav,11.655011,0.308032,0.303896,0.026429,0.026074,1.083495,0.803513,1.64339
H2_128C_quantized_resblocks_range_2_9,1089-134686-0025.wav,generated_audios/generated_H2_128C_int8/1089-134686-0025_generated.wav,6.610023,0.175467,0.17187,0.026546,0.026001,1.088074,0.831981,1.745314
H2_128C_quantized_resblocks_range_2_9,1089-134686-0026.wav,generated_audios/generated_H2_128C_int8/1089-134686-0026_generated.wav,4.010023,0.123003,0.119349,0.030674,0.029763,1.120549,0.807782,1.752309
H2_128C_quantized_resblocks_range_2_9,1089-134686-0027.wav,generated_audios/generated_H2_128C_int8/1089-134686-0027_generated.wav,2.710023,0.080849,0.077377,0.029833,0.028552,1.159569,0.850824,1.568409
H2_128C_quantized_resblocks_range_2_9,1089-134686-0028.wav,generated_audios/generated_H2_128C_int8/1089-134686-0028_generated.wav,7.830023,0.197705,0.195101,0.02525,0.024917,1.144081,0.82459,1.497387
H2_128C_quantized_resblocks_range_2_9,1089-134686-0029.wav,generated_audios/generated_H2_128C_int8/1089-134686-0029_generated.wav,4.670023,0.140833,0.137363,0.030157,0.029414,1.156422,0.825491,1.649795
H2_128C_quantized_resblocks_range_2_9,1089-134686-0030.wav,generated_audios/generated_H2_128C_int8/1089-134686-0030_generated.wav,2.715011,0.067465,0.064295,0.024849,0.023681,1.155439,0.856757,1.451425
H2_128C_quantized_resblocks_range_2_9,1089-134686-0031.wav,generated_audios/generated_H2_128C_int8/1089-134686-0031_generated.wav,6.615011,0.145568,0.1418,0.022006,0.021436,1.107223,0.77409,1.784225
H2_128C_quantized_resblocks_range_2_9,121-121726-0000.wav,generated_audios/generated_H2_128C_int8/121-121726-0000_generated.wav,8.46,0.22036,0.216593,0.026047,0.025602,1.083758,0.822864,1.88575
H2_128C_quantized_resblocks_range_2_9,121-121726-0001.wav,generated_audios/generated_H2_128C_int8/121-121726-0001_generated.wav,5.925034,0.173644,0.169481,0.029307,0.028604,1.143089,0.83992,2.561937
H2_128C_quantized_resblocks_range_2_9,121-121726-0002.wav,generated_audios/generated_H2_128C_int8/121-121726-0002_generated.wav,4.410023,0.099038,0.095576,0.022457,0.021672,1.166441,0.811978,2.450186
H2_128C_quantized_resblocks_range_2_9,121-121726-0003.wav,generated_audios/generated_H2_128C_int8/121-121726-0003_generated.wav,6.755011,0.171944,0.168094,0.025454,0.024884,1.151242,0.849524,2.283793
H2_128C_quantized_resblocks_range_2_9,121-121726-0004.wav,generated_audios/generated_H2_128C_int8/121-121726-0004_generated.wav,4.02,0.108276,0.104712,0.026934,0.026048,1.077816,0.862906,2.820154
H2_128C_quantized_resblocks_range_2_9,121-121726-0005.wav,generated_audios/generated_H2_128C_int8/121-121726-0005_generated.wav,3.1,0.087834,0.084429,0.028334,0.027235,1.188396,0.906066,3.590042
H2_128C_quantized_resblocks_range_2_9,121-121726-0006.wav,generated_audios/generated_H2_128C_int8/121-121726-0006_generated.wav,3.895011,0.108157,0.104475,0.027768,0.026823,1.227004,0.829313,2.581483
H2_128C_quantized_resblocks_range_2_9,121-121726-0007.wav,generated_audios/generated_H2_128C_int8/121-121726-0007_generated.wav,6.730023,0.193574,0.189682,0.028763,0.028184,1.080108,0.850512,2.494756
H2_128C_quantized_resblocks_range_2_9,121-121726-0008.wav,generated_audios/generated_H2_128C_int8/121-121726-0008_generated.wav,4.990023,0.146824,0.143316,0.029423,0.028721,1.152398,0.861471,3.00338
H2_128C_quantized_resblocks_range_2_9,121-121726-0009.wav,generated_audios/generated_H2_128C_int8/121-121726-0009_generated.wav,7.26,0.186915,0.183199,0.025746,0.025234,1.083314,0.847542,2.341473
H2_128C_quantized_resblocks_range_2_9,121-121726-0010.wav,generated_audios/generated_H2_128C_int8/121-121726-0010_generated.wav,9.810023,0.244457,0.240093,0.024919,0.024474,1.080264,0.816098,2.328455
H2_128C_quantized_resblocks_range_2_9,121-121726-0011.wav,generated_audios/generated_H2_128C_int8/121-121726-0011_generated.wav,4.035011,0.107837,0.104221,0.026725,0.025829,1.153448,0.874418,2.715904
H2_128C_quantized_resblocks_range_2_9,121-121726-0012.wav,generated_audios/generated_H2_128C_int8/121-121726-0012_generated.wav,4.045034,0.117799,0.114271,0.029122,0.02825,1.132177,0.868864,2.127069
H2_128C_quantized_resblocks_range_2_9,121-121726-0013.wav,generated_audios/generated_H2_128C_int8/121-121726-0013_generated.wav,2.490023,0.072915,0.069623,0.029283,0.027961,1.096287,0.813639,2.555505
H2_128C_quantized_resblocks_range_2_9,121-121726-0014.wav,generated_audios/generated_H2_128C_int8/121-121726-0014_generated.wav,3.165034,0.088739,0.085416,0.028037,0.026987,1.270949,0.859157,2.844012
H2_128C_quantized_resblocks_range_2_9,121-123852-0000.wav,generated_audios/generated_H2_128C_int8/121-123852-0000_generated.wav,17.695011,0.546814,0.542799,0.030902,0.030675,1.105339,0.840025,2.301771
H2_128C_quantized_resblocks_range_2_9,121-123852-0001.wav,generated_audios/generated_H2_128C_int8/121-123852-0001_generated.wav,1.870023,0.060084,0.056644,0.03213,0.030291,1.073954,0.640008,3.31576
H2_128C_quantized_resblocks_range_2_9,121-123852-0002.wav,generated_audios/generated_H2_128C_int8/121-123852-0002_generated.wav,17.285034,0.540338,0.535619,0.03126,0.030987,1.080414,0.798633,1.936066
H2_128C_quantized_resblocks_range_2_9,121-123852-0003.wav,generated_audios/generated_H2_128C_int8/121-123852-0003_generated.wav,23.505034,6.976347,6.970716,0.296802,0.296563,1.059909,0.77966,2.021467
H2_128C_quantized_resblocks_range_2_9,121-123852-0004.wav,generated_audios/generated_H2_128C_int8/121-123852-0004_generated.wav,16.290023,4.58036,4.574946,0.281176,0.280843,1.115253,0.819907,1.895919
H2_128C_quantized_resblocks_range_2_9,121-123859-0000.wav,generated_audios/generated_H2_128C_int8/121-123859-0000_generated.wav,17.390023,4.691345,4.686119,0.269772,0.269472,1.051518,0.781137,2.040686
H2_128C_quantized_resblocks_range_2_9,121-123859-0001.wav,generated_audios/generated_H2_128C_int8/121-123859-0001_generated.wav,25.395011,6.998575,6.993438,0.275589,0.275386,1.089447,0.822396,1.956679
H2_128C_quantized_resblocks_range_2_9,121-123859-0002.wav,generated_audios/generated_H2_128C_int8/121-123859-0002_generated.wav,30.04,8.616298,8.609125,0.286827,0.286589,1.075672,0.805907,1.894864
H2_128C_quantized_resblocks_range_2_9,121-123859-0003.wav,generated_audios/generated_H2_128C_int8/121-123859-0003_generated.wav,10.825034,2.809338,2.805199,0.259522,0.25914,1.099895,0.826871,2.483281
H2_128C_quantized_resblocks_range_2_9,121-123859-0004.wav,generated_audios/generated_H2_128C_int8/121-123859-0004_generated.wav,9.505034,2.449081,2.444513,0.257661,0.257181,1.066662,0.799563,2.121869
H2_128C_quantized_resblocks_range_2_9,121-127105-0000.wav,generated_audios/generated_H2_128C_int8/121-127105-0000_generated.wav,9.875011,2.60758,2.603261,0.264058,0.263621,1.073475,0.794777,1.8178
H2_128C_quantized_resblocks_range_2_9,121-127105-0001.wav,generated_audios/generated_H2_128C_int8/121-127105-0001_generated.wav,5.025034,1.234164,1.230436,0.245603,0.244861,1.073304,0.806398,1.474362
H2_128C_quantized_resblocks_range_2_9,121-127105-0002.wav,generated_audios/generated_H2_128C_int8/121-127105-0002_generated.wav,7.495011,1.822075,1.818252,0.243105,0.242595,1.080941,0.79637,1.689758
H2_128C_quantized_resblocks_range_2_9,121-127105-0003.wav,generated_audios/generated_H2_128C_int8/121-127105-0003_generated.wav,7.725034,1.978742,1.974304,0.256147,0.255572,1.113067,0.835427,1.883241
H2_128C_quantized_resblocks_range_2_9,121-127105-0004.wav,generated_audios/generated_H2_128C_int8/121-127105-0004_generated.wav,2.110023,0.533666,0.530233,0.25292,0.251293,1.04105,0.841641,2.859598
H2_128C_quantized_resblocks_range_2_9,121-127105-0005.wav,generated_audios/generated_H2_128C_int8/121-127105-0005_generated.wav,5.82,1.438769,1.435159,0.247211,0.246591,1.08774,0.819146,1.788896
H2_128C_quantized_resblocks_range_2_9,121-127105-0006.wav,generated_audios/generated_H2_128C_int8/121-127105-0006_generated.wav,4.725034,1.223798,1.220152,0.259003,0.258231,1.057089,0.809535,1.944272
H2_128C_quantized_resblocks_range_2_9,121-127105-0007.wav,generated_audios/generated_H2_128C_int8/121-127105-0007_generated.wav,5.790023,1.461565,1.457941,0.252428,0.251802,1.080465,0.831805,1.790443
H2_128C_quantized_resblocks_range_2_9,121-127105-0008.wav,generated_audios/generated_H2_128C_int8/121-127105-0008_generated.wav,2.76,0.69736,0.693906,0.252667,0.251415,1.087604,0.799922,2.055622
H2_128C_quantized_resblocks_range_2_9,121-127105-0009.wav,generated_audios/generated_H2_128C_int8/121-127105-0009_generated.wav,2.290023,0.586803,0.583558,0.256243,0.254826,1.075147,0.813659,1.648042
H2_128C_quantized_resblocks_range_2_9,121-127105-0010.wav,generated_audios/generated_H2_128C_int8/121-127105-0010_generated.wav,2.850023,0.726661,0.723317,0.254967,0.253794,1.06751,0.786973,1.624022
H2_128C_quantized_resblocks_range_2_9,121-127105-0011.wav,generated_audios/generated_H2_128C_int8/121-127105-0011_generated.wav,5.78,1.476621,1.472682,0.255471,0.254789,1.068581,0.76803,1.498007
H2_128C_quantized_resblocks_range_2_9,121-127105-0012.wav,generated_audios/generated_H2_128C_int8/121-127105-0012_generated.wav,4.830023,1.259809,1.256223,0.260829,0.260086,1.043761,0.789099,1.522889
H2_128C_quantized_resblocks_range_2_9,121-127105-0013.wav,generated_audios/generated_H2_128C_int8/121-127105-0013_generated.wav,5.895011,1.445817,1.442213,0.245261,0.24465,1.083473,0.808118,1.744764
H2_128C_quantized_resblocks_range_2_9,121-127105-0014.wav,generated_audios/generated_H2_128C_int8/121-127105-0014_generated.wav,2.255011,0.544451,0.540913,0.24144,0.239871,1.127878,0.75637,2.382353
H2_128C_quantized_resblocks_range_2_9,121-127105-0015.wav,generated_audios/generated_H2_128C_int8/121-127105-0015_generated.wav,2.96,0.75578,0.752377,0.255331,0.254181,1.083173,0.790531,1.660981
H2_128C_quantized_resblocks_range_2_9,121-127105-0016.wav,generated_audios/generated_H2_128C_int8/121-127105-0016_generated.wav,2.030023,0.494125,0.491184,0.243408,0.24196,1.087699,0.815555,1.620625
H2_128C_quantized_resblocks_range_2_9,121-127105-0017.wav,generated_audios/generated_H2_128C_int8/121-127105-0017_generated.wav,2.695011,0.683706,0.68075,0.253693,0.252596,1.069103,0.790473,1.428562
H2_128C_quantized_resblocks_range_2_9,121-127105-0018.wav,generated_audios/generated_H2_128C_int8/121-127105-0018_generated.wav,2.770023,0.704718,0.701305,0.254409,0.253176,1.072809,0.761162,1.655987
H2_128C_quantized_resblocks_range_2_9,121-127105-0019.wav,generated_audios/generated_H2_128C_int8/121-127105-0019_generated.wav,3.525034,0.863992,0.860573,0.245102,0.244132,1.061999,0.77026,1.834733
H2_128C_quantized_resblocks_range_2_9,121-127105-0020.wav,generated_audios/generated_H2_128C_int8/121-127105-0020_generated.wav,14.355011,3.900291,3.895898,0.271702,0.271396,1.080235,0.817812,1.532923
H2_128C_quantized_resblocks_range_2_9,121-127105-0021.wav,generated_audios/generated_H2_128C_int8/121-127105-0021_generated.wav,2.0,0.492006,0.488675,0.246003,0.244338,1.083285,0.829818,1.757214
H2_128C_quantized_resblocks_range_2_9,121-127105-0022.wav,generated_audios/generated_H2_128C_int8/121-127105-0022_generated.wav,5.075011,1.300194,1.296529,0.256195,0.255473,1.134521,0.824711,2.16838
H2_128C_quantized_resblocks_range_2_9,121-127105-0023.wav,generated_audios/generated_H2_128C_int8/121-127105-0023_generated.wav,10.910023,2.688679,2.684517,0.246441,0.24606,1.092828,0.818849,1.53424
H2_128C_quantized_resblocks_range_2_9,121-127105-0024.wav,generated_audios/generated_H2_128C_int8/121-127105-0024_generated.wav,14.450023,4.098748,4.094494,0.28365,0.283356,1.085301,0.814247,1.613029
H2_128C_quantized_resblocks_range_2_9,121-127105-0025.wav,generated_audios/generated_H2_128C_int8/121-127105-0025_generated.wav,16.065034,4.374291,4.369305,0.272286,0.271976,1.086087,0.821079,1.589632
H2_128C_quantized_resblocks_range_2_9,121-127105-0026.wav,generated_audios/generated_H2_128C_int8/121-127105-0026_generated.wav,7.530023,1.858007,1.853847,0.246747,0.246194,1.084814,0.835192,1.531937
H2_128C_quantized_resblocks_range_2_9,121-127105-0027.wav,generated_audios/generated_H2_128C_int8/121-127105-0027_generated.wav,13.870023,3.816019,3.811751,0.275127,0.274819,1.108603,0.820722,1.707514
H2_128C_quantized_resblocks_range_2_9,121-127105-0028.wav,generated_audios/generated_H2_128C_int8/121-127105-0028_generated.wav,6.750023,0.171744,0.167907,0.025443,0.024875,1.118195,0.830854,1.818243
H2_128C_quantized_resblocks_range_2_9,121-127105-0029.wav,generated_audios/generated_H2_128C_int8/121-127105-0029_generated.wav,7.310023,1.866309,1.862298,0.255308,0.25476,1.0862,0.837406,1.843082
H2_128C_quantized_resblocks_range_2_9,121-127105-0030.wav,generated_audios/generated_H2_128C_int8/121-127105-0030_generated.wav,2.175011,0.539534,0.536188,0.248061,0.246522,1.052901,0.811234,1.887496
H2_128C_quantized_resblocks_range_2_9,121-127105-0031.wav,generated_audios/generated_H2_128C_int8/121-127105-0031_generated.wav,10.765034,2.617991,2.614063,0.243194,0.242829,1.090614,0.738532,2.213221
H2_128C_quantized_resblocks_range_2_9,121-127105-0032.wav,generated_audios/generated_H2_128C_int8/121-127105-0032_generated.wav,3.170023,0.765447,0.761877,0.241464,0.240338,1.078048,0.844706,1.837541
H2_128C_quantized_resblocks_range_2_9,121-127105-0033.wav,generated_audios/generated_H2_128C_int8/121-127105-0033_generated.wav,2.355011,0.590149,0.586797,0.250593,0.249169,1.078795,0.809047,2.288398
H2_128C_quantized_resblocks_range_2_9,121-127105-0034.wav,generated_audios/generated_H2_128C_int8/121-127105-0034_generated.wav,7.410023,1.930425,1.926907,0.260515,0.260041,1.094175,0.812874,2.280276
H2_128C_quantized_resblocks_range_2_9,121-127105-0035.wav,generated_audios/generated_H2_128C_int8/121-127105-0035_generated.wav,14.150023,3.841676,3.837067,0.271496,0.27117,1.096447,0.795734,2.530295
H2_128C_quantized_resblocks_range_2_9,121-127105-0036.wav,generated_audios/generated_H2_128C_int8/121-127105-0036_generated.wav,4.150023,1.004194,1.00045,0.241973,0.241071,1.137691,0.75355,2.39175
H2_128C_quantized_resblocks_range_2_9,237-126133-0000.wav,generated_audios/generated_H2_128C_int8/237-126133-0000_generated.wav,13.290023,3.806814,3.802587,0.286442,0.286123,1.065319,0.78911,1.759098
H2_128C_quantized_resblocks_range_2_9,237-126133-0001.wav,generated_audios/generated_H2_128C_int8/237-126133-0001_generated.wav,11.965034,3.422137,3.417629,0.286011,0.285635,1.06476,0.75663,1.785181
H2_128C_quantized_resblocks_range_2_9,237-126133-0002.wav,generated_audios/generated_H2_128C_int8/237-126133-0002_generated.wav,8.92,2.233209,2.229226,0.25036,0.249913,1.045209,0.754688,1.954436
H2_128C_quantized_resblocks_range_2_9,237-126133-0003.wav,generated_audios/generated_H2_128C_int8/237-126133-0003_generated.wav,6.56,1.684748,1.681437,0.256821,0.256317,1.048973,0.727652,1.841918
H2_128C_quantized_resblocks_range_2_9,237-126133-0004.wav,generated_audios/generated_H2_128C_int8/237-126133-0004_generated.wav,3.295011,0.861394,0.857849,0.261424,0.260348,1.054752,0.741386,1.883526
H2_128C_quantized_resblocks_range_2_9,237-126133-0005.wav,generated_audios/generated_H2_128C_int8/237-126133-0005_generated.wav,6.510023,1.695029,1.691289,0.260372,0.259798,1.074534,0.748009,1.79937
H2_128C_quantized_resblocks_range_2_9,237-126133-0006.wav,generated_audios/generated_H2_128C_int8/237-126133-0006_generated.wav,6.150023,1.576455,1.572671,0.256333,0.255718,1.091547,0.776559,1.919609
H2_128C_quantized_resblocks_range_2_9,237-126133-0007.wav,generated_audios/generated_H2_128C_int8/237-126133-0007_generated.wav,8.68,2.125364,2.121261,0.244858,0.244385,1.069141,0.760209,1.857197
H2_128C_quantized_resblocks_range_2_9,237-126133-0008.wav,generated_audios/generated_H2_128C_int8/237-126133-0008_generated.wav,3.865034,0.994758,0.991079,0.257374,0.256422,1.054968,0.765407,1.878762
H2_128C_quantized_resblocks_range_2_9,237-126133-0009.wav,generated_audios/generated_H2_128C_int8/237-126133-0009_generated.wav,3.970023,1.015803,1.012607,0.255868,0.255063,1.060913,0.767709,1.906669
H2_128C_quantized_resblocks_range_2_9,237-126133-0010.wav,generated_audios/generated_H2_128C_int8/237-126133-0010_generated.wav,6.24,1.539311,1.535587,0.246685,0.246088,1.047117,0.693889,1.847366
H2_128C_quantized_resblocks_range_2_9,237-126133-0011.wav,generated_audios/generated_H2_128C_int8/237-126133-0011_generated.wav,6.710023,1.775758,1.771657,0.264643,0.264031,1.085173,0.798304,1.895675
H2_128C_quantized_resblocks_range_2_9,237-126133-0012.wav,generated_audios/generated_H2_128C_int8/237-126133-0012_generated.wav,4.450023,1.184832,1.181291,0.266253,0.265457,1.062342,0.717059,1.886809
H2_128C_quantized_resblocks_range_2_9,237-126133-0013.wav,generated_audios/generated_H2_128C_int8/237-126133-0013_generated.wav,6.815011,1.782131,1.778309,0.261501,0.26094,1.059904,0.730235,1.965708
H2_128C_quantized_resblocks_range_2_9,237-126133-0014.wav,generated_audios/generated_H2_128C_int8/237-126133-0014_generated.wav,6.790023,1.782024,1.778497,0.262447,0.261928,1.062462,0.745782,1.747037
H2_128C_quantized_resblocks_range_2_9,237-126133-0015.wav,generated_audios/generated_H2_128C_int8/237-126133-0015_generated.wav,9.34,2.318889,2.315123,0.248275,0.247872,1.06717,0.764995,1.867017
H2_128C_quantized_resblocks_range_2_9,237-126133-0016.wav,generated_audios/generated_H2_128C_int8/237-126133-0016_generated.wav,4.250023,1.053704,1.05008,0.247929,0.247076,1.09566,0.763777,1.850523
H2_128C_quantized_resblocks_range_2_9,237-126133-0017.wav,generated_audios/generated_H2_128C_int8/237-126133-0017_generated.wav,6.210023,1.539345,1.535761,0.247881,0.247304,1.114887,0.823924,1.785433
H2_128C_quantized_resblocks_range_2_9,237-126133-0018.wav,generated_audios/generated_H2_128C_int8/237-126133-0018_generated.wav,4.095011,1.057286,1.053611,0.258189,0.257291,1.069769,0.714404,2.057841
H2_128C_quantized_resblocks_range_2_9,237-126133-0019.wav,generated_audios/generated_H2_128C_int8/237-126133-0019_generated.wav,7.12,1.878322,1.87456,0.263809,0.263281,1.052928,0.750386,1.881091
H2_128C_quantized_resblocks_range_2_9,237-126133-0020.wav,generated_audios/generated_H2_128C_int8/237-126133-0020_generated.wav,2.24,0.540333,0.536992,0.24122,0.239728,1.075356,0.769675,1.828957
H2_128C_quantized_resblocks_range_2_9,237-126133-0021.wav,generated_audios/generated_H2_128C_int8/237-126133-0021_generated.wav,4.365034,1.075398,1.071829,0.246366,0.245549,1.060756,0.74219,1.93298
H2_128C_quantized_resblocks_range_2_9,237-126133-0022.wav,generated_audios/generated_H2_128C_int8/237-126133-0022_generated.wav,5.04,1.318194,1.314597,0.261546,0.260833,1.074008,0.78115,1.828694
H2_128C_quantized_resblocks_range_2_9,237-126133-0023.wav,generated_audios/generated_H2_128C_int8/237-126133-0023_generated.wav,6.675011,1.762442,1.758647,0.264036,0.263467,1.054646,0.769212,1.830058
H2_128C_quantized_resblocks_range_2_9,237-126133-0024.wav,generated_audios/generated_H2_128C_int8/237-126133-0024_generated.wav,9.665034,2.564414,2.560385,0.265329,0.264912,1.097156,0.791195,1.660796
H2_128C_quantized_resblocks_range_2_9,237-126133-0025.wav,generated_audios/generated_H2_128C_int8/237-126133-0025_generated.wav,3.755011,0.967228,0.963866,0.257583,0.256688,1.078228,0.794218,1.788956
H2_128C_quantized_resblocks_range_2_9,237-134493-0000.wav,generated_audios/generated_H2_128C_int8/237-134493-0000_generated.wav,4.105034,1.077545,1.074167,0.262494,0.261671,1.225781,0.858419,1.333688
H2_128C_quantized_resblocks_range_2_9,237-134493-0001.wav,generated_audios/generated_H2_128C_int8/237-134493-0001_generated.wav,7.38,1.917194,1.913125,0.259782,0.259231,1.227287,0.871038,1.298658
H2_128C_quantized_resblocks_range_2_9,237-134493-0002.wav,generated_audios/generated_H2_128C_int8/237-134493-0002_generated.wav,11.395011,3.123,3.118357,0.274067,0.27366,1.279184,0.862817,1.378502
H2_128C_quantized_resblocks_range_2_9,237-134493-0003.wav,generated_audios/generated_H2_128C_int8/237-134493-0003_generated.wav,12.765034,3.644295,3.639563,0.28549,0.28512,1.197231,0.87588,1.313158
H2_128C_quantized_resblocks_range_2_9,237-134493-0004.wav,generated_audios/generated_H2_128C_int8/237-134493-0004_generated.wav,6.825034,1.808327,1.804419,0.264955,0.264382,1.286246,0.866902,1.26756
H2_128C_quantized_resblocks_range_2_9,237-134493-0005.wav,generated_audios/generated_H2_128C_int8/237-134493-0005_generated.wav,10.945034,2.740722,2.736861,0.250408,0.250055,1.27667,0.864099,1.241686
H2_128C_quantized_resblocks_range_2_9,237-134493-0006.wav,generated_audios/generated_H2_128C_int8/237-134493-0006_generated.wav,4.395011,1.085238,1.081974,0.246925,0.246182,1.426818,0.905299,1.150676
H2_128C_quantized_resblocks_range_2_9,237-134493-0007.wav,generated_audios/generated_H2_128C_int8/237-134493-0007_generated.wav,2.035011,0.499505,0.496266,0.245456,0.243864,1.298099,0.841494,1.172134
H2_128C_quantized_resblocks_range_2_9,237-134493-0008.wav,generated_audios/generated_H2_128C_int8/237-134493-0008_generated.wav,2.305034,0.554126,0.550964,0.240398,0.239026,1.275228,0.839996,1.438672
H2_128C_quantized_resblocks_range_2_9,237-134493-0009.wav,generated_audios/generated_H2_128C_int8/237-134493-0009_generated.wav,2.975011,0.783455,0.780526,0.263345,0.262361,1.244819,0.883582,1.358685
H2_128C_quantized_resblocks_range_2_9,237-134493-0010.wav,generated_audios/generated_H2_128C_int8/237-134493-0010_generated.wav,2.875011,0.733504,0.730252,0.255131,0.254,1.219426,0.845474,1.257273
H2_128C_quantized_resblocks_range_2_9,237-134493-0011.wav,generated_audios/generated_H2_128C_int8/237-134493-0011_generated.wav,5.035011,1.328955,1.325319,0.263943,0.263221,1.255753,0.874048,1.208777
H2_128C_quantized_resblocks_range_2_9,237-134493-0012.wav,generated_audios/generated_H2_128C_int8/237-134493-0012_generated.wav,3.66,0.893378,0.889754,0.244092,0.243102,1.325418,0.876577,1.234288
H2_128C_quantized_resblocks_range_2_9,237-134493-0013.wav,generated_audios/generated_H2_128C_int8/237-134493-0013_generated.wav,4.090023,0.098555,0.095583,0.024097,0.02337,1.337519,0.870505,1.214666
H2_128C_quantized_resblocks_range_2_9,237-134493-0014.wav,generated_audios/generated_H2_128C_int8/237-134493-0014_generated.wav,3.7,0.916915,0.913303,0.247815,0.246839,1.298647,0.875262,1.253687
H2_128C_quantized_resblocks_range_2_9,237-134493-0015.wav,generated_audios/generated_H2_128C_int8/237-134493-0015_generated.wav,6.550023,0.182891,0.179199,0.027922,0.027359,1.251449,0.870762,1.226472
H2_128C_quantized_resblocks_range_2_9,237-134493-0016.wav,generated_audios/generated_H2_128C_int8/237-134493-0016_generated.wav,10.085034,2.650776,2.646835,0.262843,0.262452,1.313378,0.889893,1.200036
H2_128C_quantized_resblocks_range_2_9,237-134493-0017.wav,generated_audios/generated_H2_128C_int8/237-134493-0017_generated.wav,9.105034,2.411201,2.407399,0.264821,0.264403,1.26099,0.87692,1.248038
H2_128C_quantized_resblocks_range_2_9,237-134493-0018.wav,generated_audios/generated_H2_128C_int8/237-134493-0018_generated.wav,4.790023,1.246363,1.243033,0.2602,0.259505,1.326148,0.905308,1.243424
H2_128C_quantized_resblocks_range_2_9,237-134500-0000.wav,generated_audios/generated_H2_128C_int8/237-134500-0000_generated.wav,6.130023,1.570157,1.56615,0.256142,0.255489,1.193145,0.853518,1.419984
H2_128C_quantized_resblocks_range_2_9,237-134500-0001.wav,generated_audios/generated_H2_128C_int8/237-134500-0001_generated.wav,1.810023,0.437811,0.434684,0.241882,0.240154,1.22824,0.845974,1.477271
H2_128C_quantized_resblocks_range_2_9,237-134500-0002.wav,generated_audios/generated_H2_128C_int8/237-134500-0002_generated.wav,5.070023,1.33425,1.33067,0.263165,0.262458,1.235746,0.886061,1.312447
H2_128C_quantized_resblocks_range_2_9,237-134500-0003.wav,generated_audios/generated_H2_128C_int8/237-134500-0003_generated.wav,3.170023,0.093214,0.089727,0.029405,0.028305,1.126581,0.847451,1.426813
H2_128C_quantized_resblocks_range_2_9,237-134500-0004.wav,generated_audios/generated_H2_128C_int8/237-134500-0004_generated.wav,2.225034,0.068364,0.065086,0.030725,0.029252,1.298546,0.885969,1.274865
H2_128C_quantized_resblocks_range_2_9,237-134500-0005.wav,generated_audios/generated_H2_128C_int8/237-134500-0005_generated.wav,2.390023,0.601454,0.598332,0.251652,0.250346,1.209195,0.865876,1.282273
H2_128C_quantized_resblocks_range_2_9,237-134500-0006.wav,generated_audios/generated_H2_128C_int8/237-134500-0006_generated.wav,4.225034,1.042234,1.039251,0.246681,0.245975,1.219079,0.872277,1.304568
H2_128C_quantized_resblocks_range_2_9,237-134500-0007.wav,generated_audios/generated_H2_128C_int8/237-134500-0007_generated.wav,2.390023,0.060737,0.057717,0.025413,0.024149,1.153608,0.817099,1.441554
H2_128C_quantized_resblocks_range_2_9,237-134500-0008.wav,generated_audios/generated_H2_128C_int8/237-134500-0008_generated.wav,3.76,0.100086,0.09706,0.026619,0.025814,1.227431,0.82903,1.397251
H2_128C_quantized_resblocks_range_2_9,237-134500-0009.wav,generated_audios/generated_H2_128C_int8/237-134500-0009_generated.wav,2.22,0.057811,0.054879,0.026041,0.02472,1.09059,0.835538,1.394226
H2_128C_quantized_resblocks_range_2_9,237-134500-0010.wav,generated_audios/generated_H2_128C_int8/237-134500-0010_generated.wav,3.995011,1.045471,1.042176,0.261694,0.260869,1.209392,0.86478,1.282606
H2_128C_quantized_resblocks_range_2_9,237-134500-0011.wav,generated_audios/generated_H2_128C_int8/237-134500-0011_generated.wav,3.350023,0.832465,0.830316,0.248495,0.247854,1.208645,0.821288,1.302301
H2_128C_quantized_resblocks_range_2_9,237-134500-0012.wav,generated_audios/generated_H2_128C_int8/237-134500-0012_generated.wav,10.935011,2.894646,2.8906,0.264714,0.264344,1.150592,0.848889,1.386542
H2_128C_quantized_resblocks_range_2_9,237-134500-0013.wav,generated_audios/generated_H2_128C_int8/237-134500-0013_generated.wav,10.56,0.297916,0.293708,0.028212,0.027813,1.165028,0.865903,1.360003
H2_128C_quantized_resblocks_range_2_9,237-134500-0014.wav,generated_audios/generated_H2_128C_int8/237-134500-0014_generated.wav,4.250023,0.130057,0.126405,0.030601,0.029742,1.169253,0.859179,1.359939
H2_128C_quantized_resblocks_range_2_9,237-134500-0015.wav,generated_audios/generated_H2_128C_int8/237-134500-0015_generated.wav,10.815011,2.832899,2.829139,0.261941,0.261594,1.181577,0.869261,1.37361
H2_128C_quantized_resblocks_range_2_9,237-134500-0016.wav,generated_audios/generated_H2_128C_int8/237-134500-0016_generated.wav,3.16,0.089886,0.086449,0.028445,0.027357,1.120068,0.769871,1.586787
H2_128C_quantized_resblocks_range_2_9,237-134500-0017.wav,generated_audios/generated_H2_128C_int8/237-134500-0017_generated.wav,2.18,0.065238,0.062196,0.029926,0.02853,1.244588,0.892366,1.365861
H2_128C_quantized_resblocks_range_2_9,237-134500-0018.wav,generated_audios/generated_H2_128C_int8/237-134500-0018_generated.wav,12.845034,3.696414,3.692394,0.28777,0.287457,1.167198,0.853903,1.478586
H2_128C_quantized_resblocks_range_2_9,237-134500-0019.wav,generated_audios/generated_H2_128C_int8/237-134500-0019_generated.wav,2.86,0.705463,0.702126,0.246665,0.245499,1.11602,0.837047,1.492337
H2_128C_quantized_resblocks_range_2_9,237-134500-0020.wav,generated_audios/generated_H2_128C_int8/237-134500-0020_generated.wav,2.18,0.059005,0.055787,0.027067,0.02559,1.23458,0.902119,1.656464
H2_128C_quantized_resblocks_range_2_9,237-134500-0021.wav,generated_audios/generated_H2_128C_int8/237-134500-0021_generated.wav,5.12,1.262749,1.259755,0.246631,0.246046,1.132926,0.777011,1.424108
H2_128C_quantized_resblocks_range_2_9,237-134500-0022.wav,generated_audios/generated_H2_128C_int8/237-134500-0022_generated.wav,5.165034,1.296014,1.292628,0.250921,0.250265,1.129925,0.821281,1.450327
H2_128C_quantized_resblocks_range_2_9,237-134500-0023.wav,generated_audios/generated_H2_128C_int8/237-134500-0023_generated.wav,3.06,0.803828,0.800544,0.262689,0.261616,1.179521,0.853062,1.495764
H2_128C_quantized_resblocks_range_2_9,237-134500-0024.wav,generated_audios/generated_H2_128C_int8/237-134500-0024_generated.wav,4.410023,0.120943,0.117128,0.027425,0.02656,1.237983,0.827068,1.507174
H2_128C_quantized_resblocks_range_2_9,237-134500-0025.wav,generated_audios/generated_H2_128C_int8/237-134500-0025_generated.wav,1.630023,0.390562,0.387297,0.239605,0.237602,1.161184,0.806718,1.78415
H2_128C_quantized_resblocks_range_2_9,237-134500-0026.wav,generated_audios/generated_H2_128C_int8/237-134500-0026_generated.wav,3.050023,0.784715,0.781625,0.257282,0.256269,1.221716,0.839748,1.459037
H2_128C_quantized_resblocks_range_2_9,237-134500-0027.wav,generated_audios/generated_H2_128C_int8/237-134500-0027_generated.wav,3.270023,0.868425,0.864924,0.265571,0.264501,1.172429,0.818125,1.441929
H2_128C_quantized_resblocks_range_2_9,237-134500-0028.wav,generated_audios/generated_H2_128C_int8/237-134500-0028_generated.wav,4.524943,1.198429,1.194867,0.264849,0.264062,1.152818,0.834029,1.512224
H2_128C_quantized_resblocks_range_2_9,237-134500-0029.wav,generated_audios/generated_H2_128C_int8/237-134500-0029_generated.wav,2.065034,0.51307,0.509675,0.248456,0.246812,1.15619,0.870942,1.319418
H2_128C_quantized_resblocks_range_2_9,237-134500-0030.wav,generated_audios/generated_H2_128C_int8/237-134500-0030_generated.wav,2.78,0.735545,0.732294,0.264584,0.263415,1.187834,0.857219,1.474488
H2_128C_quantized_resblocks_range_2_9,237-134500-0031.wav,generated_audios/generated_H2_128C_int8/237-134500-0031_generated.wav,10.610023,2.777828,2.773728,0.261812,0.261425,1.236231,0.864721,1.399229
H2_128C_quantized_resblocks_range_2_9,237-134500-0032.wav,generated_audios/generated_H2_128C_int8/237-134500-0032_generated.wav,5.025034,0.139057,0.135683,0.027673,0.027001,1.157192,0.861924,1.483378
H2_128C_quantized_resblocks_range_2_9,237-134500-0033.wav,generated_audios/generated_H2_128C_int8/237-134500-0033_generated.wav,6.350023,1.593698,1.589989,0.250975,0.250391,1.171734,0.811861,1.483333
H2_128C_quantized_resblocks_range_2_9,237-134500-0034.wav,generated_audios/generated_H2_128C_int8/237-134500-0034_generated.wav,3.075011,0.761054,0.757583,0.247496,0.246368,1.10867,0.82457,1.662437
H2_128C_quantized_resblocks_range_2_9,237-134500-0035.wav,generated_audios/generated_H2_128C_int8/237-134500-0035_generated.wav,2.555011,0.668189,0.665005,0.261521,0.260275,1.128051,0.842655,1.570159
H2_128C_quantized_resblocks_range_2_9,237-134500-0036.wav,generated_audios/generated_H2_128C_int8/237-134500-0036_generated.wav,6.6,1.737804,1.734259,0.263304,0.262766,1.164826,0.83404,1.544674
H2_128C_quantized_resblocks_range_2_9,237-134500-0037.wav,generated_audios/generated_H2_128C_int8/237-134500-0037_generated.wav,7.105034,1.850878,1.847155,0.260502,0.259978,1.125013,0.811441,1.428586
H2_128C_quantized_resblocks_range_2_9,237-134500-0038.wav,generated_audios/generated_H2_128C_int8/237-134500-0038_generated.wav,2.435011,0.616883,0.613538,0.253339,0.251965,1.086874,0.804182,1.389259
H2_128C_quantized_resblocks_range_2_9,237-134500-0039.wav,generated_audios/generated_H2_128C_int8/237-134500-0039_generated.wav,4.630023,1.217875,1.214676,0.263039,0.262348,1.153166,0.814897,1.445126
H2_128C_quantized_resblocks_range_2_9,237-134500-0040.wav,generated_audios/generated_H2_128C_int8/237-134500-0040_generated.wav,4.030023,0.108991,0.105549,0.027045,0.026191,1.149249,0.839676,1.388804
H2_128C_quantized_resblocks_range_2_9,237-134500-0041.wav,generated_audios/generated_H2_128C_int8/237-134500-0041_generated.wav,8.92,0.259918,0.255984,0.029139,0.028698,1.166657,0.866228,1.517671
H2_128C_quantized_resblocks_range_2_9,237-134500-0042.wav,generated_audios/generated_H2_128C_int8/237-134500-0042_generated.wav,2.575011,0.653853,0.65047,0.253922,0.252609,1.164866,0.757597,1.581047
H2_128C_quantized_resblocks_range_2_9,260-123286-0000.wav,generated_audios/generated_H2_128C_int8/260-123286-0000_generated.wav,7.04,1.777548,1.774177,0.252493,0.252014,1.147156,0.831245,2.306843
H2_128C_quantized_resblocks_range_2_9,260-123286-0001.wav,generated_audios/generated_H2_128C_int8/260-123286-0001_generated.wav,3.070023,0.074847,0.071296,0.02438,0.023223,1.088758,0.802742,2.234465
H2_128C_quantized_resblocks_range_2_9,260-123286-0002.wav,generated_audios/generated_H2_128C_int8/260-123286-0002_generated.wav,9.985034,2.673466,2.669649,0.267747,0.267365,1.100347,0.829167,1.898492
H2_128C_quantized_resblocks_range_2_9,260-123286-0003.wav,generated_audios/generated_H2_128C_int8/260-123286-0003_generated.wav,7.370023,1.95269,1.949217,0.26495,0.264479,1.09262,0.777401,2.049941
H2_128C_quantized_resblocks_range_2_9,260-123286-0004.wav,generated_audios/generated_H2_128C_int8/260-123286-0004_generated.wav,3.465034,0.913098,0.909518,0.263518,0.262484,1.072095,0.805876,2.291145
H2_128C_quantized_resblocks_range_2_9,260-123286-0005.wav,generated_audios/generated_H2_128C_int8/260-123286-0005_generated.wav,4.810023,1.210085,1.206826,0.251576,0.250898,1.079506,0.783447,1.749654
H2_128C_quantized_resblocks_range_2_9,260-123286-0006.wav,generated_audios/generated_H2_128C_int8/260-123286-0006_generated.wav,7.405034,1.929697,1.925358,0.260593,0.260007,1.152187,0.845262,1.638018
H2_128C_quantized_resblocks_range_2_9,260-123286-0007.wav,generated_audios/generated_H2_128C_int8/260-123286-0007_generated.wav,4.550023,1.173682,1.169901,0.257951,0.25712,1.084347,0.808508,1.758069
H2_128C_quantized_resblocks_range_2_9,260-123286-0008.wav,generated_audios/generated_H2_128C_int8/260-123286-0008_generated.wav,3.735011,0.934859,0.93156,0.250296,0.249413,1.112159,0.832354,1.824433
H2_128C_quantized_resblocks_range_2_9,260-123286-0009.wav,generated_audios/generated_H2_128C_int8/260-123286-0009_generated.wav,5.795011,1.588733,1.585015,0.274155,0.273514,1.083349,0.82061,1.734326
H2_128C_quantized_resblocks_range_2_9,260-123286-0010.wav,generated_audios/generated_H2_128C_int8/260-123286-0010_generated.wav,2.575011,0.064402,0.061175,0.02501,0.023757,1.128968,0.827176,2.266676
H2_128C_quantized_resblocks_range_2_9,260-123286-0011.wav,generated_audios/generated_H2_128C_int8/260-123286-0011_generated.wav,4.255011,0.129563,0.126138,0.03045,0.029645,1.122754,0.802005,2.026078
H2_128C_quantized_resblocks_range_2_9,260-123286-0012.wav,generated_audios/generated_H2_128C_int8/260-123286-0012_generated.wav,2.430023,0.062459,0.05935,0.025703,0.024424,1.102805,0.830384,2.096135
H2_128C_quantized_resblocks_range_2_9,260-123286-0013.wav,generated_audios/generated_H2_128C_int8/260-123286-0013_generated.wav,4.730023,1.243585,1.240085,0.262913,0.262173,1.149231,0.815642,1.937054
H2_128C_quantized_resblocks_range_2_9,260-123286-0014.wav,generated_audios/generated_H2_128C_int8/260-123286-0014_generated.wav,2.98,0.08987,0.086646,0.030158,0.029076,1.089772,0.784469,2.242217
H2_128C_quantized_resblocks_range_2_9,260-123286-0015.wav,generated_audios/generated_H2_128C_int8/260-123286-0015_generated.wav,5.210023,1.401639,1.398183,0.269027,0.268364,1.123922,0.836267,2.135305
H2_128C_quantized_resblocks_range_2_9,260-123286-0016.wav,generated_audios/generated_H2_128C_int8/260-123286-0016_generated.wav,7.0,1.86398,1.860026,0.266283,0.265718,1.106604,0.822439,1.673387
H2_128C_quantized_resblocks_range_2_9,260-123286-0017.wav,generated_audios/generated_H2_128C_int8/260-123286-0017_generated.wav,3.975011,1.003189,0.999863,0.252374,0.251537,1.127677,0.833137,1.829804
H2_128C_quantized_resblocks_range_2_9,260-123286-0018.wav,generated_audios/generated_H2_128C_int8/260-123286-0018_generated.wav,5.670023,1.539499,1.536191,0.271516,0.270932,1.123331,0.811519,1.659344
H2_128C_quantized_resblocks_range_2_9,260-123286-0019.wav,generated_audios/generated_H2_128C_int8/260-123286-0019_generated.wav,11.905034,3.463608,3.458858,0.290936,0.290537,1.117275,0.819101,1.764312
H2_128C_quantized_resblocks_range_2_9,260-123286-0020.wav,generated_audios/generated_H2_128C_int8/260-123286-0020_generated.wav,3.06,0.086186,0.083003,0.028165,0.027125,1.098723,0.82282,2.907169
H2_128C_quantized_resblocks_range_2_9,260-123286-0021.wav,generated_audios/generated_H2_128C_int8/260-123286-0021_generated.wav,2.550023,0.66309,0.659793,0.260033,0.25874,1.134208,0.844082,2.212897
H2_128C_quantized_resblocks_range_2_9,260-123286-0022.wav,generated_audios/generated_H2_128C_int8/260-123286-0022_generated.wav,3.235011,0.859169,0.856403,0.265585,0.264729,1.074653,0.833037,2.028535
H2_128C_quantized_resblocks_range_2_9,260-123286-0023.wav,generated_audios/generated_H2_128C_int8/260-123286-0023_generated.wav,5.875011,1.573754,1.570171,0.267873,0.267263,1.113123,0.821644,1.509036
H2_128C_quantized_resblocks_range_2_9,260-123286-0024.wav,generated_audios/generated_H2_128C_int8/260-123286-0024_generated.wav,3.04,0.795973,0.792836,0.261833,0.260801,1.168057,0.854692,1.761668
H2_128C_quantized_resblocks_range_2_9,260-123286-0025.wav,generated_audios/generated_H2_128C_int8/260-123286-0025_generated.wav,9.205034,2.358981,2.355071,0.256271,0.255846,1.139074,0.821185,1.711517
H2_128C_quantized_resblocks_range_2_9,260-123286-0026.wav,generated_audios/generated_H2_128C_int8/260-123286-0026_generated.wav,6.94,1.788323,1.784353,0.257683,0.257111,1.087427,0.806812,1.595819
H2_128C_quantized_resblocks_range_2_9,260-123286-0027.wav,generated_audios/generated_H2_128C_int8/260-123286-0027_generated.wav,7.170023,1.967849,1.964056,0.274455,0.273926,1.126491,0.808457,1.404623
H2_128C_quantized_resblocks_range_2_9,260-123286-0028.wav,generated_audios/generated_H2_128C_int8/260-123286-0028_generated.wav,7.465034,1.928613,1.924949,0.258353,0.257862,1.100056,0.787016,1.670226
H2_128C_quantized_resblocks_range_2_9,260-123286-0029.wav,generated_audios/generated_H2_128C_int8/260-123286-0029_generated.wav,4.545034,0.10501,0.101645,0.023104,0.022364,1.102714,0.818505,1.754982
H2_128C_quantized_resblocks_range_2_9,260-123286-0030.wav,generated_audios/generated_H2_128C_int8/260-123286-0030_generated.wav,7.530023,0.206658,0.202767,0.027445,0.026928,1.084987,0.804838,1.812511
H2_128C_quantized_resblocks_range_2_9,260-123286-0031.wav,generated_audios/generated_H2_128C_int8/260-123286-0031_generated.wav,5.06,1.297183,1.293771,0.25636,0.255686,1.117203,0.815899,2.229648
H2_128C_quantized_resblocks_range_2_9,260-123288-0000.wav,generated_audios/generated_H2_128C_int8/260-123288-0000_generated.wav,3.04,0.073131,0.069732,0.024056,0.022938,1.142307,0.793788,2.221879
H2_128C_quantized_resblocks_range_2_9,260-123288-0001.wav,generated_audios/generated_H2_128C_int8/260-123288-0001_generated.wav,5.08,0.131089,0.127172,0.025805,0.025034,1.107537,0.811939,2.605249
H2_128C_quantized_resblocks_range_2_9,260-123288-0002.wav,generated_audios/generated_H2_128C_int8/260-123288-0002_generated.wav,7.250023,1.897358,1.893977,0.261704,0.261237,1.092464,0.809136,1.696521
H2_128C_quantized_resblocks_range_2_9,260-123288-0003.wav,generated_audios/generated_H2_128C_int8/260-123288-0003_generated.wav,8.905034,2.431627,2.427232,0.273062,0.272569,1.086278,0.826381,1.721368
H2_128C_quantized_resblocks_range_2_9,260-123288-0004.wav,generated_audios/generated_H2_128C_int8/260-123288-0004_generated.wav,4.310023,1.158672,1.155215,0.268832,0.26803,1.079061,0.77455,2.844513
H2_128C_quantized_resblocks_range_2_9,260-123288-0005.wav,generated_audios/generated_H2_128C_int8/260-123288-0005_generated.wav,12.550023,3.609641,3.605549,0.28762,0.287294,1.08387,0.789879,1.797796
H2_128C_quantized_resblocks_range_2_9,260-123288-0006.wav,generated_audios/generated_H2_128C_int8/260-123288-0006_generated.wav,4.88,1.286697,1.283234,0.263667,0.262958,1.066144,0.797852,1.969909
H2_128C_quantized_resblocks_range_2_9,260-123288-0007.wav,generated_audios/generated_H2_128C_int8/260-123288-0007_generated.wav,11.2,3.151047,3.147387,0.281344,0.281017,1.095988,0.811836,1.690604
H2_128C_quantized_resblocks_range_2_9,260-123288-0008.wav,generated_audios/generated_H2_128C_int8/260-123288-0008_generated.wav,5.515011,1.514112,1.510227,0.274544,0.273839,1.158669,0.821772,1.611793
H2_128C_quantized_resblocks_range_2_9,260-123288-0009.wav,generated_audios/generated_H2_128C_int8/260-123288-0009_generated.wav,3.435011,0.941968,0.938919,0.274225,0.273338,1.15246,0.820697,1.891919
H2_128C_quantized_resblocks_range_2_9,260-123288-0010.wav,generated_audios/generated_H2_128C_int8/260-123288-0010_generated.wav,9.995011,0.275167,0.271072,0.02753,0.027121,1.092334,0.809192,1.710367
H2_128C_quantized_resblocks_range_2_9,260-123288-0011.wav,generated_audios/generated_H2_128C_int8/260-123288-0011_generated.wav,8.98,2.568551,2.564165,0.28603,0.285542,1.121718,0.808774,1.674253
H2_128C_quantized_resblocks_range_2_9,260-123288-0012.wav,generated_audios/generated_H2_128C_int8/260-123288-0012_generated.wav,3.545034,0.973982,0.970505,0.274745,0.273765,1.166825,0.80703,2.06398
H2_128C_quantized_resblocks_range_2_9,260-123288-0013.wav,generated_audios/generated_H2_128C_int8/260-123288-0013_generated.wav,11.385079,3.53919,3.534951,0.310862,0.31049,1.106892,0.820537,1.537812
H2_128C_quantized_resblocks_range_2_9,260-123288-0014.wav,generated_audios/generated_H2_128C_int8/260-123288-0014_generated.wav,1.805034,0.060276,0.057297,0.033393,0.031743,1.155071,0.829827,1.966661
H2_128C_quantized_resblocks_range_2_9,260-123288-0015.wav,generated_audios/generated_H2_128C_int8/260-123288-0015_generated.wav,21.185034,6.152962,6.147901,0.290439,0.2902,1.088704,0.809658,1.895817
H2_128C_quantized_resblocks_range_2_9,260-123288-0016.wav,generated_audios/generated_H2_128C_int8/260-123288-0016_generated.wav,4.865034,1.40881,1.404922,0.289579,0.288779,1.087821,0.793771,2.094189
H2_128C_quantized_resblocks_range_2_9,260-123288-0017.wav,generated_audios/generated_H2_128C_int8/260-123288-0017_generated.wav,5.225034,1.415856,1.412414,0.270975,0.270317,1.092611,0.833064,1.701979
H2_128C_quantized_resblocks_range_2_9,260-123288-0018.wav,generated_audios/generated_H2_128C_int8/260-123288-0018_generated.wav,3.245034,0.904871,0.901445,0.278848,0.277792,1.168134,0.806586,1.521253
H2_128C_quantized_resblocks_range_2_9,260-123288-0019.wav,generated_audios/generated_H2_128C_int8/260-123288-0019_generated.wav,2.955011,0.086171,0.082681,0.029161,0.02798,1.084314,0.807164,2.174619
H2_128C_quantized_resblocks_range_2_9,260-123288-0020.wav,generated_audios/generated_H2_128C_int8/260-123288-0020_generated.wav,2.9,0.809529,0.806223,0.279148,0.278008,1.129232,0.837333,1.882294
H2_128C_quantized_resblocks_range_2_9,260-123288-0021.wav,generated_audios/generated_H2_128C_int8/260-123288-0021_generated.wav,2.710023,0.076438,0.073433,0.028206,0.027097,1.152399,0.803238,1.906863
H2_128C_quantized_resblocks_range_2_9,260-123288-0022.wav,generated_audios/generated_H2_128C_int8/260-123288-0022_generated.wav,3.705034,1.027756,1.024513,0.277395,0.276519,1.077511,0.771381,1.987846
H2_128C_quantized_resblocks_range_2_9,260-123288-0023.wav,generated_audios/generated_H2_128C_int8/260-123288-0023_generated.wav,2.385034,0.0733,0.070103,0.030734,0.029393,1.098918,0.76808,2.456165
H2_128C_quantized_resblocks_range_2_9,260-123288-0024.wav,generated_audios/generated_H2_128C_int8/260-123288-0024_generated.wav,14.595011,4.239812,4.23527,0.290497,0.290186,1.105105,0.816088,1.587863
H2_128C_quantized_resblocks_range_2_9,260-123288-0025.wav,generated_audios/generated_H2_128C_int8/260-123288-0025_generated.wav,13.445034,3.955993,3.950964,0.294235,0.29386,1.137812,0.824856,1.7144
H2_128C_quantized_resblocks_range_2_9,260-123288-0026.wav,generated_audios/generated_H2_128C_int8/260-123288-0026_generated.wav,16.04,4.986872,4.981544,0.310902,0.31057,1.105048,0.816202,1.612499
H2_128C_quantized_resblocks_range_2_9,260-123288-0027.wav,generated_audios/generated_H2_128C_int8/260-123288-0027_generated.wav,6.305034,1.707387,1.703879,0.270797,0.270241,1.132838,0.828112,1.745791
H2_128C_quantized_resblocks_range_2_9,260-123288-0028.wav,generated_audios/generated_H2_128C_int8/260-123288-0028_generated.wav,2.610023,0.728029,0.724834,0.278936,0.277712,1.113065,0.835926,2.087142
H2_128C_quantized_resblocks_range_2_9,260-123440-0000.wav,generated_audios/generated_H2_128C_int8/260-123440-0000_generated.wav,2.165034,0.569049,0.565502,0.262836,0.261198,1.064488,0.790729,1.729376
H2_128C_quantized_resblocks_range_2_9,260-123440-0001.wav,generated_audios/generated_H2_128C_int8/260-123440-0001_generated.wav,1.74,0.450503,0.447281,0.25891,0.257058,1.116435,0.817093,2.687145
H2_128C_quantized_resblocks_range_2_9,260-123440-0002.wav,generated_audios/generated_H2_128C_int8/260-123440-0002_generated.wav,14.715011,4.552069,4.547157,0.309349,0.309015,1.116559,0.815849,1.685563
H2_128C_quantized_resblocks_range_2_9,260-123440-0003.wav,generated_audios/generated_H2_128C_int8/260-123440-0003_generated.wav,3.585034,1.037939,1.034262,0.28952,0.288494,1.134567,0.829605,1.600088
H2_128C_quantized_resblocks_range_2_9,260-123440-0004.wav,generated_audios/generated_H2_128C_int8/260-123440-0004_generated.wav,12.02,3.522183,3.517818,0.293027,0.292664,1.094334,0.806115,1.74118
H2_128C_quantized_resblocks_range_2_9,260-123440-0005.wav,generated_audios/generated_H2_128C_int8/260-123440-0005_generated.wav,3.105034,0.088224,0.085388,0.028413,0.0275,1.114727,0.809949,1.543287
H2_128C_quantized_resblocks_range_2_9,260-123440-0006.wav,generated_audios/generated_H2_128C_int8/260-123440-0006_generated.wav,2.715011,0.066226,0.062915,0.024393,0.023173,1.096422,0.778053,1.587771
H2_128C_quantized_resblocks_range_2_9,260-123440-0007.wav,generated_audios/generated_H2_128C_int8/260-123440-0007_generated.wav,3.385034,0.962983,0.959599,0.284483,0.283483,1.087732,0.804721,1.812507
H2_128C_quantized_resblocks_range_2_9,260-123440-0008.wav,generated_audios/generated_H2_128C_int8/260-123440-0008_generated.wav,3.745034,1.074569,1.071048,0.286932,0.285991,1.105129,0.802087,1.589554
H2_128C_quantized_resblocks_range_2_9,260-123440-0009.wav,generated_audios/generated_H2_128C_int8/260-123440-0009_generated.wav,3.115011,0.892627,0.889405,0.286557,0.285522,1.126247,0.865272,1.908495
H2_128C_quantized_resblocks_range_2_9,260-123440-0010.wav,generated_audios/generated_H2_128C_int8/260-123440-0010_generated.wav,8.315011,2.43136,2.427322,0.292406,0.29192,1.110502,0.787761,1.435253
H2_128C_quantized_resblocks_range_2_9,260-123440-0011.wav,generated_audios/generated_H2_128C_int8/260-123440-0011_generated.wav,4.870023,0.105693,0.102122,0.021703,0.020969,1.127123,0.8432,1.604499
H2_128C_quantized_resblocks_range_2_9,260-123440-0012.wav,generated_audios/generated_H2_128C_int8/260-123440-0012_generated.wav,5.245034,1.505608,1.501921,0.287054,0.286351,1.097003,0.816646,1.656222
H2_128C_quantized_resblocks_range_2_9,260-123440-0013.wav,generated_audios/generated_H2_128C_int8/260-123440-0013_generated.wav,3.475011,0.994659,0.991449,0.286232,0.285308,1.136527,0.832409,1.73596
H2_128C_quantized_resblocks_range_2_9,260-123440-0014.wav,generated_audios/generated_H2_128C_int8/260-123440-0014_generated.wav,3.815011,1.107671,1.104013,0.290345,0.289386,1.176432,0.848541,1.760042
H2_128C_quantized_resblocks_range_2_9,260-123440-0015.wav,generated_audios/generated_H2_128C_int8/260-123440-0015_generated.wav,6.2,0.18262,0.178757,0.029455,0.028832,1.136842,0.831266,1.390178
H2_128C_quantized_resblocks_range_2_9,260-123440-0016.wav,generated_audios/generated_H2_128C_int8/260-123440-0016_generated.wav,4.895011,1.447381,1.443819,0.295685,0.294957,1.138523,0.858558,1.41367
H2_128C_quantized_resblocks_range_2_9,260-123440-0017.wav,generated_audios/generated_H2_128C_int8/260-123440-0017_generated.wav,3.070023,0.090686,0.088664,0.029539,0.028881,1.083053,0.786754,1.614428
H2_128C_quantized_resblocks_range_2_9,260-123440-0018.wav,generated_audios/generated_H2_128C_int8/260-123440-0018_generated.wav,3.64,1.070827,1.068646,0.294183,0.293584,1.139487,0.847189,1.809435
H2_128C_quantized_resblocks_range_2_9,260-123440-0019.wav,generated_audios/generated_H2_128C_int8/260-123440-0019_generated.wav,6.630023,1.962972,1.95929,0.296073,0.295518,1.09735,0.806636,1.509778
H2_128C_quantized_resblocks_range_2_9,260-123440-0020.wav,generated_audios/generated_H2_128C_int8/260-123440-0020_generated.wav,4.995011,1.446024,1.442666,0.289494,0.288821,1.104177,0.819944,1.704891
H2_128C_quantized_resblocks_range_2_9,61-70968-0000.wav,generated_audios/generated_H2_128C_int8/61-70968-0000_generated.wav,4.905034,1.434566,1.430664,0.292468,0.291673,1.069147,0.831404,1.353154
H2_128C_quantized_resblocks_range_2_9,61-70968-0001.wav,generated_audios/generated_H2_128C_int8/61-70968-0001_generated.wav,3.610023,1.037591,1.03416,0.28742,0.286469,1.076222,0.794795,1.319551
H2_128C_quantized_resblocks_range_2_9,61-70968-0002.wav,generated_audios/generated_H2_128C_int8/61-70968-0002_generated.wav,2.970023,0.84514,0.84161,0.284557,0.283368,1.1123,0.779598,1.309672
H2_128C_quantized_resblocks_range_2_9,61-70968-0003.wav,generated_audios/generated_H2_128C_int8/61-70968-0003_generated.wav,4.315011,0.121678,0.118281,0.028199,0.027412,1.127581,0.820374,1.321534
H2_128C_quantized_resblocks_range_2_9,61-70968-0004.wav,generated_audios/generated_H2_128C_int8/61-70968-0004_generated.wav,3.885034,1.120873,1.117414,0.28851,0.28762,1.121593,0.839146,1.301849
H2_128C_quantized_resblocks_range_2_9,61-70968-0005.wav,generated_audios/generated_H2_128C_int8/61-70968-0005_generated.wav,5.070023,0.132607,0.129088,0.026155,0.025461,1.057688,0.75194,1.365525
H2_128C_quantized_resblocks_range_2_9,61-70968-0006.wav,generated_audios/generated_H2_128C_int8/61-70968-0006_generated.wav,2.935011,0.806172,0.803029,0.274674,0.273604,1.120518,0.832075,1.32155
H2_128C_quantized_resblocks_range_2_9,61-70968-0007.wav,generated_audios/generated_H2_128C_int8/61-70968-0007_generated.wav,3.550023,0.100461,0.096389,0.028299,0.027152,1.061969,0.670644,1.348754
H2_128C_quantized_resblocks_range_2_9,61-70968-0008.wav,generated_audios/generated_H2_128C_int8/61-70968-0008_generated.wav,3.535011,0.099105,0.095896,0.028035,0.027127,1.063617,0.798747,1.254948
H2_128C_quantized_resblocks_range_2_9,61-70968-0009.wav,generated_audios/generated_H2_128C_int8/61-70968-0009_generated.wav,4.510023,1.324395,1.320798,0.293656,0.292858,1.098558,0.758641,1.458543
H2_128C_quantized_resblocks_range_2_9,61-70968-0010.wav,generated_audios/generated_H2_128C_int8/61-70968-0010_generated.wav,8.295011,2.322682,2.319093,0.28001,0.279577,1.092807,0.794133,1.350427
H2_128C_quantized_resblocks_range_2_9,61-70968-0011.wav,generated_audios/generated_H2_128C_int8/61-70968-0011_generated.wav,6.375011,1.783657,1.779801,0.279789,0.279184,1.106318,0.805442,1.282365
H2_128C_quantized_resblocks_range_2_9,61-70968-0012.wav,generated_audios/generated_H2_128C_int8/61-70968-0012_generated.wav,2.610023,0.079413,0.076027,0.030426,0.029129,1.232438,0.901576,1.151094
H2_128C_quantized_resblocks_range_2_9,61-70968-0013.wav,generated_audios/generated_H2_128C_int8/61-70968-0013_generated.wav,4.450023,0.124119,0.120551,0.027892,0.02709,1.150026,0.808784,1.301913
H2_128C_quantized_resblocks_range_2_9,61-70968-0014.wav,generated_audios/generated_H2_128C_int8/61-70968-0014_generated.wav,7.485034,2.228595,2.224639,0.29774,0.297212,1.105629,0.822251,1.359776
H2_128C_quantized_resblocks_range_2_9,61-70968-0015.wav,generated_audios/generated_H2_128C_int8/61-70968-0015_generated.wav,5.375011,1.506372,1.502458,0.280255,0.279527,1.140947,0.840403,1.298802
H2_128C_quantized_resblocks_range_2_9,61-70968-0016.wav,generated_audios/generated_H2_128C_int8/61-70968-0016_generated.wav,3.72,1.107062,1.103491,0.297597,0.296637,1.162304,0.853857,1.198176
H2_128C_quantized_resblocks_range_2_9,61-70968-0017.wav,generated_audios/generated_H2_128C_int8/61-70968-0017_generated.wav,5.110023,1.516087,1.51245,0.296689,0.295977,1.125855,0.822975,1.279704
H2_128C_quantized_resblocks_range_2_9,61-70968-0018.wav,generated_audios/generated_H2_128C_int8/61-70968-0018_generated.wav,2.405034,0.689093,0.685692,0.286521,0.285107,1.11954,0.864356,1.321571
H2_128C_quantized_resblocks_range_2_9,61-70968-0019.wav,generated_audios/generated_H2_128C_int8/61-70968-0019_generated.wav,5.475011,1.537911,1.534352,0.280896,0.280246,1.106635,0.826789,1.317752
H2_128C_quantized_resblocks_range_2_9,61-70968-0020.wav,generated_audios/generated_H2_128C_int8/61-70968-0020_generated.wav,5.105034,1.539196,1.535369,0.301506,0.300756,1.188433,0.820046,1.102147
H2_128C_quantized_resblocks_range_2_9,61-70968-0021.wav,generated_audios/generated_H2_128C_int8/61-70968-0021_generated.wav,2.690023,0.743722,0.740289,0.276474,0.275198,1.142108,0.816846,1.249818
H2_128C_quantized_resblocks_range_2_9,61-70968-0022.wav,generated_audios/generated_H2_128C_int8/61-70968-0022_generated.wav,4.670023,0.140319,0.137028,0.030047,0.029342,1.064302,0.768681,1.389305
H2_128C_quantized_resblocks_range_2_9,61-70968-0023.wav,generated_audios/generated_H2_128C_int8/61-70968-0023_generated.wav,5.025034,0.144116,0.140255,0.02868,0.027911,1.197197,0.851184,1.174906
H2_128C_quantized_resblocks_range_2_9,61-70968-0024.wav,generated_audios/generated_H2_128C_int8/61-70968-0024_generated.wav,6.025034,1.787092,1.783219,0.296611,0.295968,1.159773,0.811965,1.156179
H2_128C_quantized_resblocks_range_2_9,61-70968-0025.wav,generated_audios/generated_H2_128C_int8/61-70968-0025_generated.wav,4.410023,0.118144,0.114362,0.02679,0.025932,1.166308,0.834908,1.189208
H2_128C_quantized_resblocks_range_2_9,61-70968-0026.wav,generated_audios/generated_H2_128C_int8/61-70968-0026_generated.wav,4.92,1.390604,1.386911,0.282643,0.281892,1.148463,0.85144,1.251959
H2_128C_quantized_resblocks_range_2_9,61-70968-0027.wav,generated_audios/generated_H2_128C_int8/61-70968-0027_generated.wav,6.870023,1.95439,1.950533,0.284481,0.283919,1.133303,0.826476,1.273271
H2_128C_quantized_resblocks_range_2_9,61-70968-0028.wav,generated_audios/generated_H2_128C_int8/61-70968-0028_generated.wav,5.355011,1.635426,1.631724,0.305401,0.30471,1.141045,0.849338,1.25156
H2_128C_quantized_resblocks_range_2_9,61-70968-0029.wav,generated_audios/generated_H2_128C_int8/61-70968-0029_generated.wav,3.495011,1.026112,1.022903,0.293593,0.292675,1.130399,0.813201,1.271716
H2_128C_quantized_resblocks_range_2_9,61-70968-0030.wav,generated_audios/generated_H2_128C_int8/61-70968-0030_generated.wav,5.685034,1.616917,1.613226,0.284416,0.283767,1.119336,0.834918,1.204857
H2_128C_quantized_resblocks_range_2_9,61-70968-0031.wav,generated_audios/generated_H2_128C_int8/61-70968-0031_generated.wav,2.925034,0.875165,0.87188,0.299198,0.298075,1.071411,0.789482,1.308889
H2_128C_quantized_resblocks_range_2_9,61-70968-0032.wav,generated_audios/generated_H2_128C_int8/61-70968-0032_generated.wav,4.28,0.119248,0.115798,0.027862,0.027056,1.178271,0.820639,1.29528
H2_128C_quantized_resblocks_range_2_9,61-70968-0033.wav,generated_audios/generated_H2_128C_int8/61-70968-0033_generated.wav,5.685034,0.127511,0.123865,0.022429,0.021788,1.141443,0.85979,1.281432
H2_128C_quantized_resblocks_range_2_9,61-70968-0034.wav,generated_audios/generated_H2_128C_int8/61-70968-0034_generated.wav,4.230023,1.265122,1.261195,0.299082,0.298153,1.143499,0.860583,1.156522
H2_128C_quantized_resblocks_range_2_9,61-70968-0035.wav,generated_audios/generated_H2_128C_int8/61-70968-0035_generated.wav,7.950023,2.275286,2.271311,0.286199,0.285699,1.109708,0.818474,1.246242
H2_128C_quantized_resblocks_range_2_9,61-70968-0036.wav,generated_audios/generated_H2_128C_int8/61-70968-0036_generated.wav,2.934966,0.085179,0.081575,0.029022,0.027794,1.132241,0.849159,1.22013
H2_128C_quantized_resblocks_range_2_9,61-70968-0037.wav,generated_audios/generated_H2_128C_int8/61-70968-0037_generated.wav,4.315011,0.117077,0.113628,0.027132,0.026333,1.074805,0.756753,1.392248
H2_128C_quantized_resblocks_range_2_9,61-70968-0038.wav,generated_audios/generated_H2_128C_int8/61-70968-0038_generated.wav,2.050023,0.571933,0.568644,0.278989,0.277384,1.172126,0.716014,1.543334
H2_128C_quantized_resblocks_range_2_9,61-70968-0039.wav,generated_audios/generated_H2_128C_int8/61-70968-0039_generated.wav,3.805034,1.088017,1.08455,0.285941,0.28503,1.122794,0.816134,1.370814
H2_128C_quantized_resblocks_range_2_9,61-70968-0040.wav,generated_audios/generated_H2_128C_int8/61-70968-0040_generated.wav,3.950023,1.178086,1.174658,0.298248,0.29738,1.124558,0.825034,1.326849
H2_128C_quantized_resblocks_range_2_9,61-70968-0041.wav,generated_audios/generated_H2_128C_int8/61-70968-0041_generated.wav,6.825034,0.181191,0.177212,0.026548,0.025965,1.130447,0.809519,1.307816
H2_128C_quantized_resblocks_range_2_9,61-70968-0042.wav,generated_audios/generated_H2_128C_int8/61-70968-0042_generated.wav,2.785034,0.083025,0.079634,0.029811,0.028594,1.107802,0.794911,1.308593
H2_128C_quantized_resblocks_range_2_9,61-70968-0043.wav,generated_audios/generated_H2_128C_int8/61-70968-0043_generated.wav,6.735011,2.016826,2.013278,0.299454,0.298927,1.092854,0.769828,1.295555
H2_128C_quantized_resblocks_range_2_9,61-70968-0044.wav,generated_audios/generated_H2_128C_int8/61-70968-0044_generated.wav,2.770023,0.080601,0.077202,0.029098,0.027871,1.082447,0.788286,1.341738
H2_128C_quantized_resblocks_range_2_9,61-70968-0045.wav,generated_audios/generated_H2_128C_int8/61-70968-0045_generated.wav,3.475011,0.097076,0.093622,0.027935,0.026941,1.094073,0.783931,1.328743
H2_128C_quantized_resblocks_range_2_9,61-70968-0046.wav,generated_audios/generated_H2_128C_int8/61-70968-0046_generated.wav,3.550023,0.098208,0.095011,0.027664,0.026763,1.109911,0.824061,1.347837
H2_128C_quantized_resblocks_range_2_9,61-70968-0047.wav,generated_audios/generated_H2_128C_int8/61-70968-0047_generated.wav,4.775011,1.348736,1.345253,0.282457,0.281728,1.13023,0.821454,1.272278
H2_128C_quantized_resblocks_range_2_9,61-70968-0048.wav,generated_audios/generated_H2_128C_int8/61-70968-0048_generated.wav,3.02,0.886551,0.883085,0.29356,0.292412,1.092776,0.774126,1.464452
H2_128C_quantized_resblocks_range_2_9,61-70968-0049.wav,generated_audios/generated_H2_128C_int8/61-70968-0049_generated.wav,8.250023,2.475601,2.471776,0.300072,0.299608,1.103053,0.792496,1.342358
H2_128C_quantized_resblocks_range_2_9,61-70968-0050.wav,generated_audios/generated_H2_128C_int8/61-70968-0050_generated.wav,5.58,1.586415,1.582682,0.284304,0.283635,1.103797,0.788319,1.388171
H2_128C_quantized_resblocks_range_2_9,61-70968-0051.wav,generated_audios/generated_H2_128C_int8/61-70968-0051_generated.wav,3.135011,0.892305,0.888932,0.284626,0.28355,1.123792,0.825783,1.346697
H2_128C_quantized_resblocks_range_2_9,61-70968-0052.wav,generated_audios/generated_H2_128C_int8/61-70968-0052_generated.wav,2.650023,0.758653,0.75526,0.286282,0.285001,1.197005,0.821528,1.172548
H2_128C_quantized_resblocks_range_2_9,61-70968-0053.wav,generated_audios/generated_H2_128C_int8/61-70968-0053_generated.wav,4.22,0.132253,0.128328,0.031339,0.03041,1.100595,0.782813,1.424823
H2_128C_quantized_resblocks_range_2_9,61-70968-0054.wav,generated_audios/generated_H2_128C_int8/61-70968-0054_generated.wav,7.86,2.362408,2.358154,0.300561,0.30002,1.109081,0.821039,1.273044
H2_128C_quantized_resblocks_range_2_9,61-70968-0055.wav,generated_audios/generated_H2_128C_int8/61-70968-0055_generated.wav,3.965034,0.110149,0.106498,0.02778,0.026859,1.149432,0.802274,1.312799
H2_128C_quantized_resblocks_range_2_9,61-70968-0056.wav,generated_audios/generated_H2_128C_int8/61-70968-0056_generated.wav,3.565034,1.066271,1.062964,0.299092,0.298164,1.14703,0.848751,1.288577
H2_128C_quantized_resblocks_range_2_9,61-70968-0057.wav,generated_audios/generated_H2_128C_int8/61-70968-0057_generated.wav,5.065034,0.131908,0.12819,0.026043,0.025309,1.077496,0.780985,1.319075
H2_128C_quantized_resblocks_range_2_9,61-70968-0058.wav,generated_audios/generated_H2_128C_int8/61-70968-0058_generated.wav,1.82,0.486092,0.482932,0.267083,0.265347,1.071488,0.761887,1.394249
H2_128C_quantized_resblocks_range_2_9,61-70968-0059.wav,generated_audios/generated_H2_128C_int8/61-70968-0059_generated.wav,2.170023,0.067291,0.063858,0.03101,0.029427,1.130702,0.832638,1.424915
H2_128C_quantized_resblocks_range_2_9,61-70968-0060.wav,generated_audios/generated_H2_128C_int8/61-70968-0060_generated.wav,3.735011,0.113687,0.110133,0.030438,0.029487,1.249398,0.844722,1.126094
H2_128C_quantized_resblocks_range_2_9,61-70968-0061.wav,generated_audios/generated_H2_128C_int8/61-70968-0061_generated.wav,5.530023,1.662215,1.658564,0.30058,0.29992,1.050368,0.758807,1.610393
H2_128C_quantized_resblocks_range_2_9,61-70968-0062.wav,generated_audios/generated_H2_128C_int8/61-70968-0062_generated.wav,2.555011,0.077027,0.073762,0.030147,0.02887,1.126944,0.810754,1.291142
H2_128C_quantized_resblocks_range_2_9,61-70970-0000.wav,generated_audios/generated_H2_128C_int8/61-70970-0000_generated.wav,6.075011,1.839215,1.835862,0.302751,0.302199,1.137379,0.849237,1.221022
H2_128C_quantized_resblocks_range_2_9,61-70970-0001.wav,generated_audios/generated_H2_128C_int8/61-70970-0001_generated.wav,6.155011,1.762456,1.75853,0.286345,0.285707,1.162486,0.852446,1.251148
H2_128C_quantized_resblocks_range_2_9,61-70970-0002.wav,generated_audios/generated_H2_128C_int8/61-70970-0002_generated.wav,4.165034,1.202816,1.198882,0.288789,0.287845,1.164692,0.794925,1.392711
H2_128C_quantized_resblocks_range_2_9,61-70970-0003.wav,generated_audios/generated_H2_128C_int8/61-70970-0003_generated.wav,3.835011,1.081711,1.077964,0.282062,0.281085,1.194585,0.802446,1.188367
H2_128C_quantized_resblocks_range_2_9,61-70970-0004.wav,generated_audios/generated_H2_128C_int8/61-70970-0004_generated.wav,10.515011,3.115519,3.111779,0.296292,0.295937,1.171686,0.834412,1.175411
H2_128C_quantized_resblocks_range_2_9,61-70970-0005.wav,generated_audios/generated_H2_128C_int8/61-70970-0005_generated.wav,2.02,0.576531,0.573162,0.285411,0.283744,1.227564,0.804916,1.407238
H2_128C_quantized_resblocks_range_2_9,61-70970-0006.wav,generated_audios/generated_H2_128C_int8/61-70970-0006_generated.wav,2.335011,0.687437,0.684279,0.294404,0.293052,1.110143,0.830016,1.372961
H2_128C_quantized_resblocks_range_2_9,61-70970-0007.wav,generated_audios/generated_H2_128C_int8/61-70970-0007_generated.wav,4.485034,1.389148,1.385559,0.30973,0.308929,1.152546,0.802571,1.367233
H2_128C_quantized_resblocks_range_2_9,61-70970-0008.wav,generated_audios/generated_H2_128C_int8/61-70970-0008_generated.wav,2.150023,0.658326,0.65498,0.306195,0.304639,1.21384,0.832968,1.331835
H2_128C_quantized_resblocks_range_2_9,61-70970-0009.wav,generated_audios/generated_H2_128C_int8/61-70970-0009_generated.wav,3.405034,1.083053,1.079605,0.318074,0.317062,1.202237,0.857518,1.090488
H2_128C_quantized_resblocks_range_2_9,61-70970-0010.wav,generated_audios/generated_H2_128C_int8/61-70970-0010_generated.wav,3.045034,0.087974,0.084538,0.028891,0.027762,1.166398,0.827233,1.218432
H2_128C_quantized_resblocks_range_2_9,61-70970-0011.wav,generated_audios/generated_H2_128C_int8/61-70970-0011_generated.wav,6.075011,0.135011,0.1312,0.022224,0.021597,1.128713,0.789876,1.241601
H2_128C_quantized_resblocks_range_2_9,61-70970-0012.wav,generated_audios/generated_H2_128C_int8/61-70970-0012_generated.wav,3.135011,0.074807,0.071511,0.023862,0.02281,1.164806,0.856643,1.223335
H2_128C_quantized_resblocks_range_2_9,61-70970-0013.wav,generated_audios/generated_H2_128C_int8/61-70970-0013_generated.wav,4.350023,1.33725,1.33365,0.307412,0.306585,1.127608,0.825973,1.338289
H2_128C_quantized_resblocks_range_2_9,61-70970-0014.wav,generated_audios/generated_H2_128C_int8/61-70970-0014_generated.wav,3.405034,0.081752,0.078461,0.024009,0.023043,1.183495,0.856903,1.222617
H2_128C_quantized_resblocks_range_2_9,61-70970-0015.wav,generated_audios/generated_H2_128C_int8/61-70970-0015_generated.wav,8.415011,2.588133,2.584202,0.307561,0.307094,1.110623,0.834405,1.32688
H2_128C_quantized_resblocks_range_2_9,61-70970-0016.wav,generated_audios/generated_H2_128C_int8/61-70970-0016_generated.wav,4.370023,1.356238,1.352595,0.31035,0.309517,1.129909,0.848861,1.326384
H2_128C_quantized_resblocks_range_2_9,61-70970-0017.wav,generated_audios/generated_H2_128C_int8/61-70970-0017_generated.wav,2.550023,0.076616,0.073225,0.030045,0.028716,1.073484,0.781358,1.428875
H2_128C_quantized_resblocks_range_2_9,61-70970-0018.wav,generated_audios/generated_H2_128C_int8/61-70970-0018_generated.wav,4.6,1.322082,1.318814,0.287409,0.286699,1.181841,0.805907,1.345421
H2_128C_quantized_resblocks_range_2_9,61-70970-0019.wav,generated_audios/generated_H2_128C_int8/61-70970-0019_generated.wav,3.78,1.143593,1.139917,0.302538,0.301565,1.128538,0.819883,1.360212
H2_128C_quantized_resblocks_range_2_9,61-70970-0020.wav,generated_audios/generated_H2_128C_int8/61-70970-0020_generated.wav,5.025034,0.138917,0.135111,0.027645,0.026888,1.106235,0.779642,1.467147
H2_128C_quantized_resblocks_range_2_9,61-70970-0021.wav,generated_audios/generated_H2_128C_int8/61-70970-0021_generated.wav,5.405034,1.549909,1.546414,0.286753,0.286106,1.150865,0.801637,1.27534
H2_128C_quantized_resblocks_range_2_9,61-70970-0022.wav,generated_audios/generated_H2_128C_int8/61-70970-0022_generated.wav,3.970023,0.107411,0.103623,0.027056,0.026101,1.209581,0.820069,1.284567
H2_128C_quantized_resblocks_range_2_9,61-70970-0023.wav,generated_audios/generated_H2_128C_int8/61-70970-0023_generated.wav,3.705034,0.104056,0.100531,0.028085,0.027133,1.154736,0.826651,1.178634
H2_128C_quantized_resblocks_range_2_9,61-70970-0024.wav,generated_audios/generated_H2_128C_int8/61-70970-0024_generated.wav,7.235011,2.162507,2.158561,0.298895,0.298349,1.173907,0.836899,1.262656
H2_128C_quantized_resblocks_range_2_9,61-70970-0025.wav,generated_audios/generated_H2_128C_int8/61-70970-0025_generated.wav,7.435011,2.238731,2.234918,0.301107,0.300594,1.198968,0.85312,1.222197
H2_128C_quantized_resblocks_range_2_9,61-70970-0026.wav,generated_audios/generated_H2_128C_int8/61-70970-0026_generated.wav,5.475011,0.159024,0.155265,0.029045,0.028359,1.266321,0.834691,1.149661
H2_128C_quantized_resblocks_range_2_9,61-70970-0027.wav,generated_audios/generated_H2_128C_int8/61-70970-0027_generated.wav,5.08,0.130751,0.127432,0.025738,0.025085,1.147485,0.818311,1.242603
H2_128C_quantized_resblocks_range_2_9,61-70970-0028.wav,generated_audios/generated_H2_128C_int8/61-70970-0028_generated.wav,6.550023,0.177591,0.174971,0.027113,0.026713,1.189474,0.841059,1.135628
H2_128C_quantized_resblocks_range_2_9,61-70970-0029.wav,generated_audios/generated_H2_128C_int8/61-70970-0029_generated.wav,4.030023,0.109916,0.106216,0.027274,0.026356,1.216475,0.821663,1.253779
H2_128C_quantized_resblocks_range_2_9,61-70970-0030.wav,generated_audios/generated_H2_128C_int8/61-70970-0030_generated.wav,3.24,0.093944,0.090468,0.028995,0.027922,1.15702,0.787809,1.146086
H2_128C_quantized_resblocks_range_2_9,61-70970-0031.wav,generated_audios/generated_H2_128C_int8/61-70970-0031_generated.wav,5.135011,1.533221,1.529453,0.298582,0.297848,1.108814,0.805541,1.328136
H2_128C_quantized_resblocks_range_2_9,61-70970-0032.wav,generated_audios/generated_H2_128C_int8/61-70970-0032_generated.wav,3.135011,0.077229,0.073757,0.024634,0.023527,1.075604,0.813168,1.330119
H2_128C_quantized_resblocks_range_2_9,61-70970-0033.wav,generated_audios/generated_H2_128C_int8/61-70970-0033_generated.wav,3.42,0.958396,0.955552,0.280233,0.279401,1.134451,0.862317,1.250487
H2_128C_quantized_resblocks_range_2_9,61-70970-0034.wav,generated_audios/generated_H2_128C_int8/61-70970-0034_generated.wav,4.485034,0.103055,0.099366,0.022977,0.022155,1.034225,0.7817,1.274161
H2_128C_quantized_resblocks_range_2_9,61-70970-0035.wav,generated_audios/generated_H2_128C_int8/61-70970-0035_generated.wav,7.405034,0.18834,0.184689,0.025434,0.024941,1.193015,0.828536,1.159849
H2_128C_quantized_resblocks_range_2_9,61-70970-0036.wav,generated_audios/generated_H2_128C_int8/61-70970-0036_generated.wav,6.785034,0.179473,0.175462,0.026451,0.02586,1.174637,0.819689,1.240865
H2_128C_quantized_resblocks_range_2_9,61-70970-0037.wav,generated_audios/generated_H2_128C_int8/61-70970-0037_generated.wav,5.98,1.776343,1.77281,0.297047,0.296457,1.163466,0.838914,1.251059
H2_128C_quantized_resblocks_range_2_9,61-70970-0038.wav,generated_audios/generated_H2_128C_int8/61-70970-0038_generated.wav,10.4,3.105121,3.100938,0.298569,0.298167,1.130189,0.819343,1.272005
H2_128C_quantized_resblocks_range_2_9,61-70970-0039.wav,generated_audios/generated_H2_128C_int8/61-70970-0039_generated.wav,6.665034,0.173072,0.168836,0.025967,0.025332,1.112017,0.778288,1.211408
H2_128C_quantized_resblocks_range_2_9,61-70970-0040.wav,generated_audios/generated_H2_128C_int8/61-70970-0040_generated.wav,4.165034,0.113181,0.109623,0.027174,0.02632,1.18528,0.827236,1.277974
H2_128C_quantized_resblocks_range_2_9,672-122797-0000.wav,generated_audios/generated_H2_128C_int8/672-122797-0000_generated.wav,4.070023,1.224651,1.222512,0.300895,0.30037,1.149914,0.852103,1.24887
H2_128C_quantized_resblocks_range_2_9,672-122797-0001.wav,generated_audios/generated_H2_128C_int8/672-122797-0001_generated.wav,15.130023,4.728011,4.723685,0.312492,0.312206,1.257683,0.859675,1.162218
H2_128C_quantized_resblocks_range_2_9,672-122797-0002.wav,generated_audios/generated_H2_128C_int8/672-122797-0002_generated.wav,13.62,3.903647,3.898571,0.286611,0.286239,1.162844,0.832197,1.306999
H2_128C_quantized_resblocks_range_2_9,672-122797-0003.wav,generated_audios/generated_H2_128C_int8/672-122797-0003_generated.wav,4.76,1.424053,1.42015,0.299171,0.298351,1.089518,0.757396,1.404434
H2_128C_quantized_resblocks_range_2_9,672-122797-0004.wav,generated_audios/generated_H2_128C_int8/672-122797-0004_generated.wav,10.250023,2.99869,2.995698,0.292554,0.292263,1.117534,0.759411,1.434483
H2_128C_quantized_resblocks_range_2_9,672-122797-0005.wav,generated_audios/generated_H2_128C_int8/672-122797-0005_generated.wav,3.26,0.956797,0.953213,0.293496,0.292397,1.05831,0.673991,1.537416
H2_128C_quantized_resblocks_range_2_9,672-122797-0006.wav,generated_audios/generated_H2_128C_int8/672-122797-0006_generated.wav,13.950023,4.376506,4.37219,0.313728,0.313418,1.059681,0.639927,1.554871
H2_128C_quantized_resblocks_range_2_9,672-122797-0007.wav,generated_audios/generated_H2_128C_int8/672-122797-0007_generated.wav,6.42,1.895719,1.892085,0.295283,0.294717,1.081707,0.680392,1.481881
H2_128C_quantized_resblocks_range_2_9,672-122797-0008.wav,generated_audios/generated_H2_128C_int8/672-122797-0008_generated.wav,30.810023,9.509941,9.502547,0.308664,0.308424,1.072581,0.69302,1.482292
H2_128C_quantized_resblocks_range_2_9,672-122797-0009.wav,generated_audios/generated_H2_128C_int8/672-122797-0009_generated.wav,2.765034,0.081876,0.078431,0.029611,0.028365,1.117816,0.718436,1.433207
H2_128C_quantized_resblocks_range_2_9,672-122797-0010.wav,generated_audios/generated_H2_128C_int8/672-122797-0010_generated.wav,3.815011,0.106517,0.102783,0.027921,0.026942,1.0508,0.713697,1.524283
H2_128C_quantized_resblocks_range_2_9,672-122797-0011.wav,generated_audios/generated_H2_128C_int8/672-122797-0011_generated.wav,2.54,0.781042,0.777403,0.307497,0.306064,1.066405,0.758648,1.318126
H2_128C_quantized_resblocks_range_2_9,672-122797-0012.wav,generated_audios/generated_H2_128C_int8/672-122797-0012_generated.wav,7.765034,2.439858,2.435938,0.314211,0.313706,1.06209,0.726039,1.361316
H2_128C_quantized_resblocks_range_2_9,672-122797-0013.wav,generated_audios/generated_H2_128C_int8/672-122797-0013_generated.wav,8.705034,2.697726,2.693496,0.309904,0.309418,1.094551,0.693014,1.403454
H2_128C_quantized_resblocks_range_2_9,672-122797-0014.wav,generated_audios/generated_H2_128C_int8/672-122797-0014_generated.wav,2.555011,0.075962,0.072542,0.029731,0.028392,1.098627,0.78471,1.400857
H2_128C_quantized_resblocks_range_2_9,672-122797-0015.wav,generated_audios/generated_H2_128C_int8/672-122797-0015_generated.wav,4.455011,0.119471,0.115887,0.026817,0.026013,1.070304,0.696287,1.419701
H2_128C_quantized_resblocks_range_2_9,672-122797-0016.wav,generated_audios/generated_H2_128C_int8/672-122797-0016_generated.wav,9.215011,2.772186,2.768307,0.300834,0.300413,1.077048,0.719576,1.410657
H2_128C_quantized_resblocks_range_2_9,672-122797-0017.wav,generated_audios/generated_H2_128C_int8/672-122797-0017_generated.wav,4.82,1.439157,1.435408,0.29858,0.297802,1.132846,0.768414,1.247396
H2_128C_quantized_resblocks_range_2_9,672-122797-0018.wav,generated_audios/generated_H2_128C_int8/672-122797-0018_generated.wav,4.930023,1.494223,1.490548,0.303087,0.302341,1.052518,0.712223,1.459709
H2_128C_quantized_resblocks_range_2_9,672-122797-0019.wav,generated_audios/generated_H2_128C_int8/672-122797-0019_generated.wav,4.110023,1.185955,1.18243,0.288552,0.287694,1.051,0.688989,1.596537
H2_128C_quantized_resblocks_range_2_9,672-122797-0020.wav,generated_audios/generated_H2_128C_int8/672-122797-0020_generated.wav,8.825034,2.681729,2.677724,0.303878,0.303424,1.0505,0.679641,1.546443
H2_128C_quantized_resblocks_range_2_9,672-122797-0021.wav,generated_audios/generated_H2_128C_int8/672-122797-0021_generated.wav,4.150023,0.116599,0.113151,0.028096,0.027265,1.072673,0.802581,1.446734
H2_128C_quantized_resblocks_range_2_9,672-122797-0022.wav,generated_audios/generated_H2_128C_int8/672-122797-0022_generated.wav,19.004943,5.811952,5.806752,0.305813,0.305539,1.084068,0.680669,1.444534
H2_128C_quantized_resblocks_range_2_9,672-122797-0023.wav,generated_audios/generated_H2_128C_int8/672-122797-0023_generated.wav,9.695102,2.893754,2.889331,0.298476,0.29802,1.062928,0.717204,1.470845
H2_128C_quantized_resblocks_range_2_9,672-122797-0024.wav,generated_audios/generated_H2_128C_int8/672-122797-0024_generated.wav,4.130023,1.217171,1.213318,0.294713,0.29378,1.065428,0.646515,1.602697
H2_128C_quantized_resblocks_range_2_9,672-122797-0025.wav,generated_audios/generated_H2_128C_int8/672-122797-0025_generated.wav,10.690023,3.240511,3.236176,0.303134,0.302729,1.075197,0.768225,1.388436
H2_128C_quantized_resblocks_range_2_9,672-122797-0026.wav,generated_audios/generated_H2_128C_int8/672-122797-0026_generated.wav,13.96,4.303597,4.298785,0.308281,0.307936,1.047594,0.673304,1.495308
H2_128C_quantized_resblocks_range_2_9,672-122797-0027.wav,generated_audios/generated_H2_128C_int8/672-122797-0027_generated.wav,4.790023,0.128671,0.124855,0.026862,0.026066,1.072365,0.643937,1.538967
H2_128C_quantized_resblocks_range_2_9,672-122797-0028.wav,generated_audios/generated_H2_128C_int8/672-122797-0028_generated.wav,2.610023,0.078928,0.07555,0.03024,0.028946,1.071876,0.763264,1.428857
H2_128C_quantized_resblocks_range_2_9,672-122797-0029.wav,generated_audios/generated_H2_128C_int8/672-122797-0029_generated.wav,3.050023,0.091478,0.088032,0.029992,0.028863,1.253389,0.809534,1.341074
H2_128C_quantized_resblocks_range_2_9,672-122797-0030.wav,generated_audios/generated_H2_128C_int8/672-122797-0030_generated.wav,4.575011,1.368425,1.364832,0.299109,0.298323,1.079792,0.78386,1.402077
H2_128C_quantized_resblocks_range_2_9,672-122797-0031.wav,generated_audios/generated_H2_128C_int8/672-122797-0031_generated.wav,3.98,0.113364,0.110009,0.028483,0.02764,1.190625,0.735943,1.397753
H2_128C_quantized_resblocks_range_2_9,672-122797-0032.wav,generated_audios/generated_H2_128C_int8/672-122797-0032_generated.wav,4.0,0.110742,0.107309,0.027685,0.026827,1.077714,0.668162,1.460399
H2_128C_quantized_resblocks_range_2_9,672-122797-0033.wav,generated_audios/generated_H2_128C_int8/672-122797-0033_generated.wav,1.285034,0.34013,0.336967,0.264686,0.262224,1.076216,0.727677,1.398452
H2_128C_quantized_resblocks_range_2_9,672-122797-0034.wav,generated_audios/generated_H2_128C_int8/672-122797-0034_generated.wav,5.110023,0.137579,0.134079,0.026923,0.026238,1.06802,0.79291,1.443374
H2_128C_quantized_resblocks_range_2_9,672-122797-0035.wav,generated_audios/generated_H2_128C_int8/672-122797-0035_generated.wav,2.9,0.085199,0.081559,0.029379,0.028124,1.357179,0.873335,1.222471
H2_128C_quantized_resblocks_range_2_9,672-122797-0036.wav,generated_audios/generated_H2_128C_int8/672-122797-0036_generated.wav,5.365034,0.143656,0.14053,0.026776,0.026194,1.091879,0.715995,1.185162
H2_128C_quantized_resblocks_range_2_9,672-122797-0037.wav,generated_audios/generated_H2_128C_int8/672-122797-0037_generated.wav,1.96,0.548971,0.545644,0.280087,0.27839,1.073273,0.725381,1.302455
H2_128C_quantized_resblocks_range_2_9,672-122797-0038.wav,generated_audios/generated_H2_128C_int8/672-122797-0038_generated.wav,8.8,2.692641,2.688772,0.305982,0.305542,1.086973,0.721325,1.427449
H2_128C_quantized_resblocks_range_2_9,672-122797-0039.wav,generated_audios/generated_H2_128C_int8/672-122797-0039_generated.wav,4.025034,1.207949,1.204298,0.300109,0.299202,1.175444,0.753379,1.420441
H2_128C_quantized_resblocks_range_2_9,672-122797-0040.wav,generated_audios/generated_H2_128C_int8/672-122797-0040_generated.wav,5.125034,0.14054,0.13662,0.027422,0.026657,1.111189,0.72837,1.466628
H2_128C_quantized_resblocks_range_2_9,672-122797-0041.wav,generated_audios/generated_H2_128C_int8/672-122797-0041_generated.wav,3.88,0.107754,0.104019,0.027772,0.026809,1.068656,0.734241,1.533881
H2_128C_quantized_resblocks_range_2_9,672-122797-0042.wav,generated_audios/generated_H2_128C_int8/672-122797-0042_generated.wav,15.310023,4.703244,4.698362,0.3072,0.306881,1.132178,0.58147,1.514357
H2_128C_quantized_resblocks_range_2_9,672-122797-0043.wav,generated_audios/generated_H2_128C_int8/672-122797-0043_generated.wav,3.78,0.103649,0.100319,0.02742,0.026539,1.066436,0.6497,1.467358
H2_128C_quantized_resblocks_range_2_9,672-122797-0044.wav,generated_audios/generated_H2_128C_int8/672-122797-0044_generated.wav,3.74,0.102266,0.098919,0.027344,0.026449,1.093937,0.668493,1.519648
H2_128C_quantized_resblocks_range_2_9,672-122797-0045.wav,generated_audios/generated_H2_128C_int8/672-122797-0045_generated.wav,13.96,0.320882,0.316578,0.022986,0.022678,1.091041,0.787706,1.379859
H2_128C_quantized_resblocks_range_2_9,672-122797-0046.wav,generated_audios/generated_H2_128C_int8/672-122797-0046_generated.wav,4.715011,1.401986,1.398226,0.297345,0.296548,1.083434,0.73502,1.489456
H2_128C_quantized_resblocks_range_2_9,672-122797-0047.wav,generated_audios/generated_H2_128C_int8/672-122797-0047_generated.wav,3.325034,0.974847,0.971143,0.293184,0.29207,1.291664,0.740705,1.210933
H2_128C_quantized_resblocks_range_2_9,672-122797-0048.wav,generated_audios/generated_H2_128C_int8/672-122797-0048_generated.wav,6.555011,0.180542,0.176821,0.027543,0.026975,1.059744,0.623454,1.508357
H2_128C_quantized_resblocks_range_2_9,672-122797-0049.wav,generated_audios/generated_H2_128C_int8/672-122797-0049_generated.wav,2.02,0.064325,0.060953,0.031844,0.030175,1.24413,0.669177,1.41955
H2_128C_quantized_resblocks_range_2_9,672-122797-0050.wav,generated_audios/generated_H2_128C_int8/672-122797-0050_generated.wav,4.855011,1.45608,1.452439,0.299913,0.299163,1.068243,0.735145,1.379909
H2_128C_quantized_resblocks_range_2_9,672-122797-0051.wav,generated_audios/generated_H2_128C_int8/672-122797-0051_generated.wav,4.665034,1.435038,1.431241,0.307616,0.306802,1.083898,0.682288,1.421749
H2_128C_quantized_resblocks_range_2_9,672-122797-0052.wav,generated_audios/generated_H2_128C_int8/672-122797-0052_generated.wav,4.285034,1.241034,1.237404,0.289621,0.288773,1.074416,0.755389,1.355627
H2_128C_quantized_resblocks_range_2_9,672-122797-0053.wav,generated_audios/generated_H2_128C_int8/672-122797-0053_generated.wav,2.955011,0.087869,0.084235,0.029736,0.028506,1.051771,0.66652,1.488386
H2_128C_quantized_resblocks_range_2_9,672-122797-0054.wav,generated_audios/generated_H2_128C_int8/672-122797-0054_generated.wav,4.250023,0.132784,0.129074,0.031243,0.03037,1.140321,0.692764,1.32976
H2_128C_quantized_resblocks_range_2_9,672-122797-0055.wav,generated_audios/generated_H2_128C_int8/672-122797-0055_generated.wav,8.230023,2.355765,2.351707,0.28624,0.285747,1.082526,0.708218,1.427596
H2_128C_quantized_resblocks_range_2_9,672-122797-0056.wav,generated_audios/generated_H2_128C_int8/672-122797-0056_generated.wav,5.225034,0.143067,0.13952,0.027381,0.026702,1.065998,0.727332,1.42964
H2_128C_quantized_resblocks_range_2_9,672-122797-0057.wav,generated_audios/generated_H2_128C_int8/672-122797-0057_generated.wav,6.56,0.172038,0.168235,0.026225,0.025646,1.093465,0.672317,1.428021
H2_128C_quantized_resblocks_range_2_9,672-122797-0058.wav,generated_audios/generated_H2_128C_int8/672-122797-0058_generated.wav,4.470023,1.348019,1.344635,0.301569,0.300812,1.048206,0.640711,1.593536
H2_128C_quantized_resblocks_range_2_9,672-122797-0059.wav,generated_audios/generated_H2_128C_int8/672-122797-0059_generated.wav,3.52,1.033906,1.030514,0.293723,0.29276,1.097597,0.736486,1.517817
H2_128C_quantized_resblocks_range_2_9,672-122797-0060.wav,generated_audios/generated_H2_128C_int8/672-122797-0060_generated.wav,3.350023,0.099111,0.095818,0.029585,0.028602,1.115363,0.8527,1.400766
H2_128C_quantized_resblocks_range_2_9,672-122797-0061.wav,generated_audios/generated_H2_128C_int8/672-122797-0061_generated.wav,7.590023,2.363672,2.359968,0.311418,0.31093,1.102153,0.789501,1.361117
H2_128C_quantized_resblocks_range_2_9,672-122797-0062.wav,generated_audios/generated_H2_128C_int8/672-122797-0062_generated.wav,2.675011,0.822218,0.818731,0.30737,0.306066,1.119971,0.60092,1.598844
H2_128C_quantized_resblocks_range_2_9,672-122797-0063.wav,generated_audios/generated_H2_128C_int8/672-122797-0063_generated.wav,5.075011,0.131477,0.127829,0.025907,0.025188,1.110083,0.78192,1.511957
H2_128C_quantized_resblocks_range_2_9,672-122797-0064.wav,generated_audios/generated_H2_128C_int8/672-122797-0064_generated.wav,15.270023,4.649952,4.645299,0.304515,0.30421,1.104731,0.722353,1.369626
H2_128C_quantized_resblocks_range_2_9,672-122797-0065.wav,generated_audios/generated_H2_128C_int8/672-122797-0065_generated.wav,3.030023,0.087765,0.084543,0.028965,0.027902,1.051564,0.683444,1.558152
H2_128C_quantized_resblocks_range_2_9,672-122797-0066.wav,generated_audios/generated_H2_128C_int8/672-122797-0066_generated.wav,4.815011,0.13352,0.129881,0.02773,0.026974,1.087915,0.820795,1.34884
H2_128C_quantized_resblocks_range_2_9,672-122797-0067.wav,generated_audios/generated_H2_128C_int8/672-122797-0067_generated.wav,13.035011,3.796377,3.791881,0.291245,0.2909,1.08461,0.770993,1.387601
H2_128C_quantized_resblocks_range_2_9,672-122797-0068.wav,generated_audios/generated_H2_128C_int8/672-122797-0068_generated.wav,4.02,0.109451,0.105651,0.027227,0.026281,1.081385,0.706236,1.52447
H2_128C_quantized_resblocks_range_2_9,672-122797-0069.wav,generated_audios/generated_H2_128C_int8/672-122797-0069_generated.wav,5.010023,1.540686,1.537197,0.307521,0.306824,1.082907,0.66697,1.477687
H2_128C_quantized_resblocks_range_2_9,672-122797-0070.wav,generated_audios/generated_H2_128C_int8/672-122797-0070_generated.wav,6.270023,1.7878,1.783913,0.285135,0.284515,1.640742,0.895375,0.742705
H2_128C_quantized_resblocks_range_2_9,672-122797-0071.wav,generated_audios/generated_H2_128C_int8/672-122797-0071_generated.wav,8.875011,2.716097,2.711522,0.306039,0.305523,1.76707,0.919415,0.70307
H2_128C_quantized_resblocks_range_2_9,672-122797-0072.wav,generated_audios/generated_H2_128C_int8/672-122797-0072_generated.wav,7.94,2.479626,2.475377,0.312295,0.31176,1.823482,0.826707,0.810916
H2_128C_quantized_resblocks_range_2_9,672-122797-0073.wav,generated_audios/generated_H2_128C_int8/672-122797-0073_generated.wav,8.205034,2.515201,2.510755,0.306544,0.306002,1.680001,0.886655,0.7618
H2_128C_quantized_resblocks_range_2_9,672-122797-0074.wav,generated_audios/generated_H2_128C_int8/672-122797-0074_generated.wav,8.730023,2.693037,2.688686,0.30848,0.307982,1.830452,0.672111,0.914983
H2_128C_quantized_resblocks_range_2_9,908-157963-0000.wav,generated_audios/generated_H2_128C_int8/908-157963-0000_generated.wav,12.62,3.648942,3.644611,0.28914,0.288796,1.725544,0.882633,0.77991
H2_128C_quantized_resblocks_range_2_9,908-157963-0001.wav,generated_audios/generated_H2_128C_int8/908-157963-0001_generated.wav,2.885034,0.866155,0.862902,0.300224,0.299096,1.749075,0.929514,0.786344
H2_128C_quantized_resblocks_range_2_9,908-157963-0002.wav,generated_audios/generated_H2_128C_int8/908-157963-0002_generated.wav,2.755011,0.834729,0.831476,0.302986,0.301805,1.739723,0.91905,0.778128
H2_128C_quantized_resblocks_range_2_9,908-157963-0003.wav,generated_audios/generated_H2_128C_int8/908-157963-0003_generated.wav,3.08,0.918761,0.915197,0.298299,0.297142,1.534167,0.920607,0.690346
H2_128C_quantized_resblocks_range_2_9,908-157963-0004.wav,generated_audios/generated_H2_128C_int8/908-157963-0004_generated.wav,13.990023,4.235786,4.231194,0.302772,0.302444,1.714786,0.884003,0.750375
H2_128C_quantized_resblocks_range_2_9,908-157963-0005.wav,generated_audios/generated_H2_128C_int8/908-157963-0005_generated.wav,7.035011,2.104571,2.100467,0.299157,0.298573,1.684652,0.887458,0.815536
H2_128C_quantized_resblocks_range_2_9,908-157963-0006.wav,generated_audios/generated_H2_128C_int8/908-157963-0006_generated.wav,8.110023,2.460732,2.456846,0.303419,0.30294,1.688128,0.878604,0.74374
H2_128C_quantized_resblocks_range_2_9,908-157963-0007.wav,generated_audios/generated_H2_128C_int8/908-157963-0007_generated.wav,32.770023,10.3092,10.301636,0.314592,0.314362,1.695251,0.888524,0.758382
H2_128C_quantized_resblocks_range_2_9,908-157963-0008.wav,generated_audios/generated_H2_128C_int8/908-157963-0008_generated.wav,19.950023,6.173099,6.16714,0.309428,0.309129,1.758067,0.898797,0.760547
H2_128C_quantized_resblocks_range_2_9,908-157963-0009.wav,generated_audios/generated_H2_128C_int8/908-157963-0009_generated.wav,4.06,1.254038,1.250322,0.308876,0.307961,1.829181,0.906937,0.711555
H2_128C_quantized_resblocks_range_2_9,908-157963-0010.wav,generated_audios/generated_H2_128C_int8/908-157963-0010_generated.wav,6.28,0.142258,0.138209,0.022653,0.022008,1.661428,0.807187,0.821968
H2_128C_quantized_resblocks_range_2_9,908-157963-0011.wav,generated_audios/generated_H2_128C_int8/908-157963-0011_generated.wav,10.395011,0.266943,0.262484,0.02568,0.025251,1.608773,0.862724,0.764037
H2_128C_quantized_resblocks_range_2_9,908-157963-0012.wav,generated_audios/generated_H2_128C_int8/908-157963-0012_generated.wav,10.090023,3.026611,3.02221,0.299961,0.299525,1.551816,0.83061,0.809598
H2_128C_quantized_resblocks_range_2_9,908-157963-0013.wav,generated_audios/generated_H2_128C_int8/908-157963-0013_generated.wav,4.315011,0.119765,0.116017,0.027755,0.026887,1.613592,0.902675,0.872237
H2_128C_quantized_resblocks_range_2_9,908-157963-0014.wav,generated_audios/generated_H2_128C_int8/908-157963-0014_generated.wav,4.52,0.119692,0.115941,0.02648,0.025651,1.753,0.894573,0.844137
H2_128C_quantized_resblocks_range_2_9,908-157963-0015.wav,generated_audios/generated_H2_128C_int8/908-157963-0015_generated.wav,14.465034,4.123797,4.11946,0.285087,0.284787,1.825267,0.913197,0.761955
H2_128C_quantized_resblocks_range_2_9,908-157963-0016.wav,generated_audios/generated_H2_128C_int8/908-157963-0016_generated.wav,5.105034,0.145515,0.142011,0.028504,0.027818,1.729649,0.921054,0.797569
H2_128C_quantized_resblocks_range_2_9,908-157963-0017.wav,generated_audios/generated_H2_128C_int8/908-157963-0017_generated.wav,4.950023,1.425303,1.421596,0.287939,0.28719,1.886307,0.913589,0.713009
H2_128C_quantized_resblocks_range_2_9,908-157963-0018.wav,generated_audios/generated_H2_128C_int8/908-157963-0018_generated.wav,4.255011,0.128579,0.126226,0.030218,0.029665,1.802663,0.893893,0.721573
H2_128C_quantized_resblocks_range_2_9,908-157963-0019.wav,generated_audios/generated_H2_128C_int8/908-157963-0019_generated.wav,21.44,6.686375,6.680788,0.311865,0.311604,1.482406,0.879232,1.033948
H2_128C_quantized_resblocks_range_2_9,908-157963-0020.wav,generated_audios/generated_H2_128C_int8/908-157963-0020_generated.wav,9.8,2.977231,2.972695,0.303799,0.303336,1.484283,0.886041,1.020363
H2_128C_quantized_resblocks_range_2_9,908-157963-0021.wav,generated_audios/generated_H2_128C_int8/908-157963-0021_generated.wav,10.24,0.264863,0.26061,0.025866,0.02545,1.554464,0.887951,0.962026
H2_128C_quantized_resblocks_range_2_9,908-157963-0022.wav,generated_audios/generated_H2_128C_int8/908-157963-0022_generated.wav,4.610023,1.425599,1.421916,0.309239,0.30844,1.508636,0.860473,0.98444
H2_128C_quantized_resblocks_range_2_9,908-157963-0023.wav,generated_audios/generated_H2_128C_int8/908-157963-0023_generated.wav,9.625034,3.002329,2.998383,0.311929,0.311519,1.767999,0.857555,0.797359
H2_128C_quantized_resblocks_range_2_9,908-157963-0024.wav,generated_audios/generated_H2_128C_int8/908-157963-0024_generated.wav,3.44,1.062362,1.058552,0.308826,0.307719,1.603309,0.884968,0.86677
H2_128C_quantized_resblocks_range_2_9,908-157963-0025.wav,generated_audios/generated_H2_128C_int8/908-157963-0025_generated.wav,9.265034,2.688661,2.684826,0.290194,0.28978,1.683027,0.874948,0.851177
H2_128C_quantized_resblocks_range_2_9,908-157963-0026.wav,generated_audios/generated_H2_128C_int8/908-157963-0026_generated.wav,8.1,2.421234,2.417107,0.298918,0.298408,1.740171,0.880545,0.778141
H2_128C_quantized_resblocks_range_2_9,908-157963-0027.wav,generated_audios/generated_H2_128C_int8/908-157963-0027_generated.wav,5.225034,0.141489,0.137426,0.027079,0.026301,1.647034,0.816621,0.876884
H2_128C_quantized_resblocks_range_2_9,908-157963-0028.wav,generated_audios/generated_H2_128C_int8/908-157963-0028_generated.wav,4.955011,0.112283,0.108739,0.02266,0.021945,1.853961,0.918576,0.72002
H2_128C_quantized_resblocks_range_2_9,908-157963-0029.wav,generated_audios/generated_H2_128C_int8/908-157963-0029_generated.wav,3.630023,1.019144,1.015678,0.280754,0.279799,1.71233,0.931547,0.764439
H2_128C_quantized_resblocks_range_2_9,908-157963-0030.wav,generated_audios/generated_H2_128C_int8/908-157963-0030_generated.wav,4.52,0.107577,0.103996,0.0238,0.023008,1.752492,0.916142,0.818555
H2_128C_quantized_resblocks_range_2_9,908-31957-0000.wav,generated_audios/generated_H2_128C_int8/908-31957-0000_generated.wav,2.125034,0.612335,0.609239,0.288153,0.286696,1.975224,0.905444,0.879567
H2_128C_quantized_resblocks_range_2_9,908-31957-0001.wav,generated_audios/generated_H2_128C_int8/908-31957-0001_generated.wav,11.315011,3.460866,3.457233,0.305865,0.305544,1.611314,0.897164,0.86966
H2_128C_quantized_resblocks_range_2_9,908-31957-0002.wav,generated_audios/generated_H2_128C_int8/908-31957-0002_generated.wav,4.790023,0.128628,0.124672,0.026853,0.026027,1.599692,0.891597,0.930877
H2_128C_quantized_resblocks_range_2_9,908-31957-0003.wav,generated_audios/generated_H2_128C_int8/908-31957-0003_generated.wav,6.565034,0.169473,0.165793,0.025814,0.025254,1.61859,0.896633,0.779642
H2_128C_quantized_resblocks_range_2_9,908-31957-0004.wav,generated_audios/generated_H2_128C_int8/908-31957-0004_generated.wav,14.755011,4.529704,4.525478,0.306994,0.306708,1.67565,0.90188,0.820534
H2_128C_quantized_resblocks_range_2_9,908-31957-0005.wav,generated_audios/generated_H2_128C_int8/908-31957-0005_generated.wav,4.490023,0.121066,0.117649,0.026963,0.026202,1.703078,0.902284,0.962211
H2_128C_quantized_resblocks_range_2_9,908-31957-0006.wav,generated_audios/generated_H2_128C_int8/908-31957-0006_generated.wav,5.890023,1.669268,1.665877,0.283406,0.28283,1.657836,0.888805,0.937389
H2_128C_quantized_resblocks_range_2_9,908-31957-0007.wav,generated_audios/generated_H2_128C_int8/908-31957-0007_generated.wav,5.8,0.149983,0.146394,0.025859,0.02524,1.725505,0.905446,0.837624
H2_128C_quantized_resblocks_range_2_9,908-31957-0008.wav,generated_audios/generated_H2_128C_int8/908-31957-0008_generated.wav,10.005034,2.815466,2.811446,0.281405,0.281003,1.638685,0.896637,0.861077
H2_128C_quantized_resblocks_range_2_9,908-31957-0009.wav,generated_audios/generated_H2_128C_int8/908-31957-0009_generated.wav,7.705034,2.188509,2.184247,0.284036,0.283483,1.606005,0.900108,0.845922
H2_128C_quantized_resblocks_range_2_9,908-31957-0010.wav,generated_audios/generated_H2_128C_int8/908-31957-0010_generated.wav,2.510023,0.711449,0.708321,0.283443,0.282197,1.580406,0.773974,1.0907
H2_128C_quantized_resblocks_range_2_9,908-31957-0011.wav,generated_audios/generated_H2_128C_int8/908-31957-0011_generated.wav,2.335011,0.07159,0.068827,0.03066,0.029476,1.724025,0.859356,0.872938
H2_128C_quantized_resblocks_range_2_9,908-31957-0012.wav,generated_audios/generated_H2_128C_int8/908-31957-0012_generated.wav,7.615011,2.277933,2.274505,0.299137,0.298687,1.644279,0.891812,0.894701
H2_128C_quantized_resblocks_range_2_9,908-31957-0013.wav,generated_audios/generated_H2_128C_int8/908-31957-0013_generated.wav,6.18,1.859083,1.85554,0.300822,0.300249,1.77187,0.873786,0.920024
H2_128C_quantized_resblocks_range_2_9,908-31957-0014.wav,generated_audios/generated_H2_128C_int8/908-31957-0014_generated.wav,7.56,2.136397,2.132409,0.282592,0.282065,1.600839,0.887307,0.930551
H2_128C_quantized_resblocks_range_2_9,908-31957-0015.wav,generated_audios/generated_H2_128C_int8/908-31957-0015_generated.wav,21.465034,6.321626,6.316768,0.294508,0.294282,1.588448,0.880908,0.958658
H2_128C_quantized_resblocks_range_2_9,908-31957-0016.wav,generated_audios/generated_H2_128C_int8/908-31957-0016_generated.wav,6.48,1.849255,1.845273,0.285379,0.284764,1.7762,0.896249,0.9156
H2_128C_quantized_resblocks_range_2_9,908-31957-0017.wav,generated_audios/generated_H2_128C_int8/908-31957-0017_generated.wav,7.795011,2.353255,2.349212,0.301892,0.301374,1.527483,0.900382,0.941083
H2_128C_quantized_resblocks_range_2_9,908-31957-0018.wav,generated_audios/generated_H2_128C_int8/908-31957-0018_generated.wav,3.915011,1.217899,1.214272,0.311084,0.310158,1.664099,0.887531,0.913031
H2_128C_quantized_resblocks_range_2_9,908-31957-0019.wav,generated_audios/generated_H2_128C_int8/908-31957-0019_generated.wav,9.54,2.962722,2.958314,0.310558,0.310096,1.762375,0.907655,0.830416
H2_128C_quantized_resblocks_range_2_9,908-31957-0020.wav,generated_audios/generated_H2_128C_int8/908-31957-0020_generated.wav,5.895011,0.130655,0.127041,0.022164,0.021551,1.689267,0.897005,0.885415
H2_128C_quantized_resblocks_range_2_9,908-31957-0021.wav,generated_audios/generated_H2_128C_int8/908-31957-0021_generated.wav,10.905034,3.165173,3.161304,0.290249,0.289894,1.620871,0.893323,0.872605
H2_128C_quantized_resblocks_range_2_9,908-31957-0022.wav,generated_audios/generated_H2_128C_int8/908-31957-0022_generated.wav,14.1,4.360346,4.35564,0.309244,0.308911,1.575247,0.885547,0.873642
H2_128C_quantized_resblocks_range_2_9,908-31957-0023.wav,generated_audios/generated_H2_128C_int8/908-31957-0023_generated.wav,8.515011,2.629336,2.625211,0.308788,0.308304,1.655938,0.904252,0.949498
H2_128C_quantized_resblocks_range_2_9,908-31957-0024.wav,generated_audios/generated_H2_128C_int8/908-31957-0024_generated.wav,7.54,2.263079,2.259103,0.300143,0.299616,1.61937,0.891982,0.941248
H2_128C_quantized_resblocks_range_2_9,908-31957-0025.wav,generated_audios/generated_H2_128C_int8/908-31957-0025_generated.wav,20.56,6.2963,6.290718,0.30624,0.305969,1.606924,0.894349,1.019571
H2_256C_quantized_resblocks_range_2_9,1089-134686-0000.wav,generated_audios/generated_H2_256C_int8/1089-134686-0000_generated.wav,10.435011,0.619198,0.615135,0.059339,0.058949,2.863702,0.96131,0.310191
H2_256C_quantized_resblocks_range_2_9,1089-134686-0001.wav,generated_audios/generated_H2_256C_int8/1089-134686-0001_generated.wav,3.275011,0.186945,0.183396,0.057082,0.055999,2.553954,0.949631,0.327579
H2_256C_quantized_resblocks_range_2_9,1089-134686-0002.wav,generated_audios/generated_H2_256C_int8/1089-134686-0002_generated.wav,6.625034,0.374271,0.370151,0.056493,0.055872,2.996534,0.954216,0.305186
H2_256C_quantized_resblocks_range_2_9,1089-134686-0003.wav,generated_audios/generated_H2_256C_int8/1089-134686-0003_generated.wav,2.68,0.156774,0.153748,0.058498,0.057369,3.032276,0.966975,0.34744
H2_256C_quantized_resblocks_range_2_9,1089-134686-0004.wav,generated_audios/generated_H2_256C_int8/1089-134686-0004_generated.wav,5.215102,0.288263,0.284687,0.055275,0.054589,3.122606,0.974064,0.319935
H2_256C_quantized_resblocks_range_2_9,1089-134686-0005.wav,generated_audios/generated_H2_256C_int8/1089-134686-0005_generated.wav,9.635011,0.549742,0.545636,0.057057,0.056631,2.850904,0.943468,0.311019
H2_256C_quantized_resblocks_range_2_9,1089-134686-0006.wav,generated_audios/generated_H2_256C_int8/1089-134686-0006_generated.wav,10.555011,0.638915,0.634574,0.060532,0.060121,2.823878,0.952318,0.31117
H2_256C_quantized_resblocks_range_2_9,1089-134686-0007.wav,generated_audios/generated_H2_256C_int8/1089-134686-0007_generated.wav,4.275011,0.253837,0.250491,0.059377,0.058594,2.724916,0.966178,0.32927
H2_256C_quantized_resblocks_range_2_9,1089-134686-0008.wav,generated_audios/generated_H2_256C_int8/1089-134686-0008_generated.wav,6.730023,0.379641,0.375918,0.05641,0.055857,2.820703,0.961466,0.312991
H2_256C_quantized_resblocks_range_2_9,1089-134686-0009.wav,generated_audios/generated_H2_256C_int8/1089-134686-0009_generated.wav,10.575011,0.648948,0.644998,0.061366,0.060993,3.045414,0.969952,0.318604
H2_256C_quantized_resblocks_range_2_9,1089-134686-0010.wav,generated_audios/generated_H2_256C_int8/1089-134686-0010_generated.wav,4.405034,0.243256,0.240111,0.055222,0.054508,3.241693,0.969762,0.293012
H2_256C_quantized_resblocks_range_2_9,1089-134686-0011.wav,generated_audios/generated_H2_256C_int8/1089-134686-0011_generated.wav,12.445034,0.812556,0.808093,0.065292,0.064933,3.015378,0.958698,0.300787
H2_256C_quantized_resblocks_range_2_9,1089-134686-0012.wav,generated_audios/generated_H2_256C_int8/1089-134686-0012_generated.wav,11.64,0.747061,0.742715,0.06418,0.063807,2.855364,0.963805,0.31688
H2_256C_quantized_resblocks_range_2_9,1089-134686-0013.wav,generated_audios/generated_H2_256C_int8/1089-134686-0013_generated.wav,7.915011,0.460272,0.456221,0.058152,0.05764,2.584451,0.960088,0.308953
H2_256C_quantized_resblocks_range_2_9,1089-134686-0014.wav,generated_audios/generated_H2_256C_int8/1089-134686-0014_generated.wav,2.225034,0.130553,0.126968,0.058675,0.057064,2.919999,0.976528,0.302448
H2_256C_quantized_resblocks_range_2_9,1089-134686-0015.wav,generated_audios/generated_H2_256C_int8/1089-134686-0015_generated.wav,5.815011,0.337773,0.334135,0.058086,0.057461,2.784234,0.95764,0.32709
H2_256C_quantized_resblocks_range_2_9,1089-134686-0016.wav,generated_audios/generated_H2_256C_int8/1089-134686-0016_generated.wav,3.54,0.207218,0.203968,0.058536,0.057618,2.543277,0.95387,0.311176
H2_256C_quantized_resblocks_range_2_9,1089-134686-0017.wav,generated_audios/generated_H2_256C_int8/1089-134686-0017_generated.wav,8.870023,0.520537,0.516321,0.058685,0.05821,2.782228,0.960875,0.305664
H2_256C_quantized_resblocks_range_2_9,1089-134686-0018.wav,generated_audios/generated_H2_256C_int8/1089-134686-0018_generated.wav,15.72,1.042429,1.037282,0.066312,0.065985,2.858593,0.962165,0.305053
H2_256C_quantized_resblocks_range_2_9,1089-134686-0019.wav,generated_audios/generated_H2_256C_int8/1089-134686-0019_generated.wav,13.895011,0.889503,0.88546,0.064016,0.063725,2.96172,0.962044,0.30296
H2_256C_quantized_resblocks_range_2_9,1089-134686-0020.wav,generated_audios/generated_H2_256C_int8/1089-134686-0020_generated.wav,16.790023,1.172239,1.167111,0.069818,0.069512,2.605618,0.955346,0.308828
H2_256C_quantized_resblocks_range_2_9,1089-134686-0021.wav,generated_audios/generated_H2_256C_int8/1089-134686-0021_generated.wav,6.550023,0.376148,0.372387,0.057427,0.056853,2.703341,0.963335,0.307384
H2_256C_quantized_resblocks_range_2_9,1089-134686-0022.wav,generated_audios/generated_H2_256C_int8/1089-134686-0022_generated.wav,11.175011,0.747021,0.743047,0.066847,0.066492,2.744507,0.960761,0.30277
H2_256C_quantized_resblocks_range_2_9,1089-134686-0023.wav,generated_audios/generated_H2_256C_int8/1089-134686-0023_generated.wav,13.275011,0.857582,0.853028,0.064601,0.064258,2.767156,0.95833,0.305025
H2_256C_quantized_resblocks_range_2_9,1089-134686-0024.wav,generated_audios/generated_H2_256C_int8/1089-134686-0024_generated.wav,11.655011,0.728523,0.723881,0.062507,0.062109,2.683609,0.960145,0.303738
H2_256C_quantized_resblocks_range_2_9,1089-134686-0025.wav,generated_audios/generated_H2_256C_int8/1089-134686-0025_generated.wav,6.610023,0.384147,0.380482,0.058116,0.057561,2.78465,0.960757,0.318974
H2_256C_quantized_resblocks_range_2_9,1089-134686-0026.wav,generated_audios/generated_H2_256C_int8/1089-134686-0026_generated.wav,4.010023,0.223339,0.220461,0.055695,0.054977,2.788589,0.95141,0.313346
H2_256C_quantized_resblocks_range_2_9,1089-134686-0027.wav,generated_audios/generated_H2_256C_int8/1089-134686-0027_generated.wav,2.710023,0.152261,0.149005,0.056184,0.054983,2.494692,0.959597,0.301594
H2_256C_quantized_resblocks_range_2_9,1089-134686-0028.wav,generated_audios/generated_H2_256C_int8/1089-134686-0028_generated.wav,7.830023,0.453336,0.449429,0.057897,0.057398,2.960534,0.96285,0.29783
H2_256C_quantized_resblocks_range_2_9,1089-134686-0029.wav,generated_audios/generated_H2_256C_int8/1089-134686-0029_generated.wav,4.670023,0.267042,0.263746,0.057182,0.056476,3.081559,0.962312,0.297825
H2_256C_quantized_resblocks_range_2_9,1089-134686-0030.wav,generated_audios/generated_H2_256C_int8/1089-134686-0030_generated.wav,2.715011,0.141671,0.138441,0.052181,0.050991,2.86326,0.961719,0.301837
H2_256C_quantized_resblocks_range_2_9,1089-134686-0031.wav,generated_audios/generated_H2_256C_int8/1089-134686-0031_generated.wav,6.615011,0.348933,0.345155,0.052749,0.052178,3.022866,0.957035,0.311461
H2_256C_quantized_resblocks_range_2_9,121-121726-0000.wav,generated_audios/generated_H2_256C_int8/121-121726-0000_generated.wav,8.46,0.487897,0.483748,0.057671,0.057181,2.89734,0.96429,0.419494
H2_256C_quantized_resblocks_range_2_9,121-121726-0001.wav,generated_audios/generated_H2_256C_int8/121-121726-0001_generated.wav,5.925034,0.336316,0.332792,0.056762,0.056167,2.971285,0.954653,0.593791
H2_256C_quantized_resblocks_range_2_9,121-121726-0002.wav,generated_audios/generated_H2_256C_int8/121-121726-0002_generated.wav,4.410023,0.233531,0.230135,0.052955,0.052184,2.917048,0.952392,0.561497
H2_256C_quantized_resblocks_range_2_9,121-121726-0003.wav,generated_audios/generated_H2_256C_int8/121-121726-0003_generated.wav,6.755011,0.387042,0.383569,0.057297,0.056783,3.008,0.967158,0.523195
H2_256C_quantized_resblocks_range_2_9,121-121726-0004.wav,generated_audios/generated_H2_256C_int8/121-121726-0004_generated.wav,4.02,0.234753,0.231541,0.058396,0.057597,2.806953,0.968871,0.626939
H2_256C_quantized_resblocks_range_2_9,121-121726-0005.wav,generated_audios/generated_H2_256C_int8/121-121726-0005_generated.wav,3.1,0.178097,0.1748,0.057451,0.056387,3.251822,0.968852,0.810719
H2_256C_quantized_resblocks_range_2_9,121-121726-0006.wav,generated_audios/generated_H2_256C_int8/121-121726-0006_generated.wav,3.895011,0.216722,0.213287,0.055641,0.054759,2.951199,0.956421,0.596932
H2_256C_quantized_resblocks_range_2_9,121-121726-0007.wav,generated_audios/generated_H2_256C_int8/121-121726-0007_generated.wav,6.730023,0.375155,0.371385,0.055744,0.055183,3.268919,0.973684,0.555002
H2_256C_quantized_resblocks_range_2_9,121-121726-0008.wav,generated_audios/generated_H2_256C_int8/121-121726-0008_generated.wav,4.990023,0.270931,0.267268,0.054295,0.053561,3.386575,0.974932,0.66781
H2_256C_quantized_resblocks_range_2_9,121-121726-0009.wav,generated_audios/generated_H2_256C_int8/121-121726-0009_generated.wav,7.26,0.404367,0.400664,0.055698,0.055188,3.030768,0.968335,0.513274
H2_256C_quantized_resblocks_range_2_9,121-121726-0010.wav,generated_audios/generated_H2_256C_int8/121-121726-0010_generated.wav,9.810023,0.637965,0.633977,0.065032,0.064625,3.127574,0.968634,0.504086
H2_256C_quantized_resblocks_range_2_9,121-121726-0011.wav,generated_audios/generated_H2_256C_int8/121-121726-0011_generated.wav,4.035011,0.225565,0.222127,0.055902,0.05505,2.943191,0.966144,0.623924
H2_256C_quantized_resblocks_range_2_9,121-121726-0012.wav,generated_audios/generated_H2_256C_int8/121-121726-0012_generated.wav,4.045034,0.226437,0.22297,0.055979,0.055122,2.789709,0.952665,0.499029
H2_256C_quantized_resblocks_range_2_9,121-121726-0013.wav,generated_audios/generated_H2_256C_int8/121-121726-0013_generated.wav,2.490023,0.143606,0.140482,0.057672,0.056418,3.01034,0.963712,0.567821
H2_256C_quantized_resblocks_range_2_9,121-121726-0014.wav,generated_audios/generated_H2_256C_int8/121-121726-0014_generated.wav,3.165034,0.186875,0.183511,0.059043,0.057981,3.458504,0.972703,0.636957
H2_256C_quantized_resblocks_range_2_9,121-123852-0000.wav,generated_audios/generated_H2_256C_int8/121-123852-0000_generated.wav,17.695011,1.244127,1.23869,0.07031,0.070002,2.808318,0.967491,0.55068
H2_256C_quantized_resblocks_range_2_9,121-123852-0001.wav,generated_audios/generated_H2_256C_int8/121-123852-0001_generated.wav,1.870023,0.115762,0.112519,0.061904,0.06017,2.573512,0.907955,0.817699
H2_256C_quantized_resblocks_range_2_9,121-123852-0002.wav,generated_audios/generated_H2_256C_int8/121-123852-0002_generated.wav,17.285034,1.170422,1.165741,0.067713,0.067442,2.778292,0.961973,0.462895
H2_256C_quantized_resblocks_range_2_9,121-123852-0003.wav,generated_audios/generated_H2_256C_int8/121-123852-0003_generated.wav,23.505034,6.879443,6.873943,0.29268,0.292446,2.820915,0.955839,0.474153
H2_256C_quantized_resblocks_range_2_9,121-123852-0004.wav,generated_audios/generated_H2_256C_int8/121-123852-0004_generated.wav,16.290023,4.508435,4.502994,0.276761,0.276426,2.851854,0.965548,0.467576
H2_256C_quantized_resblocks_range_2_9,121-123859-0000.wav,generated_audios/generated_H2_256C_int8/121-123859-0000_generated.wav,17.390023,4.917997,4.912888,0.282806,0.282512,2.624218,0.953552,0.496381
H2_256C_quantized_resblocks_range_2_9,121-123859-0001.wav,generated_audios/generated_H2_256C_int8/121-123859-0001_generated.wav,25.395011,7.694382,7.688905,0.302988,0.302772,1.145582,0.850206,2.169925
H2_256C_quantized_resblocks_range_2_9,121-123859-0002.wav,generated_audios/generated_H2_256C_int8/121-123859-0002_generated.wav,30.04,9.035471,9.028725,0.300781,0.300557,1.127681,0.834336,2.050142
H2_256C_quantized_resblocks_range_2_9,121-123859-0003.wav,generated_audios/generated_H2_256C_int8/121-123859-0003_generated.wav,10.825034,2.727796,2.723207,0.25199,0.251566,1.150942,0.850657,2.110097
H2_256C_quantized_resblocks_range_2_9,121-123859-0004.wav,generated_audios/generated_H2_256C_int8/121-123859-0004_generated.wav,9.505034,2.37061,2.366945,0.249406,0.24902,1.112704,0.832505,2.159957
H2_256C_quantized_resblocks_range_2_9,121-127105-0000.wav,generated_audios/generated_H2_256C_int8/121-127105-0000_generated.wav,9.875011,2.560644,2.556566,0.259305,0.258892,1.122995,0.818691,1.254475
H2_256C_quantized_resblocks_range_2_9,121-127105-0001.wav,generated_audios/generated_H2_256C_int8/121-127105-0001_generated.wav,5.025034,1.233303,1.229594,0.245432,0.244694,1.148208,0.834921,1.290982
H2_256C_quantized_resblocks_range_2_9,121-127105-0002.wav,generated_audios/generated_H2_256C_int8/121-127105-0002_generated.wav,7.495011,1.832314,1.82812,0.244471,0.243912,1.124421,0.836684,1.452735
H2_256C_quantized_resblocks_range_2_9,121-127105-0003.wav,generated_audios/generated_H2_256C_int8/121-127105-0003_generated.wav,7.725034,1.922005,1.918059,0.248802,0.248291,1.194879,0.857053,1.38677
H2_256C_quantized_resblocks_range_2_9,121-127105-0004.wav,generated_audios/generated_H2_256C_int8/121-127105-0004_generated.wav,2.110023,0.534267,0.531335,0.253204,0.251815,1.068465,0.864714,1.452437
H2_256C_quantized_resblocks_range_2_9,121-127105-0005.wav,generated_audios/generated_H2_256C_int8/121-127105-0005_generated.wav,5.82,1.419227,1.415593,0.243853,0.243229,1.157917,0.862628,1.080047
H2_256C_quantized_resblocks_range_2_9,121-127105-0006.wav,generated_audios/generated_H2_256C_int8/121-127105-0006_generated.wav,4.725034,1.154084,1.150928,0.244249,0.243581,1.088335,0.844752,1.327895
H2_256C_quantized_resblocks_range_2_9,121-127105-0007.wav,generated_audios/generated_H2_256C_int8/121-127105-0007_generated.wav,5.790023,1.405358,1.401657,0.242721,0.242081,1.127565,0.855425,1.385096
H2_256C_quantized_resblocks_range_2_9,121-127105-0008.wav,generated_audios/generated_H2_256C_int8/121-127105-0008_generated.wav,2.76,0.668634,0.66564,0.242259,0.241174,1.132978,0.815063,1.682954
H2_256C_quantized_resblocks_range_2_9,121-127105-0009.wav,generated_audios/generated_H2_256C_int8/121-127105-0009_generated.wav,2.290023,0.562658,0.559511,0.2457,0.244325,1.088436,0.813536,1.475908
H2_256C_quantized_resblocks_range_2_9,121-127105-0010.wav,generated_audios/generated_H2_256C_int8/121-127105-0010_generated.wav,2.850023,0.709853,0.706644,0.249069,0.247943,1.12089,0.834296,1.324436
H2_256C_quantized_resblocks_range_2_9,121-127105-0011.wav,generated_audios/generated_H2_256C_int8/121-127105-0011_generated.wav,5.78,1.446907,1.443571,0.25033,0.249753,1.131328,0.813711,1.301795
H2_256C_quantized_resblocks_range_2_9,121-127105-0012.wav,generated_audios/generated_H2_256C_int8/121-127105-0012_generated.wav,4.830023,1.202124,1.198697,0.248886,0.248176,1.051662,0.785848,1.669837
H2_256C_quantized_resblocks_range_2_9,121-127105-0013.wav,generated_audios/generated_H2_256C_int8/121-127105-0013_generated.wav,5.895011,1.429998,1.426402,0.242578,0.241968,1.111366,0.816571,1.331631
H2_256C_quantized_resblocks_range_2_9,121-127105-0014.wav,generated_audios/generated_H2_256C_int8/121-127105-0014_generated.wav,2.255011,0.569494,0.566206,0.252546,0.251088,1.181808,0.777366,1.490788
H2_256C_quantized_resblocks_range_2_9,121-127105-0015.wav,generated_audios/generated_H2_256C_int8/121-127105-0015_generated.wav,2.96,0.724272,0.720929,0.244687,0.243557,1.136367,0.814315,1.492621
H2_256C_quantized_resblocks_range_2_9,121-127105-0016.wav,generated_audios/generated_H2_256C_int8/121-127105-0016_generated.wav,2.030023,0.492631,0.489598,0.242673,0.241178,1.148566,0.867569,1.443132
H2_256C_quantized_resblocks_range_2_9,121-127105-0017.wav,generated_audios/generated_H2_256C_int8/121-127105-0017_generated.wav,2.695011,0.678414,0.675427,0.25173,0.250621,1.136686,0.846211,1.454583
H2_256C_quantized_resblocks_range_2_9,121-127105-0018.wav,generated_audios/generated_H2_256C_int8/121-127105-0018_generated.wav,2.770023,0.686732,0.683497,0.247916,0.246748,1.099514,0.782795,1.48267
H2_256C_quantized_resblocks_range_2_9,121-127105-0019.wav,generated_audios/generated_H2_256C_int8/121-127105-0019_generated.wav,3.525034,0.843943,0.84061,0.239414,0.238469,1.098705,0.813574,1.288938
H2_256C_quantized_resblocks_range_2_9,121-127105-0020.wav,generated_audios/generated_H2_256C_int8/121-127105-0020_generated.wav,14.355011,3.988738,3.984268,0.277864,0.277552,1.159925,0.852566,1.287167
H2_256C_quantized_resblocks_range_2_9,121-127105-0021.wav,generated_audios/generated_H2_256C_int8/121-127105-0021_generated.wav,2.0,0.512049,0.508861,0.256025,0.25443,1.118854,0.854534,1.354897
H2_256C_quantized_resblocks_range_2_9,121-127105-0022.wav,generated_audios/generated_H2_256C_int8/121-127105-0022_generated.wav,5.075011,1.257874,1.25419,0.247856,0.247131,1.236937,0.845208,1.358116
H2_256C_quantized_resblocks_range_2_9,121-127105-0023.wav,generated_audios/generated_H2_256C_int8/121-127105-0023_generated.wav,10.910023,2.808612,2.804671,0.257434,0.257073,1.171274,0.847342,1.323702
H2_256C_quantized_resblocks_range_2_9,121-127105-0024.wav,generated_audios/generated_H2_256C_int8/121-127105-0024_generated.wav,14.450023,4.046393,4.041847,0.280027,0.279712,1.14762,0.822571,1.520868
H2_256C_quantized_resblocks_range_2_9,121-127105-0025.wav,generated_audios/generated_H2_256C_int8/121-127105-0025_generated.wav,16.065034,4.423031,4.41819,0.27532,0.275019,1.156633,0.841052,1.231361
H2_256C_quantized_resblocks_range_2_9,121-127105-0026.wav,generated_audios/generated_H2_256C_int8/121-127105-0026_generated.wav,7.530023,1.850493,1.846896,0.245749,0.245271,1.166986,0.860577,1.472236
H2_256C_quantized_resblocks_range_2_9,121-127105-0027.wav,generated_audios/generated_H2_256C_int8/121-127105-0027_generated.wav,13.870023,3.853246,3.848563,0.277811,0.277473,1.178505,0.840961,1.314594
H2_256C_quantized_resblocks_range_2_9,121-127105-0028.wav,generated_audios/generated_H2_256C_int8/121-127105-0028_generated.wav,6.750023,0.384655,0.380705,0.056986,0.0564,1.215707,0.86382,0.976734
H2_256C_quantized_resblocks_range_2_9,121-127105-0029.wav,generated_audios/generated_H2_256C_int8/121-127105-0029_generated.wav,7.310023,1.820277,1.817055,0.249011,0.24857,1.165608,0.857354,1.35673
H2_256C_quantized_resblocks_range_2_9,121-127105-0030.wav,generated_audios/generated_H2_256C_int8/121-127105-0030_generated.wav,2.175011,0.559318,0.556075,0.257157,0.255665,1.10802,0.827136,1.921203
H2_256C_quantized_resblocks_range_2_9,121-127105-0031.wav,generated_audios/generated_H2_256C_int8/121-127105-0031_generated.wav,10.765034,2.711297,2.707178,0.251861,0.251479,1.130021,0.739367,1.498354
H2_256C_quantized_resblocks_range_2_9,121-127105-0032.wav,generated_audios/generated_H2_256C_int8/121-127105-0032_generated.wav,3.170023,0.767281,0.763873,0.242043,0.240968,1.10867,0.849821,1.335607
H2_256C_quantized_resblocks_range_2_9,121-127105-0033.wav,generated_audios/generated_H2_256C_int8/121-127105-0033_generated.wav,2.355011,0.598642,0.595443,0.254199,0.252841,1.155365,0.809921,1.468255
H2_256C_quantized_resblocks_range_2_9,121-127105-0034.wav,generated_audios/generated_H2_256C_int8/121-127105-0034_generated.wav,7.410023,1.874869,1.871091,0.253018,0.252508,1.136468,0.815045,1.453017
H2_256C_quantized_resblocks_range_2_9,121-127105-0035.wav,generated_audios/generated_H2_256C_int8/121-127105-0035_generated.wav,14.150023,3.931948,3.927391,0.277876,0.277554,1.162835,0.8144,1.292948
H2_256C_quantized_resblocks_range_2_9,121-127105-0036.wav,generated_audios/generated_H2_256C_int8/121-127105-0036_generated.wav,4.150023,1.004121,1.000704,0.241955,0.241132,1.229629,0.786975,1.30265
H2_256C_quantized_resblocks_range_2_9,237-126133-0000.wav,generated_audios/generated_H2_256C_int8/237-126133-0000_generated.wav,13.290023,3.711292,3.706771,0.279254,0.278914,1.126436,0.790886,1.829489
H2_256C_quantized_resblocks_range_2_9,237-126133-0001.wav,generated_audios/generated_H2_256C_int8/237-126133-0001_generated.wav,11.965034,3.344185,3.339917,0.279496,0.27914,1.107506,0.771557,1.847636
H2_256C_quantized_resblocks_range_2_9,237-126133-0002.wav,generated_audios/generated_H2_256C_int8/237-126133-0002_generated.wav,8.92,2.256801,2.252722,0.253005,0.252547,1.068218,0.777729,2.154828
H2_256C_quantized_resblocks_range_2_9,237-126133-0003.wav,generated_audios/generated_H2_256C_int8/237-126133-0003_generated.wav,6.56,1.619299,1.615584,0.246844,0.246278,1.071225,0.699656,1.906708
H2_256C_quantized_resblocks_range_2_9,237-126133-0004.wav,generated_audios/generated_H2_256C_int8/237-126133-0004_generated.wav,3.295011,0.810326,0.807097,0.245925,0.244945,1.090089,0.77939,1.964086
H2_256C_quantized_resblocks_range_2_9,237-126133-0005.wav,generated_audios/generated_H2_256C_int8/237-126133-0005_generated.wav,6.510023,1.622824,1.619211,0.249281,0.248726,1.115734,0.799121,1.876469
H2_256C_quantized_resblocks_range_2_9,237-126133-0006.wav,generated_audios/generated_H2_256C_int8/237-126133-0006_generated.wav,6.150023,1.494644,1.490975,0.243031,0.242434,1.157247,0.837205,2.15561
H2_256C_quantized_resblocks_range_2_9,237-126133-0007.wav,generated_audios/generated_H2_256C_int8/237-126133-0007_generated.wav,8.68,2.150118,2.14603,0.247709,0.247239,1.118265,0.793107,1.964109
H2_256C_quantized_resblocks_range_2_9,237-126133-0008.wav,generated_audios/generated_H2_256C_int8/237-126133-0008_generated.wav,3.865034,0.953311,0.949907,0.24665,0.245769,1.081836,0.764724,1.995143
H2_256C_quantized_resblocks_range_2_9,237-126133-0009.wav,generated_audios/generated_H2_256C_int8/237-126133-0009_generated.wav,3.970023,0.982407,0.978966,0.247456,0.24659,1.10765,0.803085,2.025578
H2_256C_quantized_resblocks_range_2_9,237-126133-0010.wav,generated_audios/generated_H2_256C_int8/237-126133-0010_generated.wav,6.24,1.504305,1.501847,0.241075,0.240681,1.091599,0.763461,1.933204
H2_256C_quantized_resblocks_range_2_9,237-126133-0011.wav,generated_audios/generated_H2_256C_int8/237-126133-0011_generated.wav,6.710023,1.624485,1.62094,0.242098,0.24157,1.149974,0.805321,2.085662
H2_256C_quantized_resblocks_range_2_9,237-126133-0012.wav,generated_audios/generated_H2_256C_int8/237-126133-0012_generated.wav,4.450023,1.094927,1.091366,0.24605,0.24525,1.108544,0.751494,1.977607
H2_256C_quantized_resblocks_range_2_9,237-126133-0013.wav,generated_audios/generated_H2_256C_int8/237-126133-0013_generated.wav,6.815011,1.732572,1.728779,0.254229,0.253672,1.101359,0.756734,2.24818
H2_256C_quantized_resblocks_range_2_9,237-126133-0014.wav,generated_audios/generated_H2_256C_int8/237-126133-0014_generated.wav,6.790023,1.688561,1.684923,0.248683,0.248147,1.092252,0.763371,1.766989
H2_256C_quantized_resblocks_range_2_9,237-126133-0015.wav,generated_audios/generated_H2_256C_int8/237-126133-0015_generated.wav,9.34,2.345378,2.34129,0.251111,0.250673,1.105277,0.769164,2.023426
H2_256C_quantized_resblocks_range_2_9,237-126133-0016.wav,generated_audios/generated_H2_256C_int8/237-126133-0016_generated.wav,4.250023,1.036983,1.033631,0.243995,0.243206,1.160391,0.820952,2.066133
H2_256C_quantized_resblocks_range_2_9,237-126133-0017.wav,generated_audios/generated_H2_256C_int8/237-126133-0017_generated.wav,6.210023,1.52537,1.52174,0.24563,0.245046,1.195207,0.830391,1.957719
H2_256C_quantized_resblocks_range_2_9,237-126133-0018.wav,generated_audios/generated_H2_256C_int8/237-126133-0018_generated.wav,4.095011,1.032056,1.028623,0.252028,0.251189,1.085782,0.684613,2.348414
H2_256C_quantized_resblocks_range_2_9,237-126133-0019.wav,generated_audios/generated_H2_256C_int8/237-126133-0019_generated.wav,7.12,1.793018,1.790378,0.251828,0.251458,1.112694,0.769828,1.983942
H2_256C_quantized_resblocks_range_2_9,237-126133-0020.wav,generated_audios/generated_H2_256C_int8/237-126133-0020_generated.wav,2.24,0.552483,0.549412,0.246644,0.245273,1.165327,0.79925,1.928032
H2_256C_quantized_resblocks_range_2_9,237-126133-0021.wav,generated_audios/generated_H2_256C_int8/237-126133-0021_generated.wav,4.365034,1.047904,1.044414,0.240068,0.239268,1.082243,0.698781,2.218199
H2_256C_quantized_resblocks_range_2_9,237-126133-0022.wav,generated_audios/generated_H2_256C_int8/237-126133-0022_generated.wav,5.04,1.231234,1.227514,0.244292,0.243554,1.139876,0.784214,2.028474
H2_256C_quantized_resblocks_range_2_9,237-126133-0023.wav,generated_audios/generated_H2_256C_int8/237-126133-0023_generated.wav,6.675011,1.677395,1.67368,0.251295,0.250738,1.087758,0.773012,1.915658
H2_256C_quantized_resblocks_range_2_9,237-126133-0024.wav,generated_audios/generated_H2_256C_int8/237-126133-0024_generated.wav,9.665034,2.547727,2.543964,0.263602,0.263213,1.158656,0.815937,1.70716
H2_256C_quantized_resblocks_range_2_9,237-126133-0025.wav,generated_audios/generated_H2_256C_int8/237-126133-0025_generated.wav,3.755011,0.931299,0.927868,0.248015,0.247101,1.141953,0.795864,1.920992
H2_256C_quantized_resblocks_range_2_9,237-134493-0000.wav,generated_audios/generated_H2_256C_int8/237-134493-0000_generated.wav,4.105034,1.012976,1.00958,0.246764,0.245937,1.325828,0.86639,1.273372
H2_256C_quantized_resblocks_range_2_9,237-134493-0001.wav,generated_audios/generated_H2_256C_int8/237-134493-0001_generated.wav,7.38,1.836908,1.833176,0.248903,0.248398,1.373776,0.890762,1.232785
H2_256C_quantized_resblocks_range_2_9,237-134493-0002.wav,generated_audios/generated_H2_256C_int8/237-134493-0002_generated.wav,11.395011,2.908364,2.904113,0.255231,0.254858,1.45996,0.892818,1.379518
H2_256C_quantized_resblocks_range_2_9,237-134493-0003.wav,generated_audios/generated_H2_256C_int8/237-134493-0003_generated.wav,12.765034,3.593772,3.589539,0.281533,0.281201,1.321062,0.901916,1.221483
H2_256C_quantized_resblocks_range_2_9,237-134493-0004.wav,generated_audios/generated_H2_256C_int8/237-134493-0004_generated.wav,6.825034,1.688914,1.68538,0.247459,0.246941,1.50966,0.913124,1.154797
H2_256C_quantized_resblocks_range_2_9,237-134493-0005.wav,generated_audios/generated_H2_256C_int8/237-134493-0005_generated.wav,10.945034,2.794302,2.790195,0.255303,0.254928,1.43345,0.899556,1.195749
H2_256C_quantized_resblocks_range_2_9,237-134493-0006.wav,generated_audios/generated_H2_256C_int8/237-134493-0006_generated.wav,4.395011,1.079599,1.076198,0.245642,0.244868,1.643875,0.940294,1.101393
H2_256C_quantized_resblocks_range_2_9,237-134493-0007.wav,generated_audios/generated_H2_256C_int8/237-134493-0007_generated.wav,2.035011,0.520659,0.517734,0.255851,0.254414,1.413175,0.863316,1.058464
H2_256C_quantized_resblocks_range_2_9,237-134493-0008.wav,generated_audios/generated_H2_256C_int8/237-134493-0008_generated.wav,2.305034,0.563256,0.559985,0.244359,0.24294,1.347853,0.822212,1.564102
H2_256C_quantized_resblocks_range_2_9,237-134493-0009.wav,generated_audios/generated_H2_256C_int8/237-134493-0009_generated.wav,2.975011,0.867689,0.864357,0.291659,0.290539,1.404447,0.918921,1.342014
H2_256C_quantized_resblocks_range_2_9,237-134493-0010.wav,generated_audios/generated_H2_256C_int8/237-134493-0010_generated.wav,2.875011,0.712492,0.709158,0.247822,0.246663,1.383132,0.862311,1.229242
H2_256C_quantized_resblocks_range_2_9,237-134493-0011.wav,generated_audios/generated_H2_256C_int8/237-134493-0011_generated.wav,5.035011,1.245764,1.24227,0.24742,0.246726,1.470561,0.907753,1.085684
H2_256C_quantized_resblocks_range_2_9,237-134493-0012.wav,generated_audios/generated_H2_256C_int8/237-134493-0012_generated.wav,3.66,0.887017,0.883689,0.242354,0.241445,1.512829,0.922076,1.260649
H2_256C_quantized_resblocks_range_2_9,237-134493-0013.wav,generated_audios/generated_H2_256C_int8/237-134493-0013_generated.wav,4.090023,0.227858,0.224416,0.055711,0.054869,1.534349,0.893504,1.0983
H2_256C_quantized_resblocks_range_2_9,237-134493-0014.wav,generated_audios/generated_H2_256C_int8/237-134493-0014_generated.wav,3.7,0.897818,0.894451,0.242653,0.241744,1.362224,0.91092,1.228744
H2_256C_quantized_resblocks_range_2_9,237-134493-0015.wav,generated_audios/generated_H2_256C_int8/237-134493-0015_generated.wav,6.550023,0.372685,0.369169,0.056898,0.056361,1.381878,0.892502,1.131128
H2_256C_quantized_resblocks_range_2_9,237-134493-0016.wav,generated_audios/generated_H2_256C_int8/237-134493-0016_generated.wav,10.085034,2.578051,2.573892,0.255631,0.255219,1.43929,0.917118,1.086973
H2_256C_quantized_resblocks_range_2_9,237-134493-0017.wav,generated_audios/generated_H2_256C_int8/237-134493-0017_generated.wav,9.105034,2.291183,2.287128,0.251639,0.251194,1.384492,0.902013,1.150684
H2_256C_quantized_resblocks_range_2_9,237-134493-0018.wav,generated_audios/generated_H2_256C_int8/237-134493-0018_generated.wav,4.790023,1.192237,1.188581,0.2489,0.248137,1.50059,0.930382,1.139016
H2_256C_quantized_resblocks_range_2_9,237-134500-0000.wav,generated_audios/generated_H2_256C_int8/237-134500-0000_generated.wav,6.130023,1.53141,1.527522,0.249821,0.249187,1.366157,0.882432,1.435857
H2_256C_quantized_resblocks_range_2_9,237-134500-0001.wav,generated_audios/generated_H2_256C_int8/237-134500-0001_generated.wav,1.810023,0.459735,0.456628,0.253994,0.252277,1.40069,0.85196,1.615564
H2_256C_quantized_resblocks_range_2_9,237-134500-0002.wav,generated_audios/generated_H2_256C_int8/237-134500-0002_generated.wav,5.070023,1.237627,1.234022,0.244107,0.243396,1.377421,0.918122,1.240752
H2_256C_quantized_resblocks_range_2_9,237-134500-0003.wav,generated_audios/generated_H2_256C_int8/237-134500-0003_generated.wav,3.170023,0.178174,0.175434,0.056206,0.055342,1.184345,0.876278,1.385319
H2_256C_quantized_resblocks_range_2_9,237-134500-0004.wav,generated_audios/generated_H2_256C_int8/237-134500-0004_generated.wav,2.225034,0.129829,0.126641,0.058349,0.056916,1.381122,0.91105,1.364378
H2_256C_quantized_resblocks_range_2_9,237-134500-0005.wav,generated_audios/generated_H2_256C_int8/237-134500-0005_generated.wav,2.390023,0.611734,0.608468,0.255953,0.254587,1.339937,0.909575,1.306676
H2_256C_quantized_resblocks_range_2_9,237-134500-0006.wav,generated_audios/generated_H2_256C_int8/237-134500-0006_generated.wav,4.225034,1.026795,1.023396,0.243026,0.242222,1.379356,0.902431,1.26148
H2_256C_quantized_resblocks_range_2_9,237-134500-0007.wav,generated_audios/generated_H2_256C_int8/237-134500-0007_generated.wav,2.390023,0.124196,0.12097,0.051964,0.050615,1.315084,0.877596,1.354933
H2_256C_quantized_resblocks_range_2_9,237-134500-0008.wav,generated_audios/generated_H2_256C_int8/237-134500-0008_generated.wav,3.76,0.211139,0.207716,0.056154,0.055244,1.37394,0.854868,1.517338
H2_256C_quantized_resblocks_range_2_9,237-134500-0009.wav,generated_audios/generated_H2_256C_int8/237-134500-0009_generated.wav,2.22,0.116772,0.113873,0.0526,0.051294,1.28888,0.864052,1.370504
H2_256C_quantized_resblocks_range_2_9,237-134500-0010.wav,generated_audios/generated_H2_256C_int8/237-134500-0010_generated.wav,3.995011,1.004776,1.001261,0.251508,0.250628,1.383862,0.90308,1.208855
H2_256C_quantized_resblocks_range_2_9,237-134500-0011.wav,generated_audios/generated_H2_256C_int8/237-134500-0011_generated.wav,3.350023,0.822541,0.819315,0.245533,0.24457,1.515868,0.88555,1.334733
H2_256C_quantized_resblocks_range_2_9,237-134500-0012.wav,generated_audios/generated_H2_256C_int8/237-134500-0012_generated.wav,10.935011,2.791934,2.788032,0.255321,0.254964,1.279833,0.880988,1.326024
H2_256C_quantized_resblocks_range_2_9,237-134500-0013.wav,generated_audios/generated_H2_256C_int8/237-134500-0013_generated.wav,10.56,0.630648,0.626475,0.05972,0.059325,1.246242,0.903322,1.30399
H2_256C_quantized_resblocks_range_2_9,237-134500-0014.wav,generated_audios/generated_H2_256C_int8/237-134500-0014_generated.wav,4.250023,0.24252,0.239052,0.057063,0.056247,1.27367,0.859713,1.345232
H2_256C_quantized_resblocks_range_2_9,237-134500-0015.wav,generated_audios/generated_H2_256C_int8/237-134500-0015_generated.wav,10.815011,2.743529,2.739073,0.253678,0.253266,1.252104,0.899502,1.322991
H2_256C_quantized_resblocks_range_2_9,237-134500-0016.wav,generated_audios/generated_H2_256C_int8/237-134500-0016_generated.wav,3.16,0.180968,0.177972,0.057268,0.05632,1.213647,0.84141,1.682902
H2_256C_quantized_resblocks_range_2_9,237-134500-0017.wav,generated_audios/generated_H2_256C_int8/237-134500-0017_generated.wav,2.18,0.12538,0.122239,0.057514,0.056073,1.425454,0.909743,1.402831
H2_256C_quantized_resblocks_range_2_9,237-134500-0018.wav,generated_audios/generated_H2_256C_int8/237-134500-0018_generated.wav,12.845034,3.65161,3.647286,0.284282,0.283945,1.252563,0.868988,1.480259
H2_256C_quantized_resblocks_range_2_9,237-134500-0019.wav,generated_audios/generated_H2_256C_int8/237-134500-0019_generated.wav,2.86,0.692121,0.689029,0.242,0.240919,1.298324,0.855366,1.59697
H2_256C_quantized_resblocks_range_2_9,237-134500-0020.wav,generated_audios/generated_H2_256C_int8/237-134500-0020_generated.wav,2.18,0.11584,0.112794,0.053138,0.051741,1.409207,0.916204,2.087177
H2_256C_quantized_resblocks_range_2_9,237-134500-0021.wav,generated_audios/generated_H2_256C_int8/237-134500-0021_generated.wav,5.12,1.25057,1.247027,0.244252,0.24356,1.302051,0.836896,1.537933
H2_256C_quantized_resblocks_range_2_9,237-134500-0022.wav,generated_audios/generated_H2_256C_int8/237-134500-0022_generated.wav,5.165034,1.254548,1.251412,0.242893,0.242285,1.225434,0.861208,1.439962
H2_256C_quantized_resblocks_range_2_9,237-134500-0023.wav,generated_audios/generated_H2_256C_int8/237-134500-0023_generated.wav,3.06,0.757059,0.753865,0.247405,0.246361,1.274367,0.873263,1.468723
H2_256C_quantized_resblocks_range_2_9,237-134500-0024.wav,generated_audios/generated_H2_256C_int8/237-134500-0024_generated.wav,4.410023,0.243934,0.240767,0.055314,0.054595,1.324969,0.871357,1.53481
H2_256C_quantized_resblocks_range_2_9,237-134500-0025.wav,generated_audios/generated_H2_256C_int8/237-134500-0025_generated.wav,1.630023,0.412378,0.409881,0.252989,0.251457,1.23152,0.85855,2.080861
H2_256C_quantized_resblocks_range_2_9,237-134500-0026.wav,generated_audios/generated_H2_256C_int8/237-134500-0026_generated.wav,3.050023,0.760826,0.757829,0.249449,0.248467,1.310047,0.87764,1.543461
H2_256C_quantized_resblocks_range_2_9,237-134500-0027.wav,generated_audios/generated_H2_256C_int8/237-134500-0027_generated.wav,3.270023,0.815252,0.812527,0.249311,0.248478,1.244302,0.836191,1.499463
H2_256C_quantized_resblocks_range_2_9,237-134500-0028.wav,generated_audios/generated_H2_256C_int8/237-134500-0028_generated.wav,4.524943,1.130201,1.126903,0.249771,0.249042,1.335636,0.859196,1.614254
H2_256C_quantized_resblocks_range_2_9,237-134500-0029.wav,generated_audios/generated_H2_256C_int8/237-134500-0029_generated.wav,2.065034,0.509658,0.506945,0.246804,0.24549,1.20991,0.904418,1.334153
H2_256C_quantized_resblocks_range_2_9,237-134500-0030.wav,generated_audios/generated_H2_256C_int8/237-134500-0030_generated.wav,2.78,0.697014,0.693988,0.250725,0.249636,1.379809,0.904895,1.529057
H2_256C_quantized_resblocks_range_2_9,237-134500-0031.wav,generated_audios/generated_H2_256C_int8/237-134500-0031_generated.wav,10.610023,2.744305,2.740356,0.258652,0.25828,1.373465,0.892918,1.404015
H2_256C_quantized_resblocks_range_2_9,237-134500-0032.wav,generated_audios/generated_H2_256C_int8/237-134500-0032_generated.wav,5.025034,0.29248,0.289075,0.058205,0.057527,1.196434,0.891284,1.538735
H2_256C_quantized_resblocks_range_2_9,237-134500-0033.wav,generated_audios/generated_H2_256C_int8/237-134500-0033_generated.wav,6.350023,1.588785,1.585117,0.250201,0.249624,1.274761,0.833634,1.614002
H2_256C_quantized_resblocks_range_2_9,237-134500-0034.wav,generated_audios/generated_H2_256C_int8/237-134500-0034_generated.wav,3.075011,0.754006,0.750684,0.245204,0.244124,1.220774,0.797478,1.969255
H2_256C_quantized_resblocks_range_2_9,237-134500-0035.wav,generated_audios/generated_H2_256C_int8/237-134500-0035_generated.wav,2.555011,0.652468,0.649384,0.255368,0.254161,1.194719,0.869752,1.699546
H2_256C_quantized_resblocks_range_2_9,237-134500-0036.wav,generated_audios/generated_H2_256C_int8/237-134500-0036_generated.wav,6.6,1.648656,1.645135,0.249796,0.249263,1.234525,0.85725,1.640479
H2_256C_quantized_resblocks_range_2_9,237-134500-0037.wav,generated_audios/generated_H2_256C_int8/237-134500-0037_generated.wav,7.105034,1.808117,1.804225,0.254484,0.253936,1.307057,0.859209,1.442583
H2_256C_quantized_resblocks_range_2_9,237-134500-0038.wav,generated_audios/generated_H2_256C_int8/237-134500-0038_generated.wav,2.435011,0.615763,0.612401,0.252879,0.251498,1.264711,0.865082,1.386505
H2_256C_quantized_resblocks_range_2_9,237-134500-0039.wav,generated_audios/generated_H2_256C_int8/237-134500-0039_generated.wav,4.630023,1.153348,1.149982,0.249102,0.248375,1.234595,0.842477,1.510984
H2_256C_quantized_resblocks_range_2_9,237-134500-0040.wav,generated_audios/generated_H2_256C_int8/237-134500-0040_generated.wav,4.030023,0.225614,0.221846,0.055983,0.055048,1.28485,0.884441,1.484338
H2_256C_quantized_resblocks_range_2_9,237-134500-0041.wav,generated_audios/generated_H2_256C_int8/237-134500-0041_generated.wav,8.92,0.715901,0.712033,0.080258,0.079824,1.297039,0.896376,1.694375
H2_256C_quantized_resblocks_range_2_9,237-134500-0042.wav,generated_audios/generated_H2_256C_int8/237-134500-0042_generated.wav,2.575011,0.641468,0.63842,0.249113,0.247929,1.333598,0.829829,1.713703
H2_256C_quantized_resblocks_range_2_9,260-123286-0000.wav,generated_audios/generated_H2_256C_int8/260-123286-0000_generated.wav,7.04,1.750813,1.747674,0.248695,0.248249,1.193464,0.842846,2.035242
H2_256C_quantized_resblocks_range_2_9,260-123286-0001.wav,generated_audios/generated_H2_256C_int8/260-123286-0001_generated.wav,3.070023,0.158761,0.155409,0.051713,0.050622,1.105273,0.798816,1.763877
H2_256C_quantized_resblocks_range_2_9,260-123286-0002.wav,generated_audios/generated_H2_256C_int8/260-123286-0002_generated.wav,9.985034,2.543318,2.539401,0.254713,0.254321,1.116836,0.849633,1.416731
H2_256C_quantized_resblocks_range_2_9,260-123286-0003.wav,generated_audios/generated_H2_256C_int8/260-123286-0003_generated.wav,7.370023,1.846152,1.842598,0.250495,0.250013,1.12404,0.781276,1.699935
H2_256C_quantized_resblocks_range_2_9,260-123286-0004.wav,generated_audios/generated_H2_256C_int8/260-123286-0004_generated.wav,3.465034,0.870512,0.867185,0.251228,0.250267,1.097529,0.839809,1.978281
H2_256C_quantized_resblocks_range_2_9,260-123286-0005.wav,generated_audios/generated_H2_256C_int8/260-123286-0005_generated.wav,4.810023,1.176609,1.172891,0.244616,0.243843,1.09423,0.791796,1.746926
H2_256C_quantized_resblocks_range_2_9,260-123286-0006.wav,generated_audios/generated_H2_256C_int8/260-123286-0006_generated.wav,7.405034,1.914811,1.911077,0.258582,0.258078,1.171517,0.864576,1.419723
H2_256C_quantized_resblocks_range_2_9,260-123286-0007.wav,generated_audios/generated_H2_256C_int8/260-123286-0007_generated.wav,4.550023,1.114123,1.11057,0.244861,0.24408,1.107317,0.835328,1.671579
H2_256C_quantized_resblocks_range_2_9,260-123286-0008.wav,generated_audios/generated_H2_256C_int8/260-123286-0008_generated.wav,3.735011,0.91189,0.908476,0.244147,0.243233,1.147887,0.842867,1.705365
H2_256C_quantized_resblocks_range_2_9,260-123286-0009.wav,generated_audios/generated_H2_256C_int8/260-123286-0009_generated.wav,5.795011,1.432726,1.42924,0.247234,0.246633,1.102069,0.813262,1.404329
H2_256C_quantized_resblocks_range_2_9,260-123286-0010.wav,generated_audios/generated_H2_256C_int8/260-123286-0010_generated.wav,2.575011,0.128605,0.125673,0.049943,0.048805,1.154387,0.847815,1.91094
H2_256C_quantized_resblocks_range_2_9,260-123286-0011.wav,generated_audios/generated_H2_256C_int8/260-123286-0011_generated.wav,4.255011,0.23635,0.232984,0.055546,0.054755,1.148198,0.808366,1.90096
H2_256C_quantized_resblocks_range_2_9,260-123286-0012.wav,generated_audios/generated_H2_256C_int8/260-123286-0012_generated.wav,2.430023,0.124534,0.12134,0.051248,0.049933,1.129482,0.829023,1.809914
H2_256C_quantized_resblocks_range_2_9,260-123286-0013.wav,generated_audios/generated_H2_256C_int8/260-123286-0013_generated.wav,4.730023,1.18112,1.177742,0.249707,0.248993,1.199936,0.858592,1.435449
H2_256C_quantized_resblocks_range_2_9,260-123286-0014.wav,generated_audios/generated_H2_256C_int8/260-123286-0014_generated.wav,2.98,0.25991,0.256653,0.087218,0.086125,1.098609,0.794886,1.310795
H2_256C_quantized_resblocks_range_2_9,260-123286-0015.wav,generated_audios/generated_H2_256C_int8/260-123286-0015_generated.wav,5.210023,1.332458,1.328929,0.255749,0.255072,1.207201,0.861684,1.923423
H2_256C_quantized_resblocks_range_2_9,260-123286-0016.wav,generated_audios/generated_H2_256C_int8/260-123286-0016_generated.wav,7.0,1.775606,1.771878,0.253658,0.253125,1.119091,0.844982,1.463658
H2_256C_quantized_resblocks_range_2_9,260-123286-0017.wav,generated_audios/generated_H2_256C_int8/260-123286-0017_generated.wav,3.975011,0.977347,0.973925,0.245873,0.245012,1.170954,0.865291,1.364951
H2_256C_quantized_resblocks_range_2_9,260-123286-0018.wav,generated_audios/generated_H2_256C_int8/260-123286-0018_generated.wav,5.670023,1.418288,1.414656,0.250138,0.249497,1.142058,0.809157,1.582994
H2_256C_quantized_resblocks_range_2_9,260-123286-0019.wav,generated_audios/generated_H2_256C_int8/260-123286-0019_generated.wav,11.905034,3.40139,3.396852,0.28571,0.285329,1.14198,0.84104,1.514922
H2_256C_quantized_resblocks_range_2_9,260-123286-0020.wav,generated_audios/generated_H2_256C_int8/260-123286-0020_generated.wav,3.06,0.170534,0.167228,0.05573,0.05465,1.135748,0.831911,1.544759
H2_256C_quantized_resblocks_range_2_9,260-123286-0021.wav,generated_audios/generated_H2_256C_int8/260-123286-0021_generated.wav,2.550023,0.626988,0.623619,0.245875,0.244554,1.177744,0.878606,2.01962
H2_256C_quantized_resblocks_range_2_9,260-123286-0022.wav,generated_audios/generated_H2_256C_int8/260-123286-0022_generated.wav,3.235011,0.824513,0.821211,0.254872,0.253851,1.108838,0.864741,1.263368
H2_256C_quantized_resblocks_range_2_9,260-123286-0023.wav,generated_audios/generated_H2_256C_int8/260-123286-0023_generated.wav,5.875011,1.48122,1.477855,0.252122,0.251549,1.132373,0.839825,1.532692
H2_256C_quantized_resblocks_range_2_9,260-123286-0024.wav,generated_audios/generated_H2_256C_int8/260-123286-0024_generated.wav,3.04,0.749293,0.745773,0.246478,0.24532,1.261241,0.895511,1.609329
H2_256C_quantized_resblocks_range_2_9,260-123286-0025.wav,generated_audios/generated_H2_256C_int8/260-123286-0025_generated.wav,9.205034,2.392499,2.388432,0.259912,0.25947,1.166785,0.84892,1.647186
H2_256C_quantized_resblocks_range_2_9,260-123286-0026.wav,generated_audios/generated_H2_256C_int8/260-123286-0026_generated.wav,6.94,1.737162,1.733466,0.250311,0.249779,1.108247,0.830813,1.575622
H2_256C_quantized_resblocks_range_2_9,260-123286-0027.wav,generated_audios/generated_H2_256C_int8/260-123286-0027_generated.wav,7.170023,1.770786,1.766938,0.246971,0.246434,1.163399,0.824106,1.377513
H2_256C_quantized_resblocks_range_2_9,260-123286-0028.wav,generated_audios/generated_H2_256C_int8/260-123286-0028_generated.wav,7.465034,1.874893,1.871267,0.251157,0.250671,1.128838,0.801675,1.439697
H2_256C_quantized_resblocks_range_2_9,260-123286-0029.wav,generated_audios/generated_H2_256C_int8/260-123286-0029_generated.wav,4.545034,0.230107,0.226745,0.050628,0.049889,1.11844,0.839771,1.429206
H2_256C_quantized_resblocks_range_2_9,260-123286-0030.wav,generated_audios/generated_H2_256C_int8/260-123286-0030_generated.wav,7.530023,0.430397,0.426781,0.057158,0.056677,1.116595,0.807866,1.721466
H2_256C_quantized_resblocks_range_2_9,260-123286-0031.wav,generated_audios/generated_H2_256C_int8/260-123286-0031_generated.wav,5.06,1.248329,1.244728,0.246705,0.245994,1.152252,0.845846,1.28581
H2_256C_quantized_resblocks_range_2_9,260-123288-0000.wav,generated_audios/generated_H2_256C_int8/260-123288-0000_generated.wav,3.04,0.151636,0.148512,0.04988,0.048853,1.160199,0.771422,1.910607
H2_256C_quantized_resblocks_range_2_9,260-123288-0001.wav,generated_audios/generated_H2_256C_int8/260-123288-0001_generated.wav,5.08,0.288095,0.284799,0.056712,0.056063,1.105707,0.805284,2.069092
H2_256C_quantized_resblocks_range_2_9,260-123288-0002.wav,generated_audios/generated_H2_256C_int8/260-123288-0002_generated.wav,7.250023,1.881798,1.87764,0.259558,0.258984,1.117564,0.830451,1.64693
H2_256C_quantized_resblocks_range_2_9,260-123288-0003.wav,generated_audios/generated_H2_256C_int8/260-123288-0003_generated.wav,8.905034,2.350767,2.346851,0.263982,0.263542,1.112081,0.845869,1.496448
H2_256C_quantized_resblocks_range_2_9,260-123288-0004.wav,generated_audios/generated_H2_256C_int8/260-123288-0004_generated.wav,4.310023,1.109273,1.105878,0.257371,0.256583,1.098531,0.785491,1.973713
H2_256C_quantized_resblocks_range_2_9,260-123288-0005.wav,generated_audios/generated_H2_256C_int8/260-123288-0005_generated.wav,12.550023,3.624982,3.620855,0.288843,0.288514,1.09837,0.807116,1.602782
H2_256C_quantized_resblocks_range_2_9,260-123288-0006.wav,generated_audios/generated_H2_256C_int8/260-123288-0006_generated.wav,4.88,1.253729,1.249636,0.256912,0.256073,1.082583,0.819209,1.359757
H2_256C_quantized_resblocks_range_2_9,260-123288-0007.wav,generated_audios/generated_H2_256C_int8/260-123288-0007_generated.wav,11.2,3.00766,3.003404,0.268541,0.268161,1.12114,0.83143,1.650434
H2_256C_quantized_resblocks_range_2_9,260-123288-0008.wav,generated_audios/generated_H2_256C_int8/260-123288-0008_generated.wav,5.515011,1.458548,1.454891,0.264469,0.263806,1.18419,0.848972,1.515015
H2_256C_quantized_resblocks_range_2_9,260-123288-0009.wav,generated_audios/generated_H2_256C_int8/260-123288-0009_generated.wav,3.435011,0.888482,0.885378,0.258655,0.257751,1.192205,0.85133,1.736773
H2_256C_quantized_resblocks_range_2_9,260-123288-0010.wav,generated_audios/generated_H2_256C_int8/260-123288-0010_generated.wav,9.995011,0.662576,0.658877,0.066291,0.065921,1.123283,0.829362,1.352277
H2_256C_quantized_resblocks_range_2_9,260-123288-0011.wav,generated_audios/generated_H2_256C_int8/260-123288-0011_generated.wav,8.98,2.416957,2.41291,0.269149,0.268698,1.130277,0.811791,1.392037
H2_256C_quantized_resblocks_range_2_9,260-123288-0012.wav,generated_audios/generated_H2_256C_int8/260-123288-0012_generated.wav,3.545034,0.949184,0.945808,0.26775,0.266798,1.290285,0.850329,1.87175
H2_256C_quantized_resblocks_range_2_9,260-123288-0013.wav,generated_audios/generated_H2_256C_int8/260-123288-0013_generated.wav,11.385079,3.081934,3.078182,0.270699,0.27037,1.123304,0.831972,1.464224
H2_256C_quantized_resblocks_range_2_9,260-123288-0014.wav,generated_audios/generated_H2_256C_int8/260-123288-0014_generated.wav,1.805034,0.109586,0.106469,0.060711,0.058984,1.246427,0.885881,1.638851
H2_256C_quantized_resblocks_range_2_9,260-123288-0015.wav,generated_audios/generated_H2_256C_int8/260-123288-0015_generated.wav,21.185034,6.23658,6.231631,0.294386,0.294152,1.104945,0.80978,1.573334
H2_256C_quantized_resblocks_range_2_9,260-123288-0016.wav,generated_audios/generated_H2_256C_int8/260-123288-0016_generated.wav,4.865034,1.277553,1.273816,0.262599,0.261831,1.104249,0.776069,1.962483
H2_256C_quantized_resblocks_range_2_9,260-123288-0017.wav,generated_audios/generated_H2_256C_int8/260-123288-0017_generated.wav,5.225034,1.353733,1.350026,0.259086,0.258377,1.12104,0.856582,1.74836
H2_256C_quantized_resblocks_range_2_9,260-123288-0018.wav,generated_audios/generated_H2_256C_int8/260-123288-0018_generated.wav,3.245034,0.840954,0.837459,0.259151,0.258074,1.199201,0.849681,1.552003
H2_256C_quantized_resblocks_range_2_9,260-123288-0019.wav,generated_audios/generated_H2_256C_int8/260-123288-0019_generated.wav,2.955011,0.170135,0.166995,0.057575,0.056512,1.120308,0.840621,1.283557
H2_256C_quantized_resblocks_range_2_9,260-123288-0020.wav,generated_audios/generated_H2_256C_int8/260-123288-0020_generated.wav,2.9,0.747433,0.744293,0.257736,0.256653,1.130515,0.852906,1.159468
H2_256C_quantized_resblocks_range_2_9,260-123288-0021.wav,generated_audios/generated_H2_256C_int8/260-123288-0021_generated.wav,2.710023,0.151954,0.148776,0.056071,0.054898,1.165623,0.824818,1.694987
H2_256C_quantized_resblocks_range_2_9,260-123288-0022.wav,generated_audios/generated_H2_256C_int8/260-123288-0022_generated.wav,3.705034,0.968391,0.966423,0.261372,0.260841,1.109717,0.82735,1.853023
H2_256C_quantized_resblocks_range_2_9,260-123288-0023.wav,generated_audios/generated_H2_256C_int8/260-123288-0023_generated.wav,2.385034,0.137845,0.134538,0.057796,0.056409,1.11108,0.73444,1.693318
H2_256C_quantized_resblocks_range_2_9,260-123288-0024.wav,generated_audios/generated_H2_256C_int8/260-123288-0024_generated.wav,14.595011,4.227166,4.222758,0.289631,0.289329,1.134565,0.83045,1.56975
H2_256C_quantized_resblocks_range_2_9,260-123288-0025.wav,generated_audios/generated_H2_256C_int8/260-123288-0025_generated.wav,13.445034,3.883271,3.87895,0.288826,0.288504,1.152219,0.829894,1.576372
H2_256C_quantized_resblocks_range_2_9,260-123288-0026.wav,generated_audios/generated_H2_256C_int8/260-123288-0026_generated.wav,16.04,4.749818,4.74502,0.296123,0.295824,1.132338,0.839362,1.654853
H2_256C_quantized_resblocks_range_2_9,260-123288-0027.wav,generated_audios/generated_H2_256C_int8/260-123288-0027_generated.wav,6.305034,1.64092,1.637265,0.260256,0.259676,1.175534,0.854667,1.767366
H2_256C_quantized_resblocks_range_2_9,260-123288-0028.wav,generated_audios/generated_H2_256C_int8/260-123288-0028_generated.wav,2.610023,0.702446,0.699243,0.269134,0.267907,1.20911,0.896197,1.58819
H2_256C_quantized_resblocks_range_2_9,260-123440-0000.wav,generated_audios/generated_H2_256C_int8/260-123440-0000_generated.wav,2.165034,0.555848,0.552819,0.256739,0.255339,1.091195,0.809579,1.910598
H2_256C_quantized_resblocks_range_2_9,260-123440-0001.wav,generated_audios/generated_H2_256C_int8/260-123440-0001_generated.wav,1.74,0.469565,0.466773,0.269865,0.26826,1.136065,0.856469,1.569486
H2_256C_quantized_resblocks_range_2_9,260-123440-0002.wav,generated_audios/generated_H2_256C_int8/260-123440-0002_generated.wav,14.715011,4.326985,4.322352,0.294052,0.293738,1.130138,0.831419,1.765878
H2_256C_quantized_resblocks_range_2_9,260-123440-0003.wav,generated_audios/generated_H2_256C_int8/260-123440-0003_generated.wav,3.585034,0.949165,0.945853,0.264758,0.263834,1.152449,0.862211,1.678496
H2_256C_quantized_resblocks_range_2_9,260-123440-0004.wav,generated_audios/generated_H2_256C_int8/260-123440-0004_generated.wav,12.02,3.506727,3.502594,0.291741,0.291397,1.126342,0.844665,1.537765
H2_256C_quantized_resblocks_range_2_9,260-123440-0005.wav,generated_audios/generated_H2_256C_int8/260-123440-0005_generated.wav,3.105034,0.178668,0.175365,0.057541,0.056478,1.114672,0.838043,1.600928
H2_256C_quantized_resblocks_range_2_9,260-123440-0006.wav,generated_audios/generated_H2_256C_int8/260-123440-0006_generated.wav,2.715011,0.135312,0.132305,0.049838,0.048731,1.138999,0.828184,1.586899
H2_256C_quantized_resblocks_range_2_9,260-123440-0007.wav,generated_audios/generated_H2_256C_int8/260-123440-0007_generated.wav,3.385034,0.874013,0.871109,0.258199,0.257341,1.136511,0.820143,1.609621
H2_256C_quantized_resblocks_range_2_9,260-123440-0008.wav,generated_audios/generated_H2_256C_int8/260-123440-0008_generated.wav,3.745034,1.001475,0.998152,0.267414,0.266527,1.11409,0.829607,1.548355
H2_256C_quantized_resblocks_range_2_9,260-123440-0009.wav,generated_audios/generated_H2_256C_int8/260-123440-0009_generated.wav,3.115011,0.832208,0.828947,0.267161,0.266114,1.165295,0.884297,1.271034
H2_256C_quantized_resblocks_range_2_9,260-123440-0010.wav,generated_audios/generated_H2_256C_int8/260-123440-0010_generated.wav,8.315011,2.296369,2.293877,0.276171,0.275872,1.154414,0.812026,1.397218
H2_256C_quantized_resblocks_range_2_9,260-123440-0011.wav,generated_audios/generated_H2_256C_int8/260-123440-0011_generated.wav,4.870023,0.250731,0.246987,0.051485,0.050716,1.177186,0.861496,1.597801
H2_256C_quantized_resblocks_range_2_9,260-123440-0012.wav,generated_audios/generated_H2_256C_int8/260-123440-0012_generated.wav,5.245034,1.39068,1.387139,0.265142,0.264467,1.154942,0.854388,1.356538
H2_256C_quantized_resblocks_range_2_9,260-123440-0013.wav,generated_audios/generated_H2_256C_int8/260-123440-0013_generated.wav,3.475011,0.927247,0.923868,0.266833,0.265861,1.175704,0.844061,1.659715
H2_256C_quantized_resblocks_range_2_9,260-123440-0014.wav,generated_audios/generated_H2_256C_int8/260-123440-0014_generated.wav,3.815011,1.02709,1.023775,0.269223,0.268354,1.219266,0.872388,1.869492
H2_256C_quantized_resblocks_range_2_9,260-123440-0015.wav,generated_audios/generated_H2_256C_int8/260-123440-0015_generated.wav,6.2,0.358728,0.355109,0.057859,0.057276,1.178475,0.865849,1.381706
H2_256C_quantized_resblocks_range_2_9,260-123440-0016.wav,generated_audios/generated_H2_256C_int8/260-123440-0016_generated.wav,4.895011,1.304544,1.301062,0.266505,0.265793,1.177711,0.896034,1.412767
H2_256C_quantized_resblocks_range_2_9,260-123440-0017.wav,generated_audios/generated_H2_256C_int8/260-123440-0017_generated.wav,3.070023,0.174787,0.171481,0.056933,0.055857,1.117784,0.812859,1.666704
H2_256C_quantized_resblocks_range_2_9,260-123440-0018.wav,generated_audios/generated_H2_256C_int8/260-123440-0018_generated.wav,3.64,0.979788,0.976374,0.269173,0.268235,1.193885,0.878824,1.752983
H2_256C_quantized_resblocks_range_2_9,260-123440-0019.wav,generated_audios/generated_H2_256C_int8/260-123440-0019_generated.wav,6.630023,1.765172,1.761361,0.266239,0.265664,1.130861,0.829894,1.493692
H2_256C_quantized_resblocks_range_2_9,260-123440-0020.wav,generated_audios/generated_H2_256C_int8/260-123440-0020_generated.wav,4.995011,1.335845,1.332293,0.267436,0.266725,1.142159,0.830556,1.827337
H2_256C_quantized_resblocks_range_2_9,61-70968-0000.wav,generated_audios/generated_H2_256C_int8/61-70968-0000_generated.wav,4.905034,1.32294,1.319329,0.269711,0.268974,1.111201,0.822285,1.269274
H2_256C_quantized_resblocks_range_2_9,61-70968-0001.wav,generated_audios/generated_H2_256C_int8/61-70968-0001_generated.wav,3.610023,0.95506,0.9523,0.264558,0.263793,1.14346,0.808127,1.244416
H2_256C_quantized_resblocks_range_2_9,61-70968-0002.wav,generated_audios/generated_H2_256C_int8/61-70968-0002_generated.wav,2.970023,0.768389,0.765071,0.258715,0.257598,1.155218,0.783433,1.30748
H2_256C_quantized_resblocks_range_2_9,61-70968-0003.wav,generated_audios/generated_H2_256C_int8/61-70968-0003_generated.wav,4.315011,0.235412,0.23188,0.054557,0.053738,1.206805,0.818919,1.264628
H2_256C_quantized_resblocks_range_2_9,61-70968-0004.wav,generated_audios/generated_H2_256C_int8/61-70968-0004_generated.wav,3.885034,1.029946,1.02654,0.265106,0.264229,1.213754,0.828379,1.264302
H2_256C_quantized_resblocks_range_2_9,61-70968-0005.wav,generated_audios/generated_H2_256C_int8/61-70968-0005_generated.wav,5.070023,0.277532,0.27452,0.05474,0.054146,1.119301,0.743915,1.372652
H2_256C_quantized_resblocks_range_2_9,61-70968-0006.wav,generated_audios/generated_H2_256C_int8/61-70968-0006_generated.wav,2.935011,0.762356,0.759174,0.259746,0.258661,1.191626,0.819796,1.328025
H2_256C_quantized_resblocks_range_2_9,61-70968-0007.wav,generated_audios/generated_H2_256C_int8/61-70968-0007_generated.wav,3.550023,0.196903,0.193522,0.055465,0.054513,1.094613,0.690357,1.31225
H2_256C_quantized_resblocks_range_2_9,61-70968-0008.wav,generated_audios/generated_H2_256C_int8/61-70968-0008_generated.wav,3.535011,0.204588,0.201328,0.057875,0.056952,1.116969,0.790569,1.203614
H2_256C_quantized_resblocks_range_2_9,61-70968-0009.wav,generated_audios/generated_H2_256C_int8/61-70968-0009_generated.wav,4.510023,1.205179,1.202607,0.267222,0.266652,1.140216,0.704088,1.444571
H2_256C_quantized_resblocks_range_2_9,61-70968-0010.wav,generated_audios/generated_H2_256C_int8/61-70968-0010_generated.wav,8.295011,2.277982,2.273832,0.274621,0.27412,1.146221,0.780042,1.299608
H2_256C_quantized_resblocks_range_2_9,61-70968-0011.wav,generated_audios/generated_H2_256C_int8/61-70968-0011_generated.wav,6.375011,1.699041,1.695373,0.266516,0.26594,1.174184,0.814594,1.21935
H2_256C_quantized_resblocks_range_2_9,61-70968-0012.wav,generated_audios/generated_H2_256C_int8/61-70968-0012_generated.wav,2.610023,0.158185,0.154931,0.060607,0.05936,1.265129,0.914307,1.051265
H2_256C_quantized_resblocks_range_2_9,61-70968-0013.wav,generated_audios/generated_H2_256C_int8/61-70968-0013_generated.wav,4.450023,0.249531,0.246461,0.056074,0.055384,1.192044,0.801129,1.277154
H2_256C_quantized_resblocks_range_2_9,61-70968-0014.wav,generated_audios/generated_H2_256C_int8/61-70968-0014_generated.wav,7.485034,2.060859,2.056981,0.275331,0.274812,1.182067,0.813891,1.284544
H2_256C_quantized_resblocks_range_2_9,61-70968-0015.wav,generated_audios/generated_H2_256C_int8/61-70968-0015_generated.wav,5.375011,1.421776,1.418384,0.264516,0.263885,1.202726,0.846073,1.203454
H2_256C_quantized_resblocks_range_2_9,61-70968-0016.wav,generated_audios/generated_H2_256C_int8/61-70968-0016_generated.wav,3.72,1.025703,1.022129,0.275727,0.274766,1.226276,0.876592,1.107549
H2_256C_quantized_resblocks_range_2_9,61-70968-0017.wav,generated_audios/generated_H2_256C_int8/61-70968-0017_generated.wav,5.110023,1.386848,1.38341,0.271398,0.270725,1.167935,0.837953,1.147028
H2_256C_quantized_resblocks_range_2_9,61-70968-0018.wav,generated_audios/generated_H2_256C_int8/61-70968-0018_generated.wav,2.405034,0.640966,0.637705,0.26651,0.265154,1.166608,0.844658,1.340381
H2_256C_quantized_resblocks_range_2_9,61-70968-0019.wav,generated_audios/generated_H2_256C_int8/61-70968-0019_generated.wav,5.475011,1.48272,1.479007,0.270816,0.270138,1.155437,0.819313,1.281937
H2_256C_quantized_resblocks_range_2_9,61-70968-0020.wav,generated_audios/generated_H2_256C_int8/61-70968-0020_generated.wav,5.105034,1.404732,1.401131,0.275166,0.274461,1.314314,0.831988,1.022661
H2_256C_quantized_resblocks_range_2_9,61-70968-0021.wav,generated_audios/generated_H2_256C_int8/61-70968-0021_generated.wav,2.690023,0.712848,0.709674,0.264997,0.263817,1.246282,0.796045,1.265356
H2_256C_quantized_resblocks_range_2_9,61-70968-0022.wav,generated_audios/generated_H2_256C_int8/61-70968-0022_generated.wav,4.670023,0.258955,0.255552,0.05545,0.054722,1.127534,0.747283,1.341072
H2_256C_quantized_resblocks_range_2_9,61-70968-0023.wav,generated_audios/generated_H2_256C_int8/61-70968-0023_generated.wav,5.025034,0.288635,0.28469,0.057439,0.056654,1.342168,0.867051,1.111271
H2_256C_quantized_resblocks_range_2_9,61-70968-0024.wav,generated_audios/generated_H2_256C_int8/61-70968-0024_generated.wav,6.025034,1.652,1.648428,0.274189,0.273596,1.237856,0.825774,1.098855
H2_256C_quantized_resblocks_range_2_9,61-70968-0025.wav,generated_audios/generated_H2_256C_int8/61-70968-0025_generated.wav,4.410023,0.250287,0.246809,0.056754,0.055966,1.24989,0.838056,1.144409
H2_256C_quantized_resblocks_range_2_9,61-70968-0026.wav,generated_audios/generated_H2_256C_int8/61-70968-0026_generated.wav,4.92,1.306015,1.302972,0.26545,0.264832,1.231308,0.861487,1.165353
H2_256C_quantized_resblocks_range_2_9,61-70968-0027.wav,generated_audios/generated_H2_256C_int8/61-70968-0027_generated.wav,6.870023,1.864904,1.862128,0.271455,0.271051,1.222655,0.826264,1.178446
H2_256C_quantized_resblocks_range_2_9,61-70968-0028.wav,generated_audios/generated_H2_256C_int8/61-70968-0028_generated.wav,5.355011,1.441006,1.437501,0.269095,0.26844,1.219217,0.841432,1.192437
H2_256C_quantized_resblocks_range_2_9,61-70968-0029.wav,generated_audios/generated_H2_256C_int8/61-70968-0029_generated.wav,3.495011,0.964465,0.961277,0.275955,0.275043,1.229781,0.830388,1.18456
H2_256C_quantized_resblocks_range_2_9,61-70968-0030.wav,generated_audios/generated_H2_256C_int8/61-70968-0030_generated.wav,5.685034,1.554578,1.551343,0.273451,0.272882,1.193782,0.856678,1.109862
H2_256C_quantized_resblocks_range_2_9,61-70968-0031.wav,generated_audios/generated_H2_256C_int8/61-70968-0031_generated.wav,2.925034,0.799008,0.796116,0.273162,0.272173,1.097615,0.761195,1.258576
H2_256C_quantized_resblocks_range_2_9,61-70968-0032.wav,generated_audios/generated_H2_256C_int8/61-70968-0032_generated.wav,4.28,0.253957,0.250529,0.059336,0.058535,1.269696,0.802855,1.218846
H2_256C_quantized_resblocks_range_2_9,61-70968-0033.wav,generated_audios/generated_H2_256C_int8/61-70968-0033_generated.wav,5.685034,0.300975,0.297978,0.052942,0.052414,1.222111,0.869169,1.19675
H2_256C_quantized_resblocks_range_2_9,61-70968-0034.wav,generated_audios/generated_H2_256C_int8/61-70968-0034_generated.wav,4.230023,1.167832,1.164417,0.276082,0.275274,1.337628,0.870927,1.050273
H2_256C_quantized_resblocks_range_2_9,61-70968-0035.wav,generated_audios/generated_H2_256C_int8/61-70968-0035_generated.wav,7.950023,2.223813,2.219788,0.279724,0.279218,1.177522,0.828453,1.145926
H2_256C_quantized_resblocks_range_2_9,61-70968-0036.wav,generated_audios/generated_H2_256C_int8/61-70968-0036_generated.wav,2.934966,0.167951,0.164877,0.057224,0.056177,1.284924,0.870684,1.189206
H2_256C_quantized_resblocks_range_2_9,61-70968-0037.wav,generated_audios/generated_H2_256C_int8/61-70968-0037_generated.wav,4.315011,0.245981,0.242607,0.057006,0.056224,1.116045,0.763461,1.387291
H2_256C_quantized_resblocks_range_2_9,61-70968-0038.wav,generated_audios/generated_H2_256C_int8/61-70968-0038_generated.wav,2.050023,0.581828,0.578778,0.283815,0.282327,1.244473,0.669861,1.71588
H2_256C_quantized_resblocks_range_2_9,61-70968-0039.wav,generated_audios/generated_H2_256C_int8/61-70968-0039_generated.wav,3.805034,1.023159,1.020045,0.268896,0.268078,1.183452,0.795748,1.460729
H2_256C_quantized_resblocks_range_2_9,61-70968-0040.wav,generated_audios/generated_H2_256C_int8/61-70968-0040_generated.wav,3.950023,1.094701,1.091249,0.277138,0.276264,1.141892,0.823633,1.265486
H2_256C_quantized_resblocks_range_2_9,61-70968-0041.wav,generated_audios/generated_H2_256C_int8/61-70968-0041_generated.wav,6.825034,0.383164,0.379491,0.056141,0.055603,1.210502,0.795788,1.322171
H2_256C_quantized_resblocks_range_2_9,61-70968-0042.wav,generated_audios/generated_H2_256C_int8/61-70968-0042_generated.wav,2.785034,0.155457,0.152229,0.055819,0.05466,1.157665,0.816814,1.225837
H2_256C_quantized_resblocks_range_2_9,61-70968-0043.wav,generated_audios/generated_H2_256C_int8/61-70968-0043_generated.wav,6.735011,1.863211,1.859729,0.276646,0.276129,1.17876,0.763163,1.255433
H2_256C_quantized_resblocks_range_2_9,61-70968-0044.wav,generated_audios/generated_H2_256C_int8/61-70968-0044_generated.wav,2.770023,0.160959,0.157302,0.058107,0.056787,1.160985,0.797963,1.382431
H2_256C_quantized_resblocks_range_2_9,61-70968-0045.wav,generated_audios/generated_H2_256C_int8/61-70968-0045_generated.wav,3.475011,0.194937,0.1916,0.056097,0.055137,1.15031,0.76901,1.364651
H2_256C_quantized_resblocks_range_2_9,61-70968-0046.wav,generated_audios/generated_H2_256C_int8/61-70968-0046_generated.wav,3.550023,0.200116,0.19687,0.05637,0.055456,1.160451,0.793515,1.294265
H2_256C_quantized_resblocks_range_2_9,61-70968-0047.wav,generated_audios/generated_H2_256C_int8/61-70968-0047_generated.wav,4.775011,1.289538,1.286031,0.27006,0.269325,1.18472,0.840425,1.190131
H2_256C_quantized_resblocks_range_2_9,61-70968-0048.wav,generated_audios/generated_H2_256C_int8/61-70968-0048_generated.wav,3.02,0.831261,0.828495,0.275252,0.274336,1.13073,0.753699,1.487632
H2_256C_quantized_resblocks_range_2_9,61-70968-0049.wav,generated_audios/generated_H2_256C_int8/61-70968-0049_generated.wav,8.250023,2.342798,2.339035,0.283975,0.283519,1.154579,0.781001,1.29555
H2_256C_quantized_resblocks_range_2_9,61-70968-0050.wav,generated_audios/generated_H2_256C_int8/61-70968-0050_generated.wav,5.58,1.529369,1.525707,0.27408,0.273424,1.161756,0.757943,1.329981
H2_256C_quantized_resblocks_range_2_9,61-70968-0051.wav,generated_audios/generated_H2_256C_int8/61-70968-0051_generated.wav,3.135011,0.859959,0.856644,0.274308,0.273251,1.207419,0.840856,1.338236
H2_256C_quantized_resblocks_range_2_9,61-70968-0052.wav,generated_audios/generated_H2_256C_int8/61-70968-0052_generated.wav,2.650023,0.691136,0.687866,0.260804,0.25957,1.213239,0.845256,1.096789
H2_256C_quantized_resblocks_range_2_9,61-70968-0053.wav,generated_audios/generated_H2_256C_int8/61-70968-0053_generated.wav,4.22,0.237588,0.234253,0.0563,0.05551,1.134092,0.761579,1.410316
H2_256C_quantized_resblocks_range_2_9,61-70968-0054.wav,generated_audios/generated_H2_256C_int8/61-70968-0054_generated.wav,7.86,2.135648,2.131879,0.271711,0.271231,1.162928,0.801079,1.208105
H2_256C_quantized_resblocks_range_2_9,61-70968-0055.wav,generated_audios/generated_H2_256C_int8/61-70968-0055_generated.wav,3.965034,0.21998,0.216827,0.05548,0.054685,1.244055,0.808563,1.294233
H2_256C_quantized_resblocks_range_2_9,61-70968-0056.wav,generated_audios/generated_H2_256C_int8/61-70968-0056_generated.wav,3.565034,0.942539,0.939292,0.264384,0.263474,1.233481,0.832776,1.279878
H2_256C_quantized_resblocks_range_2_9,61-70968-0057.wav,generated_audios/generated_H2_256C_int8/61-70968-0057_generated.wav,5.065034,0.282432,0.279001,0.055761,0.055084,1.13637,0.797005,1.255784
H2_256C_quantized_resblocks_range_2_9,61-70968-0058.wav,generated_audios/generated_H2_256C_int8/61-70968-0058_generated.wav,1.82,0.471287,0.468153,0.258949,0.257227,1.116679,0.770554,1.361948
H2_256C_quantized_resblocks_range_2_9,61-70968-0059.wav,generated_audios/generated_H2_256C_int8/61-70968-0059_generated.wav,2.170023,0.125571,0.12249,0.057866,0.056447,1.182297,0.847615,1.435998
H2_256C_quantized_resblocks_range_2_9,61-70968-0060.wav,generated_audios/generated_H2_256C_int8/61-70968-0060_generated.wav,3.735011,0.205321,0.201868,0.054972,0.054048,1.321432,0.851019,1.063815
H2_256C_quantized_resblocks_range_2_9,61-70968-0061.wav,generated_audios/generated_H2_256C_int8/61-70968-0061_generated.wav,5.530023,1.515586,1.512056,0.274065,0.273427,1.086089,0.748696,1.625073
H2_256C_quantized_resblocks_range_2_9,61-70968-0062.wav,generated_audios/generated_H2_256C_int8/61-70968-0062_generated.wav,2.555011,0.147427,0.144266,0.057701,0.056464,1.184006,0.777728,1.332558
H2_256C_quantized_resblocks_range_2_9,61-70970-0000.wav,generated_audios/generated_H2_256C_int8/61-70970-0000_generated.wav,6.075011,1.626371,1.622755,0.267715,0.26712,1.16365,0.854682,1.154933
H2_256C_quantized_resblocks_range_2_9,61-70970-0001.wav,generated_audios/generated_H2_256C_int8/61-70970-0001_generated.wav,6.155011,1.678865,1.675252,0.272764,0.272177,1.27277,0.863175,1.174388
H2_256C_quantized_resblocks_range_2_9,61-70970-0002.wav,generated_audios/generated_H2_256C_int8/61-70970-0002_generated.wav,4.165034,1.155464,1.151928,0.27742,0.276571,1.261518,0.777444,1.391972
H2_256C_quantized_resblocks_range_2_9,61-70970-0003.wav,generated_audios/generated_H2_256C_int8/61-70970-0003_generated.wav,3.835011,1.026385,1.023114,0.267636,0.266783,1.283025,0.82448,1.121908
H2_256C_quantized_resblocks_range_2_9,61-70970-0004.wav,generated_audios/generated_H2_256C_int8/61-70970-0004_generated.wav,10.515011,2.942848,2.938432,0.279871,0.279451,1.267568,0.8501,1.114209
H2_256C_quantized_resblocks_range_2_9,61-70970-0005.wav,generated_audios/generated_H2_256C_int8/61-70970-0005_generated.wav,2.02,0.591299,0.588206,0.292722,0.291191,1.265307,0.797476,1.509633
H2_256C_quantized_resblocks_range_2_9,61-70970-0006.wav,generated_audios/generated_H2_256C_int8/61-70970-0006_generated.wav,2.335011,0.670016,0.667298,0.286944,0.285779,1.169491,0.823362,1.400309
H2_256C_quantized_resblocks_range_2_9,61-70970-0007.wav,generated_audios/generated_H2_256C_int8/61-70970-0007_generated.wav,4.485034,1.280552,1.277569,0.285517,0.284852,1.227228,0.799965,1.319152
H2_256C_quantized_resblocks_range_2_9,61-70970-0008.wav,generated_audios/generated_H2_256C_int8/61-70970-0008_generated.wav,2.150023,0.652969,0.649747,0.303703,0.302205,1.299073,0.855094,1.367103
H2_256C_quantized_resblocks_range_2_9,61-70970-0009.wav,generated_audios/generated_H2_256C_int8/61-70970-0009_generated.wav,3.405034,0.97362,0.970576,0.285936,0.285042,1.343687,0.884909,1.045259
H2_256C_quantized_resblocks_range_2_9,61-70970-0010.wav,generated_audios/generated_H2_256C_int8/61-70970-0010_generated.wav,3.045034,0.1673,0.164299,0.054942,0.053956,1.487154,0.79616,1.198787
H2_256C_quantized_resblocks_range_2_9,61-70970-0011.wav,generated_audios/generated_H2_256C_int8/61-70970-0011_generated.wav,6.075011,0.308134,0.304841,0.050722,0.050179,1.185991,0.789063,1.225249
H2_256C_quantized_resblocks_range_2_9,61-70970-0012.wav,generated_audios/generated_H2_256C_int8/61-70970-0012_generated.wav,3.135011,0.152243,0.148896,0.048562,0.047495,1.242074,0.866849,1.123145
H2_256C_quantized_resblocks_range_2_9,61-70970-0013.wav,generated_audios/generated_H2_256C_int8/61-70970-0013_generated.wav,4.350023,1.242844,1.239525,0.28571,0.284947,1.169552,0.822976,1.245333
H2_256C_quantized_resblocks_range_2_9,61-70970-0014.wav,generated_audios/generated_H2_256C_int8/61-70970-0014_generated.wav,3.405034,0.171828,0.168473,0.050463,0.049478,1.261034,0.868132,1.194189
H2_256C_quantized_resblocks_range_2_9,61-70970-0015.wav,generated_audios/generated_H2_256C_int8/61-70970-0015_generated.wav,8.415011,2.386438,2.383075,0.283593,0.283193,1.155847,0.832063,1.281888
H2_256C_quantized_resblocks_range_2_9,61-70970-0016.wav,generated_audios/generated_H2_256C_int8/61-70970-0016_generated.wav,4.370023,1.222574,1.219147,0.279764,0.27898,1.1908,0.861288,1.284343
H2_256C_quantized_resblocks_range_2_9,61-70970-0017.wav,generated_audios/generated_H2_256C_int8/61-70970-0017_generated.wav,2.550023,0.144978,0.141974,0.056854,0.055676,1.122328,0.75658,1.46347
H2_256C_quantized_resblocks_range_2_9,61-70970-0018.wav,generated_audios/generated_H2_256C_int8/61-70970-0018_generated.wav,4.6,1.260345,1.256799,0.273988,0.273217,1.208683,0.790639,1.296338
H2_256C_quantized_resblocks_range_2_9,61-70970-0019.wav,generated_audios/generated_H2_256C_int8/61-70970-0019_generated.wav,3.78,1.054324,1.051055,0.278922,0.278057,1.20631,0.812397,1.316051
H2_256C_quantized_resblocks_range_2_9,61-70970-0020.wav,generated_audios/generated_H2_256C_int8/61-70970-0020_generated.wav,5.025034,0.277468,0.273769,0.055217,0.054481,1.156454,0.751551,1.532217
H2_256C_quantized_resblocks_range_2_9,61-70970-0021.wav,generated_audios/generated_H2_256C_int8/61-70970-0021_generated.wav,5.405034,1.490021,1.486511,0.275673,0.275024,1.236305,0.820309,1.172198
H2_256C_quantized_resblocks_range_2_9,61-70970-0022.wav,generated_audios/generated_H2_256C_int8/61-70970-0022_generated.wav,3.970023,0.216321,0.212761,0.054489,0.053592,1.299302,0.809475,1.249065
H2_256C_quantized_resblocks_range_2_9,61-70970-0023.wav,generated_audios/generated_H2_256C_int8/61-70970-0023_generated.wav,3.705034,0.202474,0.199256,0.054648,0.05378,1.181701,0.835596,1.13069
H2_256C_quantized_resblocks_range_2_9,61-70970-0024.wav,generated_audios/generated_H2_256C_int8/61-70970-0024_generated.wav,7.235011,2.027922,2.024524,0.280293,0.279823,1.255101,0.825008,1.160583
H2_256C_quantized_resblocks_range_2_9,61-70970-0025.wav,generated_audios/generated_H2_256C_int8/61-70970-0025_generated.wav,7.435011,2.132325,2.128721,0.286795,0.28631,1.320512,0.861396,1.152526
H2_256C_quantized_resblocks_range_2_9,61-70970-0026.wav,generated_audios/generated_H2_256C_int8/61-70970-0026_generated.wav,5.475011,0.303226,0.299678,0.055384,0.054736,1.379905,0.842279,1.074111
H2_256C_quantized_resblocks_range_2_9,61-70970-0027.wav,generated_audios/generated_H2_256C_int8/61-70970-0027_generated.wav,5.08,0.278257,0.274928,0.054775,0.05412,1.219151,0.816786,1.158369
H2_256C_quantized_resblocks_range_2_9,61-70970-0028.wav,generated_audios/generated_H2_256C_int8/61-70970-0028_generated.wav,6.550023,0.367441,0.36391,0.056098,0.055559,1.294606,0.869787,1.048708
H2_256C_quantized_resblocks_range_2_9,61-70970-0029.wav,generated_audios/generated_H2_256C_int8/61-70970-0029_generated.wav,4.030023,0.227951,0.224597,0.056563,0.055731,1.313936,0.802915,1.231994
H2_256C_quantized_resblocks_range_2_9,61-70970-0030.wav,generated_audios/generated_H2_256C_int8/61-70970-0030_generated.wav,3.24,0.179615,0.176868,0.055437,0.054589,1.243659,0.810018,1.07219
H2_256C_quantized_resblocks_range_2_9,61-70970-0031.wav,generated_audios/generated_H2_256C_int8/61-70970-0031_generated.wav,5.135011,1.419998,1.416787,0.276533,0.275907,1.122419,0.813565,1.214654
H2_256C_quantized_resblocks_range_2_9,61-70970-0032.wav,generated_audios/generated_H2_256C_int8/61-70970-0032_generated.wav,3.135011,0.159067,0.155065,0.050739,0.049462,1.181036,0.794462,1.272542
H2_256C_quantized_resblocks_range_2_9,61-70970-0033.wav,generated_audios/generated_H2_256C_int8/61-70970-0033_generated.wav,3.42,0.952986,0.949578,0.278651,0.277654,1.190466,0.873909,1.187627
H2_256C_quantized_resblocks_range_2_9,61-70970-0034.wav,generated_audios/generated_H2_256C_int8/61-70970-0034_generated.wav,4.485034,0.224973,0.221387,0.050161,0.049361,1.247465,0.792941,1.180797
H2_256C_quantized_resblocks_range_2_9,61-70970-0035.wav,generated_audios/generated_H2_256C_int8/61-70970-0035_generated.wav,7.405034,0.420942,0.41725,0.056845,0.056347,1.26154,0.837915,1.097962
H2_256C_quantized_resblocks_range_2_9,61-70970-0036.wav,generated_audios/generated_H2_256C_int8/61-70970-0036_generated.wav,6.785034,0.385869,0.381982,0.056871,0.056298,1.22626,0.805253,1.14261
H2_256C_quantized_resblocks_range_2_9,61-70970-0037.wav,generated_audios/generated_H2_256C_int8/61-70970-0037_generated.wav,5.98,1.672011,1.667811,0.2796,0.278898,1.270406,0.822042,1.215605
H2_256C_quantized_resblocks_range_2_9,61-70970-0038.wav,generated_audios/generated_H2_256C_int8/61-70970-0038_generated.wav,10.4,2.944756,2.940656,0.28315,0.282755,1.184484,0.820834,1.180709
H2_256C_quantized_resblocks_range_2_9,61-70970-0039.wav,generated_audios/generated_H2_256C_int8/61-70970-0039_generated.wav,6.665034,0.383766,0.38024,0.057579,0.05705,1.162197,0.764078,1.125513
H2_256C_quantized_resblocks_range_2_9,61-70970-0040.wav,generated_audios/generated_H2_256C_int8/61-70970-0040_generated.wav,4.165034,0.23662,0.233202,0.056811,0.05599,1.261297,0.827265,1.153115
H2_256C_quantized_resblocks_range_2_9,672-122797-0000.wav,generated_audios/generated_H2_256C_int8/672-122797-0000_generated.wav,4.070023,1.164124,1.16055,0.286024,0.285146,1.24235,0.861505,1.317061
H2_256C_quantized_resblocks_range_2_9,672-122797-0001.wav,generated_audios/generated_H2_256C_int8/672-122797-0001_generated.wav,15.130023,4.349495,4.345299,0.287474,0.287197,1.490697,0.888226,1.219755
H2_256C_quantized_resblocks_range_2_9,672-122797-0002.wav,generated_audios/generated_H2_256C_int8/672-122797-0002_generated.wav,13.62,3.872585,3.868112,0.284331,0.284002,1.270336,0.854853,1.294913
H2_256C_quantized_resblocks_range_2_9,672-122797-0003.wav,generated_audios/generated_H2_256C_int8/672-122797-0003_generated.wav,4.76,1.377346,1.373689,0.289358,0.28859,1.151991,0.702207,1.502852
H2_256C_quantized_resblocks_range_2_9,672-122797-0004.wav,generated_audios/generated_H2_256C_int8/672-122797-0004_generated.wav,10.250023,2.872488,2.867927,0.280242,0.279797,1.195247,0.747788,1.42976
H2_256C_quantized_resblocks_range_2_9,672-122797-0005.wav,generated_audios/generated_H2_256C_int8/672-122797-0005_generated.wav,3.26,0.96223,0.959244,0.295163,0.294247,1.105001,0.630727,1.661356
H2_256C_quantized_resblocks_range_2_9,672-122797-0006.wav,generated_audios/generated_H2_256C_int8/672-122797-0006_generated.wav,13.950023,4.015417,4.011349,0.287843,0.287551,1.122328,0.633893,1.434489
H2_256C_quantized_resblocks_range_2_9,672-122797-0007.wav,generated_audios/generated_H2_256C_int8/672-122797-0007_generated.wav,6.42,1.802633,1.798788,0.280784,0.280185,1.142836,0.64201,1.526067
H2_256C_quantized_resblocks_range_2_9,672-122797-0008.wav,generated_audios/generated_H2_256C_int8/672-122797-0008_generated.wav,30.810023,8.912539,8.90664,0.289274,0.289083,1.12368,0.639196,1.474005
H2_256C_quantized_resblocks_range_2_9,672-122797-0009.wav,generated_audios/generated_H2_256C_int8/672-122797-0009_generated.wav,2.765034,0.163205,0.159916,0.059025,0.057835,1.191777,0.694499,1.271855
H2_256C_quantized_resblocks_range_2_9,672-122797-0010.wav,generated_audios/generated_H2_256C_int8/672-122797-0010_generated.wav,3.815011,0.211265,0.207394,0.055377,0.054363,1.097648,0.701074,1.345974
H2_256C_quantized_resblocks_range_2_9,672-122797-0011.wav,generated_audios/generated_H2_256C_int8/672-122797-0011_generated.wav,2.54,0.768973,0.765633,0.302745,0.30143,1.125761,0.790402,1.133226
H2_256C_quantized_resblocks_range_2_9,672-122797-0012.wav,generated_audios/generated_H2_256C_int8/672-122797-0012_generated.wav,7.765034,2.277078,2.273777,0.293248,0.292823,1.117352,0.711686,1.175913
H2_256C_quantized_resblocks_range_2_9,672-122797-0013.wav,generated_audios/generated_H2_256C_int8/672-122797-0013_generated.wav,8.705034,2.460301,2.456284,0.28263,0.282168,1.181315,0.693814,1.320934
H2_256C_quantized_resblocks_range_2_9,672-122797-0014.wav,generated_audios/generated_H2_256C_int8/672-122797-0014_generated.wav,2.555011,0.146677,0.143445,0.057408,0.056143,1.17483,0.809961,1.282982
H2_256C_quantized_resblocks_range_2_9,672-122797-0015.wav,generated_audios/generated_H2_256C_int8/672-122797-0015_generated.wav,4.455011,0.241147,0.237887,0.054129,0.053398,1.141564,0.718544,1.279045
H2_256C_quantized_resblocks_range_2_9,672-122797-0016.wav,generated_audios/generated_H2_256C_int8/672-122797-0016_generated.wav,9.215011,2.605826,2.602177,0.282781,0.282385,1.188238,0.719135,1.317413
H2_256C_quantized_resblocks_range_2_9,672-122797-0017.wav,generated_audios/generated_H2_256C_int8/672-122797-0017_generated.wav,4.82,1.350845,1.347743,0.280258,0.279615,1.28079,0.784949,1.083808
H2_256C_quantized_resblocks_range_2_9,672-122797-0018.wav,generated_audios/generated_H2_256C_int8/672-122797-0018_generated.wav,4.930023,1.387136,1.383455,0.281365,0.280618,1.071318,0.650268,1.364687
H2_256C_quantized_resblocks_range_2_9,672-122797-0019.wav,generated_audios/generated_H2_256C_int8/672-122797-0019_generated.wav,4.110023,1.135804,1.132478,0.27635,0.27554,1.087737,0.690655,1.479056
H2_256C_quantized_resblocks_range_2_9,672-122797-0020.wav,generated_audios/generated_H2_256C_int8/672-122797-0020_generated.wav,8.825034,2.499127,2.495368,0.283186,0.28276,1.094816,0.64167,1.505459
H2_256C_quantized_resblocks_range_2_9,672-122797-0021.wav,generated_audios/generated_H2_256C_int8/672-122797-0021_generated.wav,4.150023,0.238811,0.235296,0.057545,0.056697,1.122356,0.762809,1.385636
H2_256C_quantized_resblocks_range_2_9,672-122797-0022.wav,generated_audios/generated_H2_256C_int8/672-122797-0022_generated.wav,19.004943,5.479021,5.473647,0.288295,0.288012,1.151966,0.617723,1.499833
H2_256C_quantized_resblocks_range_2_9,672-122797-0023.wav,generated_audios/generated_H2_256C_int8/672-122797-0023_generated.wav,9.695102,2.752713,2.748208,0.283928,0.283464,1.112636,0.681721,1.354772
H2_256C_quantized_resblocks_range_2_9,672-122797-0024.wav,generated_audios/generated_H2_256C_int8/672-122797-0024_generated.wav,4.130023,1.166918,1.163509,0.282545,0.28172,1.105634,0.526144,1.757574
H2_256C_quantized_resblocks_range_2_9,672-122797-0025.wav,generated_audios/generated_H2_256C_int8/672-122797-0025_generated.wav,10.690023,3.040176,3.03615,0.284394,0.284017,1.194217,0.771008,1.281423
H2_256C_quantized_resblocks_range_2_9,672-122797-0026.wav,generated_audios/generated_H2_256C_int8/672-122797-0026_generated.wav,13.96,3.985945,3.981184,0.285526,0.285185,1.082536,0.632179,1.394034
H2_256C_quantized_resblocks_range_2_9,672-122797-0027.wav,generated_audios/generated_H2_256C_int8/672-122797-0027_generated.wav,4.790023,0.270173,0.26629,0.056403,0.055593,1.121218,0.57034,1.648624
H2_256C_quantized_resblocks_range_2_9,672-122797-0028.wav,generated_audios/generated_H2_256C_int8/672-122797-0028_generated.wav,2.610023,0.162467,0.158829,0.062247,0.060854,1.181581,0.764094,1.346283
H2_256C_quantized_resblocks_range_2_9,672-122797-0029.wav,generated_audios/generated_H2_256C_int8/672-122797-0029_generated.wav,3.050023,0.174231,0.170656,0.057125,0.055952,1.491087,0.82002,1.299415
H2_256C_quantized_resblocks_range_2_9,672-122797-0030.wav,generated_audios/generated_H2_256C_int8/672-122797-0030_generated.wav,4.575011,1.267067,1.263467,0.276954,0.276167,1.15394,0.796362,1.283902
H2_256C_quantized_resblocks_range_2_9,672-122797-0031.wav,generated_audios/generated_H2_256C_int8/672-122797-0031_generated.wav,3.98,0.221598,0.218233,0.055678,0.054832,1.445084,0.736326,1.28194
H2_256C_quantized_resblocks_range_2_9,672-122797-0032.wav,generated_audios/generated_H2_256C_int8/672-122797-0032_generated.wav,4.0,0.227224,0.223847,0.056806,0.055962,1.113257,0.637759,1.327353
H2_256C_quantized_resblocks_range_2_9,672-122797-0033.wav,generated_audios/generated_H2_256C_int8/672-122797-0033_generated.wav,1.285034,0.364382,0.361358,0.283558,0.281205,1.254777,0.671642,1.310128
H2_256C_quantized_resblocks_range_2_9,672-122797-0034.wav,generated_audios/generated_H2_256C_int8/672-122797-0034_generated.wav,5.110023,0.285487,0.281906,0.055868,0.055167,1.174297,0.796923,1.274519
H2_256C_quantized_resblocks_range_2_9,672-122797-0035.wav,generated_audios/generated_H2_256C_int8/672-122797-0035_generated.wav,2.9,0.162542,0.159184,0.056049,0.054891,1.64767,0.901724,1.167218
H2_256C_quantized_resblocks_range_2_9,672-122797-0036.wav,generated_audios/generated_H2_256C_int8/672-122797-0036_generated.wav,5.365034,0.306503,0.302899,0.05713,0.056458,1.22007,0.729312,1.116323
H2_256C_quantized_resblocks_range_2_9,672-122797-0037.wav,generated_audios/generated_H2_256C_int8/672-122797-0037_generated.wav,1.96,0.535475,0.532249,0.273201,0.271555,1.41472,0.79638,1.048137
H2_256C_quantized_resblocks_range_2_9,672-122797-0038.wav,generated_audios/generated_H2_256C_int8/672-122797-0038_generated.wav,8.8,2.450017,2.445859,0.278411,0.277939,1.159075,0.685529,1.357183
H2_256C_quantized_resblocks_range_2_9,672-122797-0039.wav,generated_audios/generated_H2_256C_int8/672-122797-0039_generated.wav,4.025034,1.120152,1.116589,0.278296,0.277411,1.315279,0.795045,1.230255
H2_256C_quantized_resblocks_range_2_9,672-122797-0040.wav,generated_audios/generated_H2_256C_int8/672-122797-0040_generated.wav,5.125034,0.288892,0.285296,0.056369,0.055667,1.184214,0.663128,1.529461
H2_256C_quantized_resblocks_range_2_9,672-122797-0041.wav,generated_audios/generated_H2_256C_int8/672-122797-0041_generated.wav,3.88,0.215199,0.211682,0.055464,0.054557,1.150181,0.667165,1.509246
H2_256C_quantized_resblocks_range_2_9,672-122797-0042.wav,generated_audios/generated_H2_256C_int8/672-122797-0042_generated.wav,15.310023,4.382503,4.377692,0.286251,0.285936,1.179502,0.521581,1.685908
H2_256C_quantized_resblocks_range_2_9,672-122797-0043.wav,generated_audios/generated_H2_256C_int8/672-122797-0043_generated.wav,3.78,0.21227,0.208553,0.056156,0.055173,1.1229,0.646276,1.54742
H2_256C_quantized_resblocks_range_2_9,672-122797-0044.wav,generated_audios/generated_H2_256C_int8/672-122797-0044_generated.wav,3.74,0.2083,0.205145,0.055695,0.054851,1.161927,0.639722,1.481689
H2_256C_quantized_resblocks_range_2_9,672-122797-0045.wav,generated_audios/generated_H2_256C_int8/672-122797-0045_generated.wav,13.96,0.797859,0.793117,0.057153,0.056814,1.155362,0.763621,1.308178
H2_256C_quantized_resblocks_range_2_9,672-122797-0046.wav,generated_audios/generated_H2_256C_int8/672-122797-0046_generated.wav,4.715011,1.309531,1.306096,0.277737,0.277008,1.139462,0.698912,1.439072
H2_256C_quantized_resblocks_range_2_9,672-122797-0047.wav,generated_audios/generated_H2_256C_int8/672-122797-0047_generated.wav,3.325034,0.919035,0.915569,0.276399,0.275356,1.467232,0.777184,1.02205
H2_256C_quantized_resblocks_range_2_9,672-122797-0048.wav,generated_audios/generated_H2_256C_int8/672-122797-0048_generated.wav,6.555011,0.381622,0.378087,0.058218,0.057679,1.091668,0.599574,1.458915
H2_256C_quantized_resblocks_range_2_9,672-122797-0049.wav,generated_audios/generated_H2_256C_int8/672-122797-0049_generated.wav,2.02,0.119035,0.115593,0.058928,0.057224,1.327878,0.586338,1.477521
H2_256C_quantized_resblocks_range_2_9,672-122797-0050.wav,generated_audios/generated_H2_256C_int8/672-122797-0050_generated.wav,4.855011,1.399338,1.395831,0.288225,0.287503,1.131071,0.682203,1.392843
H2_256C_quantized_resblocks_range_2_9,672-122797-0051.wav,generated_audios/generated_H2_256C_int8/672-122797-0051_generated.wav,4.665034,1.321305,1.317643,0.283236,0.282451,1.099047,0.674419,1.285225
H2_256C_quantized_resblocks_range_2_9,672-122797-0052.wav,generated_audios/generated_H2_256C_int8/672-122797-0052_generated.wav,4.285034,1.181901,1.178295,0.275821,0.274979,1.139991,0.773824,1.165785
H2_256C_quantized_resblocks_range_2_9,672-122797-0053.wav,generated_audios/generated_H2_256C_int8/672-122797-0053_generated.wav,2.955011,0.168993,0.165633,0.057188,0.056052,1.049867,0.583301,1.581642
H2_256C_quantized_resblocks_range_2_9,672-122797-0054.wav,generated_audios/generated_H2_256C_int8/672-122797-0054_generated.wav,4.250023,0.236407,0.232968,0.055625,0.054816,1.247349,0.681683,1.257748
H2_256C_quantized_resblocks_range_2_9,672-122797-0055.wav,generated_audios/generated_H2_256C_int8/672-122797-0055_generated.wav,8.230023,2.318199,2.314047,0.281676,0.281171,1.140302,0.664846,1.389362
H2_256C_quantized_resblocks_range_2_9,672-122797-0056.wav,generated_audios/generated_H2_256C_int8/672-122797-0056_generated.wav,5.225034,0.291468,0.288,0.055783,0.055119,1.15133,0.702615,1.313532
H2_256C_quantized_resblocks_range_2_9,672-122797-0057.wav,generated_audios/generated_H2_256C_int8/672-122797-0057_generated.wav,6.56,0.363117,0.35918,0.055353,0.054753,1.201955,0.637682,1.480821
H2_256C_quantized_resblocks_range_2_9,672-122797-0058.wav,generated_audios/generated_H2_256C_int8/672-122797-0058_generated.wav,4.470023,1.289587,1.28624,0.288497,0.287748,1.08208,0.581628,1.570225
H2_256C_quantized_resblocks_range_2_9,672-122797-0059.wav,generated_audios/generated_H2_256C_int8/672-122797-0059_generated.wav,3.52,0.997204,0.993703,0.283297,0.282302,1.126199,0.646898,1.565651
H2_256C_quantized_resblocks_range_2_9,672-122797-0060.wav,generated_audios/generated_H2_256C_int8/672-122797-0060_generated.wav,3.350023,0.194208,0.190866,0.057972,0.056975,1.203298,0.83027,1.400705
H2_256C_quantized_resblocks_range_2_9,672-122797-0061.wav,generated_audios/generated_H2_256C_int8/672-122797-0061_generated.wav,7.590023,2.116215,2.112439,0.278815,0.278318,1.225757,0.821075,1.210557
H2_256C_quantized_resblocks_range_2_9,672-122797-0062.wav,generated_audios/generated_H2_256C_int8/672-122797-0062_generated.wav,2.675011,0.756846,0.753534,0.282932,0.281694,1.142179,0.503819,1.794218
H2_256C_quantized_resblocks_range_2_9,672-122797-0063.wav,generated_audios/generated_H2_256C_int8/672-122797-0063_generated.wav,5.075011,0.278506,0.275008,0.054878,0.054189,1.206766,0.720311,1.555033
H2_256C_quantized_resblocks_range_2_9,672-122797-0064.wav,generated_audios/generated_H2_256C_int8/672-122797-0064_generated.wav,15.270023,4.378063,4.373348,0.28671,0.286401,1.201846,0.69368,1.279802
H2_256C_quantized_resblocks_range_2_9,672-122797-0065.wav,generated_audios/generated_H2_256C_int8/672-122797-0065_generated.wav,3.030023,0.172706,0.169323,0.056998,0.055882,1.088518,0.631683,1.509677
H2_256C_quantized_resblocks_range_2_9,672-122797-0066.wav,generated_audios/generated_H2_256C_int8/672-122797-0066_generated.wav,4.815011,0.263258,0.259915,0.054674,0.05398,1.198287,0.82892,1.252414
H2_256C_quantized_resblocks_range_2_9,672-122797-0067.wav,generated_audios/generated_H2_256C_int8/672-122797-0067_generated.wav,13.035011,3.690198,3.685631,0.283099,0.282749,1.188339,0.74933,1.327243
H2_256C_quantized_resblocks_range_2_9,672-122797-0068.wav,generated_audios/generated_H2_256C_int8/672-122797-0068_generated.wav,4.02,0.222661,0.219183,0.055388,0.054523,1.142231,0.621915,1.604385
H2_256C_quantized_resblocks_range_2_9,672-122797-0069.wav,generated_audios/generated_H2_256C_int8/672-122797-0069_generated.wav,5.010023,1.417853,1.413975,0.283003,0.282229,1.142143,0.639796,1.542346
H2_256C_quantized_resblocks_range_2_9,672-122797-0070.wav,generated_audios/generated_H2_256C_int8/672-122797-0070_generated.wav,6.270023,1.770176,1.766507,0.282324,0.281739,1.129642,0.769575,1.35718
H2_256C_quantized_resblocks_range_2_9,672-122797-0071.wav,generated_audios/generated_H2_256C_int8/672-122797-0071_generated.wav,8.875011,2.53727,2.533279,0.285889,0.28544,1.201806,0.830285,1.255672
H2_256C_quantized_resblocks_range_2_9,672-122797-0072.wav,generated_audios/generated_H2_256C_int8/672-122797-0072_generated.wav,7.94,2.237735,2.23386,0.281831,0.281343,1.14909,0.687745,1.506314
H2_256C_quantized_resblocks_range_2_9,672-122797-0073.wav,generated_audios/generated_H2_256C_int8/672-122797-0073_generated.wav,8.205034,2.32085,2.316887,0.282857,0.282374,1.130175,0.753077,1.393078
H2_256C_quantized_resblocks_range_2_9,672-122797-0074.wav,generated_audios/generated_H2_256C_int8/672-122797-0074_generated.wav,8.730023,2.418666,2.414736,0.277052,0.276601,1.21702,0.515156,1.72124
H2_256C_quantized_resblocks_range_2_9,908-157963-0000.wav,generated_audios/generated_H2_256C_int8/908-157963-0000_generated.wav,12.62,3.561622,3.557502,0.28222,0.281894,1.16742,0.793775,1.409191
H2_256C_quantized_resblocks_range_2_9,908-157963-0001.wav,generated_audios/generated_H2_256C_int8/908-157963-0001_generated.wav,2.885034,0.809013,0.805899,0.280417,0.279338,1.24382,0.875437,1.416299
H2_256C_quantized_resblocks_range_2_9,908-157963-0002.wav,generated_audios/generated_H2_256C_int8/908-157963-0002_generated.wav,2.755011,0.746101,0.743044,0.270816,0.269706,1.246714,0.845104,1.379775
H2_256C_quantized_resblocks_range_2_9,908-157963-0003.wav,generated_audios/generated_H2_256C_int8/908-157963-0003_generated.wav,3.08,0.86373,0.860237,0.280432,0.279298,1.186808,0.857735,1.265765
H2_256C_quantized_resblocks_range_2_9,908-157963-0004.wav,generated_audios/generated_H2_256C_int8/908-157963-0004_generated.wav,13.990023,3.979036,3.974636,0.28442,0.284105,1.199513,0.785277,1.376298
H2_256C_quantized_resblocks_range_2_9,908-157963-0005.wav,generated_audios/generated_H2_256C_int8/908-157963-0005_generated.wav,7.035011,1.970639,1.966939,0.280119,0.279593,1.173648,0.779474,1.493222
H2_256C_quantized_resblocks_range_2_9,908-157963-0006.wav,generated_audios/generated_H2_256C_int8/908-157963-0006_generated.wav,8.110023,2.290742,2.286721,0.282458,0.281962,1.180981,0.788402,1.362953
H2_256C_quantized_resblocks_range_2_9,908-157963-0007.wav,generated_audios/generated_H2_256C_int8/908-157963-0007_generated.wav,32.770023,9.413268,9.405765,0.287252,0.287023,1.161844,0.790448,1.387178
H2_256C_quantized_resblocks_range_2_9,908-157963-0008.wav,generated_audios/generated_H2_256C_int8/908-157963-0008_generated.wav,19.950023,5.704885,5.69987,0.285959,0.285707,1.188166,0.786692,1.416086
H2_256C_quantized_resblocks_range_2_9,908-157963-0009.wav,generated_audios/generated_H2_256C_int8/908-157963-0009_generated.wav,4.06,1.132187,1.128597,0.278864,0.27798,1.230383,0.829808,1.277119
H2_256C_quantized_resblocks_range_2_9,908-157963-0010.wav,generated_audios/generated_H2_256C_int8/908-157963-0010_generated.wav,6.28,0.316525,0.312754,0.050402,0.049802,1.147204,0.642826,1.574902
H2_256C_quantized_resblocks_range_2_9,908-157963-0011.wav,generated_audios/generated_H2_256C_int8/908-157963-0011_generated.wav,10.395011,0.598725,0.594562,0.057597,0.057197,1.124498,0.727435,1.421155
H2_256C_quantized_resblocks_range_2_9,908-157963-0012.wav,generated_audios/generated_H2_256C_int8/908-157963-0012_generated.wav,10.090023,2.839969,2.835723,0.281463,0.281042,1.140437,0.69157,1.512809
H2_256C_quantized_resblocks_range_2_9,908-157963-0013.wav,generated_audios/generated_H2_256C_int8/908-157963-0013_generated.wav,4.315011,0.237676,0.234291,0.055081,0.054297,1.120118,0.805425,1.738232
H2_256C_quantized_resblocks_range_2_9,908-157963-0014.wav,generated_audios/generated_H2_256C_int8/908-157963-0014_generated.wav,4.52,0.245597,0.24223,0.054336,0.053591,1.217031,0.768551,1.652449
H2_256C_quantized_resblocks_range_2_9,908-157963-0015.wav,generated_audios/generated_H2_256C_int8/908-157963-0015_generated.wav,14.465034,4.103476,4.099188,0.283682,0.283386,1.255682,0.848648,1.410215
H2_256C_quantized_resblocks_range_2_9,908-157963-0016.wav,generated_audios/generated_H2_256C_int8/908-157963-0016_generated.wav,5.105034,0.280489,0.276718,0.054944,0.054205,1.240897,0.865029,1.497548
H2_256C_quantized_resblocks_range_2_9,908-157963-0017.wav,generated_audios/generated_H2_256C_int8/908-157963-0017_generated.wav,4.950023,1.344593,1.3413,0.271634,0.270968,1.286066,0.843803,1.298064
H2_256C_quantized_resblocks_range_2_9,908-157963-0018.wav,generated_audios/generated_H2_256C_int8/908-157963-0018_generated.wav,4.255011,0.240558,0.237013,0.056535,0.055702,1.169176,0.779326,1.368215
H2_256C_quantized_resblocks_range_2_9,908-157963-0019.wav,generated_audios/generated_H2_256C_int8/908-157963-0019_generated.wav,21.44,6.140096,6.134303,0.286385,0.286115,1.161452,0.787265,1.628623
H2_256C_quantized_resblocks_range_2_9,908-157963-0020.wav,generated_audios/generated_H2_256C_int8/908-157963-0020_generated.wav,9.8,2.776127,2.771456,0.283278,0.282802,1.19986,0.802224,1.578893
H2_256C_quantized_resblocks_range_2_9,908-157963-0021.wav,generated_audios/generated_H2_256C_int8/908-157963-0021_generated.wav,10.24,0.596666,0.59226,0.058268,0.057838,1.210535,0.790688,1.496515
H2_256C_quantized_resblocks_range_2_9,908-157963-0022.wav,generated_audios/generated_H2_256C_int8/908-157963-0022_generated.wav,4.610023,1.315872,1.312948,0.285437,0.284803,1.120799,0.714581,1.574173
H2_256C_quantized_resblocks_range_2_9,908-157963-0023.wav,generated_audios/generated_H2_256C_int8/908-157963-0023_generated.wav,9.625034,2.719513,2.714719,0.282546,0.282048,1.18616,0.700048,1.50083
H2_256C_quantized_resblocks_range_2_9,908-157963-0024.wav,generated_audios/generated_H2_256C_int8/908-157963-0024_generated.wav,3.44,0.96278,0.959339,0.279878,0.278878,1.120519,0.76512,1.618315
H2_256C_quantized_resblocks_range_2_9,908-157963-0025.wav,generated_audios/generated_H2_256C_int8/908-157963-0025_generated.wav,9.265034,2.591126,2.586927,0.279667,0.279214,1.133892,0.732981,1.657571
H2_256C_quantized_resblocks_range_2_9,908-157963-0026.wav,generated_audios/generated_H2_256C_int8/908-157963-0026_generated.wav,8.1,2.292231,2.288416,0.282992,0.28252,1.188528,0.767906,1.496931
H2_256C_quantized_resblocks_range_2_9,908-157963-0027.wav,generated_audios/generated_H2_256C_int8/908-157963-0027_generated.wav,5.225034,0.295792,0.29216,0.05661,0.055916,1.126892,0.627779,1.667551
H2_256C_quantized_resblocks_range_2_9,908-157963-0028.wav,generated_audios/generated_H2_256C_int8/908-157963-0028_generated.wav,4.955011,0.25246,0.248863,0.05095,0.050224,1.187683,0.827006,1.325901
H2_256C_quantized_resblocks_range_2_9,908-157963-0029.wav,generated_audios/generated_H2_256C_int8/908-157963-0029_generated.wav,3.630023,0.996139,0.992669,0.274417,0.273461,1.226827,0.867487,1.358061
H2_256C_quantized_resblocks_range_2_9,908-157963-0030.wav,generated_audios/generated_H2_256C_int8/908-157963-0030_generated.wav,4.52,0.227737,0.224197,0.050384,0.049601,1.176643,0.818992,1.521884
H2_256C_quantized_resblocks_range_2_9,908-31957-0000.wav,generated_audios/generated_H2_256C_int8/908-31957-0000_generated.wav,2.125034,0.575724,0.572473,0.270924,0.269395,1.327362,0.878555,1.640306
H2_256C_quantized_resblocks_range_2_9,908-31957-0001.wav,generated_audios/generated_H2_256C_int8/908-31957-0001_generated.wav,11.315011,3.212671,3.208846,0.28393,0.283592,1.131862,0.790846,1.612718
H2_256C_quantized_resblocks_range_2_9,908-31957-0002.wav,generated_audios/generated_H2_256C_int8/908-31957-0002_generated.wav,4.790023,0.265508,0.261849,0.055429,0.054666,1.137134,0.795991,1.743717
H2_256C_quantized_resblocks_range_2_9,908-31957-0003.wav,generated_audios/generated_H2_256C_int8/908-31957-0003_generated.wav,6.565034,0.361638,0.358436,0.055086,0.054598,1.124574,0.794426,1.406036
H2_256C_quantized_resblocks_range_2_9,908-31957-0004.wav,generated_audios/generated_H2_256C_int8/908-31957-0004_generated.wav,14.755011,4.206971,4.20256,0.285122,0.284823,1.148216,0.80585,1.538227
H2_256C_quantized_resblocks_range_2_9,908-31957-0005.wav,generated_audios/generated_H2_256C_int8/908-31957-0005_generated.wav,4.490023,0.244421,0.240788,0.054436,0.053627,1.181812,0.816188,1.861138
H2_256C_quantized_resblocks_range_2_9,908-31957-0006.wav,generated_audios/generated_H2_256C_int8/908-31957-0006_generated.wav,5.890023,1.616533,1.61278,0.274453,0.273816,1.205732,0.795386,1.752362
H2_256C_quantized_resblocks_range_2_9,908-31957-0007.wav,generated_audios/generated_H2_256C_int8/908-31957-0007_generated.wav,5.8,0.321995,0.318279,0.055516,0.054876,1.197836,0.832283,1.599103
H2_256C_quantized_resblocks_range_2_9,908-31957-0008.wav,generated_audios/generated_H2_256C_int8/908-31957-0008_generated.wav,10.005034,2.828662,2.824654,0.282724,0.282323,1.143774,0.788766,1.594899
H2_256C_quantized_resblocks_range_2_9,908-31957-0009.wav,generated_audios/generated_H2_256C_int8/908-31957-0009_generated.wav,7.705034,2.170818,2.167292,0.28174,0.281283,1.157342,0.8002,1.577838
H2_256C_quantized_resblocks_range_2_9,908-31957-0010.wav,generated_audios/generated_H2_256C_int8/908-31957-0010_generated.wav,2.510023,0.695317,0.692024,0.277016,0.275704,1.171682,0.618435,2.135605
H2_256C_quantized_resblocks_range_2_9,908-31957-0011.wav,generated_audios/generated_H2_256C_int8/908-31957-0011_generated.wav,2.335011,0.139484,0.13611,0.059736,0.058291,1.152536,0.725111,1.657806
H2_256C_quantized_resblocks_range_2_9,908-31957-0012.wav,generated_audios/generated_H2_256C_int8/908-31957-0012_generated.wav,7.615011,2.134134,2.130894,0.280254,0.279828,1.149711,0.787383,1.671675
H2_256C_quantized_resblocks_range_2_9,908-31957-0013.wav,generated_audios/generated_H2_256C_int8/908-31957-0013_generated.wav,6.18,1.756614,1.752988,0.284242,0.283655,1.163103,0.726188,1.796008
H2_256C_quantized_resblocks_range_2_9,908-31957-0014.wav,generated_audios/generated_H2_256C_int8/908-31957-0014_generated.wav,7.56,2.116207,2.112205,0.279922,0.279392,1.118309,0.768344,1.814277
H2_256C_quantized_resblocks_range_2_9,908-31957-0015.wav,generated_audios/generated_H2_256C_int8/908-31957-0015_generated.wav,21.465034,6.209887,6.204578,0.289302,0.289055,2.24093,0.933691,0.465177
H2_256C_quantized_resblocks_range_2_9,908-31957-0016.wav,generated_audios/generated_H2_256C_int8/908-31957-0016_generated.wav,6.48,1.807079,1.803449,0.27887,0.27831,2.521193,0.949461,0.452919
H2_256C_quantized_resblocks_range_2_9,908-31957-0017.wav,generated_audios/generated_H2_256C_int8/908-31957-0017_generated.wav,7.795011,2.195713,2.192072,0.281682,0.281215,2.171476,0.946148,0.463888
H2_256C_quantized_resblocks_range_2_9,908-31957-0018.wav,generated_audios/generated_H2_256C_int8/908-31957-0018_generated.wav,3.915011,1.093218,1.089957,0.279237,0.278405,2.306492,0.939262,0.45552
H2_256C_quantized_resblocks_range_2_9,908-31957-0019.wav,generated_audios/generated_H2_256C_int8/908-31957-0019_generated.wav,9.54,2.700245,2.696068,0.283045,0.282607,2.535881,0.949332,0.408544
H2_256C_quantized_resblocks_range_2_9,908-31957-0020.wav,generated_audios/generated_H2_256C_int8/908-31957-0020_generated.wav,5.895011,0.303935,0.300176,0.051558,0.05092,2.4749,0.944896,0.421818
H2_256C_quantized_resblocks_range_2_9,908-31957-0021.wav,generated_audios/generated_H2_256C_int8/908-31957-0021_generated.wav,10.905034,3.061379,3.057302,0.280731,0.280357,2.317209,0.938143,0.422297
H2_256C_quantized_resblocks_range_2_9,908-31957-0022.wav,generated_audios/generated_H2_256C_int8/908-31957-0022_generated.wav,14.1,4.003795,3.999124,0.283957,0.283626,2.368817,0.938836,0.411117
H2_256C_quantized_resblocks_range_2_9,908-31957-0023.wav,generated_audios/generated_H2_256C_int8/908-31957-0023_generated.wav,8.515011,2.38264,2.378169,0.279816,0.279291,2.17594,0.943475,0.474245
H2_256C_quantized_resblocks_range_2_9,908-31957-0024.wav,generated_audios/generated_H2_256C_int8/908-31957-0024_generated.wav,7.54,2.100265,2.096378,0.27855,0.278034,2.265868,0.948341,0.453286
H2_256C_quantized_resblocks_range_2_9,908-31957-0025.wav,generated_audios/generated_H2_256C_int8/908-31957-0025_generated.wav,20.56,6.213108,6.208099,0.302194,0.30195,2.277985,0.944156,0.509919
H2_128C_quantized_resblocks_range_2_9,1089-134686-0000.wav,generated_audios/generated_H2_128C_int8/1089-134686-0000_generated.wav,10.435011,0.265542,0.261822,0.025447,0.025091,1.982869,0.926974,0.599652
H2_128C_quantized_resblocks_range_2_9,1089-134686-0001.wav,generated_audios/generated_H2_128C_int8/1089-134686-0001_generated.wav,3.275011,0.105213,0.102255,0.032126,0.031223,1.795343,0.919551,0.664961
H2_128C_quantized_resblocks_range_2_9,1089-134686-0002.wav,generated_audios/generated_H2_128C_int8/1089-134686-0002_generated.wav,6.625034,0.195045,0.19136,0.029441,0.028884,1.936082,0.917557,0.626517
H2_128C_quantized_resblocks_range_2_9,1089-134686-0003.wav,generated_audios/generated_H2_128C_int8/1089-134686-0003_generated.wav,2.68,0.078622,0.075472,0.029337,0.028161,2.294775,0.932689,0.700394
H2_128C_quantized_resblocks_range_2_9,1089-134686-0004.wav,generated_audios/generated_H2_128C_int8/1089-134686-0004_generated.wav,5.215102,0.132967,0.129937,0.025497,0.024916,2.158849,0.948492,0.623243
H2_128C_quantized_resblocks_range_2_9,1089-134686-0005.wav,generated_audios/generated_H2_128C_int8/1089-134686-0005_generated.wav,9.635011,0.250837,0.24685,0.026034,0.02562,1.888596,0.894287,0.662067
H2_128C_quantized_resblocks_range_2_9,1089-134686-0006.wav,generated_audios/generated_H2_128C_int8/1089-134686-0006_generated.wav,10.555011,0.291364,0.286509,0.027604,0.027144,2.051975,0.916183,0.635296
H2_128C_quantized_resblocks_range_2_9,1089-134686-0007.wav,generated_audios/generated_H2_128C_int8/1089-134686-0007_generated.wav,4.275011,0.113929,0.110287,0.02665,0.025798,1.842804,0.916286,0.686732
H2_128C_quantized_resblocks_range_2_9,1089-134686-0008.wav,generated_audios/generated_H2_128C_int8/1089-134686-0008_generated.wav,6.730023,0.192395,0.188739,0.028588,0.028044,1.98452,0.917381,0.633919
H2_128C_quantized_resblocks_range_2_9,1089-134686-0009.wav,generated_audios/generated_H2_128C_int8/1089-134686-0009_generated.wav,10.575011,0.267289,0.263631,0.025275,0.02493,2.134322,0.939717,0.647582
H2_128C_quantized_resblocks_range_2_9,1089-134686-0010.wav,generated_audios/generated_H2_128C_int8/1089-134686-0010_generated.wav,4.405034,0.115992,0.112178,0.026332,0.025466,2.46469,0.941183,0.554855
H2_128C_quantized_resblocks_range_2_9,1089-134686-0011.wav,generated_audios/generated_H2_128C_int8/1089-134686-0011_generated.wav,12.445034,0.33638,0.331715,0.027029,0.026654,2.06398,0.920133,0.599383
H2_128C_quantized_resblocks_range_2_9,1089-134686-0012.wav,generated_audios/generated_H2_128C_int8/1089-134686-0012_generated.wav,11.64,0.344948,0.340376,0.029635,0.029242,2.039442,0.919481,0.62838
H2_128C_quantized_resblocks_range_2_9,1089-134686-0013.wav,generated_audios/generated_H2_128C_int8/1089-134686-0013_generated.wav,7.915011,0.223197,0.219237,0.028199,0.027699,1.878605,0.917914,0.628054
H2_128C_quantized_resblocks_range_2_9,1089-134686-0014.wav,generated_audios/generated_H2_128C_int8/1089-134686-0014_generated.wav,2.225034,0.06818,0.065099,0.030642,0.029258,2.040824,0.932564,0.606201
H2_128C_quantized_resblocks_range_2_9,1089-134686-0015.wav,generated_audios/generated_H2_128C_int8/1089-134686-0015_generated.wav,5.815011,0.146302,0.142936,0.025159,0.024581,2.09483,0.911079,0.664979
H2_128C_quantized_resblocks_range_2_9,1089-134686-0016.wav,generated_audios/generated_H2_128C_int8/1089-134686-0016_generated.wav,3.54,0.098193,0.094863,0.027738,0.026798,2.017872,0.925612,0.618433
H2_128C_quantized_resblocks_range_2_9,1089-134686-0017.wav,generated_audios/generated_H2_128C_int8/1089-134686-0017_generated.wav,8.870023,0.223037,0.219107,0.025145,0.024702,1.952384,0.924952,0.597842
H2_128C_quantized_resblocks_range_2_9,1089-134686-0018.wav,generated_audios/generated_H2_128C_int8/1089-134686-0018_generated.wav,15.72,0.414562,0.410015,0.026372,0.026082,2.02519,0.920219,0.618115
H2_128C_quantized_resblocks_range_2_9,1089-134686-0019.wav,generated_audios/generated_H2_128C_int8/1089-134686-0019_generated.wav,13.895011,0.366155,0.361234,0.026352,0.025997,1.978552,0.924914,0.604591
H2_128C_quantized_resblocks_range_2_9,1089-134686-0020.wav,generated_audios/generated_H2_128C_int8/1089-134686-0020_generated.wav,16.790023,0.484376,0.479077,0.028849,0.028533,1.944543,0.919931,0.622147
H2_128C_quantized_resblocks_range_2_9,1089-134686-0021.wav,generated_audios/generated_H2_128C_int8/1089-134686-0021_generated.wav,6.550023,0.181523,0.17765,0.027713,0.027122,1.98073,0.931593,0.631641
H2_128C_quantized_resblocks_range_2_9,1089-134686-0022.wav,generated_audios/generated_H2_128C_int8/1089-134686-0022_generated.wav,11.175011,0.298086,0.2941,0.026674,0.026318,2.032027,0.925819,0.598848
H2_128C_quantized_resblocks_range_2_9,1089-134686-0023.wav,generated_audios/generated_H2_128C_int8/1089-134686-0023_generated.wav,13.275011,0.365791,0.36095,0.027555,0.02719,2.066433,0.920057,0.624596
H2_128C_quantized_resblocks_range_2_9,1089-134686-0024.wav,generated_audios/generated_H2_128C_int8/1089-134686-0024_generated.wav,11.655011,0.320035,0.315863,0.027459,0.027101,1.924499,0.919241,0.590276
H2_128C_quantized_resblocks_range_2_9,1089-134686-0025.wav,generated_audios/generated_H2_128C_int8/1089-134686-0025_generated.wav,6.610023,0.171221,0.1676,0.025903,0.025355,1.859688,0.926102,0.63435
H2_128C_quantized_resblocks_range_2_9,1089-134686-0026.wav,generated_audios/generated_H2_128C_int8/1089-134686-0026_generated.wav,4.010023,0.123202,0.119738,0.030723,0.02986,2.262345,0.928474,0.613613
H2_128C_quantized_resblocks_range_2_9,1089-134686-0027.wav,generated_audios/generated_H2_128C_int8/1089-134686-0027_generated.wav,2.710023,0.079467,0.076214,0.029323,0.028123,2.213732,0.941333,0.572148
H2_128C_quantized_resblocks_range_2_9,1089-134686-0028.wav,generated_audios/generated_H2_128C_int8/1089-134686-0028_generated.wav,7.830023,0.199489,0.19559,0.025477,0.02498,2.091904,0.928078,0.59381
H2_128C_quantized_resblocks_range_2_9,1089-134686-0029.wav,generated_audios/generated_H2_128C_int8/1089-134686-0029_generated.wav,4.670023,0.142304,0.138799,0.030472,0.029721,2.125285,0.920996,0.622075
H2_128C_quantized_resblocks_range_2_9,1089-134686-0030.wav,generated_audios/generated_H2_128C_int8/1089-134686-0030_generated.wav,2.715011,0.067536,0.064134,0.024875,0.023622,1.717605,0.912982,0.575293
H2_128C_quantized_resblocks_range_2_9,1089-134686-0031.wav,generated_audios/generated_H2_128C_int8/1089-134686-0031_generated.wav,6.615011,0.14489,0.141322,0.021903,0.021364,2.022099,0.911192,0.635844
H2_128C_quantized_resblocks_range_2_9,121-121726-0000.wav,generated_audios/generated_H2_128C_int8/121-121726-0000_generated.wav,8.46,0.224615,0.220695,0.02655,0.026087,1.817608,0.927002,0.825906
H2_128C_quantized_resblocks_range_2_9,121-121726-0001.wav,generated_audios/generated_H2_128C_int8/121-121726-0001_generated.wav,5.925034,0.174094,0.170061,0.029383,0.028702,1.926434,0.919827,1.165277
H2_128C_quantized_resblocks_range_2_9,121-121726-0002.wav,generated_audios/generated_H2_128C_int8/121-121726-0002_generated.wav,4.410023,0.099611,0.096162,0.022587,0.021805,2.005901,0.910308,1.096588
H2_128C_quantized_resblocks_range_2_9,121-121726-0003.wav,generated_audios/generated_H2_128C_int8/121-121726-0003_generated.wav,6.755011,0.175144,0.171403,0.025928,0.025374,2.06755,0.937428,1.032042
H2_128C_quantized_resblocks_range_2_9,121-121726-0004.wav,generated_audios/generated_H2_128C_int8/121-121726-0004_generated.wav,4.02,0.107497,0.103829,0.026741,0.025828,2.018208,0.94141,1.241953
H2_128C_quantized_resblocks_range_2_9,121-121726-0005.wav,generated_audios/generated_H2_128C_int8/121-121726-0005_generated.wav,3.1,0.085946,0.082806,0.027725,0.026712,2.387457,0.961361,1.58643
H2_128C_quantized_resblocks_range_2_9,121-121726-0006.wav,generated_audios/generated_H2_128C_int8/121-121726-0006_generated.wav,3.895011,0.107336,0.103956,0.027557,0.02669,2.100479,0.925876,1.155106
H2_128C_quantized_resblocks_range_2_9,121-121726-0007.wav,generated_audios/generated_H2_128C_int8/121-121726-0007_generated.wav,6.730023,0.19332,0.189873,0.028725,0.028213,2.01314,0.94361,1.095398
H2_128C_quantized_resblocks_range_2_9,121-121726-0008.wav,generated_audios/generated_H2_128C_int8/121-121726-0008_generated.wav,4.990023,0.145121,0.142553,0.029082,0.028568,2.118742,0.952776,1.335995
H2_128C_quantized_resblocks_range_2_9,121-121726-0009.wav,generated_audios/generated_H2_128C_int8/121-121726-0009_generated.wav,7.26,0.191227,0.187563,0.02634,0.025835,1.849975,0.930328,1.024681
H2_128C_quantized_resblocks_range_2_9,121-121726-0010.wav,generated_audios/generated_H2_128C_int8/121-121726-0010_generated.wav,9.810023,0.261526,0.255623,0.026659,0.026057,1.91898,0.923904,1.015963
H2_128C_quantized_resblocks_range_2_9,121-121726-0011.wav,generated_audios/generated_H2_128C_int8/121-121726-0011_generated.wav,4.035011,0.107781,0.103571,0.026711,0.025668,2.185538,0.948303,1.202258
H2_128C_quantized_resblocks_range_2_9,121-121726-0012.wav,generated_audios/generated_H2_128C_int8/121-121726-0012_generated.wav,4.045034,0.115609,0.112089,0.028581,0.02771,2.135575,0.939707,0.967915
H2_128C_quantized_resblocks_range_2_9,121-121726-0013.wav,generated_audios/generated_H2_128C_int8/121-121726-0013_generated.wav,2.490023,0.072214,0.069145,0.029001,0.027769,1.932982,0.934957,1.146795
H2_128C_quantized_resblocks_range_2_9,121-121726-0014.wav,generated_audios/generated_H2_128C_int8/121-121726-0014_generated.wav,3.165034,0.087383,0.084173,0.027609,0.026595,2.321524,0.949915,1.252806
H2_128C_quantized_resblocks_range_2_9,121-123852-0000.wav,generated_audios/generated_H2_128C_int8/121-123852-0000_generated.wav,17.695011,0.514711,0.509841,0.029088,0.028813,1.857432,0.924408,1.035824
H2_128C_quantized_resblocks_range_2_9,121-123852-0001.wav,generated_audios/generated_H2_128C_int8/121-123852-0001_generated.wav,1.870023,0.060769,0.057314,0.032497,0.030649,1.553458,0.777841,1.592794
H2_128C_quantized_resblocks_range_2_9,121-123852-0002.wav,generated_audios/generated_H2_128C_int8/121-123852-0002_generated.wav,17.285034,0.499373,0.494544,0.02889,0.028611,1.813968,0.906066,0.871144
H2_128C_quantized_resblocks_range_2_9,121-123852-0003.wav,generated_audios/generated_H2_128C_int8/121-123852-0003_generated.wav,23.505034,7.228234,7.222784,0.307519,0.307287,1.707551,0.901392,0.903271
H2_128C_quantized_resblocks_range_2_9,121-123852-0004.wav,generated_audios/generated_H2_128C_int8/121-123852-0004_generated.wav,16.290023,4.596317,4.591927,0.282155,0.281886,1.955801,0.924413,0.858802
H2_128C_quantized_resblocks_range_2_9,121-123859-0000.wav,generated_audios/generated_H2_128C_int8/121-123859-0000_generated.wav,17.390023,4.652714,4.647636,0.267551,0.267259,1.480108,0.889656,0.944968
H2_128C_quantized_resblocks_range_2_9,121-123859-0001.wav,generated_audios/generated_H2_128C_int8/121-123859-0001_generated.wav,25.395011,6.96206,6.956626,0.274151,0.273937,1.856578,0.916861,0.88878
H2_128C_quantized_resblocks_range_2_9,121-123859-0002.wav,generated_audios/generated_H2_128C_int8/121-123859-0002_generated.wav,30.04,8.67206,8.665622,0.288684,0.288469,1.795152,0.909651,0.865065
H2_128C_quantized_resblocks_range_2_9,121-123859-0003.wav,generated_audios/generated_H2_128C_int8/121-123859-0003_generated.wav,10.825034,2.816109,2.811801,0.260148,0.25975,1.841326,0.926453,1.125888
H2_128C_quantized_resblocks_range_2_9,121-123859-0004.wav,generated_audios/generated_H2_128C_int8/121-123859-0004_generated.wav,9.505034,2.468039,2.464153,0.259656,0.259247,1.576991,0.908841,0.956424
H2_128C_quantized_resblocks_range_2_9,121-127105-0000.wav,generated_audios/generated_H2_128C_int8/121-127105-0000_generated.wav,9.875011,2.577183,2.573475,0.26098,0.260605,1.815017,0.913396,0.803919
H2_128C_quantized_resblocks_range_2_9,121-127105-0001.wav,generated_audios/generated_H2_128C_int8/121-127105-0001_generated.wav,5.025034,1.230516,1.226789,0.244877,0.244135,1.801489,0.913991,0.659459
H2_128C_quantized_resblocks_range_2_9,121-127105-0002.wav,generated_audios/generated_H2_128C_int8/121-127105-0002_generated.wav,7.495011,1.824218,1.820175,0.243391,0.242852,1.74752,0.916838,0.742077
H2_128C_quantized_resblocks_range_2_9,121-127105-0003.wav,generated_audios/generated_H2_128C_int8/121-127105-0003_generated.wav,7.725034,1.979868,1.975741,0.256292,0.255758,1.844671,0.921374,0.824606
H2_128C_quantized_resblocks_range_2_9,121-127105-0004.wav,generated_audios/generated_H2_128C_int8/121-127105-0004_generated.wav,2.110023,0.535634,0.532166,0.253852,0.252209,1.367642,0.930252,1.253608
H2_128C_quantized_resblocks_range_2_9,121-127105-0005.wav,generated_audios/generated_H2_128C_int8/121-127105-0005_generated.wav,5.82,1.450196,1.446511,0.249175,0.248541,1.844419,0.925095,0.805342
H2_128C_quantized_resblocks_range_2_9,121-127105-0006.wav,generated_audios/generated_H2_128C_int8/121-127105-0006_generated.wav,4.725034,1.218891,1.215219,0.257964,0.257187,1.477033,0.919782,0.858993
H2_128C_quantized_resblocks_range_2_9,121-127105-0007.wav,generated_audios/generated_H2_128C_int8/121-127105-0007_generated.wav,5.790023,1.440286,1.436698,0.248753,0.248133,1.693301,0.921531,0.784247
H2_128C_quantized_resblocks_range_2_9,121-127105-0008.wav,generated_audios/generated_H2_128C_int8/121-127105-0008_generated.wav,2.76,0.693579,0.690273,0.251297,0.250099,1.739161,0.915039,0.885853
H2_128C_quantized_resblocks_range_2_9,121-127105-0009.wav,generated_audios/generated_H2_128C_int8/121-127105-0009_generated.wav,2.290023,0.584309,0.580882,0.255154,0.253658,1.572127,0.91519,0.736647
H2_128C_quantized_resblocks_range_2_9,121-127105-0010.wav,generated_audios/generated_H2_128C_int8/121-127105-0010_generated.wav,2.850023,0.717324,0.71385,0.25169,0.250472,1.908866,0.914602,0.717297
H2_128C_quantized_resblocks_range_2_9,121-127105-0011.wav,generated_audios/generated_H2_128C_int8/121-127105-0011_generated.wav,5.78,1.484211,1.481937,0.256784,0.25639,1.733131,0.894423,0.674025
H2_128C_quantized_resblocks_range_2_9,121-127105-0012.wav,generated_audios/generated_H2_128C_int8/121-127105-0012_generated.wav,4.830023,1.263442,1.259724,0.261581,0.260811,1.330478,0.905938,0.627167
H2_128C_quantized_resblocks_range_2_9,121-127105-0013.wav,generated_audios/generated_H2_128C_int8/121-127105-0013_generated.wav,5.895011,1.452261,1.448687,0.246354,0.245748,1.083473,0.808118,1.744764
H2_128C_quantized_resblocks_range_2_9,121-127105-0014.wav,generated_audios/generated_H2_128C_int8/121-127105-0014_generated.wav,2.255011,0.543861,0.540564,0.241179,0.239717,1.127878,0.75637,2.382353
H2_128C_quantized_resblocks_range_2_9,121-127105-0015.wav,generated_audios/generated_H2_128C_int8/121-127105-0015_generated.wav,2.96,0.750834,0.747487,0.25366,0.252529,1.083173,0.790531,1.660981
H2_128C_quantized_resblocks_range_2_9,121-127105-0016.wav,generated_audios/generated_H2_128C_int8/121-127105-0016_generated.wav,2.030023,0.497565,0.494272,0.245103,0.243481,1.087699,0.815555,1.620625
H2_128C_quantized_resblocks_range_2_9,121-127105-0017.wav,generated_audios/generated_H2_128C_int8/121-127105-0017_generated.wav,2.695011,0.685048,0.681872,0.254191,0.253013,1.069103,0.790473,1.428562
H2_128C_quantized_resblocks_range_2_9,121-127105-0018.wav,generated_audios/generated_H2_128C_int8/121-127105-0018_generated.wav,2.770023,0.710889,0.707601,0.256637,0.255449,1.072809,0.761162,1.655987
H2_128C_quantized_resblocks_range_2_9,121-127105-0019.wav,generated_audios/generated_H2_128C_int8/121-127105-0019_generated.wav,3.525034,0.866105,0.862613,0.245701,0.244711,1.061999,0.77026,1.834733
H2_128C_quantized_resblocks_range_2_9,121-127105-0020.wav,generated_audios/generated_H2_128C_int8/121-127105-0020_generated.wav,14.355011,3.91193,3.908028,0.272513,0.272241,1.080235,0.817812,1.532923
H2_128C_quantized_resblocks_range_2_9,121-127105-0021.wav,generated_audios/generated_H2_128C_int8/121-127105-0021_generated.wav,2.0,0.488921,0.485561,0.24446,0.242781,1.083285,0.829818,1.757214
H2_128C_quantized_resblocks_range_2_9,121-127105-0022.wav,generated_audios/generated_H2_128C_int8/121-127105-0022_generated.wav,5.075011,1.285093,1.281335,0.25322,0.252479,1.134521,0.824711,2.16838
H2_128C_quantized_resblocks_range_2_9,121-127105-0023.wav,generated_audios/generated_H2_128C_int8/121-127105-0023_generated.wav,10.910023,2.695603,2.691684,0.247076,0.246717,1.092828,0.818849,1.53424
H2_128C_quantized_resblocks_range_2_9,121-127105-0024.wav,generated_audios/generated_H2_128C_int8/121-127105-0024_generated.wav,14.450023,4.108288,4.103638,0.28431,0.283988,1.085301,0.814247,1.613029
H2_128C_quantized_resblocks_range_2_9,121-127105-0025.wav,generated_audios/generated_H2_128C_int8/121-127105-0025_generated.wav,16.065034,4.3429,4.3383,0.270332,0.270046,1.086087,0.821079,1.589632
H2_128C_quantized_resblocks_range_2_9,121-127105-0026.wav,generated_audios/generated_H2_128C_int8/121-127105-0026_generated.wav,7.530023,1.84691,1.842795,0.245273,0.244726,1.084814,0.835192,1.531937
H2_128C_quantized_resblocks_range_2_9,121-127105-0027.wav,generated_audios/generated_H2_128C_int8/121-127105-0027_generated.wav,13.870023,3.808411,3.803938,0.274579,0.274256,1.108603,0.820722,1.707514
H2_128C_quantized_resblocks_range_2_9,121-127105-0028.wav,generated_audios/generated_H2_128C_int8/121-127105-0028_generated.wav,6.750023,0.171493,0.1676,0.025406,0.02483,1.118195,0.830854,1.818243
H2_128C_quantized_resblocks_range_2_9,121-127105-0029.wav,generated_audios/generated_H2_128C_int8/121-127105-0029_generated.wav,7.310023,1.864165,1.860181,0.255015,0.25447,1.0862,0.837406,1.843082
H2_128C_quantized_resblocks_range_2_9,121-127105-0030.wav,generated_audios/generated_H2_128C_int8/121-127105-0030_generated.wav,2.175011,0.541718,0.538639,0.249064,0.247649,1.052901,0.811234,1.887496
H2_128C_quantized_resblocks_range_2_9,121-127105-0031.wav,generated_audios/generated_H2_128C_int8/121-127105-0031_generated.wav,10.765034,2.607852,2.603647,0.242252,0.241862,1.090614,0.738532,2.213221
H2_128C_quantized_resblocks_range_2_9,121-127105-0032.wav,generated_audios/generated_H2_128C_int8/121-127105-0032_generated.wav,3.170023,0.757936,0.754448,0.239095,0.237994,1.078048,0.844706,1.837541
H2_128C_quantized_resblocks_range_2_9,121-127105-0033.wav,generated_audios/generated_H2_128C_int8/121-127105-0033_generated.wav,2.355011,0.594049,0.590628,0.252249,0.250796,1.078795,0.809047,2.288398
H2_128C_quantized_resblocks_range_2_9,121-127105-0034.wav,generated_audios/generated_H2_128C_int8/121-127105-0034_generated.wav,7.410023,1.941206,1.937478,0.26197,0.261467,1.094175,0.812874,2.280276
H2_128C_quantized_resblocks_range_2_9,121-127105-0035.wav,generated_audios/generated_H2_128C_int8/121-127105-0035_generated.wav,14.150023,3.812438,3.807791,0.26943,0.269101,1.096447,0.795734,2.530295
H2_128C_quantized_resblocks_range_2_9,121-127105-0036.wav,generated_audios/generated_H2_128C_int8/121-127105-0036_generated.wav,4.150023,0.998219,0.99457,0.240533,0.239654,1.137691,0.75355,2.39175
H2_128C_quantized_resblocks_range_2_9,237-126133-0000.wav,generated_audios/generated_H2_128C_int8/237-126133-0000_generated.wav,13.290023,3.792566,3.788148,0.285369,0.285037,1.065319,0.78911,1.759098
H2_128C_quantized_resblocks_range_2_9,237-126133-0001.wav,generated_audios/generated_H2_128C_int8/237-126133-0001_generated.wav,11.965034,3.43917,3.434786,0.287435,0.287069,1.06476,0.75663,1.785181
H2_128C_quantized_resblocks_range_2_9,237-126133-0002.wav,generated_audios/generated_H2_128C_int8/237-126133-0002_generated.wav,8.92,2.21601,2.211718,0.248432,0.24795,1.045209,0.754688,1.954436
H2_128C_quantized_resblocks_range_2_9,237-126133-0003.wav,generated_audios/generated_H2_128C_int8/237-126133-0003_generated.wav,6.56,1.678653,1.67481,0.255892,0.255306,1.048973,0.727652,1.841918
H2_128C_quantized_resblocks_range_2_9,237-126133-0004.wav,generated_audios/generated_H2_128C_int8/237-126133-0004_generated.wav,3.295011,0.846561,0.843282,0.256922,0.255927,1.054752,0.741386,1.883526
H2_128C_quantized_resblocks_range_2_9,237-126133-0005.wav,generated_audios/generated_H2_128C_int8/237-126133-0005_generated.wav,6.510023,1.689675,1.686208,0.25955,0.259017,1.074534,0.748009,1.79937
H2_128C_quantized_resblocks_range_2_9,237-126133-0006.wav,generated_audios/generated_H2_128C_int8/237-126133-0006_generated.wav,6.150023,1.568378,1.564347,0.25502,0.254365,1.091547,0.776559,1.919609
H2_128C_quantized_resblocks_range_2_9,237-126133-0007.wav,generated_audios/generated_H2_128C_int8/237-126133-0007_generated.wav,8.68,2.114865,2.110886,0.243648,0.24319,1.069141,0.760209,1.857197
H2_128C_quantized_resblocks_range_2_9,237-126133-0008.wav,generated_audios/generated_H2_128C_int8/237-126133-0008_generated.wav,3.865034,0.995612,0.991783,0.257595,0.256604,1.054968,0.765407,1.878762
H2_128C_quantized_resblocks_range_2_9,237-126133-0009.wav,generated_audios/generated_H2_128C_int8/237-126133-0009_generated.wav,3.970023,1.0065,1.002977,0.253525,0.252638,1.060913,0.767709,1.906669
H2_128C_quantized_resblocks_range_2_9,237-126133-0010.wav,generated_audios/generated_H2_128C_int8/237-126133-0010_generated.wav,6.24,1.542149,1.538516,0.247139,0.246557,1.047117,0.693889,1.847366
H2_128C_quantized_resblocks_range_2_9,237-126133-0011.wav,generated_audios/generated_H2_128C_int8/237-126133-0011_generated.wav,6.710023,1.771313,1.767619,0.26398,0.26343,1.085173,0.798304,1.895675
H2_128C_quantized_resblocks_range_2_9,237-126133-0012.wav,generated_audios/generated_H2_128C_int8/237-126133-0012_generated.wav,4.450023,1.16466,1.161085,0.26172,0.260917,1.062342,0.717059,1.886809
H2_128C_quantized_resblocks_range_2_9,237-126133-0013.wav,generated_audios/generated_H2_128C_int8/237-126133-0013_generated.wav,6.815011,1.771446,1.767586,0.259933,0.259367,1.059904,0.730235,1.965708
H2_128C_quantized_resblocks_range_2_9,237-126133-0014.wav,generated_audios/generated_H2_128C_int8/237-126133-0014_generated.wav,6.790023,1.761563,1.757806,0.259434,0.258881,1.062462,0.745782,1.747037
H2_128C_quantized_resblocks_range_2_9,237-126133-0015.wav,generated_audios/generated_H2_128C_int8/237-126133-0015_generated.wav,9.34,2.303815,2.299613,0.246661,0.246211,1.06717,0.764995,1.867017
H2_128C_quantized_resblocks_range_2_9,237-126133-0016.wav,generated_audios/generated_H2_128C_int8/237-126133-0016_generated.wav,4.250023,1.05008,1.046384,0.247076,0.246207,1.09566,0.763777,1.850523
H2_128C_quantized_resblocks_range_2_9,237-126133-0017.wav,generated_audios/generated_H2_128C_int8/237-126133-0017_generated.wav,6.210023,1.54397,1.540445,0.248625,0.248058,1.114887,0.823924,1.785433
H2_128C_quantized_resblocks_range_2_9,237-126133-0018.wav,generated_audios/generated_H2_128C_int8/237-126133-0018_generated.wav,4.095011,1.067084,1.063768,0.260581,0.259772,1.069769,0.714404,2.057841
H2_128C_quantized_resblocks_range_2_9,237-126133-0019.wav,generated_audios/generated_H2_128C_int8/237-126133-0019_generated.wav,7.12,1.883492,1.879588,0.264535,0.263987,1.052928,0.750386,1.881091
H2_128C_quantized_resblocks_range_2_9,237-126133-0020.wav,generated_audios/generated_H2_128C_int8/237-126133-0020_generated.wav,2.24,0.538332,0.534875,0.240327,0.238783,1.075356,0.769675,1.828957
H2_128C_quantized_resblocks_range_2_9,237-126133-0021.wav,generated_audios/generated_H2_128C_int8/237-126133-0021_generated.wav,4.365034,1.063665,1.060092,0.243679,0.24286,1.060756,0.74219,1.93298
H2_128C_quantized_resblocks_range_2_9,237-126133-0022.wav,generated_audios/generated_H2_128C_int8/237-126133-0022_generated.wav,5.04,1.304865,1.301509,0.258902,0.258236,1.074008,0.78115,1.828694
H2_128C_quantized_resblocks_range_2_9,237-126133-0023.wav,generated_audios/generated_H2_128C_int8/237-126133-0023_generated.wav,6.675011,1.732972,1.729418,0.259621,0.259088,1.054646,0.769212,1.830058
H2_128C_quantized_resblocks_range_2_9,237-126133-0024.wav,generated_audios/generated_H2_128C_int8/237-126133-0024_generated.wav,9.665034,2.547073,2.54277,0.263535,0.26309,1.097156,0.791195,1.660796
H2_128C_quantized_resblocks_range_2_9,237-126133-0025.wav,generated_audios/generated_H2_128C_int8/237-126133-0025_generated.wav,3.755011,0.956495,0.952825,0.254725,0.253748,1.078228,0.794218,1.788956
H2_128C_quantized_resblocks_range_2_9,237-134493-0000.wav,generated_audios/generated_H2_128C_int8/237-134493-0000_generated.wav,4.105034,1.080544,1.077034,0.263224,0.262369,1.225781,0.858419,1.333688
H2_128C_quantized_resblocks_range_2_9,237-134493-0001.wav,generated_audios/generated_H2_128C_int8/237-134493-0001_generated.wav,7.38,1.907735,1.904441,0.258501,0.258054,1.227287,0.871038,1.298658
H2_128C_quantized_resblocks_range_2_9,237-134493-0002.wav,generated_audios/generated_H2_128C_int8/237-134493-0002_generated.wav,11.395011,3.063244,3.058735,0.268823,0.268428,1.279184,0.862817,1.378502
H2_128C_quantized_resblocks_range_2_9,237-134493-0003.wav,generated_audios/generated_H2_128C_int8/237-134493-0003_generated.wav,12.765034,3.623839,3.61908,0.283888,0.283515,1.197231,0.87588,1.313158
H2_128C_quantized_resblocks_range_2_9,237-134493-0004.wav,generated_audios/generated_H2_128C_int8/237-134493-0004_generated.wav,6.825034,1.79251,1.788614,0.262638,0.262067,1.286246,0.866902,1.26756
H2_128C_quantized_resblocks_range_2_9,237-134493-0005.wav,generated_audios/generated_H2_128C_int8/237-134493-0005_generated.wav,10.945034,2.722256,2.71784,0.248721,0.248317,1.27667,0.864099,1.241686
H2_128C_quantized_resblocks_range_2_9,237-134493-0006.wav,generated_audios/generated_H2_128C_int8/237-134493-0006_generated.wav,4.395011,1.078402,1.074782,0.24537,0.244546,1.426818,0.905299,1.150676
H2_128C_quantized_resblocks_range_2_9,237-134493-0007.wav,generated_audios/generated_H2_128C_int8/237-134493-0007_generated.wav,2.035011,0.493976,0.490699,0.242739,0.241128,1.298099,0.841494,1.172134
H2_128C_quantized_resblocks_range_2_9,237-134493-0008.wav,generated_audios/generated_H2_128C_int8/237-134493-0008_generated.wav,2.305034,0.551109,0.54782,0.239089,0.237662,1.275228,0.839996,1.438672
H2_128C_quantized_resblocks_range_2_9,237-134493-0009.wav,generated_audios/generated_H2_128C_int8/237-134493-0009_generated.wav,2.975011,0.780099,0.776915,0.262217,0.261147,1.244819,0.883582,1.358685
H2_128C_quantized_resblocks_range_2_9,237-134493-0010.wav,generated_audios/generated_H2_128C_int8/237-134493-0010_generated.wav,2.875011,0.735374,0.732052,0.255781,0.254626,1.219426,0.845474,1.257273
H2_128C_quantized_resblocks_range_2_9,237-134493-0011.wav,generated_audios/generated_H2_128C_int8/237-134493-0011_generated.wav,5.035011,1.333828,1.33078,0.264911,0.264305,1.255753,0.874048,1.208777
H2_128C_quantized_resblocks_range_2_9,237-134493-0012.wav,generated_audios/generated_H2_128C_int8/237-134493-0012_generated.wav,3.66,0.89338,0.889784,0.244093,0.24311,1.325418,0.876577,1.234288
H2_128C_quantized_resblocks_range_2_9,237-134493-0013.wav,generated_audios/generated_H2_128C_int8/237-134493-0013_generated.wav,4.090023,0.100987,0.097594,0.024691,0.023861,1.337519,0.870505,1.214666
H2_128C_quantized_resblocks_range_2_9,237-134493-0014.wav,generated_audios/generated_H2_128C_int8/237-134493-0014_generated.wav,3.7,0.916936,0.913457,0.247821,0.24688,1.298647,0.875262,1.253687
H2_128C_quantized_resblocks_range_2_9,237-134493-0015.wav,generated_audios/generated_H2_128C_int8/237-134493-0015_generated.wav,6.550023,0.183153,0.179437,0.027962,0.027395,1.251449,0.870762,1.226472
H2_128C_quantized_resblocks_range_2_9,237-134493-0016.wav,generated_audios/generated_H2_128C_int8/237-134493-0016_generated.wav,10.085034,2.650853,2.646531,0.26285,0.262422,1.313378,0.889893,1.200036
H2_128C_quantized_resblocks_range_2_9,237-134493-0017.wav,generated_audios/generated_H2_128C_int8/237-134493-0017_generated.wav,9.105034,2.38835,2.384505,0.262311,0.261889,1.26099,0.87692,1.248038
H2_128C_quantized_resblocks_range_2_9,237-134493-0018.wav,generated_audios/generated_H2_128C_int8/237-134493-0018_generated.wav,4.790023,1.244966,1.241766,0.259908,0.25924,1.326148,0.905308,1.243424
H2_128C_quantized_resblocks_range_2_9,237-134500-0000.wav,generated_audios/generated_H2_128C_int8/237-134500-0000_generated.wav,6.130023,1.570288,1.566663,0.256163,0.255572,1.193145,0.853518,1.419984
H2_128C_quantized_resblocks_range_2_9,237-134500-0001.wav,generated_audios/generated_H2_128C_int8/237-134500-0001_generated.wav,1.810023,0.431479,0.428147,0.238383,0.236542,1.22824,0.845974,1.477271
H2_128C_quantized_resblocks_range_2_9,237-134500-0002.wav,generated_audios/generated_H2_128C_int8/237-134500-0002_generated.wav,5.070023,1.317972,1.314394,0.259954,0.259248,1.235746,0.886061,1.312447
H2_128C_quantized_resblocks_range_2_9,237-134500-0003.wav,generated_audios/generated_H2_128C_int8/237-134500-0003_generated.wav,3.170023,0.095499,0.092178,0.030126,0.029078,1.126581,0.847451,1.426813
H2_128C_quantized_resblocks_range_2_9,237-134500-0004.wav,generated_audios/generated_H2_128C_int8/237-134500-0004_generated.wav,2.225034,0.068283,0.065111,0.030689,0.029263,1.298546,0.885969,1.274865
H2_128C_quantized_resblocks_range_2_9,237-134500-0005.wav,generated_audios/generated_H2_128C_int8/237-134500-0005_generated.wav,2.390023,0.600346,0.597547,0.251188,0.250017,1.209195,0.865876,1.282273
H2_128C_quantized_resblocks_range_2_9,237-134500-0006.wav,generated_audios/generated_H2_128C_int8/237-134500-0006_generated.wav,4.225034,1.041951,1.038419,0.246614,0.245778,1.219079,0.872277,1.304568
H2_128C_quantized_resblocks_range_2_9,237-134500-0007.wav,generated_audios/generated_H2_128C_int8/237-134500-0007_generated.wav,2.390023,0.060963,0.057782,0.025507,0.024176,1.153608,0.817099,1.441554
H2_128C_quantized_resblocks_range_2_9,237-134500-0008.wav,generated_audios/generated_H2_128C_int8/237-134500-0008_generated.wav,3.76,0.104974,0.101217,0.027919,0.026919,1.227431,0.82903,1.397251
H2_128C_quantized_resblocks_range_2_9,237-134500-0009.wav,generated_audios/generated_H2_128C_int8/237-134500-0009_generated.wav,2.22,0.057368,0.054018,0.025842,0.024332,1.09059,0.835538,1.394226
H2_128C_quantized_resblocks_range_2_9,237-134500-0010.wav,generated_audios/generated_H2_128C_int8/237-134500-0010_generated.wav,3.995011,1.035617,1.032156,0.259228,0.258361,1.209392,0.86478,1.282606
H2_128C_quantized_resblocks_range_2_9,237-134500-0011.wav,generated_audios/generated_H2_128C_int8/237-134500-0011_generated.wav,3.350023,0.826187,0.822697,0.246621,0.24558,1.208645,0.821288,1.302301
H2_128C_quantized_resblocks_range_2_9,237-134500-0012.wav,generated_audios/generated_H2_128C_int8/237-134500-0012_generated.wav,10.935011,2.931371,2.927107,0.268072,0.267682,1.150592,0.848889,1.386542
H2_128C_quantized_resblocks_range_2_9,237-134500-0013.wav,generated_audios/generated_H2_128C_int8/237-134500-0013_generated.wav,10.56,0.295723,0.2914,0.028004,0.027595,1.165028,0.865903,1.360003
H2_128C_quantized_resblocks_range_2_9,237-134500-0014.wav,generated_audios/generated_H2_128C_int8/237-134500-0014_generated.wav,4.250023,0.129595,0.126232,0.030493,0.029702,1.169253,0.859179,1.359939
H2_128C_quantized_resblocks_range_2_9,237-134500-0015.wav,generated_audios/generated_H2_128C_int8/237-134500-0015_generated.wav,10.815011,2.814962,2.810686,0.260283,0.259888,1.181577,0.869261,1.37361
H2_128C_quantized_resblocks_range_2_9,237-134500-0016.wav,generated_audios/generated_H2_128C_int8/237-134500-0016_generated.wav,3.16,0.090623,0.087183,0.028678,0.02759,1.120068,0.769871,1.586787
H2_128C_quantized_resblocks_range_2_9,237-134500-0017.wav,generated_audios/generated_H2_128C_int8/237-134500-0017_generated.wav,2.18,0.065786,0.062449,0.030177,0.028646,1.244588,0.892366,1.365861
H2_128C_quantized_resblocks_range_2_9,237-134500-0018.wav,generated_audios/generated_H2_128C_int8/237-134500-0018_generated.wav,12.845034,3.679338,3.674969,0.286441,0.2861,1.167198,0.853903,1.478586
H2_128C_quantized_resblocks_range_2_9,237-134500-0019.wav,generated_audios/generated_H2_128C_int8/237-134500-0019_generated.wav,2.86,0.699589,0.696163,0.244612,0.243414,1.11602,0.837047,1.492337
H2_128C_quantized_resblocks_range_2_9,237-134500-0020.wav,generated_audios/generated_H2_128C_int8/237-134500-0020_generated.wav,2.18,0.056562,0.053342,0.025946,0.024469,1.23458,0.902119,1.656464
H2_128C_quantized_resblocks_range_2_9,237-134500-0021.wav,generated_audios/generated_H2_128C_int8/237-134500-0021_generated.wav,5.12,1.251939,1.248296,0.244519,0.243808,1.132926,0.777011,1.424108
H2_128C_quantized_resblocks_range_2_9,237-134500-0022.wav,generated_audios/generated_H2_128C_int8/237-134500-0022_generated.wav,5.165034,1.287885,1.283877,0.249347,0.248571,1.129925,0.821281,1.450327
H2_128C_quantized_resblocks_range_2_9,237-134500-0023.wav,generated_audios/generated_H2_128C_int8/237-134500-0023_generated.wav,3.06,0.801289,0.797946,0.261859,0.260767,1.179521,0.853062,1.495764
H2_128C_quantized_resblocks_range_2_9,237-134500-0024.wav,generated_audios/generated_H2_128C_int8/237-134500-0024_generated.wav,4.410023,0.120675,0.117169,0.027364,0.026569,1.237983,0.827068,1.507174
H2_128C_quantized_resblocks_range_2_9,237-134500-0025.wav,generated_audios/generated_H2_128C_int8/237-134500-0025_generated.wav,1.630023,0.388171,0.384917,0.238138,0.236142,1.161184,0.806718,1.78415
H2_128C_quantized_resblocks_range_2_9,237-134500-0026.wav,generated_audios/generated_H2_128C_int8/237-134500-0026_generated.wav,3.050023,0.785346,0.782246,0.257488,0.256472,1.221716,0.839748,1.459037
H2_128C_quantized_resblocks_range_2_9,237-134500-0027.wav,generated_audios/generated_H2_128C_int8/237-134500-0027_generated.wav,3.270023,0.86326,0.859798,0.263992,0.262933,1.172429,0.818125,1.441929
H2_128C_quantized_resblocks_range_2_9,237-134500-0028.wav,generated_audios/generated_H2_128C_int8/237-134500-0028_generated.wav,4.524943,1.191684,1.188089,0.263359,0.262564,1.152818,0.834029,1.512224
H2_128C_quantized_resblocks_range_2_9,237-134500-0029.wav,generated_audios/generated_H2_128C_int8/237-134500-0029_generated.wav,2.065034,0.505012,0.502241,0.244554,0.243212,1.15619,0.870942,1.319418
H2_128C_quantized_resblocks_range_2_9,237-134500-0030.wav,generated_audios/generated_H2_128C_int8/237-134500-0030_generated.wav,2.78,0.725912,0.722793,0.261119,0.259997,1.187834,0.857219,1.474488
H2_128C_quantized_resblocks_range_2_9,237-134500-0031.wav,generated_audios/generated_H2_128C_int8/237-134500-0031_generated.wav,10.610023,2.729395,2.725413,0.257247,0.256872,1.236231,0.864721,1.399229
H2_128C_quantized_resblocks_range_2_9,237-134500-0032.wav,generated_audios/generated_H2_128C_int8/237-134500-0032_generated.wav,5.025034,0.140784,0.137148,0.028016,0.027293,1.157192,0.861924,1.483378
H2_128C_quantized_resblocks_range_2_9,237-134500-0033.wav,generated_audios/generated_H2_128C_int8/237-134500-0033_generated.wav,6.350023,1.566166,1.562343,0.246639,0.246037,1.171734,0.811861,1.483333
H2_128C_quantized_resblocks_range_2_9,237-134500-0034.wav,generated_audios/generated_H2_128C_int8/237-134500-0034_generated.wav,3.075011,0.755852,0.752496,0.245805,0.244713,1.10867,0.82457,1.662437
H2_128C_quantized_resblocks_range_2_9,237-134500-0035.wav,generated_audios/generated_H2_128C_int8/237-134500-0035_generated.wav,2.555011,0.653592,0.650818,0.255808,0.254722,1.128051,0.842655,1.570159
H2_128C_quantized_resblocks_range_2_9,237-134500-0036.wav,generated_audios/generated_H2_128C_int8/237-134500-0036_generated.wav,6.6,1.744351,1.740562,0.264296,0.263722,1.164826,0.83404,1.544674
H2_128C_quantized_resblocks_range_2_9,237-134500-0037.wav,generated_audios/generated_H2_128C_int8/237-134500-0037_generated.wav,7.105034,1.848409,1.844675,0.260155,0.259629,1.125013,0.811441,1.428586
H2_128C_quantized_resblocks_range_2_9,237-134500-0038.wav,generated_audios/generated_H2_128C_int8/237-134500-0038_generated.wav,2.435011,0.61149,0.608257,0.251124,0.249796,1.086874,0.804182,1.389259
H2_128C_quantized_resblocks_range_2_9,237-134500-0039.wav,generated_audios/generated_H2_128C_int8/237-134500-0039_generated.wav,4.630023,1.210724,1.206893,0.261494,0.260667,1.153166,0.814897,1.445126
H2_128C_quantized_resblocks_range_2_9,237-134500-0040.wav,generated_audios/generated_H2_128C_int8/237-134500-0040_generated.wav,4.030023,0.111089,0.1077,0.027565,0.026724,1.149249,0.839676,1.388804
H2_128C_quantized_resblocks_range_2_9,237-134500-0041.wav,generated_audios/generated_H2_128C_int8/237-134500-0041_generated.wav,8.92,0.271847,0.267838,0.030476,0.030027,1.166657,0.866228,1.517671
H2_128C_quantized_resblocks_range_2_9,237-134500-0042.wav,generated_audios/generated_H2_128C_int8/237-134500-0042_generated.wav,2.575011,0.647166,0.643764,0.251326,0.250004,1.164866,0.757597,1.581047
H2_128C_quantized_resblocks_range_2_9,260-123286-0000.wav,generated_audios/generated_H2_128C_int8/260-123286-0000_generated.wav,7.04,1.76699,1.763709,0.250993,0.250527,1.147156,0.831245,2.306843
H2_128C_quantized_resblocks_range_2_9,260-123286-0001.wav,generated_audios/generated_H2_128C_int8/260-123286-0001_generated.wav,3.070023,0.076295,0.072839,0.024852,0.023726,1.088758,0.802742,2.234465
H2_128C_quantized_resblocks_range_2_9,260-123286-0002.wav,generated_audios/generated_H2_128C_int8/260-123286-0002_generated.wav,9.985034,2.620811,2.616768,0.262474,0.262069,1.100347,0.829167,1.898492
H2_128C_quantized_resblocks_range_2_9,260-123286-0003.wav,generated_audios/generated_H2_128C_int8/260-123286-0003_generated.wav,7.370023,1.939889,1.935398,0.263213,0.262604,1.09262,0.777401,2.049941
H2_128C_quantized_resblocks_range_2_9,260-123286-0004.wav,generated_audios/generated_H2_128C_int8/260-123286-0004_generated.wav,3.465034,0.901049,0.897377,0.26004,0.258981,1.072095,0.805876,2.291145
H2_128C_quantized_resblocks_range_2_9,260-123286-0005.wav,generated_audios/generated_H2_128C_int8/260-123286-0005_generated.wav,4.810023,1.202877,1.199195,0.250077,0.249312,1.079506,0.783447,1.749654
H2_128C_quantized_resblocks_range_2_9,260-123286-0006.wav,generated_audios/generated_H2_128C_int8/260-123286-0006_generated.wav,7.405034,1.945748,1.941738,0.26276,0.262219,1.152187,0.845262,1.638018
H2_128C_quantized_resblocks_range_2_9,260-123286-0007.wav,generated_audios/generated_H2_128C_int8/260-123286-0007_generated.wav,4.550023,1.159401,1.155947,0.254812,0.254053,1.084347,0.808508,1.758069
H2_128C_quantized_resblocks_range_2_9,260-123286-0008.wav,generated_audios/generated_H2_128C_int8/260-123286-0008_generated.wav,3.735011,0.926974,0.923183,0.248185,0.24717,1.112159,0.832354,1.824433
H2_128C_quantized_resblocks_range_2_9,260-123286-0009.wav,generated_audios/generated_H2_128C_int8/260-123286-0009_generated.wav,5.795011,1.550752,1.546981,0.267601,0.26695,1.083349,0.82061,1.734326
H2_128C_quantized_resblocks_range_2_9,260-123286-0010.wav,generated_audios/generated_H2_128C_int8/260-123286-0010_generated.wav,2.575011,0.067764,0.064326,0.026316,0.024981,1.128968,0.827176,2.266676
H2_128C_quantized_resblocks_range_2_9,260-123286-0011.wav,generated_audios/generated_H2_128C_int8/260-123286-0011_generated.wav,4.255011,0.134282,0.130862,0.031558,0.030755,1.122754,0.802005,2.026078
H2_128C_quantized_resblocks_range_2_9,260-123286-0012.wav,generated_audios/generated_H2_128C_int8/260-123286-0012_generated.wav,2.430023,0.063769,0.060449,0.026242,0.024876,1.102805,0.830384,2.096135
H2_128C_quantized_resblocks_range_2_9,260-123286-0013.wav,generated_audios/generated_H2_128C_int8/260-123286-0013_generated.wav,4.730023,1.22324,1.219689,0.258612,0.257861,1.149231,0.815642,1.937054
H2_128C_quantized_resblocks_range_2_9,260-123286-0014.wav,generated_audios/generated_H2_128C_int8/260-123286-0014_generated.wav,2.98,0.093541,0.090101,0.03139,0.030235,1.089772,0.784469,2.242217
H2_128C_quantized_resblocks_range_2_9,260-123286-0015.wav,generated_audios/generated_H2_128C_int8/260-123286-0015_generated.wav,5.210023,1.38996,1.386408,0.266786,0.266104,1.123922,0.836267,2.135305
H2_128C_quantized_resblocks_range_2_9,260-123286-0016.wav,generated_audios/generated_H2_128C_int8/260-123286-0016_generated.wav,7.0,1.836702,1.832522,0.262386,0.261789,1.106604,0.822439,1.673387
H2_128C_quantized_resblocks_range_2_9,260-123286-0017.wav,generated_audios/generated_H2_128C_int8/260-123286-0017_generated.wav,3.975011,0.98848,0.984627,0.248673,0.247704,1.127677,0.833137,1.829804
H2_128C_quantized_resblocks_range_2_9,260-123286-0018.wav,generated_audios/generated_H2_128C_int8/260-123286-0018_generated.wav,5.670023,1.502252,1.499778,0.264946,0.26451,1.123331,0.811519,1.659344
H2_128C_quantized_resblocks_range_2_9,260-123286-0019.wav,generated_audios/generated_H2_128C_int8/260-123286-0019_generated.wav,11.905034,3.410911,3.406933,0.28651,0.286176,1.117275,0.819101,1.764312
H2_128C_quantized_resblocks_range_2_9,260-123286-0020.wav,generated_audios/generated_H2_128C_int8/260-123286-0020_generated.wav,3.06,0.089064,0.085478,0.029106,0.027934,1.098723,0.82282,2.907169
H2_128C_quantized_resblocks_range_2_9,260-123286-0021.wav,generated_audios/generated_H2_128C_int8/260-123286-0021_generated.wav,2.550023,0.648095,0.644778,0.254153,0.252852,1.134208,0.844082,2.212897
H2_128C_quantized_resblocks_range_2_9,260-123286-0022.wav,generated_audios/generated_H2_128C_int8/260-123286-0022_generated.wav,3.235011,0.841884,0.838291,0.260242,0.259131,1.074653,0.833037,2.028535
H2_128C_quantized_resblocks_range_2_9,260-123286-0023.wav,generated_audios/generated_H2_128C_int8/260-123286-0023_generated.wav,5.875011,1.563117,1.559315,0.266062,0.265415,1.113123,0.821644,1.509036
H2_128C_quantized_resblocks_range_2_9,260-123286-0024.wav,generated_audios/generated_H2_128C_int8/260-123286-0024_generated.wav,3.04,0.777075,0.773086,0.255617,0.254304,1.168057,0.854692,1.761668
H2_128C_quantized_resblocks_range_2_9,260-123286-0025.wav,generated_audios/generated_H2_128C_int8/260-123286-0025_generated.wav,9.205034,2.30703,2.302943,0.250627,0.250183,1.139074,0.821185,1.711517
H2_128C_quantized_resblocks_range_2_9,260-123286-0026.wav,generated_audios/generated_H2_128C_int8/260-123286-0026_generated.wav,6.94,1.749406,1.745387,0.252076,0.251497,1.087427,0.806812,1.595819
H2_128C_quantized_resblocks_range_2_9,260-123286-0027.wav,generated_audios/generated_H2_128C_int8/260-123286-0027_generated.wav,7.170023,1.936614,1.932712,0.270099,0.269555,1.126491,0.808457,1.404623
H2_128C_quantized_resblocks_range_2_9,260-123286-0028.wav,generated_audios/generated_H2_128C_int8/260-123286-0028_generated.wav,7.465034,1.884244,1.880261,0.252409,0.251876,1.100056,0.787016,1.670226
H2_128C_quantized_resblocks_range_2_9,260-123286-0029.wav,generated_audios/generated_H2_128C_int8/260-123286-0029_generated.wav,4.545034,0.108098,0.104395,0.023784,0.022969,1.102714,0.818505,1.754982
H2_128C_quantized_resblocks_range_2_9,260-123286-0030.wav,generated_audios/generated_H2_128C_int8/260-123286-0030_generated.wav,7.530023,0.205638,0.201728,0.027309,0.02679,1.084987,0.804838,1.812511
H2_128C_quantized_resblocks_range_2_9,260-123286-0031.wav,generated_audios/generated_H2_128C_int8/260-123286-0031_generated.wav,5.06,1.270283,1.266269,0.251044,0.250251,1.117203,0.815899,2.229648
H2_128C_quantized_resblocks_range_2_9,260-123288-0000.wav,generated_audios/generated_H2_128C_int8/260-123288-0000_generated.wav,3.04,0.073682,0.070324,0.024238,0.023133,1.142307,0.793788,2.221879
H2_128C_quantized_resblocks_range_2_9,260-123288-0001.wav,generated_audios/generated_H2_128C_int8/260-123288-0001_generated.wav,5.08,0.134408,0.130784,0.026458,0.025745,1.107537,0.811939,2.605249
H2_128C_quantized_resblocks_range_2_9,260-123288-0002.wav,generated_audios/generated_H2_128C_int8/260-123288-0002_generated.wav,7.250023,1.848753,1.84513,0.255,0.2545,1.092464,0.809136,1.696521
H2_128C_quantized_resblocks_range_2_9,260-123288-0003.wav,generated_audios/generated_H2_128C_int8/260-123288-0003_generated.wav,8.905034,2.380002,2.376075,0.267265,0.266824,1.086278,0.826381,1.721368
H2_128C_quantized_resblocks_range_2_9,260-123288-0004.wav,generated_audios/generated_H2_128C_int8/260-123288-0004_generated.wav,4.310023,1.129415,1.125778,0.262044,0.2612,1.079061,0.77455,2.844513
H2_128C_quantized_resblocks_range_2_9,260-123288-0005.wav,generated_audios/generated_H2_128C_int8/260-123288-0005_generated.wav,12.550023,3.492318,3.488968,0.278272,0.278005,1.08387,0.789879,1.797796
H2_128C_quantized_resblocks_range_2_9,260-123288-0006.wav,generated_audios/generated_H2_128C_int8/260-123288-0006_generated.wav,4.88,1.242411,1.239045,0.254592,0.253903,1.066144,0.797852,1.969909
H2_128C_quantized_resblocks_range_2_9,260-123288-0007.wav,generated_audios/generated_H2_128C_int8/260-123288-0007_generated.wav,11.2,3.062218,3.058097,0.273412,0.273044,1.095988,0.811836,1.690604
H2_128C_quantized_resblocks_range_2_9,260-123288-0008.wav,generated_audios/generated_H2_128C_int8/260-123288-0008_generated.wav,5.515011,1.473411,1.469725,0.267164,0.266495,1.158669,0.821772,1.611793
H2_128C_quantized_resblocks_range_2_9,260-123288-0009.wav,generated_audios/generated_H2_128C_int8/260-123288-0009_generated.wav,3.435011,0.923814,0.920653,0.268941,0.26802,1.15246,0.820697,1.891919
H2_128C_quantized_resblocks_range_2_9,260-123288-0010.wav,generated_audios/generated_H2_128C_int8/260-123288-0010_generated.wav,9.995011,0.272456,0.268447,0.027259,0.026858,1.092334,0.809192,1.710367
H2_128C_quantized_resblocks_range_2_9,260-123288-0011.wav,generated_audios/generated_H2_128C_int8/260-123288-0011_generated.wav,8.98,2.490255,2.486244,0.277311,0.276865,1.121718,0.808774,1.674253
H2_128C_quantized_resblocks_range_2_9,260-123288-0012.wav,generated_audios/generated_H2_128C_int8/260-123288-0012_generated.wav,3.545034,0.945389,0.943193,0.26668,0.26606,1.166825,0.80703,2.06398
H2_128C_quantized_resblocks_range_2_9,260-123288-0013.wav,generated_audios/generated_H2_128C_int8/260-123288-0013_generated.wav,11.385079,3.400543,3.396363,0.298684,0.298317,1.106892,0.820537,1.537812
H2_128C_quantized_resblocks_range_2_9,260-123288-0014.wav,generated_audios/generated_H2_128C_int8/260-123288-0014_generated.wav,1.805034,0.06048,0.057188,0.033506,0.031683,1.155071,0.829827,1.966661
H2_128C_quantized_resblocks_range_2_9,260-123288-0015.wav,generated_audios/generated_H2_128C_int8/260-123288-0015_generated.wav,21.185034,5.960871,5.955936,0.281372,0.281139,1.088704,0.809658,1.895817
H2_128C_quantized_resblocks_range_2_9,260-123288-0016.wav,generated_audios/generated_H2_128C_int8/260-123288-0016_generated.wav,4.865034,1.354207,1.350255,0.278355,0.277543,1.087821,0.793771,2.094189
H2_128C_quantized_resblocks_range_2_9,260-123288-0017.wav,generated_audios/generated_H2_128C_int8/260-123288-0017_generated.wav,5.225034,1.356855,1.3532,0.259684,0.258984,1.092611,0.833064,1.701979
H2_128C_quantized_resblocks_range_2_9,260-123288-0018.wav,generated_audios/generated_H2_128C_int8/260-123288-0018_generated.wav,3.245034,0.876721,0.873152,0.270173,0.269073,1.168134,0.806586,1.521253
H2_128C_quantized_resblocks_range_2_9,260-123288-0019.wav,generated_audios/generated_H2_128C_int8/260-123288-0019_generated.wav,2.955011,0.085319,0.08206,0.028873,0.02777,1.084314,0.807164,2.174619
H2_128C_quantized_resblocks_range_2_9,260-123288-0020.wav,generated_audios/generated_H2_128C_int8/260-123288-0020_generated.wav,2.9,0.79402,0.790616,0.2738,0.272626,1.129232,0.837333,1.882294
H2_128C_quantized_resblocks_range_2_9,260-123288-0021.wav,generated_audios/generated_H2_128C_int8/260-123288-0021_generated.wav,2.710023,0.07952,0.07672,0.029343,0.02831,1.152399,0.803238,1.906863
H2_128C_quantized_resblocks_range_2_9,260-123288-0022.wav,generated_audios/generated_H2_128C_int8/260-123288-0022_generated.wav,3.705034,1.008799,1.0053,0.272278,0.271333,1.077511,0.771381,1.987846
H2_128C_quantized_resblocks_range_2_9,260-123288-0023.wav,generated_audios/generated_H2_128C_int8/260-123288-0023_generated.wav,2.385034,0.071676,0.068406,0.030052,0.028681,1.098918,0.76808,2.456165
H2_128C_quantized_resblocks_range_2_9,260-123288-0024.wav,generated_audios/generated_H2_128C_int8/260-123288-0024_generated.wav,14.595011,4.13087,4.1266,0.283033,0.28274,1.105105,0.816088,1.587863
H2_128C_quantized_resblocks_range_2_9,260-123288-0025.wav,generated_audios/generated_H2_128C_int8/260-123288-0025_generated.wav,13.445034,3.873624,3.868852,0.288108,0.287753,1.137812,0.824856,1.7144
H2_128C_quantized_resblocks_range_2_9,260-123288-0026.wav,generated_audios/generated_H2_128C_int8/260-123288-0026_generated.wav,16.04,4.857484,4.852796,0.302836,0.302543,1.105048,0.816202,1.612499
H2_128C_quantized_resblocks_range_2_9,260-123288-0027.wav,generated_audios/generated_H2_128C_int8/260-123288-0027_generated.wav,6.305034,1.64841,1.644562,0.261443,0.260833,1.132838,0.828112,1.745791
H2_128C_quantized_resblocks_range_2_9,260-123288-0028.wav,generated_audios/generated_H2_128C_int8/260-123288-0028_generated.wav,2.610023,0.703593,0.7005,0.269573,0.268389,1.113065,0.835926,2.087142
H2_128C_quantized_resblocks_range_2_9,260-123440-0000.wav,generated_audios/generated_H2_128C_int8/260-123440-0000_generated.wav,2.165034,0.549909,0.546894,0.253995,0.252603,1.064488,0.790729,1.729376
H2_128C_quantized_resblocks_range_2_9,260-123440-0001.wav,generated_audios/generated_H2_128C_int8/260-123440-0001_generated.wav,1.74,0.438445,0.435256,0.25198,0.250147,1.116435,0.817093,2.687145
H2_128C_quantized_resblocks_range_2_9,260-123440-0002.wav,generated_audios/generated_H2_128C_int8/260-123440-0002_generated.wav,14.715011,4.443011,4.438086,0.301937,0.301603,1.116559,0.815849,1.685563
H2_128C_quantized_resblocks_range_2_9,260-123440-0003.wav,generated_audios/generated_H2_128C_int8/260-123440-0003_generated.wav,3.585034,0.996373,0.992816,0.277926,0.276934,1.134567,0.829605,1.600088
H2_128C_quantized_resblocks_range_2_9,260-123440-0004.wav,generated_audios/generated_H2_128C_int8/260-123440-0004_generated.wav,12.02,3.424841,3.421024,0.284929,0.284611,1.094334,0.806115,1.74118
H2_128C_quantized_resblocks_range_2_9,260-123440-0005.wav,generated_audios/generated_H2_128C_int8/260-123440-0005_generated.wav,3.105034,0.089578,0.086021,0.028849,0.027704,1.114727,0.809949,1.543287
H2_128C_quantized_resblocks_range_2_9,260-123440-0006.wav,generated_audios/generated_H2_128C_int8/260-123440-0006_generated.wav,2.715011,0.067827,0.064061,0.024982,0.023595,1.096422,0.778053,1.587771
H2_128C_quantized_resblocks_range_2_9,260-123440-0007.wav,generated_audios/generated_H2_128C_int8/260-123440-0007_generated.wav,3.385034,0.940468,0.937392,0.277831,0.276922,1.087732,0.804721,1.812507
H2_128C_quantized_resblocks_range_2_9,260-123440-0008.wav,generated_audios/generated_H2_128C_int8/260-123440-0008_generated.wav,3.745034,1.045724,1.042064,0.27923,0.278252,1.105129,0.802087,1.589554
H2_128C_quantized_resblocks_range_2_9,260-123440-0009.wav,generated_audios/generated_H2_128C_int8/260-123440-0009_generated.wav,3.115011,0.875324,0.871885,0.281002,0.279898,1.126247,0.865272,1.908495
H2_128C_quantized_resblocks_range_2_9,260-123440-0010.wav,generated_audios/generated_H2_128C_int8/260-123440-0010_generated.wav,8.315011,2.364153,2.360096,0.284324,0.283836,1.110502,0.787761,1.435253
H2_128C_quantized_resblocks_range_2_9,260-123440-0011.wav,generated_audios/generated_H2_128C_int8/260-123440-0011_generated.wav,4.870023,0.108589,0.104716,0.022298,0.021502,1.127123,0.8432,1.604499
H2_128C_quantized_resblocks_range_2_9,260-123440-0012.wav,generated_audios/generated_H2_128C_int8/260-123440-0012_generated.wav,5.245034,1.466133,1.462639,0.279528,0.278862,1.097003,0.816646,1.656222
H2_128C_quantized_resblocks_range_2_9,260-123440-0013.wav,generated_audios/generated_H2_128C_int8/260-123440-0013_generated.wav,3.475011,0.968731,0.965143,0.278771,0.277738,1.136527,0.832409,1.73596
H2_128C_quantized_resblocks_range_2_9,260-123440-0014.wav,generated_audios/generated_H2_128C_int8/260-123440-0014_generated.wav,3.815011,1.067395,1.063925,0.279788,0.278879,1.176432,0.848541,1.760042
H2_128C_quantized_resblocks_range_2_9,260-123440-0015.wav,generated_audios/generated_H2_128C_int8/260-123440-0015_generated.wav,6.2,0.187781,0.183815,0.030287,0.029648,1.136842,0.831266,1.390178
H2_128C_quantized_resblocks_range_2_9,260-123440-0016.wav,generated_audios/generated_H2_128C_int8/260-123440-0016_generated.wav,4.895011,1.398427,1.394909,0.285684,0.284965,1.138523,0.858558,1.41367
H2_128C_quantized_resblocks_range_2_9,260-123440-0017.wav,generated_audios/generated_H2_128C_int8/260-123440-0017_generated.wav,3.070023,0.09475,0.091341,0.030863,0.029752,1.083053,0.786754,1.614428
H2_128C_quantized_resblocks_range_2_9,260-123440-0018.wav,generated_audios/generated_H2_128C_int8/260-123440-0018_generated.wav,3.64,1.042135,1.038715,0.286301,0.285361,1.139487,0.847189,1.809435
H2_128C_quantized_resblocks_range_2_9,260-123440-0019.wav,generated_audios/generated_H2_128C_int8/260-123440-0019_generated.wav,6.630023,1.909985,1.906781,0.288081,0.287598,1.09735,0.806636,1.509778
H2_128C_quantized_resblocks_range_2_9,260-123440-0020.wav,generated_audios/generated_H2_128C_int8/260-123440-0020_generated.wav,4.995011,1.413602,1.410139,0.283003,0.282309,1.104177,0.819944,1.704891
H2_128C_quantized_resblocks_range_2_9,61-70968-0000.wav,generated_audios/generated_H2_128C_int8/61-70968-0000_generated.wav,4.905034,1.389145,1.385481,0.283208,0.282461,1.071824,0.817351,1.397944
H2_128C_quantized_resblocks_range_2_9,61-70968-0001.wav,generated_audios/generated_H2_128C_int8/61-70968-0001_generated.wav,3.610023,1.019814,1.016302,0.282495,0.281522,1.073642,0.772718,1.340227
H2_128C_quantized_resblocks_range_2_9,61-70968-0002.wav,generated_audios/generated_H2_128C_int8/61-70968-0002_generated.wav,2.970023,0.82913,0.825871,0.279166,0.278069,1.113768,0.781068,1.365035
H2_128C_quantized_resblocks_range_2_9,61-70968-0003.wav,generated_audios/generated_H2_128C_int8/61-70968-0003_generated.wav,4.315011,0.1205,0.116976,0.027926,0.027109,1.143175,0.802865,1.36621
H2_128C_quantized_resblocks_range_2_9,61-70968-0004.wav,generated_audios/generated_H2_128C_int8/61-70968-0004_generated.wav,3.885034,1.096135,1.092714,0.282143,0.281263,1.108956,0.829331,1.344977
H2_128C_quantized_resblocks_range_2_9,61-70968-0005.wav,generated_audios/generated_H2_128C_int8/61-70968-0005_generated.wav,5.070023,0.13754,0.133749,0.027128,0.02638,1.05935,0.745283,1.411981
H2_128C_quantized_resblocks_range_2_9,61-70968-0006.wav,generated_audios/generated_H2_128C_int8/61-70968-0006_generated.wav,2.935011,0.776169,0.772806,0.264452,0.263306,1.119143,0.825858,1.388565
H2_128C_quantized_resblocks_range_2_9,61-70968-0007.wav,generated_audios/generated_H2_128C_int8/61-70968-0007_generated.wav,3.550023,0.10219,0.098756,0.028786,0.027818,1.065235,0.674449,1.383577
H2_128C_quantized_resblocks_range_2_9,61-70968-0008.wav,generated_audios/generated_H2_128C_int8/61-70968-0008_generated.wav,3.535011,0.099991,0.096476,0.028286,0.027291,1.06006,0.775665,1.29912
H2_128C_quantized_resblocks_range_2_9,61-70968-0009.wav,generated_audios/generated_H2_128C_int8/61-70968-0009_generated.wav,4.510023,1.277593,1.274244,0.283279,0.282536,1.097049,0.751116,1.505396
H2_128C_quantized_resblocks_range_2_9,61-70968-0010.wav,generated_audios/generated_H2_128C_int8/61-70968-0010_generated.wav,8.295011,2.222816,2.218995,0.26797,0.26751,1.095316,0.795543,1.394077
H2_128C_quantized_resblocks_range_2_9,61-70968-0011.wav,generated_audios/generated_H2_128C_int8/61-70968-0011_generated.wav,6.375011,1.71071,1.706848,0.268346,0.26774,1.120733,0.804998,1.318303
H2_128C_quantized_resblocks_range_2_9,61-70968-0012.wav,generated_audios/generated_H2_128C_int8/61-70968-0012_generated.wav,2.610023,0.078255,0.074945,0.029983,0.028714,1.22546,0.903381,1.184208
H2_128C_quantized_resblocks_range_2_9,61-70968-0013.wav,generated_audios/generated_H2_128C_int8/61-70968-0013_generated.wav,4.450023,0.118921,0.116723,0.026724,0.02623,1.141325,0.809223,1.342899
H2_128C_quantized_resblocks_range_2_9,61-70968-0014.wav,generated_audios/generated_H2_128C_int8/61-70968-0014_generated.wav,7.485034,2.148114,2.14434,0.286988,0.286484,1.097666,0.812692,1.394357
H2_128C_quantized_resblocks_range_2_9,61-70968-0015.wav,generated_audios/generated_H2_128C_int8/61-70968-0015_generated.wav,5.375011,1.459554,1.456091,0.271544,0.2709,1.127273,0.824065,1.343226
H2_128C_quantized_resblocks_range_2_9,61-70968-0016.wav,generated_audios/generated_H2_128C_int8/61-70968-0016_generated.wav,3.72,1.071446,1.067967,0.288023,0.287088,1.166204,0.853583,1.22976
H2_128C_quantized_resblocks_range_2_9,61-70968-0017.wav,generated_audios/generated_H2_128C_int8/61-70968-0017_generated.wav,5.110023,1.48332,1.479366,0.290277,0.289503,1.116353,0.825501,1.312549
H2_128C_quantized_resblocks_range_2_9,61-70968-0018.wav,generated_audios/generated_H2_128C_int8/61-70968-0018_generated.wav,2.405034,0.67281,0.669386,0.279751,0.278327,1.128887,0.858333,1.365707
H2_128C_quantized_resblocks_range_2_9,61-70968-0019.wav,generated_audios/generated_H2_128C_int8/61-70968-0019_generated.wav,5.475011,1.509583,1.506106,0.275722,0.275087,1.095464,0.818577,1.354486
H2_128C_quantized_resblocks_range_2_9,61-70968-0020.wav,generated_audios/generated_H2_128C_int8/61-70968-0020_generated.wav,5.105034,1.499265,1.495681,0.293684,0.292982,1.165012,0.811499,1.1386
H2_128C_quantized_resblocks_range_2_9,61-70968-0021.wav,generated_audios/generated_H2_128C_int8/61-70968-0021_generated.wav,2.690023,0.717942,0.714656,0.266891,0.265669,1.152146,0.806367,1.293135
H2_128C_quantized_resblocks_range_2_9,61-70968-0022.wav,generated_audios/generated_H2_128C_int8/61-70968-0022_generated.wav,4.670023,0.146413,0.142487,0.031352,0.030511,1.066251,0.759015,1.414738
H2_128C_quantized_resblocks_range_2_9,61-70968-0023.wav,generated_audios/generated_H2_128C_int8/61-70968-0023_generated.wav,5.025034,0.143527,0.139444,0.028562,0.02775,1.203922,0.843108,1.224115
H2_128C_quantized_resblocks_range_2_9,61-70968-0024.wav,generated_audios/generated_H2_128C_int8/61-70968-0024_generated.wav,6.025034,1.743406,1.739604,0.28936,0.288729,1.167401,0.814211,1.196174
H2_128C_quantized_resblocks_range_2_9,61-70968-0025.wav,generated_audios/generated_H2_128C_int8/61-70968-0025_generated.wav,4.410023,0.121711,0.118047,0.027599,0.026768,1.162561,0.843095,1.224641
H2_128C_quantized_resblocks_range_2_9,61-70968-0026.wav,generated_audios/generated_H2_128C_int8/61-70968-0026_generated.wav,4.92,1.350609,1.346798,0.274514,0.273739,1.158597,0.851979,1.28641
H2_128C_quantized_resblocks_range_2_9,61-70968-0027.wav,generated_audios/generated_H2_128C_int8/61-70968-0027_generated.wav,6.870023,1.905133,1.901187,0.277311,0.276737,1.136635,0.82341,1.313737
H2_128C_quantized_resblocks_range_2_9,61-70968-0028.wav,generated_audios/generated_H2_128C_int8/61-70968-0028_generated.wav,5.355011,1.589173,1.585491,0.296764,0.296076,1.136172,0.846564,1.293227
H2_128C_quantized_resblocks_range_2_9,61-70968-0029.wav,generated_audios/generated_H2_128C_int8/61-70968-0029_generated.wav,3.495011,1.008736,1.005164,0.288622,0.2876,1.128452,0.807681,1.299508
H2_128C_quantized_resblocks_range_2_9,61-70968-0030.wav,generated_audios/generated_H2_128C_int8/61-70968-0030_generated.wav,5.685034,1.58099,1.577428,0.278097,0.27747,1.134394,0.828725,1.233695
H2_128C_quantized_resblocks_range_2_9,61-70968-0031.wav,generated_audios/generated_H2_128C_int8/61-70968-0031_generated.wav,2.925034,0.856945,0.853607,0.292969,0.291828,1.069588,0.774182,1.338436
H2_128C_quantized_resblocks_range_2_9,61-70968-0032.wav,generated_audios/generated_H2_128C_int8/61-70968-0032_generated.wav,4.28,0.119733,0.116129,0.027975,0.027133,1.171699,0.806481,1.331875
H2_128C_quantized_resblocks_range_2_9,61-70968-0033.wav,generated_audios/generated_H2_128C_int8/61-70968-0033_generated.wav,5.685034,0.127298,0.123474,0.022392,0.021719,1.14347,0.860329,1.327085
H2_128C_quantized_resblocks_range_2_9,61-70968-0034.wav,generated_audios/generated_H2_128C_int8/61-70968-0034_generated.wav,4.230023,1.246073,1.242724,0.294578,0.293787,1.151014,0.859501,1.184546
H2_128C_quantized_resblocks_range_2_9,61-70968-0035.wav,generated_audios/generated_H2_128C_int8/61-70968-0035_generated.wav,7.950023,2.23019,2.226226,0.280526,0.280028,1.111089,0.806565,1.284959
H2_128C_quantized_resblocks_range_2_9,61-70968-0036.wav,generated_audios/generated_H2_128C_int8/61-70968-0036_generated.wav,2.934966,0.086651,0.083256,0.029524,0.028367,1.16907,0.834675,1.273951
H2_128C_quantized_resblocks_range_2_9,61-70968-0037.wav,generated_audios/generated_H2_128C_int8/61-70968-0037_generated.wav,4.315011,0.117265,0.113588,0.027176,0.026324,1.084591,0.7335,1.441602
H2_128C_quantized_resblocks_range_2_9,61-70968-0038.wav,generated_audios/generated_H2_128C_int8/61-70968-0038_generated.wav,2.050023,0.573052,0.569828,0.279534,0.277962,1.178311,0.693582,1.594879
H2_128C_quantized_resblocks_range_2_9,61-70968-0039.wav,generated_audios/generated_H2_128C_int8/61-70968-0039_generated.wav,3.805034,1.059364,1.055908,0.278411,0.277503,1.123251,0.810244,1.401336
H2_128C_quantized_resblocks_range_2_9,61-70968-0040.wav,generated_audios/generated_H2_128C_int8/61-70968-0040_generated.wav,3.950023,1.164727,1.161062,0.294866,0.293938,1.131098,0.818298,1.361313
H2_128C_quantized_resblocks_range_2_9,61-70968-0041.wav,generated_audios/generated_H2_128C_int8/61-70968-0041_generated.wav,6.825034,0.182269,0.178483,0.026706,0.026151,1.123777,0.817449,1.340923
H2_128C_quantized_resblocks_range_2_9,61-70968-0042.wav,generated_audios/generated_H2_128C_int8/61-70968-0042_generated.wav,2.785034,0.082317,0.078883,0.029557,0.028324,1.10081,0.792912,1.357893
H2_128C_quantized_resblocks_range_2_9,61-70968-0043.wav,generated_audios/generated_H2_128C_int8/61-70968-0043_generated.wav,6.735011,1.992388,1.98848,0.295825,0.295245,1.082797,0.763578,1.330888
H2_128C_quantized_resblocks_range_2_9,61-70968-0044.wav,generated_audios/generated_H2_128C_int8/61-70968-0044_generated.wav,2.770023,0.09018,0.08668,0.032556,0.031292,1.076028,0.8032,1.37716
H2_128C_quantized_resblocks_range_2_9,61-70968-0045.wav,generated_audios/generated_H2_128C_int8/61-70968-0045_generated.wav,3.475011,0.097463,0.094078,0.028047,0.027073,1.096315,0.795937,1.358281
H2_128C_quantized_resblocks_range_2_9,61-70968-0046.wav,generated_audios/generated_H2_128C_int8/61-70968-0046_generated.wav,3.550023,0.099485,0.09593,0.028024,0.027022,1.11561,0.814884,1.381346
H2_128C_quantized_resblocks_range_2_9,61-70968-0047.wav,generated_audios/generated_H2_128C_int8/61-70968-0047_generated.wav,4.775011,1.332369,1.328742,0.279029,0.27827,1.110807,0.820063,1.302611
H2_128C_quantized_resblocks_range_2_9,61-70968-0048.wav,generated_audios/generated_H2_128C_int8/61-70968-0048_generated.wav,3.02,0.880696,0.877259,0.291621,0.290483,1.101056,0.757712,1.509596
H2_128C_quantized_resblocks_range_2_9,61-70968-0049.wav,generated_audios/generated_H2_128C_int8/61-70968-0049_generated.wav,8.250023,2.445668,2.442062,0.296444,0.296007,1.112285,0.785595,1.372945
H2_128C_quantized_resblocks_range_2_9,61-70968-0050.wav,generated_audios/generated_H2_128C_int8/61-70968-0050_generated.wav,5.58,1.570247,1.566558,0.281406,0.280745,1.108209,0.780312,1.414138
H2_128C_quantized_resblocks_range_2_9,61-70968-0051.wav,generated_audios/generated_H2_128C_int8/61-70968-0051_generated.wav,3.135011,0.867174,0.863864,0.276609,0.275554,1.108988,0.811093,1.396278
H2_128C_quantized_resblocks_range_2_9,61-70968-0052.wav,generated_audios/generated_H2_128C_int8/61-70968-0052_generated.wav,2.650023,0.748077,0.744704,0.282291,0.281018,1.1993,0.820885,1.198425
H2_128C_quantized_resblocks_range_2_9,61-70968-0053.wav,generated_audios/generated_H2_128C_int8/61-70968-0053_generated.wav,4.22,0.131348,0.129102,0.031125,0.030593,1.097385,0.779255,1.454474
H2_128C_quantized_resblocks_range_2_9,61-70968-0054.wav,generated_audios/generated_H2_128C_int8/61-70968-0054_generated.wav,7.86,2.333829,2.330007,0.296925,0.296439,1.107637,0.822059,1.308759
H2_128C_quantized_resblocks_range_2_9,61-70968-0055.wav,generated_audios/generated_H2_128C_int8/61-70968-0055_generated.wav,3.965034,0.117114,0.113501,0.029537,0.028625,1.152204,0.805348,1.341957
H2_128C_quantized_resblocks_range_2_9,61-70968-0056.wav,generated_audios/generated_H2_128C_int8/61-70968-0056_generated.wav,3.565034,1.04835,1.044694,0.294064,0.293039,1.143145,0.821681,1.316424
H2_128C_quantized_resblocks_range_2_9,61-70968-0057.wav,generated_audios/generated_H2_128C_int8/61-70968-0057_generated.wav,5.065034,0.137703,0.134008,0.027187,0.026457,1.071859,0.776229,1.34235
H2_128C_quantized_resblocks_range_2_9,61-70968-0058.wav,generated_audios/generated_H2_128C_int8/61-70968-0058_generated.wav,1.82,0.48166,0.478449,0.264648,0.262884,1.070853,0.763325,1.420008
H2_128C_quantized_resblocks_range_2_9,61-70968-0059.wav,generated_audios/generated_H2_128C_int8/61-70968-0059_generated.wav,2.170023,0.067715,0.064304,0.031205,0.029633,1.11543,0.842907,1.460071
H2_128C_quantized_resblocks_range_2_9,61-70968-0060.wav,generated_audios/generated_H2_128C_int8/61-70968-0060_generated.wav,3.735011,0.117711,0.114178,0.031515,0.03057,1.234626,0.838843,1.177473
H2_128C_quantized_resblocks_range_2_9,61-70968-0061.wav,generated_audios/generated_H2_128C_int8/61-70968-0061_generated.wav,5.530023,1.630055,1.626356,0.294765,0.294096,1.055956,0.766831,1.646009
H2_128C_quantized_resblocks_range_2_9,61-70968-0062.wav,generated_audios/generated_H2_128C_int8/61-70968-0062_generated.wav,2.555011,0.075414,0.072046,0.029516,0.028198,1.118602,0.806043,1.321318
H2_128C_quantized_resblocks_range_2_9,61-70970-0000.wav,generated_audios/generated_H2_128C_int8/61-70970-0000_generated.wav,6.075011,1.835407,1.831354,0.302124,0.301457,1.14388,0.844552,1.258564
H2_128C_quantized_resblocks_range_2_9,61-70970-0001.wav,generated_audios/generated_H2_128C_int8/61-70970-0001_generated.wav,6.155011,1.811157,1.807625,0.294257,0.293683,1.19607,0.853001,1.283151
H2_128C_quantized_resblocks_range_2_9,61-70970-0002.wav,generated_audios/generated_H2_128C_int8/61-70970-0002_generated.wav,4.165034,1.207862,1.204069,0.290001,0.28909,1.155926,0.782343,1.435928
H2_128C_quantized_resblocks_range_2_9,61-70970-0003.wav,generated_audios/generated_H2_128C_int8/61-70970-0003_generated.wav,3.835011,1.074778,1.071187,0.280254,0.279318,1.178947,0.802862,1.228278
H2_128C_quantized_resblocks_range_2_9,61-70970-0004.wav,generated_audios/generated_H2_128C_int8/61-70970-0004_generated.wav,10.515011,3.083136,3.078892,0.293213,0.292809,1.171372,0.830731,1.202957
H2_128C_quantized_resblocks_range_2_9,61-70970-0005.wav,generated_audios/generated_H2_128C_int8/61-70970-0005_generated.wav,2.02,0.566484,0.563584,0.280437,0.279002,1.185925,0.810252,1.466516
H2_128C_quantized_resblocks_range_2_9,61-70970-0006.wav,generated_audios/generated_H2_128C_int8/61-70970-0006_generated.wav,2.335011,0.679577,0.676169,0.291038,0.289579,1.1759,0.821899,1.385154
H2_128C_quantized_resblocks_range_2_9,61-70970-0007.wav,generated_audios/generated_H2_128C_int8/61-70970-0007_generated.wav,4.485034,1.370795,1.36743,0.305638,0.304887,1.15959,0.800801,1.400669
H2_128C_quantized_resblocks_range_2_9,61-70970-0008.wav,generated_audios/generated_H2_128C_int8/61-70970-0008_generated.wav,2.150023,0.660821,0.657518,0.307355,0.305819,1.223338,0.829948,1.353217
H2_128C_quantized_resblocks_range_2_9,61-70970-0009.wav,generated_audios/generated_H2_128C_int8/61-70970-0009_generated.wav,3.405034,1.071261,1.067703,0.314611,0.313566,1.200972,0.854098,1.122908
H2_128C_quantized_resblocks_range_2_9,61-70970-0010.wav,generated_audios/generated_H2_128C_int8/61-70970-0010_generated.wav,3.045034,0.08838,0.08496,0.029024,0.027901,1.158399,0.828017,1.268018
H2_128C_quantized_resblocks_range_2_9,61-70970-0011.wav,generated_audios/generated_H2_128C_int8/61-70970-0011_generated.wav,6.075011,0.135538,0.13163,0.022311,0.021667,1.125553,0.77838,1.268112
H2_128C_quantized_resblocks_range_2_9,61-70970-0012.wav,generated_audios/generated_H2_128C_int8/61-70970-0012_generated.wav,3.135011,0.074162,0.07068,0.023656,0.022545,1.133298,0.846351,1.246531
H2_128C_quantized_resblocks_range_2_9,61-70970-0013.wav,generated_audios/generated_H2_128C_int8/61-70970-0013_generated.wav,4.350023,1.317902,1.314339,0.302964,0.302145,1.12591,0.829117,1.383099
H2_128C_quantized_resblocks_range_2_9,61-70970-0014.wav,generated_audios/generated_H2_128C_int8/61-70970-0014_generated.wav,3.405034,0.081792,0.078251,0.024021,0.022981,1.192622,0.852202,1.262683
H2_128C_quantized_resblocks_range_2_9,61-70970-0015.wav,generated_audios/generated_H2_128C_int8/61-70970-0015_generated.wav,8.415011,2.547588,2.543688,0.302743,0.30228,1.118138,0.827238,1.362061
H2_128C_quantized_resblocks_range_2_9,61-70970-0016.wav,generated_audios/generated_H2_128C_int8/61-70970-0016_generated.wav,4.370023,1.331182,1.327398,0.304617,0.303751,1.132525,0.839997,1.346036
H2_128C_quantized_resblocks_range_2_9,61-70970-0017.wav,generated_audios/generated_H2_128C_int8/61-70970-0017_generated.wav,2.550023,0.085185,0.081811,0.033406,0.032082,1.093498,0.776067,1.46212
H2_128C_quantized_resblocks_range_2_9,61-70970-0018.wav,generated_audios/generated_H2_128C_int8/61-70970-0018_generated.wav,4.6,1.309536,1.305876,0.284682,0.283886,1.196822,0.800204,1.381035
H2_128C_quantized_resblocks_range_2_9,61-70970-0019.wav,generated_audios/generated_H2_128C_int8/61-70970-0019_generated.wav,3.78,1.121623,1.119527,0.296726,0.296171,1.135858,0.807535,1.39923
H2_128C_quantized_resblocks_range_2_9,61-70970-0020.wav,generated_audios/generated_H2_128C_int8/61-70970-0020_generated.wav,5.025034,0.138846,0.135748,0.027631,0.027014,1.111105,0.77597,1.525251
H2_128C_quantized_resblocks_range_2_9,61-70970-0021.wav,generated_audios/generated_H2_128C_int8/61-70970-0021_generated.wav,5.405034,1.528494,1.524387,0.282791,0.282031,1.138442,0.803365,1.300938
H2_128C_quantized_resblocks_range_2_9,61-70970-0022.wav,generated_audios/generated_H2_128C_int8/61-70970-0022_generated.wav,3.970023,0.113918,0.110281,0.028695,0.027778,1.206511,0.814175,1.310404
H2_128C_quantized_resblocks_range_2_9,61-70970-0023.wav,generated_audios/generated_H2_128C_int8/61-70970-0023_generated.wav,3.705034,0.104208,0.100836,0.028126,0.027216,1.162496,0.816024,1.207273
H2_128C_quantized_resblocks_range_2_9,61-70970-0024.wav,generated_audios/generated_H2_128C_int8/61-70970-0024_generated.wav,7.235011,2.145835,2.142505,0.29659,0.29613,1.170692,0.830977,1.299137
H2_128C_quantized_resblocks_range_2_9,61-70970-0025.wav,generated_audios/generated_H2_128C_int8/61-70970-0025_generated.wav,7.435011,2.226378,2.222468,0.299445,0.298919,1.204586,0.856436,1.255061
H2_128C_quantized_resblocks_range_2_9,61-70970-0026.wav,generated_audios/generated_H2_128C_int8/61-70970-0026_generated.wav,5.475011,0.163417,0.159653,0.029848,0.02916,1.198816,0.833097,1.182406
H2_128C_quantized_resblocks_range_2_9,61-70970-0027.wav,generated_audios/generated_H2_128C_int8/61-70970-0027_generated.wav,5.08,0.137662,0.133972,0.027099,0.026372,1.141225,0.808798,1.278424
H2_128C_quantized_resblocks_range_2_9,61-70970-0028.wav,generated_audios/generated_H2_128C_int8/61-70970-0028_generated.wav,6.550023,0.180586,0.176934,0.02757,0.027013,1.194673,0.838972,1.159841
H2_128C_quantized_resblocks_range_2_9,61-70970-0029.wav,generated_audios/generated_H2_128C_int8/61-70970-0029_generated.wav,4.030023,0.11243,0.108853,0.027898,0.027011,1.22914,0.820751,1.278028
H2_128C_quantized_resblocks_range_2_9,61-70970-0030.wav,generated_audios/generated_H2_128C_int8/61-70970-0030_generated.wav,3.24,0.095361,0.09197,0.029433,0.028386,1.158012,0.784531,1.160096
H2_128C_quantized_resblocks_range_2_9,61-70970-0031.wav,generated_audios/generated_H2_128C_int8/61-70970-0031_generated.wav,5.135011,1.522401,1.519008,0.296475,0.295814,1.109563,0.800761,1.352044
H2_128C_quantized_resblocks_range_2_9,61-70970-0032.wav,generated_audios/generated_H2_128C_int8/61-70970-0032_generated.wav,3.135011,0.076277,0.072779,0.024331,0.023215,1.087929,0.792415,1.364494
H2_128C_quantized_resblocks_range_2_9,61-70970-0033.wav,generated_audios/generated_H2_128C_int8/61-70970-0033_generated.wav,3.42,0.958431,0.95512,0.280243,0.279275,1.127531,0.860796,1.288463
H2_128C_quantized_resblocks_range_2_9,61-70970-0034.wav,generated_audios/generated_H2_128C_int8/61-70970-0034_generated.wav,4.485034,0.102364,0.099286,0.022823,0.022137,1.150669,0.777974,1.303425
H2_128C_quantized_resblocks_range_2_9,61-70970-0035.wav,generated_audios/generated_H2_128C_int8/61-70970-0035_generated.wav,7.405034,0.194175,0.190258,0.026222,0.025693,1.188128,0.825643,1.195052
H2_128C_quantized_resblocks_range_2_9,61-70970-0036.wav,generated_audios/generated_H2_128C_int8/61-70970-0036_generated.wav,6.785034,0.179627,0.175843,0.026474,0.025916,1.147535,0.807235,1.274855
H2_128C_quantized_resblocks_range_2_9,61-70970-0037.wav,generated_audios/generated_H2_128C_int8/61-70970-0037_generated.wav,5.98,1.764341,1.760227,0.29504,0.294352,1.169822,0.831518,1.284998
H2_128C_quantized_resblocks_range_2_9,61-70970-0038.wav,generated_audios/generated_H2_128C_int8/61-70970-0038_generated.wav,10.4,3.069429,3.064788,0.295137,0.294691,1.133106,0.810233,1.308064
H2_128C_quantized_resblocks_range_2_9,61-70970-0039.wav,generated_audios/generated_H2_128C_int8/61-70970-0039_generated.wav,6.665034,0.178046,0.174417,0.026713,0.026169,1.105912,0.76597,1.247042
H2_128C_quantized_resblocks_range_2_9,61-70970-0040.wav,generated_audios/generated_H2_128C_int8/61-70970-0040_generated.wav,4.165034,0.114254,0.110741,0.027432,0.026588,1.195075,0.823151,1.313683
H2_128C_quantized_resblocks_range_2_9,672-122797-0000.wav,generated_audios/generated_H2_128C_int8/672-122797-0000_generated.wav,4.070023,1.201362,1.198257,0.295173,0.29441,1.142191,0.857946,1.281226
H2_128C_quantized_resblocks_range_2_9,672-122797-0001.wav,generated_audios/generated_H2_128C_int8/672-122797-0001_generated.wav,15.130023,4.627275,4.622748,0.305834,0.305535,1.237607,0.853299,1.191032
H2_128C_quantized_resblocks_range_2_9,672-122797-0002.wav,generated_audios/generated_H2_128C_int8/672-122797-0002_generated.wav,13.62,3.831437,3.826833,0.28131,0.280972,1.155261,0.823496,1.338994
H2_128C_quantized_resblocks_range_2_9,672-122797-0003.wav,generated_audios/generated_H2_128C_int8/672-122797-0003_generated.wav,4.76,1.420981,1.416434,0.298525,0.29757,1.085319,0.759064,1.455275
H2_128C_quantized_resblocks_range_2_9,672-122797-0004.wav,generated_audios/generated_H2_128C_int8/672-122797-0004_generated.wav,10.250023,2.962992,2.959047,0.289072,0.288687,1.122855,0.759489,1.468625
H2_128C_quantized_resblocks_range_2_9,672-122797-0005.wav,generated_audios/generated_H2_128C_int8/672-122797-0005_generated.wav,3.26,0.953591,0.950006,0.292513,0.291413,1.060719,0.661396,1.575016
H2_128C_quantized_resblocks_range_2_9,672-122797-0006.wav,generated_audios/generated_H2_128C_int8/672-122797-0006_generated.wav,13.950023,4.383787,4.379575,0.314249,0.313948,1.057477,0.639486,1.610348
H2_128C_quantized_resblocks_range_2_9,672-122797-0007.wav,generated_audios/generated_H2_128C_int8/672-122797-0007_generated.wav,6.42,1.897661,1.894159,0.295586,0.29504,1.084191,0.672298,1.521376
H2_128C_quantized_resblocks_range_2_9,672-122797-0008.wav,generated_audios/generated_H2_128C_int8/672-122797-0008_generated.wav,30.810023,9.463213,9.45699,0.307147,0.306945,1.07094,0.690743,1.52804
H2_128C_quantized_resblocks_range_2_9,672-122797-0009.wav,generated_audios/generated_H2_128C_int8/672-122797-0009_generated.wav,2.765034,0.083268,0.0801,0.030115,0.028969,1.122388,0.71454,1.468285
H2_128C_quantized_resblocks_range_2_9,672-122797-0010.wav,generated_audios/generated_H2_128C_int8/672-122797-0010_generated.wav,3.815011,0.108504,0.105199,0.028441,0.027575,1.051961,0.707728,1.558563
H2_128C_quantized_resblocks_range_2_9,672-122797-0011.wav,generated_audios/generated_H2_128C_int8/672-122797-0011_generated.wav,2.54,0.769882,0.766567,0.303103,0.301798,1.062984,0.742375,1.360402
H2_128C_quantized_resblocks_range_2_9,672-122797-0012.wav,generated_audios/generated_H2_128C_int8/672-122797-0012_generated.wav,7.765034,2.389188,2.386013,0.307686,0.307277,1.061866,0.707868,1.397259
H2_128C_quantized_resblocks_range_2_9,672-122797-0013.wav,generated_audios/generated_H2_128C_int8/672-122797-0013_generated.wav,8.705034,2.669338,2.665054,0.306643,0.306151,1.089216,0.675776,1.429905
H2_128C_quantized_resblocks_range_2_9,672-122797-0014.wav,generated_audios/generated_H2_128C_int8/672-122797-0014_generated.wav,2.555011,0.076845,0.073567,0.030076,0.028793,1.084232,0.765473,1.438828
H2_128C_quantized_resblocks_range_2_9,672-122797-0015.wav,generated_audios/generated_H2_128C_int8/672-122797-0015_generated.wav,4.455011,0.120185,0.116632,0.026978,0.02618,1.068921,0.701751,1.446896
H2_128C_quantized_resblocks_range_2_9,672-122797-0016.wav,generated_audios/generated_H2_128C_int8/672-122797-0016_generated.wav,9.215011,2.739364,2.735221,0.297272,0.296822,1.073625,0.711879,1.442337
H2_128C_quantized_resblocks_range_2_9,672-122797-0017.wav,generated_audios/generated_H2_128C_int8/672-122797-0017_generated.wav,4.82,1.420181,1.416498,0.294643,0.293879,1.130551,0.782387,1.284243
H2_128C_quantized_resblocks_range_2_9,672-122797-0018.wav,generated_audios/generated_H2_128C_int8/672-122797-0018_generated.wav,4.930023,1.484062,1.480339,0.301025,0.30027,1.056871,0.698336,1.507969
H2_128C_quantized_resblocks_range_2_9,672-122797-0019.wav,generated_audios/generated_H2_128C_int8/672-122797-0019_generated.wav,4.110023,1.176619,1.172932,0.28628,0.285383,1.046927,0.68702,1.6506
H2_128C_quantized_resblocks_range_2_9,672-122797-0020.wav,generated_audios/generated_H2_128C_int8/672-122797-0020_generated.wav,8.825034,2.662701,2.658662,0.301721,0.301264,1.051725,0.667026,1.595601
H2_128C_quantized_resblocks_range_2_9,672-122797-0021.wav,generated_audios/generated_H2_128C_int8/672-122797-0021_generated.wav,4.150023,0.118086,0.114431,0.028454,0.027574,1.071577,0.793936,1.503096
H2_128C_quantized_resblocks_range_2_9,672-122797-0022.wav,generated_audios/generated_H2_128C_int8/672-122797-0022_generated.wav,19.004943,5.753757,5.748532,0.302751,0.302476,1.082007,0.678113,1.49637
H2_128C_quantized_resblocks_range_2_9,672-122797-0023.wav,generated_audios/generated_H2_128C_int8/672-122797-0023_generated.wav,9.695102,2.874333,2.86988,0.296473,0.296013,1.060972,0.712875,1.513751
H2_128C_quantized_resblocks_range_2_9,672-122797-0024.wav,generated_audios/generated_H2_128C_int8/672-122797-0024_generated.wav,4.130023,1.199131,1.195317,0.290345,0.289422,1.065444,0.631468,1.660209
H2_128C_quantized_resblocks_range_2_9,672-122797-0025.wav,generated_audios/generated_H2_128C_int8/672-122797-0025_generated.wav,10.690023,3.226784,3.222365,0.30185,0.301437,1.078563,0.760163,1.430851
H2_128C_quantized_resblocks_range_2_9,672-122797-0026.wav,generated_audios/generated_H2_128C_int8/672-122797-0026_generated.wav,13.96,4.223961,4.219535,0.302576,0.302259,1.045707,0.665135,1.550436
H2_128C_quantized_resblocks_range_2_9,672-122797-0027.wav,generated_audios/generated_H2_128C_int8/672-122797-0027_generated.wav,4.790023,0.129978,0.126408,0.027135,0.02639,1.071278,0.640874,1.593822
H2_128C_quantized_resblocks_range_2_9,672-122797-0028.wav,generated_audios/generated_H2_128C_int8/672-122797-0028_generated.wav,2.610023,0.083021,0.079727,0.031809,0.030546,1.096224,0.774693,1.47562
H2_128C_quantized_resblocks_range_2_9,672-122797-0029.wav,generated_audios/generated_H2_128C_int8/672-122797-0029_generated.wav,3.050023,0.086288,0.08299,0.028291,0.02721,1.190654,0.814482,1.37745
H2_128C_quantized_resblocks_range_2_9,672-122797-0030.wav,generated_audios/generated_H2_128C_int8/672-122797-0030_generated.wav,4.575011,1.349668,1.345876,0.295009,0.29418,1.084592,0.778453,1.431614
H2_128C_quantized_resblocks_range_2_9,672-122797-0031.wav,generated_audios/generated_H2_128C_int8/672-122797-0031_generated.wav,3.98,0.114038,0.110199,0.028653,0.027688,1.201303,0.741845,1.46386
H2_128C_quantized_resblocks_range_2_9,672-122797-0032.wav,generated_audios/generated_H2_128C_int8/672-122797-0032_generated.wav,4.0,0.110347,0.106809,0.027587,0.026702,1.079454,0.657247,1.526889
H2_128C_quantized_resblocks_range_2_9,672-122797-0033.wav,generated_audios/generated_H2_128C_int8/672-122797-0033_generated.wav,1.285034,0.339069,0.336309,0.26386,0.261712,1.092239,0.71282,1.399559
H2_128C_quantized_resblocks_range_2_9,672-122797-0034.wav,generated_audios/generated_H2_128C_int8/672-122797-0034_generated.wav,5.110023,0.13711,0.133368,0.026832,0.026099,1.06838,0.791186,1.490068
H2_128C_quantized_resblocks_range_2_9,672-122797-0035.wav,generated_audios/generated_H2_128C_int8/672-122797-0035_generated.wav,2.9,0.085305,0.081826,0.029416,0.028216,1.336738,0.866662,1.254288
H2_128C_quantized_resblocks_range_2_9,672-122797-0036.wav,generated_audios/generated_H2_128C_int8/672-122797-0036_generated.wav,5.365034,0.147639,0.143975,0.027519,0.026836,1.099993,0.722906,1.221322
H2_128C_quantized_resblocks_range_2_9,672-122797-0037.wav,generated_audios/generated_H2_128C_int8/672-122797-0037_generated.wav,1.96,0.547552,0.5444,0.279363,0.277755,1.089743,0.729061,1.322648
H2_128C_quantized_resblocks_range_2_9,672-122797-0038.wav,generated_audios/generated_H2_128C_int8/672-122797-0038_generated.wav,8.8,2.686685,2.683097,0.305305,0.304897,1.084246,0.716945,1.484033
H2_128C_quantized_resblocks_range_2_9,672-122797-0039.wav,generated_audios/generated_H2_128C_int8/672-122797-0039_generated.wav,4.025034,1.200813,1.197208,0.298336,0.29744,1.167792,0.758975,1.462962
H2_128C_quantized_resblocks_range_2_9,672-122797-0040.wav,generated_audios/generated_H2_128C_int8/672-122797-0040_generated.wav,5.125034,0.139642,0.136054,0.027247,0.026547,1.109577,0.713529,1.506688
H2_128C_quantized_resblocks_range_2_9,672-122797-0041.wav,generated_audios/generated_H2_128C_int8/672-122797-0041_generated.wav,3.88,0.107546,0.103797,0.027718,0.026752,1.067093,0.706359,1.582281
H2_128C_quantized_resblocks_range_2_9,672-122797-0042.wav,generated_audios/generated_H2_128C_int8/672-122797-0042_generated.wav,15.310023,4.697376,4.692533,0.306817,0.306501,1.12314,0.580397,1.538854
H2_128C_quantized_resblocks_range_2_9,672-122797-0043.wav,generated_audios/generated_H2_128C_int8/672-122797-0043_generated.wav,3.78,0.104988,0.101392,0.027775,0.026823,1.063801,0.646227,1.491145
H2_128C_quantized_resblocks_range_2_9,672-122797-0044.wav,generated_audios/generated_H2_128C_int8/672-122797-0044_generated.wav,3.74,0.109824,0.106167,0.029365,0.028387,1.082178,0.653131,1.546576
H2_128C_quantized_resblocks_range_2_9,672-122797-0045.wav,generated_audios/generated_H2_128C_int8/672-122797-0045_generated.wav,13.96,0.318342,0.313428,0.022804,0.022452,1.090828,0.779971,1.420176
H2_128C_quantized_resblocks_range_2_9,672-122797-0046.wav,generated_audios/generated_H2_128C_int8/672-122797-0046_generated.wav,4.715011,1.412816,1.408767,0.299642,0.298783,1.083434,0.73502,1.489456
H2_128C_quantized_resblocks_range_2_9,672-122797-0047.wav,generated_audios/generated_H2_128C_int8/672-122797-0047_generated.wav,3.325034,0.975117,0.971516,0.293265,0.292182,1.291664,0.740705,1.210933
H2_128C_quantized_resblocks_range_2_9,672-122797-0048.wav,generated_audios/generated_H2_128C_int8/672-122797-0048_generated.wav,6.555011,0.186158,0.18276,0.028399,0.027881,1.059744,0.623454,1.508357
H2_128C_quantized_resblocks_range_2_9,672-122797-0049.wav,generated_audios/generated_H2_128C_int8/672-122797-0049_generated.wav,2.02,0.065287,0.061933,0.03232,0.03066,1.24413,0.669177,1.41955
H2_128C_quantized_resblocks_range_2_9,672-122797-0050.wav,generated_audios/generated_H2_128C_int8/672-122797-0050_generated.wav,4.855011,1.444312,1.440736,0.297489,0.296752,1.068243,0.735145,1.379909
H2_128C_quantized_resblocks_range_2_9,672-122797-0051.wav,generated_audios/generated_H2_128C_int8/672-122797-0051_generated.wav,4.665034,1.418647,1.414829,0.304102,0.303284,1.083898,0.682288,1.421749
H2_128C_quantized_resblocks_range_2_9,672-122797-0052.wav,generated_audios/generated_H2_128C_int8/672-122797-0052_generated.wav,4.285034,1.225575,1.22201,0.286013,0.285181,1.074416,0.755389,1.355627
H2_128C_quantized_resblocks_range_2_9,672-122797-0053.wav,generated_audios/generated_H2_128C_int8/672-122797-0053_generated.wav,2.955011,0.085207,0.08187,0.028835,0.027705,1.051771,0.66652,1.488386
H2_128C_quantized_resblocks_range_2_9,672-122797-0054.wav,generated_audios/generated_H2_128C_int8/672-122797-0054_generated.wav,4.250023,0.131742,0.127952,0.030998,0.030106,1.140321,0.692764,1.32976
H2_128C_quantized_resblocks_range_2_9,672-122797-0055.wav,generated_audios/generated_H2_128C_int8/672-122797-0055_generated.wav,8.230023,2.337029,2.332814,0.283964,0.283452,1.082526,0.708218,1.427596
H2_128C_quantized_resblocks_range_2_9,672-122797-0056.wav,generated_audios/generated_H2_128C_int8/672-122797-0056_generated.wav,5.225034,0.141975,0.138315,0.027172,0.026472,1.065998,0.727332,1.42964
H2_128C_quantized_resblocks_range_2_9,672-122797-0057.wav,generated_audios/generated_H2_128C_int8/672-122797-0057_generated.wav,6.56,0.174235,0.170549,0.02656,0.025998,1.093465,0.672317,1.428021
H2_128C_quantized_resblocks_range_2_9,672-122797-0058.wav,generated_audios/generated_H2_128C_int8/672-122797-0058_generated.wav,4.470023,1.33652,1.333069,0.298996,0.298224,1.048206,0.640711,1.593536
H2_128C_quantized_resblocks_range_2_9,672-122797-0059.wav,generated_audios/generated_H2_128C_int8/672-122797-0059_generated.wav,3.52,1.020728,1.01746,0.28998,0.289051,1.097597,0.736486,1.517817
H2_128C_quantized_resblocks_range_2_9,672-122797-0060.wav,generated_audios/generated_H2_128C_int8/672-122797-0060_generated.wav,3.350023,0.101257,0.097876,0.030226,0.029216,1.115363,0.8527,1.400766
H2_128C_quantized_resblocks_range_2_9,672-122797-0061.wav,generated_audios/generated_H2_128C_int8/672-122797-0061_generated.wav,7.590023,2.3364,2.332831,0.307825,0.307355,1.102153,0.789501,1.361117
H2_128C_quantized_resblocks_range_2_9,672-122797-0062.wav,generated_audios/generated_H2_128C_int8/672-122797-0062_generated.wav,2.675011,0.814539,0.811097,0.304499,0.303213,1.119971,0.60092,1.598844
H2_128C_quantized_resblocks_range_2_9,672-122797-0063.wav,generated_audios/generated_H2_128C_int8/672-122797-0063_generated.wav,5.075011,0.137856,0.134018,0.027164,0.026407,1.110083,0.78192,1.511957
H2_128C_quantized_resblocks_range_2_9,672-122797-0064.wav,generated_audios/generated_H2_128C_int8/672-122797-0064_generated.wav,15.270023,4.602421,4.598009,0.301402,0.301113,1.104731,0.722353,1.369626
H2_128C_quantized_resblocks_range_2_9,672-122797-0065.wav,generated_audios/generated_H2_128C_int8/672-122797-0065_generated.wav,3.030023,0.088955,0.085524,0.029358,0.028225,1.051564,0.683444,1.558152
H2_128C_quantized_resblocks_range_2_9,672-122797-0066.wav,generated_audios/generated_H2_128C_int8/672-122797-0066_generated.wav,4.815011,0.132053,0.128302,0.027425,0.026646,1.087915,0.820795,1.34884
H2_128C_quantized_resblocks_range_2_9,672-122797-0067.wav,generated_audios/generated_H2_128C_int8/672-122797-0067_generated.wav,13.035011,3.754854,3.750667,0.288059,0.287738,1.08461,0.770993,1.387601
H2_128C_quantized_resblocks_range_2_9,672-122797-0068.wav,generated_audios/generated_H2_128C_int8/672-122797-0068_generated.wav,4.02,0.113985,0.1105,0.028354,0.027488,1.081385,0.706236,1.52447
H2_128C_quantized_resblocks_range_2_9,672-122797-0069.wav,generated_audios/generated_H2_128C_int8/672-122797-0069_generated.wav,5.010023,1.525395,1.521686,0.304469,0.303728,1.082907,0.66697,1.477687
H2_128C_quantized_resblocks_range_2_9,672-122797-0070.wav,generated_audios/generated_H2_128C_int8/672-122797-0070_generated.wav,6.270023,1.768642,1.764708,0.282079,0.281452,1.078092,0.776479,1.417606
H2_128C_quantized_resblocks_range_2_9,672-122797-0071.wav,generated_audios/generated_H2_128C_int8/672-122797-0071_generated.wav,8.875011,2.670079,2.666003,0.300854,0.300394,1.083984,0.829393,1.351705
H2_128C_quantized_resblocks_range_2_9,672-122797-0072.wav,generated_audios/generated_H2_128C_int8/672-122797-0072_generated.wav,7.94,2.431818,2.4277,0.306274,0.305756,1.079201,0.701762,1.503761
H2_128C_quantized_resblocks_range_2_9,672-122797-0073.wav,generated_audios/generated_H2_128C_int8/672-122797-0073_generated.wav,8.205034,2.480852,2.477129,0.302357,0.301904,1.079782,0.796636,1.406292
H2_128C_quantized_resblocks_range_2_9,672-122797-0074.wav,generated_audios/generated_H2_128C_int8/672-122797-0074_generated.wav,8.730023,2.661123,2.65689,0.304824,0.304339,1.127463,0.573617,1.559517
H2_128C_quantized_resblocks_range_2_9,908-157963-0000.wav,generated_audios/generated_H2_128C_int8/908-157963-0000_generated.wav,12.62,3.608089,3.603759,0.285902,0.285559,1.13586,0.806438,1.441961
H2_128C_quantized_resblocks_range_2_9,908-157963-0001.wav,generated_audios/generated_H2_128C_int8/908-157963-0001_generated.wav,2.885034,0.856239,0.852831,0.296786,0.295605,1.210301,0.867054,1.409833
H2_128C_quantized_resblocks_range_2_9,908-157963-0002.wav,generated_audios/generated_H2_128C_int8/908-157963-0002_generated.wav,2.755011,0.818984,0.81561,0.29727,0.296046,1.202096,0.843224,1.414198
H2_128C_quantized_resblocks_range_2_9,908-157963-0003.wav,generated_audios/generated_H2_128C_int8/908-157963-0003_generated.wav,3.08,0.904387,0.900935,0.293632,0.292511,1.162597,0.839724,1.321689
H2_128C_quantized_resblocks_range_2_9,908-157963-0004.wav,generated_audios/generated_H2_128C_int8/908-157963-0004_generated.wav,13.990023,4.19329,4.188649,0.299734,0.299403,1.153686,0.798316,1.384812
H2_128C_quantized_resblocks_range_2_9,908-157963-0005.wav,generated_audios/generated_H2_128C_int8/908-157963-0005_generated.wav,7.035011,2.072999,2.068481,0.294669,0.294027,1.136329,0.797512,1.485334
H2_128C_quantized_resblocks_range_2_9,908-157963-0006.wav,generated_audios/generated_H2_128C_int8/908-157963-0006_generated.wav,8.110023,2.431656,2.427187,0.299833,0.299282,1.161634,0.790295,1.412437
H2_128C_quantized_resblocks_range_2_9,908-157963-0007.wav,generated_audios/generated_H2_128C_int8/908-157963-0007_generated.wav,32.770023,10.217251,10.209817,0.311787,0.31156,1.12524,0.791134,1.426614
H2_128C_quantized_resblocks_range_2_9,908-157963-0008.wav,generated_audios/generated_H2_128C_int8/908-157963-0008_generated.wav,19.950023,6.108786,6.103071,0.306204,0.305918,1.159433,0.80177,1.430093
H2_128C_quantized_resblocks_range_2_9,908-157963-0009.wav,generated_audios/generated_H2_128C_int8/908-157963-0009_generated.wav,4.06,1.25988,1.255696,0.310315,0.309285,1.185565,0.817141,1.312949
H2_128C_quantized_resblocks_range_2_9,908-157963-0010.wav,generated_audios/generated_H2_128C_int8/908-157963-0010_generated.wav,6.28,0.139667,0.135661,0.02224,0.021602,1.103482,0.713189,1.507548
H2_128C_quantized_resblocks_range_2_9,908-157963-0011.wav,generated_audios/generated_H2_128C_int8/908-157963-0011_generated.wav,10.395011,0.270188,0.265913,0.025992,0.025581,1.096917,0.764654,1.449678
H2_128C_quantized_resblocks_range_2_9,908-157963-0012.wav,generated_audios/generated_H2_128C_int8/908-157963-0012_generated.wav,10.090023,2.999088,2.994621,0.297233,0.29679,1.106438,0.759574,1.496559
H2_128C_quantized_resblocks_range_2_9,908-157963-0013.wav,generated_audios/generated_H2_128C_int8/908-157963-0013_generated.wav,4.315011,0.120227,0.116074,0.027862,0.0269,1.115199,0.808741,1.667197
H2_128C_quantized_resblocks_range_2_9,908-157963-0014.wav,generated_audios/generated_H2_128C_int8/908-157963-0014_generated.wav,4.52,0.122278,0.118512,0.027053,0.02622,1.209262,0.797141,1.628887
H2_128C_quantized_resblocks_range_2_9,908-157963-0015.wav,generated_audios/generated_H2_128C_int8/908-157963-0015_generated.wav,14.465034,4.099514,4.09513,0.283409,0.283105,1.209465,0.840623,1.38296
H2_128C_quantized_resblocks_range_2_9,908-157963-0016.wav,generated_audios/generated_H2_128C_int8/908-157963-0016_generated.wav,5.105034,0.135964,0.132171,0.026633,0.02589,1.201576,0.851333,1.439197
H2_128C_quantized_resblocks_range_2_9,908-157963-0017.wav,generated_audios/generated_H2_128C_int8/908-157963-0017_generated.wav,4.950023,1.40637,1.402638,0.284114,0.28336,1.260912,0.829069,1.332361
H2_128C_quantized_resblocks_range_2_9,908-157963-0018.wav,generated_audios/generated_H2_128C_int8/908-157963-0018_generated.wav,4.255011,0.131388,0.127681,0.030878,0.030007,1.15151,0.784701,1.36765
H2_128C_quantized_resblocks_range_2_9,908-157963-0019.wav,generated_audios/generated_H2_128C_int8/908-157963-0019_generated.wav,21.44,6.596608,6.59109,0.307678,0.30742,1.118215,0.788383,1.568128
H2_128C_quantized_resblocks_range_2_9,908-157963-0020.wav,generated_audios/generated_H2_128C_int8/908-157963-0020_generated.wav,9.8,2.957507,2.952742,0.301786,0.3013,1.161366,0.785026,1.548345
H2_128C_quantized_resblocks_range_2_9,908-157963-0021.wav,generated_audios/generated_H2_128C_int8/908-157963-0021_generated.wav,10.24,0.274295,0.269903,0.026787,0.026358,1.161482,0.798242,1.490318
H2_128C_quantized_resblocks_range_2_9,908-157963-0022.wav,generated_audios/generated_H2_128C_int8/908-157963-0022_generated.wav,4.610023,1.414769,1.411138,0.30689,0.306102,1.111619,0.795083,1.53189
H2_128C_quantized_resblocks_range_2_9,908-157963-0023.wav,generated_audios/generated_H2_128C_int8/908-157963-0023_generated.wav,9.625034,2.987632,2.983618,0.310402,0.309985,1.149675,0.750796,1.48427
H2_128C_quantized_resblocks_range_2_9,908-157963-0024.wav,generated_audios/generated_H2_128C_int8/908-157963-0024_generated.wav,3.44,1.062791,1.059429,0.308951,0.307973,1.098469,0.785676,1.589662
H2_128C_quantized_resblocks_range_2_9,908-157963-0025.wav,generated_audios/generated_H2_128C_int8/908-157963-0025_generated.wav,9.265034,2.69658,2.692491,0.291049,0.290608,1.118687,0.779692,1.565566
H2_128C_quantized_resblocks_range_2_9,908-157963-0026.wav,generated_audios/generated_H2_128C_int8/908-157963-0026_generated.wav,8.1,2.392258,2.388106,0.295341,0.294828,1.159356,0.805813,1.443077
H2_128C_quantized_resblocks_range_2_9,908-157963-0027.wav,generated_audios/generated_H2_128C_int8/908-157963-0027_generated.wav,5.225034,0.141655,0.138204,0.027111,0.02645,1.097198,0.732635,1.597087
H2_128C_quantized_resblocks_range_2_9,908-157963-0028.wav,generated_audios/generated_H2_128C_int8/908-157963-0028_generated.wav,4.955011,0.113577,0.109844,0.022922,0.022168,1.14583,0.827045,1.356378
H2_128C_quantized_resblocks_range_2_9,908-157963-0029.wav,generated_audios/generated_H2_128C_int8/908-157963-0029_generated.wav,3.630023,1.009158,1.005764,0.278003,0.277068,1.220802,0.832903,1.392628
H2_128C_quantized_resblocks_range_2_9,908-157963-0030.wav,generated_audios/generated_H2_128C_int8/908-157963-0030_generated.wav,4.52,0.101874,0.098285,0.022538,0.021744,1.138851,0.81623,1.50347
H2_128C_quantized_resblocks_range_2_9,908-31957-0000.wav,generated_audios/generated_H2_128C_int8/908-31957-0000_generated.wav,2.125034,0.605718,0.602417,0.285039,0.283486,1.270692,0.83264,1.549833
H2_128C_quantized_resblocks_range_2_9,908-31957-0001.wav,generated_audios/generated_H2_128C_int8/908-31957-0001_generated.wav,11.315011,3.446596,3.442252,0.304604,0.30422,1.098324,0.79156,1.592412
H2_128C_quantized_resblocks_range_2_9,908-31957-0002.wav,generated_audios/generated_H2_128C_int8/908-31957-0002_generated.wav,4.790023,0.129918,0.126421,0.027123,0.026393,1.102573,0.803315,1.691519
H2_128C_quantized_resblocks_range_2_9,908-31957-0003.wav,generated_audios/generated_H2_128C_int8/908-31957-0003_generated.wav,6.565034,0.173408,0.169598,0.026414,0.025833,1.127471,0.787918,1.476795
H2_128C_quantized_resblocks_range_2_9,908-31957-0004.wav,generated_audios/generated_H2_128C_int8/908-31957-0004_generated.wav,14.755011,4.487977,4.483518,0.304166,0.303864,1.124406,0.805308,1.515136
H2_128C_quantized_resblocks_range_2_9,908-31957-0005.wav,generated_audios/generated_H2_128C_int8/908-31957-0005_generated.wav,4.490023,0.124387,0.120734,0.027703,0.02689,1.159628,0.809634,1.725202
H2_128C_quantized_resblocks_range_2_9,908-31957-0006.wav,generated_audios/generated_H2_128C_int8/908-31957-0006_generated.wav,5.890023,1.657846,1.654179,0.281467,0.280844,1.159756,0.796007,1.707064
H2_128C_quantized_resblocks_range_2_9,908-31957-0007.wav,generated_audios/generated_H2_128C_int8/908-31957-0007_generated.wav,5.8,0.152787,0.149087,0.026343,0.025705,1.156485,0.80527,1.511568
H2_128C_quantized_resblocks_range_2_9,908-31957-0008.wav,generated_audios/generated_H2_128C_int8/908-31957-0008_generated.wav,10.005034,2.797688,2.793826,0.279628,0.279242,1.121401,0.796768,1.570257
H2_128C_quantized_resblocks_range_2_9,908-31957-0009.wav,generated_audios/generated_H2_128C_int8/908-31957-0009_generated.wav,7.705034,2.159688,2.155753,0.280296,0.279785,1.115539,0.793819,1.54949
H2_128C_quantized_resblocks_range_2_9,908-31957-0010.wav,generated_audios/generated_H2_128C_int8/908-31957-0010_generated.wav,2.510023,0.704137,0.700832,0.28053,0.279213,1.131937,0.694134,1.962001
H2_128C_quantized_resblocks_range_2_9,908-31957-0011.wav,generated_audios/generated_H2_128C_int8/908-31957-0011_generated.wav,2.335011,0.070432,0.067517,0.030163,0.028915,1.14317,0.709487,1.622149
H2_128C_quantized_resblocks_range_2_9,908-31957-0012.wav,generated_audios/generated_H2_128C_int8/908-31957-0012_generated.wav,7.615011,2.248058,2.244911,0.295214,0.294801,1.127191,0.783941,1.614269
H2_128C_quantized_resblocks_range_2_9,908-31957-0013.wav,generated_audios/generated_H2_128C_int8/908-31957-0013_generated.wav,6.18,1.846493,1.842939,0.298785,0.29821,1.17205,0.748337,1.669175
H2_128C_quantized_resblocks_range_2_9,908-31957-0014.wav,generated_audios/generated_H2_128C_int8/908-31957-0014_generated.wav,7.56,2.113739,2.109937,0.279595,0.279092,1.101274,0.79902,1.705396
H2_128C_quantized_resblocks_range_2_9,908-31957-0015.wav,generated_audios/generated_H2_128C_int8/908-31957-0015_generated.wav,21.465034,6.178372,6.17316,0.287834,0.287591,1.101477,0.786581,1.71493
H2_128C_quantized_resblocks_range_2_9,908-31957-0016.wav,generated_audios/generated_H2_128C_int8/908-31957-0016_generated.wav,6.48,1.834897,1.83103,0.283163,0.282566,1.165736,0.795636,1.629609
H2_128C_quantized_resblocks_range_2_9,908-31957-0017.wav,generated_audios/generated_H2_128C_int8/908-31957-0017_generated.wav,7.795011,2.331799,2.328183,0.29914,0.298676,1.11077,0.804039,1.696808
H2_128C_quantized_resblocks_range_2_9,908-31957-0018.wav,generated_audios/generated_H2_128C_int8/908-31957-0018_generated.wav,3.915011,1.163651,1.160018,0.297228,0.2963,1.117705,0.82527,1.610165
H2_128C_quantized_resblocks_range_2_9,908-31957-0019.wav,generated_audios/generated_H2_128C_int8/908-31957-0019_generated.wav,9.54,2.901259,2.897174,0.304115,0.303687,1.183562,0.811501,1.504741
H2_128C_quantized_resblocks_range_2_9,908-31957-0020.wav,generated_audios/generated_H2_128C_int8/908-31957-0020_generated.wav,5.895011,0.13255,0.128825,0.022485,0.021853,1.150135,0.781758,1.645187
H2_128C_quantized_resblocks_range_2_9,908-31957-0021.wav,generated_audios/generated_H2_128C_int8/908-31957-0021_generated.wav,10.905034,3.127225,3.123297,0.286769,0.286409,1.117864,0.780198,1.598261
H2_128C_quantized_resblocks_range_2_9,908-31957-0022.wav,generated_audios/generated_H2_128C_int8/908-31957-0022_generated.wav,14.1,4.302685,4.298204,0.305155,0.304837,1.105452,0.781515,1.60137
H2_128C_quantized_resblocks_range_2_9,908-31957-0023.wav,generated_audios/generated_H2_128C_int8/908-31957-0023_generated.wav,8.515011,2.58607,2.582426,0.303707,0.303279,1.148895,0.806289,1.718291
H2_128C_quantized_resblocks_range_2_9,908-31957-0024.wav,generated_audios/generated_H2_128C_int8/908-31957-0024_generated.wav,7.54,2.218476,2.214542,0.294228,0.293706,1.104531,0.782062,1.722757
H2_128C_quantized_resblocks_range_2_9,908-31957-0025.wav,generated_audios/generated_H2_128C_int8/908-31957-0025_generated.wav,20.56,6.248671,6.243616,0.303924,0.303678,1.11501,0.795288,1.838593
H2_512C_quantized_resblocks_range_2_9,1089-134686-0000.wav,generated_audios/generated_H2_512C_int8/1089-134686-0000_generated.wav,10.435011,1.654565,1.651173,0.158559,0.158234,1.269547,0.911256,1.177413
H2_512C_quantized_resblocks_range_2_9,1089-134686-0001.wav,generated_audios/generated_H2_512C_int8/1089-134686-0001_generated.wav,3.275011,0.486929,0.483568,0.14868,0.147654,1.165535,0.836993,1.470622
H2_512C_quantized_resblocks_range_2_9,1089-134686-0002.wav,generated_audios/generated_H2_512C_int8/1089-134686-0002_generated.wav,6.625034,1.002952,0.999108,0.151388,0.150808,1.264218,0.86605,1.169107
H2_512C_quantized_resblocks_range_2_9,1089-134686-0003.wav,generated_audios/generated_H2_512C_int8/1089-134686-0003_generated.wav,2.68,0.384459,0.381203,0.143455,0.14224,1.443776,0.92305,1.350781
H2_512C_quantized_resblocks_range_2_9,1089-134686-0004.wav,generated_audios/generated_H2_512C_int8/1089-134686-0004_generated.wav,5.215102,0.764576,0.761443,0.146608,0.146007,1.414826,0.941735,1.164884
H2_512C_quantized_resblocks_range_2_9,1089-134686-0005.wav,generated_audios/generated_H2_512C_int8/1089-134686-0005_generated.wav,9.635011,1.447341,1.443239,0.150217,0.149791,1.179057,0.845556,1.280049
H2_512C_quantized_resblocks_range_2_9,1089-134686-0006.wav,generated_audios/generated_H2_512C_int8/1089-134686-0006_generated.wav,10.555011,1.668298,1.664189,0.158057,0.157668,1.271708,0.874875,1.27289
H2_512C_quantized_resblocks_range_2_9,1089-134686-0007.wav,generated_audios/generated_H2_512C_int8/1089-134686-0007_generated.wav,4.275011,0.644726,0.641189,0.150813,0.149985,1.160628,0.861114,1.380156
H2_512C_quantized_resblocks_range_2_9,1089-134686-0008.wav,generated_audios/generated_H2_512C_int8/1089-134686-0008_generated.wav,6.730023,1.00133,0.997503,0.148785,0.148217,1.193644,0.860069,1.272834
H2_512C_quantized_resblocks_range_2_9,1089-134686-0009.wav,generated_audios/generated_H2_512C_int8/1089-134686-0009_generated.wav,10.575011,1.648888,1.644922,0.155923,0.155548,1.270954,0.907302,1.309624
H2_512C_quantized_resblocks_range_2_9,1089-134686-0010.wav,generated_audios/generated_H2_512C_int8/1089-134686-0010_generated.wav,4.405034,0.635635,0.631989,0.144297,0.14347,1.525516,0.931565,0.965478
H2_512C_quantized_resblocks_range_2_9,1089-134686-0011.wav,generated_audios/generated_H2_512C_int8/1089-134686-0011_generated.wav,12.445034,2.072244,2.067997,0.166512,0.16617,1.253547,0.876912,1.139848
H2_512C_quantized_resblocks_range_2_9,1089-134686-0012.wav,generated_audios/generated_H2_512C_int8/1089-134686-0012_generated.wav,11.64,1.954241,1.949937,0.16789,0.16752,1.299224,0.865345,1.239753
H2_512C_quantized_resblocks_range_2_9,1089-134686-0013.wav,generated_audios/generated_H2_512C_int8/1089-134686-0013_generated.wav,7.915011,1.194657,1.191129,0.150936,0.15049,1.174075,0.875607,1.221005
H2_512C_quantized_resblocks_range_2_9,1089-134686-0014.wav,generated_audios/generated_H2_512C_int8/1089-134686-0014_generated.wav,2.225034,0.313142,0.310073,0.140736,0.139357,1.282895,0.933939,1.169426
H2_512C_quantized_resblocks_range_2_9,1089-134686-0015.wav,generated_audios/generated_H2_512C_int8/1089-134686-0015_generated.wav,5.815011,0.840242,0.836584,0.144495,0.143866,1.226696,0.857684,1.401145
H2_512C_quantized_resblocks_range_2_9,1089-134686-0016.wav,generated_audios/generated_H2_512C_int8/1089-134686-0016_generated.wav,3.54,0.514767,0.511362,0.145414,0.144452,1.279246,0.911138,1.203826
H2_512C_quantized_resblocks_range_2_9,1089-134686-0017.wav,generated_audios/generated_H2_512C_int8/1089-134686-0017_generated.wav,8.870023,1.355243,1.351608,0.152789,0.152379,1.252368,0.909324,1.189103
H2_512C_quantized_resblocks_range_2_9,1089-134686-0018.wav,generated_audios/generated_H2_512C_int8/1089-134686-0018_generated.wav,15.72,3.098909,3.094573,0.197132,0.196856,1.193884,0.860727,1.210207
H2_512C_quantized_resblocks_range_2_9,1089-134686-0019.wav,generated_audios/generated_H2_512C_int8/1089-134686-0019_generated.wav,13.895011,2.712919,2.708676,0.195244,0.194939,1.208171,0.87899,1.15276
H2_512C_quantized_resblocks_range_2_9,1089-134686-0020.wav,generated_audios/generated_H2_512C_int8/1089-134686-0020_generated.wav,16.790023,3.304565,3.300365,0.196817,0.196567,1.187059,0.879373,1.20743
H2_512C_quantized_resblocks_range_2_9,1089-134686-0021.wav,generated_audios/generated_H2_512C_int8/1089-134686-0021_generated.wav,6.550023,0.995114,0.99189,0.151925,0.151433,1.237334,0.881252,1.270192
H2_512C_quantized_resblocks_range_2_9,1089-134686-0022.wav,generated_audios/generated_H2_512C_int8/1089-134686-0022_generated.wav,11.175011,1.808958,1.804857,0.161875,0.161508,1.306917,0.880902,1.140729
H2_512C_quantized_resblocks_range_2_9,1089-134686-0023.wav,generated_audios/generated_H2_512C_int8/1089-134686-0023_generated.wav,13.275011,2.152817,2.148166,0.162171,0.16182,1.19959,0.880399,1.231065
H2_512C_quantized_resblocks_range_2_9,1089-134686-0024.wav,generated_audios/generated_H2_512C_int8/1089-134686-0024_generated.wav,11.655011,1.886757,1.882543,0.161884,0.161522,1.208759,0.86884,1.138396
H2_512C_quantized_resblocks_range_2_9,1089-134686-0025.wav,generated_audios/generated_H2_512C_int8/1089-134686-0025_generated.wav,6.610023,0.986567,0.983418,0.149253,0.148777,1.20548,0.905049,1.279382
H2_512C_quantized_resblocks_range_2_9,1089-134686-0026.wav,generated_audios/generated_H2_512C_int8/1089-134686-0026_generated.wav,4.010023,0.583652,0.580412,0.145548,0.14474,1.247442,0.8969,1.205851
H2_512C_quantized_resblocks_range_2_9,1089-134686-0027.wav,generated_audios/generated_H2_512C_int8/1089-134686-0027_generated.wav,2.710023,0.393216,0.389899,0.145097,0.143873,1.263545,0.92653,1.07066
H2_512C_quantized_resblocks_range_2_9,1089-134686-0028.wav,generated_audios/generated_H2_512C_int8/1089-134686-0028_generated.wav,7.830023,1.177912,1.174817,0.150435,0.15004,1.30604,0.912803,1.06155
H2_512C_quantized_resblocks_range_2_9,1089-134686-0029.wav,generated_audios/generated_H2_512C_int8/1089-134686-0029_generated.wav,4.670023,0.677633,0.674422,0.145103,0.144415,1.406429,0.909162,1.153108
H2_512C_quantized_resblocks_range_2_9,1089-134686-0030.wav,generated_audios/generated_H2_512C_int8/1089-134686-0030_generated.wav,2.715011,0.376827,0.373824,0.138794,0.137688,1.451772,0.95209,1.076068
H2_512C_quantized_resblocks_range_2_9,1089-134686-0031.wav,generated_audios/generated_H2_512C_int8/1089-134686-0031_generated.wav,6.615011,0.969813,0.966079,0.146608,0.146043,1.240141,0.86378,1.26028
H2_512C_quantized_resblocks_range_2_9,121-121726-0000.wav,generated_audios/generated_H2_512C_int8/121-121726-0000_generated.wav,8.46,1.299683,1.295722,0.153627,0.153159,1.312246,0.93008,0.938118
H2_512C_quantized_resblocks_range_2_9,121-121726-0001.wav,generated_audios/generated_H2_512C_int8/121-121726-0001_generated.wav,5.925034,0.869784,0.866413,0.146798,0.146229,1.551711,0.923058,0.745194
H2_512C_quantized_resblocks_range_2_9,121-121726-0002.wav,generated_audios/generated_H2_512C_int8/121-121726-0002_generated.wav,4.410023,0.623676,0.620264,0.141422,0.140649,1.465041,0.911144,1.084874
H2_512C_quantized_resblocks_range_2_9,121-121726-0003.wav,generated_audios/generated_H2_512C_int8/121-121726-0003_generated.wav,6.755011,1.011152,1.007397,0.149689,0.149133,1.550612,0.935684,0.734745
H2_512C_quantized_resblocks_range_2_9,121-121726-0004.wav,generated_audios/generated_H2_512C_int8/121-121726-0004_generated.wav,4.02,0.577037,0.573843,0.143542,0.142747,1.320254,0.94811,0.853796
H2_512C_quantized_resblocks_range_2_9,121-121726-0005.wav,generated_audios/generated_H2_512C_int8/121-121726-0005_generated.wav,3.1,0.44776,0.444717,0.144439,0.143457,1.547762,0.955798,0.632735
H2_512C_quantized_resblocks_range_2_9,121-121726-0006.wav,generated_audios/generated_H2_512C_int8/121-121726-0006_generated.wav,3.895011,0.559297,0.556019,0.143593,0.142752,1.742134,0.914736,0.733806
H2_512C_quantized_resblocks_range_2_9,121-121726-0007.wav,generated_audios/generated_H2_512C_int8/121-121726-0007_generated.wav,6.730023,1.008024,1.004595,0.14978,0.149271,1.419563,0.944397,0.723096
H2_512C_quantized_resblocks_range_2_9,121-121726-0008.wav,generated_audios/generated_H2_512C_int8/121-121726-0008_generated.wav,4.990023,0.726271,0.7229,0.145545,0.144869,1.470657,0.933123,0.683265
H2_512C_quantized_resblocks_range_2_9,121-121726-0009.wav,generated_audios/generated_H2_512C_int8/121-121726-0009_generated.wav,7.26,1.08401,1.080277,0.149313,0.148799,1.366462,0.929188,0.819239
H2_512C_quantized_resblocks_range_2_9,121-121726-0010.wav,generated_audios/generated_H2_512C_int8/121-121726-0010_generated.wav,9.810023,1.475799,1.471976,0.150438,0.150048,1.350603,0.908377,0.868223
H2_512C_quantized_resblocks_range_2_9,121-121726-0011.wav,generated_audios/generated_H2_512C_int8/121-121726-0011_generated.wav,4.035011,0.582904,0.579719,0.144462,0.143672,1.56631,0.942933,0.807393
H2_512C_quantized_resblocks_range_2_9,121-121726-0012.wav,generated_audios/generated_H2_512C_int8/121-121726-0012_generated.wav,4.045034,0.585806,0.582504,0.144821,0.144005,1.421249,0.926596,1.198353
H2_512C_quantized_resblocks_range_2_9,121-121726-0013.wav,generated_audios/generated_H2_512C_int8/121-121726-0013_generated.wav,2.490023,0.349391,0.34628,0.140316,0.139067,1.281908,0.913034,1.097548
H2_512C_quantized_resblocks_range_2_9,121-121726-0014.wav,generated_audios/generated_H2_512C_int8/121-121726-0014_generated.wav,3.165034,0.479616,0.476438,0.151536,0.150532,1.783168,0.939458,0.731882
H2_512C_quantized_resblocks_range_2_9,121-123852-0000.wav,generated_audios/generated_H2_512C_int8/121-123852-0000_generated.wav,17.695011,3.116896,3.112245,0.176145,0.175883,1.372834,0.929146,0.98506
H2_512C_quantized_resblocks_range_2_9,121-123852-0001.wav,generated_audios/generated_H2_512C_int8/121-123852-0001_generated.wav,1.870023,0.2627,0.260111,0.140479,0.139095,1.279887,0.839435,1.156229
H2_512C_quantized_resblocks_range_2_9,121-123852-0002.wav,generated_audios/generated_H2_512C_int8/121-123852-0002_generated.wav,17.285034,3.136963,3.132169,0.181484,0.181207,1.359705,0.911136,1.30435
H2_512C_quantized_resblocks_range_2_9,121-123852-0003.wav,generated_audios/generated_H2_512C_int8/121-123852-0003_generated.wav,23.505034,6.960881,6.954988,0.296144,0.295894,1.288783,0.904155,1.267523
H2_512C_quantized_resblocks_range_2_9,121-123852-0004.wav,generated_audios/generated_H2_512C_int8/121-123852-0004_generated.wav,16.290023,4.764972,4.759986,0.292509,0.292203,1.456928,0.921637,1.195799
H2_512C_quantized_resblocks_range_2_9,121-123859-0000.wav,generated_audios/generated_H2_512C_int8/121-123859-0000_generated.wav,17.390023,5.402935,5.397659,0.310692,0.310388,1.275473,0.905259,1.229227
H2_512C_quantized_resblocks_range_2_9,121-123859-0001.wav,generated_audios/generated_H2_512C_int8/121-123859-0001_generated.wav,25.395011,8.167266,8.160977,0.321609,0.321361,1.39473,0.927527,1.229245
H2_512C_quantized_resblocks_range_2_9,121-123859-0002.wav,generated_audios/generated_H2_512C_int8/121-123859-0002_generated.wav,30.04,9.821823,9.814136,0.326958,0.326702,1.392172,0.922271,1.178844
H2_512C_quantized_resblocks_range_2_9,121-123859-0003.wav,generated_audios/generated_H2_512C_int8/121-123859-0003_generated.wav,10.825034,2.861377,2.857107,0.26433,0.263935,1.434357,0.937705,1.135026
H2_512C_quantized_resblocks_range_2_9,121-123859-0004.wav,generated_audios/generated_H2_512C_int8/121-123859-0004_generated.wav,9.505034,2.545682,2.54141,0.267825,0.267375,1.261934,0.918752,1.298135
H2_512C_quantized_resblocks_range_2_9,121-127105-0000.wav,generated_audios/generated_H2_512C_int8/121-127105-0000_generated.wav,9.875011,2.564705,2.560533,0.259717,0.259294,1.367705,0.916241,0.734512
H2_512C_quantized_resblocks_range_2_9,121-127105-0001.wav,generated_audios/generated_H2_512C_int8/121-127105-0001_generated.wav,5.025034,1.311182,1.307647,0.26093,0.260227,1.448404,0.923027,0.769951
H2_512C_quantized_resblocks_range_2_9,121-127105-0002.wav,generated_audios/generated_H2_512C_int8/121-127105-0002_generated.wav,7.495011,1.952205,1.948293,0.260467,0.259945,1.405307,0.920351,0.820621
H2_512C_quantized_resblocks_range_2_9,121-127105-0003.wav,generated_audios/generated_H2_512C_int8/121-127105-0003_generated.wav,7.725034,2.02,2.01613,0.261488,0.260987,1.518256,0.936249,0.769656
H2_512C_quantized_resblocks_range_2_9,121-127105-0004.wav,generated_audios/generated_H2_512C_int8/121-127105-0004_generated.wav,2.110023,0.538297,0.53523,0.255114,0.253661,1.120755,0.934638,0.837404
H2_512C_quantized_resblocks_range_2_9,121-127105-0005.wav,generated_audios/generated_H2_512C_int8/121-127105-0005_generated.wav,5.82,1.485066,1.481203,0.255166,0.254502,1.471793,0.925547,0.651627
H2_512C_quantized_resblocks_range_2_9,121-127105-0006.wav,generated_audios/generated_H2_512C_int8/121-127105-0006_generated.wav,4.725034,1.220329,1.21696,0.258269,0.257556,1.320986,0.936562,0.733198
H2_512C_quantized_resblocks_range_2_9,121-127105-0007.wav,generated_audios/generated_H2_512C_int8/121-127105-0007_generated.wav,5.790023,1.492426,1.488919,0.257758,0.257153,1.28335,0.931029,0.796768
H2_512C_quantized_resblocks_range_2_9,121-127105-0008.wav,generated_audios/generated_H2_512C_int8/121-127105-0008_generated.wav,2.76,0.665644,0.662456,0.241175,0.24002,1.286465,0.917116,0.848368
H2_512C_quantized_resblocks_range_2_9,121-127105-0009.wav,generated_audios/generated_H2_512C_int8/121-127105-0009_generated.wav,2.290023,0.580353,0.577185,0.253427,0.252044,1.35022,0.911096,0.810365
H2_512C_quantized_resblocks_range_2_9,121-127105-0010.wav,generated_audios/generated_H2_512C_int8/121-127105-0010_generated.wav,2.850023,0.711549,0.708195,0.249664,0.248487,1.31796,0.925805,0.740118
H2_512C_quantized_resblocks_range_2_9,121-127105-0011.wav,generated_audios/generated_H2_512C_int8/121-127105-0011_generated.wav,5.78,1.512925,1.509569,0.261752,0.261171,1.314181,0.908532,0.829677
H2_512C_quantized_resblocks_range_2_9,121-127105-0012.wav,generated_audios/generated_H2_512C_int8/121-127105-0012_generated.wav,4.830023,1.285602,1.28215,0.266169,0.265454,1.104257,0.896725,0.970187
H2_512C_quantized_resblocks_range_2_9,121-127105-0013.wav,generated_audios/generated_H2_512C_int8/121-127105-0013_generated.wav,5.895011,1.512756,1.50921,0.256616,0.256015,1.323377,0.93515,0.752363
H2_512C_quantized_resblocks_range_2_9,121-127105-0014.wav,generated_audios/generated_H2_512C_int8/121-127105-0014_generated.wav,2.255011,0.55265,0.549515,0.245077,0.243686,1.566064,0.876418,0.82762
H2_512C_quantized_resblocks_range_2_9,121-127105-0015.wav,generated_audios/generated_H2_512C_int8/121-127105-0015_generated.wav,2.96,0.74381,0.740616,0.251287,0.250208,1.308339,0.927415,0.892601
H2_512C_quantized_resblocks_range_2_9,121-127105-0016.wav,generated_audios/generated_H2_512C_int8/121-127105-0016_generated.wav,2.030023,0.473377,0.470016,0.233188,0.231532,1.537307,0.932568,0.784326
H2_512C_quantized_resblocks_range_2_9,121-127105-0017.wav,generated_audios/generated_H2_512C_int8/121-127105-0017_generated.wav,2.695011,0.676789,0.673602,0.251127,0.249944,1.290809,0.925333,0.86535
H2_512C_quantized_resblocks_range_2_9,121-127105-0018.wav,generated_audios/generated_H2_512C_int8/121-127105-0018_generated.wav,2.770023,0.686305,0.68291,0.247761,0.246536,1.38754,0.901164,0.825234
H2_512C_quantized_resblocks_range_2_9,121-127105-0019.wav,generated_audios/generated_H2_512C_int8/121-127105-0019_generated.wav,3.525034,0.859653,0.856349,0.243871,0.242933,1.38358,0.926698,0.731316
H2_512C_quantized_resblocks_range_2_9,121-127105-0020.wav,generated_audios/generated_H2_512C_int8/121-127105-0020_generated.wav,14.355011,4.44472,4.440045,0.309628,0.309303,1.406289,0.927396,0.784411
H2_512C_quantized_resblocks_range_2_9,121-127105-0021.wav,generated_audios/generated_H2_512C_int8/121-127105-0021_generated.wav,2.0,0.505935,0.502795,0.252968,0.251397,1.415946,0.93016,0.777469
H2_512C_quantized_resblocks_range_2_9,121-127105-0022.wav,generated_audios/generated_H2_512C_int8/121-127105-0022_generated.wav,5.075011,1.329462,1.325972,0.261962,0.261275,1.635697,0.922972,0.741828
H2_512C_quantized_resblocks_range_2_9,121-127105-0023.wav,generated_audios/generated_H2_512C_int8/121-127105-0023_generated.wav,10.910023,2.790986,2.786661,0.255819,0.255422,1.489665,0.930611,0.768558
H2_512C_quantized_resblocks_range_2_9,121-127105-0024.wav,generated_audios/generated_H2_512C_int8/121-127105-0024_generated.wav,14.450023,4.469058,4.464163,0.309277,0.308938,1.44068,0.923061,0.832666
H2_512C_quantized_resblocks_range_2_9,121-127105-0025.wav,generated_audios/generated_H2_512C_int8/121-127105-0025_generated.wav,16.065034,4.946843,4.942381,0.307926,0.307648,1.498061,0.930154,0.741587
H2_512C_quantized_resblocks_range_2_9,121-127105-0026.wav,generated_audios/generated_H2_512C_int8/121-127105-0026_generated.wav,7.530023,1.932459,1.928553,0.256634,0.256115,1.355085,0.939822,0.884126
H2_512C_quantized_resblocks_range_2_9,121-127105-0027.wav,generated_audios/generated_H2_512C_int8/121-127105-0027_generated.wav,13.870023,4.274529,4.270439,0.308185,0.30789,1.485264,0.926843,0.746433
H2_512C_quantized_resblocks_range_2_9,121-127105-0028.wav,generated_audios/generated_H2_512C_int8/121-127105-0028_generated.wav,6.750023,1.11183,1.107971,0.164715,0.164143,1.566971,0.943825,0.615331
H2_512C_quantized_resblocks_range_2_9,121-127105-0029.wav,generated_audios/generated_H2_512C_int8/121-127105-0029_generated.wav,7.310023,1.884204,1.880441,0.257756,0.257241,1.48355,0.934726,0.775739
H2_512C_quantized_resblocks_range_2_9,121-127105-0030.wav,generated_audios/generated_H2_512C_int8/121-127105-0030_generated.wav,2.175011,0.55519,0.552049,0.255259,0.253814,1.168244,0.930644,1.042431
H2_512C_quantized_resblocks_range_2_9,121-127105-0031.wav,generated_audios/generated_H2_512C_int8/121-127105-0031_generated.wav,10.765034,2.799292,2.795153,0.260036,0.259651,1.36417,0.877897,0.799107
H2_512C_quantized_resblocks_range_2_9,121-127105-0032.wav,generated_audios/generated_H2_512C_int8/121-127105-0032_generated.wav,3.170023,0.769087,0.765853,0.242612,0.241592,1.293069,0.929671,0.713577
H2_512C_quantized_resblocks_range_2_9,121-127105-0033.wav,generated_audios/generated_H2_512C_int8/121-127105-0033_generated.wav,2.355011,0.586044,0.582928,0.24885,0.247527,1.321121,0.912154,0.721746
H2_512C_quantized_resblocks_range_2_9,121-127105-0034.wav,generated_audios/generated_H2_512C_int8/121-127105-0034_generated.wav,7.410023,1.926042,1.922128,0.259924,0.259396,1.447034,0.931117,0.770039
H2_512C_quantized_resblocks_range_2_9,121-127105-0035.wav,generated_audios/generated_H2_512C_int8/121-127105-0035_generated.wav,14.150023,4.388612,4.384118,0.310149,0.309831,1.432185,0.909644,0.671763
H2_512C_quantized_resblocks_range_2_9,121-127105-0036.wav,generated_audios/generated_H2_512C_int8/121-127105-0036_generated.wav,4.150023,1.029002,1.025421,0.247951,0.247088,1.553419,0.901339,0.678949
H2_512C_quantized_resblocks_range_2_9,237-126133-0000.wav,generated_audios/generated_H2_512C_int8/237-126133-0000_generated.wav,13.290023,4.144795,4.140158,0.311873,0.311524,1.210915,0.900453,1.161238
H2_512C_quantized_resblocks_range_2_9,237-126133-0001.wav,generated_audios/generated_H2_512C_int8/237-126133-0001_generated.wav,11.965034,3.742972,3.738235,0.312826,0.31243,1.19403,0.879308,1.154842
H2_512C_quantized_resblocks_range_2_9,237-126133-0002.wav,generated_audios/generated_H2_512C_int8/237-126133-0002_generated.wav,8.92,2.525432,2.521717,0.28312,0.282704,1.12175,0.890885,1.397374
H2_512C_quantized_resblocks_range_2_9,237-126133-0003.wav,generated_audios/generated_H2_512C_int8/237-126133-0003_generated.wav,6.56,1.734004,1.730288,0.26433,0.263763,1.125894,0.847797,1.253679
H2_512C_quantized_resblocks_range_2_9,237-126133-0004.wav,generated_audios/generated_H2_512C_int8/237-126133-0004_generated.wav,3.295011,0.820571,0.81764,0.249034,0.248145,1.232358,0.904956,1.270864
H2_512C_quantized_resblocks_range_2_9,237-126133-0005.wav,generated_audios/generated_H2_512C_int8/237-126133-0005_generated.wav,6.510023,1.752944,1.749336,0.269269,0.268714,1.261759,0.908621,1.134673
H2_512C_quantized_resblocks_range_2_9,237-126133-0006.wav,generated_audios/generated_H2_512C_int8/237-126133-0006_generated.wav,6.150023,1.598318,1.595025,0.259888,0.259353,1.268328,0.920866,1.276814
H2_512C_quantized_resblocks_range_2_9,237-126133-0007.wav,generated_audios/generated_H2_512C_int8/237-126133-0007_generated.wav,8.68,2.277508,2.273694,0.262386,0.261946,1.245644,0.899482,1.203772
H2_512C_quantized_resblocks_range_2_9,237-126133-0008.wav,generated_audios/generated_H2_512C_int8/237-126133-0008_generated.wav,3.865034,1.01786,1.014883,0.263351,0.262581,1.121122,0.872929,1.215253
H2_512C_quantized_resblocks_range_2_9,237-126133-0009.wav,generated_audios/generated_H2_512C_int8/237-126133-0009_generated.wav,3.970023,1.023353,1.020006,0.25777,0.256927,1.206847,0.914147,1.243794
H2_512C_quantized_resblocks_range_2_9,237-126133-0010.wav,generated_audios/generated_H2_512C_int8/237-126133-0010_generated.wav,6.24,1.618295,1.614567,0.259342,0.258745,1.236047,0.884697,1.177338
H2_512C_quantized_resblocks_range_2_9,237-126133-0011.wav,generated_audios/generated_H2_512C_int8/237-126133-0011_generated.wav,6.710023,1.733081,1.729672,0.258282,0.257774,1.221694,0.907413,1.282671
H2_512C_quantized_resblocks_range_2_9,237-126133-0012.wav,generated_audios/generated_H2_512C_int8/237-126133-0012_generated.wav,4.450023,1.158118,1.154789,0.26025,0.259502,1.142113,0.844732,1.319178
H2_512C_quantized_resblocks_range_2_9,237-126133-0013.wav,generated_audios/generated_H2_512C_int8/237-126133-0013_generated.wav,6.815011,1.798088,1.794741,0.263842,0.263351,1.176743,0.873204,1.377192
H2_512C_quantized_resblocks_range_2_9,237-126133-0014.wav,generated_audios/generated_H2_512C_int8/237-126133-0014_generated.wav,6.790023,1.777154,1.773631,0.26173,0.261211,1.178561,0.869702,1.144493
H2_512C_quantized_resblocks_range_2_9,237-126133-0015.wav,generated_audios/generated_H2_512C_int8/237-126133-0015_generated.wav,9.34,2.35557,2.351959,0.252202,0.251816,1.19337,0.887816,1.261863
H2_512C_quantized_resblocks_range_2_9,237-126133-0016.wav,generated_audios/generated_H2_512C_int8/237-126133-0016_generated.wav,4.250023,1.081873,1.078937,0.254557,0.253866,1.264101,0.906574,1.251339
H2_512C_quantized_resblocks_range_2_9,237-126133-0017.wav,generated_audios/generated_H2_512C_int8/237-126133-0017_generated.wav,6.210023,1.595703,1.592382,0.256956,0.256421,1.338158,0.914265,1.117916
H2_512C_quantized_resblocks_range_2_9,237-126133-0018.wav,generated_audios/generated_H2_512C_int8/237-126133-0018_generated.wav,4.095011,1.111003,1.107762,0.271306,0.270515,1.107353,0.816341,1.335768
H2_512C_quantized_resblocks_range_2_9,237-126133-0019.wav,generated_audios/generated_H2_512C_int8/237-126133-0019_generated.wav,7.12,1.868301,1.864226,0.262402,0.26183,1.17356,0.888966,1.284936
H2_512C_quantized_resblocks_range_2_9,237-126133-0020.wav,generated_audios/generated_H2_512C_int8/237-126133-0020_generated.wav,2.24,0.547653,0.544816,0.244488,0.243222,1.201848,0.911403,1.255265
H2_512C_quantized_resblocks_range_2_9,237-126133-0021.wav,generated_audios/generated_H2_512C_int8/237-126133-0021_generated.wav,4.365034,1.097712,1.094393,0.251478,0.250718,1.105327,0.81457,1.340933
H2_512C_quantized_resblocks_range_2_9,237-126133-0022.wav,generated_audios/generated_H2_512C_int8/237-126133-0022_generated.wav,5.04,1.309022,1.306,0.259726,0.259127,1.171681,0.90428,1.351226
H2_512C_quantized_resblocks_range_2_9,237-126133-0023.wav,generated_audios/generated_H2_512C_int8/237-126133-0023_generated.wav,6.675011,1.753074,1.749648,0.262632,0.262119,1.157817,0.88945,1.25677
H2_512C_quantized_resblocks_range_2_9,237-126133-0024.wav,generated_audios/generated_H2_512C_int8/237-126133-0024_generated.wav,9.665034,2.680398,2.676589,0.277329,0.276935,1.291834,0.916368,1.074516
H2_512C_quantized_resblocks_range_2_9,237-126133-0025.wav,generated_audios/generated_H2_512C_int8/237-126133-0025_generated.wav,3.755011,0.992976,0.989853,0.26444,0.263609,1.227249,0.905945,1.133825
H2_512C_quantized_resblocks_range_2_9,237-134493-0000.wav,generated_audios/generated_H2_512C_int8/237-134493-0000_generated.wav,4.105034,1.058447,1.055312,0.257841,0.257078,1.778459,0.933106,0.835428
H2_512C_quantized_resblocks_range_2_9,237-134493-0001.wav,generated_audios/generated_H2_512C_int8/237-134493-0001_generated.wav,7.38,1.914859,1.911293,0.259466,0.258983,1.772765,0.937402,0.83305
H2_512C_quantized_resblocks_range_2_9,237-134493-0002.wav,generated_audios/generated_H2_512C_int8/237-134493-0002_generated.wav,11.395011,2.970536,2.966459,0.260687,0.26033,1.826813,0.937914,0.932311
H2_512C_quantized_resblocks_range_2_9,237-134493-0003.wav,generated_audios/generated_H2_512C_int8/237-134493-0003_generated.wav,12.765034,3.919944,3.915213,0.307084,0.306714,1.744506,0.943092,0.826129
H2_512C_quantized_resblocks_range_2_9,237-134493-0004.wav,generated_audios/generated_H2_512C_int8/237-134493-0004_generated.wav,6.825034,1.770231,1.766577,0.259373,0.258838,1.946927,0.941492,0.772441
H2_512C_quantized_resblocks_range_2_9,237-134493-0005.wav,generated_audios/generated_H2_512C_int8/237-134493-0005_generated.wav,10.945034,2.831892,2.827829,0.258738,0.258366,1.832566,0.936431,0.789716
H2_512C_quantized_resblocks_range_2_9,237-134493-0006.wav,generated_audios/generated_H2_512C_int8/237-134493-0006_generated.wav,4.395011,1.142384,1.139104,0.259927,0.259181,2.078311,0.949951,0.753935
H2_512C_quantized_resblocks_range_2_9,237-134493-0007.wav,generated_audios/generated_H2_512C_int8/237-134493-0007_generated.wav,2.035011,0.504588,0.501502,0.247953,0.246437,2.038448,0.93595,0.738988
H2_512C_quantized_resblocks_range_2_9,237-134493-0008.wav,generated_audios/generated_H2_512C_int8/237-134493-0008_generated.wav,2.305034,0.546993,0.543828,0.237304,0.235931,1.640039,0.862498,1.027586
H2_512C_quantized_resblocks_range_2_9,237-134493-0009.wav,generated_audios/generated_H2_512C_int8/237-134493-0009_generated.wav,2.975011,0.802274,0.799218,0.269671,0.268644,1.716566,0.93125,0.994787
H2_512C_quantized_resblocks_range_2_9,237-134493-0010.wav,generated_audios/generated_H2_512C_int8/237-134493-0010_generated.wav,2.875011,0.890833,0.887816,0.309854,0.308804,1.661897,0.900416,0.894752
H2_512C_quantized_resblocks_range_2_9,237-134493-0011.wav,generated_audios/generated_H2_512C_int8/237-134493-0011_generated.wav,5.035011,1.399125,1.326135,0.277879,0.263383,1.963783,0.951897,0.751514
H2_512C_quantized_resblocks_range_2_9,237-134493-0012.wav,generated_audios/generated_H2_512C_int8/237-134493-0012_generated.wav,3.66,0.931751,0.928497,0.254577,0.253688,1.938331,0.949194,0.849545
H2_512C_quantized_resblocks_range_2_9,237-134493-0013.wav,generated_audios/generated_H2_512C_int8/237-134493-0013_generated.wav,4.090023,0.66534,0.662154,0.162674,0.161895,1.976552,0.927735,0.760323
H2_512C_quantized_resblocks_range_2_9,237-134493-0014.wav,generated_audios/generated_H2_512C_int8/237-134493-0014_generated.wav,3.7,0.929475,0.926228,0.251209,0.250332,2.047337,0.949674,0.81831
H2_512C_quantized_resblocks_range_2_9,237-134493-0015.wav,generated_audios/generated_H2_512C_int8/237-134493-0015_generated.wav,6.550023,1.085631,1.082107,0.165745,0.165207,1.766067,0.941042,0.765352
H2_512C_quantized_resblocks_range_2_9,237-134493-0016.wav,generated_audios/generated_H2_512C_int8/237-134493-0016_generated.wav,10.085034,2.633109,2.628827,0.261091,0.260666,1.936337,0.946792,0.73841
H2_512C_quantized_resblocks_range_2_9,237-134493-0017.wav,generated_audios/generated_H2_512C_int8/237-134493-0017_generated.wav,9.105034,2.459995,2.456244,0.27018,0.269768,1.861998,0.937458,0.800667
H2_512C_quantized_resblocks_range_2_9,237-134493-0018.wav,generated_audios/generated_H2_512C_int8/237-134493-0018_generated.wav,4.790023,1.261898,1.25844,0.263443,0.262721,1.910001,0.950851,0.792538
H2_512C_quantized_resblocks_range_2_9,237-134500-0000.wav,generated_audios/generated_H2_512C_int8/237-134500-0000_generated.wav,6.130023,1.602899,1.599543,0.261483,0.260936,1.507138,0.930433,0.975852
H2_512C_quantized_resblocks_range_2_9,237-134500-0001.wav,generated_audios/generated_H2_512C_int8/237-134500-0001_generated.wav,1.810023,0.453214,0.450144,0.250391,0.248695,1.57031,0.905272,1.033269
H2_512C_quantized_resblocks_range_2_9,237-134500-0002.wav,generated_audios/generated_H2_512C_int8/237-134500-0002_generated.wav,5.070023,1.32483,1.32131,0.261306,0.260612,1.719423,0.952375,0.878853
H2_512C_quantized_resblocks_range_2_9,237-134500-0003.wav,generated_audios/generated_H2_512C_int8/237-134500-0003_generated.wav,3.170023,0.475075,0.471854,0.149865,0.148849,1.5164,0.938093,0.949993
H2_512C_quantized_resblocks_range_2_9,237-134500-0004.wav,generated_audios/generated_H2_512C_int8/237-134500-0004_generated.wav,2.225034,0.318111,0.314978,0.142969,0.141561,1.441166,0.94449,0.924401
H2_512C_quantized_resblocks_range_2_9,237-134500-0005.wav,generated_audios/generated_H2_512C_int8/237-134500-0005_generated.wav,2.390023,0.60944,0.606583,0.254993,0.253798,1.647703,0.949585,0.909591
H2_512C_quantized_resblocks_range_2_9,237-134500-0006.wav,generated_audios/generated_H2_512C_int8/237-134500-0006_generated.wav,4.225034,1.080239,1.076641,0.255676,0.254824,1.849735,0.935167,0.83736
H2_512C_quantized_resblocks_range_2_9,237-134500-0007.wav,generated_audios/generated_H2_512C_int8/237-134500-0007_generated.wav,2.390023,0.352626,0.349269,0.147541,0.146136,1.646535,0.927663,0.936189
H2_512C_quantized_resblocks_range_2_9,237-134500-0008.wav,generated_audios/generated_H2_512C_int8/237-134500-0008_generated.wav,3.76,0.598823,0.595541,0.159261,0.158389,1.529745,0.921076,0.897086
H2_512C_quantized_resblocks_range_2_9,237-134500-0009.wav,generated_audios/generated_H2_512C_int8/237-134500-0009_generated.wav,2.22,0.30814,0.30501,0.138802,0.137392,1.435627,0.919238,0.87881
H2_512C_quantized_resblocks_range_2_9,237-134500-0010.wav,generated_audios/generated_H2_512C_int8/237-134500-0010_generated.wav,3.995011,1.049607,1.046268,0.262729,0.261894,1.760492,0.949302,0.772318
H2_512C_quantized_resblocks_range_2_9,237-134500-0011.wav,generated_audios/generated_H2_512C_int8/237-134500-0011_generated.wav,3.350023,0.858375,0.855176,0.25623,0.255275,1.948003,0.928663,0.87331
H2_512C_quantized_resblocks_range_2_9,237-134500-0012.wav,generated_audios/generated_H2_512C_int8/237-134500-0012_generated.wav,10.935011,2.841784,2.837398,0.259879,0.259478,1.521684,0.927041,0.929209
H2_512C_quantized_resblocks_range_2_9,237-134500-0013.wav,generated_audios/generated_H2_512C_int8/237-134500-0013_generated.wav,10.56,1.746972,1.742722,0.165433,0.165031,1.596796,0.942252,0.911015
H2_512C_quantized_resblocks_range_2_9,237-134500-0014.wav,generated_audios/generated_H2_512C_int8/237-134500-0014_generated.wav,4.250023,0.632053,0.628775,0.148718,0.147946,1.591434,0.888958,0.960024
H2_512C_quantized_resblocks_range_2_9,237-134500-0015.wav,generated_audios/generated_H2_512C_int8/237-134500-0015_generated.wav,10.815011,2.84004,2.836003,0.262602,0.262228,1.639525,0.946868,0.872008
H2_512C_quantized_resblocks_range_2_9,237-134500-0016.wav,generated_audios/generated_H2_512C_int8/237-134500-0016_generated.wav,3.16,0.471952,0.468717,0.149352,0.148328,1.475092,0.895886,1.11976
H2_512C_quantized_resblocks_range_2_9,237-134500-0017.wav,generated_audios/generated_H2_512C_int8/237-134500-0017_generated.wav,2.18,0.307446,0.304435,0.14103,0.139649,1.956708,0.949972,0.950908
H2_512C_quantized_resblocks_range_2_9,237-134500-0018.wav,generated_audios/generated_H2_512C_int8/237-134500-0018_generated.wav,12.845034,3.895851,3.891234,0.303296,0.302937,1.499462,0.924473,0.98664
H2_512C_quantized_resblocks_range_2_9,237-134500-0019.wav,generated_audios/generated_H2_512C_int8/237-134500-0019_generated.wav,2.86,0.670721,0.667939,0.234518,0.233545,1.391015,0.925735,1.120279
H2_512C_quantized_resblocks_range_2_9,237-134500-0020.wav,generated_audios/generated_H2_512C_int8/237-134500-0020_generated.wav,2.18,0.2943,0.291371,0.135,0.133656,1.248323,0.954288,1.34717
H2_512C_quantized_resblocks_range_2_9,237-134500-0021.wav,generated_audios/generated_H2_512C_int8/237-134500-0021_generated.wav,5.12,1.282193,1.278619,0.250428,0.24973,1.590098,0.905205,1.074452
H2_512C_quantized_resblocks_range_2_9,237-134500-0022.wav,generated_audios/generated_H2_512C_int8/237-134500-0022_generated.wav,5.165034,1.318067,1.314543,0.25519,0.254508,1.648206,0.925056,0.972993
H2_512C_quantized_resblocks_range_2_9,237-134500-0023.wav,generated_audios/generated_H2_512C_int8/237-134500-0023_generated.wav,3.06,0.761845,0.758561,0.248969,0.247896,1.786535,0.941972,1.016176
H2_512C_quantized_resblocks_range_2_9,237-134500-0024.wav,generated_audios/generated_H2_512C_int8/237-134500-0024_generated.wav,4.410023,0.72344,0.719985,0.164045,0.163261,1.563692,0.927031,1.052733
H2_512C_quantized_resblocks_range_2_9,237-134500-0025.wav,generated_audios/generated_H2_512C_int8/237-134500-0025_generated.wav,1.630023,0.437456,0.434401,0.268374,0.2665,1.325285,0.932216,1.309108
H2_512C_quantized_resblocks_range_2_9,237-134500-0026.wav,generated_audios/generated_H2_512C_int8/237-134500-0026_generated.wav,3.050023,0.784728,0.781537,0.257286,0.25624,1.637151,0.935563,1.179265
H2_512C_quantized_resblocks_range_2_9,237-134500-0027.wav,generated_audios/generated_H2_512C_int8/237-134500-0027_generated.wav,3.270023,0.822257,0.819096,0.251453,0.250486,1.507443,0.916077,0.931487
H2_512C_quantized_resblocks_range_2_9,237-134500-0028.wav,generated_audios/generated_H2_512C_int8/237-134500-0028_generated.wav,4.524943,1.202034,1.198485,0.265646,0.264862,1.399435,0.923789,0.945924
H2_512C_quantized_resblocks_range_2_9,237-134500-0029.wav,generated_audios/generated_H2_512C_int8/237-134500-0029_generated.wav,2.065034,0.497135,0.494054,0.240739,0.239247,1.702969,0.943343,0.931955
H2_512C_quantized_resblocks_range_2_9,237-134500-0030.wav,generated_audios/generated_H2_512C_int8/237-134500-0030_generated.wav,2.78,0.689007,0.685648,0.247844,0.246636,1.592577,0.950463,1.160185
H2_512C_quantized_resblocks_range_2_9,237-134500-0031.wav,generated_audios/generated_H2_512C_int8/237-134500-0031_generated.wav,10.610023,2.78922,2.785361,0.262885,0.262522,1.651538,0.936681,0.909697
H2_512C_quantized_resblocks_range_2_9,237-134500-0032.wav,generated_audios/generated_H2_512C_int8/237-134500-0032_generated.wav,5.025034,0.802816,0.799547,0.159763,0.159113,1.455965,0.932501,1.04483
H2_512C_quantized_resblocks_range_2_9,237-134500-0033.wav,generated_audios/generated_H2_512C_int8/237-134500-0033_generated.wav,6.350023,1.661012,1.657605,0.261576,0.261039,1.413027,0.888592,1.034953
H2_512C_quantized_resblocks_range_2_9,237-134500-0034.wav,generated_audios/generated_H2_512C_int8/237-134500-0034_generated.wav,3.075011,0.777685,0.774273,0.252905,0.251795,1.243778,0.838621,1.296316
H2_512C_quantized_resblocks_range_2_9,237-134500-0035.wav,generated_audios/generated_H2_512C_int8/237-134500-0035_generated.wav,2.555011,0.651798,0.648571,0.255106,0.253843,1.450541,0.934181,1.051841
H2_512C_quantized_resblocks_range_2_9,237-134500-0036.wav,generated_audios/generated_H2_512C_int8/237-134500-0036_generated.wav,6.6,1.732059,1.728552,0.262433,0.261902,1.368179,0.913427,1.20058
H2_512C_quantized_resblocks_range_2_9,237-134500-0037.wav,generated_audios/generated_H2_512C_int8/237-134500-0037_generated.wav,7.105034,1.860751,1.857297,0.261892,0.261406,1.527423,0.905956,0.975146
H2_512C_quantized_resblocks_range_2_9,237-134500-0038.wav,generated_audios/generated_H2_512C_int8/237-134500-0038_generated.wav,2.435011,0.624048,0.620899,0.256282,0.254988,1.638033,0.929535,0.864766
H2_512C_quantized_resblocks_range_2_9,237-134500-0039.wav,generated_audios/generated_H2_512C_int8/237-134500-0039_generated.wav,4.630023,1.223257,1.22002,0.264201,0.263502,1.455199,0.927409,0.994849
H2_512C_quantized_resblocks_range_2_9,237-134500-0040.wav,generated_audios/generated_H2_512C_int8/237-134500-0040_generated.wav,4.030023,0.6515,0.647989,0.161662,0.16079,1.553071,0.947209,0.906412
H2_512C_quantized_resblocks_range_2_9,237-134500-0041.wav,generated_audios/generated_H2_512C_int8/237-134500-0041_generated.wav,8.92,1.808437,1.804247,0.20274,0.20227,1.428018,0.948415,1.182605
H2_512C_quantized_resblocks_range_2_9,237-134500-0042.wav,generated_audios/generated_H2_512C_int8/237-134500-0042_generated.wav,2.575011,0.65789,0.654822,0.25549,0.254299,1.478747,0.885411,1.3449
H2_512C_quantized_resblocks_range_2_9,260-123286-0000.wav,generated_audios/generated_H2_512C_int8/260-123286-0000_generated.wav,7.04,1.792557,1.789089,0.254625,0.254132,1.290016,0.887334,1.207026
H2_512C_quantized_resblocks_range_2_9,260-123286-0001.wav,generated_audios/generated_H2_512C_int8/260-123286-0001_generated.wav,3.070023,0.436778,0.433578,0.142272,0.14123,1.200816,0.895349,0.962464
H2_512C_quantized_resblocks_range_2_9,260-123286-0002.wav,generated_audios/generated_H2_512C_int8/260-123286-0002_generated.wav,9.985034,2.627724,2.624139,0.263166,0.262807,1.339367,0.910746,0.950502
H2_512C_quantized_resblocks_range_2_9,260-123286-0003.wav,generated_audios/generated_H2_512C_int8/260-123286-0003_generated.wav,7.370023,1.909692,1.905847,0.259116,0.258594,1.266088,0.88388,0.988316
H2_512C_quantized_resblocks_range_2_9,260-123286-0004.wav,generated_audios/generated_H2_512C_int8/260-123286-0004_generated.wav,3.465034,0.893507,0.890218,0.257864,0.256915,1.274253,0.909373,1.106086
H2_512C_quantized_resblocks_range_2_9,260-123286-0005.wav,generated_audios/generated_H2_512C_int8/260-123286-0005_generated.wav,4.810023,1.204967,1.201723,0.250512,0.249837,1.263407,0.865659,1.093419
H2_512C_quantized_resblocks_range_2_9,260-123286-0006.wav,generated_audios/generated_H2_512C_int8/260-123286-0006_generated.wav,7.405034,1.937584,1.933527,0.261658,0.26111,1.436862,0.926551,0.951064
H2_512C_quantized_resblocks_range_2_9,260-123286-0007.wav,generated_audios/generated_H2_512C_int8/260-123286-0007_generated.wav,4.550023,1.192896,1.18954,0.262174,0.261436,1.29411,0.895116,1.064067
H2_512C_quantized_resblocks_range_2_9,260-123286-0008.wav,generated_audios/generated_H2_512C_int8/260-123286-0008_generated.wav,3.735011,0.956978,0.953675,0.256218,0.255334,1.356132,0.917052,0.961598
H2_512C_quantized_resblocks_range_2_9,260-123286-0009.wav,generated_audios/generated_H2_512C_int8/260-123286-0009_generated.wav,5.795011,1.480796,1.477014,0.255529,0.254877,1.26817,0.906076,0.904493
H2_512C_quantized_resblocks_range_2_9,260-123286-0010.wav,generated_audios/generated_H2_512C_int8/260-123286-0010_generated.wav,2.575011,0.355295,0.352211,0.137978,0.13678,1.212001,0.917833,1.090112
H2_512C_quantized_resblocks_range_2_9,260-123286-0011.wav,generated_audios/generated_H2_512C_int8/260-123286-0011_generated.wav,4.255011,0.680193,0.676826,0.159857,0.159066,1.316241,0.879538,1.22397
H2_512C_quantized_resblocks_range_2_9,260-123286-0012.wav,generated_audios/generated_H2_512C_int8/260-123286-0012_generated.wav,2.430023,0.337458,0.334349,0.13887,0.137591,1.322608,0.914265,1.04482
H2_512C_quantized_resblocks_range_2_9,260-123286-0013.wav,generated_audios/generated_H2_512C_int8/260-123286-0013_generated.wav,4.730023,1.207137,1.203989,0.255208,0.254542,1.431448,0.926379,0.963802
H2_512C_quantized_resblocks_range_2_9,260-123286-0014.wav,generated_audios/generated_H2_512C_int8/260-123286-0014_generated.wav,2.98,0.562644,0.559469,0.188807,0.187741,1.227484,0.892051,0.886991
H2_512C_quantized_resblocks_range_2_9,260-123286-0015.wav,generated_audios/generated_H2_512C_int8/260-123286-0015_generated.wav,5.210023,1.437774,1.43419,0.275963,0.275275,1.45438,0.927533,1.129638
H2_512C_quantized_resblocks_range_2_9,260-123286-0016.wav,generated_audios/generated_H2_512C_int8/260-123286-0016_generated.wav,7.0,1.857185,1.853373,0.265312,0.264768,1.360785,0.91941,0.924191
H2_512C_quantized_resblocks_range_2_9,260-123286-0017.wav,generated_audios/generated_H2_512C_int8/260-123286-0017_generated.wav,3.975011,1.004931,1.001602,0.252812,0.251975,1.311315,0.92782,0.845633
H2_512C_quantized_resblocks_range_2_9,260-123286-0018.wav,generated_audios/generated_H2_512C_int8/260-123286-0018_generated.wav,5.670023,1.486153,1.482856,0.262107,0.261526,1.324684,0.872476,1.038975
H2_512C_quantized_resblocks_range_2_9,260-123286-0019.wav,generated_audios/generated_H2_512C_int8/260-123286-0019_generated.wav,11.905034,3.652338,3.648024,0.306789,0.306427,1.321448,0.902546,0.983028
H2_512C_quantized_resblocks_range_2_9,260-123286-0020.wav,generated_audios/generated_H2_512C_int8/260-123286-0020_generated.wav,3.06,0.432742,0.429387,0.141419,0.140323,1.192428,0.910503,0.885017
H2_512C_quantized_resblocks_range_2_9,260-123286-0021.wav,generated_audios/generated_H2_512C_int8/260-123286-0021_generated.wav,2.550023,0.605706,0.602829,0.23753,0.236402,1.32485,0.919874,1.04836
H2_512C_quantized_resblocks_range_2_9,260-123286-0022.wav,generated_audios/generated_H2_512C_int8/260-123286-0022_generated.wav,3.235011,0.798291,0.795238,0.246766,0.245822,1.305974,0.925632,0.892054
H2_512C_quantized_resblocks_range_2_9,260-123286-0023.wav,generated_audios/generated_H2_512C_int8/260-123286-0023_generated.wav,5.875011,1.513572,1.510055,0.257629,0.25703,1.347706,0.897335,0.988356
H2_512C_quantized_resblocks_range_2_9,260-123286-0024.wav,generated_audios/generated_H2_512C_int8/260-123286-0024_generated.wav,3.04,0.741857,0.738681,0.244032,0.242987,1.575225,0.937539,1.031487
H2_512C_quantized_resblocks_range_2_9,260-123286-0025.wav,generated_audios/generated_H2_512C_int8/260-123286-0025_generated.wav,9.205034,2.385647,2.381156,0.259168,0.25868,1.365685,0.915405,1.028344
H2_512C_quantized_resblocks_range_2_9,260-123286-0026.wav,generated_audios/generated_H2_512C_int8/260-123286-0026_generated.wav,6.94,1.795357,1.79168,0.258697,0.258167,1.285239,0.898128,1.071257
H2_512C_quantized_resblocks_range_2_9,260-123286-0027.wav,generated_audios/generated_H2_512C_int8/260-123286-0027_generated.wav,7.170023,1.845951,1.842552,0.257454,0.25698,1.323928,0.877755,0.974066
H2_512C_quantized_resblocks_range_2_9,260-123286-0028.wav,generated_audios/generated_H2_512C_int8/260-123286-0028_generated.wav,7.465034,1.908543,1.904752,0.255664,0.255157,1.333267,0.879047,0.927797
H2_512C_quantized_resblocks_range_2_9,260-123286-0029.wav,generated_audios/generated_H2_512C_int8/260-123286-0029_generated.wav,4.545034,0.712983,0.709332,0.156871,0.156068,1.277412,0.915103,0.950633
H2_512C_quantized_resblocks_range_2_9,260-123286-0030.wav,generated_audios/generated_H2_512C_int8/260-123286-0030_generated.wav,7.530023,1.231963,1.228308,0.163607,0.163121,1.277594,0.89261,1.12285
H2_512C_quantized_resblocks_range_2_9,260-123286-0031.wav,generated_audios/generated_H2_512C_int8/260-123286-0031_generated.wav,5.06,1.258646,1.255122,0.248744,0.248048,1.417049,0.916314,0.779876
H2_512C_quantized_resblocks_range_2_9,260-123288-0000.wav,generated_audios/generated_H2_512C_int8/260-123288-0000_generated.wav,3.04,0.43986,0.436495,0.144691,0.143584,1.33978,0.872039,1.102233
H2_512C_quantized_resblocks_range_2_9,260-123288-0001.wav,generated_audios/generated_H2_512C_int8/260-123288-0001_generated.wav,5.08,0.823732,0.819998,0.162152,0.161417,1.227859,0.886373,1.199003
H2_512C_quantized_resblocks_range_2_9,260-123288-0002.wav,generated_audios/generated_H2_512C_int8/260-123288-0002_generated.wav,7.250023,1.906552,1.903015,0.262972,0.262484,1.286408,0.875012,1.043557
H2_512C_quantized_resblocks_range_2_9,260-123288-0003.wav,generated_audios/generated_H2_512C_int8/260-123288-0003_generated.wav,8.905034,2.336099,2.331969,0.262335,0.261871,1.289483,0.913776,1.00699
H2_512C_quantized_resblocks_range_2_9,260-123288-0004.wav,generated_audios/generated_H2_512C_int8/260-123288-0004_generated.wav,4.310023,1.114165,1.11083,0.258506,0.257732,1.227739,0.843777,1.131485
H2_512C_quantized_resblocks_range_2_9,260-123288-0005.wav,generated_audios/generated_H2_512C_int8/260-123288-0005_generated.wav,12.550023,3.892278,3.887736,0.310141,0.309779,1.242395,0.884236,1.037677
H2_512C_quantized_resblocks_range_2_9,260-123288-0006.wav,generated_audios/generated_H2_512C_int8/260-123288-0006_generated.wav,4.88,1.274899,1.271406,0.26125,0.260534,1.226378,0.897785,0.845311
H2_512C_quantized_resblocks_range_2_9,260-123288-0007.wav,generated_audios/generated_H2_512C_int8/260-123288-0007_generated.wav,11.2,2.947091,2.94408,0.263133,0.262864,1.281698,0.891789,1.101135
H2_512C_quantized_resblocks_range_2_9,260-123288-0008.wav,generated_audios/generated_H2_512C_int8/260-123288-0008_generated.wav,5.515011,1.463718,1.4599,0.265406,0.264714,1.484422,0.925526,1.083101
H2_512C_quantized_resblocks_range_2_9,260-123288-0009.wav,generated_audios/generated_H2_512C_int8/260-123288-0009_generated.wav,3.435011,0.893373,0.890033,0.260079,0.259106,1.493749,0.90445,1.021599
H2_512C_quantized_resblocks_range_2_9,260-123288-0010.wav,generated_audios/generated_H2_512C_int8/260-123288-0010_generated.wav,9.995011,1.670618,1.666772,0.167145,0.16676,1.266286,0.905348,0.906855
H2_512C_quantized_resblocks_range_2_9,260-123288-0011.wav,generated_audios/generated_H2_512C_int8/260-123288-0011_generated.wav,8.98,2.370086,2.366143,0.263929,0.26349,1.34099,0.874206,0.916659
H2_512C_quantized_resblocks_range_2_9,260-123288-0012.wav,generated_audios/generated_H2_512C_int8/260-123288-0012_generated.wav,3.545034,0.945535,0.942322,0.266721,0.265815,1.425315,0.924751,1.006816
H2_512C_quantized_resblocks_range_2_9,260-123288-0013.wav,generated_audios/generated_H2_512C_int8/260-123288-0013_generated.wav,11.385079,3.015746,3.011582,0.264886,0.26452,1.316969,0.892477,1.048212
H2_512C_quantized_resblocks_range_2_9,260-123288-0014.wav,generated_audios/generated_H2_512C_int8/260-123288-0014_generated.wav,1.805034,0.262311,0.259212,0.145322,0.143605,1.495458,0.925838,1.036016
H2_512C_quantized_resblocks_range_2_9,260-123288-0015.wav,generated_audios/generated_H2_512C_int8/260-123288-0015_generated.wav,21.185034,6.861942,6.856221,0.323905,0.323635,1.267212,0.885872,1.025571
H2_512C_quantized_resblocks_range_2_9,260-123288-0016.wav,generated_audios/generated_H2_512C_int8/260-123288-0016_generated.wav,4.865034,1.283611,1.279878,0.263844,0.263077,1.218267,0.854377,1.214364
H2_512C_quantized_resblocks_range_2_9,260-123288-0017.wav,generated_audios/generated_H2_512C_int8/260-123288-0017_generated.wav,5.225034,1.293173,1.289794,0.247496,0.246849,1.32233,0.917642,1.069836
H2_512C_quantized_resblocks_range_2_9,260-123288-0018.wav,generated_audios/generated_H2_512C_int8/260-123288-0018_generated.wav,3.245034,0.800735,0.797493,0.246757,0.245758,1.452692,0.885143,0.976112
H2_512C_quantized_resblocks_range_2_9,260-123288-0019.wav,generated_audios/generated_H2_512C_int8/260-123288-0019_generated.wav,2.955011,0.436256,0.433435,0.147633,0.146678,1.272562,0.902282,0.89332
H2_512C_quantized_resblocks_range_2_9,260-123288-0020.wav,generated_audios/generated_H2_512C_int8/260-123288-0020_generated.wav,2.9,0.693954,0.690929,0.239295,0.238251,1.335872,0.910683,0.765349
H2_512C_quantized_resblocks_range_2_9,260-123288-0021.wav,generated_audios/generated_H2_512C_int8/260-123288-0021_generated.wav,2.710023,0.388246,0.385031,0.143263,0.142077,1.328972,0.902824,1.068778
H2_512C_quantized_resblocks_range_2_9,260-123288-0022.wav,generated_audios/generated_H2_512C_int8/260-123288-0022_generated.wav,3.705034,0.938716,0.935646,0.253362,0.252534,1.195643,0.897553,1.147276
H2_512C_quantized_resblocks_range_2_9,260-123288-0023.wav,generated_audios/generated_H2_512C_int8/260-123288-0023_generated.wav,2.385034,0.358081,0.354969,0.150137,0.148832,1.236753,0.836446,0.993155
H2_512C_quantized_resblocks_range_2_9,260-123288-0024.wav,generated_audios/generated_H2_512C_int8/260-123288-0024_generated.wav,14.595011,4.528675,4.523226,0.310289,0.309916,1.310686,0.905341,1.054141
H2_512C_quantized_resblocks_range_2_9,260-123288-0025.wav,generated_audios/generated_H2_512C_int8/260-123288-0025_generated.wav,13.445034,4.173862,4.169082,0.310439,0.310083,1.330095,0.894579,1.029696
H2_512C_quantized_resblocks_range_2_9,260-123288-0026.wav,generated_audios/generated_H2_512C_int8/260-123288-0026_generated.wav,16.04,4.991279,4.986665,0.311177,0.310889,1.310145,0.900986,1.105422
H2_512C_quantized_resblocks_range_2_9,260-123288-0027.wav,generated_audios/generated_H2_512C_int8/260-123288-0027_generated.wav,6.305034,1.651246,1.647454,0.261893,0.261292,1.342209,0.917951,1.09276
H2_512C_quantized_resblocks_range_2_9,260-123288-0028.wav,generated_audios/generated_H2_512C_int8/260-123288-0028_generated.wav,2.610023,0.665307,0.662177,0.254905,0.253705,1.334374,0.933431,0.883675
H2_512C_quantized_resblocks_range_2_9,260-123440-0000.wav,generated_audios/generated_H2_512C_int8/260-123440-0000_generated.wav,2.165034,0.51619,0.512887,0.238421,0.236895,1.172439,0.882496,1.194624
H2_512C_quantized_resblocks_range_2_9,260-123440-0001.wav,generated_audios/generated_H2_512C_int8/260-123440-0001_generated.wav,1.74,0.451939,0.448677,0.259735,0.25786,1.340412,0.913232,0.936723
H2_512C_quantized_resblocks_range_2_9,260-123440-0002.wav,generated_audios/generated_H2_512C_int8/260-123440-0002_generated.wav,14.715011,4.668856,4.664068,0.317285,0.31696,1.292491,0.914326,1.100669
H2_512C_quantized_resblocks_range_2_9,260-123440-0003.wav,generated_audios/generated_H2_512C_int8/260-123440-0003_generated.wav,3.585034,0.906186,0.903362,0.252769,0.251981,1.35435,0.909365,1.05979
H2_512C_quantized_resblocks_range_2_9,260-123440-0004.wav,generated_audios/generated_H2_512C_int8/260-123440-0004_generated.wav,12.02,3.711687,3.707589,0.308793,0.308452,1.240168,0.907211,0.988961
H2_512C_quantized_resblocks_range_2_9,260-123440-0005.wav,generated_audios/generated_H2_512C_int8/260-123440-0005_generated.wav,3.105034,0.453868,0.450803,0.146172,0.145184,1.334768,0.911382,1.017004
H2_512C_quantized_resblocks_range_2_9,260-123440-0006.wav,generated_audios/generated_H2_512C_int8/260-123440-0006_generated.wav,2.715011,0.377747,0.374635,0.139133,0.137987,1.307089,0.902795,1.084775
H2_512C_quantized_resblocks_range_2_9,260-123440-0007.wav,generated_audios/generated_H2_512C_int8/260-123440-0007_generated.wav,3.385034,0.846466,0.842922,0.250061,0.249014,1.304131,0.898977,1.058317
H2_512C_quantized_resblocks_range_2_9,260-123440-0008.wav,generated_audios/generated_H2_512C_int8/260-123440-0008_generated.wav,3.745034,1.010816,1.007633,0.269908,0.269058,1.278731,0.896826,1.042201
H2_512C_quantized_resblocks_range_2_9,260-123440-0009.wav,generated_audios/generated_H2_512C_int8/260-123440-0009_generated.wav,3.115011,0.786236,0.78302,0.252402,0.25137,1.323552,0.938185,0.856064
H2_512C_quantized_resblocks_range_2_9,260-123440-0010.wav,generated_audios/generated_H2_512C_int8/260-123440-0010_generated.wav,8.315011,2.264566,2.259934,0.272347,0.27179,1.307755,0.886117,0.967217
H2_512C_quantized_resblocks_range_2_9,260-123440-0011.wav,generated_audios/generated_H2_512C_int8/260-123440-0011_generated.wav,4.870023,0.800657,0.797404,0.164405,0.163737,1.332735,0.911317,1.072229
H2_512C_quantized_resblocks_range_2_9,260-123440-0012.wav,generated_audios/generated_H2_512C_int8/260-123440-0012_generated.wav,5.245034,1.377265,1.375006,0.262584,0.262154,1.331665,0.909468,0.974012
H2_512C_quantized_resblocks_range_2_9,260-123440-0013.wav,generated_audios/generated_H2_512C_int8/260-123440-0013_generated.wav,3.475011,0.931524,0.928436,0.268064,0.267175,1.26833,0.90278,1.135671
H2_512C_quantized_resblocks_range_2_9,260-123440-0014.wav,generated_audios/generated_H2_512C_int8/260-123440-0014_generated.wav,3.815011,1.038923,1.035527,0.272325,0.271435,1.36893,0.933706,1.040962
H2_512C_quantized_resblocks_range_2_9,260-123440-0015.wav,generated_audios/generated_H2_512C_int8/260-123440-0015_generated.wav,6.2,1.010429,1.006691,0.162972,0.162369,1.38832,0.914992,0.916883
H2_512C_quantized_resblocks_range_2_9,260-123440-0016.wav,generated_audios/generated_H2_512C_int8/260-123440-0016_generated.wav,4.895011,1.316412,1.31309,0.268929,0.268251,1.35616,0.937717,0.97422
H2_512C_quantized_resblocks_range_2_9,260-123440-0017.wav,generated_audios/generated_H2_512C_int8/260-123440-0017_generated.wav,3.070023,0.486499,0.483039,0.158467,0.15734,1.223776,0.893361,1.108819
H2_512C_quantized_resblocks_range_2_9,260-123440-0018.wav,generated_audios/generated_H2_512C_int8/260-123440-0018_generated.wav,3.64,0.968772,0.965691,0.266146,0.2653,1.4627,0.934259,1.052761
H2_512C_quantized_resblocks_range_2_9,260-123440-0019.wav,generated_audios/generated_H2_512C_int8/260-123440-0019_generated.wav,6.630023,1.749892,1.746187,0.263935,0.263376,1.25445,0.884847,1.008872
H2_512C_quantized_resblocks_range_2_9,260-123440-0020.wav,generated_audios/generated_H2_512C_int8/260-123440-0020_generated.wav,4.995011,1.317393,1.314077,0.263742,0.263078,1.26273,0.902287,1.195906
H2_512C_quantized_resblocks_range_2_9,61-70968-0000.wav,generated_audios/generated_H2_512C_int8/61-70968-0000_generated.wav,4.905034,1.297337,1.294002,0.264491,0.263811,1.260228,0.897889,0.975757
H2_512C_quantized_resblocks_range_2_9,61-70968-0001.wav,generated_audios/generated_H2_512C_int8/61-70968-0001_generated.wav,3.610023,0.954844,0.951498,0.264498,0.263571,1.326046,0.890171,0.928979
H2_512C_quantized_resblocks_range_2_9,61-70968-0002.wav,generated_audios/generated_H2_512C_int8/61-70968-0002_generated.wav,2.970023,0.730875,0.727746,0.246084,0.245031,1.409699,0.840126,0.982296
H2_512C_quantized_resblocks_range_2_9,61-70968-0003.wav,generated_audios/generated_H2_512C_int8/61-70968-0003_generated.wav,4.315011,0.69773,0.694643,0.161698,0.160983,1.44848,0.870383,0.948252
H2_512C_quantized_resblocks_range_2_9,61-70968-0004.wav,generated_audios/generated_H2_512C_int8/61-70968-0004_generated.wav,3.885034,1.0216,1.018476,0.262958,0.262154,1.340968,0.880916,0.943783
H2_512C_quantized_resblocks_range_2_9,61-70968-0005.wav,generated_audios/generated_H2_512C_int8/61-70968-0005_generated.wav,5.070023,0.854045,0.850592,0.16845,0.167769,1.248501,0.820521,1.060193
H2_512C_quantized_resblocks_range_2_9,61-70968-0006.wav,generated_audios/generated_H2_512C_int8/61-70968-0006_generated.wav,2.935011,0.724952,0.721802,0.247001,0.245928,1.344849,0.871533,0.985857
H2_512C_quantized_resblocks_range_2_9,61-70968-0007.wav,generated_audios/generated_H2_512C_int8/61-70968-0007_generated.wav,3.550023,0.548332,0.544996,0.154459,0.153519,1.300498,0.732433,0.970636
H2_512C_quantized_resblocks_range_2_9,61-70968-0008.wav,generated_audios/generated_H2_512C_int8/61-70968-0008_generated.wav,3.535011,0.570063,0.566795,0.161262,0.160338,1.34691,0.902795,0.887578
H2_512C_quantized_resblocks_range_2_9,61-70968-0009.wav,generated_audios/generated_H2_512C_int8/61-70968-0009_generated.wav,4.510023,1.187303,1.183951,0.263259,0.262515,1.32793,0.808947,1.113383
H2_512C_quantized_resblocks_range_2_9,61-70968-0010.wav,generated_audios/generated_H2_512C_int8/61-70968-0010_generated.wav,8.295011,2.214093,2.210397,0.266919,0.266473,1.371501,0.854892,0.938208
H2_512C_quantized_resblocks_range_2_9,61-70968-0011.wav,generated_audios/generated_H2_512C_int8/61-70968-0011_generated.wav,6.375011,1.679555,1.676017,0.263459,0.262904,1.356531,0.895007,0.917622
H2_512C_quantized_resblocks_range_2_9,61-70968-0012.wav,generated_audios/generated_H2_512C_int8/61-70968-0012_generated.wav,2.610023,0.402041,0.398793,0.154037,0.152793,1.767241,0.949967,0.783595
H2_512C_quantized_resblocks_range_2_9,61-70968-0013.wav,generated_audios/generated_H2_512C_int8/61-70968-0013_generated.wav,4.450023,0.70939,0.705992,0.159413,0.158649,1.377405,0.866842,0.962396
H2_512C_quantized_resblocks_range_2_9,61-70968-0014.wav,generated_audios/generated_H2_512C_int8/61-70968-0014_generated.wav,7.485034,2.001408,1.997629,0.267388,0.266883,1.408309,0.888042,0.996425
H2_512C_quantized_resblocks_range_2_9,61-70968-0015.wav,generated_audios/generated_H2_512C_int8/61-70968-0015_generated.wav,5.375011,1.369113,1.365436,0.254718,0.254034,1.485253,0.909424,0.879507
H2_512C_quantized_resblocks_range_2_9,61-70968-0016.wav,generated_audios/generated_H2_512C_int8/61-70968-0016_generated.wav,3.72,1.052604,1.049247,0.282958,0.282056,1.506591,0.928821,0.801407
H2_512C_quantized_resblocks_range_2_9,61-70968-0017.wav,generated_audios/generated_H2_512C_int8/61-70968-0017_generated.wav,5.110023,1.327804,1.32411,0.259843,0.25912,1.379292,0.908977,0.846303
H2_512C_quantized_resblocks_range_2_9,61-70968-0018.wav,generated_audios/generated_H2_512C_int8/61-70968-0018_generated.wav,2.405034,0.578031,0.574948,0.240342,0.23906,1.379051,0.891275,0.987143
H2_512C_quantized_resblocks_range_2_9,61-70968-0019.wav,generated_audios/generated_H2_512C_int8/61-70968-0019_generated.wav,5.475011,1.4154,1.411915,0.25852,0.257883,1.438594,0.87215,0.956874
H2_512C_quantized_resblocks_range_2_9,61-70968-0020.wav,generated_audios/generated_H2_512C_int8/61-70968-0020_generated.wav,5.105034,1.32595,1.322419,0.259734,0.259042,1.640937,0.900617,0.717923
H2_512C_quantized_resblocks_range_2_9,61-70968-0021.wav,generated_audios/generated_H2_512C_int8/61-70968-0021_generated.wav,2.690023,0.666232,0.663094,0.247668,0.246501,1.486364,0.847049,0.95247
H2_512C_quantized_resblocks_range_2_9,61-70968-0022.wav,generated_audios/generated_H2_512C_int8/61-70968-0022_generated.wav,4.670023,0.737977,0.734435,0.158024,0.157266,1.283112,0.862316,1.010211
H2_512C_quantized_resblocks_range_2_9,61-70968-0023.wav,generated_audios/generated_H2_512C_int8/61-70968-0023_generated.wav,5.025034,0.862249,0.858798,0.171591,0.170904,1.595345,0.912515,0.799312
H2_512C_quantized_resblocks_range_2_9,61-70968-0024.wav,generated_audios/generated_H2_512C_int8/61-70968-0024_generated.wav,6.025034,1.613489,1.609779,0.267797,0.267182,1.529989,0.869306,0.828397
H2_512C_quantized_resblocks_range_2_9,61-70968-0025.wav,generated_audios/generated_H2_512C_int8/61-70968-0025_generated.wav,4.410023,0.686029,0.682579,0.155561,0.154779,1.574729,0.899778,0.822802
H2_512C_quantized_resblocks_range_2_9,61-70968-0026.wav,generated_audios/generated_H2_512C_int8/61-70968-0026_generated.wav,4.92,1.295063,1.291813,0.263224,0.262564,1.456719,0.91877,0.860619
H2_512C_quantized_resblocks_range_2_9,61-70968-0027.wav,generated_audios/generated_H2_512C_int8/61-70968-0027_generated.wav,6.870023,1.808139,1.804393,0.263193,0.262647,1.416,0.89511,0.877091
H2_512C_quantized_resblocks_range_2_9,61-70968-0028.wav,generated_audios/generated_H2_512C_int8/61-70968-0028_generated.wav,5.355011,1.389926,1.386273,0.259556,0.258874,1.502555,0.909262,0.857183
H2_512C_quantized_resblocks_range_2_9,61-70968-0029.wav,generated_audios/generated_H2_512C_int8/61-70968-0029_generated.wav,3.495011,0.929879,0.926579,0.266059,0.265115,1.414222,0.907044,0.890236
H2_512C_quantized_resblocks_range_2_9,61-70968-0030.wav,generated_audios/generated_H2_512C_int8/61-70968-0030_generated.wav,5.685034,1.47312,1.469546,0.259122,0.258494,1.470438,0.907111,0.81657
H2_512C_quantized_resblocks_range_2_9,61-70968-0031.wav,generated_audios/generated_H2_512C_int8/61-70968-0031_generated.wav,2.925034,0.740504,0.737295,0.253161,0.252064,1.291708,0.84974,0.890491
H2_512C_quantized_resblocks_range_2_9,61-70968-0032.wav,generated_audios/generated_H2_512C_int8/61-70968-0032_generated.wav,4.28,0.678307,0.674914,0.158483,0.15769,1.482785,0.848217,0.902328
H2_512C_quantized_resblocks_range_2_9,61-70968-0033.wav,generated_audios/generated_H2_512C_int8/61-70968-0033_generated.wav,5.685034,0.930053,0.926401,0.163597,0.162954,1.478504,0.922319,0.877877
H2_512C_quantized_resblocks_range_2_9,61-70968-0034.wav,generated_audios/generated_H2_512C_int8/61-70968-0034_generated.wav,4.230023,1.144315,1.141353,0.270522,0.269822,1.75744,0.92982,0.733905
H2_512C_quantized_resblocks_range_2_9,61-70968-0035.wav,generated_audios/generated_H2_512C_int8/61-70968-0035_generated.wav,7.950023,2.131387,2.127476,0.268098,0.267606,1.39227,0.901777,0.830811
H2_512C_quantized_resblocks_range_2_9,61-70968-0036.wav,generated_audios/generated_H2_512C_int8/61-70968-0036_generated.wav,2.934966,0.445605,0.442412,0.151826,0.150738,1.563618,0.937032,0.877794
H2_512C_quantized_resblocks_range_2_9,61-70968-0037.wav,generated_audios/generated_H2_512C_int8/61-70968-0037_generated.wav,4.315011,0.666132,0.662626,0.154376,0.153563,1.269376,0.834746,1.095206
H2_512C_quantized_resblocks_range_2_9,61-70968-0038.wav,generated_audios/generated_H2_512C_int8/61-70968-0038_generated.wav,2.050023,0.548929,0.545772,0.267767,0.266227,1.440667,0.697472,1.238586
H2_512C_quantized_resblocks_range_2_9,61-70968-0039.wav,generated_audios/generated_H2_512C_int8/61-70968-0039_generated.wav,3.805034,0.983148,0.979787,0.258381,0.257497,1.409127,0.830192,1.107064
H2_512C_quantized_resblocks_range_2_9,61-70968-0040.wav,generated_audios/generated_H2_512C_int8/61-70968-0040_generated.wav,3.950023,1.029346,1.02613,0.260592,0.259778,1.451912,0.88424,0.95554
H2_512C_quantized_resblocks_range_2_9,61-70968-0041.wav,generated_audios/generated_H2_512C_int8/61-70968-0041_generated.wav,6.825034,1.115428,1.112261,0.163432,0.162968,1.498902,0.821884,0.969517
H2_512C_quantized_resblocks_range_2_9,61-70968-0042.wav,generated_audios/generated_H2_512C_int8/61-70968-0042_generated.wav,2.785034,0.422576,0.419458,0.151731,0.150612,1.417644,0.87894,0.919429
H2_512C_quantized_resblocks_range_2_9,61-70968-0043.wav,generated_audios/generated_H2_512C_int8/61-70968-0043_generated.wav,6.735011,1.821253,1.817527,0.270416,0.269862,1.348304,0.795239,0.869464
H2_512C_quantized_resblocks_range_2_9,61-70968-0044.wav,generated_audios/generated_H2_512C_int8/61-70968-0044_generated.wav,2.770023,0.408723,0.405602,0.147552,0.146425,1.329914,0.880751,1.043267
H2_512C_quantized_resblocks_range_2_9,61-70968-0045.wav,generated_audios/generated_H2_512C_int8/61-70968-0045_generated.wav,3.475011,0.506554,0.50304,0.145771,0.144759,1.33789,0.850374,1.03084
H2_512C_quantized_resblocks_range_2_9,61-70968-0046.wav,generated_audios/generated_H2_512C_int8/61-70968-0046_generated.wav,3.550023,0.51716,0.513773,0.145678,0.144724,1.319658,0.878128,0.931315
H2_512C_quantized_resblocks_range_2_9,61-70968-0047.wav,generated_audios/generated_H2_512C_int8/61-70968-0047_generated.wav,4.775011,1.220445,1.21709,0.25559,0.254887,1.459311,0.895934,0.889193
H2_512C_quantized_resblocks_range_2_9,61-70968-0048.wav,generated_audios/generated_H2_512C_int8/61-70968-0048_generated.wav,3.02,0.788574,0.785358,0.261117,0.260052,1.288563,0.868005,1.119246
H2_512C_quantized_resblocks_range_2_9,61-70968-0049.wav,generated_audios/generated_H2_512C_int8/61-70968-0049_generated.wav,8.250023,2.231484,2.227699,0.270482,0.270023,1.402516,0.834044,0.953638
H2_512C_quantized_resblocks_range_2_9,61-70968-0050.wav,generated_audios/generated_H2_512C_int8/61-70968-0050_generated.wav,5.58,1.519878,1.516363,0.27238,0.27175,1.332086,0.81803,0.977452
H2_512C_quantized_resblocks_range_2_9,61-70968-0051.wav,generated_audios/generated_H2_512C_int8/61-70968-0051_generated.wav,3.135011,0.796539,0.793242,0.254079,0.253027,1.429521,0.889404,1.042628
H2_512C_quantized_resblocks_range_2_9,61-70968-0052.wav,generated_audios/generated_H2_512C_int8/61-70968-0052_generated.wav,2.650023,0.618999,0.615963,0.233582,0.232437,1.5652,0.898213,0.763377
H2_512C_quantized_resblocks_range_2_9,61-70968-0053.wav,generated_audios/generated_H2_512C_int8/61-70968-0053_generated.wav,4.22,0.662669,0.65926,0.157031,0.156223,1.342995,0.809974,1.057885
H2_512C_quantized_resblocks_range_2_9,61-70968-0054.wav,generated_audios/generated_H2_512C_int8/61-70968-0054_generated.wav,7.86,2.088357,2.084467,0.265694,0.265199,1.405131,0.885143,0.900711
H2_512C_quantized_resblocks_range_2_9,61-70968-0055.wav,generated_audios/generated_H2_512C_int8/61-70968-0055_generated.wav,3.965034,0.630831,0.627432,0.159099,0.158241,1.463546,0.848781,0.947495
H2_512C_quantized_resblocks_range_2_9,61-70968-0056.wav,generated_audios/generated_H2_512C_int8/61-70968-0056_generated.wav,3.565034,0.946196,0.943168,0.26541,0.264561,1.469021,0.890603,0.920675
H2_512C_quantized_resblocks_range_2_9,61-70968-0057.wav,generated_audios/generated_H2_512C_int8/61-70968-0057_generated.wav,5.065034,0.834718,0.831435,0.1648,0.164152,1.33626,0.868629,0.947084
H2_512C_quantized_resblocks_range_2_9,61-70968-0058.wav,generated_audios/generated_H2_512C_int8/61-70968-0058_generated.wav,1.82,0.431826,0.42875,0.237267,0.235577,1.244555,0.840658,0.982495
H2_512C_quantized_resblocks_range_2_9,61-70968-0059.wav,generated_audios/generated_H2_512C_int8/61-70968-0059_generated.wav,2.170023,0.314622,0.311544,0.144986,0.143567,1.457248,0.916827,1.059615
H2_512C_quantized_resblocks_range_2_9,61-70968-0060.wav,generated_audios/generated_H2_512C_int8/61-70968-0060_generated.wav,3.735011,0.567935,0.564503,0.152057,0.151138,1.633647,0.907083,0.769912
H2_512C_quantized_resblocks_range_2_9,61-70968-0061.wav,generated_audios/generated_H2_512C_int8/61-70968-0061_generated.wav,5.530023,1.452611,1.449261,0.262677,0.262072,1.208045,0.804704,1.264447
H2_512C_quantized_resblocks_range_2_9,61-70968-0062.wav,generated_audios/generated_H2_512C_int8/61-70968-0062_generated.wav,2.555011,0.383893,0.380845,0.150251,0.149058,1.360652,0.807244,0.982427
H2_512C_quantized_resblocks_range_2_9,61-70970-0000.wav,generated_audios/generated_H2_512C_int8/61-70970-0000_generated.wav,6.075011,1.602517,1.598964,0.263788,0.263203,1.306275,0.901047,0.858846
H2_512C_quantized_resblocks_range_2_9,61-70970-0001.wav,generated_audios/generated_H2_512C_int8/61-70970-0001_generated.wav,6.155011,1.608602,1.605201,0.261348,0.260796,1.420739,0.908538,0.86452
H2_512C_quantized_resblocks_range_2_9,61-70970-0002.wav,generated_audios/generated_H2_512C_int8/61-70970-0002_generated.wav,4.165034,1.046471,1.042994,0.251252,0.250417,1.445349,0.816864,1.040824
H2_512C_quantized_resblocks_range_2_9,61-70970-0003.wav,generated_audios/generated_H2_512C_int8/61-70970-0003_generated.wav,3.835011,0.947199,0.943686,0.246987,0.246071,1.599559,0.891759,0.805851
H2_512C_quantized_resblocks_range_2_9,61-70970-0004.wav,generated_audios/generated_H2_512C_int8/61-70970-0004_generated.wav,10.515011,2.852608,2.848788,0.271289,0.270926,1.581775,0.894248,0.833528
H2_512C_quantized_resblocks_range_2_9,61-70970-0005.wav,generated_audios/generated_H2_512C_int8/61-70970-0005_generated.wav,2.02,0.526409,0.523307,0.260599,0.259063,1.424899,0.860164,1.254175
H2_512C_quantized_resblocks_range_2_9,61-70970-0006.wav,generated_audios/generated_H2_512C_int8/61-70970-0006_generated.wav,2.335011,0.561456,0.55832,0.240451,0.239108,1.333948,0.881021,1.077369
H2_512C_quantized_resblocks_range_2_9,61-70970-0007.wav,generated_audios/generated_H2_512C_int8/61-70970-0007_generated.wav,4.485034,1.142594,1.13928,0.254757,0.254018,1.416102,0.86096,1.029712
H2_512C_quantized_resblocks_range_2_9,61-70970-0008.wav,generated_audios/generated_H2_512C_int8/61-70970-0008_generated.wav,2.150023,0.552958,0.551109,0.257187,0.256327,1.534945,0.879828,1.09773
H2_512C_quantized_resblocks_range_2_9,61-70970-0009.wav,generated_audios/generated_H2_512C_int8/61-70970-0009_generated.wav,3.405034,0.869549,0.866179,0.255372,0.254382,1.62887,0.926983,0.759392
H2_512C_quantized_resblocks_range_2_9,61-70970-0010.wav,generated_audios/generated_H2_512C_int8/61-70970-0010_generated.wav,3.045034,0.428579,0.425146,0.140747,0.139619,1.549773,0.867989,0.87694
H2_512C_quantized_resblocks_range_2_9,61-70970-0011.wav,generated_audios/generated_H2_512C_int8/61-70970-0011_generated.wav,6.075011,0.875623,0.871971,0.144135,0.143534,1.506974,0.875051,0.906412
H2_512C_quantized_resblocks_range_2_9,61-70970-0012.wav,generated_audios/generated_H2_512C_int8/61-70970-0012_generated.wav,3.135011,0.435445,0.432066,0.138898,0.13782,1.489795,0.922538,0.833429
H2_512C_quantized_resblocks_range_2_9,61-70970-0013.wav,generated_audios/generated_H2_512C_int8/61-70970-0013_generated.wav,4.350023,1.120517,1.116822,0.257589,0.256739,1.359116,0.894938,0.94401
H2_512C_quantized_resblocks_range_2_9,61-70970-0014.wav,generated_audios/generated_H2_512C_int8/61-70970-0014_generated.wav,3.405034,0.46583,0.462542,0.136806,0.135841,1.52951,0.914607,0.918988
H2_512C_quantized_resblocks_range_2_9,61-70970-0015.wav,generated_audios/generated_H2_512C_int8/61-70970-0015_generated.wav,8.415011,2.316747,2.312594,0.275311,0.274818,1.345636,0.895219,0.969729
H2_512C_quantized_resblocks_range_2_9,61-70970-0016.wav,generated_audios/generated_H2_512C_int8/61-70970-0016_generated.wav,4.370023,1.135823,1.132071,0.259912,0.259054,1.423872,0.914872,0.971382
H2_512C_quantized_resblocks_range_2_9,61-70970-0017.wav,generated_audios/generated_H2_512C_int8/61-70970-0017_generated.wav,2.550023,0.361731,0.358438,0.141854,0.140563,1.262485,0.842244,1.166618
H2_512C_quantized_resblocks_range_2_9,61-70970-0018.wav,generated_audios/generated_H2_512C_int8/61-70970-0018_generated.wav,4.6,1.158269,1.154817,0.251798,0.251047,1.408411,0.863671,1.012065
H2_512C_quantized_resblocks_range_2_9,61-70970-0019.wav,generated_audios/generated_H2_512C_int8/61-70970-0019_generated.wav,3.78,0.957487,0.954008,0.253303,0.252383,1.412392,0.882962,0.998583
H2_512C_quantized_resblocks_range_2_9,61-70970-0020.wav,generated_audios/generated_H2_512C_int8/61-70970-0020_generated.wav,5.025034,0.753312,0.749671,0.149912,0.149187,1.324645,0.803487,1.215415
H2_512C_quantized_resblocks_range_2_9,61-70970-0021.wav,generated_audios/generated_H2_512C_int8/61-70970-0021_generated.wav,5.405034,1.361448,1.357657,0.251885,0.251184,1.405596,0.881421,0.876262
H2_512C_quantized_resblocks_range_2_9,61-70970-0022.wav,generated_audios/generated_H2_512C_int8/61-70970-0022_generated.wav,3.970023,0.562492,0.558983,0.141685,0.140801,1.439348,0.881312,0.942477
H2_512C_quantized_resblocks_range_2_9,61-70970-0023.wav,generated_audios/generated_H2_512C_int8/61-70970-0023_generated.wav,3.705034,0.524471,0.521106,0.141556,0.140648,1.484345,0.903647,0.790875
H2_512C_quantized_resblocks_range_2_9,61-70970-0024.wav,generated_audios/generated_H2_512C_int8/61-70970-0024_generated.wav,7.235011,1.874583,1.870765,0.259099,0.258571,1.434003,0.905052,0.861242
H2_512C_quantized_resblocks_range_2_9,61-70970-0025.wav,generated_audios/generated_H2_512C_int8/61-70970-0025_generated.wav,7.435011,2.077814,2.074591,0.279463,0.27903,1.579215,0.918068,0.838133
H2_512C_quantized_resblocks_range_2_9,61-70970-0026.wav,generated_audios/generated_H2_512C_int8/61-70970-0026_generated.wav,5.475011,0.791501,0.788029,0.144566,0.143932,1.62684,0.886668,0.800171
H2_512C_quantized_resblocks_range_2_9,61-70970-0027.wav,generated_audios/generated_H2_512C_int8/61-70970-0027_generated.wav,5.08,0.726003,0.722469,0.142914,0.142218,1.368232,0.881375,0.87589
H2_512C_quantized_resblocks_range_2_9,61-70970-0028.wav,generated_audios/generated_H2_512C_int8/61-70970-0028_generated.wav,6.550023,0.976007,0.972122,0.149008,0.148415,1.587426,0.92688,0.769632
H2_512C_quantized_resblocks_range_2_9,61-70970-0029.wav,generated_audios/generated_H2_512C_int8/61-70970-0029_generated.wav,4.030023,0.572569,0.569164,0.142076,0.141231,1.51434,0.831141,0.902648
H2_512C_quantized_resblocks_range_2_9,61-70970-0030.wav,generated_audios/generated_H2_512C_int8/61-70970-0030_generated.wav,3.24,0.468594,0.465239,0.144628,0.143592,1.516021,0.882769,0.779835
H2_512C_quantized_resblocks_range_2_9,61-70970-0031.wav,generated_audios/generated_H2_512C_int8/61-70970-0031_generated.wav,5.135011,1.298508,1.295476,0.252873,0.252283,1.309059,0.888756,0.927255
H2_512C_quantized_resblocks_range_2_9,61-70970-0032.wav,generated_audios/generated_H2_512C_int8/61-70970-0032_generated.wav,3.135011,0.433613,0.430345,0.138313,0.137271,1.330117,0.892137,0.9389
H2_512C_quantized_resblocks_range_2_9,61-70970-0033.wav,generated_audios/generated_H2_512C_int8/61-70970-0033_generated.wav,3.42,0.846125,0.842699,0.247405,0.246403,1.436854,0.928206,0.861574
H2_512C_quantized_resblocks_range_2_9,61-70970-0034.wav,generated_audios/generated_H2_512C_int8/61-70970-0034_generated.wav,4.485034,0.624672,0.621178,0.139279,0.1385,1.402948,0.866673,0.875489
H2_512C_quantized_resblocks_range_2_9,61-70970-0035.wav,generated_audios/generated_H2_512C_int8/61-70970-0035_generated.wav,7.405034,1.102088,1.098303,0.14883,0.148318,1.530289,0.905532,0.810863
H2_512C_quantized_resblocks_range_2_9,61-70970-0036.wav,generated_audios/generated_H2_512C_int8/61-70970-0036_generated.wav,6.785034,1.016728,1.012934,0.149849,0.149289,1.408884,0.871396,0.835862
H2_512C_quantized_resblocks_range_2_9,61-70970-0037.wav,generated_audios/generated_H2_512C_int8/61-70970-0037_generated.wav,5.98,1.52236,1.518857,0.254575,0.253989,1.510843,0.879886,0.888221
H2_512C_quantized_resblocks_range_2_9,61-70970-0038.wav,generated_audios/generated_H2_512C_int8/61-70970-0038_generated.wav,10.4,2.834021,2.829801,0.272502,0.272096,1.396404,0.894284,0.889042
H2_512C_quantized_resblocks_range_2_9,61-70970-0039.wav,generated_audios/generated_H2_512C_int8/61-70970-0039_generated.wav,6.665034,0.977851,0.97442,0.146714,0.146199,1.358076,0.849988,0.844838
H2_512C_quantized_resblocks_range_2_9,61-70970-0040.wav,generated_audios/generated_H2_512C_int8/61-70970-0040_generated.wav,4.165034,0.59602,0.593077,0.143101,0.142394,1.445961,0.909459,0.882624
H2_512C_quantized_resblocks_range_2_9,672-122797-0000.wav,generated_audios/generated_H2_512C_int8/672-122797-0000_generated.wav,4.070023,1.039572,1.035496,0.255422,0.25442,1.578176,0.925502,0.872653
H2_512C_quantized_resblocks_range_2_9,672-122797-0001.wav,generated_audios/generated_H2_512C_int8/672-122797-0001_generated.wav,15.130023,4.809906,4.804949,0.317905,0.317577,1.788737,0.938098,0.864263
H2_512C_quantized_resblocks_range_2_9,672-122797-0002.wav,generated_audios/generated_H2_512C_int8/672-122797-0002_generated.wav,13.62,4.323546,4.319276,0.317441,0.317127,1.572438,0.917444,0.940178
H2_512C_quantized_resblocks_range_2_9,672-122797-0003.wav,generated_audios/generated_H2_512C_int8/672-122797-0003_generated.wav,4.76,1.223809,1.220055,0.257103,0.256314,1.324565,0.794175,1.147671
H2_512C_quantized_resblocks_range_2_9,672-122797-0004.wav,generated_audios/generated_H2_512C_int8/672-122797-0004_generated.wav,10.250023,2.772424,2.7683,0.27048,0.270077,1.449381,0.837342,1.089192
H2_512C_quantized_resblocks_range_2_9,672-122797-0005.wav,generated_audios/generated_H2_512C_int8/672-122797-0005_generated.wav,3.26,0.847847,0.84501,0.260076,0.259206,1.230553,0.743217,1.151225
H2_512C_quantized_resblocks_range_2_9,672-122797-0006.wav,generated_audios/generated_H2_512C_int8/672-122797-0006_generated.wav,13.950023,4.503176,4.498795,0.322808,0.322494,1.342277,0.713779,1.103981
H2_512C_quantized_resblocks_range_2_9,672-122797-0007.wav,generated_audios/generated_H2_512C_int8/672-122797-0007_generated.wav,6.42,1.609751,1.605966,0.25074,0.25015,1.332397,0.731054,1.166767
H2_512C_quantized_resblocks_range_2_9,672-122797-0008.wav,generated_audios/generated_H2_512C_int8/672-122797-0008_generated.wav,30.810023,10.450194,10.443165,0.339182,0.338953,1.306687,0.729498,1.115655
H2_512C_quantized_resblocks_range_2_9,672-122797-0009.wav,generated_audios/generated_H2_512C_int8/672-122797-0009_generated.wav,2.765034,0.396409,0.392343,0.143365,0.141894,1.557128,0.81319,0.944493
H2_512C_quantized_resblocks_range_2_9,672-122797-0010.wav,generated_audios/generated_H2_512C_int8/672-122797-0010_generated.wav,3.815011,0.554302,0.551016,0.145295,0.144434,1.256534,0.790359,1.023213
H2_512C_quantized_resblocks_range_2_9,672-122797-0011.wav,generated_audios/generated_H2_512C_int8/672-122797-0011_generated.wav,2.54,0.646901,0.643608,0.254686,0.253389,1.439898,0.877814,0.885406
H2_512C_quantized_resblocks_range_2_9,672-122797-0012.wav,generated_audios/generated_H2_512C_int8/672-122797-0012_generated.wav,7.765034,2.036586,2.032757,0.262276,0.261783,1.332067,0.816532,0.950723
H2_512C_quantized_resblocks_range_2_9,672-122797-0013.wav,generated_audios/generated_H2_512C_int8/672-122797-0013_generated.wav,8.705034,2.266945,2.262871,0.260418,0.25995,1.480518,0.76933,1.080388
H2_512C_quantized_resblocks_range_2_9,672-122797-0014.wav,generated_audios/generated_H2_512C_int8/672-122797-0014_generated.wav,2.555011,0.363673,0.361696,0.142337,0.141563,1.469584,0.884177,1.013244
H2_512C_quantized_resblocks_range_2_9,672-122797-0015.wav,generated_audios/generated_H2_512C_int8/672-122797-0015_generated.wav,4.455011,0.650521,0.648428,0.14602,0.14555,1.434578,0.840315,0.946022
H2_512C_quantized_resblocks_range_2_9,672-122797-0016.wav,generated_audios/generated_H2_512C_int8/672-122797-0016_generated.wav,9.215011,2.392033,2.389556,0.25958,0.259311,1.441691,0.799914,1.074361
H2_512C_quantized_resblocks_range_2_9,672-122797-0017.wav,generated_audios/generated_H2_512C_int8/672-122797-0017_generated.wav,4.82,1.198744,1.19659,0.248702,0.248255,1.770301,0.846182,0.836733
H2_512C_quantized_resblocks_range_2_9,672-122797-0018.wav,generated_audios/generated_H2_512C_int8/672-122797-0018_generated.wav,4.930023,1.280843,1.277305,0.259805,0.259087,1.23599,0.723781,1.068317
H2_512C_quantized_resblocks_range_2_9,672-122797-0019.wav,generated_audios/generated_H2_512C_int8/672-122797-0019_generated.wav,4.110023,1.023762,1.020262,0.249089,0.248238,1.261878,0.726853,1.162508
H2_512C_quantized_resblocks_range_2_9,672-122797-0020.wav,generated_audios/generated_H2_512C_int8/672-122797-0020_generated.wav,8.825034,2.327099,2.323375,0.263693,0.263271,1.244485,0.729677,1.260356
H2_512C_quantized_resblocks_range_2_9,672-122797-0021.wav,generated_audios/generated_H2_512C_int8/672-122797-0021_generated.wav,4.150023,0.601754,0.598474,0.145,0.14421,1.316519,0.860027,1.061518
H2_512C_quantized_resblocks_range_2_9,672-122797-0022.wav,generated_audios/generated_H2_512C_int8/672-122797-0022_generated.wav,19.004943,6.201953,6.197623,0.326334,0.326106,1.36459,0.702809,1.131682
H2_512C_quantized_resblocks_range_2_9,672-122797-0023.wav,generated_audios/generated_H2_512C_int8/672-122797-0023_generated.wav,9.695102,2.53738,2.532963,0.261718,0.261262,1.294452,0.779177,1.078316
H2_512C_quantized_resblocks_range_2_9,672-122797-0024.wav,generated_audios/generated_H2_512C_int8/672-122797-0024_generated.wav,4.130023,1.068824,1.065417,0.258794,0.257969,1.241932,0.678413,1.35089
H2_512C_quantized_resblocks_range_2_9,672-122797-0025.wav,generated_audios/generated_H2_512C_int8/672-122797-0025_generated.wav,10.690023,2.817345,2.813502,0.263549,0.26319,1.501163,0.883351,0.979612
H2_512C_quantized_resblocks_range_2_9,672-122797-0026.wav,generated_audios/generated_H2_512C_int8/672-122797-0026_generated.wav,13.96,4.169752,4.165324,0.298693,0.298376,1.218701,0.71451,1.067882
H2_512C_quantized_resblocks_range_2_9,672-122797-0027.wav,generated_audios/generated_H2_512C_int8/672-122797-0027_generated.wav,4.790023,0.701998,0.699839,0.146554,0.146103,1.215288,0.6431,1.283513
H2_512C_quantized_resblocks_range_2_9,672-122797-0028.wav,generated_audios/generated_H2_512C_int8/672-122797-0028_generated.wav,2.610023,0.400594,0.397493,0.153483,0.152295,1.414349,0.832012,1.066029
H2_512C_quantized_resblocks_range_2_9,672-122797-0029.wav,generated_audios/generated_H2_512C_int8/672-122797-0029_generated.wav,3.050023,0.437788,0.434501,0.143536,0.142458,1.894332,0.875591,1.024171
H2_512C_quantized_resblocks_range_2_9,672-122797-0030.wav,generated_audios/generated_H2_512C_int8/672-122797-0030_generated.wav,4.575011,1.157479,1.153829,0.253,0.252202,1.450534,0.871311,1.065115
H2_512C_quantized_resblocks_range_2_9,672-122797-0031.wav,generated_audios/generated_H2_512C_int8/672-122797-0031_generated.wav,3.98,0.585455,0.582721,0.147099,0.146412,1.876584,0.790952,1.001992
H2_512C_quantized_resblocks_range_2_9,672-122797-0032.wav,generated_audios/generated_H2_512C_int8/672-122797-0032_generated.wav,4.0,0.583941,0.580862,0.145985,0.145215,1.26606,0.711656,1.137305
H2_512C_quantized_resblocks_range_2_9,672-122797-0033.wav,generated_audios/generated_H2_512C_int8/672-122797-0033_generated.wav,1.285034,0.362631,0.359502,0.282196,0.27976,1.851022,0.793102,0.974116
H2_512C_quantized_resblocks_range_2_9,672-122797-0034.wav,generated_audios/generated_H2_512C_int8/672-122797-0034_generated.wav,5.110023,0.75926,0.755792,0.148582,0.147904,1.368567,0.861317,1.013829
H2_512C_quantized_resblocks_range_2_9,672-122797-0035.wav,generated_audios/generated_H2_512C_int8/672-122797-0035_generated.wav,2.9,0.431463,0.428142,0.14878,0.147635,1.918421,0.932661,0.874983
H2_512C_quantized_resblocks_range_2_9,672-122797-0036.wav,generated_audios/generated_H2_512C_int8/672-122797-0036_generated.wav,5.365034,0.802708,0.798792,0.149618,0.148889,1.576544,0.80706,0.84387
H2_512C_quantized_resblocks_range_2_9,672-122797-0037.wav,generated_audios/generated_H2_512C_int8/672-122797-0037_generated.wav,1.96,0.485108,0.481866,0.247504,0.24585,1.739149,0.857376,0.845679
H2_512C_quantized_resblocks_range_2_9,672-122797-0038.wav,generated_audios/generated_H2_512C_int8/672-122797-0038_generated.wav,8.8,2.279156,2.27507,0.258995,0.258531,1.469444,0.760505,1.044689
H2_512C_quantized_resblocks_range_2_9,672-122797-0039.wav,generated_audios/generated_H2_512C_int8/672-122797-0039_generated.wav,4.025034,1.032845,1.029271,0.256605,0.255717,1.698423,0.86381,0.886449
H2_512C_quantized_resblocks_range_2_9,672-122797-0040.wav,generated_audios/generated_H2_512C_int8/672-122797-0040_generated.wav,5.125034,0.757428,0.753963,0.14779,0.147114,1.451278,0.719545,1.154179
H2_512C_quantized_resblocks_range_2_9,672-122797-0041.wav,generated_audios/generated_H2_512C_int8/672-122797-0041_generated.wav,3.88,0.558386,0.555058,0.143914,0.143056,1.455335,0.754935,1.114511
H2_512C_quantized_resblocks_range_2_9,672-122797-0042.wav,generated_audios/generated_H2_512C_int8/672-122797-0042_generated.wav,15.310023,4.378676,4.373851,0.286001,0.285685,1.518903,0.603004,1.267519
H2_512C_quantized_resblocks_range_2_9,672-122797-0043.wav,generated_audios/generated_H2_512C_int8/672-122797-0043_generated.wav,3.78,0.542025,0.538909,0.143393,0.142569,1.424743,0.753346,1.084736
H2_512C_quantized_resblocks_range_2_9,672-122797-0044.wav,generated_audios/generated_H2_512C_int8/672-122797-0044_generated.wav,3.74,0.532892,0.529431,0.142484,0.141559,1.49537,0.720443,1.103179
H2_512C_quantized_resblocks_range_2_9,672-122797-0045.wav,generated_audios/generated_H2_512C_int8/672-122797-0045_generated.wav,13.96,2.443678,2.439011,0.175049,0.174714,1.4962,0.868325,0.929239
H2_512C_quantized_resblocks_range_2_9,672-122797-0046.wav,generated_audios/generated_H2_512C_int8/672-122797-0046_generated.wav,4.715011,1.210932,1.207237,0.256825,0.256041,1.566061,0.823272,1.053963
H2_512C_quantized_resblocks_range_2_9,672-122797-0047.wav,generated_audios/generated_H2_512C_int8/672-122797-0047_generated.wav,3.325034,0.863364,0.860111,0.259656,0.258677,2.068602,0.861511,0.763275
H2_512C_quantized_resblocks_range_2_9,672-122797-0048.wav,generated_audios/generated_H2_512C_int8/672-122797-0048_generated.wav,6.555011,0.974553,0.970772,0.148673,0.148096,1.394548,0.63705,1.138928
H2_512C_quantized_resblocks_range_2_9,672-122797-0049.wav,generated_audios/generated_H2_512C_int8/672-122797-0049_generated.wav,2.02,0.291426,0.288397,0.144271,0.142771,1.816409,0.631895,1.236406
H2_512C_quantized_resblocks_range_2_9,672-122797-0050.wav,generated_audios/generated_H2_512C_int8/672-122797-0050_generated.wav,4.855011,1.256841,1.253395,0.258875,0.258165,1.399839,0.76787,1.038914
H2_512C_quantized_resblocks_range_2_9,672-122797-0051.wav,generated_audios/generated_H2_512C_int8/672-122797-0051_generated.wav,4.665034,1.199275,1.195962,0.257078,0.256367,1.527802,0.743007,1.017816
H2_512C_quantized_resblocks_range_2_9,672-122797-0052.wav,generated_audios/generated_H2_512C_int8/672-122797-0052_generated.wav,4.285034,1.05907,1.055611,0.247155,0.246348,1.685167,0.898544,0.884406
H2_512C_quantized_resblocks_range_2_9,672-122797-0053.wav,generated_audios/generated_H2_512C_int8/672-122797-0053_generated.wav,2.955011,0.418158,0.41503,0.141508,0.14045,1.252638,0.7005,1.057343
H2_512C_quantized_resblocks_range_2_9,672-122797-0054.wav,generated_audios/generated_H2_512C_int8/672-122797-0054_generated.wav,4.250023,0.608847,0.605365,0.143257,0.142438,1.569462,0.710239,0.884356
H2_512C_quantized_resblocks_range_2_9,672-122797-0055.wav,generated_audios/generated_H2_512C_int8/672-122797-0055_generated.wav,8.230023,2.135273,2.131395,0.259449,0.258978,1.471285,0.70821,1.03527
H2_512C_quantized_resblocks_range_2_9,672-122797-0056.wav,generated_audios/generated_H2_512C_int8/672-122797-0056_generated.wav,5.225034,0.764855,0.760882,0.146383,0.145622,1.443571,0.806782,0.941932
H2_512C_quantized_resblocks_range_2_9,672-122797-0057.wav,generated_audios/generated_H2_512C_int8/672-122797-0057_generated.wav,6.56,0.969928,0.966221,0.147855,0.14729,1.549624,0.673191,1.033551
H2_512C_quantized_resblocks_range_2_9,672-122797-0058.wav,generated_audios/generated_H2_512C_int8/672-122797-0058_generated.wav,4.470023,1.164335,1.160816,0.260476,0.259689,1.380124,0.69952,1.128454
H2_512C_quantized_resblocks_range_2_9,672-122797-0059.wav,generated_audios/generated_H2_512C_int8/672-122797-0059_generated.wav,3.52,0.890009,0.886795,0.252843,0.25193,1.481818,0.764622,1.087996
H2_512C_quantized_resblocks_range_2_9,672-122797-0060.wav,generated_audios/generated_H2_512C_int8/672-122797-0060_generated.wav,3.350023,0.510326,0.507551,0.152335,0.151507,1.723714,0.901855,1.019699
H2_512C_quantized_resblocks_range_2_9,672-122797-0061.wav,generated_audios/generated_H2_512C_int8/672-122797-0061_generated.wav,7.590023,1.971526,1.968232,0.259752,0.259318,1.738807,0.885586,0.900593
H2_512C_quantized_resblocks_range_2_9,672-122797-0062.wav,generated_audios/generated_H2_512C_int8/672-122797-0062_generated.wav,2.675011,0.70229,0.699081,0.262537,0.261337,1.372581,0.580709,1.376389
H2_512C_quantized_resblocks_range_2_9,672-122797-0063.wav,generated_audios/generated_H2_512C_int8/672-122797-0063_generated.wav,5.075011,0.753493,0.750141,0.148471,0.147811,1.519151,0.80067,1.170224
H2_512C_quantized_resblocks_range_2_9,672-122797-0064.wav,generated_audios/generated_H2_512C_int8/672-122797-0064_generated.wav,15.270023,4.361834,4.35694,0.285647,0.285326,1.596517,0.757148,0.939503
H2_512C_quantized_resblocks_range_2_9,672-122797-0065.wav,generated_audios/generated_H2_512C_int8/672-122797-0065_generated.wav,3.030023,0.446263,0.442974,0.14728,0.146195,1.329908,0.755608,1.15932
H2_512C_quantized_resblocks_range_2_9,672-122797-0066.wav,generated_audios/generated_H2_512C_int8/672-122797-0066_generated.wav,4.815011,0.705554,0.702156,0.146532,0.145826,1.580534,0.895635,0.932863
H2_512C_quantized_resblocks_range_2_9,672-122797-0067.wav,generated_audios/generated_H2_512C_int8/672-122797-0067_generated.wav,13.035011,3.721676,3.717114,0.285514,0.285164,1.504741,0.842661,0.948672
H2_512C_quantized_resblocks_range_2_9,672-122797-0068.wav,generated_audios/generated_H2_512C_int8/672-122797-0068_generated.wav,4.02,0.590514,0.587185,0.146894,0.146066,1.300252,0.715133,1.228718
H2_512C_quantized_resblocks_range_2_9,672-122797-0069.wav,generated_audios/generated_H2_512C_int8/672-122797-0069_generated.wav,5.010023,1.300731,1.297206,0.259626,0.258922,1.389401,0.727922,1.133532
H2_512C_quantized_resblocks_range_2_9,672-122797-0070.wav,generated_audios/generated_H2_512C_int8/672-122797-0070_generated.wav,6.270023,1.619501,1.615887,0.258293,0.257716,1.49472,0.860204,0.998536
H2_512C_quantized_resblocks_range_2_9,672-122797-0071.wav,generated_audios/generated_H2_512C_int8/672-122797-0071_generated.wav,8.875011,2.345741,2.341272,0.264308,0.263805,1.528604,0.896121,0.921064
H2_512C_quantized_resblocks_range_2_9,672-122797-0072.wav,generated_audios/generated_H2_512C_int8/672-122797-0072_generated.wav,7.94,2.066032,2.061599,0.260206,0.259647,1.516794,0.756256,1.081014
H2_512C_quantized_resblocks_range_2_9,672-122797-0073.wav,generated_audios/generated_H2_512C_int8/672-122797-0073_generated.wav,8.205034,2.144645,2.140743,0.261382,0.260906,1.499705,0.855221,1.019691
H2_512C_quantized_resblocks_range_2_9,672-122797-0074.wav,generated_audios/generated_H2_512C_int8/672-122797-0074_generated.wav,8.730023,2.271884,2.267789,0.260238,0.259769,1.494295,0.589648,1.306277
H2_512C_quantized_resblocks_range_2_9,908-157963-0000.wav,generated_audios/generated_H2_512C_int8/908-157963-0000_generated.wav,12.62,3.511615,3.507272,0.278258,0.277914,1.396864,0.838219,1.030921
H2_512C_quantized_resblocks_range_2_9,908-157963-0001.wav,generated_audios/generated_H2_512C_int8/908-157963-0001_generated.wav,2.885034,0.757927,0.754506,0.26271,0.261524,1.536385,0.92162,1.018236
H2_512C_quantized_resblocks_range_2_9,908-157963-0002.wav,generated_audios/generated_H2_512C_int8/908-157963-0002_generated.wav,2.755011,0.680315,0.676933,0.246937,0.24571,1.448276,0.893811,1.000064
H2_512C_quantized_resblocks_range_2_9,908-157963-0003.wav,generated_audios/generated_H2_512C_int8/908-157963-0003_generated.wav,3.08,0.789919,0.786847,0.256467,0.25547,1.524872,0.912523,0.865036
H2_512C_quantized_resblocks_range_2_9,908-157963-0004.wav,generated_audios/generated_H2_512C_int8/908-157963-0004_generated.wav,13.990023,4.02155,4.017042,0.287458,0.287136,1.414312,0.82157,0.970519
H2_512C_quantized_resblocks_range_2_9,908-157963-0005.wav,generated_audios/generated_H2_512C_int8/908-157963-0005_generated.wav,7.035011,1.829607,1.826344,0.260072,0.259608,1.405352,0.845947,1.125097
H2_512C_quantized_resblocks_range_2_9,908-157963-0006.wav,generated_audios/generated_H2_512C_int8/908-157963-0006_generated.wav,8.110023,2.137222,2.133282,0.263528,0.263043,1.445849,0.846695,0.956869
H2_512C_quantized_resblocks_range_2_9,908-157963-0007.wav,generated_audios/generated_H2_512C_int8/908-157963-0007_generated.wav,32.770023,11.078129,11.070146,0.338057,0.337813,1.362254,0.856305,0.983665
H2_512C_quantized_resblocks_range_2_9,908-157963-0008.wav,generated_audios/generated_H2_512C_int8/908-157963-0008_generated.wav,19.950023,6.037946,6.031954,0.302654,0.302353,1.426205,0.84562,0.99419
H2_512C_quantized_resblocks_range_2_9,908-157963-0009.wav,generated_audios/generated_H2_512C_int8/908-157963-0009_generated.wav,4.06,1.051982,1.048371,0.259109,0.258219,1.452971,0.882112,0.905756
H2_512C_quantized_resblocks_range_2_9,908-157963-0010.wav,generated_audios/generated_H2_512C_int8/908-157963-0010_generated.wav,6.28,0.910616,0.906963,0.145003,0.144421,1.299254,0.679552,1.140037
H2_512C_quantized_resblocks_range_2_9,908-157963-0011.wav,generated_audios/generated_H2_512C_int8/908-157963-0011_generated.wav,10.395011,1.570284,1.566267,0.151061,0.150675,1.310737,0.804323,0.982618
H2_512C_quantized_resblocks_range_2_9,908-157963-0012.wav,generated_audios/generated_H2_512C_int8/908-157963-0012_generated.wav,10.090023,2.628776,2.625148,0.260532,0.260173,1.305345,0.762144,1.115164
H2_512C_quantized_resblocks_range_2_9,908-157963-0013.wav,generated_audios/generated_H2_512C_int8/908-157963-0013_generated.wav,4.315011,0.627253,0.623741,0.145365,0.144551,1.26462,0.876833,1.222245
H2_512C_quantized_resblocks_range_2_9,908-157963-0014.wav,generated_audios/generated_H2_512C_int8/908-157963-0014_generated.wav,4.52,0.657544,0.654185,0.145474,0.144731,1.478345,0.884572,1.176646
H2_512C_quantized_resblocks_range_2_9,908-157963-0015.wav,generated_audios/generated_H2_512C_int8/908-157963-0015_generated.wav,14.465034,4.142786,4.13816,0.2864,0.28608,1.551149,0.903168,1.014673
H2_512C_quantized_resblocks_range_2_9,908-157963-0016.wav,generated_audios/generated_H2_512C_int8/908-157963-0016_generated.wav,5.105034,0.744286,0.74064,0.145795,0.14508,1.465869,0.92379,1.099856
H2_512C_quantized_resblocks_range_2_9,908-157963-0017.wav,generated_audios/generated_H2_512C_int8/908-157963-0017_generated.wav,4.950023,1.243247,1.239662,0.25116,0.250436,1.593942,0.903618,0.907777
H2_512C_quantized_resblocks_range_2_9,908-157963-0018.wav,generated_audios/generated_H2_512C_int8/908-157963-0018_generated.wav,4.255011,0.61026,0.606872,0.143421,0.142625,1.468791,0.864646,0.937781
H2_512C_quantized_resblocks_range_2_9,908-157963-0019.wav,generated_audios/generated_H2_512C_int8/908-157963-0019_generated.wav,21.44,7.054382,7.049518,0.329029,0.328802,1.34969,0.847836,1.173222
H2_512C_quantized_resblocks_range_2_9,908-157963-0020.wav,generated_audios/generated_H2_512C_int8/908-157963-0020_generated.wav,9.8,2.654358,2.650002,0.270853,0.270408,1.367316,0.870441,1.154871
H2_512C_quantized_resblocks_range_2_9,908-157963-0021.wav,generated_audios/generated_H2_512C_int8/908-157963-0021_generated.wav,10.24,1.604374,1.600596,0.156677,0.156308,1.440106,0.855706,1.071511
H2_512C_quantized_resblocks_range_2_9,908-157963-0022.wav,generated_audios/generated_H2_512C_int8/908-157963-0022_generated.wav,4.610023,1.199602,1.196609,0.260216,0.259567,1.246834,0.780134,1.109671
H2_512C_quantized_resblocks_range_2_9,908-157963-0023.wav,generated_audios/generated_H2_512C_int8/908-157963-0023_generated.wav,9.625034,2.605691,2.601694,0.27072,0.270305,1.368571,0.751384,1.066683
H2_512C_quantized_resblocks_range_2_9,908-157963-0024.wav,generated_audios/generated_H2_512C_int8/908-157963-0024_generated.wav,3.44,0.879321,0.875838,0.255617,0.254604,1.285614,0.851186,1.187091
H2_512C_quantized_resblocks_range_2_9,908-157963-0025.wav,generated_audios/generated_H2_512C_int8/908-157963-0025_generated.wav,9.265034,2.502372,2.498748,0.270088,0.269697,1.293276,0.791466,1.197461
H2_512C_quantized_resblocks_range_2_9,908-157963-0026.wav,generated_audios/generated_H2_512C_int8/908-157963-0026_generated.wav,8.1,2.21022,2.206575,0.272867,0.272417,1.388278,0.811718,1.074394
H2_512C_quantized_resblocks_range_2_9,908-157963-0027.wav,generated_audios/generated_H2_512C_int8/908-157963-0027_generated.wav,5.225034,0.766054,0.762275,0.146612,0.145889,1.285455,0.702808,1.237092
H2_512C_quantized_resblocks_range_2_9,908-157963-0028.wav,generated_audios/generated_H2_512C_int8/908-157963-0028_generated.wav,4.955011,0.701347,0.697846,0.141543,0.140836,1.480606,0.901912,0.936631
H2_512C_quantized_resblocks_range_2_9,908-157963-0029.wav,generated_audios/generated_H2_512C_int8/908-157963-0029_generated.wav,3.630023,0.914847,0.911975,0.252022,0.251231,1.509989,0.941716,0.983891
H2_512C_quantized_resblocks_range_2_9,908-157963-0030.wav,generated_audios/generated_H2_512C_int8/908-157963-0030_generated.wav,4.52,0.628219,0.624875,0.138986,0.138247,1.38012,0.882107,1.095402
H2_512C_quantized_resblocks_range_2_9,908-31957-0000.wav,generated_audios/generated_H2_512C_int8/908-31957-0000_generated.wav,2.125034,0.526041,0.523398,0.247545,0.246301,1.647898,0.91293,1.231592
H2_512C_quantized_resblocks_range_2_9,908-31957-0001.wav,generated_audios/generated_H2_512C_int8/908-31957-0001_generated.wav,11.315011,2.988841,2.984742,0.264148,0.263786,1.29132,0.867433,1.181581
H2_512C_quantized_resblocks_range_2_9,908-31957-0002.wav,generated_audios/generated_H2_512C_int8/908-31957-0002_generated.wav,4.790023,0.700095,0.696514,0.146157,0.145409,1.326217,0.886174,1.284652
H2_512C_quantized_resblocks_range_2_9,908-31957-0003.wav,generated_audios/generated_H2_512C_int8/908-31957-0003_generated.wav,6.565034,0.965807,0.962333,0.147114,0.146585,1.391451,0.859685,0.976042
H2_512C_quantized_resblocks_range_2_9,908-31957-0004.wav,generated_audios/generated_H2_512C_int8/908-31957-0004_generated.wav,14.755011,4.102517,4.098107,0.278042,0.277743,1.387883,0.877038,1.096121
H2_512C_quantized_resblocks_range_2_9,908-31957-0005.wav,generated_audios/generated_H2_512C_int8/908-31957-0005_generated.wav,4.490023,0.649102,0.645056,0.144565,0.143664,1.374575,0.871004,1.356309
H2_512C_quantized_resblocks_range_2_9,908-31957-0006.wav,generated_audios/generated_H2_512C_int8/908-31957-0006_generated.wav,5.890023,1.502761,1.499034,0.255137,0.254504,1.437833,0.884174,1.306079
H2_512C_quantized_resblocks_range_2_9,908-31957-0007.wav,generated_audios/generated_H2_512C_int8/908-31957-0007_generated.wav,5.8,0.848593,0.845008,0.146309,0.145691,1.448929,0.883603,1.123359
H2_512C_quantized_resblocks_range_2_9,908-31957-0008.wav,generated_audios/generated_H2_512C_int8/908-31957-0008_generated.wav,10.005034,2.761462,2.757465,0.276007,0.275608,1.396809,0.86284,1.155041
H2_512C_quantized_resblocks_range_2_9,908-31957-0009.wav,generated_audios/generated_H2_512C_int8/908-31957-0009_generated.wav,7.705034,1.979999,1.976581,0.256975,0.256531,1.349361,0.88477,1.125984
H2_512C_quantized_resblocks_range_2_9,908-31957-0010.wav,generated_audios/generated_H2_512C_int8/908-31957-0010_generated.wav,2.510023,0.615954,0.611788,0.245398,0.243738,1.281504,0.654252,1.605734
H2_512C_quantized_resblocks_range_2_9,908-31957-0011.wav,generated_audios/generated_H2_512C_int8/908-31957-0011_generated.wav,2.335011,0.330649,0.327416,0.141605,0.14022,1.415381,0.752277,1.16481
H2_512C_quantized_resblocks_range_2_9,908-31957-0012.wav,generated_audios/generated_H2_512C_int8/908-31957-0012_generated.wav,7.615011,1.962649,1.959398,0.257734,0.257307,1.386293,0.831189,1.197608
H2_512C_quantized_resblocks_range_2_9,908-31957-0013.wav,generated_audios/generated_H2_512C_int8/908-31957-0013_generated.wav,6.18,1.610882,1.607317,0.260661,0.260084,1.475312,0.827121,1.262925
H2_512C_quantized_resblocks_range_2_9,908-31957-0014.wav,generated_audios/generated_H2_512C_int8/908-31957-0014_generated.wav,7.56,1.954083,1.950121,0.258477,0.257953,1.278965,0.850776,1.306571
H2_512C_quantized_resblocks_range_2_9,908-31957-0015.wav,generated_audios/generated_H2_512C_int8/908-31957-0015_generated.wav,21.465034,6.900494,6.89523,0.321476,0.321231,1.25026,0.82126,1.359654
H2_512C_quantized_resblocks_range_2_9,908-31957-0016.wav,generated_audios/generated_H2_512C_int8/908-31957-0016_generated.wav,6.48,1.730724,1.726771,0.267087,0.266477,1.448237,0.867822,1.311204
H2_512C_quantized_resblocks_range_2_9,908-31957-0017.wav,generated_audios/generated_H2_512C_int8/908-31957-0017_generated.wav,7.795011,2.100051,2.096358,0.26941,0.268936,1.288566,0.857928,1.322924
H2_512C_quantized_resblocks_range_2_9,908-31957-0018.wav,generated_audios/generated_H2_512C_int8/908-31957-0018_generated.wav,3.915011,0.995812,0.992386,0.254357,0.253482,1.279619,0.864577,1.24812
H2_512C_quantized_resblocks_range_2_9,908-31957-0019.wav,generated_audios/generated_H2_512C_int8/908-31957-0019_generated.wav,9.54,2.641404,2.637445,0.276877,0.276462,1.453727,0.887461,1.115912
H2_512C_quantized_resblocks_range_2_9,908-31957-0020.wav,generated_audios/generated_H2_512C_int8/908-31957-0020_generated.wav,5.895011,0.848159,0.844493,0.143877,0.143255,1.374536,0.855321,1.205771
H2_512C_quantized_resblocks_range_2_9,908-31957-0021.wav,generated_audios/generated_H2_512C_int8/908-31957-0021_generated.wav,10.905034,2.958408,2.954263,0.271288,0.270908,1.37625,0.869804,1.197493
H2_512C_quantized_resblocks_range_2_9,908-31957-0022.wav,generated_audios/generated_H2_512C_int8/908-31957-0022_generated.wav,14.1,4.547946,4.543452,0.322549,0.322231,2.43182,0.951715,0.376398
H2_512C_quantized_resblocks_range_2_9,908-31957-0023.wav,generated_audios/generated_H2_512C_int8/908-31957-0023_generated.wav,8.515011,2.336211,2.332001,0.274364,0.273869,2.429371,0.955502,0.439697
H2_512C_quantized_resblocks_range_2_9,908-31957-0024.wav,generated_audios/generated_H2_512C_int8/908-31957-0024_generated.wav,7.54,2.049144,2.045138,0.27177,0.271238,2.539365,0.963059,0.418401
H2_512C_quantized_resblocks_range_2_9,908-31957-0025.wav,generated_audios/generated_H2_512C_int8/908-31957-0025_generated.wav,20.56,6.645708,6.640385,0.323235,0.322976,2.359658,0.954257,0.479632
