experiment_name,audio_file,generated_file,audio_duration,inference_time,generator_time,avg_rtf,avg_generator_rtf,pesq,stoi,mel_l1
H2_128C_quantized_resblocks_range_1_10,1089-134686-0000.wav,generated_audios/generated_H2_128C_int8/1089-134686-0000_generated.wav,10.435011,0.289105,0.286054,0.027705,0.027413,1.113926,0.820133,1.641106
H2_128C_quantized_resblocks_range_1_10,1089-134686-0001.wav,generated_audios/generated_H2_128C_int8/1089-134686-0001_generated.wav,3.275011,0.096937,0.093422,0.029599,0.028526,1.077123,0.777155,1.845023
H2_128C_quantized_resblocks_range_1_10,1089-134686-0002.wav,generated_audios/generated_H2_128C_int8/1089-134686-0002_generated.wav,6.625034,0.178708,0.175259,0.026975,0.026454,1.117863,0.806879,1.680807
H2_128C_quantized_resblocks_range_1_10,1089-134686-0003.wav,generated_audios/generated_H2_128C_int8/1089-134686-0003_generated.wav,2.68,0.071176,0.067885,0.026558,0.02533,1.1453,0.829345,1.766972
H2_128C_quantized_resblocks_range_1_10,1089-134686-0004.wav,generated_audios/generated_H2_128C_int8/1089-134686-0004_generated.wav,5.215102,0.122323,0.118889,0.023456,0.022797,1.146575,0.879891,1.621915
H2_128C_quantized_resblocks_range_1_10,1089-134686-0005.wav,generated_audios/generated_H2_128C_int8/1089-134686-0005_generated.wav,9.635011,0.231181,0.227371,0.023994,0.023598,1.071958,0.770375,1.811912
H2_128C_quantized_resblocks_range_1_10,1089-134686-0006.wav,generated_audios/generated_H2_128C_int8/1089-134686-0006_generated.wav,10.555011,0.274092,0.269292,0.025968,0.025513,1.120622,0.802654,1.723931
H2_128C_quantized_resblocks_range_1_10,1089-134686-0007.wav,generated_audios/generated_H2_128C_int8/1089-134686-0007_generated.wav,4.275011,0.109641,0.105978,0.025647,0.02479,1.074849,0.790015,1.905082
H2_128C_quantized_resblocks_range_1_10,1089-134686-0008.wav,generated_audios/generated_H2_128C_int8/1089-134686-0008_generated.wav,6.730023,0.133994,0.130161,0.01991,0.01934,1.078261,0.798622,1.764637
H2_128C_quantized_resblocks_range_1_10,1089-134686-0009.wav,generated_audios/generated_H2_128C_int8/1089-134686-0009_generated.wav,10.575011,0.25143,0.247202,0.023776,0.023376,1.120794,0.848177,1.777874
H2_128C_quantized_resblocks_range_1_10,1089-134686-0010.wav,generated_audios/generated_H2_128C_int8/1089-134686-0010_generated.wav,4.405034,0.106996,0.103372,0.024289,0.023467,1.231708,0.859731,1.445988
H2_128C_quantized_resblocks_range_1_10,1089-134686-0011.wav,generated_audios/generated_H2_128C_int8/1089-134686-0011_generated.wav,12.445034,0.315383,0.310964,0.025342,0.024987,1.08926,0.814071,1.646756
H2_128C_quantized_resblocks_range_1_10,1089-134686-0012.wav,generated_audios/generated_H2_128C_int8/1089-134686-0012_generated.wav,11.64,0.324756,0.320497,0.0279,0.027534,1.114364,0.79331,1.767247
H2_128C_quantized_resblocks_range_1_10,1089-134686-0013.wav,generated_audios/generated_H2_128C_int8/1089-134686-0013_generated.wav,7.915011,0.205483,0.201046,0.025961,0.025401,1.092413,0.81064,1.740977
H2_128C_quantized_resblocks_range_1_10,1089-134686-0014.wav,generated_audios/generated_H2_128C_int8/1089-134686-0014_generated.wav,2.225034,0.063993,0.060667,0.02876,0.027265,1.210266,0.842481,1.734662
H2_128C_quantized_resblocks_range_1_10,1089-134686-0015.wav,generated_audios/generated_H2_128C_int8/1089-134686-0015_generated.wav,5.815011,0.139032,0.136632,0.023909,0.023496,1.144753,0.81011,1.900967
H2_128C_quantized_resblocks_range_1_10,1089-134686-0016.wav,generated_audios/generated_H2_128C_int8/1089-134686-0016_generated.wav,3.54,0.090433,0.087025,0.025546,0.024583,1.111068,0.831004,1.698505
H2_128C_quantized_resblocks_range_1_10,1089-134686-0017.wav,generated_audios/generated_H2_128C_int8/1089-134686-0017_generated.wav,8.870023,0.221354,0.217349,0.024955,0.024504,1.092433,0.833732,1.631659
H2_128C_quantized_resblocks_range_1_10,1089-134686-0018.wav,generated_audios/generated_H2_128C_int8/1089-134686-0018_generated.wav,15.72,0.387068,0.381719,0.024623,0.024282,1.086099,0.808947,1.732679
H2_128C_quantized_resblocks_range_1_10,1089-134686-0019.wav,generated_audios/generated_H2_128C_int8/1089-134686-0019_generated.wav,13.895011,0.347054,0.342472,0.024977,0.024647,1.086101,0.819284,1.653701
H2_128C_quantized_resblocks_range_1_10,1089-134686-0020.wav,generated_audios/generated_H2_128C_int8/1089-134686-0020_generated.wav,16.790023,0.453488,0.448665,0.027009,0.026722,1.102285,0.806698,1.717934
H2_128C_quantized_resblocks_range_1_10,1089-134686-0021.wav,generated_audios/generated_H2_128C_int8/1089-134686-0021_generated.wav,6.550023,0.168622,0.164667,0.025744,0.02514,1.100784,0.818031,1.750725
H2_128C_quantized_resblocks_range_1_10,1089-134686-0022.wav,generated_audios/generated_H2_128C_int8/1089-134686-0022_generated.wav,11.175011,0.26596,0.261778,0.0238,0.023425,1.132296,0.817101,1.623719
H2_128C_quantized_resblocks_range_1_10,1089-134686-0023.wav,generated_audios/generated_H2_128C_int8/1089-134686-0023_generated.wav,13.275011,0.346341,0.341909,0.02609,0.025756,1.082027,0.810941,1.724966
H2_128C_quantized_resblocks_range_1_10,1089-134686-0024.wav,generated_audios/generated_H2_128C_int8/1089-134686-0024_generated.wav,11.655011,0.282666,0.278379,0.024253,0.023885,1.083495,0.803513,1.64339
H2_128C_quantized_resblocks_range_1_10,1089-134686-0025.wav,generated_audios/generated_H2_128C_int8/1089-134686-0025_generated.wav,6.610023,0.156131,0.152032,0.02362,0.023,1.088074,0.831981,1.745314
H2_128C_quantized_resblocks_range_1_10,1089-134686-0026.wav,generated_audios/generated_H2_128C_int8/1089-134686-0026_generated.wav,4.010023,0.115725,0.112213,0.028859,0.027983,1.120549,0.807782,1.752309
H2_128C_quantized_resblocks_range_1_10,1089-134686-0027.wav,generated_audios/generated_H2_128C_int8/1089-134686-0027_generated.wav,2.710023,0.073802,0.070471,0.027233,0.026004,1.159569,0.850824,1.568409
H2_128C_quantized_resblocks_range_1_10,1089-134686-0028.wav,generated_audios/generated_H2_128C_int8/1089-134686-0028_generated.wav,7.830023,0.19043,0.186625,0.024321,0.023835,1.144081,0.82459,1.497387
H2_128C_quantized_resblocks_range_1_10,1089-134686-0029.wav,generated_audios/generated_H2_128C_int8/1089-134686-0029_generated.wav,4.670023,0.13157,0.12803,0.028173,0.027415,1.156422,0.825491,1.649795
H2_128C_quantized_resblocks_range_1_10,1089-134686-0030.wav,generated_audios/generated_H2_128C_int8/1089-134686-0030_generated.wav,2.715011,0.059935,0.056792,0.022075,0.020918,1.155439,0.856757,1.451425
H2_128C_quantized_resblocks_range_1_10,1089-134686-0031.wav,generated_audios/generated_H2_128C_int8/1089-134686-0031_generated.wav,6.615011,0.139877,0.136636,0.021145,0.020655,1.107223,0.77409,1.784225
H2_128C_quantized_resblocks_range_1_10,121-121726-0000.wav,generated_audios/generated_H2_128C_int8/121-121726-0000_generated.wav,8.46,0.20811,0.204004,0.024599,0.024114,1.083758,0.822864,1.88575
H2_128C_quantized_resblocks_range_1_10,121-121726-0001.wav,generated_audios/generated_H2_128C_int8/121-121726-0001_generated.wav,5.925034,0.163235,0.159682,0.02755,0.02695,1.143089,0.83992,2.561937
H2_128C_quantized_resblocks_range_1_10,121-121726-0002.wav,generated_audios/generated_H2_128C_int8/121-121726-0002_generated.wav,4.410023,0.091862,0.088293,0.02083,0.020021,1.166441,0.811978,2.450186
H2_128C_quantized_resblocks_range_1_10,121-121726-0003.wav,generated_audios/generated_H2_128C_int8/121-121726-0003_generated.wav,6.755011,0.161895,0.158223,0.023967,0.023423,1.151242,0.849524,2.283793
H2_128C_quantized_resblocks_range_1_10,121-121726-0004.wav,generated_audios/generated_H2_128C_int8/121-121726-0004_generated.wav,4.02,0.09792,0.094355,0.024358,0.023471,1.077816,0.862906,2.820154
H2_128C_quantized_resblocks_range_1_10,121-121726-0005.wav,generated_audios/generated_H2_128C_int8/121-121726-0005_generated.wav,3.1,0.079958,0.076316,0.025793,0.024618,1.188396,0.906066,3.590042
H2_128C_quantized_resblocks_range_1_10,121-121726-0006.wav,generated_audios/generated_H2_128C_int8/121-121726-0006_generated.wav,3.895011,0.096736,0.093242,0.024836,0.023939,1.227004,0.829313,2.581483
H2_128C_quantized_resblocks_range_1_10,121-121726-0007.wav,generated_audios/generated_H2_128C_int8/121-121726-0007_generated.wav,6.730023,0.134977,0.131267,0.020056,0.019505,1.080108,0.850512,2.494756
H2_128C_quantized_resblocks_range_1_10,121-121726-0008.wav,generated_audios/generated_H2_128C_int8/121-121726-0008_generated.wav,4.990023,0.135387,0.131887,0.027132,0.02643,1.152398,0.861471,3.00338
H2_128C_quantized_resblocks_range_1_10,121-121726-0009.wav,generated_audios/generated_H2_128C_int8/121-121726-0009_generated.wav,7.26,0.176211,0.172258,0.024272,0.023727,1.083314,0.847542,2.341473
H2_128C_quantized_resblocks_range_1_10,121-121726-0010.wav,generated_audios/generated_H2_128C_int8/121-121726-0010_generated.wav,9.810023,0.230218,0.22605,0.023468,0.023043,1.080264,0.816098,2.328455
H2_128C_quantized_resblocks_range_1_10,121-121726-0011.wav,generated_audios/generated_H2_128C_int8/121-121726-0011_generated.wav,4.035011,0.103019,0.099463,0.025531,0.02465,1.153448,0.874418,2.715904
H2_128C_quantized_resblocks_range_1_10,121-121726-0012.wav,generated_audios/generated_H2_128C_int8/121-121726-0012_generated.wav,4.045034,0.124431,0.121069,0.030761,0.02993,1.132177,0.868864,2.127069
H2_128C_quantized_resblocks_range_1_10,121-121726-0013.wav,generated_audios/generated_H2_128C_int8/121-121726-0013_generated.wav,2.490023,0.069229,0.065884,0.027803,0.026459,1.096287,0.813639,2.555505
H2_128C_quantized_resblocks_range_1_10,121-121726-0014.wav,generated_audios/generated_H2_128C_int8/121-121726-0014_generated.wav,3.165034,0.081965,0.078631,0.025897,0.024844,1.270949,0.859157,2.844012
H2_128C_quantized_resblocks_range_1_10,121-123852-0000.wav,generated_audios/generated_H2_128C_int8/121-123852-0000_generated.wav,17.695011,0.479933,0.474992,0.027122,0.026843,1.105339,0.840025,2.301771
H2_128C_quantized_resblocks_range_1_10,121-123852-0001.wav,generated_audios/generated_H2_128C_int8/121-123852-0001_generated.wav,1.870023,0.056126,0.05285,0.030013,0.028262,1.073954,0.640008,3.31576
H2_128C_quantized_resblocks_range_1_10,121-123852-0002.wav,generated_audios/generated_H2_128C_int8/121-123852-0002_generated.wav,17.285034,0.464761,0.460087,0.026888,0.026618,1.080414,0.798633,1.936066
H2_128C_quantized_resblocks_range_1_10,121-123852-0003.wav,generated_audios/generated_H2_128C_int8/121-123852-0003_generated.wav,23.505034,7.168961,7.163046,0.304997,0.304745,1.059909,0.77966,2.021467
H2_128C_quantized_resblocks_range_1_10,121-123852-0004.wav,generated_audios/generated_H2_128C_int8/121-123852-0004_generated.wav,16.290023,4.521241,4.516149,0.277547,0.277234,1.115253,0.819907,1.895919
H2_128C_quantized_resblocks_range_1_10,121-123859-0000.wav,generated_audios/generated_H2_128C_int8/121-123859-0000_generated.wav,17.390023,4.616285,4.610998,0.265456,0.265152,1.051518,0.781137,2.040686
H2_128C_quantized_resblocks_range_1_10,121-123859-0001.wav,generated_audios/generated_H2_128C_int8/121-123859-0001_generated.wav,25.395011,6.923998,6.918513,0.272652,0.272436,1.089447,0.822396,1.956679
H2_128C_quantized_resblocks_range_1_10,121-123859-0002.wav,generated_audios/generated_H2_128C_int8/121-123859-0002_generated.wav,30.04,8.517258,8.511333,0.283531,0.283333,1.075672,0.805907,1.894864
H2_128C_quantized_resblocks_range_1_10,121-123859-0003.wav,generated_audios/generated_H2_128C_int8/121-123859-0003_generated.wav,10.825034,2.779867,2.775829,0.2568,0.256427,1.099895,0.826871,2.483281
H2_128C_quantized_resblocks_range_1_10,121-123859-0004.wav,generated_audios/generated_H2_128C_int8/121-123859-0004_generated.wav,9.505034,2.473923,2.469495,0.260275,0.259809,1.066662,0.799563,2.121869
H2_128C_quantized_resblocks_range_1_10,121-127105-0000.wav,generated_audios/generated_H2_128C_int8/121-127105-0000_generated.wav,9.875011,2.554533,2.550159,0.258687,0.258244,1.073475,0.794777,1.8178
H2_128C_quantized_resblocks_range_1_10,121-127105-0001.wav,generated_audios/generated_H2_128C_int8/121-127105-0001_generated.wav,5.025034,1.22113,1.217534,0.243009,0.242294,1.073304,0.806398,1.474362
H2_128C_quantized_resblocks_range_1_10,121-127105-0002.wav,generated_audios/generated_H2_128C_int8/121-127105-0002_generated.wav,7.495011,1.81221,1.808275,0.241789,0.241264,1.080941,0.79637,1.689758
H2_128C_quantized_resblocks_range_1_10,121-127105-0003.wav,generated_audios/generated_H2_128C_int8/121-127105-0003_generated.wav,7.725034,1.963109,1.959066,0.254123,0.2536,1.113067,0.835427,1.883241
H2_128C_quantized_resblocks_range_1_10,121-127105-0004.wav,generated_audios/generated_H2_128C_int8/121-127105-0004_generated.wav,2.110023,0.530014,0.526994,0.251189,0.249757,1.04105,0.841641,2.859598
H2_128C_quantized_resblocks_range_1_10,121-127105-0005.wav,generated_audios/generated_H2_128C_int8/121-127105-0005_generated.wav,5.82,1.427955,1.424321,0.245353,0.244729,1.08774,0.819146,1.788896
H2_128C_quantized_resblocks_range_1_10,121-127105-0006.wav,generated_audios/generated_H2_128C_int8/121-127105-0006_generated.wav,4.725034,1.211763,1.208142,0.256456,0.25569,1.057089,0.809535,1.944272
H2_128C_quantized_resblocks_range_1_10,121-127105-0007.wav,generated_audios/generated_H2_128C_int8/121-127105-0007_generated.wav,5.790023,1.43123,1.428816,0.247189,0.246772,1.080465,0.831805,1.790443
H2_128C_quantized_resblocks_range_1_10,121-127105-0008.wav,generated_audios/generated_H2_128C_int8/121-127105-0008_generated.wav,2.76,0.695291,0.691901,0.251917,0.250689,1.087604,0.799922,2.055622
H2_128C_quantized_resblocks_range_1_10,121-127105-0009.wav,generated_audios/generated_H2_128C_int8/121-127105-0009_generated.wav,2.290023,0.579444,0.577577,0.25303,0.252215,1.075147,0.813659,1.648042
H2_128C_quantized_resblocks_range_1_10,121-127105-0010.wav,generated_audios/generated_H2_128C_int8/121-127105-0010_generated.wav,2.850023,0.706306,0.702997,0.247825,0.246664,1.06751,0.786973,1.624022
H2_128C_quantized_resblocks_range_1_10,121-127105-0011.wav,generated_audios/generated_H2_128C_int8/121-127105-0011_generated.wav,5.78,1.467392,1.46406,0.253874,0.253298,1.068581,0.76803,1.498007
H2_128C_quantized_resblocks_range_1_10,121-127105-0012.wav,generated_audios/generated_H2_128C_int8/121-127105-0012_generated.wav,4.830023,1.250612,1.246936,0.258925,0.258164,1.043761,0.789099,1.522889
H2_128C_quantized_resblocks_range_1_10,121-127105-0013.wav,generated_audios/generated_H2_128C_int8/121-127105-0013_generated.wav,5.895011,1.431808,1.428077,0.242885,0.242252,1.083473,0.808118,1.744764
H2_128C_quantized_resblocks_range_1_10,121-127105-0014.wav,generated_audios/generated_H2_128C_int8/121-127105-0014_generated.wav,2.255011,0.534322,0.531093,0.236949,0.235517,1.127878,0.75637,2.382353
H2_128C_quantized_resblocks_range_1_10,121-127105-0015.wav,generated_audios/generated_H2_128C_int8/121-127105-0015_generated.wav,2.96,0.74333,0.739957,0.251125,0.249986,1.083173,0.790531,1.660981
H2_128C_quantized_resblocks_range_1_10,121-127105-0016.wav,generated_audios/generated_H2_128C_int8/121-127105-0016_generated.wav,2.030023,0.488527,0.485266,0.240651,0.239045,1.087699,0.815555,1.620625
H2_128C_quantized_resblocks_range_1_10,121-127105-0017.wav,generated_audios/generated_H2_128C_int8/121-127105-0017_generated.wav,2.695011,0.679464,0.676179,0.252119,0.2509,1.069103,0.790473,1.428562
H2_128C_quantized_resblocks_range_1_10,121-127105-0018.wav,generated_audios/generated_H2_128C_int8/121-127105-0018_generated.wav,2.770023,0.699171,0.695803,0.252406,0.25119,1.072809,0.761162,1.655987
H2_128C_quantized_resblocks_range_1_10,121-127105-0019.wav,generated_audios/generated_H2_128C_int8/121-127105-0019_generated.wav,3.525034,0.842717,0.839259,0.239066,0.238085,1.061999,0.77026,1.834733
H2_128C_quantized_resblocks_range_1_10,121-127105-0020.wav,generated_audios/generated_H2_128C_int8/121-127105-0020_generated.wav,14.355011,3.895281,3.89092,0.271353,0.27105,1.080235,0.817812,1.532923
H2_128C_quantized_resblocks_range_1_10,121-127105-0021.wav,generated_audios/generated_H2_128C_int8/121-127105-0021_generated.wav,2.0,0.484793,0.482008,0.242396,0.241004,1.083285,0.829818,1.757214
H2_128C_quantized_resblocks_range_1_10,121-127105-0022.wav,generated_audios/generated_H2_128C_int8/121-127105-0022_generated.wav,5.075011,1.279187,1.275617,0.252056,0.251353,1.134521,0.824711,2.16838
H2_128C_quantized_resblocks_range_1_10,121-127105-0023.wav,generated_audios/generated_H2_128C_int8/121-127105-0023_generated.wav,10.910023,2.659498,2.655453,0.243766,0.243396,1.092828,0.818849,1.53424
H2_128C_quantized_resblocks_range_1_10,121-127105-0024.wav,generated_audios/generated_H2_128C_int8/121-127105-0024_generated.wav,14.450023,4.069976,4.065173,0.281659,0.281326,1.085301,0.814247,1.613029
H2_128C_quantized_resblocks_range_1_10,121-127105-0025.wav,generated_audios/generated_H2_128C_int8/121-127105-0025_generated.wav,16.065034,4.322575,4.318337,0.269067,0.268803,1.086087,0.821079,1.589632
H2_128C_quantized_resblocks_range_1_10,121-127105-0026.wav,generated_audios/generated_H2_128C_int8/121-127105-0026_generated.wav,7.530023,1.821766,1.817576,0.241934,0.241377,1.084814,0.835192,1.531937
H2_128C_quantized_resblocks_range_1_10,121-127105-0027.wav,generated_audios/generated_H2_128C_int8/121-127105-0027_generated.wav,13.870023,3.759219,3.754874,0.271032,0.270719,1.108603,0.820722,1.707514
H2_128C_quantized_resblocks_range_1_10,121-127105-0028.wav,generated_audios/generated_H2_128C_int8/121-127105-0028_generated.wav,6.750023,0.155904,0.151885,0.023097,0.022501,1.118195,0.830854,1.818243
H2_128C_quantized_resblocks_range_1_10,121-127105-0029.wav,generated_audios/generated_H2_128C_int8/121-127105-0029_generated.wav,7.310023,1.854278,1.85016,0.253662,0.253099,1.0862,0.837406,1.843082
H2_128C_quantized_resblocks_range_1_10,121-127105-0030.wav,generated_audios/generated_H2_128C_int8/121-127105-0030_generated.wav,2.175011,0.53881,0.535363,0.247728,0.246143,1.052901,0.811234,1.887496
H2_128C_quantized_resblocks_range_1_10,121-127105-0031.wav,generated_audios/generated_H2_128C_int8/121-127105-0031_generated.wav,10.765034,2.596985,2.593061,0.241243,0.240878,1.090614,0.738532,2.213221
H2_128C_quantized_resblocks_range_1_10,121-127105-0032.wav,generated_audios/generated_H2_128C_int8/121-127105-0032_generated.wav,3.170023,0.756671,0.753308,0.238696,0.237635,1.078048,0.844706,1.837541
H2_128C_quantized_resblocks_range_1_10,121-127105-0033.wav,generated_audios/generated_H2_128C_int8/121-127105-0033_generated.wav,2.355011,0.584058,0.580887,0.248007,0.24666,1.078795,0.809047,2.288398
H2_128C_quantized_resblocks_range_1_10,121-127105-0034.wav,generated_audios/generated_H2_128C_int8/121-127105-0034_generated.wav,7.410023,1.923362,1.919527,0.259562,0.259045,1.094175,0.812874,2.280276
H2_128C_quantized_resblocks_range_1_10,121-127105-0035.wav,generated_audios/generated_H2_128C_int8/121-127105-0035_generated.wav,14.150023,3.80751,3.802688,0.269082,0.268741,1.096447,0.795734,2.530295
H2_128C_quantized_resblocks_range_1_10,121-127105-0036.wav,generated_audios/generated_H2_128C_int8/121-127105-0036_generated.wav,4.150023,0.992188,0.988189,0.23908,0.238117,1.137691,0.75355,2.39175
H2_128C_quantized_resblocks_range_1_10,237-126133-0000.wav,generated_audios/generated_H2_128C_int8/237-126133-0000_generated.wav,13.290023,3.766648,3.762247,0.283419,0.283088,1.065319,0.78911,1.759098
H2_128C_quantized_resblocks_range_1_10,237-126133-0001.wav,generated_audios/generated_H2_128C_int8/237-126133-0001_generated.wav,11.965034,3.390567,3.385781,0.283373,0.282973,1.06476,0.75663,1.785181
H2_128C_quantized_resblocks_range_1_10,237-126133-0002.wav,generated_audios/generated_H2_128C_int8/237-126133-0002_generated.wav,8.92,2.202514,2.198397,0.246919,0.246457,1.045209,0.754688,1.954436
H2_128C_quantized_resblocks_range_1_10,237-126133-0003.wav,generated_audios/generated_H2_128C_int8/237-126133-0003_generated.wav,6.56,1.666539,1.662763,0.254046,0.25347,1.048973,0.727652,1.841918
H2_128C_quantized_resblocks_range_1_10,237-126133-0004.wav,generated_audios/generated_H2_128C_int8/237-126133-0004_generated.wav,3.295011,0.843748,0.840606,0.256068,0.255115,1.054752,0.741386,1.883526
H2_128C_quantized_resblocks_range_1_10,237-126133-0005.wav,generated_audios/generated_H2_128C_int8/237-126133-0005_generated.wav,6.510023,1.684711,1.681105,0.258787,0.258233,1.074534,0.748009,1.79937
H2_128C_quantized_resblocks_range_1_10,237-126133-0006.wav,generated_audios/generated_H2_128C_int8/237-126133-0006_generated.wav,6.150023,1.576372,1.572557,0.25632,0.255699,1.091547,0.776559,1.919609
H2_128C_quantized_resblocks_range_1_10,237-126133-0007.wav,generated_audios/generated_H2_128C_int8/237-126133-0007_generated.wav,8.68,2.12339,2.119468,0.24463,0.244178,1.069141,0.760209,1.857197
H2_128C_quantized_resblocks_range_1_10,237-126133-0008.wav,generated_audios/generated_H2_128C_int8/237-126133-0008_generated.wav,3.865034,0.981581,0.978155,0.253964,0.253078,1.054968,0.765407,1.878762
H2_128C_quantized_resblocks_range_1_10,237-126133-0009.wav,generated_audios/generated_H2_128C_int8/237-126133-0009_generated.wav,3.970023,0.987545,0.984151,0.24875,0.247896,1.060913,0.767709,1.906669
H2_128C_quantized_resblocks_range_1_10,237-126133-0010.wav,generated_audios/generated_H2_128C_int8/237-126133-0010_generated.wav,6.24,1.519228,1.516062,0.243466,0.242959,1.047117,0.693889,1.847366
H2_128C_quantized_resblocks_range_1_10,237-126133-0011.wav,generated_audios/generated_H2_128C_int8/237-126133-0011_generated.wav,6.710023,1.755578,1.752209,0.261635,0.261133,1.085173,0.798304,1.895675
H2_128C_quantized_resblocks_range_1_10,237-126133-0012.wav,generated_audios/generated_H2_128C_int8/237-126133-0012_generated.wav,4.450023,1.166289,1.162753,0.262086,0.261291,1.062342,0.717059,1.886809
H2_128C_quantized_resblocks_range_1_10,237-126133-0013.wav,generated_audios/generated_H2_128C_int8/237-126133-0013_generated.wav,6.815011,1.749284,1.745564,0.256681,0.256135,1.059904,0.730235,1.965708
H2_128C_quantized_resblocks_range_1_10,237-126133-0014.wav,generated_audios/generated_H2_128C_int8/237-126133-0014_generated.wav,6.790023,1.762987,1.75926,0.259644,0.259095,1.062462,0.745782,1.747037
H2_128C_quantized_resblocks_range_1_10,237-126133-0015.wav,generated_audios/generated_H2_128C_int8/237-126133-0015_generated.wav,9.34,2.295046,2.290834,0.245722,0.245271,1.06717,0.764995,1.867017
H2_128C_quantized_resblocks_range_1_10,237-126133-0016.wav,generated_audios/generated_H2_128C_int8/237-126133-0016_generated.wav,4.250023,1.036843,1.033153,0.243962,0.243093,1.09566,0.763777,1.850523
H2_128C_quantized_resblocks_range_1_10,237-126133-0017.wav,generated_audios/generated_H2_128C_int8/237-126133-0017_generated.wav,6.210023,1.52546,1.521917,0.245645,0.245074,1.114887,0.823924,1.785433
H2_128C_quantized_resblocks_range_1_10,237-126133-0018.wav,generated_audios/generated_H2_128C_int8/237-126133-0018_generated.wav,4.095011,1.061479,1.058157,0.259213,0.258401,1.069769,0.714404,2.057841
H2_128C_quantized_resblocks_range_1_10,237-126133-0019.wav,generated_audios/generated_H2_128C_int8/237-126133-0019_generated.wav,7.12,1.858082,1.854313,0.260967,0.260437,1.052928,0.750386,1.881091
H2_128C_quantized_resblocks_range_1_10,237-126133-0020.wav,generated_audios/generated_H2_128C_int8/237-126133-0020_generated.wav,2.24,0.533253,0.530055,0.238059,0.236632,1.075356,0.769675,1.828957
H2_128C_quantized_resblocks_range_1_10,237-126133-0021.wav,generated_audios/generated_H2_128C_int8/237-126133-0021_generated.wav,4.365034,1.055812,1.052385,0.241879,0.241094,1.060756,0.74219,1.93298
H2_128C_quantized_resblocks_range_1_10,237-126133-0022.wav,generated_audios/generated_H2_128C_int8/237-126133-0022_generated.wav,5.04,1.299327,1.29692,0.257803,0.257325,1.074008,0.78115,1.828694
H2_128C_quantized_resblocks_range_1_10,237-126133-0023.wav,generated_audios/generated_H2_128C_int8/237-126133-0023_generated.wav,6.675011,1.714718,1.711068,0.256886,0.256339,1.054646,0.769212,1.830058
H2_128C_quantized_resblocks_range_1_10,237-126133-0024.wav,generated_audios/generated_H2_128C_int8/237-126133-0024_generated.wav,9.665034,2.516301,2.512265,0.260351,0.259933,1.097156,0.791195,1.660796
H2_128C_quantized_resblocks_range_1_10,237-126133-0025.wav,generated_audios/generated_H2_128C_int8/237-126133-0025_generated.wav,3.755011,0.948636,0.945363,0.252632,0.25176,1.078228,0.794218,1.788956
H2_128C_quantized_resblocks_range_1_10,237-134493-0000.wav,generated_audios/generated_H2_128C_int8/237-134493-0000_generated.wav,4.105034,1.073462,1.070031,0.261499,0.260663,1.225781,0.858419,1.333688
H2_128C_quantized_resblocks_range_1_10,237-134493-0001.wav,generated_audios/generated_H2_128C_int8/237-134493-0001_generated.wav,7.38,1.874536,1.870455,0.254002,0.253449,1.227287,0.871038,1.298658
H2_128C_quantized_resblocks_range_1_10,237-134493-0002.wav,generated_audios/generated_H2_128C_int8/237-134493-0002_generated.wav,11.395011,3.071225,3.066991,0.269524,0.269152,1.279184,0.862817,1.378502
H2_128C_quantized_resblocks_range_1_10,237-134493-0003.wav,generated_audios/generated_H2_128C_int8/237-134493-0003_generated.wav,12.765034,3.590496,3.585946,0.281276,0.280919,1.197231,0.87588,1.313158
H2_128C_quantized_resblocks_range_1_10,237-134493-0004.wav,generated_audios/generated_H2_128C_int8/237-134493-0004_generated.wav,6.825034,1.781889,1.777823,0.261081,0.260486,1.286246,0.866902,1.26756
H2_128C_quantized_resblocks_range_1_10,237-134493-0005.wav,generated_audios/generated_H2_128C_int8/237-134493-0005_generated.wav,10.945034,2.696339,2.692594,0.246353,0.246011,1.27667,0.864099,1.241686
H2_128C_quantized_resblocks_range_1_10,237-134493-0006.wav,generated_audios/generated_H2_128C_int8/237-134493-0006_generated.wav,4.395011,1.070588,1.067126,0.243592,0.242804,1.426818,0.905299,1.150676
H2_128C_quantized_resblocks_range_1_10,237-134493-0007.wav,generated_audios/generated_H2_128C_int8/237-134493-0007_generated.wav,2.035011,0.490712,0.487644,0.241135,0.239627,1.298099,0.841494,1.172134
H2_128C_quantized_resblocks_range_1_10,237-134493-0008.wav,generated_audios/generated_H2_128C_int8/237-134493-0008_generated.wav,2.305034,0.550178,0.547127,0.238685,0.237362,1.275228,0.839996,1.438672
H2_128C_quantized_resblocks_range_1_10,237-134493-0009.wav,generated_audios/generated_H2_128C_int8/237-134493-0009_generated.wav,2.975011,0.763716,0.760389,0.25671,0.255592,1.244819,0.883582,1.358685
H2_128C_quantized_resblocks_range_1_10,237-134493-0010.wav,generated_audios/generated_H2_128C_int8/237-134493-0010_generated.wav,2.875011,0.729091,0.72605,0.253596,0.252538,1.219426,0.845474,1.257273
H2_128C_quantized_resblocks_range_1_10,237-134493-0011.wav,generated_audios/generated_H2_128C_int8/237-134493-0011_generated.wav,5.035011,1.317812,1.314494,0.26173,0.261071,1.255753,0.874048,1.208777
H2_128C_quantized_resblocks_range_1_10,237-134493-0012.wav,generated_audios/generated_H2_128C_int8/237-134493-0012_generated.wav,3.66,0.88689,0.883314,0.24232,0.241343,1.325418,0.876577,1.234288
H2_128C_quantized_resblocks_range_1_10,237-134493-0013.wav,generated_audios/generated_H2_128C_int8/237-134493-0013_generated.wav,4.090023,0.090567,0.087304,0.022143,0.021346,1.337519,0.870505,1.214666
H2_128C_quantized_resblocks_range_1_10,237-134493-0014.wav,generated_audios/generated_H2_128C_int8/237-134493-0014_generated.wav,3.7,0.913133,0.909727,0.246793,0.245872,1.298647,0.875262,1.253687
H2_128C_quantized_resblocks_range_1_10,237-134493-0015.wav,generated_audios/generated_H2_128C_int8/237-134493-0015_generated.wav,6.550023,0.170776,0.167051,0.026073,0.025504,1.251449,0.870762,1.226472
H2_128C_quantized_resblocks_range_1_10,237-134493-0016.wav,generated_audios/generated_H2_128C_int8/237-134493-0016_generated.wav,10.085034,2.643151,2.639155,0.262087,0.26169,1.313378,0.889893,1.200036
H2_128C_quantized_resblocks_range_1_10,237-134493-0017.wav,generated_audios/generated_H2_128C_int8/237-134493-0017_generated.wav,9.105034,2.360736,2.356542,0.259278,0.258817,1.26099,0.87692,1.248038
H2_128C_quantized_resblocks_range_1_10,237-134493-0018.wav,generated_audios/generated_H2_128C_int8/237-134493-0018_generated.wav,4.790023,1.240375,1.236794,0.25895,0.258202,1.326148,0.905308,1.243424
H2_128C_quantized_resblocks_range_1_10,237-134500-0000.wav,generated_audios/generated_H2_128C_int8/237-134500-0000_generated.wav,6.130023,1.574471,1.570484,0.256846,0.256196,1.193145,0.853518,1.419984
H2_128C_quantized_resblocks_range_1_10,237-134500-0001.wav,generated_audios/generated_H2_128C_int8/237-134500-0001_generated.wav,1.810023,0.427296,0.42432,0.236072,0.234428,1.22824,0.845974,1.477271
H2_128C_quantized_resblocks_range_1_10,237-134500-0002.wav,generated_audios/generated_H2_128C_int8/237-134500-0002_generated.wav,5.070023,1.313497,1.310244,0.259071,0.25843,1.235746,0.886061,1.312447
H2_128C_quantized_resblocks_range_1_10,237-134500-0003.wav,generated_audios/generated_H2_128C_int8/237-134500-0003_generated.wav,3.170023,0.085058,0.081637,0.026832,0.025753,1.126581,0.847451,1.426813
H2_128C_quantized_resblocks_range_1_10,237-134500-0004.wav,generated_audios/generated_H2_128C_int8/237-134500-0004_generated.wav,2.225034,0.062075,0.05893,0.027898,0.026485,1.298546,0.885969,1.274865
H2_128C_quantized_resblocks_range_1_10,237-134500-0005.wav,generated_audios/generated_H2_128C_int8/237-134500-0005_generated.wav,2.390023,0.591922,0.588915,0.247664,0.246406,1.209195,0.865876,1.282273
H2_128C_quantized_resblocks_range_1_10,237-134500-0006.wav,generated_audios/generated_H2_128C_int8/237-134500-0006_generated.wav,4.225034,1.029706,1.026517,0.243716,0.242961,1.219079,0.872277,1.304568
H2_128C_quantized_resblocks_range_1_10,237-134500-0007.wav,generated_audios/generated_H2_128C_int8/237-134500-0007_generated.wav,2.390023,0.056433,0.053406,0.023612,0.022345,1.153608,0.817099,1.441554
H2_128C_quantized_resblocks_range_1_10,237-134500-0008.wav,generated_audios/generated_H2_128C_int8/237-134500-0008_generated.wav,3.76,0.079865,0.077133,0.021241,0.020514,1.227431,0.82903,1.397251
H2_128C_quantized_resblocks_range_1_10,237-134500-0009.wav,generated_audios/generated_H2_128C_int8/237-134500-0009_generated.wav,2.22,0.053104,0.050041,0.023921,0.022541,1.09059,0.835538,1.394226
H2_128C_quantized_resblocks_range_1_10,237-134500-0010.wav,generated_audios/generated_H2_128C_int8/237-134500-0010_generated.wav,3.995011,1.027627,1.025152,0.257228,0.256608,1.209392,0.86478,1.282606
H2_128C_quantized_resblocks_range_1_10,237-134500-0011.wav,generated_audios/generated_H2_128C_int8/237-134500-0011_generated.wav,3.350023,0.819152,0.815705,0.244521,0.243493,1.208645,0.821288,1.302301
H2_128C_quantized_resblocks_range_1_10,237-134500-0012.wav,generated_audios/generated_H2_128C_int8/237-134500-0012_generated.wav,10.935011,2.897264,2.893215,0.264953,0.264583,1.150592,0.848889,1.386542
H2_128C_quantized_resblocks_range_1_10,237-134500-0013.wav,generated_audios/generated_H2_128C_int8/237-134500-0013_generated.wav,10.56,0.27645,0.272498,0.026179,0.025805,1.165028,0.865903,1.360003
H2_128C_quantized_resblocks_range_1_10,237-134500-0014.wav,generated_audios/generated_H2_128C_int8/237-134500-0014_generated.wav,4.250023,0.118917,0.115498,0.02798,0.027176,1.169253,0.859179,1.359939
H2_128C_quantized_resblocks_range_1_10,237-134500-0015.wav,generated_audios/generated_H2_128C_int8/237-134500-0015_generated.wav,10.815011,2.783321,2.779055,0.257357,0.256963,1.181577,0.869261,1.37361
H2_128C_quantized_resblocks_range_1_10,237-134500-0016.wav,generated_audios/generated_H2_128C_int8/237-134500-0016_generated.wav,3.16,0.083013,0.079452,0.02627,0.025143,1.120068,0.769871,1.586787
H2_128C_quantized_resblocks_range_1_10,237-134500-0017.wav,generated_audios/generated_H2_128C_int8/237-134500-0017_generated.wav,2.18,0.061125,0.057858,0.028039,0.02654,1.244588,0.892366,1.365861
H2_128C_quantized_resblocks_range_1_10,237-134500-0018.wav,generated_audios/generated_H2_128C_int8/237-134500-0018_generated.wav,12.845034,3.662618,3.658773,0.285139,0.284839,1.167198,0.853903,1.478586
H2_128C_quantized_resblocks_range_1_10,237-134500-0019.wav,generated_audios/generated_H2_128C_int8/237-134500-0019_generated.wav,2.86,0.692851,0.689513,0.242256,0.241089,1.11602,0.837047,1.492337
H2_128C_quantized_resblocks_range_1_10,237-134500-0020.wav,generated_audios/generated_H2_128C_int8/237-134500-0020_generated.wav,2.18,0.052248,0.049279,0.023967,0.022605,1.23458,0.902119,1.656464
H2_128C_quantized_resblocks_range_1_10,237-134500-0021.wav,generated_audios/generated_H2_128C_int8/237-134500-0021_generated.wav,5.12,1.232367,1.229005,0.240697,0.24004,1.132926,0.777011,1.424108
H2_128C_quantized_resblocks_range_1_10,237-134500-0022.wav,generated_audios/generated_H2_128C_int8/237-134500-0022_generated.wav,5.165034,1.271301,1.267788,0.246136,0.245456,1.129925,0.821281,1.450327
H2_128C_quantized_resblocks_range_1_10,237-134500-0023.wav,generated_audios/generated_H2_128C_int8/237-134500-0023_generated.wav,3.06,0.78354,0.780104,0.256059,0.254936,1.179521,0.853062,1.495764
H2_128C_quantized_resblocks_range_1_10,237-134500-0024.wav,generated_audios/generated_H2_128C_int8/237-134500-0024_generated.wav,4.410023,0.106883,0.103428,0.024236,0.023453,1.237983,0.827068,1.507174
H2_128C_quantized_resblocks_range_1_10,237-134500-0025.wav,generated_audios/generated_H2_128C_int8/237-134500-0025_generated.wav,1.630023,0.382228,0.379043,0.234492,0.232538,1.161184,0.806718,1.78415
H2_128C_quantized_resblocks_range_1_10,237-134500-0026.wav,generated_audios/generated_H2_128C_int8/237-134500-0026_generated.wav,3.050023,0.771247,0.768251,0.252866,0.251884,1.221716,0.839748,1.459037
H2_128C_quantized_resblocks_range_1_10,237-134500-0027.wav,generated_audios/generated_H2_128C_int8/237-134500-0027_generated.wav,3.270023,0.849955,0.846839,0.259923,0.25897,1.172429,0.818125,1.441929
H2_128C_quantized_resblocks_range_1_10,237-134500-0028.wav,generated_audios/generated_H2_128C_int8/237-134500-0028_generated.wav,4.524943,1.180716,1.177303,0.260935,0.260181,1.152818,0.834029,1.512224
H2_128C_quantized_resblocks_range_1_10,237-134500-0029.wav,generated_audios/generated_H2_128C_int8/237-134500-0029_generated.wav,2.065034,0.499085,0.495786,0.241684,0.240086,1.15619,0.870942,1.319418
H2_128C_quantized_resblocks_range_1_10,237-134500-0030.wav,generated_audios/generated_H2_128C_int8/237-134500-0030_generated.wav,2.78,0.714852,0.711655,0.257141,0.255991,1.187834,0.857219,1.474488
H2_128C_quantized_resblocks_range_1_10,237-134500-0031.wav,generated_audios/generated_H2_128C_int8/237-134500-0031_generated.wav,10.610023,2.756514,2.752443,0.259803,0.259419,1.236231,0.864721,1.399229
H2_128C_quantized_resblocks_range_1_10,237-134500-0032.wav,generated_audios/generated_H2_128C_int8/237-134500-0032_generated.wav,5.025034,0.128103,0.124761,0.025493,0.024828,1.157192,0.861924,1.483378
H2_128C_quantized_resblocks_range_1_10,237-134500-0033.wav,generated_audios/generated_H2_128C_int8/237-134500-0033_generated.wav,6.350023,1.563854,1.560218,0.246275,0.245703,1.171734,0.811861,1.483333
H2_128C_quantized_resblocks_range_1_10,237-134500-0034.wav,generated_audios/generated_H2_128C_int8/237-134500-0034_generated.wav,3.075011,0.741983,0.738595,0.241295,0.240193,1.10867,0.82457,1.662437
H2_128C_quantized_resblocks_range_1_10,237-134500-0035.wav,generated_audios/generated_H2_128C_int8/237-134500-0035_generated.wav,2.555011,0.646786,0.643491,0.253144,0.251854,1.128051,0.842655,1.570159
H2_128C_quantized_resblocks_range_1_10,237-134500-0036.wav,generated_audios/generated_H2_128C_int8/237-134500-0036_generated.wav,6.6,1.722344,1.71864,0.260961,0.2604,1.164826,0.83404,1.544674
H2_128C_quantized_resblocks_range_1_10,237-134500-0037.wav,generated_audios/generated_H2_128C_int8/237-134500-0037_generated.wav,7.105034,1.836025,1.832404,0.258412,0.257902,1.125013,0.811441,1.428586
H2_128C_quantized_resblocks_range_1_10,237-134500-0038.wav,generated_audios/generated_H2_128C_int8/237-134500-0038_generated.wav,2.435011,0.603708,0.600598,0.247928,0.246651,1.086874,0.804182,1.389259
H2_128C_quantized_resblocks_range_1_10,237-134500-0039.wav,generated_audios/generated_H2_128C_int8/237-134500-0039_generated.wav,4.630023,1.208953,1.20542,0.261112,0.260349,1.153166,0.814897,1.445126
H2_128C_quantized_resblocks_range_1_10,237-134500-0040.wav,generated_audios/generated_H2_128C_int8/237-134500-0040_generated.wav,4.030023,0.101902,0.098362,0.025286,0.024407,1.149249,0.839676,1.388804
H2_128C_quantized_resblocks_range_1_10,237-134500-0041.wav,generated_audios/generated_H2_128C_int8/237-134500-0041_generated.wav,8.92,0.240996,0.237432,0.027017,0.026618,1.166657,0.866228,1.517671
H2_128C_quantized_resblocks_range_1_10,237-134500-0042.wav,generated_audios/generated_H2_128C_int8/237-134500-0042_generated.wav,2.575011,0.638614,0.635443,0.248005,0.246773,1.164866,0.757597,1.581047
H2_128C_quantized_resblocks_range_1_10,260-123286-0000.wav,generated_audios/generated_H2_128C_int8/260-123286-0000_generated.wav,7.04,1.75639,1.752674,0.249487,0.248959,1.147156,0.831245,2.306843
H2_128C_quantized_resblocks_range_1_10,260-123286-0001.wav,generated_audios/generated_H2_128C_int8/260-123286-0001_generated.wav,3.070023,0.070073,0.066817,0.022825,0.021764,1.088758,0.802742,2.234465
H2_128C_quantized_resblocks_range_1_10,260-123286-0002.wav,generated_audios/generated_H2_128C_int8/260-123286-0002_generated.wav,9.985034,2.58982,2.585877,0.25937,0.258975,1.100347,0.829167,1.898492
H2_128C_quantized_resblocks_range_1_10,260-123286-0003.wav,generated_audios/generated_H2_128C_int8/260-123286-0003_generated.wav,7.370023,1.929311,1.925549,0.261778,0.261268,1.09262,0.777401,2.049941
H2_128C_quantized_resblocks_range_1_10,260-123286-0004.wav,generated_audios/generated_H2_128C_int8/260-123286-0004_generated.wav,3.465034,0.891103,0.887497,0.25717,0.256129,1.072095,0.805876,2.291145
H2_128C_quantized_resblocks_range_1_10,260-123286-0005.wav,generated_audios/generated_H2_128C_int8/260-123286-0005_generated.wav,4.810023,1.183313,1.179986,0.24601,0.245318,1.079506,0.783447,1.749654
H2_128C_quantized_resblocks_range_1_10,260-123286-0006.wav,generated_audios/generated_H2_128C_int8/260-123286-0006_generated.wav,7.405034,1.901067,1.897271,0.256726,0.256214,1.152187,0.845262,1.638018
H2_128C_quantized_resblocks_range_1_10,260-123286-0007.wav,generated_audios/generated_H2_128C_int8/260-123286-0007_generated.wav,4.550023,1.148317,1.144521,0.252376,0.251542,1.084347,0.808508,1.758069
H2_128C_quantized_resblocks_range_1_10,260-123286-0008.wav,generated_audios/generated_H2_128C_int8/260-123286-0008_generated.wav,3.735011,0.916895,0.913436,0.245486,0.244561,1.112159,0.832354,1.824433
H2_128C_quantized_resblocks_range_1_10,260-123286-0009.wav,generated_audios/generated_H2_128C_int8/260-123286-0009_generated.wav,5.795011,1.521987,1.518578,0.262637,0.262049,1.083349,0.82061,1.734326
H2_128C_quantized_resblocks_range_1_10,260-123286-0010.wav,generated_audios/generated_H2_128C_int8/260-123286-0010_generated.wav,2.575011,0.060157,0.056792,0.023362,0.022055,1.128968,0.827176,2.266676
H2_128C_quantized_resblocks_range_1_10,260-123286-0011.wav,generated_audios/generated_H2_128C_int8/260-123286-0011_generated.wav,4.255011,0.117494,0.114039,0.027613,0.026801,1.122754,0.802005,2.026078
H2_128C_quantized_resblocks_range_1_10,260-123286-0012.wav,generated_audios/generated_H2_128C_int8/260-123286-0012_generated.wav,2.430023,0.056548,0.053373,0.023271,0.021964,1.102805,0.830384,2.096135
H2_128C_quantized_resblocks_range_1_10,260-123286-0013.wav,generated_audios/generated_H2_128C_int8/260-123286-0013_generated.wav,4.730023,1.210943,1.207493,0.256012,0.255283,1.149231,0.815642,1.937054
H2_128C_quantized_resblocks_range_1_10,260-123286-0014.wav,generated_audios/generated_H2_128C_int8/260-123286-0014_generated.wav,2.98,0.083626,0.080224,0.028063,0.026921,1.089772,0.784469,2.242217
H2_128C_quantized_resblocks_range_1_10,260-123286-0015.wav,generated_audios/generated_H2_128C_int8/260-123286-0015_generated.wav,5.210023,1.362017,1.358554,0.261422,0.260758,1.123922,0.836267,2.135305
H2_128C_quantized_resblocks_range_1_10,260-123286-0016.wav,generated_audios/generated_H2_128C_int8/260-123286-0016_generated.wav,7.0,1.817824,1.81345,0.259689,0.259064,1.106604,0.822439,1.673387
H2_128C_quantized_resblocks_range_1_10,260-123286-0017.wav,generated_audios/generated_H2_128C_int8/260-123286-0017_generated.wav,3.975011,0.971456,0.967859,0.244391,0.243486,1.127677,0.833137,1.829804
H2_128C_quantized_resblocks_range_1_10,260-123286-0018.wav,generated_audios/generated_H2_128C_int8/260-123286-0018_generated.wav,5.670023,1.469366,1.465652,0.259146,0.258491,1.123331,0.811519,1.659344
H2_128C_quantized_resblocks_range_1_10,260-123286-0019.wav,generated_audios/generated_H2_128C_int8/260-123286-0019_generated.wav,11.905034,3.391853,3.387249,0.284909,0.284522,1.117275,0.819101,1.764312
H2_128C_quantized_resblocks_range_1_10,260-123286-0020.wav,generated_audios/generated_H2_128C_int8/260-123286-0020_generated.wav,3.06,0.081003,0.077609,0.026472,0.025362,1.098723,0.82282,2.907169
H2_128C_quantized_resblocks_range_1_10,260-123286-0021.wav,generated_audios/generated_H2_128C_int8/260-123286-0021_generated.wav,2.550023,0.641299,0.638027,0.251488,0.250205,1.134208,0.844082,2.212897
H2_128C_quantized_resblocks_range_1_10,260-123286-0022.wav,generated_audios/generated_H2_128C_int8/260-123286-0022_generated.wav,3.235011,0.827368,0.824108,0.255754,0.254747,1.074653,0.833037,2.028535
H2_128C_quantized_resblocks_range_1_10,260-123286-0023.wav,generated_audios/generated_H2_128C_int8/260-123286-0023_generated.wav,5.875011,1.543487,1.539792,0.262721,0.262092,1.113123,0.821644,1.509036
H2_128C_quantized_resblocks_range_1_10,260-123286-0024.wav,generated_audios/generated_H2_128C_int8/260-123286-0024_generated.wav,3.04,0.775198,0.771745,0.254999,0.253863,1.168057,0.854692,1.761668
H2_128C_quantized_resblocks_range_1_10,260-123286-0025.wav,generated_audios/generated_H2_128C_int8/260-123286-0025_generated.wav,9.205034,2.305386,2.301566,0.250448,0.250033,1.139074,0.821185,1.711517
H2_128C_quantized_resblocks_range_1_10,260-123286-0026.wav,generated_audios/generated_H2_128C_int8/260-123286-0026_generated.wav,6.94,1.725992,1.721997,0.248702,0.248126,1.087427,0.806812,1.595819
H2_128C_quantized_resblocks_range_1_10,260-123286-0027.wav,generated_audios/generated_H2_128C_int8/260-123286-0027_generated.wav,7.170023,1.906826,1.903307,0.265944,0.265453,1.126491,0.808457,1.404623
H2_128C_quantized_resblocks_range_1_10,260-123286-0028.wav,generated_audios/generated_H2_128C_int8/260-123286-0028_generated.wav,7.465034,1.876843,1.873429,0.251418,0.250961,1.100056,0.787016,1.670226
H2_128C_quantized_resblocks_range_1_10,260-123286-0029.wav,generated_audios/generated_H2_128C_int8/260-123286-0029_generated.wav,4.545034,0.096415,0.092691,0.021213,0.020394,1.102714,0.818505,1.754982
H2_128C_quantized_resblocks_range_1_10,260-123286-0030.wav,generated_audios/generated_H2_128C_int8/260-123286-0030_generated.wav,7.530023,0.189918,0.185944,0.025221,0.024694,1.084987,0.804838,1.812511
H2_128C_quantized_resblocks_range_1_10,260-123286-0031.wav,generated_audios/generated_H2_128C_int8/260-123286-0031_generated.wav,5.06,1.257408,1.253852,0.2485,0.247797,1.117203,0.815899,2.229648
H2_128C_quantized_resblocks_range_1_10,260-123288-0000.wav,generated_audios/generated_H2_128C_int8/260-123288-0000_generated.wav,3.04,0.070321,0.066859,0.023132,0.021993,1.142307,0.793788,2.221879
H2_128C_quantized_resblocks_range_1_10,260-123288-0001.wav,generated_audios/generated_H2_128C_int8/260-123288-0001_generated.wav,5.08,0.118352,0.114999,0.023298,0.022638,1.107537,0.811939,2.605249
H2_128C_quantized_resblocks_range_1_10,260-123288-0002.wav,generated_audios/generated_H2_128C_int8/260-123288-0002_generated.wav,7.250023,1.809259,1.805608,0.249552,0.249049,1.092464,0.809136,1.696521
H2_128C_quantized_resblocks_range_1_10,260-123288-0003.wav,generated_audios/generated_H2_128C_int8/260-123288-0003_generated.wav,8.905034,2.315479,2.311477,0.260019,0.25957,1.086278,0.826381,1.721368
H2_128C_quantized_resblocks_range_1_10,260-123288-0004.wav,generated_audios/generated_H2_128C_int8/260-123288-0004_generated.wav,4.310023,1.113972,1.110619,0.258461,0.257683,1.079061,0.77455,2.844513
H2_128C_quantized_resblocks_range_1_10,260-123288-0005.wav,generated_audios/generated_H2_128C_int8/260-123288-0005_generated.wav,12.550023,3.430974,3.426729,0.273384,0.273046,1.08387,0.789879,1.797796
H2_128C_quantized_resblocks_range_1_10,260-123288-0006.wav,generated_audios/generated_H2_128C_int8/260-123288-0006_generated.wav,4.88,1.224924,1.221008,0.251009,0.250206,1.066144,0.797852,1.969909
H2_128C_quantized_resblocks_range_1_10,260-123288-0007.wav,generated_audios/generated_H2_128C_int8/260-123288-0007_generated.wav,11.2,2.991121,2.987027,0.267064,0.266699,1.095988,0.811836,1.690604
H2_128C_quantized_resblocks_range_1_10,260-123288-0008.wav,generated_audios/generated_H2_128C_int8/260-123288-0008_generated.wav,5.515011,1.459493,1.455718,0.26464,0.263956,1.158669,0.821772,1.611793
H2_128C_quantized_resblocks_range_1_10,260-123288-0009.wav,generated_audios/generated_H2_128C_int8/260-123288-0009_generated.wav,3.435011,0.899776,0.896296,0.261943,0.26093,1.15246,0.820697,1.891919
H2_128C_quantized_resblocks_range_1_10,260-123288-0010.wav,generated_audios/generated_H2_128C_int8/260-123288-0010_generated.wav,9.995011,0.233356,0.229671,0.023347,0.022979,1.092334,0.809192,1.710367
H2_128C_quantized_resblocks_range_1_10,260-123288-0011.wav,generated_audios/generated_H2_128C_int8/260-123288-0011_generated.wav,8.98,2.443991,2.439997,0.272159,0.271715,1.121718,0.808774,1.674253
H2_128C_quantized_resblocks_range_1_10,260-123288-0012.wav,generated_audios/generated_H2_128C_int8/260-123288-0012_generated.wav,3.545034,0.934859,0.931236,0.263709,0.262687,1.166825,0.80703,2.06398
H2_128C_quantized_resblocks_range_1_10,260-123288-0013.wav,generated_audios/generated_H2_128C_int8/260-123288-0013_generated.wav,11.385079,3.388128,3.383991,0.297594,0.29723,1.106892,0.820537,1.537812
H2_128C_quantized_resblocks_range_1_10,260-123288-0014.wav,generated_audios/generated_H2_128C_int8/260-123288-0014_generated.wav,1.805034,0.0548,0.051462,0.030359,0.02851,1.155071,0.829827,1.966661
H2_128C_quantized_resblocks_range_1_10,260-123288-0015.wav,generated_audios/generated_H2_128C_int8/260-123288-0015_generated.wav,21.185034,5.936058,5.931219,0.280201,0.279972,1.088704,0.809658,1.895817
H2_128C_quantized_resblocks_range_1_10,260-123288-0016.wav,generated_audios/generated_H2_128C_int8/260-123288-0016_generated.wav,4.865034,1.347727,1.343924,0.277023,0.276241,1.087821,0.793771,2.094189
H2_128C_quantized_resblocks_range_1_10,260-123288-0017.wav,generated_audios/generated_H2_128C_int8/260-123288-0017_generated.wav,5.225034,1.362688,1.358632,0.2608,0.260024,1.092611,0.833064,1.701979
H2_128C_quantized_resblocks_range_1_10,260-123288-0018.wav,generated_audios/generated_H2_128C_int8/260-123288-0018_generated.wav,3.245034,0.871029,0.867704,0.268419,0.267394,1.168134,0.806586,1.521253
H2_128C_quantized_resblocks_range_1_10,260-123288-0019.wav,generated_audios/generated_H2_128C_int8/260-123288-0019_generated.wav,2.955011,0.078479,0.075082,0.026558,0.025408,1.084314,0.807164,2.174619
H2_128C_quantized_resblocks_range_1_10,260-123288-0020.wav,generated_audios/generated_H2_128C_int8/260-123288-0020_generated.wav,2.9,0.779381,0.776055,0.268752,0.267605,1.129232,0.837333,1.882294
H2_128C_quantized_resblocks_range_1_10,260-123288-0021.wav,generated_audios/generated_H2_128C_int8/260-123288-0021_generated.wav,2.710023,0.072653,0.069333,0.026809,0.025584,1.152399,0.803238,1.906863
H2_128C_quantized_resblocks_range_1_10,260-123288-0022.wav,generated_audios/generated_H2_128C_int8/260-123288-0022_generated.wav,3.705034,0.999275,0.995842,0.269707,0.268781,1.077511,0.771381,1.987846
H2_128C_quantized_resblocks_range_1_10,260-123288-0023.wav,generated_audios/generated_H2_128C_int8/260-123288-0023_generated.wav,2.385034,0.06597,0.062858,0.02766,0.026355,1.098918,0.76808,2.456165
H2_128C_quantized_resblocks_range_1_10,260-123288-0024.wav,generated_audios/generated_H2_128C_int8/260-123288-0024_generated.wav,14.595011,4.12669,4.122301,0.282747,0.282446,1.105105,0.816088,1.587863
H2_128C_quantized_resblocks_range_1_10,260-123288-0025.wav,generated_audios/generated_H2_128C_int8/260-123288-0025_generated.wav,13.445034,3.851727,3.847185,0.286479,0.286142,1.137812,0.824856,1.7144
H2_128C_quantized_resblocks_range_1_10,260-123288-0026.wav,generated_audios/generated_H2_128C_int8/260-123288-0026_generated.wav,16.04,4.848103,4.843091,0.302251,0.301938,1.105048,0.816202,1.612499
H2_128C_quantized_resblocks_range_1_10,260-123288-0027.wav,generated_audios/generated_H2_128C_int8/260-123288-0027_generated.wav,6.305034,1.648354,1.644583,0.261435,0.260836,1.132838,0.828112,1.745791
H2_128C_quantized_resblocks_range_1_10,260-123288-0028.wav,generated_audios/generated_H2_128C_int8/260-123288-0028_generated.wav,2.610023,0.704621,0.70143,0.269967,0.268745,1.113065,0.835926,2.087142
H2_128C_quantized_resblocks_range_1_10,260-123440-0000.wav,generated_audios/generated_H2_128C_int8/260-123440-0000_generated.wav,2.165034,0.556037,0.55272,0.256826,0.255294,1.064488,0.790729,1.729376
H2_128C_quantized_resblocks_range_1_10,260-123440-0001.wav,generated_audios/generated_H2_128C_int8/260-123440-0001_generated.wav,1.74,0.444439,0.441511,0.255424,0.253742,1.116435,0.817093,2.687145
H2_128C_quantized_resblocks_range_1_10,260-123440-0002.wav,generated_audios/generated_H2_128C_int8/260-123440-0002_generated.wav,14.715011,4.404808,4.399787,0.299341,0.299,1.116559,0.815849,1.685563
H2_128C_quantized_resblocks_range_1_10,260-123440-0003.wav,generated_audios/generated_H2_128C_int8/260-123440-0003_generated.wav,3.585034,0.992896,0.989353,0.276956,0.275967,1.134567,0.829605,1.600088
H2_128C_quantized_resblocks_range_1_10,260-123440-0004.wav,generated_audios/generated_H2_128C_int8/260-123440-0004_generated.wav,12.02,3.403631,3.399801,0.283164,0.282845,1.094334,0.806115,1.74118
H2_128C_quantized_resblocks_range_1_10,260-123440-0005.wav,generated_audios/generated_H2_128C_int8/260-123440-0005_generated.wav,3.105034,0.081667,0.078263,0.026301,0.025205,1.114727,0.809949,1.543287
H2_128C_quantized_resblocks_range_1_10,260-123440-0006.wav,generated_audios/generated_H2_128C_int8/260-123440-0006_generated.wav,2.715011,0.061727,0.058527,0.022735,0.021557,1.096422,0.778053,1.587771
H2_128C_quantized_resblocks_range_1_10,260-123440-0007.wav,generated_audios/generated_H2_128C_int8/260-123440-0007_generated.wav,3.385034,0.923854,0.920383,0.272923,0.271898,1.087732,0.804721,1.812507
H2_128C_quantized_resblocks_range_1_10,260-123440-0008.wav,generated_audios/generated_H2_128C_int8/260-123440-0008_generated.wav,3.745034,1.041994,1.039954,0.278234,0.277689,1.105129,0.802087,1.589554
H2_128C_quantized_resblocks_range_1_10,260-123440-0009.wav,generated_audios/generated_H2_128C_int8/260-123440-0009_generated.wav,3.115011,0.870132,0.86676,0.279335,0.278253,1.126247,0.865272,1.908495
H2_128C_quantized_resblocks_range_1_10,260-123440-0010.wav,generated_audios/generated_H2_128C_int8/260-123440-0010_generated.wav,8.315011,2.348719,2.345137,0.282467,0.282036,1.110502,0.787761,1.435253
H2_128C_quantized_resblocks_range_1_10,260-123440-0011.wav,generated_audios/generated_H2_128C_int8/260-123440-0011_generated.wav,4.870023,0.099936,0.096285,0.020521,0.019771,1.127123,0.8432,1.604499
H2_128C_quantized_resblocks_range_1_10,260-123440-0012.wav,generated_audios/generated_H2_128C_int8/260-123440-0012_generated.wav,5.245034,1.451,1.447452,0.276643,0.275966,1.097003,0.816646,1.656222
H2_128C_quantized_resblocks_range_1_10,260-123440-0013.wav,generated_audios/generated_H2_128C_int8/260-123440-0013_generated.wav,3.475011,0.95374,0.950365,0.274457,0.273485,1.136527,0.832409,1.73596
H2_128C_quantized_resblocks_range_1_10,260-123440-0014.wav,generated_audios/generated_H2_128C_int8/260-123440-0014_generated.wav,3.815011,1.065491,1.062158,0.279289,0.278415,1.176432,0.848541,1.760042
H2_128C_quantized_resblocks_range_1_10,260-123440-0015.wav,generated_audios/generated_H2_128C_int8/260-123440-0015_generated.wav,6.2,0.173801,0.170215,0.028032,0.027454,1.136842,0.831266,1.390178
H2_128C_quantized_resblocks_range_1_10,260-123440-0016.wav,generated_audios/generated_H2_128C_int8/260-123440-0016_generated.wav,4.895011,1.401542,1.397876,0.28632,0.285572,1.138523,0.858558,1.41367
H2_128C_quantized_resblocks_range_1_10,260-123440-0017.wav,generated_audios/generated_H2_128C_int8/260-123440-0017_generated.wav,3.070023,0.084207,0.080866,0.027429,0.02634,1.083053,0.786754,1.614428
H2_128C_quantized_resblocks_range_1_10,260-123440-0018.wav,generated_audios/generated_H2_128C_int8/260-123440-0018_generated.wav,3.64,1.04708,1.043844,0.287659,0.28677,1.139487,0.847189,1.809435
H2_128C_quantized_resblocks_range_1_10,260-123440-0019.wav,generated_audios/generated_H2_128C_int8/260-123440-0019_generated.wav,6.630023,1.9145,1.91075,0.288762,0.288197,1.09735,0.806636,1.509778
H2_128C_quantized_resblocks_range_1_10,260-123440-0020.wav,generated_audios/generated_H2_128C_int8/260-123440-0020_generated.wav,4.995011,1.427941,1.424214,0.285874,0.285127,1.098784,0.81619,1.675896
H2_128C_quantized_resblocks_range_1_10,61-70968-0000.wav,generated_audios/generated_H2_128C_int8/61-70968-0000_generated.wav,4.905034,1.397432,1.393846,0.284898,0.284166,1.069147,0.831404,1.353154
H2_128C_quantized_resblocks_range_1_10,61-70968-0001.wav,generated_audios/generated_H2_128C_int8/61-70968-0001_generated.wav,3.610023,1.020674,1.017376,0.282734,0.28182,1.076222,0.794795,1.319551
H2_128C_quantized_resblocks_range_1_10,61-70968-0002.wav,generated_audios/generated_H2_128C_int8/61-70968-0002_generated.wav,2.970023,0.827038,0.823833,0.278462,0.277383,1.1123,0.779598,1.309672
H2_128C_quantized_resblocks_range_1_10,61-70968-0003.wav,generated_audios/generated_H2_128C_int8/61-70968-0003_generated.wav,4.315011,0.109185,0.105863,0.025304,0.024534,1.127581,0.820374,1.321534
H2_128C_quantized_resblocks_range_1_10,61-70968-0004.wav,generated_audios/generated_H2_128C_int8/61-70968-0004_generated.wav,3.885034,1.085987,1.082676,0.279531,0.278679,1.121593,0.839146,1.301849
H2_128C_quantized_resblocks_range_1_10,61-70968-0005.wav,generated_audios/generated_H2_128C_int8/61-70968-0005_generated.wav,5.070023,0.122708,0.120104,0.024203,0.023689,1.057688,0.75194,1.365525
H2_128C_quantized_resblocks_range_1_10,61-70968-0006.wav,generated_audios/generated_H2_128C_int8/61-70968-0006_generated.wav,2.935011,0.776541,0.773468,0.264579,0.263532,1.120518,0.832075,1.32155
H2_128C_quantized_resblocks_range_1_10,61-70968-0007.wav,generated_audios/generated_H2_128C_int8/61-70968-0007_generated.wav,3.550023,0.090855,0.087474,0.025593,0.024641,1.061969,0.670644,1.348754
H2_128C_quantized_resblocks_range_1_10,61-70968-0008.wav,generated_audios/generated_H2_128C_int8/61-70968-0008_generated.wav,3.535011,0.091,0.087551,0.025742,0.024767,1.063617,0.798747,1.254948
H2_128C_quantized_resblocks_range_1_10,61-70968-0009.wav,generated_audios/generated_H2_128C_int8/61-70968-0009_generated.wav,4.510023,1.266082,1.263146,0.280726,0.280075,1.098558,0.758641,1.458543
H2_128C_quantized_resblocks_range_1_10,61-70968-0010.wav,generated_audios/generated_H2_128C_int8/61-70968-0010_generated.wav,8.295011,2.215582,2.211738,0.267098,0.266635,1.092807,0.794133,1.350427
H2_128C_quantized_resblocks_range_1_10,61-70968-0011.wav,generated_audios/generated_H2_128C_int8/61-70968-0011_generated.wav,6.375011,1.704975,1.70114,0.267447,0.266845,1.106318,0.805442,1.282365
H2_128C_quantized_resblocks_range_1_10,61-70968-0012.wav,generated_audios/generated_H2_128C_int8/61-70968-0012_generated.wav,2.610023,0.073098,0.070163,0.028007,0.026882,1.232438,0.901576,1.151094
H2_128C_quantized_resblocks_range_1_10,61-70968-0013.wav,generated_audios/generated_H2_128C_int8/61-70968-0013_generated.wav,4.450023,0.108603,0.105303,0.024405,0.023664,1.150026,0.808784,1.301913
H2_128C_quantized_resblocks_range_1_10,61-70968-0014.wav,generated_audios/generated_H2_128C_int8/61-70968-0014_generated.wav,7.485034,2.123948,2.120072,0.283759,0.283242,1.105629,0.822251,1.359776
H2_128C_quantized_resblocks_range_1_10,61-70968-0015.wav,generated_audios/generated_H2_128C_int8/61-70968-0015_generated.wav,5.375011,1.444974,1.441228,0.268832,0.268135,1.140947,0.840403,1.298802
H2_128C_quantized_resblocks_range_1_10,61-70968-0016.wav,generated_audios/generated_H2_128C_int8/61-70968-0016_generated.wav,3.72,1.055635,1.052211,0.283773,0.282852,1.162304,0.853857,1.198176
H2_128C_quantized_resblocks_range_1_10,61-70968-0017.wav,generated_audios/generated_H2_128C_int8/61-70968-0017_generated.wav,5.110023,1.450428,1.446815,0.28384,0.283133,1.125855,0.822975,1.279704
H2_128C_quantized_resblocks_range_1_10,61-70968-0018.wav,generated_audios/generated_H2_128C_int8/61-70968-0018_generated.wav,2.405034,0.659347,0.656187,0.274153,0.272839,1.11954,0.864356,1.321571
H2_128C_quantized_resblocks_range_1_10,61-70968-0019.wav,generated_audios/generated_H2_128C_int8/61-70968-0019_generated.wav,5.475011,1.485679,1.482021,0.271356,0.270688,1.106635,0.826789,1.317752
H2_128C_quantized_resblocks_range_1_10,61-70968-0020.wav,generated_audios/generated_H2_128C_int8/61-70968-0020_generated.wav,5.105034,1.479714,1.476192,0.289854,0.289164,1.188433,0.820046,1.102147
H2_128C_quantized_resblocks_range_1_10,61-70968-0021.wav,generated_audios/generated_H2_128C_int8/61-70968-0021_generated.wav,2.690023,0.707327,0.704114,0.262945,0.26175,1.142108,0.816846,1.249818
H2_128C_quantized_resblocks_range_1_10,61-70968-0022.wav,generated_audios/generated_H2_128C_int8/61-70968-0022_generated.wav,4.670023,0.135386,0.131688,0.02899,0.028199,1.064302,0.768681,1.389305
H2_128C_quantized_resblocks_range_1_10,61-70968-0023.wav,generated_audios/generated_H2_128C_int8/61-70968-0023_generated.wav,5.025034,0.127535,0.123931,0.02538,0.024663,1.197197,0.851184,1.174906
H2_128C_quantized_resblocks_range_1_10,61-70968-0024.wav,generated_audios/generated_H2_128C_int8/61-70968-0024_generated.wav,6.025034,1.729032,1.725667,0.286975,0.286416,1.159773,0.811965,1.156179
H2_128C_quantized_resblocks_range_1_10,61-70968-0025.wav,generated_audios/generated_H2_128C_int8/61-70968-0025_generated.wav,4.410023,0.10881,0.105182,0.024673,0.023851,1.166308,0.834908,1.189208
H2_128C_quantized_resblocks_range_1_10,61-70968-0026.wav,generated_audios/generated_H2_128C_int8/61-70968-0026_generated.wav,4.92,1.336279,1.332708,0.271601,0.270876,1.148463,0.85144,1.251959
H2_128C_quantized_resblocks_range_1_10,61-70968-0027.wav,generated_audios/generated_H2_128C_int8/61-70968-0027_generated.wav,6.870023,1.886164,1.882284,0.27455,0.273985,1.133303,0.826476,1.273271
H2_128C_quantized_resblocks_range_1_10,61-70968-0028.wav,generated_audios/generated_H2_128C_int8/61-70968-0028_generated.wav,5.355011,1.571081,1.567506,0.293385,0.292718,1.141045,0.849338,1.25156
H2_128C_quantized_resblocks_range_1_10,61-70968-0029.wav,generated_audios/generated_H2_128C_int8/61-70968-0029_generated.wav,3.495011,0.990433,0.986703,0.283385,0.282318,1.130399,0.813201,1.271716
H2_128C_quantized_resblocks_range_1_10,61-70968-0030.wav,generated_audios/generated_H2_128C_int8/61-70968-0030_generated.wav,5.685034,1.560997,1.557194,0.27458,0.273911,1.119336,0.834918,1.204857
H2_128C_quantized_resblocks_range_1_10,61-70968-0031.wav,generated_audios/generated_H2_128C_int8/61-70968-0031_generated.wav,2.925034,0.844995,0.841506,0.288884,0.287691,1.071411,0.789482,1.308889
H2_128C_quantized_resblocks_range_1_10,61-70968-0032.wav,generated_audios/generated_H2_128C_int8/61-70968-0032_generated.wav,4.28,0.105773,0.102277,0.024713,0.023896,1.178271,0.820639,1.29528
H2_128C_quantized_resblocks_range_1_10,61-70968-0033.wav,generated_audios/generated_H2_128C_int8/61-70968-0033_generated.wav,5.685034,0.113771,0.110171,0.020012,0.019379,1.141443,0.85979,1.281432
H2_128C_quantized_resblocks_range_1_10,61-70968-0034.wav,generated_audios/generated_H2_128C_int8/61-70968-0034_generated.wav,4.230023,1.250432,1.246895,0.295609,0.294773,1.143499,0.860583,1.156522
H2_128C_quantized_resblocks_range_1_10,61-70968-0035.wav,generated_audios/generated_H2_128C_int8/61-70968-0035_generated.wav,7.950023,2.212441,2.208201,0.278294,0.27776,1.109708,0.818474,1.246242
H2_128C_quantized_resblocks_range_1_10,61-70968-0036.wav,generated_audios/generated_H2_128C_int8/61-70968-0036_generated.wav,2.934966,0.06841,0.064964,0.023309,0.022134,1.132241,0.849159,1.22013
H2_128C_quantized_resblocks_range_1_10,61-70968-0037.wav,generated_audios/generated_H2_128C_int8/61-70968-0037_generated.wav,4.315011,0.092451,0.089038,0.021426,0.020634,1.074805,0.756753,1.392248
H2_128C_quantized_resblocks_range_1_10,61-70968-0038.wav,generated_audios/generated_H2_128C_int8/61-70968-0038_generated.wav,2.050023,0.560929,0.557497,0.273621,0.271947,1.172126,0.716014,1.543334
H2_128C_quantized_resblocks_range_1_10,61-70968-0039.wav,generated_audios/generated_H2_128C_int8/61-70968-0039_generated.wav,3.805034,1.048759,1.045351,0.275624,0.274728,1.122794,0.816134,1.370814
H2_128C_quantized_resblocks_range_1_10,61-70968-0040.wav,generated_audios/generated_H2_128C_int8/61-70968-0040_generated.wav,3.950023,1.150239,1.146771,0.291198,0.29032,1.124558,0.825034,1.326849
H2_128C_quantized_resblocks_range_1_10,61-70968-0041.wav,generated_audios/generated_H2_128C_int8/61-70968-0041_generated.wav,6.825034,0.160168,0.156071,0.023468,0.022867,1.130447,0.809519,1.307816
H2_128C_quantized_resblocks_range_1_10,61-70968-0042.wav,generated_audios/generated_H2_128C_int8/61-70968-0042_generated.wav,2.785034,0.075639,0.07228,0.027159,0.025953,1.107802,0.794911,1.308593
H2_128C_quantized_resblocks_range_1_10,61-70968-0043.wav,generated_audios/generated_H2_128C_int8/61-70968-0043_generated.wav,6.735011,1.985712,1.981826,0.294834,0.294257,1.092854,0.769828,1.295555
H2_128C_quantized_resblocks_range_1_10,61-70968-0044.wav,generated_audios/generated_H2_128C_int8/61-70968-0044_generated.wav,2.770023,0.075464,0.072183,0.027243,0.026059,1.082447,0.788286,1.341738
H2_128C_quantized_resblocks_range_1_10,61-70968-0045.wav,generated_audios/generated_H2_128C_int8/61-70968-0045_generated.wav,3.475011,0.088232,0.084933,0.02539,0.024441,1.094073,0.783931,1.328743
H2_128C_quantized_resblocks_range_1_10,61-70968-0046.wav,generated_audios/generated_H2_128C_int8/61-70968-0046_generated.wav,3.550023,0.091446,0.088238,0.025759,0.024856,1.109911,0.824061,1.347837
H2_128C_quantized_resblocks_range_1_10,61-70968-0047.wav,generated_audios/generated_H2_128C_int8/61-70968-0047_generated.wav,4.775011,1.327547,1.323951,0.27802,0.277267,1.13023,0.821454,1.272278
H2_128C_quantized_resblocks_range_1_10,61-70968-0048.wav,generated_audios/generated_H2_128C_int8/61-70968-0048_generated.wav,3.02,0.875867,0.872256,0.290022,0.288827,1.092776,0.774126,1.464452
H2_128C_quantized_resblocks_range_1_10,61-70968-0049.wav,generated_audios/generated_H2_128C_int8/61-70968-0049_generated.wav,8.250023,2.43811,2.434311,0.295528,0.295067,1.103053,0.792496,1.342358
H2_128C_quantized_resblocks_range_1_10,61-70968-0050.wav,generated_audios/generated_H2_128C_int8/61-70968-0050_generated.wav,5.58,1.559833,1.556089,0.27954,0.278869,1.103797,0.788319,1.388171
H2_128C_quantized_resblocks_range_1_10,61-70968-0051.wav,generated_audios/generated_H2_128C_int8/61-70968-0051_generated.wav,3.135011,0.871384,0.867909,0.277953,0.276844,1.123792,0.825783,1.346697
H2_128C_quantized_resblocks_range_1_10,61-70968-0052.wav,generated_audios/generated_H2_128C_int8/61-70968-0052_generated.wav,2.650023,0.754305,0.75082,0.284641,0.283326,1.197005,0.821528,1.172548
H2_128C_quantized_resblocks_range_1_10,61-70968-0053.wav,generated_audios/generated_H2_128C_int8/61-70968-0053_generated.wav,4.22,0.119536,0.116024,0.028326,0.027494,1.100595,0.782813,1.424823
H2_128C_quantized_resblocks_range_1_10,61-70968-0054.wav,generated_audios/generated_H2_128C_int8/61-70968-0054_generated.wav,7.86,2.329338,2.325477,0.296353,0.295862,1.109081,0.821039,1.273044
H2_128C_quantized_resblocks_range_1_10,61-70968-0055.wav,generated_audios/generated_H2_128C_int8/61-70968-0055_generated.wav,3.965034,0.101393,0.097679,0.025572,0.024635,1.149432,0.802274,1.312799
H2_128C_quantized_resblocks_range_1_10,61-70968-0056.wav,generated_audios/generated_H2_128C_int8/61-70968-0056_generated.wav,3.565034,1.041826,1.038328,0.292235,0.291253,1.14703,0.848751,1.288577
H2_128C_quantized_resblocks_range_1_10,61-70968-0057.wav,generated_audios/generated_H2_128C_int8/61-70968-0057_generated.wav,5.065034,0.121368,0.117742,0.023962,0.023246,1.077496,0.780985,1.319075
H2_128C_quantized_resblocks_range_1_10,61-70968-0058.wav,generated_audios/generated_H2_128C_int8/61-70968-0058_generated.wav,1.82,0.474619,0.471414,0.26078,0.259019,1.071488,0.761887,1.394249
H2_128C_quantized_resblocks_range_1_10,61-70968-0059.wav,generated_audios/generated_H2_128C_int8/61-70968-0059_generated.wav,2.170023,0.068864,0.066129,0.031734,0.030474,1.130702,0.832638,1.424915
H2_128C_quantized_resblocks_range_1_10,61-70968-0060.wav,generated_audios/generated_H2_128C_int8/61-70968-0060_generated.wav,3.735011,0.105895,0.102676,0.028352,0.02749,1.249398,0.844722,1.126094
H2_128C_quantized_resblocks_range_1_10,61-70968-0061.wav,generated_audios/generated_H2_128C_int8/61-70968-0061_generated.wav,5.530023,1.617725,1.614283,0.292535,0.291913,1.050368,0.758807,1.610393
H2_128C_quantized_resblocks_range_1_10,61-70968-0062.wav,generated_audios/generated_H2_128C_int8/61-70968-0062_generated.wav,2.555011,0.068902,0.065373,0.026967,0.025586,1.126944,0.810754,1.291142
H2_128C_quantized_resblocks_range_1_10,61-70970-0000.wav,generated_audios/generated_H2_128C_int8/61-70970-0000_generated.wav,6.075011,1.801018,1.79755,0.296463,0.295892,1.137379,0.849237,1.221022
H2_128C_quantized_resblocks_range_1_10,61-70970-0001.wav,generated_audios/generated_H2_128C_int8/61-70970-0001_generated.wav,6.155011,1.777256,1.773581,0.288749,0.288152,1.162486,0.852446,1.251148
H2_128C_quantized_resblocks_range_1_10,61-70970-0002.wav,generated_audios/generated_H2_128C_int8/61-70970-0002_generated.wav,4.165034,1.220123,1.216553,0.292944,0.292087,1.164692,0.794925,1.392711
H2_128C_quantized_resblocks_range_1_10,61-70970-0003.wav,generated_audios/generated_H2_128C_int8/61-70970-0003_generated.wav,3.835011,1.088897,1.08564,0.283936,0.283086,1.194585,0.802446,1.188367
H2_128C_quantized_resblocks_range_1_10,61-70970-0004.wav,generated_audios/generated_H2_128C_int8/61-70970-0004_generated.wav,10.515011,3.086514,3.082352,0.293534,0.293138,1.171686,0.834412,1.175411
H2_128C_quantized_resblocks_range_1_10,61-70970-0005.wav,generated_audios/generated_H2_128C_int8/61-70970-0005_generated.wav,2.02,0.570873,0.567608,0.28261,0.280994,1.227564,0.804916,1.407238
H2_128C_quantized_resblocks_range_1_10,61-70970-0006.wav,generated_audios/generated_H2_128C_int8/61-70970-0006_generated.wav,2.335011,0.680571,0.677369,0.291464,0.290092,1.110143,0.830016,1.372961
H2_128C_quantized_resblocks_range_1_10,61-70970-0007.wav,generated_audios/generated_H2_128C_int8/61-70970-0007_generated.wav,4.485034,1.365312,1.361809,0.304415,0.303634,1.152546,0.802571,1.367233
H2_128C_quantized_resblocks_range_1_10,61-70970-0008.wav,generated_audios/generated_H2_128C_int8/61-70970-0008_generated.wav,2.150023,0.658198,0.655027,0.306135,0.30466,1.21384,0.832968,1.331835
H2_128C_quantized_resblocks_range_1_10,61-70970-0009.wav,generated_audios/generated_H2_128C_int8/61-70970-0009_generated.wav,3.405034,1.069655,1.066092,0.314139,0.313093,1.202237,0.857518,1.090488
H2_128C_quantized_resblocks_range_1_10,61-70970-0010.wav,generated_audios/generated_H2_128C_int8/61-70970-0010_generated.wav,3.045034,0.083908,0.080715,0.027556,0.026507,1.166398,0.827233,1.218432
H2_128C_quantized_resblocks_range_1_10,61-70970-0011.wav,generated_audios/generated_H2_128C_int8/61-70970-0011_generated.wav,6.075011,0.120985,0.117204,0.019915,0.019293,1.128713,0.789876,1.241601
H2_128C_quantized_resblocks_range_1_10,61-70970-0012.wav,generated_audios/generated_H2_128C_int8/61-70970-0012_generated.wav,3.135011,0.071082,0.067533,0.022673,0.021542,1.164806,0.856643,1.223335
H2_128C_quantized_resblocks_range_1_10,61-70970-0013.wav,generated_audios/generated_H2_128C_int8/61-70970-0013_generated.wav,4.350023,1.317705,1.314242,0.302919,0.302123,1.127608,0.825973,1.338289
H2_128C_quantized_resblocks_range_1_10,61-70970-0014.wav,generated_audios/generated_H2_128C_int8/61-70970-0014_generated.wav,3.405034,0.073592,0.070186,0.021613,0.020612,1.183495,0.856903,1.222617
H2_128C_quantized_resblocks_range_1_10,61-70970-0015.wav,generated_audios/generated_H2_128C_int8/61-70970-0015_generated.wav,8.415011,2.539376,2.535974,0.301767,0.301363,1.110623,0.834405,1.32688
H2_128C_quantized_resblocks_range_1_10,61-70970-0016.wav,generated_audios/generated_H2_128C_int8/61-70970-0016_generated.wav,4.370023,1.327208,1.323549,0.303707,0.30287,1.129909,0.848861,1.326384
H2_128C_quantized_resblocks_range_1_10,61-70970-0017.wav,generated_audios/generated_H2_128C_int8/61-70970-0017_generated.wav,2.550023,0.068297,0.064867,0.026783,0.025438,1.073484,0.781358,1.428875
H2_128C_quantized_resblocks_range_1_10,61-70970-0018.wav,generated_audios/generated_H2_128C_int8/61-70970-0018_generated.wav,4.6,1.299044,1.295625,0.282401,0.281658,1.181841,0.805907,1.345421
H2_128C_quantized_resblocks_range_1_10,61-70970-0019.wav,generated_audios/generated_H2_128C_int8/61-70970-0019_generated.wav,3.78,1.121606,1.118129,0.296721,0.295801,1.128538,0.819883,1.360212
H2_128C_quantized_resblocks_range_1_10,61-70970-0020.wav,generated_audios/generated_H2_128C_int8/61-70970-0020_generated.wav,5.025034,0.128136,0.124388,0.025499,0.024754,1.106235,0.779642,1.467147
H2_128C_quantized_resblocks_range_1_10,61-70970-0021.wav,generated_audios/generated_H2_128C_int8/61-70970-0021_generated.wav,5.405034,1.516183,1.512295,0.280513,0.279794,1.150865,0.801637,1.27534
H2_128C_quantized_resblocks_range_1_10,61-70970-0022.wav,generated_audios/generated_H2_128C_int8/61-70970-0022_generated.wav,3.970023,0.084195,0.080671,0.021208,0.02032,1.209581,0.820069,1.284567
H2_128C_quantized_resblocks_range_1_10,61-70970-0023.wav,generated_audios/generated_H2_128C_int8/61-70970-0023_generated.wav,3.705034,0.096067,0.092394,0.025929,0.024937,1.154736,0.826651,1.178634
H2_128C_quantized_resblocks_range_1_10,61-70970-0024.wav,generated_audios/generated_H2_128C_int8/61-70970-0024_generated.wav,7.235011,2.135526,2.131634,0.295166,0.294628,1.173907,0.836899,1.262656
H2_128C_quantized_resblocks_range_1_10,61-70970-0025.wav,generated_audios/generated_H2_128C_int8/61-70970-0025_generated.wav,7.435011,2.227257,2.223523,0.299563,0.299061,1.198968,0.85312,1.222197
H2_128C_quantized_resblocks_range_1_10,61-70970-0026.wav,generated_audios/generated_H2_128C_int8/61-70970-0026_generated.wav,5.475011,0.146307,0.142556,0.026723,0.026038,1.266321,0.834691,1.149661
H2_128C_quantized_resblocks_range_1_10,61-70970-0027.wav,generated_audios/generated_H2_128C_int8/61-70970-0027_generated.wav,5.08,0.121582,0.117877,0.023933,0.023204,1.147485,0.818311,1.242603
H2_128C_quantized_resblocks_range_1_10,61-70970-0028.wav,generated_audios/generated_H2_128C_int8/61-70970-0028_generated.wav,6.550023,0.169034,0.165335,0.025807,0.025242,1.189474,0.841059,1.135628
H2_128C_quantized_resblocks_range_1_10,61-70970-0029.wav,generated_audios/generated_H2_128C_int8/61-70970-0029_generated.wav,4.030023,0.10965,0.10604,0.027208,0.026312,1.216475,0.821663,1.253779
H2_128C_quantized_resblocks_range_1_10,61-70970-0030.wav,generated_audios/generated_H2_128C_int8/61-70970-0030_generated.wav,3.24,0.085063,0.081603,0.026254,0.025186,1.15702,0.787809,1.146086
H2_128C_quantized_resblocks_range_1_10,61-70970-0031.wav,generated_audios/generated_H2_128C_int8/61-70970-0031_generated.wav,5.135011,1.510812,1.507019,0.294218,0.293479,1.108814,0.805541,1.328136
H2_128C_quantized_resblocks_range_1_10,61-70970-0032.wav,generated_audios/generated_H2_128C_int8/61-70970-0032_generated.wav,3.135011,0.071924,0.068425,0.022942,0.021826,1.075604,0.813168,1.330119
H2_128C_quantized_resblocks_range_1_10,61-70970-0033.wav,generated_audios/generated_H2_128C_int8/61-70970-0033_generated.wav,3.42,0.943704,0.940555,0.275937,0.275016,1.134451,0.862317,1.250487
H2_128C_quantized_resblocks_range_1_10,61-70970-0034.wav,generated_audios/generated_H2_128C_int8/61-70970-0034_generated.wav,4.485034,0.092998,0.089229,0.020735,0.019895,1.034225,0.7817,1.274161
H2_128C_quantized_resblocks_range_1_10,61-70970-0035.wav,generated_audios/generated_H2_128C_int8/61-70970-0035_generated.wav,7.405034,0.168985,0.165067,0.02282,0.022291,1.193015,0.828536,1.159849
H2_128C_quantized_resblocks_range_1_10,61-70970-0036.wav,generated_audios/generated_H2_128C_int8/61-70970-0036_generated.wav,6.785034,0.157913,0.154047,0.023274,0.022704,1.174637,0.819689,1.240865
H2_128C_quantized_resblocks_range_1_10,61-70970-0037.wav,generated_audios/generated_H2_128C_int8/61-70970-0037_generated.wav,5.98,1.760604,1.758166,0.294415,0.294008,1.163466,0.838914,1.251059
H2_128C_quantized_resblocks_range_1_10,61-70970-0038.wav,generated_audios/generated_H2_128C_int8/61-70970-0038_generated.wav,10.4,3.054215,3.050014,0.293675,0.293271,1.130189,0.819343,1.272005
H2_128C_quantized_resblocks_range_1_10,61-70970-0039.wav,generated_audios/generated_H2_128C_int8/61-70970-0039_generated.wav,6.665034,0.168332,0.164471,0.025256,0.024677,1.112017,0.778288,1.211408
H2_128C_quantized_resblocks_range_1_10,61-70970-0040.wav,generated_audios/generated_H2_128C_int8/61-70970-0040_generated.wav,4.165034,0.105128,0.101687,0.025241,0.024414,1.18528,0.827236,1.277974
H2_128C_quantized_resblocks_range_1_10,672-122797-0000.wav,generated_audios/generated_H2_128C_int8/672-122797-0000_generated.wav,4.070023,1.200302,1.198123,0.294913,0.294377,1.149914,0.852103,1.24887
H2_128C_quantized_resblocks_range_1_10,672-122797-0001.wav,generated_audios/generated_H2_128C_int8/672-122797-0001_generated.wav,15.130023,4.643681,4.639106,0.306918,0.306616,1.257683,0.859675,1.162218
H2_128C_quantized_resblocks_range_1_10,672-122797-0002.wav,generated_audios/generated_H2_128C_int8/672-122797-0002_generated.wav,13.62,3.829703,3.824916,0.281182,0.280831,1.162844,0.832197,1.306999
H2_128C_quantized_resblocks_range_1_10,672-122797-0003.wav,generated_audios/generated_H2_128C_int8/672-122797-0003_generated.wav,4.76,1.3973,1.393523,0.293551,0.292757,1.089518,0.757396,1.404434
H2_128C_quantized_resblocks_range_1_10,672-122797-0004.wav,generated_audios/generated_H2_128C_int8/672-122797-0004_generated.wav,10.250023,2.931645,2.927657,0.286014,0.285624,1.117534,0.759411,1.434483
H2_128C_quantized_resblocks_range_1_10,672-122797-0005.wav,generated_audios/generated_H2_128C_int8/672-122797-0005_generated.wav,3.26,0.938289,0.9348,0.287819,0.286748,1.05831,0.673991,1.537416
H2_128C_quantized_resblocks_range_1_10,672-122797-0006.wav,generated_audios/generated_H2_128C_int8/672-122797-0006_generated.wav,13.950023,4.313103,4.308831,0.309183,0.308876,1.059681,0.639927,1.554871
H2_128C_quantized_resblocks_range_1_10,672-122797-0007.wav,generated_audios/generated_H2_128C_int8/672-122797-0007_generated.wav,6.42,1.877859,1.873818,0.292501,0.291872,1.081707,0.680392,1.481881
H2_128C_quantized_resblocks_range_1_10,672-122797-0008.wav,generated_audios/generated_H2_128C_int8/672-122797-0008_generated.wav,30.810023,9.404752,9.398143,0.30525,0.305035,1.072581,0.69302,1.482292
H2_128C_quantized_resblocks_range_1_10,672-122797-0009.wav,generated_audios/generated_H2_128C_int8/672-122797-0009_generated.wav,2.765034,0.072982,0.069651,0.026394,0.02519,1.117816,0.718436,1.433207
H2_128C_quantized_resblocks_range_1_10,672-122797-0010.wav,generated_audios/generated_H2_128C_int8/672-122797-0010_generated.wav,3.815011,0.099237,0.09557,0.026012,0.025051,1.0508,0.713697,1.524283
H2_128C_quantized_resblocks_range_1_10,672-122797-0011.wav,generated_audios/generated_H2_128C_int8/672-122797-0011_generated.wav,2.54,0.768596,0.765199,0.302597,0.301259,1.066405,0.758648,1.318126
H2_128C_quantized_resblocks_range_1_10,672-122797-0012.wav,generated_audios/generated_H2_128C_int8/672-122797-0012_generated.wav,7.765034,2.387399,2.383325,0.307455,0.30693,1.06209,0.726039,1.361316
H2_128C_quantized_resblocks_range_1_10,672-122797-0013.wav,generated_audios/generated_H2_128C_int8/672-122797-0013_generated.wav,8.705034,2.652201,2.647903,0.304674,0.304181,1.094551,0.693014,1.403454
H2_128C_quantized_resblocks_range_1_10,672-122797-0014.wav,generated_audios/generated_H2_128C_int8/672-122797-0014_generated.wav,2.555011,0.070412,0.066864,0.027558,0.02617,1.098627,0.78471,1.400857
H2_128C_quantized_resblocks_range_1_10,672-122797-0015.wav,generated_audios/generated_H2_128C_int8/672-122797-0015_generated.wav,4.455011,0.107916,0.104913,0.024224,0.023549,1.070304,0.696287,1.419701
H2_128C_quantized_resblocks_range_1_10,672-122797-0016.wav,generated_audios/generated_H2_128C_int8/672-122797-0016_generated.wav,9.215011,2.727982,2.724131,0.296037,0.295619,1.077048,0.719576,1.410657
H2_128C_quantized_resblocks_range_1_10,672-122797-0017.wav,generated_audios/generated_H2_128C_int8/672-122797-0017_generated.wav,4.82,1.423132,1.419426,0.295256,0.294487,1.132846,0.768414,1.247396
H2_128C_quantized_resblocks_range_1_10,672-122797-0018.wav,generated_audios/generated_H2_128C_int8/672-122797-0018_generated.wav,4.930023,1.472149,1.468464,0.298609,0.297862,1.052518,0.712223,1.459709
H2_128C_quantized_resblocks_range_1_10,672-122797-0019.wav,generated_audios/generated_H2_128C_int8/672-122797-0019_generated.wav,4.110023,1.173556,1.170048,0.285535,0.284682,1.051,0.688989,1.596537
H2_128C_quantized_resblocks_range_1_10,672-122797-0020.wav,generated_audios/generated_H2_128C_int8/672-122797-0020_generated.wav,8.825034,2.643243,2.639316,0.299516,0.299071,1.0505,0.679641,1.546443
H2_128C_quantized_resblocks_range_1_10,672-122797-0021.wav,generated_audios/generated_H2_128C_int8/672-122797-0021_generated.wav,4.150023,0.106902,0.103314,0.025759,0.024895,1.072673,0.802581,1.446734
H2_128C_quantized_resblocks_range_1_10,672-122797-0022.wav,generated_audios/generated_H2_128C_int8/672-122797-0022_generated.wav,19.004943,5.738813,5.733712,0.301964,0.301696,1.084068,0.680669,1.444534
H2_128C_quantized_resblocks_range_1_10,672-122797-0023.wav,generated_audios/generated_H2_128C_int8/672-122797-0023_generated.wav,9.695102,2.860817,2.856646,0.295079,0.294648,1.062928,0.717204,1.470845
H2_128C_quantized_resblocks_range_1_10,672-122797-0024.wav,generated_audios/generated_H2_128C_int8/672-122797-0024_generated.wav,4.130023,1.198712,1.195078,0.290244,0.289364,1.065428,0.646515,1.602697
H2_128C_quantized_resblocks_range_1_10,672-122797-0025.wav,generated_audios/generated_H2_128C_int8/672-122797-0025_generated.wav,10.690023,3.221691,3.217663,0.301374,0.300997,1.075197,0.768225,1.388436
H2_128C_quantized_resblocks_range_1_10,672-122797-0026.wav,generated_audios/generated_H2_128C_int8/672-122797-0026_generated.wav,13.96,4.204188,4.199681,0.30116,0.300837,1.047594,0.673304,1.495308
H2_128C_quantized_resblocks_range_1_10,672-122797-0027.wav,generated_audios/generated_H2_128C_int8/672-122797-0027_generated.wav,4.790023,0.117358,0.113824,0.024501,0.023763,1.072365,0.643937,1.538967
H2_128C_quantized_resblocks_range_1_10,672-122797-0028.wav,generated_audios/generated_H2_128C_int8/672-122797-0028_generated.wav,2.610023,0.072692,0.069381,0.027851,0.026583,1.071876,0.763264,1.428857
H2_128C_quantized_resblocks_range_1_10,672-122797-0029.wav,generated_audios/generated_H2_128C_int8/672-122797-0029_generated.wav,3.050023,0.0794,0.075886,0.026032,0.024881,1.253389,0.809534,1.341074
H2_128C_quantized_resblocks_range_1_10,672-122797-0030.wav,generated_audios/generated_H2_128C_int8/672-122797-0030_generated.wav,4.575011,1.345585,1.341911,0.294116,0.293313,1.079792,0.78386,1.402077
H2_128C_quantized_resblocks_range_1_10,672-122797-0031.wav,generated_audios/generated_H2_128C_int8/672-122797-0031_generated.wav,3.98,0.104326,0.100893,0.026213,0.02535,1.190625,0.735943,1.397753
H2_128C_quantized_resblocks_range_1_10,672-122797-0032.wav,generated_audios/generated_H2_128C_int8/672-122797-0032_generated.wav,4.0,0.100876,0.097563,0.025219,0.024391,1.077714,0.668162,1.460399
H2_128C_quantized_resblocks_range_1_10,672-122797-0033.wav,generated_audios/generated_H2_128C_int8/672-122797-0033_generated.wav,1.285034,0.336658,0.333398,0.261984,0.259447,1.076216,0.727677,1.398452
H2_128C_quantized_resblocks_range_1_10,672-122797-0034.wav,generated_audios/generated_H2_128C_int8/672-122797-0034_generated.wav,5.110023,0.122421,0.11871,0.023957,0.023231,1.06802,0.79291,1.443374
H2_128C_quantized_resblocks_range_1_10,672-122797-0035.wav,generated_audios/generated_H2_128C_int8/672-122797-0035_generated.wav,2.9,0.078273,0.074848,0.026991,0.02581,1.357179,0.873335,1.222471
H2_128C_quantized_resblocks_range_1_10,672-122797-0036.wav,generated_audios/generated_H2_128C_int8/672-122797-0036_generated.wav,5.365034,0.133553,0.129998,0.024893,0.024231,1.091879,0.715995,1.185162
H2_128C_quantized_resblocks_range_1_10,672-122797-0037.wav,generated_audios/generated_H2_128C_int8/672-122797-0037_generated.wav,1.96,0.545551,0.542254,0.278342,0.27666,1.073273,0.725381,1.302455
H2_128C_quantized_resblocks_range_1_10,672-122797-0038.wav,generated_audios/generated_H2_128C_int8/672-122797-0038_generated.wav,8.8,2.649753,2.645823,0.301108,0.300662,1.086973,0.721325,1.427449
H2_128C_quantized_resblocks_range_1_10,672-122797-0039.wav,generated_audios/generated_H2_128C_int8/672-122797-0039_generated.wav,4.025034,1.190808,1.187319,0.29585,0.294984,1.175444,0.753379,1.420441
H2_128C_quantized_resblocks_range_1_10,672-122797-0040.wav,generated_audios/generated_H2_128C_int8/672-122797-0040_generated.wav,5.125034,0.127542,0.123747,0.024886,0.024146,1.111189,0.72837,1.466628
H2_128C_quantized_resblocks_range_1_10,672-122797-0041.wav,generated_audios/generated_H2_128C_int8/672-122797-0041_generated.wav,3.88,0.098759,0.09516,0.025453,0.024526,1.068656,0.734241,1.533881
H2_128C_quantized_resblocks_range_1_10,672-122797-0042.wav,generated_audios/generated_H2_128C_int8/672-122797-0042_generated.wav,15.310023,4.638761,4.634508,0.302988,0.302711,1.132178,0.58147,1.514357
H2_128C_quantized_resblocks_range_1_10,672-122797-0043.wav,generated_audios/generated_H2_128C_int8/672-122797-0043_generated.wav,3.78,0.097528,0.093899,0.025801,0.024841,1.066436,0.6497,1.467358
H2_128C_quantized_resblocks_range_1_10,672-122797-0044.wav,generated_audios/generated_H2_128C_int8/672-122797-0044_generated.wav,3.74,0.09518,0.091846,0.025449,0.024558,1.093937,0.668493,1.519648
H2_128C_quantized_resblocks_range_1_10,672-122797-0045.wav,generated_audios/generated_H2_128C_int8/672-122797-0045_generated.wav,13.96,0.289237,0.286236,0.020719,0.020504,1.091041,0.787706,1.379859
H2_128C_quantized_resblocks_range_1_10,672-122797-0046.wav,generated_audios/generated_H2_128C_int8/672-122797-0046_generated.wav,4.715011,1.398804,1.395154,0.29667,0.295896,1.083434,0.73502,1.489456
H2_128C_quantized_resblocks_range_1_10,672-122797-0047.wav,generated_audios/generated_H2_128C_int8/672-122797-0047_generated.wav,3.325034,0.973828,0.969743,0.292878,0.291649,1.291664,0.740705,1.210933
H2_128C_quantized_resblocks_range_1_10,672-122797-0048.wav,generated_audios/generated_H2_128C_int8/672-122797-0048_generated.wav,6.555011,0.169919,0.166683,0.025922,0.025428,1.059744,0.623454,1.508357
H2_128C_quantized_resblocks_range_1_10,672-122797-0049.wav,generated_audios/generated_H2_128C_int8/672-122797-0049_generated.wav,2.02,0.058098,0.054926,0.028761,0.027191,1.24413,0.669177,1.41955
H2_128C_quantized_resblocks_range_1_10,672-122797-0050.wav,generated_audios/generated_H2_128C_int8/672-122797-0050_generated.wav,4.855011,1.464343,1.439644,0.301615,0.296527,1.068243,0.735145,1.379909
H2_128C_quantized_resblocks_range_1_10,672-122797-0051.wav,generated_audios/generated_H2_128C_int8/672-122797-0051_generated.wav,4.665034,1.417021,1.41327,0.303754,0.302949,1.083898,0.682288,1.421749
H2_128C_quantized_resblocks_range_1_10,672-122797-0052.wav,generated_audios/generated_H2_128C_int8/672-122797-0052_generated.wav,4.285034,1.228642,1.225036,0.286729,0.285887,1.074416,0.755389,1.355627
H2_128C_quantized_resblocks_range_1_10,672-122797-0053.wav,generated_audios/generated_H2_128C_int8/672-122797-0053_generated.wav,2.955011,0.079231,0.07584,0.026812,0.025665,1.051771,0.66652,1.488386
H2_128C_quantized_resblocks_range_1_10,672-122797-0054.wav,generated_audios/generated_H2_128C_int8/672-122797-0054_generated.wav,4.250023,0.120668,0.117372,0.028392,0.027617,1.140321,0.692764,1.32976
H2_128C_quantized_resblocks_range_1_10,672-122797-0055.wav,generated_audios/generated_H2_128C_int8/672-122797-0055_generated.wav,8.230023,2.338429,2.33449,0.284134,0.283655,1.082526,0.708218,1.427596
H2_128C_quantized_resblocks_range_1_10,672-122797-0056.wav,generated_audios/generated_H2_128C_int8/672-122797-0056_generated.wav,5.225034,0.131831,0.128005,0.025231,0.024498,1.065998,0.727332,1.42964
H2_128C_quantized_resblocks_range_1_10,672-122797-0057.wav,generated_audios/generated_H2_128C_int8/672-122797-0057_generated.wav,6.56,0.161949,0.158132,0.024687,0.024105,1.093465,0.672317,1.428021
H2_128C_quantized_resblocks_range_1_10,672-122797-0058.wav,generated_audios/generated_H2_128C_int8/672-122797-0058_generated.wav,4.470023,1.342698,1.338992,0.300378,0.299549,1.048206,0.640711,1.593536
H2_128C_quantized_resblocks_range_1_10,672-122797-0059.wav,generated_audios/generated_H2_128C_int8/672-122797-0059_generated.wav,3.52,1.028656,1.025199,0.292232,0.29125,1.097597,0.736486,1.517817
H2_128C_quantized_resblocks_range_1_10,672-122797-0060.wav,generated_audios/generated_H2_128C_int8/672-122797-0060_generated.wav,3.350023,0.099483,0.096134,0.029696,0.028696,1.115363,0.8527,1.400766
H2_128C_quantized_resblocks_range_1_10,672-122797-0061.wav,generated_audios/generated_H2_128C_int8/672-122797-0061_generated.wav,7.590023,2.340574,2.336794,0.308375,0.307877,1.102153,0.789501,1.361117
H2_128C_quantized_resblocks_range_1_10,672-122797-0062.wav,generated_audios/generated_H2_128C_int8/672-122797-0062_generated.wav,2.675011,0.855072,0.851689,0.319652,0.318387,1.119971,0.60092,1.598844
H2_128C_quantized_resblocks_range_1_10,672-122797-0063.wav,generated_audios/generated_H2_128C_int8/672-122797-0063_generated.wav,5.075011,0.118787,0.115096,0.023406,0.022679,1.110083,0.78192,1.511957
H2_128C_quantized_resblocks_range_1_10,672-122797-0064.wav,generated_audios/generated_H2_128C_int8/672-122797-0064_generated.wav,15.270023,4.599962,4.594764,0.301241,0.300901,1.104731,0.722353,1.369626
H2_128C_quantized_resblocks_range_1_10,672-122797-0065.wav,generated_audios/generated_H2_128C_int8/672-122797-0065_generated.wav,3.030023,0.078105,0.074512,0.025777,0.024591,1.051564,0.683444,1.558152
H2_128C_quantized_resblocks_range_1_10,672-122797-0066.wav,generated_audios/generated_H2_128C_int8/672-122797-0066_generated.wav,4.815011,0.120343,0.116744,0.024993,0.024246,1.087915,0.820795,1.34884
H2_128C_quantized_resblocks_range_1_10,672-122797-0067.wav,generated_audios/generated_H2_128C_int8/672-122797-0067_generated.wav,13.035011,3.7471,3.742342,0.287464,0.287099,1.767265,0.888324,0.725871
H2_128C_quantized_resblocks_range_1_10,672-122797-0068.wav,generated_audios/generated_H2_128C_int8/672-122797-0068_generated.wav,4.02,0.092224,0.088808,0.022941,0.022092,1.081385,0.706236,1.52447
H2_128C_quantized_resblocks_range_1_10,672-122797-0069.wav,generated_audios/generated_H2_128C_int8/672-122797-0069_generated.wav,5.010023,1.531227,1.527997,0.305633,0.304988,1.636611,0.762545,0.836129
H2_128C_quantized_resblocks_range_1_10,672-122797-0070.wav,generated_audios/generated_H2_128C_int8/672-122797-0070_generated.wav,6.270023,1.774872,1.771066,0.283073,0.282466,1.640742,0.895375,0.742705
H2_128C_quantized_resblocks_range_1_10,672-122797-0071.wav,generated_audios/generated_H2_128C_int8/672-122797-0071_generated.wav,8.875011,2.659831,2.655367,0.299699,0.299196,1.76707,0.919415,0.70307
H2_128C_quantized_resblocks_range_1_10,672-122797-0072.wav,generated_audios/generated_H2_128C_int8/672-122797-0072_generated.wav,7.94,2.427694,2.423581,0.305755,0.305237,1.823482,0.826707,0.810916
H2_128C_quantized_resblocks_range_1_10,672-122797-0073.wav,generated_audios/generated_H2_128C_int8/672-122797-0073_generated.wav,8.205034,2.468995,2.465002,0.300912,0.300426,1.680001,0.886655,0.7618
H2_128C_quantized_resblocks_range_1_10,672-122797-0074.wav,generated_audios/generated_H2_128C_int8/672-122797-0074_generated.wav,8.730023,2.651494,2.646971,0.303721,0.303203,1.830452,0.672111,0.914983
H2_128C_quantized_resblocks_range_1_10,908-157963-0000.wav,generated_audios/generated_H2_128C_int8/908-157963-0000_generated.wav,12.62,3.607254,3.602251,0.285836,0.28544,1.725544,0.882633,0.77991
H2_128C_quantized_resblocks_range_1_10,908-157963-0001.wav,generated_audios/generated_H2_128C_int8/908-157963-0001_generated.wav,2.885034,0.851311,0.848017,0.295078,0.293936,1.749075,0.929514,0.786344
H2_128C_quantized_resblocks_range_1_10,908-157963-0002.wav,generated_audios/generated_H2_128C_int8/908-157963-0002_generated.wav,2.755011,0.812004,0.809217,0.294737,0.293725,1.739723,0.91905,0.778128
H2_128C_quantized_resblocks_range_1_10,908-157963-0003.wav,generated_audios/generated_H2_128C_int8/908-157963-0003_generated.wav,3.08,0.906762,0.902774,0.294403,0.293109,1.534167,0.920607,0.690346
H2_128C_quantized_resblocks_range_1_10,908-157963-0004.wav,generated_audios/generated_H2_128C_int8/908-157963-0004_generated.wav,13.990023,4.181702,4.177141,0.298906,0.29858,1.714786,0.884003,0.750375
H2_128C_quantized_resblocks_range_1_10,908-157963-0005.wav,generated_audios/generated_H2_128C_int8/908-157963-0005_generated.wav,7.035011,2.061031,2.057091,0.292968,0.292408,1.684652,0.887458,0.815536
H2_128C_quantized_resblocks_range_1_10,908-157963-0006.wav,generated_audios/generated_H2_128C_int8/908-157963-0006_generated.wav,8.110023,2.413179,2.409029,0.297555,0.297043,1.688128,0.878604,0.74374
H2_128C_quantized_resblocks_range_1_10,908-157963-0007.wav,generated_audios/generated_H2_128C_int8/908-157963-0007_generated.wav,32.770023,10.154929,10.147092,0.309885,0.309646,1.695251,0.888524,0.758382
H2_128C_quantized_resblocks_range_1_10,908-157963-0008.wav,generated_audios/generated_H2_128C_int8/908-157963-0008_generated.wav,19.950023,6.07632,6.070078,0.304577,0.304264,1.758067,0.898797,0.760547
H2_128C_quantized_resblocks_range_1_10,908-157963-0009.wav,generated_audios/generated_H2_128C_int8/908-157963-0009_generated.wav,4.06,1.234622,1.231226,0.304094,0.303258,1.829181,0.906937,0.711555
H2_128C_quantized_resblocks_range_1_10,908-157963-0010.wav,generated_audios/generated_H2_128C_int8/908-157963-0010_generated.wav,6.28,0.124138,0.120146,0.019767,0.019132,1.661428,0.807187,0.821968
H2_128C_quantized_resblocks_range_1_10,908-157963-0011.wav,generated_audios/generated_H2_128C_int8/908-157963-0011_generated.wav,10.395011,0.237692,0.233346,0.022866,0.022448,1.608773,0.862724,0.764037
H2_128C_quantized_resblocks_range_1_10,908-157963-0012.wav,generated_audios/generated_H2_128C_int8/908-157963-0012_generated.wav,10.090023,3.006696,3.002663,0.297987,0.297587,1.551816,0.83061,0.809598
H2_128C_quantized_resblocks_range_1_10,908-157963-0013.wav,generated_audios/generated_H2_128C_int8/908-157963-0013_generated.wav,4.315011,0.106894,0.103241,0.024773,0.023926,1.613592,0.902675,0.872237
H2_128C_quantized_resblocks_range_1_10,908-157963-0014.wav,generated_audios/generated_H2_128C_int8/908-157963-0014_generated.wav,4.52,0.111375,0.107665,0.024641,0.02382,1.753,0.894573,0.844137
H2_128C_quantized_resblocks_range_1_10,908-157963-0015.wav,generated_audios/generated_H2_128C_int8/908-157963-0015_generated.wav,14.465034,4.058487,4.053627,0.280572,0.280236,1.825267,0.913197,0.761955
H2_128C_quantized_resblocks_range_1_10,908-157963-0016.wav,generated_audios/generated_H2_128C_int8/908-157963-0016_generated.wav,5.105034,0.121401,0.117813,0.023781,0.023078,1.729649,0.921054,0.797569
H2_128C_quantized_resblocks_range_1_10,908-157963-0017.wav,generated_audios/generated_H2_128C_int8/908-157963-0017_generated.wav,4.950023,1.397069,1.393455,0.282235,0.281505,1.886307,0.913589,0.713009
H2_128C_quantized_resblocks_range_1_10,908-157963-0018.wav,generated_audios/generated_H2_128C_int8/908-157963-0018_generated.wav,4.255011,0.118004,0.114443,0.027733,0.026896,1.802663,0.893893,0.721573
H2_128C_quantized_resblocks_range_1_10,908-157963-0019.wav,generated_audios/generated_H2_128C_int8/908-157963-0019_generated.wav,21.44,6.54784,6.542608,0.305403,0.305159,1.482406,0.879232,1.033948
H2_128C_quantized_resblocks_range_1_10,908-157963-0020.wav,generated_audios/generated_H2_128C_int8/908-157963-0020_generated.wav,9.8,2.914115,2.910116,0.297359,0.296951,1.484283,0.886041,1.020363
H2_128C_quantized_resblocks_range_1_10,908-157963-0021.wav,generated_audios/generated_H2_128C_int8/908-157963-0021_generated.wav,10.24,0.239792,0.235306,0.023417,0.022979,1.554464,0.887951,0.962026
H2_128C_quantized_resblocks_range_1_10,908-157963-0022.wav,generated_audios/generated_H2_128C_int8/908-157963-0022_generated.wav,4.610023,1.395427,1.391828,0.302694,0.301913,1.70636,0.887847,0.809224
H2_128C_quantized_resblocks_range_1_10,908-157963-0023.wav,generated_audios/generated_H2_128C_int8/908-157963-0023_generated.wav,9.625034,2.937134,2.933044,0.305156,0.304731,1.767999,0.857555,0.797359
H2_128C_quantized_resblocks_range_1_10,908-157963-0024.wav,generated_audios/generated_H2_128C_int8/908-157963-0024_generated.wav,3.44,1.041812,1.038548,0.302852,0.301903,1.603309,0.884968,0.86677
H2_128C_quantized_resblocks_range_1_10,908-157963-0025.wav,generated_audios/generated_H2_128C_int8/908-157963-0025_generated.wav,9.265034,2.623806,2.620058,0.283194,0.28279,1.683027,0.874948,0.851177
H2_128C_quantized_resblocks_range_1_10,908-157963-0026.wav,generated_audios/generated_H2_128C_int8/908-157963-0026_generated.wav,8.1,2.376313,2.372456,0.293372,0.292896,1.740171,0.880545,0.778141
H2_128C_quantized_resblocks_range_1_10,908-157963-0027.wav,generated_audios/generated_H2_128C_int8/908-157963-0027_generated.wav,5.225034,0.12969,0.126082,0.024821,0.02413,1.647034,0.816621,0.876884
H2_128C_quantized_resblocks_range_1_10,908-157963-0028.wav,generated_audios/generated_H2_128C_int8/908-157963-0028_generated.wav,4.955011,0.10137,0.09773,0.020458,0.019724,1.853961,0.918576,0.72002
H2_128C_quantized_resblocks_range_1_10,908-157963-0029.wav,generated_audios/generated_H2_128C_int8/908-157963-0029_generated.wav,3.630023,1.004997,1.001521,0.276857,0.275899,1.71233,0.931547,0.764439
H2_128C_quantized_resblocks_range_1_10,908-157963-0030.wav,generated_audios/generated_H2_128C_int8/908-157963-0030_generated.wav,4.52,0.0931,0.089344,0.020597,0.019766,1.752492,0.916142,0.818555
H2_128C_quantized_resblocks_range_1_10,908-31957-0000.wav,generated_audios/generated_H2_128C_int8/908-31957-0000_generated.wav,2.125034,0.592947,0.589505,0.27903,0.27741,1.975224,0.905444,0.879567
H2_128C_quantized_resblocks_range_1_10,908-31957-0001.wav,generated_audios/generated_H2_128C_int8/908-31957-0001_generated.wav,11.315011,3.39317,3.389376,0.299882,0.299547,1.611314,0.897164,0.86966
H2_128C_quantized_resblocks_range_1_10,908-31957-0002.wav,generated_audios/generated_H2_128C_int8/908-31957-0002_generated.wav,4.790023,0.115989,0.111936,0.024215,0.023368,1.599692,0.891597,0.930877
H2_128C_quantized_resblocks_range_1_10,908-31957-0003.wav,generated_audios/generated_H2_128C_int8/908-31957-0003_generated.wav,6.565034,0.154972,0.151393,0.023606,0.023061,1.61859,0.896633,0.779642
H2_128C_quantized_resblocks_range_1_10,908-31957-0004.wav,generated_audios/generated_H2_128C_int8/908-31957-0004_generated.wav,14.755011,4.484325,4.480028,0.303919,0.303628,1.67565,0.90188,0.820534
H2_128C_quantized_resblocks_range_1_10,908-31957-0005.wav,generated_audios/generated_H2_128C_int8/908-31957-0005_generated.wav,4.490023,0.107858,0.104092,0.024022,0.023183,1.703078,0.902284,0.962211
H2_128C_quantized_resblocks_range_1_10,908-31957-0006.wav,generated_audios/generated_H2_128C_int8/908-31957-0006_generated.wav,5.890023,1.64519,1.641742,0.279318,0.278733,1.657836,0.888805,0.937389
H2_128C_quantized_resblocks_range_1_10,908-31957-0007.wav,generated_audios/generated_H2_128C_int8/908-31957-0007_generated.wav,5.8,0.133315,0.129563,0.022985,0.022339,1.725505,0.905446,0.837624
H2_128C_quantized_resblocks_range_1_10,908-31957-0008.wav,generated_audios/generated_H2_128C_int8/908-31957-0008_generated.wav,10.005034,2.771491,2.767095,0.27701,0.27657,1.638685,0.896637,0.861077
H2_128C_quantized_resblocks_range_1_10,908-31957-0009.wav,generated_audios/generated_H2_128C_int8/908-31957-0009_generated.wav,7.705034,2.15065,2.146678,0.279123,0.278607,1.606005,0.900108,0.845922
H2_128C_quantized_resblocks_range_1_10,908-31957-0010.wav,generated_audios/generated_H2_128C_int8/908-31957-0010_generated.wav,2.510023,0.696148,0.692689,0.277347,0.275969,1.580406,0.773974,1.0907
H2_128C_quantized_resblocks_range_1_10,908-31957-0011.wav,generated_audios/generated_H2_128C_int8/908-31957-0011_generated.wav,2.335011,0.065077,0.06193,0.02787,0.026522,1.724025,0.859356,0.872938
H2_128C_quantized_resblocks_range_1_10,908-31957-0012.wav,generated_audios/generated_H2_128C_int8/908-31957-0012_generated.wav,7.615011,2.248325,2.244484,0.295249,0.294745,1.644279,0.891812,0.894701
H2_128C_quantized_resblocks_range_1_10,908-31957-0013.wav,generated_audios/generated_H2_128C_int8/908-31957-0013_generated.wav,6.18,1.83215,1.828358,0.296464,0.295851,1.77187,0.873786,0.920024
H2_128C_quantized_resblocks_range_1_10,908-31957-0014.wav,generated_audios/generated_H2_128C_int8/908-31957-0014_generated.wav,7.56,2.102922,2.098704,0.278164,0.277606,1.600839,0.887307,0.930551
H2_128C_quantized_resblocks_range_1_10,908-31957-0015.wav,generated_audios/generated_H2_128C_int8/908-31957-0015_generated.wav,21.465034,6.161223,6.15606,0.287035,0.286795,1.588448,0.880908,0.958658
H2_128C_quantized_resblocks_range_1_10,908-31957-0016.wav,generated_audios/generated_H2_128C_int8/908-31957-0016_generated.wav,6.48,1.8235,1.819339,0.281404,0.280762,1.7762,0.896249,0.9156
H2_128C_quantized_resblocks_range_1_10,908-31957-0017.wav,generated_audios/generated_H2_128C_int8/908-31957-0017_generated.wav,7.795011,2.329128,2.326352,0.298797,0.298441,1.527483,0.900382,0.941083
H2_128C_quantized_resblocks_range_1_10,908-31957-0018.wav,generated_audios/generated_H2_128C_int8/908-31957-0018_generated.wav,3.915011,1.197302,1.194176,0.305823,0.305025,1.664099,0.887531,0.913031
H2_128C_quantized_resblocks_range_1_10,908-31957-0019.wav,generated_audios/generated_H2_128C_int8/908-31957-0019_generated.wav,9.54,2.940257,2.936332,0.308203,0.307792,1.762375,0.907655,0.830416
H2_128C_quantized_resblocks_range_1_10,908-31957-0020.wav,generated_audios/generated_H2_128C_int8/908-31957-0020_generated.wav,5.895011,0.119785,0.116253,0.02032,0.019721,1.689267,0.897005,0.885415
H2_128C_quantized_resblocks_range_1_10,908-31957-0021.wav,generated_audios/generated_H2_128C_int8/908-31957-0021_generated.wav,10.905034,3.131638,3.12723,0.287174,0.286769,1.620871,0.893323,0.872605
H2_128C_quantized_resblocks_range_1_10,908-31957-0022.wav,generated_audios/generated_H2_128C_int8/908-31957-0022_generated.wav,14.1,4.287606,4.282958,0.304086,0.303756,1.575247,0.885547,0.873642
H2_128C_quantized_resblocks_range_1_10,908-31957-0023.wav,generated_audios/generated_H2_128C_int8/908-31957-0023_generated.wav,8.515011,2.577434,2.573591,0.302693,0.302242,1.655938,0.904252,0.949498
H2_128C_quantized_resblocks_range_1_10,908-31957-0024.wav,generated_audios/generated_H2_128C_int8/908-31957-0024_generated.wav,7.54,2.211451,2.207781,0.293296,0.292809,1.61937,0.891982,0.941248
H2_128C_quantized_resblocks_range_1_10,908-31957-0025.wav,generated_audios/generated_H2_128C_int8/908-31957-0025_generated.wav,20.56,6.192713,6.187494,0.301202,0.300948,1.606924,0.894349,1.019571
H2_256C_quantized_resblocks_range_1_10,1089-134686-0000.wav,generated_audios/generated_H2_256C_int8/1089-134686-0000_generated.wav,10.435011,0.568044,0.564353,0.054436,0.054083,2.863702,0.96131,0.310191
H2_256C_quantized_resblocks_range_1_10,1089-134686-0001.wav,generated_audios/generated_H2_256C_int8/1089-134686-0001_generated.wav,3.275011,0.16804,0.164706,0.05131,0.050292,2.553954,0.949631,0.327579
H2_256C_quantized_resblocks_range_1_10,1089-134686-0002.wav,generated_audios/generated_H2_256C_int8/1089-134686-0002_generated.wav,6.625034,0.354116,0.350354,0.053451,0.052883,2.996534,0.954216,0.305186
H2_256C_quantized_resblocks_range_1_10,1089-134686-0003.wav,generated_audios/generated_H2_256C_int8/1089-134686-0003_generated.wav,2.68,0.143363,0.140279,0.053494,0.052343,3.032276,0.966975,0.34744
H2_256C_quantized_resblocks_range_1_10,1089-134686-0004.wav,generated_audios/generated_H2_256C_int8/1089-134686-0004_generated.wav,5.215102,0.276539,0.272839,0.053027,0.052317,3.122606,0.974064,0.319935
H2_256C_quantized_resblocks_range_1_10,1089-134686-0005.wav,generated_audios/generated_H2_256C_int8/1089-134686-0005_generated.wav,9.635011,0.523182,0.518976,0.0543,0.053864,2.850904,0.943468,0.311019
H2_256C_quantized_resblocks_range_1_10,1089-134686-0006.wav,generated_audios/generated_H2_256C_int8/1089-134686-0006_generated.wav,10.555011,0.586004,0.581577,0.055519,0.0551,2.823878,0.952318,0.31117
H2_256C_quantized_resblocks_range_1_10,1089-134686-0007.wav,generated_audios/generated_H2_256C_int8/1089-134686-0007_generated.wav,4.275011,0.228436,0.224919,0.053435,0.052613,2.724916,0.966178,0.32927
H2_256C_quantized_resblocks_range_1_10,1089-134686-0008.wav,generated_audios/generated_H2_256C_int8/1089-134686-0008_generated.wav,6.730023,0.337993,0.334179,0.050222,0.049655,2.820703,0.961466,0.312991
H2_256C_quantized_resblocks_range_1_10,1089-134686-0009.wav,generated_audios/generated_H2_256C_int8/1089-134686-0009_generated.wav,10.575011,0.570837,0.566751,0.05398,0.053593,3.045414,0.969952,0.318604
H2_256C_quantized_resblocks_range_1_10,1089-134686-0010.wav,generated_audios/generated_H2_256C_int8/1089-134686-0010_generated.wav,4.405034,0.2265,0.222984,0.051418,0.05062,3.241693,0.969762,0.293012
H2_256C_quantized_resblocks_range_1_10,1089-134686-0011.wav,generated_audios/generated_H2_256C_int8/1089-134686-0011_generated.wav,12.445034,0.694052,0.689639,0.055769,0.055415,3.015378,0.958698,0.300787
H2_256C_quantized_resblocks_range_1_10,1089-134686-0012.wav,generated_audios/generated_H2_256C_int8/1089-134686-0012_generated.wav,11.64,0.63989,0.635696,0.054973,0.054613,2.855364,0.963805,0.31688
H2_256C_quantized_resblocks_range_1_10,1089-134686-0013.wav,generated_audios/generated_H2_256C_int8/1089-134686-0013_generated.wav,7.915011,0.434026,0.430657,0.054836,0.05441,2.584451,0.960088,0.308953
H2_256C_quantized_resblocks_range_1_10,1089-134686-0014.wav,generated_audios/generated_H2_256C_int8/1089-134686-0014_generated.wav,2.225034,0.121052,0.117899,0.054405,0.052988,2.919999,0.976528,0.302448
H2_256C_quantized_resblocks_range_1_10,1089-134686-0015.wav,generated_audios/generated_H2_256C_int8/1089-134686-0015_generated.wav,5.815011,0.303255,0.299562,0.05215,0.051515,2.784234,0.95764,0.32709
H2_256C_quantized_resblocks_range_1_10,1089-134686-0016.wav,generated_audios/generated_H2_256C_int8/1089-134686-0016_generated.wav,3.54,0.185391,0.182105,0.05237,0.051442,2.543277,0.95387,0.311176
H2_256C_quantized_resblocks_range_1_10,1089-134686-0017.wav,generated_audios/generated_H2_256C_int8/1089-134686-0017_generated.wav,8.870023,0.463416,0.459589,0.052245,0.051814,2.782228,0.960875,0.305664
H2_256C_quantized_resblocks_range_1_10,1089-134686-0018.wav,generated_audios/generated_H2_256C_int8/1089-134686-0018_generated.wav,15.72,0.937942,0.933116,0.059665,0.059359,2.858593,0.962165,0.305053
H2_256C_quantized_resblocks_range_1_10,1089-134686-0019.wav,generated_audios/generated_H2_256C_int8/1089-134686-0019_generated.wav,13.895011,0.833932,0.828972,0.060017,0.05966,2.96172,0.962044,0.30296
H2_256C_quantized_resblocks_range_1_10,1089-134686-0020.wav,generated_audios/generated_H2_256C_int8/1089-134686-0020_generated.wav,16.790023,1.015966,1.010643,0.06051,0.060193,2.605618,0.955346,0.308828
H2_256C_quantized_resblocks_range_1_10,1089-134686-0021.wav,generated_audios/generated_H2_256C_int8/1089-134686-0021_generated.wav,6.550023,0.359192,0.355388,0.054838,0.054258,2.703341,0.963335,0.307384
H2_256C_quantized_resblocks_range_1_10,1089-134686-0022.wav,generated_audios/generated_H2_256C_int8/1089-134686-0022_generated.wav,11.175011,0.637411,0.633126,0.057039,0.056656,2.744507,0.960761,0.30277
H2_256C_quantized_resblocks_range_1_10,1089-134686-0023.wav,generated_audios/generated_H2_256C_int8/1089-134686-0023_generated.wav,13.275011,0.787879,0.783175,0.059351,0.058996,2.767156,0.95833,0.305025
H2_256C_quantized_resblocks_range_1_10,1089-134686-0024.wav,generated_audios/generated_H2_256C_int8/1089-134686-0024_generated.wav,11.655011,0.664842,0.660149,0.057043,0.056641,2.683609,0.960145,0.303738
H2_256C_quantized_resblocks_range_1_10,1089-134686-0025.wav,generated_audios/generated_H2_256C_int8/1089-134686-0025_generated.wav,6.610023,0.339116,0.335358,0.051303,0.050735,2.78465,0.960757,0.318974
H2_256C_quantized_resblocks_range_1_10,1089-134686-0026.wav,generated_audios/generated_H2_256C_int8/1089-134686-0026_generated.wav,4.010023,0.19648,0.193087,0.048997,0.048151,2.788589,0.95141,0.313346
H2_256C_quantized_resblocks_range_1_10,1089-134686-0027.wav,generated_audios/generated_H2_256C_int8/1089-134686-0027_generated.wav,2.710023,0.135276,0.13212,0.049917,0.048752,2.494692,0.959597,0.301594
H2_256C_quantized_resblocks_range_1_10,1089-134686-0028.wav,generated_audios/generated_H2_256C_int8/1089-134686-0028_generated.wav,7.830023,0.415172,0.41124,0.053023,0.052521,2.960534,0.96285,0.29783
H2_256C_quantized_resblocks_range_1_10,1089-134686-0029.wav,generated_audios/generated_H2_256C_int8/1089-134686-0029_generated.wav,4.670023,0.238524,0.235063,0.051076,0.050334,3.081559,0.962312,0.297825
H2_256C_quantized_resblocks_range_1_10,1089-134686-0030.wav,generated_audios/generated_H2_256C_int8/1089-134686-0030_generated.wav,2.715011,0.124762,0.121624,0.045953,0.044797,2.86326,0.961719,0.301837
H2_256C_quantized_resblocks_range_1_10,1089-134686-0031.wav,generated_audios/generated_H2_256C_int8/1089-134686-0031_generated.wav,6.615011,0.325695,0.321877,0.049236,0.048659,3.022866,0.957035,0.311461
H2_256C_quantized_resblocks_range_1_10,121-121726-0000.wav,generated_audios/generated_H2_256C_int8/121-121726-0000_generated.wav,8.46,0.44407,0.440407,0.052491,0.052058,2.89734,0.96429,0.419494
H2_256C_quantized_resblocks_range_1_10,121-121726-0001.wav,generated_audios/generated_H2_256C_int8/121-121726-0001_generated.wav,5.925034,0.298761,0.295179,0.050424,0.049819,2.971285,0.954653,0.593791
H2_256C_quantized_resblocks_range_1_10,121-121726-0002.wav,generated_audios/generated_H2_256C_int8/121-121726-0002_generated.wav,4.410023,0.206819,0.203391,0.046897,0.04612,2.917048,0.952392,0.561497
H2_256C_quantized_resblocks_range_1_10,121-121726-0003.wav,generated_audios/generated_H2_256C_int8/121-121726-0003_generated.wav,6.755011,0.35471,0.350921,0.052511,0.05195,3.008,0.967158,0.523195
H2_256C_quantized_resblocks_range_1_10,121-121726-0004.wav,generated_audios/generated_H2_256C_int8/121-121726-0004_generated.wav,4.02,0.198325,0.19489,0.049335,0.04848,2.806953,0.968871,0.626939
H2_256C_quantized_resblocks_range_1_10,121-121726-0005.wav,generated_audios/generated_H2_256C_int8/121-121726-0005_generated.wav,3.1,0.157272,0.153973,0.050733,0.049669,3.251822,0.968852,0.810719
H2_256C_quantized_resblocks_range_1_10,121-121726-0006.wav,generated_audios/generated_H2_256C_int8/121-121726-0006_generated.wav,3.895011,0.192188,0.18881,0.049342,0.048475,2.951199,0.956421,0.596932
H2_256C_quantized_resblocks_range_1_10,121-121726-0007.wav,generated_audios/generated_H2_256C_int8/121-121726-0007_generated.wav,6.730023,0.312487,0.308734,0.046432,0.045874,3.268919,0.973684,0.555002
H2_256C_quantized_resblocks_range_1_10,121-121726-0008.wav,generated_audios/generated_H2_256C_int8/121-121726-0008_generated.wav,4.990023,0.25253,0.248627,0.050607,0.049825,3.386575,0.974932,0.66781
H2_256C_quantized_resblocks_range_1_10,121-121726-0009.wav,generated_audios/generated_H2_256C_int8/121-121726-0009_generated.wav,7.26,0.379393,0.375401,0.052258,0.051708,3.030768,0.968335,0.513274
H2_256C_quantized_resblocks_range_1_10,121-121726-0010.wav,generated_audios/generated_H2_256C_int8/121-121726-0010_generated.wav,9.810023,0.524832,0.520357,0.0535,0.053043,3.127574,0.968634,0.504086
H2_256C_quantized_resblocks_range_1_10,121-121726-0011.wav,generated_audios/generated_H2_256C_int8/121-121726-0011_generated.wav,4.035011,0.202225,0.198852,0.050118,0.049282,2.943191,0.966144,0.623924
H2_256C_quantized_resblocks_range_1_10,121-121726-0012.wav,generated_audios/generated_H2_256C_int8/121-121726-0012_generated.wav,4.045034,0.205079,0.201565,0.050699,0.04983,2.789709,0.952665,0.499029
H2_256C_quantized_resblocks_range_1_10,121-121726-0013.wav,generated_audios/generated_H2_256C_int8/121-121726-0013_generated.wav,2.490023,0.126761,0.123477,0.050908,0.049589,3.01034,0.963712,0.567821
H2_256C_quantized_resblocks_range_1_10,121-121726-0014.wav,generated_audios/generated_H2_256C_int8/121-121726-0014_generated.wav,3.165034,0.166262,0.16314,0.052531,0.051544,3.458504,0.972703,0.636957
H2_256C_quantized_resblocks_range_1_10,121-123852-0000.wav,generated_audios/generated_H2_256C_int8/121-123852-0000_generated.wav,17.695011,1.13172,1.126854,0.063957,0.063682,2.808318,0.967491,0.55068
H2_256C_quantized_resblocks_range_1_10,121-123852-0001.wav,generated_audios/generated_H2_256C_int8/121-123852-0001_generated.wav,1.870023,0.102256,0.099275,0.054682,0.053088,2.573512,0.907955,0.817699
H2_256C_quantized_resblocks_range_1_10,121-123852-0002.wav,generated_audios/generated_H2_256C_int8/121-123852-0002_generated.wav,17.285034,1.118008,1.113193,0.064681,0.064402,2.778292,0.961973,0.462895
H2_256C_quantized_resblocks_range_1_10,121-123852-0003.wav,generated_audios/generated_H2_256C_int8/121-123852-0003_generated.wav,23.505034,6.745472,6.739574,0.28698,0.286729,2.820915,0.955839,0.474153
H2_256C_quantized_resblocks_range_1_10,121-123852-0004.wav,generated_audios/generated_H2_256C_int8/121-123852-0004_generated.wav,16.290023,4.39323,4.389398,0.269688,0.269453,2.851854,0.965548,0.467576
H2_256C_quantized_resblocks_range_1_10,121-123859-0000.wav,generated_audios/generated_H2_256C_int8/121-123859-0000_generated.wav,17.390023,4.674936,4.670633,0.268829,0.268581,2.624218,0.953552,0.496381
H2_256C_quantized_resblocks_range_1_10,121-123859-0001.wav,generated_audios/generated_H2_256C_int8/121-123859-0001_generated.wav,25.395011,7.398275,7.392801,0.291328,0.291112,1.145582,0.850206,2.169925
H2_256C_quantized_resblocks_range_1_10,121-123859-0002.wav,generated_audios/generated_H2_256C_int8/121-123859-0002_generated.wav,30.04,8.696052,8.689422,0.289482,0.289262,1.127681,0.834336,2.050142
H2_256C_quantized_resblocks_range_1_10,121-123859-0003.wav,generated_audios/generated_H2_256C_int8/121-123859-0003_generated.wav,10.825034,2.642053,2.63795,0.244069,0.24369,1.150942,0.850657,2.110097
H2_256C_quantized_resblocks_range_1_10,121-123859-0004.wav,generated_audios/generated_H2_256C_int8/121-123859-0004_generated.wav,9.505034,2.334928,2.330809,0.245652,0.245218,1.112704,0.832505,2.159957
H2_256C_quantized_resblocks_range_1_10,121-127105-0000.wav,generated_audios/generated_H2_256C_int8/121-127105-0000_generated.wav,9.875011,2.458799,2.455332,0.248992,0.248641,1.122995,0.818691,1.254475
H2_256C_quantized_resblocks_range_1_10,121-127105-0001.wav,generated_audios/generated_H2_256C_int8/121-127105-0001_generated.wav,5.025034,1.197368,1.194393,0.238281,0.237688,1.148208,0.834921,1.290982
H2_256C_quantized_resblocks_range_1_10,121-127105-0002.wav,generated_audios/generated_H2_256C_int8/121-127105-0002_generated.wav,7.495011,1.83705,1.833153,0.245103,0.244583,1.124421,0.836684,1.452735
H2_256C_quantized_resblocks_range_1_10,121-127105-0003.wav,generated_audios/generated_H2_256C_int8/121-127105-0003_generated.wav,7.725034,1.876768,1.872926,0.242946,0.242449,1.194879,0.857053,1.38677
H2_256C_quantized_resblocks_range_1_10,121-127105-0004.wav,generated_audios/generated_H2_256C_int8/121-127105-0004_generated.wav,2.110023,0.523226,0.520038,0.247972,0.246461,1.068465,0.864714,1.452437
H2_256C_quantized_resblocks_range_1_10,121-127105-0005.wav,generated_audios/generated_H2_256C_int8/121-127105-0005_generated.wav,5.82,1.361856,1.358832,0.233996,0.233476,1.157917,0.862628,1.080047
H2_256C_quantized_resblocks_range_1_10,121-127105-0006.wav,generated_audios/generated_H2_256C_int8/121-127105-0006_generated.wav,4.725034,1.124118,1.120458,0.237907,0.237132,1.088335,0.844752,1.327895
H2_256C_quantized_resblocks_range_1_10,121-127105-0007.wav,generated_audios/generated_H2_256C_int8/121-127105-0007_generated.wav,5.790023,1.37113,1.367804,0.236809,0.236235,1.127565,0.855425,1.385096
H2_256C_quantized_resblocks_range_1_10,121-127105-0008.wav,generated_audios/generated_H2_256C_int8/121-127105-0008_generated.wav,2.76,0.653357,0.649834,0.236723,0.235447,1.132978,0.815063,1.682954
H2_256C_quantized_resblocks_range_1_10,121-127105-0009.wav,generated_audios/generated_H2_256C_int8/121-127105-0009_generated.wav,2.290023,0.550314,0.547319,0.240309,0.239002,1.088436,0.813536,1.475908
H2_256C_quantized_resblocks_range_1_10,121-127105-0010.wav,generated_audios/generated_H2_256C_int8/121-127105-0010_generated.wav,2.850023,0.68573,0.682316,0.240605,0.239407,1.12089,0.834296,1.324436
H2_256C_quantized_resblocks_range_1_10,121-127105-0011.wav,generated_audios/generated_H2_256C_int8/121-127105-0011_generated.wav,5.78,1.390405,1.387003,0.240554,0.239966,1.131328,0.813711,1.301795
H2_256C_quantized_resblocks_range_1_10,121-127105-0012.wav,generated_audios/generated_H2_256C_int8/121-127105-0012_generated.wav,4.830023,1.170506,1.166823,0.24234,0.241577,1.051662,0.785848,1.669837
H2_256C_quantized_resblocks_range_1_10,121-127105-0013.wav,generated_audios/generated_H2_256C_int8/121-127105-0013_generated.wav,5.895011,1.37168,1.368364,0.232685,0.232122,1.111366,0.816571,1.331631
H2_256C_quantized_resblocks_range_1_10,121-127105-0014.wav,generated_audios/generated_H2_256C_int8/121-127105-0014_generated.wav,2.255011,0.543529,0.540351,0.241032,0.239622,1.181808,0.777366,1.490788
H2_256C_quantized_resblocks_range_1_10,121-127105-0015.wav,generated_audios/generated_H2_256C_int8/121-127105-0015_generated.wav,2.96,0.718252,0.714963,0.242653,0.241542,1.136367,0.814315,1.492621
H2_256C_quantized_resblocks_range_1_10,121-127105-0016.wav,generated_audios/generated_H2_256C_int8/121-127105-0016_generated.wav,2.030023,0.477447,0.474357,0.235193,0.233671,1.148566,0.867569,1.443132
H2_256C_quantized_resblocks_range_1_10,121-127105-0017.wav,generated_audios/generated_H2_256C_int8/121-127105-0017_generated.wav,2.695011,0.639586,0.636385,0.237322,0.236134,1.136686,0.846211,1.454583
H2_256C_quantized_resblocks_range_1_10,121-127105-0018.wav,generated_audios/generated_H2_256C_int8/121-127105-0018_generated.wav,2.770023,0.657725,0.654437,0.237444,0.236257,1.099514,0.782795,1.48267
H2_256C_quantized_resblocks_range_1_10,121-127105-0019.wav,generated_audios/generated_H2_256C_int8/121-127105-0019_generated.wav,3.525034,0.817775,0.814717,0.231991,0.231123,1.098705,0.813574,1.288938
H2_256C_quantized_resblocks_range_1_10,121-127105-0020.wav,generated_audios/generated_H2_256C_int8/121-127105-0020_generated.wav,14.355011,3.886249,3.881807,0.270724,0.270415,1.159925,0.852566,1.287167
H2_256C_quantized_resblocks_range_1_10,121-127105-0021.wav,generated_audios/generated_H2_256C_int8/121-127105-0021_generated.wav,2.0,0.500286,0.497663,0.250143,0.248831,1.118854,0.854534,1.354897
H2_256C_quantized_resblocks_range_1_10,121-127105-0022.wav,generated_audios/generated_H2_256C_int8/121-127105-0022_generated.wav,5.075011,1.206044,1.202384,0.237644,0.236922,1.236937,0.845208,1.358116
H2_256C_quantized_resblocks_range_1_10,121-127105-0023.wav,generated_audios/generated_H2_256C_int8/121-127105-0023_generated.wav,10.910023,2.693468,2.689242,0.24688,0.246493,1.171274,0.847342,1.323702
H2_256C_quantized_resblocks_range_1_10,121-127105-0024.wav,generated_audios/generated_H2_256C_int8/121-127105-0024_generated.wav,14.450023,3.981054,3.977019,0.275505,0.275226,1.14762,0.822571,1.520868
H2_256C_quantized_resblocks_range_1_10,121-127105-0025.wav,generated_audios/generated_H2_256C_int8/121-127105-0025_generated.wav,16.065034,4.340779,4.336537,0.2702,0.269936,1.156633,0.841052,1.231361
H2_256C_quantized_resblocks_range_1_10,121-127105-0026.wav,generated_audios/generated_H2_256C_int8/121-127105-0026_generated.wav,7.530023,1.803471,1.799485,0.239504,0.238975,1.166986,0.860577,1.472236
H2_256C_quantized_resblocks_range_1_10,121-127105-0027.wav,generated_audios/generated_H2_256C_int8/121-127105-0027_generated.wav,13.870023,3.746876,3.742629,0.270142,0.269836,1.178505,0.840961,1.314594
H2_256C_quantized_resblocks_range_1_10,121-127105-0028.wav,generated_audios/generated_H2_256C_int8/121-127105-0028_generated.wav,6.750023,0.342502,0.33876,0.050741,0.050186,1.215707,0.86382,0.976734
H2_256C_quantized_resblocks_range_1_10,121-127105-0029.wav,generated_audios/generated_H2_256C_int8/121-127105-0029_generated.wav,7.310023,1.764822,1.761093,0.241425,0.240915,1.165608,0.857354,1.35673
H2_256C_quantized_resblocks_range_1_10,121-127105-0030.wav,generated_audios/generated_H2_256C_int8/121-127105-0030_generated.wav,2.175011,0.537022,0.534138,0.246905,0.245579,1.10802,0.827136,1.921203
H2_256C_quantized_resblocks_range_1_10,121-127105-0031.wav,generated_audios/generated_H2_256C_int8/121-127105-0031_generated.wav,10.765034,2.658219,2.655188,0.246931,0.246649,1.130021,0.739367,1.498354
H2_256C_quantized_resblocks_range_1_10,121-127105-0032.wav,generated_audios/generated_H2_256C_int8/121-127105-0032_generated.wav,3.170023,0.750861,0.747329,0.236863,0.235749,1.10867,0.849821,1.335607
H2_256C_quantized_resblocks_range_1_10,121-127105-0033.wav,generated_audios/generated_H2_256C_int8/121-127105-0033_generated.wav,2.355011,0.585109,0.581927,0.248453,0.247102,1.155365,0.809921,1.468255
H2_256C_quantized_resblocks_range_1_10,121-127105-0034.wav,generated_audios/generated_H2_256C_int8/121-127105-0034_generated.wav,7.410023,1.82908,1.826723,0.246839,0.246521,1.136468,0.815045,1.453017
H2_256C_quantized_resblocks_range_1_10,121-127105-0035.wav,generated_audios/generated_H2_256C_int8/121-127105-0035_generated.wav,14.150023,3.840873,3.836576,0.271439,0.271136,1.162835,0.8144,1.292948
H2_256C_quantized_resblocks_range_1_10,121-127105-0036.wav,generated_audios/generated_H2_256C_int8/121-127105-0036_generated.wav,4.150023,0.97923,0.975772,0.235958,0.235124,1.229629,0.786975,1.30265
H2_256C_quantized_resblocks_range_1_10,237-126133-0000.wav,generated_audios/generated_H2_256C_int8/237-126133-0000_generated.wav,13.290023,3.6791,3.674782,0.276832,0.276507,1.126436,0.790886,1.829489
H2_256C_quantized_resblocks_range_1_10,237-126133-0001.wav,generated_audios/generated_H2_256C_int8/237-126133-0001_generated.wav,11.965034,3.262238,3.258198,0.272648,0.27231,1.107506,0.771557,1.847636
H2_256C_quantized_resblocks_range_1_10,237-126133-0002.wav,generated_audios/generated_H2_256C_int8/237-126133-0002_generated.wav,8.92,2.204995,2.200772,0.247197,0.246723,1.068218,0.777729,2.154828
H2_256C_quantized_resblocks_range_1_10,237-126133-0003.wav,generated_audios/generated_H2_256C_int8/237-126133-0003_generated.wav,6.56,1.565242,1.56143,0.238604,0.238023,1.071225,0.699656,1.906708
H2_256C_quantized_resblocks_range_1_10,237-126133-0004.wav,generated_audios/generated_H2_256C_int8/237-126133-0004_generated.wav,3.295011,0.798633,0.795342,0.242376,0.241378,1.090089,0.77939,1.964086
H2_256C_quantized_resblocks_range_1_10,237-126133-0005.wav,generated_audios/generated_H2_256C_int8/237-126133-0005_generated.wav,6.510023,1.584582,1.580916,0.243407,0.242843,1.115734,0.799121,1.876469
H2_256C_quantized_resblocks_range_1_10,237-126133-0006.wav,generated_audios/generated_H2_256C_int8/237-126133-0006_generated.wav,6.150023,1.456655,1.45326,0.236854,0.236301,1.157247,0.837205,2.15561
H2_256C_quantized_resblocks_range_1_10,237-126133-0007.wav,generated_audios/generated_H2_256C_int8/237-126133-0007_generated.wav,8.68,2.13126,2.12701,0.245537,0.245047,1.118265,0.793107,1.964109
H2_256C_quantized_resblocks_range_1_10,237-126133-0008.wav,generated_audios/generated_H2_256C_int8/237-126133-0008_generated.wav,3.865034,0.932214,0.928679,0.241192,0.240277,1.081836,0.764724,1.995143
H2_256C_quantized_resblocks_range_1_10,237-126133-0009.wav,generated_audios/generated_H2_256C_int8/237-126133-0009_generated.wav,3.970023,0.953432,0.950055,0.240158,0.239307,1.10765,0.803085,2.025578
H2_256C_quantized_resblocks_range_1_10,237-126133-0010.wav,generated_audios/generated_H2_256C_int8/237-126133-0010_generated.wav,6.24,1.486121,1.482341,0.23816,0.237555,1.091599,0.763461,1.933204
H2_256C_quantized_resblocks_range_1_10,237-126133-0011.wav,generated_audios/generated_H2_256C_int8/237-126133-0011_generated.wav,6.710023,1.590673,1.587159,0.237059,0.236536,1.149974,0.805321,2.085662
H2_256C_quantized_resblocks_range_1_10,237-126133-0012.wav,generated_audios/generated_H2_256C_int8/237-126133-0012_generated.wav,4.450023,1.071444,1.067785,0.240773,0.23995,1.108544,0.751494,1.977607
H2_256C_quantized_resblocks_range_1_10,237-126133-0013.wav,generated_audios/generated_H2_256C_int8/237-126133-0013_generated.wav,6.815011,1.687153,1.683498,0.247564,0.247028,1.101359,0.756734,2.24818
H2_256C_quantized_resblocks_range_1_10,237-126133-0014.wav,generated_audios/generated_H2_256C_int8/237-126133-0014_generated.wav,6.790023,1.630665,1.62697,0.240156,0.239612,1.092252,0.763371,1.766989
H2_256C_quantized_resblocks_range_1_10,237-126133-0015.wav,generated_audios/generated_H2_256C_int8/237-126133-0015_generated.wav,9.34,2.303481,2.299392,0.246625,0.246188,1.105277,0.769164,2.023426
H2_256C_quantized_resblocks_range_1_10,237-126133-0016.wav,generated_audios/generated_H2_256C_int8/237-126133-0016_generated.wav,4.250023,1.01185,1.008469,0.238081,0.237286,1.160391,0.820952,2.066133
H2_256C_quantized_resblocks_range_1_10,237-126133-0017.wav,generated_audios/generated_H2_256C_int8/237-126133-0017_generated.wav,6.210023,1.473473,1.469857,0.237273,0.236691,1.195207,0.830391,1.957719
H2_256C_quantized_resblocks_range_1_10,237-126133-0018.wav,generated_audios/generated_H2_256C_int8/237-126133-0018_generated.wav,4.095011,1.008005,1.0045,0.246154,0.245298,1.085782,0.684613,2.348414
H2_256C_quantized_resblocks_range_1_10,237-126133-0019.wav,generated_audios/generated_H2_256C_int8/237-126133-0019_generated.wav,7.12,1.736259,1.73266,0.243857,0.243351,1.112694,0.769828,1.983942
H2_256C_quantized_resblocks_range_1_10,237-126133-0020.wav,generated_audios/generated_H2_256C_int8/237-126133-0020_generated.wav,2.24,0.547226,0.544105,0.244297,0.242904,1.165327,0.79925,1.928032
H2_256C_quantized_resblocks_range_1_10,237-126133-0021.wav,generated_audios/generated_H2_256C_int8/237-126133-0021_generated.wav,4.365034,1.015412,1.011841,0.232624,0.231806,1.082243,0.698781,2.218199
H2_256C_quantized_resblocks_range_1_10,237-126133-0022.wav,generated_audios/generated_H2_256C_int8/237-126133-0022_generated.wav,5.04,1.20705,1.203503,0.239494,0.23879,1.139876,0.784214,2.028474
H2_256C_quantized_resblocks_range_1_10,237-126133-0023.wav,generated_audios/generated_H2_256C_int8/237-126133-0023_generated.wav,6.675011,1.607999,1.604104,0.240898,0.240315,1.087758,0.773012,1.915658
H2_256C_quantized_resblocks_range_1_10,237-126133-0024.wav,generated_audios/generated_H2_256C_int8/237-126133-0024_generated.wav,9.665034,2.468697,2.464658,0.255426,0.255008,1.158656,0.815937,1.70716
H2_256C_quantized_resblocks_range_1_10,237-126133-0025.wav,generated_audios/generated_H2_256C_int8/237-126133-0025_generated.wav,3.755011,0.903209,0.89938,0.240534,0.239515,1.141953,0.795864,1.920992
H2_256C_quantized_resblocks_range_1_10,237-134493-0000.wav,generated_audios/generated_H2_256C_int8/237-134493-0000_generated.wav,4.105034,1.002507,0.999093,0.244214,0.243382,1.325828,0.86639,1.273372
H2_256C_quantized_resblocks_range_1_10,237-134493-0001.wav,generated_audios/generated_H2_256C_int8/237-134493-0001_generated.wav,7.38,1.803864,1.799987,0.244426,0.243901,1.373776,0.890762,1.232785
H2_256C_quantized_resblocks_range_1_10,237-134493-0002.wav,generated_audios/generated_H2_256C_int8/237-134493-0002_generated.wav,11.395011,2.839378,2.835107,0.249177,0.248803,1.45996,0.892818,1.379518
H2_256C_quantized_resblocks_range_1_10,237-134493-0003.wav,generated_audios/generated_H2_256C_int8/237-134493-0003_generated.wav,12.765034,3.549407,3.544852,0.278057,0.2777,1.321062,0.901916,1.221483
H2_256C_quantized_resblocks_range_1_10,237-134493-0004.wav,generated_audios/generated_H2_256C_int8/237-134493-0004_generated.wav,6.825034,1.628823,1.624947,0.238654,0.238086,1.50966,0.913124,1.154797
H2_256C_quantized_resblocks_range_1_10,237-134493-0005.wav,generated_audios/generated_H2_256C_int8/237-134493-0005_generated.wav,10.945034,2.72432,2.720176,0.248909,0.248531,1.43345,0.899556,1.195749
H2_256C_quantized_resblocks_range_1_10,237-134493-0006.wav,generated_audios/generated_H2_256C_int8/237-134493-0006_generated.wav,4.395011,1.046827,1.043271,0.238185,0.237376,1.643875,0.940294,1.101393
H2_256C_quantized_resblocks_range_1_10,237-134493-0007.wav,generated_audios/generated_H2_256C_int8/237-134493-0007_generated.wav,2.035011,0.512466,0.509103,0.251825,0.250172,1.413175,0.863316,1.058464
H2_256C_quantized_resblocks_range_1_10,237-134493-0008.wav,generated_audios/generated_H2_256C_int8/237-134493-0008_generated.wav,2.305034,0.547614,0.544703,0.237573,0.23631,1.347853,0.822212,1.564102
H2_256C_quantized_resblocks_range_1_10,237-134493-0009.wav,generated_audios/generated_H2_256C_int8/237-134493-0009_generated.wav,2.975011,0.893534,0.890421,0.300346,0.2993,1.404447,0.918921,1.342014
H2_256C_quantized_resblocks_range_1_10,237-134493-0010.wav,generated_audios/generated_H2_256C_int8/237-134493-0010_generated.wav,2.875011,0.684242,0.681083,0.237996,0.236898,1.383132,0.862311,1.229242
H2_256C_quantized_resblocks_range_1_10,237-134493-0011.wav,generated_audios/generated_H2_256C_int8/237-134493-0011_generated.wav,5.035011,1.229959,1.226302,0.244281,0.243555,1.470561,0.907753,1.085684
H2_256C_quantized_resblocks_range_1_10,237-134493-0012.wav,generated_audios/generated_H2_256C_int8/237-134493-0012_generated.wav,3.66,0.857731,0.854405,0.234353,0.233444,1.512829,0.922076,1.260649
H2_256C_quantized_resblocks_range_1_10,237-134493-0013.wav,generated_audios/generated_H2_256C_int8/237-134493-0013_generated.wav,4.090023,0.200235,0.19686,0.048957,0.048132,1.534349,0.893504,1.0983
H2_256C_quantized_resblocks_range_1_10,237-134493-0014.wav,generated_audios/generated_H2_256C_int8/237-134493-0014_generated.wav,3.7,0.869701,0.866411,0.235054,0.234165,1.362224,0.91092,1.228744
H2_256C_quantized_resblocks_range_1_10,237-134493-0015.wav,generated_audios/generated_H2_256C_int8/237-134493-0015_generated.wav,6.550023,0.34433,0.340726,0.052569,0.052019,1.381878,0.892502,1.131128
H2_256C_quantized_resblocks_range_1_10,237-134493-0016.wav,generated_audios/generated_H2_256C_int8/237-134493-0016_generated.wav,10.085034,2.518079,2.513767,0.249685,0.249257,1.43929,0.917118,1.086973
H2_256C_quantized_resblocks_range_1_10,237-134493-0017.wav,generated_audios/generated_H2_256C_int8/237-134493-0017_generated.wav,9.105034,2.230279,2.226276,0.24495,0.24451,1.384492,0.902013,1.150684
H2_256C_quantized_resblocks_range_1_10,237-134493-0018.wav,generated_audios/generated_H2_256C_int8/237-134493-0018_generated.wav,4.790023,1.157609,1.15405,0.241671,0.240928,1.50059,0.930382,1.139016
H2_256C_quantized_resblocks_range_1_10,237-134500-0000.wav,generated_audios/generated_H2_256C_int8/237-134500-0000_generated.wav,6.130023,1.486909,1.483335,0.242562,0.241979,1.366157,0.882432,1.435857
H2_256C_quantized_resblocks_range_1_10,237-134500-0001.wav,generated_audios/generated_H2_256C_int8/237-134500-0001_generated.wav,1.810023,0.445103,0.441994,0.24591,0.244193,1.40069,0.85196,1.615564
H2_256C_quantized_resblocks_range_1_10,237-134500-0002.wav,generated_audios/generated_H2_256C_int8/237-134500-0002_generated.wav,5.070023,1.218828,1.215448,0.240399,0.239732,1.377421,0.918122,1.240752
H2_256C_quantized_resblocks_range_1_10,237-134500-0003.wav,generated_audios/generated_H2_256C_int8/237-134500-0003_generated.wav,3.170023,0.161525,0.158094,0.050954,0.049872,1.184345,0.876278,1.385319
H2_256C_quantized_resblocks_range_1_10,237-134500-0004.wav,generated_audios/generated_H2_256C_int8/237-134500-0004_generated.wav,2.225034,0.115983,0.11327,0.052126,0.050907,1.381122,0.91105,1.364378
H2_256C_quantized_resblocks_range_1_10,237-134500-0005.wav,generated_audios/generated_H2_256C_int8/237-134500-0005_generated.wav,2.390023,0.596267,0.593006,0.249482,0.248117,1.339937,0.909575,1.306676
H2_256C_quantized_resblocks_range_1_10,237-134500-0006.wav,generated_audios/generated_H2_256C_int8/237-134500-0006_generated.wav,4.225034,1.002249,0.998893,0.237217,0.236422,1.379356,0.902431,1.26148
H2_256C_quantized_resblocks_range_1_10,237-134500-0007.wav,generated_audios/generated_H2_256C_int8/237-134500-0007_generated.wav,2.390023,0.113813,0.110621,0.04762,0.046285,1.315084,0.877596,1.354933
H2_256C_quantized_resblocks_range_1_10,237-134500-0008.wav,generated_audios/generated_H2_256C_int8/237-134500-0008_generated.wav,3.76,0.166532,0.163262,0.04429,0.043421,1.37394,0.854868,1.517338
H2_256C_quantized_resblocks_range_1_10,237-134500-0009.wav,generated_audios/generated_H2_256C_int8/237-134500-0009_generated.wav,2.22,0.104767,0.101731,0.047192,0.045825,1.28888,0.864052,1.370504
H2_256C_quantized_resblocks_range_1_10,237-134500-0010.wav,generated_audios/generated_H2_256C_int8/237-134500-0010_generated.wav,3.995011,0.969237,0.965857,0.242612,0.241766,1.383862,0.90308,1.208855
H2_256C_quantized_resblocks_range_1_10,237-134500-0011.wav,generated_audios/generated_H2_256C_int8/237-134500-0011_generated.wav,3.350023,0.803323,0.8005,0.239796,0.238954,1.515868,0.88555,1.334733
H2_256C_quantized_resblocks_range_1_10,237-134500-0012.wav,generated_audios/generated_H2_256C_int8/237-134500-0012_generated.wav,10.935011,2.746147,2.742167,0.251133,0.25077,1.279833,0.880988,1.326024
H2_256C_quantized_resblocks_range_1_10,237-134500-0013.wav,generated_audios/generated_H2_256C_int8/237-134500-0013_generated.wav,10.56,0.565573,0.561728,0.053558,0.053194,1.246242,0.903322,1.30399
H2_256C_quantized_resblocks_range_1_10,237-134500-0014.wav,generated_audios/generated_H2_256C_int8/237-134500-0014_generated.wav,4.250023,0.216034,0.21239,0.050831,0.049974,1.27367,0.859713,1.345232
H2_256C_quantized_resblocks_range_1_10,237-134500-0015.wav,generated_audios/generated_H2_256C_int8/237-134500-0015_generated.wav,10.815011,2.699869,2.695646,0.249641,0.24925,1.252104,0.899502,1.322991
H2_256C_quantized_resblocks_range_1_10,237-134500-0016.wav,generated_audios/generated_H2_256C_int8/237-134500-0016_generated.wav,3.16,0.167091,0.163991,0.052877,0.051896,1.213647,0.84141,1.682902
H2_256C_quantized_resblocks_range_1_10,237-134500-0017.wav,generated_audios/generated_H2_256C_int8/237-134500-0017_generated.wav,2.18,0.115131,0.112201,0.052813,0.051468,1.425454,0.909743,1.402831
H2_256C_quantized_resblocks_range_1_10,237-134500-0018.wav,generated_audios/generated_H2_256C_int8/237-134500-0018_generated.wav,12.845034,3.547519,3.5438,0.276178,0.275889,1.252563,0.868988,1.480259
H2_256C_quantized_resblocks_range_1_10,237-134500-0019.wav,generated_audios/generated_H2_256C_int8/237-134500-0019_generated.wav,2.86,0.678458,0.675064,0.237223,0.236036,1.298324,0.855366,1.59697
H2_256C_quantized_resblocks_range_1_10,237-134500-0020.wav,generated_audios/generated_H2_256C_int8/237-134500-0020_generated.wav,2.18,0.10482,0.101957,0.048083,0.046769,1.409207,0.916204,2.087177
H2_256C_quantized_resblocks_range_1_10,237-134500-0021.wav,generated_audios/generated_H2_256C_int8/237-134500-0021_generated.wav,5.12,1.21977,1.216761,0.238236,0.237649,1.302051,0.836896,1.537933
H2_256C_quantized_resblocks_range_1_10,237-134500-0022.wav,generated_audios/generated_H2_256C_int8/237-134500-0022_generated.wav,5.165034,1.230001,1.226671,0.23814,0.237495,1.225434,0.861208,1.439962
H2_256C_quantized_resblocks_range_1_10,237-134500-0023.wav,generated_audios/generated_H2_256C_int8/237-134500-0023_generated.wav,3.06,0.748539,0.745369,0.244621,0.243585,1.274367,0.873263,1.468723
H2_256C_quantized_resblocks_range_1_10,237-134500-0024.wav,generated_audios/generated_H2_256C_int8/237-134500-0024_generated.wav,4.410023,0.219352,0.215879,0.049739,0.048952,1.324969,0.871357,1.53481
H2_256C_quantized_resblocks_range_1_10,237-134500-0025.wav,generated_audios/generated_H2_256C_int8/237-134500-0025_generated.wav,1.630023,0.402384,0.399376,0.246858,0.245012,1.23152,0.85855,2.080861
H2_256C_quantized_resblocks_range_1_10,237-134500-0026.wav,generated_audios/generated_H2_256C_int8/237-134500-0026_generated.wav,3.050023,0.739993,0.736679,0.242619,0.241532,1.310047,0.87764,1.543461
H2_256C_quantized_resblocks_range_1_10,237-134500-0027.wav,generated_audios/generated_H2_256C_int8/237-134500-0027_generated.wav,3.270023,0.791033,0.787631,0.241904,0.240864,1.244302,0.836191,1.499463
H2_256C_quantized_resblocks_range_1_10,237-134500-0028.wav,generated_audios/generated_H2_256C_int8/237-134500-0028_generated.wav,4.524943,1.101835,1.098686,0.243502,0.242807,1.335636,0.859196,1.614254
H2_256C_quantized_resblocks_range_1_10,237-134500-0029.wav,generated_audios/generated_H2_256C_int8/237-134500-0029_generated.wav,2.065034,0.492092,0.489159,0.238297,0.236877,1.20991,0.904418,1.334153
H2_256C_quantized_resblocks_range_1_10,237-134500-0030.wav,generated_audios/generated_H2_256C_int8/237-134500-0030_generated.wav,2.78,0.677996,0.675338,0.243884,0.242927,1.379809,0.904895,1.529057
H2_256C_quantized_resblocks_range_1_10,237-134500-0031.wav,generated_audios/generated_H2_256C_int8/237-134500-0031_generated.wav,10.610023,2.684621,2.680587,0.253027,0.252647,1.373465,0.892918,1.404015
H2_256C_quantized_resblocks_range_1_10,237-134500-0032.wav,generated_audios/generated_H2_256C_int8/237-134500-0032_generated.wav,5.025034,0.260927,0.257405,0.051925,0.051225,1.196434,0.891284,1.538735
H2_256C_quantized_resblocks_range_1_10,237-134500-0033.wav,generated_audios/generated_H2_256C_int8/237-134500-0033_generated.wav,6.350023,1.51333,1.509735,0.238319,0.237753,1.274761,0.833634,1.614002
H2_256C_quantized_resblocks_range_1_10,237-134500-0034.wav,generated_audios/generated_H2_256C_int8/237-134500-0034_generated.wav,3.075011,0.729931,0.727132,0.237375,0.236465,1.220774,0.797478,1.969255
H2_256C_quantized_resblocks_range_1_10,237-134500-0035.wav,generated_audios/generated_H2_256C_int8/237-134500-0035_generated.wav,2.555011,0.632904,0.629802,0.247711,0.246497,1.194719,0.869752,1.699546
H2_256C_quantized_resblocks_range_1_10,237-134500-0036.wav,generated_audios/generated_H2_256C_int8/237-134500-0036_generated.wav,6.6,1.618564,1.61505,0.245237,0.244705,1.234525,0.85725,1.640479
H2_256C_quantized_resblocks_range_1_10,237-134500-0037.wav,generated_audios/generated_H2_256C_int8/237-134500-0037_generated.wav,7.105034,1.754414,1.751017,0.246925,0.246447,1.307057,0.859209,1.442583
H2_256C_quantized_resblocks_range_1_10,237-134500-0038.wav,generated_audios/generated_H2_256C_int8/237-134500-0038_generated.wav,2.435011,0.604715,0.601648,0.248342,0.247082,1.264711,0.865082,1.386505
H2_256C_quantized_resblocks_range_1_10,237-134500-0039.wav,generated_audios/generated_H2_256C_int8/237-134500-0039_generated.wav,4.630023,1.135599,1.132577,0.245269,0.244616,1.234595,0.842477,1.510984
H2_256C_quantized_resblocks_range_1_10,237-134500-0040.wav,generated_audios/generated_H2_256C_int8/237-134500-0040_generated.wav,4.030023,0.206949,0.203491,0.051352,0.050494,1.28485,0.884441,1.484338
H2_256C_quantized_resblocks_range_1_10,237-134500-0041.wav,generated_audios/generated_H2_256C_int8/237-134500-0041_generated.wav,8.92,0.568674,0.564634,0.063753,0.0633,1.297039,0.896376,1.694375
H2_256C_quantized_resblocks_range_1_10,237-134500-0042.wav,generated_audios/generated_H2_256C_int8/237-134500-0042_generated.wav,2.575011,0.629893,0.626894,0.244617,0.243453,1.333598,0.829829,1.713703
H2_256C_quantized_resblocks_range_1_10,260-123286-0000.wav,generated_audios/generated_H2_256C_int8/260-123286-0000_generated.wav,7.04,1.709765,1.706662,0.242864,0.242424,1.193464,0.842846,2.035242
H2_256C_quantized_resblocks_range_1_10,260-123286-0001.wav,generated_audios/generated_H2_256C_int8/260-123286-0001_generated.wav,3.070023,0.147163,0.144203,0.047935,0.046971,1.105273,0.798816,1.763877
H2_256C_quantized_resblocks_range_1_10,260-123286-0002.wav,generated_audios/generated_H2_256C_int8/260-123286-0002_generated.wav,9.985034,2.509372,2.505067,0.251313,0.250882,1.116836,0.849633,1.416731
H2_256C_quantized_resblocks_range_1_10,260-123286-0003.wav,generated_audios/generated_H2_256C_int8/260-123286-0003_generated.wav,7.370023,1.827401,1.823195,0.24795,0.24738,1.12404,0.781276,1.699935
H2_256C_quantized_resblocks_range_1_10,260-123286-0004.wav,generated_audios/generated_H2_256C_int8/260-123286-0004_generated.wav,3.465034,0.859071,0.855684,0.247926,0.246948,1.097529,0.839809,1.978281
H2_256C_quantized_resblocks_range_1_10,260-123286-0005.wav,generated_audios/generated_H2_256C_int8/260-123286-0005_generated.wav,4.810023,1.139243,1.135678,0.236848,0.236107,1.09423,0.791796,1.746926
H2_256C_quantized_resblocks_range_1_10,260-123286-0006.wav,generated_audios/generated_H2_256C_int8/260-123286-0006_generated.wav,7.405034,1.872647,1.869154,0.252888,0.252417,1.171517,0.864576,1.419723
H2_256C_quantized_resblocks_range_1_10,260-123286-0007.wav,generated_audios/generated_H2_256C_int8/260-123286-0007_generated.wav,4.550023,1.107242,1.103807,0.243349,0.242594,1.107317,0.835328,1.671579
H2_256C_quantized_resblocks_range_1_10,260-123286-0008.wav,generated_audios/generated_H2_256C_int8/260-123286-0008_generated.wav,3.735011,0.887384,0.883754,0.237585,0.236614,1.147887,0.842867,1.705365
H2_256C_quantized_resblocks_range_1_10,260-123286-0009.wav,generated_audios/generated_H2_256C_int8/260-123286-0009_generated.wav,5.795011,1.413482,1.409855,0.243914,0.243288,1.102069,0.813262,1.404329
H2_256C_quantized_resblocks_range_1_10,260-123286-0010.wav,generated_audios/generated_H2_256C_int8/260-123286-0010_generated.wav,2.575011,0.124516,0.121232,0.048356,0.04708,1.154387,0.847815,1.91094
H2_256C_quantized_resblocks_range_1_10,260-123286-0011.wav,generated_audios/generated_H2_256C_int8/260-123286-0011_generated.wav,4.255011,0.215531,0.212158,0.050653,0.049861,1.148198,0.808366,1.90096
H2_256C_quantized_resblocks_range_1_10,260-123286-0012.wav,generated_audios/generated_H2_256C_int8/260-123286-0012_generated.wav,2.430023,0.112179,0.108942,0.046164,0.044832,1.129482,0.829023,1.809914
H2_256C_quantized_resblocks_range_1_10,260-123286-0013.wav,generated_audios/generated_H2_256C_int8/260-123286-0013_generated.wav,4.730023,1.143715,1.140489,0.241799,0.241117,1.199936,0.858592,1.435449
H2_256C_quantized_resblocks_range_1_10,260-123286-0014.wav,generated_audios/generated_H2_256C_int8/260-123286-0014_generated.wav,2.98,0.211797,0.208987,0.071073,0.07013,1.098609,0.794886,1.310795
H2_256C_quantized_resblocks_range_1_10,260-123286-0015.wav,generated_audios/generated_H2_256C_int8/260-123286-0015_generated.wav,5.210023,1.282678,1.280403,0.246194,0.245758,1.207201,0.861684,1.923423
H2_256C_quantized_resblocks_range_1_10,260-123286-0016.wav,generated_audios/generated_H2_256C_int8/260-123286-0016_generated.wav,7.0,1.735117,1.731372,0.247874,0.247339,1.119091,0.844982,1.463658
H2_256C_quantized_resblocks_range_1_10,260-123286-0017.wav,generated_audios/generated_H2_256C_int8/260-123286-0017_generated.wav,3.975011,0.95491,0.951581,0.240228,0.239391,1.170954,0.865291,1.364951
H2_256C_quantized_resblocks_range_1_10,260-123286-0018.wav,generated_audios/generated_H2_256C_int8/260-123286-0018_generated.wav,5.670023,1.39665,1.393524,0.246322,0.24577,1.142058,0.809157,1.582994
H2_256C_quantized_resblocks_range_1_10,260-123286-0019.wav,generated_audios/generated_H2_256C_int8/260-123286-0019_generated.wav,11.905034,3.356144,3.352268,0.28191,0.281584,1.14198,0.84104,1.514922
H2_256C_quantized_resblocks_range_1_10,260-123286-0020.wav,generated_audios/generated_H2_256C_int8/260-123286-0020_generated.wav,3.06,0.156789,0.153378,0.051238,0.050124,1.135748,0.831911,1.544759
H2_256C_quantized_resblocks_range_1_10,260-123286-0021.wav,generated_audios/generated_H2_256C_int8/260-123286-0021_generated.wav,2.550023,0.617801,0.614697,0.242273,0.241056,1.177744,0.878606,2.01962
H2_256C_quantized_resblocks_range_1_10,260-123286-0022.wav,generated_audios/generated_H2_256C_int8/260-123286-0022_generated.wav,3.235011,0.80627,0.804313,0.249233,0.248628,1.108838,0.864741,1.263368
H2_256C_quantized_resblocks_range_1_10,260-123286-0023.wav,generated_audios/generated_H2_256C_int8/260-123286-0023_generated.wav,5.875011,1.474798,1.471102,0.251029,0.2504,1.132373,0.839825,1.532692
H2_256C_quantized_resblocks_range_1_10,260-123286-0024.wav,generated_audios/generated_H2_256C_int8/260-123286-0024_generated.wav,3.04,0.738307,0.735176,0.242864,0.241834,1.261241,0.895511,1.609329
H2_256C_quantized_resblocks_range_1_10,260-123286-0025.wav,generated_audios/generated_H2_256C_int8/260-123286-0025_generated.wav,9.205034,2.334925,2.330837,0.253657,0.253213,1.166785,0.84892,1.647186
H2_256C_quantized_resblocks_range_1_10,260-123286-0026.wav,generated_audios/generated_H2_256C_int8/260-123286-0026_generated.wav,6.94,1.720088,1.716296,0.247851,0.247305,1.108247,0.830813,1.575622
H2_256C_quantized_resblocks_range_1_10,260-123286-0027.wav,generated_audios/generated_H2_256C_int8/260-123286-0027_generated.wav,7.170023,1.763552,1.759763,0.245962,0.245433,1.163399,0.824106,1.377513
H2_256C_quantized_resblocks_range_1_10,260-123286-0028.wav,generated_audios/generated_H2_256C_int8/260-123286-0028_generated.wav,7.465034,1.837538,1.833723,0.246153,0.245642,1.128838,0.801675,1.439697
H2_256C_quantized_resblocks_range_1_10,260-123286-0029.wav,generated_audios/generated_H2_256C_int8/260-123286-0029_generated.wav,4.545034,0.208613,0.204967,0.045899,0.045097,1.11844,0.839771,1.429206
H2_256C_quantized_resblocks_range_1_10,260-123286-0030.wav,generated_audios/generated_H2_256C_int8/260-123286-0030_generated.wav,7.530023,0.380034,0.376487,0.050469,0.049998,1.116595,0.807866,1.721466
H2_256C_quantized_resblocks_range_1_10,260-123286-0031.wav,generated_audios/generated_H2_256C_int8/260-123286-0031_generated.wav,5.06,1.238426,1.23485,0.244748,0.244042,1.152252,0.845846,1.28581
H2_256C_quantized_resblocks_range_1_10,260-123288-0000.wav,generated_audios/generated_H2_256C_int8/260-123288-0000_generated.wav,3.04,0.144958,0.141789,0.047684,0.046641,1.160199,0.771422,1.910607
H2_256C_quantized_resblocks_range_1_10,260-123288-0001.wav,generated_audios/generated_H2_256C_int8/260-123288-0001_generated.wav,5.08,0.249284,0.245798,0.049072,0.048385,1.105707,0.805284,2.069092
H2_256C_quantized_resblocks_range_1_10,260-123288-0002.wav,generated_audios/generated_H2_256C_int8/260-123288-0002_generated.wav,7.250023,1.82868,1.824924,0.252231,0.251713,1.117564,0.830451,1.64693
H2_256C_quantized_resblocks_range_1_10,260-123288-0003.wav,generated_audios/generated_H2_256C_int8/260-123288-0003_generated.wav,8.905034,2.361464,2.357412,0.265183,0.264728,1.112081,0.845869,1.496448
H2_256C_quantized_resblocks_range_1_10,260-123288-0004.wav,generated_audios/generated_H2_256C_int8/260-123288-0004_generated.wav,4.310023,1.082899,1.079421,0.251251,0.250444,1.098531,0.785491,1.973713
H2_256C_quantized_resblocks_range_1_10,260-123288-0005.wav,generated_audios/generated_H2_256C_int8/260-123288-0005_generated.wav,12.550023,3.555742,3.551561,0.283326,0.282992,1.09837,0.807116,1.602782
H2_256C_quantized_resblocks_range_1_10,260-123288-0006.wav,generated_audios/generated_H2_256C_int8/260-123288-0006_generated.wav,4.88,1.218721,1.214855,0.249738,0.248946,1.082583,0.819209,1.359757
H2_256C_quantized_resblocks_range_1_10,260-123288-0007.wav,generated_audios/generated_H2_256C_int8/260-123288-0007_generated.wav,11.2,2.967804,2.963916,0.264983,0.264635,1.12114,0.83143,1.650434
H2_256C_quantized_resblocks_range_1_10,260-123288-0008.wav,generated_audios/generated_H2_256C_int8/260-123288-0008_generated.wav,5.515011,1.415784,1.41223,0.256715,0.25607,1.18419,0.848972,1.515015
H2_256C_quantized_resblocks_range_1_10,260-123288-0009.wav,generated_audios/generated_H2_256C_int8/260-123288-0009_generated.wav,3.435011,0.86103,0.85766,0.250663,0.249682,1.192205,0.85133,1.736773
H2_256C_quantized_resblocks_range_1_10,260-123288-0010.wav,generated_audios/generated_H2_256C_int8/260-123288-0010_generated.wav,9.995011,0.569337,0.565689,0.056962,0.056597,1.123283,0.829362,1.352277
H2_256C_quantized_resblocks_range_1_10,260-123288-0011.wav,generated_audios/generated_H2_256C_int8/260-123288-0011_generated.wav,8.98,2.351127,2.347025,0.261818,0.261361,1.130277,0.811791,1.392037
H2_256C_quantized_resblocks_range_1_10,260-123288-0012.wav,generated_audios/generated_H2_256C_int8/260-123288-0012_generated.wav,3.545034,0.909741,0.906414,0.256624,0.255686,1.290285,0.850329,1.87175
H2_256C_quantized_resblocks_range_1_10,260-123288-0013.wav,generated_audios/generated_H2_256C_int8/260-123288-0013_generated.wav,11.385079,3.004649,3.000709,0.263911,0.263565,1.123304,0.831972,1.464224
H2_256C_quantized_resblocks_range_1_10,260-123288-0014.wav,generated_audios/generated_H2_256C_int8/260-123288-0014_generated.wav,1.805034,0.10033,0.097193,0.055583,0.053845,1.246427,0.885881,1.638851
H2_256C_quantized_resblocks_range_1_10,260-123288-0015.wav,generated_audios/generated_H2_256C_int8/260-123288-0015_generated.wav,21.185034,6.074676,6.069701,0.286744,0.286509,1.104945,0.80978,1.573334
H2_256C_quantized_resblocks_range_1_10,260-123288-0016.wav,generated_audios/generated_H2_256C_int8/260-123288-0016_generated.wav,4.865034,1.258871,1.254758,0.258759,0.257914,1.104249,0.776069,1.962483
H2_256C_quantized_resblocks_range_1_10,260-123288-0017.wav,generated_audios/generated_H2_256C_int8/260-123288-0017_generated.wav,5.225034,1.343245,1.339761,0.257079,0.256412,1.12104,0.856582,1.74836
H2_256C_quantized_resblocks_range_1_10,260-123288-0018.wav,generated_audios/generated_H2_256C_int8/260-123288-0018_generated.wav,3.245034,0.818928,0.815567,0.252363,0.251328,1.199201,0.849681,1.552003
H2_256C_quantized_resblocks_range_1_10,260-123288-0019.wav,generated_audios/generated_H2_256C_int8/260-123288-0019_generated.wav,2.955011,0.150658,0.147413,0.050984,0.049886,1.120308,0.840621,1.283557
H2_256C_quantized_resblocks_range_1_10,260-123288-0020.wav,generated_audios/generated_H2_256C_int8/260-123288-0020_generated.wav,2.9,0.739238,0.735943,0.25491,0.253774,1.130515,0.852906,1.159468
H2_256C_quantized_resblocks_range_1_10,260-123288-0021.wav,generated_audios/generated_H2_256C_int8/260-123288-0021_generated.wav,2.710023,0.138186,0.134899,0.050991,0.049778,1.165623,0.824818,1.694987
H2_256C_quantized_resblocks_range_1_10,260-123288-0022.wav,generated_audios/generated_H2_256C_int8/260-123288-0022_generated.wav,3.705034,0.979322,0.97596,0.264322,0.263415,1.109717,0.82735,1.853023
H2_256C_quantized_resblocks_range_1_10,260-123288-0023.wav,generated_audios/generated_H2_256C_int8/260-123288-0023_generated.wav,2.385034,0.127333,0.124328,0.053388,0.052129,1.11108,0.73444,1.693318
H2_256C_quantized_resblocks_range_1_10,260-123288-0024.wav,generated_audios/generated_H2_256C_int8/260-123288-0024_generated.wav,14.595011,4.198546,4.193533,0.28767,0.287326,1.134565,0.83045,1.56975
H2_256C_quantized_resblocks_range_1_10,260-123288-0025.wav,generated_audios/generated_H2_256C_int8/260-123288-0025_generated.wav,13.445034,3.87133,3.866888,0.287938,0.287607,1.152219,0.829894,1.576372
H2_256C_quantized_resblocks_range_1_10,260-123288-0026.wav,generated_audios/generated_H2_256C_int8/260-123288-0026_generated.wav,16.04,4.62395,4.618623,0.288276,0.287944,1.132338,0.839362,1.654853
H2_256C_quantized_resblocks_range_1_10,260-123288-0027.wav,generated_audios/generated_H2_256C_int8/260-123288-0027_generated.wav,6.305034,1.630255,1.626492,0.258564,0.257967,1.175534,0.854667,1.767366
H2_256C_quantized_resblocks_range_1_10,260-123288-0028.wav,generated_audios/generated_H2_256C_int8/260-123288-0028_generated.wav,2.610023,0.686486,0.682652,0.263019,0.26155,1.20911,0.896197,1.58819
H2_256C_quantized_resblocks_range_1_10,260-123440-0000.wav,generated_audios/generated_H2_256C_int8/260-123440-0000_generated.wav,2.165034,0.553956,0.55075,0.255865,0.254384,1.091195,0.809579,1.910598
H2_256C_quantized_resblocks_range_1_10,260-123440-0001.wav,generated_audios/generated_H2_256C_int8/260-123440-0001_generated.wav,1.74,0.467328,0.464271,0.26858,0.266823,1.136065,0.856469,1.569486
H2_256C_quantized_resblocks_range_1_10,260-123440-0002.wav,generated_audios/generated_H2_256C_int8/260-123440-0002_generated.wav,14.715011,4.265141,4.261232,0.28985,0.289584,1.130138,0.831419,1.765878
H2_256C_quantized_resblocks_range_1_10,260-123440-0003.wav,generated_audios/generated_H2_256C_int8/260-123440-0003_generated.wav,3.585034,0.941713,0.938757,0.262679,0.261854,1.152449,0.862211,1.678496
H2_256C_quantized_resblocks_range_1_10,260-123440-0004.wav,generated_audios/generated_H2_256C_int8/260-123440-0004_generated.wav,12.02,3.493854,3.489709,0.29067,0.290325,1.126342,0.844665,1.537765
H2_256C_quantized_resblocks_range_1_10,260-123440-0005.wav,generated_audios/generated_H2_256C_int8/260-123440-0005_generated.wav,3.105034,0.161792,0.158659,0.052106,0.051097,1.114672,0.838043,1.600928
H2_256C_quantized_resblocks_range_1_10,260-123440-0006.wav,generated_audios/generated_H2_256C_int8/260-123440-0006_generated.wav,2.715011,0.123274,0.120006,0.045405,0.044201,1.138999,0.828184,1.586899
H2_256C_quantized_resblocks_range_1_10,260-123440-0007.wav,generated_audios/generated_H2_256C_int8/260-123440-0007_generated.wav,3.385034,0.862185,0.85886,0.254705,0.253723,1.136511,0.820143,1.609621
H2_256C_quantized_resblocks_range_1_10,260-123440-0008.wav,generated_audios/generated_H2_256C_int8/260-123440-0008_generated.wav,3.745034,0.985195,0.981911,0.263067,0.26219,1.11409,0.829607,1.548355
H2_256C_quantized_resblocks_range_1_10,260-123440-0009.wav,generated_audios/generated_H2_256C_int8/260-123440-0009_generated.wav,3.115011,0.816998,0.813747,0.262278,0.261234,1.165295,0.884297,1.271034
H2_256C_quantized_resblocks_range_1_10,260-123440-0010.wav,generated_audios/generated_H2_256C_int8/260-123440-0010_generated.wav,8.315011,2.254367,2.250642,0.27112,0.270672,1.154414,0.812026,1.397218
H2_256C_quantized_resblocks_range_1_10,260-123440-0011.wav,generated_audios/generated_H2_256C_int8/260-123440-0011_generated.wav,4.870023,0.22723,0.223945,0.046659,0.045984,1.177186,0.861496,1.597801
H2_256C_quantized_resblocks_range_1_10,260-123440-0012.wav,generated_audios/generated_H2_256C_int8/260-123440-0012_generated.wav,5.245034,1.374588,1.37089,0.262074,0.261369,1.154942,0.854388,1.356538
H2_256C_quantized_resblocks_range_1_10,260-123440-0013.wav,generated_audios/generated_H2_256C_int8/260-123440-0013_generated.wav,3.475011,0.910107,0.906655,0.2619,0.260907,1.175704,0.844061,1.659715
H2_256C_quantized_resblocks_range_1_10,260-123440-0014.wav,generated_audios/generated_H2_256C_int8/260-123440-0014_generated.wav,3.815011,0.998163,0.994915,0.261641,0.260789,1.219266,0.872388,1.869492
H2_256C_quantized_resblocks_range_1_10,260-123440-0015.wav,generated_audios/generated_H2_256C_int8/260-123440-0015_generated.wav,6.2,0.328473,0.324904,0.05298,0.052404,1.178475,0.865849,1.381706
H2_256C_quantized_resblocks_range_1_10,260-123440-0016.wav,generated_audios/generated_H2_256C_int8/260-123440-0016_generated.wav,4.895011,1.295958,1.292048,0.264751,0.263952,1.177711,0.896034,1.412767
H2_256C_quantized_resblocks_range_1_10,260-123440-0017.wav,generated_audios/generated_H2_256C_int8/260-123440-0017_generated.wav,3.070023,0.162145,0.158877,0.052816,0.051751,1.117784,0.812859,1.666704
H2_256C_quantized_resblocks_range_1_10,260-123440-0018.wav,generated_audios/generated_H2_256C_int8/260-123440-0018_generated.wav,3.64,0.958871,0.955415,0.263426,0.262477,1.193885,0.878824,1.752983
H2_256C_quantized_resblocks_range_1_10,260-123440-0019.wav,generated_audios/generated_H2_256C_int8/260-123440-0019_generated.wav,6.630023,1.737594,1.734215,0.26208,0.26157,1.130861,0.829894,1.493692
H2_256C_quantized_resblocks_range_1_10,260-123440-0020.wav,generated_audios/generated_H2_256C_int8/260-123440-0020_generated.wav,4.995011,1.317841,1.314246,0.263831,0.263112,1.142159,0.830556,1.827337
H2_256C_quantized_resblocks_range_1_10,61-70968-0000.wav,generated_audios/generated_H2_256C_int8/61-70968-0000_generated.wav,4.905034,1.307477,1.30387,0.266558,0.265823,1.111201,0.822285,1.269274
H2_256C_quantized_resblocks_range_1_10,61-70968-0001.wav,generated_audios/generated_H2_256C_int8/61-70968-0001_generated.wav,3.610023,0.946862,0.943519,0.262287,0.261361,1.14346,0.808127,1.244416
H2_256C_quantized_resblocks_range_1_10,61-70968-0002.wav,generated_audios/generated_H2_256C_int8/61-70968-0002_generated.wav,2.970023,0.764048,0.760733,0.257253,0.256137,1.155218,0.783433,1.30748
H2_256C_quantized_resblocks_range_1_10,61-70968-0003.wav,generated_audios/generated_H2_256C_int8/61-70968-0003_generated.wav,4.315011,0.216311,0.212757,0.05013,0.049306,1.206805,0.818919,1.264628
H2_256C_quantized_resblocks_range_1_10,61-70968-0004.wav,generated_audios/generated_H2_256C_int8/61-70968-0004_generated.wav,3.885034,1.031091,1.027623,0.265401,0.264508,1.213754,0.828379,1.264302
H2_256C_quantized_resblocks_range_1_10,61-70968-0005.wav,generated_audios/generated_H2_256C_int8/61-70968-0005_generated.wav,5.070023,0.269493,0.266491,0.053154,0.052562,1.119301,0.743915,1.372652
H2_256C_quantized_resblocks_range_1_10,61-70968-0006.wav,generated_audios/generated_H2_256C_int8/61-70968-0006_generated.wav,2.935011,0.755208,0.751866,0.25731,0.256172,1.191626,0.819796,1.328025
H2_256C_quantized_resblocks_range_1_10,61-70968-0007.wav,generated_audios/generated_H2_256C_int8/61-70968-0007_generated.wav,3.550023,0.178738,0.175622,0.050349,0.049471,1.094613,0.690357,1.31225
H2_256C_quantized_resblocks_range_1_10,61-70968-0008.wav,generated_audios/generated_H2_256C_int8/61-70968-0008_generated.wav,3.535011,0.185176,0.18193,0.052383,0.051465,1.116969,0.790569,1.203614
H2_256C_quantized_resblocks_range_1_10,61-70968-0009.wav,generated_audios/generated_H2_256C_int8/61-70968-0009_generated.wav,4.510023,1.185312,1.182045,0.262817,0.262093,1.140216,0.704088,1.444571
H2_256C_quantized_resblocks_range_1_10,61-70968-0010.wav,generated_audios/generated_H2_256C_int8/61-70968-0010_generated.wav,8.295011,2.239343,2.235491,0.269963,0.269498,1.146221,0.780042,1.299608
H2_256C_quantized_resblocks_range_1_10,61-70968-0011.wav,generated_audios/generated_H2_256C_int8/61-70968-0011_generated.wav,6.375011,1.666567,1.662938,0.261422,0.260853,1.174184,0.814594,1.21935
H2_256C_quantized_resblocks_range_1_10,61-70968-0012.wav,generated_audios/generated_H2_256C_int8/61-70968-0012_generated.wav,2.610023,0.144857,0.14157,0.0555,0.054241,1.265129,0.914307,1.051265
H2_256C_quantized_resblocks_range_1_10,61-70968-0013.wav,generated_audios/generated_H2_256C_int8/61-70968-0013_generated.wav,4.450023,0.223916,0.22053,0.050318,0.049557,1.192044,0.801129,1.277154
H2_256C_quantized_resblocks_range_1_10,61-70968-0014.wav,generated_audios/generated_H2_256C_int8/61-70968-0014_generated.wav,7.485034,1.982052,1.978109,0.264802,0.264275,1.182067,0.813891,1.284544
H2_256C_quantized_resblocks_range_1_10,61-70968-0015.wav,generated_audios/generated_H2_256C_int8/61-70968-0015_generated.wav,5.375011,1.388169,1.384321,0.258263,0.257548,1.202726,0.846073,1.203454
H2_256C_quantized_resblocks_range_1_10,61-70968-0016.wav,generated_audios/generated_H2_256C_int8/61-70968-0016_generated.wav,3.72,0.999842,0.996453,0.268775,0.267864,1.226276,0.876592,1.107549
H2_256C_quantized_resblocks_range_1_10,61-70968-0017.wav,generated_audios/generated_H2_256C_int8/61-70968-0017_generated.wav,5.110023,1.360928,1.357297,0.266325,0.265615,1.167935,0.837953,1.147028
H2_256C_quantized_resblocks_range_1_10,61-70968-0018.wav,generated_audios/generated_H2_256C_int8/61-70968-0018_generated.wav,2.405034,0.620961,0.617741,0.258192,0.256853,1.166608,0.844658,1.340381
H2_256C_quantized_resblocks_range_1_10,61-70968-0019.wav,generated_audios/generated_H2_256C_int8/61-70968-0019_generated.wav,5.475011,1.424048,1.420796,0.2601,0.259505,1.155437,0.819313,1.281937
H2_256C_quantized_resblocks_range_1_10,61-70968-0020.wav,generated_audios/generated_H2_256C_int8/61-70968-0020_generated.wav,5.105034,1.353039,1.34951,0.26504,0.264349,1.314314,0.831988,1.022661
H2_256C_quantized_resblocks_range_1_10,61-70968-0021.wav,generated_audios/generated_H2_256C_int8/61-70968-0021_generated.wav,2.690023,0.698946,0.695716,0.259829,0.258628,1.246282,0.796045,1.265356
H2_256C_quantized_resblocks_range_1_10,61-70968-0022.wav,generated_audios/generated_H2_256C_int8/61-70968-0022_generated.wav,4.670023,0.241155,0.238184,0.051639,0.051003,1.127534,0.747283,1.341072
H2_256C_quantized_resblocks_range_1_10,61-70968-0023.wav,generated_audios/generated_H2_256C_int8/61-70968-0023_generated.wav,5.025034,0.265776,0.262801,0.05289,0.052298,1.342168,0.867051,1.111271
H2_256C_quantized_resblocks_range_1_10,61-70968-0024.wav,generated_audios/generated_H2_256C_int8/61-70968-0024_generated.wav,6.025034,1.606864,1.603243,0.266698,0.266097,1.237856,0.825774,1.098855
H2_256C_quantized_resblocks_range_1_10,61-70968-0025.wav,generated_audios/generated_H2_256C_int8/61-70968-0025_generated.wav,4.410023,0.228878,0.225225,0.0519,0.051071,1.24989,0.838056,1.144409
H2_256C_quantized_resblocks_range_1_10,61-70968-0026.wav,generated_audios/generated_H2_256C_int8/61-70968-0026_generated.wav,4.92,1.268292,1.265943,0.257783,0.257305,1.231308,0.861487,1.165353
H2_256C_quantized_resblocks_range_1_10,61-70968-0027.wav,generated_audios/generated_H2_256C_int8/61-70968-0027_generated.wav,6.870023,1.823664,1.819546,0.265452,0.264853,1.222655,0.826264,1.178446
H2_256C_quantized_resblocks_range_1_10,61-70968-0028.wav,generated_audios/generated_H2_256C_int8/61-70968-0028_generated.wav,5.355011,1.402809,1.39992,0.261962,0.261422,1.219217,0.841432,1.192437
H2_256C_quantized_resblocks_range_1_10,61-70968-0029.wav,generated_audios/generated_H2_256C_int8/61-70968-0029_generated.wav,3.495011,0.942678,0.939414,0.269721,0.268787,1.229781,0.830388,1.18456
H2_256C_quantized_resblocks_range_1_10,61-70968-0030.wav,generated_audios/generated_H2_256C_int8/61-70968-0030_generated.wav,5.685034,1.506867,1.50374,0.265059,0.264508,1.193782,0.856678,1.109862
H2_256C_quantized_resblocks_range_1_10,61-70968-0031.wav,generated_audios/generated_H2_256C_int8/61-70968-0031_generated.wav,2.925034,0.778633,0.775436,0.266196,0.265103,1.097615,0.761195,1.258576
H2_256C_quantized_resblocks_range_1_10,61-70968-0032.wav,generated_audios/generated_H2_256C_int8/61-70968-0032_generated.wav,4.28,0.223273,0.221209,0.052167,0.051684,1.269696,0.802855,1.218846
H2_256C_quantized_resblocks_range_1_10,61-70968-0033.wav,generated_audios/generated_H2_256C_int8/61-70968-0033_generated.wav,5.685034,0.271178,0.267691,0.0477,0.047087,1.222111,0.869169,1.19675
H2_256C_quantized_resblocks_range_1_10,61-70968-0034.wav,generated_audios/generated_H2_256C_int8/61-70968-0034_generated.wav,4.230023,1.137528,1.134323,0.268918,0.26816,1.337628,0.870927,1.050273
H2_256C_quantized_resblocks_range_1_10,61-70968-0035.wav,generated_audios/generated_H2_256C_int8/61-70968-0035_generated.wav,7.950023,2.164013,2.160846,0.272202,0.271804,1.177522,0.828453,1.145926
H2_256C_quantized_resblocks_range_1_10,61-70968-0036.wav,generated_audios/generated_H2_256C_int8/61-70968-0036_generated.wav,2.934966,0.140151,0.13709,0.047752,0.046709,1.284924,0.870684,1.189206
H2_256C_quantized_resblocks_range_1_10,61-70968-0037.wav,generated_audios/generated_H2_256C_int8/61-70968-0037_generated.wav,4.315011,0.199245,0.195942,0.046175,0.045409,1.116045,0.763461,1.387291
H2_256C_quantized_resblocks_range_1_10,61-70968-0038.wav,generated_audios/generated_H2_256C_int8/61-70968-0038_generated.wav,2.050023,0.571026,0.568455,0.278546,0.277292,1.244473,0.669861,1.71588
H2_256C_quantized_resblocks_range_1_10,61-70968-0039.wav,generated_audios/generated_H2_256C_int8/61-70968-0039_generated.wav,3.805034,0.992753,0.989311,0.260905,0.260001,1.183452,0.795748,1.460729
H2_256C_quantized_resblocks_range_1_10,61-70968-0040.wav,generated_audios/generated_H2_256C_int8/61-70968-0040_generated.wav,3.950023,1.062596,1.059474,0.26901,0.26822,1.141892,0.823633,1.265486
H2_256C_quantized_resblocks_range_1_10,61-70968-0041.wav,generated_audios/generated_H2_256C_int8/61-70968-0041_generated.wav,6.825034,0.350243,0.346694,0.051317,0.050797,1.210502,0.795788,1.322171
H2_256C_quantized_resblocks_range_1_10,61-70968-0042.wav,generated_audios/generated_H2_256C_int8/61-70968-0042_generated.wav,2.785034,0.141303,0.138041,0.050736,0.049565,1.157665,0.816814,1.225837
H2_256C_quantized_resblocks_range_1_10,61-70968-0043.wav,generated_audios/generated_H2_256C_int8/61-70968-0043_generated.wav,6.735011,1.8221,1.818706,0.270541,0.270038,1.17876,0.763163,1.255433
H2_256C_quantized_resblocks_range_1_10,61-70968-0044.wav,generated_audios/generated_H2_256C_int8/61-70968-0044_generated.wav,2.770023,0.146713,0.143686,0.052964,0.051872,1.160985,0.797963,1.382431
H2_256C_quantized_resblocks_range_1_10,61-70968-0045.wav,generated_audios/generated_H2_256C_int8/61-70968-0045_generated.wav,3.475011,0.179464,0.177409,0.051644,0.051053,1.15031,0.76901,1.364651
H2_256C_quantized_resblocks_range_1_10,61-70968-0046.wav,generated_audios/generated_H2_256C_int8/61-70968-0046_generated.wav,3.550023,0.184115,0.180798,0.051863,0.050929,1.160451,0.793515,1.294265
H2_256C_quantized_resblocks_range_1_10,61-70968-0047.wav,generated_audios/generated_H2_256C_int8/61-70968-0047_generated.wav,4.775011,1.25694,1.25346,0.263233,0.262504,1.18472,0.840425,1.190131
H2_256C_quantized_resblocks_range_1_10,61-70968-0048.wav,generated_audios/generated_H2_256C_int8/61-70968-0048_generated.wav,3.02,0.812319,0.80907,0.26898,0.267904,1.13073,0.753699,1.487632
H2_256C_quantized_resblocks_range_1_10,61-70968-0049.wav,generated_audios/generated_H2_256C_int8/61-70968-0049_generated.wav,8.250023,2.29624,2.292581,0.278331,0.277888,1.154579,0.781001,1.29555
H2_256C_quantized_resblocks_range_1_10,61-70968-0050.wav,generated_audios/generated_H2_256C_int8/61-70968-0050_generated.wav,5.58,1.501221,1.497817,0.269036,0.268426,1.161756,0.757943,1.329981
H2_256C_quantized_resblocks_range_1_10,61-70968-0051.wav,generated_audios/generated_H2_256C_int8/61-70968-0051_generated.wav,3.135011,0.845506,0.842525,0.269698,0.268747,1.207419,0.840856,1.338236
H2_256C_quantized_resblocks_range_1_10,61-70968-0052.wav,generated_audios/generated_H2_256C_int8/61-70968-0052_generated.wav,2.650023,0.677358,0.674171,0.255604,0.254402,1.213239,0.845256,1.096789
H2_256C_quantized_resblocks_range_1_10,61-70968-0053.wav,generated_audios/generated_H2_256C_int8/61-70968-0053_generated.wav,4.22,0.210131,0.206737,0.049794,0.04899,1.134092,0.761579,1.410316
H2_256C_quantized_resblocks_range_1_10,61-70968-0054.wav,generated_audios/generated_H2_256C_int8/61-70968-0054_generated.wav,7.86,2.116833,2.112901,0.269317,0.268817,1.162928,0.801079,1.208105
H2_256C_quantized_resblocks_range_1_10,61-70968-0055.wav,generated_audios/generated_H2_256C_int8/61-70968-0055_generated.wav,3.965034,0.197772,0.194064,0.049879,0.048944,1.244055,0.808563,1.294233
H2_256C_quantized_resblocks_range_1_10,61-70968-0056.wav,generated_audios/generated_H2_256C_int8/61-70968-0056_generated.wav,3.565034,0.918823,0.915819,0.257732,0.256889,1.233481,0.832776,1.279878
H2_256C_quantized_resblocks_range_1_10,61-70968-0057.wav,generated_audios/generated_H2_256C_int8/61-70968-0057_generated.wav,5.065034,0.247621,0.244255,0.048888,0.048224,1.13637,0.797005,1.255784
H2_256C_quantized_resblocks_range_1_10,61-70968-0058.wav,generated_audios/generated_H2_256C_int8/61-70968-0058_generated.wav,1.82,0.476842,0.47376,0.262001,0.260308,1.116679,0.770554,1.361948
H2_256C_quantized_resblocks_range_1_10,61-70968-0059.wav,generated_audios/generated_H2_256C_int8/61-70968-0059_generated.wav,2.170023,0.116407,0.113011,0.053643,0.052078,1.182297,0.847615,1.435998
H2_256C_quantized_resblocks_range_1_10,61-70968-0060.wav,generated_audios/generated_H2_256C_int8/61-70968-0060_generated.wav,3.735011,0.185036,0.181654,0.049541,0.048635,1.321432,0.851019,1.063815
H2_256C_quantized_resblocks_range_1_10,61-70968-0061.wav,generated_audios/generated_H2_256C_int8/61-70968-0061_generated.wav,5.530023,1.490113,1.486348,0.269459,0.268778,1.086089,0.748696,1.625073
H2_256C_quantized_resblocks_range_1_10,61-70968-0062.wav,generated_audios/generated_H2_256C_int8/61-70968-0062_generated.wav,2.555011,0.13178,0.128601,0.051577,0.050333,1.184006,0.777728,1.332558
H2_256C_quantized_resblocks_range_1_10,61-70970-0000.wav,generated_audios/generated_H2_256C_int8/61-70970-0000_generated.wav,6.075011,1.626903,1.623283,0.267803,0.267207,1.16365,0.854682,1.154933
H2_256C_quantized_resblocks_range_1_10,61-70970-0001.wav,generated_audios/generated_H2_256C_int8/61-70970-0001_generated.wav,6.155011,1.671215,1.667452,0.271521,0.27091,1.27277,0.863175,1.174388
H2_256C_quantized_resblocks_range_1_10,61-70970-0002.wav,generated_audios/generated_H2_256C_int8/61-70970-0002_generated.wav,4.165034,1.08148,1.078091,0.259657,0.258843,1.261518,0.777444,1.391972
H2_256C_quantized_resblocks_range_1_10,61-70970-0003.wav,generated_audios/generated_H2_256C_int8/61-70970-0003_generated.wav,3.835011,0.983108,0.979705,0.256351,0.255463,1.283025,0.82448,1.121908
H2_256C_quantized_resblocks_range_1_10,61-70970-0004.wav,generated_audios/generated_H2_256C_int8/61-70970-0004_generated.wav,10.515011,2.839627,2.835608,0.270055,0.269672,1.267568,0.8501,1.114209
H2_256C_quantized_resblocks_range_1_10,61-70970-0005.wav,generated_audios/generated_H2_256C_int8/61-70970-0005_generated.wav,2.02,0.561565,0.55869,0.278002,0.276579,1.265307,0.797476,1.509633
H2_256C_quantized_resblocks_range_1_10,61-70970-0006.wav,generated_audios/generated_H2_256C_int8/61-70970-0006_generated.wav,2.335011,0.653117,0.649871,0.279706,0.278316,1.169491,0.823362,1.400309
H2_256C_quantized_resblocks_range_1_10,61-70970-0007.wav,generated_audios/generated_H2_256C_int8/61-70970-0007_generated.wav,4.485034,1.248166,1.244968,0.278296,0.277583,1.227228,0.799965,1.319152
H2_256C_quantized_resblocks_range_1_10,61-70970-0008.wav,generated_audios/generated_H2_256C_int8/61-70970-0008_generated.wav,2.150023,0.635209,0.631947,0.295443,0.293926,1.299073,0.855094,1.367103
H2_256C_quantized_resblocks_range_1_10,61-70970-0009.wav,generated_audios/generated_H2_256C_int8/61-70970-0009_generated.wav,3.405034,0.951028,0.948049,0.279301,0.278426,1.343687,0.884909,1.045259
H2_256C_quantized_resblocks_range_1_10,61-70970-0010.wav,generated_audios/generated_H2_256C_int8/61-70970-0010_generated.wav,3.045034,0.158147,0.15528,0.051936,0.050994,1.487154,0.79616,1.198787
H2_256C_quantized_resblocks_range_1_10,61-70970-0011.wav,generated_audios/generated_H2_256C_int8/61-70970-0011_generated.wav,6.075011,0.28915,0.285657,0.047597,0.047022,1.185991,0.789063,1.225249
H2_256C_quantized_resblocks_range_1_10,61-70970-0012.wav,generated_audios/generated_H2_256C_int8/61-70970-0012_generated.wav,3.135011,0.144943,0.141288,0.046234,0.045068,1.242074,0.866849,1.123145
H2_256C_quantized_resblocks_range_1_10,61-70970-0013.wav,generated_audios/generated_H2_256C_int8/61-70970-0013_generated.wav,4.350023,1.225118,1.222451,0.281635,0.281022,1.169552,0.822976,1.245333
H2_256C_quantized_resblocks_range_1_10,61-70970-0014.wav,generated_audios/generated_H2_256C_int8/61-70970-0014_generated.wav,3.405034,0.153683,0.150631,0.045134,0.044238,1.261034,0.868132,1.194189
H2_256C_quantized_resblocks_range_1_10,61-70970-0015.wav,generated_audios/generated_H2_256C_int8/61-70970-0015_generated.wav,8.415011,2.360287,2.357649,0.280485,0.280172,1.155847,0.832063,1.281888
H2_256C_quantized_resblocks_range_1_10,61-70970-0016.wav,generated_audios/generated_H2_256C_int8/61-70970-0016_generated.wav,4.370023,1.210544,1.207171,0.277011,0.276239,1.1908,0.861288,1.284343
H2_256C_quantized_resblocks_range_1_10,61-70970-0017.wav,generated_audios/generated_H2_256C_int8/61-70970-0017_generated.wav,2.550023,0.131321,0.128064,0.051498,0.050221,1.122328,0.75658,1.46347
H2_256C_quantized_resblocks_range_1_10,61-70970-0018.wav,generated_audios/generated_H2_256C_int8/61-70970-0018_generated.wav,4.6,1.250668,1.247226,0.271884,0.271136,1.208683,0.790639,1.296338
H2_256C_quantized_resblocks_range_1_10,61-70970-0019.wav,generated_audios/generated_H2_256C_int8/61-70970-0019_generated.wav,3.78,1.043409,1.039958,0.276034,0.275121,1.20631,0.812397,1.316051
H2_256C_quantized_resblocks_range_1_10,61-70970-0020.wav,generated_audios/generated_H2_256C_int8/61-70970-0020_generated.wav,5.025034,0.256936,0.253174,0.051131,0.050383,1.156454,0.751551,1.532217
H2_256C_quantized_resblocks_range_1_10,61-70970-0021.wav,generated_audios/generated_H2_256C_int8/61-70970-0021_generated.wav,5.405034,1.4827,1.479156,0.274318,0.273663,1.236305,0.820309,1.172198
H2_256C_quantized_resblocks_range_1_10,61-70970-0022.wav,generated_audios/generated_H2_256C_int8/61-70970-0022_generated.wav,3.970023,0.182176,0.178848,0.045888,0.04505,1.299302,0.809475,1.249065
H2_256C_quantized_resblocks_range_1_10,61-70970-0023.wav,generated_audios/generated_H2_256C_int8/61-70970-0023_generated.wav,3.705034,0.18642,0.183317,0.050315,0.049478,1.181701,0.835596,1.13069
H2_256C_quantized_resblocks_range_1_10,61-70970-0024.wav,generated_audios/generated_H2_256C_int8/61-70970-0024_generated.wav,7.235011,2.011881,2.008326,0.278076,0.277584,1.255101,0.825008,1.160583
H2_256C_quantized_resblocks_range_1_10,61-70970-0025.wav,generated_audios/generated_H2_256C_int8/61-70970-0025_generated.wav,7.435011,2.093027,2.089466,0.28151,0.281031,1.320512,0.861396,1.152526
H2_256C_quantized_resblocks_range_1_10,61-70970-0026.wav,generated_audios/generated_H2_256C_int8/61-70970-0026_generated.wav,5.475011,0.277727,0.274086,0.050726,0.050061,1.379905,0.842279,1.074111
H2_256C_quantized_resblocks_range_1_10,61-70970-0027.wav,generated_audios/generated_H2_256C_int8/61-70970-0027_generated.wav,5.08,0.254312,0.250578,0.050061,0.049326,1.219151,0.816786,1.158369
H2_256C_quantized_resblocks_range_1_10,61-70970-0028.wav,generated_audios/generated_H2_256C_int8/61-70970-0028_generated.wav,6.550023,0.329194,0.325144,0.050258,0.04964,1.294606,0.869787,1.048708
H2_256C_quantized_resblocks_range_1_10,61-70970-0029.wav,generated_audios/generated_H2_256C_int8/61-70970-0029_generated.wav,4.030023,0.215556,0.21162,0.053488,0.052511,1.313936,0.802915,1.231994
H2_256C_quantized_resblocks_range_1_10,61-70970-0030.wav,generated_audios/generated_H2_256C_int8/61-70970-0030_generated.wav,3.24,0.166821,0.163427,0.051488,0.05044,1.243659,0.810018,1.07219
H2_256C_quantized_resblocks_range_1_10,61-70970-0031.wav,generated_audios/generated_H2_256C_int8/61-70970-0031_generated.wav,5.135011,1.400699,1.397056,0.272774,0.272065,1.122419,0.813565,1.214654
H2_256C_quantized_resblocks_range_1_10,61-70970-0032.wav,generated_audios/generated_H2_256C_int8/61-70970-0032_generated.wav,3.135011,0.145865,0.14258,0.046528,0.04548,1.181036,0.794462,1.272542
H2_256C_quantized_resblocks_range_1_10,61-70970-0033.wav,generated_audios/generated_H2_256C_int8/61-70970-0033_generated.wav,3.42,0.928839,0.92556,0.27159,0.270632,1.190466,0.873909,1.187627
H2_256C_quantized_resblocks_range_1_10,61-70970-0034.wav,generated_audios/generated_H2_256C_int8/61-70970-0034_generated.wav,4.485034,0.209594,0.206065,0.046732,0.045945,1.247465,0.792941,1.180797
H2_256C_quantized_resblocks_range_1_10,61-70970-0035.wav,generated_audios/generated_H2_256C_int8/61-70970-0035_generated.wav,7.405034,0.37447,0.371151,0.05057,0.050121,1.26154,0.837915,1.097962
H2_256C_quantized_resblocks_range_1_10,61-70970-0036.wav,generated_audios/generated_H2_256C_int8/61-70970-0036_generated.wav,6.785034,0.345666,0.341615,0.050945,0.050348,1.22626,0.805253,1.14261
H2_256C_quantized_resblocks_range_1_10,61-70970-0037.wav,generated_audios/generated_H2_256C_int8/61-70970-0037_generated.wav,5.98,1.656292,1.653045,0.276972,0.276429,1.270406,0.822042,1.215605
H2_256C_quantized_resblocks_range_1_10,61-70970-0038.wav,generated_audios/generated_H2_256C_int8/61-70970-0038_generated.wav,10.4,2.912376,2.908157,0.280036,0.27963,1.184484,0.820834,1.180709
H2_256C_quantized_resblocks_range_1_10,61-70970-0039.wav,generated_audios/generated_H2_256C_int8/61-70970-0039_generated.wav,6.665034,0.329615,0.325905,0.049454,0.048898,1.162197,0.764078,1.125513
H2_256C_quantized_resblocks_range_1_10,61-70970-0040.wav,generated_audios/generated_H2_256C_int8/61-70970-0040_generated.wav,4.165034,0.203113,0.199472,0.048766,0.047892,1.261297,0.827265,1.153115
H2_256C_quantized_resblocks_range_1_10,672-122797-0000.wav,generated_audios/generated_H2_256C_int8/672-122797-0000_generated.wav,4.070023,1.136011,1.132524,0.279117,0.27826,1.24235,0.861505,1.317061
H2_256C_quantized_resblocks_range_1_10,672-122797-0001.wav,generated_audios/generated_H2_256C_int8/672-122797-0001_generated.wav,15.130023,4.225215,4.22061,0.27926,0.278956,1.490697,0.888226,1.219755
H2_256C_quantized_resblocks_range_1_10,672-122797-0002.wav,generated_audios/generated_H2_256C_int8/672-122797-0002_generated.wav,13.62,3.789788,3.78525,0.278252,0.277918,1.270336,0.854853,1.294913
H2_256C_quantized_resblocks_range_1_10,672-122797-0003.wav,generated_audios/generated_H2_256C_int8/672-122797-0003_generated.wav,4.76,1.349847,1.346436,0.283581,0.282865,1.151991,0.702207,1.502852
H2_256C_quantized_resblocks_range_1_10,672-122797-0004.wav,generated_audios/generated_H2_256C_int8/672-122797-0004_generated.wav,10.250023,2.82571,2.821683,0.275678,0.275286,1.195247,0.747788,1.42976
H2_256C_quantized_resblocks_range_1_10,672-122797-0005.wav,generated_audios/generated_H2_256C_int8/672-122797-0005_generated.wav,3.26,0.926635,0.923187,0.284244,0.283186,1.105001,0.630727,1.661356
H2_256C_quantized_resblocks_range_1_10,672-122797-0006.wav,generated_audios/generated_H2_256C_int8/672-122797-0006_generated.wav,13.950023,3.948635,3.94426,0.283056,0.282742,1.128299,0.638505,1.341311
H2_256C_quantized_resblocks_range_1_10,672-122797-0007.wav,generated_audios/generated_H2_256C_int8/672-122797-0007_generated.wav,6.42,1.77013,1.766902,0.275721,0.275218,1.145866,0.648593,1.452889
H2_256C_quantized_resblocks_range_1_10,672-122797-0008.wav,generated_audios/generated_H2_256C_int8/672-122797-0008_generated.wav,30.810023,8.746604,8.739808,0.283888,0.283668,1.12368,0.639196,1.474005
H2_256C_quantized_resblocks_range_1_10,672-122797-0009.wav,generated_audios/generated_H2_256C_int8/672-122797-0009_generated.wav,2.765034,0.141945,0.138646,0.051336,0.050143,1.191777,0.694499,1.271855
H2_256C_quantized_resblocks_range_1_10,672-122797-0010.wav,generated_audios/generated_H2_256C_int8/672-122797-0010_generated.wav,3.815011,0.198947,0.195385,0.052148,0.051215,1.097648,0.701074,1.345974
H2_256C_quantized_resblocks_range_1_10,672-122797-0011.wav,generated_audios/generated_H2_256C_int8/672-122797-0011_generated.wav,2.54,0.753779,0.750501,0.296763,0.295473,1.125761,0.790402,1.133226
H2_256C_quantized_resblocks_range_1_10,672-122797-0012.wav,generated_audios/generated_H2_256C_int8/672-122797-0012_generated.wav,7.765034,2.225531,2.221819,0.286609,0.286131,1.117352,0.711686,1.175913
H2_256C_quantized_resblocks_range_1_10,672-122797-0013.wav,generated_audios/generated_H2_256C_int8/672-122797-0013_generated.wav,8.705034,2.428485,2.424546,0.278975,0.278522,1.181315,0.693814,1.320934
H2_256C_quantized_resblocks_range_1_10,672-122797-0014.wav,generated_audios/generated_H2_256C_int8/672-122797-0014_generated.wav,2.555011,0.132579,0.129311,0.05189,0.050611,1.17483,0.809961,1.282982
H2_256C_quantized_resblocks_range_1_10,672-122797-0015.wav,generated_audios/generated_H2_256C_int8/672-122797-0015_generated.wav,4.455011,0.221983,0.218422,0.049828,0.049028,1.141564,0.718544,1.279045
H2_256C_quantized_resblocks_range_1_10,672-122797-0016.wav,generated_audios/generated_H2_256C_int8/672-122797-0016_generated.wav,9.215011,2.557931,2.554118,0.277583,0.277169,1.188238,0.719135,1.317413
H2_256C_quantized_resblocks_range_1_10,672-122797-0017.wav,generated_audios/generated_H2_256C_int8/672-122797-0017_generated.wav,4.82,1.342652,1.339222,0.278559,0.277847,1.28079,0.784949,1.083808
H2_256C_quantized_resblocks_range_1_10,672-122797-0018.wav,generated_audios/generated_H2_256C_int8/672-122797-0018_generated.wav,4.930023,1.350681,1.346962,0.273971,0.273216,1.071318,0.650268,1.364687
H2_256C_quantized_resblocks_range_1_10,672-122797-0019.wav,generated_audios/generated_H2_256C_int8/672-122797-0019_generated.wav,4.110023,1.103502,1.100126,0.26849,0.267669,1.087737,0.690655,1.479056
H2_256C_quantized_resblocks_range_1_10,672-122797-0020.wav,generated_audios/generated_H2_256C_int8/672-122797-0020_generated.wav,8.825034,2.443652,2.439707,0.2769,0.276453,1.094816,0.64167,1.505459
H2_256C_quantized_resblocks_range_1_10,672-122797-0021.wav,generated_audios/generated_H2_256C_int8/672-122797-0021_generated.wav,4.150023,0.20901,0.205861,0.050364,0.049605,1.122356,0.762809,1.385636
H2_256C_quantized_resblocks_range_1_10,672-122797-0022.wav,generated_audios/generated_H2_256C_int8/672-122797-0022_generated.wav,19.004943,5.373338,5.36837,0.282734,0.282472,1.151966,0.617723,1.499833
H2_256C_quantized_resblocks_range_1_10,672-122797-0023.wav,generated_audios/generated_H2_256C_int8/672-122797-0023_generated.wav,9.695102,2.694487,2.69088,0.277923,0.27755,1.112636,0.681721,1.354772
H2_256C_quantized_resblocks_range_1_10,672-122797-0024.wav,generated_audios/generated_H2_256C_int8/672-122797-0024_generated.wav,4.130023,1.138233,1.134879,0.2756,0.274788,1.105634,0.526144,1.757574
H2_256C_quantized_resblocks_range_1_10,672-122797-0025.wav,generated_audios/generated_H2_256C_int8/672-122797-0025_generated.wav,10.690023,2.977939,2.973611,0.278572,0.278167,1.194217,0.771008,1.281423
H2_256C_quantized_resblocks_range_1_10,672-122797-0026.wav,generated_audios/generated_H2_256C_int8/672-122797-0026_generated.wav,13.96,3.898732,3.894263,0.279279,0.278959,1.082536,0.632179,1.394034
H2_256C_quantized_resblocks_range_1_10,672-122797-0027.wav,generated_audios/generated_H2_256C_int8/672-122797-0027_generated.wav,4.790023,0.252373,0.2484,0.052687,0.051858,1.121218,0.57034,1.648624
H2_256C_quantized_resblocks_range_1_10,672-122797-0028.wav,generated_audios/generated_H2_256C_int8/672-122797-0028_generated.wav,2.610023,0.144193,0.140467,0.055246,0.053818,1.181581,0.764094,1.346283
H2_256C_quantized_resblocks_range_1_10,672-122797-0029.wav,generated_audios/generated_H2_256C_int8/672-122797-0029_generated.wav,3.050023,0.154924,0.151632,0.050794,0.049715,1.491087,0.82002,1.299415
H2_256C_quantized_resblocks_range_1_10,672-122797-0030.wav,generated_audios/generated_H2_256C_int8/672-122797-0030_generated.wav,4.575011,1.23964,1.236099,0.270959,0.270185,1.15394,0.796362,1.283902
H2_256C_quantized_resblocks_range_1_10,672-122797-0031.wav,generated_audios/generated_H2_256C_int8/672-122797-0031_generated.wav,3.98,0.198299,0.194749,0.049824,0.048932,1.445084,0.736326,1.28194
H2_256C_quantized_resblocks_range_1_10,672-122797-0032.wav,generated_audios/generated_H2_256C_int8/672-122797-0032_generated.wav,4.0,0.202241,0.19867,0.05056,0.049667,1.113257,0.637759,1.327353
H2_256C_quantized_resblocks_range_1_10,672-122797-0033.wav,generated_audios/generated_H2_256C_int8/672-122797-0033_generated.wav,1.285034,0.364867,0.361701,0.283936,0.281472,1.254777,0.671642,1.310128
H2_256C_quantized_resblocks_range_1_10,672-122797-0034.wav,generated_audios/generated_H2_256C_int8/672-122797-0034_generated.wav,5.110023,0.257463,0.25399,0.050384,0.049704,1.174297,0.796923,1.274519
H2_256C_quantized_resblocks_range_1_10,672-122797-0035.wav,generated_audios/generated_H2_256C_int8/672-122797-0035_generated.wav,2.9,0.148571,0.145216,0.051231,0.050075,1.64767,0.901724,1.167218
H2_256C_quantized_resblocks_range_1_10,672-122797-0036.wav,generated_audios/generated_H2_256C_int8/672-122797-0036_generated.wav,5.365034,0.274379,0.27102,0.051142,0.050516,1.22007,0.729312,1.116323
H2_256C_quantized_resblocks_range_1_10,672-122797-0037.wav,generated_audios/generated_H2_256C_int8/672-122797-0037_generated.wav,1.96,0.529695,0.526575,0.270253,0.26866,1.41472,0.79638,1.048137
H2_256C_quantized_resblocks_range_1_10,672-122797-0038.wav,generated_audios/generated_H2_256C_int8/672-122797-0038_generated.wav,8.8,2.405558,2.401458,0.273359,0.272893,1.159075,0.685529,1.357183
H2_256C_quantized_resblocks_range_1_10,672-122797-0039.wav,generated_audios/generated_H2_256C_int8/672-122797-0039_generated.wav,4.025034,1.10105,1.092594,0.27355,0.27145,1.315279,0.795045,1.230255
H2_256C_quantized_resblocks_range_1_10,672-122797-0040.wav,generated_audios/generated_H2_256C_int8/672-122797-0040_generated.wav,5.125034,0.268538,0.264864,0.052397,0.05168,1.184214,0.663128,1.529461
H2_256C_quantized_resblocks_range_1_10,672-122797-0041.wav,generated_audios/generated_H2_256C_int8/672-122797-0041_generated.wav,3.88,0.193414,0.189873,0.049849,0.048936,1.150181,0.667165,1.509246
H2_256C_quantized_resblocks_range_1_10,672-122797-0042.wav,generated_audios/generated_H2_256C_int8/672-122797-0042_generated.wav,15.310023,4.290487,4.285982,0.28024,0.279946,1.179502,0.521581,1.685908
H2_256C_quantized_resblocks_range_1_10,672-122797-0043.wav,generated_audios/generated_H2_256C_int8/672-122797-0043_generated.wav,3.78,0.190436,0.187126,0.05038,0.049504,1.1229,0.646276,1.54742
H2_256C_quantized_resblocks_range_1_10,672-122797-0044.wav,generated_audios/generated_H2_256C_int8/672-122797-0044_generated.wav,3.74,0.187994,0.184776,0.050266,0.049405,1.161927,0.639722,1.481689
H2_256C_quantized_resblocks_range_1_10,672-122797-0045.wav,generated_audios/generated_H2_256C_int8/672-122797-0045_generated.wav,13.96,0.735085,0.730686,0.052657,0.052341,1.155362,0.763621,1.308178
H2_256C_quantized_resblocks_range_1_10,672-122797-0046.wav,generated_audios/generated_H2_256C_int8/672-122797-0046_generated.wav,4.715011,1.270597,1.266718,0.269479,0.268656,1.139462,0.698912,1.439072
H2_256C_quantized_resblocks_range_1_10,672-122797-0047.wav,generated_audios/generated_H2_256C_int8/672-122797-0047_generated.wav,3.325034,0.907538,0.904143,0.272941,0.27192,1.467232,0.777184,1.02205
H2_256C_quantized_resblocks_range_1_10,672-122797-0048.wav,generated_audios/generated_H2_256C_int8/672-122797-0048_generated.wav,6.555011,0.33979,0.3361,0.051837,0.051274,1.091668,0.599574,1.458915
H2_256C_quantized_resblocks_range_1_10,672-122797-0049.wav,generated_audios/generated_H2_256C_int8/672-122797-0049_generated.wav,2.02,0.110257,0.107021,0.054583,0.052981,1.327878,0.586338,1.477521
H2_256C_quantized_resblocks_range_1_10,672-122797-0050.wav,generated_audios/generated_H2_256C_int8/672-122797-0050_generated.wav,4.855011,1.376621,1.373011,0.283546,0.282803,1.131071,0.682203,1.392843
H2_256C_quantized_resblocks_range_1_10,672-122797-0051.wav,generated_audios/generated_H2_256C_int8/672-122797-0051_generated.wav,4.665034,1.280484,1.276793,0.274485,0.273694,1.099047,0.674419,1.285225
H2_256C_quantized_resblocks_range_1_10,672-122797-0052.wav,generated_audios/generated_H2_256C_int8/672-122797-0052_generated.wav,4.285034,1.178383,1.17475,0.275,0.274152,1.139991,0.773824,1.165785
H2_256C_quantized_resblocks_range_1_10,672-122797-0053.wav,generated_audios/generated_H2_256C_int8/672-122797-0053_generated.wav,2.955011,0.156537,0.153192,0.052973,0.051842,1.049867,0.583301,1.581642
H2_256C_quantized_resblocks_range_1_10,672-122797-0054.wav,generated_audios/generated_H2_256C_int8/672-122797-0054_generated.wav,4.250023,0.216381,0.212734,0.050913,0.050055,1.247349,0.681683,1.257748
H2_256C_quantized_resblocks_range_1_10,672-122797-0055.wav,generated_audios/generated_H2_256C_int8/672-122797-0055_generated.wav,8.230023,2.264004,2.259994,0.275091,0.274604,1.140302,0.664846,1.389362
H2_256C_quantized_resblocks_range_1_10,672-122797-0056.wav,generated_audios/generated_H2_256C_int8/672-122797-0056_generated.wav,5.225034,0.258001,0.254632,0.049378,0.048733,1.15133,0.702615,1.313532
H2_256C_quantized_resblocks_range_1_10,672-122797-0057.wav,generated_audios/generated_H2_256C_int8/672-122797-0057_generated.wav,6.56,0.323311,0.319354,0.049285,0.048682,1.201955,0.637682,1.480821
H2_256C_quantized_resblocks_range_1_10,672-122797-0058.wav,generated_audios/generated_H2_256C_int8/672-122797-0058_generated.wav,4.470023,1.266831,1.263191,0.283406,0.282592,1.08208,0.581628,1.570225
H2_256C_quantized_resblocks_range_1_10,672-122797-0059.wav,generated_audios/generated_H2_256C_int8/672-122797-0059_generated.wav,3.52,0.970569,0.96726,0.27573,0.27479,1.126199,0.646898,1.565651
H2_256C_quantized_resblocks_range_1_10,672-122797-0060.wav,generated_audios/generated_H2_256C_int8/672-122797-0060_generated.wav,3.350023,0.185518,0.182099,0.055378,0.054358,1.203298,0.83027,1.400705
H2_256C_quantized_resblocks_range_1_10,672-122797-0061.wav,generated_audios/generated_H2_256C_int8/672-122797-0061_generated.wav,7.590023,2.075551,2.071664,0.273458,0.272946,1.225757,0.821075,1.210557
H2_256C_quantized_resblocks_range_1_10,672-122797-0062.wav,generated_audios/generated_H2_256C_int8/672-122797-0062_generated.wav,2.675011,0.75326,0.749842,0.281591,0.280314,1.142179,0.503819,1.794218
H2_256C_quantized_resblocks_range_1_10,672-122797-0063.wav,generated_audios/generated_H2_256C_int8/672-122797-0063_generated.wav,5.075011,0.255023,0.251532,0.050251,0.049563,1.206766,0.720311,1.555033
H2_256C_quantized_resblocks_range_1_10,672-122797-0064.wav,generated_audios/generated_H2_256C_int8/672-122797-0064_generated.wav,15.270023,4.288402,4.283696,0.280838,0.28053,1.201846,0.69368,1.279802
H2_256C_quantized_resblocks_range_1_10,672-122797-0065.wav,generated_audios/generated_H2_256C_int8/672-122797-0065_generated.wav,3.030023,0.158265,0.154848,0.052232,0.051105,1.088518,0.631683,1.509677
H2_256C_quantized_resblocks_range_1_10,672-122797-0066.wav,generated_audios/generated_H2_256C_int8/672-122797-0066_generated.wav,4.815011,0.246428,0.242561,0.051179,0.050376,1.198287,0.82892,1.252414
H2_256C_quantized_resblocks_range_1_10,672-122797-0067.wav,generated_audios/generated_H2_256C_int8/672-122797-0067_generated.wav,13.035011,3.605083,3.600694,0.276569,0.276233,1.188339,0.74933,1.327243
H2_256C_quantized_resblocks_range_1_10,672-122797-0068.wav,generated_audios/generated_H2_256C_int8/672-122797-0068_generated.wav,4.02,0.18108,0.177371,0.045045,0.044122,1.142231,0.621915,1.604385
H2_256C_quantized_resblocks_range_1_10,672-122797-0069.wav,generated_audios/generated_H2_256C_int8/672-122797-0069_generated.wav,5.010023,1.391426,1.387921,0.277728,0.277029,1.142143,0.639796,1.542346
H2_256C_quantized_resblocks_range_1_10,672-122797-0070.wav,generated_audios/generated_H2_256C_int8/672-122797-0070_generated.wav,6.270023,1.718939,1.715065,0.274152,0.273534,1.129642,0.769575,1.35718
H2_256C_quantized_resblocks_range_1_10,672-122797-0071.wav,generated_audios/generated_H2_256C_int8/672-122797-0071_generated.wav,8.875011,2.491567,2.487329,0.28074,0.280262,1.201806,0.830285,1.255672
H2_256C_quantized_resblocks_range_1_10,672-122797-0072.wav,generated_audios/generated_H2_256C_int8/672-122797-0072_generated.wav,7.94,2.179451,2.175357,0.27449,0.273974,1.14909,0.687745,1.506314
H2_256C_quantized_resblocks_range_1_10,672-122797-0073.wav,generated_audios/generated_H2_256C_int8/672-122797-0073_generated.wav,8.205034,2.252436,2.248357,0.274519,0.274022,1.130175,0.753077,1.393078
H2_256C_quantized_resblocks_range_1_10,672-122797-0074.wav,generated_audios/generated_H2_256C_int8/672-122797-0074_generated.wav,8.730023,2.399818,2.395841,0.274893,0.274437,1.21702,0.515156,1.72124
H2_256C_quantized_resblocks_range_1_10,908-157963-0000.wav,generated_audios/generated_H2_256C_int8/908-157963-0000_generated.wav,12.62,3.479665,3.475706,0.275726,0.275413,1.16742,0.793775,1.409191
H2_256C_quantized_resblocks_range_1_10,908-157963-0001.wav,generated_audios/generated_H2_256C_int8/908-157963-0001_generated.wav,2.885034,0.79233,0.788984,0.274634,0.273475,1.24382,0.875437,1.416299
H2_256C_quantized_resblocks_range_1_10,908-157963-0002.wav,generated_audios/generated_H2_256C_int8/908-157963-0002_generated.wav,2.755011,0.736381,0.733392,0.267288,0.266203,1.246714,0.845104,1.379775
H2_256C_quantized_resblocks_range_1_10,908-157963-0003.wav,generated_audios/generated_H2_256C_int8/908-157963-0003_generated.wav,3.08,0.845287,0.841861,0.274444,0.273331,1.186808,0.857735,1.265765
H2_256C_quantized_resblocks_range_1_10,908-157963-0004.wav,generated_audios/generated_H2_256C_int8/908-157963-0004_generated.wav,13.990023,3.902511,3.898347,0.27895,0.278652,1.199513,0.785277,1.376298
H2_256C_quantized_resblocks_range_1_10,908-157963-0005.wav,generated_audios/generated_H2_256C_int8/908-157963-0005_generated.wav,7.035011,1.942939,1.938619,0.276181,0.275567,1.173648,0.779474,1.493222
H2_256C_quantized_resblocks_range_1_10,908-157963-0006.wav,generated_audios/generated_H2_256C_int8/908-157963-0006_generated.wav,8.110023,2.244756,2.240496,0.276788,0.276263,1.180981,0.788402,1.362953
H2_256C_quantized_resblocks_range_1_10,908-157963-0007.wav,generated_audios/generated_H2_256C_int8/908-157963-0007_generated.wav,32.770023,9.302758,9.295797,0.28388,0.283668,1.161844,0.790448,1.387178
H2_256C_quantized_resblocks_range_1_10,908-157963-0008.wav,generated_audios/generated_H2_256C_int8/908-157963-0008_generated.wav,19.950023,5.571387,5.566404,0.279267,0.279017,1.188166,0.786692,1.416086
H2_256C_quantized_resblocks_range_1_10,908-157963-0009.wav,generated_audios/generated_H2_256C_int8/908-157963-0009_generated.wav,4.06,1.107017,1.10346,0.272664,0.271788,1.230383,0.829808,1.277119
H2_256C_quantized_resblocks_range_1_10,908-157963-0010.wav,generated_audios/generated_H2_256C_int8/908-157963-0010_generated.wav,6.28,0.291194,0.287431,0.046368,0.045769,1.147204,0.642826,1.574902
H2_256C_quantized_resblocks_range_1_10,908-157963-0011.wav,generated_audios/generated_H2_256C_int8/908-157963-0011_generated.wav,10.395011,0.555338,0.551641,0.053423,0.053068,1.124498,0.727435,1.421155
H2_256C_quantized_resblocks_range_1_10,908-157963-0012.wav,generated_audios/generated_H2_256C_int8/908-157963-0012_generated.wav,10.090023,2.799278,2.795698,0.27743,0.277075,1.140437,0.69157,1.512809
H2_256C_quantized_resblocks_range_1_10,908-157963-0013.wav,generated_audios/generated_H2_256C_int8/908-157963-0013_generated.wav,4.315011,0.216192,0.212417,0.050102,0.049227,1.120118,0.805425,1.738232
H2_256C_quantized_resblocks_range_1_10,908-157963-0014.wav,generated_audios/generated_H2_256C_int8/908-157963-0014_generated.wav,4.52,0.222414,0.21917,0.049207,0.048489,1.217031,0.768551,1.652449
H2_256C_quantized_resblocks_range_1_10,908-157963-0015.wav,generated_audios/generated_H2_256C_int8/908-157963-0015_generated.wav,14.465034,4.024471,4.020453,0.278221,0.277943,1.255682,0.848648,1.410215
H2_256C_quantized_resblocks_range_1_10,908-157963-0016.wav,generated_audios/generated_H2_256C_int8/908-157963-0016_generated.wav,5.105034,0.252271,0.248467,0.049416,0.048671,1.240897,0.865029,1.497548
H2_256C_quantized_resblocks_range_1_10,908-157963-0017.wav,generated_audios/generated_H2_256C_int8/908-157963-0017_generated.wav,4.950023,1.316129,1.312542,0.265883,0.265159,1.286066,0.843803,1.298064
H2_256C_quantized_resblocks_range_1_10,908-157963-0018.wav,generated_audios/generated_H2_256C_int8/908-157963-0018_generated.wav,4.255011,0.208079,0.204704,0.048902,0.048109,1.169176,0.779326,1.368215
H2_256C_quantized_resblocks_range_1_10,908-157963-0019.wav,generated_audios/generated_H2_256C_int8/908-157963-0019_generated.wav,21.44,6.048115,6.043315,0.282095,0.281871,1.161452,0.787265,1.628623
H2_256C_quantized_resblocks_range_1_10,908-157963-0020.wav,generated_audios/generated_H2_256C_int8/908-157963-0020_generated.wav,9.8,2.707029,2.70348,0.276227,0.275865,1.19986,0.802224,1.578893
H2_256C_quantized_resblocks_range_1_10,908-157963-0021.wav,generated_audios/generated_H2_256C_int8/908-157963-0021_generated.wav,10.24,0.531319,0.527562,0.051887,0.05152,1.210535,0.790688,1.496515
H2_256C_quantized_resblocks_range_1_10,908-157963-0022.wav,generated_audios/generated_H2_256C_int8/908-157963-0022_generated.wav,4.610023,1.278918,1.275888,0.277421,0.276764,1.120799,0.714581,1.574173
H2_256C_quantized_resblocks_range_1_10,908-157963-0023.wav,generated_audios/generated_H2_256C_int8/908-157963-0023_generated.wav,9.625034,2.649857,2.645459,0.275309,0.274852,1.18616,0.700048,1.50083
H2_256C_quantized_resblocks_range_1_10,908-157963-0024.wav,generated_audios/generated_H2_256C_int8/908-157963-0024_generated.wav,3.44,0.941309,0.937978,0.273636,0.272668,1.120519,0.76512,1.618315
H2_256C_quantized_resblocks_range_1_10,908-157963-0025.wav,generated_audios/generated_H2_256C_int8/908-157963-0025_generated.wav,9.265034,2.534506,2.530766,0.273556,0.273152,1.133892,0.732981,1.657571
H2_256C_quantized_resblocks_range_1_10,908-157963-0026.wav,generated_audios/generated_H2_256C_int8/908-157963-0026_generated.wav,8.1,2.225581,2.221565,0.274763,0.274267,1.188528,0.767906,1.496931
H2_256C_quantized_resblocks_range_1_10,908-157963-0027.wav,generated_audios/generated_H2_256C_int8/908-157963-0027_generated.wav,5.225034,0.260378,0.256438,0.049833,0.049079,1.126892,0.627779,1.667551
H2_256C_quantized_resblocks_range_1_10,908-157963-0028.wav,generated_audios/generated_H2_256C_int8/908-157963-0028_generated.wav,4.955011,0.223556,0.220312,0.045117,0.044463,1.187683,0.827006,1.325901
H2_256C_quantized_resblocks_range_1_10,908-157963-0029.wav,generated_audios/generated_H2_256C_int8/908-157963-0029_generated.wav,3.630023,0.965387,0.961735,0.265945,0.264939,1.226827,0.867487,1.358061
H2_256C_quantized_resblocks_range_1_10,908-157963-0030.wav,generated_audios/generated_H2_256C_int8/908-157963-0030_generated.wav,4.52,0.202095,0.198427,0.044711,0.0439,1.176643,0.818992,1.521884
H2_256C_quantized_resblocks_range_1_10,908-31957-0000.wav,generated_audios/generated_H2_256C_int8/908-31957-0000_generated.wav,2.125034,0.56952,0.566392,0.268005,0.266533,1.327362,0.878555,1.640306
H2_256C_quantized_resblocks_range_1_10,908-31957-0001.wav,generated_audios/generated_H2_256C_int8/908-31957-0001_generated.wav,11.315011,3.115601,3.111126,0.275351,0.274956,1.131862,0.790846,1.612718
H2_256C_quantized_resblocks_range_1_10,908-31957-0002.wav,generated_audios/generated_H2_256C_int8/908-31957-0002_generated.wav,4.790023,0.239133,0.235512,0.049923,0.049167,1.137134,0.795991,1.743717
H2_256C_quantized_resblocks_range_1_10,908-31957-0003.wav,generated_audios/generated_H2_256C_int8/908-31957-0003_generated.wav,6.565034,0.330422,0.326855,0.050331,0.049787,1.124574,0.794426,1.406036
H2_256C_quantized_resblocks_range_1_10,908-31957-0004.wav,generated_audios/generated_H2_256C_int8/908-31957-0004_generated.wav,14.755011,4.120271,4.116062,0.279246,0.27896,1.148216,0.80585,1.538227
H2_256C_quantized_resblocks_range_1_10,908-31957-0005.wav,generated_audios/generated_H2_256C_int8/908-31957-0005_generated.wav,4.490023,0.218258,0.2148,0.04861,0.047839,1.181812,0.816188,1.861138
H2_256C_quantized_resblocks_range_1_10,908-31957-0006.wav,generated_audios/generated_H2_256C_int8/908-31957-0006_generated.wav,5.890023,1.572456,1.569074,0.266969,0.266395,1.205732,0.795386,1.752362
H2_256C_quantized_resblocks_range_1_10,908-31957-0007.wav,generated_audios/generated_H2_256C_int8/908-31957-0007_generated.wav,5.8,0.292963,0.288961,0.050511,0.049821,1.197836,0.832283,1.599103
H2_256C_quantized_resblocks_range_1_10,908-31957-0008.wav,generated_audios/generated_H2_256C_int8/908-31957-0008_generated.wav,10.005034,2.74487,2.741066,0.274349,0.273969,1.143774,0.788766,1.594899
H2_256C_quantized_resblocks_range_1_10,908-31957-0009.wav,generated_audios/generated_H2_256C_int8/908-31957-0009_generated.wav,7.705034,2.097375,2.0931,0.272208,0.271654,1.157342,0.8002,1.577838
H2_256C_quantized_resblocks_range_1_10,908-31957-0010.wav,generated_audios/generated_H2_256C_int8/908-31957-0010_generated.wav,2.510023,0.674491,0.671149,0.268719,0.267387,1.171682,0.618435,2.135605
H2_256C_quantized_resblocks_range_1_10,908-31957-0011.wav,generated_audios/generated_H2_256C_int8/908-31957-0011_generated.wav,2.335011,0.1218,0.118616,0.052162,0.050799,1.152536,0.725111,1.657806
H2_256C_quantized_resblocks_range_1_10,908-31957-0012.wav,generated_audios/generated_H2_256C_int8/908-31957-0012_generated.wav,7.615011,2.071623,2.068201,0.272045,0.271595,1.149711,0.787383,1.671675
H2_256C_quantized_resblocks_range_1_10,908-31957-0013.wav,generated_audios/generated_H2_256C_int8/908-31957-0013_generated.wav,6.18,1.711732,1.708147,0.276979,0.276399,1.163103,0.726188,1.796008
H2_256C_quantized_resblocks_range_1_10,908-31957-0014.wav,generated_audios/generated_H2_256C_int8/908-31957-0014_generated.wav,7.56,2.058656,2.054919,0.272309,0.271815,1.99795,0.937143,0.460493
H2_256C_quantized_resblocks_range_1_10,908-31957-0015.wav,generated_audios/generated_H2_256C_int8/908-31957-0015_generated.wav,21.465034,6.087072,6.082092,0.283581,0.283349,2.24093,0.933691,0.465177
H2_256C_quantized_resblocks_range_1_10,908-31957-0016.wav,generated_audios/generated_H2_256C_int8/908-31957-0016_generated.wav,6.48,1.777437,1.774509,0.274296,0.273844,2.521193,0.949461,0.452919
H2_256C_quantized_resblocks_range_1_10,908-31957-0017.wav,generated_audios/generated_H2_256C_int8/908-31957-0017_generated.wav,7.795011,2.163189,2.159315,0.277509,0.277012,2.171476,0.946148,0.463888
H2_256C_quantized_resblocks_range_1_10,908-31957-0018.wav,generated_audios/generated_H2_256C_int8/908-31957-0018_generated.wav,3.915011,1.063913,1.060841,0.271752,0.270967,2.306492,0.939262,0.45552
H2_256C_quantized_resblocks_range_1_10,908-31957-0019.wav,generated_audios/generated_H2_256C_int8/908-31957-0019_generated.wav,9.54,2.659906,2.655787,0.278816,0.278384,2.535881,0.949332,0.408544
H2_256C_quantized_resblocks_range_1_10,908-31957-0020.wav,generated_audios/generated_H2_256C_int8/908-31957-0020_generated.wav,5.895011,0.287064,0.283351,0.048696,0.048066,2.4749,0.944896,0.421818
H2_256C_quantized_resblocks_range_1_10,908-31957-0021.wav,generated_audios/generated_H2_256C_int8/908-31957-0021_generated.wav,10.905034,2.999061,2.994909,0.275016,0.274635,2.317209,0.938143,0.422297
H2_256C_quantized_resblocks_range_1_10,908-31957-0022.wav,generated_audios/generated_H2_256C_int8/908-31957-0022_generated.wav,14.1,3.935161,3.93041,0.279089,0.278752,2.368817,0.938836,0.411117
H2_256C_quantized_resblocks_range_1_10,908-31957-0023.wav,generated_audios/generated_H2_256C_int8/908-31957-0023_generated.wav,8.515011,2.328982,2.325102,0.273515,0.273059,2.17594,0.943475,0.474245
H2_256C_quantized_resblocks_range_1_10,908-31957-0024.wav,generated_audios/generated_H2_256C_int8/908-31957-0024_generated.wav,7.54,2.066904,2.063136,0.274125,0.273625,2.265868,0.948341,0.453286
H2_256C_quantized_resblocks_range_1_10,908-31957-0025.wav,generated_audios/generated_H2_256C_int8/908-31957-0025_generated.wav,20.56,6.061261,6.055149,0.294808,0.294511,2.277985,0.944156,0.509919
H2_128C_quantized_resblocks_range_1_10,1089-134686-0000.wav,generated_audios/generated_H2_128C_int8/1089-134686-0000_generated.wav,10.435011,0.243758,0.240474,0.02336,0.023045,1.982869,0.926974,0.599652
H2_128C_quantized_resblocks_range_1_10,1089-134686-0001.wav,generated_audios/generated_H2_128C_int8/1089-134686-0001_generated.wav,3.275011,0.097622,0.094139,0.029808,0.028745,1.795343,0.919551,0.664961
H2_128C_quantized_resblocks_range_1_10,1089-134686-0002.wav,generated_audios/generated_H2_128C_int8/1089-134686-0002_generated.wav,6.625034,0.180863,0.177283,0.0273,0.026759,1.936082,0.917557,0.626517
H2_128C_quantized_resblocks_range_1_10,1089-134686-0003.wav,generated_audios/generated_H2_128C_int8/1089-134686-0003_generated.wav,2.68,0.076195,0.072979,0.028431,0.027231,2.294775,0.932689,0.700394
H2_128C_quantized_resblocks_range_1_10,1089-134686-0004.wav,generated_audios/generated_H2_128C_int8/1089-134686-0004_generated.wav,5.215102,0.125471,0.121736,0.024059,0.023343,2.158849,0.948492,0.623243
H2_128C_quantized_resblocks_range_1_10,1089-134686-0005.wav,generated_audios/generated_H2_128C_int8/1089-134686-0005_generated.wav,9.635011,0.23249,0.228178,0.02413,0.023682,1.888596,0.894287,0.662067
H2_128C_quantized_resblocks_range_1_10,1089-134686-0006.wav,generated_audios/generated_H2_128C_int8/1089-134686-0006_generated.wav,10.555011,0.269026,0.264998,0.025488,0.025106,2.051975,0.916183,0.635296
H2_128C_quantized_resblocks_range_1_10,1089-134686-0007.wav,generated_audios/generated_H2_128C_int8/1089-134686-0007_generated.wav,4.275011,0.107176,0.103894,0.02507,0.024303,1.842804,0.916286,0.686732
H2_128C_quantized_resblocks_range_1_10,1089-134686-0008.wav,generated_audios/generated_H2_128C_int8/1089-134686-0008_generated.wav,6.730023,0.143328,0.139431,0.021297,0.020718,1.98452,0.917381,0.633919
H2_128C_quantized_resblocks_range_1_10,1089-134686-0009.wav,generated_audios/generated_H2_128C_int8/1089-134686-0009_generated.wav,10.575011,0.250233,0.245882,0.023663,0.023251,2.134322,0.939717,0.647582
H2_128C_quantized_resblocks_range_1_10,1089-134686-0010.wav,generated_audios/generated_H2_128C_int8/1089-134686-0010_generated.wav,4.405034,0.107708,0.104218,0.024451,0.023659,2.46469,0.941183,0.554855
H2_128C_quantized_resblocks_range_1_10,1089-134686-0011.wav,generated_audios/generated_H2_128C_int8/1089-134686-0011_generated.wav,12.445034,0.308986,0.305572,0.024828,0.024554,2.06398,0.920133,0.599383
H2_128C_quantized_resblocks_range_1_10,1089-134686-0012.wav,generated_audios/generated_H2_128C_int8/1089-134686-0012_generated.wav,11.64,0.319932,0.315358,0.027486,0.027093,2.039442,0.919481,0.62838
H2_128C_quantized_resblocks_range_1_10,1089-134686-0013.wav,generated_audios/generated_H2_128C_int8/1089-134686-0013_generated.wav,7.915011,0.207999,0.204025,0.026279,0.025777,1.878605,0.917914,0.628054
H2_128C_quantized_resblocks_range_1_10,1089-134686-0014.wav,generated_audios/generated_H2_128C_int8/1089-134686-0014_generated.wav,2.225034,0.064702,0.061479,0.029079,0.027631,2.040824,0.932564,0.606201
H2_128C_quantized_resblocks_range_1_10,1089-134686-0015.wav,generated_audios/generated_H2_128C_int8/1089-134686-0015_generated.wav,5.815011,0.13712,0.133578,0.02358,0.022971,2.09483,0.911079,0.664979
H2_128C_quantized_resblocks_range_1_10,1089-134686-0016.wav,generated_audios/generated_H2_128C_int8/1089-134686-0016_generated.wav,3.54,0.091405,0.088586,0.025821,0.025024,2.017872,0.925612,0.618433
H2_128C_quantized_resblocks_range_1_10,1089-134686-0017.wav,generated_audios/generated_H2_128C_int8/1089-134686-0017_generated.wav,8.870023,0.211348,0.207389,0.023827,0.023381,1.952384,0.924952,0.597842
H2_128C_quantized_resblocks_range_1_10,1089-134686-0018.wav,generated_audios/generated_H2_128C_int8/1089-134686-0018_generated.wav,15.72,0.384814,0.379681,0.024479,0.024153,2.02519,0.920219,0.618115
H2_128C_quantized_resblocks_range_1_10,1089-134686-0019.wav,generated_audios/generated_H2_128C_int8/1089-134686-0019_generated.wav,13.895011,0.338083,0.33318,0.024331,0.023978,1.978552,0.924914,0.604591
H2_128C_quantized_resblocks_range_1_10,1089-134686-0020.wav,generated_audios/generated_H2_128C_int8/1089-134686-0020_generated.wav,16.790023,0.454638,0.449748,0.027078,0.026787,1.944543,0.919931,0.622147
H2_128C_quantized_resblocks_range_1_10,1089-134686-0021.wav,generated_audios/generated_H2_128C_int8/1089-134686-0021_generated.wav,6.550023,0.169819,0.166023,0.025926,0.025347,1.98073,0.931593,0.631641
H2_128C_quantized_resblocks_range_1_10,1089-134686-0022.wav,generated_audios/generated_H2_128C_int8/1089-134686-0022_generated.wav,11.175011,0.27907,0.274371,0.024973,0.024552,2.032027,0.925819,0.598848
H2_128C_quantized_resblocks_range_1_10,1089-134686-0023.wav,generated_audios/generated_H2_128C_int8/1089-134686-0023_generated.wav,13.275011,0.346525,0.341813,0.026104,0.025749,2.066433,0.920057,0.624596
H2_128C_quantized_resblocks_range_1_10,1089-134686-0024.wav,generated_audios/generated_H2_128C_int8/1089-134686-0024_generated.wav,11.655011,0.272741,0.268207,0.023401,0.023012,1.924499,0.919241,0.590276
H2_128C_quantized_resblocks_range_1_10,1089-134686-0025.wav,generated_audios/generated_H2_128C_int8/1089-134686-0025_generated.wav,6.610023,0.158004,0.154219,0.023904,0.023331,1.859688,0.926102,0.63435
H2_128C_quantized_resblocks_range_1_10,1089-134686-0026.wav,generated_audios/generated_H2_128C_int8/1089-134686-0026_generated.wav,4.010023,0.11218,0.108812,0.027975,0.027135,2.262345,0.928474,0.613613
H2_128C_quantized_resblocks_range_1_10,1089-134686-0027.wav,generated_audios/generated_H2_128C_int8/1089-134686-0027_generated.wav,2.710023,0.072725,0.069484,0.026835,0.02564,2.213732,0.941333,0.572148
H2_128C_quantized_resblocks_range_1_10,1089-134686-0028.wav,generated_audios/generated_H2_128C_int8/1089-134686-0028_generated.wav,7.830023,0.178958,0.175492,0.022855,0.022413,2.091904,0.928078,0.59381
H2_128C_quantized_resblocks_range_1_10,1089-134686-0029.wav,generated_audios/generated_H2_128C_int8/1089-134686-0029_generated.wav,4.670023,0.129241,0.125605,0.027675,0.026896,2.125285,0.920996,0.622075
H2_128C_quantized_resblocks_range_1_10,1089-134686-0030.wav,generated_audios/generated_H2_128C_int8/1089-134686-0030_generated.wav,2.715011,0.065,0.061784,0.023941,0.022756,1.717605,0.912982,0.575293
H2_128C_quantized_resblocks_range_1_10,1089-134686-0031.wav,generated_audios/generated_H2_128C_int8/1089-134686-0031_generated.wav,6.615011,0.13535,0.131476,0.020461,0.019875,2.022099,0.911192,0.635844
H2_128C_quantized_resblocks_range_1_10,121-121726-0000.wav,generated_audios/generated_H2_128C_int8/121-121726-0000_generated.wav,8.46,0.200351,0.196365,0.023682,0.023211,1.817608,0.927002,0.825906
H2_128C_quantized_resblocks_range_1_10,121-121726-0001.wav,generated_audios/generated_H2_128C_int8/121-121726-0001_generated.wav,5.925034,0.159134,0.155494,0.026858,0.026244,1.926434,0.919827,1.165277
H2_128C_quantized_resblocks_range_1_10,121-121726-0002.wav,generated_audios/generated_H2_128C_int8/121-121726-0002_generated.wav,4.410023,0.0906,0.087223,0.020544,0.019778,2.005901,0.910308,1.096588
H2_128C_quantized_resblocks_range_1_10,121-121726-0003.wav,generated_audios/generated_H2_128C_int8/121-121726-0003_generated.wav,6.755011,0.161308,0.157599,0.02388,0.023331,2.06755,0.937428,1.032042
H2_128C_quantized_resblocks_range_1_10,121-121726-0004.wav,generated_audios/generated_H2_128C_int8/121-121726-0004_generated.wav,4.02,0.101638,0.098069,0.025283,0.024395,2.018208,0.94141,1.241953
H2_128C_quantized_resblocks_range_1_10,121-121726-0005.wav,generated_audios/generated_H2_128C_int8/121-121726-0005_generated.wav,3.1,0.079668,0.076292,0.025699,0.02461,2.387457,0.961361,1.58643
H2_128C_quantized_resblocks_range_1_10,121-121726-0006.wav,generated_audios/generated_H2_128C_int8/121-121726-0006_generated.wav,3.895011,0.099088,0.095692,0.02544,0.024568,2.100479,0.925876,1.155106
H2_128C_quantized_resblocks_range_1_10,121-121726-0007.wav,generated_audios/generated_H2_128C_int8/121-121726-0007_generated.wav,6.730023,0.135326,0.13154,0.020108,0.019545,2.01314,0.94361,1.095398
H2_128C_quantized_resblocks_range_1_10,121-121726-0008.wav,generated_audios/generated_H2_128C_int8/121-121726-0008_generated.wav,4.990023,0.140039,0.136987,0.028064,0.027452,2.118742,0.952776,1.335995
H2_128C_quantized_resblocks_range_1_10,121-121726-0009.wav,generated_audios/generated_H2_128C_int8/121-121726-0009_generated.wav,7.26,0.176658,0.172871,0.024333,0.023811,1.849975,0.930328,1.024681
H2_128C_quantized_resblocks_range_1_10,121-121726-0010.wav,generated_audios/generated_H2_128C_int8/121-121726-0010_generated.wav,9.810023,0.2332,0.228941,0.023772,0.023338,1.91898,0.923904,1.015963
H2_128C_quantized_resblocks_range_1_10,121-121726-0011.wav,generated_audios/generated_H2_128C_int8/121-121726-0011_generated.wav,4.035011,0.099531,0.095991,0.024667,0.023789,2.185538,0.948303,1.202258
H2_128C_quantized_resblocks_range_1_10,121-121726-0012.wav,generated_audios/generated_H2_128C_int8/121-121726-0012_generated.wav,4.045034,0.109432,0.105862,0.027053,0.026171,2.135575,0.939707,0.967915
H2_128C_quantized_resblocks_range_1_10,121-121726-0013.wav,generated_audios/generated_H2_128C_int8/121-121726-0013_generated.wav,2.490023,0.06876,0.065555,0.027614,0.026327,1.932982,0.934957,1.146795
H2_128C_quantized_resblocks_range_1_10,121-121726-0014.wav,generated_audios/generated_H2_128C_int8/121-121726-0014_generated.wav,3.165034,0.398471,0.343489,0.125898,0.108526,2.321524,0.949915,1.252806
H2_128C_quantized_resblocks_range_1_10,121-123852-0000.wav,generated_audios/generated_H2_128C_int8/121-123852-0000_generated.wav,17.695011,0.503373,0.498662,0.028447,0.028181,1.857432,0.924408,1.035824
H2_128C_quantized_resblocks_range_1_10,121-123852-0001.wav,generated_audios/generated_H2_128C_int8/121-123852-0001_generated.wav,1.870023,0.056016,0.052843,0.029955,0.028258,1.553458,0.777841,1.592794
H2_128C_quantized_resblocks_range_1_10,121-123852-0002.wav,generated_audios/generated_H2_128C_int8/121-123852-0002_generated.wav,17.285034,0.495885,0.490891,0.028689,0.0284,1.813968,0.906066,0.871144
H2_128C_quantized_resblocks_range_1_10,121-123852-0003.wav,generated_audios/generated_H2_128C_int8/121-123852-0003_generated.wav,23.505034,7.185669,7.179351,0.305708,0.305439,1.707551,0.901392,0.903271
H2_128C_quantized_resblocks_range_1_10,121-123852-0004.wav,generated_audios/generated_H2_128C_int8/121-123852-0004_generated.wav,16.290023,4.524854,4.519457,0.277768,0.277437,1.955801,0.924413,0.858802
H2_128C_quantized_resblocks_range_1_10,121-123859-0000.wav,generated_audios/generated_H2_128C_int8/121-123859-0000_generated.wav,17.390023,4.549202,4.543715,0.261598,0.261283,1.480108,0.889656,0.944968
H2_128C_quantized_resblocks_range_1_10,121-123859-0001.wav,generated_audios/generated_H2_128C_int8/121-123859-0001_generated.wav,25.395011,6.861223,6.853855,0.27018,0.26989,1.856578,0.916861,0.88878
H2_128C_quantized_resblocks_range_1_10,121-123859-0002.wav,generated_audios/generated_H2_128C_int8/121-123859-0002_generated.wav,30.04,8.443008,8.435657,0.281059,0.280814,1.795152,0.909651,0.865065
H2_128C_quantized_resblocks_range_1_10,121-123859-0003.wav,generated_audios/generated_H2_128C_int8/121-123859-0003_generated.wav,10.825034,2.775528,2.771068,0.256399,0.255987,1.841326,0.926453,1.125888
H2_128C_quantized_resblocks_range_1_10,121-123859-0004.wav,generated_audios/generated_H2_128C_int8/121-123859-0004_generated.wav,9.505034,2.448444,2.444114,0.257594,0.257139,1.576991,0.908841,0.956424
H2_128C_quantized_resblocks_range_1_10,121-127105-0000.wav,generated_audios/generated_H2_128C_int8/121-127105-0000_generated.wav,9.875011,2.514613,2.510366,0.254644,0.254214,1.815017,0.913396,0.803919
H2_128C_quantized_resblocks_range_1_10,121-127105-0001.wav,generated_audios/generated_H2_128C_int8/121-127105-0001_generated.wav,5.025034,1.205997,1.202257,0.239998,0.239254,1.801489,0.913991,0.659459
H2_128C_quantized_resblocks_range_1_10,121-127105-0002.wav,generated_audios/generated_H2_128C_int8/121-127105-0002_generated.wav,7.495011,1.790888,1.786883,0.238944,0.23841,1.74752,0.916838,0.742077
H2_128C_quantized_resblocks_range_1_10,121-127105-0003.wav,generated_audios/generated_H2_128C_int8/121-127105-0003_generated.wav,7.725034,1.946333,1.942365,0.251951,0.251438,1.844671,0.921374,0.824606
H2_128C_quantized_resblocks_range_1_10,121-127105-0004.wav,generated_audios/generated_H2_128C_int8/121-127105-0004_generated.wav,2.110023,0.529088,0.525797,0.25075,0.24919,1.367642,0.930252,1.253608
H2_128C_quantized_resblocks_range_1_10,121-127105-0005.wav,generated_audios/generated_H2_128C_int8/121-127105-0005_generated.wav,5.82,1.421215,1.417678,0.244195,0.243587,1.844419,0.925095,0.805342
H2_128C_quantized_resblocks_range_1_10,121-127105-0006.wav,generated_audios/generated_H2_128C_int8/121-127105-0006_generated.wav,4.725034,1.206849,1.203253,0.255416,0.254655,1.057089,0.809535,1.944272
H2_128C_quantized_resblocks_range_1_10,121-127105-0007.wav,generated_audios/generated_H2_128C_int8/121-127105-0007_generated.wav,5.790023,1.402843,1.398853,0.242286,0.241597,1.080465,0.831805,1.790443
H2_128C_quantized_resblocks_range_1_10,121-127105-0008.wav,generated_audios/generated_H2_128C_int8/121-127105-0008_generated.wav,2.76,0.688398,0.685098,0.249419,0.248224,1.087604,0.799922,2.055622
H2_128C_quantized_resblocks_range_1_10,121-127105-0009.wav,generated_audios/generated_H2_128C_int8/121-127105-0009_generated.wav,2.290023,0.574592,0.570448,0.250911,0.249102,1.075147,0.813659,1.648042
H2_128C_quantized_resblocks_range_1_10,121-127105-0010.wav,generated_audios/generated_H2_128C_int8/121-127105-0010_generated.wav,2.850023,0.707899,0.704698,0.248383,0.247261,1.06751,0.786973,1.624022
H2_128C_quantized_resblocks_range_1_10,121-127105-0011.wav,generated_audios/generated_H2_128C_int8/121-127105-0011_generated.wav,5.78,1.452338,1.448878,0.25127,0.250671,1.068581,0.76803,1.498007
H2_128C_quantized_resblocks_range_1_10,121-127105-0012.wav,generated_audios/generated_H2_128C_int8/121-127105-0012_generated.wav,4.830023,1.237188,1.233599,0.256145,0.255402,1.043761,0.789099,1.522889
H2_128C_quantized_resblocks_range_1_10,121-127105-0013.wav,generated_audios/generated_H2_128C_int8/121-127105-0013_generated.wav,5.895011,1.441025,1.437274,0.244448,0.243812,1.083473,0.808118,1.744764
H2_128C_quantized_resblocks_range_1_10,121-127105-0014.wav,generated_audios/generated_H2_128C_int8/121-127105-0014_generated.wav,2.255011,0.534873,0.531683,0.237193,0.235778,1.127878,0.75637,2.382353
H2_128C_quantized_resblocks_range_1_10,121-127105-0015.wav,generated_audios/generated_H2_128C_int8/121-127105-0015_generated.wav,2.96,0.74117,0.737903,0.250395,0.249292,1.083173,0.790531,1.660981
H2_128C_quantized_resblocks_range_1_10,121-127105-0016.wav,generated_audios/generated_H2_128C_int8/121-127105-0016_generated.wav,2.030023,0.490977,0.48766,0.241858,0.240224,1.087699,0.815555,1.620625
H2_128C_quantized_resblocks_range_1_10,121-127105-0017.wav,generated_audios/generated_H2_128C_int8/121-127105-0017_generated.wav,2.695011,0.67944,0.676254,0.25211,0.250928,1.069103,0.790473,1.428562
H2_128C_quantized_resblocks_range_1_10,121-127105-0018.wav,generated_audios/generated_H2_128C_int8/121-127105-0018_generated.wav,2.770023,0.695761,0.692482,0.251175,0.249991,1.072809,0.761162,1.655987
H2_128C_quantized_resblocks_range_1_10,121-127105-0019.wav,generated_audios/generated_H2_128C_int8/121-127105-0019_generated.wav,3.525034,0.857156,0.853639,0.243162,0.242165,1.061999,0.77026,1.834733
H2_128C_quantized_resblocks_range_1_10,121-127105-0020.wav,generated_audios/generated_H2_128C_int8/121-127105-0020_generated.wav,14.355011,3.849735,3.844801,0.268181,0.267837,1.080235,0.817812,1.532923
H2_128C_quantized_resblocks_range_1_10,121-127105-0021.wav,generated_audios/generated_H2_128C_int8/121-127105-0021_generated.wav,2.0,0.480471,0.477165,0.240235,0.238583,1.083285,0.829818,1.757214
H2_128C_quantized_resblocks_range_1_10,121-127105-0022.wav,generated_audios/generated_H2_128C_int8/121-127105-0022_generated.wav,5.075011,1.264595,1.260973,0.249181,0.248467,1.134521,0.824711,2.16838
H2_128C_quantized_resblocks_range_1_10,121-127105-0023.wav,generated_audios/generated_H2_128C_int8/121-127105-0023_generated.wav,10.910023,2.647956,2.643628,0.242709,0.242312,1.092828,0.818849,1.53424
H2_128C_quantized_resblocks_range_1_10,121-127105-0024.wav,generated_audios/generated_H2_128C_int8/121-127105-0024_generated.wav,14.450023,3.983142,3.97806,0.27565,0.275298,1.085301,0.814247,1.613029
H2_128C_quantized_resblocks_range_1_10,121-127105-0025.wav,generated_audios/generated_H2_128C_int8/121-127105-0025_generated.wav,16.065034,4.242814,4.237819,0.264102,0.263791,1.086087,0.821079,1.589632
H2_128C_quantized_resblocks_range_1_10,121-127105-0026.wav,generated_audios/generated_H2_128C_int8/121-127105-0026_generated.wav,7.530023,1.805414,1.801179,0.239762,0.2392,1.084814,0.835192,1.531937
H2_128C_quantized_resblocks_range_1_10,121-127105-0027.wav,generated_audios/generated_H2_128C_int8/121-127105-0027_generated.wav,13.870023,3.713097,3.708545,0.267707,0.267378,1.108603,0.820722,1.707514
H2_128C_quantized_resblocks_range_1_10,121-127105-0028.wav,generated_audios/generated_H2_128C_int8/121-127105-0028_generated.wav,6.750023,0.160324,0.156469,0.023752,0.02318,1.118195,0.830854,1.818243
H2_128C_quantized_resblocks_range_1_10,121-127105-0029.wav,generated_audios/generated_H2_128C_int8/121-127105-0029_generated.wav,7.310023,1.821843,1.81785,0.249225,0.248679,1.0862,0.837406,1.843082
H2_128C_quantized_resblocks_range_1_10,121-127105-0030.wav,generated_audios/generated_H2_128C_int8/121-127105-0030_generated.wav,2.175011,0.529471,0.526267,0.243434,0.241961,1.052901,0.811234,1.887496
H2_128C_quantized_resblocks_range_1_10,121-127105-0031.wav,generated_audios/generated_H2_128C_int8/121-127105-0031_generated.wav,10.765034,2.553442,2.549435,0.237198,0.236826,1.090614,0.738532,2.213221
H2_128C_quantized_resblocks_range_1_10,121-127105-0032.wav,generated_audios/generated_H2_128C_int8/121-127105-0032_generated.wav,3.170023,0.747839,0.744195,0.23591,0.23476,1.078048,0.844706,1.837541
H2_128C_quantized_resblocks_range_1_10,121-127105-0033.wav,generated_audios/generated_H2_128C_int8/121-127105-0033_generated.wav,2.355011,0.577941,0.574807,0.245409,0.244078,1.078795,0.809047,2.288398
H2_128C_quantized_resblocks_range_1_10,121-127105-0034.wav,generated_audios/generated_H2_128C_int8/121-127105-0034_generated.wav,7.410023,1.89683,1.893101,0.255982,0.255478,1.094175,0.812874,2.280276
H2_128C_quantized_resblocks_range_1_10,121-127105-0035.wav,generated_audios/generated_H2_128C_int8/121-127105-0035_generated.wav,14.150023,3.764105,3.759385,0.266014,0.26568,1.096447,0.795734,2.530295
H2_128C_quantized_resblocks_range_1_10,121-127105-0036.wav,generated_audios/generated_H2_128C_int8/121-127105-0036_generated.wav,4.150023,0.986283,0.982848,0.237657,0.23683,1.137691,0.75355,2.39175
H2_128C_quantized_resblocks_range_1_10,237-126133-0000.wav,generated_audios/generated_H2_128C_int8/237-126133-0000_generated.wav,13.290023,3.73156,3.727257,0.280779,0.280455,1.065319,0.78911,1.759098
H2_128C_quantized_resblocks_range_1_10,237-126133-0001.wav,generated_audios/generated_H2_128C_int8/237-126133-0001_generated.wav,11.965034,3.412751,3.407791,0.285227,0.284813,1.06476,0.75663,1.785181
H2_128C_quantized_resblocks_range_1_10,237-126133-0002.wav,generated_audios/generated_H2_128C_int8/237-126133-0002_generated.wav,8.92,2.178052,2.173914,0.244176,0.243712,1.045209,0.754688,1.954436
H2_128C_quantized_resblocks_range_1_10,237-126133-0003.wav,generated_audios/generated_H2_128C_int8/237-126133-0003_generated.wav,6.56,1.647319,1.643533,0.251116,0.250538,1.048973,0.727652,1.841918
H2_128C_quantized_resblocks_range_1_10,237-126133-0004.wav,generated_audios/generated_H2_128C_int8/237-126133-0004_generated.wav,3.295011,0.83772,0.834379,0.254239,0.253225,1.054752,0.741386,1.883526
H2_128C_quantized_resblocks_range_1_10,237-126133-0005.wav,generated_audios/generated_H2_128C_int8/237-126133-0005_generated.wav,6.510023,1.65542,1.651702,0.254288,0.253717,1.074534,0.748009,1.79937
H2_128C_quantized_resblocks_range_1_10,237-126133-0006.wav,generated_audios/generated_H2_128C_int8/237-126133-0006_generated.wav,6.150023,1.544688,1.540971,0.251168,0.250564,1.091547,0.776559,1.919609
H2_128C_quantized_resblocks_range_1_10,237-126133-0007.wav,generated_audios/generated_H2_128C_int8/237-126133-0007_generated.wav,8.68,2.084527,2.080444,0.240153,0.239682,1.069141,0.760209,1.857197
H2_128C_quantized_resblocks_range_1_10,237-126133-0008.wav,generated_audios/generated_H2_128C_int8/237-126133-0008_generated.wav,3.865034,0.974451,0.97119,0.25212,0.251276,1.054968,0.765407,1.878762
H2_128C_quantized_resblocks_range_1_10,237-126133-0009.wav,generated_audios/generated_H2_128C_int8/237-126133-0009_generated.wav,3.970023,0.990946,0.987402,0.249607,0.248715,1.060913,0.767709,1.906669
H2_128C_quantized_resblocks_range_1_10,237-126133-0010.wav,generated_audios/generated_H2_128C_int8/237-126133-0010_generated.wav,6.24,1.502158,1.498591,0.24073,0.240159,1.047117,0.693889,1.847366
H2_128C_quantized_resblocks_range_1_10,237-126133-0011.wav,generated_audios/generated_H2_128C_int8/237-126133-0011_generated.wav,6.710023,1.730167,1.726357,0.257848,0.25728,1.085173,0.798304,1.895675
H2_128C_quantized_resblocks_range_1_10,237-126133-0012.wav,generated_audios/generated_H2_128C_int8/237-126133-0012_generated.wav,4.450023,1.152049,1.148405,0.258886,0.258067,1.062342,0.717059,1.886809
H2_128C_quantized_resblocks_range_1_10,237-126133-0013.wav,generated_audios/generated_H2_128C_int8/237-126133-0013_generated.wav,6.815011,1.738285,1.734616,0.255067,0.254529,1.059904,0.730235,1.965708
H2_128C_quantized_resblocks_range_1_10,237-126133-0014.wav,generated_audios/generated_H2_128C_int8/237-126133-0014_generated.wav,6.790023,1.733084,1.729275,0.25524,0.254679,1.062462,0.745782,1.747037
H2_128C_quantized_resblocks_range_1_10,237-126133-0015.wav,generated_audios/generated_H2_128C_int8/237-126133-0015_generated.wav,9.34,2.282098,2.277679,0.244336,0.243863,1.06717,0.764995,1.867017
H2_128C_quantized_resblocks_range_1_10,237-126133-0016.wav,generated_audios/generated_H2_128C_int8/237-126133-0016_generated.wav,4.250023,1.034454,1.030796,0.2434,0.242539,1.09566,0.763777,1.850523
H2_128C_quantized_resblocks_range_1_10,237-126133-0017.wav,generated_audios/generated_H2_128C_int8/237-126133-0017_generated.wav,6.210023,1.504453,1.500662,0.242262,0.241652,1.114887,0.823924,1.785433
H2_128C_quantized_resblocks_range_1_10,237-126133-0018.wav,generated_audios/generated_H2_128C_int8/237-126133-0018_generated.wav,4.095011,1.047591,1.043857,0.255821,0.254909,1.069769,0.714404,2.057841
H2_128C_quantized_resblocks_range_1_10,237-126133-0019.wav,generated_audios/generated_H2_128C_int8/237-126133-0019_generated.wav,7.12,1.829377,1.825583,0.256935,0.256402,1.052928,0.750386,1.881091
H2_128C_quantized_resblocks_range_1_10,237-126133-0020.wav,generated_audios/generated_H2_128C_int8/237-126133-0020_generated.wav,2.24,0.530734,0.527194,0.236935,0.235355,1.075356,0.769675,1.828957
H2_128C_quantized_resblocks_range_1_10,237-126133-0021.wav,generated_audios/generated_H2_128C_int8/237-126133-0021_generated.wav,4.365034,1.044417,1.040918,0.239269,0.238467,1.060756,0.74219,1.93298
H2_128C_quantized_resblocks_range_1_10,237-126133-0022.wav,generated_audios/generated_H2_128C_int8/237-126133-0022_generated.wav,5.04,1.288357,1.284802,0.255626,0.254921,1.074008,0.78115,1.828694
H2_128C_quantized_resblocks_range_1_10,237-126133-0023.wav,generated_audios/generated_H2_128C_int8/237-126133-0023_generated.wav,6.675011,1.709032,1.705229,0.256034,0.255465,1.054646,0.769212,1.830058
H2_128C_quantized_resblocks_range_1_10,237-126133-0024.wav,generated_audios/generated_H2_128C_int8/237-126133-0024_generated.wav,9.665034,2.491844,2.487649,0.257821,0.257386,1.097156,0.791195,1.660796
H2_128C_quantized_resblocks_range_1_10,237-126133-0025.wav,generated_audios/generated_H2_128C_int8/237-126133-0025_generated.wav,3.755011,0.944203,0.941001,0.251451,0.250599,1.078228,0.794218,1.788956
H2_128C_quantized_resblocks_range_1_10,237-134493-0000.wav,generated_audios/generated_H2_128C_int8/237-134493-0000_generated.wav,4.105034,1.06466,1.061262,0.259355,0.258527,1.225781,0.858419,1.333688
H2_128C_quantized_resblocks_range_1_10,237-134493-0001.wav,generated_audios/generated_H2_128C_int8/237-134493-0001_generated.wav,7.38,1.850713,1.846938,0.250774,0.250263,1.227287,0.871038,1.298658
H2_128C_quantized_resblocks_range_1_10,237-134493-0002.wav,generated_audios/generated_H2_128C_int8/237-134493-0002_generated.wav,11.395011,2.995503,2.991098,0.262878,0.262492,1.279184,0.862817,1.378502
H2_128C_quantized_resblocks_range_1_10,237-134493-0003.wav,generated_audios/generated_H2_128C_int8/237-134493-0003_generated.wav,12.765034,3.559698,3.555119,0.278863,0.278504,1.197231,0.87588,1.313158
H2_128C_quantized_resblocks_range_1_10,237-134493-0004.wav,generated_audios/generated_H2_128C_int8/237-134493-0004_generated.wav,6.825034,1.765751,1.761965,0.258717,0.258162,1.286246,0.866902,1.26756
H2_128C_quantized_resblocks_range_1_10,237-134493-0005.wav,generated_audios/generated_H2_128C_int8/237-134493-0005_generated.wav,10.945034,2.677745,2.673453,0.244654,0.244262,1.27667,0.864099,1.241686
H2_128C_quantized_resblocks_range_1_10,237-134493-0006.wav,generated_audios/generated_H2_128C_int8/237-134493-0006_generated.wav,4.395011,1.064094,1.060443,0.242114,0.241283,1.426818,0.905299,1.150676
H2_128C_quantized_resblocks_range_1_10,237-134493-0007.wav,generated_audios/generated_H2_128C_int8/237-134493-0007_generated.wav,2.035011,0.486865,0.483659,0.239244,0.237669,1.298099,0.841494,1.172134
H2_128C_quantized_resblocks_range_1_10,237-134493-0008.wav,generated_audios/generated_H2_128C_int8/237-134493-0008_generated.wav,2.305034,0.541548,0.538234,0.234941,0.233504,1.275228,0.839996,1.438672
H2_128C_quantized_resblocks_range_1_10,237-134493-0009.wav,generated_audios/generated_H2_128C_int8/237-134493-0009_generated.wav,2.975011,0.754656,0.751345,0.253665,0.252552,1.244819,0.883582,1.358685
H2_128C_quantized_resblocks_range_1_10,237-134493-0010.wav,generated_audios/generated_H2_128C_int8/237-134493-0010_generated.wav,2.875011,0.714767,0.711506,0.248614,0.247479,1.219426,0.845474,1.257273
H2_128C_quantized_resblocks_range_1_10,237-134493-0011.wav,generated_audios/generated_H2_128C_int8/237-134493-0011_generated.wav,5.035011,1.306521,1.303297,0.259487,0.258847,1.255753,0.874048,1.208777
H2_128C_quantized_resblocks_range_1_10,237-134493-0012.wav,generated_audios/generated_H2_128C_int8/237-134493-0012_generated.wav,3.66,0.871133,0.867764,0.238015,0.237094,1.325418,0.876577,1.234288
H2_128C_quantized_resblocks_range_1_10,237-134493-0013.wav,generated_audios/generated_H2_128C_int8/237-134493-0013_generated.wav,4.090023,0.092222,0.088751,0.022548,0.021699,1.337519,0.870505,1.214666
H2_128C_quantized_resblocks_range_1_10,237-134493-0014.wav,generated_audios/generated_H2_128C_int8/237-134493-0014_generated.wav,3.7,0.902122,0.898725,0.243817,0.242899,1.298647,0.875262,1.253687
H2_128C_quantized_resblocks_range_1_10,237-134493-0015.wav,generated_audios/generated_H2_128C_int8/237-134493-0015_generated.wav,6.550023,0.168592,0.164735,0.025739,0.02515,1.251449,0.870762,1.226472
H2_128C_quantized_resblocks_range_1_10,237-134493-0016.wav,generated_audios/generated_H2_128C_int8/237-134493-0016_generated.wav,10.085034,2.585888,2.581584,0.256408,0.255982,1.313378,0.889893,1.200036
H2_128C_quantized_resblocks_range_1_10,237-134493-0017.wav,generated_audios/generated_H2_128C_int8/237-134493-0017_generated.wav,9.105034,2.348375,2.344369,0.257921,0.257481,1.26099,0.87692,1.248038
H2_128C_quantized_resblocks_range_1_10,237-134493-0018.wav,generated_audios/generated_H2_128C_int8/237-134493-0018_generated.wav,4.790023,1.237035,1.233495,0.258252,0.257513,1.326148,0.905308,1.243424
H2_128C_quantized_resblocks_range_1_10,237-134500-0000.wav,generated_audios/generated_H2_128C_int8/237-134500-0000_generated.wav,6.130023,1.551395,1.547705,0.253082,0.252479,1.193145,0.853518,1.419984
H2_128C_quantized_resblocks_range_1_10,237-134500-0001.wav,generated_audios/generated_H2_128C_int8/237-134500-0001_generated.wav,1.810023,0.423982,0.420823,0.234242,0.232496,1.22824,0.845974,1.477271
H2_128C_quantized_resblocks_range_1_10,237-134500-0002.wav,generated_audios/generated_H2_128C_int8/237-134500-0002_generated.wav,5.070023,1.291136,1.287796,0.254661,0.254002,1.235746,0.886061,1.312447
H2_128C_quantized_resblocks_range_1_10,237-134500-0003.wav,generated_audios/generated_H2_128C_int8/237-134500-0003_generated.wav,3.170023,0.083411,0.079776,0.026312,0.025166,1.126581,0.847451,1.426813
H2_128C_quantized_resblocks_range_1_10,237-134500-0004.wav,generated_audios/generated_H2_128C_int8/237-134500-0004_generated.wav,2.225034,0.062865,0.059695,0.028253,0.026829,1.298546,0.885969,1.274865
H2_128C_quantized_resblocks_range_1_10,237-134500-0005.wav,generated_audios/generated_H2_128C_int8/237-134500-0005_generated.wav,2.390023,0.590986,0.587758,0.247272,0.245921,1.209195,0.865876,1.282273
H2_128C_quantized_resblocks_range_1_10,237-134500-0006.wav,generated_audios/generated_H2_128C_int8/237-134500-0006_generated.wav,4.225034,1.009777,1.006329,0.238999,0.238182,1.219079,0.872277,1.304568
H2_128C_quantized_resblocks_range_1_10,237-134500-0007.wav,generated_audios/generated_H2_128C_int8/237-134500-0007_generated.wav,2.390023,0.056733,0.053449,0.023738,0.022364,1.153608,0.817099,1.441554
H2_128C_quantized_resblocks_range_1_10,237-134500-0008.wav,generated_audios/generated_H2_128C_int8/237-134500-0008_generated.wav,3.76,0.081217,0.077832,0.0216,0.0207,1.227431,0.82903,1.397251
H2_128C_quantized_resblocks_range_1_10,237-134500-0009.wav,generated_audios/generated_H2_128C_int8/237-134500-0009_generated.wav,2.22,0.052585,0.049339,0.023687,0.022225,1.09059,0.835538,1.394226
H2_128C_quantized_resblocks_range_1_10,237-134500-0010.wav,generated_audios/generated_H2_128C_int8/237-134500-0010_generated.wav,3.995011,1.014529,1.011093,0.253949,0.253089,1.209392,0.86478,1.282606
H2_128C_quantized_resblocks_range_1_10,237-134500-0011.wav,generated_audios/generated_H2_128C_int8/237-134500-0011_generated.wav,3.350023,0.806032,0.80268,0.240605,0.239604,1.208645,0.821288,1.302301
H2_128C_quantized_resblocks_range_1_10,237-134500-0012.wav,generated_audios/generated_H2_128C_int8/237-134500-0012_generated.wav,10.935011,2.883921,2.879707,0.263733,0.263347,1.150592,0.848889,1.386542
H2_128C_quantized_resblocks_range_1_10,237-134500-0013.wav,generated_audios/generated_H2_128C_int8/237-134500-0013_generated.wav,10.56,0.279415,0.274672,0.02646,0.026011,1.165028,0.865903,1.360003
H2_128C_quantized_resblocks_range_1_10,237-134500-0014.wav,generated_audios/generated_H2_128C_int8/237-134500-0014_generated.wav,4.250023,0.121269,0.118135,0.028534,0.027796,1.169253,0.859179,1.359939
H2_128C_quantized_resblocks_range_1_10,237-134500-0015.wav,generated_audios/generated_H2_128C_int8/237-134500-0015_generated.wav,10.815011,2.764521,2.76043,0.255619,0.255241,1.181577,0.869261,1.37361
H2_128C_quantized_resblocks_range_1_10,237-134500-0016.wav,generated_audios/generated_H2_128C_int8/237-134500-0016_generated.wav,3.16,0.083717,0.080545,0.026493,0.025489,1.120068,0.769871,1.586787
H2_128C_quantized_resblocks_range_1_10,237-134500-0017.wav,generated_audios/generated_H2_128C_int8/237-134500-0017_generated.wav,2.18,0.063147,0.059954,0.028967,0.027502,1.244588,0.892366,1.365861
H2_128C_quantized_resblocks_range_1_10,237-134500-0018.wav,generated_audios/generated_H2_128C_int8/237-134500-0018_generated.wav,12.845034,3.663196,3.658962,0.285184,0.284854,1.167198,0.853903,1.478586
H2_128C_quantized_resblocks_range_1_10,237-134500-0019.wav,generated_audios/generated_H2_128C_int8/237-134500-0019_generated.wav,2.86,0.686849,0.684337,0.240157,0.239279,1.11602,0.837047,1.492337
H2_128C_quantized_resblocks_range_1_10,237-134500-0020.wav,generated_audios/generated_H2_128C_int8/237-134500-0020_generated.wav,2.18,0.051715,0.048639,0.023723,0.022311,1.23458,0.902119,1.656464
H2_128C_quantized_resblocks_range_1_10,237-134500-0021.wav,generated_audios/generated_H2_128C_int8/237-134500-0021_generated.wav,5.12,1.224394,1.220989,0.239139,0.238474,1.132926,0.777011,1.424108
H2_128C_quantized_resblocks_range_1_10,237-134500-0022.wav,generated_audios/generated_H2_128C_int8/237-134500-0022_generated.wav,5.165034,1.249243,1.246577,0.241865,0.241349,1.129925,0.821281,1.450327
H2_128C_quantized_resblocks_range_1_10,237-134500-0023.wav,generated_audios/generated_H2_128C_int8/237-134500-0023_generated.wav,3.06,0.784972,0.781936,0.256527,0.255535,1.179521,0.853062,1.495764
H2_128C_quantized_resblocks_range_1_10,237-134500-0024.wav,generated_audios/generated_H2_128C_int8/237-134500-0024_generated.wav,4.410023,0.113026,0.109474,0.025629,0.024824,1.237983,0.827068,1.507174
H2_128C_quantized_resblocks_range_1_10,237-134500-0025.wav,generated_audios/generated_H2_128C_int8/237-134500-0025_generated.wav,1.630023,0.382593,0.379357,0.234717,0.232731,1.161184,0.806718,1.78415
H2_128C_quantized_resblocks_range_1_10,237-134500-0026.wav,generated_audios/generated_H2_128C_int8/237-134500-0026_generated.wav,3.050023,0.768471,0.765115,0.251956,0.250856,1.221716,0.839748,1.459037
H2_128C_quantized_resblocks_range_1_10,237-134500-0027.wav,generated_audios/generated_H2_128C_int8/237-134500-0027_generated.wav,3.270023,0.851761,0.848263,0.260476,0.259406,1.172429,0.818125,1.441929
H2_128C_quantized_resblocks_range_1_10,237-134500-0028.wav,generated_audios/generated_H2_128C_int8/237-134500-0028_generated.wav,4.524943,1.188133,1.184997,0.262574,0.261881,1.152818,0.834029,1.512224
H2_128C_quantized_resblocks_range_1_10,237-134500-0029.wav,generated_audios/generated_H2_128C_int8/237-134500-0029_generated.wav,2.065034,0.497626,0.49437,0.240977,0.2394,1.15619,0.870942,1.319418
H2_128C_quantized_resblocks_range_1_10,237-134500-0030.wav,generated_audios/generated_H2_128C_int8/237-134500-0030_generated.wav,2.78,0.72005,0.717032,0.259011,0.257925,1.187834,0.857219,1.474488
H2_128C_quantized_resblocks_range_1_10,237-134500-0031.wav,generated_audios/generated_H2_128C_int8/237-134500-0031_generated.wav,10.610023,2.729321,2.725737,0.25724,0.256902,1.236231,0.864721,1.399229
H2_128C_quantized_resblocks_range_1_10,237-134500-0032.wav,generated_audios/generated_H2_128C_int8/237-134500-0032_generated.wav,5.025034,0.126133,0.122843,0.025101,0.024446,1.157192,0.861924,1.483378
H2_128C_quantized_resblocks_range_1_10,237-134500-0033.wav,generated_audios/generated_H2_128C_int8/237-134500-0033_generated.wav,6.350023,1.549641,1.54592,0.244037,0.243451,1.171734,0.811861,1.483333
H2_128C_quantized_resblocks_range_1_10,237-134500-0034.wav,generated_audios/generated_H2_128C_int8/237-134500-0034_generated.wav,3.075011,0.739548,0.736467,0.240502,0.239501,1.10867,0.82457,1.662437
H2_128C_quantized_resblocks_range_1_10,237-134500-0035.wav,generated_audios/generated_H2_128C_int8/237-134500-0035_generated.wav,2.555011,0.647748,0.644509,0.253521,0.252253,1.128051,0.842655,1.570159
H2_128C_quantized_resblocks_range_1_10,237-134500-0036.wav,generated_audios/generated_H2_128C_int8/237-134500-0036_generated.wav,6.6,1.705946,1.702147,0.258477,0.257901,1.164826,0.83404,1.544674
H2_128C_quantized_resblocks_range_1_10,237-134500-0037.wav,generated_audios/generated_H2_128C_int8/237-134500-0037_generated.wav,7.105034,1.800896,1.797164,0.253468,0.252942,1.125013,0.811441,1.428586
H2_128C_quantized_resblocks_range_1_10,237-134500-0038.wav,generated_audios/generated_H2_128C_int8/237-134500-0038_generated.wav,2.435011,0.600935,0.597572,0.246789,0.245408,1.086874,0.804182,1.389259
H2_128C_quantized_resblocks_range_1_10,237-134500-0039.wav,generated_audios/generated_H2_128C_int8/237-134500-0039_generated.wav,4.630023,1.193018,1.189486,0.25767,0.256907,1.153166,0.814897,1.445126
H2_128C_quantized_resblocks_range_1_10,237-134500-0040.wav,generated_audios/generated_H2_128C_int8/237-134500-0040_generated.wav,4.030023,0.100542,0.09708,0.024948,0.024089,1.149249,0.839676,1.388804
H2_128C_quantized_resblocks_range_1_10,237-134500-0041.wav,generated_audios/generated_H2_128C_int8/237-134500-0041_generated.wav,8.92,0.244054,0.240395,0.02736,0.02695,1.166657,0.866228,1.517671
H2_128C_quantized_resblocks_range_1_10,237-134500-0042.wav,generated_audios/generated_H2_128C_int8/237-134500-0042_generated.wav,2.575011,0.637221,0.634256,0.247463,0.246312,1.164866,0.757597,1.581047
H2_128C_quantized_resblocks_range_1_10,260-123286-0000.wav,generated_audios/generated_H2_128C_int8/260-123286-0000_generated.wav,7.04,1.733878,1.73018,0.246289,0.245764,1.147156,0.831245,2.306843
H2_128C_quantized_resblocks_range_1_10,260-123286-0001.wav,generated_audios/generated_H2_128C_int8/260-123286-0001_generated.wav,3.070023,0.06952,0.066076,0.022645,0.021523,1.088758,0.802742,2.234465
H2_128C_quantized_resblocks_range_1_10,260-123286-0002.wav,generated_audios/generated_H2_128C_int8/260-123286-0002_generated.wav,9.985034,2.574336,2.57028,0.257819,0.257413,1.100347,0.829167,1.898492
H2_128C_quantized_resblocks_range_1_10,260-123286-0003.wav,generated_audios/generated_H2_128C_int8/260-123286-0003_generated.wav,7.370023,1.908754,1.905558,0.258989,0.258555,1.09262,0.777401,2.049941
H2_128C_quantized_resblocks_range_1_10,260-123286-0004.wav,generated_audios/generated_H2_128C_int8/260-123286-0004_generated.wav,3.465034,0.882918,0.879498,0.254808,0.253821,1.072095,0.805876,2.291145
H2_128C_quantized_resblocks_range_1_10,260-123286-0005.wav,generated_audios/generated_H2_128C_int8/260-123286-0005_generated.wav,4.810023,1.171901,1.168809,0.243637,0.242994,1.079506,0.783447,1.749654
H2_128C_quantized_resblocks_range_1_10,260-123286-0006.wav,generated_audios/generated_H2_128C_int8/260-123286-0006_generated.wav,7.405034,1.883167,1.879264,0.254309,0.253782,1.152187,0.845262,1.638018
H2_128C_quantized_resblocks_range_1_10,260-123286-0007.wav,generated_audios/generated_H2_128C_int8/260-123286-0007_generated.wav,4.550023,1.157931,1.154142,0.254489,0.253656,1.084347,0.808508,1.758069
H2_128C_quantized_resblocks_range_1_10,260-123286-0008.wav,generated_audios/generated_H2_128C_int8/260-123286-0008_generated.wav,3.735011,0.914183,0.910909,0.24476,0.243884,1.112159,0.832354,1.824433
H2_128C_quantized_resblocks_range_1_10,260-123286-0009.wav,generated_audios/generated_H2_128C_int8/260-123286-0009_generated.wav,5.795011,1.518362,1.514695,0.262012,0.261379,1.083349,0.82061,1.734326
H2_128C_quantized_resblocks_range_1_10,260-123286-0010.wav,generated_audios/generated_H2_128C_int8/260-123286-0010_generated.wav,2.575011,0.060221,0.056842,0.023387,0.022074,1.128968,0.827176,2.266676
H2_128C_quantized_resblocks_range_1_10,260-123286-0011.wav,generated_audios/generated_H2_128C_int8/260-123286-0011_generated.wav,4.255011,0.119055,0.116333,0.02798,0.02734,1.122754,0.802005,2.026078
H2_128C_quantized_resblocks_range_1_10,260-123286-0012.wav,generated_audios/generated_H2_128C_int8/260-123286-0012_generated.wav,2.430023,0.056635,0.053494,0.023307,0.022014,1.102805,0.830384,2.096135
H2_128C_quantized_resblocks_range_1_10,260-123286-0013.wav,generated_audios/generated_H2_128C_int8/260-123286-0013_generated.wav,4.730023,1.21173,1.208447,0.256178,0.255484,1.149231,0.815642,1.937054
H2_128C_quantized_resblocks_range_1_10,260-123286-0014.wav,generated_audios/generated_H2_128C_int8/260-123286-0014_generated.wav,2.98,0.081527,0.078184,0.027358,0.026236,1.089772,0.784469,2.242217
H2_128C_quantized_resblocks_range_1_10,260-123286-0015.wav,generated_audios/generated_H2_128C_int8/260-123286-0015_generated.wav,5.210023,1.350845,1.347277,0.259278,0.258593,1.123922,0.836267,2.135305
H2_128C_quantized_resblocks_range_1_10,260-123286-0016.wav,generated_audios/generated_H2_128C_int8/260-123286-0016_generated.wav,7.0,1.824568,1.820859,0.260653,0.260123,1.106604,0.822439,1.673387
H2_128C_quantized_resblocks_range_1_10,260-123286-0017.wav,generated_audios/generated_H2_128C_int8/260-123286-0017_generated.wav,3.975011,0.976302,0.972668,0.24561,0.244696,1.127677,0.833137,1.829804
H2_128C_quantized_resblocks_range_1_10,260-123286-0018.wav,generated_audios/generated_H2_128C_int8/260-123286-0018_generated.wav,5.670023,1.481851,1.478224,0.261348,0.260709,1.123331,0.811519,1.659344
H2_128C_quantized_resblocks_range_1_10,260-123286-0019.wav,generated_audios/generated_H2_128C_int8/260-123286-0019_generated.wav,11.905034,3.450801,3.446755,0.289861,0.289521,1.117275,0.819101,1.764312
H2_128C_quantized_resblocks_range_1_10,260-123286-0020.wav,generated_audios/generated_H2_128C_int8/260-123286-0020_generated.wav,3.06,0.079281,0.075897,0.025909,0.024803,1.098723,0.82282,2.907169
H2_128C_quantized_resblocks_range_1_10,260-123286-0021.wav,generated_audios/generated_H2_128C_int8/260-123286-0021_generated.wav,2.550023,0.643761,0.640494,0.252453,0.251172,1.134208,0.844082,2.212897
H2_128C_quantized_resblocks_range_1_10,260-123286-0022.wav,generated_audios/generated_H2_128C_int8/260-123286-0022_generated.wav,3.235011,0.830603,0.82719,0.256754,0.255699,1.074653,0.833037,2.028535
H2_128C_quantized_resblocks_range_1_10,260-123286-0023.wav,generated_audios/generated_H2_128C_int8/260-123286-0023_generated.wav,5.875011,1.539159,1.535539,0.261984,0.261368,1.113123,0.821644,1.509036
H2_128C_quantized_resblocks_range_1_10,260-123286-0024.wav,generated_audios/generated_H2_128C_int8/260-123286-0024_generated.wav,3.04,0.776331,0.773119,0.255372,0.254315,1.168057,0.854692,1.761668
H2_128C_quantized_resblocks_range_1_10,260-123286-0025.wav,generated_audios/generated_H2_128C_int8/260-123286-0025_generated.wav,9.205034,2.294462,2.290294,0.249262,0.248809,1.139074,0.821185,1.711517
H2_128C_quantized_resblocks_range_1_10,260-123286-0026.wav,generated_audios/generated_H2_128C_int8/260-123286-0026_generated.wav,6.94,1.727346,1.724083,0.248897,0.248427,1.087427,0.806812,1.595819
H2_128C_quantized_resblocks_range_1_10,260-123286-0027.wav,generated_audios/generated_H2_128C_int8/260-123286-0027_generated.wav,7.170023,1.902406,1.898541,0.265328,0.264789,1.126491,0.808457,1.404623
H2_128C_quantized_resblocks_range_1_10,260-123286-0028.wav,generated_audios/generated_H2_128C_int8/260-123286-0028_generated.wav,7.465034,1.876091,1.872665,0.251317,0.250858,1.100056,0.787016,1.670226
H2_128C_quantized_resblocks_range_1_10,260-123286-0029.wav,generated_audios/generated_H2_128C_int8/260-123286-0029_generated.wav,4.545034,0.094613,0.091184,0.020817,0.020062,1.102714,0.818505,1.754982
H2_128C_quantized_resblocks_range_1_10,260-123286-0030.wav,generated_audios/generated_H2_128C_int8/260-123286-0030_generated.wav,7.530023,0.182846,0.17913,0.024282,0.023789,1.084987,0.804838,1.812511
H2_128C_quantized_resblocks_range_1_10,260-123286-0031.wav,generated_audios/generated_H2_128C_int8/260-123286-0031_generated.wav,5.06,1.259431,1.255906,0.248899,0.248203,1.117203,0.815899,2.229648
H2_128C_quantized_resblocks_range_1_10,260-123288-0000.wav,generated_audios/generated_H2_128C_int8/260-123288-0000_generated.wav,3.04,0.067929,0.064712,0.022345,0.021287,1.142307,0.793788,2.221879
H2_128C_quantized_resblocks_range_1_10,260-123288-0001.wav,generated_audios/generated_H2_128C_int8/260-123288-0001_generated.wav,5.08,0.122217,0.118793,0.024059,0.023384,1.107537,0.811939,2.605249
H2_128C_quantized_resblocks_range_1_10,260-123288-0002.wav,generated_audios/generated_H2_128C_int8/260-123288-0002_generated.wav,7.250023,1.81922,1.81544,0.250926,0.250405,1.092464,0.809136,1.696521
H2_128C_quantized_resblocks_range_1_10,260-123288-0003.wav,generated_audios/generated_H2_128C_int8/260-123288-0003_generated.wav,8.905034,2.322605,2.318864,0.260819,0.260399,1.086278,0.826381,1.721368
H2_128C_quantized_resblocks_range_1_10,260-123288-0004.wav,generated_audios/generated_H2_128C_int8/260-123288-0004_generated.wav,4.310023,1.121057,1.117981,0.260105,0.259391,1.079061,0.77455,2.844513
H2_128C_quantized_resblocks_range_1_10,260-123288-0005.wav,generated_audios/generated_H2_128C_int8/260-123288-0005_generated.wav,12.550023,3.485717,3.481535,0.277746,0.277413,1.08387,0.789879,1.797796
H2_128C_quantized_resblocks_range_1_10,260-123288-0006.wav,generated_audios/generated_H2_128C_int8/260-123288-0006_generated.wav,4.88,1.228449,1.224743,0.251731,0.250972,1.066144,0.797852,1.969909
H2_128C_quantized_resblocks_range_1_10,260-123288-0007.wav,generated_audios/generated_H2_128C_int8/260-123288-0007_generated.wav,11.2,3.021915,3.01751,0.269814,0.269421,1.095988,0.811836,1.690604
H2_128C_quantized_resblocks_range_1_10,260-123288-0008.wav,generated_audios/generated_H2_128C_int8/260-123288-0008_generated.wav,5.515011,1.454995,1.451355,0.263825,0.263164,1.158669,0.821772,1.611793
H2_128C_quantized_resblocks_range_1_10,260-123288-0009.wav,generated_audios/generated_H2_128C_int8/260-123288-0009_generated.wav,3.435011,0.905,0.90186,0.263464,0.262549,1.15246,0.820697,1.891919
H2_128C_quantized_resblocks_range_1_10,260-123288-0010.wav,generated_audios/generated_H2_128C_int8/260-123288-0010_generated.wav,9.995011,0.233807,0.230021,0.023392,0.023014,1.092334,0.809192,1.710367
H2_128C_quantized_resblocks_range_1_10,260-123288-0011.wav,generated_audios/generated_H2_128C_int8/260-123288-0011_generated.wav,8.98,2.460812,2.456584,0.274033,0.273562,1.121718,0.808774,1.674253
H2_128C_quantized_resblocks_range_1_10,260-123288-0012.wav,generated_audios/generated_H2_128C_int8/260-123288-0012_generated.wav,3.545034,0.941582,0.937967,0.265606,0.264586,1.166825,0.80703,2.06398
H2_128C_quantized_resblocks_range_1_10,260-123288-0013.wav,generated_audios/generated_H2_128C_int8/260-123288-0013_generated.wav,11.385079,3.389285,3.385632,0.297695,0.297374,1.106892,0.820537,1.537812
H2_128C_quantized_resblocks_range_1_10,260-123288-0014.wav,generated_audios/generated_H2_128C_int8/260-123288-0014_generated.wav,1.805034,0.053596,0.050593,0.029693,0.028029,1.155071,0.829827,1.966661
H2_128C_quantized_resblocks_range_1_10,260-123288-0015.wav,generated_audios/generated_H2_128C_int8/260-123288-0015_generated.wav,21.185034,5.930083,5.924734,0.279919,0.279666,1.088704,0.809658,1.895817
H2_128C_quantized_resblocks_range_1_10,260-123288-0016.wav,generated_audios/generated_H2_128C_int8/260-123288-0016_generated.wav,4.865034,1.359512,1.35578,0.279446,0.278679,1.087821,0.793771,2.094189
H2_128C_quantized_resblocks_range_1_10,260-123288-0017.wav,generated_audios/generated_H2_128C_int8/260-123288-0017_generated.wav,5.225034,1.368946,1.365273,0.261998,0.261294,1.092611,0.833064,1.701979
H2_128C_quantized_resblocks_range_1_10,260-123288-0018.wav,generated_audios/generated_H2_128C_int8/260-123288-0018_generated.wav,3.245034,0.883728,0.880374,0.272332,0.271299,1.168134,0.806586,1.521253
H2_128C_quantized_resblocks_range_1_10,260-123288-0019.wav,generated_audios/generated_H2_128C_int8/260-123288-0019_generated.wav,2.955011,0.077214,0.073999,0.02613,0.025042,1.084314,0.807164,2.174619
H2_128C_quantized_resblocks_range_1_10,260-123288-0020.wav,generated_audios/generated_H2_128C_int8/260-123288-0020_generated.wav,2.9,0.783001,0.779617,0.270001,0.268833,1.129232,0.837333,1.882294
H2_128C_quantized_resblocks_range_1_10,260-123288-0021.wav,generated_audios/generated_H2_128C_int8/260-123288-0021_generated.wav,2.710023,0.071922,0.068702,0.026539,0.025351,1.152399,0.803238,1.906863
H2_128C_quantized_resblocks_range_1_10,260-123288-0022.wav,generated_audios/generated_H2_128C_int8/260-123288-0022_generated.wav,3.705034,1.002556,0.999181,0.270593,0.269682,1.077511,0.771381,1.987846
H2_128C_quantized_resblocks_range_1_10,260-123288-0023.wav,generated_audios/generated_H2_128C_int8/260-123288-0023_generated.wav,2.385034,0.066379,0.063218,0.027831,0.026506,1.098918,0.76808,2.456165
H2_128C_quantized_resblocks_range_1_10,260-123288-0024.wav,generated_audios/generated_H2_128C_int8/260-123288-0024_generated.wav,14.595011,4.166156,4.162407,0.285451,0.285194,1.105105,0.816088,1.587863
H2_128C_quantized_resblocks_range_1_10,260-123288-0025.wav,generated_audios/generated_H2_128C_int8/260-123288-0025_generated.wav,13.445034,3.870556,3.865677,0.28788,0.287517,1.137812,0.824856,1.7144
H2_128C_quantized_resblocks_range_1_10,260-123288-0026.wav,generated_audios/generated_H2_128C_int8/260-123288-0026_generated.wav,16.04,4.868356,4.863181,0.303513,0.303191,1.105048,0.816202,1.612499
H2_128C_quantized_resblocks_range_1_10,260-123288-0027.wav,generated_audios/generated_H2_128C_int8/260-123288-0027_generated.wav,6.305034,1.65822,1.654477,0.262999,0.262406,1.132838,0.828112,1.745791
H2_128C_quantized_resblocks_range_1_10,260-123288-0028.wav,generated_audios/generated_H2_128C_int8/260-123288-0028_generated.wav,2.610023,0.708397,0.705183,0.271414,0.270183,1.113065,0.835926,2.087142
H2_128C_quantized_resblocks_range_1_10,260-123440-0000.wav,generated_audios/generated_H2_128C_int8/260-123440-0000_generated.wav,2.165034,0.558228,0.555036,0.257838,0.256363,1.064488,0.790729,1.729376
H2_128C_quantized_resblocks_range_1_10,260-123440-0001.wav,generated_audios/generated_H2_128C_int8/260-123440-0001_generated.wav,1.74,0.443859,0.440696,0.255091,0.253273,1.116435,0.817093,2.687145
H2_128C_quantized_resblocks_range_1_10,260-123440-0002.wav,generated_audios/generated_H2_128C_int8/260-123440-0002_generated.wav,14.715011,4.428847,4.424177,0.300975,0.300657,1.116559,0.815849,1.685563
H2_128C_quantized_resblocks_range_1_10,260-123440-0003.wav,generated_audios/generated_H2_128C_int8/260-123440-0003_generated.wav,3.585034,1.000517,0.99697,0.279082,0.278092,1.134567,0.829605,1.600088
H2_128C_quantized_resblocks_range_1_10,260-123440-0004.wav,generated_audios/generated_H2_128C_int8/260-123440-0004_generated.wav,12.02,3.411833,3.408109,0.283846,0.283537,1.094334,0.806115,1.74118
H2_128C_quantized_resblocks_range_1_10,260-123440-0005.wav,generated_audios/generated_H2_128C_int8/260-123440-0005_generated.wav,3.105034,0.081069,0.077526,0.026109,0.024968,1.114727,0.809949,1.543287
H2_128C_quantized_resblocks_range_1_10,260-123440-0006.wav,generated_audios/generated_H2_128C_int8/260-123440-0006_generated.wav,2.715011,0.062635,0.059473,0.02307,0.021905,1.096422,0.778053,1.587771
H2_128C_quantized_resblocks_range_1_10,260-123440-0007.wav,generated_audios/generated_H2_128C_int8/260-123440-0007_generated.wav,3.385034,0.930779,0.927505,0.274969,0.274002,1.087732,0.804721,1.812507
H2_128C_quantized_resblocks_range_1_10,260-123440-0008.wav,generated_audios/generated_H2_128C_int8/260-123440-0008_generated.wav,3.745034,1.041579,1.038446,0.278123,0.277286,1.105129,0.802087,1.589554
H2_128C_quantized_resblocks_range_1_10,260-123440-0009.wav,generated_audios/generated_H2_128C_int8/260-123440-0009_generated.wav,3.115011,0.872683,0.868947,0.280154,0.278955,1.126247,0.865272,1.908495
H2_128C_quantized_resblocks_range_1_10,260-123440-0010.wav,generated_audios/generated_H2_128C_int8/260-123440-0010_generated.wav,8.315011,2.363444,2.359587,0.284238,0.283774,1.110502,0.787761,1.435253
H2_128C_quantized_resblocks_range_1_10,260-123440-0011.wav,generated_audios/generated_H2_128C_int8/260-123440-0011_generated.wav,4.870023,0.102489,0.098524,0.021045,0.020231,1.127123,0.8432,1.604499
H2_128C_quantized_resblocks_range_1_10,260-123440-0012.wav,generated_audios/generated_H2_128C_int8/260-123440-0012_generated.wav,5.245034,1.469861,1.466273,0.280239,0.279554,1.097003,0.816646,1.656222
H2_128C_quantized_resblocks_range_1_10,260-123440-0013.wav,generated_audios/generated_H2_128C_int8/260-123440-0013_generated.wav,3.475011,0.961497,0.958142,0.276689,0.275723,1.136527,0.832409,1.73596
H2_128C_quantized_resblocks_range_1_10,260-123440-0014.wav,generated_audios/generated_H2_128C_int8/260-123440-0014_generated.wav,3.815011,1.076259,1.072887,0.282112,0.281228,1.176432,0.848541,1.760042
H2_128C_quantized_resblocks_range_1_10,260-123440-0015.wav,generated_audios/generated_H2_128C_int8/260-123440-0015_generated.wav,6.2,0.172165,0.168435,0.027768,0.027167,1.136842,0.831266,1.390178
H2_128C_quantized_resblocks_range_1_10,260-123440-0016.wav,generated_audios/generated_H2_128C_int8/260-123440-0016_generated.wav,4.895011,1.419717,1.416009,0.290033,0.289276,1.138523,0.858558,1.41367
H2_128C_quantized_resblocks_range_1_10,260-123440-0017.wav,generated_audios/generated_H2_128C_int8/260-123440-0017_generated.wav,3.070023,0.087326,0.08411,0.028445,0.027397,1.083053,0.786754,1.614428
H2_128C_quantized_resblocks_range_1_10,260-123440-0018.wav,generated_audios/generated_H2_128C_int8/260-123440-0018_generated.wav,3.64,1.050851,1.047748,0.288695,0.287843,1.139487,0.847189,1.809435
H2_128C_quantized_resblocks_range_1_10,260-123440-0019.wav,generated_audios/generated_H2_128C_int8/260-123440-0019_generated.wav,6.630023,1.931729,1.928169,0.291361,0.290824,1.09735,0.806636,1.509778
H2_128C_quantized_resblocks_range_1_10,260-123440-0020.wav,generated_audios/generated_H2_128C_int8/260-123440-0020_generated.wav,4.995011,1.427523,1.424014,0.28579,0.285087,1.104177,0.819944,1.704891
H2_128C_quantized_resblocks_range_1_10,61-70968-0000.wav,generated_audios/generated_H2_128C_int8/61-70968-0000_generated.wav,4.905034,1.422376,1.418788,0.289983,0.289251,1.071824,0.817351,1.397944
H2_128C_quantized_resblocks_range_1_10,61-70968-0001.wav,generated_audios/generated_H2_128C_int8/61-70968-0001_generated.wav,3.610023,1.029519,1.026078,0.285184,0.28423,1.073642,0.772718,1.340227
H2_128C_quantized_resblocks_range_1_10,61-70968-0002.wav,generated_audios/generated_H2_128C_int8/61-70968-0002_generated.wav,2.970023,0.836937,0.83364,0.281795,0.280685,1.113768,0.781068,1.365035
H2_128C_quantized_resblocks_range_1_10,61-70968-0003.wav,generated_audios/generated_H2_128C_int8/61-70968-0003_generated.wav,4.315011,0.113627,0.110136,0.026333,0.025524,1.143175,0.802865,1.36621
H2_128C_quantized_resblocks_range_1_10,61-70968-0004.wav,generated_audios/generated_H2_128C_int8/61-70968-0004_generated.wav,3.885034,1.10014,1.096661,0.283174,0.282278,1.108956,0.829331,1.344977
H2_128C_quantized_resblocks_range_1_10,61-70968-0005.wav,generated_audios/generated_H2_128C_int8/61-70968-0005_generated.wav,5.070023,0.127237,0.123534,0.025096,0.024366,1.05935,0.745283,1.411981
H2_128C_quantized_resblocks_range_1_10,61-70968-0006.wav,generated_audios/generated_H2_128C_int8/61-70968-0006_generated.wav,2.935011,0.783396,0.780117,0.266914,0.265797,1.119143,0.825858,1.388565
H2_128C_quantized_resblocks_range_1_10,61-70968-0007.wav,generated_audios/generated_H2_128C_int8/61-70968-0007_generated.wav,3.550023,0.096304,0.093103,0.027128,0.026226,1.065235,0.674449,1.383577
H2_128C_quantized_resblocks_range_1_10,61-70968-0008.wav,generated_audios/generated_H2_128C_int8/61-70968-0008_generated.wav,3.535011,0.100135,0.090487,0.028327,0.025597,1.06006,0.775665,1.29912
H2_128C_quantized_resblocks_range_1_10,61-70968-0009.wav,generated_audios/generated_H2_128C_int8/61-70968-0009_generated.wav,4.510023,1.273678,1.270179,0.282411,0.281635,1.097049,0.751116,1.505396
H2_128C_quantized_resblocks_range_1_10,61-70968-0010.wav,generated_audios/generated_H2_128C_int8/61-70968-0010_generated.wav,8.295011,2.235781,2.232084,0.269533,0.269088,1.095316,0.795543,1.394077
H2_128C_quantized_resblocks_range_1_10,61-70968-0011.wav,generated_audios/generated_H2_128C_int8/61-70968-0011_generated.wav,6.375011,1.72278,1.719972,0.27024,0.269799,1.120733,0.804998,1.318303
H2_128C_quantized_resblocks_range_1_10,61-70968-0012.wav,generated_audios/generated_H2_128C_int8/61-70968-0012_generated.wav,2.610023,0.073644,0.070319,0.028216,0.026942,1.22546,0.903381,1.184208
H2_128C_quantized_resblocks_range_1_10,61-70968-0013.wav,generated_audios/generated_H2_128C_int8/61-70968-0013_generated.wav,4.450023,0.108633,0.10638,0.024412,0.023905,1.141325,0.809223,1.342899
H2_128C_quantized_resblocks_range_1_10,61-70968-0014.wav,generated_audios/generated_H2_128C_int8/61-70968-0014_generated.wav,7.485034,2.136155,2.132162,0.28539,0.284857,1.097666,0.812692,1.394357
H2_128C_quantized_resblocks_range_1_10,61-70968-0015.wav,generated_audios/generated_H2_128C_int8/61-70968-0015_generated.wav,5.375011,1.474758,1.470911,0.274373,0.273657,1.127273,0.824065,1.343226
H2_128C_quantized_resblocks_range_1_10,61-70968-0016.wav,generated_audios/generated_H2_128C_int8/61-70968-0016_generated.wav,3.72,1.075188,1.071585,0.289029,0.28806,1.166204,0.853583,1.22976
H2_128C_quantized_resblocks_range_1_10,61-70968-0017.wav,generated_audios/generated_H2_128C_int8/61-70968-0017_generated.wav,5.110023,1.47424,1.470549,0.2885,0.287777,1.116353,0.825501,1.312549
H2_128C_quantized_resblocks_range_1_10,61-70968-0018.wav,generated_audios/generated_H2_128C_int8/61-70968-0018_generated.wav,2.405034,0.675675,0.672436,0.280942,0.279595,1.128887,0.858333,1.365707
H2_128C_quantized_resblocks_range_1_10,61-70968-0019.wav,generated_audios/generated_H2_128C_int8/61-70968-0019_generated.wav,5.475011,1.484578,1.480801,0.271155,0.270465,1.095464,0.818577,1.354486
H2_128C_quantized_resblocks_range_1_10,61-70968-0020.wav,generated_audios/generated_H2_128C_int8/61-70968-0020_generated.wav,5.105034,1.488594,1.484772,0.291593,0.290845,1.165012,0.811499,1.1386
H2_128C_quantized_resblocks_range_1_10,61-70968-0021.wav,generated_audios/generated_H2_128C_int8/61-70968-0021_generated.wav,2.690023,0.717394,0.713998,0.266687,0.265424,1.152146,0.806367,1.293135
H2_128C_quantized_resblocks_range_1_10,61-70968-0022.wav,generated_audios/generated_H2_128C_int8/61-70968-0022_generated.wav,4.670023,0.132651,0.129229,0.028405,0.027672,1.066251,0.759015,1.414738
H2_128C_quantized_resblocks_range_1_10,61-70968-0023.wav,generated_audios/generated_H2_128C_int8/61-70968-0023_generated.wav,5.025034,0.13116,0.127456,0.026101,0.025364,1.203922,0.843108,1.224115
H2_128C_quantized_resblocks_range_1_10,61-70968-0024.wav,generated_audios/generated_H2_128C_int8/61-70968-0024_generated.wav,6.025034,1.740347,1.736693,0.288853,0.288246,1.167401,0.814211,1.196174
H2_128C_quantized_resblocks_range_1_10,61-70968-0025.wav,generated_audios/generated_H2_128C_int8/61-70968-0025_generated.wav,4.410023,0.11175,0.108033,0.02534,0.024497,1.162561,0.843095,1.224641
H2_128C_quantized_resblocks_range_1_10,61-70968-0026.wav,generated_audios/generated_H2_128C_int8/61-70968-0026_generated.wav,4.92,1.32867,1.325165,0.270055,0.269343,1.158597,0.851979,1.28641
H2_128C_quantized_resblocks_range_1_10,61-70968-0027.wav,generated_audios/generated_H2_128C_int8/61-70968-0027_generated.wav,6.870023,1.902773,1.899123,0.276968,0.276436,1.136635,0.82341,1.313737
H2_128C_quantized_resblocks_range_1_10,61-70968-0028.wav,generated_audios/generated_H2_128C_int8/61-70968-0028_generated.wav,5.355011,1.579786,1.569661,0.295011,0.29312,1.136172,0.846564,1.293227
H2_128C_quantized_resblocks_range_1_10,61-70968-0029.wav,generated_audios/generated_H2_128C_int8/61-70968-0029_generated.wav,3.495011,0.995159,0.991739,0.284737,0.283758,1.128452,0.807681,1.299508
H2_128C_quantized_resblocks_range_1_10,61-70968-0030.wav,generated_audios/generated_H2_128C_int8/61-70968-0030_generated.wav,5.685034,1.565691,1.562338,0.275406,0.274816,1.134394,0.828725,1.233695
H2_128C_quantized_resblocks_range_1_10,61-70968-0031.wav,generated_audios/generated_H2_128C_int8/61-70968-0031_generated.wav,2.925034,0.848624,0.845258,0.290124,0.288974,1.069588,0.774182,1.338436
H2_128C_quantized_resblocks_range_1_10,61-70968-0032.wav,generated_audios/generated_H2_128C_int8/61-70968-0032_generated.wav,4.28,0.111532,0.107918,0.026059,0.025214,1.171699,0.806481,1.331875
H2_128C_quantized_resblocks_range_1_10,61-70968-0033.wav,generated_audios/generated_H2_128C_int8/61-70968-0033_generated.wav,5.685034,0.11793,0.114471,0.020744,0.020135,1.14347,0.860329,1.327085
H2_128C_quantized_resblocks_range_1_10,61-70968-0034.wav,generated_audios/generated_H2_128C_int8/61-70968-0034_generated.wav,4.230023,1.224642,1.221204,0.289512,0.288699,1.151014,0.859501,1.184546
H2_128C_quantized_resblocks_range_1_10,61-70968-0035.wav,generated_audios/generated_H2_128C_int8/61-70968-0035_generated.wav,7.950023,2.212704,2.209146,0.278327,0.277879,1.111089,0.806565,1.284959
H2_128C_quantized_resblocks_range_1_10,61-70968-0036.wav,generated_audios/generated_H2_128C_int8/61-70968-0036_generated.wav,2.934966,0.066189,0.062988,0.022552,0.021461,1.16907,0.834675,1.273951
H2_128C_quantized_resblocks_range_1_10,61-70968-0037.wav,generated_audios/generated_H2_128C_int8/61-70968-0037_generated.wav,4.315011,0.09793,0.094487,0.022695,0.021897,1.084591,0.7335,1.441602
H2_128C_quantized_resblocks_range_1_10,61-70968-0038.wav,generated_audios/generated_H2_128C_int8/61-70968-0038_generated.wav,2.050023,0.558498,0.55575,0.272435,0.271094,1.178311,0.693582,1.594879
H2_128C_quantized_resblocks_range_1_10,61-70968-0039.wav,generated_audios/generated_H2_128C_int8/61-70968-0039_generated.wav,3.805034,1.053725,1.05043,0.276929,0.276063,1.123251,0.810244,1.401336
H2_128C_quantized_resblocks_range_1_10,61-70968-0040.wav,generated_audios/generated_H2_128C_int8/61-70968-0040_generated.wav,3.950023,1.163826,1.160661,0.294638,0.293837,1.131098,0.818298,1.361313
H2_128C_quantized_resblocks_range_1_10,61-70968-0041.wav,generated_audios/generated_H2_128C_int8/61-70968-0041_generated.wav,6.825034,0.168311,0.16434,0.024661,0.024079,1.123777,0.817449,1.340923
H2_128C_quantized_resblocks_range_1_10,61-70968-0042.wav,generated_audios/generated_H2_128C_int8/61-70968-0042_generated.wav,2.785034,0.072438,0.069454,0.02601,0.024938,1.10081,0.792912,1.357893
H2_128C_quantized_resblocks_range_1_10,61-70968-0043.wav,generated_audios/generated_H2_128C_int8/61-70968-0043_generated.wav,6.735011,1.982578,1.978881,0.294369,0.29382,1.082797,0.763578,1.330888
H2_128C_quantized_resblocks_range_1_10,61-70968-0044.wav,generated_audios/generated_H2_128C_int8/61-70968-0044_generated.wav,2.770023,0.075697,0.072352,0.027327,0.02612,1.076028,0.8032,1.37716
H2_128C_quantized_resblocks_range_1_10,61-70968-0045.wav,generated_audios/generated_H2_128C_int8/61-70968-0045_generated.wav,3.475011,0.089537,0.08655,0.025766,0.024906,1.096315,0.795937,1.358281
H2_128C_quantized_resblocks_range_1_10,61-70968-0046.wav,generated_audios/generated_H2_128C_int8/61-70968-0046_generated.wav,3.550023,0.091928,0.088393,0.025895,0.024899,1.11561,0.814884,1.381346
H2_128C_quantized_resblocks_range_1_10,61-70968-0047.wav,generated_audios/generated_H2_128C_int8/61-70968-0047_generated.wav,4.775011,1.326754,1.323484,0.277854,0.277169,1.110807,0.820063,1.302611
H2_128C_quantized_resblocks_range_1_10,61-70968-0048.wav,generated_audios/generated_H2_128C_int8/61-70968-0048_generated.wav,3.02,0.876758,0.873339,0.290317,0.289185,1.101056,0.757712,1.509596
H2_128C_quantized_resblocks_range_1_10,61-70968-0049.wav,generated_audios/generated_H2_128C_int8/61-70968-0049_generated.wav,8.250023,2.438514,2.435136,0.295577,0.295167,1.112285,0.785595,1.372945
H2_128C_quantized_resblocks_range_1_10,61-70968-0050.wav,generated_audios/generated_H2_128C_int8/61-70968-0050_generated.wav,5.58,1.572747,1.569651,0.281854,0.281299,1.108209,0.780312,1.414138
H2_128C_quantized_resblocks_range_1_10,61-70968-0051.wav,generated_audios/generated_H2_128C_int8/61-70968-0051_generated.wav,3.135011,0.869272,0.865577,0.277279,0.2761,1.108988,0.811093,1.396278
H2_128C_quantized_resblocks_range_1_10,61-70968-0052.wav,generated_audios/generated_H2_128C_int8/61-70968-0052_generated.wav,2.650023,0.7041,0.701246,0.265696,0.264619,1.1993,0.820885,1.198425
H2_128C_quantized_resblocks_range_1_10,61-70968-0053.wav,generated_audios/generated_H2_128C_int8/61-70968-0053_generated.wav,4.22,0.120364,0.117112,0.028522,0.027752,1.097385,0.779255,1.454474
H2_128C_quantized_resblocks_range_1_10,61-70968-0054.wav,generated_audios/generated_H2_128C_int8/61-70968-0054_generated.wav,7.86,2.279395,2.276069,0.289999,0.289576,1.107637,0.822059,1.308759
H2_128C_quantized_resblocks_range_1_10,61-70968-0055.wav,generated_audios/generated_H2_128C_int8/61-70968-0055_generated.wav,3.965034,0.098843,0.095604,0.024929,0.024112,1.152204,0.805348,1.341957
H2_128C_quantized_resblocks_range_1_10,61-70968-0056.wav,generated_audios/generated_H2_128C_int8/61-70968-0056_generated.wav,3.565034,1.021048,1.017457,0.286406,0.285399,1.143145,0.821681,1.316424
H2_128C_quantized_resblocks_range_1_10,61-70968-0057.wav,generated_audios/generated_H2_128C_int8/61-70968-0057_generated.wav,5.065034,0.121368,0.11759,0.023962,0.023216,1.071859,0.776229,1.34235
H2_128C_quantized_resblocks_range_1_10,61-70968-0058.wav,generated_audios/generated_H2_128C_int8/61-70968-0058_generated.wav,1.82,0.475381,0.472224,0.261198,0.259464,1.070853,0.763325,1.420008
H2_128C_quantized_resblocks_range_1_10,61-70968-0059.wav,generated_audios/generated_H2_128C_int8/61-70968-0059_generated.wav,2.170023,0.061643,0.058238,0.028407,0.026837,1.11543,0.842907,1.460071
H2_128C_quantized_resblocks_range_1_10,61-70968-0060.wav,generated_audios/generated_H2_128C_int8/61-70968-0060_generated.wav,3.735011,0.107116,0.103759,0.028679,0.02778,1.234626,0.838843,1.177473
H2_128C_quantized_resblocks_range_1_10,61-70968-0061.wav,generated_audios/generated_H2_128C_int8/61-70968-0061_generated.wav,5.530023,1.598408,1.594992,0.289042,0.288424,1.055956,0.766831,1.646009
H2_128C_quantized_resblocks_range_1_10,61-70968-0062.wav,generated_audios/generated_H2_128C_int8/61-70968-0062_generated.wav,2.555011,0.068699,0.065615,0.026888,0.025681,1.118602,0.806043,1.321318
H2_128C_quantized_resblocks_range_1_10,61-70970-0000.wav,generated_audios/generated_H2_128C_int8/61-70970-0000_generated.wav,6.075011,1.781106,1.777569,0.293186,0.292603,1.14388,0.844552,1.258564
H2_128C_quantized_resblocks_range_1_10,61-70970-0001.wav,generated_audios/generated_H2_128C_int8/61-70970-0001_generated.wav,6.155011,1.804777,1.801371,0.293221,0.292667,1.19607,0.853001,1.283151
H2_128C_quantized_resblocks_range_1_10,61-70970-0002.wav,generated_audios/generated_H2_128C_int8/61-70970-0002_generated.wav,4.165034,1.228013,1.224749,0.294839,0.294055,1.155926,0.782343,1.435928
H2_128C_quantized_resblocks_range_1_10,61-70970-0003.wav,generated_audios/generated_H2_128C_int8/61-70970-0003_generated.wav,3.835011,1.079859,1.076373,0.281579,0.28067,1.178947,0.802862,1.228278
H2_128C_quantized_resblocks_range_1_10,61-70970-0004.wav,generated_audios/generated_H2_128C_int8/61-70970-0004_generated.wav,10.515011,3.086962,3.082349,0.293577,0.293138,1.171372,0.830731,1.202957
H2_128C_quantized_resblocks_range_1_10,61-70970-0005.wav,generated_audios/generated_H2_128C_int8/61-70970-0005_generated.wav,2.02,0.572779,0.569516,0.283554,0.281938,1.185925,0.810252,1.466516
H2_128C_quantized_resblocks_range_1_10,61-70970-0006.wav,generated_audios/generated_H2_128C_int8/61-70970-0006_generated.wav,2.335011,0.681885,0.678501,0.292026,0.290577,1.1759,0.821899,1.385154
H2_128C_quantized_resblocks_range_1_10,61-70970-0007.wav,generated_audios/generated_H2_128C_int8/61-70970-0007_generated.wav,4.485034,1.359844,1.356732,0.303196,0.302502,1.15959,0.800801,1.400669
H2_128C_quantized_resblocks_range_1_10,61-70970-0008.wav,generated_audios/generated_H2_128C_int8/61-70970-0008_generated.wav,2.150023,0.661699,0.658779,0.307764,0.306405,1.223338,0.829948,1.353217
H2_128C_quantized_resblocks_range_1_10,61-70970-0009.wav,generated_audios/generated_H2_128C_int8/61-70970-0009_generated.wav,3.405034,1.068917,1.065648,0.313923,0.312963,1.200972,0.854098,1.122908
H2_128C_quantized_resblocks_range_1_10,61-70970-0010.wav,generated_audios/generated_H2_128C_int8/61-70970-0010_generated.wav,3.045034,0.0842,0.080828,0.027652,0.026544,1.158399,0.828017,1.268018
H2_128C_quantized_resblocks_range_1_10,61-70970-0011.wav,generated_audios/generated_H2_128C_int8/61-70970-0011_generated.wav,6.075011,0.121264,0.117617,0.019961,0.019361,1.125553,0.77838,1.268112
H2_128C_quantized_resblocks_range_1_10,61-70970-0012.wav,generated_audios/generated_H2_128C_int8/61-70970-0012_generated.wav,3.135011,0.069336,0.066274,0.022117,0.02114,1.133298,0.846351,1.246531
H2_128C_quantized_resblocks_range_1_10,61-70970-0013.wav,generated_audios/generated_H2_128C_int8/61-70970-0013_generated.wav,4.350023,1.318828,1.315417,0.303177,0.302393,1.12591,0.829117,1.383099
H2_128C_quantized_resblocks_range_1_10,61-70970-0014.wav,generated_audios/generated_H2_128C_int8/61-70970-0014_generated.wav,3.405034,0.077191,0.073588,0.02267,0.021611,1.192622,0.852202,1.262683
H2_128C_quantized_resblocks_range_1_10,61-70970-0015.wav,generated_audios/generated_H2_128C_int8/61-70970-0015_generated.wav,8.415011,2.532804,2.528864,0.300986,0.300518,1.118138,0.827238,1.362061
H2_128C_quantized_resblocks_range_1_10,61-70970-0016.wav,generated_audios/generated_H2_128C_int8/61-70970-0016_generated.wav,4.370023,1.321511,1.317976,0.302404,0.301595,1.132525,0.839997,1.346036
H2_128C_quantized_resblocks_range_1_10,61-70970-0017.wav,generated_audios/generated_H2_128C_int8/61-70970-0017_generated.wav,2.550023,0.068715,0.065464,0.026947,0.025672,1.093498,0.776067,1.46212
H2_128C_quantized_resblocks_range_1_10,61-70970-0018.wav,generated_audios/generated_H2_128C_int8/61-70970-0018_generated.wav,4.6,1.293641,1.29008,0.281226,0.280452,1.196822,0.800204,1.381035
H2_128C_quantized_resblocks_range_1_10,61-70970-0019.wav,generated_audios/generated_H2_128C_int8/61-70970-0019_generated.wav,3.78,1.114059,1.110617,0.294725,0.293814,1.135858,0.807535,1.39923
H2_128C_quantized_resblocks_range_1_10,61-70970-0020.wav,generated_audios/generated_H2_128C_int8/61-70970-0020_generated.wav,5.025034,0.126294,0.122496,0.025133,0.024377,1.111105,0.77597,1.525251
H2_128C_quantized_resblocks_range_1_10,61-70970-0021.wav,generated_audios/generated_H2_128C_int8/61-70970-0021_generated.wav,5.405034,1.526878,1.523299,0.282492,0.28183,1.138442,0.803365,1.300938
H2_128C_quantized_resblocks_range_1_10,61-70970-0022.wav,generated_audios/generated_H2_128C_int8/61-70970-0022_generated.wav,3.970023,0.083166,0.079552,0.020949,0.020038,1.206511,0.814175,1.310404
H2_128C_quantized_resblocks_range_1_10,61-70970-0023.wav,generated_audios/generated_H2_128C_int8/61-70970-0023_generated.wav,3.705034,0.095841,0.092391,0.025868,0.024937,1.162496,0.816024,1.207273
H2_128C_quantized_resblocks_range_1_10,61-70970-0024.wav,generated_audios/generated_H2_128C_int8/61-70970-0024_generated.wav,7.235011,2.137983,2.13419,0.295505,0.294981,1.170692,0.830977,1.299137
H2_128C_quantized_resblocks_range_1_10,61-70970-0025.wav,generated_audios/generated_H2_128C_int8/61-70970-0025_generated.wav,7.435011,2.251003,2.247883,0.302757,0.302337,1.204586,0.856436,1.255061
H2_128C_quantized_resblocks_range_1_10,61-70970-0026.wav,generated_audios/generated_H2_128C_int8/61-70970-0026_generated.wav,5.475011,0.149393,0.14601,0.027286,0.026669,1.198816,0.833097,1.182406
H2_128C_quantized_resblocks_range_1_10,61-70970-0027.wav,generated_audios/generated_H2_128C_int8/61-70970-0027_generated.wav,5.08,0.122179,0.118392,0.024051,0.023305,1.141225,0.808798,1.278424
H2_128C_quantized_resblocks_range_1_10,61-70970-0028.wav,generated_audios/generated_H2_128C_int8/61-70970-0028_generated.wav,6.550023,0.168177,0.164469,0.025676,0.02511,1.194673,0.838972,1.159841
H2_128C_quantized_resblocks_range_1_10,61-70970-0029.wav,generated_audios/generated_H2_128C_int8/61-70970-0029_generated.wav,4.030023,0.101013,0.097774,0.025065,0.024261,1.22914,0.820751,1.278028
H2_128C_quantized_resblocks_range_1_10,61-70970-0030.wav,generated_audios/generated_H2_128C_int8/61-70970-0030_generated.wav,3.24,0.08428,0.08106,0.026012,0.025018,1.158012,0.784531,1.160096
H2_128C_quantized_resblocks_range_1_10,61-70970-0031.wav,generated_audios/generated_H2_128C_int8/61-70970-0031_generated.wav,5.135011,1.520425,1.516732,0.29609,0.295371,1.109563,0.800761,1.352044
H2_128C_quantized_resblocks_range_1_10,61-70970-0032.wav,generated_audios/generated_H2_128C_int8/61-70970-0032_generated.wav,3.135011,0.078666,0.075183,0.025093,0.023982,1.087929,0.792415,1.364494
H2_128C_quantized_resblocks_range_1_10,61-70970-0033.wav,generated_audios/generated_H2_128C_int8/61-70970-0033_generated.wav,3.42,0.947557,0.944539,0.277064,0.276181,1.127531,0.860796,1.288463
H2_128C_quantized_resblocks_range_1_10,61-70970-0034.wav,generated_audios/generated_H2_128C_int8/61-70970-0034_generated.wav,4.485034,0.095656,0.091883,0.021328,0.020487,1.150669,0.777974,1.303425
H2_128C_quantized_resblocks_range_1_10,61-70970-0035.wav,generated_audios/generated_H2_128C_int8/61-70970-0035_generated.wav,7.405034,0.171474,0.167834,0.023156,0.022665,1.188128,0.825643,1.195052
H2_128C_quantized_resblocks_range_1_10,61-70970-0036.wav,generated_audios/generated_H2_128C_int8/61-70970-0036_generated.wav,6.785034,0.162526,0.15862,0.023954,0.023378,1.147535,0.807235,1.274855
H2_128C_quantized_resblocks_range_1_10,61-70970-0037.wav,generated_audios/generated_H2_128C_int8/61-70970-0037_generated.wav,5.98,1.771426,1.767285,0.296225,0.295533,1.169822,0.831518,1.284998
H2_128C_quantized_resblocks_range_1_10,61-70970-0038.wav,generated_audios/generated_H2_128C_int8/61-70970-0038_generated.wav,10.4,3.107864,3.103634,0.298833,0.298426,1.133106,0.810233,1.308064
H2_128C_quantized_resblocks_range_1_10,61-70970-0039.wav,generated_audios/generated_H2_128C_int8/61-70970-0039_generated.wav,6.665034,0.159345,0.155911,0.023908,0.023392,1.105912,0.76597,1.247042
H2_128C_quantized_resblocks_range_1_10,61-70970-0040.wav,generated_audios/generated_H2_128C_int8/61-70970-0040_generated.wav,4.165034,0.105449,0.102003,0.025318,0.02449,1.195075,0.823151,1.313683
H2_128C_quantized_resblocks_range_1_10,672-122797-0000.wav,generated_audios/generated_H2_128C_int8/672-122797-0000_generated.wav,4.070023,1.207942,1.204409,0.29679,0.295922,1.142191,0.857946,1.281226
H2_128C_quantized_resblocks_range_1_10,672-122797-0001.wav,generated_audios/generated_H2_128C_int8/672-122797-0001_generated.wav,15.130023,4.653058,4.648503,0.307538,0.307237,1.237607,0.853299,1.191032
H2_128C_quantized_resblocks_range_1_10,672-122797-0002.wav,generated_audios/generated_H2_128C_int8/672-122797-0002_generated.wav,13.62,3.818633,3.814074,0.28037,0.280035,1.155261,0.823496,1.338994
H2_128C_quantized_resblocks_range_1_10,672-122797-0003.wav,generated_audios/generated_H2_128C_int8/672-122797-0003_generated.wav,4.76,1.409872,1.405831,0.296192,0.295343,1.085319,0.759064,1.455275
H2_128C_quantized_resblocks_range_1_10,672-122797-0004.wav,generated_audios/generated_H2_128C_int8/672-122797-0004_generated.wav,10.250023,2.945256,2.941308,0.287341,0.286956,1.122855,0.759489,1.468625
H2_128C_quantized_resblocks_range_1_10,672-122797-0005.wav,generated_audios/generated_H2_128C_int8/672-122797-0005_generated.wav,3.26,0.94242,0.938914,0.289086,0.288011,1.060719,0.661396,1.575016
H2_128C_quantized_resblocks_range_1_10,672-122797-0006.wav,generated_audios/generated_H2_128C_int8/672-122797-0006_generated.wav,13.950023,4.317773,4.313465,0.309517,0.309208,1.057477,0.639486,1.610348
H2_128C_quantized_resblocks_range_1_10,672-122797-0007.wav,generated_audios/generated_H2_128C_int8/672-122797-0007_generated.wav,6.42,1.868173,1.86415,0.290993,0.290366,1.084191,0.672298,1.521376
H2_128C_quantized_resblocks_range_1_10,672-122797-0008.wav,generated_audios/generated_H2_128C_int8/672-122797-0008_generated.wav,30.810023,9.330988,9.324571,0.302856,0.302647,1.07094,0.690743,1.52804
H2_128C_quantized_resblocks_range_1_10,672-122797-0009.wav,generated_audios/generated_H2_128C_int8/672-122797-0009_generated.wav,2.765034,0.072602,0.070602,0.026257,0.025534,1.122388,0.71454,1.468285
H2_128C_quantized_resblocks_range_1_10,672-122797-0010.wav,generated_audios/generated_H2_128C_int8/672-122797-0010_generated.wav,3.815011,0.096278,0.092818,0.025237,0.02433,1.051961,0.707728,1.558563
H2_128C_quantized_resblocks_range_1_10,672-122797-0011.wav,generated_audios/generated_H2_128C_int8/672-122797-0011_generated.wav,2.54,0.795824,0.792821,0.313316,0.312134,1.062984,0.742375,1.360402
H2_128C_quantized_resblocks_range_1_10,672-122797-0012.wav,generated_audios/generated_H2_128C_int8/672-122797-0012_generated.wav,7.765034,2.384367,2.380368,0.307065,0.30655,1.061866,0.707868,1.397259
H2_128C_quantized_resblocks_range_1_10,672-122797-0013.wav,generated_audios/generated_H2_128C_int8/672-122797-0013_generated.wav,8.705034,2.657037,2.652886,0.30523,0.304753,1.089216,0.675776,1.429905
H2_128C_quantized_resblocks_range_1_10,672-122797-0014.wav,generated_audios/generated_H2_128C_int8/672-122797-0014_generated.wav,2.555011,0.070811,0.067506,0.027715,0.026421,1.084232,0.765473,1.438828
H2_128C_quantized_resblocks_range_1_10,672-122797-0015.wav,generated_audios/generated_H2_128C_int8/672-122797-0015_generated.wav,4.455011,0.111487,0.108367,0.025025,0.024325,1.068921,0.701751,1.446896
H2_128C_quantized_resblocks_range_1_10,672-122797-0016.wav,generated_audios/generated_H2_128C_int8/672-122797-0016_generated.wav,9.215011,2.735714,2.732819,0.296876,0.296562,1.073625,0.711879,1.442337
H2_128C_quantized_resblocks_range_1_10,672-122797-0017.wav,generated_audios/generated_H2_128C_int8/672-122797-0017_generated.wav,4.82,1.42173,1.418138,0.294965,0.294219,1.130551,0.782387,1.284243
H2_128C_quantized_resblocks_range_1_10,672-122797-0018.wav,generated_audios/generated_H2_128C_int8/672-122797-0018_generated.wav,4.930023,1.477696,1.474001,0.299734,0.298985,1.056871,0.698336,1.507969
H2_128C_quantized_resblocks_range_1_10,672-122797-0019.wav,generated_audios/generated_H2_128C_int8/672-122797-0019_generated.wav,4.110023,1.173707,1.170271,0.285572,0.284736,1.046927,0.68702,1.6506
H2_128C_quantized_resblocks_range_1_10,672-122797-0020.wav,generated_audios/generated_H2_128C_int8/672-122797-0020_generated.wav,8.825034,2.649446,2.645454,0.300219,0.299767,1.051725,0.667026,1.595601
H2_128C_quantized_resblocks_range_1_10,672-122797-0021.wav,generated_audios/generated_H2_128C_int8/672-122797-0021_generated.wav,4.150023,0.109502,0.105654,0.026386,0.025459,1.071577,0.793936,1.503096
H2_128C_quantized_resblocks_range_1_10,672-122797-0022.wav,generated_audios/generated_H2_128C_int8/672-122797-0022_generated.wav,19.004943,5.784917,5.780106,0.30439,0.304137,1.082007,0.678113,1.49637
H2_128C_quantized_resblocks_range_1_10,672-122797-0023.wav,generated_audios/generated_H2_128C_int8/672-122797-0023_generated.wav,9.695102,2.883102,2.879443,0.297377,0.297,1.060972,0.712875,1.513751
H2_128C_quantized_resblocks_range_1_10,672-122797-0024.wav,generated_audios/generated_H2_128C_int8/672-122797-0024_generated.wav,4.130023,1.203728,1.200079,0.291458,0.290574,1.065444,0.631468,1.660209
H2_128C_quantized_resblocks_range_1_10,672-122797-0025.wav,generated_audios/generated_H2_128C_int8/672-122797-0025_generated.wav,10.690023,3.21404,3.210272,0.300658,0.300305,1.078563,0.760163,1.430851
H2_128C_quantized_resblocks_range_1_10,672-122797-0026.wav,generated_audios/generated_H2_128C_int8/672-122797-0026_generated.wav,13.96,4.229132,4.224171,0.302946,0.302591,1.045707,0.665135,1.550436
H2_128C_quantized_resblocks_range_1_10,672-122797-0027.wav,generated_audios/generated_H2_128C_int8/672-122797-0027_generated.wav,4.790023,0.115618,0.112239,0.024137,0.023432,1.071278,0.640874,1.593822
H2_128C_quantized_resblocks_range_1_10,672-122797-0028.wav,generated_audios/generated_H2_128C_int8/672-122797-0028_generated.wav,2.610023,0.073525,0.070384,0.02817,0.026967,1.096224,0.774693,1.47562
H2_128C_quantized_resblocks_range_1_10,672-122797-0029.wav,generated_audios/generated_H2_128C_int8/672-122797-0029_generated.wav,3.050023,0.081087,0.077747,0.026586,0.02549,1.190654,0.814482,1.37745
H2_128C_quantized_resblocks_range_1_10,672-122797-0030.wav,generated_audios/generated_H2_128C_int8/672-122797-0030_generated.wav,4.575011,1.34531,1.342051,0.294056,0.293344,1.084592,0.778453,1.431614
H2_128C_quantized_resblocks_range_1_10,672-122797-0031.wav,generated_audios/generated_H2_128C_int8/672-122797-0031_generated.wav,3.98,0.101996,0.098618,0.025627,0.024778,1.201303,0.741845,1.46386
H2_128C_quantized_resblocks_range_1_10,672-122797-0032.wav,generated_audios/generated_H2_128C_int8/672-122797-0032_generated.wav,4.0,0.098332,0.09478,0.024583,0.023695,1.079454,0.657247,1.526889
H2_128C_quantized_resblocks_range_1_10,672-122797-0033.wav,generated_audios/generated_H2_128C_int8/672-122797-0033_generated.wav,1.285034,0.335895,0.332867,0.26139,0.259034,1.092239,0.71282,1.399559
H2_128C_quantized_resblocks_range_1_10,672-122797-0034.wav,generated_audios/generated_H2_128C_int8/672-122797-0034_generated.wav,5.110023,0.121103,0.117796,0.023699,0.023052,1.06838,0.791186,1.490068
H2_128C_quantized_resblocks_range_1_10,672-122797-0035.wav,generated_audios/generated_H2_128C_int8/672-122797-0035_generated.wav,2.9,0.079694,0.076307,0.027481,0.026313,1.336738,0.866662,1.254288
H2_128C_quantized_resblocks_range_1_10,672-122797-0036.wav,generated_audios/generated_H2_128C_int8/672-122797-0036_generated.wav,5.365034,0.13173,0.127981,0.024553,0.023855,1.099993,0.722906,1.221322
H2_128C_quantized_resblocks_range_1_10,672-122797-0037.wav,generated_audios/generated_H2_128C_int8/672-122797-0037_generated.wav,1.96,0.546886,0.543709,0.279024,0.277403,1.089743,0.729061,1.322648
H2_128C_quantized_resblocks_range_1_10,672-122797-0038.wav,generated_audios/generated_H2_128C_int8/672-122797-0038_generated.wav,8.8,2.668064,2.663901,0.303189,0.302716,1.086973,0.721325,1.427449
H2_128C_quantized_resblocks_range_1_10,672-122797-0039.wav,generated_audios/generated_H2_128C_int8/672-122797-0039_generated.wav,4.025034,1.189116,1.18598,0.29543,0.294651,1.175444,0.753379,1.420441
H2_128C_quantized_resblocks_range_1_10,672-122797-0040.wav,generated_audios/generated_H2_128C_int8/672-122797-0040_generated.wav,5.125034,0.129766,0.126482,0.02532,0.024679,1.111189,0.72837,1.466628
H2_128C_quantized_resblocks_range_1_10,672-122797-0041.wav,generated_audios/generated_H2_128C_int8/672-122797-0041_generated.wav,3.88,0.101588,0.098355,0.026183,0.025349,1.068656,0.734241,1.533881
H2_128C_quantized_resblocks_range_1_10,672-122797-0042.wav,generated_audios/generated_H2_128C_int8/672-122797-0042_generated.wav,15.310023,4.634562,4.630027,0.302714,0.302418,1.132178,0.58147,1.514357
H2_128C_quantized_resblocks_range_1_10,672-122797-0043.wav,generated_audios/generated_H2_128C_int8/672-122797-0043_generated.wav,3.78,0.096515,0.092937,0.025533,0.024587,1.066436,0.6497,1.467358
H2_128C_quantized_resblocks_range_1_10,672-122797-0044.wav,generated_audios/generated_H2_128C_int8/672-122797-0044_generated.wav,3.74,0.092424,0.088973,0.024712,0.023789,1.093937,0.668493,1.519648
H2_128C_quantized_resblocks_range_1_10,672-122797-0045.wav,generated_audios/generated_H2_128C_int8/672-122797-0045_generated.wav,13.96,0.286217,0.281912,0.020503,0.020194,1.091041,0.787706,1.379859
H2_128C_quantized_resblocks_range_1_10,672-122797-0046.wav,generated_audios/generated_H2_128C_int8/672-122797-0046_generated.wav,4.715011,1.387074,1.383427,0.294182,0.293409,1.083434,0.73502,1.489456
H2_128C_quantized_resblocks_range_1_10,672-122797-0047.wav,generated_audios/generated_H2_128C_int8/672-122797-0047_generated.wav,3.325034,0.970643,0.967159,0.29192,0.290872,1.291664,0.740705,1.210933
H2_128C_quantized_resblocks_range_1_10,672-122797-0048.wav,generated_audios/generated_H2_128C_int8/672-122797-0048_generated.wav,6.555011,0.169035,0.165241,0.025787,0.025208,1.059744,0.623454,1.508357
H2_128C_quantized_resblocks_range_1_10,672-122797-0049.wav,generated_audios/generated_H2_128C_int8/672-122797-0049_generated.wav,2.02,0.057947,0.05488,0.028687,0.027168,1.24413,0.669177,1.41955
H2_128C_quantized_resblocks_range_1_10,672-122797-0050.wav,generated_audios/generated_H2_128C_int8/672-122797-0050_generated.wav,4.855011,1.435695,1.43226,0.295714,0.295007,1.068243,0.735145,1.379909
H2_128C_quantized_resblocks_range_1_10,672-122797-0051.wav,generated_audios/generated_H2_128C_int8/672-122797-0051_generated.wav,4.665034,1.415847,1.412285,0.303502,0.302738,1.083898,0.682288,1.421749
H2_128C_quantized_resblocks_range_1_10,672-122797-0052.wav,generated_audios/generated_H2_128C_int8/672-122797-0052_generated.wav,4.285034,1.229997,1.226473,0.287045,0.286222,1.074416,0.755389,1.355627
H2_128C_quantized_resblocks_range_1_10,672-122797-0053.wav,generated_audios/generated_H2_128C_int8/672-122797-0053_generated.wav,2.955011,0.07953,0.076252,0.026914,0.025804,1.051771,0.66652,1.488386
H2_128C_quantized_resblocks_range_1_10,672-122797-0054.wav,generated_audios/generated_H2_128C_int8/672-122797-0054_generated.wav,4.250023,0.122429,0.118834,0.028807,0.027961,1.140321,0.692764,1.32976
H2_128C_quantized_resblocks_range_1_10,672-122797-0055.wav,generated_audios/generated_H2_128C_int8/672-122797-0055_generated.wav,8.230023,2.341741,2.337755,0.284536,0.284052,1.082526,0.708218,1.427596
H2_128C_quantized_resblocks_range_1_10,672-122797-0056.wav,generated_audios/generated_H2_128C_int8/672-122797-0056_generated.wav,5.225034,0.131583,0.127815,0.025183,0.024462,1.065998,0.727332,1.42964
H2_128C_quantized_resblocks_range_1_10,672-122797-0057.wav,generated_audios/generated_H2_128C_int8/672-122797-0057_generated.wav,6.56,0.156298,0.152603,0.023826,0.023263,1.093465,0.672317,1.428021
H2_128C_quantized_resblocks_range_1_10,672-122797-0058.wav,generated_audios/generated_H2_128C_int8/672-122797-0058_generated.wav,4.470023,1.329426,1.326967,0.297409,0.296859,1.048206,0.640711,1.593536
H2_128C_quantized_resblocks_range_1_10,672-122797-0059.wav,generated_audios/generated_H2_128C_int8/672-122797-0059_generated.wav,3.52,1.027476,1.024101,0.291897,0.290938,1.097597,0.736486,1.517817
H2_128C_quantized_resblocks_range_1_10,672-122797-0060.wav,generated_audios/generated_H2_128C_int8/672-122797-0060_generated.wav,3.350023,0.095771,0.092541,0.028588,0.027624,1.115363,0.8527,1.400766
H2_128C_quantized_resblocks_range_1_10,672-122797-0061.wav,generated_audios/generated_H2_128C_int8/672-122797-0061_generated.wav,7.590023,2.328064,2.324567,0.306727,0.306266,1.102153,0.789501,1.361117
H2_128C_quantized_resblocks_range_1_10,672-122797-0062.wav,generated_audios/generated_H2_128C_int8/672-122797-0062_generated.wav,2.675011,0.816722,0.813511,0.305315,0.304115,1.119971,0.60092,1.598844
H2_128C_quantized_resblocks_range_1_10,672-122797-0063.wav,generated_audios/generated_H2_128C_int8/672-122797-0063_generated.wav,5.075011,0.120668,0.11706,0.023777,0.023066,1.110083,0.78192,1.511957
H2_128C_quantized_resblocks_range_1_10,672-122797-0064.wav,generated_audios/generated_H2_128C_int8/672-122797-0064_generated.wav,15.270023,4.599193,4.594678,0.301191,0.300895,1.104731,0.722353,1.369626
H2_128C_quantized_resblocks_range_1_10,672-122797-0065.wav,generated_audios/generated_H2_128C_int8/672-122797-0065_generated.wav,3.030023,0.082597,0.078767,0.02726,0.025996,1.051564,0.683444,1.558152
H2_128C_quantized_resblocks_range_1_10,672-122797-0066.wav,generated_audios/generated_H2_128C_int8/672-122797-0066_generated.wav,4.815011,0.123522,0.11968,0.025654,0.024856,1.087915,0.820795,1.34884
H2_128C_quantized_resblocks_range_1_10,672-122797-0067.wav,generated_audios/generated_H2_128C_int8/672-122797-0067_generated.wav,13.035011,3.752422,3.747911,0.287873,0.287526,1.08461,0.770993,1.387601
H2_128C_quantized_resblocks_range_1_10,672-122797-0068.wav,generated_audios/generated_H2_128C_int8/672-122797-0068_generated.wav,4.02,0.087494,0.084103,0.021765,0.020921,1.081385,0.706236,1.52447
H2_128C_quantized_resblocks_range_1_10,672-122797-0069.wav,generated_audios/generated_H2_128C_int8/672-122797-0069_generated.wav,5.010023,1.529869,1.526137,0.305362,0.304617,1.082907,0.66697,1.477687
H2_128C_quantized_resblocks_range_1_10,672-122797-0070.wav,generated_audios/generated_H2_128C_int8/672-122797-0070_generated.wav,6.270023,1.769603,1.765728,0.282232,0.281614,1.078092,0.776479,1.417606
H2_128C_quantized_resblocks_range_1_10,672-122797-0071.wav,generated_audios/generated_H2_128C_int8/672-122797-0071_generated.wav,8.875011,2.686724,2.682653,0.302729,0.30227,1.083984,0.829393,1.351705
H2_128C_quantized_resblocks_range_1_10,672-122797-0072.wav,generated_audios/generated_H2_128C_int8/672-122797-0072_generated.wav,7.94,2.457795,2.454228,0.309546,0.309097,1.079201,0.701762,1.503761
H2_128C_quantized_resblocks_range_1_10,672-122797-0073.wav,generated_audios/generated_H2_128C_int8/672-122797-0073_generated.wav,8.205034,2.475543,2.471335,0.30171,0.301197,1.079782,0.796636,1.406292
H2_128C_quantized_resblocks_range_1_10,672-122797-0074.wav,generated_audios/generated_H2_128C_int8/672-122797-0074_generated.wav,8.730023,2.673105,2.669013,0.306197,0.305728,1.127463,0.573617,1.559517
H2_128C_quantized_resblocks_range_1_10,908-157963-0000.wav,generated_audios/generated_H2_128C_int8/908-157963-0000_generated.wav,12.62,3.622082,3.617646,0.287011,0.28666,1.13586,0.806438,1.441961
H2_128C_quantized_resblocks_range_1_10,908-157963-0001.wav,generated_audios/generated_H2_128C_int8/908-157963-0001_generated.wav,2.885034,0.848166,0.844763,0.293988,0.292809,1.210301,0.867054,1.409833
H2_128C_quantized_resblocks_range_1_10,908-157963-0002.wav,generated_audios/generated_H2_128C_int8/908-157963-0002_generated.wav,2.755011,0.823096,0.819788,0.298763,0.297563,1.202096,0.843224,1.414198
H2_128C_quantized_resblocks_range_1_10,908-157963-0003.wav,generated_audios/generated_H2_128C_int8/908-157963-0003_generated.wav,3.08,0.920176,0.916899,0.298758,0.297694,1.162597,0.839724,1.321689
H2_128C_quantized_resblocks_range_1_10,908-157963-0004.wav,generated_audios/generated_H2_128C_int8/908-157963-0004_generated.wav,13.990023,4.226883,4.221963,0.302136,0.301784,1.153686,0.798316,1.384812
H2_128C_quantized_resblocks_range_1_10,908-157963-0005.wav,generated_audios/generated_H2_128C_int8/908-157963-0005_generated.wav,7.035011,2.084798,2.080918,0.296346,0.295794,1.136329,0.797512,1.485334
H2_128C_quantized_resblocks_range_1_10,908-157963-0006.wav,generated_audios/generated_H2_128C_int8/908-157963-0006_generated.wav,8.110023,2.418704,2.414904,0.298236,0.297768,1.161634,0.790295,1.412437
H2_128C_quantized_resblocks_range_1_10,908-157963-0007.wav,generated_audios/generated_H2_128C_int8/908-157963-0007_generated.wav,32.770023,10.146368,10.139256,0.309623,0.309406,1.12524,0.791134,1.426614
H2_128C_quantized_resblocks_range_1_10,908-157963-0008.wav,generated_audios/generated_H2_128C_int8/908-157963-0008_generated.wav,19.950023,6.071509,6.065756,0.304336,0.304048,1.159433,0.80177,1.430093
H2_128C_quantized_resblocks_range_1_10,908-157963-0009.wav,generated_audios/generated_H2_128C_int8/908-157963-0009_generated.wav,4.06,1.228078,1.224538,0.302482,0.30161,1.185565,0.817141,1.312949
H2_128C_quantized_resblocks_range_1_10,908-157963-0010.wav,generated_audios/generated_H2_128C_int8/908-157963-0010_generated.wav,6.28,0.12709,0.123383,0.020237,0.019647,1.103482,0.713189,1.507548
H2_128C_quantized_resblocks_range_1_10,908-157963-0011.wav,generated_audios/generated_H2_128C_int8/908-157963-0011_generated.wav,10.395011,0.242052,0.23765,0.023285,0.022862,1.096917,0.764654,1.449678
H2_128C_quantized_resblocks_range_1_10,908-157963-0012.wav,generated_audios/generated_H2_128C_int8/908-157963-0012_generated.wav,10.090023,3.005675,3.001354,0.297886,0.297458,1.106438,0.759574,1.496559
H2_128C_quantized_resblocks_range_1_10,908-157963-0013.wav,generated_audios/generated_H2_128C_int8/908-157963-0013_generated.wav,4.315011,0.109315,0.105233,0.025334,0.024388,1.115199,0.808741,1.667197
H2_128C_quantized_resblocks_range_1_10,908-157963-0014.wav,generated_audios/generated_H2_128C_int8/908-157963-0014_generated.wav,4.52,0.11124,0.107467,0.024611,0.023776,1.209262,0.797141,1.628887
H2_128C_quantized_resblocks_range_1_10,908-157963-0015.wav,generated_audios/generated_H2_128C_int8/908-157963-0015_generated.wav,14.465034,4.068934,4.064346,0.281294,0.280977,1.209465,0.840623,1.38296
H2_128C_quantized_resblocks_range_1_10,908-157963-0016.wav,generated_audios/generated_H2_128C_int8/908-157963-0016_generated.wav,5.105034,0.123668,0.119915,0.024225,0.02349,1.201576,0.851333,1.439197
H2_128C_quantized_resblocks_range_1_10,908-157963-0017.wav,generated_audios/generated_H2_128C_int8/908-157963-0017_generated.wav,4.950023,1.395883,1.39247,0.281995,0.281306,1.260912,0.829069,1.332361
H2_128C_quantized_resblocks_range_1_10,908-157963-0018.wav,generated_audios/generated_H2_128C_int8/908-157963-0018_generated.wav,4.255011,0.121412,0.117868,0.028534,0.027701,1.15151,0.784701,1.36765
H2_128C_quantized_resblocks_range_1_10,908-157963-0019.wav,generated_audios/generated_H2_128C_int8/908-157963-0019_generated.wav,21.44,6.541351,6.536787,0.3051,0.304887,1.118215,0.788383,1.568128
H2_128C_quantized_resblocks_range_1_10,908-157963-0020.wav,generated_audios/generated_H2_128C_int8/908-157963-0020_generated.wav,9.8,2.914129,2.909814,0.29736,0.29692,1.161366,0.785026,1.548345
H2_128C_quantized_resblocks_range_1_10,908-157963-0021.wav,generated_audios/generated_H2_128C_int8/908-157963-0021_generated.wav,10.24,0.242423,0.238663,0.023674,0.023307,1.161482,0.798242,1.490318
H2_128C_quantized_resblocks_range_1_10,908-157963-0022.wav,generated_audios/generated_H2_128C_int8/908-157963-0022_generated.wav,4.610023,1.400894,1.398109,0.30388,0.303276,1.111619,0.795083,1.53189
H2_128C_quantized_resblocks_range_1_10,908-157963-0023.wav,generated_audios/generated_H2_128C_int8/908-157963-0023_generated.wav,9.625034,2.972016,2.968059,0.30878,0.308369,1.149675,0.750796,1.48427
H2_128C_quantized_resblocks_range_1_10,908-157963-0024.wav,generated_audios/generated_H2_128C_int8/908-157963-0024_generated.wav,3.44,1.048693,1.045387,0.304853,0.303892,1.098469,0.785676,1.589662
H2_128C_quantized_resblocks_range_1_10,908-157963-0025.wav,generated_audios/generated_H2_128C_int8/908-157963-0025_generated.wav,9.265034,2.638856,2.635542,0.284819,0.284461,1.118687,0.779692,1.565566
H2_128C_quantized_resblocks_range_1_10,908-157963-0026.wav,generated_audios/generated_H2_128C_int8/908-157963-0026_generated.wav,8.1,2.384117,2.380195,0.294335,0.293851,1.159356,0.805813,1.443077
H2_128C_quantized_resblocks_range_1_10,908-157963-0027.wav,generated_audios/generated_H2_128C_int8/908-157963-0027_generated.wav,5.225034,0.131212,0.1277,0.025112,0.02444,1.097198,0.732635,1.597087
H2_128C_quantized_resblocks_range_1_10,908-157963-0028.wav,generated_audios/generated_H2_128C_int8/908-157963-0028_generated.wav,4.955011,0.104108,0.100512,0.021011,0.020285,1.14583,0.827045,1.356378
H2_128C_quantized_resblocks_range_1_10,908-157963-0029.wav,generated_audios/generated_H2_128C_int8/908-157963-0029_generated.wav,3.630023,1.003467,0.999853,0.276435,0.27544,1.220802,0.832903,1.392628
H2_128C_quantized_resblocks_range_1_10,908-157963-0030.wav,generated_audios/generated_H2_128C_int8/908-157963-0030_generated.wav,4.52,0.094629,0.091093,0.020936,0.020153,1.138851,0.81623,1.50347
H2_128C_quantized_resblocks_range_1_10,908-31957-0000.wav,generated_audios/generated_H2_128C_int8/908-31957-0000_generated.wav,2.125034,0.602493,0.599398,0.283522,0.282065,1.270692,0.83264,1.549833
H2_128C_quantized_resblocks_range_1_10,908-31957-0001.wav,generated_audios/generated_H2_128C_int8/908-31957-0001_generated.wav,11.315011,3.435314,3.431055,0.303607,0.30323,1.098324,0.79156,1.592412
H2_128C_quantized_resblocks_range_1_10,908-31957-0002.wav,generated_audios/generated_H2_128C_int8/908-31957-0002_generated.wav,4.790023,0.118093,0.114772,0.024654,0.023961,1.102573,0.803315,1.691519
H2_128C_quantized_resblocks_range_1_10,908-31957-0003.wav,generated_audios/generated_H2_128C_int8/908-31957-0003_generated.wav,6.565034,0.158795,0.154929,0.024188,0.023599,1.127471,0.787918,1.476795
H2_128C_quantized_resblocks_range_1_10,908-31957-0004.wav,generated_audios/generated_H2_128C_int8/908-31957-0004_generated.wav,14.755011,4.519432,4.515432,0.306298,0.306027,1.124406,0.805308,1.515136
H2_128C_quantized_resblocks_range_1_10,908-31957-0005.wav,generated_audios/generated_H2_128C_int8/908-31957-0005_generated.wav,4.490023,0.1089,0.105564,0.024254,0.023511,1.159628,0.809634,1.725202
H2_128C_quantized_resblocks_range_1_10,908-31957-0006.wav,generated_audios/generated_H2_128C_int8/908-31957-0006_generated.wav,5.890023,1.650852,1.647167,0.280279,0.279654,1.159756,0.796007,1.707064
H2_128C_quantized_resblocks_range_1_10,908-31957-0007.wav,generated_audios/generated_H2_128C_int8/908-31957-0007_generated.wav,5.8,0.136555,0.132818,0.023544,0.0229,1.156485,0.80527,1.511568
H2_128C_quantized_resblocks_range_1_10,908-31957-0008.wav,generated_audios/generated_H2_128C_int8/908-31957-0008_generated.wav,10.005034,2.792419,2.788403,0.279101,0.2787,1.121401,0.796768,1.570257
H2_128C_quantized_resblocks_range_1_10,908-31957-0009.wav,generated_audios/generated_H2_128C_int8/908-31957-0009_generated.wav,7.705034,2.146258,2.142226,0.278553,0.278029,1.115539,0.793819,1.54949
H2_128C_quantized_resblocks_range_1_10,908-31957-0010.wav,generated_audios/generated_H2_128C_int8/908-31957-0010_generated.wav,2.510023,0.6961,0.692719,0.277328,0.275981,1.131937,0.694134,1.962001
H2_128C_quantized_resblocks_range_1_10,908-31957-0011.wav,generated_audios/generated_H2_128C_int8/908-31957-0011_generated.wav,2.335011,0.066705,0.063675,0.028567,0.02727,1.14317,0.709487,1.622149
H2_128C_quantized_resblocks_range_1_10,908-31957-0012.wav,generated_audios/generated_H2_128C_int8/908-31957-0012_generated.wav,7.615011,2.238112,2.234489,0.293908,0.293432,1.127191,0.783941,1.614269
H2_128C_quantized_resblocks_range_1_10,908-31957-0013.wav,generated_audios/generated_H2_128C_int8/908-31957-0013_generated.wav,6.18,1.840923,1.836962,0.297884,0.297243,1.17205,0.748337,1.669175
H2_128C_quantized_resblocks_range_1_10,908-31957-0014.wav,generated_audios/generated_H2_128C_int8/908-31957-0014_generated.wav,7.56,2.102662,2.09895,0.27813,0.277639,1.101274,0.79902,1.705396
H2_128C_quantized_resblocks_range_1_10,908-31957-0015.wav,generated_audios/generated_H2_128C_int8/908-31957-0015_generated.wav,21.465034,6.190846,6.185401,0.288415,0.288162,1.101477,0.786581,1.71493
H2_128C_quantized_resblocks_range_1_10,908-31957-0016.wav,generated_audios/generated_H2_128C_int8/908-31957-0016_generated.wav,6.48,1.829731,1.82584,0.282366,0.281765,1.165736,0.795636,1.629609
H2_128C_quantized_resblocks_range_1_10,908-31957-0017.wav,generated_audios/generated_H2_128C_int8/908-31957-0017_generated.wav,7.795011,2.332504,2.32824,0.29923,0.298683,1.11077,0.804039,1.696808
H2_128C_quantized_resblocks_range_1_10,908-31957-0018.wav,generated_audios/generated_H2_128C_int8/908-31957-0018_generated.wav,3.915011,1.205389,1.201664,0.307889,0.306938,1.117705,0.82527,1.610165
H2_128C_quantized_resblocks_range_1_10,908-31957-0019.wav,generated_audios/generated_H2_128C_int8/908-31957-0019_generated.wav,9.54,2.944648,2.940205,0.308663,0.308198,1.183562,0.811501,1.504741
H2_128C_quantized_resblocks_range_1_10,908-31957-0020.wav,generated_audios/generated_H2_128C_int8/908-31957-0020_generated.wav,5.895011,0.125343,0.121359,0.021263,0.020587,1.150135,0.781758,1.645187
H2_128C_quantized_resblocks_range_1_10,908-31957-0021.wav,generated_audios/generated_H2_128C_int8/908-31957-0021_generated.wav,10.905034,3.097707,3.093523,0.284062,0.283678,1.117864,0.780198,1.598261
H2_128C_quantized_resblocks_range_1_10,908-31957-0022.wav,generated_audios/generated_H2_128C_int8/908-31957-0022_generated.wav,14.1,4.279669,4.27489,0.303523,0.303184,1.105452,0.781515,1.60137
H2_128C_quantized_resblocks_range_1_10,908-31957-0023.wav,generated_audios/generated_H2_128C_int8/908-31957-0023_generated.wav,8.515011,2.569802,2.56568,0.301797,0.301313,1.148895,0.806289,1.718291
H2_128C_quantized_resblocks_range_1_10,908-31957-0024.wav,generated_audios/generated_H2_128C_int8/908-31957-0024_generated.wav,7.54,2.222044,2.218395,0.294701,0.294217,1.104531,0.782062,1.722757
H2_128C_quantized_resblocks_range_1_10,908-31957-0025.wav,generated_audios/generated_H2_128C_int8/908-31957-0025_generated.wav,20.56,6.191551,6.185965,0.301145,0.300874,1.11501,0.795288,1.838593
H2_512C_quantized_resblocks_range_1_10,1089-134686-0000.wav,generated_audios/generated_H2_512C_int8/1089-134686-0000_generated.wav,10.435011,1.598775,1.594888,0.153213,0.15284,1.269547,0.911256,1.177413
H2_512C_quantized_resblocks_range_1_10,1089-134686-0001.wav,generated_audios/generated_H2_512C_int8/1089-134686-0001_generated.wav,3.275011,0.424392,0.421267,0.129585,0.128631,1.165535,0.836993,1.470622
H2_512C_quantized_resblocks_range_1_10,1089-134686-0002.wav,generated_audios/generated_H2_512C_int8/1089-134686-0002_generated.wav,6.625034,1.030449,1.026958,0.155539,0.155012,1.264218,0.86605,1.169107
H2_512C_quantized_resblocks_range_1_10,1089-134686-0003.wav,generated_audios/generated_H2_512C_int8/1089-134686-0003_generated.wav,2.68,0.355555,0.352216,0.13267,0.131424,1.443776,0.92305,1.350781
H2_512C_quantized_resblocks_range_1_10,1089-134686-0004.wav,generated_audios/generated_H2_512C_int8/1089-134686-0004_generated.wav,5.215102,0.735281,0.731583,0.140991,0.140282,1.414826,0.941735,1.164884
H2_512C_quantized_resblocks_range_1_10,1089-134686-0005.wav,generated_audios/generated_H2_512C_int8/1089-134686-0005_generated.wav,9.635011,1.41949,1.414877,0.147326,0.146847,1.179057,0.845556,1.280049
H2_512C_quantized_resblocks_range_1_10,1089-134686-0006.wav,generated_audios/generated_H2_512C_int8/1089-134686-0006_generated.wav,10.555011,1.563149,1.559026,0.148095,0.147705,1.271708,0.874875,1.27289
H2_512C_quantized_resblocks_range_1_10,1089-134686-0007.wav,generated_audios/generated_H2_512C_int8/1089-134686-0007_generated.wav,4.275011,0.62985,0.626566,0.147333,0.146565,1.160628,0.861114,1.380156
H2_512C_quantized_resblocks_range_1_10,1089-134686-0008.wav,generated_audios/generated_H2_512C_int8/1089-134686-0008_generated.wav,6.730023,0.964684,0.960726,0.14334,0.142752,1.193644,0.860069,1.272834
H2_512C_quantized_resblocks_range_1_10,1089-134686-0009.wav,generated_audios/generated_H2_512C_int8/1089-134686-0009_generated.wav,10.575011,1.613776,1.609578,0.152603,0.152206,1.270954,0.907302,1.309624
H2_512C_quantized_resblocks_range_1_10,1089-134686-0010.wav,generated_audios/generated_H2_512C_int8/1089-134686-0010_generated.wav,4.405034,0.626822,0.623084,0.142297,0.141448,1.525516,0.931565,0.965478
H2_512C_quantized_resblocks_range_1_10,1089-134686-0011.wav,generated_audios/generated_H2_512C_int8/1089-134686-0011_generated.wav,12.445034,2.189087,2.184389,0.1759,0.175523,1.253547,0.876912,1.139848
H2_512C_quantized_resblocks_range_1_10,1089-134686-0012.wav,generated_audios/generated_H2_512C_int8/1089-134686-0012_generated.wav,11.64,1.79638,1.792072,0.154328,0.153958,1.299224,0.865345,1.239753
H2_512C_quantized_resblocks_range_1_10,1089-134686-0013.wav,generated_audios/generated_H2_512C_int8/1089-134686-0013_generated.wav,7.915011,1.181901,1.17825,0.149324,0.148863,1.174075,0.875607,1.221005
H2_512C_quantized_resblocks_range_1_10,1089-134686-0014.wav,generated_audios/generated_H2_512C_int8/1089-134686-0014_generated.wav,2.225034,0.28332,0.280328,0.127333,0.125988,1.282895,0.933939,1.169426
H2_512C_quantized_resblocks_range_1_10,1089-134686-0015.wav,generated_audios/generated_H2_512C_int8/1089-134686-0015_generated.wav,5.815011,0.837392,0.834023,0.144005,0.143426,1.226696,0.857684,1.401145
H2_512C_quantized_resblocks_range_1_10,1089-134686-0016.wav,generated_audios/generated_H2_512C_int8/1089-134686-0016_generated.wav,3.54,0.487188,0.484032,0.137624,0.136732,1.279246,0.911138,1.203826
H2_512C_quantized_resblocks_range_1_10,1089-134686-0017.wav,generated_audios/generated_H2_512C_int8/1089-134686-0017_generated.wav,8.870023,1.327054,1.323179,0.149611,0.149174,1.252368,0.909324,1.189103
H2_512C_quantized_resblocks_range_1_10,1089-134686-0018.wav,generated_audios/generated_H2_512C_int8/1089-134686-0018_generated.wav,15.72,3.01314,3.008351,0.191676,0.191371,1.193884,0.860727,1.210207
H2_512C_quantized_resblocks_range_1_10,1089-134686-0019.wav,generated_audios/generated_H2_512C_int8/1089-134686-0019_generated.wav,13.895011,2.330959,2.326191,0.167755,0.167412,1.208171,0.87899,1.15276
H2_512C_quantized_resblocks_range_1_10,1089-134686-0020.wav,generated_audios/generated_H2_512C_int8/1089-134686-0020_generated.wav,16.790023,3.175994,3.171205,0.18916,0.188874,1.187059,0.879373,1.20743
H2_512C_quantized_resblocks_range_1_10,1089-134686-0021.wav,generated_audios/generated_H2_512C_int8/1089-134686-0021_generated.wav,6.550023,0.977044,0.97338,0.149166,0.148607,1.237334,0.881252,1.270192
H2_512C_quantized_resblocks_range_1_10,1089-134686-0022.wav,generated_audios/generated_H2_512C_int8/1089-134686-0022_generated.wav,11.175011,1.638274,1.633599,0.146602,0.146183,1.306917,0.880902,1.140729
H2_512C_quantized_resblocks_range_1_10,1089-134686-0023.wav,generated_audios/generated_H2_512C_int8/1089-134686-0023_generated.wav,13.275011,2.260707,2.256174,0.170298,0.169956,1.19959,0.880399,1.231065
H2_512C_quantized_resblocks_range_1_10,1089-134686-0024.wav,generated_audios/generated_H2_512C_int8/1089-134686-0024_generated.wav,11.655011,1.74971,1.74577,0.150125,0.149787,1.208759,0.86884,1.138396
H2_512C_quantized_resblocks_range_1_10,1089-134686-0025.wav,generated_audios/generated_H2_512C_int8/1089-134686-0025_generated.wav,6.610023,0.966444,0.96254,0.146209,0.145618,1.20548,0.905049,1.279382
H2_512C_quantized_resblocks_range_1_10,1089-134686-0026.wav,generated_audios/generated_H2_512C_int8/1089-134686-0026_generated.wav,4.010023,0.573499,0.570071,0.143016,0.142161,1.247442,0.8969,1.205851
H2_512C_quantized_resblocks_range_1_10,1089-134686-0027.wav,generated_audios/generated_H2_512C_int8/1089-134686-0027_generated.wav,2.710023,0.352852,0.349147,0.130203,0.128835,1.263545,0.92653,1.07066
H2_512C_quantized_resblocks_range_1_10,1089-134686-0028.wav,generated_audios/generated_H2_512C_int8/1089-134686-0028_generated.wav,7.830023,1.144797,1.140878,0.146206,0.145706,1.30604,0.912803,1.06155
H2_512C_quantized_resblocks_range_1_10,1089-134686-0029.wav,generated_audios/generated_H2_512C_int8/1089-134686-0029_generated.wav,4.670023,0.689434,0.686135,0.14763,0.146923,1.406429,0.909162,1.153108
H2_512C_quantized_resblocks_range_1_10,1089-134686-0030.wav,generated_audios/generated_H2_512C_int8/1089-134686-0030_generated.wav,2.715011,0.342529,0.339232,0.126161,0.124947,1.451772,0.95209,1.076068
H2_512C_quantized_resblocks_range_1_10,1089-134686-0031.wav,generated_audios/generated_H2_512C_int8/1089-134686-0031_generated.wav,6.615011,0.95192,0.948088,0.143903,0.143324,1.240141,0.86378,1.26028
H2_512C_quantized_resblocks_range_1_10,121-121726-0000.wav,generated_audios/generated_H2_512C_int8/121-121726-0000_generated.wav,8.46,1.282172,1.278154,0.151557,0.151082,1.312246,0.93008,0.938118
H2_512C_quantized_resblocks_range_1_10,121-121726-0001.wav,generated_audios/generated_H2_512C_int8/121-121726-0001_generated.wav,5.925034,0.858613,0.855015,0.144913,0.144305,1.551711,0.923058,0.745194
H2_512C_quantized_resblocks_range_1_10,121-121726-0002.wav,generated_audios/generated_H2_512C_int8/121-121726-0002_generated.wav,4.410023,0.622243,0.618717,0.141098,0.140298,1.465041,0.911144,1.084874
H2_512C_quantized_resblocks_range_1_10,121-121726-0003.wav,generated_audios/generated_H2_512C_int8/121-121726-0003_generated.wav,6.755011,0.975823,0.972192,0.144459,0.143922,1.550612,0.935684,0.734745
H2_512C_quantized_resblocks_range_1_10,121-121726-0004.wav,generated_audios/generated_H2_512C_int8/121-121726-0004_generated.wav,4.02,0.575578,0.572376,0.143179,0.142382,1.320254,0.94811,0.853796
H2_512C_quantized_resblocks_range_1_10,121-121726-0005.wav,generated_audios/generated_H2_512C_int8/121-121726-0005_generated.wav,3.1,0.426346,0.42295,0.137531,0.136435,1.547762,0.955798,0.632735
H2_512C_quantized_resblocks_range_1_10,121-121726-0006.wav,generated_audios/generated_H2_512C_int8/121-121726-0006_generated.wav,3.895011,0.584582,0.581226,0.150085,0.149223,1.742134,0.914736,0.733806
H2_512C_quantized_resblocks_range_1_10,121-121726-0007.wav,generated_audios/generated_H2_512C_int8/121-121726-0007_generated.wav,6.730023,0.961669,0.957894,0.142892,0.142331,1.419563,0.944397,0.723096
H2_512C_quantized_resblocks_range_1_10,121-121726-0008.wav,generated_audios/generated_H2_512C_int8/121-121726-0008_generated.wav,4.990023,0.711574,0.708004,0.142599,0.141884,1.470657,0.933123,0.683265
H2_512C_quantized_resblocks_range_1_10,121-121726-0009.wav,generated_audios/generated_H2_512C_int8/121-121726-0009_generated.wav,7.26,1.09792,1.094,0.151229,0.150689,1.366462,0.929188,0.819239
H2_512C_quantized_resblocks_range_1_10,121-121726-0010.wav,generated_audios/generated_H2_512C_int8/121-121726-0010_generated.wav,9.810023,1.512063,1.508071,0.154134,0.153728,1.350603,0.908377,0.868223
H2_512C_quantized_resblocks_range_1_10,121-121726-0011.wav,generated_audios/generated_H2_512C_int8/121-121726-0011_generated.wav,4.035011,0.606745,0.603248,0.15037,0.149504,1.56631,0.942933,0.807393
H2_512C_quantized_resblocks_range_1_10,121-121726-0012.wav,generated_audios/generated_H2_512C_int8/121-121726-0012_generated.wav,4.045034,0.60884,0.6054,0.150515,0.149665,1.421249,0.926596,1.198353
H2_512C_quantized_resblocks_range_1_10,121-121726-0013.wav,generated_audios/generated_H2_512C_int8/121-121726-0013_generated.wav,2.490023,0.32641,0.323408,0.131087,0.129882,1.281908,0.913034,1.097548
H2_512C_quantized_resblocks_range_1_10,121-121726-0014.wav,generated_audios/generated_H2_512C_int8/121-121726-0014_generated.wav,3.165034,0.447635,0.444235,0.141431,0.140357,1.783168,0.939458,0.731882
H2_512C_quantized_resblocks_range_1_10,121-123852-0000.wav,generated_audios/generated_H2_512C_int8/121-123852-0000_generated.wav,17.695011,3.365954,3.360834,0.190221,0.189931,1.372834,0.929146,0.98506
H2_512C_quantized_resblocks_range_1_10,121-123852-0001.wav,generated_audios/generated_H2_512C_int8/121-123852-0001_generated.wav,1.870023,0.238557,0.235299,0.127569,0.125827,1.279887,0.839435,1.156229
H2_512C_quantized_resblocks_range_1_10,121-123852-0002.wav,generated_audios/generated_H2_512C_int8/121-123852-0002_generated.wav,17.285034,3.339382,3.33483,0.193195,0.192932,1.359705,0.911136,1.30435
H2_512C_quantized_resblocks_range_1_10,121-123852-0003.wav,generated_audios/generated_H2_512C_int8/121-123852-0003_generated.wav,23.505034,7.340514,7.335404,0.312295,0.312078,1.288783,0.904155,1.267523
H2_512C_quantized_resblocks_range_1_10,121-123852-0004.wav,generated_audios/generated_H2_512C_int8/121-123852-0004_generated.wav,16.290023,4.623111,4.618241,0.2838,0.283501,1.456928,0.921637,1.195799
H2_512C_quantized_resblocks_range_1_10,121-123859-0000.wav,generated_audios/generated_H2_512C_int8/121-123859-0000_generated.wav,17.390023,4.926801,4.922155,0.283312,0.283045,1.275473,0.905259,1.229227
H2_512C_quantized_resblocks_range_1_10,121-123859-0001.wav,generated_audios/generated_H2_512C_int8/121-123859-0001_generated.wav,25.395011,7.862444,7.855836,0.309606,0.309346,1.39473,0.927527,1.229245
H2_512C_quantized_resblocks_range_1_10,121-123859-0002.wav,generated_audios/generated_H2_512C_int8/121-123859-0002_generated.wav,30.04,9.339559,9.332768,0.310904,0.310678,1.392172,0.922271,1.178844
H2_512C_quantized_resblocks_range_1_10,121-123859-0003.wav,generated_audios/generated_H2_512C_int8/121-123859-0003_generated.wav,10.825034,2.696658,2.692583,0.249113,0.248737,1.434357,0.937705,1.135026
H2_512C_quantized_resblocks_range_1_10,121-123859-0004.wav,generated_audios/generated_H2_512C_int8/121-123859-0004_generated.wav,9.505034,2.366943,2.362896,0.24902,0.248594,1.261934,0.918752,1.298135
H2_512C_quantized_resblocks_range_1_10,121-127105-0000.wav,generated_audios/generated_H2_512C_int8/121-127105-0000_generated.wav,9.875011,2.443182,2.439229,0.247411,0.24701,1.367705,0.916241,0.734512
H2_512C_quantized_resblocks_range_1_10,121-127105-0001.wav,generated_audios/generated_H2_512C_int8/121-127105-0001_generated.wav,5.025034,1.232317,1.228595,0.245236,0.244495,1.448404,0.923027,0.769951
H2_512C_quantized_resblocks_range_1_10,121-127105-0002.wav,generated_audios/generated_H2_512C_int8/121-127105-0002_generated.wav,7.495011,1.819409,1.815792,0.242749,0.242267,1.405307,0.920351,0.820621
H2_512C_quantized_resblocks_range_1_10,121-127105-0003.wav,generated_audios/generated_H2_512C_int8/121-127105-0003_generated.wav,7.725034,1.889578,1.885648,0.244605,0.244096,1.518256,0.936249,0.769656
H2_512C_quantized_resblocks_range_1_10,121-127105-0004.wav,generated_audios/generated_H2_512C_int8/121-127105-0004_generated.wav,2.110023,0.507842,0.504626,0.240681,0.239157,1.120755,0.934638,0.837404
H2_512C_quantized_resblocks_range_1_10,121-127105-0005.wav,generated_audios/generated_H2_512C_int8/121-127105-0005_generated.wav,5.82,1.375446,1.371844,0.236331,0.235712,1.471793,0.925547,0.651627
H2_512C_quantized_resblocks_range_1_10,121-127105-0006.wav,generated_audios/generated_H2_512C_int8/121-127105-0006_generated.wav,4.725034,1.144899,1.141179,0.242305,0.241518,1.320986,0.936562,0.733198
H2_512C_quantized_resblocks_range_1_10,121-127105-0007.wav,generated_audios/generated_H2_512C_int8/121-127105-0007_generated.wav,5.790023,1.390976,1.387413,0.240237,0.239621,1.28335,0.931029,0.796768
H2_512C_quantized_resblocks_range_1_10,121-127105-0008.wav,generated_audios/generated_H2_512C_int8/121-127105-0008_generated.wav,2.76,0.615027,0.611567,0.222836,0.221582,1.286465,0.917116,0.848368
H2_512C_quantized_resblocks_range_1_10,121-127105-0009.wav,generated_audios/generated_H2_512C_int8/121-127105-0009_generated.wav,2.290023,0.540208,0.537157,0.235896,0.234564,1.35022,0.911096,0.810365
H2_512C_quantized_resblocks_range_1_10,121-127105-0010.wav,generated_audios/generated_H2_512C_int8/121-127105-0010_generated.wav,2.850023,0.662451,0.65904,0.232437,0.23124,1.31796,0.925805,0.740118
H2_512C_quantized_resblocks_range_1_10,121-127105-0011.wav,generated_audios/generated_H2_512C_int8/121-127105-0011_generated.wav,5.78,1.412027,1.408118,0.244295,0.243619,1.314181,0.908532,0.829677
H2_512C_quantized_resblocks_range_1_10,121-127105-0012.wav,generated_audios/generated_H2_512C_int8/121-127105-0012_generated.wav,4.830023,1.219108,1.215628,0.252402,0.251682,1.104257,0.896725,0.970187
H2_512C_quantized_resblocks_range_1_10,121-127105-0013.wav,generated_audios/generated_H2_512C_int8/121-127105-0013_generated.wav,5.895011,1.395371,1.391696,0.236704,0.23608,1.323377,0.93515,0.752363
H2_512C_quantized_resblocks_range_1_10,121-127105-0014.wav,generated_audios/generated_H2_512C_int8/121-127105-0014_generated.wav,2.255011,0.518472,0.515355,0.22992,0.228538,1.566064,0.876418,0.82762
H2_512C_quantized_resblocks_range_1_10,121-127105-0015.wav,generated_audios/generated_H2_512C_int8/121-127105-0015_generated.wav,2.96,0.686377,0.682835,0.231884,0.230688,1.308339,0.927415,0.892601
H2_512C_quantized_resblocks_range_1_10,121-127105-0016.wav,generated_audios/generated_H2_512C_int8/121-127105-0016_generated.wav,2.030023,0.460965,0.45764,0.227074,0.225436,1.537307,0.932568,0.784326
H2_512C_quantized_resblocks_range_1_10,121-127105-0017.wav,generated_audios/generated_H2_512C_int8/121-127105-0017_generated.wav,2.695011,0.644574,0.641222,0.239173,0.237929,1.290809,0.925333,0.86535
H2_512C_quantized_resblocks_range_1_10,121-127105-0018.wav,generated_audios/generated_H2_512C_int8/121-127105-0018_generated.wav,2.770023,0.65099,0.648178,0.235012,0.233997,1.38754,0.901164,0.825234
H2_512C_quantized_resblocks_range_1_10,121-127105-0019.wav,generated_audios/generated_H2_512C_int8/121-127105-0019_generated.wav,3.525034,0.817957,0.814356,0.232042,0.231021,1.38358,0.926698,0.731316
H2_512C_quantized_resblocks_range_1_10,121-127105-0020.wav,generated_audios/generated_H2_512C_int8/121-127105-0020_generated.wav,14.355011,4.038008,4.033375,0.281296,0.280973,1.406289,0.927396,0.784411
H2_512C_quantized_resblocks_range_1_10,121-127105-0021.wav,generated_audios/generated_H2_512C_int8/121-127105-0021_generated.wav,2.0,0.473919,0.470563,0.23696,0.235281,1.415946,0.93016,0.777469
H2_512C_quantized_resblocks_range_1_10,121-127105-0022.wav,generated_audios/generated_H2_512C_int8/121-127105-0022_generated.wav,5.075011,1.253872,1.250534,0.247068,0.24641,1.635697,0.922972,0.741828
H2_512C_quantized_resblocks_range_1_10,121-127105-0023.wav,generated_audios/generated_H2_512C_int8/121-127105-0023_generated.wav,10.910023,2.66888,2.664713,0.244626,0.244244,1.489665,0.930611,0.768558
H2_512C_quantized_resblocks_range_1_10,121-127105-0024.wav,generated_audios/generated_H2_512C_int8/121-127105-0024_generated.wav,14.450023,4.080598,4.076078,0.282394,0.282081,1.44068,0.923061,0.832666
H2_512C_quantized_resblocks_range_1_10,121-127105-0025.wav,generated_audios/generated_H2_512C_int8/121-127105-0025_generated.wav,16.065034,4.536792,4.532282,0.282402,0.282121,1.498061,0.930154,0.741587
H2_512C_quantized_resblocks_range_1_10,121-127105-0026.wav,generated_audios/generated_H2_512C_int8/121-127105-0026_generated.wav,7.530023,1.800482,1.79671,0.239107,0.238606,1.355085,0.939822,0.884126
H2_512C_quantized_resblocks_range_1_10,121-127105-0027.wav,generated_audios/generated_H2_512C_int8/121-127105-0027_generated.wav,13.870023,3.884678,3.880385,0.280077,0.279768,1.485264,0.926843,0.746433
H2_512C_quantized_resblocks_range_1_10,121-127105-0028.wav,generated_audios/generated_H2_512C_int8/121-127105-0028_generated.wav,6.750023,1.006785,1.003495,0.149153,0.148665,1.566971,0.943825,0.615331
H2_512C_quantized_resblocks_range_1_10,121-127105-0029.wav,generated_audios/generated_H2_512C_int8/121-127105-0029_generated.wav,7.310023,1.795418,1.791647,0.24561,0.245095,1.48355,0.934726,0.775739
H2_512C_quantized_resblocks_range_1_10,121-127105-0030.wav,generated_audios/generated_H2_512C_int8/121-127105-0030_generated.wav,2.175011,0.512672,0.509462,0.23571,0.234234,1.168244,0.930644,1.042431
H2_512C_quantized_resblocks_range_1_10,121-127105-0031.wav,generated_audios/generated_H2_512C_int8/121-127105-0031_generated.wav,10.765034,2.6356,2.631904,0.24483,0.244486,1.36417,0.877897,0.799107
H2_512C_quantized_resblocks_range_1_10,121-127105-0032.wav,generated_audios/generated_H2_512C_int8/121-127105-0032_generated.wav,3.170023,0.705249,0.701534,0.222475,0.221303,1.293069,0.929671,0.713577
H2_512C_quantized_resblocks_range_1_10,121-127105-0033.wav,generated_audios/generated_H2_512C_int8/121-127105-0033_generated.wav,2.355011,0.556593,0.553163,0.236344,0.234888,1.321121,0.912154,0.721746
H2_512C_quantized_resblocks_range_1_10,121-127105-0034.wav,generated_audios/generated_H2_512C_int8/121-127105-0034_generated.wav,7.410023,1.825956,1.82209,0.246417,0.245895,1.447034,0.931117,0.770039
H2_512C_quantized_resblocks_range_1_10,121-127105-0035.wav,generated_audios/generated_H2_512C_int8/121-127105-0035_generated.wav,14.150023,3.990681,3.985878,0.282026,0.281687,1.432185,0.909644,0.671763
H2_512C_quantized_resblocks_range_1_10,121-127105-0036.wav,generated_audios/generated_H2_512C_int8/121-127105-0036_generated.wav,4.150023,0.969593,0.965941,0.233636,0.232756,1.553419,0.901339,0.678949
H2_512C_quantized_resblocks_range_1_10,237-126133-0000.wav,generated_audios/generated_H2_512C_int8/237-126133-0000_generated.wav,13.290023,3.797383,3.793115,0.285732,0.285411,1.210915,0.900453,1.161238
H2_512C_quantized_resblocks_range_1_10,237-126133-0001.wav,generated_audios/generated_H2_512C_int8/237-126133-0001_generated.wav,11.965034,3.36715,3.362223,0.281416,0.281004,1.19403,0.879308,1.154842
H2_512C_quantized_resblocks_range_1_10,237-126133-0002.wav,generated_audios/generated_H2_512C_int8/237-126133-0002_generated.wav,8.92,2.503025,2.49884,0.280608,0.280139,1.12175,0.890885,1.397374
H2_512C_quantized_resblocks_range_1_10,237-126133-0003.wav,generated_audios/generated_H2_512C_int8/237-126133-0003_generated.wav,6.56,1.611956,1.608319,0.245725,0.245171,1.125894,0.847797,1.253679
H2_512C_quantized_resblocks_range_1_10,237-126133-0004.wav,generated_audios/generated_H2_512C_int8/237-126133-0004_generated.wav,3.295011,0.781712,0.778435,0.237241,0.236247,1.232358,0.904956,1.270864
H2_512C_quantized_resblocks_range_1_10,237-126133-0005.wav,generated_audios/generated_H2_512C_int8/237-126133-0005_generated.wav,6.510023,1.640888,1.638594,0.252056,0.251703,1.261759,0.908621,1.134673
H2_512C_quantized_resblocks_range_1_10,237-126133-0006.wav,generated_audios/generated_H2_512C_int8/237-126133-0006_generated.wav,6.150023,1.486846,1.482997,0.241763,0.241137,1.268328,0.920866,1.276814
H2_512C_quantized_resblocks_range_1_10,237-126133-0007.wav,generated_audios/generated_H2_512C_int8/237-126133-0007_generated.wav,8.68,2.108791,2.104282,0.242948,0.242429,1.245644,0.899482,1.203772
H2_512C_quantized_resblocks_range_1_10,237-126133-0008.wav,generated_audios/generated_H2_512C_int8/237-126133-0008_generated.wav,3.865034,0.954492,0.95092,0.246956,0.246031,1.121122,0.872929,1.215253
H2_512C_quantized_resblocks_range_1_10,237-126133-0009.wav,generated_audios/generated_H2_512C_int8/237-126133-0009_generated.wav,3.970023,0.982691,0.979272,0.247528,0.246667,1.206847,0.914147,1.243794
H2_512C_quantized_resblocks_range_1_10,237-126133-0010.wav,generated_audios/generated_H2_512C_int8/237-126133-0010_generated.wav,6.24,1.503333,1.499746,0.240919,0.240344,1.236047,0.884697,1.177338
H2_512C_quantized_resblocks_range_1_10,237-126133-0011.wav,generated_audios/generated_H2_512C_int8/237-126133-0011_generated.wav,6.710023,1.607514,1.603719,0.239569,0.239003,1.221694,0.907413,1.282671
H2_512C_quantized_resblocks_range_1_10,237-126133-0012.wav,generated_audios/generated_H2_512C_int8/237-126133-0012_generated.wav,4.450023,1.09087,1.087191,0.245138,0.244311,1.142113,0.844732,1.319178
H2_512C_quantized_resblocks_range_1_10,237-126133-0013.wav,generated_audios/generated_H2_512C_int8/237-126133-0013_generated.wav,6.815011,1.683461,1.679657,0.247023,0.246464,1.176743,0.873204,1.377192
H2_512C_quantized_resblocks_range_1_10,237-126133-0014.wav,generated_audios/generated_H2_512C_int8/237-126133-0014_generated.wav,6.790023,1.675867,1.672121,0.246813,0.246262,1.178561,0.869702,1.144493
H2_512C_quantized_resblocks_range_1_10,237-126133-0015.wav,generated_audios/generated_H2_512C_int8/237-126133-0015_generated.wav,9.34,2.209202,2.205104,0.236531,0.236092,1.19337,0.887816,1.261863
H2_512C_quantized_resblocks_range_1_10,237-126133-0016.wav,generated_audios/generated_H2_512C_int8/237-126133-0016_generated.wav,4.250023,1.014305,1.010969,0.238659,0.237874,1.264101,0.906574,1.251339
H2_512C_quantized_resblocks_range_1_10,237-126133-0017.wav,generated_audios/generated_H2_512C_int8/237-126133-0017_generated.wav,6.210023,1.501575,1.498068,0.241799,0.241234,1.338158,0.914265,1.117916
H2_512C_quantized_resblocks_range_1_10,237-126133-0018.wav,generated_audios/generated_H2_512C_int8/237-126133-0018_generated.wav,4.095011,1.062428,1.058809,0.259445,0.258561,1.107353,0.816341,1.335768
H2_512C_quantized_resblocks_range_1_10,237-126133-0019.wav,generated_audios/generated_H2_512C_int8/237-126133-0019_generated.wav,7.12,1.752671,1.749048,0.246162,0.245653,1.17356,0.888966,1.284936
H2_512C_quantized_resblocks_range_1_10,237-126133-0020.wav,generated_audios/generated_H2_512C_int8/237-126133-0020_generated.wav,2.24,0.510519,0.507438,0.22791,0.226535,1.201848,0.911403,1.255265
H2_512C_quantized_resblocks_range_1_10,237-126133-0021.wav,generated_audios/generated_H2_512C_int8/237-126133-0021_generated.wav,4.365034,1.051421,1.04783,0.240873,0.240051,1.105327,0.81457,1.340933
H2_512C_quantized_resblocks_range_1_10,237-126133-0022.wav,generated_audios/generated_H2_512C_int8/237-126133-0022_generated.wav,5.04,1.24129,1.237547,0.246288,0.245545,1.171681,0.90428,1.351226
H2_512C_quantized_resblocks_range_1_10,237-126133-0023.wav,generated_audios/generated_H2_512C_int8/237-126133-0023_generated.wav,6.675011,1.641598,1.637738,0.245932,0.245354,1.157817,0.88945,1.25677
H2_512C_quantized_resblocks_range_1_10,237-126133-0024.wav,generated_audios/generated_H2_512C_int8/237-126133-0024_generated.wav,9.665034,2.510415,2.50633,0.259742,0.259319,1.291834,0.916368,1.074516
H2_512C_quantized_resblocks_range_1_10,237-126133-0025.wav,generated_audios/generated_H2_512C_int8/237-126133-0025_generated.wav,3.755011,0.938275,0.934845,0.249873,0.248959,1.227249,0.905945,1.133825
H2_512C_quantized_resblocks_range_1_10,237-134493-0000.wav,generated_audios/generated_H2_512C_int8/237-134493-0000_generated.wav,4.105034,1.007248,1.00374,0.245369,0.244514,1.778459,0.933106,0.835428
H2_512C_quantized_resblocks_range_1_10,237-134493-0001.wav,generated_audios/generated_H2_512C_int8/237-134493-0001_generated.wav,7.38,1.808886,1.804975,0.245107,0.244577,1.772765,0.937402,0.83305
H2_512C_quantized_resblocks_range_1_10,237-134493-0002.wav,generated_audios/generated_H2_512C_int8/237-134493-0002_generated.wav,11.395011,2.766307,2.761872,0.242765,0.242376,1.826813,0.937914,0.932311
H2_512C_quantized_resblocks_range_1_10,237-134493-0003.wav,generated_audios/generated_H2_512C_int8/237-134493-0003_generated.wav,12.765034,3.618209,3.614107,0.283447,0.283126,1.744506,0.943092,0.826129
H2_512C_quantized_resblocks_range_1_10,237-134493-0004.wav,generated_audios/generated_H2_512C_int8/237-134493-0004_generated.wav,6.825034,1.66394,1.660221,0.2438,0.243255,1.946927,0.941492,0.772441
H2_512C_quantized_resblocks_range_1_10,237-134493-0005.wav,generated_audios/generated_H2_512C_int8/237-134493-0005_generated.wav,10.945034,2.649102,2.644805,0.242037,0.241644,1.832566,0.936431,0.789716
H2_512C_quantized_resblocks_range_1_10,237-134493-0006.wav,generated_audios/generated_H2_512C_int8/237-134493-0006_generated.wav,4.395011,1.055666,1.052128,0.240196,0.239391,2.078311,0.949951,0.753935
H2_512C_quantized_resblocks_range_1_10,237-134493-0007.wav,generated_audios/generated_H2_512C_int8/237-134493-0007_generated.wav,2.035011,0.475749,0.472539,0.233782,0.232205,2.038448,0.93595,0.738988
H2_512C_quantized_resblocks_range_1_10,237-134493-0008.wav,generated_audios/generated_H2_512C_int8/237-134493-0008_generated.wav,2.305034,0.511372,0.507936,0.22185,0.220359,1.640039,0.862498,1.027586
H2_512C_quantized_resblocks_range_1_10,237-134493-0009.wav,generated_audios/generated_H2_512C_int8/237-134493-0009_generated.wav,2.975011,0.831262,0.828033,0.279415,0.278329,1.716566,0.93125,0.994787
H2_512C_quantized_resblocks_range_1_10,237-134493-0010.wav,generated_audios/generated_H2_512C_int8/237-134493-0010_generated.wav,2.875011,0.68598,0.682698,0.238601,0.237459,1.661897,0.900416,0.894752
H2_512C_quantized_resblocks_range_1_10,237-134493-0011.wav,generated_audios/generated_H2_512C_int8/237-134493-0011_generated.wav,5.035011,1.228716,1.225493,0.244034,0.243394,1.963783,0.951897,0.751514
H2_512C_quantized_resblocks_range_1_10,237-134493-0012.wav,generated_audios/generated_H2_512C_int8/237-134493-0012_generated.wav,3.66,0.867292,0.863631,0.236965,0.235965,1.938331,0.949194,0.849545
H2_512C_quantized_resblocks_range_1_10,237-134493-0013.wav,generated_audios/generated_H2_512C_int8/237-134493-0013_generated.wav,4.090023,0.634039,0.630169,0.155021,0.154075,1.976552,0.927735,0.760323
H2_512C_quantized_resblocks_range_1_10,237-134493-0014.wav,generated_audios/generated_H2_512C_int8/237-134493-0014_generated.wav,3.7,0.873409,0.870133,0.236057,0.235171,2.047337,0.949674,0.81831
H2_512C_quantized_resblocks_range_1_10,237-134493-0015.wav,generated_audios/generated_H2_512C_int8/237-134493-0015_generated.wav,6.550023,0.993842,0.989949,0.151731,0.151137,1.766067,0.941042,0.765352
H2_512C_quantized_resblocks_range_1_10,237-134493-0016.wav,generated_audios/generated_H2_512C_int8/237-134493-0016_generated.wav,10.085034,2.483486,2.47904,0.246255,0.245814,1.936337,0.946792,0.73841
H2_512C_quantized_resblocks_range_1_10,237-134493-0017.wav,generated_audios/generated_H2_512C_int8/237-134493-0017_generated.wav,9.105034,2.315808,2.311352,0.254344,0.253854,1.861998,0.937458,0.800667
H2_512C_quantized_resblocks_range_1_10,237-134493-0018.wav,generated_audios/generated_H2_512C_int8/237-134493-0018_generated.wav,4.790023,1.179562,1.176429,0.246254,0.2456,1.910001,0.950851,0.792538
H2_512C_quantized_resblocks_range_1_10,237-134500-0000.wav,generated_audios/generated_H2_512C_int8/237-134500-0000_generated.wav,6.130023,1.490487,1.486871,0.243145,0.242556,1.507138,0.930433,0.975852
H2_512C_quantized_resblocks_range_1_10,237-134500-0001.wav,generated_audios/generated_H2_512C_int8/237-134500-0001_generated.wav,1.810023,0.426489,0.423258,0.235626,0.233841,1.57031,0.905272,1.033269
H2_512C_quantized_resblocks_range_1_10,237-134500-0002.wav,generated_audios/generated_H2_512C_int8/237-134500-0002_generated.wav,5.070023,1.23522,1.231431,0.243632,0.242885,1.719423,0.952375,0.878853
H2_512C_quantized_resblocks_range_1_10,237-134500-0003.wav,generated_audios/generated_H2_512C_int8/237-134500-0003_generated.wav,3.170023,0.452068,0.448671,0.142607,0.141536,1.5164,0.938093,0.949993
H2_512C_quantized_resblocks_range_1_10,237-134500-0004.wav,generated_audios/generated_H2_512C_int8/237-134500-0004_generated.wav,2.225034,0.309793,0.306541,0.139231,0.137769,1.441166,0.94449,0.924401
H2_512C_quantized_resblocks_range_1_10,237-134500-0005.wav,generated_audios/generated_H2_512C_int8/237-134500-0005_generated.wav,2.390023,0.560249,0.556971,0.234412,0.23304,1.647703,0.949585,0.909591
H2_512C_quantized_resblocks_range_1_10,237-134500-0006.wav,generated_audios/generated_H2_512C_int8/237-134500-0006_generated.wav,4.225034,0.998468,0.994836,0.236322,0.235462,1.849735,0.935167,0.83736
H2_512C_quantized_resblocks_range_1_10,237-134500-0007.wav,generated_audios/generated_H2_512C_int8/237-134500-0007_generated.wav,2.390023,0.303942,0.30085,0.127171,0.125877,1.646535,0.927663,0.936189
H2_512C_quantized_resblocks_range_1_10,237-134500-0008.wav,generated_audios/generated_H2_512C_int8/237-134500-0008_generated.wav,3.76,0.521077,0.517723,0.138584,0.137692,1.529745,0.921076,0.897086
H2_512C_quantized_resblocks_range_1_10,237-134500-0009.wav,generated_audios/generated_H2_512C_int8/237-134500-0009_generated.wav,2.22,0.281114,0.277614,0.126628,0.125051,1.435627,0.919238,0.87881
H2_512C_quantized_resblocks_range_1_10,237-134500-0010.wav,generated_audios/generated_H2_512C_int8/237-134500-0010_generated.wav,3.995011,0.985575,0.982114,0.246701,0.245835,1.760492,0.949302,0.772318
H2_512C_quantized_resblocks_range_1_10,237-134500-0011.wav,generated_audios/generated_H2_512C_int8/237-134500-0011_generated.wav,3.350023,0.801918,0.7983,0.239377,0.238297,1.948003,0.928663,0.87331
H2_512C_quantized_resblocks_range_1_10,237-134500-0012.wav,generated_audios/generated_H2_512C_int8/237-134500-0012_generated.wav,10.935011,2.69321,2.688425,0.246292,0.245855,1.521684,0.927041,0.929209
H2_512C_quantized_resblocks_range_1_10,237-134500-0013.wav,generated_audios/generated_H2_512C_int8/237-134500-0013_generated.wav,10.56,1.567751,1.563451,0.148461,0.148054,1.596796,0.942252,0.911015
H2_512C_quantized_resblocks_range_1_10,237-134500-0014.wav,generated_audios/generated_H2_512C_int8/237-134500-0014_generated.wav,4.250023,0.578141,0.574656,0.136033,0.135212,1.591434,0.888958,0.960024
H2_512C_quantized_resblocks_range_1_10,237-134500-0015.wav,generated_audios/generated_H2_512C_int8/237-134500-0015_generated.wav,10.815011,2.630776,2.626527,0.243252,0.242859,1.639525,0.946868,0.872008
H2_512C_quantized_resblocks_range_1_10,237-134500-0016.wav,generated_audios/generated_H2_512C_int8/237-134500-0016_generated.wav,3.16,0.430253,0.426741,0.136156,0.135045,1.475092,0.895886,1.11976
H2_512C_quantized_resblocks_range_1_10,237-134500-0017.wav,generated_audios/generated_H2_512C_int8/237-134500-0017_generated.wav,2.18,0.282679,0.279429,0.129669,0.128179,1.956708,0.949972,0.950908
H2_512C_quantized_resblocks_range_1_10,237-134500-0018.wav,generated_audios/generated_H2_512C_int8/237-134500-0018_generated.wav,12.845034,3.621863,3.617205,0.281966,0.281603,1.499462,0.924473,0.98664
H2_512C_quantized_resblocks_range_1_10,237-134500-0019.wav,generated_audios/generated_H2_512C_int8/237-134500-0019_generated.wav,2.86,0.619961,0.616761,0.21677,0.215651,1.391015,0.925735,1.120279
H2_512C_quantized_resblocks_range_1_10,237-134500-0020.wav,generated_audios/generated_H2_512C_int8/237-134500-0020_generated.wav,2.18,0.265842,0.262675,0.121946,0.120493,1.248323,0.954288,1.34717
H2_512C_quantized_resblocks_range_1_10,237-134500-0021.wav,generated_audios/generated_H2_512C_int8/237-134500-0021_generated.wav,5.12,1.206902,1.203244,0.235723,0.235009,1.590098,0.905205,1.074452
H2_512C_quantized_resblocks_range_1_10,237-134500-0022.wav,generated_audios/generated_H2_512C_int8/237-134500-0022_generated.wav,5.165034,1.236497,1.232967,0.239398,0.238714,1.648206,0.925056,0.972993
H2_512C_quantized_resblocks_range_1_10,237-134500-0023.wav,generated_audios/generated_H2_512C_int8/237-134500-0023_generated.wav,3.06,0.722231,0.718826,0.236023,0.234911,1.786535,0.941972,1.016176
H2_512C_quantized_resblocks_range_1_10,237-134500-0024.wav,generated_audios/generated_H2_512C_int8/237-134500-0024_generated.wav,4.410023,0.655402,0.651586,0.148616,0.147751,1.563692,0.927031,1.052733
H2_512C_quantized_resblocks_range_1_10,237-134500-0025.wav,generated_audios/generated_H2_512C_int8/237-134500-0025_generated.wav,1.630023,0.406546,0.403248,0.249411,0.247388,1.325285,0.932216,1.309108
H2_512C_quantized_resblocks_range_1_10,237-134500-0026.wav,generated_audios/generated_H2_512C_int8/237-134500-0026_generated.wav,3.050023,0.733292,0.729765,0.240422,0.239266,1.637151,0.935563,1.179265
H2_512C_quantized_resblocks_range_1_10,237-134500-0027.wav,generated_audios/generated_H2_512C_int8/237-134500-0027_generated.wav,3.270023,0.791062,0.787622,0.241913,0.240861,1.507443,0.916077,0.931487
H2_512C_quantized_resblocks_range_1_10,237-134500-0028.wav,generated_audios/generated_H2_512C_int8/237-134500-0028_generated.wav,4.524943,1.126013,1.122391,0.248846,0.248045,1.399435,0.923789,0.945924
H2_512C_quantized_resblocks_range_1_10,237-134500-0029.wav,generated_audios/generated_H2_512C_int8/237-134500-0029_generated.wav,2.065034,0.467066,0.463736,0.226179,0.224566,1.702969,0.943343,0.931955
H2_512C_quantized_resblocks_range_1_10,237-134500-0030.wav,generated_audios/generated_H2_512C_int8/237-134500-0030_generated.wav,2.78,0.640814,0.637465,0.230509,0.229304,1.592577,0.950463,1.160185
H2_512C_quantized_resblocks_range_1_10,237-134500-0031.wav,generated_audios/generated_H2_512C_int8/237-134500-0031_generated.wav,10.610023,2.608275,2.603878,0.245831,0.245417,1.651538,0.936681,0.909697
H2_512C_quantized_resblocks_range_1_10,237-134500-0032.wav,generated_audios/generated_H2_512C_int8/237-134500-0032_generated.wav,5.025034,0.767829,0.764167,0.152801,0.152072,1.455965,0.932501,1.04483
H2_512C_quantized_resblocks_range_1_10,237-134500-0033.wav,generated_audios/generated_H2_512C_int8/237-134500-0033_generated.wav,6.350023,1.543112,1.53941,0.243009,0.242426,1.413027,0.888592,1.034953
H2_512C_quantized_resblocks_range_1_10,237-134500-0034.wav,generated_audios/generated_H2_512C_int8/237-134500-0034_generated.wav,3.075011,0.722177,0.718826,0.234853,0.233764,1.243778,0.838621,1.296316
H2_512C_quantized_resblocks_range_1_10,237-134500-0035.wav,generated_audios/generated_H2_512C_int8/237-134500-0035_generated.wav,2.555011,0.609939,0.606626,0.238723,0.237426,1.450541,0.934181,1.051841
H2_512C_quantized_resblocks_range_1_10,237-134500-0036.wav,generated_audios/generated_H2_512C_int8/237-134500-0036_generated.wav,6.6,1.632915,1.629113,0.247411,0.246835,1.368179,0.913427,1.20058
H2_512C_quantized_resblocks_range_1_10,237-134500-0037.wav,generated_audios/generated_H2_512C_int8/237-134500-0037_generated.wav,7.105034,1.735068,1.731272,0.244203,0.243668,1.527423,0.905956,0.975146
H2_512C_quantized_resblocks_range_1_10,237-134500-0038.wav,generated_audios/generated_H2_512C_int8/237-134500-0038_generated.wav,2.435011,0.573222,0.569967,0.235408,0.234072,1.638033,0.929535,0.864766
H2_512C_quantized_resblocks_range_1_10,237-134500-0039.wav,generated_audios/generated_H2_512C_int8/237-134500-0039_generated.wav,4.630023,1.14067,1.137047,0.246364,0.245581,1.455199,0.927409,0.994849
H2_512C_quantized_resblocks_range_1_10,237-134500-0040.wav,generated_audios/generated_H2_512C_int8/237-134500-0040_generated.wav,4.030023,0.583492,0.580155,0.144786,0.143958,1.553071,0.947209,0.906412
H2_512C_quantized_resblocks_range_1_10,237-134500-0041.wav,generated_audios/generated_H2_512C_int8/237-134500-0041_generated.wav,8.92,1.6817,1.67748,0.188531,0.188058,1.428018,0.948415,1.182605
H2_512C_quantized_resblocks_range_1_10,237-134500-0042.wav,generated_audios/generated_H2_512C_int8/237-134500-0042_generated.wav,2.575011,0.621057,0.617718,0.241186,0.23989,1.478747,0.885411,1.3449
H2_512C_quantized_resblocks_range_1_10,260-123286-0000.wav,generated_audios/generated_H2_512C_int8/260-123286-0000_generated.wav,7.04,1.662585,1.658754,0.236163,0.235618,1.290016,0.887334,1.207026
H2_512C_quantized_resblocks_range_1_10,260-123286-0001.wav,generated_audios/generated_H2_512C_int8/260-123286-0001_generated.wav,3.070023,0.398237,0.39472,0.129718,0.128572,1.200816,0.895349,0.962464
H2_512C_quantized_resblocks_range_1_10,260-123286-0002.wav,generated_audios/generated_H2_512C_int8/260-123286-0002_generated.wav,9.985034,2.456585,2.452291,0.246027,0.245597,1.339367,0.910746,0.950502
H2_512C_quantized_resblocks_range_1_10,260-123286-0003.wav,generated_audios/generated_H2_512C_int8/260-123286-0003_generated.wav,7.370023,1.793392,1.789548,0.243336,0.242814,1.266088,0.88388,0.988316
H2_512C_quantized_resblocks_range_1_10,260-123286-0004.wav,generated_audios/generated_H2_512C_int8/260-123286-0004_generated.wav,3.465034,0.838073,0.834708,0.241866,0.240895,1.274253,0.909373,1.106086
H2_512C_quantized_resblocks_range_1_10,260-123286-0005.wav,generated_audios/generated_H2_512C_int8/260-123286-0005_generated.wav,4.810023,1.14043,1.13689,0.237094,0.236359,1.263407,0.865659,1.093419
H2_512C_quantized_resblocks_range_1_10,260-123286-0006.wav,generated_audios/generated_H2_512C_int8/260-123286-0006_generated.wav,7.405034,1.839436,1.835831,0.248404,0.247917,1.436862,0.926551,0.951064
H2_512C_quantized_resblocks_range_1_10,260-123286-0007.wav,generated_audios/generated_H2_512C_int8/260-123286-0007_generated.wav,4.550023,1.109583,1.105897,0.243863,0.243053,1.29411,0.895116,1.064067
H2_512C_quantized_resblocks_range_1_10,260-123286-0008.wav,generated_audios/generated_H2_512C_int8/260-123286-0008_generated.wav,3.735011,0.880833,0.87758,0.235831,0.23496,1.356132,0.917052,0.961598
H2_512C_quantized_resblocks_range_1_10,260-123286-0009.wav,generated_audios/generated_H2_512C_int8/260-123286-0009_generated.wav,5.795011,1.405776,1.401975,0.242584,0.241928,1.26817,0.906076,0.904493
H2_512C_quantized_resblocks_range_1_10,260-123286-0010.wav,generated_audios/generated_H2_512C_int8/260-123286-0010_generated.wav,2.575011,0.328479,0.325114,0.127564,0.126257,1.212001,0.917833,1.090112
H2_512C_quantized_resblocks_range_1_10,260-123286-0011.wav,generated_audios/generated_H2_512C_int8/260-123286-0011_generated.wav,4.255011,0.616251,0.612734,0.14483,0.144003,1.316241,0.879538,1.22397
H2_512C_quantized_resblocks_range_1_10,260-123286-0012.wav,generated_audios/generated_H2_512C_int8/260-123286-0012_generated.wav,2.430023,0.303881,0.300531,0.125053,0.123674,1.322608,0.914265,1.04482
H2_512C_quantized_resblocks_range_1_10,260-123286-0013.wav,generated_audios/generated_H2_512C_int8/260-123286-0013_generated.wav,4.730023,1.133862,1.130135,0.239716,0.238928,1.431448,0.926379,0.963802
H2_512C_quantized_resblocks_range_1_10,260-123286-0014.wav,generated_audios/generated_H2_512C_int8/260-123286-0014_generated.wav,2.98,0.528216,0.525384,0.177254,0.176303,1.227484,0.892051,0.886991
H2_512C_quantized_resblocks_range_1_10,260-123286-0015.wav,generated_audios/generated_H2_512C_int8/260-123286-0015_generated.wav,5.210023,1.348928,1.345165,0.25891,0.258188,1.45438,0.927533,1.129638
H2_512C_quantized_resblocks_range_1_10,260-123286-0016.wav,generated_audios/generated_H2_512C_int8/260-123286-0016_generated.wav,7.0,1.719713,1.716162,0.245673,0.245166,1.360785,0.91941,0.924191
H2_512C_quantized_resblocks_range_1_10,260-123286-0017.wav,generated_audios/generated_H2_512C_int8/260-123286-0017_generated.wav,3.975011,0.948719,0.945025,0.238671,0.237742,1.311315,0.92782,0.845633
H2_512C_quantized_resblocks_range_1_10,260-123286-0018.wav,generated_audios/generated_H2_512C_int8/260-123286-0018_generated.wav,5.670023,1.407961,1.40432,0.248317,0.247675,1.324684,0.872476,1.038975
H2_512C_quantized_resblocks_range_1_10,260-123286-0019.wav,generated_audios/generated_H2_512C_int8/260-123286-0019_generated.wav,11.905034,3.359017,3.354644,0.282151,0.281784,1.321448,0.902546,0.983028
H2_512C_quantized_resblocks_range_1_10,260-123286-0020.wav,generated_audios/generated_H2_512C_int8/260-123286-0020_generated.wav,3.06,0.409497,0.405906,0.133822,0.132649,1.192428,0.910503,0.885017
H2_512C_quantized_resblocks_range_1_10,260-123286-0021.wav,generated_audios/generated_H2_512C_int8/260-123286-0021_generated.wav,2.550023,0.56136,0.558016,0.220139,0.218828,1.32485,0.919874,1.04836
H2_512C_quantized_resblocks_range_1_10,260-123286-0022.wav,generated_audios/generated_H2_512C_int8/260-123286-0022_generated.wav,3.235011,0.74853,0.744811,0.231384,0.230234,1.305974,0.925632,0.892054
H2_512C_quantized_resblocks_range_1_10,260-123286-0023.wav,generated_audios/generated_H2_512C_int8/260-123286-0023_generated.wav,5.875011,1.446602,1.442747,0.24623,0.245574,1.347706,0.897335,0.988356
H2_512C_quantized_resblocks_range_1_10,260-123286-0024.wav,generated_audios/generated_H2_512C_int8/260-123286-0024_generated.wav,3.04,0.692615,0.689148,0.227834,0.226694,1.575225,0.937539,1.031487
H2_512C_quantized_resblocks_range_1_10,260-123286-0025.wav,generated_audios/generated_H2_512C_int8/260-123286-0025_generated.wav,9.205034,2.247484,2.242972,0.244158,0.243668,1.365685,0.915405,1.028344
H2_512C_quantized_resblocks_range_1_10,260-123286-0026.wav,generated_audios/generated_H2_512C_int8/260-123286-0026_generated.wav,6.94,1.688378,1.684465,0.243282,0.242718,1.285239,0.898128,1.071257
H2_512C_quantized_resblocks_range_1_10,260-123286-0027.wav,generated_audios/generated_H2_512C_int8/260-123286-0027_generated.wav,7.170023,1.7297,1.726063,0.241241,0.240733,1.323928,0.877755,0.974066
H2_512C_quantized_resblocks_range_1_10,260-123286-0028.wav,generated_audios/generated_H2_512C_int8/260-123286-0028_generated.wav,7.465034,1.795847,1.792195,0.240568,0.240079,1.333267,0.879047,0.927797
H2_512C_quantized_resblocks_range_1_10,260-123286-0029.wav,generated_audios/generated_H2_512C_int8/260-123286-0029_generated.wav,4.545034,0.636097,0.632422,0.139954,0.139146,1.277412,0.915103,0.950633
H2_512C_quantized_resblocks_range_1_10,260-123286-0030.wav,generated_audios/generated_H2_512C_int8/260-123286-0030_generated.wav,7.530023,1.123741,1.119607,0.149235,0.148686,1.277594,0.89261,1.12285
H2_512C_quantized_resblocks_range_1_10,260-123286-0031.wav,generated_audios/generated_H2_512C_int8/260-123286-0031_generated.wav,5.06,1.169525,1.165898,0.231131,0.230415,1.417049,0.916314,0.779876
H2_512C_quantized_resblocks_range_1_10,260-123288-0000.wav,generated_audios/generated_H2_512C_int8/260-123288-0000_generated.wav,3.04,0.405064,0.401731,0.133245,0.132148,1.33978,0.872039,1.102233
H2_512C_quantized_resblocks_range_1_10,260-123288-0001.wav,generated_audios/generated_H2_512C_int8/260-123288-0001_generated.wav,5.08,0.735376,0.731731,0.144759,0.144041,1.227859,0.886373,1.199003
H2_512C_quantized_resblocks_range_1_10,260-123288-0002.wav,generated_audios/generated_H2_512C_int8/260-123288-0002_generated.wav,7.250023,1.808312,1.804063,0.249422,0.248835,1.286408,0.875012,1.043557
H2_512C_quantized_resblocks_range_1_10,260-123288-0003.wav,generated_audios/generated_H2_512C_int8/260-123288-0003_generated.wav,8.905034,2.190572,2.186456,0.245993,0.24553,1.289483,0.913776,1.00699
H2_512C_quantized_resblocks_range_1_10,260-123288-0004.wav,generated_audios/generated_H2_512C_int8/260-123288-0004_generated.wav,4.310023,1.066904,1.063602,0.24754,0.246774,1.227739,0.843777,1.131485
H2_512C_quantized_resblocks_range_1_10,260-123288-0005.wav,generated_audios/generated_H2_512C_int8/260-123288-0005_generated.wav,12.550023,3.540779,3.536307,0.282133,0.281777,1.242395,0.884236,1.037677
H2_512C_quantized_resblocks_range_1_10,260-123288-0006.wav,generated_audios/generated_H2_512C_int8/260-123288-0006_generated.wav,4.88,1.178276,1.174807,0.24145,0.240739,1.226378,0.897785,0.845311
H2_512C_quantized_resblocks_range_1_10,260-123288-0007.wav,generated_audios/generated_H2_512C_int8/260-123288-0007_generated.wav,11.2,2.780979,2.776635,0.248302,0.247914,1.281698,0.891789,1.101135
H2_512C_quantized_resblocks_range_1_10,260-123288-0008.wav,generated_audios/generated_H2_512C_int8/260-123288-0008_generated.wav,5.515011,1.378205,1.374659,0.249901,0.249258,1.484422,0.925526,1.083101
H2_512C_quantized_resblocks_range_1_10,260-123288-0009.wav,generated_audios/generated_H2_512C_int8/260-123288-0009_generated.wav,3.435011,0.83767,0.834189,0.243862,0.242849,1.493749,0.90445,1.021599
H2_512C_quantized_resblocks_range_1_10,260-123288-0010.wav,generated_audios/generated_H2_512C_int8/260-123288-0010_generated.wav,9.995011,1.519686,1.515608,0.152044,0.151636,1.266286,0.905348,0.906855
H2_512C_quantized_resblocks_range_1_10,260-123288-0011.wav,generated_audios/generated_H2_512C_int8/260-123288-0011_generated.wav,8.98,2.232822,2.228237,0.248644,0.248133,1.34099,0.874206,0.916659
H2_512C_quantized_resblocks_range_1_10,260-123288-0012.wav,generated_audios/generated_H2_512C_int8/260-123288-0012_generated.wav,3.545034,0.905237,0.901927,0.255354,0.25442,1.425315,0.924751,1.006816
H2_512C_quantized_resblocks_range_1_10,260-123288-0013.wav,generated_audios/generated_H2_512C_int8/260-123288-0013_generated.wav,11.385079,2.819199,2.814438,0.247622,0.247204,1.316969,0.892477,1.048212
H2_512C_quantized_resblocks_range_1_10,260-123288-0014.wav,generated_audios/generated_H2_512C_int8/260-123288-0014_generated.wav,1.805034,0.235897,0.233191,0.130688,0.129189,1.495458,0.925838,1.036016
H2_512C_quantized_resblocks_range_1_10,260-123288-0015.wav,generated_audios/generated_H2_512C_int8/260-123288-0015_generated.wav,21.185034,6.345084,6.339559,0.299508,0.299247,1.267212,0.885872,1.025571
H2_512C_quantized_resblocks_range_1_10,260-123288-0016.wav,generated_audios/generated_H2_512C_int8/260-123288-0016_generated.wav,4.865034,1.204318,1.200608,0.247546,0.246783,1.218267,0.854377,1.214364
H2_512C_quantized_resblocks_range_1_10,260-123288-0017.wav,generated_audios/generated_H2_512C_int8/260-123288-0017_generated.wav,5.225034,1.225407,1.221586,0.234526,0.233795,1.32233,0.917642,1.069836
H2_512C_quantized_resblocks_range_1_10,260-123288-0018.wav,generated_audios/generated_H2_512C_int8/260-123288-0018_generated.wav,3.245034,0.742105,0.73874,0.228689,0.227652,1.452692,0.885143,0.976112
H2_512C_quantized_resblocks_range_1_10,260-123288-0019.wav,generated_audios/generated_H2_512C_int8/260-123288-0019_generated.wav,2.955011,0.402869,0.399482,0.136334,0.135188,1.272562,0.902282,0.89332
H2_512C_quantized_resblocks_range_1_10,260-123288-0020.wav,generated_audios/generated_H2_512C_int8/260-123288-0020_generated.wav,2.9,0.647293,0.643952,0.223204,0.222053,1.335872,0.910683,0.765349
H2_512C_quantized_resblocks_range_1_10,260-123288-0021.wav,generated_audios/generated_H2_512C_int8/260-123288-0021_generated.wav,2.710023,0.355038,0.351801,0.131009,0.129815,1.328972,0.902824,1.068778
H2_512C_quantized_resblocks_range_1_10,260-123288-0022.wav,generated_audios/generated_H2_512C_int8/260-123288-0022_generated.wav,3.705034,0.902515,0.899052,0.243592,0.242657,1.195643,0.897553,1.147276
H2_512C_quantized_resblocks_range_1_10,260-123288-0023.wav,generated_audios/generated_H2_512C_int8/260-123288-0023_generated.wav,2.385034,0.324285,0.320961,0.135967,0.134573,1.236753,0.836446,0.993155
H2_512C_quantized_resblocks_range_1_10,260-123288-0024.wav,generated_audios/generated_H2_512C_int8/260-123288-0024_generated.wav,14.595011,4.107199,4.102535,0.281411,0.281092,1.310686,0.905341,1.054141
H2_512C_quantized_resblocks_range_1_10,260-123288-0025.wav,generated_audios/generated_H2_512C_int8/260-123288-0025_generated.wav,13.445034,3.794408,3.789461,0.282216,0.281848,1.330095,0.894579,1.029696
H2_512C_quantized_resblocks_range_1_10,260-123288-0026.wav,generated_audios/generated_H2_512C_int8/260-123288-0026_generated.wav,16.04,4.569587,4.564904,0.284887,0.284595,1.310145,0.900986,1.105422
H2_512C_quantized_resblocks_range_1_10,260-123288-0027.wav,generated_audios/generated_H2_512C_int8/260-123288-0027_generated.wav,6.305034,1.533782,1.529944,0.243263,0.242654,1.342209,0.917951,1.09276
H2_512C_quantized_resblocks_range_1_10,260-123288-0028.wav,generated_audios/generated_H2_512C_int8/260-123288-0028_generated.wav,2.610023,0.639381,0.636037,0.244971,0.24369,1.334374,0.933431,0.883675
H2_512C_quantized_resblocks_range_1_10,260-123440-0000.wav,generated_audios/generated_H2_512C_int8/260-123440-0000_generated.wav,2.165034,0.479174,0.475845,0.221324,0.219786,1.172439,0.882496,1.194624
H2_512C_quantized_resblocks_range_1_10,260-123440-0001.wav,generated_audios/generated_H2_512C_int8/260-123440-0001_generated.wav,1.74,0.423663,0.420471,0.243484,0.24165,1.340412,0.913232,0.936723
H2_512C_quantized_resblocks_range_1_10,260-123440-0002.wav,generated_audios/generated_H2_512C_int8/260-123440-0002_generated.wav,14.715011,4.257554,4.253427,0.289334,0.289054,1.292491,0.914326,1.100669
H2_512C_quantized_resblocks_range_1_10,260-123440-0003.wav,generated_audios/generated_H2_512C_int8/260-123440-0003_generated.wav,3.585034,0.855781,0.852103,0.238709,0.237683,1.35435,0.909365,1.05979
H2_512C_quantized_resblocks_range_1_10,260-123440-0004.wav,generated_audios/generated_H2_512C_int8/260-123440-0004_generated.wav,12.02,3.407866,3.403346,0.283516,0.28314,1.240168,0.907211,0.988961
H2_512C_quantized_resblocks_range_1_10,260-123440-0005.wav,generated_audios/generated_H2_512C_int8/260-123440-0005_generated.wav,3.105034,0.415027,0.411762,0.133663,0.132611,1.334768,0.911382,1.017004
H2_512C_quantized_resblocks_range_1_10,260-123440-0006.wav,generated_audios/generated_H2_512C_int8/260-123440-0006_generated.wav,2.715011,0.338794,0.335527,0.124785,0.123582,1.307089,0.902795,1.084775
H2_512C_quantized_resblocks_range_1_10,260-123440-0007.wav,generated_audios/generated_H2_512C_int8/260-123440-0007_generated.wav,3.385034,0.775659,0.77219,0.229144,0.228119,1.304131,0.898977,1.058317
H2_512C_quantized_resblocks_range_1_10,260-123440-0008.wav,generated_audios/generated_H2_512C_int8/260-123440-0008_generated.wav,3.745034,0.928639,0.92523,0.247965,0.247055,1.278731,0.896826,1.042201
H2_512C_quantized_resblocks_range_1_10,260-123440-0009.wav,generated_audios/generated_H2_512C_int8/260-123440-0009_generated.wav,3.115011,0.73984,0.736554,0.237508,0.236453,1.323552,0.938185,0.856064
H2_512C_quantized_resblocks_range_1_10,260-123440-0010.wav,generated_audios/generated_H2_512C_int8/260-123440-0010_generated.wav,8.315011,2.108914,2.104123,0.253627,0.253051,1.307755,0.886117,0.967217
H2_512C_quantized_resblocks_range_1_10,260-123440-0011.wav,generated_audios/generated_H2_512C_int8/260-123440-0011_generated.wav,4.870023,0.704603,0.700958,0.144682,0.143933,1.332735,0.911317,1.072229
H2_512C_quantized_resblocks_range_1_10,260-123440-0012.wav,generated_audios/generated_H2_512C_int8/260-123440-0012_generated.wav,5.245034,1.29464,1.290774,0.246831,0.246094,1.331665,0.909468,0.974012
H2_512C_quantized_resblocks_range_1_10,260-123440-0013.wav,generated_audios/generated_H2_512C_int8/260-123440-0013_generated.wav,3.475011,0.865324,0.861885,0.249013,0.248024,1.26833,0.90278,1.135671
H2_512C_quantized_resblocks_range_1_10,260-123440-0014.wav,generated_audios/generated_H2_512C_int8/260-123440-0014_generated.wav,3.815011,0.959512,0.956084,0.25151,0.250611,1.36893,0.933706,1.040962
H2_512C_quantized_resblocks_range_1_10,260-123440-0015.wav,generated_audios/generated_H2_512C_int8/260-123440-0015_generated.wav,6.2,0.906782,0.902945,0.146255,0.145636,1.38832,0.914992,0.916883
H2_512C_quantized_resblocks_range_1_10,260-123440-0016.wav,generated_audios/generated_H2_512C_int8/260-123440-0016_generated.wav,4.895011,1.236616,1.233023,0.252628,0.251894,1.35616,0.937717,0.97422
H2_512C_quantized_resblocks_range_1_10,260-123440-0017.wav,generated_audios/generated_H2_512C_int8/260-123440-0017_generated.wav,3.070023,0.430921,0.427527,0.140364,0.139258,1.223776,0.893361,1.108819
H2_512C_quantized_resblocks_range_1_10,260-123440-0018.wav,generated_audios/generated_H2_512C_int8/260-123440-0018_generated.wav,3.64,0.896843,0.893413,0.246385,0.245443,1.4627,0.934259,1.052761
H2_512C_quantized_resblocks_range_1_10,260-123440-0019.wav,generated_audios/generated_H2_512C_int8/260-123440-0019_generated.wav,6.630023,1.638982,1.634938,0.247206,0.246596,1.25445,0.884847,1.008872
H2_512C_quantized_resblocks_range_1_10,260-123440-0020.wav,generated_audios/generated_H2_512C_int8/260-123440-0020_generated.wav,4.995011,1.215476,1.211692,0.243338,0.242581,1.26273,0.902287,1.195906
H2_512C_quantized_resblocks_range_1_10,61-70968-0000.wav,generated_audios/generated_H2_512C_int8/61-70968-0000_generated.wav,4.905034,1.22169,1.218004,0.249069,0.248317,1.260228,0.897889,0.975757
H2_512C_quantized_resblocks_range_1_10,61-70968-0001.wav,generated_audios/generated_H2_512C_int8/61-70968-0001_generated.wav,3.610023,0.87213,0.868584,0.241586,0.240604,1.326046,0.890171,0.928979
H2_512C_quantized_resblocks_range_1_10,61-70968-0002.wav,generated_audios/generated_H2_512C_int8/61-70968-0002_generated.wav,2.970023,0.698055,0.694595,0.235034,0.233869,1.409699,0.840126,0.982296
H2_512C_quantized_resblocks_range_1_10,61-70968-0003.wav,generated_audios/generated_H2_512C_int8/61-70968-0003_generated.wav,4.315011,0.629944,0.626373,0.145989,0.145161,1.44848,0.870383,0.948252
H2_512C_quantized_resblocks_range_1_10,61-70968-0004.wav,generated_audios/generated_H2_512C_int8/61-70968-0004_generated.wav,3.885034,0.981154,0.977701,0.252547,0.251658,1.340968,0.880916,0.943783
H2_512C_quantized_resblocks_range_1_10,61-70968-0005.wav,generated_audios/generated_H2_512C_int8/61-70968-0005_generated.wav,5.070023,0.742561,0.738861,0.146461,0.145731,1.248501,0.820521,1.060193
H2_512C_quantized_resblocks_range_1_10,61-70968-0006.wav,generated_audios/generated_H2_512C_int8/61-70968-0006_generated.wav,2.935011,0.671634,0.66818,0.228835,0.227658,1.344849,0.871533,0.985857
H2_512C_quantized_resblocks_range_1_10,61-70968-0007.wav,generated_audios/generated_H2_512C_int8/61-70968-0007_generated.wav,3.550023,0.513414,0.509933,0.144623,0.143642,1.300498,0.732433,0.970636
H2_512C_quantized_resblocks_range_1_10,61-70968-0008.wav,generated_audios/generated_H2_512C_int8/61-70968-0008_generated.wav,3.535011,0.530445,0.526938,0.150055,0.149063,1.34691,0.902795,0.887578
H2_512C_quantized_resblocks_range_1_10,61-70968-0009.wav,generated_audios/generated_H2_512C_int8/61-70968-0009_generated.wav,4.510023,1.12247,1.118912,0.248883,0.248095,1.32793,0.808947,1.113383
H2_512C_quantized_resblocks_range_1_10,61-70968-0010.wav,generated_audios/generated_H2_512C_int8/61-70968-0010_generated.wav,8.295011,2.035543,2.031351,0.245394,0.244888,1.371501,0.854892,0.938208
H2_512C_quantized_resblocks_range_1_10,61-70968-0011.wav,generated_audios/generated_H2_512C_int8/61-70968-0011_generated.wav,6.375011,1.571968,1.568179,0.246583,0.245988,1.356531,0.895007,0.917622
H2_512C_quantized_resblocks_range_1_10,61-70968-0012.wav,generated_audios/generated_H2_512C_int8/61-70968-0012_generated.wav,2.610023,0.360679,0.357144,0.13819,0.136836,1.767241,0.949967,0.783595
H2_512C_quantized_resblocks_range_1_10,61-70968-0013.wav,generated_audios/generated_H2_512C_int8/61-70968-0013_generated.wav,4.450023,0.639267,0.635735,0.143655,0.142861,1.377405,0.866842,0.962396
H2_512C_quantized_resblocks_range_1_10,61-70968-0014.wav,generated_audios/generated_H2_512C_int8/61-70968-0014_generated.wav,7.485034,1.865247,1.861338,0.249197,0.248675,1.408309,0.888042,0.996425
H2_512C_quantized_resblocks_range_1_10,61-70968-0015.wav,generated_audios/generated_H2_512C_int8/61-70968-0015_generated.wav,5.375011,1.285971,1.282459,0.23925,0.238596,1.485253,0.909424,0.879507
H2_512C_quantized_resblocks_range_1_10,61-70968-0016.wav,generated_audios/generated_H2_512C_int8/61-70968-0016_generated.wav,3.72,0.983685,0.98034,0.264432,0.263532,1.506591,0.928821,0.801407
H2_512C_quantized_resblocks_range_1_10,61-70968-0017.wav,generated_audios/generated_H2_512C_int8/61-70968-0017_generated.wav,5.110023,1.267412,1.263458,0.248025,0.247251,1.379292,0.908977,0.846303
H2_512C_quantized_resblocks_range_1_10,61-70968-0018.wav,generated_audios/generated_H2_512C_int8/61-70968-0018_generated.wav,2.405034,0.544786,0.541541,0.226519,0.22517,1.379051,0.891275,0.987143
H2_512C_quantized_resblocks_range_1_10,61-70968-0019.wav,generated_audios/generated_H2_512C_int8/61-70968-0019_generated.wav,5.475011,1.336054,1.332687,0.244028,0.243413,1.438594,0.87215,0.956874
H2_512C_quantized_resblocks_range_1_10,61-70968-0020.wav,generated_audios/generated_H2_512C_int8/61-70968-0020_generated.wav,5.105034,1.249284,1.24537,0.244716,0.243949,1.640937,0.900617,0.717923
H2_512C_quantized_resblocks_range_1_10,61-70968-0021.wav,generated_audios/generated_H2_512C_int8/61-70968-0021_generated.wav,2.690023,0.611425,0.608069,0.227294,0.226046,1.486364,0.847049,0.95247
H2_512C_quantized_resblocks_range_1_10,61-70968-0022.wav,generated_audios/generated_H2_512C_int8/61-70968-0022_generated.wav,4.670023,0.677161,0.673404,0.145002,0.144197,1.283112,0.862316,1.010211
H2_512C_quantized_resblocks_range_1_10,61-70968-0023.wav,generated_audios/generated_H2_512C_int8/61-70968-0023_generated.wav,5.025034,0.753887,0.750072,0.150026,0.149267,1.595345,0.912515,0.799312
H2_512C_quantized_resblocks_range_1_10,61-70968-0024.wav,generated_audios/generated_H2_512C_int8/61-70968-0024_generated.wav,6.025034,1.507655,1.503696,0.250232,0.249575,1.529989,0.869306,0.828397
H2_512C_quantized_resblocks_range_1_10,61-70968-0025.wav,generated_audios/generated_H2_512C_int8/61-70968-0025_generated.wav,4.410023,0.61036,0.606981,0.138403,0.137637,1.574729,0.899778,0.822802
H2_512C_quantized_resblocks_range_1_10,61-70968-0026.wav,generated_audios/generated_H2_512C_int8/61-70968-0026_generated.wav,4.92,1.206417,1.20274,0.245207,0.244459,1.456719,0.91877,0.860619
H2_512C_quantized_resblocks_range_1_10,61-70968-0027.wav,generated_audios/generated_H2_512C_int8/61-70968-0027_generated.wav,6.870023,1.693189,1.689092,0.24646,0.245864,1.416,0.89511,0.877091
H2_512C_quantized_resblocks_range_1_10,61-70968-0028.wav,generated_audios/generated_H2_512C_int8/61-70968-0028_generated.wav,5.355011,1.302892,1.29923,0.243303,0.242619,1.502555,0.909262,0.857183
H2_512C_quantized_resblocks_range_1_10,61-70968-0029.wav,generated_audios/generated_H2_512C_int8/61-70968-0029_generated.wav,3.495011,0.879225,0.875802,0.251566,0.250586,1.414222,0.907044,0.890236
H2_512C_quantized_resblocks_range_1_10,61-70968-0030.wav,generated_audios/generated_H2_512C_int8/61-70968-0030_generated.wav,5.685034,1.407928,1.404078,0.247655,0.246978,1.470438,0.907111,0.81657
H2_512C_quantized_resblocks_range_1_10,61-70968-0031.wav,generated_audios/generated_H2_512C_int8/61-70968-0031_generated.wav,2.925034,0.704232,0.701033,0.24076,0.239666,1.291708,0.84974,0.890491
H2_512C_quantized_resblocks_range_1_10,61-70968-0032.wav,generated_audios/generated_H2_512C_int8/61-70968-0032_generated.wav,4.28,0.634946,0.631473,0.148352,0.14754,1.482785,0.848217,0.902328
H2_512C_quantized_resblocks_range_1_10,61-70968-0033.wav,generated_audios/generated_H2_512C_int8/61-70968-0033_generated.wav,5.685034,0.825463,0.821761,0.145199,0.144548,1.478504,0.922319,0.877877
H2_512C_quantized_resblocks_range_1_10,61-70968-0034.wav,generated_audios/generated_H2_512C_int8/61-70968-0034_generated.wav,4.230023,1.065085,1.061342,0.251792,0.250907,1.75744,0.92982,0.733905
H2_512C_quantized_resblocks_range_1_10,61-70968-0035.wav,generated_audios/generated_H2_512C_int8/61-70968-0035_generated.wav,7.950023,1.987766,1.983941,0.250033,0.249552,1.39227,0.901777,0.830811
H2_512C_quantized_resblocks_range_1_10,61-70968-0036.wav,generated_audios/generated_H2_512C_int8/61-70968-0036_generated.wav,2.934966,0.394382,0.391011,0.134374,0.133225,1.563618,0.937032,0.877794
H2_512C_quantized_resblocks_range_1_10,61-70968-0037.wav,generated_audios/generated_H2_512C_int8/61-70968-0037_generated.wav,4.315011,0.59507,0.591321,0.137907,0.137038,1.269376,0.834746,1.095206
H2_512C_quantized_resblocks_range_1_10,61-70968-0038.wav,generated_audios/generated_H2_512C_int8/61-70968-0038_generated.wav,2.050023,0.513603,0.510507,0.250535,0.249025,1.440667,0.697472,1.238586
H2_512C_quantized_resblocks_range_1_10,61-70968-0039.wav,generated_audios/generated_H2_512C_int8/61-70968-0039_generated.wav,3.805034,0.914881,0.911503,0.24044,0.239552,1.409127,0.830192,1.107064
H2_512C_quantized_resblocks_range_1_10,61-70968-0040.wav,generated_audios/generated_H2_512C_int8/61-70968-0040_generated.wav,3.950023,0.975115,0.971712,0.246863,0.246002,1.451912,0.88424,0.95554
H2_512C_quantized_resblocks_range_1_10,61-70968-0041.wav,generated_audios/generated_H2_512C_int8/61-70968-0041_generated.wav,6.825034,1.012425,1.008443,0.14834,0.147756,1.498902,0.821884,0.969517
H2_512C_quantized_resblocks_range_1_10,61-70968-0042.wav,generated_audios/generated_H2_512C_int8/61-70968-0042_generated.wav,2.785034,0.37016,0.366781,0.13291,0.131697,1.417644,0.87894,0.919429
H2_512C_quantized_resblocks_range_1_10,61-70968-0043.wav,generated_audios/generated_H2_512C_int8/61-70968-0043_generated.wav,6.735011,1.67894,1.676479,0.249285,0.24892,1.348304,0.795239,0.869464
H2_512C_quantized_resblocks_range_1_10,61-70968-0044.wav,generated_audios/generated_H2_512C_int8/61-70968-0044_generated.wav,2.770023,0.35264,0.349464,0.127306,0.126159,1.329914,0.880751,1.043267
H2_512C_quantized_resblocks_range_1_10,61-70968-0045.wav,generated_audios/generated_H2_512C_int8/61-70968-0045_generated.wav,3.475011,0.498179,0.494731,0.14336,0.142368,1.33789,0.850374,1.03084
H2_512C_quantized_resblocks_range_1_10,61-70968-0046.wav,generated_audios/generated_H2_512C_int8/61-70968-0046_generated.wav,3.550023,0.506708,0.503268,0.142734,0.141765,1.319658,0.878128,0.931315
H2_512C_quantized_resblocks_range_1_10,61-70968-0047.wav,generated_audios/generated_H2_512C_int8/61-70968-0047_generated.wav,4.775011,1.127809,1.124244,0.23619,0.235443,1.459311,0.895934,0.889193
H2_512C_quantized_resblocks_range_1_10,61-70968-0048.wav,generated_audios/generated_H2_512C_int8/61-70968-0048_generated.wav,3.02,0.741092,0.737764,0.245395,0.244293,1.288563,0.868005,1.119246
H2_512C_quantized_resblocks_range_1_10,61-70968-0049.wav,generated_audios/generated_H2_512C_int8/61-70968-0049_generated.wav,8.250023,2.10247,2.097872,0.254844,0.254287,1.402516,0.834044,0.953638
H2_512C_quantized_resblocks_range_1_10,61-70968-0050.wav,generated_audios/generated_H2_512C_int8/61-70968-0050_generated.wav,5.58,1.426942,1.4235,0.255724,0.255107,1.332086,0.81803,0.977452
H2_512C_quantized_resblocks_range_1_10,61-70968-0051.wav,generated_audios/generated_H2_512C_int8/61-70968-0051_generated.wav,3.135011,0.726379,0.723288,0.231699,0.230713,1.429521,0.889404,1.042628
H2_512C_quantized_resblocks_range_1_10,61-70968-0052.wav,generated_audios/generated_H2_512C_int8/61-70968-0052_generated.wav,2.650023,0.593173,0.58972,0.223837,0.222534,1.5652,0.898213,0.763377
H2_512C_quantized_resblocks_range_1_10,61-70968-0053.wav,generated_audios/generated_H2_512C_int8/61-70968-0053_generated.wav,4.22,0.603067,0.599474,0.142907,0.142056,1.342995,0.809974,1.057885
H2_512C_quantized_resblocks_range_1_10,61-70968-0054.wav,generated_audios/generated_H2_512C_int8/61-70968-0054_generated.wav,7.86,1.929447,1.925499,0.245477,0.244974,1.405131,0.885143,0.900711
H2_512C_quantized_resblocks_range_1_10,61-70968-0055.wav,generated_audios/generated_H2_512C_int8/61-70968-0055_generated.wav,3.965034,0.574253,0.570736,0.144829,0.143942,1.463546,0.848781,0.947495
H2_512C_quantized_resblocks_range_1_10,61-70968-0056.wav,generated_audios/generated_H2_512C_int8/61-70968-0056_generated.wav,3.565034,0.877625,0.87405,0.246176,0.245173,1.469021,0.890603,0.920675
H2_512C_quantized_resblocks_range_1_10,61-70968-0057.wav,generated_audios/generated_H2_512C_int8/61-70968-0057_generated.wav,5.065034,0.73351,0.729972,0.144818,0.14412,1.33626,0.868629,0.947084
H2_512C_quantized_resblocks_range_1_10,61-70968-0058.wav,generated_audios/generated_H2_512C_int8/61-70968-0058_generated.wav,1.82,0.393669,0.390353,0.216302,0.214479,1.244555,0.840658,0.982495
H2_512C_quantized_resblocks_range_1_10,61-70968-0059.wav,generated_audios/generated_H2_512C_int8/61-70968-0059_generated.wav,2.170023,0.275756,0.272452,0.127075,0.125552,1.457248,0.916827,1.059615
H2_512C_quantized_resblocks_range_1_10,61-70968-0060.wav,generated_audios/generated_H2_512C_int8/61-70968-0060_generated.wav,3.735011,0.540229,0.536521,0.144639,0.143646,1.633647,0.907083,0.769912
H2_512C_quantized_resblocks_range_1_10,61-70968-0061.wav,generated_audios/generated_H2_512C_int8/61-70968-0061_generated.wav,5.530023,1.377867,1.374476,0.249161,0.248548,1.208045,0.804704,1.264447
H2_512C_quantized_resblocks_range_1_10,61-70968-0062.wav,generated_audios/generated_H2_512C_int8/61-70968-0062_generated.wav,2.555011,0.325684,0.322217,0.127469,0.126112,1.360652,0.807244,0.982427
H2_512C_quantized_resblocks_range_1_10,61-70970-0000.wav,generated_audios/generated_H2_512C_int8/61-70970-0000_generated.wav,6.075011,1.482345,1.479116,0.244007,0.243475,1.306275,0.901047,0.858846
H2_512C_quantized_resblocks_range_1_10,61-70970-0001.wav,generated_audios/generated_H2_512C_int8/61-70970-0001_generated.wav,6.155011,1.509563,1.50587,0.245258,0.244658,1.420739,0.908538,0.86452
H2_512C_quantized_resblocks_range_1_10,61-70970-0002.wav,generated_audios/generated_H2_512C_int8/61-70970-0002_generated.wav,4.165034,0.97682,0.97358,0.234529,0.233751,1.445349,0.816864,1.040824
H2_512C_quantized_resblocks_range_1_10,61-70970-0003.wav,generated_audios/generated_H2_512C_int8/61-70970-0003_generated.wav,3.835011,0.866528,0.862735,0.225952,0.224963,1.599559,0.891759,0.805851
H2_512C_quantized_resblocks_range_1_10,61-70970-0004.wav,generated_audios/generated_H2_512C_int8/61-70970-0004_generated.wav,10.515011,2.64006,2.63599,0.251075,0.250688,1.581775,0.894248,0.833528
H2_512C_quantized_resblocks_range_1_10,61-70970-0005.wav,generated_audios/generated_H2_512C_int8/61-70970-0005_generated.wav,2.02,0.484378,0.481143,0.239791,0.238189,1.424899,0.860164,1.254175
H2_512C_quantized_resblocks_range_1_10,61-70970-0006.wav,generated_audios/generated_H2_512C_int8/61-70970-0006_generated.wav,2.335011,0.520848,0.517665,0.22306,0.221697,1.333948,0.881021,1.077369
H2_512C_quantized_resblocks_range_1_10,61-70970-0007.wav,generated_audios/generated_H2_512C_int8/61-70970-0007_generated.wav,4.485034,1.08192,1.078612,0.241229,0.240491,1.416102,0.86096,1.029712
H2_512C_quantized_resblocks_range_1_10,61-70970-0008.wav,generated_audios/generated_H2_512C_int8/61-70970-0008_generated.wav,2.150023,0.511375,0.508077,0.237846,0.236312,1.534945,0.879828,1.09773
H2_512C_quantized_resblocks_range_1_10,61-70970-0009.wav,generated_audios/generated_H2_512C_int8/61-70970-0009_generated.wav,3.405034,0.8147,0.81134,0.239263,0.238277,1.62887,0.926983,0.759392
H2_512C_quantized_resblocks_range_1_10,61-70970-0010.wav,generated_audios/generated_H2_512C_int8/61-70970-0010_generated.wav,3.045034,0.399204,0.395905,0.1311,0.130017,1.549773,0.867989,0.87694
H2_512C_quantized_resblocks_range_1_10,61-70970-0011.wav,generated_audios/generated_H2_512C_int8/61-70970-0011_generated.wav,6.075011,0.880331,0.876755,0.14491,0.144322,1.506974,0.875051,0.906412
H2_512C_quantized_resblocks_range_1_10,61-70970-0012.wav,generated_audios/generated_H2_512C_int8/61-70970-0012_generated.wav,3.135011,0.401317,0.398155,0.128011,0.127003,1.489795,0.922538,0.833429
H2_512C_quantized_resblocks_range_1_10,61-70970-0013.wav,generated_audios/generated_H2_512C_int8/61-70970-0013_generated.wav,4.350023,1.066489,1.062915,0.245169,0.244347,1.359116,0.894938,0.94401
H2_512C_quantized_resblocks_range_1_10,61-70970-0014.wav,generated_audios/generated_H2_512C_int8/61-70970-0014_generated.wav,3.405034,0.423587,0.42026,0.1244,0.123423,1.52951,0.914607,0.918988
H2_512C_quantized_resblocks_range_1_10,61-70970-0015.wav,generated_audios/generated_H2_512C_int8/61-70970-0015_generated.wav,8.415011,2.158202,2.154555,0.25647,0.256037,1.345636,0.895219,0.969729
H2_512C_quantized_resblocks_range_1_10,61-70970-0016.wav,generated_audios/generated_H2_512C_int8/61-70970-0016_generated.wav,4.370023,1.067971,1.064302,0.244386,0.243546,1.423872,0.914872,0.971382
H2_512C_quantized_resblocks_range_1_10,61-70970-0017.wav,generated_audios/generated_H2_512C_int8/61-70970-0017_generated.wav,2.550023,0.326293,0.322883,0.127957,0.126619,1.262485,0.842244,1.166618
H2_512C_quantized_resblocks_range_1_10,61-70970-0018.wav,generated_audios/generated_H2_512C_int8/61-70970-0018_generated.wav,4.6,1.104617,1.101088,0.240134,0.239367,1.408411,0.863671,1.012065
H2_512C_quantized_resblocks_range_1_10,61-70970-0019.wav,generated_audios/generated_H2_512C_int8/61-70970-0019_generated.wav,3.78,0.901803,0.8985,0.238572,0.237699,1.412392,0.882962,0.998583
H2_512C_quantized_resblocks_range_1_10,61-70970-0020.wav,generated_audios/generated_H2_512C_int8/61-70970-0020_generated.wav,5.025034,0.699607,0.696268,0.139224,0.13856,1.324645,0.803487,1.215415
H2_512C_quantized_resblocks_range_1_10,61-70970-0021.wav,generated_audios/generated_H2_512C_int8/61-70970-0021_generated.wav,5.405034,1.298667,1.295427,0.24027,0.239671,1.405596,0.881421,0.876262
H2_512C_quantized_resblocks_range_1_10,61-70970-0022.wav,generated_audios/generated_H2_512C_int8/61-70970-0022_generated.wav,3.970023,0.512585,0.509164,0.129114,0.128252,1.439348,0.881312,0.942477
H2_512C_quantized_resblocks_range_1_10,61-70970-0023.wav,generated_audios/generated_H2_512C_int8/61-70970-0023_generated.wav,3.705034,0.479786,0.476682,0.129496,0.128658,1.484345,0.903647,0.790875
H2_512C_quantized_resblocks_range_1_10,61-70970-0024.wav,generated_audios/generated_H2_512C_int8/61-70970-0024_generated.wav,7.235011,1.805569,1.802109,0.24956,0.249082,1.434003,0.905052,0.861242
H2_512C_quantized_resblocks_range_1_10,61-70970-0025.wav,generated_audios/generated_H2_512C_int8/61-70970-0025_generated.wav,7.435011,2.095799,2.092358,0.281882,0.28142,1.579215,0.918068,0.838133
H2_512C_quantized_resblocks_range_1_10,61-70970-0026.wav,generated_audios/generated_H2_512C_int8/61-70970-0026_generated.wav,5.475011,0.730544,0.72679,0.133432,0.132747,1.62684,0.886668,0.800171
H2_512C_quantized_resblocks_range_1_10,61-70970-0027.wav,generated_audios/generated_H2_512C_int8/61-70970-0027_generated.wav,5.08,0.666916,0.663248,0.131283,0.130561,1.368232,0.881375,0.87589
H2_512C_quantized_resblocks_range_1_10,61-70970-0028.wav,generated_audios/generated_H2_512C_int8/61-70970-0028_generated.wav,6.550023,0.92682,0.923529,0.141499,0.140996,1.587426,0.92688,0.769632
H2_512C_quantized_resblocks_range_1_10,61-70970-0029.wav,generated_audios/generated_H2_512C_int8/61-70970-0029_generated.wav,4.030023,0.529223,0.5256,0.13132,0.130421,1.51434,0.831141,0.902648
H2_512C_quantized_resblocks_range_1_10,61-70970-0030.wav,generated_audios/generated_H2_512C_int8/61-70970-0030_generated.wav,3.24,0.419587,0.416325,0.129502,0.128495,1.516021,0.882769,0.779835
H2_512C_quantized_resblocks_range_1_10,61-70970-0031.wav,generated_audios/generated_H2_512C_int8/61-70970-0031_generated.wav,5.135011,1.235231,1.231692,0.240551,0.239862,1.309059,0.888756,0.927255
H2_512C_quantized_resblocks_range_1_10,61-70970-0032.wav,generated_audios/generated_H2_512C_int8/61-70970-0032_generated.wav,3.135011,0.404235,0.400682,0.128942,0.127809,1.330117,0.892137,0.9389
H2_512C_quantized_resblocks_range_1_10,61-70970-0033.wav,generated_audios/generated_H2_512C_int8/61-70970-0033_generated.wav,3.42,0.787321,0.78444,0.230211,0.229368,1.436854,0.928206,0.861574
H2_512C_quantized_resblocks_range_1_10,61-70970-0034.wav,generated_audios/generated_H2_512C_int8/61-70970-0034_generated.wav,4.485034,0.569236,0.565906,0.126919,0.126177,1.402948,0.866673,0.875489
H2_512C_quantized_resblocks_range_1_10,61-70970-0035.wav,generated_audios/generated_H2_512C_int8/61-70970-0035_generated.wav,7.405034,1.047967,1.044145,0.141521,0.141005,1.530289,0.905532,0.810863
H2_512C_quantized_resblocks_range_1_10,61-70970-0036.wav,generated_audios/generated_H2_512C_int8/61-70970-0036_generated.wav,6.785034,0.971132,0.967366,0.143129,0.142573,1.408884,0.871396,0.835862
H2_512C_quantized_resblocks_range_1_10,61-70970-0037.wav,generated_audios/generated_H2_512C_int8/61-70970-0037_generated.wav,5.98,1.443419,1.439894,0.241374,0.240785,1.510843,0.879886,0.888221
H2_512C_quantized_resblocks_range_1_10,61-70970-0038.wav,generated_audios/generated_H2_512C_int8/61-70970-0038_generated.wav,10.4,2.65396,2.649859,0.255188,0.254794,1.396404,0.894284,0.889042
H2_512C_quantized_resblocks_range_1_10,61-70970-0039.wav,generated_audios/generated_H2_512C_int8/61-70970-0039_generated.wav,6.665034,0.941405,0.937865,0.141245,0.140714,1.358076,0.849988,0.844838
H2_512C_quantized_resblocks_range_1_10,61-70970-0040.wav,generated_audios/generated_H2_512C_int8/61-70970-0040_generated.wav,4.165034,0.540539,0.536937,0.12978,0.128915,1.445961,0.909459,0.882624
H2_512C_quantized_resblocks_range_1_10,672-122797-0000.wav,generated_audios/generated_H2_512C_int8/672-122797-0000_generated.wav,4.070023,0.992258,0.988676,0.243797,0.242917,1.578176,0.925502,0.872653
H2_512C_quantized_resblocks_range_1_10,672-122797-0001.wav,generated_audios/generated_H2_512C_int8/672-122797-0001_generated.wav,15.130023,4.104531,4.099716,0.271284,0.270966,1.936929,0.937058,0.832351
H2_512C_quantized_resblocks_range_1_10,672-122797-0002.wav,generated_audios/generated_H2_512C_int8/672-122797-0002_generated.wav,13.62,3.658893,3.654538,0.268641,0.268321,1.704255,0.920756,0.88856
H2_512C_quantized_resblocks_range_1_10,672-122797-0003.wav,generated_audios/generated_H2_512C_int8/672-122797-0003_generated.wav,4.76,1.156682,1.152941,0.243,0.242215,1.498694,0.801622,1.098215
H2_512C_quantized_resblocks_range_1_10,672-122797-0004.wav,generated_audios/generated_H2_512C_int8/672-122797-0004_generated.wav,10.250023,2.582152,2.578295,0.251917,0.25154,1.555266,0.836376,1.021546
H2_512C_quantized_resblocks_range_1_10,672-122797-0005.wav,generated_audios/generated_H2_512C_int8/672-122797-0005_generated.wav,3.26,0.794918,0.791494,0.24384,0.24279,1.338047,0.743494,1.114179
H2_512C_quantized_resblocks_range_1_10,672-122797-0006.wav,generated_audios/generated_H2_512C_int8/672-122797-0006_generated.wav,13.950023,4.13992,4.135303,0.296768,0.296437,1.409816,0.71827,1.033706
H2_512C_quantized_resblocks_range_1_10,672-122797-0007.wav,generated_audios/generated_H2_512C_int8/672-122797-0007_generated.wav,6.42,1.527987,1.52409,0.238004,0.237397,1.432786,0.72747,1.099118
H2_512C_quantized_resblocks_range_1_10,672-122797-0008.wav,generated_audios/generated_H2_512C_int8/672-122797-0008_generated.wav,30.810023,9.597608,9.590693,0.311509,0.311285,1.411048,0.733321,1.068924
H2_512C_quantized_resblocks_range_1_10,672-122797-0009.wav,generated_audios/generated_H2_512C_int8/672-122797-0009_generated.wav,2.765034,0.356253,0.352842,0.128842,0.127608,1.702824,0.813489,0.898018
H2_512C_quantized_resblocks_range_1_10,672-122797-0010.wav,generated_audios/generated_H2_512C_int8/672-122797-0010_generated.wav,3.815011,0.50904,0.50566,0.133431,0.132545,1.332178,0.771379,0.957934
H2_512C_quantized_resblocks_range_1_10,672-122797-0011.wav,generated_audios/generated_H2_512C_int8/672-122797-0011_generated.wav,2.54,0.606633,0.602981,0.238832,0.237394,1.470512,0.873497,0.818041
H2_512C_quantized_resblocks_range_1_10,672-122797-0012.wav,generated_audios/generated_H2_512C_int8/672-122797-0012_generated.wav,7.765034,1.949583,1.945486,0.251072,0.250544,1.417484,0.823092,0.889392
H2_512C_quantized_resblocks_range_1_10,672-122797-0013.wav,generated_audios/generated_H2_512C_int8/672-122797-0013_generated.wav,8.705034,2.153146,2.149647,0.247345,0.246943,1.573196,0.775398,1.018725
H2_512C_quantized_resblocks_range_1_10,672-122797-0014.wav,generated_audios/generated_H2_512C_int8/672-122797-0014_generated.wav,2.555011,0.334048,0.330839,0.130742,0.129486,1.597835,0.891931,0.968512
H2_512C_quantized_resblocks_range_1_10,672-122797-0015.wav,generated_audios/generated_H2_512C_int8/672-122797-0015_generated.wav,4.455011,0.582738,0.579155,0.130805,0.130001,1.54605,0.840035,0.891008
H2_512C_quantized_resblocks_range_1_10,672-122797-0016.wav,generated_audios/generated_H2_512C_int8/672-122797-0016_generated.wav,9.215011,2.289648,2.285539,0.248469,0.248023,1.553091,0.796877,1.019796
H2_512C_quantized_resblocks_range_1_10,672-122797-0017.wav,generated_audios/generated_H2_512C_int8/672-122797-0017_generated.wav,4.82,1.134776,1.131457,0.235431,0.234742,1.884361,0.852612,0.789702
H2_512C_quantized_resblocks_range_1_10,672-122797-0018.wav,generated_audios/generated_H2_512C_int8/672-122797-0018_generated.wav,4.930023,1.207849,1.204229,0.244999,0.244264,1.279769,0.73917,1.007031
H2_512C_quantized_resblocks_range_1_10,672-122797-0019.wav,generated_audios/generated_H2_512C_int8/672-122797-0019_generated.wav,4.110023,0.972571,0.969153,0.236634,0.235802,1.32021,0.73035,1.077794
H2_512C_quantized_resblocks_range_1_10,672-122797-0020.wav,generated_audios/generated_H2_512C_int8/672-122797-0020_generated.wav,8.825034,2.224235,2.220117,0.252037,0.25157,1.288107,0.738018,1.189136
H2_512C_quantized_resblocks_range_1_10,672-122797-0021.wav,generated_audios/generated_H2_512C_int8/672-122797-0021_generated.wav,4.150023,0.547169,0.543548,0.131847,0.130975,1.425472,0.855973,1.018659
H2_512C_quantized_resblocks_range_1_10,672-122797-0022.wav,generated_audios/generated_H2_512C_int8/672-122797-0022_generated.wav,19.004943,5.206406,5.201211,0.27395,0.273677,1.459223,0.710584,1.09058
H2_512C_quantized_resblocks_range_1_10,672-122797-0023.wav,generated_audios/generated_H2_512C_int8/672-122797-0023_generated.wav,9.695102,2.410372,2.405963,0.248618,0.248163,1.401683,0.78551,1.006812
H2_512C_quantized_resblocks_range_1_10,672-122797-0024.wav,generated_audios/generated_H2_512C_int8/672-122797-0024_generated.wav,4.130023,0.999326,0.995831,0.241966,0.24112,1.314366,0.669666,1.326964
H2_512C_quantized_resblocks_range_1_10,672-122797-0025.wav,generated_audios/generated_H2_512C_int8/672-122797-0025_generated.wav,10.690023,2.694174,2.689763,0.252027,0.251614,1.617271,0.884325,0.918925
H2_512C_quantized_resblocks_range_1_10,672-122797-0026.wav,generated_audios/generated_H2_512C_int8/672-122797-0026_generated.wav,13.96,3.795336,3.79112,0.271872,0.27157,1.230193,0.729812,1.002065
H2_512C_quantized_resblocks_range_1_10,672-122797-0027.wav,generated_audios/generated_H2_512C_int8/672-122797-0027_generated.wav,4.790023,0.627767,0.624682,0.131057,0.130413,1.281932,0.648502,1.242505
H2_512C_quantized_resblocks_range_1_10,672-122797-0028.wav,generated_audios/generated_H2_512C_int8/672-122797-0028_generated.wav,2.610023,0.377545,0.374097,0.144652,0.143331,1.474306,0.82633,1.001206
H2_512C_quantized_resblocks_range_1_10,672-122797-0029.wav,generated_audios/generated_H2_512C_int8/672-122797-0029_generated.wav,3.050023,0.405881,0.403688,0.133075,0.132356,1.945135,0.880423,0.976733
H2_512C_quantized_resblocks_range_1_10,672-122797-0030.wav,generated_audios/generated_H2_512C_int8/672-122797-0030_generated.wav,4.575011,1.099018,1.095643,0.240222,0.239484,1.478456,0.874665,1.006066
H2_512C_quantized_resblocks_range_1_10,672-122797-0031.wav,generated_audios/generated_H2_512C_int8/672-122797-0031_generated.wav,3.98,0.528079,0.524531,0.132683,0.131792,2.063729,0.794656,0.951425
H2_512C_quantized_resblocks_range_1_10,672-122797-0032.wav,generated_audios/generated_H2_512C_int8/672-122797-0032_generated.wav,4.0,0.536375,0.533081,0.134094,0.13327,1.350723,0.715417,1.051956
H2_512C_quantized_resblocks_range_1_10,672-122797-0033.wav,generated_audios/generated_H2_512C_int8/672-122797-0033_generated.wav,1.285034,0.335924,0.333178,0.261413,0.259276,1.873108,0.781853,0.947047
H2_512C_quantized_resblocks_range_1_10,672-122797-0034.wav,generated_audios/generated_H2_512C_int8/672-122797-0034_generated.wav,5.110023,0.695753,0.692397,0.136155,0.135498,1.475505,0.873936,0.956202
H2_512C_quantized_resblocks_range_1_10,672-122797-0035.wav,generated_audios/generated_H2_512C_int8/672-122797-0035_generated.wav,2.9,0.384457,0.381254,0.132571,0.131467,2.020667,0.929964,0.84168
H2_512C_quantized_resblocks_range_1_10,672-122797-0036.wav,generated_audios/generated_H2_512C_int8/672-122797-0036_generated.wav,5.365034,0.723464,0.720135,0.134848,0.134228,1.671745,0.807519,0.799804
H2_512C_quantized_resblocks_range_1_10,672-122797-0037.wav,generated_audios/generated_H2_512C_int8/672-122797-0037_generated.wav,1.96,0.446789,0.443586,0.227954,0.226319,1.805672,0.86024,0.787351
H2_512C_quantized_resblocks_range_1_10,672-122797-0038.wav,generated_audios/generated_H2_512C_int8/672-122797-0038_generated.wav,8.8,2.152436,2.148243,0.244595,0.244119,1.469444,0.760505,1.044689
H2_512C_quantized_resblocks_range_1_10,672-122797-0039.wav,generated_audios/generated_H2_512C_int8/672-122797-0039_generated.wav,4.025034,0.984103,0.980521,0.244496,0.243606,1.698423,0.86381,0.886449
H2_512C_quantized_resblocks_range_1_10,672-122797-0040.wav,generated_audios/generated_H2_512C_int8/672-122797-0040_generated.wav,5.125034,0.693029,0.689512,0.135224,0.134538,1.451278,0.719545,1.154179
H2_512C_quantized_resblocks_range_1_10,672-122797-0041.wav,generated_audios/generated_H2_512C_int8/672-122797-0041_generated.wav,3.88,0.520021,0.516621,0.134026,0.13315,1.455335,0.754935,1.114511
H2_512C_quantized_resblocks_range_1_10,672-122797-0042.wav,generated_audios/generated_H2_512C_int8/672-122797-0042_generated.wav,15.310023,3.899621,3.89518,0.25471,0.25442,1.518903,0.603004,1.267519
H2_512C_quantized_resblocks_range_1_10,672-122797-0043.wav,generated_audios/generated_H2_512C_int8/672-122797-0043_generated.wav,3.78,0.498288,0.495209,0.131822,0.131008,1.424743,0.753346,1.084736
H2_512C_quantized_resblocks_range_1_10,672-122797-0044.wav,generated_audios/generated_H2_512C_int8/672-122797-0044_generated.wav,3.74,0.501766,0.498516,0.134162,0.133293,1.49537,0.720443,1.103179
H2_512C_quantized_resblocks_range_1_10,672-122797-0045.wav,generated_audios/generated_H2_512C_int8/672-122797-0045_generated.wav,13.96,1.96594,1.96131,0.140827,0.140495,1.4962,0.868325,0.929239
H2_512C_quantized_resblocks_range_1_10,672-122797-0046.wav,generated_audios/generated_H2_512C_int8/672-122797-0046_generated.wav,4.715011,1.140206,1.137129,0.241825,0.241172,1.566061,0.823272,1.053963
H2_512C_quantized_resblocks_range_1_10,672-122797-0047.wav,generated_audios/generated_H2_512C_int8/672-122797-0047_generated.wav,3.325034,0.810381,0.806948,0.243721,0.242689,2.068602,0.861511,0.763275
H2_512C_quantized_resblocks_range_1_10,672-122797-0048.wav,generated_audios/generated_H2_512C_int8/672-122797-0048_generated.wav,6.555011,0.905205,0.901529,0.138094,0.137533,1.394548,0.63705,1.138928
H2_512C_quantized_resblocks_range_1_10,672-122797-0049.wav,generated_audios/generated_H2_512C_int8/672-122797-0049_generated.wav,2.02,0.263689,0.260465,0.130539,0.128943,1.816409,0.631895,1.236406
H2_512C_quantized_resblocks_range_1_10,672-122797-0050.wav,generated_audios/generated_H2_512C_int8/672-122797-0050_generated.wav,4.855011,1.184037,1.180372,0.243879,0.243124,1.399839,0.76787,1.038914
H2_512C_quantized_resblocks_range_1_10,672-122797-0051.wav,generated_audios/generated_H2_512C_int8/672-122797-0051_generated.wav,4.665034,1.14034,1.136694,0.244444,0.243662,1.527802,0.743007,1.017816
H2_512C_quantized_resblocks_range_1_10,672-122797-0052.wav,generated_audios/generated_H2_512C_int8/672-122797-0052_generated.wav,4.285034,0.985026,0.981438,0.229876,0.229039,1.685167,0.898544,0.884406
H2_512C_quantized_resblocks_range_1_10,672-122797-0053.wav,generated_audios/generated_H2_512C_int8/672-122797-0053_generated.wav,2.955011,0.382584,0.379491,0.129469,0.128423,1.252638,0.7005,1.057343
H2_512C_quantized_resblocks_range_1_10,672-122797-0054.wav,generated_audios/generated_H2_512C_int8/672-122797-0054_generated.wav,4.250023,0.564599,0.561013,0.132846,0.132002,1.569462,0.710239,0.884356
H2_512C_quantized_resblocks_range_1_10,672-122797-0055.wav,generated_audios/generated_H2_512C_int8/672-122797-0055_generated.wav,8.230023,2.012832,2.008964,0.244572,0.244102,1.471285,0.70821,1.03527
H2_512C_quantized_resblocks_range_1_10,672-122797-0056.wav,generated_audios/generated_H2_512C_int8/672-122797-0056_generated.wav,5.225034,0.716466,0.713181,0.137122,0.136493,1.443571,0.806782,0.941932
H2_512C_quantized_resblocks_range_1_10,672-122797-0057.wav,generated_audios/generated_H2_512C_int8/672-122797-0057_generated.wav,6.56,0.894644,0.890972,0.136379,0.135819,1.549624,0.673191,1.033551
H2_512C_quantized_resblocks_range_1_10,672-122797-0058.wav,generated_audios/generated_H2_512C_int8/672-122797-0058_generated.wav,4.470023,1.083686,1.080014,0.242434,0.241613,1.380124,0.69952,1.128454
H2_512C_quantized_resblocks_range_1_10,672-122797-0059.wav,generated_audios/generated_H2_512C_int8/672-122797-0059_generated.wav,3.52,0.814744,0.81127,0.231461,0.230475,1.481818,0.764622,1.087996
H2_512C_quantized_resblocks_range_1_10,672-122797-0060.wav,generated_audios/generated_H2_512C_int8/672-122797-0060_generated.wav,3.350023,0.470664,0.467165,0.140496,0.139451,1.723714,0.901855,1.019699
H2_512C_quantized_resblocks_range_1_10,672-122797-0061.wav,generated_audios/generated_H2_512C_int8/672-122797-0061_generated.wav,7.590023,1.857479,1.853303,0.244726,0.244176,1.738807,0.885586,0.900593
H2_512C_quantized_resblocks_range_1_10,672-122797-0062.wav,generated_audios/generated_H2_512C_int8/672-122797-0062_generated.wav,2.675011,0.637802,0.634278,0.23843,0.237112,1.372581,0.580709,1.376389
H2_512C_quantized_resblocks_range_1_10,672-122797-0063.wav,generated_audios/generated_H2_512C_int8/672-122797-0063_generated.wav,5.075011,0.671828,0.668047,0.13238,0.131635,1.519151,0.80067,1.170224
H2_512C_quantized_resblocks_range_1_10,672-122797-0064.wav,generated_audios/generated_H2_512C_int8/672-122797-0064_generated.wav,15.270023,3.897807,3.893402,0.255259,0.25497,1.596517,0.757148,0.939503
H2_512C_quantized_resblocks_range_1_10,672-122797-0065.wav,generated_audios/generated_H2_512C_int8/672-122797-0065_generated.wav,3.030023,0.385164,0.382324,0.127116,0.126179,1.329908,0.755608,1.15932
H2_512C_quantized_resblocks_range_1_10,672-122797-0066.wav,generated_audios/generated_H2_512C_int8/672-122797-0066_generated.wav,4.815011,0.633771,0.630173,0.131624,0.130877,1.580534,0.895635,0.932863
H2_512C_quantized_resblocks_range_1_10,672-122797-0067.wav,generated_audios/generated_H2_512C_int8/672-122797-0067_generated.wav,13.035011,3.208549,3.20417,0.246149,0.245813,1.504741,0.842661,0.948672
H2_512C_quantized_resblocks_range_1_10,672-122797-0068.wav,generated_audios/generated_H2_512C_int8/672-122797-0068_generated.wav,4.02,0.508397,0.505308,0.126467,0.125699,1.300252,0.715133,1.228718
H2_512C_quantized_resblocks_range_1_10,672-122797-0069.wav,generated_audios/generated_H2_512C_int8/672-122797-0069_generated.wav,5.010023,1.201259,1.197908,0.239771,0.239102,1.389401,0.727922,1.133532
H2_512C_quantized_resblocks_range_1_10,672-122797-0070.wav,generated_audios/generated_H2_512C_int8/672-122797-0070_generated.wav,6.270023,1.513599,1.509671,0.241402,0.240776,1.49472,0.860204,0.998536
H2_512C_quantized_resblocks_range_1_10,672-122797-0071.wav,generated_audios/generated_H2_512C_int8/672-122797-0071_generated.wav,8.875011,2.188817,2.18462,0.246627,0.246154,1.528604,0.896121,0.921064
H2_512C_quantized_resblocks_range_1_10,672-122797-0072.wav,generated_audios/generated_H2_512C_int8/672-122797-0072_generated.wav,7.94,1.922686,1.918805,0.242152,0.241663,1.516794,0.756256,1.081014
H2_512C_quantized_resblocks_range_1_10,672-122797-0073.wav,generated_audios/generated_H2_512C_int8/672-122797-0073_generated.wav,8.205034,2.014289,2.010292,0.245494,0.245007,1.499705,0.855221,1.019691
H2_512C_quantized_resblocks_range_1_10,672-122797-0074.wav,generated_audios/generated_H2_512C_int8/672-122797-0074_generated.wav,8.730023,2.11996,2.11579,0.242836,0.242358,1.494295,0.589648,1.306277
H2_512C_quantized_resblocks_range_1_10,908-157963-0000.wav,generated_audios/generated_H2_512C_int8/908-157963-0000_generated.wav,12.62,3.066415,3.062529,0.242981,0.242673,1.396864,0.838219,1.030921
H2_512C_quantized_resblocks_range_1_10,908-157963-0001.wav,generated_audios/generated_H2_512C_int8/908-157963-0001_generated.wav,2.885034,0.681066,0.677667,0.236069,0.234891,1.536385,0.92162,1.018236
H2_512C_quantized_resblocks_range_1_10,908-157963-0002.wav,generated_audios/generated_H2_512C_int8/908-157963-0002_generated.wav,2.755011,0.620467,0.617248,0.225214,0.224046,1.448276,0.893811,1.000064
H2_512C_quantized_resblocks_range_1_10,908-157963-0003.wav,generated_audios/generated_H2_512C_int8/908-157963-0003_generated.wav,3.08,0.718344,0.715097,0.233228,0.232174,1.524872,0.912523,0.865036
H2_512C_quantized_resblocks_range_1_10,908-157963-0004.wav,generated_audios/generated_H2_512C_int8/908-157963-0004_generated.wav,13.990023,3.469765,3.464996,0.248017,0.247676,1.414312,0.82157,0.970519
H2_512C_quantized_resblocks_range_1_10,908-157963-0005.wav,generated_audios/generated_H2_512C_int8/908-157963-0005_generated.wav,7.035011,1.715045,1.71122,0.243787,0.243243,1.405352,0.845947,1.125097
H2_512C_quantized_resblocks_range_1_10,908-157963-0006.wav,generated_audios/generated_H2_512C_int8/908-157963-0006_generated.wav,8.110023,1.997013,1.99312,0.24624,0.24576,1.445849,0.846695,0.956869
H2_512C_quantized_resblocks_range_1_10,908-157963-0007.wav,generated_audios/generated_H2_512C_int8/908-157963-0007_generated.wav,32.770023,10.233628,10.226654,0.312286,0.312073,1.362254,0.856305,0.983665
H2_512C_quantized_resblocks_range_1_10,908-157963-0008.wav,generated_audios/generated_H2_512C_int8/908-157963-0008_generated.wav,19.950023,5.297401,5.292108,0.265534,0.265268,1.426205,0.84562,0.99419
H2_512C_quantized_resblocks_range_1_10,908-157963-0009.wav,generated_audios/generated_H2_512C_int8/908-157963-0009_generated.wav,4.06,0.97209,0.969642,0.239431,0.238828,1.452971,0.882112,0.905756
H2_512C_quantized_resblocks_range_1_10,908-157963-0010.wav,generated_audios/generated_H2_512C_int8/908-157963-0010_generated.wav,6.28,0.821377,0.817408,0.130792,0.130161,1.299254,0.679552,1.140037
H2_512C_quantized_resblocks_range_1_10,908-157963-0011.wav,generated_audios/generated_H2_512C_int8/908-157963-0011_generated.wav,10.395011,1.430376,1.426161,0.137602,0.137197,1.310737,0.804323,0.982618
H2_512C_quantized_resblocks_range_1_10,908-157963-0012.wav,generated_audios/generated_H2_512C_int8/908-157963-0012_generated.wav,10.090023,2.46597,2.462268,0.244397,0.24403,1.305345,0.762144,1.115164
H2_512C_quantized_resblocks_range_1_10,908-157963-0013.wav,generated_audios/generated_H2_512C_int8/908-157963-0013_generated.wav,4.315011,0.55249,0.548825,0.128039,0.12719,1.26462,0.876833,1.222245
H2_512C_quantized_resblocks_range_1_10,908-157963-0014.wav,generated_audios/generated_H2_512C_int8/908-157963-0014_generated.wav,4.52,0.579218,0.575427,0.128146,0.127307,1.478345,0.884572,1.176646
H2_512C_quantized_resblocks_range_1_10,908-157963-0015.wav,generated_audios/generated_H2_512C_int8/908-157963-0015_generated.wav,14.465034,3.551472,3.547288,0.245521,0.245232,1.551149,0.903168,1.014673
H2_512C_quantized_resblocks_range_1_10,908-157963-0016.wav,generated_audios/generated_H2_512C_int8/908-157963-0016_generated.wav,5.105034,0.668299,0.664729,0.13091,0.13021,1.465869,0.92379,1.099856
H2_512C_quantized_resblocks_range_1_10,908-157963-0017.wav,generated_audios/generated_H2_512C_int8/908-157963-0017_generated.wav,4.950023,1.150219,1.147113,0.232366,0.231739,1.593942,0.903618,0.907777
H2_512C_quantized_resblocks_range_1_10,908-157963-0018.wav,generated_audios/generated_H2_512C_int8/908-157963-0018_generated.wav,4.255011,0.548403,0.544892,0.128884,0.128059,1.468791,0.864646,0.937781
H2_512C_quantized_resblocks_range_1_10,908-157963-0019.wav,generated_audios/generated_H2_512C_int8/908-157963-0019_generated.wav,21.44,5.712584,5.707483,0.266445,0.266207,1.236453,0.844071,1.160475
H2_512C_quantized_resblocks_range_1_10,908-157963-0020.wav,generated_audios/generated_H2_512C_int8/908-157963-0020_generated.wav,9.8,2.431084,2.42734,0.24807,0.247688,1.34546,0.865411,1.140299
H2_512C_quantized_resblocks_range_1_10,908-157963-0021.wav,generated_audios/generated_H2_512C_int8/908-157963-0021_generated.wav,10.24,1.467924,1.463589,0.143352,0.142929,1.41267,0.852298,1.05281
H2_512C_quantized_resblocks_range_1_10,908-157963-0022.wav,generated_audios/generated_H2_512C_int8/908-157963-0022_generated.wav,4.610023,1.100827,1.097062,0.23879,0.237973,1.264944,0.792835,1.099031
H2_512C_quantized_resblocks_range_1_10,908-157963-0023.wav,generated_audios/generated_H2_512C_int8/908-157963-0023_generated.wav,9.625034,2.384014,2.379871,0.247689,0.247258,1.367,0.748476,1.059531
H2_512C_quantized_resblocks_range_1_10,908-157963-0024.wav,generated_audios/generated_H2_512C_int8/908-157963-0024_generated.wav,3.44,0.804938,0.801416,0.233994,0.23297,1.264274,0.828788,1.191253
H2_512C_quantized_resblocks_range_1_10,908-157963-0025.wav,generated_audios/generated_H2_512C_int8/908-157963-0025_generated.wav,9.265034,2.253601,2.249506,0.243237,0.242795,1.253565,0.789815,1.191711
H2_512C_quantized_resblocks_range_1_10,908-157963-0026.wav,generated_audios/generated_H2_512C_int8/908-157963-0026_generated.wav,8.1,1.983933,1.980261,0.24493,0.244477,1.394413,0.810777,1.06567
H2_512C_quantized_resblocks_range_1_10,908-157963-0027.wav,generated_audios/generated_H2_512C_int8/908-157963-0027_generated.wav,5.225034,0.681354,0.677925,0.130402,0.129746,1.274011,0.709582,1.22343
H2_512C_quantized_resblocks_range_1_10,908-157963-0028.wav,generated_audios/generated_H2_512C_int8/908-157963-0028_generated.wav,4.955011,0.62328,0.619708,0.125788,0.125067,1.502803,0.900619,0.924988
H2_512C_quantized_resblocks_range_1_10,908-157963-0029.wav,generated_audios/generated_H2_512C_int8/908-157963-0029_generated.wav,3.630023,0.835184,0.832005,0.230077,0.229201,1.527549,0.93508,0.978971
H2_512C_quantized_resblocks_range_1_10,908-157963-0030.wav,generated_audios/generated_H2_512C_int8/908-157963-0030_generated.wav,4.52,0.565534,0.562225,0.125118,0.124386,1.38775,0.870929,1.089146
H2_512C_quantized_resblocks_range_1_10,908-31957-0000.wav,generated_audios/generated_H2_512C_int8/908-31957-0000_generated.wav,2.125034,0.470928,0.467736,0.22161,0.220107,1.572308,0.906552,1.228283
H2_512C_quantized_resblocks_range_1_10,908-31957-0001.wav,generated_audios/generated_H2_512C_int8/908-31957-0001_generated.wav,11.315011,2.823826,2.819269,0.249565,0.249162,1.266135,0.858256,1.183821
H2_512C_quantized_resblocks_range_1_10,908-31957-0002.wav,generated_audios/generated_H2_512C_int8/908-31957-0002_generated.wav,4.790023,0.619917,0.616314,0.129418,0.128666,1.297105,0.87705,1.296187
H2_512C_quantized_resblocks_range_1_10,908-31957-0003.wav,generated_audios/generated_H2_512C_int8/908-31957-0003_generated.wav,6.565034,0.879117,0.875478,0.133909,0.133355,1.370046,0.856906,0.97299
H2_512C_quantized_resblocks_range_1_10,908-31957-0004.wav,generated_audios/generated_H2_512C_int8/908-31957-0004_generated.wav,14.755011,3.82649,3.821707,0.259335,0.259011,2.605696,0.958966,0.344715
H2_512C_quantized_resblocks_range_1_10,908-31957-0005.wav,generated_audios/generated_H2_512C_int8/908-31957-0005_generated.wav,4.490023,0.579119,0.575816,0.128979,0.128244,2.165791,0.947405,0.4622
H2_512C_quantized_resblocks_range_1_10,908-31957-0006.wav,generated_audios/generated_H2_512C_int8/908-31957-0006_generated.wav,5.890023,1.394558,1.39064,0.236766,0.236101,2.564018,0.947728,0.41423
H2_512C_quantized_resblocks_range_1_10,908-31957-0007.wav,generated_audios/generated_H2_512C_int8/908-31957-0007_generated.wav,5.8,0.770837,0.767392,0.132903,0.132309,2.504505,0.954796,0.367653
H2_512C_quantized_resblocks_range_1_10,908-31957-0008.wav,generated_audios/generated_H2_512C_int8/908-31957-0008_generated.wav,10.005034,2.484148,2.479603,0.24829,0.247836,2.538153,0.958188,0.370592
H2_512C_quantized_resblocks_range_1_10,908-31957-0009.wav,generated_audios/generated_H2_512C_int8/908-31957-0009_generated.wav,7.705034,1.863712,1.860082,0.241882,0.241411,2.485329,0.952366,0.369865
H2_512C_quantized_resblocks_range_1_10,908-31957-0010.wav,generated_audios/generated_H2_512C_int8/908-31957-0010_generated.wav,2.510023,0.550867,0.547548,0.219467,0.218145,2.218844,0.894394,0.522265
H2_512C_quantized_resblocks_range_1_10,908-31957-0011.wav,generated_audios/generated_H2_512C_int8/908-31957-0011_generated.wav,2.335011,0.291681,0.288297,0.124916,0.123467,2.514321,0.933988,0.356444
H2_512C_quantized_resblocks_range_1_10,908-31957-0012.wav,generated_audios/generated_H2_512C_int8/908-31957-0012_generated.wav,7.615011,1.853762,1.849968,0.243435,0.242937,2.501233,0.947339,0.384901
H2_512C_quantized_resblocks_range_1_10,908-31957-0013.wav,generated_audios/generated_H2_512C_int8/908-31957-0013_generated.wav,6.18,1.521792,1.517923,0.246245,0.245619,2.745268,0.950087,0.389451
H2_512C_quantized_resblocks_range_1_10,908-31957-0014.wav,generated_audios/generated_H2_512C_int8/908-31957-0014_generated.wav,7.56,1.833043,1.829086,0.242466,0.241943,2.188548,0.946011,0.428937
H2_512C_quantized_resblocks_range_1_10,908-31957-0015.wav,generated_audios/generated_H2_512C_int8/908-31957-0015_generated.wav,21.465034,5.984723,5.979264,0.278813,0.278558,2.327872,0.946209,0.435411
H2_512C_quantized_resblocks_range_1_10,908-31957-0016.wav,generated_audios/generated_H2_512C_int8/908-31957-0016_generated.wav,6.48,1.567168,1.563881,0.241847,0.24134,2.472157,0.953545,0.42516
H2_512C_quantized_resblocks_range_1_10,908-31957-0017.wav,generated_audios/generated_H2_512C_int8/908-31957-0017_generated.wav,7.795011,1.972592,1.968758,0.253058,0.252566,2.264236,0.955654,0.427834
H2_512C_quantized_resblocks_range_1_10,908-31957-0018.wav,generated_audios/generated_H2_512C_int8/908-31957-0018_generated.wav,3.915011,0.914638,0.911092,0.233623,0.232718,2.479436,0.939988,0.42374
H2_512C_quantized_resblocks_range_1_10,908-31957-0019.wav,generated_audios/generated_H2_512C_int8/908-31957-0019_generated.wav,9.54,2.406802,2.402452,0.252285,0.251829,2.548531,0.958115,0.371783
H2_512C_quantized_resblocks_range_1_10,908-31957-0020.wav,generated_audios/generated_H2_512C_int8/908-31957-0020_generated.wav,5.895011,0.767974,0.764411,0.130275,0.129671,2.298701,0.940981,0.394874
H2_512C_quantized_resblocks_range_1_10,908-31957-0021.wav,generated_audios/generated_H2_512C_int8/908-31957-0021_generated.wav,10.905034,2.772073,2.767491,0.254201,0.253781,2.433274,0.954008,0.387166
H2_512C_quantized_resblocks_range_1_10,908-31957-0022.wav,generated_audios/generated_H2_512C_int8/908-31957-0022_generated.wav,14.1,4.165383,4.161098,0.295417,0.295113,2.43182,0.951715,0.376398
H2_512C_quantized_resblocks_range_1_10,908-31957-0023.wav,generated_audios/generated_H2_512C_int8/908-31957-0023_generated.wav,8.515011,2.163089,2.159481,0.254032,0.253609,2.429371,0.955502,0.439697
H2_512C_quantized_resblocks_range_1_10,908-31957-0024.wav,generated_audios/generated_H2_512C_int8/908-31957-0024_generated.wav,7.54,1.924762,1.920402,0.255273,0.254695,2.539365,0.963059,0.418401
H2_512C_quantized_resblocks_range_1_10,908-31957-0025.wav,generated_audios/generated_H2_512C_int8/908-31957-0025_generated.wav,20.56,6.144088,6.138934,0.298837,0.298586,2.359658,0.954257,0.479632
