experiment_name,audio_file,generated_file,audio_duration,inference_time,generator_time,avg_rtf,avg_generator_rtf,pesq,stoi,mel_l1
H2_128C_quantized_no_upsample,1089-134686-0000.wav,generated_audios/generated_H2_128C_int8/1089-134686-0000_generated.wav,10.435011,0.285887,0.282397,0.027397,0.027062,1.982869,0.926974,0.599652
H2_128C_quantized_no_upsample,1089-134686-0001.wav,generated_audios/generated_H2_128C_int8/1089-134686-0001_generated.wav,3.275011,0.111184,0.108324,0.033949,0.033076,1.795343,0.919551,0.664961
H2_128C_quantized_no_upsample,1089-134686-0002.wav,generated_audios/generated_H2_128C_int8/1089-134686-0002_generated.wav,6.625034,0.207384,0.203601,0.031303,0.030732,1.936082,0.917557,0.626517
H2_128C_quantized_no_upsample,1089-134686-0003.wav,generated_audios/generated_H2_128C_int8/1089-134686-0003_generated.wav,2.68,0.084137,0.080942,0.031394,0.030202,2.294775,0.932689,0.700394
H2_128C_quantized_no_upsample,1089-134686-0004.wav,generated_audios/generated_H2_128C_int8/1089-134686-0004_generated.wav,5.215102,0.14576,0.142841,0.02795,0.02739,2.158849,0.948492,0.623243
H2_128C_quantized_no_upsample,1089-134686-0005.wav,generated_audios/generated_H2_128C_int8/1089-134686-0005_generated.wav,9.635011,0.25509,0.25144,0.026475,0.026097,1.888596,0.894287,0.662067
H2_128C_quantized_no_upsample,1089-134686-0006.wav,generated_audios/generated_H2_128C_int8/1089-134686-0006_generated.wav,10.555011,0.30024,0.296297,0.028445,0.028072,2.051975,0.916183,0.635296
H2_128C_quantized_no_upsample,1089-134686-0007.wav,generated_audios/generated_H2_128C_int8/1089-134686-0007_generated.wav,4.275011,0.122707,0.119429,0.028703,0.027936,1.842804,0.916286,0.686732
H2_128C_quantized_no_upsample,1089-134686-0008.wav,generated_audios/generated_H2_128C_int8/1089-134686-0008_generated.wav,6.730023,0.164716,0.160972,0.024475,0.023919,1.98452,0.917381,0.633919
H2_128C_quantized_no_upsample,1089-134686-0009.wav,generated_audios/generated_H2_128C_int8/1089-134686-0009_generated.wav,10.575011,0.281179,0.276962,0.026589,0.02619,2.134322,0.939717,0.647582
H2_128C_quantized_no_upsample,1089-134686-0010.wav,generated_audios/generated_H2_128C_int8/1089-134686-0010_generated.wav,4.405034,0.125659,0.12227,0.028526,0.027757,2.46469,0.941183,0.554855
H2_128C_quantized_no_upsample,1089-134686-0011.wav,generated_audios/generated_H2_128C_int8/1089-134686-0011_generated.wav,12.445034,0.337383,0.333192,0.02711,0.026773,2.06398,0.920133,0.599383
H2_128C_quantized_no_upsample,1089-134686-0012.wav,generated_audios/generated_H2_128C_int8/1089-134686-0012_generated.wav,11.64,0.348149,0.343568,0.02991,0.029516,2.039442,0.919481,0.62838
H2_128C_quantized_no_upsample,1089-134686-0013.wav,generated_audios/generated_H2_128C_int8/1089-134686-0013_generated.wav,7.915011,0.225569,0.221418,0.028499,0.027974,1.878605,0.917914,0.628054
H2_128C_quantized_no_upsample,1089-134686-0014.wav,generated_audios/generated_H2_128C_int8/1089-134686-0014_generated.wav,2.225034,0.072125,0.068967,0.032415,0.030996,2.040824,0.932564,0.606201
H2_128C_quantized_no_upsample,1089-134686-0015.wav,generated_audios/generated_H2_128C_int8/1089-134686-0015_generated.wav,5.815011,0.15686,0.153472,0.026975,0.026392,2.09483,0.911079,0.664979
H2_128C_quantized_no_upsample,1089-134686-0016.wav,generated_audios/generated_H2_128C_int8/1089-134686-0016_generated.wav,3.54,0.104203,0.10089,0.029436,0.0285,2.017872,0.925612,0.618433
H2_128C_quantized_no_upsample,1089-134686-0017.wav,generated_audios/generated_H2_128C_int8/1089-134686-0017_generated.wav,8.870023,0.234111,0.230399,0.026394,0.025975,1.952384,0.924952,0.597842
H2_128C_quantized_no_upsample,1089-134686-0018.wav,generated_audios/generated_H2_128C_int8/1089-134686-0018_generated.wav,15.72,0.405608,0.400829,0.025802,0.025498,2.02519,0.920219,0.618115
H2_128C_quantized_no_upsample,1089-134686-0019.wav,generated_audios/generated_H2_128C_int8/1089-134686-0019_generated.wav,13.895011,0.363263,0.358465,0.026143,0.025798,1.978552,0.924914,0.604591
H2_128C_quantized_no_upsample,1089-134686-0020.wav,generated_audios/generated_H2_128C_int8/1089-134686-0020_generated.wav,16.790023,0.463264,0.45808,0.027592,0.027283,1.944543,0.919931,0.622147
H2_128C_quantized_no_upsample,1089-134686-0021.wav,generated_audios/generated_H2_128C_int8/1089-134686-0021_generated.wav,6.550023,0.193157,0.189814,0.02949,0.028979,1.98073,0.931593,0.631641
H2_128C_quantized_no_upsample,1089-134686-0022.wav,generated_audios/generated_H2_128C_int8/1089-134686-0022_generated.wav,11.175011,0.291929,0.287762,0.026123,0.02575,2.032027,0.925819,0.598848
H2_128C_quantized_no_upsample,1089-134686-0023.wav,generated_audios/generated_H2_128C_int8/1089-134686-0023_generated.wav,13.275011,0.368362,0.363453,0.027749,0.027379,2.066433,0.920057,0.624596
H2_128C_quantized_no_upsample,1089-134686-0024.wav,generated_audios/generated_H2_128C_int8/1089-134686-0024_generated.wav,11.655011,0.309504,0.30499,0.026555,0.026168,1.924499,0.919241,0.590276
H2_128C_quantized_no_upsample,1089-134686-0025.wav,generated_audios/generated_H2_128C_int8/1089-134686-0025_generated.wav,6.610023,0.182938,0.179022,0.027676,0.027083,1.859688,0.926102,0.63435
H2_128C_quantized_no_upsample,1089-134686-0026.wav,generated_audios/generated_H2_128C_int8/1089-134686-0026_generated.wav,4.010023,0.130581,0.127431,0.032564,0.031778,2.262345,0.928474,0.613613
H2_128C_quantized_no_upsample,1089-134686-0027.wav,generated_audios/generated_H2_128C_int8/1089-134686-0027_generated.wav,2.710023,0.086767,0.083646,0.032017,0.030865,2.213732,0.941333,0.572148
H2_128C_quantized_no_upsample,1089-134686-0028.wav,generated_audios/generated_H2_128C_int8/1089-134686-0028_generated.wav,7.830023,0.212083,0.208848,0.027086,0.026673,2.091904,0.928078,0.59381
H2_128C_quantized_no_upsample,1089-134686-0029.wav,generated_audios/generated_H2_128C_int8/1089-134686-0029_generated.wav,4.670023,0.14869,0.1452,0.031839,0.031092,2.125285,0.920996,0.622075
H2_128C_quantized_no_upsample,1089-134686-0030.wav,generated_audios/generated_H2_128C_int8/1089-134686-0030_generated.wav,2.715011,0.077995,0.075348,0.028727,0.027752,1.717605,0.912982,0.575293
H2_128C_quantized_no_upsample,1089-134686-0031.wav,generated_audios/generated_H2_128C_int8/1089-134686-0031_generated.wav,6.615011,0.164167,0.160668,0.024817,0.024288,2.022099,0.911192,0.635844
H2_128C_quantized_no_upsample,121-121726-0000.wav,generated_audios/generated_H2_128C_int8/121-121726-0000_generated.wav,8.46,0.22762,0.223638,0.026905,0.026435,1.817608,0.927002,0.825906
H2_128C_quantized_no_upsample,121-121726-0001.wav,generated_audios/generated_H2_128C_int8/121-121726-0001_generated.wav,5.925034,0.187774,0.184203,0.031692,0.031089,1.926434,0.919827,1.165277
H2_128C_quantized_no_upsample,121-121726-0002.wav,generated_audios/generated_H2_128C_int8/121-121726-0002_generated.wav,4.410023,0.115903,0.11296,0.026282,0.025614,2.005901,0.910308,1.096588
H2_128C_quantized_no_upsample,121-121726-0003.wav,generated_audios/generated_H2_128C_int8/121-121726-0003_generated.wav,6.755011,0.186014,0.182632,0.027537,0.027036,2.06755,0.937428,1.032042
H2_128C_quantized_no_upsample,121-121726-0004.wav,generated_audios/generated_H2_128C_int8/121-121726-0004_generated.wav,4.02,0.115636,0.112609,0.028765,0.028012,2.018208,0.94141,1.241953
H2_128C_quantized_no_upsample,121-121726-0005.wav,generated_audios/generated_H2_128C_int8/121-121726-0005_generated.wav,3.1,0.093271,0.090045,0.030088,0.029047,2.387457,0.961361,1.58643
H2_128C_quantized_no_upsample,121-121726-0006.wav,generated_audios/generated_H2_128C_int8/121-121726-0006_generated.wav,3.895011,0.114255,0.111024,0.029334,0.028504,2.100479,0.925876,1.155106
H2_128C_quantized_no_upsample,121-121726-0007.wav,generated_audios/generated_H2_128C_int8/121-121726-0007_generated.wav,6.730023,0.165369,0.161646,0.024572,0.024019,2.01314,0.94361,1.095398
H2_128C_quantized_no_upsample,121-121726-0008.wav,generated_audios/generated_H2_128C_int8/121-121726-0008_generated.wav,4.990023,0.157935,0.154451,0.03165,0.030952,2.118742,0.952776,1.335995
H2_128C_quantized_no_upsample,121-121726-0009.wav,generated_audios/generated_H2_128C_int8/121-121726-0009_generated.wav,7.26,0.198839,0.19544,0.027388,0.02692,1.849975,0.930328,1.024681
H2_128C_quantized_no_upsample,121-121726-0010.wav,generated_audios/generated_H2_128C_int8/121-121726-0010_generated.wav,9.810023,0.260322,0.256142,0.026536,0.02611,1.91898,0.923904,1.015963
H2_128C_quantized_no_upsample,121-121726-0011.wav,generated_audios/generated_H2_128C_int8/121-121726-0011_generated.wav,4.035011,0.116346,0.112829,0.028834,0.027962,2.185538,0.948303,1.202258
H2_128C_quantized_no_upsample,121-121726-0012.wav,generated_audios/generated_H2_128C_int8/121-121726-0012_generated.wav,4.045034,0.123003,0.119769,0.030408,0.029609,2.135575,0.939707,0.967915
H2_128C_quantized_no_upsample,121-121726-0013.wav,generated_audios/generated_H2_128C_int8/121-121726-0013_generated.wav,2.490023,0.071096,0.068573,0.028552,0.027539,1.932982,0.934957,1.146795
H2_128C_quantized_no_upsample,121-121726-0014.wav,generated_audios/generated_H2_128C_int8/121-121726-0014_generated.wav,3.165034,0.085756,0.082688,0.027095,0.026125,2.321524,0.949915,1.252806
H2_128C_quantized_no_upsample,121-123852-0000.wav,generated_audios/generated_H2_128C_int8/121-123852-0000_generated.wav,17.695011,0.413688,0.409132,0.023379,0.023121,1.857432,0.924408,1.035824
H2_128C_quantized_no_upsample,121-123852-0001.wav,generated_audios/generated_H2_128C_int8/121-123852-0001_generated.wav,1.870023,0.058544,0.055296,0.031307,0.02957,1.553458,0.777841,1.592794
H2_128C_quantized_no_upsample,121-123852-0002.wav,generated_audios/generated_H2_128C_int8/121-123852-0002_generated.wav,17.285034,0.415221,0.410683,0.024022,0.023759,1.813968,0.906066,0.871144
H2_128C_quantized_no_upsample,121-123852-0003.wav,generated_audios/generated_H2_128C_int8/121-123852-0003_generated.wav,23.505034,7.078741,7.073479,0.301159,0.300935,1.707551,0.901392,0.903271
H2_128C_quantized_no_upsample,121-123852-0004.wav,generated_audios/generated_H2_128C_int8/121-123852-0004_generated.wav,16.290023,4.50963,4.505145,0.276834,0.276559,1.955801,0.924413,0.858802
H2_128C_quantized_no_upsample,121-123859-0000.wav,generated_audios/generated_H2_128C_int8/121-123859-0000_generated.wav,17.390023,4.593362,4.588893,0.264138,0.263881,1.480108,0.889656,0.944968
H2_128C_quantized_no_upsample,121-123859-0001.wav,generated_audios/generated_H2_128C_int8/121-123859-0001_generated.wav,25.395011,6.737301,6.730712,0.2653,0.265041,1.856578,0.916861,0.88878
H2_128C_quantized_no_upsample,121-123859-0002.wav,generated_audios/generated_H2_128C_int8/121-123859-0002_generated.wav,30.04,8.355405,8.348501,0.278143,0.277913,1.795152,0.909651,0.865065
H2_128C_quantized_no_upsample,121-123859-0003.wav,generated_audios/generated_H2_128C_int8/121-123859-0003_generated.wav,10.825034,2.763195,2.75932,0.25526,0.254902,1.841326,0.926453,1.125888
H2_128C_quantized_no_upsample,121-123859-0004.wav,generated_audios/generated_H2_128C_int8/121-123859-0004_generated.wav,9.505034,2.488145,2.48452,0.261771,0.26139,1.576991,0.908841,0.956424
H2_128C_quantized_no_upsample,121-127105-0000.wav,generated_audios/generated_H2_128C_int8/121-127105-0000_generated.wav,9.875011,2.531755,2.528024,0.25638,0.256002,1.815017,0.913396,0.803919
H2_128C_quantized_no_upsample,121-127105-0001.wav,generated_audios/generated_H2_128C_int8/121-127105-0001_generated.wav,5.025034,1.210432,1.207541,0.24088,0.240305,1.801489,0.913991,0.659459
H2_128C_quantized_no_upsample,121-127105-0002.wav,generated_audios/generated_H2_128C_int8/121-127105-0002_generated.wav,7.495011,1.82871,1.824757,0.24399,0.243463,1.74752,0.916838,0.742077
H2_128C_quantized_no_upsample,121-127105-0003.wav,generated_audios/generated_H2_128C_int8/121-127105-0003_generated.wav,7.725034,1.950378,1.946349,0.252475,0.251953,1.844671,0.921374,0.824606
H2_128C_quantized_no_upsample,121-127105-0004.wav,generated_audios/generated_H2_128C_int8/121-127105-0004_generated.wav,2.110023,0.53122,0.528052,0.25176,0.250259,1.367642,0.930252,1.253608
H2_128C_quantized_no_upsample,121-127105-0005.wav,generated_audios/generated_H2_128C_int8/121-127105-0005_generated.wav,5.82,1.420877,1.41743,0.244137,0.243545,1.844419,0.925095,0.805342
H2_128C_quantized_no_upsample,121-127105-0006.wav,generated_audios/generated_H2_128C_int8/121-127105-0006_generated.wav,4.725034,1.20098,1.197146,0.254174,0.253362,1.477033,0.919782,0.858993
H2_128C_quantized_no_upsample,121-127105-0007.wav,generated_audios/generated_H2_128C_int8/121-127105-0007_generated.wav,5.790023,1.417615,1.414014,0.244838,0.244216,1.693301,0.921531,0.784247
H2_128C_quantized_no_upsample,121-127105-0008.wav,generated_audios/generated_H2_128C_int8/121-127105-0008_generated.wav,2.76,0.685805,0.682393,0.24848,0.247244,1.739161,0.915039,0.885853
H2_128C_quantized_no_upsample,121-127105-0009.wav,generated_audios/generated_H2_128C_int8/121-127105-0009_generated.wav,2.290023,0.583185,0.579317,0.254663,0.252974,1.572127,0.91519,0.736647
H2_128C_quantized_no_upsample,121-127105-0010.wav,generated_audios/generated_H2_128C_int8/121-127105-0010_generated.wav,2.850023,0.709274,0.705979,0.248866,0.24771,1.908866,0.914602,0.717297
H2_128C_quantized_no_upsample,121-127105-0011.wav,generated_audios/generated_H2_128C_int8/121-127105-0011_generated.wav,5.78,1.462952,1.459354,0.253106,0.252483,1.733131,0.894423,0.674025
H2_128C_quantized_no_upsample,121-127105-0012.wav,generated_audios/generated_H2_128C_int8/121-127105-0012_generated.wav,4.830023,1.248422,1.245485,0.258471,0.257863,1.330478,0.905938,0.627167
H2_128C_quantized_no_upsample,121-127105-0013.wav,generated_audios/generated_H2_128C_int8/121-127105-0013_generated.wav,5.895011,1.445299,1.441734,0.245173,0.244568,1.740642,0.911605,0.803579
H2_128C_quantized_no_upsample,121-127105-0014.wav,generated_audios/generated_H2_128C_int8/121-127105-0014_generated.wav,2.255011,0.538054,0.53514,0.238604,0.237311,1.767966,0.859117,1.06608
H2_128C_quantized_no_upsample,121-127105-0015.wav,generated_audios/generated_H2_128C_int8/121-127105-0015_generated.wav,2.96,0.751716,0.748704,0.253958,0.252941,1.717284,0.909671,0.735349
H2_128C_quantized_no_upsample,121-127105-0016.wav,generated_audios/generated_H2_128C_int8/121-127105-0016_generated.wav,2.030023,0.49497,0.492042,0.243825,0.242382,1.917636,0.918167,0.690071
H2_128C_quantized_no_upsample,121-127105-0017.wav,generated_audios/generated_H2_128C_int8/121-127105-0017_generated.wav,2.695011,0.679301,0.676011,0.252059,0.250838,1.739635,0.897738,0.635437
H2_128C_quantized_no_upsample,121-127105-0018.wav,generated_audios/generated_H2_128C_int8/121-127105-0018_generated.wav,2.770023,0.700886,0.697699,0.253025,0.251875,1.779989,0.911562,0.727732
H2_128C_quantized_no_upsample,121-127105-0019.wav,generated_audios/generated_H2_128C_int8/121-127105-0019_generated.wav,3.525034,0.859249,0.855751,0.243756,0.242764,1.43087,0.920469,0.824293
H2_128C_quantized_no_upsample,121-127105-0020.wav,generated_audios/generated_H2_128C_int8/121-127105-0020_generated.wav,14.355011,3.844362,3.839752,0.267806,0.267485,1.777434,0.913839,0.68821
H2_128C_quantized_no_upsample,121-127105-0021.wav,generated_audios/generated_H2_128C_int8/121-127105-0021_generated.wav,2.0,0.487243,0.483974,0.243622,0.241987,1.680224,0.923152,0.789402
H2_128C_quantized_no_upsample,121-127105-0022.wav,generated_audios/generated_H2_128C_int8/121-127105-0022_generated.wav,5.075011,1.276388,1.272933,0.251504,0.250824,1.833619,0.91667,0.980179
H2_128C_quantized_no_upsample,121-127105-0023.wav,generated_audios/generated_H2_128C_int8/121-127105-0023_generated.wav,10.910023,2.662064,2.658542,0.244002,0.243679,1.89585,0.920955,0.677923
H2_128C_quantized_no_upsample,121-127105-0024.wav,generated_audios/generated_H2_128C_int8/121-127105-0024_generated.wav,14.450023,4.091037,4.086625,0.283116,0.282811,1.792333,0.918152,0.699972
H2_128C_quantized_no_upsample,121-127105-0025.wav,generated_audios/generated_H2_128C_int8/121-127105-0025_generated.wav,16.065034,4.249354,4.244937,0.264509,0.264235,1.807257,0.918015,0.712879
H2_128C_quantized_no_upsample,121-127105-0026.wav,generated_audios/generated_H2_128C_int8/121-127105-0026_generated.wav,7.530023,1.826585,1.823194,0.242574,0.242123,1.80893,0.924361,0.671138
H2_128C_quantized_no_upsample,121-127105-0027.wav,generated_audios/generated_H2_128C_int8/121-127105-0027_generated.wav,13.870023,3.714514,3.710358,0.267809,0.267509,1.907628,0.922916,0.768552
H2_128C_quantized_no_upsample,121-127105-0028.wav,generated_audios/generated_H2_128C_int8/121-127105-0028_generated.wav,6.750023,0.164524,0.160462,0.024374,0.023772,1.910452,0.923781,0.828016
H2_128C_quantized_no_upsample,121-127105-0029.wav,generated_audios/generated_H2_128C_int8/121-127105-0029_generated.wav,7.310023,1.858435,1.855179,0.254231,0.253786,1.835585,0.920158,0.823316
H2_128C_quantized_no_upsample,121-127105-0030.wav,generated_audios/generated_H2_128C_int8/121-127105-0030_generated.wav,2.175011,0.532784,0.529569,0.244957,0.243479,1.718181,0.917024,0.820291
H2_128C_quantized_no_upsample,121-127105-0031.wav,generated_audios/generated_H2_128C_int8/121-127105-0031_generated.wav,10.765034,2.586979,2.583539,0.240313,0.239994,1.786322,0.877501,0.958424
H2_128C_quantized_no_upsample,121-127105-0032.wav,generated_audios/generated_H2_128C_int8/121-127105-0032_generated.wav,3.170023,0.749062,0.746047,0.236295,0.235344,1.614102,0.927396,0.80662
H2_128C_quantized_no_upsample,121-127105-0033.wav,generated_audios/generated_H2_128C_int8/121-127105-0033_generated.wav,2.355011,0.590502,0.587405,0.250743,0.249428,1.892287,0.929325,0.999335
H2_128C_quantized_no_upsample,121-127105-0034.wav,generated_audios/generated_H2_128C_int8/121-127105-0034_generated.wav,7.410023,1.90884,1.905182,0.257602,0.257109,1.875102,0.921098,1.003354
H2_128C_quantized_no_upsample,121-127105-0035.wav,generated_audios/generated_H2_128C_int8/121-127105-0035_generated.wav,14.150023,3.812325,3.807324,0.269422,0.269068,1.826067,0.91134,1.117534
H2_128C_quantized_no_upsample,121-127105-0036.wav,generated_audios/generated_H2_128C_int8/121-127105-0036_generated.wav,4.150023,0.977307,0.973907,0.235494,0.234675,1.65448,0.882916,1.099545
H2_128C_quantized_no_upsample,237-126133-0000.wav,generated_audios/generated_H2_128C_int8/237-126133-0000_generated.wav,13.290023,3.775905,3.771861,0.284116,0.283811,1.912617,0.934976,0.630308
H2_128C_quantized_no_upsample,237-126133-0001.wav,generated_audios/generated_H2_128C_int8/237-126133-0001_generated.wav,11.965034,3.526697,3.522682,0.29475,0.294415,1.844822,0.922006,0.633327
H2_128C_quantized_no_upsample,237-126133-0002.wav,generated_audios/generated_H2_128C_int8/237-126133-0002_generated.wav,8.92,2.185422,2.181817,0.245002,0.244598,1.735605,0.924272,0.690766
H2_128C_quantized_no_upsample,237-126133-0003.wav,generated_audios/generated_H2_128C_int8/237-126133-0003_generated.wav,6.56,1.670163,1.667001,0.254598,0.254116,1.835148,0.906335,0.666905
H2_128C_quantized_no_upsample,237-126133-0004.wav,generated_audios/generated_H2_128C_int8/237-126133-0004_generated.wav,3.295011,0.853367,0.850043,0.258988,0.257979,1.645021,0.910861,0.674142
H2_128C_quantized_no_upsample,237-126133-0005.wav,generated_audios/generated_H2_128C_int8/237-126133-0005_generated.wav,6.510023,1.674259,1.671302,0.257182,0.256727,1.846042,0.917148,0.646984
H2_128C_quantized_no_upsample,237-126133-0006.wav,generated_audios/generated_H2_128C_int8/237-126133-0006_generated.wav,6.150023,1.559534,1.55589,0.253582,0.252989,1.967561,0.933408,0.674405
H2_128C_quantized_no_upsample,237-126133-0007.wav,generated_audios/generated_H2_128C_int8/237-126133-0007_generated.wav,8.68,2.104955,2.101481,0.242506,0.242106,1.70286,0.918079,0.686225
H2_128C_quantized_no_upsample,237-126133-0008.wav,generated_audios/generated_H2_128C_int8/237-126133-0008_generated.wav,3.865034,0.986728,0.983015,0.255296,0.254335,1.93688,0.924308,0.655623
H2_128C_quantized_no_upsample,237-126133-0009.wav,generated_audios/generated_H2_128C_int8/237-126133-0009_generated.wav,3.970023,0.996099,0.992802,0.250905,0.250075,1.788884,0.93277,0.68197
H2_128C_quantized_no_upsample,237-126133-0010.wav,generated_audios/generated_H2_128C_int8/237-126133-0010_generated.wav,6.24,1.529566,1.526445,0.245123,0.244623,1.382962,0.873897,0.70495
H2_128C_quantized_no_upsample,237-126133-0011.wav,generated_audios/generated_H2_128C_int8/237-126133-0011_generated.wav,6.710023,1.749939,1.745974,0.260795,0.260204,1.976962,0.93572,0.638321
H2_128C_quantized_no_upsample,237-126133-0012.wav,generated_audios/generated_H2_128C_int8/237-126133-0012_generated.wav,4.450023,1.156189,1.152934,0.259817,0.259085,1.87299,0.92252,0.652739
H2_128C_quantized_no_upsample,237-126133-0013.wav,generated_audios/generated_H2_128C_int8/237-126133-0013_generated.wav,6.815011,1.764718,1.760864,0.258946,0.25838,1.403844,0.870701,0.727573
H2_128C_quantized_no_upsample,237-126133-0014.wav,generated_audios/generated_H2_128C_int8/237-126133-0014_generated.wav,6.790023,1.743592,1.739918,0.256787,0.256246,1.894389,0.922781,0.633059
H2_128C_quantized_no_upsample,237-126133-0015.wav,generated_audios/generated_H2_128C_int8/237-126133-0015_generated.wav,9.34,2.296701,2.292489,0.2459,0.245449,1.886722,0.921858,0.658136
H2_128C_quantized_no_upsample,237-126133-0016.wav,generated_audios/generated_H2_128C_int8/237-126133-0016_generated.wav,4.250023,1.056657,1.053394,0.248624,0.247856,1.848954,0.91229,0.688398
H2_128C_quantized_no_upsample,237-126133-0017.wav,generated_audios/generated_H2_128C_int8/237-126133-0017_generated.wav,6.210023,1.521968,1.518262,0.245082,0.244486,2.217699,0.945335,0.628407
H2_128C_quantized_no_upsample,237-126133-0018.wav,generated_audios/generated_H2_128C_int8/237-126133-0018_generated.wav,4.095011,1.059139,1.055412,0.258641,0.257731,1.816966,0.920586,0.662075
H2_128C_quantized_no_upsample,237-126133-0019.wav,generated_audios/generated_H2_128C_int8/237-126133-0019_generated.wav,7.12,1.867441,1.863646,0.262281,0.261748,1.916278,0.928382,0.659848
H2_128C_quantized_no_upsample,237-126133-0020.wav,generated_audios/generated_H2_128C_int8/237-126133-0020_generated.wav,2.24,0.54324,0.540322,0.242518,0.241215,1.611867,0.927319,0.670961
H2_128C_quantized_no_upsample,237-126133-0021.wav,generated_audios/generated_H2_128C_int8/237-126133-0021_generated.wav,4.365034,1.055608,1.051941,0.241833,0.240993,1.883987,0.918745,0.666802
H2_128C_quantized_no_upsample,237-126133-0022.wav,generated_audios/generated_H2_128C_int8/237-126133-0022_generated.wav,5.04,1.300248,1.29656,0.257986,0.257254,2.079422,0.936902,0.632547
H2_128C_quantized_no_upsample,237-126133-0023.wav,generated_audios/generated_H2_128C_int8/237-126133-0023_generated.wav,6.675011,1.712555,1.709207,0.256562,0.256061,1.868936,0.928213,0.625743
H2_128C_quantized_no_upsample,237-126133-0024.wav,generated_audios/generated_H2_128C_int8/237-126133-0024_generated.wav,9.665034,2.498486,2.494743,0.258508,0.25812,2.00879,0.932614,0.603585
H2_128C_quantized_no_upsample,237-126133-0025.wav,generated_audios/generated_H2_128C_int8/237-126133-0025_generated.wav,3.755011,0.941596,0.937895,0.250757,0.249772,2.00527,0.930095,0.622186
H2_128C_quantized_no_upsample,237-134493-0000.wav,generated_audios/generated_H2_128C_int8/237-134493-0000_generated.wav,4.105034,1.082559,1.079059,0.263715,0.262862,2.168546,0.939637,0.563048
H2_128C_quantized_no_upsample,237-134493-0001.wav,generated_audios/generated_H2_128C_int8/237-134493-0001_generated.wav,7.38,1.888909,1.885118,0.25595,0.255436,2.23989,0.94313,0.525175
H2_128C_quantized_no_upsample,237-134493-0002.wav,generated_audios/generated_H2_128C_int8/237-134493-0002_generated.wav,11.395011,3.076166,3.072042,0.269957,0.269595,2.281243,0.93936,0.557709
H2_128C_quantized_no_upsample,237-134493-0003.wav,generated_audios/generated_H2_128C_int8/237-134493-0003_generated.wav,12.765034,3.549441,3.545183,0.27806,0.277726,2.114885,0.941202,0.548114
H2_128C_quantized_no_upsample,237-134493-0004.wav,generated_audios/generated_H2_128C_int8/237-134493-0004_generated.wav,6.825034,1.781493,1.777379,0.261023,0.260421,1.980658,0.92587,0.566375
H2_128C_quantized_no_upsample,237-134493-0005.wav,generated_audios/generated_H2_128C_int8/237-134493-0005_generated.wav,10.945034,2.705037,2.700486,0.247147,0.246732,1.986929,0.935635,0.544487
H2_128C_quantized_no_upsample,237-134493-0006.wav,generated_audios/generated_H2_128C_int8/237-134493-0006_generated.wav,4.395011,1.06508,1.06227,0.242338,0.241699,2.179298,0.944337,0.501348
H2_128C_quantized_no_upsample,237-134493-0007.wav,generated_audios/generated_H2_128C_int8/237-134493-0007_generated.wav,2.035011,0.491084,0.488586,0.241317,0.24009,2.129628,0.924271,0.513404
H2_128C_quantized_no_upsample,237-134493-0008.wav,generated_audios/generated_H2_128C_int8/237-134493-0008_generated.wav,2.305034,0.550172,0.547617,0.238683,0.237574,2.311415,0.923469,0.54839
H2_128C_quantized_no_upsample,237-134493-0009.wav,generated_audios/generated_H2_128C_int8/237-134493-0009_generated.wav,2.975011,0.76638,0.762758,0.257606,0.256388,1.944596,0.945773,0.563818
H2_128C_quantized_no_upsample,237-134493-0010.wav,generated_audios/generated_H2_128C_int8/237-134493-0010_generated.wav,2.875011,0.723504,0.720284,0.251653,0.250533,2.133181,0.922172,0.522858
H2_128C_quantized_no_upsample,237-134493-0011.wav,generated_audios/generated_H2_128C_int8/237-134493-0011_generated.wav,5.035011,1.33279,1.329253,0.264705,0.264002,2.090837,0.943121,0.519015
H2_128C_quantized_no_upsample,237-134493-0012.wav,generated_audios/generated_H2_128C_int8/237-134493-0012_generated.wav,3.66,0.885218,0.882431,0.241863,0.241101,2.082877,0.934278,0.544395
H2_128C_quantized_no_upsample,237-134493-0013.wav,generated_audios/generated_H2_128C_int8/237-134493-0013_generated.wav,4.090023,0.110127,0.106677,0.026926,0.026082,2.258776,0.929908,0.539974
H2_128C_quantized_no_upsample,237-134493-0014.wav,generated_audios/generated_H2_128C_int8/237-134493-0014_generated.wav,3.7,0.910629,0.907333,0.246116,0.245225,2.178521,0.947605,0.544631
H2_128C_quantized_no_upsample,237-134493-0015.wav,generated_audios/generated_H2_128C_int8/237-134493-0015_generated.wav,6.550023,0.192085,0.18863,0.029326,0.028798,1.905349,0.931924,0.540208
H2_128C_quantized_no_upsample,237-134493-0016.wav,generated_audios/generated_H2_128C_int8/237-134493-0016_generated.wav,10.085034,2.604205,2.600306,0.258225,0.257838,2.086803,0.946496,0.521414
H2_128C_quantized_no_upsample,237-134493-0017.wav,generated_audios/generated_H2_128C_int8/237-134493-0017_generated.wav,9.105034,2.34042,2.336695,0.257047,0.256638,2.348583,0.946899,0.516483
H2_128C_quantized_no_upsample,237-134493-0018.wav,generated_audios/generated_H2_128C_int8/237-134493-0018_generated.wav,4.790023,1.217559,1.21387,0.254187,0.253416,2.199811,0.95629,0.537348
H2_128C_quantized_no_upsample,237-134500-0000.wav,generated_audios/generated_H2_128C_int8/237-134500-0000_generated.wav,6.130023,1.548552,1.544852,0.252618,0.252014,2.180029,0.939873,0.570917
H2_128C_quantized_no_upsample,237-134500-0001.wav,generated_audios/generated_H2_128C_int8/237-134500-0001_generated.wav,1.810023,0.427092,0.423883,0.23596,0.234186,1.72787,0.921183,0.598534
H2_128C_quantized_no_upsample,237-134500-0002.wav,generated_audios/generated_H2_128C_int8/237-134500-0002_generated.wav,5.070023,1.294867,1.291531,0.255397,0.254739,2.22411,0.948218,0.527979
H2_128C_quantized_no_upsample,237-134500-0003.wav,generated_audios/generated_H2_128C_int8/237-134500-0003_generated.wav,3.170023,0.087738,0.084382,0.027677,0.026619,1.910415,0.93724,0.566527
H2_128C_quantized_no_upsample,237-134500-0004.wav,generated_audios/generated_H2_128C_int8/237-134500-0004_generated.wav,2.225034,0.073199,0.069989,0.032898,0.031455,2.375403,0.943241,0.525768
H2_128C_quantized_no_upsample,237-134500-0005.wav,generated_audios/generated_H2_128C_int8/237-134500-0005_generated.wav,2.390023,0.592159,0.589021,0.247763,0.24645,1.998721,0.919175,0.571836
H2_128C_quantized_no_upsample,237-134500-0006.wav,generated_audios/generated_H2_128C_int8/237-134500-0006_generated.wav,4.225034,1.017964,1.01457,0.240936,0.240133,1.906714,0.933929,0.578441
H2_128C_quantized_no_upsample,237-134500-0007.wav,generated_audios/generated_H2_128C_int8/237-134500-0007_generated.wav,2.390023,0.068648,0.065393,0.028723,0.027361,1.884664,0.91374,0.616302
H2_128C_quantized_no_upsample,237-134500-0008.wav,generated_audios/generated_H2_128C_int8/237-134500-0008_generated.wav,3.76,0.097728,0.094717,0.025991,0.025191,2.166705,0.915068,0.592407
H2_128C_quantized_no_upsample,237-134500-0009.wav,generated_audios/generated_H2_128C_int8/237-134500-0009_generated.wav,2.22,0.065923,0.062648,0.029695,0.02822,2.019453,0.909571,0.578466
H2_128C_quantized_no_upsample,237-134500-0010.wav,generated_audios/generated_H2_128C_int8/237-134500-0010_generated.wav,3.995011,1.024226,1.020802,0.256376,0.255519,1.739474,0.923745,0.56507
H2_128C_quantized_no_upsample,237-134500-0011.wav,generated_audios/generated_H2_128C_int8/237-134500-0011_generated.wav,3.350023,0.817397,0.810852,0.243997,0.242044,1.794483,0.909146,0.563658
H2_128C_quantized_no_upsample,237-134500-0012.wav,generated_audios/generated_H2_128C_int8/237-134500-0012_generated.wav,10.935011,2.84726,2.84382,0.26038,0.260066,1.988599,0.928501,0.584885
H2_128C_quantized_no_upsample,237-134500-0013.wav,generated_audios/generated_H2_128C_int8/237-134500-0013_generated.wav,10.56,0.29558,0.290977,0.027991,0.027555,2.149748,0.946084,0.550141
H2_128C_quantized_no_upsample,237-134500-0014.wav,generated_audios/generated_H2_128C_int8/237-134500-0014_generated.wav,4.250023,0.110649,0.107729,0.026035,0.025348,2.067715,0.933649,0.545088
H2_128C_quantized_no_upsample,237-134500-0015.wav,generated_audios/generated_H2_128C_int8/237-134500-0015_generated.wav,10.815011,2.759596,2.75612,0.255163,0.254842,2.169253,0.9471,0.567098
H2_128C_quantized_no_upsample,237-134500-0016.wav,generated_audios/generated_H2_128C_int8/237-134500-0016_generated.wav,3.16,0.094644,0.091546,0.029951,0.02897,1.654508,0.859915,0.634929
H2_128C_quantized_no_upsample,237-134500-0017.wav,generated_audios/generated_H2_128C_int8/237-134500-0017_generated.wav,2.18,0.064238,0.061158,0.029467,0.028054,1.957762,0.940275,0.575815
H2_128C_quantized_no_upsample,237-134500-0018.wav,generated_audios/generated_H2_128C_int8/237-134500-0018_generated.wav,12.845034,3.632513,3.628778,0.282795,0.282504,2.086342,0.940996,0.571918
H2_128C_quantized_no_upsample,237-134500-0019.wav,generated_audios/generated_H2_128C_int8/237-134500-0019_generated.wav,2.86,0.692004,0.688504,0.241959,0.240736,1.435723,0.934586,0.569505
H2_128C_quantized_no_upsample,237-134500-0020.wav,generated_audios/generated_H2_128C_int8/237-134500-0020_generated.wav,2.18,0.064304,0.061276,0.029497,0.028108,2.154794,0.954205,0.5995
H2_128C_quantized_no_upsample,237-134500-0021.wav,generated_audios/generated_H2_128C_int8/237-134500-0021_generated.wav,5.12,1.233034,1.229889,0.240827,0.240213,1.627385,0.858608,0.620623
H2_128C_quantized_no_upsample,237-134500-0022.wav,generated_audios/generated_H2_128C_int8/237-134500-0022_generated.wav,5.165034,1.268214,1.264798,0.245538,0.244877,1.830473,0.913505,0.611473
H2_128C_quantized_no_upsample,237-134500-0023.wav,generated_audios/generated_H2_128C_int8/237-134500-0023_generated.wav,3.06,0.787224,0.783872,0.257263,0.256167,1.979968,0.929603,0.596655
H2_128C_quantized_no_upsample,237-134500-0024.wav,generated_audios/generated_H2_128C_int8/237-134500-0024_generated.wav,4.410023,0.124484,0.121312,0.028227,0.027508,2.269091,0.941461,0.582306
H2_128C_quantized_no_upsample,237-134500-0025.wav,generated_audios/generated_H2_128C_int8/237-134500-0025_generated.wav,1.630023,0.388118,0.385076,0.238106,0.23624,1.923957,0.898483,0.651459
H2_128C_quantized_no_upsample,237-134500-0026.wav,generated_audios/generated_H2_128C_int8/237-134500-0026_generated.wav,3.050023,0.774185,0.770923,0.253829,0.25276,1.825988,0.913396,0.619268
H2_128C_quantized_no_upsample,237-134500-0027.wav,generated_audios/generated_H2_128C_int8/237-134500-0027_generated.wav,3.270023,0.852162,0.849405,0.260598,0.259755,2.248706,0.923035,0.58453
H2_128C_quantized_no_upsample,237-134500-0028.wav,generated_audios/generated_H2_128C_int8/237-134500-0028_generated.wav,4.524943,1.185248,1.182186,0.261937,0.26126,1.947973,0.918357,0.612523
H2_128C_quantized_no_upsample,237-134500-0029.wav,generated_audios/generated_H2_128C_int8/237-134500-0029_generated.wav,2.065034,0.504195,0.5013,0.244158,0.242756,1.866911,0.933722,0.551479
H2_128C_quantized_no_upsample,237-134500-0030.wav,generated_audios/generated_H2_128C_int8/237-134500-0030_generated.wav,2.78,0.724128,0.720879,0.260478,0.259309,1.97319,0.929764,0.612679
H2_128C_quantized_no_upsample,237-134500-0031.wav,generated_audios/generated_H2_128C_int8/237-134500-0031_generated.wav,10.610023,2.704041,2.699605,0.254857,0.254439,2.209765,0.94119,0.559506
H2_128C_quantized_no_upsample,237-134500-0032.wav,generated_audios/generated_H2_128C_int8/237-134500-0032_generated.wav,5.025034,0.148001,0.144134,0.029453,0.028683,2.077514,0.938868,0.568268
H2_128C_quantized_no_upsample,237-134500-0033.wav,generated_audios/generated_H2_128C_int8/237-134500-0033_generated.wav,6.350023,1.537642,1.534128,0.242147,0.241594,1.983754,0.918471,0.579309
H2_128C_quantized_no_upsample,237-134500-0034.wav,generated_audios/generated_H2_128C_int8/237-134500-0034_generated.wav,3.075011,0.741698,0.738274,0.241202,0.240088,2.191515,0.924981,0.584391
H2_128C_quantized_no_upsample,237-134500-0035.wav,generated_audios/generated_H2_128C_int8/237-134500-0035_generated.wav,2.555011,0.646748,0.643445,0.253129,0.251836,1.912084,0.926002,0.622011
H2_128C_quantized_no_upsample,237-134500-0036.wav,generated_audios/generated_H2_128C_int8/237-134500-0036_generated.wav,6.6,1.702822,1.698944,0.258003,0.257416,2.055852,0.933646,0.604469
H2_128C_quantized_no_upsample,237-134500-0037.wav,generated_audios/generated_H2_128C_int8/237-134500-0037_generated.wav,7.105034,1.812214,1.808804,0.255061,0.254581,1.590485,0.88562,0.625634
H2_128C_quantized_no_upsample,237-134500-0038.wav,generated_audios/generated_H2_128C_int8/237-134500-0038_generated.wav,2.435011,0.604974,0.601823,0.248448,0.247154,1.543274,0.886146,0.610414
H2_128C_quantized_no_upsample,237-134500-0039.wav,generated_audios/generated_H2_128C_int8/237-134500-0039_generated.wav,4.630023,1.190198,1.187162,0.257061,0.256405,1.768004,0.910053,0.627744
H2_128C_quantized_no_upsample,237-134500-0040.wav,generated_audios/generated_H2_128C_int8/237-134500-0040_generated.wav,4.030023,0.117161,0.113814,0.029072,0.028241,1.752995,0.92584,0.585393
H2_128C_quantized_no_upsample,237-134500-0041.wav,generated_audios/generated_H2_128C_int8/237-134500-0041_generated.wav,8.92,0.26711,0.263757,0.029945,0.029569,2.256199,0.947609,0.574452
H2_128C_quantized_no_upsample,237-134500-0042.wav,generated_audios/generated_H2_128C_int8/237-134500-0042_generated.wav,2.575011,0.639313,0.636115,0.248276,0.247034,1.809234,0.869586,0.66448
H2_128C_quantized_no_upsample,260-123286-0000.wav,generated_audios/generated_H2_128C_int8/260-123286-0000_generated.wav,7.04,1.764477,1.761459,0.250636,0.250207,1.82453,0.919742,0.981793
H2_128C_quantized_no_upsample,260-123286-0001.wav,generated_audios/generated_H2_128C_int8/260-123286-0001_generated.wav,3.070023,0.083866,0.080809,0.027318,0.026322,1.737708,0.922416,0.95017
H2_128C_quantized_no_upsample,260-123286-0002.wav,generated_audios/generated_H2_128C_int8/260-123286-0002_generated.wav,9.985034,2.586852,2.583241,0.259073,0.258711,1.747875,0.920643,0.806353
H2_128C_quantized_no_upsample,260-123286-0003.wav,generated_audios/generated_H2_128C_int8/260-123286-0003_generated.wav,7.370023,1.89376,1.88956,0.256954,0.256385,1.762681,0.903283,0.861533
H2_128C_quantized_no_upsample,260-123286-0004.wav,generated_audios/generated_H2_128C_int8/260-123286-0004_generated.wav,3.465034,0.884735,0.881362,0.255332,0.254359,1.652383,0.913073,0.990031
H2_128C_quantized_no_upsample,260-123286-0005.wav,generated_audios/generated_H2_128C_int8/260-123286-0005_generated.wav,4.810023,1.180808,1.17741,0.245489,0.244783,1.801491,0.899594,0.726998
H2_128C_quantized_no_upsample,260-123286-0006.wav,generated_audios/generated_H2_128C_int8/260-123286-0006_generated.wav,7.405034,1.889771,1.885918,0.255201,0.254681,1.801208,0.92955,0.695919
H2_128C_quantized_no_upsample,260-123286-0007.wav,generated_audios/generated_H2_128C_int8/260-123286-0007_generated.wav,4.550023,1.152845,1.149367,0.253371,0.252607,1.697639,0.924163,0.73017
H2_128C_quantized_no_upsample,260-123286-0008.wav,generated_audios/generated_H2_128C_int8/260-123286-0008_generated.wav,3.735011,0.91719,0.913904,0.245565,0.244686,1.706854,0.922018,0.775987
H2_128C_quantized_no_upsample,260-123286-0009.wav,generated_audios/generated_H2_128C_int8/260-123286-0009_generated.wav,5.795011,1.524093,1.520227,0.263001,0.262334,1.634498,0.913759,0.747745
H2_128C_quantized_no_upsample,260-123286-0010.wav,generated_audios/generated_H2_128C_int8/260-123286-0010_generated.wav,2.575011,0.074879,0.071686,0.029079,0.027839,1.697338,0.928141,0.963623
H2_128C_quantized_no_upsample,260-123286-0011.wav,generated_audios/generated_H2_128C_int8/260-123286-0011_generated.wav,4.255011,0.110473,0.107627,0.025963,0.025294,1.83942,0.914807,0.841199
H2_128C_quantized_no_upsample,260-123286-0012.wav,generated_audios/generated_H2_128C_int8/260-123286-0012_generated.wav,2.430023,0.068509,0.065361,0.028193,0.026897,1.856929,0.936654,0.91566
H2_128C_quantized_no_upsample,260-123286-0013.wav,generated_audios/generated_H2_128C_int8/260-123286-0013_generated.wav,4.730023,1.197015,1.19362,0.253068,0.25235,1.871763,0.917063,0.823689
H2_128C_quantized_no_upsample,260-123286-0014.wav,generated_audios/generated_H2_128C_int8/260-123286-0014_generated.wav,2.98,0.087174,0.084108,0.029253,0.028224,1.501007,0.906519,0.967067
H2_128C_quantized_no_upsample,260-123286-0015.wav,generated_audios/generated_H2_128C_int8/260-123286-0015_generated.wav,5.210023,1.356892,1.353469,0.260439,0.259782,1.666974,0.922597,0.892862
H2_128C_quantized_no_upsample,260-123286-0016.wav,generated_audios/generated_H2_128C_int8/260-123286-0016_generated.wav,7.0,1.806046,1.803006,0.258007,0.257572,1.724984,0.924602,0.717267
H2_128C_quantized_no_upsample,260-123286-0017.wav,generated_audios/generated_H2_128C_int8/260-123286-0017_generated.wav,3.975011,0.963564,0.95984,0.242405,0.241469,1.821543,0.915957,0.786551
H2_128C_quantized_no_upsample,260-123286-0018.wav,generated_audios/generated_H2_128C_int8/260-123286-0018_generated.wav,5.670023,1.470852,1.46724,0.259409,0.258772,1.804765,0.91215,0.680561
H2_128C_quantized_no_upsample,260-123286-0019.wav,generated_audios/generated_H2_128C_int8/260-123286-0019_generated.wav,11.905034,3.377741,3.373817,0.283724,0.283394,1.793006,0.922876,0.740245
H2_128C_quantized_no_upsample,260-123286-0020.wav,generated_audios/generated_H2_128C_int8/260-123286-0020_generated.wav,3.06,0.084014,0.080436,0.027456,0.026286,1.887334,0.927688,1.263123
H2_128C_quantized_no_upsample,260-123286-0021.wav,generated_audios/generated_H2_128C_int8/260-123286-0021_generated.wav,2.550023,0.639014,0.635913,0.250592,0.249376,1.756525,0.940903,0.929606
H2_128C_quantized_no_upsample,260-123286-0022.wav,generated_audios/generated_H2_128C_int8/260-123286-0022_generated.wav,3.235011,0.813941,0.810787,0.251604,0.250629,1.704432,0.929999,0.880458
H2_128C_quantized_no_upsample,260-123286-0023.wav,generated_audios/generated_H2_128C_int8/260-123286-0023_generated.wav,5.875011,1.533402,1.52983,0.261004,0.260396,1.701416,0.918912,0.628296
H2_128C_quantized_no_upsample,260-123286-0024.wav,generated_audios/generated_H2_128C_int8/260-123286-0024_generated.wav,3.04,0.76195,0.758584,0.250641,0.249534,2.030393,0.927658,0.754225
H2_128C_quantized_no_upsample,260-123286-0025.wav,generated_audios/generated_H2_128C_int8/260-123286-0025_generated.wav,9.205034,2.246073,2.242775,0.244005,0.243647,1.781514,0.912829,0.706493
H2_128C_quantized_no_upsample,260-123286-0026.wav,generated_audios/generated_H2_128C_int8/260-123286-0026_generated.wav,6.94,1.700462,1.697079,0.245023,0.244536,1.743077,0.915296,0.6495
H2_128C_quantized_no_upsample,260-123286-0027.wav,generated_audios/generated_H2_128C_int8/260-123286-0027_generated.wav,7.170023,1.872005,1.86868,0.261088,0.260624,1.718622,0.908778,0.599342
H2_128C_quantized_no_upsample,260-123286-0028.wav,generated_audios/generated_H2_128C_int8/260-123286-0028_generated.wav,7.465034,1.84313,1.839761,0.246902,0.24645,1.690872,0.903123,0.706671
H2_128C_quantized_no_upsample,260-123286-0029.wav,generated_audios/generated_H2_128C_int8/260-123286-0029_generated.wav,4.545034,0.117611,0.114093,0.025877,0.025103,1.696783,0.908194,0.760417
H2_128C_quantized_no_upsample,260-123286-0030.wav,generated_audios/generated_H2_128C_int8/260-123286-0030_generated.wav,7.530023,0.212925,0.209074,0.028277,0.027765,1.79161,0.917083,0.744213
H2_128C_quantized_no_upsample,260-123286-0031.wav,generated_audios/generated_H2_128C_int8/260-123286-0031_generated.wav,5.06,1.230551,1.227535,0.243192,0.242596,1.705099,0.930606,0.967537
H2_128C_quantized_no_upsample,260-123288-0000.wav,generated_audios/generated_H2_128C_int8/260-123288-0000_generated.wav,3.04,0.083076,0.079786,0.027328,0.026245,1.833369,0.912464,0.910584
H2_128C_quantized_no_upsample,260-123288-0001.wav,generated_audios/generated_H2_128C_int8/260-123288-0001_generated.wav,5.08,0.140319,0.137059,0.027622,0.02698,1.650155,0.917902,1.107651
H2_128C_quantized_no_upsample,260-123288-0002.wav,generated_audios/generated_H2_128C_int8/260-123288-0002_generated.wav,7.250023,1.786168,1.782398,0.246367,0.245847,1.829259,0.912461,0.707225
H2_128C_quantized_no_upsample,260-123288-0003.wav,generated_audios/generated_H2_128C_int8/260-123288-0003_generated.wav,8.905034,2.2681,2.263601,0.254699,0.254193,1.675127,0.921928,0.705511
H2_128C_quantized_no_upsample,260-123288-0004.wav,generated_audios/generated_H2_128C_int8/260-123288-0004_generated.wav,4.310023,1.092876,1.089473,0.253566,0.252777,1.751602,0.892911,1.232279
H2_128C_quantized_no_upsample,260-123288-0005.wav,generated_audios/generated_H2_128C_int8/260-123288-0005_generated.wav,12.550023,3.359942,3.355633,0.267724,0.267381,1.671176,0.912367,0.725074
H2_128C_quantized_no_upsample,260-123288-0006.wav,generated_audios/generated_H2_128C_int8/260-123288-0006_generated.wav,4.88,1.202763,1.199684,0.246468,0.245837,1.752588,0.914415,0.828832
H2_128C_quantized_no_upsample,260-123288-0007.wav,generated_audios/generated_H2_128C_int8/260-123288-0007_generated.wav,11.2,2.944283,2.940737,0.262882,0.262566,1.783658,0.916087,0.707965
H2_128C_quantized_no_upsample,260-123288-0008.wav,generated_audios/generated_H2_128C_int8/260-123288-0008_generated.wav,5.515011,1.406993,1.403842,0.255121,0.254549,1.901386,0.922954,0.673732
H2_128C_quantized_no_upsample,260-123288-0009.wav,generated_audios/generated_H2_128C_int8/260-123288-0009_generated.wav,3.435011,0.86965,0.866098,0.253172,0.252138,1.821166,0.911464,0.823641
H2_128C_quantized_no_upsample,260-123288-0010.wav,generated_audios/generated_H2_128C_int8/260-123288-0010_generated.wav,9.995011,0.239191,0.235659,0.023931,0.023578,1.754985,0.914666,0.728869
H2_128C_quantized_no_upsample,260-123288-0011.wav,generated_audios/generated_H2_128C_int8/260-123288-0011_generated.wav,8.98,2.3461,2.34182,0.261258,0.260782,1.795617,0.916434,0.702682
H2_128C_quantized_no_upsample,260-123288-0012.wav,generated_audios/generated_H2_128C_int8/260-123288-0012_generated.wav,3.545034,0.899414,0.896022,0.253711,0.252754,1.641438,0.910308,0.887843
H2_128C_quantized_no_upsample,260-123288-0013.wav,generated_audios/generated_H2_128C_int8/260-123288-0013_generated.wav,11.385079,3.225421,3.220233,0.283302,0.282847,1.783993,0.914248,0.643695
H2_128C_quantized_no_upsample,260-123288-0014.wav,generated_audios/generated_H2_128C_int8/260-123288-0014_generated.wav,1.805034,0.063785,0.060534,0.035337,0.033536,1.801535,0.905322,0.840585
H2_128C_quantized_no_upsample,260-123288-0015.wav,generated_audios/generated_H2_128C_int8/260-123288-0015_generated.wav,21.185034,5.590607,5.585363,0.263894,0.263647,1.781529,0.921694,0.791679
H2_128C_quantized_no_upsample,260-123288-0016.wav,generated_audios/generated_H2_128C_int8/260-123288-0016_generated.wav,4.865034,1.266957,1.263988,0.260421,0.259811,1.91038,0.904123,0.855806
H2_128C_quantized_no_upsample,260-123288-0017.wav,generated_audios/generated_H2_128C_int8/260-123288-0017_generated.wav,5.225034,1.290633,1.287337,0.247009,0.246379,1.730701,0.931758,0.703068
H2_128C_quantized_no_upsample,260-123288-0018.wav,generated_audios/generated_H2_128C_int8/260-123288-0018_generated.wav,3.245034,0.822322,0.818989,0.253409,0.252382,1.79705,0.909739,0.674934
H2_128C_quantized_no_upsample,260-123288-0019.wav,generated_audios/generated_H2_128C_int8/260-123288-0019_generated.wav,2.955011,0.091021,0.087752,0.030802,0.029696,1.670104,0.920956,0.932941
H2_128C_quantized_no_upsample,260-123288-0020.wav,generated_audios/generated_H2_128C_int8/260-123288-0020_generated.wav,2.9,0.732788,0.729565,0.252685,0.251574,1.642987,0.922025,0.83132
H2_128C_quantized_no_upsample,260-123288-0021.wav,generated_audios/generated_H2_128C_int8/260-123288-0021_generated.wav,2.710023,0.08354,0.080421,0.030826,0.029676,1.798839,0.915181,0.800436
H2_128C_quantized_no_upsample,260-123288-0022.wav,generated_audios/generated_H2_128C_int8/260-123288-0022_generated.wav,3.705034,0.942162,0.938897,0.254292,0.253411,1.667467,0.903191,0.845545
H2_128C_quantized_no_upsample,260-123288-0023.wav,generated_audios/generated_H2_128C_int8/260-123288-0023_generated.wav,2.385034,0.078727,0.075217,0.033009,0.031537,1.646144,0.892553,1.039134
H2_128C_quantized_no_upsample,260-123288-0024.wav,generated_audios/generated_H2_128C_int8/260-123288-0024_generated.wav,14.595011,3.938853,3.934055,0.269877,0.269548,1.105105,0.816088,1.587863
H2_128C_quantized_no_upsample,260-123288-0025.wav,generated_audios/generated_H2_128C_int8/260-123288-0025_generated.wav,13.445034,3.689305,3.685301,0.274399,0.274101,1.137812,0.824856,1.7144
H2_128C_quantized_no_upsample,260-123288-0026.wav,generated_audios/generated_H2_128C_int8/260-123288-0026_generated.wav,16.04,4.541639,4.536727,0.283145,0.282838,1.105048,0.816202,1.612499
H2_128C_quantized_no_upsample,260-123288-0027.wav,generated_audios/generated_H2_128C_int8/260-123288-0027_generated.wav,6.305034,1.533795,1.530021,0.243265,0.242667,1.132838,0.828112,1.745791
H2_128C_quantized_no_upsample,260-123288-0028.wav,generated_audios/generated_H2_128C_int8/260-123288-0028_generated.wav,2.610023,0.663735,0.660334,0.254302,0.252999,1.113065,0.835926,2.087142
H2_128C_quantized_no_upsample,260-123440-0000.wav,generated_audios/generated_H2_128C_int8/260-123440-0000_generated.wav,2.165034,0.526515,0.523992,0.24319,0.242025,1.064488,0.790729,1.729376
H2_128C_quantized_no_upsample,260-123440-0001.wav,generated_audios/generated_H2_128C_int8/260-123440-0001_generated.wav,1.74,0.414796,0.411728,0.238389,0.236626,1.116435,0.817093,2.687145
H2_128C_quantized_no_upsample,260-123440-0002.wav,generated_audios/generated_H2_128C_int8/260-123440-0002_generated.wav,14.715011,4.070328,4.063584,0.276611,0.276152,1.116559,0.815849,1.685563
H2_128C_quantized_no_upsample,260-123440-0003.wav,generated_audios/generated_H2_128C_int8/260-123440-0003_generated.wav,3.585034,0.917563,0.913932,0.255943,0.25493,1.134567,0.829605,1.600088
H2_128C_quantized_no_upsample,260-123440-0004.wav,generated_audios/generated_H2_128C_int8/260-123440-0004_generated.wav,12.02,3.203464,3.199741,0.266511,0.266201,1.094334,0.806115,1.74118
H2_128C_quantized_no_upsample,260-123440-0005.wav,generated_audios/generated_H2_128C_int8/260-123440-0005_generated.wav,3.105034,0.094375,0.090954,0.030394,0.029293,1.114727,0.809949,1.543287
H2_128C_quantized_no_upsample,260-123440-0006.wav,generated_audios/generated_H2_128C_int8/260-123440-0006_generated.wav,2.715011,0.074904,0.071688,0.027589,0.026404,1.096422,0.778053,1.587771
H2_128C_quantized_no_upsample,260-123440-0007.wav,generated_audios/generated_H2_128C_int8/260-123440-0007_generated.wav,3.385034,0.855589,0.852314,0.252756,0.251789,1.087732,0.804721,1.812507
H2_128C_quantized_no_upsample,260-123440-0008.wav,generated_audios/generated_H2_128C_int8/260-123440-0008_generated.wav,3.745034,0.962915,0.95966,0.257118,0.256249,1.105129,0.802087,1.589554
H2_128C_quantized_no_upsample,260-123440-0009.wav,generated_audios/generated_H2_128C_int8/260-123440-0009_generated.wav,3.115011,0.803046,0.799632,0.257799,0.256703,1.126247,0.865272,1.908495
H2_128C_quantized_no_upsample,260-123440-0010.wav,generated_audios/generated_H2_128C_int8/260-123440-0010_generated.wav,8.315011,2.147241,2.143053,0.258237,0.257733,1.110502,0.787761,1.435253
H2_128C_quantized_no_upsample,260-123440-0011.wav,generated_audios/generated_H2_128C_int8/260-123440-0011_generated.wav,4.870023,0.124348,0.121373,0.025533,0.024922,1.127123,0.8432,1.604499
H2_128C_quantized_no_upsample,260-123440-0012.wav,generated_audios/generated_H2_128C_int8/260-123440-0012_generated.wav,5.245034,1.32101,1.317349,0.251859,0.251161,1.097003,0.816646,1.656222
H2_128C_quantized_no_upsample,260-123440-0013.wav,generated_audios/generated_H2_128C_int8/260-123440-0013_generated.wav,3.475011,0.879318,0.875823,0.25304,0.252034,1.136527,0.832409,1.73596
H2_128C_quantized_no_upsample,260-123440-0014.wav,generated_audios/generated_H2_128C_int8/260-123440-0014_generated.wav,3.815011,0.972724,0.96948,0.254973,0.254123,1.176432,0.848541,1.760042
H2_128C_quantized_no_upsample,260-123440-0015.wav,generated_audios/generated_H2_128C_int8/260-123440-0015_generated.wav,6.2,0.189383,0.185629,0.030546,0.02994,1.136842,0.831266,1.390178
H2_128C_quantized_no_upsample,260-123440-0016.wav,generated_audios/generated_H2_128C_int8/260-123440-0016_generated.wav,4.895011,1.268002,1.264409,0.25904,0.258306,1.138523,0.858558,1.41367
H2_128C_quantized_no_upsample,260-123440-0017.wav,generated_audios/generated_H2_128C_int8/260-123440-0017_generated.wav,3.070023,0.099505,0.096124,0.032412,0.03131,1.083053,0.786754,1.614428
H2_128C_quantized_no_upsample,260-123440-0018.wav,generated_audios/generated_H2_128C_int8/260-123440-0018_generated.wav,3.64,0.948927,0.94564,0.260694,0.259791,1.139487,0.847189,1.809435
H2_128C_quantized_no_upsample,260-123440-0019.wav,generated_audios/generated_H2_128C_int8/260-123440-0019_generated.wav,6.630023,1.767661,1.764077,0.266615,0.266074,1.09735,0.806636,1.509778
H2_128C_quantized_no_upsample,260-123440-0020.wav,generated_audios/generated_H2_128C_int8/260-123440-0020_generated.wav,4.995011,1.295093,1.292129,0.259277,0.258684,1.104177,0.819944,1.704891
H2_128C_quantized_no_upsample,61-70968-0000.wav,generated_audios/generated_H2_128C_int8/61-70968-0000_generated.wav,4.905034,1.28001,1.276444,0.260959,0.260232,1.071824,0.817351,1.397944
H2_128C_quantized_no_upsample,61-70968-0001.wav,generated_audios/generated_H2_128C_int8/61-70968-0001_generated.wav,3.610023,0.932458,0.929074,0.258297,0.25736,1.073642,0.772718,1.340227
H2_128C_quantized_no_upsample,61-70968-0002.wav,generated_audios/generated_H2_128C_int8/61-70968-0002_generated.wav,2.970023,0.753474,0.750047,0.253693,0.252539,1.113768,0.781068,1.365035
H2_128C_quantized_no_upsample,61-70968-0003.wav,generated_audios/generated_H2_128C_int8/61-70968-0003_generated.wav,4.315011,0.1135,0.109844,0.026303,0.025456,1.143175,0.802865,1.36621
H2_128C_quantized_no_upsample,61-70968-0004.wav,generated_audios/generated_H2_128C_int8/61-70968-0004_generated.wav,3.885034,1.005766,1.002508,0.258882,0.258044,1.108956,0.829331,1.344977
H2_128C_quantized_no_upsample,61-70968-0005.wav,generated_audios/generated_H2_128C_int8/61-70968-0005_generated.wav,5.070023,0.143762,0.140212,0.028355,0.027655,1.05935,0.745283,1.411981
H2_128C_quantized_no_upsample,61-70968-0006.wav,generated_audios/generated_H2_128C_int8/61-70968-0006_generated.wav,2.935011,0.714919,0.71163,0.243583,0.242462,1.119143,0.825858,1.388565
H2_128C_quantized_no_upsample,61-70968-0007.wav,generated_audios/generated_H2_128C_int8/61-70968-0007_generated.wav,3.550023,0.09734,0.093992,0.027419,0.026476,1.065235,0.674449,1.383577
H2_128C_quantized_no_upsample,61-70968-0008.wav,generated_audios/generated_H2_128C_int8/61-70968-0008_generated.wav,3.535011,0.105798,0.102446,0.029929,0.02898,1.06006,0.775665,1.29912
H2_128C_quantized_no_upsample,61-70968-0009.wav,generated_audios/generated_H2_128C_int8/61-70968-0009_generated.wav,4.510023,1.165637,1.162112,0.258455,0.257673,1.097049,0.751116,1.505396
H2_128C_quantized_no_upsample,61-70968-0010.wav,generated_audios/generated_H2_128C_int8/61-70968-0010_generated.wav,8.295011,2.030291,2.026939,0.24476,0.244356,1.095316,0.795543,1.394077
H2_128C_quantized_no_upsample,61-70968-0011.wav,generated_audios/generated_H2_128C_int8/61-70968-0011_generated.wav,6.375011,1.552572,1.548867,0.24354,0.242959,1.120733,0.804998,1.318303
H2_128C_quantized_no_upsample,61-70968-0012.wav,generated_audios/generated_H2_128C_int8/61-70968-0012_generated.wav,2.610023,0.074579,0.071126,0.028574,0.027251,1.22546,0.903381,1.184208
H2_128C_quantized_no_upsample,61-70968-0013.wav,generated_audios/generated_H2_128C_int8/61-70968-0013_generated.wav,4.450023,0.126323,0.12288,0.028387,0.027613,1.141325,0.809223,1.342899
H2_128C_quantized_no_upsample,61-70968-0014.wav,generated_audios/generated_H2_128C_int8/61-70968-0014_generated.wav,7.485034,1.926601,1.922596,0.257394,0.256859,1.097666,0.812692,1.394357
H2_128C_quantized_no_upsample,61-70968-0015.wav,generated_audios/generated_H2_128C_int8/61-70968-0015_generated.wav,5.375011,1.311492,1.30854,0.243998,0.243449,1.127273,0.824065,1.343226
H2_128C_quantized_no_upsample,61-70968-0016.wav,generated_audios/generated_H2_128C_int8/61-70968-0016_generated.wav,3.72,0.958049,0.955243,0.25754,0.256786,1.166204,0.853583,1.22976
H2_128C_quantized_no_upsample,61-70968-0017.wav,generated_audios/generated_H2_128C_int8/61-70968-0017_generated.wav,5.110023,1.329711,1.326383,0.260216,0.259565,1.116353,0.825501,1.312549
H2_128C_quantized_no_upsample,61-70968-0018.wav,generated_audios/generated_H2_128C_int8/61-70968-0018_generated.wav,2.405034,0.609425,0.606114,0.253395,0.252019,1.128887,0.858333,1.365707
H2_128C_quantized_no_upsample,61-70968-0019.wav,generated_audios/generated_H2_128C_int8/61-70968-0019_generated.wav,5.475011,1.361784,1.35849,0.248727,0.248125,1.095464,0.818577,1.354486
H2_128C_quantized_no_upsample,61-70968-0020.wav,generated_audios/generated_H2_128C_int8/61-70968-0020_generated.wav,5.105034,1.368439,1.364995,0.268057,0.267382,1.165012,0.811499,1.1386
H2_128C_quantized_no_upsample,61-70968-0021.wav,generated_audios/generated_H2_128C_int8/61-70968-0021_generated.wav,2.690023,0.643408,0.640028,0.239183,0.237927,1.152146,0.806367,1.293135
H2_128C_quantized_no_upsample,61-70968-0022.wav,generated_audios/generated_H2_128C_int8/61-70968-0022_generated.wav,4.670023,0.150255,0.146613,0.032174,0.031395,1.066251,0.759015,1.414738
H2_128C_quantized_no_upsample,61-70968-0023.wav,generated_audios/generated_H2_128C_int8/61-70968-0023_generated.wav,5.025034,0.14926,0.145927,0.029703,0.02904,1.203922,0.843108,1.224115
H2_128C_quantized_no_upsample,61-70968-0024.wav,generated_audios/generated_H2_128C_int8/61-70968-0024_generated.wav,6.025034,1.546026,1.54297,0.2566,0.256093,1.167401,0.814211,1.196174
H2_128C_quantized_no_upsample,61-70968-0025.wav,generated_audios/generated_H2_128C_int8/61-70968-0025_generated.wav,4.410023,0.12404,0.12037,0.028127,0.027295,1.162561,0.843095,1.224641
H2_128C_quantized_no_upsample,61-70968-0026.wav,generated_audios/generated_H2_128C_int8/61-70968-0026_generated.wav,4.92,1.205744,1.202141,0.24507,0.244338,1.158597,0.851979,1.28641
H2_128C_quantized_no_upsample,61-70968-0027.wav,generated_audios/generated_H2_128C_int8/61-70968-0027_generated.wav,6.870023,1.705191,1.70131,0.248207,0.247643,1.136635,0.82341,1.313737
H2_128C_quantized_no_upsample,61-70968-0028.wav,generated_audios/generated_H2_128C_int8/61-70968-0028_generated.wav,5.355011,1.415957,1.412692,0.264417,0.263807,1.136172,0.846564,1.293227
H2_128C_quantized_no_upsample,61-70968-0029.wav,generated_audios/generated_H2_128C_int8/61-70968-0029_generated.wav,3.495011,0.906453,0.903428,0.259356,0.258491,1.128452,0.807681,1.299508
H2_128C_quantized_no_upsample,61-70968-0030.wav,generated_audios/generated_H2_128C_int8/61-70968-0030_generated.wav,5.685034,1.420757,1.417242,0.249912,0.249293,1.134394,0.828725,1.233695
H2_128C_quantized_no_upsample,61-70968-0031.wav,generated_audios/generated_H2_128C_int8/61-70968-0031_generated.wav,2.925034,0.763737,0.760497,0.261104,0.259996,1.069588,0.774182,1.338436
H2_128C_quantized_no_upsample,61-70968-0032.wav,generated_audios/generated_H2_128C_int8/61-70968-0032_generated.wav,4.28,0.122568,0.119717,0.028637,0.027971,1.171699,0.806481,1.331875
H2_128C_quantized_no_upsample,61-70968-0033.wav,generated_audios/generated_H2_128C_int8/61-70968-0033_generated.wav,5.685034,0.141898,0.138089,0.02496,0.02429,1.14347,0.860329,1.327085
H2_128C_quantized_no_upsample,61-70968-0034.wav,generated_audios/generated_H2_128C_int8/61-70968-0034_generated.wav,4.230023,1.098635,1.094958,0.259723,0.258854,1.151014,0.859501,1.184546
H2_128C_quantized_no_upsample,61-70968-0035.wav,generated_audios/generated_H2_128C_int8/61-70968-0035_generated.wav,7.950023,1.959963,1.956708,0.246536,0.246126,1.111089,0.806565,1.284959
H2_128C_quantized_no_upsample,61-70968-0036.wav,generated_audios/generated_H2_128C_int8/61-70968-0036_generated.wav,2.934966,0.082555,0.079155,0.028128,0.02697,1.16907,0.834675,1.273951
H2_128C_quantized_no_upsample,61-70968-0037.wav,generated_audios/generated_H2_128C_int8/61-70968-0037_generated.wav,4.315011,0.110972,0.107954,0.025718,0.025018,1.084591,0.7335,1.441602
H2_128C_quantized_no_upsample,61-70968-0038.wav,generated_audios/generated_H2_128C_int8/61-70968-0038_generated.wav,2.050023,0.506451,0.503336,0.247047,0.245527,1.178311,0.693582,1.594879
H2_128C_quantized_no_upsample,61-70968-0039.wav,generated_audios/generated_H2_128C_int8/61-70968-0039_generated.wav,3.805034,0.936673,0.933664,0.246167,0.245376,1.123251,0.810244,1.401336
H2_128C_quantized_no_upsample,61-70968-0040.wav,generated_audios/generated_H2_128C_int8/61-70968-0040_generated.wav,3.950023,1.028001,1.024478,0.260252,0.25936,1.131098,0.818298,1.361313
H2_128C_quantized_no_upsample,61-70968-0041.wav,generated_audios/generated_H2_128C_int8/61-70968-0041_generated.wav,6.825034,0.187086,0.183449,0.027412,0.026879,1.123777,0.817449,1.340923
H2_128C_quantized_no_upsample,61-70968-0042.wav,generated_audios/generated_H2_128C_int8/61-70968-0042_generated.wav,2.785034,0.087498,0.084619,0.031417,0.030383,1.10081,0.792912,1.357893
H2_128C_quantized_no_upsample,61-70968-0043.wav,generated_audios/generated_H2_128C_int8/61-70968-0043_generated.wav,6.735011,1.750875,1.7476,0.259966,0.25948,1.082797,0.763578,1.330888
H2_128C_quantized_no_upsample,61-70968-0044.wav,generated_audios/generated_H2_128C_int8/61-70968-0044_generated.wav,2.770023,0.086759,0.083506,0.031321,0.030146,1.076028,0.8032,1.37716
H2_128C_quantized_no_upsample,61-70968-0045.wav,generated_audios/generated_H2_128C_int8/61-70968-0045_generated.wav,3.475011,0.092447,0.089095,0.026603,0.025639,1.096315,0.795937,1.358281
H2_128C_quantized_no_upsample,61-70968-0046.wav,generated_audios/generated_H2_128C_int8/61-70968-0046_generated.wav,3.550023,0.093447,0.090157,0.026323,0.025396,1.11561,0.814884,1.381346
H2_128C_quantized_no_upsample,61-70968-0047.wav,generated_audios/generated_H2_128C_int8/61-70968-0047_generated.wav,4.775011,1.173997,1.171016,0.245863,0.245238,1.110807,0.820063,1.302611
H2_128C_quantized_no_upsample,61-70968-0048.wav,generated_audios/generated_H2_128C_int8/61-70968-0048_generated.wav,3.02,0.776572,0.773125,0.257143,0.256002,1.101056,0.757712,1.509596
H2_128C_quantized_no_upsample,61-70968-0049.wav,generated_audios/generated_H2_128C_int8/61-70968-0049_generated.wav,8.250023,2.1494,2.14581,0.260533,0.260097,1.112285,0.785595,1.372945
H2_128C_quantized_no_upsample,61-70968-0050.wav,generated_audios/generated_H2_128C_int8/61-70968-0050_generated.wav,5.58,1.37266,1.368787,0.245996,0.245302,1.108209,0.780312,1.414138
H2_128C_quantized_no_upsample,61-70968-0051.wav,generated_audios/generated_H2_128C_int8/61-70968-0051_generated.wav,3.135011,0.767035,0.763617,0.244667,0.243577,1.108988,0.811093,1.396278
H2_128C_quantized_no_upsample,61-70968-0052.wav,generated_audios/generated_H2_128C_int8/61-70968-0052_generated.wav,2.650023,0.652704,0.649501,0.246301,0.245093,1.1993,0.820885,1.198425
H2_128C_quantized_no_upsample,61-70968-0053.wav,generated_audios/generated_H2_128C_int8/61-70968-0053_generated.wav,4.22,0.136525,0.132824,0.032352,0.031475,1.097385,0.779255,1.454474
H2_128C_quantized_no_upsample,61-70968-0054.wav,generated_audios/generated_H2_128C_int8/61-70968-0054_generated.wav,7.86,2.060682,2.057334,0.262173,0.261747,1.107637,0.822059,1.308759
H2_128C_quantized_no_upsample,61-70968-0055.wav,generated_audios/generated_H2_128C_int8/61-70968-0055_generated.wav,3.965034,0.117255,0.113702,0.029572,0.028676,1.152204,0.805348,1.341957
H2_128C_quantized_no_upsample,61-70968-0056.wav,generated_audios/generated_H2_128C_int8/61-70968-0056_generated.wav,3.565034,0.926984,0.923497,0.260021,0.259043,1.143145,0.821681,1.316424
H2_128C_quantized_no_upsample,61-70968-0057.wav,generated_audios/generated_H2_128C_int8/61-70968-0057_generated.wav,5.065034,0.127565,0.12387,0.025185,0.024456,1.071859,0.776229,1.34235
H2_128C_quantized_no_upsample,61-70968-0058.wav,generated_audios/generated_H2_128C_int8/61-70968-0058_generated.wav,1.82,0.43893,0.435782,0.24117,0.239441,1.070853,0.763325,1.420008
H2_128C_quantized_no_upsample,61-70968-0059.wav,generated_audios/generated_H2_128C_int8/61-70968-0059_generated.wav,2.170023,0.071462,0.068165,0.032931,0.031412,1.11543,0.842907,1.460071
H2_128C_quantized_no_upsample,61-70968-0060.wav,generated_audios/generated_H2_128C_int8/61-70968-0060_generated.wav,3.735011,0.12099,0.117782,0.032394,0.031535,1.234626,0.838843,1.177473
H2_128C_quantized_no_upsample,61-70968-0061.wav,generated_audios/generated_H2_128C_int8/61-70968-0061_generated.wav,5.530023,1.44451,1.440713,0.261212,0.260526,1.055956,0.766831,1.646009
H2_128C_quantized_no_upsample,61-70968-0062.wav,generated_audios/generated_H2_128C_int8/61-70968-0062_generated.wav,2.555011,0.080522,0.077423,0.031515,0.030302,1.118602,0.806043,1.321318
H2_128C_quantized_no_upsample,61-70970-0000.wav,generated_audios/generated_H2_128C_int8/61-70970-0000_generated.wav,6.075011,1.631911,1.628715,0.268627,0.268101,1.14388,0.844552,1.258564
H2_128C_quantized_no_upsample,61-70970-0001.wav,generated_audios/generated_H2_128C_int8/61-70970-0001_generated.wav,6.155011,1.643381,1.640177,0.266999,0.266478,1.19607,0.853001,1.283151
H2_128C_quantized_no_upsample,61-70970-0002.wav,generated_audios/generated_H2_128C_int8/61-70970-0002_generated.wav,4.165034,1.110542,1.106971,0.266634,0.265777,1.155926,0.782343,1.435928
H2_128C_quantized_no_upsample,61-70970-0003.wav,generated_audios/generated_H2_128C_int8/61-70970-0003_generated.wav,3.835011,0.990111,0.986492,0.258177,0.257233,1.178947,0.802862,1.228278
H2_128C_quantized_no_upsample,61-70970-0004.wav,generated_audios/generated_H2_128C_int8/61-70970-0004_generated.wav,10.515011,2.878913,2.875603,0.273791,0.273476,1.171372,0.830731,1.202957
H2_128C_quantized_no_upsample,61-70970-0005.wav,generated_audios/generated_H2_128C_int8/61-70970-0005_generated.wav,2.02,0.526734,0.52409,0.260759,0.259451,1.185925,0.810252,1.466516
H2_128C_quantized_no_upsample,61-70970-0006.wav,generated_audios/generated_H2_128C_int8/61-70970-0006_generated.wav,2.335011,0.629109,0.625903,0.269424,0.268051,1.1759,0.821899,1.385154
H2_128C_quantized_no_upsample,61-70970-0007.wav,generated_audios/generated_H2_128C_int8/61-70970-0007_generated.wav,4.485034,1.246635,1.24324,0.277954,0.277197,1.15959,0.800801,1.400669
H2_128C_quantized_no_upsample,61-70970-0008.wav,generated_audios/generated_H2_128C_int8/61-70970-0008_generated.wav,2.150023,0.560903,0.557657,0.260882,0.259372,1.223338,0.829948,1.353217
H2_128C_quantized_no_upsample,61-70970-0009.wav,generated_audios/generated_H2_128C_int8/61-70970-0009_generated.wav,3.405034,0.954451,0.95132,0.280306,0.279386,1.200972,0.854098,1.122908
H2_128C_quantized_no_upsample,61-70970-0010.wav,generated_audios/generated_H2_128C_int8/61-70970-0010_generated.wav,3.045034,0.096806,0.093439,0.031791,0.030686,1.158399,0.828017,1.268018
H2_128C_quantized_no_upsample,61-70970-0011.wav,generated_audios/generated_H2_128C_int8/61-70970-0011_generated.wav,6.075011,0.147016,0.143861,0.0242,0.023681,1.125553,0.77838,1.268112
H2_128C_quantized_no_upsample,61-70970-0012.wav,generated_audios/generated_H2_128C_int8/61-70970-0012_generated.wav,3.135011,0.085028,0.081616,0.027122,0.026034,1.133298,0.846351,1.246531
H2_128C_quantized_no_upsample,61-70970-0013.wav,generated_audios/generated_H2_128C_int8/61-70970-0013_generated.wav,4.350023,1.232825,1.229283,0.283407,0.282592,1.12591,0.829117,1.383099
H2_128C_quantized_no_upsample,61-70970-0014.wav,generated_audios/generated_H2_128C_int8/61-70970-0014_generated.wav,3.405034,0.092121,0.088523,0.027054,0.025998,1.192622,0.852202,1.262683
H2_128C_quantized_no_upsample,61-70970-0015.wav,generated_audios/generated_H2_128C_int8/61-70970-0015_generated.wav,8.415011,2.409172,2.405159,0.286295,0.285818,1.118138,0.827238,1.362061
H2_128C_quantized_no_upsample,61-70970-0016.wav,generated_audios/generated_H2_128C_int8/61-70970-0016_generated.wav,4.370023,1.253594,1.250563,0.286862,0.286168,1.132525,0.839997,1.346036
H2_128C_quantized_no_upsample,61-70970-0017.wav,generated_audios/generated_H2_128C_int8/61-70970-0017_generated.wav,2.550023,0.080019,0.076553,0.03138,0.030021,1.093498,0.776067,1.46212
H2_128C_quantized_no_upsample,61-70970-0018.wav,generated_audios/generated_H2_128C_int8/61-70970-0018_generated.wav,4.6,1.250195,1.246691,0.271781,0.27102,1.196822,0.800204,1.381035
H2_128C_quantized_no_upsample,61-70970-0019.wav,generated_audios/generated_H2_128C_int8/61-70970-0019_generated.wav,3.78,1.071481,1.068095,0.283461,0.282565,1.135858,0.807535,1.39923
H2_128C_quantized_no_upsample,61-70970-0020.wav,generated_audios/generated_H2_128C_int8/61-70970-0020_generated.wav,5.025034,0.126918,0.123202,0.025257,0.024518,1.111105,0.77597,1.525251
H2_128C_quantized_no_upsample,61-70970-0021.wav,generated_audios/generated_H2_128C_int8/61-70970-0021_generated.wav,5.405034,1.463048,1.45919,0.270682,0.269969,1.138442,0.803365,1.300938
H2_128C_quantized_no_upsample,61-70970-0022.wav,generated_audios/generated_H2_128C_int8/61-70970-0022_generated.wav,3.970023,0.103863,0.100666,0.026162,0.025357,1.206511,0.814175,1.310404
H2_128C_quantized_no_upsample,61-70970-0023.wav,generated_audios/generated_H2_128C_int8/61-70970-0023_generated.wav,3.705034,0.109363,0.106405,0.029517,0.028719,1.162496,0.816024,1.207273
H2_128C_quantized_no_upsample,61-70970-0024.wav,generated_audios/generated_H2_128C_int8/61-70970-0024_generated.wav,7.235011,2.066317,2.062329,0.2856,0.285049,1.170692,0.830977,1.299137
H2_128C_quantized_no_upsample,61-70970-0025.wav,generated_audios/generated_H2_128C_int8/61-70970-0025_generated.wav,7.435011,2.158374,2.154844,0.290299,0.289824,1.204586,0.856436,1.255061
H2_128C_quantized_no_upsample,61-70970-0026.wav,generated_audios/generated_H2_128C_int8/61-70970-0026_generated.wav,5.475011,0.134479,0.131437,0.024562,0.024007,1.198816,0.833097,1.182406
H2_128C_quantized_no_upsample,61-70970-0027.wav,generated_audios/generated_H2_128C_int8/61-70970-0027_generated.wav,5.08,0.139935,0.136832,0.027546,0.026936,1.141225,0.808798,1.278424
H2_128C_quantized_no_upsample,61-70970-0028.wav,generated_audios/generated_H2_128C_int8/61-70970-0028_generated.wav,6.550023,0.19184,0.188562,0.029288,0.028788,1.194673,0.838972,1.159841
H2_128C_quantized_no_upsample,61-70970-0029.wav,generated_audios/generated_H2_128C_int8/61-70970-0029_generated.wav,4.030023,0.115489,0.112353,0.028657,0.027879,1.22914,0.820751,1.278028
H2_128C_quantized_no_upsample,61-70970-0030.wav,generated_audios/generated_H2_128C_int8/61-70970-0030_generated.wav,3.24,0.097208,0.093648,0.030002,0.028904,1.158012,0.784531,1.160096
H2_128C_quantized_no_upsample,61-70970-0031.wav,generated_audios/generated_H2_128C_int8/61-70970-0031_generated.wav,5.135011,1.472874,1.469251,0.28683,0.286124,1.109563,0.800761,1.352044
H2_128C_quantized_no_upsample,61-70970-0032.wav,generated_audios/generated_H2_128C_int8/61-70970-0032_generated.wav,3.135011,0.090623,0.087084,0.028907,0.027778,1.087929,0.792415,1.364494
H2_128C_quantized_no_upsample,61-70970-0033.wav,generated_audios/generated_H2_128C_int8/61-70970-0033_generated.wav,3.42,0.921878,0.918824,0.269555,0.268662,1.127531,0.860796,1.288463
H2_128C_quantized_no_upsample,61-70970-0034.wav,generated_audios/generated_H2_128C_int8/61-70970-0034_generated.wav,4.485034,0.116722,0.113124,0.026025,0.025223,1.150669,0.777974,1.303425
H2_128C_quantized_no_upsample,61-70970-0035.wav,generated_audios/generated_H2_128C_int8/61-70970-0035_generated.wav,7.405034,0.202673,0.198705,0.02737,0.026834,1.188128,0.825643,1.195052
H2_128C_quantized_no_upsample,61-70970-0036.wav,generated_audios/generated_H2_128C_int8/61-70970-0036_generated.wav,6.785034,0.184679,0.180485,0.027219,0.026601,1.147535,0.807235,1.274855
H2_128C_quantized_no_upsample,61-70970-0037.wav,generated_audios/generated_H2_128C_int8/61-70970-0037_generated.wav,5.98,1.713476,1.709609,0.286534,0.285888,1.169822,0.831518,1.284998
H2_128C_quantized_no_upsample,61-70970-0038.wav,generated_audios/generated_H2_128C_int8/61-70970-0038_generated.wav,10.4,2.994765,2.990294,0.287958,0.287528,1.133106,0.810233,1.308064
H2_128C_quantized_no_upsample,61-70970-0039.wav,generated_audios/generated_H2_128C_int8/61-70970-0039_generated.wav,6.665034,0.185033,0.180924,0.027762,0.027145,1.105912,0.76597,1.247042
H2_128C_quantized_no_upsample,61-70970-0040.wav,generated_audios/generated_H2_128C_int8/61-70970-0040_generated.wav,4.165034,0.107029,0.104059,0.025697,0.024984,1.195075,0.823151,1.313683
H2_128C_quantized_no_upsample,672-122797-0000.wav,generated_audios/generated_H2_128C_int8/672-122797-0000_generated.wav,4.070023,1.170631,1.167109,0.287623,0.286757,1.142191,0.857946,1.281226
H2_128C_quantized_no_upsample,672-122797-0001.wav,generated_audios/generated_H2_128C_int8/672-122797-0001_generated.wav,15.130023,4.519927,4.515995,0.298739,0.298479,1.237607,0.853299,1.191032
H2_128C_quantized_no_upsample,672-122797-0002.wav,generated_audios/generated_H2_128C_int8/672-122797-0002_generated.wav,13.62,3.728988,3.724879,0.273788,0.273486,1.155261,0.823496,1.338994
H2_128C_quantized_no_upsample,672-122797-0003.wav,generated_audios/generated_H2_128C_int8/672-122797-0003_generated.wav,4.76,1.378368,1.374673,0.289573,0.288797,1.085319,0.759064,1.455275
H2_128C_quantized_no_upsample,672-122797-0004.wav,generated_audios/generated_H2_128C_int8/672-122797-0004_generated.wav,10.250023,2.853344,2.849731,0.278374,0.278022,1.122855,0.759489,1.468625
H2_128C_quantized_no_upsample,672-122797-0005.wav,generated_audios/generated_H2_128C_int8/672-122797-0005_generated.wav,3.26,0.927227,0.923617,0.284425,0.283318,1.060719,0.661396,1.575016
H2_128C_quantized_no_upsample,672-122797-0006.wav,generated_audios/generated_H2_128C_int8/672-122797-0006_generated.wav,13.950023,4.206352,4.201831,0.30153,0.301206,1.057477,0.639486,1.610348
H2_128C_quantized_no_upsample,672-122797-0007.wav,generated_audios/generated_H2_128C_int8/672-122797-0007_generated.wav,6.42,1.806534,1.8027,0.281392,0.280794,1.084191,0.672298,1.521376
H2_128C_quantized_no_upsample,672-122797-0008.wav,generated_audios/generated_H2_128C_int8/672-122797-0008_generated.wav,30.810023,9.264823,9.257565,0.300708,0.300473,1.07094,0.690743,1.52804
H2_128C_quantized_no_upsample,672-122797-0009.wav,generated_audios/generated_H2_128C_int8/672-122797-0009_generated.wav,2.765034,0.078502,0.074501,0.028391,0.026944,1.122388,0.71454,1.468285
H2_128C_quantized_no_upsample,672-122797-0010.wav,generated_audios/generated_H2_128C_int8/672-122797-0010_generated.wav,3.815011,0.111376,0.107998,0.029194,0.028309,1.051961,0.707728,1.558563
H2_128C_quantized_no_upsample,672-122797-0011.wav,generated_audios/generated_H2_128C_int8/672-122797-0011_generated.wav,2.54,0.75534,0.752371,0.297378,0.296209,1.062984,0.742375,1.360402
H2_128C_quantized_no_upsample,672-122797-0012.wav,generated_audios/generated_H2_128C_int8/672-122797-0012_generated.wav,7.765034,2.325365,2.322094,0.299466,0.299045,1.061866,0.707868,1.397259
H2_128C_quantized_no_upsample,672-122797-0013.wav,generated_audios/generated_H2_128C_int8/672-122797-0013_generated.wav,8.705034,2.5938,2.589988,0.297966,0.297528,1.089216,0.675776,1.429905
H2_128C_quantized_no_upsample,672-122797-0014.wav,generated_audios/generated_H2_128C_int8/672-122797-0014_generated.wav,2.555011,0.073363,0.070003,0.028713,0.027398,1.084232,0.765473,1.438828
H2_128C_quantized_no_upsample,672-122797-0015.wav,generated_audios/generated_H2_128C_int8/672-122797-0015_generated.wav,4.455011,0.126644,0.123412,0.028427,0.027702,1.068921,0.701751,1.446896
H2_128C_quantized_no_upsample,672-122797-0016.wav,generated_audios/generated_H2_128C_int8/672-122797-0016_generated.wav,9.215011,2.706328,2.70282,0.293687,0.293306,1.073625,0.711879,1.442337
H2_128C_quantized_no_upsample,672-122797-0017.wav,generated_audios/generated_H2_128C_int8/672-122797-0017_generated.wav,4.82,1.407197,1.403478,0.29195,0.291178,1.130551,0.782387,1.284243
H2_128C_quantized_no_upsample,672-122797-0018.wav,generated_audios/generated_H2_128C_int8/672-122797-0018_generated.wav,4.930023,1.446235,1.442393,0.293353,0.292573,1.056871,0.698336,1.507969
H2_128C_quantized_no_upsample,672-122797-0019.wav,generated_audios/generated_H2_128C_int8/672-122797-0019_generated.wav,4.110023,1.157935,1.154896,0.281734,0.280995,1.046927,0.68702,1.6506
H2_128C_quantized_no_upsample,672-122797-0020.wav,generated_audios/generated_H2_128C_int8/672-122797-0020_generated.wav,8.825034,2.627971,2.62393,0.297786,0.297328,1.051725,0.667026,1.595601
H2_128C_quantized_no_upsample,672-122797-0021.wav,generated_audios/generated_H2_128C_int8/672-122797-0021_generated.wav,4.150023,0.124883,0.121514,0.030092,0.02928,1.071577,0.793936,1.503096
H2_128C_quantized_no_upsample,672-122797-0022.wav,generated_audios/generated_H2_128C_int8/672-122797-0022_generated.wav,19.004943,5.739444,5.734837,0.301997,0.301755,1.082007,0.678113,1.49637
H2_128C_quantized_no_upsample,672-122797-0023.wav,generated_audios/generated_H2_128C_int8/672-122797-0023_generated.wav,9.695102,2.843596,2.840139,0.293302,0.292946,1.060972,0.712875,1.513751
H2_128C_quantized_no_upsample,672-122797-0024.wav,generated_audios/generated_H2_128C_int8/672-122797-0024_generated.wav,4.130023,1.206199,1.20245,0.292056,0.291149,1.065444,0.631468,1.660209
H2_128C_quantized_no_upsample,672-122797-0025.wav,generated_audios/generated_H2_128C_int8/672-122797-0025_generated.wav,10.690023,3.209576,3.20514,0.30024,0.299825,1.078563,0.760163,1.430851
H2_128C_quantized_no_upsample,672-122797-0026.wav,generated_audios/generated_H2_128C_int8/672-122797-0026_generated.wav,13.96,4.202965,4.199043,0.301072,0.300791,1.045707,0.665135,1.550436
H2_128C_quantized_no_upsample,672-122797-0027.wav,generated_audios/generated_H2_128C_int8/672-122797-0027_generated.wav,4.790023,0.136085,0.132741,0.02841,0.027712,1.071278,0.640874,1.593822
H2_128C_quantized_no_upsample,672-122797-0028.wav,generated_audios/generated_H2_128C_int8/672-122797-0028_generated.wav,2.610023,0.084506,0.081687,0.032378,0.031298,1.096224,0.774693,1.47562
H2_128C_quantized_no_upsample,672-122797-0029.wav,generated_audios/generated_H2_128C_int8/672-122797-0029_generated.wav,3.050023,0.083284,0.07986,0.027306,0.026183,1.190654,0.814482,1.37745
H2_128C_quantized_no_upsample,672-122797-0030.wav,generated_audios/generated_H2_128C_int8/672-122797-0030_generated.wav,4.575011,1.344662,1.340928,0.293914,0.293098,1.084592,0.778453,1.431614
H2_128C_quantized_no_upsample,672-122797-0031.wav,generated_audios/generated_H2_128C_int8/672-122797-0031_generated.wav,3.98,0.119655,0.116232,0.030064,0.029204,1.201303,0.741845,1.46386
H2_128C_quantized_no_upsample,672-122797-0032.wav,generated_audios/generated_H2_128C_int8/672-122797-0032_generated.wav,4.0,0.115342,0.112124,0.028836,0.028031,1.079454,0.657247,1.526889
H2_128C_quantized_no_upsample,672-122797-0033.wav,generated_audios/generated_H2_128C_int8/672-122797-0033_generated.wav,1.285034,0.345646,0.342279,0.268978,0.266358,1.092239,0.71282,1.399559
H2_128C_quantized_no_upsample,672-122797-0034.wav,generated_audios/generated_H2_128C_int8/672-122797-0034_generated.wav,5.110023,0.143355,0.140348,0.028054,0.027465,1.06838,0.791186,1.490068
H2_128C_quantized_no_upsample,672-122797-0035.wav,generated_audios/generated_H2_128C_int8/672-122797-0035_generated.wav,2.9,0.09215,0.088774,0.031776,0.030612,1.336738,0.866662,1.254288
H2_128C_quantized_no_upsample,672-122797-0036.wav,generated_audios/generated_H2_128C_int8/672-122797-0036_generated.wav,5.365034,0.149912,0.146724,0.027942,0.027348,1.099993,0.722906,1.221322
H2_128C_quantized_no_upsample,672-122797-0037.wav,generated_audios/generated_H2_128C_int8/672-122797-0037_generated.wav,1.96,0.545292,0.542159,0.27821,0.276612,1.089743,0.729061,1.322648
H2_128C_quantized_no_upsample,672-122797-0038.wav,generated_audios/generated_H2_128C_int8/672-122797-0038_generated.wav,8.8,2.65775,2.653625,0.302017,0.301548,1.084246,0.716945,1.484033
H2_128C_quantized_no_upsample,672-122797-0039.wav,generated_audios/generated_H2_128C_int8/672-122797-0039_generated.wav,4.025034,1.184361,1.181339,0.294249,0.293498,1.167792,0.758975,1.462962
H2_128C_quantized_no_upsample,672-122797-0040.wav,generated_audios/generated_H2_128C_int8/672-122797-0040_generated.wav,5.125034,0.148043,0.144378,0.028886,0.028171,1.109577,0.713529,1.506688
H2_128C_quantized_no_upsample,672-122797-0041.wav,generated_audios/generated_H2_128C_int8/672-122797-0041_generated.wav,3.88,0.11357,0.10988,0.029271,0.02832,1.067093,0.706359,1.582281
H2_128C_quantized_no_upsample,672-122797-0042.wav,generated_audios/generated_H2_128C_int8/672-122797-0042_generated.wav,15.310023,4.632824,4.628582,0.302601,0.302324,1.12314,0.580397,1.538854
H2_128C_quantized_no_upsample,672-122797-0043.wav,generated_audios/generated_H2_128C_int8/672-122797-0043_generated.wav,3.78,0.102515,0.099475,0.02712,0.026316,1.063801,0.646227,1.491145
H2_128C_quantized_no_upsample,672-122797-0044.wav,generated_audios/generated_H2_128C_int8/672-122797-0044_generated.wav,3.74,0.121321,0.118502,0.032439,0.031685,1.082178,0.653131,1.546576
H2_128C_quantized_no_upsample,672-122797-0045.wav,generated_audios/generated_H2_128C_int8/672-122797-0045_generated.wav,13.96,0.322568,0.318029,0.023107,0.022781,1.090828,0.779971,1.420176
H2_128C_quantized_no_upsample,672-122797-0046.wav,generated_audios/generated_H2_128C_int8/672-122797-0046_generated.wav,4.715011,1.376781,1.372906,0.291999,0.291178,1.086334,0.73037,1.532776
H2_128C_quantized_no_upsample,672-122797-0047.wav,generated_audios/generated_H2_128C_int8/672-122797-0047_generated.wav,3.325034,0.964296,0.960914,0.290011,0.288994,1.272821,0.745359,1.247386
H2_128C_quantized_no_upsample,672-122797-0048.wav,generated_audios/generated_H2_128C_int8/672-122797-0048_generated.wav,6.555011,0.160561,0.157449,0.024494,0.02402,1.061856,0.62399,1.54062
H2_128C_quantized_no_upsample,672-122797-0049.wav,generated_audios/generated_H2_128C_int8/672-122797-0049_generated.wav,2.02,0.068917,0.066253,0.034117,0.032799,1.272701,0.648944,1.520335
H2_128C_quantized_no_upsample,672-122797-0050.wav,generated_audios/generated_H2_128C_int8/672-122797-0050_generated.wav,4.855011,1.421582,1.417773,0.292807,0.292023,1.068647,0.731724,1.434428
H2_128C_quantized_no_upsample,672-122797-0051.wav,generated_audios/generated_H2_128C_int8/672-122797-0051_generated.wav,4.665034,1.405479,1.402337,0.301279,0.300606,1.083663,0.684575,1.48501
H2_128C_quantized_no_upsample,672-122797-0052.wav,generated_audios/generated_H2_128C_int8/672-122797-0052_generated.wav,4.285034,1.216535,1.212902,0.283903,0.283055,1.071493,0.736798,1.411735
H2_128C_quantized_no_upsample,672-122797-0053.wav,generated_audios/generated_H2_128C_int8/672-122797-0053_generated.wav,2.955011,0.092002,0.08868,0.031134,0.03001,1.058806,0.666041,1.523614
H2_128C_quantized_no_upsample,672-122797-0054.wav,generated_audios/generated_H2_128C_int8/672-122797-0054_generated.wav,4.250023,0.136112,0.132677,0.032026,0.031218,1.134985,0.692326,1.366268
H2_128C_quantized_no_upsample,672-122797-0055.wav,generated_audios/generated_H2_128C_int8/672-122797-0055_generated.wav,8.230023,2.296443,2.293035,0.279032,0.278618,1.082211,0.697882,1.462816
H2_128C_quantized_no_upsample,672-122797-0056.wav,generated_audios/generated_H2_128C_int8/672-122797-0056_generated.wav,5.225034,0.152599,0.148666,0.029205,0.028453,1.069326,0.730551,1.460517
H2_128C_quantized_no_upsample,672-122797-0057.wav,generated_audios/generated_H2_128C_int8/672-122797-0057_generated.wav,6.56,0.18405,0.180423,0.028056,0.027503,1.097669,0.659914,1.463759
H2_128C_quantized_no_upsample,672-122797-0058.wav,generated_audios/generated_H2_128C_int8/672-122797-0058_generated.wav,4.470023,1.320122,1.316529,0.295328,0.294524,1.046531,0.631446,1.663822
H2_128C_quantized_no_upsample,672-122797-0059.wav,generated_audios/generated_H2_128C_int8/672-122797-0059_generated.wav,3.52,1.012085,1.008679,0.287524,0.286556,1.109736,0.711426,1.574543
H2_128C_quantized_no_upsample,672-122797-0060.wav,generated_audios/generated_H2_128C_int8/672-122797-0060_generated.wav,3.350023,0.107485,0.104146,0.032085,0.031088,1.098844,0.848436,1.45286
H2_128C_quantized_no_upsample,672-122797-0061.wav,generated_audios/generated_H2_128C_int8/672-122797-0061_generated.wav,7.590023,2.301508,2.298222,0.303228,0.302795,1.097246,0.786419,1.395578
H2_128C_quantized_no_upsample,672-122797-0062.wav,generated_audios/generated_H2_128C_int8/672-122797-0062_generated.wav,2.675011,0.808444,0.805465,0.302221,0.301107,1.132852,0.588012,1.635896
H2_128C_quantized_no_upsample,672-122797-0063.wav,generated_audios/generated_H2_128C_int8/672-122797-0063_generated.wav,5.075011,0.143222,0.13956,0.028221,0.027499,1.103529,0.755818,1.571239
H2_128C_quantized_no_upsample,672-122797-0064.wav,generated_audios/generated_H2_128C_int8/672-122797-0064_generated.wav,15.270023,4.509048,4.504876,0.295288,0.295014,1.104732,0.714467,1.414711
H2_128C_quantized_no_upsample,672-122797-0065.wav,generated_audios/generated_H2_128C_int8/672-122797-0065_generated.wav,3.030023,0.100311,0.097283,0.033106,0.032106,1.054245,0.687171,1.585651
H2_128C_quantized_no_upsample,672-122797-0066.wav,generated_audios/generated_H2_128C_int8/672-122797-0066_generated.wav,4.815011,0.140465,0.137069,0.029172,0.028467,1.087486,0.826121,1.386866
H2_128C_quantized_no_upsample,672-122797-0067.wav,generated_audios/generated_H2_128C_int8/672-122797-0067_generated.wav,13.035011,3.679331,3.674954,0.282265,0.28193,1.087363,0.77595,1.427244
H2_128C_quantized_no_upsample,672-122797-0068.wav,generated_audios/generated_H2_128C_int8/672-122797-0068_generated.wav,4.02,0.106449,0.102184,0.02648,0.025419,1.093441,0.709493,1.572471
H2_128C_quantized_no_upsample,672-122797-0069.wav,generated_audios/generated_H2_128C_int8/672-122797-0069_generated.wav,5.010023,1.496948,1.493466,0.298791,0.298096,1.078453,0.666161,1.500482
H2_128C_quantized_no_upsample,672-122797-0070.wav,generated_audios/generated_H2_128C_int8/672-122797-0070_generated.wav,6.270023,1.744008,1.739809,0.27815,0.27748,1.073948,0.772017,1.440333
H2_128C_quantized_no_upsample,672-122797-0071.wav,generated_audios/generated_H2_128C_int8/672-122797-0071_generated.wav,8.875011,2.635129,2.631262,0.296916,0.29648,1.086454,0.824146,1.409099
H2_128C_quantized_no_upsample,672-122797-0072.wav,generated_audios/generated_H2_128C_int8/672-122797-0072_generated.wav,7.94,2.405253,2.401755,0.302929,0.302488,1.0825,0.691455,1.534623
H2_128C_quantized_no_upsample,672-122797-0073.wav,generated_audios/generated_H2_128C_int8/672-122797-0073_generated.wav,8.205034,2.442514,2.438698,0.297685,0.29722,1.076915,0.783228,1.451798
H2_128C_quantized_no_upsample,672-122797-0074.wav,generated_audios/generated_H2_128C_int8/672-122797-0074_generated.wav,8.730023,2.615024,2.611064,0.299544,0.29909,1.125242,0.569011,1.598779
H2_128C_quantized_no_upsample,908-157963-0000.wav,generated_audios/generated_H2_128C_int8/908-157963-0000_generated.wav,12.62,3.542259,3.538017,0.280686,0.28035,1.135556,0.80002,1.470001
H2_128C_quantized_no_upsample,908-157963-0001.wav,generated_audios/generated_H2_128C_int8/908-157963-0001_generated.wav,2.885034,0.845535,0.842002,0.293076,0.291852,1.216609,0.859733,1.440285
H2_128C_quantized_no_upsample,908-157963-0002.wav,generated_audios/generated_H2_128C_int8/908-157963-0002_generated.wav,2.755011,0.808102,0.804888,0.293321,0.292154,1.214048,0.844298,1.446919
H2_128C_quantized_no_upsample,908-157963-0003.wav,generated_audios/generated_H2_128C_int8/908-157963-0003_generated.wav,3.08,0.899892,0.897177,0.292173,0.291291,1.19843,0.853831,1.331156
H2_128C_quantized_no_upsample,908-157963-0004.wav,generated_audios/generated_H2_128C_int8/908-157963-0004_generated.wav,13.990023,4.127489,4.123297,0.295031,0.294731,1.147828,0.794517,1.406865
H2_128C_quantized_no_upsample,908-157963-0005.wav,generated_audios/generated_H2_128C_int8/908-157963-0005_generated.wav,7.035011,2.051682,2.047645,0.291639,0.291065,1.13005,0.78358,1.51137
H2_128C_quantized_no_upsample,908-157963-0006.wav,generated_audios/generated_H2_128C_int8/908-157963-0006_generated.wav,8.110023,2.40849,2.404181,0.296977,0.296446,1.151143,0.779006,1.440658
H2_128C_quantized_no_upsample,908-157963-0007.wav,generated_audios/generated_H2_128C_int8/908-157963-0007_generated.wav,32.770023,9.909647,9.901979,0.3024,0.302166,1.132128,0.781505,1.449428
H2_128C_quantized_no_upsample,908-157963-0008.wav,generated_audios/generated_H2_128C_int8/908-157963-0008_generated.wav,19.950023,5.946994,5.941516,0.298095,0.29782,1.15624,0.793082,1.451794
H2_128C_quantized_no_upsample,908-157963-0009.wav,generated_audios/generated_H2_128C_int8/908-157963-0009_generated.wav,4.06,1.208847,1.205694,0.297745,0.296969,1.185516,0.816229,1.339083
H2_128C_quantized_no_upsample,908-157963-0010.wav,generated_audios/generated_H2_128C_int8/908-157963-0010_generated.wav,6.28,0.153811,0.150138,0.024492,0.023907,1.09733,0.707724,1.531447
H2_128C_quantized_no_upsample,908-157963-0011.wav,generated_audios/generated_H2_128C_int8/908-157963-0011_generated.wav,10.395011,0.280855,0.277092,0.027018,0.026656,1.098981,0.75335,1.472904
H2_128C_quantized_no_upsample,908-157963-0012.wav,generated_audios/generated_H2_128C_int8/908-157963-0012_generated.wav,10.090023,2.943602,2.939628,0.291734,0.29134,1.111781,0.75278,1.527519
H2_128C_quantized_no_upsample,908-157963-0013.wav,generated_audios/generated_H2_128C_int8/908-157963-0013_generated.wav,4.315011,0.127855,0.123997,0.02963,0.028736,1.119908,0.808275,1.702591
H2_128C_quantized_no_upsample,908-157963-0014.wav,generated_audios/generated_H2_128C_int8/908-157963-0014_generated.wav,4.52,0.129587,0.126164,0.02867,0.027912,1.189574,0.783441,1.650393
H2_128C_quantized_no_upsample,908-157963-0015.wav,generated_audios/generated_H2_128C_int8/908-157963-0015_generated.wav,14.465034,4.000371,3.995974,0.276555,0.276251,1.21575,0.831443,1.407308
H2_128C_quantized_no_upsample,908-157963-0016.wav,generated_audios/generated_H2_128C_int8/908-157963-0016_generated.wav,5.105034,0.144324,0.140421,0.028271,0.027506,1.199227,0.843935,1.461982
H2_128C_quantized_no_upsample,908-157963-0017.wav,generated_audios/generated_H2_128C_int8/908-157963-0017_generated.wav,4.950023,1.381673,1.378149,0.279125,0.278413,1.237287,0.828391,1.350366
H2_128C_quantized_no_upsample,908-157963-0018.wav,generated_audios/generated_H2_128C_int8/908-157963-0018_generated.wav,4.255011,0.113529,0.109813,0.026681,0.025808,1.150793,0.785948,1.397698
H2_128C_quantized_no_upsample,908-157963-0019.wav,generated_audios/generated_H2_128C_int8/908-157963-0019_generated.wav,21.44,6.414288,6.408952,0.299174,0.298925,1.096718,0.784445,1.593641
H2_128C_quantized_no_upsample,908-157963-0020.wav,generated_audios/generated_H2_128C_int8/908-157963-0020_generated.wav,9.8,2.89361,2.889628,0.295266,0.29486,1.180507,0.794677,1.573424
H2_128C_quantized_no_upsample,908-157963-0021.wav,generated_audios/generated_H2_128C_int8/908-157963-0021_generated.wav,10.24,0.277827,0.273879,0.027132,0.026746,1.157624,0.79688,1.514258
H2_128C_quantized_no_upsample,908-157963-0022.wav,generated_audios/generated_H2_128C_int8/908-157963-0022_generated.wav,4.610023,1.385129,1.381291,0.30046,0.299628,1.110547,0.785359,1.566855
H2_128C_quantized_no_upsample,908-157963-0023.wav,generated_audios/generated_H2_128C_int8/908-157963-0023_generated.wav,9.625034,2.920969,2.91739,0.303476,0.303104,1.143672,0.742519,1.509736
H2_128C_quantized_no_upsample,908-157963-0024.wav,generated_audios/generated_H2_128C_int8/908-157963-0024_generated.wav,3.44,1.034448,1.030979,0.300712,0.299703,1.102046,0.776221,1.629251
H2_128C_quantized_no_upsample,908-157963-0025.wav,generated_audios/generated_H2_128C_int8/908-157963-0025_generated.wav,9.265034,2.614999,2.611512,0.282244,0.281867,1.103262,0.767827,1.591054
H2_128C_quantized_no_upsample,908-157963-0026.wav,generated_audios/generated_H2_128C_int8/908-157963-0026_generated.wav,8.1,2.361293,2.357046,0.291518,0.290993,1.165841,0.7934,1.472656
H2_128C_quantized_no_upsample,908-157963-0027.wav,generated_audios/generated_H2_128C_int8/908-157963-0027_generated.wav,5.225034,0.13117,0.127563,0.025104,0.024414,1.101864,0.72257,1.621283
H2_128C_quantized_no_upsample,908-157963-0028.wav,generated_audios/generated_H2_128C_int8/908-157963-0028_generated.wav,4.955011,0.125576,0.122052,0.025343,0.024632,1.147124,0.832229,1.378867
H2_128C_quantized_no_upsample,908-157963-0029.wav,generated_audios/generated_H2_128C_int8/908-157963-0029_generated.wav,3.630023,1.005188,1.002253,0.27691,0.276101,1.16748,0.825302,1.427701
H2_128C_quantized_no_upsample,908-157963-0030.wav,generated_audios/generated_H2_128C_int8/908-157963-0030_generated.wav,4.52,0.114203,0.110504,0.025266,0.024448,1.147956,0.809162,1.530998
H2_128C_quantized_no_upsample,908-31957-0000.wav,generated_audios/generated_H2_128C_int8/908-31957-0000_generated.wav,2.125034,0.604789,0.601481,0.284602,0.283045,1.267374,0.824766,1.598493
H2_128C_quantized_no_upsample,908-31957-0001.wav,generated_audios/generated_H2_128C_int8/908-31957-0001_generated.wav,11.315011,3.363676,3.359694,0.297275,0.296924,1.094683,0.786193,1.629389
H2_128C_quantized_no_upsample,908-31957-0002.wav,generated_audios/generated_H2_128C_int8/908-31957-0002_generated.wav,4.790023,0.135003,0.131655,0.028184,0.027485,1.113413,0.801991,1.737576
H2_128C_quantized_no_upsample,908-31957-0003.wav,generated_audios/generated_H2_128C_int8/908-31957-0003_generated.wav,6.565034,0.160197,0.156609,0.024402,0.023855,1.127195,0.786921,1.510913
H2_128C_quantized_no_upsample,908-31957-0004.wav,generated_audios/generated_H2_128C_int8/908-31957-0004_generated.wav,14.755011,4.420654,4.416379,0.299604,0.299314,1.116087,0.798639,1.547524
H2_128C_quantized_no_upsample,908-31957-0005.wav,generated_audios/generated_H2_128C_int8/908-31957-0005_generated.wav,4.490023,0.127836,0.123983,0.028471,0.027613,1.1529,0.807587,1.776169
H2_128C_quantized_no_upsample,908-31957-0006.wav,generated_audios/generated_H2_128C_int8/908-31957-0006_generated.wav,5.890023,1.630444,1.626764,0.276815,0.27619,1.178663,0.780844,1.74646
H2_128C_quantized_no_upsample,908-31957-0007.wav,generated_audios/generated_H2_128C_int8/908-31957-0007_generated.wav,5.8,0.163364,0.159471,0.028166,0.027495,1.15184,0.798566,1.53576
H2_128C_quantized_no_upsample,908-31957-0008.wav,generated_audios/generated_H2_128C_int8/908-31957-0008_generated.wav,10.005034,2.746989,2.742927,0.274561,0.274155,1.126075,0.795874,1.604919
H2_128C_quantized_no_upsample,908-31957-0009.wav,generated_audios/generated_H2_128C_int8/908-31957-0009_generated.wav,7.705034,2.133469,2.129244,0.276893,0.276345,1.116738,0.792211,1.588111
H2_128C_quantized_no_upsample,908-31957-0010.wav,generated_audios/generated_H2_128C_int8/908-31957-0010_generated.wav,2.510023,0.69532,0.691902,0.277017,0.275656,1.15571,0.683294,2.037239
H2_128C_quantized_no_upsample,908-31957-0011.wav,generated_audios/generated_H2_128C_int8/908-31957-0011_generated.wav,2.335011,0.077366,0.074122,0.033133,0.031744,1.151326,0.698684,1.647012
H2_128C_quantized_no_upsample,908-31957-0012.wav,generated_audios/generated_H2_128C_int8/908-31957-0012_generated.wav,7.615011,2.217867,2.213818,0.291249,0.290718,1.121377,0.781646,1.648364
H2_128C_quantized_no_upsample,908-31957-0013.wav,generated_audios/generated_H2_128C_int8/908-31957-0013_generated.wav,6.18,1.810673,1.806756,0.292989,0.292355,1.168087,0.738629,1.712739
H2_128C_quantized_no_upsample,908-31957-0014.wav,generated_audios/generated_H2_128C_int8/908-31957-0014_generated.wav,7.56,2.083985,2.080429,0.275659,0.275189,1.109695,0.794641,1.75507
H2_128C_quantized_no_upsample,908-31957-0015.wav,generated_audios/generated_H2_128C_int8/908-31957-0015_generated.wav,21.465034,6.083851,6.078633,0.283431,0.283188,1.102731,0.786007,1.75342
H2_128C_quantized_no_upsample,908-31957-0016.wav,generated_audios/generated_H2_128C_int8/908-31957-0016_generated.wav,6.48,1.8016,1.798412,0.278025,0.277533,1.159078,0.803463,1.684635
H2_128C_quantized_no_upsample,908-31957-0017.wav,generated_audios/generated_H2_128C_int8/908-31957-0017_generated.wav,7.795011,2.283931,2.279934,0.292999,0.292486,1.101098,0.804921,1.756906
H2_128C_quantized_no_upsample,908-31957-0018.wav,generated_audios/generated_H2_128C_int8/908-31957-0018_generated.wav,3.915011,1.180706,1.177119,0.301584,0.300668,1.107494,0.818322,1.658819
H2_128C_quantized_no_upsample,908-31957-0019.wav,generated_audios/generated_H2_128C_int8/908-31957-0019_generated.wav,9.54,2.88282,2.879275,0.302182,0.301811,1.188584,0.803547,1.53933
H2_128C_quantized_no_upsample,908-31957-0020.wav,generated_audios/generated_H2_128C_int8/908-31957-0020_generated.wav,5.895011,0.149,0.145076,0.025276,0.02461,1.15163,0.783813,1.698424
H2_128C_quantized_no_upsample,908-31957-0021.wav,generated_audios/generated_H2_128C_int8/908-31957-0021_generated.wav,10.905034,3.077412,3.073928,0.282201,0.281882,1.120291,0.78223,1.638757
H2_128C_quantized_no_upsample,908-31957-0022.wav,generated_audios/generated_H2_128C_int8/908-31957-0022_generated.wav,14.1,4.226427,4.222054,0.299747,0.299436,1.107452,0.779811,1.635392
H2_128C_quantized_no_upsample,908-31957-0023.wav,generated_audios/generated_H2_128C_int8/908-31957-0023_generated.wav,8.515011,2.565199,2.560914,0.301256,0.300753,1.154335,0.801356,1.771843
H2_128C_quantized_no_upsample,908-31957-0024.wav,generated_audios/generated_H2_128C_int8/908-31957-0024_generated.wav,7.54,2.205023,2.201449,0.292443,0.291969,1.101978,0.776935,1.774042
H2_128C_quantized_no_upsample,908-31957-0025.wav,generated_audios/generated_H2_128C_int8/908-31957-0025_generated.wav,20.56,6.049886,6.044757,0.294255,0.294006,1.117608,0.788439,1.900226
H2_256C_quantized_no_upsample,1089-134686-0000.wav,generated_audios/generated_H2_256C_int8/1089-134686-0000_generated.wav,10.435011,0.595006,0.590925,0.05702,0.056629,2.863702,0.96131,0.310191
H2_256C_quantized_no_upsample,1089-134686-0001.wav,generated_audios/generated_H2_256C_int8/1089-134686-0001_generated.wav,3.275011,0.200791,0.197314,0.06131,0.060248,2.553954,0.949631,0.327579
H2_256C_quantized_no_upsample,1089-134686-0002.wav,generated_audios/generated_H2_256C_int8/1089-134686-0002_generated.wav,6.625034,0.382408,0.378472,0.057722,0.057128,2.996534,0.954216,0.305186
H2_256C_quantized_no_upsample,1089-134686-0003.wav,generated_audios/generated_H2_256C_int8/1089-134686-0003_generated.wav,2.68,0.167732,0.164063,0.062587,0.061218,3.032276,0.966975,0.34744
H2_256C_quantized_no_upsample,1089-134686-0004.wav,generated_audios/generated_H2_256C_int8/1089-134686-0004_generated.wav,5.215102,0.299865,0.297018,0.057499,0.056954,3.122606,0.974064,0.319935
H2_256C_quantized_no_upsample,1089-134686-0005.wav,generated_audios/generated_H2_256C_int8/1089-134686-0005_generated.wav,9.635011,0.546423,0.542305,0.056712,0.056285,2.850904,0.943468,0.311019
H2_256C_quantized_no_upsample,1089-134686-0006.wav,generated_audios/generated_H2_256C_int8/1089-134686-0006_generated.wav,10.555011,0.609936,0.605628,0.057786,0.057378,2.823878,0.952318,0.31117
H2_256C_quantized_no_upsample,1089-134686-0007.wav,generated_audios/generated_H2_256C_int8/1089-134686-0007_generated.wav,4.275011,0.256541,0.253023,0.060009,0.059187,2.724916,0.966178,0.32927
H2_256C_quantized_no_upsample,1089-134686-0008.wav,generated_audios/generated_H2_256C_int8/1089-134686-0008_generated.wav,6.730023,0.372318,0.368231,0.055322,0.054715,2.820703,0.961466,0.312991
H2_256C_quantized_no_upsample,1089-134686-0009.wav,generated_audios/generated_H2_256C_int8/1089-134686-0009_generated.wav,10.575011,0.609093,0.604581,0.057597,0.057171,3.045414,0.969952,0.318604
H2_256C_quantized_no_upsample,1089-134686-0010.wav,generated_audios/generated_H2_256C_int8/1089-134686-0010_generated.wav,4.405034,0.256228,0.252711,0.058167,0.057369,3.241693,0.969762,0.293012
H2_256C_quantized_no_upsample,1089-134686-0011.wav,generated_audios/generated_H2_256C_int8/1089-134686-0011_generated.wav,12.445034,0.694013,0.689051,0.055766,0.055368,3.015378,0.958698,0.300787
H2_256C_quantized_no_upsample,1089-134686-0012.wav,generated_audios/generated_H2_256C_int8/1089-134686-0012_generated.wav,11.64,0.661814,0.657294,0.056857,0.056469,2.855364,0.963805,0.31688
H2_256C_quantized_no_upsample,1089-134686-0013.wav,generated_audios/generated_H2_256C_int8/1089-134686-0013_generated.wav,7.915011,0.452738,0.448222,0.0572,0.056629,2.584451,0.960088,0.308953
H2_256C_quantized_no_upsample,1089-134686-0014.wav,generated_audios/generated_H2_256C_int8/1089-134686-0014_generated.wav,2.225034,0.137168,0.133693,0.061648,0.060086,2.919999,0.976528,0.302448
H2_256C_quantized_no_upsample,1089-134686-0015.wav,generated_audios/generated_H2_256C_int8/1089-134686-0015_generated.wav,5.815011,0.335635,0.331846,0.057719,0.057067,2.784234,0.95764,0.32709
H2_256C_quantized_no_upsample,1089-134686-0016.wav,generated_audios/generated_H2_256C_int8/1089-134686-0016_generated.wav,3.54,0.21939,0.215853,0.061975,0.060975,2.543277,0.95387,0.311176
H2_256C_quantized_no_upsample,1089-134686-0017.wav,generated_audios/generated_H2_256C_int8/1089-134686-0017_generated.wav,8.870023,0.502986,0.498891,0.056706,0.056245,2.782228,0.960875,0.305664
H2_256C_quantized_no_upsample,1089-134686-0018.wav,generated_audios/generated_H2_256C_int8/1089-134686-0018_generated.wav,15.72,0.905451,0.900227,0.057599,0.057266,2.858593,0.962165,0.305053
H2_256C_quantized_no_upsample,1089-134686-0019.wav,generated_audios/generated_H2_256C_int8/1089-134686-0019_generated.wav,13.895011,0.784373,0.779275,0.05645,0.056083,2.96172,0.962044,0.30296
H2_256C_quantized_no_upsample,1089-134686-0020.wav,generated_audios/generated_H2_256C_int8/1089-134686-0020_generated.wav,16.790023,0.965385,0.96032,0.057498,0.057196,2.605618,0.955346,0.308828
H2_256C_quantized_no_upsample,1089-134686-0021.wav,generated_audios/generated_H2_256C_int8/1089-134686-0021_generated.wav,6.550023,0.380947,0.376971,0.05816,0.057553,2.703341,0.963335,0.307384
H2_256C_quantized_no_upsample,1089-134686-0022.wav,generated_audios/generated_H2_256C_int8/1089-134686-0022_generated.wav,11.175011,0.627758,0.623323,0.056175,0.055778,2.744507,0.960761,0.30277
H2_256C_quantized_no_upsample,1089-134686-0023.wav,generated_audios/generated_H2_256C_int8/1089-134686-0023_generated.wav,13.275011,0.765884,0.761293,0.057694,0.057348,2.767156,0.95833,0.305025
H2_256C_quantized_no_upsample,1089-134686-0024.wav,generated_audios/generated_H2_256C_int8/1089-134686-0024_generated.wav,11.655011,0.651399,0.646571,0.05589,0.055476,2.683609,0.960145,0.303738
H2_256C_quantized_no_upsample,1089-134686-0025.wav,generated_audios/generated_H2_256C_int8/1089-134686-0025_generated.wav,6.610023,0.381547,0.377659,0.057723,0.057134,2.78465,0.960757,0.318974
H2_256C_quantized_no_upsample,1089-134686-0026.wav,generated_audios/generated_H2_256C_int8/1089-134686-0026_generated.wav,4.010023,0.235131,0.231311,0.058636,0.057683,2.788589,0.95141,0.313346
H2_256C_quantized_no_upsample,1089-134686-0027.wav,generated_audios/generated_H2_256C_int8/1089-134686-0027_generated.wav,2.710023,0.166916,0.163546,0.061592,0.060349,2.494692,0.959597,0.301594
H2_256C_quantized_no_upsample,1089-134686-0028.wav,generated_audios/generated_H2_256C_int8/1089-134686-0028_generated.wav,7.830023,0.439366,0.435253,0.056113,0.055588,2.960534,0.96285,0.29783
H2_256C_quantized_no_upsample,1089-134686-0029.wav,generated_audios/generated_H2_256C_int8/1089-134686-0029_generated.wav,4.670023,0.271865,0.268252,0.058215,0.057441,3.081559,0.962312,0.297825
H2_256C_quantized_no_upsample,1089-134686-0030.wav,generated_audios/generated_H2_256C_int8/1089-134686-0030_generated.wav,2.715011,0.152437,0.149355,0.056146,0.055011,2.86326,0.961719,0.301837
H2_256C_quantized_no_upsample,1089-134686-0031.wav,generated_audios/generated_H2_256C_int8/1089-134686-0031_generated.wav,6.615011,0.370228,0.36645,0.055968,0.055397,3.022866,0.957035,0.311461
H2_256C_quantized_no_upsample,121-121726-0000.wav,generated_audios/generated_H2_256C_int8/121-121726-0000_generated.wav,8.46,0.472564,0.468295,0.055859,0.055354,2.89734,0.96429,0.419494
H2_256C_quantized_no_upsample,121-121726-0001.wav,generated_audios/generated_H2_256C_int8/121-121726-0001_generated.wav,5.925034,0.34379,0.339756,0.058023,0.057342,2.971285,0.954653,0.593791
H2_256C_quantized_no_upsample,121-121726-0002.wav,generated_audios/generated_H2_256C_int8/121-121726-0002_generated.wav,4.410023,0.243507,0.239955,0.055217,0.054411,2.917048,0.952392,0.561497
H2_256C_quantized_no_upsample,121-121726-0003.wav,generated_audios/generated_H2_256C_int8/121-121726-0003_generated.wav,6.755011,0.388845,0.384886,0.057564,0.056978,3.008,0.967158,0.523195
H2_256C_quantized_no_upsample,121-121726-0004.wav,generated_audios/generated_H2_256C_int8/121-121726-0004_generated.wav,4.02,0.243886,0.240312,0.060668,0.059779,2.806953,0.968871,0.626939
H2_256C_quantized_no_upsample,121-121726-0005.wav,generated_audios/generated_H2_256C_int8/121-121726-0005_generated.wav,3.1,0.199073,0.195675,0.064217,0.063121,3.251822,0.968852,0.810719
H2_256C_quantized_no_upsample,121-121726-0006.wav,generated_audios/generated_H2_256C_int8/121-121726-0006_generated.wav,3.895011,0.248115,0.244449,0.063701,0.062759,2.951199,0.956421,0.596932
H2_256C_quantized_no_upsample,121-121726-0007.wav,generated_audios/generated_H2_256C_int8/121-121726-0007_generated.wav,6.730023,0.365019,0.362034,0.054237,0.053794,3.268919,0.973684,0.555002
H2_256C_quantized_no_upsample,121-121726-0008.wav,generated_audios/generated_H2_256C_int8/121-121726-0008_generated.wav,4.990023,0.282838,0.279149,0.056681,0.055941,3.386575,0.974932,0.66781
H2_256C_quantized_no_upsample,121-121726-0009.wav,generated_audios/generated_H2_256C_int8/121-121726-0009_generated.wav,7.26,0.407213,0.403405,0.05609,0.055565,3.030768,0.968335,0.513274
H2_256C_quantized_no_upsample,121-121726-0010.wav,generated_audios/generated_H2_256C_int8/121-121726-0010_generated.wav,9.810023,0.554234,0.550027,0.056497,0.056068,3.127574,0.968634,0.504086
H2_256C_quantized_no_upsample,121-121726-0011.wav,generated_audios/generated_H2_256C_int8/121-121726-0011_generated.wav,4.035011,0.237179,0.233501,0.05878,0.057869,2.943191,0.966144,0.623924
H2_256C_quantized_no_upsample,121-121726-0012.wav,generated_audios/generated_H2_256C_int8/121-121726-0012_generated.wav,4.045034,0.228472,0.224966,0.056482,0.055615,2.789709,0.952665,0.499029
H2_256C_quantized_no_upsample,121-121726-0013.wav,generated_audios/generated_H2_256C_int8/121-121726-0013_generated.wav,2.490023,0.141993,0.138595,0.057025,0.05566,3.01034,0.963712,0.567821
H2_256C_quantized_no_upsample,121-121726-0014.wav,generated_audios/generated_H2_256C_int8/121-121726-0014_generated.wav,3.165034,0.182962,0.179699,0.057807,0.056776,3.458504,0.972703,0.636957
H2_256C_quantized_no_upsample,121-123852-0000.wav,generated_audios/generated_H2_256C_int8/121-123852-0000_generated.wav,17.695011,0.999347,0.994216,0.056476,0.056186,2.808318,0.967491,0.55068
H2_256C_quantized_no_upsample,121-123852-0001.wav,generated_audios/generated_H2_256C_int8/121-123852-0001_generated.wav,1.870023,0.110111,0.106592,0.058882,0.057,2.573512,0.907955,0.817699
H2_256C_quantized_no_upsample,121-123852-0002.wav,generated_audios/generated_H2_256C_int8/121-123852-0002_generated.wav,17.285034,1.033214,1.028337,0.059775,0.059493,2.778292,0.961973,0.462895
H2_256C_quantized_no_upsample,121-123852-0003.wav,generated_audios/generated_H2_256C_int8/121-123852-0003_generated.wav,23.505034,6.753433,6.746979,0.287319,0.287044,2.820915,0.955839,0.474153
H2_256C_quantized_no_upsample,121-123852-0004.wav,generated_audios/generated_H2_256C_int8/121-123852-0004_generated.wav,16.290023,4.428137,4.42282,0.271831,0.271505,2.851854,0.965548,0.467576
H2_256C_quantized_no_upsample,121-123859-0000.wav,generated_audios/generated_H2_256C_int8/121-123859-0000_generated.wav,17.390023,4.729621,4.724251,0.271973,0.271664,2.624218,0.953552,0.496381
H2_256C_quantized_no_upsample,121-123859-0001.wav,generated_audios/generated_H2_256C_int8/121-123859-0001_generated.wav,25.395011,7.176453,7.169453,0.282593,0.282317,2.86874,0.964117,0.478824
H2_256C_quantized_no_upsample,121-123859-0002.wav,generated_audios/generated_H2_256C_int8/121-123859-0002_generated.wav,30.04,8.479455,8.473134,0.282272,0.282062,2.703491,0.961284,0.462714
H2_256C_quantized_no_upsample,121-123859-0003.wav,generated_audios/generated_H2_256C_int8/121-123859-0003_generated.wav,10.825034,2.68415,2.679508,0.247958,0.247529,2.834318,0.964524,0.594373
H2_256C_quantized_no_upsample,121-123859-0004.wav,generated_audios/generated_H2_256C_int8/121-123859-0004_generated.wav,9.505034,2.465888,2.46166,0.25943,0.258985,2.22583,0.96398,0.509071
H2_256C_quantized_no_upsample,121-127105-0000.wav,generated_audios/generated_H2_256C_int8/121-127105-0000_generated.wav,9.875011,2.664235,2.660424,0.269796,0.26941,2.600851,0.951226,0.434814
H2_256C_quantized_no_upsample,121-127105-0001.wav,generated_audios/generated_H2_256C_int8/121-127105-0001_generated.wav,5.025034,1.291989,1.288109,0.257111,0.256338,2.715976,0.952501,0.365849
H2_256C_quantized_no_upsample,121-127105-0002.wav,generated_audios/generated_H2_256C_int8/121-127105-0002_generated.wav,7.495011,1.902801,1.898686,0.253876,0.253327,2.761468,0.957189,0.396804
H2_256C_quantized_no_upsample,121-127105-0003.wav,generated_audios/generated_H2_256C_int8/121-127105-0003_generated.wav,7.725034,1.997177,1.993007,0.258533,0.257993,2.887592,0.954909,0.44708
H2_256C_quantized_no_upsample,121-127105-0004.wav,generated_audios/generated_H2_256C_int8/121-127105-0004_generated.wav,2.110023,0.565042,0.56178,0.26779,0.266244,1.526739,0.964989,0.626844
H2_256C_quantized_no_upsample,121-127105-0005.wav,generated_audios/generated_H2_256C_int8/121-127105-0005_generated.wav,5.82,1.481745,1.478062,0.254595,0.253963,2.8103,0.963394,0.428756
H2_256C_quantized_no_upsample,121-127105-0006.wav,generated_audios/generated_H2_256C_int8/121-127105-0006_generated.wav,4.725034,1.210465,1.206545,0.256181,0.255352,2.40909,0.958645,0.455754
H2_256C_quantized_no_upsample,121-127105-0007.wav,generated_audios/generated_H2_256C_int8/121-127105-0007_generated.wav,5.790023,1.464438,1.460787,0.252924,0.252294,2.439403,0.957509,0.419866
H2_256C_quantized_no_upsample,121-127105-0008.wav,generated_audios/generated_H2_256C_int8/121-127105-0008_generated.wav,2.76,0.697396,0.694237,0.25268,0.251535,3.041755,0.960175,0.44033
H2_256C_quantized_no_upsample,121-127105-0009.wav,generated_audios/generated_H2_256C_int8/121-127105-0009_generated.wav,2.290023,0.589397,0.586057,0.257376,0.255917,2.660689,0.955762,0.397962
H2_256C_quantized_no_upsample,121-127105-0010.wav,generated_audios/generated_H2_256C_int8/121-127105-0010_generated.wav,2.850023,0.75312,0.749662,0.26425,0.263037,2.539578,0.956132,0.397467
H2_256C_quantized_no_upsample,121-127105-0011.wav,generated_audios/generated_H2_256C_int8/121-127105-0011_generated.wav,5.78,1.493116,1.489459,0.258325,0.257692,2.565678,0.941482,0.369813
H2_256C_quantized_no_upsample,121-127105-0012.wav,generated_audios/generated_H2_256C_int8/121-127105-0012_generated.wav,4.830023,1.268372,1.265055,0.262602,0.261915,1.587564,0.950761,0.339429
H2_256C_quantized_no_upsample,121-127105-0013.wav,generated_audios/generated_H2_256C_int8/121-127105-0013_generated.wav,5.895011,1.499043,1.495264,0.25429,0.253649,2.387446,0.953017,0.439654
H2_256C_quantized_no_upsample,121-127105-0014.wav,generated_audios/generated_H2_256C_int8/121-127105-0014_generated.wav,2.255011,0.594664,0.590956,0.263708,0.262063,2.994672,0.929764,0.543953
H2_256C_quantized_no_upsample,121-127105-0015.wav,generated_audios/generated_H2_256C_int8/121-127105-0015_generated.wav,2.96,0.775147,0.771583,0.261874,0.26067,2.792074,0.956681,0.387725
H2_256C_quantized_no_upsample,121-127105-0016.wav,generated_audios/generated_H2_256C_int8/121-127105-0016_generated.wav,2.030023,0.519764,0.516463,0.256039,0.254413,2.915401,0.953991,0.369806
H2_256C_quantized_no_upsample,121-127105-0017.wav,generated_audios/generated_H2_256C_int8/121-127105-0017_generated.wav,2.695011,0.709187,0.705866,0.263148,0.261916,2.641217,0.94888,0.356123
H2_256C_quantized_no_upsample,121-127105-0018.wav,generated_audios/generated_H2_256C_int8/121-127105-0018_generated.wav,2.770023,0.732966,0.729425,0.264606,0.263328,2.686557,0.955579,0.397759
H2_256C_quantized_no_upsample,121-127105-0019.wav,generated_audios/generated_H2_256C_int8/121-127105-0019_generated.wav,3.525034,0.909713,0.905977,0.258072,0.257012,2.742476,0.955819,0.430269
H2_256C_quantized_no_upsample,121-127105-0020.wav,generated_audios/generated_H2_256C_int8/121-127105-0020_generated.wav,14.355011,4.099243,4.094661,0.285562,0.285243,2.735869,0.954008,0.369032
H2_256C_quantized_no_upsample,121-127105-0021.wav,generated_audios/generated_H2_256C_int8/121-127105-0021_generated.wav,2.0,0.546133,0.542665,0.273067,0.271332,2.583252,0.95952,0.42172
H2_256C_quantized_no_upsample,121-127105-0022.wav,generated_audios/generated_H2_256C_int8/121-127105-0022_generated.wav,5.075011,1.294765,1.290958,0.255126,0.254375,2.684512,0.947222,0.520881
H2_256C_quantized_no_upsample,121-127105-0023.wav,generated_audios/generated_H2_256C_int8/121-127105-0023_generated.wav,10.910023,2.843107,2.838657,0.260596,0.260188,2.876364,0.95475,0.379859
H2_256C_quantized_no_upsample,121-127105-0024.wav,generated_audios/generated_H2_256C_int8/121-127105-0024_generated.wav,14.450023,4.160967,4.156026,0.287956,0.287614,2.875983,0.958145,0.380298
H2_256C_quantized_no_upsample,121-127105-0025.wav,generated_audios/generated_H2_256C_int8/121-127105-0025_generated.wav,16.065034,4.528926,4.523897,0.281912,0.281599,2.875949,0.957961,0.387604
H2_256C_quantized_no_upsample,121-127105-0026.wav,generated_audios/generated_H2_256C_int8/121-127105-0026_generated.wav,7.530023,1.93734,1.933291,0.257282,0.256744,2.751976,0.962632,0.363439
H2_256C_quantized_no_upsample,121-127105-0027.wav,generated_audios/generated_H2_256C_int8/121-127105-0027_generated.wav,13.870023,3.971663,3.967096,0.286349,0.286019,2.855964,0.957887,0.413671
H2_256C_quantized_no_upsample,121-127105-0028.wav,generated_audios/generated_H2_256C_int8/121-127105-0028_generated.wav,6.750023,0.387282,0.382896,0.057375,0.056725,2.63519,0.961332,0.451231
H2_256C_quantized_no_upsample,121-127105-0029.wav,generated_audios/generated_H2_256C_int8/121-127105-0029_generated.wav,7.310023,1.897021,1.893175,0.25951,0.258983,2.925396,0.965851,0.429959
H2_256C_quantized_no_upsample,121-127105-0030.wav,generated_audios/generated_H2_256C_int8/121-127105-0030_generated.wav,2.175011,0.592705,0.589235,0.272506,0.270911,2.717544,0.953341,0.427321
H2_256C_quantized_no_upsample,121-127105-0031.wav,generated_audios/generated_H2_256C_int8/121-127105-0031_generated.wav,10.765034,2.823913,2.820309,0.262323,0.261988,2.646912,0.933916,0.494502
H2_256C_quantized_no_upsample,121-127105-0032.wav,generated_audios/generated_H2_256C_int8/121-127105-0032_generated.wav,3.170023,0.80562,0.801438,0.254137,0.252818,2.423246,0.959549,0.441062
H2_256C_quantized_no_upsample,121-127105-0033.wav,generated_audios/generated_H2_256C_int8/121-127105-0033_generated.wav,2.355011,0.618017,0.614525,0.262427,0.260943,2.922735,0.946009,0.51604
H2_256C_quantized_no_upsample,121-127105-0034.wav,generated_audios/generated_H2_256C_int8/121-127105-0034_generated.wav,7.410023,1.890479,1.886603,0.255125,0.254602,2.833334,0.9536,0.519025
H2_256C_quantized_no_upsample,121-127105-0035.wav,generated_audios/generated_H2_256C_int8/121-127105-0035_generated.wav,14.150023,4.007394,4.002199,0.283208,0.28284,2.694577,0.943839,0.576918
H2_256C_quantized_no_upsample,121-127105-0036.wav,generated_audios/generated_H2_256C_int8/121-127105-0036_generated.wav,4.150023,1.032853,1.029176,0.248879,0.247993,2.843061,0.939859,0.565027
H2_256C_quantized_no_upsample,237-126133-0000.wav,generated_audios/generated_H2_256C_int8/237-126133-0000_generated.wav,13.290023,3.77777,3.773042,0.284256,0.2839,3.075583,0.972168,0.319373
H2_256C_quantized_no_upsample,237-126133-0001.wav,generated_audios/generated_H2_256C_int8/237-126133-0001_generated.wav,11.965034,3.42077,3.416226,0.285897,0.285517,2.825565,0.96356,0.323439
H2_256C_quantized_no_upsample,237-126133-0002.wav,generated_audios/generated_H2_256C_int8/237-126133-0002_generated.wav,8.92,2.286957,2.282775,0.256385,0.255916,2.847888,0.96735,0.334927
H2_256C_quantized_no_upsample,237-126133-0003.wav,generated_audios/generated_H2_256C_int8/237-126133-0003_generated.wav,6.56,1.709723,1.705626,0.260629,0.260004,3.034959,0.961012,0.326883
H2_256C_quantized_no_upsample,237-126133-0004.wav,generated_audios/generated_H2_256C_int8/237-126133-0004_generated.wav,3.295011,0.87165,0.868451,0.264536,0.263566,2.778078,0.96584,0.337204
H2_256C_quantized_no_upsample,237-126133-0005.wav,generated_audios/generated_H2_256C_int8/237-126133-0005_generated.wav,6.510023,1.712913,1.709521,0.263119,0.262598,3.02125,0.96361,0.328273
H2_256C_quantized_no_upsample,237-126133-0006.wav,generated_audios/generated_H2_256C_int8/237-126133-0006_generated.wav,6.150023,1.545101,1.540941,0.251235,0.250559,2.825659,0.967185,0.342015
H2_256C_quantized_no_upsample,237-126133-0007.wav,generated_audios/generated_H2_256C_int8/237-126133-0007_generated.wav,8.68,2.17799,2.173985,0.250921,0.250459,2.728639,0.963363,0.346792
H2_256C_quantized_no_upsample,237-126133-0008.wav,generated_audios/generated_H2_256C_int8/237-126133-0008_generated.wav,3.865034,0.986209,0.98283,0.255162,0.254288,3.214137,0.96331,0.316272
H2_256C_quantized_no_upsample,237-126133-0009.wav,generated_audios/generated_H2_256C_int8/237-126133-0009_generated.wav,3.970023,1.002809,0.999331,0.252595,0.251719,2.840165,0.967582,0.340119
H2_256C_quantized_no_upsample,237-126133-0010.wav,generated_audios/generated_H2_256C_int8/237-126133-0010_generated.wav,6.24,1.540064,1.536268,0.246805,0.246197,2.405963,0.942135,0.367247
H2_256C_quantized_no_upsample,237-126133-0011.wav,generated_audios/generated_H2_256C_int8/237-126133-0011_generated.wav,6.710023,1.650992,1.646823,0.246049,0.245427,2.874115,0.967774,0.332422
H2_256C_quantized_no_upsample,237-126133-0012.wav,generated_audios/generated_H2_256C_int8/237-126133-0012_generated.wav,4.450023,1.117656,1.113803,0.251157,0.250292,2.822915,0.963182,0.318457
H2_256C_quantized_no_upsample,237-126133-0013.wav,generated_audios/generated_H2_256C_int8/237-126133-0013_generated.wav,6.815011,1.701718,1.697484,0.249701,0.24908,2.665755,0.93635,0.367966
H2_256C_quantized_no_upsample,237-126133-0014.wav,generated_audios/generated_H2_256C_int8/237-126133-0014_generated.wav,6.790023,1.680856,1.676969,0.247548,0.246975,2.754827,0.964547,0.323619
H2_256C_quantized_no_upsample,237-126133-0015.wav,generated_audios/generated_H2_256C_int8/237-126133-0015_generated.wav,9.34,2.290904,2.286713,0.245279,0.24483,2.937264,0.963236,0.327581
H2_256C_quantized_no_upsample,237-126133-0016.wav,generated_audios/generated_H2_256C_int8/237-126133-0016_generated.wav,4.250023,1.041046,1.037405,0.244951,0.244094,2.729223,0.958526,0.35835
H2_256C_quantized_no_upsample,237-126133-0017.wav,generated_audios/generated_H2_256C_int8/237-126133-0017_generated.wav,6.210023,1.525158,1.521623,0.245596,0.245027,3.269537,0.973809,0.316867
H2_256C_quantized_no_upsample,237-126133-0018.wav,generated_audios/generated_H2_256C_int8/237-126133-0018_generated.wav,4.095011,1.047061,1.043357,0.255692,0.254787,2.784228,0.96263,0.333589
H2_256C_quantized_no_upsample,237-126133-0019.wav,generated_audios/generated_H2_256C_int8/237-126133-0019_generated.wav,7.12,1.760403,1.756886,0.247248,0.246754,2.929004,0.969402,0.329691
H2_256C_quantized_no_upsample,237-126133-0020.wav,generated_audios/generated_H2_256C_int8/237-126133-0020_generated.wav,2.24,0.560078,0.556452,0.250035,0.248416,2.770783,0.973027,0.336455
H2_256C_quantized_no_upsample,237-126133-0021.wav,generated_audios/generated_H2_256C_int8/237-126133-0021_generated.wav,4.365034,1.062841,1.059199,0.24349,0.242655,2.499745,0.959709,0.340853
H2_256C_quantized_no_upsample,237-126133-0022.wav,generated_audios/generated_H2_256C_int8/237-126133-0022_generated.wav,5.04,1.251545,1.247763,0.248322,0.247572,3.23545,0.971291,0.320777
H2_256C_quantized_no_upsample,237-126133-0023.wav,generated_audios/generated_H2_256C_int8/237-126133-0023_generated.wav,6.675011,1.667001,1.663486,0.249738,0.249211,2.819408,0.969076,0.320482
H2_256C_quantized_no_upsample,237-126133-0024.wav,generated_audios/generated_H2_256C_int8/237-126133-0024_generated.wav,9.665034,2.445853,2.441447,0.253062,0.252606,2.987956,0.965772,0.313991
H2_256C_quantized_no_upsample,237-126133-0025.wav,generated_audios/generated_H2_256C_int8/237-126133-0025_generated.wav,3.755011,0.946332,0.943017,0.252018,0.251136,3.140708,0.971706,0.315116
H2_256C_quantized_no_upsample,237-134493-0000.wav,generated_audios/generated_H2_256C_int8/237-134493-0000_generated.wav,4.105034,1.027972,1.025617,0.250417,0.249844,2.826557,0.970371,0.289117
H2_256C_quantized_no_upsample,237-134493-0001.wav,generated_audios/generated_H2_256C_int8/237-134493-0001_generated.wav,7.38,1.820833,1.816835,0.246725,0.246184,3.121651,0.971475,0.281104
H2_256C_quantized_no_upsample,237-134493-0002.wav,generated_audios/generated_H2_256C_int8/237-134493-0002_generated.wav,11.395011,2.897923,2.89309,0.254315,0.253891,3.195743,0.969337,0.282796
H2_256C_quantized_no_upsample,237-134493-0003.wav,generated_audios/generated_H2_256C_int8/237-134493-0003_generated.wav,12.765034,3.524903,3.519833,0.276137,0.27574,3.333768,0.971315,0.277157
H2_256C_quantized_no_upsample,237-134493-0004.wav,generated_audios/generated_H2_256C_int8/237-134493-0004_generated.wav,6.825034,1.674798,1.670803,0.24539,0.244805,2.989376,0.962712,0.291329
H2_256C_quantized_no_upsample,237-134493-0005.wav,generated_audios/generated_H2_256C_int8/237-134493-0005_generated.wav,10.945034,2.738781,2.734607,0.25023,0.249849,3.056914,0.964972,0.284564
H2_256C_quantized_no_upsample,237-134493-0006.wav,generated_audios/generated_H2_256C_int8/237-134493-0006_generated.wav,4.395011,1.084762,1.081116,0.246817,0.245987,3.319128,0.971726,0.277571
H2_256C_quantized_no_upsample,237-134493-0007.wav,generated_audios/generated_H2_256C_int8/237-134493-0007_generated.wav,2.035011,0.525986,0.522802,0.258468,0.256904,3.014873,0.9623,0.277538
H2_256C_quantized_no_upsample,237-134493-0008.wav,generated_audios/generated_H2_256C_int8/237-134493-0008_generated.wav,2.305034,0.564136,0.560788,0.244741,0.243288,2.887366,0.955384,0.276716
H2_256C_quantized_no_upsample,237-134493-0009.wav,generated_audios/generated_H2_256C_int8/237-134493-0009_generated.wav,2.975011,0.871944,0.868662,0.293089,0.291986,3.299548,0.975412,0.291835
H2_256C_quantized_no_upsample,237-134493-0010.wav,generated_audios/generated_H2_256C_int8/237-134493-0010_generated.wav,2.875011,0.705754,0.702297,0.245479,0.244276,3.199498,0.964217,0.273523
H2_256C_quantized_no_upsample,237-134493-0011.wav,generated_audios/generated_H2_256C_int8/237-134493-0011_generated.wav,5.035011,1.259267,1.255698,0.250102,0.249393,2.913259,0.962347,0.286365
H2_256C_quantized_no_upsample,237-134493-0012.wav,generated_audios/generated_H2_256C_int8/237-134493-0012_generated.wav,3.66,0.885852,0.882513,0.242036,0.241124,3.032055,0.96906,0.290972
H2_256C_quantized_no_upsample,237-134493-0013.wav,generated_audios/generated_H2_256C_int8/237-134493-0013_generated.wav,4.090023,0.236999,0.233418,0.057946,0.05707,3.00168,0.962762,0.28812
H2_256C_quantized_no_upsample,237-134493-0014.wav,generated_audios/generated_H2_256C_int8/237-134493-0014_generated.wav,3.7,0.900816,0.897426,0.243464,0.242548,2.757008,0.967194,0.283604
H2_256C_quantized_no_upsample,237-134493-0015.wav,generated_audios/generated_H2_256C_int8/237-134493-0015_generated.wav,6.550023,0.373591,0.369716,0.057037,0.056445,2.932642,0.95733,0.293849
H2_256C_quantized_no_upsample,237-134493-0016.wav,generated_audios/generated_H2_256C_int8/237-134493-0016_generated.wav,10.085034,2.506221,2.502184,0.248509,0.248109,3.054016,0.974589,0.276291
H2_256C_quantized_no_upsample,237-134493-0017.wav,generated_audios/generated_H2_256C_int8/237-134493-0017_generated.wav,9.105034,2.322458,2.318143,0.255074,0.2546,3.090415,0.969196,0.277594
H2_256C_quantized_no_upsample,237-134493-0018.wav,generated_audios/generated_H2_256C_int8/237-134493-0018_generated.wav,4.790023,1.173486,1.16975,0.244986,0.244205,3.192014,0.976299,0.274478
H2_256C_quantized_no_upsample,237-134500-0000.wav,generated_audios/generated_H2_256C_int8/237-134500-0000_generated.wav,6.130023,1.508308,1.504726,0.246053,0.245468,3.334262,0.973786,0.279824
H2_256C_quantized_no_upsample,237-134500-0001.wav,generated_audios/generated_H2_256C_int8/237-134500-0001_generated.wav,1.810023,0.460638,0.457517,0.254493,0.252769,3.012787,0.947464,0.29318
H2_256C_quantized_no_upsample,237-134500-0002.wav,generated_audios/generated_H2_256C_int8/237-134500-0002_generated.wav,5.070023,1.250885,1.247828,0.246722,0.246119,3.182344,0.972541,0.278454
H2_256C_quantized_no_upsample,237-134500-0003.wav,generated_audios/generated_H2_256C_int8/237-134500-0003_generated.wav,3.170023,0.175022,0.171492,0.055212,0.054098,3.193942,0.966838,0.282722
H2_256C_quantized_no_upsample,237-134500-0004.wav,generated_audios/generated_H2_256C_int8/237-134500-0004_generated.wav,2.225034,0.13895,0.135554,0.062449,0.060922,3.535092,0.975203,0.270172
H2_256C_quantized_no_upsample,237-134500-0005.wav,generated_audios/generated_H2_256C_int8/237-134500-0005_generated.wav,2.390023,0.610721,0.607363,0.255529,0.254124,2.556089,0.961319,0.305877
H2_256C_quantized_no_upsample,237-134500-0006.wav,generated_audios/generated_H2_256C_int8/237-134500-0006_generated.wav,4.225034,1.029342,1.025726,0.243629,0.242773,2.824374,0.956026,0.311816
H2_256C_quantized_no_upsample,237-134500-0007.wav,generated_audios/generated_H2_256C_int8/237-134500-0007_generated.wav,2.390023,0.131494,0.128419,0.055018,0.053731,2.990949,0.954216,0.306695
H2_256C_quantized_no_upsample,237-134500-0008.wav,generated_audios/generated_H2_256C_int8/237-134500-0008_generated.wav,3.76,0.204262,0.20088,0.054325,0.053425,2.95633,0.953441,0.305239
H2_256C_quantized_no_upsample,237-134500-0009.wav,generated_audios/generated_H2_256C_int8/237-134500-0009_generated.wav,2.22,0.13061,0.127235,0.058833,0.057313,3.098152,0.951744,0.30658
H2_256C_quantized_no_upsample,237-134500-0010.wav,generated_audios/generated_H2_256C_int8/237-134500-0010_generated.wav,3.995011,1.010607,1.007206,0.252967,0.252116,2.689083,0.959654,0.309889
H2_256C_quantized_no_upsample,237-134500-0011.wav,generated_audios/generated_H2_256C_int8/237-134500-0011_generated.wav,3.350023,0.81985,0.816152,0.24473,0.243626,2.911961,0.95165,0.302547
H2_256C_quantized_no_upsample,237-134500-0012.wav,generated_audios/generated_H2_256C_int8/237-134500-0012_generated.wav,10.935011,2.74802,2.744284,0.251305,0.250963,2.915889,0.962513,0.296136
H2_256C_quantized_no_upsample,237-134500-0013.wav,generated_audios/generated_H2_256C_int8/237-134500-0013_generated.wav,10.56,0.595979,0.591567,0.056437,0.05602,3.166079,0.97318,0.279989
H2_256C_quantized_no_upsample,237-134500-0014.wav,generated_audios/generated_H2_256C_int8/237-134500-0014_generated.wav,4.250023,0.236607,0.232815,0.055672,0.05478,2.988133,0.964146,0.28319
H2_256C_quantized_no_upsample,237-134500-0015.wav,generated_audios/generated_H2_256C_int8/237-134500-0015_generated.wav,10.815011,2.671396,2.667245,0.247008,0.246624,3.221471,0.97345,0.28674
H2_256C_quantized_no_upsample,237-134500-0016.wav,generated_audios/generated_H2_256C_int8/237-134500-0016_generated.wav,3.16,0.194635,0.191399,0.061593,0.060569,2.541236,0.929551,0.329042
H2_256C_quantized_no_upsample,237-134500-0017.wav,generated_audios/generated_H2_256C_int8/237-134500-0017_generated.wav,2.18,0.124425,0.121201,0.057076,0.055597,2.962126,0.96775,0.289857
H2_256C_quantized_no_upsample,237-134500-0018.wav,generated_audios/generated_H2_256C_int8/237-134500-0018_generated.wav,12.845034,3.535041,3.530637,0.275207,0.274864,3.3704,0.973267,0.282622
H2_256C_quantized_no_upsample,237-134500-0019.wav,generated_audios/generated_H2_256C_int8/237-134500-0019_generated.wav,2.86,0.70635,0.703345,0.246975,0.245925,3.140354,0.96685,0.292144
H2_256C_quantized_no_upsample,237-134500-0020.wav,generated_audios/generated_H2_256C_int8/237-134500-0020_generated.wav,2.18,0.125191,0.12183,0.057427,0.055885,3.233296,0.969496,0.289203
H2_256C_quantized_no_upsample,237-134500-0021.wav,generated_audios/generated_H2_256C_int8/237-134500-0021_generated.wav,5.12,1.2441,1.240519,0.242988,0.242289,2.654876,0.930686,0.322144
H2_256C_quantized_no_upsample,237-134500-0022.wav,generated_audios/generated_H2_256C_int8/237-134500-0022_generated.wav,5.165034,1.245754,1.242223,0.24119,0.240506,2.682066,0.949482,0.322171
H2_256C_quantized_no_upsample,237-134500-0023.wav,generated_audios/generated_H2_256C_int8/237-134500-0023_generated.wav,3.06,0.760494,0.757235,0.248527,0.247462,2.831762,0.968786,0.302992
H2_256C_quantized_no_upsample,237-134500-0024.wav,generated_audios/generated_H2_256C_int8/237-134500-0024_generated.wav,4.410023,0.253606,0.25062,0.057507,0.05683,3.104766,0.96328,0.285923
H2_256C_quantized_no_upsample,237-134500-0025.wav,generated_audios/generated_H2_256C_int8/237-134500-0025_generated.wav,1.630023,0.411813,0.408644,0.252642,0.250698,2.905427,0.96018,0.307129
H2_256C_quantized_no_upsample,237-134500-0026.wav,generated_audios/generated_H2_256C_int8/237-134500-0026_generated.wav,3.050023,0.756938,0.75342,0.248174,0.247021,2.681111,0.952507,0.309213
H2_256C_quantized_no_upsample,237-134500-0027.wav,generated_audios/generated_H2_256C_int8/237-134500-0027_generated.wav,3.270023,0.815151,0.812197,0.24928,0.248377,3.195972,0.96499,0.281759
H2_256C_quantized_no_upsample,237-134500-0028.wav,generated_audios/generated_H2_256C_int8/237-134500-0028_generated.wav,4.524943,1.135265,1.132244,0.25089,0.250223,3.132632,0.964246,0.298493
H2_256C_quantized_no_upsample,237-134500-0029.wav,generated_audios/generated_H2_256C_int8/237-134500-0029_generated.wav,2.065034,0.506104,0.502803,0.245083,0.243484,2.858061,0.972675,0.281713
H2_256C_quantized_no_upsample,237-134500-0030.wav,generated_audios/generated_H2_256C_int8/237-134500-0030_generated.wav,2.78,0.698138,0.694745,0.251129,0.249908,2.865559,0.957476,0.307859
H2_256C_quantized_no_upsample,237-134500-0031.wav,generated_audios/generated_H2_256C_int8/237-134500-0031_generated.wav,10.610023,2.733201,2.728475,0.257606,0.25716,3.020989,0.968146,0.286701
H2_256C_quantized_no_upsample,237-134500-0032.wav,generated_audios/generated_H2_256C_int8/237-134500-0032_generated.wav,5.025034,0.296183,0.292706,0.058941,0.058249,3.123159,0.970672,0.285243
H2_256C_quantized_no_upsample,237-134500-0033.wav,generated_audios/generated_H2_256C_int8/237-134500-0033_generated.wav,6.350023,1.552809,1.549268,0.244536,0.243978,3.131116,0.964332,0.291502
H2_256C_quantized_no_upsample,237-134500-0034.wav,generated_audios/generated_H2_256C_int8/237-134500-0034_generated.wav,3.075011,0.748603,0.745182,0.243447,0.242335,3.005729,0.960918,0.289209
H2_256C_quantized_no_upsample,237-134500-0035.wav,generated_audios/generated_H2_256C_int8/237-134500-0035_generated.wav,2.555011,0.651651,0.648403,0.255048,0.253777,2.935082,0.969373,0.299263
H2_256C_quantized_no_upsample,237-134500-0036.wav,generated_audios/generated_H2_256C_int8/237-134500-0036_generated.wav,6.6,1.631473,1.627824,0.247193,0.24664,3.006664,0.967373,0.285964
H2_256C_quantized_no_upsample,237-134500-0037.wav,generated_audios/generated_H2_256C_int8/237-134500-0037_generated.wav,7.105034,1.75908,1.755354,0.247582,0.247058,2.600128,0.942458,0.329886
H2_256C_quantized_no_upsample,237-134500-0038.wav,generated_audios/generated_H2_256C_int8/237-134500-0038_generated.wav,2.435011,0.607878,0.604631,0.249641,0.248307,2.701073,0.951988,0.31504
H2_256C_quantized_no_upsample,237-134500-0039.wav,generated_audios/generated_H2_256C_int8/237-134500-0039_generated.wav,4.630023,1.157762,1.154209,0.250055,0.249288,2.79867,0.942255,0.329331
H2_256C_quantized_no_upsample,237-134500-0040.wav,generated_audios/generated_H2_256C_int8/237-134500-0040_generated.wav,4.030023,0.232325,0.229081,0.057648,0.056844,2.709417,0.958334,0.30321
H2_256C_quantized_no_upsample,237-134500-0041.wav,generated_audios/generated_H2_256C_int8/237-134500-0041_generated.wav,8.92,0.545538,0.541828,0.061159,0.060743,3.313787,0.977796,0.281533
H2_256C_quantized_no_upsample,237-134500-0042.wav,generated_audios/generated_H2_256C_int8/237-134500-0042_generated.wav,2.575011,0.650342,0.646506,0.252559,0.251069,2.925717,0.933646,0.32901
H2_256C_quantized_no_upsample,260-123286-0000.wav,generated_audios/generated_H2_256C_int8/260-123286-0000_generated.wav,7.04,1.724657,1.721046,0.24498,0.244467,2.606996,0.957546,0.482375
H2_256C_quantized_no_upsample,260-123286-0001.wav,generated_audios/generated_H2_256C_int8/260-123286-0001_generated.wav,3.070023,0.169569,0.165887,0.055234,0.054034,2.387079,0.96051,0.479028
H2_256C_quantized_no_upsample,260-123286-0002.wav,generated_audios/generated_H2_256C_int8/260-123286-0002_generated.wav,9.985034,2.506917,2.503705,0.251067,0.250746,2.504112,0.9582,0.398659
H2_256C_quantized_no_upsample,260-123286-0003.wav,generated_audios/generated_H2_256C_int8/260-123286-0003_generated.wav,7.370023,1.815559,1.812035,0.246344,0.245866,2.216437,0.943446,0.440744
H2_256C_quantized_no_upsample,260-123286-0004.wav,generated_audios/generated_H2_256C_int8/260-123286-0004_generated.wav,3.465034,0.872625,0.869514,0.251837,0.25094,2.272049,0.950905,0.488894
H2_256C_quantized_no_upsample,260-123286-0005.wav,generated_audios/generated_H2_256C_int8/260-123286-0005_generated.wav,4.810023,1.18132,1.177853,0.245595,0.244875,2.266679,0.949871,0.368157
H2_256C_quantized_no_upsample,260-123286-0006.wav,generated_audios/generated_H2_256C_int8/260-123286-0006_generated.wav,7.405034,1.841474,1.837939,0.248679,0.248201,2.596742,0.959682,0.353778
H2_256C_quantized_no_upsample,260-123286-0007.wav,generated_audios/generated_H2_256C_int8/260-123286-0007_generated.wav,4.550023,1.115472,1.112154,0.245158,0.244428,2.404583,0.954617,0.350146
H2_256C_quantized_no_upsample,260-123286-0008.wav,generated_audios/generated_H2_256C_int8/260-123286-0008_generated.wav,3.735011,0.911937,0.908661,0.244159,0.243282,2.445296,0.962252,0.391869
H2_256C_quantized_no_upsample,260-123286-0009.wav,generated_audios/generated_H2_256C_int8/260-123286-0009_generated.wav,5.795011,1.412417,1.408358,0.24373,0.243029,2.396465,0.953464,0.366259
H2_256C_quantized_no_upsample,260-123286-0010.wav,generated_audios/generated_H2_256C_int8/260-123286-0010_generated.wav,2.575011,0.145753,0.142149,0.056603,0.055203,2.539675,0.96415,0.468181
H2_256C_quantized_no_upsample,260-123286-0011.wav,generated_audios/generated_H2_256C_int8/260-123286-0011_generated.wav,4.255011,0.234875,0.231608,0.0552,0.054432,2.471028,0.950585,0.40198
H2_256C_quantized_no_upsample,260-123286-0012.wav,generated_audios/generated_H2_256C_int8/260-123286-0012_generated.wav,2.430023,0.13803,0.134743,0.056802,0.055449,2.36793,0.957106,0.44703
H2_256C_quantized_no_upsample,260-123286-0013.wav,generated_audios/generated_H2_256C_int8/260-123286-0013_generated.wav,4.730023,1.167286,1.16386,0.246782,0.246058,2.546604,0.949181,0.426668
H2_256C_quantized_no_upsample,260-123286-0014.wav,generated_audios/generated_H2_256C_int8/260-123286-0014_generated.wav,2.98,0.179353,0.176256,0.060186,0.059146,2.067243,0.947842,0.473061
H2_256C_quantized_no_upsample,260-123286-0015.wav,generated_audios/generated_H2_256C_int8/260-123286-0015_generated.wav,5.210023,1.326002,1.322713,0.25451,0.253879,2.256545,0.954141,0.451336
H2_256C_quantized_no_upsample,260-123286-0016.wav,generated_audios/generated_H2_256C_int8/260-123286-0016_generated.wav,7.0,1.739848,1.735779,0.24855,0.247968,2.367134,0.948412,0.372682
H2_256C_quantized_no_upsample,260-123286-0017.wav,generated_audios/generated_H2_256C_int8/260-123286-0017_generated.wav,3.975011,0.980094,0.976382,0.246564,0.24563,2.379051,0.951792,0.396916
H2_256C_quantized_no_upsample,260-123286-0018.wav,generated_audios/generated_H2_256C_int8/260-123286-0018_generated.wav,5.670023,1.408099,1.404302,0.248341,0.247671,2.701369,0.949823,0.34254
H2_256C_quantized_no_upsample,260-123286-0019.wav,generated_audios/generated_H2_256C_int8/260-123286-0019_generated.wav,11.905034,3.347603,3.343379,0.281192,0.280837,2.402344,0.958173,0.376008
H2_256C_quantized_no_upsample,260-123286-0020.wav,generated_audios/generated_H2_256C_int8/260-123286-0020_generated.wav,3.06,0.173297,0.169633,0.056633,0.055436,2.551026,0.967195,0.613142
H2_256C_quantized_no_upsample,260-123286-0021.wav,generated_audios/generated_H2_256C_int8/260-123286-0021_generated.wav,2.550023,0.628053,0.625011,0.246293,0.2451,2.474877,0.971981,0.463801
H2_256C_quantized_no_upsample,260-123286-0022.wav,generated_audios/generated_H2_256C_int8/260-123286-0022_generated.wav,3.235011,0.825363,0.822103,0.255135,0.254127,2.666927,0.957863,0.437413
H2_256C_quantized_no_upsample,260-123286-0023.wav,generated_audios/generated_H2_256C_int8/260-123286-0023_generated.wav,5.875011,1.456458,1.452595,0.247907,0.24725,2.429305,0.95337,0.320052
H2_256C_quantized_no_upsample,260-123286-0024.wav,generated_audios/generated_H2_256C_int8/260-123286-0024_generated.wav,3.04,0.738234,0.734662,0.24284,0.241665,2.996391,0.95996,0.379227
H2_256C_quantized_no_upsample,260-123286-0025.wav,generated_audios/generated_H2_256C_int8/260-123286-0025_generated.wav,9.205034,2.290036,2.286213,0.248781,0.248366,2.415851,0.949721,0.34884
H2_256C_quantized_no_upsample,260-123286-0026.wav,generated_audios/generated_H2_256C_int8/260-123286-0026_generated.wav,6.94,1.718445,1.714856,0.247615,0.247097,2.468152,0.953919,0.317425
H2_256C_quantized_no_upsample,260-123286-0027.wav,generated_audios/generated_H2_256C_int8/260-123286-0027_generated.wav,7.170023,1.766785,1.763078,0.246413,0.245896,2.488522,0.943776,0.300056
H2_256C_quantized_no_upsample,260-123286-0028.wav,generated_audios/generated_H2_256C_int8/260-123286-0028_generated.wav,7.465034,1.830419,1.825961,0.245199,0.244602,2.511012,0.943976,0.354722
H2_256C_quantized_no_upsample,260-123286-0029.wav,generated_audios/generated_H2_256C_int8/260-123286-0029_generated.wav,4.545034,0.240049,0.236829,0.052816,0.052107,2.381783,0.95674,0.377011
H2_256C_quantized_no_upsample,260-123286-0030.wav,generated_audios/generated_H2_256C_int8/260-123286-0030_generated.wav,7.530023,0.442701,0.439196,0.058791,0.058326,2.498555,0.955107,0.358284
H2_256C_quantized_no_upsample,260-123286-0031.wav,generated_audios/generated_H2_256C_int8/260-123286-0031_generated.wav,5.06,1.239765,1.236995,0.245013,0.244465,2.635619,0.95621,0.494211
H2_256C_quantized_no_upsample,260-123288-0000.wav,generated_audios/generated_H2_256C_int8/260-123288-0000_generated.wav,3.04,0.163742,0.160821,0.053863,0.052901,2.750442,0.955977,0.442401
H2_256C_quantized_no_upsample,260-123288-0001.wav,generated_audios/generated_H2_256C_int8/260-123288-0001_generated.wav,5.08,0.292141,0.288393,0.057508,0.05677,2.263812,0.950364,0.54171
H2_256C_quantized_no_upsample,260-123288-0002.wav,generated_audios/generated_H2_256C_int8/260-123288-0002_generated.wav,7.250023,1.817081,1.812999,0.250631,0.250068,2.584761,0.948065,0.350997
H2_256C_quantized_no_upsample,260-123288-0003.wav,generated_audios/generated_H2_256C_int8/260-123288-0003_generated.wav,8.905034,2.253494,2.24921,0.253058,0.252577,2.485583,0.960322,0.357745
H2_256C_quantized_no_upsample,260-123288-0004.wav,generated_audios/generated_H2_256C_int8/260-123288-0004_generated.wav,4.310023,1.087473,1.083681,0.252313,0.251433,2.464876,0.940444,0.598199
H2_256C_quantized_no_upsample,260-123288-0005.wav,generated_audios/generated_H2_256C_int8/260-123288-0005_generated.wav,12.550023,3.468416,3.464089,0.276367,0.276023,2.296613,0.946232,0.359561
H2_256C_quantized_no_upsample,260-123288-0006.wav,generated_audios/generated_H2_256C_int8/260-123288-0006_generated.wav,4.88,1.200405,1.196592,0.245985,0.245203,2.467508,0.947666,0.41869
H2_256C_quantized_no_upsample,260-123288-0007.wav,generated_audios/generated_H2_256C_int8/260-123288-0007_generated.wav,11.2,2.843946,2.839497,0.253924,0.253527,2.592521,0.951004,0.345259
H2_256C_quantized_no_upsample,260-123288-0008.wav,generated_audios/generated_H2_256C_int8/260-123288-0008_generated.wav,5.515011,1.394882,1.391052,0.252925,0.25223,2.566033,0.957925,0.329994
H2_256C_quantized_no_upsample,260-123288-0009.wav,generated_audios/generated_H2_256C_int8/260-123288-0009_generated.wav,3.435011,0.850488,0.848204,0.247594,0.246929,2.745774,0.961229,0.411888
H2_256C_quantized_no_upsample,260-123288-0010.wav,generated_audios/generated_H2_256C_int8/260-123288-0010_generated.wav,9.995011,0.565713,0.561446,0.056599,0.056173,2.484631,0.948148,0.367324
H2_256C_quantized_no_upsample,260-123288-0011.wav,generated_audios/generated_H2_256C_int8/260-123288-0011_generated.wav,8.98,2.217321,2.213053,0.246918,0.246442,2.243919,0.954246,0.361512
H2_256C_quantized_no_upsample,260-123288-0012.wav,generated_audios/generated_H2_256C_int8/260-123288-0012_generated.wav,3.545034,0.891442,0.887818,0.251462,0.25044,2.380945,0.951252,0.454374
H2_256C_quantized_no_upsample,260-123288-0013.wav,generated_audios/generated_H2_256C_int8/260-123288-0013_generated.wav,11.385079,2.906221,2.902318,0.255266,0.254923,2.604385,0.955712,0.32013
H2_256C_quantized_no_upsample,260-123288-0014.wav,generated_audios/generated_H2_256C_int8/260-123288-0014_generated.wav,1.805034,0.114271,0.110918,0.063307,0.061449,2.885104,0.957053,0.410743
H2_256C_quantized_no_upsample,260-123288-0015.wav,generated_audios/generated_H2_256C_int8/260-123288-0015_generated.wav,21.185034,5.771849,5.766371,0.272449,0.272191,2.461503,0.953359,0.392478
H2_256C_quantized_no_upsample,260-123288-0016.wav,generated_audios/generated_H2_256C_int8/260-123288-0016_generated.wav,4.865034,1.224091,1.22066,0.25161,0.250905,2.373737,0.93769,0.41819
H2_256C_quantized_no_upsample,260-123288-0017.wav,generated_audios/generated_H2_256C_int8/260-123288-0017_generated.wav,5.225034,1.272583,1.268994,0.243555,0.242868,2.558773,0.969809,0.343966
H2_256C_quantized_no_upsample,260-123288-0018.wav,generated_audios/generated_H2_256C_int8/260-123288-0018_generated.wav,3.245034,0.807945,0.804452,0.248979,0.247903,2.570209,0.962879,0.329145
H2_256C_quantized_no_upsample,260-123288-0019.wav,generated_audios/generated_H2_256C_int8/260-123288-0019_generated.wav,2.955011,0.17885,0.175422,0.060524,0.059364,2.919086,0.958569,0.453901
H2_256C_quantized_no_upsample,260-123288-0020.wav,generated_audios/generated_H2_256C_int8/260-123288-0020_generated.wav,2.9,0.712394,0.708996,0.245653,0.244482,2.329516,0.949984,0.430461
H2_256C_quantized_no_upsample,260-123288-0021.wav,generated_audios/generated_H2_256C_int8/260-123288-0021_generated.wav,2.710023,0.160681,0.158566,0.059291,0.058511,2.45073,0.94574,0.397443
H2_256C_quantized_no_upsample,260-123288-0022.wav,generated_audios/generated_H2_256C_int8/260-123288-0022_generated.wav,3.705034,0.92436,0.920917,0.249488,0.248558,2.699506,0.954591,0.399836
H2_256C_quantized_no_upsample,260-123288-0023.wav,generated_audios/generated_H2_256C_int8/260-123288-0023_generated.wav,2.385034,0.149152,0.145694,0.062536,0.061087,2.57589,0.92881,0.513618
H2_256C_quantized_no_upsample,260-123288-0024.wav,generated_audios/generated_H2_256C_int8/260-123288-0024_generated.wav,14.595011,3.976861,3.97215,0.272481,0.272158,2.497132,0.957598,0.324331
H2_256C_quantized_no_upsample,260-123288-0025.wav,generated_audios/generated_H2_256C_int8/260-123288-0025_generated.wav,13.445034,3.636056,3.631278,0.270439,0.270083,2.653739,0.952268,0.35245
H2_256C_quantized_no_upsample,260-123288-0026.wav,generated_audios/generated_H2_256C_int8/260-123288-0026_generated.wav,16.04,4.32203,4.316691,0.269453,0.26912,2.676927,0.962576,0.323373
H2_256C_quantized_no_upsample,260-123288-0027.wav,generated_audios/generated_H2_256C_int8/260-123288-0027_generated.wav,6.305034,1.555653,1.551666,0.246732,0.2461,2.928601,0.968558,0.337377
H2_256C_quantized_no_upsample,260-123288-0028.wav,generated_audios/generated_H2_256C_int8/260-123288-0028_generated.wav,2.610023,0.670727,0.6673,0.256981,0.255668,3.019099,0.96876,0.46196
H2_256C_quantized_no_upsample,260-123440-0000.wav,generated_audios/generated_H2_256C_int8/260-123440-0000_generated.wav,2.165034,0.529092,0.525681,0.244381,0.242805,1.091195,0.809579,1.910598
H2_256C_quantized_no_upsample,260-123440-0001.wav,generated_audios/generated_H2_256C_int8/260-123440-0001_generated.wav,1.74,0.444599,0.441195,0.255517,0.253561,1.136065,0.856469,1.569486
H2_256C_quantized_no_upsample,260-123440-0002.wav,generated_audios/generated_H2_256C_int8/260-123440-0002_generated.wav,14.715011,4.050381,4.045707,0.275255,0.274937,1.130138,0.831419,1.765878
H2_256C_quantized_no_upsample,260-123440-0003.wav,generated_audios/generated_H2_256C_int8/260-123440-0003_generated.wav,3.585034,0.905148,0.901694,0.25248,0.251516,1.152449,0.862211,1.678496
H2_256C_quantized_no_upsample,260-123440-0004.wav,generated_audios/generated_H2_256C_int8/260-123440-0004_generated.wav,12.02,3.284141,3.27948,0.273223,0.272835,1.126342,0.844665,1.537765
H2_256C_quantized_no_upsample,260-123440-0005.wav,generated_audios/generated_H2_256C_int8/260-123440-0005_generated.wav,3.105034,0.191459,0.187937,0.061661,0.060526,1.114672,0.838043,1.600928
H2_256C_quantized_no_upsample,260-123440-0006.wav,generated_audios/generated_H2_256C_int8/260-123440-0006_generated.wav,2.715011,0.15503,0.151486,0.057101,0.055796,1.138999,0.828184,1.586899
H2_256C_quantized_no_upsample,260-123440-0007.wav,generated_audios/generated_H2_256C_int8/260-123440-0007_generated.wav,3.385034,0.827851,0.824399,0.244562,0.243542,1.136511,0.820143,1.609621
H2_256C_quantized_no_upsample,260-123440-0008.wav,generated_audios/generated_H2_256C_int8/260-123440-0008_generated.wav,3.745034,0.944505,0.941447,0.252202,0.251385,1.11409,0.829607,1.548355
H2_256C_quantized_no_upsample,260-123440-0009.wav,generated_audios/generated_H2_256C_int8/260-123440-0009_generated.wav,3.115011,0.776028,0.773022,0.249125,0.24816,1.165295,0.884297,1.271034
H2_256C_quantized_no_upsample,260-123440-0010.wav,generated_audios/generated_H2_256C_int8/260-123440-0010_generated.wav,8.315011,2.087867,2.084811,0.251096,0.250729,1.154414,0.812026,1.397218
H2_256C_quantized_no_upsample,260-123440-0011.wav,generated_audios/generated_H2_256C_int8/260-123440-0011_generated.wav,4.870023,0.265194,0.261407,0.054454,0.053677,1.177186,0.861496,1.597801
H2_256C_quantized_no_upsample,260-123440-0012.wav,generated_audios/generated_H2_256C_int8/260-123440-0012_generated.wav,5.245034,1.312592,1.308884,0.250254,0.249547,1.154942,0.854388,1.356538
H2_256C_quantized_no_upsample,260-123440-0013.wav,generated_audios/generated_H2_256C_int8/260-123440-0013_generated.wav,3.475011,0.879909,0.87581,0.25321,0.252031,1.175704,0.844061,1.659715
H2_256C_quantized_no_upsample,260-123440-0014.wav,generated_audios/generated_H2_256C_int8/260-123440-0014_generated.wav,3.815011,0.957222,0.953873,0.250909,0.250032,1.219266,0.872388,1.869492
H2_256C_quantized_no_upsample,260-123440-0015.wav,generated_audios/generated_H2_256C_int8/260-123440-0015_generated.wav,6.2,0.358687,0.354835,0.057853,0.057231,1.178475,0.865849,1.381706
H2_256C_quantized_no_upsample,260-123440-0016.wav,generated_audios/generated_H2_256C_int8/260-123440-0016_generated.wav,4.895011,1.230771,1.226814,0.251434,0.250625,1.177711,0.896034,1.412767
H2_256C_quantized_no_upsample,260-123440-0017.wav,generated_audios/generated_H2_256C_int8/260-123440-0017_generated.wav,3.070023,0.187744,0.184337,0.061154,0.060044,1.117784,0.812859,1.666704
H2_256C_quantized_no_upsample,260-123440-0018.wav,generated_audios/generated_H2_256C_int8/260-123440-0018_generated.wav,3.64,0.927908,0.925073,0.25492,0.254141,1.193885,0.878824,1.752983
H2_256C_quantized_no_upsample,260-123440-0019.wav,generated_audios/generated_H2_256C_int8/260-123440-0019_generated.wav,6.630023,1.662016,1.65842,0.25068,0.250138,1.130861,0.829894,1.493692
H2_256C_quantized_no_upsample,260-123440-0020.wav,generated_audios/generated_H2_256C_int8/260-123440-0020_generated.wav,4.995011,1.254821,1.251092,0.251215,0.250468,1.142159,0.830556,1.827337
H2_256C_quantized_no_upsample,61-70968-0000.wav,generated_audios/generated_H2_256C_int8/61-70968-0000_generated.wav,4.905034,1.236104,1.232316,0.252007,0.251235,1.111201,0.822285,1.269274
H2_256C_quantized_no_upsample,61-70968-0001.wav,generated_audios/generated_H2_256C_int8/61-70968-0001_generated.wav,3.610023,0.906763,0.903767,0.251179,0.250349,1.14346,0.808127,1.244416
H2_256C_quantized_no_upsample,61-70968-0002.wav,generated_audios/generated_H2_256C_int8/61-70968-0002_generated.wav,2.970023,0.731175,0.727759,0.246185,0.245035,1.155218,0.783433,1.30748
H2_256C_quantized_no_upsample,61-70968-0003.wav,generated_audios/generated_H2_256C_int8/61-70968-0003_generated.wav,4.315011,0.236993,0.233044,0.054923,0.054008,1.206805,0.818919,1.264628
H2_256C_quantized_no_upsample,61-70968-0004.wav,generated_audios/generated_H2_256C_int8/61-70968-0004_generated.wav,3.885034,0.982605,0.97891,0.252921,0.251969,1.213754,0.828379,1.264302
H2_256C_quantized_no_upsample,61-70968-0005.wav,generated_audios/generated_H2_256C_int8/61-70968-0005_generated.wav,5.070023,0.293805,0.290044,0.057949,0.057208,1.119301,0.743915,1.372652
H2_256C_quantized_no_upsample,61-70968-0006.wav,generated_audios/generated_H2_256C_int8/61-70968-0006_generated.wav,2.935011,0.717411,0.713972,0.244432,0.24326,1.191626,0.819796,1.328025
H2_256C_quantized_no_upsample,61-70968-0007.wav,generated_audios/generated_H2_256C_int8/61-70968-0007_generated.wav,3.550023,0.190413,0.187142,0.053637,0.052716,1.094613,0.690357,1.31225
H2_256C_quantized_no_upsample,61-70968-0008.wav,generated_audios/generated_H2_256C_int8/61-70968-0008_generated.wav,3.535011,0.211658,0.208207,0.059875,0.058899,1.116969,0.790569,1.203614
H2_256C_quantized_no_upsample,61-70968-0009.wav,generated_audios/generated_H2_256C_int8/61-70968-0009_generated.wav,4.510023,1.134653,1.130734,0.251585,0.250716,1.140216,0.704088,1.444571
H2_256C_quantized_no_upsample,61-70968-0010.wav,generated_audios/generated_H2_256C_int8/61-70968-0010_generated.wav,8.295011,2.069602,2.064993,0.2495,0.248944,1.146221,0.780042,1.299608
H2_256C_quantized_no_upsample,61-70968-0011.wav,generated_audios/generated_H2_256C_int8/61-70968-0011_generated.wav,6.375011,1.60077,1.596793,0.251101,0.250477,1.174184,0.814594,1.21935
H2_256C_quantized_no_upsample,61-70968-0012.wav,generated_audios/generated_H2_256C_int8/61-70968-0012_generated.wav,2.610023,0.155586,0.151986,0.059611,0.058232,1.265129,0.914307,1.051265
H2_256C_quantized_no_upsample,61-70968-0013.wav,generated_audios/generated_H2_256C_int8/61-70968-0013_generated.wav,4.450023,0.25623,0.252693,0.05758,0.056785,1.192044,0.801129,1.277154
H2_256C_quantized_no_upsample,61-70968-0014.wav,generated_audios/generated_H2_256C_int8/61-70968-0014_generated.wav,7.485034,1.894699,1.890486,0.253132,0.252569,1.182067,0.813891,1.284544
H2_256C_quantized_no_upsample,61-70968-0015.wav,generated_audios/generated_H2_256C_int8/61-70968-0015_generated.wav,5.375011,1.321821,1.318896,0.24592,0.245376,1.202726,0.846073,1.203454
H2_256C_quantized_no_upsample,61-70968-0016.wav,generated_audios/generated_H2_256C_int8/61-70968-0016_generated.wav,3.72,0.959709,0.956147,0.257986,0.257029,1.226276,0.876592,1.107549
H2_256C_quantized_no_upsample,61-70968-0017.wav,generated_audios/generated_H2_256C_int8/61-70968-0017_generated.wav,5.110023,1.286531,1.282904,0.251766,0.251056,1.167935,0.837953,1.147028
H2_256C_quantized_no_upsample,61-70968-0018.wav,generated_audios/generated_H2_256C_int8/61-70968-0018_generated.wav,2.405034,0.605261,0.601965,0.251664,0.250294,1.166608,0.844658,1.340381
H2_256C_quantized_no_upsample,61-70968-0019.wav,generated_audios/generated_H2_256C_int8/61-70968-0019_generated.wav,5.475011,1.34138,1.33766,0.245,0.244321,1.155437,0.819313,1.281937
H2_256C_quantized_no_upsample,61-70968-0020.wav,generated_audios/generated_H2_256C_int8/61-70968-0020_generated.wav,5.105034,1.277494,1.273907,0.250242,0.249539,1.314314,0.831988,1.022661
H2_256C_quantized_no_upsample,61-70968-0021.wav,generated_audios/generated_H2_256C_int8/61-70968-0021_generated.wav,2.690023,0.666755,0.663353,0.247862,0.246598,1.246282,0.796045,1.265356
H2_256C_quantized_no_upsample,61-70968-0022.wav,generated_audios/generated_H2_256C_int8/61-70968-0022_generated.wav,4.670023,0.267846,0.264405,0.057354,0.056617,1.127534,0.747283,1.341072
H2_256C_quantized_no_upsample,61-70968-0023.wav,generated_audios/generated_H2_256C_int8/61-70968-0023_generated.wav,5.025034,0.295597,0.291991,0.058825,0.058107,1.342168,0.867051,1.111271
H2_256C_quantized_no_upsample,61-70968-0024.wav,generated_audios/generated_H2_256C_int8/61-70968-0024_generated.wav,6.025034,1.499367,1.495622,0.248856,0.248235,1.237856,0.825774,1.098855
H2_256C_quantized_no_upsample,61-70968-0025.wav,generated_audios/generated_H2_256C_int8/61-70968-0025_generated.wav,4.410023,0.247905,0.244283,0.056214,0.055393,1.24989,0.838056,1.144409
H2_256C_quantized_no_upsample,61-70968-0026.wav,generated_audios/generated_H2_256C_int8/61-70968-0026_generated.wav,4.92,1.227886,1.224371,0.24957,0.248856,1.231308,0.861487,1.165353
H2_256C_quantized_no_upsample,61-70968-0027.wav,generated_audios/generated_H2_256C_int8/61-70968-0027_generated.wav,6.870023,1.700988,1.69714,0.247596,0.247036,1.222655,0.826264,1.178446
H2_256C_quantized_no_upsample,61-70968-0028.wav,generated_audios/generated_H2_256C_int8/61-70968-0028_generated.wav,5.355011,1.339192,1.335432,0.250082,0.24938,1.219217,0.841432,1.192437
H2_256C_quantized_no_upsample,61-70968-0029.wav,generated_audios/generated_H2_256C_int8/61-70968-0029_generated.wav,3.495011,0.903243,0.899826,0.258438,0.25746,1.229781,0.830388,1.18456
H2_256C_quantized_no_upsample,61-70968-0030.wav,generated_audios/generated_H2_256C_int8/61-70968-0030_generated.wav,5.685034,1.412088,1.409381,0.248387,0.247911,1.193782,0.856678,1.109862
H2_256C_quantized_no_upsample,61-70968-0031.wav,generated_audios/generated_H2_256C_int8/61-70968-0031_generated.wav,2.925034,0.741622,0.7383,0.253543,0.252407,1.097615,0.761195,1.258576
H2_256C_quantized_no_upsample,61-70968-0032.wav,generated_audios/generated_H2_256C_int8/61-70968-0032_generated.wav,4.28,0.255236,0.251566,0.059635,0.058777,1.269696,0.802855,1.218846
H2_256C_quantized_no_upsample,61-70968-0033.wav,generated_audios/generated_H2_256C_int8/61-70968-0033_generated.wav,5.685034,0.316433,0.312692,0.055661,0.055003,1.222111,0.869169,1.19675
H2_256C_quantized_no_upsample,61-70968-0034.wav,generated_audios/generated_H2_256C_int8/61-70968-0034_generated.wav,4.230023,1.060541,1.056938,0.250718,0.249866,1.337628,0.870927,1.050273
H2_256C_quantized_no_upsample,61-70968-0035.wav,generated_audios/generated_H2_256C_int8/61-70968-0035_generated.wav,7.950023,1.982605,1.978399,0.249384,0.248855,1.177522,0.828453,1.145926
H2_256C_quantized_no_upsample,61-70968-0036.wav,generated_audios/generated_H2_256C_int8/61-70968-0036_generated.wav,2.934966,0.163652,0.160199,0.055759,0.054583,1.284924,0.870684,1.189206
H2_256C_quantized_no_upsample,61-70968-0037.wav,generated_audios/generated_H2_256C_int8/61-70968-0037_generated.wav,4.315011,0.230501,0.227095,0.053418,0.052629,1.116045,0.763461,1.387291
H2_256C_quantized_no_upsample,61-70968-0038.wav,generated_audios/generated_H2_256C_int8/61-70968-0038_generated.wav,2.050023,0.537441,0.534041,0.262164,0.260505,1.244473,0.669861,1.71588
H2_256C_quantized_no_upsample,61-70968-0039.wav,generated_audios/generated_H2_256C_int8/61-70968-0039_generated.wav,3.805034,0.926593,0.923037,0.243518,0.242583,1.183452,0.795748,1.460729
H2_256C_quantized_no_upsample,61-70968-0040.wav,generated_audios/generated_H2_256C_int8/61-70968-0040_generated.wav,3.950023,1.000828,0.99732,0.253373,0.252485,1.141892,0.823633,1.265486
H2_256C_quantized_no_upsample,61-70968-0041.wav,generated_audios/generated_H2_256C_int8/61-70968-0041_generated.wav,6.825034,0.398998,0.395221,0.058461,0.057907,1.210502,0.795788,1.322171
H2_256C_quantized_no_upsample,61-70968-0042.wav,generated_audios/generated_H2_256C_int8/61-70968-0042_generated.wav,2.785034,0.17087,0.167333,0.061353,0.060083,1.157665,0.816814,1.225837
H2_256C_quantized_no_upsample,61-70968-0043.wav,generated_audios/generated_H2_256C_int8/61-70968-0043_generated.wav,6.735011,1.706092,1.702047,0.253317,0.252716,1.17876,0.763163,1.255433
H2_256C_quantized_no_upsample,61-70968-0044.wav,generated_audios/generated_H2_256C_int8/61-70968-0044_generated.wav,2.770023,0.166891,0.163243,0.060249,0.058932,1.160985,0.797963,1.382431
H2_256C_quantized_no_upsample,61-70968-0045.wav,generated_audios/generated_H2_256C_int8/61-70968-0045_generated.wav,3.475011,0.196679,0.193154,0.056598,0.055584,1.15031,0.76901,1.364651
H2_256C_quantized_no_upsample,61-70968-0046.wav,generated_audios/generated_H2_256C_int8/61-70968-0046_generated.wav,3.550023,0.194483,0.191048,0.054783,0.053816,1.160451,0.793515,1.294265
H2_256C_quantized_no_upsample,61-70968-0047.wav,generated_audios/generated_H2_256C_int8/61-70968-0047_generated.wav,4.775011,1.177418,1.174455,0.246579,0.245959,1.18472,0.840425,1.190131
H2_256C_quantized_no_upsample,61-70968-0048.wav,generated_audios/generated_H2_256C_int8/61-70968-0048_generated.wav,3.02,0.767639,0.764273,0.254185,0.253071,1.13073,0.753699,1.487632
H2_256C_quantized_no_upsample,61-70968-0049.wav,generated_audios/generated_H2_256C_int8/61-70968-0049_generated.wav,8.250023,2.064326,2.060837,0.250221,0.249798,1.154579,0.781001,1.29555
H2_256C_quantized_no_upsample,61-70968-0050.wav,generated_audios/generated_H2_256C_int8/61-70968-0050_generated.wav,5.58,1.405119,1.401372,0.251813,0.251142,1.161756,0.757943,1.329981
H2_256C_quantized_no_upsample,61-70968-0051.wav,generated_audios/generated_H2_256C_int8/61-70968-0051_generated.wav,3.135011,0.837593,0.835287,0.267174,0.266438,1.207419,0.840856,1.338236
H2_256C_quantized_no_upsample,61-70968-0052.wav,generated_audios/generated_H2_256C_int8/61-70968-0052_generated.wav,2.650023,0.665695,0.662177,0.251203,0.249876,1.213239,0.845256,1.096789
H2_256C_quantized_no_upsample,61-70968-0053.wav,generated_audios/generated_H2_256C_int8/61-70968-0053_generated.wav,4.22,0.239609,0.236199,0.056779,0.055971,1.134092,0.761579,1.410316
H2_256C_quantized_no_upsample,61-70968-0054.wav,generated_audios/generated_H2_256C_int8/61-70968-0054_generated.wav,7.86,2.083966,2.080001,0.265136,0.264631,1.162928,0.801079,1.208105
H2_256C_quantized_no_upsample,61-70968-0055.wav,generated_audios/generated_H2_256C_int8/61-70968-0055_generated.wav,3.965034,0.234174,0.230409,0.05906,0.05811,1.244055,0.808563,1.294233
H2_256C_quantized_no_upsample,61-70968-0056.wav,generated_audios/generated_H2_256C_int8/61-70968-0056_generated.wav,3.565034,0.940703,0.93698,0.263869,0.262825,1.233481,0.832776,1.279878
H2_256C_quantized_no_upsample,61-70968-0057.wav,generated_audios/generated_H2_256C_int8/61-70968-0057_generated.wav,5.065034,0.271032,0.267319,0.05351,0.052777,1.13637,0.797005,1.255784
H2_256C_quantized_no_upsample,61-70968-0058.wav,generated_audios/generated_H2_256C_int8/61-70968-0058_generated.wav,1.82,0.481698,0.478387,0.264669,0.26285,1.116679,0.770554,1.361948
H2_256C_quantized_no_upsample,61-70968-0059.wav,generated_audios/generated_H2_256C_int8/61-70968-0059_generated.wav,2.170023,0.132943,0.129719,0.061264,0.059778,1.182297,0.847615,1.435998
H2_256C_quantized_no_upsample,61-70968-0060.wav,generated_audios/generated_H2_256C_int8/61-70968-0060_generated.wav,3.735011,0.22598,0.222352,0.060503,0.059532,1.321432,0.851019,1.063815
H2_256C_quantized_no_upsample,61-70968-0061.wav,generated_audios/generated_H2_256C_int8/61-70968-0061_generated.wav,5.530023,1.50536,1.501382,0.272216,0.271496,1.086089,0.748696,1.625073
H2_256C_quantized_no_upsample,61-70968-0062.wav,generated_audios/generated_H2_256C_int8/61-70968-0062_generated.wav,2.555011,0.152946,0.149554,0.059861,0.058533,1.184006,0.777728,1.332558
H2_256C_quantized_no_upsample,61-70970-0000.wav,generated_audios/generated_H2_256C_int8/61-70970-0000_generated.wav,6.075011,1.639284,1.635504,0.26984,0.269218,1.16365,0.854682,1.154933
H2_256C_quantized_no_upsample,61-70970-0001.wav,generated_audios/generated_H2_256C_int8/61-70970-0001_generated.wav,6.155011,1.708515,1.70477,0.277581,0.276973,1.27277,0.863175,1.174388
H2_256C_quantized_no_upsample,61-70970-0002.wav,generated_audios/generated_H2_256C_int8/61-70970-0002_generated.wav,4.165034,1.174731,1.170809,0.282046,0.281104,1.261518,0.777444,1.391972
H2_256C_quantized_no_upsample,61-70970-0003.wav,generated_audios/generated_H2_256C_int8/61-70970-0003_generated.wav,3.835011,1.057779,1.054436,0.275822,0.27495,1.283025,0.82448,1.121908
H2_256C_quantized_no_upsample,61-70970-0004.wav,generated_audios/generated_H2_256C_int8/61-70970-0004_generated.wav,10.515011,2.903151,2.898495,0.276096,0.275653,1.267568,0.8501,1.114209
H2_256C_quantized_no_upsample,61-70970-0005.wav,generated_audios/generated_H2_256C_int8/61-70970-0005_generated.wav,2.02,0.592056,0.588695,0.293097,0.291433,1.265307,0.797476,1.509633
H2_256C_quantized_no_upsample,61-70970-0006.wav,generated_audios/generated_H2_256C_int8/61-70970-0006_generated.wav,2.335011,0.689612,0.686292,0.295335,0.293914,1.169491,0.823362,1.400309
H2_256C_quantized_no_upsample,61-70970-0007.wav,generated_audios/generated_H2_256C_int8/61-70970-0007_generated.wav,4.485034,1.290902,1.286998,0.287824,0.286954,1.227228,0.799965,1.319152
H2_256C_quantized_no_upsample,61-70970-0008.wav,generated_audios/generated_H2_256C_int8/61-70970-0008_generated.wav,2.150023,0.654042,0.650708,0.304202,0.302652,1.299073,0.855094,1.367103
H2_256C_quantized_no_upsample,61-70970-0009.wav,generated_audios/generated_H2_256C_int8/61-70970-0009_generated.wav,3.405034,0.977544,0.973793,0.287088,0.285986,1.343687,0.884909,1.045259
H2_256C_quantized_no_upsample,61-70970-0010.wav,generated_audios/generated_H2_256C_int8/61-70970-0010_generated.wav,3.045034,0.174996,0.171508,0.057469,0.056324,1.487154,0.79616,1.198787
H2_256C_quantized_no_upsample,61-70970-0011.wav,generated_audios/generated_H2_256C_int8/61-70970-0011_generated.wav,6.075011,0.327668,0.323975,0.053937,0.053329,1.185991,0.789063,1.225249
H2_256C_quantized_no_upsample,61-70970-0012.wav,generated_audios/generated_H2_256C_int8/61-70970-0012_generated.wav,3.135011,0.171476,0.168724,0.054697,0.053819,1.242074,0.866849,1.123145
H2_256C_quantized_no_upsample,61-70970-0013.wav,generated_audios/generated_H2_256C_int8/61-70970-0013_generated.wav,4.350023,1.279961,1.276261,0.294242,0.293392,1.169552,0.822976,1.245333
H2_256C_quantized_no_upsample,61-70970-0014.wav,generated_audios/generated_H2_256C_int8/61-70970-0014_generated.wav,3.405034,0.184301,0.180767,0.054126,0.053088,1.261034,0.868132,1.194189
H2_256C_quantized_no_upsample,61-70970-0015.wav,generated_audios/generated_H2_256C_int8/61-70970-0015_generated.wav,8.415011,2.383501,2.379526,0.283244,0.282772,1.155847,0.832063,1.281888
H2_256C_quantized_no_upsample,61-70970-0016.wav,generated_audios/generated_H2_256C_int8/61-70970-0016_generated.wav,4.370023,1.242738,1.238733,0.284378,0.283461,1.1908,0.861288,1.284343
H2_256C_quantized_no_upsample,61-70970-0017.wav,generated_audios/generated_H2_256C_int8/61-70970-0017_generated.wav,2.550023,0.166131,0.162409,0.065149,0.063689,1.122328,0.75658,1.46347
H2_256C_quantized_no_upsample,61-70970-0018.wav,generated_audios/generated_H2_256C_int8/61-70970-0018_generated.wav,4.6,1.285995,1.282299,0.279564,0.278761,1.208683,0.790639,1.296338
H2_256C_quantized_no_upsample,61-70970-0019.wav,generated_audios/generated_H2_256C_int8/61-70970-0019_generated.wav,3.78,1.060269,1.056602,0.280494,0.279524,1.20631,0.812397,1.316051
H2_256C_quantized_no_upsample,61-70970-0020.wav,generated_audios/generated_H2_256C_int8/61-70970-0020_generated.wav,5.025034,0.284705,0.280885,0.056657,0.055897,1.156454,0.751551,1.532217
H2_256C_quantized_no_upsample,61-70970-0021.wav,generated_audios/generated_H2_256C_int8/61-70970-0021_generated.wav,5.405034,1.503235,1.499839,0.278118,0.277489,1.236305,0.820309,1.172198
H2_256C_quantized_no_upsample,61-70970-0022.wav,generated_audios/generated_H2_256C_int8/61-70970-0022_generated.wav,3.970023,0.213596,0.209994,0.053802,0.052895,1.299302,0.809475,1.249065
H2_256C_quantized_no_upsample,61-70970-0023.wav,generated_audios/generated_H2_256C_int8/61-70970-0023_generated.wav,3.705034,0.216127,0.212547,0.058333,0.057367,1.181701,0.835596,1.13069
H2_256C_quantized_no_upsample,61-70970-0024.wav,generated_audios/generated_H2_256C_int8/61-70970-0024_generated.wav,7.235011,2.044638,2.040674,0.282603,0.282055,1.255101,0.825008,1.160583
H2_256C_quantized_no_upsample,61-70970-0025.wav,generated_audios/generated_H2_256C_int8/61-70970-0025_generated.wav,7.435011,2.135065,2.130885,0.287164,0.286601,1.320512,0.861396,1.152526
H2_256C_quantized_no_upsample,61-70970-0026.wav,generated_audios/generated_H2_256C_int8/61-70970-0026_generated.wav,5.475011,0.292353,0.288517,0.053398,0.052697,1.379905,0.842279,1.074111
H2_256C_quantized_no_upsample,61-70970-0027.wav,generated_audios/generated_H2_256C_int8/61-70970-0027_generated.wav,5.08,0.294716,0.291255,0.058015,0.057334,1.219151,0.816786,1.158369
H2_256C_quantized_no_upsample,61-70970-0028.wav,generated_audios/generated_H2_256C_int8/61-70970-0028_generated.wav,6.550023,0.370919,0.367168,0.056629,0.056056,1.294606,0.869787,1.048708
H2_256C_quantized_no_upsample,61-70970-0029.wav,generated_audios/generated_H2_256C_int8/61-70970-0029_generated.wav,4.030023,0.235309,0.231558,0.058389,0.057458,1.313936,0.802915,1.231994
H2_256C_quantized_no_upsample,61-70970-0030.wav,generated_audios/generated_H2_256C_int8/61-70970-0030_generated.wav,3.24,0.190078,0.186419,0.058666,0.057537,1.243659,0.810018,1.07219
H2_256C_quantized_no_upsample,61-70970-0031.wav,generated_audios/generated_H2_256C_int8/61-70970-0031_generated.wav,5.135011,1.433901,1.430222,0.27924,0.278524,1.122419,0.813565,1.214654
H2_256C_quantized_no_upsample,61-70970-0032.wav,generated_audios/generated_H2_256C_int8/61-70970-0032_generated.wav,3.135011,0.170801,0.167196,0.054482,0.053332,1.181036,0.794462,1.272542
H2_256C_quantized_no_upsample,61-70970-0033.wav,generated_audios/generated_H2_256C_int8/61-70970-0033_generated.wav,3.42,0.941991,0.938406,0.275436,0.274388,1.190466,0.873909,1.187627
H2_256C_quantized_no_upsample,61-70970-0034.wav,generated_audios/generated_H2_256C_int8/61-70970-0034_generated.wav,4.485034,0.246539,0.24299,0.054969,0.054178,1.247465,0.792941,1.180797
H2_256C_quantized_no_upsample,61-70970-0035.wav,generated_audios/generated_H2_256C_int8/61-70970-0035_generated.wav,7.405034,0.410918,0.406904,0.055492,0.05495,1.26154,0.837915,1.097962
H2_256C_quantized_no_upsample,61-70970-0036.wav,generated_audios/generated_H2_256C_int8/61-70970-0036_generated.wav,6.785034,0.385809,0.381691,0.056862,0.056255,1.22626,0.805253,1.14261
H2_256C_quantized_no_upsample,61-70970-0037.wav,generated_audios/generated_H2_256C_int8/61-70970-0037_generated.wav,5.98,1.672946,1.669471,0.279757,0.279176,1.270406,0.822042,1.215605
H2_256C_quantized_no_upsample,61-70970-0038.wav,generated_audios/generated_H2_256C_int8/61-70970-0038_generated.wav,10.4,2.922306,2.917651,0.280991,0.280543,1.184484,0.820834,1.180709
H2_256C_quantized_no_upsample,61-70970-0039.wav,generated_audios/generated_H2_256C_int8/61-70970-0039_generated.wav,6.665034,0.372447,0.36844,0.055881,0.05528,1.162197,0.764078,1.125513
H2_256C_quantized_no_upsample,61-70970-0040.wav,generated_audios/generated_H2_256C_int8/61-70970-0040_generated.wav,4.165034,0.227816,0.22406,0.054697,0.053795,1.261297,0.827265,1.153115
H2_256C_quantized_no_upsample,672-122797-0000.wav,generated_audios/generated_H2_256C_int8/672-122797-0000_generated.wav,4.070023,1.167883,1.165521,0.286947,0.286367,1.24235,0.861505,1.317061
H2_256C_quantized_no_upsample,672-122797-0001.wav,generated_audios/generated_H2_256C_int8/672-122797-0001_generated.wav,15.130023,4.230492,4.226132,0.279609,0.279321,1.490697,0.888226,1.219755
H2_256C_quantized_no_upsample,672-122797-0002.wav,generated_audios/generated_H2_256C_int8/672-122797-0002_generated.wav,13.62,3.765555,3.761113,0.276472,0.276146,1.270336,0.854853,1.294913
H2_256C_quantized_no_upsample,672-122797-0003.wav,generated_audios/generated_H2_256C_int8/672-122797-0003_generated.wav,4.76,1.386656,1.384121,0.291314,0.290782,1.151991,0.702207,1.502852
H2_256C_quantized_no_upsample,672-122797-0004.wav,generated_audios/generated_H2_256C_int8/672-122797-0004_generated.wav,10.250023,2.842229,2.838005,0.27729,0.276878,1.195247,0.747788,1.42976
H2_256C_quantized_no_upsample,672-122797-0005.wav,generated_audios/generated_H2_256C_int8/672-122797-0005_generated.wav,3.26,0.980185,0.976706,0.30067,0.299603,1.105001,0.630727,1.661356
H2_256C_quantized_no_upsample,672-122797-0006.wav,generated_audios/generated_H2_256C_int8/672-122797-0006_generated.wav,13.950023,3.999038,3.994452,0.286669,0.28634,1.122328,0.633893,1.434489
H2_256C_quantized_no_upsample,672-122797-0007.wav,generated_audios/generated_H2_256C_int8/672-122797-0007_generated.wav,6.42,1.821129,1.817069,0.283665,0.283033,1.142836,0.64201,1.526067
H2_256C_quantized_no_upsample,672-122797-0008.wav,generated_audios/generated_H2_256C_int8/672-122797-0008_generated.wav,30.810023,8.820598,8.813612,0.28629,0.286063,1.122231,0.641403,1.558481
H2_256C_quantized_no_upsample,672-122797-0009.wav,generated_audios/generated_H2_256C_int8/672-122797-0009_generated.wav,2.765034,0.155825,0.15212,0.056355,0.055016,1.150953,0.69245,1.361072
H2_256C_quantized_no_upsample,672-122797-0010.wav,generated_audios/generated_H2_256C_int8/672-122797-0010_generated.wav,3.815011,0.217605,0.214117,0.057039,0.056125,1.08645,0.697356,1.423694
H2_256C_quantized_no_upsample,672-122797-0011.wav,generated_audios/generated_H2_256C_int8/672-122797-0011_generated.wav,2.54,0.788405,0.784974,0.310396,0.309045,1.103002,0.792719,1.184671
H2_256C_quantized_no_upsample,672-122797-0012.wav,generated_audios/generated_H2_256C_int8/672-122797-0012_generated.wav,7.765034,2.293474,2.289683,0.295359,0.294871,1.093521,0.713687,1.249497
H2_256C_quantized_no_upsample,672-122797-0013.wav,generated_audios/generated_H2_256C_int8/672-122797-0013_generated.wav,8.705034,2.478618,2.474108,0.284734,0.284216,1.179269,0.69206,1.395477
H2_256C_quantized_no_upsample,672-122797-0014.wav,generated_audios/generated_H2_256C_int8/672-122797-0014_generated.wav,2.555011,0.146103,0.142551,0.057183,0.055793,1.145872,0.814255,1.388679
H2_256C_quantized_no_upsample,672-122797-0015.wav,generated_audios/generated_H2_256C_int8/672-122797-0015_generated.wav,4.455011,0.260295,0.257919,0.058427,0.057894,1.126178,0.731731,1.319775
H2_256C_quantized_no_upsample,672-122797-0016.wav,generated_audios/generated_H2_256C_int8/672-122797-0016_generated.wav,9.215011,2.594008,2.589797,0.281498,0.281041,1.188242,0.723999,1.38426
H2_256C_quantized_no_upsample,672-122797-0017.wav,generated_audios/generated_H2_256C_int8/672-122797-0017_generated.wav,4.82,1.377532,1.373759,0.285795,0.285012,1.258325,0.794171,1.115263
H2_256C_quantized_no_upsample,672-122797-0018.wav,generated_audios/generated_H2_256C_int8/672-122797-0018_generated.wav,4.930023,1.391166,1.387462,0.282183,0.281431,1.094107,0.655695,1.461491
H2_256C_quantized_no_upsample,672-122797-0019.wav,generated_audios/generated_H2_256C_int8/672-122797-0019_generated.wav,4.110023,1.153618,1.150586,0.280684,0.279946,1.070477,0.690308,1.53911
H2_256C_quantized_no_upsample,672-122797-0020.wav,generated_audios/generated_H2_256C_int8/672-122797-0020_generated.wav,8.825034,2.480544,2.47658,0.28108,0.280631,1.084829,0.637262,1.599787
H2_256C_quantized_no_upsample,672-122797-0021.wav,generated_audios/generated_H2_256C_int8/672-122797-0021_generated.wav,4.150023,0.243375,0.239536,0.058644,0.057719,1.114109,0.757694,1.44186
H2_256C_quantized_no_upsample,672-122797-0022.wav,generated_audios/generated_H2_256C_int8/672-122797-0022_generated.wav,19.004943,5.396494,5.39161,0.283952,0.283695,1.156395,0.622226,1.598843
H2_256C_quantized_no_upsample,672-122797-0023.wav,generated_audios/generated_H2_256C_int8/672-122797-0023_generated.wav,9.695102,2.744301,2.739906,0.283061,0.282607,1.102013,0.680942,1.440888
H2_256C_quantized_no_upsample,672-122797-0024.wav,generated_audios/generated_H2_256C_int8/672-122797-0024_generated.wav,4.130023,1.176229,1.172425,0.2848,0.283879,1.101058,0.527321,1.875355
H2_256C_quantized_no_upsample,672-122797-0025.wav,generated_audios/generated_H2_256C_int8/672-122797-0025_generated.wav,10.690023,3.016938,3.012475,0.28222,0.281803,1.174032,0.774777,1.361956
H2_256C_quantized_no_upsample,672-122797-0026.wav,generated_audios/generated_H2_256C_int8/672-122797-0026_generated.wav,13.96,3.94836,3.943293,0.282834,0.282471,1.069048,0.630769,1.465427
H2_256C_quantized_no_upsample,672-122797-0027.wav,generated_audios/generated_H2_256C_int8/672-122797-0027_generated.wav,4.790023,0.277718,0.274098,0.057979,0.057223,1.103405,0.566202,1.735617
H2_256C_quantized_no_upsample,672-122797-0028.wav,generated_audios/generated_H2_256C_int8/672-122797-0028_generated.wav,2.610023,0.166845,0.164517,0.063925,0.063033,1.166588,0.762091,1.430423
H2_256C_quantized_no_upsample,672-122797-0029.wav,generated_audios/generated_H2_256C_int8/672-122797-0029_generated.wav,3.050023,0.164197,0.160853,0.053835,0.052738,1.426059,0.817605,1.358637
H2_256C_quantized_no_upsample,672-122797-0030.wav,generated_audios/generated_H2_256C_int8/672-122797-0030_generated.wav,4.575011,1.292276,1.288984,0.282464,0.281745,1.1384,0.781318,1.367954
H2_256C_quantized_no_upsample,672-122797-0031.wav,generated_audios/generated_H2_256C_int8/672-122797-0031_generated.wav,3.98,0.227946,0.224089,0.057273,0.056304,1.417387,0.716374,1.372363
H2_256C_quantized_no_upsample,672-122797-0032.wav,generated_audios/generated_H2_256C_int8/672-122797-0032_generated.wav,4.0,0.233004,0.229472,0.058251,0.057368,1.115727,0.633961,1.421931
H2_256C_quantized_no_upsample,672-122797-0033.wav,generated_audios/generated_H2_256C_int8/672-122797-0033_generated.wav,1.285034,0.372331,0.368846,0.289744,0.287032,1.248933,0.645942,1.377742
H2_256C_quantized_no_upsample,672-122797-0034.wav,generated_audios/generated_H2_256C_int8/672-122797-0034_generated.wav,5.110023,0.293264,0.289632,0.05739,0.056679,1.163702,0.797399,1.337625
H2_256C_quantized_no_upsample,672-122797-0035.wav,generated_audios/generated_H2_256C_int8/672-122797-0035_generated.wav,2.9,0.188123,0.184365,0.06487,0.063574,1.584886,0.893427,1.218912
H2_256C_quantized_no_upsample,672-122797-0036.wav,generated_audios/generated_H2_256C_int8/672-122797-0036_generated.wav,5.365034,0.309355,0.305527,0.057661,0.056948,1.186285,0.733039,1.172615
H2_256C_quantized_no_upsample,672-122797-0037.wav,generated_audios/generated_H2_256C_int8/672-122797-0037_generated.wav,1.96,0.547087,0.543961,0.279126,0.277531,1.353758,0.781187,1.111976
H2_256C_quantized_no_upsample,672-122797-0038.wav,generated_audios/generated_H2_256C_int8/672-122797-0038_generated.wav,8.8,2.451853,2.448258,0.27862,0.278211,1.153369,0.687763,1.442735
H2_256C_quantized_no_upsample,672-122797-0039.wav,generated_audios/generated_H2_256C_int8/672-122797-0039_generated.wav,4.025034,1.135681,1.132099,0.282154,0.281265,1.246236,0.792496,1.315679
H2_256C_quantized_no_upsample,672-122797-0040.wav,generated_audios/generated_H2_256C_int8/672-122797-0040_generated.wav,5.125034,0.303564,0.299212,0.059232,0.058382,1.194433,0.662255,1.640706
H2_256C_quantized_no_upsample,672-122797-0041.wav,generated_audios/generated_H2_256C_int8/672-122797-0041_generated.wav,3.88,0.226928,0.223261,0.058487,0.057542,1.129528,0.660263,1.590878
H2_256C_quantized_no_upsample,672-122797-0042.wav,generated_audios/generated_H2_256C_int8/672-122797-0042_generated.wav,15.310023,4.310862,4.306079,0.281571,0.281259,1.170975,0.519822,1.807756
H2_256C_quantized_no_upsample,672-122797-0043.wav,generated_audios/generated_H2_256C_int8/672-122797-0043_generated.wav,3.78,0.211813,0.208083,0.056035,0.055049,1.118813,0.634186,1.607465
H2_256C_quantized_no_upsample,672-122797-0044.wav,generated_audios/generated_H2_256C_int8/672-122797-0044_generated.wav,3.74,0.220659,0.217154,0.059,0.058063,1.17596,0.630983,1.55965
H2_256C_quantized_no_upsample,672-122797-0045.wav,generated_audios/generated_H2_256C_int8/672-122797-0045_generated.wav,13.96,0.722655,0.718117,0.051766,0.051441,1.139369,0.766261,1.370335
H2_256C_quantized_no_upsample,672-122797-0046.wav,generated_audios/generated_H2_256C_int8/672-122797-0046_generated.wav,4.715011,1.326374,1.322858,0.281309,0.280563,1.141473,0.705076,1.503206
H2_256C_quantized_no_upsample,672-122797-0047.wav,generated_audios/generated_H2_256C_int8/672-122797-0047_generated.wav,3.325034,0.957372,0.953887,0.287928,0.28688,1.531235,0.784555,1.102917
H2_256C_quantized_no_upsample,672-122797-0048.wav,generated_audios/generated_H2_256C_int8/672-122797-0048_generated.wav,6.555011,0.351345,0.34747,0.053599,0.053008,1.086052,0.5941,1.562949
H2_256C_quantized_no_upsample,672-122797-0049.wav,generated_audios/generated_H2_256C_int8/672-122797-0049_generated.wav,2.02,0.133921,0.13037,0.066297,0.06454,1.352589,0.580728,1.596771
H2_256C_quantized_no_upsample,672-122797-0050.wav,generated_audios/generated_H2_256C_int8/672-122797-0050_generated.wav,4.855011,1.390378,1.386348,0.28638,0.28555,1.114143,0.680767,1.480976
H2_256C_quantized_no_upsample,672-122797-0051.wav,generated_audios/generated_H2_256C_int8/672-122797-0051_generated.wav,4.665034,1.312449,1.308832,0.281338,0.280562,1.154193,0.644341,1.390534
H2_256C_quantized_no_upsample,672-122797-0052.wav,generated_audios/generated_H2_256C_int8/672-122797-0052_generated.wav,4.285034,1.201984,1.198619,0.280508,0.279722,1.145532,0.780395,1.247523
H2_256C_quantized_no_upsample,672-122797-0053.wav,generated_audios/generated_H2_256C_int8/672-122797-0053_generated.wav,2.955011,0.175147,0.171602,0.059271,0.058072,1.067647,0.587354,1.656509
H2_256C_quantized_no_upsample,672-122797-0054.wav,generated_audios/generated_H2_256C_int8/672-122797-0054_generated.wav,4.250023,0.241501,0.238026,0.056824,0.056006,1.205623,0.672284,1.335501
H2_256C_quantized_no_upsample,672-122797-0055.wav,generated_audios/generated_H2_256C_int8/672-122797-0055_generated.wav,8.230023,2.308414,2.303867,0.280487,0.279934,1.156775,0.652263,1.459213
H2_256C_quantized_no_upsample,672-122797-0056.wav,generated_audios/generated_H2_256C_int8/672-122797-0056_generated.wav,5.225034,0.294569,0.290857,0.056377,0.055666,1.100877,0.698001,1.403867
H2_256C_quantized_no_upsample,672-122797-0057.wav,generated_audios/generated_H2_256C_int8/672-122797-0057_generated.wav,6.56,0.358706,0.355285,0.054681,0.054159,1.179514,0.635101,1.577399
H2_256C_quantized_no_upsample,672-122797-0058.wav,generated_audios/generated_H2_256C_int8/672-122797-0058_generated.wav,4.470023,1.299579,1.296246,0.290732,0.289987,1.079961,0.58029,1.679235
H2_256C_quantized_no_upsample,672-122797-0059.wav,generated_audios/generated_H2_256C_int8/672-122797-0059_generated.wav,3.52,1.005166,1.001345,0.285558,0.284473,1.134888,0.658868,1.629804
H2_256C_quantized_no_upsample,672-122797-0060.wav,generated_audios/generated_H2_256C_int8/672-122797-0060_generated.wav,3.350023,0.204382,0.200611,0.061009,0.059884,1.215491,0.828751,1.451665
H2_256C_quantized_no_upsample,672-122797-0061.wav,generated_audios/generated_H2_256C_int8/672-122797-0061_generated.wav,7.590023,2.118099,2.114581,0.279064,0.2786,1.221032,0.816015,1.279351
H2_256C_quantized_no_upsample,672-122797-0062.wav,generated_audios/generated_H2_256C_int8/672-122797-0062_generated.wav,2.675011,0.769587,0.766064,0.287695,0.286378,1.148504,0.505248,1.865778
H2_256C_quantized_no_upsample,672-122797-0063.wav,generated_audios/generated_H2_256C_int8/672-122797-0063_generated.wav,5.075011,0.283681,0.280161,0.055898,0.055204,1.197221,0.706931,1.652516
H2_256C_quantized_no_upsample,672-122797-0064.wav,generated_audios/generated_H2_256C_int8/672-122797-0064_generated.wav,15.270023,4.334514,4.330626,0.283858,0.283603,1.191811,0.698608,1.358954
H2_256C_quantized_no_upsample,672-122797-0065.wav,generated_audios/generated_H2_256C_int8/672-122797-0065_generated.wav,3.030023,0.176077,0.173252,0.058111,0.057178,1.092059,0.629153,1.615849
H2_256C_quantized_no_upsample,672-122797-0066.wav,generated_audios/generated_H2_256C_int8/672-122797-0066_generated.wav,4.815011,0.268016,0.264538,0.055663,0.05494,1.17104,0.821788,1.352178
H2_256C_quantized_no_upsample,672-122797-0067.wav,generated_audios/generated_H2_256C_int8/672-122797-0067_generated.wav,13.035011,3.619268,3.614075,0.277657,0.277259,1.173631,0.746819,1.396968
H2_256C_quantized_no_upsample,672-122797-0068.wav,generated_audios/generated_H2_256C_int8/672-122797-0068_generated.wav,4.02,0.213185,0.209568,0.053031,0.052131,1.133731,0.631298,1.735434
H2_256C_quantized_no_upsample,672-122797-0069.wav,generated_audios/generated_H2_256C_int8/672-122797-0069_generated.wav,5.010023,1.423054,1.419835,0.284041,0.283399,1.135782,0.632667,1.643065
H2_256C_quantized_no_upsample,672-122797-0070.wav,generated_audios/generated_H2_256C_int8/672-122797-0070_generated.wav,6.270023,1.768636,1.764773,0.282078,0.281462,1.127941,0.769884,1.411856
H2_256C_quantized_no_upsample,672-122797-0071.wav,generated_audios/generated_H2_256C_int8/672-122797-0071_generated.wav,8.875011,2.524188,2.520169,0.284415,0.283962,1.16154,0.819945,1.320478
H2_256C_quantized_no_upsample,672-122797-0072.wav,generated_audios/generated_H2_256C_int8/672-122797-0072_generated.wav,7.94,2.21831,2.214319,0.279384,0.278882,1.128037,0.69088,1.601037
H2_256C_quantized_no_upsample,672-122797-0073.wav,generated_audios/generated_H2_256C_int8/672-122797-0073_generated.wav,8.205034,2.28192,2.279071,0.278112,0.277765,1.14476,0.768906,1.455576
H2_256C_quantized_no_upsample,672-122797-0074.wav,generated_audios/generated_H2_256C_int8/672-122797-0074_generated.wav,8.730023,2.427632,2.423513,0.278079,0.277607,1.174702,0.486236,1.860808
H2_256C_quantized_no_upsample,908-157963-0000.wav,generated_audios/generated_H2_256C_int8/908-157963-0000_generated.wav,12.62,3.508493,3.503865,0.278011,0.277644,1.169049,0.797349,1.471346
H2_256C_quantized_no_upsample,908-157963-0001.wav,generated_audios/generated_H2_256C_int8/908-157963-0001_generated.wav,2.885034,0.815836,0.812596,0.282782,0.281659,1.229886,0.885063,1.467962
H2_256C_quantized_no_upsample,908-157963-0002.wav,generated_audios/generated_H2_256C_int8/908-157963-0002_generated.wav,2.755011,0.750934,0.747793,0.27257,0.27143,1.22821,0.84765,1.44524
H2_256C_quantized_no_upsample,908-157963-0003.wav,generated_audios/generated_H2_256C_int8/908-157963-0003_generated.wav,3.08,0.867888,0.864277,0.281782,0.28061,1.197604,0.856993,1.299025
H2_256C_quantized_no_upsample,908-157963-0004.wav,generated_audios/generated_H2_256C_int8/908-157963-0004_generated.wav,13.990023,3.935494,3.9307,0.281307,0.280964,1.191391,0.786335,1.423194
H2_256C_quantized_no_upsample,908-157963-0005.wav,generated_audios/generated_H2_256C_int8/908-157963-0005_generated.wav,7.035011,1.971068,1.96681,0.28018,0.279574,1.163943,0.779118,1.553677
H2_256C_quantized_no_upsample,908-157963-0006.wav,generated_audios/generated_H2_256C_int8/908-157963-0006_generated.wav,8.110023,2.287677,2.283447,0.28208,0.281559,1.1793,0.788129,1.427966
H2_256C_quantized_no_upsample,908-157963-0007.wav,generated_audios/generated_H2_256C_int8/908-157963-0007_generated.wav,32.770023,9.296682,9.289078,0.283695,0.283463,1.154421,0.791999,1.443991
H2_256C_quantized_no_upsample,908-157963-0008.wav,generated_audios/generated_H2_256C_int8/908-157963-0008_generated.wav,19.950023,5.582557,5.577434,0.279827,0.27957,1.185737,0.789932,1.474886
H2_256C_quantized_no_upsample,908-157963-0009.wav,generated_audios/generated_H2_256C_int8/908-157963-0009_generated.wav,4.06,1.148283,1.145039,0.282828,0.282029,1.231983,0.809453,1.336799
H2_256C_quantized_no_upsample,908-157963-0010.wav,generated_audios/generated_H2_256C_int8/908-157963-0010_generated.wav,6.28,0.329038,0.32549,0.052395,0.05183,1.127832,0.652534,1.646616
H2_256C_quantized_no_upsample,908-157963-0011.wav,generated_audios/generated_H2_256C_int8/908-157963-0011_generated.wav,10.395011,0.560445,0.555913,0.053915,0.053479,1.123678,0.727829,1.476981
H2_256C_quantized_no_upsample,908-157963-0012.wav,generated_audios/generated_H2_256C_int8/908-157963-0012_generated.wav,10.090023,2.874279,2.870234,0.284864,0.284463,1.1411,0.697469,1.576879
H2_256C_quantized_no_upsample,908-157963-0013.wav,generated_audios/generated_H2_256C_int8/908-157963-0013_generated.wav,4.315011,0.243107,0.239537,0.05634,0.055512,1.106238,0.788822,1.813534
H2_256C_quantized_no_upsample,908-157963-0014.wav,generated_audios/generated_H2_256C_int8/908-157963-0014_generated.wav,4.52,0.257011,0.253405,0.056861,0.056063,1.19126,0.766997,1.723755
H2_256C_quantized_no_upsample,908-157963-0015.wav,generated_audios/generated_H2_256C_int8/908-157963-0015_generated.wav,14.465034,4.02801,4.023326,0.278465,0.278142,1.243816,0.849509,1.462317
H2_256C_quantized_no_upsample,908-157963-0016.wav,generated_audios/generated_H2_256C_int8/908-157963-0016_generated.wav,5.105034,0.280146,0.277631,0.054877,0.054384,1.270106,0.865344,1.557715
H2_256C_quantized_no_upsample,908-157963-0017.wav,generated_audios/generated_H2_256C_int8/908-157963-0017_generated.wav,4.950023,1.361813,1.358239,0.275113,0.27439,1.289121,0.843291,1.35972
H2_256C_quantized_no_upsample,908-157963-0018.wav,generated_audios/generated_H2_256C_int8/908-157963-0018_generated.wav,4.255011,0.223786,0.220414,0.052594,0.051801,1.167857,0.780136,1.418331
H2_256C_quantized_no_upsample,908-157963-0019.wav,generated_audios/generated_H2_256C_int8/908-157963-0019_generated.wav,21.44,6.005836,6.000617,0.280123,0.27988,1.161843,0.784827,1.68796
H2_256C_quantized_no_upsample,908-157963-0020.wav,generated_audios/generated_H2_256C_int8/908-157963-0020_generated.wav,9.8,2.757635,2.754211,0.281391,0.281042,1.19575,0.800149,1.639255
H2_256C_quantized_no_upsample,908-157963-0021.wav,generated_audios/generated_H2_256C_int8/908-157963-0021_generated.wav,10.24,0.553545,0.549247,0.054057,0.053637,1.196595,0.784787,1.560145
H2_256C_quantized_no_upsample,908-157963-0022.wav,generated_audios/generated_H2_256C_int8/908-157963-0022_generated.wav,4.610023,1.328704,1.325313,0.288221,0.287485,1.113862,0.719045,1.64204
H2_256C_quantized_no_upsample,908-157963-0023.wav,generated_audios/generated_H2_256C_int8/908-157963-0023_generated.wav,9.625034,2.7105,2.706605,0.281609,0.281205,1.187805,0.702181,1.554611
H2_256C_quantized_no_upsample,908-157963-0024.wav,generated_audios/generated_H2_256C_int8/908-157963-0024_generated.wav,3.44,0.970455,0.967068,0.282109,0.281124,1.11272,0.764917,1.680361
H2_256C_quantized_no_upsample,908-157963-0025.wav,generated_audios/generated_H2_256C_int8/908-157963-0025_generated.wav,9.265034,2.574753,2.571038,0.2779,0.277499,1.130116,0.737256,1.713597
H2_256C_quantized_no_upsample,908-157963-0026.wav,generated_audios/generated_H2_256C_int8/908-157963-0026_generated.wav,8.1,2.277298,2.274346,0.281148,0.280783,1.196226,0.759464,1.564286
H2_256C_quantized_no_upsample,908-157963-0027.wav,generated_audios/generated_H2_256C_int8/908-157963-0027_generated.wav,5.225034,0.266083,0.262484,0.050925,0.050236,1.131408,0.624339,1.736473
H2_256C_quantized_no_upsample,908-157963-0028.wav,generated_audios/generated_H2_256C_int8/908-157963-0028_generated.wav,4.955011,0.254541,0.251059,0.05137,0.050668,1.18118,0.824242,1.383648
H2_256C_quantized_no_upsample,908-157963-0029.wav,generated_audios/generated_H2_256C_int8/908-157963-0029_generated.wav,3.630023,1.003827,0.999943,0.276535,0.275465,1.216253,0.86359,1.406613
H2_256C_quantized_no_upsample,908-157963-0030.wav,generated_audios/generated_H2_256C_int8/908-157963-0030_generated.wav,4.52,0.237839,0.234176,0.052619,0.051809,1.171908,0.817337,1.566209
H2_256C_quantized_no_upsample,908-31957-0000.wav,generated_audios/generated_H2_256C_int8/908-31957-0000_generated.wav,2.125034,0.594207,0.590777,0.279622,0.278008,1.283323,0.882056,1.685658
H2_256C_quantized_no_upsample,908-31957-0001.wav,generated_audios/generated_H2_256C_int8/908-31957-0001_generated.wav,11.315011,3.161892,3.158813,0.279442,0.27917,1.127507,0.794713,1.683826
H2_256C_quantized_no_upsample,908-31957-0002.wav,generated_audios/generated_H2_256C_int8/908-31957-0002_generated.wav,4.790023,0.270204,0.266207,0.05641,0.055575,1.137035,0.793462,1.828058
H2_256C_quantized_no_upsample,908-31957-0003.wav,generated_audios/generated_H2_256C_int8/908-31957-0003_generated.wav,6.565034,0.333514,0.329385,0.050802,0.050173,1.126749,0.796192,1.458027
H2_256C_quantized_no_upsample,908-31957-0004.wav,generated_audios/generated_H2_256C_int8/908-31957-0004_generated.wav,14.755011,4.119947,4.11566,0.279224,0.278933,1.134638,0.807473,1.603055
H2_256C_quantized_no_upsample,908-31957-0005.wav,generated_audios/generated_H2_256C_int8/908-31957-0005_generated.wav,4.490023,0.260048,0.25629,0.057917,0.05708,1.19813,0.821264,1.940423
H2_256C_quantized_no_upsample,908-31957-0006.wav,generated_audios/generated_H2_256C_int8/908-31957-0006_generated.wav,5.890023,1.627593,1.623897,0.27633,0.275703,1.199019,0.793755,1.838477
H2_256C_quantized_no_upsample,908-31957-0007.wav,generated_audios/generated_H2_256C_int8/908-31957-0007_generated.wav,5.8,0.336787,0.332946,0.058067,0.057405,1.215849,0.83141,1.659823
H2_256C_quantized_no_upsample,908-31957-0008.wav,generated_audios/generated_H2_256C_int8/908-31957-0008_generated.wav,10.005034,2.788578,2.784534,0.278717,0.278313,1.144875,0.781121,1.673815
H2_256C_quantized_no_upsample,908-31957-0009.wav,generated_audios/generated_H2_256C_int8/908-31957-0009_generated.wav,7.705034,2.148259,2.144038,0.278812,0.278265,1.152708,0.796466,1.635344
H2_256C_quantized_no_upsample,908-31957-0010.wav,generated_audios/generated_H2_256C_int8/908-31957-0010_generated.wav,2.510023,0.696415,0.693164,0.277454,0.276159,1.185547,0.589155,2.273367
H2_256C_quantized_no_upsample,908-31957-0011.wav,generated_audios/generated_H2_256C_int8/908-31957-0011_generated.wav,2.335011,0.140836,0.137452,0.060315,0.058866,1.177148,0.714952,1.756365
H2_256C_quantized_no_upsample,908-31957-0012.wav,generated_audios/generated_H2_256C_int8/908-31957-0012_generated.wav,7.615011,2.118423,2.114496,0.27819,0.277675,1.150337,0.796437,1.732414
H2_256C_quantized_no_upsample,908-31957-0013.wav,generated_audios/generated_H2_256C_int8/908-31957-0013_generated.wav,6.18,1.732038,1.728172,0.280265,0.279639,1.190825,0.721684,1.86324
H2_256C_quantized_no_upsample,908-31957-0014.wav,generated_audios/generated_H2_256C_int8/908-31957-0014_generated.wav,7.56,2.090527,2.086258,0.276525,0.27596,1.111629,0.771383,1.882376
H2_256C_quantized_no_upsample,908-31957-0015.wav,generated_audios/generated_H2_256C_int8/908-31957-0015_generated.wav,21.465034,6.061801,6.05661,0.282403,0.282162,1.119766,0.74783,1.931217
H2_256C_quantized_no_upsample,908-31957-0016.wav,generated_audios/generated_H2_256C_int8/908-31957-0016_generated.wav,6.48,1.792903,1.790423,0.276683,0.2763,1.229498,0.807374,1.891719
H2_256C_quantized_no_upsample,908-31957-0017.wav,generated_audios/generated_H2_256C_int8/908-31957-0017_generated.wav,7.795011,2.175842,2.172075,0.279133,0.278649,1.120564,0.80308,1.884418
H2_256C_quantized_no_upsample,908-31957-0018.wav,generated_audios/generated_H2_256C_int8/908-31957-0018_generated.wav,3.915011,1.084484,1.081068,0.277007,0.276134,1.129645,0.80371,1.757052
H2_256C_quantized_no_upsample,908-31957-0019.wav,generated_audios/generated_H2_256C_int8/908-31957-0019_generated.wav,9.54,2.689314,2.685308,0.281899,0.281479,1.219268,0.808343,1.690321
H2_256C_quantized_no_upsample,908-31957-0020.wav,generated_audios/generated_H2_256C_int8/908-31957-0020_generated.wav,5.895011,0.298056,0.294337,0.050561,0.04993,1.156751,0.76412,1.793552
H2_256C_quantized_no_upsample,908-31957-0021.wav,generated_audios/generated_H2_256C_int8/908-31957-0021_generated.wav,10.905034,3.023351,3.019356,0.277244,0.276877,1.137836,0.792056,1.748595
H2_256C_quantized_no_upsample,908-31957-0022.wav,generated_audios/generated_H2_256C_int8/908-31957-0022_generated.wav,14.1,3.957158,3.952629,0.280649,0.280328,1.115299,0.76329,1.721059
H2_256C_quantized_no_upsample,908-31957-0023.wav,generated_audios/generated_H2_256C_int8/908-31957-0023_generated.wav,8.515011,2.358541,2.354317,0.276986,0.27649,1.173265,0.794437,1.923355
H2_256C_quantized_no_upsample,908-31957-0024.wav,generated_audios/generated_H2_256C_int8/908-31957-0024_generated.wav,7.54,2.101566,2.097763,0.278722,0.278218,1.114259,0.771035,1.920251
H2_256C_quantized_no_upsample,908-31957-0025.wav,generated_audios/generated_H2_256C_int8/908-31957-0025_generated.wav,20.56,6.024281,6.019129,0.29301,0.292759,1.125446,0.780623,2.121591
H2_512C_quantized_no_upsample,1089-134686-0000.wav,generated_audios/generated_H2_512C_int8/1089-134686-0000_generated.wav,10.435011,1.557164,1.553689,0.149225,0.148892,2.91283,0.965129,0.231618
H2_512C_quantized_no_upsample,1089-134686-0001.wav,generated_audios/generated_H2_512C_int8/1089-134686-0001_generated.wav,3.275011,0.469664,0.466081,0.143408,0.142314,2.515723,0.945603,0.237726
H2_512C_quantized_no_upsample,1089-134686-0002.wav,generated_audios/generated_H2_512C_int8/1089-134686-0002_generated.wav,6.625034,0.968049,0.964143,0.14612,0.14553,2.771651,0.945777,0.233367
H2_512C_quantized_no_upsample,1089-134686-0003.wav,generated_audios/generated_H2_512C_int8/1089-134686-0003_generated.wav,2.68,0.402941,0.399416,0.150351,0.149036,3.446108,0.977425,0.256631
H2_512C_quantized_no_upsample,1089-134686-0004.wav,generated_audios/generated_H2_512C_int8/1089-134686-0004_generated.wav,5.215102,0.731712,0.72833,0.140306,0.139658,3.261119,0.973693,0.239447
H2_512C_quantized_no_upsample,1089-134686-0005.wav,generated_audios/generated_H2_512C_int8/1089-134686-0005_generated.wav,9.635011,1.421994,1.417626,0.147586,0.147133,2.848875,0.951323,0.231895
H2_512C_quantized_no_upsample,1089-134686-0006.wav,generated_audios/generated_H2_512C_int8/1089-134686-0006_generated.wav,10.555011,1.584906,1.580308,0.150157,0.149721,3.155907,0.951985,0.237844
H2_512C_quantized_no_upsample,1089-134686-0007.wav,generated_audios/generated_H2_512C_int8/1089-134686-0007_generated.wav,4.275011,0.632272,0.628535,0.147899,0.147025,2.742331,0.957954,0.240418
H2_512C_quantized_no_upsample,1089-134686-0008.wav,generated_audios/generated_H2_512C_int8/1089-134686-0008_generated.wav,6.730023,0.958706,0.95614,0.142452,0.142071,2.791197,0.96038,0.238811
H2_512C_quantized_no_upsample,1089-134686-0009.wav,generated_audios/generated_H2_512C_int8/1089-134686-0009_generated.wav,10.575011,1.56545,1.561461,0.148033,0.147656,2.882208,0.969629,0.235715
H2_512C_quantized_no_upsample,1089-134686-0010.wav,generated_audios/generated_H2_512C_int8/1089-134686-0010_generated.wav,4.405034,0.632708,0.628834,0.143633,0.142754,2.97554,0.966801,0.220061
H2_512C_quantized_no_upsample,1089-134686-0011.wav,generated_audios/generated_H2_512C_int8/1089-134686-0011_generated.wav,12.445034,1.80774,1.803125,0.145258,0.144887,3.062476,0.959064,0.228513
H2_512C_quantized_no_upsample,1089-134686-0012.wav,generated_audios/generated_H2_512C_int8/1089-134686-0012_generated.wav,11.64,1.772099,1.767306,0.152242,0.15183,3.113225,0.96839,0.235415
H2_512C_quantized_no_upsample,1089-134686-0013.wav,generated_audios/generated_H2_512C_int8/1089-134686-0013_generated.wav,7.915011,1.186064,1.182022,0.14985,0.149339,2.889581,0.96649,0.230412
H2_512C_quantized_no_upsample,1089-134686-0014.wav,generated_audios/generated_H2_512C_int8/1089-134686-0014_generated.wav,2.225034,0.332795,0.329369,0.149568,0.148029,3.431511,0.982132,0.223511
H2_512C_quantized_no_upsample,1089-134686-0015.wav,generated_audios/generated_H2_512C_int8/1089-134686-0015_generated.wav,5.815011,0.84241,0.838631,0.144868,0.144218,2.77842,0.957704,0.243454
H2_512C_quantized_no_upsample,1089-134686-0016.wav,generated_audios/generated_H2_512C_int8/1089-134686-0016_generated.wav,3.54,0.526453,0.522588,0.148716,0.147624,2.926324,0.961515,0.235265
H2_512C_quantized_no_upsample,1089-134686-0017.wav,generated_audios/generated_H2_512C_int8/1089-134686-0017_generated.wav,8.870023,1.288073,1.283909,0.145216,0.144747,2.796232,0.955877,0.231564
H2_512C_quantized_no_upsample,1089-134686-0018.wav,generated_audios/generated_H2_512C_int8/1089-134686-0018_generated.wav,15.72,2.379415,2.374747,0.151362,0.151065,2.995045,0.961523,0.233579
H2_512C_quantized_no_upsample,1089-134686-0019.wav,generated_audios/generated_H2_512C_int8/1089-134686-0019_generated.wav,13.895011,2.14484,2.139819,0.15436,0.153999,3.111371,0.966849,0.228365
H2_512C_quantized_no_upsample,1089-134686-0020.wav,generated_audios/generated_H2_512C_int8/1089-134686-0020_generated.wav,16.790023,2.60276,2.59709,0.155018,0.154681,2.894797,0.959195,0.232122
H2_512C_quantized_no_upsample,1089-134686-0021.wav,generated_audios/generated_H2_512C_int8/1089-134686-0021_generated.wav,6.550023,0.98515,0.980909,0.150404,0.149757,3.029778,0.965266,0.230158
H2_512C_quantized_no_upsample,1089-134686-0022.wav,generated_audios/generated_H2_512C_int8/1089-134686-0022_generated.wav,11.175011,1.690309,1.685748,0.151258,0.15085,2.900879,0.967176,0.227771
H2_512C_quantized_no_upsample,1089-134686-0023.wav,generated_audios/generated_H2_512C_int8/1089-134686-0023_generated.wav,13.275011,1.927378,1.922492,0.145188,0.14482,2.91261,0.959834,0.233559
H2_512C_quantized_no_upsample,1089-134686-0024.wav,generated_audios/generated_H2_512C_int8/1089-134686-0024_generated.wav,11.655011,1.806309,1.800908,0.154981,0.154518,2.836258,0.964333,0.226554
H2_512C_quantized_no_upsample,1089-134686-0025.wav,generated_audios/generated_H2_512C_int8/1089-134686-0025_generated.wav,6.610023,0.990997,0.987246,0.149923,0.149356,2.695023,0.963999,0.242683
H2_512C_quantized_no_upsample,1089-134686-0026.wav,generated_audios/generated_H2_512C_int8/1089-134686-0026_generated.wav,4.010023,0.571491,0.56783,0.142516,0.141603,3.000039,0.962441,0.232703
H2_512C_quantized_no_upsample,1089-134686-0027.wav,generated_audios/generated_H2_512C_int8/1089-134686-0027_generated.wav,2.710023,0.393007,0.389443,0.14502,0.143705,2.717852,0.968479,0.229363
H2_512C_quantized_no_upsample,1089-134686-0028.wav,generated_audios/generated_H2_512C_int8/1089-134686-0028_generated.wav,7.830023,1.172792,1.168837,0.149781,0.149276,3.052454,0.967151,0.228975
H2_512C_quantized_no_upsample,1089-134686-0029.wav,generated_audios/generated_H2_512C_int8/1089-134686-0029_generated.wav,4.670023,0.672596,0.668862,0.144024,0.143225,3.149603,0.969013,0.227712
H2_512C_quantized_no_upsample,1089-134686-0030.wav,generated_audios/generated_H2_512C_int8/1089-134686-0030_generated.wav,2.715011,0.412551,0.408982,0.151952,0.150637,2.947032,0.969761,0.232701
H2_512C_quantized_no_upsample,1089-134686-0031.wav,generated_audios/generated_H2_512C_int8/1089-134686-0031_generated.wav,6.615011,0.955153,0.951249,0.144392,0.143802,3.204123,0.962671,0.232238
H2_512C_quantized_no_upsample,121-121726-0000.wav,generated_audios/generated_H2_512C_int8/121-121726-0000_generated.wav,8.46,1.202392,1.198231,0.142127,0.141635,3.085825,0.969479,0.255497
H2_512C_quantized_no_upsample,121-121726-0001.wav,generated_audios/generated_H2_512C_int8/121-121726-0001_generated.wav,5.925034,0.90073,0.896665,0.152021,0.151335,3.329364,0.958441,0.254238
H2_512C_quantized_no_upsample,121-121726-0002.wav,generated_audios/generated_H2_512C_int8/121-121726-0002_generated.wav,4.410023,0.645968,0.642453,0.146477,0.14568,3.073912,0.953777,0.294182
H2_512C_quantized_no_upsample,121-121726-0003.wav,generated_audios/generated_H2_512C_int8/121-121726-0003_generated.wav,6.755011,0.974551,0.970726,0.144271,0.143705,3.293131,0.972837,0.240563
H2_512C_quantized_no_upsample,121-121726-0004.wav,generated_audios/generated_H2_512C_int8/121-121726-0004_generated.wav,4.02,0.568068,0.564363,0.14131,0.140389,3.327194,0.977903,0.260211
H2_512C_quantized_no_upsample,121-121726-0005.wav,generated_audios/generated_H2_512C_int8/121-121726-0005_generated.wav,3.1,0.446996,0.443544,0.144192,0.143079,3.238451,0.975409,0.245843
H2_512C_quantized_no_upsample,121-121726-0006.wav,generated_audios/generated_H2_512C_int8/121-121726-0006_generated.wav,3.895011,0.545781,0.541994,0.140123,0.139151,3.444966,0.956943,0.251809
H2_512C_quantized_no_upsample,121-121726-0007.wav,generated_audios/generated_H2_512C_int8/121-121726-0007_generated.wav,6.730023,0.97716,0.973153,0.145194,0.144599,3.390953,0.980765,0.238688
H2_512C_quantized_no_upsample,121-121726-0008.wav,generated_audios/generated_H2_512C_int8/121-121726-0008_generated.wav,4.990023,0.746689,0.742898,0.149636,0.148877,3.251478,0.975115,0.252829
H2_512C_quantized_no_upsample,121-121726-0009.wav,generated_audios/generated_H2_512C_int8/121-121726-0009_generated.wav,7.26,1.06776,1.063962,0.147074,0.146551,3.554292,0.976436,0.239619
H2_512C_quantized_no_upsample,121-121726-0010.wav,generated_audios/generated_H2_512C_int8/121-121726-0010_generated.wav,9.810023,1.465701,1.461285,0.149409,0.148958,3.397228,0.972458,0.249615
H2_512C_quantized_no_upsample,121-121726-0011.wav,generated_audios/generated_H2_512C_int8/121-121726-0011_generated.wav,4.035011,0.590953,0.586999,0.146456,0.145476,3.272009,0.976022,0.257117
H2_512C_quantized_no_upsample,121-121726-0012.wav,generated_audios/generated_H2_512C_int8/121-121726-0012_generated.wav,4.045034,0.570065,0.567221,0.14093,0.140227,3.109113,0.961437,0.293093
H2_512C_quantized_no_upsample,121-121726-0013.wav,generated_audios/generated_H2_512C_int8/121-121726-0013_generated.wav,2.490023,0.350452,0.347789,0.140742,0.139673,2.866087,0.9628,0.27506
H2_512C_quantized_no_upsample,121-121726-0014.wav,generated_audios/generated_H2_512C_int8/121-121726-0014_generated.wav,3.165034,0.467745,0.464554,0.147785,0.146777,3.335587,0.974856,0.264405
H2_512C_quantized_no_upsample,121-123852-0000.wav,generated_audios/generated_H2_512C_int8/121-123852-0000_generated.wav,17.695011,2.709462,2.703997,0.15312,0.152811,3.210786,0.976207,0.270546
H2_512C_quantized_no_upsample,121-123852-0001.wav,generated_audios/generated_H2_512C_int8/121-123852-0001_generated.wav,1.870023,0.271008,0.267421,0.144922,0.143004,2.985612,0.936902,0.312443
H2_512C_quantized_no_upsample,121-123852-0002.wav,generated_audios/generated_H2_512C_int8/121-123852-0002_generated.wav,17.285034,2.755147,2.749852,0.159395,0.159089,3.446613,0.974122,0.288738
H2_512C_quantized_no_upsample,121-123852-0003.wav,generated_audios/generated_H2_512C_int8/121-123852-0003_generated.wav,23.505034,6.4082,6.401435,0.272631,0.272343,3.477414,0.971403,0.286884
H2_512C_quantized_no_upsample,121-123852-0004.wav,generated_audios/generated_H2_512C_int8/121-123852-0004_generated.wav,16.290023,4.034578,4.029027,0.247672,0.247331,3.582616,0.975992,0.28719
H2_512C_quantized_no_upsample,121-123859-0000.wav,generated_audios/generated_H2_512C_int8/121-123859-0000_generated.wav,17.390023,4.243751,4.239028,0.244034,0.243762,3.244759,0.967734,0.301189
H2_512C_quantized_no_upsample,121-123859-0001.wav,generated_audios/generated_H2_512C_int8/121-123859-0001_generated.wav,25.395011,6.898018,6.891745,0.271629,0.271382,3.570144,0.977455,0.289848
H2_512C_quantized_no_upsample,121-123859-0002.wav,generated_audios/generated_H2_512C_int8/121-123859-0002_generated.wav,30.04,7.970462,7.963492,0.265328,0.265096,3.497027,0.976761,0.284901
H2_512C_quantized_no_upsample,121-123859-0003.wav,generated_audios/generated_H2_512C_int8/121-123859-0003_generated.wav,10.825034,2.519846,2.515358,0.232779,0.232365,3.542964,0.978078,0.296011
H2_512C_quantized_no_upsample,121-123859-0004.wav,generated_audios/generated_H2_512C_int8/121-123859-0004_generated.wav,9.505034,2.308967,2.304876,0.24292,0.24249,3.224167,0.974274,0.29461
H2_512C_quantized_no_upsample,121-127105-0000.wav,generated_audios/generated_H2_512C_int8/121-127105-0000_generated.wav,9.875011,2.413225,2.409105,0.244377,0.24396,3.074154,0.966652,0.250449
H2_512C_quantized_no_upsample,121-127105-0001.wav,generated_audios/generated_H2_512C_int8/121-127105-0001_generated.wav,5.025034,1.201558,1.198302,0.239114,0.238467,3.242517,0.972845,0.255635
H2_512C_quantized_no_upsample,121-127105-0002.wav,generated_audios/generated_H2_512C_int8/121-127105-0002_generated.wav,7.495011,1.793735,1.789355,0.239324,0.238739,3.032505,0.968342,0.259906
H2_512C_quantized_no_upsample,121-127105-0003.wav,generated_audios/generated_H2_512C_int8/121-127105-0003_generated.wav,7.725034,1.857379,1.853309,0.240436,0.239909,3.240292,0.970084,0.257934
H2_512C_quantized_no_upsample,121-127105-0004.wav,generated_audios/generated_H2_512C_int8/121-127105-0004_generated.wav,2.110023,0.53905,0.535628,0.255471,0.25385,1.799934,0.978191,0.259179
H2_512C_quantized_no_upsample,121-127105-0005.wav,generated_audios/generated_H2_512C_int8/121-127105-0005_generated.wav,5.82,1.372856,1.369688,0.235886,0.235342,2.909624,0.972401,0.243879
H2_512C_quantized_no_upsample,121-127105-0006.wav,generated_audios/generated_H2_512C_int8/121-127105-0006_generated.wav,4.725034,1.124381,1.120621,0.237962,0.237167,3.123442,0.969207,0.256
H2_512C_quantized_no_upsample,121-127105-0007.wav,generated_audios/generated_H2_512C_int8/121-127105-0007_generated.wav,5.790023,1.345348,1.341494,0.232356,0.231691,2.182141,0.964381,0.260134
H2_512C_quantized_no_upsample,121-127105-0008.wav,generated_audios/generated_H2_512C_int8/121-127105-0008_generated.wav,2.76,0.629621,0.626222,0.228123,0.226892,2.869121,0.960096,0.275276
H2_512C_quantized_no_upsample,121-127105-0009.wav,generated_audios/generated_H2_512C_int8/121-127105-0009_generated.wav,2.290023,0.553553,0.550219,0.241724,0.240268,2.756104,0.959965,0.269767
H2_512C_quantized_no_upsample,121-127105-0010.wav,generated_audios/generated_H2_512C_int8/121-127105-0010_generated.wav,2.850023,0.692626,0.689535,0.243025,0.24194,3.121748,0.968233,0.252045
H2_512C_quantized_no_upsample,121-127105-0011.wav,generated_audios/generated_H2_512C_int8/121-127105-0011_generated.wav,5.78,1.386355,1.382618,0.239854,0.239207,2.892966,0.957347,0.26233
H2_512C_quantized_no_upsample,121-127105-0012.wav,generated_audios/generated_H2_512C_int8/121-127105-0012_generated.wav,4.830023,1.226375,1.222656,0.253907,0.253137,1.764193,0.966652,0.25412
H2_512C_quantized_no_upsample,121-127105-0013.wav,generated_audios/generated_H2_512C_int8/121-127105-0013_generated.wav,5.895011,1.393935,1.390085,0.23646,0.235807,2.991955,0.970243,0.259788
H2_512C_quantized_no_upsample,121-127105-0014.wav,generated_audios/generated_H2_512C_int8/121-127105-0014_generated.wav,2.255011,0.54506,0.541634,0.241711,0.240191,3.302971,0.94004,0.264135
H2_512C_quantized_no_upsample,121-127105-0015.wav,generated_audios/generated_H2_512C_int8/121-127105-0015_generated.wav,2.96,0.706869,0.70356,0.238807,0.237689,3.173679,0.973834,0.254206
H2_512C_quantized_no_upsample,121-127105-0016.wav,generated_audios/generated_H2_512C_int8/121-127105-0016_generated.wav,2.030023,0.455026,0.451684,0.224148,0.222502,3.341286,0.9695,0.255485
H2_512C_quantized_no_upsample,121-127105-0017.wav,generated_audios/generated_H2_512C_int8/121-127105-0017_generated.wav,2.695011,0.640002,0.636762,0.237476,0.236274,2.82657,0.963593,0.261005
H2_512C_quantized_no_upsample,121-127105-0018.wav,generated_audios/generated_H2_512C_int8/121-127105-0018_generated.wav,2.770023,0.665047,0.661861,0.240087,0.238937,3.041608,0.966881,0.260258
H2_512C_quantized_no_upsample,121-127105-0019.wav,generated_audios/generated_H2_512C_int8/121-127105-0019_generated.wav,3.525034,0.818799,0.815623,0.232281,0.23138,3.192702,0.975608,0.25473
H2_512C_quantized_no_upsample,121-127105-0020.wav,generated_audios/generated_H2_512C_int8/121-127105-0020_generated.wav,14.355011,3.388585,3.383665,0.236056,0.235713,2.982628,0.961762,0.258343
H2_512C_quantized_no_upsample,121-127105-0021.wav,generated_audios/generated_H2_512C_int8/121-127105-0021_generated.wav,2.0,0.491488,0.488064,0.245744,0.244032,2.930211,0.973071,0.268379
H2_512C_quantized_no_upsample,121-127105-0022.wav,generated_audios/generated_H2_512C_int8/121-127105-0022_generated.wav,5.075011,1.231795,1.228284,0.242718,0.242026,3.455426,0.9697,0.262362
H2_512C_quantized_no_upsample,121-127105-0023.wav,generated_audios/generated_H2_512C_int8/121-127105-0023_generated.wav,10.910023,2.594053,2.5897,0.237768,0.237369,3.20245,0.966338,0.251554
H2_512C_quantized_no_upsample,121-127105-0024.wav,generated_audios/generated_H2_512C_int8/121-127105-0024_generated.wav,14.450023,3.444719,3.439833,0.238388,0.23805,3.309024,0.972052,0.256525
H2_512C_quantized_no_upsample,121-127105-0025.wav,generated_audios/generated_H2_512C_int8/121-127105-0025_generated.wav,16.065034,3.858408,3.853788,0.240174,0.239887,3.320309,0.97251,0.248614
H2_512C_quantized_no_upsample,121-127105-0026.wav,generated_audios/generated_H2_512C_int8/121-127105-0026_generated.wav,7.530023,1.774316,1.770243,0.235632,0.235091,3.19565,0.975322,0.2538
H2_512C_quantized_no_upsample,121-127105-0027.wav,generated_audios/generated_H2_512C_int8/121-127105-0027_generated.wav,13.870023,3.280214,3.275852,0.236497,0.236182,3.227526,0.968739,0.253451
H2_512C_quantized_no_upsample,121-127105-0028.wav,generated_audios/generated_H2_512C_int8/121-127105-0028_generated.wav,6.750023,0.908475,0.904484,0.134588,0.133997,3.275019,0.973732,0.236126
H2_512C_quantized_no_upsample,121-127105-0029.wav,generated_audios/generated_H2_512C_int8/121-127105-0029_generated.wav,7.310023,1.763411,1.759526,0.241232,0.240701,3.418452,0.977053,0.251767
H2_512C_quantized_no_upsample,121-127105-0030.wav,generated_audios/generated_H2_512C_int8/121-127105-0030_generated.wav,2.175011,0.539999,0.537072,0.248274,0.246928,2.647449,0.96644,0.270298
H2_512C_quantized_no_upsample,121-127105-0031.wav,generated_audios/generated_H2_512C_int8/121-127105-0031_generated.wav,10.765034,2.539264,2.534726,0.235881,0.235459,3.211588,0.952097,0.256964
H2_512C_quantized_no_upsample,121-127105-0032.wav,generated_audios/generated_H2_512C_int8/121-127105-0032_generated.wav,3.170023,0.7355,0.731922,0.232017,0.230888,2.855014,0.968053,0.253592
H2_512C_quantized_no_upsample,121-127105-0033.wav,generated_audios/generated_H2_512C_int8/121-127105-0033_generated.wav,2.355011,0.570637,0.567626,0.242307,0.241029,3.143392,0.967103,0.251276
H2_512C_quantized_no_upsample,121-127105-0034.wav,generated_audios/generated_H2_512C_int8/121-127105-0034_generated.wav,7.410023,1.768334,1.764518,0.238641,0.238126,3.070235,0.972196,0.25779
H2_512C_quantized_no_upsample,121-127105-0035.wav,generated_audios/generated_H2_512C_int8/121-127105-0035_generated.wav,14.150023,3.34671,3.342142,0.236516,0.236193,1.432185,0.909644,0.671763
H2_512C_quantized_no_upsample,121-127105-0036.wav,generated_audios/generated_H2_512C_int8/121-127105-0036_generated.wav,4.150023,0.968262,0.964476,0.233315,0.232403,1.553419,0.901339,0.678949
H2_512C_quantized_no_upsample,237-126133-0000.wav,generated_audios/generated_H2_512C_int8/237-126133-0000_generated.wav,13.290023,3.198652,3.193974,0.240681,0.240329,1.210915,0.900453,1.161238
H2_512C_quantized_no_upsample,237-126133-0001.wav,generated_audios/generated_H2_512C_int8/237-126133-0001_generated.wav,11.965034,2.828592,2.823864,0.236405,0.23601,1.19403,0.879308,1.154842
H2_512C_quantized_no_upsample,237-126133-0002.wav,generated_audios/generated_H2_512C_int8/237-126133-0002_generated.wav,8.92,2.318349,2.314177,0.259905,0.259437,1.12175,0.890885,1.397374
H2_512C_quantized_no_upsample,237-126133-0003.wav,generated_audios/generated_H2_512C_int8/237-126133-0003_generated.wav,6.56,1.56827,1.564372,0.239066,0.238471,1.125894,0.847797,1.253679
H2_512C_quantized_no_upsample,237-126133-0004.wav,generated_audios/generated_H2_512C_int8/237-126133-0004_generated.wav,3.295011,0.77075,0.76729,0.233914,0.232864,1.232358,0.904956,1.270864
H2_512C_quantized_no_upsample,237-126133-0005.wav,generated_audios/generated_H2_512C_int8/237-126133-0005_generated.wav,6.510023,1.588776,1.585412,0.244051,0.243534,1.261759,0.908621,1.134673
H2_512C_quantized_no_upsample,237-126133-0006.wav,generated_audios/generated_H2_512C_int8/237-126133-0006_generated.wav,6.150023,1.440878,1.437178,0.234288,0.233687,1.268328,0.920866,1.276814
H2_512C_quantized_no_upsample,237-126133-0007.wav,generated_audios/generated_H2_512C_int8/237-126133-0007_generated.wav,8.68,2.044192,2.040312,0.235506,0.235059,1.245644,0.899482,1.203772
H2_512C_quantized_no_upsample,237-126133-0008.wav,generated_audios/generated_H2_512C_int8/237-126133-0008_generated.wav,3.865034,0.915166,0.911611,0.236781,0.235861,1.121122,0.872929,1.215253
H2_512C_quantized_no_upsample,237-126133-0009.wav,generated_audios/generated_H2_512C_int8/237-126133-0009_generated.wav,3.970023,0.932456,0.928791,0.234874,0.233951,1.206847,0.914147,1.243794
H2_512C_quantized_no_upsample,237-126133-0010.wav,generated_audios/generated_H2_512C_int8/237-126133-0010_generated.wav,6.24,1.458168,1.454364,0.233681,0.233071,1.236047,0.884697,1.177338
H2_512C_quantized_no_upsample,237-126133-0011.wav,generated_audios/generated_H2_512C_int8/237-126133-0011_generated.wav,6.710023,1.568772,1.565442,0.233795,0.233299,1.221694,0.907413,1.282671
H2_512C_quantized_no_upsample,237-126133-0012.wav,generated_audios/generated_H2_512C_int8/237-126133-0012_generated.wav,4.450023,1.046161,1.042849,0.235091,0.234347,1.142113,0.844732,1.319178
H2_512C_quantized_no_upsample,237-126133-0013.wav,generated_audios/generated_H2_512C_int8/237-126133-0013_generated.wav,6.815011,1.613263,1.609935,0.236722,0.236234,1.176743,0.873204,1.377192
H2_512C_quantized_no_upsample,237-126133-0014.wav,generated_audios/generated_H2_512C_int8/237-126133-0014_generated.wav,6.790023,1.627002,1.623464,0.239617,0.239096,1.178561,0.869702,1.144493
H2_512C_quantized_no_upsample,237-126133-0015.wav,generated_audios/generated_H2_512C_int8/237-126133-0015_generated.wav,9.34,2.171599,2.167777,0.232505,0.232096,1.19337,0.887816,1.261863
H2_512C_quantized_no_upsample,237-126133-0016.wav,generated_audios/generated_H2_512C_int8/237-126133-0016_generated.wav,4.250023,0.950901,0.947144,0.22374,0.222856,1.264101,0.906574,1.251339
H2_512C_quantized_no_upsample,237-126133-0017.wav,generated_audios/generated_H2_512C_int8/237-126133-0017_generated.wav,6.210023,1.470426,1.466819,0.236783,0.236202,1.338158,0.914265,1.117916
H2_512C_quantized_no_upsample,237-126133-0018.wav,generated_audios/generated_H2_512C_int8/237-126133-0018_generated.wav,4.095011,1.029176,1.025978,0.251324,0.250543,1.107353,0.816341,1.335768
H2_512C_quantized_no_upsample,237-126133-0019.wav,generated_audios/generated_H2_512C_int8/237-126133-0019_generated.wav,7.12,1.664673,1.660549,0.233802,0.233223,1.17356,0.888966,1.284936
H2_512C_quantized_no_upsample,237-126133-0020.wav,generated_audios/generated_H2_512C_int8/237-126133-0020_generated.wav,2.24,0.547751,0.544894,0.244532,0.243256,1.201848,0.911403,1.255265
H2_512C_quantized_no_upsample,237-126133-0021.wav,generated_audios/generated_H2_512C_int8/237-126133-0021_generated.wav,4.365034,0.995611,0.992477,0.228088,0.22737,1.105327,0.81457,1.340933
H2_512C_quantized_no_upsample,237-126133-0022.wav,generated_audios/generated_H2_512C_int8/237-126133-0022_generated.wav,5.04,1.221258,1.217448,0.242313,0.241557,1.171681,0.90428,1.351226
H2_512C_quantized_no_upsample,237-126133-0023.wav,generated_audios/generated_H2_512C_int8/237-126133-0023_generated.wav,6.675011,1.598151,1.594787,0.239423,0.238919,1.157817,0.88945,1.25677
H2_512C_quantized_no_upsample,237-126133-0024.wav,generated_audios/generated_H2_512C_int8/237-126133-0024_generated.wav,9.665034,2.533096,2.529158,0.262089,0.261681,1.291834,0.916368,1.074516
H2_512C_quantized_no_upsample,237-126133-0025.wav,generated_audios/generated_H2_512C_int8/237-126133-0025_generated.wav,3.755011,0.901312,0.897695,0.240029,0.239066,1.227249,0.905945,1.133825
H2_512C_quantized_no_upsample,237-134493-0000.wav,generated_audios/generated_H2_512C_int8/237-134493-0000_generated.wav,4.105034,0.971013,0.967159,0.236542,0.235603,1.778459,0.933106,0.835428
H2_512C_quantized_no_upsample,237-134493-0001.wav,generated_audios/generated_H2_512C_int8/237-134493-0001_generated.wav,7.38,1.735385,1.731882,0.235147,0.234672,1.772765,0.937402,0.83305
H2_512C_quantized_no_upsample,237-134493-0002.wav,generated_audios/generated_H2_512C_int8/237-134493-0002_generated.wav,11.395011,2.726723,2.722974,0.239291,0.238962,1.826813,0.937914,0.932311
H2_512C_quantized_no_upsample,237-134493-0003.wav,generated_audios/generated_H2_512C_int8/237-134493-0003_generated.wav,12.765034,3.030791,3.026667,0.237429,0.237106,1.744506,0.943092,0.826129
H2_512C_quantized_no_upsample,237-134493-0004.wav,generated_audios/generated_H2_512C_int8/237-134493-0004_generated.wav,6.825034,1.611427,1.607464,0.236105,0.235525,1.946927,0.941492,0.772441
H2_512C_quantized_no_upsample,237-134493-0005.wav,generated_audios/generated_H2_512C_int8/237-134493-0005_generated.wav,10.945034,2.543992,2.540043,0.232433,0.232073,1.832566,0.936431,0.789716
H2_512C_quantized_no_upsample,237-134493-0006.wav,generated_audios/generated_H2_512C_int8/237-134493-0006_generated.wav,4.395011,1.015333,1.011843,0.231019,0.230225,2.078311,0.949951,0.753935
H2_512C_quantized_no_upsample,237-134493-0007.wav,generated_audios/generated_H2_512C_int8/237-134493-0007_generated.wav,2.035011,0.49208,0.488668,0.241807,0.24013,2.038448,0.93595,0.738988
H2_512C_quantized_no_upsample,237-134493-0008.wav,generated_audios/generated_H2_512C_int8/237-134493-0008_generated.wav,2.305034,0.547012,0.543778,0.237312,0.235909,1.640039,0.862498,1.027586
H2_512C_quantized_no_upsample,237-134493-0009.wav,generated_audios/generated_H2_512C_int8/237-134493-0009_generated.wav,2.975011,0.883328,0.879897,0.296916,0.295763,1.716566,0.93125,0.994787
H2_512C_quantized_no_upsample,237-134493-0010.wav,generated_audios/generated_H2_512C_int8/237-134493-0010_generated.wav,2.875011,0.697412,0.694333,0.242577,0.241506,1.661897,0.900416,0.894752
H2_512C_quantized_no_upsample,237-134493-0011.wav,generated_audios/generated_H2_512C_int8/237-134493-0011_generated.wav,5.035011,1.229656,1.226244,0.244221,0.243543,1.963783,0.951897,0.751514
H2_512C_quantized_no_upsample,237-134493-0012.wav,generated_audios/generated_H2_512C_int8/237-134493-0012_generated.wav,3.66,0.842994,0.839557,0.230326,0.229387,1.938331,0.949194,0.849545
H2_512C_quantized_no_upsample,237-134493-0013.wav,generated_audios/generated_H2_512C_int8/237-134493-0013_generated.wav,4.090023,0.595474,0.592092,0.145592,0.144765,1.976552,0.927735,0.760323
H2_512C_quantized_no_upsample,237-134493-0014.wav,generated_audios/generated_H2_512C_int8/237-134493-0014_generated.wav,3.7,0.84434,0.840863,0.2282,0.22726,2.047337,0.949674,0.81831
H2_512C_quantized_no_upsample,237-134493-0015.wav,generated_audios/generated_H2_512C_int8/237-134493-0015_generated.wav,6.550023,0.949327,0.945465,0.144935,0.144345,1.766067,0.941042,0.765352
H2_512C_quantized_no_upsample,237-134493-0016.wav,generated_audios/generated_H2_512C_int8/237-134493-0016_generated.wav,10.085034,2.397543,2.39394,0.237733,0.237376,1.936337,0.946792,0.73841
H2_512C_quantized_no_upsample,237-134493-0017.wav,generated_audios/generated_H2_512C_int8/237-134493-0017_generated.wav,9.105034,2.281517,2.277546,0.250578,0.250141,1.861998,0.937458,0.800667
H2_512C_quantized_no_upsample,237-134493-0018.wav,generated_audios/generated_H2_512C_int8/237-134493-0018_generated.wav,4.790023,1.1572,1.153475,0.241586,0.240808,1.910001,0.950851,0.792538
H2_512C_quantized_no_upsample,237-134500-0000.wav,generated_audios/generated_H2_512C_int8/237-134500-0000_generated.wav,6.130023,1.477084,1.473428,0.240959,0.240363,1.507138,0.930433,0.975852
H2_512C_quantized_no_upsample,237-134500-0001.wav,generated_audios/generated_H2_512C_int8/237-134500-0001_generated.wav,1.810023,0.45965,0.456258,0.253947,0.252073,1.57031,0.905272,1.033269
H2_512C_quantized_no_upsample,237-134500-0002.wav,generated_audios/generated_H2_512C_int8/237-134500-0002_generated.wav,5.070023,1.215996,1.212448,0.23984,0.239141,1.719423,0.952375,0.878853
H2_512C_quantized_no_upsample,237-134500-0003.wav,generated_audios/generated_H2_512C_int8/237-134500-0003_generated.wav,3.170023,0.434303,0.43063,0.137003,0.135844,1.5164,0.938093,0.949993
H2_512C_quantized_no_upsample,237-134500-0004.wav,generated_audios/generated_H2_512C_int8/237-134500-0004_generated.wav,2.225034,0.317055,0.313671,0.142495,0.140974,1.441166,0.94449,0.924401
H2_512C_quantized_no_upsample,237-134500-0005.wav,generated_audios/generated_H2_512C_int8/237-134500-0005_generated.wav,2.390023,0.57978,0.576488,0.242584,0.241206,1.647703,0.949585,0.909591
H2_512C_quantized_no_upsample,237-134500-0006.wav,generated_audios/generated_H2_512C_int8/237-134500-0006_generated.wav,4.225034,0.980016,0.976567,0.231955,0.231138,1.849735,0.935167,0.83736
H2_512C_quantized_no_upsample,237-134500-0007.wav,generated_audios/generated_H2_512C_int8/237-134500-0007_generated.wav,2.390023,0.336932,0.333599,0.140974,0.13958,1.646535,0.927663,0.936189
H2_512C_quantized_no_upsample,237-134500-0008.wav,generated_audios/generated_H2_512C_int8/237-134500-0008_generated.wav,3.76,0.522603,0.518811,0.13899,0.137982,1.529745,0.921076,0.897086
H2_512C_quantized_no_upsample,237-134500-0009.wav,generated_audios/generated_H2_512C_int8/237-134500-0009_generated.wav,2.22,0.320391,0.316969,0.14432,0.142779,1.435627,0.919238,0.87881
H2_512C_quantized_no_upsample,237-134500-0010.wav,generated_audios/generated_H2_512C_int8/237-134500-0010_generated.wav,3.995011,0.97205,0.968392,0.243316,0.2424,1.760492,0.949302,0.772318
H2_512C_quantized_no_upsample,237-134500-0011.wav,generated_audios/generated_H2_512C_int8/237-134500-0011_generated.wav,3.350023,0.80018,0.796502,0.238858,0.23776,1.948003,0.928663,0.87331
H2_512C_quantized_no_upsample,237-134500-0012.wav,generated_audios/generated_H2_512C_int8/237-134500-0012_generated.wav,10.935011,2.612837,2.608063,0.238942,0.238506,1.521684,0.927041,0.929209
H2_512C_quantized_no_upsample,237-134500-0013.wav,generated_audios/generated_H2_512C_int8/237-134500-0013_generated.wav,10.56,1.501546,1.497641,0.142192,0.141822,1.596796,0.942252,0.911015
H2_512C_quantized_no_upsample,237-134500-0014.wav,generated_audios/generated_H2_512C_int8/237-134500-0014_generated.wav,4.250023,0.580667,0.576821,0.136627,0.135722,1.591434,0.888958,0.960024
H2_512C_quantized_no_upsample,237-134500-0015.wav,generated_audios/generated_H2_512C_int8/237-134500-0015_generated.wav,10.815011,2.646756,2.642683,0.24473,0.244353,1.639525,0.946868,0.872008
H2_512C_quantized_no_upsample,237-134500-0016.wav,generated_audios/generated_H2_512C_int8/237-134500-0016_generated.wav,3.16,0.465671,0.461893,0.147364,0.146169,1.475092,0.895886,1.11976
H2_512C_quantized_no_upsample,237-134500-0017.wav,generated_audios/generated_H2_512C_int8/237-134500-0017_generated.wav,2.18,0.299935,0.29782,0.137585,0.136614,1.956708,0.949972,0.950908
H2_512C_quantized_no_upsample,237-134500-0018.wav,generated_audios/generated_H2_512C_int8/237-134500-0018_generated.wav,12.845034,3.064783,3.059817,0.238597,0.23821,1.499462,0.924473,0.98664
H2_512C_quantized_no_upsample,237-134500-0019.wav,generated_audios/generated_H2_512C_int8/237-134500-0019_generated.wav,2.86,0.642906,0.639561,0.224792,0.223623,1.391015,0.925735,1.120279
H2_512C_quantized_no_upsample,237-134500-0020.wav,generated_audios/generated_H2_512C_int8/237-134500-0020_generated.wav,2.18,0.299068,0.295719,0.137187,0.135651,1.248323,0.954288,1.34717
H2_512C_quantized_no_upsample,237-134500-0021.wav,generated_audios/generated_H2_512C_int8/237-134500-0021_generated.wav,5.12,1.176169,1.172492,0.22972,0.229002,1.590098,0.905205,1.074452
H2_512C_quantized_no_upsample,237-134500-0022.wav,generated_audios/generated_H2_512C_int8/237-134500-0022_generated.wav,5.165034,1.248872,1.245015,0.241794,0.241047,1.648206,0.925056,0.972993
H2_512C_quantized_no_upsample,237-134500-0023.wav,generated_audios/generated_H2_512C_int8/237-134500-0023_generated.wav,3.06,0.745435,0.741693,0.243606,0.242383,1.786535,0.941972,1.016176
H2_512C_quantized_no_upsample,237-134500-0024.wav,generated_audios/generated_H2_512C_int8/237-134500-0024_generated.wav,4.410023,0.605862,0.602081,0.137383,0.136526,1.563692,0.927031,1.052733
H2_512C_quantized_no_upsample,237-134500-0025.wav,generated_audios/generated_H2_512C_int8/237-134500-0025_generated.wav,1.630023,0.424335,0.420999,0.260325,0.258278,1.325285,0.932216,1.309108
H2_512C_quantized_no_upsample,237-134500-0026.wav,generated_audios/generated_H2_512C_int8/237-134500-0026_generated.wav,3.050023,0.734783,0.731518,0.240911,0.23984,1.637151,0.935563,1.179265
H2_512C_quantized_no_upsample,237-134500-0027.wav,generated_audios/generated_H2_512C_int8/237-134500-0027_generated.wav,3.270023,0.771263,0.768003,0.235859,0.234862,1.507443,0.916077,0.931487
H2_512C_quantized_no_upsample,237-134500-0028.wav,generated_audios/generated_H2_512C_int8/237-134500-0028_generated.wav,4.524943,1.090114,1.086502,0.240912,0.240114,1.399435,0.923789,0.945924
H2_512C_quantized_no_upsample,237-134500-0029.wav,generated_audios/generated_H2_512C_int8/237-134500-0029_generated.wav,2.065034,0.478005,0.475787,0.231476,0.230402,1.702969,0.943343,0.931955
H2_512C_quantized_no_upsample,237-134500-0030.wav,generated_audios/generated_H2_512C_int8/237-134500-0030_generated.wav,2.78,0.654741,0.651303,0.235518,0.234282,1.592577,0.950463,1.160185
H2_512C_quantized_no_upsample,237-134500-0031.wav,generated_audios/generated_H2_512C_int8/237-134500-0031_generated.wav,10.610023,2.507984,2.503484,0.236379,0.235955,1.651538,0.936681,0.909697
H2_512C_quantized_no_upsample,237-134500-0032.wav,generated_audios/generated_H2_512C_int8/237-134500-0032_generated.wav,5.025034,0.723108,0.719177,0.143901,0.143119,1.455965,0.932501,1.04483
H2_512C_quantized_no_upsample,237-134500-0033.wav,generated_audios/generated_H2_512C_int8/237-134500-0033_generated.wav,6.350023,1.494276,1.490691,0.235318,0.234754,1.413027,0.888592,1.034953
H2_512C_quantized_no_upsample,237-134500-0034.wav,generated_audios/generated_H2_512C_int8/237-134500-0034_generated.wav,3.075011,0.72727,0.72373,0.23651,0.235359,1.243778,0.838621,1.296316
H2_512C_quantized_no_upsample,237-134500-0035.wav,generated_audios/generated_H2_512C_int8/237-134500-0035_generated.wav,2.555011,0.611642,0.608059,0.239389,0.237987,1.450541,0.934181,1.051841
H2_512C_quantized_no_upsample,237-134500-0036.wav,generated_audios/generated_H2_512C_int8/237-134500-0036_generated.wav,6.6,1.572046,1.569413,0.238189,0.23779,1.368179,0.913427,1.20058
H2_512C_quantized_no_upsample,237-134500-0037.wav,generated_audios/generated_H2_512C_int8/237-134500-0037_generated.wav,7.105034,1.700054,1.696501,0.239275,0.238775,1.527423,0.905956,0.975146
H2_512C_quantized_no_upsample,237-134500-0038.wav,generated_audios/generated_H2_512C_int8/237-134500-0038_generated.wav,2.435011,0.587408,0.584017,0.241234,0.239842,1.638033,0.929535,0.864766
H2_512C_quantized_no_upsample,237-134500-0039.wav,generated_audios/generated_H2_512C_int8/237-134500-0039_generated.wav,4.630023,1.096513,1.092903,0.236827,0.236047,1.455199,0.927409,0.994849
H2_512C_quantized_no_upsample,237-134500-0040.wav,generated_audios/generated_H2_512C_int8/237-134500-0040_generated.wav,4.030023,0.554322,0.55113,0.137548,0.136756,1.553071,0.947209,0.906412
H2_512C_quantized_no_upsample,237-134500-0041.wav,generated_audios/generated_H2_512C_int8/237-134500-0041_generated.wav,8.92,1.736592,1.732615,0.194685,0.194239,1.428018,0.948415,1.182605
H2_512C_quantized_no_upsample,237-134500-0042.wav,generated_audios/generated_H2_512C_int8/237-134500-0042_generated.wav,2.575011,0.63893,0.63553,0.248127,0.246807,1.478747,0.885411,1.3449
H2_512C_quantized_no_upsample,260-123286-0000.wav,generated_audios/generated_H2_512C_int8/260-123286-0000_generated.wav,7.04,1.640371,1.637572,0.233007,0.23261,1.290016,0.887334,1.207026
H2_512C_quantized_no_upsample,260-123286-0001.wav,generated_audios/generated_H2_512C_int8/260-123286-0001_generated.wav,3.070023,0.426586,0.423103,0.138952,0.137817,1.200816,0.895349,0.962464
H2_512C_quantized_no_upsample,260-123286-0002.wav,generated_audios/generated_H2_512C_int8/260-123286-0002_generated.wav,9.985034,2.398682,2.394692,0.240228,0.239828,1.339367,0.910746,0.950502
H2_512C_quantized_no_upsample,260-123286-0003.wav,generated_audios/generated_H2_512C_int8/260-123286-0003_generated.wav,7.370023,1.718131,1.713863,0.233124,0.232545,1.266088,0.88388,0.988316
H2_512C_quantized_no_upsample,260-123286-0004.wav,generated_audios/generated_H2_512C_int8/260-123286-0004_generated.wav,3.465034,0.827047,0.82354,0.238684,0.237671,1.274253,0.909373,1.106086
H2_512C_quantized_no_upsample,260-123286-0005.wav,generated_audios/generated_H2_512C_int8/260-123286-0005_generated.wav,4.810023,1.113407,1.110334,0.231477,0.230838,1.263407,0.865659,1.093419
H2_512C_quantized_no_upsample,260-123286-0006.wav,generated_audios/generated_H2_512C_int8/260-123286-0006_generated.wav,7.405034,1.777886,1.773843,0.240092,0.239546,1.436862,0.926551,0.951064
H2_512C_quantized_no_upsample,260-123286-0007.wav,generated_audios/generated_H2_512C_int8/260-123286-0007_generated.wav,4.550023,1.082882,1.079301,0.237995,0.237208,1.29411,0.895116,1.064067
H2_512C_quantized_no_upsample,260-123286-0008.wav,generated_audios/generated_H2_512C_int8/260-123286-0008_generated.wav,3.735011,0.858303,0.85467,0.229799,0.228827,1.356132,0.917052,0.961598
H2_512C_quantized_no_upsample,260-123286-0009.wav,generated_audios/generated_H2_512C_int8/260-123286-0009_generated.wav,5.795011,1.360587,1.356848,0.234786,0.234141,1.26817,0.906076,0.904493
H2_512C_quantized_no_upsample,260-123286-0010.wav,generated_audios/generated_H2_512C_int8/260-123286-0010_generated.wav,2.575011,0.367199,0.365129,0.142601,0.141797,1.212001,0.917833,1.090112
H2_512C_quantized_no_upsample,260-123286-0011.wav,generated_audios/generated_H2_512C_int8/260-123286-0011_generated.wav,4.255011,0.602803,0.599453,0.141669,0.140882,1.316241,0.879538,1.22397
H2_512C_quantized_no_upsample,260-123286-0012.wav,generated_audios/generated_H2_512C_int8/260-123286-0012_generated.wav,2.430023,0.349554,0.346136,0.143848,0.142441,1.322608,0.914265,1.04482
H2_512C_quantized_no_upsample,260-123286-0013.wav,generated_audios/generated_H2_512C_int8/260-123286-0013_generated.wav,4.730023,1.113335,1.10988,0.235376,0.234646,1.431448,0.926379,0.963802
H2_512C_quantized_no_upsample,260-123286-0014.wav,generated_audios/generated_H2_512C_int8/260-123286-0014_generated.wav,2.98,0.543603,0.540054,0.182417,0.181226,1.227484,0.892051,0.886991
H2_512C_quantized_no_upsample,260-123286-0015.wav,generated_audios/generated_H2_512C_int8/260-123286-0015_generated.wav,5.210023,1.340862,1.337082,0.257362,0.256637,1.45438,0.927533,1.129638
H2_512C_quantized_no_upsample,260-123286-0016.wav,generated_audios/generated_H2_512C_int8/260-123286-0016_generated.wav,7.0,1.697934,1.693688,0.242562,0.241955,1.360785,0.91941,0.924191
H2_512C_quantized_no_upsample,260-123286-0017.wav,generated_audios/generated_H2_512C_int8/260-123286-0017_generated.wav,3.975011,0.918191,0.914559,0.230991,0.230077,1.311315,0.92782,0.845633
H2_512C_quantized_no_upsample,260-123286-0018.wav,generated_audios/generated_H2_512C_int8/260-123286-0018_generated.wav,5.670023,1.363716,1.359973,0.240513,0.239853,1.324684,0.872476,1.038975
H2_512C_quantized_no_upsample,260-123286-0019.wav,generated_audios/generated_H2_512C_int8/260-123286-0019_generated.wav,11.905034,2.837645,2.832818,0.238357,0.237951,1.321448,0.902546,0.983028
H2_512C_quantized_no_upsample,260-123286-0020.wav,generated_audios/generated_H2_512C_int8/260-123286-0020_generated.wav,3.06,0.423878,0.420437,0.138522,0.137398,1.192428,0.910503,0.885017
H2_512C_quantized_no_upsample,260-123286-0021.wav,generated_audios/generated_H2_512C_int8/260-123286-0021_generated.wav,2.550023,0.590739,0.587364,0.23166,0.230337,1.32485,0.919874,1.04836
H2_512C_quantized_no_upsample,260-123286-0022.wav,generated_audios/generated_H2_512C_int8/260-123286-0022_generated.wav,3.235011,0.776822,0.773458,0.24013,0.23909,1.305974,0.925632,0.892054
H2_512C_quantized_no_upsample,260-123286-0023.wav,generated_audios/generated_H2_512C_int8/260-123286-0023_generated.wav,5.875011,1.416953,1.41351,0.241183,0.240597,1.347706,0.897335,0.988356
H2_512C_quantized_no_upsample,260-123286-0024.wav,generated_audios/generated_H2_512C_int8/260-123286-0024_generated.wav,3.04,0.689055,0.685509,0.226663,0.225496,1.575225,0.937539,1.031487
H2_512C_quantized_no_upsample,260-123286-0025.wav,generated_audios/generated_H2_512C_int8/260-123286-0025_generated.wav,9.205034,2.177207,2.172928,0.236524,0.236059,1.365685,0.915405,1.028344
H2_512C_quantized_no_upsample,260-123286-0026.wav,generated_audios/generated_H2_512C_int8/260-123286-0026_generated.wav,6.94,1.655272,1.651395,0.238512,0.237953,1.285239,0.898128,1.071257
H2_512C_quantized_no_upsample,260-123286-0027.wav,generated_audios/generated_H2_512C_int8/260-123286-0027_generated.wav,7.170023,1.680081,1.676089,0.23432,0.233763,1.323928,0.877755,0.974066
H2_512C_quantized_no_upsample,260-123286-0028.wav,generated_audios/generated_H2_512C_int8/260-123286-0028_generated.wav,7.465034,1.773627,1.769784,0.237591,0.237076,1.333267,0.879047,0.927797
H2_512C_quantized_no_upsample,260-123286-0029.wav,generated_audios/generated_H2_512C_int8/260-123286-0029_generated.wav,4.545034,0.604945,0.601433,0.1331,0.132327,1.277412,0.915103,0.950633
H2_512C_quantized_no_upsample,260-123286-0030.wav,generated_audios/generated_H2_512C_int8/260-123286-0030_generated.wav,7.530023,1.108888,1.10599,0.147262,0.146877,1.277594,0.89261,1.12285
H2_512C_quantized_no_upsample,260-123286-0031.wav,generated_audios/generated_H2_512C_int8/260-123286-0031_generated.wav,5.06,1.175213,1.171606,0.232255,0.231543,1.417049,0.916314,0.779876
H2_512C_quantized_no_upsample,260-123288-0000.wav,generated_audios/generated_H2_512C_int8/260-123288-0000_generated.wav,3.04,0.417714,0.4141,0.137406,0.136217,1.33978,0.872039,1.102233
H2_512C_quantized_no_upsample,260-123288-0001.wav,generated_audios/generated_H2_512C_int8/260-123288-0001_generated.wav,5.08,0.717498,0.713787,0.14124,0.140509,1.227859,0.886373,1.199003
H2_512C_quantized_no_upsample,260-123288-0002.wav,generated_audios/generated_H2_512C_int8/260-123288-0002_generated.wav,7.250023,1.760911,1.757054,0.242884,0.242352,1.286408,0.875012,1.043557
H2_512C_quantized_no_upsample,260-123288-0003.wav,generated_audios/generated_H2_512C_int8/260-123288-0003_generated.wav,8.905034,2.121046,2.116961,0.238185,0.237726,1.289483,0.913776,1.00699
H2_512C_quantized_no_upsample,260-123288-0004.wav,generated_audios/generated_H2_512C_int8/260-123288-0004_generated.wav,4.310023,0.997515,0.993876,0.231441,0.230596,1.227739,0.843777,1.131485
H2_512C_quantized_no_upsample,260-123288-0005.wav,generated_audios/generated_H2_512C_int8/260-123288-0005_generated.wav,12.550023,2.987856,2.983505,0.238076,0.237729,1.242395,0.884236,1.037677
H2_512C_quantized_no_upsample,260-123288-0006.wav,generated_audios/generated_H2_512C_int8/260-123288-0006_generated.wav,4.88,1.162713,1.159,0.238261,0.2375,1.226378,0.897785,0.845311
H2_512C_quantized_no_upsample,260-123288-0007.wav,generated_audios/generated_H2_512C_int8/260-123288-0007_generated.wav,11.2,2.711244,2.706983,0.242075,0.241695,1.281698,0.891789,1.101135
H2_512C_quantized_no_upsample,260-123288-0008.wav,generated_audios/generated_H2_512C_int8/260-123288-0008_generated.wav,5.515011,1.34045,1.336422,0.243055,0.242324,1.484422,0.925526,1.083101
H2_512C_quantized_no_upsample,260-123288-0009.wav,generated_audios/generated_H2_512C_int8/260-123288-0009_generated.wav,3.435011,0.826262,0.82258,0.240541,0.239469,1.493749,0.90445,1.021599
H2_512C_quantized_no_upsample,260-123288-0010.wav,generated_audios/generated_H2_512C_int8/260-123288-0010_generated.wav,9.995011,1.410478,1.406186,0.141118,0.140689,1.266286,0.905348,0.906855
H2_512C_quantized_no_upsample,260-123288-0011.wav,generated_audios/generated_H2_512C_int8/260-123288-0011_generated.wav,8.98,2.142324,2.138175,0.238566,0.238104,1.34099,0.874206,0.916659
H2_512C_quantized_no_upsample,260-123288-0012.wav,generated_audios/generated_H2_512C_int8/260-123288-0012_generated.wav,3.545034,0.859098,0.855615,0.242338,0.241356,1.425315,0.924751,1.006816
H2_512C_quantized_no_upsample,260-123288-0013.wav,generated_audios/generated_H2_512C_int8/260-123288-0013_generated.wav,11.385079,2.777396,2.772921,0.24395,0.243557,1.316969,0.892477,1.048212
H2_512C_quantized_no_upsample,260-123288-0014.wav,generated_audios/generated_H2_512C_int8/260-123288-0014_generated.wav,1.805034,0.264868,0.26154,0.146738,0.144895,1.495458,0.925838,1.036016
H2_512C_quantized_no_upsample,260-123288-0015.wav,generated_audios/generated_H2_512C_int8/260-123288-0015_generated.wav,21.185034,5.432215,5.426643,0.256418,0.256155,1.267212,0.885872,1.025571
H2_512C_quantized_no_upsample,260-123288-0016.wav,generated_audios/generated_H2_512C_int8/260-123288-0016_generated.wav,4.865034,1.149071,1.145302,0.23619,0.235415,1.218267,0.854377,1.214364
H2_512C_quantized_no_upsample,260-123288-0017.wav,generated_audios/generated_H2_512C_int8/260-123288-0017_generated.wav,5.225034,1.178836,1.174933,0.225613,0.224866,1.32233,0.917642,1.069836
H2_512C_quantized_no_upsample,260-123288-0018.wav,generated_audios/generated_H2_512C_int8/260-123288-0018_generated.wav,3.245034,0.74879,0.745216,0.23075,0.229648,1.452692,0.885143,0.976112
H2_512C_quantized_no_upsample,260-123288-0019.wav,generated_audios/generated_H2_512C_int8/260-123288-0019_generated.wav,2.955011,0.40631,0.402706,0.137499,0.136279,1.272562,0.902282,0.89332
H2_512C_quantized_no_upsample,260-123288-0020.wav,generated_audios/generated_H2_512C_int8/260-123288-0020_generated.wav,2.9,0.657939,0.654564,0.226876,0.225712,1.335872,0.910683,0.765349
H2_512C_quantized_no_upsample,260-123288-0021.wav,generated_audios/generated_H2_512C_int8/260-123288-0021_generated.wav,2.710023,0.385449,0.381948,0.142231,0.140939,1.328972,0.902824,1.068778
H2_512C_quantized_no_upsample,260-123288-0022.wav,generated_audios/generated_H2_512C_int8/260-123288-0022_generated.wav,3.705034,0.871446,0.867972,0.235206,0.234268,1.195643,0.897553,1.147276
H2_512C_quantized_no_upsample,260-123288-0023.wav,generated_audios/generated_H2_512C_int8/260-123288-0023_generated.wav,2.385034,0.341475,0.337807,0.143174,0.141636,1.236753,0.836446,0.993155
H2_512C_quantized_no_upsample,260-123288-0024.wav,generated_audios/generated_H2_512C_int8/260-123288-0024_generated.wav,14.595011,3.417983,3.413466,0.234188,0.233879,1.310686,0.905341,1.054141
H2_512C_quantized_no_upsample,260-123288-0025.wav,generated_audios/generated_H2_512C_int8/260-123288-0025_generated.wav,13.445034,3.204975,3.200734,0.238376,0.238061,1.330095,0.894579,1.029696
H2_512C_quantized_no_upsample,260-123288-0026.wav,generated_audios/generated_H2_512C_int8/260-123288-0026_generated.wav,16.04,3.844991,3.840308,0.239713,0.239421,1.310145,0.900986,1.105422
H2_512C_quantized_no_upsample,260-123288-0027.wav,generated_audios/generated_H2_512C_int8/260-123288-0027_generated.wav,6.305034,1.487547,1.483513,0.23593,0.23529,1.342209,0.917951,1.09276
H2_512C_quantized_no_upsample,260-123288-0028.wav,generated_audios/generated_H2_512C_int8/260-123288-0028_generated.wav,2.610023,0.647103,0.643679,0.24793,0.246618,1.334374,0.933431,0.883675
H2_512C_quantized_no_upsample,260-123440-0000.wav,generated_audios/generated_H2_512C_int8/260-123440-0000_generated.wav,2.165034,0.493418,0.489991,0.227903,0.22632,1.172439,0.882496,1.194624
H2_512C_quantized_no_upsample,260-123440-0001.wav,generated_audios/generated_H2_512C_int8/260-123440-0001_generated.wav,1.74,0.438579,0.435332,0.252057,0.250191,1.340412,0.913232,0.936723
H2_512C_quantized_no_upsample,260-123440-0002.wav,generated_audios/generated_H2_512C_int8/260-123440-0002_generated.wav,14.715011,3.486919,3.481987,0.236963,0.236628,1.292491,0.914326,1.100669
H2_512C_quantized_no_upsample,260-123440-0003.wav,generated_audios/generated_H2_512C_int8/260-123440-0003_generated.wav,3.585034,0.858656,0.855076,0.239511,0.238513,1.35435,0.909365,1.05979
H2_512C_quantized_no_upsample,260-123440-0004.wav,generated_audios/generated_H2_512C_int8/260-123440-0004_generated.wav,12.02,2.832976,2.828204,0.235689,0.235292,1.240168,0.907211,0.988961
H2_512C_quantized_no_upsample,260-123440-0005.wav,generated_audios/generated_H2_512C_int8/260-123440-0005_generated.wav,3.105034,0.443032,0.440036,0.142682,0.141717,1.334768,0.911382,1.017004
H2_512C_quantized_no_upsample,260-123440-0006.wav,generated_audios/generated_H2_512C_int8/260-123440-0006_generated.wav,2.715011,0.384241,0.381083,0.141525,0.140362,1.307089,0.902795,1.084775
H2_512C_quantized_no_upsample,260-123440-0007.wav,generated_audios/generated_H2_512C_int8/260-123440-0007_generated.wav,3.385034,0.779853,0.777103,0.230382,0.22957,1.304131,0.898977,1.058317
H2_512C_quantized_no_upsample,260-123440-0008.wav,generated_audios/generated_H2_512C_int8/260-123440-0008_generated.wav,3.745034,0.900028,0.896531,0.240326,0.239392,1.278731,0.896826,1.042201
H2_512C_quantized_no_upsample,260-123440-0009.wav,generated_audios/generated_H2_512C_int8/260-123440-0009_generated.wav,3.115011,0.725305,0.721685,0.232842,0.23168,1.323552,0.938185,0.856064
H2_512C_quantized_no_upsample,260-123440-0010.wav,generated_audios/generated_H2_512C_int8/260-123440-0010_generated.wav,8.315011,2.011176,2.006906,0.241873,0.241359,1.307755,0.886117,0.967217
H2_512C_quantized_no_upsample,260-123440-0011.wav,generated_audios/generated_H2_512C_int8/260-123440-0011_generated.wav,4.870023,0.664971,0.661061,0.136544,0.135741,1.332735,0.911317,1.072229
H2_512C_quantized_no_upsample,260-123440-0012.wav,generated_audios/generated_H2_512C_int8/260-123440-0012_generated.wav,5.245034,1.259146,1.255293,0.240064,0.23933,1.331665,0.909468,0.974012
H2_512C_quantized_no_upsample,260-123440-0013.wav,generated_audios/generated_H2_512C_int8/260-123440-0013_generated.wav,3.475011,0.842028,0.838465,0.24231,0.241284,1.26833,0.90278,1.135671
H2_512C_quantized_no_upsample,260-123440-0014.wav,generated_audios/generated_H2_512C_int8/260-123440-0014_generated.wav,3.815011,0.920746,0.917164,0.241348,0.240409,1.36893,0.933706,1.040962
H2_512C_quantized_no_upsample,260-123440-0015.wav,generated_audios/generated_H2_512C_int8/260-123440-0015_generated.wav,6.2,0.889329,0.885446,0.14344,0.142814,1.38832,0.914992,0.916883
H2_512C_quantized_no_upsample,260-123440-0016.wav,generated_audios/generated_H2_512C_int8/260-123440-0016_generated.wav,4.895011,1.20398,1.200099,0.245961,0.245168,1.35616,0.937717,0.97422
H2_512C_quantized_no_upsample,260-123440-0017.wav,generated_audios/generated_H2_512C_int8/260-123440-0017_generated.wav,3.070023,0.442194,0.438817,0.144036,0.142936,1.223776,0.893361,1.108819
H2_512C_quantized_no_upsample,260-123440-0018.wav,generated_audios/generated_H2_512C_int8/260-123440-0018_generated.wav,3.64,0.861915,0.858387,0.23679,0.235821,1.4627,0.934259,1.052761
H2_512C_quantized_no_upsample,260-123440-0019.wav,generated_audios/generated_H2_512C_int8/260-123440-0019_generated.wav,6.630023,1.567558,1.563491,0.236433,0.23582,1.25445,0.884847,1.008872
H2_512C_quantized_no_upsample,260-123440-0020.wav,generated_audios/generated_H2_512C_int8/260-123440-0020_generated.wav,4.995011,1.223741,1.219941,0.244993,0.244232,1.26273,0.902287,1.195906
H2_512C_quantized_no_upsample,61-70968-0000.wav,generated_audios/generated_H2_512C_int8/61-70968-0000_generated.wav,4.905034,1.204831,1.201285,0.245632,0.244909,1.260228,0.897889,0.975757
H2_512C_quantized_no_upsample,61-70968-0001.wav,generated_audios/generated_H2_512C_int8/61-70968-0001_generated.wav,3.610023,0.863682,0.86016,0.239246,0.23827,1.326046,0.890171,0.928979
H2_512C_quantized_no_upsample,61-70968-0002.wav,generated_audios/generated_H2_512C_int8/61-70968-0002_generated.wav,2.970023,0.678719,0.675672,0.228523,0.227497,1.409699,0.840126,0.982296
H2_512C_quantized_no_upsample,61-70968-0003.wav,generated_audios/generated_H2_512C_int8/61-70968-0003_generated.wav,4.315011,0.588665,0.584979,0.136423,0.135568,1.44848,0.870383,0.948252
H2_512C_quantized_no_upsample,61-70968-0004.wav,generated_audios/generated_H2_512C_int8/61-70968-0004_generated.wav,3.885034,0.945823,0.942245,0.243453,0.242532,1.340968,0.880916,0.943783
H2_512C_quantized_no_upsample,61-70968-0005.wav,generated_audios/generated_H2_512C_int8/61-70968-0005_generated.wav,5.070023,0.723892,0.720831,0.142779,0.142175,1.248501,0.820521,1.060193
H2_512C_quantized_no_upsample,61-70968-0006.wav,generated_audios/generated_H2_512C_int8/61-70968-0006_generated.wav,2.935011,0.677404,0.674133,0.230801,0.229687,1.344849,0.871533,0.985857
H2_512C_quantized_no_upsample,61-70968-0007.wav,generated_audios/generated_H2_512C_int8/61-70968-0007_generated.wav,3.550023,0.478664,0.475267,0.134834,0.133877,1.300498,0.732433,0.970636
H2_512C_quantized_no_upsample,61-70968-0008.wav,generated_audios/generated_H2_512C_int8/61-70968-0008_generated.wav,3.535011,0.51988,0.516986,0.147066,0.146247,1.34691,0.902795,0.887578
H2_512C_quantized_no_upsample,61-70968-0009.wav,generated_audios/generated_H2_512C_int8/61-70968-0009_generated.wav,4.510023,1.059258,1.056141,0.234868,0.234176,1.32793,0.808947,1.113383
H2_512C_quantized_no_upsample,61-70968-0010.wav,generated_audios/generated_H2_512C_int8/61-70968-0010_generated.wav,8.295011,1.968215,1.96397,0.237277,0.236765,1.371501,0.854892,0.938208
H2_512C_quantized_no_upsample,61-70968-0011.wav,generated_audios/generated_H2_512C_int8/61-70968-0011_generated.wav,6.375011,1.497585,1.493774,0.234915,0.234317,1.356531,0.895007,0.917622
H2_512C_quantized_no_upsample,61-70968-0012.wav,generated_audios/generated_H2_512C_int8/61-70968-0012_generated.wav,2.610023,0.384532,0.381176,0.147329,0.146043,1.767241,0.949967,0.783595
H2_512C_quantized_no_upsample,61-70968-0013.wav,generated_audios/generated_H2_512C_int8/61-70968-0013_generated.wav,4.450023,0.622651,0.619089,0.139921,0.139121,1.377405,0.866842,0.962396
H2_512C_quantized_no_upsample,61-70968-0014.wav,generated_audios/generated_H2_512C_int8/61-70968-0014_generated.wav,7.485034,1.757505,1.753765,0.234803,0.234303,1.408309,0.888042,0.996425
H2_512C_quantized_no_upsample,61-70968-0015.wav,generated_audios/generated_H2_512C_int8/61-70968-0015_generated.wav,5.375011,1.285981,1.282212,0.239252,0.238551,1.485253,0.909424,0.879507
H2_512C_quantized_no_upsample,61-70968-0016.wav,generated_audios/generated_H2_512C_int8/61-70968-0016_generated.wav,3.72,0.955177,0.951592,0.256768,0.255804,1.506591,0.928821,0.801407
H2_512C_quantized_no_upsample,61-70968-0017.wav,generated_audios/generated_H2_512C_int8/61-70968-0017_generated.wav,5.110023,1.232645,1.2287,0.241221,0.240449,1.379292,0.908977,0.846303
H2_512C_quantized_no_upsample,61-70968-0018.wav,generated_audios/generated_H2_512C_int8/61-70968-0018_generated.wav,2.405034,0.545649,0.542343,0.226878,0.225503,1.379051,0.891275,0.987143
H2_512C_quantized_no_upsample,61-70968-0019.wav,generated_audios/generated_H2_512C_int8/61-70968-0019_generated.wav,5.475011,1.303337,1.300468,0.238052,0.237528,1.438594,0.87215,0.956874
H2_512C_quantized_no_upsample,61-70968-0020.wav,generated_audios/generated_H2_512C_int8/61-70968-0020_generated.wav,5.105034,1.233888,1.230211,0.2417,0.24098,1.640937,0.900617,0.717923
H2_512C_quantized_no_upsample,61-70968-0021.wav,generated_audios/generated_H2_512C_int8/61-70968-0021_generated.wav,2.690023,0.622032,0.61853,0.231237,0.229935,1.486364,0.847049,0.95247
H2_512C_quantized_no_upsample,61-70968-0022.wav,generated_audios/generated_H2_512C_int8/61-70968-0022_generated.wav,4.670023,0.668731,0.664994,0.143196,0.142396,1.283112,0.862316,1.010211
H2_512C_quantized_no_upsample,61-70968-0023.wav,generated_audios/generated_H2_512C_int8/61-70968-0023_generated.wav,5.025034,0.765083,0.761467,0.152254,0.151535,1.595345,0.912515,0.799312
H2_512C_quantized_no_upsample,61-70968-0024.wav,generated_audios/generated_H2_512C_int8/61-70968-0024_generated.wav,6.025034,1.460364,1.45652,0.242383,0.241745,1.529989,0.869306,0.828397
H2_512C_quantized_no_upsample,61-70968-0025.wav,generated_audios/generated_H2_512C_int8/61-70968-0025_generated.wav,4.410023,0.604197,0.600339,0.137005,0.136131,1.574729,0.899778,0.822802
H2_512C_quantized_no_upsample,61-70968-0026.wav,generated_audios/generated_H2_512C_int8/61-70968-0026_generated.wav,4.92,1.149299,1.145651,0.233597,0.232856,1.456719,0.91877,0.860619
H2_512C_quantized_no_upsample,61-70968-0027.wav,generated_audios/generated_H2_512C_int8/61-70968-0027_generated.wav,6.870023,1.624933,1.62215,0.236525,0.23612,1.416,0.89511,0.877091
H2_512C_quantized_no_upsample,61-70968-0028.wav,generated_audios/generated_H2_512C_int8/61-70968-0028_generated.wav,5.355011,1.28362,1.279817,0.239705,0.238994,1.502555,0.909262,0.857183
H2_512C_quantized_no_upsample,61-70968-0029.wav,generated_audios/generated_H2_512C_int8/61-70968-0029_generated.wav,3.495011,0.837014,0.833911,0.239488,0.2386,1.414222,0.907044,0.890236
H2_512C_quantized_no_upsample,61-70968-0030.wav,generated_audios/generated_H2_512C_int8/61-70968-0030_generated.wav,5.685034,1.341285,1.337593,0.235933,0.235283,1.470438,0.907111,0.81657
H2_512C_quantized_no_upsample,61-70968-0031.wav,generated_audios/generated_H2_512C_int8/61-70968-0031_generated.wav,2.925034,0.691887,0.688283,0.23654,0.235308,1.291708,0.84974,0.890491
H2_512C_quantized_no_upsample,61-70968-0032.wav,generated_audios/generated_H2_512C_int8/61-70968-0032_generated.wav,4.28,0.621503,0.617768,0.145211,0.144338,1.482785,0.848217,0.902328
H2_512C_quantized_no_upsample,61-70968-0033.wav,generated_audios/generated_H2_512C_int8/61-70968-0033_generated.wav,5.685034,0.811748,0.807978,0.142787,0.142124,1.478504,0.922319,0.877877
H2_512C_quantized_no_upsample,61-70968-0034.wav,generated_audios/generated_H2_512C_int8/61-70968-0034_generated.wav,4.230023,1.005148,1.001399,0.237622,0.236736,1.75744,0.92982,0.733905
H2_512C_quantized_no_upsample,61-70968-0035.wav,generated_audios/generated_H2_512C_int8/61-70968-0035_generated.wav,7.950023,1.861404,1.85778,0.234138,0.233682,1.39227,0.901777,0.830811
H2_512C_quantized_no_upsample,61-70968-0036.wav,generated_audios/generated_H2_512C_int8/61-70968-0036_generated.wav,2.934966,0.394837,0.391455,0.134528,0.133376,1.563618,0.937032,0.877794
H2_512C_quantized_no_upsample,61-70968-0037.wav,generated_audios/generated_H2_512C_int8/61-70968-0037_generated.wav,4.315011,0.57905,0.575549,0.134194,0.133383,1.269376,0.834746,1.095206
H2_512C_quantized_no_upsample,61-70968-0038.wav,generated_audios/generated_H2_512C_int8/61-70968-0038_generated.wav,2.050023,0.520171,0.517332,0.253739,0.252354,1.440667,0.697472,1.238586
H2_512C_quantized_no_upsample,61-70968-0039.wav,generated_audios/generated_H2_512C_int8/61-70968-0039_generated.wav,3.805034,0.886241,0.883005,0.232913,0.232062,1.409127,0.830192,1.107064
H2_512C_quantized_no_upsample,61-70968-0040.wav,generated_audios/generated_H2_512C_int8/61-70968-0040_generated.wav,3.950023,0.918294,0.915171,0.232478,0.231687,1.451912,0.88424,0.95554
H2_512C_quantized_no_upsample,61-70968-0041.wav,generated_audios/generated_H2_512C_int8/61-70968-0041_generated.wav,6.825034,0.967954,0.963615,0.141824,0.141188,1.498902,0.821884,0.969517
H2_512C_quantized_no_upsample,61-70968-0042.wav,generated_audios/generated_H2_512C_int8/61-70968-0042_generated.wav,2.785034,0.392208,0.388888,0.140827,0.139635,1.417644,0.87894,0.919429
H2_512C_quantized_no_upsample,61-70968-0043.wav,generated_audios/generated_H2_512C_int8/61-70968-0043_generated.wav,6.735011,1.586607,1.582821,0.235576,0.235014,1.348304,0.795239,0.869464
H2_512C_quantized_no_upsample,61-70968-0044.wav,generated_audios/generated_H2_512C_int8/61-70968-0044_generated.wav,2.770023,0.393716,0.390232,0.142135,0.140877,1.329914,0.880751,1.043267
H2_512C_quantized_no_upsample,61-70968-0045.wav,generated_audios/generated_H2_512C_int8/61-70968-0045_generated.wav,3.475011,0.467558,0.46402,0.134549,0.133531,1.33789,0.850374,1.03084
H2_512C_quantized_no_upsample,61-70968-0046.wav,generated_audios/generated_H2_512C_int8/61-70968-0046_generated.wav,3.550023,0.47375,0.470523,0.13345,0.132541,1.319658,0.878128,0.931315
H2_512C_quantized_no_upsample,61-70968-0047.wav,generated_audios/generated_H2_512C_int8/61-70968-0047_generated.wav,4.775011,1.115022,1.111431,0.233512,0.23276,1.459311,0.895934,0.889193
H2_512C_quantized_no_upsample,61-70968-0048.wav,generated_audios/generated_H2_512C_int8/61-70968-0048_generated.wav,3.02,0.733769,0.73082,0.24297,0.241993,1.288563,0.868005,1.119246
H2_512C_quantized_no_upsample,61-70968-0049.wav,generated_audios/generated_H2_512C_int8/61-70968-0049_generated.wav,8.250023,1.963935,1.960157,0.238052,0.237594,1.402516,0.834044,0.953638
H2_512C_quantized_no_upsample,61-70968-0050.wav,generated_audios/generated_H2_512C_int8/61-70968-0050_generated.wav,5.58,1.374093,1.370676,0.246253,0.245641,1.332086,0.81803,0.977452
H2_512C_quantized_no_upsample,61-70968-0051.wav,generated_audios/generated_H2_512C_int8/61-70968-0051_generated.wav,3.135011,0.721356,0.717803,0.230097,0.228963,1.429521,0.889404,1.042628
H2_512C_quantized_no_upsample,61-70968-0052.wav,generated_audios/generated_H2_512C_int8/61-70968-0052_generated.wav,2.650023,0.596237,0.592898,0.224993,0.223733,1.5652,0.898213,0.763377
H2_512C_quantized_no_upsample,61-70968-0053.wav,generated_audios/generated_H2_512C_int8/61-70968-0053_generated.wav,4.22,0.582084,0.579046,0.137935,0.137215,1.342995,0.809974,1.057885
H2_512C_quantized_no_upsample,61-70968-0054.wav,generated_audios/generated_H2_512C_int8/61-70968-0054_generated.wav,7.86,1.893148,1.889176,0.240859,0.240353,1.405131,0.885143,0.900711
H2_512C_quantized_no_upsample,61-70968-0055.wav,generated_audios/generated_H2_512C_int8/61-70968-0055_generated.wav,3.965034,0.547674,0.544077,0.138126,0.137219,1.463546,0.848781,0.947495
H2_512C_quantized_no_upsample,61-70968-0056.wav,generated_audios/generated_H2_512C_int8/61-70968-0056_generated.wav,3.565034,0.850529,0.846866,0.238575,0.237548,1.469021,0.890603,0.920675
H2_512C_quantized_no_upsample,61-70968-0057.wav,generated_audios/generated_H2_512C_int8/61-70968-0057_generated.wav,5.065034,0.705075,0.701335,0.139204,0.138466,1.33626,0.868629,0.947084
H2_512C_quantized_no_upsample,61-70968-0058.wav,generated_audios/generated_H2_512C_int8/61-70968-0058_generated.wav,1.82,0.424788,0.421334,0.2334,0.231502,1.244555,0.840658,0.982495
H2_512C_quantized_no_upsample,61-70968-0059.wav,generated_audios/generated_H2_512C_int8/61-70968-0059_generated.wav,2.170023,0.323643,0.320168,0.149143,0.147541,1.457248,0.916827,1.059615
H2_512C_quantized_no_upsample,61-70968-0060.wav,generated_audios/generated_H2_512C_int8/61-70968-0060_generated.wav,3.735011,0.535375,0.531698,0.14334,0.142355,1.633647,0.907083,0.769912
H2_512C_quantized_no_upsample,61-70968-0061.wav,generated_audios/generated_H2_512C_int8/61-70968-0061_generated.wav,5.530023,1.314812,1.310887,0.237759,0.237049,1.208045,0.804704,1.264447
H2_512C_quantized_no_upsample,61-70968-0062.wav,generated_audios/generated_H2_512C_int8/61-70968-0062_generated.wav,2.555011,0.357793,0.354438,0.140036,0.138723,1.360652,0.807244,0.982427
H2_512C_quantized_no_upsample,61-70970-0000.wav,generated_audios/generated_H2_512C_int8/61-70970-0000_generated.wav,6.075011,1.454789,1.451134,0.239471,0.238869,1.306275,0.901047,0.858846
H2_512C_quantized_no_upsample,61-70970-0001.wav,generated_audios/generated_H2_512C_int8/61-70970-0001_generated.wav,6.155011,1.472831,1.469059,0.23929,0.238677,1.420739,0.908538,0.86452
H2_512C_quantized_no_upsample,61-70970-0002.wav,generated_audios/generated_H2_512C_int8/61-70970-0002_generated.wav,4.165034,0.998412,0.994672,0.239713,0.238815,1.445349,0.816864,1.040824
H2_512C_quantized_no_upsample,61-70970-0003.wav,generated_audios/generated_H2_512C_int8/61-70970-0003_generated.wav,3.835011,0.889097,0.885634,0.231837,0.230934,1.599559,0.891759,0.805851
H2_512C_quantized_no_upsample,61-70970-0004.wav,generated_audios/generated_H2_512C_int8/61-70970-0004_generated.wav,10.515011,2.503605,2.499433,0.238098,0.237701,1.581775,0.894248,0.833528
H2_512C_quantized_no_upsample,61-70970-0005.wav,generated_audios/generated_H2_512C_int8/61-70970-0005_generated.wav,2.02,0.514154,0.510826,0.254532,0.252884,1.424899,0.860164,1.254175
H2_512C_quantized_no_upsample,61-70970-0006.wav,generated_audios/generated_H2_512C_int8/61-70970-0006_generated.wav,2.335011,0.544522,0.541274,0.233199,0.231808,1.333948,0.881021,1.077369
H2_512C_quantized_no_upsample,61-70970-0007.wav,generated_audios/generated_H2_512C_int8/61-70970-0007_generated.wav,4.485034,1.075051,1.071676,0.239697,0.238945,1.416102,0.86096,1.029712
H2_512C_quantized_no_upsample,61-70970-0008.wav,generated_audios/generated_H2_512C_int8/61-70970-0008_generated.wav,2.150023,0.55188,0.548395,0.256686,0.255065,1.534945,0.879828,1.09773
H2_512C_quantized_no_upsample,61-70970-0009.wav,generated_audios/generated_H2_512C_int8/61-70970-0009_generated.wav,3.405034,0.819817,0.816128,0.240766,0.239683,1.62887,0.926983,0.759392
H2_512C_quantized_no_upsample,61-70970-0010.wav,generated_audios/generated_H2_512C_int8/61-70970-0010_generated.wav,3.045034,0.433868,0.430479,0.142484,0.141371,1.549773,0.867989,0.87694
H2_512C_quantized_no_upsample,61-70970-0011.wav,generated_audios/generated_H2_512C_int8/61-70970-0011_generated.wav,6.075011,0.795632,0.791922,0.130968,0.130357,1.506974,0.875051,0.906412
H2_512C_quantized_no_upsample,61-70970-0012.wav,generated_audios/generated_H2_512C_int8/61-70970-0012_generated.wav,3.135011,0.44405,0.440529,0.141642,0.140519,1.489795,0.922538,0.833429
H2_512C_quantized_no_upsample,61-70970-0013.wav,generated_audios/generated_H2_512C_int8/61-70970-0013_generated.wav,4.350023,1.064828,1.061258,0.244787,0.243966,1.359116,0.894938,0.94401
H2_512C_quantized_no_upsample,61-70970-0014.wav,generated_audios/generated_H2_512C_int8/61-70970-0014_generated.wav,3.405034,0.451383,0.447719,0.132563,0.131487,1.52951,0.914607,0.918988
H2_512C_quantized_no_upsample,61-70970-0015.wav,generated_audios/generated_H2_512C_int8/61-70970-0015_generated.wav,8.415011,2.058678,2.054853,0.244644,0.244189,1.345636,0.895219,0.969729
H2_512C_quantized_no_upsample,61-70970-0016.wav,generated_audios/generated_H2_512C_int8/61-70970-0016_generated.wav,4.370023,1.0536,1.049994,0.241097,0.240272,1.423872,0.914872,0.971382
H2_512C_quantized_no_upsample,61-70970-0017.wav,generated_audios/generated_H2_512C_int8/61-70970-0017_generated.wav,2.550023,0.365432,0.362507,0.143305,0.142158,1.262485,0.842244,1.166618
H2_512C_quantized_no_upsample,61-70970-0018.wav,generated_audios/generated_H2_512C_int8/61-70970-0018_generated.wav,4.6,1.076008,1.072368,0.233915,0.233123,1.408411,0.863671,1.012065
H2_512C_quantized_no_upsample,61-70970-0019.wav,generated_audios/generated_H2_512C_int8/61-70970-0019_generated.wav,3.78,0.904201,0.900415,0.239207,0.238205,1.412392,0.882962,0.998583
H2_512C_quantized_no_upsample,61-70970-0020.wav,generated_audios/generated_H2_512C_int8/61-70970-0020_generated.wav,5.025034,0.697275,0.693559,0.13876,0.138021,1.324645,0.803487,1.215415
H2_512C_quantized_no_upsample,61-70970-0021.wav,generated_audios/generated_H2_512C_int8/61-70970-0021_generated.wav,5.405034,1.277618,1.273997,0.236375,0.235706,1.405596,0.881421,0.876262
H2_512C_quantized_no_upsample,61-70970-0022.wav,generated_audios/generated_H2_512C_int8/61-70970-0022_generated.wav,3.970023,0.543014,0.539284,0.136779,0.135839,1.439348,0.881312,0.942477
H2_512C_quantized_no_upsample,61-70970-0023.wav,generated_audios/generated_H2_512C_int8/61-70970-0023_generated.wav,3.705034,0.517128,0.513464,0.139574,0.138586,1.484345,0.903647,0.790875
H2_512C_quantized_no_upsample,61-70970-0024.wav,generated_audios/generated_H2_512C_int8/61-70970-0024_generated.wav,7.235011,1.722998,1.718983,0.238147,0.237592,1.434003,0.905052,0.861242
H2_512C_quantized_no_upsample,61-70970-0025.wav,generated_audios/generated_H2_512C_int8/61-70970-0025_generated.wav,7.435011,2.029406,2.025273,0.272953,0.272397,1.579215,0.918068,0.838133
H2_512C_quantized_no_upsample,61-70970-0026.wav,generated_audios/generated_H2_512C_int8/61-70970-0026_generated.wav,5.475011,0.747203,0.744645,0.136475,0.136008,1.62684,0.886668,0.800171
H2_512C_quantized_no_upsample,61-70970-0027.wav,generated_audios/generated_H2_512C_int8/61-70970-0027_generated.wav,5.08,0.707899,0.704136,0.13935,0.138609,1.368232,0.881375,0.87589
H2_512C_quantized_no_upsample,61-70970-0028.wav,generated_audios/generated_H2_512C_int8/61-70970-0028_generated.wav,6.550023,0.93423,0.930568,0.14263,0.142071,1.587426,0.92688,0.769632
H2_512C_quantized_no_upsample,61-70970-0029.wav,generated_audios/generated_H2_512C_int8/61-70970-0029_generated.wav,4.030023,0.543498,0.540008,0.134862,0.133996,1.51434,0.831141,0.902648
H2_512C_quantized_no_upsample,61-70970-0030.wav,generated_audios/generated_H2_512C_int8/61-70970-0030_generated.wav,3.24,0.446619,0.443163,0.137846,0.136779,1.516021,0.882769,0.779835
H2_512C_quantized_no_upsample,61-70970-0031.wav,generated_audios/generated_H2_512C_int8/61-70970-0031_generated.wav,5.135011,1.219008,1.21539,0.237392,0.236687,1.309059,0.888756,0.927255
H2_512C_quantized_no_upsample,61-70970-0032.wav,generated_audios/generated_H2_512C_int8/61-70970-0032_generated.wav,3.135011,0.414848,0.411267,0.132328,0.131185,1.330117,0.892137,0.9389
H2_512C_quantized_no_upsample,61-70970-0033.wav,generated_audios/generated_H2_512C_int8/61-70970-0033_generated.wav,3.42,0.804301,0.800713,0.235176,0.234127,1.436854,0.928206,0.861574
H2_512C_quantized_no_upsample,61-70970-0034.wav,generated_audios/generated_H2_512C_int8/61-70970-0034_generated.wav,4.485034,0.608065,0.604506,0.135577,0.134783,1.402948,0.866673,0.875489
H2_512C_quantized_no_upsample,61-70970-0035.wav,generated_audios/generated_H2_512C_int8/61-70970-0035_generated.wav,7.405034,1.008313,1.00433,0.136166,0.135628,1.530289,0.905532,0.810863
H2_512C_quantized_no_upsample,61-70970-0036.wav,generated_audios/generated_H2_512C_int8/61-70970-0036_generated.wav,6.785034,0.966071,0.961856,0.142383,0.141761,1.408884,0.871396,0.835862
H2_512C_quantized_no_upsample,61-70970-0037.wav,generated_audios/generated_H2_512C_int8/61-70970-0037_generated.wav,5.98,1.413681,1.409513,0.236402,0.235704,1.510843,0.879886,0.888221
H2_512C_quantized_no_upsample,61-70970-0038.wav,generated_audios/generated_H2_512C_int8/61-70970-0038_generated.wav,10.4,2.468633,2.46426,0.237369,0.236948,1.396404,0.894284,0.889042
H2_512C_quantized_no_upsample,61-70970-0039.wav,generated_audios/generated_H2_512C_int8/61-70970-0039_generated.wav,6.665034,0.908744,0.90469,0.136345,0.135737,1.358076,0.849988,0.844838
H2_512C_quantized_no_upsample,61-70970-0040.wav,generated_audios/generated_H2_512C_int8/61-70970-0040_generated.wav,4.165034,0.545558,0.541896,0.130985,0.130106,1.445961,0.909459,0.882624
H2_512C_quantized_no_upsample,672-122797-0000.wav,generated_audios/generated_H2_512C_int8/672-122797-0000_generated.wav,4.070023,0.985896,0.982207,0.242234,0.241327,1.578176,0.925502,0.872653
H2_512C_quantized_no_upsample,672-122797-0001.wav,generated_audios/generated_H2_512C_int8/672-122797-0001_generated.wav,15.130023,3.672736,3.667637,0.242745,0.242408,1.788737,0.938098,0.864263
H2_512C_quantized_no_upsample,672-122797-0002.wav,generated_audios/generated_H2_512C_int8/672-122797-0002_generated.wav,13.62,3.2852,3.280806,0.241204,0.240881,1.572438,0.917444,0.940178
H2_512C_quantized_no_upsample,672-122797-0003.wav,generated_audios/generated_H2_512C_int8/672-122797-0003_generated.wav,4.76,1.145917,1.142226,0.240739,0.239964,1.324565,0.794175,1.147671
H2_512C_quantized_no_upsample,672-122797-0004.wav,generated_audios/generated_H2_512C_int8/672-122797-0004_generated.wav,10.250023,2.440044,2.436778,0.238053,0.237734,1.449381,0.837342,1.089192
H2_512C_quantized_no_upsample,672-122797-0005.wav,generated_audios/generated_H2_512C_int8/672-122797-0005_generated.wav,3.26,0.818824,0.815348,0.251173,0.250107,1.230553,0.743217,1.151225
H2_512C_quantized_no_upsample,672-122797-0006.wav,generated_audios/generated_H2_512C_int8/672-122797-0006_generated.wav,13.950023,3.337418,3.333514,0.239241,0.238961,1.342277,0.713779,1.103981
H2_512C_quantized_no_upsample,672-122797-0007.wav,generated_audios/generated_H2_512C_int8/672-122797-0007_generated.wav,6.42,1.545762,1.542408,0.240773,0.24025,1.332397,0.731054,1.166767
H2_512C_quantized_no_upsample,672-122797-0008.wav,generated_audios/generated_H2_512C_int8/672-122797-0008_generated.wav,30.810023,8.088235,8.081739,0.26252,0.262309,1.306687,0.729498,1.115655
H2_512C_quantized_no_upsample,672-122797-0009.wav,generated_audios/generated_H2_512C_int8/672-122797-0009_generated.wav,2.765034,0.365402,0.361998,0.132151,0.13092,1.557128,0.81319,0.944493
H2_512C_quantized_no_upsample,672-122797-0010.wav,generated_audios/generated_H2_512C_int8/672-122797-0010_generated.wav,3.815011,0.516788,0.51434,0.135462,0.13482,1.256534,0.790359,1.023213
H2_512C_quantized_no_upsample,672-122797-0011.wav,generated_audios/generated_H2_512C_int8/672-122797-0011_generated.wav,2.54,0.626929,0.6235,0.246823,0.245473,1.439898,0.877814,0.885406
H2_512C_quantized_no_upsample,672-122797-0012.wav,generated_audios/generated_H2_512C_int8/672-122797-0012_generated.wav,7.765034,1.858848,1.854935,0.239387,0.238883,1.332067,0.816532,0.950723
H2_512C_quantized_no_upsample,672-122797-0013.wav,generated_audios/generated_H2_512C_int8/672-122797-0013_generated.wav,8.705034,2.066508,2.062372,0.237392,0.236917,1.480518,0.76933,1.080388
H2_512C_quantized_no_upsample,672-122797-0014.wav,generated_audios/generated_H2_512C_int8/672-122797-0014_generated.wav,2.555011,0.338081,0.334708,0.132321,0.131001,1.469584,0.884177,1.013244
H2_512C_quantized_no_upsample,672-122797-0015.wav,generated_audios/generated_H2_512C_int8/672-122797-0015_generated.wav,4.455011,0.585849,0.582687,0.131503,0.130794,1.434578,0.840315,0.946022
H2_512C_quantized_no_upsample,672-122797-0016.wav,generated_audios/generated_H2_512C_int8/672-122797-0016_generated.wav,9.215011,2.201145,2.197011,0.238865,0.238417,1.441691,0.799914,1.074361
H2_512C_quantized_no_upsample,672-122797-0017.wav,generated_audios/generated_H2_512C_int8/672-122797-0017_generated.wav,4.82,1.119603,1.115744,0.232283,0.231482,1.770301,0.846182,0.836733
H2_512C_quantized_no_upsample,672-122797-0018.wav,generated_audios/generated_H2_512C_int8/672-122797-0018_generated.wav,4.930023,1.181712,1.178374,0.239697,0.23902,1.23599,0.723781,1.068317
H2_512C_quantized_no_upsample,672-122797-0019.wav,generated_audios/generated_H2_512C_int8/672-122797-0019_generated.wav,4.110023,0.968336,0.964631,0.235604,0.234702,1.261878,0.726853,1.162508
H2_512C_quantized_no_upsample,672-122797-0020.wav,generated_audios/generated_H2_512C_int8/672-122797-0020_generated.wav,8.825034,2.144753,2.140901,0.243031,0.242594,1.244485,0.729677,1.260356
H2_512C_quantized_no_upsample,672-122797-0021.wav,generated_audios/generated_H2_512C_int8/672-122797-0021_generated.wav,4.150023,0.554743,0.551282,0.133672,0.132838,1.316519,0.860027,1.061518
H2_512C_quantized_no_upsample,672-122797-0022.wav,generated_audios/generated_H2_512C_int8/672-122797-0022_generated.wav,19.004943,4.567993,4.563079,0.240358,0.2401,1.36459,0.702809,1.131682
H2_512C_quantized_no_upsample,672-122797-0023.wav,generated_audios/generated_H2_512C_int8/672-122797-0023_generated.wav,9.695102,2.280803,2.276198,0.235253,0.234778,1.294452,0.779177,1.078316
H2_512C_quantized_no_upsample,672-122797-0024.wav,generated_audios/generated_H2_512C_int8/672-122797-0024_generated.wav,4.130023,0.991482,0.987812,0.240067,0.239178,1.241932,0.678413,1.35089
H2_512C_quantized_no_upsample,672-122797-0025.wav,generated_audios/generated_H2_512C_int8/672-122797-0025_generated.wav,10.690023,2.54695,2.542496,0.238255,0.237838,1.501163,0.883351,0.979612
H2_512C_quantized_no_upsample,672-122797-0026.wav,generated_audios/generated_H2_512C_int8/672-122797-0026_generated.wav,13.96,3.302521,3.298309,0.23657,0.236269,1.218701,0.71451,1.067882
H2_512C_quantized_no_upsample,672-122797-0027.wav,generated_audios/generated_H2_512C_int8/672-122797-0027_generated.wav,4.790023,0.636592,0.633203,0.132899,0.132192,1.215288,0.6431,1.283513
H2_512C_quantized_no_upsample,672-122797-0028.wav,generated_audios/generated_H2_512C_int8/672-122797-0028_generated.wav,2.610023,0.380877,0.377461,0.145929,0.14462,1.414349,0.832012,1.066029
H2_512C_quantized_no_upsample,672-122797-0029.wav,generated_audios/generated_H2_512C_int8/672-122797-0029_generated.wav,3.050023,0.398929,0.395495,0.130795,0.129669,1.894332,0.875591,1.024171
H2_512C_quantized_no_upsample,672-122797-0030.wav,generated_audios/generated_H2_512C_int8/672-122797-0030_generated.wav,4.575011,1.085147,1.082167,0.23719,0.236539,1.450534,0.871311,1.065115
H2_512C_quantized_no_upsample,672-122797-0031.wav,generated_audios/generated_H2_512C_int8/672-122797-0031_generated.wav,3.98,0.532472,0.528901,0.133787,0.13289,1.876584,0.790952,1.001992
H2_512C_quantized_no_upsample,672-122797-0032.wav,generated_audios/generated_H2_512C_int8/672-122797-0032_generated.wav,4.0,0.538964,0.535353,0.134741,0.133838,1.26606,0.711656,1.137305
H2_512C_quantized_no_upsample,672-122797-0033.wav,generated_audios/generated_H2_512C_int8/672-122797-0033_generated.wav,1.285034,0.344987,0.341737,0.268466,0.265936,1.851022,0.793102,0.974116
H2_512C_quantized_no_upsample,672-122797-0034.wav,generated_audios/generated_H2_512C_int8/672-122797-0034_generated.wav,5.110023,0.684486,0.680708,0.13395,0.13321,1.368567,0.861317,1.013829
H2_512C_quantized_no_upsample,672-122797-0035.wav,generated_audios/generated_H2_512C_int8/672-122797-0035_generated.wav,2.9,0.39467,0.391468,0.136093,0.134989,1.918421,0.932661,0.874983
H2_512C_quantized_no_upsample,672-122797-0036.wav,generated_audios/generated_H2_512C_int8/672-122797-0036_generated.wav,5.365034,0.706162,0.702424,0.131623,0.130926,1.576544,0.80706,0.84387
H2_512C_quantized_no_upsample,672-122797-0037.wav,generated_audios/generated_H2_512C_int8/672-122797-0037_generated.wav,1.96,0.461456,0.458571,0.235437,0.233965,1.739149,0.857376,0.845679
H2_512C_quantized_no_upsample,672-122797-0038.wav,generated_audios/generated_H2_512C_int8/672-122797-0038_generated.wav,8.8,2.040022,2.03599,0.231821,0.231362,1.406288,0.751365,1.095429
H2_512C_quantized_no_upsample,672-122797-0039.wav,generated_audios/generated_H2_512C_int8/672-122797-0039_generated.wav,4.025034,0.962315,0.958524,0.239083,0.238141,1.613844,0.855163,0.964377
H2_512C_quantized_no_upsample,672-122797-0040.wav,generated_audios/generated_H2_512C_int8/672-122797-0040_generated.wav,5.125034,0.68114,0.677573,0.132904,0.132208,1.347319,0.705442,1.19358
H2_512C_quantized_no_upsample,672-122797-0041.wav,generated_audios/generated_H2_512C_int8/672-122797-0041_generated.wav,3.88,0.516388,0.512556,0.13309,0.132102,1.320935,0.760487,1.17125
H2_512C_quantized_no_upsample,672-122797-0042.wav,generated_audios/generated_H2_512C_int8/672-122797-0042_generated.wav,15.310023,3.594122,3.590181,0.234756,0.234499,1.367757,0.605229,1.293508
H2_512C_quantized_no_upsample,672-122797-0043.wav,generated_audios/generated_H2_512C_int8/672-122797-0043_generated.wav,3.78,0.490437,0.486722,0.129745,0.128762,1.34325,0.74469,1.128983
H2_512C_quantized_no_upsample,672-122797-0044.wav,generated_audios/generated_H2_512C_int8/672-122797-0044_generated.wav,3.74,0.495029,0.491088,0.132361,0.131307,1.347102,0.717069,1.180773
H2_512C_quantized_no_upsample,672-122797-0045.wav,generated_audios/generated_H2_512C_int8/672-122797-0045_generated.wav,13.96,1.797925,1.792983,0.128791,0.128437,1.374936,0.864683,0.99351
H2_512C_quantized_no_upsample,672-122797-0046.wav,generated_audios/generated_H2_512C_int8/672-122797-0046_generated.wav,4.715011,1.117254,1.113679,0.236957,0.236199,1.38476,0.813991,1.123822
H2_512C_quantized_no_upsample,672-122797-0047.wav,generated_audios/generated_H2_512C_int8/672-122797-0047_generated.wav,3.325034,0.811803,0.808408,0.244149,0.243128,1.895045,0.865309,0.795594
H2_512C_quantized_no_upsample,672-122797-0048.wav,generated_audios/generated_H2_512C_int8/672-122797-0048_generated.wav,6.555011,0.850899,0.847265,0.129809,0.129255,1.294864,0.644946,1.17951
H2_512C_quantized_no_upsample,672-122797-0049.wav,generated_audios/generated_H2_512C_int8/672-122797-0049_generated.wav,2.02,0.285491,0.282339,0.141332,0.139772,1.699039,0.650918,1.281785
H2_512C_quantized_no_upsample,672-122797-0050.wav,generated_audios/generated_H2_512C_int8/672-122797-0050_generated.wav,4.855011,1.154834,1.15169,0.237864,0.237217,1.303137,0.754065,1.091371
H2_512C_quantized_no_upsample,672-122797-0051.wav,generated_audios/generated_H2_512C_int8/672-122797-0051_generated.wav,4.665034,1.110793,1.107147,0.23811,0.237329,1.44919,0.737508,1.075276
H2_512C_quantized_no_upsample,672-122797-0052.wav,generated_audios/generated_H2_512C_int8/672-122797-0052_generated.wav,4.285034,0.9656,0.961633,0.225343,0.224417,1.480262,0.89128,0.947545
H2_512C_quantized_no_upsample,672-122797-0053.wav,generated_audios/generated_H2_512C_int8/672-122797-0053_generated.wav,2.955011,0.408474,0.405288,0.138231,0.137153,1.167991,0.733602,1.1077
H2_512C_quantized_no_upsample,672-122797-0054.wav,generated_audios/generated_H2_512C_int8/672-122797-0054_generated.wav,4.250023,0.566351,0.5629,0.133258,0.132446,1.489986,0.715297,0.933415
H2_512C_quantized_no_upsample,672-122797-0055.wav,generated_audios/generated_H2_512C_int8/672-122797-0055_generated.wav,8.230023,1.907715,1.903689,0.231799,0.23131,1.356776,0.706547,1.093222
H2_512C_quantized_no_upsample,672-122797-0056.wav,generated_audios/generated_H2_512C_int8/672-122797-0056_generated.wav,5.225034,0.68784,0.684236,0.131643,0.130953,1.344764,0.798685,1.006913
H2_512C_quantized_no_upsample,672-122797-0057.wav,generated_audios/generated_H2_512C_int8/672-122797-0057_generated.wav,6.56,0.859092,0.855128,0.130959,0.130355,1.46876,0.658299,1.07919
H2_512C_quantized_no_upsample,672-122797-0058.wav,generated_audios/generated_H2_512C_int8/672-122797-0058_generated.wav,4.470023,1.070986,1.068498,0.239593,0.239036,1.320707,0.683834,1.193318
H2_512C_quantized_no_upsample,672-122797-0059.wav,generated_audios/generated_H2_512C_int8/672-122797-0059_generated.wav,3.52,0.820399,0.816618,0.233068,0.231994,1.430827,0.758562,1.15176
H2_512C_quantized_no_upsample,672-122797-0060.wav,generated_audios/generated_H2_512C_int8/672-122797-0060_generated.wav,3.350023,0.484743,0.481351,0.144698,0.143686,1.603817,0.901493,1.074675
H2_512C_quantized_no_upsample,672-122797-0061.wav,generated_audios/generated_H2_512C_int8/672-122797-0061_generated.wav,7.590023,1.78423,1.780183,0.235076,0.234543,1.660384,0.877135,0.963886
H2_512C_quantized_no_upsample,672-122797-0062.wav,generated_audios/generated_H2_512C_int8/672-122797-0062_generated.wav,2.675011,0.634101,0.630848,0.237046,0.23583,1.315355,0.579758,1.426565
H2_512C_quantized_no_upsample,672-122797-0063.wav,generated_audios/generated_H2_512C_int8/672-122797-0063_generated.wav,5.075011,0.671174,0.668712,0.132251,0.131766,1.454314,0.797261,1.22313
H2_512C_quantized_no_upsample,672-122797-0064.wav,generated_audios/generated_H2_512C_int8/672-122797-0064_generated.wav,15.270023,3.59621,3.591735,0.235508,0.235215,1.479344,0.761303,0.98734
H2_512C_quantized_no_upsample,672-122797-0065.wav,generated_audios/generated_H2_512C_int8/672-122797-0065_generated.wav,3.030023,0.405895,0.402409,0.133958,0.132807,1.306043,0.7444,1.224516
H2_512C_quantized_no_upsample,672-122797-0066.wav,generated_audios/generated_H2_512C_int8/672-122797-0066_generated.wav,4.815011,0.64214,0.638412,0.133362,0.132588,1.497575,0.899694,0.969506
H2_512C_quantized_no_upsample,672-122797-0067.wav,generated_audios/generated_H2_512C_int8/672-122797-0067_generated.wav,13.035011,3.060262,3.056088,0.234772,0.234452,1.395967,0.833063,1.00189
H2_512C_quantized_no_upsample,672-122797-0068.wav,generated_audios/generated_H2_512C_int8/672-122797-0068_generated.wav,4.02,0.535544,0.531894,0.13322,0.132312,1.268576,0.69133,1.276054
H2_512C_quantized_no_upsample,672-122797-0069.wav,generated_audios/generated_H2_512C_int8/672-122797-0069_generated.wav,5.010023,1.201343,1.197642,0.239788,0.239049,1.353075,0.723893,1.17187
H2_512C_quantized_no_upsample,672-122797-0070.wav,generated_audios/generated_H2_512C_int8/672-122797-0070_generated.wav,6.270023,1.477886,1.47414,0.235707,0.235109,1.379864,0.857602,1.055455
H2_512C_quantized_no_upsample,672-122797-0071.wav,generated_audios/generated_H2_512C_int8/672-122797-0071_generated.wav,8.875011,2.119676,2.115602,0.238836,0.238377,1.40261,0.887963,0.979782
H2_512C_quantized_no_upsample,672-122797-0072.wav,generated_audios/generated_H2_512C_int8/672-122797-0072_generated.wav,7.94,1.876911,1.872869,0.236387,0.235878,1.360942,0.754702,1.109726
H2_512C_quantized_no_upsample,672-122797-0073.wav,generated_audios/generated_H2_512C_int8/672-122797-0073_generated.wav,8.205034,1.967044,1.962873,0.239736,0.239228,1.390626,0.857068,1.070179
H2_512C_quantized_no_upsample,672-122797-0074.wav,generated_audios/generated_H2_512C_int8/672-122797-0074_generated.wav,8.730023,2.06119,2.057329,0.236104,0.235661,1.420519,0.586679,1.339036
H2_512C_quantized_no_upsample,908-157963-0000.wav,generated_audios/generated_H2_512C_int8/908-157963-0000_generated.wav,12.62,2.98116,2.976458,0.236225,0.235852,1.351738,0.831857,1.065517
H2_512C_quantized_no_upsample,908-157963-0001.wav,generated_audios/generated_H2_512C_int8/908-157963-0001_generated.wav,2.885034,0.703856,0.700354,0.243968,0.242754,1.461467,0.910902,1.050559
H2_512C_quantized_no_upsample,908-157963-0002.wav,generated_audios/generated_H2_512C_int8/908-157963-0002_generated.wav,2.755011,0.642506,0.639186,0.233213,0.232009,1.492416,0.88622,1.035524
H2_512C_quantized_no_upsample,908-157963-0003.wav,generated_audios/generated_H2_512C_int8/908-157963-0003_generated.wav,3.08,0.743054,0.739749,0.241251,0.240178,1.463578,0.908342,0.907293
H2_512C_quantized_no_upsample,908-157963-0004.wav,generated_audios/generated_H2_512C_int8/908-157963-0004_generated.wav,13.990023,3.311073,3.306483,0.236674,0.236346,1.399247,0.817147,1.005447
H2_512C_quantized_no_upsample,908-157963-0005.wav,generated_audios/generated_H2_512C_int8/908-157963-0005_generated.wav,7.035011,1.692128,1.688085,0.24053,0.239955,1.351518,0.844715,1.163473
H2_512C_quantized_no_upsample,908-157963-0006.wav,generated_audios/generated_H2_512C_int8/908-157963-0006_generated.wav,8.110023,1.953579,1.949645,0.240885,0.2404,1.397385,0.840506,0.989246
H2_512C_quantized_no_upsample,908-157963-0007.wav,generated_audios/generated_H2_512C_int8/908-157963-0007_generated.wav,32.770023,8.51271,8.505504,0.259771,0.259551,1.336492,0.85381,1.018865
H2_512C_quantized_no_upsample,908-157963-0008.wav,generated_audios/generated_H2_512C_int8/908-157963-0008_generated.wav,19.950023,4.848762,4.843459,0.243045,0.24278,1.376034,0.842825,1.028389
H2_512C_quantized_no_upsample,908-157963-0009.wav,generated_audios/generated_H2_512C_int8/908-157963-0009_generated.wav,4.06,0.989555,0.98591,0.243733,0.242835,1.3786,0.883848,0.940814
H2_512C_quantized_no_upsample,908-157963-0010.wav,generated_audios/generated_H2_512C_int8/908-157963-0010_generated.wav,6.28,0.808388,0.804966,0.128724,0.128179,1.289454,0.672017,1.176795
H2_512C_quantized_no_upsample,908-157963-0011.wav,generated_audios/generated_H2_512C_int8/908-157963-0011_generated.wav,10.395011,1.350677,1.346294,0.129935,0.129513,1.264234,0.791344,1.017555
H2_512C_quantized_no_upsample,908-157963-0012.wav,generated_audios/generated_H2_512C_int8/908-157963-0012_generated.wav,10.090023,2.391736,2.387669,0.23704,0.236637,1.275559,0.756306,1.151312
H2_512C_quantized_no_upsample,908-157963-0013.wav,generated_audios/generated_H2_512C_int8/908-157963-0013_generated.wav,4.315011,0.579961,0.576334,0.134405,0.133565,1.247083,0.862348,1.22471
H2_512C_quantized_no_upsample,908-157963-0014.wav,generated_audios/generated_H2_512C_int8/908-157963-0014_generated.wav,4.52,0.607609,0.604045,0.134427,0.133638,1.488295,0.881015,1.158951
H2_512C_quantized_no_upsample,908-157963-0015.wav,generated_audios/generated_H2_512C_int8/908-157963-0015_generated.wav,14.465034,3.416748,3.411864,0.236207,0.23587,1.473446,0.895734,1.043332
H2_512C_quantized_no_upsample,908-157963-0016.wav,generated_audios/generated_H2_512C_int8/908-157963-0016_generated.wav,5.105034,0.679289,0.675639,0.133063,0.132348,1.438755,0.921524,1.134603
H2_512C_quantized_no_upsample,908-157963-0017.wav,generated_audios/generated_H2_512C_int8/908-157963-0017_generated.wav,4.950023,1.172315,1.168854,0.23683,0.236131,1.549652,0.898047,0.927893
H2_512C_quantized_no_upsample,908-157963-0018.wav,generated_audios/generated_H2_512C_int8/908-157963-0018_generated.wav,4.255011,0.558117,0.554301,0.131167,0.13027,1.41278,0.863057,0.962505
H2_512C_quantized_no_upsample,908-157963-0019.wav,generated_audios/generated_H2_512C_int8/908-157963-0019_generated.wav,21.44,5.279875,5.274019,0.246263,0.24599,1.312546,0.843888,1.199536
H2_512C_quantized_no_upsample,908-157963-0020.wav,generated_audios/generated_H2_512C_int8/908-157963-0020_generated.wav,9.8,2.335385,2.331085,0.238305,0.237866,1.333685,0.866471,1.190343
H2_512C_quantized_no_upsample,908-157963-0021.wav,generated_audios/generated_H2_512C_int8/908-157963-0021_generated.wav,10.24,1.361835,1.357469,0.132992,0.132565,1.383408,0.85248,1.100502
H2_512C_quantized_no_upsample,908-157963-0022.wav,generated_audios/generated_H2_512C_int8/908-157963-0022_generated.wav,4.610023,1.121781,1.118447,0.243335,0.242612,1.234607,0.772122,1.137783
H2_512C_quantized_no_upsample,908-157963-0023.wav,generated_audios/generated_H2_512C_int8/908-157963-0023_generated.wav,9.625034,2.284457,2.280495,0.237345,0.236934,1.349446,0.741289,1.100335
H2_512C_quantized_no_upsample,908-157963-0024.wav,generated_audios/generated_H2_512C_int8/908-157963-0024_generated.wav,3.44,0.842522,0.839346,0.244919,0.243996,1.252847,0.839268,1.234677
H2_512C_quantized_no_upsample,908-157963-0025.wav,generated_audios/generated_H2_512C_int8/908-157963-0025_generated.wav,9.265034,2.203792,2.199926,0.237861,0.237444,1.241657,0.780147,1.244149
H2_512C_quantized_no_upsample,908-157963-0026.wav,generated_audios/generated_H2_512C_int8/908-157963-0026_generated.wav,8.1,1.953408,1.949416,0.241161,0.240669,1.377751,0.802441,1.105678
H2_512C_quantized_no_upsample,908-157963-0027.wav,generated_audios/generated_H2_512C_int8/908-157963-0027_generated.wav,5.225034,0.678169,0.67459,0.129792,0.129107,1.27081,0.705172,1.284754
H2_512C_quantized_no_upsample,908-157963-0028.wav,generated_audios/generated_H2_512C_int8/908-157963-0028_generated.wav,4.955011,0.649043,0.645205,0.130987,0.130213,1.423488,0.899285,0.966033
H2_512C_quantized_no_upsample,908-157963-0029.wav,generated_audios/generated_H2_512C_int8/908-157963-0029_generated.wav,3.630023,0.873537,0.869931,0.240642,0.239649,1.494398,0.933413,1.028931
H2_512C_quantized_no_upsample,908-157963-0030.wav,generated_audios/generated_H2_512C_int8/908-157963-0030_generated.wav,4.52,0.592414,0.58865,0.131065,0.130232,1.35738,0.8754,1.132011
H2_512C_quantized_no_upsample,908-31957-0000.wav,generated_audios/generated_H2_512C_int8/908-31957-0000_generated.wav,2.125034,0.503073,0.499555,0.236737,0.235081,1.527579,0.905196,1.238691
H2_512C_quantized_no_upsample,908-31957-0001.wav,generated_audios/generated_H2_512C_int8/908-31957-0001_generated.wav,11.315011,2.698514,2.694482,0.23849,0.238133,1.251578,0.862722,1.211211
H2_512C_quantized_no_upsample,908-31957-0002.wav,generated_audios/generated_H2_512C_int8/908-31957-0002_generated.wav,4.790023,0.631871,0.628007,0.131914,0.131107,1.310853,0.88633,1.285325
H2_512C_quantized_no_upsample,908-31957-0003.wav,generated_audios/generated_H2_512C_int8/908-31957-0003_generated.wav,6.565034,0.860025,0.855875,0.131001,0.130369,1.354308,0.850972,1.000619
H2_512C_quantized_no_upsample,908-31957-0004.wav,generated_audios/generated_H2_512C_int8/908-31957-0004_generated.wav,14.755011,3.498423,3.493851,0.237101,0.236791,1.350428,0.872979,1.113782
H2_512C_quantized_no_upsample,908-31957-0005.wav,generated_audios/generated_H2_512C_int8/908-31957-0005_generated.wav,4.490023,0.598573,0.594833,0.133312,0.132479,1.308037,0.865006,1.335276
H2_512C_quantized_no_upsample,908-31957-0006.wav,generated_audios/generated_H2_512C_int8/908-31957-0006_generated.wav,5.890023,1.402668,1.398761,0.238143,0.23748,1.403047,0.881226,1.307816
H2_512C_quantized_no_upsample,908-31957-0007.wav,generated_audios/generated_H2_512C_int8/908-31957-0007_generated.wav,5.8,0.771195,0.767467,0.132965,0.132322,1.389984,0.879623,1.137504
H2_512C_quantized_no_upsample,908-31957-0008.wav,generated_audios/generated_H2_512C_int8/908-31957-0008_generated.wav,10.005034,2.362989,2.358771,0.23618,0.235758,1.353612,0.857485,1.166065
H2_512C_quantized_no_upsample,908-31957-0009.wav,generated_audios/generated_H2_512C_int8/908-31957-0009_generated.wav,7.705034,1.823353,1.81913,0.236644,0.236096,1.307878,0.885866,1.133283
H2_512C_quantized_no_upsample,908-31957-0010.wav,generated_audios/generated_H2_512C_int8/908-31957-0010_generated.wav,2.510023,0.583188,0.579912,0.232344,0.231038,1.230951,0.656767,1.556995
H2_512C_quantized_no_upsample,908-31957-0011.wav,generated_audios/generated_H2_512C_int8/908-31957-0011_generated.wav,2.335011,0.324874,0.321517,0.139132,0.137694,1.378263,0.763997,1.161248
H2_512C_quantized_no_upsample,908-31957-0012.wav,generated_audios/generated_H2_512C_int8/908-31957-0012_generated.wav,7.615011,1.806225,1.802388,0.237193,0.236689,1.338282,0.827675,1.210572
H2_512C_quantized_no_upsample,908-31957-0013.wav,generated_audios/generated_H2_512C_int8/908-31957-0013_generated.wav,6.18,1.476079,1.472331,0.238848,0.238241,1.430979,0.811787,1.259349
H2_512C_quantized_no_upsample,908-31957-0014.wav,generated_audios/generated_H2_512C_int8/908-31957-0014_generated.wav,7.56,1.802458,1.798645,0.23842,0.237916,1.23796,0.855124,1.291938
H2_512C_quantized_no_upsample,908-31957-0015.wav,generated_audios/generated_H2_512C_int8/908-31957-0015_generated.wav,21.465034,5.465716,5.459672,0.254633,0.254352,1.232015,0.820291,1.358609
H2_512C_quantized_no_upsample,908-31957-0016.wav,generated_audios/generated_H2_512C_int8/908-31957-0016_generated.wav,6.48,1.566884,1.562712,0.241803,0.241159,1.414315,0.864951,1.295148
H2_512C_quantized_no_upsample,908-31957-0017.wav,generated_audios/generated_H2_512C_int8/908-31957-0017_generated.wav,7.795011,1.883342,1.87913,0.241609,0.241068,1.247815,0.859522,1.316704
H2_512C_quantized_no_upsample,908-31957-0018.wav,generated_audios/generated_H2_512C_int8/908-31957-0018_generated.wav,3.915011,0.947806,0.944326,0.242095,0.241206,1.257625,0.864887,1.255559
H2_512C_quantized_no_upsample,908-31957-0019.wav,generated_audios/generated_H2_512C_int8/908-31957-0019_generated.wav,9.54,2.326924,2.322471,0.243912,0.243446,1.392285,0.883913,1.106059
H2_512C_quantized_no_upsample,908-31957-0020.wav,generated_audios/generated_H2_512C_int8/908-31957-0020_generated.wav,5.895011,0.756576,0.752801,0.128342,0.127701,1.304928,0.840053,1.222946
H2_512C_quantized_no_upsample,908-31957-0021.wav,generated_audios/generated_H2_512C_int8/908-31957-0021_generated.wav,10.905034,2.627317,2.62279,0.240927,0.240512,1.328747,0.867442,1.204745
H2_512C_quantized_no_upsample,908-31957-0022.wav,generated_audios/generated_H2_512C_int8/908-31957-0022_generated.wav,14.1,3.425868,3.421104,0.242969,0.242632,1.250292,0.828886,1.197158
H2_512C_quantized_no_upsample,908-31957-0023.wav,generated_audios/generated_H2_512C_int8/908-31957-0023_generated.wav,8.515011,2.07805,2.073717,0.244045,0.243537,1.334509,0.875023,1.365906
H2_512C_quantized_no_upsample,908-31957-0024.wav,generated_audios/generated_H2_512C_int8/908-31957-0024_generated.wav,7.54,1.844178,1.83974,0.244586,0.243997,1.318987,0.832436,1.349878
H2_512C_quantized_no_upsample,908-31957-0025.wav,generated_audios/generated_H2_512C_int8/908-31957-0025_generated.wav,20.56,5.264328,5.258683,0.256047,0.255773,1.24753,0.850038,1.490233
