experiment_name,audio_file,generated_file,audio_duration,inference_time,generator_time,avg_rtf,avg_generator_rtf,pesq,stoi,mel_l1
H3_128C_pruned30_Physical_pruning,1089-134686-0000.wav,generated_audios/generated_H3_128C_pruned30/1089-134686-0000_generated.wav,10.435011,2.971284,2.955313,0.284742,0.283211,2.061916,0.938161,0.360195
H3_128C_pruned30_Physical_pruning,1089-134686-0001.wav,generated_audios/generated_H3_128C_pruned30/1089-134686-0001_generated.wav,3.275011,0.79993,0.795362,0.244253,0.242858,1.840608,0.926938,0.357908
H3_128C_pruned30_Physical_pruning,1089-134686-0002.wav,generated_audios/generated_H3_128C_pruned30/1089-134686-0002_generated.wav,6.625034,1.659182,1.655882,0.250441,0.249943,2.42677,0.936535,0.345595
H3_128C_pruned30_Physical_pruning,1089-134686-0003.wav,generated_audios/generated_H3_128C_pruned30/1089-134686-0003_generated.wav,2.68,0.67726,0.673503,0.252709,0.251307,2.045314,0.925111,0.39918
H3_128C_pruned30_Physical_pruning,1089-134686-0004.wav,generated_audios/generated_H3_128C_pruned30/1089-134686-0004_generated.wav,5.215102,1.421522,1.418386,0.272578,0.271977,2.131725,0.942016,0.361652
H3_128C_pruned30_Physical_pruning,1089-134686-0005.wav,generated_audios/generated_H3_128C_pruned30/1089-134686-0005_generated.wav,9.635011,2.618214,2.613842,0.27174,0.271286,1.830628,0.911574,0.365781
H3_128C_pruned30_Physical_pruning,1089-134686-0006.wav,generated_audios/generated_H3_128C_pruned30/1089-134686-0006_generated.wav,10.555011,2.891916,2.887843,0.273985,0.273599,2.198918,0.930401,0.351527
H3_128C_pruned30_Physical_pruning,1089-134686-0007.wav,generated_audios/generated_H3_128C_pruned30/1089-134686-0007_generated.wav,4.275011,1.101427,1.097266,0.257643,0.25667,1.987132,0.934648,0.358918
H3_128C_pruned30_Physical_pruning,1089-134686-0008.wav,generated_audios/generated_H3_128C_pruned30/1089-134686-0008_generated.wav,6.730023,1.660129,1.655645,0.246675,0.246009,2.060911,0.933696,0.359226
H3_128C_pruned30_Physical_pruning,1089-134686-0009.wav,generated_audios/generated_H3_128C_pruned30/1089-134686-0009_generated.wav,10.575011,2.752413,2.748282,0.260275,0.259885,2.199363,0.946391,0.364791
H3_128C_pruned30_Physical_pruning,1089-134686-0010.wav,generated_audios/generated_H3_128C_pruned30/1089-134686-0010_generated.wav,4.405034,1.169668,1.165775,0.26553,0.264646,2.18017,0.939535,0.348726
H3_128C_pruned30_Physical_pruning,1089-134686-0011.wav,generated_audios/generated_H3_128C_pruned30/1089-134686-0011_generated.wav,12.445034,3.359943,3.355564,0.269983,0.269631,2.050508,0.927275,0.352413
H3_128C_pruned30_Physical_pruning,1089-134686-0012.wav,generated_audios/generated_H3_128C_pruned30/1089-134686-0012_generated.wav,11.64,3.2351,3.230827,0.27793,0.277562,2.070168,0.93121,0.363825
H3_128C_pruned30_Physical_pruning,1089-134686-0013.wav,generated_audios/generated_H3_128C_pruned30/1089-134686-0013_generated.wav,7.915011,1.943963,1.939858,0.245605,0.245086,1.887494,0.929329,0.356529
H3_128C_pruned30_Physical_pruning,1089-134686-0014.wav,generated_audios/generated_H3_128C_pruned30/1089-134686-0014_generated.wav,2.225034,0.575813,0.572735,0.258789,0.257405,1.85068,0.940507,0.357773
H3_128C_pruned30_Physical_pruning,1089-134686-0015.wav,generated_audios/generated_H3_128C_pruned30/1089-134686-0015_generated.wav,5.815011,1.520393,1.517209,0.26146,0.260912,1.944118,0.935729,0.357774
H3_128C_pruned30_Physical_pruning,1089-134686-0016.wav,generated_audios/generated_H3_128C_pruned30/1089-134686-0016_generated.wav,3.54,0.91502,0.911884,0.25848,0.257594,2.144759,0.929077,0.352256
H3_128C_pruned30_Physical_pruning,1089-134686-0017.wav,generated_audios/generated_H3_128C_pruned30/1089-134686-0017_generated.wav,8.870023,2.355855,2.352108,0.265597,0.265175,2.099423,0.936974,0.352132
H3_128C_pruned30_Physical_pruning,1089-134686-0018.wav,generated_audios/generated_H3_128C_pruned30/1089-134686-0018_generated.wav,15.72,4.468703,4.464315,0.284269,0.28399,1.972349,0.928947,0.361664
H3_128C_pruned30_Physical_pruning,1089-134686-0019.wav,generated_audios/generated_H3_128C_pruned30/1089-134686-0019_generated.wav,13.895011,3.681696,3.677793,0.264965,0.264684,2.057812,0.939226,0.357175
H3_128C_pruned30_Physical_pruning,1089-134686-0020.wav,generated_audios/generated_H3_128C_pruned30/1089-134686-0020_generated.wav,16.790023,4.550157,4.545236,0.271004,0.270711,2.03675,0.928022,0.358896
H3_128C_pruned30_Physical_pruning,1089-134686-0021.wav,generated_audios/generated_H3_128C_pruned30/1089-134686-0021_generated.wav,6.550023,1.623227,1.619615,0.24782,0.247269,2.046845,0.93605,0.356209
H3_128C_pruned30_Physical_pruning,1089-134686-0022.wav,generated_audios/generated_H3_128C_pruned30/1089-134686-0022_generated.wav,11.175011,2.962879,2.959141,0.265134,0.2648,2.067807,0.934988,0.355009
H3_128C_pruned30_Physical_pruning,1089-134686-0023.wav,generated_audios/generated_H3_128C_pruned30/1089-134686-0023_generated.wav,13.275011,3.592069,3.587726,0.270589,0.270262,2.070784,0.927458,0.356419
H3_128C_pruned30_Physical_pruning,1089-134686-0024.wav,generated_audios/generated_H3_128C_pruned30/1089-134686-0024_generated.wav,11.655011,3.36912,3.364732,0.28907,0.288694,1.815996,0.934295,0.358618
H3_128C_pruned30_Physical_pruning,1089-134686-0025.wav,generated_audios/generated_H3_128C_pruned30/1089-134686-0025_generated.wav,6.610023,1.747113,1.743304,0.264313,0.263736,1.953723,0.940969,0.35709
H3_128C_pruned30_Physical_pruning,1089-134686-0026.wav,generated_audios/generated_H3_128C_pruned30/1089-134686-0026_generated.wav,4.010023,0.979293,0.97608,0.244211,0.24341,2.171876,0.936128,0.347765
H3_128C_pruned30_Physical_pruning,1089-134686-0027.wav,generated_audios/generated_H3_128C_pruned30/1089-134686-0027_generated.wav,2.710023,0.706763,0.70361,0.260796,0.259633,1.990804,0.945971,0.350542
H3_128C_pruned30_Physical_pruning,1089-134686-0028.wav,generated_audios/generated_H3_128C_pruned30/1089-134686-0028_generated.wav,7.830023,2.063963,2.061107,0.263596,0.263231,2.105017,0.9265,0.36357
H3_128C_pruned30_Physical_pruning,1089-134686-0029.wav,generated_audios/generated_H3_128C_pruned30/1089-134686-0029_generated.wav,4.670023,1.161459,1.157764,0.248705,0.247914,2.167768,0.924326,0.366204
H3_128C_pruned30_Physical_pruning,1089-134686-0030.wav,generated_audios/generated_H3_128C_pruned30/1089-134686-0030_generated.wav,2.715011,0.072647,0.06953,0.026757,0.025609,1.945345,0.931804,0.366511
H3_128C_pruned30_Physical_pruning,1089-134686-0031.wav,generated_audios/generated_H3_128C_pruned30/1089-134686-0031_generated.wav,6.615011,0.166969,0.163176,0.025241,0.024668,2.206814,0.930388,0.350066
H3_128C_pruned30_Physical_pruning,121-121726-0000.wav,generated_audios/generated_H3_128C_pruned30/121-121726-0000_generated.wav,8.46,2.230274,2.226244,0.263626,0.263149,2.117301,0.930567,0.39704
H3_128C_pruned30_Physical_pruning,121-121726-0001.wav,generated_audios/generated_H3_128C_pruned30/121-121726-0001_generated.wav,5.925034,1.487497,1.484106,0.251053,0.250481,2.160532,0.919491,0.385681
H3_128C_pruned30_Physical_pruning,121-121726-0002.wav,generated_audios/generated_H3_128C_pruned30/121-121726-0002_generated.wav,4.410023,0.134076,0.130403,0.030403,0.02957,2.391531,0.907574,0.406638
H3_128C_pruned30_Physical_pruning,121-121726-0003.wav,generated_audios/generated_H3_128C_pruned30/121-121726-0003_generated.wav,6.755011,1.757565,1.754142,0.260187,0.25968,2.408383,0.937942,0.378247
H3_128C_pruned30_Physical_pruning,121-121726-0004.wav,generated_audios/generated_H3_128C_pruned30/121-121726-0004_generated.wav,4.02,1.044448,1.041131,0.259813,0.258988,2.018739,0.943693,0.38682
H3_128C_pruned30_Physical_pruning,121-121726-0005.wav,generated_audios/generated_H3_128C_pruned30/121-121726-0005_generated.wav,3.1,0.795304,0.791778,0.25655,0.255412,2.769857,0.94986,0.3803
H3_128C_pruned30_Physical_pruning,121-121726-0006.wav,generated_audios/generated_H3_128C_pruned30/121-121726-0006_generated.wav,3.895011,0.996478,0.993119,0.255834,0.254972,2.115243,0.919929,0.383977
H3_128C_pruned30_Physical_pruning,121-121726-0007.wav,generated_audios/generated_H3_128C_pruned30/121-121726-0007_generated.wav,6.730023,0.222046,0.218469,0.032993,0.032462,2.17086,0.944087,0.389764
H3_128C_pruned30_Physical_pruning,121-121726-0008.wav,generated_audios/generated_H3_128C_pruned30/121-121726-0008_generated.wav,4.990023,1.229031,1.225545,0.246298,0.245599,2.473278,0.947089,0.388284
H3_128C_pruned30_Physical_pruning,121-121726-0009.wav,generated_audios/generated_H3_128C_pruned30/121-121726-0009_generated.wav,7.26,1.882857,1.878883,0.259347,0.258799,2.457213,0.944339,0.372663
H3_128C_pruned30_Physical_pruning,121-121726-0010.wav,generated_audios/generated_H3_128C_pruned30/121-121726-0010_generated.wav,9.810023,2.604668,2.600409,0.265511,0.265077,2.430764,0.935799,0.386352
H3_128C_pruned30_Physical_pruning,121-121726-0011.wav,generated_audios/generated_H3_128C_pruned30/121-121726-0011_generated.wav,4.035011,1.062919,1.059596,0.263424,0.2626,2.412422,0.933796,0.39172
H3_128C_pruned30_Physical_pruning,121-121726-0012.wav,generated_audios/generated_H3_128C_pruned30/121-121726-0012_generated.wav,4.045034,1.009159,1.005902,0.249481,0.248676,2.161535,0.929717,0.412691
H3_128C_pruned30_Physical_pruning,121-121726-0013.wav,generated_audios/generated_H3_128C_pruned30/121-121726-0013_generated.wav,2.490023,0.634825,0.631962,0.254948,0.253798,2.720324,0.948235,0.400612
H3_128C_pruned30_Physical_pruning,121-121726-0014.wav,generated_audios/generated_H3_128C_pruned30/121-121726-0014_generated.wav,3.165034,0.815811,0.812599,0.257758,0.256743,2.252665,0.942431,0.390404
H3_128C_pruned30_Physical_pruning,121-123852-0000.wav,generated_audios/generated_H3_128C_pruned30/121-123852-0000_generated.wav,17.695011,4.798079,4.792205,0.271154,0.270822,2.177707,0.937925,0.40178
H3_128C_pruned30_Physical_pruning,121-123852-0001.wav,generated_audios/generated_H3_128C_pruned30/121-123852-0001_generated.wav,1.870023,0.461393,0.458058,0.246731,0.244948,1.82401,0.854968,0.436504
H3_128C_pruned30_Physical_pruning,121-123852-0002.wav,generated_audios/generated_H3_128C_pruned30/121-123852-0002_generated.wav,17.285034,4.660835,4.656193,0.269646,0.269377,2.10836,0.928328,0.415767
H3_128C_pruned30_Physical_pruning,121-123852-0003.wav,generated_audios/generated_H3_128C_pruned30/121-123852-0003_generated.wav,23.505034,6.594886,6.58934,0.280573,0.280337,2.21003,0.92836,0.408489
H3_128C_pruned30_Physical_pruning,121-123852-0004.wav,generated_audios/generated_H3_128C_pruned30/121-123852-0004_generated.wav,16.290023,4.586516,4.583027,0.281554,0.281339,2.194925,0.935004,0.410909
H3_128C_pruned30_Physical_pruning,121-123859-0000.wav,generated_audios/generated_H3_128C_pruned30/121-123859-0000_generated.wav,17.390023,4.693265,4.688934,0.269883,0.269634,1.7719,0.92338,0.422524
H3_128C_pruned30_Physical_pruning,121-123859-0001.wav,generated_audios/generated_H3_128C_pruned30/121-123859-0001_generated.wav,25.395011,6.967674,6.961888,0.274372,0.274144,2.250073,0.93689,0.410659
H3_128C_pruned30_Physical_pruning,121-123859-0002.wav,generated_audios/generated_H3_128C_pruned30/121-123859-0002_generated.wav,30.04,8.597816,8.591226,0.286212,0.285993,2.274671,0.929703,0.410148
H3_128C_pruned30_Physical_pruning,121-123859-0003.wav,generated_audios/generated_H3_128C_pruned30/121-123859-0003_generated.wav,10.825034,2.843776,2.839983,0.262704,0.262353,2.316546,0.941114,0.406927
H3_128C_pruned30_Physical_pruning,121-123859-0004.wav,generated_audios/generated_H3_128C_pruned30/121-123859-0004_generated.wav,9.505034,2.513266,2.508846,0.264414,0.263949,1.908157,0.936246,0.41755
H3_128C_pruned30_Physical_pruning,121-127105-0000.wav,generated_audios/generated_H3_128C_pruned30/121-127105-0000_generated.wav,9.875011,2.610904,2.606746,0.264395,0.263974,1.748934,0.912199,0.391457
H3_128C_pruned30_Physical_pruning,121-127105-0001.wav,generated_audios/generated_H3_128C_pruned30/121-127105-0001_generated.wav,5.025034,1.249732,1.245763,0.248701,0.247911,2.060125,0.914661,0.40081
H3_128C_pruned30_Physical_pruning,121-127105-0002.wav,generated_audios/generated_H3_128C_pruned30/121-127105-0002_generated.wav,7.495011,1.857965,1.854227,0.247894,0.247395,1.865866,0.912317,0.411178
H3_128C_pruned30_Physical_pruning,121-127105-0003.wav,generated_audios/generated_H3_128C_pruned30/121-127105-0003_generated.wav,7.725034,2.033214,2.029519,0.263198,0.26272,1.839142,0.923143,0.40378
H3_128C_pruned30_Physical_pruning,121-127105-0004.wav,generated_audios/generated_H3_128C_pruned30/121-127105-0004_generated.wav,2.110023,0.544934,0.541758,0.25826,0.256755,1.377688,0.928019,0.400488
H3_128C_pruned30_Physical_pruning,121-127105-0005.wav,generated_audios/generated_H3_128C_pruned30/121-127105-0005_generated.wav,5.82,1.446948,1.443285,0.248616,0.247987,1.950194,0.927869,0.384561
H3_128C_pruned30_Physical_pruning,121-127105-0006.wav,generated_audios/generated_H3_128C_pruned30/121-127105-0006_generated.wav,4.725034,1.248171,1.244413,0.264161,0.263366,1.463156,0.901155,0.401699
H3_128C_pruned30_Physical_pruning,121-127105-0007.wav,generated_audios/generated_H3_128C_pruned30/121-127105-0007_generated.wav,5.790023,1.443334,1.439651,0.249279,0.248643,1.657308,0.920503,0.399491
H3_128C_pruned30_Physical_pruning,121-127105-0008.wav,generated_audios/generated_H3_128C_pruned30/121-127105-0008_generated.wav,2.76,0.706464,0.703241,0.255965,0.254797,1.894431,0.913997,0.403272
H3_128C_pruned30_Physical_pruning,121-127105-0009.wav,generated_audios/generated_H3_128C_pruned30/121-127105-0009_generated.wav,2.290023,0.599506,0.596425,0.26179,0.260445,2.000593,0.919493,0.417194
H3_128C_pruned30_Physical_pruning,121-127105-0010.wav,generated_audios/generated_H3_128C_pruned30/121-127105-0010_generated.wav,2.850023,0.733865,0.730657,0.257495,0.256369,1.633807,0.909491,0.401904
H3_128C_pruned30_Physical_pruning,121-127105-0011.wav,generated_audios/generated_H3_128C_pruned30/121-127105-0011_generated.wav,5.78,1.489924,1.487011,0.257772,0.257268,1.814067,0.89622,0.409248
H3_128C_pruned30_Physical_pruning,121-127105-0012.wav,generated_audios/generated_H3_128C_pruned30/121-127105-0012_generated.wav,4.830023,1.26895,1.265487,0.262721,0.262004,1.409592,0.921207,0.392297
H3_128C_pruned30_Physical_pruning,121-127105-0013.wav,generated_audios/generated_H3_128C_pruned30/121-127105-0013_generated.wav,5.895011,1.444002,1.440191,0.244953,0.244307,1.686856,0.918456,0.405871
H3_128C_pruned30_Physical_pruning,121-127105-0014.wav,generated_audios/generated_H3_128C_pruned30/121-127105-0014_generated.wav,2.255011,0.550206,0.547091,0.243993,0.242611,2.069068,0.899033,0.406624
H3_128C_pruned30_Physical_pruning,121-127105-0015.wav,generated_audios/generated_H3_128C_pruned30/121-127105-0015_generated.wav,2.96,0.775342,0.771741,0.26194,0.260723,1.728117,0.910483,0.412104
H3_128C_pruned30_Physical_pruning,121-127105-0016.wav,generated_audios/generated_H3_128C_pruned30/121-127105-0016_generated.wav,2.030023,0.506453,0.503082,0.249481,0.247821,2.273995,0.91438,0.400394
H3_128C_pruned30_Physical_pruning,121-127105-0017.wav,generated_audios/generated_H3_128C_pruned30/121-127105-0017_generated.wav,2.695011,0.697423,0.694246,0.258783,0.257604,1.893508,0.913335,0.40829
H3_128C_pruned30_Physical_pruning,121-127105-0018.wav,generated_audios/generated_H3_128C_pruned30/121-127105-0018_generated.wav,2.770023,0.717824,0.714562,0.25914,0.257962,1.655779,0.898011,0.409895
H3_128C_pruned30_Physical_pruning,121-127105-0019.wav,generated_audios/generated_H3_128C_pruned30/121-127105-0019_generated.wav,3.525034,0.877202,0.873711,0.248849,0.247859,1.681281,0.924051,0.404771
H3_128C_pruned30_Physical_pruning,121-127105-0020.wav,generated_audios/generated_H3_128C_pruned30/121-127105-0020_generated.wav,14.355011,3.935419,3.931154,0.274149,0.273852,1.936929,0.918397,0.408851
H3_128C_pruned30_Physical_pruning,121-127105-0021.wav,generated_audios/generated_H3_128C_pruned30/121-127105-0021_generated.wav,2.0,0.497644,0.494556,0.248822,0.247278,2.055314,0.932076,0.405999
H3_128C_pruned30_Physical_pruning,121-127105-0022.wav,generated_audios/generated_H3_128C_pruned30/121-127105-0022_generated.wav,5.075011,1.309079,1.305983,0.257946,0.257336,2.095064,0.902463,0.408795
H3_128C_pruned30_Physical_pruning,121-127105-0023.wav,generated_audios/generated_H3_128C_pruned30/121-127105-0023_generated.wav,10.910023,2.751966,2.74798,0.252242,0.251877,2.138132,0.919817,0.39664
H3_128C_pruned30_Physical_pruning,121-127105-0024.wav,generated_audios/generated_H3_128C_pruned30/121-127105-0024_generated.wav,14.450023,4.188067,4.183582,0.289831,0.289521,2.04061,0.917578,0.406223
H3_128C_pruned30_Physical_pruning,121-127105-0025.wav,generated_audios/generated_H3_128C_pruned30/121-127105-0025_generated.wav,16.065034,4.438522,4.433554,0.276285,0.275975,2.087254,0.92469,0.395918
H3_128C_pruned30_Physical_pruning,121-127105-0026.wav,generated_audios/generated_H3_128C_pruned30/121-127105-0026_generated.wav,7.530023,1.879617,1.875897,0.249616,0.249122,1.977311,0.931833,0.398227
H3_128C_pruned30_Physical_pruning,121-127105-0027.wav,generated_audios/generated_H3_128C_pruned30/121-127105-0027_generated.wav,13.870023,3.871365,3.866831,0.279117,0.278791,1.97344,0.923866,0.400618
H3_128C_pruned30_Physical_pruning,121-127105-0028.wav,generated_audios/generated_H3_128C_pruned30/121-127105-0028_generated.wav,6.750023,0.206616,0.202628,0.03061,0.030019,2.155834,0.931225,0.387016
H3_128C_pruned30_Physical_pruning,121-127105-0029.wav,generated_audios/generated_H3_128C_pruned30/121-127105-0029_generated.wav,7.310023,1.909339,1.905353,0.261195,0.260649,2.102995,0.931037,0.39122
H3_128C_pruned30_Physical_pruning,121-127105-0030.wav,generated_audios/generated_H3_128C_pruned30/121-127105-0030_generated.wav,2.175011,0.55364,0.550369,0.254546,0.253042,1.648695,0.899738,0.416249
H3_128C_pruned30_Physical_pruning,121-127105-0031.wav,generated_audios/generated_H3_128C_pruned30/121-127105-0031_generated.wav,10.765034,2.690286,2.686706,0.24991,0.249577,1.944351,0.887335,0.399073
H3_128C_pruned30_Physical_pruning,121-127105-0032.wav,generated_audios/generated_H3_128C_pruned30/121-127105-0032_generated.wav,3.170023,0.77979,0.776429,0.245989,0.244929,1.881711,0.931168,0.388521
H3_128C_pruned30_Physical_pruning,121-127105-0033.wav,generated_audios/generated_H3_128C_pruned30/121-127105-0033_generated.wav,2.355011,0.600414,0.597523,0.254952,0.253724,2.116,0.921885,0.39574
H3_128C_pruned30_Physical_pruning,121-127105-0034.wav,generated_audios/generated_H3_128C_pruned30/121-127105-0034_generated.wav,7.410023,1.957221,1.953428,0.264132,0.26362,1.927286,0.919538,0.398396
H3_128C_pruned30_Physical_pruning,121-127105-0035.wav,generated_audios/generated_H3_128C_pruned30/121-127105-0035_generated.wav,14.150023,3.907261,3.902301,0.276131,0.275781,2.189152,0.91524,0.391554
H3_128C_pruned30_Physical_pruning,121-127105-0036.wav,generated_audios/generated_H3_128C_pruned30/121-127105-0036_generated.wav,4.150023,1.026125,1.022436,0.247258,0.246369,1.876726,0.906941,0.405566
H3_128C_pruned30_Physical_pruning,237-126133-0000.wav,generated_audios/generated_H3_128C_pruned30/237-126133-0000_generated.wav,13.290023,3.846421,3.841983,0.289422,0.289088,2.150927,0.933125,0.382505
H3_128C_pruned30_Physical_pruning,237-126133-0001.wav,generated_audios/generated_H3_128C_pruned30/237-126133-0001_generated.wav,11.965034,3.485057,3.480852,0.29127,0.290919,1.999713,0.926215,0.384398
H3_128C_pruned30_Physical_pruning,237-126133-0002.wav,generated_audios/generated_H3_128C_pruned30/237-126133-0002_generated.wav,8.92,2.236792,2.23296,0.250761,0.250332,1.830991,0.923366,0.397314
H3_128C_pruned30_Physical_pruning,237-126133-0003.wav,generated_audios/generated_H3_128C_pruned30/237-126133-0003_generated.wav,6.56,1.701401,1.697674,0.25936,0.258792,2.117351,0.92468,0.38846
H3_128C_pruned30_Physical_pruning,237-126133-0004.wav,generated_audios/generated_H3_128C_pruned30/237-126133-0004_generated.wav,3.295011,0.858851,0.855377,0.260652,0.259598,2.021635,0.92761,0.400095
H3_128C_pruned30_Physical_pruning,237-126133-0005.wav,generated_audios/generated_H3_128C_pruned30/237-126133-0005_generated.wav,6.510023,1.726494,1.722778,0.265206,0.264635,1.816724,0.906621,0.400595
H3_128C_pruned30_Physical_pruning,237-126133-0006.wav,generated_audios/generated_H3_128C_pruned30/237-126133-0006_generated.wav,6.150023,1.603004,1.599293,0.26065,0.260047,1.941387,0.909543,0.399977
H3_128C_pruned30_Physical_pruning,237-126133-0007.wav,generated_audios/generated_H3_128C_pruned30/237-126133-0007_generated.wav,8.68,2.164478,2.160462,0.249364,0.248901,1.765217,0.907923,0.417714
H3_128C_pruned30_Physical_pruning,237-126133-0008.wav,generated_audios/generated_H3_128C_pruned30/237-126133-0008_generated.wav,3.865034,1.002507,0.998946,0.259379,0.258457,2.212198,0.929229,0.37663
H3_128C_pruned30_Physical_pruning,237-126133-0009.wav,generated_audios/generated_H3_128C_pruned30/237-126133-0009_generated.wav,3.970023,1.030336,1.026851,0.259529,0.258651,2.021594,0.936456,0.397365
H3_128C_pruned30_Physical_pruning,237-126133-0010.wav,generated_audios/generated_H3_128C_pruned30/237-126133-0010_generated.wav,6.24,1.561696,1.55784,0.250272,0.249654,1.363054,0.854988,0.444843
H3_128C_pruned30_Physical_pruning,237-126133-0011.wav,generated_audios/generated_H3_128C_pruned30/237-126133-0011_generated.wav,6.710023,1.781836,1.777959,0.265548,0.264971,2.155475,0.934235,0.380771
H3_128C_pruned30_Physical_pruning,237-126133-0012.wav,generated_audios/generated_H3_128C_pruned30/237-126133-0012_generated.wav,4.450023,1.180015,1.176998,0.265171,0.264493,2.174916,0.92583,0.378206
H3_128C_pruned30_Physical_pruning,237-126133-0013.wav,generated_audios/generated_H3_128C_pruned30/237-126133-0013_generated.wav,6.815011,1.799358,1.795932,0.264029,0.263526,1.57805,0.87411,0.427408
H3_128C_pruned30_Physical_pruning,237-126133-0014.wav,generated_audios/generated_H3_128C_pruned30/237-126133-0014_generated.wav,6.790023,1.796399,1.792823,0.264565,0.264038,1.956379,0.923997,0.397205
H3_128C_pruned30_Physical_pruning,237-126133-0015.wav,generated_audios/generated_H3_128C_pruned30/237-126133-0015_generated.wav,9.34,2.378028,2.373807,0.254607,0.254155,2.015553,0.917698,0.388875
H3_128C_pruned30_Physical_pruning,237-126133-0016.wav,generated_audios/generated_H3_128C_pruned30/237-126133-0016_generated.wav,4.250023,1.057411,1.054166,0.248801,0.248038,1.775972,0.879482,0.418632
H3_128C_pruned30_Physical_pruning,237-126133-0017.wav,generated_audios/generated_H3_128C_pruned30/237-126133-0017_generated.wav,6.210023,1.571528,1.567839,0.253063,0.252469,2.290593,0.93766,0.378577
H3_128C_pruned30_Physical_pruning,237-126133-0018.wav,generated_audios/generated_H3_128C_pruned30/237-126133-0018_generated.wav,4.095011,1.086539,1.083091,0.265332,0.26449,1.879555,0.922537,0.368696
H3_128C_pruned30_Physical_pruning,237-126133-0019.wav,generated_audios/generated_H3_128C_pruned30/237-126133-0019_generated.wav,7.12,1.923598,1.920257,0.270168,0.269699,2.100332,0.924772,0.387025
H3_128C_pruned30_Physical_pruning,237-126133-0020.wav,generated_audios/generated_H3_128C_pruned30/237-126133-0020_generated.wav,2.24,0.55161,0.548592,0.246255,0.244907,1.649458,0.915643,0.386741
H3_128C_pruned30_Physical_pruning,237-126133-0021.wav,generated_audios/generated_H3_128C_pruned30/237-126133-0021_generated.wav,4.365034,1.101696,1.098178,0.252391,0.251585,2.081534,0.92942,0.378748
H3_128C_pruned30_Physical_pruning,237-126133-0022.wav,generated_audios/generated_H3_128C_pruned30/237-126133-0022_generated.wav,5.04,1.345833,1.341871,0.26703,0.266244,2.27016,0.935816,0.36577
H3_128C_pruned30_Physical_pruning,237-126133-0023.wav,generated_audios/generated_H3_128C_pruned30/237-126133-0023_generated.wav,6.675011,1.76869,1.764548,0.264972,0.264351,1.905274,0.937017,0.375608
H3_128C_pruned30_Physical_pruning,237-126133-0024.wav,generated_audios/generated_H3_128C_pruned30/237-126133-0024_generated.wav,9.665034,2.595214,2.591254,0.268516,0.268106,2.091382,0.933879,0.379608
H3_128C_pruned30_Physical_pruning,237-126133-0025.wav,generated_audios/generated_H3_128C_pruned30/237-126133-0025_generated.wav,3.755011,0.971041,0.967504,0.258599,0.257657,2.423728,0.931812,0.378204
H3_128C_pruned30_Physical_pruning,237-134493-0000.wav,generated_audios/generated_H3_128C_pruned30/237-134493-0000_generated.wav,4.105034,1.096884,1.093369,0.267205,0.266348,2.279273,0.935241,0.377056
H3_128C_pruned30_Physical_pruning,237-134493-0001.wav,generated_audios/generated_H3_128C_pruned30/237-134493-0001_generated.wav,7.38,1.915204,1.91155,0.259513,0.259018,2.565364,0.940765,0.358348
H3_128C_pruned30_Physical_pruning,237-134493-0002.wav,generated_audios/generated_H3_128C_pruned30/237-134493-0002_generated.wav,11.395011,3.133194,3.129108,0.274962,0.274603,2.381902,0.939835,0.364731
H3_128C_pruned30_Physical_pruning,237-134493-0003.wav,generated_audios/generated_H3_128C_pruned30/237-134493-0003_generated.wav,12.765034,3.700774,3.696273,0.289915,0.289562,2.270287,0.938845,0.363151
H3_128C_pruned30_Physical_pruning,237-134493-0004.wav,generated_audios/generated_H3_128C_pruned30/237-134493-0004_generated.wav,6.825034,1.848275,1.844359,0.270808,0.270234,2.15461,0.915045,0.384391
H3_128C_pruned30_Physical_pruning,237-134493-0005.wav,generated_audios/generated_H3_128C_pruned30/237-134493-0005_generated.wav,10.945034,2.854383,2.850335,0.260793,0.260423,2.346515,0.936516,0.367158
H3_128C_pruned30_Physical_pruning,237-134493-0006.wav,generated_audios/generated_H3_128C_pruned30/237-134493-0006_generated.wav,4.395011,1.104411,1.100858,0.251287,0.250479,2.109153,0.931424,0.378357
H3_128C_pruned30_Physical_pruning,237-134493-0007.wav,generated_audios/generated_H3_128C_pruned30/237-134493-0007_generated.wav,2.035011,0.50861,0.505444,0.24993,0.248374,2.039239,0.924053,0.370481
H3_128C_pruned30_Physical_pruning,237-134493-0008.wav,generated_audios/generated_H3_128C_pruned30/237-134493-0008_generated.wav,2.305034,0.572168,0.569025,0.248225,0.246862,2.435696,0.922322,0.3549
H3_128C_pruned30_Physical_pruning,237-134493-0009.wav,generated_audios/generated_H3_128C_pruned30/237-134493-0009_generated.wav,2.975011,0.77932,0.775977,0.261955,0.260832,2.229765,0.946752,0.362782
H3_128C_pruned30_Physical_pruning,237-134493-0010.wav,generated_audios/generated_H3_128C_pruned30/237-134493-0010_generated.wav,2.875011,0.748713,0.745712,0.260421,0.259377,2.49579,0.938088,0.35066
H3_128C_pruned30_Physical_pruning,237-134493-0011.wav,generated_audios/generated_H3_128C_pruned30/237-134493-0011_generated.wav,5.035011,1.350743,1.347228,0.26827,0.267572,2.166956,0.928459,0.379667
H3_128C_pruned30_Physical_pruning,237-134493-0012.wav,generated_audios/generated_H3_128C_pruned30/237-134493-0012_generated.wav,3.66,0.918967,0.9155,0.251084,0.250137,1.928486,0.926481,0.384254
H3_128C_pruned30_Physical_pruning,237-134493-0013.wav,generated_audios/generated_H3_128C_pruned30/237-134493-0013_generated.wav,4.090023,0.135378,0.131979,0.033099,0.032269,2.344666,0.93386,0.362616
H3_128C_pruned30_Physical_pruning,237-134493-0014.wav,generated_audios/generated_H3_128C_pruned30/237-134493-0014_generated.wav,3.7,0.93966,0.936248,0.253962,0.25304,2.189243,0.931456,0.37428
H3_128C_pruned30_Physical_pruning,237-134493-0015.wav,generated_audios/generated_H3_128C_pruned30/237-134493-0015_generated.wav,6.550023,0.209167,0.205535,0.031934,0.031379,2.420598,0.92835,0.370916
H3_128C_pruned30_Physical_pruning,237-134493-0016.wav,generated_audios/generated_H3_128C_pruned30/237-134493-0016_generated.wav,10.085034,2.744867,2.740877,0.272172,0.271777,2.250423,0.950451,0.354765
H3_128C_pruned30_Physical_pruning,237-134493-0017.wav,generated_audios/generated_H3_128C_pruned30/237-134493-0017_generated.wav,9.105034,2.461943,2.457472,0.270394,0.269903,2.305407,0.941073,0.359066
H3_128C_pruned30_Physical_pruning,237-134493-0018.wav,generated_audios/generated_H3_128C_pruned30/237-134493-0018_generated.wav,4.790023,1.292035,1.288438,0.269735,0.268984,2.355121,0.952602,0.356861
H3_128C_pruned30_Physical_pruning,237-134500-0000.wav,generated_audios/generated_H3_128C_pruned30/237-134500-0000_generated.wav,6.130023,1.602792,1.599376,0.261466,0.260909,2.315864,0.939495,0.361623
H3_128C_pruned30_Physical_pruning,237-134500-0001.wav,generated_audios/generated_H3_128C_pruned30/237-134500-0001_generated.wav,1.810023,0.44953,0.446699,0.248356,0.246792,2.328442,0.929278,0.377873
H3_128C_pruned30_Physical_pruning,237-134500-0002.wav,generated_audios/generated_H3_128C_pruned30/237-134500-0002_generated.wav,5.070023,1.360116,1.356626,0.268266,0.267578,2.353776,0.93893,0.360373
H3_128C_pruned30_Physical_pruning,237-134500-0003.wav,generated_audios/generated_H3_128C_pruned30/237-134500-0003_generated.wav,3.170023,0.113288,0.110088,0.035737,0.034728,2.15546,0.939014,0.36184
H3_128C_pruned30_Physical_pruning,237-134500-0004.wav,generated_audios/generated_H3_128C_pruned30/237-134500-0004_generated.wav,2.225034,0.081498,0.078304,0.036628,0.035192,2.110587,0.955223,0.345161
H3_128C_pruned30_Physical_pruning,237-134500-0005.wav,generated_audios/generated_H3_128C_pruned30/237-134500-0005_generated.wav,2.390023,0.620202,0.616982,0.259496,0.258149,1.940742,0.921061,0.402132
H3_128C_pruned30_Physical_pruning,237-134500-0006.wav,generated_audios/generated_H3_128C_pruned30/237-134500-0006_generated.wav,4.225034,1.063103,1.059579,0.25162,0.250786,1.8131,0.910471,0.395915
H3_128C_pruned30_Physical_pruning,237-134500-0007.wav,generated_audios/generated_H3_128C_pruned30/237-134500-0007_generated.wav,2.390023,0.067674,0.064569,0.028315,0.027016,1.767799,0.893209,0.405759
H3_128C_pruned30_Physical_pruning,237-134500-0008.wav,generated_audios/generated_H3_128C_pruned30/237-134500-0008_generated.wav,3.76,0.119248,0.115927,0.031715,0.030832,2.011517,0.891809,0.398798
H3_128C_pruned30_Physical_pruning,237-134500-0009.wav,generated_audios/generated_H3_128C_pruned30/237-134500-0009_generated.wav,2.22,0.062339,0.059188,0.028081,0.026661,1.82964,0.911525,0.392958
H3_128C_pruned30_Physical_pruning,237-134500-0010.wav,generated_audios/generated_H3_128C_pruned30/237-134500-0010_generated.wav,3.995011,1.062126,1.058883,0.265863,0.265051,1.627072,0.903761,0.402637
H3_128C_pruned30_Physical_pruning,237-134500-0011.wav,generated_audios/generated_H3_128C_pruned30/237-134500-0011_generated.wav,3.350023,0.843813,0.840646,0.251883,0.250937,1.701223,0.886754,0.396797
H3_128C_pruned30_Physical_pruning,237-134500-0012.wav,generated_audios/generated_H3_128C_pruned30/237-134500-0012_generated.wav,10.935011,3.023673,3.01971,0.276513,0.276151,2.022672,0.929017,0.376696
H3_128C_pruned30_Physical_pruning,237-134500-0013.wav,generated_audios/generated_H3_128C_pruned30/237-134500-0013_generated.wav,10.56,0.347566,0.343155,0.032913,0.032496,1.827913,0.943767,0.355432
H3_128C_pruned30_Physical_pruning,237-134500-0014.wav,generated_audios/generated_H3_128C_pruned30/237-134500-0014_generated.wav,4.250023,0.15319,0.149627,0.036044,0.035206,2.001353,0.929391,0.362261
H3_128C_pruned30_Physical_pruning,237-134500-0015.wav,generated_audios/generated_H3_128C_pruned30/237-134500-0015_generated.wav,10.815011,2.959042,2.954895,0.273605,0.273222,2.167483,0.943263,0.369619
H3_128C_pruned30_Physical_pruning,237-134500-0016.wav,generated_audios/generated_H3_128C_pruned30/237-134500-0016_generated.wav,3.16,0.10812,0.104833,0.034215,0.033175,1.566905,0.843786,0.417049
H3_128C_pruned30_Physical_pruning,237-134500-0017.wav,generated_audios/generated_H3_128C_pruned30/237-134500-0017_generated.wav,2.18,0.080932,0.077732,0.037125,0.035657,1.856573,0.905952,0.390428
H3_128C_pruned30_Physical_pruning,237-134500-0018.wav,generated_audios/generated_H3_128C_pruned30/237-134500-0018_generated.wav,12.845034,3.756641,3.751996,0.292459,0.292097,2.357912,0.946344,0.362649
H3_128C_pruned30_Physical_pruning,237-134500-0019.wav,generated_audios/generated_H3_128C_pruned30/237-134500-0019_generated.wav,2.86,0.72233,0.71877,0.252563,0.251318,2.259979,0.927404,0.360203
H3_128C_pruned30_Physical_pruning,237-134500-0020.wav,generated_audios/generated_H3_128C_pruned30/237-134500-0020_generated.wav,2.18,0.065074,0.06183,0.029851,0.028362,2.522822,0.958975,0.350117
H3_128C_pruned30_Physical_pruning,237-134500-0021.wav,generated_audios/generated_H3_128C_pruned30/237-134500-0021_generated.wav,5.12,1.289365,1.285911,0.251829,0.251155,1.583031,0.846961,0.419604
H3_128C_pruned30_Physical_pruning,237-134500-0022.wav,generated_audios/generated_H3_128C_pruned30/237-134500-0022_generated.wav,5.165034,1.314779,1.311124,0.254554,0.253846,1.551798,0.878331,0.41519
H3_128C_pruned30_Physical_pruning,237-134500-0023.wav,generated_audios/generated_H3_128C_pruned30/237-134500-0023_generated.wav,3.06,0.821466,0.818211,0.268453,0.267389,1.846345,0.919294,0.395489
H3_128C_pruned30_Physical_pruning,237-134500-0024.wav,generated_audios/generated_H3_128C_pruned30/237-134500-0024_generated.wav,4.410023,0.139623,0.135936,0.03166,0.030824,2.317209,0.927753,0.352513
H3_128C_pruned30_Physical_pruning,237-134500-0025.wav,generated_audios/generated_H3_128C_pruned30/237-134500-0025_generated.wav,1.630023,0.404529,0.401479,0.248174,0.246303,2.098302,0.903604,0.377378
H3_128C_pruned30_Physical_pruning,237-134500-0026.wav,generated_audios/generated_H3_128C_pruned30/237-134500-0026_generated.wav,3.050023,0.803237,0.800024,0.263354,0.262301,1.834516,0.891058,0.411364
H3_128C_pruned30_Physical_pruning,237-134500-0027.wav,generated_audios/generated_H3_128C_pruned30/237-134500-0027_generated.wav,3.270023,0.885485,0.882063,0.270789,0.269742,2.330817,0.927845,0.363502
H3_128C_pruned30_Physical_pruning,237-134500-0028.wav,generated_audios/generated_H3_128C_pruned30/237-134500-0028_generated.wav,4.524943,1.241475,1.237893,0.274362,0.273571,2.056072,0.91883,0.376862
H3_128C_pruned30_Physical_pruning,237-134500-0029.wav,generated_audios/generated_H3_128C_pruned30/237-134500-0029_generated.wav,2.065034,0.529949,0.526773,0.25663,0.255092,2.307065,0.940398,0.361303
H3_128C_pruned30_Physical_pruning,237-134500-0030.wav,generated_audios/generated_H3_128C_pruned30/237-134500-0030_generated.wav,2.78,0.757538,0.754225,0.272496,0.271304,1.874883,0.916303,0.406326
H3_128C_pruned30_Physical_pruning,237-134500-0031.wav,generated_audios/generated_H3_128C_pruned30/237-134500-0031_generated.wav,10.610023,2.861688,2.857427,0.269715,0.269314,2.299731,0.932428,0.363912
H3_128C_pruned30_Physical_pruning,237-134500-0032.wav,generated_audios/generated_H3_128C_pruned30/237-134500-0032_generated.wav,5.025034,0.162175,0.15836,0.032273,0.031514,2.278948,0.931831,0.364532
H3_128C_pruned30_Physical_pruning,237-134500-0033.wav,generated_audios/generated_H3_128C_pruned30/237-134500-0033_generated.wav,6.350023,1.635393,1.631733,0.257541,0.256965,2.228351,0.924623,0.367664
H3_128C_pruned30_Physical_pruning,237-134500-0034.wav,generated_audios/generated_H3_128C_pruned30/237-134500-0034_generated.wav,3.075011,0.783788,0.780464,0.25489,0.253808,2.239645,0.932947,0.356346
H3_128C_pruned30_Physical_pruning,237-134500-0035.wav,generated_audios/generated_H3_128C_pruned30/237-134500-0035_generated.wav,2.555011,0.685518,0.682374,0.268304,0.267073,2.011545,0.928328,0.376993
H3_128C_pruned30_Physical_pruning,237-134500-0036.wav,generated_audios/generated_H3_128C_pruned30/237-134500-0036_generated.wav,6.6,1.800044,1.796441,0.272734,0.272188,2.173406,0.942008,0.355009
H3_128C_pruned30_Physical_pruning,237-134500-0037.wav,generated_audios/generated_H3_128C_pruned30/237-134500-0037_generated.wav,7.105034,1.913343,1.909582,0.269294,0.268765,1.631197,0.878206,0.423692
H3_128C_pruned30_Physical_pruning,237-134500-0038.wav,generated_audios/generated_H3_128C_pruned30/237-134500-0038_generated.wav,2.435011,0.637242,0.634194,0.2617,0.260448,1.440595,0.861012,0.432232
H3_128C_pruned30_Physical_pruning,237-134500-0039.wav,generated_audios/generated_H3_128C_pruned30/237-134500-0039_generated.wav,4.630023,1.268738,1.265345,0.274024,0.273291,1.811526,0.893145,0.41553
H3_128C_pruned30_Physical_pruning,237-134500-0040.wav,generated_audios/generated_H3_128C_pruned30/237-134500-0040_generated.wav,4.030023,0.126777,0.123247,0.031458,0.030582,1.753856,0.909925,0.387756
H3_128C_pruned30_Physical_pruning,237-134500-0041.wav,generated_audios/generated_H3_128C_pruned30/237-134500-0041_generated.wav,8.92,0.291714,0.287851,0.032703,0.03227,2.484646,0.947146,0.356635
H3_128C_pruned30_Physical_pruning,237-134500-0042.wav,generated_audios/generated_H3_128C_pruned30/237-134500-0042_generated.wav,2.575011,0.678192,0.67509,0.263374,0.26217,1.782017,0.861871,0.423959
H3_128C_pruned30_Physical_pruning,260-123286-0000.wav,generated_audios/generated_H3_128C_pruned30/260-123286-0000_generated.wav,7.04,1.848671,1.844987,0.262595,0.262072,2.049965,0.926357,0.384079
H3_128C_pruned30_Physical_pruning,260-123286-0001.wav,generated_audios/generated_H3_128C_pruned30/260-123286-0001_generated.wav,3.070023,0.086228,0.084171,0.028087,0.027417,1.893516,0.936133,0.389431
H3_128C_pruned30_Physical_pruning,260-123286-0002.wav,generated_audios/generated_H3_128C_pruned30/260-123286-0002_generated.wav,9.985034,2.749329,2.745664,0.275345,0.274978,1.969757,0.929971,0.373184
H3_128C_pruned30_Physical_pruning,260-123286-0003.wav,generated_audios/generated_H3_128C_pruned30/260-123286-0003_generated.wav,7.370023,2.017904,2.013884,0.273799,0.273253,1.824635,0.909723,0.379316
H3_128C_pruned30_Physical_pruning,260-123286-0004.wav,generated_audios/generated_H3_128C_pruned30/260-123286-0004_generated.wav,3.465034,0.937071,0.934253,0.270436,0.269623,1.836837,0.923957,0.386658
H3_128C_pruned30_Physical_pruning,260-123286-0005.wav,generated_audios/generated_H3_128C_pruned30/260-123286-0005_generated.wav,4.810023,1.258509,1.255558,0.261643,0.26103,1.848371,0.921049,0.383049
H3_128C_pruned30_Physical_pruning,260-123286-0006.wav,generated_audios/generated_H3_128C_pruned30/260-123286-0006_generated.wav,7.405034,2.044697,2.041495,0.276123,0.27569,1.916517,0.927724,0.381305
H3_128C_pruned30_Physical_pruning,260-123286-0007.wav,generated_audios/generated_H3_128C_pruned30/260-123286-0007_generated.wav,4.550023,1.255344,1.251697,0.275898,0.275097,1.708537,0.908658,0.387823
H3_128C_pruned30_Physical_pruning,260-123286-0008.wav,generated_audios/generated_H3_128C_pruned30/260-123286-0008_generated.wav,3.735011,0.994211,0.990479,0.266187,0.265188,1.983276,0.924348,0.386947
H3_128C_pruned30_Physical_pruning,260-123286-0009.wav,generated_audios/generated_H3_128C_pruned30/260-123286-0009_generated.wav,5.795011,1.649563,1.646091,0.284652,0.284053,1.80084,0.925672,0.368752
H3_128C_pruned30_Physical_pruning,260-123286-0010.wav,generated_audios/generated_H3_128C_pruned30/260-123286-0010_generated.wav,2.575011,0.08627,0.082836,0.033503,0.032169,1.996185,0.936281,0.382408
H3_128C_pruned30_Physical_pruning,260-123286-0011.wav,generated_audios/generated_H3_128C_pruned30/260-123286-0011_generated.wav,4.255011,0.148682,0.145196,0.034943,0.034124,1.986229,0.921639,0.36923
H3_128C_pruned30_Physical_pruning,260-123286-0012.wav,generated_audios/generated_H3_128C_pruned30/260-123286-0012_generated.wav,2.430023,0.083776,0.080539,0.034475,0.033143,1.93965,0.931124,0.384466
H3_128C_pruned30_Physical_pruning,260-123286-0013.wav,generated_audios/generated_H3_128C_pruned30/260-123286-0013_generated.wav,4.730023,1.284981,1.281946,0.271665,0.271023,1.944576,0.916944,0.382721
H3_128C_pruned30_Physical_pruning,260-123286-0014.wav,generated_audios/generated_H3_128C_pruned30/260-123286-0014_generated.wav,2.98,0.104054,0.100323,0.034917,0.033666,1.633669,0.919069,0.358979
H3_128C_pruned30_Physical_pruning,260-123286-0015.wav,generated_audios/generated_H3_128C_pruned30/260-123286-0015_generated.wav,5.210023,1.446803,1.443347,0.277696,0.277033,1.861703,0.925528,0.392635
H3_128C_pruned30_Physical_pruning,260-123286-0016.wav,generated_audios/generated_H3_128C_pruned30/260-123286-0016_generated.wav,7.0,1.958138,1.95459,0.279734,0.279227,2.028879,0.92549,0.37281
H3_128C_pruned30_Physical_pruning,260-123286-0017.wav,generated_audios/generated_H3_128C_pruned30/260-123286-0017_generated.wav,3.975011,1.065115,1.061693,0.267953,0.267092,1.793716,0.917009,0.361705
H3_128C_pruned30_Physical_pruning,260-123286-0018.wav,generated_audios/generated_H3_128C_pruned30/260-123286-0018_generated.wav,5.670023,1.611285,1.607831,0.284176,0.283567,2.023309,0.918831,0.375866
H3_128C_pruned30_Physical_pruning,260-123286-0019.wav,generated_audios/generated_H3_128C_pruned30/260-123286-0019_generated.wav,11.905034,3.619373,3.615123,0.30402,0.303663,1.865877,0.926359,0.372285
H3_128C_pruned30_Physical_pruning,260-123286-0020.wav,generated_audios/generated_H3_128C_pruned30/260-123286-0020_generated.wav,3.06,0.110936,0.107217,0.036254,0.035038,2.089354,0.949284,0.36075
H3_128C_pruned30_Physical_pruning,260-123286-0021.wav,generated_audios/generated_H3_128C_pruned30/260-123286-0021_generated.wav,2.550023,0.695084,0.691981,0.272579,0.271363,2.201348,0.945034,0.390512
H3_128C_pruned30_Physical_pruning,260-123286-0022.wav,generated_audios/generated_H3_128C_pruned30/260-123286-0022_generated.wav,3.235011,0.901535,0.898219,0.278681,0.277655,2.019026,0.939483,0.367167
H3_128C_pruned30_Physical_pruning,260-123286-0023.wav,generated_audios/generated_H3_128C_pruned30/260-123286-0023_generated.wav,5.875011,1.658814,1.655281,0.282351,0.281749,1.973722,0.923276,0.375213
H3_128C_pruned30_Physical_pruning,260-123286-0024.wav,generated_audios/generated_H3_128C_pruned30/260-123286-0024_generated.wav,3.04,0.833512,0.83042,0.274182,0.273165,1.7352,0.922445,0.399213
H3_128C_pruned30_Physical_pruning,260-123286-0025.wav,generated_audios/generated_H3_128C_pruned30/260-123286-0025_generated.wav,9.205034,2.511631,2.507777,0.272854,0.272435,1.982349,0.919391,0.374232
H3_128C_pruned30_Physical_pruning,260-123286-0026.wav,generated_audios/generated_H3_128C_pruned30/260-123286-0026_generated.wav,6.94,1.888141,1.884461,0.272066,0.271536,1.939394,0.917804,0.370206
H3_128C_pruned30_Physical_pruning,260-123286-0027.wav,generated_audios/generated_H3_128C_pruned30/260-123286-0027_generated.wav,7.170023,2.101195,2.097429,0.293053,0.292528,1.907792,0.910226,0.364654
H3_128C_pruned30_Physical_pruning,260-123286-0028.wav,generated_audios/generated_H3_128C_pruned30/260-123286-0028_generated.wav,7.465034,2.05373,2.049573,0.275113,0.274556,1.925194,0.914324,0.373022
H3_128C_pruned30_Physical_pruning,260-123286-0029.wav,generated_audios/generated_H3_128C_pruned30/260-123286-0029_generated.wav,4.545034,0.140957,0.137017,0.031013,0.030147,1.868302,0.915558,0.374366
H3_128C_pruned30_Physical_pruning,260-123286-0030.wav,generated_audios/generated_H3_128C_pruned30/260-123286-0030_generated.wav,7.530023,0.236338,0.232488,0.031386,0.030875,2.071274,0.924816,0.381713
H3_128C_pruned30_Physical_pruning,260-123286-0031.wav,generated_audios/generated_H3_128C_pruned30/260-123286-0031_generated.wav,5.06,1.370051,1.36635,0.270761,0.27003,1.930021,0.934704,0.361342
H3_128C_pruned30_Physical_pruning,260-123288-0000.wav,generated_audios/generated_H3_128C_pruned30/260-123288-0000_generated.wav,3.04,0.085378,0.082058,0.028085,0.026993,1.826971,0.91621,0.391394
H3_128C_pruned30_Physical_pruning,260-123288-0001.wav,generated_audios/generated_H3_128C_pruned30/260-123288-0001_generated.wav,5.08,0.155218,0.153115,0.030555,0.030141,2.031672,0.92738,0.386959
H3_128C_pruned30_Physical_pruning,260-123288-0002.wav,generated_audios/generated_H3_128C_pruned30/260-123288-0002_generated.wav,7.250023,1.999054,1.995388,0.275731,0.275225,1.858154,0.913786,0.379353
H3_128C_pruned30_Physical_pruning,260-123288-0003.wav,generated_audios/generated_H3_128C_pruned30/260-123288-0003_generated.wav,8.905034,2.567365,2.56324,0.288305,0.287842,1.811299,0.929733,0.37567
H3_128C_pruned30_Physical_pruning,260-123288-0004.wav,generated_audios/generated_H3_128C_pruned30/260-123288-0004_generated.wav,4.310023,1.220005,1.21642,0.283062,0.28223,1.83387,0.899795,0.390854
H3_128C_pruned30_Physical_pruning,260-123288-0005.wav,generated_audios/generated_H3_128C_pruned30/260-123288-0005_generated.wav,12.550023,3.726781,3.722365,0.296954,0.296602,1.763935,0.914547,0.374126
H3_128C_pruned30_Physical_pruning,260-123288-0006.wav,generated_audios/generated_H3_128C_pruned30/260-123288-0006_generated.wav,4.88,1.33306,1.329395,0.273168,0.272417,1.871211,0.917297,0.356839
H3_128C_pruned30_Physical_pruning,260-123288-0007.wav,generated_audios/generated_H3_128C_pruned30/260-123288-0007_generated.wav,11.2,3.310489,3.306194,0.295579,0.295196,1.841063,0.92103,0.387744
H3_128C_pruned30_Physical_pruning,260-123288-0008.wav,generated_audios/generated_H3_128C_pruned30/260-123288-0008_generated.wav,5.515011,1.585759,1.581994,0.287535,0.286852,2.032533,0.928536,0.386601
H3_128C_pruned30_Physical_pruning,260-123288-0009.wav,generated_audios/generated_H3_128C_pruned30/260-123288-0009_generated.wav,3.435011,0.976189,0.972607,0.284188,0.283145,1.874539,0.922311,0.399451
H3_128C_pruned30_Physical_pruning,260-123288-0010.wav,generated_audios/generated_H3_128C_pruned30/260-123288-0010_generated.wav,9.995011,0.318878,0.314807,0.031904,0.031496,1.819024,0.917278,0.374988
H3_128C_pruned30_Physical_pruning,260-123288-0011.wav,generated_audios/generated_H3_128C_pruned30/260-123288-0011_generated.wav,8.98,2.645517,2.641339,0.294601,0.294136,1.955906,0.925476,0.367468
H3_128C_pruned30_Physical_pruning,260-123288-0012.wav,generated_audios/generated_H3_128C_pruned30/260-123288-0012_generated.wav,3.545034,1.0014,0.997657,0.28248,0.281424,2.371967,0.924454,0.403579
H3_128C_pruned30_Physical_pruning,260-123288-0013.wav,generated_audios/generated_H3_128C_pruned30/260-123288-0013_generated.wav,11.385079,3.599149,3.594961,0.316129,0.315761,1.855145,0.921698,0.369709
H3_128C_pruned30_Physical_pruning,260-123288-0014.wav,generated_audios/generated_H3_128C_pruned30/260-123288-0014_generated.wav,1.805034,0.07479,0.071788,0.041434,0.039771,2.034582,0.928598,0.384124
H3_128C_pruned30_Physical_pruning,260-123288-0015.wav,generated_audios/generated_H3_128C_pruned30/260-123288-0015_generated.wav,21.185034,6.29781,6.29245,0.297276,0.297023,1.959475,0.929711,0.382124
H3_128C_pruned30_Physical_pruning,260-123288-0016.wav,generated_audios/generated_H3_128C_pruned30/260-123288-0016_generated.wav,4.865034,1.422726,1.419175,0.292439,0.291709,1.910675,0.91248,0.382336
H3_128C_pruned30_Physical_pruning,260-123288-0017.wav,generated_audios/generated_H3_128C_pruned30/260-123288-0017_generated.wav,5.225034,1.427655,1.423957,0.273234,0.272526,2.035193,0.944242,0.378682
H3_128C_pruned30_Physical_pruning,260-123288-0018.wav,generated_audios/generated_H3_128C_pruned30/260-123288-0018_generated.wav,3.245034,0.924134,0.920796,0.284784,0.283755,1.732254,0.939723,0.386566
H3_128C_pruned30_Physical_pruning,260-123288-0019.wav,generated_audios/generated_H3_128C_pruned30/260-123288-0019_generated.wav,2.955011,0.101912,0.098558,0.034488,0.033353,2.079735,0.929787,0.379668
H3_128C_pruned30_Physical_pruning,260-123288-0020.wav,generated_audios/generated_H3_128C_pruned30/260-123288-0020_generated.wav,2.9,0.818348,0.815142,0.282189,0.281083,1.880862,0.930453,0.375155
H3_128C_pruned30_Physical_pruning,260-123288-0021.wav,generated_audios/generated_H3_128C_pruned30/260-123288-0021_generated.wav,2.710023,0.095996,0.092774,0.035423,0.034234,1.951945,0.903867,0.394754
H3_128C_pruned30_Physical_pruning,260-123288-0022.wav,generated_audios/generated_H3_128C_pruned30/260-123288-0022_generated.wav,3.705034,1.063759,1.060158,0.287112,0.28614,1.673747,0.904861,0.383472
H3_128C_pruned30_Physical_pruning,260-123288-0023.wav,generated_audios/generated_H3_128C_pruned30/260-123288-0023_generated.wav,2.385034,0.084577,0.081559,0.035462,0.034196,1.724469,0.899237,0.380616
H3_128C_pruned30_Physical_pruning,260-123288-0024.wav,generated_audios/generated_H3_128C_pruned30/260-123288-0024_generated.wav,14.595011,4.352576,4.34828,0.298224,0.297929,1.926923,0.928379,0.373499
H3_128C_pruned30_Physical_pruning,260-123288-0025.wav,generated_audios/generated_H3_128C_pruned30/260-123288-0025_generated.wav,13.445034,4.091823,4.087484,0.304337,0.304014,2.004273,0.922761,0.382576
H3_128C_pruned30_Physical_pruning,260-123288-0026.wav,generated_audios/generated_H3_128C_pruned30/260-123288-0026_generated.wav,16.04,5.134509,5.129403,0.320107,0.319788,1.870042,0.931434,0.373978
H3_128C_pruned30_Physical_pruning,260-123288-0027.wav,generated_audios/generated_H3_128C_pruned30/260-123288-0027_generated.wav,6.305034,1.780406,1.777049,0.282378,0.281846,2.034245,0.938963,0.37089
H3_128C_pruned30_Physical_pruning,260-123288-0028.wav,generated_audios/generated_H3_128C_pruned30/260-123288-0028_generated.wav,2.610023,0.748321,0.745003,0.28671,0.285439,1.914656,0.945354,0.381556
H3_128C_pruned30_Physical_pruning,260-123440-0000.wav,generated_audios/generated_H3_128C_pruned30/260-123440-0000_generated.wav,2.165034,0.591551,0.588376,0.27323,0.271763,1.488388,0.880701,0.388437
H3_128C_pruned30_Physical_pruning,260-123440-0001.wav,generated_audios/generated_H3_128C_pruned30/260-123440-0001_generated.wav,1.74,0.473026,0.469998,0.271854,0.270114,2.150828,0.912355,0.379228
H3_128C_pruned30_Physical_pruning,260-123440-0002.wav,generated_audios/generated_H3_128C_pruned30/260-123440-0002_generated.wav,14.715011,4.655295,4.650687,0.316364,0.316051,1.876383,0.922224,0.376935
H3_128C_pruned30_Physical_pruning,260-123440-0003.wav,generated_audios/generated_H3_128C_pruned30/260-123440-0003_generated.wav,3.585034,1.046644,1.04325,0.291948,0.291002,1.982914,0.930218,0.373666
H3_128C_pruned30_Physical_pruning,260-123440-0004.wav,generated_audios/generated_H3_128C_pruned30/260-123440-0004_generated.wav,12.02,3.622168,3.617764,0.301345,0.300979,1.812263,0.913564,0.383052
H3_128C_pruned30_Physical_pruning,260-123440-0005.wav,generated_audios/generated_H3_128C_pruned30/260-123440-0005_generated.wav,3.105034,0.106276,0.102835,0.034227,0.033119,1.812646,0.923691,0.384865
H3_128C_pruned30_Physical_pruning,260-123440-0006.wav,generated_audios/generated_H3_128C_pruned30/260-123440-0006_generated.wav,2.715011,0.092961,0.089777,0.03424,0.033067,1.838024,0.923841,0.400524
H3_128C_pruned30_Physical_pruning,260-123440-0007.wav,generated_audios/generated_H3_128C_pruned30/260-123440-0007_generated.wav,3.385034,0.979005,0.97544,0.289216,0.288163,1.491756,0.909861,0.399628
H3_128C_pruned30_Physical_pruning,260-123440-0008.wav,generated_audios/generated_H3_128C_pruned30/260-123440-0008_generated.wav,3.745034,1.097527,1.094132,0.293062,0.292155,1.89269,0.929349,0.382845
H3_128C_pruned30_Physical_pruning,260-123440-0009.wav,generated_audios/generated_H3_128C_pruned30/260-123440-0009_generated.wav,3.115011,0.909695,0.906448,0.292036,0.290994,1.892438,0.910958,0.40869
H3_128C_pruned30_Physical_pruning,260-123440-0010.wav,generated_audios/generated_H3_128C_pruned30/260-123440-0010_generated.wav,8.315011,2.508134,2.50407,0.301639,0.301151,1.846643,0.899911,0.390218
H3_128C_pruned30_Physical_pruning,260-123440-0011.wav,generated_audios/generated_H3_128C_pruned30/260-123440-0011_generated.wav,4.870023,0.149909,0.146183,0.030782,0.030017,1.932216,0.920132,0.382912
H3_128C_pruned30_Physical_pruning,260-123440-0012.wav,generated_audios/generated_H3_128C_pruned30/260-123440-0012_generated.wav,5.245034,1.527726,1.524218,0.291271,0.290602,1.806489,0.908002,0.425848
H3_128C_pruned30_Physical_pruning,260-123440-0013.wav,generated_audios/generated_H3_128C_pruned30/260-123440-0013_generated.wav,3.475011,1.006701,1.003339,0.289697,0.28873,1.854571,0.916441,0.407126
H3_128C_pruned30_Physical_pruning,260-123440-0014.wav,generated_audios/generated_H3_128C_pruned30/260-123440-0014_generated.wav,3.815011,1.124075,1.120835,0.294645,0.293796,1.790408,0.916352,0.410971
H3_128C_pruned30_Physical_pruning,260-123440-0015.wav,generated_audios/generated_H3_128C_pruned30/260-123440-0015_generated.wav,6.2,0.21044,0.206834,0.033942,0.03336,1.782329,0.928031,0.373722
H3_128C_pruned30_Physical_pruning,260-123440-0016.wav,generated_audios/generated_H3_128C_pruned30/260-123440-0016_generated.wav,4.895011,1.46683,1.463214,0.299658,0.298919,2.243743,0.942543,0.381158
H3_128C_pruned30_Physical_pruning,260-123440-0017.wav,generated_audios/generated_H3_128C_pruned30/260-123440-0017_generated.wav,3.070023,0.118274,0.114893,0.038525,0.037424,1.91119,0.922893,0.3684
H3_128C_pruned30_Physical_pruning,260-123440-0018.wav,generated_audios/generated_H3_128C_pruned30/260-123440-0018_generated.wav,3.64,1.089202,1.085827,0.299231,0.298304,2.11766,0.932038,0.391776
H3_128C_pruned30_Physical_pruning,260-123440-0019.wav,generated_audios/generated_H3_128C_pruned30/260-123440-0019_generated.wav,6.630023,1.996974,1.993384,0.301202,0.30066,1.781164,0.921055,0.37603
H3_128C_pruned30_Physical_pruning,260-123440-0020.wav,generated_audios/generated_H3_128C_pruned30/260-123440-0020_generated.wav,4.995011,1.485209,1.481679,0.297338,0.296632,1.854303,0.922657,0.381354
H3_128C_pruned30_Physical_pruning,61-70968-0000.wav,generated_audios/generated_H3_128C_pruned30/61-70968-0000_generated.wav,4.905034,1.462741,1.45931,0.298212,0.297513,1.694083,0.916469,0.369428
H3_128C_pruned30_Physical_pruning,61-70968-0001.wav,generated_audios/generated_H3_128C_pruned30/61-70968-0001_generated.wav,3.610023,1.065811,1.062299,0.295237,0.294264,1.748156,0.905899,0.351065
H3_128C_pruned30_Physical_pruning,61-70968-0002.wav,generated_audios/generated_H3_128C_pruned30/61-70968-0002_generated.wav,2.970023,0.861133,0.85794,0.289942,0.288866,1.768974,0.895025,0.354272
H3_128C_pruned30_Physical_pruning,61-70968-0003.wav,generated_audios/generated_H3_128C_pruned30/61-70968-0003_generated.wav,4.315011,0.14191,0.138211,0.032888,0.03203,1.83969,0.922535,0.366266
H3_128C_pruned30_Physical_pruning,61-70968-0004.wav,generated_audios/generated_H3_128C_pruned30/61-70968-0004_generated.wav,3.885034,1.14697,1.143408,0.295228,0.294311,1.740459,0.92627,0.367313
H3_128C_pruned30_Physical_pruning,61-70968-0005.wav,generated_audios/generated_H3_128C_pruned30/61-70968-0005_generated.wav,5.070023,0.156052,0.152555,0.030779,0.03009,1.507861,0.877581,0.370723
H3_128C_pruned30_Physical_pruning,61-70968-0006.wav,generated_audios/generated_H3_128C_pruned30/61-70968-0006_generated.wav,2.935011,0.810123,0.806772,0.276021,0.274879,1.749976,0.922367,0.368962
H3_128C_pruned30_Physical_pruning,61-70968-0007.wav,generated_audios/generated_H3_128C_pruned30/61-70968-0007_generated.wav,3.550023,0.120675,0.117253,0.033993,0.033029,1.661005,0.831054,0.364395
H3_128C_pruned30_Physical_pruning,61-70968-0008.wav,generated_audios/generated_H3_128C_pruned30/61-70968-0008_generated.wav,3.535011,0.117169,0.114164,0.033145,0.032295,1.618003,0.902697,0.361664
H3_128C_pruned30_Physical_pruning,61-70968-0009.wav,generated_audios/generated_H3_128C_pruned30/61-70968-0009_generated.wav,4.510023,1.336339,1.333137,0.296304,0.295594,1.869046,0.895328,0.366453
H3_128C_pruned30_Physical_pruning,61-70968-0010.wav,generated_audios/generated_H3_128C_pruned30/61-70968-0010_generated.wav,8.295011,2.368894,2.364927,0.285581,0.285102,1.808404,0.913833,0.367374
H3_128C_pruned30_Physical_pruning,61-70968-0011.wav,generated_audios/generated_H3_128C_pruned30/61-70968-0011_generated.wav,6.375011,1.812389,1.808815,0.284296,0.283735,1.612417,0.920762,0.357286
H3_128C_pruned30_Physical_pruning,61-70968-0012.wav,generated_audios/generated_H3_128C_pruned30/61-70968-0012_generated.wav,2.610023,0.095309,0.092132,0.036517,0.035299,2.045273,0.947264,0.374772
H3_128C_pruned30_Physical_pruning,61-70968-0013.wav,generated_audios/generated_H3_128C_pruned30/61-70968-0013_generated.wav,4.450023,0.138724,0.135526,0.031174,0.030455,2.194514,0.922028,0.353378
H3_128C_pruned30_Physical_pruning,61-70968-0014.wav,generated_audios/generated_H3_128C_pruned30/61-70968-0014_generated.wav,7.485034,2.242677,2.239039,0.299622,0.299135,1.781507,0.922758,0.357806
H3_128C_pruned30_Physical_pruning,61-70968-0015.wav,generated_audios/generated_H3_128C_pruned30/61-70968-0015_generated.wav,5.375011,1.517987,1.51433,0.282416,0.281735,1.705366,0.91582,0.367481
H3_128C_pruned30_Physical_pruning,61-70968-0016.wav,generated_audios/generated_H3_128C_pruned30/61-70968-0016_generated.wav,3.72,1.1147,1.111263,0.299651,0.298727,1.974103,0.935504,0.366784
H3_128C_pruned30_Physical_pruning,61-70968-0017.wav,generated_audios/generated_H3_128C_pruned30/61-70968-0017_generated.wav,5.110023,1.53806,1.534043,0.300989,0.300203,1.926588,0.922186,0.366788
H3_128C_pruned30_Physical_pruning,61-70968-0018.wav,generated_audios/generated_H3_128C_pruned30/61-70968-0018_generated.wav,2.405034,0.696104,0.692854,0.289436,0.288085,1.992399,0.934293,0.362625
H3_128C_pruned30_Physical_pruning,61-70968-0019.wav,generated_audios/generated_H3_128C_pruned30/61-70968-0019_generated.wav,5.475011,1.564954,1.561723,0.285836,0.285246,1.877007,0.922311,0.36954
H3_128C_pruned30_Physical_pruning,61-70968-0020.wav,generated_audios/generated_H3_128C_pruned30/61-70968-0020_generated.wav,5.105034,1.546597,1.543521,0.302955,0.302353,1.780013,0.909493,0.36271
H3_128C_pruned30_Physical_pruning,61-70968-0021.wav,generated_audios/generated_H3_128C_pruned30/61-70968-0021_generated.wav,2.690023,0.740645,0.737389,0.27533,0.27412,1.730337,0.899493,0.36186
H3_128C_pruned30_Physical_pruning,61-70968-0022.wav,generated_audios/generated_H3_128C_pruned30/61-70968-0022_generated.wav,4.670023,0.167266,0.163825,0.035817,0.03508,1.602765,0.900498,0.374406
H3_128C_pruned30_Physical_pruning,61-70968-0023.wav,generated_audios/generated_H3_128C_pruned30/61-70968-0023_generated.wav,5.025034,0.164301,0.160925,0.032697,0.032025,1.869239,0.93129,0.361089
H3_128C_pruned30_Physical_pruning,61-70968-0024.wav,generated_audios/generated_H3_128C_pruned30/61-70968-0024_generated.wav,6.025034,1.816339,1.812938,0.301465,0.300901,1.881281,0.913009,0.362187
H3_128C_pruned30_Physical_pruning,61-70968-0025.wav,generated_audios/generated_H3_128C_pruned30/61-70968-0025_generated.wav,4.410023,0.135395,0.132008,0.030702,0.029934,1.852659,0.915598,0.368264
H3_128C_pruned30_Physical_pruning,61-70968-0026.wav,generated_audios/generated_H3_128C_pruned30/61-70968-0026_generated.wav,4.92,1.396689,1.39312,0.28388,0.283155,2.107738,0.945343,0.350905
H3_128C_pruned30_Physical_pruning,61-70968-0027.wav,generated_audios/generated_H3_128C_pruned30/61-70968-0027_generated.wav,6.870023,1.972121,1.968487,0.287062,0.286533,2.103264,0.932967,0.352053
H3_128C_pruned30_Physical_pruning,61-70968-0028.wav,generated_audios/generated_H3_128C_pruned30/61-70968-0028_generated.wav,5.355011,1.64109,1.637968,0.306459,0.305876,2.162384,0.935946,0.35171
H3_128C_pruned30_Physical_pruning,61-70968-0029.wav,generated_audios/generated_H3_128C_pruned30/61-70968-0029_generated.wav,3.495011,1.04003,1.036793,0.297576,0.296649,1.814188,0.925694,0.359331
H3_128C_pruned30_Physical_pruning,61-70968-0030.wav,generated_audios/generated_H3_128C_pruned30/61-70968-0030_generated.wav,5.685034,1.640216,1.636581,0.288515,0.287875,1.881832,0.923534,0.352714
H3_128C_pruned30_Physical_pruning,61-70968-0031.wav,generated_audios/generated_H3_128C_pruned30/61-70968-0031_generated.wav,2.925034,0.875845,0.872938,0.299431,0.298437,1.775726,0.889068,0.346726
H3_128C_pruned30_Physical_pruning,61-70968-0032.wav,generated_audios/generated_H3_128C_pruned30/61-70968-0032_generated.wav,4.28,0.13759,0.134545,0.032147,0.031436,1.969733,0.925388,0.35321
H3_128C_pruned30_Physical_pruning,61-70968-0033.wav,generated_audios/generated_H3_128C_pruned30/61-70968-0033_generated.wav,5.685034,0.145724,0.142374,0.025633,0.025044,2.030783,0.944343,0.350505
H3_128C_pruned30_Physical_pruning,61-70968-0034.wav,generated_audios/generated_H3_128C_pruned30/61-70968-0034_generated.wav,4.230023,1.269831,1.266348,0.300195,0.299372,2.034053,0.926702,0.378642
H3_128C_pruned30_Physical_pruning,61-70968-0035.wav,generated_audios/generated_H3_128C_pruned30/61-70968-0035_generated.wav,7.950023,2.295285,2.291879,0.288714,0.288286,1.842256,0.925248,0.359363
H3_128C_pruned30_Physical_pruning,61-70968-0036.wav,generated_audios/generated_H3_128C_pruned30/61-70968-0036_generated.wav,2.934966,0.107785,0.104431,0.036724,0.035582,1.942917,0.896457,0.353079
H3_128C_pruned30_Physical_pruning,61-70968-0037.wav,generated_audios/generated_H3_128C_pruned30/61-70968-0037_generated.wav,4.315011,0.136526,0.133472,0.03164,0.030932,1.535501,0.872823,0.377176
H3_128C_pruned30_Physical_pruning,61-70968-0038.wav,generated_audios/generated_H3_128C_pruned30/61-70968-0038_generated.wav,2.050023,0.581198,0.578229,0.283508,0.28206,2.087556,0.875976,0.361192
H3_128C_pruned30_Physical_pruning,61-70968-0039.wav,generated_audios/generated_H3_128C_pruned30/61-70968-0039_generated.wav,3.805034,1.090576,1.087158,0.286614,0.285716,1.864549,0.901454,0.369056
H3_128C_pruned30_Physical_pruning,61-70968-0040.wav,generated_audios/generated_H3_128C_pruned30/61-70968-0040_generated.wav,3.950023,1.193884,1.190772,0.302247,0.30146,1.834885,0.906939,0.356328
H3_128C_pruned30_Physical_pruning,61-70968-0041.wav,generated_audios/generated_H3_128C_pruned30/61-70968-0041_generated.wav,6.825034,0.207826,0.204262,0.030451,0.029928,1.805586,0.898527,0.364552
H3_128C_pruned30_Physical_pruning,61-70968-0042.wav,generated_audios/generated_H3_128C_pruned30/61-70968-0042_generated.wav,2.785034,0.09819,0.095235,0.035256,0.034195,2.079682,0.912288,0.359677
H3_128C_pruned30_Physical_pruning,61-70968-0043.wav,generated_audios/generated_H3_128C_pruned30/61-70968-0043_generated.wav,6.735011,2.063784,2.04182,0.306426,0.303165,1.904065,0.897729,0.352182
H3_128C_pruned30_Physical_pruning,61-70968-0044.wav,generated_audios/generated_H3_128C_pruned30/61-70968-0044_generated.wav,2.770023,0.100513,0.097355,0.036286,0.035146,1.853794,0.901225,0.356535
H3_128C_pruned30_Physical_pruning,61-70968-0045.wav,generated_audios/generated_H3_128C_pruned30/61-70968-0045_generated.wav,3.475011,0.117629,0.114523,0.03385,0.032956,1.935243,0.881714,0.349256
H3_128C_pruned30_Physical_pruning,61-70968-0046.wav,generated_audios/generated_H3_128C_pruned30/61-70968-0046_generated.wav,3.550023,0.119895,0.116641,0.033773,0.032856,1.950807,0.930933,0.360067
H3_128C_pruned30_Physical_pruning,61-70968-0047.wav,generated_audios/generated_H3_128C_pruned30/61-70968-0047_generated.wav,4.775011,1.371301,1.368123,0.287183,0.286517,1.729803,0.927969,0.356723
H3_128C_pruned30_Physical_pruning,61-70968-0048.wav,generated_audios/generated_H3_128C_pruned30/61-70968-0048_generated.wav,3.02,0.90367,0.900609,0.299228,0.298215,1.729071,0.885808,0.352468
H3_128C_pruned30_Physical_pruning,61-70968-0049.wav,generated_audios/generated_H3_128C_pruned30/61-70968-0049_generated.wav,8.250023,2.517024,2.513596,0.305093,0.304677,1.884413,0.900817,0.350376
H3_128C_pruned30_Physical_pruning,61-70968-0050.wav,generated_audios/generated_H3_128C_pruned30/61-70968-0050_generated.wav,5.58,1.605013,1.601477,0.287637,0.287003,2.034685,0.911028,0.353906
H3_128C_pruned30_Physical_pruning,61-70968-0051.wav,generated_audios/generated_H3_128C_pruned30/61-70968-0051_generated.wav,3.135011,0.898093,0.894947,0.286472,0.285469,2.023081,0.8981,0.347107
H3_128C_pruned30_Physical_pruning,61-70968-0052.wav,generated_audios/generated_H3_128C_pruned30/61-70968-0052_generated.wav,2.650023,0.723101,0.719902,0.272866,0.271659,1.76076,0.918896,0.37188
H3_128C_pruned30_Physical_pruning,61-70968-0053.wav,generated_audios/generated_H3_128C_pruned30/61-70968-0053_generated.wav,4.22,0.147164,0.144134,0.034873,0.034155,1.86197,0.908092,0.362436
H3_128C_pruned30_Physical_pruning,61-70968-0054.wav,generated_audios/generated_H3_128C_pruned30/61-70968-0054_generated.wav,7.86,2.37791,2.374382,0.302533,0.302084,1.939426,0.930038,0.354924
H3_128C_pruned30_Physical_pruning,61-70968-0055.wav,generated_audios/generated_H3_128C_pruned30/61-70968-0055_generated.wav,3.965034,0.129779,0.126335,0.032731,0.031862,2.20568,0.909029,0.349241
H3_128C_pruned30_Physical_pruning,61-70968-0056.wav,generated_audios/generated_H3_128C_pruned30/61-70968-0056_generated.wav,3.565034,1.073958,1.070898,0.301248,0.300389,1.937112,0.936097,0.35277
H3_128C_pruned30_Physical_pruning,61-70968-0057.wav,generated_audios/generated_H3_128C_pruned30/61-70968-0057_generated.wav,5.065034,0.153164,0.149665,0.030239,0.029549,1.723528,0.897106,0.360342
H3_128C_pruned30_Physical_pruning,61-70968-0058.wav,generated_audios/generated_H3_128C_pruned30/61-70968-0058_generated.wav,1.82,0.494032,0.490978,0.271446,0.269768,1.766902,0.889335,0.361171
H3_128C_pruned30_Physical_pruning,61-70968-0059.wav,generated_audios/generated_H3_128C_pruned30/61-70968-0059_generated.wav,2.170023,0.080027,0.077182,0.036878,0.035567,1.989818,0.931858,0.374734
H3_128C_pruned30_Physical_pruning,61-70968-0060.wav,generated_audios/generated_H3_128C_pruned30/61-70968-0060_generated.wav,3.735011,0.134947,0.131744,0.03613,0.035273,1.920173,0.918134,0.356953
H3_128C_pruned30_Physical_pruning,61-70968-0061.wav,generated_audios/generated_H3_128C_pruned30/61-70968-0061_generated.wav,5.530023,1.645246,1.642133,0.297512,0.296949,1.52894,0.892499,0.370867
H3_128C_pruned30_Physical_pruning,61-70968-0062.wav,generated_audios/generated_H3_128C_pruned30/61-70968-0062_generated.wav,2.555011,0.092913,0.089746,0.036365,0.035125,1.702935,0.878313,0.350183
H3_128C_pruned30_Physical_pruning,61-70970-0000.wav,generated_audios/generated_H3_128C_pruned30/61-70970-0000_generated.wav,6.075011,1.804454,1.800744,0.297029,0.296418,1.882116,0.935431,0.358604
H3_128C_pruned30_Physical_pruning,61-70970-0001.wav,generated_audios/generated_H3_128C_pruned30/61-70970-0001_generated.wav,6.155011,1.850034,1.846676,0.300574,0.300028,1.986033,0.949119,0.352609
H3_128C_pruned30_Physical_pruning,61-70970-0002.wav,generated_audios/generated_H3_128C_pruned30/61-70970-0002_generated.wav,4.165034,1.266192,1.262913,0.304005,0.303218,2.124587,0.901167,0.360084
H3_128C_pruned30_Physical_pruning,61-70970-0003.wav,generated_audios/generated_H3_128C_pruned30/61-70970-0003_generated.wav,3.835011,1.122199,1.118996,0.292619,0.291784,2.103055,0.918165,0.338494
H3_128C_pruned30_Physical_pruning,61-70970-0004.wav,generated_audios/generated_H3_128C_pruned30/61-70970-0004_generated.wav,10.515011,3.198072,3.194427,0.304143,0.303797,2.041813,0.913372,0.351228
H3_128C_pruned30_Physical_pruning,61-70970-0005.wav,generated_audios/generated_H3_128C_pruned30/61-70970-0005_generated.wav,2.02,0.587019,0.583791,0.290603,0.289005,1.902688,0.901937,0.365696
H3_128C_pruned30_Physical_pruning,61-70970-0006.wav,generated_audios/generated_H3_128C_pruned30/61-70970-0006_generated.wav,2.335011,0.710495,0.707591,0.304279,0.303035,1.915456,0.938439,0.356182
H3_128C_pruned30_Physical_pruning,61-70970-0007.wav,generated_audios/generated_H3_128C_pruned30/61-70970-0007_generated.wav,4.485034,1.407322,1.404224,0.313782,0.313091,1.929724,0.917813,0.369393
H3_128C_pruned30_Physical_pruning,61-70970-0008.wav,generated_audios/generated_H3_128C_pruned30/61-70970-0008_generated.wav,2.150023,0.672669,0.669532,0.312866,0.311407,2.139395,0.898501,0.34955
H3_128C_pruned30_Physical_pruning,61-70970-0009.wav,generated_audios/generated_H3_128C_pruned30/61-70970-0009_generated.wav,3.405034,1.101794,1.098753,0.323578,0.322685,1.90513,0.924194,0.344569
H3_128C_pruned30_Physical_pruning,61-70970-0010.wav,generated_audios/generated_H3_128C_pruned30/61-70970-0010_generated.wav,3.045034,0.111156,0.108383,0.036504,0.035593,2.154465,0.906092,0.348178
H3_128C_pruned30_Physical_pruning,61-70970-0011.wav,generated_audios/generated_H3_128C_pruned30/61-70970-0011_generated.wav,6.075011,0.175103,0.171721,0.028823,0.028267,1.810873,0.89773,0.356908
H3_128C_pruned30_Physical_pruning,61-70970-0012.wav,generated_audios/generated_H3_128C_pruned30/61-70970-0012_generated.wav,3.135011,0.109839,0.1069,0.035036,0.034099,1.787536,0.934829,0.354129
H3_128C_pruned30_Physical_pruning,61-70970-0013.wav,generated_audios/generated_H3_128C_pruned30/61-70970-0013_generated.wav,4.350023,1.350022,1.346684,0.310348,0.309581,1.913203,0.935727,0.3583
H3_128C_pruned30_Physical_pruning,61-70970-0014.wav,generated_audios/generated_H3_128C_pruned30/61-70970-0014_generated.wav,3.405034,0.092412,0.089318,0.02714,0.026231,1.713169,0.938637,0.357921
H3_128C_pruned30_Physical_pruning,61-70970-0015.wav,generated_audios/generated_H3_128C_pruned30/61-70970-0015_generated.wav,8.415011,2.628778,2.626118,0.312392,0.312075,1.707074,0.934102,0.360057
H3_128C_pruned30_Physical_pruning,61-70970-0016.wav,generated_audios/generated_H3_128C_pruned30/61-70970-0016_generated.wav,4.370023,1.35997,1.356799,0.311204,0.310479,2.024698,0.943398,0.36314
H3_128C_pruned30_Physical_pruning,61-70970-0017.wav,generated_audios/generated_H3_128C_pruned30/61-70970-0017_generated.wav,2.550023,0.096503,0.093497,0.037844,0.036665,1.64326,0.901727,0.370349
H3_128C_pruned30_Physical_pruning,61-70970-0018.wav,generated_audios/generated_H3_128C_pruned30/61-70970-0018_generated.wav,4.6,1.330897,1.327384,0.289325,0.288562,1.958532,0.915044,0.36446
H3_128C_pruned30_Physical_pruning,61-70970-0019.wav,generated_audios/generated_H3_128C_pruned30/61-70970-0019_generated.wav,3.78,1.144277,1.141002,0.302719,0.301852,2.096457,0.923139,0.36148
H3_128C_pruned30_Physical_pruning,61-70970-0020.wav,generated_audios/generated_H3_128C_pruned30/61-70970-0020_generated.wav,5.025034,0.164783,0.161167,0.032792,0.032073,1.919792,0.901355,0.360314
H3_128C_pruned30_Physical_pruning,61-70970-0021.wav,generated_audios/generated_H3_128C_pruned30/61-70970-0021_generated.wav,5.405034,1.544917,1.541623,0.285829,0.28522,1.818477,0.913707,0.363698
H3_128C_pruned30_Physical_pruning,61-70970-0022.wav,generated_audios/generated_H3_128C_pruned30/61-70970-0022_generated.wav,3.970023,0.127271,0.124048,0.032058,0.031246,1.898719,0.917155,0.363245
H3_128C_pruned30_Physical_pruning,61-70970-0023.wav,generated_audios/generated_H3_128C_pruned30/61-70970-0023_generated.wav,3.705034,0.119677,0.11653,0.032301,0.031452,2.041796,0.930098,0.369904
H3_128C_pruned30_Physical_pruning,61-70970-0024.wav,generated_audios/generated_H3_128C_pruned30/61-70970-0024_generated.wav,7.235011,2.192111,2.188773,0.302987,0.302525,2.084564,0.943256,0.358435
H3_128C_pruned30_Physical_pruning,61-70970-0025.wav,generated_audios/generated_H3_128C_pruned30/61-70970-0025_generated.wav,7.435011,2.258999,2.25541,0.303833,0.30335,2.184166,0.94908,0.350813
H3_128C_pruned30_Physical_pruning,61-70970-0026.wav,generated_audios/generated_H3_128C_pruned30/61-70970-0026_generated.wav,5.475011,0.187631,0.184304,0.03427,0.033663,2.012527,0.932838,0.352278
H3_128C_pruned30_Physical_pruning,61-70970-0027.wav,generated_audios/generated_H3_128C_pruned30/61-70970-0027_generated.wav,5.08,0.156351,0.153026,0.030778,0.030123,2.147599,0.935812,0.356414
H3_128C_pruned30_Physical_pruning,61-70970-0028.wav,generated_audios/generated_H3_128C_pruned30/61-70970-0028_generated.wav,6.550023,0.21017,0.206471,0.032087,0.031522,2.148807,0.945386,0.343284
H3_128C_pruned30_Physical_pruning,61-70970-0029.wav,generated_audios/generated_H3_128C_pruned30/61-70970-0029_generated.wav,4.030023,0.130187,0.12696,0.032304,0.031504,2.197922,0.920912,0.360369
H3_128C_pruned30_Physical_pruning,61-70970-0030.wav,generated_audios/generated_H3_128C_pruned30/61-70970-0030_generated.wav,3.24,0.111288,0.107842,0.034348,0.033284,1.587902,0.894412,0.374258
H3_128C_pruned30_Physical_pruning,61-70970-0031.wav,generated_audios/generated_H3_128C_pruned30/61-70970-0031_generated.wav,5.135011,1.548343,1.545192,0.301527,0.300913,1.722137,0.924241,0.360038
H3_128C_pruned30_Physical_pruning,61-70970-0032.wav,generated_audios/generated_H3_128C_pruned30/61-70970-0032_generated.wav,3.135011,0.104794,0.101574,0.033427,0.0324,1.844546,0.930643,0.3583
H3_128C_pruned30_Physical_pruning,61-70970-0033.wav,generated_audios/generated_H3_128C_pruned30/61-70970-0033_generated.wav,3.42,0.973508,0.970406,0.284651,0.283744,1.700371,0.918293,0.362357
H3_128C_pruned30_Physical_pruning,61-70970-0034.wav,generated_audios/generated_H3_128C_pruned30/61-70970-0034_generated.wav,4.485034,0.138895,0.13553,0.030969,0.030218,1.668056,0.898734,0.372402
H3_128C_pruned30_Physical_pruning,61-70970-0035.wav,generated_audios/generated_H3_128C_pruned30/61-70970-0035_generated.wav,7.405034,0.224736,0.22121,0.030349,0.029873,1.979015,0.928173,0.355331
H3_128C_pruned30_Physical_pruning,61-70970-0036.wav,generated_audios/generated_H3_128C_pruned30/61-70970-0036_generated.wav,6.785034,0.202386,0.198512,0.029828,0.029257,1.923241,0.926901,0.352474
H3_128C_pruned30_Physical_pruning,61-70970-0037.wav,generated_audios/generated_H3_128C_pruned30/61-70970-0037_generated.wav,5.98,1.793529,1.789874,0.299921,0.29931,1.84467,0.925494,0.362586
H3_128C_pruned30_Physical_pruning,61-70970-0038.wav,generated_audios/generated_H3_128C_pruned30/61-70970-0038_generated.wav,10.4,3.162795,3.159133,0.304115,0.303763,2.00202,0.924059,0.356955
H3_128C_pruned30_Physical_pruning,61-70970-0039.wav,generated_audios/generated_H3_128C_pruned30/61-70970-0039_generated.wav,6.665034,0.202622,0.199358,0.030401,0.029911,1.711429,0.899529,0.371148
H3_128C_pruned30_Physical_pruning,61-70970-0040.wav,generated_audios/generated_H3_128C_pruned30/61-70970-0040_generated.wav,4.165034,0.131387,0.127983,0.031545,0.030728,1.91687,0.932377,0.355566
H3_128C_pruned30_Physical_pruning,672-122797-0000.wav,generated_audios/generated_H3_128C_pruned30/672-122797-0000_generated.wav,4.070023,1.244846,1.241835,0.305857,0.305118,2.28235,0.935237,0.360885
H3_128C_pruned30_Physical_pruning,672-122797-0001.wav,generated_audios/generated_H3_128C_pruned30/672-122797-0001_generated.wav,15.130023,4.792665,4.788525,0.316765,0.316492,2.332744,0.930781,0.364997
H3_128C_pruned30_Physical_pruning,672-122797-0002.wav,generated_audios/generated_H3_128C_pruned30/672-122797-0002_generated.wav,13.62,3.939016,3.934294,0.289208,0.288862,2.159268,0.930616,0.35852
H3_128C_pruned30_Physical_pruning,672-122797-0003.wav,generated_audios/generated_H3_128C_pruned30/672-122797-0003_generated.wav,4.76,1.432897,1.429427,0.301029,0.3003,1.875474,0.896281,0.361676
H3_128C_pruned30_Physical_pruning,672-122797-0004.wav,generated_audios/generated_H3_128C_pruned30/672-122797-0004_generated.wav,10.250023,3.048022,3.043609,0.297367,0.296937,2.020923,0.895575,0.371472
H3_128C_pruned30_Physical_pruning,672-122797-0005.wav,generated_audios/generated_H3_128C_pruned30/672-122797-0005_generated.wav,3.26,0.968575,0.965116,0.297109,0.296048,1.874034,0.841575,0.364274
H3_128C_pruned30_Physical_pruning,672-122797-0006.wav,generated_audios/generated_H3_128C_pruned30/672-122797-0006_generated.wav,13.950023,4.453702,4.449226,0.319261,0.31894,1.590702,0.815943,0.405241
H3_128C_pruned30_Physical_pruning,672-122797-0007.wav,generated_audios/generated_H3_128C_pruned30/672-122797-0007_generated.wav,6.42,1.939973,1.936391,0.302176,0.301619,1.926727,0.85773,0.36951
H3_128C_pruned30_Physical_pruning,672-122797-0008.wav,generated_audios/generated_H3_128C_pruned30/672-122797-0008_generated.wav,30.810023,9.597517,9.591182,0.311506,0.311301,2.086988,0.864939,0.36715
H3_128C_pruned30_Physical_pruning,672-122797-0009.wav,generated_audios/generated_H3_128C_pruned30/672-122797-0009_generated.wav,2.765034,0.096999,0.09361,0.035081,0.033855,1.627366,0.820463,0.434072
H3_128C_pruned30_Physical_pruning,672-122797-0010.wav,generated_audios/generated_H3_128C_pruned30/672-122797-0010_generated.wav,3.815011,0.121539,0.118248,0.031858,0.030996,1.811808,0.881721,0.386443
H3_128C_pruned30_Physical_pruning,672-122797-0011.wav,generated_audios/generated_H3_128C_pruned30/672-122797-0011_generated.wav,2.54,0.796969,0.793752,0.313767,0.312501,1.628581,0.844176,0.442284
H3_128C_pruned30_Physical_pruning,672-122797-0012.wav,generated_audios/generated_H3_128C_pruned30/672-122797-0012_generated.wav,7.765034,2.440861,2.437329,0.31434,0.313885,1.764778,0.858649,0.381154
H3_128C_pruned30_Physical_pruning,672-122797-0013.wav,generated_audios/generated_H3_128C_pruned30/672-122797-0013_generated.wav,8.705034,2.730132,2.726162,0.313627,0.313171,2.086818,0.842919,0.383793
H3_128C_pruned30_Physical_pruning,672-122797-0014.wav,generated_audios/generated_H3_128C_pruned30/672-122797-0014_generated.wav,2.555011,0.092322,0.089338,0.036134,0.034966,1.829922,0.866976,0.402413
H3_128C_pruned30_Physical_pruning,672-122797-0015.wav,generated_audios/generated_H3_128C_pruned30/672-122797-0015_generated.wav,4.455011,0.135367,0.131974,0.030385,0.029624,1.951991,0.851983,0.425381
H3_128C_pruned30_Physical_pruning,672-122797-0016.wav,generated_audios/generated_H3_128C_pruned30/672-122797-0016_generated.wav,9.215011,2.793129,2.789377,0.303106,0.302699,1.691548,0.85049,0.40002
H3_128C_pruned30_Physical_pruning,672-122797-0017.wav,generated_audios/generated_H3_128C_pruned30/672-122797-0017_generated.wav,4.82,1.452425,1.44862,0.301333,0.300544,1.677437,0.860449,0.419374
H3_128C_pruned30_Physical_pruning,672-122797-0018.wav,generated_audios/generated_H3_128C_pruned30/672-122797-0018_generated.wav,4.930023,1.525121,1.522012,0.309354,0.308723,1.792496,0.893527,0.377373
H3_128C_pruned30_Physical_pruning,672-122797-0019.wav,generated_audios/generated_H3_128C_pruned30/672-122797-0019_generated.wav,4.110023,1.207585,1.204107,0.293815,0.292968,1.919912,0.866309,0.397375
H3_128C_pruned30_Physical_pruning,672-122797-0020.wav,generated_audios/generated_H3_128C_pruned30/672-122797-0020_generated.wav,8.825034,2.740016,2.7365,0.310482,0.310084,1.897145,0.856733,0.366472
H3_128C_pruned30_Physical_pruning,672-122797-0021.wav,generated_audios/generated_H3_128C_pruned30/672-122797-0021_generated.wav,4.150023,0.133158,0.129814,0.032086,0.03128,1.809998,0.923115,0.365109
H3_128C_pruned30_Physical_pruning,672-122797-0022.wav,generated_audios/generated_H3_128C_pruned30/672-122797-0022_generated.wav,19.004943,5.894533,5.889703,0.310158,0.309904,2.126722,0.862034,0.362815
H3_128C_pruned30_Physical_pruning,672-122797-0023.wav,generated_audios/generated_H3_128C_pruned30/672-122797-0023_generated.wav,9.695102,2.92222,2.918399,0.301412,0.301018,2.090916,0.883642,0.359978
H3_128C_pruned30_Physical_pruning,672-122797-0024.wav,generated_audios/generated_H3_128C_pruned30/672-122797-0024_generated.wav,4.130023,1.21769,1.214052,0.294839,0.293958,1.777376,0.831403,0.36281
H3_128C_pruned30_Physical_pruning,672-122797-0025.wav,generated_audios/generated_H3_128C_pruned30/672-122797-0025_generated.wav,10.690023,3.28371,3.279492,0.307175,0.306781,2.149673,0.910949,0.364655
H3_128C_pruned30_Physical_pruning,672-122797-0026.wav,generated_audios/generated_H3_128C_pruned30/672-122797-0026_generated.wav,13.96,4.332344,4.327857,0.31034,0.310018,1.900364,0.879585,0.362543
H3_128C_pruned30_Physical_pruning,672-122797-0027.wav,generated_audios/generated_H3_128C_pruned30/672-122797-0027_generated.wav,4.790023,0.14868,0.145315,0.03104,0.030337,1.911931,0.845344,0.355578
H3_128C_pruned30_Physical_pruning,672-122797-0028.wav,generated_audios/generated_H3_128C_pruned30/672-122797-0028_generated.wav,2.610023,0.096099,0.092995,0.036819,0.03563,2.115521,0.90576,0.370399
H3_128C_pruned30_Physical_pruning,672-122797-0029.wav,generated_audios/generated_H3_128C_pruned30/672-122797-0029_generated.wav,3.050023,0.102455,0.099288,0.033592,0.032553,2.66476,0.931016,0.375224
H3_128C_pruned30_Physical_pruning,672-122797-0030.wav,generated_audios/generated_H3_128C_pruned30/672-122797-0030_generated.wav,4.575011,1.359029,1.355404,0.297055,0.296262,1.935787,0.891099,0.390059
H3_128C_pruned30_Physical_pruning,672-122797-0031.wav,generated_audios/generated_H3_128C_pruned30/672-122797-0031_generated.wav,3.98,0.130359,0.127152,0.032754,0.031948,1.810209,0.864668,0.381574
H3_128C_pruned30_Physical_pruning,672-122797-0032.wav,generated_audios/generated_H3_128C_pruned30/672-122797-0032_generated.wav,4.0,0.125534,0.122208,0.031384,0.030552,1.694656,0.855915,0.372421
H3_128C_pruned30_Physical_pruning,672-122797-0033.wav,generated_audios/generated_H3_128C_pruned30/672-122797-0033_generated.wav,1.285034,0.348607,0.345503,0.271282,0.268867,1.553545,0.801449,0.420198
H3_128C_pruned30_Physical_pruning,672-122797-0034.wav,generated_audios/generated_H3_128C_pruned30/672-122797-0034_generated.wav,5.110023,0.1533,0.150047,0.03,0.029363,1.627023,0.909697,0.384213
H3_128C_pruned30_Physical_pruning,672-122797-0035.wav,generated_audios/generated_H3_128C_pruned30/672-122797-0035_generated.wav,2.9,0.09532,0.092205,0.032869,0.031795,2.152611,0.910767,0.394782
H3_128C_pruned30_Physical_pruning,672-122797-0036.wav,generated_audios/generated_H3_128C_pruned30/672-122797-0036_generated.wav,5.365034,0.165883,0.16227,0.030919,0.030246,1.52238,0.806356,0.418436
H3_128C_pruned30_Physical_pruning,672-122797-0037.wav,generated_audios/generated_H3_128C_pruned30/672-122797-0037_generated.wav,1.96,0.55344,0.550262,0.282367,0.280746,1.457063,0.80122,0.465338
H3_128C_pruned30_Physical_pruning,672-122797-0038.wav,generated_audios/generated_H3_128C_pruned30/672-122797-0038_generated.wav,8.8,2.718231,2.714215,0.30889,0.308434,1.917655,0.875291,0.374025
H3_128C_pruned30_Physical_pruning,672-122797-0039.wav,generated_audios/generated_H3_128C_pruned30/672-122797-0039_generated.wav,4.025034,1.220115,1.216534,0.303132,0.302242,2.094743,0.887076,0.38019
H3_128C_pruned30_Physical_pruning,672-122797-0040.wav,generated_audios/generated_H3_128C_pruned30/672-122797-0040_generated.wav,5.125034,0.161665,0.158295,0.031544,0.030887,1.890211,0.886163,0.36993
H3_128C_pruned30_Physical_pruning,672-122797-0041.wav,generated_audios/generated_H3_128C_pruned30/672-122797-0041_generated.wav,3.88,0.126275,0.123102,0.032545,0.031727,2.163446,0.894119,0.370707
H3_128C_pruned30_Physical_pruning,672-122797-0042.wav,generated_audios/generated_H3_128C_pruned30/672-122797-0042_generated.wav,15.310023,4.735998,4.731478,0.30934,0.309044,2.1248,0.767286,0.364003
H3_128C_pruned30_Physical_pruning,672-122797-0043.wav,generated_audios/generated_H3_128C_pruned30/672-122797-0043_generated.wav,3.78,0.121997,0.118855,0.032274,0.031443,1.543024,0.803654,0.409438
H3_128C_pruned30_Physical_pruning,672-122797-0044.wav,generated_audios/generated_H3_128C_pruned30/672-122797-0044_generated.wav,3.74,0.12228,0.118946,0.032695,0.031804,1.874863,0.859067,0.374491
H3_128C_pruned30_Physical_pruning,672-122797-0045.wav,generated_audios/generated_H3_128C_pruned30/672-122797-0045_generated.wav,13.96,0.42211,0.41781,0.030237,0.029929,2.036402,0.9195,0.362461
H3_128C_pruned30_Physical_pruning,672-122797-0046.wav,generated_audios/generated_H3_128C_pruned30/672-122797-0046_generated.wav,4.715011,1.416457,1.412923,0.300414,0.299665,1.854721,0.870463,0.397464
H3_128C_pruned30_Physical_pruning,672-122797-0047.wav,generated_audios/generated_H3_128C_pruned30/672-122797-0047_generated.wav,3.325034,0.994981,0.991753,0.299239,0.298269,2.095892,0.85056,0.415956
H3_128C_pruned30_Physical_pruning,672-122797-0048.wav,generated_audios/generated_H3_128C_pruned30/672-122797-0048_generated.wav,6.555011,0.211835,0.208659,0.032317,0.031832,1.485727,0.8,0.373795
H3_128C_pruned30_Physical_pruning,672-122797-0049.wav,generated_audios/generated_H3_128C_pruned30/672-122797-0049_generated.wav,2.02,0.07901,0.075688,0.039114,0.037469,1.538783,0.817029,0.392255
H3_128C_pruned30_Physical_pruning,672-122797-0050.wav,generated_audios/generated_H3_128C_pruned30/672-122797-0050_generated.wav,4.855011,1.469307,1.466019,0.302637,0.30196,1.976091,0.8863,0.36194
H3_128C_pruned30_Physical_pruning,672-122797-0051.wav,generated_audios/generated_H3_128C_pruned30/672-122797-0051_generated.wav,4.665034,1.439705,1.436062,0.308616,0.307835,2.043317,0.856702,0.390823
H3_128C_pruned30_Physical_pruning,672-122797-0052.wav,generated_audios/generated_H3_128C_pruned30/672-122797-0052_generated.wav,4.285034,1.255784,1.252376,0.293063,0.292267,1.910456,0.872022,0.391116
H3_128C_pruned30_Physical_pruning,672-122797-0053.wav,generated_audios/generated_H3_128C_pruned30/672-122797-0053_generated.wav,2.955011,0.101876,0.098883,0.034476,0.033463,1.768079,0.863237,0.372355
H3_128C_pruned30_Physical_pruning,672-122797-0054.wav,generated_audios/generated_H3_128C_pruned30/672-122797-0054_generated.wav,4.250023,0.146609,0.143299,0.034496,0.033717,2.219033,0.833936,0.372121
H3_128C_pruned30_Physical_pruning,672-122797-0055.wav,generated_audios/generated_H3_128C_pruned30/672-122797-0055_generated.wav,8.230023,2.385637,2.381772,0.28987,0.2894,1.912389,0.860707,0.366676
H3_128C_pruned30_Physical_pruning,672-122797-0056.wav,generated_audios/generated_H3_128C_pruned30/672-122797-0056_generated.wav,5.225034,0.165939,0.162101,0.031758,0.031024,1.960256,0.902083,0.361725
H3_128C_pruned30_Physical_pruning,672-122797-0057.wav,generated_audios/generated_H3_128C_pruned30/672-122797-0057_generated.wav,6.56,0.206961,0.203458,0.031549,0.031015,2.126366,0.819892,0.384814
H3_128C_pruned30_Physical_pruning,672-122797-0058.wav,generated_audios/generated_H3_128C_pruned30/672-122797-0058_generated.wav,4.470023,1.363478,1.360202,0.305027,0.304294,1.300981,0.808753,0.405556
H3_128C_pruned30_Physical_pruning,672-122797-0059.wav,generated_audios/generated_H3_128C_pruned30/672-122797-0059_generated.wav,3.52,1.04451,1.040953,0.296736,0.295725,1.998188,0.879169,0.36976
H3_128C_pruned30_Physical_pruning,672-122797-0060.wav,generated_audios/generated_H3_128C_pruned30/672-122797-0060_generated.wav,3.350023,0.116382,0.112979,0.034741,0.033725,2.153398,0.934094,0.369411
H3_128C_pruned30_Physical_pruning,672-122797-0061.wav,generated_audios/generated_H3_128C_pruned30/672-122797-0061_generated.wav,7.590023,2.405303,2.401603,0.316903,0.316416,1.745407,0.870446,0.416914
H3_128C_pruned30_Physical_pruning,672-122797-0062.wav,generated_audios/generated_H3_128C_pruned30/672-122797-0062_generated.wav,2.675011,0.833608,0.830178,0.311628,0.310346,1.928132,0.772664,0.376883
H3_128C_pruned30_Physical_pruning,672-122797-0063.wav,generated_audios/generated_H3_128C_pruned30/672-122797-0063_generated.wav,5.075011,0.157711,0.154659,0.031076,0.030475,2.014532,0.896608,0.375356
H3_128C_pruned30_Physical_pruning,672-122797-0064.wav,generated_audios/generated_H3_128C_pruned30/672-122797-0064_generated.wav,15.270023,4.755437,4.750497,0.311423,0.3111,2.050154,0.855884,0.374464
H3_128C_pruned30_Physical_pruning,672-122797-0065.wav,generated_audios/generated_H3_128C_pruned30/672-122797-0065_generated.wav,3.030023,0.105105,0.101986,0.034688,0.033659,1.735657,0.850058,0.381394
H3_128C_pruned30_Physical_pruning,672-122797-0066.wav,generated_audios/generated_H3_128C_pruned30/672-122797-0066_generated.wav,4.815011,0.154581,0.151331,0.032104,0.031429,2.156578,0.934897,0.368883
H3_128C_pruned30_Physical_pruning,672-122797-0067.wav,generated_audios/generated_H3_128C_pruned30/672-122797-0067_generated.wav,13.035011,3.893308,3.889235,0.298681,0.298368,2.145239,0.917856,0.36441
H3_128C_pruned30_Physical_pruning,672-122797-0068.wav,generated_audios/generated_H3_128C_pruned30/672-122797-0068_generated.wav,4.02,0.132317,0.128963,0.032915,0.03208,1.992167,0.86316,0.366064
H3_128C_pruned30_Physical_pruning,672-122797-0069.wav,generated_audios/generated_H3_128C_pruned30/672-122797-0069_generated.wav,5.010023,1.553401,1.549647,0.310059,0.309309,1.963808,0.840873,0.365533
H3_128C_pruned30_Physical_pruning,672-122797-0070.wav,generated_audios/generated_H3_128C_pruned30/672-122797-0070_generated.wav,6.270023,1.81138,1.807466,0.288895,0.288271,1.876611,0.928078,0.365092
H3_128C_pruned30_Physical_pruning,672-122797-0071.wav,generated_audios/generated_H3_128C_pruned30/672-122797-0071_generated.wav,8.875011,2.739699,2.735642,0.308698,0.308241,2.235323,0.935222,0.361111
H3_128C_pruned30_Physical_pruning,672-122797-0072.wav,generated_audios/generated_H3_128C_pruned30/672-122797-0072_generated.wav,7.94,2.523722,2.520082,0.317849,0.317391,1.980471,0.87155,0.370645
H3_128C_pruned30_Physical_pruning,672-122797-0073.wav,generated_audios/generated_H3_128C_pruned30/672-122797-0073_generated.wav,8.205034,2.560037,2.556533,0.312008,0.311581,2.047224,0.911933,0.370184
H3_128C_pruned30_Physical_pruning,672-122797-0074.wav,generated_audios/generated_H3_128C_pruned30/672-122797-0074_generated.wav,8.730023,2.74771,2.744262,0.314743,0.314348,2.147269,0.763688,0.364905
H3_128C_pruned30_Physical_pruning,908-157963-0000.wav,generated_audios/generated_H3_128C_pruned30/908-157963-0000_generated.wav,12.62,3.710744,3.706224,0.294037,0.293679,2.026544,0.90337,0.374556
H3_128C_pruned30_Physical_pruning,908-157963-0001.wav,generated_audios/generated_H3_128C_pruned30/908-157963-0001_generated.wav,2.885034,0.871149,0.867697,0.301954,0.300758,2.121233,0.930593,0.381816
H3_128C_pruned30_Physical_pruning,908-157963-0002.wav,generated_audios/generated_H3_128C_pruned30/908-157963-0002_generated.wav,2.755011,0.832741,0.829273,0.302264,0.301005,2.077638,0.930377,0.376651
H3_128C_pruned30_Physical_pruning,908-157963-0003.wav,generated_audios/generated_H3_128C_pruned30/908-157963-0003_generated.wav,3.08,0.929876,0.926756,0.301908,0.300895,2.186409,0.933353,0.377156
H3_128C_pruned30_Physical_pruning,908-157963-0004.wav,generated_audios/generated_H3_128C_pruned30/908-157963-0004_generated.wav,13.990023,4.28405,4.279811,0.306222,0.305919,2.038246,0.902095,0.376536
H3_128C_pruned30_Physical_pruning,908-157963-0005.wav,generated_audios/generated_H3_128C_pruned30/908-157963-0005_generated.wav,7.035011,2.111511,2.107789,0.300143,0.299614,1.998503,0.895808,0.377705
H3_128C_pruned30_Physical_pruning,908-157963-0006.wav,generated_audios/generated_H3_128C_pruned30/908-157963-0006_generated.wav,8.110023,2.477817,2.473923,0.305525,0.305045,1.854488,0.905784,0.377165
H3_128C_pruned30_Physical_pruning,908-157963-0007.wav,generated_audios/generated_H3_128C_pruned30/908-157963-0007_generated.wav,32.770023,10.296981,10.290866,0.31422,0.314033,1.965524,0.907671,0.375089
H3_128C_pruned30_Physical_pruning,908-157963-0008.wav,generated_audios/generated_H3_128C_pruned30/908-157963-0008_generated.wav,19.950023,6.201882,6.196277,0.310871,0.31059,2.061514,0.913534,0.373192
H3_128C_pruned30_Physical_pruning,908-157963-0009.wav,generated_audios/generated_H3_128C_pruned30/908-157963-0009_generated.wav,4.06,1.24206,1.238744,0.305926,0.305109,2.008217,0.913612,0.373492
H3_128C_pruned30_Physical_pruning,908-157963-0010.wav,generated_audios/generated_H3_128C_pruned30/908-157963-0010_generated.wav,6.28,0.187881,0.184149,0.029917,0.029323,2.02034,0.860625,0.378203
H3_128C_pruned30_Physical_pruning,908-157963-0011.wav,generated_audios/generated_H3_128C_pruned30/908-157963-0011_generated.wav,10.395011,0.321127,0.316911,0.030892,0.030487,1.895769,0.898147,0.373326
H3_128C_pruned30_Physical_pruning,908-157963-0012.wav,generated_audios/generated_H3_128C_pruned30/908-157963-0012_generated.wav,10.090023,3.046642,3.042852,0.301946,0.30157,1.779687,0.874858,0.369026
H3_128C_pruned30_Physical_pruning,908-157963-0013.wav,generated_audios/generated_H3_128C_pruned30/908-157963-0013_generated.wav,4.315011,0.139515,0.135466,0.032333,0.031394,1.778233,0.918936,0.389492
H3_128C_pruned30_Physical_pruning,908-157963-0014.wav,generated_audios/generated_H3_128C_pruned30/908-157963-0014_generated.wav,4.52,0.142218,0.138551,0.031464,0.030653,2.218598,0.905462,0.384141
H3_128C_pruned30_Physical_pruning,908-157963-0015.wav,generated_audios/generated_H3_128C_pruned30/908-157963-0015_generated.wav,14.465034,4.165995,4.161519,0.288005,0.287695,2.070634,0.919296,0.376031
H3_128C_pruned30_Physical_pruning,908-157963-0016.wav,generated_audios/generated_H3_128C_pruned30/908-157963-0016_generated.wav,5.105034,0.155288,0.151678,0.030419,0.029711,2.183345,0.931672,0.367222
H3_128C_pruned30_Physical_pruning,908-157963-0017.wav,generated_audios/generated_H3_128C_pruned30/908-157963-0017_generated.wav,4.950023,1.423062,1.419749,0.287486,0.286817,2.131186,0.920357,0.379804
H3_128C_pruned30_Physical_pruning,908-157963-0018.wav,generated_audios/generated_H3_128C_pruned30/908-157963-0018_generated.wav,4.255011,0.148197,0.144696,0.034829,0.034006,2.096761,0.910643,0.373944
H3_128C_pruned30_Physical_pruning,908-157963-0019.wav,generated_audios/generated_H3_128C_pruned30/908-157963-0019_generated.wav,21.44,6.700869,6.695993,0.312541,0.312313,1.878603,0.91232,0.380925
H3_128C_pruned30_Physical_pruning,908-157963-0020.wav,generated_audios/generated_H3_128C_pruned30/908-157963-0020_generated.wav,9.8,3.043614,3.039783,0.310573,0.310182,2.037891,0.913049,0.376906
H3_128C_pruned30_Physical_pruning,908-157963-0021.wav,generated_audios/generated_H3_128C_pruned30/908-157963-0021_generated.wav,10.24,0.318997,0.314888,0.031152,0.030751,1.95395,0.916724,0.370083
H3_128C_pruned30_Physical_pruning,908-157963-0022.wav,generated_audios/generated_H3_128C_pruned30/908-157963-0022_generated.wav,4.610023,1.428366,1.424911,0.309839,0.30909,1.979679,0.915805,0.372338
H3_128C_pruned30_Physical_pruning,908-157963-0023.wav,generated_audios/generated_H3_128C_pruned30/908-157963-0023_generated.wav,9.625034,3.022829,3.018775,0.314059,0.313638,1.953059,0.888064,0.372194
H3_128C_pruned30_Physical_pruning,908-157963-0024.wav,generated_audios/generated_H3_128C_pruned30/908-157963-0024_generated.wav,3.44,1.068799,1.065603,0.310697,0.309768,1.720133,0.89526,0.375619
H3_128C_pruned30_Physical_pruning,908-157963-0025.wav,generated_audios/generated_H3_128C_pruned30/908-157963-0025_generated.wav,9.265034,2.71368,2.70943,0.292895,0.292436,1.993622,0.902855,0.37178
H3_128C_pruned30_Physical_pruning,908-157963-0026.wav,generated_audios/generated_H3_128C_pruned30/908-157963-0026_generated.wav,8.1,2.458493,2.454522,0.303518,0.303027,1.938102,0.901886,0.36927
H3_128C_pruned30_Physical_pruning,908-157963-0027.wav,generated_audios/generated_H3_128C_pruned30/908-157963-0027_generated.wav,5.225034,0.169219,0.165534,0.032386,0.031681,1.851961,0.857164,0.378737
H3_128C_pruned30_Physical_pruning,908-157963-0028.wav,generated_audios/generated_H3_128C_pruned30/908-157963-0028_generated.wav,4.955011,0.165338,0.161733,0.033368,0.03264,2.022523,0.929618,0.372626
H3_128C_pruned30_Physical_pruning,908-157963-0029.wav,generated_audios/generated_H3_128C_pruned30/908-157963-0029_generated.wav,3.630023,1.037722,1.034455,0.285872,0.284972,2.035978,0.937614,0.377018
H3_128C_pruned30_Physical_pruning,908-157963-0030.wav,generated_audios/generated_H3_128C_pruned30/908-157963-0030_generated.wav,4.52,0.138152,0.13494,0.030565,0.029854,2.027647,0.933975,0.382419
H3_128C_pruned30_Physical_pruning,908-31957-0000.wav,generated_audios/generated_H3_128C_pruned30/908-31957-0000_generated.wav,2.125034,0.622608,0.619041,0.292987,0.291309,2.074766,0.902383,0.384909
H3_128C_pruned30_Physical_pruning,908-31957-0001.wav,generated_audios/generated_H3_128C_pruned30/908-31957-0001_generated.wav,11.315011,3.511223,3.507055,0.310315,0.309947,1.945122,0.915952,0.384704
H3_128C_pruned30_Physical_pruning,908-31957-0002.wav,generated_audios/generated_H3_128C_pruned30/908-31957-0002_generated.wav,4.790023,0.147715,0.144001,0.030838,0.030063,1.664409,0.905511,0.379578
H3_128C_pruned30_Physical_pruning,908-31957-0003.wav,generated_audios/generated_H3_128C_pruned30/908-31957-0003_generated.wav,6.565034,0.19542,0.19189,0.029767,0.029229,1.936771,0.921512,0.387023
H3_128C_pruned30_Physical_pruning,908-31957-0004.wav,generated_audios/generated_H3_128C_pruned30/908-31957-0004_generated.wav,14.755011,4.603655,4.598864,0.312006,0.311681,1.983055,0.921406,0.390878
H3_128C_pruned30_Physical_pruning,908-31957-0005.wav,generated_audios/generated_H3_128C_pruned30/908-31957-0005_generated.wav,4.490023,0.137162,0.133959,0.030548,0.029835,1.973671,0.925497,0.374826
H3_128C_pruned30_Physical_pruning,908-31957-0006.wav,generated_audios/generated_H3_128C_pruned30/908-31957-0006_generated.wav,5.890023,1.688209,1.685061,0.286622,0.286087,1.938814,0.919918,0.386118
H3_128C_pruned30_Physical_pruning,908-31957-0007.wav,generated_audios/generated_H3_128C_pruned30/908-31957-0007_generated.wav,5.8,0.172538,0.169014,0.029748,0.02914,2.21503,0.929841,0.382801
H3_128C_pruned30_Physical_pruning,908-31957-0008.wav,generated_audios/generated_H3_128C_pruned30/908-31957-0008_generated.wav,10.005034,2.856469,2.852249,0.285503,0.285081,1.771649,0.913221,0.387313
H3_128C_pruned30_Physical_pruning,908-31957-0009.wav,generated_audios/generated_H3_128C_pruned30/908-31957-0009_generated.wav,7.705034,2.211559,2.207827,0.287028,0.286543,2.00354,0.91715,0.385452
H3_128C_pruned30_Physical_pruning,908-31957-0010.wav,generated_audios/generated_H3_128C_pruned30/908-31957-0010_generated.wav,2.510023,0.716651,0.713156,0.285516,0.284123,1.86477,0.850256,0.377052
H3_128C_pruned30_Physical_pruning,908-31957-0011.wav,generated_audios/generated_H3_128C_pruned30/908-31957-0011_generated.wav,2.335011,0.084299,0.081429,0.036102,0.034873,1.800709,0.901144,0.383597
H3_128C_pruned30_Physical_pruning,908-31957-0012.wav,generated_audios/generated_H3_128C_pruned30/908-31957-0012_generated.wav,7.615011,2.295441,2.291764,0.301436,0.300953,2.223238,0.921192,0.38483
H3_128C_pruned30_Physical_pruning,908-31957-0013.wav,generated_audios/generated_H3_128C_pruned30/908-31957-0013_generated.wav,6.18,1.876186,1.87266,0.30359,0.303019,2.099416,0.902394,0.381804
H3_128C_pruned30_Physical_pruning,908-31957-0014.wav,generated_audios/generated_H3_128C_pruned30/908-31957-0014_generated.wav,7.56,2.164924,2.161363,0.286366,0.285895,1.88374,0.910929,0.375758
H3_128C_pruned30_Physical_pruning,908-31957-0015.wav,generated_audios/generated_H3_128C_pruned30/908-31957-0015_generated.wav,21.465034,6.338316,6.333154,0.295286,0.295045,1.939442,0.914072,0.381874
H3_128C_pruned30_Physical_pruning,908-31957-0016.wav,generated_audios/generated_H3_128C_pruned30/908-31957-0016_generated.wav,6.48,1.871463,1.867746,0.288806,0.288232,1.850584,0.91184,0.376099
H3_128C_pruned30_Physical_pruning,908-31957-0017.wav,generated_audios/generated_H3_128C_pruned30/908-31957-0017_generated.wav,7.795011,2.371243,2.367313,0.3042,0.303696,1.844626,0.921744,0.378394
H3_128C_pruned30_Physical_pruning,908-31957-0018.wav,generated_audios/generated_H3_128C_pruned30/908-31957-0018_generated.wav,3.915011,1.207717,1.204241,0.308484,0.307596,1.896482,0.909369,0.37307
H3_128C_pruned30_Physical_pruning,908-31957-0019.wav,generated_audios/generated_H3_128C_pruned30/908-31957-0019_generated.wav,9.54,2.99257,2.988546,0.313687,0.313265,2.095514,0.927385,0.38216
H3_128C_pruned30_Physical_pruning,908-31957-0020.wav,generated_audios/generated_H3_128C_pruned30/908-31957-0020_generated.wav,5.895011,0.197697,0.194009,0.033536,0.032911,2.163477,0.911549,0.386948
H3_128C_pruned30_Physical_pruning,908-31957-0021.wav,generated_audios/generated_H3_128C_pruned30/908-31957-0021_generated.wav,10.905034,3.17638,3.172228,0.291276,0.290896,1.958645,0.911293,0.380443
H3_128C_pruned30_Physical_pruning,908-31957-0022.wav,generated_audios/generated_H3_128C_pruned30/908-31957-0022_generated.wav,14.1,4.389611,4.384898,0.31132,0.310986,2.005755,0.913197,0.379327
H3_128C_pruned30_Physical_pruning,908-31957-0023.wav,generated_audios/generated_H3_128C_pruned30/908-31957-0023_generated.wav,8.515011,2.644485,2.64068,0.310567,0.310121,1.882094,0.922338,0.37706
H3_128C_pruned30_Physical_pruning,908-31957-0024.wav,generated_audios/generated_H3_128C_pruned30/908-31957-0024_generated.wav,7.54,2.269714,2.265636,0.301023,0.300482,1.933949,0.918031,0.377877
H3_128C_pruned30_Physical_pruning,908-31957-0025.wav,generated_audios/generated_H3_128C_pruned30/908-31957-0025_generated.wav,20.56,6.304884,6.299538,0.306658,0.306398,2.016129,0.920117,0.375022
H3_128C_pruned50_Physical_pruning,1089-134686-0000.wav,generated_audios/generated_H3_128C_pruned50/1089-134686-0000_generated.wav,10.435011,2.858095,2.851245,0.273895,0.273238,2.215704,0.934535,0.375671
H3_128C_pruned50_Physical_pruning,1089-134686-0001.wav,generated_audios/generated_H3_128C_pruned50/1089-134686-0001_generated.wav,3.275011,0.788894,0.784789,0.240883,0.239629,1.829449,0.929484,0.361587
H3_128C_pruned50_Physical_pruning,1089-134686-0002.wav,generated_audios/generated_H3_128C_pruned50/1089-134686-0002_generated.wav,6.625034,1.760251,1.756561,0.265697,0.26514,2.289877,0.915072,0.367015
H3_128C_pruned50_Physical_pruning,1089-134686-0003.wav,generated_audios/generated_H3_128C_pruned50/1089-134686-0003_generated.wav,2.68,0.673228,0.669427,0.251204,0.249786,1.889238,0.916844,0.420745
H3_128C_pruned50_Physical_pruning,1089-134686-0004.wav,generated_audios/generated_H3_128C_pruned50/1089-134686-0004_generated.wav,5.215102,1.363146,1.35965,0.261384,0.260714,1.983062,0.934707,0.396807
H3_128C_pruned50_Physical_pruning,1089-134686-0005.wav,generated_audios/generated_H3_128C_pruned50/1089-134686-0005_generated.wav,9.635011,2.500949,2.49636,0.259569,0.259093,2.034883,0.906912,0.379979
H3_128C_pruned50_Physical_pruning,1089-134686-0006.wav,generated_audios/generated_H3_128C_pruned50/1089-134686-0006_generated.wav,10.555011,2.80464,2.80078,0.265716,0.265351,2.123698,0.918441,0.369683
H3_128C_pruned50_Physical_pruning,1089-134686-0007.wav,generated_audios/generated_H3_128C_pruned50/1089-134686-0007_generated.wav,4.275011,1.085266,1.080897,0.253863,0.252841,2.078256,0.928963,0.379372
H3_128C_pruned50_Physical_pruning,1089-134686-0008.wav,generated_audios/generated_H3_128C_pruned50/1089-134686-0008_generated.wav,6.730023,1.666681,1.663132,0.247649,0.247121,2.266686,0.926329,0.374646
H3_128C_pruned50_Physical_pruning,1089-134686-0009.wav,generated_audios/generated_H3_128C_pruned50/1089-134686-0009_generated.wav,10.575011,2.984846,2.980618,0.282255,0.281855,2.261633,0.941965,0.378302
H3_128C_pruned50_Physical_pruning,1089-134686-0010.wav,generated_audios/generated_H3_128C_pruned50/1089-134686-0010_generated.wav,4.405034,1.128693,1.124411,0.256228,0.255256,2.239193,0.934685,0.375212
H3_128C_pruned50_Physical_pruning,1089-134686-0011.wav,generated_audios/generated_H3_128C_pruned50/1089-134686-0011_generated.wav,12.445034,3.291848,3.287653,0.264511,0.264174,2.232831,0.92302,0.367018
H3_128C_pruned50_Physical_pruning,1089-134686-0012.wav,generated_audios/generated_H3_128C_pruned50/1089-134686-0012_generated.wav,11.64,3.155652,3.151749,0.271104,0.270769,1.997229,0.925451,0.38705
H3_128C_pruned50_Physical_pruning,1089-134686-0013.wav,generated_audios/generated_H3_128C_pruned50/1089-134686-0013_generated.wav,7.915011,1.923244,1.919265,0.242987,0.242484,2.113332,0.92711,0.380322
H3_128C_pruned50_Physical_pruning,1089-134686-0014.wav,generated_audios/generated_H3_128C_pruned50/1089-134686-0014_generated.wav,2.225034,0.562761,0.559775,0.252923,0.25158,1.885695,0.937865,0.383305
H3_128C_pruned50_Physical_pruning,1089-134686-0015.wav,generated_audios/generated_H3_128C_pruned50/1089-134686-0015_generated.wav,5.815011,1.483514,1.479732,0.255118,0.254468,2.095693,0.925201,0.369198
H3_128C_pruned50_Physical_pruning,1089-134686-0016.wav,generated_audios/generated_H3_128C_pruned50/1089-134686-0016_generated.wav,3.54,0.901253,0.897801,0.254591,0.253616,1.945074,0.911477,0.367851
H3_128C_pruned50_Physical_pruning,1089-134686-0017.wav,generated_audios/generated_H3_128C_pruned50/1089-134686-0017_generated.wav,8.870023,2.301473,2.297475,0.259466,0.259016,1.638916,0.925399,0.371347
H3_128C_pruned50_Physical_pruning,1089-134686-0018.wav,generated_audios/generated_H3_128C_pruned50/1089-134686-0018_generated.wav,15.72,4.454527,4.449703,0.283367,0.28306,2.150354,0.927958,0.380328
H3_128C_pruned50_Physical_pruning,1089-134686-0019.wav,generated_audios/generated_H3_128C_pruned50/1089-134686-0019_generated.wav,13.895011,3.940182,3.935239,0.283568,0.283212,2.00246,0.931073,0.382096
H3_128C_pruned50_Physical_pruning,1089-134686-0020.wav,generated_audios/generated_H3_128C_pruned50/1089-134686-0020_generated.wav,16.790023,4.468659,4.463687,0.26615,0.265854,2.113398,0.925513,0.374382
H3_128C_pruned50_Physical_pruning,1089-134686-0021.wav,generated_audios/generated_H3_128C_pruned50/1089-134686-0021_generated.wav,6.550023,1.604078,1.600477,0.244897,0.244347,2.0598,0.930904,0.371836
H3_128C_pruned50_Physical_pruning,1089-134686-0022.wav,generated_audios/generated_H3_128C_pruned50/1089-134686-0022_generated.wav,11.175011,2.913014,2.908712,0.260672,0.260287,2.133213,0.931412,0.3683
H3_128C_pruned50_Physical_pruning,1089-134686-0023.wav,generated_audios/generated_H3_128C_pruned50/1089-134686-0023_generated.wav,13.275011,3.243296,3.238685,0.244316,0.243969,2.110875,0.918998,0.379466
H3_128C_pruned50_Physical_pruning,1089-134686-0024.wav,generated_audios/generated_H3_128C_pruned50/1089-134686-0024_generated.wav,11.655011,3.288863,3.284589,0.282184,0.281818,2.085979,0.925365,0.377286
H3_128C_pruned50_Physical_pruning,1089-134686-0025.wav,generated_audios/generated_H3_128C_pruned50/1089-134686-0025_generated.wav,6.610023,1.728157,1.724508,0.261445,0.260893,1.785541,0.931654,0.379121
H3_128C_pruned50_Physical_pruning,1089-134686-0026.wav,generated_audios/generated_H3_128C_pruned50/1089-134686-0026_generated.wav,4.010023,0.968787,0.965324,0.241592,0.240728,1.992188,0.920308,0.365917
H3_128C_pruned50_Physical_pruning,1089-134686-0027.wav,generated_audios/generated_H3_128C_pruned50/1089-134686-0027_generated.wav,2.710023,0.696479,0.693073,0.257001,0.255744,2.222782,0.940553,0.364334
H3_128C_pruned50_Physical_pruning,1089-134686-0028.wav,generated_audios/generated_H3_128C_pruned50/1089-134686-0028_generated.wav,7.830023,2.033774,2.029861,0.259741,0.259241,2.045814,0.925612,0.396092
H3_128C_pruned50_Physical_pruning,1089-134686-0029.wav,generated_audios/generated_H3_128C_pruned50/1089-134686-0029_generated.wav,4.670023,1.148873,1.145624,0.24601,0.245314,2.147728,0.919417,0.392878
H3_128C_pruned50_Physical_pruning,1089-134686-0030.wav,generated_audios/generated_H3_128C_pruned50/1089-134686-0030_generated.wav,2.715011,0.063222,0.059757,0.023286,0.02201,2.048423,0.933482,0.382009
H3_128C_pruned50_Physical_pruning,1089-134686-0031.wav,generated_audios/generated_H3_128C_pruned50/1089-134686-0031_generated.wav,6.615011,0.137572,0.133759,0.020797,0.020221,2.225292,0.926832,0.362398
H3_128C_pruned50_Physical_pruning,121-121726-0000.wav,generated_audios/generated_H3_128C_pruned50/121-121726-0000_generated.wav,8.46,2.191323,2.187156,0.259022,0.258529,1.94539,0.921847,0.404229
H3_128C_pruned50_Physical_pruning,121-121726-0001.wav,generated_audios/generated_H3_128C_pruned50/121-121726-0001_generated.wav,5.925034,1.456084,1.45243,0.245751,0.245134,2.101981,0.886298,0.367564
H3_128C_pruned50_Physical_pruning,121-121726-0002.wav,generated_audios/generated_H3_128C_pruned50/121-121726-0002_generated.wav,4.410023,0.113748,0.110279,0.025793,0.025007,2.139905,0.90377,0.398638
H3_128C_pruned50_Physical_pruning,121-121726-0003.wav,generated_audios/generated_H3_128C_pruned50/121-121726-0003_generated.wav,6.755011,1.736337,1.732362,0.257044,0.256456,2.254267,0.922847,0.37014
H3_128C_pruned50_Physical_pruning,121-121726-0004.wav,generated_audios/generated_H3_128C_pruned50/121-121726-0004_generated.wav,4.02,1.039118,1.035727,0.258487,0.257644,2.082608,0.931726,0.353732
H3_128C_pruned50_Physical_pruning,121-121726-0005.wav,generated_audios/generated_H3_128C_pruned50/121-121726-0005_generated.wav,3.1,0.788906,0.785651,0.254486,0.253436,2.625622,0.943711,0.306492
H3_128C_pruned50_Physical_pruning,121-121726-0006.wav,generated_audios/generated_H3_128C_pruned50/121-121726-0006_generated.wav,3.895011,0.986245,0.983063,0.253207,0.25239,1.964736,0.908347,0.364794
H3_128C_pruned50_Physical_pruning,121-121726-0007.wav,generated_audios/generated_H3_128C_pruned50/121-121726-0007_generated.wav,6.730023,0.193743,0.189905,0.028788,0.028218,2.337834,0.936695,0.365983
H3_128C_pruned50_Physical_pruning,121-121726-0008.wav,generated_audios/generated_H3_128C_pruned50/121-121726-0008_generated.wav,4.990023,1.212941,1.209442,0.243073,0.242372,2.364819,0.938866,0.333375
H3_128C_pruned50_Physical_pruning,121-121726-0009.wav,generated_audios/generated_H3_128C_pruned50/121-121726-0009_generated.wav,7.26,1.855815,1.852306,0.255622,0.255139,2.126202,0.935297,0.363535
H3_128C_pruned50_Physical_pruning,121-121726-0010.wav,generated_audios/generated_H3_128C_pruned50/121-121726-0010_generated.wav,9.810023,2.557557,2.553176,0.260709,0.260262,2.316651,0.928327,0.373026
H3_128C_pruned50_Physical_pruning,121-121726-0011.wav,generated_audios/generated_H3_128C_pruned50/121-121726-0011_generated.wav,4.035011,1.056504,1.053012,0.261834,0.260969,2.285906,0.927292,0.362375
H3_128C_pruned50_Physical_pruning,121-121726-0012.wav,generated_audios/generated_H3_128C_pruned50/121-121726-0012_generated.wav,4.045034,0.990195,0.986883,0.244793,0.243974,1.951346,0.92558,0.412656
H3_128C_pruned50_Physical_pruning,121-121726-0013.wav,generated_audios/generated_H3_128C_pruned50/121-121726-0013_generated.wav,2.490023,0.627973,0.624729,0.252196,0.250893,2.180835,0.929577,0.383642
H3_128C_pruned50_Physical_pruning,121-121726-0014.wav,generated_audios/generated_H3_128C_pruned50/121-121726-0014_generated.wav,3.165034,0.801705,0.798499,0.253301,0.252288,2.404643,0.932961,0.361705
H3_128C_pruned50_Physical_pruning,121-123852-0000.wav,generated_audios/generated_H3_128C_pruned50/121-123852-0000_generated.wav,17.695011,4.693627,4.688454,0.265251,0.264959,2.236474,0.935736,0.389055
H3_128C_pruned50_Physical_pruning,121-123852-0001.wav,generated_audios/generated_H3_128C_pruned50/121-123852-0001_generated.wav,1.870023,0.453219,0.450069,0.24236,0.240675,1.610218,0.810084,0.390888
H3_128C_pruned50_Physical_pruning,121-123852-0002.wav,generated_audios/generated_H3_128C_pruned50/121-123852-0002_generated.wav,17.285034,4.649268,4.644831,0.268976,0.26872,2.129982,0.924852,0.430305
H3_128C_pruned50_Physical_pruning,121-123852-0003.wav,generated_audios/generated_H3_128C_pruned50/121-123852-0003_generated.wav,23.505034,7.17508,7.169467,0.305257,0.305018,2.207569,0.924882,0.422076
H3_128C_pruned50_Physical_pruning,121-123852-0004.wav,generated_audios/generated_H3_128C_pruned50/121-123852-0004_generated.wav,16.290023,4.54618,4.542036,0.279078,0.278823,2.286028,0.929135,0.421686
H3_128C_pruned50_Physical_pruning,121-123859-0000.wav,generated_audios/generated_H3_128C_pruned50/121-123859-0000_generated.wav,17.390023,4.646714,4.642144,0.267206,0.266943,1.830244,0.914113,0.42661
H3_128C_pruned50_Physical_pruning,121-123859-0001.wav,generated_audios/generated_H3_128C_pruned50/121-123859-0001_generated.wav,25.395011,6.888173,6.882281,0.271241,0.271009,2.121954,0.929748,0.41917
H3_128C_pruned50_Physical_pruning,121-123859-0002.wav,generated_audios/generated_H3_128C_pruned50/121-123859-0002_generated.wav,30.04,8.494507,8.488202,0.282773,0.282563,2.066217,0.919781,0.42311
H3_128C_pruned50_Physical_pruning,121-123859-0003.wav,generated_audios/generated_H3_128C_pruned50/121-123859-0003_generated.wav,10.825034,2.795615,2.791595,0.258255,0.257883,2.27472,0.934504,0.391303
H3_128C_pruned50_Physical_pruning,121-123859-0004.wav,generated_audios/generated_H3_128C_pruned50/121-123859-0004_generated.wav,9.505034,2.474415,2.470215,0.260327,0.259885,2.010923,0.921485,0.419721
H3_128C_pruned50_Physical_pruning,121-127105-0000.wav,generated_audios/generated_H3_128C_pruned50/121-127105-0000_generated.wav,9.875011,2.576394,2.571899,0.2609,0.260445,1.843286,0.915342,0.396537
H3_128C_pruned50_Physical_pruning,121-127105-0001.wav,generated_audios/generated_H3_128C_pruned50/121-127105-0001_generated.wav,5.025034,1.217594,1.214099,0.242306,0.24161,2.018453,0.909581,0.424047
H3_128C_pruned50_Physical_pruning,121-127105-0002.wav,generated_audios/generated_H3_128C_pruned50/121-127105-0002_generated.wav,7.495011,1.829303,1.82536,0.244069,0.243543,1.953658,0.905682,0.426931
H3_128C_pruned50_Physical_pruning,121-127105-0003.wav,generated_audios/generated_H3_128C_pruned50/121-127105-0003_generated.wav,7.725034,1.973038,1.969042,0.255408,0.254891,2.018594,0.915651,0.405077
H3_128C_pruned50_Physical_pruning,121-127105-0004.wav,generated_audios/generated_H3_128C_pruned50/121-127105-0004_generated.wav,2.110023,0.534914,0.531706,0.253511,0.251991,1.457861,0.935506,0.361146
H3_128C_pruned50_Physical_pruning,121-127105-0005.wav,generated_audios/generated_H3_128C_pruned50/121-127105-0005_generated.wav,5.82,1.426728,1.422979,0.245142,0.244498,1.948144,0.914903,0.398798
H3_128C_pruned50_Physical_pruning,121-127105-0006.wav,generated_audios/generated_H3_128C_pruned50/121-127105-0006_generated.wav,4.725034,1.210153,1.206617,0.256115,0.255367,1.526167,0.891997,0.397321
H3_128C_pruned50_Physical_pruning,121-127105-0007.wav,generated_audios/generated_H3_128C_pruned50/121-127105-0007_generated.wav,5.790023,1.418177,1.414907,0.244935,0.24437,1.53897,0.919023,0.409335
H3_128C_pruned50_Physical_pruning,121-127105-0008.wav,generated_audios/generated_H3_128C_pruned50/121-127105-0008_generated.wav,2.76,0.695462,0.69218,0.251979,0.25079,1.896826,0.891309,0.417981
H3_128C_pruned50_Physical_pruning,121-127105-0009.wav,generated_audios/generated_H3_128C_pruned50/121-127105-0009_generated.wav,2.290023,0.583152,0.579932,0.254649,0.253243,1.96046,0.924279,0.434009
H3_128C_pruned50_Physical_pruning,121-127105-0010.wav,generated_audios/generated_H3_128C_pruned50/121-127105-0010_generated.wav,2.850023,0.712794,0.709492,0.250101,0.248942,1.887885,0.901408,0.41982
H3_128C_pruned50_Physical_pruning,121-127105-0011.wav,generated_audios/generated_H3_128C_pruned50/121-127105-0011_generated.wav,5.78,1.46282,1.459275,0.253083,0.25247,1.876219,0.896085,0.433245
H3_128C_pruned50_Physical_pruning,121-127105-0012.wav,generated_audios/generated_H3_128C_pruned50/121-127105-0012_generated.wav,4.830023,1.253266,1.249874,0.259474,0.258772,1.362751,0.897857,0.423043
H3_128C_pruned50_Physical_pruning,121-127105-0013.wav,generated_audios/generated_H3_128C_pruned50/121-127105-0013_generated.wav,5.895011,1.432661,1.429195,0.243029,0.242441,1.798874,0.9146,0.418761
H3_128C_pruned50_Physical_pruning,121-127105-0014.wav,generated_audios/generated_H3_128C_pruned50/121-127105-0014_generated.wav,2.255011,0.541016,0.537905,0.239917,0.238538,1.774494,0.890091,0.387894
H3_128C_pruned50_Physical_pruning,121-127105-0015.wav,generated_audios/generated_H3_128C_pruned50/121-127105-0015_generated.wav,2.96,0.753526,0.750343,0.25457,0.253494,2.00087,0.912191,0.410838
H3_128C_pruned50_Physical_pruning,121-127105-0016.wav,generated_audios/generated_H3_128C_pruned50/121-127105-0016_generated.wav,2.030023,0.493782,0.490551,0.243239,0.241648,1.928786,0.906304,0.421956
H3_128C_pruned50_Physical_pruning,121-127105-0017.wav,generated_audios/generated_H3_128C_pruned50/121-127105-0017_generated.wav,2.695011,0.687752,0.684783,0.255194,0.254093,2.050602,0.911188,0.432976
H3_128C_pruned50_Physical_pruning,121-127105-0018.wav,generated_audios/generated_H3_128C_pruned50/121-127105-0018_generated.wav,2.770023,0.710574,0.707686,0.256523,0.25548,2.032885,0.888564,0.426559
H3_128C_pruned50_Physical_pruning,121-127105-0019.wav,generated_audios/generated_H3_128C_pruned50/121-127105-0019_generated.wav,3.525034,0.865029,0.861799,0.245396,0.24448,2.016361,0.925114,0.407445
H3_128C_pruned50_Physical_pruning,121-127105-0020.wav,generated_audios/generated_H3_128C_pruned50/121-127105-0020_generated.wav,14.355011,3.873812,3.868877,0.269858,0.269514,1.789472,0.909294,0.426715
H3_128C_pruned50_Physical_pruning,121-127105-0021.wav,generated_audios/generated_H3_128C_pruned50/121-127105-0021_generated.wav,2.0,0.489424,0.486277,0.244712,0.243139,1.713406,0.923582,0.42627
H3_128C_pruned50_Physical_pruning,121-127105-0022.wav,generated_audios/generated_H3_128C_pruned50/121-127105-0022_generated.wav,5.075011,1.292044,1.288532,0.254589,0.253897,2.11822,0.901483,0.401219
H3_128C_pruned50_Physical_pruning,121-127105-0023.wav,generated_audios/generated_H3_128C_pruned50/121-127105-0023_generated.wav,10.910023,2.720513,2.716267,0.249359,0.24897,2.104691,0.919205,0.415954
H3_128C_pruned50_Physical_pruning,121-127105-0024.wav,generated_audios/generated_H3_128C_pruned50/121-127105-0024_generated.wav,14.450023,4.102137,4.097859,0.283884,0.283588,2.014189,0.916623,0.425017
H3_128C_pruned50_Physical_pruning,121-127105-0025.wav,generated_audios/generated_H3_128C_pruned50/121-127105-0025_generated.wav,16.065034,4.324237,4.319741,0.269171,0.268891,2.029617,0.916971,0.409989
H3_128C_pruned50_Physical_pruning,121-127105-0026.wav,generated_audios/generated_H3_128C_pruned50/121-127105-0026_generated.wav,7.530023,1.86416,1.860222,0.247564,0.247041,1.956033,0.930873,0.420385
H3_128C_pruned50_Physical_pruning,121-127105-0027.wav,generated_audios/generated_H3_128C_pruned50/121-127105-0027_generated.wav,13.870023,3.487656,3.483247,0.251453,0.251135,2.066422,0.920573,0.407785
H3_128C_pruned50_Physical_pruning,121-127105-0028.wav,generated_audios/generated_H3_128C_pruned50/121-127105-0028_generated.wav,6.750023,0.167567,0.163945,0.024825,0.024288,2.111866,0.922306,0.390901
H3_128C_pruned50_Physical_pruning,121-127105-0029.wav,generated_audios/generated_H3_128C_pruned50/121-127105-0029_generated.wav,7.310023,1.857998,1.854467,0.254171,0.253688,2.236853,0.922692,0.398909
H3_128C_pruned50_Physical_pruning,121-127105-0030.wav,generated_audios/generated_H3_128C_pruned50/121-127105-0030_generated.wav,2.175011,0.546159,0.543149,0.251106,0.249722,1.469776,0.893879,0.421502
H3_128C_pruned50_Physical_pruning,121-127105-0031.wav,generated_audios/generated_H3_128C_pruned50/121-127105-0031_generated.wav,10.765034,2.623294,2.619745,0.243687,0.243357,2.100507,0.893526,0.388652
H3_128C_pruned50_Physical_pruning,121-127105-0032.wav,generated_audios/generated_H3_128C_pruned50/121-127105-0032_generated.wav,3.170023,0.761887,0.758879,0.240341,0.239392,1.781482,0.917077,0.396464
H3_128C_pruned50_Physical_pruning,121-127105-0033.wav,generated_audios/generated_H3_128C_pruned50/121-127105-0033_generated.wav,2.355011,0.596582,0.593213,0.253324,0.251894,2.143015,0.900757,0.384098
H3_128C_pruned50_Physical_pruning,121-127105-0034.wav,generated_audios/generated_H3_128C_pruned50/121-127105-0034_generated.wav,7.410023,1.941377,1.938043,0.261993,0.261544,2.190328,0.914975,0.388226
H3_128C_pruned50_Physical_pruning,121-127105-0035.wav,generated_audios/generated_H3_128C_pruned50/121-127105-0035_generated.wav,14.150023,3.860832,3.855961,0.27285,0.272506,2.082717,0.906338,0.363472
H3_128C_pruned50_Physical_pruning,121-127105-0036.wav,generated_audios/generated_H3_128C_pruned50/121-127105-0036_generated.wav,4.150023,1.008052,1.005176,0.242903,0.24221,1.833787,0.892809,0.392663
H3_128C_pruned50_Physical_pruning,237-126133-0000.wav,generated_audios/generated_H3_128C_pruned50/237-126133-0000_generated.wav,13.290023,3.807718,3.803751,0.286509,0.286211,2.119363,0.919211,0.405808
H3_128C_pruned50_Physical_pruning,237-126133-0001.wav,generated_audios/generated_H3_128C_pruned50/237-126133-0001_generated.wav,11.965034,3.464715,3.459974,0.28957,0.289174,2.193175,0.91793,0.39898
H3_128C_pruned50_Physical_pruning,237-126133-0002.wav,generated_audios/generated_H3_128C_pruned50/237-126133-0002_generated.wav,8.92,2.235679,2.231149,0.250637,0.250129,1.788893,0.908023,0.415197
H3_128C_pruned50_Physical_pruning,237-126133-0003.wav,generated_audios/generated_H3_128C_pruned50/237-126133-0003_generated.wav,6.56,1.701655,1.69795,0.259399,0.258834,2.057356,0.914714,0.404371
H3_128C_pruned50_Physical_pruning,237-126133-0004.wav,generated_audios/generated_H3_128C_pruned50/237-126133-0004_generated.wav,3.295011,0.857387,0.854067,0.260208,0.2592,1.949158,0.910308,0.419626
H3_128C_pruned50_Physical_pruning,237-126133-0005.wav,generated_audios/generated_H3_128C_pruned50/237-126133-0005_generated.wav,6.510023,1.710834,1.707732,0.2628,0.262323,1.808189,0.898874,0.423061
H3_128C_pruned50_Physical_pruning,237-126133-0006.wav,generated_audios/generated_H3_128C_pruned50/237-126133-0006_generated.wav,6.150023,1.58031,1.576679,0.25696,0.25637,1.710272,0.892835,0.426059
H3_128C_pruned50_Physical_pruning,237-126133-0007.wav,generated_audios/generated_H3_128C_pruned50/237-126133-0007_generated.wav,8.68,2.153605,2.150054,0.248111,0.247702,1.714846,0.895838,0.441943
H3_128C_pruned50_Physical_pruning,237-126133-0008.wav,generated_audios/generated_H3_128C_pruned50/237-126133-0008_generated.wav,3.865034,1.004618,1.001276,0.259925,0.25906,2.316205,0.928207,0.397179
H3_128C_pruned50_Physical_pruning,237-126133-0009.wav,generated_audios/generated_H3_128C_pruned50/237-126133-0009_generated.wav,3.970023,1.016976,1.0139,0.256164,0.255389,2.000561,0.916047,0.420642
H3_128C_pruned50_Physical_pruning,237-126133-0010.wav,generated_audios/generated_H3_128C_pruned50/237-126133-0010_generated.wav,6.24,1.550164,1.546764,0.248424,0.247879,1.320578,0.82556,0.472093
H3_128C_pruned50_Physical_pruning,237-126133-0011.wav,generated_audios/generated_H3_128C_pruned50/237-126133-0011_generated.wav,6.710023,1.767514,1.763995,0.263414,0.26289,2.07243,0.919856,0.395333
H3_128C_pruned50_Physical_pruning,237-126133-0012.wav,generated_audios/generated_H3_128C_pruned50/237-126133-0012_generated.wav,4.450023,1.160395,1.157296,0.260762,0.260065,1.975872,0.907194,0.407032
H3_128C_pruned50_Physical_pruning,237-126133-0013.wav,generated_audios/generated_H3_128C_pruned50/237-126133-0013_generated.wav,6.815011,1.781713,1.77839,0.26144,0.260952,1.400429,0.839765,0.449343
H3_128C_pruned50_Physical_pruning,237-126133-0014.wav,generated_audios/generated_H3_128C_pruned50/237-126133-0014_generated.wav,6.790023,1.770872,1.767107,0.260805,0.260251,1.987918,0.90916,0.414838
H3_128C_pruned50_Physical_pruning,237-126133-0015.wav,generated_audios/generated_H3_128C_pruned50/237-126133-0015_generated.wav,9.34,2.343715,2.339591,0.250933,0.250492,1.933035,0.909901,0.402679
H3_128C_pruned50_Physical_pruning,237-126133-0016.wav,generated_audios/generated_H3_128C_pruned50/237-126133-0016_generated.wav,4.250023,1.060083,1.056709,0.24943,0.248636,1.697755,0.854878,0.44099
H3_128C_pruned50_Physical_pruning,237-126133-0017.wav,generated_audios/generated_H3_128C_pruned50/237-126133-0017_generated.wav,6.210023,1.547891,1.544402,0.249257,0.248695,2.251029,0.925504,0.395233
H3_128C_pruned50_Physical_pruning,237-126133-0018.wav,generated_audios/generated_H3_128C_pruned50/237-126133-0018_generated.wav,4.095011,1.057777,1.054311,0.258309,0.257462,1.879583,0.908741,0.391606
H3_128C_pruned50_Physical_pruning,237-126133-0019.wav,generated_audios/generated_H3_128C_pruned50/237-126133-0019_generated.wav,7.12,1.899452,1.888039,0.266777,0.265174,2.070652,0.920773,0.401518
H3_128C_pruned50_Physical_pruning,237-126133-0020.wav,generated_audios/generated_H3_128C_pruned50/237-126133-0020_generated.wav,2.24,0.545209,0.542048,0.243397,0.241985,1.714051,0.902738,0.413683
H3_128C_pruned50_Physical_pruning,237-126133-0021.wav,generated_audios/generated_H3_128C_pruned50/237-126133-0021_generated.wav,4.365034,1.081951,1.078539,0.247868,0.247086,1.998713,0.917437,0.397254
H3_128C_pruned50_Physical_pruning,237-126133-0022.wav,generated_audios/generated_H3_128C_pruned50/237-126133-0022_generated.wav,5.04,1.322728,1.319256,0.262446,0.261757,2.221117,0.924243,0.388824
H3_128C_pruned50_Physical_pruning,237-126133-0023.wav,generated_audios/generated_H3_128C_pruned50/237-126133-0023_generated.wav,6.675011,1.73832,1.7348,0.260422,0.259895,2.019542,0.922952,0.393383
H3_128C_pruned50_Physical_pruning,237-126133-0024.wav,generated_audios/generated_H3_128C_pruned50/237-126133-0024_generated.wav,9.665034,2.558403,2.554333,0.264707,0.264286,2.338443,0.923912,0.399791
H3_128C_pruned50_Physical_pruning,237-126133-0025.wav,generated_audios/generated_H3_128C_pruned50/237-126133-0025_generated.wav,3.755011,0.964299,0.961245,0.256803,0.25599,2.452172,0.925507,0.391039
H3_128C_pruned50_Physical_pruning,237-134493-0000.wav,generated_audios/generated_H3_128C_pruned50/237-134493-0000_generated.wav,4.105034,1.087697,1.084686,0.264967,0.264233,2.452776,0.925937,0.391441
H3_128C_pruned50_Physical_pruning,237-134493-0001.wav,generated_audios/generated_H3_128C_pruned50/237-134493-0001_generated.wav,7.38,1.927845,1.924233,0.261226,0.260736,2.573549,0.93401,0.380574
H3_128C_pruned50_Physical_pruning,237-134493-0002.wav,generated_audios/generated_H3_128C_pruned50/237-134493-0002_generated.wav,11.395011,3.101675,3.097566,0.272196,0.271835,2.366947,0.923236,0.393508
H3_128C_pruned50_Physical_pruning,237-134493-0003.wav,generated_audios/generated_H3_128C_pruned50/237-134493-0003_generated.wav,12.765034,3.666903,3.662296,0.287261,0.286901,2.291957,0.926754,0.391235
H3_128C_pruned50_Physical_pruning,237-134493-0004.wav,generated_audios/generated_H3_128C_pruned50/237-134493-0004_generated.wav,6.825034,1.814347,1.810564,0.265837,0.265283,2.211781,0.913407,0.411642
H3_128C_pruned50_Physical_pruning,237-134493-0005.wav,generated_audios/generated_H3_128C_pruned50/237-134493-0005_generated.wav,10.945034,2.752762,2.748821,0.251508,0.251148,2.151807,0.924532,0.395031
H3_128C_pruned50_Physical_pruning,237-134493-0006.wav,generated_audios/generated_H3_128C_pruned50/237-134493-0006_generated.wav,4.395011,1.123918,1.120465,0.255726,0.25494,2.050652,0.908125,0.40438
H3_128C_pruned50_Physical_pruning,237-134493-0007.wav,generated_audios/generated_H3_128C_pruned50/237-134493-0007_generated.wav,2.035011,0.499735,0.49646,0.245569,0.243959,2.074931,0.914104,0.390983
H3_128C_pruned50_Physical_pruning,237-134493-0008.wav,generated_audios/generated_H3_128C_pruned50/237-134493-0008_generated.wav,2.305034,0.563041,0.560125,0.244266,0.243001,2.290882,0.90873,0.384969
H3_128C_pruned50_Physical_pruning,237-134493-0009.wav,generated_audios/generated_H3_128C_pruned50/237-134493-0009_generated.wav,2.975011,0.770422,0.767175,0.258964,0.257873,2.038496,0.932863,0.389396
H3_128C_pruned50_Physical_pruning,237-134493-0010.wav,generated_audios/generated_H3_128C_pruned50/237-134493-0010_generated.wav,2.875011,0.731118,0.727789,0.254301,0.253143,2.384531,0.927932,0.375116
H3_128C_pruned50_Physical_pruning,237-134493-0011.wav,generated_audios/generated_H3_128C_pruned50/237-134493-0011_generated.wav,5.035011,1.345736,1.342294,0.267276,0.266592,1.866582,0.900373,0.423893
H3_128C_pruned50_Physical_pruning,237-134493-0012.wav,generated_audios/generated_H3_128C_pruned50/237-134493-0012_generated.wav,3.66,0.90101,0.897843,0.246178,0.245312,1.706802,0.918277,0.414983
H3_128C_pruned50_Physical_pruning,237-134493-0013.wav,generated_audios/generated_H3_128C_pruned50/237-134493-0013_generated.wav,4.090023,0.113191,0.109978,0.027675,0.026889,2.205274,0.918141,0.395721
H3_128C_pruned50_Physical_pruning,237-134493-0014.wav,generated_audios/generated_H3_128C_pruned50/237-134493-0014_generated.wav,3.7,0.927345,0.924026,0.250634,0.249737,2.118233,0.919913,0.400283
H3_128C_pruned50_Physical_pruning,237-134493-0015.wav,generated_audios/generated_H3_128C_pruned50/237-134493-0015_generated.wav,6.550023,0.1803,0.176716,0.027527,0.026979,2.152374,0.919017,0.411967
H3_128C_pruned50_Physical_pruning,237-134493-0016.wav,generated_audios/generated_H3_128C_pruned50/237-134493-0016_generated.wav,10.085034,2.690792,2.686866,0.26681,0.266421,2.20394,0.93613,0.388276
H3_128C_pruned50_Physical_pruning,237-134493-0017.wav,generated_audios/generated_H3_128C_pruned50/237-134493-0017_generated.wav,9.105034,2.409839,2.406338,0.264671,0.264287,2.193031,0.929627,0.39298
H3_128C_pruned50_Physical_pruning,237-134493-0018.wav,generated_audios/generated_H3_128C_pruned50/237-134493-0018_generated.wav,4.790023,1.261229,1.257683,0.263303,0.262563,2.025912,0.939285,0.398769
H3_128C_pruned50_Physical_pruning,237-134500-0000.wav,generated_audios/generated_H3_128C_pruned50/237-134500-0000_generated.wav,6.130023,1.598777,1.595088,0.260811,0.260209,2.326436,0.931305,0.395691
H3_128C_pruned50_Physical_pruning,237-134500-0001.wav,generated_audios/generated_H3_128C_pruned50/237-134500-0001_generated.wav,1.810023,0.44165,0.438811,0.244003,0.242434,2.050347,0.90714,0.413927
H3_128C_pruned50_Physical_pruning,237-134500-0002.wav,generated_audios/generated_H3_128C_pruned50/237-134500-0002_generated.wav,5.070023,1.330162,1.326554,0.262358,0.261647,2.472098,0.93307,0.389205
H3_128C_pruned50_Physical_pruning,237-134500-0003.wav,generated_audios/generated_H3_128C_pruned50/237-134500-0003_generated.wav,3.170023,0.09308,0.089721,0.029363,0.028303,1.999601,0.925929,0.396498
H3_128C_pruned50_Physical_pruning,237-134500-0004.wav,generated_audios/generated_H3_128C_pruned50/237-134500-0004_generated.wav,2.225034,0.072739,0.06987,0.032691,0.031402,2.37276,0.930841,0.385169
H3_128C_pruned50_Physical_pruning,237-134500-0005.wav,generated_audios/generated_H3_128C_pruned50/237-134500-0005_generated.wav,2.390023,0.610872,0.607726,0.255593,0.254276,2.064468,0.90466,0.413004
H3_128C_pruned50_Physical_pruning,237-134500-0006.wav,generated_audios/generated_H3_128C_pruned50/237-134500-0006_generated.wav,4.225034,1.05121,1.047781,0.248805,0.247994,1.768119,0.900631,0.42172
H3_128C_pruned50_Physical_pruning,237-134500-0007.wav,generated_audios/generated_H3_128C_pruned50/237-134500-0007_generated.wav,2.390023,0.056152,0.052882,0.023494,0.022126,1.684316,0.892038,0.441268
H3_128C_pruned50_Physical_pruning,237-134500-0008.wav,generated_audios/generated_H3_128C_pruned50/237-134500-0008_generated.wav,3.76,0.102695,0.099417,0.027313,0.026441,1.890065,0.896495,0.419673
H3_128C_pruned50_Physical_pruning,237-134500-0009.wav,generated_audios/generated_H3_128C_pruned50/237-134500-0009_generated.wav,2.22,0.052833,0.049562,0.023798,0.022325,2.313139,0.911634,0.416841
H3_128C_pruned50_Physical_pruning,237-134500-0010.wav,generated_audios/generated_H3_128C_pruned50/237-134500-0010_generated.wav,3.995011,1.050224,1.047161,0.262884,0.262117,1.450693,0.874058,0.437422
H3_128C_pruned50_Physical_pruning,237-134500-0011.wav,generated_audios/generated_H3_128C_pruned50/237-134500-0011_generated.wav,3.350023,0.828382,0.825163,0.247277,0.246316,1.632147,0.868494,0.428167
H3_128C_pruned50_Physical_pruning,237-134500-0012.wav,generated_audios/generated_H3_128C_pruned50/237-134500-0012_generated.wav,10.935011,2.994926,2.991037,0.273884,0.273528,2.251061,0.91544,0.405097
H3_128C_pruned50_Physical_pruning,237-134500-0013.wav,generated_audios/generated_H3_128C_pruned50/237-134500-0013_generated.wav,10.56,0.287736,0.283382,0.027248,0.026835,2.128858,0.928044,0.389912
H3_128C_pruned50_Physical_pruning,237-134500-0014.wav,generated_audios/generated_H3_128C_pruned50/237-134500-0014_generated.wav,4.250023,0.129985,0.126382,0.030585,0.029737,2.177513,0.913143,0.388989
H3_128C_pruned50_Physical_pruning,237-134500-0015.wav,generated_audios/generated_H3_128C_pruned50/237-134500-0015_generated.wav,10.815011,2.877148,2.873117,0.266033,0.26566,2.179427,0.93383,0.400682
H3_128C_pruned50_Physical_pruning,237-134500-0016.wav,generated_audios/generated_H3_128C_pruned50/237-134500-0016_generated.wav,3.16,0.092697,0.089521,0.029335,0.028329,1.421621,0.820839,0.456235
H3_128C_pruned50_Physical_pruning,237-134500-0017.wav,generated_audios/generated_H3_128C_pruned50/237-134500-0017_generated.wav,2.18,0.070238,0.066898,0.032219,0.030687,1.807211,0.901591,0.413423
H3_128C_pruned50_Physical_pruning,237-134500-0018.wav,generated_audios/generated_H3_128C_pruned50/237-134500-0018_generated.wav,12.845034,3.729072,3.725119,0.290312,0.290005,2.38767,0.933024,0.386693
H3_128C_pruned50_Physical_pruning,237-134500-0019.wav,generated_audios/generated_H3_128C_pruned50/237-134500-0019_generated.wav,2.86,0.708824,0.706068,0.247841,0.246877,1.583571,0.908113,0.386255
H3_128C_pruned50_Physical_pruning,237-134500-0020.wav,generated_audios/generated_H3_128C_pruned50/237-134500-0020_generated.wav,2.18,0.055524,0.05269,0.02547,0.02417,2.632315,0.949621,0.366448
H3_128C_pruned50_Physical_pruning,237-134500-0021.wav,generated_audios/generated_H3_128C_pruned50/237-134500-0021_generated.wav,5.12,1.266876,1.263665,0.247437,0.24681,1.461135,0.808457,0.44993
H3_128C_pruned50_Physical_pruning,237-134500-0022.wav,generated_audios/generated_H3_128C_pruned50/237-134500-0022_generated.wav,5.165034,1.310251,1.306706,0.253677,0.252991,1.401855,0.866055,0.453074
H3_128C_pruned50_Physical_pruning,237-134500-0023.wav,generated_audios/generated_H3_128C_pruned50/237-134500-0023_generated.wav,3.06,0.814927,0.811858,0.266316,0.265313,1.876446,0.900867,0.413797
H3_128C_pruned50_Physical_pruning,237-134500-0024.wav,generated_audios/generated_H3_128C_pruned50/237-134500-0024_generated.wav,4.410023,0.117815,0.114483,0.026715,0.02596,2.357283,0.920887,0.377909
H3_128C_pruned50_Physical_pruning,237-134500-0025.wav,generated_audios/generated_H3_128C_pruned50/237-134500-0025_generated.wav,1.630023,0.400926,0.397843,0.245963,0.244072,1.861965,0.874787,0.401057
H3_128C_pruned50_Physical_pruning,237-134500-0026.wav,generated_audios/generated_H3_128C_pruned50/237-134500-0026_generated.wav,3.050023,0.802978,0.799776,0.26327,0.26222,1.657101,0.857354,0.433939
H3_128C_pruned50_Physical_pruning,237-134500-0027.wav,generated_audios/generated_H3_128C_pruned50/237-134500-0027_generated.wav,3.270023,0.877618,0.874381,0.268383,0.267393,2.002359,0.905141,0.399103
H3_128C_pruned50_Physical_pruning,237-134500-0028.wav,generated_audios/generated_H3_128C_pruned50/237-134500-0028_generated.wav,4.524943,1.223748,1.220177,0.270445,0.269656,2.065376,0.906856,0.399133
H3_128C_pruned50_Physical_pruning,237-134500-0029.wav,generated_audios/generated_H3_128C_pruned50/237-134500-0029_generated.wav,2.065034,0.528606,0.525371,0.255979,0.254413,2.08305,0.925605,0.399762
H3_128C_pruned50_Physical_pruning,237-134500-0030.wav,generated_audios/generated_H3_128C_pruned50/237-134500-0030_generated.wav,2.78,0.753648,0.750472,0.271096,0.269954,1.992818,0.917787,0.412964
H3_128C_pruned50_Physical_pruning,237-134500-0031.wav,generated_audios/generated_H3_128C_pruned50/237-134500-0031_generated.wav,10.610023,2.867943,2.863866,0.270305,0.269921,2.20368,0.918332,0.392733
H3_128C_pruned50_Physical_pruning,237-134500-0032.wav,generated_audios/generated_H3_128C_pruned50/237-134500-0032_generated.wav,5.025034,0.135355,0.13186,0.026936,0.026241,2.225382,0.9264,0.385894
H3_128C_pruned50_Physical_pruning,237-134500-0033.wav,generated_audios/generated_H3_128C_pruned50/237-134500-0033_generated.wav,6.350023,1.618122,1.614472,0.254822,0.254247,2.007641,0.901232,0.401705
H3_128C_pruned50_Physical_pruning,237-134500-0034.wav,generated_audios/generated_H3_128C_pruned50/237-134500-0034_generated.wav,3.075011,0.781702,0.778231,0.254211,0.253082,2.154374,0.92295,0.37615
H3_128C_pruned50_Physical_pruning,237-134500-0035.wav,generated_audios/generated_H3_128C_pruned50/237-134500-0035_generated.wav,2.555011,0.688872,0.685887,0.269616,0.268448,1.621483,0.911906,0.406742
H3_128C_pruned50_Physical_pruning,237-134500-0036.wav,generated_audios/generated_H3_128C_pruned50/237-134500-0036_generated.wav,6.6,1.801862,1.798399,0.273009,0.272485,2.264671,0.925589,0.379118
H3_128C_pruned50_Physical_pruning,237-134500-0037.wav,generated_audios/generated_H3_128C_pruned50/237-134500-0037_generated.wav,7.105034,1.902729,1.898833,0.2678,0.267252,1.4824,0.843425,0.459384
H3_128C_pruned50_Physical_pruning,237-134500-0038.wav,generated_audios/generated_H3_128C_pruned50/237-134500-0038_generated.wav,2.435011,0.638289,0.635023,0.26213,0.260788,1.376102,0.850878,0.463485
H3_128C_pruned50_Physical_pruning,237-134500-0039.wav,generated_audios/generated_H3_128C_pruned50/237-134500-0039_generated.wav,4.630023,1.257574,1.254465,0.271613,0.270941,1.677747,0.868188,0.457943
H3_128C_pruned50_Physical_pruning,237-134500-0040.wav,generated_audios/generated_H3_128C_pruned50/237-134500-0040_generated.wav,4.030023,0.112493,0.108977,0.027914,0.027041,1.532218,0.892197,0.418511
H3_128C_pruned50_Physical_pruning,237-134500-0041.wav,generated_audios/generated_H3_128C_pruned50/237-134500-0041_generated.wav,8.92,0.243681,0.239805,0.027319,0.026884,2.295538,0.935831,0.387657
H3_128C_pruned50_Physical_pruning,237-134500-0042.wav,generated_audios/generated_H3_128C_pruned50/237-134500-0042_generated.wav,2.575011,0.677644,0.674411,0.263161,0.261906,1.560437,0.866569,0.440226
H3_128C_pruned50_Physical_pruning,260-123286-0000.wav,generated_audios/generated_H3_128C_pruned50/260-123286-0000_generated.wav,7.04,1.844742,1.841223,0.262037,0.261537,1.85351,0.915994,0.379457
H3_128C_pruned50_Physical_pruning,260-123286-0001.wav,generated_audios/generated_H3_128C_pruned50/260-123286-0001_generated.wav,3.070023,0.07101,0.068176,0.02313,0.022207,1.875008,0.925196,0.378234
H3_128C_pruned50_Physical_pruning,260-123286-0002.wav,generated_audios/generated_H3_128C_pruned50/260-123286-0002_generated.wav,9.985034,2.766649,2.763672,0.27708,0.276781,1.9595,0.924443,0.374831
H3_128C_pruned50_Physical_pruning,260-123286-0003.wav,generated_audios/generated_H3_128C_pruned50/260-123286-0003_generated.wav,7.370023,2.013604,2.009728,0.273215,0.27269,1.665546,0.903587,0.381218
H3_128C_pruned50_Physical_pruning,260-123286-0004.wav,generated_audios/generated_H3_128C_pruned50/260-123286-0004_generated.wav,3.465034,0.933615,0.930471,0.269439,0.268531,1.813837,0.917072,0.391479
H3_128C_pruned50_Physical_pruning,260-123286-0005.wav,generated_audios/generated_H3_128C_pruned50/260-123286-0005_generated.wav,4.810023,1.255582,1.252299,0.261034,0.260352,1.795514,0.915185,0.399528
H3_128C_pruned50_Physical_pruning,260-123286-0006.wav,generated_audios/generated_H3_128C_pruned50/260-123286-0006_generated.wav,7.405034,2.033931,2.030267,0.274669,0.274174,1.83725,0.919916,0.404112
H3_128C_pruned50_Physical_pruning,260-123286-0007.wav,generated_audios/generated_H3_128C_pruned50/260-123286-0007_generated.wav,4.550023,1.242326,1.238756,0.273037,0.272253,1.722455,0.912736,0.411596
H3_128C_pruned50_Physical_pruning,260-123286-0008.wav,generated_audios/generated_H3_128C_pruned50/260-123286-0008_generated.wav,3.735011,0.987734,0.984631,0.264453,0.263622,1.89462,0.916723,0.397696
H3_128C_pruned50_Physical_pruning,260-123286-0009.wav,generated_audios/generated_H3_128C_pruned50/260-123286-0009_generated.wav,5.795011,1.647519,1.64427,0.284299,0.283739,1.686954,0.918601,0.372764
H3_128C_pruned50_Physical_pruning,260-123286-0010.wav,generated_audios/generated_H3_128C_pruned50/260-123286-0010_generated.wav,2.575011,0.074532,0.071549,0.028944,0.027786,2.047586,0.926141,0.378058
H3_128C_pruned50_Physical_pruning,260-123286-0011.wav,generated_audios/generated_H3_128C_pruned50/260-123286-0011_generated.wav,4.255011,0.127041,0.123848,0.029857,0.029106,2.116114,0.918952,0.386518
H3_128C_pruned50_Physical_pruning,260-123286-0012.wav,generated_audios/generated_H3_128C_pruned50/260-123286-0012_generated.wav,2.430023,0.073294,0.070285,0.030162,0.028923,1.936996,0.928874,0.393967
H3_128C_pruned50_Physical_pruning,260-123286-0013.wav,generated_audios/generated_H3_128C_pruned50/260-123286-0013_generated.wav,4.730023,1.296185,1.292881,0.274034,0.273335,1.908401,0.908286,0.382867
H3_128C_pruned50_Physical_pruning,260-123286-0014.wav,generated_audios/generated_H3_128C_pruned50/260-123286-0014_generated.wav,2.98,0.090854,0.087464,0.030488,0.02935,1.582623,0.904987,0.35142
H3_128C_pruned50_Physical_pruning,260-123286-0015.wav,generated_audios/generated_H3_128C_pruned50/260-123286-0015_generated.wav,5.210023,1.458738,1.455443,0.279987,0.279354,1.810098,0.914777,0.401417
H3_128C_pruned50_Physical_pruning,260-123286-0016.wav,generated_audios/generated_H3_128C_pruned50/260-123286-0016_generated.wav,7.0,1.956873,1.953473,0.279553,0.279068,1.768114,0.920107,0.387573
H3_128C_pruned50_Physical_pruning,260-123286-0017.wav,generated_audios/generated_H3_128C_pruned50/260-123286-0017_generated.wav,3.975011,1.054577,1.05148,0.265302,0.264522,1.731394,0.913397,0.364681
H3_128C_pruned50_Physical_pruning,260-123286-0018.wav,generated_audios/generated_H3_128C_pruned50/260-123286-0018_generated.wav,5.670023,1.60584,1.602183,0.283216,0.282571,1.848717,0.910919,0.398147
H3_128C_pruned50_Physical_pruning,260-123286-0019.wav,generated_audios/generated_H3_128C_pruned50/260-123286-0019_generated.wav,11.905034,3.592064,3.587995,0.301727,0.301385,1.834944,0.922753,0.383244
H3_128C_pruned50_Physical_pruning,260-123286-0020.wav,generated_audios/generated_H3_128C_pruned50/260-123286-0020_generated.wav,3.06,0.089463,0.085944,0.029236,0.028086,1.732924,0.939398,0.326777
H3_128C_pruned50_Physical_pruning,260-123286-0021.wav,generated_audios/generated_H3_128C_pruned50/260-123286-0021_generated.wav,2.550023,0.688304,0.685258,0.269921,0.268726,2.060278,0.940803,0.394548
H3_128C_pruned50_Physical_pruning,260-123286-0022.wav,generated_audios/generated_H3_128C_pruned50/260-123286-0022_generated.wav,3.235011,0.892995,0.8899,0.276041,0.275084,2.022324,0.928651,0.380121
H3_128C_pruned50_Physical_pruning,260-123286-0023.wav,generated_audios/generated_H3_128C_pruned50/260-123286-0023_generated.wav,5.875011,1.646879,1.643507,0.280319,0.279745,1.954244,0.927994,0.404918
H3_128C_pruned50_Physical_pruning,260-123286-0024.wav,generated_audios/generated_H3_128C_pruned50/260-123286-0024_generated.wav,3.04,0.832838,0.829613,0.27396,0.272899,1.688309,0.919143,0.411453
H3_128C_pruned50_Physical_pruning,260-123286-0025.wav,generated_audios/generated_H3_128C_pruned50/260-123286-0025_generated.wav,9.205034,2.505436,2.501609,0.272181,0.271765,1.835105,0.914153,0.394265
H3_128C_pruned50_Physical_pruning,260-123286-0026.wav,generated_audios/generated_H3_128C_pruned50/260-123286-0026_generated.wav,6.94,1.890232,1.886822,0.272368,0.271876,1.804663,0.91393,0.391969
H3_128C_pruned50_Physical_pruning,260-123286-0027.wav,generated_audios/generated_H3_128C_pruned50/260-123286-0027_generated.wav,7.170023,2.091076,2.08754,0.291642,0.291148,1.753932,0.907695,0.396005
H3_128C_pruned50_Physical_pruning,260-123286-0028.wav,generated_audios/generated_H3_128C_pruned50/260-123286-0028_generated.wav,7.465034,2.036275,2.032592,0.272775,0.272282,1.630676,0.907295,0.395384
H3_128C_pruned50_Physical_pruning,260-123286-0029.wav,generated_audios/generated_H3_128C_pruned50/260-123286-0029_generated.wav,4.545034,0.11718,0.113427,0.025782,0.024956,1.888659,0.921752,0.381869
H3_128C_pruned50_Physical_pruning,260-123286-0030.wav,generated_audios/generated_H3_128C_pruned50/260-123286-0030_generated.wav,7.530023,0.19602,0.192283,0.026032,0.025535,1.708806,0.916317,0.40424
H3_128C_pruned50_Physical_pruning,260-123286-0031.wav,generated_audios/generated_H3_128C_pruned50/260-123286-0031_generated.wav,5.06,1.36757,1.36405,0.270271,0.269575,1.857015,0.921969,0.359193
H3_128C_pruned50_Physical_pruning,260-123288-0000.wav,generated_audios/generated_H3_128C_pruned50/260-123288-0000_generated.wav,3.04,0.071085,0.067681,0.023383,0.022263,2.065944,0.917563,0.384773
H3_128C_pruned50_Physical_pruning,260-123288-0001.wav,generated_audios/generated_H3_128C_pruned50/260-123288-0001_generated.wav,5.08,0.130368,0.127174,0.025663,0.025034,2.035535,0.918521,0.374779
H3_128C_pruned50_Physical_pruning,260-123288-0002.wav,generated_audios/generated_H3_128C_pruned50/260-123288-0002_generated.wav,7.250023,1.98917,1.985475,0.274367,0.273858,1.720984,0.907967,0.401783
H3_128C_pruned50_Physical_pruning,260-123288-0003.wav,generated_audios/generated_H3_128C_pruned50/260-123288-0003_generated.wav,8.905034,2.541138,2.537544,0.28536,0.284956,1.805321,0.924245,0.389798
H3_128C_pruned50_Physical_pruning,260-123288-0004.wav,generated_audios/generated_H3_128C_pruned50/260-123288-0004_generated.wav,4.310023,1.19891,1.195806,0.278168,0.277448,2.146972,0.899985,0.372962
H3_128C_pruned50_Physical_pruning,260-123288-0005.wav,generated_audios/generated_H3_128C_pruned50/260-123288-0005_generated.wav,12.550023,3.66427,3.659778,0.291973,0.291615,1.809823,0.91719,0.385765
H3_128C_pruned50_Physical_pruning,260-123288-0006.wav,generated_audios/generated_H3_128C_pruned50/260-123288-0006_generated.wav,4.88,1.310569,1.306856,0.268559,0.267798,1.777036,0.908777,0.3604
H3_128C_pruned50_Physical_pruning,260-123288-0007.wav,generated_audios/generated_H3_128C_pruned50/260-123288-0007_generated.wav,11.2,3.246409,3.242294,0.289858,0.289491,1.738737,0.916903,0.39954
H3_128C_pruned50_Physical_pruning,260-123288-0008.wav,generated_audios/generated_H3_128C_pruned50/260-123288-0008_generated.wav,5.515011,1.554393,1.550833,0.281848,0.281202,1.883303,0.915892,0.418673
H3_128C_pruned50_Physical_pruning,260-123288-0009.wav,generated_audios/generated_H3_128C_pruned50/260-123288-0009_generated.wav,3.435011,0.958676,0.955331,0.279089,0.278116,2.008892,0.911521,0.402587
H3_128C_pruned50_Physical_pruning,260-123288-0010.wav,generated_audios/generated_H3_128C_pruned50/260-123288-0010_generated.wav,9.995011,0.261638,0.257327,0.026177,0.025746,1.903507,0.918754,0.381871
H3_128C_pruned50_Physical_pruning,260-123288-0011.wav,generated_audios/generated_H3_128C_pruned50/260-123288-0011_generated.wav,8.98,2.638016,2.633994,0.293766,0.293318,1.864842,0.91663,0.383985
H3_128C_pruned50_Physical_pruning,260-123288-0012.wav,generated_audios/generated_H3_128C_pruned50/260-123288-0012_generated.wav,3.545034,0.989441,0.986146,0.279106,0.278177,1.873207,0.908037,0.40432
H3_128C_pruned50_Physical_pruning,260-123288-0013.wav,generated_audios/generated_H3_128C_pruned50/260-123288-0013_generated.wav,11.385079,3.545894,3.541935,0.311451,0.311103,1.83248,0.915601,0.394986
H3_128C_pruned50_Physical_pruning,260-123288-0014.wav,generated_audios/generated_H3_128C_pruned50/260-123288-0014_generated.wav,1.805034,0.064786,0.061299,0.035892,0.03396,1.99993,0.921366,0.390163
H3_128C_pruned50_Physical_pruning,260-123288-0015.wav,generated_audios/generated_H3_128C_pruned50/260-123288-0015_generated.wav,21.185034,6.241437,6.236119,0.294615,0.294364,1.814389,0.919848,0.395446
H3_128C_pruned50_Physical_pruning,260-123288-0016.wav,generated_audios/generated_H3_128C_pruned50/260-123288-0016_generated.wav,4.865034,1.40645,1.402878,0.289094,0.288359,2.043924,0.909714,0.393763
H3_128C_pruned50_Physical_pruning,260-123288-0017.wav,generated_audios/generated_H3_128C_pruned50/260-123288-0017_generated.wav,5.225034,1.42103,1.417484,0.271966,0.271287,1.827446,0.937232,0.399633
H3_128C_pruned50_Physical_pruning,260-123288-0018.wav,generated_audios/generated_H3_128C_pruned50/260-123288-0018_generated.wav,3.245034,0.911499,0.90827,0.280891,0.279896,1.847224,0.932371,0.418181
H3_128C_pruned50_Physical_pruning,260-123288-0019.wav,generated_audios/generated_H3_128C_pruned50/260-123288-0019_generated.wav,2.955011,0.083169,0.079946,0.028145,0.027054,1.641326,0.918816,0.381365
H3_128C_pruned50_Physical_pruning,260-123288-0020.wav,generated_audios/generated_H3_128C_pruned50/260-123288-0020_generated.wav,2.9,0.81946,0.816121,0.282573,0.281421,1.886938,0.929526,0.37487
H3_128C_pruned50_Physical_pruning,260-123288-0021.wav,generated_audios/generated_H3_128C_pruned50/260-123288-0021_generated.wav,2.710023,0.081922,0.07882,0.030229,0.029084,2.059049,0.919604,0.39781
H3_128C_pruned50_Physical_pruning,260-123288-0022.wav,generated_audios/generated_H3_128C_pruned50/260-123288-0022_generated.wav,3.705034,1.054109,1.050968,0.284507,0.28366,1.673942,0.909309,0.396537
H3_128C_pruned50_Physical_pruning,260-123288-0023.wav,generated_audios/generated_H3_128C_pruned50/260-123288-0023_generated.wav,2.385034,0.073302,0.070506,0.030734,0.029562,1.942896,0.909288,0.358254
H3_128C_pruned50_Physical_pruning,260-123288-0024.wav,generated_audios/generated_H3_128C_pruned50/260-123288-0024_generated.wav,14.595011,4.306188,4.301717,0.295045,0.294739,1.81097,0.924799,0.402324
H3_128C_pruned50_Physical_pruning,260-123288-0025.wav,generated_audios/generated_H3_128C_pruned50/260-123288-0025_generated.wav,13.445034,4.026531,4.022066,0.299481,0.299149,1.881872,0.920063,0.401501
H3_128C_pruned50_Physical_pruning,260-123288-0026.wav,generated_audios/generated_H3_128C_pruned50/260-123288-0026_generated.wav,16.04,5.089669,5.084922,0.317311,0.317015,1.882398,0.930455,0.401822
H3_128C_pruned50_Physical_pruning,260-123288-0027.wav,generated_audios/generated_H3_128C_pruned50/260-123288-0027_generated.wav,6.305034,1.748044,1.74461,0.277246,0.276701,2.145897,0.939332,0.391702
H3_128C_pruned50_Physical_pruning,260-123288-0028.wav,generated_audios/generated_H3_128C_pruned50/260-123288-0028_generated.wav,2.610023,0.741225,0.73788,0.283992,0.28271,2.102935,0.941376,0.379745
H3_128C_pruned50_Physical_pruning,260-123440-0000.wav,generated_audios/generated_H3_128C_pruned50/260-123440-0000_generated.wav,2.165034,0.595493,0.592366,0.27505,0.273606,1.508831,0.876413,0.407751
H3_128C_pruned50_Physical_pruning,260-123440-0001.wav,generated_audios/generated_H3_128C_pruned50/260-123440-0001_generated.wav,1.74,0.471028,0.467985,0.270706,0.268957,2.029326,0.905899,0.352842
H3_128C_pruned50_Physical_pruning,260-123440-0002.wav,generated_audios/generated_H3_128C_pruned50/260-123440-0002_generated.wav,14.715011,4.601753,4.596334,0.312725,0.312357,1.917343,0.918893,0.394179
H3_128C_pruned50_Physical_pruning,260-123440-0003.wav,generated_audios/generated_H3_128C_pruned50/260-123440-0003_generated.wav,3.585034,1.040032,1.036601,0.290104,0.289147,1.795755,0.927307,0.400218
H3_128C_pruned50_Physical_pruning,260-123440-0004.wav,generated_audios/generated_H3_128C_pruned50/260-123440-0004_generated.wav,12.02,3.570801,3.566651,0.297072,0.296726,1.884918,0.905591,0.402357
H3_128C_pruned50_Physical_pruning,260-123440-0005.wav,generated_audios/generated_H3_128C_pruned50/260-123440-0005_generated.wav,3.105034,0.094664,0.090864,0.030487,0.029263,1.814242,0.906477,0.413096
H3_128C_pruned50_Physical_pruning,260-123440-0006.wav,generated_audios/generated_H3_128C_pruned50/260-123440-0006_generated.wav,2.715011,0.078499,0.075212,0.028913,0.027702,1.809916,0.926935,0.415099
H3_128C_pruned50_Physical_pruning,260-123440-0007.wav,generated_audios/generated_H3_128C_pruned50/260-123440-0007_generated.wav,3.385034,0.974307,0.971138,0.287828,0.286892,1.434203,0.902452,0.42058
H3_128C_pruned50_Physical_pruning,260-123440-0008.wav,generated_audios/generated_H3_128C_pruned50/260-123440-0008_generated.wav,3.745034,1.100427,1.097241,0.293836,0.292985,1.714296,0.916971,0.413109
H3_128C_pruned50_Physical_pruning,260-123440-0009.wav,generated_audios/generated_H3_128C_pruned50/260-123440-0009_generated.wav,3.115011,0.903187,0.899842,0.289947,0.288873,2.081384,0.920189,0.404479
H3_128C_pruned50_Physical_pruning,260-123440-0010.wav,generated_audios/generated_H3_128C_pruned50/260-123440-0010_generated.wav,8.315011,2.48276,2.479183,0.298588,0.298157,1.792464,0.899823,0.412702
H3_128C_pruned50_Physical_pruning,260-123440-0011.wav,generated_audios/generated_H3_128C_pruned50/260-123440-0011_generated.wav,4.870023,0.122934,0.119589,0.025243,0.024556,2.025935,0.91345,0.403558
H3_128C_pruned50_Physical_pruning,260-123440-0012.wav,generated_audios/generated_H3_128C_pruned50/260-123440-0012_generated.wav,5.245034,1.518602,1.515129,0.289531,0.288869,1.590077,0.887415,0.455456
H3_128C_pruned50_Physical_pruning,260-123440-0013.wav,generated_audios/generated_H3_128C_pruned50/260-123440-0013_generated.wav,3.475011,0.99981,0.996405,0.287714,0.286734,1.810544,0.905742,0.436153
H3_128C_pruned50_Physical_pruning,260-123440-0014.wav,generated_audios/generated_H3_128C_pruned50/260-123440-0014_generated.wav,3.815011,1.111523,1.108256,0.291355,0.290499,1.827365,0.915887,0.429585
H3_128C_pruned50_Physical_pruning,260-123440-0015.wav,generated_audios/generated_H3_128C_pruned50/260-123440-0015_generated.wav,6.2,0.182357,0.178652,0.029412,0.028815,2.011837,0.922265,0.389493
H3_128C_pruned50_Physical_pruning,260-123440-0016.wav,generated_audios/generated_H3_128C_pruned50/260-123440-0016_generated.wav,4.895011,1.457615,1.454225,0.297776,0.297083,2.081649,0.933682,0.399971
H3_128C_pruned50_Physical_pruning,260-123440-0017.wav,generated_audios/generated_H3_128C_pruned50/260-123440-0017_generated.wav,3.070023,0.098016,0.094649,0.031927,0.03083,1.982011,0.924825,0.390961
H3_128C_pruned50_Physical_pruning,260-123440-0018.wav,generated_audios/generated_H3_128C_pruned50/260-123440-0018_generated.wav,3.64,1.084848,1.081179,0.298035,0.297027,2.038565,0.929687,0.41109
H3_128C_pruned50_Physical_pruning,260-123440-0019.wav,generated_audios/generated_H3_128C_pruned50/260-123440-0019_generated.wav,6.630023,1.985237,1.981373,0.299431,0.298849,1.777026,0.91476,0.391428
H3_128C_pruned50_Physical_pruning,260-123440-0020.wav,generated_audios/generated_H3_128C_pruned50/260-123440-0020_generated.wav,4.995011,1.475702,1.47165,0.295435,0.294624,1.773085,0.920839,0.406274
H3_128C_pruned50_Physical_pruning,61-70968-0000.wav,generated_audios/generated_H3_128C_pruned50/61-70968-0000_generated.wav,4.905034,1.451059,1.447591,0.295831,0.295124,1.667886,0.90824,0.390616
H3_128C_pruned50_Physical_pruning,61-70968-0001.wav,generated_audios/generated_H3_128C_pruned50/61-70968-0001_generated.wav,3.610023,1.060594,1.057293,0.293792,0.292877,1.698792,0.884629,0.374744
H3_128C_pruned50_Physical_pruning,61-70968-0002.wav,generated_audios/generated_H3_128C_pruned50/61-70968-0002_generated.wav,2.970023,0.855621,0.852286,0.288086,0.286963,1.739485,0.877024,0.381678
H3_128C_pruned50_Physical_pruning,61-70968-0003.wav,generated_audios/generated_H3_128C_pruned50/61-70968-0003_generated.wav,4.315011,0.12154,0.11803,0.028167,0.027353,1.780353,0.903376,0.396993
H3_128C_pruned50_Physical_pruning,61-70968-0004.wav,generated_audios/generated_H3_128C_pruned50/61-70968-0004_generated.wav,3.885034,1.134257,1.13088,0.291955,0.291086,1.801876,0.909342,0.399529
H3_128C_pruned50_Physical_pruning,61-70968-0005.wav,generated_audios/generated_H3_128C_pruned50/61-70968-0005_generated.wav,5.070023,0.133335,0.129742,0.026299,0.02559,1.520738,0.861606,0.399582
H3_128C_pruned50_Physical_pruning,61-70968-0006.wav,generated_audios/generated_H3_128C_pruned50/61-70968-0006_generated.wav,2.935011,0.803804,0.800507,0.273867,0.272744,1.78817,0.918339,0.383711
H3_128C_pruned50_Physical_pruning,61-70968-0007.wav,generated_audios/generated_H3_128C_pruned50/61-70968-0007_generated.wav,3.550023,0.100259,0.097138,0.028242,0.027363,1.671233,0.831048,0.387537
H3_128C_pruned50_Physical_pruning,61-70968-0008.wav,generated_audios/generated_H3_128C_pruned50/61-70968-0008_generated.wav,3.535011,0.097749,0.094587,0.027652,0.026757,1.549734,0.891629,0.378846
H3_128C_pruned50_Physical_pruning,61-70968-0009.wav,generated_audios/generated_H3_128C_pruned50/61-70968-0009_generated.wav,4.510023,1.32546,1.321981,0.293892,0.293121,1.709,0.87513,0.382067
H3_128C_pruned50_Physical_pruning,61-70968-0010.wav,generated_audios/generated_H3_128C_pruned50/61-70968-0010_generated.wav,8.295011,2.335027,2.330997,0.281498,0.281012,1.855932,0.894529,0.379522
H3_128C_pruned50_Physical_pruning,61-70968-0011.wav,generated_audios/generated_H3_128C_pruned50/61-70968-0011_generated.wav,6.375011,1.789384,1.785637,0.280687,0.280099,1.707068,0.901095,0.383805
H3_128C_pruned50_Physical_pruning,61-70968-0012.wav,generated_audios/generated_H3_128C_pruned50/61-70968-0012_generated.wav,2.610023,0.082177,0.079049,0.031485,0.030287,1.721836,0.926709,0.404239
H3_128C_pruned50_Physical_pruning,61-70968-0013.wav,generated_audios/generated_H3_128C_pruned50/61-70968-0013_generated.wav,4.450023,0.118697,0.115301,0.026673,0.02591,1.832929,0.902965,0.377223
H3_128C_pruned50_Physical_pruning,61-70968-0014.wav,generated_audios/generated_H3_128C_pruned50/61-70968-0014_generated.wav,7.485034,2.215529,2.211975,0.295994,0.29552,1.983519,0.90863,0.378015
H3_128C_pruned50_Physical_pruning,61-70968-0015.wav,generated_audios/generated_H3_128C_pruned50/61-70968-0015_generated.wav,5.375011,1.510382,1.507035,0.281001,0.280378,1.76666,0.900407,0.395665
H3_128C_pruned50_Physical_pruning,61-70968-0016.wav,generated_audios/generated_H3_128C_pruned50/61-70968-0016_generated.wav,3.72,1.091635,1.08858,0.29345,0.292629,1.747152,0.930539,0.392482
H3_128C_pruned50_Physical_pruning,61-70968-0017.wav,generated_audios/generated_H3_128C_pruned50/61-70968-0017_generated.wav,5.110023,1.518939,1.515433,0.297247,0.296561,1.603712,0.90569,0.385088
H3_128C_pruned50_Physical_pruning,61-70968-0018.wav,generated_audios/generated_H3_128C_pruned50/61-70968-0018_generated.wav,2.405034,0.693164,0.690143,0.288214,0.286958,1.521538,0.917523,0.393903
H3_128C_pruned50_Physical_pruning,61-70968-0019.wav,generated_audios/generated_H3_128C_pruned50/61-70968-0019_generated.wav,5.475011,1.549638,1.54628,0.283038,0.282425,1.687129,0.902089,0.396077
H3_128C_pruned50_Physical_pruning,61-70968-0020.wav,generated_audios/generated_H3_128C_pruned50/61-70968-0020_generated.wav,5.105034,1.548322,1.544837,0.303293,0.30261,1.862906,0.886389,0.400461
H3_128C_pruned50_Physical_pruning,61-70968-0021.wav,generated_audios/generated_H3_128C_pruned50/61-70968-0021_generated.wav,2.690023,0.743602,0.740415,0.276429,0.275245,1.772735,0.89024,0.381168
H3_128C_pruned50_Physical_pruning,61-70968-0022.wav,generated_audios/generated_H3_128C_pruned50/61-70968-0022_generated.wav,4.670023,0.139831,0.136389,0.029942,0.029205,1.631681,0.883768,0.390927
H3_128C_pruned50_Physical_pruning,61-70968-0023.wav,generated_audios/generated_H3_128C_pruned50/61-70968-0023_generated.wav,5.025034,0.137792,0.134489,0.027421,0.026764,1.890265,0.912139,0.389822
H3_128C_pruned50_Physical_pruning,61-70968-0024.wav,generated_audios/generated_H3_128C_pruned50/61-70968-0024_generated.wav,6.025034,1.803676,1.79984,0.299364,0.298727,1.803691,0.87995,0.391267
H3_128C_pruned50_Physical_pruning,61-70968-0025.wav,generated_audios/generated_H3_128C_pruned50/61-70968-0025_generated.wav,4.410023,0.1159,0.112344,0.026281,0.025475,1.83406,0.903378,0.386061
H3_128C_pruned50_Physical_pruning,61-70968-0026.wav,generated_audios/generated_H3_128C_pruned50/61-70968-0026_generated.wav,4.92,1.381657,1.378423,0.280825,0.280167,1.795608,0.930224,0.373761
H3_128C_pruned50_Physical_pruning,61-70968-0027.wav,generated_audios/generated_H3_128C_pruned50/61-70968-0027_generated.wav,6.870023,1.9585,1.954958,0.285079,0.284564,1.990128,0.919127,0.374885
H3_128C_pruned50_Physical_pruning,61-70968-0028.wav,generated_audios/generated_H3_128C_pruned50/61-70968-0028_generated.wav,5.355011,1.628106,1.624513,0.304034,0.303363,1.843788,0.920556,0.381887
H3_128C_pruned50_Physical_pruning,61-70968-0029.wav,generated_audios/generated_H3_128C_pruned50/61-70968-0029_generated.wav,3.495011,1.030371,1.026958,0.294812,0.293835,2.059915,0.908114,0.378729
H3_128C_pruned50_Physical_pruning,61-70968-0030.wav,generated_audios/generated_H3_128C_pruned50/61-70968-0030_generated.wav,5.685034,1.625742,1.62199,0.285969,0.285309,1.770362,0.9005,0.373408
H3_128C_pruned50_Physical_pruning,61-70968-0031.wav,generated_audios/generated_H3_128C_pruned50/61-70968-0031_generated.wav,2.925034,0.876488,0.873258,0.299651,0.298546,1.683203,0.866129,0.377725
H3_128C_pruned50_Physical_pruning,61-70968-0032.wav,generated_audios/generated_H3_128C_pruned50/61-70968-0032_generated.wav,4.28,0.115885,0.112685,0.027076,0.026328,1.819314,0.902994,0.37815
H3_128C_pruned50_Physical_pruning,61-70968-0033.wav,generated_audios/generated_H3_128C_pruned50/61-70968-0033_generated.wav,5.685034,0.119546,0.116104,0.021028,0.020423,2.057976,0.932145,0.373275
H3_128C_pruned50_Physical_pruning,61-70968-0034.wav,generated_audios/generated_H3_128C_pruned50/61-70968-0034_generated.wav,4.230023,1.26385,1.260127,0.298781,0.297901,1.672255,0.908237,0.417071
H3_128C_pruned50_Physical_pruning,61-70968-0035.wav,generated_audios/generated_H3_128C_pruned50/61-70968-0035_generated.wav,7.950023,2.275671,2.271553,0.286247,0.285729,1.67781,0.907346,0.383014
H3_128C_pruned50_Physical_pruning,61-70968-0036.wav,generated_audios/generated_H3_128C_pruned50/61-70968-0036_generated.wav,2.934966,0.090965,0.087502,0.030993,0.029814,1.683702,0.896681,0.376063
H3_128C_pruned50_Physical_pruning,61-70968-0037.wav,generated_audios/generated_H3_128C_pruned50/61-70968-0037_generated.wav,4.315011,0.117479,0.113954,0.027226,0.026409,1.074314,0.863425,0.394159
H3_128C_pruned50_Physical_pruning,61-70968-0038.wav,generated_audios/generated_H3_128C_pruned50/61-70968-0038_generated.wav,2.050023,0.576617,0.573537,0.281273,0.279771,1.825336,0.842376,0.385975
H3_128C_pruned50_Physical_pruning,61-70968-0039.wav,generated_audios/generated_H3_128C_pruned50/61-70968-0039_generated.wav,3.805034,1.084839,1.081683,0.285106,0.284277,1.78601,0.880214,0.389755
H3_128C_pruned50_Physical_pruning,61-70968-0040.wav,generated_audios/generated_H3_128C_pruned50/61-70968-0040_generated.wav,3.950023,1.185685,1.182387,0.300172,0.299337,1.733007,0.893068,0.385501
H3_128C_pruned50_Physical_pruning,61-70968-0041.wav,generated_audios/generated_H3_128C_pruned50/61-70968-0041_generated.wav,6.825034,0.176108,0.172574,0.025803,0.025285,1.846589,0.876122,0.390983
H3_128C_pruned50_Physical_pruning,61-70968-0042.wav,generated_audios/generated_H3_128C_pruned50/61-70968-0042_generated.wav,2.785034,0.083392,0.079979,0.029943,0.028718,2.047481,0.894088,0.381806
H3_128C_pruned50_Physical_pruning,61-70968-0043.wav,generated_audios/generated_H3_128C_pruned50/61-70968-0043_generated.wav,6.735011,2.039829,2.036166,0.302869,0.302326,1.771546,0.884853,0.372177
H3_128C_pruned50_Physical_pruning,61-70968-0044.wav,generated_audios/generated_H3_128C_pruned50/61-70968-0044_generated.wav,2.770023,0.084784,0.081811,0.030608,0.029535,1.77774,0.853401,0.383068
H3_128C_pruned50_Physical_pruning,61-70968-0045.wav,generated_audios/generated_H3_128C_pruned50/61-70968-0045_generated.wav,3.475011,0.097984,0.094777,0.028197,0.027274,1.815948,0.858056,0.370754
H3_128C_pruned50_Physical_pruning,61-70968-0046.wav,generated_audios/generated_H3_128C_pruned50/61-70968-0046_generated.wav,3.550023,0.102271,0.099075,0.028808,0.027908,1.795763,0.913072,0.390019
H3_128C_pruned50_Physical_pruning,61-70968-0047.wav,generated_audios/generated_H3_128C_pruned50/61-70968-0047_generated.wav,4.775011,1.35175,1.34839,0.283088,0.282385,1.783349,0.900285,0.385208
H3_128C_pruned50_Physical_pruning,61-70968-0048.wav,generated_audios/generated_H3_128C_pruned50/61-70968-0048_generated.wav,3.02,0.8927,0.889492,0.295596,0.294534,1.569924,0.856309,0.37723
H3_128C_pruned50_Physical_pruning,61-70968-0049.wav,generated_audios/generated_H3_128C_pruned50/61-70968-0049_generated.wav,8.250023,2.503745,2.499752,0.303483,0.302999,1.90092,0.889031,0.375992
H3_128C_pruned50_Physical_pruning,61-70968-0050.wav,generated_audios/generated_H3_128C_pruned50/61-70968-0050_generated.wav,5.58,1.600919,1.597336,0.286903,0.286261,1.742929,0.878868,0.380264
H3_128C_pruned50_Physical_pruning,61-70968-0051.wav,generated_audios/generated_H3_128C_pruned50/61-70968-0051_generated.wav,3.135011,0.900504,0.897202,0.287241,0.286188,1.789041,0.898052,0.367157
H3_128C_pruned50_Physical_pruning,61-70968-0052.wav,generated_audios/generated_H3_128C_pruned50/61-70968-0052_generated.wav,2.650023,0.72813,0.724986,0.274764,0.273577,1.698783,0.912186,0.396497
H3_128C_pruned50_Physical_pruning,61-70968-0053.wav,generated_audios/generated_H3_128C_pruned50/61-70968-0053_generated.wav,4.22,0.129743,0.126029,0.030745,0.029865,1.874484,0.896678,0.37754
H3_128C_pruned50_Physical_pruning,61-70968-0054.wav,generated_audios/generated_H3_128C_pruned50/61-70968-0054_generated.wav,7.86,2.305343,2.301592,0.293301,0.292823,1.946907,0.906785,0.37627
H3_128C_pruned50_Physical_pruning,61-70968-0055.wav,generated_audios/generated_H3_128C_pruned50/61-70968-0055_generated.wav,3.965034,0.109278,0.105578,0.02756,0.026627,2.065636,0.889719,0.371054
H3_128C_pruned50_Physical_pruning,61-70968-0056.wav,generated_audios/generated_H3_128C_pruned50/61-70968-0056_generated.wav,3.565034,0.991226,0.987941,0.278041,0.27712,1.81555,0.918024,0.374419
H3_128C_pruned50_Physical_pruning,61-70968-0057.wav,generated_audios/generated_H3_128C_pruned50/61-70968-0057_generated.wav,5.065034,0.139015,0.135705,0.027446,0.026793,1.689235,0.862367,0.389037
H3_128C_pruned50_Physical_pruning,61-70968-0058.wav,generated_audios/generated_H3_128C_pruned50/61-70968-0058_generated.wav,1.82,0.465057,0.46172,0.255526,0.253693,1.554255,0.854181,0.398489
H3_128C_pruned50_Physical_pruning,61-70968-0059.wav,generated_audios/generated_H3_128C_pruned50/61-70968-0059_generated.wav,2.170023,0.070574,0.067618,0.032522,0.03116,1.353995,0.908724,0.405331
H3_128C_pruned50_Physical_pruning,61-70968-0060.wav,generated_audios/generated_H3_128C_pruned50/61-70968-0060_generated.wav,3.735011,0.116522,0.112995,0.031197,0.030253,1.770724,0.908895,0.376279
H3_128C_pruned50_Physical_pruning,61-70968-0061.wav,generated_audios/generated_H3_128C_pruned50/61-70968-0061_generated.wav,5.530023,1.621051,1.617695,0.293136,0.29253,1.534338,0.88479,0.391122
H3_128C_pruned50_Physical_pruning,61-70968-0062.wav,generated_audios/generated_H3_128C_pruned50/61-70968-0062_generated.wav,2.555011,0.079696,0.076356,0.031192,0.029885,1.860021,0.86671,0.369759
H3_128C_pruned50_Physical_pruning,61-70970-0000.wav,generated_audios/generated_H3_128C_pruned50/61-70970-0000_generated.wav,6.075011,1.808506,1.804963,0.297696,0.297113,1.825273,0.92095,0.383728
H3_128C_pruned50_Physical_pruning,61-70970-0001.wav,generated_audios/generated_H3_128C_pruned50/61-70970-0001_generated.wav,6.155011,1.798222,1.794556,0.292156,0.29156,2.108943,0.934666,0.379373
H3_128C_pruned50_Physical_pruning,61-70970-0002.wav,generated_audios/generated_H3_128C_pruned50/61-70970-0002_generated.wav,4.165034,1.235903,1.232348,0.296733,0.29588,1.839669,0.876239,0.38405
H3_128C_pruned50_Physical_pruning,61-70970-0003.wav,generated_audios/generated_H3_128C_pruned50/61-70970-0003_generated.wav,3.835011,1.109489,1.106234,0.289305,0.288457,2.010368,0.889022,0.371511
H3_128C_pruned50_Physical_pruning,61-70970-0004.wav,generated_audios/generated_H3_128C_pruned50/61-70970-0004_generated.wav,10.515011,3.143795,3.140002,0.298982,0.298621,2.073711,0.901943,0.365123
H3_128C_pruned50_Physical_pruning,61-70970-0005.wav,generated_audios/generated_H3_128C_pruned50/61-70970-0005_generated.wav,2.02,0.571224,0.568347,0.282784,0.28136,1.939061,0.888762,0.375725
H3_128C_pruned50_Physical_pruning,61-70970-0006.wav,generated_audios/generated_H3_128C_pruned50/61-70970-0006_generated.wav,2.335011,0.70045,0.697327,0.299977,0.29864,1.615815,0.907316,0.375137
H3_128C_pruned50_Physical_pruning,61-70970-0007.wav,generated_audios/generated_H3_128C_pruned50/61-70970-0007_generated.wav,4.485034,1.378537,1.375031,0.307364,0.306582,1.840858,0.895583,0.386691
H3_128C_pruned50_Physical_pruning,61-70970-0008.wav,generated_audios/generated_H3_128C_pruned50/61-70970-0008_generated.wav,2.150023,0.663378,0.660219,0.308544,0.307075,2.289328,0.881639,0.37194
H3_128C_pruned50_Physical_pruning,61-70970-0009.wav,generated_audios/generated_H3_128C_pruned50/61-70970-0009_generated.wav,3.405034,1.08214,1.078726,0.317806,0.316803,2.089901,0.908807,0.368952
H3_128C_pruned50_Physical_pruning,61-70970-0010.wav,generated_audios/generated_H3_128C_pruned50/61-70970-0010_generated.wav,3.045034,0.087153,0.083745,0.028621,0.027502,1.892825,0.87653,0.375898
H3_128C_pruned50_Physical_pruning,61-70970-0011.wav,generated_audios/generated_H3_128C_pruned50/61-70970-0011_generated.wav,6.075011,0.147893,0.144211,0.024344,0.023738,1.749025,0.867522,0.382413
H3_128C_pruned50_Physical_pruning,61-70970-0012.wav,generated_audios/generated_H3_128C_pruned50/61-70970-0012_generated.wav,3.135011,0.095458,0.091893,0.030449,0.029312,1.901929,0.918112,0.374993
H3_128C_pruned50_Physical_pruning,61-70970-0013.wav,generated_audios/generated_H3_128C_pruned50/61-70970-0013_generated.wav,4.350023,1.314575,1.311361,0.3022,0.301461,1.86438,0.918699,0.381821
H3_128C_pruned50_Physical_pruning,61-70970-0014.wav,generated_audios/generated_H3_128C_pruned50/61-70970-0014_generated.wav,3.405034,0.074766,0.07145,0.021957,0.020984,1.95106,0.930471,0.374156
H3_128C_pruned50_Physical_pruning,61-70970-0015.wav,generated_audios/generated_H3_128C_pruned50/61-70970-0015_generated.wav,8.415011,2.56494,2.561072,0.304805,0.304346,1.761174,0.913409,0.379817
H3_128C_pruned50_Physical_pruning,61-70970-0016.wav,generated_audios/generated_H3_128C_pruned50/61-70970-0016_generated.wav,4.370023,1.335117,1.331576,0.305517,0.304707,1.800653,0.927158,0.387259
H3_128C_pruned50_Physical_pruning,61-70970-0017.wav,generated_audios/generated_H3_128C_pruned50/61-70970-0017_generated.wav,2.550023,0.078151,0.074709,0.030647,0.029297,1.83261,0.893082,0.381023
H3_128C_pruned50_Physical_pruning,61-70970-0018.wav,generated_audios/generated_H3_128C_pruned50/61-70970-0018_generated.wav,4.6,1.303859,1.300353,0.283448,0.282686,1.876899,0.893007,0.384706
H3_128C_pruned50_Physical_pruning,61-70970-0019.wav,generated_audios/generated_H3_128C_pruned50/61-70970-0019_generated.wav,3.78,1.118096,1.114873,0.295792,0.29494,1.910564,0.9072,0.377334
H3_128C_pruned50_Physical_pruning,61-70970-0020.wav,generated_audios/generated_H3_128C_pruned50/61-70970-0020_generated.wav,5.025034,0.133057,0.129518,0.026479,0.025775,1.771545,0.883674,0.381781
H3_128C_pruned50_Physical_pruning,61-70970-0021.wav,generated_audios/generated_H3_128C_pruned50/61-70970-0021_generated.wav,5.405034,1.528794,1.525145,0.282846,0.282171,1.75023,0.896893,0.382053
H3_128C_pruned50_Physical_pruning,61-70970-0022.wav,generated_audios/generated_H3_128C_pruned50/61-70970-0022_generated.wav,3.970023,0.107033,0.103509,0.02696,0.026073,1.919418,0.897484,0.379552
H3_128C_pruned50_Physical_pruning,61-70970-0023.wav,generated_audios/generated_H3_128C_pruned50/61-70970-0023_generated.wav,3.705034,0.102917,0.099315,0.027778,0.026805,1.751495,0.918642,0.388449
H3_128C_pruned50_Physical_pruning,61-70970-0024.wav,generated_audios/generated_H3_128C_pruned50/61-70970-0024_generated.wav,7.235011,2.141677,2.138109,0.296016,0.295522,1.932236,0.921626,0.38797
H3_128C_pruned50_Physical_pruning,61-70970-0025.wav,generated_audios/generated_H3_128C_pruned50/61-70970-0025_generated.wav,7.435011,2.216757,2.212775,0.298151,0.297616,2.05294,0.93183,0.37178
H3_128C_pruned50_Physical_pruning,61-70970-0026.wav,generated_audios/generated_H3_128C_pruned50/61-70970-0026_generated.wav,5.475011,0.15646,0.152845,0.028577,0.027917,1.978052,0.91574,0.3702
H3_128C_pruned50_Physical_pruning,61-70970-0027.wav,generated_audios/generated_H3_128C_pruned50/61-70970-0027_generated.wav,5.08,0.128557,0.125114,0.025306,0.024629,1.915333,0.910101,0.377239
H3_128C_pruned50_Physical_pruning,61-70970-0028.wav,generated_audios/generated_H3_128C_pruned50/61-70970-0028_generated.wav,6.550023,0.175227,0.171463,0.026752,0.026177,1.948794,0.921184,0.365582
H3_128C_pruned50_Physical_pruning,61-70970-0029.wav,generated_audios/generated_H3_128C_pruned50/61-70970-0029_generated.wav,4.030023,0.107997,0.104329,0.026798,0.025888,2.197893,0.902473,0.372797
H3_128C_pruned50_Physical_pruning,61-70970-0030.wav,generated_audios/generated_H3_128C_pruned50/61-70970-0030_generated.wav,3.24,0.092689,0.089329,0.028608,0.027571,1.721802,0.882785,0.399394
H3_128C_pruned50_Physical_pruning,61-70970-0031.wav,generated_audios/generated_H3_128C_pruned50/61-70970-0031_generated.wav,5.135011,1.517989,1.514399,0.295615,0.294916,1.71416,0.901145,0.384426
H3_128C_pruned50_Physical_pruning,61-70970-0032.wav,generated_audios/generated_H3_128C_pruned50/61-70970-0032_generated.wav,3.135011,0.08916,0.085749,0.02844,0.027352,1.665982,0.901336,0.370391
H3_128C_pruned50_Physical_pruning,61-70970-0033.wav,generated_audios/generated_H3_128C_pruned50/61-70970-0033_generated.wav,3.42,0.948303,0.945181,0.277282,0.276369,1.668774,0.899003,0.381848
H3_128C_pruned50_Physical_pruning,61-70970-0034.wav,generated_audios/generated_H3_128C_pruned50/61-70970-0034_generated.wav,4.485034,0.115785,0.112265,0.025816,0.025031,1.14045,0.87915,0.384679
H3_128C_pruned50_Physical_pruning,61-70970-0035.wav,generated_audios/generated_H3_128C_pruned50/61-70970-0035_generated.wav,7.405034,0.193875,0.190294,0.026182,0.025698,1.701875,0.914886,0.374388
H3_128C_pruned50_Physical_pruning,61-70970-0036.wav,generated_audios/generated_H3_128C_pruned50/61-70970-0036_generated.wav,6.785034,0.176788,0.173206,0.026056,0.025528,1.760099,0.905922,0.378915
H3_128C_pruned50_Physical_pruning,61-70970-0037.wav,generated_audios/generated_H3_128C_pruned50/61-70970-0037_generated.wav,5.98,1.757644,1.753841,0.29392,0.293284,1.913396,0.909904,0.378382
H3_128C_pruned50_Physical_pruning,61-70970-0038.wav,generated_audios/generated_H3_128C_pruned50/61-70970-0038_generated.wav,10.4,3.086557,3.082275,0.296784,0.296373,1.851482,0.903934,0.378936
H3_128C_pruned50_Physical_pruning,61-70970-0039.wav,generated_audios/generated_H3_128C_pruned50/61-70970-0039_generated.wav,6.665034,0.169357,0.165237,0.02541,0.024792,1.733678,0.885243,0.38645
H3_128C_pruned50_Physical_pruning,61-70970-0040.wav,generated_audios/generated_H3_128C_pruned50/61-70970-0040_generated.wav,4.165034,0.111072,0.107498,0.026668,0.02581,1.761882,0.915001,0.381404
H3_128C_pruned50_Physical_pruning,672-122797-0000.wav,generated_audios/generated_H3_128C_pruned50/672-122797-0000_generated.wav,4.070023,1.212489,1.209104,0.297907,0.297075,2.228029,0.930119,0.382535
H3_128C_pruned50_Physical_pruning,672-122797-0001.wav,generated_audios/generated_H3_128C_pruned50/672-122797-0001_generated.wav,15.130023,4.687793,4.683578,0.309834,0.309555,2.217958,0.920229,0.391458
H3_128C_pruned50_Physical_pruning,672-122797-0002.wav,generated_audios/generated_H3_128C_pruned50/672-122797-0002_generated.wav,13.62,3.878433,3.874073,0.28476,0.28444,2.20049,0.919266,0.383369
H3_128C_pruned50_Physical_pruning,672-122797-0003.wav,generated_audios/generated_H3_128C_pruned50/672-122797-0003_generated.wav,4.76,1.430162,1.426342,0.300454,0.299652,1.598141,0.888708,0.385417
H3_128C_pruned50_Physical_pruning,672-122797-0004.wav,generated_audios/generated_H3_128C_pruned50/672-122797-0004_generated.wav,10.250023,2.978449,2.974141,0.29058,0.290159,2.074396,0.885753,0.394444
H3_128C_pruned50_Physical_pruning,672-122797-0005.wav,generated_audios/generated_H3_128C_pruned50/672-122797-0005_generated.wav,3.26,0.954191,0.950729,0.292697,0.291635,2.037885,0.825974,0.393545
H3_128C_pruned50_Physical_pruning,672-122797-0006.wav,generated_audios/generated_H3_128C_pruned50/672-122797-0006_generated.wav,13.950023,4.381709,4.377083,0.3141,0.313769,1.547486,0.799585,0.435643
H3_128C_pruned50_Physical_pruning,672-122797-0007.wav,generated_audios/generated_H3_128C_pruned50/672-122797-0007_generated.wav,6.42,1.896829,1.892941,0.295456,0.294851,2.035406,0.837712,0.395979
H3_128C_pruned50_Physical_pruning,672-122797-0008.wav,generated_audios/generated_H3_128C_pruned50/672-122797-0008_generated.wav,30.810023,9.462172,9.455424,0.307113,0.306894,2.061352,0.849178,0.389416
H3_128C_pruned50_Physical_pruning,672-122797-0009.wav,generated_audios/generated_H3_128C_pruned50/672-122797-0009_generated.wav,2.765034,0.083536,0.080553,0.030211,0.029133,1.412828,0.783498,0.468347
H3_128C_pruned50_Physical_pruning,672-122797-0010.wav,generated_audios/generated_H3_128C_pruned50/672-122797-0010_generated.wav,3.815011,0.106843,0.103204,0.028006,0.027052,1.897683,0.885776,0.408289
H3_128C_pruned50_Physical_pruning,672-122797-0011.wav,generated_audios/generated_H3_128C_pruned50/672-122797-0011_generated.wav,2.54,0.785466,0.782115,0.309238,0.307919,1.531939,0.817431,0.483709
H3_128C_pruned50_Physical_pruning,672-122797-0012.wav,generated_audios/generated_H3_128C_pruned50/672-122797-0012_generated.wav,7.765034,2.407069,2.403524,0.309988,0.309532,1.796953,0.863585,0.406213
H3_128C_pruned50_Physical_pruning,672-122797-0013.wav,generated_audios/generated_H3_128C_pruned50/672-122797-0013_generated.wav,8.705034,2.701315,2.697363,0.310316,0.309862,1.88332,0.828055,0.413279
H3_128C_pruned50_Physical_pruning,672-122797-0014.wav,generated_audios/generated_H3_128C_pruned50/672-122797-0014_generated.wav,2.555011,0.080059,0.07659,0.031334,0.029976,1.752493,0.871139,0.439997
H3_128C_pruned50_Physical_pruning,672-122797-0015.wav,generated_audios/generated_H3_128C_pruned50/672-122797-0015_generated.wav,4.455011,0.115457,0.112135,0.025916,0.025171,1.786801,0.836676,0.458198
H3_128C_pruned50_Physical_pruning,672-122797-0016.wav,generated_audios/generated_H3_128C_pruned50/672-122797-0016_generated.wav,9.215011,2.768113,2.764185,0.300392,0.299965,1.59616,0.829426,0.429874
H3_128C_pruned50_Physical_pruning,672-122797-0017.wav,generated_audios/generated_H3_128C_pruned50/672-122797-0017_generated.wav,4.82,1.423825,1.420051,0.295399,0.294616,1.477554,0.821765,0.451767
H3_128C_pruned50_Physical_pruning,672-122797-0018.wav,generated_audios/generated_H3_128C_pruned50/672-122797-0018_generated.wav,4.930023,1.484067,1.480345,0.301026,0.300272,1.860731,0.882231,0.396344
H3_128C_pruned50_Physical_pruning,672-122797-0019.wav,generated_audios/generated_H3_128C_pruned50/672-122797-0019_generated.wav,4.110023,1.18324,1.179431,0.287891,0.286965,1.895573,0.861849,0.417396
H3_128C_pruned50_Physical_pruning,672-122797-0020.wav,generated_audios/generated_H3_128C_pruned50/672-122797-0020_generated.wav,8.825034,2.678527,2.674373,0.303515,0.303044,1.738908,0.831372,0.397862
H3_128C_pruned50_Physical_pruning,672-122797-0021.wav,generated_audios/generated_H3_128C_pruned50/672-122797-0021_generated.wav,4.150023,0.116486,0.113053,0.028069,0.027241,1.816516,0.919289,0.394071
H3_128C_pruned50_Physical_pruning,672-122797-0022.wav,generated_audios/generated_H3_128C_pruned50/672-122797-0022_generated.wav,19.004943,5.806931,5.801823,0.305548,0.30528,1.985324,0.841124,0.389472
H3_128C_pruned50_Physical_pruning,672-122797-0023.wav,generated_audios/generated_H3_128C_pruned50/672-122797-0023_generated.wav,9.695102,2.879506,2.876852,0.297006,0.296733,1.922694,0.864262,0.388243
H3_128C_pruned50_Physical_pruning,672-122797-0024.wav,generated_audios/generated_H3_128C_pruned50/672-122797-0024_generated.wav,4.130023,1.205707,1.202017,0.291937,0.291044,1.776691,0.826661,0.382768
H3_128C_pruned50_Physical_pruning,672-122797-0025.wav,generated_audios/generated_H3_128C_pruned50/672-122797-0025_generated.wav,10.690023,3.230096,3.226186,0.30216,0.301794,2.082456,0.894446,0.396576
H3_128C_pruned50_Physical_pruning,672-122797-0026.wav,generated_audios/generated_H3_128C_pruned50/672-122797-0026_generated.wav,13.96,4.331251,4.326507,0.310262,0.309922,1.848222,0.864159,0.391865
H3_128C_pruned50_Physical_pruning,672-122797-0027.wav,generated_audios/generated_H3_128C_pruned50/672-122797-0027_generated.wav,4.790023,0.124014,0.120693,0.02589,0.025197,1.840346,0.820661,0.377076
H3_128C_pruned50_Physical_pruning,672-122797-0028.wav,generated_audios/generated_H3_128C_pruned50/672-122797-0028_generated.wav,2.610023,0.084171,0.080864,0.032249,0.030982,1.980605,0.896263,0.398721
H3_128C_pruned50_Physical_pruning,672-122797-0029.wav,generated_audios/generated_H3_128C_pruned50/672-122797-0029_generated.wav,3.050023,0.088558,0.085309,0.029035,0.02797,2.617968,0.925476,0.398396
H3_128C_pruned50_Physical_pruning,672-122797-0030.wav,generated_audios/generated_H3_128C_pruned50/672-122797-0030_generated.wav,4.575011,1.350325,1.346972,0.295152,0.294419,1.765895,0.879063,0.421224
H3_128C_pruned50_Physical_pruning,672-122797-0031.wav,generated_audios/generated_H3_128C_pruned50/672-122797-0031_generated.wav,3.98,0.121736,0.11857,0.030587,0.029792,1.519548,0.840889,0.424846
H3_128C_pruned50_Physical_pruning,672-122797-0032.wav,generated_audios/generated_H3_128C_pruned50/672-122797-0032_generated.wav,4.0,0.111837,0.108274,0.027959,0.027069,1.758863,0.838003,0.396017
H3_128C_pruned50_Physical_pruning,672-122797-0033.wav,generated_audios/generated_H3_128C_pruned50/672-122797-0033_generated.wav,1.285034,0.342853,0.339949,0.266805,0.264545,1.251137,0.787197,0.444192
H3_128C_pruned50_Physical_pruning,672-122797-0034.wav,generated_audios/generated_H3_128C_pruned50/672-122797-0034_generated.wav,5.110023,0.128717,0.125096,0.025189,0.024481,1.476249,0.891169,0.411784
H3_128C_pruned50_Physical_pruning,672-122797-0035.wav,generated_audios/generated_H3_128C_pruned50/672-122797-0035_generated.wav,2.9,0.085975,0.082671,0.029647,0.028507,2.027405,0.905257,0.423407
H3_128C_pruned50_Physical_pruning,672-122797-0036.wav,generated_audios/generated_H3_128C_pruned50/672-122797-0036_generated.wav,5.365034,0.136577,0.133407,0.025457,0.024866,1.442931,0.782481,0.44878
H3_128C_pruned50_Physical_pruning,672-122797-0037.wav,generated_audios/generated_H3_128C_pruned50/672-122797-0037_generated.wav,1.96,0.557135,0.554069,0.284253,0.282688,1.287791,0.786286,0.505967
H3_128C_pruned50_Physical_pruning,672-122797-0038.wav,generated_audios/generated_H3_128C_pruned50/672-122797-0038_generated.wav,8.8,2.687222,2.683246,0.305366,0.304914,1.971028,0.855732,0.391943
H3_128C_pruned50_Physical_pruning,672-122797-0039.wav,generated_audios/generated_H3_128C_pruned50/672-122797-0039_generated.wav,4.025034,1.205015,1.20103,0.29938,0.29839,2.002365,0.878554,0.412394
H3_128C_pruned50_Physical_pruning,672-122797-0040.wav,generated_audios/generated_H3_128C_pruned50/672-122797-0040_generated.wav,5.125034,0.132484,0.128746,0.02585,0.025121,1.860587,0.871331,0.39439
H3_128C_pruned50_Physical_pruning,672-122797-0041.wav,generated_audios/generated_H3_128C_pruned50/672-122797-0041_generated.wav,3.88,0.104481,0.100854,0.026928,0.025993,1.846872,0.881045,0.396437
H3_128C_pruned50_Physical_pruning,672-122797-0042.wav,generated_audios/generated_H3_128C_pruned50/672-122797-0042_generated.wav,15.310023,4.705341,4.700974,0.307337,0.307052,2.036261,0.742291,0.385009
H3_128C_pruned50_Physical_pruning,672-122797-0043.wav,generated_audios/generated_H3_128C_pruned50/672-122797-0043_generated.wav,3.78,0.105818,0.102164,0.027994,0.027027,1.417508,0.775719,0.444014
H3_128C_pruned50_Physical_pruning,672-122797-0044.wav,generated_audios/generated_H3_128C_pruned50/672-122797-0044_generated.wav,3.74,0.103277,0.099905,0.027614,0.026713,2.150436,0.844017,0.395599
H3_128C_pruned50_Physical_pruning,672-122797-0045.wav,generated_audios/generated_H3_128C_pruned50/672-122797-0045_generated.wav,13.96,0.352333,0.348052,0.025239,0.024932,2.065194,0.912071,0.386269
H3_128C_pruned50_Physical_pruning,672-122797-0046.wav,generated_audios/generated_H3_128C_pruned50/672-122797-0046_generated.wav,4.715011,1.403259,1.399967,0.297615,0.296917,2.037393,0.867582,0.415268
H3_128C_pruned50_Physical_pruning,672-122797-0047.wav,generated_audios/generated_H3_128C_pruned50/672-122797-0047_generated.wav,3.325034,0.981051,0.977712,0.29505,0.294046,1.926687,0.837893,0.444821
H3_128C_pruned50_Physical_pruning,672-122797-0048.wav,generated_audios/generated_H3_128C_pruned50/672-122797-0048_generated.wav,6.555011,0.18224,0.178826,0.027802,0.027281,1.664408,0.781794,0.394441
H3_128C_pruned50_Physical_pruning,672-122797-0049.wav,generated_audios/generated_H3_128C_pruned50/672-122797-0049_generated.wav,2.02,0.066389,0.063144,0.032866,0.031259,1.326083,0.785994,0.413351
H3_128C_pruned50_Physical_pruning,672-122797-0050.wav,generated_audios/generated_H3_128C_pruned50/672-122797-0050_generated.wav,4.855011,1.446109,1.442825,0.297859,0.297183,1.781414,0.869606,0.393749
H3_128C_pruned50_Physical_pruning,672-122797-0051.wav,generated_audios/generated_H3_128C_pruned50/672-122797-0051_generated.wav,4.665034,1.42286,1.420682,0.305005,0.304538,1.915432,0.857565,0.407702
H3_128C_pruned50_Physical_pruning,672-122797-0052.wav,generated_audios/generated_H3_128C_pruned50/672-122797-0052_generated.wav,4.285034,1.240853,1.237466,0.289578,0.288788,1.67033,0.865539,0.429449
H3_128C_pruned50_Physical_pruning,672-122797-0053.wav,generated_audios/generated_H3_128C_pruned50/672-122797-0053_generated.wav,2.955011,0.086911,0.083738,0.029411,0.028337,1.760205,0.832671,0.388502
H3_128C_pruned50_Physical_pruning,672-122797-0054.wav,generated_audios/generated_H3_128C_pruned50/672-122797-0054_generated.wav,4.250023,0.126441,0.123065,0.029751,0.028956,2.229542,0.816959,0.397921
H3_128C_pruned50_Physical_pruning,672-122797-0055.wav,generated_audios/generated_H3_128C_pruned50/672-122797-0055_generated.wav,8.230023,2.353558,2.349508,0.285972,0.28548,1.936691,0.844546,0.387834
H3_128C_pruned50_Physical_pruning,672-122797-0056.wav,generated_audios/generated_H3_128C_pruned50/672-122797-0056_generated.wav,5.225034,0.137181,0.133653,0.026255,0.025579,2.032627,0.894472,0.386129
H3_128C_pruned50_Physical_pruning,672-122797-0057.wav,generated_audios/generated_H3_128C_pruned50/672-122797-0057_generated.wav,6.56,0.171287,0.167481,0.026111,0.025531,1.924756,0.808083,0.409029
H3_128C_pruned50_Physical_pruning,672-122797-0058.wav,generated_audios/generated_H3_128C_pruned50/672-122797-0058_generated.wav,4.470023,1.340986,1.337521,0.299995,0.29922,1.250929,0.782481,0.439361
H3_128C_pruned50_Physical_pruning,672-122797-0059.wav,generated_audios/generated_H3_128C_pruned50/672-122797-0059_generated.wav,3.52,1.03216,1.028746,0.293227,0.292257,2.037392,0.882788,0.392188
H3_128C_pruned50_Physical_pruning,672-122797-0060.wav,generated_audios/generated_H3_128C_pruned50/672-122797-0060_generated.wav,3.350023,0.097693,0.09441,0.029162,0.028182,2.183696,0.920734,0.397249
H3_128C_pruned50_Physical_pruning,672-122797-0061.wav,generated_audios/generated_H3_128C_pruned50/672-122797-0061_generated.wav,7.590023,2.358803,2.354916,0.310777,0.310265,1.560466,0.85296,0.446589
H3_128C_pruned50_Physical_pruning,672-122797-0062.wav,generated_audios/generated_H3_128C_pruned50/672-122797-0062_generated.wav,2.675011,0.81681,0.813468,0.305348,0.304099,1.917991,0.73206,0.399218
H3_128C_pruned50_Physical_pruning,672-122797-0063.wav,generated_audios/generated_H3_128C_pruned50/672-122797-0063_generated.wav,5.075011,0.127272,0.123699,0.025078,0.024374,1.936628,0.886473,0.396264
H3_128C_pruned50_Physical_pruning,672-122797-0064.wav,generated_audios/generated_H3_128C_pruned50/672-122797-0064_generated.wav,15.270023,4.662261,4.657839,0.305321,0.305032,1.926466,0.846066,0.405434
H3_128C_pruned50_Physical_pruning,672-122797-0065.wav,generated_audios/generated_H3_128C_pruned50/672-122797-0065_generated.wav,3.030023,0.088588,0.085217,0.029237,0.028124,1.866347,0.840055,0.408393
H3_128C_pruned50_Physical_pruning,672-122797-0066.wav,generated_audios/generated_H3_128C_pruned50/672-122797-0066_generated.wav,4.815011,0.128832,0.125268,0.026756,0.026016,2.019239,0.923046,0.395316
H3_128C_pruned50_Physical_pruning,672-122797-0067.wav,generated_audios/generated_H3_128C_pruned50/672-122797-0067_generated.wav,13.035011,3.781248,3.77693,0.290084,0.289753,1.958413,0.897927,0.394863
H3_128C_pruned50_Physical_pruning,672-122797-0068.wav,generated_audios/generated_H3_128C_pruned50/672-122797-0068_generated.wav,4.02,0.11409,0.110646,0.028381,0.027524,1.867475,0.851873,0.394832
H3_128C_pruned50_Physical_pruning,672-122797-0069.wav,generated_audios/generated_H3_128C_pruned50/672-122797-0069_generated.wav,5.010023,1.532675,1.529049,0.305922,0.305198,1.8807,0.814102,0.390005
H3_128C_pruned50_Physical_pruning,672-122797-0070.wav,generated_audios/generated_H3_128C_pruned50/672-122797-0070_generated.wav,6.270023,1.772221,1.768728,0.28265,0.282093,2.006122,0.92045,0.39368
H3_128C_pruned50_Physical_pruning,672-122797-0071.wav,generated_audios/generated_H3_128C_pruned50/672-122797-0071_generated.wav,8.875011,2.68886,2.684891,0.30297,0.302523,2.111163,0.922767,0.389892
H3_128C_pruned50_Physical_pruning,672-122797-0072.wav,generated_audios/generated_H3_128C_pruned50/672-122797-0072_generated.wav,7.94,2.452762,2.448834,0.308912,0.308417,2.127588,0.855065,0.397824
H3_128C_pruned50_Physical_pruning,672-122797-0073.wav,generated_audios/generated_H3_128C_pruned50/672-122797-0073_generated.wav,8.205034,2.521595,2.517377,0.307323,0.306809,2.252907,0.893759,0.393906
H3_128C_pruned50_Physical_pruning,672-122797-0074.wav,generated_audios/generated_H3_128C_pruned50/672-122797-0074_generated.wav,8.730023,2.68041,2.676943,0.307034,0.306636,2.1462,0.738099,0.390332
H3_128C_pruned50_Physical_pruning,908-157963-0000.wav,generated_audios/generated_H3_128C_pruned50/908-157963-0000_generated.wav,12.62,3.647528,3.643066,0.289028,0.288674,1.916033,0.90118,0.395559
H3_128C_pruned50_Physical_pruning,908-157963-0001.wav,generated_audios/generated_H3_128C_pruned50/908-157963-0001_generated.wav,2.885034,0.867971,0.864573,0.300853,0.299675,1.967985,0.93035,0.413144
H3_128C_pruned50_Physical_pruning,908-157963-0002.wav,generated_audios/generated_H3_128C_pruned50/908-157963-0002_generated.wav,2.755011,0.828535,0.825022,0.300737,0.299462,2.03096,0.919723,0.403374
H3_128C_pruned50_Physical_pruning,908-157963-0003.wav,generated_audios/generated_H3_128C_pruned50/908-157963-0003_generated.wav,3.08,0.928506,0.92515,0.301463,0.300373,2.110888,0.93678,0.405073
H3_128C_pruned50_Physical_pruning,908-157963-0004.wav,generated_audios/generated_H3_128C_pruned50/908-157963-0004_generated.wav,13.990023,4.23264,4.228268,0.302547,0.302235,1.95297,0.897432,0.396773
H3_128C_pruned50_Physical_pruning,908-157963-0005.wav,generated_audios/generated_H3_128C_pruned50/908-157963-0005_generated.wav,7.035011,2.086722,2.082691,0.29662,0.296047,1.972244,0.894634,0.396878
H3_128C_pruned50_Physical_pruning,908-157963-0006.wav,generated_audios/generated_H3_128C_pruned50/908-157963-0006_generated.wav,8.110023,2.445683,2.441825,0.301563,0.301087,1.819806,0.891162,0.40362
H3_128C_pruned50_Physical_pruning,908-157963-0007.wav,generated_audios/generated_H3_128C_pruned50/908-157963-0007_generated.wav,32.770023,10.133103,10.126798,0.309219,0.309026,1.863763,0.900168,0.400008
H3_128C_pruned50_Physical_pruning,908-157963-0008.wav,generated_audios/generated_H3_128C_pruned50/908-157963-0008_generated.wav,19.950023,6.114203,6.108856,0.306476,0.306208,1.899787,0.910888,0.394644
H3_128C_pruned50_Physical_pruning,908-157963-0009.wav,generated_audios/generated_H3_128C_pruned50/908-157963-0009_generated.wav,4.06,1.235926,1.233019,0.304415,0.303699,2.079379,0.917705,0.393271
H3_128C_pruned50_Physical_pruning,908-157963-0010.wav,generated_audios/generated_H3_128C_pruned50/908-157963-0010_generated.wav,6.28,0.158919,0.15545,0.025306,0.024753,1.919694,0.848137,0.391052
H3_128C_pruned50_Physical_pruning,908-157963-0011.wav,generated_audios/generated_H3_128C_pruned50/908-157963-0011_generated.wav,10.395011,0.266374,0.261994,0.025625,0.025204,1.760925,0.889405,0.401026
H3_128C_pruned50_Physical_pruning,908-157963-0012.wav,generated_audios/generated_H3_128C_pruned50/908-157963-0012_generated.wav,10.090023,2.999531,2.995193,0.297277,0.296847,1.803925,0.867165,0.385108
H3_128C_pruned50_Physical_pruning,908-157963-0013.wav,generated_audios/generated_H3_128C_pruned50/908-157963-0013_generated.wav,4.315011,0.121432,0.118045,0.028142,0.027357,1.928927,0.921794,0.410339
H3_128C_pruned50_Physical_pruning,908-157963-0014.wav,generated_audios/generated_H3_128C_pruned50/908-157963-0014_generated.wav,4.52,0.125133,0.121088,0.027684,0.026789,2.137925,0.903556,0.401291
H3_128C_pruned50_Physical_pruning,908-157963-0015.wav,generated_audios/generated_H3_128C_pruned50/908-157963-0015_generated.wav,14.465034,4.105253,4.100882,0.283805,0.283503,2.069188,0.922671,0.398023
H3_128C_pruned50_Physical_pruning,908-157963-0016.wav,generated_audios/generated_H3_128C_pruned50/908-157963-0016_generated.wav,5.105034,0.136214,0.132354,0.026682,0.025926,2.149187,0.931134,0.391525
H3_128C_pruned50_Physical_pruning,908-157963-0017.wav,generated_audios/generated_H3_128C_pruned50/908-157963-0017_generated.wav,4.950023,1.407838,1.404374,0.28441,0.283711,1.682676,0.920506,0.410626
H3_128C_pruned50_Physical_pruning,908-157963-0018.wav,generated_audios/generated_H3_128C_pruned50/908-157963-0018_generated.wav,4.255011,0.131215,0.127817,0.030838,0.030039,2.131381,0.903424,0.393646
H3_128C_pruned50_Physical_pruning,908-157963-0019.wav,generated_audios/generated_H3_128C_pruned50/908-157963-0019_generated.wav,21.44,6.632291,6.627081,0.309342,0.309099,1.872397,0.900455,0.398905
H3_128C_pruned50_Physical_pruning,908-157963-0020.wav,generated_audios/generated_H3_128C_pruned50/908-157963-0020_generated.wav,9.8,2.966953,2.963294,0.30275,0.302377,2.07211,0.913414,0.393328
H3_128C_pruned50_Physical_pruning,908-157963-0021.wav,generated_audios/generated_H3_128C_pruned50/908-157963-0021_generated.wav,10.24,0.273428,0.26911,0.026702,0.02628,1.874602,0.902369,0.387678
H3_128C_pruned50_Physical_pruning,908-157963-0022.wav,generated_audios/generated_H3_128C_pruned50/908-157963-0022_generated.wav,4.610023,1.411461,1.408475,0.306172,0.305524,1.783833,0.905558,0.385933
H3_128C_pruned50_Physical_pruning,908-157963-0023.wav,generated_audios/generated_H3_128C_pruned50/908-157963-0023_generated.wav,9.625034,2.987068,2.983118,0.310344,0.309933,1.846968,0.880498,0.38917
H3_128C_pruned50_Physical_pruning,908-157963-0024.wav,generated_audios/generated_H3_128C_pruned50/908-157963-0024_generated.wav,3.44,1.063061,1.05958,0.309029,0.308017,1.729564,0.886001,0.396397
H3_128C_pruned50_Physical_pruning,908-157963-0025.wav,generated_audios/generated_H3_128C_pruned50/908-157963-0025_generated.wav,9.265034,2.670585,2.666312,0.288243,0.287782,1.930888,0.899418,0.397475
H3_128C_pruned50_Physical_pruning,908-157963-0026.wav,generated_audios/generated_H3_128C_pruned50/908-157963-0026_generated.wav,8.1,2.418448,2.414353,0.298574,0.298068,1.82885,0.897543,0.388643
H3_128C_pruned50_Physical_pruning,908-157963-0027.wav,generated_audios/generated_H3_128C_pruned50/908-157963-0027_generated.wav,5.225034,0.138875,0.135332,0.026579,0.025901,1.69069,0.835544,0.392435
H3_128C_pruned50_Physical_pruning,908-157963-0028.wav,generated_audios/generated_H3_128C_pruned50/908-157963-0028_generated.wav,4.955011,0.139691,0.136015,0.028192,0.02745,1.88381,0.924615,0.395224
H3_128C_pruned50_Physical_pruning,908-157963-0029.wav,generated_audios/generated_H3_128C_pruned50/908-157963-0029_generated.wav,3.630023,1.02627,1.022808,0.282717,0.281764,1.827822,0.93832,0.399384
H3_128C_pruned50_Physical_pruning,908-157963-0030.wav,generated_audios/generated_H3_128C_pruned50/908-157963-0030_generated.wav,4.52,0.122343,0.118641,0.027067,0.026248,1.680986,0.922433,0.410568
H3_128C_pruned50_Physical_pruning,908-31957-0000.wav,generated_audios/generated_H3_128C_pruned50/908-31957-0000_generated.wav,2.125034,0.612662,0.609539,0.288307,0.286837,2.2558,0.910399,0.4173
H3_128C_pruned50_Physical_pruning,908-31957-0001.wav,generated_audios/generated_H3_128C_pruned50/908-31957-0001_generated.wav,11.315011,3.472689,3.46834,0.30691,0.306526,1.873409,0.912166,0.404055
H3_128C_pruned50_Physical_pruning,908-31957-0002.wav,generated_audios/generated_H3_128C_pruned50/908-31957-0002_generated.wav,4.790023,0.128958,0.125201,0.026922,0.026138,2.071098,0.90726,0.398244
H3_128C_pruned50_Physical_pruning,908-31957-0003.wav,generated_audios/generated_H3_128C_pruned50/908-31957-0003_generated.wav,6.565034,0.168295,0.164457,0.025635,0.02505,1.843107,0.916238,0.407667
H3_128C_pruned50_Physical_pruning,908-31957-0004.wav,generated_audios/generated_H3_128C_pruned50/908-31957-0004_generated.wav,14.755011,4.580551,4.575639,0.31044,0.310107,1.96877,0.918881,0.412967
H3_128C_pruned50_Physical_pruning,908-31957-0005.wav,generated_audios/generated_H3_128C_pruned50/908-31957-0005_generated.wav,4.490023,0.122934,0.11924,0.027379,0.026557,2.259043,0.919279,0.399419
H3_128C_pruned50_Physical_pruning,908-31957-0006.wav,generated_audios/generated_H3_128C_pruned50/908-31957-0006_generated.wav,5.890023,1.670757,1.667312,0.283659,0.283074,1.908975,0.907266,0.406668
H3_128C_pruned50_Physical_pruning,908-31957-0007.wav,generated_audios/generated_H3_128C_pruned50/908-31957-0007_generated.wav,5.8,0.147596,0.143927,0.025448,0.024815,1.951066,0.917773,0.409027
H3_128C_pruned50_Physical_pruning,908-31957-0008.wav,generated_audios/generated_H3_128C_pruned50/908-31957-0008_generated.wav,10.005034,2.81148,2.807251,0.281007,0.280584,1.87334,0.907563,0.410901
H3_128C_pruned50_Physical_pruning,908-31957-0009.wav,generated_audios/generated_H3_128C_pruned50/908-31957-0009_generated.wav,7.705034,2.172769,2.168721,0.281993,0.281468,1.962115,0.908746,0.408081
H3_128C_pruned50_Physical_pruning,908-31957-0010.wav,generated_audios/generated_H3_128C_pruned50/908-31957-0010_generated.wav,2.510023,0.709634,0.70642,0.28272,0.28144,2.012962,0.818193,0.391626
H3_128C_pruned50_Physical_pruning,908-31957-0011.wav,generated_audios/generated_H3_128C_pruned50/908-31957-0011_generated.wav,2.335011,0.075676,0.072319,0.032409,0.030972,2.050547,0.8815,0.399166
H3_128C_pruned50_Physical_pruning,908-31957-0012.wav,generated_audios/generated_H3_128C_pruned50/908-31957-0012_generated.wav,7.615011,2.267865,2.264245,0.297815,0.29734,1.911963,0.910287,0.417558
H3_128C_pruned50_Physical_pruning,908-31957-0013.wav,generated_audios/generated_H3_128C_pruned50/908-31957-0013_generated.wav,6.18,1.850005,1.846123,0.299354,0.298725,1.979329,0.89424,0.40091
H3_128C_pruned50_Physical_pruning,908-31957-0014.wav,generated_audios/generated_H3_128C_pruned50/908-31957-0014_generated.wav,7.56,2.113694,2.110091,0.279589,0.279113,1.855571,0.906562,0.393828
H3_128C_pruned50_Physical_pruning,908-31957-0015.wav,generated_audios/generated_H3_128C_pruned50/908-31957-0015_generated.wav,21.465034,6.219213,6.214108,0.289737,0.289499,1.967921,0.905415,0.396795
H3_128C_pruned50_Physical_pruning,908-31957-0016.wav,generated_audios/generated_H3_128C_pruned50/908-31957-0016_generated.wav,6.48,1.830894,1.827332,0.282545,0.281996,2.227548,0.909155,0.394987
H3_128C_pruned50_Physical_pruning,908-31957-0017.wav,generated_audios/generated_H3_128C_pruned50/908-31957-0017_generated.wav,7.795011,2.334187,2.330199,0.299446,0.298935,1.832108,0.917638,0.399204
H3_128C_pruned50_Physical_pruning,908-31957-0018.wav,generated_audios/generated_H3_128C_pruned50/908-31957-0018_generated.wav,3.915011,1.177772,1.173923,0.300835,0.299852,1.80558,0.898048,0.40053
H3_128C_pruned50_Physical_pruning,908-31957-0019.wav,generated_audios/generated_H3_128C_pruned50/908-31957-0019_generated.wav,9.54,2.944671,2.94073,0.308666,0.308253,2.063374,0.919053,0.396682
H3_128C_pruned50_Physical_pruning,908-31957-0020.wav,generated_audios/generated_H3_128C_pruned50/908-31957-0020_generated.wav,5.895011,0.168131,0.164957,0.028521,0.027982,2.110957,0.901038,0.39946
H3_128C_pruned50_Physical_pruning,908-31957-0021.wav,generated_audios/generated_H3_128C_pruned50/908-31957-0021_generated.wav,10.905034,3.133095,3.128675,0.287307,0.286902,1.887449,0.90345,0.402552
H3_128C_pruned50_Physical_pruning,908-31957-0022.wav,generated_audios/generated_H3_128C_pruned50/908-31957-0022_generated.wav,14.1,4.322492,4.318021,0.30656,0.306243,1.891964,0.909721,0.399954
H3_128C_pruned50_Physical_pruning,908-31957-0023.wav,generated_audios/generated_H3_128C_pruned50/908-31957-0023_generated.wav,8.515011,2.593423,2.588979,0.304571,0.304049,1.970098,0.915226,0.396214
H3_128C_pruned50_Physical_pruning,908-31957-0024.wav,generated_audios/generated_H3_128C_pruned50/908-31957-0024_generated.wav,7.54,2.246118,2.24228,0.297894,0.297385,1.927094,0.912512,0.400455
H3_128C_pruned50_Physical_pruning,908-31957-0025.wav,generated_audios/generated_H3_128C_pruned50/908-31957-0025_generated.wav,20.56,6.233515,6.228108,0.303187,0.302924,2.060717,0.909721,0.391928
H3_128C_pruned70_Physical_pruning,1089-134686-0000.wav,generated_audios/generated_H3_128C_pruned70/1089-134686-0000_generated.wav,10.435011,2.984663,2.978162,0.286024,0.285401,1.964001,0.923305,0.394468
H3_128C_pruned70_Physical_pruning,1089-134686-0001.wav,generated_audios/generated_H3_128C_pruned70/1089-134686-0001_generated.wav,3.275011,0.790787,0.786418,0.241461,0.240127,1.716287,0.91651,0.381601
H3_128C_pruned70_Physical_pruning,1089-134686-0002.wav,generated_audios/generated_H3_128C_pruned70/1089-134686-0002_generated.wav,6.625034,1.756818,1.753232,0.265179,0.264637,2.092444,0.909734,0.387504
H3_128C_pruned70_Physical_pruning,1089-134686-0003.wav,generated_audios/generated_H3_128C_pruned70/1089-134686-0003_generated.wav,2.68,0.679107,0.675408,0.253398,0.252018,2.144855,0.921581,0.416891
H3_128C_pruned70_Physical_pruning,1089-134686-0004.wav,generated_audios/generated_H3_128C_pruned70/1089-134686-0004_generated.wav,5.215102,1.321767,1.318595,0.25345,0.252842,2.191282,0.9352,0.393505
H3_128C_pruned70_Physical_pruning,1089-134686-0005.wav,generated_audios/generated_H3_128C_pruned70/1089-134686-0005_generated.wav,9.635011,2.529708,2.525173,0.262554,0.262083,1.826617,0.887424,0.397262
H3_128C_pruned70_Physical_pruning,1089-134686-0006.wav,generated_audios/generated_H3_128C_pruned70/1089-134686-0006_generated.wav,10.555011,2.79547,2.791187,0.264848,0.264442,1.942352,0.910098,0.395003
H3_128C_pruned70_Physical_pruning,1089-134686-0007.wav,generated_audios/generated_H3_128C_pruned70/1089-134686-0007_generated.wav,4.275011,1.066634,1.062225,0.249504,0.248473,1.872494,0.916813,0.39499
H3_128C_pruned70_Physical_pruning,1089-134686-0008.wav,generated_audios/generated_H3_128C_pruned70/1089-134686-0008_generated.wav,6.730023,1.626496,1.622833,0.241678,0.241133,1.812866,0.915369,0.385899
H3_128C_pruned70_Physical_pruning,1089-134686-0009.wav,generated_audios/generated_H3_128C_pruned70/1089-134686-0009_generated.wav,10.575011,2.957715,2.953369,0.279689,0.279278,2.124517,0.936886,0.389062
H3_128C_pruned70_Physical_pruning,1089-134686-0010.wav,generated_audios/generated_H3_128C_pruned70/1089-134686-0010_generated.wav,4.405034,1.112354,1.109154,0.252519,0.251792,2.378653,0.930065,0.38246
H3_128C_pruned70_Physical_pruning,1089-134686-0011.wav,generated_audios/generated_H3_128C_pruned70/1089-134686-0011_generated.wav,12.445034,3.255156,3.250829,0.261563,0.261215,2.025086,0.913715,0.386175
H3_128C_pruned70_Physical_pruning,1089-134686-0012.wav,generated_audios/generated_H3_128C_pruned70/1089-134686-0012_generated.wav,11.64,3.126526,3.122127,0.268602,0.268224,1.99535,0.915806,0.395502
H3_128C_pruned70_Physical_pruning,1089-134686-0013.wav,generated_audios/generated_H3_128C_pruned70/1089-134686-0013_generated.wav,7.915011,1.895761,1.892052,0.239515,0.239046,1.364366,0.919368,0.391731
H3_128C_pruned70_Physical_pruning,1089-134686-0014.wav,generated_audios/generated_H3_128C_pruned70/1089-134686-0014_generated.wav,2.225034,0.556039,0.553125,0.249901,0.248592,2.040083,0.938811,0.378056
H3_128C_pruned70_Physical_pruning,1089-134686-0015.wav,generated_audios/generated_H3_128C_pruned70/1089-134686-0015_generated.wav,5.815011,1.460215,1.456813,0.251111,0.250526,2.140893,0.926056,0.38186
H3_128C_pruned70_Physical_pruning,1089-134686-0016.wav,generated_audios/generated_H3_128C_pruned70/1089-134686-0016_generated.wav,3.54,0.883218,0.880101,0.249497,0.248616,2.159878,0.912577,0.378743
H3_128C_pruned70_Physical_pruning,1089-134686-0017.wav,generated_audios/generated_H3_128C_pruned70/1089-134686-0017_generated.wav,8.870023,2.26535,2.261662,0.255394,0.254978,2.166176,0.924786,0.386832
H3_128C_pruned70_Physical_pruning,1089-134686-0018.wav,generated_audios/generated_H3_128C_pruned70/1089-134686-0018_generated.wav,15.72,4.088689,4.083944,0.260095,0.259793,2.108919,0.919584,0.389034
H3_128C_pruned70_Physical_pruning,1089-134686-0019.wav,generated_audios/generated_H3_128C_pruned70/1089-134686-0019_generated.wav,13.895011,3.895573,3.890817,0.280358,0.280015,1.955444,0.926864,0.39252
H3_128C_pruned70_Physical_pruning,1089-134686-0020.wav,generated_audios/generated_H3_128C_pruned70/1089-134686-0020_generated.wav,16.790023,4.427015,4.422581,0.263669,0.263405,1.993414,0.915773,0.38831
H3_128C_pruned70_Physical_pruning,1089-134686-0021.wav,generated_audios/generated_H3_128C_pruned70/1089-134686-0021_generated.wav,6.550023,1.582133,1.578393,0.241546,0.240975,1.951868,0.923914,0.384833
H3_128C_pruned70_Physical_pruning,1089-134686-0022.wav,generated_audios/generated_H3_128C_pruned70/1089-134686-0022_generated.wav,11.175011,2.902461,2.898431,0.259728,0.259367,2.128095,0.924235,0.383328
H3_128C_pruned70_Physical_pruning,1089-134686-0023.wav,generated_audios/generated_H3_128C_pruned70/1089-134686-0023_generated.wav,13.275011,3.495271,3.491083,0.263297,0.262982,1.934472,0.920131,0.389135
H3_128C_pruned70_Physical_pruning,1089-134686-0024.wav,generated_audios/generated_H3_128C_pruned70/1089-134686-0024_generated.wav,11.655011,2.945545,2.941183,0.252728,0.252353,1.831011,0.918671,0.389222
H3_128C_pruned70_Physical_pruning,1089-134686-0025.wav,generated_audios/generated_H3_128C_pruned70/1089-134686-0025_generated.wav,6.610023,1.681548,1.678113,0.254394,0.253874,1.980922,0.924041,0.383944
H3_128C_pruned70_Physical_pruning,1089-134686-0026.wav,generated_audios/generated_H3_128C_pruned70/1089-134686-0026_generated.wav,4.010023,0.956261,0.95295,0.238468,0.237642,2.167469,0.914966,0.377638
H3_128C_pruned70_Physical_pruning,1089-134686-0027.wav,generated_audios/generated_H3_128C_pruned70/1089-134686-0027_generated.wav,2.710023,0.693105,0.689835,0.255756,0.254549,2.09761,0.935102,0.377643
H3_128C_pruned70_Physical_pruning,1089-134686-0028.wav,generated_audios/generated_H3_128C_pruned70/1089-134686-0028_generated.wav,7.830023,1.998639,1.994932,0.255253,0.25478,2.000851,0.9154,0.398712
H3_128C_pruned70_Physical_pruning,1089-134686-0029.wav,generated_audios/generated_H3_128C_pruned70/1089-134686-0029_generated.wav,4.670023,1.133922,1.130671,0.242809,0.242113,1.96504,0.908424,0.407
H3_128C_pruned70_Physical_pruning,1089-134686-0030.wav,generated_audios/generated_H3_128C_pruned70/1089-134686-0030_generated.wav,2.715011,0.054765,0.051759,0.020171,0.019064,1.960633,0.919377,0.395401
H3_128C_pruned70_Physical_pruning,1089-134686-0031.wav,generated_audios/generated_H3_128C_pruned70/1089-134686-0031_generated.wav,6.615011,0.111056,0.107583,0.016789,0.016264,1.946453,0.909138,0.380442
H3_128C_pruned70_Physical_pruning,121-121726-0000.wav,generated_audios/generated_H3_128C_pruned70/121-121726-0000_generated.wav,8.46,2.171984,2.16805,0.256736,0.256271,2.108454,0.918398,0.408811
H3_128C_pruned70_Physical_pruning,121-121726-0001.wav,generated_audios/generated_H3_128C_pruned70/121-121726-0001_generated.wav,5.925034,1.44252,1.439141,0.243462,0.242892,2.063152,0.89363,0.387291
H3_128C_pruned70_Physical_pruning,121-121726-0002.wav,generated_audios/generated_H3_128C_pruned70/121-121726-0002_generated.wav,4.410023,0.098443,0.095281,0.022322,0.021606,1.99107,0.902393,0.417673
H3_128C_pruned70_Physical_pruning,121-121726-0003.wav,generated_audios/generated_H3_128C_pruned70/121-121726-0003_generated.wav,6.755011,1.701508,1.69798,0.251888,0.251366,2.290134,0.92941,0.386817
H3_128C_pruned70_Physical_pruning,121-121726-0004.wav,generated_audios/generated_H3_128C_pruned70/121-121726-0004_generated.wav,4.02,1.012323,1.008592,0.251822,0.250894,2.067022,0.932021,0.385469
H3_128C_pruned70_Physical_pruning,121-121726-0005.wav,generated_audios/generated_H3_128C_pruned70/121-121726-0005_generated.wav,3.1,0.780509,0.777418,0.251777,0.25078,2.997942,0.957697,0.339517
H3_128C_pruned70_Physical_pruning,121-121726-0006.wav,generated_audios/generated_H3_128C_pruned70/121-121726-0006_generated.wav,3.895011,0.974359,0.971265,0.250156,0.249361,2.136907,0.894196,0.386399
H3_128C_pruned70_Physical_pruning,121-121726-0007.wav,generated_audios/generated_H3_128C_pruned70/121-121726-0007_generated.wav,6.730023,0.176024,0.17223,0.026155,0.025591,1.887918,0.927528,0.39198
H3_128C_pruned70_Physical_pruning,121-121726-0008.wav,generated_audios/generated_H3_128C_pruned70/121-121726-0008_generated.wav,4.990023,1.196938,1.193647,0.239866,0.239207,2.271388,0.937326,0.367601
H3_128C_pruned70_Physical_pruning,121-121726-0009.wav,generated_audios/generated_H3_128C_pruned70/121-121726-0009_generated.wav,7.26,1.828607,1.824778,0.251874,0.251347,2.173031,0.931676,0.381687
H3_128C_pruned70_Physical_pruning,121-121726-0010.wav,generated_audios/generated_H3_128C_pruned70/121-121726-0010_generated.wav,9.810023,2.531914,2.52796,0.258095,0.257692,2.085474,0.914161,0.389246
H3_128C_pruned70_Physical_pruning,121-121726-0011.wav,generated_audios/generated_H3_128C_pruned70/121-121726-0011_generated.wav,4.035011,1.034996,1.031728,0.256504,0.255694,2.000752,0.932722,0.383594
H3_128C_pruned70_Physical_pruning,121-121726-0012.wav,generated_audios/generated_H3_128C_pruned70/121-121726-0012_generated.wav,4.045034,0.971292,0.968216,0.24012,0.239359,1.941939,0.913375,0.433117
H3_128C_pruned70_Physical_pruning,121-121726-0013.wav,generated_audios/generated_H3_128C_pruned70/121-121726-0013_generated.wav,2.490023,0.61932,0.616187,0.248721,0.247463,2.417031,0.923928,0.403511
H3_128C_pruned70_Physical_pruning,121-121726-0014.wav,generated_audios/generated_H3_128C_pruned70/121-121726-0014_generated.wav,3.165034,0.796462,0.79318,0.251644,0.250607,2.668375,0.950766,0.365641
H3_128C_pruned70_Physical_pruning,121-123852-0000.wav,generated_audios/generated_H3_128C_pruned70/121-123852-0000_generated.wav,17.695011,4.647796,4.642288,0.262661,0.26235,2.021398,0.921783,0.415597
H3_128C_pruned70_Physical_pruning,121-123852-0001.wav,generated_audios/generated_H3_128C_pruned70/121-123852-0001_generated.wav,1.870023,0.445018,0.441788,0.237975,0.236247,1.704853,0.763064,0.427231
H3_128C_pruned70_Physical_pruning,121-123852-0002.wav,generated_audios/generated_H3_128C_pruned70/121-123852-0002_generated.wav,17.285034,4.604933,4.599986,0.266412,0.266125,2.036271,0.906118,0.447592
H3_128C_pruned70_Physical_pruning,121-123852-0003.wav,generated_audios/generated_H3_128C_pruned70/121-123852-0003_generated.wav,23.505034,7.061206,7.055576,0.300412,0.300173,1.743557,0.899667,0.438926
H3_128C_pruned70_Physical_pruning,121-123852-0004.wav,generated_audios/generated_H3_128C_pruned70/121-123852-0004_generated.wav,16.290023,4.465179,4.460239,0.274105,0.273802,1.910819,0.919124,0.439162
H3_128C_pruned70_Physical_pruning,121-123859-0000.wav,generated_audios/generated_H3_128C_pruned70/121-123859-0000_generated.wav,17.390023,4.548553,4.543809,0.261561,0.261288,1.683371,0.901787,0.44778
H3_128C_pruned70_Physical_pruning,121-123859-0001.wav,generated_audios/generated_H3_128C_pruned70/121-123859-0001_generated.wav,25.395011,6.802172,6.796011,0.267855,0.267612,1.965583,0.919553,0.436657
H3_128C_pruned70_Physical_pruning,121-123859-0002.wav,generated_audios/generated_H3_128C_pruned70/121-123859-0002_generated.wav,30.04,8.442761,8.435882,0.281051,0.280822,1.959283,0.916126,0.434369
H3_128C_pruned70_Physical_pruning,121-123859-0003.wav,generated_audios/generated_H3_128C_pruned70/121-123859-0003_generated.wav,10.825034,2.782225,2.778293,0.257018,0.256654,1.886631,0.927223,0.417552
H3_128C_pruned70_Physical_pruning,121-123859-0004.wav,generated_audios/generated_H3_128C_pruned70/121-123859-0004_generated.wav,9.505034,2.437515,2.433729,0.256445,0.256046,1.786726,0.913575,0.434788
H3_128C_pruned70_Physical_pruning,121-127105-0000.wav,generated_audios/generated_H3_128C_pruned70/121-127105-0000_generated.wav,9.875011,2.538005,2.533933,0.257013,0.256601,1.784815,0.899219,0.410431
H3_128C_pruned70_Physical_pruning,121-127105-0001.wav,generated_audios/generated_H3_128C_pruned70/121-127105-0001_generated.wav,5.025034,1.209696,1.206639,0.240734,0.240126,1.736204,0.909635,0.430851
H3_128C_pruned70_Physical_pruning,121-127105-0002.wav,generated_audios/generated_H3_128C_pruned70/121-127105-0002_generated.wav,7.495011,1.80517,1.801698,0.240849,0.240386,1.76947,0.911266,0.424432
H3_128C_pruned70_Physical_pruning,121-127105-0003.wav,generated_audios/generated_H3_128C_pruned70/121-127105-0003_generated.wav,7.725034,1.962842,1.958889,0.254088,0.253577,2.035259,0.920271,0.411298
H3_128C_pruned70_Physical_pruning,121-127105-0004.wav,generated_audios/generated_H3_128C_pruned70/121-127105-0004_generated.wav,2.110023,0.528022,0.525085,0.250245,0.248853,1.391028,0.928134,0.380836
H3_128C_pruned70_Physical_pruning,121-127105-0005.wav,generated_audios/generated_H3_128C_pruned70/121-127105-0005_generated.wav,5.82,1.413596,1.409988,0.242886,0.242266,1.857528,0.915321,0.405643
H3_128C_pruned70_Physical_pruning,121-127105-0006.wav,generated_audios/generated_H3_128C_pruned70/121-127105-0006_generated.wav,4.725034,1.18255,1.17879,0.250273,0.249478,1.498849,0.907236,0.407738
H3_128C_pruned70_Physical_pruning,121-127105-0007.wav,generated_audios/generated_H3_128C_pruned70/121-127105-0007_generated.wav,5.790023,1.404813,1.401279,0.242627,0.242016,1.693068,0.913994,0.40959
H3_128C_pruned70_Physical_pruning,121-127105-0008.wav,generated_audios/generated_H3_128C_pruned70/121-127105-0008_generated.wav,2.76,0.684088,0.681009,0.247858,0.246743,1.659904,0.906427,0.422445
H3_128C_pruned70_Physical_pruning,121-127105-0009.wav,generated_audios/generated_H3_128C_pruned70/121-127105-0009_generated.wav,2.290023,0.58009,0.576931,0.253312,0.251932,2.123616,0.921771,0.441321
H3_128C_pruned70_Physical_pruning,121-127105-0010.wav,generated_audios/generated_H3_128C_pruned70/121-127105-0010_generated.wav,2.850023,0.713752,0.710823,0.250437,0.24941,1.649094,0.904214,0.414601
H3_128C_pruned70_Physical_pruning,121-127105-0011.wav,generated_audios/generated_H3_128C_pruned70/121-127105-0011_generated.wav,5.78,1.442214,1.438833,0.249518,0.248933,1.695037,0.891454,0.437416
H3_128C_pruned70_Physical_pruning,121-127105-0012.wav,generated_audios/generated_H3_128C_pruned70/121-127105-0012_generated.wav,4.830023,1.228659,1.225478,0.25438,0.253721,1.430522,0.910751,0.416496
H3_128C_pruned70_Physical_pruning,121-127105-0013.wav,generated_audios/generated_H3_128C_pruned70/121-127105-0013_generated.wav,5.895011,1.419472,1.415882,0.240792,0.240183,1.653336,0.918748,0.420697
H3_128C_pruned70_Physical_pruning,121-127105-0014.wav,generated_audios/generated_H3_128C_pruned70/121-127105-0014_generated.wav,2.255011,0.537383,0.534396,0.238306,0.236982,1.698228,0.887666,0.402616
H3_128C_pruned70_Physical_pruning,121-127105-0015.wav,generated_audios/generated_H3_128C_pruned70/121-127105-0015_generated.wav,2.96,0.743677,0.740583,0.251242,0.250197,1.821979,0.901139,0.432215
H3_128C_pruned70_Physical_pruning,121-127105-0016.wav,generated_audios/generated_H3_128C_pruned70/121-127105-0016_generated.wav,2.030023,0.487635,0.484549,0.240211,0.238691,2.070626,0.91736,0.424732
H3_128C_pruned70_Physical_pruning,121-127105-0017.wav,generated_audios/generated_H3_128C_pruned70/121-127105-0017_generated.wav,2.695011,0.679682,0.676391,0.2522,0.250979,1.809842,0.901125,0.448674
H3_128C_pruned70_Physical_pruning,121-127105-0018.wav,generated_audios/generated_H3_128C_pruned70/121-127105-0018_generated.wav,2.770023,0.693895,0.690707,0.250501,0.249351,1.657377,0.882904,0.428564
H3_128C_pruned70_Physical_pruning,121-127105-0019.wav,generated_audios/generated_H3_128C_pruned70/121-127105-0019_generated.wav,3.525034,0.850878,0.847679,0.241381,0.240474,1.419839,0.908816,0.425222
H3_128C_pruned70_Physical_pruning,121-127105-0020.wav,generated_audios/generated_H3_128C_pruned70/121-127105-0020_generated.wav,14.355011,3.84733,3.842973,0.268013,0.26771,1.800155,0.903531,0.431906
H3_128C_pruned70_Physical_pruning,121-127105-0021.wav,generated_audios/generated_H3_128C_pruned70/121-127105-0021_generated.wav,2.0,0.48829,0.485249,0.244145,0.242624,1.883578,0.927762,0.431625
H3_128C_pruned70_Physical_pruning,121-127105-0022.wav,generated_audios/generated_H3_128C_pruned70/121-127105-0022_generated.wav,5.075011,1.265735,1.262027,0.249405,0.248675,2.001069,0.90348,0.424095
H3_128C_pruned70_Physical_pruning,121-127105-0023.wav,generated_audios/generated_H3_128C_pruned70/121-127105-0023_generated.wav,10.910023,2.647291,2.643022,0.242648,0.242256,1.886491,0.912907,0.426377
H3_128C_pruned70_Physical_pruning,121-127105-0024.wav,generated_audios/generated_H3_128C_pruned70/121-127105-0024_generated.wav,14.450023,4.045454,4.040759,0.279962,0.279637,1.753034,0.915999,0.428156
H3_128C_pruned70_Physical_pruning,121-127105-0025.wav,generated_audios/generated_H3_128C_pruned70/121-127105-0025_generated.wav,16.065034,4.263251,4.258699,0.265375,0.265091,1.948714,0.916542,0.418226
H3_128C_pruned70_Physical_pruning,121-127105-0026.wav,generated_audios/generated_H3_128C_pruned70/121-127105-0026_generated.wav,7.530023,1.842499,1.838348,0.244687,0.244136,1.905594,0.925689,0.421852
H3_128C_pruned70_Physical_pruning,121-127105-0027.wav,generated_audios/generated_H3_128C_pruned70/121-127105-0027_generated.wav,13.870023,3.756134,3.751863,0.27081,0.270502,1.999653,0.920146,0.419788
H3_128C_pruned70_Physical_pruning,121-127105-0028.wav,generated_audios/generated_H3_128C_pruned70/121-127105-0028_generated.wav,6.750023,0.14936,0.14548,0.022127,0.021553,1.837362,0.919404,0.403821
H3_128C_pruned70_Physical_pruning,121-127105-0029.wav,generated_audios/generated_H3_128C_pruned70/121-127105-0029_generated.wav,7.310023,1.843064,1.839455,0.252128,0.251635,1.990674,0.91429,0.412485
H3_128C_pruned70_Physical_pruning,121-127105-0030.wav,generated_audios/generated_H3_128C_pruned70/121-127105-0030_generated.wav,2.175011,0.544172,0.540862,0.250193,0.248671,1.611696,0.901212,0.437023
H3_128C_pruned70_Physical_pruning,121-127105-0031.wav,generated_audios/generated_H3_128C_pruned70/121-127105-0031_generated.wav,10.765034,2.602515,2.598541,0.241756,0.241387,1.844116,0.881672,0.405223
H3_128C_pruned70_Physical_pruning,121-127105-0032.wav,generated_audios/generated_H3_128C_pruned70/121-127105-0032_generated.wav,3.170023,0.753607,0.750217,0.237729,0.23666,1.630911,0.915256,0.400781
H3_128C_pruned70_Physical_pruning,121-127105-0033.wav,generated_audios/generated_H3_128C_pruned70/121-127105-0033_generated.wav,2.355011,0.590497,0.587168,0.25074,0.249327,1.729307,0.916926,0.398494
H3_128C_pruned70_Physical_pruning,121-127105-0034.wav,generated_audios/generated_H3_128C_pruned70/121-127105-0034_generated.wav,7.410023,1.903327,1.899277,0.256858,0.256312,1.964369,0.90214,0.403048
H3_128C_pruned70_Physical_pruning,121-127105-0035.wav,generated_audios/generated_H3_128C_pruned70/121-127105-0035_generated.wav,14.150023,3.798122,3.793737,0.268418,0.268108,2.032714,0.903927,0.385854
H3_128C_pruned70_Physical_pruning,121-127105-0036.wav,generated_audios/generated_H3_128C_pruned70/121-127105-0036_generated.wav,4.150023,0.990121,0.986483,0.238582,0.237706,1.706659,0.88854,0.414542
H3_128C_pruned70_Physical_pruning,237-126133-0000.wav,generated_audios/generated_H3_128C_pruned70/237-126133-0000_generated.wav,13.290023,3.751805,3.747403,0.282302,0.281971,2.024539,0.920567,0.408741
H3_128C_pruned70_Physical_pruning,237-126133-0001.wav,generated_audios/generated_H3_128C_pruned70/237-126133-0001_generated.wav,11.965034,3.427785,3.423238,0.286483,0.286104,1.909276,0.915978,0.406924
H3_128C_pruned70_Physical_pruning,237-126133-0002.wav,generated_audios/generated_H3_128C_pruned70/237-126133-0002_generated.wav,8.92,2.207337,2.203528,0.247459,0.247032,1.840537,0.906441,0.424417
H3_128C_pruned70_Physical_pruning,237-126133-0003.wav,generated_audios/generated_H3_128C_pruned70/237-126133-0003_generated.wav,6.56,1.664016,1.660061,0.253661,0.253058,1.982689,0.907983,0.408511
H3_128C_pruned70_Physical_pruning,237-126133-0004.wav,generated_audios/generated_H3_128C_pruned70/237-126133-0004_generated.wav,3.295011,0.853658,0.850109,0.259076,0.257999,1.847823,0.901238,0.422121
H3_128C_pruned70_Physical_pruning,237-126133-0005.wav,generated_audios/generated_H3_128C_pruned70/237-126133-0005_generated.wav,6.510023,1.665617,1.661693,0.255854,0.255252,1.74463,0.897227,0.427503
H3_128C_pruned70_Physical_pruning,237-126133-0006.wav,generated_audios/generated_H3_128C_pruned70/237-126133-0006_generated.wav,6.150023,1.553679,1.550264,0.25263,0.252075,1.800354,0.901646,0.425906
H3_128C_pruned70_Physical_pruning,237-126133-0007.wav,generated_audios/generated_H3_128C_pruned70/237-126133-0007_generated.wav,8.68,2.119361,2.115154,0.244166,0.243681,1.633219,0.891727,0.451047
H3_128C_pruned70_Physical_pruning,237-126133-0008.wav,generated_audios/generated_H3_128C_pruned70/237-126133-0008_generated.wav,3.865034,0.976849,0.9734,0.25274,0.251848,2.25246,0.93219,0.389965
H3_128C_pruned70_Physical_pruning,237-126133-0009.wav,generated_audios/generated_H3_128C_pruned70/237-126133-0009_generated.wav,3.970023,0.993312,0.99002,0.250203,0.249374,1.816382,0.911001,0.428529
H3_128C_pruned70_Physical_pruning,237-126133-0010.wav,generated_audios/generated_H3_128C_pruned70/237-126133-0010_generated.wav,6.24,1.527136,1.523381,0.244733,0.244132,1.357792,0.833347,0.471108
H3_128C_pruned70_Physical_pruning,237-126133-0011.wav,generated_audios/generated_H3_128C_pruned70/237-126133-0011_generated.wav,6.710023,1.734792,1.731013,0.258537,0.257974,2.093262,0.924527,0.395657
H3_128C_pruned70_Physical_pruning,237-126133-0012.wav,generated_audios/generated_H3_128C_pruned70/237-126133-0012_generated.wav,4.450023,1.1469,1.143496,0.257729,0.256964,1.850216,0.909242,0.403519
H3_128C_pruned70_Physical_pruning,237-126133-0013.wav,generated_audios/generated_H3_128C_pruned70/237-126133-0013_generated.wav,6.815011,1.752738,1.748883,0.257188,0.256622,1.452367,0.861947,0.443595
H3_128C_pruned70_Physical_pruning,237-126133-0014.wav,generated_audios/generated_H3_128C_pruned70/237-126133-0014_generated.wav,6.790023,1.734291,1.730451,0.255418,0.254852,2.024736,0.914627,0.413273
H3_128C_pruned70_Physical_pruning,237-126133-0015.wav,generated_audios/generated_H3_128C_pruned70/237-126133-0015_generated.wav,9.34,2.277968,2.274107,0.243894,0.24348,1.970427,0.907525,0.409341
H3_128C_pruned70_Physical_pruning,237-126133-0016.wav,generated_audios/generated_H3_128C_pruned70/237-126133-0016_generated.wav,4.250023,1.039202,1.035718,0.244517,0.243697,1.827862,0.863699,0.430643
H3_128C_pruned70_Physical_pruning,237-126133-0017.wav,generated_audios/generated_H3_128C_pruned70/237-126133-0017_generated.wav,6.210023,1.531045,1.527276,0.246544,0.245937,2.16145,0.933731,0.394975
H3_128C_pruned70_Physical_pruning,237-126133-0018.wav,generated_audios/generated_H3_128C_pruned70/237-126133-0018_generated.wav,4.095011,1.045288,1.041653,0.255259,0.254371,1.909835,0.921796,0.386853
H3_128C_pruned70_Physical_pruning,237-126133-0019.wav,generated_audios/generated_H3_128C_pruned70/237-126133-0019_generated.wav,7.12,1.882064,1.878109,0.264335,0.263779,2.02441,0.917606,0.406495
H3_128C_pruned70_Physical_pruning,237-126133-0020.wav,generated_audios/generated_H3_128C_pruned70/237-126133-0020_generated.wav,2.24,0.538665,0.535769,0.240476,0.239182,1.586917,0.894707,0.4241
H3_128C_pruned70_Physical_pruning,237-126133-0021.wav,generated_audios/generated_H3_128C_pruned70/237-126133-0021_generated.wav,4.365034,1.063369,1.060007,0.243611,0.24284,2.094444,0.912329,0.401206
H3_128C_pruned70_Physical_pruning,237-126133-0022.wav,generated_audios/generated_H3_128C_pruned70/237-126133-0022_generated.wav,5.04,1.303253,1.299916,0.258582,0.25792,2.28996,0.917426,0.39325
H3_128C_pruned70_Physical_pruning,237-126133-0023.wav,generated_audios/generated_H3_128C_pruned70/237-126133-0023_generated.wav,6.675011,1.731697,1.728009,0.25943,0.258877,1.995758,0.925381,0.396563
H3_128C_pruned70_Physical_pruning,237-126133-0024.wav,generated_audios/generated_H3_128C_pruned70/237-126133-0024_generated.wav,9.665034,2.502816,2.498574,0.258956,0.258517,2.039552,0.919917,0.404387
H3_128C_pruned70_Physical_pruning,237-126133-0025.wav,generated_audios/generated_H3_128C_pruned70/237-126133-0025_generated.wav,3.755011,0.94664,0.943476,0.2521,0.251258,2.310338,0.929248,0.394117
H3_128C_pruned70_Physical_pruning,237-134493-0000.wav,generated_audios/generated_H3_128C_pruned70/237-134493-0000_generated.wav,4.105034,1.072702,1.069377,0.261314,0.260504,2.059373,0.926489,0.405762
H3_128C_pruned70_Physical_pruning,237-134493-0001.wav,generated_audios/generated_H3_128C_pruned70/237-134493-0001_generated.wav,7.38,1.88652,1.882769,0.255626,0.255118,2.413222,0.934957,0.387339
H3_128C_pruned70_Physical_pruning,237-134493-0002.wav,generated_audios/generated_H3_128C_pruned70/237-134493-0002_generated.wav,11.395011,3.081802,3.077888,0.270452,0.270108,2.026366,0.928857,0.395566
H3_128C_pruned70_Physical_pruning,237-134493-0003.wav,generated_audios/generated_H3_128C_pruned70/237-134493-0003_generated.wav,12.765034,3.603883,3.59908,0.282325,0.281948,2.115778,0.922936,0.395386
H3_128C_pruned70_Physical_pruning,237-134493-0004.wav,generated_audios/generated_H3_128C_pruned70/237-134493-0004_generated.wav,6.825034,1.805013,1.801109,0.264469,0.263897,1.980758,0.912218,0.413779
H3_128C_pruned70_Physical_pruning,237-134493-0005.wav,generated_audios/generated_H3_128C_pruned70/237-134493-0005_generated.wav,10.945034,2.722151,2.71802,0.248711,0.248334,2.196486,0.9237,0.39857
H3_128C_pruned70_Physical_pruning,237-134493-0006.wav,generated_audios/generated_H3_128C_pruned70/237-134493-0006_generated.wav,4.395011,1.066472,1.062934,0.242655,0.24185,1.990132,0.913099,0.405227
H3_128C_pruned70_Physical_pruning,237-134493-0007.wav,generated_audios/generated_H3_128C_pruned70/237-134493-0007_generated.wav,2.035011,0.496519,0.493134,0.243989,0.242325,2.087748,0.910722,0.396123
H3_128C_pruned70_Physical_pruning,237-134493-0008.wav,generated_audios/generated_H3_128C_pruned70/237-134493-0008_generated.wav,2.305034,0.554602,0.55134,0.240605,0.23919,2.523092,0.924555,0.371005
H3_128C_pruned70_Physical_pruning,237-134493-0009.wav,generated_audios/generated_H3_128C_pruned70/237-134493-0009_generated.wav,2.975011,0.769568,0.766522,0.258677,0.257653,1.950802,0.930013,0.392095
H3_128C_pruned70_Physical_pruning,237-134493-0010.wav,generated_audios/generated_H3_128C_pruned70/237-134493-0010_generated.wav,2.875011,0.726419,0.723045,0.252666,0.251493,2.351629,0.921957,0.375369
H3_128C_pruned70_Physical_pruning,237-134493-0011.wav,generated_audios/generated_H3_128C_pruned70/237-134493-0011_generated.wav,5.035011,1.319373,1.317213,0.26204,0.261611,1.851522,0.907028,0.41659
H3_128C_pruned70_Physical_pruning,237-134493-0012.wav,generated_audios/generated_H3_128C_pruned70/237-134493-0012_generated.wav,3.66,0.888366,0.884809,0.242723,0.241751,1.756703,0.915902,0.42015
H3_128C_pruned70_Physical_pruning,237-134493-0013.wav,generated_audios/generated_H3_128C_pruned70/237-134493-0013_generated.wav,4.090023,0.10157,0.098555,0.024834,0.024096,2.293267,0.919088,0.397028
H3_128C_pruned70_Physical_pruning,237-134493-0014.wav,generated_audios/generated_H3_128C_pruned70/237-134493-0014_generated.wav,3.7,0.913574,0.91038,0.246912,0.246049,2.313949,0.926148,0.387372
H3_128C_pruned70_Physical_pruning,237-134493-0015.wav,generated_audios/generated_H3_128C_pruned70/237-134493-0015_generated.wav,6.550023,0.163109,0.159363,0.024902,0.02433,2.028921,0.907658,0.418741
H3_128C_pruned70_Physical_pruning,237-134493-0016.wav,generated_audios/generated_H3_128C_pruned70/237-134493-0016_generated.wav,10.085034,2.668417,2.664294,0.264592,0.264183,2.220995,0.937198,0.382161
H3_128C_pruned70_Physical_pruning,237-134493-0017.wav,generated_audios/generated_H3_128C_pruned70/237-134493-0017_generated.wav,9.105034,2.401033,2.396463,0.263704,0.263202,2.319321,0.932114,0.389089
H3_128C_pruned70_Physical_pruning,237-134493-0018.wav,generated_audios/generated_H3_128C_pruned70/237-134493-0018_generated.wav,4.790023,1.248786,1.245152,0.260706,0.259947,2.092732,0.938401,0.398276
H3_128C_pruned70_Physical_pruning,237-134500-0000.wav,generated_audios/generated_H3_128C_pruned70/237-134500-0000_generated.wav,6.130023,1.572721,1.569005,0.25656,0.255954,2.391794,0.931519,0.393308
H3_128C_pruned70_Physical_pruning,237-134500-0001.wav,generated_audios/generated_H3_128C_pruned70/237-134500-0001_generated.wav,1.810023,0.437325,0.433994,0.241613,0.239772,1.767869,0.903911,0.393809
H3_128C_pruned70_Physical_pruning,237-134500-0002.wav,generated_audios/generated_H3_128C_pruned70/237-134500-0002_generated.wav,5.070023,1.327868,1.324219,0.261906,0.261186,2.221129,0.927442,0.387192
H3_128C_pruned70_Physical_pruning,237-134500-0003.wav,generated_audios/generated_H3_128C_pruned70/237-134500-0003_generated.wav,3.170023,0.088145,0.084866,0.027806,0.026771,2.080173,0.925046,0.393836
H3_128C_pruned70_Physical_pruning,237-134500-0004.wav,generated_audios/generated_H3_128C_pruned70/237-134500-0004_generated.wav,2.225034,0.06736,0.063975,0.030274,0.028752,2.344679,0.937148,0.370586
H3_128C_pruned70_Physical_pruning,237-134500-0005.wav,generated_audios/generated_H3_128C_pruned70/237-134500-0005_generated.wav,2.390023,0.603022,0.599736,0.252308,0.250933,1.7008,0.891798,0.424651
H3_128C_pruned70_Physical_pruning,237-134500-0006.wav,generated_audios/generated_H3_128C_pruned70/237-134500-0006_generated.wav,4.225034,1.04072,1.037718,0.246322,0.245612,1.658946,0.891782,0.429702
H3_128C_pruned70_Physical_pruning,237-134500-0007.wav,generated_audios/generated_H3_128C_pruned70/237-134500-0007_generated.wav,2.390023,0.051146,0.048138,0.0214,0.020141,1.561762,0.854458,0.459044
H3_128C_pruned70_Physical_pruning,237-134500-0008.wav,generated_audios/generated_H3_128C_pruned70/237-134500-0008_generated.wav,3.76,0.091297,0.087938,0.024281,0.023388,1.828066,0.896367,0.417689
H3_128C_pruned70_Physical_pruning,237-134500-0009.wav,generated_audios/generated_H3_128C_pruned70/237-134500-0009_generated.wav,2.22,0.048541,0.04547,0.021865,0.020482,2.151909,0.903583,0.416007
H3_128C_pruned70_Physical_pruning,237-134500-0010.wav,generated_audios/generated_H3_128C_pruned70/237-134500-0010_generated.wav,3.995011,1.034074,1.030779,0.258841,0.258016,1.487272,0.882364,0.438108
H3_128C_pruned70_Physical_pruning,237-134500-0011.wav,generated_audios/generated_H3_128C_pruned70/237-134500-0011_generated.wav,3.350023,0.819669,0.816359,0.244676,0.243688,1.747978,0.87128,0.429074
H3_128C_pruned70_Physical_pruning,237-134500-0012.wav,generated_audios/generated_H3_128C_pruned70/237-134500-0012_generated.wav,10.935011,2.930428,2.926365,0.267986,0.267614,1.94896,0.910199,0.41285
H3_128C_pruned70_Physical_pruning,237-134500-0013.wav,generated_audios/generated_H3_128C_pruned70/237-134500-0013_generated.wav,10.56,0.264629,0.260417,0.02506,0.024661,2.130384,0.935173,0.382416
H3_128C_pruned70_Physical_pruning,237-134500-0014.wav,generated_audios/generated_H3_128C_pruned70/237-134500-0014_generated.wav,4.250023,0.118989,0.11545,0.027997,0.027164,2.221398,0.923123,0.384356
H3_128C_pruned70_Physical_pruning,237-134500-0015.wav,generated_audios/generated_H3_128C_pruned70/237-134500-0015_generated.wav,10.815011,2.839218,2.83523,0.262526,0.262157,2.135835,0.933925,0.399151
H3_128C_pruned70_Physical_pruning,237-134500-0016.wav,generated_audios/generated_H3_128C_pruned70/237-134500-0016_generated.wav,3.16,0.086161,0.082846,0.027266,0.026217,1.360715,0.817833,0.4634
H3_128C_pruned70_Physical_pruning,237-134500-0017.wav,generated_audios/generated_H3_128C_pruned70/237-134500-0017_generated.wav,2.18,0.068533,0.065469,0.031437,0.030031,1.826097,0.910146,0.412478
H3_128C_pruned70_Physical_pruning,237-134500-0018.wav,generated_audios/generated_H3_128C_pruned70/237-134500-0018_generated.wav,12.845034,3.71545,3.711268,0.289252,0.288926,2.21837,0.938431,0.383919
H3_128C_pruned70_Physical_pruning,237-134500-0019.wav,generated_audios/generated_H3_128C_pruned70/237-134500-0019_generated.wav,2.86,0.706747,0.703439,0.247114,0.245958,2.391132,0.906392,0.389286
H3_128C_pruned70_Physical_pruning,237-134500-0020.wav,generated_audios/generated_H3_128C_pruned70/237-134500-0020_generated.wav,2.18,0.047862,0.044915,0.021955,0.020603,2.660326,0.949478,0.360568
H3_128C_pruned70_Physical_pruning,237-134500-0021.wav,generated_audios/generated_H3_128C_pruned70/237-134500-0021_generated.wav,5.12,1.259544,1.257376,0.246005,0.245581,1.505272,0.812721,0.450758
H3_128C_pruned70_Physical_pruning,237-134500-0022.wav,generated_audios/generated_H3_128C_pruned70/237-134500-0022_generated.wav,5.165034,1.292804,1.288762,0.250299,0.249517,1.587207,0.876175,0.445201
H3_128C_pruned70_Physical_pruning,237-134500-0023.wav,generated_audios/generated_H3_128C_pruned70/237-134500-0023_generated.wav,3.06,0.810605,0.807429,0.264904,0.263866,1.878701,0.908395,0.415923
H3_128C_pruned70_Physical_pruning,237-134500-0024.wav,generated_audios/generated_H3_128C_pruned70/237-134500-0024_generated.wav,4.410023,0.103315,0.099764,0.023427,0.022622,2.242687,0.918284,0.38316
H3_128C_pruned70_Physical_pruning,237-134500-0025.wav,generated_audios/generated_H3_128C_pruned70/237-134500-0025_generated.wav,1.630023,0.401144,0.398007,0.246097,0.244173,1.976779,0.875987,0.402619
H3_128C_pruned70_Physical_pruning,237-134500-0026.wav,generated_audios/generated_H3_128C_pruned70/237-134500-0026_generated.wav,3.050023,0.795645,0.792295,0.260865,0.259767,1.60411,0.871223,0.42689
H3_128C_pruned70_Physical_pruning,237-134500-0027.wav,generated_audios/generated_H3_128C_pruned70/237-134500-0027_generated.wav,3.270023,0.873111,0.869937,0.267004,0.266034,2.166079,0.917321,0.398569
H3_128C_pruned70_Physical_pruning,237-134500-0028.wav,generated_audios/generated_H3_128C_pruned70/237-134500-0028_generated.wav,4.524943,1.21056,1.207029,0.26753,0.26675,1.879165,0.911421,0.407017
H3_128C_pruned70_Physical_pruning,237-134500-0029.wav,generated_audios/generated_H3_128C_pruned70/237-134500-0029_generated.wav,2.065034,0.515145,0.511783,0.249461,0.247833,1.689528,0.904043,0.398845
H3_128C_pruned70_Physical_pruning,237-134500-0030.wav,generated_audios/generated_H3_128C_pruned70/237-134500-0030_generated.wav,2.78,0.731662,0.728464,0.263188,0.262038,1.926193,0.903514,0.42399
H3_128C_pruned70_Physical_pruning,237-134500-0031.wav,generated_audios/generated_H3_128C_pruned70/237-134500-0031_generated.wav,10.610023,2.794496,2.790604,0.263383,0.263016,2.241636,0.928289,0.382554
H3_128C_pruned70_Physical_pruning,237-134500-0032.wav,generated_audios/generated_H3_128C_pruned70/237-134500-0032_generated.wav,5.025034,0.121543,0.118125,0.024187,0.023507,2.252261,0.920513,0.388831
H3_128C_pruned70_Physical_pruning,237-134500-0033.wav,generated_audios/generated_H3_128C_pruned70/237-134500-0033_generated.wav,6.350023,1.5913,1.587846,0.250597,0.250054,1.913232,0.901568,0.402012
H3_128C_pruned70_Physical_pruning,237-134500-0034.wav,generated_audios/generated_H3_128C_pruned70/237-134500-0034_generated.wav,3.075011,0.772476,0.76948,0.251211,0.250236,2.457015,0.925799,0.373714
H3_128C_pruned70_Physical_pruning,237-134500-0035.wav,generated_audios/generated_H3_128C_pruned70/237-134500-0035_generated.wav,2.555011,0.674201,0.67116,0.263874,0.262684,1.866517,0.924548,0.406399
H3_128C_pruned70_Physical_pruning,237-134500-0036.wav,generated_audios/generated_H3_128C_pruned70/237-134500-0036_generated.wav,6.6,1.780047,1.776619,0.269704,0.269185,2.279893,0.930687,0.385517
H3_128C_pruned70_Physical_pruning,237-134500-0037.wav,generated_audios/generated_H3_128C_pruned70/237-134500-0037_generated.wav,7.105034,1.878777,1.875052,0.264429,0.263905,1.484199,0.851545,0.467971
H3_128C_pruned70_Physical_pruning,237-134500-0038.wav,generated_audios/generated_H3_128C_pruned70/237-134500-0038_generated.wav,2.435011,0.630214,0.6268,0.258814,0.257411,1.428899,0.856469,0.471227
H3_128C_pruned70_Physical_pruning,237-134500-0039.wav,generated_audios/generated_H3_128C_pruned70/237-134500-0039_generated.wav,4.630023,1.242675,1.239227,0.268395,0.26765,1.585423,0.869058,0.457273
H3_128C_pruned70_Physical_pruning,237-134500-0040.wav,generated_audios/generated_H3_128C_pruned70/237-134500-0040_generated.wav,4.030023,0.097924,0.094571,0.024299,0.023467,1.924182,0.896138,0.405371
H3_128C_pruned70_Physical_pruning,237-134500-0041.wav,generated_audios/generated_H3_128C_pruned70/237-134500-0041_generated.wav,8.92,0.223761,0.219933,0.025085,0.024656,2.406329,0.933653,0.378279
H3_128C_pruned70_Physical_pruning,237-134500-0042.wav,generated_audios/generated_H3_128C_pruned70/237-134500-0042_generated.wav,2.575011,0.672763,0.669522,0.261266,0.260008,1.446656,0.813361,0.462898
H3_128C_pruned70_Physical_pruning,260-123286-0000.wav,generated_audios/generated_H3_128C_pruned70/260-123286-0000_generated.wav,7.04,1.821173,1.817077,0.258689,0.258108,1.967112,0.922149,0.388949
H3_128C_pruned70_Physical_pruning,260-123286-0001.wav,generated_audios/generated_H3_128C_pruned70/260-123286-0001_generated.wav,3.070023,0.061818,0.058491,0.020136,0.019052,1.629579,0.911082,0.397749
H3_128C_pruned70_Physical_pruning,260-123286-0002.wav,generated_audios/generated_H3_128C_pruned70/260-123286-0002_generated.wav,9.985034,2.721925,2.719002,0.2726,0.272308,1.748639,0.918392,0.389876
H3_128C_pruned70_Physical_pruning,260-123286-0003.wav,generated_audios/generated_H3_128C_pruned70/260-123286-0003_generated.wav,7.370023,1.985078,1.981204,0.269345,0.268819,1.836477,0.89538,0.390691
H3_128C_pruned70_Physical_pruning,260-123286-0004.wav,generated_audios/generated_H3_128C_pruned70/260-123286-0004_generated.wav,3.465034,0.922849,0.919412,0.266332,0.26534,1.727031,0.897402,0.398748
H3_128C_pruned70_Physical_pruning,260-123286-0005.wav,generated_audios/generated_H3_128C_pruned70/260-123286-0005_generated.wav,4.810023,1.235491,1.232095,0.256858,0.256152,1.782608,0.908493,0.403177
H3_128C_pruned70_Physical_pruning,260-123286-0006.wav,generated_audios/generated_H3_128C_pruned70/260-123286-0006_generated.wav,7.405034,2.014695,2.01098,0.272071,0.271569,1.836996,0.920822,0.407193
H3_128C_pruned70_Physical_pruning,260-123286-0007.wav,generated_audios/generated_H3_128C_pruned70/260-123286-0007_generated.wav,4.550023,1.217489,1.213724,0.267579,0.266751,1.753648,0.9103,0.410739
H3_128C_pruned70_Physical_pruning,260-123286-0008.wav,generated_audios/generated_H3_128C_pruned70/260-123286-0008_generated.wav,3.735011,0.959681,0.95659,0.256942,0.256114,1.685505,0.914981,0.409172
H3_128C_pruned70_Physical_pruning,260-123286-0009.wav,generated_audios/generated_H3_128C_pruned70/260-123286-0009_generated.wav,5.795011,1.623771,1.620425,0.280202,0.279624,1.683947,0.909599,0.384547
H3_128C_pruned70_Physical_pruning,260-123286-0010.wav,generated_audios/generated_H3_128C_pruned70/260-123286-0010_generated.wav,2.575011,0.055554,0.05223,0.021574,0.020283,1.630734,0.925524,0.395301
H3_128C_pruned70_Physical_pruning,260-123286-0011.wav,generated_audios/generated_H3_128C_pruned70/260-123286-0011_generated.wav,4.255011,0.115274,0.111741,0.027091,0.026261,1.769408,0.911344,0.39331
H3_128C_pruned70_Physical_pruning,260-123286-0012.wav,generated_audios/generated_H3_128C_pruned70/260-123286-0012_generated.wav,2.430023,0.068722,0.0655,0.02828,0.026955,1.804117,0.910297,0.406322
H3_128C_pruned70_Physical_pruning,260-123286-0013.wav,generated_audios/generated_H3_128C_pruned70/260-123286-0013_generated.wav,4.730023,1.262825,1.25925,0.266981,0.266225,1.957912,0.912035,0.392298
H3_128C_pruned70_Physical_pruning,260-123286-0014.wav,generated_audios/generated_H3_128C_pruned70/260-123286-0014_generated.wav,2.98,0.08212,0.078932,0.027557,0.026487,1.406903,0.905583,0.375396
H3_128C_pruned70_Physical_pruning,260-123286-0015.wav,generated_audios/generated_H3_128C_pruned70/260-123286-0015_generated.wav,5.210023,1.421953,1.418565,0.272926,0.272276,1.783337,0.913987,0.399205
H3_128C_pruned70_Physical_pruning,260-123286-0016.wav,generated_audios/generated_H3_128C_pruned70/260-123286-0016_generated.wav,7.0,1.90645,1.902762,0.27235,0.271823,1.715935,0.912664,0.39878
H3_128C_pruned70_Physical_pruning,260-123286-0017.wav,generated_audios/generated_H3_128C_pruned70/260-123286-0017_generated.wav,3.975011,1.036662,1.033282,0.260795,0.259944,1.577007,0.910688,0.381321
H3_128C_pruned70_Physical_pruning,260-123286-0018.wav,generated_audios/generated_H3_128C_pruned70/260-123286-0018_generated.wav,5.670023,1.57458,1.570987,0.277703,0.277069,1.875921,0.907139,0.405239
H3_128C_pruned70_Physical_pruning,260-123286-0019.wav,generated_audios/generated_H3_128C_pruned70/260-123286-0019_generated.wav,11.905034,3.512545,3.508309,0.295047,0.294691,1.679428,0.916972,0.394421
H3_128C_pruned70_Physical_pruning,260-123286-0020.wav,generated_audios/generated_H3_128C_pruned70/260-123286-0020_generated.wav,3.06,0.084465,0.081005,0.027603,0.026472,1.732796,0.931541,0.349084
H3_128C_pruned70_Physical_pruning,260-123286-0021.wav,generated_audios/generated_H3_128C_pruned70/260-123286-0021_generated.wav,2.550023,0.684027,0.680946,0.268244,0.267035,1.751687,0.935989,0.40432
H3_128C_pruned70_Physical_pruning,260-123286-0022.wav,generated_audios/generated_H3_128C_pruned70/260-123286-0022_generated.wav,3.235011,0.872875,0.869368,0.269821,0.268737,1.848777,0.925049,0.386328
H3_128C_pruned70_Physical_pruning,260-123286-0023.wav,generated_audios/generated_H3_128C_pruned70/260-123286-0023_generated.wav,5.875011,1.626936,1.623401,0.276925,0.276323,1.765601,0.924035,0.403255
H3_128C_pruned70_Physical_pruning,260-123286-0024.wav,generated_audios/generated_H3_128C_pruned70/260-123286-0024_generated.wav,3.04,0.81807,0.814838,0.269102,0.268039,1.837015,0.908128,0.41843
H3_128C_pruned70_Physical_pruning,260-123286-0025.wav,generated_audios/generated_H3_128C_pruned70/260-123286-0025_generated.wav,9.205034,2.451054,2.447215,0.266273,0.265856,1.620792,0.899887,0.401221
H3_128C_pruned70_Physical_pruning,260-123286-0026.wav,generated_audios/generated_H3_128C_pruned70/260-123286-0026_generated.wav,6.94,1.846959,1.843154,0.266132,0.265584,1.802869,0.903374,0.405194
H3_128C_pruned70_Physical_pruning,260-123286-0027.wav,generated_audios/generated_H3_128C_pruned70/260-123286-0027_generated.wav,7.170023,2.04458,2.040809,0.285157,0.284631,1.803657,0.901833,0.396704
H3_128C_pruned70_Physical_pruning,260-123286-0028.wav,generated_audios/generated_H3_128C_pruned70/260-123286-0028_generated.wav,7.465034,2.008901,2.005239,0.269108,0.268617,1.720263,0.903583,0.401181
H3_128C_pruned70_Physical_pruning,260-123286-0029.wav,generated_audios/generated_H3_128C_pruned70/260-123286-0029_generated.wav,4.545034,0.107965,0.104337,0.023755,0.022956,1.702471,0.910228,0.392282
H3_128C_pruned70_Physical_pruning,260-123286-0030.wav,generated_audios/generated_H3_128C_pruned70/260-123286-0030_generated.wav,7.530023,0.174846,0.171249,0.02322,0.022742,1.663137,0.911411,0.411184
H3_128C_pruned70_Physical_pruning,260-123286-0031.wav,generated_audios/generated_H3_128C_pruned70/260-123286-0031_generated.wav,5.06,1.342546,1.338808,0.265325,0.264587,1.87549,0.922404,0.377985
H3_128C_pruned70_Physical_pruning,260-123288-0000.wav,generated_audios/generated_H3_128C_pruned70/260-123288-0000_generated.wav,3.04,0.060039,0.056704,0.01975,0.018653,1.844497,0.90997,0.404915
H3_128C_pruned70_Physical_pruning,260-123288-0001.wav,generated_audios/generated_H3_128C_pruned70/260-123288-0001_generated.wav,5.08,0.115196,0.112843,0.022676,0.022213,1.748772,0.915448,0.391822
H3_128C_pruned70_Physical_pruning,260-123288-0002.wav,generated_audios/generated_H3_128C_pruned70/260-123288-0002_generated.wav,7.250023,1.955345,1.951709,0.269702,0.2692,1.715808,0.909856,0.404678
H3_128C_pruned70_Physical_pruning,260-123288-0003.wav,generated_audios/generated_H3_128C_pruned70/260-123288-0003_generated.wav,8.905034,2.489725,2.485745,0.279586,0.279139,1.798366,0.924199,0.396623
H3_128C_pruned70_Physical_pruning,260-123288-0004.wav,generated_audios/generated_H3_128C_pruned70/260-123288-0004_generated.wav,4.310023,1.186982,1.183377,0.2754,0.274564,1.85711,0.907796,0.383277
H3_128C_pruned70_Physical_pruning,260-123288-0005.wav,generated_audios/generated_H3_128C_pruned70/260-123288-0005_generated.wav,12.550023,3.62569,3.620858,0.288899,0.288514,1.484215,0.907628,0.395847
H3_128C_pruned70_Physical_pruning,260-123288-0006.wav,generated_audios/generated_H3_128C_pruned70/260-123288-0006_generated.wav,4.88,1.29705,1.293774,0.265789,0.265118,1.51774,0.904625,0.377198
H3_128C_pruned70_Physical_pruning,260-123288-0007.wav,generated_audios/generated_H3_128C_pruned70/260-123288-0007_generated.wav,11.2,3.206298,3.202269,0.286277,0.285917,1.688589,0.917306,0.409511
H3_128C_pruned70_Physical_pruning,260-123288-0008.wav,generated_audios/generated_H3_128C_pruned70/260-123288-0008_generated.wav,5.515011,1.538839,1.535392,0.279027,0.278402,1.835757,0.906091,0.421521
H3_128C_pruned70_Physical_pruning,260-123288-0009.wav,generated_audios/generated_H3_128C_pruned70/260-123288-0009_generated.wav,3.435011,0.949865,0.946393,0.276525,0.275514,1.867138,0.914853,0.414583
H3_128C_pruned70_Physical_pruning,260-123288-0010.wav,generated_audios/generated_H3_128C_pruned70/260-123288-0010_generated.wav,9.995011,0.235669,0.23141,0.023579,0.023153,1.626128,0.913264,0.39707
H3_128C_pruned70_Physical_pruning,260-123288-0011.wav,generated_audios/generated_H3_128C_pruned70/260-123288-0011_generated.wav,8.98,2.568921,2.56509,0.286071,0.285645,1.701534,0.909592,0.399897
H3_128C_pruned70_Physical_pruning,260-123288-0012.wav,generated_audios/generated_H3_128C_pruned70/260-123288-0012_generated.wav,3.545034,0.979685,0.97631,0.276354,0.275402,2.074487,0.907642,0.410916
H3_128C_pruned70_Physical_pruning,260-123288-0013.wav,generated_audios/generated_H3_128C_pruned70/260-123288-0013_generated.wav,11.385079,3.516036,3.511877,0.308828,0.308463,1.754105,0.911129,0.400267
H3_128C_pruned70_Physical_pruning,260-123288-0014.wav,generated_audios/generated_H3_128C_pruned70/260-123288-0014_generated.wav,1.805034,0.061602,0.058339,0.034128,0.03232,1.636617,0.908769,0.420548
H3_128C_pruned70_Physical_pruning,260-123288-0015.wav,generated_audios/generated_H3_128C_pruned70/260-123288-0015_generated.wav,21.185034,6.174703,6.169493,0.291465,0.291219,1.762444,0.915817,0.408181
H3_128C_pruned70_Physical_pruning,260-123288-0016.wav,generated_audios/generated_H3_128C_pruned70/260-123288-0016_generated.wav,4.865034,1.397419,1.393277,0.287237,0.286386,1.867826,0.904772,0.40116
H3_128C_pruned70_Physical_pruning,260-123288-0017.wav,generated_audios/generated_H3_128C_pruned70/260-123288-0017_generated.wav,5.225034,1.395309,1.391711,0.267043,0.266354,1.971358,0.937452,0.401831
H3_128C_pruned70_Physical_pruning,260-123288-0018.wav,generated_audios/generated_H3_128C_pruned70/260-123288-0018_generated.wav,3.245034,0.89446,0.891086,0.27564,0.2746,1.804757,0.926532,0.420413
H3_128C_pruned70_Physical_pruning,260-123288-0019.wav,generated_audios/generated_H3_128C_pruned70/260-123288-0019_generated.wav,2.955011,0.081144,0.077619,0.02746,0.026267,1.579274,0.910015,0.397118
H3_128C_pruned70_Physical_pruning,260-123288-0020.wav,generated_audios/generated_H3_128C_pruned70/260-123288-0020_generated.wav,2.9,0.801963,0.798773,0.276539,0.275439,1.68848,0.931212,0.390838
H3_128C_pruned70_Physical_pruning,260-123288-0021.wav,generated_audios/generated_H3_128C_pruned70/260-123288-0021_generated.wav,2.710023,0.076632,0.073364,0.028277,0.027071,1.804901,0.906886,0.409363
H3_128C_pruned70_Physical_pruning,260-123288-0022.wav,generated_audios/generated_H3_128C_pruned70/260-123288-0022_generated.wav,3.705034,1.026128,1.022782,0.276955,0.276052,1.489869,0.901663,0.410868
H3_128C_pruned70_Physical_pruning,260-123288-0023.wav,generated_audios/generated_H3_128C_pruned70/260-123288-0023_generated.wav,2.385034,0.072528,0.069072,0.03041,0.028961,1.503461,0.900482,0.388192
H3_128C_pruned70_Physical_pruning,260-123288-0024.wav,generated_audios/generated_H3_128C_pruned70/260-123288-0024_generated.wav,14.595011,4.231148,4.226669,0.289904,0.289597,1.770835,0.916005,0.408811
H3_128C_pruned70_Physical_pruning,260-123288-0025.wav,generated_audios/generated_H3_128C_pruned70/260-123288-0025_generated.wav,13.445034,3.935965,3.931671,0.292745,0.292426,1.853683,0.9137,0.409691
H3_128C_pruned70_Physical_pruning,260-123288-0026.wav,generated_audios/generated_H3_128C_pruned70/260-123288-0026_generated.wav,16.04,4.995117,4.989689,0.311416,0.311078,1.786729,0.924169,0.406497
H3_128C_pruned70_Physical_pruning,260-123288-0027.wav,generated_audios/generated_H3_128C_pruned70/260-123288-0027_generated.wav,6.305034,1.717468,1.713736,0.272396,0.271804,1.95794,0.931549,0.400605
H3_128C_pruned70_Physical_pruning,260-123288-0028.wav,generated_audios/generated_H3_128C_pruned70/260-123288-0028_generated.wav,2.610023,0.732894,0.729525,0.2808,0.279509,1.915589,0.939197,0.401051
H3_128C_pruned70_Physical_pruning,260-123440-0000.wav,generated_audios/generated_H3_128C_pruned70/260-123440-0000_generated.wav,2.165034,0.584473,0.581243,0.26996,0.268468,1.507216,0.875982,0.425394
H3_128C_pruned70_Physical_pruning,260-123440-0001.wav,generated_audios/generated_H3_128C_pruned70/260-123440-0001_generated.wav,1.74,0.461244,0.457976,0.265083,0.263204,1.691748,0.892075,0.380991
H3_128C_pruned70_Physical_pruning,260-123440-0002.wav,generated_audios/generated_H3_128C_pruned70/260-123440-0002_generated.wav,14.715011,4.514325,4.508885,0.306784,0.306414,1.851752,0.906973,0.400536
H3_128C_pruned70_Physical_pruning,260-123440-0003.wav,generated_audios/generated_H3_128C_pruned70/260-123440-0003_generated.wav,3.585034,1.025435,1.021915,0.286032,0.28505,1.737809,0.915499,0.402698
H3_128C_pruned70_Physical_pruning,260-123440-0004.wav,generated_audios/generated_H3_128C_pruned70/260-123440-0004_generated.wav,12.02,3.527781,3.523366,0.293493,0.293125,1.708078,0.903781,0.41227
H3_128C_pruned70_Physical_pruning,260-123440-0005.wav,generated_audios/generated_H3_128C_pruned70/260-123440-0005_generated.wav,3.105034,0.085384,0.082064,0.027499,0.026429,1.81789,0.914936,0.416688
H3_128C_pruned70_Physical_pruning,260-123440-0006.wav,generated_audios/generated_H3_128C_pruned70/260-123440-0006_generated.wav,2.715011,0.074787,0.071572,0.027546,0.026362,1.670799,0.905499,0.423701
H3_128C_pruned70_Physical_pruning,260-123440-0007.wav,generated_audios/generated_H3_128C_pruned70/260-123440-0007_generated.wav,3.385034,0.963364,0.959843,0.284595,0.283555,1.491349,0.894625,0.421305
H3_128C_pruned70_Physical_pruning,260-123440-0008.wav,generated_audios/generated_H3_128C_pruned70/260-123440-0008_generated.wav,3.745034,1.070371,1.067241,0.285811,0.284975,1.815728,0.925754,0.407224
H3_128C_pruned70_Physical_pruning,260-123440-0009.wav,generated_audios/generated_H3_128C_pruned70/260-123440-0009_generated.wav,3.115011,0.89461,0.891363,0.287193,0.286151,1.71451,0.909461,0.418426
H3_128C_pruned70_Physical_pruning,260-123440-0010.wav,generated_audios/generated_H3_128C_pruned70/260-123440-0010_generated.wav,8.315011,2.443406,2.439691,0.293855,0.293408,1.678033,0.890119,0.42404
H3_128C_pruned70_Physical_pruning,260-123440-0011.wav,generated_audios/generated_H3_128C_pruned70/260-123440-0011_generated.wav,4.870023,0.1105,0.106443,0.02269,0.021857,1.903638,0.910669,0.411337
H3_128C_pruned70_Physical_pruning,260-123440-0012.wav,generated_audios/generated_H3_128C_pruned70/260-123440-0012_generated.wav,5.245034,1.49725,1.493738,0.285461,0.284791,1.432395,0.888011,0.452949
H3_128C_pruned70_Physical_pruning,260-123440-0013.wav,generated_audios/generated_H3_128C_pruned70/260-123440-0013_generated.wav,3.475011,0.982208,0.978869,0.282649,0.281688,1.781639,0.899619,0.443829
H3_128C_pruned70_Physical_pruning,260-123440-0014.wav,generated_audios/generated_H3_128C_pruned70/260-123440-0014_generated.wav,3.815011,1.098893,1.095691,0.288045,0.287205,1.815416,0.906578,0.434773
H3_128C_pruned70_Physical_pruning,260-123440-0015.wav,generated_audios/generated_H3_128C_pruned70/260-123440-0015_generated.wav,6.2,0.165441,0.161775,0.026684,0.026093,1.808223,0.92093,0.399736
H3_128C_pruned70_Physical_pruning,260-123440-0016.wav,generated_audios/generated_H3_128C_pruned70/260-123440-0016_generated.wav,4.895011,1.433973,1.430445,0.292946,0.292225,1.896088,0.923066,0.418223
H3_128C_pruned70_Physical_pruning,260-123440-0017.wav,generated_audios/generated_H3_128C_pruned70/260-123440-0017_generated.wav,3.070023,0.08937,0.086086,0.029111,0.028041,1.775215,0.907513,0.400883
H3_128C_pruned70_Physical_pruning,260-123440-0018.wav,generated_audios/generated_H3_128C_pruned70/260-123440-0018_generated.wav,3.64,1.06651,1.063156,0.292997,0.292076,1.691651,0.917451,0.424245
H3_128C_pruned70_Physical_pruning,260-123440-0019.wav,generated_audios/generated_H3_128C_pruned70/260-123440-0019_generated.wav,6.630023,1.965669,1.962209,0.29648,0.295958,1.752506,0.906506,0.405344
H3_128C_pruned70_Physical_pruning,260-123440-0020.wav,generated_audios/generated_H3_128C_pruned70/260-123440-0020_generated.wav,4.995011,1.445728,1.442312,0.289434,0.28875,1.688244,0.912517,0.410195
H3_128C_pruned70_Physical_pruning,61-70968-0000.wav,generated_audios/generated_H3_128C_pruned70/61-70968-0000_generated.wav,4.905034,1.421778,1.418475,0.289861,0.289188,1.741162,0.913405,0.385686
H3_128C_pruned70_Physical_pruning,61-70968-0001.wav,generated_audios/generated_H3_128C_pruned70/61-70968-0001_generated.wav,3.610023,1.040121,1.036874,0.28812,0.287221,1.733881,0.88883,0.377916
H3_128C_pruned70_Physical_pruning,61-70968-0002.wav,generated_audios/generated_H3_128C_pruned70/61-70968-0002_generated.wav,2.970023,0.846285,0.842918,0.284942,0.283809,1.617281,0.87078,0.380164
H3_128C_pruned70_Physical_pruning,61-70968-0003.wav,generated_audios/generated_H3_128C_pruned70/61-70968-0003_generated.wav,4.315011,0.103731,0.100254,0.02404,0.023234,1.791821,0.908497,0.383191
H3_128C_pruned70_Physical_pruning,61-70968-0004.wav,generated_audios/generated_H3_128C_pruned70/61-70968-0004_generated.wav,3.885034,1.123108,1.119868,0.289086,0.288252,1.710799,0.905382,0.397012
H3_128C_pruned70_Physical_pruning,61-70968-0005.wav,generated_audios/generated_H3_128C_pruned70/61-70968-0005_generated.wav,5.070023,0.117626,0.114105,0.0232,0.022506,1.649072,0.859097,0.388704
H3_128C_pruned70_Physical_pruning,61-70968-0006.wav,generated_audios/generated_H3_128C_pruned70/61-70968-0006_generated.wav,2.935011,0.790977,0.787779,0.269497,0.268407,1.960171,0.918965,0.381903
H3_128C_pruned70_Physical_pruning,61-70968-0007.wav,generated_audios/generated_H3_128C_pruned70/61-70968-0007_generated.wav,3.550023,0.095814,0.092406,0.02699,0.02603,1.751986,0.825762,0.384863
H3_128C_pruned70_Physical_pruning,61-70968-0008.wav,generated_audios/generated_H3_128C_pruned70/61-70968-0008_generated.wav,3.535011,0.092041,0.088631,0.026037,0.025072,1.650308,0.884005,0.386924
H3_128C_pruned70_Physical_pruning,61-70968-0009.wav,generated_audios/generated_H3_128C_pruned70/61-70968-0009_generated.wav,4.510023,1.304093,1.300541,0.289154,0.288367,1.654079,0.877913,0.383699
H3_128C_pruned70_Physical_pruning,61-70968-0010.wav,generated_audios/generated_H3_128C_pruned70/61-70968-0010_generated.wav,8.295011,2.298427,2.294524,0.277085,0.276615,1.449254,0.896173,0.38931
H3_128C_pruned70_Physical_pruning,61-70968-0011.wav,generated_audios/generated_H3_128C_pruned70/61-70968-0011_generated.wav,6.375011,1.757667,1.753849,0.275712,0.275113,1.670498,0.902031,0.380337
H3_128C_pruned70_Physical_pruning,61-70968-0012.wav,generated_audios/generated_H3_128C_pruned70/61-70968-0012_generated.wav,2.610023,0.074553,0.071223,0.028564,0.027288,1.869959,0.944366,0.397646
H3_128C_pruned70_Physical_pruning,61-70968-0013.wav,generated_audios/generated_H3_128C_pruned70/61-70968-0013_generated.wav,4.450023,0.104465,0.101068,0.023475,0.022712,2.014212,0.90303,0.37537
H3_128C_pruned70_Physical_pruning,61-70968-0014.wav,generated_audios/generated_H3_128C_pruned70/61-70968-0014_generated.wav,7.485034,2.18629,2.182711,0.292088,0.29161,1.944677,0.904535,0.379038
H3_128C_pruned70_Physical_pruning,61-70968-0015.wav,generated_audios/generated_H3_128C_pruned70/61-70968-0015_generated.wav,5.375011,1.489856,1.486258,0.277182,0.276512,1.751765,0.908871,0.387849
H3_128C_pruned70_Physical_pruning,61-70968-0016.wav,generated_audios/generated_H3_128C_pruned70/61-70968-0016_generated.wav,3.72,1.07987,1.076544,0.290288,0.289394,1.796275,0.931032,0.397094
H3_128C_pruned70_Physical_pruning,61-70968-0017.wav,generated_audios/generated_H3_128C_pruned70/61-70968-0017_generated.wav,5.110023,1.499322,1.495847,0.293408,0.292728,1.677094,0.904442,0.383044
H3_128C_pruned70_Physical_pruning,61-70968-0018.wav,generated_audios/generated_H3_128C_pruned70/61-70968-0018_generated.wav,2.405034,0.680502,0.676997,0.282949,0.281492,1.688467,0.909108,0.391029
H3_128C_pruned70_Physical_pruning,61-70968-0019.wav,generated_audios/generated_H3_128C_pruned70/61-70968-0019_generated.wav,5.475011,1.523913,1.520467,0.27834,0.27771,1.605759,0.899782,0.397333
H3_128C_pruned70_Physical_pruning,61-70968-0020.wav,generated_audios/generated_H3_128C_pruned70/61-70968-0020_generated.wav,5.105034,1.517471,1.513914,0.29725,0.296553,1.65208,0.879984,0.389608
H3_128C_pruned70_Physical_pruning,61-70968-0021.wav,generated_audios/generated_H3_128C_pruned70/61-70968-0021_generated.wav,2.690023,0.726694,0.723644,0.270144,0.26901,1.900871,0.873957,0.387771
H3_128C_pruned70_Physical_pruning,61-70968-0022.wav,generated_audios/generated_H3_128C_pruned70/61-70968-0022_generated.wav,4.670023,0.127934,0.124366,0.027395,0.026631,1.636285,0.878078,0.397636
H3_128C_pruned70_Physical_pruning,61-70968-0023.wav,generated_audios/generated_H3_128C_pruned70/61-70968-0023_generated.wav,5.025034,0.122488,0.119121,0.024376,0.023706,1.674032,0.911312,0.400883
H3_128C_pruned70_Physical_pruning,61-70968-0024.wav,generated_audios/generated_H3_128C_pruned70/61-70968-0024_generated.wav,6.025034,1.767176,1.763223,0.293306,0.292649,1.861426,0.890461,0.395187
H3_128C_pruned70_Physical_pruning,61-70968-0025.wav,generated_audios/generated_H3_128C_pruned70/61-70968-0025_generated.wav,4.410023,0.104613,0.101133,0.023722,0.022933,1.700349,0.90418,0.389588
H3_128C_pruned70_Physical_pruning,61-70968-0026.wav,generated_audios/generated_H3_128C_pruned70/61-70968-0026_generated.wav,4.92,1.35253,1.348945,0.274904,0.274176,1.64884,0.928148,0.378151
H3_128C_pruned70_Physical_pruning,61-70968-0027.wav,generated_audios/generated_H3_128C_pruned70/61-70968-0027_generated.wav,6.870023,1.92741,1.923693,0.280554,0.280013,1.907076,0.916572,0.37385
H3_128C_pruned70_Physical_pruning,61-70968-0028.wav,generated_audios/generated_H3_128C_pruned70/61-70968-0028_generated.wav,5.355011,1.587588,1.583887,0.296468,0.295777,1.916454,0.925021,0.374224
H3_128C_pruned70_Physical_pruning,61-70968-0029.wav,generated_audios/generated_H3_128C_pruned70/61-70968-0029_generated.wav,3.495011,1.006814,1.003514,0.288072,0.287127,1.839254,0.90191,0.381113
H3_128C_pruned70_Physical_pruning,61-70968-0030.wav,generated_audios/generated_H3_128C_pruned70/61-70968-0030_generated.wav,5.685034,1.590499,1.586984,0.27977,0.279151,1.731488,0.905343,0.375494
H3_128C_pruned70_Physical_pruning,61-70968-0031.wav,generated_audios/generated_H3_128C_pruned70/61-70968-0031_generated.wav,2.925034,0.861353,0.857772,0.294476,0.293252,1.709906,0.872099,0.379786
H3_128C_pruned70_Physical_pruning,61-70968-0032.wav,generated_audios/generated_H3_128C_pruned70/61-70968-0032_generated.wav,4.28,0.103623,0.100297,0.024211,0.023434,1.94477,0.913289,0.375614
H3_128C_pruned70_Physical_pruning,61-70968-0033.wav,generated_audios/generated_H3_128C_pruned70/61-70968-0033_generated.wav,5.685034,0.103941,0.100136,0.018283,0.017614,1.886763,0.93395,0.375853
H3_128C_pruned70_Physical_pruning,61-70968-0034.wav,generated_audios/generated_H3_128C_pruned70/61-70968-0034_generated.wav,4.230023,1.24206,1.238292,0.29363,0.292739,1.859462,0.903899,0.40881
H3_128C_pruned70_Physical_pruning,61-70968-0035.wav,generated_audios/generated_H3_128C_pruned70/61-70968-0035_generated.wav,7.950023,2.232908,2.228883,0.280868,0.280362,1.778256,0.916867,0.381005
H3_128C_pruned70_Physical_pruning,61-70968-0036.wav,generated_audios/generated_H3_128C_pruned70/61-70968-0036_generated.wav,2.934966,0.085569,0.081951,0.029155,0.027922,1.305204,0.890579,0.387828
H3_128C_pruned70_Physical_pruning,61-70968-0037.wav,generated_audios/generated_H3_128C_pruned70/61-70968-0037_generated.wav,4.315011,0.105431,0.101959,0.024434,0.023629,1.543762,0.858804,0.395151
H3_128C_pruned70_Physical_pruning,61-70968-0038.wav,generated_audios/generated_H3_128C_pruned70/61-70968-0038_generated.wav,2.050023,0.570663,0.567456,0.278369,0.276805,2.236399,0.853004,0.379279
H3_128C_pruned70_Physical_pruning,61-70968-0039.wav,generated_audios/generated_H3_128C_pruned70/61-70968-0039_generated.wav,3.805034,1.067706,1.064374,0.280604,0.279728,1.862857,0.885116,0.391357
H3_128C_pruned70_Physical_pruning,61-70968-0040.wav,generated_audios/generated_H3_128C_pruned70/61-70968-0040_generated.wav,3.950023,1.15634,1.152918,0.292743,0.291876,1.738534,0.896657,0.38252
H3_128C_pruned70_Physical_pruning,61-70968-0041.wav,generated_audios/generated_H3_128C_pruned70/61-70968-0041_generated.wav,6.825034,0.162173,0.158275,0.023761,0.02319,2.033249,0.885441,0.38723
H3_128C_pruned70_Physical_pruning,61-70968-0042.wav,generated_audios/generated_H3_128C_pruned70/61-70968-0042_generated.wav,2.785034,0.076798,0.073418,0.027575,0.026362,1.770632,0.891461,0.383583
H3_128C_pruned70_Physical_pruning,61-70968-0043.wav,generated_audios/generated_H3_128C_pruned70/61-70968-0043_generated.wav,6.735011,2.00362,2.000087,0.297493,0.296969,1.805731,0.881862,0.376302
H3_128C_pruned70_Physical_pruning,61-70968-0044.wav,generated_audios/generated_H3_128C_pruned70/61-70968-0044_generated.wav,2.770023,0.079071,0.075951,0.028545,0.027419,1.779642,0.854391,0.3741
H3_128C_pruned70_Physical_pruning,61-70968-0045.wav,generated_audios/generated_H3_128C_pruned70/61-70968-0045_generated.wav,3.475011,0.088512,0.085321,0.025471,0.024553,2.06157,0.871323,0.363645
H3_128C_pruned70_Physical_pruning,61-70968-0046.wav,generated_audios/generated_H3_128C_pruned70/61-70968-0046_generated.wav,3.550023,0.091983,0.088506,0.025911,0.024931,1.756689,0.912464,0.378952
H3_128C_pruned70_Physical_pruning,61-70968-0047.wav,generated_audios/generated_H3_128C_pruned70/61-70968-0047_generated.wav,4.775011,1.328013,1.324587,0.278117,0.2774,1.704708,0.906521,0.385444
H3_128C_pruned70_Physical_pruning,61-70968-0048.wav,generated_audios/generated_H3_128C_pruned70/61-70968-0048_generated.wav,3.02,0.880417,0.876941,0.291529,0.290378,1.640969,0.866038,0.377945
H3_128C_pruned70_Physical_pruning,61-70968-0049.wav,generated_audios/generated_H3_128C_pruned70/61-70968-0049_generated.wav,8.250023,2.442697,2.438709,0.296084,0.2956,1.843641,0.887135,0.375173
H3_128C_pruned70_Physical_pruning,61-70968-0050.wav,generated_audios/generated_H3_128C_pruned70/61-70968-0050_generated.wav,5.58,1.565293,1.56116,0.280518,0.279778,1.818207,0.895957,0.380862
H3_128C_pruned70_Physical_pruning,61-70968-0051.wav,generated_audios/generated_H3_128C_pruned70/61-70968-0051_generated.wav,3.135011,0.872736,0.868862,0.278384,0.277148,1.851867,0.878416,0.373623
H3_128C_pruned70_Physical_pruning,61-70968-0052.wav,generated_audios/generated_H3_128C_pruned70/61-70968-0052_generated.wav,2.650023,0.742097,0.738897,0.280034,0.278827,1.785438,0.908359,0.387587
H3_128C_pruned70_Physical_pruning,61-70968-0053.wav,generated_audios/generated_H3_128C_pruned70/61-70968-0053_generated.wav,4.22,0.116129,0.112759,0.027519,0.02672,1.793532,0.901483,0.377324
H3_128C_pruned70_Physical_pruning,61-70968-0054.wav,generated_audios/generated_H3_128C_pruned70/61-70968-0054_generated.wav,7.86,2.323175,2.319445,0.295569,0.295095,1.696506,0.901136,0.385139
H3_128C_pruned70_Physical_pruning,61-70968-0055.wav,generated_audios/generated_H3_128C_pruned70/61-70968-0055_generated.wav,3.965034,0.099174,0.09568,0.025012,0.024131,2.291292,0.900479,0.366439
H3_128C_pruned70_Physical_pruning,61-70968-0056.wav,generated_audios/generated_H3_128C_pruned70/61-70968-0056_generated.wav,3.565034,1.039326,1.035954,0.291533,0.290588,2.068863,0.921511,0.371558
H3_128C_pruned70_Physical_pruning,61-70968-0057.wav,generated_audios/generated_H3_128C_pruned70/61-70968-0057_generated.wav,5.065034,0.114417,0.111105,0.02259,0.021936,1.688653,0.866393,0.385867
H3_128C_pruned70_Physical_pruning,61-70968-0058.wav,generated_audios/generated_H3_128C_pruned70/61-70968-0058_generated.wav,1.82,0.477259,0.474198,0.26223,0.260548,1.503855,0.868789,0.379547
H3_128C_pruned70_Physical_pruning,61-70968-0059.wav,generated_audios/generated_H3_128C_pruned70/61-70968-0059_generated.wav,2.170023,0.068265,0.065153,0.031458,0.030024,1.834948,0.916982,0.399543
H3_128C_pruned70_Physical_pruning,61-70968-0060.wav,generated_audios/generated_H3_128C_pruned70/61-70968-0060_generated.wav,3.735011,0.105074,0.101778,0.028132,0.02725,1.849717,0.901805,0.39215
H3_128C_pruned70_Physical_pruning,61-70968-0061.wav,generated_audios/generated_H3_128C_pruned70/61-70968-0061_generated.wav,5.530023,1.60835,1.604833,0.29084,0.290204,1.59258,0.88681,0.393463
H3_128C_pruned70_Physical_pruning,61-70968-0062.wav,generated_audios/generated_H3_128C_pruned70/61-70968-0062_generated.wav,2.555011,0.074575,0.071374,0.029188,0.027935,1.587216,0.84905,0.376954
H3_128C_pruned70_Physical_pruning,61-70970-0000.wav,generated_audios/generated_H3_128C_pruned70/61-70970-0000_generated.wav,6.075011,1.793704,1.789901,0.295259,0.294633,1.71591,0.926287,0.377851
H3_128C_pruned70_Physical_pruning,61-70970-0001.wav,generated_audios/generated_H3_128C_pruned70/61-70970-0001_generated.wav,6.155011,1.771288,1.767348,0.28778,0.28714,2.051809,0.938991,0.371472
H3_128C_pruned70_Physical_pruning,61-70970-0002.wav,generated_audios/generated_H3_128C_pruned70/61-70970-0002_generated.wav,4.165034,1.218181,1.21444,0.292478,0.29158,1.857008,0.879199,0.380972
H3_128C_pruned70_Physical_pruning,61-70970-0003.wav,generated_audios/generated_H3_128C_pruned70/61-70970-0003_generated.wav,3.835011,1.087627,1.083898,0.283605,0.282632,1.88465,0.890389,0.364307
H3_128C_pruned70_Physical_pruning,61-70970-0004.wav,generated_audios/generated_H3_128C_pruned70/61-70970-0004_generated.wav,10.515011,3.087896,3.083674,0.293665,0.293264,2.012501,0.896697,0.367006
H3_128C_pruned70_Physical_pruning,61-70970-0005.wav,generated_audios/generated_H3_128C_pruned70/61-70970-0005_generated.wav,2.02,0.572849,0.569402,0.283588,0.281882,1.405579,0.884114,0.371936
H3_128C_pruned70_Physical_pruning,61-70970-0006.wav,generated_audios/generated_H3_128C_pruned70/61-70970-0006_generated.wav,2.335011,0.688743,0.685581,0.294964,0.293609,1.835969,0.926105,0.368773
H3_128C_pruned70_Physical_pruning,61-70970-0007.wav,generated_audios/generated_H3_128C_pruned70/61-70970-0007_generated.wav,4.485034,1.366615,1.363201,0.304706,0.303944,1.709696,0.895107,0.389047
H3_128C_pruned70_Physical_pruning,61-70970-0008.wav,generated_audios/generated_H3_128C_pruned70/61-70970-0008_generated.wav,2.150023,0.647727,0.64439,0.301265,0.299713,1.940377,0.864594,0.367366
H3_128C_pruned70_Physical_pruning,61-70970-0009.wav,generated_audios/generated_H3_128C_pruned70/61-70970-0009_generated.wav,3.405034,1.05889,1.055488,0.310978,0.309979,2.016725,0.913671,0.366742
H3_128C_pruned70_Physical_pruning,61-70970-0010.wav,generated_audios/generated_H3_128C_pruned70/61-70970-0010_generated.wav,3.045034,0.084809,0.081582,0.027851,0.026792,2.115135,0.889038,0.3737
H3_128C_pruned70_Physical_pruning,61-70970-0011.wav,generated_audios/generated_H3_128C_pruned70/61-70970-0011_generated.wav,6.075011,0.104742,0.10111,0.017241,0.016644,1.743964,0.861569,0.379542
H3_128C_pruned70_Physical_pruning,61-70970-0012.wav,generated_audios/generated_H3_128C_pruned70/61-70970-0012_generated.wav,3.135011,0.083966,0.080398,0.026783,0.025645,1.645143,0.906469,0.378433
H3_128C_pruned70_Physical_pruning,61-70970-0013.wav,generated_audios/generated_H3_128C_pruned70/61-70970-0013_generated.wav,4.350023,1.302355,1.29902,0.29939,0.298624,1.793129,0.912693,0.379317
H3_128C_pruned70_Physical_pruning,61-70970-0014.wav,generated_audios/generated_H3_128C_pruned70/61-70970-0014_generated.wav,3.405034,0.067089,0.063679,0.019703,0.018702,1.619105,0.922217,0.382963
H3_128C_pruned70_Physical_pruning,61-70970-0015.wav,generated_audios/generated_H3_128C_pruned70/61-70970-0015_generated.wav,8.415011,2.546637,2.542518,0.30263,0.302141,1.664747,0.915186,0.382452
H3_128C_pruned70_Physical_pruning,61-70970-0016.wav,generated_audios/generated_H3_128C_pruned70/61-70970-0016_generated.wav,4.370023,1.321967,1.318481,0.302508,0.30171,1.649508,0.930927,0.381888
H3_128C_pruned70_Physical_pruning,61-70970-0017.wav,generated_audios/generated_H3_128C_pruned70/61-70970-0017_generated.wav,2.550023,0.070682,0.067402,0.027718,0.026432,1.568103,0.892159,0.38757
H3_128C_pruned70_Physical_pruning,61-70970-0018.wav,generated_audios/generated_H3_128C_pruned70/61-70970-0018_generated.wav,4.6,1.291239,1.287712,0.280704,0.279937,1.741858,0.893636,0.387522
H3_128C_pruned70_Physical_pruning,61-70970-0019.wav,generated_audios/generated_H3_128C_pruned70/61-70970-0019_generated.wav,3.78,1.123843,1.120241,0.297313,0.29636,1.867658,0.910076,0.384538
H3_128C_pruned70_Physical_pruning,61-70970-0020.wav,generated_audios/generated_H3_128C_pruned70/61-70970-0020_generated.wav,5.025034,0.120049,0.116482,0.02389,0.02318,1.597729,0.883787,0.381086
H3_128C_pruned70_Physical_pruning,61-70970-0021.wav,generated_audios/generated_H3_128C_pruned70/61-70970-0021_generated.wav,5.405034,1.505823,1.502143,0.278596,0.277916,1.726509,0.902083,0.385484
H3_128C_pruned70_Physical_pruning,61-70970-0022.wav,generated_audios/generated_H3_128C_pruned70/61-70970-0022_generated.wav,3.970023,0.096951,0.093329,0.024421,0.023508,1.827401,0.899861,0.381794
H3_128C_pruned70_Physical_pruning,61-70970-0023.wav,generated_audios/generated_H3_128C_pruned70/61-70970-0023_generated.wav,3.705034,0.093976,0.090458,0.025364,0.024415,1.763628,0.919113,0.390887
H3_128C_pruned70_Physical_pruning,61-70970-0024.wav,generated_audios/generated_H3_128C_pruned70/61-70970-0024_generated.wav,7.235011,2.112167,2.108485,0.291937,0.291428,1.856622,0.924173,0.383787
H3_128C_pruned70_Physical_pruning,61-70970-0025.wav,generated_audios/generated_H3_128C_pruned70/61-70970-0025_generated.wav,7.435011,2.202741,2.198926,0.296266,0.295753,1.976092,0.931798,0.374517
H3_128C_pruned70_Physical_pruning,61-70970-0026.wav,generated_audios/generated_H3_128C_pruned70/61-70970-0026_generated.wav,5.475011,0.144392,0.140822,0.026373,0.025721,1.821285,0.909106,0.37796
H3_128C_pruned70_Physical_pruning,61-70970-0027.wav,generated_audios/generated_H3_128C_pruned70/61-70970-0027_generated.wav,5.08,0.116642,0.113082,0.022961,0.02226,1.62652,0.908474,0.378714
H3_128C_pruned70_Physical_pruning,61-70970-0028.wav,generated_audios/generated_H3_128C_pruned70/61-70970-0028_generated.wav,6.550023,0.160495,0.156734,0.024503,0.023929,1.821195,0.920041,0.373453
H3_128C_pruned70_Physical_pruning,61-70970-0029.wav,generated_audios/generated_H3_128C_pruned70/61-70970-0029_generated.wav,4.030023,0.098521,0.09512,0.024447,0.023603,2.027452,0.904363,0.373917
H3_128C_pruned70_Physical_pruning,61-70970-0030.wav,generated_audios/generated_H3_128C_pruned70/61-70970-0030_generated.wav,3.24,0.093176,0.089721,0.028758,0.027692,1.540418,0.898373,0.396558
H3_128C_pruned70_Physical_pruning,61-70970-0031.wav,generated_audios/generated_H3_128C_pruned70/61-70970-0031_generated.wav,5.135011,1.486897,1.483235,0.289561,0.288847,1.62813,0.905512,0.376475
H3_128C_pruned70_Physical_pruning,61-70970-0032.wav,generated_audios/generated_H3_128C_pruned70/61-70970-0032_generated.wav,3.135011,0.084267,0.080887,0.026879,0.025801,1.747203,0.904197,0.372092
H3_128C_pruned70_Physical_pruning,61-70970-0033.wav,generated_audios/generated_H3_128C_pruned70/61-70970-0033_generated.wav,3.42,0.94185,0.938456,0.275395,0.274402,1.464036,0.901628,0.386911
H3_128C_pruned70_Physical_pruning,61-70970-0034.wav,generated_audios/generated_H3_128C_pruned70/61-70970-0034_generated.wav,4.485034,0.104008,0.100389,0.02319,0.022383,1.563415,0.881492,0.378376
H3_128C_pruned70_Physical_pruning,61-70970-0035.wav,generated_audios/generated_H3_128C_pruned70/61-70970-0035_generated.wav,7.405034,0.175092,0.171163,0.023645,0.023114,1.78293,0.914648,0.377344
H3_128C_pruned70_Physical_pruning,61-70970-0036.wav,generated_audios/generated_H3_128C_pruned70/61-70970-0036_generated.wav,6.785034,0.160484,0.156637,0.023653,0.023086,1.819844,0.908066,0.375062
H3_128C_pruned70_Physical_pruning,61-70970-0037.wav,generated_audios/generated_H3_128C_pruned70/61-70970-0037_generated.wav,5.98,1.739988,1.736308,0.290968,0.290352,1.816781,0.913852,0.379869
H3_128C_pruned70_Physical_pruning,61-70970-0038.wav,generated_audios/generated_H3_128C_pruned70/61-70970-0038_generated.wav,10.4,3.037015,3.032876,0.292021,0.291623,1.805129,0.9071,0.383639
H3_128C_pruned70_Physical_pruning,61-70970-0039.wav,generated_audios/generated_H3_128C_pruned70/61-70970-0039_generated.wav,6.665034,0.150738,0.146949,0.022616,0.022048,1.535379,0.883179,0.390444
H3_128C_pruned70_Physical_pruning,61-70970-0040.wav,generated_audios/generated_H3_128C_pruned70/61-70970-0040_generated.wav,4.165034,0.101324,0.097823,0.024327,0.023487,1.89298,0.921729,0.380239
H3_128C_pruned70_Physical_pruning,672-122797-0000.wav,generated_audios/generated_H3_128C_pruned70/672-122797-0000_generated.wav,4.070023,1.18413,1.180918,0.290939,0.29015,1.904364,0.920214,0.392075
H3_128C_pruned70_Physical_pruning,672-122797-0001.wav,generated_audios/generated_H3_128C_pruned70/672-122797-0001_generated.wav,15.130023,4.596479,4.592151,0.303799,0.303512,1.984118,0.918084,0.394305
H3_128C_pruned70_Physical_pruning,672-122797-0002.wav,generated_audios/generated_H3_128C_pruned70/672-122797-0002_generated.wav,13.62,3.760627,3.756591,0.276111,0.275814,1.894953,0.911612,0.389497
H3_128C_pruned70_Physical_pruning,672-122797-0003.wav,generated_audios/generated_H3_128C_pruned70/672-122797-0003_generated.wav,4.76,1.382526,1.378879,0.290447,0.28968,1.751867,0.884645,0.388683
H3_128C_pruned70_Physical_pruning,672-122797-0004.wav,generated_audios/generated_H3_128C_pruned70/672-122797-0004_generated.wav,10.250023,2.939791,2.935553,0.286808,0.286395,1.807383,0.876075,0.403288
H3_128C_pruned70_Physical_pruning,672-122797-0005.wav,generated_audios/generated_H3_128C_pruned70/672-122797-0005_generated.wav,3.26,0.934217,0.930876,0.286569,0.285545,1.831729,0.832141,0.401516
H3_128C_pruned70_Physical_pruning,672-122797-0006.wav,generated_audios/generated_H3_128C_pruned70/672-122797-0006_generated.wav,13.950023,4.306055,4.301897,0.308677,0.308379,1.60291,0.810869,0.436317
H3_128C_pruned70_Physical_pruning,672-122797-0007.wav,generated_audios/generated_H3_128C_pruned70/672-122797-0007_generated.wav,6.42,1.880743,1.876944,0.292951,0.292359,1.90281,0.831106,0.39686
H3_128C_pruned70_Physical_pruning,672-122797-0008.wav,generated_audios/generated_H3_128C_pruned70/672-122797-0008_generated.wav,30.810023,9.345159,9.338532,0.303316,0.3031,1.914341,0.843125,0.398947
H3_128C_pruned70_Physical_pruning,672-122797-0009.wav,generated_audios/generated_H3_128C_pruned70/672-122797-0009_generated.wav,2.765034,0.079588,0.076408,0.028784,0.027634,1.609937,0.788805,0.475366
H3_128C_pruned70_Physical_pruning,672-122797-0010.wav,generated_audios/generated_H3_128C_pruned70/672-122797-0010_generated.wav,3.815011,0.094239,0.090713,0.024702,0.023778,1.823919,0.880186,0.413484
H3_128C_pruned70_Physical_pruning,672-122797-0011.wav,generated_audios/generated_H3_128C_pruned70/672-122797-0011_generated.wav,2.54,0.771516,0.76834,0.303746,0.302496,1.46582,0.817283,0.487673
H3_128C_pruned70_Physical_pruning,672-122797-0012.wav,generated_audios/generated_H3_128C_pruned70/672-122797-0012_generated.wav,7.765034,2.372353,2.368428,0.305517,0.305012,1.682919,0.863907,0.408741
H3_128C_pruned70_Physical_pruning,672-122797-0013.wav,generated_audios/generated_H3_128C_pruned70/672-122797-0013_generated.wav,8.705034,2.648001,2.643742,0.304192,0.303703,1.916411,0.828505,0.411447
H3_128C_pruned70_Physical_pruning,672-122797-0014.wav,generated_audios/generated_H3_128C_pruned70/672-122797-0014_generated.wav,2.555011,0.071275,0.067913,0.027896,0.02658,1.630751,0.848806,0.445296
H3_128C_pruned70_Physical_pruning,672-122797-0015.wav,generated_audios/generated_H3_128C_pruned70/672-122797-0015_generated.wav,4.455011,0.104545,0.100998,0.023467,0.022671,1.752393,0.842806,0.455479
H3_128C_pruned70_Physical_pruning,672-122797-0016.wav,generated_audios/generated_H3_128C_pruned70/672-122797-0016_generated.wav,9.215011,2.703838,2.699932,0.293417,0.292993,1.638778,0.836535,0.430951
H3_128C_pruned70_Physical_pruning,672-122797-0017.wav,generated_audios/generated_H3_128C_pruned70/672-122797-0017_generated.wav,4.82,1.405737,1.402449,0.291647,0.290965,1.470648,0.841752,0.444947
H3_128C_pruned70_Physical_pruning,672-122797-0018.wav,generated_audios/generated_H3_128C_pruned70/672-122797-0018_generated.wav,4.930023,1.466613,1.462972,0.297486,0.296748,1.917845,0.878877,0.400963
H3_128C_pruned70_Physical_pruning,672-122797-0019.wav,generated_audios/generated_H3_128C_pruned70/672-122797-0019_generated.wav,4.110023,1.163886,1.160462,0.283182,0.282349,1.798585,0.858955,0.425454
H3_128C_pruned70_Physical_pruning,672-122797-0020.wav,generated_audios/generated_H3_128C_pruned70/672-122797-0020_generated.wav,8.825034,2.663297,2.659149,0.301789,0.301319,1.800617,0.834236,0.404058
H3_128C_pruned70_Physical_pruning,672-122797-0021.wav,generated_audios/generated_H3_128C_pruned70/672-122797-0021_generated.wav,4.150023,0.103757,0.10033,0.025002,0.024176,1.637399,0.91242,0.395745
H3_128C_pruned70_Physical_pruning,672-122797-0022.wav,generated_audios/generated_H3_128C_pruned70/672-122797-0022_generated.wav,19.004943,5.79311,5.787528,0.304821,0.304527,1.808472,0.838086,0.393636
H3_128C_pruned70_Physical_pruning,672-122797-0023.wav,generated_audios/generated_H3_128C_pruned70/672-122797-0023_generated.wav,9.695102,2.851454,2.847833,0.294113,0.293739,1.79062,0.869026,0.395445
H3_128C_pruned70_Physical_pruning,672-122797-0024.wav,generated_audios/generated_H3_128C_pruned70/672-122797-0024_generated.wav,4.130023,1.182077,1.178727,0.286216,0.285405,1.683753,0.809272,0.393868
H3_128C_pruned70_Physical_pruning,672-122797-0025.wav,generated_audios/generated_H3_128C_pruned70/672-122797-0025_generated.wav,10.690023,3.196397,3.192393,0.299007,0.298633,1.868849,0.891182,0.39892
H3_128C_pruned70_Physical_pruning,672-122797-0026.wav,generated_audios/generated_H3_128C_pruned70/672-122797-0026_generated.wav,13.96,4.194373,4.189978,0.300457,0.300142,1.769247,0.861027,0.395955
H3_128C_pruned70_Physical_pruning,672-122797-0027.wav,generated_audios/generated_H3_128C_pruned70/672-122797-0027_generated.wav,4.790023,0.109113,0.105477,0.022779,0.02202,1.770636,0.817196,0.387665
H3_128C_pruned70_Physical_pruning,672-122797-0028.wav,generated_audios/generated_H3_128C_pruned70/672-122797-0028_generated.wav,2.610023,0.071899,0.068681,0.027547,0.026314,1.853659,0.892528,0.398687
H3_128C_pruned70_Physical_pruning,672-122797-0029.wav,generated_audios/generated_H3_128C_pruned70/672-122797-0029_generated.wav,3.050023,0.079769,0.076487,0.026154,0.025078,2.392261,0.915465,0.411526
H3_128C_pruned70_Physical_pruning,672-122797-0030.wav,generated_audios/generated_H3_128C_pruned70/672-122797-0030_generated.wav,4.575011,1.325232,1.322246,0.289668,0.289015,1.876691,0.889004,0.420209
H3_128C_pruned70_Physical_pruning,672-122797-0031.wav,generated_audios/generated_H3_128C_pruned70/672-122797-0031_generated.wav,3.98,0.101024,0.097912,0.025383,0.024601,1.5759,0.857142,0.420867
H3_128C_pruned70_Physical_pruning,672-122797-0032.wav,generated_audios/generated_H3_128C_pruned70/672-122797-0032_generated.wav,4.0,0.09865,0.095095,0.024662,0.023774,1.637807,0.843612,0.399202
H3_128C_pruned70_Physical_pruning,672-122797-0033.wav,generated_audios/generated_H3_128C_pruned70/672-122797-0033_generated.wav,1.285034,0.331886,0.329123,0.25827,0.25612,1.398599,0.797844,0.441883
H3_128C_pruned70_Physical_pruning,672-122797-0034.wav,generated_audios/generated_H3_128C_pruned70/672-122797-0034_generated.wav,5.110023,0.117797,0.11433,0.023052,0.022374,1.489435,0.89256,0.42035
H3_128C_pruned70_Physical_pruning,672-122797-0035.wav,generated_audios/generated_H3_128C_pruned70/672-122797-0035_generated.wav,2.9,0.077167,0.074229,0.026609,0.025596,2.084481,0.903517,0.422491
H3_128C_pruned70_Physical_pruning,672-122797-0036.wav,generated_audios/generated_H3_128C_pruned70/672-122797-0036_generated.wav,5.365034,0.12684,0.12355,0.023642,0.023029,1.434517,0.793997,0.443808
H3_128C_pruned70_Physical_pruning,672-122797-0037.wav,generated_audios/generated_H3_128C_pruned70/672-122797-0037_generated.wav,1.96,0.539664,0.536768,0.275339,0.273861,1.243244,0.768578,0.489473
H3_128C_pruned70_Physical_pruning,672-122797-0038.wav,generated_audios/generated_H3_128C_pruned70/672-122797-0038_generated.wav,8.8,2.649828,2.646066,0.301117,0.300689,1.860144,0.857341,0.398817
H3_128C_pruned70_Physical_pruning,672-122797-0039.wav,generated_audios/generated_H3_128C_pruned70/672-122797-0039_generated.wav,4.025034,1.18377,1.180459,0.294102,0.293279,2.009359,0.89311,0.407386
H3_128C_pruned70_Physical_pruning,672-122797-0040.wav,generated_audios/generated_H3_128C_pruned70/672-122797-0040_generated.wav,5.125034,0.121444,0.118105,0.023696,0.023045,1.71931,0.86403,0.39585
H3_128C_pruned70_Physical_pruning,672-122797-0041.wav,generated_audios/generated_H3_128C_pruned70/672-122797-0041_generated.wav,3.88,0.093574,0.090524,0.024117,0.023331,1.933088,0.872447,0.397543
H3_128C_pruned70_Physical_pruning,672-122797-0042.wav,generated_audios/generated_H3_128C_pruned70/672-122797-0042_generated.wav,15.310023,4.619204,4.614702,0.301711,0.301417,1.971388,0.74664,0.387138
H3_128C_pruned70_Physical_pruning,672-122797-0043.wav,generated_audios/generated_H3_128C_pruned70/672-122797-0043_generated.wav,3.78,0.093741,0.090497,0.024799,0.023941,1.454195,0.770249,0.443429
H3_128C_pruned70_Physical_pruning,672-122797-0044.wav,generated_audios/generated_H3_128C_pruned70/672-122797-0044_generated.wav,3.74,0.091517,0.088515,0.02447,0.023667,2.015607,0.849578,0.399755
H3_128C_pruned70_Physical_pruning,672-122797-0045.wav,generated_audios/generated_H3_128C_pruned70/672-122797-0045_generated.wav,13.96,0.306662,0.302597,0.021967,0.021676,1.822635,0.899738,0.39439
H3_128C_pruned70_Physical_pruning,672-122797-0046.wav,generated_audios/generated_H3_128C_pruned70/672-122797-0046_generated.wav,4.715011,1.375143,1.371746,0.291652,0.290932,1.969612,0.86966,0.414282
H3_128C_pruned70_Physical_pruning,672-122797-0047.wav,generated_audios/generated_H3_128C_pruned70/672-122797-0047_generated.wav,3.325034,0.965829,0.962599,0.290472,0.289501,1.841864,0.831693,0.449582
H3_128C_pruned70_Physical_pruning,672-122797-0048.wav,generated_audios/generated_H3_128C_pruned70/672-122797-0048_generated.wav,6.555011,0.161115,0.157822,0.024579,0.024077,1.446749,0.781926,0.395444
H3_128C_pruned70_Physical_pruning,672-122797-0049.wav,generated_audios/generated_H3_128C_pruned70/672-122797-0049_generated.wav,2.02,0.06256,0.05957,0.03097,0.02949,1.451544,0.79671,0.41883
H3_128C_pruned70_Physical_pruning,672-122797-0050.wav,generated_audios/generated_H3_128C_pruned70/672-122797-0050_generated.wav,4.855011,1.421172,1.417714,0.292723,0.292011,1.768481,0.86768,0.393431
H3_128C_pruned70_Physical_pruning,672-122797-0051.wav,generated_audios/generated_H3_128C_pruned70/672-122797-0051_generated.wav,4.665034,1.399429,1.396043,0.299983,0.299257,1.852663,0.857157,0.416765
H3_128C_pruned70_Physical_pruning,672-122797-0052.wav,generated_audios/generated_H3_128C_pruned70/672-122797-0052_generated.wav,4.285034,1.214299,1.210977,0.283381,0.282606,1.748757,0.870384,0.422925
H3_128C_pruned70_Physical_pruning,672-122797-0053.wav,generated_audios/generated_H3_128C_pruned70/672-122797-0053_generated.wav,2.955011,0.083806,0.080719,0.028361,0.027316,1.582985,0.849905,0.394185
H3_128C_pruned70_Physical_pruning,672-122797-0054.wav,generated_audios/generated_H3_128C_pruned70/672-122797-0054_generated.wav,4.250023,0.115042,0.111869,0.027069,0.026322,2.053015,0.820898,0.394181
H3_128C_pruned70_Physical_pruning,672-122797-0055.wav,generated_audios/generated_H3_128C_pruned70/672-122797-0055_generated.wav,8.230023,2.317529,2.313939,0.281595,0.281158,1.827883,0.842152,0.4021
H3_128C_pruned70_Physical_pruning,672-122797-0056.wav,generated_audios/generated_H3_128C_pruned70/672-122797-0056_generated.wav,5.225034,0.12307,0.119528,0.023554,0.022876,1.761017,0.886028,0.391135
H3_128C_pruned70_Physical_pruning,672-122797-0057.wav,generated_audios/generated_H3_128C_pruned70/672-122797-0057_generated.wav,6.56,0.151196,0.14726,0.023048,0.022448,1.514662,0.796628,0.420961
H3_128C_pruned70_Physical_pruning,672-122797-0058.wav,generated_audios/generated_H3_128C_pruned70/672-122797-0058_generated.wav,4.470023,1.326108,1.322561,0.296667,0.295874,1.28143,0.784285,0.43541
H3_128C_pruned70_Physical_pruning,672-122797-0059.wav,generated_audios/generated_H3_128C_pruned70/672-122797-0059_generated.wav,3.52,1.01629,1.012939,0.288719,0.287767,1.895934,0.864134,0.401246
H3_128C_pruned70_Physical_pruning,672-122797-0060.wav,generated_audios/generated_H3_128C_pruned70/672-122797-0060_generated.wav,3.350023,0.090093,0.086913,0.026893,0.025944,2.156513,0.929372,0.40115
H3_128C_pruned70_Physical_pruning,672-122797-0061.wav,generated_audios/generated_H3_128C_pruned70/672-122797-0061_generated.wav,7.590023,2.329257,2.325402,0.306884,0.306376,1.770844,0.864643,0.448428
H3_128C_pruned70_Physical_pruning,672-122797-0062.wav,generated_audios/generated_H3_128C_pruned70/672-122797-0062_generated.wav,2.675011,0.814652,0.810855,0.304541,0.303122,1.865992,0.768679,0.400039
H3_128C_pruned70_Physical_pruning,672-122797-0063.wav,generated_audios/generated_H3_128C_pruned70/672-122797-0063_generated.wav,5.075011,0.115337,0.112015,0.022726,0.022072,1.883001,0.870107,0.405507
H3_128C_pruned70_Physical_pruning,672-122797-0064.wav,generated_audios/generated_H3_128C_pruned70/672-122797-0064_generated.wav,15.270023,4.589976,4.585588,0.300587,0.3003,1.913677,0.848446,0.404898
H3_128C_pruned70_Physical_pruning,672-122797-0065.wav,generated_audios/generated_H3_128C_pruned70/672-122797-0065_generated.wav,3.030023,0.082744,0.079901,0.027308,0.02637,1.947741,0.854247,0.400994
H3_128C_pruned70_Physical_pruning,672-122797-0066.wav,generated_audios/generated_H3_128C_pruned70/672-122797-0066_generated.wav,4.815011,0.120481,0.117475,0.025022,0.024398,1.934653,0.917623,0.396189
H3_128C_pruned70_Physical_pruning,672-122797-0067.wav,generated_audios/generated_H3_128C_pruned70/672-122797-0067_generated.wav,13.035011,3.741096,3.736635,0.287004,0.286661,1.922494,0.895782,0.399577
H3_128C_pruned70_Physical_pruning,672-122797-0068.wav,generated_audios/generated_H3_128C_pruned70/672-122797-0068_generated.wav,4.02,0.100295,0.097127,0.024949,0.024161,1.751565,0.848982,0.396612
H3_128C_pruned70_Physical_pruning,672-122797-0069.wav,generated_audios/generated_H3_128C_pruned70/672-122797-0069_generated.wav,5.010023,1.516859,1.513351,0.302765,0.302065,1.883826,0.828546,0.391421
H3_128C_pruned70_Physical_pruning,672-122797-0070.wav,generated_audios/generated_H3_128C_pruned70/672-122797-0070_generated.wav,6.270023,1.75974,1.755989,0.280659,0.280061,1.712026,0.909586,0.400294
H3_128C_pruned70_Physical_pruning,672-122797-0071.wav,generated_audios/generated_H3_128C_pruned70/672-122797-0071_generated.wav,8.875011,2.666687,2.663357,0.300471,0.300096,1.904435,0.917257,0.395357
H3_128C_pruned70_Physical_pruning,672-122797-0072.wav,generated_audios/generated_H3_128C_pruned70/672-122797-0072_generated.wav,7.94,2.424956,2.421314,0.30541,0.304951,1.873129,0.852475,0.401403
H3_128C_pruned70_Physical_pruning,672-122797-0073.wav,generated_audios/generated_H3_128C_pruned70/672-122797-0073_generated.wav,8.205034,2.487766,2.483781,0.3032,0.302714,2.030612,0.889883,0.400131
H3_128C_pruned70_Physical_pruning,672-122797-0074.wav,generated_audios/generated_H3_128C_pruned70/672-122797-0074_generated.wav,8.730023,2.651992,2.648238,0.303778,0.303348,2.030093,0.740469,0.392845
H3_128C_pruned70_Physical_pruning,908-157963-0000.wav,generated_audios/generated_H3_128C_pruned70/908-157963-0000_generated.wav,12.62,3.629134,3.625124,0.28757,0.287252,1.856604,0.88833,0.404611
H3_128C_pruned70_Physical_pruning,908-157963-0001.wav,generated_audios/generated_H3_128C_pruned70/908-157963-0001_generated.wav,2.885034,0.854658,0.851355,0.296238,0.295094,1.992642,0.929341,0.413803
H3_128C_pruned70_Physical_pruning,908-157963-0002.wav,generated_audios/generated_H3_128C_pruned70/908-157963-0002_generated.wav,2.755011,0.817733,0.814689,0.296817,0.295712,1.872548,0.91001,0.413531
H3_128C_pruned70_Physical_pruning,908-157963-0003.wav,generated_audios/generated_H3_128C_pruned70/908-157963-0003_generated.wav,3.08,0.907379,0.903808,0.294604,0.293444,1.849514,0.903563,0.420853
H3_128C_pruned70_Physical_pruning,908-157963-0004.wav,generated_audios/generated_H3_128C_pruned70/908-157963-0004_generated.wav,13.990023,4.187281,4.182811,0.299305,0.298985,1.847505,0.888261,0.40748
H3_128C_pruned70_Physical_pruning,908-157963-0005.wav,generated_audios/generated_H3_128C_pruned70/908-157963-0005_generated.wav,7.035011,2.0487,2.044982,0.291215,0.290686,1.85461,0.883329,0.410447
H3_128C_pruned70_Physical_pruning,908-157963-0006.wav,generated_audios/generated_H3_128C_pruned70/908-157963-0006_generated.wav,8.110023,2.406802,2.403376,0.296769,0.296346,1.764348,0.873225,0.414694
H3_128C_pruned70_Physical_pruning,908-157963-0007.wav,generated_audios/generated_H3_128C_pruned70/908-157963-0007_generated.wav,32.770023,10.06275,10.055675,0.307072,0.306856,1.786938,0.884867,0.411197
H3_128C_pruned70_Physical_pruning,908-157963-0008.wav,generated_audios/generated_H3_128C_pruned70/908-157963-0008_generated.wav,19.950023,6.03002,6.024408,0.302256,0.301975,1.787787,0.895002,0.406197
H3_128C_pruned70_Physical_pruning,908-157963-0009.wav,generated_audios/generated_H3_128C_pruned70/908-157963-0009_generated.wav,4.06,1.21285,1.20945,0.298731,0.297894,1.840105,0.904603,0.408684
H3_128C_pruned70_Physical_pruning,908-157963-0010.wav,generated_audios/generated_H3_128C_pruned70/908-157963-0010_generated.wav,6.28,0.152778,0.148927,0.024328,0.023714,1.756397,0.839382,0.401324
H3_128C_pruned70_Physical_pruning,908-157963-0011.wav,generated_audios/generated_H3_128C_pruned70/908-157963-0011_generated.wav,10.395011,0.238258,0.234231,0.02292,0.022533,1.685963,0.877887,0.410181
H3_128C_pruned70_Physical_pruning,908-157963-0012.wav,generated_audios/generated_H3_128C_pruned70/908-157963-0012_generated.wav,10.090023,2.99321,2.988915,0.29665,0.296225,1.821694,0.859524,0.395584
H3_128C_pruned70_Physical_pruning,908-157963-0013.wav,generated_audios/generated_H3_128C_pruned70/908-157963-0013_generated.wav,4.315011,0.108972,0.105576,0.025254,0.024467,1.800314,0.906254,0.426707
H3_128C_pruned70_Physical_pruning,908-157963-0014.wav,generated_audios/generated_H3_128C_pruned70/908-157963-0014_generated.wav,4.52,0.106981,0.103462,0.023668,0.02289,1.868782,0.885038,0.417577
H3_128C_pruned70_Physical_pruning,908-157963-0015.wav,generated_audios/generated_H3_128C_pruned70/908-157963-0015_generated.wav,14.465034,4.086492,4.082145,0.282508,0.282208,1.895664,0.906593,0.409572
H3_128C_pruned70_Physical_pruning,908-157963-0016.wav,generated_audios/generated_H3_128C_pruned70/908-157963-0016_generated.wav,5.105034,0.118171,0.114658,0.023148,0.02246,1.865054,0.907169,0.39985
H3_128C_pruned70_Physical_pruning,908-157963-0017.wav,generated_audios/generated_H3_128C_pruned70/908-157963-0017_generated.wav,4.950023,1.389139,1.385777,0.280633,0.279954,1.860649,0.908905,0.416112
H3_128C_pruned70_Physical_pruning,908-157963-0018.wav,generated_audios/generated_H3_128C_pruned70/908-157963-0018_generated.wav,4.255011,0.116692,0.113431,0.027425,0.026658,1.732493,0.891644,0.413095
H3_128C_pruned70_Physical_pruning,908-157963-0019.wav,generated_audios/generated_H3_128C_pruned70/908-157963-0019_generated.wav,21.44,6.568429,6.563453,0.306363,0.306131,1.737514,0.892749,0.407987
H3_128C_pruned70_Physical_pruning,908-157963-0020.wav,generated_audios/generated_H3_128C_pruned70/908-157963-0020_generated.wav,9.8,2.928167,2.924251,0.298793,0.298393,1.865164,0.895922,0.40298
H3_128C_pruned70_Physical_pruning,908-157963-0021.wav,generated_audios/generated_H3_128C_pruned70/908-157963-0021_generated.wav,10.24,0.242122,0.238005,0.023645,0.023243,1.659212,0.895375,0.399726
H3_128C_pruned70_Physical_pruning,908-157963-0022.wav,generated_audios/generated_H3_128C_pruned70/908-157963-0022_generated.wav,4.610023,1.396781,1.393262,0.302988,0.302225,1.623186,0.890933,0.395405
H3_128C_pruned70_Physical_pruning,908-157963-0023.wav,generated_audios/generated_H3_128C_pruned70/908-157963-0023_generated.wav,9.625034,2.952266,2.948493,0.306728,0.306336,1.847763,0.874318,0.398922
H3_128C_pruned70_Physical_pruning,908-157963-0024.wav,generated_audios/generated_H3_128C_pruned70/908-157963-0024_generated.wav,3.44,1.048379,1.045388,0.304761,0.303892,1.713477,0.878805,0.401411
H3_128C_pruned70_Physical_pruning,908-157963-0025.wav,generated_audios/generated_H3_128C_pruned70/908-157963-0025_generated.wav,9.265034,2.640442,2.636766,0.28499,0.284593,1.760824,0.881533,0.402129
H3_128C_pruned70_Physical_pruning,908-157963-0026.wav,generated_audios/generated_H3_128C_pruned70/908-157963-0026_generated.wav,8.1,2.388476,2.384876,0.294874,0.294429,1.760025,0.883876,0.396883
H3_128C_pruned70_Physical_pruning,908-157963-0027.wav,generated_audios/generated_H3_128C_pruned70/908-157963-0027_generated.wav,5.225034,0.128091,0.124378,0.024515,0.023804,1.734919,0.827913,0.405257
H3_128C_pruned70_Physical_pruning,908-157963-0028.wav,generated_audios/generated_H3_128C_pruned70/908-157963-0028_generated.wav,4.955011,0.08953,0.085821,0.018069,0.01732,1.959298,0.916653,0.403956
H3_128C_pruned70_Physical_pruning,908-157963-0029.wav,generated_audios/generated_H3_128C_pruned70/908-157963-0029_generated.wav,3.630023,1.004854,1.002679,0.276818,0.276218,1.898069,0.931147,0.400606
H3_128C_pruned70_Physical_pruning,908-157963-0030.wav,generated_audios/generated_H3_128C_pruned70/908-157963-0030_generated.wav,4.52,0.103954,0.100412,0.022999,0.022215,1.654089,0.918436,0.413836
H3_128C_pruned70_Physical_pruning,908-31957-0000.wav,generated_audios/generated_H3_128C_pruned70/908-31957-0000_generated.wav,2.125034,0.602617,0.599432,0.28358,0.282081,1.850565,0.889446,0.432532
H3_128C_pruned70_Physical_pruning,908-31957-0001.wav,generated_audios/generated_H3_128C_pruned70/908-31957-0001_generated.wav,11.315011,3.406356,3.402243,0.301048,0.300684,1.711664,0.893723,0.418004
H3_128C_pruned70_Physical_pruning,908-31957-0002.wav,generated_audios/generated_H3_128C_pruned70/908-31957-0002_generated.wav,4.790023,0.113155,0.109851,0.023623,0.022933,1.739347,0.889944,0.408012
H3_128C_pruned70_Physical_pruning,908-31957-0003.wav,generated_audios/generated_H3_128C_pruned70/908-31957-0003_generated.wav,6.565034,0.153393,0.149891,0.023365,0.022832,1.695476,0.900622,0.420879
H3_128C_pruned70_Physical_pruning,908-31957-0004.wav,generated_audios/generated_H3_128C_pruned70/908-31957-0004_generated.wav,14.755011,4.47231,4.467677,0.303104,0.30279,1.851273,0.911117,0.419501
H3_128C_pruned70_Physical_pruning,908-31957-0005.wav,generated_audios/generated_H3_128C_pruned70/908-31957-0005_generated.wav,4.490023,0.106211,0.102505,0.023655,0.022829,1.950302,0.910409,0.405316
H3_128C_pruned70_Physical_pruning,908-31957-0006.wav,generated_audios/generated_H3_128C_pruned70/908-31957-0006_generated.wav,5.890023,1.650539,1.647032,0.280226,0.279631,1.755047,0.891643,0.412337
H3_128C_pruned70_Physical_pruning,908-31957-0007.wav,generated_audios/generated_H3_128C_pruned70/908-31957-0007_generated.wav,5.8,0.131839,0.128278,0.022731,0.022117,1.892503,0.911379,0.413814
H3_128C_pruned70_Physical_pruning,908-31957-0008.wav,generated_audios/generated_H3_128C_pruned70/908-31957-0008_generated.wav,10.005034,2.777011,2.772692,0.277561,0.27713,1.688599,0.901147,0.417327
H3_128C_pruned70_Physical_pruning,908-31957-0009.wav,generated_audios/generated_H3_128C_pruned70/908-31957-0009_generated.wav,7.705034,2.156381,2.151816,0.279867,0.279274,1.780694,0.893096,0.418783
H3_128C_pruned70_Physical_pruning,908-31957-0010.wav,generated_audios/generated_H3_128C_pruned70/908-31957-0010_generated.wav,2.510023,0.69824,0.694875,0.278181,0.27684,1.805103,0.826448,0.396112
H3_128C_pruned70_Physical_pruning,908-31957-0011.wav,generated_audios/generated_H3_128C_pruned70/908-31957-0011_generated.wav,2.335011,0.06882,0.065913,0.029473,0.028228,2.249315,0.89379,0.402589
H3_128C_pruned70_Physical_pruning,908-31957-0012.wav,generated_audios/generated_H3_128C_pruned70/908-31957-0012_generated.wav,7.615011,2.232557,2.228839,0.293178,0.29269,1.79519,0.90038,0.417708
H3_128C_pruned70_Physical_pruning,908-31957-0013.wav,generated_audios/generated_H3_128C_pruned70/908-31957-0013_generated.wav,6.18,1.820882,1.817044,0.294641,0.29402,1.850878,0.881241,0.411921
H3_128C_pruned70_Physical_pruning,908-31957-0014.wav,generated_audios/generated_H3_128C_pruned70/908-31957-0014_generated.wav,7.56,2.090983,2.087534,0.276585,0.276129,1.792867,0.897717,0.401629
H3_128C_pruned70_Physical_pruning,908-31957-0015.wav,generated_audios/generated_H3_128C_pruned70/908-31957-0015_generated.wav,21.465034,6.201713,6.196321,0.288922,0.28867,1.889698,0.895499,0.407578
H3_128C_pruned70_Physical_pruning,908-31957-0016.wav,generated_audios/generated_H3_128C_pruned70/908-31957-0016_generated.wav,6.48,1.816423,1.81294,0.280312,0.279775,1.995024,0.90065,0.401055
H3_128C_pruned70_Physical_pruning,908-31957-0017.wav,generated_audios/generated_H3_128C_pruned70/908-31957-0017_generated.wav,7.795011,2.311138,2.307195,0.296489,0.295984,1.848156,0.905573,0.410863
H3_128C_pruned70_Physical_pruning,908-31957-0018.wav,generated_audios/generated_H3_128C_pruned70/908-31957-0018_generated.wav,3.915011,1.087587,1.083972,0.277799,0.276876,2.089927,0.888847,0.407753
H3_128C_pruned70_Physical_pruning,908-31957-0019.wav,generated_audios/generated_H3_128C_pruned70/908-31957-0019_generated.wav,9.54,2.844555,2.840843,0.298171,0.297782,2.017653,0.913572,0.408814
H3_128C_pruned70_Physical_pruning,908-31957-0020.wav,generated_audios/generated_H3_128C_pruned70/908-31957-0020_generated.wav,5.895011,0.151958,0.148341,0.025777,0.025164,1.838633,0.885787,0.415701
H3_128C_pruned70_Physical_pruning,908-31957-0021.wav,generated_audios/generated_H3_128C_pruned70/908-31957-0021_generated.wav,10.905034,3.072097,3.067938,0.281714,0.281332,1.780877,0.902204,0.407831
H3_128C_pruned70_Physical_pruning,908-31957-0022.wav,generated_audios/generated_H3_128C_pruned70/908-31957-0022_generated.wav,14.1,4.251612,4.246559,0.301533,0.301174,1.804703,0.901398,0.407569
H3_128C_pruned70_Physical_pruning,908-31957-0023.wav,generated_audios/generated_H3_128C_pruned70/908-31957-0023_generated.wav,8.515011,2.559489,2.555328,0.300585,0.300097,1.761426,0.91191,0.402554
H3_128C_pruned70_Physical_pruning,908-31957-0024.wav,generated_audios/generated_H3_128C_pruned70/908-31957-0024_generated.wav,7.54,2.208725,2.204597,0.292934,0.292387,1.88541,0.908496,0.405549
H3_128C_pruned70_Physical_pruning,908-31957-0025.wav,generated_audios/generated_H3_128C_pruned70/908-31957-0025_generated.wav,20.56,6.17992,6.17456,0.30058,0.300319,1.968284,0.900167,0.401469
