experiment_name,audio_file,generated_file,audio_duration,inference_time,generator_time,avg_rtf,avg_generator_rtf,pesq,stoi,mel_l1
H3_128C_pruned30_Mask_pruning,1089-134686-0000.wav,generated_audios/generated_H3_128C_pruned30/1089-134686-0000_generated.wav,10.435011,3.085061,3.078109,0.295645,0.294979,1.853688,0.927168,0.372597
H3_128C_pruned30_Mask_pruning,1089-134686-0001.wav,generated_audios/generated_H3_128C_pruned30/1089-134686-0001_generated.wav,3.275011,0.837571,0.833562,0.255746,0.254522,1.829409,0.913512,0.360726
H3_128C_pruned30_Mask_pruning,1089-134686-0002.wav,generated_audios/generated_H3_128C_pruned30/1089-134686-0002_generated.wav,6.625034,1.684163,1.679812,0.254212,0.253555,1.750536,0.905424,0.366389
H3_128C_pruned30_Mask_pruning,1089-134686-0003.wav,generated_audios/generated_H3_128C_pruned30/1089-134686-0003_generated.wav,2.68,0.698265,0.694796,0.260547,0.259252,2.168854,0.92415,0.389706
H3_128C_pruned30_Mask_pruning,1089-134686-0004.wav,generated_audios/generated_H3_128C_pruned30/1089-134686-0004_generated.wav,5.215102,1.447245,1.44426,0.27751,0.276938,1.958392,0.937196,0.364727
H3_128C_pruned30_Mask_pruning,1089-134686-0005.wav,generated_audios/generated_H3_128C_pruned30/1089-134686-0005_generated.wav,9.635011,2.860456,2.856549,0.296881,0.296476,1.538594,0.889165,0.376193
H3_128C_pruned30_Mask_pruning,1089-134686-0006.wav,generated_audios/generated_H3_128C_pruned30/1089-134686-0006_generated.wav,10.555011,2.992368,2.988483,0.283502,0.283134,1.8303,0.913958,0.373803
H3_128C_pruned30_Mask_pruning,1089-134686-0007.wav,generated_audios/generated_H3_128C_pruned30/1089-134686-0007_generated.wav,4.275011,1.177072,1.173775,0.275338,0.274567,1.490705,0.914213,0.371518
H3_128C_pruned30_Mask_pruning,1089-134686-0008.wav,generated_audios/generated_H3_128C_pruned30/1089-134686-0008_generated.wav,6.730023,1.727792,1.724523,0.256729,0.256243,1.909861,0.922878,0.363901
H3_128C_pruned30_Mask_pruning,1089-134686-0009.wav,generated_audios/generated_H3_128C_pruned30/1089-134686-0009_generated.wav,10.575011,3.170689,3.166487,0.299828,0.299431,1.863862,0.931215,0.368924
H3_128C_pruned30_Mask_pruning,1089-134686-0010.wav,generated_audios/generated_H3_128C_pruned30/1089-134686-0010_generated.wav,4.405034,1.208056,1.204728,0.274244,0.273489,2.324562,0.930738,0.353732
H3_128C_pruned30_Mask_pruning,1089-134686-0011.wav,generated_audios/generated_H3_128C_pruned30/1089-134686-0011_generated.wav,12.445034,3.515035,3.510976,0.282445,0.282119,1.760538,0.914733,0.365471
H3_128C_pruned30_Mask_pruning,1089-134686-0012.wav,generated_audios/generated_H3_128C_pruned30/1089-134686-0012_generated.wav,11.64,3.288165,3.28416,0.282488,0.282144,1.766541,0.921624,0.371742
H3_128C_pruned30_Mask_pruning,1089-134686-0013.wav,generated_audios/generated_H3_128C_pruned30/1089-134686-0013_generated.wav,7.915011,2.015386,2.011114,0.254628,0.254089,1.798623,0.918466,0.371338
H3_128C_pruned30_Mask_pruning,1089-134686-0014.wav,generated_audios/generated_H3_128C_pruned30/1089-134686-0014_generated.wav,2.225034,0.604366,0.601485,0.271621,0.270326,1.685005,0.942394,0.367907
H3_128C_pruned30_Mask_pruning,1089-134686-0015.wav,generated_audios/generated_H3_128C_pruned30/1089-134686-0015_generated.wav,5.815011,1.576054,1.572672,0.271032,0.27045,1.841069,0.914313,0.35967
H3_128C_pruned30_Mask_pruning,1089-134686-0016.wav,generated_audios/generated_H3_128C_pruned30/1089-134686-0016_generated.wav,3.54,0.955407,0.951984,0.269889,0.268922,2.034757,0.922801,0.356567
H3_128C_pruned30_Mask_pruning,1089-134686-0017.wav,generated_audios/generated_H3_128C_pruned30/1089-134686-0017_generated.wav,8.870023,2.429486,2.425916,0.273899,0.273496,1.890451,0.925973,0.364485
H3_128C_pruned30_Mask_pruning,1089-134686-0018.wav,generated_audios/generated_H3_128C_pruned30/1089-134686-0018_generated.wav,15.72,4.718761,4.714123,0.300176,0.299881,1.692328,0.918972,0.370417
H3_128C_pruned30_Mask_pruning,1089-134686-0019.wav,generated_audios/generated_H3_128C_pruned30/1089-134686-0019_generated.wav,13.895011,4.14411,4.139802,0.298244,0.297934,1.681554,0.928868,0.368221
H3_128C_pruned30_Mask_pruning,1089-134686-0020.wav,generated_audios/generated_H3_128C_pruned30/1089-134686-0020_generated.wav,16.790023,4.751919,4.746823,0.28302,0.282717,1.722797,0.91232,0.367384
H3_128C_pruned30_Mask_pruning,1089-134686-0021.wav,generated_audios/generated_H3_128C_pruned30/1089-134686-0021_generated.wav,6.550023,1.701647,1.69811,0.259793,0.259253,1.942751,0.929168,0.354306
H3_128C_pruned30_Mask_pruning,1089-134686-0022.wav,generated_audios/generated_H3_128C_pruned30/1089-134686-0022_generated.wav,11.175011,3.092988,3.088974,0.276777,0.276418,1.820038,0.925721,0.356915
H3_128C_pruned30_Mask_pruning,1089-134686-0023.wav,generated_audios/generated_H3_128C_pruned30/1089-134686-0023_generated.wav,13.275011,3.752049,3.746889,0.28264,0.282251,1.761281,0.91759,0.363661
H3_128C_pruned30_Mask_pruning,1089-134686-0024.wav,generated_audios/generated_H3_128C_pruned30/1089-134686-0024_generated.wav,11.655011,3.486975,3.482296,0.299182,0.298781,1.635221,0.918676,0.367324
H3_128C_pruned30_Mask_pruning,1089-134686-0025.wav,generated_audios/generated_H3_128C_pruned30/1089-134686-0025_generated.wav,6.610023,1.833331,1.829333,0.277356,0.276751,1.631146,0.924327,0.366467
H3_128C_pruned30_Mask_pruning,1089-134686-0026.wav,generated_audios/generated_H3_128C_pruned30/1089-134686-0026_generated.wav,4.010023,1.033055,1.029501,0.257618,0.256732,1.794457,0.922225,0.359428
H3_128C_pruned30_Mask_pruning,1089-134686-0027.wav,generated_audios/generated_H3_128C_pruned30/1089-134686-0027_generated.wav,2.710023,0.724089,0.720695,0.267189,0.265937,1.826133,0.936125,0.35536
H3_128C_pruned30_Mask_pruning,1089-134686-0028.wav,generated_audios/generated_H3_128C_pruned30/1089-134686-0028_generated.wav,7.830023,2.149727,2.145845,0.274549,0.274054,1.779324,0.91672,0.370966
H3_128C_pruned30_Mask_pruning,1089-134686-0029.wav,generated_audios/generated_H3_128C_pruned30/1089-134686-0029_generated.wav,4.670023,1.212125,1.208296,0.259554,0.258735,1.930907,0.905979,0.372937
H3_128C_pruned30_Mask_pruning,1089-134686-0030.wav,generated_audios/generated_H3_128C_pruned30/1089-134686-0030_generated.wav,2.715011,0.093793,0.090479,0.034546,0.033326,1.684899,0.922097,0.37269
H3_128C_pruned30_Mask_pruning,1089-134686-0031.wav,generated_audios/generated_H3_128C_pruned30/1089-134686-0031_generated.wav,6.615011,0.21691,0.213406,0.032791,0.032261,1.874967,0.915614,0.362464
H3_128C_pruned30_Mask_pruning,121-121726-0000.wav,generated_audios/generated_H3_128C_pruned30/121-121726-0000_generated.wav,8.46,2.363235,2.359284,0.279342,0.278875,2.16452,0.934195,0.360679
H3_128C_pruned30_Mask_pruning,121-121726-0001.wav,generated_audios/generated_H3_128C_pruned30/121-121726-0001_generated.wav,5.925034,1.560945,1.557114,0.263449,0.262803,2.123186,0.924789,0.31294
H3_128C_pruned30_Mask_pruning,121-121726-0002.wav,generated_audios/generated_H3_128C_pruned30/121-121726-0002_generated.wav,4.410023,0.162093,0.158396,0.036756,0.035917,1.969935,0.905393,0.359973
H3_128C_pruned30_Mask_pruning,121-121726-0003.wav,generated_audios/generated_H3_128C_pruned30/121-121726-0003_generated.wav,6.755011,1.8079,1.804154,0.267638,0.267084,2.3948,0.942217,0.311043
H3_128C_pruned30_Mask_pruning,121-121726-0004.wav,generated_audios/generated_H3_128C_pruned30/121-121726-0004_generated.wav,4.02,1.081803,1.078607,0.269105,0.26831,2.348805,0.941802,0.300925
H3_128C_pruned30_Mask_pruning,121-121726-0005.wav,generated_audios/generated_H3_128C_pruned30/121-121726-0005_generated.wav,3.1,0.842814,0.839584,0.271875,0.270834,3.145054,0.96399,0.238065
H3_128C_pruned30_Mask_pruning,121-121726-0006.wav,generated_audios/generated_H3_128C_pruned30/121-121726-0006_generated.wav,3.895011,1.042863,1.039452,0.267743,0.266868,2.226771,0.921192,0.31946
H3_128C_pruned30_Mask_pruning,121-121726-0007.wav,generated_audios/generated_H3_128C_pruned30/121-121726-0007_generated.wav,6.730023,0.268011,0.264333,0.039823,0.039277,2.158954,0.94494,0.316082
H3_128C_pruned30_Mask_pruning,121-121726-0008.wav,generated_audios/generated_H3_128C_pruned30/121-121726-0008_generated.wav,4.990023,1.291097,1.287646,0.258736,0.258044,2.393133,0.94457,0.277589
H3_128C_pruned30_Mask_pruning,121-121726-0009.wav,generated_audios/generated_H3_128C_pruned30/121-121726-0009_generated.wav,7.26,1.978553,1.975278,0.272528,0.272077,2.315977,0.948472,0.312571
H3_128C_pruned30_Mask_pruning,121-121726-0010.wav,generated_audios/generated_H3_128C_pruned30/121-121726-0010_generated.wav,9.810023,2.712925,2.709284,0.276546,0.276175,2.275571,0.937222,0.324311
H3_128C_pruned30_Mask_pruning,121-121726-0011.wav,generated_audios/generated_H3_128C_pruned30/121-121726-0011_generated.wav,4.035011,1.120028,1.11612,0.277577,0.276609,2.137491,0.944981,0.3049
H3_128C_pruned30_Mask_pruning,121-121726-0012.wav,generated_audios/generated_H3_128C_pruned30/121-121726-0012_generated.wav,4.045034,1.051684,1.048503,0.259994,0.259207,1.882488,0.933862,0.381684
H3_128C_pruned30_Mask_pruning,121-121726-0013.wav,generated_audios/generated_H3_128C_pruned30/121-121726-0013_generated.wav,2.490023,0.661002,0.657179,0.26546,0.263925,2.495009,0.94282,0.345504
H3_128C_pruned30_Mask_pruning,121-121726-0014.wav,generated_audios/generated_H3_128C_pruned30/121-121726-0014_generated.wav,3.165034,0.868349,0.864847,0.274357,0.27325,2.469658,0.950961,0.308762
H3_128C_pruned30_Mask_pruning,121-123852-0000.wav,generated_audios/generated_H3_128C_pruned30/121-123852-0000_generated.wav,17.695011,5.023606,5.018524,0.2839,0.283612,2.167575,0.929538,0.355199
H3_128C_pruned30_Mask_pruning,121-123852-0001.wav,generated_audios/generated_H3_128C_pruned30/121-123852-0001_generated.wav,1.870023,0.477741,0.47434,0.255474,0.253655,1.888754,0.79037,0.345029
H3_128C_pruned30_Mask_pruning,121-123852-0002.wav,generated_audios/generated_H3_128C_pruned30/121-123852-0002_generated.wav,17.285034,4.881943,4.876705,0.282438,0.282135,2.252916,0.920478,0.40954
H3_128C_pruned30_Mask_pruning,121-123852-0003.wav,generated_audios/generated_H3_128C_pruned30/121-123852-0003_generated.wav,23.505034,7.5357,7.529393,0.320599,0.320331,2.170184,0.920368,0.399467
H3_128C_pruned30_Mask_pruning,121-123852-0004.wav,generated_audios/generated_H3_128C_pruned30/121-123852-0004_generated.wav,16.290023,4.748264,4.743846,0.291483,0.291212,2.209968,0.92862,0.403772
H3_128C_pruned30_Mask_pruning,121-123859-0000.wav,generated_audios/generated_H3_128C_pruned30/121-123859-0000_generated.wav,17.390023,4.834607,4.8302,0.27801,0.277757,1.759247,0.913311,0.406393
H3_128C_pruned30_Mask_pruning,121-123859-0001.wav,generated_audios/generated_H3_128C_pruned30/121-123859-0001_generated.wav,25.395011,7.371168,7.364707,0.29026,0.290006,2.264371,0.936004,0.399064
H3_128C_pruned30_Mask_pruning,121-123859-0002.wav,generated_audios/generated_H3_128C_pruned30/121-123859-0002_generated.wav,30.04,9.033116,9.026041,0.300703,0.300467,2.168384,0.927602,0.40009
H3_128C_pruned30_Mask_pruning,121-123859-0003.wav,generated_audios/generated_H3_128C_pruned30/121-123859-0003_generated.wav,10.825034,3.012528,3.008358,0.278293,0.277907,2.400398,0.934612,0.360529
H3_128C_pruned30_Mask_pruning,121-123859-0004.wav,generated_audios/generated_H3_128C_pruned30/121-123859-0004_generated.wav,9.505034,2.602291,2.598563,0.27378,0.273388,2.084903,0.924604,0.394956
H3_128C_pruned30_Mask_pruning,121-127105-0000.wav,generated_audios/generated_H3_128C_pruned30/121-127105-0000_generated.wav,9.875011,2.711027,2.707254,0.274534,0.274152,1.833184,0.920143,0.354077
H3_128C_pruned30_Mask_pruning,121-127105-0001.wav,generated_audios/generated_H3_128C_pruned30/121-127105-0001_generated.wav,5.025034,1.294465,1.291234,0.257603,0.25696,1.997745,0.922954,0.384691
H3_128C_pruned30_Mask_pruning,121-127105-0002.wav,generated_audios/generated_H3_128C_pruned30/121-127105-0002_generated.wav,7.495011,1.958163,1.954812,0.261262,0.260815,2.082548,0.919714,0.387974
H3_128C_pruned30_Mask_pruning,121-127105-0003.wav,generated_audios/generated_H3_128C_pruned30/121-127105-0003_generated.wav,7.725034,2.12801,2.12387,0.275469,0.274933,2.012638,0.928214,0.363926
H3_128C_pruned30_Mask_pruning,121-127105-0004.wav,generated_audios/generated_H3_128C_pruned30/121-127105-0004_generated.wav,2.110023,0.586415,0.582817,0.277919,0.276214,1.497178,0.944533,0.298596
H3_128C_pruned30_Mask_pruning,121-127105-0005.wav,generated_audios/generated_H3_128C_pruned30/121-127105-0005_generated.wav,5.82,1.887036,1.883266,0.324233,0.323585,1.975195,0.929101,0.349096
H3_128C_pruned30_Mask_pruning,121-127105-0006.wav,generated_audios/generated_H3_128C_pruned30/121-127105-0006_generated.wav,4.725034,1.297208,1.293079,0.274539,0.273666,1.474852,0.918848,0.352292
H3_128C_pruned30_Mask_pruning,121-127105-0007.wav,generated_audios/generated_H3_128C_pruned30/121-127105-0007_generated.wav,5.790023,1.510536,1.506754,0.260886,0.260233,1.73343,0.929387,0.36373
H3_128C_pruned30_Mask_pruning,121-127105-0008.wav,generated_audios/generated_H3_128C_pruned30/121-127105-0008_generated.wav,2.76,0.735234,0.732139,0.266389,0.265268,1.840207,0.917793,0.36567
H3_128C_pruned30_Mask_pruning,121-127105-0009.wav,generated_audios/generated_H3_128C_pruned30/121-127105-0009_generated.wav,2.290023,0.614117,0.610738,0.268171,0.266695,2.022377,0.925665,0.389846
H3_128C_pruned30_Mask_pruning,121-127105-0010.wav,generated_audios/generated_H3_128C_pruned30/121-127105-0010_generated.wav,2.850023,0.772663,0.769287,0.271108,0.269923,1.772012,0.905326,0.379206
H3_128C_pruned30_Mask_pruning,121-127105-0011.wav,generated_audios/generated_H3_128C_pruned30/121-127105-0011_generated.wav,5.78,1.555185,1.551563,0.269063,0.268436,1.990517,0.901564,0.392798
H3_128C_pruned30_Mask_pruning,121-127105-0012.wav,generated_audios/generated_H3_128C_pruned30/121-127105-0012_generated.wav,4.830023,1.305073,1.301779,0.2702,0.269518,1.422935,0.923744,0.39424
H3_128C_pruned30_Mask_pruning,121-127105-0013.wav,generated_audios/generated_H3_128C_pruned30/121-127105-0013_generated.wav,5.895011,1.536672,1.53262,0.260673,0.259986,1.901006,0.923754,0.366951
H3_128C_pruned30_Mask_pruning,121-127105-0014.wav,generated_audios/generated_H3_128C_pruned30/121-127105-0014_generated.wav,2.255011,0.58778,0.584305,0.260655,0.259114,2.226205,0.896807,0.342902
H3_128C_pruned30_Mask_pruning,121-127105-0015.wav,generated_audios/generated_H3_128C_pruned30/121-127105-0015_generated.wav,2.96,0.791449,0.788015,0.267382,0.266221,2.155659,0.916006,0.373686
H3_128C_pruned30_Mask_pruning,121-127105-0016.wav,generated_audios/generated_H3_128C_pruned30/121-127105-0016_generated.wav,2.030023,0.53166,0.528323,0.261898,0.260255,1.745768,0.917491,0.382646
H3_128C_pruned30_Mask_pruning,121-127105-0017.wav,generated_audios/generated_H3_128C_pruned30/121-127105-0017_generated.wav,2.695011,0.741532,0.738335,0.27515,0.273964,1.841602,0.918888,0.402787
H3_128C_pruned30_Mask_pruning,121-127105-0018.wav,generated_audios/generated_H3_128C_pruned30/121-127105-0018_generated.wav,2.770023,0.760216,0.75679,0.274444,0.273207,1.576689,0.902717,0.379626
H3_128C_pruned30_Mask_pruning,121-127105-0019.wav,generated_audios/generated_H3_128C_pruned30/121-127105-0019_generated.wav,3.525034,0.909548,0.906148,0.258025,0.257061,1.557161,0.930895,0.365202
H3_128C_pruned30_Mask_pruning,121-127105-0020.wav,generated_audios/generated_H3_128C_pruned30/121-127105-0020_generated.wav,14.355011,4.26227,4.257953,0.296919,0.296618,1.979503,0.922407,0.38689
H3_128C_pruned30_Mask_pruning,121-127105-0021.wav,generated_audios/generated_H3_128C_pruned30/121-127105-0021_generated.wav,2.0,0.521507,0.517995,0.260753,0.258998,1.968791,0.934383,0.387277
H3_128C_pruned30_Mask_pruning,121-127105-0022.wav,generated_audios/generated_H3_128C_pruned30/121-127105-0022_generated.wav,5.075011,1.376104,1.372345,0.271153,0.270412,2.400556,0.925808,0.350007
H3_128C_pruned30_Mask_pruning,121-127105-0023.wav,generated_audios/generated_H3_128C_pruned30/121-127105-0023_generated.wav,10.910023,2.873856,2.869926,0.263414,0.263054,2.100882,0.930321,0.379628
H3_128C_pruned30_Mask_pruning,121-127105-0024.wav,generated_audios/generated_H3_128C_pruned30/121-127105-0024_generated.wav,14.450023,4.324746,4.320125,0.29929,0.29897,2.066036,0.927029,0.38722
H3_128C_pruned30_Mask_pruning,121-127105-0025.wav,generated_audios/generated_H3_128C_pruned30/121-127105-0025_generated.wav,16.065034,4.608317,4.603601,0.286854,0.28656,2.059871,0.929652,0.366442
H3_128C_pruned30_Mask_pruning,121-127105-0026.wav,generated_audios/generated_H3_128C_pruned30/121-127105-0026_generated.wav,7.530023,1.977124,1.973511,0.262566,0.262086,2.074013,0.939891,0.376122
H3_128C_pruned30_Mask_pruning,121-127105-0027.wav,generated_audios/generated_H3_128C_pruned30/121-127105-0027_generated.wav,13.870023,4.010362,4.005768,0.289139,0.288808,2.114631,0.932286,0.365862
H3_128C_pruned30_Mask_pruning,121-127105-0028.wav,generated_audios/generated_H3_128C_pruned30/121-127105-0028_generated.wav,6.750023,0.237093,0.233617,0.035125,0.03461,2.196537,0.937252,0.333747
H3_128C_pruned30_Mask_pruning,121-127105-0029.wav,generated_audios/generated_H3_128C_pruned30/121-127105-0029_generated.wav,7.310023,1.961524,1.957901,0.268334,0.267838,2.128835,0.939051,0.353903
H3_128C_pruned30_Mask_pruning,121-127105-0030.wav,generated_audios/generated_H3_128C_pruned30/121-127105-0030_generated.wav,2.175011,0.580064,0.576578,0.266695,0.265092,2.018563,0.928517,0.393519
H3_128C_pruned30_Mask_pruning,121-127105-0031.wav,generated_audios/generated_H3_128C_pruned30/121-127105-0031_generated.wav,10.765034,2.806809,2.802903,0.260734,0.260371,1.939601,0.898895,0.336788
H3_128C_pruned30_Mask_pruning,121-127105-0032.wav,generated_audios/generated_H3_128C_pruned30/121-127105-0032_generated.wav,3.170023,0.814997,0.811681,0.257095,0.256049,1.909814,0.929392,0.355097
H3_128C_pruned30_Mask_pruning,121-127105-0033.wav,generated_audios/generated_H3_128C_pruned30/121-127105-0033_generated.wav,2.355011,0.630972,0.627863,0.267927,0.266607,2.060356,0.927417,0.333703
H3_128C_pruned30_Mask_pruning,121-127105-0034.wav,generated_audios/generated_H3_128C_pruned30/121-127105-0034_generated.wav,7.410023,2.085145,2.081622,0.281395,0.28092,1.894084,0.917401,0.341864
H3_128C_pruned30_Mask_pruning,121-127105-0035.wav,generated_audios/generated_H3_128C_pruned30/121-127105-0035_generated.wav,14.150023,4.043093,4.038508,0.28573,0.285406,2.202197,0.925463,0.308421
H3_128C_pruned30_Mask_pruning,121-127105-0036.wav,generated_audios/generated_H3_128C_pruned30/121-127105-0036_generated.wav,4.150023,1.078795,1.075131,0.259949,0.259066,2.13593,0.900742,0.337403
H3_128C_pruned30_Mask_pruning,237-126133-0000.wav,generated_audios/generated_H3_128C_pruned30/237-126133-0000_generated.wav,13.290023,4.015453,4.011244,0.30214,0.301824,2.019747,0.928756,0.374265
H3_128C_pruned30_Mask_pruning,237-126133-0001.wav,generated_audios/generated_H3_128C_pruned30/237-126133-0001_generated.wav,11.965034,3.632205,3.628259,0.303568,0.303239,2.07174,0.925927,0.366979
H3_128C_pruned30_Mask_pruning,237-126133-0002.wav,generated_audios/generated_H3_128C_pruned30/237-126133-0002_generated.wav,8.92,2.354045,2.349663,0.263906,0.263415,2.114001,0.917419,0.387817
H3_128C_pruned30_Mask_pruning,237-126133-0003.wav,generated_audios/generated_H3_128C_pruned30/237-126133-0003_generated.wav,6.56,1.773833,1.769995,0.270401,0.269816,2.091575,0.921448,0.369868
H3_128C_pruned30_Mask_pruning,237-126133-0004.wav,generated_audios/generated_H3_128C_pruned30/237-126133-0004_generated.wav,3.295011,0.906824,0.903364,0.275211,0.274161,1.917608,0.910212,0.393111
H3_128C_pruned30_Mask_pruning,237-126133-0005.wav,generated_audios/generated_H3_128C_pruned30/237-126133-0005_generated.wav,6.510023,1.81082,1.807063,0.278159,0.277582,2.041678,0.913305,0.374235
H3_128C_pruned30_Mask_pruning,237-126133-0006.wav,generated_audios/generated_H3_128C_pruned30/237-126133-0006_generated.wav,6.150023,1.678699,1.675165,0.272958,0.272384,1.997264,0.910816,0.38722
H3_128C_pruned30_Mask_pruning,237-126133-0007.wav,generated_audios/generated_H3_128C_pruned30/237-126133-0007_generated.wav,8.68,2.283728,2.279515,0.263102,0.262617,1.873777,0.911826,0.404225
H3_128C_pruned30_Mask_pruning,237-126133-0008.wav,generated_audios/generated_H3_128C_pruned30/237-126133-0008_generated.wav,3.865034,1.05312,1.049541,0.272474,0.271548,2.174721,0.926613,0.367868
H3_128C_pruned30_Mask_pruning,237-126133-0009.wav,generated_audios/generated_H3_128C_pruned30/237-126133-0009_generated.wav,3.970023,1.068877,1.065159,0.269237,0.2683,1.972118,0.930809,0.384556
H3_128C_pruned30_Mask_pruning,237-126133-0010.wav,generated_audios/generated_H3_128C_pruned30/237-126133-0010_generated.wav,6.24,1.650939,1.647498,0.264573,0.264022,1.375329,0.845512,0.438986
H3_128C_pruned30_Mask_pruning,237-126133-0011.wav,generated_audios/generated_H3_128C_pruned30/237-126133-0011_generated.wav,6.710023,1.878229,1.874329,0.279914,0.279333,2.169213,0.93138,0.361178
H3_128C_pruned30_Mask_pruning,237-126133-0012.wav,generated_audios/generated_H3_128C_pruned30/237-126133-0012_generated.wav,4.450023,1.221484,1.217939,0.274489,0.273693,2.061511,0.913334,0.364329
H3_128C_pruned30_Mask_pruning,237-126133-0013.wav,generated_audios/generated_H3_128C_pruned30/237-126133-0013_generated.wav,6.815011,1.869394,1.865416,0.274305,0.273722,1.550738,0.85402,0.415105
H3_128C_pruned30_Mask_pruning,237-126133-0014.wav,generated_audios/generated_H3_128C_pruned30/237-126133-0014_generated.wav,6.790023,1.881289,1.877203,0.277067,0.276465,1.915704,0.923876,0.380761
H3_128C_pruned30_Mask_pruning,237-126133-0015.wav,generated_audios/generated_H3_128C_pruned30/237-126133-0015_generated.wav,9.34,2.48465,2.480332,0.266022,0.26556,2.10518,0.919842,0.369867
H3_128C_pruned30_Mask_pruning,237-126133-0016.wav,generated_audios/generated_H3_128C_pruned30/237-126133-0016_generated.wav,4.250023,1.132604,1.128867,0.266494,0.265614,1.758953,0.886063,0.39956
H3_128C_pruned30_Mask_pruning,237-126133-0017.wav,generated_audios/generated_H3_128C_pruned30/237-126133-0017_generated.wav,6.210023,1.663957,1.660254,0.267947,0.267351,2.538546,0.938425,0.354134
H3_128C_pruned30_Mask_pruning,237-126133-0018.wav,generated_audios/generated_H3_128C_pruned30/237-126133-0018_generated.wav,4.095011,1.134643,1.130945,0.277079,0.276176,1.874457,0.919943,0.363223
H3_128C_pruned30_Mask_pruning,237-126133-0019.wav,generated_audios/generated_H3_128C_pruned30/237-126133-0019_generated.wav,7.12,1.993806,1.990174,0.280029,0.279519,2.300686,0.929199,0.365237
H3_128C_pruned30_Mask_pruning,237-126133-0020.wav,generated_audios/generated_H3_128C_pruned30/237-126133-0020_generated.wav,2.24,0.569154,0.565719,0.254087,0.252553,1.825211,0.906484,0.379792
H3_128C_pruned30_Mask_pruning,237-126133-0021.wav,generated_audios/generated_H3_128C_pruned30/237-126133-0021_generated.wav,4.365034,1.134104,1.130461,0.259816,0.258981,2.245566,0.928095,0.370351
H3_128C_pruned30_Mask_pruning,237-126133-0022.wav,generated_audios/generated_H3_128C_pruned30/237-126133-0022_generated.wav,5.04,1.385207,1.381812,0.274843,0.274169,2.271212,0.923654,0.352597
H3_128C_pruned30_Mask_pruning,237-126133-0023.wav,generated_audios/generated_H3_128C_pruned30/237-126133-0023_generated.wav,6.675011,1.846465,1.842459,0.276624,0.276023,2.140463,0.928787,0.360826
H3_128C_pruned30_Mask_pruning,237-126133-0024.wav,generated_audios/generated_H3_128C_pruned30/237-126133-0024_generated.wav,9.665034,2.712052,2.707895,0.280604,0.280174,2.229697,0.928577,0.367445
H3_128C_pruned30_Mask_pruning,237-126133-0025.wav,generated_audios/generated_H3_128C_pruned30/237-126133-0025_generated.wav,3.755011,1.032351,1.028534,0.274926,0.27391,2.460151,0.933382,0.358735
H3_128C_pruned30_Mask_pruning,237-134493-0000.wav,generated_audios/generated_H3_128C_pruned30/237-134493-0000_generated.wav,4.105034,1.130769,1.127236,0.275459,0.274598,2.280888,0.931098,0.359971
H3_128C_pruned30_Mask_pruning,237-134493-0001.wav,generated_audios/generated_H3_128C_pruned30/237-134493-0001_generated.wav,7.38,2.038371,2.034633,0.276202,0.275695,2.254083,0.941853,0.360351
H3_128C_pruned30_Mask_pruning,237-134493-0002.wav,generated_audios/generated_H3_128C_pruned30/237-134493-0002_generated.wav,11.395011,3.298576,3.294205,0.289475,0.289092,2.364633,0.936946,0.359257
H3_128C_pruned30_Mask_pruning,237-134493-0003.wav,generated_audios/generated_H3_128C_pruned30/237-134493-0003_generated.wav,12.765034,3.856324,3.851595,0.302101,0.30173,2.425856,0.93535,0.351314
H3_128C_pruned30_Mask_pruning,237-134493-0004.wav,generated_audios/generated_H3_128C_pruned30/237-134493-0004_generated.wav,6.825034,1.920467,1.916177,0.281386,0.280757,2.081103,0.918472,0.382747
H3_128C_pruned30_Mask_pruning,237-134493-0005.wav,generated_audios/generated_H3_128C_pruned30/237-134493-0005_generated.wav,10.945034,2.990871,2.986147,0.273263,0.272831,2.198203,0.92905,0.364129
H3_128C_pruned30_Mask_pruning,237-134493-0006.wav,generated_audios/generated_H3_128C_pruned30/237-134493-0006_generated.wav,4.395011,1.154495,1.150709,0.262683,0.261822,1.999057,0.914706,0.370826
H3_128C_pruned30_Mask_pruning,237-134493-0007.wav,generated_audios/generated_H3_128C_pruned30/237-134493-0007_generated.wav,2.035011,0.547552,0.544051,0.269066,0.267345,2.16145,0.921621,0.370703
H3_128C_pruned30_Mask_pruning,237-134493-0008.wav,generated_audios/generated_H3_128C_pruned30/237-134493-0008_generated.wav,2.305034,0.621882,0.618438,0.269793,0.268299,2.607854,0.906603,0.357228
H3_128C_pruned30_Mask_pruning,237-134493-0009.wav,generated_audios/generated_H3_128C_pruned30/237-134493-0009_generated.wav,2.975011,0.811926,0.808623,0.272915,0.271805,2.470377,0.949593,0.349847
H3_128C_pruned30_Mask_pruning,237-134493-0010.wav,generated_audios/generated_H3_128C_pruned30/237-134493-0010_generated.wav,2.875011,0.789509,0.787447,0.274611,0.273894,2.15289,0.931975,0.350324
H3_128C_pruned30_Mask_pruning,237-134493-0011.wav,generated_audios/generated_H3_128C_pruned30/237-134493-0011_generated.wav,5.035011,1.384463,1.380877,0.274967,0.274255,2.144675,0.9203,0.379693
H3_128C_pruned30_Mask_pruning,237-134493-0012.wav,generated_audios/generated_H3_128C_pruned30/237-134493-0012_generated.wav,3.66,0.967556,0.964234,0.26436,0.263452,1.697222,0.917744,0.38896
H3_128C_pruned30_Mask_pruning,237-134493-0013.wav,generated_audios/generated_H3_128C_pruned30/237-134493-0013_generated.wav,4.090023,0.165126,0.16147,0.040373,0.039479,2.248007,0.928218,0.367595
H3_128C_pruned30_Mask_pruning,237-134493-0014.wav,generated_audios/generated_H3_128C_pruned30/237-134493-0014_generated.wav,3.7,0.975957,0.972335,0.263772,0.262793,2.129823,0.929629,0.367136
H3_128C_pruned30_Mask_pruning,237-134493-0015.wav,generated_audios/generated_H3_128C_pruned30/237-134493-0015_generated.wav,6.550023,0.264322,0.260561,0.040354,0.03978,1.988083,0.919784,0.377224
H3_128C_pruned30_Mask_pruning,237-134493-0016.wav,generated_audios/generated_H3_128C_pruned30/237-134493-0016_generated.wav,10.085034,3.201033,3.127027,0.317404,0.310066,2.302328,0.938743,0.358561
H3_128C_pruned30_Mask_pruning,237-134493-0017.wav,generated_audios/generated_H3_128C_pruned30/237-134493-0017_generated.wav,9.105034,2.61563,2.611194,0.287273,0.286786,2.356477,0.938309,0.353716
H3_128C_pruned30_Mask_pruning,237-134493-0018.wav,generated_audios/generated_H3_128C_pruned30/237-134493-0018_generated.wav,4.790023,1.34621,1.34273,0.281045,0.280318,2.24903,0.943124,0.360893
H3_128C_pruned30_Mask_pruning,237-134500-0000.wav,generated_audios/generated_H3_128C_pruned30/237-134500-0000_generated.wav,6.130023,1.6715,1.667589,0.272674,0.272036,2.39966,0.933189,0.358416
H3_128C_pruned30_Mask_pruning,237-134500-0001.wav,generated_audios/generated_H3_128C_pruned30/237-134500-0001_generated.wav,1.810023,0.465799,0.462748,0.257344,0.255659,2.683095,0.9162,0.367513
H3_128C_pruned30_Mask_pruning,237-134500-0002.wav,generated_audios/generated_H3_128C_pruned30/237-134500-0002_generated.wav,5.070023,1.397793,1.394158,0.275698,0.274981,2.129676,0.933934,0.361107
H3_128C_pruned30_Mask_pruning,237-134500-0003.wav,generated_audios/generated_H3_128C_pruned30/237-134500-0003_generated.wav,3.170023,0.124441,0.120859,0.039256,0.038126,2.351437,0.935846,0.358632
H3_128C_pruned30_Mask_pruning,237-134500-0004.wav,generated_audios/generated_H3_128C_pruned30/237-134500-0004_generated.wav,2.225034,0.090957,0.087603,0.040879,0.039371,2.70409,0.947012,0.341815
H3_128C_pruned30_Mask_pruning,237-134500-0005.wav,generated_audios/generated_H3_128C_pruned30/237-134500-0005_generated.wav,2.390023,0.645381,0.642143,0.270031,0.268676,1.893788,0.91367,0.394682
H3_128C_pruned30_Mask_pruning,237-134500-0006.wav,generated_audios/generated_H3_128C_pruned30/237-134500-0006_generated.wav,4.225034,1.104572,1.101306,0.261435,0.260662,1.671825,0.899303,0.399513
H3_128C_pruned30_Mask_pruning,237-134500-0007.wav,generated_audios/generated_H3_128C_pruned30/237-134500-0007_generated.wav,2.390023,0.083369,0.079826,0.034882,0.0334,1.831136,0.886621,0.407558
H3_128C_pruned30_Mask_pruning,237-134500-0008.wav,generated_audios/generated_H3_128C_pruned30/237-134500-0008_generated.wav,3.76,0.140007,0.136293,0.037236,0.036248,1.968152,0.891535,0.400614
H3_128C_pruned30_Mask_pruning,237-134500-0009.wav,generated_audios/generated_H3_128C_pruned30/237-134500-0009_generated.wav,2.22,0.077559,0.074134,0.034936,0.033394,2.013723,0.896996,0.393602
H3_128C_pruned30_Mask_pruning,237-134500-0010.wav,generated_audios/generated_H3_128C_pruned30/237-134500-0010_generated.wav,3.995011,1.091654,1.088291,0.273254,0.272412,1.634017,0.88767,0.399464
H3_128C_pruned30_Mask_pruning,237-134500-0011.wav,generated_audios/generated_H3_128C_pruned30/237-134500-0011_generated.wav,3.350023,0.878072,0.87457,0.262109,0.261064,1.645608,0.869626,0.402916
H3_128C_pruned30_Mask_pruning,237-134500-0012.wav,generated_audios/generated_H3_128C_pruned30/237-134500-0012_generated.wav,10.935011,3.185772,3.181772,0.291337,0.290971,2.22688,0.923286,0.373277
H3_128C_pruned30_Mask_pruning,237-134500-0013.wav,generated_audios/generated_H3_128C_pruned30/237-134500-0013_generated.wav,10.56,0.397341,0.392859,0.037627,0.037203,2.235634,0.938582,0.349005
H3_128C_pruned30_Mask_pruning,237-134500-0014.wav,generated_audios/generated_H3_128C_pruned30/237-134500-0014_generated.wav,4.250023,0.170466,0.16673,0.040109,0.03923,1.949619,0.920458,0.356946
H3_128C_pruned30_Mask_pruning,237-134500-0015.wav,generated_audios/generated_H3_128C_pruned30/237-134500-0015_generated.wav,10.815011,2.959982,2.955479,0.273692,0.273276,2.305726,0.939374,0.362089
H3_128C_pruned30_Mask_pruning,237-134500-0016.wav,generated_audios/generated_H3_128C_pruned30/237-134500-0016_generated.wav,3.16,0.128122,0.125124,0.040545,0.039596,1.534214,0.820619,0.428355
H3_128C_pruned30_Mask_pruning,237-134500-0017.wav,generated_audios/generated_H3_128C_pruned30/237-134500-0017_generated.wav,2.18,0.090711,0.087753,0.041611,0.040254,1.868488,0.899487,0.389507
H3_128C_pruned30_Mask_pruning,237-134500-0018.wav,generated_audios/generated_H3_128C_pruned30/237-134500-0018_generated.wav,12.845034,3.873048,3.868606,0.301521,0.301175,2.445148,0.941093,0.353294
H3_128C_pruned30_Mask_pruning,237-134500-0019.wav,generated_audios/generated_H3_128C_pruned30/237-134500-0019_generated.wav,2.86,0.740298,0.736882,0.258845,0.257651,2.285795,0.911767,0.358344
H3_128C_pruned30_Mask_pruning,237-134500-0020.wav,generated_audios/generated_H3_128C_pruned30/237-134500-0020_generated.wav,2.18,0.071582,0.068295,0.032836,0.031328,2.402879,0.954822,0.343456
H3_128C_pruned30_Mask_pruning,237-134500-0021.wav,generated_audios/generated_H3_128C_pruned30/237-134500-0021_generated.wav,5.12,1.305496,1.301706,0.25498,0.25424,1.581858,0.825696,0.419851
H3_128C_pruned30_Mask_pruning,237-134500-0022.wav,generated_audios/generated_H3_128C_pruned30/237-134500-0022_generated.wav,5.165034,1.339646,1.336026,0.259368,0.258667,1.648046,0.882134,0.414958
H3_128C_pruned30_Mask_pruning,237-134500-0023.wav,generated_audios/generated_H3_128C_pruned30/237-134500-0023_generated.wav,3.06,0.838314,0.835153,0.273959,0.272926,1.897178,0.914211,0.382904
H3_128C_pruned30_Mask_pruning,237-134500-0024.wav,generated_audios/generated_H3_128C_pruned30/237-134500-0024_generated.wav,4.410023,0.159653,0.156233,0.036202,0.035427,2.438875,0.921092,0.349303
H3_128C_pruned30_Mask_pruning,237-134500-0025.wav,generated_audios/generated_H3_128C_pruned30/237-134500-0025_generated.wav,1.630023,0.417207,0.41406,0.255952,0.254021,2.310979,0.880349,0.37809
H3_128C_pruned30_Mask_pruning,237-134500-0026.wav,generated_audios/generated_H3_128C_pruned30/237-134500-0026_generated.wav,3.050023,0.833877,0.83076,0.2734,0.272378,1.736891,0.865819,0.394959
H3_128C_pruned30_Mask_pruning,237-134500-0027.wav,generated_audios/generated_H3_128C_pruned30/237-134500-0027_generated.wav,3.270023,0.907568,0.904059,0.277542,0.276469,2.049571,0.901259,0.363121
H3_128C_pruned30_Mask_pruning,237-134500-0028.wav,generated_audios/generated_H3_128C_pruned30/237-134500-0028_generated.wav,4.524943,1.273429,1.269957,0.281424,0.280657,2.211524,0.919539,0.372619
H3_128C_pruned30_Mask_pruning,237-134500-0029.wav,generated_audios/generated_H3_128C_pruned30/237-134500-0029_generated.wav,2.065034,0.54495,0.54182,0.263894,0.262378,2.48511,0.930122,0.34247
H3_128C_pruned30_Mask_pruning,237-134500-0030.wav,generated_audios/generated_H3_128C_pruned30/237-134500-0030_generated.wav,2.78,0.766699,0.763313,0.275791,0.274573,1.947217,0.921652,0.386547
H3_128C_pruned30_Mask_pruning,237-134500-0031.wav,generated_audios/generated_H3_128C_pruned30/237-134500-0031_generated.wav,10.610023,2.927005,2.922779,0.275872,0.275473,2.352138,0.933436,0.35491
H3_128C_pruned30_Mask_pruning,237-134500-0032.wav,generated_audios/generated_H3_128C_pruned30/237-134500-0032_generated.wav,5.025034,0.179515,0.175917,0.035724,0.035008,2.270983,0.921448,0.352079
H3_128C_pruned30_Mask_pruning,237-134500-0033.wav,generated_audios/generated_H3_128C_pruned30/237-134500-0033_generated.wav,6.350023,1.670514,1.666914,0.263072,0.262505,2.145662,0.914342,0.367084
H3_128C_pruned30_Mask_pruning,237-134500-0034.wav,generated_audios/generated_H3_128C_pruned30/237-134500-0034_generated.wav,3.075011,0.813984,0.810503,0.264709,0.263577,2.371352,0.930954,0.341451
H3_128C_pruned30_Mask_pruning,237-134500-0035.wav,generated_audios/generated_H3_128C_pruned30/237-134500-0035_generated.wav,2.555011,0.705418,0.702051,0.276092,0.274774,1.756719,0.920573,0.379282
H3_128C_pruned30_Mask_pruning,237-134500-0036.wav,generated_audios/generated_H3_128C_pruned30/237-134500-0036_generated.wav,6.6,1.854954,1.85065,0.281054,0.280401,2.409373,0.939113,0.344591
H3_128C_pruned30_Mask_pruning,237-134500-0037.wav,generated_audios/generated_H3_128C_pruned30/237-134500-0037_generated.wav,7.105034,1.956734,1.952871,0.275401,0.274857,1.549646,0.858015,0.432687
H3_128C_pruned30_Mask_pruning,237-134500-0038.wav,generated_audios/generated_H3_128C_pruned30/237-134500-0038_generated.wav,2.435011,0.656182,0.652837,0.269478,0.268104,1.512149,0.847936,0.438802
H3_128C_pruned30_Mask_pruning,237-134500-0039.wav,generated_audios/generated_H3_128C_pruned30/237-134500-0039_generated.wav,4.630023,1.288878,1.285311,0.278374,0.277604,1.506244,0.892413,0.423265
H3_128C_pruned30_Mask_pruning,237-134500-0040.wav,generated_audios/generated_H3_128C_pruned30/237-134500-0040_generated.wav,4.030023,0.144839,0.141068,0.03594,0.035004,1.732309,0.889172,0.392197
H3_128C_pruned30_Mask_pruning,237-134500-0041.wav,generated_audios/generated_H3_128C_pruned30/237-134500-0041_generated.wav,8.92,0.333046,0.329014,0.037337,0.036885,2.486495,0.942506,0.345596
H3_128C_pruned30_Mask_pruning,237-134500-0042.wav,generated_audios/generated_H3_128C_pruned30/237-134500-0042_generated.wav,2.575011,0.692148,0.688684,0.268794,0.267449,1.780969,0.873832,0.417291
H3_128C_pruned30_Mask_pruning,260-123286-0000.wav,generated_audios/generated_H3_128C_pruned30/260-123286-0000_generated.wav,7.04,1.88222,1.878318,0.267361,0.266806,1.837774,0.92633,0.338939
H3_128C_pruned30_Mask_pruning,260-123286-0001.wav,generated_audios/generated_H3_128C_pruned30/260-123286-0001_generated.wav,3.070023,0.106114,0.102573,0.034565,0.033411,1.816148,0.923347,0.344721
H3_128C_pruned30_Mask_pruning,260-123286-0002.wav,generated_audios/generated_H3_128C_pruned30/260-123286-0002_generated.wav,9.985034,2.851999,2.848108,0.285627,0.285238,1.881903,0.929153,0.339859
H3_128C_pruned30_Mask_pruning,260-123286-0003.wav,generated_audios/generated_H3_128C_pruned30/260-123286-0003_generated.wav,7.370023,2.057685,2.053869,0.279197,0.278679,1.668446,0.900944,0.347312
H3_128C_pruned30_Mask_pruning,260-123286-0004.wav,generated_audios/generated_H3_128C_pruned30/260-123286-0004_generated.wav,3.465034,0.959833,0.956685,0.277005,0.276097,1.801108,0.917417,0.347181
H3_128C_pruned30_Mask_pruning,260-123286-0005.wav,generated_audios/generated_H3_128C_pruned30/260-123286-0005_generated.wav,4.810023,1.269041,1.265408,0.263833,0.263077,1.958145,0.921654,0.368936
H3_128C_pruned30_Mask_pruning,260-123286-0006.wav,generated_audios/generated_H3_128C_pruned30/260-123286-0006_generated.wav,7.405034,2.068137,2.064577,0.279288,0.278807,1.853375,0.926476,0.370989
H3_128C_pruned30_Mask_pruning,260-123286-0007.wav,generated_audios/generated_H3_128C_pruned30/260-123286-0007_generated.wav,4.550023,1.252727,1.249014,0.275323,0.274507,1.67686,0.920252,0.386025
H3_128C_pruned30_Mask_pruning,260-123286-0008.wav,generated_audios/generated_H3_128C_pruned30/260-123286-0008_generated.wav,3.735011,0.989223,0.985539,0.264851,0.263865,1.776561,0.920257,0.369023
H3_128C_pruned30_Mask_pruning,260-123286-0009.wav,generated_audios/generated_H3_128C_pruned30/260-123286-0009_generated.wav,5.795011,1.657371,1.653735,0.286,0.285372,1.603823,0.921768,0.34409
H3_128C_pruned30_Mask_pruning,260-123286-0010.wav,generated_audios/generated_H3_128C_pruned30/260-123286-0010_generated.wav,2.575011,0.087997,0.08455,0.034173,0.032835,1.52925,0.929162,0.339487
H3_128C_pruned30_Mask_pruning,260-123286-0011.wav,generated_audios/generated_H3_128C_pruned30/260-123286-0011_generated.wav,4.255011,0.161202,0.158228,0.037885,0.037186,1.723556,0.911416,0.351791
H3_128C_pruned30_Mask_pruning,260-123286-0012.wav,generated_audios/generated_H3_128C_pruned30/260-123286-0012_generated.wav,2.430023,0.096045,0.092795,0.039524,0.038187,2.001202,0.933438,0.349081
H3_128C_pruned30_Mask_pruning,260-123286-0013.wav,generated_audios/generated_H3_128C_pruned30/260-123286-0013_generated.wav,4.730023,1.322544,1.319143,0.279606,0.278887,1.925467,0.922038,0.338827
H3_128C_pruned30_Mask_pruning,260-123286-0014.wav,generated_audios/generated_H3_128C_pruned30/260-123286-0014_generated.wav,2.98,0.11912,0.115624,0.039973,0.0388,1.537622,0.920962,0.303096
H3_128C_pruned30_Mask_pruning,260-123286-0015.wav,generated_audios/generated_H3_128C_pruned30/260-123286-0015_generated.wav,5.210023,1.48256,1.478919,0.284559,0.28386,1.860243,0.921037,0.361102
H3_128C_pruned30_Mask_pruning,260-123286-0016.wav,generated_audios/generated_H3_128C_pruned30/260-123286-0016_generated.wav,7.0,1.977057,1.973158,0.282437,0.28188,1.792673,0.925183,0.357361
H3_128C_pruned30_Mask_pruning,260-123286-0017.wav,generated_audios/generated_H3_128C_pruned30/260-123286-0017_generated.wav,3.975011,1.067154,1.063807,0.268466,0.267624,1.785853,0.915982,0.329291
H3_128C_pruned30_Mask_pruning,260-123286-0018.wav,generated_audios/generated_H3_128C_pruned30/260-123286-0018_generated.wav,5.670023,1.607162,1.603476,0.283449,0.282799,2.048464,0.912644,0.365918
H3_128C_pruned30_Mask_pruning,260-123286-0019.wav,generated_audios/generated_H3_128C_pruned30/260-123286-0019_generated.wav,11.905034,3.651567,3.647166,0.306725,0.306355,1.68309,0.9254,0.353381
H3_128C_pruned30_Mask_pruning,260-123286-0020.wav,generated_audios/generated_H3_128C_pruned30/260-123286-0020_generated.wav,3.06,0.117169,0.114671,0.03829,0.037474,1.93934,0.943953,0.263512
H3_128C_pruned30_Mask_pruning,260-123286-0021.wav,generated_audios/generated_H3_128C_pruned30/260-123286-0021_generated.wav,2.550023,0.703101,0.699714,0.275723,0.274395,1.868562,0.95021,0.366403
H3_128C_pruned30_Mask_pruning,260-123286-0022.wav,generated_audios/generated_H3_128C_pruned30/260-123286-0022_generated.wav,3.235011,0.904707,0.901307,0.279661,0.27861,1.792321,0.93354,0.330737
H3_128C_pruned30_Mask_pruning,260-123286-0023.wav,generated_audios/generated_H3_128C_pruned30/260-123286-0023_generated.wav,5.875011,1.664485,1.661382,0.283316,0.282788,1.905684,0.921655,0.3721
H3_128C_pruned30_Mask_pruning,260-123286-0024.wav,generated_audios/generated_H3_128C_pruned30/260-123286-0024_generated.wav,3.04,0.833341,0.83008,0.274125,0.273053,1.707237,0.920023,0.381041
H3_128C_pruned30_Mask_pruning,260-123286-0025.wav,generated_audios/generated_H3_128C_pruned30/260-123286-0025_generated.wav,9.205034,2.540776,2.536276,0.27602,0.275531,1.757767,0.909793,0.369665
H3_128C_pruned30_Mask_pruning,260-123286-0026.wav,generated_audios/generated_H3_128C_pruned30/260-123286-0026_generated.wav,6.94,1.886607,1.882877,0.271845,0.271308,1.736951,0.912781,0.370911
H3_128C_pruned30_Mask_pruning,260-123286-0027.wav,generated_audios/generated_H3_128C_pruned30/260-123286-0027_generated.wav,7.170023,2.095816,2.092096,0.292303,0.291784,1.575889,0.904635,0.370334
H3_128C_pruned30_Mask_pruning,260-123286-0028.wav,generated_audios/generated_H3_128C_pruned30/260-123286-0028_generated.wav,7.465034,2.077418,2.073361,0.278286,0.277743,1.72382,0.914283,0.362371
H3_128C_pruned30_Mask_pruning,260-123286-0029.wav,generated_audios/generated_H3_128C_pruned30/260-123286-0029_generated.wav,4.545034,0.160307,0.156518,0.035271,0.034437,1.744285,0.93257,0.348537
H3_128C_pruned30_Mask_pruning,260-123286-0030.wav,generated_audios/generated_H3_128C_pruned30/260-123286-0030_generated.wav,7.530023,0.269321,0.265482,0.035766,0.035256,1.838505,0.926037,0.371006
H3_128C_pruned30_Mask_pruning,260-123286-0031.wav,generated_audios/generated_H3_128C_pruned30/260-123286-0031_generated.wav,5.06,1.386219,1.382838,0.273956,0.273288,1.59551,0.925003,0.313713
H3_128C_pruned30_Mask_pruning,260-123288-0000.wav,generated_audios/generated_H3_128C_pruned30/260-123288-0000_generated.wav,3.04,0.100618,0.097089,0.033098,0.031937,1.862018,0.912746,0.354432
H3_128C_pruned30_Mask_pruning,260-123288-0001.wav,generated_audios/generated_H3_128C_pruned30/260-123288-0001_generated.wav,5.08,0.177201,0.173934,0.034882,0.034239,1.818075,0.92335,0.32946
H3_128C_pruned30_Mask_pruning,260-123288-0002.wav,generated_audios/generated_H3_128C_pruned30/260-123288-0002_generated.wav,7.250023,2.022515,2.018833,0.278967,0.278459,1.706786,0.918125,0.372246
H3_128C_pruned30_Mask_pruning,260-123288-0003.wav,generated_audios/generated_H3_128C_pruned30/260-123288-0003_generated.wav,8.905034,2.57962,2.575387,0.289681,0.289206,1.7993,0.93,0.358067
H3_128C_pruned30_Mask_pruning,260-123288-0004.wav,generated_audios/generated_H3_128C_pruned30/260-123288-0004_generated.wav,4.310023,1.24486,1.241325,0.288829,0.288009,1.757626,0.904957,0.317106
H3_128C_pruned30_Mask_pruning,260-123288-0005.wav,generated_audios/generated_H3_128C_pruned30/260-123288-0005_generated.wav,12.550023,3.789237,3.784882,0.301931,0.301584,1.437955,0.919197,0.356351
H3_128C_pruned30_Mask_pruning,260-123288-0006.wav,generated_audios/generated_H3_128C_pruned30/260-123288-0006_generated.wav,4.88,1.367014,1.363494,0.280126,0.279404,1.733285,0.915244,0.32019
H3_128C_pruned30_Mask_pruning,260-123288-0007.wav,generated_audios/generated_H3_128C_pruned30/260-123288-0007_generated.wav,11.2,3.359407,3.355229,0.299947,0.299574,1.728725,0.918694,0.37888
H3_128C_pruned30_Mask_pruning,260-123288-0008.wav,generated_audios/generated_H3_128C_pruned30/260-123288-0008_generated.wav,5.515011,1.597598,1.593652,0.289682,0.288966,1.959224,0.922596,0.378316
H3_128C_pruned30_Mask_pruning,260-123288-0009.wav,generated_audios/generated_H3_128C_pruned30/260-123288-0009_generated.wav,3.435011,0.982992,0.97913,0.286168,0.285044,2.247197,0.93377,0.367349
H3_128C_pruned30_Mask_pruning,260-123288-0010.wav,generated_audios/generated_H3_128C_pruned30/260-123288-0010_generated.wav,9.995011,0.364729,0.360673,0.036491,0.036085,1.659777,0.918651,0.354411
H3_128C_pruned30_Mask_pruning,260-123288-0011.wav,generated_audios/generated_H3_128C_pruned30/260-123288-0011_generated.wav,8.98,2.67861,2.674906,0.298286,0.297874,1.707257,0.919764,0.348942
H3_128C_pruned30_Mask_pruning,260-123288-0012.wav,generated_audios/generated_H3_128C_pruned30/260-123288-0012_generated.wav,3.545034,1.010328,1.006711,0.284998,0.283978,2.202582,0.910805,0.374479
H3_128C_pruned30_Mask_pruning,260-123288-0013.wav,generated_audios/generated_H3_128C_pruned30/260-123288-0013_generated.wav,11.385079,3.657083,3.652903,0.321217,0.32085,1.675911,0.916102,0.369412
H3_128C_pruned30_Mask_pruning,260-123288-0014.wav,generated_audios/generated_H3_128C_pruned30/260-123288-0014_generated.wav,1.805034,0.079028,0.075896,0.043782,0.042047,1.905033,0.910795,0.355672
H3_128C_pruned30_Mask_pruning,260-123288-0015.wav,generated_audios/generated_H3_128C_pruned30/260-123288-0015_generated.wav,21.185034,6.411597,6.406428,0.302647,0.302403,1.751554,0.925961,0.361864
H3_128C_pruned30_Mask_pruning,260-123288-0016.wav,generated_audios/generated_H3_128C_pruned30/260-123288-0016_generated.wav,4.865034,1.457068,1.45321,0.299498,0.298705,1.677902,0.910688,0.36274
H3_128C_pruned30_Mask_pruning,260-123288-0017.wav,generated_audios/generated_H3_128C_pruned30/260-123288-0017_generated.wav,5.225034,1.46769,1.463809,0.280896,0.280153,1.676266,0.936913,0.368208
H3_128C_pruned30_Mask_pruning,260-123288-0018.wav,generated_audios/generated_H3_128C_pruned30/260-123288-0018_generated.wav,3.245034,0.939779,0.936283,0.289605,0.288528,1.845918,0.923919,0.395936
H3_128C_pruned30_Mask_pruning,260-123288-0019.wav,generated_audios/generated_H3_128C_pruned30/260-123288-0019_generated.wav,2.955011,0.121864,0.118637,0.04124,0.040148,1.705285,0.91778,0.324585
H3_128C_pruned30_Mask_pruning,260-123288-0020.wav,generated_audios/generated_H3_128C_pruned30/260-123288-0020_generated.wav,2.9,0.843125,0.839711,0.290733,0.289555,1.990116,0.936678,0.319616
H3_128C_pruned30_Mask_pruning,260-123288-0021.wav,generated_audios/generated_H3_128C_pruned30/260-123288-0021_generated.wav,2.710023,0.109548,0.106309,0.040423,0.039228,1.64404,0.904764,0.368276
H3_128C_pruned30_Mask_pruning,260-123288-0022.wav,generated_audios/generated_H3_128C_pruned30/260-123288-0022_generated.wav,3.705034,1.071885,1.068771,0.289305,0.288465,1.500609,0.904797,0.366786
H3_128C_pruned30_Mask_pruning,260-123288-0023.wav,generated_audios/generated_H3_128C_pruned30/260-123288-0023_generated.wav,2.385034,0.098274,0.094939,0.041204,0.039806,1.623978,0.906672,0.319154
H3_128C_pruned30_Mask_pruning,260-123288-0024.wav,generated_audios/generated_H3_128C_pruned30/260-123288-0024_generated.wav,14.595011,4.376273,4.371905,0.299847,0.299548,1.815306,0.926839,0.375071
H3_128C_pruned30_Mask_pruning,260-123288-0025.wav,generated_audios/generated_H3_128C_pruned30/260-123288-0025_generated.wav,13.445034,4.124224,4.118958,0.306747,0.306355,1.721917,0.92017,0.373342
H3_128C_pruned30_Mask_pruning,260-123288-0026.wav,generated_audios/generated_H3_128C_pruned30/260-123288-0026_generated.wav,16.04,5.199971,5.194883,0.324188,0.32387,1.754276,0.925215,0.373801
H3_128C_pruned30_Mask_pruning,260-123288-0027.wav,generated_audios/generated_H3_128C_pruned30/260-123288-0027_generated.wav,6.305034,1.797883,1.793504,0.28515,0.284456,1.833825,0.936156,0.361806
H3_128C_pruned30_Mask_pruning,260-123288-0028.wav,generated_audios/generated_H3_128C_pruned30/260-123288-0028_generated.wav,2.610023,0.762659,0.75905,0.292204,0.290821,1.867577,0.948669,0.342751
H3_128C_pruned30_Mask_pruning,260-123440-0000.wav,generated_audios/generated_H3_128C_pruned30/260-123440-0000_generated.wav,2.165034,0.604239,0.601171,0.27909,0.277673,1.519088,0.883337,0.389085
H3_128C_pruned30_Mask_pruning,260-123440-0001.wav,generated_audios/generated_H3_128C_pruned30/260-123440-0001_generated.wav,1.74,0.478477,0.47527,0.274987,0.273143,1.661563,0.895143,0.29358
H3_128C_pruned30_Mask_pruning,260-123440-0002.wav,generated_audios/generated_H3_128C_pruned30/260-123440-0002_generated.wav,14.715011,4.736565,4.731213,0.321887,0.321523,1.870404,0.916212,0.374871
H3_128C_pruned30_Mask_pruning,260-123440-0003.wav,generated_audios/generated_H3_128C_pruned30/260-123440-0003_generated.wav,3.585034,1.07929,1.075635,0.301054,0.300035,1.736114,0.919321,0.373565
H3_128C_pruned30_Mask_pruning,260-123440-0004.wav,generated_audios/generated_H3_128C_pruned30/260-123440-0004_generated.wav,12.02,3.694336,3.689782,0.307349,0.30697,1.710043,0.914478,0.367949
H3_128C_pruned30_Mask_pruning,260-123440-0005.wav,generated_audios/generated_H3_128C_pruned30/260-123440-0005_generated.wav,3.105034,0.120464,0.116727,0.038796,0.037593,1.821613,0.925666,0.378066
H3_128C_pruned30_Mask_pruning,260-123440-0006.wav,generated_audios/generated_H3_128C_pruned30/260-123440-0006_generated.wav,2.715011,0.089386,0.086236,0.032923,0.031763,1.72269,0.925244,0.389194
H3_128C_pruned30_Mask_pruning,260-123440-0007.wav,generated_audios/generated_H3_128C_pruned30/260-123440-0007_generated.wav,3.385034,1.015397,1.011906,0.299967,0.298935,1.677819,0.914764,0.389818
H3_128C_pruned30_Mask_pruning,260-123440-0008.wav,generated_audios/generated_H3_128C_pruned30/260-123440-0008_generated.wav,3.745034,1.124653,1.121165,0.300305,0.299374,1.785261,0.930418,0.378323
H3_128C_pruned30_Mask_pruning,260-123440-0009.wav,generated_audios/generated_H3_128C_pruned30/260-123440-0009_generated.wav,3.115011,0.928702,0.925729,0.298138,0.297183,1.974975,0.918047,0.370713
H3_128C_pruned30_Mask_pruning,260-123440-0010.wav,generated_audios/generated_H3_128C_pruned30/260-123440-0010_generated.wav,8.315011,2.550089,2.54608,0.306685,0.306203,1.621071,0.902319,0.395214
H3_128C_pruned30_Mask_pruning,260-123440-0011.wav,generated_audios/generated_H3_128C_pruned30/260-123440-0011_generated.wav,4.870023,0.166392,0.163171,0.034167,0.033505,1.790241,0.914215,0.383679
H3_128C_pruned30_Mask_pruning,260-123440-0012.wav,generated_audios/generated_H3_128C_pruned30/260-123440-0012_generated.wav,5.245034,1.55203,1.54893,0.295905,0.295314,1.575068,0.901782,0.421265
H3_128C_pruned30_Mask_pruning,260-123440-0013.wav,generated_audios/generated_H3_128C_pruned30/260-123440-0013_generated.wav,3.475011,1.028509,1.024929,0.295973,0.294943,1.889495,0.911065,0.404696
H3_128C_pruned30_Mask_pruning,260-123440-0014.wav,generated_audios/generated_H3_128C_pruned30/260-123440-0014_generated.wav,3.815011,1.137409,1.134116,0.29814,0.297277,1.878331,0.917678,0.399371
H3_128C_pruned30_Mask_pruning,260-123440-0015.wav,generated_audios/generated_H3_128C_pruned30/260-123440-0015_generated.wav,6.2,0.242249,0.238873,0.039072,0.038528,1.968875,0.924257,0.363624
H3_128C_pruned30_Mask_pruning,260-123440-0016.wav,generated_audios/generated_H3_128C_pruned30/260-123440-0016_generated.wav,4.895011,1.484541,1.481021,0.303276,0.302557,1.783053,0.931386,0.386613
H3_128C_pruned30_Mask_pruning,260-123440-0017.wav,generated_audios/generated_H3_128C_pruned30/260-123440-0017_generated.wav,3.070023,0.138253,0.135228,0.045033,0.044048,1.708401,0.923158,0.373314
H3_128C_pruned30_Mask_pruning,260-123440-0018.wav,generated_audios/generated_H3_128C_pruned30/260-123440-0018_generated.wav,3.64,1.109483,1.105947,0.304803,0.303832,2.092345,0.936575,0.372198
H3_128C_pruned30_Mask_pruning,260-123440-0019.wav,generated_audios/generated_H3_128C_pruned30/260-123440-0019_generated.wav,6.630023,2.03047,2.026584,0.306254,0.305668,1.606871,0.926058,0.372504
H3_128C_pruned30_Mask_pruning,260-123440-0020.wav,generated_audios/generated_H3_128C_pruned30/260-123440-0020_generated.wav,4.995011,1.50753,1.504393,0.301807,0.301179,1.723154,0.927966,0.374109
H3_128C_pruned30_Mask_pruning,61-70968-0000.wav,generated_audios/generated_H3_128C_pruned30/61-70968-0000_generated.wav,4.905034,1.479507,1.475724,0.30163,0.300859,1.572774,0.913704,0.37595
H3_128C_pruned30_Mask_pruning,61-70968-0001.wav,generated_audios/generated_H3_128C_pruned30/61-70968-0001_generated.wav,3.610023,1.084937,1.081463,0.300535,0.299572,1.72776,0.883856,0.359887
H3_128C_pruned30_Mask_pruning,61-70968-0002.wav,generated_audios/generated_H3_128C_pruned30/61-70968-0002_generated.wav,2.970023,0.879876,0.876886,0.296252,0.295246,1.67908,0.878024,0.361308
H3_128C_pruned30_Mask_pruning,61-70968-0003.wav,generated_audios/generated_H3_128C_pruned30/61-70968-0003_generated.wav,4.315011,0.160279,0.156708,0.037144,0.036317,1.874326,0.921043,0.374433
H3_128C_pruned30_Mask_pruning,61-70968-0004.wav,generated_audios/generated_H3_128C_pruned30/61-70968-0004_generated.wav,3.885034,1.162435,1.159166,0.299208,0.298367,1.648198,0.911248,0.389778
H3_128C_pruned30_Mask_pruning,61-70968-0005.wav,generated_audios/generated_H3_128C_pruned30/61-70968-0005_generated.wav,5.070023,0.181246,0.177981,0.035749,0.035104,1.690824,0.883889,0.375985
H3_128C_pruned30_Mask_pruning,61-70968-0006.wav,generated_audios/generated_H3_128C_pruned30/61-70968-0006_generated.wav,2.935011,0.825792,0.822267,0.281359,0.280158,1.730391,0.928317,0.373467
H3_128C_pruned30_Mask_pruning,61-70968-0007.wav,generated_audios/generated_H3_128C_pruned30/61-70968-0007_generated.wav,3.550023,0.140469,0.136819,0.039568,0.03854,1.709418,0.825235,0.374664
H3_128C_pruned30_Mask_pruning,61-70968-0008.wav,generated_audios/generated_H3_128C_pruned30/61-70968-0008_generated.wav,3.535011,0.134273,0.130802,0.037984,0.037002,1.608755,0.892574,0.372176
H3_128C_pruned30_Mask_pruning,61-70968-0009.wav,generated_audios/generated_H3_128C_pruned30/61-70968-0009_generated.wav,4.510023,1.362507,1.359116,0.302106,0.301355,1.772125,0.889546,0.376359
H3_128C_pruned30_Mask_pruning,61-70968-0010.wav,generated_audios/generated_H3_128C_pruned30/61-70968-0010_generated.wav,8.295011,2.418346,2.414306,0.291542,0.291055,1.667688,0.90113,0.377252
H3_128C_pruned30_Mask_pruning,61-70968-0011.wav,generated_audios/generated_H3_128C_pruned30/61-70968-0011_generated.wav,6.375011,1.859157,1.855344,0.291632,0.291034,1.555251,0.906556,0.380233
H3_128C_pruned30_Mask_pruning,61-70968-0012.wav,generated_audios/generated_H3_128C_pruned30/61-70968-0012_generated.wav,2.610023,0.108642,0.105097,0.041625,0.040267,2.059501,0.943799,0.386853
H3_128C_pruned30_Mask_pruning,61-70968-0013.wav,generated_audios/generated_H3_128C_pruned30/61-70968-0013_generated.wav,4.450023,0.158084,0.154509,0.035524,0.034721,1.855741,0.901353,0.367441
H3_128C_pruned30_Mask_pruning,61-70968-0014.wav,generated_audios/generated_H3_128C_pruned30/61-70968-0014_generated.wav,7.485034,2.302324,2.298424,0.30759,0.307069,1.950537,0.915849,0.363908
H3_128C_pruned30_Mask_pruning,61-70968-0015.wav,generated_audios/generated_H3_128C_pruned30/61-70968-0015_generated.wav,5.375011,1.559063,1.555243,0.290058,0.289347,1.651938,0.905258,0.383699
H3_128C_pruned30_Mask_pruning,61-70968-0016.wav,generated_audios/generated_H3_128C_pruned30/61-70968-0016_generated.wav,3.72,1.137177,1.133623,0.305693,0.304737,1.980054,0.926402,0.379843
H3_128C_pruned30_Mask_pruning,61-70968-0017.wav,generated_audios/generated_H3_128C_pruned30/61-70968-0017_generated.wav,5.110023,1.569024,1.565443,0.307048,0.306348,1.622806,0.911762,0.373107
H3_128C_pruned30_Mask_pruning,61-70968-0018.wav,generated_audios/generated_H3_128C_pruned30/61-70968-0018_generated.wav,2.405034,0.716467,0.713202,0.297903,0.296546,1.702377,0.928908,0.369017
H3_128C_pruned30_Mask_pruning,61-70968-0019.wav,generated_audios/generated_H3_128C_pruned30/61-70968-0019_generated.wav,5.475011,1.618781,1.615168,0.295667,0.295007,1.702736,0.910633,0.385833
H3_128C_pruned30_Mask_pruning,61-70968-0020.wav,generated_audios/generated_H3_128C_pruned30/61-70968-0020_generated.wav,5.105034,1.593863,1.589902,0.312214,0.311438,1.937453,0.899765,0.369469
H3_128C_pruned30_Mask_pruning,61-70968-0021.wav,generated_audios/generated_H3_128C_pruned30/61-70968-0021_generated.wav,2.690023,0.76653,0.763112,0.284953,0.283682,1.884869,0.886699,0.374967
H3_128C_pruned30_Mask_pruning,61-70968-0022.wav,generated_audios/generated_H3_128C_pruned30/61-70968-0022_generated.wav,4.670023,0.176944,0.173535,0.037889,0.037159,1.756444,0.887578,0.380519
H3_128C_pruned30_Mask_pruning,61-70968-0023.wav,generated_audios/generated_H3_128C_pruned30/61-70968-0023_generated.wav,5.025034,0.183709,0.180016,0.036559,0.035824,1.928811,0.923985,0.373087
H3_128C_pruned30_Mask_pruning,61-70968-0024.wav,generated_audios/generated_H3_128C_pruned30/61-70968-0024_generated.wav,6.025034,1.851308,1.847313,0.307269,0.306606,1.828773,0.888309,0.380904
H3_128C_pruned30_Mask_pruning,61-70968-0025.wav,generated_audios/generated_H3_128C_pruned30/61-70968-0025_generated.wav,4.410023,0.164812,0.160873,0.037372,0.036479,1.749689,0.907447,0.378809
H3_128C_pruned30_Mask_pruning,61-70968-0026.wav,generated_audios/generated_H3_128C_pruned30/61-70968-0026_generated.wav,4.92,1.429602,1.425882,0.29057,0.289813,1.795651,0.927901,0.369582
H3_128C_pruned30_Mask_pruning,61-70968-0027.wav,generated_audios/generated_H3_128C_pruned30/61-70968-0027_generated.wav,6.870023,2.015142,2.011162,0.293324,0.292745,1.770709,0.909058,0.376569
H3_128C_pruned30_Mask_pruning,61-70968-0028.wav,generated_audios/generated_H3_128C_pruned30/61-70968-0028_generated.wav,5.355011,1.678048,1.674252,0.31336,0.312651,1.880702,0.921961,0.362233
H3_128C_pruned30_Mask_pruning,61-70968-0029.wav,generated_audios/generated_H3_128C_pruned30/61-70968-0029_generated.wav,3.495011,1.063989,1.06053,0.304431,0.303441,1.837421,0.899888,0.369665
H3_128C_pruned30_Mask_pruning,61-70968-0030.wav,generated_audios/generated_H3_128C_pruned30/61-70968-0030_generated.wav,5.685034,1.683038,1.679295,0.296047,0.295389,1.787473,0.909502,0.362607
H3_128C_pruned30_Mask_pruning,61-70968-0031.wav,generated_audios/generated_H3_128C_pruned30/61-70968-0031_generated.wav,2.925034,0.900474,0.896915,0.307851,0.306634,1.720972,0.882257,0.361372
H3_128C_pruned30_Mask_pruning,61-70968-0032.wav,generated_audios/generated_H3_128C_pruned30/61-70968-0032_generated.wav,4.28,0.159028,0.155525,0.037156,0.036338,1.821154,0.906802,0.365389
H3_128C_pruned30_Mask_pruning,61-70968-0033.wav,generated_audios/generated_H3_128C_pruned30/61-70968-0033_generated.wav,5.685034,0.171286,0.167402,0.030129,0.029446,1.977823,0.93585,0.367894
H3_128C_pruned30_Mask_pruning,61-70968-0034.wav,generated_audios/generated_H3_128C_pruned30/61-70968-0034_generated.wav,4.230023,1.308149,1.304544,0.309253,0.308401,2.247016,0.926386,0.386904
H3_128C_pruned30_Mask_pruning,61-70968-0035.wav,generated_audios/generated_H3_128C_pruned30/61-70968-0035_generated.wav,7.950023,2.374375,2.370197,0.298663,0.298137,1.560111,0.909405,0.37468
H3_128C_pruned30_Mask_pruning,61-70968-0036.wav,generated_audios/generated_H3_128C_pruned30/61-70968-0036_generated.wav,2.934966,0.118101,0.114759,0.040239,0.039101,2.141561,0.902935,0.361877
H3_128C_pruned30_Mask_pruning,61-70968-0037.wav,generated_audios/generated_H3_128C_pruned30/61-70968-0037_generated.wav,4.315011,0.152803,0.149245,0.035412,0.034587,1.459285,0.876426,0.382912
H3_128C_pruned30_Mask_pruning,61-70968-0038.wav,generated_audios/generated_H3_128C_pruned30/61-70968-0038_generated.wav,2.050023,0.594704,0.5914,0.290097,0.288485,2.183445,0.864131,0.362729
H3_128C_pruned30_Mask_pruning,61-70968-0039.wav,generated_audios/generated_H3_128C_pruned30/61-70968-0039_generated.wav,3.805034,1.120415,1.117057,0.294456,0.293573,2.019595,0.889402,0.369893
H3_128C_pruned30_Mask_pruning,61-70968-0040.wav,generated_audios/generated_H3_128C_pruned30/61-70968-0040_generated.wav,3.950023,1.219187,1.215612,0.308653,0.307748,1.783964,0.903457,0.371286
H3_128C_pruned30_Mask_pruning,61-70968-0041.wav,generated_audios/generated_H3_128C_pruned30/61-70968-0041_generated.wav,6.825034,0.237346,0.233575,0.034776,0.034223,1.926515,0.886066,0.370405
H3_128C_pruned30_Mask_pruning,61-70968-0042.wav,generated_audios/generated_H3_128C_pruned30/61-70968-0042_generated.wav,2.785034,0.113299,0.109685,0.040681,0.039384,1.679492,0.887619,0.382529
H3_128C_pruned30_Mask_pruning,61-70968-0043.wav,generated_audios/generated_H3_128C_pruned30/61-70968-0043_generated.wav,6.735011,2.081044,2.077452,0.308989,0.308456,1.928438,0.884848,0.361225
H3_128C_pruned30_Mask_pruning,61-70968-0044.wav,generated_audios/generated_H3_128C_pruned30/61-70968-0044_generated.wav,2.770023,0.113865,0.110475,0.041106,0.039882,1.792081,0.890986,0.358766
H3_128C_pruned30_Mask_pruning,61-70968-0045.wav,generated_audios/generated_H3_128C_pruned30/61-70968-0045_generated.wav,3.475011,0.131792,0.12841,0.037926,0.036952,1.951835,0.86952,0.353093
H3_128C_pruned30_Mask_pruning,61-70968-0046.wav,generated_audios/generated_H3_128C_pruned30/61-70968-0046_generated.wav,3.550023,0.134234,0.130659,0.037812,0.036805,1.675134,0.912619,0.374352
H3_128C_pruned30_Mask_pruning,61-70968-0047.wav,generated_audios/generated_H3_128C_pruned30/61-70968-0047_generated.wav,4.775011,1.404708,1.401251,0.294179,0.293455,1.561084,0.905526,0.376362
H3_128C_pruned30_Mask_pruning,61-70968-0048.wav,generated_audios/generated_H3_128C_pruned30/61-70968-0048_generated.wav,3.02,0.927536,0.924074,0.307131,0.305985,1.609224,0.863343,0.370984
H3_128C_pruned30_Mask_pruning,61-70968-0049.wav,generated_audios/generated_H3_128C_pruned30/61-70968-0049_generated.wav,8.250023,2.58916,2.585038,0.313837,0.313337,1.773279,0.88992,0.368487
H3_128C_pruned30_Mask_pruning,61-70968-0050.wav,generated_audios/generated_H3_128C_pruned30/61-70968-0050_generated.wav,5.58,1.653254,1.649089,0.296282,0.295536,1.776781,0.892394,0.369668
H3_128C_pruned30_Mask_pruning,61-70968-0051.wav,generated_audios/generated_H3_128C_pruned30/61-70968-0051_generated.wav,3.135011,0.925934,0.922558,0.295353,0.294276,1.917365,0.906011,0.358845
H3_128C_pruned30_Mask_pruning,61-70968-0052.wav,generated_audios/generated_H3_128C_pruned30/61-70968-0052_generated.wav,2.650023,0.75478,0.751348,0.28482,0.283525,1.797452,0.9232,0.381953
H3_128C_pruned30_Mask_pruning,61-70968-0053.wav,generated_audios/generated_H3_128C_pruned30/61-70968-0053_generated.wav,4.22,0.168375,0.165208,0.039899,0.039149,1.802796,0.895092,0.371137
H3_128C_pruned30_Mask_pruning,61-70968-0054.wav,generated_audios/generated_H3_128C_pruned30/61-70968-0054_generated.wav,7.86,2.41129,2.407117,0.30678,0.306249,1.775933,0.912142,0.373985
H3_128C_pruned30_Mask_pruning,61-70968-0055.wav,generated_audios/generated_H3_128C_pruned30/61-70968-0055_generated.wav,3.965034,0.145394,0.141469,0.036669,0.035679,2.063118,0.884455,0.366039
H3_128C_pruned30_Mask_pruning,61-70968-0056.wav,generated_audios/generated_H3_128C_pruned30/61-70968-0056_generated.wav,3.565034,1.075113,1.071494,0.301572,0.300556,1.730406,0.912176,0.367913
H3_128C_pruned30_Mask_pruning,61-70968-0057.wav,generated_audios/generated_H3_128C_pruned30/61-70968-0057_generated.wav,5.065034,0.175983,0.172212,0.034745,0.034,1.747793,0.88907,0.370908
H3_128C_pruned30_Mask_pruning,61-70968-0058.wav,generated_audios/generated_H3_128C_pruned30/61-70968-0058_generated.wav,1.82,0.472629,0.469315,0.259686,0.257866,1.715347,0.873326,0.37129
H3_128C_pruned30_Mask_pruning,61-70968-0059.wav,generated_audios/generated_H3_128C_pruned30/61-70968-0059_generated.wav,2.170023,0.088485,0.08514,0.040776,0.039235,1.855009,0.907963,0.393562
H3_128C_pruned30_Mask_pruning,61-70968-0060.wav,generated_audios/generated_H3_128C_pruned30/61-70968-0060_generated.wav,3.735011,0.156984,0.153296,0.04203,0.041043,2.323018,0.91065,0.363256
H3_128C_pruned30_Mask_pruning,61-70968-0061.wav,generated_audios/generated_H3_128C_pruned30/61-70968-0061_generated.wav,5.530023,1.635419,1.631713,0.295735,0.295064,1.579764,0.89356,0.378325
H3_128C_pruned30_Mask_pruning,61-70968-0062.wav,generated_audios/generated_H3_128C_pruned30/61-70968-0062_generated.wav,2.555011,0.101682,0.098077,0.039797,0.038386,1.79027,0.868869,0.358994
H3_128C_pruned30_Mask_pruning,61-70970-0000.wav,generated_audios/generated_H3_128C_pruned30/61-70970-0000_generated.wav,6.075011,1.863957,1.860202,0.306824,0.306206,1.545884,0.925974,0.379414
H3_128C_pruned30_Mask_pruning,61-70970-0001.wav,generated_audios/generated_H3_128C_pruned30/61-70970-0001_generated.wav,6.155011,1.902941,1.898924,0.309169,0.308517,1.791043,0.932079,0.375397
H3_128C_pruned30_Mask_pruning,61-70970-0002.wav,generated_audios/generated_H3_128C_pruned30/61-70970-0002_generated.wav,4.165034,1.289061,1.285265,0.309496,0.308584,1.961877,0.886713,0.370912
H3_128C_pruned30_Mask_pruning,61-70970-0003.wav,generated_audios/generated_H3_128C_pruned30/61-70970-0003_generated.wav,3.835011,1.146335,1.142654,0.298913,0.297953,1.964737,0.905162,0.34722
H3_128C_pruned30_Mask_pruning,61-70970-0004.wav,generated_audios/generated_H3_128C_pruned30/61-70970-0004_generated.wav,10.515011,3.26321,3.258945,0.310338,0.309933,1.876813,0.900588,0.3639
H3_128C_pruned30_Mask_pruning,61-70970-0005.wav,generated_audios/generated_H3_128C_pruned30/61-70970-0005_generated.wav,2.02,0.594035,0.59043,0.294077,0.292292,1.892877,0.88338,0.362313
H3_128C_pruned30_Mask_pruning,61-70970-0006.wav,generated_audios/generated_H3_128C_pruned30/61-70970-0006_generated.wav,2.335011,0.722586,0.719159,0.309457,0.30799,1.571871,0.917125,0.356935
H3_128C_pruned30_Mask_pruning,61-70970-0007.wav,generated_audios/generated_H3_128C_pruned30/61-70970-0007_generated.wav,4.485034,1.433856,1.430133,0.319698,0.318868,1.726386,0.904683,0.379853
H3_128C_pruned30_Mask_pruning,61-70970-0008.wav,generated_audios/generated_H3_128C_pruned30/61-70970-0008_generated.wav,2.150023,0.678324,0.67495,0.315496,0.313927,2.047281,0.884516,0.36112
H3_128C_pruned30_Mask_pruning,61-70970-0009.wav,generated_audios/generated_H3_128C_pruned30/61-70970-0009_generated.wav,3.405034,1.12523,1.121616,0.330461,0.329399,1.880646,0.921555,0.353965
H3_128C_pruned30_Mask_pruning,61-70970-0010.wav,generated_audios/generated_H3_128C_pruned30/61-70970-0010_generated.wav,3.045034,0.115577,0.112365,0.037956,0.036901,2.047452,0.895961,0.363513
H3_128C_pruned30_Mask_pruning,61-70970-0011.wav,generated_audios/generated_H3_128C_pruned30/61-70970-0011_generated.wav,6.075011,0.174519,0.170763,0.028727,0.028109,1.687819,0.878124,0.367399
H3_128C_pruned30_Mask_pruning,61-70970-0012.wav,generated_audios/generated_H3_128C_pruned30/61-70970-0012_generated.wav,3.135011,0.120969,0.117593,0.038587,0.03751,1.878865,0.910338,0.373629
H3_128C_pruned30_Mask_pruning,61-70970-0013.wav,generated_audios/generated_H3_128C_pruned30/61-70970-0013_generated.wav,4.350023,1.377335,1.373791,0.316627,0.315812,1.642828,0.90907,0.377867
H3_128C_pruned30_Mask_pruning,61-70970-0014.wav,generated_audios/generated_H3_128C_pruned30/61-70970-0014_generated.wav,3.405034,0.109521,0.105631,0.032164,0.031022,1.705142,0.930952,0.372788
H3_128C_pruned30_Mask_pruning,61-70970-0015.wav,generated_audios/generated_H3_128C_pruned30/61-70970-0015_generated.wav,8.415011,2.672161,2.668104,0.317547,0.317065,1.694692,0.916795,0.373958
H3_128C_pruned30_Mask_pruning,61-70970-0016.wav,generated_audios/generated_H3_128C_pruned30/61-70970-0016_generated.wav,4.370023,1.380221,1.376562,0.315838,0.315001,1.778646,0.917867,0.379468
H3_128C_pruned30_Mask_pruning,61-70970-0017.wav,generated_audios/generated_H3_128C_pruned30/61-70970-0017_generated.wav,2.550023,0.10026,0.09708,0.039317,0.03807,1.898334,0.886723,0.375243
H3_128C_pruned30_Mask_pruning,61-70970-0018.wav,generated_audios/generated_H3_128C_pruned30/61-70970-0018_generated.wav,4.6,1.358847,1.355018,0.295401,0.294569,1.70526,0.891538,0.378959
H3_128C_pruned30_Mask_pruning,61-70970-0019.wav,generated_audios/generated_H3_128C_pruned30/61-70970-0019_generated.wav,3.78,1.168846,1.165334,0.309218,0.308289,1.83553,0.907343,0.372981
H3_128C_pruned30_Mask_pruning,61-70970-0020.wav,generated_audios/generated_H3_128C_pruned30/61-70970-0020_generated.wav,5.025034,0.182333,0.17858,0.036285,0.035538,1.705008,0.89442,0.373089
H3_128C_pruned30_Mask_pruning,61-70970-0021.wav,generated_audios/generated_H3_128C_pruned30/61-70970-0021_generated.wav,5.405034,1.584817,1.581139,0.293211,0.292531,1.620588,0.89633,0.382754
H3_128C_pruned30_Mask_pruning,61-70970-0022.wav,generated_audios/generated_H3_128C_pruned30/61-70970-0022_generated.wav,3.970023,0.145264,0.141736,0.03659,0.035702,1.798941,0.895697,0.383408
H3_128C_pruned30_Mask_pruning,61-70970-0023.wav,generated_audios/generated_H3_128C_pruned30/61-70970-0023_generated.wav,3.705034,0.136002,0.132461,0.036707,0.035752,1.646705,0.923486,0.38102
H3_128C_pruned30_Mask_pruning,61-70970-0024.wav,generated_audios/generated_H3_128C_pruned30/61-70970-0024_generated.wav,7.235011,2.22282,2.218778,0.307231,0.306672,1.733472,0.923411,0.387589
H3_128C_pruned30_Mask_pruning,61-70970-0025.wav,generated_audios/generated_H3_128C_pruned30/61-70970-0025_generated.wav,7.435011,2.302103,2.297868,0.30963,0.30906,1.989978,0.929638,0.3693
H3_128C_pruned30_Mask_pruning,61-70970-0026.wav,generated_audios/generated_H3_128C_pruned30/61-70970-0026_generated.wav,5.475011,0.209195,0.205498,0.038209,0.037534,1.809113,0.916319,0.36778
H3_128C_pruned30_Mask_pruning,61-70970-0027.wav,generated_audios/generated_H3_128C_pruned30/61-70970-0027_generated.wav,5.08,0.176735,0.172953,0.03479,0.034046,1.79074,0.915194,0.370658
H3_128C_pruned30_Mask_pruning,61-70970-0028.wav,generated_audios/generated_H3_128C_pruned30/61-70970-0028_generated.wav,6.550023,0.231565,0.227628,0.035353,0.034752,1.747659,0.92696,0.366233
H3_128C_pruned30_Mask_pruning,61-70970-0029.wav,generated_audios/generated_H3_128C_pruned30/61-70970-0029_generated.wav,4.030023,0.147086,0.143275,0.036497,0.035552,1.997951,0.90285,0.374111
H3_128C_pruned30_Mask_pruning,61-70970-0030.wav,generated_audios/generated_H3_128C_pruned30/61-70970-0030_generated.wav,3.24,0.122505,0.119231,0.03781,0.0368,1.508326,0.894541,0.396126
H3_128C_pruned30_Mask_pruning,61-70970-0031.wav,generated_audios/generated_H3_128C_pruned30/61-70970-0031_generated.wav,5.135011,1.575036,1.5713,0.306725,0.305997,1.55503,0.906231,0.375431
H3_128C_pruned30_Mask_pruning,61-70970-0032.wav,generated_audios/generated_H3_128C_pruned30/61-70970-0032_generated.wav,3.135011,0.116556,0.113163,0.037179,0.036096,1.547456,0.917969,0.369773
H3_128C_pruned30_Mask_pruning,61-70970-0033.wav,generated_audios/generated_H3_128C_pruned30/61-70970-0033_generated.wav,3.42,0.990893,0.987546,0.289735,0.288756,1.650321,0.915403,0.37517
H3_128C_pruned30_Mask_pruning,61-70970-0034.wav,generated_audios/generated_H3_128C_pruned30/61-70970-0034_generated.wav,4.485034,0.14913,0.145547,0.033251,0.032452,1.49404,0.888872,0.384445
H3_128C_pruned30_Mask_pruning,61-70970-0035.wav,generated_audios/generated_H3_128C_pruned30/61-70970-0035_generated.wav,7.405034,0.255884,0.251964,0.034555,0.034026,1.604204,0.91476,0.368871
H3_128C_pruned30_Mask_pruning,61-70970-0036.wav,generated_audios/generated_H3_128C_pruned30/61-70970-0036_generated.wav,6.785034,0.238613,0.234699,0.035168,0.034591,1.808313,0.90693,0.372746
H3_128C_pruned30_Mask_pruning,61-70970-0037.wav,generated_audios/generated_H3_128C_pruned30/61-70970-0037_generated.wav,5.98,1.801242,1.797106,0.301211,0.300519,1.788273,0.908963,0.375789
H3_128C_pruned30_Mask_pruning,61-70970-0038.wav,generated_audios/generated_H3_128C_pruned30/61-70970-0038_generated.wav,10.4,3.170939,3.166553,0.304898,0.304476,1.782848,0.908347,0.372497
H3_128C_pruned30_Mask_pruning,61-70970-0039.wav,generated_audios/generated_H3_128C_pruned30/61-70970-0039_generated.wav,6.665034,0.227524,0.223352,0.034137,0.033511,1.513692,0.891729,0.385931
H3_128C_pruned30_Mask_pruning,61-70970-0040.wav,generated_audios/generated_H3_128C_pruned30/61-70970-0040_generated.wav,4.165034,0.150445,0.146861,0.036121,0.035261,1.713482,0.910729,0.379835
H3_128C_pruned30_Mask_pruning,672-122797-0000.wav,generated_audios/generated_H3_128C_pruned30/672-122797-0000_generated.wav,4.070023,1.230637,1.227064,0.302366,0.301488,1.959558,0.925351,0.371284
H3_128C_pruned30_Mask_pruning,672-122797-0001.wav,generated_audios/generated_H3_128C_pruned30/672-122797-0001_generated.wav,15.130023,4.827536,4.823168,0.31907,0.318781,2.148593,0.91415,0.371064
H3_128C_pruned30_Mask_pruning,672-122797-0002.wav,generated_audios/generated_H3_128C_pruned30/672-122797-0002_generated.wav,13.62,3.977421,3.972612,0.292028,0.291675,2.096459,0.915559,0.36945
H3_128C_pruned30_Mask_pruning,672-122797-0003.wav,generated_audios/generated_H3_128C_pruned30/672-122797-0003_generated.wav,4.76,1.454768,1.451413,0.305624,0.304919,1.81181,0.896256,0.367144
H3_128C_pruned30_Mask_pruning,672-122797-0004.wav,generated_audios/generated_H3_128C_pruned30/672-122797-0004_generated.wav,10.250023,3.088013,3.083645,0.301269,0.300843,2.068422,0.89139,0.378432
H3_128C_pruned30_Mask_pruning,672-122797-0005.wav,generated_audios/generated_H3_128C_pruned30/672-122797-0005_generated.wav,3.26,0.989513,0.985845,0.303532,0.302407,1.802687,0.835599,0.380403
H3_128C_pruned30_Mask_pruning,672-122797-0006.wav,generated_audios/generated_H3_128C_pruned30/672-122797-0006_generated.wav,13.950023,4.514323,4.509323,0.323607,0.323248,1.628656,0.814942,0.413594
H3_128C_pruned30_Mask_pruning,672-122797-0007.wav,generated_audios/generated_H3_128C_pruned30/672-122797-0007_generated.wav,6.42,1.963071,1.959009,0.305774,0.305142,1.894033,0.842196,0.384593
H3_128C_pruned30_Mask_pruning,672-122797-0008.wav,generated_audios/generated_H3_128C_pruned30/672-122797-0008_generated.wav,30.810023,9.790686,9.78402,0.317776,0.31756,2.055944,0.858361,0.372712
H3_128C_pruned30_Mask_pruning,672-122797-0009.wav,generated_audios/generated_H3_128C_pruned30/672-122797-0009_generated.wav,2.765034,0.112077,0.108749,0.040534,0.03933,1.588408,0.781758,0.445584
H3_128C_pruned30_Mask_pruning,672-122797-0010.wav,generated_audios/generated_H3_128C_pruned30/672-122797-0010_generated.wav,3.815011,0.139503,0.13539,0.036567,0.035489,1.976986,0.884739,0.385217
H3_128C_pruned30_Mask_pruning,672-122797-0011.wav,generated_audios/generated_H3_128C_pruned30/672-122797-0011_generated.wav,2.54,0.81717,0.81389,0.321721,0.320429,1.533166,0.832992,0.46557
H3_128C_pruned30_Mask_pruning,672-122797-0012.wav,generated_audios/generated_H3_128C_pruned30/672-122797-0012_generated.wav,7.765034,2.496484,2.49242,0.321503,0.32098,1.81249,0.875945,0.38545
H3_128C_pruned30_Mask_pruning,672-122797-0013.wav,generated_audios/generated_H3_128C_pruned30/672-122797-0013_generated.wav,8.705034,2.795247,2.791439,0.321107,0.32067,1.919499,0.836536,0.392201
H3_128C_pruned30_Mask_pruning,672-122797-0014.wav,generated_audios/generated_H3_128C_pruned30/672-122797-0014_generated.wav,2.555011,0.103185,0.099521,0.040385,0.038951,1.790789,0.876123,0.423621
H3_128C_pruned30_Mask_pruning,672-122797-0015.wav,generated_audios/generated_H3_128C_pruned30/672-122797-0015_generated.wav,4.455011,0.154953,0.15144,0.034782,0.033993,1.812452,0.85513,0.439525
H3_128C_pruned30_Mask_pruning,672-122797-0016.wav,generated_audios/generated_H3_128C_pruned30/672-122797-0016_generated.wav,9.215011,2.865355,2.861212,0.310944,0.310495,1.732933,0.85306,0.407405
H3_128C_pruned30_Mask_pruning,672-122797-0017.wav,generated_audios/generated_H3_128C_pruned30/672-122797-0017_generated.wav,4.82,1.481417,1.4775,0.307348,0.306535,1.721282,0.857944,0.421377
H3_128C_pruned30_Mask_pruning,672-122797-0018.wav,generated_audios/generated_H3_128C_pruned30/672-122797-0018_generated.wav,4.930023,1.540072,1.536626,0.312386,0.311688,2.081268,0.890627,0.376029
H3_128C_pruned30_Mask_pruning,672-122797-0019.wav,generated_audios/generated_H3_128C_pruned30/672-122797-0019_generated.wav,4.110023,1.226294,1.222614,0.298367,0.297471,2.139944,0.868734,0.392231
H3_128C_pruned30_Mask_pruning,672-122797-0020.wav,generated_audios/generated_H3_128C_pruned30/672-122797-0020_generated.wav,8.825034,2.766306,2.762495,0.313461,0.313029,1.829778,0.842949,0.375863
H3_128C_pruned30_Mask_pruning,672-122797-0021.wav,generated_audios/generated_H3_128C_pruned30/672-122797-0021_generated.wav,4.150023,0.149586,0.145792,0.036045,0.03513,1.871406,0.917616,0.373718
H3_128C_pruned30_Mask_pruning,672-122797-0022.wav,generated_audios/generated_H3_128C_pruned30/672-122797-0022_generated.wav,19.004943,5.977598,5.973052,0.314529,0.314289,2.096834,0.857216,0.366471
H3_128C_pruned30_Mask_pruning,672-122797-0023.wav,generated_audios/generated_H3_128C_pruned30/672-122797-0023_generated.wav,9.695102,3.008201,3.003702,0.31028,0.309816,1.801761,0.868777,0.376256
H3_128C_pruned30_Mask_pruning,672-122797-0024.wav,generated_audios/generated_H3_128C_pruned30/672-122797-0024_generated.wav,4.130023,1.251188,1.247459,0.302949,0.302047,1.72972,0.828524,0.369482
H3_128C_pruned30_Mask_pruning,672-122797-0025.wav,generated_audios/generated_H3_128C_pruned30/672-122797-0025_generated.wav,10.690023,3.373611,3.369381,0.315585,0.315189,2.054555,0.898522,0.375109
H3_128C_pruned30_Mask_pruning,672-122797-0026.wav,generated_audios/generated_H3_128C_pruned30/672-122797-0026_generated.wav,13.96,4.393524,4.388959,0.314722,0.314395,1.896316,0.873417,0.371395
H3_128C_pruned30_Mask_pruning,672-122797-0027.wav,generated_audios/generated_H3_128C_pruned30/672-122797-0027_generated.wav,4.790023,0.170031,0.166192,0.035497,0.034695,1.87962,0.840684,0.359048
H3_128C_pruned30_Mask_pruning,672-122797-0028.wav,generated_audios/generated_H3_128C_pruned30/672-122797-0028_generated.wav,2.610023,0.104793,0.101559,0.04015,0.038911,1.956979,0.903595,0.37902
H3_128C_pruned30_Mask_pruning,672-122797-0029.wav,generated_audios/generated_H3_128C_pruned30/672-122797-0029_generated.wav,3.050023,0.117234,0.113747,0.038437,0.037294,2.582319,0.928934,0.375531
H3_128C_pruned30_Mask_pruning,672-122797-0030.wav,generated_audios/generated_H3_128C_pruned30/672-122797-0030_generated.wav,4.575011,1.396573,1.392806,0.305261,0.304438,1.834884,0.887431,0.40015
H3_128C_pruned30_Mask_pruning,672-122797-0031.wav,generated_audios/generated_H3_128C_pruned30/672-122797-0031_generated.wav,3.98,0.144534,0.141168,0.036315,0.035469,1.691157,0.861788,0.390467
H3_128C_pruned30_Mask_pruning,672-122797-0032.wav,generated_audios/generated_H3_128C_pruned30/672-122797-0032_generated.wav,4.0,0.144992,0.141392,0.036248,0.035348,1.660463,0.856527,0.370275
H3_128C_pruned30_Mask_pruning,672-122797-0033.wav,generated_audios/generated_H3_128C_pruned30/672-122797-0033_generated.wav,1.285034,0.349854,0.346819,0.272253,0.269891,1.596602,0.793505,0.417139
H3_128C_pruned30_Mask_pruning,672-122797-0034.wav,generated_audios/generated_H3_128C_pruned30/672-122797-0034_generated.wav,5.110023,0.177822,0.174042,0.034799,0.034059,1.753861,0.903008,0.387046
H3_128C_pruned30_Mask_pruning,672-122797-0035.wav,generated_audios/generated_H3_128C_pruned30/672-122797-0035_generated.wav,2.9,0.10846,0.104988,0.0374,0.036203,2.304708,0.908602,0.389882
H3_128C_pruned30_Mask_pruning,672-122797-0036.wav,generated_audios/generated_H3_128C_pruned30/672-122797-0036_generated.wav,5.365034,0.190914,0.187451,0.035585,0.034939,1.556366,0.783539,0.429983
H3_128C_pruned30_Mask_pruning,672-122797-0037.wav,generated_audios/generated_H3_128C_pruned30/672-122797-0037_generated.wav,1.96,0.56816,0.564937,0.289878,0.288233,1.465819,0.791342,0.472979
H3_128C_pruned30_Mask_pruning,672-122797-0038.wav,generated_audios/generated_H3_128C_pruned30/672-122797-0038_generated.wav,8.8,2.782066,2.777913,0.316144,0.315672,1.903197,0.857747,0.383984
H3_128C_pruned30_Mask_pruning,672-122797-0039.wav,generated_audios/generated_H3_128C_pruned30/672-122797-0039_generated.wav,4.025034,1.245431,1.241752,0.309421,0.308507,2.112157,0.881641,0.394109
H3_128C_pruned30_Mask_pruning,672-122797-0040.wav,generated_audios/generated_H3_128C_pruned30/672-122797-0040_generated.wav,5.125034,0.180815,0.176946,0.035281,0.034526,1.753378,0.874751,0.373258
H3_128C_pruned30_Mask_pruning,672-122797-0041.wav,generated_audios/generated_H3_128C_pruned30/672-122797-0041_generated.wav,3.88,0.138725,0.135293,0.035754,0.034869,2.213872,0.888474,0.368998
H3_128C_pruned30_Mask_pruning,672-122797-0042.wav,generated_audios/generated_H3_128C_pruned30/672-122797-0042_generated.wav,15.310023,4.836095,4.831322,0.315878,0.315566,1.96849,0.765844,0.36514
H3_128C_pruned30_Mask_pruning,672-122797-0043.wav,generated_audios/generated_H3_128C_pruned30/672-122797-0043_generated.wav,3.78,0.140043,0.136373,0.037048,0.036077,1.438863,0.801255,0.413549
H3_128C_pruned30_Mask_pruning,672-122797-0044.wav,generated_audios/generated_H3_128C_pruned30/672-122797-0044_generated.wav,3.74,0.135948,0.132691,0.03635,0.035479,2.010555,0.845762,0.385266
H3_128C_pruned30_Mask_pruning,672-122797-0045.wav,generated_audios/generated_H3_128C_pruned30/672-122797-0045_generated.wav,13.96,0.476149,0.471769,0.034108,0.033794,2.074358,0.911073,0.3695
H3_128C_pruned30_Mask_pruning,672-122797-0046.wav,generated_audios/generated_H3_128C_pruned30/672-122797-0046_generated.wav,4.715011,1.451788,1.447679,0.307908,0.307036,1.938217,0.881033,0.394406
H3_128C_pruned30_Mask_pruning,672-122797-0047.wav,generated_audios/generated_H3_128C_pruned30/672-122797-0047_generated.wav,3.325034,1.017152,1.013399,0.305907,0.304778,2.195373,0.850043,0.418569
H3_128C_pruned30_Mask_pruning,672-122797-0048.wav,generated_audios/generated_H3_128C_pruned30/672-122797-0048_generated.wav,6.555011,0.240133,0.236541,0.036633,0.036086,1.978268,0.808943,0.378274
H3_128C_pruned30_Mask_pruning,672-122797-0049.wav,generated_audios/generated_H3_128C_pruned30/672-122797-0049_generated.wav,2.02,0.083549,0.080269,0.041361,0.039737,1.508314,0.794331,0.387668
H3_128C_pruned30_Mask_pruning,672-122797-0050.wav,generated_audios/generated_H3_128C_pruned30/672-122797-0050_generated.wav,4.855011,1.501139,1.49757,0.309194,0.308459,2.047114,0.889347,0.364862
H3_128C_pruned30_Mask_pruning,672-122797-0051.wav,generated_audios/generated_H3_128C_pruned30/672-122797-0051_generated.wav,4.665034,1.483334,1.479538,0.317969,0.317155,1.91399,0.864188,0.388772
H3_128C_pruned30_Mask_pruning,672-122797-0052.wav,generated_audios/generated_H3_128C_pruned30/672-122797-0052_generated.wav,4.285034,1.289403,1.285837,0.300908,0.300076,1.78919,0.876509,0.400603
H3_128C_pruned30_Mask_pruning,672-122797-0053.wav,generated_audios/generated_H3_128C_pruned30/672-122797-0053_generated.wav,2.955011,0.113066,0.109303,0.038263,0.036989,1.610111,0.860879,0.370678
H3_128C_pruned30_Mask_pruning,672-122797-0054.wav,generated_audios/generated_H3_128C_pruned30/672-122797-0054_generated.wav,4.250023,0.165445,0.161842,0.038928,0.03808,2.215678,0.844488,0.371453
H3_128C_pruned30_Mask_pruning,672-122797-0055.wav,generated_audios/generated_H3_128C_pruned30/672-122797-0055_generated.wav,8.230023,2.453114,2.449069,0.298069,0.297577,1.87515,0.84657,0.370778
H3_128C_pruned30_Mask_pruning,672-122797-0056.wav,generated_audios/generated_H3_128C_pruned30/672-122797-0056_generated.wav,5.225034,0.18791,0.184409,0.035963,0.035293,1.984991,0.891045,0.366221
H3_128C_pruned30_Mask_pruning,672-122797-0057.wav,generated_audios/generated_H3_128C_pruned30/672-122797-0057_generated.wav,6.56,0.231905,0.228169,0.035351,0.034782,2.12178,0.824005,0.390973
H3_128C_pruned30_Mask_pruning,672-122797-0058.wav,generated_audios/generated_H3_128C_pruned30/672-122797-0058_generated.wav,4.470023,1.406628,1.402976,0.31468,0.313863,1.255638,0.800425,0.412804
H3_128C_pruned30_Mask_pruning,672-122797-0059.wav,generated_audios/generated_H3_128C_pruned30/672-122797-0059_generated.wav,3.52,1.077093,1.073633,0.305992,0.30501,2.011855,0.88377,0.362406
H3_128C_pruned30_Mask_pruning,672-122797-0060.wav,generated_audios/generated_H3_128C_pruned30/672-122797-0060_generated.wav,3.350023,0.128106,0.124702,0.03824,0.037224,2.466673,0.932322,0.369914
H3_128C_pruned30_Mask_pruning,672-122797-0061.wav,generated_audios/generated_H3_128C_pruned30/672-122797-0061_generated.wav,7.590023,2.438325,2.434723,0.321254,0.320779,1.825845,0.877237,0.407713
H3_128C_pruned30_Mask_pruning,672-122797-0062.wav,generated_audios/generated_H3_128C_pruned30/672-122797-0062_generated.wav,2.675011,0.855839,0.852152,0.319939,0.31856,2.045057,0.778501,0.376202
H3_128C_pruned30_Mask_pruning,672-122797-0063.wav,generated_audios/generated_H3_128C_pruned30/672-122797-0063_generated.wav,5.075011,0.175979,0.172073,0.034676,0.033906,1.943641,0.892399,0.380171
H3_128C_pruned30_Mask_pruning,672-122797-0064.wav,generated_audios/generated_H3_128C_pruned30/672-122797-0064_generated.wav,15.270023,4.805078,4.800549,0.314674,0.314377,2.013705,0.860129,0.377924
H3_128C_pruned30_Mask_pruning,672-122797-0065.wav,generated_audios/generated_H3_128C_pruned30/672-122797-0065_generated.wav,3.030023,0.116099,0.112545,0.038316,0.037143,1.736854,0.851587,0.385552
H3_128C_pruned30_Mask_pruning,672-122797-0066.wav,generated_audios/generated_H3_128C_pruned30/672-122797-0066_generated.wav,4.815011,0.170359,0.166682,0.035381,0.034617,1.8836,0.9193,0.373658
H3_128C_pruned30_Mask_pruning,672-122797-0067.wav,generated_audios/generated_H3_128C_pruned30/672-122797-0067_generated.wav,13.035011,3.9203,3.915412,0.300752,0.300377,2.091738,0.90209,0.371752
H3_128C_pruned30_Mask_pruning,672-122797-0068.wav,generated_audios/generated_H3_128C_pruned30/672-122797-0068_generated.wav,4.02,0.143585,0.139764,0.035718,0.034767,1.810588,0.870228,0.369465
H3_128C_pruned30_Mask_pruning,672-122797-0069.wav,generated_audios/generated_H3_128C_pruned30/672-122797-0069_generated.wav,5.010023,1.595291,1.591913,0.31842,0.317746,1.805722,0.82855,0.370752
H3_128C_pruned30_Mask_pruning,672-122797-0070.wav,generated_audios/generated_H3_128C_pruned30/672-122797-0070_generated.wav,6.270023,1.859005,1.854824,0.296491,0.295824,1.785817,0.913935,0.37345
H3_128C_pruned30_Mask_pruning,672-122797-0071.wav,generated_audios/generated_H3_128C_pruned30/672-122797-0071_generated.wav,8.875011,2.806491,2.801848,0.316224,0.315701,2.067424,0.918005,0.363854
H3_128C_pruned30_Mask_pruning,672-122797-0072.wav,generated_audios/generated_H3_128C_pruned30/672-122797-0072_generated.wav,7.94,2.564914,2.560897,0.323037,0.322531,2.013043,0.861979,0.373559
H3_128C_pruned30_Mask_pruning,672-122797-0073.wav,generated_audios/generated_H3_128C_pruned30/672-122797-0073_generated.wav,8.205034,2.621946,2.617911,0.319553,0.319062,2.115467,0.899654,0.37082
H3_128C_pruned30_Mask_pruning,672-122797-0074.wav,generated_audios/generated_H3_128C_pruned30/672-122797-0074_generated.wav,8.730023,2.782578,2.778426,0.318737,0.318261,2.155834,0.758455,0.363326
H3_128C_pruned30_Mask_pruning,908-157963-0000.wav,generated_audios/generated_H3_128C_pruned30/908-157963-0000_generated.wav,12.62,3.792749,3.788415,0.300535,0.300191,1.845078,0.902682,0.382905
H3_128C_pruned30_Mask_pruning,908-157963-0001.wav,generated_audios/generated_H3_128C_pruned30/908-157963-0001_generated.wav,2.885034,0.894624,0.891022,0.310091,0.308843,2.103067,0.941014,0.390061
H3_128C_pruned30_Mask_pruning,908-157963-0002.wav,generated_audios/generated_H3_128C_pruned30/908-157963-0002_generated.wav,2.755011,0.861863,0.858375,0.312834,0.311569,2.036196,0.921693,0.383849
H3_128C_pruned30_Mask_pruning,908-157963-0003.wav,generated_audios/generated_H3_128C_pruned30/908-157963-0003_generated.wav,3.08,0.956879,0.953383,0.310675,0.30954,1.753337,0.924594,0.38867
H3_128C_pruned30_Mask_pruning,908-157963-0004.wav,generated_audios/generated_H3_128C_pruned30/908-157963-0004_generated.wav,13.990023,4.394372,4.389782,0.314108,0.31378,1.820448,0.897453,0.382306
H3_128C_pruned30_Mask_pruning,908-157963-0005.wav,generated_audios/generated_H3_128C_pruned30/908-157963-0005_generated.wav,7.035011,2.174928,2.171331,0.309158,0.308646,1.854326,0.901134,0.382359
H3_128C_pruned30_Mask_pruning,908-157963-0006.wav,generated_audios/generated_H3_128C_pruned30/908-157963-0006_generated.wav,8.110023,2.535881,2.531909,0.312685,0.312195,1.706973,0.897786,0.387752
H3_128C_pruned30_Mask_pruning,908-157963-0007.wav,generated_audios/generated_H3_128C_pruned30/908-157963-0007_generated.wav,32.770023,10.460228,10.453605,0.319201,0.318999,1.685568,0.89989,0.383631
H3_128C_pruned30_Mask_pruning,908-157963-0008.wav,generated_audios/generated_H3_128C_pruned30/908-157963-0008_generated.wav,19.950023,6.332336,6.326577,0.31741,0.317121,1.692488,0.906909,0.382899
H3_128C_pruned30_Mask_pruning,908-157963-0009.wav,generated_audios/generated_H3_128C_pruned30/908-157963-0009_generated.wav,4.06,1.287263,1.28307,0.31706,0.316027,1.850119,0.920001,0.385183
H3_128C_pruned30_Mask_pruning,908-157963-0010.wav,generated_audios/generated_H3_128C_pruned30/908-157963-0010_generated.wav,6.28,0.214046,0.210305,0.034084,0.033488,1.835697,0.858487,0.375888
H3_128C_pruned30_Mask_pruning,908-157963-0011.wav,generated_audios/generated_H3_128C_pruned30/908-157963-0011_generated.wav,10.395011,0.364807,0.360645,0.035094,0.034694,1.638196,0.892909,0.383687
H3_128C_pruned30_Mask_pruning,908-157963-0012.wav,generated_audios/generated_H3_128C_pruned30/908-157963-0012_generated.wav,10.090023,3.16575,3.16118,0.313751,0.313298,1.608196,0.876406,0.371542
H3_128C_pruned30_Mask_pruning,908-157963-0013.wav,generated_audios/generated_H3_128C_pruned30/908-157963-0013_generated.wav,4.315011,0.158842,0.154993,0.036811,0.035919,1.606319,0.916309,0.392762
H3_128C_pruned30_Mask_pruning,908-157963-0014.wav,generated_audios/generated_H3_128C_pruned30/908-157963-0014_generated.wav,4.52,0.16124,0.157816,0.035672,0.034915,1.87329,0.902919,0.389346
H3_128C_pruned30_Mask_pruning,908-157963-0015.wav,generated_audios/generated_H3_128C_pruned30/908-157963-0015_generated.wav,14.465034,4.306901,4.301924,0.297746,0.297402,1.901847,0.919346,0.382048
H3_128C_pruned30_Mask_pruning,908-157963-0016.wav,generated_audios/generated_H3_128C_pruned30/908-157963-0016_generated.wav,5.105034,0.178803,0.174895,0.035025,0.034259,1.941131,0.92396,0.376333
H3_128C_pruned30_Mask_pruning,908-157963-0017.wav,generated_audios/generated_H3_128C_pruned30/908-157963-0017_generated.wav,4.950023,1.465346,1.461751,0.296028,0.295302,1.929474,0.91523,0.389307
H3_128C_pruned30_Mask_pruning,908-157963-0018.wav,generated_audios/generated_H3_128C_pruned30/908-157963-0018_generated.wav,4.255011,0.169357,0.16588,0.039802,0.038985,1.78855,0.910239,0.376967
H3_128C_pruned30_Mask_pruning,908-157963-0019.wav,generated_audios/generated_H3_128C_pruned30/908-157963-0019_generated.wav,21.44,6.843958,6.838833,0.319214,0.318975,1.640343,0.902173,0.385762
H3_128C_pruned30_Mask_pruning,908-157963-0020.wav,generated_audios/generated_H3_128C_pruned30/908-157963-0020_generated.wav,9.8,3.093132,3.088767,0.315626,0.31518,1.760143,0.906526,0.379778
H3_128C_pruned30_Mask_pruning,908-157963-0021.wav,generated_audios/generated_H3_128C_pruned30/908-157963-0021_generated.wav,10.24,0.368012,0.363733,0.035939,0.035521,1.661165,0.907434,0.381791
H3_128C_pruned30_Mask_pruning,908-157963-0022.wav,generated_audios/generated_H3_128C_pruned30/908-157963-0022_generated.wav,4.610023,1.470166,1.466728,0.318906,0.318161,1.628806,0.912456,0.371239
H3_128C_pruned30_Mask_pruning,908-157963-0023.wav,generated_audios/generated_H3_128C_pruned30/908-157963-0023_generated.wav,9.625034,3.119181,3.115325,0.32407,0.323669,1.749313,0.887688,0.375345
H3_128C_pruned30_Mask_pruning,908-157963-0024.wav,generated_audios/generated_H3_128C_pruned30/908-157963-0024_generated.wav,3.44,1.108046,1.104331,0.322106,0.321026,1.468158,0.898285,0.382666
H3_128C_pruned30_Mask_pruning,908-157963-0025.wav,generated_audios/generated_H3_128C_pruned30/908-157963-0025_generated.wav,9.265034,2.797205,2.792665,0.30191,0.30142,1.772925,0.901336,0.377799
H3_128C_pruned30_Mask_pruning,908-157963-0026.wav,generated_audios/generated_H3_128C_pruned30/908-157963-0026_generated.wav,8.1,2.528613,2.524875,0.312174,0.311713,1.695145,0.901776,0.371017
H3_128C_pruned30_Mask_pruning,908-157963-0027.wav,generated_audios/generated_H3_128C_pruned30/908-157963-0027_generated.wav,5.225034,0.192192,0.188307,0.036783,0.036039,1.64454,0.851053,0.381186
H3_128C_pruned30_Mask_pruning,908-157963-0028.wav,generated_audios/generated_H3_128C_pruned30/908-157963-0028_generated.wav,4.955011,0.145058,0.141597,0.029275,0.028577,1.646782,0.929153,0.380943
H3_128C_pruned30_Mask_pruning,908-157963-0029.wav,generated_audios/generated_H3_128C_pruned30/908-157963-0029_generated.wav,3.630023,1.081216,1.07737,0.297854,0.296794,1.858477,0.940419,0.376655
H3_128C_pruned30_Mask_pruning,908-157963-0030.wav,generated_audios/generated_H3_128C_pruned30/908-157963-0030_generated.wav,4.52,0.157913,0.154134,0.034936,0.0341,1.703803,0.929006,0.387226
H3_128C_pruned30_Mask_pruning,908-31957-0000.wav,generated_audios/generated_H3_128C_pruned30/908-31957-0000_generated.wav,2.125034,0.641163,0.637631,0.301719,0.300057,1.952543,0.893333,0.394847
H3_128C_pruned30_Mask_pruning,908-31957-0001.wav,generated_audios/generated_H3_128C_pruned30/908-31957-0001_generated.wav,11.315011,3.60751,3.602198,0.318825,0.318356,1.646356,0.902009,0.387355
H3_128C_pruned30_Mask_pruning,908-31957-0002.wav,generated_audios/generated_H3_128C_pruned30/908-31957-0002_generated.wav,4.790023,0.16868,0.165328,0.035215,0.034515,1.667248,0.904295,0.375504
H3_128C_pruned30_Mask_pruning,908-31957-0003.wav,generated_audios/generated_H3_128C_pruned30/908-31957-0003_generated.wav,6.565034,0.231643,0.227918,0.035284,0.034717,1.753019,0.917872,0.396876
H3_128C_pruned30_Mask_pruning,908-31957-0004.wav,generated_audios/generated_H3_128C_pruned30/908-31957-0004_generated.wav,14.755011,4.693273,4.6889,0.31808,0.317784,1.781404,0.916887,0.390226
H3_128C_pruned30_Mask_pruning,908-31957-0005.wav,generated_audios/generated_H3_128C_pruned30/908-31957-0005_generated.wav,4.490023,0.157925,0.154277,0.035172,0.03436,1.845999,0.907607,0.383882
H3_128C_pruned30_Mask_pruning,908-31957-0006.wav,generated_audios/generated_H3_128C_pruned30/908-31957-0006_generated.wav,5.890023,1.73545,1.731568,0.294642,0.293983,1.851777,0.922522,0.383152
H3_128C_pruned30_Mask_pruning,908-31957-0007.wav,generated_audios/generated_H3_128C_pruned30/908-31957-0007_generated.wav,5.8,0.198577,0.194911,0.034237,0.033605,2.022706,0.920217,0.383305
H3_128C_pruned30_Mask_pruning,908-31957-0008.wav,generated_audios/generated_H3_128C_pruned30/908-31957-0008_generated.wav,10.005034,2.945502,2.941164,0.294402,0.293968,1.730894,0.910528,0.386949
H3_128C_pruned30_Mask_pruning,908-31957-0009.wav,generated_audios/generated_H3_128C_pruned30/908-31957-0009_generated.wav,7.705034,2.262555,2.258414,0.293646,0.293109,1.600927,0.900113,0.393431
H3_128C_pruned30_Mask_pruning,908-31957-0010.wav,generated_audios/generated_H3_128C_pruned30/908-31957-0010_generated.wav,2.510023,0.736845,0.733711,0.293561,0.292313,1.578851,0.846999,0.370397
H3_128C_pruned30_Mask_pruning,908-31957-0011.wav,generated_audios/generated_H3_128C_pruned30/908-31957-0011_generated.wav,2.335011,0.096202,0.093104,0.0412,0.039873,1.913903,0.900626,0.381399
H3_128C_pruned30_Mask_pruning,908-31957-0012.wav,generated_audios/generated_H3_128C_pruned30/908-31957-0012_generated.wav,7.615011,2.344604,2.340984,0.307892,0.307417,1.986691,0.909714,0.385541
H3_128C_pruned30_Mask_pruning,908-31957-0013.wav,generated_audios/generated_H3_128C_pruned30/908-31957-0013_generated.wav,6.18,1.910664,1.906519,0.309169,0.308498,1.842482,0.8938,0.3822
H3_128C_pruned30_Mask_pruning,908-31957-0014.wav,generated_audios/generated_H3_128C_pruned30/908-31957-0014_generated.wav,7.56,2.212021,2.208035,0.292595,0.292068,1.814926,0.910789,0.372519
H3_128C_pruned30_Mask_pruning,908-31957-0015.wav,generated_audios/generated_H3_128C_pruned30/908-31957-0015_generated.wav,21.465034,6.427027,6.421888,0.299418,0.299179,1.783005,0.911347,0.37956
H3_128C_pruned30_Mask_pruning,908-31957-0016.wav,generated_audios/generated_H3_128C_pruned30/908-31957-0016_generated.wav,6.48,1.918109,1.914063,0.296004,0.29538,2.109432,0.917448,0.371865
H3_128C_pruned30_Mask_pruning,908-31957-0017.wav,generated_audios/generated_H3_128C_pruned30/908-31957-0017_generated.wav,7.795011,2.423593,2.419444,0.310916,0.310384,1.60559,0.915244,0.380668
H3_128C_pruned30_Mask_pruning,908-31957-0018.wav,generated_audios/generated_H3_128C_pruned30/908-31957-0018_generated.wav,3.915011,1.248732,1.24524,0.31896,0.318068,1.919787,0.907956,0.376174
H3_128C_pruned30_Mask_pruning,908-31957-0019.wav,generated_audios/generated_H3_128C_pruned30/908-31957-0019_generated.wav,9.54,3.064339,3.06028,0.321209,0.320784,1.953874,0.922658,0.378887
H3_128C_pruned30_Mask_pruning,908-31957-0020.wav,generated_audios/generated_H3_128C_pruned30/908-31957-0020_generated.wav,5.895011,0.173576,0.169329,0.029445,0.028724,1.833338,0.902969,0.380313
H3_128C_pruned30_Mask_pruning,908-31957-0021.wav,generated_audios/generated_H3_128C_pruned30/908-31957-0021_generated.wav,10.905034,3.286124,3.281954,0.30134,0.300958,1.729827,0.905697,0.378173
H3_128C_pruned30_Mask_pruning,908-31957-0022.wav,generated_audios/generated_H3_128C_pruned30/908-31957-0022_generated.wav,14.1,4.500672,4.496391,0.319197,0.318893,1.756633,0.911248,0.380857
H3_128C_pruned30_Mask_pruning,908-31957-0023.wav,generated_audios/generated_H3_128C_pruned30/908-31957-0023_generated.wav,8.515011,2.69494,2.690487,0.316493,0.31597,1.716151,0.915161,0.378102
H3_128C_pruned30_Mask_pruning,908-31957-0024.wav,generated_audios/generated_H3_128C_pruned30/908-31957-0024_generated.wav,7.54,2.316163,2.312395,0.307183,0.306684,1.878881,0.914434,0.379013
H3_128C_pruned30_Mask_pruning,908-31957-0025.wav,generated_audios/generated_H3_128C_pruned30/908-31957-0025_generated.wav,20.56,6.465013,6.459782,0.314446,0.314192,1.837088,0.910347,0.371161
H3_128C_pruned50_Mask_pruning,1089-134686-0000.wav,generated_audios/generated_H3_128C_pruned50/1089-134686-0000_generated.wav,10.435011,3.140382,3.133011,0.300947,0.30024,1.884815,0.917766,0.401698
H3_128C_pruned50_Mask_pruning,1089-134686-0001.wav,generated_audios/generated_H3_128C_pruned50/1089-134686-0001_generated.wav,3.275011,0.825065,0.820658,0.251927,0.250582,1.862618,0.905767,0.380652
H3_128C_pruned50_Mask_pruning,1089-134686-0002.wav,generated_audios/generated_H3_128C_pruned50/1089-134686-0002_generated.wav,6.625034,1.84452,1.840668,0.278417,0.277835,1.721266,0.895682,0.399068
H3_128C_pruned50_Mask_pruning,1089-134686-0003.wav,generated_audios/generated_H3_128C_pruned50/1089-134686-0003_generated.wav,2.68,0.692838,0.689404,0.258522,0.25724,1.979048,0.920464,0.440825
H3_128C_pruned50_Mask_pruning,1089-134686-0004.wav,generated_audios/generated_H3_128C_pruned50/1089-134686-0004_generated.wav,5.215102,1.410654,1.407188,0.270494,0.269829,1.97219,0.926594,0.400115
H3_128C_pruned50_Mask_pruning,1089-134686-0005.wav,generated_audios/generated_H3_128C_pruned50/1089-134686-0005_generated.wav,9.635011,2.59463,2.58972,0.269292,0.268782,1.739022,0.888939,0.403911
H3_128C_pruned50_Mask_pruning,1089-134686-0006.wav,generated_audios/generated_H3_128C_pruned50/1089-134686-0006_generated.wav,10.555011,2.632903,2.628388,0.249446,0.249018,1.780774,0.900788,0.398884
H3_128C_pruned50_Mask_pruning,1089-134686-0007.wav,generated_audios/generated_H3_128C_pruned50/1089-134686-0007_generated.wav,4.275011,1.175777,1.171833,0.275035,0.274112,1.638605,0.905263,0.404032
H3_128C_pruned50_Mask_pruning,1089-134686-0008.wav,generated_audios/generated_H3_128C_pruned50/1089-134686-0008_generated.wav,6.730023,1.732361,1.728297,0.257408,0.256804,1.924785,0.915464,0.391098
H3_128C_pruned50_Mask_pruning,1089-134686-0009.wav,generated_audios/generated_H3_128C_pruned50/1089-134686-0009_generated.wav,10.575011,3.178094,3.173727,0.300529,0.300116,1.887146,0.927242,0.398133
H3_128C_pruned50_Mask_pruning,1089-134686-0010.wav,generated_audios/generated_H3_128C_pruned50/1089-134686-0010_generated.wav,4.405034,1.185208,1.181373,0.269058,0.268187,2.252784,0.912867,0.397712
H3_128C_pruned50_Mask_pruning,1089-134686-0011.wav,generated_audios/generated_H3_128C_pruned50/1089-134686-0011_generated.wav,12.445034,3.407343,3.403131,0.273791,0.273453,1.867523,0.907648,0.388577
H3_128C_pruned50_Mask_pruning,1089-134686-0012.wav,generated_audios/generated_H3_128C_pruned50/1089-134686-0012_generated.wav,11.64,3.241989,3.237434,0.278521,0.27813,1.927257,0.91122,0.405786
H3_128C_pruned50_Mask_pruning,1089-134686-0013.wav,generated_audios/generated_H3_128C_pruned50/1089-134686-0013_generated.wav,7.915011,1.96246,1.958157,0.247942,0.247398,1.788507,0.912867,0.393724
H3_128C_pruned50_Mask_pruning,1089-134686-0014.wav,generated_audios/generated_H3_128C_pruned50/1089-134686-0014_generated.wav,2.225034,0.586953,0.583187,0.263795,0.262102,2.107317,0.930493,0.386155
H3_128C_pruned50_Mask_pruning,1089-134686-0015.wav,generated_audios/generated_H3_128C_pruned50/1089-134686-0015_generated.wav,5.815011,1.533853,1.530229,0.263775,0.263152,1.880983,0.903101,0.393512
H3_128C_pruned50_Mask_pruning,1089-134686-0016.wav,generated_audios/generated_H3_128C_pruned50/1089-134686-0016_generated.wav,3.54,0.934358,0.930787,0.263943,0.262934,1.977224,0.907675,0.385593
H3_128C_pruned50_Mask_pruning,1089-134686-0017.wav,generated_audios/generated_H3_128C_pruned50/1089-134686-0017_generated.wav,8.870023,2.372642,2.368778,0.26749,0.267054,1.941264,0.907369,0.398686
H3_128C_pruned50_Mask_pruning,1089-134686-0018.wav,generated_audios/generated_H3_128C_pruned50/1089-134686-0018_generated.wav,15.72,4.580495,4.575053,0.29138,0.291034,1.46506,0.905968,0.401911
H3_128C_pruned50_Mask_pruning,1089-134686-0019.wav,generated_audios/generated_H3_128C_pruned50/1089-134686-0019_generated.wav,13.895011,4.081186,4.076393,0.293716,0.293371,1.719263,0.912133,0.404154
H3_128C_pruned50_Mask_pruning,1089-134686-0020.wav,generated_audios/generated_H3_128C_pruned50/1089-134686-0020_generated.wav,16.790023,4.632017,4.626979,0.275879,0.275579,1.710944,0.902214,0.402658
H3_128C_pruned50_Mask_pruning,1089-134686-0021.wav,generated_audios/generated_H3_128C_pruned50/1089-134686-0021_generated.wav,6.550023,1.652703,1.648704,0.25232,0.25171,1.94769,0.910822,0.388115
H3_128C_pruned50_Mask_pruning,1089-134686-0022.wav,generated_audios/generated_H3_128C_pruned50/1089-134686-0022_generated.wav,11.175011,3.011622,3.007237,0.269496,0.269104,1.911464,0.913034,0.388755
H3_128C_pruned50_Mask_pruning,1089-134686-0023.wav,generated_audios/generated_H3_128C_pruned50/1089-134686-0023_generated.wav,13.275011,3.348134,3.343922,0.252213,0.251896,1.693608,0.89878,0.399838
H3_128C_pruned50_Mask_pruning,1089-134686-0024.wav,generated_audios/generated_H3_128C_pruned50/1089-134686-0024_generated.wav,11.655011,3.405453,3.400646,0.292188,0.291775,1.653258,0.909502,0.397322
H3_128C_pruned50_Mask_pruning,1089-134686-0025.wav,generated_audios/generated_H3_128C_pruned50/1089-134686-0025_generated.wav,6.610023,1.773092,1.769109,0.268243,0.26764,1.731057,0.917573,0.391375
H3_128C_pruned50_Mask_pruning,1089-134686-0026.wav,generated_audios/generated_H3_128C_pruned50/1089-134686-0026_generated.wav,4.010023,1.011711,1.008227,0.252296,0.251427,2.036318,0.908033,0.383709
H3_128C_pruned50_Mask_pruning,1089-134686-0027.wav,generated_audios/generated_H3_128C_pruned50/1089-134686-0027_generated.wav,2.710023,0.72113,0.718996,0.266098,0.26531,1.838003,0.929207,0.393051
H3_128C_pruned50_Mask_pruning,1089-134686-0028.wav,generated_audios/generated_H3_128C_pruned50/1089-134686-0028_generated.wav,7.830023,2.108683,2.104665,0.269307,0.268794,1.851761,0.907996,0.419902
H3_128C_pruned50_Mask_pruning,1089-134686-0029.wav,generated_audios/generated_H3_128C_pruned50/1089-134686-0029_generated.wav,4.670023,1.183871,1.180303,0.253504,0.25274,2.093762,0.906986,0.413054
H3_128C_pruned50_Mask_pruning,1089-134686-0030.wav,generated_audios/generated_H3_128C_pruned50/1089-134686-0030_generated.wav,2.715011,0.08533,0.081948,0.031429,0.030183,1.860178,0.91536,0.406098
H3_128C_pruned50_Mask_pruning,1089-134686-0031.wav,generated_audios/generated_H3_128C_pruned50/1089-134686-0031_generated.wav,6.615011,0.200314,0.196498,0.030282,0.029705,1.75713,0.908507,0.384057
H3_128C_pruned50_Mask_pruning,121-121726-0000.wav,generated_audios/generated_H3_128C_pruned50/121-121726-0000_generated.wav,8.46,2.295843,2.291687,0.271376,0.270885,1.923991,0.916083,0.406562
H3_128C_pruned50_Mask_pruning,121-121726-0001.wav,generated_audios/generated_H3_128C_pruned50/121-121726-0001_generated.wav,5.925034,1.511578,1.507486,0.255117,0.254426,2.029283,0.905236,0.357462
H3_128C_pruned50_Mask_pruning,121-121726-0002.wav,generated_audios/generated_H3_128C_pruned50/121-121726-0002_generated.wav,4.410023,0.147032,0.143274,0.03334,0.032488,2.018965,0.892696,0.391384
H3_128C_pruned50_Mask_pruning,121-121726-0003.wav,generated_audios/generated_H3_128C_pruned50/121-121726-0003_generated.wav,6.755011,1.78517,1.781352,0.264273,0.263708,2.024654,0.921784,0.365843
H3_128C_pruned50_Mask_pruning,121-121726-0004.wav,generated_audios/generated_H3_128C_pruned50/121-121726-0004_generated.wav,4.02,1.06249,1.05871,0.264301,0.263361,2.024849,0.926704,0.354828
H3_128C_pruned50_Mask_pruning,121-121726-0005.wav,generated_audios/generated_H3_128C_pruned50/121-121726-0005_generated.wav,3.1,0.82513,0.82174,0.266171,0.265077,2.389893,0.94915,0.28911
H3_128C_pruned50_Mask_pruning,121-121726-0006.wav,generated_audios/generated_H3_128C_pruned50/121-121726-0006_generated.wav,3.895011,1.030767,1.02723,0.264638,0.26373,1.909535,0.909143,0.362644
H3_128C_pruned50_Mask_pruning,121-121726-0007.wav,generated_audios/generated_H3_128C_pruned50/121-121726-0007_generated.wav,6.730023,0.259368,0.255467,0.038539,0.037959,2.100274,0.931184,0.364758
H3_128C_pruned50_Mask_pruning,121-121726-0008.wav,generated_audios/generated_H3_128C_pruned50/121-121726-0008_generated.wav,4.990023,1.26122,1.25739,0.252748,0.251981,2.213727,0.9384,0.325965
H3_128C_pruned50_Mask_pruning,121-121726-0009.wav,generated_audios/generated_H3_128C_pruned50/121-121726-0009_generated.wav,7.26,1.933195,1.929239,0.26628,0.265735,2.14808,0.935338,0.360212
H3_128C_pruned50_Mask_pruning,121-121726-0010.wav,generated_audios/generated_H3_128C_pruned50/121-121726-0010_generated.wav,9.810023,2.632521,2.628145,0.26835,0.267904,2.102592,0.923575,0.369063
H3_128C_pruned50_Mask_pruning,121-121726-0011.wav,generated_audios/generated_H3_128C_pruned50/121-121726-0011_generated.wav,4.035011,1.091069,1.087413,0.270401,0.269494,2.130434,0.934437,0.356451
H3_128C_pruned50_Mask_pruning,121-121726-0012.wav,generated_audios/generated_H3_128C_pruned50/121-121726-0012_generated.wav,4.045034,1.032773,1.029264,0.255319,0.254451,2.140695,0.917829,0.416362
H3_128C_pruned50_Mask_pruning,121-121726-0013.wav,generated_audios/generated_H3_128C_pruned50/121-121726-0013_generated.wav,2.490023,0.656369,0.653199,0.2636,0.262326,2.037712,0.913483,0.391274
H3_128C_pruned50_Mask_pruning,121-121726-0014.wav,generated_audios/generated_H3_128C_pruned50/121-121726-0014_generated.wav,3.165034,0.849572,0.846073,0.268424,0.267319,2.387509,0.945523,0.33652
H3_128C_pruned50_Mask_pruning,121-123852-0000.wav,generated_audios/generated_H3_128C_pruned50/121-123852-0000_generated.wav,17.695011,4.915904,4.909603,0.277813,0.277457,1.97999,0.932356,0.395723
H3_128C_pruned50_Mask_pruning,121-123852-0001.wav,generated_audios/generated_H3_128C_pruned50/121-123852-0001_generated.wav,1.870023,0.472144,0.468756,0.25248,0.250669,1.713833,0.794045,0.369054
H3_128C_pruned50_Mask_pruning,121-123852-0002.wav,generated_audios/generated_H3_128C_pruned50/121-123852-0002_generated.wav,17.285034,4.844382,4.839317,0.280265,0.279971,1.983707,0.917391,0.438574
H3_128C_pruned50_Mask_pruning,121-123852-0003.wav,generated_audios/generated_H3_128C_pruned50/121-123852-0003_generated.wav,23.505034,7.438314,7.431913,0.316456,0.316184,2.002397,0.916553,0.421419
H3_128C_pruned50_Mask_pruning,121-123852-0004.wav,generated_audios/generated_H3_128C_pruned50/121-123852-0004_generated.wav,16.290023,4.692407,4.687375,0.288054,0.287745,2.028077,0.929657,0.430923
H3_128C_pruned50_Mask_pruning,121-123859-0000.wav,generated_audios/generated_H3_128C_pruned50/121-123859-0000_generated.wav,17.390023,4.785429,4.780095,0.275182,0.274876,1.609466,0.908565,0.43114
H3_128C_pruned50_Mask_pruning,121-123859-0001.wav,generated_audios/generated_H3_128C_pruned50/121-123859-0001_generated.wav,25.395011,7.182367,7.17618,0.282826,0.282582,2.164668,0.929488,0.421113
H3_128C_pruned50_Mask_pruning,121-123859-0002.wav,generated_audios/generated_H3_128C_pruned50/121-123859-0002_generated.wav,30.04,8.846344,8.840237,0.294485,0.294282,2.005827,0.920546,0.420496
H3_128C_pruned50_Mask_pruning,121-123859-0003.wav,generated_audios/generated_H3_128C_pruned50/121-123859-0003_generated.wav,10.825034,2.936518,2.932201,0.271271,0.270872,1.89792,0.930757,0.382129
H3_128C_pruned50_Mask_pruning,121-123859-0004.wav,generated_audios/generated_H3_128C_pruned50/121-123859-0004_generated.wav,9.505034,2.572847,2.567991,0.270683,0.270172,1.751886,0.921298,0.421242
H3_128C_pruned50_Mask_pruning,121-127105-0000.wav,generated_audios/generated_H3_128C_pruned50/121-127105-0000_generated.wav,9.875011,2.656428,2.652058,0.269005,0.268562,1.570131,0.893225,0.40454
H3_128C_pruned50_Mask_pruning,121-127105-0001.wav,generated_audios/generated_H3_128C_pruned50/121-127105-0001_generated.wav,5.025034,1.270013,1.266544,0.252737,0.252047,1.629273,0.896716,0.435492
H3_128C_pruned50_Mask_pruning,121-127105-0002.wav,generated_audios/generated_H3_128C_pruned50/121-127105-0002_generated.wav,7.495011,1.899044,1.894663,0.253374,0.25279,1.819181,0.892884,0.432337
H3_128C_pruned50_Mask_pruning,121-127105-0003.wav,generated_audios/generated_H3_128C_pruned50/121-127105-0003_generated.wav,7.725034,2.04388,2.039759,0.264579,0.264045,1.820644,0.906967,0.404456
H3_128C_pruned50_Mask_pruning,121-127105-0004.wav,generated_audios/generated_H3_128C_pruned50/121-127105-0004_generated.wav,2.110023,0.562945,0.559393,0.266795,0.265112,1.357761,0.921102,0.356544
H3_128C_pruned50_Mask_pruning,121-127105-0005.wav,generated_audios/generated_H3_128C_pruned50/121-127105-0005_generated.wav,5.82,1.513109,1.509487,0.259984,0.259362,1.779731,0.908392,0.399904
H3_128C_pruned50_Mask_pruning,121-127105-0006.wav,generated_audios/generated_H3_128C_pruned50/121-127105-0006_generated.wav,4.725034,1.261292,1.257834,0.266938,0.266206,1.531675,0.887043,0.395147
H3_128C_pruned50_Mask_pruning,121-127105-0007.wav,generated_audios/generated_H3_128C_pruned50/121-127105-0007_generated.wav,5.790023,1.495626,1.491942,0.258311,0.257675,1.67629,0.905438,0.411762
H3_128C_pruned50_Mask_pruning,121-127105-0008.wav,generated_audios/generated_H3_128C_pruned50/121-127105-0008_generated.wav,2.76,0.723501,0.72003,0.262138,0.260881,1.844183,0.890468,0.41547
H3_128C_pruned50_Mask_pruning,121-127105-0009.wav,generated_audios/generated_H3_128C_pruned50/121-127105-0009_generated.wav,2.290023,0.61143,0.608235,0.266997,0.265602,1.992508,0.922267,0.434528
H3_128C_pruned50_Mask_pruning,121-127105-0010.wav,generated_audios/generated_H3_128C_pruned50/121-127105-0010_generated.wav,2.850023,0.751225,0.747725,0.263586,0.262357,1.57545,0.891712,0.425323
H3_128C_pruned50_Mask_pruning,121-127105-0011.wav,generated_audios/generated_H3_128C_pruned50/121-127105-0011_generated.wav,5.78,1.532308,1.528768,0.265105,0.264493,1.878046,0.884373,0.44685
H3_128C_pruned50_Mask_pruning,121-127105-0012.wav,generated_audios/generated_H3_128C_pruned50/121-127105-0012_generated.wav,4.830023,1.288415,1.284776,0.266751,0.265998,1.288425,0.898581,0.426133
H3_128C_pruned50_Mask_pruning,121-127105-0013.wav,generated_audios/generated_H3_128C_pruned50/121-127105-0013_generated.wav,5.895011,1.507785,1.503728,0.255773,0.255085,1.591885,0.910202,0.415826
H3_128C_pruned50_Mask_pruning,121-127105-0014.wav,generated_audios/generated_H3_128C_pruned50/121-127105-0014_generated.wav,2.255011,0.565639,0.562266,0.250836,0.24934,1.467686,0.871617,0.394816
H3_128C_pruned50_Mask_pruning,121-127105-0015.wav,generated_audios/generated_H3_128C_pruned50/121-127105-0015_generated.wav,2.96,0.774703,0.771202,0.261724,0.260541,1.91756,0.908696,0.414205
H3_128C_pruned50_Mask_pruning,121-127105-0016.wav,generated_audios/generated_H3_128C_pruned50/121-127105-0016_generated.wav,2.030023,0.514185,0.510838,0.25329,0.251641,2.0608,0.914618,0.424542
H3_128C_pruned50_Mask_pruning,121-127105-0017.wav,generated_audios/generated_H3_128C_pruned50/121-127105-0017_generated.wav,2.695011,0.722139,0.71869,0.267954,0.266674,1.717718,0.882752,0.446402
H3_128C_pruned50_Mask_pruning,121-127105-0018.wav,generated_audios/generated_H3_128C_pruned50/121-127105-0018_generated.wav,2.770023,0.742291,0.739088,0.267973,0.266817,1.796768,0.886376,0.417674
H3_128C_pruned50_Mask_pruning,121-127105-0019.wav,generated_audios/generated_H3_128C_pruned50/121-127105-0019_generated.wav,3.525034,0.898111,0.894846,0.254781,0.253855,1.395588,0.894324,0.426883
H3_128C_pruned50_Mask_pruning,121-127105-0020.wav,generated_audios/generated_H3_128C_pruned50/121-127105-0020_generated.wav,14.355011,4.051199,4.046741,0.282215,0.281904,1.69888,0.896796,0.439292
H3_128C_pruned50_Mask_pruning,121-127105-0021.wav,generated_audios/generated_H3_128C_pruned50/121-127105-0021_generated.wav,2.0,0.516014,0.512541,0.258007,0.25627,1.580079,0.88733,0.434285
H3_128C_pruned50_Mask_pruning,121-127105-0022.wav,generated_audios/generated_H3_128C_pruned50/121-127105-0022_generated.wav,5.075011,1.353134,1.349381,0.266627,0.265887,1.885516,0.897203,0.405287
H3_128C_pruned50_Mask_pruning,121-127105-0023.wav,generated_audios/generated_H3_128C_pruned50/121-127105-0023_generated.wav,10.910023,2.814302,2.809889,0.257956,0.257551,1.872179,0.90562,0.422801
H3_128C_pruned50_Mask_pruning,121-127105-0024.wav,generated_audios/generated_H3_128C_pruned50/121-127105-0024_generated.wav,14.450023,4.239607,4.234117,0.293398,0.293018,1.915095,0.899751,0.431267
H3_128C_pruned50_Mask_pruning,121-127105-0025.wav,generated_audios/generated_H3_128C_pruned50/121-127105-0025_generated.wav,16.065034,4.446371,4.441016,0.276773,0.27644,1.885673,0.909224,0.418668
H3_128C_pruned50_Mask_pruning,121-127105-0026.wav,generated_audios/generated_H3_128C_pruned50/121-127105-0026_generated.wav,7.530023,1.934104,1.929983,0.256852,0.256305,1.674565,0.922614,0.426678
H3_128C_pruned50_Mask_pruning,121-127105-0027.wav,generated_audios/generated_H3_128C_pruned50/121-127105-0027_generated.wav,13.870023,3.903705,3.899122,0.281449,0.281119,1.87257,0.907957,0.415262
H3_128C_pruned50_Mask_pruning,121-127105-0028.wav,generated_audios/generated_H3_128C_pruned50/121-127105-0028_generated.wav,6.750023,0.230059,0.226223,0.034083,0.033514,1.970242,0.905954,0.385145
H3_128C_pruned50_Mask_pruning,121-127105-0029.wav,generated_audios/generated_H3_128C_pruned50/121-127105-0029_generated.wav,7.310023,1.940198,1.936229,0.265416,0.264873,2.007147,0.910285,0.401463
H3_128C_pruned50_Mask_pruning,121-127105-0030.wav,generated_audios/generated_H3_128C_pruned50/121-127105-0030_generated.wav,2.175011,0.567962,0.564694,0.26113,0.259628,1.420003,0.88846,0.430449
H3_128C_pruned50_Mask_pruning,121-127105-0031.wav,generated_audios/generated_H3_128C_pruned50/121-127105-0031_generated.wav,10.765034,2.726209,2.721666,0.253247,0.252825,1.907748,0.874555,0.384437
H3_128C_pruned50_Mask_pruning,121-127105-0032.wav,generated_audios/generated_H3_128C_pruned50/121-127105-0032_generated.wav,3.170023,0.797113,0.79367,0.251454,0.250367,1.687329,0.900263,0.396667
H3_128C_pruned50_Mask_pruning,121-127105-0033.wav,generated_audios/generated_H3_128C_pruned50/121-127105-0033_generated.wav,2.355011,0.620597,0.617277,0.263522,0.262112,1.692584,0.916078,0.377083
H3_128C_pruned50_Mask_pruning,121-127105-0034.wav,generated_audios/generated_H3_128C_pruned50/121-127105-0034_generated.wav,7.410023,1.994397,1.990325,0.269149,0.268599,1.732025,0.898863,0.393014
H3_128C_pruned50_Mask_pruning,121-127105-0035.wav,generated_audios/generated_H3_128C_pruned50/121-127105-0035_generated.wav,14.150023,3.96363,3.958741,0.280115,0.279769,1.911363,0.893497,0.360696
H3_128C_pruned50_Mask_pruning,121-127105-0036.wav,generated_audios/generated_H3_128C_pruned50/121-127105-0036_generated.wav,4.150023,1.043478,1.039783,0.251439,0.250549,1.772241,0.881174,0.393675
H3_128C_pruned50_Mask_pruning,237-126133-0000.wav,generated_audios/generated_H3_128C_pruned50/237-126133-0000_generated.wav,13.290023,3.931294,3.926633,0.295808,0.295457,2.026984,0.91779,0.40891
H3_128C_pruned50_Mask_pruning,237-126133-0001.wav,generated_audios/generated_H3_128C_pruned50/237-126133-0001_generated.wav,11.965034,3.567227,3.563334,0.298138,0.297812,2.027997,0.910218,0.409069
H3_128C_pruned50_Mask_pruning,237-126133-0002.wav,generated_audios/generated_H3_128C_pruned50/237-126133-0002_generated.wav,8.92,2.295659,2.291069,0.257361,0.256846,1.708082,0.898546,0.428992
H3_128C_pruned50_Mask_pruning,237-126133-0003.wav,generated_audios/generated_H3_128C_pruned50/237-126133-0003_generated.wav,6.56,1.738272,1.734835,0.264981,0.264456,1.876095,0.900578,0.412645
H3_128C_pruned50_Mask_pruning,237-126133-0004.wav,generated_audios/generated_H3_128C_pruned50/237-126133-0004_generated.wav,3.295011,0.890016,0.886773,0.27011,0.269126,1.79428,0.906203,0.421379
H3_128C_pruned50_Mask_pruning,237-126133-0005.wav,generated_audios/generated_H3_128C_pruned50/237-126133-0005_generated.wav,6.510023,1.760953,1.75723,0.270499,0.269927,1.779434,0.880299,0.429972
H3_128C_pruned50_Mask_pruning,237-126133-0006.wav,generated_audios/generated_H3_128C_pruned50/237-126133-0006_generated.wav,6.150023,1.627464,1.623701,0.264627,0.264015,1.715845,0.880931,0.434362
H3_128C_pruned50_Mask_pruning,237-126133-0007.wav,generated_audios/generated_H3_128C_pruned50/237-126133-0007_generated.wav,8.68,2.223907,2.219471,0.256211,0.255699,1.552373,0.889791,0.445387
H3_128C_pruned50_Mask_pruning,237-126133-0008.wav,generated_audios/generated_H3_128C_pruned50/237-126133-0008_generated.wav,3.865034,1.026101,1.022487,0.265483,0.264548,2.057161,0.911477,0.399788
H3_128C_pruned50_Mask_pruning,237-126133-0009.wav,generated_audios/generated_H3_128C_pruned50/237-126133-0009_generated.wav,3.970023,1.042923,1.039492,0.262699,0.261835,1.712775,0.903694,0.42194
H3_128C_pruned50_Mask_pruning,237-126133-0010.wav,generated_audios/generated_H3_128C_pruned50/237-126133-0010_generated.wav,6.24,1.589333,1.585766,0.254701,0.254129,1.330797,0.818206,0.479984
H3_128C_pruned50_Mask_pruning,237-126133-0011.wav,generated_audios/generated_H3_128C_pruned50/237-126133-0011_generated.wav,6.710023,1.821135,1.817295,0.271405,0.270833,1.955382,0.910184,0.399312
H3_128C_pruned50_Mask_pruning,237-126133-0012.wav,generated_audios/generated_H3_128C_pruned50/237-126133-0012_generated.wav,4.450023,1.205828,1.202211,0.270971,0.270158,1.974117,0.906549,0.40296
H3_128C_pruned50_Mask_pruning,237-126133-0013.wav,generated_audios/generated_H3_128C_pruned50/237-126133-0013_generated.wav,6.815011,1.837035,1.833302,0.269557,0.269009,1.440697,0.851009,0.453573
H3_128C_pruned50_Mask_pruning,237-126133-0014.wav,generated_audios/generated_H3_128C_pruned50/237-126133-0014_generated.wav,6.790023,1.839342,1.835085,0.270889,0.270262,1.92036,0.901211,0.425339
H3_128C_pruned50_Mask_pruning,237-126133-0015.wav,generated_audios/generated_H3_128C_pruned50/237-126133-0015_generated.wav,9.34,2.391797,2.387834,0.256081,0.255657,2.020626,0.905549,0.407666
H3_128C_pruned50_Mask_pruning,237-126133-0016.wav,generated_audios/generated_H3_128C_pruned50/237-126133-0016_generated.wav,4.250023,1.092121,1.088409,0.256968,0.256095,1.584278,0.855361,0.446008
H3_128C_pruned50_Mask_pruning,237-126133-0017.wav,generated_audios/generated_H3_128C_pruned50/237-126133-0017_generated.wav,6.210023,1.596494,1.592608,0.257083,0.256458,2.093366,0.91987,0.397822
H3_128C_pruned50_Mask_pruning,237-126133-0018.wav,generated_audios/generated_H3_128C_pruned50/237-126133-0018_generated.wav,4.095011,1.09914,1.095346,0.26841,0.267483,1.833932,0.908034,0.391731
H3_128C_pruned50_Mask_pruning,237-126133-0019.wav,generated_audios/generated_H3_128C_pruned50/237-126133-0019_generated.wav,7.12,1.949422,1.945635,0.273795,0.273263,1.972334,0.913624,0.410556
H3_128C_pruned50_Mask_pruning,237-126133-0020.wav,generated_audios/generated_H3_128C_pruned50/237-126133-0020_generated.wav,2.24,0.564898,0.561453,0.252187,0.250649,1.490535,0.88244,0.43391
H3_128C_pruned50_Mask_pruning,237-126133-0021.wav,generated_audios/generated_H3_128C_pruned50/237-126133-0021_generated.wav,4.365034,1.115155,1.11147,0.255475,0.25463,1.86277,0.898887,0.408658
H3_128C_pruned50_Mask_pruning,237-126133-0022.wav,generated_audios/generated_H3_128C_pruned50/237-126133-0022_generated.wav,5.04,1.363686,1.359969,0.270573,0.269835,2.303741,0.920382,0.386066
H3_128C_pruned50_Mask_pruning,237-126133-0023.wav,generated_audios/generated_H3_128C_pruned50/237-126133-0023_generated.wav,6.675011,1.800365,1.79626,0.269717,0.269102,1.873478,0.919666,0.399665
H3_128C_pruned50_Mask_pruning,237-126133-0024.wav,generated_audios/generated_H3_128C_pruned50/237-126133-0024_generated.wav,9.665034,2.63398,2.63004,0.272527,0.272119,2.170957,0.914114,0.412306
H3_128C_pruned50_Mask_pruning,237-126133-0025.wav,generated_audios/generated_H3_128C_pruned50/237-126133-0025_generated.wav,3.755011,1.000396,0.997077,0.266416,0.265532,2.142653,0.912429,0.404874
H3_128C_pruned50_Mask_pruning,237-134493-0000.wav,generated_audios/generated_H3_128C_pruned50/237-134493-0000_generated.wav,4.105034,1.123302,1.119665,0.27364,0.272754,2.189664,0.924251,0.400283
H3_128C_pruned50_Mask_pruning,237-134493-0001.wav,generated_audios/generated_H3_128C_pruned50/237-134493-0001_generated.wav,7.38,1.979148,1.975349,0.268177,0.267663,2.327795,0.931974,0.394558
H3_128C_pruned50_Mask_pruning,237-134493-0002.wav,generated_audios/generated_H3_128C_pruned50/237-134493-0002_generated.wav,11.395011,3.233767,3.229508,0.283788,0.283414,2.153236,0.925305,0.396313
H3_128C_pruned50_Mask_pruning,237-134493-0003.wav,generated_audios/generated_H3_128C_pruned50/237-134493-0003_generated.wav,12.765034,3.773096,3.768319,0.295581,0.295206,2.05144,0.921833,0.40053
H3_128C_pruned50_Mask_pruning,237-134493-0004.wav,generated_audios/generated_H3_128C_pruned50/237-134493-0004_generated.wav,6.825034,1.870138,1.86601,0.274012,0.273407,1.963504,0.904851,0.418581
H3_128C_pruned50_Mask_pruning,237-134493-0005.wav,generated_audios/generated_H3_128C_pruned50/237-134493-0005_generated.wav,10.945034,2.850912,2.846544,0.260475,0.260076,1.906899,0.91784,0.407377
H3_128C_pruned50_Mask_pruning,237-134493-0006.wav,generated_audios/generated_H3_128C_pruned50/237-134493-0006_generated.wav,4.395011,1.129433,1.125379,0.256981,0.256058,1.783193,0.895768,0.424804
H3_128C_pruned50_Mask_pruning,237-134493-0007.wav,generated_audios/generated_H3_128C_pruned50/237-134493-0007_generated.wav,2.035011,0.526479,0.523117,0.258711,0.257058,1.571773,0.900834,0.410009
H3_128C_pruned50_Mask_pruning,237-134493-0008.wav,generated_audios/generated_H3_128C_pruned50/237-134493-0008_generated.wav,2.305034,0.591489,0.587496,0.256607,0.254875,2.221387,0.907627,0.378458
H3_128C_pruned50_Mask_pruning,237-134493-0009.wav,generated_audios/generated_H3_128C_pruned50/237-134493-0009_generated.wav,2.975011,0.802976,0.799429,0.269907,0.268715,2.167543,0.92717,0.394964
H3_128C_pruned50_Mask_pruning,237-134493-0010.wav,generated_audios/generated_H3_128C_pruned50/237-134493-0010_generated.wav,2.875011,0.77017,0.766619,0.267884,0.266649,2.254945,0.92475,0.378289
H3_128C_pruned50_Mask_pruning,237-134493-0011.wav,generated_audios/generated_H3_128C_pruned50/237-134493-0011_generated.wav,5.035011,1.389368,1.385736,0.275941,0.27522,1.732032,0.896533,0.427406
H3_128C_pruned50_Mask_pruning,237-134493-0012.wav,generated_audios/generated_H3_128C_pruned50/237-134493-0012_generated.wav,3.66,0.9411,0.937545,0.257131,0.25616,1.753955,0.90539,0.420792
H3_128C_pruned50_Mask_pruning,237-134493-0013.wav,generated_audios/generated_H3_128C_pruned50/237-134493-0013_generated.wav,4.090023,0.152936,0.149378,0.037392,0.036523,2.164088,0.92415,0.408492
H3_128C_pruned50_Mask_pruning,237-134493-0014.wav,generated_audios/generated_H3_128C_pruned50/237-134493-0014_generated.wav,3.7,0.961404,0.958042,0.259839,0.25893,2.041374,0.914834,0.406321
H3_128C_pruned50_Mask_pruning,237-134493-0015.wav,generated_audios/generated_H3_128C_pruned50/237-134493-0015_generated.wav,6.550023,0.24037,0.236307,0.036698,0.036077,1.871658,0.908224,0.416325
H3_128C_pruned50_Mask_pruning,237-134493-0016.wav,generated_audios/generated_H3_128C_pruned50/237-134493-0016_generated.wav,10.085034,2.781797,2.777515,0.275834,0.27541,2.275757,0.933713,0.392572
H3_128C_pruned50_Mask_pruning,237-134493-0017.wav,generated_audios/generated_H3_128C_pruned50/237-134493-0017_generated.wav,9.105034,2.519166,2.515105,0.276678,0.276232,2.25083,0.924693,0.394513
H3_128C_pruned50_Mask_pruning,237-134493-0018.wav,generated_audios/generated_H3_128C_pruned50/237-134493-0018_generated.wav,4.790023,1.293209,1.289619,0.26998,0.26923,2.209111,0.935078,0.391963
H3_128C_pruned50_Mask_pruning,237-134500-0000.wav,generated_audios/generated_H3_128C_pruned50/237-134500-0000_generated.wav,6.130023,1.64435,1.640482,0.268245,0.267614,2.332815,0.928908,0.397024
H3_128C_pruned50_Mask_pruning,237-134500-0001.wav,generated_audios/generated_H3_128C_pruned50/237-134500-0001_generated.wav,1.810023,0.459098,0.455916,0.253642,0.251884,1.946262,0.888496,0.411901
H3_128C_pruned50_Mask_pruning,237-134500-0002.wav,generated_audios/generated_H3_128C_pruned50/237-134500-0002_generated.wav,5.070023,1.379902,1.376462,0.272169,0.27149,2.138743,0.921014,0.400297
H3_128C_pruned50_Mask_pruning,237-134500-0003.wav,generated_audios/generated_H3_128C_pruned50/237-134500-0003_generated.wav,3.170023,0.121304,0.117567,0.038266,0.037087,2.344962,0.922304,0.397794
H3_128C_pruned50_Mask_pruning,237-134500-0004.wav,generated_audios/generated_H3_128C_pruned50/237-134500-0004_generated.wav,2.225034,0.091598,0.088267,0.041167,0.03967,2.46725,0.93699,0.373897
H3_128C_pruned50_Mask_pruning,237-134500-0005.wav,generated_audios/generated_H3_128C_pruned50/237-134500-0005_generated.wav,2.390023,0.630927,0.627493,0.263984,0.262547,1.718039,0.890392,0.430289
H3_128C_pruned50_Mask_pruning,237-134500-0006.wav,generated_audios/generated_H3_128C_pruned50/237-134500-0006_generated.wav,4.225034,1.097735,1.09408,0.259817,0.258952,1.625803,0.884516,0.435352
H3_128C_pruned50_Mask_pruning,237-134500-0007.wav,generated_audios/generated_H3_128C_pruned50/237-134500-0007_generated.wav,2.390023,0.078007,0.074661,0.032639,0.031239,1.541347,0.875924,0.448634
H3_128C_pruned50_Mask_pruning,237-134500-0008.wav,generated_audios/generated_H3_128C_pruned50/237-134500-0008_generated.wav,3.76,0.134654,0.131245,0.035812,0.034906,1.800079,0.881987,0.425158
H3_128C_pruned50_Mask_pruning,237-134500-0009.wav,generated_audios/generated_H3_128C_pruned50/237-134500-0009_generated.wav,2.22,0.072303,0.069127,0.032569,0.031138,1.93132,0.902255,0.417025
H3_128C_pruned50_Mask_pruning,237-134500-0010.wav,generated_audios/generated_H3_128C_pruned50/237-134500-0010_generated.wav,3.995011,1.096642,1.093184,0.274503,0.273637,1.450094,0.868869,0.437428
H3_128C_pruned50_Mask_pruning,237-134500-0011.wav,generated_audios/generated_H3_128C_pruned50/237-134500-0011_generated.wav,3.350023,0.86503,0.861325,0.258216,0.25711,1.443912,0.864135,0.436594
H3_128C_pruned50_Mask_pruning,237-134500-0012.wav,generated_audios/generated_H3_128C_pruned50/237-134500-0012_generated.wav,10.935011,3.167728,3.163086,0.289687,0.289262,2.011913,0.905871,0.408603
H3_128C_pruned50_Mask_pruning,237-134500-0013.wav,generated_audios/generated_H3_128C_pruned50/237-134500-0013_generated.wav,10.56,0.394083,0.389613,0.037319,0.036895,2.13347,0.927916,0.386446
H3_128C_pruned50_Mask_pruning,237-134500-0014.wav,generated_audios/generated_H3_128C_pruned50/237-134500-0014_generated.wav,4.250023,0.169658,0.165871,0.039919,0.039028,1.869962,0.900204,0.393659
H3_128C_pruned50_Mask_pruning,237-134500-0015.wav,generated_audios/generated_H3_128C_pruned50/237-134500-0015_generated.wav,10.815011,2.947292,2.942751,0.272519,0.272099,2.281704,0.927991,0.40305
H3_128C_pruned50_Mask_pruning,237-134500-0016.wav,generated_audios/generated_H3_128C_pruned50/237-134500-0016_generated.wav,3.16,0.123834,0.119613,0.039188,0.037852,1.27822,0.807889,0.470964
H3_128C_pruned50_Mask_pruning,237-134500-0017.wav,generated_audios/generated_H3_128C_pruned50/237-134500-0017_generated.wav,2.18,0.092633,0.089374,0.042492,0.040997,1.599768,0.880136,0.43031
H3_128C_pruned50_Mask_pruning,237-134500-0018.wav,generated_audios/generated_H3_128C_pruned50/237-134500-0018_generated.wav,12.845034,3.850457,3.845761,0.299762,0.299397,2.167932,0.930915,0.392878
H3_128C_pruned50_Mask_pruning,237-134500-0019.wav,generated_audios/generated_H3_128C_pruned50/237-134500-0019_generated.wav,2.86,0.739952,0.736519,0.258724,0.257524,1.593643,0.908895,0.388791
H3_128C_pruned50_Mask_pruning,237-134500-0020.wav,generated_audios/generated_H3_128C_pruned50/237-134500-0020_generated.wav,2.18,0.07662,0.073231,0.035147,0.033592,2.301829,0.942485,0.367999
H3_128C_pruned50_Mask_pruning,237-134500-0021.wav,generated_audios/generated_H3_128C_pruned50/237-134500-0021_generated.wav,5.12,1.311712,1.308083,0.256194,0.255485,1.389141,0.800424,0.460254
H3_128C_pruned50_Mask_pruning,237-134500-0022.wav,generated_audios/generated_H3_128C_pruned50/237-134500-0022_generated.wav,5.165034,1.343454,1.340095,0.260106,0.259455,1.460529,0.867252,0.452004
H3_128C_pruned50_Mask_pruning,237-134500-0023.wav,generated_audios/generated_H3_128C_pruned50/237-134500-0023_generated.wav,3.06,0.837091,0.833548,0.273559,0.272401,1.613122,0.899278,0.434123
H3_128C_pruned50_Mask_pruning,237-134500-0024.wav,generated_audios/generated_H3_128C_pruned50/237-134500-0024_generated.wav,4.410023,0.157944,0.154283,0.035815,0.034985,2.463928,0.911826,0.384896
H3_128C_pruned50_Mask_pruning,237-134500-0025.wav,generated_audios/generated_H3_128C_pruned50/237-134500-0025_generated.wav,1.630023,0.413956,0.410689,0.253957,0.251953,1.776171,0.850786,0.411572
H3_128C_pruned50_Mask_pruning,237-134500-0026.wav,generated_audios/generated_H3_128C_pruned50/237-134500-0026_generated.wav,3.050023,0.836719,0.833386,0.274332,0.273239,1.443723,0.847904,0.450917
H3_128C_pruned50_Mask_pruning,237-134500-0027.wav,generated_audios/generated_H3_128C_pruned50/237-134500-0027_generated.wav,3.270023,0.90915,0.905932,0.278026,0.277041,2.111668,0.907655,0.381961
H3_128C_pruned50_Mask_pruning,237-134500-0028.wav,generated_audios/generated_H3_128C_pruned50/237-134500-0028_generated.wav,4.524943,1.270824,1.266895,0.280849,0.27998,1.846451,0.901174,0.414553
H3_128C_pruned50_Mask_pruning,237-134500-0029.wav,generated_audios/generated_H3_128C_pruned50/237-134500-0029_generated.wav,2.065034,0.538442,0.534858,0.260742,0.259007,1.652373,0.905301,0.423296
H3_128C_pruned50_Mask_pruning,237-134500-0030.wav,generated_audios/generated_H3_128C_pruned50/237-134500-0030_generated.wav,2.78,0.771988,0.768728,0.277693,0.276521,1.772071,0.903165,0.430667
H3_128C_pruned50_Mask_pruning,237-134500-0031.wav,generated_audios/generated_H3_128C_pruned50/237-134500-0031_generated.wav,10.610023,2.912265,2.907689,0.274482,0.274051,2.234519,0.917346,0.393798
H3_128C_pruned50_Mask_pruning,237-134500-0032.wav,generated_audios/generated_H3_128C_pruned50/237-134500-0032_generated.wav,5.025034,0.181452,0.177968,0.03611,0.035416,2.185021,0.91976,0.392145
H3_128C_pruned50_Mask_pruning,237-134500-0033.wav,generated_audios/generated_H3_128C_pruned50/237-134500-0033_generated.wav,6.350023,1.689689,1.686141,0.266092,0.265533,1.914423,0.903826,0.39861
H3_128C_pruned50_Mask_pruning,237-134500-0034.wav,generated_audios/generated_H3_128C_pruned50/237-134500-0034_generated.wav,3.075011,0.819156,0.815477,0.266391,0.265195,2.46834,0.921833,0.366641
H3_128C_pruned50_Mask_pruning,237-134500-0035.wav,generated_audios/generated_H3_128C_pruned50/237-134500-0035_generated.wav,2.555011,0.716027,0.712884,0.280244,0.279014,1.708937,0.898954,0.409535
H3_128C_pruned50_Mask_pruning,237-134500-0036.wav,generated_audios/generated_H3_128C_pruned50/237-134500-0036_generated.wav,6.6,1.848892,1.844775,0.280135,0.279511,2.235144,0.925658,0.382972
H3_128C_pruned50_Mask_pruning,237-134500-0037.wav,generated_audios/generated_H3_128C_pruned50/237-134500-0037_generated.wav,7.105034,1.945017,1.941308,0.273752,0.27323,1.341731,0.837864,0.47408
H3_128C_pruned50_Mask_pruning,237-134500-0038.wav,generated_audios/generated_H3_128C_pruned50/237-134500-0038_generated.wav,2.435011,0.654655,0.651402,0.268851,0.267515,1.273383,0.831726,0.48717
H3_128C_pruned50_Mask_pruning,237-134500-0039.wav,generated_audios/generated_H3_128C_pruned50/237-134500-0039_generated.wav,4.630023,1.289181,1.285647,0.278439,0.277676,1.487063,0.865274,0.457249
H3_128C_pruned50_Mask_pruning,237-134500-0040.wav,generated_audios/generated_H3_128C_pruned50/237-134500-0040_generated.wav,4.030023,0.143315,0.139717,0.035562,0.034669,1.599464,0.888141,0.429918
H3_128C_pruned50_Mask_pruning,237-134500-0041.wav,generated_audios/generated_H3_128C_pruned50/237-134500-0041_generated.wav,8.92,0.331674,0.327533,0.037183,0.036719,2.109316,0.925421,0.390187
H3_128C_pruned50_Mask_pruning,237-134500-0042.wav,generated_audios/generated_H3_128C_pruned50/237-134500-0042_generated.wav,2.575011,0.698744,0.695307,0.271356,0.270021,1.462258,0.804565,0.458952
H3_128C_pruned50_Mask_pruning,260-123286-0000.wav,generated_audios/generated_H3_128C_pruned50/260-123286-0000_generated.wav,7.04,1.871472,1.86762,0.265834,0.265287,1.6785,0.90709,0.382077
H3_128C_pruned50_Mask_pruning,260-123286-0001.wav,generated_audios/generated_H3_128C_pruned50/260-123286-0001_generated.wav,3.070023,0.108954,0.105371,0.03549,0.034323,1.656149,0.913578,0.384858
H3_128C_pruned50_Mask_pruning,260-123286-0002.wav,generated_audios/generated_H3_128C_pruned50/260-123286-0002_generated.wav,9.985034,2.776323,2.772253,0.278048,0.277641,1.82613,0.919505,0.386881
H3_128C_pruned50_Mask_pruning,260-123286-0003.wav,generated_audios/generated_H3_128C_pruned50/260-123286-0003_generated.wav,7.370023,2.063218,2.059403,0.279947,0.27943,1.639967,0.890057,0.392051
H3_128C_pruned50_Mask_pruning,260-123286-0004.wav,generated_audios/generated_H3_128C_pruned50/260-123286-0004_generated.wav,3.465034,0.957969,0.954357,0.276467,0.275425,1.573622,0.875968,0.391676
H3_128C_pruned50_Mask_pruning,260-123286-0005.wav,generated_audios/generated_H3_128C_pruned50/260-123286-0005_generated.wav,4.810023,1.285631,1.281672,0.267282,0.266459,1.858839,0.903692,0.40071
H3_128C_pruned50_Mask_pruning,260-123286-0006.wav,generated_audios/generated_H3_128C_pruned50/260-123286-0006_generated.wav,7.405034,2.041994,2.038225,0.275758,0.275249,1.778493,0.914589,0.407073
H3_128C_pruned50_Mask_pruning,260-123286-0007.wav,generated_audios/generated_H3_128C_pruned50/260-123286-0007_generated.wav,4.550023,1.244952,1.241102,0.273614,0.272768,1.580128,0.901517,0.424993
H3_128C_pruned50_Mask_pruning,260-123286-0008.wav,generated_audios/generated_H3_128C_pruned50/260-123286-0008_generated.wav,3.735011,0.990651,0.986822,0.265234,0.264209,1.672817,0.914856,0.404355
H3_128C_pruned50_Mask_pruning,260-123286-0009.wav,generated_audios/generated_H3_128C_pruned50/260-123286-0009_generated.wav,5.795011,1.644236,1.640833,0.283733,0.283146,1.54536,0.907861,0.383919
H3_128C_pruned50_Mask_pruning,260-123286-0010.wav,generated_audios/generated_H3_128C_pruned50/260-123286-0010_generated.wav,2.575011,0.086795,0.08335,0.033707,0.032369,1.71586,0.914344,0.379939
H3_128C_pruned50_Mask_pruning,260-123286-0011.wav,generated_audios/generated_H3_128C_pruned50/260-123286-0011_generated.wav,4.255011,0.160926,0.157334,0.03782,0.036976,2.013407,0.909307,0.390734
H3_128C_pruned50_Mask_pruning,260-123286-0012.wav,generated_audios/generated_H3_128C_pruned50/260-123286-0012_generated.wav,2.430023,0.098144,0.094653,0.040388,0.038951,1.794407,0.915713,0.400005
H3_128C_pruned50_Mask_pruning,260-123286-0013.wav,generated_audios/generated_H3_128C_pruned50/260-123286-0013_generated.wav,4.730023,1.301738,1.298186,0.275208,0.274457,1.762865,0.900872,0.387981
H3_128C_pruned50_Mask_pruning,260-123286-0014.wav,generated_audios/generated_H3_128C_pruned50/260-123286-0014_generated.wav,2.98,0.118078,0.114831,0.039624,0.038534,1.465745,0.89757,0.354056
H3_128C_pruned50_Mask_pruning,260-123286-0015.wav,generated_audios/generated_H3_128C_pruned50/260-123286-0015_generated.wav,5.210023,1.469136,1.465598,0.281983,0.281304,1.756753,0.904841,0.39743
H3_128C_pruned50_Mask_pruning,260-123286-0016.wav,generated_audios/generated_H3_128C_pruned50/260-123286-0016_generated.wav,7.0,1.958621,1.954985,0.279803,0.279284,1.67193,0.907248,0.395524
H3_128C_pruned50_Mask_pruning,260-123286-0017.wav,generated_audios/generated_H3_128C_pruned50/260-123286-0017_generated.wav,3.975011,1.056475,1.053007,0.265779,0.264907,1.646209,0.902303,0.373286
H3_128C_pruned50_Mask_pruning,260-123286-0018.wav,generated_audios/generated_H3_128C_pruned50/260-123286-0018_generated.wav,5.670023,1.597483,1.593857,0.281742,0.281102,1.776574,0.903452,0.402009
H3_128C_pruned50_Mask_pruning,260-123286-0019.wav,generated_audios/generated_H3_128C_pruned50/260-123286-0019_generated.wav,11.905034,3.652141,3.648028,0.306773,0.306427,1.747283,0.913558,0.390249
H3_128C_pruned50_Mask_pruning,260-123286-0020.wav,generated_audios/generated_H3_128C_pruned50/260-123286-0020_generated.wav,3.06,0.118663,0.115271,0.038779,0.03767,1.627365,0.916492,0.31955
H3_128C_pruned50_Mask_pruning,260-123286-0021.wav,generated_audios/generated_H3_128C_pruned50/260-123286-0021_generated.wav,2.550023,0.699144,0.695824,0.274172,0.27287,2.167407,0.935331,0.396965
H3_128C_pruned50_Mask_pruning,260-123286-0022.wav,generated_audios/generated_H3_128C_pruned50/260-123286-0022_generated.wav,3.235011,0.901972,0.898283,0.278816,0.277675,1.577078,0.907144,0.37832
H3_128C_pruned50_Mask_pruning,260-123286-0023.wav,generated_audios/generated_H3_128C_pruned50/260-123286-0023_generated.wav,5.875011,1.688141,1.684307,0.287343,0.28669,1.725003,0.919903,0.412155
H3_128C_pruned50_Mask_pruning,260-123286-0024.wav,generated_audios/generated_H3_128C_pruned50/260-123286-0024_generated.wav,3.04,0.845804,0.842353,0.278225,0.27709,1.796851,0.897523,0.421377
H3_128C_pruned50_Mask_pruning,260-123286-0025.wav,generated_audios/generated_H3_128C_pruned50/260-123286-0025_generated.wav,9.205034,2.55052,2.546727,0.277079,0.276667,1.750453,0.895455,0.404136
H3_128C_pruned50_Mask_pruning,260-123286-0026.wav,generated_audios/generated_H3_128C_pruned50/260-123286-0026_generated.wav,6.94,1.902999,1.899412,0.274207,0.273691,1.675991,0.906173,0.410404
H3_128C_pruned50_Mask_pruning,260-123286-0027.wav,generated_audios/generated_H3_128C_pruned50/260-123286-0027_generated.wav,7.170023,2.10699,2.102883,0.293861,0.293288,1.620981,0.89387,0.404307
H3_128C_pruned50_Mask_pruning,260-123286-0028.wav,generated_audios/generated_H3_128C_pruned50/260-123286-0028_generated.wav,7.465034,2.080035,2.076282,0.278637,0.278134,1.673989,0.895177,0.401994
H3_128C_pruned50_Mask_pruning,260-123286-0029.wav,generated_audios/generated_H3_128C_pruned50/260-123286-0029_generated.wav,4.545034,0.155491,0.152081,0.034211,0.033461,1.635558,0.906325,0.383729
H3_128C_pruned50_Mask_pruning,260-123286-0030.wav,generated_audios/generated_H3_128C_pruned50/260-123286-0030_generated.wav,7.530023,0.267004,0.263446,0.035459,0.034986,1.56495,0.901673,0.414746
H3_128C_pruned50_Mask_pruning,260-123286-0031.wav,generated_audios/generated_H3_128C_pruned50/260-123286-0031_generated.wav,5.06,1.391191,1.387455,0.274939,0.274201,1.74647,0.903559,0.358308
H3_128C_pruned50_Mask_pruning,260-123288-0000.wav,generated_audios/generated_H3_128C_pruned50/260-123288-0000_generated.wav,3.04,0.09833,0.094988,0.032345,0.031246,1.606585,0.892607,0.393532
H3_128C_pruned50_Mask_pruning,260-123288-0001.wav,generated_audios/generated_H3_128C_pruned50/260-123288-0001_generated.wav,5.08,0.173017,0.169407,0.034058,0.033348,1.869187,0.909699,0.369808
H3_128C_pruned50_Mask_pruning,260-123288-0002.wav,generated_audios/generated_H3_128C_pruned50/260-123288-0002_generated.wav,7.250023,2.026036,2.022288,0.279452,0.278935,1.770842,0.904341,0.399896
H3_128C_pruned50_Mask_pruning,260-123288-0003.wav,generated_audios/generated_H3_128C_pruned50/260-123288-0003_generated.wav,8.905034,2.613026,2.608823,0.293433,0.29296,1.708125,0.917653,0.393967
H3_128C_pruned50_Mask_pruning,260-123288-0004.wav,generated_audios/generated_H3_128C_pruned50/260-123288-0004_generated.wav,4.310023,1.25534,1.25122,0.291261,0.290305,1.786382,0.896567,0.361467
H3_128C_pruned50_Mask_pruning,260-123288-0005.wav,generated_audios/generated_H3_128C_pruned50/260-123288-0005_generated.wav,12.550023,3.768311,3.763549,0.300263,0.299884,1.604299,0.903556,0.393381
H3_128C_pruned50_Mask_pruning,260-123288-0006.wav,generated_audios/generated_H3_128C_pruned50/260-123288-0006_generated.wav,4.88,1.361772,1.357999,0.279052,0.278278,1.775834,0.902965,0.36185
H3_128C_pruned50_Mask_pruning,260-123288-0007.wav,generated_audios/generated_H3_128C_pruned50/260-123288-0007_generated.wav,11.2,3.341269,3.337007,0.298328,0.297947,1.668374,0.914192,0.408854
H3_128C_pruned50_Mask_pruning,260-123288-0008.wav,generated_audios/generated_H3_128C_pruned50/260-123288-0008_generated.wav,5.515011,1.611718,1.608252,0.292242,0.291614,1.814911,0.905194,0.430143
H3_128C_pruned50_Mask_pruning,260-123288-0009.wav,generated_audios/generated_H3_128C_pruned50/260-123288-0009_generated.wav,3.435011,0.985741,0.982344,0.286969,0.28598,2.162144,0.91093,0.402059
H3_128C_pruned50_Mask_pruning,260-123288-0010.wav,generated_audios/generated_H3_128C_pruned50/260-123288-0010_generated.wav,9.995011,0.364647,0.360404,0.036483,0.036058,1.660315,0.907851,0.397699
H3_128C_pruned50_Mask_pruning,260-123288-0011.wav,generated_audios/generated_H3_128C_pruned50/260-123288-0011_generated.wav,8.98,2.702249,2.698043,0.300919,0.30045,1.725369,0.909991,0.385301
H3_128C_pruned50_Mask_pruning,260-123288-0012.wav,generated_audios/generated_H3_128C_pruned50/260-123288-0012_generated.wav,3.545034,1.016493,1.011447,0.286737,0.285314,2.13037,0.891448,0.40555
H3_128C_pruned50_Mask_pruning,260-123288-0013.wav,generated_audios/generated_H3_128C_pruned50/260-123288-0013_generated.wav,11.385079,3.637024,3.632512,0.319455,0.319059,1.756349,0.909455,0.401375
H3_128C_pruned50_Mask_pruning,260-123288-0014.wav,generated_audios/generated_H3_128C_pruned50/260-123288-0014_generated.wav,1.805034,0.080689,0.077315,0.044702,0.042833,1.658506,0.895249,0.393699
H3_128C_pruned50_Mask_pruning,260-123288-0015.wav,generated_audios/generated_H3_128C_pruned50/260-123288-0015_generated.wav,21.185034,6.370549,6.364559,0.30071,0.300427,1.68865,0.911481,0.401999
H3_128C_pruned50_Mask_pruning,260-123288-0016.wav,generated_audios/generated_H3_128C_pruned50/260-123288-0016_generated.wav,4.865034,1.45149,1.447502,0.298351,0.297532,1.808013,0.902175,0.397444
H3_128C_pruned50_Mask_pruning,260-123288-0017.wav,generated_audios/generated_H3_128C_pruned50/260-123288-0017_generated.wav,5.225034,1.458555,1.454967,0.279147,0.278461,1.877638,0.936203,0.39636
H3_128C_pruned50_Mask_pruning,260-123288-0018.wav,generated_audios/generated_H3_128C_pruned50/260-123288-0018_generated.wav,3.245034,0.940023,0.936892,0.289681,0.288716,1.768354,0.911778,0.41668
H3_128C_pruned50_Mask_pruning,260-123288-0019.wav,generated_audios/generated_H3_128C_pruned50/260-123288-0019_generated.wav,2.955011,0.114278,0.111026,0.038673,0.037572,1.65947,0.90738,0.383306
H3_128C_pruned50_Mask_pruning,260-123288-0020.wav,generated_audios/generated_H3_128C_pruned50/260-123288-0020_generated.wav,2.9,0.840911,0.83766,0.289969,0.288848,1.825769,0.91955,0.369766
H3_128C_pruned50_Mask_pruning,260-123288-0021.wav,generated_audios/generated_H3_128C_pruned50/260-123288-0021_generated.wav,2.710023,0.109587,0.106217,0.040438,0.039194,1.71319,0.904798,0.410771
H3_128C_pruned50_Mask_pruning,260-123288-0022.wav,generated_audios/generated_H3_128C_pruned50/260-123288-0022_generated.wav,3.705034,1.074506,1.071049,0.290012,0.28908,1.45227,0.896181,0.404822
H3_128C_pruned50_Mask_pruning,260-123288-0023.wav,generated_audios/generated_H3_128C_pruned50/260-123288-0023_generated.wav,2.385034,0.098506,0.094793,0.041302,0.039745,1.670209,0.9043,0.356456
H3_128C_pruned50_Mask_pruning,260-123288-0024.wav,generated_audios/generated_H3_128C_pruned50/260-123288-0024_generated.wav,14.595011,4.400003,4.39469,0.301473,0.301109,1.741473,0.910779,0.408328
H3_128C_pruned50_Mask_pruning,260-123288-0025.wav,generated_audios/generated_H3_128C_pruned50/260-123288-0025_generated.wav,13.445034,4.121855,4.117195,0.306571,0.306224,1.782992,0.907978,0.404423
H3_128C_pruned50_Mask_pruning,260-123288-0026.wav,generated_audios/generated_H3_128C_pruned50/260-123288-0026_generated.wav,16.04,5.200467,5.195811,0.324219,0.323928,1.70431,0.915117,0.408075
H3_128C_pruned50_Mask_pruning,260-123288-0027.wav,generated_audios/generated_H3_128C_pruned50/260-123288-0027_generated.wav,6.305034,1.793954,1.790008,0.284527,0.283901,1.823312,0.931425,0.399385
H3_128C_pruned50_Mask_pruning,260-123288-0028.wav,generated_audios/generated_H3_128C_pruned50/260-123288-0028_generated.wav,2.610023,0.765779,0.762325,0.2934,0.292076,1.896858,0.933428,0.381801
H3_128C_pruned50_Mask_pruning,260-123440-0000.wav,generated_audios/generated_H3_128C_pruned50/260-123440-0000_generated.wav,2.165034,0.605479,0.602202,0.279663,0.278149,1.610957,0.865974,0.437763
H3_128C_pruned50_Mask_pruning,260-123440-0001.wav,generated_audios/generated_H3_128C_pruned50/260-123440-0001_generated.wav,1.74,0.476299,0.472932,0.273735,0.2718,1.868807,0.902133,0.355327
H3_128C_pruned50_Mask_pruning,260-123440-0002.wav,generated_audios/generated_H3_128C_pruned50/260-123440-0002_generated.wav,14.715011,4.699277,4.694629,0.319353,0.319037,1.804526,0.899661,0.410253
H3_128C_pruned50_Mask_pruning,260-123440-0003.wav,generated_audios/generated_H3_128C_pruned50/260-123440-0003_generated.wav,3.585034,1.07157,1.068204,0.298901,0.297962,1.756433,0.920556,0.410559
H3_128C_pruned50_Mask_pruning,260-123440-0004.wav,generated_audios/generated_H3_128C_pruned50/260-123440-0004_generated.wav,12.02,3.656781,3.651789,0.304225,0.303809,1.726724,0.895125,0.408522
H3_128C_pruned50_Mask_pruning,260-123440-0005.wav,generated_audios/generated_H3_128C_pruned50/260-123440-0005_generated.wav,3.105034,0.121678,0.117854,0.039187,0.037956,1.664738,0.911391,0.425298
H3_128C_pruned50_Mask_pruning,260-123440-0006.wav,generated_audios/generated_H3_128C_pruned50/260-123440-0006_generated.wav,2.715011,0.088209,0.084886,0.032489,0.031265,1.604844,0.896551,0.439491
H3_128C_pruned50_Mask_pruning,260-123440-0007.wav,generated_audios/generated_H3_128C_pruned50/260-123440-0007_generated.wav,3.385034,0.996606,0.993186,0.294415,0.293405,1.455336,0.876732,0.438535
H3_128C_pruned50_Mask_pruning,260-123440-0008.wav,generated_audios/generated_H3_128C_pruned50/260-123440-0008_generated.wav,3.745034,1.118085,1.114551,0.298551,0.297608,1.756541,0.913869,0.410753
H3_128C_pruned50_Mask_pruning,260-123440-0009.wav,generated_audios/generated_H3_128C_pruned50/260-123440-0009_generated.wav,3.115011,0.933774,0.930701,0.299766,0.298779,1.883786,0.909205,0.410703
H3_128C_pruned50_Mask_pruning,260-123440-0010.wav,generated_audios/generated_H3_128C_pruned50/260-123440-0010_generated.wav,8.315011,2.531212,2.527329,0.304415,0.303948,1.654829,0.882517,0.435525
H3_128C_pruned50_Mask_pruning,260-123440-0011.wav,generated_audios/generated_H3_128C_pruned50/260-123440-0011_generated.wav,4.870023,0.166746,0.162979,0.034239,0.033466,1.985387,0.911311,0.420984
H3_128C_pruned50_Mask_pruning,260-123440-0012.wav,generated_audios/generated_H3_128C_pruned50/260-123440-0012_generated.wav,5.245034,1.550904,1.547598,0.29569,0.29506,1.401088,0.880519,0.460216
H3_128C_pruned50_Mask_pruning,260-123440-0013.wav,generated_audios/generated_H3_128C_pruned50/260-123440-0013_generated.wav,3.475011,1.022633,1.019474,0.294282,0.293373,1.627493,0.880751,0.459322
H3_128C_pruned50_Mask_pruning,260-123440-0014.wav,generated_audios/generated_H3_128C_pruned50/260-123440-0014_generated.wav,3.815011,1.138314,1.134726,0.298378,0.297437,1.948543,0.90255,0.43928
H3_128C_pruned50_Mask_pruning,260-123440-0015.wav,generated_audios/generated_H3_128C_pruned50/260-123440-0015_generated.wav,6.2,0.23772,0.233867,0.038342,0.037721,1.713182,0.914157,0.40018
H3_128C_pruned50_Mask_pruning,260-123440-0016.wav,generated_audios/generated_H3_128C_pruned50/260-123440-0016_generated.wav,4.895011,1.481603,1.477831,0.302676,0.301905,1.760917,0.924035,0.418312
H3_128C_pruned50_Mask_pruning,260-123440-0017.wav,generated_audios/generated_H3_128C_pruned50/260-123440-0017_generated.wav,3.070023,0.129721,0.126693,0.042254,0.041268,1.672492,0.903607,0.405164
H3_128C_pruned50_Mask_pruning,260-123440-0018.wav,generated_audios/generated_H3_128C_pruned50/260-123440-0018_generated.wav,3.64,1.098872,1.095439,0.301888,0.300945,1.83287,0.920902,0.423572
H3_128C_pruned50_Mask_pruning,260-123440-0019.wav,generated_audios/generated_H3_128C_pruned50/260-123440-0019_generated.wav,6.630023,2.023825,2.020192,0.305252,0.304704,1.693253,0.915278,0.411894
H3_128C_pruned50_Mask_pruning,260-123440-0020.wav,generated_audios/generated_H3_128C_pruned50/260-123440-0020_generated.wav,4.995011,1.503488,1.49981,0.300998,0.300262,1.650908,0.901762,0.422335
H3_128C_pruned50_Mask_pruning,61-70968-0000.wav,generated_audios/generated_H3_128C_pruned50/61-70968-0000_generated.wav,4.905034,1.478653,1.475145,0.301456,0.300741,1.45474,0.885612,0.396114
H3_128C_pruned50_Mask_pruning,61-70968-0001.wav,generated_audios/generated_H3_128C_pruned50/61-70968-0001_generated.wav,3.610023,1.087139,1.083934,0.301145,0.300257,1.616823,0.871478,0.383848
H3_128C_pruned50_Mask_pruning,61-70968-0002.wav,generated_audios/generated_H3_128C_pruned50/61-70968-0002_generated.wav,2.970023,0.878182,0.874719,0.295682,0.294516,1.667393,0.873735,0.390997
H3_128C_pruned50_Mask_pruning,61-70968-0003.wav,generated_audios/generated_H3_128C_pruned50/61-70968-0003_generated.wav,4.315011,0.153767,0.150425,0.035635,0.034861,1.666382,0.893243,0.396407
H3_128C_pruned50_Mask_pruning,61-70968-0004.wav,generated_audios/generated_H3_128C_pruned50/61-70968-0004_generated.wav,3.885034,1.170555,1.167054,0.301299,0.300397,1.542913,0.908716,0.405584
H3_128C_pruned50_Mask_pruning,61-70968-0005.wav,generated_audios/generated_H3_128C_pruned50/61-70968-0005_generated.wav,5.070023,0.179506,0.175583,0.035405,0.034632,1.4677,0.855169,0.402215
H3_128C_pruned50_Mask_pruning,61-70968-0006.wav,generated_audios/generated_H3_128C_pruned50/61-70968-0006_generated.wav,2.935011,0.825299,0.822008,0.281191,0.28007,1.562083,0.901052,0.394747
H3_128C_pruned50_Mask_pruning,61-70968-0007.wav,generated_audios/generated_H3_128C_pruned50/61-70968-0007_generated.wav,3.550023,0.132538,0.129435,0.037334,0.03646,1.566068,0.810666,0.395084
H3_128C_pruned50_Mask_pruning,61-70968-0008.wav,generated_audios/generated_H3_128C_pruned50/61-70968-0008_generated.wav,3.535011,0.130994,0.127462,0.037056,0.036057,1.470164,0.889194,0.393896
H3_128C_pruned50_Mask_pruning,61-70968-0009.wav,generated_audios/generated_H3_128C_pruned50/61-70968-0009_generated.wav,4.510023,1.351329,1.347591,0.299628,0.298799,1.562862,0.855154,0.393726
H3_128C_pruned50_Mask_pruning,61-70968-0010.wav,generated_audios/generated_H3_128C_pruned50/61-70968-0010_generated.wav,8.295011,2.390813,2.386437,0.288223,0.287695,1.532439,0.885218,0.395672
H3_128C_pruned50_Mask_pruning,61-70968-0011.wav,generated_audios/generated_H3_128C_pruned50/61-70968-0011_generated.wav,6.375011,1.84735,1.843338,0.28978,0.289151,1.508343,0.893211,0.391235
H3_128C_pruned50_Mask_pruning,61-70968-0012.wav,generated_audios/generated_H3_128C_pruned50/61-70968-0012_generated.wav,2.610023,0.104803,0.101542,0.040154,0.038905,1.812014,0.931089,0.406739
H3_128C_pruned50_Mask_pruning,61-70968-0013.wav,generated_audios/generated_H3_128C_pruned50/61-70968-0013_generated.wav,4.450023,0.159897,0.156081,0.035932,0.035074,1.862492,0.892011,0.388344
H3_128C_pruned50_Mask_pruning,61-70968-0014.wav,generated_audios/generated_H3_128C_pruned50/61-70968-0014_generated.wav,7.485034,2.279776,2.275674,0.304578,0.30403,1.65638,0.886606,0.388103
H3_128C_pruned50_Mask_pruning,61-70968-0015.wav,generated_audios/generated_H3_128C_pruned50/61-70968-0015_generated.wav,5.375011,1.548615,1.544789,0.288114,0.287402,1.522462,0.891483,0.402207
H3_128C_pruned50_Mask_pruning,61-70968-0016.wav,generated_audios/generated_H3_128C_pruned50/61-70968-0016_generated.wav,3.72,1.120017,1.116502,0.30108,0.300135,1.88829,0.922562,0.398671
H3_128C_pruned50_Mask_pruning,61-70968-0017.wav,generated_audios/generated_H3_128C_pruned50/61-70968-0017_generated.wav,5.110023,1.562229,1.55844,0.305719,0.304977,1.45694,0.890111,0.39205
H3_128C_pruned50_Mask_pruning,61-70968-0018.wav,generated_audios/generated_H3_128C_pruned50/61-70968-0018_generated.wav,2.405034,0.707404,0.704428,0.294135,0.292897,1.543518,0.913952,0.392078
H3_128C_pruned50_Mask_pruning,61-70968-0019.wav,generated_audios/generated_H3_128C_pruned50/61-70968-0019_generated.wav,5.475011,1.594388,1.59073,0.291212,0.290544,1.430678,0.889241,0.408069
H3_128C_pruned50_Mask_pruning,61-70968-0020.wav,generated_audios/generated_H3_128C_pruned50/61-70968-0020_generated.wav,5.105034,1.575554,1.571857,0.308627,0.307903,1.718205,0.87276,0.394194
H3_128C_pruned50_Mask_pruning,61-70968-0021.wav,generated_audios/generated_H3_128C_pruned50/61-70968-0021_generated.wav,2.690023,0.758913,0.755439,0.282121,0.28083,1.573433,0.868327,0.397579
H3_128C_pruned50_Mask_pruning,61-70968-0022.wav,generated_audios/generated_H3_128C_pruned50/61-70968-0022_generated.wav,4.670023,0.185012,0.181496,0.039617,0.038864,1.49276,0.867933,0.40353
H3_128C_pruned50_Mask_pruning,61-70968-0023.wav,generated_audios/generated_H3_128C_pruned50/61-70968-0023_generated.wav,5.025034,0.18123,0.17764,0.036065,0.035351,1.830392,0.903193,0.396565
H3_128C_pruned50_Mask_pruning,61-70968-0024.wav,generated_audios/generated_H3_128C_pruned50/61-70968-0024_generated.wav,6.025034,1.830729,1.826911,0.303854,0.30322,1.625922,0.874707,0.404418
H3_128C_pruned50_Mask_pruning,61-70968-0025.wav,generated_audios/generated_H3_128C_pruned50/61-70968-0025_generated.wav,4.410023,0.156116,0.152709,0.0354,0.034628,1.790154,0.890229,0.398426
H3_128C_pruned50_Mask_pruning,61-70968-0026.wav,generated_audios/generated_H3_128C_pruned50/61-70968-0026_generated.wav,4.92,1.417919,1.41425,0.288195,0.287449,1.539546,0.902103,0.387383
H3_128C_pruned50_Mask_pruning,61-70968-0027.wav,generated_audios/generated_H3_128C_pruned50/61-70968-0027_generated.wav,6.870023,2.008297,2.004808,0.292328,0.29182,1.564743,0.901299,0.385471
H3_128C_pruned50_Mask_pruning,61-70968-0028.wav,generated_audios/generated_H3_128C_pruned50/61-70968-0028_generated.wav,5.355011,1.654819,1.65121,0.309023,0.308349,1.765535,0.910261,0.387612
H3_128C_pruned50_Mask_pruning,61-70968-0029.wav,generated_audios/generated_H3_128C_pruned50/61-70968-0029_generated.wav,3.495011,1.050751,1.047713,0.300643,0.299774,1.84945,0.905152,0.386586
H3_128C_pruned50_Mask_pruning,61-70968-0030.wav,generated_audios/generated_H3_128C_pruned50/61-70968-0030_generated.wav,5.685034,1.65995,1.656191,0.291986,0.291325,1.648414,0.886306,0.384862
H3_128C_pruned50_Mask_pruning,61-70968-0031.wav,generated_audios/generated_H3_128C_pruned50/61-70968-0031_generated.wav,2.925034,0.889529,0.885879,0.304109,0.302861,1.583064,0.850784,0.380403
H3_128C_pruned50_Mask_pruning,61-70968-0032.wav,generated_audios/generated_H3_128C_pruned50/61-70968-0032_generated.wav,4.28,0.152301,0.150209,0.035584,0.035096,1.671799,0.899436,0.386087
H3_128C_pruned50_Mask_pruning,61-70968-0033.wav,generated_audios/generated_H3_128C_pruned50/61-70968-0033_generated.wav,5.685034,0.169001,0.166467,0.029727,0.029282,1.771826,0.918757,0.38961
H3_128C_pruned50_Mask_pruning,61-70968-0034.wav,generated_audios/generated_H3_128C_pruned50/61-70968-0034_generated.wav,4.230023,1.290801,1.287443,0.305152,0.304358,1.893667,0.914519,0.41556
H3_128C_pruned50_Mask_pruning,61-70968-0035.wav,generated_audios/generated_H3_128C_pruned50/61-70968-0035_generated.wav,7.950023,2.342365,2.338427,0.294636,0.294141,1.62366,0.892034,0.396943
H3_128C_pruned50_Mask_pruning,61-70968-0036.wav,generated_audios/generated_H3_128C_pruned50/61-70968-0036_generated.wav,2.934966,0.118542,0.115335,0.040389,0.039297,1.649831,0.87819,0.390897
H3_128C_pruned50_Mask_pruning,61-70968-0037.wav,generated_audios/generated_H3_128C_pruned50/61-70968-0037_generated.wav,4.315011,0.153843,0.150457,0.035653,0.034868,1.431535,0.854012,0.402094
H3_128C_pruned50_Mask_pruning,61-70968-0038.wav,generated_audios/generated_H3_128C_pruned50/61-70968-0038_generated.wav,2.050023,0.59886,0.595327,0.292124,0.2904,1.826515,0.837325,0.391548
H3_128C_pruned50_Mask_pruning,61-70968-0039.wav,generated_audios/generated_H3_128C_pruned50/61-70968-0039_generated.wav,3.805034,1.111753,1.10858,0.29218,0.291346,1.807966,0.870252,0.393717
H3_128C_pruned50_Mask_pruning,61-70968-0040.wav,generated_audios/generated_H3_128C_pruned50/61-70968-0040_generated.wav,3.950023,1.217068,1.21343,0.308117,0.307196,1.581167,0.878006,0.394054
H3_128C_pruned50_Mask_pruning,61-70968-0041.wav,generated_audios/generated_H3_128C_pruned50/61-70968-0041_generated.wav,6.825034,0.243034,0.239501,0.035609,0.035092,1.734468,0.881137,0.396886
H3_128C_pruned50_Mask_pruning,61-70968-0042.wav,generated_audios/generated_H3_128C_pruned50/61-70968-0042_generated.wav,2.785034,0.109586,0.105983,0.039348,0.038054,1.477147,0.876016,0.397202
H3_128C_pruned50_Mask_pruning,61-70968-0043.wav,generated_audios/generated_H3_128C_pruned50/61-70968-0043_generated.wav,6.735011,2.092375,2.088896,0.310671,0.310155,1.736996,0.866093,0.386459
H3_128C_pruned50_Mask_pruning,61-70968-0044.wav,generated_audios/generated_H3_128C_pruned50/61-70968-0044_generated.wav,2.770023,0.108435,0.104899,0.039146,0.037869,1.529016,0.85866,0.386283
H3_128C_pruned50_Mask_pruning,61-70968-0045.wav,generated_audios/generated_H3_128C_pruned50/61-70968-0045_generated.wav,3.475011,0.12762,0.124272,0.036725,0.035762,1.765329,0.852606,0.374694
H3_128C_pruned50_Mask_pruning,61-70968-0046.wav,generated_audios/generated_H3_128C_pruned50/61-70968-0046_generated.wav,3.550023,0.13304,0.129491,0.037476,0.036476,1.426156,0.899888,0.390322
H3_128C_pruned50_Mask_pruning,61-70968-0047.wav,generated_audios/generated_H3_128C_pruned50/61-70968-0047_generated.wav,4.775011,1.389264,1.385691,0.290945,0.290196,1.486164,0.882221,0.392001
H3_128C_pruned50_Mask_pruning,61-70968-0048.wav,generated_audios/generated_H3_128C_pruned50/61-70968-0048_generated.wav,3.02,0.919729,0.916295,0.304546,0.303409,1.55505,0.842617,0.382531
H3_128C_pruned50_Mask_pruning,61-70968-0049.wav,generated_audios/generated_H3_128C_pruned50/61-70968-0049_generated.wav,8.250023,2.570295,2.566129,0.31155,0.311045,1.654102,0.866472,0.390482
H3_128C_pruned50_Mask_pruning,61-70968-0050.wav,generated_audios/generated_H3_128C_pruned50/61-70968-0050_generated.wav,5.58,1.638073,1.63463,0.293561,0.292945,1.661532,0.873466,0.390396
H3_128C_pruned50_Mask_pruning,61-70968-0051.wav,generated_audios/generated_H3_128C_pruned50/61-70968-0051_generated.wav,3.135011,0.917867,0.914289,0.292779,0.291638,1.669401,0.853761,0.383623
H3_128C_pruned50_Mask_pruning,61-70968-0052.wav,generated_audios/generated_H3_128C_pruned50/61-70968-0052_generated.wav,2.650023,0.786092,0.78274,0.296636,0.295371,1.614819,0.906052,0.406988
H3_128C_pruned50_Mask_pruning,61-70968-0053.wav,generated_audios/generated_H3_128C_pruned50/61-70968-0053_generated.wav,4.22,0.16373,0.160104,0.038799,0.037939,1.872962,0.874355,0.393144
H3_128C_pruned50_Mask_pruning,61-70968-0054.wav,generated_audios/generated_H3_128C_pruned50/61-70968-0054_generated.wav,7.86,2.436862,2.433043,0.310033,0.309547,1.624803,0.891103,0.384749
H3_128C_pruned50_Mask_pruning,61-70968-0055.wav,generated_audios/generated_H3_128C_pruned50/61-70968-0055_generated.wav,3.965034,0.142785,0.139702,0.036011,0.035234,1.841756,0.862338,0.382953
H3_128C_pruned50_Mask_pruning,61-70968-0056.wav,generated_audios/generated_H3_128C_pruned50/61-70968-0056_generated.wav,3.565034,1.095345,1.091851,0.307247,0.306267,1.944921,0.908719,0.385533
H3_128C_pruned50_Mask_pruning,61-70968-0057.wav,generated_audios/generated_H3_128C_pruned50/61-70968-0057_generated.wav,5.065034,0.175013,0.171532,0.034553,0.033866,1.519058,0.852841,0.399225
H3_128C_pruned50_Mask_pruning,61-70968-0058.wav,generated_audios/generated_H3_128C_pruned50/61-70968-0058_generated.wav,1.82,0.507251,0.504107,0.27871,0.276982,1.558871,0.850251,0.385581
H3_128C_pruned50_Mask_pruning,61-70968-0059.wav,generated_audios/generated_H3_128C_pruned50/61-70968-0059_generated.wav,2.170023,0.086528,0.083098,0.039874,0.038294,1.677309,0.904743,0.404547
H3_128C_pruned50_Mask_pruning,61-70968-0060.wav,generated_audios/generated_H3_128C_pruned50/61-70968-0060_generated.wav,3.735011,0.149,0.146742,0.039893,0.039288,1.814836,0.899691,0.392915
H3_128C_pruned50_Mask_pruning,61-70968-0061.wav,generated_audios/generated_H3_128C_pruned50/61-70968-0061_generated.wav,5.530023,1.695092,1.691367,0.306525,0.305852,1.459809,0.868732,0.399085
H3_128C_pruned50_Mask_pruning,61-70968-0062.wav,generated_audios/generated_H3_128C_pruned50/61-70968-0062_generated.wav,2.555011,0.111824,0.108338,0.043767,0.042402,1.828582,0.85075,0.37888
H3_128C_pruned50_Mask_pruning,61-70970-0000.wav,generated_audios/generated_H3_128C_pruned50/61-70970-0000_generated.wav,6.075011,1.874313,1.870833,0.308528,0.307956,1.484668,0.913915,0.394433
H3_128C_pruned50_Mask_pruning,61-70970-0001.wav,generated_audios/generated_H3_128C_pruned50/61-70970-0001_generated.wav,6.155011,1.871059,1.867307,0.30399,0.30338,1.702746,0.927224,0.391123
H3_128C_pruned50_Mask_pruning,61-70970-0002.wav,generated_audios/generated_H3_128C_pruned50/61-70970-0002_generated.wav,4.165034,1.20799,1.204048,0.290031,0.289085,1.703781,0.868166,0.391676
H3_128C_pruned50_Mask_pruning,61-70970-0003.wav,generated_audios/generated_H3_128C_pruned50/61-70970-0003_generated.wav,3.835011,1.104,1.100449,0.287874,0.286948,1.634146,0.864341,0.376889
H3_128C_pruned50_Mask_pruning,61-70970-0004.wav,generated_audios/generated_H3_128C_pruned50/61-70970-0004_generated.wav,10.515011,3.197605,3.193824,0.304099,0.303739,1.776175,0.884028,0.381416
H3_128C_pruned50_Mask_pruning,61-70970-0005.wav,generated_audios/generated_H3_128C_pruned50/61-70970-0005_generated.wav,2.02,0.579873,0.576411,0.287066,0.285352,1.542836,0.868982,0.383331
H3_128C_pruned50_Mask_pruning,61-70970-0006.wav,generated_audios/generated_H3_128C_pruned50/61-70970-0006_generated.wav,2.335011,0.714673,0.711285,0.306068,0.304618,1.979251,0.901947,0.382259
H3_128C_pruned50_Mask_pruning,61-70970-0007.wav,generated_audios/generated_H3_128C_pruned50/61-70970-0007_generated.wav,4.485034,1.415674,1.41172,0.315644,0.314762,1.58049,0.887325,0.405629
H3_128C_pruned50_Mask_pruning,61-70970-0008.wav,generated_audios/generated_H3_128C_pruned50/61-70970-0008_generated.wav,2.150023,0.674382,0.670931,0.313663,0.312058,1.817145,0.853994,0.381826
H3_128C_pruned50_Mask_pruning,61-70970-0009.wav,generated_audios/generated_H3_128C_pruned50/61-70970-0009_generated.wav,3.405034,1.108822,1.105301,0.325642,0.324608,1.791874,0.907808,0.378037
H3_128C_pruned50_Mask_pruning,61-70970-0010.wav,generated_audios/generated_H3_128C_pruned50/61-70970-0010_generated.wav,3.045034,0.117451,0.114005,0.038571,0.03744,1.75346,0.888929,0.386361
H3_128C_pruned50_Mask_pruning,61-70970-0011.wav,generated_audios/generated_H3_128C_pruned50/61-70970-0011_generated.wav,6.075011,0.182351,0.178325,0.030017,0.029354,1.569243,0.860776,0.391547
H3_128C_pruned50_Mask_pruning,61-70970-0012.wav,generated_audios/generated_H3_128C_pruned50/61-70970-0012_generated.wav,3.135011,0.118764,0.115658,0.037883,0.036892,1.554533,0.906581,0.383346
H3_128C_pruned50_Mask_pruning,61-70970-0013.wav,generated_audios/generated_H3_128C_pruned50/61-70970-0013_generated.wav,4.350023,1.35708,1.353744,0.311971,0.311204,1.511061,0.898331,0.393831
H3_128C_pruned50_Mask_pruning,61-70970-0014.wav,generated_audios/generated_H3_128C_pruned50/61-70970-0014_generated.wav,3.405034,0.105618,0.102074,0.031018,0.029977,1.707452,0.925685,0.392675
H3_128C_pruned50_Mask_pruning,61-70970-0015.wav,generated_audios/generated_H3_128C_pruned50/61-70970-0015_generated.wav,8.415011,2.646905,2.642573,0.314546,0.314031,1.5698,0.910385,0.392054
H3_128C_pruned50_Mask_pruning,61-70970-0016.wav,generated_audios/generated_H3_128C_pruned50/61-70970-0016_generated.wav,4.370023,1.373246,1.369394,0.314242,0.313361,1.625494,0.923707,0.392328
H3_128C_pruned50_Mask_pruning,61-70970-0017.wav,generated_audios/generated_H3_128C_pruned50/61-70970-0017_generated.wav,2.550023,0.099135,0.095763,0.038876,0.037554,1.552607,0.870461,0.395537
H3_128C_pruned50_Mask_pruning,61-70970-0018.wav,generated_audios/generated_H3_128C_pruned50/61-70970-0018_generated.wav,4.6,1.346062,1.342565,0.292622,0.291862,1.511772,0.876175,0.40119
H3_128C_pruned50_Mask_pruning,61-70970-0019.wav,generated_audios/generated_H3_128C_pruned50/61-70970-0019_generated.wav,3.78,1.155714,1.152088,0.305744,0.304785,1.738426,0.889247,0.395841
H3_128C_pruned50_Mask_pruning,61-70970-0020.wav,generated_audios/generated_H3_128C_pruned50/61-70970-0020_generated.wav,5.025034,0.17801,0.174596,0.035425,0.034745,1.62771,0.875822,0.394684
H3_128C_pruned50_Mask_pruning,61-70970-0021.wav,generated_audios/generated_H3_128C_pruned50/61-70970-0021_generated.wav,5.405034,1.580707,1.57721,0.292451,0.291804,1.567062,0.880146,0.394696
H3_128C_pruned50_Mask_pruning,61-70970-0022.wav,generated_audios/generated_H3_128C_pruned50/61-70970-0022_generated.wav,3.970023,0.142875,0.139416,0.035988,0.035117,1.556247,0.869052,0.404275
H3_128C_pruned50_Mask_pruning,61-70970-0023.wav,generated_audios/generated_H3_128C_pruned50/61-70970-0023_generated.wav,3.705034,0.136529,0.132971,0.03685,0.035889,1.452739,0.914013,0.397429
H3_128C_pruned50_Mask_pruning,61-70970-0024.wav,generated_audios/generated_H3_128C_pruned50/61-70970-0024_generated.wav,7.235011,2.20559,2.201811,0.30485,0.304327,1.628116,0.913128,0.402053
H3_128C_pruned50_Mask_pruning,61-70970-0025.wav,generated_audios/generated_H3_128C_pruned50/61-70970-0025_generated.wav,7.435011,2.29052,2.287814,0.308072,0.307708,1.680804,0.917611,0.392207
H3_128C_pruned50_Mask_pruning,61-70970-0026.wav,generated_audios/generated_H3_128C_pruned50/61-70970-0026_generated.wav,5.475011,0.210676,0.206835,0.03848,0.037778,1.746146,0.891729,0.392455
H3_128C_pruned50_Mask_pruning,61-70970-0027.wav,generated_audios/generated_H3_128C_pruned50/61-70970-0027_generated.wav,5.08,0.178961,0.175064,0.035229,0.034461,1.583429,0.899963,0.394974
H3_128C_pruned50_Mask_pruning,61-70970-0028.wav,generated_audios/generated_H3_128C_pruned50/61-70970-0028_generated.wav,6.550023,0.243171,0.239339,0.037125,0.03654,1.617256,0.911399,0.387191
H3_128C_pruned50_Mask_pruning,61-70970-0029.wav,generated_audios/generated_H3_128C_pruned50/61-70970-0029_generated.wav,4.030023,0.147227,0.143619,0.036533,0.035637,1.842328,0.89687,0.387258
H3_128C_pruned50_Mask_pruning,61-70970-0030.wav,generated_audios/generated_H3_128C_pruned50/61-70970-0030_generated.wav,3.24,0.12298,0.119575,0.037957,0.036906,1.449391,0.880949,0.411289
H3_128C_pruned50_Mask_pruning,61-70970-0031.wav,generated_audios/generated_H3_128C_pruned50/61-70970-0031_generated.wav,5.135011,1.568848,1.565174,0.30552,0.304804,1.385272,0.88086,0.392102
H3_128C_pruned50_Mask_pruning,61-70970-0032.wav,generated_audios/generated_H3_128C_pruned50/61-70970-0032_generated.wav,3.135011,0.116951,0.113391,0.037305,0.036169,1.468809,0.899651,0.396158
H3_128C_pruned50_Mask_pruning,61-70970-0033.wav,generated_audios/generated_H3_128C_pruned50/61-70970-0033_generated.wav,3.42,0.987634,0.984139,0.288782,0.28776,1.486168,0.890328,0.400841
H3_128C_pruned50_Mask_pruning,61-70970-0034.wav,generated_audios/generated_H3_128C_pruned50/61-70970-0034_generated.wav,4.485034,0.153846,0.150207,0.034302,0.033491,1.464494,0.86966,0.399302
H3_128C_pruned50_Mask_pruning,61-70970-0035.wav,generated_audios/generated_H3_128C_pruned50/61-70970-0035_generated.wav,7.405034,0.266767,0.262848,0.036025,0.035496,1.580558,0.898464,0.387827
H3_128C_pruned50_Mask_pruning,61-70970-0036.wav,generated_audios/generated_H3_128C_pruned50/61-70970-0036_generated.wav,6.785034,0.242978,0.238686,0.035811,0.035178,1.609546,0.898708,0.386172
H3_128C_pruned50_Mask_pruning,61-70970-0037.wav,generated_audios/generated_H3_128C_pruned50/61-70970-0037_generated.wav,5.98,1.824819,1.82101,0.305154,0.304517,1.687812,0.900133,0.396483
H3_128C_pruned50_Mask_pruning,61-70970-0038.wav,generated_audios/generated_H3_128C_pruned50/61-70970-0038_generated.wav,10.4,3.189248,3.184603,0.306658,0.306212,1.552894,0.894125,0.393681
H3_128C_pruned50_Mask_pruning,61-70970-0039.wav,generated_audios/generated_H3_128C_pruned50/61-70970-0039_generated.wav,6.665034,0.226917,0.222555,0.034046,0.033391,1.46579,0.87904,0.403933
H3_128C_pruned50_Mask_pruning,61-70970-0040.wav,generated_audios/generated_H3_128C_pruned50/61-70970-0040_generated.wav,4.165034,0.150129,0.146334,0.036045,0.035134,1.470945,0.914093,0.388316
H3_128C_pruned50_Mask_pruning,672-122797-0000.wav,generated_audios/generated_H3_128C_pruned50/672-122797-0000_generated.wav,4.070023,1.252899,1.24936,0.307836,0.306966,1.787694,0.906171,0.401038
H3_128C_pruned50_Mask_pruning,672-122797-0001.wav,generated_audios/generated_H3_128C_pruned50/672-122797-0001_generated.wav,15.130023,4.826952,4.822196,0.319031,0.318717,1.871588,0.903706,0.39848
H3_128C_pruned50_Mask_pruning,672-122797-0002.wav,generated_audios/generated_H3_128C_pruned50/672-122797-0002_generated.wav,13.62,4.003728,3.998182,0.293959,0.293552,1.818774,0.911197,0.389087
H3_128C_pruned50_Mask_pruning,672-122797-0003.wav,generated_audios/generated_H3_128C_pruned50/672-122797-0003_generated.wav,4.76,1.472453,1.468574,0.309339,0.308524,1.593834,0.878445,0.390663
H3_128C_pruned50_Mask_pruning,672-122797-0004.wav,generated_audios/generated_H3_128C_pruned50/672-122797-0004_generated.wav,10.250023,3.096635,3.092509,0.30211,0.301707,1.839095,0.873466,0.40294
H3_128C_pruned50_Mask_pruning,672-122797-0005.wav,generated_audios/generated_H3_128C_pruned50/672-122797-0005_generated.wav,3.26,0.985301,0.981721,0.302239,0.301141,1.825815,0.837842,0.387789
H3_128C_pruned50_Mask_pruning,672-122797-0006.wav,generated_audios/generated_H3_128C_pruned50/672-122797-0006_generated.wav,13.950023,4.563601,4.55907,0.327139,0.326815,1.52524,0.794415,0.44458
H3_128C_pruned50_Mask_pruning,672-122797-0007.wav,generated_audios/generated_H3_128C_pruned50/672-122797-0007_generated.wav,6.42,1.963814,1.959519,0.30589,0.305221,1.812782,0.827808,0.403687
H3_128C_pruned50_Mask_pruning,672-122797-0008.wav,generated_audios/generated_H3_128C_pruned50/672-122797-0008_generated.wav,30.810023,9.722336,9.715456,0.315558,0.315334,1.809645,0.83815,0.398343
H3_128C_pruned50_Mask_pruning,672-122797-0009.wav,generated_audios/generated_H3_128C_pruned50/672-122797-0009_generated.wav,2.765034,0.110035,0.106426,0.039795,0.03849,1.433388,0.778074,0.473912
H3_128C_pruned50_Mask_pruning,672-122797-0010.wav,generated_audios/generated_H3_128C_pruned50/672-122797-0010_generated.wav,3.815011,0.145449,0.141836,0.038125,0.037178,1.768855,0.863218,0.417589
H3_128C_pruned50_Mask_pruning,672-122797-0011.wav,generated_audios/generated_H3_128C_pruned50/672-122797-0011_generated.wav,2.54,0.816355,0.812773,0.3214,0.31999,1.469381,0.816949,0.494754
H3_128C_pruned50_Mask_pruning,672-122797-0012.wav,generated_audios/generated_H3_128C_pruned50/672-122797-0012_generated.wav,7.765034,2.484611,2.481029,0.319974,0.319513,1.675128,0.858673,0.418099
H3_128C_pruned50_Mask_pruning,672-122797-0013.wav,generated_audios/generated_H3_128C_pruned50/672-122797-0013_generated.wav,8.705034,2.782395,2.777991,0.319631,0.319125,1.71251,0.815432,0.42678
H3_128C_pruned50_Mask_pruning,672-122797-0014.wav,generated_audios/generated_H3_128C_pruned50/672-122797-0014_generated.wav,2.555011,0.099962,0.096402,0.039124,0.03773,1.814891,0.847144,0.449565
H3_128C_pruned50_Mask_pruning,672-122797-0015.wav,generated_audios/generated_H3_128C_pruned50/672-122797-0015_generated.wav,4.455011,0.158501,0.154736,0.035578,0.034733,1.729739,0.827065,0.462369
H3_128C_pruned50_Mask_pruning,672-122797-0016.wav,generated_audios/generated_H3_128C_pruned50/672-122797-0016_generated.wav,9.215011,2.851206,2.846946,0.309409,0.308947,1.518915,0.821941,0.442328
H3_128C_pruned50_Mask_pruning,672-122797-0017.wav,generated_audios/generated_H3_128C_pruned50/672-122797-0017_generated.wav,4.82,1.483171,1.479247,0.307712,0.306898,1.363868,0.817961,0.469447
H3_128C_pruned50_Mask_pruning,672-122797-0018.wav,generated_audios/generated_H3_128C_pruned50/672-122797-0018_generated.wav,4.930023,1.535065,1.531362,0.311371,0.31062,1.768148,0.864287,0.404851
H3_128C_pruned50_Mask_pruning,672-122797-0019.wav,generated_audios/generated_H3_128C_pruned50/672-122797-0019_generated.wav,4.110023,1.217885,1.214154,0.296321,0.295413,1.987495,0.843731,0.42711
H3_128C_pruned50_Mask_pruning,672-122797-0020.wav,generated_audios/generated_H3_128C_pruned50/672-122797-0020_generated.wav,8.825034,2.764958,2.760688,0.313308,0.312825,1.679563,0.833239,0.405321
H3_128C_pruned50_Mask_pruning,672-122797-0021.wav,generated_audios/generated_H3_128C_pruned50/672-122797-0021_generated.wav,4.150023,0.152869,0.149217,0.036836,0.035956,1.834465,0.90813,0.394639
H3_128C_pruned50_Mask_pruning,672-122797-0022.wav,generated_audios/generated_H3_128C_pruned50/672-122797-0022_generated.wav,19.004943,5.955955,5.950943,0.31339,0.313126,1.805288,0.829042,0.393443
H3_128C_pruned50_Mask_pruning,672-122797-0023.wav,generated_audios/generated_H3_128C_pruned50/672-122797-0023_generated.wav,9.695102,2.979325,2.97493,0.307302,0.306849,1.706394,0.857905,0.396519
H3_128C_pruned50_Mask_pruning,672-122797-0024.wav,generated_audios/generated_H3_128C_pruned50/672-122797-0024_generated.wav,4.130023,1.244625,1.240943,0.30136,0.300469,1.553044,0.802293,0.39009
H3_128C_pruned50_Mask_pruning,672-122797-0025.wav,generated_audios/generated_H3_128C_pruned50/672-122797-0025_generated.wav,10.690023,3.349146,3.344627,0.313296,0.312874,1.801467,0.889822,0.400405
H3_128C_pruned50_Mask_pruning,672-122797-0026.wav,generated_audios/generated_H3_128C_pruned50/672-122797-0026_generated.wav,13.96,4.380434,4.375275,0.313785,0.313415,1.691732,0.853102,0.396487
H3_128C_pruned50_Mask_pruning,672-122797-0027.wav,generated_audios/generated_H3_128C_pruned50/672-122797-0027_generated.wav,4.790023,0.174226,0.170197,0.036373,0.035532,1.630427,0.81159,0.388091
H3_128C_pruned50_Mask_pruning,672-122797-0028.wav,generated_audios/generated_H3_128C_pruned50/672-122797-0028_generated.wav,2.610023,0.102289,0.098834,0.039191,0.037867,1.747438,0.886898,0.399519
H3_128C_pruned50_Mask_pruning,672-122797-0029.wav,generated_audios/generated_H3_128C_pruned50/672-122797-0029_generated.wav,3.050023,0.115324,0.111765,0.037811,0.036644,2.437485,0.917038,0.403189
H3_128C_pruned50_Mask_pruning,672-122797-0030.wav,generated_audios/generated_H3_128C_pruned50/672-122797-0030_generated.wav,4.575011,1.396952,1.393889,0.305344,0.304674,1.607572,0.876978,0.431918
H3_128C_pruned50_Mask_pruning,672-122797-0031.wav,generated_audios/generated_H3_128C_pruned50/672-122797-0031_generated.wav,3.98,0.151474,0.147527,0.038059,0.037067,1.470419,0.848116,0.429443
H3_128C_pruned50_Mask_pruning,672-122797-0032.wav,generated_audios/generated_H3_128C_pruned50/672-122797-0032_generated.wav,4.0,0.143402,0.140384,0.03585,0.035096,1.578135,0.843165,0.39209
H3_128C_pruned50_Mask_pruning,672-122797-0033.wav,generated_audios/generated_H3_128C_pruned50/672-122797-0033_generated.wav,1.285034,0.354864,0.351828,0.276152,0.273789,1.239365,0.754335,0.457844
H3_128C_pruned50_Mask_pruning,672-122797-0034.wav,generated_audios/generated_H3_128C_pruned50/672-122797-0034_generated.wav,5.110023,0.185248,0.181509,0.036252,0.03552,1.342971,0.884852,0.42642
H3_128C_pruned50_Mask_pruning,672-122797-0035.wav,generated_audios/generated_H3_128C_pruned50/672-122797-0035_generated.wav,2.9,0.113321,0.109867,0.039076,0.037885,2.106512,0.885035,0.412876
H3_128C_pruned50_Mask_pruning,672-122797-0036.wav,generated_audios/generated_H3_128C_pruned50/672-122797-0036_generated.wav,5.365034,0.191548,0.187836,0.035703,0.035011,1.336632,0.774816,0.462046
H3_128C_pruned50_Mask_pruning,672-122797-0037.wav,generated_audios/generated_H3_128C_pruned50/672-122797-0037_generated.wav,1.96,0.57111,0.567506,0.291383,0.289544,1.302667,0.745128,0.523963
H3_128C_pruned50_Mask_pruning,672-122797-0038.wav,generated_audios/generated_H3_128C_pruned50/672-122797-0038_generated.wav,8.8,2.783178,2.779127,0.31627,0.31581,1.740824,0.8431,0.402546
H3_128C_pruned50_Mask_pruning,672-122797-0039.wav,generated_audios/generated_H3_128C_pruned50/672-122797-0039_generated.wav,4.025034,1.239307,1.235321,0.3079,0.30691,1.817218,0.868851,0.433741
H3_128C_pruned50_Mask_pruning,672-122797-0040.wav,generated_audios/generated_H3_128C_pruned50/672-122797-0040_generated.wav,5.125034,0.191978,0.188383,0.037459,0.036757,1.540081,0.861117,0.401986
H3_128C_pruned50_Mask_pruning,672-122797-0041.wav,generated_audios/generated_H3_128C_pruned50/672-122797-0041_generated.wav,3.88,0.141608,0.137954,0.036497,0.035555,1.801137,0.881767,0.394563
H3_128C_pruned50_Mask_pruning,672-122797-0042.wav,generated_audios/generated_H3_128C_pruned50/672-122797-0042_generated.wav,15.310023,4.824241,4.819548,0.315103,0.314797,1.74781,0.732281,0.38599
H3_128C_pruned50_Mask_pruning,672-122797-0043.wav,generated_audios/generated_H3_128C_pruned50/672-122797-0043_generated.wav,3.78,0.140904,0.13734,0.037276,0.036333,1.355097,0.763269,0.4386
H3_128C_pruned50_Mask_pruning,672-122797-0044.wav,generated_audios/generated_H3_128C_pruned50/672-122797-0044_generated.wav,3.74,0.134733,0.132484,0.036025,0.035423,2.042722,0.837581,0.393863
H3_128C_pruned50_Mask_pruning,672-122797-0045.wav,generated_audios/generated_H3_128C_pruned50/672-122797-0045_generated.wav,13.96,0.487824,0.482984,0.034944,0.034598,1.72063,0.900822,0.394221
H3_128C_pruned50_Mask_pruning,672-122797-0046.wav,generated_audios/generated_H3_128C_pruned50/672-122797-0046_generated.wav,4.715011,1.445296,1.440961,0.306531,0.305611,1.882017,0.860958,0.428883
H3_128C_pruned50_Mask_pruning,672-122797-0047.wav,generated_audios/generated_H3_128C_pruned50/672-122797-0047_generated.wav,3.325034,1.015924,1.012471,0.305538,0.304499,1.822232,0.830186,0.474404
H3_128C_pruned50_Mask_pruning,672-122797-0048.wav,generated_audios/generated_H3_128C_pruned50/672-122797-0048_generated.wav,6.555011,0.243247,0.239248,0.037109,0.036499,1.592992,0.765006,0.407201
H3_128C_pruned50_Mask_pruning,672-122797-0049.wav,generated_audios/generated_H3_128C_pruned50/672-122797-0049_generated.wav,2.02,0.084159,0.080624,0.041663,0.039913,1.27164,0.752928,0.419565
H3_128C_pruned50_Mask_pruning,672-122797-0050.wav,generated_audios/generated_H3_128C_pruned50/672-122797-0050_generated.wav,4.855011,1.500279,1.496636,0.309017,0.308266,1.649622,0.867575,0.395018
H3_128C_pruned50_Mask_pruning,672-122797-0051.wav,generated_audios/generated_H3_128C_pruned50/672-122797-0051_generated.wav,4.665034,1.477704,1.47401,0.316762,0.31597,1.775789,0.853998,0.440671
H3_128C_pruned50_Mask_pruning,672-122797-0052.wav,generated_audios/generated_H3_128C_pruned50/672-122797-0052_generated.wav,4.285034,1.288156,1.284461,0.300617,0.299755,1.536176,0.86064,0.429841
H3_128C_pruned50_Mask_pruning,672-122797-0053.wav,generated_audios/generated_H3_128C_pruned50/672-122797-0053_generated.wav,2.955011,0.114485,0.111179,0.038743,0.037624,1.701789,0.853856,0.398092
H3_128C_pruned50_Mask_pruning,672-122797-0054.wav,generated_audios/generated_H3_128C_pruned50/672-122797-0054_generated.wav,4.250023,0.166259,0.162702,0.03912,0.038283,2.081046,0.812951,0.402912
H3_128C_pruned50_Mask_pruning,672-122797-0055.wav,generated_audios/generated_H3_128C_pruned50/672-122797-0055_generated.wav,8.230023,2.462392,2.458339,0.299196,0.298704,1.719468,0.832838,0.391878
H3_128C_pruned50_Mask_pruning,672-122797-0056.wav,generated_audios/generated_H3_128C_pruned50/672-122797-0056_generated.wav,5.225034,0.185608,0.181491,0.035523,0.034735,1.69744,0.876934,0.39138
H3_128C_pruned50_Mask_pruning,672-122797-0057.wav,generated_audios/generated_H3_128C_pruned50/672-122797-0057_generated.wav,6.56,0.229468,0.225465,0.03498,0.03437,1.925464,0.800089,0.417324
H3_128C_pruned50_Mask_pruning,672-122797-0058.wav,generated_audios/generated_H3_128C_pruned50/672-122797-0058_generated.wav,4.470023,1.387741,1.38398,0.310455,0.309614,1.222317,0.778141,0.443782
H3_128C_pruned50_Mask_pruning,672-122797-0059.wav,generated_audios/generated_H3_128C_pruned50/672-122797-0059_generated.wav,3.52,1.068609,1.064838,0.303582,0.302511,1.862554,0.873043,0.406007
H3_128C_pruned50_Mask_pruning,672-122797-0060.wav,generated_audios/generated_H3_128C_pruned50/672-122797-0060_generated.wav,3.350023,0.131308,0.127886,0.039196,0.038175,2.064864,0.925411,0.398287
H3_128C_pruned50_Mask_pruning,672-122797-0061.wav,generated_audios/generated_H3_128C_pruned50/672-122797-0061_generated.wav,7.590023,2.43063,2.42628,0.32024,0.319667,1.583001,0.866714,0.44685
H3_128C_pruned50_Mask_pruning,672-122797-0062.wav,generated_audios/generated_H3_128C_pruned50/672-122797-0062_generated.wav,2.675011,0.851249,0.847594,0.318223,0.316856,1.711409,0.756789,0.398996
H3_128C_pruned50_Mask_pruning,672-122797-0063.wav,generated_audios/generated_H3_128C_pruned50/672-122797-0063_generated.wav,5.075011,0.176221,0.172561,0.034723,0.034002,1.828599,0.874795,0.404533
H3_128C_pruned50_Mask_pruning,672-122797-0064.wav,generated_audios/generated_H3_128C_pruned50/672-122797-0064_generated.wav,15.270023,4.760053,4.755102,0.311725,0.311401,1.889181,0.845239,0.413907
H3_128C_pruned50_Mask_pruning,672-122797-0065.wav,generated_audios/generated_H3_128C_pruned50/672-122797-0065_generated.wav,3.030023,0.114144,0.110592,0.037671,0.036499,1.659863,0.849942,0.421797
H3_128C_pruned50_Mask_pruning,672-122797-0066.wav,generated_audios/generated_H3_128C_pruned50/672-122797-0066_generated.wav,4.815011,0.172775,0.169098,0.035883,0.035119,1.732166,0.909713,0.396871
H3_128C_pruned50_Mask_pruning,672-122797-0067.wav,generated_audios/generated_H3_128C_pruned50/672-122797-0067_generated.wav,13.035011,3.92169,3.917006,0.300858,0.300499,1.83311,0.894066,0.397886
H3_128C_pruned50_Mask_pruning,672-122797-0068.wav,generated_audios/generated_H3_128C_pruned50/672-122797-0068_generated.wav,4.02,0.148044,0.144184,0.036827,0.035867,1.622048,0.844538,0.400241
H3_128C_pruned50_Mask_pruning,672-122797-0069.wav,generated_audios/generated_H3_128C_pruned50/672-122797-0069_generated.wav,5.010023,1.592288,1.588465,0.31782,0.317057,1.808275,0.813949,0.397493
H3_128C_pruned50_Mask_pruning,672-122797-0070.wav,generated_audios/generated_H3_128C_pruned50/672-122797-0070_generated.wav,6.270023,1.845376,1.841465,0.294317,0.293693,1.648827,0.907201,0.399008
H3_128C_pruned50_Mask_pruning,672-122797-0071.wav,generated_audios/generated_H3_128C_pruned50/672-122797-0071_generated.wav,8.875011,2.794386,2.789779,0.31486,0.314341,1.838269,0.910807,0.398579
H3_128C_pruned50_Mask_pruning,672-122797-0072.wav,generated_audios/generated_H3_128C_pruned50/672-122797-0072_generated.wav,7.94,2.551451,2.547441,0.321341,0.320836,1.821357,0.838308,0.39735
H3_128C_pruned50_Mask_pruning,672-122797-0073.wav,generated_audios/generated_H3_128C_pruned50/672-122797-0073_generated.wav,8.205034,2.583487,2.579172,0.314866,0.31434,1.939785,0.887074,0.391718
H3_128C_pruned50_Mask_pruning,672-122797-0074.wav,generated_audios/generated_H3_128C_pruned50/672-122797-0074_generated.wav,8.730023,2.760368,2.756229,0.316193,0.315718,1.96404,0.729852,0.392441
H3_128C_pruned50_Mask_pruning,908-157963-0000.wav,generated_audios/generated_H3_128C_pruned50/908-157963-0000_generated.wav,12.62,3.751197,3.746282,0.297242,0.296853,1.761148,0.876438,0.424457
H3_128C_pruned50_Mask_pruning,908-157963-0001.wav,generated_audios/generated_H3_128C_pruned50/908-157963-0001_generated.wav,2.885034,0.895201,0.891469,0.310291,0.308998,1.787753,0.920188,0.429995
H3_128C_pruned50_Mask_pruning,908-157963-0002.wav,generated_audios/generated_H3_128C_pruned50/908-157963-0002_generated.wav,2.755011,0.850027,0.846559,0.308539,0.30728,1.685661,0.903181,0.429006
H3_128C_pruned50_Mask_pruning,908-157963-0003.wav,generated_audios/generated_H3_128C_pruned50/908-157963-0003_generated.wav,3.08,0.947247,0.943819,0.307548,0.306435,1.852129,0.912418,0.421413
H3_128C_pruned50_Mask_pruning,908-157963-0004.wav,generated_audios/generated_H3_128C_pruned50/908-157963-0004_generated.wav,13.990023,4.375119,4.370068,0.312731,0.31237,1.802966,0.880503,0.420592
H3_128C_pruned50_Mask_pruning,908-157963-0005.wav,generated_audios/generated_H3_128C_pruned50/908-157963-0005_generated.wav,7.035011,2.15154,2.146801,0.305833,0.30516,1.942039,0.873193,0.413381
H3_128C_pruned50_Mask_pruning,908-157963-0006.wav,generated_audios/generated_H3_128C_pruned50/908-157963-0006_generated.wav,8.110023,2.524427,2.520368,0.311272,0.310772,1.660766,0.8755,0.426933
H3_128C_pruned50_Mask_pruning,908-157963-0007.wav,generated_audios/generated_H3_128C_pruned50/908-157963-0007_generated.wav,32.770023,10.47058,10.46387,0.319517,0.319312,1.702176,0.87321,0.423295
H3_128C_pruned50_Mask_pruning,908-157963-0008.wav,generated_audios/generated_H3_128C_pruned50/908-157963-0008_generated.wav,19.950023,6.274041,6.268463,0.314488,0.314208,1.690621,0.888393,0.416156
H3_128C_pruned50_Mask_pruning,908-157963-0009.wav,generated_audios/generated_H3_128C_pruned50/908-157963-0009_generated.wav,4.06,1.269637,1.265706,0.312718,0.31175,1.687976,0.899444,0.422039
H3_128C_pruned50_Mask_pruning,908-157963-0010.wav,generated_audios/generated_H3_128C_pruned50/908-157963-0010_generated.wav,6.28,0.214562,0.210727,0.034166,0.033555,1.888643,0.831532,0.40462
H3_128C_pruned50_Mask_pruning,908-157963-0011.wav,generated_audios/generated_H3_128C_pruned50/908-157963-0011_generated.wav,10.395011,0.36318,0.358927,0.034938,0.034529,1.551359,0.868381,0.420472
H3_128C_pruned50_Mask_pruning,908-157963-0012.wav,generated_audios/generated_H3_128C_pruned50/908-157963-0012_generated.wav,10.090023,3.125053,3.121069,0.309717,0.309322,1.649842,0.851197,0.403283
H3_128C_pruned50_Mask_pruning,908-157963-0013.wav,generated_audios/generated_H3_128C_pruned50/908-157963-0013_generated.wav,4.315011,0.158451,0.154075,0.036721,0.035707,1.635818,0.89784,0.436839
H3_128C_pruned50_Mask_pruning,908-157963-0014.wav,generated_audios/generated_H3_128C_pruned50/908-157963-0014_generated.wav,4.52,0.159891,0.156336,0.035374,0.034588,1.845204,0.88396,0.424445
H3_128C_pruned50_Mask_pruning,908-157963-0015.wav,generated_audios/generated_H3_128C_pruned50/908-157963-0015_generated.wav,14.465034,4.255169,4.250969,0.294169,0.293879,1.724207,0.895971,0.422938
H3_128C_pruned50_Mask_pruning,908-157963-0016.wav,generated_audios/generated_H3_128C_pruned50/908-157963-0016_generated.wav,5.105034,0.179757,0.175915,0.035212,0.034459,1.800225,0.91068,0.411903
H3_128C_pruned50_Mask_pruning,908-157963-0017.wav,generated_audios/generated_H3_128C_pruned50/908-157963-0017_generated.wav,4.950023,1.454983,1.451475,0.293935,0.293226,1.800755,0.903271,0.426538
H3_128C_pruned50_Mask_pruning,908-157963-0018.wav,generated_audios/generated_H3_128C_pruned50/908-157963-0018_generated.wav,4.255011,0.169772,0.166023,0.039899,0.039018,1.784693,0.886945,0.414687
H3_128C_pruned50_Mask_pruning,908-157963-0019.wav,generated_audios/generated_H3_128C_pruned50/908-157963-0019_generated.wav,21.44,6.789322,6.783936,0.316666,0.316415,1.643167,0.886279,0.418302
H3_128C_pruned50_Mask_pruning,908-157963-0020.wav,generated_audios/generated_H3_128C_pruned50/908-157963-0020_generated.wav,9.8,3.07284,3.068232,0.313555,0.313085,1.597178,0.875938,0.421208
H3_128C_pruned50_Mask_pruning,908-157963-0021.wav,generated_audios/generated_H3_128C_pruned50/908-157963-0021_generated.wav,10.24,0.372632,0.368352,0.03639,0.035972,1.629139,0.884072,0.415761
H3_128C_pruned50_Mask_pruning,908-157963-0022.wav,generated_audios/generated_H3_128C_pruned50/908-157963-0022_generated.wav,4.610023,1.468518,1.464983,0.318549,0.317782,1.822255,0.891362,0.398542
H3_128C_pruned50_Mask_pruning,908-157963-0023.wav,generated_audios/generated_H3_128C_pruned50/908-157963-0023_generated.wav,9.625034,3.098158,3.093995,0.321885,0.321453,1.697235,0.86009,0.412852
H3_128C_pruned50_Mask_pruning,908-157963-0024.wav,generated_audios/generated_H3_128C_pruned50/908-157963-0024_generated.wav,3.44,1.104106,1.100691,0.320961,0.319968,1.601972,0.870041,0.415959
H3_128C_pruned50_Mask_pruning,908-157963-0025.wav,generated_audios/generated_H3_128C_pruned50/908-157963-0025_generated.wav,9.265034,2.764281,2.760092,0.298356,0.297904,1.834098,0.882235,0.406969
H3_128C_pruned50_Mask_pruning,908-157963-0026.wav,generated_audios/generated_H3_128C_pruned50/908-157963-0026_generated.wav,8.1,2.492713,2.488901,0.307742,0.307272,1.83714,0.881363,0.404079
H3_128C_pruned50_Mask_pruning,908-157963-0027.wav,generated_audios/generated_H3_128C_pruned50/908-157963-0027_generated.wav,5.225034,0.198391,0.194394,0.037969,0.037204,1.603203,0.826197,0.409449
H3_128C_pruned50_Mask_pruning,908-157963-0028.wav,generated_audios/generated_H3_128C_pruned50/908-157963-0028_generated.wav,4.955011,0.149397,0.145352,0.030151,0.029334,1.789357,0.914577,0.412342
H3_128C_pruned50_Mask_pruning,908-157963-0029.wav,generated_audios/generated_H3_128C_pruned50/908-157963-0029_generated.wav,3.630023,1.064951,1.061736,0.293373,0.292487,1.72932,0.927332,0.417916
H3_128C_pruned50_Mask_pruning,908-157963-0030.wav,generated_audios/generated_H3_128C_pruned50/908-157963-0030_generated.wav,4.52,0.154139,0.150474,0.034101,0.033291,1.668618,0.909632,0.431061
H3_128C_pruned50_Mask_pruning,908-31957-0000.wav,generated_audios/generated_H3_128C_pruned50/908-31957-0000_generated.wav,2.125034,0.635928,0.632558,0.299255,0.29767,1.952339,0.882991,0.433078
H3_128C_pruned50_Mask_pruning,908-31957-0001.wav,generated_audios/generated_H3_128C_pruned50/908-31957-0001_generated.wav,11.315011,3.59133,3.587499,0.317395,0.317057,1.642665,0.883519,0.423596
H3_128C_pruned50_Mask_pruning,908-31957-0002.wav,generated_audios/generated_H3_128C_pruned50/908-31957-0002_generated.wav,4.790023,0.168542,0.165003,0.035186,0.034447,1.656044,0.880905,0.416906
H3_128C_pruned50_Mask_pruning,908-31957-0003.wav,generated_audios/generated_H3_128C_pruned50/908-31957-0003_generated.wav,6.565034,0.234261,0.230258,0.035683,0.035073,1.726072,0.902658,0.427007
H3_128C_pruned50_Mask_pruning,908-31957-0004.wav,generated_audios/generated_H3_128C_pruned50/908-31957-0004_generated.wav,14.755011,4.666295,4.661642,0.316252,0.315936,1.719727,0.902346,0.424665
H3_128C_pruned50_Mask_pruning,908-31957-0005.wav,generated_audios/generated_H3_128C_pruned50/908-31957-0005_generated.wav,4.490023,0.159477,0.155921,0.035518,0.034726,1.773251,0.900418,0.406487
H3_128C_pruned50_Mask_pruning,908-31957-0006.wav,generated_audios/generated_H3_128C_pruned50/908-31957-0006_generated.wav,5.890023,1.727195,1.723457,0.293241,0.292606,1.666337,0.889273,0.420673
H3_128C_pruned50_Mask_pruning,908-31957-0007.wav,generated_audios/generated_H3_128C_pruned50/908-31957-0007_generated.wav,5.8,0.19786,0.194031,0.034114,0.033454,1.941801,0.909093,0.415983
H3_128C_pruned50_Mask_pruning,908-31957-0008.wav,generated_audios/generated_H3_128C_pruned50/908-31957-0008_generated.wav,10.005034,2.904705,2.900138,0.290324,0.289868,1.699989,0.896803,0.420915
H3_128C_pruned50_Mask_pruning,908-31957-0009.wav,generated_audios/generated_H3_128C_pruned50/908-31957-0009_generated.wav,7.705034,2.250597,2.246216,0.292094,0.291526,1.611605,0.883543,0.420689
H3_128C_pruned50_Mask_pruning,908-31957-0010.wav,generated_audios/generated_H3_128C_pruned50/908-31957-0010_generated.wav,2.510023,0.731066,0.727798,0.291259,0.289957,1.550341,0.821104,0.398803
H3_128C_pruned50_Mask_pruning,908-31957-0011.wav,generated_audios/generated_H3_128C_pruned50/908-31957-0011_generated.wav,2.335011,0.094246,0.090774,0.040362,0.038875,1.823353,0.880762,0.407375
H3_128C_pruned50_Mask_pruning,908-31957-0012.wav,generated_audios/generated_H3_128C_pruned50/908-31957-0012_generated.wav,7.615011,2.333833,2.329965,0.306478,0.30597,1.723002,0.893062,0.425026
H3_128C_pruned50_Mask_pruning,908-31957-0013.wav,generated_audios/generated_H3_128C_pruned50/908-31957-0013_generated.wav,6.18,1.91023,1.90639,0.309099,0.308477,1.743374,0.874816,0.414489
H3_128C_pruned50_Mask_pruning,908-31957-0014.wav,generated_audios/generated_H3_128C_pruned50/908-31957-0014_generated.wav,7.56,2.189879,2.185973,0.289667,0.28915,1.708943,0.884451,0.40453
H3_128C_pruned50_Mask_pruning,908-31957-0015.wav,generated_audios/generated_H3_128C_pruned50/908-31957-0015_generated.wav,21.465034,6.415454,6.409796,0.298879,0.298616,1.767839,0.889087,0.413402
H3_128C_pruned50_Mask_pruning,908-31957-0016.wav,generated_audios/generated_H3_128C_pruned50/908-31957-0016_generated.wav,6.48,1.902472,1.897997,0.293591,0.292901,1.899245,0.89861,0.406562
H3_128C_pruned50_Mask_pruning,908-31957-0017.wav,generated_audios/generated_H3_128C_pruned50/908-31957-0017_generated.wav,7.795011,2.419221,2.415072,0.310355,0.309823,1.635815,0.902319,0.416888
H3_128C_pruned50_Mask_pruning,908-31957-0018.wav,generated_audios/generated_H3_128C_pruned50/908-31957-0018_generated.wav,3.915011,1.147048,1.143172,0.292987,0.291997,1.875091,0.884712,0.409857
H3_128C_pruned50_Mask_pruning,908-31957-0019.wav,generated_audios/generated_H3_128C_pruned50/908-31957-0019_generated.wav,9.54,2.952995,2.948847,0.309538,0.309103,1.854861,0.907513,0.414073
H3_128C_pruned50_Mask_pruning,908-31957-0020.wav,generated_audios/generated_H3_128C_pruned50/908-31957-0020_generated.wav,5.895011,0.173101,0.169027,0.029364,0.028673,1.776661,0.887684,0.417477
H3_128C_pruned50_Mask_pruning,908-31957-0021.wav,generated_audios/generated_H3_128C_pruned50/908-31957-0021_generated.wav,10.905034,3.206356,3.202304,0.294025,0.293654,1.661817,0.891854,0.412967
H3_128C_pruned50_Mask_pruning,908-31957-0022.wav,generated_audios/generated_H3_128C_pruned50/908-31957-0022_generated.wav,14.1,4.413834,4.409436,0.313038,0.312726,1.718998,0.889934,0.414054
H3_128C_pruned50_Mask_pruning,908-31957-0023.wav,generated_audios/generated_H3_128C_pruned50/908-31957-0023_generated.wav,8.515011,2.66984,2.665635,0.313545,0.313051,1.709439,0.89527,0.41579
H3_128C_pruned50_Mask_pruning,908-31957-0024.wav,generated_audios/generated_H3_128C_pruned50/908-31957-0024_generated.wav,7.54,2.299246,2.295367,0.30494,0.304425,1.720917,0.896764,0.417839
H3_128C_pruned50_Mask_pruning,908-31957-0025.wav,generated_audios/generated_H3_128C_pruned50/908-31957-0025_generated.wav,20.56,6.408245,6.40313,0.311685,0.311436,1.891409,0.890691,0.403964
H3_128C_pruned70_Mask_pruning,1089-134686-0000.wav,generated_audios/generated_H3_128C_pruned70/1089-134686-0000_generated.wav,10.435011,3.287085,3.280287,0.315005,0.314354,1.716788,0.905333,0.414953
H3_128C_pruned70_Mask_pruning,1089-134686-0001.wav,generated_audios/generated_H3_128C_pruned70/1089-134686-0001_generated.wav,3.275011,0.843258,0.838925,0.257483,0.256159,1.633443,0.886272,0.394221
H3_128C_pruned70_Mask_pruning,1089-134686-0002.wav,generated_audios/generated_H3_128C_pruned70/1089-134686-0002_generated.wav,6.625034,1.884217,1.880513,0.284409,0.28385,1.69378,0.888136,0.415208
H3_128C_pruned70_Mask_pruning,1089-134686-0003.wav,generated_audios/generated_H3_128C_pruned70/1089-134686-0003_generated.wav,2.68,0.734951,0.731164,0.274235,0.272822,1.779067,0.892311,0.464887
H3_128C_pruned70_Mask_pruning,1089-134686-0004.wav,generated_audios/generated_H3_128C_pruned70/1089-134686-0004_generated.wav,5.215102,1.433653,1.4299,0.274904,0.274184,1.839579,0.920652,0.421741
H3_128C_pruned70_Mask_pruning,1089-134686-0005.wav,generated_audios/generated_H3_128C_pruned70/1089-134686-0005_generated.wav,9.635011,2.662848,2.658286,0.276372,0.275899,1.331876,0.867803,0.422281
H3_128C_pruned70_Mask_pruning,1089-134686-0006.wav,generated_audios/generated_H3_128C_pruned70/1089-134686-0006_generated.wav,10.555011,2.737362,2.733046,0.259342,0.258934,1.723552,0.881751,0.418277
H3_128C_pruned70_Mask_pruning,1089-134686-0007.wav,generated_audios/generated_H3_128C_pruned70/1089-134686-0007_generated.wav,4.275011,1.186235,1.182695,0.277481,0.276653,1.567484,0.892233,0.413847
H3_128C_pruned70_Mask_pruning,1089-134686-0008.wav,generated_audios/generated_H3_128C_pruned70/1089-134686-0008_generated.wav,6.730023,1.742508,1.739188,0.258916,0.258422,1.602076,0.898191,0.411103
H3_128C_pruned70_Mask_pruning,1089-134686-0009.wav,generated_audios/generated_H3_128C_pruned70/1089-134686-0009_generated.wav,10.575011,3.142081,3.137396,0.297123,0.29668,1.674245,0.914317,0.416137
H3_128C_pruned70_Mask_pruning,1089-134686-0010.wav,generated_audios/generated_H3_128C_pruned70/1089-134686-0010_generated.wav,4.405034,1.187711,1.183881,0.269626,0.268756,1.975752,0.925917,0.407648
H3_128C_pruned70_Mask_pruning,1089-134686-0011.wav,generated_audios/generated_H3_128C_pruned70/1089-134686-0011_generated.wav,12.445034,3.465521,3.461156,0.278466,0.278115,1.700053,0.890511,0.400783
H3_128C_pruned70_Mask_pruning,1089-134686-0012.wav,generated_audios/generated_H3_128C_pruned70/1089-134686-0012_generated.wav,11.64,3.00994,3.005454,0.258586,0.258201,1.654393,0.893741,0.417607
H3_128C_pruned70_Mask_pruning,1089-134686-0013.wav,generated_audios/generated_H3_128C_pruned70/1089-134686-0013_generated.wav,7.915011,2.000171,1.995853,0.252706,0.252161,1.648383,0.896625,0.411218
H3_128C_pruned70_Mask_pruning,1089-134686-0014.wav,generated_audios/generated_H3_128C_pruned70/1089-134686-0014_generated.wav,2.225034,0.5973,0.595226,0.268445,0.267513,1.66563,0.926564,0.412363
H3_128C_pruned70_Mask_pruning,1089-134686-0015.wav,generated_audios/generated_H3_128C_pruned70/1089-134686-0015_generated.wav,5.815011,1.545776,1.542005,0.265825,0.265177,1.725137,0.890932,0.404851
H3_128C_pruned70_Mask_pruning,1089-134686-0016.wav,generated_audios/generated_H3_128C_pruned70/1089-134686-0016_generated.wav,3.54,0.934392,0.931057,0.263952,0.26301,1.791558,0.89045,0.398293
H3_128C_pruned70_Mask_pruning,1089-134686-0017.wav,generated_audios/generated_H3_128C_pruned70/1089-134686-0017_generated.wav,8.870023,2.391914,2.387892,0.269663,0.269209,1.695437,0.902188,0.413068
H3_128C_pruned70_Mask_pruning,1089-134686-0018.wav,generated_audios/generated_H3_128C_pruned70/1089-134686-0018_generated.wav,15.72,4.650944,4.646505,0.295862,0.295579,1.395987,0.891725,0.409597
H3_128C_pruned70_Mask_pruning,1089-134686-0019.wav,generated_audios/generated_H3_128C_pruned70/1089-134686-0019_generated.wav,13.895011,4.081297,4.076561,0.293724,0.293383,1.618483,0.900803,0.415474
H3_128C_pruned70_Mask_pruning,1089-134686-0020.wav,generated_audios/generated_H3_128C_pruned70/1089-134686-0020_generated.wav,16.790023,4.604643,4.599529,0.274249,0.273944,1.603327,0.885253,0.415054
H3_128C_pruned70_Mask_pruning,1089-134686-0021.wav,generated_audios/generated_H3_128C_pruned70/1089-134686-0021_generated.wav,6.550023,1.674357,1.670427,0.255626,0.255026,1.671857,0.899682,0.405876
H3_128C_pruned70_Mask_pruning,1089-134686-0022.wav,generated_audios/generated_H3_128C_pruned70/1089-134686-0022_generated.wav,11.175011,3.008612,3.004715,0.269227,0.268878,1.409352,0.896019,0.40564
H3_128C_pruned70_Mask_pruning,1089-134686-0023.wav,generated_audios/generated_H3_128C_pruned70/1089-134686-0023_generated.wav,13.275011,3.685294,3.680619,0.277611,0.277259,1.5576,0.882469,0.410474
H3_128C_pruned70_Mask_pruning,1089-134686-0024.wav,generated_audios/generated_H3_128C_pruned70/1089-134686-0024_generated.wav,11.655011,3.115585,3.111551,0.267317,0.266971,1.563992,0.889813,0.413235
H3_128C_pruned70_Mask_pruning,1089-134686-0025.wav,generated_audios/generated_H3_128C_pruned70/1089-134686-0025_generated.wav,6.610023,1.785971,1.782166,0.270191,0.269616,1.307178,0.901728,0.408402
H3_128C_pruned70_Mask_pruning,1089-134686-0026.wav,generated_audios/generated_H3_128C_pruned70/1089-134686-0026_generated.wav,4.010023,1.011696,1.008054,0.252292,0.251384,1.619887,0.888233,0.405754
H3_128C_pruned70_Mask_pruning,1089-134686-0027.wav,generated_audios/generated_H3_128C_pruned70/1089-134686-0027_generated.wav,2.710023,0.72372,0.720374,0.267053,0.265818,1.634832,0.91076,0.410848
H3_128C_pruned70_Mask_pruning,1089-134686-0028.wav,generated_audios/generated_H3_128C_pruned70/1089-134686-0028_generated.wav,7.830023,2.132063,2.128305,0.272293,0.271813,1.65064,0.899833,0.42122
H3_128C_pruned70_Mask_pruning,1089-134686-0029.wav,generated_audios/generated_H3_128C_pruned70/1089-134686-0029_generated.wav,4.670023,1.200518,1.197191,0.257069,0.256357,1.704808,0.894185,0.417401
H3_128C_pruned70_Mask_pruning,1089-134686-0030.wav,generated_audios/generated_H3_128C_pruned70/1089-134686-0030_generated.wav,2.715011,0.087231,0.083951,0.032129,0.030921,1.860337,0.911275,0.417708
H3_128C_pruned70_Mask_pruning,1089-134686-0031.wav,generated_audios/generated_H3_128C_pruned70/1089-134686-0031_generated.wav,6.615011,0.199428,0.195905,0.030148,0.029615,1.657585,0.893896,0.399156
H3_128C_pruned70_Mask_pruning,121-121726-0000.wav,generated_audios/generated_H3_128C_pruned70/121-121726-0000_generated.wav,8.46,2.275312,2.271342,0.268949,0.26848,1.762128,0.902778,0.414422
H3_128C_pruned70_Mask_pruning,121-121726-0001.wav,generated_audios/generated_H3_128C_pruned70/121-121726-0001_generated.wav,5.925034,1.512928,1.509391,0.255345,0.254748,1.872453,0.874798,0.356005
H3_128C_pruned70_Mask_pruning,121-121726-0002.wav,generated_audios/generated_H3_128C_pruned70/121-121726-0002_generated.wav,4.410023,0.150932,0.147325,0.034225,0.033407,1.979635,0.895045,0.399001
H3_128C_pruned70_Mask_pruning,121-121726-0003.wav,generated_audios/generated_H3_128C_pruned70/121-121726-0003_generated.wav,6.755011,1.797372,1.793669,0.26608,0.265532,1.900878,0.910681,0.366822
H3_128C_pruned70_Mask_pruning,121-121726-0004.wav,generated_audios/generated_H3_128C_pruned70/121-121726-0004_generated.wav,4.02,1.07324,1.069884,0.266975,0.26614,1.942737,0.919553,0.330891
H3_128C_pruned70_Mask_pruning,121-121726-0005.wav,generated_audios/generated_H3_128C_pruned70/121-121726-0005_generated.wav,3.1,0.816427,0.813273,0.263363,0.262346,2.432206,0.937563,0.252094
H3_128C_pruned70_Mask_pruning,121-121726-0006.wav,generated_audios/generated_H3_128C_pruned70/121-121726-0006_generated.wav,3.895011,1.03492,1.031531,0.265704,0.264834,2.167029,0.895431,0.342245
H3_128C_pruned70_Mask_pruning,121-121726-0007.wav,generated_audios/generated_H3_128C_pruned70/121-121726-0007_generated.wav,6.730023,0.259801,0.256098,0.038603,0.038053,1.783911,0.918014,0.35833
H3_128C_pruned70_Mask_pruning,121-121726-0008.wav,generated_audios/generated_H3_128C_pruned70/121-121726-0008_generated.wav,4.990023,1.270652,1.267037,0.254638,0.253914,2.088557,0.926566,0.307568
H3_128C_pruned70_Mask_pruning,121-121726-0009.wav,generated_audios/generated_H3_128C_pruned70/121-121726-0009_generated.wav,7.26,1.924118,1.920219,0.26503,0.264493,1.988001,0.923092,0.353065
H3_128C_pruned70_Mask_pruning,121-121726-0010.wav,generated_audios/generated_H3_128C_pruned70/121-121726-0010_generated.wav,9.810023,2.648944,2.644765,0.270024,0.269598,1.956062,0.909908,0.370107
H3_128C_pruned70_Mask_pruning,121-121726-0011.wav,generated_audios/generated_H3_128C_pruned70/121-121726-0011_generated.wav,4.035011,1.095029,1.091414,0.271382,0.270486,1.886818,0.925273,0.340333
H3_128C_pruned70_Mask_pruning,121-121726-0012.wav,generated_audios/generated_H3_128C_pruned70/121-121726-0012_generated.wav,4.045034,1.040333,1.03681,0.257188,0.256317,1.943204,0.898645,0.435228
H3_128C_pruned70_Mask_pruning,121-121726-0013.wav,generated_audios/generated_H3_128C_pruned70/121-121726-0013_generated.wav,2.490023,0.650781,0.647295,0.261355,0.259955,1.877356,0.898706,0.391311
H3_128C_pruned70_Mask_pruning,121-121726-0014.wav,generated_audios/generated_H3_128C_pruned70/121-121726-0014_generated.wav,3.165034,0.844439,0.841067,0.266802,0.265737,2.385517,0.934587,0.333395
H3_128C_pruned70_Mask_pruning,121-123852-0000.wav,generated_audios/generated_H3_128C_pruned70/121-123852-0000_generated.wav,17.695011,4.89486,4.889948,0.276624,0.276346,1.803844,0.909207,0.399264
H3_128C_pruned70_Mask_pruning,121-123852-0001.wav,generated_audios/generated_H3_128C_pruned70/121-123852-0001_generated.wav,1.870023,0.479043,0.475595,0.25617,0.254326,1.525119,0.754347,0.36342
H3_128C_pruned70_Mask_pruning,121-123852-0002.wav,generated_audios/generated_H3_128C_pruned70/121-123852-0002_generated.wav,17.285034,4.821631,4.816944,0.278948,0.278677,1.734084,0.898823,0.460758
H3_128C_pruned70_Mask_pruning,121-123852-0003.wav,generated_audios/generated_H3_128C_pruned70/121-123852-0003_generated.wav,23.505034,7.464764,7.458147,0.317581,0.3173,1.766661,0.893476,0.44253
H3_128C_pruned70_Mask_pruning,121-123852-0004.wav,generated_audios/generated_H3_128C_pruned70/121-123852-0004_generated.wav,16.290023,4.700797,4.696557,0.288569,0.288309,1.78352,0.907726,0.45351
H3_128C_pruned70_Mask_pruning,121-123859-0000.wav,generated_audios/generated_H3_128C_pruned70/121-123859-0000_generated.wav,17.390023,4.817821,4.812545,0.277045,0.276742,1.47505,0.88926,0.459917
H3_128C_pruned70_Mask_pruning,121-123859-0001.wav,generated_audios/generated_H3_128C_pruned70/121-123859-0001_generated.wav,25.395011,7.210089,7.203486,0.283918,0.283658,1.795166,0.90545,0.448699
H3_128C_pruned70_Mask_pruning,121-123859-0002.wav,generated_audios/generated_H3_128C_pruned70/121-123859-0002_generated.wav,30.04,8.883931,8.877411,0.295737,0.29552,1.766796,0.894338,0.447923
H3_128C_pruned70_Mask_pruning,121-123859-0003.wav,generated_audios/generated_H3_128C_pruned70/121-123859-0003_generated.wav,10.825034,2.941376,2.936459,0.27172,0.271266,1.709502,0.906927,0.401649
H3_128C_pruned70_Mask_pruning,121-123859-0004.wav,generated_audios/generated_H3_128C_pruned70/121-123859-0004_generated.wav,9.505034,2.584972,2.580526,0.271958,0.271491,1.522694,0.892884,0.448715
H3_128C_pruned70_Mask_pruning,121-127105-0000.wav,generated_audios/generated_H3_128C_pruned70/121-127105-0000_generated.wav,9.875011,2.693213,2.688525,0.27273,0.272255,1.614586,0.892237,0.399292
H3_128C_pruned70_Mask_pruning,121-127105-0001.wav,generated_audios/generated_H3_128C_pruned70/121-127105-0001_generated.wav,5.025034,1.284753,1.280737,0.25567,0.254871,1.684387,0.895441,0.437989
H3_128C_pruned70_Mask_pruning,121-127105-0002.wav,generated_audios/generated_H3_128C_pruned70/121-127105-0002_generated.wav,7.495011,1.924834,1.920987,0.256815,0.256302,1.566939,0.895969,0.428931
H3_128C_pruned70_Mask_pruning,121-127105-0003.wav,generated_audios/generated_H3_128C_pruned70/121-127105-0003_generated.wav,7.725034,2.07101,2.066996,0.268091,0.267571,1.785844,0.900135,0.397453
H3_128C_pruned70_Mask_pruning,121-127105-0004.wav,generated_audios/generated_H3_128C_pruned70/121-127105-0004_generated.wav,2.110023,0.571692,0.56833,0.270941,0.269348,1.404236,0.92115,0.322148
H3_128C_pruned70_Mask_pruning,121-127105-0005.wav,generated_audios/generated_H3_128C_pruned70/121-127105-0005_generated.wav,5.82,1.491412,1.488104,0.256256,0.255688,1.598478,0.896247,0.395989
H3_128C_pruned70_Mask_pruning,121-127105-0006.wav,generated_audios/generated_H3_128C_pruned70/121-127105-0006_generated.wav,4.725034,1.277433,1.273765,0.270354,0.269578,1.46072,0.897496,0.385199
H3_128C_pruned70_Mask_pruning,121-127105-0007.wav,generated_audios/generated_H3_128C_pruned70/121-127105-0007_generated.wav,5.790023,1.505897,1.502008,0.260085,0.259413,1.498309,0.902696,0.411535
H3_128C_pruned70_Mask_pruning,121-127105-0008.wav,generated_audios/generated_H3_128C_pruned70/121-127105-0008_generated.wav,2.76,0.733225,0.729669,0.265661,0.264373,1.684417,0.894554,0.428709
H3_128C_pruned70_Mask_pruning,121-127105-0009.wav,generated_audios/generated_H3_128C_pruned70/121-127105-0009_generated.wav,2.290023,0.614915,0.611616,0.268519,0.267078,1.862524,0.913786,0.422638
H3_128C_pruned70_Mask_pruning,121-127105-0010.wav,generated_audios/generated_H3_128C_pruned70/121-127105-0010_generated.wav,2.850023,0.757653,0.754449,0.265841,0.264717,1.610874,0.88791,0.409134
H3_128C_pruned70_Mask_pruning,121-127105-0011.wav,generated_audios/generated_H3_128C_pruned70/121-127105-0011_generated.wav,5.78,1.532146,1.52849,0.265077,0.264445,1.824657,0.870002,0.446338
H3_128C_pruned70_Mask_pruning,121-127105-0012.wav,generated_audios/generated_H3_128C_pruned70/121-127105-0012_generated.wav,4.830023,1.292739,1.289168,0.267647,0.266907,1.333393,0.893638,0.433163
H3_128C_pruned70_Mask_pruning,121-127105-0013.wav,generated_audios/generated_H3_128C_pruned70/121-127105-0013_generated.wav,5.895011,1.494679,1.490836,0.25355,0.252898,1.525516,0.901043,0.410374
H3_128C_pruned70_Mask_pruning,121-127105-0014.wav,generated_audios/generated_H3_128C_pruned70/121-127105-0014_generated.wav,2.255011,0.571833,0.568708,0.253583,0.252198,1.871662,0.851269,0.366972
H3_128C_pruned70_Mask_pruning,121-127105-0015.wav,generated_audios/generated_H3_128C_pruned70/121-127105-0015_generated.wav,2.96,0.787731,0.784198,0.266125,0.264932,1.703766,0.903717,0.418977
H3_128C_pruned70_Mask_pruning,121-127105-0016.wav,generated_audios/generated_H3_128C_pruned70/121-127105-0016_generated.wav,2.030023,0.525743,0.522612,0.258984,0.257442,1.980262,0.892103,0.429724
H3_128C_pruned70_Mask_pruning,121-127105-0017.wav,generated_audios/generated_H3_128C_pruned70/121-127105-0017_generated.wav,2.695011,0.718678,0.715319,0.26667,0.265423,1.503919,0.864385,0.461614
H3_128C_pruned70_Mask_pruning,121-127105-0018.wav,generated_audios/generated_H3_128C_pruned70/121-127105-0018_generated.wav,2.770023,0.734529,0.731131,0.265171,0.263944,1.547147,0.887061,0.429189
H3_128C_pruned70_Mask_pruning,121-127105-0019.wav,generated_audios/generated_H3_128C_pruned70/121-127105-0019_generated.wav,3.525034,0.912168,0.908673,0.258769,0.257777,1.436861,0.898918,0.409895
H3_128C_pruned70_Mask_pruning,121-127105-0020.wav,generated_audios/generated_H3_128C_pruned70/121-127105-0020_generated.wav,14.355011,4.036694,4.032036,0.281204,0.28088,1.585055,0.889005,0.439793
H3_128C_pruned70_Mask_pruning,121-127105-0021.wav,generated_audios/generated_H3_128C_pruned70/121-127105-0021_generated.wav,2.0,0.521048,0.517548,0.260524,0.258774,1.704173,0.908879,0.424133
H3_128C_pruned70_Mask_pruning,121-127105-0022.wav,generated_audios/generated_H3_128C_pruned70/121-127105-0022_generated.wav,5.075011,1.354974,1.350901,0.266989,0.266187,1.883626,0.881296,0.397215
H3_128C_pruned70_Mask_pruning,121-127105-0023.wav,generated_audios/generated_H3_128C_pruned70/121-127105-0023_generated.wav,10.910023,2.82242,2.818104,0.2587,0.258304,1.851762,0.898195,0.425059
H3_128C_pruned70_Mask_pruning,121-127105-0024.wav,generated_audios/generated_H3_128C_pruned70/121-127105-0024_generated.wav,14.450023,4.252762,4.247428,0.294308,0.293939,1.781444,0.899621,0.431914
H3_128C_pruned70_Mask_pruning,121-127105-0025.wav,generated_audios/generated_H3_128C_pruned70/121-127105-0025_generated.wav,16.065034,4.49162,4.485928,0.27959,0.279235,1.751096,0.898235,0.421154
H3_128C_pruned70_Mask_pruning,121-127105-0026.wav,generated_audios/generated_H3_128C_pruned70/121-127105-0026_generated.wav,7.530023,1.939809,1.935171,0.25761,0.256994,1.601404,0.908233,0.434566
H3_128C_pruned70_Mask_pruning,121-127105-0027.wav,generated_audios/generated_H3_128C_pruned70/121-127105-0027_generated.wav,13.870023,3.962714,3.95765,0.285704,0.285338,1.779136,0.902869,0.414201
H3_128C_pruned70_Mask_pruning,121-127105-0028.wav,generated_audios/generated_H3_128C_pruned70/121-127105-0028_generated.wav,6.750023,0.235147,0.231519,0.034837,0.034299,1.867167,0.907151,0.379603
H3_128C_pruned70_Mask_pruning,121-127105-0029.wav,generated_audios/generated_H3_128C_pruned70/121-127105-0029_generated.wav,7.310023,1.942829,1.938696,0.265776,0.265211,1.867582,0.898927,0.399261
H3_128C_pruned70_Mask_pruning,121-127105-0030.wav,generated_audios/generated_H3_128C_pruned70/121-127105-0030_generated.wav,2.175011,0.573211,0.569765,0.263544,0.26196,1.516375,0.893646,0.436333
H3_128C_pruned70_Mask_pruning,121-127105-0031.wav,generated_audios/generated_H3_128C_pruned70/121-127105-0031_generated.wav,10.765034,2.73735,2.732981,0.254282,0.253876,1.76732,0.863516,0.379855
H3_128C_pruned70_Mask_pruning,121-127105-0032.wav,generated_audios/generated_H3_128C_pruned70/121-127105-0032_generated.wav,3.170023,0.804141,0.800481,0.253671,0.252516,1.523046,0.904807,0.38618
H3_128C_pruned70_Mask_pruning,121-127105-0033.wav,generated_audios/generated_H3_128C_pruned70/121-127105-0033_generated.wav,2.355011,0.625413,0.621791,0.265567,0.264029,1.709879,0.891066,0.359935
H3_128C_pruned70_Mask_pruning,121-127105-0034.wav,generated_audios/generated_H3_128C_pruned70/121-127105-0034_generated.wav,7.410023,2.007645,2.003859,0.270936,0.270425,1.749243,0.880974,0.382538
H3_128C_pruned70_Mask_pruning,121-127105-0035.wav,generated_audios/generated_H3_128C_pruned70/121-127105-0035_generated.wav,14.150023,3.970735,3.965685,0.280617,0.28026,1.953212,0.889768,0.342059
H3_128C_pruned70_Mask_pruning,121-127105-0036.wav,generated_audios/generated_H3_128C_pruned70/121-127105-0036_generated.wav,4.150023,1.049499,1.045714,0.25289,0.251978,1.604568,0.873875,0.374272
H3_128C_pruned70_Mask_pruning,237-126133-0000.wav,generated_audios/generated_H3_128C_pruned70/237-126133-0000_generated.wav,13.290023,3.928398,3.923307,0.29559,0.295207,1.797271,0.900437,0.44157
H3_128C_pruned70_Mask_pruning,237-126133-0001.wav,generated_audios/generated_H3_128C_pruned70/237-126133-0001_generated.wav,11.965034,3.581735,3.577502,0.29935,0.298996,1.759581,0.89441,0.437443
H3_128C_pruned70_Mask_pruning,237-126133-0002.wav,generated_audios/generated_H3_128C_pruned70/237-126133-0002_generated.wav,8.92,2.315447,2.310958,0.259579,0.259076,1.654406,0.884379,0.447521
H3_128C_pruned70_Mask_pruning,237-126133-0003.wav,generated_audios/generated_H3_128C_pruned70/237-126133-0003_generated.wav,6.56,1.777757,1.773629,0.271,0.27037,1.636946,0.877593,0.447663
H3_128C_pruned70_Mask_pruning,237-126133-0004.wav,generated_audios/generated_H3_128C_pruned70/237-126133-0004_generated.wav,3.295011,0.895059,0.891361,0.271641,0.270518,1.766145,0.895497,0.452165
H3_128C_pruned70_Mask_pruning,237-126133-0005.wav,generated_audios/generated_H3_128C_pruned70/237-126133-0005_generated.wav,6.510023,1.770243,1.76656,0.271926,0.27136,1.69475,0.8705,0.460826
H3_128C_pruned70_Mask_pruning,237-126133-0006.wav,generated_audios/generated_H3_128C_pruned70/237-126133-0006_generated.wav,6.150023,1.655075,1.651185,0.269117,0.268484,1.551678,0.872611,0.454753
H3_128C_pruned70_Mask_pruning,237-126133-0007.wav,generated_audios/generated_H3_128C_pruned70/237-126133-0007_generated.wav,8.68,2.240994,2.236588,0.258179,0.257671,1.549306,0.871109,0.474617
H3_128C_pruned70_Mask_pruning,237-126133-0008.wav,generated_audios/generated_H3_128C_pruned70/237-126133-0008_generated.wav,3.865034,1.041006,1.03746,0.269339,0.268422,1.907831,0.906273,0.418919
H3_128C_pruned70_Mask_pruning,237-126133-0009.wav,generated_audios/generated_H3_128C_pruned70/237-126133-0009_generated.wav,3.970023,1.057591,1.05409,0.266394,0.265512,1.681661,0.888289,0.454979
H3_128C_pruned70_Mask_pruning,237-126133-0010.wav,generated_audios/generated_H3_128C_pruned70/237-126133-0010_generated.wav,6.24,1.613901,1.609969,0.258638,0.258008,1.238853,0.810563,0.500643
H3_128C_pruned70_Mask_pruning,237-126133-0011.wav,generated_audios/generated_H3_128C_pruned70/237-126133-0011_generated.wav,6.710023,1.83413,1.829914,0.273342,0.272714,1.809058,0.897354,0.427449
H3_128C_pruned70_Mask_pruning,237-126133-0012.wav,generated_audios/generated_H3_128C_pruned70/237-126133-0012_generated.wav,4.450023,1.220682,1.217011,0.274309,0.273484,1.790903,0.892174,0.430963
H3_128C_pruned70_Mask_pruning,237-126133-0013.wav,generated_audios/generated_H3_128C_pruned70/237-126133-0013_generated.wav,6.815011,1.847785,1.844012,0.271135,0.270581,1.427995,0.814628,0.467147
H3_128C_pruned70_Mask_pruning,237-126133-0014.wav,generated_audios/generated_H3_128C_pruned70/237-126133-0014_generated.wav,6.790023,1.8568,1.85301,0.27346,0.272902,1.959899,0.897272,0.439657
H3_128C_pruned70_Mask_pruning,237-126133-0015.wav,generated_audios/generated_H3_128C_pruned70/237-126133-0015_generated.wav,9.34,2.425802,2.421632,0.259722,0.259275,1.88246,0.892332,0.433492
H3_128C_pruned70_Mask_pruning,237-126133-0016.wav,generated_audios/generated_H3_128C_pruned70/237-126133-0016_generated.wav,4.250023,1.108369,1.10448,0.260791,0.259876,1.59986,0.837266,0.467382
H3_128C_pruned70_Mask_pruning,237-126133-0017.wav,generated_audios/generated_H3_128C_pruned70/237-126133-0017_generated.wav,6.210023,1.617002,1.613198,0.260386,0.259773,2.115094,0.912049,0.420292
H3_128C_pruned70_Mask_pruning,237-126133-0018.wav,generated_audios/generated_H3_128C_pruned70/237-126133-0018_generated.wav,4.095011,1.103778,1.100306,0.269542,0.268694,1.799071,0.899708,0.405582
H3_128C_pruned70_Mask_pruning,237-126133-0019.wav,generated_audios/generated_H3_128C_pruned70/237-126133-0019_generated.wav,7.12,1.959696,1.95564,0.275238,0.274669,1.780478,0.887668,0.437152
H3_128C_pruned70_Mask_pruning,237-126133-0020.wav,generated_audios/generated_H3_128C_pruned70/237-126133-0020_generated.wav,2.24,0.566682,0.563338,0.252983,0.25149,1.417827,0.892617,0.461476
H3_128C_pruned70_Mask_pruning,237-126133-0021.wav,generated_audios/generated_H3_128C_pruned70/237-126133-0021_generated.wav,4.365034,1.117872,1.114348,0.256097,0.25529,1.658847,0.884809,0.433725
H3_128C_pruned70_Mask_pruning,237-126133-0022.wav,generated_audios/generated_H3_128C_pruned70/237-126133-0022_generated.wav,5.04,1.370124,1.366517,0.27185,0.271134,1.979295,0.899256,0.42092
H3_128C_pruned70_Mask_pruning,237-126133-0023.wav,generated_audios/generated_H3_128C_pruned70/237-126133-0023_generated.wav,6.675011,1.81295,1.809165,0.271603,0.271036,1.749809,0.894431,0.424213
H3_128C_pruned70_Mask_pruning,237-126133-0024.wav,generated_audios/generated_H3_128C_pruned70/237-126133-0024_generated.wav,9.665034,2.659738,2.655337,0.275192,0.274736,1.784915,0.896785,0.431382
H3_128C_pruned70_Mask_pruning,237-126133-0025.wav,generated_audios/generated_H3_128C_pruned70/237-126133-0025_generated.wav,3.755011,1.0073,1.00373,0.268255,0.267304,1.883823,0.898363,0.437101
H3_128C_pruned70_Mask_pruning,237-134493-0000.wav,generated_audios/generated_H3_128C_pruned70/237-134493-0000_generated.wav,4.105034,1.141452,1.138066,0.278061,0.277237,1.939116,0.910004,0.412467
H3_128C_pruned70_Mask_pruning,237-134493-0001.wav,generated_audios/generated_H3_128C_pruned70/237-134493-0001_generated.wav,7.38,1.993906,1.990105,0.270177,0.269662,2.03102,0.920713,0.412631
H3_128C_pruned70_Mask_pruning,237-134493-0002.wav,generated_audios/generated_H3_128C_pruned70/237-134493-0002_generated.wav,11.395011,3.239098,3.234689,0.284256,0.283869,2.042819,0.913179,0.411851
H3_128C_pruned70_Mask_pruning,237-134493-0003.wav,generated_audios/generated_H3_128C_pruned70/237-134493-0003_generated.wav,12.765034,3.798826,3.793394,0.297596,0.297171,1.87378,0.910759,0.420082
H3_128C_pruned70_Mask_pruning,237-134493-0004.wav,generated_audios/generated_H3_128C_pruned70/237-134493-0004_generated.wav,6.825034,1.886089,1.881836,0.276349,0.275725,1.831122,0.897474,0.43885
H3_128C_pruned70_Mask_pruning,237-134493-0005.wav,generated_audios/generated_H3_128C_pruned70/237-134493-0005_generated.wav,10.945034,2.881383,2.876725,0.263259,0.262834,2.037471,0.916045,0.408757
H3_128C_pruned70_Mask_pruning,237-134493-0006.wav,generated_audios/generated_H3_128C_pruned70/237-134493-0006_generated.wav,4.395011,1.133943,1.130102,0.258007,0.257133,1.534969,0.887133,0.43956
H3_128C_pruned70_Mask_pruning,237-134493-0007.wav,generated_audios/generated_H3_128C_pruned70/237-134493-0007_generated.wav,2.035011,0.523976,0.520651,0.257481,0.255847,1.86916,0.902794,0.411128
H3_128C_pruned70_Mask_pruning,237-134493-0008.wav,generated_audios/generated_H3_128C_pruned70/237-134493-0008_generated.wav,2.305034,0.584263,0.58091,0.253473,0.252018,1.95774,0.892636,0.388131
H3_128C_pruned70_Mask_pruning,237-134493-0009.wav,generated_audios/generated_H3_128C_pruned70/237-134493-0009_generated.wav,2.975011,0.805831,0.8025,0.270866,0.269747,1.781972,0.915235,0.412791
H3_128C_pruned70_Mask_pruning,237-134493-0010.wav,generated_audios/generated_H3_128C_pruned70/237-134493-0010_generated.wav,2.875011,0.772779,0.769369,0.268792,0.267606,2.03213,0.916513,0.391591
H3_128C_pruned70_Mask_pruning,237-134493-0011.wav,generated_audios/generated_H3_128C_pruned70/237-134493-0011_generated.wav,5.035011,1.385685,1.381943,0.27521,0.274467,1.629947,0.895499,0.444964
H3_128C_pruned70_Mask_pruning,237-134493-0012.wav,generated_audios/generated_H3_128C_pruned70/237-134493-0012_generated.wav,3.66,0.935729,0.932017,0.255664,0.254649,1.534172,0.894667,0.438014
H3_128C_pruned70_Mask_pruning,237-134493-0013.wav,generated_audios/generated_H3_128C_pruned70/237-134493-0013_generated.wav,4.090023,0.154841,0.151288,0.037858,0.036989,2.108452,0.923239,0.422469
H3_128C_pruned70_Mask_pruning,237-134493-0014.wav,generated_audios/generated_H3_128C_pruned70/237-134493-0014_generated.wav,3.7,0.959928,0.956147,0.25944,0.258418,1.742119,0.90981,0.411475
H3_128C_pruned70_Mask_pruning,237-134493-0015.wav,generated_audios/generated_H3_128C_pruned70/237-134493-0015_generated.wav,6.550023,0.244724,0.241084,0.037362,0.036807,1.693956,0.896984,0.438317
H3_128C_pruned70_Mask_pruning,237-134493-0016.wav,generated_audios/generated_H3_128C_pruned70/237-134493-0016_generated.wav,10.085034,2.775503,2.771388,0.27521,0.274802,1.96776,0.920788,0.414911
H3_128C_pruned70_Mask_pruning,237-134493-0017.wav,generated_audios/generated_H3_128C_pruned70/237-134493-0017_generated.wav,9.105034,2.50257,2.498118,0.274856,0.274367,2.048055,0.914925,0.416533
H3_128C_pruned70_Mask_pruning,237-134493-0018.wav,generated_audios/generated_H3_128C_pruned70/237-134493-0018_generated.wav,4.790023,1.306094,1.302041,0.27267,0.271824,1.74923,0.920129,0.425251
H3_128C_pruned70_Mask_pruning,237-134500-0000.wav,generated_audios/generated_H3_128C_pruned70/237-134500-0000_generated.wav,6.130023,1.650873,1.647082,0.26931,0.268691,1.94708,0.912806,0.418191
H3_128C_pruned70_Mask_pruning,237-134500-0001.wav,generated_audios/generated_H3_128C_pruned70/237-134500-0001_generated.wav,1.810023,0.46206,0.458041,0.255278,0.253058,1.91699,0.886747,0.426144
H3_128C_pruned70_Mask_pruning,237-134500-0002.wav,generated_audios/generated_H3_128C_pruned70/237-134500-0002_generated.wav,5.070023,1.394789,1.391177,0.275105,0.274393,2.085708,0.913794,0.407929
H3_128C_pruned70_Mask_pruning,237-134500-0003.wav,generated_audios/generated_H3_128C_pruned70/237-134500-0003_generated.wav,3.170023,0.12395,0.120481,0.039101,0.038007,1.997583,0.918174,0.401787
H3_128C_pruned70_Mask_pruning,237-134500-0004.wav,generated_audios/generated_H3_128C_pruned70/237-134500-0004_generated.wav,2.225034,0.08968,0.086224,0.040305,0.038752,2.256252,0.921082,0.395585
H3_128C_pruned70_Mask_pruning,237-134500-0005.wav,generated_audios/generated_H3_128C_pruned70/237-134500-0005_generated.wav,2.390023,0.631833,0.628696,0.264363,0.26305,1.477422,0.888646,0.45393
H3_128C_pruned70_Mask_pruning,237-134500-0006.wav,generated_audios/generated_H3_128C_pruned70/237-134500-0006_generated.wav,4.225034,1.091888,1.088355,0.258433,0.257597,1.505924,0.883394,0.452718
H3_128C_pruned70_Mask_pruning,237-134500-0007.wav,generated_audios/generated_H3_128C_pruned70/237-134500-0007_generated.wav,2.390023,0.08061,0.076954,0.033728,0.032198,1.50214,0.859084,0.478019
H3_128C_pruned70_Mask_pruning,237-134500-0008.wav,generated_audios/generated_H3_128C_pruned70/237-134500-0008_generated.wav,3.76,0.138264,0.134857,0.036772,0.035866,1.690196,0.873145,0.432421
H3_128C_pruned70_Mask_pruning,237-134500-0009.wav,generated_audios/generated_H3_128C_pruned70/237-134500-0009_generated.wav,2.22,0.074395,0.070976,0.033511,0.031971,1.652827,0.876402,0.44482
H3_128C_pruned70_Mask_pruning,237-134500-0010.wav,generated_audios/generated_H3_128C_pruned70/237-134500-0010_generated.wav,3.995011,1.088975,1.085543,0.272584,0.271725,1.289068,0.862395,0.466147
H3_128C_pruned70_Mask_pruning,237-134500-0011.wav,generated_audios/generated_H3_128C_pruned70/237-134500-0011_generated.wav,3.350023,0.87024,0.866592,0.259772,0.258682,1.411084,0.84981,0.451294
H3_128C_pruned70_Mask_pruning,237-134500-0012.wav,generated_audios/generated_H3_128C_pruned70/237-134500-0012_generated.wav,10.935011,3.104431,3.09951,0.283898,0.283448,1.775099,0.898693,0.431172
H3_128C_pruned70_Mask_pruning,237-134500-0013.wav,generated_audios/generated_H3_128C_pruned70/237-134500-0013_generated.wav,10.56,0.399949,0.395526,0.037874,0.037455,2.009253,0.91839,0.407552
H3_128C_pruned70_Mask_pruning,237-134500-0014.wav,generated_audios/generated_H3_128C_pruned70/237-134500-0014_generated.wav,4.250023,0.175199,0.171671,0.041223,0.040393,1.962121,0.898424,0.405249
H3_128C_pruned70_Mask_pruning,237-134500-0015.wav,generated_audios/generated_H3_128C_pruned70/237-134500-0015_generated.wav,10.815011,2.946401,2.941787,0.272436,0.27201,1.907699,0.918271,0.426189
H3_128C_pruned70_Mask_pruning,237-134500-0016.wav,generated_audios/generated_H3_128C_pruned70/237-134500-0016_generated.wav,3.16,0.125634,0.122013,0.039758,0.038612,1.329638,0.778935,0.492353
H3_128C_pruned70_Mask_pruning,237-134500-0017.wav,generated_audios/generated_H3_128C_pruned70/237-134500-0017_generated.wav,2.18,0.092318,0.088941,0.042348,0.040799,1.649406,0.88172,0.440846
H3_128C_pruned70_Mask_pruning,237-134500-0018.wav,generated_audios/generated_H3_128C_pruned70/237-134500-0018_generated.wav,12.845034,3.849707,3.844843,0.299704,0.299325,2.093952,0.915882,0.409366
H3_128C_pruned70_Mask_pruning,237-134500-0019.wav,generated_audios/generated_H3_128C_pruned70/237-134500-0019_generated.wav,2.86,0.739229,0.735833,0.258472,0.257284,2.212583,0.892429,0.400435
H3_128C_pruned70_Mask_pruning,237-134500-0020.wav,generated_audios/generated_H3_128C_pruned70/237-134500-0020_generated.wav,2.18,0.074999,0.071521,0.034403,0.032808,2.332529,0.935204,0.36621
H3_128C_pruned70_Mask_pruning,237-134500-0021.wav,generated_audios/generated_H3_128C_pruned70/237-134500-0021_generated.wav,5.12,1.309933,1.306257,0.255846,0.255128,1.30566,0.783834,0.473842
H3_128C_pruned70_Mask_pruning,237-134500-0022.wav,generated_audios/generated_H3_128C_pruned70/237-134500-0022_generated.wav,5.165034,1.346915,1.343235,0.260776,0.260063,1.406626,0.863023,0.474554
H3_128C_pruned70_Mask_pruning,237-134500-0023.wav,generated_audios/generated_H3_128C_pruned70/237-134500-0023_generated.wav,3.06,0.842731,0.839231,0.275402,0.274259,1.686934,0.89301,0.449509
H3_128C_pruned70_Mask_pruning,237-134500-0024.wav,generated_audios/generated_H3_128C_pruned70/237-134500-0024_generated.wav,4.410023,0.160468,0.156822,0.036387,0.03556,1.985261,0.887838,0.409431
H3_128C_pruned70_Mask_pruning,237-134500-0025.wav,generated_audios/generated_H3_128C_pruned70/237-134500-0025_generated.wav,1.630023,0.412941,0.409686,0.253335,0.251337,1.548246,0.829859,0.426064
H3_128C_pruned70_Mask_pruning,237-134500-0026.wav,generated_audios/generated_H3_128C_pruned70/237-134500-0026_generated.wav,3.050023,0.837596,0.834281,0.27462,0.273533,1.514457,0.845353,0.459108
H3_128C_pruned70_Mask_pruning,237-134500-0027.wav,generated_audios/generated_H3_128C_pruned70/237-134500-0027_generated.wav,3.270023,0.900388,0.896987,0.275346,0.274306,1.891796,0.887759,0.414888
H3_128C_pruned70_Mask_pruning,237-134500-0028.wav,generated_audios/generated_H3_128C_pruned70/237-134500-0028_generated.wav,4.524943,1.264643,1.261042,0.279483,0.278687,1.905583,0.889398,0.430334
H3_128C_pruned70_Mask_pruning,237-134500-0029.wav,generated_audios/generated_H3_128C_pruned70/237-134500-0029_generated.wav,2.065034,0.538982,0.535803,0.261004,0.259464,1.464465,0.886056,0.442774
H3_128C_pruned70_Mask_pruning,237-134500-0030.wav,generated_audios/generated_H3_128C_pruned70/237-134500-0030_generated.wav,2.78,0.768046,0.764622,0.276276,0.275044,1.858347,0.902788,0.435901
H3_128C_pruned70_Mask_pruning,237-134500-0031.wav,generated_audios/generated_H3_128C_pruned70/237-134500-0031_generated.wav,10.610023,2.902121,2.898245,0.273526,0.273161,2.034349,0.914293,0.405038
H3_128C_pruned70_Mask_pruning,237-134500-0032.wav,generated_audios/generated_H3_128C_pruned70/237-134500-0032_generated.wav,5.025034,0.183738,0.179875,0.036565,0.035796,1.882468,0.906183,0.409676
H3_128C_pruned70_Mask_pruning,237-134500-0033.wav,generated_audios/generated_H3_128C_pruned70/237-134500-0033_generated.wav,6.350023,1.655003,1.651451,0.26063,0.26007,1.748759,0.88575,0.416385
H3_128C_pruned70_Mask_pruning,237-134500-0034.wav,generated_audios/generated_H3_128C_pruned70/237-134500-0034_generated.wav,3.075011,0.810363,0.806689,0.263532,0.262337,2.14646,0.915733,0.383129
H3_128C_pruned70_Mask_pruning,237-134500-0035.wav,generated_audios/generated_H3_128C_pruned70/237-134500-0035_generated.wav,2.555011,0.701442,0.698114,0.274536,0.273233,1.843594,0.914014,0.416174
H3_128C_pruned70_Mask_pruning,237-134500-0036.wav,generated_audios/generated_H3_128C_pruned70/237-134500-0036_generated.wav,6.6,1.837642,1.833574,0.278431,0.277814,2.198927,0.917167,0.393541
H3_128C_pruned70_Mask_pruning,237-134500-0037.wav,generated_audios/generated_H3_128C_pruned70/237-134500-0037_generated.wav,7.105034,1.927402,1.923623,0.271273,0.270741,1.355837,0.828217,0.497359
H3_128C_pruned70_Mask_pruning,237-134500-0038.wav,generated_audios/generated_H3_128C_pruned70/237-134500-0038_generated.wav,2.435011,0.647497,0.644091,0.265911,0.264512,1.342521,0.835781,0.486187
H3_128C_pruned70_Mask_pruning,237-134500-0039.wav,generated_audios/generated_H3_128C_pruned70/237-134500-0039_generated.wav,4.630023,1.269358,1.266216,0.274158,0.273479,1.590518,0.854948,0.470453
H3_128C_pruned70_Mask_pruning,237-134500-0040.wav,generated_audios/generated_H3_128C_pruned70/237-134500-0040_generated.wav,4.030023,0.147753,0.144054,0.036663,0.035745,1.567667,0.889286,0.432652
H3_128C_pruned70_Mask_pruning,237-134500-0041.wav,generated_audios/generated_H3_128C_pruned70/237-134500-0041_generated.wav,8.92,0.34003,0.335653,0.03812,0.037629,2.134148,0.922406,0.402691
H3_128C_pruned70_Mask_pruning,237-134500-0042.wav,generated_audios/generated_H3_128C_pruned70/237-134500-0042_generated.wav,2.575011,0.68548,0.682324,0.266205,0.264979,1.295747,0.78309,0.498251
H3_128C_pruned70_Mask_pruning,260-123286-0000.wav,generated_audios/generated_H3_128C_pruned70/260-123286-0000_generated.wav,7.04,1.865671,1.861935,0.26501,0.264479,1.621533,0.901882,0.38401
H3_128C_pruned70_Mask_pruning,260-123286-0001.wav,generated_audios/generated_H3_128C_pruned70/260-123286-0001_generated.wav,3.070023,0.105341,0.102057,0.034313,0.033243,1.56187,0.912984,0.38311
H3_128C_pruned70_Mask_pruning,260-123286-0002.wav,generated_audios/generated_H3_128C_pruned70/260-123286-0002_generated.wav,9.985034,2.868962,2.864732,0.287326,0.286903,1.697872,0.910286,0.381337
H3_128C_pruned70_Mask_pruning,260-123286-0003.wav,generated_audios/generated_H3_128C_pruned70/260-123286-0003_generated.wav,7.370023,2.04433,2.040428,0.277385,0.276855,1.55028,0.87964,0.388702
H3_128C_pruned70_Mask_pruning,260-123286-0004.wav,generated_audios/generated_H3_128C_pruned70/260-123286-0004_generated.wav,3.465034,0.959406,0.956031,0.276882,0.275908,1.484709,0.88605,0.391097
H3_128C_pruned70_Mask_pruning,260-123286-0005.wav,generated_audios/generated_H3_128C_pruned70/260-123286-0005_generated.wav,4.810023,1.278852,1.274899,0.265872,0.265051,1.589468,0.893998,0.413835
H3_128C_pruned70_Mask_pruning,260-123286-0006.wav,generated_audios/generated_H3_128C_pruned70/260-123286-0006_generated.wav,7.405034,2.0559,2.051926,0.277635,0.277099,1.619963,0.907095,0.417847
H3_128C_pruned70_Mask_pruning,260-123286-0007.wav,generated_audios/generated_H3_128C_pruned70/260-123286-0007_generated.wav,4.550023,1.250729,1.247079,0.274884,0.274082,1.491056,0.903372,0.42906
H3_128C_pruned70_Mask_pruning,260-123286-0008.wav,generated_audios/generated_H3_128C_pruned70/260-123286-0008_generated.wav,3.735011,0.994294,0.990826,0.266209,0.265281,1.655151,0.904502,0.40693
H3_128C_pruned70_Mask_pruning,260-123286-0009.wav,generated_audios/generated_H3_128C_pruned70/260-123286-0009_generated.wav,5.795011,1.656278,1.652444,0.285811,0.285149,1.502938,0.889937,0.387467
H3_128C_pruned70_Mask_pruning,260-123286-0010.wav,generated_audios/generated_H3_128C_pruned70/260-123286-0010_generated.wav,2.575011,0.085407,0.082109,0.033168,0.031887,1.916117,0.919818,0.369814
H3_128C_pruned70_Mask_pruning,260-123286-0011.wav,generated_audios/generated_H3_128C_pruned70/260-123286-0011_generated.wav,4.255011,0.167954,0.164244,0.039472,0.0386,1.602889,0.88853,0.400718
H3_128C_pruned70_Mask_pruning,260-123286-0012.wav,generated_audios/generated_H3_128C_pruned70/260-123286-0012_generated.wav,2.430023,0.095665,0.09235,0.039368,0.038004,1.744253,0.921255,0.384973
H3_128C_pruned70_Mask_pruning,260-123286-0013.wav,generated_audios/generated_H3_128C_pruned70/260-123286-0013_generated.wav,4.730023,1.300616,1.297387,0.27497,0.274288,1.74132,0.89439,0.389641
H3_128C_pruned70_Mask_pruning,260-123286-0014.wav,generated_audios/generated_H3_128C_pruned70/260-123286-0014_generated.wav,2.98,0.114211,0.111031,0.038326,0.037259,1.380268,0.894917,0.333234
H3_128C_pruned70_Mask_pruning,260-123286-0015.wav,generated_audios/generated_H3_128C_pruned70/260-123286-0015_generated.wav,5.210023,1.46267,1.459007,0.280742,0.280038,1.516114,0.899843,0.400658
H3_128C_pruned70_Mask_pruning,260-123286-0016.wav,generated_audios/generated_H3_128C_pruned70/260-123286-0016_generated.wav,7.0,1.943259,1.939131,0.277608,0.277019,1.528633,0.899362,0.397432
H3_128C_pruned70_Mask_pruning,260-123286-0017.wav,generated_audios/generated_H3_128C_pruned70/260-123286-0017_generated.wav,3.975011,1.050478,1.046879,0.26427,0.263365,1.53994,0.891212,0.379314
H3_128C_pruned70_Mask_pruning,260-123286-0018.wav,generated_audios/generated_H3_128C_pruned70/260-123286-0018_generated.wav,5.670023,1.582585,1.579035,0.279114,0.278488,1.618513,0.887642,0.414252
H3_128C_pruned70_Mask_pruning,260-123286-0019.wav,generated_audios/generated_H3_128C_pruned70/260-123286-0019_generated.wav,11.905034,3.585339,3.581138,0.301162,0.300809,1.510132,0.906159,0.394029
H3_128C_pruned70_Mask_pruning,260-123286-0020.wav,generated_audios/generated_H3_128C_pruned70/260-123286-0020_generated.wav,3.06,0.121553,0.117717,0.039723,0.03847,1.58219,0.912622,0.293344
H3_128C_pruned70_Mask_pruning,260-123286-0021.wav,generated_audios/generated_H3_128C_pruned70/260-123286-0021_generated.wav,2.550023,0.693439,0.690054,0.271934,0.270607,1.758084,0.929256,0.403306
H3_128C_pruned70_Mask_pruning,260-123286-0022.wav,generated_audios/generated_H3_128C_pruned70/260-123286-0022_generated.wav,3.235011,0.892902,0.889472,0.276012,0.274952,1.627263,0.911198,0.369949
H3_128C_pruned70_Mask_pruning,260-123286-0023.wav,generated_audios/generated_H3_128C_pruned70/260-123286-0023_generated.wav,5.875011,1.642508,1.638741,0.279575,0.278934,1.639135,0.912091,0.425958
H3_128C_pruned70_Mask_pruning,260-123286-0024.wav,generated_audios/generated_H3_128C_pruned70/260-123286-0024_generated.wav,3.04,0.831329,0.827566,0.273463,0.272226,1.50349,0.907188,0.423254
H3_128C_pruned70_Mask_pruning,260-123286-0025.wav,generated_audios/generated_H3_128C_pruned70/260-123286-0025_generated.wav,9.205034,2.506594,2.50261,0.272307,0.271874,1.56572,0.896835,0.412961
H3_128C_pruned70_Mask_pruning,260-123286-0026.wav,generated_audios/generated_H3_128C_pruned70/260-123286-0026_generated.wav,6.94,1.865461,1.861707,0.268798,0.268257,1.629244,0.8971,0.418204
H3_128C_pruned70_Mask_pruning,260-123286-0027.wav,generated_audios/generated_H3_128C_pruned70/260-123286-0027_generated.wav,7.170023,2.078921,2.07508,0.289946,0.28941,1.692558,0.886988,0.413201
H3_128C_pruned70_Mask_pruning,260-123286-0028.wav,generated_audios/generated_H3_128C_pruned70/260-123286-0028_generated.wav,7.465034,2.066284,2.062421,0.276795,0.276277,1.549548,0.893579,0.406447
H3_128C_pruned70_Mask_pruning,260-123286-0029.wav,generated_audios/generated_H3_128C_pruned70/260-123286-0029_generated.wav,4.545034,0.15969,0.156268,0.035135,0.034382,1.38845,0.894646,0.392722
H3_128C_pruned70_Mask_pruning,260-123286-0030.wav,generated_audios/generated_H3_128C_pruned70/260-123286-0030_generated.wav,7.530023,0.272191,0.268328,0.036147,0.035634,1.653821,0.896914,0.417705
H3_128C_pruned70_Mask_pruning,260-123286-0031.wav,generated_audios/generated_H3_128C_pruned70/260-123286-0031_generated.wav,5.06,1.370832,1.367145,0.270915,0.270187,1.66984,0.918029,0.344966
H3_128C_pruned70_Mask_pruning,260-123288-0000.wav,generated_audios/generated_H3_128C_pruned70/260-123288-0000_generated.wav,3.04,0.09844,0.09525,0.032382,0.031332,1.546979,0.89252,0.399573
H3_128C_pruned70_Mask_pruning,260-123288-0001.wav,generated_audios/generated_H3_128C_pruned70/260-123288-0001_generated.wav,5.08,0.178644,0.174944,0.035166,0.034438,1.617725,0.900204,0.373525
H3_128C_pruned70_Mask_pruning,260-123288-0002.wav,generated_audios/generated_H3_128C_pruned70/260-123288-0002_generated.wav,7.250023,1.998581,1.994534,0.275665,0.275107,1.556331,0.90041,0.409721
H3_128C_pruned70_Mask_pruning,260-123288-0003.wav,generated_audios/generated_H3_128C_pruned70/260-123288-0003_generated.wav,8.905034,2.582954,2.578556,0.290056,0.289562,1.640247,0.909065,0.406975
H3_128C_pruned70_Mask_pruning,260-123288-0004.wav,generated_audios/generated_H3_128C_pruned70/260-123288-0004_generated.wav,4.310023,1.227185,1.223679,0.284728,0.283915,1.652149,0.879679,0.363368
H3_128C_pruned70_Mask_pruning,260-123288-0005.wav,generated_audios/generated_H3_128C_pruned70/260-123288-0005_generated.wav,12.550023,3.723044,3.71894,0.296656,0.296329,1.52741,0.894857,0.399758
H3_128C_pruned70_Mask_pruning,260-123288-0006.wav,generated_audios/generated_H3_128C_pruned70/260-123288-0006_generated.wav,4.88,1.348164,1.344432,0.276263,0.275498,1.477378,0.877883,0.363535
H3_128C_pruned70_Mask_pruning,260-123288-0007.wav,generated_audios/generated_H3_128C_pruned70/260-123288-0007_generated.wav,11.2,3.311407,3.307515,0.295661,0.295314,1.565165,0.897926,0.426444
H3_128C_pruned70_Mask_pruning,260-123288-0008.wav,generated_audios/generated_H3_128C_pruned70/260-123288-0008_generated.wav,5.515011,1.583539,1.57962,0.287133,0.286422,1.734989,0.898636,0.433121
H3_128C_pruned70_Mask_pruning,260-123288-0009.wav,generated_audios/generated_H3_128C_pruned70/260-123288-0009_generated.wav,3.435011,0.978093,0.974883,0.284742,0.283808,1.815833,0.908532,0.414619
H3_128C_pruned70_Mask_pruning,260-123288-0010.wav,generated_audios/generated_H3_128C_pruned70/260-123288-0010_generated.wav,9.995011,0.374036,0.370038,0.037422,0.037022,1.516525,0.889367,0.398664
H3_128C_pruned70_Mask_pruning,260-123288-0011.wav,generated_audios/generated_H3_128C_pruned70/260-123288-0011_generated.wav,8.98,2.666092,2.661765,0.296892,0.29641,1.500545,0.895348,0.395276
H3_128C_pruned70_Mask_pruning,260-123288-0012.wav,generated_audios/generated_H3_128C_pruned70/260-123288-0012_generated.wav,3.545034,1.014956,1.012013,0.286304,0.285473,1.804414,0.89122,0.421994
H3_128C_pruned70_Mask_pruning,260-123288-0013.wav,generated_audios/generated_H3_128C_pruned70/260-123288-0013_generated.wav,11.385079,3.606805,3.602205,0.316801,0.316397,1.604654,0.898655,0.410657
H3_128C_pruned70_Mask_pruning,260-123288-0014.wav,generated_audios/generated_H3_128C_pruned70/260-123288-0014_generated.wav,1.805034,0.081072,0.077549,0.044915,0.042963,1.684086,0.912682,0.386127
H3_128C_pruned70_Mask_pruning,260-123288-0015.wav,generated_audios/generated_H3_128C_pruned70/260-123288-0015_generated.wav,21.185034,6.287323,6.28248,0.296781,0.296553,1.590397,0.90535,0.409184
H3_128C_pruned70_Mask_pruning,260-123288-0016.wav,generated_audios/generated_H3_128C_pruned70/260-123288-0016_generated.wav,4.865034,1.43034,1.425893,0.294004,0.29309,1.561218,0.888644,0.407175
H3_128C_pruned70_Mask_pruning,260-123288-0017.wav,generated_audios/generated_H3_128C_pruned70/260-123288-0017_generated.wav,5.225034,1.446775,1.443106,0.276893,0.276191,1.626274,0.927308,0.412659
H3_128C_pruned70_Mask_pruning,260-123288-0018.wav,generated_audios/generated_H3_128C_pruned70/260-123288-0018_generated.wav,3.245034,0.929265,0.925821,0.286365,0.285304,1.860253,0.921008,0.430228
H3_128C_pruned70_Mask_pruning,260-123288-0019.wav,generated_audios/generated_H3_128C_pruned70/260-123288-0019_generated.wav,2.955011,0.11424,0.11087,0.03866,0.037519,1.45406,0.892205,0.375998
H3_128C_pruned70_Mask_pruning,260-123288-0020.wav,generated_audios/generated_H3_128C_pruned70/260-123288-0020_generated.wav,2.9,0.835192,0.831934,0.287997,0.286874,1.673949,0.918286,0.369576
H3_128C_pruned70_Mask_pruning,260-123288-0021.wav,generated_audios/generated_H3_128C_pruned70/260-123288-0021_generated.wav,2.710023,0.106363,0.103333,0.039248,0.03813,1.549413,0.896499,0.409803
H3_128C_pruned70_Mask_pruning,260-123288-0022.wav,generated_audios/generated_H3_128C_pruned70/260-123288-0022_generated.wav,3.705034,1.071456,1.067897,0.289189,0.288229,1.550379,0.867915,0.412932
H3_128C_pruned70_Mask_pruning,260-123288-0023.wav,generated_audios/generated_H3_128C_pruned70/260-123288-0023_generated.wav,2.385034,0.100588,0.097285,0.042175,0.04079,1.37365,0.900705,0.35197
H3_128C_pruned70_Mask_pruning,260-123288-0024.wav,generated_audios/generated_H3_128C_pruned70/260-123288-0024_generated.wav,14.595011,4.358976,4.354709,0.298662,0.29837,1.537022,0.90669,0.420485
H3_128C_pruned70_Mask_pruning,260-123288-0025.wav,generated_audios/generated_H3_128C_pruned70/260-123288-0025_generated.wav,13.445034,4.097681,4.093365,0.304773,0.304452,1.629,0.900283,0.410971
H3_128C_pruned70_Mask_pruning,260-123288-0026.wav,generated_audios/generated_H3_128C_pruned70/260-123288-0026_generated.wav,16.04,5.177208,5.172054,0.322769,0.322447,1.633222,0.912972,0.421259
H3_128C_pruned70_Mask_pruning,260-123288-0027.wav,generated_audios/generated_H3_128C_pruned70/260-123288-0027_generated.wav,6.305034,1.788777,1.785404,0.283706,0.283171,1.775869,0.923815,0.402388
H3_128C_pruned70_Mask_pruning,260-123288-0028.wav,generated_audios/generated_H3_128C_pruned70/260-123288-0028_generated.wav,2.610023,0.762828,0.759176,0.292269,0.290869,1.759081,0.925617,0.377108
H3_128C_pruned70_Mask_pruning,260-123440-0000.wav,generated_audios/generated_H3_128C_pruned70/260-123440-0000_generated.wav,2.165034,0.604547,0.601369,0.279232,0.277764,1.324199,0.871792,0.432706
H3_128C_pruned70_Mask_pruning,260-123440-0001.wav,generated_audios/generated_H3_128C_pruned70/260-123440-0001_generated.wav,1.74,0.475582,0.472305,0.273323,0.27144,1.684254,0.875926,0.334084
H3_128C_pruned70_Mask_pruning,260-123440-0002.wav,generated_audios/generated_H3_128C_pruned70/260-123440-0002_generated.wav,14.715011,4.673436,4.668406,0.317597,0.317255,1.672975,0.891901,0.419744
H3_128C_pruned70_Mask_pruning,260-123440-0003.wav,generated_audios/generated_H3_128C_pruned70/260-123440-0003_generated.wav,3.585034,1.068403,1.064624,0.298018,0.296964,1.784719,0.913472,0.410931
H3_128C_pruned70_Mask_pruning,260-123440-0004.wav,generated_audios/generated_H3_128C_pruned70/260-123440-0004_generated.wav,12.02,3.624713,3.620028,0.301557,0.301167,1.529741,0.884179,0.416782
H3_128C_pruned70_Mask_pruning,260-123440-0005.wav,generated_audios/generated_H3_128C_pruned70/260-123440-0005_generated.wav,3.105034,0.127747,0.123866,0.041142,0.039892,1.582777,0.907649,0.421767
H3_128C_pruned70_Mask_pruning,260-123440-0006.wav,generated_audios/generated_H3_128C_pruned70/260-123440-0006_generated.wav,2.715011,0.092979,0.089287,0.034246,0.032886,1.765243,0.912676,0.429359
H3_128C_pruned70_Mask_pruning,260-123440-0007.wav,generated_audios/generated_H3_128C_pruned70/260-123440-0007_generated.wav,3.385034,1.002756,0.999382,0.296232,0.295236,1.380651,0.885783,0.432489
H3_128C_pruned70_Mask_pruning,260-123440-0008.wav,generated_audios/generated_H3_128C_pruned70/260-123440-0008_generated.wav,3.745034,1.126181,1.122725,0.300713,0.29979,1.846008,0.906611,0.425441
H3_128C_pruned70_Mask_pruning,260-123440-0009.wav,generated_audios/generated_H3_128C_pruned70/260-123440-0009_generated.wav,3.115011,0.931776,0.928429,0.299124,0.29805,1.453365,0.888726,0.430864
H3_128C_pruned70_Mask_pruning,260-123440-0010.wav,generated_audios/generated_H3_128C_pruned70/260-123440-0010_generated.wav,8.315011,2.526405,2.522855,0.303837,0.30341,1.526029,0.875918,0.440276
H3_128C_pruned70_Mask_pruning,260-123440-0011.wav,generated_audios/generated_H3_128C_pruned70/260-123440-0011_generated.wav,4.870023,0.170095,0.166179,0.034927,0.034123,1.80524,0.903457,0.435818
H3_128C_pruned70_Mask_pruning,260-123440-0012.wav,generated_audios/generated_H3_128C_pruned70/260-123440-0012_generated.wav,5.245034,1.558971,1.555749,0.297228,0.296614,1.388355,0.878188,0.472266
H3_128C_pruned70_Mask_pruning,260-123440-0013.wav,generated_audios/generated_H3_128C_pruned70/260-123440-0013_generated.wav,3.475011,1.023104,1.019775,0.294418,0.293459,1.580915,0.892731,0.467342
H3_128C_pruned70_Mask_pruning,260-123440-0014.wav,generated_audios/generated_H3_128C_pruned70/260-123440-0014_generated.wav,3.815011,1.138242,1.134922,0.298359,0.297489,1.566376,0.884417,0.45279
H3_128C_pruned70_Mask_pruning,260-123440-0015.wav,generated_audios/generated_H3_128C_pruned70/260-123440-0015_generated.wav,6.2,0.245527,0.242094,0.039601,0.039047,1.631942,0.903575,0.409779
H3_128C_pruned70_Mask_pruning,260-123440-0016.wav,generated_audios/generated_H3_128C_pruned70/260-123440-0016_generated.wav,4.895011,1.486412,1.482869,0.303659,0.302935,1.567122,0.920548,0.445539
H3_128C_pruned70_Mask_pruning,260-123440-0017.wav,generated_audios/generated_H3_128C_pruned70/260-123440-0017_generated.wav,3.070023,0.135288,0.131973,0.044067,0.042988,1.651644,0.89584,0.422619
H3_128C_pruned70_Mask_pruning,260-123440-0018.wav,generated_audios/generated_H3_128C_pruned70/260-123440-0018_generated.wav,3.64,1.10886,1.105555,0.304632,0.303724,1.63221,0.916852,0.438873
H3_128C_pruned70_Mask_pruning,260-123440-0019.wav,generated_audios/generated_H3_128C_pruned70/260-123440-0019_generated.wav,6.630023,2.027703,2.023657,0.305837,0.305226,1.579332,0.899101,0.41624
H3_128C_pruned70_Mask_pruning,260-123440-0020.wav,generated_audios/generated_H3_128C_pruned70/260-123440-0020_generated.wav,4.995011,1.500535,1.496905,0.300407,0.29968,1.664761,0.905627,0.430849
H3_128C_pruned70_Mask_pruning,61-70968-0000.wav,generated_audios/generated_H3_128C_pruned70/61-70968-0000_generated.wav,4.905034,1.485598,1.481842,0.302872,0.302106,1.063812,0.886398,0.414052
H3_128C_pruned70_Mask_pruning,61-70968-0001.wav,generated_audios/generated_H3_128C_pruned70/61-70968-0001_generated.wav,3.610023,1.081391,1.077692,0.299552,0.298528,1.435855,0.845289,0.400049
H3_128C_pruned70_Mask_pruning,61-70968-0002.wav,generated_audios/generated_H3_128C_pruned70/61-70968-0002_generated.wav,2.970023,0.870702,0.867184,0.293164,0.291979,1.423471,0.856568,0.401394
H3_128C_pruned70_Mask_pruning,61-70968-0003.wav,generated_audios/generated_H3_128C_pruned70/61-70968-0003_generated.wav,4.315011,0.162563,0.159547,0.037674,0.036975,1.607017,0.882429,0.408101
H3_128C_pruned70_Mask_pruning,61-70968-0004.wav,generated_audios/generated_H3_128C_pruned70/61-70968-0004_generated.wav,3.885034,1.163087,1.159557,0.299376,0.298468,1.580492,0.905716,0.417403
H3_128C_pruned70_Mask_pruning,61-70968-0005.wav,generated_audios/generated_H3_128C_pruned70/61-70968-0005_generated.wav,5.070023,0.186828,0.183354,0.03685,0.036164,1.489832,0.849031,0.407859
H3_128C_pruned70_Mask_pruning,61-70968-0006.wav,generated_audios/generated_H3_128C_pruned70/61-70968-0006_generated.wav,2.935011,0.821449,0.818243,0.279879,0.278787,1.568632,0.901816,0.400107
H3_128C_pruned70_Mask_pruning,61-70968-0007.wav,generated_audios/generated_H3_128C_pruned70/61-70968-0007_generated.wav,3.550023,0.134627,0.131084,0.037923,0.036925,1.611431,0.807433,0.405682
H3_128C_pruned70_Mask_pruning,61-70968-0008.wav,generated_audios/generated_H3_128C_pruned70/61-70968-0008_generated.wav,3.535011,0.131901,0.128551,0.037313,0.036365,1.434627,0.855667,0.399491
H3_128C_pruned70_Mask_pruning,61-70968-0009.wav,generated_audios/generated_H3_128C_pruned70/61-70968-0009_generated.wav,4.510023,1.36119,1.357728,0.301814,0.301047,1.45283,0.844705,0.411069
H3_128C_pruned70_Mask_pruning,61-70968-0010.wav,generated_audios/generated_H3_128C_pruned70/61-70968-0010_generated.wav,8.295011,2.38533,2.381166,0.287562,0.28706,1.494147,0.860156,0.415414
H3_128C_pruned70_Mask_pruning,61-70968-0011.wav,generated_audios/generated_H3_128C_pruned70/61-70968-0011_generated.wav,6.375011,1.827112,1.82311,0.286605,0.285978,1.443182,0.864929,0.411548
H3_128C_pruned70_Mask_pruning,61-70968-0012.wav,generated_audios/generated_H3_128C_pruned70/61-70968-0012_generated.wav,2.610023,0.105393,0.101859,0.04038,0.039026,1.689795,0.926847,0.419087
H3_128C_pruned70_Mask_pruning,61-70968-0013.wav,generated_audios/generated_H3_128C_pruned70/61-70968-0013_generated.wav,4.450023,0.156714,0.153472,0.035216,0.034488,1.544884,0.871008,0.404882
H3_128C_pruned70_Mask_pruning,61-70968-0014.wav,generated_audios/generated_H3_128C_pruned70/61-70968-0014_generated.wav,7.485034,2.272531,2.268595,0.30361,0.303084,1.667238,0.865893,0.401283
H3_128C_pruned70_Mask_pruning,61-70968-0015.wav,generated_audios/generated_H3_128C_pruned70/61-70968-0015_generated.wav,5.375011,1.54452,1.540947,0.287352,0.286687,1.58353,0.892497,0.412629
H3_128C_pruned70_Mask_pruning,61-70968-0016.wav,generated_audios/generated_H3_128C_pruned70/61-70968-0016_generated.wav,3.72,1.127033,1.123327,0.302966,0.30197,1.65479,0.914938,0.409806
H3_128C_pruned70_Mask_pruning,61-70968-0017.wav,generated_audios/generated_H3_128C_pruned70/61-70968-0017_generated.wav,5.110023,1.552524,1.548569,0.303819,0.303045,1.492231,0.871775,0.403479
H3_128C_pruned70_Mask_pruning,61-70968-0018.wav,generated_audios/generated_H3_128C_pruned70/61-70968-0018_generated.wav,2.405034,0.70623,0.702838,0.293647,0.292236,1.229961,0.89741,0.407981
H3_128C_pruned70_Mask_pruning,61-70968-0019.wav,generated_audios/generated_H3_128C_pruned70/61-70968-0019_generated.wav,5.475011,1.595772,1.592132,0.291465,0.2908,1.455662,0.85972,0.423911
H3_128C_pruned70_Mask_pruning,61-70968-0020.wav,generated_audios/generated_H3_128C_pruned70/61-70968-0020_generated.wav,5.105034,1.574036,1.570675,0.30833,0.307672,1.522121,0.856105,0.41216
H3_128C_pruned70_Mask_pruning,61-70968-0021.wav,generated_audios/generated_H3_128C_pruned70/61-70968-0021_generated.wav,2.690023,0.755666,0.752369,0.280914,0.279689,1.532964,0.858269,0.408019
H3_128C_pruned70_Mask_pruning,61-70968-0022.wav,generated_audios/generated_H3_128C_pruned70/61-70968-0022_generated.wav,4.670023,0.188518,0.184747,0.040368,0.03956,1.415907,0.845823,0.423609
H3_128C_pruned70_Mask_pruning,61-70968-0023.wav,generated_audios/generated_H3_128C_pruned70/61-70968-0023_generated.wav,5.025034,0.185658,0.182015,0.036947,0.036222,1.495406,0.887733,0.41866
H3_128C_pruned70_Mask_pruning,61-70968-0024.wav,generated_audios/generated_H3_128C_pruned70/61-70968-0024_generated.wav,6.025034,1.848118,1.844533,0.30674,0.306145,1.495985,0.868767,0.415878
H3_128C_pruned70_Mask_pruning,61-70968-0025.wav,generated_audios/generated_H3_128C_pruned70/61-70968-0025_generated.wav,4.410023,0.163683,0.159747,0.037116,0.036224,1.570359,0.874404,0.4135
H3_128C_pruned70_Mask_pruning,61-70968-0026.wav,generated_audios/generated_H3_128C_pruned70/61-70968-0026_generated.wav,4.92,1.413491,1.409764,0.287295,0.286537,1.49166,0.890946,0.402377
H3_128C_pruned70_Mask_pruning,61-70968-0027.wav,generated_audios/generated_H3_128C_pruned70/61-70968-0027_generated.wav,6.870023,1.994988,1.991153,0.29039,0.289832,1.587699,0.884689,0.403137
H3_128C_pruned70_Mask_pruning,61-70968-0028.wav,generated_audios/generated_H3_128C_pruned70/61-70968-0028_generated.wav,5.355011,1.6734,1.669625,0.312492,0.311787,1.640672,0.895019,0.398798
H3_128C_pruned70_Mask_pruning,61-70968-0029.wav,generated_audios/generated_H3_128C_pruned70/61-70968-0029_generated.wav,3.495011,1.04437,1.041146,0.298817,0.297895,1.596932,0.867795,0.407634
H3_128C_pruned70_Mask_pruning,61-70968-0030.wav,generated_audios/generated_H3_128C_pruned70/61-70968-0030_generated.wav,5.685034,1.674226,1.670756,0.294497,0.293887,1.581533,0.873916,0.40279
H3_128C_pruned70_Mask_pruning,61-70968-0031.wav,generated_audios/generated_H3_128C_pruned70/61-70968-0031_generated.wav,2.925034,0.896854,0.893257,0.306613,0.305383,1.382598,0.842009,0.401162
H3_128C_pruned70_Mask_pruning,61-70968-0032.wav,generated_audios/generated_H3_128C_pruned70/61-70968-0032_generated.wav,4.28,0.161004,0.157753,0.037618,0.036858,1.650331,0.878437,0.404091
H3_128C_pruned70_Mask_pruning,61-70968-0033.wav,generated_audios/generated_H3_128C_pruned70/61-70968-0033_generated.wav,5.685034,0.172176,0.168836,0.030286,0.029698,1.586927,0.906579,0.402306
H3_128C_pruned70_Mask_pruning,61-70968-0034.wav,generated_audios/generated_H3_128C_pruned70/61-70968-0034_generated.wav,4.230023,1.302213,1.298465,0.30785,0.306964,1.728821,0.905302,0.428411
H3_128C_pruned70_Mask_pruning,61-70968-0035.wav,generated_audios/generated_H3_128C_pruned70/61-70968-0035_generated.wav,7.950023,2.326003,2.321732,0.292578,0.292041,1.550159,0.880266,0.41238
H3_128C_pruned70_Mask_pruning,61-70968-0036.wav,generated_audios/generated_H3_128C_pruned70/61-70968-0036_generated.wav,2.934966,0.116422,0.112935,0.039667,0.038479,1.535731,0.880504,0.400051
H3_128C_pruned70_Mask_pruning,61-70968-0037.wav,generated_audios/generated_H3_128C_pruned70/61-70968-0037_generated.wav,4.315011,0.155221,0.151697,0.035972,0.035156,1.312908,0.825603,0.419226
H3_128C_pruned70_Mask_pruning,61-70968-0038.wav,generated_audios/generated_H3_128C_pruned70/61-70968-0038_generated.wav,2.050023,0.590374,0.587291,0.287984,0.28648,1.733638,0.833365,0.399521
H3_128C_pruned70_Mask_pruning,61-70968-0039.wav,generated_audios/generated_H3_128C_pruned70/61-70968-0039_generated.wav,3.805034,1.121882,1.118662,0.294842,0.293995,1.513868,0.867409,0.406393
H3_128C_pruned70_Mask_pruning,61-70968-0040.wav,generated_audios/generated_H3_128C_pruned70/61-70968-0040_generated.wav,3.950023,1.212256,1.208832,0.306899,0.306032,1.589321,0.875867,0.400653
H3_128C_pruned70_Mask_pruning,61-70968-0041.wav,generated_audios/generated_H3_128C_pruned70/61-70968-0041_generated.wav,6.825034,0.241664,0.238155,0.035408,0.034894,1.480928,0.858063,0.413945
H3_128C_pruned70_Mask_pruning,61-70968-0042.wav,generated_audios/generated_H3_128C_pruned70/61-70968-0042_generated.wav,2.785034,0.117653,0.114233,0.042245,0.041017,1.635216,0.844867,0.415998
H3_128C_pruned70_Mask_pruning,61-70968-0043.wav,generated_audios/generated_H3_128C_pruned70/61-70968-0043_generated.wav,6.735011,2.069351,2.065668,0.307253,0.306706,1.555012,0.844876,0.397006
H3_128C_pruned70_Mask_pruning,61-70968-0044.wav,generated_audios/generated_H3_128C_pruned70/61-70968-0044_generated.wav,2.770023,0.11065,0.107492,0.039945,0.038805,1.570514,0.853014,0.392979
H3_128C_pruned70_Mask_pruning,61-70968-0045.wav,generated_audios/generated_H3_128C_pruned70/61-70968-0045_generated.wav,3.475011,0.134175,0.130538,0.038611,0.037565,1.787836,0.838285,0.390679
H3_128C_pruned70_Mask_pruning,61-70968-0046.wav,generated_audios/generated_H3_128C_pruned70/61-70968-0046_generated.wav,3.550023,0.143873,0.140365,0.040527,0.039539,1.597443,0.885915,0.408636
H3_128C_pruned70_Mask_pruning,61-70968-0047.wav,generated_audios/generated_H3_128C_pruned70/61-70968-0047_generated.wav,4.775011,1.394449,1.390774,0.29203,0.291261,1.520932,0.870652,0.413247
H3_128C_pruned70_Mask_pruning,61-70968-0048.wav,generated_audios/generated_H3_128C_pruned70/61-70968-0048_generated.wav,3.02,0.910787,0.907396,0.301585,0.300462,1.363849,0.841456,0.401016
H3_128C_pruned70_Mask_pruning,61-70968-0049.wav,generated_audios/generated_H3_128C_pruned70/61-70968-0049_generated.wav,8.250023,2.566086,2.562013,0.31104,0.310546,1.592237,0.851656,0.41149
H3_128C_pruned70_Mask_pruning,61-70968-0050.wav,generated_audios/generated_H3_128C_pruned70/61-70968-0050_generated.wav,5.58,1.63614,1.632551,0.293215,0.292572,1.592505,0.85862,0.407673
H3_128C_pruned70_Mask_pruning,61-70968-0051.wav,generated_audios/generated_H3_128C_pruned70/61-70968-0051_generated.wav,3.135011,0.916364,0.914203,0.2923,0.291611,1.548649,0.850006,0.39252
H3_128C_pruned70_Mask_pruning,61-70968-0052.wav,generated_audios/generated_H3_128C_pruned70/61-70968-0052_generated.wav,2.650023,0.744875,0.741537,0.281082,0.279823,1.618136,0.89302,0.410874
H3_128C_pruned70_Mask_pruning,61-70968-0053.wav,generated_audios/generated_H3_128C_pruned70/61-70968-0053_generated.wav,4.22,0.176821,0.173258,0.041901,0.041056,1.593194,0.871135,0.394548
H3_128C_pruned70_Mask_pruning,61-70968-0054.wav,generated_audios/generated_H3_128C_pruned70/61-70968-0054_generated.wav,7.86,2.40867,2.404601,0.306447,0.305929,1.476916,0.86735,0.404896
H3_128C_pruned70_Mask_pruning,61-70968-0055.wav,generated_audios/generated_H3_128C_pruned70/61-70968-0055_generated.wav,3.965034,0.145515,0.141991,0.0367,0.035811,1.816334,0.853275,0.397729
H3_128C_pruned70_Mask_pruning,61-70968-0056.wav,generated_audios/generated_H3_128C_pruned70/61-70968-0056_generated.wav,3.565034,1.080313,1.076762,0.30303,0.302034,1.584915,0.888452,0.396553
H3_128C_pruned70_Mask_pruning,61-70968-0057.wav,generated_audios/generated_H3_128C_pruned70/61-70968-0057_generated.wav,5.065034,0.1772,0.173592,0.034985,0.034273,1.426548,0.844637,0.406014
H3_128C_pruned70_Mask_pruning,61-70968-0058.wav,generated_audios/generated_H3_128C_pruned70/61-70968-0058_generated.wav,1.82,0.473628,0.470565,0.260235,0.258552,1.533894,0.848196,0.402797
H3_128C_pruned70_Mask_pruning,61-70968-0059.wav,generated_audios/generated_H3_128C_pruned70/61-70968-0059_generated.wav,2.170023,0.088809,0.085434,0.040925,0.03937,1.644667,0.904657,0.423291
H3_128C_pruned70_Mask_pruning,61-70968-0060.wav,generated_audios/generated_H3_128C_pruned70/61-70968-0060_generated.wav,3.735011,0.152703,0.149112,0.040884,0.039923,1.666693,0.876689,0.40432
H3_128C_pruned70_Mask_pruning,61-70968-0061.wav,generated_audios/generated_H3_128C_pruned70/61-70968-0061_generated.wav,5.530023,1.664352,1.660665,0.300967,0.3003,1.383361,0.858276,0.412292
H3_128C_pruned70_Mask_pruning,61-70968-0062.wav,generated_audios/generated_H3_128C_pruned70/61-70968-0062_generated.wav,2.555011,0.099307,0.095576,0.038868,0.037407,1.513002,0.839692,0.389276
H3_128C_pruned70_Mask_pruning,61-70970-0000.wav,generated_audios/generated_H3_128C_pruned70/61-70970-0000_generated.wav,6.075011,1.888449,1.884888,0.310855,0.310269,1.463858,0.892779,0.409402
H3_128C_pruned70_Mask_pruning,61-70970-0001.wav,generated_audios/generated_H3_128C_pruned70/61-70970-0001_generated.wav,6.155011,1.907212,1.903672,0.309863,0.309288,1.706373,0.907773,0.402473
H3_128C_pruned70_Mask_pruning,61-70970-0002.wav,generated_audios/generated_H3_128C_pruned70/61-70970-0002_generated.wav,4.165034,1.248541,1.245191,0.299767,0.298963,1.661667,0.854231,0.402874
H3_128C_pruned70_Mask_pruning,61-70970-0003.wav,generated_audios/generated_H3_128C_pruned70/61-70970-0003_generated.wav,3.835011,1.090655,1.088341,0.284394,0.283791,1.619361,0.861105,0.383116
H3_128C_pruned70_Mask_pruning,61-70970-0004.wav,generated_audios/generated_H3_128C_pruned70/61-70970-0004_generated.wav,10.515011,3.200024,3.196193,0.304329,0.303965,1.609566,0.856619,0.394589
H3_128C_pruned70_Mask_pruning,61-70970-0005.wav,generated_audios/generated_H3_128C_pruned70/61-70970-0005_generated.wav,2.02,0.579891,0.576338,0.287075,0.285316,1.646971,0.867711,0.383457
H3_128C_pruned70_Mask_pruning,61-70970-0006.wav,generated_audios/generated_H3_128C_pruned70/61-70970-0006_generated.wav,2.335011,0.714229,0.710568,0.305878,0.30431,1.493368,0.891492,0.397906
H3_128C_pruned70_Mask_pruning,61-70970-0007.wav,generated_audios/generated_H3_128C_pruned70/61-70970-0007_generated.wav,4.485034,1.419761,1.415991,0.316555,0.315715,1.557545,0.859158,0.417885
H3_128C_pruned70_Mask_pruning,61-70970-0008.wav,generated_audios/generated_H3_128C_pruned70/61-70970-0008_generated.wav,2.150023,0.678065,0.674704,0.315376,0.313813,1.726128,0.8268,0.403847
H3_128C_pruned70_Mask_pruning,61-70970-0009.wav,generated_audios/generated_H3_128C_pruned70/61-70970-0009_generated.wav,3.405034,1.115941,1.11229,0.327733,0.32666,1.682878,0.87652,0.390109
H3_128C_pruned70_Mask_pruning,61-70970-0010.wav,generated_audios/generated_H3_128C_pruned70/61-70970-0010_generated.wav,3.045034,0.117145,0.113726,0.038471,0.037348,1.599349,0.853009,0.405525
H3_128C_pruned70_Mask_pruning,61-70970-0011.wav,generated_audios/generated_H3_128C_pruned70/61-70970-0011_generated.wav,6.075011,0.188215,0.184481,0.030982,0.030367,1.590568,0.838902,0.403668
H3_128C_pruned70_Mask_pruning,61-70970-0012.wav,generated_audios/generated_H3_128C_pruned70/61-70970-0012_generated.wav,3.135011,0.120735,0.11729,0.038512,0.037413,1.532504,0.885946,0.402874
H3_128C_pruned70_Mask_pruning,61-70970-0013.wav,generated_audios/generated_H3_128C_pruned70/61-70970-0013_generated.wav,4.350023,1.372709,1.369365,0.315564,0.314795,1.516657,0.872904,0.410628
H3_128C_pruned70_Mask_pruning,61-70970-0014.wav,generated_audios/generated_H3_128C_pruned70/61-70970-0014_generated.wav,3.405034,0.108532,0.105048,0.031874,0.030851,1.50693,0.893252,0.403966
H3_128C_pruned70_Mask_pruning,61-70970-0015.wav,generated_audios/generated_H3_128C_pruned70/61-70970-0015_generated.wav,8.415011,2.666272,2.661935,0.316847,0.316332,1.512769,0.891766,0.405351
H3_128C_pruned70_Mask_pruning,61-70970-0016.wav,generated_audios/generated_H3_128C_pruned70/61-70970-0016_generated.wav,4.370023,1.389645,1.385711,0.317995,0.317095,1.467456,0.906863,0.407945
H3_128C_pruned70_Mask_pruning,61-70970-0017.wav,generated_audios/generated_H3_128C_pruned70/61-70970-0017_generated.wav,2.550023,0.102821,0.099527,0.040321,0.03903,1.512702,0.85494,0.402039
H3_128C_pruned70_Mask_pruning,61-70970-0018.wav,generated_audios/generated_H3_128C_pruned70/61-70970-0018_generated.wav,4.6,1.366846,1.363321,0.29714,0.296374,1.526206,0.860228,0.41994
H3_128C_pruned70_Mask_pruning,61-70970-0019.wav,generated_audios/generated_H3_128C_pruned70/61-70970-0019_generated.wav,3.78,1.167901,1.164761,0.308969,0.308138,1.589866,0.873215,0.413866
H3_128C_pruned70_Mask_pruning,61-70970-0020.wav,generated_audios/generated_H3_128C_pruned70/61-70970-0020_generated.wav,5.025034,0.18136,0.17763,0.036091,0.035349,1.54677,0.853124,0.407426
H3_128C_pruned70_Mask_pruning,61-70970-0021.wav,generated_audios/generated_H3_128C_pruned70/61-70970-0021_generated.wav,5.405034,1.588684,1.586219,0.293927,0.293471,1.463024,0.856163,0.419395
H3_128C_pruned70_Mask_pruning,61-70970-0022.wav,generated_audios/generated_H3_128C_pruned70/61-70970-0022_generated.wav,3.970023,0.14669,0.143031,0.036949,0.036028,1.566078,0.844589,0.412686
H3_128C_pruned70_Mask_pruning,61-70970-0023.wav,generated_audios/generated_H3_128C_pruned70/61-70970-0023_generated.wav,3.705034,0.138818,0.13531,0.037467,0.036521,1.517483,0.892063,0.408658
H3_128C_pruned70_Mask_pruning,61-70970-0024.wav,generated_audios/generated_H3_128C_pruned70/61-70970-0024_generated.wav,7.235011,2.237864,2.233942,0.30931,0.308768,1.49335,0.887739,0.411667
H3_128C_pruned70_Mask_pruning,61-70970-0025.wav,generated_audios/generated_H3_128C_pruned70/61-70970-0025_generated.wav,7.435011,2.304746,2.300783,0.309986,0.309453,1.652037,0.897416,0.407906
H3_128C_pruned70_Mask_pruning,61-70970-0026.wav,generated_audios/generated_H3_128C_pruned70/61-70970-0026_generated.wav,5.475011,0.209577,0.205984,0.038279,0.037623,1.559308,0.878363,0.406784
H3_128C_pruned70_Mask_pruning,61-70970-0027.wav,generated_audios/generated_H3_128C_pruned70/61-70970-0027_generated.wav,5.08,0.176152,0.172444,0.034676,0.033946,1.51592,0.873911,0.40777
H3_128C_pruned70_Mask_pruning,61-70970-0028.wav,generated_audios/generated_H3_128C_pruned70/61-70970-0028_generated.wav,6.550023,0.252412,0.24855,0.038536,0.037946,1.748377,0.904098,0.394849
H3_128C_pruned70_Mask_pruning,61-70970-0029.wav,generated_audios/generated_H3_128C_pruned70/61-70970-0029_generated.wav,4.030023,0.150176,0.14618,0.037264,0.036273,1.57587,0.870985,0.401749
H3_128C_pruned70_Mask_pruning,61-70970-0030.wav,generated_audios/generated_H3_128C_pruned70/61-70970-0030_generated.wav,3.24,0.123784,0.120335,0.038205,0.03714,1.499325,0.861316,0.421108
H3_128C_pruned70_Mask_pruning,61-70970-0031.wav,generated_audios/generated_H3_128C_pruned70/61-70970-0031_generated.wav,5.135011,1.568657,1.565144,0.305483,0.304799,1.403602,0.877965,0.401502
H3_128C_pruned70_Mask_pruning,61-70970-0032.wav,generated_audios/generated_H3_128C_pruned70/61-70970-0032_generated.wav,3.135011,0.123803,0.12113,0.03949,0.038638,1.519779,0.874301,0.403879
H3_128C_pruned70_Mask_pruning,61-70970-0033.wav,generated_audios/generated_H3_128C_pruned70/61-70970-0033_generated.wav,3.42,0.983433,0.979834,0.287554,0.286501,1.423851,0.883187,0.406142
H3_128C_pruned70_Mask_pruning,61-70970-0034.wav,generated_audios/generated_H3_128C_pruned70/61-70970-0034_generated.wav,4.485034,0.165226,0.161541,0.036839,0.036018,1.406314,0.847231,0.413108
H3_128C_pruned70_Mask_pruning,61-70970-0035.wav,generated_audios/generated_H3_128C_pruned70/61-70970-0035_generated.wav,7.405034,0.259229,0.255352,0.035007,0.034484,1.490318,0.888472,0.400878
H3_128C_pruned70_Mask_pruning,61-70970-0036.wav,generated_audios/generated_H3_128C_pruned70/61-70970-0036_generated.wav,6.785034,0.236589,0.232651,0.034869,0.034289,1.438974,0.883213,0.403884
H3_128C_pruned70_Mask_pruning,61-70970-0037.wav,generated_audios/generated_H3_128C_pruned70/61-70970-0037_generated.wav,5.98,1.820191,1.816329,0.30438,0.303734,1.628577,0.882498,0.409199
H3_128C_pruned70_Mask_pruning,61-70970-0038.wav,generated_audios/generated_H3_128C_pruned70/61-70970-0038_generated.wav,10.4,3.286636,3.282042,0.316023,0.315581,1.524114,0.875219,0.409543
H3_128C_pruned70_Mask_pruning,61-70970-0039.wav,generated_audios/generated_H3_128C_pruned70/61-70970-0039_generated.wav,6.665034,0.239166,0.235391,0.035884,0.035317,1.371365,0.852333,0.411272
H3_128C_pruned70_Mask_pruning,61-70970-0040.wav,generated_audios/generated_H3_128C_pruned70/61-70970-0040_generated.wav,4.165034,0.149338,0.145622,0.035855,0.034963,1.520894,0.891665,0.41299
H3_128C_pruned70_Mask_pruning,672-122797-0000.wav,generated_audios/generated_H3_128C_pruned70/672-122797-0000_generated.wav,4.070023,1.240841,1.237346,0.304873,0.304014,1.628866,0.900886,0.406039
H3_128C_pruned70_Mask_pruning,672-122797-0001.wav,generated_audios/generated_H3_128C_pruned70/672-122797-0001_generated.wav,15.130023,4.844347,4.839313,0.320181,0.319848,1.926915,0.893232,0.408343
H3_128C_pruned70_Mask_pruning,672-122797-0002.wav,generated_audios/generated_H3_128C_pruned70/672-122797-0002_generated.wav,13.62,3.989648,3.984625,0.292926,0.292557,1.706032,0.888275,0.40572
H3_128C_pruned70_Mask_pruning,672-122797-0003.wav,generated_audios/generated_H3_128C_pruned70/672-122797-0003_generated.wav,4.76,1.456155,1.45284,0.305915,0.305219,1.499022,0.853252,0.403018
H3_128C_pruned70_Mask_pruning,672-122797-0004.wav,generated_audios/generated_H3_128C_pruned70/672-122797-0004_generated.wav,10.250023,3.068388,3.063756,0.299354,0.298902,1.655541,0.849735,0.422757
H3_128C_pruned70_Mask_pruning,672-122797-0005.wav,generated_audios/generated_H3_128C_pruned70/672-122797-0005_generated.wav,3.26,0.990389,0.986722,0.3038,0.302675,1.632272,0.778601,0.41349
H3_128C_pruned70_Mask_pruning,672-122797-0006.wav,generated_audios/generated_H3_128C_pruned70/672-122797-0006_generated.wav,13.950023,4.513962,4.50951,0.323581,0.323262,1.385097,0.768688,0.460972
H3_128C_pruned70_Mask_pruning,672-122797-0007.wav,generated_audios/generated_H3_128C_pruned70/672-122797-0007_generated.wav,6.42,1.957612,1.953704,0.304924,0.304315,1.662262,0.805373,0.419203
H3_128C_pruned70_Mask_pruning,672-122797-0008.wav,generated_audios/generated_H3_128C_pruned70/672-122797-0008_generated.wav,30.810023,9.836708,9.829539,0.31927,0.319037,1.676757,0.819544,0.411039
H3_128C_pruned70_Mask_pruning,672-122797-0009.wav,generated_audios/generated_H3_128C_pruned70/672-122797-0009_generated.wav,2.765034,0.116526,0.112226,0.042143,0.040588,1.337774,0.734953,0.509574
H3_128C_pruned70_Mask_pruning,672-122797-0010.wav,generated_audios/generated_H3_128C_pruned70/672-122797-0010_generated.wav,3.815011,0.142508,0.138835,0.037355,0.036392,1.540652,0.856098,0.429653
H3_128C_pruned70_Mask_pruning,672-122797-0011.wav,generated_audios/generated_H3_128C_pruned70/672-122797-0011_generated.wav,2.54,0.814839,0.811626,0.320803,0.319538,1.311826,0.793479,0.509107
H3_128C_pruned70_Mask_pruning,672-122797-0012.wav,generated_audios/generated_H3_128C_pruned70/672-122797-0012_generated.wav,7.765034,2.500618,2.497072,0.322036,0.321579,1.510533,0.838964,0.430682
H3_128C_pruned70_Mask_pruning,672-122797-0013.wav,generated_audios/generated_H3_128C_pruned70/672-122797-0013_generated.wav,8.705034,2.802705,2.798424,0.321964,0.321472,1.712791,0.80608,0.449115
H3_128C_pruned70_Mask_pruning,672-122797-0014.wav,generated_audios/generated_H3_128C_pruned70/672-122797-0014_generated.wav,2.555011,0.105668,0.101861,0.041357,0.039867,1.523921,0.829457,0.463742
H3_128C_pruned70_Mask_pruning,672-122797-0015.wav,generated_audios/generated_H3_128C_pruned70/672-122797-0015_generated.wav,4.455011,0.161962,0.158557,0.036355,0.035591,1.712659,0.819336,0.480124
H3_128C_pruned70_Mask_pruning,672-122797-0016.wav,generated_audios/generated_H3_128C_pruned70/672-122797-0016_generated.wav,9.215011,2.879444,2.876596,0.312473,0.312164,1.411054,0.805895,0.446454
H3_128C_pruned70_Mask_pruning,672-122797-0017.wav,generated_audios/generated_H3_128C_pruned70/672-122797-0017_generated.wav,4.82,1.488545,1.485012,0.308827,0.308094,1.370249,0.806596,0.46261
H3_128C_pruned70_Mask_pruning,672-122797-0018.wav,generated_audios/generated_H3_128C_pruned70/672-122797-0018_generated.wav,4.930023,1.531743,1.528333,0.310697,0.310005,1.700007,0.850422,0.413666
H3_128C_pruned70_Mask_pruning,672-122797-0019.wav,generated_audios/generated_H3_128C_pruned70/672-122797-0019_generated.wav,4.110023,1.223517,1.2199,0.297691,0.296811,1.619676,0.828752,0.43224
H3_128C_pruned70_Mask_pruning,672-122797-0020.wav,generated_audios/generated_H3_128C_pruned70/672-122797-0020_generated.wav,8.825034,2.777903,2.773852,0.314775,0.314316,1.537315,0.798497,0.420463
H3_128C_pruned70_Mask_pruning,672-122797-0021.wav,generated_audios/generated_H3_128C_pruned70/672-122797-0021_generated.wav,4.150023,0.158474,0.154543,0.038186,0.037239,1.615928,0.893341,0.403035
H3_128C_pruned70_Mask_pruning,672-122797-0022.wav,generated_audios/generated_H3_128C_pruned70/672-122797-0022_generated.wav,19.004943,5.974266,5.969298,0.314353,0.314092,1.681277,0.816858,0.403978
H3_128C_pruned70_Mask_pruning,672-122797-0023.wav,generated_audios/generated_H3_128C_pruned70/672-122797-0023_generated.wav,9.695102,2.98204,2.978367,0.307582,0.307203,1.540771,0.828277,0.411374
H3_128C_pruned70_Mask_pruning,672-122797-0024.wav,generated_audios/generated_H3_128C_pruned70/672-122797-0024_generated.wav,4.130023,1.249959,1.246487,0.302652,0.301811,1.563538,0.784448,0.398092
H3_128C_pruned70_Mask_pruning,672-122797-0025.wav,generated_audios/generated_H3_128C_pruned70/672-122797-0025_generated.wav,10.690023,3.355674,3.35166,0.313907,0.313532,1.725475,0.873255,0.415874
H3_128C_pruned70_Mask_pruning,672-122797-0026.wav,generated_audios/generated_H3_128C_pruned70/672-122797-0026_generated.wav,13.96,4.406866,4.402012,0.315678,0.31533,1.56911,0.848417,0.409289
H3_128C_pruned70_Mask_pruning,672-122797-0027.wav,generated_audios/generated_H3_128C_pruned70/672-122797-0027_generated.wav,4.790023,0.174393,0.171147,0.036408,0.03573,1.557825,0.797714,0.389934
H3_128C_pruned70_Mask_pruning,672-122797-0028.wav,generated_audios/generated_H3_128C_pruned70/672-122797-0028_generated.wav,2.610023,0.102545,0.099122,0.039289,0.037977,1.631374,0.872111,0.423103
H3_128C_pruned70_Mask_pruning,672-122797-0029.wav,generated_audios/generated_H3_128C_pruned70/672-122797-0029_generated.wav,3.050023,0.116179,0.112698,0.038091,0.03695,2.139924,0.896896,0.430807
H3_128C_pruned70_Mask_pruning,672-122797-0030.wav,generated_audios/generated_H3_128C_pruned70/672-122797-0030_generated.wav,4.575011,1.398685,1.395295,0.305723,0.304982,1.559485,0.868607,0.439681
H3_128C_pruned70_Mask_pruning,672-122797-0031.wav,generated_audios/generated_H3_128C_pruned70/672-122797-0031_generated.wav,3.98,0.148179,0.144939,0.037231,0.036417,1.36918,0.821757,0.439141
H3_128C_pruned70_Mask_pruning,672-122797-0032.wav,generated_audios/generated_H3_128C_pruned70/672-122797-0032_generated.wav,4.0,0.15037,0.147329,0.037592,0.036832,1.47256,0.808815,0.414682
H3_128C_pruned70_Mask_pruning,672-122797-0033.wav,generated_audios/generated_H3_128C_pruned70/672-122797-0033_generated.wav,1.285034,0.35453,0.351449,0.275891,0.273494,1.250857,0.736251,0.456565
H3_128C_pruned70_Mask_pruning,672-122797-0034.wav,generated_audios/generated_H3_128C_pruned70/672-122797-0034_generated.wav,5.110023,0.179069,0.175259,0.035043,0.034297,1.317029,0.849529,0.438433
H3_128C_pruned70_Mask_pruning,672-122797-0035.wav,generated_audios/generated_H3_128C_pruned70/672-122797-0035_generated.wav,2.9,0.11403,0.11066,0.039321,0.038158,1.716818,0.880797,0.440066
H3_128C_pruned70_Mask_pruning,672-122797-0036.wav,generated_audios/generated_H3_128C_pruned70/672-122797-0036_generated.wav,5.365034,0.18869,0.18519,0.03517,0.034518,1.300343,0.761264,0.462808
H3_128C_pruned70_Mask_pruning,672-122797-0037.wav,generated_audios/generated_H3_128C_pruned70/672-122797-0037_generated.wav,1.96,0.569534,0.566231,0.290579,0.288894,1.216225,0.736773,0.540934
H3_128C_pruned70_Mask_pruning,672-122797-0038.wav,generated_audios/generated_H3_128C_pruned70/672-122797-0038_generated.wav,8.8,2.7812,2.777128,0.316045,0.315583,1.642177,0.829619,0.414441
H3_128C_pruned70_Mask_pruning,672-122797-0039.wav,generated_audios/generated_H3_128C_pruned70/672-122797-0039_generated.wav,4.025034,1.246354,1.242778,0.309651,0.308762,1.532063,0.848446,0.442946
H3_128C_pruned70_Mask_pruning,672-122797-0040.wav,generated_audios/generated_H3_128C_pruned70/672-122797-0040_generated.wav,5.125034,0.188416,0.18443,0.036764,0.035986,1.739272,0.856537,0.409958
H3_128C_pruned70_Mask_pruning,672-122797-0041.wav,generated_audios/generated_H3_128C_pruned70/672-122797-0041_generated.wav,3.88,0.144435,0.140947,0.037225,0.036327,1.769296,0.867634,0.405271
H3_128C_pruned70_Mask_pruning,672-122797-0042.wav,generated_audios/generated_H3_128C_pruned70/672-122797-0042_generated.wav,15.310023,4.833536,4.828979,0.315711,0.315413,1.682507,0.717601,0.399593
H3_128C_pruned70_Mask_pruning,672-122797-0043.wav,generated_audios/generated_H3_128C_pruned70/672-122797-0043_generated.wav,3.78,0.140624,0.136851,0.037202,0.036204,1.315181,0.752069,0.45338
H3_128C_pruned70_Mask_pruning,672-122797-0044.wav,generated_audios/generated_H3_128C_pruned70/672-122797-0044_generated.wav,3.74,0.140222,0.136707,0.037492,0.036553,1.713184,0.811207,0.423842
H3_128C_pruned70_Mask_pruning,672-122797-0045.wav,generated_audios/generated_H3_128C_pruned70/672-122797-0045_generated.wav,13.96,0.487287,0.482773,0.034906,0.034583,1.649953,0.876601,0.413624
H3_128C_pruned70_Mask_pruning,672-122797-0046.wav,generated_audios/generated_H3_128C_pruned70/672-122797-0046_generated.wav,4.715011,1.44183,1.437904,0.305796,0.304963,1.641366,0.83803,0.433899
H3_128C_pruned70_Mask_pruning,672-122797-0047.wav,generated_audios/generated_H3_128C_pruned70/672-122797-0047_generated.wav,3.325034,1.011632,1.008129,0.304247,0.303194,1.623554,0.804645,0.460279
H3_128C_pruned70_Mask_pruning,672-122797-0048.wav,generated_audios/generated_H3_128C_pruned70/672-122797-0048_generated.wav,6.555011,0.241265,0.237309,0.036806,0.036203,1.391251,0.764404,0.417596
H3_128C_pruned70_Mask_pruning,672-122797-0049.wav,generated_audios/generated_H3_128C_pruned70/672-122797-0049_generated.wav,2.02,0.08784,0.084598,0.043485,0.04188,1.434187,0.755562,0.42261
H3_128C_pruned70_Mask_pruning,672-122797-0050.wav,generated_audios/generated_H3_128C_pruned70/672-122797-0050_generated.wav,4.855011,1.497918,1.494019,0.30853,0.307727,1.682212,0.84643,0.40146
H3_128C_pruned70_Mask_pruning,672-122797-0051.wav,generated_audios/generated_H3_128C_pruned70/672-122797-0051_generated.wav,4.665034,1.48238,1.478812,0.317764,0.316999,1.621845,0.811928,0.437471
H3_128C_pruned70_Mask_pruning,672-122797-0052.wav,generated_audios/generated_H3_128C_pruned70/672-122797-0052_generated.wav,4.285034,1.29043,1.286355,0.301148,0.300197,1.622309,0.840469,0.457783
H3_128C_pruned70_Mask_pruning,672-122797-0053.wav,generated_audios/generated_H3_128C_pruned70/672-122797-0053_generated.wav,2.955011,0.114472,0.111223,0.038738,0.037639,1.569519,0.826254,0.400471
H3_128C_pruned70_Mask_pruning,672-122797-0054.wav,generated_audios/generated_H3_128C_pruned70/672-122797-0054_generated.wav,4.250023,0.170647,0.167009,0.040152,0.039296,1.905298,0.798559,0.410121
H3_128C_pruned70_Mask_pruning,672-122797-0055.wav,generated_audios/generated_H3_128C_pruned70/672-122797-0055_generated.wav,8.230023,2.44719,2.443225,0.297349,0.296867,1.710063,0.823665,0.403157
H3_128C_pruned70_Mask_pruning,672-122797-0056.wav,generated_audios/generated_H3_128C_pruned70/672-122797-0056_generated.wav,5.225034,0.189515,0.185668,0.036271,0.035534,1.574823,0.856297,0.402849
H3_128C_pruned70_Mask_pruning,672-122797-0057.wav,generated_audios/generated_H3_128C_pruned70/672-122797-0057_generated.wav,6.56,0.231644,0.227944,0.035312,0.034748,1.717888,0.779686,0.428661
H3_128C_pruned70_Mask_pruning,672-122797-0058.wav,generated_audios/generated_H3_128C_pruned70/672-122797-0058_generated.wav,4.470023,1.404784,1.401263,0.314268,0.31348,1.159781,0.764044,0.444099
H3_128C_pruned70_Mask_pruning,672-122797-0059.wav,generated_audios/generated_H3_128C_pruned70/672-122797-0059_generated.wav,3.52,1.079863,1.07651,0.306779,0.305827,1.596738,0.841229,0.410094
H3_128C_pruned70_Mask_pruning,672-122797-0060.wav,generated_audios/generated_H3_128C_pruned70/672-122797-0060_generated.wav,3.350023,0.131443,0.127958,0.039237,0.038196,1.96937,0.901777,0.40462
H3_128C_pruned70_Mask_pruning,672-122797-0061.wav,generated_audios/generated_H3_128C_pruned70/672-122797-0061_generated.wav,7.590023,2.433259,2.429324,0.320586,0.320068,1.482853,0.849253,0.466497
H3_128C_pruned70_Mask_pruning,672-122797-0062.wav,generated_audios/generated_H3_128C_pruned70/672-122797-0062_generated.wav,2.675011,0.853952,0.850664,0.319233,0.318004,1.775248,0.716433,0.413085
H3_128C_pruned70_Mask_pruning,672-122797-0063.wav,generated_audios/generated_H3_128C_pruned70/672-122797-0063_generated.wav,5.075011,0.176257,0.173203,0.03473,0.034129,1.737536,0.85676,0.41236
H3_128C_pruned70_Mask_pruning,672-122797-0064.wav,generated_audios/generated_H3_128C_pruned70/672-122797-0064_generated.wav,15.270023,4.809649,4.805138,0.314973,0.314678,1.801809,0.834285,0.418387
H3_128C_pruned70_Mask_pruning,672-122797-0065.wav,generated_audios/generated_H3_128C_pruned70/672-122797-0065_generated.wav,3.030023,0.116118,0.112407,0.038323,0.037098,1.89594,0.841426,0.40623
H3_128C_pruned70_Mask_pruning,672-122797-0066.wav,generated_audios/generated_H3_128C_pruned70/672-122797-0066_generated.wav,4.815011,0.173764,0.170391,0.036088,0.035387,1.679031,0.901978,0.415401
H3_128C_pruned70_Mask_pruning,672-122797-0067.wav,generated_audios/generated_H3_128C_pruned70/672-122797-0067_generated.wav,13.035011,3.959215,3.954676,0.303737,0.303389,1.701547,0.875198,0.415436
H3_128C_pruned70_Mask_pruning,672-122797-0068.wav,generated_audios/generated_H3_128C_pruned70/672-122797-0068_generated.wav,4.02,0.150395,0.146413,0.037412,0.036421,1.619472,0.81727,0.404152
H3_128C_pruned70_Mask_pruning,672-122797-0069.wav,generated_audios/generated_H3_128C_pruned70/672-122797-0069_generated.wav,5.010023,1.593878,1.590132,0.318138,0.31739,1.614899,0.791661,0.405829
H3_128C_pruned70_Mask_pruning,672-122797-0070.wav,generated_audios/generated_H3_128C_pruned70/672-122797-0070_generated.wav,6.270023,1.868118,1.864376,0.297944,0.297348,1.656853,0.895827,0.406395
H3_128C_pruned70_Mask_pruning,672-122797-0071.wav,generated_audios/generated_H3_128C_pruned70/672-122797-0071_generated.wav,8.875011,2.823159,2.81871,0.318102,0.317601,1.734637,0.899725,0.403786
H3_128C_pruned70_Mask_pruning,672-122797-0072.wav,generated_audios/generated_H3_128C_pruned70/672-122797-0072_generated.wav,7.94,2.540248,2.536088,0.31993,0.319407,1.683614,0.815277,0.413325
H3_128C_pruned70_Mask_pruning,672-122797-0073.wav,generated_audios/generated_H3_128C_pruned70/672-122797-0073_generated.wav,8.205034,2.585847,2.582116,0.315154,0.314699,1.715421,0.862194,0.411137
H3_128C_pruned70_Mask_pruning,672-122797-0074.wav,generated_audios/generated_H3_128C_pruned70/672-122797-0074_generated.wav,8.730023,2.785573,2.781603,0.31908,0.318625,1.85644,0.71162,0.395081
H3_128C_pruned70_Mask_pruning,908-157963-0000.wav,generated_audios/generated_H3_128C_pruned70/908-157963-0000_generated.wav,12.62,3.772072,3.767354,0.298896,0.298523,1.687523,0.867663,0.421903
H3_128C_pruned70_Mask_pruning,908-157963-0001.wav,generated_audios/generated_H3_128C_pruned70/908-157963-0001_generated.wav,2.885034,0.898802,0.894822,0.311539,0.31016,1.586686,0.908999,0.433578
H3_128C_pruned70_Mask_pruning,908-157963-0002.wav,generated_audios/generated_H3_128C_pruned70/908-157963-0002_generated.wav,2.755011,0.85383,0.850478,0.309919,0.308702,1.791942,0.904691,0.423848
H3_128C_pruned70_Mask_pruning,908-157963-0003.wav,generated_audios/generated_H3_128C_pruned70/908-157963-0003_generated.wav,3.08,0.953422,0.949998,0.309553,0.308441,1.645114,0.905056,0.426871
H3_128C_pruned70_Mask_pruning,908-157963-0004.wav,generated_audios/generated_H3_128C_pruned70/908-157963-0004_generated.wav,13.990023,4.375666,4.371325,0.31277,0.31246,1.685871,0.863611,0.421364
H3_128C_pruned70_Mask_pruning,908-157963-0005.wav,generated_audios/generated_H3_128C_pruned70/908-157963-0005_generated.wav,7.035011,2.160702,2.156601,0.307135,0.306553,1.689244,0.864421,0.423357
H3_128C_pruned70_Mask_pruning,908-157963-0006.wav,generated_audios/generated_H3_128C_pruned70/908-157963-0006_generated.wav,8.110023,2.524363,2.520519,0.311265,0.310791,1.583819,0.871125,0.424538
H3_128C_pruned70_Mask_pruning,908-157963-0007.wav,generated_audios/generated_H3_128C_pruned70/908-157963-0007_generated.wav,32.770023,10.456034,10.448867,0.319073,0.318854,1.554561,0.867695,0.424448
H3_128C_pruned70_Mask_pruning,908-157963-0008.wav,generated_audios/generated_H3_128C_pruned70/908-157963-0008_generated.wav,19.950023,6.29637,6.290915,0.315607,0.315334,1.688029,0.881777,0.415549
H3_128C_pruned70_Mask_pruning,908-157963-0009.wav,generated_audios/generated_H3_128C_pruned70/908-157963-0009_generated.wav,4.06,1.271294,1.26765,0.313127,0.312229,1.555952,0.880397,0.42184
H3_128C_pruned70_Mask_pruning,908-157963-0010.wav,generated_audios/generated_H3_128C_pruned70/908-157963-0010_generated.wav,6.28,0.231852,0.227842,0.036919,0.036281,1.677432,0.825414,0.412115
H3_128C_pruned70_Mask_pruning,908-157963-0011.wav,generated_audios/generated_H3_128C_pruned70/908-157963-0011_generated.wav,10.395011,0.369339,0.364891,0.03553,0.035103,1.469401,0.85749,0.422233
H3_128C_pruned70_Mask_pruning,908-157963-0012.wav,generated_audios/generated_H3_128C_pruned70/908-157963-0012_generated.wav,10.090023,3.115304,3.111011,0.308751,0.308325,1.616736,0.836532,0.408038
H3_128C_pruned70_Mask_pruning,908-157963-0013.wav,generated_audios/generated_H3_128C_pruned70/908-157963-0013_generated.wav,4.315011,0.162368,0.158657,0.037629,0.036769,1.446531,0.88976,0.434544
H3_128C_pruned70_Mask_pruning,908-157963-0014.wav,generated_audios/generated_H3_128C_pruned70/908-157963-0014_generated.wav,4.52,0.167891,0.164382,0.037144,0.036368,1.728018,0.87175,0.43272
H3_128C_pruned70_Mask_pruning,908-157963-0015.wav,generated_audios/generated_H3_128C_pruned70/908-157963-0015_generated.wav,14.465034,4.239459,4.234562,0.293083,0.292745,1.731139,0.891911,0.420337
H3_128C_pruned70_Mask_pruning,908-157963-0016.wav,generated_audios/generated_H3_128C_pruned70/908-157963-0016_generated.wav,5.105034,0.181925,0.178726,0.035636,0.03501,1.709835,0.892893,0.409686
H3_128C_pruned70_Mask_pruning,908-157963-0017.wav,generated_audios/generated_H3_128C_pruned70/908-157963-0017_generated.wav,4.950023,1.454991,1.451308,0.293936,0.293192,1.732566,0.900399,0.429851
H3_128C_pruned70_Mask_pruning,908-157963-0018.wav,generated_audios/generated_H3_128C_pruned70/908-157963-0018_generated.wav,4.255011,0.169535,0.165986,0.039844,0.03901,1.731868,0.874409,0.422373
H3_128C_pruned70_Mask_pruning,908-157963-0019.wav,generated_audios/generated_H3_128C_pruned70/908-157963-0019_generated.wav,21.44,6.82628,6.821134,0.31839,0.31815,1.553109,0.873063,0.423532
H3_128C_pruned70_Mask_pruning,908-157963-0020.wav,generated_audios/generated_H3_128C_pruned70/908-157963-0020_generated.wav,9.8,3.062122,3.057866,0.312461,0.312027,1.612294,0.871846,0.414588
H3_128C_pruned70_Mask_pruning,908-157963-0021.wav,generated_audios/generated_H3_128C_pruned70/908-157963-0021_generated.wav,10.24,0.382892,0.378487,0.037392,0.036962,1.5707,0.871987,0.416787
H3_128C_pruned70_Mask_pruning,908-157963-0022.wav,generated_audios/generated_H3_128C_pruned70/908-157963-0022_generated.wav,4.610023,1.467923,1.464048,0.31842,0.317579,1.598943,0.884704,0.411413
H3_128C_pruned70_Mask_pruning,908-157963-0023.wav,generated_audios/generated_H3_128C_pruned70/908-157963-0023_generated.wav,9.625034,3.090647,3.085963,0.321105,0.320618,1.608569,0.855877,0.412145
H3_128C_pruned70_Mask_pruning,908-157963-0024.wav,generated_audios/generated_H3_128C_pruned70/908-157963-0024_generated.wav,3.44,1.098072,1.094679,0.319207,0.31822,1.487407,0.86235,0.416111
H3_128C_pruned70_Mask_pruning,908-157963-0025.wav,generated_audios/generated_H3_128C_pruned70/908-157963-0025_generated.wav,9.265034,2.772705,2.768328,0.299266,0.298793,1.664361,0.875712,0.413017
H3_128C_pruned70_Mask_pruning,908-157963-0026.wav,generated_audios/generated_H3_128C_pruned70/908-157963-0026_generated.wav,8.1,2.496138,2.492062,0.308165,0.307662,1.584365,0.858685,0.411195
H3_128C_pruned70_Mask_pruning,908-157963-0027.wav,generated_audios/generated_H3_128C_pruned70/908-157963-0027_generated.wav,5.225034,0.191278,0.187751,0.036608,0.035933,1.61581,0.814387,0.419522
H3_128C_pruned70_Mask_pruning,908-157963-0028.wav,generated_audios/generated_H3_128C_pruned70/908-157963-0028_generated.wav,4.955011,0.150211,0.146753,0.030315,0.029617,1.711316,0.907189,0.417413
H3_128C_pruned70_Mask_pruning,908-157963-0029.wav,generated_audios/generated_H3_128C_pruned70/908-157963-0029_generated.wav,3.630023,1.059146,1.055567,0.291774,0.290788,1.631649,0.913378,0.422041
H3_128C_pruned70_Mask_pruning,908-157963-0030.wav,generated_audios/generated_H3_128C_pruned70/908-157963-0030_generated.wav,4.52,0.160535,0.156829,0.035517,0.034697,1.571062,0.904346,0.427015
H3_128C_pruned70_Mask_pruning,908-31957-0000.wav,generated_audios/generated_H3_128C_pruned70/908-31957-0000_generated.wav,2.125034,0.633156,0.629973,0.297951,0.296453,1.723489,0.884869,0.441335
H3_128C_pruned70_Mask_pruning,908-31957-0001.wav,generated_audios/generated_H3_128C_pruned70/908-31957-0001_generated.wav,11.315011,3.57272,3.568451,0.31575,0.315373,1.604281,0.875134,0.431617
H3_128C_pruned70_Mask_pruning,908-31957-0002.wav,generated_audios/generated_H3_128C_pruned70/908-31957-0002_generated.wav,4.790023,0.172859,0.169265,0.036087,0.035337,1.630421,0.877374,0.420424
H3_128C_pruned70_Mask_pruning,908-31957-0003.wav,generated_audios/generated_H3_128C_pruned70/908-31957-0003_generated.wav,6.565034,0.23031,0.226735,0.035081,0.034537,1.656565,0.891055,0.434769
H3_128C_pruned70_Mask_pruning,908-31957-0004.wav,generated_audios/generated_H3_128C_pruned70/908-31957-0004_generated.wav,14.755011,4.682417,4.678197,0.317344,0.317058,1.697044,0.888292,0.429741
H3_128C_pruned70_Mask_pruning,908-31957-0005.wav,generated_audios/generated_H3_128C_pruned70/908-31957-0005_generated.wav,4.490023,0.164592,0.161252,0.036657,0.035913,1.742275,0.879602,0.420742
H3_128C_pruned70_Mask_pruning,908-31957-0006.wav,generated_audios/generated_H3_128C_pruned70/908-31957-0006_generated.wav,5.890023,1.730169,1.726267,0.293746,0.293083,1.680098,0.872072,0.42456
H3_128C_pruned70_Mask_pruning,908-31957-0007.wav,generated_audios/generated_H3_128C_pruned70/908-31957-0007_generated.wav,5.8,0.205919,0.20227,0.035503,0.034874,1.824795,0.896797,0.427448
H3_128C_pruned70_Mask_pruning,908-31957-0008.wav,generated_audios/generated_H3_128C_pruned70/908-31957-0008_generated.wav,10.005034,2.914343,2.910166,0.291288,0.29087,1.660382,0.882348,0.424336
H3_128C_pruned70_Mask_pruning,908-31957-0009.wav,generated_audios/generated_H3_128C_pruned70/908-31957-0009_generated.wav,7.705034,2.263286,2.258347,0.293741,0.2931,1.536427,0.875175,0.432813
H3_128C_pruned70_Mask_pruning,908-31957-0010.wav,generated_audios/generated_H3_128C_pruned70/908-31957-0010_generated.wav,2.510023,0.734591,0.731131,0.292663,0.291285,1.725257,0.815244,0.40896
H3_128C_pruned70_Mask_pruning,908-31957-0011.wav,generated_audios/generated_H3_128C_pruned70/908-31957-0011_generated.wav,2.335011,0.095432,0.092204,0.04087,0.039488,1.862307,0.849968,0.411714
H3_128C_pruned70_Mask_pruning,908-31957-0012.wav,generated_audios/generated_H3_128C_pruned70/908-31957-0012_generated.wav,7.615011,2.343416,2.339315,0.307736,0.307198,1.654196,0.882518,0.43588
H3_128C_pruned70_Mask_pruning,908-31957-0013.wav,generated_audios/generated_H3_128C_pruned70/908-31957-0013_generated.wav,6.18,1.917745,1.914216,0.310315,0.309744,1.799383,0.860352,0.419606
H3_128C_pruned70_Mask_pruning,908-31957-0014.wav,generated_audios/generated_H3_128C_pruned70/908-31957-0014_generated.wav,7.56,2.186692,2.182643,0.289245,0.288709,1.572916,0.871505,0.411278
H3_128C_pruned70_Mask_pruning,908-31957-0015.wav,generated_audios/generated_H3_128C_pruned70/908-31957-0015_generated.wav,21.465034,6.439038,6.433469,0.299978,0.299719,1.68183,0.872776,0.41953
H3_128C_pruned70_Mask_pruning,908-31957-0016.wav,generated_audios/generated_H3_128C_pruned70/908-31957-0016_generated.wav,6.48,1.912979,1.908735,0.295213,0.294558,1.809817,0.884516,0.407178
H3_128C_pruned70_Mask_pruning,908-31957-0017.wav,generated_audios/generated_H3_128C_pruned70/908-31957-0017_generated.wav,7.795011,2.42595,2.422027,0.311218,0.310715,1.583712,0.876536,0.422346
H3_128C_pruned70_Mask_pruning,908-31957-0018.wav,generated_audios/generated_H3_128C_pruned70/908-31957-0018_generated.wav,3.915011,1.182695,1.17907,0.302092,0.301166,1.759021,0.885873,0.419929
H3_128C_pruned70_Mask_pruning,908-31957-0019.wav,generated_audios/generated_H3_128C_pruned70/908-31957-0019_generated.wav,9.54,3.01728,3.013304,0.316277,0.31586,1.671475,0.892279,0.414819
H3_128C_pruned70_Mask_pruning,908-31957-0020.wav,generated_audios/generated_H3_128C_pruned70/908-31957-0020_generated.wav,5.895011,0.179676,0.175915,0.030479,0.029841,1.727026,0.868339,0.428426
H3_128C_pruned70_Mask_pruning,908-31957-0021.wav,generated_audios/generated_H3_128C_pruned70/908-31957-0021_generated.wav,10.905034,3.235911,3.231274,0.296736,0.29631,1.726911,0.881467,0.415022
H3_128C_pruned70_Mask_pruning,908-31957-0022.wav,generated_audios/generated_H3_128C_pruned70/908-31957-0022_generated.wav,14.1,4.444068,4.439611,0.315182,0.314866,1.718879,0.881675,0.418382
H3_128C_pruned70_Mask_pruning,908-31957-0023.wav,generated_audios/generated_H3_128C_pruned70/908-31957-0023_generated.wav,8.515011,2.686046,2.681616,0.315448,0.314928,1.691401,0.887331,0.415353
H3_128C_pruned70_Mask_pruning,908-31957-0024.wav,generated_audios/generated_H3_128C_pruned70/908-31957-0024_generated.wav,7.54,2.333748,2.330143,0.309516,0.309038,1.66962,0.891362,0.417738
H3_128C_pruned70_Mask_pruning,908-31957-0025.wav,generated_audios/generated_H3_128C_pruned70/908-31957-0025_generated.wav,20.56,6.466856,6.461437,0.314536,0.314272,1.777148,0.881588,0.406964
