experiment_name,audio_file,generated_file,audio_duration,inference_time,generator_time,avg_rtf,avg_generator_rtf,pesq,stoi,mel_l1
H3_512C_pruned30_Physical_pruning,1089-134686-0000.wav,generated_audios/generated_H3_512C_pruned30/1089-134686-0000_generated.wav,10.435011,2.836068,2.831032,0.271784,0.271301,2.285814,0.949091,0.312664
H3_512C_pruned30_Physical_pruning,1089-134686-0001.wav,generated_audios/generated_H3_512C_pruned30/1089-134686-0001_generated.wav,3.275011,0.785508,0.781544,0.239849,0.238638,2.324564,0.933677,0.311328
H3_512C_pruned30_Physical_pruning,1089-134686-0002.wav,generated_audios/generated_H3_512C_pruned30/1089-134686-0002_generated.wav,6.625034,1.617968,1.614273,0.24422,0.243663,2.384279,0.938312,0.304855
H3_512C_pruned30_Physical_pruning,1089-134686-0003.wav,generated_audios/generated_H3_512C_pruned30/1089-134686-0003_generated.wav,2.68,0.704941,0.70155,0.263038,0.261772,2.580943,0.943422,0.348865
H3_512C_pruned30_Physical_pruning,1089-134686-0004.wav,generated_audios/generated_H3_512C_pruned30/1089-134686-0004_generated.wav,5.215102,1.280328,1.276182,0.245504,0.244709,2.531524,0.954118,0.319736
H3_512C_pruned30_Physical_pruning,1089-134686-0005.wav,generated_audios/generated_H3_512C_pruned30/1089-134686-0005_generated.wav,9.635011,2.452095,2.447435,0.254498,0.254015,2.243071,0.929581,0.307657
H3_512C_pruned30_Physical_pruning,1089-134686-0006.wav,generated_audios/generated_H3_512C_pruned30/1089-134686-0006_generated.wav,10.555011,2.706637,2.702225,0.256431,0.256013,2.44652,0.938862,0.308851
H3_512C_pruned30_Physical_pruning,1089-134686-0007.wav,generated_audios/generated_H3_512C_pruned30/1089-134686-0007_generated.wav,4.275011,1.066843,1.062691,0.249553,0.248582,2.58937,0.943384,0.311604
H3_512C_pruned30_Physical_pruning,1089-134686-0008.wav,generated_audios/generated_H3_512C_pruned30/1089-134686-0008_generated.wav,6.730023,1.669042,1.6654,0.247999,0.247458,2.555583,0.947156,0.311574
H3_512C_pruned30_Physical_pruning,1089-134686-0009.wav,generated_audios/generated_H3_512C_pruned30/1089-134686-0009_generated.wav,10.575011,2.807848,2.803911,0.265517,0.265145,2.474901,0.957959,0.314651
H3_512C_pruned30_Physical_pruning,1089-134686-0010.wav,generated_audios/generated_H3_512C_pruned30/1089-134686-0010_generated.wav,4.405034,1.089946,1.086281,0.247432,0.2466,3.076463,0.954378,0.304819
H3_512C_pruned30_Physical_pruning,1089-134686-0011.wav,generated_audios/generated_H3_512C_pruned30/1089-134686-0011_generated.wav,12.445034,3.567537,3.562824,0.286664,0.286285,2.548157,0.944575,0.302311
H3_512C_pruned30_Physical_pruning,1089-134686-0012.wav,generated_audios/generated_H3_512C_pruned30/1089-134686-0012_generated.wav,11.64,3.098475,3.094619,0.266192,0.265861,2.445131,0.951131,0.315353
H3_512C_pruned30_Physical_pruning,1089-134686-0013.wav,generated_audios/generated_H3_512C_pruned30/1089-134686-0013_generated.wav,7.915011,2.004926,2.000358,0.253307,0.25273,2.382993,0.951432,0.312902
H3_512C_pruned30_Physical_pruning,1089-134686-0014.wav,generated_audios/generated_H3_512C_pruned30/1089-134686-0014_generated.wav,2.225034,0.568696,0.565408,0.25559,0.254112,2.742153,0.966517,0.307526
H3_512C_pruned30_Physical_pruning,1089-134686-0015.wav,generated_audios/generated_H3_512C_pruned30/1089-134686-0015_generated.wav,5.815011,1.469278,1.465684,0.25267,0.252052,2.57766,0.952818,0.314648
H3_512C_pruned30_Physical_pruning,1089-134686-0016.wav,generated_audios/generated_H3_512C_pruned30/1089-134686-0016_generated.wav,3.54,0.897096,0.893696,0.253417,0.252457,2.43175,0.942864,0.310521
H3_512C_pruned30_Physical_pruning,1089-134686-0017.wav,generated_audios/generated_H3_512C_pruned30/1089-134686-0017_generated.wav,8.870023,2.310773,2.306773,0.260515,0.260064,2.269781,0.948772,0.305299
H3_512C_pruned30_Physical_pruning,1089-134686-0018.wav,generated_audios/generated_H3_512C_pruned30/1089-134686-0018_generated.wav,15.72,4.960159,4.955108,0.315532,0.31521,2.481517,0.947197,0.310851
H3_512C_pruned30_Physical_pruning,1089-134686-0019.wav,generated_audios/generated_H3_512C_pruned30/1089-134686-0019_generated.wav,13.895011,4.606029,4.601491,0.331488,0.331161,2.538446,0.951584,0.308492
H3_512C_pruned30_Physical_pruning,1089-134686-0020.wav,generated_audios/generated_H3_512C_pruned30/1089-134686-0020_generated.wav,16.790023,5.63336,5.628245,0.335518,0.335214,2.343915,0.946849,0.307229
H3_512C_pruned30_Physical_pruning,1089-134686-0021.wav,generated_audios/generated_H3_512C_pruned30/1089-134686-0021_generated.wav,6.550023,1.677109,1.673387,0.256046,0.255478,2.333946,0.943461,0.309635
H3_512C_pruned30_Physical_pruning,1089-134686-0022.wav,generated_audios/generated_H3_512C_pruned30/1089-134686-0022_generated.wav,11.175011,3.025739,3.021504,0.270759,0.27038,2.391484,0.948381,0.309898
H3_512C_pruned30_Physical_pruning,1089-134686-0023.wav,generated_audios/generated_H3_512C_pruned30/1089-134686-0023_generated.wav,13.275011,4.350271,4.345957,0.327704,0.327379,2.542005,0.945355,0.310498
H3_512C_pruned30_Physical_pruning,1089-134686-0024.wav,generated_audios/generated_H3_512C_pruned30/1089-134686-0024_generated.wav,11.655011,3.113565,3.109353,0.267144,0.266783,2.330122,0.944288,0.312008
H3_512C_pruned30_Physical_pruning,1089-134686-0025.wav,generated_audios/generated_H3_512C_pruned30/1089-134686-0025_generated.wav,6.610023,1.691319,1.687781,0.255872,0.255337,2.286063,0.95317,0.31963
H3_512C_pruned30_Physical_pruning,1089-134686-0026.wav,generated_audios/generated_H3_512C_pruned30/1089-134686-0026_generated.wav,4.010023,1.013023,1.009642,0.252623,0.25178,2.719951,0.951869,0.310507
H3_512C_pruned30_Physical_pruning,1089-134686-0027.wav,generated_audios/generated_H3_512C_pruned30/1089-134686-0027_generated.wav,2.710023,0.668597,0.665446,0.246713,0.24555,2.333743,0.958619,0.303133
H3_512C_pruned30_Physical_pruning,1089-134686-0028.wav,generated_audios/generated_H3_512C_pruned30/1089-134686-0028_generated.wav,7.830023,1.971646,1.967906,0.251806,0.251328,2.584771,0.949418,0.312897
H3_512C_pruned30_Physical_pruning,1089-134686-0029.wav,generated_audios/generated_H3_512C_pruned30/1089-134686-0029_generated.wav,4.670023,1.118367,1.11491,0.239478,0.238738,2.483681,0.944177,0.317757
H3_512C_pruned30_Physical_pruning,1089-134686-0030.wav,generated_audios/generated_H3_512C_pruned30/1089-134686-0030_generated.wav,2.715011,0.387408,0.384122,0.142691,0.141481,2.439342,0.951162,0.316467
H3_512C_pruned30_Physical_pruning,1089-134686-0031.wav,generated_audios/generated_H3_512C_pruned30/1089-134686-0031_generated.wav,6.615011,0.975863,0.973414,0.147523,0.147152,2.672322,0.95065,0.301733
H3_512C_pruned30_Physical_pruning,121-121726-0000.wav,generated_audios/generated_H3_512C_pruned30/121-121726-0000_generated.wav,8.46,2.236338,2.232258,0.264343,0.26386,2.686236,0.948059,0.323482
H3_512C_pruned30_Physical_pruning,121-121726-0001.wav,generated_audios/generated_H3_512C_pruned30/121-121726-0001_generated.wav,5.925034,1.461606,1.458193,0.246683,0.246107,2.644778,0.934821,0.283269
H3_512C_pruned30_Physical_pruning,121-121726-0002.wav,generated_audios/generated_H3_512C_pruned30/121-121726-0002_generated.wav,4.410023,0.669102,0.66583,0.151723,0.150981,2.955974,0.939077,0.320558
H3_512C_pruned30_Physical_pruning,121-121726-0003.wav,generated_audios/generated_H3_512C_pruned30/121-121726-0003_generated.wav,6.755011,1.731699,1.728231,0.256358,0.255844,2.954855,0.957078,0.292144
H3_512C_pruned30_Physical_pruning,121-121726-0004.wav,generated_audios/generated_H3_512C_pruned30/121-121726-0004_generated.wav,4.02,1.007105,1.003621,0.250524,0.249657,2.729319,0.960163,0.279163
H3_512C_pruned30_Physical_pruning,121-121726-0005.wav,generated_audios/generated_H3_512C_pruned30/121-121726-0005_generated.wav,3.1,0.747878,0.744604,0.241251,0.240195,3.619986,0.97625,0.237477
H3_512C_pruned30_Physical_pruning,121-121726-0006.wav,generated_audios/generated_H3_512C_pruned30/121-121726-0006_generated.wav,3.895011,0.97799,0.974578,0.251088,0.250212,2.865501,0.947784,0.28826
H3_512C_pruned30_Physical_pruning,121-121726-0007.wav,generated_audios/generated_H3_512C_pruned30/121-121726-0007_generated.wav,6.730023,1.082501,1.078952,0.160846,0.160319,2.856031,0.959889,0.292563
H3_512C_pruned30_Physical_pruning,121-121726-0008.wav,generated_audios/generated_H3_512C_pruned30/121-121726-0008_generated.wav,4.990023,1.239647,1.236392,0.248425,0.247773,2.882033,0.959887,0.265713
H3_512C_pruned30_Physical_pruning,121-121726-0009.wav,generated_audios/generated_H3_512C_pruned30/121-121726-0009_generated.wav,7.26,1.87096,1.867211,0.257708,0.257192,2.780817,0.957505,0.288235
H3_512C_pruned30_Physical_pruning,121-121726-0010.wav,generated_audios/generated_H3_512C_pruned30/121-121726-0010_generated.wav,9.810023,2.595788,2.591901,0.264606,0.264209,2.710886,0.950146,0.302189
H3_512C_pruned30_Physical_pruning,121-121726-0011.wav,generated_audios/generated_H3_512C_pruned30/121-121726-0011_generated.wav,4.035011,1.01456,1.011406,0.251439,0.250657,3.288321,0.966282,0.271823
H3_512C_pruned30_Physical_pruning,121-121726-0012.wav,generated_audios/generated_H3_512C_pruned30/121-121726-0012_generated.wav,4.045034,0.985683,0.982157,0.243677,0.242806,2.697382,0.941495,0.342311
H3_512C_pruned30_Physical_pruning,121-121726-0013.wav,generated_audios/generated_H3_512C_pruned30/121-121726-0013_generated.wav,2.490023,0.651002,0.648091,0.261444,0.260275,2.842549,0.942513,0.306331
H3_512C_pruned30_Physical_pruning,121-121726-0014.wav,generated_audios/generated_H3_512C_pruned30/121-121726-0014_generated.wav,3.165034,0.785595,0.782299,0.248211,0.247169,3.142579,0.9668,0.288826
H3_512C_pruned30_Physical_pruning,121-123852-0000.wav,generated_audios/generated_H3_512C_pruned30/121-123852-0000_generated.wav,17.695011,5.971751,5.966269,0.337482,0.337172,2.665537,0.96093,0.311191
H3_512C_pruned30_Physical_pruning,121-123852-0001.wav,generated_audios/generated_H3_512C_pruned30/121-123852-0001_generated.wav,1.870023,0.490935,0.48777,0.262529,0.260836,2.429447,0.897317,0.30223
H3_512C_pruned30_Physical_pruning,121-123852-0002.wav,generated_audios/generated_H3_512C_pruned30/121-123852-0002_generated.wav,17.285034,6.11915,6.114921,0.354014,0.35377,2.826813,0.949645,0.351035
H3_512C_pruned30_Physical_pruning,121-123852-0003.wav,generated_audios/generated_H3_512C_pruned30/121-123852-0003_generated.wav,23.505034,8.842912,8.837834,0.376214,0.375998,2.838325,0.94636,0.343134
H3_512C_pruned30_Physical_pruning,121-123852-0004.wav,generated_audios/generated_H3_512C_pruned30/121-123852-0004_generated.wav,16.290023,5.513316,5.509305,0.338447,0.338201,2.764568,0.95676,0.342908
H3_512C_pruned30_Physical_pruning,121-123859-0000.wav,generated_audios/generated_H3_512C_pruned30/121-123859-0000_generated.wav,17.390023,6.332261,6.327635,0.364132,0.363866,2.709954,0.944564,0.343066
H3_512C_pruned30_Physical_pruning,121-123859-0001.wav,generated_audios/generated_H3_512C_pruned30/121-123859-0001_generated.wav,25.395011,9.663121,9.657349,0.380513,0.380285,2.873197,0.958505,0.344235
H3_512C_pruned30_Physical_pruning,121-123859-0002.wav,generated_audios/generated_H3_512C_pruned30/121-123859-0002_generated.wav,30.04,11.335919,11.329155,0.377361,0.377136,2.901717,0.951186,0.344832
H3_512C_pruned30_Physical_pruning,121-123859-0003.wav,generated_audios/generated_H3_512C_pruned30/121-123859-0003_generated.wav,10.825034,2.926282,2.922151,0.270325,0.269944,3.043488,0.954553,0.32354
H3_512C_pruned30_Physical_pruning,121-123859-0004.wav,generated_audios/generated_H3_512C_pruned30/121-123859-0004_generated.wav,9.505034,2.564524,2.560369,0.269807,0.26937,2.723275,0.950688,0.338844
H3_512C_pruned30_Physical_pruning,121-127105-0000.wav,generated_audios/generated_H3_512C_pruned30/121-127105-0000_generated.wav,9.875011,2.694464,2.690855,0.272857,0.272491,2.356532,0.936143,0.320127
H3_512C_pruned30_Physical_pruning,121-127105-0001.wav,generated_audios/generated_H3_512C_pruned30/121-127105-0001_generated.wav,5.025034,1.246141,1.24297,0.247987,0.247355,2.448702,0.94157,0.331632
H3_512C_pruned30_Physical_pruning,121-127105-0002.wav,generated_audios/generated_H3_512C_pruned30/121-127105-0002_generated.wav,7.495011,1.99604,1.992139,0.266316,0.265795,2.57438,0.944135,0.33942
H3_512C_pruned30_Physical_pruning,121-127105-0003.wav,generated_audios/generated_H3_512C_pruned30/121-127105-0003_generated.wav,7.725034,1.959992,1.956084,0.253719,0.253214,2.717062,0.948536,0.322825
H3_512C_pruned30_Physical_pruning,121-127105-0004.wav,generated_audios/generated_H3_512C_pruned30/121-127105-0004_generated.wav,2.110023,0.552419,0.549518,0.261807,0.260432,1.868977,0.940467,0.297637
H3_512C_pruned30_Physical_pruning,121-127105-0005.wav,generated_audios/generated_H3_512C_pruned30/121-127105-0005_generated.wav,5.82,1.428184,1.425074,0.245392,0.244858,2.634334,0.947585,0.311734
H3_512C_pruned30_Physical_pruning,121-127105-0006.wav,generated_audios/generated_H3_512C_pruned30/121-127105-0006_generated.wav,4.725034,1.169452,1.166289,0.247501,0.246832,2.480678,0.941591,0.318909
H3_512C_pruned30_Physical_pruning,121-127105-0007.wav,generated_audios/generated_H3_512C_pruned30/121-127105-0007_generated.wav,5.790023,1.43188,1.428662,0.247301,0.246745,2.483101,0.94352,0.327819
H3_512C_pruned30_Physical_pruning,121-127105-0008.wav,generated_audios/generated_H3_512C_pruned30/121-127105-0008_generated.wav,2.76,0.672846,0.669536,0.243785,0.242586,2.608161,0.944177,0.335045
H3_512C_pruned30_Physical_pruning,121-127105-0009.wav,generated_audios/generated_H3_512C_pruned30/121-127105-0009_generated.wav,2.290023,0.581206,0.577968,0.253799,0.252385,2.686229,0.948799,0.352684
H3_512C_pruned30_Physical_pruning,121-127105-0010.wav,generated_audios/generated_H3_512C_pruned30/121-127105-0010_generated.wav,2.850023,0.717183,0.713993,0.251641,0.250522,2.318871,0.936174,0.34004
H3_512C_pruned30_Physical_pruning,121-127105-0011.wav,generated_audios/generated_H3_512C_pruned30/121-127105-0011_generated.wav,5.78,1.470926,1.467405,0.254485,0.253876,2.382529,0.928106,0.339596
H3_512C_pruned30_Physical_pruning,121-127105-0012.wav,generated_audios/generated_H3_512C_pruned30/121-127105-0012_generated.wav,4.830023,1.202129,1.198832,0.248887,0.248204,1.949524,0.939114,0.348086
H3_512C_pruned30_Physical_pruning,121-127105-0013.wav,generated_audios/generated_H3_512C_pruned30/121-127105-0013_generated.wav,5.895011,1.454927,1.451571,0.246806,0.246237,2.422138,0.948312,0.324007
H3_512C_pruned30_Physical_pruning,121-127105-0014.wav,generated_audios/generated_H3_512C_pruned30/121-127105-0014_generated.wav,2.255011,0.567411,0.564297,0.251622,0.250241,2.61463,0.917367,0.316989
H3_512C_pruned30_Physical_pruning,121-127105-0015.wav,generated_audios/generated_H3_512C_pruned30/121-127105-0015_generated.wav,2.96,0.743513,0.740484,0.251187,0.250164,2.651043,0.94465,0.331193
H3_512C_pruned30_Physical_pruning,121-127105-0016.wav,generated_audios/generated_H3_512C_pruned30/121-127105-0016_generated.wav,2.030023,0.474573,0.471499,0.233777,0.232263,2.477669,0.941045,0.341002
H3_512C_pruned30_Physical_pruning,121-127105-0017.wav,generated_audios/generated_H3_512C_pruned30/121-127105-0017_generated.wav,2.695011,0.677379,0.67438,0.251346,0.250233,2.154799,0.930393,0.356006
H3_512C_pruned30_Physical_pruning,121-127105-0018.wav,generated_audios/generated_H3_512C_pruned30/121-127105-0018_generated.wav,2.770023,0.709866,0.706527,0.256267,0.255062,2.371747,0.936508,0.336147
H3_512C_pruned30_Physical_pruning,121-127105-0019.wav,generated_audios/generated_H3_512C_pruned30/121-127105-0019_generated.wav,3.525034,0.857667,0.854391,0.243307,0.242378,2.287499,0.944552,0.328982
H3_512C_pruned30_Physical_pruning,121-127105-0020.wav,generated_audios/generated_H3_512C_pruned30/121-127105-0020_generated.wav,14.355011,4.700066,4.695434,0.327416,0.327094,2.237445,0.939416,0.340226
H3_512C_pruned30_Physical_pruning,121-127105-0021.wav,generated_audios/generated_H3_512C_pruned30/121-127105-0021_generated.wav,2.0,0.513092,0.509961,0.256546,0.254981,2.612502,0.93707,0.349983
H3_512C_pruned30_Physical_pruning,121-127105-0022.wav,generated_audios/generated_H3_512C_pruned30/121-127105-0022_generated.wav,5.075011,1.347254,1.344077,0.265468,0.264842,2.696953,0.943425,0.317007
H3_512C_pruned30_Physical_pruning,121-127105-0023.wav,generated_audios/generated_H3_512C_pruned30/121-127105-0023_generated.wav,10.910023,2.886604,2.882442,0.264583,0.264201,2.586022,0.941545,0.33507
H3_512C_pruned30_Physical_pruning,121-127105-0024.wav,generated_audios/generated_H3_512C_pruned30/121-127105-0024_generated.wav,14.450023,4.70074,4.69671,0.32531,0.325031,2.632279,0.944871,0.34165
H3_512C_pruned30_Physical_pruning,121-127105-0025.wav,generated_audios/generated_H3_512C_pruned30/121-127105-0025_generated.wav,16.065034,5.404028,5.399422,0.336384,0.336098,2.652781,0.944426,0.329433
H3_512C_pruned30_Physical_pruning,121-127105-0026.wav,generated_audios/generated_H3_512C_pruned30/121-127105-0026_generated.wav,7.530023,1.941437,1.937608,0.257826,0.257318,2.471361,0.950344,0.339174
H3_512C_pruned30_Physical_pruning,121-127105-0027.wav,generated_audios/generated_H3_512C_pruned30/121-127105-0027_generated.wav,13.870023,4.468556,4.464282,0.322174,0.321866,2.488026,0.950068,0.335519
H3_512C_pruned30_Physical_pruning,121-127105-0028.wav,generated_audios/generated_H3_512C_pruned30/121-127105-0028_generated.wav,6.750023,1.068193,1.064469,0.15825,0.157699,2.568743,0.945324,0.304997
H3_512C_pruned30_Physical_pruning,121-127105-0029.wav,generated_audios/generated_H3_512C_pruned30/121-127105-0029_generated.wav,7.310023,1.875871,1.872228,0.256616,0.256118,2.854125,0.949762,0.320331
H3_512C_pruned30_Physical_pruning,121-127105-0030.wav,generated_audios/generated_H3_512C_pruned30/121-127105-0030_generated.wav,2.175011,0.555632,0.552479,0.255462,0.254012,1.751466,0.926491,0.359557
H3_512C_pruned30_Physical_pruning,121-127105-0031.wav,generated_audios/generated_H3_512C_pruned30/121-127105-0031_generated.wav,10.765034,2.843863,2.840351,0.264176,0.26385,2.694895,0.925608,0.310775
H3_512C_pruned30_Physical_pruning,121-127105-0032.wav,generated_audios/generated_H3_512C_pruned30/121-127105-0032_generated.wav,3.170023,0.784591,0.781381,0.247503,0.246491,1.865877,0.936432,0.326322
H3_512C_pruned30_Physical_pruning,121-127105-0033.wav,generated_audios/generated_H3_512C_pruned30/121-127105-0033_generated.wav,2.355011,0.596246,0.593324,0.253182,0.251941,2.308718,0.935468,0.313151
H3_512C_pruned30_Physical_pruning,121-127105-0034.wav,generated_audios/generated_H3_512C_pruned30/121-127105-0034_generated.wav,7.410023,1.91023,1.906823,0.25779,0.25733,2.595201,0.939331,0.307072
H3_512C_pruned30_Physical_pruning,121-127105-0035.wav,generated_audios/generated_H3_512C_pruned30/121-127105-0035_generated.wav,14.150023,4.648754,4.644369,0.328533,0.328223,2.684641,0.942217,0.286958
H3_512C_pruned30_Physical_pruning,121-127105-0036.wav,generated_audios/generated_H3_512C_pruned30/121-127105-0036_generated.wav,4.150023,1.036423,1.033272,0.249739,0.24898,2.544361,0.931394,0.303908
H3_512C_pruned30_Physical_pruning,237-126133-0000.wav,generated_audios/generated_H3_512C_pruned30/237-126133-0000_generated.wav,13.290023,4.225217,4.220772,0.317924,0.31759,2.713225,0.952572,0.334872
H3_512C_pruned30_Physical_pruning,237-126133-0001.wav,generated_audios/generated_H3_512C_pruned30/237-126133-0001_generated.wav,11.965034,3.877568,3.873784,0.324075,0.323759,2.788166,0.952098,0.328504
H3_512C_pruned30_Physical_pruning,237-126133-0002.wav,generated_audios/generated_H3_512C_pruned30/237-126133-0002_generated.wav,8.92,2.301991,2.298285,0.258071,0.257655,2.457032,0.945228,0.350103
H3_512C_pruned30_Physical_pruning,237-126133-0003.wav,generated_audios/generated_H3_512C_pruned30/237-126133-0003_generated.wav,6.56,1.678771,1.675262,0.25591,0.255375,2.571905,0.94475,0.332612
H3_512C_pruned30_Physical_pruning,237-126133-0004.wav,generated_audios/generated_H3_512C_pruned30/237-126133-0004_generated.wav,3.295011,0.835452,0.832549,0.253551,0.252669,2.870869,0.947628,0.343005
H3_512C_pruned30_Physical_pruning,237-126133-0005.wav,generated_audios/generated_H3_512C_pruned30/237-126133-0005_generated.wav,6.510023,1.674962,1.671408,0.25729,0.256744,2.646958,0.945323,0.340775
H3_512C_pruned30_Physical_pruning,237-126133-0006.wav,generated_audios/generated_H3_512C_pruned30/237-126133-0006_generated.wav,6.150023,1.56049,1.557191,0.253737,0.253201,2.609483,0.946967,0.346215
H3_512C_pruned30_Physical_pruning,237-126133-0007.wav,generated_audios/generated_H3_512C_pruned30/237-126133-0007_generated.wav,8.68,2.279031,2.275306,0.262561,0.262132,2.560317,0.939018,0.353752
H3_512C_pruned30_Physical_pruning,237-126133-0008.wav,generated_audios/generated_H3_512C_pruned30/237-126133-0008_generated.wav,3.865034,0.958874,0.955832,0.248089,0.247302,2.805476,0.95287,0.32068
H3_512C_pruned30_Physical_pruning,237-126133-0009.wav,generated_audios/generated_H3_512C_pruned30/237-126133-0009_generated.wav,3.970023,1.009907,1.006476,0.254383,0.253519,2.724006,0.958302,0.33428
H3_512C_pruned30_Physical_pruning,237-126133-0010.wav,generated_audios/generated_H3_512C_pruned30/237-126133-0010_generated.wav,6.24,1.586207,1.58249,0.2542,0.253604,2.180112,0.91332,0.373285
H3_512C_pruned30_Physical_pruning,237-126133-0011.wav,generated_audios/generated_H3_512C_pruned30/237-126133-0011_generated.wav,6.710023,1.702018,1.698876,0.253653,0.253185,2.597269,0.955036,0.329463
H3_512C_pruned30_Physical_pruning,237-126133-0012.wav,generated_audios/generated_H3_512C_pruned30/237-126133-0012_generated.wav,4.450023,1.158397,1.154901,0.260313,0.259527,2.601847,0.950875,0.322503
H3_512C_pruned30_Physical_pruning,237-126133-0013.wav,generated_audios/generated_H3_512C_pruned30/237-126133-0013_generated.wav,6.815011,1.776836,1.773494,0.260724,0.260233,2.369509,0.92321,0.366204
H3_512C_pruned30_Physical_pruning,237-126133-0014.wav,generated_audios/generated_H3_512C_pruned30/237-126133-0014_generated.wav,6.790023,1.77741,1.773877,0.261768,0.261248,2.502031,0.947166,0.341553
H3_512C_pruned30_Physical_pruning,237-126133-0015.wav,generated_audios/generated_H3_512C_pruned30/237-126133-0015_generated.wav,9.34,2.373214,2.368997,0.254091,0.25364,2.707479,0.946178,0.331424
H3_512C_pruned30_Physical_pruning,237-126133-0016.wav,generated_audios/generated_H3_512C_pruned30/237-126133-0016_generated.wav,4.250023,1.037141,1.034002,0.244032,0.243293,2.626827,0.931633,0.355307
H3_512C_pruned30_Physical_pruning,237-126133-0017.wav,generated_audios/generated_H3_512C_pruned30/237-126133-0017_generated.wav,6.210023,1.622462,1.618687,0.261265,0.260657,2.75527,0.957435,0.327429
H3_512C_pruned30_Physical_pruning,237-126133-0018.wav,generated_audios/generated_H3_512C_pruned30/237-126133-0018_generated.wav,4.095011,1.080467,1.077583,0.263849,0.263145,2.441902,0.940791,0.329111
H3_512C_pruned30_Physical_pruning,237-126133-0019.wav,generated_audios/generated_H3_512C_pruned30/237-126133-0019_generated.wav,7.12,1.886446,1.882677,0.26495,0.264421,2.640382,0.947357,0.337358
H3_512C_pruned30_Physical_pruning,237-126133-0020.wav,generated_audios/generated_H3_512C_pruned30/237-126133-0020_generated.wav,2.24,0.540547,0.537506,0.241316,0.239958,2.742641,0.950345,0.334277
H3_512C_pruned30_Physical_pruning,237-126133-0021.wav,generated_audios/generated_H3_512C_pruned30/237-126133-0021_generated.wav,4.365034,1.094343,1.090882,0.250707,0.249914,2.659179,0.944119,0.333556
H3_512C_pruned30_Physical_pruning,237-126133-0022.wav,generated_audios/generated_H3_512C_pruned30/237-126133-0022_generated.wav,5.04,1.304009,1.300417,0.258732,0.258019,2.877599,0.952913,0.31681
H3_512C_pruned30_Physical_pruning,237-126133-0023.wav,generated_audios/generated_H3_512C_pruned30/237-126133-0023_generated.wav,6.675011,1.717225,1.713668,0.257262,0.256729,2.342398,0.952978,0.322941
H3_512C_pruned30_Physical_pruning,237-126133-0024.wav,generated_audios/generated_H3_512C_pruned30/237-126133-0024_generated.wav,9.665034,2.542693,2.5389,0.263082,0.262689,2.852945,0.955542,0.325627
H3_512C_pruned30_Physical_pruning,237-126133-0025.wav,generated_audios/generated_H3_512C_pruned30/237-126133-0025_generated.wav,3.755011,0.966863,0.963797,0.257486,0.25667,2.799743,0.94972,0.326231
H3_512C_pruned30_Physical_pruning,237-134493-0000.wav,generated_audios/generated_H3_512C_pruned30/237-134493-0000_generated.wav,4.105034,1.033486,1.030253,0.251761,0.250973,2.715488,0.954893,0.318017
H3_512C_pruned30_Physical_pruning,237-134493-0001.wav,generated_audios/generated_H3_512C_pruned30/237-134493-0001_generated.wav,7.38,1.904979,1.90121,0.258127,0.257616,3.110254,0.959954,0.315004
H3_512C_pruned30_Physical_pruning,237-134493-0002.wav,generated_audios/generated_H3_512C_pruned30/237-134493-0002_generated.wav,11.395011,3.009555,3.005251,0.264112,0.263734,3.049345,0.959892,0.312458
H3_512C_pruned30_Physical_pruning,237-134493-0003.wav,generated_audios/generated_H3_512C_pruned30/237-134493-0003_generated.wav,12.765034,4.198311,4.193918,0.328892,0.328547,2.901126,0.950561,0.319035
H3_512C_pruned30_Physical_pruning,237-134493-0004.wav,generated_audios/generated_H3_512C_pruned30/237-134493-0004_generated.wav,6.825034,1.804962,1.801677,0.264462,0.263981,2.673382,0.938719,0.327576
H3_512C_pruned30_Physical_pruning,237-134493-0005.wav,generated_audios/generated_H3_512C_pruned30/237-134493-0005_generated.wav,10.945034,2.974737,2.970794,0.271789,0.271428,2.858619,0.955484,0.316086
H3_512C_pruned30_Physical_pruning,237-134493-0006.wav,generated_audios/generated_H3_512C_pruned30/237-134493-0006_generated.wav,4.395011,1.107653,1.104633,0.252025,0.251338,2.86868,0.957457,0.320989
H3_512C_pruned30_Physical_pruning,237-134493-0007.wav,generated_audios/generated_H3_512C_pruned30/237-134493-0007_generated.wav,2.035011,0.523265,0.520207,0.257131,0.255628,2.57914,0.948131,0.321104
H3_512C_pruned30_Physical_pruning,237-134493-0008.wav,generated_audios/generated_H3_512C_pruned30/237-134493-0008_generated.wav,2.305034,0.572554,0.569374,0.248393,0.247013,2.864119,0.939138,0.306598
H3_512C_pruned30_Physical_pruning,237-134493-0009.wav,generated_audios/generated_H3_512C_pruned30/237-134493-0009_generated.wav,2.975011,0.772345,0.76919,0.259611,0.25855,2.636099,0.954178,0.323327
H3_512C_pruned30_Physical_pruning,237-134493-0010.wav,generated_audios/generated_H3_512C_pruned30/237-134493-0010_generated.wav,2.875011,0.75774,0.754707,0.263561,0.262506,2.971315,0.956415,0.299016
H3_512C_pruned30_Physical_pruning,237-134493-0011.wav,generated_audios/generated_H3_512C_pruned30/237-134493-0011_generated.wav,5.035011,1.317447,1.314164,0.261657,0.261005,2.714275,0.952457,0.323589
H3_512C_pruned30_Physical_pruning,237-134493-0012.wav,generated_audios/generated_H3_512C_pruned30/237-134493-0012_generated.wav,3.66,0.90473,0.901497,0.247194,0.246311,2.921356,0.951166,0.319846
H3_512C_pruned30_Physical_pruning,237-134493-0013.wav,generated_audios/generated_H3_512C_pruned30/237-134493-0013_generated.wav,4.090023,0.652107,0.648887,0.159438,0.158651,2.750136,0.950425,0.325838
H3_512C_pruned30_Physical_pruning,237-134493-0014.wav,generated_audios/generated_H3_512C_pruned30/237-134493-0014_generated.wav,3.7,0.923111,0.919857,0.249489,0.24861,2.69438,0.958474,0.314312
H3_512C_pruned30_Physical_pruning,237-134493-0015.wav,generated_audios/generated_H3_512C_pruned30/237-134493-0015_generated.wav,6.550023,1.068228,1.064894,0.163088,0.162579,2.879869,0.948943,0.32381
H3_512C_pruned30_Physical_pruning,237-134493-0016.wav,generated_audios/generated_H3_512C_pruned30/237-134493-0016_generated.wav,10.085034,2.726668,2.722595,0.270368,0.269964,2.988139,0.960818,0.310007
H3_512C_pruned30_Physical_pruning,237-134493-0017.wav,generated_audios/generated_H3_512C_pruned30/237-134493-0017_generated.wav,9.105034,2.409911,2.406305,0.264679,0.264283,2.877059,0.959314,0.311099
H3_512C_pruned30_Physical_pruning,237-134493-0018.wav,generated_audios/generated_H3_512C_pruned30/237-134493-0018_generated.wav,4.790023,1.193108,1.189805,0.249082,0.248392,3.094598,0.963529,0.310425
H3_512C_pruned30_Physical_pruning,237-134500-0000.wav,generated_audios/generated_H3_512C_pruned30/237-134500-0000_generated.wav,6.130023,1.546149,1.542505,0.252226,0.251631,2.945632,0.955053,0.32011
H3_512C_pruned30_Physical_pruning,237-134500-0001.wav,generated_audios/generated_H3_512C_pruned30/237-134500-0001_generated.wav,1.810023,0.461024,0.457752,0.254706,0.252899,2.911763,0.946127,0.313822
H3_512C_pruned30_Physical_pruning,237-134500-0002.wav,generated_audios/generated_H3_512C_pruned30/237-134500-0002_generated.wav,5.070023,1.260996,1.257256,0.248716,0.247978,2.738922,0.953834,0.315057
H3_512C_pruned30_Physical_pruning,237-134500-0003.wav,generated_audios/generated_H3_512C_pruned30/237-134500-0003_generated.wav,3.170023,0.530402,0.491993,0.167318,0.155202,2.838837,0.957657,0.314647
H3_512C_pruned30_Physical_pruning,237-134500-0004.wav,generated_audios/generated_H3_512C_pruned30/237-134500-0004_generated.wav,2.225034,0.332382,0.329354,0.149383,0.148022,2.921755,0.96337,0.305361
H3_512C_pruned30_Physical_pruning,237-134500-0005.wav,generated_audios/generated_H3_512C_pruned30/237-134500-0005_generated.wav,2.390023,0.604322,0.601196,0.252852,0.251544,2.496522,0.935378,0.342907
H3_512C_pruned30_Physical_pruning,237-134500-0006.wav,generated_audios/generated_H3_512C_pruned30/237-134500-0006_generated.wav,4.225034,1.04988,1.046493,0.24849,0.247689,2.446347,0.940055,0.344631
H3_512C_pruned30_Physical_pruning,237-134500-0007.wav,generated_audios/generated_H3_512C_pruned30/237-134500-0007_generated.wav,2.390023,0.335806,0.332654,0.140503,0.139185,2.693382,0.931178,0.340198
H3_512C_pruned30_Physical_pruning,237-134500-0008.wav,generated_audios/generated_H3_512C_pruned30/237-134500-0008_generated.wav,3.76,0.559528,0.555982,0.148811,0.147867,2.728349,0.935197,0.341695
H3_512C_pruned30_Physical_pruning,237-134500-0009.wav,generated_audios/generated_H3_512C_pruned30/237-134500-0009_generated.wav,2.22,0.311474,0.308358,0.140304,0.1389,2.36864,0.929874,0.343291
H3_512C_pruned30_Physical_pruning,237-134500-0010.wav,generated_audios/generated_H3_512C_pruned30/237-134500-0010_generated.wav,3.995011,1.000845,0.998753,0.250524,0.25,2.551055,0.947241,0.34047
H3_512C_pruned30_Physical_pruning,237-134500-0011.wav,generated_audios/generated_H3_512C_pruned30/237-134500-0011_generated.wav,3.350023,0.814545,0.811427,0.243146,0.242215,2.789437,0.932431,0.341126
H3_512C_pruned30_Physical_pruning,237-134500-0012.wav,generated_audios/generated_H3_512C_pruned30/237-134500-0012_generated.wav,10.935011,2.928454,2.924262,0.267805,0.267422,2.750487,0.944201,0.324687
H3_512C_pruned30_Physical_pruning,237-134500-0013.wav,generated_audios/generated_H3_512C_pruned30/237-134500-0013_generated.wav,10.56,1.730984,1.727202,0.163919,0.163561,2.67453,0.958644,0.30854
H3_512C_pruned30_Physical_pruning,237-134500-0014.wav,generated_audios/generated_H3_512C_pruned30/237-134500-0014_generated.wav,4.250023,0.648533,0.645014,0.152595,0.151767,2.669986,0.946316,0.311878
H3_512C_pruned30_Physical_pruning,237-134500-0015.wav,generated_audios/generated_H3_512C_pruned30/237-134500-0015_generated.wav,10.815011,2.885022,2.880613,0.266761,0.266353,2.93764,0.95859,0.319551
H3_512C_pruned30_Physical_pruning,237-134500-0016.wav,generated_audios/generated_H3_512C_pruned30/237-134500-0016_generated.wav,3.16,0.491436,0.488442,0.155518,0.15457,2.573693,0.922597,0.340922
H3_512C_pruned30_Physical_pruning,237-134500-0017.wav,generated_audios/generated_H3_512C_pruned30/237-134500-0017_generated.wav,2.18,0.321789,0.318751,0.14761,0.146216,2.478187,0.948658,0.33408
H3_512C_pruned30_Physical_pruning,237-134500-0018.wav,generated_audios/generated_H3_512C_pruned30/237-134500-0018_generated.wav,12.845034,4.167141,4.162731,0.324417,0.324073,2.691558,0.957881,0.319383
H3_512C_pruned30_Physical_pruning,237-134500-0019.wav,generated_audios/generated_H3_512C_pruned30/237-134500-0019_generated.wav,2.86,0.691093,0.687852,0.241641,0.240508,2.814649,0.943606,0.303672
H3_512C_pruned30_Physical_pruning,237-134500-0020.wav,generated_audios/generated_H3_512C_pruned30/237-134500-0020_generated.wav,2.18,0.30765,0.304285,0.141124,0.13958,3.450343,0.979452,0.293081
H3_512C_pruned30_Physical_pruning,237-134500-0021.wav,generated_audios/generated_H3_512C_pruned30/237-134500-0021_generated.wav,5.12,1.26618,1.26372,0.247301,0.24682,2.254155,0.912512,0.34806
H3_512C_pruned30_Physical_pruning,237-134500-0022.wav,generated_audios/generated_H3_512C_pruned30/237-134500-0022_generated.wav,5.165034,1.294921,1.291345,0.250709,0.250017,2.473377,0.935311,0.351622
H3_512C_pruned30_Physical_pruning,237-134500-0023.wav,generated_audios/generated_H3_512C_pruned30/237-134500-0023_generated.wav,3.06,0.76511,0.761989,0.250036,0.249016,2.807943,0.950572,0.326554
H3_512C_pruned30_Physical_pruning,237-134500-0024.wav,generated_audios/generated_H3_512C_pruned30/237-134500-0024_generated.wav,4.410023,0.679641,0.676138,0.154113,0.153319,2.778172,0.949189,0.309655
H3_512C_pruned30_Physical_pruning,237-134500-0025.wav,generated_audios/generated_H3_512C_pruned30/237-134500-0025_generated.wav,1.630023,0.43391,0.430893,0.266199,0.264348,2.883317,0.942293,0.324931
H3_512C_pruned30_Physical_pruning,237-134500-0026.wav,generated_audios/generated_H3_512C_pruned30/237-134500-0026_generated.wav,3.050023,0.776202,0.772845,0.254491,0.25339,2.343152,0.92249,0.341926
H3_512C_pruned30_Physical_pruning,237-134500-0027.wav,generated_audios/generated_H3_512C_pruned30/237-134500-0027_generated.wav,3.270023,0.822429,0.819173,0.251505,0.25051,2.941072,0.944984,0.315549
H3_512C_pruned30_Physical_pruning,237-134500-0028.wav,generated_audios/generated_H3_512C_pruned30/237-134500-0028_generated.wav,4.524943,1.158381,1.154989,0.255999,0.255249,2.788673,0.947167,0.328407
H3_512C_pruned30_Physical_pruning,237-134500-0029.wav,generated_audios/generated_H3_512C_pruned30/237-134500-0029_generated.wav,2.065034,0.507627,0.504414,0.24582,0.244264,3.020196,0.951738,0.307918
H3_512C_pruned30_Physical_pruning,237-134500-0030.wav,generated_audios/generated_H3_512C_pruned30/237-134500-0030_generated.wav,2.78,0.729776,0.726559,0.262509,0.261352,2.926494,0.948471,0.324544
H3_512C_pruned30_Physical_pruning,237-134500-0031.wav,generated_audios/generated_H3_512C_pruned30/237-134500-0031_generated.wav,10.610023,2.84023,2.835589,0.267693,0.267256,2.970857,0.955485,0.309785
H3_512C_pruned30_Physical_pruning,237-134500-0032.wav,generated_audios/generated_H3_512C_pruned30/237-134500-0032_generated.wav,5.025034,0.794383,0.790851,0.158085,0.157382,2.606966,0.951891,0.311603
H3_512C_pruned30_Physical_pruning,237-134500-0033.wav,generated_audios/generated_H3_512C_pruned30/237-134500-0033_generated.wav,6.350023,1.609533,1.606007,0.253469,0.252914,2.760019,0.94892,0.322576
H3_512C_pruned30_Physical_pruning,237-134500-0034.wav,generated_audios/generated_H3_512C_pruned30/237-134500-0034_generated.wav,3.075011,0.803564,0.800138,0.261321,0.260206,2.855094,0.950148,0.30348
H3_512C_pruned30_Physical_pruning,237-134500-0035.wav,generated_audios/generated_H3_512C_pruned30/237-134500-0035_generated.wav,2.555011,0.641435,0.638124,0.25105,0.249754,2.85655,0.95753,0.3227
H3_512C_pruned30_Physical_pruning,237-134500-0036.wav,generated_audios/generated_H3_512C_pruned30/237-134500-0036_generated.wav,6.6,1.716614,1.712733,0.260093,0.259505,2.754258,0.957358,0.309615
H3_512C_pruned30_Physical_pruning,237-134500-0037.wav,generated_audios/generated_H3_512C_pruned30/237-134500-0037_generated.wav,7.105034,1.862551,1.858731,0.262145,0.261608,2.437026,0.91197,0.363089
H3_512C_pruned30_Physical_pruning,237-134500-0038.wav,generated_audios/generated_H3_512C_pruned30/237-134500-0038_generated.wav,2.435011,0.61937,0.616562,0.25436,0.253207,2.298403,0.934107,0.352464
H3_512C_pruned30_Physical_pruning,237-134500-0039.wav,generated_audios/generated_H3_512C_pruned30/237-134500-0039_generated.wav,4.630023,1.161187,1.157905,0.250795,0.250086,2.404717,0.925594,0.356012
H3_512C_pruned30_Physical_pruning,237-134500-0040.wav,generated_audios/generated_H3_512C_pruned30/237-134500-0040_generated.wav,4.030023,0.619284,0.615884,0.153668,0.152824,2.598288,0.943242,0.329657
H3_512C_pruned30_Physical_pruning,237-134500-0041.wav,generated_audios/generated_H3_512C_pruned30/237-134500-0041_generated.wav,8.92,1.518721,1.51513,0.17026,0.169858,3.015074,0.960286,0.30666
H3_512C_pruned30_Physical_pruning,237-134500-0042.wav,generated_audios/generated_H3_512C_pruned30/237-134500-0042_generated.wav,2.575011,0.64746,0.644285,0.25144,0.250207,2.297692,0.905413,0.362964
H3_512C_pruned30_Physical_pruning,260-123286-0000.wav,generated_audios/generated_H3_512C_pruned30/260-123286-0000_generated.wav,7.04,1.781828,1.778518,0.253101,0.25263,2.276353,0.952532,0.307905
H3_512C_pruned30_Physical_pruning,260-123286-0001.wav,generated_audios/generated_H3_512C_pruned30/260-123286-0001_generated.wav,3.070023,0.472994,0.469757,0.154068,0.153014,2.069483,0.951106,0.303579
H3_512C_pruned30_Physical_pruning,260-123286-0002.wav,generated_audios/generated_H3_512C_pruned30/260-123286-0002_generated.wav,9.985034,2.706659,2.702897,0.271072,0.270695,2.228956,0.953201,0.299299
H3_512C_pruned30_Physical_pruning,260-123286-0003.wav,generated_audios/generated_H3_512C_pruned30/260-123286-0003_generated.wav,7.370023,1.914116,1.910377,0.259716,0.259209,2.151169,0.935421,0.306932
H3_512C_pruned30_Physical_pruning,260-123286-0004.wav,generated_audios/generated_H3_512C_pruned30/260-123286-0004_generated.wav,3.465034,0.888738,0.885584,0.256488,0.255577,2.118437,0.944924,0.302587
H3_512C_pruned30_Physical_pruning,260-123286-0005.wav,generated_audios/generated_H3_512C_pruned30/260-123286-0005_generated.wav,4.810023,1.177125,1.173941,0.244723,0.244061,2.133377,0.938246,0.325494
H3_512C_pruned30_Physical_pruning,260-123286-0006.wav,generated_audios/generated_H3_512C_pruned30/260-123286-0006_generated.wav,7.405034,1.997617,1.993919,0.269765,0.269265,2.329583,0.953724,0.316155
H3_512C_pruned30_Physical_pruning,260-123286-0007.wav,generated_audios/generated_H3_512C_pruned30/260-123286-0007_generated.wav,4.550023,1.18773,1.183992,0.261038,0.260217,2.317615,0.950663,0.322859
H3_512C_pruned30_Physical_pruning,260-123286-0008.wav,generated_audios/generated_H3_512C_pruned30/260-123286-0008_generated.wav,3.735011,0.959375,0.955846,0.25686,0.255915,2.367705,0.95023,0.322251
H3_512C_pruned30_Physical_pruning,260-123286-0009.wav,generated_audios/generated_H3_512C_pruned30/260-123286-0009_generated.wav,5.795011,1.498832,1.495128,0.258642,0.258003,2.04684,0.943504,0.30584
H3_512C_pruned30_Physical_pruning,260-123286-0010.wav,generated_audios/generated_H3_512C_pruned30/260-123286-0010_generated.wav,2.575011,0.382039,0.378808,0.148364,0.147109,2.346069,0.951715,0.30672
H3_512C_pruned30_Physical_pruning,260-123286-0011.wav,generated_audios/generated_H3_512C_pruned30/260-123286-0011_generated.wav,4.255011,0.648314,0.644732,0.152365,0.151523,2.286715,0.942172,0.310099
H3_512C_pruned30_Physical_pruning,260-123286-0012.wav,generated_audios/generated_H3_512C_pruned30/260-123286-0012_generated.wav,2.430023,0.370366,0.367189,0.152413,0.151105,2.237411,0.942968,0.318036
H3_512C_pruned30_Physical_pruning,260-123286-0013.wav,generated_audios/generated_H3_512C_pruned30/260-123286-0013_generated.wav,4.730023,1.198646,1.195166,0.253412,0.252677,2.300119,0.942036,0.301281
H3_512C_pruned30_Physical_pruning,260-123286-0014.wav,generated_audios/generated_H3_512C_pruned30/260-123286-0014_generated.wav,2.98,0.473898,0.470492,0.159026,0.157883,1.816683,0.94323,0.275472
H3_512C_pruned30_Physical_pruning,260-123286-0015.wav,generated_audios/generated_H3_512C_pruned30/260-123286-0015_generated.wav,5.210023,1.32749,1.323891,0.254795,0.254105,2.255566,0.948951,0.311238
H3_512C_pruned30_Physical_pruning,260-123286-0016.wav,generated_audios/generated_H3_512C_pruned30/260-123286-0016_generated.wav,7.0,1.872061,1.868359,0.267437,0.266908,2.428911,0.948795,0.305761
H3_512C_pruned30_Physical_pruning,260-123286-0017.wav,generated_audios/generated_H3_512C_pruned30/260-123286-0017_generated.wav,3.975011,1.02196,1.018815,0.257096,0.256305,2.249322,0.945139,0.297283
H3_512C_pruned30_Physical_pruning,260-123286-0018.wav,generated_audios/generated_H3_512C_pruned30/260-123286-0018_generated.wav,5.670023,1.484091,1.480734,0.261743,0.261151,2.492651,0.939072,0.322612
H3_512C_pruned30_Physical_pruning,260-123286-0019.wav,generated_audios/generated_H3_512C_pruned30/260-123286-0019_generated.wav,11.905034,3.816915,3.812978,0.320614,0.320283,2.180805,0.951569,0.308207
H3_512C_pruned30_Physical_pruning,260-123286-0020.wav,generated_audios/generated_H3_512C_pruned30/260-123286-0020_generated.wav,3.06,0.474885,0.471554,0.155191,0.154103,1.990756,0.957187,0.264583
H3_512C_pruned30_Physical_pruning,260-123286-0021.wav,generated_audios/generated_H3_512C_pruned30/260-123286-0021_generated.wav,2.550023,0.61732,0.6141,0.242084,0.240822,2.653549,0.963325,0.314201
H3_512C_pruned30_Physical_pruning,260-123286-0022.wav,generated_audios/generated_H3_512C_pruned30/260-123286-0022_generated.wav,3.235011,0.834398,0.831079,0.257927,0.256901,2.325036,0.953351,0.298248
H3_512C_pruned30_Physical_pruning,260-123286-0023.wav,generated_audios/generated_H3_512C_pruned30/260-123286-0023_generated.wav,5.875011,1.546389,1.542812,0.263215,0.262606,2.368089,0.950162,0.317662
H3_512C_pruned30_Physical_pruning,260-123286-0024.wav,generated_audios/generated_H3_512C_pruned30/260-123286-0024_generated.wav,3.04,0.782862,0.779662,0.25752,0.256468,2.68143,0.947677,0.331751
H3_512C_pruned30_Physical_pruning,260-123286-0025.wav,generated_audios/generated_H3_512C_pruned30/260-123286-0025_generated.wav,9.205034,2.43751,2.433062,0.264802,0.264319,2.471769,0.939757,0.313516
H3_512C_pruned30_Physical_pruning,260-123286-0026.wav,generated_audios/generated_H3_512C_pruned30/260-123286-0026_generated.wav,6.94,1.829445,1.825783,0.263609,0.263081,2.247518,0.942371,0.317037
H3_512C_pruned30_Physical_pruning,260-123286-0027.wav,generated_audios/generated_H3_512C_pruned30/260-123286-0027_generated.wav,7.170023,1.89908,1.895319,0.264864,0.264339,2.096272,0.935959,0.319226
H3_512C_pruned30_Physical_pruning,260-123286-0028.wav,generated_audios/generated_H3_512C_pruned30/260-123286-0028_generated.wav,7.465034,1.972514,1.968607,0.264234,0.26371,2.214265,0.939749,0.310215
H3_512C_pruned30_Physical_pruning,260-123286-0029.wav,generated_audios/generated_H3_512C_pruned30/260-123286-0029_generated.wav,4.545034,0.733461,0.730182,0.161376,0.160655,2.09519,0.944885,0.313428
H3_512C_pruned30_Physical_pruning,260-123286-0030.wav,generated_audios/generated_H3_512C_pruned30/260-123286-0030_generated.wav,7.530023,1.267638,1.264117,0.168344,0.167877,2.247519,0.944795,0.323549
H3_512C_pruned30_Physical_pruning,260-123286-0031.wav,generated_audios/generated_H3_512C_pruned30/260-123286-0031_generated.wav,5.06,1.268561,1.264951,0.250704,0.24999,2.293745,0.950246,0.284758
H3_512C_pruned30_Physical_pruning,260-123288-0000.wav,generated_audios/generated_H3_512C_pruned30/260-123288-0000_generated.wav,3.04,0.442375,0.439118,0.145518,0.144447,2.50688,0.942965,0.30638
H3_512C_pruned30_Physical_pruning,260-123288-0001.wav,generated_audios/generated_H3_512C_pruned30/260-123288-0001_generated.wav,5.08,0.790885,0.787299,0.155686,0.15498,2.040008,0.940227,0.301885
H3_512C_pruned30_Physical_pruning,260-123288-0002.wav,generated_audios/generated_H3_512C_pruned30/260-123288-0002_generated.wav,7.250023,1.895711,1.891796,0.261477,0.260937,2.199969,0.935869,0.323643
H3_512C_pruned30_Physical_pruning,260-123288-0003.wav,generated_audios/generated_H3_512C_pruned30/260-123288-0003_generated.wav,8.905034,2.432452,2.42858,0.273155,0.27272,2.143629,0.949331,0.31231
H3_512C_pruned30_Physical_pruning,260-123288-0004.wav,generated_audios/generated_H3_512C_pruned30/260-123288-0004_generated.wav,4.310023,1.106138,1.102572,0.256643,0.255816,2.34779,0.940572,0.291492
H3_512C_pruned30_Physical_pruning,260-123288-0005.wav,generated_audios/generated_H3_512C_pruned30/260-123288-0005_generated.wav,12.550023,4.038967,4.034775,0.321829,0.321495,2.191588,0.940433,0.307586
H3_512C_pruned30_Physical_pruning,260-123288-0006.wav,generated_audios/generated_H3_512C_pruned30/260-123288-0006_generated.wav,4.88,1.261283,1.258172,0.25846,0.257822,1.963432,0.937918,0.28776
H3_512C_pruned30_Physical_pruning,260-123288-0007.wav,generated_audios/generated_H3_512C_pruned30/260-123288-0007_generated.wav,11.2,3.05095,3.047041,0.272406,0.272057,2.164234,0.946152,0.321242
H3_512C_pruned30_Physical_pruning,260-123288-0008.wav,generated_audios/generated_H3_512C_pruned30/260-123288-0008_generated.wav,5.515011,1.471963,1.468498,0.266901,0.266273,2.376792,0.949684,0.325015
H3_512C_pruned30_Physical_pruning,260-123288-0009.wav,generated_audios/generated_H3_512C_pruned30/260-123288-0009_generated.wav,3.435011,0.906497,0.90299,0.263899,0.262878,2.61016,0.953307,0.335617
H3_512C_pruned30_Physical_pruning,260-123288-0010.wav,generated_audios/generated_H3_512C_pruned30/260-123288-0010_generated.wav,9.995011,1.694701,1.690586,0.169555,0.169143,2.198336,0.945677,0.307723
H3_512C_pruned30_Physical_pruning,260-123288-0011.wav,generated_audios/generated_H3_512C_pruned30/260-123288-0011_generated.wav,8.98,2.411866,2.408166,0.268582,0.26817,2.151476,0.944658,0.305309
H3_512C_pruned30_Physical_pruning,260-123288-0012.wav,generated_audios/generated_H3_512C_pruned30/260-123288-0012_generated.wav,3.545034,0.940445,0.936968,0.265285,0.264304,2.844781,0.945553,0.334168
H3_512C_pruned30_Physical_pruning,260-123288-0013.wav,generated_audios/generated_H3_512C_pruned30/260-123288-0013_generated.wav,11.385079,3.123014,3.118993,0.274308,0.273954,2.321704,0.944992,0.312406
H3_512C_pruned30_Physical_pruning,260-123288-0014.wav,generated_audios/generated_H3_512C_pruned30/260-123288-0014_generated.wav,1.805034,0.274105,0.270956,0.151856,0.150112,2.276578,0.946465,0.310617
H3_512C_pruned30_Physical_pruning,260-123288-0015.wav,generated_audios/generated_H3_512C_pruned30/260-123288-0015_generated.wav,21.185034,7.657835,7.652088,0.361474,0.361203,2.362878,0.948091,0.31237
H3_512C_pruned30_Physical_pruning,260-123288-0016.wav,generated_audios/generated_H3_512C_pruned30/260-123288-0016_generated.wav,4.865034,1.239606,1.236634,0.254799,0.254188,2.385355,0.943439,0.315625
H3_512C_pruned30_Physical_pruning,260-123288-0017.wav,generated_audios/generated_H3_512C_pruned30/260-123288-0017_generated.wav,5.225034,1.297061,1.293693,0.24824,0.247595,2.073307,0.957637,0.316933
H3_512C_pruned30_Physical_pruning,260-123288-0018.wav,generated_audios/generated_H3_512C_pruned30/260-123288-0018_generated.wav,3.245034,0.803175,0.800082,0.247509,0.246556,2.545237,0.957077,0.328465
H3_512C_pruned30_Physical_pruning,260-123288-0019.wav,generated_audios/generated_H3_512C_pruned30/260-123288-0019_generated.wav,2.955011,0.459009,0.456166,0.155332,0.15437,2.141409,0.950184,0.29048
H3_512C_pruned30_Physical_pruning,260-123288-0020.wav,generated_audios/generated_H3_512C_pruned30/260-123288-0020_generated.wav,2.9,0.717003,0.713764,0.247242,0.246125,2.700649,0.962343,0.284604
H3_512C_pruned30_Physical_pruning,260-123288-0021.wav,generated_audios/generated_H3_512C_pruned30/260-123288-0021_generated.wav,2.710023,0.4157,0.41244,0.153393,0.152191,2.181042,0.946086,0.320689
H3_512C_pruned30_Physical_pruning,260-123288-0022.wav,generated_audios/generated_H3_512C_pruned30/260-123288-0022_generated.wav,3.705034,0.952192,0.94896,0.257,0.256127,2.108993,0.933943,0.316157
H3_512C_pruned30_Physical_pruning,260-123288-0023.wav,generated_audios/generated_H3_512C_pruned30/260-123288-0023_generated.wav,2.385034,0.36432,0.361305,0.152752,0.151488,2.394485,0.935687,0.292161
H3_512C_pruned30_Physical_pruning,260-123288-0024.wav,generated_audios/generated_H3_512C_pruned30/260-123288-0024_generated.wav,14.595011,4.674271,4.669679,0.320265,0.31995,2.359331,0.951402,0.316998
H3_512C_pruned30_Physical_pruning,260-123288-0025.wav,generated_audios/generated_H3_512C_pruned30/260-123288-0025_generated.wav,13.445034,4.421242,4.417405,0.328838,0.328553,2.507664,0.948621,0.309202
H3_512C_pruned30_Physical_pruning,260-123288-0026.wav,generated_audios/generated_H3_512C_pruned30/260-123288-0026_generated.wav,16.04,5.42756,5.423147,0.338377,0.338101,2.307612,0.951958,0.317665
H3_512C_pruned30_Physical_pruning,260-123288-0027.wav,generated_audios/generated_H3_512C_pruned30/260-123288-0027_generated.wav,6.305034,1.676038,1.672084,0.265825,0.265198,2.433724,0.961578,0.310277
H3_512C_pruned30_Physical_pruning,260-123288-0028.wav,generated_audios/generated_H3_512C_pruned30/260-123288-0028_generated.wav,2.610023,0.665009,0.662047,0.254791,0.253656,2.209631,0.96014,0.29556
H3_512C_pruned30_Physical_pruning,260-123440-0000.wav,generated_audios/generated_H3_512C_pruned30/260-123440-0000_generated.wav,2.165034,0.525672,0.522471,0.242801,0.241322,1.948645,0.916781,0.334632
H3_512C_pruned30_Physical_pruning,260-123440-0001.wav,generated_audios/generated_H3_512C_pruned30/260-123440-0001_generated.wav,1.74,0.456579,0.453306,0.262402,0.260521,2.398938,0.941572,0.276233
H3_512C_pruned30_Physical_pruning,260-123440-0002.wav,generated_audios/generated_H3_512C_pruned30/260-123440-0002_generated.wav,14.715011,4.892753,4.88818,0.332501,0.33219,2.243076,0.938428,0.325267
H3_512C_pruned30_Physical_pruning,260-123440-0003.wav,generated_audios/generated_H3_512C_pruned30/260-123440-0003_generated.wav,3.585034,0.923864,0.920458,0.2577,0.25675,1.994261,0.95534,0.325522
H3_512C_pruned30_Physical_pruning,260-123440-0004.wav,generated_audios/generated_H3_512C_pruned30/260-123440-0004_generated.wav,12.02,3.974934,3.970633,0.330693,0.330336,2.217137,0.939081,0.325829
H3_512C_pruned30_Physical_pruning,260-123440-0005.wav,generated_audios/generated_H3_512C_pruned30/260-123440-0005_generated.wav,3.105034,0.476039,0.472814,0.153312,0.152273,2.139682,0.948908,0.33675
H3_512C_pruned30_Physical_pruning,260-123440-0006.wav,generated_audios/generated_H3_512C_pruned30/260-123440-0006_generated.wav,2.715011,0.405171,0.401957,0.149234,0.14805,2.136286,0.948122,0.336006
H3_512C_pruned30_Physical_pruning,260-123440-0007.wav,generated_audios/generated_H3_512C_pruned30/260-123440-0007_generated.wav,3.385034,0.840358,0.83698,0.248257,0.247259,2.178281,0.943498,0.325881
H3_512C_pruned30_Physical_pruning,260-123440-0008.wav,generated_audios/generated_H3_512C_pruned30/260-123440-0008_generated.wav,3.745034,0.989634,0.986083,0.264252,0.263304,2.330732,0.947397,0.335494
H3_512C_pruned30_Physical_pruning,260-123440-0009.wav,generated_audios/generated_H3_512C_pruned30/260-123440-0009_generated.wav,3.115011,0.821258,0.818136,0.263645,0.262643,2.552763,0.947174,0.331907
H3_512C_pruned30_Physical_pruning,260-123440-0010.wav,generated_audios/generated_H3_512C_pruned30/260-123440-0010_generated.wav,8.315011,2.291909,2.288092,0.275635,0.275176,2.250044,0.930509,0.338397
H3_512C_pruned30_Physical_pruning,260-123440-0011.wav,generated_audios/generated_H3_512C_pruned30/260-123440-0011_generated.wav,4.870023,0.769022,0.765362,0.157909,0.157158,2.380466,0.94311,0.339374
H3_512C_pruned30_Physical_pruning,260-123440-0012.wav,generated_audios/generated_H3_512C_pruned30/260-123440-0012_generated.wav,5.245034,1.386091,1.382472,0.264267,0.263577,2.337924,0.943859,0.358199
H3_512C_pruned30_Physical_pruning,260-123440-0013.wav,generated_audios/generated_H3_512C_pruned30/260-123440-0013_generated.wav,3.475011,0.931014,0.927733,0.267917,0.266973,2.362712,0.941158,0.367141
H3_512C_pruned30_Physical_pruning,260-123440-0014.wav,generated_audios/generated_H3_512C_pruned30/260-123440-0014_generated.wav,3.815011,1.017243,1.013909,0.266642,0.265768,2.38211,0.943615,0.350433
H3_512C_pruned30_Physical_pruning,260-123440-0015.wav,generated_audios/generated_H3_512C_pruned30/260-123440-0015_generated.wav,6.2,1.048854,1.045355,0.16917,0.168606,2.434139,0.946522,0.317919
H3_512C_pruned30_Physical_pruning,260-123440-0016.wav,generated_audios/generated_H3_512C_pruned30/260-123440-0016_generated.wav,4.895011,1.366644,1.313507,0.279191,0.268336,2.209754,0.951991,0.333061
H3_512C_pruned30_Physical_pruning,260-123440-0017.wav,generated_audios/generated_H3_512C_pruned30/260-123440-0017_generated.wav,3.070023,0.52332,0.519974,0.170461,0.169372,2.277626,0.950011,0.314748
H3_512C_pruned30_Physical_pruning,260-123440-0018.wav,generated_audios/generated_H3_512C_pruned30/260-123440-0018_generated.wav,3.64,0.970664,0.967417,0.266666,0.265774,2.651691,0.952675,0.328297
H3_512C_pruned30_Physical_pruning,260-123440-0019.wav,generated_audios/generated_H3_512C_pruned30/260-123440-0019_generated.wav,6.630023,1.775418,1.771703,0.267785,0.267224,2.085765,0.943829,0.318398
H3_512C_pruned30_Physical_pruning,260-123440-0020.wav,generated_audios/generated_H3_512C_pruned30/260-123440-0020_generated.wav,4.995011,1.329193,1.325924,0.266104,0.26545,1.992958,0.943853,0.332234
H3_512C_pruned30_Physical_pruning,61-70968-0000.wav,generated_audios/generated_H3_512C_pruned30/61-70968-0000_generated.wav,4.905034,1.300454,1.297037,0.265126,0.26443,2.021188,0.938388,0.31611
H3_512C_pruned30_Physical_pruning,61-70968-0001.wav,generated_audios/generated_H3_512C_pruned30/61-70968-0001_generated.wav,3.610023,0.958587,0.955147,0.265535,0.264582,1.990015,0.919551,0.296788
H3_512C_pruned30_Physical_pruning,61-70968-0002.wav,generated_audios/generated_H3_512C_pruned30/61-70968-0002_generated.wav,2.970023,0.772326,0.769069,0.26004,0.258944,1.991578,0.917223,0.31248
H3_512C_pruned30_Physical_pruning,61-70968-0003.wav,generated_audios/generated_H3_512C_pruned30/61-70968-0003_generated.wav,4.315011,0.697747,0.694295,0.161702,0.160902,2.346382,0.941321,0.312503
H3_512C_pruned30_Physical_pruning,61-70968-0004.wav,generated_audios/generated_H3_512C_pruned30/61-70968-0004_generated.wav,3.885034,1.030916,1.027481,0.265356,0.264472,2.308886,0.949517,0.31809
H3_512C_pruned30_Physical_pruning,61-70968-0005.wav,generated_audios/generated_H3_512C_pruned30/61-70968-0005_generated.wav,5.070023,0.848663,0.845305,0.167388,0.166726,2.223905,0.910487,0.318081
H3_512C_pruned30_Physical_pruning,61-70968-0006.wav,generated_audios/generated_H3_512C_pruned30/61-70968-0006_generated.wav,2.935011,0.747519,0.744243,0.25469,0.253574,2.202323,0.94896,0.312231
H3_512C_pruned30_Physical_pruning,61-70968-0007.wav,generated_audios/generated_H3_512C_pruned30/61-70968-0007_generated.wav,3.550023,0.579432,0.5759,0.163219,0.162224,1.986847,0.879689,0.312289
H3_512C_pruned30_Physical_pruning,61-70968-0008.wav,generated_audios/generated_H3_512C_pruned30/61-70968-0008_generated.wav,3.535011,0.578275,0.574999,0.163585,0.162658,1.955101,0.917793,0.310565
H3_512C_pruned30_Physical_pruning,61-70968-0009.wav,generated_audios/generated_H3_512C_pruned30/61-70968-0009_generated.wav,4.510023,1.18167,1.17842,0.26201,0.261289,1.919241,0.911126,0.312868
H3_512C_pruned30_Physical_pruning,61-70968-0010.wav,generated_audios/generated_H3_512C_pruned30/61-70968-0010_generated.wav,8.295011,2.246019,2.241883,0.270767,0.270269,2.126609,0.924995,0.316472
H3_512C_pruned30_Physical_pruning,61-70968-0011.wav,generated_audios/generated_H3_512C_pruned30/61-70968-0011_generated.wav,6.375011,1.705416,1.701484,0.267516,0.266899,2.097798,0.93918,0.311759
H3_512C_pruned30_Physical_pruning,61-70968-0012.wav,generated_audios/generated_H3_512C_pruned30/61-70968-0012_generated.wav,2.610023,0.401999,0.398828,0.154021,0.152806,2.604679,0.965318,0.315592
H3_512C_pruned30_Physical_pruning,61-70968-0013.wav,generated_audios/generated_H3_512C_pruned30/61-70968-0013_generated.wav,4.450023,0.689047,0.686843,0.154841,0.154346,2.178519,0.932084,0.307708
H3_512C_pruned30_Physical_pruning,61-70968-0014.wav,generated_audios/generated_H3_512C_pruned30/61-70968-0014_generated.wav,7.485034,2.044341,2.040599,0.273124,0.272624,2.323333,0.938124,0.302825
H3_512C_pruned30_Physical_pruning,61-70968-0015.wav,generated_audios/generated_H3_512C_pruned30/61-70968-0015_generated.wav,5.375011,1.40628,1.402929,0.261633,0.261009,2.223821,0.939219,0.319783
H3_512C_pruned30_Physical_pruning,61-70968-0016.wav,generated_audios/generated_H3_512C_pruned30/61-70968-0016_generated.wav,3.72,1.000005,0.996551,0.268818,0.26789,2.423978,0.954095,0.317174
H3_512C_pruned30_Physical_pruning,61-70968-0017.wav,generated_audios/generated_H3_512C_pruned30/61-70968-0017_generated.wav,5.110023,1.344222,1.340829,0.263056,0.262392,2.202642,0.937579,0.309013
H3_512C_pruned30_Physical_pruning,61-70968-0018.wav,generated_audios/generated_H3_512C_pruned30/61-70968-0018_generated.wav,2.405034,0.602128,0.598966,0.250361,0.249047,2.148869,0.940801,0.318123
H3_512C_pruned30_Physical_pruning,61-70968-0019.wav,generated_audios/generated_H3_512C_pruned30/61-70968-0019_generated.wav,5.475011,1.439769,1.436085,0.262971,0.262298,2.319835,0.937664,0.317769
H3_512C_pruned30_Physical_pruning,61-70968-0020.wav,generated_audios/generated_H3_512C_pruned30/61-70968-0020_generated.wav,5.105034,1.353634,1.350215,0.265157,0.264487,2.417852,0.93634,0.30248
H3_512C_pruned30_Physical_pruning,61-70968-0021.wav,generated_audios/generated_H3_512C_pruned30/61-70968-0021_generated.wav,2.690023,0.692789,0.689517,0.25754,0.256324,2.400543,0.920869,0.305404
H3_512C_pruned30_Physical_pruning,61-70968-0022.wav,generated_audios/generated_H3_512C_pruned30/61-70968-0022_generated.wav,4.670023,0.754192,0.750693,0.161496,0.160747,2.342754,0.925078,0.311288
H3_512C_pruned30_Physical_pruning,61-70968-0023.wav,generated_audios/generated_H3_512C_pruned30/61-70968-0023_generated.wav,5.025034,0.811681,0.808143,0.161527,0.160823,2.36472,0.954355,0.307445
H3_512C_pruned30_Physical_pruning,61-70968-0024.wav,generated_audios/generated_H3_512C_pruned30/61-70968-0024_generated.wav,6.025034,1.587881,1.584283,0.263547,0.26295,2.321353,0.925027,0.313076
H3_512C_pruned30_Physical_pruning,61-70968-0025.wav,generated_audios/generated_H3_512C_pruned30/61-70968-0025_generated.wav,4.410023,0.687427,0.683989,0.155878,0.155099,2.467474,0.943943,0.314168
H3_512C_pruned30_Physical_pruning,61-70968-0026.wav,generated_audios/generated_H3_512C_pruned30/61-70968-0026_generated.wav,4.92,1.287701,1.284345,0.261728,0.261046,2.348921,0.95484,0.299195
H3_512C_pruned30_Physical_pruning,61-70968-0027.wav,generated_audios/generated_H3_512C_pruned30/61-70968-0027_generated.wav,6.870023,1.856574,1.852885,0.270243,0.269706,2.448826,0.947043,0.301137
H3_512C_pruned30_Physical_pruning,61-70968-0028.wav,generated_audios/generated_H3_512C_pruned30/61-70968-0028_generated.wav,5.355011,1.429339,1.425903,0.266916,0.266274,2.120268,0.944007,0.303052
H3_512C_pruned30_Physical_pruning,61-70968-0029.wav,generated_audios/generated_H3_512C_pruned30/61-70968-0029_generated.wav,3.495011,0.944567,0.941336,0.270261,0.269337,2.345431,0.935573,0.305803
H3_512C_pruned30_Physical_pruning,61-70968-0030.wav,generated_audios/generated_H3_512C_pruned30/61-70968-0030_generated.wav,5.685034,1.475913,1.472127,0.259614,0.258948,2.206286,0.940349,0.30106
H3_512C_pruned30_Physical_pruning,61-70968-0031.wav,generated_audios/generated_H3_512C_pruned30/61-70968-0031_generated.wav,2.925034,0.783,0.779575,0.267689,0.266518,2.021988,0.908276,0.302868
H3_512C_pruned30_Physical_pruning,61-70968-0032.wav,generated_audios/generated_H3_512C_pruned30/61-70968-0032_generated.wav,4.28,0.690274,0.686995,0.161279,0.160513,1.979572,0.934596,0.306906
H3_512C_pruned30_Physical_pruning,61-70968-0033.wav,generated_audios/generated_H3_512C_pruned30/61-70968-0033_generated.wav,5.685034,0.913591,0.910022,0.160701,0.160073,2.561848,0.960389,0.301704
H3_512C_pruned30_Physical_pruning,61-70968-0034.wav,generated_audios/generated_H3_512C_pruned30/61-70968-0034_generated.wav,4.230023,1.11452,1.11231,0.263478,0.262956,2.87258,0.951469,0.33131
H3_512C_pruned30_Physical_pruning,61-70968-0035.wav,generated_audios/generated_H3_512C_pruned30/61-70968-0035_generated.wav,7.950023,2.153739,2.149882,0.27091,0.270425,2.269187,0.943474,0.305599
H3_512C_pruned30_Physical_pruning,61-70968-0036.wav,generated_audios/generated_H3_512C_pruned30/61-70968-0036_generated.wav,2.934966,0.471362,0.468277,0.160602,0.159551,1.520572,0.932515,0.316393
H3_512C_pruned30_Physical_pruning,61-70968-0037.wav,generated_audios/generated_H3_512C_pruned30/61-70968-0037_generated.wav,4.315011,0.678125,0.674562,0.157155,0.156329,1.846029,0.898471,0.329598
H3_512C_pruned30_Physical_pruning,61-70968-0038.wav,generated_audios/generated_H3_512C_pruned30/61-70968-0038_generated.wav,2.050023,0.560435,0.557186,0.27338,0.271795,2.70248,0.900343,0.320206
H3_512C_pruned30_Physical_pruning,61-70968-0039.wav,generated_audios/generated_H3_512C_pruned30/61-70968-0039_generated.wav,3.805034,0.98381,0.980475,0.258555,0.257679,2.458976,0.927127,0.318615
H3_512C_pruned30_Physical_pruning,61-70968-0040.wav,generated_audios/generated_H3_512C_pruned30/61-70968-0040_generated.wav,3.950023,1.04771,1.044374,0.265242,0.264397,2.339534,0.93643,0.30861
H3_512C_pruned30_Physical_pruning,61-70968-0041.wav,generated_audios/generated_H3_512C_pruned30/61-70968-0041_generated.wav,6.825034,1.128417,1.124809,0.165335,0.164806,2.347122,0.9223,0.319673
H3_512C_pruned30_Physical_pruning,61-70968-0042.wav,generated_audios/generated_H3_512C_pruned30/61-70968-0042_generated.wav,2.785034,0.455205,0.45233,0.163447,0.162415,2.497887,0.929638,0.310486
H3_512C_pruned30_Physical_pruning,61-70968-0043.wav,generated_audios/generated_H3_512C_pruned30/61-70968-0043_generated.wav,6.735011,1.82287,1.819181,0.270656,0.270108,2.394715,0.92011,0.303063
H3_512C_pruned30_Physical_pruning,61-70968-0044.wav,generated_audios/generated_H3_512C_pruned30/61-70968-0044_generated.wav,2.770023,0.428201,0.424977,0.154584,0.15342,2.229417,0.916767,0.299307
H3_512C_pruned30_Physical_pruning,61-70968-0045.wav,generated_audios/generated_H3_512C_pruned30/61-70968-0045_generated.wav,3.475011,0.54414,0.540604,0.156587,0.155569,2.119624,0.909214,0.301423
H3_512C_pruned30_Physical_pruning,61-70968-0046.wav,generated_audios/generated_H3_512C_pruned30/61-70968-0046_generated.wav,3.550023,0.550926,0.547677,0.155189,0.154274,2.324591,0.944324,0.315095
H3_512C_pruned30_Physical_pruning,61-70968-0047.wav,generated_audios/generated_H3_512C_pruned30/61-70968-0047_generated.wav,4.775011,1.208731,1.205135,0.253137,0.252384,2.471982,0.934156,0.305763
H3_512C_pruned30_Physical_pruning,61-70968-0048.wav,generated_audios/generated_H3_512C_pruned30/61-70968-0048_generated.wav,3.02,0.822418,0.819139,0.272324,0.271238,1.904483,0.904542,0.309973
H3_512C_pruned30_Physical_pruning,61-70968-0049.wav,generated_audios/generated_H3_512C_pruned30/61-70968-0049_generated.wav,8.250023,2.26602,2.261969,0.274668,0.274177,2.47077,0.925798,0.306502
H3_512C_pruned30_Physical_pruning,61-70968-0050.wav,generated_audios/generated_H3_512C_pruned30/61-70968-0050_generated.wav,5.58,1.446931,1.443339,0.259307,0.258663,2.379246,0.930667,0.311186
H3_512C_pruned30_Physical_pruning,61-70968-0051.wav,generated_audios/generated_H3_512C_pruned30/61-70968-0051_generated.wav,3.135011,0.827177,0.823859,0.263851,0.262793,2.215498,0.912944,0.304484
H3_512C_pruned30_Physical_pruning,61-70968-0052.wav,generated_audios/generated_H3_512C_pruned30/61-70968-0052_generated.wav,2.650023,0.669357,0.666187,0.252585,0.251389,2.44787,0.952019,0.318866
H3_512C_pruned30_Physical_pruning,61-70968-0053.wav,generated_audios/generated_H3_512C_pruned30/61-70968-0053_generated.wav,4.22,0.681984,0.678644,0.161608,0.160816,1.751477,0.930263,0.313704
H3_512C_pruned30_Physical_pruning,61-70968-0054.wav,generated_audios/generated_H3_512C_pruned30/61-70968-0054_generated.wav,7.86,2.150472,2.146733,0.273597,0.273121,2.287439,0.943001,0.305723
H3_512C_pruned30_Physical_pruning,61-70968-0055.wav,generated_audios/generated_H3_512C_pruned30/61-70968-0055_generated.wav,3.965034,0.644793,0.641527,0.16262,0.161796,2.258789,0.929062,0.299215
H3_512C_pruned30_Physical_pruning,61-70968-0056.wav,generated_audios/generated_H3_512C_pruned30/61-70968-0056_generated.wav,3.565034,0.928918,0.925671,0.260564,0.259653,2.591911,0.955002,0.299134
H3_512C_pruned30_Physical_pruning,61-70968-0057.wav,generated_audios/generated_H3_512C_pruned30/61-70968-0057_generated.wav,5.065034,0.851144,0.847426,0.168043,0.167309,2.035023,0.910231,0.311523
H3_512C_pruned30_Physical_pruning,61-70968-0058.wav,generated_audios/generated_H3_512C_pruned30/61-70968-0058_generated.wav,1.82,0.441162,0.438074,0.242396,0.2407,2.203473,0.903465,0.310725
H3_512C_pruned30_Physical_pruning,61-70968-0059.wav,generated_audios/generated_H3_512C_pruned30/61-70968-0059_generated.wav,2.170023,0.342692,0.339544,0.157921,0.15647,2.103377,0.953622,0.329504
H3_512C_pruned30_Physical_pruning,61-70968-0060.wav,generated_audios/generated_H3_512C_pruned30/61-70968-0060_generated.wav,3.735011,0.602332,0.598873,0.161266,0.16034,2.531131,0.936941,0.309506
H3_512C_pruned30_Physical_pruning,61-70968-0061.wav,generated_audios/generated_H3_512C_pruned30/61-70968-0061_generated.wav,5.530023,1.498386,1.494865,0.270955,0.270318,1.94896,0.920662,0.322626
H3_512C_pruned30_Physical_pruning,61-70968-0062.wav,generated_audios/generated_H3_512C_pruned30/61-70968-0062_generated.wav,2.555011,0.400361,0.397245,0.156696,0.155477,2.231548,0.891248,0.309259
H3_512C_pruned30_Physical_pruning,61-70970-0000.wav,generated_audios/generated_H3_512C_pruned30/61-70970-0000_generated.wav,6.075011,1.596126,1.592596,0.262736,0.262155,2.199639,0.946442,0.306781
H3_512C_pruned30_Physical_pruning,61-70970-0001.wav,generated_audios/generated_H3_512C_pruned30/61-70970-0001_generated.wav,6.155011,1.650538,1.647043,0.268162,0.267594,2.413041,0.955074,0.309208
H3_512C_pruned30_Physical_pruning,61-70970-0002.wav,generated_audios/generated_H3_512C_pruned30/61-70970-0002_generated.wav,4.165034,1.109077,1.105719,0.266283,0.265477,2.407845,0.911318,0.316018
H3_512C_pruned30_Physical_pruning,61-70970-0003.wav,generated_audios/generated_H3_512C_pruned30/61-70970-0003_generated.wav,3.835011,0.985129,0.981743,0.256878,0.255995,2.501378,0.924243,0.285465
H3_512C_pruned30_Physical_pruning,61-70970-0004.wav,generated_audios/generated_H3_512C_pruned30/61-70970-0004_generated.wav,10.515011,2.914649,2.910602,0.277189,0.276804,2.442425,0.92874,0.299336
H3_512C_pruned30_Physical_pruning,61-70970-0005.wav,generated_audios/generated_H3_512C_pruned30/61-70970-0005_generated.wav,2.02,0.542093,0.538978,0.268363,0.266821,2.698839,0.917188,0.301827
H3_512C_pruned30_Physical_pruning,61-70970-0006.wav,generated_audios/generated_H3_512C_pruned30/61-70970-0006_generated.wav,2.335011,0.587283,0.584007,0.251512,0.250109,1.667593,0.946628,0.310714
H3_512C_pruned30_Physical_pruning,61-70970-0007.wav,generated_audios/generated_H3_512C_pruned30/61-70970-0007_generated.wav,4.485034,1.170889,1.167252,0.261066,0.260255,2.346113,0.926358,0.320369
H3_512C_pruned30_Physical_pruning,61-70970-0008.wav,generated_audios/generated_H3_512C_pruned30/61-70970-0008_generated.wav,2.150023,0.579496,0.57635,0.26953,0.268067,1.910515,0.915621,0.304091
H3_512C_pruned30_Physical_pruning,61-70970-0009.wav,generated_audios/generated_H3_512C_pruned30/61-70970-0009_generated.wav,3.405034,0.896845,0.893273,0.263388,0.262339,2.536594,0.926863,0.295074
H3_512C_pruned30_Physical_pruning,61-70970-0010.wav,generated_audios/generated_H3_512C_pruned30/61-70970-0010_generated.wav,3.045034,0.465422,0.461887,0.152846,0.151685,2.531473,0.923481,0.299968
H3_512C_pruned30_Physical_pruning,61-70970-0011.wav,generated_audios/generated_H3_512C_pruned30/61-70970-0011_generated.wav,6.075011,0.941703,0.937979,0.155013,0.1544,2.254608,0.913538,0.305563
H3_512C_pruned30_Physical_pruning,61-70970-0012.wav,generated_audios/generated_H3_512C_pruned30/61-70970-0012_generated.wav,3.135011,0.478964,0.475756,0.152779,0.151756,2.340892,0.948038,0.301076
H3_512C_pruned30_Physical_pruning,61-70970-0013.wav,generated_audios/generated_H3_512C_pruned30/61-70970-0013_generated.wav,4.350023,1.138676,1.13506,0.261763,0.260932,2.167229,0.94048,0.308606
H3_512C_pruned30_Physical_pruning,61-70970-0014.wav,generated_audios/generated_H3_512C_pruned30/61-70970-0014_generated.wav,3.405034,0.486037,0.482405,0.142741,0.141674,2.264481,0.954997,0.30791
H3_512C_pruned30_Physical_pruning,61-70970-0015.wav,generated_audios/generated_H3_512C_pruned30/61-70970-0015_generated.wav,8.415011,2.343202,2.33923,0.278455,0.277983,2.24332,0.942374,0.312572
H3_512C_pruned30_Physical_pruning,61-70970-0016.wav,generated_audios/generated_H3_512C_pruned30/61-70970-0016_generated.wav,4.370023,1.121429,1.117782,0.256619,0.255784,2.328665,0.949278,0.316642
H3_512C_pruned30_Physical_pruning,61-70970-0017.wav,generated_audios/generated_H3_512C_pruned30/61-70970-0017_generated.wav,2.550023,0.37799,0.374589,0.14823,0.146896,2.231022,0.931469,0.320926
H3_512C_pruned30_Physical_pruning,61-70970-0018.wav,generated_audios/generated_H3_512C_pruned30/61-70970-0018_generated.wav,4.6,1.175475,1.171579,0.255538,0.254691,2.361288,0.932104,0.31677
H3_512C_pruned30_Physical_pruning,61-70970-0019.wav,generated_audios/generated_H3_512C_pruned30/61-70970-0019_generated.wav,3.78,1.017553,1.014162,0.269194,0.268297,2.394882,0.939861,0.308508
H3_512C_pruned30_Physical_pruning,61-70970-0020.wav,generated_audios/generated_H3_512C_pruned30/61-70970-0020_generated.wav,5.025034,0.748184,0.744084,0.148891,0.148075,2.379531,0.921221,0.318483
H3_512C_pruned30_Physical_pruning,61-70970-0021.wav,generated_audios/generated_H3_512C_pruned30/61-70970-0021_generated.wav,5.405034,1.382264,1.378577,0.255736,0.255054,2.203549,0.928579,0.307008
H3_512C_pruned30_Physical_pruning,61-70970-0022.wav,generated_audios/generated_H3_512C_pruned30/61-70970-0022_generated.wav,3.970023,0.599451,0.595895,0.150994,0.150099,2.27556,0.929998,0.305318
H3_512C_pruned30_Physical_pruning,61-70970-0023.wav,generated_audios/generated_H3_512C_pruned30/61-70970-0023_generated.wav,3.705034,0.557988,0.554476,0.150603,0.149655,2.202681,0.947109,0.318733
H3_512C_pruned30_Physical_pruning,61-70970-0024.wav,generated_audios/generated_H3_512C_pruned30/61-70970-0024_generated.wav,7.235011,1.924587,1.920735,0.26601,0.265478,2.358915,0.948894,0.308749
H3_512C_pruned30_Physical_pruning,61-70970-0025.wav,generated_audios/generated_H3_512C_pruned30/61-70970-0025_generated.wav,7.435011,2.03462,2.030619,0.273654,0.273116,2.558286,0.954691,0.299017
H3_512C_pruned30_Physical_pruning,61-70970-0026.wav,generated_audios/generated_H3_512C_pruned30/61-70970-0026_generated.wav,5.475011,0.832499,0.828908,0.152054,0.151398,2.545244,0.935299,0.307098
H3_512C_pruned30_Physical_pruning,61-70970-0027.wav,generated_audios/generated_H3_512C_pruned30/61-70970-0027_generated.wav,5.08,0.767044,0.763083,0.150993,0.150213,2.287703,0.945094,0.304832
H3_512C_pruned30_Physical_pruning,61-70970-0028.wav,generated_audios/generated_H3_512C_pruned30/61-70970-0028_generated.wav,6.550023,1.009878,1.006123,0.154179,0.153606,2.72422,0.953323,0.296733
H3_512C_pruned30_Physical_pruning,61-70970-0029.wav,generated_audios/generated_H3_512C_pruned30/61-70970-0029_generated.wav,4.030023,0.60715,0.603714,0.150657,0.149804,2.688745,0.935564,0.302865
H3_512C_pruned30_Physical_pruning,61-70970-0030.wav,generated_audios/generated_H3_512C_pruned30/61-70970-0030_generated.wav,3.24,0.500462,0.497314,0.154463,0.153492,2.19802,0.928654,0.32742
H3_512C_pruned30_Physical_pruning,61-70970-0031.wav,generated_audios/generated_H3_512C_pruned30/61-70970-0031_generated.wav,5.135011,1.337671,1.333824,0.2605,0.259751,1.857494,0.93516,0.313519
H3_512C_pruned30_Physical_pruning,61-70970-0032.wav,generated_audios/generated_H3_512C_pruned30/61-70970-0032_generated.wav,3.135011,0.474572,0.471127,0.151378,0.150279,2.108243,0.936945,0.308303
H3_512C_pruned30_Physical_pruning,61-70970-0033.wav,generated_audios/generated_H3_512C_pruned30/61-70970-0033_generated.wav,3.42,0.866327,0.863005,0.253312,0.252341,2.018003,0.945984,0.318146
H3_512C_pruned30_Physical_pruning,61-70970-0034.wav,generated_audios/generated_H3_512C_pruned30/61-70970-0034_generated.wav,4.485034,0.669063,0.665306,0.149177,0.148339,2.035563,0.920677,0.313898
H3_512C_pruned30_Physical_pruning,61-70970-0035.wav,generated_audios/generated_H3_512C_pruned30/61-70970-0035_generated.wav,7.405034,1.152063,1.148107,0.155578,0.155044,2.26271,0.943014,0.309115
H3_512C_pruned30_Physical_pruning,61-70970-0036.wav,generated_audios/generated_H3_512C_pruned30/61-70970-0036_generated.wav,6.785034,1.034815,1.031098,0.152514,0.151966,2.254385,0.934179,0.30658
H3_512C_pruned30_Physical_pruning,61-70970-0037.wav,generated_audios/generated_H3_512C_pruned30/61-70970-0037_generated.wav,5.98,1.548424,1.544921,0.258934,0.258348,2.376622,0.937918,0.31119
H3_512C_pruned30_Physical_pruning,61-70970-0038.wav,generated_audios/generated_H3_512C_pruned30/61-70970-0038_generated.wav,10.4,2.794372,2.78988,0.26869,0.268258,2.353066,0.943431,0.304321
H3_512C_pruned30_Physical_pruning,61-70970-0039.wav,generated_audios/generated_H3_512C_pruned30/61-70970-0039_generated.wav,6.665034,1.019465,1.015872,0.152957,0.152418,2.100308,0.922286,0.313175
H3_512C_pruned30_Physical_pruning,61-70970-0040.wav,generated_audios/generated_H3_512C_pruned30/61-70970-0040_generated.wav,4.165034,0.624013,0.620562,0.149822,0.148993,2.194802,0.945297,0.305617
H3_512C_pruned30_Physical_pruning,672-122797-0000.wav,generated_audios/generated_H3_512C_pruned30/672-122797-0000_generated.wav,4.070023,1.071071,1.067629,0.263161,0.262315,2.635159,0.954391,0.314773
H3_512C_pruned30_Physical_pruning,672-122797-0001.wav,generated_audios/generated_H3_512C_pruned30/672-122797-0001_generated.wav,15.130023,5.039055,5.034568,0.33305,0.332753,2.518139,0.948944,0.314249
H3_512C_pruned30_Physical_pruning,672-122797-0002.wav,generated_audios/generated_H3_512C_pruned30/672-122797-0002_generated.wav,13.62,4.546399,4.542045,0.333803,0.333483,2.737676,0.947618,0.310793
H3_512C_pruned30_Physical_pruning,672-122797-0003.wav,generated_audios/generated_H3_512C_pruned30/672-122797-0003_generated.wav,4.76,1.244796,1.241055,0.261512,0.260726,2.313846,0.924643,0.314947
H3_512C_pruned30_Physical_pruning,672-122797-0004.wav,generated_audios/generated_H3_512C_pruned30/672-122797-0004_generated.wav,10.250023,2.732471,2.72835,0.266582,0.26618,2.404294,0.922342,0.326715
H3_512C_pruned30_Physical_pruning,672-122797-0005.wav,generated_audios/generated_H3_512C_pruned30/672-122797-0005_generated.wav,3.26,0.883797,0.880534,0.271103,0.270102,2.731477,0.894615,0.313781
H3_512C_pruned30_Physical_pruning,672-122797-0006.wav,generated_audios/generated_H3_512C_pruned30/672-122797-0006_generated.wav,13.950023,4.677349,4.673435,0.335293,0.335013,2.383371,0.878344,0.345335
H3_512C_pruned30_Physical_pruning,672-122797-0007.wav,generated_audios/generated_H3_512C_pruned30/672-122797-0007_generated.wav,6.42,1.621791,1.61809,0.252615,0.252039,2.635163,0.890481,0.320784
H3_512C_pruned30_Physical_pruning,672-122797-0008.wav,generated_audios/generated_H3_512C_pruned30/672-122797-0008_generated.wav,30.810023,11.444529,11.438316,0.371455,0.371253,2.524871,0.900039,0.318948
H3_512C_pruned30_Physical_pruning,672-122797-0009.wav,generated_audios/generated_H3_512C_pruned30/672-122797-0009_generated.wav,2.765034,0.421402,0.419451,0.152404,0.151698,2.300545,0.869811,0.380341
H3_512C_pruned30_Physical_pruning,672-122797-0010.wav,generated_audios/generated_H3_512C_pruned30/672-122797-0010_generated.wav,3.815011,0.583723,0.580179,0.153007,0.152078,2.612841,0.927572,0.339976
H3_512C_pruned30_Physical_pruning,672-122797-0011.wav,generated_audios/generated_H3_512C_pruned30/672-122797-0011_generated.wav,2.54,0.668001,0.664735,0.262993,0.261707,2.361135,0.90906,0.363401
H3_512C_pruned30_Physical_pruning,672-122797-0012.wav,generated_audios/generated_H3_512C_pruned30/672-122797-0012_generated.wav,7.765034,2.084475,2.080586,0.268444,0.267943,2.286996,0.91415,0.334154
H3_512C_pruned30_Physical_pruning,672-122797-0013.wav,generated_audios/generated_H3_512C_pruned30/672-122797-0013_generated.wav,8.705034,2.30687,2.302802,0.265004,0.264537,2.310017,0.883029,0.333693
H3_512C_pruned30_Physical_pruning,672-122797-0014.wav,generated_audios/generated_H3_512C_pruned30/672-122797-0014_generated.wav,2.555011,0.379373,0.376218,0.148482,0.147247,2.262535,0.906771,0.34914
H3_512C_pruned30_Physical_pruning,672-122797-0015.wav,generated_audios/generated_H3_512C_pruned30/672-122797-0015_generated.wav,4.455011,0.6569,0.65397,0.147452,0.146794,2.351851,0.906776,0.366824
H3_512C_pruned30_Physical_pruning,672-122797-0016.wav,generated_audios/generated_H3_512C_pruned30/672-122797-0016_generated.wav,9.215011,2.432028,2.428019,0.26392,0.263485,2.396119,0.893097,0.342914
H3_512C_pruned30_Physical_pruning,672-122797-0017.wav,generated_audios/generated_H3_512C_pruned30/672-122797-0017_generated.wav,4.82,1.224227,1.220723,0.253989,0.253262,2.453506,0.90647,0.360061
H3_512C_pruned30_Physical_pruning,672-122797-0018.wav,generated_audios/generated_H3_512C_pruned30/672-122797-0018_generated.wav,4.930023,1.269668,1.266143,0.257538,0.256823,2.608151,0.925114,0.32507
H3_512C_pruned30_Physical_pruning,672-122797-0019.wav,generated_audios/generated_H3_512C_pruned30/672-122797-0019_generated.wav,4.110023,1.045665,1.042173,0.254418,0.253569,2.64025,0.894724,0.353609
H3_512C_pruned30_Physical_pruning,672-122797-0020.wav,generated_audios/generated_H3_512C_pruned30/672-122797-0020_generated.wav,8.825034,2.337844,2.33401,0.264911,0.264476,2.4028,0.895646,0.320906
H3_512C_pruned30_Physical_pruning,672-122797-0021.wav,generated_audios/generated_H3_512C_pruned30/672-122797-0021_generated.wav,4.150023,0.630105,0.626662,0.151832,0.151002,2.234475,0.946527,0.311971
H3_512C_pruned30_Physical_pruning,672-122797-0022.wav,generated_audios/generated_H3_512C_pruned30/672-122797-0022_generated.wav,19.004943,5.723697,5.718147,0.301169,0.300877,2.544544,0.897417,0.319741
H3_512C_pruned30_Physical_pruning,672-122797-0023.wav,generated_audios/generated_H3_512C_pruned30/672-122797-0023_generated.wav,9.695102,2.560314,2.556141,0.264083,0.263653,2.517933,0.913523,0.316511
H3_512C_pruned30_Physical_pruning,672-122797-0024.wav,generated_audios/generated_H3_512C_pruned30/672-122797-0024_generated.wav,4.130023,1.094686,1.091095,0.265056,0.264186,2.251192,0.871655,0.317074
H3_512C_pruned30_Physical_pruning,672-122797-0025.wav,generated_audios/generated_H3_512C_pruned30/672-122797-0025_generated.wav,10.690023,2.826952,2.822913,0.264448,0.26407,2.431785,0.937575,0.320365
H3_512C_pruned30_Physical_pruning,672-122797-0026.wav,generated_audios/generated_H3_512C_pruned30/672-122797-0026_generated.wav,13.96,3.88476,3.880533,0.278278,0.277975,2.528297,0.90806,0.320951
H3_512C_pruned30_Physical_pruning,672-122797-0027.wav,generated_audios/generated_H3_512C_pruned30/672-122797-0027_generated.wav,4.790023,0.710997,0.707715,0.148433,0.147748,2.501711,0.879304,0.310637
H3_512C_pruned30_Physical_pruning,672-122797-0028.wav,generated_audios/generated_H3_512C_pruned30/672-122797-0028_generated.wav,2.610023,0.394672,0.39149,0.151214,0.149995,2.898487,0.935227,0.31954
H3_512C_pruned30_Physical_pruning,672-122797-0029.wav,generated_audios/generated_H3_512C_pruned30/672-122797-0029_generated.wav,3.050023,0.470269,0.467231,0.154186,0.15319,3.169694,0.954304,0.332135
H3_512C_pruned30_Physical_pruning,672-122797-0030.wav,generated_audios/generated_H3_512C_pruned30/672-122797-0030_generated.wav,4.575011,1.16622,1.162788,0.254911,0.254161,2.48955,0.937043,0.345308
H3_512C_pruned30_Physical_pruning,672-122797-0031.wav,generated_audios/generated_H3_512C_pruned30/672-122797-0031_generated.wav,3.98,0.607019,0.603734,0.152517,0.151692,2.77283,0.908883,0.339655
H3_512C_pruned30_Physical_pruning,672-122797-0032.wav,generated_audios/generated_H3_512C_pruned30/672-122797-0032_generated.wav,4.0,0.603281,0.599902,0.15082,0.149975,2.382076,0.901767,0.32159
H3_512C_pruned30_Physical_pruning,672-122797-0033.wav,generated_audios/generated_H3_512C_pruned30/672-122797-0033_generated.wav,1.285034,0.356416,0.353626,0.277359,0.275188,2.656141,0.885227,0.349106
H3_512C_pruned30_Physical_pruning,672-122797-0034.wav,generated_audios/generated_H3_512C_pruned30/672-122797-0034_generated.wav,5.110023,0.776202,0.772903,0.151898,0.151252,2.383396,0.944178,0.329665
H3_512C_pruned30_Physical_pruning,672-122797-0035.wav,generated_audios/generated_H3_512C_pruned30/672-122797-0035_generated.wav,2.9,0.444372,0.44101,0.153232,0.152072,2.786214,0.947335,0.32504
H3_512C_pruned30_Physical_pruning,672-122797-0036.wav,generated_audios/generated_H3_512C_pruned30/672-122797-0036_generated.wav,5.365034,0.819153,0.816005,0.152684,0.152097,2.563415,0.884434,0.348287
H3_512C_pruned30_Physical_pruning,672-122797-0037.wav,generated_audios/generated_H3_512C_pruned30/672-122797-0037_generated.wav,1.96,0.486464,0.483159,0.248196,0.24651,2.289026,0.874656,0.371123
H3_512C_pruned30_Physical_pruning,672-122797-0038.wav,generated_audios/generated_H3_512C_pruned30/672-122797-0038_generated.wav,8.8,2.316556,2.312822,0.263245,0.262821,2.502415,0.910805,0.315473
H3_512C_pruned30_Physical_pruning,672-122797-0039.wav,generated_audios/generated_H3_512C_pruned30/672-122797-0039_generated.wav,4.025034,1.050312,1.047141,0.260945,0.260157,2.514998,0.925337,0.327938
H3_512C_pruned30_Physical_pruning,672-122797-0040.wav,generated_audios/generated_H3_512C_pruned30/672-122797-0040_generated.wav,5.125034,0.788135,0.784348,0.153781,0.153043,2.424723,0.907731,0.322095
H3_512C_pruned30_Physical_pruning,672-122797-0041.wav,generated_audios/generated_H3_512C_pruned30/672-122797-0041_generated.wav,3.88,0.588048,0.584865,0.151559,0.150738,2.717616,0.927891,0.323249
H3_512C_pruned30_Physical_pruning,672-122797-0042.wav,generated_audios/generated_H3_512C_pruned30/672-122797-0042_generated.wav,15.310023,4.287514,4.282672,0.280046,0.27973,2.692307,0.825244,0.313822
H3_512C_pruned30_Physical_pruning,672-122797-0043.wav,generated_audios/generated_H3_512C_pruned30/672-122797-0043_generated.wav,3.78,0.574229,0.571202,0.151912,0.151112,2.627319,0.872793,0.347583
H3_512C_pruned30_Physical_pruning,672-122797-0044.wav,generated_audios/generated_H3_512C_pruned30/672-122797-0044_generated.wav,3.74,0.567361,0.564349,0.151701,0.150895,2.720853,0.896219,0.32538
H3_512C_pruned30_Physical_pruning,672-122797-0045.wav,generated_audios/generated_H3_512C_pruned30/672-122797-0045_generated.wav,13.96,2.395453,2.391673,0.171594,0.171323,2.616237,0.940768,0.317329
H3_512C_pruned30_Physical_pruning,672-122797-0046.wav,generated_audios/generated_H3_512C_pruned30/672-122797-0046_generated.wav,4.715011,1.235838,1.232657,0.262107,0.261433,2.720388,0.917809,0.334597
H3_512C_pruned30_Physical_pruning,672-122797-0047.wav,generated_audios/generated_H3_512C_pruned30/672-122797-0047_generated.wav,3.325034,0.875227,0.87193,0.263223,0.262232,2.568847,0.889365,0.359341
H3_512C_pruned30_Physical_pruning,672-122797-0048.wav,generated_audios/generated_H3_512C_pruned30/672-122797-0048_generated.wav,6.555011,1.022721,1.019367,0.156021,0.15551,2.52563,0.854932,0.323993
H3_512C_pruned30_Physical_pruning,672-122797-0049.wav,generated_audios/generated_H3_512C_pruned30/672-122797-0049_generated.wav,2.02,0.309642,0.306784,0.153288,0.151873,2.470408,0.846975,0.344552
H3_512C_pruned30_Physical_pruning,672-122797-0050.wav,generated_audios/generated_H3_512C_pruned30/672-122797-0050_generated.wav,4.855011,1.265561,1.262129,0.260671,0.259964,2.212122,0.915551,0.325232
H3_512C_pruned30_Physical_pruning,672-122797-0051.wav,generated_audios/generated_H3_512C_pruned30/672-122797-0051_generated.wav,4.665034,1.198264,1.194816,0.256861,0.256122,2.379844,0.907757,0.334277
H3_512C_pruned30_Physical_pruning,672-122797-0052.wav,generated_audios/generated_H3_512C_pruned30/672-122797-0052_generated.wav,4.285034,1.0675,1.064031,0.249123,0.248313,2.171415,0.919159,0.344864
H3_512C_pruned30_Physical_pruning,672-122797-0053.wav,generated_audios/generated_H3_512C_pruned30/672-122797-0053_generated.wav,2.955011,0.459304,0.456257,0.155432,0.154401,2.385325,0.910831,0.320915
H3_512C_pruned30_Physical_pruning,672-122797-0054.wav,generated_audios/generated_H3_512C_pruned30/672-122797-0054_generated.wav,4.250023,0.638853,0.635515,0.150318,0.149532,2.417128,0.889189,0.32332
H3_512C_pruned30_Physical_pruning,672-122797-0055.wav,generated_audios/generated_H3_512C_pruned30/672-122797-0055_generated.wav,8.230023,2.143631,2.140244,0.260465,0.260053,2.702776,0.89459,0.315585
H3_512C_pruned30_Physical_pruning,672-122797-0056.wav,generated_audios/generated_H3_512C_pruned30/672-122797-0056_generated.wav,5.225034,0.801541,0.798235,0.153404,0.152771,2.788092,0.930541,0.317358
H3_512C_pruned30_Physical_pruning,672-122797-0057.wav,generated_audios/generated_H3_512C_pruned30/672-122797-0057_generated.wav,6.56,1.003201,0.999787,0.152927,0.152407,2.424246,0.870106,0.337327
H3_512C_pruned30_Physical_pruning,672-122797-0058.wav,generated_audios/generated_H3_512C_pruned30/672-122797-0058_generated.wav,4.470023,1.169766,1.166301,0.261691,0.260916,2.275727,0.878799,0.352396
H3_512C_pruned30_Physical_pruning,672-122797-0059.wav,generated_audios/generated_H3_512C_pruned30/672-122797-0059_generated.wav,3.52,0.891145,0.888143,0.253166,0.252313,2.517107,0.921996,0.325714
H3_512C_pruned30_Physical_pruning,672-122797-0060.wav,generated_audios/generated_H3_512C_pruned30/672-122797-0060_generated.wav,3.350023,0.504321,0.500873,0.150542,0.149513,2.848922,0.957944,0.321033
H3_512C_pruned30_Physical_pruning,672-122797-0061.wav,generated_audios/generated_H3_512C_pruned30/672-122797-0061_generated.wav,7.590023,1.994778,1.991161,0.262816,0.262339,2.679506,0.926475,0.348214
H3_512C_pruned30_Physical_pruning,672-122797-0062.wav,generated_audios/generated_H3_512C_pruned30/672-122797-0062_generated.wav,2.675011,0.699288,0.696023,0.261415,0.260194,2.229073,0.825034,0.330698
H3_512C_pruned30_Physical_pruning,672-122797-0063.wav,generated_audios/generated_H3_512C_pruned30/672-122797-0063_generated.wav,5.075011,0.778333,0.774745,0.153366,0.152659,2.858696,0.935422,0.320262
H3_512C_pruned30_Physical_pruning,672-122797-0064.wav,generated_audios/generated_H3_512C_pruned30/672-122797-0064_generated.wav,15.270023,4.279681,4.275345,0.280267,0.279983,2.578711,0.899168,0.325614
H3_512C_pruned30_Physical_pruning,672-122797-0065.wav,generated_audios/generated_H3_512C_pruned30/672-122797-0065_generated.wav,3.030023,0.460551,0.45759,0.151996,0.151019,2.454841,0.898724,0.327917
H3_512C_pruned30_Physical_pruning,672-122797-0066.wav,generated_audios/generated_H3_512C_pruned30/672-122797-0066_generated.wav,4.815011,0.733308,0.729662,0.152296,0.151539,2.575967,0.952014,0.317131
H3_512C_pruned30_Physical_pruning,672-122797-0067.wav,generated_audios/generated_H3_512C_pruned30/672-122797-0067_generated.wav,13.035011,3.457553,3.453846,0.265251,0.264967,2.606761,0.943031,0.316344
H3_512C_pruned30_Physical_pruning,672-122797-0068.wav,generated_audios/generated_H3_512C_pruned30/672-122797-0068_generated.wav,4.02,0.624429,0.62101,0.155331,0.15448,2.152241,0.899494,0.320772
H3_512C_pruned30_Physical_pruning,672-122797-0069.wav,generated_audios/generated_H3_512C_pruned30/672-122797-0069_generated.wav,5.010023,1.321569,1.317917,0.263785,0.263056,2.636436,0.883432,0.319977
H3_512C_pruned30_Physical_pruning,672-122797-0070.wav,generated_audios/generated_H3_512C_pruned30/672-122797-0070_generated.wav,6.270023,1.61653,1.613173,0.257819,0.257283,2.53632,0.948958,0.321285
H3_512C_pruned30_Physical_pruning,672-122797-0071.wav,generated_audios/generated_H3_512C_pruned30/672-122797-0071_generated.wav,8.875011,2.357047,2.353052,0.265582,0.265132,2.724853,0.955961,0.312425
H3_512C_pruned30_Physical_pruning,672-122797-0072.wav,generated_audios/generated_H3_512C_pruned30/672-122797-0072_generated.wav,7.94,2.073195,2.069366,0.261108,0.260625,2.717328,0.905483,0.318005
H3_512C_pruned30_Physical_pruning,672-122797-0073.wav,generated_audios/generated_H3_512C_pruned30/672-122797-0073_generated.wav,8.205034,2.153377,2.14974,0.262446,0.262003,2.84875,0.93385,0.319395
H3_512C_pruned30_Physical_pruning,672-122797-0074.wav,generated_audios/generated_H3_512C_pruned30/672-122797-0074_generated.wav,8.730023,2.291259,2.287162,0.262457,0.261988,2.830337,0.822828,0.321511
H3_512C_pruned30_Physical_pruning,908-157963-0000.wav,generated_audios/generated_H3_512C_pruned30/908-157963-0000_generated.wav,12.62,3.324564,3.320293,0.263436,0.263098,2.31047,0.926253,0.321599
H3_512C_pruned30_Physical_pruning,908-157963-0001.wav,generated_audios/generated_H3_512C_pruned30/908-157963-0001_generated.wav,2.885034,0.77212,0.768788,0.267629,0.266474,2.212063,0.951471,0.330646
H3_512C_pruned30_Physical_pruning,908-157963-0002.wav,generated_audios/generated_H3_512C_pruned30/908-157963-0002_generated.wav,2.755011,0.692754,0.689448,0.251452,0.250252,2.40047,0.946694,0.320882
H3_512C_pruned30_Physical_pruning,908-157963-0003.wav,generated_audios/generated_H3_512C_pruned30/908-157963-0003_generated.wav,3.08,0.798292,0.794774,0.259186,0.258043,2.380832,0.954507,0.326938
H3_512C_pruned30_Physical_pruning,908-157963-0004.wav,generated_audios/generated_H3_512C_pruned30/908-157963-0004_generated.wav,13.990023,3.906191,3.902097,0.279213,0.27892,2.459293,0.925603,0.317939
H3_512C_pruned30_Physical_pruning,908-157963-0005.wav,generated_audios/generated_H3_512C_pruned30/908-157963-0005_generated.wav,7.035011,1.840439,1.837067,0.261611,0.261132,2.417775,0.924155,0.321325
H3_512C_pruned30_Physical_pruning,908-157963-0006.wav,generated_audios/generated_H3_512C_pruned30/908-157963-0006_generated.wav,8.110023,2.1569,2.152947,0.265955,0.265467,2.310004,0.927026,0.318639
H3_512C_pruned30_Physical_pruning,908-157963-0007.wav,generated_audios/generated_H3_512C_pruned30/908-157963-0007_generated.wav,32.770023,12.212936,12.206145,0.372686,0.372479,2.308518,0.929884,0.317569
H3_512C_pruned30_Physical_pruning,908-157963-0008.wav,generated_audios/generated_H3_512C_pruned30/908-157963-0008_generated.wav,19.950023,6.112483,6.107959,0.30639,0.306163,2.44477,0.93597,0.314531
H3_512C_pruned30_Physical_pruning,908-157963-0009.wav,generated_audios/generated_H3_512C_pruned30/908-157963-0009_generated.wav,4.06,1.05559,1.05259,0.259997,0.259258,2.437984,0.943362,0.314807
H3_512C_pruned30_Physical_pruning,908-157963-0010.wav,generated_audios/generated_H3_512C_pruned30/908-157963-0010_generated.wav,6.28,0.960495,0.956896,0.152945,0.152372,2.40376,0.892569,0.316896
H3_512C_pruned30_Physical_pruning,908-157963-0011.wav,generated_audios/generated_H3_512C_pruned30/908-157963-0011_generated.wav,10.395011,1.637339,1.633337,0.157512,0.157127,2.230648,0.9258,0.320188
H3_512C_pruned30_Physical_pruning,908-157963-0012.wav,generated_audios/generated_H3_512C_pruned30/908-157963-0012_generated.wav,10.090023,2.672577,2.66841,0.264873,0.26446,2.124964,0.89874,0.315223
H3_512C_pruned30_Physical_pruning,908-157963-0013.wav,generated_audios/generated_H3_512C_pruned30/908-157963-0013_generated.wav,4.315011,0.648224,0.644756,0.150225,0.149422,2.066465,0.939103,0.328845
H3_512C_pruned30_Physical_pruning,908-157963-0014.wav,generated_audios/generated_H3_512C_pruned30/908-157963-0014_generated.wav,4.52,0.667015,0.663273,0.14757,0.146742,2.477363,0.938157,0.318399
H3_512C_pruned30_Physical_pruning,908-157963-0015.wav,generated_audios/generated_H3_512C_pruned30/908-157963-0015_generated.wav,14.465034,4.129221,4.124341,0.285462,0.285125,2.473744,0.944372,0.32186
H3_512C_pruned30_Physical_pruning,908-157963-0016.wav,generated_audios/generated_H3_512C_pruned30/908-157963-0016_generated.wav,5.105034,0.767994,0.764631,0.150439,0.14978,2.510263,0.951244,0.314735
H3_512C_pruned30_Physical_pruning,908-157963-0017.wav,generated_audios/generated_H3_512C_pruned30/908-157963-0017_generated.wav,4.950023,1.24694,1.243195,0.251906,0.251149,2.518248,0.944928,0.326488
H3_512C_pruned30_Physical_pruning,908-157963-0018.wav,generated_audios/generated_H3_512C_pruned30/908-157963-0018_generated.wav,4.255011,0.649305,0.646119,0.152598,0.151849,2.447259,0.929846,0.316488
H3_512C_pruned30_Physical_pruning,908-157963-0019.wav,generated_audios/generated_H3_512C_pruned30/908-157963-0019_generated.wav,21.44,6.80014,6.794545,0.317171,0.31691,2.322944,0.937342,0.32186
H3_512C_pruned30_Physical_pruning,908-157963-0020.wav,generated_audios/generated_H3_512C_pruned30/908-157963-0020_generated.wav,9.8,2.623687,2.619637,0.267723,0.26731,2.447263,0.934211,0.324164
H3_512C_pruned30_Physical_pruning,908-157963-0021.wav,generated_audios/generated_H3_512C_pruned30/908-157963-0021_generated.wav,10.24,1.658928,1.654807,0.162005,0.161602,2.466825,0.936552,0.313117
H3_512C_pruned30_Physical_pruning,908-157963-0022.wav,generated_audios/generated_H3_512C_pruned30/908-157963-0022_generated.wav,4.610023,1.22566,1.222495,0.265869,0.265182,2.201606,0.935131,0.318255
H3_512C_pruned30_Physical_pruning,908-157963-0023.wav,generated_audios/generated_H3_512C_pruned30/908-157963-0023_generated.wav,9.625034,2.583929,2.579794,0.268459,0.26803,2.403534,0.919678,0.314886
H3_512C_pruned30_Physical_pruning,908-157963-0024.wav,generated_audios/generated_H3_512C_pruned30/908-157963-0024_generated.wav,3.44,0.895765,0.892348,0.260397,0.259403,2.071245,0.925819,0.319506
H3_512C_pruned30_Physical_pruning,908-157963-0025.wav,generated_audios/generated_H3_512C_pruned30/908-157963-0025_generated.wav,9.265034,2.476391,2.472095,0.267283,0.26682,2.246335,0.929578,0.321165
H3_512C_pruned30_Physical_pruning,908-157963-0026.wav,generated_audios/generated_H3_512C_pruned30/908-157963-0026_generated.wav,8.1,2.181411,2.177717,0.26931,0.268854,2.407424,0.929182,0.31298
H3_512C_pruned30_Physical_pruning,908-157963-0027.wav,generated_audios/generated_H3_512C_pruned30/908-157963-0027_generated.wav,5.225034,0.782504,0.77932,0.149761,0.149151,2.19637,0.896828,0.319908
H3_512C_pruned30_Physical_pruning,908-157963-0028.wav,generated_audios/generated_H3_512C_pruned30/908-157963-0028_generated.wav,4.955011,0.749017,0.745552,0.151163,0.150464,2.365072,0.950445,0.313726
H3_512C_pruned30_Physical_pruning,908-157963-0029.wav,generated_audios/generated_H3_512C_pruned30/908-157963-0029_generated.wav,3.630023,0.919896,0.916431,0.253413,0.252459,2.340934,0.961248,0.317511
H3_512C_pruned30_Physical_pruning,908-157963-0030.wav,generated_audios/generated_H3_512C_pruned30/908-157963-0030_generated.wav,4.52,0.682392,0.679022,0.150972,0.150226,2.326775,0.95274,0.321126
H3_512C_pruned30_Physical_pruning,908-31957-0000.wav,generated_audios/generated_H3_512C_pruned30/908-31957-0000_generated.wav,2.125034,0.531981,0.528811,0.25034,0.248848,2.519805,0.93288,0.334011
H3_512C_pruned30_Physical_pruning,908-31957-0001.wav,generated_audios/generated_H3_512C_pruned30/908-31957-0001_generated.wav,11.315011,3.068595,3.064617,0.271197,0.270845,2.267197,0.931752,0.329443
H3_512C_pruned30_Physical_pruning,908-31957-0002.wav,generated_audios/generated_H3_512C_pruned30/908-31957-0002_generated.wav,4.790023,0.722353,0.719123,0.150804,0.150129,1.940767,0.922709,0.327271
H3_512C_pruned30_Physical_pruning,908-31957-0003.wav,generated_audios/generated_H3_512C_pruned30/908-31957-0003_generated.wav,6.565034,1.004497,1.001067,0.153007,0.152485,2.224544,0.943296,0.323259
H3_512C_pruned30_Physical_pruning,908-31957-0004.wav,generated_audios/generated_H3_512C_pruned30/908-31957-0004_generated.wav,14.755011,4.545026,4.540715,0.308033,0.307741,2.441971,0.944789,0.329235
H3_512C_pruned30_Physical_pruning,908-31957-0005.wav,generated_audios/generated_H3_512C_pruned30/908-31957-0005_generated.wav,4.490023,0.683451,0.680082,0.152215,0.151465,2.615505,0.940629,0.326116
H3_512C_pruned30_Physical_pruning,908-31957-0006.wav,generated_audios/generated_H3_512C_pruned30/908-31957-0006_generated.wav,5.890023,1.524126,1.520905,0.258764,0.258217,2.463066,0.938972,0.326968
H3_512C_pruned30_Physical_pruning,908-31957-0007.wav,generated_audios/generated_H3_512C_pruned30/908-31957-0007_generated.wav,5.8,0.891909,0.888558,0.153777,0.1532,2.47108,0.946399,0.325137
H3_512C_pruned30_Physical_pruning,908-31957-0008.wav,generated_audios/generated_H3_512C_pruned30/908-31957-0008_generated.wav,10.005034,2.667285,2.663347,0.266594,0.266201,2.355187,0.93708,0.331766
H3_512C_pruned30_Physical_pruning,908-31957-0009.wav,generated_audios/generated_H3_512C_pruned30/908-31957-0009_generated.wav,7.705034,2.048252,2.044611,0.265833,0.26536,2.184116,0.935006,0.33029
H3_512C_pruned30_Physical_pruning,908-31957-0010.wav,generated_audios/generated_H3_512C_pruned30/908-31957-0010_generated.wav,2.510023,0.611446,0.608218,0.243602,0.242316,2.465919,0.881104,0.323241
H3_512C_pruned30_Physical_pruning,908-31957-0011.wav,generated_audios/generated_H3_512C_pruned30/908-31957-0011_generated.wav,2.335011,0.353369,0.350176,0.151335,0.149968,2.514578,0.924723,0.320775
H3_512C_pruned30_Physical_pruning,908-31957-0012.wav,generated_audios/generated_H3_512C_pruned30/908-31957-0012_generated.wav,7.615011,2.036992,2.033179,0.267497,0.266996,2.383428,0.938027,0.329214
H3_512C_pruned30_Physical_pruning,908-31957-0013.wav,generated_audios/generated_H3_512C_pruned30/908-31957-0013_generated.wav,6.18,1.652297,1.648402,0.267362,0.266732,2.239639,0.926848,0.327074
H3_512C_pruned30_Physical_pruning,908-31957-0014.wav,generated_audios/generated_H3_512C_pruned30/908-31957-0014_generated.wav,7.56,2.003261,1.999257,0.264982,0.264452,2.220234,0.925404,0.318684
H3_512C_pruned30_Physical_pruning,908-31957-0015.wav,generated_audios/generated_H3_512C_pruned30/908-31957-0015_generated.wav,21.465034,7.931994,7.926565,0.369531,0.369278,2.336191,0.932475,0.32418
H3_512C_pruned30_Physical_pruning,908-31957-0016.wav,generated_audios/generated_H3_512C_pruned30/908-31957-0016_generated.wav,6.48,1.776042,1.772197,0.27408,0.273487,2.689702,0.934275,0.327072
H3_512C_pruned30_Physical_pruning,908-31957-0017.wav,generated_audios/generated_H3_512C_pruned30/908-31957-0017_generated.wav,7.795011,2.079264,2.075366,0.266743,0.266243,2.283599,0.940193,0.325781
H3_512C_pruned30_Physical_pruning,908-31957-0018.wav,generated_audios/generated_H3_512C_pruned30/908-31957-0018_generated.wav,3.915011,1.011284,1.00791,0.258309,0.257447,2.44971,0.923978,0.32214
H3_512C_pruned30_Physical_pruning,908-31957-0019.wav,generated_audios/generated_H3_512C_pruned30/908-31957-0019_generated.wav,9.54,2.629037,2.624645,0.27558,0.27512,2.489559,0.942611,0.323544
H3_512C_pruned30_Physical_pruning,908-31957-0020.wav,generated_audios/generated_H3_512C_pruned30/908-31957-0020_generated.wav,5.895011,0.899879,0.896261,0.152651,0.152037,2.604612,0.934857,0.326624
H3_512C_pruned30_Physical_pruning,908-31957-0021.wav,generated_audios/generated_H3_512C_pruned30/908-31957-0021_generated.wav,10.905034,3.011078,3.007112,0.276118,0.275754,2.379059,0.931281,0.329406
H3_512C_pruned30_Physical_pruning,908-31957-0022.wav,generated_audios/generated_H3_512C_pruned30/908-31957-0022_generated.wav,14.1,4.711792,4.708085,0.33417,0.333907,2.288586,0.935794,0.323433
H3_512C_pruned30_Physical_pruning,908-31957-0023.wav,generated_audios/generated_H3_512C_pruned30/908-31957-0023_generated.wav,8.515011,2.341348,2.337965,0.274967,0.27457,2.428531,0.943948,0.327855
H3_512C_pruned30_Physical_pruning,908-31957-0024.wav,generated_audios/generated_H3_512C_pruned30/908-31957-0024_generated.wav,7.54,2.067493,2.063623,0.274203,0.27369,2.473461,0.947615,0.323388
H3_512C_pruned30_Physical_pruning,908-31957-0025.wav,generated_audios/generated_H3_512C_pruned30/908-31957-0025_generated.wav,20.56,7.656488,7.651294,0.372397,0.372145,2.523135,0.936011,0.324242
H3_512C_pruned50_Physical_pruning,1089-134686-0000.wav,generated_audios/generated_H3_512C_pruned50/1089-134686-0000_generated.wav,10.435011,2.687294,2.681575,0.257527,0.256979,2.386177,0.955666,0.269595
H3_512C_pruned50_Physical_pruning,1089-134686-0001.wav,generated_audios/generated_H3_512C_pruned50/1089-134686-0001_generated.wav,3.275011,0.699895,0.695447,0.213708,0.212349,1.919167,0.951635,0.262559
H3_512C_pruned50_Physical_pruning,1089-134686-0002.wav,generated_audios/generated_H3_512C_pruned50/1089-134686-0002_generated.wav,6.625034,1.449615,1.445933,0.218809,0.218253,2.536495,0.938965,0.265864
H3_512C_pruned50_Physical_pruning,1089-134686-0003.wav,generated_audios/generated_H3_512C_pruned50/1089-134686-0003_generated.wav,2.68,0.59662,0.592939,0.22262,0.221246,2.756948,0.956067,0.29464
H3_512C_pruned50_Physical_pruning,1089-134686-0004.wav,generated_audios/generated_H3_512C_pruned50/1089-134686-0004_generated.wav,5.215102,1.141093,1.137415,0.218805,0.2181,2.443643,0.962312,0.275887
H3_512C_pruned50_Physical_pruning,1089-134686-0005.wav,generated_audios/generated_H3_512C_pruned50/1089-134686-0005_generated.wav,9.635011,2.222969,2.218977,0.230718,0.230304,2.227531,0.931141,0.279225
H3_512C_pruned50_Physical_pruning,1089-134686-0006.wav,generated_audios/generated_H3_512C_pruned50/1089-134686-0006_generated.wav,10.555011,2.527092,2.522183,0.239421,0.238956,2.395737,0.941506,0.275308
H3_512C_pruned50_Physical_pruning,1089-134686-0007.wav,generated_audios/generated_H3_512C_pruned50/1089-134686-0007_generated.wav,4.275011,0.955222,0.951884,0.223443,0.222662,2.494281,0.955221,0.272618
H3_512C_pruned50_Physical_pruning,1089-134686-0008.wav,generated_audios/generated_H3_512C_pruned50/1089-134686-0008_generated.wav,6.730023,1.463582,1.459437,0.217471,0.216855,2.52763,0.950713,0.264203
H3_512C_pruned50_Physical_pruning,1089-134686-0009.wav,generated_audios/generated_H3_512C_pruned50/1089-134686-0009_generated.wav,10.575011,2.366426,2.362683,0.223775,0.223421,2.704535,0.963451,0.271781
H3_512C_pruned50_Physical_pruning,1089-134686-0010.wav,generated_audios/generated_H3_512C_pruned50/1089-134686-0010_generated.wav,4.405034,0.998327,0.995044,0.226633,0.225888,2.919892,0.961658,0.263364
H3_512C_pruned50_Physical_pruning,1089-134686-0011.wav,generated_audios/generated_H3_512C_pruned50/1089-134686-0011_generated.wav,12.445034,2.887388,2.882839,0.232011,0.231646,2.478838,0.94897,0.269034
H3_512C_pruned50_Physical_pruning,1089-134686-0012.wav,generated_audios/generated_H3_512C_pruned50/1089-134686-0012_generated.wav,11.64,2.645082,2.640353,0.227241,0.226834,2.30347,0.952951,0.274157
H3_512C_pruned50_Physical_pruning,1089-134686-0013.wav,generated_audios/generated_H3_512C_pruned50/1089-134686-0013_generated.wav,7.915011,1.779244,1.774962,0.224794,0.224253,2.407562,0.95228,0.271681
H3_512C_pruned50_Physical_pruning,1089-134686-0014.wav,generated_audios/generated_H3_512C_pruned50/1089-134686-0014_generated.wav,2.225034,0.518319,0.515357,0.232949,0.231618,2.532357,0.967471,0.263846
H3_512C_pruned50_Physical_pruning,1089-134686-0015.wav,generated_audios/generated_H3_512C_pruned50/1089-134686-0015_generated.wav,5.815011,1.319106,1.31559,0.226845,0.22624,2.454282,0.955395,0.265888
H3_512C_pruned50_Physical_pruning,1089-134686-0016.wav,generated_audios/generated_H3_512C_pruned50/1089-134686-0016_generated.wav,3.54,0.796163,0.792803,0.224905,0.223956,2.497634,0.951911,0.265612
H3_512C_pruned50_Physical_pruning,1089-134686-0017.wav,generated_audios/generated_H3_512C_pruned50/1089-134686-0017_generated.wav,8.870023,2.124857,2.121187,0.239555,0.239141,2.47758,0.952395,0.26811
H3_512C_pruned50_Physical_pruning,1089-134686-0018.wav,generated_audios/generated_H3_512C_pruned50/1089-134686-0018_generated.wav,15.72,4.875427,4.870396,0.310142,0.309822,2.53922,0.954573,0.268864
H3_512C_pruned50_Physical_pruning,1089-134686-0019.wav,generated_audios/generated_H3_512C_pruned50/1089-134686-0019_generated.wav,13.895011,4.127388,4.123201,0.297041,0.29674,2.542341,0.956142,0.270733
H3_512C_pruned50_Physical_pruning,1089-134686-0020.wav,generated_audios/generated_H3_512C_pruned50/1089-134686-0020_generated.wav,16.790023,5.192425,5.187889,0.309257,0.308986,2.37582,0.948409,0.268517
H3_512C_pruned50_Physical_pruning,1089-134686-0021.wav,generated_audios/generated_H3_512C_pruned50/1089-134686-0021_generated.wav,6.550023,1.492578,1.488722,0.227874,0.227285,2.685156,0.960925,0.266002
H3_512C_pruned50_Physical_pruning,1089-134686-0022.wav,generated_audios/generated_H3_512C_pruned50/1089-134686-0022_generated.wav,11.175011,2.692938,2.688685,0.240979,0.240598,2.546294,0.954444,0.26392
H3_512C_pruned50_Physical_pruning,1089-134686-0023.wav,generated_audios/generated_H3_512C_pruned50/1089-134686-0023_generated.wav,13.275011,3.900362,3.89568,0.293812,0.29346,2.419683,0.951755,0.266309
H3_512C_pruned50_Physical_pruning,1089-134686-0024.wav,generated_audios/generated_H3_512C_pruned50/1089-134686-0024_generated.wav,11.655011,2.851835,2.847768,0.244687,0.244338,2.338829,0.951502,0.268776
H3_512C_pruned50_Physical_pruning,1089-134686-0025.wav,generated_audios/generated_H3_512C_pruned50/1089-134686-0025_generated.wav,6.610023,1.490527,1.486721,0.225495,0.224919,1.528419,0.951637,0.27183
H3_512C_pruned50_Physical_pruning,1089-134686-0026.wav,generated_audios/generated_H3_512C_pruned50/1089-134686-0026_generated.wav,4.010023,0.879318,0.875932,0.21928,0.218436,2.75071,0.953576,0.264283
H3_512C_pruned50_Physical_pruning,1089-134686-0027.wav,generated_audios/generated_H3_512C_pruned50/1089-134686-0027_generated.wav,2.710023,0.607098,0.604025,0.22402,0.222886,2.411464,0.960708,0.263103
H3_512C_pruned50_Physical_pruning,1089-134686-0028.wav,generated_audios/generated_H3_512C_pruned50/1089-134686-0028_generated.wav,7.830023,1.881546,1.877813,0.240299,0.239822,2.424246,0.953806,0.274745
H3_512C_pruned50_Physical_pruning,1089-134686-0029.wav,generated_audios/generated_H3_512C_pruned50/1089-134686-0029_generated.wav,4.670023,1.038408,1.035188,0.222356,0.221667,2.706183,0.942508,0.275809
H3_512C_pruned50_Physical_pruning,1089-134686-0030.wav,generated_audios/generated_H3_512C_pruned50/1089-134686-0030_generated.wav,2.715011,0.320263,0.317062,0.11796,0.116781,2.264257,0.943703,0.27763
H3_512C_pruned50_Physical_pruning,1089-134686-0031.wav,generated_audios/generated_H3_512C_pruned50/1089-134686-0031_generated.wav,6.615011,0.863331,0.85983,0.130511,0.129982,2.701025,0.948305,0.267016
H3_512C_pruned50_Physical_pruning,121-121726-0000.wav,generated_audios/generated_H3_512C_pruned50/121-121726-0000_generated.wav,8.46,2.022318,2.018985,0.239045,0.238651,2.91049,0.957779,0.280464
H3_512C_pruned50_Physical_pruning,121-121726-0001.wav,generated_audios/generated_H3_512C_pruned50/121-121726-0001_generated.wav,5.925034,1.401145,1.39758,0.236479,0.235877,2.858231,0.944874,0.263453
H3_512C_pruned50_Physical_pruning,121-121726-0002.wav,generated_audios/generated_H3_512C_pruned50/121-121726-0002_generated.wav,4.410023,0.593884,0.590304,0.134667,0.133855,2.784267,0.945347,0.287627
H3_512C_pruned50_Physical_pruning,121-121726-0003.wav,generated_audios/generated_H3_512C_pruned50/121-121726-0003_generated.wav,6.755011,1.586278,1.582649,0.23483,0.234293,3.105823,0.963727,0.261019
H3_512C_pruned50_Physical_pruning,121-121726-0004.wav,generated_audios/generated_H3_512C_pruned50/121-121726-0004_generated.wav,4.02,0.930756,0.927364,0.231531,0.230688,2.792682,0.962932,0.267791
H3_512C_pruned50_Physical_pruning,121-121726-0005.wav,generated_audios/generated_H3_512C_pruned50/121-121726-0005_generated.wav,3.1,0.665997,0.662668,0.214838,0.213764,3.508795,0.974361,0.24388
H3_512C_pruned50_Physical_pruning,121-121726-0006.wav,generated_audios/generated_H3_512C_pruned50/121-121726-0006_generated.wav,3.895011,0.902276,0.899115,0.231649,0.230837,3.173204,0.953273,0.263663
H3_512C_pruned50_Physical_pruning,121-121726-0007.wav,generated_audios/generated_H3_512C_pruned50/121-121726-0007_generated.wav,6.730023,0.923725,0.920364,0.137254,0.136755,3.202584,0.968817,0.26399
H3_512C_pruned50_Physical_pruning,121-121726-0008.wav,generated_audios/generated_H3_512C_pruned50/121-121726-0008_generated.wav,4.990023,1.165181,1.161752,0.233502,0.232815,3.120788,0.967639,0.257972
H3_512C_pruned50_Physical_pruning,121-121726-0009.wav,generated_audios/generated_H3_512C_pruned50/121-121726-0009_generated.wav,7.26,1.730976,1.727041,0.238426,0.237884,3.028871,0.966258,0.26164
H3_512C_pruned50_Physical_pruning,121-121726-0010.wav,generated_audios/generated_H3_512C_pruned50/121-121726-0010_generated.wav,9.810023,2.355366,2.351443,0.240098,0.239698,3.037635,0.962795,0.267787
H3_512C_pruned50_Physical_pruning,121-121726-0011.wav,generated_audios/generated_H3_512C_pruned50/121-121726-0011_generated.wav,4.035011,0.906717,0.903272,0.224712,0.223859,3.129226,0.965044,0.262315
H3_512C_pruned50_Physical_pruning,121-121726-0012.wav,generated_audios/generated_H3_512C_pruned50/121-121726-0012_generated.wav,4.045034,0.894164,0.890621,0.221052,0.220176,2.394461,0.951246,0.297058
H3_512C_pruned50_Physical_pruning,121-121726-0013.wav,generated_audios/generated_H3_512C_pruned50/121-121726-0013_generated.wav,2.490023,0.572264,0.569056,0.229823,0.228535,3.088108,0.967437,0.283678
H3_512C_pruned50_Physical_pruning,121-121726-0014.wav,generated_audios/generated_H3_512C_pruned50/121-121726-0014_generated.wav,3.165034,0.70804,0.70491,0.223707,0.222718,3.431523,0.970153,0.267019
H3_512C_pruned50_Physical_pruning,121-123852-0000.wav,generated_audios/generated_H3_512C_pruned50/121-123852-0000_generated.wav,17.695011,5.227507,5.222656,0.295423,0.295148,3.050615,0.964638,0.278409
H3_512C_pruned50_Physical_pruning,121-123852-0001.wav,generated_audios/generated_H3_512C_pruned50/121-123852-0001_generated.wav,1.870023,0.435509,0.432381,0.23289,0.231217,2.721027,0.878523,0.289993
H3_512C_pruned50_Physical_pruning,121-123852-0002.wav,generated_audios/generated_H3_512C_pruned50/121-123852-0002_generated.wav,17.285034,5.127406,5.122994,0.296638,0.296383,3.007193,0.957793,0.300329
H3_512C_pruned50_Physical_pruning,121-123852-0003.wav,generated_audios/generated_H3_512C_pruned50/121-123852-0003_generated.wav,23.505034,7.683467,7.677799,0.326886,0.326645,2.832467,0.957059,0.298301
H3_512C_pruned50_Physical_pruning,121-123852-0004.wav,generated_audios/generated_H3_512C_pruned50/121-123852-0004_generated.wav,16.290023,5.146727,5.142181,0.315944,0.315664,2.99793,0.961626,0.294169
H3_512C_pruned50_Physical_pruning,121-123859-0000.wav,generated_audios/generated_H3_512C_pruned50/121-123859-0000_generated.wav,17.390023,5.440114,5.434832,0.31283,0.312526,2.560195,0.948951,0.299898
H3_512C_pruned50_Physical_pruning,121-123859-0001.wav,generated_audios/generated_H3_512C_pruned50/121-123859-0001_generated.wav,25.395011,8.247854,8.242249,0.324782,0.324562,3.005933,0.963678,0.294419
H3_512C_pruned50_Physical_pruning,121-123859-0002.wav,generated_audios/generated_H3_512C_pruned50/121-123859-0002_generated.wav,30.04,10.078199,10.071709,0.335493,0.335277,2.9856,0.958138,0.297302
H3_512C_pruned50_Physical_pruning,121-123859-0003.wav,generated_audios/generated_H3_512C_pruned50/121-123859-0003_generated.wav,10.825034,2.602417,2.598272,0.240407,0.240024,3.032633,0.960219,0.291838
H3_512C_pruned50_Physical_pruning,121-123859-0004.wav,generated_audios/generated_H3_512C_pruned50/121-123859-0004_generated.wav,9.505034,2.313758,2.309814,0.243424,0.24301,2.739476,0.957276,0.29494
H3_512C_pruned50_Physical_pruning,121-127105-0000.wav,generated_audios/generated_H3_512C_pruned50/121-127105-0000_generated.wav,9.875011,2.366558,2.362619,0.239651,0.239252,2.709282,0.942842,0.283523
H3_512C_pruned50_Physical_pruning,121-127105-0001.wav,generated_audios/generated_H3_512C_pruned50/121-127105-0001_generated.wav,5.025034,1.117678,1.114017,0.222422,0.221694,2.597545,0.94734,0.297981
H3_512C_pruned50_Physical_pruning,121-127105-0002.wav,generated_audios/generated_H3_512C_pruned50/121-127105-0002_generated.wav,7.495011,1.686963,1.683214,0.225078,0.224578,2.792415,0.945498,0.297246
H3_512C_pruned50_Physical_pruning,121-127105-0003.wav,generated_audios/generated_H3_512C_pruned50/121-127105-0003_generated.wav,7.725034,1.8134,1.809536,0.234743,0.234243,2.881908,0.951801,0.284101
H3_512C_pruned50_Physical_pruning,121-127105-0004.wav,generated_audios/generated_H3_512C_pruned50/121-127105-0004_generated.wav,2.110023,0.497887,0.494835,0.235963,0.234517,1.498594,0.952863,0.282969
H3_512C_pruned50_Physical_pruning,121-127105-0005.wav,generated_audios/generated_H3_512C_pruned50/121-127105-0005_generated.wav,5.82,1.356609,1.353109,0.233094,0.232493,2.491151,0.953035,0.275176
H3_512C_pruned50_Physical_pruning,121-127105-0006.wav,generated_audios/generated_H3_512C_pruned50/121-127105-0006_generated.wav,4.725034,1.087825,1.084675,0.230226,0.229559,2.569159,0.945493,0.288702
H3_512C_pruned50_Physical_pruning,121-127105-0007.wav,generated_audios/generated_H3_512C_pruned50/121-127105-0007_generated.wav,5.790023,1.333933,1.33051,0.230385,0.229794,2.057888,0.952945,0.288954
H3_512C_pruned50_Physical_pruning,121-127105-0008.wav,generated_audios/generated_H3_512C_pruned50/121-127105-0008_generated.wav,2.76,0.59872,0.595429,0.216927,0.215735,2.820471,0.942761,0.291756
H3_512C_pruned50_Physical_pruning,121-127105-0009.wav,generated_audios/generated_H3_512C_pruned50/121-127105-0009_generated.wav,2.290023,0.52062,0.517246,0.227343,0.225869,2.345121,0.957224,0.309799
H3_512C_pruned50_Physical_pruning,121-127105-0010.wav,generated_audios/generated_H3_512C_pruned50/121-127105-0010_generated.wav,2.850023,0.642831,0.639687,0.225553,0.22445,2.519703,0.94531,0.294128
H3_512C_pruned50_Physical_pruning,121-127105-0011.wav,generated_audios/generated_H3_512C_pruned50/121-127105-0011_generated.wav,5.78,1.383211,1.379678,0.23931,0.238699,2.59117,0.92743,0.299614
H3_512C_pruned50_Physical_pruning,121-127105-0012.wav,generated_audios/generated_H3_512C_pruned50/121-127105-0012_generated.wav,4.830023,1.14198,1.138404,0.236434,0.235693,1.706139,0.941077,0.293865
H3_512C_pruned50_Physical_pruning,121-127105-0013.wav,generated_audios/generated_H3_512C_pruned50/121-127105-0013_generated.wav,5.895011,1.353054,1.349781,0.229525,0.22897,2.067113,0.949065,0.287357
H3_512C_pruned50_Physical_pruning,121-127105-0014.wav,generated_audios/generated_H3_512C_pruned50/121-127105-0014_generated.wav,2.255011,0.510552,0.507668,0.226408,0.225129,2.739461,0.937892,0.292797
H3_512C_pruned50_Physical_pruning,121-127105-0015.wav,generated_audios/generated_H3_512C_pruned50/121-127105-0015_generated.wav,2.96,0.665385,0.662103,0.224792,0.223684,2.827231,0.9524,0.29065
H3_512C_pruned50_Physical_pruning,121-127105-0016.wav,generated_audios/generated_H3_512C_pruned50/121-127105-0016_generated.wav,2.030023,0.419407,0.416286,0.206602,0.205065,2.712477,0.95224,0.297006
H3_512C_pruned50_Physical_pruning,121-127105-0017.wav,generated_audios/generated_H3_512C_pruned50/121-127105-0017_generated.wav,2.695011,0.604426,0.601135,0.224276,0.223055,2.712486,0.939379,0.299175
H3_512C_pruned50_Physical_pruning,121-127105-0018.wav,generated_audios/generated_H3_512C_pruned50/121-127105-0018_generated.wav,2.770023,0.634673,0.631359,0.229122,0.227926,2.880785,0.936851,0.299111
H3_512C_pruned50_Physical_pruning,121-127105-0019.wav,generated_audios/generated_H3_512C_pruned50/121-127105-0019_generated.wav,3.525034,0.781141,0.777907,0.221598,0.220681,2.68199,0.958861,0.292086
H3_512C_pruned50_Physical_pruning,121-127105-0020.wav,generated_audios/generated_H3_512C_pruned50/121-127105-0020_generated.wav,14.355011,4.228516,4.22293,0.294567,0.294178,2.634424,0.944064,0.297616
H3_512C_pruned50_Physical_pruning,121-127105-0021.wav,generated_audios/generated_H3_512C_pruned50/121-127105-0021_generated.wav,2.0,0.455165,0.452256,0.227582,0.226128,2.729943,0.959527,0.304698
H3_512C_pruned50_Physical_pruning,121-127105-0022.wav,generated_audios/generated_H3_512C_pruned50/121-127105-0022_generated.wav,5.075011,1.185906,1.182357,0.233675,0.232976,3.042541,0.949782,0.286473
H3_512C_pruned50_Physical_pruning,121-127105-0023.wav,generated_audios/generated_H3_512C_pruned50/121-127105-0023_generated.wav,10.910023,2.64454,2.640593,0.242395,0.242034,2.895422,0.949738,0.28891
H3_512C_pruned50_Physical_pruning,121-127105-0024.wav,generated_audios/generated_H3_512C_pruned50/121-127105-0024_generated.wav,14.450023,4.267147,4.262415,0.295304,0.294976,2.709619,0.95151,0.297276
H3_512C_pruned50_Physical_pruning,121-127105-0025.wav,generated_audios/generated_H3_512C_pruned50/121-127105-0025_generated.wav,16.065034,4.996504,4.99187,0.311017,0.310729,2.9433,0.951128,0.287216
H3_512C_pruned50_Physical_pruning,121-127105-0026.wav,generated_audios/generated_H3_512C_pruned50/121-127105-0026_generated.wav,7.530023,1.74307,1.73916,0.231483,0.230963,2.637528,0.959629,0.292546
H3_512C_pruned50_Physical_pruning,121-127105-0027.wav,generated_audios/generated_H3_512C_pruned50/121-127105-0027_generated.wav,13.870023,4.150858,4.147026,0.299268,0.298992,2.923232,0.953835,0.28423
H3_512C_pruned50_Physical_pruning,121-127105-0028.wav,generated_audios/generated_H3_512C_pruned50/121-127105-0028_generated.wav,6.750023,0.930416,0.926485,0.137839,0.137257,3.003817,0.950553,0.270839
H3_512C_pruned50_Physical_pruning,121-127105-0029.wav,generated_audios/generated_H3_512C_pruned50/121-127105-0029_generated.wav,7.310023,1.729788,1.718933,0.236632,0.235147,2.795741,0.959257,0.286057
H3_512C_pruned50_Physical_pruning,121-127105-0030.wav,generated_audios/generated_H3_512C_pruned50/121-127105-0030_generated.wav,2.175011,0.520215,0.516946,0.239178,0.237675,1.990891,0.935709,0.307731
H3_512C_pruned50_Physical_pruning,121-127105-0031.wav,generated_audios/generated_H3_512C_pruned50/121-127105-0031_generated.wav,10.765034,2.593411,2.58919,0.240911,0.240518,2.792941,0.931357,0.278438
H3_512C_pruned50_Physical_pruning,121-127105-0032.wav,generated_audios/generated_H3_512C_pruned50/121-127105-0032_generated.wav,3.170023,0.698416,0.69513,0.220319,0.219282,2.435714,0.950593,0.280868
H3_512C_pruned50_Physical_pruning,121-127105-0033.wav,generated_audios/generated_H3_512C_pruned50/121-127105-0033_generated.wav,2.355011,0.538927,0.535853,0.228842,0.227537,2.870857,0.955554,0.281009
H3_512C_pruned50_Physical_pruning,121-127105-0034.wav,generated_audios/generated_H3_512C_pruned50/121-127105-0034_generated.wav,7.410023,1.757402,1.753617,0.237165,0.236655,2.615644,0.947993,0.283568
H3_512C_pruned50_Physical_pruning,121-127105-0035.wav,generated_audios/generated_H3_512C_pruned50/121-127105-0035_generated.wav,14.150023,4.253261,4.248636,0.300583,0.300256,2.8655,0.941704,0.267078
H3_512C_pruned50_Physical_pruning,121-127105-0036.wav,generated_audios/generated_H3_512C_pruned50/121-127105-0036_generated.wav,4.150023,0.944161,0.940718,0.227507,0.226678,2.461112,0.931414,0.286115
H3_512C_pruned50_Physical_pruning,237-126133-0000.wav,generated_audios/generated_H3_512C_pruned50/237-126133-0000_generated.wav,13.290023,4.04248,4.038053,0.304174,0.303841,2.94877,0.959389,0.27908
H3_512C_pruned50_Physical_pruning,237-126133-0001.wav,generated_audios/generated_H3_512C_pruned50/237-126133-0001_generated.wav,11.965034,3.600642,3.596339,0.30093,0.300571,2.87358,0.952885,0.281869
H3_512C_pruned50_Physical_pruning,237-126133-0002.wav,generated_audios/generated_H3_512C_pruned50/237-126133-0002_generated.wav,8.92,2.107225,2.103236,0.236236,0.235789,2.664672,0.952381,0.288622
H3_512C_pruned50_Physical_pruning,237-126133-0003.wav,generated_audios/generated_H3_512C_pruned50/237-126133-0003_generated.wav,6.56,1.512825,1.509301,0.230614,0.230076,3.025431,0.953332,0.274983
H3_512C_pruned50_Physical_pruning,237-126133-0004.wav,generated_audios/generated_H3_512C_pruned50/237-126133-0004_generated.wav,3.295011,0.743751,0.74072,0.22572,0.224801,2.893806,0.957832,0.291115
H3_512C_pruned50_Physical_pruning,237-126133-0005.wav,generated_audios/generated_H3_512C_pruned50/237-126133-0005_generated.wav,6.510023,1.546961,1.543266,0.237628,0.23706,2.362097,0.961896,0.278105
H3_512C_pruned50_Physical_pruning,237-126133-0006.wav,generated_audios/generated_H3_512C_pruned50/237-126133-0006_generated.wav,6.150023,1.444446,1.440874,0.234868,0.234288,2.658548,0.949701,0.291109
H3_512C_pruned50_Physical_pruning,237-126133-0007.wav,generated_audios/generated_H3_512C_pruned50/237-126133-0007_generated.wav,8.68,2.051103,2.047256,0.236302,0.235859,2.796728,0.952679,0.297925
H3_512C_pruned50_Physical_pruning,237-126133-0008.wav,generated_audios/generated_H3_512C_pruned50/237-126133-0008_generated.wav,3.865034,0.893077,0.889693,0.231066,0.23019,2.901338,0.951892,0.274066
H3_512C_pruned50_Physical_pruning,237-126133-0009.wav,generated_audios/generated_H3_512C_pruned50/237-126133-0009_generated.wav,3.970023,0.930322,0.927063,0.234337,0.233516,2.908577,0.962685,0.286738
H3_512C_pruned50_Physical_pruning,237-126133-0010.wav,generated_audios/generated_H3_512C_pruned50/237-126133-0010_generated.wav,6.24,1.432643,1.42892,0.22959,0.228994,2.397924,0.928228,0.314786
H3_512C_pruned50_Physical_pruning,237-126133-0011.wav,generated_audios/generated_H3_512C_pruned50/237-126133-0011_generated.wav,6.710023,1.563315,1.559593,0.232982,0.232427,3.00459,0.960281,0.271615
H3_512C_pruned50_Physical_pruning,237-126133-0012.wav,generated_audios/generated_H3_512C_pruned50/237-126133-0012_generated.wav,4.450023,1.015218,1.011755,0.228138,0.22736,2.930501,0.953763,0.274688
H3_512C_pruned50_Physical_pruning,237-126133-0013.wav,generated_audios/generated_H3_512C_pruned50/237-126133-0013_generated.wav,6.815011,1.578511,1.574837,0.231623,0.231083,2.669475,0.943007,0.298164
H3_512C_pruned50_Physical_pruning,237-126133-0014.wav,generated_audios/generated_H3_512C_pruned50/237-126133-0014_generated.wav,6.790023,1.633408,1.629852,0.24056,0.240036,2.61879,0.952174,0.284865
H3_512C_pruned50_Physical_pruning,237-126133-0015.wav,generated_audios/generated_H3_512C_pruned50/237-126133-0015_generated.wav,9.34,2.156727,2.152978,0.230913,0.230512,2.921721,0.952828,0.280466
H3_512C_pruned50_Physical_pruning,237-126133-0016.wav,generated_audios/generated_H3_512C_pruned50/237-126133-0016_generated.wav,4.250023,0.940973,0.937671,0.221404,0.220627,2.766935,0.950096,0.299448
H3_512C_pruned50_Physical_pruning,237-126133-0017.wav,generated_audios/generated_H3_512C_pruned50/237-126133-0017_generated.wav,6.210023,1.459059,1.455466,0.234952,0.234374,3.061728,0.960428,0.272176
H3_512C_pruned50_Physical_pruning,237-126133-0018.wav,generated_audios/generated_H3_512C_pruned50/237-126133-0018_generated.wav,4.095011,0.978853,0.9755,0.239035,0.238217,2.674134,0.951272,0.268
H3_512C_pruned50_Physical_pruning,237-126133-0019.wav,generated_audios/generated_H3_512C_pruned50/237-126133-0019_generated.wav,7.12,1.661287,1.657466,0.233327,0.23279,2.947298,0.954011,0.277492
H3_512C_pruned50_Physical_pruning,237-126133-0020.wav,generated_audios/generated_H3_512C_pruned50/237-126133-0020_generated.wav,2.24,0.4812,0.478231,0.214821,0.213496,3.032297,0.963183,0.27974
H3_512C_pruned50_Physical_pruning,237-126133-0021.wav,generated_audios/generated_H3_512C_pruned50/237-126133-0021_generated.wav,4.365034,0.978676,0.975039,0.224208,0.223375,2.719774,0.949434,0.274328
H3_512C_pruned50_Physical_pruning,237-126133-0022.wav,generated_audios/generated_H3_512C_pruned50/237-126133-0022_generated.wav,5.04,1.188024,1.184442,0.235719,0.235008,3.138662,0.953883,0.266139
H3_512C_pruned50_Physical_pruning,237-126133-0023.wav,generated_audios/generated_H3_512C_pruned50/237-126133-0023_generated.wav,6.675011,1.583569,1.580027,0.237238,0.236708,2.820138,0.961712,0.262988
H3_512C_pruned50_Physical_pruning,237-126133-0024.wav,generated_audios/generated_H3_512C_pruned50/237-126133-0024_generated.wav,9.665034,2.349541,2.345486,0.243097,0.242677,3.049403,0.959596,0.269561
H3_512C_pruned50_Physical_pruning,237-126133-0025.wav,generated_audios/generated_H3_512C_pruned50/237-126133-0025_generated.wav,3.755011,0.873645,0.870297,0.232661,0.231769,2.957846,0.95636,0.27721
H3_512C_pruned50_Physical_pruning,237-134493-0000.wav,generated_audios/generated_H3_512C_pruned50/237-134493-0000_generated.wav,4.105034,0.965662,0.962297,0.235239,0.234419,2.998391,0.956325,0.274097
H3_512C_pruned50_Physical_pruning,237-134493-0001.wav,generated_audios/generated_H3_512C_pruned50/237-134493-0001_generated.wav,7.38,1.722281,1.718662,0.233371,0.232881,3.203931,0.96182,0.273603
H3_512C_pruned50_Physical_pruning,237-134493-0002.wav,generated_audios/generated_H3_512C_pruned50/237-134493-0002_generated.wav,11.395011,2.730158,2.725723,0.239592,0.239203,3.213334,0.956911,0.269827
H3_512C_pruned50_Physical_pruning,237-134493-0003.wav,generated_audios/generated_H3_512C_pruned50/237-134493-0003_generated.wav,12.765034,3.705079,3.700847,0.290252,0.289921,3.092767,0.954867,0.270734
H3_512C_pruned50_Physical_pruning,237-134493-0004.wav,generated_audios/generated_H3_512C_pruned50/237-134493-0004_generated.wav,6.825034,1.612463,1.609027,0.236257,0.235754,3.047166,0.956542,0.280517
H3_512C_pruned50_Physical_pruning,237-134493-0005.wav,generated_audios/generated_H3_512C_pruned50/237-134493-0005_generated.wav,10.945034,2.620973,2.616371,0.239467,0.239046,2.788934,0.956202,0.279457
H3_512C_pruned50_Physical_pruning,237-134493-0006.wav,generated_audios/generated_H3_512C_pruned50/237-134493-0006_generated.wav,4.395011,0.974015,0.970785,0.221618,0.220883,3.074479,0.960905,0.278338
H3_512C_pruned50_Physical_pruning,237-134493-0007.wav,generated_audios/generated_H3_512C_pruned50/237-134493-0007_generated.wav,2.035011,0.460344,0.457314,0.226212,0.224723,2.895245,0.953371,0.273497
H3_512C_pruned50_Physical_pruning,237-134493-0008.wav,generated_audios/generated_H3_512C_pruned50/237-134493-0008_generated.wav,2.305034,0.492145,0.488937,0.213509,0.212117,2.867213,0.936908,0.26191
H3_512C_pruned50_Physical_pruning,237-134493-0009.wav,generated_audios/generated_H3_512C_pruned50/237-134493-0009_generated.wav,2.975011,0.683933,0.68058,0.229893,0.228765,2.942319,0.961453,0.270535
H3_512C_pruned50_Physical_pruning,237-134493-0010.wav,generated_audios/generated_H3_512C_pruned50/237-134493-0010_generated.wav,2.875011,0.663767,0.660409,0.230875,0.229706,3.05713,0.959217,0.257522
H3_512C_pruned50_Physical_pruning,237-134493-0011.wav,generated_audios/generated_H3_512C_pruned50/237-134493-0011_generated.wav,5.035011,1.175362,1.171647,0.233438,0.2327,2.703895,0.947359,0.283433
H3_512C_pruned50_Physical_pruning,237-134493-0012.wav,generated_audios/generated_H3_512C_pruned50/237-134493-0012_generated.wav,3.66,0.824448,0.821055,0.225259,0.224332,2.610041,0.951732,0.284148
H3_512C_pruned50_Physical_pruning,237-134493-0013.wav,generated_audios/generated_H3_512C_pruned50/237-134493-0013_generated.wav,4.090023,0.558678,0.555327,0.136595,0.135776,3.018303,0.958342,0.280244
H3_512C_pruned50_Physical_pruning,237-134493-0014.wav,generated_audios/generated_H3_512C_pruned50/237-134493-0014_generated.wav,3.7,0.814049,0.81076,0.220013,0.219124,2.875929,0.956519,0.270737
H3_512C_pruned50_Physical_pruning,237-134493-0015.wav,generated_audios/generated_H3_512C_pruned50/237-134493-0015_generated.wav,6.550023,0.905783,0.902119,0.138287,0.137728,2.810883,0.957448,0.278406
H3_512C_pruned50_Physical_pruning,237-134493-0016.wav,generated_audios/generated_H3_512C_pruned50/237-134493-0016_generated.wav,10.085034,2.468414,2.464057,0.24476,0.244328,2.941628,0.965354,0.270348
H3_512C_pruned50_Physical_pruning,237-134493-0017.wav,generated_audios/generated_H3_512C_pruned50/237-134493-0017_generated.wav,9.105034,2.174073,2.170224,0.238777,0.238354,2.963454,0.958354,0.27525
H3_512C_pruned50_Physical_pruning,237-134493-0018.wav,generated_audios/generated_H3_512C_pruned50/237-134493-0018_generated.wav,4.790023,1.104242,1.100667,0.23053,0.229783,3.098048,0.963463,0.276329
H3_512C_pruned50_Physical_pruning,237-134500-0000.wav,generated_audios/generated_H3_512C_pruned50/237-134500-0000_generated.wav,6.130023,1.42947,1.425652,0.233192,0.232569,3.028545,0.958427,0.276579
H3_512C_pruned50_Physical_pruning,237-134500-0001.wav,generated_audios/generated_H3_512C_pruned50/237-134500-0001_generated.wav,1.810023,0.418387,0.415402,0.23115,0.229501,2.370063,0.954065,0.270483
H3_512C_pruned50_Physical_pruning,237-134500-0002.wav,generated_audios/generated_H3_512C_pruned50/237-134500-0002_generated.wav,5.070023,1.180177,1.176344,0.232775,0.232019,3.035141,0.955995,0.272369
H3_512C_pruned50_Physical_pruning,237-134500-0003.wav,generated_audios/generated_H3_512C_pruned50/237-134500-0003_generated.wav,3.170023,0.403863,0.400602,0.127401,0.126372,3.099365,0.961002,0.269914
H3_512C_pruned50_Physical_pruning,237-134500-0004.wav,generated_audios/generated_H3_512C_pruned50/237-134500-0004_generated.wav,2.225034,0.276177,0.273057,0.124123,0.122721,3.01615,0.966515,0.259518
H3_512C_pruned50_Physical_pruning,237-134500-0005.wav,generated_audios/generated_H3_512C_pruned50/237-134500-0005_generated.wav,2.390023,0.549496,0.546293,0.229913,0.228572,2.818136,0.951087,0.290381
H3_512C_pruned50_Physical_pruning,237-134500-0006.wav,generated_audios/generated_H3_512C_pruned50/237-134500-0006_generated.wav,4.225034,0.947102,0.94356,0.224164,0.223326,2.797467,0.949312,0.294543
H3_512C_pruned50_Physical_pruning,237-134500-0007.wav,generated_audios/generated_H3_512C_pruned50/237-134500-0007_generated.wav,2.390023,0.277139,0.273951,0.115956,0.114623,2.469311,0.943597,0.293471
H3_512C_pruned50_Physical_pruning,237-134500-0008.wav,generated_audios/generated_H3_512C_pruned50/237-134500-0008_generated.wav,3.76,0.485656,0.482263,0.129164,0.128261,2.731274,0.942637,0.292629
H3_512C_pruned50_Physical_pruning,237-134500-0009.wav,generated_audios/generated_H3_512C_pruned50/237-134500-0009_generated.wav,2.22,0.258052,0.254726,0.116239,0.114742,2.902676,0.935818,0.29537
H3_512C_pruned50_Physical_pruning,237-134500-0010.wav,generated_audios/generated_H3_512C_pruned50/237-134500-0010_generated.wav,3.995011,0.916909,0.913497,0.229514,0.22866,2.713446,0.949462,0.291791
H3_512C_pruned50_Physical_pruning,237-134500-0011.wav,generated_audios/generated_H3_512C_pruned50/237-134500-0011_generated.wav,3.350023,0.752365,0.748978,0.224585,0.223574,2.58805,0.939444,0.295461
H3_512C_pruned50_Physical_pruning,237-134500-0012.wav,generated_audios/generated_H3_512C_pruned50/237-134500-0012_generated.wav,10.935011,2.651596,2.646943,0.242487,0.242061,2.876782,0.953118,0.283807
H3_512C_pruned50_Physical_pruning,237-134500-0013.wav,generated_audios/generated_H3_512C_pruned50/237-134500-0013_generated.wav,10.56,1.515538,1.511404,0.143517,0.143125,2.930703,0.96053,0.267427
H3_512C_pruned50_Physical_pruning,237-134500-0014.wav,generated_audios/generated_H3_512C_pruned50/237-134500-0014_generated.wav,4.250023,0.533492,0.530094,0.125527,0.124727,2.845237,0.952673,0.269339
H3_512C_pruned50_Physical_pruning,237-134500-0015.wav,generated_audios/generated_H3_512C_pruned50/237-134500-0015_generated.wav,10.815011,2.569521,2.565161,0.237588,0.237185,2.888691,0.961392,0.278114
H3_512C_pruned50_Physical_pruning,237-134500-0016.wav,generated_audios/generated_H3_512C_pruned50/237-134500-0016_generated.wav,3.16,0.399741,0.396627,0.1265,0.125515,2.698599,0.924877,0.304497
H3_512C_pruned50_Physical_pruning,237-134500-0017.wav,generated_audios/generated_H3_512C_pruned50/237-134500-0017_generated.wav,2.18,0.267573,0.264378,0.12274,0.121275,2.437567,0.956766,0.284217
H3_512C_pruned50_Physical_pruning,237-134500-0018.wav,generated_audios/generated_H3_512C_pruned50/237-134500-0018_generated.wav,12.845034,3.750699,3.746182,0.291996,0.291644,2.964125,0.962488,0.273148
H3_512C_pruned50_Physical_pruning,237-134500-0019.wav,generated_audios/generated_H3_512C_pruned50/237-134500-0019_generated.wav,2.86,0.611834,0.608291,0.213928,0.212689,3.06355,0.951663,0.266443
H3_512C_pruned50_Physical_pruning,237-134500-0020.wav,generated_audios/generated_H3_512C_pruned50/237-134500-0020_generated.wav,2.18,0.244603,0.241398,0.112203,0.110733,3.183641,0.974729,0.254731
H3_512C_pruned50_Physical_pruning,237-134500-0021.wav,generated_audios/generated_H3_512C_pruned50/237-134500-0021_generated.wav,5.12,1.14156,1.13787,0.222961,0.22224,2.509106,0.92441,0.296346
H3_512C_pruned50_Physical_pruning,237-134500-0022.wav,generated_audios/generated_H3_512C_pruned50/237-134500-0022_generated.wav,5.165034,1.204577,1.201068,0.233218,0.232538,2.456351,0.939253,0.301025
H3_512C_pruned50_Physical_pruning,237-134500-0023.wav,generated_audios/generated_H3_512C_pruned50/237-134500-0023_generated.wav,3.06,0.711513,0.70819,0.232521,0.231434,2.825467,0.95634,0.286643
H3_512C_pruned50_Physical_pruning,237-134500-0024.wav,generated_audios/generated_H3_512C_pruned50/237-134500-0024_generated.wav,4.410023,0.585425,0.581873,0.132749,0.131943,2.879679,0.948412,0.26847
H3_512C_pruned50_Physical_pruning,237-134500-0025.wav,generated_audios/generated_H3_512C_pruned50/237-134500-0025_generated.wav,1.630023,0.391128,0.38798,0.239952,0.238021,3.378474,0.961445,0.270999
H3_512C_pruned50_Physical_pruning,237-134500-0026.wav,generated_audios/generated_H3_512C_pruned50/237-134500-0026_generated.wav,3.050023,0.705269,0.70193,0.231234,0.230139,2.87691,0.948155,0.292246
H3_512C_pruned50_Physical_pruning,237-134500-0027.wav,generated_audios/generated_H3_512C_pruned50/237-134500-0027_generated.wav,3.270023,0.746877,0.743327,0.228401,0.227316,2.971357,0.958394,0.26594
H3_512C_pruned50_Physical_pruning,237-134500-0028.wav,generated_audios/generated_H3_512C_pruned50/237-134500-0028_generated.wav,4.524943,1.070474,1.06721,0.236572,0.23585,2.95904,0.954385,0.277723
H3_512C_pruned50_Physical_pruning,237-134500-0029.wav,generated_audios/generated_H3_512C_pruned50/237-134500-0029_generated.wav,2.065034,0.455204,0.45205,0.220434,0.218907,2.350406,0.957547,0.271837
H3_512C_pruned50_Physical_pruning,237-134500-0030.wav,generated_audios/generated_H3_512C_pruned50/237-134500-0030_generated.wav,2.78,0.63297,0.629607,0.227687,0.226477,3.087072,0.951009,0.283559
H3_512C_pruned50_Physical_pruning,237-134500-0031.wav,generated_audios/generated_H3_512C_pruned50/237-134500-0031_generated.wav,10.610023,2.556589,2.551818,0.24096,0.24051,3.049058,0.95598,0.268635
H3_512C_pruned50_Physical_pruning,237-134500-0032.wav,generated_audios/generated_H3_512C_pruned50/237-134500-0032_generated.wav,5.025034,0.660687,0.657214,0.131479,0.130788,2.983335,0.960127,0.265752
H3_512C_pruned50_Physical_pruning,237-134500-0033.wav,generated_audios/generated_H3_512C_pruned50/237-134500-0033_generated.wav,6.350023,1.483822,1.480013,0.233672,0.233072,2.644866,0.947014,0.275856
H3_512C_pruned50_Physical_pruning,237-134500-0034.wav,generated_audios/generated_H3_512C_pruned50/237-134500-0034_generated.wav,3.075011,0.683194,0.67979,0.222176,0.221069,3.223016,0.959505,0.257441
H3_512C_pruned50_Physical_pruning,237-134500-0035.wav,generated_audios/generated_H3_512C_pruned50/237-134500-0035_generated.wav,2.555011,0.583822,0.580786,0.228501,0.227313,2.983642,0.966016,0.274318
H3_512C_pruned50_Physical_pruning,237-134500-0036.wav,generated_audios/generated_H3_512C_pruned50/237-134500-0036_generated.wav,6.6,1.557597,1.553796,0.236,0.235424,3.074831,0.960896,0.265758
H3_512C_pruned50_Physical_pruning,237-134500-0037.wav,generated_audios/generated_H3_512C_pruned50/237-134500-0037_generated.wav,7.105034,1.690958,1.687273,0.237994,0.237476,2.548701,0.922516,0.3137
H3_512C_pruned50_Physical_pruning,237-134500-0038.wav,generated_audios/generated_H3_512C_pruned50/237-134500-0038_generated.wav,2.435011,0.561654,0.558256,0.230657,0.229262,2.436884,0.943814,0.311947
H3_512C_pruned50_Physical_pruning,237-134500-0039.wav,generated_audios/generated_H3_512C_pruned50/237-134500-0039_generated.wav,4.630023,1.081449,1.077909,0.233573,0.232809,2.543801,0.937346,0.3094
H3_512C_pruned50_Physical_pruning,237-134500-0040.wav,generated_audios/generated_H3_512C_pruned50/237-134500-0040_generated.wav,4.030023,0.538912,0.535635,0.133724,0.132911,3.003329,0.956713,0.283061
H3_512C_pruned50_Physical_pruning,237-134500-0041.wav,generated_audios/generated_H3_512C_pruned50/237-134500-0041_generated.wav,8.92,1.284288,1.280374,0.143978,0.14354,3.192977,0.966237,0.264117
H3_512C_pruned50_Physical_pruning,237-134500-0042.wav,generated_audios/generated_H3_512C_pruned50/237-134500-0042_generated.wav,2.575011,0.59629,0.593141,0.231568,0.230345,2.765583,0.924687,0.315967
H3_512C_pruned50_Physical_pruning,260-123286-0000.wav,generated_audios/generated_H3_512C_pruned50/260-123286-0000_generated.wav,7.04,1.598908,1.594926,0.227118,0.226552,2.441927,0.953686,0.271936
H3_512C_pruned50_Physical_pruning,260-123286-0001.wav,generated_audios/generated_H3_512C_pruned50/260-123286-0001_generated.wav,3.070023,0.385599,0.382318,0.125601,0.124533,2.31689,0.955898,0.273761
H3_512C_pruned50_Physical_pruning,260-123286-0002.wav,generated_audios/generated_H3_512C_pruned50/260-123286-0002_generated.wav,9.985034,2.422631,2.418181,0.242626,0.242181,2.528153,0.953702,0.266929
H3_512C_pruned50_Physical_pruning,260-123286-0003.wav,generated_audios/generated_H3_512C_pruned50/260-123286-0003_generated.wav,7.370023,1.724305,1.720486,0.233962,0.233444,2.119958,0.944043,0.272681
H3_512C_pruned50_Physical_pruning,260-123286-0004.wav,generated_audios/generated_H3_512C_pruned50/260-123286-0004_generated.wav,3.465034,0.804191,0.800901,0.232087,0.231138,2.058224,0.941879,0.281668
H3_512C_pruned50_Physical_pruning,260-123286-0005.wav,generated_audios/generated_H3_512C_pruned50/260-123286-0005_generated.wav,4.810023,1.093924,1.090451,0.227426,0.226704,2.400273,0.948689,0.275321
H3_512C_pruned50_Physical_pruning,260-123286-0006.wav,generated_audios/generated_H3_512C_pruned50/260-123286-0006_generated.wav,7.405034,1.783331,1.779602,0.240827,0.240323,2.497896,0.955325,0.27837
H3_512C_pruned50_Physical_pruning,260-123286-0007.wav,generated_audios/generated_H3_512C_pruned50/260-123286-0007_generated.wav,4.550023,1.076863,1.073333,0.236672,0.235896,2.271727,0.955414,0.279067
H3_512C_pruned50_Physical_pruning,260-123286-0008.wav,generated_audios/generated_H3_512C_pruned50/260-123286-0008_generated.wav,3.735011,0.855119,0.851804,0.228947,0.228059,1.99343,0.946014,0.28856
H3_512C_pruned50_Physical_pruning,260-123286-0009.wav,generated_audios/generated_H3_512C_pruned50/260-123286-0009_generated.wav,5.795011,1.344692,1.34135,0.232043,0.231466,1.965796,0.947407,0.27049
H3_512C_pruned50_Physical_pruning,260-123286-0010.wav,generated_audios/generated_H3_512C_pruned50/260-123286-0010_generated.wav,2.575011,0.320554,0.317378,0.124486,0.123253,2.5752,0.961445,0.271482
H3_512C_pruned50_Physical_pruning,260-123286-0011.wav,generated_audios/generated_H3_512C_pruned50/260-123286-0011_generated.wav,4.255011,0.560458,0.557036,0.131717,0.130913,2.259257,0.942405,0.273592
H3_512C_pruned50_Physical_pruning,260-123286-0012.wav,generated_audios/generated_H3_512C_pruned50/260-123286-0012_generated.wav,2.430023,0.312273,0.309024,0.128506,0.127169,2.196989,0.947267,0.283449
H3_512C_pruned50_Physical_pruning,260-123286-0013.wav,generated_audios/generated_H3_512C_pruned50/260-123286-0013_generated.wav,4.730023,1.103433,1.099892,0.233283,0.232534,2.162649,0.946311,0.278323
H3_512C_pruned50_Physical_pruning,260-123286-0014.wav,generated_audios/generated_H3_512C_pruned50/260-123286-0014_generated.wav,2.98,0.402099,0.39898,0.134932,0.133886,1.796915,0.946568,0.256089
H3_512C_pruned50_Physical_pruning,260-123286-0015.wav,generated_audios/generated_H3_512C_pruned50/260-123286-0015_generated.wav,5.210023,1.245639,1.242154,0.239085,0.238416,2.276817,0.947456,0.27906
H3_512C_pruned50_Physical_pruning,260-123286-0016.wav,generated_audios/generated_H3_512C_pruned50/260-123286-0016_generated.wav,7.0,1.651779,1.647973,0.235968,0.235425,2.52994,0.949398,0.26838
H3_512C_pruned50_Physical_pruning,260-123286-0017.wav,generated_audios/generated_H3_512C_pruned50/260-123286-0017_generated.wav,3.975011,0.911785,0.908249,0.229379,0.22849,2.072652,0.944855,0.264936
H3_512C_pruned50_Physical_pruning,260-123286-0018.wav,generated_audios/generated_H3_512C_pruned50/260-123286-0018_generated.wav,5.670023,1.344245,1.340689,0.237079,0.236452,2.409132,0.945831,0.281097
H3_512C_pruned50_Physical_pruning,260-123286-0019.wav,generated_audios/generated_H3_512C_pruned50/260-123286-0019_generated.wav,11.905034,3.531051,3.526932,0.296602,0.296256,2.29125,0.953219,0.273297
H3_512C_pruned50_Physical_pruning,260-123286-0020.wav,generated_audios/generated_H3_512C_pruned50/260-123286-0020_generated.wav,3.06,0.380995,0.377595,0.124508,0.123397,2.48129,0.96516,0.24588
H3_512C_pruned50_Physical_pruning,260-123286-0021.wav,generated_audios/generated_H3_512C_pruned50/260-123286-0021_generated.wav,2.550023,0.551426,0.548177,0.216244,0.21497,2.562359,0.962838,0.288049
H3_512C_pruned50_Physical_pruning,260-123286-0022.wav,generated_audios/generated_H3_512C_pruned50/260-123286-0022_generated.wav,3.235011,0.73958,0.736294,0.228617,0.227602,2.659528,0.959161,0.265034
H3_512C_pruned50_Physical_pruning,260-123286-0023.wav,generated_audios/generated_H3_512C_pruned50/260-123286-0023_generated.wav,5.875011,1.385126,1.381668,0.235766,0.235177,2.455063,0.951341,0.274634
H3_512C_pruned50_Physical_pruning,260-123286-0024.wav,generated_audios/generated_H3_512C_pruned50/260-123286-0024_generated.wav,3.04,0.695166,0.691741,0.228673,0.227546,2.023029,0.938457,0.305322
H3_512C_pruned50_Physical_pruning,260-123286-0025.wav,generated_audios/generated_H3_512C_pruned50/260-123286-0025_generated.wav,9.205034,2.160408,2.155913,0.234699,0.23421,2.375972,0.942945,0.277109
H3_512C_pruned50_Physical_pruning,260-123286-0026.wav,generated_audios/generated_H3_512C_pruned50/260-123286-0026_generated.wav,6.94,1.626761,1.622958,0.234404,0.233856,2.371293,0.946951,0.272533
H3_512C_pruned50_Physical_pruning,260-123286-0027.wav,generated_audios/generated_H3_512C_pruned50/260-123286-0027_generated.wav,7.170023,1.717823,1.714033,0.239584,0.239055,2.147723,0.940902,0.276681
H3_512C_pruned50_Physical_pruning,260-123286-0028.wav,generated_audios/generated_H3_512C_pruned50/260-123286-0028_generated.wav,7.465034,1.773016,1.769273,0.237509,0.237008,2.179114,0.943286,0.27594
H3_512C_pruned50_Physical_pruning,260-123286-0029.wav,generated_audios/generated_H3_512C_pruned50/260-123286-0029_generated.wav,4.545034,0.609299,0.605825,0.134058,0.133294,2.105427,0.944128,0.272914
H3_512C_pruned50_Physical_pruning,260-123286-0030.wav,generated_audios/generated_H3_512C_pruned50/260-123286-0030_generated.wav,7.530023,1.08016,1.076345,0.143447,0.14294,2.261459,0.953124,0.279087
H3_512C_pruned50_Physical_pruning,260-123286-0031.wav,generated_audios/generated_H3_512C_pruned50/260-123286-0031_generated.wav,5.06,1.16895,1.16553,0.231018,0.230342,2.238983,0.95156,0.254948
H3_512C_pruned50_Physical_pruning,260-123288-0000.wav,generated_audios/generated_H3_512C_pruned50/260-123288-0000_generated.wav,3.04,0.381998,0.378841,0.125657,0.124619,2.278158,0.947718,0.276796
H3_512C_pruned50_Physical_pruning,260-123288-0001.wav,generated_audios/generated_H3_512C_pruned50/260-123288-0001_generated.wav,5.08,0.707611,0.703927,0.139293,0.138568,2.319968,0.948454,0.270609
H3_512C_pruned50_Physical_pruning,260-123288-0002.wav,generated_audios/generated_H3_512C_pruned50/260-123288-0002_generated.wav,7.250023,1.699807,1.696257,0.234455,0.233966,2.238091,0.948425,0.275931
H3_512C_pruned50_Physical_pruning,260-123288-0003.wav,generated_audios/generated_H3_512C_pruned50/260-123288-0003_generated.wav,8.905034,2.169062,2.16483,0.243577,0.243102,2.178568,0.953019,0.274105
H3_512C_pruned50_Physical_pruning,260-123288-0004.wav,generated_audios/generated_H3_512C_pruned50/260-123288-0004_generated.wav,4.310023,0.999043,0.995796,0.231795,0.231042,1.820538,0.937024,0.266966
H3_512C_pruned50_Physical_pruning,260-123288-0005.wav,generated_audios/generated_H3_512C_pruned50/260-123288-0005_generated.wav,12.550023,3.668658,3.664556,0.292323,0.291996,2.115428,0.944514,0.268237
H3_512C_pruned50_Physical_pruning,260-123288-0006.wav,generated_audios/generated_H3_512C_pruned50/260-123288-0006_generated.wav,4.88,1.153546,1.150075,0.236382,0.235671,2.232891,0.953604,0.258621
H3_512C_pruned50_Physical_pruning,260-123288-0007.wav,generated_audios/generated_H3_512C_pruned50/260-123288-0007_generated.wav,11.2,2.73078,2.726792,0.24382,0.243464,2.207487,0.949824,0.281515
H3_512C_pruned50_Physical_pruning,260-123288-0008.wav,generated_audios/generated_H3_512C_pruned50/260-123288-0008_generated.wav,5.515011,1.317522,1.314174,0.238897,0.23829,2.414829,0.956798,0.283302
H3_512C_pruned50_Physical_pruning,260-123288-0009.wav,generated_audios/generated_H3_512C_pruned50/260-123288-0009_generated.wav,3.435011,0.809399,0.805973,0.235632,0.234635,2.480453,0.958969,0.288417
H3_512C_pruned50_Physical_pruning,260-123288-0010.wav,generated_audios/generated_H3_512C_pruned50/260-123288-0010_generated.wav,9.995011,1.403651,1.399831,0.140435,0.140053,2.2005,0.947828,0.275911
H3_512C_pruned50_Physical_pruning,260-123288-0011.wav,generated_audios/generated_H3_512C_pruned50/260-123288-0011_generated.wav,8.98,2.189338,2.185655,0.243802,0.243391,2.375449,0.948661,0.267446
H3_512C_pruned50_Physical_pruning,260-123288-0012.wav,generated_audios/generated_H3_512C_pruned50/260-123288-0012_generated.wav,3.545034,0.81473,0.811382,0.229823,0.228879,2.288725,0.942368,0.287128
H3_512C_pruned50_Physical_pruning,260-123288-0013.wav,generated_audios/generated_H3_512C_pruned50/260-123288-0013_generated.wav,11.385079,2.760918,2.756488,0.242503,0.242114,2.301211,0.94586,0.275921
H3_512C_pruned50_Physical_pruning,260-123288-0014.wav,generated_audios/generated_H3_512C_pruned50/260-123288-0014_generated.wav,1.805034,0.224168,0.220916,0.12419,0.122389,2.150707,0.94816,0.287764
H3_512C_pruned50_Physical_pruning,260-123288-0015.wav,generated_audios/generated_H3_512C_pruned50/260-123288-0015_generated.wav,21.185034,6.433004,6.427474,0.303658,0.303397,2.155505,0.948576,0.2768
H3_512C_pruned50_Physical_pruning,260-123288-0016.wav,generated_audios/generated_H3_512C_pruned50/260-123288-0016_generated.wav,4.865034,1.114983,1.111478,0.229183,0.228463,2.517013,0.946232,0.268688
H3_512C_pruned50_Physical_pruning,260-123288-0017.wav,generated_audios/generated_H3_512C_pruned50/260-123288-0017_generated.wav,5.225034,1.17652,1.173289,0.22517,0.224552,2.458271,0.965063,0.270597
H3_512C_pruned50_Physical_pruning,260-123288-0018.wav,generated_audios/generated_H3_512C_pruned50/260-123288-0018_generated.wav,3.245034,0.722006,0.718498,0.222496,0.221414,2.732059,0.961636,0.274399
H3_512C_pruned50_Physical_pruning,260-123288-0019.wav,generated_audios/generated_H3_512C_pruned50/260-123288-0019_generated.wav,2.955011,0.363047,0.359939,0.122858,0.121806,2.227737,0.953599,0.267531
H3_512C_pruned50_Physical_pruning,260-123288-0020.wav,generated_audios/generated_H3_512C_pruned50/260-123288-0020_generated.wav,2.9,0.635126,0.631886,0.219009,0.217892,2.557683,0.956677,0.26504
H3_512C_pruned50_Physical_pruning,260-123288-0021.wav,generated_audios/generated_H3_512C_pruned50/260-123288-0021_generated.wav,2.710023,0.336517,0.333513,0.124175,0.123066,2.419643,0.942796,0.283813
H3_512C_pruned50_Physical_pruning,260-123288-0022.wav,generated_audios/generated_H3_512C_pruned50/260-123288-0022_generated.wav,3.705034,0.849533,0.846028,0.229291,0.228345,2.080058,0.944795,0.287333
H3_512C_pruned50_Physical_pruning,260-123288-0023.wav,generated_audios/generated_H3_512C_pruned50/260-123288-0023_generated.wav,2.385034,0.312868,0.309761,0.13118,0.129877,2.167257,0.936499,0.258613
H3_512C_pruned50_Physical_pruning,260-123288-0024.wav,generated_audios/generated_H3_512C_pruned50/260-123288-0024_generated.wav,14.595011,4.388524,4.384482,0.300687,0.30041,2.266324,0.954522,0.277782
H3_512C_pruned50_Physical_pruning,260-123288-0025.wav,generated_audios/generated_H3_512C_pruned50/260-123288-0025_generated.wav,13.445034,4.028936,4.024892,0.29966,0.299359,2.479863,0.948612,0.274746
H3_512C_pruned50_Physical_pruning,260-123288-0026.wav,generated_audios/generated_H3_512C_pruned50/260-123288-0026_generated.wav,16.04,5.022427,5.01755,0.313119,0.312815,2.430506,0.958627,0.272536
H3_512C_pruned50_Physical_pruning,260-123288-0027.wav,generated_audios/generated_H3_512C_pruned50/260-123288-0027_generated.wav,6.305034,1.491979,1.488606,0.236633,0.236098,2.462939,0.959646,0.273898
H3_512C_pruned50_Physical_pruning,260-123288-0028.wav,generated_audios/generated_H3_512C_pruned50/260-123288-0028_generated.wav,2.610023,0.607802,0.604808,0.232872,0.231725,2.760216,0.969552,0.265766
H3_512C_pruned50_Physical_pruning,260-123440-0000.wav,generated_audios/generated_H3_512C_pruned50/260-123440-0000_generated.wav,2.165034,0.477309,0.473958,0.220463,0.218915,2.034745,0.924021,0.280321
H3_512C_pruned50_Physical_pruning,260-123440-0001.wav,generated_audios/generated_H3_512C_pruned50/260-123440-0001_generated.wav,1.74,0.415165,0.41206,0.238601,0.236816,2.37413,0.938392,0.263979
H3_512C_pruned50_Physical_pruning,260-123440-0002.wav,generated_audios/generated_H3_512C_pruned50/260-123440-0002_generated.wav,14.715011,4.4431,4.438728,0.301943,0.301646,2.273944,0.943669,0.282076
H3_512C_pruned50_Physical_pruning,260-123440-0003.wav,generated_audios/generated_H3_512C_pruned50/260-123440-0003_generated.wav,3.585034,0.837202,0.833602,0.233527,0.232523,2.224076,0.955331,0.275113
H3_512C_pruned50_Physical_pruning,260-123440-0004.wav,generated_audios/generated_H3_512C_pruned50/260-123440-0004_generated.wav,12.02,3.595544,3.591708,0.29913,0.298811,2.267129,0.942852,0.284365
H3_512C_pruned50_Physical_pruning,260-123440-0005.wav,generated_audios/generated_H3_512C_pruned50/260-123440-0005_generated.wav,3.105034,0.391681,0.388351,0.126144,0.125072,2.275033,0.950704,0.287712
H3_512C_pruned50_Physical_pruning,260-123440-0006.wav,generated_audios/generated_H3_512C_pruned50/260-123440-0006_generated.wav,2.715011,0.33512,0.332042,0.123432,0.122299,2.081773,0.945362,0.293934
H3_512C_pruned50_Physical_pruning,260-123440-0007.wav,generated_audios/generated_H3_512C_pruned50/260-123440-0007_generated.wav,3.385034,0.736078,0.732959,0.217451,0.216529,2.026935,0.944329,0.294226
H3_512C_pruned50_Physical_pruning,260-123440-0008.wav,generated_audios/generated_H3_512C_pruned50/260-123440-0008_generated.wav,3.745034,0.871895,0.868711,0.232814,0.231964,2.201257,0.952212,0.283434
H3_512C_pruned50_Physical_pruning,260-123440-0009.wav,generated_audios/generated_H3_512C_pruned50/260-123440-0009_generated.wav,3.115011,0.731773,0.728737,0.234918,0.233943,2.383114,0.94822,0.297547
H3_512C_pruned50_Physical_pruning,260-123440-0010.wav,generated_audios/generated_H3_512C_pruned50/260-123440-0010_generated.wav,8.315011,2.082595,2.078696,0.250462,0.249993,2.156089,0.935887,0.295049
H3_512C_pruned50_Physical_pruning,260-123440-0011.wav,generated_audios/generated_H3_512C_pruned50/260-123440-0011_generated.wav,4.870023,0.66888,0.665642,0.137346,0.136681,2.426709,0.943688,0.294388
H3_512C_pruned50_Physical_pruning,260-123440-0012.wav,generated_audios/generated_H3_512C_pruned50/260-123440-0012_generated.wav,5.245034,1.248971,1.245464,0.238125,0.237456,2.260299,0.943321,0.317517
H3_512C_pruned50_Physical_pruning,260-123440-0013.wav,generated_audios/generated_H3_512C_pruned50/260-123440-0013_generated.wav,3.475011,0.836113,0.833088,0.240607,0.239737,2.207726,0.940936,0.315814
H3_512C_pruned50_Physical_pruning,260-123440-0014.wav,generated_audios/generated_H3_512C_pruned50/260-123440-0014_generated.wav,3.815011,0.917364,0.914005,0.240462,0.239581,2.786809,0.954712,0.295303
H3_512C_pruned50_Physical_pruning,260-123440-0015.wav,generated_audios/generated_H3_512C_pruned50/260-123440-0015_generated.wav,6.2,0.857703,0.854081,0.138339,0.137755,2.453841,0.953577,0.269956
H3_512C_pruned50_Physical_pruning,260-123440-0016.wav,generated_audios/generated_H3_512C_pruned50/260-123440-0016_generated.wav,4.895011,1.181357,1.178018,0.241339,0.240657,2.471572,0.960332,0.277227
H3_512C_pruned50_Physical_pruning,260-123440-0017.wav,generated_audios/generated_H3_512C_pruned50/260-123440-0017_generated.wav,3.070023,0.429058,0.425796,0.139757,0.138695,2.338747,0.950686,0.272627
H3_512C_pruned50_Physical_pruning,260-123440-0018.wav,generated_audios/generated_H3_512C_pruned50/260-123440-0018_generated.wav,3.64,0.859852,0.85706,0.236223,0.235456,2.587503,0.952897,0.297949
H3_512C_pruned50_Physical_pruning,260-123440-0019.wav,generated_audios/generated_H3_512C_pruned50/260-123440-0019_generated.wav,6.630023,1.58463,1.580894,0.239008,0.238445,2.138307,0.946094,0.275323
H3_512C_pruned50_Physical_pruning,260-123440-0020.wav,generated_audios/generated_H3_512C_pruned50/260-123440-0020_generated.wav,4.995011,1.214666,1.211355,0.243176,0.242513,2.380655,0.950571,0.281986
H3_512C_pruned50_Physical_pruning,61-70968-0000.wav,generated_audios/generated_H3_512C_pruned50/61-70968-0000_generated.wav,4.905034,1.191485,1.188358,0.242911,0.242273,2.1523,0.950565,0.267848
H3_512C_pruned50_Physical_pruning,61-70968-0001.wav,generated_audios/generated_H3_512C_pruned50/61-70968-0001_generated.wav,3.610023,0.85649,0.853417,0.237253,0.236402,2.236955,0.937205,0.26007
H3_512C_pruned50_Physical_pruning,61-70968-0002.wav,generated_audios/generated_H3_512C_pruned50/61-70968-0002_generated.wav,2.970023,0.684435,0.681422,0.230448,0.229433,2.246592,0.929503,0.263516
H3_512C_pruned50_Physical_pruning,61-70968-0003.wav,generated_audios/generated_H3_512C_pruned50/61-70968-0003_generated.wav,4.315011,0.599075,0.595878,0.138835,0.138094,2.452248,0.952803,0.266884
H3_512C_pruned50_Physical_pruning,61-70968-0004.wav,generated_audios/generated_H3_512C_pruned50/61-70968-0004_generated.wav,3.885034,0.944474,0.940984,0.243106,0.242207,2.260341,0.954797,0.264948
H3_512C_pruned50_Physical_pruning,61-70968-0005.wav,generated_audios/generated_H3_512C_pruned50/61-70968-0005_generated.wav,5.070023,0.711378,0.707881,0.140311,0.139621,1.960217,0.917169,0.270305
H3_512C_pruned50_Physical_pruning,61-70968-0006.wav,generated_audios/generated_H3_512C_pruned50/61-70968-0006_generated.wav,2.935011,0.665164,0.662252,0.226631,0.225639,2.040747,0.950224,0.268035
H3_512C_pruned50_Physical_pruning,61-70968-0007.wav,generated_audios/generated_H3_512C_pruned50/61-70968-0007_generated.wav,3.550023,0.476802,0.473422,0.13431,0.133357,2.219036,0.896841,0.263565
H3_512C_pruned50_Physical_pruning,61-70968-0008.wav,generated_audios/generated_H3_512C_pruned50/61-70968-0008_generated.wav,3.535011,0.474239,0.47133,0.134155,0.133332,2.0858,0.940761,0.26766
H3_512C_pruned50_Physical_pruning,61-70968-0009.wav,generated_audios/generated_H3_512C_pruned50/61-70968-0009_generated.wav,4.510023,1.084256,1.081179,0.24041,0.239728,2.431196,0.927513,0.271983
H3_512C_pruned50_Physical_pruning,61-70968-0010.wav,generated_audios/generated_H3_512C_pruned50/61-70968-0010_generated.wav,8.295011,2.05242,2.048882,0.247428,0.247002,2.26817,0.940842,0.269521
H3_512C_pruned50_Physical_pruning,61-70968-0011.wav,generated_audios/generated_H3_512C_pruned50/61-70968-0011_generated.wav,6.375011,1.523785,1.520097,0.239025,0.238446,2.058055,0.943823,0.266164
H3_512C_pruned50_Physical_pruning,61-70968-0012.wav,generated_audios/generated_H3_512C_pruned50/61-70968-0012_generated.wav,2.610023,0.330982,0.327979,0.126812,0.125661,2.920979,0.966026,0.270124
H3_512C_pruned50_Physical_pruning,61-70968-0013.wav,generated_audios/generated_H3_512C_pruned50/61-70968-0013_generated.wav,4.450023,0.578195,0.574843,0.129931,0.129177,2.683071,0.943469,0.259866
H3_512C_pruned50_Physical_pruning,61-70968-0014.wav,generated_audios/generated_H3_512C_pruned50/61-70968-0014_generated.wav,7.485034,1.83091,1.827064,0.244609,0.244096,2.44476,0.944776,0.260795
H3_512C_pruned50_Physical_pruning,61-70968-0015.wav,generated_audios/generated_H3_512C_pruned50/61-70968-0015_generated.wav,5.375011,1.291761,1.288477,0.240327,0.239716,2.383709,0.951027,0.270623
H3_512C_pruned50_Physical_pruning,61-70968-0016.wav,generated_audios/generated_H3_512C_pruned50/61-70968-0016_generated.wav,3.72,0.887791,0.884383,0.238654,0.237737,2.664504,0.9636,0.267421
H3_512C_pruned50_Physical_pruning,61-70968-0017.wav,generated_audios/generated_H3_512C_pruned50/61-70968-0017_generated.wav,5.110023,1.199331,1.195981,0.234702,0.234046,2.006381,0.945129,0.267624
H3_512C_pruned50_Physical_pruning,61-70968-0018.wav,generated_audios/generated_H3_512C_pruned50/61-70968-0018_generated.wav,2.405034,0.534632,0.531443,0.222297,0.220971,2.509164,0.952664,0.263288
H3_512C_pruned50_Physical_pruning,61-70968-0019.wav,generated_audios/generated_H3_512C_pruned50/61-70968-0019_generated.wav,5.475011,1.315177,1.311497,0.240214,0.239542,2.388415,0.948477,0.270168
H3_512C_pruned50_Physical_pruning,61-70968-0020.wav,generated_audios/generated_H3_512C_pruned50/61-70968-0020_generated.wav,5.105034,1.235945,1.232309,0.242103,0.241391,2.523702,0.94315,0.264015
H3_512C_pruned50_Physical_pruning,61-70968-0021.wav,generated_audios/generated_H3_512C_pruned50/61-70968-0021_generated.wav,2.690023,0.621789,0.618455,0.231147,0.229907,2.310987,0.921273,0.270621
H3_512C_pruned50_Physical_pruning,61-70968-0022.wav,generated_audios/generated_H3_512C_pruned50/61-70968-0022_generated.wav,4.670023,0.612807,0.609621,0.131221,0.130539,2.398203,0.927066,0.270402
H3_512C_pruned50_Physical_pruning,61-70968-0023.wav,generated_audios/generated_H3_512C_pruned50/61-70968-0023_generated.wav,5.025034,0.670847,0.667457,0.133501,0.132826,2.553509,0.957197,0.264653
H3_512C_pruned50_Physical_pruning,61-70968-0024.wav,generated_audios/generated_H3_512C_pruned50/61-70968-0024_generated.wav,6.025034,1.457667,1.454516,0.241935,0.241412,1.394273,0.936976,0.269473
H3_512C_pruned50_Physical_pruning,61-70968-0025.wav,generated_audios/generated_H3_512C_pruned50/61-70968-0025_generated.wav,4.410023,0.600026,0.596684,0.13606,0.135302,2.484399,0.95043,0.2664
H3_512C_pruned50_Physical_pruning,61-70968-0026.wav,generated_audios/generated_H3_512C_pruned50/61-70968-0026_generated.wav,4.92,1.192438,1.188967,0.242365,0.24166,2.513174,0.964763,0.258531
H3_512C_pruned50_Physical_pruning,61-70968-0027.wav,generated_audios/generated_H3_512C_pruned50/61-70968-0027_generated.wav,6.870023,1.674544,1.671038,0.243747,0.243236,2.700451,0.956816,0.26115
H3_512C_pruned50_Physical_pruning,61-70968-0028.wav,generated_audios/generated_H3_512C_pruned50/61-70968-0028_generated.wav,5.355011,1.280357,1.277195,0.239095,0.238505,2.553556,0.956283,0.258216
H3_512C_pruned50_Physical_pruning,61-70968-0029.wav,generated_audios/generated_H3_512C_pruned50/61-70968-0029_generated.wav,3.495011,0.844612,0.841489,0.241662,0.240769,2.282537,0.948343,0.256921
H3_512C_pruned50_Physical_pruning,61-70968-0030.wav,generated_audios/generated_H3_512C_pruned50/61-70968-0030_generated.wav,5.685034,1.357283,1.353753,0.238747,0.238126,2.34812,0.943725,0.259471
H3_512C_pruned50_Physical_pruning,61-70968-0031.wav,generated_audios/generated_H3_512C_pruned50/61-70968-0031_generated.wav,2.925034,0.707418,0.704493,0.241849,0.240849,2.337483,0.939734,0.258573
H3_512C_pruned50_Physical_pruning,61-70968-0032.wav,generated_audios/generated_H3_512C_pruned50/61-70968-0032_generated.wav,4.28,0.573979,0.570417,0.134107,0.133275,2.839372,0.9513,0.256543
H3_512C_pruned50_Physical_pruning,61-70968-0033.wav,generated_audios/generated_H3_512C_pruned50/61-70968-0033_generated.wav,5.685034,0.773744,0.770341,0.136102,0.135503,2.81453,0.964687,0.261112
H3_512C_pruned50_Physical_pruning,61-70968-0034.wav,generated_audios/generated_H3_512C_pruned50/61-70968-0034_generated.wav,4.230023,1.01162,1.008324,0.239152,0.238373,2.884998,0.955726,0.27728
H3_512C_pruned50_Physical_pruning,61-70968-0035.wav,generated_audios/generated_H3_512C_pruned50/61-70968-0035_generated.wav,7.950023,1.979633,1.975858,0.24901,0.248535,2.596303,0.953776,0.261886
H3_512C_pruned50_Physical_pruning,61-70968-0036.wav,generated_audios/generated_H3_512C_pruned50/61-70968-0036_generated.wav,2.934966,0.385566,0.382731,0.13137,0.130404,2.526883,0.938361,0.260069
H3_512C_pruned50_Physical_pruning,61-70968-0037.wav,generated_audios/generated_H3_512C_pruned50/61-70968-0037_generated.wav,4.315011,0.560557,0.557066,0.129909,0.129099,1.642291,0.914873,0.275679
H3_512C_pruned50_Physical_pruning,61-70968-0038.wav,generated_audios/generated_H3_512C_pruned50/61-70968-0038_generated.wav,2.050023,0.503088,0.500216,0.245406,0.244005,3.068508,0.914483,0.264931
H3_512C_pruned50_Physical_pruning,61-70968-0039.wav,generated_audios/generated_H3_512C_pruned50/61-70968-0039_generated.wav,3.805034,0.88503,0.881815,0.232595,0.23175,2.599027,0.928712,0.273727
H3_512C_pruned50_Physical_pruning,61-70968-0040.wav,generated_audios/generated_H3_512C_pruned50/61-70968-0040_generated.wav,3.950023,0.941726,0.938522,0.23841,0.237599,2.380591,0.94285,0.267033
H3_512C_pruned50_Physical_pruning,61-70968-0041.wav,generated_audios/generated_H3_512C_pruned50/61-70968-0041_generated.wav,6.825034,0.934937,0.93146,0.136986,0.136477,2.623357,0.933722,0.266353
H3_512C_pruned50_Physical_pruning,61-70968-0042.wav,generated_audios/generated_H3_512C_pruned50/61-70968-0042_generated.wav,2.785034,0.377985,0.375086,0.13572,0.134679,2.52419,0.945436,0.263698
H3_512C_pruned50_Physical_pruning,61-70968-0043.wav,generated_audios/generated_H3_512C_pruned50/61-70968-0043_generated.wav,6.735011,1.670645,1.66707,0.248054,0.247523,2.381943,0.927536,0.256512
H3_512C_pruned50_Physical_pruning,61-70968-0044.wav,generated_audios/generated_H3_512C_pruned50/61-70968-0044_generated.wav,2.770023,0.352669,0.34971,0.127316,0.126248,2.186449,0.927262,0.257616
H3_512C_pruned50_Physical_pruning,61-70968-0045.wav,generated_audios/generated_H3_512C_pruned50/61-70968-0045_generated.wav,3.475011,0.441862,0.43863,0.127154,0.126224,2.473153,0.918227,0.255023
H3_512C_pruned50_Physical_pruning,61-70968-0046.wav,generated_audios/generated_H3_512C_pruned50/61-70968-0046_generated.wav,3.550023,0.447903,0.444667,0.126169,0.125258,2.536484,0.951306,0.265734
H3_512C_pruned50_Physical_pruning,61-70968-0047.wav,generated_audios/generated_H3_512C_pruned50/61-70968-0047_generated.wav,4.775011,1.098771,1.095363,0.230109,0.229395,2.625007,0.951655,0.261786
H3_512C_pruned50_Physical_pruning,61-70968-0048.wav,generated_audios/generated_H3_512C_pruned50/61-70968-0048_generated.wav,3.02,0.72502,0.722046,0.240073,0.239088,2.000372,0.924179,0.263221
H3_512C_pruned50_Physical_pruning,61-70968-0049.wav,generated_audios/generated_H3_512C_pruned50/61-70968-0049_generated.wav,8.250023,2.092215,2.087975,0.253601,0.253087,2.390676,0.936761,0.264069
H3_512C_pruned50_Physical_pruning,61-70968-0050.wav,generated_audios/generated_H3_512C_pruned50/61-70968-0050_generated.wav,5.58,1.325493,1.322521,0.237544,0.237011,2.573481,0.941117,0.260026
H3_512C_pruned50_Physical_pruning,61-70968-0051.wav,generated_audios/generated_H3_512C_pruned50/61-70968-0051_generated.wav,3.135011,0.745088,0.741986,0.237667,0.236677,2.502074,0.928341,0.257322
H3_512C_pruned50_Physical_pruning,61-70968-0052.wav,generated_audios/generated_H3_512C_pruned50/61-70968-0052_generated.wav,2.650023,0.586777,0.583349,0.221423,0.22013,2.578316,0.952595,0.271651
H3_512C_pruned50_Physical_pruning,61-70968-0053.wav,generated_audios/generated_H3_512C_pruned50/61-70968-0053_generated.wav,4.22,0.573606,0.570224,0.135926,0.135124,2.539961,0.944333,0.265161
H3_512C_pruned50_Physical_pruning,61-70968-0054.wav,generated_audios/generated_H3_512C_pruned50/61-70968-0054_generated.wav,7.86,1.895009,1.891096,0.241095,0.240597,2.356486,0.95357,0.263141
H3_512C_pruned50_Physical_pruning,61-70968-0055.wav,generated_audios/generated_H3_512C_pruned50/61-70968-0055_generated.wav,3.965034,0.543398,0.540031,0.137048,0.136198,2.569098,0.936969,0.26254
H3_512C_pruned50_Physical_pruning,61-70968-0056.wav,generated_audios/generated_H3_512C_pruned50/61-70968-0056_generated.wav,3.565034,0.835981,0.832729,0.234495,0.233582,2.526234,0.951273,0.258617
H3_512C_pruned50_Physical_pruning,61-70968-0057.wav,generated_audios/generated_H3_512C_pruned50/61-70968-0057_generated.wav,5.065034,0.710077,0.706525,0.140192,0.139491,2.123784,0.92092,0.26728
H3_512C_pruned50_Physical_pruning,61-70968-0058.wav,generated_audios/generated_H3_512C_pruned50/61-70968-0058_generated.wav,1.82,0.397678,0.394544,0.218504,0.216783,2.370862,0.932166,0.262286
H3_512C_pruned50_Physical_pruning,61-70968-0059.wav,generated_audios/generated_H3_512C_pruned50/61-70968-0059_generated.wav,2.170023,0.277316,0.274213,0.127794,0.126364,2.349892,0.961061,0.270024
H3_512C_pruned50_Physical_pruning,61-70968-0060.wav,generated_audios/generated_H3_512C_pruned50/61-70968-0060_generated.wav,3.735011,0.493569,0.490251,0.132147,0.131258,2.381952,0.945199,0.268738
H3_512C_pruned50_Physical_pruning,61-70968-0061.wav,generated_audios/generated_H3_512C_pruned50/61-70968-0061_generated.wav,5.530023,1.339811,1.336427,0.242279,0.241667,1.875832,0.927756,0.273671
H3_512C_pruned50_Physical_pruning,61-70968-0062.wav,generated_audios/generated_H3_512C_pruned50/61-70968-0062_generated.wav,2.555011,0.311788,0.308865,0.12203,0.120886,2.589742,0.915539,0.261685
H3_512C_pruned50_Physical_pruning,61-70970-0000.wav,generated_audios/generated_H3_512C_pruned50/61-70970-0000_generated.wav,6.075011,1.456421,1.453035,0.23974,0.239182,2.193941,0.959013,0.267935
H3_512C_pruned50_Physical_pruning,61-70970-0001.wav,generated_audios/generated_H3_512C_pruned50/61-70970-0001_generated.wav,6.155011,1.50714,1.503766,0.244864,0.244316,2.583651,0.96385,0.266008
H3_512C_pruned50_Physical_pruning,61-70970-0002.wav,generated_audios/generated_H3_512C_pruned50/61-70970-0002_generated.wav,4.165034,0.972443,0.969358,0.233478,0.232737,2.466927,0.935979,0.26793
H3_512C_pruned50_Physical_pruning,61-70970-0003.wav,generated_audios/generated_H3_512C_pruned50/61-70970-0003_generated.wav,3.835011,0.859103,0.855795,0.224016,0.223153,2.671643,0.934802,0.252348
H3_512C_pruned50_Physical_pruning,61-70970-0004.wav,generated_audios/generated_H3_512C_pruned50/61-70970-0004_generated.wav,10.515011,2.626098,2.621951,0.249747,0.249353,2.585272,0.939441,0.257928
H3_512C_pruned50_Physical_pruning,61-70970-0005.wav,generated_audios/generated_H3_512C_pruned50/61-70970-0005_generated.wav,2.02,0.488568,0.485561,0.241865,0.240377,2.168845,0.925738,0.264051
H3_512C_pruned50_Physical_pruning,61-70970-0006.wav,generated_audios/generated_H3_512C_pruned50/61-70970-0006_generated.wav,2.335011,0.519316,0.516149,0.222404,0.221048,2.249815,0.955284,0.25933
H3_512C_pruned50_Physical_pruning,61-70970-0007.wav,generated_audios/generated_H3_512C_pruned50/61-70970-0007_generated.wav,4.485034,1.062481,1.059206,0.236895,0.236165,2.412622,0.936899,0.271647
H3_512C_pruned50_Physical_pruning,61-70970-0008.wav,generated_audios/generated_H3_512C_pruned50/61-70970-0008_generated.wav,2.150023,0.518735,0.515696,0.24127,0.239856,2.454737,0.922461,0.259823
H3_512C_pruned50_Physical_pruning,61-70970-0009.wav,generated_audios/generated_H3_512C_pruned50/61-70970-0009_generated.wav,3.405034,0.803411,0.79997,0.235948,0.234937,1.899616,0.941037,0.258913
H3_512C_pruned50_Physical_pruning,61-70970-0010.wav,generated_audios/generated_H3_512C_pruned50/61-70970-0010_generated.wav,3.045034,0.371911,0.368434,0.122137,0.120995,2.768925,0.929057,0.259905
H3_512C_pruned50_Physical_pruning,61-70970-0011.wav,generated_audios/generated_H3_512C_pruned50/61-70970-0011_generated.wav,6.075011,0.758057,0.754424,0.124783,0.124185,2.111154,0.919341,0.265011
H3_512C_pruned50_Physical_pruning,61-70970-0012.wav,generated_audios/generated_H3_512C_pruned50/61-70970-0012_generated.wav,3.135011,0.384615,0.381219,0.122684,0.121601,2.358321,0.954845,0.261036
H3_512C_pruned50_Physical_pruning,61-70970-0013.wav,generated_audios/generated_H3_512C_pruned50/61-70970-0013_generated.wav,4.350023,1.044904,1.041445,0.240207,0.239411,2.395814,0.947755,0.267442
H3_512C_pruned50_Physical_pruning,61-70970-0014.wav,generated_audios/generated_H3_512C_pruned50/61-70970-0014_generated.wav,3.405034,0.388226,0.384877,0.114015,0.113032,2.406369,0.959961,0.265109
H3_512C_pruned50_Physical_pruning,61-70970-0015.wav,generated_audios/generated_H3_512C_pruned50/61-70970-0015_generated.wav,8.415011,2.061225,2.05734,0.244946,0.244484,2.301798,0.954125,0.265828
H3_512C_pruned50_Physical_pruning,61-70970-0016.wav,generated_audios/generated_H3_512C_pruned50/61-70970-0016_generated.wav,4.370023,1.027755,1.024308,0.235183,0.234394,2.522373,0.961309,0.271887
H3_512C_pruned50_Physical_pruning,61-70970-0017.wav,generated_audios/generated_H3_512C_pruned50/61-70970-0017_generated.wav,2.550023,0.320337,0.317202,0.125621,0.124392,2.349288,0.928351,0.272021
H3_512C_pruned50_Physical_pruning,61-70970-0018.wav,generated_audios/generated_H3_512C_pruned50/61-70970-0018_generated.wav,4.6,1.069642,1.06613,0.232531,0.231767,2.368528,0.939655,0.27138
H3_512C_pruned50_Physical_pruning,61-70970-0019.wav,generated_audios/generated_H3_512C_pruned50/61-70970-0019_generated.wav,3.78,0.876376,0.872761,0.231846,0.230889,2.678101,0.950134,0.263482
H3_512C_pruned50_Physical_pruning,61-70970-0020.wav,generated_audios/generated_H3_512C_pruned50/61-70970-0020_generated.wav,5.025034,0.628019,0.624664,0.124978,0.12431,2.256598,0.928739,0.266005
H3_512C_pruned50_Physical_pruning,61-70970-0021.wav,generated_audios/generated_H3_512C_pruned50/61-70970-0021_generated.wav,5.405034,1.252558,1.249296,0.231739,0.231136,2.557253,0.945388,0.263988
H3_512C_pruned50_Physical_pruning,61-70970-0022.wav,generated_audios/generated_H3_512C_pruned50/61-70970-0022_generated.wav,3.970023,0.512684,0.509446,0.129139,0.128323,2.470283,0.939053,0.268468
H3_512C_pruned50_Physical_pruning,61-70970-0023.wav,generated_audios/generated_H3_512C_pruned50/61-70970-0023_generated.wav,3.705034,0.447977,0.444791,0.12091,0.12005,2.568633,0.959291,0.26449
H3_512C_pruned50_Physical_pruning,61-70970-0024.wav,generated_audios/generated_H3_512C_pruned50/61-70970-0024_generated.wav,7.235011,1.718726,1.715457,0.237557,0.237105,2.47893,0.957052,0.268249
H3_512C_pruned50_Physical_pruning,61-70970-0025.wav,generated_audios/generated_H3_512C_pruned50/61-70970-0025_generated.wav,7.435011,1.771694,1.768143,0.238291,0.237813,2.580989,0.960844,0.258565
H3_512C_pruned50_Physical_pruning,61-70970-0026.wav,generated_audios/generated_H3_512C_pruned50/61-70970-0026_generated.wav,5.475011,0.684972,0.681747,0.125109,0.12452,2.502895,0.942757,0.262892
H3_512C_pruned50_Physical_pruning,61-70970-0027.wav,generated_audios/generated_H3_512C_pruned50/61-70970-0027_generated.wav,5.08,0.630094,0.626483,0.124034,0.123323,2.612532,0.954457,0.262202
H3_512C_pruned50_Physical_pruning,61-70970-0028.wav,generated_audios/generated_H3_512C_pruned50/61-70970-0028_generated.wav,6.550023,0.834701,0.830893,0.127435,0.126853,2.404248,0.957138,0.259289
H3_512C_pruned50_Physical_pruning,61-70970-0029.wav,generated_audios/generated_H3_512C_pruned50/61-70970-0029_generated.wav,4.030023,0.491561,0.48828,0.121975,0.121161,2.617064,0.936214,0.26795
H3_512C_pruned50_Physical_pruning,61-70970-0030.wav,generated_audios/generated_H3_512C_pruned50/61-70970-0030_generated.wav,3.24,0.397625,0.394312,0.122724,0.121701,1.96687,0.932549,0.283416
H3_512C_pruned50_Physical_pruning,61-70970-0031.wav,generated_audios/generated_H3_512C_pruned50/61-70970-0031_generated.wav,5.135011,1.206794,1.203168,0.235013,0.234307,2.30928,0.951879,0.265384
H3_512C_pruned50_Physical_pruning,61-70970-0032.wav,generated_audios/generated_H3_512C_pruned50/61-70970-0032_generated.wav,3.135011,0.38363,0.380355,0.122369,0.121325,1.941369,0.941856,0.268591
H3_512C_pruned50_Physical_pruning,61-70970-0033.wav,generated_audios/generated_H3_512C_pruned50/61-70970-0033_generated.wav,3.42,0.768046,0.764658,0.224575,0.223584,2.161946,0.945861,0.270589
H3_512C_pruned50_Physical_pruning,61-70970-0034.wav,generated_audios/generated_H3_512C_pruned50/61-70970-0034_generated.wav,4.485034,0.561208,0.557246,0.125129,0.124246,2.059432,0.924452,0.273715
H3_512C_pruned50_Physical_pruning,61-70970-0035.wav,generated_audios/generated_H3_512C_pruned50/61-70970-0035_generated.wav,7.405034,0.942313,0.938703,0.127253,0.126766,2.165107,0.948548,0.26382
H3_512C_pruned50_Physical_pruning,61-70970-0036.wav,generated_audios/generated_H3_512C_pruned50/61-70970-0036_generated.wav,6.785034,0.869743,0.866017,0.128186,0.127636,2.142863,0.943353,0.263459
H3_512C_pruned50_Physical_pruning,61-70970-0037.wav,generated_audios/generated_H3_512C_pruned50/61-70970-0037_generated.wav,5.98,1.396386,1.392815,0.233509,0.232912,2.512816,0.945758,0.26378
H3_512C_pruned50_Physical_pruning,61-70970-0038.wav,generated_audios/generated_H3_512C_pruned50/61-70970-0038_generated.wav,10.4,2.517236,2.513053,0.242042,0.24164,2.293222,0.94521,0.267589
H3_512C_pruned50_Physical_pruning,61-70970-0039.wav,generated_audios/generated_H3_512C_pruned50/61-70970-0039_generated.wav,6.665034,0.844301,0.84091,0.126676,0.126167,2.00779,0.928714,0.271997
H3_512C_pruned50_Physical_pruning,61-70970-0040.wav,generated_audios/generated_H3_512C_pruned50/61-70970-0040_generated.wav,4.165034,0.51458,0.511329,0.123547,0.122767,2.371439,0.950602,0.271293
H3_512C_pruned50_Physical_pruning,672-122797-0000.wav,generated_audios/generated_H3_512C_pruned50/672-122797-0000_generated.wav,4.070023,0.966283,0.962945,0.237415,0.236594,2.814573,0.957882,0.272669
H3_512C_pruned50_Physical_pruning,672-122797-0001.wav,generated_audios/generated_H3_512C_pruned50/672-122797-0001_generated.wav,15.130023,4.641111,4.636532,0.306748,0.306446,2.964733,0.954914,0.269871
H3_512C_pruned50_Physical_pruning,672-122797-0002.wav,generated_audios/generated_H3_512C_pruned50/672-122797-0002_generated.wav,13.62,4.182824,4.178125,0.307109,0.306764,2.668998,0.949376,0.27172
H3_512C_pruned50_Physical_pruning,672-122797-0003.wav,generated_audios/generated_H3_512C_pruned50/672-122797-0003_generated.wav,4.76,1.142869,1.139585,0.240099,0.239409,2.460834,0.927746,0.270565
H3_512C_pruned50_Physical_pruning,672-122797-0004.wav,generated_audios/generated_H3_512C_pruned50/672-122797-0004_generated.wav,10.250023,2.480675,2.476699,0.242017,0.241629,2.361012,0.929882,0.281323
H3_512C_pruned50_Physical_pruning,672-122797-0005.wav,generated_audios/generated_H3_512C_pruned50/672-122797-0005_generated.wav,3.26,0.796219,0.79298,0.244239,0.243245,2.714143,0.896491,0.279227
H3_512C_pruned50_Physical_pruning,672-122797-0006.wav,generated_audios/generated_H3_512C_pruned50/672-122797-0006_generated.wav,13.950023,4.051082,4.046744,0.2904,0.290089,2.424293,0.887105,0.298558
H3_512C_pruned50_Physical_pruning,672-122797-0007.wav,generated_audios/generated_H3_512C_pruned50/672-122797-0007_generated.wav,6.42,1.473513,1.469733,0.229519,0.22893,2.629638,0.906175,0.279292
H3_512C_pruned50_Physical_pruning,672-122797-0008.wav,generated_audios/generated_H3_512C_pruned50/672-122797-0008_generated.wav,30.810023,9.909468,9.902313,0.321631,0.321399,2.690747,0.90792,0.276868
H3_512C_pruned50_Physical_pruning,672-122797-0009.wav,generated_audios/generated_H3_512C_pruned50/672-122797-0009_generated.wav,2.765034,0.351401,0.347796,0.127088,0.125784,2.487774,0.89254,0.314468
H3_512C_pruned50_Physical_pruning,672-122797-0010.wav,generated_audios/generated_H3_512C_pruned50/672-122797-0010_generated.wav,3.815011,0.484031,0.480584,0.126875,0.125972,2.529547,0.925745,0.288928
H3_512C_pruned50_Physical_pruning,672-122797-0011.wav,generated_audios/generated_H3_512C_pruned50/672-122797-0011_generated.wav,2.54,0.599262,0.596004,0.23593,0.234647,1.940045,0.921419,0.325033
H3_512C_pruned50_Physical_pruning,672-122797-0012.wav,generated_audios/generated_H3_512C_pruned50/672-122797-0012_generated.wav,7.765034,1.871179,1.86738,0.240975,0.240486,2.553059,0.922506,0.286493
H3_512C_pruned50_Physical_pruning,672-122797-0013.wav,generated_audios/generated_H3_512C_pruned50/672-122797-0013_generated.wav,8.705034,2.067459,2.063976,0.237502,0.237101,2.421225,0.899461,0.286728
H3_512C_pruned50_Physical_pruning,672-122797-0014.wav,generated_audios/generated_H3_512C_pruned50/672-122797-0014_generated.wav,2.555011,0.315617,0.312352,0.123529,0.122251,2.198975,0.927991,0.304459
H3_512C_pruned50_Physical_pruning,672-122797-0015.wav,generated_audios/generated_H3_512C_pruned50/672-122797-0015_generated.wav,4.455011,0.553301,0.549413,0.124197,0.123325,2.607693,0.916416,0.320629
H3_512C_pruned50_Physical_pruning,672-122797-0016.wav,generated_audios/generated_H3_512C_pruned50/672-122797-0016_generated.wav,9.215011,2.214527,2.210094,0.240317,0.239836,2.366706,0.904367,0.291615
H3_512C_pruned50_Physical_pruning,672-122797-0017.wav,generated_audios/generated_H3_512C_pruned50/672-122797-0017_generated.wav,4.82,1.105052,1.101452,0.229264,0.228517,2.544106,0.911118,0.309551
H3_512C_pruned50_Physical_pruning,672-122797-0018.wav,generated_audios/generated_H3_512C_pruned50/672-122797-0018_generated.wav,4.930023,1.152684,1.149436,0.233809,0.23315,2.493989,0.927843,0.284308
H3_512C_pruned50_Physical_pruning,672-122797-0019.wav,generated_audios/generated_H3_512C_pruned50/672-122797-0019_generated.wav,4.110023,0.935898,0.932572,0.227711,0.226902,2.683197,0.922161,0.292312
H3_512C_pruned50_Physical_pruning,672-122797-0020.wav,generated_audios/generated_H3_512C_pruned50/672-122797-0020_generated.wav,8.825034,2.112637,2.108573,0.239391,0.238931,2.691231,0.909513,0.276257
H3_512C_pruned50_Physical_pruning,672-122797-0021.wav,generated_audios/generated_H3_512C_pruned50/672-122797-0021_generated.wav,4.150023,0.521683,0.518392,0.125706,0.124913,2.820111,0.955207,0.272426
H3_512C_pruned50_Physical_pruning,672-122797-0022.wav,generated_audios/generated_H3_512C_pruned50/672-122797-0022_generated.wav,19.004943,4.869364,4.863841,0.256216,0.255925,2.617597,0.906695,0.270073
H3_512C_pruned50_Physical_pruning,672-122797-0023.wav,generated_audios/generated_H3_512C_pruned50/672-122797-0023_generated.wav,9.695102,2.329371,2.324268,0.240263,0.239736,2.644318,0.923438,0.273483
H3_512C_pruned50_Physical_pruning,672-122797-0024.wav,generated_audios/generated_H3_512C_pruned50/672-122797-0024_generated.wav,4.130023,1.002154,0.998693,0.242651,0.241813,2.300613,0.895639,0.269448
H3_512C_pruned50_Physical_pruning,672-122797-0025.wav,generated_audios/generated_H3_512C_pruned50/672-122797-0025_generated.wav,10.690023,2.556352,2.552049,0.239134,0.238732,2.915774,0.947094,0.271573
H3_512C_pruned50_Physical_pruning,672-122797-0026.wav,generated_audios/generated_H3_512C_pruned50/672-122797-0026_generated.wav,13.96,3.406125,3.401767,0.243992,0.24368,2.418748,0.922517,0.275246
H3_512C_pruned50_Physical_pruning,672-122797-0027.wav,generated_audios/generated_H3_512C_pruned50/672-122797-0027_generated.wav,4.790023,0.613547,0.609983,0.128088,0.127345,2.464359,0.902862,0.265981
H3_512C_pruned50_Physical_pruning,672-122797-0028.wav,generated_audios/generated_H3_512C_pruned50/672-122797-0028_generated.wav,2.610023,0.327175,0.324041,0.125353,0.124153,2.595398,0.931296,0.284213
H3_512C_pruned50_Physical_pruning,672-122797-0029.wav,generated_audios/generated_H3_512C_pruned50/672-122797-0029_generated.wav,3.050023,0.382459,0.378913,0.125396,0.124233,3.421493,0.956466,0.276953
H3_512C_pruned50_Physical_pruning,672-122797-0030.wav,generated_audios/generated_H3_512C_pruned50/672-122797-0030_generated.wav,4.575011,1.097186,1.093753,0.239821,0.239071,2.649131,0.937763,0.287849
H3_512C_pruned50_Physical_pruning,672-122797-0031.wav,generated_audios/generated_H3_512C_pruned50/672-122797-0031_generated.wav,3.98,0.510869,0.507361,0.128359,0.127478,2.977368,0.916135,0.28135
H3_512C_pruned50_Physical_pruning,672-122797-0032.wav,generated_audios/generated_H3_512C_pruned50/672-122797-0032_generated.wav,4.0,0.513663,0.510339,0.128416,0.127585,2.519258,0.910825,0.273934
H3_512C_pruned50_Physical_pruning,672-122797-0033.wav,generated_audios/generated_H3_512C_pruned50/672-122797-0033_generated.wav,1.285034,0.329756,0.326775,0.256613,0.254293,2.087757,0.890646,0.30134
H3_512C_pruned50_Physical_pruning,672-122797-0034.wav,generated_audios/generated_H3_512C_pruned50/672-122797-0034_generated.wav,5.110023,0.65636,0.652739,0.128446,0.127737,2.502025,0.946948,0.284632
H3_512C_pruned50_Physical_pruning,672-122797-0035.wav,generated_audios/generated_H3_512C_pruned50/672-122797-0035_generated.wav,2.9,0.361687,0.358425,0.12472,0.123595,2.685444,0.964465,0.284291
H3_512C_pruned50_Physical_pruning,672-122797-0036.wav,generated_audios/generated_H3_512C_pruned50/672-122797-0036_generated.wav,5.365034,0.693282,0.689565,0.129222,0.128529,2.630235,0.905312,0.300621
H3_512C_pruned50_Physical_pruning,672-122797-0037.wav,generated_audios/generated_H3_512C_pruned50/672-122797-0037_generated.wav,1.96,0.447244,0.444156,0.228186,0.22661,2.49727,0.893213,0.329933
H3_512C_pruned50_Physical_pruning,672-122797-0038.wav,generated_audios/generated_H3_512C_pruned50/672-122797-0038_generated.wav,8.8,2.095393,2.091468,0.238113,0.237667,2.582855,0.91965,0.275666
H3_512C_pruned50_Physical_pruning,672-122797-0039.wav,generated_audios/generated_H3_512C_pruned50/672-122797-0039_generated.wav,4.025034,0.964137,0.960744,0.239535,0.238692,2.790859,0.930011,0.286605
H3_512C_pruned50_Physical_pruning,672-122797-0040.wav,generated_audios/generated_H3_512C_pruned50/672-122797-0040_generated.wav,5.125034,0.666229,0.662537,0.129995,0.129275,2.379902,0.925348,0.27299
H3_512C_pruned50_Physical_pruning,672-122797-0041.wav,generated_audios/generated_H3_512C_pruned50/672-122797-0041_generated.wav,3.88,0.495512,0.49207,0.127709,0.126822,2.988265,0.932907,0.274443
H3_512C_pruned50_Physical_pruning,672-122797-0042.wav,generated_audios/generated_H3_512C_pruned50/672-122797-0042_generated.wav,15.310023,3.776062,3.771828,0.24664,0.246363,2.746206,0.842752,0.271208
H3_512C_pruned50_Physical_pruning,672-122797-0043.wav,generated_audios/generated_H3_512C_pruned50/672-122797-0043_generated.wav,3.78,0.467453,0.464202,0.123665,0.122805,2.649513,0.892153,0.298636
H3_512C_pruned50_Physical_pruning,672-122797-0044.wav,generated_audios/generated_H3_512C_pruned50/672-122797-0044_generated.wav,3.74,0.467214,0.463898,0.124924,0.124037,2.65769,0.906068,0.282523
H3_512C_pruned50_Physical_pruning,672-122797-0045.wav,generated_audios/generated_H3_512C_pruned50/672-122797-0045_generated.wav,13.96,1.88756,1.883174,0.135212,0.134898,2.825311,0.947259,0.270788
H3_512C_pruned50_Physical_pruning,672-122797-0046.wav,generated_audios/generated_H3_512C_pruned50/672-122797-0046_generated.wav,4.715011,1.134701,1.131366,0.240657,0.23995,2.626245,0.921574,0.287023
H3_512C_pruned50_Physical_pruning,672-122797-0047.wav,generated_audios/generated_H3_512C_pruned50/672-122797-0047_generated.wav,3.325034,0.791994,0.788848,0.238191,0.237245,2.62183,0.908257,0.310514
H3_512C_pruned50_Physical_pruning,672-122797-0048.wav,generated_audios/generated_H3_512C_pruned50/672-122797-0048_generated.wav,6.555011,0.842761,0.83915,0.128568,0.128017,1.787138,0.869907,0.279401
H3_512C_pruned50_Physical_pruning,672-122797-0049.wav,generated_audios/generated_H3_512C_pruned50/672-122797-0049_generated.wav,2.02,0.251164,0.247868,0.124339,0.122707,2.587875,0.881417,0.284265
H3_512C_pruned50_Physical_pruning,672-122797-0050.wav,generated_audios/generated_H3_512C_pruned50/672-122797-0050_generated.wav,4.855011,1.192499,1.188837,0.245622,0.244868,2.884134,0.930529,0.267758
H3_512C_pruned50_Physical_pruning,672-122797-0051.wav,generated_audios/generated_H3_512C_pruned50/672-122797-0051_generated.wav,4.665034,1.117713,1.114313,0.239594,0.238865,2.492254,0.916635,0.284722
H3_512C_pruned50_Physical_pruning,672-122797-0052.wav,generated_audios/generated_H3_512C_pruned50/672-122797-0052_generated.wav,4.285034,0.980557,0.97701,0.228833,0.228005,2.45465,0.933964,0.290628
H3_512C_pruned50_Physical_pruning,672-122797-0053.wav,generated_audios/generated_H3_512C_pruned50/672-122797-0053_generated.wav,2.955011,0.364317,0.36117,0.123288,0.122223,2.713411,0.922525,0.272448
H3_512C_pruned50_Physical_pruning,672-122797-0054.wav,generated_audios/generated_H3_512C_pruned50/672-122797-0054_generated.wav,4.250023,0.550491,0.547135,0.129527,0.128737,2.869422,0.902105,0.275369
H3_512C_pruned50_Physical_pruning,672-122797-0055.wav,generated_audios/generated_H3_512C_pruned50/672-122797-0055_generated.wav,8.230023,1.945848,1.941903,0.236433,0.235954,2.65969,0.911824,0.271058
H3_512C_pruned50_Physical_pruning,672-122797-0056.wav,generated_audios/generated_H3_512C_pruned50/672-122797-0056_generated.wav,5.225034,0.662528,0.658855,0.126799,0.126096,2.549048,0.937775,0.279299
H3_512C_pruned50_Physical_pruning,672-122797-0057.wav,generated_audios/generated_H3_512C_pruned50/672-122797-0057_generated.wav,6.56,0.846094,0.842241,0.128978,0.12839,2.744152,0.881822,0.286628
H3_512C_pruned50_Physical_pruning,672-122797-0058.wav,generated_audios/generated_H3_512C_pruned50/672-122797-0058_generated.wav,4.470023,1.094069,1.090832,0.244757,0.244033,2.415236,0.887879,0.291584
H3_512C_pruned50_Physical_pruning,672-122797-0059.wav,generated_audios/generated_H3_512C_pruned50/672-122797-0059_generated.wav,3.52,0.810202,0.807026,0.230171,0.229269,2.8432,0.932179,0.275877
H3_512C_pruned50_Physical_pruning,672-122797-0060.wav,generated_audios/generated_H3_512C_pruned50/672-122797-0060_generated.wav,3.350023,0.420796,0.417498,0.12561,0.124625,3.101108,0.960326,0.272594
H3_512C_pruned50_Physical_pruning,672-122797-0061.wav,generated_audios/generated_H3_512C_pruned50/672-122797-0061_generated.wav,7.590023,1.789188,1.784753,0.235729,0.235145,2.89968,0.933593,0.302219
H3_512C_pruned50_Physical_pruning,672-122797-0062.wav,generated_audios/generated_H3_512C_pruned50/672-122797-0062_generated.wav,2.675011,0.647518,0.644568,0.242062,0.240959,2.693173,0.854548,0.281423
H3_512C_pruned50_Physical_pruning,672-122797-0063.wav,generated_audios/generated_H3_512C_pruned50/672-122797-0063_generated.wav,5.075011,0.635693,0.632337,0.125259,0.124598,2.980722,0.936259,0.279254
H3_512C_pruned50_Physical_pruning,672-122797-0064.wav,generated_audios/generated_H3_512C_pruned50/672-122797-0064_generated.wav,15.270023,3.768049,3.763598,0.246761,0.24647,2.634439,0.911945,0.280541
H3_512C_pruned50_Physical_pruning,672-122797-0065.wav,generated_audios/generated_H3_512C_pruned50/672-122797-0065_generated.wav,3.030023,0.377321,0.373887,0.124527,0.123394,2.46395,0.903923,0.283102
H3_512C_pruned50_Physical_pruning,672-122797-0066.wav,generated_audios/generated_H3_512C_pruned50/672-122797-0066_generated.wav,4.815011,0.607742,0.603678,0.126218,0.125374,2.739049,0.953692,0.278622
H3_512C_pruned50_Physical_pruning,672-122797-0067.wav,generated_audios/generated_H3_512C_pruned50/672-122797-0067_generated.wav,13.035011,3.161666,3.157405,0.242552,0.242225,2.75188,0.946717,0.27487
H3_512C_pruned50_Physical_pruning,672-122797-0068.wav,generated_audios/generated_H3_512C_pruned50/672-122797-0068_generated.wav,4.02,0.503693,0.50027,0.125297,0.124445,2.491484,0.916835,0.26916
H3_512C_pruned50_Physical_pruning,672-122797-0069.wav,generated_audios/generated_H3_512C_pruned50/672-122797-0069_generated.wav,5.010023,1.204484,1.201229,0.240415,0.239765,2.498911,0.893149,0.273659
H3_512C_pruned50_Physical_pruning,672-122797-0070.wav,generated_audios/generated_H3_512C_pruned50/672-122797-0070_generated.wav,6.270023,1.472342,1.46816,0.234822,0.234155,2.683404,0.952249,0.275427
H3_512C_pruned50_Physical_pruning,672-122797-0071.wav,generated_audios/generated_H3_512C_pruned50/672-122797-0071_generated.wav,8.875011,2.138927,2.134799,0.241006,0.24054,2.881193,0.959198,0.273887
H3_512C_pruned50_Physical_pruning,672-122797-0072.wav,generated_audios/generated_H3_512C_pruned50/672-122797-0072_generated.wav,7.94,1.8935,1.889882,0.238476,0.23802,2.725689,0.918781,0.281066
H3_512C_pruned50_Physical_pruning,672-122797-0073.wav,generated_audios/generated_H3_512C_pruned50/672-122797-0073_generated.wav,8.205034,1.963924,1.960366,0.239356,0.238922,2.835386,0.937882,0.27527
H3_512C_pruned50_Physical_pruning,672-122797-0074.wav,generated_audios/generated_H3_512C_pruned50/672-122797-0074_generated.wav,8.730023,2.081764,2.077443,0.23846,0.237965,2.819736,0.835622,0.276994
H3_512C_pruned50_Physical_pruning,908-157963-0000.wav,generated_audios/generated_H3_512C_pruned50/908-157963-0000_generated.wav,12.62,3.071976,3.067444,0.243421,0.243062,2.438206,0.941731,0.281131
H3_512C_pruned50_Physical_pruning,908-157963-0001.wav,generated_audios/generated_H3_512C_pruned50/908-157963-0001_generated.wav,2.885034,0.701401,0.69807,0.243117,0.241962,2.558895,0.964296,0.281535
H3_512C_pruned50_Physical_pruning,908-157963-0002.wav,generated_audios/generated_H3_512C_pruned50/908-157963-0002_generated.wav,2.755011,0.620173,0.616989,0.225107,0.223952,2.683306,0.956299,0.273816
H3_512C_pruned50_Physical_pruning,908-157963-0003.wav,generated_audios/generated_H3_512C_pruned50/908-157963-0003_generated.wav,3.08,0.72162,0.718083,0.234292,0.233144,2.46787,0.961283,0.278015
H3_512C_pruned50_Physical_pruning,908-157963-0004.wav,generated_audios/generated_H3_512C_pruned50/908-157963-0004_generated.wav,13.990023,3.418435,3.413651,0.244348,0.244006,2.556119,0.936205,0.276634
H3_512C_pruned50_Physical_pruning,908-157963-0005.wav,generated_audios/generated_H3_512C_pruned50/908-157963-0005_generated.wav,7.035011,1.673101,1.669388,0.237825,0.237297,2.198516,0.935412,0.27819
H3_512C_pruned50_Physical_pruning,908-157963-0006.wav,generated_audios/generated_H3_512C_pruned50/908-157963-0006_generated.wav,8.110023,1.958997,1.955045,0.241553,0.241065,2.141317,0.937207,0.281211
H3_512C_pruned50_Physical_pruning,908-157963-0007.wav,generated_audios/generated_H3_512C_pruned50/908-157963-0007_generated.wav,32.770023,10.172464,10.165394,0.31042,0.310204,2.305212,0.941047,0.276751
H3_512C_pruned50_Physical_pruning,908-157963-0008.wav,generated_audios/generated_H3_512C_pruned50/908-157963-0008_generated.wav,19.950023,5.401275,5.317264,0.27074,0.266529,2.41612,0.943318,0.273103
H3_512C_pruned50_Physical_pruning,908-157963-0009.wav,generated_audios/generated_H3_512C_pruned50/908-157963-0009_generated.wav,4.06,0.948098,0.944613,0.233522,0.232663,2.524793,0.950248,0.27353
H3_512C_pruned50_Physical_pruning,908-157963-0010.wav,generated_audios/generated_H3_512C_pruned50/908-157963-0010_generated.wav,6.28,0.80106,0.797527,0.127557,0.126995,2.270436,0.910242,0.280031
H3_512C_pruned50_Physical_pruning,908-157963-0011.wav,generated_audios/generated_H3_512C_pruned50/908-157963-0011_generated.wav,10.395011,1.343527,1.338972,0.129247,0.128809,2.166049,0.937488,0.281019
H3_512C_pruned50_Physical_pruning,908-157963-0012.wav,generated_audios/generated_H3_512C_pruned50/908-157963-0012_generated.wav,10.090023,2.405204,2.401003,0.238374,0.237958,2.212589,0.917331,0.274235
H3_512C_pruned50_Physical_pruning,908-157963-0013.wav,generated_audios/generated_H3_512C_pruned50/908-157963-0013_generated.wav,4.315011,0.52934,0.525851,0.122674,0.121865,2.313833,0.953136,0.277476
H3_512C_pruned50_Physical_pruning,908-157963-0014.wav,generated_audios/generated_H3_512C_pruned50/908-157963-0014_generated.wav,4.52,0.569453,0.56616,0.125985,0.125257,2.442242,0.94025,0.280008
H3_512C_pruned50_Physical_pruning,908-157963-0015.wav,generated_audios/generated_H3_512C_pruned50/908-157963-0015_generated.wav,14.465034,3.546286,3.541804,0.245163,0.244853,2.624319,0.952858,0.275413
H3_512C_pruned50_Physical_pruning,908-157963-0016.wav,generated_audios/generated_H3_512C_pruned50/908-157963-0016_generated.wav,5.105034,0.633627,0.63014,0.124118,0.123435,2.584368,0.958678,0.271415
H3_512C_pruned50_Physical_pruning,908-157963-0017.wav,generated_audios/generated_H3_512C_pruned50/908-157963-0017_generated.wav,4.950023,1.141947,1.138677,0.230695,0.230035,2.780005,0.95227,0.280253
H3_512C_pruned50_Physical_pruning,908-157963-0018.wav,generated_audios/generated_H3_512C_pruned50/908-157963-0018_generated.wav,4.255011,0.525099,0.521381,0.123407,0.122533,2.426374,0.943746,0.277948
H3_512C_pruned50_Physical_pruning,908-157963-0019.wav,generated_audios/generated_H3_512C_pruned50/908-157963-0019_generated.wav,21.44,6.259962,6.2545,0.291976,0.291721,2.135761,0.944778,0.279312
H3_512C_pruned50_Physical_pruning,908-157963-0020.wav,generated_audios/generated_H3_512C_pruned50/908-157963-0020_generated.wav,9.8,2.33787,2.333758,0.238558,0.238139,2.19202,0.946379,0.279869
H3_512C_pruned50_Physical_pruning,908-157963-0021.wav,generated_audios/generated_H3_512C_pruned50/908-157963-0021_generated.wav,10.24,1.335724,1.331618,0.130442,0.130041,2.322236,0.943434,0.275541
H3_512C_pruned50_Physical_pruning,908-157963-0022.wav,generated_audios/generated_H3_512C_pruned50/908-157963-0022_generated.wav,4.610023,1.099229,1.095626,0.238443,0.237662,2.165451,0.943638,0.274761
H3_512C_pruned50_Physical_pruning,908-157963-0023.wav,generated_audios/generated_H3_512C_pruned50/908-157963-0023_generated.wav,9.625034,2.296277,2.292136,0.238573,0.238143,2.40821,0.925562,0.274049
H3_512C_pruned50_Physical_pruning,908-157963-0024.wav,generated_audios/generated_H3_512C_pruned50/908-157963-0024_generated.wav,3.44,0.820728,0.817134,0.238584,0.237539,2.19143,0.939554,0.280703
H3_512C_pruned50_Physical_pruning,908-157963-0025.wav,generated_audios/generated_H3_512C_pruned50/908-157963-0025_generated.wav,9.265034,2.210069,2.206326,0.238539,0.238135,2.396656,0.939072,0.273687
H3_512C_pruned50_Physical_pruning,908-157963-0026.wav,generated_audios/generated_H3_512C_pruned50/908-157963-0026_generated.wav,8.1,1.928107,1.924287,0.238038,0.237566,2.319973,0.935745,0.27425
H3_512C_pruned50_Physical_pruning,908-157963-0027.wav,generated_audios/generated_H3_512C_pruned50/908-157963-0027_generated.wav,5.225034,0.660622,0.657045,0.126434,0.125749,2.11513,0.908699,0.280872
H3_512C_pruned50_Physical_pruning,908-157963-0028.wav,generated_audios/generated_H3_512C_pruned50/908-157963-0028_generated.wav,4.955011,0.616211,0.612783,0.124361,0.123669,2.390302,0.95384,0.275196
H3_512C_pruned50_Physical_pruning,908-157963-0029.wav,generated_audios/generated_H3_512C_pruned50/908-157963-0029_generated.wav,3.630023,0.837599,0.83417,0.230742,0.229797,2.470261,0.966189,0.271607
H3_512C_pruned50_Physical_pruning,908-157963-0030.wav,generated_audios/generated_H3_512C_pruned50/908-157963-0030_generated.wav,4.52,0.553857,0.550396,0.122535,0.121769,2.4813,0.961506,0.278019
H3_512C_pruned50_Physical_pruning,908-31957-0000.wav,generated_audios/generated_H3_512C_pruned50/908-31957-0000_generated.wav,2.125034,0.479398,0.476213,0.225595,0.224097,2.622335,0.933447,0.285703
H3_512C_pruned50_Physical_pruning,908-31957-0001.wav,generated_audios/generated_H3_512C_pruned50/908-31957-0001_generated.wav,11.315011,2.736144,2.732111,0.241815,0.241459,2.236821,0.942733,0.278538
H3_512C_pruned50_Physical_pruning,908-31957-0002.wav,generated_audios/generated_H3_512C_pruned50/908-31957-0002_generated.wav,4.790023,0.608804,0.605386,0.127098,0.126385,2.202551,0.941549,0.274189
H3_512C_pruned50_Physical_pruning,908-31957-0003.wav,generated_audios/generated_H3_512C_pruned50/908-31957-0003_generated.wav,6.565034,0.844305,0.840114,0.128606,0.127968,2.230808,0.94721,0.279981
H3_512C_pruned50_Physical_pruning,908-31957-0004.wav,generated_audios/generated_H3_512C_pruned50/908-31957-0004_generated.wav,14.755011,3.817659,3.813178,0.258736,0.258433,2.303768,0.946205,0.28117
H3_512C_pruned50_Physical_pruning,908-31957-0005.wav,generated_audios/generated_H3_512C_pruned50/908-31957-0005_generated.wav,4.490023,0.572076,0.56875,0.12741,0.12667,2.435599,0.947757,0.277494
H3_512C_pruned50_Physical_pruning,908-31957-0006.wav,generated_audios/generated_H3_512C_pruned50/908-31957-0006_generated.wav,5.890023,1.384663,1.381335,0.235086,0.234521,2.416018,0.946579,0.274948
H3_512C_pruned50_Physical_pruning,908-31957-0007.wav,generated_audios/generated_H3_512C_pruned50/908-31957-0007_generated.wav,5.8,0.743909,0.740171,0.12826,0.127616,2.220698,0.944931,0.28737
H3_512C_pruned50_Physical_pruning,908-31957-0008.wav,generated_audios/generated_H3_512C_pruned50/908-31957-0008_generated.wav,10.005034,2.408353,2.404084,0.240714,0.240287,2.30718,0.94406,0.281826
H3_512C_pruned50_Physical_pruning,908-31957-0009.wav,generated_audios/generated_H3_512C_pruned50/908-31957-0009_generated.wav,7.705034,1.812323,1.808752,0.235213,0.234749,2.31895,0.943172,0.282164
H3_512C_pruned50_Physical_pruning,908-31957-0010.wav,generated_audios/generated_H3_512C_pruned50/908-31957-0010_generated.wav,2.510023,0.549339,0.546084,0.218858,0.217562,2.617194,0.895042,0.266246
H3_512C_pruned50_Physical_pruning,908-31957-0011.wav,generated_audios/generated_H3_512C_pruned50/908-31957-0011_generated.wav,2.335011,0.283924,0.280923,0.121594,0.120309,2.274049,0.924005,0.270363
H3_512C_pruned50_Physical_pruning,908-31957-0012.wav,generated_audios/generated_H3_512C_pruned50/908-31957-0012_generated.wav,7.615011,1.804559,1.800685,0.236974,0.236465,2.241601,0.947324,0.28109
H3_512C_pruned50_Physical_pruning,908-31957-0013.wav,generated_audios/generated_H3_512C_pruned50/908-31957-0013_generated.wav,6.18,1.48157,1.477954,0.239736,0.239151,2.47471,0.935707,0.276629
H3_512C_pruned50_Physical_pruning,908-31957-0014.wav,generated_audios/generated_H3_512C_pruned50/908-31957-0014_generated.wav,7.56,1.785237,1.781679,0.236142,0.235672,2.162188,0.940609,0.274126
H3_512C_pruned50_Physical_pruning,908-31957-0015.wav,generated_audios/generated_H3_512C_pruned50/908-31957-0015_generated.wav,21.465034,6.640604,6.634881,0.309368,0.309102,2.252945,0.941604,0.275502
H3_512C_pruned50_Physical_pruning,908-31957-0016.wav,generated_audios/generated_H3_512C_pruned50/908-31957-0016_generated.wav,6.48,1.54391,1.540087,0.238258,0.237668,2.521678,0.951444,0.271507
H3_512C_pruned50_Physical_pruning,908-31957-0017.wav,generated_audios/generated_H3_512C_pruned50/908-31957-0017_generated.wav,7.795011,1.858596,1.854728,0.238434,0.237938,2.100965,0.948307,0.276344
H3_512C_pruned50_Physical_pruning,908-31957-0018.wav,generated_audios/generated_H3_512C_pruned50/908-31957-0018_generated.wav,3.915011,0.899537,0.896642,0.229766,0.229027,2.441904,0.938686,0.278393
H3_512C_pruned50_Physical_pruning,908-31957-0019.wav,generated_audios/generated_H3_512C_pruned50/908-31957-0019_generated.wav,9.54,2.309789,2.305653,0.242116,0.241683,2.385314,0.951184,0.276882
H3_512C_pruned50_Physical_pruning,908-31957-0020.wav,generated_audios/generated_H3_512C_pruned50/908-31957-0020_generated.wav,5.895011,0.742955,0.739293,0.126031,0.12541,2.403988,0.945413,0.279001
H3_512C_pruned50_Physical_pruning,908-31957-0021.wav,generated_audios/generated_H3_512C_pruned50/908-31957-0021_generated.wav,10.905034,2.710547,2.706302,0.248559,0.24817,2.31906,0.942308,0.276666
H3_512C_pruned50_Physical_pruning,908-31957-0022.wav,generated_audios/generated_H3_512C_pruned50/908-31957-0022_generated.wav,14.1,4.401959,4.397599,0.312196,0.311886,2.423375,0.941889,0.275142
H3_512C_pruned50_Physical_pruning,908-31957-0023.wav,generated_audios/generated_H3_512C_pruned50/908-31957-0023_generated.wav,8.515011,2.147163,2.143085,0.252162,0.251683,2.386153,0.950252,0.276189
H3_512C_pruned50_Physical_pruning,908-31957-0024.wav,generated_audios/generated_H3_512C_pruned50/908-31957-0024_generated.wav,7.54,1.836076,1.832362,0.243511,0.243019,2.356544,0.94228,0.276551
H3_512C_pruned50_Physical_pruning,908-31957-0025.wav,generated_audios/generated_H3_512C_pruned50/908-31957-0025_generated.wav,20.56,6.421123,6.415709,0.312311,0.312048,2.422674,0.94327,0.274551
H3_512C_pruned70_Physical_pruning,1089-134686-0000.wav,generated_audios/generated_H3_512C_pruned70/1089-134686-0000_generated.wav,10.435011,2.368445,2.362907,0.226971,0.22644,2.707647,0.958058,0.302236
H3_512C_pruned70_Physical_pruning,1089-134686-0001.wav,generated_audios/generated_H3_512C_pruned70/1089-134686-0001_generated.wav,3.275011,0.637268,0.63345,0.194585,0.193419,2.150651,0.939906,0.296662
H3_512C_pruned70_Physical_pruning,1089-134686-0002.wav,generated_audios/generated_H3_512C_pruned70/1089-134686-0002_generated.wav,6.625034,1.331283,1.327069,0.200947,0.200311,2.603084,0.944843,0.288295
H3_512C_pruned70_Physical_pruning,1089-134686-0003.wav,generated_audios/generated_H3_512C_pruned70/1089-134686-0003_generated.wav,2.68,0.541312,0.537486,0.201982,0.200554,2.803792,0.955124,0.321162
H3_512C_pruned70_Physical_pruning,1089-134686-0004.wav,generated_audios/generated_H3_512C_pruned70/1089-134686-0004_generated.wav,5.215102,1.056809,1.053439,0.202644,0.201998,2.789174,0.959098,0.302062
H3_512C_pruned70_Physical_pruning,1089-134686-0005.wav,generated_audios/generated_H3_512C_pruned70/1089-134686-0005_generated.wav,9.635011,2.081848,2.077708,0.216071,0.215641,2.375319,0.935388,0.303147
H3_512C_pruned70_Physical_pruning,1089-134686-0006.wav,generated_audios/generated_H3_512C_pruned70/1089-134686-0006_generated.wav,10.555011,2.180762,2.176562,0.206609,0.206211,2.575032,0.943343,0.296251
H3_512C_pruned70_Physical_pruning,1089-134686-0007.wav,generated_audios/generated_H3_512C_pruned70/1089-134686-0007_generated.wav,4.275011,0.889666,0.885546,0.208108,0.207145,2.397775,0.955105,0.304336
H3_512C_pruned70_Physical_pruning,1089-134686-0008.wav,generated_audios/generated_H3_512C_pruned70/1089-134686-0008_generated.wav,6.730023,1.349765,1.345911,0.200559,0.199986,2.794853,0.951991,0.298434
H3_512C_pruned70_Physical_pruning,1089-134686-0009.wav,generated_audios/generated_H3_512C_pruned70/1089-134686-0009_generated.wav,10.575011,2.208653,2.204672,0.208856,0.208479,2.633096,0.961794,0.3023
H3_512C_pruned70_Physical_pruning,1089-134686-0010.wav,generated_audios/generated_H3_512C_pruned70/1089-134686-0010_generated.wav,4.405034,0.903192,0.899029,0.205036,0.204091,2.669924,0.956554,0.293354
H3_512C_pruned70_Physical_pruning,1089-134686-0011.wav,generated_audios/generated_H3_512C_pruned70/1089-134686-0011_generated.wav,12.445034,2.996092,2.991502,0.240746,0.240377,2.582688,0.950482,0.293641
H3_512C_pruned70_Physical_pruning,1089-134686-0012.wav,generated_audios/generated_H3_512C_pruned70/1089-134686-0012_generated.wav,11.64,2.495442,2.491424,0.214385,0.21404,2.671359,0.9543,0.302237
H3_512C_pruned70_Physical_pruning,1089-134686-0013.wav,generated_audios/generated_H3_512C_pruned70/1089-134686-0013_generated.wav,7.915011,1.662779,1.658455,0.210079,0.209533,2.528262,0.952407,0.301884
H3_512C_pruned70_Physical_pruning,1089-134686-0014.wav,generated_audios/generated_H3_512C_pruned70/1089-134686-0014_generated.wav,2.225034,0.469593,0.466337,0.21105,0.209586,2.048355,0.958017,0.302748
H3_512C_pruned70_Physical_pruning,1089-134686-0015.wav,generated_audios/generated_H3_512C_pruned70/1089-134686-0015_generated.wav,5.815011,1.211699,1.208084,0.208374,0.207753,2.756282,0.9551,0.294061
H3_512C_pruned70_Physical_pruning,1089-134686-0016.wav,generated_audios/generated_H3_512C_pruned70/1089-134686-0016_generated.wav,3.54,0.732452,0.729157,0.206907,0.205977,2.615259,0.951269,0.298185
H3_512C_pruned70_Physical_pruning,1089-134686-0017.wav,generated_audios/generated_H3_512C_pruned70/1089-134686-0017_generated.wav,8.870023,1.989041,1.985085,0.224243,0.223797,2.621038,0.955642,0.297088
H3_512C_pruned70_Physical_pruning,1089-134686-0018.wav,generated_audios/generated_H3_512C_pruned70/1089-134686-0018_generated.wav,15.72,4.328655,4.323568,0.27536,0.275036,2.560476,0.951176,0.30416
H3_512C_pruned70_Physical_pruning,1089-134686-0019.wav,generated_audios/generated_H3_512C_pruned70/1089-134686-0019_generated.wav,13.895011,3.862804,3.858253,0.277999,0.277672,2.512896,0.956589,0.299509
H3_512C_pruned70_Physical_pruning,1089-134686-0020.wav,generated_audios/generated_H3_512C_pruned70/1089-134686-0020_generated.wav,16.790023,4.626188,4.621431,0.275532,0.275249,2.347184,0.947771,0.304099
H3_512C_pruned70_Physical_pruning,1089-134686-0021.wav,generated_audios/generated_H3_512C_pruned70/1089-134686-0021_generated.wav,6.550023,1.36628,1.362659,0.208592,0.208039,2.460204,0.950484,0.301752
H3_512C_pruned70_Physical_pruning,1089-134686-0022.wav,generated_audios/generated_H3_512C_pruned70/1089-134686-0022_generated.wav,11.175011,2.319129,2.314939,0.207528,0.207153,2.747575,0.953983,0.297858
H3_512C_pruned70_Physical_pruning,1089-134686-0023.wav,generated_audios/generated_H3_512C_pruned70/1089-134686-0023_generated.wav,13.275011,3.292004,3.2876,0.247985,0.247653,2.491098,0.951347,0.29826
H3_512C_pruned70_Physical_pruning,1089-134686-0024.wav,generated_audios/generated_H3_512C_pruned70/1089-134686-0024_generated.wav,11.655011,2.505036,2.500789,0.214932,0.214568,2.24294,0.953047,0.3006
H3_512C_pruned70_Physical_pruning,1089-134686-0025.wav,generated_audios/generated_H3_512C_pruned70/1089-134686-0025_generated.wav,6.610023,1.353713,1.350055,0.204797,0.204244,2.189863,0.956615,0.302054
H3_512C_pruned70_Physical_pruning,1089-134686-0026.wav,generated_audios/generated_H3_512C_pruned70/1089-134686-0026_generated.wav,4.010023,0.787604,0.784157,0.196409,0.195549,2.550696,0.948034,0.298873
H3_512C_pruned70_Physical_pruning,1089-134686-0027.wav,generated_audios/generated_H3_512C_pruned70/1089-134686-0027_generated.wav,2.710023,0.549412,0.546105,0.202733,0.201513,2.280081,0.961415,0.290425
H3_512C_pruned70_Physical_pruning,1089-134686-0028.wav,generated_audios/generated_H3_512C_pruned70/1089-134686-0028_generated.wav,7.830023,1.627606,1.623915,0.207867,0.207396,2.63378,0.949503,0.305683
H3_512C_pruned70_Physical_pruning,1089-134686-0029.wav,generated_audios/generated_H3_512C_pruned70/1089-134686-0029_generated.wav,4.670023,0.909371,0.905904,0.194725,0.193983,2.535581,0.938716,0.313272
H3_512C_pruned70_Physical_pruning,1089-134686-0030.wav,generated_audios/generated_H3_512C_pruned70/1089-134686-0030_generated.wav,2.715011,0.262063,0.25881,0.096524,0.095325,2.362974,0.941029,0.318609
H3_512C_pruned70_Physical_pruning,1089-134686-0031.wav,generated_audios/generated_H3_512C_pruned70/1089-134686-0031_generated.wav,6.615011,0.692022,0.688381,0.104614,0.104064,2.578341,0.948714,0.294051
H3_512C_pruned70_Physical_pruning,121-121726-0000.wav,generated_audios/generated_H3_512C_pruned70/121-121726-0000_generated.wav,8.46,1.773641,1.76948,0.20965,0.209158,2.621603,0.952362,0.315344
H3_512C_pruned70_Physical_pruning,121-121726-0001.wav,generated_audios/generated_H3_512C_pruned70/121-121726-0001_generated.wav,5.925034,1.209599,1.206182,0.204151,0.203574,2.969574,0.945925,0.266503
H3_512C_pruned70_Physical_pruning,121-121726-0002.wav,generated_audios/generated_H3_512C_pruned70/121-121726-0002_generated.wav,4.410023,0.453462,0.450108,0.102825,0.102065,3.253848,0.94348,0.298634
H3_512C_pruned70_Physical_pruning,121-121726-0003.wav,generated_audios/generated_H3_512C_pruned70/121-121726-0003_generated.wav,6.755011,1.400678,1.396784,0.207354,0.206777,3.067884,0.952386,0.283279
H3_512C_pruned70_Physical_pruning,121-121726-0004.wav,generated_audios/generated_H3_512C_pruned70/121-121726-0004_generated.wav,4.02,0.822463,0.819051,0.204593,0.203744,2.757067,0.957906,0.274304
H3_512C_pruned70_Physical_pruning,121-121726-0005.wav,generated_audios/generated_H3_512C_pruned70/121-121726-0005_generated.wav,3.1,0.611501,0.608098,0.197259,0.19616,3.259679,0.958579,0.222819
H3_512C_pruned70_Physical_pruning,121-121726-0006.wav,generated_audios/generated_H3_512C_pruned70/121-121726-0006_generated.wav,3.895011,0.800881,0.797086,0.205617,0.204643,2.992229,0.944635,0.274378
H3_512C_pruned70_Physical_pruning,121-121726-0007.wav,generated_audios/generated_H3_512C_pruned70/121-121726-0007_generated.wav,6.730023,0.775017,0.771342,0.115158,0.114612,2.924925,0.96345,0.279438
H3_512C_pruned70_Physical_pruning,121-121726-0008.wav,generated_audios/generated_H3_512C_pruned70/121-121726-0008_generated.wav,4.990023,1.011371,1.007659,0.202679,0.201935,3.032885,0.964192,0.256809
H3_512C_pruned70_Physical_pruning,121-121726-0009.wav,generated_audios/generated_H3_512C_pruned70/121-121726-0009_generated.wav,7.26,1.527002,1.523203,0.210331,0.209808,3.142006,0.959843,0.279343
H3_512C_pruned70_Physical_pruning,121-121726-0010.wav,generated_audios/generated_H3_512C_pruned70/121-121726-0010_generated.wav,9.810023,2.144482,2.140483,0.218601,0.218193,2.896533,0.951304,0.289445
H3_512C_pruned70_Physical_pruning,121-121726-0011.wav,generated_audios/generated_H3_512C_pruned70/121-121726-0011_generated.wav,4.035011,0.859044,0.830478,0.212897,0.205818,3.008772,0.955783,0.266271
H3_512C_pruned70_Physical_pruning,121-121726-0012.wav,generated_audios/generated_H3_512C_pruned70/121-121726-0012_generated.wav,4.045034,0.811304,0.80778,0.200568,0.199697,3.000715,0.953308,0.319191
H3_512C_pruned70_Physical_pruning,121-121726-0013.wav,generated_audios/generated_H3_512C_pruned70/121-121726-0013_generated.wav,2.490023,0.518101,0.514766,0.208071,0.206732,2.70166,0.960612,0.294475
H3_512C_pruned70_Physical_pruning,121-121726-0014.wav,generated_audios/generated_H3_512C_pruned70/121-121726-0014_generated.wav,3.165034,0.632156,0.628905,0.199731,0.198704,3.513918,0.963967,0.262436
H3_512C_pruned70_Physical_pruning,121-123852-0000.wav,generated_audios/generated_H3_512C_pruned70/121-123852-0000_generated.wav,17.695011,4.831447,4.826406,0.27304,0.272755,2.86719,0.957465,0.304311
H3_512C_pruned70_Physical_pruning,121-123852-0001.wav,generated_audios/generated_H3_512C_pruned70/121-123852-0001_generated.wav,1.870023,0.401118,0.398092,0.214499,0.212881,2.758986,0.898439,0.272253
H3_512C_pruned70_Physical_pruning,121-123852-0002.wav,generated_audios/generated_H3_512C_pruned70/121-123852-0002_generated.wav,17.285034,4.744453,4.739447,0.274483,0.274194,3.000864,0.953527,0.335939
H3_512C_pruned70_Physical_pruning,121-123852-0003.wav,generated_audios/generated_H3_512C_pruned70/121-123852-0003_generated.wav,23.505034,6.934708,6.929147,0.295031,0.294794,2.794859,0.952804,0.327786
H3_512C_pruned70_Physical_pruning,121-123852-0004.wav,generated_audios/generated_H3_512C_pruned70/121-123852-0004_generated.wav,16.290023,4.512352,4.508993,0.277001,0.276795,2.851073,0.955687,0.331367
H3_512C_pruned70_Physical_pruning,121-123859-0000.wav,generated_audios/generated_H3_512C_pruned70/121-123859-0000_generated.wav,17.390023,4.786263,4.781303,0.27523,0.274945,2.463933,0.946303,0.332453
H3_512C_pruned70_Physical_pruning,121-123859-0001.wav,generated_audios/generated_H3_512C_pruned70/121-123859-0001_generated.wav,25.395011,7.11002,7.103989,0.279977,0.27974,2.739225,0.955636,0.337418
H3_512C_pruned70_Physical_pruning,121-123859-0002.wav,generated_audios/generated_H3_512C_pruned70/121-123859-0002_generated.wav,30.04,8.665097,8.658628,0.288452,0.288237,2.789456,0.947885,0.333434
H3_512C_pruned70_Physical_pruning,121-123859-0003.wav,generated_audios/generated_H3_512C_pruned70/121-123859-0003_generated.wav,10.825034,2.447142,2.443421,0.226063,0.225719,2.830896,0.9552,0.308191
H3_512C_pruned70_Physical_pruning,121-123859-0004.wav,generated_audios/generated_H3_512C_pruned70/121-123859-0004_generated.wav,9.505034,2.103908,2.10013,0.221347,0.220949,2.605371,0.947113,0.329152
H3_512C_pruned70_Physical_pruning,121-127105-0000.wav,generated_audios/generated_H3_512C_pruned70/121-127105-0000_generated.wav,9.875011,2.129744,2.125725,0.21567,0.215263,2.270988,0.931511,0.31648
H3_512C_pruned70_Physical_pruning,121-127105-0001.wav,generated_audios/generated_H3_512C_pruned70/121-127105-0001_generated.wav,5.025034,1.011511,1.007914,0.201294,0.200578,2.498235,0.938274,0.336191
H3_512C_pruned70_Physical_pruning,121-127105-0002.wav,generated_audios/generated_H3_512C_pruned70/121-127105-0002_generated.wav,7.495011,1.57719,1.573164,0.210432,0.209895,2.606757,0.943353,0.336579
H3_512C_pruned70_Physical_pruning,121-127105-0003.wav,generated_audios/generated_H3_512C_pruned70/121-127105-0003_generated.wav,7.725034,1.619159,1.615234,0.209599,0.209091,2.858648,0.945865,0.315937
H3_512C_pruned70_Physical_pruning,121-127105-0004.wav,generated_audios/generated_H3_512C_pruned70/121-127105-0004_generated.wav,2.110023,0.444596,0.441425,0.210707,0.209204,1.601074,0.942633,0.275791
H3_512C_pruned70_Physical_pruning,121-127105-0005.wav,generated_audios/generated_H3_512C_pruned70/121-127105-0005_generated.wav,5.82,1.183778,1.181522,0.203398,0.203011,2.38822,0.944811,0.303148
H3_512C_pruned70_Physical_pruning,121-127105-0006.wav,generated_audios/generated_H3_512C_pruned70/121-127105-0006_generated.wav,4.725034,0.950012,0.946302,0.201059,0.200274,2.288085,0.937476,0.310716
H3_512C_pruned70_Physical_pruning,121-127105-0007.wav,generated_audios/generated_H3_512C_pruned70/121-127105-0007_generated.wav,5.790023,1.175913,1.172408,0.203093,0.202488,1.79743,0.943716,0.323298
H3_512C_pruned70_Physical_pruning,121-127105-0008.wav,generated_audios/generated_H3_512C_pruned70/121-127105-0008_generated.wav,2.76,0.537014,0.533739,0.19457,0.193384,2.695682,0.941351,0.31662
H3_512C_pruned70_Physical_pruning,121-127105-0009.wav,generated_audios/generated_H3_512C_pruned70/121-127105-0009_generated.wav,2.290023,0.471265,0.467901,0.20579,0.204322,2.63433,0.946448,0.351147
H3_512C_pruned70_Physical_pruning,121-127105-0010.wav,generated_audios/generated_H3_512C_pruned70/121-127105-0010_generated.wav,2.850023,0.580449,0.577197,0.203665,0.202524,2.478389,0.938247,0.328202
H3_512C_pruned70_Physical_pruning,121-127105-0011.wav,generated_audios/generated_H3_512C_pruned70/121-127105-0011_generated.wav,5.78,1.199345,1.19576,0.207499,0.206879,2.574511,0.929439,0.340831
H3_512C_pruned70_Physical_pruning,121-127105-0012.wav,generated_audios/generated_H3_512C_pruned70/121-127105-0012_generated.wav,4.830023,0.991073,0.987649,0.20519,0.204481,1.569565,0.938562,0.33698
H3_512C_pruned70_Physical_pruning,121-127105-0013.wav,generated_audios/generated_H3_512C_pruned70/121-127105-0013_generated.wav,5.895011,1.23703,1.233433,0.209843,0.209233,2.409184,0.946952,0.32281
H3_512C_pruned70_Physical_pruning,121-127105-0014.wav,generated_audios/generated_H3_512C_pruned70/121-127105-0014_generated.wav,2.255011,0.461424,0.458365,0.204621,0.203265,2.222088,0.902703,0.296088
H3_512C_pruned70_Physical_pruning,121-127105-0015.wav,generated_audios/generated_H3_512C_pruned70/121-127105-0015_generated.wav,2.96,0.60205,0.598694,0.203395,0.202261,2.800591,0.94902,0.332449
H3_512C_pruned70_Physical_pruning,121-127105-0016.wav,generated_audios/generated_H3_512C_pruned70/121-127105-0016_generated.wav,2.030023,0.376966,0.37389,0.185696,0.18418,2.169645,0.942717,0.341378
H3_512C_pruned70_Physical_pruning,121-127105-0017.wav,generated_audios/generated_H3_512C_pruned70/121-127105-0017_generated.wav,2.695011,0.552196,0.548981,0.204896,0.203703,2.711761,0.941304,0.353634
H3_512C_pruned70_Physical_pruning,121-127105-0018.wav,generated_audios/generated_H3_512C_pruned70/121-127105-0018_generated.wav,2.770023,0.568048,0.564674,0.20507,0.203852,2.46077,0.939652,0.333774
H3_512C_pruned70_Physical_pruning,121-127105-0019.wav,generated_audios/generated_H3_512C_pruned70/121-127105-0019_generated.wav,3.525034,0.689232,0.68586,0.195525,0.194568,2.377834,0.941747,0.324927
H3_512C_pruned70_Physical_pruning,121-127105-0020.wav,generated_audios/generated_H3_512C_pruned70/121-127105-0020_generated.wav,14.355011,3.964879,3.960447,0.276202,0.275893,2.640297,0.941218,0.336552
H3_512C_pruned70_Physical_pruning,121-127105-0021.wav,generated_audios/generated_H3_512C_pruned70/121-127105-0021_generated.wav,2.0,0.421065,0.418079,0.210533,0.209039,2.481631,0.94529,0.333635
H3_512C_pruned70_Physical_pruning,121-127105-0022.wav,generated_audios/generated_H3_512C_pruned70/121-127105-0022_generated.wav,5.075011,1.089892,1.086318,0.214757,0.214052,2.742623,0.93839,0.310954
H3_512C_pruned70_Physical_pruning,121-127105-0023.wav,generated_audios/generated_H3_512C_pruned70/121-127105-0023_generated.wav,10.910023,2.385151,2.380819,0.21862,0.218223,2.693102,0.936105,0.332084
H3_512C_pruned70_Physical_pruning,121-127105-0024.wav,generated_audios/generated_H3_512C_pruned70/121-127105-0024_generated.wav,14.450023,4.019585,4.014935,0.278172,0.27785,2.607737,0.945389,0.336032
H3_512C_pruned70_Physical_pruning,121-127105-0025.wav,generated_audios/generated_H3_512C_pruned70/121-127105-0025_generated.wav,16.065034,4.452113,4.447641,0.277131,0.276852,2.685665,0.945932,0.325244
H3_512C_pruned70_Physical_pruning,121-127105-0026.wav,generated_audios/generated_H3_512C_pruned70/121-127105-0026_generated.wav,7.530023,1.562161,1.558505,0.207458,0.206972,2.546712,0.954742,0.333555
H3_512C_pruned70_Physical_pruning,121-127105-0027.wav,generated_audios/generated_H3_512C_pruned70/121-127105-0027_generated.wav,13.870023,3.727591,3.723031,0.268752,0.268423,2.752911,0.949977,0.321654
H3_512C_pruned70_Physical_pruning,121-127105-0028.wav,generated_audios/generated_H3_512C_pruned70/121-127105-0028_generated.wav,6.750023,0.768212,0.764678,0.113809,0.113285,2.638359,0.94605,0.298402
H3_512C_pruned70_Physical_pruning,121-127105-0029.wav,generated_audios/generated_H3_512C_pruned70/121-127105-0029_generated.wav,7.310023,1.586145,1.58217,0.216982,0.216439,2.838134,0.952756,0.312414
H3_512C_pruned70_Physical_pruning,121-127105-0030.wav,generated_audios/generated_H3_512C_pruned70/121-127105-0030_generated.wav,2.175011,0.46732,0.464191,0.214859,0.21342,2.304897,0.932674,0.336755
H3_512C_pruned70_Physical_pruning,121-127105-0031.wav,generated_audios/generated_H3_512C_pruned70/121-127105-0031_generated.wav,10.765034,2.318112,2.313854,0.215337,0.214942,2.53412,0.923429,0.302377
H3_512C_pruned70_Physical_pruning,121-127105-0032.wav,generated_audios/generated_H3_512C_pruned70/121-127105-0032_generated.wav,3.170023,0.622377,0.61909,0.196332,0.195295,2.375324,0.945091,0.310833
H3_512C_pruned70_Physical_pruning,121-127105-0033.wav,generated_audios/generated_H3_512C_pruned70/121-127105-0033_generated.wav,2.355011,0.480633,0.477767,0.204089,0.202873,2.836497,0.954447,0.290938
H3_512C_pruned70_Physical_pruning,121-127105-0034.wav,generated_audios/generated_H3_512C_pruned70/121-127105-0034_generated.wav,7.410023,1.562496,1.558887,0.210863,0.210375,2.670974,0.942333,0.300401
H3_512C_pruned70_Physical_pruning,121-127105-0035.wav,generated_audios/generated_H3_512C_pruned70/121-127105-0035_generated.wav,14.150023,3.659167,3.65538,0.258598,0.25833,2.691393,0.93793,0.276621
H3_512C_pruned70_Physical_pruning,121-127105-0036.wav,generated_audios/generated_H3_512C_pruned70/121-127105-0036_generated.wav,4.150023,0.84205,0.83841,0.202903,0.202025,2.665988,0.927705,0.298241
H3_512C_pruned70_Physical_pruning,237-126133-0000.wav,generated_audios/generated_H3_512C_pruned70/237-126133-0000_generated.wav,13.290023,3.677845,3.673876,0.276737,0.276439,2.915085,0.955537,0.317805
H3_512C_pruned70_Physical_pruning,237-126133-0001.wav,generated_audios/generated_H3_512C_pruned70/237-126133-0001_generated.wav,11.965034,3.304108,3.300111,0.276147,0.275813,2.722439,0.948512,0.318782
H3_512C_pruned70_Physical_pruning,237-126133-0002.wav,generated_audios/generated_H3_512C_pruned70/237-126133-0002_generated.wav,8.92,1.876873,1.872959,0.210412,0.209973,2.499421,0.94757,0.331806
H3_512C_pruned70_Physical_pruning,237-126133-0003.wav,generated_audios/generated_H3_512C_pruned70/237-126133-0003_generated.wav,6.56,1.427088,1.423964,0.217544,0.217068,2.757126,0.941353,0.318178
H3_512C_pruned70_Physical_pruning,237-126133-0004.wav,generated_audios/generated_H3_512C_pruned70/237-126133-0004_generated.wav,3.295011,0.670756,0.667553,0.203567,0.202595,2.54568,0.948439,0.328829
H3_512C_pruned70_Physical_pruning,237-126133-0005.wav,generated_audios/generated_H3_512C_pruned70/237-126133-0005_generated.wav,6.510023,1.376585,1.373333,0.211456,0.210957,2.382761,0.949878,0.321025
H3_512C_pruned70_Physical_pruning,237-126133-0006.wav,generated_audios/generated_H3_512C_pruned70/237-126133-0006_generated.wav,6.150023,1.31213,1.308545,0.213354,0.212771,2.539641,0.950432,0.332432
H3_512C_pruned70_Physical_pruning,237-126133-0007.wav,generated_audios/generated_H3_512C_pruned70/237-126133-0007_generated.wav,8.68,1.825002,1.821019,0.210254,0.209795,2.426294,0.944005,0.343385
H3_512C_pruned70_Physical_pruning,237-126133-0008.wav,generated_audios/generated_H3_512C_pruned70/237-126133-0008_generated.wav,3.865034,0.795217,0.791765,0.205747,0.204853,2.832462,0.953046,0.3137
H3_512C_pruned70_Physical_pruning,237-126133-0009.wav,generated_audios/generated_H3_512C_pruned70/237-126133-0009_generated.wav,3.970023,0.830805,0.827536,0.20927,0.208446,2.634141,0.960511,0.326275
H3_512C_pruned70_Physical_pruning,237-126133-0010.wav,generated_audios/generated_H3_512C_pruned70/237-126133-0010_generated.wav,6.24,1.318109,1.31451,0.211235,0.210659,2.145563,0.911218,0.357544
H3_512C_pruned70_Physical_pruning,237-126133-0011.wav,generated_audios/generated_H3_512C_pruned70/237-126133-0011_generated.wav,6.710023,1.416665,1.412974,0.211127,0.210577,2.872178,0.951598,0.31172
H3_512C_pruned70_Physical_pruning,237-126133-0012.wav,generated_audios/generated_H3_512C_pruned70/237-126133-0012_generated.wav,4.450023,0.918078,0.914837,0.206309,0.20558,2.860919,0.952301,0.305345
H3_512C_pruned70_Physical_pruning,237-126133-0013.wav,generated_audios/generated_H3_512C_pruned70/237-126133-0013_generated.wav,6.815011,1.428462,1.424796,0.209605,0.209067,2.073386,0.922713,0.349508
H3_512C_pruned70_Physical_pruning,237-126133-0014.wav,generated_audios/generated_H3_512C_pruned70/237-126133-0014_generated.wav,6.790023,1.466689,1.462858,0.216007,0.215442,2.625884,0.947567,0.322111
H3_512C_pruned70_Physical_pruning,237-126133-0015.wav,generated_audios/generated_H3_512C_pruned70/237-126133-0015_generated.wav,9.34,1.94853,1.944649,0.208622,0.208207,2.565164,0.944505,0.324226
H3_512C_pruned70_Physical_pruning,237-126133-0016.wav,generated_audios/generated_H3_512C_pruned70/237-126133-0016_generated.wav,4.250023,0.858971,0.855504,0.20211,0.201294,2.870958,0.937373,0.337466
H3_512C_pruned70_Physical_pruning,237-126133-0017.wav,generated_audios/generated_H3_512C_pruned70/237-126133-0017_generated.wav,6.210023,1.307062,1.303128,0.210476,0.209843,3.006406,0.955804,0.311769
H3_512C_pruned70_Physical_pruning,237-126133-0018.wav,generated_audios/generated_H3_512C_pruned70/237-126133-0018_generated.wav,4.095011,0.897968,0.894525,0.219283,0.218443,2.716144,0.947738,0.307826
H3_512C_pruned70_Physical_pruning,237-126133-0019.wav,generated_audios/generated_H3_512C_pruned70/237-126133-0019_generated.wav,7.12,1.550684,1.546689,0.217793,0.217232,2.896829,0.953316,0.316947
H3_512C_pruned70_Physical_pruning,237-126133-0020.wav,generated_audios/generated_H3_512C_pruned70/237-126133-0020_generated.wav,2.24,0.435376,0.432763,0.194364,0.193198,2.737742,0.955751,0.317551
H3_512C_pruned70_Physical_pruning,237-126133-0021.wav,generated_audios/generated_H3_512C_pruned70/237-126133-0021_generated.wav,4.365034,0.908282,0.905021,0.208081,0.207334,2.574137,0.94641,0.317804
H3_512C_pruned70_Physical_pruning,237-126133-0022.wav,generated_audios/generated_H3_512C_pruned70/237-126133-0022_generated.wav,5.04,1.084085,1.080742,0.215096,0.214433,2.980444,0.954603,0.302752
H3_512C_pruned70_Physical_pruning,237-126133-0023.wav,generated_audios/generated_H3_512C_pruned70/237-126133-0023_generated.wav,6.675011,1.416785,1.413285,0.212252,0.211728,2.6233,0.950942,0.309841
H3_512C_pruned70_Physical_pruning,237-126133-0024.wav,generated_audios/generated_H3_512C_pruned70/237-126133-0024_generated.wav,9.665034,2.052722,2.048937,0.212386,0.211995,2.964173,0.958025,0.315523
H3_512C_pruned70_Physical_pruning,237-126133-0025.wav,generated_audios/generated_H3_512C_pruned70/237-126133-0025_generated.wav,3.755011,0.776164,0.773077,0.206701,0.205879,2.871601,0.95453,0.319566
H3_512C_pruned70_Physical_pruning,237-134493-0000.wav,generated_audios/generated_H3_512C_pruned70/237-134493-0000_generated.wav,4.105034,0.857803,0.854583,0.208964,0.208179,2.900539,0.954823,0.329939
H3_512C_pruned70_Physical_pruning,237-134493-0001.wav,generated_audios/generated_H3_512C_pruned70/237-134493-0001_generated.wav,7.38,1.556441,1.552921,0.2109,0.210423,3.086041,0.963525,0.319244
H3_512C_pruned70_Physical_pruning,237-134493-0002.wav,generated_audios/generated_H3_512C_pruned70/237-134493-0002_generated.wav,11.395011,2.475556,2.471538,0.217249,0.216896,3.086571,0.954546,0.31718
H3_512C_pruned70_Physical_pruning,237-134493-0003.wav,generated_audios/generated_H3_512C_pruned70/237-134493-0003_generated.wav,12.765034,3.551498,3.547664,0.278221,0.27792,3.046996,0.953768,0.317421
H3_512C_pruned70_Physical_pruning,237-134493-0004.wav,generated_audios/generated_H3_512C_pruned70/237-134493-0004_generated.wav,6.825034,1.426478,1.422866,0.209007,0.208478,2.813088,0.942298,0.336519
H3_512C_pruned70_Physical_pruning,237-134493-0005.wav,generated_audios/generated_H3_512C_pruned70/237-134493-0005_generated.wav,10.945034,2.387791,2.383509,0.218162,0.217771,2.824603,0.951796,0.32273
H3_512C_pruned70_Physical_pruning,237-134493-0006.wav,generated_audios/generated_H3_512C_pruned70/237-134493-0006_generated.wav,4.395011,0.889573,0.886063,0.202405,0.201607,2.734264,0.951706,0.333843
H3_512C_pruned70_Physical_pruning,237-134493-0007.wav,generated_audios/generated_H3_512C_pruned70/237-134493-0007_generated.wav,2.035011,0.418256,0.415325,0.20553,0.20409,2.47826,0.9553,0.330271
H3_512C_pruned70_Physical_pruning,237-134493-0008.wav,generated_audios/generated_H3_512C_pruned70/237-134493-0008_generated.wav,2.305034,0.450438,0.447246,0.195415,0.19403,3.135575,0.949675,0.29448
H3_512C_pruned70_Physical_pruning,237-134493-0009.wav,generated_audios/generated_H3_512C_pruned70/237-134493-0009_generated.wav,2.975011,0.613693,0.610634,0.206283,0.205254,2.699027,0.959434,0.321607
H3_512C_pruned70_Physical_pruning,237-134493-0010.wav,generated_audios/generated_H3_512C_pruned70/237-134493-0010_generated.wav,2.875011,0.602999,0.599751,0.209738,0.208608,3.007041,0.959024,0.305295
H3_512C_pruned70_Physical_pruning,237-134493-0011.wav,generated_audios/generated_H3_512C_pruned70/237-134493-0011_generated.wav,5.035011,1.090606,1.086881,0.216605,0.215865,2.919329,0.952305,0.328606
H3_512C_pruned70_Physical_pruning,237-134493-0012.wav,generated_audios/generated_H3_512C_pruned70/237-134493-0012_generated.wav,3.66,0.755298,0.752335,0.206366,0.205556,2.601141,0.952364,0.33999
H3_512C_pruned70_Physical_pruning,237-134493-0013.wav,generated_audios/generated_H3_512C_pruned70/237-134493-0013_generated.wav,4.090023,0.475142,0.471542,0.116171,0.115291,3.017474,0.950385,0.325349
H3_512C_pruned70_Physical_pruning,237-134493-0014.wav,generated_audios/generated_H3_512C_pruned70/237-134493-0014_generated.wav,3.7,0.767266,0.763934,0.207369,0.206469,2.842604,0.959387,0.321995
H3_512C_pruned70_Physical_pruning,237-134493-0015.wav,generated_audios/generated_H3_512C_pruned70/237-134493-0015_generated.wav,6.550023,0.784987,0.781346,0.119845,0.119289,2.72814,0.953201,0.331261
H3_512C_pruned70_Physical_pruning,237-134493-0016.wav,generated_audios/generated_H3_512C_pruned70/237-134493-0016_generated.wav,10.085034,2.274888,2.270391,0.225571,0.225125,2.945286,0.963229,0.312147
H3_512C_pruned70_Physical_pruning,237-134493-0017.wav,generated_audios/generated_H3_512C_pruned70/237-134493-0017_generated.wav,9.105034,2.03543,2.031972,0.22355,0.22317,2.973365,0.958692,0.316416
H3_512C_pruned70_Physical_pruning,237-134493-0018.wav,generated_audios/generated_H3_512C_pruned70/237-134493-0018_generated.wav,4.790023,1.018703,1.015256,0.212672,0.211952,3.007152,0.964078,0.316782
H3_512C_pruned70_Physical_pruning,237-134500-0000.wav,generated_audios/generated_H3_512C_pruned70/237-134500-0000_generated.wav,6.130023,1.322531,1.319226,0.215747,0.215207,3.137667,0.954641,0.318049
H3_512C_pruned70_Physical_pruning,237-134500-0001.wav,generated_audios/generated_H3_512C_pruned70/237-134500-0001_generated.wav,1.810023,0.38275,0.379992,0.211462,0.209938,2.301264,0.946761,0.323365
H3_512C_pruned70_Physical_pruning,237-134500-0002.wav,generated_audios/generated_H3_512C_pruned70/237-134500-0002_generated.wav,5.070023,1.085757,1.082303,0.214152,0.213471,2.871641,0.953136,0.318852
H3_512C_pruned70_Physical_pruning,237-134500-0003.wav,generated_audios/generated_H3_512C_pruned70/237-134500-0003_generated.wav,3.170023,0.36744,0.364024,0.115911,0.114833,2.90362,0.958684,0.308941
H3_512C_pruned70_Physical_pruning,237-134500-0004.wav,generated_audios/generated_H3_512C_pruned70/237-134500-0004_generated.wav,2.225034,0.23758,0.23463,0.106776,0.10545,3.240835,0.962575,0.299355
H3_512C_pruned70_Physical_pruning,237-134500-0005.wav,generated_audios/generated_H3_512C_pruned70/237-134500-0005_generated.wav,2.390023,0.498778,0.495832,0.208692,0.207459,2.643601,0.943181,0.337219
H3_512C_pruned70_Physical_pruning,237-134500-0006.wav,generated_audios/generated_H3_512C_pruned70/237-134500-0006_generated.wav,4.225034,0.865293,0.862328,0.204801,0.2041,2.687744,0.943354,0.348237
H3_512C_pruned70_Physical_pruning,237-134500-0007.wav,generated_audios/generated_H3_512C_pruned70/237-134500-0007_generated.wav,2.390023,0.244057,0.240872,0.102115,0.100782,2.684438,0.932642,0.363775
H3_512C_pruned70_Physical_pruning,237-134500-0008.wav,generated_audios/generated_H3_512C_pruned70/237-134500-0008_generated.wav,3.76,0.412948,0.409366,0.109827,0.108874,2.495204,0.942187,0.336548
H3_512C_pruned70_Physical_pruning,237-134500-0009.wav,generated_audios/generated_H3_512C_pruned70/237-134500-0009_generated.wav,2.22,0.225379,0.222192,0.101522,0.100087,2.732193,0.934009,0.336278
H3_512C_pruned70_Physical_pruning,237-134500-0010.wav,generated_audios/generated_H3_512C_pruned70/237-134500-0010_generated.wav,3.995011,0.84596,0.843769,0.211754,0.211206,2.548594,0.939652,0.345395
H3_512C_pruned70_Physical_pruning,237-134500-0011.wav,generated_audios/generated_H3_512C_pruned70/237-134500-0011_generated.wav,3.350023,0.68601,0.682565,0.204778,0.203749,2.522291,0.922812,0.346547
H3_512C_pruned70_Physical_pruning,237-134500-0012.wav,generated_audios/generated_H3_512C_pruned70/237-134500-0012_generated.wav,10.935011,2.433678,2.429727,0.222558,0.222197,2.739236,0.946747,0.330324
H3_512C_pruned70_Physical_pruning,237-134500-0013.wav,generated_audios/generated_H3_512C_pruned70/237-134500-0013_generated.wav,10.56,1.253923,1.249868,0.118743,0.118359,2.848303,0.959273,0.308949
H3_512C_pruned70_Physical_pruning,237-134500-0014.wav,generated_audios/generated_H3_512C_pruned70/237-134500-0014_generated.wav,4.250023,0.461228,0.458174,0.108524,0.107805,2.838066,0.945388,0.314607
H3_512C_pruned70_Physical_pruning,237-134500-0015.wav,generated_audios/generated_H3_512C_pruned70/237-134500-0015_generated.wav,10.815011,2.37952,2.375767,0.22002,0.219673,2.948675,0.959344,0.319882
H3_512C_pruned70_Physical_pruning,237-134500-0016.wav,generated_audios/generated_H3_512C_pruned70/237-134500-0016_generated.wav,3.16,0.328113,0.324837,0.103833,0.102796,2.262934,0.906208,0.365789
H3_512C_pruned70_Physical_pruning,237-134500-0017.wav,generated_audios/generated_H3_512C_pruned70/237-134500-0017_generated.wav,2.18,0.22456,0.221417,0.103009,0.101567,2.448403,0.942057,0.337896
H3_512C_pruned70_Physical_pruning,237-134500-0018.wav,generated_audios/generated_H3_512C_pruned70/237-134500-0018_generated.wav,12.845034,3.539542,3.534866,0.275557,0.275193,2.903575,0.959018,0.312852
H3_512C_pruned70_Physical_pruning,237-134500-0019.wav,generated_audios/generated_H3_512C_pruned70/237-134500-0019_generated.wav,2.86,0.558883,0.555799,0.195414,0.194335,2.598215,0.949722,0.30658
H3_512C_pruned70_Physical_pruning,237-134500-0020.wav,generated_audios/generated_H3_512C_pruned70/237-134500-0020_generated.wav,2.18,0.20766,0.204675,0.095257,0.093888,3.12025,0.969999,0.288006
H3_512C_pruned70_Physical_pruning,237-134500-0021.wav,generated_audios/generated_H3_512C_pruned70/237-134500-0021_generated.wav,5.12,1.062246,1.05869,0.20747,0.206775,2.228745,0.904195,0.357742
H3_512C_pruned70_Physical_pruning,237-134500-0022.wav,generated_audios/generated_H3_512C_pruned70/237-134500-0022_generated.wav,5.165034,1.080136,1.07665,0.209125,0.20845,2.606369,0.941091,0.351956
H3_512C_pruned70_Physical_pruning,237-134500-0023.wav,generated_audios/generated_H3_512C_pruned70/237-134500-0023_generated.wav,3.06,0.640575,0.637141,0.209338,0.208216,2.822286,0.950175,0.333736
H3_512C_pruned70_Physical_pruning,237-134500-0024.wav,generated_audios/generated_H3_512C_pruned70/237-134500-0024_generated.wav,4.410023,0.513173,0.509745,0.116365,0.115588,3.002931,0.954059,0.303754
H3_512C_pruned70_Physical_pruning,237-134500-0025.wav,generated_audios/generated_H3_512C_pruned70/237-134500-0025_generated.wav,1.630023,0.356799,0.354063,0.218892,0.217214,2.605738,0.941587,0.32266
H3_512C_pruned70_Physical_pruning,237-134500-0026.wav,generated_audios/generated_H3_512C_pruned70/237-134500-0026_generated.wav,3.050023,0.645007,0.641929,0.211476,0.210467,2.522089,0.928282,0.349928
H3_512C_pruned70_Physical_pruning,237-134500-0027.wav,generated_audios/generated_H3_512C_pruned70/237-134500-0027_generated.wav,3.270023,0.691288,0.688228,0.211402,0.210466,2.799202,0.94153,0.318684
H3_512C_pruned70_Physical_pruning,237-134500-0028.wav,generated_audios/generated_H3_512C_pruned70/237-134500-0028_generated.wav,4.524943,0.954116,0.950602,0.210857,0.21008,2.984152,0.949761,0.32813
H3_512C_pruned70_Physical_pruning,237-134500-0029.wav,generated_audios/generated_H3_512C_pruned70/237-134500-0029_generated.wav,2.065034,0.413706,0.410581,0.200339,0.198825,2.203141,0.952912,0.307559
H3_512C_pruned70_Physical_pruning,237-134500-0030.wav,generated_audios/generated_H3_512C_pruned70/237-134500-0030_generated.wav,2.78,0.575438,0.572439,0.206992,0.205913,2.850056,0.944606,0.324327
H3_512C_pruned70_Physical_pruning,237-134500-0031.wav,generated_audios/generated_H3_512C_pruned70/237-134500-0031_generated.wav,10.610023,2.383459,2.378465,0.224642,0.224172,2.863506,0.9503,0.314981
H3_512C_pruned70_Physical_pruning,237-134500-0032.wav,generated_audios/generated_H3_512C_pruned70/237-134500-0032_generated.wav,5.025034,0.594297,0.590927,0.118267,0.117597,2.8078,0.954217,0.310018
H3_512C_pruned70_Physical_pruning,237-134500-0033.wav,generated_audios/generated_H3_512C_pruned70/237-134500-0033_generated.wav,6.350023,1.348848,1.345467,0.212416,0.211884,2.946568,0.948159,0.32298
H3_512C_pruned70_Physical_pruning,237-134500-0034.wav,generated_audios/generated_H3_512C_pruned70/237-134500-0034_generated.wav,3.075011,0.630763,0.62738,0.205125,0.204025,2.925179,0.946775,0.303255
H3_512C_pruned70_Physical_pruning,237-134500-0035.wav,generated_audios/generated_H3_512C_pruned70/237-134500-0035_generated.wav,2.555011,0.528679,0.525468,0.206919,0.205662,2.337906,0.951589,0.33356
H3_512C_pruned70_Physical_pruning,237-134500-0036.wav,generated_audios/generated_H3_512C_pruned70/237-134500-0036_generated.wav,6.6,1.43183,1.428411,0.216944,0.216426,2.827519,0.960145,0.304978
H3_512C_pruned70_Physical_pruning,237-134500-0037.wav,generated_audios/generated_H3_512C_pruned70/237-134500-0037_generated.wav,7.105034,1.568115,1.564102,0.220705,0.22014,2.276273,0.920235,0.372625
H3_512C_pruned70_Physical_pruning,237-134500-0038.wav,generated_audios/generated_H3_512C_pruned70/237-134500-0038_generated.wav,2.435011,0.509428,0.506065,0.20921,0.207828,2.192567,0.916566,0.366078
H3_512C_pruned70_Physical_pruning,237-134500-0039.wav,generated_audios/generated_H3_512C_pruned70/237-134500-0039_generated.wav,4.630023,0.977472,0.973827,0.211116,0.210329,2.485873,0.928078,0.362009
H3_512C_pruned70_Physical_pruning,237-134500-0040.wav,generated_audios/generated_H3_512C_pruned70/237-134500-0040_generated.wav,4.030023,0.4372,0.433976,0.108486,0.107686,2.547577,0.949858,0.343318
H3_512C_pruned70_Physical_pruning,237-134500-0041.wav,generated_audios/generated_H3_512C_pruned70/237-134500-0041_generated.wav,8.92,1.050581,1.046534,0.117778,0.117324,2.992754,0.961066,0.307592
H3_512C_pruned70_Physical_pruning,237-134500-0042.wav,generated_audios/generated_H3_512C_pruned70/237-134500-0042_generated.wav,2.575011,0.54638,0.543329,0.212185,0.211001,2.260606,0.902038,0.366083
H3_512C_pruned70_Physical_pruning,260-123286-0000.wav,generated_audios/generated_H3_512C_pruned70/260-123286-0000_generated.wav,7.04,1.464711,1.461179,0.208056,0.207554,2.148905,0.944616,0.300299
H3_512C_pruned70_Physical_pruning,260-123286-0001.wav,generated_audios/generated_H3_512C_pruned70/260-123286-0001_generated.wav,3.070023,0.320914,0.317525,0.104531,0.103427,2.105853,0.948982,0.300492
H3_512C_pruned70_Physical_pruning,260-123286-0002.wav,generated_audios/generated_H3_512C_pruned70/260-123286-0002_generated.wav,9.985034,2.208172,2.203991,0.221148,0.220729,2.216266,0.948423,0.295384
H3_512C_pruned70_Physical_pruning,260-123286-0003.wav,generated_audios/generated_H3_512C_pruned70/260-123286-0003_generated.wav,7.370023,1.564484,1.561104,0.212277,0.211818,2.124104,0.940805,0.294377
H3_512C_pruned70_Physical_pruning,260-123286-0004.wav,generated_audios/generated_H3_512C_pruned70/260-123286-0004_generated.wav,3.465034,0.735295,0.731933,0.212204,0.211234,1.942174,0.932678,0.303323
H3_512C_pruned70_Physical_pruning,260-123286-0005.wav,generated_audios/generated_H3_512C_pruned70/260-123286-0005_generated.wav,4.810023,0.982311,0.979045,0.204222,0.203543,2.329202,0.946732,0.311548
H3_512C_pruned70_Physical_pruning,260-123286-0006.wav,generated_audios/generated_H3_512C_pruned70/260-123286-0006_generated.wav,7.405034,1.614519,1.61063,0.21803,0.217505,2.378901,0.950295,0.315785
H3_512C_pruned70_Physical_pruning,260-123286-0007.wav,generated_audios/generated_H3_512C_pruned70/260-123286-0007_generated.wav,4.550023,0.986841,0.983431,0.216887,0.216138,2.222084,0.942039,0.317476
H3_512C_pruned70_Physical_pruning,260-123286-0008.wav,generated_audios/generated_H3_512C_pruned70/260-123286-0008_generated.wav,3.735011,0.768833,0.765507,0.205845,0.204954,2.246543,0.94353,0.322796
H3_512C_pruned70_Physical_pruning,260-123286-0009.wav,generated_audios/generated_H3_512C_pruned70/260-123286-0009_generated.wav,5.795011,1.247008,1.24338,0.215186,0.21456,2.046069,0.949038,0.297011
H3_512C_pruned70_Physical_pruning,260-123286-0010.wav,generated_audios/generated_H3_512C_pruned70/260-123286-0010_generated.wav,2.575011,0.2738,0.270595,0.10633,0.105085,2.490522,0.953087,0.293586
H3_512C_pruned70_Physical_pruning,260-123286-0011.wav,generated_audios/generated_H3_512C_pruned70/260-123286-0011_generated.wav,4.255011,0.47271,0.469069,0.111095,0.110239,2.335355,0.939373,0.296487
H3_512C_pruned70_Physical_pruning,260-123286-0012.wav,generated_audios/generated_H3_512C_pruned70/260-123286-0012_generated.wav,2.430023,0.260154,0.257115,0.107058,0.105808,1.969804,0.934086,0.307455
H3_512C_pruned70_Physical_pruning,260-123286-0013.wav,generated_audios/generated_H3_512C_pruned70/260-123286-0013_generated.wav,4.730023,0.987905,0.984221,0.208858,0.208079,2.154368,0.946991,0.294145
H3_512C_pruned70_Physical_pruning,260-123286-0014.wav,generated_audios/generated_H3_512C_pruned70/260-123286-0014_generated.wav,2.98,0.341577,0.338118,0.114623,0.113462,1.838542,0.946413,0.267722
H3_512C_pruned70_Physical_pruning,260-123286-0015.wav,generated_audios/generated_H3_512C_pruned70/260-123286-0015_generated.wav,5.210023,1.115057,1.111595,0.214021,0.213357,2.165337,0.940521,0.310042
H3_512C_pruned70_Physical_pruning,260-123286-0016.wav,generated_audios/generated_H3_512C_pruned70/260-123286-0016_generated.wav,7.0,1.538402,1.535022,0.219772,0.219289,2.316106,0.944448,0.302139
H3_512C_pruned70_Physical_pruning,260-123286-0017.wav,generated_audios/generated_H3_512C_pruned70/260-123286-0017_generated.wav,3.975011,0.827948,0.824399,0.208288,0.207395,2.23049,0.940122,0.290039
H3_512C_pruned70_Physical_pruning,260-123286-0018.wav,generated_audios/generated_H3_512C_pruned70/260-123286-0018_generated.wav,5.670023,1.213035,1.209634,0.213938,0.213338,2.483639,0.944025,0.31261
H3_512C_pruned70_Physical_pruning,260-123286-0019.wav,generated_audios/generated_H3_512C_pruned70/260-123286-0019_generated.wav,11.905034,3.311817,3.307938,0.278186,0.27786,1.993788,0.945825,0.301866
H3_512C_pruned70_Physical_pruning,260-123286-0020.wav,generated_audios/generated_H3_512C_pruned70/260-123286-0020_generated.wav,3.06,0.335426,0.332177,0.109616,0.108555,2.161422,0.960032,0.250897
H3_512C_pruned70_Physical_pruning,260-123286-0021.wav,generated_audios/generated_H3_512C_pruned70/260-123286-0021_generated.wav,2.550023,0.509612,0.50665,0.199846,0.198684,2.727756,0.963192,0.307418
H3_512C_pruned70_Physical_pruning,260-123286-0022.wav,generated_audios/generated_H3_512C_pruned70/260-123286-0022_generated.wav,3.235011,0.663325,0.659982,0.205046,0.204012,2.365354,0.949471,0.280765
H3_512C_pruned70_Physical_pruning,260-123286-0023.wav,generated_audios/generated_H3_512C_pruned70/260-123286-0023_generated.wav,5.875011,1.268355,1.26474,0.21589,0.215275,2.255368,0.946341,0.318966
H3_512C_pruned70_Physical_pruning,260-123286-0024.wav,generated_audios/generated_H3_512C_pruned70/260-123286-0024_generated.wav,3.04,0.629217,0.626071,0.206979,0.205944,1.996385,0.94414,0.328678
H3_512C_pruned70_Physical_pruning,260-123286-0025.wav,generated_audios/generated_H3_512C_pruned70/260-123286-0025_generated.wav,9.205034,1.999081,1.994849,0.217173,0.216713,2.240608,0.937363,0.312915
H3_512C_pruned70_Physical_pruning,260-123286-0026.wav,generated_audios/generated_H3_512C_pruned70/260-123286-0026_generated.wav,6.94,1.494534,1.490933,0.215351,0.214832,2.282259,0.94024,0.308243
H3_512C_pruned70_Physical_pruning,260-123286-0027.wav,generated_audios/generated_H3_512C_pruned70/260-123286-0027_generated.wav,7.170023,1.53154,1.527902,0.213603,0.213096,2.096422,0.934805,0.311679
H3_512C_pruned70_Physical_pruning,260-123286-0028.wav,generated_audios/generated_H3_512C_pruned70/260-123286-0028_generated.wav,7.465034,1.585099,1.581189,0.212336,0.211813,2.095825,0.937935,0.31183
H3_512C_pruned70_Physical_pruning,260-123286-0029.wav,generated_audios/generated_H3_512C_pruned70/260-123286-0029_generated.wav,4.545034,0.522756,0.519476,0.115017,0.114295,2.247432,0.949189,0.304244
H3_512C_pruned70_Physical_pruning,260-123286-0030.wav,generated_audios/generated_H3_512C_pruned70/260-123286-0030_generated.wav,7.530023,0.874364,0.870483,0.116117,0.115602,2.379179,0.951123,0.315018
H3_512C_pruned70_Physical_pruning,260-123286-0031.wav,generated_audios/generated_H3_512C_pruned70/260-123286-0031_generated.wav,5.06,1.030596,1.027035,0.203675,0.202971,2.225702,0.949771,0.27392
H3_512C_pruned70_Physical_pruning,260-123288-0000.wav,generated_audios/generated_H3_512C_pruned70/260-123288-0000_generated.wav,3.04,0.320928,0.317553,0.105568,0.104458,1.914494,0.930028,0.30897
H3_512C_pruned70_Physical_pruning,260-123288-0001.wav,generated_audios/generated_H3_512C_pruned70/260-123288-0001_generated.wav,5.08,0.581889,0.578373,0.114545,0.113853,2.369907,0.946902,0.285548
H3_512C_pruned70_Physical_pruning,260-123288-0002.wav,generated_audios/generated_H3_512C_pruned70/260-123288-0002_generated.wav,7.250023,1.562737,1.558638,0.215549,0.214984,2.245682,0.944404,0.31285
H3_512C_pruned70_Physical_pruning,260-123288-0003.wav,generated_audios/generated_H3_512C_pruned70/260-123288-0003_generated.wav,8.905034,1.953917,1.950115,0.219417,0.21899,2.187234,0.950675,0.306854
H3_512C_pruned70_Physical_pruning,260-123288-0004.wav,generated_audios/generated_H3_512C_pruned70/260-123288-0004_generated.wav,4.310023,0.903006,0.899725,0.209513,0.208752,1.929581,0.923699,0.278555
H3_512C_pruned70_Physical_pruning,260-123288-0005.wav,generated_audios/generated_H3_512C_pruned70/260-123288-0005_generated.wav,12.550023,3.445886,3.441661,0.274572,0.274235,2.07307,0.939863,0.304001
H3_512C_pruned70_Physical_pruning,260-123288-0006.wav,generated_audios/generated_H3_512C_pruned70/260-123288-0006_generated.wav,4.88,1.05339,1.050194,0.215859,0.215204,2.014962,0.93382,0.28414
H3_512C_pruned70_Physical_pruning,260-123288-0007.wav,generated_audios/generated_H3_512C_pruned70/260-123288-0007_generated.wav,11.2,2.441673,2.43758,0.218007,0.217641,2.311932,0.945262,0.316619
H3_512C_pruned70_Physical_pruning,260-123288-0008.wav,generated_audios/generated_H3_512C_pruned70/260-123288-0008_generated.wav,5.515011,1.202598,1.199211,0.218059,0.217445,2.533556,0.952647,0.316328
H3_512C_pruned70_Physical_pruning,260-123288-0009.wav,generated_audios/generated_H3_512C_pruned70/260-123288-0009_generated.wav,3.435011,0.739846,0.736785,0.215384,0.214493,2.483546,0.95154,0.323601
H3_512C_pruned70_Physical_pruning,260-123288-0010.wav,generated_audios/generated_H3_512C_pruned70/260-123288-0010_generated.wav,9.995011,1.209789,1.205498,0.121039,0.12061,2.029094,0.938144,0.303547
H3_512C_pruned70_Physical_pruning,260-123288-0011.wav,generated_audios/generated_H3_512C_pruned70/260-123288-0011_generated.wav,8.98,2.013033,2.008816,0.224168,0.223699,2.179553,0.941639,0.302461
H3_512C_pruned70_Physical_pruning,260-123288-0012.wav,generated_audios/generated_H3_512C_pruned70/260-123288-0012_generated.wav,3.545034,0.767731,0.764527,0.216565,0.215661,2.440904,0.942386,0.317758
H3_512C_pruned70_Physical_pruning,260-123288-0013.wav,generated_audios/generated_H3_512C_pruned70/260-123288-0013_generated.wav,11.385079,2.560007,2.555626,0.224856,0.224472,2.362004,0.9456,0.311967
H3_512C_pruned70_Physical_pruning,260-123288-0014.wav,generated_audios/generated_H3_512C_pruned70/260-123288-0014_generated.wav,1.805034,0.192885,0.189655,0.106859,0.10507,2.696211,0.951485,0.30074
H3_512C_pruned70_Physical_pruning,260-123288-0015.wav,generated_audios/generated_H3_512C_pruned70/260-123288-0015_generated.wav,21.185034,5.931213,5.92594,0.279972,0.279723,2.213508,0.946359,0.306346
H3_512C_pruned70_Physical_pruning,260-123288-0016.wav,generated_audios/generated_H3_512C_pruned70/260-123288-0016_generated.wav,4.865034,1.028236,1.025195,0.211352,0.210727,2.554408,0.943404,0.301624
H3_512C_pruned70_Physical_pruning,260-123288-0017.wav,generated_audios/generated_H3_512C_pruned70/260-123288-0017_generated.wav,5.225034,1.071277,1.067965,0.205028,0.204394,2.402141,0.959291,0.30999
H3_512C_pruned70_Physical_pruning,260-123288-0018.wav,generated_audios/generated_H3_512C_pruned70/260-123288-0018_generated.wav,3.245034,0.646452,0.643247,0.199213,0.198225,2.483803,0.948075,0.326932
H3_512C_pruned70_Physical_pruning,260-123288-0019.wav,generated_audios/generated_H3_512C_pruned70/260-123288-0019_generated.wav,2.955011,0.310953,0.30791,0.105229,0.104199,2.278466,0.950145,0.285306
H3_512C_pruned70_Physical_pruning,260-123288-0020.wav,generated_audios/generated_H3_512C_pruned70/260-123288-0020_generated.wav,2.9,0.579377,0.576118,0.199785,0.198661,2.373653,0.942232,0.287933
H3_512C_pruned70_Physical_pruning,260-123288-0021.wav,generated_audios/generated_H3_512C_pruned70/260-123288-0021_generated.wav,2.710023,0.290278,0.287308,0.107113,0.106017,2.454938,0.946822,0.315263
H3_512C_pruned70_Physical_pruning,260-123288-0022.wav,generated_audios/generated_H3_512C_pruned70/260-123288-0022_generated.wav,3.705034,0.750347,0.747092,0.202521,0.201642,2.04701,0.931408,0.312927
H3_512C_pruned70_Physical_pruning,260-123288-0023.wav,generated_audios/generated_H3_512C_pruned70/260-123288-0023_generated.wav,2.385034,0.25585,0.252578,0.107273,0.105901,2.39349,0.944375,0.285013
H3_512C_pruned70_Physical_pruning,260-123288-0024.wav,generated_audios/generated_H3_512C_pruned70/260-123288-0024_generated.wav,14.595011,3.816892,3.81246,0.26152,0.261217,2.3578,0.947452,0.311256
H3_512C_pruned70_Physical_pruning,260-123288-0025.wav,generated_audios/generated_H3_512C_pruned70/260-123288-0025_generated.wav,13.445034,3.724976,3.720601,0.277052,0.276727,2.414911,0.946122,0.312222
H3_512C_pruned70_Physical_pruning,260-123288-0026.wav,generated_audios/generated_H3_512C_pruned70/260-123288-0026_generated.wav,16.04,4.455753,4.45138,0.27779,0.277517,2.26189,0.951017,0.314218
H3_512C_pruned70_Physical_pruning,260-123288-0027.wav,generated_audios/generated_H3_512C_pruned70/260-123288-0027_generated.wav,6.305034,1.356468,1.352822,0.21514,0.214562,2.345288,0.955403,0.306895
H3_512C_pruned70_Physical_pruning,260-123288-0028.wav,generated_audios/generated_H3_512C_pruned70/260-123288-0028_generated.wav,2.610023,0.548449,0.545328,0.210132,0.208936,2.39848,0.959963,0.296899
H3_512C_pruned70_Physical_pruning,260-123440-0000.wav,generated_audios/generated_H3_512C_pruned70/260-123440-0000_generated.wav,2.165034,0.428402,0.425096,0.197873,0.196346,1.860108,0.925777,0.318976
H3_512C_pruned70_Physical_pruning,260-123440-0001.wav,generated_audios/generated_H3_512C_pruned70/260-123440-0001_generated.wav,1.74,0.37808,0.37482,0.217288,0.215414,2.681311,0.946948,0.259471
H3_512C_pruned70_Physical_pruning,260-123440-0002.wav,generated_audios/generated_H3_512C_pruned70/260-123440-0002_generated.wav,14.715011,4.104278,4.099279,0.278918,0.278578,2.223036,0.94296,0.314914
H3_512C_pruned70_Physical_pruning,260-123440-0003.wav,generated_audios/generated_H3_512C_pruned70/260-123440-0003_generated.wav,3.585034,0.743846,0.740658,0.207486,0.206597,2.478713,0.950968,0.317259
H3_512C_pruned70_Physical_pruning,260-123440-0004.wav,generated_audios/generated_H3_512C_pruned70/260-123440-0004_generated.wav,12.02,3.355714,3.351684,0.279178,0.278842,2.147475,0.937168,0.31503
H3_512C_pruned70_Physical_pruning,260-123440-0005.wav,generated_audios/generated_H3_512C_pruned70/260-123440-0005_generated.wav,3.105034,0.324345,0.321221,0.104458,0.103452,2.155641,0.945571,0.326638
H3_512C_pruned70_Physical_pruning,260-123440-0006.wav,generated_audios/generated_H3_512C_pruned70/260-123440-0006_generated.wav,2.715011,0.274595,0.271505,0.10114,0.100001,2.086971,0.95048,0.319872
H3_512C_pruned70_Physical_pruning,260-123440-0007.wav,generated_audios/generated_H3_512C_pruned70/260-123440-0007_generated.wav,3.385034,0.663843,0.660794,0.196111,0.195211,1.831909,0.934849,0.326139
H3_512C_pruned70_Physical_pruning,260-123440-0008.wav,generated_audios/generated_H3_512C_pruned70/260-123440-0008_generated.wav,3.745034,0.790079,0.786738,0.210967,0.210075,2.065566,0.944056,0.322391
H3_512C_pruned70_Physical_pruning,260-123440-0009.wav,generated_audios/generated_H3_512C_pruned70/260-123440-0009_generated.wav,3.115011,0.654496,0.65109,0.21011,0.209017,2.57271,0.949816,0.319662
H3_512C_pruned70_Physical_pruning,260-123440-0010.wav,generated_audios/generated_H3_512C_pruned70/260-123440-0010_generated.wav,8.315011,1.913973,1.910247,0.230183,0.229735,2.181061,0.933035,0.326153
H3_512C_pruned70_Physical_pruning,260-123440-0011.wav,generated_audios/generated_H3_512C_pruned70/260-123440-0011_generated.wav,4.870023,0.579279,0.575776,0.118948,0.118229,2.300436,0.94255,0.326697
H3_512C_pruned70_Physical_pruning,260-123440-0012.wav,generated_audios/generated_H3_512C_pruned70/260-123440-0012_generated.wav,5.245034,1.12693,1.123411,0.214857,0.214186,2.361439,0.940344,0.356492
H3_512C_pruned70_Physical_pruning,260-123440-0013.wav,generated_audios/generated_H3_512C_pruned70/260-123440-0013_generated.wav,3.475011,0.7551,0.751889,0.217294,0.21637,2.285935,0.927009,0.348977
H3_512C_pruned70_Physical_pruning,260-123440-0014.wav,generated_audios/generated_H3_512C_pruned70/260-123440-0014_generated.wav,3.815011,0.822882,0.819335,0.215696,0.214766,2.355297,0.947167,0.336542
H3_512C_pruned70_Physical_pruning,260-123440-0015.wav,generated_audios/generated_H3_512C_pruned70/260-123440-0015_generated.wav,6.2,0.765691,0.761864,0.123499,0.122881,2.376302,0.944697,0.314658
H3_512C_pruned70_Physical_pruning,260-123440-0016.wav,generated_audios/generated_H3_512C_pruned70/260-123440-0016_generated.wav,4.895011,1.079238,1.076127,0.220477,0.219842,2.266594,0.952469,0.322204
H3_512C_pruned70_Physical_pruning,260-123440-0017.wav,generated_audios/generated_H3_512C_pruned70/260-123440-0017_generated.wav,3.070023,0.368243,0.364811,0.119948,0.11883,2.222202,0.950513,0.30959
H3_512C_pruned70_Physical_pruning,260-123440-0018.wav,generated_audios/generated_H3_512C_pruned70/260-123440-0018_generated.wav,3.64,0.784587,0.781458,0.215546,0.214686,2.474837,0.949093,0.329755
H3_512C_pruned70_Physical_pruning,260-123440-0019.wav,generated_audios/generated_H3_512C_pruned70/260-123440-0019_generated.wav,6.630023,1.451277,1.447442,0.218895,0.218316,2.152582,0.949539,0.31309
H3_512C_pruned70_Physical_pruning,260-123440-0020.wav,generated_audios/generated_H3_512C_pruned70/260-123440-0020_generated.wav,4.995011,1.088202,1.084813,0.217858,0.217179,2.198081,0.947996,0.320012
H3_512C_pruned70_Physical_pruning,61-70968-0000.wav,generated_audios/generated_H3_512C_pruned70/61-70968-0000_generated.wav,4.905034,1.061581,1.058304,0.216427,0.215759,2.184749,0.941911,0.317827
H3_512C_pruned70_Physical_pruning,61-70968-0001.wav,generated_audios/generated_H3_512C_pruned70/61-70968-0001_generated.wav,3.610023,0.779702,0.77654,0.215983,0.215107,2.05253,0.912193,0.31346
H3_512C_pruned70_Physical_pruning,61-70968-0002.wav,generated_audios/generated_H3_512C_pruned70/61-70968-0002_generated.wav,2.970023,0.610409,0.607242,0.205524,0.204457,2.032352,0.91635,0.316752
H3_512C_pruned70_Physical_pruning,61-70968-0003.wav,generated_audios/generated_H3_512C_pruned70/61-70968-0003_generated.wav,4.315011,0.498702,0.495391,0.115574,0.114806,2.314667,0.9372,0.317554
H3_512C_pruned70_Physical_pruning,61-70968-0004.wav,generated_audios/generated_H3_512C_pruned70/61-70968-0004_generated.wav,3.885034,0.849618,0.846269,0.21869,0.217828,2.232259,0.941446,0.3242
H3_512C_pruned70_Physical_pruning,61-70968-0005.wav,generated_audios/generated_H3_512C_pruned70/61-70968-0005_generated.wav,5.070023,0.580453,0.577161,0.114487,0.113838,1.882176,0.908941,0.319437
H3_512C_pruned70_Physical_pruning,61-70968-0006.wav,generated_audios/generated_H3_512C_pruned70/61-70968-0006_generated.wav,2.935011,0.601982,0.598695,0.205104,0.203984,2.238008,0.941384,0.318966
H3_512C_pruned70_Physical_pruning,61-70968-0007.wav,generated_audios/generated_H3_512C_pruned70/61-70968-0007_generated.wav,3.550023,0.4085,0.405092,0.11507,0.11411,1.998725,0.872622,0.314041
H3_512C_pruned70_Physical_pruning,61-70968-0008.wav,generated_audios/generated_H3_512C_pruned70/61-70968-0008_generated.wav,3.535011,0.405408,0.402456,0.114684,0.113848,1.845495,0.919963,0.317132
H3_512C_pruned70_Physical_pruning,61-70968-0009.wav,generated_audios/generated_H3_512C_pruned70/61-70968-0009_generated.wav,4.510023,0.976995,0.973579,0.216627,0.21587,2.240268,0.917014,0.317959
H3_512C_pruned70_Physical_pruning,61-70968-0010.wav,generated_audios/generated_H3_512C_pruned70/61-70968-0010_generated.wav,8.295011,1.845178,1.841155,0.222444,0.221959,2.190637,0.925697,0.313075
H3_512C_pruned70_Physical_pruning,61-70968-0011.wav,generated_audios/generated_H3_512C_pruned70/61-70968-0011_generated.wav,6.375011,1.375571,1.37216,0.215776,0.21524,2.332584,0.936809,0.31234
H3_512C_pruned70_Physical_pruning,61-70968-0012.wav,generated_audios/generated_H3_512C_pruned70/61-70968-0012_generated.wav,2.610023,0.28344,0.280356,0.108597,0.107415,2.92428,0.966029,0.315675
H3_512C_pruned70_Physical_pruning,61-70968-0013.wav,generated_audios/generated_H3_512C_pruned70/61-70968-0013_generated.wav,4.450023,0.49032,0.48692,0.110184,0.10942,2.660086,0.936655,0.307546
H3_512C_pruned70_Physical_pruning,61-70968-0014.wav,generated_audios/generated_H3_512C_pruned70/61-70968-0014_generated.wav,7.485034,1.653415,1.649603,0.220896,0.220387,2.504205,0.938125,0.308284
H3_512C_pruned70_Physical_pruning,61-70968-0015.wav,generated_audios/generated_H3_512C_pruned70/61-70968-0015_generated.wav,5.375011,1.140611,1.137295,0.212206,0.211589,2.214885,0.940279,0.321737
H3_512C_pruned70_Physical_pruning,61-70968-0016.wav,generated_audios/generated_H3_512C_pruned70/61-70968-0016_generated.wav,3.72,0.814492,0.811073,0.21895,0.21803,2.39921,0.954272,0.318675
H3_512C_pruned70_Physical_pruning,61-70968-0017.wav,generated_audios/generated_H3_512C_pruned70/61-70968-0017_generated.wav,5.110023,1.084394,1.08092,0.212209,0.211529,2.163118,0.940537,0.314201
H3_512C_pruned70_Physical_pruning,61-70968-0018.wav,generated_audios/generated_H3_512C_pruned70/61-70968-0018_generated.wav,2.405034,0.486999,0.48395,0.202491,0.201224,1.905754,0.940246,0.316522
H3_512C_pruned70_Physical_pruning,61-70968-0019.wav,generated_audios/generated_H3_512C_pruned70/61-70968-0019_generated.wav,5.475011,1.167778,1.164095,0.213292,0.21262,2.187146,0.936489,0.32597
H3_512C_pruned70_Physical_pruning,61-70968-0020.wav,generated_audios/generated_H3_512C_pruned70/61-70968-0020_generated.wav,5.105034,1.103489,1.100142,0.216157,0.215501,2.570562,0.930069,0.3189
H3_512C_pruned70_Physical_pruning,61-70968-0021.wav,generated_audios/generated_H3_512C_pruned70/61-70968-0021_generated.wav,2.690023,0.566357,0.563302,0.21054,0.209404,2.476146,0.914454,0.315752
H3_512C_pruned70_Physical_pruning,61-70968-0022.wav,generated_audios/generated_H3_512C_pruned70/61-70968-0022_generated.wav,4.670023,0.561309,0.558221,0.120194,0.119533,2.045897,0.92495,0.323764
H3_512C_pruned70_Physical_pruning,61-70968-0023.wav,generated_audios/generated_H3_512C_pruned70/61-70968-0023_generated.wav,5.025034,0.560702,0.557033,0.111582,0.110852,2.472804,0.946596,0.317359
H3_512C_pruned70_Physical_pruning,61-70968-0024.wav,generated_audios/generated_H3_512C_pruned70/61-70968-0024_generated.wav,6.025034,1.32543,1.322087,0.219987,0.219432,2.032342,0.928994,0.329141
H3_512C_pruned70_Physical_pruning,61-70968-0025.wav,generated_audios/generated_H3_512C_pruned70/61-70968-0025_generated.wav,4.410023,0.505942,0.502753,0.114726,0.114002,1.987553,0.934527,0.32571
H3_512C_pruned70_Physical_pruning,61-70968-0026.wav,generated_audios/generated_H3_512C_pruned70/61-70968-0026_generated.wav,4.92,1.051879,1.048324,0.213797,0.213074,2.353778,0.953774,0.304323
H3_512C_pruned70_Physical_pruning,61-70968-0027.wav,generated_audios/generated_H3_512C_pruned70/61-70968-0027_generated.wav,6.870023,1.504189,1.500586,0.21895,0.218425,2.545801,0.947892,0.306904
H3_512C_pruned70_Physical_pruning,61-70968-0028.wav,generated_audios/generated_H3_512C_pruned70/61-70968-0028_generated.wav,5.355011,1.166278,1.162845,0.217792,0.217151,2.397595,0.948158,0.306513
H3_512C_pruned70_Physical_pruning,61-70968-0029.wav,generated_audios/generated_H3_512C_pruned70/61-70968-0029_generated.wav,3.495011,0.773392,0.770058,0.221284,0.220331,2.247729,0.93153,0.3095
H3_512C_pruned70_Physical_pruning,61-70968-0030.wav,generated_audios/generated_H3_512C_pruned70/61-70968-0030_generated.wav,5.685034,1.243872,1.240443,0.218798,0.218194,2.343885,0.940655,0.307565
H3_512C_pruned70_Physical_pruning,61-70968-0031.wav,generated_audios/generated_H3_512C_pruned70/61-70968-0031_generated.wav,2.925034,0.635286,0.632236,0.217189,0.216147,1.822643,0.900798,0.30925
H3_512C_pruned70_Physical_pruning,61-70968-0032.wav,generated_audios/generated_H3_512C_pruned70/61-70968-0032_generated.wav,4.28,0.487529,0.484082,0.113909,0.113103,2.359315,0.939444,0.306256
H3_512C_pruned70_Physical_pruning,61-70968-0033.wav,generated_audios/generated_H3_512C_pruned70/61-70968-0033_generated.wav,5.685034,0.632047,0.628671,0.111177,0.110584,2.58826,0.956631,0.311407
H3_512C_pruned70_Physical_pruning,61-70968-0034.wav,generated_audios/generated_H3_512C_pruned70/61-70968-0034_generated.wav,4.230023,0.905459,0.902023,0.214055,0.213243,2.678783,0.950361,0.333516
H3_512C_pruned70_Physical_pruning,61-70968-0035.wav,generated_audios/generated_H3_512C_pruned70/61-70968-0035_generated.wav,7.950023,1.808376,1.804647,0.227468,0.226999,2.335199,0.945401,0.314326
H3_512C_pruned70_Physical_pruning,61-70968-0036.wav,generated_audios/generated_H3_512C_pruned70/61-70968-0036_generated.wav,2.934966,0.319592,0.317747,0.108891,0.108263,2.628093,0.919412,0.31216
H3_512C_pruned70_Physical_pruning,61-70968-0037.wav,generated_audios/generated_H3_512C_pruned70/61-70968-0037_generated.wav,4.315011,0.466804,0.463566,0.108181,0.107431,1.939254,0.900182,0.327417
H3_512C_pruned70_Physical_pruning,61-70968-0038.wav,generated_audios/generated_H3_512C_pruned70/61-70968-0038_generated.wav,2.050023,0.460319,0.457228,0.224543,0.223036,2.65382,0.902753,0.308292
H3_512C_pruned70_Physical_pruning,61-70968-0039.wav,generated_audios/generated_H3_512C_pruned70/61-70968-0039_generated.wav,3.805034,0.788342,0.785212,0.207184,0.206361,2.360275,0.926409,0.312827
H3_512C_pruned70_Physical_pruning,61-70968-0040.wav,generated_audios/generated_H3_512C_pruned70/61-70968-0040_generated.wav,3.950023,0.846842,0.843577,0.214389,0.213563,2.070899,0.935234,0.317026
H3_512C_pruned70_Physical_pruning,61-70968-0041.wav,generated_audios/generated_H3_512C_pruned70/61-70968-0041_generated.wav,6.825034,0.789917,0.786105,0.115738,0.11518,2.346705,0.923112,0.3174
H3_512C_pruned70_Physical_pruning,61-70968-0042.wav,generated_audios/generated_H3_512C_pruned70/61-70968-0042_generated.wav,2.785034,0.320653,0.317385,0.115134,0.113961,2.34835,0.928291,0.317073
H3_512C_pruned70_Physical_pruning,61-70968-0043.wav,generated_audios/generated_H3_512C_pruned70/61-70968-0043_generated.wav,6.735011,1.542612,1.539274,0.229044,0.228548,2.313937,0.918975,0.308443
H3_512C_pruned70_Physical_pruning,61-70968-0044.wav,generated_audios/generated_H3_512C_pruned70/61-70968-0044_generated.wav,2.770023,0.324655,0.321502,0.117203,0.116065,2.362097,0.917337,0.305378
H3_512C_pruned70_Physical_pruning,61-70968-0045.wav,generated_audios/generated_H3_512C_pruned70/61-70968-0045_generated.wav,3.475011,0.382485,0.379092,0.110067,0.109091,2.321738,0.897981,0.305778
H3_512C_pruned70_Physical_pruning,61-70968-0046.wav,generated_audios/generated_H3_512C_pruned70/61-70968-0046_generated.wav,3.550023,0.406662,0.403441,0.114552,0.113645,2.22041,0.939833,0.318136
H3_512C_pruned70_Physical_pruning,61-70968-0047.wav,generated_audios/generated_H3_512C_pruned70/61-70968-0047_generated.wav,4.775011,0.987304,0.983858,0.206765,0.206043,2.31381,0.939605,0.315557
H3_512C_pruned70_Physical_pruning,61-70968-0048.wav,generated_audios/generated_H3_512C_pruned70/61-70968-0048_generated.wav,3.02,0.668421,0.665135,0.221331,0.220243,2.099891,0.898791,0.314145
H3_512C_pruned70_Physical_pruning,61-70968-0049.wav,generated_audios/generated_H3_512C_pruned70/61-70968-0049_generated.wav,8.250023,1.906764,1.902687,0.231122,0.230628,2.399496,0.919205,0.311531
H3_512C_pruned70_Physical_pruning,61-70968-0050.wav,generated_audios/generated_H3_512C_pruned70/61-70968-0050_generated.wav,5.58,1.296484,1.29328,0.232345,0.231771,2.376815,0.92722,0.313546
H3_512C_pruned70_Physical_pruning,61-70968-0051.wav,generated_audios/generated_H3_512C_pruned70/61-70968-0051_generated.wav,3.135011,0.661489,0.658244,0.211,0.209965,2.359977,0.908047,0.306746
H3_512C_pruned70_Physical_pruning,61-70968-0052.wav,generated_audios/generated_H3_512C_pruned70/61-70968-0052_generated.wav,2.650023,0.530119,0.526847,0.200043,0.198808,2.360099,0.943964,0.323984
H3_512C_pruned70_Physical_pruning,61-70968-0053.wav,generated_audios/generated_H3_512C_pruned70/61-70968-0053_generated.wav,4.22,0.487181,0.48356,0.115446,0.114588,2.399946,0.92524,0.316701
H3_512C_pruned70_Physical_pruning,61-70968-0054.wav,generated_audios/generated_H3_512C_pruned70/61-70968-0054_generated.wav,7.86,1.726601,1.723005,0.219669,0.219212,2.290278,0.943508,0.313117
H3_512C_pruned70_Physical_pruning,61-70968-0055.wav,generated_audios/generated_H3_512C_pruned70/61-70968-0055_generated.wav,3.965034,0.451671,0.448252,0.113914,0.113051,2.728111,0.916409,0.3088
H3_512C_pruned70_Physical_pruning,61-70968-0056.wav,generated_audios/generated_H3_512C_pruned70/61-70968-0056_generated.wav,3.565034,0.764977,0.761963,0.214578,0.213732,2.595966,0.949147,0.304189
H3_512C_pruned70_Physical_pruning,61-70968-0057.wav,generated_audios/generated_H3_512C_pruned70/61-70968-0057_generated.wav,5.065034,0.578674,0.575447,0.114249,0.113612,2.045893,0.911227,0.314759
H3_512C_pruned70_Physical_pruning,61-70968-0058.wav,generated_audios/generated_H3_512C_pruned70/61-70968-0058_generated.wav,1.82,0.371568,0.368266,0.204158,0.202344,2.103709,0.892129,0.313862
H3_512C_pruned70_Physical_pruning,61-70968-0059.wav,generated_audios/generated_H3_512C_pruned70/61-70968-0059_generated.wav,2.170023,0.235544,0.232381,0.108545,0.107087,2.323175,0.955318,0.321738
H3_512C_pruned70_Physical_pruning,61-70968-0060.wav,generated_audios/generated_H3_512C_pruned70/61-70968-0060_generated.wav,3.735011,0.419334,0.416035,0.112271,0.111388,2.361086,0.943162,0.314994
H3_512C_pruned70_Physical_pruning,61-70968-0061.wav,generated_audios/generated_H3_512C_pruned70/61-70968-0061_generated.wav,5.530023,1.269656,1.266199,0.229593,0.228968,1.995351,0.925559,0.316033
H3_512C_pruned70_Physical_pruning,61-70968-0062.wav,generated_audios/generated_H3_512C_pruned70/61-70968-0062_generated.wav,2.555011,0.287241,0.284309,0.112422,0.111275,2.357087,0.903194,0.309994
H3_512C_pruned70_Physical_pruning,61-70970-0000.wav,generated_audios/generated_H3_512C_pruned70/61-70970-0000_generated.wav,6.075011,1.327604,1.323978,0.218535,0.217938,2.217712,0.94848,0.317483
H3_512C_pruned70_Physical_pruning,61-70970-0001.wav,generated_audios/generated_H3_512C_pruned70/61-70970-0001_generated.wav,6.155011,1.347116,1.343473,0.218865,0.218273,2.448483,0.950123,0.314221
H3_512C_pruned70_Physical_pruning,61-70970-0002.wav,generated_audios/generated_H3_512C_pruned70/61-70970-0002_generated.wav,4.165034,0.890811,0.887677,0.213878,0.213126,2.31471,0.921066,0.308154
H3_512C_pruned70_Physical_pruning,61-70970-0003.wav,generated_audios/generated_H3_512C_pruned70/61-70970-0003_generated.wav,3.835011,0.793991,0.790465,0.207037,0.206118,2.355917,0.923963,0.296926
H3_512C_pruned70_Physical_pruning,61-70970-0004.wav,generated_audios/generated_H3_512C_pruned70/61-70970-0004_generated.wav,10.515011,2.428768,2.425068,0.230981,0.230629,2.319337,0.922057,0.310402
H3_512C_pruned70_Physical_pruning,61-70970-0005.wav,generated_audios/generated_H3_512C_pruned70/61-70970-0005_generated.wav,2.02,0.454939,0.451986,0.225217,0.223755,2.038251,0.915154,0.312743
H3_512C_pruned70_Physical_pruning,61-70970-0006.wav,generated_audios/generated_H3_512C_pruned70/61-70970-0006_generated.wav,2.335011,0.484142,0.480948,0.20734,0.205972,2.000862,0.947552,0.309871
H3_512C_pruned70_Physical_pruning,61-70970-0007.wav,generated_audios/generated_H3_512C_pruned70/61-70970-0007_generated.wav,4.485034,0.978317,0.974906,0.218129,0.217369,2.400854,0.928938,0.322064
H3_512C_pruned70_Physical_pruning,61-70970-0008.wav,generated_audios/generated_H3_512C_pruned70/61-70970-0008_generated.wav,2.150023,0.47769,0.474598,0.222179,0.220741,2.600104,0.897046,0.30324
H3_512C_pruned70_Physical_pruning,61-70970-0009.wav,generated_audios/generated_H3_512C_pruned70/61-70970-0009_generated.wav,3.405034,0.732883,0.729863,0.215235,0.214348,2.296861,0.931709,0.306545
H3_512C_pruned70_Physical_pruning,61-70970-0010.wav,generated_audios/generated_H3_512C_pruned70/61-70970-0010_generated.wav,3.045034,0.311252,0.308078,0.102216,0.101174,2.360678,0.920657,0.30989
H3_512C_pruned70_Physical_pruning,61-70970-0011.wav,generated_audios/generated_H3_512C_pruned70/61-70970-0011_generated.wav,6.075011,0.649134,0.645741,0.106853,0.106295,2.387684,0.911543,0.31433
H3_512C_pruned70_Physical_pruning,61-70970-0012.wav,generated_audios/generated_H3_512C_pruned70/61-70970-0012_generated.wav,3.135011,0.320871,0.317685,0.102351,0.101335,2.323569,0.949542,0.303094
H3_512C_pruned70_Physical_pruning,61-70970-0013.wav,generated_audios/generated_H3_512C_pruned70/61-70970-0013_generated.wav,4.350023,0.961392,0.957771,0.221009,0.220176,2.182006,0.946112,0.315849
H3_512C_pruned70_Physical_pruning,61-70970-0014.wav,generated_audios/generated_H3_512C_pruned70/61-70970-0014_generated.wav,3.405034,0.31925,0.316035,0.093758,0.092814,2.409284,0.959163,0.311318
H3_512C_pruned70_Physical_pruning,61-70970-0015.wav,generated_audios/generated_H3_512C_pruned70/61-70970-0015_generated.wav,8.415011,1.876627,1.872577,0.223009,0.222528,2.2521,0.942684,0.317646
H3_512C_pruned70_Physical_pruning,61-70970-0016.wav,generated_audios/generated_H3_512C_pruned70/61-70970-0016_generated.wav,4.370023,0.93984,0.936669,0.215065,0.21434,2.361335,0.950297,0.315972
H3_512C_pruned70_Physical_pruning,61-70970-0017.wav,generated_audios/generated_H3_512C_pruned70/61-70970-0017_generated.wav,2.550023,0.2615,0.2585,0.102548,0.101371,2.116644,0.921278,0.323288
H3_512C_pruned70_Physical_pruning,61-70970-0018.wav,generated_audios/generated_H3_512C_pruned70/61-70970-0018_generated.wav,4.6,0.97506,0.971406,0.21197,0.211175,2.446321,0.924067,0.320853
H3_512C_pruned70_Physical_pruning,61-70970-0019.wav,generated_audios/generated_H3_512C_pruned70/61-70970-0019_generated.wav,3.78,0.824526,0.821305,0.218128,0.217276,2.283175,0.940977,0.313666
H3_512C_pruned70_Physical_pruning,61-70970-0020.wav,generated_audios/generated_H3_512C_pruned70/61-70970-0020_generated.wav,5.025034,0.531522,0.527984,0.105775,0.105071,2.16676,0.922473,0.319431
H3_512C_pruned70_Physical_pruning,61-70970-0021.wav,generated_audios/generated_H3_512C_pruned70/61-70970-0021_generated.wav,5.405034,1.174901,1.171378,0.217372,0.21672,2.373204,0.929402,0.321328
H3_512C_pruned70_Physical_pruning,61-70970-0022.wav,generated_audios/generated_H3_512C_pruned70/61-70970-0022_generated.wav,3.970023,0.436252,0.432441,0.109887,0.108927,2.250485,0.928429,0.324351
H3_512C_pruned70_Physical_pruning,61-70970-0023.wav,generated_audios/generated_H3_512C_pruned70/61-70970-0023_generated.wav,3.705034,0.395033,0.391671,0.106621,0.105713,2.298058,0.947447,0.317342
H3_512C_pruned70_Physical_pruning,61-70970-0024.wav,generated_audios/generated_H3_512C_pruned70/61-70970-0024_generated.wav,7.235011,1.582702,1.579125,0.218756,0.218262,2.369069,0.947251,0.320779
H3_512C_pruned70_Physical_pruning,61-70970-0025.wav,generated_audios/generated_H3_512C_pruned70/61-70970-0025_generated.wav,7.435011,1.640671,1.637245,0.220668,0.220207,2.638592,0.954605,0.306918
H3_512C_pruned70_Physical_pruning,61-70970-0026.wav,generated_audios/generated_H3_512C_pruned70/61-70970-0026_generated.wav,5.475011,0.601411,0.597843,0.109847,0.109195,2.928923,0.936455,0.310925
H3_512C_pruned70_Physical_pruning,61-70970-0027.wav,generated_audios/generated_H3_512C_pruned70/61-70970-0027_generated.wav,5.08,0.531655,0.528371,0.104657,0.10401,2.594283,0.944761,0.314138
H3_512C_pruned70_Physical_pruning,61-70970-0028.wav,generated_audios/generated_H3_512C_pruned70/61-70970-0028_generated.wav,6.550023,0.720447,0.716598,0.109991,0.109404,2.51485,0.953294,0.309225
H3_512C_pruned70_Physical_pruning,61-70970-0029.wav,generated_audios/generated_H3_512C_pruned70/61-70970-0029_generated.wav,4.030023,0.415841,0.412582,0.103186,0.102377,2.665843,0.927094,0.308764
H3_512C_pruned70_Physical_pruning,61-70970-0030.wav,generated_audios/generated_H3_512C_pruned70/61-70970-0030_generated.wav,3.24,0.336046,0.332877,0.103718,0.10274,1.995805,0.925578,0.332471
H3_512C_pruned70_Physical_pruning,61-70970-0031.wav,generated_audios/generated_H3_512C_pruned70/61-70970-0031_generated.wav,5.135011,1.124888,1.121452,0.219062,0.218393,2.052984,0.934643,0.313451
H3_512C_pruned70_Physical_pruning,61-70970-0032.wav,generated_audios/generated_H3_512C_pruned70/61-70970-0032_generated.wav,3.135011,0.317446,0.313925,0.101258,0.100135,1.884839,0.939058,0.313856
H3_512C_pruned70_Physical_pruning,61-70970-0033.wav,generated_audios/generated_H3_512C_pruned70/61-70970-0033_generated.wav,3.42,0.70988,0.707061,0.207567,0.206743,1.89732,0.937841,0.316655
H3_512C_pruned70_Physical_pruning,61-70970-0034.wav,generated_audios/generated_H3_512C_pruned70/61-70970-0034_generated.wav,4.485034,0.465935,0.463084,0.103887,0.103251,1.944129,0.918751,0.323783
H3_512C_pruned70_Physical_pruning,61-70970-0035.wav,generated_audios/generated_H3_512C_pruned70/61-70970-0035_generated.wav,7.405034,0.81094,0.807436,0.109512,0.109039,2.210253,0.937728,0.318167
H3_512C_pruned70_Physical_pruning,61-70970-0036.wav,generated_audios/generated_H3_512C_pruned70/61-70970-0036_generated.wav,6.785034,0.734153,0.7308,0.108202,0.107708,2.302979,0.93691,0.317027
H3_512C_pruned70_Physical_pruning,61-70970-0037.wav,generated_audios/generated_H3_512C_pruned70/61-70970-0037_generated.wav,5.98,1.303095,1.29947,0.217909,0.217303,2.276697,0.939182,0.313295
H3_512C_pruned70_Physical_pruning,61-70970-0038.wav,generated_audios/generated_H3_512C_pruned70/61-70970-0038_generated.wav,10.4,2.292981,2.289009,0.220479,0.220097,2.342647,0.937056,0.314556
H3_512C_pruned70_Physical_pruning,61-70970-0039.wav,generated_audios/generated_H3_512C_pruned70/61-70970-0039_generated.wav,6.665034,0.721545,0.718032,0.108258,0.107731,2.007374,0.917056,0.324965
H3_512C_pruned70_Physical_pruning,61-70970-0040.wav,generated_audios/generated_H3_512C_pruned70/61-70970-0040_generated.wav,4.165034,0.429711,0.426312,0.103171,0.102355,2.462863,0.947776,0.315543
H3_512C_pruned70_Physical_pruning,672-122797-0000.wav,generated_audios/generated_H3_512C_pruned70/672-122797-0000_generated.wav,4.070023,0.899732,0.896505,0.221063,0.22027,2.896949,0.958422,0.310376
H3_512C_pruned70_Physical_pruning,672-122797-0001.wav,generated_audios/generated_H3_512C_pruned70/672-122797-0001_generated.wav,15.130023,4.107061,4.102495,0.271451,0.271149,2.692868,0.947011,0.321728
H3_512C_pruned70_Physical_pruning,672-122797-0002.wav,generated_audios/generated_H3_512C_pruned70/672-122797-0002_generated.wav,13.62,3.29098,3.286964,0.241628,0.241334,2.552722,0.947253,0.315238
H3_512C_pruned70_Physical_pruning,672-122797-0003.wav,generated_audios/generated_H3_512C_pruned70/672-122797-0003_generated.wav,4.76,1.054726,1.051192,0.221581,0.220839,2.310588,0.925561,0.311213
H3_512C_pruned70_Physical_pruning,672-122797-0004.wav,generated_audios/generated_H3_512C_pruned70/672-122797-0004_generated.wav,10.250023,2.224861,2.220445,0.217059,0.216628,2.713215,0.929997,0.319418
H3_512C_pruned70_Physical_pruning,672-122797-0005.wav,generated_audios/generated_H3_512C_pruned70/672-122797-0005_generated.wav,3.26,0.712005,0.708669,0.218406,0.217383,2.703968,0.895361,0.304632
H3_512C_pruned70_Physical_pruning,672-122797-0006.wav,generated_audios/generated_H3_512C_pruned70/672-122797-0006_generated.wav,13.950023,3.222992,3.218471,0.231038,0.230714,2.102674,0.867632,0.346927
H3_512C_pruned70_Physical_pruning,672-122797-0007.wav,generated_audios/generated_H3_512C_pruned70/672-122797-0007_generated.wav,6.42,1.340231,1.336808,0.208759,0.208226,2.77098,0.901914,0.311749
H3_512C_pruned70_Physical_pruning,672-122797-0008.wav,generated_audios/generated_H3_512C_pruned70/672-122797-0008_generated.wav,30.810023,8.916451,8.910279,0.289401,0.289201,2.650431,0.905675,0.312977
H3_512C_pruned70_Physical_pruning,672-122797-0009.wav,generated_audios/generated_H3_512C_pruned70/672-122797-0009_generated.wav,2.765034,0.282925,0.279654,0.102322,0.10114,2.422673,0.853836,0.376941
H3_512C_pruned70_Physical_pruning,672-122797-0010.wav,generated_audios/generated_H3_512C_pruned70/672-122797-0010_generated.wav,3.815011,0.409261,0.405662,0.107276,0.106333,2.377891,0.921807,0.329661
H3_512C_pruned70_Physical_pruning,672-122797-0011.wav,generated_audios/generated_H3_512C_pruned70/672-122797-0011_generated.wav,2.54,0.548797,0.545727,0.216062,0.214853,2.091998,0.903229,0.380596
H3_512C_pruned70_Physical_pruning,672-122797-0012.wav,generated_audios/generated_H3_512C_pruned70/672-122797-0012_generated.wav,7.765034,1.72506,1.721117,0.222157,0.22165,2.203088,0.914443,0.326311
H3_512C_pruned70_Physical_pruning,672-122797-0013.wav,generated_audios/generated_H3_512C_pruned70/672-122797-0013_generated.wav,8.705034,1.909982,1.906109,0.219411,0.218966,2.48357,0.891037,0.329242
H3_512C_pruned70_Physical_pruning,672-122797-0014.wav,generated_audios/generated_H3_512C_pruned70/672-122797-0014_generated.wav,2.555011,0.261427,0.258189,0.102319,0.101052,2.071972,0.917982,0.340379
H3_512C_pruned70_Physical_pruning,672-122797-0015.wav,generated_audios/generated_H3_512C_pruned70/672-122797-0015_generated.wav,4.455011,0.459182,0.455688,0.103071,0.102287,2.317695,0.898206,0.368048
H3_512C_pruned70_Physical_pruning,672-122797-0016.wav,generated_audios/generated_H3_512C_pruned70/672-122797-0016_generated.wav,9.215011,2.029946,2.026102,0.220287,0.21987,2.232957,0.894334,0.338032
H3_512C_pruned70_Physical_pruning,672-122797-0017.wav,generated_audios/generated_H3_512C_pruned70/672-122797-0017_generated.wav,4.82,1.017535,1.014004,0.211107,0.210374,2.263362,0.894985,0.371165
H3_512C_pruned70_Physical_pruning,672-122797-0018.wav,generated_audios/generated_H3_512C_pruned70/672-122797-0018_generated.wav,4.930023,1.054857,1.051145,0.213966,0.213213,2.603317,0.927072,0.324219
H3_512C_pruned70_Physical_pruning,672-122797-0019.wav,generated_audios/generated_H3_512C_pruned70/672-122797-0019_generated.wav,4.110023,0.854139,0.850701,0.207819,0.206982,2.610973,0.908774,0.333179
H3_512C_pruned70_Physical_pruning,672-122797-0020.wav,generated_audios/generated_H3_512C_pruned70/672-122797-0020_generated.wav,8.825034,1.954763,1.950769,0.221502,0.22105,2.723782,0.905355,0.312581
H3_512C_pruned70_Physical_pruning,672-122797-0021.wav,generated_audios/generated_H3_512C_pruned70/672-122797-0021_generated.wav,4.150023,0.43593,0.432284,0.105043,0.104164,2.684744,0.950115,0.308261
H3_512C_pruned70_Physical_pruning,672-122797-0022.wav,generated_audios/generated_H3_512C_pruned70/672-122797-0022_generated.wav,19.004943,5.156037,5.150941,0.2713,0.271032,2.463601,0.902017,0.310767
H3_512C_pruned70_Physical_pruning,672-122797-0023.wav,generated_audios/generated_H3_512C_pruned70/672-122797-0023_generated.wav,9.695102,2.130154,2.126173,0.219714,0.219304,2.555483,0.921255,0.311622
H3_512C_pruned70_Physical_pruning,672-122797-0024.wav,generated_audios/generated_H3_512C_pruned70/672-122797-0024_generated.wav,4.130023,0.897136,0.894428,0.217223,0.216567,2.417527,0.882663,0.310635
H3_512C_pruned70_Physical_pruning,672-122797-0025.wav,generated_audios/generated_H3_512C_pruned70/672-122797-0025_generated.wav,10.690023,2.362724,2.358819,0.221021,0.220656,2.807688,0.942141,0.316303
H3_512C_pruned70_Physical_pruning,672-122797-0026.wav,generated_audios/generated_H3_512C_pruned70/672-122797-0026_generated.wav,13.96,3.062373,3.057672,0.219368,0.219031,2.502413,0.917013,0.314265
H3_512C_pruned70_Physical_pruning,672-122797-0027.wav,generated_audios/generated_H3_512C_pruned70/672-122797-0027_generated.wav,4.790023,0.503684,0.500052,0.105153,0.104394,2.386188,0.889845,0.307706
H3_512C_pruned70_Physical_pruning,672-122797-0028.wav,generated_audios/generated_H3_512C_pruned70/672-122797-0028_generated.wav,2.610023,0.278228,0.275091,0.1066,0.105398,2.474051,0.92658,0.320276
H3_512C_pruned70_Physical_pruning,672-122797-0029.wav,generated_audios/generated_H3_512C_pruned70/672-122797-0029_generated.wav,3.050023,0.326052,0.322881,0.106901,0.105862,3.154129,0.948838,0.327311
H3_512C_pruned70_Physical_pruning,672-122797-0030.wav,generated_audios/generated_H3_512C_pruned70/672-122797-0030_generated.wav,4.575011,0.981214,0.977815,0.214473,0.21373,2.052305,0.927239,0.338844
H3_512C_pruned70_Physical_pruning,672-122797-0031.wav,generated_audios/generated_H3_512C_pruned70/672-122797-0031_generated.wav,3.98,0.416105,0.412943,0.104549,0.103755,2.745383,0.917834,0.325915
H3_512C_pruned70_Physical_pruning,672-122797-0032.wav,generated_audios/generated_H3_512C_pruned70/672-122797-0032_generated.wav,4.0,0.415483,0.412072,0.103871,0.103018,2.316675,0.897335,0.315669
H3_512C_pruned70_Physical_pruning,672-122797-0033.wav,generated_audios/generated_H3_512C_pruned70/672-122797-0033_generated.wav,1.285034,0.306824,0.30393,0.238768,0.236515,2.360027,0.860446,0.367039
H3_512C_pruned70_Physical_pruning,672-122797-0034.wav,generated_audios/generated_H3_512C_pruned70/672-122797-0034_generated.wav,5.110023,0.548958,0.545309,0.107428,0.106714,2.466879,0.94696,0.331295
H3_512C_pruned70_Physical_pruning,672-122797-0035.wav,generated_audios/generated_H3_512C_pruned70/672-122797-0035_generated.wav,2.9,0.310078,0.306996,0.106923,0.105861,2.359878,0.958609,0.324685
H3_512C_pruned70_Physical_pruning,672-122797-0036.wav,generated_audios/generated_H3_512C_pruned70/672-122797-0036_generated.wav,5.365034,0.593625,0.590062,0.110647,0.109983,2.288976,0.877189,0.357483
H3_512C_pruned70_Physical_pruning,672-122797-0037.wav,generated_audios/generated_H3_512C_pruned70/672-122797-0037_generated.wav,1.96,0.403161,0.399937,0.205695,0.20405,2.447157,0.868779,0.387961
H3_512C_pruned70_Physical_pruning,672-122797-0038.wav,generated_audios/generated_H3_512C_pruned70/672-122797-0038_generated.wav,8.8,1.921705,1.917691,0.218376,0.217919,2.407671,0.907784,0.318884
H3_512C_pruned70_Physical_pruning,672-122797-0039.wav,generated_audios/generated_H3_512C_pruned70/672-122797-0039_generated.wav,4.025034,0.872965,0.869461,0.216884,0.216013,2.574075,0.929446,0.340732
H3_512C_pruned70_Physical_pruning,672-122797-0040.wav,generated_audios/generated_H3_512C_pruned70/672-122797-0040_generated.wav,5.125034,0.541956,0.538373,0.105747,0.105048,2.498422,0.922069,0.318743
H3_512C_pruned70_Physical_pruning,672-122797-0041.wav,generated_audios/generated_H3_512C_pruned70/672-122797-0041_generated.wav,3.88,0.415496,0.412118,0.107087,0.106216,2.447212,0.925499,0.32029
H3_512C_pruned70_Physical_pruning,672-122797-0042.wav,generated_audios/generated_H3_512C_pruned70/672-122797-0042_generated.wav,15.310023,3.530764,3.526271,0.230618,0.230324,2.758428,0.836356,0.307224
H3_512C_pruned70_Physical_pruning,672-122797-0043.wav,generated_audios/generated_H3_512C_pruned70/672-122797-0043_generated.wav,3.78,0.389429,0.386156,0.103024,0.102158,2.298195,0.854576,0.346965
H3_512C_pruned70_Physical_pruning,672-122797-0044.wav,generated_audios/generated_H3_512C_pruned70/672-122797-0044_generated.wav,3.74,0.384456,0.381184,0.102796,0.101921,2.832828,0.904137,0.316123
H3_512C_pruned70_Physical_pruning,672-122797-0045.wav,generated_audios/generated_H3_512C_pruned70/672-122797-0045_generated.wav,13.96,1.532121,1.527788,0.109751,0.10944,2.818587,0.94701,0.313032
H3_512C_pruned70_Physical_pruning,672-122797-0046.wav,generated_audios/generated_H3_512C_pruned70/672-122797-0046_generated.wav,4.715011,1.019765,1.01631,0.21628,0.215548,2.430377,0.910057,0.330513
H3_512C_pruned70_Physical_pruning,672-122797-0047.wav,generated_audios/generated_H3_512C_pruned70/672-122797-0047_generated.wav,3.325034,0.726012,0.722582,0.218347,0.217316,2.697071,0.894948,0.368593
H3_512C_pruned70_Physical_pruning,672-122797-0048.wav,generated_audios/generated_H3_512C_pruned70/672-122797-0048_generated.wav,6.555011,0.723179,0.719514,0.110325,0.109765,1.835527,0.856336,0.320422
H3_512C_pruned70_Physical_pruning,672-122797-0049.wav,generated_audios/generated_H3_512C_pruned70/672-122797-0049_generated.wav,2.02,0.211916,0.208987,0.104909,0.103459,2.065337,0.873677,0.330729
H3_512C_pruned70_Physical_pruning,672-122797-0050.wav,generated_audios/generated_H3_512C_pruned70/672-122797-0050_generated.wav,4.855011,1.052319,1.048657,0.216749,0.215995,2.6043,0.9267,0.317417
H3_512C_pruned70_Physical_pruning,672-122797-0051.wav,generated_audios/generated_H3_512C_pruned70/672-122797-0051_generated.wav,4.665034,1.01886,1.015344,0.218404,0.21765,2.42458,0.901061,0.333545
H3_512C_pruned70_Physical_pruning,672-122797-0052.wav,generated_audios/generated_H3_512C_pruned70/672-122797-0052_generated.wav,4.285034,0.873295,0.869927,0.203801,0.203015,2.344404,0.912654,0.339386
H3_512C_pruned70_Physical_pruning,672-122797-0053.wav,generated_audios/generated_H3_512C_pruned70/672-122797-0053_generated.wav,2.955011,0.307225,0.303956,0.103967,0.102861,2.455017,0.908285,0.314448
H3_512C_pruned70_Physical_pruning,672-122797-0054.wav,generated_audios/generated_H3_512C_pruned70/672-122797-0054_generated.wav,4.250023,0.461186,0.457775,0.108514,0.107711,2.621351,0.885017,0.324528
H3_512C_pruned70_Physical_pruning,672-122797-0055.wav,generated_audios/generated_H3_512C_pruned70/672-122797-0055_generated.wav,8.230023,1.780777,1.777075,0.216376,0.215926,2.432455,0.898428,0.319046
H3_512C_pruned70_Physical_pruning,672-122797-0056.wav,generated_audios/generated_H3_512C_pruned70/672-122797-0056_generated.wav,5.225034,0.555485,0.551887,0.106312,0.105624,2.643394,0.93174,0.319479
H3_512C_pruned70_Physical_pruning,672-122797-0057.wav,generated_audios/generated_H3_512C_pruned70/672-122797-0057_generated.wav,6.56,0.718205,0.714792,0.109482,0.108962,2.445431,0.863187,0.337988
H3_512C_pruned70_Physical_pruning,672-122797-0058.wav,generated_audios/generated_H3_512C_pruned70/672-122797-0058_generated.wav,4.470023,0.972132,0.968474,0.217478,0.21666,2.032657,0.876783,0.343289
H3_512C_pruned70_Physical_pruning,672-122797-0059.wav,generated_audios/generated_H3_512C_pruned70/672-122797-0059_generated.wav,3.52,0.730719,0.727466,0.207591,0.206666,2.544981,0.921213,0.316408
H3_512C_pruned70_Physical_pruning,672-122797-0060.wav,generated_audios/generated_H3_512C_pruned70/672-122797-0060_generated.wav,3.350023,0.344314,0.341085,0.10278,0.101816,2.986716,0.95868,0.320271
H3_512C_pruned70_Physical_pruning,672-122797-0061.wav,generated_audios/generated_H3_512C_pruned70/672-122797-0061_generated.wav,7.590023,1.659425,1.65546,0.218632,0.21811,2.566329,0.924844,0.352389
H3_512C_pruned70_Physical_pruning,672-122797-0062.wav,generated_audios/generated_H3_512C_pruned70/672-122797-0062_generated.wav,2.675011,0.579834,0.576917,0.21676,0.215669,2.585897,0.847183,0.323966
H3_512C_pruned70_Physical_pruning,672-122797-0063.wav,generated_audios/generated_H3_512C_pruned70/672-122797-0063_generated.wav,5.075011,0.536127,0.53263,0.105641,0.104952,2.863625,0.928809,0.323897
H3_512C_pruned70_Physical_pruning,672-122797-0064.wav,generated_audios/generated_H3_512C_pruned70/672-122797-0064_generated.wav,15.270023,3.527457,3.522754,0.231005,0.230697,2.493788,0.900878,0.327843
H3_512C_pruned70_Physical_pruning,672-122797-0065.wav,generated_audios/generated_H3_512C_pruned70/672-122797-0065_generated.wav,3.030023,0.312827,0.309623,0.103242,0.102185,2.317696,0.892856,0.322456
H3_512C_pruned70_Physical_pruning,672-122797-0066.wav,generated_audios/generated_H3_512C_pruned70/672-122797-0066_generated.wav,4.815011,0.507155,0.503572,0.105328,0.104584,2.38429,0.950916,0.323545
H3_512C_pruned70_Physical_pruning,672-122797-0067.wav,generated_audios/generated_H3_512C_pruned70/672-122797-0067_generated.wav,13.035011,2.834284,2.830008,0.217436,0.217108,2.701633,0.94218,0.316151
H3_512C_pruned70_Physical_pruning,672-122797-0068.wav,generated_audios/generated_H3_512C_pruned70/672-122797-0068_generated.wav,4.02,0.432614,0.429152,0.107615,0.106754,2.234615,0.907175,0.318369
H3_512C_pruned70_Physical_pruning,672-122797-0069.wav,generated_audios/generated_H3_512C_pruned70/672-122797-0069_generated.wav,5.010023,1.08273,1.079193,0.216113,0.215407,2.692402,0.882078,0.308089
H3_512C_pruned70_Physical_pruning,672-122797-0070.wav,generated_audios/generated_H3_512C_pruned70/672-122797-0070_generated.wav,6.270023,1.348631,1.344828,0.215092,0.214485,2.811912,0.951814,0.321887
H3_512C_pruned70_Physical_pruning,672-122797-0071.wav,generated_audios/generated_H3_512C_pruned70/672-122797-0071_generated.wav,8.875011,1.961281,1.957038,0.220989,0.220511,2.837769,0.954519,0.316956
H3_512C_pruned70_Physical_pruning,672-122797-0072.wav,generated_audios/generated_H3_512C_pruned70/672-122797-0072_generated.wav,7.94,1.730263,1.726286,0.217917,0.217416,2.758813,0.906682,0.319444
H3_512C_pruned70_Physical_pruning,672-122797-0073.wav,generated_audios/generated_H3_512C_pruned70/672-122797-0073_generated.wav,8.205034,1.801458,1.797784,0.219555,0.219107,2.575069,0.931418,0.31917
H3_512C_pruned70_Physical_pruning,672-122797-0074.wav,generated_audios/generated_H3_512C_pruned70/672-122797-0074_generated.wav,8.730023,1.900455,1.896764,0.217692,0.217269,2.839617,0.824392,0.315507
H3_512C_pruned70_Physical_pruning,908-157963-0000.wav,generated_audios/generated_H3_512C_pruned70/908-157963-0000_generated.wav,12.62,2.742079,2.738079,0.21728,0.216963,2.339654,0.930554,0.319842
H3_512C_pruned70_Physical_pruning,908-157963-0001.wav,generated_audios/generated_H3_512C_pruned70/908-157963-0001_generated.wav,2.885034,0.632416,0.629211,0.219206,0.218095,2.433329,0.951553,0.316732
H3_512C_pruned70_Physical_pruning,908-157963-0002.wav,generated_audios/generated_H3_512C_pruned70/908-157963-0002_generated.wav,2.755011,0.566483,0.563046,0.205619,0.204371,2.503811,0.944527,0.313988
H3_512C_pruned70_Physical_pruning,908-157963-0003.wav,generated_audios/generated_H3_512C_pruned70/908-157963-0003_generated.wav,3.08,0.654979,0.651524,0.212655,0.211534,2.290457,0.955776,0.314546
H3_512C_pruned70_Physical_pruning,908-157963-0004.wav,generated_audios/generated_H3_512C_pruned70/908-157963-0004_generated.wav,13.990023,3.053911,3.04959,0.218292,0.217983,2.433524,0.928336,0.310441
H3_512C_pruned70_Physical_pruning,908-157963-0005.wav,generated_audios/generated_H3_512C_pruned70/908-157963-0005_generated.wav,7.035011,1.545171,1.541539,0.21964,0.219124,2.374633,0.928601,0.317287
H3_512C_pruned70_Physical_pruning,908-157963-0006.wav,generated_audios/generated_H3_512C_pruned70/908-157963-0006_generated.wav,8.110023,1.787772,1.784154,0.22044,0.219994,2.24772,0.930978,0.313852
H3_512C_pruned70_Physical_pruning,908-157963-0007.wav,generated_audios/generated_H3_512C_pruned70/908-157963-0007_generated.wav,32.770023,9.431251,9.424694,0.287801,0.287601,2.369297,0.936898,0.311913
H3_512C_pruned70_Physical_pruning,908-157963-0008.wav,generated_audios/generated_H3_512C_pruned70/908-157963-0008_generated.wav,19.950023,5.470243,5.46527,0.274197,0.273948,2.417703,0.93838,0.311179
H3_512C_pruned70_Physical_pruning,908-157963-0009.wav,generated_audios/generated_H3_512C_pruned70/908-157963-0009_generated.wav,4.06,0.880837,0.877387,0.216955,0.216105,2.924133,0.950566,0.304379
H3_512C_pruned70_Physical_pruning,908-157963-0010.wav,generated_audios/generated_H3_512C_pruned70/908-157963-0010_generated.wav,6.28,0.682742,0.679162,0.108717,0.108147,2.252801,0.897336,0.312966
H3_512C_pruned70_Physical_pruning,908-157963-0011.wav,generated_audios/generated_H3_512C_pruned70/908-157963-0011_generated.wav,10.395011,1.154929,1.150734,0.111104,0.110701,2.183861,0.933525,0.312921
H3_512C_pruned70_Physical_pruning,908-157963-0012.wav,generated_audios/generated_H3_512C_pruned70/908-157963-0012_generated.wav,10.090023,2.209785,2.205873,0.219007,0.218619,2.207133,0.909017,0.305304
H3_512C_pruned70_Physical_pruning,908-157963-0013.wav,generated_audios/generated_H3_512C_pruned70/908-157963-0013_generated.wav,4.315011,0.447482,0.444273,0.103704,0.10296,2.051674,0.946867,0.316045
H3_512C_pruned70_Physical_pruning,908-157963-0014.wav,generated_audios/generated_H3_512C_pruned70/908-157963-0014_generated.wav,4.52,0.468503,0.465156,0.103651,0.102911,2.484392,0.934485,0.307916
H3_512C_pruned70_Physical_pruning,908-157963-0015.wav,generated_audios/generated_H3_512C_pruned70/908-157963-0015_generated.wav,14.465034,3.320453,3.316031,0.22955,0.229245,2.54266,0.94633,0.309645
H3_512C_pruned70_Physical_pruning,908-157963-0016.wav,generated_audios/generated_H3_512C_pruned70/908-157963-0016_generated.wav,5.105034,0.533918,0.530403,0.104587,0.103898,2.542622,0.953715,0.306847
H3_512C_pruned70_Physical_pruning,908-157963-0017.wav,generated_audios/generated_H3_512C_pruned70/908-157963-0017_generated.wav,4.950023,1.036672,1.032965,0.209428,0.208679,2.588044,0.947539,0.322476
H3_512C_pruned70_Physical_pruning,908-157963-0018.wav,generated_audios/generated_H3_512C_pruned70/908-157963-0018_generated.wav,4.255011,0.447368,0.44383,0.105139,0.104308,2.477712,0.938101,0.314674
H3_512C_pruned70_Physical_pruning,908-157963-0019.wav,generated_audios/generated_H3_512C_pruned70/908-157963-0019_generated.wav,21.44,5.881789,5.876599,0.274337,0.274095,2.389748,0.942365,0.311327
H3_512C_pruned70_Physical_pruning,908-157963-0020.wav,generated_audios/generated_H3_512C_pruned70/908-157963-0020_generated.wav,9.8,2.139308,2.135135,0.218297,0.217871,2.33696,0.939091,0.309062
H3_512C_pruned70_Physical_pruning,908-157963-0021.wav,generated_audios/generated_H3_512C_pruned70/908-157963-0021_generated.wav,10.24,1.147422,1.143164,0.112053,0.111637,2.285727,0.946259,0.305116
H3_512C_pruned70_Physical_pruning,908-157963-0022.wav,generated_audios/generated_H3_512C_pruned70/908-157963-0022_generated.wav,4.610023,0.995541,0.992101,0.215951,0.215205,2.344053,0.945047,0.309067
H3_512C_pruned70_Physical_pruning,908-157963-0023.wav,generated_audios/generated_H3_512C_pruned70/908-157963-0023_generated.wav,9.625034,2.103242,2.099086,0.218518,0.218086,2.450747,0.924406,0.303705
H3_512C_pruned70_Physical_pruning,908-157963-0024.wav,generated_audios/generated_H3_512C_pruned70/908-157963-0024_generated.wav,3.44,0.730438,0.727087,0.212337,0.211363,2.256742,0.93933,0.309659
H3_512C_pruned70_Physical_pruning,908-157963-0025.wav,generated_audios/generated_H3_512C_pruned70/908-157963-0025_generated.wav,9.265034,2.022621,2.018261,0.218307,0.217836,2.253936,0.927874,0.308819
H3_512C_pruned70_Physical_pruning,908-157963-0026.wav,generated_audios/generated_H3_512C_pruned70/908-157963-0026_generated.wav,8.1,1.777941,1.774235,0.219499,0.219041,2.462527,0.933364,0.303503
H3_512C_pruned70_Physical_pruning,908-157963-0027.wav,generated_audios/generated_H3_512C_pruned70/908-157963-0027_generated.wav,5.225034,0.556181,0.552616,0.106445,0.105763,2.196789,0.904198,0.310085
H3_512C_pruned70_Physical_pruning,908-157963-0028.wav,generated_audios/generated_H3_512C_pruned70/908-157963-0028_generated.wav,4.955011,0.520634,0.517483,0.105072,0.104436,2.288542,0.954739,0.31264
H3_512C_pruned70_Physical_pruning,908-157963-0029.wav,generated_audios/generated_H3_512C_pruned70/908-157963-0029_generated.wav,3.630023,0.756202,0.752996,0.208319,0.207436,2.521278,0.960265,0.311815
H3_512C_pruned70_Physical_pruning,908-157963-0030.wav,generated_audios/generated_H3_512C_pruned70/908-157963-0030_generated.wav,4.52,0.464334,0.461058,0.102729,0.102004,2.542208,0.955107,0.315335
H3_512C_pruned70_Physical_pruning,908-31957-0000.wav,generated_audios/generated_H3_512C_pruned70/908-31957-0000_generated.wav,2.125034,0.429583,0.426266,0.202153,0.200593,2.841376,0.944013,0.32147
H3_512C_pruned70_Physical_pruning,908-31957-0001.wav,generated_audios/generated_H3_512C_pruned70/908-31957-0001_generated.wav,11.315011,2.485525,2.481172,0.219666,0.219281,2.304156,0.93814,0.319562
H3_512C_pruned70_Physical_pruning,908-31957-0002.wav,generated_audios/generated_H3_512C_pruned70/908-31957-0002_generated.wav,4.790023,0.522493,0.518926,0.109079,0.108335,2.206597,0.936707,0.313389
H3_512C_pruned70_Physical_pruning,908-31957-0003.wav,generated_audios/generated_H3_512C_pruned70/908-31957-0003_generated.wav,6.565034,0.720724,0.716758,0.109782,0.109178,2.219199,0.944307,0.316789
H3_512C_pruned70_Physical_pruning,908-31957-0004.wav,generated_audios/generated_H3_512C_pruned70/908-31957-0004_generated.wav,14.755011,3.440811,3.436691,0.233196,0.232917,2.29666,0.946527,0.322505
H3_512C_pruned70_Physical_pruning,908-31957-0005.wav,generated_audios/generated_H3_512C_pruned70/908-31957-0005_generated.wav,4.490023,0.483696,0.480836,0.107727,0.10709,2.664728,0.952786,0.312488
H3_512C_pruned70_Physical_pruning,908-31957-0006.wav,generated_audios/generated_H3_512C_pruned70/908-31957-0006_generated.wav,5.890023,1.274004,1.270296,0.216299,0.215669,2.36752,0.943446,0.317149
H3_512C_pruned70_Physical_pruning,908-31957-0007.wav,generated_audios/generated_H3_512C_pruned70/908-31957-0007_generated.wav,5.8,0.640518,0.636856,0.110434,0.109803,2.535386,0.949424,0.320975
H3_512C_pruned70_Physical_pruning,908-31957-0008.wav,generated_audios/generated_H3_512C_pruned70/908-31957-0008_generated.wav,10.005034,2.296739,2.292693,0.229558,0.229154,2.124835,0.937959,0.323018
H3_512C_pruned70_Physical_pruning,908-31957-0009.wav,generated_audios/generated_H3_512C_pruned70/908-31957-0009_generated.wav,7.705034,1.668893,1.665034,0.216598,0.216097,2.426684,0.945409,0.31892
H3_512C_pruned70_Physical_pruning,908-31957-0010.wav,generated_audios/generated_H3_512C_pruned70/908-31957-0010_generated.wav,2.510023,0.495015,0.491673,0.197216,0.195884,2.59774,0.89043,0.29996
H3_512C_pruned70_Physical_pruning,908-31957-0011.wav,generated_audios/generated_H3_512C_pruned70/908-31957-0011_generated.wav,2.335011,0.242845,0.239542,0.104002,0.102587,2.673463,0.927104,0.305571
H3_512C_pruned70_Physical_pruning,908-31957-0012.wav,generated_audios/generated_H3_512C_pruned70/908-31957-0012_generated.wav,7.615011,1.662957,1.659017,0.218379,0.217861,2.429888,0.943084,0.316235
H3_512C_pruned70_Physical_pruning,908-31957-0013.wav,generated_audios/generated_H3_512C_pruned70/908-31957-0013_generated.wav,6.18,1.372699,1.369338,0.22212,0.221576,2.606922,0.931336,0.314273
H3_512C_pruned70_Physical_pruning,908-31957-0014.wav,generated_audios/generated_H3_512C_pruned70/908-31957-0014_generated.wav,7.56,1.642813,1.63906,0.217303,0.216807,2.324211,0.938332,0.310659
H3_512C_pruned70_Physical_pruning,908-31957-0015.wav,generated_audios/generated_H3_512C_pruned70/908-31957-0015_generated.wav,21.465034,6.20074,6.195261,0.288876,0.288621,2.300532,0.937194,0.312687
H3_512C_pruned70_Physical_pruning,908-31957-0016.wav,generated_audios/generated_H3_512C_pruned70/908-31957-0016_generated.wav,6.48,1.435732,1.432018,0.221564,0.22099,2.573898,0.94543,0.306849
H3_512C_pruned70_Physical_pruning,908-31957-0017.wav,generated_audios/generated_H3_512C_pruned70/908-31957-0017_generated.wav,7.795011,1.708277,1.704414,0.21915,0.218654,2.133395,0.944519,0.313504
H3_512C_pruned70_Physical_pruning,908-31957-0018.wav,generated_audios/generated_H3_512C_pruned70/908-31957-0018_generated.wav,3.915011,0.851488,0.848153,0.217493,0.216641,2.327093,0.927379,0.312811
H3_512C_pruned70_Physical_pruning,908-31957-0019.wav,generated_audios/generated_H3_512C_pruned70/908-31957-0019_generated.wav,9.54,2.138539,2.134499,0.224166,0.223742,2.565932,0.950302,0.313841
H3_512C_pruned70_Physical_pruning,908-31957-0020.wav,generated_audios/generated_H3_512C_pruned70/908-31957-0020_generated.wav,5.895011,0.64451,0.640887,0.109331,0.108717,2.454197,0.937521,0.321466
H3_512C_pruned70_Physical_pruning,908-31957-0021.wav,generated_audios/generated_H3_512C_pruned70/908-31957-0021_generated.wav,10.905034,2.504508,2.500339,0.229665,0.229283,2.331415,0.939183,0.314982
H3_512C_pruned70_Physical_pruning,908-31957-0022.wav,generated_audios/generated_H3_512C_pruned70/908-31957-0022_generated.wav,14.1,4.078054,4.073682,0.289224,0.288914,2.418691,0.942229,0.314178
H3_512C_pruned70_Physical_pruning,908-31957-0023.wav,generated_audios/generated_H3_512C_pruned70/908-31957-0023_generated.wav,8.515011,1.983789,1.979886,0.232976,0.232517,2.530578,0.950843,0.312851
H3_512C_pruned70_Physical_pruning,908-31957-0024.wav,generated_audios/generated_H3_512C_pruned70/908-31957-0024_generated.wav,7.54,1.717522,1.713832,0.227788,0.227299,2.388638,0.945963,0.313349
H3_512C_pruned70_Physical_pruning,908-31957-0025.wav,generated_audios/generated_H3_512C_pruned70/908-31957-0025_generated.wav,20.56,5.921325,5.915915,0.288002,0.287739,2.480349,0.941735,0.307119
