experiment_name,audio_file,generated_file,audio_duration,inference_time,generator_time,avg_rtf,avg_generator_rtf,pesq,stoi,mel_l1
H3_512C_pruned30_Mask_pruning,1089-134686-0000.wav,generated_audios/generated_H3_512C_pruned30/1089-134686-0000_generated.wav,10.435011,3.454717,3.414664,0.33107,0.327232,2.533126,0.955053,0.295306
H3_512C_pruned30_Mask_pruning,1089-134686-0001.wav,generated_audios/generated_H3_512C_pruned30/1089-134686-0001_generated.wav,3.275011,0.907529,0.903692,0.277107,0.275935,2.161766,0.942707,0.292172
H3_512C_pruned30_Mask_pruning,1089-134686-0002.wav,generated_audios/generated_H3_512C_pruned30/1089-134686-0002_generated.wav,6.625034,1.852868,1.848845,0.279677,0.27907,2.609149,0.940692,0.287428
H3_512C_pruned30_Mask_pruning,1089-134686-0003.wav,generated_audios/generated_H3_512C_pruned30/1089-134686-0003_generated.wav,2.68,0.785648,0.781771,0.293152,0.291706,2.865638,0.952962,0.321246
H3_512C_pruned30_Mask_pruning,1089-134686-0004.wav,generated_audios/generated_H3_512C_pruned30/1089-134686-0004_generated.wav,5.215102,1.516136,1.512786,0.29072,0.290078,2.492023,0.957963,0.30106
H3_512C_pruned30_Mask_pruning,1089-134686-0005.wav,generated_audios/generated_H3_512C_pruned30/1089-134686-0005_generated.wav,9.635011,3.001429,2.997018,0.311513,0.311055,2.359252,0.927223,0.291505
H3_512C_pruned30_Mask_pruning,1089-134686-0006.wav,generated_audios/generated_H3_512C_pruned30/1089-134686-0006_generated.wav,10.555011,3.329549,3.325336,0.315447,0.315048,2.564959,0.939633,0.291674
H3_512C_pruned30_Mask_pruning,1089-134686-0007.wav,generated_audios/generated_H3_512C_pruned30/1089-134686-0007_generated.wav,4.275011,1.231618,1.228023,0.288097,0.287256,2.370984,0.950402,0.298155
H3_512C_pruned30_Mask_pruning,1089-134686-0008.wav,generated_audios/generated_H3_512C_pruned30/1089-134686-0008_generated.wav,6.730023,1.872155,1.868415,0.27818,0.277624,2.526481,0.946053,0.294024
H3_512C_pruned30_Mask_pruning,1089-134686-0009.wav,generated_audios/generated_H3_512C_pruned30/1089-134686-0009_generated.wav,10.575011,3.476364,3.471864,0.328734,0.328308,2.799881,0.964618,0.298452
H3_512C_pruned30_Mask_pruning,1089-134686-0010.wav,generated_audios/generated_H3_512C_pruned30/1089-134686-0010_generated.wav,4.405034,1.233753,1.230343,0.280078,0.279304,2.875032,0.959897,0.281466
H3_512C_pruned30_Mask_pruning,1089-134686-0011.wav,generated_audios/generated_H3_512C_pruned30/1089-134686-0011_generated.wav,12.445034,4.957486,4.953425,0.398351,0.398024,2.61391,0.944731,0.285482
H3_512C_pruned30_Mask_pruning,1089-134686-0012.wav,generated_audios/generated_H3_512C_pruned30/1089-134686-0012_generated.wav,11.64,3.883626,3.878951,0.333645,0.333243,2.716733,0.952941,0.295938
H3_512C_pruned30_Mask_pruning,1089-134686-0013.wav,generated_audios/generated_H3_512C_pruned30/1089-134686-0013_generated.wav,7.915011,2.257223,2.253277,0.285183,0.284684,2.558242,0.95466,0.293704
H3_512C_pruned30_Mask_pruning,1089-134686-0014.wav,generated_audios/generated_H3_512C_pruned30/1089-134686-0014_generated.wav,2.225034,0.661605,0.658411,0.297346,0.295911,2.400626,0.96609,0.29427
H3_512C_pruned30_Mask_pruning,1089-134686-0015.wav,generated_audios/generated_H3_512C_pruned30/1089-134686-0015_generated.wav,5.815011,1.642991,1.639253,0.282543,0.2819,2.428422,0.954141,0.294469
H3_512C_pruned30_Mask_pruning,1089-134686-0016.wav,generated_audios/generated_H3_512C_pruned30/1089-134686-0016_generated.wav,3.54,1.02637,1.023024,0.289935,0.28899,2.415885,0.955044,0.29057
H3_512C_pruned30_Mask_pruning,1089-134686-0017.wav,generated_audios/generated_H3_512C_pruned30/1089-134686-0017_generated.wav,8.870023,2.693085,2.689113,0.303616,0.303169,2.639911,0.95353,0.284067
H3_512C_pruned30_Mask_pruning,1089-134686-0018.wav,generated_audios/generated_H3_512C_pruned30/1089-134686-0018_generated.wav,15.72,6.460118,6.455302,0.410949,0.410643,2.569274,0.949889,0.288183
H3_512C_pruned30_Mask_pruning,1089-134686-0019.wav,generated_audios/generated_H3_512C_pruned30/1089-134686-0019_generated.wav,13.895011,5.659139,5.654215,0.407278,0.406924,2.527775,0.957142,0.293483
H3_512C_pruned30_Mask_pruning,1089-134686-0020.wav,generated_audios/generated_H3_512C_pruned30/1089-134686-0020_generated.wav,16.790023,6.965656,6.961776,0.414869,0.414638,2.51177,0.945368,0.291702
H3_512C_pruned30_Mask_pruning,1089-134686-0021.wav,generated_audios/generated_H3_512C_pruned30/1089-134686-0021_generated.wav,6.550023,1.93144,1.927487,0.294875,0.294272,2.539543,0.952069,0.29345
H3_512C_pruned30_Mask_pruning,1089-134686-0022.wav,generated_audios/generated_H3_512C_pruned30/1089-134686-0022_generated.wav,11.175011,3.384049,3.380222,0.302823,0.30248,2.588907,0.954327,0.290883
H3_512C_pruned30_Mask_pruning,1089-134686-0023.wav,generated_audios/generated_H3_512C_pruned30/1089-134686-0023_generated.wav,13.275011,4.952893,4.948257,0.373099,0.37275,2.510414,0.947765,0.291832
H3_512C_pruned30_Mask_pruning,1089-134686-0024.wav,generated_audios/generated_H3_512C_pruned30/1089-134686-0024_generated.wav,11.655011,3.923457,3.919106,0.336633,0.336259,2.4088,0.951214,0.292726
H3_512C_pruned30_Mask_pruning,1089-134686-0025.wav,generated_audios/generated_H3_512C_pruned30/1089-134686-0025_generated.wav,6.610023,1.88813,1.884268,0.285647,0.285062,2.486671,0.957158,0.294374
H3_512C_pruned30_Mask_pruning,1089-134686-0026.wav,generated_audios/generated_H3_512C_pruned30/1089-134686-0026_generated.wav,4.010023,1.120514,1.117316,0.279428,0.278631,2.636352,0.949803,0.282153
H3_512C_pruned30_Mask_pruning,1089-134686-0027.wav,generated_audios/generated_H3_512C_pruned30/1089-134686-0027_generated.wav,2.710023,0.780012,0.776707,0.287825,0.286606,2.681172,0.961257,0.291066
H3_512C_pruned30_Mask_pruning,1089-134686-0028.wav,generated_audios/generated_H3_512C_pruned30/1089-134686-0028_generated.wav,7.830023,2.483249,2.479225,0.317145,0.316631,2.725291,0.952049,0.296038
H3_512C_pruned30_Mask_pruning,1089-134686-0029.wav,generated_audios/generated_H3_512C_pruned30/1089-134686-0029_generated.wav,4.670023,1.27158,1.267838,0.272286,0.271484,2.729053,0.94046,0.297912
H3_512C_pruned30_Mask_pruning,1089-134686-0030.wav,generated_audios/generated_H3_512C_pruned30/1089-134686-0030_generated.wav,2.715011,0.481777,0.478536,0.177449,0.176256,2.592008,0.954139,0.298232
H3_512C_pruned30_Mask_pruning,1089-134686-0031.wav,generated_audios/generated_H3_512C_pruned30/1089-134686-0031_generated.wav,6.615011,1.22213,1.218298,0.184751,0.184172,2.42684,0.949557,0.286317
H3_512C_pruned30_Mask_pruning,121-121726-0000.wav,generated_audios/generated_H3_512C_pruned30/121-121726-0000_generated.wav,8.46,2.705899,2.702251,0.319846,0.319415,2.783349,0.951564,0.303208
H3_512C_pruned30_Mask_pruning,121-121726-0001.wav,generated_audios/generated_H3_512C_pruned30/121-121726-0001_generated.wav,5.925034,1.699022,1.695368,0.286753,0.286136,2.792718,0.937997,0.259405
H3_512C_pruned30_Mask_pruning,121-121726-0002.wav,generated_audios/generated_H3_512C_pruned30/121-121726-0002_generated.wav,4.410023,0.795239,0.791665,0.180325,0.179515,3.076056,0.939471,0.289969
H3_512C_pruned30_Mask_pruning,121-121726-0003.wav,generated_audios/generated_H3_512C_pruned30/121-121726-0003_generated.wav,6.755011,2.050423,2.046696,0.303541,0.302989,2.957711,0.956924,0.268656
H3_512C_pruned30_Mask_pruning,121-121726-0004.wav,generated_audios/generated_H3_512C_pruned30/121-121726-0004_generated.wav,4.02,1.184893,1.181404,0.29475,0.293882,2.750609,0.95111,0.263024
H3_512C_pruned30_Mask_pruning,121-121726-0005.wav,generated_audios/generated_H3_512C_pruned30/121-121726-0005_generated.wav,3.1,0.893664,0.890274,0.288279,0.287185,3.434404,0.96833,0.212541
H3_512C_pruned30_Mask_pruning,121-121726-0006.wav,generated_audios/generated_H3_512C_pruned30/121-121726-0006_generated.wav,3.895011,1.111279,1.107892,0.285308,0.284439,2.66459,0.946778,0.267173
H3_512C_pruned30_Mask_pruning,121-121726-0007.wav,generated_audios/generated_H3_512C_pruned30/121-121726-0007_generated.wav,6.730023,1.323411,1.320494,0.196643,0.196209,2.683665,0.954485,0.27082
H3_512C_pruned30_Mask_pruning,121-121726-0008.wav,generated_audios/generated_H3_512C_pruned30/121-121726-0008_generated.wav,4.990023,1.400226,1.396829,0.280605,0.279924,3.067556,0.958958,0.24541
H3_512C_pruned30_Mask_pruning,121-121726-0009.wav,generated_audios/generated_H3_512C_pruned30/121-121726-0009_generated.wav,7.26,2.143083,2.139409,0.295191,0.294684,2.829783,0.956105,0.270392
H3_512C_pruned30_Mask_pruning,121-121726-0010.wav,generated_audios/generated_H3_512C_pruned30/121-121726-0010_generated.wav,9.810023,2.974809,2.970754,0.303242,0.302828,2.905647,0.95064,0.27676
H3_512C_pruned30_Mask_pruning,121-121726-0011.wav,generated_audios/generated_H3_512C_pruned30/121-121726-0011_generated.wav,4.035011,1.182002,1.178843,0.292936,0.292154,3.130448,0.963404,0.254855
H3_512C_pruned30_Mask_pruning,121-121726-0012.wav,generated_audios/generated_H3_512C_pruned30/121-121726-0012_generated.wav,4.045034,1.146743,1.143857,0.283494,0.282781,2.723556,0.943635,0.319518
H3_512C_pruned30_Mask_pruning,121-121726-0013.wav,generated_audios/generated_H3_512C_pruned30/121-121726-0013_generated.wav,2.490023,0.732322,0.729231,0.294103,0.292861,2.574915,0.943399,0.299941
H3_512C_pruned30_Mask_pruning,121-121726-0014.wav,generated_audios/generated_H3_512C_pruned30/121-121726-0014_generated.wav,3.165034,0.889373,0.886577,0.281,0.280116,2.909438,0.960874,0.265677
H3_512C_pruned30_Mask_pruning,121-123852-0000.wav,generated_audios/generated_H3_512C_pruned30/121-123852-0000_generated.wav,17.695011,7.409199,7.404127,0.418717,0.41843,2.731813,0.95419,0.295523
H3_512C_pruned30_Mask_pruning,121-123852-0001.wav,generated_audios/generated_H3_512C_pruned30/121-123852-0001_generated.wav,1.870023,0.546074,0.542893,0.292015,0.290313,2.393798,0.867435,0.286663
H3_512C_pruned30_Mask_pruning,121-123852-0002.wav,generated_audios/generated_H3_512C_pruned30/121-123852-0002_generated.wav,17.285034,7.426402,7.421359,0.429643,0.429352,2.757103,0.945761,0.332623
H3_512C_pruned30_Mask_pruning,121-123852-0003.wav,generated_audios/generated_H3_512C_pruned30/121-123852-0003_generated.wav,23.505034,10.359497,10.352595,0.440735,0.440442,2.758794,0.94241,0.324769
H3_512C_pruned30_Mask_pruning,121-123852-0004.wav,generated_audios/generated_H3_512C_pruned30/121-123852-0004_generated.wav,16.290023,6.96742,6.962345,0.427711,0.427399,2.993678,0.955346,0.321178
H3_512C_pruned30_Mask_pruning,121-123859-0000.wav,generated_audios/generated_H3_512C_pruned30/121-123859-0000_generated.wav,17.390023,7.318651,7.313315,0.420853,0.420547,2.347076,0.941415,0.324714
H3_512C_pruned30_Mask_pruning,121-123859-0001.wav,generated_audios/generated_H3_512C_pruned30/121-123859-0001_generated.wav,25.395011,10.898884,10.89301,0.429174,0.428943,2.896783,0.952844,0.326554
H3_512C_pruned30_Mask_pruning,121-123859-0002.wav,generated_audios/generated_H3_512C_pruned30/121-123859-0002_generated.wav,30.04,12.413683,12.406773,0.413238,0.413008,2.818127,0.946143,0.32622
H3_512C_pruned30_Mask_pruning,121-123859-0003.wav,generated_audios/generated_H3_512C_pruned30/121-123859-0003_generated.wav,10.825034,3.364932,3.36065,0.310847,0.310452,2.79592,0.946526,0.29769
H3_512C_pruned30_Mask_pruning,121-123859-0004.wav,generated_audios/generated_H3_512C_pruned30/121-123859-0004_generated.wav,9.505034,2.847475,2.843292,0.299575,0.299135,2.564658,0.949653,0.321166
H3_512C_pruned30_Mask_pruning,121-127105-0000.wav,generated_audios/generated_H3_512C_pruned30/121-127105-0000_generated.wav,9.875011,3.047982,3.043782,0.308656,0.308231,2.529502,0.942431,0.302279
H3_512C_pruned30_Mask_pruning,121-127105-0001.wav,generated_audios/generated_H3_512C_pruned30/121-127105-0001_generated.wav,5.025034,1.388107,1.38459,0.276238,0.275538,2.560596,0.940482,0.322772
H3_512C_pruned30_Mask_pruning,121-127105-0002.wav,generated_audios/generated_H3_512C_pruned30/121-127105-0002_generated.wav,7.495011,2.167168,2.163254,0.289148,0.288626,2.344874,0.946003,0.322122
H3_512C_pruned30_Mask_pruning,121-127105-0003.wav,generated_audios/generated_H3_512C_pruned30/121-127105-0003_generated.wav,7.725034,2.267244,2.263987,0.293493,0.293071,2.666038,0.943239,0.304959
H3_512C_pruned30_Mask_pruning,121-127105-0004.wav,generated_audios/generated_H3_512C_pruned30/121-127105-0004_generated.wav,2.110023,0.617508,0.613925,0.292655,0.290957,1.496323,0.937958,0.272049
H3_512C_pruned30_Mask_pruning,121-127105-0005.wav,generated_audios/generated_H3_512C_pruned30/121-127105-0005_generated.wav,5.82,1.678625,1.674954,0.288424,0.287793,2.612102,0.945437,0.292068
H3_512C_pruned30_Mask_pruning,121-127105-0006.wav,generated_audios/generated_H3_512C_pruned30/121-127105-0006_generated.wav,4.725034,1.370635,1.367092,0.290079,0.28933,2.515151,0.942331,0.298673
H3_512C_pruned30_Mask_pruning,121-127105-0007.wav,generated_audios/generated_H3_512C_pruned30/121-127105-0007_generated.wav,5.790023,1.64082,1.637107,0.283387,0.282746,2.057142,0.941427,0.314828
H3_512C_pruned30_Mask_pruning,121-127105-0008.wav,generated_audios/generated_H3_512C_pruned30/121-127105-0008_generated.wav,2.76,0.776133,0.774088,0.281208,0.280467,2.29329,0.939328,0.316957
H3_512C_pruned30_Mask_pruning,121-127105-0009.wav,generated_audios/generated_H3_512C_pruned30/121-127105-0009_generated.wav,2.290023,0.689873,0.686772,0.301252,0.299897,2.856929,0.950206,0.323818
H3_512C_pruned30_Mask_pruning,121-127105-0010.wav,generated_audios/generated_H3_512C_pruned30/121-127105-0010_generated.wav,2.850023,0.819111,0.815662,0.287405,0.286195,2.351639,0.940985,0.323699
H3_512C_pruned30_Mask_pruning,121-127105-0011.wav,generated_audios/generated_H3_512C_pruned30/121-127105-0011_generated.wav,5.78,1.702348,1.698687,0.294524,0.29389,2.472644,0.927973,0.324477
H3_512C_pruned30_Mask_pruning,121-127105-0012.wav,generated_audios/generated_H3_512C_pruned30/121-127105-0012_generated.wav,4.830023,1.380991,1.377337,0.285918,0.285162,1.528932,0.938608,0.331131
H3_512C_pruned30_Mask_pruning,121-127105-0013.wav,generated_audios/generated_H3_512C_pruned30/121-127105-0013_generated.wav,5.895011,1.698586,1.695297,0.288139,0.287582,2.287554,0.940722,0.315889
H3_512C_pruned30_Mask_pruning,121-127105-0014.wav,generated_audios/generated_H3_512C_pruned30/121-127105-0014_generated.wav,2.255011,0.640827,0.637676,0.284179,0.282782,2.585871,0.914968,0.296369
H3_512C_pruned30_Mask_pruning,121-127105-0015.wav,generated_audios/generated_H3_512C_pruned30/121-127105-0015_generated.wav,2.96,0.853821,0.850503,0.288453,0.287332,2.445154,0.94492,0.326454
H3_512C_pruned30_Mask_pruning,121-127105-0016.wav,generated_audios/generated_H3_512C_pruned30/121-127105-0016_generated.wav,2.030023,0.558552,0.555349,0.275146,0.273568,2.398817,0.933217,0.329098
H3_512C_pruned30_Mask_pruning,121-127105-0017.wav,generated_audios/generated_H3_512C_pruned30/121-127105-0017_generated.wav,2.695011,0.767146,0.763872,0.284654,0.283439,2.611399,0.939822,0.333093
H3_512C_pruned30_Mask_pruning,121-127105-0018.wav,generated_audios/generated_H3_512C_pruned30/121-127105-0018_generated.wav,2.770023,0.802046,0.798682,0.289545,0.28833,2.654903,0.93043,0.323933
H3_512C_pruned30_Mask_pruning,121-127105-0019.wav,generated_audios/generated_H3_512C_pruned30/121-127105-0019_generated.wav,3.525034,0.981845,0.978849,0.278535,0.277685,2.610281,0.946344,0.310139
H3_512C_pruned30_Mask_pruning,121-127105-0020.wav,generated_audios/generated_H3_512C_pruned30/121-127105-0020_generated.wav,14.355011,5.862415,5.858027,0.408388,0.408082,2.47885,0.941656,0.324246
H3_512C_pruned30_Mask_pruning,121-127105-0021.wav,generated_audios/generated_H3_512C_pruned30/121-127105-0021_generated.wav,2.0,0.585797,0.582722,0.292899,0.291361,2.620702,0.95553,0.319172
H3_512C_pruned30_Mask_pruning,121-127105-0022.wav,generated_audios/generated_H3_512C_pruned30/121-127105-0022_generated.wav,5.075011,1.52051,1.516876,0.299607,0.298891,2.738163,0.936048,0.298304
H3_512C_pruned30_Mask_pruning,121-127105-0023.wav,generated_audios/generated_H3_512C_pruned30/121-127105-0023_generated.wav,10.910023,3.365351,3.361376,0.308464,0.3081,2.509355,0.943282,0.319155
H3_512C_pruned30_Mask_pruning,121-127105-0024.wav,generated_audios/generated_H3_512C_pruned30/121-127105-0024_generated.wav,14.450023,5.877851,5.873279,0.406771,0.406455,2.45062,0.945642,0.32648
H3_512C_pruned30_Mask_pruning,121-127105-0025.wav,generated_audios/generated_H3_512C_pruned30/121-127105-0025_generated.wav,16.065034,6.570583,6.5656,0.408999,0.408689,2.534498,0.944838,0.309454
H3_512C_pruned30_Mask_pruning,121-127105-0026.wav,generated_audios/generated_H3_512C_pruned30/121-127105-0026_generated.wav,7.530023,2.180472,2.177185,0.28957,0.289134,2.521665,0.953594,0.317744
H3_512C_pruned30_Mask_pruning,121-127105-0027.wav,generated_audios/generated_H3_512C_pruned30/121-127105-0027_generated.wav,13.870023,5.755531,5.750898,0.414962,0.414628,2.792151,0.947884,0.308977
H3_512C_pruned30_Mask_pruning,121-127105-0028.wav,generated_audios/generated_H3_512C_pruned30/121-127105-0028_generated.wav,6.750023,1.328757,1.325087,0.196852,0.196309,2.571594,0.947436,0.283408
H3_512C_pruned30_Mask_pruning,121-127105-0029.wav,generated_audios/generated_H3_512C_pruned30/121-127105-0029_generated.wav,7.310023,2.141272,2.137484,0.292923,0.292405,2.797456,0.950832,0.299947
H3_512C_pruned30_Mask_pruning,121-127105-0030.wav,generated_audios/generated_H3_512C_pruned30/121-127105-0030_generated.wav,2.175011,0.633991,0.630596,0.291489,0.289928,2.406321,0.936424,0.322228
H3_512C_pruned30_Mask_pruning,121-127105-0031.wav,generated_audios/generated_H3_512C_pruned30/121-127105-0031_generated.wav,10.765034,3.255382,3.251497,0.302403,0.302042,2.729119,0.922538,0.29236
H3_512C_pruned30_Mask_pruning,121-127105-0032.wav,generated_audios/generated_H3_512C_pruned30/121-127105-0032_generated.wav,3.170023,0.876602,0.873267,0.276529,0.275477,2.556165,0.946331,0.303314
H3_512C_pruned30_Mask_pruning,121-127105-0033.wav,generated_audios/generated_H3_512C_pruned30/121-127105-0033_generated.wav,2.355011,0.683078,0.679921,0.290053,0.288712,2.234135,0.930447,0.288722
H3_512C_pruned30_Mask_pruning,121-127105-0034.wav,generated_audios/generated_H3_512C_pruned30/121-127105-0034_generated.wav,7.410023,2.140717,2.137011,0.288895,0.288395,2.490475,0.939851,0.295127
H3_512C_pruned30_Mask_pruning,121-127105-0035.wav,generated_audios/generated_H3_512C_pruned30/121-127105-0035_generated.wav,14.150023,5.781214,5.776882,0.408566,0.40826,2.605345,0.929662,0.271601
H3_512C_pruned30_Mask_pruning,121-127105-0036.wav,generated_audios/generated_H3_512C_pruned30/121-127105-0036_generated.wav,4.150023,1.153292,1.149714,0.2779,0.277038,2.631508,0.927218,0.283905
H3_512C_pruned30_Mask_pruning,237-126133-0000.wav,generated_audios/generated_H3_512C_pruned30/237-126133-0000_generated.wav,13.290023,5.533758,5.529844,0.416384,0.41609,2.804615,0.951842,0.310487
H3_512C_pruned30_Mask_pruning,237-126133-0001.wav,generated_audios/generated_H3_512C_pruned30/237-126133-0001_generated.wav,11.965034,4.915261,4.910667,0.410802,0.410418,2.959686,0.952257,0.306162
H3_512C_pruned30_Mask_pruning,237-126133-0002.wav,generated_audios/generated_H3_512C_pruned30/237-126133-0002_generated.wav,8.92,2.65656,2.65247,0.297821,0.297362,2.675004,0.94954,0.318978
H3_512C_pruned30_Mask_pruning,237-126133-0003.wav,generated_audios/generated_H3_512C_pruned30/237-126133-0003_generated.wav,6.56,1.933231,1.929797,0.2947,0.294176,2.830082,0.939928,0.310901
H3_512C_pruned30_Mask_pruning,237-126133-0004.wav,generated_audios/generated_H3_512C_pruned30/237-126133-0004_generated.wav,3.295011,0.918582,0.915437,0.27878,0.277825,2.716336,0.941544,0.326011
H3_512C_pruned30_Mask_pruning,237-126133-0005.wav,generated_audios/generated_H3_512C_pruned30/237-126133-0005_generated.wav,6.510023,1.921792,1.918061,0.295205,0.294632,3.043006,0.944316,0.312878
H3_512C_pruned30_Mask_pruning,237-126133-0006.wav,generated_audios/generated_H3_512C_pruned30/237-126133-0006_generated.wav,6.150023,1.807502,1.804074,0.293902,0.293344,2.759358,0.946783,0.323871
H3_512C_pruned30_Mask_pruning,237-126133-0007.wav,generated_audios/generated_H3_512C_pruned30/237-126133-0007_generated.wav,8.68,2.602295,2.59859,0.299804,0.299377,2.685848,0.946369,0.329656
H3_512C_pruned30_Mask_pruning,237-126133-0008.wav,generated_audios/generated_H3_512C_pruned30/237-126133-0008_generated.wav,3.865034,1.117956,1.114479,0.289249,0.288349,2.858387,0.947595,0.307554
H3_512C_pruned30_Mask_pruning,237-126133-0009.wav,generated_audios/generated_H3_512C_pruned30/237-126133-0009_generated.wav,3.970023,1.182107,1.178942,0.297758,0.296961,2.255831,0.951656,0.322158
H3_512C_pruned30_Mask_pruning,237-126133-0010.wav,generated_audios/generated_H3_512C_pruned30/237-126133-0010_generated.wav,6.24,1.806453,1.803177,0.289496,0.288971,2.317488,0.918928,0.349143
H3_512C_pruned30_Mask_pruning,237-126133-0011.wav,generated_audios/generated_H3_512C_pruned30/237-126133-0011_generated.wav,6.710023,1.960576,1.957067,0.292186,0.291663,2.877432,0.953512,0.298359
H3_512C_pruned30_Mask_pruning,237-126133-0012.wav,generated_audios/generated_H3_512C_pruned30/237-126133-0012_generated.wav,4.450023,1.299286,1.295665,0.291973,0.291159,2.883354,0.955541,0.294657
H3_512C_pruned30_Mask_pruning,237-126133-0013.wav,generated_audios/generated_H3_512C_pruned30/237-126133-0013_generated.wav,6.815011,2.028298,2.024404,0.297622,0.297051,2.326091,0.923268,0.336409
H3_512C_pruned30_Mask_pruning,237-126133-0014.wav,generated_audios/generated_H3_512C_pruned30/237-126133-0014_generated.wav,6.790023,1.998399,1.994845,0.294314,0.293791,2.984291,0.952153,0.311203
H3_512C_pruned30_Mask_pruning,237-126133-0015.wav,generated_audios/generated_H3_512C_pruned30/237-126133-0015_generated.wav,9.34,2.645812,2.642267,0.283278,0.282898,2.946455,0.950734,0.309588
H3_512C_pruned30_Mask_pruning,237-126133-0016.wav,generated_audios/generated_H3_512C_pruned30/237-126133-0016_generated.wav,4.250023,1.147507,1.143922,0.27,0.269157,2.717093,0.941606,0.326118
H3_512C_pruned30_Mask_pruning,237-126133-0017.wav,generated_audios/generated_H3_512C_pruned30/237-126133-0017_generated.wav,6.210023,1.795202,1.791805,0.289081,0.288534,2.914162,0.963149,0.303687
H3_512C_pruned30_Mask_pruning,237-126133-0018.wav,generated_audios/generated_H3_512C_pruned30/237-126133-0018_generated.wav,4.095011,1.160114,1.156654,0.283299,0.282454,2.308375,0.951253,0.302909
H3_512C_pruned30_Mask_pruning,237-126133-0019.wav,generated_audios/generated_H3_512C_pruned30/237-126133-0019_generated.wav,7.12,2.079637,2.0759,0.292084,0.291559,2.943106,0.952557,0.305999
H3_512C_pruned30_Mask_pruning,237-126133-0020.wav,generated_audios/generated_H3_512C_pruned30/237-126133-0020_generated.wav,2.24,0.608998,0.606063,0.271874,0.270564,2.950323,0.953524,0.31244
H3_512C_pruned30_Mask_pruning,237-126133-0021.wav,generated_audios/generated_H3_512C_pruned30/237-126133-0021_generated.wav,4.365034,1.311497,1.308092,0.300455,0.299675,2.541405,0.945769,0.308684
H3_512C_pruned30_Mask_pruning,237-126133-0022.wav,generated_audios/generated_H3_512C_pruned30/237-126133-0022_generated.wav,5.04,1.460169,1.456934,0.289716,0.289074,2.878247,0.953937,0.298908
H3_512C_pruned30_Mask_pruning,237-126133-0023.wav,generated_audios/generated_H3_512C_pruned30/237-126133-0023_generated.wav,6.675011,2.00398,2.00029,0.300221,0.299668,2.812109,0.9538,0.295374
H3_512C_pruned30_Mask_pruning,237-126133-0024.wav,generated_audios/generated_H3_512C_pruned30/237-126133-0024_generated.wav,9.665034,2.971731,2.967894,0.307472,0.307075,2.90072,0.95687,0.30099
H3_512C_pruned30_Mask_pruning,237-126133-0025.wav,generated_audios/generated_H3_512C_pruned30/237-126133-0025_generated.wav,3.755011,1.070122,1.0671,0.284985,0.28418,2.900626,0.950949,0.309148
H3_512C_pruned30_Mask_pruning,237-134493-0000.wav,generated_audios/generated_H3_512C_pruned30/237-134493-0000_generated.wav,4.105034,1.200856,1.197624,0.292533,0.291745,3.17281,0.963507,0.30107
H3_512C_pruned30_Mask_pruning,237-134493-0001.wav,generated_audios/generated_H3_512C_pruned30/237-134493-0001_generated.wav,7.38,2.161788,2.158168,0.292925,0.292435,3.081622,0.957539,0.29507
H3_512C_pruned30_Mask_pruning,237-134493-0002.wav,generated_audios/generated_H3_512C_pruned30/237-134493-0002_generated.wav,11.395011,3.358013,3.354118,0.294692,0.29435,3.041236,0.956378,0.299012
H3_512C_pruned30_Mask_pruning,237-134493-0003.wav,generated_audios/generated_H3_512C_pruned30/237-134493-0003_generated.wav,12.765034,5.230173,5.225983,0.409727,0.409398,2.750537,0.952024,0.297413
H3_512C_pruned30_Mask_pruning,237-134493-0004.wav,generated_audios/generated_H3_512C_pruned30/237-134493-0004_generated.wav,6.825034,1.985402,1.9822,0.2909,0.290431,2.993481,0.94223,0.300022
H3_512C_pruned30_Mask_pruning,237-134493-0005.wav,generated_audios/generated_H3_512C_pruned30/237-134493-0005_generated.wav,10.945034,3.284481,3.280326,0.300089,0.299709,2.979469,0.952894,0.300535
H3_512C_pruned30_Mask_pruning,237-134493-0006.wav,generated_audios/generated_H3_512C_pruned30/237-134493-0006_generated.wav,4.395011,1.273296,1.270011,0.289714,0.288967,2.838035,0.959956,0.301256
H3_512C_pruned30_Mask_pruning,237-134493-0007.wav,generated_audios/generated_H3_512C_pruned30/237-134493-0007_generated.wav,2.035011,0.578976,0.575736,0.284507,0.282915,2.748403,0.943437,0.302036
H3_512C_pruned30_Mask_pruning,237-134493-0008.wav,generated_audios/generated_H3_512C_pruned30/237-134493-0008_generated.wav,2.305034,0.647263,0.645394,0.280804,0.279993,2.685453,0.93232,0.297663
H3_512C_pruned30_Mask_pruning,237-134493-0009.wav,generated_audios/generated_H3_512C_pruned30/237-134493-0009_generated.wav,2.975011,0.848474,0.845194,0.2852,0.284098,2.938655,0.963234,0.300486
H3_512C_pruned30_Mask_pruning,237-134493-0010.wav,generated_audios/generated_H3_512C_pruned30/237-134493-0010_generated.wav,2.875011,0.824014,0.820889,0.286613,0.285525,2.941884,0.95309,0.291816
H3_512C_pruned30_Mask_pruning,237-134493-0011.wav,generated_audios/generated_H3_512C_pruned30/237-134493-0011_generated.wav,5.035011,1.440065,1.436712,0.28601,0.285344,2.768543,0.950799,0.307026
H3_512C_pruned30_Mask_pruning,237-134493-0012.wav,generated_audios/generated_H3_512C_pruned30/237-134493-0012_generated.wav,3.66,1.002841,0.999505,0.274,0.273089,2.649388,0.95832,0.308073
H3_512C_pruned30_Mask_pruning,237-134493-0013.wav,generated_audios/generated_H3_512C_pruned30/237-134493-0013_generated.wav,4.090023,0.775051,0.771578,0.189498,0.188649,3.170972,0.957072,0.301154
H3_512C_pruned30_Mask_pruning,237-134493-0014.wav,generated_audios/generated_H3_512C_pruned30/237-134493-0014_generated.wav,3.7,1.018685,1.015447,0.27532,0.274445,2.95538,0.957795,0.291558
H3_512C_pruned30_Mask_pruning,237-134493-0015.wav,generated_audios/generated_H3_512C_pruned30/237-134493-0015_generated.wav,6.550023,1.257637,1.253939,0.192005,0.19144,2.839231,0.949339,0.301727
H3_512C_pruned30_Mask_pruning,237-134493-0016.wav,generated_audios/generated_H3_512C_pruned30/237-134493-0016_generated.wav,10.085034,3.095775,3.091333,0.306967,0.306527,2.821515,0.961103,0.293471
H3_512C_pruned30_Mask_pruning,237-134493-0017.wav,generated_audios/generated_H3_512C_pruned30/237-134493-0017_generated.wav,9.105034,2.786888,2.768591,0.306082,0.304073,3.059132,0.957706,0.290935
H3_512C_pruned30_Mask_pruning,237-134493-0018.wav,generated_audios/generated_H3_512C_pruned30/237-134493-0018_generated.wav,4.790023,1.385545,1.381837,0.289257,0.288482,3.147027,0.962498,0.298045
H3_512C_pruned30_Mask_pruning,237-134500-0000.wav,generated_audios/generated_H3_512C_pruned30/237-134500-0000_generated.wav,6.130023,1.797,1.793418,0.293147,0.292563,2.989869,0.957495,0.295999
H3_512C_pruned30_Mask_pruning,237-134500-0001.wav,generated_audios/generated_H3_512C_pruned30/237-134500-0001_generated.wav,1.810023,0.520449,0.517081,0.287537,0.285677,3.4629,0.943131,0.298452
H3_512C_pruned30_Mask_pruning,237-134500-0002.wav,generated_audios/generated_H3_512C_pruned30/237-134500-0002_generated.wav,5.070023,1.4491,1.445646,0.285817,0.285136,3.01767,0.958295,0.289206
H3_512C_pruned30_Mask_pruning,237-134500-0003.wav,generated_audios/generated_H3_512C_pruned30/237-134500-0003_generated.wav,3.170023,0.586786,0.583547,0.185105,0.184083,2.925647,0.956671,0.295676
H3_512C_pruned30_Mask_pruning,237-134500-0004.wav,generated_audios/generated_H3_512C_pruned30/237-134500-0004_generated.wav,2.225034,0.410132,0.40724,0.184326,0.183026,2.467942,0.954302,0.294456
H3_512C_pruned30_Mask_pruning,237-134500-0005.wav,generated_audios/generated_H3_512C_pruned30/237-134500-0005_generated.wav,2.390023,0.681737,0.678516,0.285243,0.283895,2.324564,0.939319,0.320323
H3_512C_pruned30_Mask_pruning,237-134500-0006.wav,generated_audios/generated_H3_512C_pruned30/237-134500-0006_generated.wav,4.225034,1.160515,1.157025,0.274676,0.27385,2.573446,0.936401,0.325273
H3_512C_pruned30_Mask_pruning,237-134500-0007.wav,generated_audios/generated_H3_512C_pruned30/237-134500-0007_generated.wav,2.390023,0.429005,0.425764,0.179498,0.178142,2.3979,0.935614,0.322852
H3_512C_pruned30_Mask_pruning,237-134500-0008.wav,generated_audios/generated_H3_512C_pruned30/237-134500-0008_generated.wav,3.76,0.671483,0.668024,0.178586,0.177666,2.659003,0.937758,0.320919
H3_512C_pruned30_Mask_pruning,237-134500-0009.wav,generated_audios/generated_H3_512C_pruned30/237-134500-0009_generated.wav,2.22,0.389896,0.386859,0.175629,0.174261,2.611369,0.933543,0.326257
H3_512C_pruned30_Mask_pruning,237-134500-0010.wav,generated_audios/generated_H3_512C_pruned30/237-134500-0010_generated.wav,3.995011,1.129258,1.125887,0.282667,0.281823,2.853506,0.944676,0.324949
H3_512C_pruned30_Mask_pruning,237-134500-0011.wav,generated_audios/generated_H3_512C_pruned30/237-134500-0011_generated.wav,3.350023,0.907736,0.904704,0.270964,0.270059,2.706912,0.933197,0.316028
H3_512C_pruned30_Mask_pruning,237-134500-0012.wav,generated_audios/generated_H3_512C_pruned30/237-134500-0012_generated.wav,10.935011,3.253188,3.249203,0.297502,0.297138,2.853688,0.94777,0.302972
H3_512C_pruned30_Mask_pruning,237-134500-0013.wav,generated_audios/generated_H3_512C_pruned30/237-134500-0013_generated.wav,10.56,2.152242,2.147789,0.203811,0.203389,2.940444,0.959323,0.290636
H3_512C_pruned30_Mask_pruning,237-134500-0014.wav,generated_audios/generated_H3_512C_pruned30/237-134500-0014_generated.wav,4.250023,0.806208,0.802785,0.189695,0.18889,2.679041,0.944984,0.297365
H3_512C_pruned30_Mask_pruning,237-134500-0015.wav,generated_audios/generated_H3_512C_pruned30/237-134500-0015_generated.wav,10.815011,3.260185,3.256277,0.30145,0.301089,2.92157,0.957462,0.2959
H3_512C_pruned30_Mask_pruning,237-134500-0016.wav,generated_audios/generated_H3_512C_pruned30/237-134500-0016_generated.wav,3.16,0.571168,0.568468,0.180749,0.179895,2.341921,0.918773,0.329708
H3_512C_pruned30_Mask_pruning,237-134500-0017.wav,generated_audios/generated_H3_512C_pruned30/237-134500-0017_generated.wav,2.18,0.399985,0.396799,0.183479,0.182018,2.399815,0.951783,0.3072
H3_512C_pruned30_Mask_pruning,237-134500-0018.wav,generated_audios/generated_H3_512C_pruned30/237-134500-0018_generated.wav,12.845034,5.181875,5.177439,0.403415,0.403069,2.856128,0.958467,0.297486
H3_512C_pruned30_Mask_pruning,237-134500-0019.wav,generated_audios/generated_H3_512C_pruned30/237-134500-0019_generated.wav,2.86,0.782549,0.779089,0.273618,0.272409,2.902796,0.948375,0.29435
H3_512C_pruned30_Mask_pruning,237-134500-0020.wav,generated_audios/generated_H3_512C_pruned30/237-134500-0020_generated.wav,2.18,0.375804,0.372564,0.172387,0.170901,3.285533,0.974587,0.283657
H3_512C_pruned30_Mask_pruning,237-134500-0021.wav,generated_audios/generated_H3_512C_pruned30/237-134500-0021_generated.wav,5.12,1.393974,1.390444,0.272261,0.271571,2.565625,0.918812,0.330894
H3_512C_pruned30_Mask_pruning,237-134500-0022.wav,generated_audios/generated_H3_512C_pruned30/237-134500-0022_generated.wav,5.165034,1.415144,1.411629,0.273985,0.273305,2.601712,0.933852,0.329216
H3_512C_pruned30_Mask_pruning,237-134500-0023.wav,generated_audios/generated_H3_512C_pruned30/237-134500-0023_generated.wav,3.06,0.871615,0.868249,0.284841,0.283742,2.797648,0.942665,0.314386
H3_512C_pruned30_Mask_pruning,237-134500-0024.wav,generated_audios/generated_H3_512C_pruned30/237-134500-0024_generated.wav,4.410023,0.795605,0.791595,0.180408,0.179499,2.806204,0.952332,0.293894
H3_512C_pruned30_Mask_pruning,237-134500-0025.wav,generated_audios/generated_H3_512C_pruned30/237-134500-0025_generated.wav,1.630023,0.489438,0.486268,0.300265,0.29832,3.1988,0.950851,0.309359
H3_512C_pruned30_Mask_pruning,237-134500-0026.wav,generated_audios/generated_H3_512C_pruned30/237-134500-0026_generated.wav,3.050023,0.874189,0.871049,0.286617,0.285588,2.45261,0.933708,0.327548
H3_512C_pruned30_Mask_pruning,237-134500-0027.wav,generated_audios/generated_H3_512C_pruned30/237-134500-0027_generated.wav,3.270023,0.918867,0.915564,0.280997,0.279987,2.878348,0.945243,0.28949
H3_512C_pruned30_Mask_pruning,237-134500-0028.wav,generated_audios/generated_H3_512C_pruned30/237-134500-0028_generated.wav,4.524943,1.324659,1.321148,0.292746,0.29197,2.917099,0.953817,0.306513
H3_512C_pruned30_Mask_pruning,237-134500-0029.wav,generated_audios/generated_H3_512C_pruned30/237-134500-0029_generated.wav,2.065034,0.56913,0.565946,0.275603,0.274061,2.41705,0.957496,0.291832
H3_512C_pruned30_Mask_pruning,237-134500-0030.wav,generated_audios/generated_H3_512C_pruned30/237-134500-0030_generated.wav,2.78,0.791703,0.788471,0.284785,0.283623,2.669999,0.941739,0.316499
H3_512C_pruned30_Mask_pruning,237-134500-0031.wav,generated_audios/generated_H3_512C_pruned30/237-134500-0031_generated.wav,10.610023,3.196317,3.19238,0.301254,0.300883,3.085809,0.956406,0.291899
H3_512C_pruned30_Mask_pruning,237-134500-0032.wav,generated_audios/generated_H3_512C_pruned30/237-134500-0032_generated.wav,5.025034,0.971433,0.967949,0.193319,0.192625,2.790939,0.961173,0.295852
H3_512C_pruned30_Mask_pruning,237-134500-0033.wav,generated_audios/generated_H3_512C_pruned30/237-134500-0033_generated.wav,6.350023,1.837973,1.83445,0.289443,0.288889,2.796792,0.946898,0.298885
H3_512C_pruned30_Mask_pruning,237-134500-0034.wav,generated_audios/generated_H3_512C_pruned30/237-134500-0034_generated.wav,3.075011,0.895492,0.891967,0.291216,0.29007,3.09454,0.955774,0.291713
H3_512C_pruned30_Mask_pruning,237-134500-0035.wav,generated_audios/generated_H3_512C_pruned30/237-134500-0035_generated.wav,2.555011,0.751077,0.747964,0.293962,0.292744,2.770398,0.956484,0.302079
H3_512C_pruned30_Mask_pruning,237-134500-0036.wav,generated_audios/generated_H3_512C_pruned30/237-134500-0036_generated.wav,6.6,1.94421,1.940335,0.294577,0.29399,2.908008,0.956864,0.288234
H3_512C_pruned30_Mask_pruning,237-134500-0037.wav,generated_audios/generated_H3_512C_pruned30/237-134500-0037_generated.wav,7.105034,2.11908,2.114844,0.298251,0.297654,2.390383,0.919591,0.341871
H3_512C_pruned30_Mask_pruning,237-134500-0038.wav,generated_audios/generated_H3_512C_pruned30/237-134500-0038_generated.wav,2.435011,0.700523,0.697344,0.287688,0.286382,2.50548,0.938345,0.33039
H3_512C_pruned30_Mask_pruning,237-134500-0039.wav,generated_audios/generated_H3_512C_pruned30/237-134500-0039_generated.wav,4.630023,1.324237,1.320667,0.286011,0.28524,2.370352,0.916072,0.344508
H3_512C_pruned30_Mask_pruning,237-134500-0040.wav,generated_audios/generated_H3_512C_pruned30/237-134500-0040_generated.wav,4.030023,0.767439,0.76392,0.19043,0.189557,2.783964,0.949835,0.313684
H3_512C_pruned30_Mask_pruning,237-134500-0041.wav,generated_audios/generated_H3_512C_pruned30/237-134500-0041_generated.wav,8.92,1.764693,1.760795,0.197836,0.197399,3.123841,0.957428,0.294063
H3_512C_pruned30_Mask_pruning,237-134500-0042.wav,generated_audios/generated_H3_512C_pruned30/237-134500-0042_generated.wav,2.575011,0.750653,0.747537,0.291514,0.290304,2.30198,0.881498,0.347971
H3_512C_pruned30_Mask_pruning,260-123286-0000.wav,generated_audios/generated_H3_512C_pruned30/260-123286-0000_generated.wav,7.04,2.014994,2.011214,0.286221,0.285684,2.474622,0.950808,0.29006
H3_512C_pruned30_Mask_pruning,260-123286-0001.wav,generated_audios/generated_H3_512C_pruned30/260-123286-0001_generated.wav,3.070023,0.582436,0.579048,0.189717,0.188614,2.453392,0.958306,0.291713
H3_512C_pruned30_Mask_pruning,260-123286-0002.wav,generated_audios/generated_H3_512C_pruned30/260-123286-0002_generated.wav,9.985034,3.142069,3.137736,0.314678,0.314244,2.391012,0.954117,0.282604
H3_512C_pruned30_Mask_pruning,260-123286-0003.wav,generated_audios/generated_H3_512C_pruned30/260-123286-0003_generated.wav,7.370023,2.15341,2.149612,0.292185,0.29167,2.180824,0.937218,0.289657
H3_512C_pruned30_Mask_pruning,260-123286-0004.wav,generated_audios/generated_H3_512C_pruned30/260-123286-0004_generated.wav,3.465034,0.998986,0.995629,0.288305,0.287336,2.226228,0.943958,0.295396
H3_512C_pruned30_Mask_pruning,260-123286-0005.wav,generated_audios/generated_H3_512C_pruned30/260-123286-0005_generated.wav,4.810023,1.342149,1.338604,0.279032,0.278295,2.103463,0.944997,0.309651
H3_512C_pruned30_Mask_pruning,260-123286-0006.wav,generated_audios/generated_H3_512C_pruned30/260-123286-0006_generated.wav,7.405034,2.186485,2.182518,0.29527,0.294734,2.291826,0.949382,0.30108
H3_512C_pruned30_Mask_pruning,260-123286-0007.wav,generated_audios/generated_H3_512C_pruned30/260-123286-0007_generated.wav,4.550023,1.32716,1.323931,0.291682,0.290972,2.321029,0.949565,0.314814
H3_512C_pruned30_Mask_pruning,260-123286-0008.wav,generated_audios/generated_H3_512C_pruned30/260-123286-0008_generated.wav,3.735011,1.048654,1.045388,0.280763,0.279889,2.244134,0.948523,0.311649
H3_512C_pruned30_Mask_pruning,260-123286-0009.wav,generated_audios/generated_H3_512C_pruned30/260-123286-0009_generated.wav,5.795011,1.674907,1.671165,0.289026,0.28838,1.924749,0.944296,0.290891
H3_512C_pruned30_Mask_pruning,260-123286-0010.wav,generated_audios/generated_H3_512C_pruned30/260-123286-0010_generated.wav,2.575011,0.450497,0.447461,0.17495,0.17377,2.359418,0.955897,0.291413
H3_512C_pruned30_Mask_pruning,260-123286-0011.wav,generated_audios/generated_H3_512C_pruned30/260-123286-0011_generated.wav,4.255011,0.771594,0.76808,0.181338,0.180512,2.51585,0.946332,0.292812
H3_512C_pruned30_Mask_pruning,260-123286-0012.wav,generated_audios/generated_H3_512C_pruned30/260-123286-0012_generated.wav,2.430023,0.443911,0.440781,0.182678,0.18139,1.922178,0.932086,0.296474
H3_512C_pruned30_Mask_pruning,260-123286-0013.wav,generated_audios/generated_H3_512C_pruned30/260-123286-0013_generated.wav,4.730023,1.30804,1.304532,0.27654,0.275798,2.390314,0.945981,0.286894
H3_512C_pruned30_Mask_pruning,260-123286-0014.wav,generated_audios/generated_H3_512C_pruned30/260-123286-0014_generated.wav,2.98,0.570181,0.567042,0.191336,0.190282,2.124007,0.951183,0.262346
H3_512C_pruned30_Mask_pruning,260-123286-0015.wav,generated_audios/generated_H3_512C_pruned30/260-123286-0015_generated.wav,5.210023,1.516144,1.512555,0.291005,0.290316,2.053073,0.949791,0.29852
H3_512C_pruned30_Mask_pruning,260-123286-0016.wav,generated_audios/generated_H3_512C_pruned30/260-123286-0016_generated.wav,7.0,2.046199,2.042376,0.292314,0.291768,2.324331,0.944834,0.292773
H3_512C_pruned30_Mask_pruning,260-123286-0017.wav,generated_audios/generated_H3_512C_pruned30/260-123286-0017_generated.wav,3.975011,1.141038,1.137567,0.287053,0.28618,2.308494,0.947859,0.276754
H3_512C_pruned30_Mask_pruning,260-123286-0018.wav,generated_audios/generated_H3_512C_pruned30/260-123286-0018_generated.wav,5.670023,1.64752,1.644065,0.290567,0.289957,2.459641,0.938064,0.304424
H3_512C_pruned30_Mask_pruning,260-123286-0019.wav,generated_audios/generated_H3_512C_pruned30/260-123286-0019_generated.wav,11.905034,4.751762,4.747503,0.399139,0.398781,2.126107,0.949481,0.292676
H3_512C_pruned30_Mask_pruning,260-123286-0020.wav,generated_audios/generated_H3_512C_pruned30/260-123286-0020_generated.wav,3.06,0.566734,0.563478,0.185207,0.184143,2.493838,0.959515,0.240354
H3_512C_pruned30_Mask_pruning,260-123286-0021.wav,generated_audios/generated_H3_512C_pruned30/260-123286-0021_generated.wav,2.550023,0.703487,0.700197,0.275875,0.274585,2.397701,0.960846,0.306836
H3_512C_pruned30_Mask_pruning,260-123286-0022.wav,generated_audios/generated_H3_512C_pruned30/260-123286-0022_generated.wav,3.235011,0.923021,0.919853,0.285322,0.284343,2.347398,0.950384,0.283831
H3_512C_pruned30_Mask_pruning,260-123286-0023.wav,generated_audios/generated_H3_512C_pruned30/260-123286-0023_generated.wav,5.875011,1.688808,1.685202,0.287456,0.286842,2.309539,0.948308,0.30612
H3_512C_pruned30_Mask_pruning,260-123286-0024.wav,generated_audios/generated_H3_512C_pruned30/260-123286-0024_generated.wav,3.04,0.863015,0.859641,0.283887,0.282777,2.668908,0.949611,0.322594
H3_512C_pruned30_Mask_pruning,260-123286-0025.wav,generated_audios/generated_H3_512C_pruned30/260-123286-0025_generated.wav,9.205034,2.756699,2.752311,0.299477,0.299001,2.253454,0.93858,0.301764
H3_512C_pruned30_Mask_pruning,260-123286-0026.wav,generated_audios/generated_H3_512C_pruned30/260-123286-0026_generated.wav,6.94,2.017116,2.013257,0.290651,0.290095,2.155355,0.940864,0.306867
H3_512C_pruned30_Mask_pruning,260-123286-0027.wav,generated_audios/generated_H3_512C_pruned30/260-123286-0027_generated.wav,7.170023,2.108538,2.104932,0.294077,0.293574,2.123015,0.936073,0.302964
H3_512C_pruned30_Mask_pruning,260-123286-0028.wav,generated_audios/generated_H3_512C_pruned30/260-123286-0028_generated.wav,7.465034,2.175151,2.171286,0.291379,0.290861,2.08504,0.941059,0.299613
H3_512C_pruned30_Mask_pruning,260-123286-0029.wav,generated_audios/generated_H3_512C_pruned30/260-123286-0029_generated.wav,4.545034,0.94286,0.939572,0.207448,0.206725,2.135483,0.946355,0.292296
H3_512C_pruned30_Mask_pruning,260-123286-0030.wav,generated_audios/generated_H3_512C_pruned30/260-123286-0030_generated.wav,7.530023,1.468366,1.464572,0.195002,0.194498,2.383166,0.945208,0.310633
H3_512C_pruned30_Mask_pruning,260-123286-0031.wav,generated_audios/generated_H3_512C_pruned30/260-123286-0031_generated.wav,5.06,1.413008,1.409469,0.279251,0.278551,2.571491,0.956096,0.258601
H3_512C_pruned30_Mask_pruning,260-123288-0000.wav,generated_audios/generated_H3_512C_pruned30/260-123288-0000_generated.wav,3.04,0.565495,0.562121,0.186018,0.184908,2.270194,0.947254,0.302496
H3_512C_pruned30_Mask_pruning,260-123288-0001.wav,generated_audios/generated_H3_512C_pruned30/260-123288-0001_generated.wav,5.08,0.981509,0.977875,0.19321,0.192495,2.201961,0.942307,0.286245
H3_512C_pruned30_Mask_pruning,260-123288-0002.wav,generated_audios/generated_H3_512C_pruned30/260-123288-0002_generated.wav,7.250023,2.09728,2.093441,0.289279,0.28875,2.236434,0.942303,0.312471
H3_512C_pruned30_Mask_pruning,260-123288-0003.wav,generated_audios/generated_H3_512C_pruned30/260-123288-0003_generated.wav,8.905034,2.834284,2.830068,0.318279,0.317805,2.140864,0.949447,0.304497
H3_512C_pruned30_Mask_pruning,260-123288-0004.wav,generated_audios/generated_H3_512C_pruned30/260-123288-0004_generated.wav,4.310023,1.241129,1.237762,0.287964,0.287182,2.294518,0.93658,0.275708
H3_512C_pruned30_Mask_pruning,260-123288-0005.wav,generated_audios/generated_H3_512C_pruned30/260-123288-0005_generated.wav,12.550023,5.195777,5.191119,0.414005,0.413634,2.135569,0.93909,0.301147
H3_512C_pruned30_Mask_pruning,260-123288-0006.wav,generated_audios/generated_H3_512C_pruned30/260-123288-0006_generated.wav,4.88,1.44506,1.441741,0.296119,0.295439,2.250828,0.943164,0.27452
H3_512C_pruned30_Mask_pruning,260-123288-0007.wav,generated_audios/generated_H3_512C_pruned30/260-123288-0007_generated.wav,11.2,3.334231,3.32988,0.297699,0.297311,2.277516,0.947535,0.315281
H3_512C_pruned30_Mask_pruning,260-123288-0008.wav,generated_audios/generated_H3_512C_pruned30/260-123288-0008_generated.wav,5.515011,1.620085,1.616268,0.293759,0.293067,2.703821,0.951331,0.309876
H3_512C_pruned30_Mask_pruning,260-123288-0009.wav,generated_audios/generated_H3_512C_pruned30/260-123288-0009_generated.wav,3.435011,0.99205,0.988469,0.288805,0.287763,2.449585,0.947238,0.315222
H3_512C_pruned30_Mask_pruning,260-123288-0010.wav,generated_audios/generated_H3_512C_pruned30/260-123288-0010_generated.wav,9.995011,1.992375,1.988144,0.199337,0.198914,2.159746,0.944219,0.29156
H3_512C_pruned30_Mask_pruning,260-123288-0011.wav,generated_audios/generated_H3_512C_pruned30/260-123288-0011_generated.wav,8.98,2.815895,2.811358,0.313574,0.313069,2.182993,0.941167,0.28998
H3_512C_pruned30_Mask_pruning,260-123288-0012.wav,generated_audios/generated_H3_512C_pruned30/260-123288-0012_generated.wav,3.545034,1.013445,1.010011,0.285878,0.284909,2.766604,0.94777,0.312855
H3_512C_pruned30_Mask_pruning,260-123288-0013.wav,generated_audios/generated_H3_512C_pruned30/260-123288-0013_generated.wav,11.385079,3.421957,3.417725,0.300565,0.300193,2.433287,0.945057,0.301733
H3_512C_pruned30_Mask_pruning,260-123288-0014.wav,generated_audios/generated_H3_512C_pruned30/260-123288-0014_generated.wav,1.805034,0.332847,0.329503,0.184399,0.182547,2.156909,0.944034,0.305937
H3_512C_pruned30_Mask_pruning,260-123288-0015.wav,generated_audios/generated_H3_512C_pruned30/260-123288-0015_generated.wav,21.185034,8.680746,8.675211,0.409758,0.409497,2.355794,0.947167,0.301323
H3_512C_pruned30_Mask_pruning,260-123288-0016.wav,generated_audios/generated_H3_512C_pruned30/260-123288-0016_generated.wav,4.865034,1.439901,1.435746,0.295969,0.295115,2.294044,0.940113,0.307611
H3_512C_pruned30_Mask_pruning,260-123288-0017.wav,generated_audios/generated_H3_512C_pruned30/260-123288-0017_generated.wav,5.225034,1.457964,1.454491,0.279034,0.27837,2.28418,0.960286,0.305681
H3_512C_pruned30_Mask_pruning,260-123288-0018.wav,generated_audios/generated_H3_512C_pruned30/260-123288-0018_generated.wav,3.245034,0.895939,0.892575,0.276095,0.275059,2.234799,0.943919,0.318946
H3_512C_pruned30_Mask_pruning,260-123288-0019.wav,generated_audios/generated_H3_512C_pruned30/260-123288-0019_generated.wav,2.955011,0.549617,0.54645,0.185995,0.184923,2.484025,0.94936,0.278659
H3_512C_pruned30_Mask_pruning,260-123288-0020.wav,generated_audios/generated_H3_512C_pruned30/260-123288-0020_generated.wav,2.9,0.798592,0.795392,0.275377,0.274273,2.499213,0.952397,0.277125
H3_512C_pruned30_Mask_pruning,260-123288-0021.wav,generated_audios/generated_H3_512C_pruned30/260-123288-0021_generated.wav,2.710023,0.504238,0.500948,0.186064,0.18485,2.208155,0.940639,0.311748
H3_512C_pruned30_Mask_pruning,260-123288-0022.wav,generated_audios/generated_H3_512C_pruned30/260-123288-0022_generated.wav,3.705034,1.051394,1.04793,0.283774,0.282839,1.942407,0.937409,0.308421
H3_512C_pruned30_Mask_pruning,260-123288-0023.wav,generated_audios/generated_H3_512C_pruned30/260-123288-0023_generated.wav,2.385034,0.449894,0.446591,0.188632,0.187247,1.996642,0.930971,0.265989
H3_512C_pruned30_Mask_pruning,260-123288-0024.wav,generated_audios/generated_H3_512C_pruned30/260-123288-0024_generated.wav,14.595011,6.021948,6.017037,0.412603,0.412267,2.294386,0.94925,0.308826
H3_512C_pruned30_Mask_pruning,260-123288-0025.wav,generated_audios/generated_H3_512C_pruned30/260-123288-0025_generated.wav,13.445034,5.59193,5.58768,0.41591,0.415594,2.33685,0.947278,0.303775
H3_512C_pruned30_Mask_pruning,260-123288-0026.wav,generated_audios/generated_H3_512C_pruned30/260-123288-0026_generated.wav,16.04,6.566431,6.561087,0.409379,0.409045,2.272488,0.952367,0.306796
H3_512C_pruned30_Mask_pruning,260-123288-0027.wav,generated_audios/generated_H3_512C_pruned30/260-123288-0027_generated.wav,6.305034,1.847331,1.843449,0.292993,0.292377,2.472631,0.957122,0.303906
H3_512C_pruned30_Mask_pruning,260-123288-0028.wav,generated_audios/generated_H3_512C_pruned30/260-123288-0028_generated.wav,2.610023,0.752968,0.749648,0.288491,0.287219,2.312324,0.965315,0.287737
H3_512C_pruned30_Mask_pruning,260-123440-0000.wav,generated_audios/generated_H3_512C_pruned30/260-123440-0000_generated.wav,2.165034,0.596697,0.593408,0.275606,0.274087,2.026291,0.932139,0.315471
H3_512C_pruned30_Mask_pruning,260-123440-0001.wav,generated_audios/generated_H3_512C_pruned30/260-123440-0001_generated.wav,1.74,0.506728,0.503431,0.291223,0.289328,2.68201,0.949891,0.251291
H3_512C_pruned30_Mask_pruning,260-123440-0002.wav,generated_audios/generated_H3_512C_pruned30/260-123440-0002_generated.wav,14.715011,6.060944,6.056504,0.411888,0.411587,2.320474,0.943805,0.308887
H3_512C_pruned30_Mask_pruning,260-123440-0003.wav,generated_audios/generated_H3_512C_pruned30/260-123440-0003_generated.wav,3.585034,1.054001,1.050252,0.294,0.292955,2.491395,0.945817,0.306967
H3_512C_pruned30_Mask_pruning,260-123440-0004.wav,generated_audios/generated_H3_512C_pruned30/260-123440-0004_generated.wav,12.02,5.023497,5.019305,0.417928,0.417579,2.325681,0.94162,0.306413
H3_512C_pruned30_Mask_pruning,260-123440-0005.wav,generated_audios/generated_H3_512C_pruned30/260-123440-0005_generated.wav,3.105034,0.570829,0.567396,0.18384,0.182734,2.355314,0.950039,0.317049
H3_512C_pruned30_Mask_pruning,260-123440-0006.wav,generated_audios/generated_H3_512C_pruned30/260-123440-0006_generated.wav,2.715011,0.473439,0.470318,0.174378,0.173229,1.912637,0.93821,0.318707
H3_512C_pruned30_Mask_pruning,260-123440-0007.wav,generated_audios/generated_H3_512C_pruned30/260-123440-0007_generated.wav,3.385034,0.925039,0.921654,0.273273,0.272273,1.855197,0.938514,0.320435
H3_512C_pruned30_Mask_pruning,260-123440-0008.wav,generated_audios/generated_H3_512C_pruned30/260-123440-0008_generated.wav,3.745034,1.073254,1.069652,0.286581,0.285619,2.258067,0.9507,0.313608
H3_512C_pruned30_Mask_pruning,260-123440-0009.wav,generated_audios/generated_H3_512C_pruned30/260-123440-0009_generated.wav,3.115011,0.913949,0.910563,0.293401,0.292315,2.724086,0.950841,0.308558
H3_512C_pruned30_Mask_pruning,260-123440-0010.wav,generated_audios/generated_H3_512C_pruned30/260-123440-0010_generated.wav,8.315011,2.623957,2.619836,0.315569,0.315073,2.25304,0.930905,0.322679
H3_512C_pruned30_Mask_pruning,260-123440-0011.wav,generated_audios/generated_H3_512C_pruned30/260-123440-0011_generated.wav,4.870023,0.956227,0.953234,0.19635,0.195735,2.499174,0.947833,0.315332
H3_512C_pruned30_Mask_pruning,260-123440-0012.wav,generated_audios/generated_H3_512C_pruned30/260-123440-0012_generated.wav,5.245034,1.525263,1.521727,0.290801,0.290127,2.42288,0.937936,0.340742
H3_512C_pruned30_Mask_pruning,260-123440-0013.wav,generated_audios/generated_H3_512C_pruned30/260-123440-0013_generated.wav,3.475011,1.019717,1.016382,0.293443,0.292483,2.530775,0.934875,0.337179
H3_512C_pruned30_Mask_pruning,260-123440-0014.wav,generated_audios/generated_H3_512C_pruned30/260-123440-0014_generated.wav,3.815011,1.117471,1.114167,0.292914,0.292048,2.652998,0.94619,0.328308
H3_512C_pruned30_Mask_pruning,260-123440-0015.wav,generated_audios/generated_H3_512C_pruned30/260-123440-0015_generated.wav,6.2,1.199494,1.196142,0.193467,0.192926,2.393746,0.949623,0.298745
H3_512C_pruned30_Mask_pruning,260-123440-0016.wav,generated_audios/generated_H3_512C_pruned30/260-123440-0016_generated.wav,4.895011,1.435831,1.432229,0.293325,0.29259,2.569943,0.959898,0.309088
H3_512C_pruned30_Mask_pruning,260-123440-0017.wav,generated_audios/generated_H3_512C_pruned30/260-123440-0017_generated.wav,3.070023,0.614019,0.610639,0.200005,0.198904,2.246217,0.946897,0.305609
H3_512C_pruned30_Mask_pruning,260-123440-0018.wav,generated_audios/generated_H3_512C_pruned30/260-123440-0018_generated.wav,3.64,1.05534,1.05193,0.289929,0.288992,2.660957,0.954539,0.315478
H3_512C_pruned30_Mask_pruning,260-123440-0019.wav,generated_audios/generated_H3_512C_pruned30/260-123440-0019_generated.wav,6.630023,1.973638,1.970155,0.297682,0.297157,2.03337,0.941883,0.304333
H3_512C_pruned30_Mask_pruning,260-123440-0020.wav,generated_audios/generated_H3_512C_pruned30/260-123440-0020_generated.wav,4.995011,1.472783,1.469368,0.294851,0.294167,2.279063,0.951261,0.31099
H3_512C_pruned30_Mask_pruning,61-70968-0000.wav,generated_audios/generated_H3_512C_pruned30/61-70968-0000_generated.wav,4.905034,1.444943,1.441604,0.294584,0.293903,2.089292,0.940277,0.29739
H3_512C_pruned30_Mask_pruning,61-70968-0001.wav,generated_audios/generated_H3_512C_pruned30/61-70968-0001_generated.wav,3.610023,1.046866,1.043509,0.289989,0.289059,1.872661,0.920261,0.293634
H3_512C_pruned30_Mask_pruning,61-70968-0002.wav,generated_audios/generated_H3_512C_pruned30/61-70968-0002_generated.wav,2.970023,0.847464,0.844231,0.285339,0.284251,2.229976,0.922132,0.297103
H3_512C_pruned30_Mask_pruning,61-70968-0003.wav,generated_audios/generated_H3_512C_pruned30/61-70968-0003_generated.wav,4.315011,0.813044,0.809465,0.188422,0.187593,2.517192,0.937766,0.304157
H3_512C_pruned30_Mask_pruning,61-70968-0004.wav,generated_audios/generated_H3_512C_pruned30/61-70968-0004_generated.wav,3.885034,1.133,1.129706,0.291632,0.290784,2.242446,0.946972,0.303926
H3_512C_pruned30_Mask_pruning,61-70968-0005.wav,generated_audios/generated_H3_512C_pruned30/61-70968-0005_generated.wav,5.070023,0.959211,0.955602,0.189193,0.188481,2.045434,0.910948,0.308274
H3_512C_pruned30_Mask_pruning,61-70968-0006.wav,generated_audios/generated_H3_512C_pruned30/61-70968-0006_generated.wav,2.935011,0.849296,0.846097,0.289367,0.288277,2.273498,0.944983,0.308043
H3_512C_pruned30_Mask_pruning,61-70968-0007.wav,generated_audios/generated_H3_512C_pruned30/61-70968-0007_generated.wav,3.550023,0.666605,0.663223,0.187775,0.186822,2.013738,0.854814,0.305944
H3_512C_pruned30_Mask_pruning,61-70968-0008.wav,generated_audios/generated_H3_512C_pruned30/61-70968-0008_generated.wav,3.535011,0.662014,0.658705,0.187273,0.186337,1.909562,0.922087,0.297949
H3_512C_pruned30_Mask_pruning,61-70968-0009.wav,generated_audios/generated_H3_512C_pruned30/61-70968-0009_generated.wav,4.510023,1.313642,1.310348,0.291272,0.290541,2.148591,0.921277,0.301626
H3_512C_pruned30_Mask_pruning,61-70968-0010.wav,generated_audios/generated_H3_512C_pruned30/61-70968-0010_generated.wav,8.295011,2.534934,2.53114,0.305597,0.30514,2.153085,0.929117,0.303184
H3_512C_pruned30_Mask_pruning,61-70968-0011.wav,generated_audios/generated_H3_512C_pruned30/61-70968-0011_generated.wav,6.375011,1.87833,1.875094,0.294639,0.294132,2.04737,0.939986,0.296681
H3_512C_pruned30_Mask_pruning,61-70968-0012.wav,generated_audios/generated_H3_512C_pruned30/61-70968-0012_generated.wav,2.610023,0.486674,0.483447,0.186464,0.185227,2.74329,0.966578,0.301071
H3_512C_pruned30_Mask_pruning,61-70968-0013.wav,generated_audios/generated_H3_512C_pruned30/61-70968-0013_generated.wav,4.450023,0.820399,0.816873,0.184358,0.183566,2.28809,0.932068,0.29343
H3_512C_pruned30_Mask_pruning,61-70968-0014.wav,generated_audios/generated_H3_512C_pruned30/61-70968-0014_generated.wav,7.485034,2.244237,2.240808,0.29983,0.299372,2.407512,0.93783,0.292869
H3_512C_pruned30_Mask_pruning,61-70968-0015.wav,generated_audios/generated_H3_512C_pruned30/61-70968-0015_generated.wav,5.375011,1.54451,1.54122,0.28735,0.286738,2.361466,0.942684,0.302573
H3_512C_pruned30_Mask_pruning,61-70968-0016.wav,generated_audios/generated_H3_512C_pruned30/61-70968-0016_generated.wav,3.72,1.08118,1.079083,0.29064,0.290076,2.494088,0.955028,0.305744
H3_512C_pruned30_Mask_pruning,61-70968-0017.wav,generated_audios/generated_H3_512C_pruned30/61-70968-0017_generated.wav,5.110023,1.467611,1.464335,0.287202,0.286561,2.170766,0.938143,0.294287
H3_512C_pruned30_Mask_pruning,61-70968-0018.wav,generated_audios/generated_H3_512C_pruned30/61-70968-0018_generated.wav,2.405034,0.675528,0.672291,0.280881,0.279535,2.209639,0.937368,0.30093
H3_512C_pruned30_Mask_pruning,61-70968-0019.wav,generated_audios/generated_H3_512C_pruned30/61-70968-0019_generated.wav,5.475011,1.56975,1.566056,0.286712,0.286037,2.281433,0.940741,0.303873
H3_512C_pruned30_Mask_pruning,61-70968-0020.wav,generated_audios/generated_H3_512C_pruned30/61-70968-0020_generated.wav,5.105034,1.475808,1.472744,0.289089,0.288489,2.296872,0.934534,0.299443
H3_512C_pruned30_Mask_pruning,61-70968-0021.wav,generated_audios/generated_H3_512C_pruned30/61-70968-0021_generated.wav,2.690023,0.744227,0.741172,0.276662,0.275526,2.389067,0.920315,0.298191
H3_512C_pruned30_Mask_pruning,61-70968-0022.wav,generated_audios/generated_H3_512C_pruned30/61-70968-0022_generated.wav,4.670023,0.856007,0.852982,0.183298,0.182651,2.191808,0.92483,0.300879
H3_512C_pruned30_Mask_pruning,61-70968-0023.wav,generated_audios/generated_H3_512C_pruned30/61-70968-0023_generated.wav,5.025034,0.958261,0.954822,0.190697,0.190013,2.352016,0.95162,0.300869
H3_512C_pruned30_Mask_pruning,61-70968-0024.wav,generated_audios/generated_H3_512C_pruned30/61-70968-0024_generated.wav,6.025034,1.80406,1.800356,0.299427,0.298813,1.306733,0.928548,0.305985
H3_512C_pruned30_Mask_pruning,61-70968-0025.wav,generated_audios/generated_H3_512C_pruned30/61-70968-0025_generated.wav,4.410023,0.859543,0.856153,0.194907,0.194138,2.343852,0.936565,0.295189
H3_512C_pruned30_Mask_pruning,61-70968-0026.wav,generated_audios/generated_H3_512C_pruned30/61-70968-0026_generated.wav,4.92,1.423568,1.420016,0.289343,0.288621,2.271555,0.961417,0.290048
H3_512C_pruned30_Mask_pruning,61-70968-0027.wav,generated_audios/generated_H3_512C_pruned30/61-70968-0027_generated.wav,6.870023,2.010632,2.00687,0.292667,0.29212,2.386563,0.94844,0.290964
H3_512C_pruned30_Mask_pruning,61-70968-0028.wav,generated_audios/generated_H3_512C_pruned30/61-70968-0028_generated.wav,5.355011,1.557759,1.554031,0.290897,0.290201,2.373036,0.947445,0.292043
H3_512C_pruned30_Mask_pruning,61-70968-0029.wav,generated_audios/generated_H3_512C_pruned30/61-70968-0029_generated.wav,3.495011,1.0286,1.025387,0.294305,0.293386,2.347504,0.949323,0.288574
H3_512C_pruned30_Mask_pruning,61-70968-0030.wav,generated_audios/generated_H3_512C_pruned30/61-70968-0030_generated.wav,5.685034,1.657729,1.6537,0.291595,0.290887,2.365889,0.940942,0.292325
H3_512C_pruned30_Mask_pruning,61-70968-0031.wav,generated_audios/generated_H3_512C_pruned30/61-70968-0031_generated.wav,2.925034,0.86621,0.862596,0.296137,0.294901,1.897984,0.911848,0.292025
H3_512C_pruned30_Mask_pruning,61-70968-0032.wav,generated_audios/generated_H3_512C_pruned30/61-70968-0032_generated.wav,4.28,0.821675,0.818361,0.19198,0.191206,2.310525,0.944235,0.292434
H3_512C_pruned30_Mask_pruning,61-70968-0033.wav,generated_audios/generated_H3_512C_pruned30/61-70968-0033_generated.wav,5.685034,1.133148,1.129492,0.199321,0.198678,2.379962,0.957569,0.292653
H3_512C_pruned30_Mask_pruning,61-70968-0034.wav,generated_audios/generated_H3_512C_pruned30/61-70968-0034_generated.wav,4.230023,1.25682,1.253359,0.297119,0.296301,2.790527,0.946894,0.317059
H3_512C_pruned30_Mask_pruning,61-70968-0035.wav,generated_audios/generated_H3_512C_pruned30/61-70968-0035_generated.wav,7.950023,2.449241,2.445303,0.30808,0.307584,2.248639,0.941822,0.294547
H3_512C_pruned30_Mask_pruning,61-70968-0036.wav,generated_audios/generated_H3_512C_pruned30/61-70968-0036_generated.wav,2.934966,0.561081,0.557851,0.191171,0.190071,2.190263,0.90389,0.301029
H3_512C_pruned30_Mask_pruning,61-70968-0037.wav,generated_audios/generated_H3_512C_pruned30/61-70968-0037_generated.wav,4.315011,0.823756,0.820128,0.190905,0.190064,1.8954,0.902387,0.314447
H3_512C_pruned30_Mask_pruning,61-70968-0038.wav,generated_audios/generated_H3_512C_pruned30/61-70968-0038_generated.wav,2.050023,0.618712,0.615379,0.301807,0.300182,2.765825,0.897439,0.301828
H3_512C_pruned30_Mask_pruning,61-70968-0039.wav,generated_audios/generated_H3_512C_pruned30/61-70968-0039_generated.wav,3.805034,1.068961,1.065756,0.280933,0.280091,2.418681,0.924127,0.30515
H3_512C_pruned30_Mask_pruning,61-70968-0040.wav,generated_audios/generated_H3_512C_pruned30/61-70968-0040_generated.wav,3.950023,1.158349,1.154856,0.293251,0.292367,2.316163,0.938817,0.294679
H3_512C_pruned30_Mask_pruning,61-70968-0041.wav,generated_audios/generated_H3_512C_pruned30/61-70968-0041_generated.wav,6.825034,1.307198,1.303527,0.19153,0.190992,2.369804,0.929735,0.3023
H3_512C_pruned30_Mask_pruning,61-70968-0042.wav,generated_audios/generated_H3_512C_pruned30/61-70968-0042_generated.wav,2.785034,0.535088,0.532011,0.19213,0.191025,2.580606,0.932244,0.292618
H3_512C_pruned30_Mask_pruning,61-70968-0043.wav,generated_audios/generated_H3_512C_pruned30/61-70968-0043_generated.wav,6.735011,2.166533,2.162805,0.321682,0.321129,2.336437,0.912287,0.291771
H3_512C_pruned30_Mask_pruning,61-70968-0044.wav,generated_audios/generated_H3_512C_pruned30/61-70968-0044_generated.wav,2.770023,0.522838,0.519596,0.188749,0.187578,2.130565,0.903387,0.289207
H3_512C_pruned30_Mask_pruning,61-70968-0045.wav,generated_audios/generated_H3_512C_pruned30/61-70968-0045_generated.wav,3.475011,0.641454,0.638026,0.184591,0.183604,2.33901,0.900286,0.288844
H3_512C_pruned30_Mask_pruning,61-70968-0046.wav,generated_audios/generated_H3_512C_pruned30/61-70968-0046_generated.wav,3.550023,0.659286,0.655966,0.185713,0.184778,2.342637,0.948651,0.298044
H3_512C_pruned30_Mask_pruning,61-70968-0047.wav,generated_audios/generated_H3_512C_pruned30/61-70968-0047_generated.wav,4.775011,1.358868,1.355512,0.284579,0.283876,2.246874,0.939863,0.29232
H3_512C_pruned30_Mask_pruning,61-70968-0048.wav,generated_audios/generated_H3_512C_pruned30/61-70968-0048_generated.wav,3.02,0.91518,0.911191,0.30304,0.301719,1.908826,0.907836,0.296223
H3_512C_pruned30_Mask_pruning,61-70968-0049.wav,generated_audios/generated_H3_512C_pruned30/61-70968-0049_generated.wav,8.250023,2.555402,2.551301,0.309745,0.309248,2.286157,0.922347,0.293305
H3_512C_pruned30_Mask_pruning,61-70968-0050.wav,generated_audios/generated_H3_512C_pruned30/61-70968-0050_generated.wav,5.58,1.622756,1.619485,0.290817,0.29023,2.182485,0.928452,0.296358
H3_512C_pruned30_Mask_pruning,61-70968-0051.wav,generated_audios/generated_H3_512C_pruned30/61-70968-0051_generated.wav,3.135011,0.912862,0.909367,0.291183,0.290068,2.217664,0.921912,0.287107
H3_512C_pruned30_Mask_pruning,61-70968-0052.wav,generated_audios/generated_H3_512C_pruned30/61-70968-0052_generated.wav,2.650023,0.744272,0.740976,0.280855,0.279611,2.272361,0.951433,0.309314
H3_512C_pruned30_Mask_pruning,61-70968-0053.wav,generated_audios/generated_H3_512C_pruned30/61-70968-0053_generated.wav,4.22,0.79878,0.795151,0.189284,0.188425,2.24597,0.92799,0.299094
H3_512C_pruned30_Mask_pruning,61-70968-0054.wav,generated_audios/generated_H3_512C_pruned30/61-70968-0054_generated.wav,7.86,2.30674,2.303021,0.293478,0.293005,2.380572,0.94818,0.289308
H3_512C_pruned30_Mask_pruning,61-70968-0055.wav,generated_audios/generated_H3_512C_pruned30/61-70968-0055_generated.wav,3.965034,0.768271,0.764953,0.193762,0.192925,2.183319,0.933021,0.290814
H3_512C_pruned30_Mask_pruning,61-70968-0056.wav,generated_audios/generated_H3_512C_pruned30/61-70968-0056_generated.wav,3.565034,1.009336,1.005849,0.283121,0.282143,2.451898,0.949334,0.289541
H3_512C_pruned30_Mask_pruning,61-70968-0057.wav,generated_audios/generated_H3_512C_pruned30/61-70968-0057_generated.wav,5.065034,0.979116,0.975736,0.193309,0.192642,2.023783,0.903722,0.299112
H3_512C_pruned30_Mask_pruning,61-70968-0058.wav,generated_audios/generated_H3_512C_pruned30/61-70968-0058_generated.wav,1.82,0.500225,0.497062,0.274849,0.273111,2.129134,0.901819,0.300039
H3_512C_pruned30_Mask_pruning,61-70968-0059.wav,generated_audios/generated_H3_512C_pruned30/61-70968-0059_generated.wav,2.170023,0.415355,0.412112,0.191406,0.189911,2.65069,0.958551,0.310936
H3_512C_pruned30_Mask_pruning,61-70968-0060.wav,generated_audios/generated_H3_512C_pruned30/61-70968-0060_generated.wav,3.735011,0.686522,0.683148,0.183807,0.182904,2.140137,0.934367,0.30433
H3_512C_pruned30_Mask_pruning,61-70968-0061.wav,generated_audios/generated_H3_512C_pruned30/61-70968-0061_generated.wav,5.530023,1.650513,1.646789,0.298464,0.297791,2.005038,0.927499,0.309148
H3_512C_pruned30_Mask_pruning,61-70968-0062.wav,generated_audios/generated_H3_512C_pruned30/61-70968-0062_generated.wav,2.555011,0.475496,0.472419,0.186103,0.184899,2.499943,0.894839,0.294657
H3_512C_pruned30_Mask_pruning,61-70970-0000.wav,generated_audios/generated_H3_512C_pruned30/61-70970-0000_generated.wav,6.075011,1.771158,1.767398,0.291548,0.290929,2.054836,0.952303,0.293595
H3_512C_pruned30_Mask_pruning,61-70970-0001.wav,generated_audios/generated_H3_512C_pruned30/61-70970-0001_generated.wav,6.155011,1.803062,1.799316,0.292942,0.292334,2.306923,0.95604,0.298687
H3_512C_pruned30_Mask_pruning,61-70970-0002.wav,generated_audios/generated_H3_512C_pruned30/61-70970-0002_generated.wav,4.165034,1.229563,1.226096,0.295211,0.294378,2.124706,0.913133,0.302072
H3_512C_pruned30_Mask_pruning,61-70970-0003.wav,generated_audios/generated_H3_512C_pruned30/61-70970-0003_generated.wav,3.835011,1.083597,1.080467,0.282554,0.281738,2.217045,0.920921,0.281928
H3_512C_pruned30_Mask_pruning,61-70970-0004.wav,generated_audios/generated_H3_512C_pruned30/61-70970-0004_generated.wav,10.515011,3.151221,3.146927,0.299688,0.299279,2.414488,0.925927,0.284169
H3_512C_pruned30_Mask_pruning,61-70970-0005.wav,generated_audios/generated_H3_512C_pruned30/61-70970-0005_generated.wav,2.02,0.595908,0.592707,0.295004,0.293419,2.423106,0.914519,0.292081
H3_512C_pruned30_Mask_pruning,61-70970-0006.wav,generated_audios/generated_H3_512C_pruned30/61-70970-0006_generated.wav,2.335011,0.65222,0.648947,0.279322,0.27792,1.939915,0.944594,0.300183
H3_512C_pruned30_Mask_pruning,61-70970-0007.wav,generated_audios/generated_H3_512C_pruned30/61-70970-0007_generated.wav,4.485034,1.332909,1.329481,0.29719,0.296426,2.084018,0.932151,0.30702
H3_512C_pruned30_Mask_pruning,61-70970-0008.wav,generated_audios/generated_H3_512C_pruned30/61-70970-0008_generated.wav,2.150023,0.636708,0.633489,0.29614,0.294643,2.271815,0.893914,0.285877
H3_512C_pruned30_Mask_pruning,61-70970-0009.wav,generated_audios/generated_H3_512C_pruned30/61-70970-0009_generated.wav,3.405034,0.983733,0.980155,0.288906,0.287855,2.49027,0.949252,0.284574
H3_512C_pruned30_Mask_pruning,61-70970-0010.wav,generated_audios/generated_H3_512C_pruned30/61-70970-0010_generated.wav,3.045034,0.548159,0.544932,0.180017,0.178958,2.349874,0.906603,0.289105
H3_512C_pruned30_Mask_pruning,61-70970-0011.wav,generated_audios/generated_H3_512C_pruned30/61-70970-0011_generated.wav,6.075011,1.126131,1.12281,0.185371,0.184824,2.074045,0.910079,0.295807
H3_512C_pruned30_Mask_pruning,61-70970-0012.wav,generated_audios/generated_H3_512C_pruned30/61-70970-0012_generated.wav,3.135011,0.56325,0.559857,0.179664,0.178582,2.406075,0.935097,0.292501
H3_512C_pruned30_Mask_pruning,61-70970-0013.wav,generated_audios/generated_H3_512C_pruned30/61-70970-0013_generated.wav,4.350023,1.275391,1.271947,0.293192,0.2924,2.197209,0.945437,0.296605
H3_512C_pruned30_Mask_pruning,61-70970-0014.wav,generated_audios/generated_H3_512C_pruned30/61-70970-0014_generated.wav,3.405034,0.5694,0.565986,0.167223,0.16622,1.932641,0.955957,0.302521
H3_512C_pruned30_Mask_pruning,61-70970-0015.wav,generated_audios/generated_H3_512C_pruned30/61-70970-0015_generated.wav,8.415011,2.658083,2.65403,0.315874,0.315392,2.15179,0.948859,0.300189
H3_512C_pruned30_Mask_pruning,61-70970-0016.wav,generated_audios/generated_H3_512C_pruned30/61-70970-0016_generated.wav,4.370023,1.2602,1.256818,0.288374,0.2876,2.343938,0.954923,0.297491
H3_512C_pruned30_Mask_pruning,61-70970-0017.wav,generated_audios/generated_H3_512C_pruned30/61-70970-0017_generated.wav,2.550023,0.463448,0.45992,0.181743,0.180359,1.960248,0.924385,0.306158
H3_512C_pruned30_Mask_pruning,61-70970-0018.wav,generated_audios/generated_H3_512C_pruned30/61-70970-0018_generated.wav,4.6,1.323433,1.319865,0.287703,0.286927,2.278764,0.934163,0.308479
H3_512C_pruned30_Mask_pruning,61-70970-0019.wav,generated_audios/generated_H3_512C_pruned30/61-70970-0019_generated.wav,3.78,1.086289,1.083073,0.287378,0.286527,2.081146,0.9414,0.297437
H3_512C_pruned30_Mask_pruning,61-70970-0020.wav,generated_audios/generated_H3_512C_pruned30/61-70970-0020_generated.wav,5.025034,0.893384,0.889945,0.177787,0.177102,2.217097,0.920942,0.303502
H3_512C_pruned30_Mask_pruning,61-70970-0021.wav,generated_audios/generated_H3_512C_pruned30/61-70970-0021_generated.wav,5.405034,1.532865,1.529188,0.2836,0.282919,2.030491,0.926906,0.301461
H3_512C_pruned30_Mask_pruning,61-70970-0022.wav,generated_audios/generated_H3_512C_pruned30/61-70970-0022_generated.wav,3.970023,0.700309,0.697128,0.176399,0.175598,2.281392,0.929539,0.294887
H3_512C_pruned30_Mask_pruning,61-70970-0023.wav,generated_audios/generated_H3_512C_pruned30/61-70970-0023_generated.wav,3.705034,0.650261,0.646882,0.175507,0.174595,2.036377,0.953025,0.303517
H3_512C_pruned30_Mask_pruning,61-70970-0024.wav,generated_audios/generated_H3_512C_pruned30/61-70970-0024_generated.wav,7.235011,2.182635,2.178922,0.301677,0.301164,2.422252,0.952046,0.2944
H3_512C_pruned30_Mask_pruning,61-70970-0025.wav,generated_audios/generated_H3_512C_pruned30/61-70970-0025_generated.wav,7.435011,2.239061,2.2358,0.301151,0.300712,2.537741,0.957638,0.28557
H3_512C_pruned30_Mask_pruning,61-70970-0026.wav,generated_audios/generated_H3_512C_pruned30/61-70970-0026_generated.wav,5.475011,0.981203,0.977595,0.179215,0.178556,2.396209,0.940501,0.288963
H3_512C_pruned30_Mask_pruning,61-70970-0027.wav,generated_audios/generated_H3_512C_pruned30/61-70970-0027_generated.wav,5.08,0.89725,0.893797,0.176624,0.175944,2.35874,0.947425,0.294087
H3_512C_pruned30_Mask_pruning,61-70970-0028.wav,generated_audios/generated_H3_512C_pruned30/61-70970-0028_generated.wav,6.550023,1.210832,1.207077,0.184859,0.184286,2.368212,0.949869,0.288268
H3_512C_pruned30_Mask_pruning,61-70970-0029.wav,generated_audios/generated_H3_512C_pruned30/61-70970-0029_generated.wav,4.030023,0.710149,0.706847,0.176215,0.175395,2.293625,0.934882,0.293753
H3_512C_pruned30_Mask_pruning,61-70970-0030.wav,generated_audios/generated_H3_512C_pruned30/61-70970-0030_generated.wav,3.24,0.576798,0.573657,0.178024,0.177055,1.96867,0.918886,0.313931
H3_512C_pruned30_Mask_pruning,61-70970-0031.wav,generated_audios/generated_H3_512C_pruned30/61-70970-0031_generated.wav,5.135011,1.479105,1.475726,0.288043,0.287385,1.985389,0.940152,0.296785
H3_512C_pruned30_Mask_pruning,61-70970-0032.wav,generated_audios/generated_H3_512C_pruned30/61-70970-0032_generated.wav,3.135011,0.559911,0.556642,0.178599,0.177557,2.235887,0.951453,0.290135
H3_512C_pruned30_Mask_pruning,61-70970-0033.wav,generated_audios/generated_H3_512C_pruned30/61-70970-0033_generated.wav,3.42,0.956683,0.953417,0.279732,0.278777,2.058899,0.946806,0.299023
H3_512C_pruned30_Mask_pruning,61-70970-0034.wav,generated_audios/generated_H3_512C_pruned30/61-70970-0034_generated.wav,4.485034,0.869056,0.865802,0.193768,0.193043,1.966676,0.923916,0.301549
H3_512C_pruned30_Mask_pruning,61-70970-0035.wav,generated_audios/generated_H3_512C_pruned30/61-70970-0035_generated.wav,7.405034,1.337799,1.333667,0.180661,0.180103,2.248799,0.941509,0.296056
H3_512C_pruned30_Mask_pruning,61-70970-0036.wav,generated_audios/generated_H3_512C_pruned30/61-70970-0036_generated.wav,6.785034,1.309966,1.305992,0.193067,0.192481,2.273769,0.936066,0.295843
H3_512C_pruned30_Mask_pruning,61-70970-0037.wav,generated_audios/generated_H3_512C_pruned30/61-70970-0037_generated.wav,5.98,1.72182,1.718193,0.28793,0.287323,2.455111,0.937427,0.296997
H3_512C_pruned30_Mask_pruning,61-70970-0038.wav,generated_audios/generated_H3_512C_pruned30/61-70970-0038_generated.wav,10.4,3.257827,3.253643,0.313253,0.31285,2.210453,0.936894,0.297951
H3_512C_pruned30_Mask_pruning,61-70970-0039.wav,generated_audios/generated_H3_512C_pruned30/61-70970-0039_generated.wav,6.665034,1.208888,1.205519,0.181378,0.180872,1.885045,0.9191,0.301358
H3_512C_pruned30_Mask_pruning,61-70970-0040.wav,generated_audios/generated_H3_512C_pruned30/61-70970-0040_generated.wav,4.165034,0.739681,0.736279,0.177593,0.176776,2.160547,0.951267,0.293075
H3_512C_pruned30_Mask_pruning,672-122797-0000.wav,generated_audios/generated_H3_512C_pruned30/672-122797-0000_generated.wav,4.070023,1.185183,1.181676,0.291198,0.290336,2.557323,0.952435,0.306532
H3_512C_pruned30_Mask_pruning,672-122797-0001.wav,generated_audios/generated_H3_512C_pruned30/672-122797-0001_generated.wav,15.130023,6.354109,6.349779,0.419967,0.419681,2.771182,0.943108,0.309051
H3_512C_pruned30_Mask_pruning,672-122797-0002.wav,generated_audios/generated_H3_512C_pruned30/672-122797-0002_generated.wav,13.62,5.549972,5.545412,0.407487,0.407152,2.650165,0.94753,0.303296
H3_512C_pruned30_Mask_pruning,672-122797-0003.wav,generated_audios/generated_H3_512C_pruned30/672-122797-0003_generated.wav,4.76,1.400765,1.396933,0.294278,0.293473,2.587708,0.926293,0.308052
H3_512C_pruned30_Mask_pruning,672-122797-0004.wav,generated_audios/generated_H3_512C_pruned30/672-122797-0004_generated.wav,10.250023,3.184149,3.180247,0.310648,0.310267,2.460919,0.919303,0.311235
H3_512C_pruned30_Mask_pruning,672-122797-0005.wav,generated_audios/generated_H3_512C_pruned30/672-122797-0005_generated.wav,3.26,0.9681,0.964872,0.296963,0.295973,2.601736,0.884373,0.305773
H3_512C_pruned30_Mask_pruning,672-122797-0006.wav,generated_audios/generated_H3_512C_pruned30/672-122797-0006_generated.wav,13.950023,5.947829,5.943661,0.426367,0.426068,2.358346,0.874003,0.330307
H3_512C_pruned30_Mask_pruning,672-122797-0007.wav,generated_audios/generated_H3_512C_pruned30/672-122797-0007_generated.wav,6.42,1.80132,1.797417,0.280579,0.279971,2.517797,0.881637,0.309961
H3_512C_pruned30_Mask_pruning,672-122797-0008.wav,generated_audios/generated_H3_512C_pruned30/672-122797-0008_generated.wav,30.810023,12.963191,12.95684,0.420746,0.42054,2.729896,0.8984,0.308503
H3_512C_pruned30_Mask_pruning,672-122797-0009.wav,generated_audios/generated_H3_512C_pruned30/672-122797-0009_generated.wav,2.765034,0.506421,0.503473,0.183152,0.182086,2.253419,0.880863,0.355229
H3_512C_pruned30_Mask_pruning,672-122797-0010.wav,generated_audios/generated_H3_512C_pruned30/672-122797-0010_generated.wav,3.815011,0.677519,0.674076,0.177593,0.176691,2.619088,0.911371,0.323565
H3_512C_pruned30_Mask_pruning,672-122797-0011.wav,generated_audios/generated_H3_512C_pruned30/672-122797-0011_generated.wav,2.54,0.740641,0.73739,0.291591,0.290311,2.409699,0.906723,0.34767
H3_512C_pruned30_Mask_pruning,672-122797-0012.wav,generated_audios/generated_H3_512C_pruned30/672-122797-0012_generated.wav,7.765034,2.278416,2.274914,0.29342,0.292969,2.3243,0.905573,0.321609
H3_512C_pruned30_Mask_pruning,672-122797-0013.wav,generated_audios/generated_H3_512C_pruned30/672-122797-0013_generated.wav,8.705034,2.536566,2.532593,0.291391,0.290934,2.468861,0.881336,0.322403
H3_512C_pruned30_Mask_pruning,672-122797-0014.wav,generated_audios/generated_H3_512C_pruned30/672-122797-0014_generated.wav,2.555011,0.457825,0.454919,0.179187,0.17805,2.40025,0.923417,0.338689
H3_512C_pruned30_Mask_pruning,672-122797-0015.wav,generated_audios/generated_H3_512C_pruned30/672-122797-0015_generated.wav,4.455011,0.789455,0.786202,0.177206,0.176476,2.316564,0.901467,0.352871
H3_512C_pruned30_Mask_pruning,672-122797-0016.wav,generated_audios/generated_H3_512C_pruned30/672-122797-0016_generated.wav,9.215011,2.688133,2.684529,0.291712,0.291321,1.756343,0.889641,0.332942
H3_512C_pruned30_Mask_pruning,672-122797-0017.wav,generated_audios/generated_H3_512C_pruned30/672-122797-0017_generated.wav,4.82,1.357437,1.353652,0.281626,0.280841,2.357515,0.897071,0.3454
H3_512C_pruned30_Mask_pruning,672-122797-0018.wav,generated_audios/generated_H3_512C_pruned30/672-122797-0018_generated.wav,4.930023,1.414808,1.411326,0.286978,0.286272,2.731141,0.921962,0.316212
H3_512C_pruned30_Mask_pruning,672-122797-0019.wav,generated_audios/generated_H3_512C_pruned30/672-122797-0019_generated.wav,4.110023,1.154807,1.151393,0.280973,0.280143,2.591387,0.892472,0.338836
H3_512C_pruned30_Mask_pruning,672-122797-0020.wav,generated_audios/generated_H3_512C_pruned30/672-122797-0020_generated.wav,8.825034,2.581836,2.577833,0.292558,0.292105,2.45877,0.891748,0.308923
H3_512C_pruned30_Mask_pruning,672-122797-0021.wav,generated_audios/generated_H3_512C_pruned30/672-122797-0021_generated.wav,4.150023,0.737433,0.733627,0.177694,0.176777,2.291734,0.946688,0.306595
H3_512C_pruned30_Mask_pruning,672-122797-0022.wav,generated_audios/generated_H3_512C_pruned30/672-122797-0022_generated.wav,19.004943,7.745412,7.740434,0.407547,0.407285,2.560639,0.896522,0.309032
H3_512C_pruned30_Mask_pruning,672-122797-0023.wav,generated_audios/generated_H3_512C_pruned30/672-122797-0023_generated.wav,9.695102,2.831006,2.826616,0.292004,0.291551,2.43234,0.906502,0.30727
H3_512C_pruned30_Mask_pruning,672-122797-0024.wav,generated_audios/generated_H3_512C_pruned30/672-122797-0024_generated.wav,4.130023,1.190918,1.187622,0.288356,0.287558,2.207706,0.876115,0.313883
H3_512C_pruned30_Mask_pruning,672-122797-0025.wav,generated_audios/generated_H3_512C_pruned30/672-122797-0025_generated.wav,10.690023,3.199882,3.195888,0.299333,0.29896,2.647851,0.93237,0.307559
H3_512C_pruned30_Mask_pruning,672-122797-0026.wav,generated_audios/generated_H3_512C_pruned30/672-122797-0026_generated.wav,13.96,5.270388,5.26635,0.377535,0.377246,2.335975,0.909203,0.308053
H3_512C_pruned30_Mask_pruning,672-122797-0027.wav,generated_audios/generated_H3_512C_pruned30/672-122797-0027_generated.wav,4.790023,0.857912,0.854341,0.179104,0.178358,2.307487,0.875191,0.307423
H3_512C_pruned30_Mask_pruning,672-122797-0028.wav,generated_audios/generated_H3_512C_pruned30/672-122797-0028_generated.wav,2.610023,0.479038,0.476123,0.183538,0.182421,2.439404,0.923549,0.317599
H3_512C_pruned30_Mask_pruning,672-122797-0029.wav,generated_audios/generated_H3_512C_pruned30/672-122797-0029_generated.wav,3.050023,0.551879,0.548505,0.180943,0.179836,3.049599,0.949328,0.314342
H3_512C_pruned30_Mask_pruning,672-122797-0030.wav,generated_audios/generated_H3_512C_pruned30/672-122797-0030_generated.wav,4.575011,1.317612,1.314043,0.288002,0.287222,2.496323,0.929027,0.322628
H3_512C_pruned30_Mask_pruning,672-122797-0031.wav,generated_audios/generated_H3_512C_pruned30/672-122797-0031_generated.wav,3.98,0.721626,0.718301,0.181313,0.180478,2.774806,0.902107,0.327974
H3_512C_pruned30_Mask_pruning,672-122797-0032.wav,generated_audios/generated_H3_512C_pruned30/672-122797-0032_generated.wav,4.0,0.714935,0.711754,0.178734,0.177939,2.406043,0.895713,0.310531
H3_512C_pruned30_Mask_pruning,672-122797-0033.wav,generated_audios/generated_H3_512C_pruned30/672-122797-0033_generated.wav,1.285034,0.398774,0.395624,0.310322,0.307871,2.518187,0.852591,0.33696
H3_512C_pruned30_Mask_pruning,672-122797-0034.wav,generated_audios/generated_H3_512C_pruned30/672-122797-0034_generated.wav,5.110023,0.917783,0.914312,0.179605,0.178925,2.492558,0.944863,0.324738
H3_512C_pruned30_Mask_pruning,672-122797-0035.wav,generated_audios/generated_H3_512C_pruned30/672-122797-0035_generated.wav,2.9,0.531125,0.527869,0.183146,0.182024,2.839557,0.94174,0.319822
H3_512C_pruned30_Mask_pruning,672-122797-0036.wav,generated_audios/generated_H3_512C_pruned30/672-122797-0036_generated.wav,5.365034,0.968472,0.9652,0.180516,0.179906,2.316636,0.873969,0.338296
H3_512C_pruned30_Mask_pruning,672-122797-0037.wav,generated_audios/generated_H3_512C_pruned30/672-122797-0037_generated.wav,1.96,0.547505,0.54433,0.279339,0.277719,2.335473,0.861138,0.372048
H3_512C_pruned30_Mask_pruning,672-122797-0038.wav,generated_audios/generated_H3_512C_pruned30/672-122797-0038_generated.wav,8.8,2.558975,2.555333,0.290793,0.290379,2.56926,0.909929,0.307084
H3_512C_pruned30_Mask_pruning,672-122797-0039.wav,generated_audios/generated_H3_512C_pruned30/672-122797-0039_generated.wav,4.025034,1.175417,1.171786,0.292027,0.291125,2.628041,0.923735,0.319278
H3_512C_pruned30_Mask_pruning,672-122797-0040.wav,generated_audios/generated_H3_512C_pruned30/672-122797-0040_generated.wav,5.125034,0.920061,0.916789,0.179523,0.178884,2.480512,0.916128,0.303343
H3_512C_pruned30_Mask_pruning,672-122797-0041.wav,generated_audios/generated_H3_512C_pruned30/672-122797-0041_generated.wav,3.88,0.689825,0.686303,0.17779,0.176882,2.589202,0.922744,0.308167
H3_512C_pruned30_Mask_pruning,672-122797-0042.wav,generated_audios/generated_H3_512C_pruned30/672-122797-0042_generated.wav,15.310023,5.451752,5.447075,0.35609,0.355785,2.773342,0.815706,0.305825
H3_512C_pruned30_Mask_pruning,672-122797-0043.wav,generated_audios/generated_H3_512C_pruned30/672-122797-0043_generated.wav,3.78,0.678382,0.674786,0.179466,0.178515,2.613553,0.862298,0.33873
H3_512C_pruned30_Mask_pruning,672-122797-0044.wav,generated_audios/generated_H3_512C_pruned30/672-122797-0044_generated.wav,3.74,0.667098,0.663919,0.178368,0.177518,2.805302,0.902155,0.308178
H3_512C_pruned30_Mask_pruning,672-122797-0045.wav,generated_audios/generated_H3_512C_pruned30/672-122797-0045_generated.wav,13.96,3.466064,3.461684,0.248285,0.247972,2.546562,0.93789,0.30692
H3_512C_pruned30_Mask_pruning,672-122797-0046.wav,generated_audios/generated_H3_512C_pruned30/672-122797-0046_generated.wav,4.715011,1.353316,1.349807,0.287023,0.286279,2.813641,0.922927,0.321035
H3_512C_pruned30_Mask_pruning,672-122797-0047.wav,generated_audios/generated_H3_512C_pruned30/672-122797-0047_generated.wav,3.325034,0.970484,0.96718,0.291872,0.290878,2.454642,0.882766,0.348946
H3_512C_pruned30_Mask_pruning,672-122797-0048.wav,generated_audios/generated_H3_512C_pruned30/672-122797-0048_generated.wav,6.555011,1.195847,1.192223,0.182433,0.18188,1.573523,0.850853,0.313225
H3_512C_pruned30_Mask_pruning,672-122797-0049.wav,generated_audios/generated_H3_512C_pruned30/672-122797-0049_generated.wav,2.02,0.365983,0.363351,0.18118,0.179877,2.184007,0.849771,0.328685
H3_512C_pruned30_Mask_pruning,672-122797-0050.wav,generated_audios/generated_H3_512C_pruned30/672-122797-0050_generated.wav,4.855011,1.413407,1.409763,0.291123,0.290373,2.531183,0.915332,0.304804
H3_512C_pruned30_Mask_pruning,672-122797-0051.wav,generated_audios/generated_H3_512C_pruned30/672-122797-0051_generated.wav,4.665034,1.359325,1.356,0.291386,0.290673,2.509554,0.913259,0.31476
H3_512C_pruned30_Mask_pruning,672-122797-0052.wav,generated_audios/generated_H3_512C_pruned30/672-122797-0052_generated.wav,4.285034,1.190175,1.187207,0.277752,0.277059,2.571607,0.917487,0.316838
H3_512C_pruned30_Mask_pruning,672-122797-0053.wav,generated_audios/generated_H3_512C_pruned30/672-122797-0053_generated.wav,2.955011,0.537373,0.534382,0.181851,0.180839,2.570051,0.904948,0.306107
H3_512C_pruned30_Mask_pruning,672-122797-0054.wav,generated_audios/generated_H3_512C_pruned30/672-122797-0054_generated.wav,4.250023,0.761595,0.758311,0.179198,0.178425,2.641905,0.879341,0.312794
H3_512C_pruned30_Mask_pruning,672-122797-0055.wav,generated_audios/generated_H3_512C_pruned30/672-122797-0055_generated.wav,8.230023,2.391997,2.388272,0.290643,0.29019,2.53065,0.888176,0.306066
H3_512C_pruned30_Mask_pruning,672-122797-0056.wav,generated_audios/generated_H3_512C_pruned30/672-122797-0056_generated.wav,5.225034,0.949714,0.946218,0.181762,0.181093,2.297158,0.930387,0.308838
H3_512C_pruned30_Mask_pruning,672-122797-0057.wav,generated_audios/generated_H3_512C_pruned30/672-122797-0057_generated.wav,6.56,1.537203,1.468223,0.23433,0.223814,2.652866,0.865017,0.325303
H3_512C_pruned30_Mask_pruning,672-122797-0058.wav,generated_audios/generated_H3_512C_pruned30/672-122797-0058_generated.wav,4.470023,1.297251,1.293701,0.290211,0.289417,2.383103,0.873772,0.330744
H3_512C_pruned30_Mask_pruning,672-122797-0059.wav,generated_audios/generated_H3_512C_pruned30/672-122797-0059_generated.wav,3.52,1.004289,1.001161,0.285309,0.284421,2.37693,0.9194,0.309671
H3_512C_pruned30_Mask_pruning,672-122797-0060.wav,generated_audios/generated_H3_512C_pruned30/672-122797-0060_generated.wav,3.350023,0.605079,0.601835,0.180619,0.179651,2.967042,0.949637,0.309699
H3_512C_pruned30_Mask_pruning,672-122797-0061.wav,generated_audios/generated_H3_512C_pruned30/672-122797-0061_generated.wav,7.590023,2.205148,2.201796,0.290532,0.290091,2.604804,0.911135,0.332961
H3_512C_pruned30_Mask_pruning,672-122797-0062.wav,generated_audios/generated_H3_512C_pruned30/672-122797-0062_generated.wav,2.675011,0.797422,0.794441,0.2981,0.296986,2.183025,0.82539,0.320008
H3_512C_pruned30_Mask_pruning,672-122797-0063.wav,generated_audios/generated_H3_512C_pruned30/672-122797-0063_generated.wav,5.075011,0.977332,0.974104,0.192577,0.191941,2.896567,0.93298,0.313407
H3_512C_pruned30_Mask_pruning,672-122797-0064.wav,generated_audios/generated_H3_512C_pruned30/672-122797-0064_generated.wav,15.270023,5.451604,5.447284,0.357013,0.356731,2.500627,0.894687,0.315398
H3_512C_pruned30_Mask_pruning,672-122797-0065.wav,generated_audios/generated_H3_512C_pruned30/672-122797-0065_generated.wav,3.030023,0.547683,0.544582,0.180752,0.179729,2.480506,0.893131,0.308224
H3_512C_pruned30_Mask_pruning,672-122797-0066.wav,generated_audios/generated_H3_512C_pruned30/672-122797-0066_generated.wav,4.815011,0.862332,0.859233,0.179092,0.178449,2.660619,0.949331,0.306389
H3_512C_pruned30_Mask_pruning,672-122797-0067.wav,generated_audios/generated_H3_512C_pruned30/672-122797-0067_generated.wav,13.035011,4.136746,4.132331,0.317356,0.317018,2.646664,0.941065,0.307747
H3_512C_pruned30_Mask_pruning,672-122797-0068.wav,generated_audios/generated_H3_512C_pruned30/672-122797-0068_generated.wav,4.02,0.712336,0.708832,0.177198,0.176326,2.572549,0.892481,0.308882
H3_512C_pruned30_Mask_pruning,672-122797-0069.wav,generated_audios/generated_H3_512C_pruned30/672-122797-0069_generated.wav,5.010023,1.457776,1.454407,0.290972,0.2903,2.65809,0.871757,0.305126
H3_512C_pruned30_Mask_pruning,672-122797-0070.wav,generated_audios/generated_H3_512C_pruned30/672-122797-0070_generated.wav,6.270023,1.796184,1.792935,0.286472,0.285953,2.791407,0.947506,0.304319
H3_512C_pruned30_Mask_pruning,672-122797-0071.wav,generated_audios/generated_H3_512C_pruned30/672-122797-0071_generated.wav,8.875011,2.602442,2.598257,0.293233,0.292761,2.725914,0.948913,0.304652
H3_512C_pruned30_Mask_pruning,672-122797-0072.wav,generated_audios/generated_H3_512C_pruned30/672-122797-0072_generated.wav,7.94,2.305346,2.301398,0.290346,0.289849,2.736849,0.897813,0.313167
H3_512C_pruned30_Mask_pruning,672-122797-0073.wav,generated_audios/generated_H3_512C_pruned30/672-122797-0073_generated.wav,8.205034,2.396037,2.392172,0.29202,0.291549,2.647721,0.923114,0.3104
H3_512C_pruned30_Mask_pruning,672-122797-0074.wav,generated_audios/generated_H3_512C_pruned30/672-122797-0074_generated.wav,8.730023,2.53248,2.529156,0.290089,0.289708,2.837312,0.81172,0.309615
H3_512C_pruned30_Mask_pruning,908-157963-0000.wav,generated_audios/generated_H3_512C_pruned30/908-157963-0000_generated.wav,12.62,3.899674,3.895469,0.309007,0.308674,2.189902,0.928446,0.311437
H3_512C_pruned30_Mask_pruning,908-157963-0001.wav,generated_audios/generated_H3_512C_pruned30/908-157963-0001_generated.wav,2.885034,0.861846,0.858402,0.29873,0.297536,2.654232,0.955528,0.314647
H3_512C_pruned30_Mask_pruning,908-157963-0002.wav,generated_audios/generated_H3_512C_pruned30/908-157963-0002_generated.wav,2.755011,0.772191,0.768814,0.280286,0.27906,2.506123,0.942797,0.31391
H3_512C_pruned30_Mask_pruning,908-157963-0003.wav,generated_audios/generated_H3_512C_pruned30/908-157963-0003_generated.wav,3.08,0.890853,0.887589,0.289238,0.288178,2.167089,0.951146,0.307561
H3_512C_pruned30_Mask_pruning,908-157963-0004.wav,generated_audios/generated_H3_512C_pruned30/908-157963-0004_generated.wav,13.990023,4.9778,4.973128,0.355811,0.355477,2.41555,0.926652,0.30522
H3_512C_pruned30_Mask_pruning,908-157963-0005.wav,generated_audios/generated_H3_512C_pruned30/908-157963-0005_generated.wav,7.035011,2.050649,2.047426,0.291492,0.291034,2.323942,0.927468,0.313996
H3_512C_pruned30_Mask_pruning,908-157963-0006.wav,generated_audios/generated_H3_512C_pruned30/908-157963-0006_generated.wav,8.110023,2.373055,2.369071,0.292608,0.292116,2.269481,0.927072,0.306782
H3_512C_pruned30_Mask_pruning,908-157963-0007.wav,generated_audios/generated_H3_512C_pruned30/908-157963-0007_generated.wav,32.770023,13.545324,13.537932,0.413345,0.413119,2.314635,0.931743,0.307748
H3_512C_pruned30_Mask_pruning,908-157963-0008.wav,generated_audios/generated_H3_512C_pruned30/908-157963-0008_generated.wav,19.950023,7.611711,7.606408,0.381539,0.381273,2.278651,0.934736,0.308046
H3_512C_pruned30_Mask_pruning,908-157963-0009.wav,generated_audios/generated_H3_512C_pruned30/908-157963-0009_generated.wav,4.06,1.168721,1.16569,0.287862,0.287116,2.607609,0.94636,0.301673
H3_512C_pruned30_Mask_pruning,908-157963-0010.wav,generated_audios/generated_H3_512C_pruned30/908-157963-0010_generated.wav,6.28,1.133482,1.129766,0.180491,0.179899,2.276951,0.896222,0.30506
H3_512C_pruned30_Mask_pruning,908-157963-0011.wav,generated_audios/generated_H3_512C_pruned30/908-157963-0011_generated.wav,10.395011,1.896188,1.891954,0.182413,0.182006,2.315333,0.929152,0.309915
H3_512C_pruned30_Mask_pruning,908-157963-0012.wav,generated_audios/generated_H3_512C_pruned30/908-157963-0012_generated.wav,10.090023,3.001757,2.997689,0.297498,0.297094,2.148468,0.902014,0.303435
H3_512C_pruned30_Mask_pruning,908-157963-0013.wav,generated_audios/generated_H3_512C_pruned30/908-157963-0013_generated.wav,4.315011,0.767783,0.764205,0.177933,0.177104,2.09451,0.945627,0.321988
H3_512C_pruned30_Mask_pruning,908-157963-0014.wav,generated_audios/generated_H3_512C_pruned30/908-157963-0014_generated.wav,4.52,0.802067,0.798786,0.177448,0.176723,2.340816,0.931778,0.311374
H3_512C_pruned30_Mask_pruning,908-157963-0015.wav,generated_audios/generated_H3_512C_pruned30/908-157963-0015_generated.wav,14.465034,4.591972,4.587626,0.317453,0.317153,2.555252,0.94657,0.308492
H3_512C_pruned30_Mask_pruning,908-157963-0016.wav,generated_audios/generated_H3_512C_pruned30/908-157963-0016_generated.wav,5.105034,0.907984,0.904327,0.17786,0.177144,2.59446,0.952898,0.304808
H3_512C_pruned30_Mask_pruning,908-157963-0017.wav,generated_audios/generated_H3_512C_pruned30/908-157963-0017_generated.wav,4.950023,1.402045,1.398824,0.28324,0.282589,2.630008,0.94327,0.311029
H3_512C_pruned30_Mask_pruning,908-157963-0018.wav,generated_audios/generated_H3_512C_pruned30/908-157963-0018_generated.wav,4.255011,0.761202,0.757659,0.178895,0.178063,2.488622,0.939385,0.303954
H3_512C_pruned30_Mask_pruning,908-157963-0019.wav,generated_audios/generated_H3_512C_pruned30/908-157963-0019_generated.wav,21.44,8.347876,8.342675,0.38936,0.389117,2.20664,0.937328,0.309885
H3_512C_pruned30_Mask_pruning,908-157963-0020.wav,generated_audios/generated_H3_512C_pruned30/908-157963-0020_generated.wav,9.8,3.032925,3.028698,0.309482,0.309051,2.503918,0.9403,0.30534
H3_512C_pruned30_Mask_pruning,908-157963-0021.wav,generated_audios/generated_H3_512C_pruned30/908-157963-0021_generated.wav,10.24,2.060741,2.056521,0.201244,0.200832,2.474783,0.940904,0.302077
H3_512C_pruned30_Mask_pruning,908-157963-0022.wav,generated_audios/generated_H3_512C_pruned30/908-157963-0022_generated.wav,4.610023,1.340645,1.337031,0.290811,0.290027,2.327224,0.93919,0.304098
H3_512C_pruned30_Mask_pruning,908-157963-0023.wav,generated_audios/generated_H3_512C_pruned30/908-157963-0023_generated.wav,9.625034,2.960596,2.956509,0.307593,0.307169,2.336456,0.915354,0.301106
H3_512C_pruned30_Mask_pruning,908-157963-0024.wav,generated_audios/generated_H3_512C_pruned30/908-157963-0024_generated.wav,3.44,0.990993,0.987544,0.288079,0.287077,2.22299,0.934623,0.303413
H3_512C_pruned30_Mask_pruning,908-157963-0025.wav,generated_audios/generated_H3_512C_pruned30/908-157963-0025_generated.wav,9.265034,2.762508,2.758545,0.298165,0.297737,2.28283,0.929994,0.307718
H3_512C_pruned30_Mask_pruning,908-157963-0026.wav,generated_audios/generated_H3_512C_pruned30/908-157963-0026_generated.wav,8.1,2.367382,2.363484,0.292269,0.291788,2.301357,0.93122,0.299291
H3_512C_pruned30_Mask_pruning,908-157963-0027.wav,generated_audios/generated_H3_512C_pruned30/908-157963-0027_generated.wav,5.225034,0.933981,0.930501,0.178751,0.178085,2.278617,0.891688,0.30618
H3_512C_pruned30_Mask_pruning,908-157963-0028.wav,generated_audios/generated_H3_512C_pruned30/908-157963-0028_generated.wav,4.955011,0.850426,0.846808,0.17163,0.170899,2.151016,0.94607,0.310262
H3_512C_pruned30_Mask_pruning,908-157963-0029.wav,generated_audios/generated_H3_512C_pruned30/908-157963-0029_generated.wav,3.630023,1.02398,1.020433,0.282087,0.281109,2.447133,0.957817,0.306167
H3_512C_pruned30_Mask_pruning,908-157963-0030.wav,generated_audios/generated_H3_512C_pruned30/908-157963-0030_generated.wav,4.52,0.795665,0.792353,0.176032,0.175299,2.342716,0.950211,0.310906
H3_512C_pruned30_Mask_pruning,908-31957-0000.wav,generated_audios/generated_H3_512C_pruned30/908-31957-0000_generated.wav,2.125034,0.607309,0.603597,0.285788,0.284041,2.544733,0.928018,0.321229
H3_512C_pruned30_Mask_pruning,908-31957-0001.wav,generated_audios/generated_H3_512C_pruned30/908-31957-0001_generated.wav,11.315011,3.624768,3.620665,0.32035,0.319988,2.228378,0.934352,0.309653
H3_512C_pruned30_Mask_pruning,908-31957-0002.wav,generated_audios/generated_H3_512C_pruned30/908-31957-0002_generated.wav,4.790023,0.862351,0.858902,0.180031,0.179311,2.126303,0.92662,0.310363
H3_512C_pruned30_Mask_pruning,908-31957-0003.wav,generated_audios/generated_H3_512C_pruned30/908-31957-0003_generated.wav,6.565034,1.192515,1.188654,0.181646,0.181058,2.302337,0.943411,0.310454
H3_512C_pruned30_Mask_pruning,908-31957-0004.wav,generated_audios/generated_H3_512C_pruned30/908-31957-0004_generated.wav,14.755011,5.584427,5.579597,0.378477,0.378149,2.401009,0.944223,0.311535
H3_512C_pruned30_Mask_pruning,908-31957-0005.wav,generated_audios/generated_H3_512C_pruned30/908-31957-0005_generated.wav,4.490023,0.802175,0.798599,0.178657,0.177861,2.725265,0.950806,0.302923
H3_512C_pruned30_Mask_pruning,908-31957-0006.wav,generated_audios/generated_H3_512C_pruned30/908-31957-0006_generated.wav,5.890023,1.69517,1.691481,0.287804,0.287177,2.171997,0.941339,0.307161
H3_512C_pruned30_Mask_pruning,908-31957-0007.wav,generated_audios/generated_H3_512C_pruned30/908-31957-0007_generated.wav,5.8,1.044321,1.040691,0.180055,0.179429,2.521471,0.947371,0.313112
H3_512C_pruned30_Mask_pruning,908-31957-0008.wav,generated_audios/generated_H3_512C_pruned30/908-31957-0008_generated.wav,10.005034,3.074565,3.070753,0.307302,0.306921,2.301962,0.93905,0.313318
H3_512C_pruned30_Mask_pruning,908-31957-0009.wav,generated_audios/generated_H3_512C_pruned30/908-31957-0009_generated.wav,7.705034,2.279743,2.275359,0.295877,0.295308,2.202349,0.933484,0.30999
H3_512C_pruned30_Mask_pruning,908-31957-0010.wav,generated_audios/generated_H3_512C_pruned30/908-31957-0010_generated.wav,2.510023,0.718907,0.715729,0.286415,0.285148,2.612596,0.885581,0.305353
H3_512C_pruned30_Mask_pruning,908-31957-0011.wav,generated_audios/generated_H3_512C_pruned30/908-31957-0011_generated.wav,2.335011,0.433593,0.430347,0.185692,0.184302,2.524348,0.927544,0.307828
H3_512C_pruned30_Mask_pruning,908-31957-0012.wav,generated_audios/generated_H3_512C_pruned30/908-31957-0012_generated.wav,7.615011,2.254367,2.250465,0.296043,0.29553,2.209304,0.936423,0.310896
H3_512C_pruned30_Mask_pruning,908-31957-0013.wav,generated_audios/generated_H3_512C_pruned30/908-31957-0013_generated.wav,6.18,1.816848,1.813194,0.293988,0.293397,2.31166,0.923373,0.309878
H3_512C_pruned30_Mask_pruning,908-31957-0014.wav,generated_audios/generated_H3_512C_pruned30/908-31957-0014_generated.wav,7.56,2.236882,2.232979,0.295884,0.295368,2.215335,0.930751,0.303895
H3_512C_pruned30_Mask_pruning,908-31957-0015.wav,generated_audios/generated_H3_512C_pruned30/908-31957-0015_generated.wav,21.465034,9.017724,9.011193,0.420112,0.419808,2.343976,0.933795,0.305433
H3_512C_pruned30_Mask_pruning,908-31957-0016.wav,generated_audios/generated_H3_512C_pruned30/908-31957-0016_generated.wav,6.48,2.043169,2.039653,0.315304,0.314761,2.740554,0.940586,0.302879
H3_512C_pruned30_Mask_pruning,908-31957-0017.wav,generated_audios/generated_H3_512C_pruned30/908-31957-0017_generated.wav,7.795011,2.424722,2.420712,0.311061,0.310546,2.278448,0.941673,0.306424
H3_512C_pruned30_Mask_pruning,908-31957-0018.wav,generated_audios/generated_H3_512C_pruned30/908-31957-0018_generated.wav,3.915011,1.120939,1.117388,0.286318,0.285411,2.306137,0.931605,0.304449
H3_512C_pruned30_Mask_pruning,908-31957-0019.wav,generated_audios/generated_H3_512C_pruned30/908-31957-0019_generated.wav,9.54,3.043681,3.039569,0.319044,0.318613,2.480833,0.946591,0.311795
H3_512C_pruned30_Mask_pruning,908-31957-0020.wav,generated_audios/generated_H3_512C_pruned30/908-31957-0020_generated.wav,5.895011,1.029601,1.025712,0.174656,0.173997,2.434999,0.93897,0.311799
H3_512C_pruned30_Mask_pruning,908-31957-0021.wav,generated_audios/generated_H3_512C_pruned30/908-31957-0021_generated.wav,10.905034,3.413342,3.409135,0.313006,0.31262,2.326158,0.935728,0.308155
H3_512C_pruned30_Mask_pruning,908-31957-0022.wav,generated_audios/generated_H3_512C_pruned30/908-31957-0022_generated.wav,14.1,6.002697,5.998452,0.425723,0.425422,2.38809,0.939699,0.306474
H3_512C_pruned30_Mask_pruning,908-31957-0023.wav,generated_audios/generated_H3_512C_pruned30/908-31957-0023_generated.wav,8.515011,3.051002,3.046809,0.358309,0.357816,2.38994,0.946477,0.306663
H3_512C_pruned30_Mask_pruning,908-31957-0024.wav,generated_audios/generated_H3_512C_pruned30/908-31957-0024_generated.wav,7.54,2.311146,2.30748,0.306518,0.306032,2.400726,0.945018,0.306578
H3_512C_pruned30_Mask_pruning,908-31957-0025.wav,generated_audios/generated_H3_512C_pruned30/908-31957-0025_generated.wav,20.56,8.756136,8.750605,0.425882,0.425613,2.335416,0.940645,0.30549
H3_512C_pruned50_Mask_pruning,1089-134686-0000.wav,generated_audios/generated_H3_512C_pruned50/1089-134686-0000_generated.wav,10.435011,3.274541,3.242882,0.313803,0.310769,2.597104,0.95374,0.278067
H3_512C_pruned50_Mask_pruning,1089-134686-0001.wav,generated_audios/generated_H3_512C_pruned50/1089-134686-0001_generated.wav,3.275011,0.88166,0.877628,0.269208,0.267977,2.304835,0.935965,0.266761
H3_512C_pruned50_Mask_pruning,1089-134686-0002.wav,generated_audios/generated_H3_512C_pruned50/1089-134686-0002_generated.wav,6.625034,1.813647,1.809478,0.273757,0.273127,2.459516,0.938602,0.274311
H3_512C_pruned50_Mask_pruning,1089-134686-0003.wav,generated_audios/generated_H3_512C_pruned50/1089-134686-0003_generated.wav,2.68,0.774992,0.771866,0.289176,0.28801,2.588127,0.9461,0.296816
H3_512C_pruned50_Mask_pruning,1089-134686-0004.wav,generated_audios/generated_H3_512C_pruned50/1089-134686-0004_generated.wav,5.215102,1.464018,1.459799,0.280727,0.279918,2.608569,0.961966,0.280298
H3_512C_pruned50_Mask_pruning,1089-134686-0005.wav,generated_audios/generated_H3_512C_pruned50/1089-134686-0005_generated.wav,9.635011,2.68725,2.68313,0.278905,0.278477,2.695133,0.932822,0.275554
H3_512C_pruned50_Mask_pruning,1089-134686-0006.wav,generated_audios/generated_H3_512C_pruned50/1089-134686-0006_generated.wav,10.555011,3.257772,3.253576,0.308647,0.308249,2.38042,0.943726,0.281043
H3_512C_pruned50_Mask_pruning,1089-134686-0007.wav,generated_audios/generated_H3_512C_pruned50/1089-134686-0007_generated.wav,4.275011,1.196495,1.193144,0.279881,0.279097,2.486488,0.95186,0.279844
H3_512C_pruned50_Mask_pruning,1089-134686-0008.wav,generated_audios/generated_H3_512C_pruned50/1089-134686-0008_generated.wav,6.730023,1.860888,1.857009,0.276505,0.275929,2.54218,0.950321,0.272167
H3_512C_pruned50_Mask_pruning,1089-134686-0009.wav,generated_audios/generated_H3_512C_pruned50/1089-134686-0009_generated.wav,10.575011,3.236649,3.232862,0.306066,0.305708,3.018351,0.960732,0.275672
H3_512C_pruned50_Mask_pruning,1089-134686-0010.wav,generated_audios/generated_H3_512C_pruned50/1089-134686-0010_generated.wav,4.405034,1.215216,1.212183,0.27587,0.275181,2.769302,0.957145,0.267648
H3_512C_pruned50_Mask_pruning,1089-134686-0011.wav,generated_audios/generated_H3_512C_pruned50/1089-134686-0011_generated.wav,12.445034,4.130165,4.125567,0.331873,0.331503,2.514575,0.943293,0.27852
H3_512C_pruned50_Mask_pruning,1089-134686-0012.wav,generated_audios/generated_H3_512C_pruned50/1089-134686-0012_generated.wav,11.64,3.719428,3.715281,0.319538,0.319182,2.783785,0.954635,0.278095
H3_512C_pruned50_Mask_pruning,1089-134686-0013.wav,generated_audios/generated_H3_512C_pruned50/1089-134686-0013_generated.wav,7.915011,2.244932,2.240976,0.28363,0.28313,2.683309,0.953756,0.272139
H3_512C_pruned50_Mask_pruning,1089-134686-0014.wav,generated_audios/generated_H3_512C_pruned50/1089-134686-0014_generated.wav,2.225034,0.638056,0.634799,0.286762,0.285299,2.854274,0.969465,0.269525
H3_512C_pruned50_Mask_pruning,1089-134686-0015.wav,generated_audios/generated_H3_512C_pruned50/1089-134686-0015_generated.wav,5.815011,1.618216,1.614789,0.278283,0.277693,2.707132,0.950564,0.271893
H3_512C_pruned50_Mask_pruning,1089-134686-0016.wav,generated_audios/generated_H3_512C_pruned50/1089-134686-0016_generated.wav,3.54,0.985031,0.981724,0.278257,0.277323,2.541018,0.947803,0.272174
H3_512C_pruned50_Mask_pruning,1089-134686-0017.wav,generated_audios/generated_H3_512C_pruned50/1089-134686-0017_generated.wav,8.870023,2.689439,2.685252,0.303205,0.302733,2.596502,0.951875,0.273252
H3_512C_pruned50_Mask_pruning,1089-134686-0018.wav,generated_audios/generated_H3_512C_pruned50/1089-134686-0018_generated.wav,15.72,5.753701,5.749337,0.366012,0.365734,2.691457,0.952673,0.277528
H3_512C_pruned50_Mask_pruning,1089-134686-0019.wav,generated_audios/generated_H3_512C_pruned50/1089-134686-0019_generated.wav,13.895011,5.622186,5.617505,0.404619,0.404282,2.73997,0.955227,0.277432
H3_512C_pruned50_Mask_pruning,1089-134686-0020.wav,generated_audios/generated_H3_512C_pruned50/1089-134686-0020_generated.wav,16.790023,6.837276,6.831853,0.407223,0.4069,2.43317,0.947649,0.276157
H3_512C_pruned50_Mask_pruning,1089-134686-0021.wav,generated_audios/generated_H3_512C_pruned50/1089-134686-0021_generated.wav,6.550023,1.8952,1.891295,0.289342,0.288746,2.627706,0.954121,0.271998
H3_512C_pruned50_Mask_pruning,1089-134686-0022.wav,generated_audios/generated_H3_512C_pruned50/1089-134686-0022_generated.wav,11.175011,3.252686,3.248598,0.291068,0.290702,2.78127,0.951819,0.270695
H3_512C_pruned50_Mask_pruning,1089-134686-0023.wav,generated_audios/generated_H3_512C_pruned50/1089-134686-0023_generated.wav,13.275011,4.898525,4.894463,0.369003,0.368697,2.655893,0.949649,0.275278
H3_512C_pruned50_Mask_pruning,1089-134686-0024.wav,generated_audios/generated_H3_512C_pruned50/1089-134686-0024_generated.wav,11.655011,3.786884,3.782375,0.324915,0.324528,2.429362,0.95064,0.276133
H3_512C_pruned50_Mask_pruning,1089-134686-0025.wav,generated_audios/generated_H3_512C_pruned50/1089-134686-0025_generated.wav,6.610023,1.848615,1.844576,0.279668,0.279057,2.763556,0.956494,0.271292
H3_512C_pruned50_Mask_pruning,1089-134686-0026.wav,generated_audios/generated_H3_512C_pruned50/1089-134686-0026_generated.wav,4.010023,1.093523,1.090117,0.272697,0.271848,2.62845,0.944728,0.268803
H3_512C_pruned50_Mask_pruning,1089-134686-0027.wav,generated_audios/generated_H3_512C_pruned50/1089-134686-0027_generated.wav,2.710023,0.763922,0.760611,0.281888,0.280666,2.68691,0.954657,0.267526
H3_512C_pruned50_Mask_pruning,1089-134686-0028.wav,generated_audios/generated_H3_512C_pruned50/1089-134686-0028_generated.wav,7.830023,2.349883,2.345914,0.300112,0.299605,2.540771,0.946963,0.278797
H3_512C_pruned50_Mask_pruning,1089-134686-0029.wav,generated_audios/generated_H3_512C_pruned50/1089-134686-0029_generated.wav,4.670023,1.252766,1.24915,0.268257,0.267483,2.991412,0.947712,0.271292
H3_512C_pruned50_Mask_pruning,1089-134686-0030.wav,generated_audios/generated_H3_512C_pruned50/1089-134686-0030_generated.wav,2.715011,0.485532,0.482425,0.178832,0.177688,2.787818,0.953819,0.272109
H3_512C_pruned50_Mask_pruning,1089-134686-0031.wav,generated_audios/generated_H3_512C_pruned50/1089-134686-0031_generated.wav,6.615011,1.173431,1.169926,0.177389,0.176859,2.386859,0.950786,0.266299
H3_512C_pruned50_Mask_pruning,121-121726-0000.wav,generated_audios/generated_H3_512C_pruned50/121-121726-0000_generated.wav,8.46,2.584658,2.581133,0.305515,0.305098,2.925788,0.957053,0.280024
H3_512C_pruned50_Mask_pruning,121-121726-0001.wav,generated_audios/generated_H3_512C_pruned50/121-121726-0001_generated.wav,5.925034,1.63603,1.632793,0.276122,0.275575,3.091877,0.946858,0.264917
H3_512C_pruned50_Mask_pruning,121-121726-0002.wav,generated_audios/generated_H3_512C_pruned50/121-121726-0002_generated.wav,4.410023,0.781342,0.779084,0.177174,0.176662,3.39791,0.950276,0.28166
H3_512C_pruned50_Mask_pruning,121-121726-0003.wav,generated_audios/generated_H3_512C_pruned50/121-121726-0003_generated.wav,6.755011,1.926108,1.922562,0.285138,0.284613,3.071235,0.960592,0.268649
H3_512C_pruned50_Mask_pruning,121-121726-0004.wav,generated_audios/generated_H3_512C_pruned50/121-121726-0004_generated.wav,4.02,1.134583,1.131206,0.282235,0.281395,2.775975,0.960599,0.273234
H3_512C_pruned50_Mask_pruning,121-121726-0005.wav,generated_audios/generated_H3_512C_pruned50/121-121726-0005_generated.wav,3.1,0.856178,0.852961,0.276187,0.275149,3.171345,0.969079,0.244347
H3_512C_pruned50_Mask_pruning,121-121726-0006.wav,generated_audios/generated_H3_512C_pruned50/121-121726-0006_generated.wav,3.895011,1.085629,1.082353,0.278723,0.277882,3.199058,0.953678,0.260719
H3_512C_pruned50_Mask_pruning,121-121726-0007.wav,generated_audios/generated_H3_512C_pruned50/121-121726-0007_generated.wav,6.730023,1.312322,1.309934,0.194995,0.19464,3.107795,0.963974,0.269327
H3_512C_pruned50_Mask_pruning,121-121726-0008.wav,generated_audios/generated_H3_512C_pruned50/121-121726-0008_generated.wav,4.990023,1.360598,1.357034,0.272664,0.271949,3.119507,0.966965,0.259528
H3_512C_pruned50_Mask_pruning,121-121726-0009.wav,generated_audios/generated_H3_512C_pruned50/121-121726-0009_generated.wav,7.26,2.133382,2.129837,0.293854,0.293366,3.172123,0.964579,0.26604
H3_512C_pruned50_Mask_pruning,121-121726-0010.wav,generated_audios/generated_H3_512C_pruned50/121-121726-0010_generated.wav,9.810023,2.86907,2.865023,0.292463,0.292051,2.80528,0.955755,0.274314
H3_512C_pruned50_Mask_pruning,121-121726-0011.wav,generated_audios/generated_H3_512C_pruned50/121-121726-0011_generated.wav,4.035011,1.129915,1.12645,0.280028,0.279169,3.397942,0.960972,0.26327
H3_512C_pruned50_Mask_pruning,121-121726-0012.wav,generated_audios/generated_H3_512C_pruned50/121-121726-0012_generated.wav,4.045034,1.103185,1.099923,0.272726,0.271919,2.79541,0.946243,0.292698
H3_512C_pruned50_Mask_pruning,121-121726-0013.wav,generated_audios/generated_H3_512C_pruned50/121-121726-0013_generated.wav,2.490023,0.728903,0.725727,0.29273,0.291454,3.244041,0.962829,0.281224
H3_512C_pruned50_Mask_pruning,121-121726-0014.wav,generated_audios/generated_H3_512C_pruned50/121-121726-0014_generated.wav,3.165034,0.888238,0.88498,0.280641,0.279612,3.467735,0.967202,0.256728
H3_512C_pruned50_Mask_pruning,121-123852-0000.wav,generated_audios/generated_H3_512C_pruned50/121-123852-0000_generated.wav,17.695011,7.111305,7.106047,0.401882,0.401585,3.035268,0.963183,0.276673
H3_512C_pruned50_Mask_pruning,121-123852-0001.wav,generated_audios/generated_H3_512C_pruned50/121-123852-0001_generated.wav,1.870023,0.541854,0.538597,0.289758,0.288016,2.517218,0.866508,0.293154
H3_512C_pruned50_Mask_pruning,121-123852-0002.wav,generated_audios/generated_H3_512C_pruned50/121-123852-0002_generated.wav,17.285034,7.048942,7.04426,0.407806,0.407535,2.895591,0.955055,0.295539
H3_512C_pruned50_Mask_pruning,121-123852-0003.wav,generated_audios/generated_H3_512C_pruned50/121-123852-0003_generated.wav,23.505034,9.992687,9.98686,0.42513,0.424882,3.103552,0.950717,0.292509
H3_512C_pruned50_Mask_pruning,121-123852-0004.wav,generated_audios/generated_H3_512C_pruned50/121-123852-0004_generated.wav,16.290023,6.777638,6.772899,0.416061,0.41577,3.180184,0.963224,0.286851
H3_512C_pruned50_Mask_pruning,121-123859-0000.wav,generated_audios/generated_H3_512C_pruned50/121-123859-0000_generated.wav,17.390023,7.130993,7.126611,0.410062,0.40981,2.780689,0.948549,0.292859
H3_512C_pruned50_Mask_pruning,121-123859-0001.wav,generated_audios/generated_H3_512C_pruned50/121-123859-0001_generated.wav,25.395011,10.640252,10.634736,0.41899,0.418773,3.018838,0.960944,0.291753
H3_512C_pruned50_Mask_pruning,121-123859-0002.wav,generated_audios/generated_H3_512C_pruned50/121-123859-0002_generated.wav,30.04,12.6911,12.684505,0.422473,0.422254,2.998059,0.957528,0.293811
H3_512C_pruned50_Mask_pruning,121-123859-0003.wav,generated_audios/generated_H3_512C_pruned50/121-123859-0003_generated.wav,10.825034,3.292961,3.28835,0.304199,0.303773,3.05378,0.962181,0.282609
H3_512C_pruned50_Mask_pruning,121-123859-0004.wav,generated_audios/generated_H3_512C_pruned50/121-123859-0004_generated.wav,9.505034,2.958769,2.955044,0.311284,0.310893,2.283586,0.957326,0.290916
H3_512C_pruned50_Mask_pruning,121-127105-0000.wav,generated_audios/generated_H3_512C_pruned50/121-127105-0000_generated.wav,9.875011,2.909811,2.906116,0.294664,0.29429,2.482173,0.940298,0.289175
H3_512C_pruned50_Mask_pruning,121-127105-0001.wav,generated_audios/generated_H3_512C_pruned50/121-127105-0001_generated.wav,5.025034,1.39253,1.388773,0.277119,0.276371,2.759137,0.949697,0.295015
H3_512C_pruned50_Mask_pruning,121-127105-0002.wav,generated_audios/generated_H3_512C_pruned50/121-127105-0002_generated.wav,7.495011,2.138292,2.134071,0.285295,0.284732,2.587899,0.94708,0.301943
H3_512C_pruned50_Mask_pruning,121-127105-0003.wav,generated_audios/generated_H3_512C_pruned50/121-127105-0003_generated.wav,7.725034,2.177572,2.173608,0.281885,0.281372,2.756458,0.952552,0.292567
H3_512C_pruned50_Mask_pruning,121-127105-0004.wav,generated_audios/generated_H3_512C_pruned50/121-127105-0004_generated.wav,2.110023,0.61938,0.616353,0.293542,0.292107,1.832734,0.950039,0.279964
H3_512C_pruned50_Mask_pruning,121-127105-0005.wav,generated_audios/generated_H3_512C_pruned50/121-127105-0005_generated.wav,5.82,1.589317,1.585872,0.273079,0.272487,2.677762,0.954939,0.278736
H3_512C_pruned50_Mask_pruning,121-127105-0006.wav,generated_audios/generated_H3_512C_pruned50/121-127105-0006_generated.wav,4.725034,1.312118,1.308677,0.277695,0.276967,2.707747,0.951299,0.286513
H3_512C_pruned50_Mask_pruning,121-127105-0007.wav,generated_audios/generated_H3_512C_pruned50/121-127105-0007_generated.wav,5.790023,1.589233,1.585915,0.274478,0.273905,2.562469,0.947732,0.293963
H3_512C_pruned50_Mask_pruning,121-127105-0008.wav,generated_audios/generated_H3_512C_pruned50/121-127105-0008_generated.wav,2.76,0.754631,0.751557,0.273417,0.272303,2.662462,0.942587,0.292719
H3_512C_pruned50_Mask_pruning,121-127105-0009.wav,generated_audios/generated_H3_512C_pruned50/121-127105-0009_generated.wav,2.290023,0.653044,0.650117,0.285169,0.283891,2.895247,0.956135,0.3103
H3_512C_pruned50_Mask_pruning,121-127105-0010.wav,generated_audios/generated_H3_512C_pruned50/121-127105-0010_generated.wav,2.850023,0.80453,0.801356,0.282289,0.281175,2.802751,0.949471,0.296286
H3_512C_pruned50_Mask_pruning,121-127105-0011.wav,generated_audios/generated_H3_512C_pruned50/121-127105-0011_generated.wav,5.78,1.647949,1.644197,0.285112,0.284463,2.648729,0.931831,0.300921
H3_512C_pruned50_Mask_pruning,121-127105-0012.wav,generated_audios/generated_H3_512C_pruned50/121-127105-0012_generated.wav,4.830023,1.366344,1.362768,0.282886,0.282145,1.616908,0.946718,0.294513
H3_512C_pruned50_Mask_pruning,121-127105-0013.wav,generated_audios/generated_H3_512C_pruned50/121-127105-0013_generated.wav,5.895011,1.670807,1.66738,0.283427,0.282846,2.773488,0.949581,0.290875
H3_512C_pruned50_Mask_pruning,121-127105-0014.wav,generated_audios/generated_H3_512C_pruned50/121-127105-0014_generated.wav,2.255011,0.640931,0.637997,0.284225,0.282924,2.869129,0.932622,0.285777
H3_512C_pruned50_Mask_pruning,121-127105-0015.wav,generated_audios/generated_H3_512C_pruned50/121-127105-0015_generated.wav,2.96,0.833541,0.830195,0.281602,0.280471,2.635203,0.951242,0.297088
H3_512C_pruned50_Mask_pruning,121-127105-0016.wav,generated_audios/generated_H3_512C_pruned50/121-127105-0016_generated.wav,2.030023,0.544093,0.540575,0.268023,0.26629,2.663281,0.939039,0.301691
H3_512C_pruned50_Mask_pruning,121-127105-0017.wav,generated_audios/generated_H3_512C_pruned50/121-127105-0017_generated.wav,2.695011,0.775885,0.772614,0.287897,0.286683,2.637797,0.948203,0.302906
H3_512C_pruned50_Mask_pruning,121-127105-0018.wav,generated_audios/generated_H3_512C_pruned50/121-127105-0018_generated.wav,2.770023,0.795541,0.792485,0.287197,0.286093,2.783135,0.940783,0.302493
H3_512C_pruned50_Mask_pruning,121-127105-0019.wav,generated_audios/generated_H3_512C_pruned50/121-127105-0019_generated.wav,3.525034,0.965158,0.961999,0.273801,0.272905,2.515901,0.952344,0.298351
H3_512C_pruned50_Mask_pruning,121-127105-0020.wav,generated_audios/generated_H3_512C_pruned50/121-127105-0020_generated.wav,14.355011,5.84705,5.84214,0.407318,0.406976,2.623655,0.94556,0.29997
H3_512C_pruned50_Mask_pruning,121-127105-0021.wav,generated_audios/generated_H3_512C_pruned50/121-127105-0021_generated.wav,2.0,0.584608,0.58127,0.292304,0.290635,2.543284,0.952911,0.301653
H3_512C_pruned50_Mask_pruning,121-127105-0022.wav,generated_audios/generated_H3_512C_pruned50/121-127105-0022_generated.wav,5.075011,1.482777,1.479325,0.292172,0.291492,2.823688,0.943116,0.291298
H3_512C_pruned50_Mask_pruning,121-127105-0023.wav,generated_audios/generated_H3_512C_pruned50/121-127105-0023_generated.wav,10.910023,3.244637,3.240508,0.2974,0.297021,2.814623,0.945315,0.296646
H3_512C_pruned50_Mask_pruning,121-127105-0024.wav,generated_audios/generated_H3_512C_pruned50/121-127105-0024_generated.wav,14.450023,5.960162,5.955413,0.412467,0.412139,2.667297,0.950823,0.301381
H3_512C_pruned50_Mask_pruning,121-127105-0025.wav,generated_audios/generated_H3_512C_pruned50/121-127105-0025_generated.wav,16.065034,6.518548,6.513358,0.40576,0.405437,2.805271,0.953114,0.288617
H3_512C_pruned50_Mask_pruning,121-127105-0026.wav,generated_audios/generated_H3_512C_pruned50/121-127105-0026_generated.wav,7.530023,2.167499,2.163559,0.287848,0.287324,2.839344,0.957157,0.294878
H3_512C_pruned50_Mask_pruning,121-127105-0027.wav,generated_audios/generated_H3_512C_pruned50/121-127105-0027_generated.wav,13.870023,5.665055,5.660725,0.408439,0.408127,2.777929,0.95389,0.289803
H3_512C_pruned50_Mask_pruning,121-127105-0028.wav,generated_audios/generated_H3_512C_pruned50/121-127105-0028_generated.wav,6.750023,1.319963,1.316651,0.195549,0.195059,2.806865,0.950594,0.278343
H3_512C_pruned50_Mask_pruning,121-127105-0029.wav,generated_audios/generated_H3_512C_pruned50/121-127105-0029_generated.wav,7.310023,2.145307,2.14197,0.293475,0.293018,2.881578,0.957182,0.285611
H3_512C_pruned50_Mask_pruning,121-127105-0030.wav,generated_audios/generated_H3_512C_pruned50/121-127105-0030_generated.wav,2.175011,0.6346,0.631485,0.291768,0.290336,2.429102,0.938725,0.306138
H3_512C_pruned50_Mask_pruning,121-127105-0031.wav,generated_audios/generated_H3_512C_pruned50/121-127105-0031_generated.wav,10.765034,3.148561,3.144926,0.29248,0.292143,2.708238,0.928266,0.283727
H3_512C_pruned50_Mask_pruning,121-127105-0032.wav,generated_audios/generated_H3_512C_pruned50/121-127105-0032_generated.wav,3.170023,0.875068,0.871516,0.276045,0.274924,2.400049,0.953131,0.287094
H3_512C_pruned50_Mask_pruning,121-127105-0033.wav,generated_audios/generated_H3_512C_pruned50/121-127105-0033_generated.wav,2.355011,0.684097,0.680847,0.290486,0.289106,2.830599,0.95537,0.279812
H3_512C_pruned50_Mask_pruning,121-127105-0034.wav,generated_audios/generated_H3_512C_pruned50/121-127105-0034_generated.wav,7.410023,2.131374,2.127596,0.287634,0.287124,2.745853,0.946635,0.280845
H3_512C_pruned50_Mask_pruning,121-127105-0035.wav,generated_audios/generated_H3_512C_pruned50/121-127105-0035_generated.wav,14.150023,5.779744,5.775914,0.408462,0.408191,2.72735,0.943704,0.273781
H3_512C_pruned50_Mask_pruning,121-127105-0036.wav,generated_audios/generated_H3_512C_pruned50/121-127105-0036_generated.wav,4.150023,1.231028,1.227569,0.296632,0.295798,2.778788,0.934783,0.284577
H3_512C_pruned50_Mask_pruning,237-126133-0000.wav,generated_audios/generated_H3_512C_pruned50/237-126133-0000_generated.wav,13.290023,5.62388,5.619595,0.423166,0.422843,2.926497,0.957349,0.282599
H3_512C_pruned50_Mask_pruning,237-126133-0001.wav,generated_audios/generated_H3_512C_pruned50/237-126133-0001_generated.wav,11.965034,5.009757,5.005397,0.4187,0.418335,3.192475,0.955017,0.2794
H3_512C_pruned50_Mask_pruning,237-126133-0002.wav,generated_audios/generated_H3_512C_pruned50/237-126133-0002_generated.wav,8.92,2.632908,2.62916,0.295169,0.294749,2.772212,0.953399,0.291225
H3_512C_pruned50_Mask_pruning,237-126133-0003.wav,generated_audios/generated_H3_512C_pruned50/237-126133-0003_generated.wav,6.56,1.927217,1.923756,0.293783,0.293255,2.868914,0.949567,0.288494
H3_512C_pruned50_Mask_pruning,237-126133-0004.wav,generated_audios/generated_H3_512C_pruned50/237-126133-0004_generated.wav,3.295011,0.941166,0.937911,0.285634,0.284646,2.707389,0.951612,0.29426
H3_512C_pruned50_Mask_pruning,237-126133-0005.wav,generated_audios/generated_H3_512C_pruned50/237-126133-0005_generated.wav,6.510023,1.965451,1.961819,0.301911,0.301354,2.620081,0.945484,0.291071
H3_512C_pruned50_Mask_pruning,237-126133-0006.wav,generated_audios/generated_H3_512C_pruned50/237-126133-0006_generated.wav,6.150023,1.766495,1.762919,0.287234,0.286652,2.561277,0.948613,0.293265
H3_512C_pruned50_Mask_pruning,237-126133-0007.wav,generated_audios/generated_H3_512C_pruned50/237-126133-0007_generated.wav,8.68,2.666655,2.662659,0.307218,0.306758,2.754365,0.946502,0.300438
H3_512C_pruned50_Mask_pruning,237-126133-0008.wav,generated_audios/generated_H3_512C_pruned50/237-126133-0008_generated.wav,3.865034,1.086922,1.083462,0.281219,0.280324,2.862116,0.959741,0.276463
H3_512C_pruned50_Mask_pruning,237-126133-0009.wav,generated_audios/generated_H3_512C_pruned50/237-126133-0009_generated.wav,3.970023,1.111922,1.108479,0.280079,0.279212,2.428414,0.957065,0.290687
H3_512C_pruned50_Mask_pruning,237-126133-0010.wav,generated_audios/generated_H3_512C_pruned50/237-126133-0010_generated.wav,6.24,1.797511,1.793739,0.288063,0.287458,2.589736,0.927094,0.314349
H3_512C_pruned50_Mask_pruning,237-126133-0011.wav,generated_audios/generated_H3_512C_pruned50/237-126133-0011_generated.wav,6.710023,1.908155,1.904166,0.284374,0.283779,3.131779,0.959121,0.27148
H3_512C_pruned50_Mask_pruning,237-126133-0012.wav,generated_audios/generated_H3_512C_pruned50/237-126133-0012_generated.wav,4.450023,1.25833,1.254553,0.282769,0.281921,3.04325,0.953791,0.276257
H3_512C_pruned50_Mask_pruning,237-126133-0013.wav,generated_audios/generated_H3_512C_pruned50/237-126133-0013_generated.wav,6.815011,2.012627,2.00883,0.295323,0.294766,2.5851,0.935103,0.299489
H3_512C_pruned50_Mask_pruning,237-126133-0014.wav,generated_audios/generated_H3_512C_pruned50/237-126133-0014_generated.wav,6.790023,2.00606,2.002054,0.295442,0.294852,2.554629,0.950772,0.28897
H3_512C_pruned50_Mask_pruning,237-126133-0015.wav,generated_audios/generated_H3_512C_pruned50/237-126133-0015_generated.wav,9.34,2.747299,2.743248,0.294143,0.29371,2.829038,0.945763,0.284708
H3_512C_pruned50_Mask_pruning,237-126133-0016.wav,generated_audios/generated_H3_512C_pruned50/237-126133-0016_generated.wav,4.250023,1.185562,1.182061,0.278954,0.27813,2.763997,0.931916,0.296819
H3_512C_pruned50_Mask_pruning,237-126133-0017.wav,generated_audios/generated_H3_512C_pruned50/237-126133-0017_generated.wav,6.210023,1.770673,1.76699,0.285132,0.284538,3.083702,0.957255,0.277214
H3_512C_pruned50_Mask_pruning,237-126133-0018.wav,generated_audios/generated_H3_512C_pruned50/237-126133-0018_generated.wav,4.095011,1.220015,1.216527,0.297927,0.297075,2.926771,0.957062,0.269131
H3_512C_pruned50_Mask_pruning,237-126133-0019.wav,generated_audios/generated_H3_512C_pruned50/237-126133-0019_generated.wav,7.12,2.103163,2.099237,0.295388,0.294837,3.039179,0.954051,0.279499
H3_512C_pruned50_Mask_pruning,237-126133-0020.wav,generated_audios/generated_H3_512C_pruned50/237-126133-0020_generated.wav,2.24,0.607347,0.604274,0.271137,0.269765,3.130219,0.962052,0.285894
H3_512C_pruned50_Mask_pruning,237-126133-0021.wav,generated_audios/generated_H3_512C_pruned50/237-126133-0021_generated.wav,4.365034,1.257971,1.25457,0.288193,0.287414,2.859481,0.958384,0.276316
H3_512C_pruned50_Mask_pruning,237-126133-0022.wav,generated_audios/generated_H3_512C_pruned50/237-126133-0022_generated.wav,5.04,1.464748,1.461424,0.290625,0.289965,2.970884,0.953194,0.272527
H3_512C_pruned50_Mask_pruning,237-126133-0023.wav,generated_audios/generated_H3_512C_pruned50/237-126133-0023_generated.wav,6.675011,1.959176,1.955249,0.293509,0.292921,3.203772,0.958891,0.26945
H3_512C_pruned50_Mask_pruning,237-126133-0024.wav,generated_audios/generated_H3_512C_pruned50/237-126133-0024_generated.wav,9.665034,3.038263,3.034042,0.314356,0.313919,3.078856,0.95464,0.27728
H3_512C_pruned50_Mask_pruning,237-126133-0025.wav,generated_audios/generated_H3_512C_pruned50/237-126133-0025_generated.wav,3.755011,1.070578,1.067393,0.285106,0.284258,3.002922,0.955939,0.276827
H3_512C_pruned50_Mask_pruning,237-134493-0000.wav,generated_audios/generated_H3_512C_pruned50/237-134493-0000_generated.wav,4.105034,1.196771,1.194728,0.291537,0.29104,2.969675,0.960745,0.274487
H3_512C_pruned50_Mask_pruning,237-134493-0001.wav,generated_audios/generated_H3_512C_pruned50/237-134493-0001_generated.wav,7.38,2.147514,2.143774,0.290991,0.290484,3.256441,0.959004,0.2677
H3_512C_pruned50_Mask_pruning,237-134493-0002.wav,generated_audios/generated_H3_512C_pruned50/237-134493-0002_generated.wav,11.395011,3.421434,3.417126,0.300257,0.299879,3.075794,0.952742,0.271398
H3_512C_pruned50_Mask_pruning,237-134493-0003.wav,generated_audios/generated_H3_512C_pruned50/237-134493-0003_generated.wav,12.765034,5.15379,5.149321,0.403743,0.403393,3.127056,0.952393,0.271005
H3_512C_pruned50_Mask_pruning,237-134493-0004.wav,generated_audios/generated_H3_512C_pruned50/237-134493-0004_generated.wav,6.825034,1.998649,1.994801,0.292841,0.292277,2.822566,0.945759,0.286065
H3_512C_pruned50_Mask_pruning,237-134493-0005.wav,generated_audios/generated_H3_512C_pruned50/237-134493-0005_generated.wav,10.945034,3.212277,3.208221,0.293492,0.293121,3.080869,0.959066,0.271683
H3_512C_pruned50_Mask_pruning,237-134493-0006.wav,generated_audios/generated_H3_512C_pruned50/237-134493-0006_generated.wav,4.395011,1.257037,1.253375,0.286014,0.285181,3.096457,0.963231,0.280069
H3_512C_pruned50_Mask_pruning,237-134493-0007.wav,generated_audios/generated_H3_512C_pruned50/237-134493-0007_generated.wav,2.035011,0.578875,0.575667,0.284458,0.282882,2.989329,0.959852,0.274789
H3_512C_pruned50_Mask_pruning,237-134493-0008.wav,generated_audios/generated_H3_512C_pruned50/237-134493-0008_generated.wav,2.305034,0.643859,0.640759,0.279327,0.277982,2.939983,0.944696,0.258445
H3_512C_pruned50_Mask_pruning,237-134493-0009.wav,generated_audios/generated_H3_512C_pruned50/237-134493-0009_generated.wav,2.975011,0.85985,0.856512,0.289024,0.287902,2.88255,0.964163,0.268892
H3_512C_pruned50_Mask_pruning,237-134493-0010.wav,generated_audios/generated_H3_512C_pruned50/237-134493-0010_generated.wav,2.875011,0.832325,0.829111,0.289503,0.288385,3.064895,0.959378,0.260122
H3_512C_pruned50_Mask_pruning,237-134493-0011.wav,generated_audios/generated_H3_512C_pruned50/237-134493-0011_generated.wav,5.035011,1.445081,1.441149,0.287006,0.286226,2.78664,0.949632,0.278348
H3_512C_pruned50_Mask_pruning,237-134493-0012.wav,generated_audios/generated_H3_512C_pruned50/237-134493-0012_generated.wav,3.66,1.006269,1.002884,0.274937,0.274012,2.684783,0.953904,0.287652
H3_512C_pruned50_Mask_pruning,237-134493-0013.wav,generated_audios/generated_H3_512C_pruned50/237-134493-0013_generated.wav,4.090023,0.750979,0.747645,0.183612,0.182797,3.27278,0.961104,0.268664
H3_512C_pruned50_Mask_pruning,237-134493-0014.wav,generated_audios/generated_H3_512C_pruned50/237-134493-0014_generated.wav,3.7,1.022912,1.019535,0.276463,0.27555,3.031922,0.963483,0.264772
H3_512C_pruned50_Mask_pruning,237-134493-0015.wav,generated_audios/generated_H3_512C_pruned50/237-134493-0015_generated.wav,6.550023,1.276587,1.272879,0.194898,0.194332,2.719921,0.953201,0.281055
H3_512C_pruned50_Mask_pruning,237-134493-0016.wav,generated_audios/generated_H3_512C_pruned50/237-134493-0016_generated.wav,10.085034,3.058154,3.054083,0.303237,0.302833,3.095273,0.96468,0.267174
H3_512C_pruned50_Mask_pruning,237-134493-0017.wav,generated_audios/generated_H3_512C_pruned50/237-134493-0017_generated.wav,9.105034,2.778859,2.774573,0.3052,0.30473,3.060374,0.960821,0.26991
H3_512C_pruned50_Mask_pruning,237-134493-0018.wav,generated_audios/generated_H3_512C_pruned50/237-134493-0018_generated.wav,4.790023,1.390979,1.387394,0.290391,0.289643,3.080136,0.958981,0.277006
H3_512C_pruned50_Mask_pruning,237-134500-0000.wav,generated_audios/generated_H3_512C_pruned50/237-134500-0000_generated.wav,6.130023,1.796414,1.792803,0.293052,0.292463,3.230785,0.959392,0.272019
H3_512C_pruned50_Mask_pruning,237-134500-0001.wav,generated_audios/generated_H3_512C_pruned50/237-134500-0001_generated.wav,1.810023,0.520731,0.517656,0.287693,0.285994,2.228241,0.930368,0.291074
H3_512C_pruned50_Mask_pruning,237-134500-0002.wav,generated_audios/generated_H3_512C_pruned50/237-134500-0002_generated.wav,5.070023,1.455748,1.452058,0.287129,0.286401,3.147866,0.958134,0.26716
H3_512C_pruned50_Mask_pruning,237-134500-0003.wav,generated_audios/generated_H3_512C_pruned50/237-134500-0003_generated.wav,3.170023,0.610335,0.606962,0.192533,0.191469,2.914645,0.954117,0.272241
H3_512C_pruned50_Mask_pruning,237-134500-0004.wav,generated_audios/generated_H3_512C_pruned50/237-134500-0004_generated.wav,2.225034,0.413515,0.410812,0.185847,0.184632,3.107599,0.958368,0.261928
H3_512C_pruned50_Mask_pruning,237-134500-0005.wav,generated_audios/generated_H3_512C_pruned50/237-134500-0005_generated.wav,2.390023,0.687319,0.684211,0.287579,0.286278,2.693501,0.947663,0.296785
H3_512C_pruned50_Mask_pruning,237-134500-0006.wav,generated_audios/generated_H3_512C_pruned50/237-134500-0006_generated.wav,4.225034,1.332727,1.329301,0.315436,0.314625,2.788339,0.943194,0.300792
H3_512C_pruned50_Mask_pruning,237-134500-0007.wav,generated_audios/generated_H3_512C_pruned50/237-134500-0007_generated.wav,2.390023,0.42473,0.421528,0.177709,0.17637,2.374293,0.940998,0.303471
H3_512C_pruned50_Mask_pruning,237-134500-0008.wav,generated_audios/generated_H3_512C_pruned50/237-134500-0008_generated.wav,3.76,0.675362,0.671998,0.179618,0.178723,2.662412,0.94632,0.291503
H3_512C_pruned50_Mask_pruning,237-134500-0009.wav,generated_audios/generated_H3_512C_pruned50/237-134500-0009_generated.wav,2.22,0.387536,0.384346,0.174566,0.173129,2.705314,0.945282,0.290922
H3_512C_pruned50_Mask_pruning,237-134500-0010.wav,generated_audios/generated_H3_512C_pruned50/237-134500-0010_generated.wav,3.995011,1.136424,1.133074,0.284461,0.283622,2.918676,0.947676,0.293513
H3_512C_pruned50_Mask_pruning,237-134500-0011.wav,generated_audios/generated_H3_512C_pruned50/237-134500-0011_generated.wav,3.350023,0.932976,0.929748,0.278498,0.277535,2.744149,0.933981,0.296134
H3_512C_pruned50_Mask_pruning,237-134500-0012.wav,generated_audios/generated_H3_512C_pruned50/237-134500-0012_generated.wav,10.935011,3.298326,3.294192,0.30163,0.301252,2.883579,0.947697,0.283083
H3_512C_pruned50_Mask_pruning,237-134500-0013.wav,generated_audios/generated_H3_512C_pruned50/237-134500-0013_generated.wav,10.56,2.156817,2.152263,0.204244,0.203813,3.039701,0.956493,0.264201
H3_512C_pruned50_Mask_pruning,237-134500-0014.wav,generated_audios/generated_H3_512C_pruned50/237-134500-0014_generated.wav,4.250023,0.796279,0.792604,0.187359,0.186494,2.872916,0.949615,0.268008
H3_512C_pruned50_Mask_pruning,237-134500-0015.wav,generated_audios/generated_H3_512C_pruned50/237-134500-0015_generated.wav,10.815011,3.363474,3.359314,0.311,0.310616,3.077906,0.95744,0.273685
H3_512C_pruned50_Mask_pruning,237-134500-0016.wav,generated_audios/generated_H3_512C_pruned50/237-134500-0016_generated.wav,3.16,0.589007,0.584998,0.186395,0.185126,2.543078,0.918849,0.308485
H3_512C_pruned50_Mask_pruning,237-134500-0017.wav,generated_audios/generated_H3_512C_pruned50/237-134500-0017_generated.wav,2.18,0.402119,0.398965,0.184458,0.183011,2.965303,0.959024,0.283114
H3_512C_pruned50_Mask_pruning,237-134500-0018.wav,generated_audios/generated_H3_512C_pruned50/237-134500-0018_generated.wav,12.845034,5.204192,5.199951,0.405152,0.404822,3.006646,0.959024,0.271544
H3_512C_pruned50_Mask_pruning,237-134500-0019.wav,generated_audios/generated_H3_512C_pruned50/237-134500-0019_generated.wav,2.86,0.78303,0.779631,0.273787,0.272598,3.07508,0.949891,0.265118
H3_512C_pruned50_Mask_pruning,237-134500-0020.wav,generated_audios/generated_H3_512C_pruned50/237-134500-0020_generated.wav,2.18,0.380909,0.377761,0.174729,0.173285,3.090929,0.973136,0.258648
H3_512C_pruned50_Mask_pruning,237-134500-0021.wav,generated_audios/generated_H3_512C_pruned50/237-134500-0021_generated.wav,5.12,1.409093,1.405427,0.275214,0.274498,2.717296,0.92946,0.300139
H3_512C_pruned50_Mask_pruning,237-134500-0022.wav,generated_audios/generated_H3_512C_pruned50/237-134500-0022_generated.wav,5.165034,1.47287,1.468993,0.285162,0.284411,2.562565,0.942607,0.304798
H3_512C_pruned50_Mask_pruning,237-134500-0023.wav,generated_audios/generated_H3_512C_pruned50/237-134500-0023_generated.wav,3.06,0.89198,0.888648,0.291497,0.290408,2.953878,0.953313,0.288331
H3_512C_pruned50_Mask_pruning,237-134500-0024.wav,generated_audios/generated_H3_512C_pruned50/237-134500-0024_generated.wav,4.410023,0.856183,0.852616,0.194145,0.193336,2.89986,0.951343,0.265565
H3_512C_pruned50_Mask_pruning,237-134500-0025.wav,generated_audios/generated_H3_512C_pruned50/237-134500-0025_generated.wav,1.630023,0.486635,0.483444,0.298545,0.296587,2.773985,0.948838,0.285015
H3_512C_pruned50_Mask_pruning,237-134500-0026.wav,generated_audios/generated_H3_512C_pruned50/237-134500-0026_generated.wav,3.050023,0.880104,0.87699,0.288556,0.287535,2.545718,0.933178,0.297682
H3_512C_pruned50_Mask_pruning,237-134500-0027.wav,generated_audios/generated_H3_512C_pruned50/237-134500-0027_generated.wav,3.270023,0.937892,0.934635,0.286815,0.285819,2.871946,0.943291,0.266307
H3_512C_pruned50_Mask_pruning,237-134500-0028.wav,generated_audios/generated_H3_512C_pruned50/237-134500-0028_generated.wav,4.524943,1.317523,1.315453,0.291169,0.290711,2.960441,0.951225,0.27708
H3_512C_pruned50_Mask_pruning,237-134500-0029.wav,generated_audios/generated_H3_512C_pruned50/237-134500-0029_generated.wav,2.065034,0.579568,0.576293,0.280658,0.279072,2.598731,0.952426,0.266905
H3_512C_pruned50_Mask_pruning,237-134500-0030.wav,generated_audios/generated_H3_512C_pruned50/237-134500-0030_generated.wav,2.78,0.801463,0.798169,0.288296,0.287111,3.125185,0.955615,0.284258
H3_512C_pruned50_Mask_pruning,237-134500-0031.wav,generated_audios/generated_H3_512C_pruned50/237-134500-0031_generated.wav,10.610023,3.542311,3.475321,0.333865,0.327551,3.144353,0.955682,0.264195
H3_512C_pruned50_Mask_pruning,237-134500-0032.wav,generated_audios/generated_H3_512C_pruned50/237-134500-0032_generated.wav,5.025034,0.942476,0.938684,0.187556,0.186802,2.986151,0.953677,0.269133
H3_512C_pruned50_Mask_pruning,237-134500-0033.wav,generated_audios/generated_H3_512C_pruned50/237-134500-0033_generated.wav,6.350023,1.82129,1.817631,0.286816,0.28624,2.737284,0.954621,0.278488
H3_512C_pruned50_Mask_pruning,237-134500-0034.wav,generated_audios/generated_H3_512C_pruned50/237-134500-0034_generated.wav,3.075011,0.875842,0.872581,0.284826,0.283765,3.023787,0.957338,0.258493
H3_512C_pruned50_Mask_pruning,237-134500-0035.wav,generated_audios/generated_H3_512C_pruned50/237-134500-0035_generated.wav,2.555011,0.729396,0.726178,0.285477,0.284217,2.578643,0.964391,0.273384
H3_512C_pruned50_Mask_pruning,237-134500-0036.wav,generated_audios/generated_H3_512C_pruned50/237-134500-0036_generated.wav,6.6,1.936418,1.93278,0.293397,0.292845,3.012429,0.954408,0.262782
H3_512C_pruned50_Mask_pruning,237-134500-0037.wav,generated_audios/generated_H3_512C_pruned50/237-134500-0037_generated.wav,7.105034,2.088755,2.084971,0.293982,0.29345,2.525154,0.928203,0.313037
H3_512C_pruned50_Mask_pruning,237-134500-0038.wav,generated_audios/generated_H3_512C_pruned50/237-134500-0038_generated.wav,2.435011,0.69486,0.691593,0.285362,0.28402,2.416181,0.935226,0.312929
H3_512C_pruned50_Mask_pruning,237-134500-0039.wav,generated_audios/generated_H3_512C_pruned50/237-134500-0039_generated.wav,4.630023,1.359825,1.356439,0.293697,0.292966,2.685331,0.940117,0.308759
H3_512C_pruned50_Mask_pruning,237-134500-0040.wav,generated_audios/generated_H3_512C_pruned50/237-134500-0040_generated.wav,4.030023,0.779323,0.775449,0.193379,0.192418,2.629882,0.950966,0.286859
H3_512C_pruned50_Mask_pruning,237-134500-0041.wav,generated_audios/generated_H3_512C_pruned50/237-134500-0041_generated.wav,8.92,1.761091,1.75701,0.197432,0.196974,3.277629,0.965901,0.261953
H3_512C_pruned50_Mask_pruning,237-134500-0042.wav,generated_audios/generated_H3_512C_pruned50/237-134500-0042_generated.wav,2.575011,0.756539,0.753522,0.2938,0.292628,2.493586,0.895937,0.323421
H3_512C_pruned50_Mask_pruning,260-123286-0000.wav,generated_audios/generated_H3_512C_pruned50/260-123286-0000_generated.wav,7.04,2.025245,2.021363,0.287677,0.287125,2.766123,0.956536,0.274466
H3_512C_pruned50_Mask_pruning,260-123286-0001.wav,generated_audios/generated_H3_512C_pruned50/260-123286-0001_generated.wav,3.070023,0.574375,0.570981,0.187091,0.185986,2.324791,0.954454,0.280113
H3_512C_pruned50_Mask_pruning,260-123286-0002.wav,generated_audios/generated_H3_512C_pruned50/260-123286-0002_generated.wav,9.985034,3.219224,3.215275,0.322405,0.322009,2.474657,0.951984,0.269868
H3_512C_pruned50_Mask_pruning,260-123286-0003.wav,generated_audios/generated_H3_512C_pruned50/260-123286-0003_generated.wav,7.370023,2.143593,2.13982,0.290853,0.290341,2.137216,0.939822,0.273853
H3_512C_pruned50_Mask_pruning,260-123286-0004.wav,generated_audios/generated_H3_512C_pruned50/260-123286-0004_generated.wav,3.465034,0.976024,0.972946,0.281678,0.28079,2.055278,0.940027,0.27949
H3_512C_pruned50_Mask_pruning,260-123286-0005.wav,generated_audios/generated_H3_512C_pruned50/260-123286-0005_generated.wav,4.810023,1.310061,1.306643,0.272361,0.27165,2.358363,0.947088,0.280452
H3_512C_pruned50_Mask_pruning,260-123286-0006.wav,generated_audios/generated_H3_512C_pruned50/260-123286-0006_generated.wav,7.405034,2.182096,2.178531,0.294677,0.294196,2.446662,0.951455,0.284967
H3_512C_pruned50_Mask_pruning,260-123286-0007.wav,generated_audios/generated_H3_512C_pruned50/260-123286-0007_generated.wav,4.550023,1.286391,1.28281,0.282722,0.281935,2.370284,0.951658,0.287427
H3_512C_pruned50_Mask_pruning,260-123286-0008.wav,generated_audios/generated_H3_512C_pruned50/260-123286-0008_generated.wav,3.735011,1.02245,1.018999,0.273747,0.272823,2.441682,0.95249,0.28235
H3_512C_pruned50_Mask_pruning,260-123286-0009.wav,generated_audios/generated_H3_512C_pruned50/260-123286-0009_generated.wav,5.795011,1.679143,1.67556,0.289757,0.289138,1.700094,0.947337,0.270339
H3_512C_pruned50_Mask_pruning,260-123286-0010.wav,generated_audios/generated_H3_512C_pruned50/260-123286-0010_generated.wav,2.575011,0.451463,0.448186,0.175325,0.174052,2.694198,0.955972,0.27695
H3_512C_pruned50_Mask_pruning,260-123286-0011.wav,generated_audios/generated_H3_512C_pruned50/260-123286-0011_generated.wav,4.255011,0.78052,0.777258,0.183435,0.182669,2.436391,0.944178,0.27774
H3_512C_pruned50_Mask_pruning,260-123286-0012.wav,generated_audios/generated_H3_512C_pruned50/260-123286-0012_generated.wav,2.430023,0.453545,0.450271,0.186642,0.185295,2.174121,0.948045,0.278591
H3_512C_pruned50_Mask_pruning,260-123286-0013.wav,generated_audios/generated_H3_512C_pruned50/260-123286-0013_generated.wav,4.730023,1.360435,1.356975,0.287617,0.286886,2.486409,0.948081,0.275991
H3_512C_pruned50_Mask_pruning,260-123286-0014.wav,generated_audios/generated_H3_512C_pruned50/260-123286-0014_generated.wav,2.98,0.576087,0.572839,0.193318,0.192228,1.746232,0.948522,0.257368
H3_512C_pruned50_Mask_pruning,260-123286-0015.wav,generated_audios/generated_H3_512C_pruned50/260-123286-0015_generated.wav,5.210023,1.489539,1.485849,0.285899,0.28519,2.334187,0.953895,0.283112
H3_512C_pruned50_Mask_pruning,260-123286-0016.wav,generated_audios/generated_H3_512C_pruned50/260-123286-0016_generated.wav,7.0,2.087871,2.084266,0.298267,0.297752,2.564367,0.94877,0.276055
H3_512C_pruned50_Mask_pruning,260-123286-0017.wav,generated_audios/generated_H3_512C_pruned50/260-123286-0017_generated.wav,3.975011,1.133472,1.130082,0.285149,0.284297,2.337604,0.946651,0.266225
H3_512C_pruned50_Mask_pruning,260-123286-0018.wav,generated_audios/generated_H3_512C_pruned50/260-123286-0018_generated.wav,5.670023,1.645932,1.642538,0.290287,0.289688,2.57102,0.948011,0.276627
H3_512C_pruned50_Mask_pruning,260-123286-0019.wav,generated_audios/generated_H3_512C_pruned50/260-123286-0019_generated.wav,11.905034,4.818305,4.813853,0.404728,0.404354,2.362505,0.953415,0.275825
H3_512C_pruned50_Mask_pruning,260-123286-0020.wav,generated_audios/generated_H3_512C_pruned50/260-123286-0020_generated.wav,3.06,0.557669,0.554254,0.182245,0.181129,2.275659,0.958507,0.251961
H3_512C_pruned50_Mask_pruning,260-123286-0021.wav,generated_audios/generated_H3_512C_pruned50/260-123286-0021_generated.wav,2.550023,0.703403,0.700243,0.275842,0.274603,2.796443,0.966851,0.285616
H3_512C_pruned50_Mask_pruning,260-123286-0022.wav,generated_audios/generated_H3_512C_pruned50/260-123286-0022_generated.wav,3.235011,0.917482,0.914362,0.28361,0.282646,2.688928,0.955971,0.270776
H3_512C_pruned50_Mask_pruning,260-123286-0023.wav,generated_audios/generated_H3_512C_pruned50/260-123286-0023_generated.wav,5.875011,1.704692,1.701102,0.29016,0.289549,2.696585,0.953936,0.277023
H3_512C_pruned50_Mask_pruning,260-123286-0024.wav,generated_audios/generated_H3_512C_pruned50/260-123286-0024_generated.wav,3.04,0.870176,0.86692,0.286242,0.285171,1.958764,0.955202,0.294418
H3_512C_pruned50_Mask_pruning,260-123286-0025.wav,generated_audios/generated_H3_512C_pruned50/260-123286-0025_generated.wav,9.205034,2.765773,2.761641,0.300463,0.300014,2.590617,0.945638,0.281055
H3_512C_pruned50_Mask_pruning,260-123286-0026.wav,generated_audios/generated_H3_512C_pruned50/260-123286-0026_generated.wav,6.94,2.032187,2.028633,0.292822,0.29231,2.364618,0.947875,0.281012
H3_512C_pruned50_Mask_pruning,260-123286-0027.wav,generated_audios/generated_H3_512C_pruned50/260-123286-0027_generated.wav,7.170023,2.10805,2.104201,0.294009,0.293472,2.363099,0.939785,0.274024
H3_512C_pruned50_Mask_pruning,260-123286-0028.wav,generated_audios/generated_H3_512C_pruned50/260-123286-0028_generated.wav,7.465034,2.17991,2.175996,0.292016,0.291492,2.519479,0.94369,0.276646
H3_512C_pruned50_Mask_pruning,260-123286-0029.wav,generated_audios/generated_H3_512C_pruned50/260-123286-0029_generated.wav,4.545034,0.860631,0.856952,0.189356,0.188547,2.144758,0.945227,0.28138
H3_512C_pruned50_Mask_pruning,260-123286-0030.wav,generated_audios/generated_H3_512C_pruned50/260-123286-0030_generated.wav,7.530023,1.59932,1.595622,0.212392,0.211901,2.352969,0.94902,0.283095
H3_512C_pruned50_Mask_pruning,260-123286-0031.wav,generated_audios/generated_H3_512C_pruned50/260-123286-0031_generated.wav,5.06,1.411411,1.408037,0.278935,0.278268,2.731611,0.956691,0.259208
H3_512C_pruned50_Mask_pruning,260-123288-0000.wav,generated_audios/generated_H3_512C_pruned50/260-123288-0000_generated.wav,3.04,0.561293,0.558102,0.184636,0.183586,2.580667,0.946067,0.279873
H3_512C_pruned50_Mask_pruning,260-123288-0001.wav,generated_audios/generated_H3_512C_pruned50/260-123288-0001_generated.wav,5.08,0.959353,0.955867,0.188849,0.188163,2.343561,0.946843,0.27477
H3_512C_pruned50_Mask_pruning,260-123288-0002.wav,generated_audios/generated_H3_512C_pruned50/260-123288-0002_generated.wav,7.250023,2.17246,2.168603,0.299649,0.299117,2.53624,0.942564,0.284238
H3_512C_pruned50_Mask_pruning,260-123288-0003.wav,generated_audios/generated_H3_512C_pruned50/260-123288-0003_generated.wav,8.905034,2.724119,2.720273,0.305908,0.305476,2.44226,0.954312,0.279088
H3_512C_pruned50_Mask_pruning,260-123288-0004.wav,generated_audios/generated_H3_512C_pruned50/260-123288-0004_generated.wav,4.310023,1.229328,1.225844,0.285225,0.284417,2.40656,0.939491,0.267566
H3_512C_pruned50_Mask_pruning,260-123288-0005.wav,generated_audios/generated_H3_512C_pruned50/260-123288-0005_generated.wav,12.550023,5.200699,5.196374,0.414398,0.414053,2.366544,0.945404,0.27487
H3_512C_pruned50_Mask_pruning,260-123288-0006.wav,generated_audios/generated_H3_512C_pruned50/260-123288-0006_generated.wav,4.88,1.41268,1.408837,0.289484,0.288696,2.490505,0.947746,0.259403
H3_512C_pruned50_Mask_pruning,260-123288-0007.wav,generated_audios/generated_H3_512C_pruned50/260-123288-0007_generated.wav,11.2,3.41899,3.414872,0.305267,0.304899,2.551666,0.951382,0.283614
H3_512C_pruned50_Mask_pruning,260-123288-0008.wav,generated_audios/generated_H3_512C_pruned50/260-123288-0008_generated.wav,5.515011,1.620735,1.616801,0.293877,0.293164,2.71669,0.953045,0.286575
H3_512C_pruned50_Mask_pruning,260-123288-0009.wav,generated_audios/generated_H3_512C_pruned50/260-123288-0009_generated.wav,3.435011,0.992579,0.989302,0.288959,0.288006,2.846251,0.960654,0.289164
H3_512C_pruned50_Mask_pruning,260-123288-0010.wav,generated_audios/generated_H3_512C_pruned50/260-123288-0010_generated.wav,9.995011,1.990057,1.985786,0.199105,0.198678,2.42468,0.947977,0.277033
H3_512C_pruned50_Mask_pruning,260-123288-0011.wav,generated_audios/generated_H3_512C_pruned50/260-123288-0011_generated.wav,8.98,2.751467,2.74761,0.306399,0.30597,2.509856,0.948593,0.268623
H3_512C_pruned50_Mask_pruning,260-123288-0012.wav,generated_audios/generated_H3_512C_pruned50/260-123288-0012_generated.wav,3.545034,1.029551,1.026047,0.29042,0.289432,2.301753,0.949922,0.290519
H3_512C_pruned50_Mask_pruning,260-123288-0013.wav,generated_audios/generated_H3_512C_pruned50/260-123288-0013_generated.wav,11.385079,3.459316,3.455173,0.303846,0.303483,2.490367,0.947719,0.278033
H3_512C_pruned50_Mask_pruning,260-123288-0014.wav,generated_audios/generated_H3_512C_pruned50/260-123288-0014_generated.wav,1.805034,0.327901,0.324564,0.181659,0.17981,2.445106,0.956877,0.282308
H3_512C_pruned50_Mask_pruning,260-123288-0015.wav,generated_audios/generated_H3_512C_pruned50/260-123288-0015_generated.wav,21.185034,8.689197,8.683904,0.410157,0.409907,2.463747,0.952307,0.281729
H3_512C_pruned50_Mask_pruning,260-123288-0016.wav,generated_audios/generated_H3_512C_pruned50/260-123288-0016_generated.wav,4.865034,1.444017,1.440837,0.296815,0.296162,2.404608,0.940905,0.277745
H3_512C_pruned50_Mask_pruning,260-123288-0017.wav,generated_audios/generated_H3_512C_pruned50/260-123288-0017_generated.wav,5.225034,1.476883,1.473509,0.282655,0.28201,2.591779,0.966592,0.277452
H3_512C_pruned50_Mask_pruning,260-123288-0018.wav,generated_audios/generated_H3_512C_pruned50/260-123288-0018_generated.wav,3.245034,0.894269,0.891201,0.275581,0.274635,2.769129,0.961735,0.285021
H3_512C_pruned50_Mask_pruning,260-123288-0019.wav,generated_audios/generated_H3_512C_pruned50/260-123288-0019_generated.wav,2.955011,0.545842,0.542452,0.184718,0.18357,2.593381,0.957879,0.266344
H3_512C_pruned50_Mask_pruning,260-123288-0020.wav,generated_audios/generated_H3_512C_pruned50/260-123288-0020_generated.wav,2.9,0.847153,0.843919,0.292122,0.291006,2.74386,0.961106,0.264712
H3_512C_pruned50_Mask_pruning,260-123288-0021.wav,generated_audios/generated_H3_512C_pruned50/260-123288-0021_generated.wav,2.710023,0.497495,0.494331,0.183576,0.182408,2.433364,0.948863,0.281265
H3_512C_pruned50_Mask_pruning,260-123288-0022.wav,generated_audios/generated_H3_512C_pruned50/260-123288-0022_generated.wav,3.705034,1.127756,1.124324,0.304385,0.303459,2.353657,0.945584,0.28329
H3_512C_pruned50_Mask_pruning,260-123288-0023.wav,generated_audios/generated_H3_512C_pruned50/260-123288-0023_generated.wav,2.385034,0.445421,0.442394,0.186757,0.185488,2.054468,0.933914,0.273177
H3_512C_pruned50_Mask_pruning,260-123288-0024.wav,generated_audios/generated_H3_512C_pruned50/260-123288-0024_generated.wav,14.595011,5.965182,5.961,0.408714,0.408427,2.526155,0.954298,0.281112
H3_512C_pruned50_Mask_pruning,260-123288-0025.wav,generated_audios/generated_H3_512C_pruned50/260-123288-0025_generated.wav,13.445034,5.569531,5.565443,0.414244,0.41394,2.642437,0.951475,0.276781
H3_512C_pruned50_Mask_pruning,260-123288-0026.wav,generated_audios/generated_H3_512C_pruned50/260-123288-0026_generated.wav,16.04,6.866305,6.861566,0.428074,0.427778,2.477134,0.957375,0.276344
H3_512C_pruned50_Mask_pruning,260-123288-0027.wav,generated_audios/generated_H3_512C_pruned50/260-123288-0027_generated.wav,6.305034,1.845765,1.841649,0.292745,0.292092,2.620528,0.961678,0.27002
H3_512C_pruned50_Mask_pruning,260-123288-0028.wav,generated_audios/generated_H3_512C_pruned50/260-123288-0028_generated.wav,2.610023,0.741081,0.738138,0.283937,0.282809,2.821054,0.969112,0.269607
H3_512C_pruned50_Mask_pruning,260-123440-0000.wav,generated_audios/generated_H3_512C_pruned50/260-123440-0000_generated.wav,2.165034,0.598181,0.595564,0.276292,0.275083,1.807039,0.92885,0.290758
H3_512C_pruned50_Mask_pruning,260-123440-0001.wav,generated_audios/generated_H3_512C_pruned50/260-123440-0001_generated.wav,1.74,0.507371,0.504249,0.291592,0.289798,2.726868,0.950609,0.256746
H3_512C_pruned50_Mask_pruning,260-123440-0002.wav,generated_audios/generated_H3_512C_pruned50/260-123440-0002_generated.wav,14.715011,6.159613,6.155099,0.418594,0.418287,2.430124,0.945123,0.283211
H3_512C_pruned50_Mask_pruning,260-123440-0003.wav,generated_audios/generated_H3_512C_pruned50/260-123440-0003_generated.wav,3.585034,1.062333,1.058765,0.296324,0.295329,2.604033,0.954848,0.277151
H3_512C_pruned50_Mask_pruning,260-123440-0004.wav,generated_audios/generated_H3_512C_pruned50/260-123440-0004_generated.wav,12.02,5.078876,5.07485,0.422535,0.422201,2.445513,0.942885,0.285739
H3_512C_pruned50_Mask_pruning,260-123440-0005.wav,generated_audios/generated_H3_512C_pruned50/260-123440-0005_generated.wav,3.105034,0.564168,0.560695,0.181695,0.180576,2.27896,0.94611,0.290736
H3_512C_pruned50_Mask_pruning,260-123440-0006.wav,generated_audios/generated_H3_512C_pruned50/260-123440-0006_generated.wav,2.715011,0.463636,0.460327,0.170768,0.169549,2.297783,0.955526,0.290524
H3_512C_pruned50_Mask_pruning,260-123440-0007.wav,generated_audios/generated_H3_512C_pruned50/260-123440-0007_generated.wav,3.385034,0.91451,0.911157,0.270163,0.269172,1.985788,0.94879,0.295913
H3_512C_pruned50_Mask_pruning,260-123440-0008.wav,generated_audios/generated_H3_512C_pruned50/260-123440-0008_generated.wav,3.745034,1.073776,1.07024,0.28672,0.285776,2.445186,0.950751,0.286793
H3_512C_pruned50_Mask_pruning,260-123440-0009.wav,generated_audios/generated_H3_512C_pruned50/260-123440-0009_generated.wav,3.115011,0.907448,0.904182,0.291315,0.290266,2.548797,0.952519,0.295512
H3_512C_pruned50_Mask_pruning,260-123440-0010.wav,generated_audios/generated_H3_512C_pruned50/260-123440-0010_generated.wav,8.315011,2.580596,2.576643,0.310354,0.309878,2.33374,0.934671,0.293317
H3_512C_pruned50_Mask_pruning,260-123440-0011.wav,generated_audios/generated_H3_512C_pruned50/260-123440-0011_generated.wav,4.870023,0.95517,0.951774,0.196133,0.195435,2.245582,0.947404,0.291016
H3_512C_pruned50_Mask_pruning,260-123440-0012.wav,generated_audios/generated_H3_512C_pruned50/260-123440-0012_generated.wav,5.245034,1.515229,1.511708,0.288888,0.288217,2.412322,0.941016,0.320815
H3_512C_pruned50_Mask_pruning,260-123440-0013.wav,generated_audios/generated_H3_512C_pruned50/260-123440-0013_generated.wav,3.475011,1.011061,1.008556,0.290952,0.290231,2.500771,0.945914,0.31651
H3_512C_pruned50_Mask_pruning,260-123440-0014.wav,generated_audios/generated_H3_512C_pruned50/260-123440-0014_generated.wav,3.815011,1.107949,1.104702,0.290418,0.289567,2.538201,0.950242,0.300627
H3_512C_pruned50_Mask_pruning,260-123440-0015.wav,generated_audios/generated_H3_512C_pruned50/260-123440-0015_generated.wav,6.2,1.198811,1.195141,0.193357,0.192765,2.609497,0.956719,0.273907
H3_512C_pruned50_Mask_pruning,260-123440-0016.wav,generated_audios/generated_H3_512C_pruned50/260-123440-0016_generated.wav,4.895011,1.425295,1.421761,0.291173,0.290451,2.702807,0.96541,0.282324
H3_512C_pruned50_Mask_pruning,260-123440-0017.wav,generated_audios/generated_H3_512C_pruned50/260-123440-0017_generated.wav,3.070023,0.614414,0.611094,0.200133,0.199052,2.632574,0.95061,0.276898
H3_512C_pruned50_Mask_pruning,260-123440-0018.wav,generated_audios/generated_H3_512C_pruned50/260-123440-0018_generated.wav,3.64,1.048276,1.044698,0.287988,0.287005,2.642431,0.960749,0.291956
H3_512C_pruned50_Mask_pruning,260-123440-0019.wav,generated_audios/generated_H3_512C_pruned50/260-123440-0019_generated.wav,6.630023,1.96794,1.964439,0.296822,0.296294,2.437979,0.949878,0.277178
H3_512C_pruned50_Mask_pruning,260-123440-0020.wav,generated_audios/generated_H3_512C_pruned50/260-123440-0020_generated.wav,4.995011,1.462414,1.45894,0.292775,0.292079,2.36934,0.949673,0.290906
H3_512C_pruned50_Mask_pruning,61-70968-0000.wav,generated_audios/generated_H3_512C_pruned50/61-70968-0000_generated.wav,4.905034,1.426134,1.422628,0.290749,0.290034,2.060645,0.946626,0.269707
H3_512C_pruned50_Mask_pruning,61-70968-0001.wav,generated_audios/generated_H3_512C_pruned50/61-70968-0001_generated.wav,3.610023,1.038999,1.035526,0.287809,0.286848,2.21692,0.927285,0.258352
H3_512C_pruned50_Mask_pruning,61-70968-0002.wav,generated_audios/generated_H3_512C_pruned50/61-70968-0002_generated.wav,2.970023,0.841019,0.837826,0.283169,0.282094,2.082343,0.924006,0.268995
H3_512C_pruned50_Mask_pruning,61-70968-0003.wav,generated_audios/generated_H3_512C_pruned50/61-70968-0003_generated.wav,4.315011,0.827744,0.824407,0.191829,0.191056,2.497433,0.95261,0.27403
H3_512C_pruned50_Mask_pruning,61-70968-0004.wav,generated_audios/generated_H3_512C_pruned50/61-70968-0004_generated.wav,3.885034,1.113738,1.110536,0.286674,0.28585,2.219268,0.956508,0.273986
H3_512C_pruned50_Mask_pruning,61-70968-0005.wav,generated_audios/generated_H3_512C_pruned50/61-70968-0005_generated.wav,5.070023,0.980371,0.976736,0.193366,0.192649,2.008143,0.922518,0.273531
H3_512C_pruned50_Mask_pruning,61-70968-0006.wav,generated_audios/generated_H3_512C_pruned50/61-70968-0006_generated.wav,2.935011,0.820388,0.817286,0.279518,0.278461,2.173281,0.952075,0.267339
H3_512C_pruned50_Mask_pruning,61-70968-0007.wav,generated_audios/generated_H3_512C_pruned50/61-70968-0007_generated.wav,3.550023,0.665388,0.661998,0.187432,0.186477,1.917541,0.883477,0.264917
H3_512C_pruned50_Mask_pruning,61-70968-0008.wav,generated_audios/generated_H3_512C_pruned50/61-70968-0008_generated.wav,3.535011,0.665254,0.662123,0.18819,0.187304,1.682531,0.932873,0.27123
H3_512C_pruned50_Mask_pruning,61-70968-0009.wav,generated_audios/generated_H3_512C_pruned50/61-70968-0009_generated.wav,4.510023,1.312969,1.30954,0.291123,0.290362,2.218997,0.925293,0.273417
H3_512C_pruned50_Mask_pruning,61-70968-0010.wav,generated_audios/generated_H3_512C_pruned50/61-70968-0010_generated.wav,8.295011,2.538014,2.534578,0.305969,0.305555,2.194408,0.941214,0.272101
H3_512C_pruned50_Mask_pruning,61-70968-0011.wav,generated_audios/generated_H3_512C_pruned50/61-70968-0011_generated.wav,6.375011,1.871721,1.867984,0.293603,0.293017,2.331951,0.949319,0.264011
H3_512C_pruned50_Mask_pruning,61-70968-0012.wav,generated_audios/generated_H3_512C_pruned50/61-70968-0012_generated.wav,2.610023,0.475836,0.472416,0.182311,0.181001,2.405468,0.966133,0.277275
H3_512C_pruned50_Mask_pruning,61-70968-0013.wav,generated_audios/generated_H3_512C_pruned50/61-70968-0013_generated.wav,4.450023,0.824267,0.820939,0.185228,0.18448,2.397558,0.940423,0.260439
H3_512C_pruned50_Mask_pruning,61-70968-0014.wav,generated_audios/generated_H3_512C_pruned50/61-70968-0014_generated.wav,7.485034,2.23013,2.226471,0.297945,0.297456,2.347708,0.946359,0.263404
H3_512C_pruned50_Mask_pruning,61-70968-0015.wav,generated_audios/generated_H3_512C_pruned50/61-70968-0015_generated.wav,5.375011,1.541387,1.538065,0.286769,0.286151,2.331414,0.951041,0.27555
H3_512C_pruned50_Mask_pruning,61-70968-0016.wav,generated_audios/generated_H3_512C_pruned50/61-70968-0016_generated.wav,3.72,1.086342,1.082999,0.292027,0.291129,2.546194,0.961588,0.273128
H3_512C_pruned50_Mask_pruning,61-70968-0017.wav,generated_audios/generated_H3_512C_pruned50/61-70968-0017_generated.wav,5.110023,1.473783,1.4706,0.28841,0.287787,2.214988,0.950202,0.267507
H3_512C_pruned50_Mask_pruning,61-70968-0018.wav,generated_audios/generated_H3_512C_pruned50/61-70968-0018_generated.wav,2.405034,0.667695,0.664632,0.277624,0.27635,1.792915,0.951407,0.264938
H3_512C_pruned50_Mask_pruning,61-70968-0019.wav,generated_audios/generated_H3_512C_pruned50/61-70968-0019_generated.wav,5.475011,1.568771,1.565411,0.286533,0.285919,2.30157,0.949806,0.276227
H3_512C_pruned50_Mask_pruning,61-70968-0020.wav,generated_audios/generated_H3_512C_pruned50/61-70968-0020_generated.wav,5.105034,1.476849,1.474612,0.289293,0.288854,2.672154,0.943592,0.268955
H3_512C_pruned50_Mask_pruning,61-70968-0021.wav,generated_audios/generated_H3_512C_pruned50/61-70968-0021_generated.wav,2.690023,0.767696,0.764349,0.285386,0.284142,2.034044,0.92339,0.267411
H3_512C_pruned50_Mask_pruning,61-70968-0022.wav,generated_audios/generated_H3_512C_pruned50/61-70968-0022_generated.wav,4.670023,0.905718,0.902468,0.193943,0.193247,1.948514,0.9333,0.272254
H3_512C_pruned50_Mask_pruning,61-70968-0023.wav,generated_audios/generated_H3_512C_pruned50/61-70968-0023_generated.wav,5.025034,1.022051,1.018508,0.203392,0.202687,2.389772,0.958567,0.267396
H3_512C_pruned50_Mask_pruning,61-70968-0024.wav,generated_audios/generated_H3_512C_pruned50/61-70968-0024_generated.wav,6.025034,1.817338,1.813425,0.301631,0.300982,2.309667,0.932745,0.267458
H3_512C_pruned50_Mask_pruning,61-70968-0025.wav,generated_audios/generated_H3_512C_pruned50/61-70968-0025_generated.wav,4.410023,0.866755,0.863441,0.196542,0.195791,2.451473,0.942068,0.267035
H3_512C_pruned50_Mask_pruning,61-70968-0026.wav,generated_audios/generated_H3_512C_pruned50/61-70968-0026_generated.wav,4.92,1.415447,1.411989,0.287693,0.28699,2.206116,0.960927,0.258206
H3_512C_pruned50_Mask_pruning,61-70968-0027.wav,generated_audios/generated_H3_512C_pruned50/61-70968-0027_generated.wav,6.870023,2.033777,2.02998,0.296036,0.295484,2.635448,0.956525,0.261495
H3_512C_pruned50_Mask_pruning,61-70968-0028.wav,generated_audios/generated_H3_512C_pruned50/61-70968-0028_generated.wav,5.355011,1.564324,1.561121,0.292123,0.291525,2.491475,0.956164,0.257835
H3_512C_pruned50_Mask_pruning,61-70968-0029.wav,generated_audios/generated_H3_512C_pruned50/61-70968-0029_generated.wav,3.495011,1.032599,1.02923,0.29545,0.294485,2.212801,0.945355,0.262493
H3_512C_pruned50_Mask_pruning,61-70968-0030.wav,generated_audios/generated_H3_512C_pruned50/61-70968-0030_generated.wav,5.685034,1.656488,1.652795,0.291377,0.290727,2.384892,0.943561,0.260812
H3_512C_pruned50_Mask_pruning,61-70968-0031.wav,generated_audios/generated_H3_512C_pruned50/61-70968-0031_generated.wav,2.925034,0.861114,0.857856,0.294395,0.293281,1.875556,0.923411,0.266919
H3_512C_pruned50_Mask_pruning,61-70968-0032.wav,generated_audios/generated_H3_512C_pruned50/61-70968-0032_generated.wav,4.28,0.829501,0.826203,0.193809,0.193038,2.428949,0.946934,0.263267
H3_512C_pruned50_Mask_pruning,61-70968-0033.wav,generated_audios/generated_H3_512C_pruned50/61-70968-0033_generated.wav,5.685034,1.052842,1.049301,0.185195,0.184573,2.641583,0.965262,0.260797
H3_512C_pruned50_Mask_pruning,61-70968-0034.wav,generated_audios/generated_H3_512C_pruned50/61-70968-0034_generated.wav,4.230023,1.252297,1.248916,0.29605,0.29525,2.491911,0.953407,0.282684
H3_512C_pruned50_Mask_pruning,61-70968-0035.wav,generated_audios/generated_H3_512C_pruned50/61-70968-0035_generated.wav,7.950023,2.436676,2.432737,0.306499,0.306004,2.244406,0.952522,0.263977
H3_512C_pruned50_Mask_pruning,61-70968-0036.wav,generated_audios/generated_H3_512C_pruned50/61-70968-0036_generated.wav,2.934966,0.544934,0.541569,0.18567,0.184523,2.40652,0.928968,0.261221
H3_512C_pruned50_Mask_pruning,61-70968-0037.wav,generated_audios/generated_H3_512C_pruned50/61-70968-0037_generated.wav,4.315011,0.829592,0.826002,0.192257,0.191425,1.650383,0.9103,0.277824
H3_512C_pruned50_Mask_pruning,61-70968-0038.wav,generated_audios/generated_H3_512C_pruned50/61-70968-0038_generated.wav,2.050023,0.619449,0.616258,0.302167,0.30061,2.488263,0.91365,0.265289
H3_512C_pruned50_Mask_pruning,61-70968-0039.wav,generated_audios/generated_H3_512C_pruned50/61-70968-0039_generated.wav,3.805034,1.076147,1.072543,0.282822,0.281875,2.556285,0.93056,0.270631
H3_512C_pruned50_Mask_pruning,61-70968-0040.wav,generated_audios/generated_H3_512C_pruned50/61-70968-0040_generated.wav,3.950023,1.16105,1.157691,0.293935,0.293085,2.526779,0.948583,0.264169
H3_512C_pruned50_Mask_pruning,61-70968-0041.wav,generated_audios/generated_H3_512C_pruned50/61-70968-0041_generated.wav,6.825034,1.305676,1.301871,0.191307,0.190749,2.463559,0.931845,0.271079
H3_512C_pruned50_Mask_pruning,61-70968-0042.wav,generated_audios/generated_H3_512C_pruned50/61-70968-0042_generated.wav,2.785034,0.539855,0.536299,0.193841,0.192565,2.167289,0.938281,0.272261
H3_512C_pruned50_Mask_pruning,61-70968-0043.wav,generated_audios/generated_H3_512C_pruned50/61-70968-0043_generated.wav,6.735011,2.030841,2.026922,0.301535,0.300953,2.176924,0.922151,0.257718
H3_512C_pruned50_Mask_pruning,61-70968-0044.wav,generated_audios/generated_H3_512C_pruned50/61-70968-0044_generated.wav,2.770023,0.528464,0.526141,0.19078,0.189941,2.012325,0.927125,0.258742
H3_512C_pruned50_Mask_pruning,61-70968-0045.wav,generated_audios/generated_H3_512C_pruned50/61-70968-0045_generated.wav,3.475011,0.649756,0.647602,0.18698,0.18636,2.267964,0.907746,0.255056
H3_512C_pruned50_Mask_pruning,61-70968-0046.wav,generated_audios/generated_H3_512C_pruned50/61-70968-0046_generated.wav,3.550023,0.663555,0.660224,0.186916,0.185977,2.24802,0.948743,0.277517
H3_512C_pruned50_Mask_pruning,61-70968-0047.wav,generated_audios/generated_H3_512C_pruned50/61-70968-0047_generated.wav,4.775011,1.348934,1.345394,0.282499,0.281757,2.163315,0.94788,0.267832
H3_512C_pruned50_Mask_pruning,61-70968-0048.wav,generated_audios/generated_H3_512C_pruned50/61-70968-0048_generated.wav,3.02,0.910517,0.907257,0.301496,0.300416,1.995498,0.917236,0.268073
H3_512C_pruned50_Mask_pruning,61-70968-0049.wav,generated_audios/generated_H3_512C_pruned50/61-70968-0049_generated.wav,8.250023,2.563069,2.559921,0.310674,0.310293,2.376245,0.93067,0.267449
H3_512C_pruned50_Mask_pruning,61-70968-0050.wav,generated_audios/generated_H3_512C_pruned50/61-70968-0050_generated.wav,5.58,1.624671,1.621122,0.29116,0.290524,2.366261,0.941527,0.267116
H3_512C_pruned50_Mask_pruning,61-70968-0051.wav,generated_audios/generated_H3_512C_pruned50/61-70968-0051_generated.wav,3.135011,0.92324,0.920071,0.294493,0.293483,2.090925,0.907756,0.255809
H3_512C_pruned50_Mask_pruning,61-70968-0052.wav,generated_audios/generated_H3_512C_pruned50/61-70968-0052_generated.wav,2.650023,0.752847,0.749902,0.284091,0.28298,2.064524,0.949484,0.272892
H3_512C_pruned50_Mask_pruning,61-70968-0053.wav,generated_audios/generated_H3_512C_pruned50/61-70968-0053_generated.wav,4.22,0.806447,0.802915,0.191101,0.190264,2.2202,0.941531,0.269108
H3_512C_pruned50_Mask_pruning,61-70968-0054.wav,generated_audios/generated_H3_512C_pruned50/61-70968-0054_generated.wav,7.86,2.329673,2.326002,0.296396,0.295929,2.255377,0.953016,0.260514
H3_512C_pruned50_Mask_pruning,61-70968-0055.wav,generated_audios/generated_H3_512C_pruned50/61-70968-0055_generated.wav,3.965034,0.762674,0.759126,0.19235,0.191455,2.619287,0.937719,0.26187
H3_512C_pruned50_Mask_pruning,61-70968-0056.wav,generated_audios/generated_H3_512C_pruned50/61-70968-0056_generated.wav,3.565034,1.042751,1.039296,0.292494,0.291525,2.370954,0.955674,0.262723
H3_512C_pruned50_Mask_pruning,61-70968-0057.wav,generated_audios/generated_H3_512C_pruned50/61-70968-0057_generated.wav,5.065034,0.964893,0.961213,0.190501,0.189774,2.084329,0.914693,0.270082
H3_512C_pruned50_Mask_pruning,61-70968-0058.wav,generated_audios/generated_H3_512C_pruned50/61-70968-0058_generated.wav,1.82,0.945871,0.900876,0.519709,0.494987,2.229756,0.909734,0.269639
H3_512C_pruned50_Mask_pruning,61-70968-0059.wav,generated_audios/generated_H3_512C_pruned50/61-70968-0059_generated.wav,2.170023,0.413162,0.410232,0.190395,0.189045,2.457302,0.960495,0.274462
H3_512C_pruned50_Mask_pruning,61-70968-0060.wav,generated_audios/generated_H3_512C_pruned50/61-70968-0060_generated.wav,3.735011,0.687429,0.684188,0.18405,0.183182,2.223497,0.939559,0.267915
H3_512C_pruned50_Mask_pruning,61-70968-0061.wav,generated_audios/generated_H3_512C_pruned50/61-70968-0061_generated.wav,5.530023,1.650382,1.646764,0.29844,0.297786,1.902238,0.936482,0.273729
H3_512C_pruned50_Mask_pruning,61-70968-0062.wav,generated_audios/generated_H3_512C_pruned50/61-70968-0062_generated.wav,2.555011,0.493238,0.489936,0.193047,0.191755,2.167835,0.906759,0.264209
H3_512C_pruned50_Mask_pruning,61-70970-0000.wav,generated_audios/generated_H3_512C_pruned50/61-70970-0000_generated.wav,6.075011,1.807729,1.804153,0.297568,0.296979,2.104581,0.956649,0.266316
H3_512C_pruned50_Mask_pruning,61-70970-0001.wav,generated_audios/generated_H3_512C_pruned50/61-70970-0001_generated.wav,6.155011,1.864255,1.860959,0.302884,0.302349,2.394156,0.962145,0.265018
H3_512C_pruned50_Mask_pruning,61-70970-0002.wav,generated_audios/generated_H3_512C_pruned50/61-70970-0002_generated.wav,4.165034,1.237799,1.234455,0.297188,0.296385,2.105863,0.925761,0.27308
H3_512C_pruned50_Mask_pruning,61-70970-0003.wav,generated_audios/generated_H3_512C_pruned50/61-70970-0003_generated.wav,3.835011,1.071777,1.068295,0.279472,0.278564,2.369206,0.919384,0.252663
H3_512C_pruned50_Mask_pruning,61-70970-0004.wav,generated_audios/generated_H3_512C_pruned50/61-70970-0004_generated.wav,10.515011,3.249503,3.245383,0.309035,0.308643,2.337879,0.93342,0.261212
H3_512C_pruned50_Mask_pruning,61-70970-0005.wav,generated_audios/generated_H3_512C_pruned50/61-70970-0005_generated.wav,2.02,0.604278,0.600967,0.299147,0.297508,2.446816,0.93171,0.266327
H3_512C_pruned50_Mask_pruning,61-70970-0006.wav,generated_audios/generated_H3_512C_pruned50/61-70970-0006_generated.wav,2.335011,0.664657,0.661428,0.284648,0.283265,1.860713,0.948127,0.270326
H3_512C_pruned50_Mask_pruning,61-70970-0007.wav,generated_audios/generated_H3_512C_pruned50/61-70970-0007_generated.wav,4.485034,1.310346,1.306862,0.29216,0.291383,2.249803,0.937067,0.275095
H3_512C_pruned50_Mask_pruning,61-70970-0008.wav,generated_audios/generated_H3_512C_pruned50/61-70970-0008_generated.wav,2.150023,0.644088,0.64097,0.299573,0.298123,2.250448,0.915434,0.253734
H3_512C_pruned50_Mask_pruning,61-70970-0009.wav,generated_audios/generated_H3_512C_pruned50/61-70970-0009_generated.wav,3.405034,0.990577,0.987324,0.290916,0.28996,2.259048,0.941979,0.254835
H3_512C_pruned50_Mask_pruning,61-70970-0010.wav,generated_audios/generated_H3_512C_pruned50/61-70970-0010_generated.wav,3.045034,0.546357,0.543045,0.179426,0.178338,2.54055,0.933635,0.257108
H3_512C_pruned50_Mask_pruning,61-70970-0011.wav,generated_audios/generated_H3_512C_pruned50/61-70970-0011_generated.wav,6.075011,1.064946,1.061268,0.175299,0.174694,2.055793,0.924377,0.265017
H3_512C_pruned50_Mask_pruning,61-70970-0012.wav,generated_audios/generated_H3_512C_pruned50/61-70970-0012_generated.wav,3.135011,0.569706,0.566354,0.181724,0.180654,2.089612,0.953064,0.26369
H3_512C_pruned50_Mask_pruning,61-70970-0013.wav,generated_audios/generated_H3_512C_pruned50/61-70970-0013_generated.wav,4.350023,1.278979,1.275592,0.294017,0.293238,2.216946,0.949223,0.272527
H3_512C_pruned50_Mask_pruning,61-70970-0014.wav,generated_audios/generated_H3_512C_pruned50/61-70970-0014_generated.wav,3.405034,0.577809,0.574447,0.169693,0.168705,2.37932,0.959405,0.263389
H3_512C_pruned50_Mask_pruning,61-70970-0015.wav,generated_audios/generated_H3_512C_pruned50/61-70970-0015_generated.wav,8.415011,2.677829,2.673789,0.318221,0.31774,2.067526,0.952889,0.270775
H3_512C_pruned50_Mask_pruning,61-70970-0016.wav,generated_audios/generated_H3_512C_pruned50/61-70970-0016_generated.wav,4.370023,1.272647,1.268993,0.291222,0.290386,2.493774,0.963312,0.2711
H3_512C_pruned50_Mask_pruning,61-70970-0017.wav,generated_audios/generated_H3_512C_pruned50/61-70970-0017_generated.wav,2.550023,0.465625,0.462301,0.182597,0.181293,2.018293,0.93126,0.274818
H3_512C_pruned50_Mask_pruning,61-70970-0018.wav,generated_audios/generated_H3_512C_pruned50/61-70970-0018_generated.wav,4.6,1.329898,1.326623,0.289108,0.288396,2.465692,0.937994,0.270183
H3_512C_pruned50_Mask_pruning,61-70970-0019.wav,generated_audios/generated_H3_512C_pruned50/61-70970-0019_generated.wav,3.78,1.089753,1.086526,0.288295,0.287441,2.486192,0.946341,0.266004
H3_512C_pruned50_Mask_pruning,61-70970-0020.wav,generated_audios/generated_H3_512C_pruned50/61-70970-0020_generated.wav,5.025034,0.901915,0.898132,0.179484,0.178732,2.19741,0.930838,0.271282
H3_512C_pruned50_Mask_pruning,61-70970-0021.wav,generated_audios/generated_H3_512C_pruned50/61-70970-0021_generated.wav,5.405034,1.551179,1.547513,0.286988,0.286309,2.343618,0.944144,0.27077
H3_512C_pruned50_Mask_pruning,61-70970-0022.wav,generated_audios/generated_H3_512C_pruned50/61-70970-0022_generated.wav,3.970023,0.706961,0.703918,0.178075,0.177308,2.476876,0.937978,0.268168
H3_512C_pruned50_Mask_pruning,61-70970-0023.wav,generated_audios/generated_H3_512C_pruned50/61-70970-0023_generated.wav,3.705034,0.658042,0.654677,0.177608,0.176699,2.510868,0.956318,0.2707
H3_512C_pruned50_Mask_pruning,61-70970-0024.wav,generated_audios/generated_H3_512C_pruned50/61-70970-0024_generated.wav,7.235011,2.123042,2.119116,0.29344,0.292897,2.664226,0.960467,0.265137
H3_512C_pruned50_Mask_pruning,61-70970-0025.wav,generated_audios/generated_H3_512C_pruned50/61-70970-0025_generated.wav,7.435011,2.174471,2.170473,0.292464,0.291926,2.517897,0.962133,0.256937
H3_512C_pruned50_Mask_pruning,61-70970-0026.wav,generated_audios/generated_H3_512C_pruned50/61-70970-0026_generated.wav,5.475011,0.982467,0.978753,0.179446,0.178767,2.411576,0.94733,0.267011
H3_512C_pruned50_Mask_pruning,61-70970-0027.wav,generated_audios/generated_H3_512C_pruned50/61-70970-0027_generated.wav,5.08,0.89936,0.896083,0.177039,0.176394,2.282029,0.949098,0.269124
H3_512C_pruned50_Mask_pruning,61-70970-0028.wav,generated_audios/generated_H3_512C_pruned50/61-70970-0028_generated.wav,6.550023,1.186634,1.182869,0.181165,0.18059,2.522402,0.956834,0.264648
H3_512C_pruned50_Mask_pruning,61-70970-0029.wav,generated_audios/generated_H3_512C_pruned50/61-70970-0029_generated.wav,4.030023,0.715464,0.711923,0.177534,0.176655,2.453467,0.938109,0.268937
H3_512C_pruned50_Mask_pruning,61-70970-0030.wav,generated_audios/generated_H3_512C_pruned50/61-70970-0030_generated.wav,3.24,0.588503,0.585315,0.181637,0.180653,2.160935,0.935018,0.280599
H3_512C_pruned50_Mask_pruning,61-70970-0031.wav,generated_audios/generated_H3_512C_pruned50/61-70970-0031_generated.wav,5.135011,1.483679,1.4802,0.288934,0.288257,1.958371,0.943338,0.275959
H3_512C_pruned50_Mask_pruning,61-70970-0032.wav,generated_audios/generated_H3_512C_pruned50/61-70970-0032_generated.wav,3.135011,0.564826,0.561423,0.180167,0.179082,2.177209,0.951259,0.267024
H3_512C_pruned50_Mask_pruning,61-70970-0033.wav,generated_audios/generated_H3_512C_pruned50/61-70970-0033_generated.wav,3.42,0.967154,0.963819,0.282794,0.281818,1.833754,0.94585,0.272501
H3_512C_pruned50_Mask_pruning,61-70970-0034.wav,generated_audios/generated_H3_512C_pruned50/61-70970-0034_generated.wav,4.485034,0.799881,0.796191,0.178345,0.177522,2.025024,0.932794,0.273358
H3_512C_pruned50_Mask_pruning,61-70970-0035.wav,generated_audios/generated_H3_512C_pruned50/61-70970-0035_generated.wav,7.405034,1.339224,1.335333,0.180853,0.180328,2.368362,0.949271,0.266604
H3_512C_pruned50_Mask_pruning,61-70970-0036.wav,generated_audios/generated_H3_512C_pruned50/61-70970-0036_generated.wav,6.785034,1.235127,1.231287,0.182037,0.181471,2.35844,0.943189,0.268656
H3_512C_pruned50_Mask_pruning,61-70970-0037.wav,generated_audios/generated_H3_512C_pruned50/61-70970-0037_generated.wav,5.98,1.723519,1.719906,0.288214,0.28761,2.148737,0.943584,0.267414
H3_512C_pruned50_Mask_pruning,61-70970-0038.wav,generated_audios/generated_H3_512C_pruned50/61-70970-0038_generated.wav,10.4,3.238191,3.233781,0.311365,0.31094,2.40135,0.947593,0.265927
H3_512C_pruned50_Mask_pruning,61-70970-0039.wav,generated_audios/generated_H3_512C_pruned50/61-70970-0039_generated.wav,6.665034,1.218964,1.215422,0.182889,0.182358,2.000726,0.930859,0.274027
H3_512C_pruned50_Mask_pruning,61-70970-0040.wav,generated_audios/generated_H3_512C_pruned50/61-70970-0040_generated.wav,4.165034,0.743763,0.74034,0.178573,0.177751,2.640319,0.960006,0.263562
H3_512C_pruned50_Mask_pruning,672-122797-0000.wav,generated_audios/generated_H3_512C_pruned50/672-122797-0000_generated.wav,4.070023,1.202989,1.199386,0.295573,0.294688,2.822199,0.958344,0.275453
H3_512C_pruned50_Mask_pruning,672-122797-0001.wav,generated_audios/generated_H3_512C_pruned50/672-122797-0001_generated.wav,15.130023,6.364377,6.359587,0.420646,0.420329,2.971245,0.957912,0.272201
H3_512C_pruned50_Mask_pruning,672-122797-0002.wav,generated_audios/generated_H3_512C_pruned50/672-122797-0002_generated.wav,13.62,5.753656,5.748596,0.422442,0.42207,2.752311,0.951431,0.26704
H3_512C_pruned50_Mask_pruning,672-122797-0003.wav,generated_audios/generated_H3_512C_pruned50/672-122797-0003_generated.wav,4.76,1.414326,1.410324,0.297127,0.296287,2.464,0.938357,0.268181
H3_512C_pruned50_Mask_pruning,672-122797-0004.wav,generated_audios/generated_H3_512C_pruned50/672-122797-0004_generated.wav,10.250023,3.183532,3.179623,0.310588,0.310206,2.596118,0.933365,0.276145
H3_512C_pruned50_Mask_pruning,672-122797-0005.wav,generated_audios/generated_H3_512C_pruned50/672-122797-0005_generated.wav,3.26,0.976357,0.97299,0.299496,0.298463,2.688543,0.903049,0.270597
H3_512C_pruned50_Mask_pruning,672-122797-0006.wav,generated_audios/generated_H3_512C_pruned50/672-122797-0006_generated.wav,13.950023,5.985631,5.981336,0.429077,0.428769,2.448721,0.88432,0.293919
H3_512C_pruned50_Mask_pruning,672-122797-0007.wav,generated_audios/generated_H3_512C_pruned50/672-122797-0007_generated.wav,6.42,1.829368,1.826097,0.284948,0.284439,2.443227,0.903592,0.271816
H3_512C_pruned50_Mask_pruning,672-122797-0008.wav,generated_audios/generated_H3_512C_pruned50/672-122797-0008_generated.wav,30.810023,12.918917,12.912564,0.419309,0.419103,2.812509,0.912527,0.270773
H3_512C_pruned50_Mask_pruning,672-122797-0009.wav,generated_audios/generated_H3_512C_pruned50/672-122797-0009_generated.wav,2.765034,0.500321,0.497334,0.180946,0.179866,2.403772,0.896237,0.317
H3_512C_pruned50_Mask_pruning,672-122797-0010.wav,generated_audios/generated_H3_512C_pruned50/672-122797-0010_generated.wav,3.815011,0.673559,0.67019,0.176555,0.175672,2.45396,0.929206,0.28379
H3_512C_pruned50_Mask_pruning,672-122797-0011.wav,generated_audios/generated_H3_512C_pruned50/672-122797-0011_generated.wav,2.54,0.767438,0.764262,0.302141,0.300891,2.380364,0.923584,0.323771
H3_512C_pruned50_Mask_pruning,672-122797-0012.wav,generated_audios/generated_H3_512C_pruned50/672-122797-0012_generated.wav,7.765034,2.312127,2.30869,0.297761,0.297319,2.327012,0.919546,0.283626
H3_512C_pruned50_Mask_pruning,672-122797-0013.wav,generated_audios/generated_H3_512C_pruned50/672-122797-0013_generated.wav,8.705034,2.551602,2.547558,0.293118,0.292653,2.410115,0.89729,0.284154
H3_512C_pruned50_Mask_pruning,672-122797-0014.wav,generated_audios/generated_H3_512C_pruned50/672-122797-0014_generated.wav,2.555011,0.460166,0.457415,0.180103,0.179027,2.271161,0.920432,0.298431
H3_512C_pruned50_Mask_pruning,672-122797-0015.wav,generated_audios/generated_H3_512C_pruned50/672-122797-0015_generated.wav,4.455011,0.783692,0.78051,0.175913,0.175198,2.537508,0.913189,0.316477
H3_512C_pruned50_Mask_pruning,672-122797-0016.wav,generated_audios/generated_H3_512C_pruned50/672-122797-0016_generated.wav,9.215011,2.703048,2.698948,0.293331,0.292886,2.36217,0.901872,0.290859
H3_512C_pruned50_Mask_pruning,672-122797-0017.wav,generated_audios/generated_H3_512C_pruned50/672-122797-0017_generated.wav,4.82,1.37312,1.369441,0.28488,0.284116,2.406189,0.910219,0.307527
H3_512C_pruned50_Mask_pruning,672-122797-0018.wav,generated_audios/generated_H3_512C_pruned50/672-122797-0018_generated.wav,4.930023,1.419893,1.416319,0.288009,0.287284,2.66958,0.930766,0.279978
H3_512C_pruned50_Mask_pruning,672-122797-0019.wav,generated_audios/generated_H3_512C_pruned50/672-122797-0019_generated.wav,4.110023,1.164684,1.162323,0.283377,0.282802,2.871861,0.921788,0.283833
H3_512C_pruned50_Mask_pruning,672-122797-0020.wav,generated_audios/generated_H3_512C_pruned50/672-122797-0020_generated.wav,8.825034,2.595543,2.591753,0.294111,0.293682,2.454814,0.909106,0.27297
H3_512C_pruned50_Mask_pruning,672-122797-0021.wav,generated_audios/generated_H3_512C_pruned50/672-122797-0021_generated.wav,4.150023,0.741063,0.737438,0.178568,0.177695,2.610018,0.953611,0.267504
H3_512C_pruned50_Mask_pruning,672-122797-0022.wav,generated_audios/generated_H3_512C_pruned50/672-122797-0022_generated.wav,19.004943,8.152051,8.1475,0.428944,0.428704,2.602025,0.906138,0.268988
H3_512C_pruned50_Mask_pruning,672-122797-0023.wav,generated_audios/generated_H3_512C_pruned50/672-122797-0023_generated.wav,9.695102,2.866153,2.86136,0.295629,0.295135,2.601736,0.925809,0.268972
H3_512C_pruned50_Mask_pruning,672-122797-0024.wav,generated_audios/generated_H3_512C_pruned50/672-122797-0024_generated.wav,4.130023,1.204276,1.200614,0.291591,0.290704,2.382104,0.891104,0.263066
H3_512C_pruned50_Mask_pruning,672-122797-0025.wav,generated_audios/generated_H3_512C_pruned50/672-122797-0025_generated.wav,10.690023,3.162869,3.158735,0.295871,0.295484,2.684757,0.944549,0.273972
H3_512C_pruned50_Mask_pruning,672-122797-0026.wav,generated_audios/generated_H3_512C_pruned50/672-122797-0026_generated.wav,13.96,5.937703,5.933631,0.425337,0.425045,2.490261,0.924381,0.270667
H3_512C_pruned50_Mask_pruning,672-122797-0027.wav,generated_audios/generated_H3_512C_pruned50/672-122797-0027_generated.wav,4.790023,0.856432,0.852329,0.178795,0.177938,2.482903,0.899481,0.262648
H3_512C_pruned50_Mask_pruning,672-122797-0028.wav,generated_audios/generated_H3_512C_pruned50/672-122797-0028_generated.wav,2.610023,0.477761,0.474476,0.183048,0.18179,2.550573,0.936664,0.270991
H3_512C_pruned50_Mask_pruning,672-122797-0029.wav,generated_audios/generated_H3_512C_pruned50/672-122797-0029_generated.wav,3.050023,0.556143,0.552677,0.182341,0.181204,3.202418,0.960376,0.269827
H3_512C_pruned50_Mask_pruning,672-122797-0030.wav,generated_audios/generated_H3_512C_pruned50/672-122797-0030_generated.wav,4.575011,1.337807,1.334265,0.292416,0.291642,2.447116,0.936406,0.286069
H3_512C_pruned50_Mask_pruning,672-122797-0031.wav,generated_audios/generated_H3_512C_pruned50/672-122797-0031_generated.wav,3.98,0.725494,0.722115,0.182285,0.181436,3.057551,0.92073,0.282924
H3_512C_pruned50_Mask_pruning,672-122797-0032.wav,generated_audios/generated_H3_512C_pruned50/672-122797-0032_generated.wav,4.0,0.727886,0.7245,0.181972,0.181125,2.260706,0.914132,0.274833
H3_512C_pruned50_Mask_pruning,672-122797-0033.wav,generated_audios/generated_H3_512C_pruned50/672-122797-0033_generated.wav,1.285034,0.404134,0.400922,0.314492,0.311993,2.89802,0.895615,0.30306
H3_512C_pruned50_Mask_pruning,672-122797-0034.wav,generated_audios/generated_H3_512C_pruned50/672-122797-0034_generated.wav,5.110023,0.922432,0.918778,0.180514,0.179799,2.468222,0.946731,0.282096
H3_512C_pruned50_Mask_pruning,672-122797-0035.wav,generated_audios/generated_H3_512C_pruned50/672-122797-0035_generated.wav,2.9,0.532323,0.528907,0.18356,0.182382,1.901137,0.949968,0.284822
H3_512C_pruned50_Mask_pruning,672-122797-0036.wav,generated_audios/generated_H3_512C_pruned50/672-122797-0036_generated.wav,5.365034,0.971132,0.967524,0.181011,0.180339,2.25939,0.890342,0.306281
H3_512C_pruned50_Mask_pruning,672-122797-0037.wav,generated_audios/generated_H3_512C_pruned50/672-122797-0037_generated.wav,1.96,0.590767,0.556364,0.301412,0.283859,2.491164,0.899622,0.327958
H3_512C_pruned50_Mask_pruning,672-122797-0038.wav,generated_audios/generated_H3_512C_pruned50/672-122797-0038_generated.wav,8.8,2.629176,2.62502,0.29877,0.298298,2.573683,0.920005,0.271592
H3_512C_pruned50_Mask_pruning,672-122797-0039.wav,generated_audios/generated_H3_512C_pruned50/672-122797-0039_generated.wav,4.025034,1.190353,1.186946,0.295737,0.294891,2.471949,0.935229,0.28382
H3_512C_pruned50_Mask_pruning,672-122797-0040.wav,generated_audios/generated_H3_512C_pruned50/672-122797-0040_generated.wav,5.125034,1.015759,1.012096,0.198195,0.197481,2.413357,0.926273,0.271303
H3_512C_pruned50_Mask_pruning,672-122797-0041.wav,generated_audios/generated_H3_512C_pruned50/672-122797-0041_generated.wav,3.88,0.702335,0.698554,0.181014,0.18004,2.78535,0.934066,0.274118
H3_512C_pruned50_Mask_pruning,672-122797-0042.wav,generated_audios/generated_H3_512C_pruned50/672-122797-0042_generated.wav,15.310023,6.655427,6.650732,0.43471,0.434404,2.557169,0.840588,0.265929
H3_512C_pruned50_Mask_pruning,672-122797-0043.wav,generated_audios/generated_H3_512C_pruned50/672-122797-0043_generated.wav,3.78,0.675337,0.671722,0.178661,0.177704,2.891613,0.894115,0.29387
H3_512C_pruned50_Mask_pruning,672-122797-0044.wav,generated_audios/generated_H3_512C_pruned50/672-122797-0044_generated.wav,3.74,0.664101,0.660617,0.177567,0.176635,2.679204,0.911233,0.273746
H3_512C_pruned50_Mask_pruning,672-122797-0045.wav,generated_audios/generated_H3_512C_pruned50/672-122797-0045_generated.wav,13.96,4.333678,4.329104,0.310435,0.310108,2.637549,0.951108,0.268241
H3_512C_pruned50_Mask_pruning,672-122797-0046.wav,generated_audios/generated_H3_512C_pruned50/672-122797-0046_generated.wav,4.715011,1.369397,1.365674,0.290433,0.289644,2.610709,0.927245,0.28695
H3_512C_pruned50_Mask_pruning,672-122797-0047.wav,generated_audios/generated_H3_512C_pruned50/672-122797-0047_generated.wav,3.325034,0.991979,0.988551,0.298336,0.297306,2.581656,0.911343,0.311551
H3_512C_pruned50_Mask_pruning,672-122797-0048.wav,generated_audios/generated_H3_512C_pruned50/672-122797-0048_generated.wav,6.555011,1.190125,1.187815,0.18156,0.181207,1.611032,0.868604,0.273695
H3_512C_pruned50_Mask_pruning,672-122797-0049.wav,generated_audios/generated_H3_512C_pruned50/672-122797-0049_generated.wav,2.02,0.382098,0.378774,0.189157,0.187512,2.553034,0.881562,0.283661
H3_512C_pruned50_Mask_pruning,672-122797-0050.wav,generated_audios/generated_H3_512C_pruned50/672-122797-0050_generated.wav,4.855011,1.435872,1.432273,0.29575,0.295009,2.40906,0.92798,0.267395
H3_512C_pruned50_Mask_pruning,672-122797-0051.wav,generated_audios/generated_H3_512C_pruned50/672-122797-0051_generated.wav,4.665034,1.37913,1.375668,0.295631,0.294889,2.562118,0.918373,0.284994
H3_512C_pruned50_Mask_pruning,672-122797-0052.wav,generated_audios/generated_H3_512C_pruned50/672-122797-0052_generated.wav,4.285034,1.210372,1.206841,0.282465,0.281641,2.543692,0.926691,0.289005
H3_512C_pruned50_Mask_pruning,672-122797-0053.wav,generated_audios/generated_H3_512C_pruned50/672-122797-0053_generated.wav,2.955011,0.548583,0.545171,0.185645,0.18449,2.738128,0.920266,0.265476
H3_512C_pruned50_Mask_pruning,672-122797-0054.wav,generated_audios/generated_H3_512C_pruned50/672-122797-0054_generated.wav,4.250023,0.75936,0.755785,0.178672,0.177831,2.70069,0.897962,0.275503
H3_512C_pruned50_Mask_pruning,672-122797-0055.wav,generated_audios/generated_H3_512C_pruned50/672-122797-0055_generated.wav,8.230023,2.41816,2.414353,0.293822,0.293359,2.652641,0.906382,0.267924
H3_512C_pruned50_Mask_pruning,672-122797-0056.wav,generated_audios/generated_H3_512C_pruned50/672-122797-0056_generated.wav,5.225034,0.940573,0.937083,0.180013,0.179345,2.398209,0.935865,0.270295
H3_512C_pruned50_Mask_pruning,672-122797-0057.wav,generated_audios/generated_H3_512C_pruned50/672-122797-0057_generated.wav,6.56,1.190314,1.186842,0.18145,0.180921,2.657693,0.892247,0.28528
H3_512C_pruned50_Mask_pruning,672-122797-0058.wav,generated_audios/generated_H3_512C_pruned50/672-122797-0058_generated.wav,4.470023,1.318955,1.315424,0.295067,0.294277,2.736248,0.887543,0.289405
H3_512C_pruned50_Mask_pruning,672-122797-0059.wav,generated_audios/generated_H3_512C_pruned50/672-122797-0059_generated.wav,3.52,1.011957,1.008596,0.287488,0.286533,2.66002,0.926078,0.273416
H3_512C_pruned50_Mask_pruning,672-122797-0060.wav,generated_audios/generated_H3_512C_pruned50/672-122797-0060_generated.wav,3.350023,0.597207,0.594047,0.178269,0.177326,2.829411,0.961628,0.276362
H3_512C_pruned50_Mask_pruning,672-122797-0061.wav,generated_audios/generated_H3_512C_pruned50/672-122797-0061_generated.wav,7.590023,2.211008,2.206971,0.291304,0.290773,3.064443,0.934314,0.290544
H3_512C_pruned50_Mask_pruning,672-122797-0062.wav,generated_audios/generated_H3_512C_pruned50/672-122797-0062_generated.wav,2.675011,0.796537,0.793173,0.29777,0.296512,2.587839,0.855721,0.273266
H3_512C_pruned50_Mask_pruning,672-122797-0063.wav,generated_audios/generated_H3_512C_pruned50/672-122797-0063_generated.wav,5.075011,0.902695,0.899024,0.17787,0.177147,2.871992,0.94168,0.273938
H3_512C_pruned50_Mask_pruning,672-122797-0064.wav,generated_audios/generated_H3_512C_pruned50/672-122797-0064_generated.wav,15.270023,6.405748,6.401303,0.419498,0.419207,2.644623,0.906549,0.276181
H3_512C_pruned50_Mask_pruning,672-122797-0065.wav,generated_audios/generated_H3_512C_pruned50/672-122797-0065_generated.wav,3.030023,0.552652,0.548886,0.182392,0.181149,2.305872,0.910931,0.273289
H3_512C_pruned50_Mask_pruning,672-122797-0066.wav,generated_audios/generated_H3_512C_pruned50/672-122797-0066_generated.wav,4.815011,0.858863,0.855269,0.178372,0.177626,2.86673,0.96129,0.272328
H3_512C_pruned50_Mask_pruning,672-122797-0067.wav,generated_audios/generated_H3_512C_pruned50/672-122797-0067_generated.wav,13.035011,4.983471,4.979183,0.382314,0.381985,2.665764,0.948389,0.27008
H3_512C_pruned50_Mask_pruning,672-122797-0068.wav,generated_audios/generated_H3_512C_pruned50/672-122797-0068_generated.wav,4.02,0.724756,0.721369,0.180287,0.179445,2.38671,0.910914,0.268671
H3_512C_pruned50_Mask_pruning,672-122797-0069.wav,generated_audios/generated_H3_512C_pruned50/672-122797-0069_generated.wav,5.010023,1.470723,1.467012,0.293556,0.292815,2.75966,0.885555,0.267251
H3_512C_pruned50_Mask_pruning,672-122797-0070.wav,generated_audios/generated_H3_512C_pruned50/672-122797-0070_generated.wav,6.270023,1.821988,1.818083,0.290587,0.289964,2.573138,0.955777,0.26991
H3_512C_pruned50_Mask_pruning,672-122797-0071.wav,generated_audios/generated_H3_512C_pruned50/672-122797-0071_generated.wav,8.875011,2.63299,2.628868,0.296675,0.29621,3.030571,0.960456,0.264919
H3_512C_pruned50_Mask_pruning,672-122797-0072.wav,generated_audios/generated_H3_512C_pruned50/672-122797-0072_generated.wav,7.94,2.339544,2.335429,0.294653,0.294135,2.769471,0.918557,0.275623
H3_512C_pruned50_Mask_pruning,672-122797-0073.wav,generated_audios/generated_H3_512C_pruned50/672-122797-0073_generated.wav,8.205034,2.40954,2.405516,0.293666,0.293176,2.724327,0.938522,0.271882
H3_512C_pruned50_Mask_pruning,672-122797-0074.wav,generated_audios/generated_H3_512C_pruned50/672-122797-0074_generated.wav,8.730023,2.554815,2.550809,0.292647,0.292188,2.920221,0.837447,0.270467
H3_512C_pruned50_Mask_pruning,908-157963-0000.wav,generated_audios/generated_H3_512C_pruned50/908-157963-0000_generated.wav,12.62,4.21044,4.206267,0.333632,0.333302,2.466092,0.935318,0.283866
H3_512C_pruned50_Mask_pruning,908-157963-0001.wav,generated_audios/generated_H3_512C_pruned50/908-157963-0001_generated.wav,2.885034,0.884005,0.880535,0.306411,0.305208,2.659454,0.957226,0.283412
H3_512C_pruned50_Mask_pruning,908-157963-0002.wav,generated_audios/generated_H3_512C_pruned50/908-157963-0002_generated.wav,2.755011,0.796658,0.793178,0.289167,0.287904,2.597235,0.953487,0.28174
H3_512C_pruned50_Mask_pruning,908-157963-0003.wav,generated_audios/generated_H3_512C_pruned50/908-157963-0003_generated.wav,3.08,0.919347,0.915905,0.298489,0.297372,2.719602,0.954119,0.286359
H3_512C_pruned50_Mask_pruning,908-157963-0004.wav,generated_audios/generated_H3_512C_pruned50/908-157963-0004_generated.wav,13.990023,5.807126,5.802325,0.415091,0.414747,2.514839,0.93319,0.277581
H3_512C_pruned50_Mask_pruning,908-157963-0005.wav,generated_audios/generated_H3_512C_pruned50/908-157963-0005_generated.wav,7.035011,2.055414,2.051524,0.292169,0.291616,2.501184,0.934255,0.27978
H3_512C_pruned50_Mask_pruning,908-157963-0006.wav,generated_audios/generated_H3_512C_pruned50/908-157963-0006_generated.wav,8.110023,2.404442,2.400351,0.296478,0.295973,2.334348,0.938789,0.284231
H3_512C_pruned50_Mask_pruning,908-157963-0007.wav,generated_audios/generated_H3_512C_pruned50/908-157963-0007_generated.wav,32.770023,13.90817,13.901323,0.424417,0.424209,2.413219,0.938589,0.280609
H3_512C_pruned50_Mask_pruning,908-157963-0008.wav,generated_audios/generated_H3_512C_pruned50/908-157963-0008_generated.wav,19.950023,8.39016,8.385083,0.420559,0.420304,2.589662,0.942617,0.278286
H3_512C_pruned50_Mask_pruning,908-157963-0009.wav,generated_audios/generated_H3_512C_pruned50/908-157963-0009_generated.wav,4.06,1.181156,1.177532,0.290925,0.290033,2.641534,0.951697,0.273707
H3_512C_pruned50_Mask_pruning,908-157963-0010.wav,generated_audios/generated_H3_512C_pruned50/908-157963-0010_generated.wav,6.28,1.138704,1.13501,0.181322,0.180734,2.599135,0.901081,0.275932
H3_512C_pruned50_Mask_pruning,908-157963-0011.wav,generated_audios/generated_H3_512C_pruned50/908-157963-0011_generated.wav,10.395011,1.89219,1.888067,0.182029,0.181632,2.356185,0.935188,0.282789
H3_512C_pruned50_Mask_pruning,908-157963-0012.wav,generated_audios/generated_H3_512C_pruned50/908-157963-0012_generated.wav,10.090023,2.965042,2.961142,0.293859,0.293472,2.289897,0.90935,0.27425
H3_512C_pruned50_Mask_pruning,908-157963-0013.wav,generated_audios/generated_H3_512C_pruned50/908-157963-0013_generated.wav,4.315011,0.777749,0.774586,0.180243,0.17951,2.277782,0.951925,0.286798
H3_512C_pruned50_Mask_pruning,908-157963-0014.wav,generated_audios/generated_H3_512C_pruned50/908-157963-0014_generated.wav,4.52,0.809086,0.805643,0.179001,0.17824,2.40986,0.935899,0.279762
H3_512C_pruned50_Mask_pruning,908-157963-0015.wav,generated_audios/generated_H3_512C_pruned50/908-157963-0015_generated.wav,14.465034,5.945134,5.940856,0.411,0.410705,2.68697,0.951868,0.278426
H3_512C_pruned50_Mask_pruning,908-157963-0016.wav,generated_audios/generated_H3_512C_pruned50/908-157963-0016_generated.wav,5.105034,0.917625,0.914114,0.179749,0.179061,2.629605,0.958382,0.27542
H3_512C_pruned50_Mask_pruning,908-157963-0017.wav,generated_audios/generated_H3_512C_pruned50/908-157963-0017_generated.wav,4.950023,1.417383,1.413785,0.286339,0.285612,3.096551,0.95253,0.282377
H3_512C_pruned50_Mask_pruning,908-157963-0018.wav,generated_audios/generated_H3_512C_pruned50/908-157963-0018_generated.wav,4.255011,0.757973,0.754367,0.178137,0.177289,2.400071,0.938016,0.279133
H3_512C_pruned50_Mask_pruning,908-157963-0019.wav,generated_audios/generated_H3_512C_pruned50/908-157963-0019_generated.wav,21.44,8.877199,8.872414,0.414048,0.413825,2.323649,0.942553,0.283348
H3_512C_pruned50_Mask_pruning,908-157963-0020.wav,generated_audios/generated_H3_512C_pruned50/908-157963-0020_generated.wav,9.8,2.913451,2.90992,0.297291,0.296931,2.565351,0.94718,0.278623
H3_512C_pruned50_Mask_pruning,908-157963-0021.wav,generated_audios/generated_H3_512C_pruned50/908-157963-0021_generated.wav,10.24,1.923057,1.91913,0.187799,0.187415,2.427854,0.942035,0.277357
H3_512C_pruned50_Mask_pruning,908-157963-0022.wav,generated_audios/generated_H3_512C_pruned50/908-157963-0022_generated.wav,4.610023,1.373236,1.369556,0.297881,0.297082,2.488889,0.945303,0.276565
H3_512C_pruned50_Mask_pruning,908-157963-0023.wav,generated_audios/generated_H3_512C_pruned50/908-157963-0023_generated.wav,9.625034,3.046843,3.042672,0.316554,0.316121,2.562689,0.924008,0.276679
H3_512C_pruned50_Mask_pruning,908-157963-0024.wav,generated_audios/generated_H3_512C_pruned50/908-157963-0024_generated.wav,3.44,0.993237,0.989658,0.288732,0.287691,2.451535,0.941536,0.281488
H3_512C_pruned50_Mask_pruning,908-157963-0025.wav,generated_audios/generated_H3_512C_pruned50/908-157963-0025_generated.wav,9.265034,2.712201,2.708263,0.292735,0.29231,2.496939,0.933755,0.277868
H3_512C_pruned50_Mask_pruning,908-157963-0026.wav,generated_audios/generated_H3_512C_pruned50/908-157963-0026_generated.wav,8.1,2.385393,2.381352,0.294493,0.293994,2.528483,0.938786,0.273815
H3_512C_pruned50_Mask_pruning,908-157963-0027.wav,generated_audios/generated_H3_512C_pruned50/908-157963-0027_generated.wav,5.225034,0.939572,0.935869,0.179821,0.179112,2.583779,0.906454,0.280917
H3_512C_pruned50_Mask_pruning,908-157963-0028.wav,generated_audios/generated_H3_512C_pruned50/908-157963-0028_generated.wav,4.955011,0.856626,0.852912,0.172881,0.172131,2.526913,0.953047,0.276843
H3_512C_pruned50_Mask_pruning,908-157963-0029.wav,generated_audios/generated_H3_512C_pruned50/908-157963-0029_generated.wav,3.630023,1.034186,1.030909,0.284898,0.283995,2.376627,0.964782,0.276768
H3_512C_pruned50_Mask_pruning,908-157963-0030.wav,generated_audios/generated_H3_512C_pruned50/908-157963-0030_generated.wav,4.52,0.808322,0.804893,0.178832,0.178074,2.423423,0.956642,0.284144
H3_512C_pruned50_Mask_pruning,908-31957-0000.wav,generated_audios/generated_H3_512C_pruned50/908-31957-0000_generated.wav,2.125034,0.608796,0.605673,0.286488,0.285018,3.038053,0.938914,0.284045
H3_512C_pruned50_Mask_pruning,908-31957-0001.wav,generated_audios/generated_H3_512C_pruned50/908-31957-0001_generated.wav,11.315011,3.357523,3.353221,0.296732,0.296352,2.382531,0.940588,0.285984
H3_512C_pruned50_Mask_pruning,908-31957-0002.wav,generated_audios/generated_H3_512C_pruned50/908-31957-0002_generated.wav,4.790023,0.863539,0.859871,0.180279,0.179513,2.168233,0.930973,0.284755
H3_512C_pruned50_Mask_pruning,908-31957-0003.wav,generated_audios/generated_H3_512C_pruned50/908-31957-0003_generated.wav,6.565034,1.195662,1.191937,0.182126,0.181558,2.352612,0.949445,0.285251
H3_512C_pruned50_Mask_pruning,908-31957-0004.wav,generated_audios/generated_H3_512C_pruned50/908-31957-0004_generated.wav,14.755011,5.558409,5.554241,0.376713,0.376431,2.531907,0.947559,0.286937
H3_512C_pruned50_Mask_pruning,908-31957-0005.wav,generated_audios/generated_H3_512C_pruned50/908-31957-0005_generated.wav,4.490023,0.807977,0.804567,0.179949,0.17919,2.810423,0.952281,0.286539
H3_512C_pruned50_Mask_pruning,908-31957-0006.wav,generated_audios/generated_H3_512C_pruned50/908-31957-0006_generated.wav,5.890023,1.706284,1.702588,0.289691,0.289063,2.604921,0.943012,0.281028
H3_512C_pruned50_Mask_pruning,908-31957-0007.wav,generated_audios/generated_H3_512C_pruned50/908-31957-0007_generated.wav,5.8,1.053842,1.050326,0.181697,0.181091,2.599751,0.954688,0.288694
H3_512C_pruned50_Mask_pruning,908-31957-0008.wav,generated_audios/generated_H3_512C_pruned50/908-31957-0008_generated.wav,10.005034,3.100008,3.095924,0.309845,0.309437,2.391935,0.941348,0.287342
H3_512C_pruned50_Mask_pruning,908-31957-0009.wav,generated_audios/generated_H3_512C_pruned50/908-31957-0009_generated.wav,7.705034,2.260825,2.257011,0.293422,0.292927,2.259585,0.939062,0.291234
H3_512C_pruned50_Mask_pruning,908-31957-0010.wav,generated_audios/generated_H3_512C_pruned50/908-31957-0010_generated.wav,2.510023,0.913344,0.838342,0.363879,0.333998,2.451957,0.886511,0.271353
H3_512C_pruned50_Mask_pruning,908-31957-0011.wav,generated_audios/generated_H3_512C_pruned50/908-31957-0011_generated.wav,2.335011,0.438607,0.435353,0.18784,0.186446,2.696066,0.925819,0.278248
H3_512C_pruned50_Mask_pruning,908-31957-0012.wav,generated_audios/generated_H3_512C_pruned50/908-31957-0012_generated.wav,7.615011,2.304215,2.300349,0.302589,0.302081,2.491699,0.948109,0.284742
H3_512C_pruned50_Mask_pruning,908-31957-0013.wav,generated_audios/generated_H3_512C_pruned50/908-31957-0013_generated.wav,6.18,1.833369,1.829621,0.296662,0.296055,2.574379,0.938743,0.28551
H3_512C_pruned50_Mask_pruning,908-31957-0014.wav,generated_audios/generated_H3_512C_pruned50/908-31957-0014_generated.wav,7.56,2.224199,2.220492,0.294206,0.293716,2.479397,0.9365,0.28012
H3_512C_pruned50_Mask_pruning,908-31957-0015.wav,generated_audios/generated_H3_512C_pruned50/908-31957-0015_generated.wav,21.465034,9.393977,9.389147,0.437641,0.437416,2.408086,0.94061,0.281338
H3_512C_pruned50_Mask_pruning,908-31957-0016.wav,generated_audios/generated_H3_512C_pruned50/908-31957-0016_generated.wav,6.48,1.964531,1.960782,0.303168,0.30259,2.807609,0.948392,0.276388
H3_512C_pruned50_Mask_pruning,908-31957-0017.wav,generated_audios/generated_H3_512C_pruned50/908-31957-0017_generated.wav,7.795011,2.380624,2.376903,0.305404,0.304926,2.48914,0.949892,0.278658
H3_512C_pruned50_Mask_pruning,908-31957-0018.wav,generated_audios/generated_H3_512C_pruned50/908-31957-0018_generated.wav,3.915011,1.137493,1.134169,0.290546,0.289697,2.385845,0.936756,0.285076
H3_512C_pruned50_Mask_pruning,908-31957-0019.wav,generated_audios/generated_H3_512C_pruned50/908-31957-0019_generated.wav,9.54,3.059496,3.055559,0.320702,0.320289,2.635261,0.952833,0.28208
H3_512C_pruned50_Mask_pruning,908-31957-0020.wav,generated_audios/generated_H3_512C_pruned50/908-31957-0020_generated.wav,5.895011,1.064492,1.060837,0.180575,0.179955,2.625633,0.942356,0.284469
H3_512C_pruned50_Mask_pruning,908-31957-0021.wav,generated_audios/generated_H3_512C_pruned50/908-31957-0021_generated.wav,10.905034,3.446589,3.44357,0.316055,0.315778,2.422762,0.941886,0.281282
H3_512C_pruned50_Mask_pruning,908-31957-0022.wav,generated_audios/generated_H3_512C_pruned50/908-31957-0022_generated.wav,14.1,6.034689,6.029939,0.427992,0.427655,2.380236,0.941264,0.281459
H3_512C_pruned50_Mask_pruning,908-31957-0023.wav,generated_audios/generated_H3_512C_pruned50/908-31957-0023_generated.wav,8.515011,2.716479,2.711974,0.319022,0.318493,2.51455,0.95076,0.280925
H3_512C_pruned50_Mask_pruning,908-31957-0024.wav,generated_audios/generated_H3_512C_pruned50/908-31957-0024_generated.wav,7.54,2.295201,2.291748,0.304403,0.303945,2.662715,0.946471,0.281106
H3_512C_pruned50_Mask_pruning,908-31957-0025.wav,generated_audios/generated_H3_512C_pruned50/908-31957-0025_generated.wav,20.56,8.737329,8.731646,0.424967,0.424691,2.717174,0.944033,0.276843
H3_512C_pruned70_Mask_pruning,1089-134686-0000.wav,generated_audios/generated_H3_512C_pruned70/1089-134686-0000_generated.wav,10.435011,3.280973,3.275226,0.31442,0.313869,2.707647,0.958058,0.302236
H3_512C_pruned70_Mask_pruning,1089-134686-0001.wav,generated_audios/generated_H3_512C_pruned70/1089-134686-0001_generated.wav,3.275011,0.887985,0.88366,0.27114,0.269819,2.150651,0.939906,0.296662
H3_512C_pruned70_Mask_pruning,1089-134686-0002.wav,generated_audios/generated_H3_512C_pruned70/1089-134686-0002_generated.wav,6.625034,1.87524,1.871634,0.283054,0.282509,2.603084,0.944843,0.288295
H3_512C_pruned70_Mask_pruning,1089-134686-0003.wav,generated_audios/generated_H3_512C_pruned70/1089-134686-0003_generated.wav,2.68,0.762006,0.758375,0.284331,0.282976,2.803792,0.955124,0.321162
H3_512C_pruned70_Mask_pruning,1089-134686-0004.wav,generated_audios/generated_H3_512C_pruned70/1089-134686-0004_generated.wav,5.215102,1.452037,1.448721,0.278429,0.277793,2.789174,0.959098,0.302062
H3_512C_pruned70_Mask_pruning,1089-134686-0005.wav,generated_audios/generated_H3_512C_pruned70/1089-134686-0005_generated.wav,9.635011,2.817943,2.813065,0.292469,0.291963,2.375319,0.935388,0.303147
H3_512C_pruned70_Mask_pruning,1089-134686-0006.wav,generated_audios/generated_H3_512C_pruned70/1089-134686-0006_generated.wav,10.555011,3.213783,3.209799,0.304479,0.304102,2.575032,0.943343,0.296251
H3_512C_pruned70_Mask_pruning,1089-134686-0007.wav,generated_audios/generated_H3_512C_pruned70/1089-134686-0007_generated.wav,4.275011,1.191629,1.187894,0.278743,0.277869,2.397775,0.955105,0.304336
H3_512C_pruned70_Mask_pruning,1089-134686-0008.wav,generated_audios/generated_H3_512C_pruned70/1089-134686-0008_generated.wav,6.730023,1.855106,1.851791,0.275646,0.275154,2.794853,0.951991,0.298434
H3_512C_pruned70_Mask_pruning,1089-134686-0009.wav,generated_audios/generated_H3_512C_pruned70/1089-134686-0009_generated.wav,10.575011,3.318056,3.31347,0.313764,0.31333,2.633096,0.961794,0.3023
H3_512C_pruned70_Mask_pruning,1089-134686-0010.wav,generated_audios/generated_H3_512C_pruned70/1089-134686-0010_generated.wav,4.405034,1.219426,1.215925,0.276825,0.276031,2.669924,0.956554,0.293354
H3_512C_pruned70_Mask_pruning,1089-134686-0011.wav,generated_audios/generated_H3_512C_pruned70/1089-134686-0011_generated.wav,12.445034,4.440247,4.435759,0.356789,0.356428,2.582688,0.950482,0.293641
H3_512C_pruned70_Mask_pruning,1089-134686-0012.wav,generated_audios/generated_H3_512C_pruned70/1089-134686-0012_generated.wav,11.64,3.70366,3.699982,0.318184,0.317868,2.671359,0.9543,0.302237
H3_512C_pruned70_Mask_pruning,1089-134686-0013.wav,generated_audios/generated_H3_512C_pruned70/1089-134686-0013_generated.wav,7.915011,2.171459,2.168042,0.274347,0.273915,2.528262,0.952407,0.301884
H3_512C_pruned70_Mask_pruning,1089-134686-0014.wav,generated_audios/generated_H3_512C_pruned70/1089-134686-0014_generated.wav,2.225034,0.64578,0.642497,0.290234,0.288758,2.048355,0.958017,0.302748
H3_512C_pruned70_Mask_pruning,1089-134686-0015.wav,generated_audios/generated_H3_512C_pruned70/1089-134686-0015_generated.wav,5.815011,1.624167,1.620743,0.279306,0.278717,2.756282,0.9551,0.294061
H3_512C_pruned70_Mask_pruning,1089-134686-0016.wav,generated_audios/generated_H3_512C_pruned70/1089-134686-0016_generated.wav,3.54,0.993062,0.989594,0.280526,0.279546,2.615259,0.951269,0.298185
H3_512C_pruned70_Mask_pruning,1089-134686-0017.wav,generated_audios/generated_H3_512C_pruned70/1089-134686-0017_generated.wav,8.870023,2.627196,2.624755,0.296188,0.295913,2.621038,0.955642,0.297088
H3_512C_pruned70_Mask_pruning,1089-134686-0018.wav,generated_audios/generated_H3_512C_pruned70/1089-134686-0018_generated.wav,15.72,6.283876,6.279417,0.399738,0.399454,2.560476,0.951176,0.30416
H3_512C_pruned70_Mask_pruning,1089-134686-0019.wav,generated_audios/generated_H3_512C_pruned70/1089-134686-0019_generated.wav,13.895011,5.743643,5.739381,0.41336,0.413053,2.512896,0.956589,0.299509
H3_512C_pruned70_Mask_pruning,1089-134686-0020.wav,generated_audios/generated_H3_512C_pruned70/1089-134686-0020_generated.wav,16.790023,6.935382,6.929791,0.413066,0.412733,2.347184,0.947771,0.304099
H3_512C_pruned70_Mask_pruning,1089-134686-0021.wav,generated_audios/generated_H3_512C_pruned70/1089-134686-0021_generated.wav,6.550023,1.85604,1.852617,0.283364,0.282841,2.460204,0.950484,0.301752
H3_512C_pruned70_Mask_pruning,1089-134686-0022.wav,generated_audios/generated_H3_512C_pruned70/1089-134686-0022_generated.wav,11.175011,3.393655,3.389232,0.303683,0.303287,2.747575,0.953983,0.297858
H3_512C_pruned70_Mask_pruning,1089-134686-0023.wav,generated_audios/generated_H3_512C_pruned70/1089-134686-0023_generated.wav,13.275011,5.34427,5.340118,0.402581,0.402268,2.491098,0.951347,0.29826
H3_512C_pruned70_Mask_pruning,1089-134686-0024.wav,generated_audios/generated_H3_512C_pruned70/1089-134686-0024_generated.wav,11.655011,3.548308,3.543825,0.304445,0.30406,2.24294,0.953047,0.3006
H3_512C_pruned70_Mask_pruning,1089-134686-0025.wav,generated_audios/generated_H3_512C_pruned70/1089-134686-0025_generated.wav,6.610023,1.887245,1.884058,0.285513,0.28503,2.189863,0.956615,0.302054
H3_512C_pruned70_Mask_pruning,1089-134686-0026.wav,generated_audios/generated_H3_512C_pruned70/1089-134686-0026_generated.wav,4.010023,1.077334,1.07406,0.26866,0.267844,2.550696,0.948034,0.298873
H3_512C_pruned70_Mask_pruning,1089-134686-0027.wav,generated_audios/generated_H3_512C_pruned70/1089-134686-0027_generated.wav,2.710023,0.756909,0.753897,0.2793,0.278188,2.280081,0.961415,0.290425
H3_512C_pruned70_Mask_pruning,1089-134686-0028.wav,generated_audios/generated_H3_512C_pruned70/1089-134686-0028_generated.wav,7.830023,2.299362,2.295515,0.29366,0.293168,2.63378,0.949503,0.305683
H3_512C_pruned70_Mask_pruning,1089-134686-0029.wav,generated_audios/generated_H3_512C_pruned70/1089-134686-0029_generated.wav,4.670023,1.243543,1.240443,0.266282,0.265618,2.535581,0.938716,0.313272
H3_512C_pruned70_Mask_pruning,1089-134686-0030.wav,generated_audios/generated_H3_512C_pruned70/1089-134686-0030_generated.wav,2.715011,0.471348,0.468359,0.173608,0.172507,2.362974,0.941029,0.318609
H3_512C_pruned70_Mask_pruning,1089-134686-0031.wav,generated_audios/generated_H3_512C_pruned70/1089-134686-0031_generated.wav,6.615011,1.19016,1.186283,0.179918,0.179332,2.578341,0.948714,0.294051
H3_512C_pruned70_Mask_pruning,121-121726-0000.wav,generated_audios/generated_H3_512C_pruned70/121-121726-0000_generated.wav,8.46,2.612784,2.609185,0.30884,0.308414,2.621603,0.952362,0.315344
H3_512C_pruned70_Mask_pruning,121-121726-0001.wav,generated_audios/generated_H3_512C_pruned70/121-121726-0001_generated.wav,5.925034,1.677097,1.673419,0.283053,0.282432,2.969574,0.945925,0.266503
H3_512C_pruned70_Mask_pruning,121-121726-0002.wav,generated_audios/generated_H3_512C_pruned70/121-121726-0002_generated.wav,4.410023,0.777717,0.774701,0.176352,0.175668,3.253848,0.94348,0.298634
H3_512C_pruned70_Mask_pruning,121-121726-0003.wav,generated_audios/generated_H3_512C_pruned70/121-121726-0003_generated.wav,6.755011,1.937088,1.93341,0.286763,0.286219,3.067884,0.952386,0.283279
H3_512C_pruned70_Mask_pruning,121-121726-0004.wav,generated_audios/generated_H3_512C_pruned70/121-121726-0004_generated.wav,4.02,1.167515,1.164128,0.290427,0.289584,2.757067,0.957906,0.274304
H3_512C_pruned70_Mask_pruning,121-121726-0005.wav,generated_audios/generated_H3_512C_pruned70/121-121726-0005_generated.wav,3.1,0.846204,0.843159,0.272969,0.271987,3.259679,0.958579,0.222819
H3_512C_pruned70_Mask_pruning,121-121726-0006.wav,generated_audios/generated_H3_512C_pruned70/121-121726-0006_generated.wav,3.895011,1.132691,1.129293,0.290806,0.289933,2.992229,0.944635,0.274378
H3_512C_pruned70_Mask_pruning,121-121726-0007.wav,generated_audios/generated_H3_512C_pruned70/121-121726-0007_generated.wav,6.730023,1.282066,1.278406,0.1905,0.189956,2.924925,0.96345,0.279438
H3_512C_pruned70_Mask_pruning,121-121726-0008.wav,generated_audios/generated_H3_512C_pruned70/121-121726-0008_generated.wav,4.990023,1.416435,1.412994,0.283853,0.283164,3.032885,0.964192,0.256809
H3_512C_pruned70_Mask_pruning,121-121726-0009.wav,generated_audios/generated_H3_512C_pruned70/121-121726-0009_generated.wav,7.26,2.172015,2.168387,0.299176,0.298676,3.142006,0.959843,0.279343
H3_512C_pruned70_Mask_pruning,121-121726-0010.wav,generated_audios/generated_H3_512C_pruned70/121-121726-0010_generated.wav,9.810023,3.281675,3.277532,0.334523,0.3341,2.896533,0.951304,0.289445
H3_512C_pruned70_Mask_pruning,121-121726-0011.wav,generated_audios/generated_H3_512C_pruned70/121-121726-0011_generated.wav,4.035011,1.117725,1.114184,0.277007,0.276129,3.008772,0.955783,0.266271
H3_512C_pruned70_Mask_pruning,121-121726-0012.wav,generated_audios/generated_H3_512C_pruned70/121-121726-0012_generated.wav,4.045034,1.088955,1.085553,0.269208,0.268367,3.000715,0.953308,0.319191
H3_512C_pruned70_Mask_pruning,121-121726-0013.wav,generated_audios/generated_H3_512C_pruned70/121-121726-0013_generated.wav,2.490023,0.718498,0.715279,0.288551,0.287258,2.70166,0.960612,0.294475
H3_512C_pruned70_Mask_pruning,121-121726-0014.wav,generated_audios/generated_H3_512C_pruned70/121-121726-0014_generated.wav,3.165034,0.879728,0.876392,0.277952,0.276898,3.513918,0.963967,0.262436
H3_512C_pruned70_Mask_pruning,121-123852-0000.wav,generated_audios/generated_H3_512C_pruned70/121-123852-0000_generated.wav,17.695011,7.308863,7.304286,0.413047,0.412788,2.86719,0.957465,0.304311
H3_512C_pruned70_Mask_pruning,121-123852-0001.wav,generated_audios/generated_H3_512C_pruned70/121-123852-0001_generated.wav,1.870023,0.539969,0.536607,0.28875,0.286952,2.758986,0.898439,0.272253
H3_512C_pruned70_Mask_pruning,121-123852-0002.wav,generated_audios/generated_H3_512C_pruned70/121-123852-0002_generated.wav,17.285034,7.157348,7.152712,0.414078,0.41381,3.000864,0.953527,0.335939
H3_512C_pruned70_Mask_pruning,121-123852-0003.wav,generated_audios/generated_H3_512C_pruned70/121-123852-0003_generated.wav,23.505034,10.047181,10.041448,0.427448,0.427204,2.794859,0.952804,0.327786
H3_512C_pruned70_Mask_pruning,121-123852-0004.wav,generated_audios/generated_H3_512C_pruned70/121-123852-0004_generated.wav,16.290023,6.781396,6.777397,0.416291,0.416046,2.851073,0.955687,0.331367
H3_512C_pruned70_Mask_pruning,121-123859-0000.wav,generated_audios/generated_H3_512C_pruned70/121-123859-0000_generated.wav,17.390023,7.245032,7.240215,0.41662,0.416343,2.463933,0.946303,0.332453
H3_512C_pruned70_Mask_pruning,121-123859-0001.wav,generated_audios/generated_H3_512C_pruned70/121-123859-0001_generated.wav,25.395011,10.849409,10.842933,0.427226,0.426971,2.739225,0.955636,0.337418
H3_512C_pruned70_Mask_pruning,121-123859-0002.wav,generated_audios/generated_H3_512C_pruned70/121-123859-0002_generated.wav,30.04,12.286632,12.280287,0.409009,0.408798,2.789456,0.947885,0.333434
H3_512C_pruned70_Mask_pruning,121-123859-0003.wav,generated_audios/generated_H3_512C_pruned70/121-123859-0003_generated.wav,10.825034,3.266435,3.262412,0.301748,0.301377,2.830896,0.9552,0.308191
H3_512C_pruned70_Mask_pruning,121-123859-0004.wav,generated_audios/generated_H3_512C_pruned70/121-123859-0004_generated.wav,9.505034,2.957781,2.953651,0.31118,0.310746,2.605371,0.947113,0.329152
H3_512C_pruned70_Mask_pruning,121-127105-0000.wav,generated_audios/generated_H3_512C_pruned70/121-127105-0000_generated.wav,9.875011,3.119597,3.11539,0.315908,0.315482,2.270988,0.931511,0.31648
H3_512C_pruned70_Mask_pruning,121-127105-0001.wav,generated_audios/generated_H3_512C_pruned70/121-127105-0001_generated.wav,5.025034,1.437936,1.434406,0.286155,0.285452,2.498235,0.938274,0.336191
H3_512C_pruned70_Mask_pruning,121-127105-0002.wav,generated_audios/generated_H3_512C_pruned70/121-127105-0002_generated.wav,7.495011,2.213667,2.210075,0.295352,0.294873,2.606757,0.943353,0.336579
H3_512C_pruned70_Mask_pruning,121-127105-0003.wav,generated_audios/generated_H3_512C_pruned70/121-127105-0003_generated.wav,7.725034,2.237494,2.233423,0.289642,0.289115,2.858648,0.945865,0.315937
H3_512C_pruned70_Mask_pruning,121-127105-0004.wav,generated_audios/generated_H3_512C_pruned70/121-127105-0004_generated.wav,2.110023,0.615651,0.612449,0.291775,0.290257,1.601074,0.942633,0.275791
H3_512C_pruned70_Mask_pruning,121-127105-0005.wav,generated_audios/generated_H3_512C_pruned70/121-127105-0005_generated.wav,5.82,1.605408,1.601702,0.275843,0.275207,2.38822,0.944811,0.303148
H3_512C_pruned70_Mask_pruning,121-127105-0006.wav,generated_audios/generated_H3_512C_pruned70/121-127105-0006_generated.wav,4.725034,1.307807,1.304305,0.276783,0.276041,2.288085,0.937476,0.310716
H3_512C_pruned70_Mask_pruning,121-127105-0007.wav,generated_audios/generated_H3_512C_pruned70/121-127105-0007_generated.wav,5.790023,1.591854,1.588292,0.27493,0.274315,1.79743,0.943716,0.323298
H3_512C_pruned70_Mask_pruning,121-127105-0008.wav,generated_audios/generated_H3_512C_pruned70/121-127105-0008_generated.wav,2.76,0.76003,0.757035,0.275373,0.274288,2.695682,0.941351,0.31662
H3_512C_pruned70_Mask_pruning,121-127105-0009.wav,generated_audios/generated_H3_512C_pruned70/121-127105-0009_generated.wav,2.290023,0.652902,0.649803,0.285107,0.283754,2.63433,0.946448,0.351147
H3_512C_pruned70_Mask_pruning,121-127105-0010.wav,generated_audios/generated_H3_512C_pruned70/121-127105-0010_generated.wav,2.850023,0.811136,0.80782,0.284607,0.283443,2.478389,0.938247,0.328202
H3_512C_pruned70_Mask_pruning,121-127105-0011.wav,generated_audios/generated_H3_512C_pruned70/121-127105-0011_generated.wav,5.78,1.635615,1.632035,0.282978,0.282359,2.531798,0.929312,0.332573
H3_512C_pruned70_Mask_pruning,121-127105-0012.wav,generated_audios/generated_H3_512C_pruned70/121-127105-0012_generated.wav,4.830023,1.354662,1.351303,0.280467,0.279772,1.577044,0.94035,0.326632
H3_512C_pruned70_Mask_pruning,121-127105-0013.wav,generated_audios/generated_H3_512C_pruned70/121-127105-0013_generated.wav,5.895011,1.692093,1.688601,0.287038,0.286446,2.043597,0.941519,0.326684
H3_512C_pruned70_Mask_pruning,121-127105-0014.wav,generated_audios/generated_H3_512C_pruned70/121-127105-0014_generated.wav,2.255011,0.646979,0.64369,0.286907,0.285449,2.381876,0.902583,0.330649
H3_512C_pruned70_Mask_pruning,121-127105-0015.wav,generated_audios/generated_H3_512C_pruned70/121-127105-0015_generated.wav,2.96,0.838336,0.836198,0.283222,0.282499,2.555585,0.945503,0.328625
H3_512C_pruned70_Mask_pruning,121-127105-0016.wav,generated_audios/generated_H3_512C_pruned70/121-127105-0016_generated.wav,2.030023,0.545489,0.542275,0.268711,0.267128,1.916028,0.940685,0.330575
H3_512C_pruned70_Mask_pruning,121-127105-0017.wav,generated_audios/generated_H3_512C_pruned70/121-127105-0017_generated.wav,2.695011,0.768937,0.765928,0.285319,0.284202,1.923763,0.935731,0.343309
H3_512C_pruned70_Mask_pruning,121-127105-0018.wav,generated_audios/generated_H3_512C_pruned70/121-127105-0018_generated.wav,2.770023,0.788448,0.785217,0.284636,0.283469,2.531376,0.933405,0.334355
H3_512C_pruned70_Mask_pruning,121-127105-0019.wav,generated_audios/generated_H3_512C_pruned70/121-127105-0019_generated.wav,3.525034,0.983898,0.980551,0.279117,0.278168,2.154021,0.942738,0.334032
H3_512C_pruned70_Mask_pruning,121-127105-0020.wav,generated_audios/generated_H3_512C_pruned70/121-127105-0020_generated.wav,14.355011,5.895827,5.891451,0.410716,0.410411,2.13755,0.935714,0.33408
H3_512C_pruned70_Mask_pruning,121-127105-0021.wav,generated_audios/generated_H3_512C_pruned70/121-127105-0021_generated.wav,2.0,0.573975,0.570575,0.286987,0.285287,2.319852,0.944991,0.33078
H3_512C_pruned70_Mask_pruning,121-127105-0022.wav,generated_audios/generated_H3_512C_pruned70/121-127105-0022_generated.wav,5.075011,1.487262,1.483571,0.293056,0.292329,2.518118,0.936291,0.333317
H3_512C_pruned70_Mask_pruning,121-127105-0023.wav,generated_audios/generated_H3_512C_pruned70/121-127105-0023_generated.wav,10.910023,3.267744,3.263744,0.299518,0.299151,2.527848,0.938605,0.327785
H3_512C_pruned70_Mask_pruning,121-127105-0024.wav,generated_audios/generated_H3_512C_pruned70/121-127105-0024_generated.wav,14.450023,5.875348,5.871275,0.406598,0.406316,2.38576,0.941901,0.333033
H3_512C_pruned70_Mask_pruning,121-127105-0025.wav,generated_audios/generated_H3_512C_pruned70/121-127105-0025_generated.wav,16.065034,6.444637,6.439821,0.401159,0.400859,2.527006,0.945217,0.325257
H3_512C_pruned70_Mask_pruning,121-127105-0026.wav,generated_audios/generated_H3_512C_pruned70/121-127105-0026_generated.wav,7.530023,2.207149,2.203283,0.293113,0.2926,2.479119,0.949771,0.328909
H3_512C_pruned70_Mask_pruning,121-127105-0027.wav,generated_audios/generated_H3_512C_pruned70/121-127105-0027_generated.wav,13.870023,5.467397,5.463681,0.394188,0.39392,2.531389,0.947545,0.323337
H3_512C_pruned70_Mask_pruning,121-127105-0028.wav,generated_audios/generated_H3_512C_pruned70/121-127105-0028_generated.wav,6.750023,1.316434,1.31251,0.195027,0.194445,2.511943,0.94611,0.31161
H3_512C_pruned70_Mask_pruning,121-127105-0029.wav,generated_audios/generated_H3_512C_pruned70/121-127105-0029_generated.wav,7.310023,2.172345,2.168433,0.297173,0.296638,2.602618,0.951699,0.315916
H3_512C_pruned70_Mask_pruning,121-127105-0030.wav,generated_audios/generated_H3_512C_pruned70/121-127105-0030_generated.wav,2.175011,0.63104,0.62768,0.290132,0.288587,1.743187,0.923884,0.353555
H3_512C_pruned70_Mask_pruning,121-127105-0031.wav,generated_audios/generated_H3_512C_pruned70/121-127105-0031_generated.wav,10.765034,3.215265,3.211675,0.298677,0.298343,2.364094,0.917223,0.316125
H3_512C_pruned70_Mask_pruning,121-127105-0032.wav,generated_audios/generated_H3_512C_pruned70/121-127105-0032_generated.wav,3.170023,0.871245,0.868162,0.274839,0.273866,2.200999,0.940783,0.32102
H3_512C_pruned70_Mask_pruning,121-127105-0033.wav,generated_audios/generated_H3_512C_pruned70/121-127105-0033_generated.wav,2.355011,0.670874,0.667747,0.284871,0.283543,1.939071,0.93878,0.328432
H3_512C_pruned70_Mask_pruning,121-127105-0034.wav,generated_audios/generated_H3_512C_pruned70/121-127105-0034_generated.wav,7.410023,2.14688,2.144345,0.289727,0.289384,2.349656,0.941587,0.316508
H3_512C_pruned70_Mask_pruning,121-127105-0035.wav,generated_audios/generated_H3_512C_pruned70/121-127105-0035_generated.wav,14.150023,5.823536,5.819047,0.411557,0.411239,2.584084,0.93468,0.302543
H3_512C_pruned70_Mask_pruning,121-127105-0036.wav,generated_audios/generated_H3_512C_pruned70/121-127105-0036_generated.wav,4.150023,1.194922,1.191706,0.287932,0.287156,2.307494,0.915783,0.330025
H3_512C_pruned70_Mask_pruning,237-126133-0000.wav,generated_audios/generated_H3_512C_pruned70/237-126133-0000_generated.wav,13.290023,5.489277,5.484758,0.413037,0.412697,2.528055,0.948823,0.317914
H3_512C_pruned70_Mask_pruning,237-126133-0001.wav,generated_audios/generated_H3_512C_pruned70/237-126133-0001_generated.wav,11.965034,4.961179,4.956757,0.41464,0.41427,2.471967,0.939572,0.31895
H3_512C_pruned70_Mask_pruning,237-126133-0002.wav,generated_audios/generated_H3_512C_pruned70/237-126133-0002_generated.wav,8.92,2.893493,2.889738,0.324383,0.323962,2.378072,0.942613,0.324888
H3_512C_pruned70_Mask_pruning,237-126133-0003.wav,generated_audios/generated_H3_512C_pruned70/237-126133-0003_generated.wav,6.56,1.887835,1.884046,0.28778,0.287202,2.498596,0.936831,0.318247
H3_512C_pruned70_Mask_pruning,237-126133-0004.wav,generated_audios/generated_H3_512C_pruned70/237-126133-0004_generated.wav,3.295011,0.916314,0.913,0.278091,0.277085,2.264736,0.941411,0.326102
H3_512C_pruned70_Mask_pruning,237-126133-0005.wav,generated_audios/generated_H3_512C_pruned70/237-126133-0005_generated.wav,6.510023,1.895434,1.891932,0.291156,0.290618,2.095301,0.935957,0.321792
H3_512C_pruned70_Mask_pruning,237-126133-0006.wav,generated_audios/generated_H3_512C_pruned70/237-126133-0006_generated.wav,6.150023,1.805627,1.801974,0.293597,0.293003,2.448532,0.940435,0.325735
H3_512C_pruned70_Mask_pruning,237-126133-0007.wav,generated_audios/generated_H3_512C_pruned70/237-126133-0007_generated.wav,8.68,2.749213,2.745733,0.31673,0.316329,2.29146,0.941103,0.334717
H3_512C_pruned70_Mask_pruning,237-126133-0008.wav,generated_audios/generated_H3_512C_pruned70/237-126133-0008_generated.wav,3.865034,1.107856,1.104472,0.286636,0.28576,2.588309,0.947232,0.307075
H3_512C_pruned70_Mask_pruning,237-126133-0009.wav,generated_audios/generated_H3_512C_pruned70/237-126133-0009_generated.wav,3.970023,1.285455,1.282225,0.32379,0.322977,2.417519,0.950334,0.323837
H3_512C_pruned70_Mask_pruning,237-126133-0010.wav,generated_audios/generated_H3_512C_pruned70/237-126133-0010_generated.wav,6.24,1.805479,1.801986,0.28934,0.28878,1.88893,0.893435,0.352062
H3_512C_pruned70_Mask_pruning,237-126133-0011.wav,generated_audios/generated_H3_512C_pruned70/237-126133-0011_generated.wav,6.710023,1.945366,1.941632,0.289919,0.289363,2.659167,0.951738,0.30367
H3_512C_pruned70_Mask_pruning,237-126133-0012.wav,generated_audios/generated_H3_512C_pruned70/237-126133-0012_generated.wav,4.450023,1.304861,1.301339,0.293226,0.292434,2.566022,0.946012,0.307775
H3_512C_pruned70_Mask_pruning,237-126133-0013.wav,generated_audios/generated_H3_512C_pruned70/237-126133-0013_generated.wav,6.815011,1.985449,1.981987,0.291335,0.290827,1.803043,0.903518,0.341016
H3_512C_pruned70_Mask_pruning,237-126133-0014.wav,generated_audios/generated_H3_512C_pruned70/237-126133-0014_generated.wav,6.790023,1.961648,1.958027,0.288902,0.288368,2.319994,0.939207,0.322493
H3_512C_pruned70_Mask_pruning,237-126133-0015.wav,generated_audios/generated_H3_512C_pruned70/237-126133-0015_generated.wav,9.34,2.944236,2.940258,0.315229,0.314803,2.449825,0.943121,0.31269
H3_512C_pruned70_Mask_pruning,237-126133-0016.wav,generated_audios/generated_H3_512C_pruned70/237-126133-0016_generated.wav,4.250023,1.132732,1.129298,0.266524,0.265716,2.471452,0.927622,0.33618
H3_512C_pruned70_Mask_pruning,237-126133-0017.wav,generated_audios/generated_H3_512C_pruned70/237-126133-0017_generated.wav,6.210023,1.762161,1.758842,0.283761,0.283226,2.595623,0.951707,0.306142
H3_512C_pruned70_Mask_pruning,237-126133-0018.wav,generated_audios/generated_H3_512C_pruned70/237-126133-0018_generated.wav,4.095011,1.155528,1.152431,0.282179,0.281423,2.450685,0.943669,0.300064
H3_512C_pruned70_Mask_pruning,237-126133-0019.wav,generated_audios/generated_H3_512C_pruned70/237-126133-0019_generated.wav,7.12,2.030075,2.026623,0.285123,0.284638,2.343867,0.941704,0.318359
H3_512C_pruned70_Mask_pruning,237-126133-0020.wav,generated_audios/generated_H3_512C_pruned70/237-126133-0020_generated.wav,2.24,0.597767,0.59456,0.26686,0.265428,2.582032,0.948399,0.321087
H3_512C_pruned70_Mask_pruning,237-126133-0021.wav,generated_audios/generated_H3_512C_pruned70/237-126133-0021_generated.wav,4.365034,1.191361,1.188024,0.272933,0.272168,2.112132,0.94096,0.314104
H3_512C_pruned70_Mask_pruning,237-126133-0022.wav,generated_audios/generated_H3_512C_pruned70/237-126133-0022_generated.wav,5.04,1.457799,1.454444,0.289246,0.28858,2.52894,0.938239,0.307609
H3_512C_pruned70_Mask_pruning,237-126133-0023.wav,generated_audios/generated_H3_512C_pruned70/237-126133-0023_generated.wav,6.675011,1.962491,1.958963,0.294006,0.293477,2.535557,0.949876,0.305417
H3_512C_pruned70_Mask_pruning,237-126133-0024.wav,generated_audios/generated_H3_512C_pruned70/237-126133-0024_generated.wav,9.665034,3.007037,3.002908,0.311125,0.310698,2.598968,0.946984,0.311759
H3_512C_pruned70_Mask_pruning,237-126133-0025.wav,generated_audios/generated_H3_512C_pruned70/237-126133-0025_generated.wav,3.755011,1.196309,1.194354,0.31859,0.318069,2.374819,0.948016,0.311584
H3_512C_pruned70_Mask_pruning,237-134493-0000.wav,generated_audios/generated_H3_512C_pruned70/237-134493-0000_generated.wav,4.105034,1.147153,1.143883,0.27945,0.278654,2.583843,0.948856,0.31927
H3_512C_pruned70_Mask_pruning,237-134493-0001.wav,generated_audios/generated_H3_512C_pruned70/237-134493-0001_generated.wav,7.38,2.183103,2.179384,0.295813,0.295309,2.753022,0.961401,0.303719
H3_512C_pruned70_Mask_pruning,237-134493-0002.wav,generated_audios/generated_H3_512C_pruned70/237-134493-0002_generated.wav,11.395011,3.399741,3.395874,0.298353,0.298014,2.665564,0.950779,0.302354
H3_512C_pruned70_Mask_pruning,237-134493-0003.wav,generated_audios/generated_H3_512C_pruned70/237-134493-0003_generated.wav,12.765034,5.283815,5.279299,0.413929,0.413575,2.728631,0.951757,0.302229
H3_512C_pruned70_Mask_pruning,237-134493-0004.wav,generated_audios/generated_H3_512C_pruned70/237-134493-0004_generated.wav,6.825034,2.00626,2.002201,0.293956,0.293361,2.704306,0.945944,0.304669
H3_512C_pruned70_Mask_pruning,237-134493-0005.wav,generated_audios/generated_H3_512C_pruned70/237-134493-0005_generated.wav,10.945034,3.180787,3.176467,0.290615,0.29022,2.683863,0.951804,0.303714
H3_512C_pruned70_Mask_pruning,237-134493-0006.wav,generated_audios/generated_H3_512C_pruned70/237-134493-0006_generated.wav,4.395011,1.261595,1.257937,0.287051,0.286219,2.71562,0.9559,0.309298
H3_512C_pruned70_Mask_pruning,237-134493-0007.wav,generated_audios/generated_H3_512C_pruned70/237-134493-0007_generated.wav,2.035011,0.582753,0.579565,0.286363,0.284797,2.588373,0.952175,0.307255
H3_512C_pruned70_Mask_pruning,237-134493-0008.wav,generated_audios/generated_H3_512C_pruned70/237-134493-0008_generated.wav,2.305034,0.644261,0.641021,0.279502,0.278096,2.353679,0.932959,0.306961
H3_512C_pruned70_Mask_pruning,237-134493-0009.wav,generated_audios/generated_H3_512C_pruned70/237-134493-0009_generated.wav,2.975011,0.852893,0.849658,0.286686,0.285598,2.826679,0.961271,0.306865
H3_512C_pruned70_Mask_pruning,237-134493-0010.wav,generated_audios/generated_H3_512C_pruned70/237-134493-0010_generated.wav,2.875011,0.964437,0.961185,0.335455,0.334324,2.815511,0.95548,0.284113
H3_512C_pruned70_Mask_pruning,237-134493-0011.wav,generated_audios/generated_H3_512C_pruned70/237-134493-0011_generated.wav,5.035011,1.482095,1.478632,0.294358,0.29367,2.389653,0.943168,0.314344
H3_512C_pruned70_Mask_pruning,237-134493-0012.wav,generated_audios/generated_H3_512C_pruned70/237-134493-0012_generated.wav,3.66,0.99531,0.991851,0.271943,0.270998,2.420684,0.950376,0.314358
H3_512C_pruned70_Mask_pruning,237-134493-0013.wav,generated_audios/generated_H3_512C_pruned70/237-134493-0013_generated.wav,4.090023,0.775205,0.771912,0.189536,0.188731,2.82917,0.951398,0.308454
H3_512C_pruned70_Mask_pruning,237-134493-0014.wav,generated_audios/generated_H3_512C_pruned70/237-134493-0014_generated.wav,3.7,1.022437,1.019229,0.276334,0.275467,2.832941,0.94922,0.302566
H3_512C_pruned70_Mask_pruning,237-134493-0015.wav,generated_audios/generated_H3_512C_pruned70/237-134493-0015_generated.wav,6.550023,1.536473,1.470486,0.234575,0.224501,2.48812,0.9421,0.315632
H3_512C_pruned70_Mask_pruning,237-134493-0016.wav,generated_audios/generated_H3_512C_pruned70/237-134493-0016_generated.wav,10.085034,3.064131,3.059959,0.30383,0.303416,2.881312,0.961516,0.299131
H3_512C_pruned70_Mask_pruning,237-134493-0017.wav,generated_audios/generated_H3_512C_pruned70/237-134493-0017_generated.wav,9.105034,2.893319,2.889082,0.317771,0.317306,2.647404,0.953411,0.302574
H3_512C_pruned70_Mask_pruning,237-134493-0018.wav,generated_audios/generated_H3_512C_pruned70/237-134493-0018_generated.wav,4.790023,1.499529,1.495877,0.313053,0.31229,2.99018,0.959579,0.29777
H3_512C_pruned70_Mask_pruning,237-134500-0000.wav,generated_audios/generated_H3_512C_pruned70/237-134500-0000_generated.wav,6.130023,1.763509,1.75991,0.287684,0.287097,2.623104,0.951067,0.305231
H3_512C_pruned70_Mask_pruning,237-134500-0001.wav,generated_audios/generated_H3_512C_pruned70/237-134500-0001_generated.wav,1.810023,0.515759,0.51302,0.284946,0.283433,1.720624,0.940396,0.311465
H3_512C_pruned70_Mask_pruning,237-134500-0002.wav,generated_audios/generated_H3_512C_pruned70/237-134500-0002_generated.wav,5.070023,1.431167,1.427559,0.28228,0.281568,2.367846,0.947951,0.31232
H3_512C_pruned70_Mask_pruning,237-134500-0003.wav,generated_audios/generated_H3_512C_pruned70/237-134500-0003_generated.wav,3.170023,0.586408,0.582873,0.184985,0.18387,2.553579,0.949246,0.300542
H3_512C_pruned70_Mask_pruning,237-134500-0004.wav,generated_audios/generated_H3_512C_pruned70/237-134500-0004_generated.wav,2.225034,0.419889,0.4165,0.188711,0.187188,2.975631,0.958273,0.28655
H3_512C_pruned70_Mask_pruning,237-134500-0005.wav,generated_audios/generated_H3_512C_pruned70/237-134500-0005_generated.wav,2.390023,0.697137,0.693837,0.291687,0.290305,2.281526,0.935116,0.325807
H3_512C_pruned70_Mask_pruning,237-134500-0006.wav,generated_audios/generated_H3_512C_pruned70/237-134500-0006_generated.wav,4.225034,1.167105,1.163719,0.276236,0.275434,2.359374,0.933916,0.328723
H3_512C_pruned70_Mask_pruning,237-134500-0007.wav,generated_audios/generated_H3_512C_pruned70/237-134500-0007_generated.wav,2.390023,0.420186,0.416907,0.175808,0.174437,2.134238,0.930501,0.325191
H3_512C_pruned70_Mask_pruning,237-134500-0008.wav,generated_audios/generated_H3_512C_pruned70/237-134500-0008_generated.wav,3.76,0.669417,0.665833,0.178036,0.177083,2.434602,0.934274,0.322265
H3_512C_pruned70_Mask_pruning,237-134500-0009.wav,generated_audios/generated_H3_512C_pruned70/237-134500-0009_generated.wav,2.22,0.391967,0.38867,0.176562,0.175076,2.447845,0.930114,0.324047
H3_512C_pruned70_Mask_pruning,237-134500-0010.wav,generated_audios/generated_H3_512C_pruned70/237-134500-0010_generated.wav,3.995011,1.150795,1.147131,0.288058,0.287141,2.13626,0.930397,0.332985
H3_512C_pruned70_Mask_pruning,237-134500-0011.wav,generated_audios/generated_H3_512C_pruned70/237-134500-0011_generated.wav,3.350023,0.934213,0.930897,0.278868,0.277878,2.364282,0.917659,0.324876
H3_512C_pruned70_Mask_pruning,237-134500-0012.wav,generated_audios/generated_H3_512C_pruned70/237-134500-0012_generated.wav,10.935011,3.315619,3.311636,0.303211,0.302847,2.50771,0.946114,0.312451
H3_512C_pruned70_Mask_pruning,237-134500-0013.wav,generated_audios/generated_H3_512C_pruned70/237-134500-0013_generated.wav,10.56,2.154372,2.14967,0.204012,0.203567,2.483546,0.953846,0.29799
H3_512C_pruned70_Mask_pruning,237-134500-0014.wav,generated_audios/generated_H3_512C_pruned70/237-134500-0014_generated.wav,4.250023,0.807271,0.803747,0.189945,0.189116,2.524126,0.943245,0.301278
H3_512C_pruned70_Mask_pruning,237-134500-0015.wav,generated_audios/generated_H3_512C_pruned70/237-134500-0015_generated.wav,10.815011,3.292127,3.288017,0.304403,0.304023,2.766524,0.956569,0.307303
H3_512C_pruned70_Mask_pruning,237-134500-0016.wav,generated_audios/generated_H3_512C_pruned70/237-134500-0016_generated.wav,3.16,0.583332,0.579862,0.184599,0.183501,2.389875,0.913929,0.341995
H3_512C_pruned70_Mask_pruning,237-134500-0017.wav,generated_audios/generated_H3_512C_pruned70/237-134500-0017_generated.wav,2.18,0.398517,0.395306,0.182806,0.181333,2.164558,0.947791,0.324833
H3_512C_pruned70_Mask_pruning,237-134500-0018.wav,generated_audios/generated_H3_512C_pruned70/237-134500-0018_generated.wav,12.845034,5.228768,5.224317,0.407065,0.406719,2.586637,0.953722,0.305259
H3_512C_pruned70_Mask_pruning,237-134500-0019.wav,generated_audios/generated_H3_512C_pruned70/237-134500-0019_generated.wav,2.86,0.786134,0.782722,0.274872,0.273679,2.674937,0.936112,0.293277
H3_512C_pruned70_Mask_pruning,237-134500-0020.wav,generated_audios/generated_H3_512C_pruned70/237-134500-0020_generated.wav,2.18,0.386967,0.383597,0.177508,0.175962,2.705855,0.946827,0.281332
H3_512C_pruned70_Mask_pruning,237-134500-0021.wav,generated_audios/generated_H3_512C_pruned70/237-134500-0021_generated.wav,5.12,1.42392,1.420783,0.278109,0.277497,2.152556,0.891959,0.340289
H3_512C_pruned70_Mask_pruning,237-134500-0022.wav,generated_audios/generated_H3_512C_pruned70/237-134500-0022_generated.wav,5.165034,1.44982,1.446152,0.280699,0.279989,1.995152,0.927268,0.337096
H3_512C_pruned70_Mask_pruning,237-134500-0023.wav,generated_audios/generated_H3_512C_pruned70/237-134500-0023_generated.wav,3.06,0.866411,0.863372,0.283141,0.282148,2.369181,0.942723,0.321717
H3_512C_pruned70_Mask_pruning,237-134500-0024.wav,generated_audios/generated_H3_512C_pruned70/237-134500-0024_generated.wav,4.410023,0.836488,0.832801,0.189679,0.188843,2.588706,0.94384,0.294544
H3_512C_pruned70_Mask_pruning,237-134500-0025.wav,generated_audios/generated_H3_512C_pruned70/237-134500-0025_generated.wav,1.630023,0.488046,0.484889,0.29941,0.297474,2.345351,0.921253,0.31038
H3_512C_pruned70_Mask_pruning,237-134500-0026.wav,generated_audios/generated_H3_512C_pruned70/237-134500-0026_generated.wav,3.050023,0.887019,0.88375,0.290824,0.289752,2.373901,0.922421,0.329108
H3_512C_pruned70_Mask_pruning,237-134500-0027.wav,generated_audios/generated_H3_512C_pruned70/237-134500-0027_generated.wav,3.270023,0.93622,0.932886,0.286304,0.285284,2.437135,0.939862,0.301304
H3_512C_pruned70_Mask_pruning,237-134500-0028.wav,generated_audios/generated_H3_512C_pruned70/237-134500-0028_generated.wav,4.524943,1.305868,1.302424,0.288593,0.287832,2.629068,0.947606,0.307218
H3_512C_pruned70_Mask_pruning,237-134500-0029.wav,generated_audios/generated_H3_512C_pruned70/237-134500-0029_generated.wav,2.065034,0.581052,0.57789,0.281377,0.279845,2.189629,0.948594,0.298734
H3_512C_pruned70_Mask_pruning,237-134500-0030.wav,generated_audios/generated_H3_512C_pruned70/237-134500-0030_generated.wav,2.78,0.79637,0.793111,0.286464,0.285292,2.727586,0.941615,0.317627
H3_512C_pruned70_Mask_pruning,237-134500-0031.wav,generated_audios/generated_H3_512C_pruned70/237-134500-0031_generated.wav,10.610023,3.245423,3.240958,0.305883,0.305462,2.992522,0.951666,0.291141
H3_512C_pruned70_Mask_pruning,237-134500-0032.wav,generated_audios/generated_H3_512C_pruned70/237-134500-0032_generated.wav,5.025034,0.965164,0.961428,0.192071,0.191328,2.571762,0.948293,0.297763
H3_512C_pruned70_Mask_pruning,237-134500-0033.wav,generated_audios/generated_H3_512C_pruned70/237-134500-0033_generated.wav,6.350023,1.845908,1.842162,0.290693,0.290103,2.480316,0.931908,0.306799
H3_512C_pruned70_Mask_pruning,237-134500-0034.wav,generated_audios/generated_H3_512C_pruned70/237-134500-0034_generated.wav,3.075011,0.897545,0.894162,0.291883,0.290783,2.833961,0.951678,0.284034
H3_512C_pruned70_Mask_pruning,237-134500-0035.wav,generated_audios/generated_H3_512C_pruned70/237-134500-0035_generated.wav,2.555011,0.75244,0.749371,0.294496,0.293294,2.672462,0.952227,0.317027
H3_512C_pruned70_Mask_pruning,237-134500-0036.wav,generated_audios/generated_H3_512C_pruned70/237-134500-0036_generated.wav,6.6,1.960504,1.95734,0.297046,0.296567,2.659983,0.948244,0.295367
H3_512C_pruned70_Mask_pruning,237-134500-0037.wav,generated_audios/generated_H3_512C_pruned70/237-134500-0037_generated.wav,7.105034,2.1051,2.101288,0.296283,0.295746,1.998851,0.902774,0.351533
H3_512C_pruned70_Mask_pruning,237-134500-0038.wav,generated_audios/generated_H3_512C_pruned70/237-134500-0038_generated.wav,2.435011,0.704898,0.701649,0.289485,0.28815,1.872388,0.903791,0.352255
H3_512C_pruned70_Mask_pruning,237-134500-0039.wav,generated_audios/generated_H3_512C_pruned70/237-134500-0039_generated.wav,4.630023,1.323704,1.320128,0.285896,0.285123,2.122659,0.91428,0.348965
H3_512C_pruned70_Mask_pruning,237-134500-0040.wav,generated_audios/generated_H3_512C_pruned70/237-134500-0040_generated.wav,4.030023,0.765296,0.761932,0.189899,0.189064,2.241957,0.930393,0.317276
H3_512C_pruned70_Mask_pruning,237-134500-0041.wav,generated_audios/generated_H3_512C_pruned70/237-134500-0041_generated.wav,8.92,1.868861,1.864779,0.209514,0.209056,2.708359,0.953933,0.293644
H3_512C_pruned70_Mask_pruning,237-134500-0042.wav,generated_audios/generated_H3_512C_pruned70/237-134500-0042_generated.wav,2.575011,0.736044,0.732804,0.285841,0.284583,2.369314,0.901097,0.339031
H3_512C_pruned70_Mask_pruning,260-123286-0000.wav,generated_audios/generated_H3_512C_pruned70/260-123286-0000_generated.wav,7.04,2.029716,2.02592,0.288312,0.287773,2.229235,0.942965,0.309391
H3_512C_pruned70_Mask_pruning,260-123286-0001.wav,generated_audios/generated_H3_512C_pruned70/260-123286-0001_generated.wav,3.070023,0.555498,0.552158,0.180943,0.179855,1.947054,0.947463,0.319129
H3_512C_pruned70_Mask_pruning,260-123286-0002.wav,generated_audios/generated_H3_512C_pruned70/260-123286-0002_generated.wav,9.985034,3.049745,3.045767,0.305432,0.305033,2.182238,0.946281,0.302341
H3_512C_pruned70_Mask_pruning,260-123286-0003.wav,generated_audios/generated_H3_512C_pruned70/260-123286-0003_generated.wav,7.370023,2.169153,2.165203,0.294321,0.293785,2.048061,0.930608,0.306985
H3_512C_pruned70_Mask_pruning,260-123286-0004.wav,generated_audios/generated_H3_512C_pruned70/260-123286-0004_generated.wav,3.465034,0.997343,0.994185,0.287831,0.286919,2.004715,0.933648,0.314547
H3_512C_pruned70_Mask_pruning,260-123286-0005.wav,generated_audios/generated_H3_512C_pruned70/260-123286-0005_generated.wav,4.810023,1.356413,1.352914,0.281997,0.28127,1.917194,0.933054,0.316396
H3_512C_pruned70_Mask_pruning,260-123286-0006.wav,generated_audios/generated_H3_512C_pruned70/260-123286-0006_generated.wav,7.405034,2.211376,2.20746,0.298631,0.298103,2.203609,0.947402,0.310962
H3_512C_pruned70_Mask_pruning,260-123286-0007.wav,generated_audios/generated_H3_512C_pruned70/260-123286-0007_generated.wav,4.550023,1.325407,1.321919,0.291297,0.29053,2.023759,0.940143,0.319399
H3_512C_pruned70_Mask_pruning,260-123286-0008.wav,generated_audios/generated_H3_512C_pruned70/260-123286-0008_generated.wav,3.735011,1.048286,1.044674,0.280665,0.279698,2.24919,0.949182,0.311381
H3_512C_pruned70_Mask_pruning,260-123286-0009.wav,generated_audios/generated_H3_512C_pruned70/260-123286-0009_generated.wav,5.795011,1.675257,1.671798,0.289086,0.288489,1.896911,0.941879,0.299524
H3_512C_pruned70_Mask_pruning,260-123286-0010.wav,generated_audios/generated_H3_512C_pruned70/260-123286-0010_generated.wav,2.575011,0.459939,0.45697,0.178616,0.177463,2.582123,0.95308,0.318035
H3_512C_pruned70_Mask_pruning,260-123286-0011.wav,generated_audios/generated_H3_512C_pruned70/260-123286-0011_generated.wav,4.255011,0.797548,0.794012,0.187437,0.186606,2.548444,0.936938,0.302598
H3_512C_pruned70_Mask_pruning,260-123286-0012.wav,generated_audios/generated_H3_512C_pruned70/260-123286-0012_generated.wav,2.430023,0.46246,0.459282,0.190311,0.189003,2.060437,0.944417,0.309046
H3_512C_pruned70_Mask_pruning,260-123286-0013.wav,generated_audios/generated_H3_512C_pruned70/260-123286-0013_generated.wav,4.730023,1.329114,1.32566,0.280995,0.280265,2.192811,0.934705,0.30776
H3_512C_pruned70_Mask_pruning,260-123286-0014.wav,generated_audios/generated_H3_512C_pruned70/260-123286-0014_generated.wav,2.98,0.581825,0.578881,0.195243,0.194255,1.791492,0.934708,0.286275
H3_512C_pruned70_Mask_pruning,260-123286-0015.wav,generated_audios/generated_H3_512C_pruned70/260-123286-0015_generated.wav,5.210023,1.504161,1.500534,0.288705,0.288009,2.009407,0.93814,0.316071
H3_512C_pruned70_Mask_pruning,260-123286-0016.wav,generated_audios/generated_H3_512C_pruned70/260-123286-0016_generated.wav,7.0,2.079339,2.076163,0.297048,0.296595,2.194142,0.941228,0.307604
H3_512C_pruned70_Mask_pruning,260-123286-0017.wav,generated_audios/generated_H3_512C_pruned70/260-123286-0017_generated.wav,3.975011,1.13682,1.133443,0.285992,0.285142,2.347029,0.940834,0.293344
H3_512C_pruned70_Mask_pruning,260-123286-0018.wav,generated_audios/generated_H3_512C_pruned70/260-123286-0018_generated.wav,5.670023,1.654575,1.651018,0.291811,0.291184,2.306583,0.937559,0.309042
H3_512C_pruned70_Mask_pruning,260-123286-0019.wav,generated_audios/generated_H3_512C_pruned70/260-123286-0019_generated.wav,11.905034,4.871339,4.867204,0.409183,0.408836,1.987666,0.941484,0.30767
H3_512C_pruned70_Mask_pruning,260-123286-0020.wav,generated_audios/generated_H3_512C_pruned70/260-123286-0020_generated.wav,3.06,0.560725,0.55798,0.183244,0.182346,2.159138,0.952962,0.28704
H3_512C_pruned70_Mask_pruning,260-123286-0021.wav,generated_audios/generated_H3_512C_pruned70/260-123286-0021_generated.wav,2.550023,0.705255,0.702117,0.276568,0.275337,2.3614,0.957208,0.32233
H3_512C_pruned70_Mask_pruning,260-123286-0022.wav,generated_audios/generated_H3_512C_pruned70/260-123286-0022_generated.wav,3.235011,0.919152,0.915565,0.284126,0.283018,2.305636,0.94493,0.29941
H3_512C_pruned70_Mask_pruning,260-123286-0023.wav,generated_audios/generated_H3_512C_pruned70/260-123286-0023_generated.wav,5.875011,1.709694,1.706109,0.291011,0.290401,2.288575,0.950781,0.304591
H3_512C_pruned70_Mask_pruning,260-123286-0024.wav,generated_audios/generated_H3_512C_pruned70/260-123286-0024_generated.wav,3.04,0.866362,0.863138,0.284987,0.283927,2.105494,0.947472,0.324143
H3_512C_pruned70_Mask_pruning,260-123286-0025.wav,generated_audios/generated_H3_512C_pruned70/260-123286-0025_generated.wav,9.205034,2.773947,2.769508,0.301351,0.300869,2.232229,0.936167,0.307801
H3_512C_pruned70_Mask_pruning,260-123286-0026.wav,generated_audios/generated_H3_512C_pruned70/260-123286-0026_generated.wav,6.94,2.017961,2.014492,0.290772,0.290273,2.105692,0.940337,0.303571
H3_512C_pruned70_Mask_pruning,260-123286-0027.wav,generated_audios/generated_H3_512C_pruned70/260-123286-0027_generated.wav,7.170023,2.109862,2.106132,0.294262,0.293741,2.076012,0.929356,0.303879
H3_512C_pruned70_Mask_pruning,260-123286-0028.wav,generated_audios/generated_H3_512C_pruned70/260-123286-0028_generated.wav,7.465034,2.179843,2.175872,0.292007,0.291475,2.016272,0.930185,0.310999
H3_512C_pruned70_Mask_pruning,260-123286-0029.wav,generated_audios/generated_H3_512C_pruned70/260-123286-0029_generated.wav,4.545034,0.865818,0.862284,0.190497,0.18972,2.07133,0.941421,0.305625
H3_512C_pruned70_Mask_pruning,260-123286-0030.wav,generated_audios/generated_H3_512C_pruned70/260-123286-0030_generated.wav,7.530023,1.46367,1.459821,0.194378,0.193867,2.277353,0.945836,0.312038
H3_512C_pruned70_Mask_pruning,260-123286-0031.wav,generated_audios/generated_H3_512C_pruned70/260-123286-0031_generated.wav,5.06,1.416485,1.413245,0.279938,0.279297,2.44975,0.951691,0.288718
H3_512C_pruned70_Mask_pruning,260-123288-0000.wav,generated_audios/generated_H3_512C_pruned70/260-123288-0000_generated.wav,3.04,0.563669,0.560332,0.185418,0.18432,2.000256,0.938297,0.316754
H3_512C_pruned70_Mask_pruning,260-123288-0001.wav,generated_audios/generated_H3_512C_pruned70/260-123288-0001_generated.wav,5.08,0.97173,0.968281,0.191285,0.190606,1.900942,0.938348,0.309827
H3_512C_pruned70_Mask_pruning,260-123288-0002.wav,generated_audios/generated_H3_512C_pruned70/260-123288-0002_generated.wav,7.250023,2.112279,2.108638,0.291348,0.290846,2.151528,0.936748,0.315349
H3_512C_pruned70_Mask_pruning,260-123288-0003.wav,generated_audios/generated_H3_512C_pruned70/260-123288-0003_generated.wav,8.905034,2.655687,2.651673,0.298223,0.297772,2.140157,0.943896,0.307043
H3_512C_pruned70_Mask_pruning,260-123288-0004.wav,generated_audios/generated_H3_512C_pruned70/260-123288-0004_generated.wav,4.310023,1.241403,1.237693,0.288027,0.287166,1.895339,0.912824,0.306879
H3_512C_pruned70_Mask_pruning,260-123288-0005.wav,generated_audios/generated_H3_512C_pruned70/260-123288-0005_generated.wav,12.550023,5.09079,5.086504,0.40564,0.405298,2.068866,0.933347,0.303106
H3_512C_pruned70_Mask_pruning,260-123288-0006.wav,generated_audios/generated_H3_512C_pruned70/260-123288-0006_generated.wav,4.88,1.414626,1.410927,0.289882,0.289124,2.08234,0.941546,0.293026
H3_512C_pruned70_Mask_pruning,260-123288-0007.wav,generated_audios/generated_H3_512C_pruned70/260-123288-0007_generated.wav,11.2,3.406646,3.402505,0.304165,0.303795,2.247177,0.941396,0.314184
H3_512C_pruned70_Mask_pruning,260-123288-0008.wav,generated_audios/generated_H3_512C_pruned70/260-123288-0008_generated.wav,5.515011,1.635304,1.631815,0.296519,0.295886,2.515599,0.947982,0.311896
H3_512C_pruned70_Mask_pruning,260-123288-0009.wav,generated_audios/generated_H3_512C_pruned70/260-123288-0009_generated.wav,3.435011,0.963534,0.96021,0.280504,0.279536,2.137832,0.941115,0.326569
H3_512C_pruned70_Mask_pruning,260-123288-0010.wav,generated_audios/generated_H3_512C_pruned70/260-123288-0010_generated.wav,9.995011,1.96753,1.963659,0.196851,0.196464,2.014408,0.935537,0.302565
H3_512C_pruned70_Mask_pruning,260-123288-0011.wav,generated_audios/generated_H3_512C_pruned70/260-123288-0011_generated.wav,8.98,2.724844,2.721241,0.303435,0.303033,2.250876,0.939964,0.301553
H3_512C_pruned70_Mask_pruning,260-123288-0012.wav,generated_audios/generated_H3_512C_pruned70/260-123288-0012_generated.wav,3.545034,1.028715,1.02558,0.290185,0.2893,2.322799,0.938849,0.319717
H3_512C_pruned70_Mask_pruning,260-123288-0013.wav,generated_audios/generated_H3_512C_pruned70/260-123288-0013_generated.wav,11.385079,3.458461,3.454379,0.303771,0.303413,2.260329,0.938933,0.304726
H3_512C_pruned70_Mask_pruning,260-123288-0014.wav,generated_audios/generated_H3_512C_pruned70/260-123288-0014_generated.wav,1.805034,0.331113,0.327781,0.183439,0.181593,2.635857,0.937527,0.321442
H3_512C_pruned70_Mask_pruning,260-123288-0015.wav,generated_audios/generated_H3_512C_pruned70/260-123288-0015_generated.wav,21.185034,8.679208,8.673335,0.409686,0.409409,2.215359,0.939556,0.309447
H3_512C_pruned70_Mask_pruning,260-123288-0016.wav,generated_audios/generated_H3_512C_pruned70/260-123288-0016_generated.wav,4.865034,1.4438,1.439623,0.296771,0.295912,2.20085,0.926943,0.312298
H3_512C_pruned70_Mask_pruning,260-123288-0017.wav,generated_audios/generated_H3_512C_pruned70/260-123288-0017_generated.wav,5.225034,1.466798,1.463457,0.280725,0.280086,2.116963,0.954012,0.312552
H3_512C_pruned70_Mask_pruning,260-123288-0018.wav,generated_audios/generated_H3_512C_pruned70/260-123288-0018_generated.wav,3.245034,0.90019,0.896887,0.277405,0.276387,2.451946,0.956436,0.317373
H3_512C_pruned70_Mask_pruning,260-123288-0019.wav,generated_audios/generated_H3_512C_pruned70/260-123288-0019_generated.wav,2.955011,0.550365,0.547241,0.186248,0.185191,2.509652,0.942589,0.292671
H3_512C_pruned70_Mask_pruning,260-123288-0020.wav,generated_audios/generated_H3_512C_pruned70/260-123288-0020_generated.wav,2.9,0.800288,0.79698,0.275961,0.274821,2.495959,0.960594,0.287503
H3_512C_pruned70_Mask_pruning,260-123288-0021.wav,generated_audios/generated_H3_512C_pruned70/260-123288-0021_generated.wav,2.710023,0.503022,0.499789,0.185616,0.184423,2.151648,0.937607,0.318481
H3_512C_pruned70_Mask_pruning,260-123288-0022.wav,generated_audios/generated_H3_512C_pruned70/260-123288-0022_generated.wav,3.705034,1.051531,1.048165,0.283811,0.282903,2.032998,0.93194,0.315578
H3_512C_pruned70_Mask_pruning,260-123288-0023.wav,generated_audios/generated_H3_512C_pruned70/260-123288-0023_generated.wav,2.385034,0.449012,0.445793,0.188262,0.186913,1.955226,0.91793,0.308337
H3_512C_pruned70_Mask_pruning,260-123288-0024.wav,generated_audios/generated_H3_512C_pruned70/260-123288-0024_generated.wav,14.595011,5.95646,5.952485,0.408116,0.407844,2.221055,0.946041,0.307948
H3_512C_pruned70_Mask_pruning,260-123288-0025.wav,generated_audios/generated_H3_512C_pruned70/260-123288-0025_generated.wav,13.445034,5.54017,5.535894,0.412061,0.411743,2.177349,0.943507,0.306167
H3_512C_pruned70_Mask_pruning,260-123288-0026.wav,generated_audios/generated_H3_512C_pruned70/260-123288-0026_generated.wav,16.04,6.500492,6.495838,0.405268,0.404977,2.11799,0.949994,0.306246
H3_512C_pruned70_Mask_pruning,260-123288-0027.wav,generated_audios/generated_H3_512C_pruned70/260-123288-0027_generated.wav,6.305034,1.972675,1.968402,0.312873,0.312195,2.652281,0.958285,0.300772
H3_512C_pruned70_Mask_pruning,260-123288-0028.wav,generated_audios/generated_H3_512C_pruned70/260-123288-0028_generated.wav,2.610023,0.751727,0.748526,0.288015,0.286789,2.708078,0.962993,0.3092
H3_512C_pruned70_Mask_pruning,260-123440-0000.wav,generated_audios/generated_H3_512C_pruned70/260-123440-0000_generated.wav,2.165034,0.600825,0.598171,0.277513,0.276287,1.664891,0.912942,0.318981
H3_512C_pruned70_Mask_pruning,260-123440-0001.wav,generated_audios/generated_H3_512C_pruned70/260-123440-0001_generated.wav,1.74,0.508251,0.50507,0.292098,0.29027,2.640271,0.936129,0.290796
H3_512C_pruned70_Mask_pruning,260-123440-0002.wav,generated_audios/generated_H3_512C_pruned70/260-123440-0002_generated.wav,14.715011,6.111433,6.106373,0.41532,0.414976,2.211648,0.936401,0.310578
H3_512C_pruned70_Mask_pruning,260-123440-0003.wav,generated_audios/generated_H3_512C_pruned70/260-123440-0003_generated.wav,3.585034,1.049823,1.046269,0.292835,0.291843,2.173056,0.948252,0.310958
H3_512C_pruned70_Mask_pruning,260-123440-0004.wav,generated_audios/generated_H3_512C_pruned70/260-123440-0004_generated.wav,12.02,5.045831,5.041692,0.419786,0.419442,2.025095,0.933027,0.315259
H3_512C_pruned70_Mask_pruning,260-123440-0005.wav,generated_audios/generated_H3_512C_pruned70/260-123440-0005_generated.wav,3.105034,0.58943,0.586201,0.18983,0.18879,2.026487,0.939997,0.317236
H3_512C_pruned70_Mask_pruning,260-123440-0006.wav,generated_audios/generated_H3_512C_pruned70/260-123440-0006_generated.wav,2.715011,0.49762,0.49439,0.183285,0.182095,2.23342,0.948286,0.312271
H3_512C_pruned70_Mask_pruning,260-123440-0007.wav,generated_audios/generated_H3_512C_pruned70/260-123440-0007_generated.wav,3.385034,0.944693,0.941309,0.279079,0.27808,1.822063,0.939057,0.321596
H3_512C_pruned70_Mask_pruning,260-123440-0008.wav,generated_audios/generated_H3_512C_pruned70/260-123440-0008_generated.wav,3.745034,1.094254,1.090873,0.292188,0.291285,1.933125,0.939037,0.31105
H3_512C_pruned70_Mask_pruning,260-123440-0009.wav,generated_audios/generated_H3_512C_pruned70/260-123440-0009_generated.wav,3.115011,0.918743,0.915397,0.294941,0.293866,1.960166,0.9361,0.331492
H3_512C_pruned70_Mask_pruning,260-123440-0010.wav,generated_audios/generated_H3_512C_pruned70/260-123440-0010_generated.wav,8.315011,2.587419,2.583276,0.311174,0.310676,2.127451,0.928522,0.319518
H3_512C_pruned70_Mask_pruning,260-123440-0011.wav,generated_audios/generated_H3_512C_pruned70/260-123440-0011_generated.wav,4.870023,0.96313,0.959455,0.197767,0.197012,2.140368,0.93385,0.323147
H3_512C_pruned70_Mask_pruning,260-123440-0012.wav,generated_audios/generated_H3_512C_pruned70/260-123440-0012_generated.wav,5.245034,1.526936,1.523337,0.29112,0.290434,2.26996,0.93577,0.347397
H3_512C_pruned70_Mask_pruning,260-123440-0013.wav,generated_audios/generated_H3_512C_pruned70/260-123440-0013_generated.wav,3.475011,1.017406,1.014025,0.292778,0.291805,2.145279,0.93591,0.33614
H3_512C_pruned70_Mask_pruning,260-123440-0014.wav,generated_audios/generated_H3_512C_pruned70/260-123440-0014_generated.wav,3.815011,1.112042,1.108736,0.291491,0.290625,2.267258,0.940936,0.331906
H3_512C_pruned70_Mask_pruning,260-123440-0015.wav,generated_audios/generated_H3_512C_pruned70/260-123440-0015_generated.wav,6.2,1.206055,1.202476,0.194525,0.193948,2.184954,0.944447,0.301133
H3_512C_pruned70_Mask_pruning,260-123440-0016.wav,generated_audios/generated_H3_512C_pruned70/260-123440-0016_generated.wav,4.895011,1.444298,1.440819,0.295055,0.294344,2.242444,0.951329,0.311361
H3_512C_pruned70_Mask_pruning,260-123440-0017.wav,generated_audios/generated_H3_512C_pruned70/260-123440-0017_generated.wav,3.070023,0.616543,0.613231,0.200827,0.199748,2.16188,0.936283,0.305443
H3_512C_pruned70_Mask_pruning,260-123440-0018.wav,generated_audios/generated_H3_512C_pruned70/260-123440-0018_generated.wav,3.64,1.054205,1.050841,0.289617,0.288693,2.610672,0.951491,0.328593
H3_512C_pruned70_Mask_pruning,260-123440-0019.wav,generated_audios/generated_H3_512C_pruned70/260-123440-0019_generated.wav,6.630023,1.961091,1.957366,0.29579,0.295228,2.042102,0.938035,0.306504
H3_512C_pruned70_Mask_pruning,260-123440-0020.wav,generated_audios/generated_H3_512C_pruned70/260-123440-0020_generated.wav,4.995011,1.464491,1.460955,0.293191,0.292483,2.012229,0.942078,0.316751
H3_512C_pruned70_Mask_pruning,61-70968-0000.wav,generated_audios/generated_H3_512C_pruned70/61-70968-0000_generated.wav,4.905034,1.442251,1.440004,0.294035,0.293577,1.908035,0.937916,0.300735
H3_512C_pruned70_Mask_pruning,61-70968-0001.wav,generated_audios/generated_H3_512C_pruned70/61-70968-0001_generated.wav,3.610023,1.046164,1.043032,0.289794,0.288927,1.813029,0.920913,0.296255
H3_512C_pruned70_Mask_pruning,61-70968-0002.wav,generated_audios/generated_H3_512C_pruned70/61-70968-0002_generated.wav,2.970023,0.846741,0.843559,0.285096,0.284024,1.861499,0.918788,0.298473
H3_512C_pruned70_Mask_pruning,61-70968-0003.wav,generated_audios/generated_H3_512C_pruned70/61-70968-0003_generated.wav,4.315011,0.80223,0.798702,0.185916,0.185098,2.092899,0.941222,0.301932
H3_512C_pruned70_Mask_pruning,61-70968-0004.wav,generated_audios/generated_H3_512C_pruned70/61-70968-0004_generated.wav,3.885034,1.127233,1.123769,0.290147,0.289256,2.115768,0.943939,0.303818
H3_512C_pruned70_Mask_pruning,61-70968-0005.wav,generated_audios/generated_H3_512C_pruned70/61-70968-0005_generated.wav,5.070023,1.000728,0.997216,0.197381,0.196689,1.776282,0.90079,0.301539
H3_512C_pruned70_Mask_pruning,61-70968-0006.wav,generated_audios/generated_H3_512C_pruned70/61-70968-0006_generated.wav,2.935011,0.821207,0.818119,0.279797,0.278745,2.121301,0.943506,0.296787
H3_512C_pruned70_Mask_pruning,61-70968-0007.wav,generated_audios/generated_H3_512C_pruned70/61-70968-0007_generated.wav,3.550023,0.65203,0.648643,0.183669,0.182715,1.803019,0.866463,0.302821
H3_512C_pruned70_Mask_pruning,61-70968-0008.wav,generated_audios/generated_H3_512C_pruned70/61-70968-0008_generated.wav,3.535011,0.670016,0.666917,0.189537,0.18866,1.693404,0.919636,0.302675
H3_512C_pruned70_Mask_pruning,61-70968-0009.wav,generated_audios/generated_H3_512C_pruned70/61-70968-0009_generated.wav,4.510023,1.327038,1.323494,0.294242,0.293456,2.015975,0.914539,0.292078
H3_512C_pruned70_Mask_pruning,61-70968-0010.wav,generated_audios/generated_H3_512C_pruned70/61-70968-0010_generated.wav,8.295011,2.532625,2.52908,0.305319,0.304892,2.026767,0.923218,0.298411
H3_512C_pruned70_Mask_pruning,61-70968-0011.wav,generated_audios/generated_H3_512C_pruned70/61-70968-0011_generated.wav,6.375011,1.870345,1.86708,0.293387,0.292875,2.021923,0.932498,0.298584
H3_512C_pruned70_Mask_pruning,61-70968-0012.wav,generated_audios/generated_H3_512C_pruned70/61-70968-0012_generated.wav,2.610023,0.480449,0.477424,0.184078,0.182919,1.948594,0.957442,0.302112
H3_512C_pruned70_Mask_pruning,61-70968-0013.wav,generated_audios/generated_H3_512C_pruned70/61-70968-0013_generated.wav,4.450023,0.828069,0.824574,0.186082,0.185297,2.385483,0.932187,0.290192
H3_512C_pruned70_Mask_pruning,61-70968-0014.wav,generated_audios/generated_H3_512C_pruned70/61-70968-0014_generated.wav,7.485034,2.235539,2.23166,0.298668,0.29815,2.105171,0.931815,0.295689
H3_512C_pruned70_Mask_pruning,61-70968-0015.wav,generated_audios/generated_H3_512C_pruned70/61-70968-0015_generated.wav,5.375011,1.546953,1.543173,0.287805,0.287101,2.198647,0.939362,0.304589
H3_512C_pruned70_Mask_pruning,61-70968-0016.wav,generated_audios/generated_H3_512C_pruned70/61-70968-0016_generated.wav,3.72,1.087756,1.084594,0.292407,0.291557,2.168688,0.951784,0.30525
H3_512C_pruned70_Mask_pruning,61-70968-0017.wav,generated_audios/generated_H3_512C_pruned70/61-70968-0017_generated.wav,5.110023,1.473646,1.47006,0.288383,0.287682,1.921197,0.936645,0.300819
H3_512C_pruned70_Mask_pruning,61-70968-0018.wav,generated_audios/generated_H3_512C_pruned70/61-70968-0018_generated.wav,2.405034,0.677152,0.673954,0.281556,0.280226,2.080754,0.937905,0.298134
H3_512C_pruned70_Mask_pruning,61-70968-0019.wav,generated_audios/generated_H3_512C_pruned70/61-70968-0019_generated.wav,5.475011,1.567623,1.563689,0.286323,0.285605,2.159293,0.93724,0.307049
H3_512C_pruned70_Mask_pruning,61-70968-0020.wav,generated_audios/generated_H3_512C_pruned70/61-70968-0020_generated.wav,5.105034,1.482887,1.479344,0.290475,0.289781,2.212454,0.923042,0.29895
H3_512C_pruned70_Mask_pruning,61-70968-0021.wav,generated_audios/generated_H3_512C_pruned70/61-70968-0021_generated.wav,2.690023,0.783826,0.78084,0.291383,0.290272,1.99064,0.906014,0.3054
H3_512C_pruned70_Mask_pruning,61-70968-0022.wav,generated_audios/generated_H3_512C_pruned70/61-70968-0022_generated.wav,4.670023,0.922478,0.918841,0.197532,0.196753,1.975379,0.922096,0.307321
H3_512C_pruned70_Mask_pruning,61-70968-0023.wav,generated_audios/generated_H3_512C_pruned70/61-70968-0023_generated.wav,5.025034,0.962419,0.958943,0.191525,0.190833,2.096542,0.943736,0.300118
H3_512C_pruned70_Mask_pruning,61-70968-0024.wav,generated_audios/generated_H3_512C_pruned70/61-70968-0024_generated.wav,6.025034,1.846941,1.843267,0.306544,0.305935,2.134224,0.92481,0.308749
H3_512C_pruned70_Mask_pruning,61-70968-0025.wav,generated_audios/generated_H3_512C_pruned70/61-70968-0025_generated.wav,4.410023,0.877732,0.874362,0.199031,0.198267,2.15265,0.936076,0.302553
H3_512C_pruned70_Mask_pruning,61-70968-0026.wav,generated_audios/generated_H3_512C_pruned70/61-70968-0026_generated.wav,4.92,1.420003,1.41657,0.288618,0.287921,1.997098,0.953329,0.290361
H3_512C_pruned70_Mask_pruning,61-70968-0027.wav,generated_audios/generated_H3_512C_pruned70/61-70968-0027_generated.wav,6.870023,2.05078,2.04748,0.298511,0.298031,2.251982,0.942546,0.295309
H3_512C_pruned70_Mask_pruning,61-70968-0028.wav,generated_audios/generated_H3_512C_pruned70/61-70968-0028_generated.wav,5.355011,1.575295,1.571684,0.294172,0.293498,2.252727,0.943658,0.292246
H3_512C_pruned70_Mask_pruning,61-70968-0029.wav,generated_audios/generated_H3_512C_pruned70/61-70968-0029_generated.wav,3.495011,1.03607,1.032832,0.296442,0.295516,2.303934,0.935531,0.292584
H3_512C_pruned70_Mask_pruning,61-70968-0030.wav,generated_audios/generated_H3_512C_pruned70/61-70968-0030_generated.wav,5.685034,1.662506,1.658933,0.292436,0.291807,1.941879,0.931971,0.291253
H3_512C_pruned70_Mask_pruning,61-70968-0031.wav,generated_audios/generated_H3_512C_pruned70/61-70968-0031_generated.wav,2.925034,0.865381,0.862793,0.295853,0.294968,1.873773,0.90194,0.296325
H3_512C_pruned70_Mask_pruning,61-70968-0032.wav,generated_audios/generated_H3_512C_pruned70/61-70968-0032_generated.wav,4.28,0.833479,0.830562,0.194738,0.194057,2.05467,0.939677,0.291682
H3_512C_pruned70_Mask_pruning,61-70968-0033.wav,generated_audios/generated_H3_512C_pruned70/61-70968-0033_generated.wav,5.685034,1.061944,1.058113,0.186796,0.186122,2.352765,0.953104,0.295595
H3_512C_pruned70_Mask_pruning,61-70968-0034.wav,generated_audios/generated_H3_512C_pruned70/61-70968-0034_generated.wav,4.230023,1.250236,1.247972,0.295562,0.295027,2.191087,0.940694,0.309583
H3_512C_pruned70_Mask_pruning,61-70968-0035.wav,generated_audios/generated_H3_512C_pruned70/61-70968-0035_generated.wav,7.950023,2.487386,2.483723,0.312878,0.312417,2.189829,0.939957,0.296965
H3_512C_pruned70_Mask_pruning,61-70968-0036.wav,generated_audios/generated_H3_512C_pruned70/61-70968-0036_generated.wav,2.934966,0.574379,0.570573,0.195702,0.194405,1.90771,0.937734,0.297866
H3_512C_pruned70_Mask_pruning,61-70968-0037.wav,generated_audios/generated_H3_512C_pruned70/61-70968-0037_generated.wav,4.315011,0.841172,0.83764,0.194941,0.194122,1.097491,0.900461,0.303418
H3_512C_pruned70_Mask_pruning,61-70968-0038.wav,generated_audios/generated_H3_512C_pruned70/61-70968-0038_generated.wav,2.050023,0.621917,0.618825,0.303371,0.301862,2.491493,0.899138,0.294818
H3_512C_pruned70_Mask_pruning,61-70968-0039.wav,generated_audios/generated_H3_512C_pruned70/61-70968-0039_generated.wav,3.805034,1.081984,1.078728,0.284356,0.2835,2.02056,0.918509,0.302908
H3_512C_pruned70_Mask_pruning,61-70968-0040.wav,generated_audios/generated_H3_512C_pruned70/61-70968-0040_generated.wav,3.950023,1.179298,1.175915,0.298555,0.297698,1.951838,0.930189,0.296987
H3_512C_pruned70_Mask_pruning,61-70968-0041.wav,generated_audios/generated_H3_512C_pruned70/61-70968-0041_generated.wav,6.825034,1.324126,1.320432,0.19401,0.193469,2.089419,0.923074,0.306895
H3_512C_pruned70_Mask_pruning,61-70968-0042.wav,generated_audios/generated_H3_512C_pruned70/61-70968-0042_generated.wav,2.785034,0.553117,0.5497,0.198603,0.197376,2.1468,0.935106,0.296828
H3_512C_pruned70_Mask_pruning,61-70968-0043.wav,generated_audios/generated_H3_512C_pruned70/61-70968-0043_generated.wav,6.735011,2.084304,2.080434,0.309473,0.308898,2.067992,0.909089,0.293174
H3_512C_pruned70_Mask_pruning,61-70968-0044.wav,generated_audios/generated_H3_512C_pruned70/61-70968-0044_generated.wav,2.770023,0.51786,0.514911,0.186952,0.185887,1.60331,0.918746,0.292892
H3_512C_pruned70_Mask_pruning,61-70968-0045.wav,generated_audios/generated_H3_512C_pruned70/61-70968-0045_generated.wav,3.475011,0.624667,0.621372,0.17976,0.178812,2.270049,0.901594,0.28567
H3_512C_pruned70_Mask_pruning,61-70968-0046.wav,generated_audios/generated_H3_512C_pruned70/61-70968-0046_generated.wav,3.550023,0.636886,0.633731,0.179403,0.178515,2.166514,0.939473,0.301064
H3_512C_pruned70_Mask_pruning,61-70968-0047.wav,generated_audios/generated_H3_512C_pruned70/61-70968-0047_generated.wav,4.775011,1.356148,1.352646,0.284009,0.283276,2.195756,0.939102,0.296547
H3_512C_pruned70_Mask_pruning,61-70968-0048.wav,generated_audios/generated_H3_512C_pruned70/61-70968-0048_generated.wav,3.02,0.916066,0.912569,0.303333,0.302175,1.82274,0.899065,0.295163
H3_512C_pruned70_Mask_pruning,61-70968-0049.wav,generated_audios/generated_H3_512C_pruned70/61-70968-0049_generated.wav,8.250023,2.603162,2.599571,0.315534,0.315099,2.084914,0.920774,0.297417
H3_512C_pruned70_Mask_pruning,61-70968-0050.wav,generated_audios/generated_H3_512C_pruned70/61-70968-0050_generated.wav,5.58,1.640507,1.637148,0.293998,0.293396,1.951081,0.923761,0.30296
H3_512C_pruned70_Mask_pruning,61-70968-0051.wav,generated_audios/generated_H3_512C_pruned70/61-70968-0051_generated.wav,3.135011,0.922096,0.918838,0.294128,0.293089,2.100486,0.90876,0.289279
H3_512C_pruned70_Mask_pruning,61-70968-0052.wav,generated_audios/generated_H3_512C_pruned70/61-70968-0052_generated.wav,2.650023,0.757987,0.754821,0.28603,0.284836,1.779363,0.944625,0.303941
H3_512C_pruned70_Mask_pruning,61-70968-0053.wav,generated_audios/generated_H3_512C_pruned70/61-70968-0053_generated.wav,4.22,0.823649,0.819544,0.195177,0.194205,2.095531,0.922071,0.296963
H3_512C_pruned70_Mask_pruning,61-70968-0054.wav,generated_audios/generated_H3_512C_pruned70/61-70968-0054_generated.wav,7.86,2.349863,2.346017,0.298965,0.298475,2.182805,0.939299,0.294994
H3_512C_pruned70_Mask_pruning,61-70968-0055.wav,generated_audios/generated_H3_512C_pruned70/61-70968-0055_generated.wav,3.965034,0.780946,0.777626,0.196958,0.196121,2.279684,0.924195,0.29069
H3_512C_pruned70_Mask_pruning,61-70968-0056.wav,generated_audios/generated_H3_512C_pruned70/61-70968-0056_generated.wav,3.565034,1.027556,1.024139,0.288232,0.287273,2.232173,0.944776,0.29052
H3_512C_pruned70_Mask_pruning,61-70968-0057.wav,generated_audios/generated_H3_512C_pruned70/61-70968-0057_generated.wav,5.065034,0.992747,0.989112,0.196,0.195282,1.899582,0.896562,0.299061
H3_512C_pruned70_Mask_pruning,61-70968-0058.wav,generated_audios/generated_H3_512C_pruned70/61-70968-0058_generated.wav,1.82,0.501346,0.498016,0.275465,0.273635,1.800659,0.90715,0.292335
H3_512C_pruned70_Mask_pruning,61-70968-0059.wav,generated_audios/generated_H3_512C_pruned70/61-70968-0059_generated.wav,2.170023,0.41343,0.410145,0.190519,0.189005,2.174625,0.95022,0.312416
H3_512C_pruned70_Mask_pruning,61-70968-0060.wav,generated_audios/generated_H3_512C_pruned70/61-70968-0060_generated.wav,3.735011,0.69467,0.691207,0.185989,0.185062,2.366857,0.937779,0.298534
H3_512C_pruned70_Mask_pruning,61-70968-0061.wav,generated_audios/generated_H3_512C_pruned70/61-70968-0061_generated.wav,5.530023,1.7464,1.676431,0.315803,0.303151,1.714549,0.914943,0.307212
H3_512C_pruned70_Mask_pruning,61-70968-0062.wav,generated_audios/generated_H3_512C_pruned70/61-70968-0062_generated.wav,2.555011,0.487434,0.483987,0.190776,0.189427,1.888358,0.89298,0.303738
H3_512C_pruned70_Mask_pruning,61-70970-0000.wav,generated_audios/generated_H3_512C_pruned70/61-70970-0000_generated.wav,6.075011,1.882585,1.87887,0.30989,0.309278,1.921892,0.947147,0.295691
H3_512C_pruned70_Mask_pruning,61-70970-0001.wav,generated_audios/generated_H3_512C_pruned70/61-70970-0001_generated.wav,6.155011,1.868282,1.864738,0.303538,0.302962,2.099229,0.952693,0.296768
H3_512C_pruned70_Mask_pruning,61-70970-0002.wav,generated_audios/generated_H3_512C_pruned70/61-70970-0002_generated.wav,4.165034,1.25352,1.250139,0.300963,0.300151,1.977539,0.912388,0.299383
H3_512C_pruned70_Mask_pruning,61-70970-0003.wav,generated_audios/generated_H3_512C_pruned70/61-70970-0003_generated.wav,3.835011,1.070476,1.067429,0.279132,0.278338,2.295997,0.912083,0.285509
H3_512C_pruned70_Mask_pruning,61-70970-0004.wav,generated_audios/generated_H3_512C_pruned70/61-70970-0004_generated.wav,10.515011,3.417673,3.413724,0.325028,0.324652,2.214113,0.925078,0.29148
H3_512C_pruned70_Mask_pruning,61-70970-0005.wav,generated_audios/generated_H3_512C_pruned70/61-70970-0005_generated.wav,2.02,0.597923,0.594725,0.296002,0.294418,2.336937,0.919048,0.289675
H3_512C_pruned70_Mask_pruning,61-70970-0006.wav,generated_audios/generated_H3_512C_pruned70/61-70970-0006_generated.wav,2.335011,0.66674,0.663608,0.285541,0.284199,1.70621,0.938926,0.294288
H3_512C_pruned70_Mask_pruning,61-70970-0007.wav,generated_audios/generated_H3_512C_pruned70/61-70970-0007_generated.wav,4.485034,1.34547,1.341974,0.299991,0.299211,1.962891,0.918973,0.304711
H3_512C_pruned70_Mask_pruning,61-70970-0008.wav,generated_audios/generated_H3_512C_pruned70/61-70970-0008_generated.wav,2.150023,0.648018,0.644712,0.3014,0.299863,2.296706,0.900975,0.287181
H3_512C_pruned70_Mask_pruning,61-70970-0009.wav,generated_audios/generated_H3_512C_pruned70/61-70970-0009_generated.wav,3.405034,0.993771,0.990394,0.291854,0.290862,2.324986,0.92629,0.290828
H3_512C_pruned70_Mask_pruning,61-70970-0010.wav,generated_audios/generated_H3_512C_pruned70/61-70970-0010_generated.wav,3.045034,0.555038,0.551861,0.182276,0.181233,2.234082,0.919304,0.29621
H3_512C_pruned70_Mask_pruning,61-70970-0011.wav,generated_audios/generated_H3_512C_pruned70/61-70970-0011_generated.wav,6.075011,1.142818,1.139156,0.188118,0.187515,2.134167,0.902993,0.297267
H3_512C_pruned70_Mask_pruning,61-70970-0012.wav,generated_audios/generated_H3_512C_pruned70/61-70970-0012_generated.wav,3.135011,0.570892,0.567457,0.182102,0.181006,2.132445,0.94015,0.297169
H3_512C_pruned70_Mask_pruning,61-70970-0013.wav,generated_audios/generated_H3_512C_pruned70/61-70970-0013_generated.wav,4.350023,1.283139,1.279743,0.294973,0.294192,1.856356,0.942236,0.301091
H3_512C_pruned70_Mask_pruning,61-70970-0014.wav,generated_audios/generated_H3_512C_pruned70/61-70970-0014_generated.wav,3.405034,0.580885,0.577577,0.170596,0.169624,2.093803,0.950018,0.29846
H3_512C_pruned70_Mask_pruning,61-70970-0015.wav,generated_audios/generated_H3_512C_pruned70/61-70970-0015_generated.wav,8.415011,2.685745,2.683101,0.319161,0.318847,2.014178,0.944293,0.298414
H3_512C_pruned70_Mask_pruning,61-70970-0016.wav,generated_audios/generated_H3_512C_pruned70/61-70970-0016_generated.wav,4.370023,1.272891,1.269608,0.291278,0.290527,2.289409,0.956978,0.294798
H3_512C_pruned70_Mask_pruning,61-70970-0017.wav,generated_audios/generated_H3_512C_pruned70/61-70970-0017_generated.wav,2.550023,0.471561,0.468334,0.184924,0.183659,1.857192,0.916471,0.303305
H3_512C_pruned70_Mask_pruning,61-70970-0018.wav,generated_audios/generated_H3_512C_pruned70/61-70970-0018_generated.wav,4.6,1.324682,1.321309,0.287974,0.287241,2.168452,0.933174,0.301283
H3_512C_pruned70_Mask_pruning,61-70970-0019.wav,generated_audios/generated_H3_512C_pruned70/61-70970-0019_generated.wav,3.78,1.093698,1.090088,0.289338,0.288383,2.331011,0.940787,0.294067
H3_512C_pruned70_Mask_pruning,61-70970-0020.wav,generated_audios/generated_H3_512C_pruned70/61-70970-0020_generated.wav,5.025034,0.910525,0.907231,0.181198,0.180542,1.927643,0.914133,0.299318
H3_512C_pruned70_Mask_pruning,61-70970-0021.wav,generated_audios/generated_H3_512C_pruned70/61-70970-0021_generated.wav,5.405034,1.540095,1.536602,0.284937,0.284291,2.077022,0.930513,0.29535
H3_512C_pruned70_Mask_pruning,61-70970-0022.wav,generated_audios/generated_H3_512C_pruned70/61-70970-0022_generated.wav,3.970023,0.713926,0.710786,0.179829,0.179038,2.183563,0.933367,0.285072
H3_512C_pruned70_Mask_pruning,61-70970-0023.wav,generated_audios/generated_H3_512C_pruned70/61-70970-0023_generated.wav,3.705034,0.660463,0.657191,0.178261,0.177378,2.087357,0.946135,0.304127
H3_512C_pruned70_Mask_pruning,61-70970-0024.wav,generated_audios/generated_H3_512C_pruned70/61-70970-0024_generated.wav,7.235011,2.201024,2.197458,0.304219,0.303726,2.34805,0.950718,0.296844
H3_512C_pruned70_Mask_pruning,61-70970-0025.wav,generated_audios/generated_H3_512C_pruned70/61-70970-0025_generated.wav,7.435011,2.264407,2.260546,0.30456,0.304041,2.524025,0.956982,0.288186
H3_512C_pruned70_Mask_pruning,61-70970-0026.wav,generated_audios/generated_H3_512C_pruned70/61-70970-0026_generated.wav,5.475011,0.988085,0.984887,0.180472,0.179888,2.434205,0.940275,0.286287
H3_512C_pruned70_Mask_pruning,61-70970-0027.wav,generated_audios/generated_H3_512C_pruned70/61-70970-0027_generated.wav,5.08,0.912355,0.908732,0.179598,0.178884,2.136967,0.949332,0.290418
H3_512C_pruned70_Mask_pruning,61-70970-0028.wav,generated_audios/generated_H3_512C_pruned70/61-70970-0028_generated.wav,6.550023,1.274207,1.270255,0.194535,0.193931,2.116107,0.948364,0.287021
H3_512C_pruned70_Mask_pruning,61-70970-0029.wav,generated_audios/generated_H3_512C_pruned70/61-70970-0029_generated.wav,4.030023,0.719271,0.715854,0.178478,0.17763,2.419254,0.929944,0.288675
H3_512C_pruned70_Mask_pruning,61-70970-0030.wav,generated_audios/generated_H3_512C_pruned70/61-70970-0030_generated.wav,3.24,0.590419,0.587116,0.182228,0.181209,1.875708,0.915085,0.306238
H3_512C_pruned70_Mask_pruning,61-70970-0031.wav,generated_audios/generated_H3_512C_pruned70/61-70970-0031_generated.wav,5.135011,1.487463,1.483924,0.289671,0.288982,1.792843,0.936181,0.291828
H3_512C_pruned70_Mask_pruning,61-70970-0032.wav,generated_audios/generated_H3_512C_pruned70/61-70970-0032_generated.wav,3.135011,0.573978,0.570941,0.183086,0.182118,1.820413,0.932508,0.291524
H3_512C_pruned70_Mask_pruning,61-70970-0033.wav,generated_audios/generated_H3_512C_pruned70/61-70970-0033_generated.wav,3.42,0.965389,0.961937,0.282278,0.281268,1.834406,0.931372,0.306847
H3_512C_pruned70_Mask_pruning,61-70970-0034.wav,generated_audios/generated_H3_512C_pruned70/61-70970-0034_generated.wav,4.485034,0.79801,0.794323,0.177927,0.177105,1.838316,0.916806,0.293114
H3_512C_pruned70_Mask_pruning,61-70970-0035.wav,generated_audios/generated_H3_512C_pruned70/61-70970-0035_generated.wav,7.405034,1.432136,1.428388,0.1934,0.192894,2.137278,0.939309,0.294795
H3_512C_pruned70_Mask_pruning,61-70970-0036.wav,generated_audios/generated_H3_512C_pruned70/61-70970-0036_generated.wav,6.785034,1.264346,1.260792,0.186343,0.18582,2.131949,0.932406,0.29295
H3_512C_pruned70_Mask_pruning,61-70970-0037.wav,generated_audios/generated_H3_512C_pruned70/61-70970-0037_generated.wav,5.98,1.729941,1.726211,0.289288,0.288664,2.155904,0.939006,0.294995
H3_512C_pruned70_Mask_pruning,61-70970-0038.wav,generated_audios/generated_H3_512C_pruned70/61-70970-0038_generated.wav,10.4,3.247119,3.243047,0.312223,0.311831,2.059618,0.936531,0.292119
H3_512C_pruned70_Mask_pruning,61-70970-0039.wav,generated_audios/generated_H3_512C_pruned70/61-70970-0039_generated.wav,6.665034,1.214894,1.210958,0.182279,0.181688,2.050735,0.919554,0.297577
H3_512C_pruned70_Mask_pruning,61-70970-0040.wav,generated_audios/generated_H3_512C_pruned70/61-70970-0040_generated.wav,4.165034,0.745621,0.7422,0.179019,0.178198,2.08565,0.947435,0.296668
H3_512C_pruned70_Mask_pruning,672-122797-0000.wav,generated_audios/generated_H3_512C_pruned70/672-122797-0000_generated.wav,4.070023,1.193464,1.190033,0.293233,0.29239,2.229274,0.946492,0.302191
H3_512C_pruned70_Mask_pruning,672-122797-0001.wav,generated_audios/generated_H3_512C_pruned70/672-122797-0001_generated.wav,15.130023,6.178497,6.174082,0.40836,0.408068,2.679044,0.947186,0.302265
H3_512C_pruned70_Mask_pruning,672-122797-0002.wav,generated_audios/generated_H3_512C_pruned70/672-122797-0002_generated.wav,13.62,5.640199,5.635697,0.414112,0.413781,2.373239,0.943645,0.299318
H3_512C_pruned70_Mask_pruning,672-122797-0003.wav,generated_audios/generated_H3_512C_pruned70/672-122797-0003_generated.wav,4.76,1.400535,1.397254,0.29423,0.293541,2.117854,0.92087,0.302458
H3_512C_pruned70_Mask_pruning,672-122797-0004.wav,generated_audios/generated_H3_512C_pruned70/672-122797-0004_generated.wav,10.250023,3.185462,3.181504,0.310776,0.31039,2.359558,0.913541,0.307099
H3_512C_pruned70_Mask_pruning,672-122797-0005.wav,generated_audios/generated_H3_512C_pruned70/672-122797-0005_generated.wav,3.26,0.972161,0.96879,0.298209,0.297175,2.465082,0.883004,0.303275
H3_512C_pruned70_Mask_pruning,672-122797-0006.wav,generated_audios/generated_H3_512C_pruned70/672-122797-0006_generated.wav,13.950023,5.801761,5.797852,0.415896,0.415616,2.032834,0.861027,0.330444
H3_512C_pruned70_Mask_pruning,672-122797-0007.wav,generated_audios/generated_H3_512C_pruned70/672-122797-0007_generated.wav,6.42,1.829869,1.826171,0.285026,0.28445,2.420438,0.891937,0.304721
H3_512C_pruned70_Mask_pruning,672-122797-0008.wav,generated_audios/generated_H3_512C_pruned70/672-122797-0008_generated.wav,30.810023,13.103556,13.097423,0.425302,0.425103,2.466482,0.893532,0.304649
H3_512C_pruned70_Mask_pruning,672-122797-0009.wav,generated_audios/generated_H3_512C_pruned70/672-122797-0009_generated.wav,2.765034,0.50801,0.50471,0.183727,0.182533,2.054135,0.850034,0.353431
H3_512C_pruned70_Mask_pruning,672-122797-0010.wav,generated_audios/generated_H3_512C_pruned70/672-122797-0010_generated.wav,3.815011,0.686346,0.682946,0.179907,0.179015,2.228954,0.917341,0.319418
H3_512C_pruned70_Mask_pruning,672-122797-0011.wav,generated_audios/generated_H3_512C_pruned70/672-122797-0011_generated.wav,2.54,0.752466,0.749161,0.296247,0.294945,2.164918,0.891601,0.351204
H3_512C_pruned70_Mask_pruning,672-122797-0012.wav,generated_audios/generated_H3_512C_pruned70/672-122797-0012_generated.wav,7.765034,2.317173,2.31344,0.298411,0.29793,2.011161,0.888496,0.317963
H3_512C_pruned70_Mask_pruning,672-122797-0013.wav,generated_audios/generated_H3_512C_pruned70/672-122797-0013_generated.wav,8.705034,2.564899,2.560797,0.294645,0.294174,2.210922,0.867413,0.32226
H3_512C_pruned70_Mask_pruning,672-122797-0014.wav,generated_audios/generated_H3_512C_pruned70/672-122797-0014_generated.wav,2.555011,0.485512,0.482112,0.190023,0.188693,2.189301,0.892563,0.332646
H3_512C_pruned70_Mask_pruning,672-122797-0015.wav,generated_audios/generated_H3_512C_pruned70/672-122797-0015_generated.wav,4.455011,0.797869,0.794206,0.179095,0.178273,2.10343,0.890562,0.352761
H3_512C_pruned70_Mask_pruning,672-122797-0016.wav,generated_audios/generated_H3_512C_pruned70/672-122797-0016_generated.wav,9.215011,2.709638,2.705442,0.294046,0.293591,2.103389,0.882667,0.326772
H3_512C_pruned70_Mask_pruning,672-122797-0017.wav,generated_audios/generated_H3_512C_pruned70/672-122797-0017_generated.wav,4.82,1.386055,1.382768,0.287563,0.286881,2.104,0.879556,0.337671
H3_512C_pruned70_Mask_pruning,672-122797-0018.wav,generated_audios/generated_H3_512C_pruned70/672-122797-0018_generated.wav,4.930023,1.430697,1.427109,0.290201,0.289473,2.262495,0.917971,0.308342
H3_512C_pruned70_Mask_pruning,672-122797-0019.wav,generated_audios/generated_H3_512C_pruned70/672-122797-0019_generated.wav,4.110023,1.17036,1.166784,0.284758,0.283887,2.60481,0.905437,0.320554
H3_512C_pruned70_Mask_pruning,672-122797-0020.wav,generated_audios/generated_H3_512C_pruned70/672-122797-0020_generated.wav,8.825034,2.596842,2.592837,0.294259,0.293805,2.279104,0.888415,0.305563
H3_512C_pruned70_Mask_pruning,672-122797-0021.wav,generated_audios/generated_H3_512C_pruned70/672-122797-0021_generated.wav,4.150023,0.753147,0.749649,0.18148,0.180637,2.464375,0.943122,0.295686
H3_512C_pruned70_Mask_pruning,672-122797-0022.wav,generated_audios/generated_H3_512C_pruned70/672-122797-0022_generated.wav,19.004943,7.47776,7.472503,0.393464,0.393187,2.538669,0.886974,0.297075
H3_512C_pruned70_Mask_pruning,672-122797-0023.wav,generated_audios/generated_H3_512C_pruned70/672-122797-0023_generated.wav,9.695102,2.856082,2.852035,0.29459,0.294173,2.206265,0.907242,0.302375
H3_512C_pruned70_Mask_pruning,672-122797-0024.wav,generated_audios/generated_H3_512C_pruned70/672-122797-0024_generated.wav,4.130023,1.217952,1.214392,0.294902,0.29404,2.161302,0.875207,0.293494
H3_512C_pruned70_Mask_pruning,672-122797-0025.wav,generated_audios/generated_H3_512C_pruned70/672-122797-0025_generated.wav,10.690023,3.198501,3.194513,0.299204,0.298831,2.533996,0.931702,0.304995
H3_512C_pruned70_Mask_pruning,672-122797-0026.wav,generated_audios/generated_H3_512C_pruned70/672-122797-0026_generated.wav,13.96,4.99424,4.989861,0.357754,0.35744,2.120955,0.902973,0.304106
H3_512C_pruned70_Mask_pruning,672-122797-0027.wav,generated_audios/generated_H3_512C_pruned70/672-122797-0027_generated.wav,4.790023,0.860375,0.856432,0.179618,0.178795,2.096606,0.877145,0.298578
H3_512C_pruned70_Mask_pruning,672-122797-0028.wav,generated_audios/generated_H3_512C_pruned70/672-122797-0028_generated.wav,2.610023,0.482813,0.479563,0.184984,0.183739,2.231305,0.921919,0.309074
H3_512C_pruned70_Mask_pruning,672-122797-0029.wav,generated_audios/generated_H3_512C_pruned70/672-122797-0029_generated.wav,3.050023,0.567964,0.564853,0.186216,0.185196,2.981145,0.952353,0.306985
H3_512C_pruned70_Mask_pruning,672-122797-0030.wav,generated_audios/generated_H3_512C_pruned70/672-122797-0030_generated.wav,4.575011,1.312087,1.308586,0.286794,0.286029,2.152662,0.918331,0.321738
H3_512C_pruned70_Mask_pruning,672-122797-0031.wav,generated_audios/generated_H3_512C_pruned70/672-122797-0031_generated.wav,3.98,0.716892,0.713454,0.180124,0.17926,2.304972,0.8956,0.315595
H3_512C_pruned70_Mask_pruning,672-122797-0032.wav,generated_audios/generated_H3_512C_pruned70/672-122797-0032_generated.wav,4.0,0.713856,0.71031,0.178464,0.177577,2.203802,0.893544,0.302488
H3_512C_pruned70_Mask_pruning,672-122797-0033.wav,generated_audios/generated_H3_512C_pruned70/672-122797-0033_generated.wav,1.285034,0.405717,0.402576,0.315725,0.31328,2.197406,0.83725,0.339691
H3_512C_pruned70_Mask_pruning,672-122797-0034.wav,generated_audios/generated_H3_512C_pruned70/672-122797-0034_generated.wav,5.110023,0.910443,0.90675,0.178168,0.177445,2.188457,0.936251,0.311757
H3_512C_pruned70_Mask_pruning,672-122797-0035.wav,generated_audios/generated_H3_512C_pruned70/672-122797-0035_generated.wav,2.9,0.540457,0.53696,0.186365,0.185159,1.964813,0.934137,0.324349
H3_512C_pruned70_Mask_pruning,672-122797-0036.wav,generated_audios/generated_H3_512C_pruned70/672-122797-0036_generated.wav,5.365034,0.969085,0.965558,0.18063,0.179972,2.028149,0.862574,0.33415
H3_512C_pruned70_Mask_pruning,672-122797-0037.wav,generated_audios/generated_H3_512C_pruned70/672-122797-0037_generated.wav,1.96,0.555128,0.551935,0.283228,0.2816,2.077733,0.867083,0.368055
H3_512C_pruned70_Mask_pruning,672-122797-0038.wav,generated_audios/generated_H3_512C_pruned70/672-122797-0038_generated.wav,8.8,2.565321,2.561097,0.291514,0.291034,2.402542,0.897213,0.305057
H3_512C_pruned70_Mask_pruning,672-122797-0039.wav,generated_audios/generated_H3_512C_pruned70/672-122797-0039_generated.wav,4.025034,1.170445,1.167291,0.290791,0.290008,2.432628,0.916065,0.317313
H3_512C_pruned70_Mask_pruning,672-122797-0040.wav,generated_audios/generated_H3_512C_pruned70/672-122797-0040_generated.wav,5.125034,0.922105,0.918455,0.179922,0.17921,2.529985,0.909672,0.299933
H3_512C_pruned70_Mask_pruning,672-122797-0041.wav,generated_audios/generated_H3_512C_pruned70/672-122797-0041_generated.wav,3.88,0.691393,0.687988,0.178194,0.177316,2.301444,0.921437,0.304476
H3_512C_pruned70_Mask_pruning,672-122797-0042.wav,generated_audios/generated_H3_512C_pruned70/672-122797-0042_generated.wav,15.310023,5.463448,5.459045,0.356854,0.356567,2.389154,0.815109,0.296178
H3_512C_pruned70_Mask_pruning,672-122797-0043.wav,generated_audios/generated_H3_512C_pruned70/672-122797-0043_generated.wav,3.78,0.674001,0.670434,0.178307,0.177363,2.1042,0.849021,0.332098
H3_512C_pruned70_Mask_pruning,672-122797-0044.wav,generated_audios/generated_H3_512C_pruned70/672-122797-0044_generated.wav,3.74,0.666744,0.663405,0.178274,0.177381,2.686165,0.887006,0.298264
H3_512C_pruned70_Mask_pruning,672-122797-0045.wav,generated_audios/generated_H3_512C_pruned70/672-122797-0045_generated.wav,13.96,3.439849,3.43559,0.246408,0.246102,2.423668,0.937295,0.300182
H3_512C_pruned70_Mask_pruning,672-122797-0046.wav,generated_audios/generated_H3_512C_pruned70/672-122797-0046_generated.wav,4.715011,1.356737,1.353261,0.287748,0.287011,2.324686,0.904585,0.320608
H3_512C_pruned70_Mask_pruning,672-122797-0047.wav,generated_audios/generated_H3_512C_pruned70/672-122797-0047_generated.wav,3.325034,0.982188,0.978951,0.295392,0.294418,2.43271,0.878519,0.345723
H3_512C_pruned70_Mask_pruning,672-122797-0048.wav,generated_audios/generated_H3_512C_pruned70/672-122797-0048_generated.wav,6.555011,1.191846,1.188145,0.181822,0.181258,1.571074,0.847728,0.307539
H3_512C_pruned70_Mask_pruning,672-122797-0049.wav,generated_audios/generated_H3_512C_pruned70/672-122797-0049_generated.wav,2.02,0.364433,0.361245,0.180412,0.178834,2.119139,0.847063,0.31239
H3_512C_pruned70_Mask_pruning,672-122797-0050.wav,generated_audios/generated_H3_512C_pruned70/672-122797-0050_generated.wav,4.855011,1.43166,1.427966,0.294883,0.294122,2.406451,0.908056,0.299227
H3_512C_pruned70_Mask_pruning,672-122797-0051.wav,generated_audios/generated_H3_512C_pruned70/672-122797-0051_generated.wav,4.665034,1.365441,1.362155,0.292697,0.291992,2.333227,0.884067,0.32099
H3_512C_pruned70_Mask_pruning,672-122797-0052.wav,generated_audios/generated_H3_512C_pruned70/672-122797-0052_generated.wav,4.285034,1.202543,1.199009,0.280638,0.279813,1.964034,0.904863,0.328579
H3_512C_pruned70_Mask_pruning,672-122797-0053.wav,generated_audios/generated_H3_512C_pruned70/672-122797-0053_generated.wav,2.955011,0.540252,0.537008,0.182826,0.181728,2.13965,0.899487,0.301343
H3_512C_pruned70_Mask_pruning,672-122797-0054.wav,generated_audios/generated_H3_512C_pruned70/672-122797-0054_generated.wav,4.250023,0.758607,0.755056,0.178495,0.177659,2.402937,0.874833,0.313342
H3_512C_pruned70_Mask_pruning,672-122797-0055.wav,generated_audios/generated_H3_512C_pruned70/672-122797-0055_generated.wav,8.230023,2.409413,2.405458,0.292759,0.292278,2.587001,0.890854,0.299112
H3_512C_pruned70_Mask_pruning,672-122797-0056.wav,generated_audios/generated_H3_512C_pruned70/672-122797-0056_generated.wav,5.225034,0.93808,0.934549,0.179536,0.17886,2.443561,0.929464,0.294015
H3_512C_pruned70_Mask_pruning,672-122797-0057.wav,generated_audios/generated_H3_512C_pruned70/672-122797-0057_generated.wav,6.56,1.185648,1.181793,0.180739,0.180151,2.343235,0.85288,0.321354
H3_512C_pruned70_Mask_pruning,672-122797-0058.wav,generated_audios/generated_H3_512C_pruned70/672-122797-0058_generated.wav,4.470023,1.320083,1.316916,0.295319,0.294611,2.040666,0.856405,0.323168
H3_512C_pruned70_Mask_pruning,672-122797-0059.wav,generated_audios/generated_H3_512C_pruned70/672-122797-0059_generated.wav,3.52,1.008439,1.00501,0.286488,0.285514,2.33264,0.90426,0.304904
H3_512C_pruned70_Mask_pruning,672-122797-0060.wav,generated_audios/generated_H3_512C_pruned70/672-122797-0060_generated.wav,3.350023,0.59768,0.594541,0.178411,0.177474,2.761437,0.953551,0.30857
H3_512C_pruned70_Mask_pruning,672-122797-0061.wav,generated_audios/generated_H3_512C_pruned70/672-122797-0061_generated.wav,7.590023,2.212073,2.208077,0.291445,0.290918,2.408893,0.915103,0.339759
H3_512C_pruned70_Mask_pruning,672-122797-0062.wav,generated_audios/generated_H3_512C_pruned70/672-122797-0062_generated.wav,2.675011,0.794608,0.791137,0.297049,0.295751,2.468975,0.81676,0.31073
H3_512C_pruned70_Mask_pruning,672-122797-0063.wav,generated_audios/generated_H3_512C_pruned70/672-122797-0063_generated.wav,5.075011,0.902247,0.8985,0.177782,0.177044,2.561744,0.916213,0.310636
H3_512C_pruned70_Mask_pruning,672-122797-0064.wav,generated_audios/generated_H3_512C_pruned70/672-122797-0064_generated.wav,15.270023,5.474544,5.470157,0.358516,0.358228,2.339178,0.892601,0.310891
H3_512C_pruned70_Mask_pruning,672-122797-0065.wav,generated_audios/generated_H3_512C_pruned70/672-122797-0065_generated.wav,3.030023,0.544906,0.541879,0.179836,0.178836,2.04334,0.889738,0.306865
H3_512C_pruned70_Mask_pruning,672-122797-0066.wav,generated_audios/generated_H3_512C_pruned70/672-122797-0066_generated.wav,4.815011,0.863598,0.86001,0.179355,0.17861,2.461552,0.947367,0.301237
H3_512C_pruned70_Mask_pruning,672-122797-0067.wav,generated_audios/generated_H3_512C_pruned70/672-122797-0067_generated.wav,13.035011,4.637603,4.63321,0.355781,0.355444,2.347806,0.931964,0.300996
H3_512C_pruned70_Mask_pruning,672-122797-0068.wav,generated_audios/generated_H3_512C_pruned70/672-122797-0068_generated.wav,4.02,0.727313,0.723763,0.180924,0.180041,2.532892,0.890637,0.296405
H3_512C_pruned70_Mask_pruning,672-122797-0069.wav,generated_audios/generated_H3_512C_pruned70/672-122797-0069_generated.wav,5.010023,1.467579,1.464098,0.292929,0.292234,2.531036,0.878692,0.299644
H3_512C_pruned70_Mask_pruning,672-122797-0070.wav,generated_audios/generated_H3_512C_pruned70/672-122797-0070_generated.wav,6.270023,1.816667,1.81269,0.289739,0.289104,2.638334,0.943667,0.304651
H3_512C_pruned70_Mask_pruning,672-122797-0071.wav,generated_audios/generated_H3_512C_pruned70/672-122797-0071_generated.wav,8.875011,2.636647,2.632581,0.297087,0.296628,2.575277,0.948541,0.296602
H3_512C_pruned70_Mask_pruning,672-122797-0072.wav,generated_audios/generated_H3_512C_pruned70/672-122797-0072_generated.wav,7.94,2.322536,2.318289,0.292511,0.291976,2.513852,0.892927,0.305295
H3_512C_pruned70_Mask_pruning,672-122797-0073.wav,generated_audios/generated_H3_512C_pruned70/672-122797-0073_generated.wav,8.205034,2.408314,2.404389,0.293517,0.293038,2.524516,0.922649,0.303813
H3_512C_pruned70_Mask_pruning,672-122797-0074.wav,generated_audios/generated_H3_512C_pruned70/672-122797-0074_generated.wav,8.730023,2.545899,2.541555,0.291626,0.291128,2.767074,0.813202,0.296414
H3_512C_pruned70_Mask_pruning,908-157963-0000.wav,generated_audios/generated_H3_512C_pruned70/908-157963-0000_generated.wav,12.62,4.468117,4.463681,0.35405,0.353699,2.285727,0.927497,0.3073
H3_512C_pruned70_Mask_pruning,908-157963-0001.wav,generated_audios/generated_H3_512C_pruned70/908-157963-0001_generated.wav,2.885034,0.892304,0.888257,0.309287,0.307884,2.352067,0.953477,0.311259
H3_512C_pruned70_Mask_pruning,908-157963-0002.wav,generated_audios/generated_H3_512C_pruned70/908-157963-0002_generated.wav,2.755011,0.801423,0.798117,0.290896,0.289696,2.529919,0.947255,0.308075
H3_512C_pruned70_Mask_pruning,908-157963-0003.wav,generated_audios/generated_H3_512C_pruned70/908-157963-0003_generated.wav,3.08,0.91096,0.908907,0.295766,0.2951,2.230933,0.952875,0.311068
H3_512C_pruned70_Mask_pruning,908-157963-0004.wav,generated_audios/generated_H3_512C_pruned70/908-157963-0004_generated.wav,13.990023,4.998079,4.993296,0.35726,0.356918,2.356908,0.925813,0.301679
H3_512C_pruned70_Mask_pruning,908-157963-0005.wav,generated_audios/generated_H3_512C_pruned70/908-157963-0005_generated.wav,7.035011,2.066241,2.062875,0.293708,0.29323,2.159253,0.926647,0.305856
H3_512C_pruned70_Mask_pruning,908-157963-0006.wav,generated_audios/generated_H3_512C_pruned70/908-157963-0006_generated.wav,8.110023,2.541873,2.463084,0.313424,0.303709,2.323425,0.9271,0.306459
H3_512C_pruned70_Mask_pruning,908-157963-0007.wav,generated_audios/generated_H3_512C_pruned70/908-157963-0007_generated.wav,32.770023,13.775609,13.768607,0.420372,0.420159,2.176397,0.930041,0.304842
H3_512C_pruned70_Mask_pruning,908-157963-0008.wav,generated_audios/generated_H3_512C_pruned70/908-157963-0008_generated.wav,19.950023,7.242757,7.237142,0.363045,0.362764,2.331162,0.931617,0.303458
H3_512C_pruned70_Mask_pruning,908-157963-0009.wav,generated_audios/generated_H3_512C_pruned70/908-157963-0009_generated.wav,4.06,1.200821,1.196992,0.295769,0.294826,2.292007,0.942502,0.295975
H3_512C_pruned70_Mask_pruning,908-157963-0010.wav,generated_audios/generated_H3_512C_pruned70/908-157963-0010_generated.wav,6.28,1.145468,1.141529,0.182399,0.181772,2.201286,0.889004,0.306186
H3_512C_pruned70_Mask_pruning,908-157963-0011.wav,generated_audios/generated_H3_512C_pruned70/908-157963-0011_generated.wav,10.395011,1.979917,1.975371,0.190468,0.190031,2.132645,0.925827,0.308256
H3_512C_pruned70_Mask_pruning,908-157963-0012.wav,generated_audios/generated_H3_512C_pruned70/908-157963-0012_generated.wav,10.090023,2.966933,2.962384,0.294046,0.293595,2.126797,0.902673,0.297592
H3_512C_pruned70_Mask_pruning,908-157963-0013.wav,generated_audios/generated_H3_512C_pruned70/908-157963-0013_generated.wav,4.315011,0.786559,0.782827,0.182284,0.18142,2.108126,0.938658,0.310451
H3_512C_pruned70_Mask_pruning,908-157963-0014.wav,generated_audios/generated_H3_512C_pruned70/908-157963-0014_generated.wav,4.52,0.816153,0.812593,0.180565,0.179777,2.483327,0.934002,0.304685
H3_512C_pruned70_Mask_pruning,908-157963-0015.wav,generated_audios/generated_H3_512C_pruned70/908-157963-0015_generated.wav,14.465034,5.190275,5.185679,0.358815,0.358498,2.426983,0.940977,0.306399
H3_512C_pruned70_Mask_pruning,908-157963-0016.wav,generated_audios/generated_H3_512C_pruned70/908-157963-0016_generated.wav,5.105034,0.923712,0.919403,0.180941,0.180097,2.257232,0.946431,0.301741
H3_512C_pruned70_Mask_pruning,908-157963-0017.wav,generated_audios/generated_H3_512C_pruned70/908-157963-0017_generated.wav,4.950023,1.429932,1.426381,0.288874,0.288156,2.379621,0.943004,0.310039
H3_512C_pruned70_Mask_pruning,908-157963-0018.wav,generated_audios/generated_H3_512C_pruned70/908-157963-0018_generated.wav,4.255011,0.768593,0.764991,0.180632,0.179786,2.211705,0.92363,0.312728
H3_512C_pruned70_Mask_pruning,908-157963-0019.wav,generated_audios/generated_H3_512C_pruned70/908-157963-0019_generated.wav,21.44,8.934099,8.928678,0.416702,0.41645,2.200284,0.933385,0.306316
H3_512C_pruned70_Mask_pruning,908-157963-0020.wav,generated_audios/generated_H3_512C_pruned70/908-157963-0020_generated.wav,9.8,2.949377,2.945792,0.300957,0.300591,2.180818,0.932606,0.302616
H3_512C_pruned70_Mask_pruning,908-157963-0021.wav,generated_audios/generated_H3_512C_pruned70/908-157963-0021_generated.wav,10.24,1.966319,1.961881,0.192023,0.19159,2.317776,0.936905,0.299496
H3_512C_pruned70_Mask_pruning,908-157963-0022.wav,generated_audios/generated_H3_512C_pruned70/908-157963-0022_generated.wav,4.610023,1.366794,1.363116,0.296483,0.295685,1.907454,0.929439,0.305371
H3_512C_pruned70_Mask_pruning,908-157963-0023.wav,generated_audios/generated_H3_512C_pruned70/908-157963-0023_generated.wav,9.625034,2.890526,2.886138,0.300313,0.299857,2.267826,0.916577,0.301905
H3_512C_pruned70_Mask_pruning,908-157963-0024.wav,generated_audios/generated_H3_512C_pruned70/908-157963-0024_generated.wav,3.44,1.006732,1.003357,0.292655,0.291674,2.022452,0.923655,0.306281
H3_512C_pruned70_Mask_pruning,908-157963-0025.wav,generated_audios/generated_H3_512C_pruned70/908-157963-0025_generated.wav,9.265034,2.763071,2.75868,0.298226,0.297752,2.22203,0.926153,0.302985
H3_512C_pruned70_Mask_pruning,908-157963-0026.wav,generated_audios/generated_H3_512C_pruned70/908-157963-0026_generated.wav,8.1,2.384533,2.380635,0.294387,0.293906,2.151122,0.925232,0.298488
H3_512C_pruned70_Mask_pruning,908-157963-0027.wav,generated_audios/generated_H3_512C_pruned70/908-157963-0027_generated.wav,5.225034,0.941757,0.938158,0.180239,0.179551,2.113669,0.893754,0.300852
H3_512C_pruned70_Mask_pruning,908-157963-0028.wav,generated_audios/generated_H3_512C_pruned70/908-157963-0028_generated.wav,4.955011,0.863148,0.859485,0.174197,0.173458,2.35343,0.945845,0.308029
H3_512C_pruned70_Mask_pruning,908-157963-0029.wav,generated_audios/generated_H3_512C_pruned70/908-157963-0029_generated.wav,3.630023,1.043169,1.039502,0.287373,0.286362,2.422555,0.957394,0.297902
H3_512C_pruned70_Mask_pruning,908-157963-0030.wav,generated_audios/generated_H3_512C_pruned70/908-157963-0030_generated.wav,4.52,0.814505,0.810729,0.1802,0.179365,2.123354,0.944116,0.315468
H3_512C_pruned70_Mask_pruning,908-31957-0000.wav,generated_audios/generated_H3_512C_pruned70/908-31957-0000_generated.wav,2.125034,0.610152,0.607043,0.287126,0.285663,2.600646,0.935024,0.309735
H3_512C_pruned70_Mask_pruning,908-31957-0001.wav,generated_audios/generated_H3_512C_pruned70/908-31957-0001_generated.wav,11.315011,3.659969,3.60085,0.323461,0.318237,2.14663,0.929464,0.308072
H3_512C_pruned70_Mask_pruning,908-31957-0002.wav,generated_audios/generated_H3_512C_pruned70/908-31957-0002_generated.wav,4.790023,0.863665,0.860222,0.180305,0.179586,2.20479,0.926204,0.305605
H3_512C_pruned70_Mask_pruning,908-31957-0003.wav,generated_audios/generated_H3_512C_pruned70/908-31957-0003_generated.wav,6.565034,1.192228,1.188467,0.181603,0.18103,2.347761,0.940846,0.304314
H3_512C_pruned70_Mask_pruning,908-31957-0004.wav,generated_audios/generated_H3_512C_pruned70/908-31957-0004_generated.wav,14.755011,5.559355,5.554719,0.376777,0.376463,2.337451,0.937338,0.312618
H3_512C_pruned70_Mask_pruning,908-31957-0005.wav,generated_audios/generated_H3_512C_pruned70/908-31957-0005_generated.wav,4.490023,0.809507,0.806,0.18029,0.179509,2.295486,0.941157,0.304568
H3_512C_pruned70_Mask_pruning,908-31957-0006.wav,generated_audios/generated_H3_512C_pruned70/908-31957-0006_generated.wav,5.890023,1.696093,1.692372,0.28796,0.287329,2.186434,0.930166,0.30549
H3_512C_pruned70_Mask_pruning,908-31957-0007.wav,generated_audios/generated_H3_512C_pruned70/908-31957-0007_generated.wav,5.8,1.052314,1.048384,0.181433,0.180756,2.312128,0.939808,0.312816
H3_512C_pruned70_Mask_pruning,908-31957-0008.wav,generated_audios/generated_H3_512C_pruned70/908-31957-0008_generated.wav,10.005034,3.068692,3.064298,0.306715,0.306276,2.192293,0.934352,0.310863
H3_512C_pruned70_Mask_pruning,908-31957-0009.wav,generated_audios/generated_H3_512C_pruned70/908-31957-0009_generated.wav,7.705034,2.236572,2.233016,0.290274,0.289813,2.289416,0.936526,0.312349
H3_512C_pruned70_Mask_pruning,908-31957-0010.wav,generated_audios/generated_H3_512C_pruned70/908-31957-0010_generated.wav,2.510023,0.709555,0.706198,0.282689,0.281351,2.232761,0.881616,0.295965
H3_512C_pruned70_Mask_pruning,908-31957-0011.wav,generated_audios/generated_H3_512C_pruned70/908-31957-0011_generated.wav,2.335011,0.440124,0.436814,0.188489,0.187072,2.477643,0.917415,0.298858
H3_512C_pruned70_Mask_pruning,908-31957-0012.wav,generated_audios/generated_H3_512C_pruned70/908-31957-0012_generated.wav,7.615011,2.224277,2.22018,0.292091,0.291553,2.231089,0.930519,0.313559
H3_512C_pruned70_Mask_pruning,908-31957-0013.wav,generated_audios/generated_H3_512C_pruned70/908-31957-0013_generated.wav,6.18,1.815236,1.811672,0.293728,0.293151,2.350845,0.918885,0.306259
H3_512C_pruned70_Mask_pruning,908-31957-0014.wav,generated_audios/generated_H3_512C_pruned70/908-31957-0014_generated.wav,7.56,2.195123,2.191121,0.29036,0.289831,2.164005,0.928444,0.298589
H3_512C_pruned70_Mask_pruning,908-31957-0015.wav,generated_audios/generated_H3_512C_pruned70/908-31957-0015_generated.wav,21.465034,9.006083,9.000074,0.41957,0.41929,2.194352,0.932063,0.303373
H3_512C_pruned70_Mask_pruning,908-31957-0016.wav,generated_audios/generated_H3_512C_pruned70/908-31957-0016_generated.wav,6.48,1.944888,1.941035,0.300137,0.299542,2.54192,0.939752,0.304127
H3_512C_pruned70_Mask_pruning,908-31957-0017.wav,generated_audios/generated_H3_512C_pruned70/908-31957-0017_generated.wav,7.795011,2.34654,2.342665,0.301031,0.300534,2.236736,0.942079,0.301699
H3_512C_pruned70_Mask_pruning,908-31957-0018.wav,generated_audios/generated_H3_512C_pruned70/908-31957-0018_generated.wav,3.915011,1.108464,1.104939,0.283132,0.282231,2.241053,0.934452,0.30422
H3_512C_pruned70_Mask_pruning,908-31957-0019.wav,generated_audios/generated_H3_512C_pruned70/908-31957-0019_generated.wav,9.54,2.979208,2.975095,0.312286,0.311855,2.614988,0.941219,0.30503
H3_512C_pruned70_Mask_pruning,908-31957-0020.wav,generated_audios/generated_H3_512C_pruned70/908-31957-0020_generated.wav,5.895011,1.078201,1.07409,0.182901,0.182203,2.41241,0.936498,0.307617
H3_512C_pruned70_Mask_pruning,908-31957-0021.wav,generated_audios/generated_H3_512C_pruned70/908-31957-0021_generated.wav,10.905034,3.431437,3.427186,0.314665,0.314276,2.217544,0.931002,0.304767
H3_512C_pruned70_Mask_pruning,908-31957-0022.wav,generated_audios/generated_H3_512C_pruned70/908-31957-0022_generated.wav,14.1,5.952114,5.947312,0.422136,0.421795,2.221639,0.933636,0.302616
H3_512C_pruned70_Mask_pruning,908-31957-0023.wav,generated_audios/generated_H3_512C_pruned70/908-31957-0023_generated.wav,8.515011,2.698737,2.694821,0.316939,0.316479,2.301381,0.939687,0.304955
H3_512C_pruned70_Mask_pruning,908-31957-0024.wav,generated_audios/generated_H3_512C_pruned70/908-31957-0024_generated.wav,7.54,2.314214,2.305893,0.306925,0.305821,2.259913,0.935824,0.308293
H3_512C_pruned70_Mask_pruning,908-31957-0025.wav,generated_audios/generated_H3_512C_pruned70/908-31957-0025_generated.wav,20.56,8.753457,8.747838,0.425752,0.425479,2.226245,0.936209,0.301525
