### Starting TaskPrologue of job 1687305 on tg093 at Fri Jun  5 08:32:46 PM CEST 2026
Running on cores 32-63 with governor ondemand
Fri Jun  5 20:32:46 2026       
+-----------------------------------------------------------------------------------------+
| NVIDIA-SMI 595.71.05              Driver Version: 595.71.05      CUDA Version: 13.2     |
+-----------------------------------------+------------------------+----------------------+
| GPU  Name                 Persistence-M | Bus-Id          Disp.A | Volatile Uncorr. ECC |
| Fan  Temp   Perf          Pwr:Usage/Cap |           Memory-Usage | GPU-Util  Compute M. |
|                                         |                        |               MIG M. |
|=========================================+========================+======================|
|   0  NVIDIA A100-SXM4-40GB          On  |   00000000:41:00.0 Off |                    0 |
| N/A   44C    P0             56W /  400W |       0MiB /  40960MiB |      0%      Default |
|                                         |                        |             Disabled |
+-----------------------------------------+------------------------+----------------------+

+-----------------------------------------------------------------------------------------+
| Processes:                                                                              |
|  GPU   GI   CI              PID   Type   Process name                        GPU Memory |
|        ID   ID                                                               Usage      |
|=========================================================================================|
|  No running processes found                                                             |
+-----------------------------------------------------------------------------------------+
### Finished TaskPrologue

========== Training Model 512 Channels ==========
Initializing Training Process..
Batch size per GPU : 16
Using CUDA GPU: NVIDIA A100-SXM4-40GB
Generator(
  (conv_pre): Conv1d(80, 512, kernel_size=(7,), stride=(1,), padding=(3,))
  (ups): ModuleList(
    (0): ConvTranspose1d(512, 256, kernel_size=(16,), stride=(8,), padding=(4,))
    (1): ConvTranspose1d(256, 128, kernel_size=(16,), stride=(8,), padding=(4,))
    (2): ConvTranspose1d(128, 64, kernel_size=(4,), stride=(2,), padding=(1,))
    (3): ConvTranspose1d(64, 32, kernel_size=(4,), stride=(2,), padding=(1,))
  )
  (resblocks): ModuleList(
    (0): ResBlock1(
      (convs1): ModuleList(
        (0): Conv1d(256, 256, kernel_size=(3,), stride=(1,), padding=(1,))
        (1): Conv1d(256, 256, kernel_size=(3,), stride=(1,), padding=(3,), dilation=(3,))
        (2): Conv1d(256, 256, kernel_size=(3,), stride=(1,), padding=(5,), dilation=(5,))
      )
      (convs2): ModuleList(
        (0-2): 3 x Conv1d(256, 256, kernel_size=(3,), stride=(1,), padding=(1,))
      )
    )
    (1): ResBlock1(
      (convs1): ModuleList(
        (0): Conv1d(256, 256, kernel_size=(7,), stride=(1,), padding=(3,))
        (1): Conv1d(256, 256, kernel_size=(7,), stride=(1,), padding=(9,), dilation=(3,))
        (2): Conv1d(256, 256, kernel_size=(7,), stride=(1,), padding=(15,), dilation=(5,))
      )
      (convs2): ModuleList(
        (0-2): 3 x Conv1d(256, 256, kernel_size=(7,), stride=(1,), padding=(3,))
      )
    )
    (2): ResBlock1(
      (convs1): ModuleList(
        (0): Conv1d(256, 256, kernel_size=(11,), stride=(1,), padding=(5,))
        (1): Conv1d(256, 256, kernel_size=(11,), stride=(1,), padding=(15,), dilation=(3,))
        (2): Conv1d(256, 256, kernel_size=(11,), stride=(1,), padding=(25,), dilation=(5,))
      )
      (convs2): ModuleList(
        (0-2): 3 x Conv1d(256, 256, kernel_size=(11,), stride=(1,), padding=(5,))
      )
    )
    (3): ResBlock1(
      (convs1): ModuleList(
        (0): Conv1d(128, 128, kernel_size=(3,), stride=(1,), padding=(1,))
        (1): Conv1d(128, 128, kernel_size=(3,), stride=(1,), padding=(3,), dilation=(3,))
        (2): Conv1d(128, 128, kernel_size=(3,), stride=(1,), padding=(5,), dilation=(5,))
      )
      (convs2): ModuleList(
        (0-2): 3 x Conv1d(128, 128, kernel_size=(3,), stride=(1,), padding=(1,))
      )
    )
    (4): ResBlock1(
      (convs1): ModuleList(
        (0): Conv1d(128, 128, kernel_size=(7,), stride=(1,), padding=(3,))
        (1): Conv1d(128, 128, kernel_size=(7,), stride=(1,), padding=(9,), dilation=(3,))
        (2): Conv1d(128, 128, kernel_size=(7,), stride=(1,), padding=(15,), dilation=(5,))
      )
      (convs2): ModuleList(
        (0-2): 3 x Conv1d(128, 128, kernel_size=(7,), stride=(1,), padding=(3,))
      )
    )
    (5): ResBlock1(
      (convs1): ModuleList(
        (0): Conv1d(128, 128, kernel_size=(11,), stride=(1,), padding=(5,))
        (1): Conv1d(128, 128, kernel_size=(11,), stride=(1,), padding=(15,), dilation=(3,))
        (2): Conv1d(128, 128, kernel_size=(11,), stride=(1,), padding=(25,), dilation=(5,))
      )
      (convs2): ModuleList(
        (0-2): 3 x Conv1d(128, 128, kernel_size=(11,), stride=(1,), padding=(5,))
      )
    )
    (6): ResBlock1(
      (convs1): ModuleList(
        (0): Conv1d(64, 64, kernel_size=(3,), stride=(1,), padding=(1,))
        (1): Conv1d(64, 64, kernel_size=(3,), stride=(1,), padding=(3,), dilation=(3,))
        (2): Conv1d(64, 64, kernel_size=(3,), stride=(1,), padding=(5,), dilation=(5,))
      )
      (convs2): ModuleList(
        (0-2): 3 x Conv1d(64, 64, kernel_size=(3,), stride=(1,), padding=(1,))
      )
    )
    (7): ResBlock1(
      (convs1): ModuleList(
        (0): Conv1d(64, 64, kernel_size=(7,), stride=(1,), padding=(3,))
        (1): Conv1d(64, 64, kernel_size=(7,), stride=(1,), padding=(9,), dilation=(3,))
        (2): Conv1d(64, 64, kernel_size=(7,), stride=(1,), padding=(15,), dilation=(5,))
      )
      (convs2): ModuleList(
        (0-2): 3 x Conv1d(64, 64, kernel_size=(7,), stride=(1,), padding=(3,))
      )
    )
    (8): ResBlock1(
      (convs1): ModuleList(
        (0): Conv1d(64, 64, kernel_size=(11,), stride=(1,), padding=(5,))
        (1): Conv1d(64, 64, kernel_size=(11,), stride=(1,), padding=(15,), dilation=(3,))
        (2): Conv1d(64, 64, kernel_size=(11,), stride=(1,), padding=(25,), dilation=(5,))
      )
      (convs2): ModuleList(
        (0-2): 3 x Conv1d(64, 64, kernel_size=(11,), stride=(1,), padding=(5,))
      )
    )
    (9): ResBlock1(
      (convs1): ModuleList(
        (0): Conv1d(32, 32, kernel_size=(3,), stride=(1,), padding=(1,))
        (1): Conv1d(32, 32, kernel_size=(3,), stride=(1,), padding=(3,), dilation=(3,))
        (2): Conv1d(32, 32, kernel_size=(3,), stride=(1,), padding=(5,), dilation=(5,))
      )
      (convs2): ModuleList(
        (0-2): 3 x Conv1d(32, 32, kernel_size=(3,), stride=(1,), padding=(1,))
      )
    )
    (10): ResBlock1(
      (convs1): ModuleList(
        (0): Conv1d(32, 32, kernel_size=(7,), stride=(1,), padding=(3,))
        (1): Conv1d(32, 32, kernel_size=(7,), stride=(1,), padding=(9,), dilation=(3,))
        (2): Conv1d(32, 32, kernel_size=(7,), stride=(1,), padding=(15,), dilation=(5,))
      )
      (convs2): ModuleList(
        (0-2): 3 x Conv1d(32, 32, kernel_size=(7,), stride=(1,), padding=(3,))
      )
    )
    (11): ResBlock1(
      (convs1): ModuleList(
        (0): Conv1d(32, 32, kernel_size=(11,), stride=(1,), padding=(5,))
        (1): Conv1d(32, 32, kernel_size=(11,), stride=(1,), padding=(15,), dilation=(3,))
        (2): Conv1d(32, 32, kernel_size=(11,), stride=(1,), padding=(25,), dilation=(5,))
      )
      (convs2): ModuleList(
        (0-2): 3 x Conv1d(32, 32, kernel_size=(11,), stride=(1,), padding=(5,))
      )
    )
  )
  (conv_post): Conv1d(32, 1, kernel_size=(7,), stride=(1,), padding=(3,))
)
checkpoints directory :  /home/hpc/vlbi/vlbi107v/hifi-gan/cp_hifigan/v1_c512
history checkpoints directory :  /home/woody/vlbi/vlbi107v/cp_hifigan/v1_c512
Loading '/home/hpc/vlbi/vlbi107v/hifi-gan/cp_hifigan/v1_c512/g_06610000'
Complete.
Loading '/home/hpc/vlbi/vlbi107v/hifi-gan/cp_hifigan/v1_c512/do_06610000'
Complete.
Epoch: 3693
Steps : 6610005, Gen Loss Total : 26.885, Mel-Spec. Error : 0.212, s/b : 0.214
Steps : 6610010, Gen Loss Total : 24.743, Mel-Spec. Error : 0.200, s/b : 0.209
Steps : 6610015, Gen Loss Total : 23.747, Mel-Spec. Error : 0.196, s/b : 0.213
Steps : 6610020, Gen Loss Total : 22.637, Mel-Spec. Error : 0.201, s/b : 0.215
Steps : 6610025, Gen Loss Total : 25.226, Mel-Spec. Error : 0.199, s/b : 0.210
Steps : 6610030, Gen Loss Total : 27.953, Mel-Spec. Error : 0.204, s/b : 0.209
Steps : 6610035, Gen Loss Total : 25.103, Mel-Spec. Error : 0.202, s/b : 0.215
Steps : 6610040, Gen Loss Total : 25.571, Mel-Spec. Error : 0.190, s/b : 0.211
Steps : 6610045, Gen Loss Total : 23.912, Mel-Spec. Error : 0.197, s/b : 0.211
Steps : 6610050, Gen Loss Total : 25.896, Mel-Spec. Error : 0.202, s/b : 0.211
Steps : 6610055, Gen Loss Total : 27.211, Mel-Spec. Error : 0.204, s/b : 0.209
Steps : 6610060, Gen Loss Total : 26.298, Mel-Spec. Error : 0.204, s/b : 0.211
Steps : 6610065, Gen Loss Total : 24.319, Mel-Spec. Error : 0.204, s/b : 0.213
Steps : 6610070, Gen Loss Total : 26.492, Mel-Spec. Error : 0.200, s/b : 0.212
Steps : 6610075, Gen Loss Total : 25.639, Mel-Spec. Error : 0.208, s/b : 0.214
Steps : 6610080, Gen Loss Total : 26.424, Mel-Spec. Error : 0.210, s/b : 0.217
Steps : 6610085, Gen Loss Total : 25.756, Mel-Spec. Error : 0.200, s/b : 0.211
Steps : 6610090, Gen Loss Total : 27.469, Mel-Spec. Error : 0.205, s/b : 0.211
Steps : 6610095, Gen Loss Total : 29.104, Mel-Spec. Error : 0.206, s/b : 0.212
Steps : 6610100, Gen Loss Total : 26.461, Mel-Spec. Error : 0.204, s/b : 0.215
Steps : 6610105, Gen Loss Total : 27.132, Mel-Spec. Error : 0.199, s/b : 0.210
Steps : 6610110, Gen Loss Total : 23.679, Mel-Spec. Error : 0.196, s/b : 0.209
Steps : 6610115, Gen Loss Total : 24.121, Mel-Spec. Error : 0.200, s/b : 0.211
Steps : 6610120, Gen Loss Total : 27.111, Mel-Spec. Error : 0.207, s/b : 0.210
Steps : 6610125, Gen Loss Total : 26.926, Mel-Spec. Error : 0.210, s/b : 0.212
Steps : 6610130, Gen Loss Total : 26.808, Mel-Spec. Error : 0.210, s/b : 0.211
Steps : 6610135, Gen Loss Total : 26.194, Mel-Spec. Error : 0.209, s/b : 0.210
Steps : 6610140, Gen Loss Total : 25.285, Mel-Spec. Error : 0.196, s/b : 0.210
Steps : 6610145, Gen Loss Total : 24.142, Mel-Spec. Error : 0.199, s/b : 0.214
Steps : 6610150, Gen Loss Total : 27.080, Mel-Spec. Error : 0.208, s/b : 0.209
Steps : 6610155, Gen Loss Total : 26.414, Mel-Spec. Error : 0.205, s/b : 0.211
Steps : 6610160, Gen Loss Total : 25.337, Mel-Spec. Error : 0.201, s/b : 0.213
Steps : 6610165, Gen Loss Total : 26.111, Mel-Spec. Error : 0.202, s/b : 0.214
Steps : 6610170, Gen Loss Total : 26.428, Mel-Spec. Error : 0.198, s/b : 0.210
Steps : 6610175, Gen Loss Total : 30.067, Mel-Spec. Error : 0.209, s/b : 0.213
Steps : 6610180, Gen Loss Total : 28.109, Mel-Spec. Error : 0.202, s/b : 0.211
Steps : 6610185, Gen Loss Total : 27.937, Mel-Spec. Error : 0.203, s/b : 0.214
Steps : 6610190, Gen Loss Total : 26.292, Mel-Spec. Error : 0.207, s/b : 0.210
Steps : 6610195, Gen Loss Total : 28.982, Mel-Spec. Error : 0.207, s/b : 0.212
Steps : 6610200, Gen Loss Total : 26.180, Mel-Spec. Error : 0.207, s/b : 0.215
Steps : 6610205, Gen Loss Total : 27.989, Mel-Spec. Error : 0.205, s/b : 0.211
Steps : 6610210, Gen Loss Total : 27.307, Mel-Spec. Error : 0.204, s/b : 0.214
Steps : 6610215, Gen Loss Total : 24.493, Mel-Spec. Error : 0.196, s/b : 0.215
Steps : 6610220, Gen Loss Total : 27.015, Mel-Spec. Error : 0.205, s/b : 0.214
Steps : 6610225, Gen Loss Total : 26.226, Mel-Spec. Error : 0.204, s/b : 0.215
Steps : 6610230, Gen Loss Total : 25.222, Mel-Spec. Error : 0.196, s/b : 0.209
Steps : 6610235, Gen Loss Total : 26.852, Mel-Spec. Error : 0.201, s/b : 0.213
Steps : 6610240, Gen Loss Total : 27.130, Mel-Spec. Error : 0.203, s/b : 0.213
Steps : 6610245, Gen Loss Total : 26.845, Mel-Spec. Error : 0.200, s/b : 0.215
Steps : 6610250, Gen Loss Total : 29.049, Mel-Spec. Error : 0.212, s/b : 0.209
Steps : 6610255, Gen Loss Total : 27.390, Mel-Spec. Error : 0.213, s/b : 0.211
Steps : 6610260, Gen Loss Total : 27.219, Mel-Spec. Error : 0.209, s/b : 0.216
Steps : 6610265, Gen Loss Total : 28.140, Mel-Spec. Error : 0.209, s/b : 0.214
Steps : 6610270, Gen Loss Total : 23.100, Mel-Spec. Error : 0.195, s/b : 0.213
Steps : 6610275, Gen Loss Total : 25.842, Mel-Spec. Error : 0.198, s/b : 0.210
Steps : 6610280, Gen Loss Total : 26.769, Mel-Spec. Error : 0.201, s/b : 0.210
Steps : 6610285, Gen Loss Total : 26.149, Mel-Spec. Error : 0.206, s/b : 0.213
Steps : 6610290, Gen Loss Total : 26.496, Mel-Spec. Error : 0.206, s/b : 0.210
Steps : 6610295, Gen Loss Total : 25.191, Mel-Spec. Error : 0.200, s/b : 0.213
Steps : 6610300, Gen Loss Total : 26.421, Mel-Spec. Error : 0.201, s/b : 0.213
Steps : 6610305, Gen Loss Total : 23.948, Mel-Spec. Error : 0.203, s/b : 0.215
Steps : 6610310, Gen Loss Total : 26.287, Mel-Spec. Error : 0.199, s/b : 0.211
Steps : 6610315, Gen Loss Total : 24.761, Mel-Spec. Error : 0.203, s/b : 0.214
Steps : 6610320, Gen Loss Total : 27.036, Mel-Spec. Error : 0.209, s/b : 0.213
Steps : 6610325, Gen Loss Total : 26.372, Mel-Spec. Error : 0.205, s/b : 0.211
Steps : 6610330, Gen Loss Total : 22.474, Mel-Spec. Error : 0.195, s/b : 0.210
Steps : 6610335, Gen Loss Total : 24.519, Mel-Spec. Error : 0.198, s/b : 0.210
Steps : 6610340, Gen Loss Total : 27.491, Mel-Spec. Error : 0.207, s/b : 0.212
Steps : 6610345, Gen Loss Total : 26.748, Mel-Spec. Error : 0.212, s/b : 0.213
Steps : 6610350, Gen Loss Total : 22.750, Mel-Spec. Error : 0.195, s/b : 0.212
Steps : 6610355, Gen Loss Total : 27.739, Mel-Spec. Error : 0.208, s/b : 0.210
Steps : 6610360, Gen Loss Total : 25.332, Mel-Spec. Error : 0.204, s/b : 0.212
Steps : 6610365, Gen Loss Total : 28.253, Mel-Spec. Error : 0.213, s/b : 0.214
Steps : 6610370, Gen Loss Total : 25.672, Mel-Spec. Error : 0.197, s/b : 0.210
Steps : 6610375, Gen Loss Total : 27.335, Mel-Spec. Error : 0.208, s/b : 0.209
Steps : 6610380, Gen Loss Total : 28.144, Mel-Spec. Error : 0.209, s/b : 0.209
Steps : 6610385, Gen Loss Total : 24.839, Mel-Spec. Error : 0.199, s/b : 0.214
Steps : 6610390, Gen Loss Total : 24.178, Mel-Spec. Error : 0.200, s/b : 0.216
Steps : 6610395, Gen Loss Total : 25.292, Mel-Spec. Error : 0.201, s/b : 0.211
Steps : 6610400, Gen Loss Total : 26.749, Mel-Spec. Error : 0.204, s/b : 0.210
Steps : 6610405, Gen Loss Total : 24.436, Mel-Spec. Error : 0.202, s/b : 0.213
Steps : 6610410, Gen Loss Total : 25.568, Mel-Spec. Error : 0.206, s/b : 0.212
Steps : 6610415, Gen Loss Total : 28.602, Mel-Spec. Error : 0.205, s/b : 0.220
Steps : 6610420, Gen Loss Total : 27.461, Mel-Spec. Error : 0.209, s/b : 0.211
Steps : 6610425, Gen Loss Total : 24.967, Mel-Spec. Error : 0.202, s/b : 0.212
Steps : 6610430, Gen Loss Total : 25.097, Mel-Spec. Error : 0.203, s/b : 0.210
Steps : 6610435, Gen Loss Total : 24.524, Mel-Spec. Error : 0.201, s/b : 0.208
Steps : 6610440, Gen Loss Total : 24.402, Mel-Spec. Error : 0.198, s/b : 0.210
Steps : 6610445, Gen Loss Total : 29.137, Mel-Spec. Error : 0.205, s/b : 0.215
Steps : 6610450, Gen Loss Total : 26.354, Mel-Spec. Error : 0.205, s/b : 0.213
Steps : 6610455, Gen Loss Total : 28.519, Mel-Spec. Error : 0.218, s/b : 0.216
Steps : 6610460, Gen Loss Total : 26.691, Mel-Spec. Error : 0.205, s/b : 0.211
Steps : 6610465, Gen Loss Total : 26.486, Mel-Spec. Error : 0.206, s/b : 0.209
Steps : 6610470, Gen Loss Total : 26.301, Mel-Spec. Error : 0.199, s/b : 0.211
Steps : 6610475, Gen Loss Total : 27.254, Mel-Spec. Error : 0.206, s/b : 0.211
Steps : 6610480, Gen Loss Total : 25.561, Mel-Spec. Error : 0.206, s/b : 0.212
Steps : 6610485, Gen Loss Total : 25.680, Mel-Spec. Error : 0.204, s/b : 0.215
Steps : 6610490, Gen Loss Total : 26.449, Mel-Spec. Error : 0.202, s/b : 0.212
Steps : 6610495, Gen Loss Total : 26.953, Mel-Spec. Error : 0.211, s/b : 0.211
Steps : 6610500, Gen Loss Total : 23.365, Mel-Spec. Error : 0.192, s/b : 0.210
Steps : 6610505, Gen Loss Total : 26.339, Mel-Spec. Error : 0.203, s/b : 0.209
Steps : 6610510, Gen Loss Total : 25.588, Mel-Spec. Error : 0.203, s/b : 0.211
Steps : 6610515, Gen Loss Total : 26.612, Mel-Spec. Error : 0.202, s/b : 0.213
Steps : 6610520, Gen Loss Total : 24.760, Mel-Spec. Error : 0.203, s/b : 0.209
Steps : 6610525, Gen Loss Total : 23.628, Mel-Spec. Error : 0.199, s/b : 0.212
Steps : 6610530, Gen Loss Total : 23.927, Mel-Spec. Error : 0.196, s/b : 0.212
Steps : 6610535, Gen Loss Total : 26.246, Mel-Spec. Error : 0.206, s/b : 0.213
Steps : 6610540, Gen Loss Total : 24.563, Mel-Spec. Error : 0.195, s/b : 0.212
Steps : 6610545, Gen Loss Total : 29.350, Mel-Spec. Error : 0.207, s/b : 0.211
Steps : 6610550, Gen Loss Total : 25.914, Mel-Spec. Error : 0.205, s/b : 0.212
Steps : 6610555, Gen Loss Total : 25.767, Mel-Spec. Error : 0.210, s/b : 0.212
Steps : 6610560, Gen Loss Total : 25.722, Mel-Spec. Error : 0.188, s/b : 0.213
Steps : 6610565, Gen Loss Total : 27.328, Mel-Spec. Error : 0.204, s/b : 0.214
Steps : 6610570, Gen Loss Total : 24.137, Mel-Spec. Error : 0.195, s/b : 0.214
Steps : 6610575, Gen Loss Total : 22.983, Mel-Spec. Error : 0.202, s/b : 0.212
Steps : 6610580, Gen Loss Total : 24.548, Mel-Spec. Error : 0.202, s/b : 0.211
Steps : 6610585, Gen Loss Total : 27.146, Mel-Spec. Error : 0.199, s/b : 0.210
Steps : 6610590, Gen Loss Total : 28.234, Mel-Spec. Error : 0.205, s/b : 0.211
Steps : 6610595, Gen Loss Total : 27.397, Mel-Spec. Error : 0.208, s/b : 0.214
Steps : 6610600, Gen Loss Total : 27.776, Mel-Spec. Error : 0.205, s/b : 0.214
Steps : 6610605, Gen Loss Total : 25.129, Mel-Spec. Error : 0.200, s/b : 0.215
Steps : 6610610, Gen Loss Total : 27.756, Mel-Spec. Error : 0.201, s/b : 0.212
Steps : 6610615, Gen Loss Total : 29.526, Mel-Spec. Error : 0.223, s/b : 0.212
Steps : 6610620, Gen Loss Total : 27.208, Mel-Spec. Error : 0.206, s/b : 0.215
Steps : 6610625, Gen Loss Total : 23.571, Mel-Spec. Error : 0.198, s/b : 0.210
Steps : 6610630, Gen Loss Total : 25.464, Mel-Spec. Error : 0.199, s/b : 0.209
Steps : 6610635, Gen Loss Total : 25.155, Mel-Spec. Error : 0.205, s/b : 0.213
Steps : 6610640, Gen Loss Total : 27.684, Mel-Spec. Error : 0.205, s/b : 0.216
Steps : 6610645, Gen Loss Total : 26.109, Mel-Spec. Error : 0.195, s/b : 0.209
Steps : 6610650, Gen Loss Total : 26.443, Mel-Spec. Error : 0.201, s/b : 0.209
Steps : 6610655, Gen Loss Total : 27.604, Mel-Spec. Error : 0.206, s/b : 0.213
Steps : 6610660, Gen Loss Total : 24.745, Mel-Spec. Error : 0.203, s/b : 0.210
Steps : 6610665, Gen Loss Total : 27.183, Mel-Spec. Error : 0.195, s/b : 0.210
Steps : 6610670, Gen Loss Total : 25.272, Mel-Spec. Error : 0.200, s/b : 0.213
Steps : 6610675, Gen Loss Total : 26.819, Mel-Spec. Error : 0.204, s/b : 0.210
Steps : 6610680, Gen Loss Total : 24.888, Mel-Spec. Error : 0.195, s/b : 0.214
Steps : 6610685, Gen Loss Total : 24.476, Mel-Spec. Error : 0.194, s/b : 0.213
Steps : 6610690, Gen Loss Total : 26.010, Mel-Spec. Error : 0.210, s/b : 0.215
Steps : 6610695, Gen Loss Total : 26.561, Mel-Spec. Error : 0.205, s/b : 0.215
Steps : 6610700, Gen Loss Total : 25.097, Mel-Spec. Error : 0.201, s/b : 0.213
Steps : 6610705, Gen Loss Total : 23.782, Mel-Spec. Error : 0.198, s/b : 0.216
Steps : 6610710, Gen Loss Total : 25.003, Mel-Spec. Error : 0.198, s/b : 0.215
Steps : 6610715, Gen Loss Total : 25.356, Mel-Spec. Error : 0.202, s/b : 0.217
Steps : 6610720, Gen Loss Total : 24.999, Mel-Spec. Error : 0.210, s/b : 0.212
Steps : 6610725, Gen Loss Total : 23.777, Mel-Spec. Error : 0.204, s/b : 0.215
Steps : 6610730, Gen Loss Total : 26.526, Mel-Spec. Error : 0.205, s/b : 0.212
Steps : 6610735, Gen Loss Total : 28.467, Mel-Spec. Error : 0.207, s/b : 0.213
Steps : 6610740, Gen Loss Total : 22.901, Mel-Spec. Error : 0.195, s/b : 0.211
Steps : 6610745, Gen Loss Total : 27.483, Mel-Spec. Error : 0.200, s/b : 0.210
Steps : 6610750, Gen Loss Total : 27.336, Mel-Spec. Error : 0.213, s/b : 0.209
Steps : 6610755, Gen Loss Total : 27.717, Mel-Spec. Error : 0.210, s/b : 0.213
Steps : 6610760, Gen Loss Total : 29.134, Mel-Spec. Error : 0.210, s/b : 0.211
Steps : 6610765, Gen Loss Total : 30.814, Mel-Spec. Error : 0.219, s/b : 0.211
Steps : 6610770, Gen Loss Total : 27.142, Mel-Spec. Error : 0.204, s/b : 0.211
Steps : 6610775, Gen Loss Total : 27.979, Mel-Spec. Error : 0.197, s/b : 0.216
Steps : 6610780, Gen Loss Total : 25.230, Mel-Spec. Error : 0.205, s/b : 0.211
Steps : 6610785, Gen Loss Total : 27.593, Mel-Spec. Error : 0.212, s/b : 0.209
Steps : 6610790, Gen Loss Total : 26.714, Mel-Spec. Error : 0.208, s/b : 0.210
Steps : 6610795, Gen Loss Total : 23.879, Mel-Spec. Error : 0.201, s/b : 0.216
Steps : 6610800, Gen Loss Total : 26.615, Mel-Spec. Error : 0.200, s/b : 0.213
Steps : 6610805, Gen Loss Total : 24.026, Mel-Spec. Error : 0.202, s/b : 0.213
Steps : 6610810, Gen Loss Total : 26.377, Mel-Spec. Error : 0.198, s/b : 0.212
Steps : 6610815, Gen Loss Total : 24.501, Mel-Spec. Error : 0.212, s/b : 0.212
Steps : 6610820, Gen Loss Total : 30.162, Mel-Spec. Error : 0.201, s/b : 0.211
Steps : 6610825, Gen Loss Total : 28.162, Mel-Spec. Error : 0.219, s/b : 0.210
Steps : 6610830, Gen Loss Total : 25.571, Mel-Spec. Error : 0.198, s/b : 0.214
Steps : 6610835, Gen Loss Total : 27.795, Mel-Spec. Error : 0.210, s/b : 0.211
Steps : 6610840, Gen Loss Total : 25.936, Mel-Spec. Error : 0.200, s/b : 0.213
Steps : 6610845, Gen Loss Total : 25.313, Mel-Spec. Error : 0.202, s/b : 0.209
Steps : 6610850, Gen Loss Total : 27.505, Mel-Spec. Error : 0.205, s/b : 0.210
Steps : 6610855, Gen Loss Total : 27.434, Mel-Spec. Error : 0.201, s/b : 0.214
Steps : 6610860, Gen Loss Total : 26.254, Mel-Spec. Error : 0.204, s/b : 0.210
Steps : 6610865, Gen Loss Total : 26.272, Mel-Spec. Error : 0.205, s/b : 0.211
Steps : 6610870, Gen Loss Total : 24.261, Mel-Spec. Error : 0.199, s/b : 0.213
Steps : 6610875, Gen Loss Total : 26.058, Mel-Spec. Error : 0.202, s/b : 0.214
Steps : 6610880, Gen Loss Total : 26.842, Mel-Spec. Error : 0.204, s/b : 0.211
Steps : 6610885, Gen Loss Total : 25.002, Mel-Spec. Error : 0.203, s/b : 0.210
Steps : 6610890, Gen Loss Total : 26.362, Mel-Spec. Error : 0.203, s/b : 0.210
Steps : 6610895, Gen Loss Total : 26.466, Mel-Spec. Error : 0.198, s/b : 0.213
Steps : 6610900, Gen Loss Total : 24.367, Mel-Spec. Error : 0.197, s/b : 0.213
Steps : 6610905, Gen Loss Total : 27.782, Mel-Spec. Error : 0.207, s/b : 0.211
Steps : 6610910, Gen Loss Total : 26.932, Mel-Spec. Error : 0.206, s/b : 0.214
Steps : 6610915, Gen Loss Total : 23.149, Mel-Spec. Error : 0.195, s/b : 0.211
Steps : 6610920, Gen Loss Total : 25.477, Mel-Spec. Error : 0.200, s/b : 0.214
Steps : 6610925, Gen Loss Total : 24.877, Mel-Spec. Error : 0.204, s/b : 0.209
Steps : 6610930, Gen Loss Total : 26.626, Mel-Spec. Error : 0.202, s/b : 0.211
Steps : 6610935, Gen Loss Total : 28.347, Mel-Spec. Error : 0.202, s/b : 0.217
Steps : 6610940, Gen Loss Total : 23.943, Mel-Spec. Error : 0.200, s/b : 0.210
Steps : 6610945, Gen Loss Total : 24.300, Mel-Spec. Error : 0.198, s/b : 0.210
Steps : 6610950, Gen Loss Total : 25.239, Mel-Spec. Error : 0.199, s/b : 0.211
Steps : 6610955, Gen Loss Total : 25.929, Mel-Spec. Error : 0.203, s/b : 0.210
Steps : 6610960, Gen Loss Total : 25.103, Mel-Spec. Error : 0.203, s/b : 0.212
Steps : 6610965, Gen Loss Total : 24.684, Mel-Spec. Error : 0.197, s/b : 0.209
Steps : 6610970, Gen Loss Total : 23.003, Mel-Spec. Error : 0.199, s/b : 0.216
Steps : 6610975, Gen Loss Total : 27.459, Mel-Spec. Error : 0.210, s/b : 0.214
Steps : 6610980, Gen Loss Total : 23.672, Mel-Spec. Error : 0.197, s/b : 0.213
Steps : 6610985, Gen Loss Total : 26.319, Mel-Spec. Error : 0.197, s/b : 0.210
Steps : 6610990, Gen Loss Total : 27.745, Mel-Spec. Error : 0.204, s/b : 0.210
Steps : 6610995, Gen Loss Total : 27.438, Mel-Spec. Error : 0.208, s/b : 0.211
Steps : 6611000, Gen Loss Total : 24.988, Mel-Spec. Error : 0.201, s/b : 0.212
Steps : 6611005, Gen Loss Total : 24.620, Mel-Spec. Error : 0.202, s/b : 0.214
Steps : 6611010, Gen Loss Total : 26.958, Mel-Spec. Error : 0.209, s/b : 0.210
Steps : 6611015, Gen Loss Total : 25.339, Mel-Spec. Error : 0.199, s/b : 0.212
Steps : 6611020, Gen Loss Total : 24.510, Mel-Spec. Error : 0.197, s/b : 0.218
Steps : 6611025, Gen Loss Total : 25.535, Mel-Spec. Error : 0.199, s/b : 0.217
Steps : 6611030, Gen Loss Total : 28.512, Mel-Spec. Error : 0.204, s/b : 0.213
Steps : 6611035, Gen Loss Total : 27.286, Mel-Spec. Error : 0.208, s/b : 0.209
Steps : 6611040, Gen Loss Total : 25.663, Mel-Spec. Error : 0.196, s/b : 0.209
Steps : 6611045, Gen Loss Total : 24.923, Mel-Spec. Error : 0.199, s/b : 0.214
Steps : 6611050, Gen Loss Total : 25.915, Mel-Spec. Error : 0.187, s/b : 0.213
Steps : 6611055, Gen Loss Total : 26.317, Mel-Spec. Error : 0.211, s/b : 0.209
Steps : 6611060, Gen Loss Total : 27.470, Mel-Spec. Error : 0.205, s/b : 0.213
Steps : 6611065, Gen Loss Total : 24.810, Mel-Spec. Error : 0.202, s/b : 0.212
Steps : 6611070, Gen Loss Total : 22.561, Mel-Spec. Error : 0.201, s/b : 0.209
Steps : 6611075, Gen Loss Total : 25.670, Mel-Spec. Error : 0.196, s/b : 0.210
Steps : 6611080, Gen Loss Total : 27.085, Mel-Spec. Error : 0.200, s/b : 0.210
Steps : 6611085, Gen Loss Total : 25.739, Mel-Spec. Error : 0.203, s/b : 0.213
Steps : 6611090, Gen Loss Total : 27.474, Mel-Spec. Error : 0.212, s/b : 0.216
Steps : 6611095, Gen Loss Total : 29.353, Mel-Spec. Error : 0.211, s/b : 0.209
Steps : 6611100, Gen Loss Total : 25.523, Mel-Spec. Error : 0.203, s/b : 0.214
Steps : 6611105, Gen Loss Total : 24.496, Mel-Spec. Error : 0.200, s/b : 0.211
Steps : 6611110, Gen Loss Total : 28.404, Mel-Spec. Error : 0.207, s/b : 0.211
Steps : 6611115, Gen Loss Total : 24.413, Mel-Spec. Error : 0.199, s/b : 0.211
Steps : 6611120, Gen Loss Total : 23.596, Mel-Spec. Error : 0.192, s/b : 0.212
Steps : 6611125, Gen Loss Total : 26.902, Mel-Spec. Error : 0.214, s/b : 0.216
Steps : 6611130, Gen Loss Total : 23.905, Mel-Spec. Error : 0.201, s/b : 0.212
Steps : 6611135, Gen Loss Total : 25.601, Mel-Spec. Error : 0.205, s/b : 0.214
Steps : 6611140, Gen Loss Total : 24.885, Mel-Spec. Error : 0.195, s/b : 0.212
Steps : 6611145, Gen Loss Total : 26.876, Mel-Spec. Error : 0.206, s/b : 0.212
Steps : 6611150, Gen Loss Total : 26.428, Mel-Spec. Error : 0.208, s/b : 0.218
Steps : 6611155, Gen Loss Total : 29.398, Mel-Spec. Error : 0.214, s/b : 0.213
Steps : 6611160, Gen Loss Total : 26.252, Mel-Spec. Error : 0.204, s/b : 0.215
Steps : 6611165, Gen Loss Total : 24.190, Mel-Spec. Error : 0.196, s/b : 0.214
Steps : 6611170, Gen Loss Total : 27.500, Mel-Spec. Error : 0.210, s/b : 0.210
Steps : 6611175, Gen Loss Total : 29.714, Mel-Spec. Error : 0.208, s/b : 0.216
Steps : 6611180, Gen Loss Total : 26.097, Mel-Spec. Error : 0.201, s/b : 0.210
Steps : 6611185, Gen Loss Total : 25.338, Mel-Spec. Error : 0.195, s/b : 0.217
Steps : 6611190, Gen Loss Total : 25.625, Mel-Spec. Error : 0.200, s/b : 0.212
Steps : 6611195, Gen Loss Total : 24.792, Mel-Spec. Error : 0.201, s/b : 0.214
Steps : 6611200, Gen Loss Total : 26.665, Mel-Spec. Error : 0.205, s/b : 0.214
Steps : 6611205, Gen Loss Total : 27.208, Mel-Spec. Error : 0.204, s/b : 0.217
Steps : 6611210, Gen Loss Total : 28.432, Mel-Spec. Error : 0.208, s/b : 0.209
Steps : 6611215, Gen Loss Total : 24.739, Mel-Spec. Error : 0.194, s/b : 0.209
Steps : 6611220, Gen Loss Total : 22.574, Mel-Spec. Error : 0.193, s/b : 0.211
Steps : 6611225, Gen Loss Total : 26.905, Mel-Spec. Error : 0.202, s/b : 0.214
Steps : 6611230, Gen Loss Total : 25.908, Mel-Spec. Error : 0.198, s/b : 0.212
Steps : 6611235, Gen Loss Total : 24.835, Mel-Spec. Error : 0.197, s/b : 0.209
Steps : 6611240, Gen Loss Total : 26.319, Mel-Spec. Error : 0.204, s/b : 0.213
Steps : 6611245, Gen Loss Total : 26.973, Mel-Spec. Error : 0.197, s/b : 0.217
Steps : 6611250, Gen Loss Total : 24.416, Mel-Spec. Error : 0.188, s/b : 0.211
Steps : 6611255, Gen Loss Total : 27.125, Mel-Spec. Error : 0.207, s/b : 0.212
Steps : 6611260, Gen Loss Total : 24.870, Mel-Spec. Error : 0.193, s/b : 0.217
Steps : 6611265, Gen Loss Total : 27.402, Mel-Spec. Error : 0.205, s/b : 0.218
Steps : 6611270, Gen Loss Total : 26.257, Mel-Spec. Error : 0.201, s/b : 0.216
Steps : 6611275, Gen Loss Total : 24.679, Mel-Spec. Error : 0.194, s/b : 0.212
Steps : 6611280, Gen Loss Total : 24.724, Mel-Spec. Error : 0.198, s/b : 0.217
Steps : 6611285, Gen Loss Total : 25.231, Mel-Spec. Error : 0.203, s/b : 0.214
Steps : 6611290, Gen Loss Total : 25.554, Mel-Spec. Error : 0.197, s/b : 0.213
Steps : 6611295, Gen Loss Total : 25.634, Mel-Spec. Error : 0.205, s/b : 0.209
Steps : 6611300, Gen Loss Total : 25.896, Mel-Spec. Error : 0.204, s/b : 0.212
Steps : 6611305, Gen Loss Total : 26.060, Mel-Spec. Error : 0.202, s/b : 0.216
Steps : 6611310, Gen Loss Total : 26.880, Mel-Spec. Error : 0.204, s/b : 0.213
Steps : 6611315, Gen Loss Total : 26.969, Mel-Spec. Error : 0.209, s/b : 0.212
Steps : 6611320, Gen Loss Total : 29.044, Mel-Spec. Error : 0.202, s/b : 0.211
Steps : 6611325, Gen Loss Total : 26.431, Mel-Spec. Error : 0.204, s/b : 0.213
Steps : 6611330, Gen Loss Total : 25.730, Mel-Spec. Error : 0.207, s/b : 0.218
Steps : 6611335, Gen Loss Total : 25.747, Mel-Spec. Error : 0.200, s/b : 0.209
Steps : 6611340, Gen Loss Total : 27.531, Mel-Spec. Error : 0.212, s/b : 0.212
Steps : 6611345, Gen Loss Total : 25.001, Mel-Spec. Error : 0.200, s/b : 0.213
Steps : 6611350, Gen Loss Total : 26.836, Mel-Spec. Error : 0.210, s/b : 0.219
Steps : 6611355, Gen Loss Total : 23.106, Mel-Spec. Error : 0.208, s/b : 0.214
Steps : 6611360, Gen Loss Total : 26.583, Mel-Spec. Error : 0.207, s/b : 0.212
Steps : 6611365, Gen Loss Total : 28.037, Mel-Spec. Error : 0.209, s/b : 0.216
Steps : 6611370, Gen Loss Total : 28.443, Mel-Spec. Error : 0.208, s/b : 0.216
Steps : 6611375, Gen Loss Total : 28.399, Mel-Spec. Error : 0.211, s/b : 0.210
Steps : 6611380, Gen Loss Total : 26.372, Mel-Spec. Error : 0.208, s/b : 0.211
Steps : 6611385, Gen Loss Total : 25.674, Mel-Spec. Error : 0.198, s/b : 0.215
Steps : 6611390, Gen Loss Total : 26.707, Mel-Spec. Error : 0.210, s/b : 0.217
Steps : 6611395, Gen Loss Total : 27.106, Mel-Spec. Error : 0.206, s/b : 0.212
Steps : 6611400, Gen Loss Total : 23.232, Mel-Spec. Error : 0.198, s/b : 0.213
Steps : 6611405, Gen Loss Total : 26.058, Mel-Spec. Error : 0.204, s/b : 0.214
Steps : 6611410, Gen Loss Total : 24.090, Mel-Spec. Error : 0.193, s/b : 0.213
Steps : 6611415, Gen Loss Total : 24.352, Mel-Spec. Error : 0.204, s/b : 0.213
Steps : 6611420, Gen Loss Total : 27.437, Mel-Spec. Error : 0.207, s/b : 0.211
Steps : 6611425, Gen Loss Total : 23.564, Mel-Spec. Error : 0.199, s/b : 0.216
Steps : 6611430, Gen Loss Total : 26.117, Mel-Spec. Error : 0.196, s/b : 0.215
Steps : 6611435, Gen Loss Total : 27.441, Mel-Spec. Error : 0.205, s/b : 0.212
Steps : 6611440, Gen Loss Total : 28.016, Mel-Spec. Error : 0.200, s/b : 0.211
Steps : 6611445, Gen Loss Total : 27.491, Mel-Spec. Error : 0.209, s/b : 0.217
Steps : 6611450, Gen Loss Total : 26.192, Mel-Spec. Error : 0.200, s/b : 0.214
Steps : 6611455, Gen Loss Total : 22.962, Mel-Spec. Error : 0.200, s/b : 0.212
Steps : 6611460, Gen Loss Total : 25.785, Mel-Spec. Error : 0.199, s/b : 0.214
Steps : 6611465, Gen Loss Total : 28.568, Mel-Spec. Error : 0.206, s/b : 0.214
Steps : 6611470, Gen Loss Total : 23.453, Mel-Spec. Error : 0.195, s/b : 0.211
Steps : 6611475, Gen Loss Total : 28.980, Mel-Spec. Error : 0.199, s/b : 0.211
Steps : 6611480, Gen Loss Total : 24.685, Mel-Spec. Error : 0.204, s/b : 0.211
Steps : 6611485, Gen Loss Total : 24.635, Mel-Spec. Error : 0.199, s/b : 0.216
Steps : 6611490, Gen Loss Total : 25.688, Mel-Spec. Error : 0.200, s/b : 0.217
Steps : 6611495, Gen Loss Total : 26.660, Mel-Spec. Error : 0.201, s/b : 0.210
Steps : 6611500, Gen Loss Total : 26.972, Mel-Spec. Error : 0.211, s/b : 0.210
Steps : 6611505, Gen Loss Total : 25.182, Mel-Spec. Error : 0.209, s/b : 0.211
Steps : 6611510, Gen Loss Total : 23.789, Mel-Spec. Error : 0.198, s/b : 0.211
Steps : 6611515, Gen Loss Total : 30.949, Mel-Spec. Error : 0.214, s/b : 0.210
Steps : 6611520, Gen Loss Total : 26.374, Mel-Spec. Error : 0.219, s/b : 0.215
Steps : 6611525, Gen Loss Total : 26.316, Mel-Spec. Error : 0.211, s/b : 0.214
Steps : 6611530, Gen Loss Total : 26.251, Mel-Spec. Error : 0.208, s/b : 0.213
Steps : 6611535, Gen Loss Total : 31.586, Mel-Spec. Error : 0.212, s/b : 0.212
Steps : 6611540, Gen Loss Total : 25.768, Mel-Spec. Error : 0.204, s/b : 0.214
Steps : 6611545, Gen Loss Total : 29.162, Mel-Spec. Error : 0.213, s/b : 0.209
Steps : 6611550, Gen Loss Total : 25.984, Mel-Spec. Error : 0.207, s/b : 0.211
Steps : 6611555, Gen Loss Total : 25.437, Mel-Spec. Error : 0.200, s/b : 0.213
Steps : 6611560, Gen Loss Total : 25.549, Mel-Spec. Error : 0.201, s/b : 0.211
Steps : 6611565, Gen Loss Total : 26.145, Mel-Spec. Error : 0.209, s/b : 0.211
Steps : 6611570, Gen Loss Total : 26.496, Mel-Spec. Error : 0.204, s/b : 0.210
Steps : 6611575, Gen Loss Total : 23.591, Mel-Spec. Error : 0.204, s/b : 0.215
Steps : 6611580, Gen Loss Total : 24.883, Mel-Spec. Error : 0.196, s/b : 0.213
Steps : 6611585, Gen Loss Total : 27.278, Mel-Spec. Error : 0.199, s/b : 0.217
Steps : 6611590, Gen Loss Total : 26.260, Mel-Spec. Error : 0.210, s/b : 0.212
Steps : 6611595, Gen Loss Total : 25.492, Mel-Spec. Error : 0.195, s/b : 0.214
Steps : 6611600, Gen Loss Total : 23.856, Mel-Spec. Error : 0.197, s/b : 0.213
Steps : 6611605, Gen Loss Total : 26.233, Mel-Spec. Error : 0.199, s/b : 0.212
Steps : 6611610, Gen Loss Total : 26.691, Mel-Spec. Error : 0.205, s/b : 0.216
Steps : 6611615, Gen Loss Total : 24.338, Mel-Spec. Error : 0.200, s/b : 0.217
Steps : 6611620, Gen Loss Total : 28.399, Mel-Spec. Error : 0.200, s/b : 0.216
Steps : 6611625, Gen Loss Total : 26.755, Mel-Spec. Error : 0.203, s/b : 0.213
Steps : 6611630, Gen Loss Total : 24.449, Mel-Spec. Error : 0.201, s/b : 0.213
Steps : 6611635, Gen Loss Total : 28.132, Mel-Spec. Error : 0.204, s/b : 0.218
Steps : 6611640, Gen Loss Total : 24.282, Mel-Spec. Error : 0.197, s/b : 0.216
Steps : 6611645, Gen Loss Total : 27.838, Mel-Spec. Error : 0.213, s/b : 0.209
Steps : 6611650, Gen Loss Total : 25.904, Mel-Spec. Error : 0.207, s/b : 0.210
Steps : 6611655, Gen Loss Total : 25.489, Mel-Spec. Error : 0.205, s/b : 0.217
Steps : 6611660, Gen Loss Total : 24.781, Mel-Spec. Error : 0.196, s/b : 0.217
Steps : 6611665, Gen Loss Total : 26.228, Mel-Spec. Error : 0.211, s/b : 0.212
Steps : 6611670, Gen Loss Total : 26.576, Mel-Spec. Error : 0.204, s/b : 0.212
Steps : 6611675, Gen Loss Total : 25.356, Mel-Spec. Error : 0.199, s/b : 0.213
Steps : 6611680, Gen Loss Total : 24.541, Mel-Spec. Error : 0.203, s/b : 0.209
Steps : 6611685, Gen Loss Total : 25.494, Mel-Spec. Error : 0.198, s/b : 0.214
Steps : 6611690, Gen Loss Total : 27.366, Mel-Spec. Error : 0.200, s/b : 0.209
Steps : 6611695, Gen Loss Total : 26.271, Mel-Spec. Error : 0.204, s/b : 0.211
Steps : 6611700, Gen Loss Total : 25.724, Mel-Spec. Error : 0.206, s/b : 0.214
Steps : 6611705, Gen Loss Total : 24.806, Mel-Spec. Error : 0.202, s/b : 0.212
Steps : 6611710, Gen Loss Total : 27.534, Mel-Spec. Error : 0.206, s/b : 0.213
Steps : 6611715, Gen Loss Total : 24.150, Mel-Spec. Error : 0.192, s/b : 0.213
Steps : 6611720, Gen Loss Total : 26.504, Mel-Spec. Error : 0.202, s/b : 0.213
Steps : 6611725, Gen Loss Total : 26.986, Mel-Spec. Error : 0.199, s/b : 0.211
Steps : 6611730, Gen Loss Total : 26.106, Mel-Spec. Error : 0.205, s/b : 0.211
Steps : 6611735, Gen Loss Total : 26.009, Mel-Spec. Error : 0.198, s/b : 0.215
Steps : 6611740, Gen Loss Total : 25.355, Mel-Spec. Error : 0.207, s/b : 0.209
Steps : 6611745, Gen Loss Total : 25.368, Mel-Spec. Error : 0.200, s/b : 0.217
Steps : 6611750, Gen Loss Total : 24.347, Mel-Spec. Error : 0.202, s/b : 0.212
Steps : 6611755, Gen Loss Total : 25.885, Mel-Spec. Error : 0.203, s/b : 0.221
Steps : 6611760, Gen Loss Total : 26.513, Mel-Spec. Error : 0.206, s/b : 0.214
Steps : 6611765, Gen Loss Total : 24.824, Mel-Spec. Error : 0.199, s/b : 0.212
Steps : 6611770, Gen Loss Total : 27.092, Mel-Spec. Error : 0.213, s/b : 0.211
Steps : 6611775, Gen Loss Total : 27.463, Mel-Spec. Error : 0.201, s/b : 0.211
Steps : 6611780, Gen Loss Total : 25.683, Mel-Spec. Error : 0.207, s/b : 0.209
Time taken for epoch 3693 is 502 sec

Epoch: 3694
Steps : 6611785, Gen Loss Total : 29.673, Mel-Spec. Error : 0.206, s/b : 0.221
Steps : 6611790, Gen Loss Total : 27.227, Mel-Spec. Error : 0.212, s/b : 0.211
Steps : 6611795, Gen Loss Total : 29.571, Mel-Spec. Error : 0.207, s/b : 0.213
Steps : 6611800, Gen Loss Total : 23.980, Mel-Spec. Error : 0.196, s/b : 0.212
Steps : 6611805, Gen Loss Total : 24.664, Mel-Spec. Error : 0.201, s/b : 0.212
Steps : 6611810, Gen Loss Total : 24.458, Mel-Spec. Error : 0.201, s/b : 0.215
Steps : 6611815, Gen Loss Total : 27.053, Mel-Spec. Error : 0.209, s/b : 0.213
Steps : 6611820, Gen Loss Total : 24.412, Mel-Spec. Error : 0.198, s/b : 0.214
Steps : 6611825, Gen Loss Total : 27.442, Mel-Spec. Error : 0.207, s/b : 0.211
Steps : 6611830, Gen Loss Total : 24.149, Mel-Spec. Error : 0.201, s/b : 0.214
Steps : 6611835, Gen Loss Total : 27.832, Mel-Spec. Error : 0.207, s/b : 0.216
Steps : 6611840, Gen Loss Total : 25.628, Mel-Spec. Error : 0.202, s/b : 0.213
Steps : 6611845, Gen Loss Total : 29.391, Mel-Spec. Error : 0.219, s/b : 0.214
Steps : 6611850, Gen Loss Total : 26.990, Mel-Spec. Error : 0.204, s/b : 0.216
Steps : 6611855, Gen Loss Total : 23.593, Mel-Spec. Error : 0.195, s/b : 0.212
Steps : 6611860, Gen Loss Total : 26.594, Mel-Spec. Error : 0.197, s/b : 0.213
Steps : 6611865, Gen Loss Total : 26.912, Mel-Spec. Error : 0.209, s/b : 0.215
Steps : 6611870, Gen Loss Total : 27.448, Mel-Spec. Error : 0.202, s/b : 0.217
Steps : 6611875, Gen Loss Total : 27.204, Mel-Spec. Error : 0.198, s/b : 0.214
Steps : 6611880, Gen Loss Total : 24.296, Mel-Spec. Error : 0.201, s/b : 0.212
Steps : 6611885, Gen Loss Total : 26.160, Mel-Spec. Error : 0.196, s/b : 0.214
Steps : 6611890, Gen Loss Total : 28.226, Mel-Spec. Error : 0.205, s/b : 0.216
Steps : 6611895, Gen Loss Total : 24.753, Mel-Spec. Error : 0.194, s/b : 0.215
Steps : 6611900, Gen Loss Total : 22.850, Mel-Spec. Error : 0.195, s/b : 0.213
Steps : 6611905, Gen Loss Total : 26.848, Mel-Spec. Error : 0.199, s/b : 0.212
Steps : 6611910, Gen Loss Total : 24.435, Mel-Spec. Error : 0.209, s/b : 0.213
Steps : 6611915, Gen Loss Total : 24.670, Mel-Spec. Error : 0.203, s/b : 0.213
Steps : 6611920, Gen Loss Total : 28.007, Mel-Spec. Error : 0.213, s/b : 0.212
Steps : 6611925, Gen Loss Total : 27.060, Mel-Spec. Error : 0.200, s/b : 0.213
Steps : 6611930, Gen Loss Total : 27.459, Mel-Spec. Error : 0.208, s/b : 0.214
Steps : 6611935, Gen Loss Total : 22.827, Mel-Spec. Error : 0.192, s/b : 0.212
Steps : 6611940, Gen Loss Total : 24.167, Mel-Spec. Error : 0.192, s/b : 0.211
Steps : 6611945, Gen Loss Total : 27.138, Mel-Spec. Error : 0.212, s/b : 0.214
Steps : 6611950, Gen Loss Total : 28.005, Mel-Spec. Error : 0.208, s/b : 0.212
Steps : 6611955, Gen Loss Total : 25.571, Mel-Spec. Error : 0.198, s/b : 0.212
Steps : 6611960, Gen Loss Total : 28.121, Mel-Spec. Error : 0.197, s/b : 0.214
Steps : 6611965, Gen Loss Total : 25.327, Mel-Spec. Error : 0.199, s/b : 0.211
Steps : 6611970, Gen Loss Total : 28.012, Mel-Spec. Error : 0.212, s/b : 0.214
Steps : 6611975, Gen Loss Total : 24.457, Mel-Spec. Error : 0.201, s/b : 0.213
Steps : 6611980, Gen Loss Total : 25.420, Mel-Spec. Error : 0.198, s/b : 0.212
Steps : 6611985, Gen Loss Total : 25.892, Mel-Spec. Error : 0.200, s/b : 0.214
Steps : 6611990, Gen Loss Total : 24.615, Mel-Spec. Error : 0.204, s/b : 0.216
Steps : 6611995, Gen Loss Total : 22.025, Mel-Spec. Error : 0.195, s/b : 0.211
Steps : 6612000, Gen Loss Total : 25.914, Mel-Spec. Error : 0.205, s/b : 0.210
Steps : 6612005, Gen Loss Total : 25.003, Mel-Spec. Error : 0.201, s/b : 0.213
Steps : 6612010, Gen Loss Total : 26.429, Mel-Spec. Error : 0.213, s/b : 0.213
Steps : 6612015, Gen Loss Total : 27.262, Mel-Spec. Error : 0.214, s/b : 0.211
Steps : 6612020, Gen Loss Total : 24.025, Mel-Spec. Error : 0.192, s/b : 0.212
Steps : 6612025, Gen Loss Total : 25.344, Mel-Spec. Error : 0.200, s/b : 0.218
Steps : 6612030, Gen Loss Total : 24.533, Mel-Spec. Error : 0.195, s/b : 0.215
Steps : 6612035, Gen Loss Total : 25.821, Mel-Spec. Error : 0.208, s/b : 0.215
Steps : 6612040, Gen Loss Total : 25.507, Mel-Spec. Error : 0.199, s/b : 0.212
Steps : 6612045, Gen Loss Total : 27.654, Mel-Spec. Error : 0.212, s/b : 0.215
Steps : 6612050, Gen Loss Total : 24.190, Mel-Spec. Error : 0.198, s/b : 0.217
Steps : 6612055, Gen Loss Total : 26.773, Mel-Spec. Error : 0.204, s/b : 0.212
Steps : 6612060, Gen Loss Total : 25.312, Mel-Spec. Error : 0.204, s/b : 0.213
Steps : 6612065, Gen Loss Total : 25.582, Mel-Spec. Error : 0.203, s/b : 0.219
Steps : 6612070, Gen Loss Total : 24.286, Mel-Spec. Error : 0.209, s/b : 0.214
Steps : 6612075, Gen Loss Total : 27.558, Mel-Spec. Error : 0.206, s/b : 0.212
Steps : 6612080, Gen Loss Total : 26.508, Mel-Spec. Error : 0.210, s/b : 0.210
Steps : 6612085, Gen Loss Total : 29.897, Mel-Spec. Error : 0.214, s/b : 0.216
Steps : 6612090, Gen Loss Total : 26.517, Mel-Spec. Error : 0.201, s/b : 0.213
Steps : 6612095, Gen Loss Total : 26.521, Mel-Spec. Error : 0.208, s/b : 0.210
Steps : 6612100, Gen Loss Total : 24.827, Mel-Spec. Error : 0.197, s/b : 0.213
Steps : 6612105, Gen Loss Total : 25.644, Mel-Spec. Error : 0.198, s/b : 0.215
Steps : 6612110, Gen Loss Total : 23.078, Mel-Spec. Error : 0.197, s/b : 0.214
Steps : 6612115, Gen Loss Total : 25.979, Mel-Spec. Error : 0.202, s/b : 0.210
Steps : 6612120, Gen Loss Total : 25.237, Mel-Spec. Error : 0.199, s/b : 0.214
Steps : 6612125, Gen Loss Total : 23.375, Mel-Spec. Error : 0.202, s/b : 0.219
Steps : 6612130, Gen Loss Total : 24.313, Mel-Spec. Error : 0.202, s/b : 0.215
Steps : 6612135, Gen Loss Total : 29.131, Mel-Spec. Error : 0.202, s/b : 0.212
Steps : 6612140, Gen Loss Total : 25.813, Mel-Spec. Error : 0.198, s/b : 0.214
Steps : 6612145, Gen Loss Total : 24.658, Mel-Spec. Error : 0.202, s/b : 0.218
Steps : 6612150, Gen Loss Total : 26.138, Mel-Spec. Error : 0.201, s/b : 0.216
Steps : 6612155, Gen Loss Total : 26.719, Mel-Spec. Error : 0.202, s/b : 0.215
Steps : 6612160, Gen Loss Total : 25.702, Mel-Spec. Error : 0.203, s/b : 0.213
Steps : 6612165, Gen Loss Total : 27.369, Mel-Spec. Error : 0.207, s/b : 0.216
Steps : 6612170, Gen Loss Total : 23.836, Mel-Spec. Error : 0.195, s/b : 0.215
Steps : 6612175, Gen Loss Total : 25.851, Mel-Spec. Error : 0.207, s/b : 0.217
Steps : 6612180, Gen Loss Total : 23.939, Mel-Spec. Error : 0.195, s/b : 0.213
Steps : 6612185, Gen Loss Total : 28.285, Mel-Spec. Error : 0.200, s/b : 0.209
Steps : 6612190, Gen Loss Total : 24.733, Mel-Spec. Error : 0.198, s/b : 0.215
Steps : 6612195, Gen Loss Total : 26.229, Mel-Spec. Error : 0.198, s/b : 0.215
Steps : 6612200, Gen Loss Total : 28.406, Mel-Spec. Error : 0.199, s/b : 0.211
Steps : 6612205, Gen Loss Total : 26.010, Mel-Spec. Error : 0.200, s/b : 0.209
Steps : 6612210, Gen Loss Total : 22.699, Mel-Spec. Error : 0.196, s/b : 0.214
Steps : 6612215, Gen Loss Total : 23.771, Mel-Spec. Error : 0.197, s/b : 0.216
Steps : 6612220, Gen Loss Total : 26.072, Mel-Spec. Error : 0.194, s/b : 0.211
Steps : 6612225, Gen Loss Total : 24.045, Mel-Spec. Error : 0.198, s/b : 0.213
Steps : 6612230, Gen Loss Total : 25.311, Mel-Spec. Error : 0.203, s/b : 0.216
Steps : 6612235, Gen Loss Total : 23.624, Mel-Spec. Error : 0.195, s/b : 0.217
Steps : 6612240, Gen Loss Total : 25.608, Mel-Spec. Error : 0.207, s/b : 0.211
Steps : 6612245, Gen Loss Total : 23.697, Mel-Spec. Error : 0.200, s/b : 0.215
Steps : 6612250, Gen Loss Total : 27.122, Mel-Spec. Error : 0.199, s/b : 0.212
Steps : 6612255, Gen Loss Total : 24.167, Mel-Spec. Error : 0.196, s/b : 0.215
Steps : 6612260, Gen Loss Total : 27.746, Mel-Spec. Error : 0.205, s/b : 0.213
Steps : 6612265, Gen Loss Total : 24.915, Mel-Spec. Error : 0.202, s/b : 0.210
Steps : 6612270, Gen Loss Total : 24.737, Mel-Spec. Error : 0.199, s/b : 0.213
Steps : 6612275, Gen Loss Total : 25.190, Mel-Spec. Error : 0.206, s/b : 0.222
Steps : 6612280, Gen Loss Total : 26.811, Mel-Spec. Error : 0.200, s/b : 0.212
Steps : 6612285, Gen Loss Total : 24.615, Mel-Spec. Error : 0.204, s/b : 0.211
Steps : 6612290, Gen Loss Total : 28.382, Mel-Spec. Error : 0.208, s/b : 0.213
Steps : 6612295, Gen Loss Total : 24.701, Mel-Spec. Error : 0.198, s/b : 0.214
Steps : 6612300, Gen Loss Total : 26.639, Mel-Spec. Error : 0.202, s/b : 0.213
Steps : 6612305, Gen Loss Total : 25.833, Mel-Spec. Error : 0.199, s/b : 0.211
Steps : 6612310, Gen Loss Total : 27.717, Mel-Spec. Error : 0.209, s/b : 0.215
Steps : 6612315, Gen Loss Total : 28.623, Mel-Spec. Error : 0.209, s/b : 0.216
Steps : 6612320, Gen Loss Total : 27.733, Mel-Spec. Error : 0.197, s/b : 0.211
Steps : 6612325, Gen Loss Total : 25.535, Mel-Spec. Error : 0.197, s/b : 0.211
Steps : 6612330, Gen Loss Total : 26.803, Mel-Spec. Error : 0.207, s/b : 0.209
Steps : 6612335, Gen Loss Total : 25.989, Mel-Spec. Error : 0.190, s/b : 0.216
Steps : 6612340, Gen Loss Total : 25.795, Mel-Spec. Error : 0.206, s/b : 0.215
Steps : 6612345, Gen Loss Total : 25.767, Mel-Spec. Error : 0.197, s/b : 0.216
Steps : 6612350, Gen Loss Total : 28.305, Mel-Spec. Error : 0.208, s/b : 0.214
Steps : 6612355, Gen Loss Total : 27.098, Mel-Spec. Error : 0.203, s/b : 0.213
Steps : 6612360, Gen Loss Total : 27.432, Mel-Spec. Error : 0.206, s/b : 0.211
Steps : 6612365, Gen Loss Total : 25.794, Mel-Spec. Error : 0.208, s/b : 0.216
Steps : 6612370, Gen Loss Total : 27.934, Mel-Spec. Error : 0.201, s/b : 0.214
Steps : 6612375, Gen Loss Total : 24.167, Mel-Spec. Error : 0.196, s/b : 0.212
Steps : 6612380, Gen Loss Total : 24.405, Mel-Spec. Error : 0.202, s/b : 0.215
Steps : 6612385, Gen Loss Total : 24.711, Mel-Spec. Error : 0.199, s/b : 0.212
Steps : 6612390, Gen Loss Total : 26.020, Mel-Spec. Error : 0.204, s/b : 0.213
Steps : 6612395, Gen Loss Total : 28.028, Mel-Spec. Error : 0.208, s/b : 0.210
Steps : 6612400, Gen Loss Total : 27.108, Mel-Spec. Error : 0.203, s/b : 0.214
Steps : 6612405, Gen Loss Total : 28.025, Mel-Spec. Error : 0.222, s/b : 0.216
Steps : 6612410, Gen Loss Total : 28.123, Mel-Spec. Error : 0.216, s/b : 0.211
Steps : 6612415, Gen Loss Total : 26.447, Mel-Spec. Error : 0.210, s/b : 0.209
Steps : 6612420, Gen Loss Total : 27.254, Mel-Spec. Error : 0.217, s/b : 0.216
Steps : 6612425, Gen Loss Total : 28.416, Mel-Spec. Error : 0.201, s/b : 0.216
Steps : 6612430, Gen Loss Total : 25.777, Mel-Spec. Error : 0.198, s/b : 0.215
Steps : 6612435, Gen Loss Total : 25.303, Mel-Spec. Error : 0.199, s/b : 0.211
Steps : 6612440, Gen Loss Total : 25.765, Mel-Spec. Error : 0.198, s/b : 0.213
Steps : 6612445, Gen Loss Total : 27.097, Mel-Spec. Error : 0.210, s/b : 0.216
Steps : 6612450, Gen Loss Total : 23.566, Mel-Spec. Error : 0.212, s/b : 0.211
Steps : 6612455, Gen Loss Total : 28.838, Mel-Spec. Error : 0.214, s/b : 0.214
Steps : 6612460, Gen Loss Total : 25.070, Mel-Spec. Error : 0.198, s/b : 0.217
Steps : 6612465, Gen Loss Total : 25.066, Mel-Spec. Error : 0.203, s/b : 0.213
Steps : 6612470, Gen Loss Total : 26.339, Mel-Spec. Error : 0.201, s/b : 0.214
Steps : 6612475, Gen Loss Total : 26.706, Mel-Spec. Error : 0.203, s/b : 0.215
Steps : 6612480, Gen Loss Total : 25.843, Mel-Spec. Error : 0.208, s/b : 0.214
Steps : 6612485, Gen Loss Total : 24.904, Mel-Spec. Error : 0.197, s/b : 0.213
Steps : 6612490, Gen Loss Total : 27.040, Mel-Spec. Error : 0.209, s/b : 0.212
Steps : 6612495, Gen Loss Total : 25.613, Mel-Spec. Error : 0.203, s/b : 0.213
Steps : 6612500, Gen Loss Total : 24.811, Mel-Spec. Error : 0.198, s/b : 0.217
Steps : 6612505, Gen Loss Total : 24.316, Mel-Spec. Error : 0.194, s/b : 0.212
Steps : 6612510, Gen Loss Total : 25.471, Mel-Spec. Error : 0.202, s/b : 0.215
Steps : 6612515, Gen Loss Total : 24.258, Mel-Spec. Error : 0.201, s/b : 0.213
Steps : 6612520, Gen Loss Total : 26.615, Mel-Spec. Error : 0.203, s/b : 0.214
Steps : 6612525, Gen Loss Total : 25.951, Mel-Spec. Error : 0.199, s/b : 0.215
Steps : 6612530, Gen Loss Total : 27.348, Mel-Spec. Error : 0.202, s/b : 0.214
Steps : 6612535, Gen Loss Total : 26.026, Mel-Spec. Error : 0.195, s/b : 0.212
Steps : 6612540, Gen Loss Total : 26.818, Mel-Spec. Error : 0.197, s/b : 0.216
Steps : 6612545, Gen Loss Total : 27.298, Mel-Spec. Error : 0.204, s/b : 0.216
Steps : 6612550, Gen Loss Total : 25.714, Mel-Spec. Error : 0.206, s/b : 0.213
Steps : 6612555, Gen Loss Total : 26.923, Mel-Spec. Error : 0.207, s/b : 0.212
Steps : 6612560, Gen Loss Total : 25.784, Mel-Spec. Error : 0.196, s/b : 0.214
Steps : 6612565, Gen Loss Total : 28.064, Mel-Spec. Error : 0.211, s/b : 0.214
Steps : 6612570, Gen Loss Total : 23.774, Mel-Spec. Error : 0.204, s/b : 0.211
Steps : 6612575, Gen Loss Total : 22.696, Mel-Spec. Error : 0.198, s/b : 0.216
Steps : 6612580, Gen Loss Total : 23.994, Mel-Spec. Error : 0.198, s/b : 0.212
Steps : 6612585, Gen Loss Total : 26.829, Mel-Spec. Error : 0.212, s/b : 0.216
Steps : 6612590, Gen Loss Total : 27.325, Mel-Spec. Error : 0.206, s/b : 0.211
Steps : 6612595, Gen Loss Total : 27.952, Mel-Spec. Error : 0.213, s/b : 0.217
Steps : 6612600, Gen Loss Total : 27.029, Mel-Spec. Error : 0.201, s/b : 0.216
Steps : 6612605, Gen Loss Total : 25.659, Mel-Spec. Error : 0.200, s/b : 0.217
Steps : 6612610, Gen Loss Total : 24.605, Mel-Spec. Error : 0.200, s/b : 0.211
Steps : 6612615, Gen Loss Total : 27.210, Mel-Spec. Error : 0.206, s/b : 0.214
Steps : 6612620, Gen Loss Total : 28.308, Mel-Spec. Error : 0.208, s/b : 0.213
Steps : 6612625, Gen Loss Total : 29.776, Mel-Spec. Error : 0.200, s/b : 0.214
Steps : 6612630, Gen Loss Total : 24.583, Mel-Spec. Error : 0.198, s/b : 0.215
Steps : 6612635, Gen Loss Total : 24.736, Mel-Spec. Error : 0.198, s/b : 0.212
Steps : 6612640, Gen Loss Total : 26.254, Mel-Spec. Error : 0.200, s/b : 0.214
Steps : 6612645, Gen Loss Total : 27.726, Mel-Spec. Error : 0.210, s/b : 0.215
Steps : 6612650, Gen Loss Total : 27.680, Mel-Spec. Error : 0.203, s/b : 0.213
Steps : 6612655, Gen Loss Total : 27.744, Mel-Spec. Error : 0.209, s/b : 0.214
Steps : 6612660, Gen Loss Total : 24.255, Mel-Spec. Error : 0.197, s/b : 0.215
Steps : 6612665, Gen Loss Total : 24.940, Mel-Spec. Error : 0.196, s/b : 0.212
Steps : 6612670, Gen Loss Total : 25.372, Mel-Spec. Error : 0.198, s/b : 0.213
Steps : 6612675, Gen Loss Total : 27.994, Mel-Spec. Error : 0.205, s/b : 0.213
Steps : 6612680, Gen Loss Total : 26.470, Mel-Spec. Error : 0.205, s/b : 0.214
Steps : 6612685, Gen Loss Total : 25.730, Mel-Spec. Error : 0.198, s/b : 0.212
Steps : 6612690, Gen Loss Total : 28.143, Mel-Spec. Error : 0.209, s/b : 0.212
Steps : 6612695, Gen Loss Total : 25.988, Mel-Spec. Error : 0.206, s/b : 0.214
Steps : 6612700, Gen Loss Total : 26.954, Mel-Spec. Error : 0.207, s/b : 0.217
Steps : 6612705, Gen Loss Total : 25.148, Mel-Spec. Error : 0.197, s/b : 0.215
Steps : 6612710, Gen Loss Total : 23.669, Mel-Spec. Error : 0.197, s/b : 0.213
Steps : 6612715, Gen Loss Total : 26.080, Mel-Spec. Error : 0.212, s/b : 0.216
Steps : 6612720, Gen Loss Total : 27.194, Mel-Spec. Error : 0.205, s/b : 0.215
Steps : 6612725, Gen Loss Total : 25.292, Mel-Spec. Error : 0.192, s/b : 0.215
Steps : 6612730, Gen Loss Total : 25.902, Mel-Spec. Error : 0.200, s/b : 0.212
Steps : 6612735, Gen Loss Total : 25.192, Mel-Spec. Error : 0.201, s/b : 0.217
Steps : 6612740, Gen Loss Total : 26.112, Mel-Spec. Error : 0.198, s/b : 0.212
Steps : 6612745, Gen Loss Total : 24.901, Mel-Spec. Error : 0.198, s/b : 0.215
Steps : 6612750, Gen Loss Total : 26.915, Mel-Spec. Error : 0.198, s/b : 0.215
Steps : 6612755, Gen Loss Total : 27.801, Mel-Spec. Error : 0.205, s/b : 0.211
Steps : 6612760, Gen Loss Total : 25.575, Mel-Spec. Error : 0.214, s/b : 0.216
Steps : 6612765, Gen Loss Total : 26.006, Mel-Spec. Error : 0.202, s/b : 0.212
Steps : 6612770, Gen Loss Total : 26.673, Mel-Spec. Error : 0.205, s/b : 0.218
Steps : 6612775, Gen Loss Total : 24.953, Mel-Spec. Error : 0.209, s/b : 0.217
Steps : 6612780, Gen Loss Total : 30.102, Mel-Spec. Error : 0.212, s/b : 0.212
Steps : 6612785, Gen Loss Total : 26.216, Mel-Spec. Error : 0.207, s/b : 0.212
Steps : 6612790, Gen Loss Total : 26.139, Mel-Spec. Error : 0.202, s/b : 0.216
Steps : 6612795, Gen Loss Total : 23.751, Mel-Spec. Error : 0.195, s/b : 0.214
Steps : 6612800, Gen Loss Total : 26.592, Mel-Spec. Error : 0.198, s/b : 0.212
Steps : 6612805, Gen Loss Total : 28.240, Mel-Spec. Error : 0.209, s/b : 0.211
Steps : 6612810, Gen Loss Total : 26.607, Mel-Spec. Error : 0.208, s/b : 0.214
Steps : 6612815, Gen Loss Total : 28.092, Mel-Spec. Error : 0.205, s/b : 0.216
Steps : 6612820, Gen Loss Total : 25.431, Mel-Spec. Error : 0.200, s/b : 0.212
Steps : 6612825, Gen Loss Total : 26.134, Mel-Spec. Error : 0.205, s/b : 0.212
Steps : 6612830, Gen Loss Total : 24.177, Mel-Spec. Error : 0.200, s/b : 0.217
Steps : 6612835, Gen Loss Total : 27.701, Mel-Spec. Error : 0.212, s/b : 0.215
Steps : 6612840, Gen Loss Total : 24.967, Mel-Spec. Error : 0.198, s/b : 0.214
Steps : 6612845, Gen Loss Total : 25.331, Mel-Spec. Error : 0.198, s/b : 0.216
Steps : 6612850, Gen Loss Total : 24.362, Mel-Spec. Error : 0.201, s/b : 0.214
Steps : 6612855, Gen Loss Total : 24.834, Mel-Spec. Error : 0.203, s/b : 0.217
Steps : 6612860, Gen Loss Total : 24.386, Mel-Spec. Error : 0.196, s/b : 0.217
Steps : 6612865, Gen Loss Total : 25.666, Mel-Spec. Error : 0.198, s/b : 0.214
Steps : 6612870, Gen Loss Total : 27.243, Mel-Spec. Error : 0.206, s/b : 0.217
Steps : 6612875, Gen Loss Total : 29.481, Mel-Spec. Error : 0.208, s/b : 0.215
Steps : 6612880, Gen Loss Total : 29.005, Mel-Spec. Error : 0.198, s/b : 0.213
Steps : 6612885, Gen Loss Total : 26.090, Mel-Spec. Error : 0.203, s/b : 0.210
Steps : 6612890, Gen Loss Total : 29.410, Mel-Spec. Error : 0.205, s/b : 0.214
Steps : 6612895, Gen Loss Total : 28.396, Mel-Spec. Error : 0.206, s/b : 0.215
Steps : 6612900, Gen Loss Total : 26.893, Mel-Spec. Error : 0.210, s/b : 0.215
Steps : 6612905, Gen Loss Total : 25.669, Mel-Spec. Error : 0.207, s/b : 0.211
Steps : 6612910, Gen Loss Total : 26.985, Mel-Spec. Error : 0.217, s/b : 0.216
Steps : 6612915, Gen Loss Total : 25.623, Mel-Spec. Error : 0.204, s/b : 0.213
Steps : 6612920, Gen Loss Total : 26.072, Mel-Spec. Error : 0.202, s/b : 0.213
Steps : 6612925, Gen Loss Total : 26.026, Mel-Spec. Error : 0.204, s/b : 0.213
Steps : 6612930, Gen Loss Total : 23.736, Mel-Spec. Error : 0.203, s/b : 0.216
Steps : 6612935, Gen Loss Total : 27.974, Mel-Spec. Error : 0.207, s/b : 0.214
Steps : 6612940, Gen Loss Total : 27.402, Mel-Spec. Error : 0.200, s/b : 0.212
Steps : 6612945, Gen Loss Total : 26.425, Mel-Spec. Error : 0.200, s/b : 0.211
Steps : 6612950, Gen Loss Total : 26.055, Mel-Spec. Error : 0.209, s/b : 0.212
Steps : 6612955, Gen Loss Total : 25.086, Mel-Spec. Error : 0.207, s/b : 0.216
Steps : 6612960, Gen Loss Total : 28.580, Mel-Spec. Error : 0.204, s/b : 0.215
Steps : 6612965, Gen Loss Total : 24.425, Mel-Spec. Error : 0.201, s/b : 0.209
Steps : 6612970, Gen Loss Total : 26.479, Mel-Spec. Error : 0.215, s/b : 0.214
Steps : 6612975, Gen Loss Total : 26.047, Mel-Spec. Error : 0.203, s/b : 0.216
Steps : 6612980, Gen Loss Total : 24.880, Mel-Spec. Error : 0.198, s/b : 0.220
Steps : 6612985, Gen Loss Total : 25.639, Mel-Spec. Error : 0.211, s/b : 0.216
Steps : 6612990, Gen Loss Total : 28.456, Mel-Spec. Error : 0.209, s/b : 0.213
Steps : 6612995, Gen Loss Total : 24.297, Mel-Spec. Error : 0.205, s/b : 0.212
Steps : 6613000, Gen Loss Total : 25.212, Mel-Spec. Error : 0.198, s/b : 0.213
Steps : 6613005, Gen Loss Total : 27.776, Mel-Spec. Error : 0.200, s/b : 0.217
Steps : 6613010, Gen Loss Total : 24.306, Mel-Spec. Error : 0.206, s/b : 0.209
Steps : 6613015, Gen Loss Total : 27.590, Mel-Spec. Error : 0.208, s/b : 0.211
Steps : 6613020, Gen Loss Total : 25.321, Mel-Spec. Error : 0.200, s/b : 0.214
Steps : 6613025, Gen Loss Total : 27.443, Mel-Spec. Error : 0.204, s/b : 0.215
Steps : 6613030, Gen Loss Total : 24.714, Mel-Spec. Error : 0.199, s/b : 0.210
Steps : 6613035, Gen Loss Total : 23.433, Mel-Spec. Error : 0.198, s/b : 0.209
Steps : 6613040, Gen Loss Total : 25.998, Mel-Spec. Error : 0.202, s/b : 0.214
Steps : 6613045, Gen Loss Total : 28.669, Mel-Spec. Error : 0.209, s/b : 0.218
Steps : 6613050, Gen Loss Total : 26.268, Mel-Spec. Error : 0.195, s/b : 0.212
Steps : 6613055, Gen Loss Total : 24.488, Mel-Spec. Error : 0.194, s/b : 0.211
Steps : 6613060, Gen Loss Total : 27.595, Mel-Spec. Error : 0.212, s/b : 0.214
Steps : 6613065, Gen Loss Total : 23.537, Mel-Spec. Error : 0.195, s/b : 0.216
Steps : 6613070, Gen Loss Total : 25.176, Mel-Spec. Error : 0.203, s/b : 0.213
Steps : 6613075, Gen Loss Total : 24.007, Mel-Spec. Error : 0.204, s/b : 0.211
Steps : 6613080, Gen Loss Total : 22.939, Mel-Spec. Error : 0.197, s/b : 0.213
Steps : 6613085, Gen Loss Total : 23.889, Mel-Spec. Error : 0.193, s/b : 0.217
Steps : 6613090, Gen Loss Total : 23.218, Mel-Spec. Error : 0.193, s/b : 0.213
Steps : 6613095, Gen Loss Total : 23.760, Mel-Spec. Error : 0.194, s/b : 0.210
Steps : 6613100, Gen Loss Total : 27.396, Mel-Spec. Error : 0.208, s/b : 0.216
Steps : 6613105, Gen Loss Total : 25.213, Mel-Spec. Error : 0.196, s/b : 0.219
Steps : 6613110, Gen Loss Total : 25.974, Mel-Spec. Error : 0.202, s/b : 0.211
Steps : 6613115, Gen Loss Total : 28.565, Mel-Spec. Error : 0.201, s/b : 0.212
Steps : 6613120, Gen Loss Total : 27.853, Mel-Spec. Error : 0.214, s/b : 0.217
Steps : 6613125, Gen Loss Total : 27.390, Mel-Spec. Error : 0.208, s/b : 0.216
Steps : 6613130, Gen Loss Total : 23.991, Mel-Spec. Error : 0.196, s/b : 0.212
Steps : 6613135, Gen Loss Total : 24.515, Mel-Spec. Error : 0.203, s/b : 0.213
Steps : 6613140, Gen Loss Total : 26.574, Mel-Spec. Error : 0.205, s/b : 0.214
Steps : 6613145, Gen Loss Total : 26.230, Mel-Spec. Error : 0.201, s/b : 0.214
Steps : 6613150, Gen Loss Total : 24.211, Mel-Spec. Error : 0.188, s/b : 0.212
Steps : 6613155, Gen Loss Total : 23.108, Mel-Spec. Error : 0.202, s/b : 0.210
Steps : 6613160, Gen Loss Total : 25.988, Mel-Spec. Error : 0.210, s/b : 0.215
Steps : 6613165, Gen Loss Total : 25.979, Mel-Spec. Error : 0.199, s/b : 0.216
Steps : 6613170, Gen Loss Total : 23.705, Mel-Spec. Error : 0.200, s/b : 0.212
Steps : 6613175, Gen Loss Total : 29.010, Mel-Spec. Error : 0.206, s/b : 0.215
Steps : 6613180, Gen Loss Total : 22.907, Mel-Spec. Error : 0.200, s/b : 0.215
Steps : 6613185, Gen Loss Total : 26.024, Mel-Spec. Error : 0.197, s/b : 0.215
Steps : 6613190, Gen Loss Total : 26.340, Mel-Spec. Error : 0.211, s/b : 0.211
Steps : 6613195, Gen Loss Total : 26.966, Mel-Spec. Error : 0.204, s/b : 0.211
Steps : 6613200, Gen Loss Total : 27.486, Mel-Spec. Error : 0.202, s/b : 0.213
Steps : 6613205, Gen Loss Total : 22.886, Mel-Spec. Error : 0.188, s/b : 0.213
Steps : 6613210, Gen Loss Total : 28.730, Mel-Spec. Error : 0.210, s/b : 0.211
Steps : 6613215, Gen Loss Total : 24.416, Mel-Spec. Error : 0.194, s/b : 0.212
Steps : 6613220, Gen Loss Total : 26.995, Mel-Spec. Error : 0.204, s/b : 0.215
Steps : 6613225, Gen Loss Total : 25.076, Mel-Spec. Error : 0.197, s/b : 0.215
Steps : 6613230, Gen Loss Total : 23.754, Mel-Spec. Error : 0.204, s/b : 0.210
Steps : 6613235, Gen Loss Total : 24.802, Mel-Spec. Error : 0.199, s/b : 0.209
Steps : 6613240, Gen Loss Total : 24.033, Mel-Spec. Error : 0.197, s/b : 0.211
Steps : 6613245, Gen Loss Total : 26.090, Mel-Spec. Error : 0.205, s/b : 0.217
Steps : 6613250, Gen Loss Total : 26.511, Mel-Spec. Error : 0.204, s/b : 0.211
Steps : 6613255, Gen Loss Total : 28.633, Mel-Spec. Error : 0.208, s/b : 0.209
Steps : 6613260, Gen Loss Total : 30.195, Mel-Spec. Error : 0.214, s/b : 0.213
Steps : 6613265, Gen Loss Total : 28.237, Mel-Spec. Error : 0.205, s/b : 0.212
Steps : 6613270, Gen Loss Total : 25.539, Mel-Spec. Error : 0.201, s/b : 0.214
Steps : 6613275, Gen Loss Total : 27.461, Mel-Spec. Error : 0.208, s/b : 0.219
Steps : 6613280, Gen Loss Total : 23.668, Mel-Spec. Error : 0.194, s/b : 0.219
Steps : 6613285, Gen Loss Total : 25.455, Mel-Spec. Error : 0.201, s/b : 0.212
Steps : 6613290, Gen Loss Total : 27.375, Mel-Spec. Error : 0.205, s/b : 0.214
Steps : 6613295, Gen Loss Total : 24.744, Mel-Spec. Error : 0.199, s/b : 0.215
Steps : 6613300, Gen Loss Total : 23.425, Mel-Spec. Error : 0.201, s/b : 0.211
Steps : 6613305, Gen Loss Total : 29.749, Mel-Spec. Error : 0.210, s/b : 0.211
Steps : 6613310, Gen Loss Total : 24.954, Mel-Spec. Error : 0.203, s/b : 0.218
Steps : 6613315, Gen Loss Total : 25.229, Mel-Spec. Error : 0.209, s/b : 0.214
Steps : 6613320, Gen Loss Total : 25.155, Mel-Spec. Error : 0.197, s/b : 0.212
Steps : 6613325, Gen Loss Total : 27.371, Mel-Spec. Error : 0.206, s/b : 0.212
Steps : 6613330, Gen Loss Total : 28.782, Mel-Spec. Error : 0.211, s/b : 0.215
Steps : 6613335, Gen Loss Total : 24.555, Mel-Spec. Error : 0.199, s/b : 0.209
Steps : 6613340, Gen Loss Total : 26.541, Mel-Spec. Error : 0.203, s/b : 0.211
Steps : 6613345, Gen Loss Total : 25.976, Mel-Spec. Error : 0.212, s/b : 0.216
Steps : 6613350, Gen Loss Total : 25.302, Mel-Spec. Error : 0.205, s/b : 0.211
Steps : 6613355, Gen Loss Total : 25.061, Mel-Spec. Error : 0.196, s/b : 0.214
Steps : 6613360, Gen Loss Total : 26.098, Mel-Spec. Error : 0.210, s/b : 0.216
Steps : 6613365, Gen Loss Total : 25.427, Mel-Spec. Error : 0.204, s/b : 0.216
Steps : 6613370, Gen Loss Total : 27.123, Mel-Spec. Error : 0.201, s/b : 0.210
Steps : 6613375, Gen Loss Total : 27.956, Mel-Spec. Error : 0.204, s/b : 0.215
Steps : 6613380, Gen Loss Total : 27.174, Mel-Spec. Error : 0.203, s/b : 0.216
Steps : 6613385, Gen Loss Total : 22.833, Mel-Spec. Error : 0.199, s/b : 0.216
Steps : 6613390, Gen Loss Total : 26.174, Mel-Spec. Error : 0.199, s/b : 0.214
Steps : 6613395, Gen Loss Total : 26.095, Mel-Spec. Error : 0.204, s/b : 0.216
Steps : 6613400, Gen Loss Total : 27.208, Mel-Spec. Error : 0.199, s/b : 0.218
Steps : 6613405, Gen Loss Total : 26.145, Mel-Spec. Error : 0.200, s/b : 0.213
Steps : 6613410, Gen Loss Total : 26.060, Mel-Spec. Error : 0.200, s/b : 0.212
Steps : 6613415, Gen Loss Total : 23.603, Mel-Spec. Error : 0.202, s/b : 0.216
Steps : 6613420, Gen Loss Total : 26.287, Mel-Spec. Error : 0.208, s/b : 0.213
Steps : 6613425, Gen Loss Total : 24.759, Mel-Spec. Error : 0.194, s/b : 0.215
Steps : 6613430, Gen Loss Total : 25.852, Mel-Spec. Error : 0.202, s/b : 0.214
Steps : 6613435, Gen Loss Total : 26.085, Mel-Spec. Error : 0.197, s/b : 0.216
Steps : 6613440, Gen Loss Total : 24.261, Mel-Spec. Error : 0.199, s/b : 0.214
Steps : 6613445, Gen Loss Total : 24.727, Mel-Spec. Error : 0.198, s/b : 0.211
Steps : 6613450, Gen Loss Total : 28.776, Mel-Spec. Error : 0.201, s/b : 0.215
Steps : 6613455, Gen Loss Total : 26.527, Mel-Spec. Error : 0.203, s/b : 0.217
Steps : 6613460, Gen Loss Total : 26.527, Mel-Spec. Error : 0.207, s/b : 0.216
Steps : 6613465, Gen Loss Total : 25.256, Mel-Spec. Error : 0.202, s/b : 0.211
Steps : 6613470, Gen Loss Total : 26.358, Mel-Spec. Error : 0.204, s/b : 0.218
Steps : 6613475, Gen Loss Total : 25.518, Mel-Spec. Error : 0.209, s/b : 0.211
Steps : 6613480, Gen Loss Total : 27.236, Mel-Spec. Error : 0.212, s/b : 0.210
Steps : 6613485, Gen Loss Total : 25.589, Mel-Spec. Error : 0.201, s/b : 0.209
Steps : 6613490, Gen Loss Total : 25.437, Mel-Spec. Error : 0.197, s/b : 0.211
Steps : 6613495, Gen Loss Total : 21.939, Mel-Spec. Error : 0.192, s/b : 0.213
Steps : 6613500, Gen Loss Total : 27.222, Mel-Spec. Error : 0.207, s/b : 0.215
Steps : 6613505, Gen Loss Total : 26.341, Mel-Spec. Error : 0.202, s/b : 0.214
Steps : 6613510, Gen Loss Total : 25.749, Mel-Spec. Error : 0.203, s/b : 0.218
Steps : 6613515, Gen Loss Total : 25.205, Mel-Spec. Error : 0.203, s/b : 0.213
Steps : 6613520, Gen Loss Total : 23.656, Mel-Spec. Error : 0.194, s/b : 0.212
Steps : 6613525, Gen Loss Total : 27.289, Mel-Spec. Error : 0.203, s/b : 0.211
Steps : 6613530, Gen Loss Total : 25.227, Mel-Spec. Error : 0.196, s/b : 0.212
Steps : 6613535, Gen Loss Total : 26.054, Mel-Spec. Error : 0.205, s/b : 0.215
Steps : 6613540, Gen Loss Total : 24.812, Mel-Spec. Error : 0.202, s/b : 0.211
Steps : 6613545, Gen Loss Total : 25.109, Mel-Spec. Error : 0.203, s/b : 0.214
Steps : 6613550, Gen Loss Total : 26.437, Mel-Spec. Error : 0.206, s/b : 0.217
Steps : 6613555, Gen Loss Total : 22.743, Mel-Spec. Error : 0.203, s/b : 0.213
Steps : 6613560, Gen Loss Total : 26.268, Mel-Spec. Error : 0.199, s/b : 0.209
Steps : 6613565, Gen Loss Total : 28.057, Mel-Spec. Error : 0.204, s/b : 0.210
Time taken for epoch 3694 is 586 sec

Epoch: 3695
Steps : 6613570, Gen Loss Total : 26.157, Mel-Spec. Error : 0.214, s/b : 0.218
Steps : 6613575, Gen Loss Total : 26.063, Mel-Spec. Error : 0.205, s/b : 0.212
Steps : 6613580, Gen Loss Total : 24.344, Mel-Spec. Error : 0.196, s/b : 0.215
Steps : 6613585, Gen Loss Total : 23.496, Mel-Spec. Error : 0.199, s/b : 0.212
Steps : 6613590, Gen Loss Total : 26.470, Mel-Spec. Error : 0.202, s/b : 0.218
Steps : 6613595, Gen Loss Total : 25.361, Mel-Spec. Error : 0.193, s/b : 0.210
Steps : 6613600, Gen Loss Total : 26.356, Mel-Spec. Error : 0.203, s/b : 0.216
Steps : 6613605, Gen Loss Total : 26.413, Mel-Spec. Error : 0.203, s/b : 0.211
Steps : 6613610, Gen Loss Total : 24.505, Mel-Spec. Error : 0.199, s/b : 0.217
Steps : 6613615, Gen Loss Total : 25.656, Mel-Spec. Error : 0.203, s/b : 0.212
Steps : 6613620, Gen Loss Total : 23.451, Mel-Spec. Error : 0.190, s/b : 0.215
Steps : 6613625, Gen Loss Total : 24.924, Mel-Spec. Error : 0.196, s/b : 0.215
Steps : 6613630, Gen Loss Total : 27.230, Mel-Spec. Error : 0.203, s/b : 0.216
Steps : 6613635, Gen Loss Total : 23.985, Mel-Spec. Error : 0.196, s/b : 0.215
Steps : 6613640, Gen Loss Total : 26.511, Mel-Spec. Error : 0.203, s/b : 0.216
Steps : 6613645, Gen Loss Total : 27.234, Mel-Spec. Error : 0.206, s/b : 0.214
Steps : 6613650, Gen Loss Total : 26.794, Mel-Spec. Error : 0.201, s/b : 0.216
Steps : 6613655, Gen Loss Total : 25.857, Mel-Spec. Error : 0.201, s/b : 0.212
Steps : 6613660, Gen Loss Total : 27.234, Mel-Spec. Error : 0.201, s/b : 0.215
Steps : 6613665, Gen Loss Total : 23.477, Mel-Spec. Error : 0.194, s/b : 0.212
Steps : 6613670, Gen Loss Total : 30.290, Mel-Spec. Error : 0.207, s/b : 0.213
Steps : 6613675, Gen Loss Total : 27.898, Mel-Spec. Error : 0.208, s/b : 0.215
Steps : 6613680, Gen Loss Total : 23.728, Mel-Spec. Error : 0.198, s/b : 0.210
Steps : 6613685, Gen Loss Total : 26.463, Mel-Spec. Error : 0.195, s/b : 0.215
Steps : 6613690, Gen Loss Total : 22.924, Mel-Spec. Error : 0.190, s/b : 0.213
Steps : 6613695, Gen Loss Total : 28.333, Mel-Spec. Error : 0.207, s/b : 0.215
Steps : 6613700, Gen Loss Total : 24.698, Mel-Spec. Error : 0.199, s/b : 0.213
Steps : 6613705, Gen Loss Total : 24.401, Mel-Spec. Error : 0.198, s/b : 0.212
Steps : 6613710, Gen Loss Total : 26.949, Mel-Spec. Error : 0.198, s/b : 0.215
Steps : 6613715, Gen Loss Total : 26.865, Mel-Spec. Error : 0.205, s/b : 0.216
Steps : 6613720, Gen Loss Total : 24.830, Mel-Spec. Error : 0.199, s/b : 0.215
Steps : 6613725, Gen Loss Total : 28.217, Mel-Spec. Error : 0.202, s/b : 0.216
Steps : 6613730, Gen Loss Total : 27.376, Mel-Spec. Error : 0.208, s/b : 0.214
Steps : 6613735, Gen Loss Total : 24.543, Mel-Spec. Error : 0.198, s/b : 0.215
Steps : 6613740, Gen Loss Total : 26.251, Mel-Spec. Error : 0.206, s/b : 0.213
Steps : 6613745, Gen Loss Total : 23.892, Mel-Spec. Error : 0.198, s/b : 0.217
Steps : 6613750, Gen Loss Total : 22.686, Mel-Spec. Error : 0.200, s/b : 0.211
Steps : 6613755, Gen Loss Total : 26.683, Mel-Spec. Error : 0.201, s/b : 0.219
Steps : 6613760, Gen Loss Total : 28.441, Mel-Spec. Error : 0.202, s/b : 0.211
Steps : 6613765, Gen Loss Total : 27.377, Mel-Spec. Error : 0.205, s/b : 0.216
Steps : 6613770, Gen Loss Total : 24.128, Mel-Spec. Error : 0.196, s/b : 0.210
Steps : 6613775, Gen Loss Total : 26.392, Mel-Spec. Error : 0.208, s/b : 0.218
Steps : 6613780, Gen Loss Total : 26.637, Mel-Spec. Error : 0.212, s/b : 0.216
Steps : 6613785, Gen Loss Total : 25.060, Mel-Spec. Error : 0.200, s/b : 0.215
Steps : 6613790, Gen Loss Total : 27.203, Mel-Spec. Error : 0.213, s/b : 0.212
Steps : 6613795, Gen Loss Total : 24.748, Mel-Spec. Error : 0.197, s/b : 0.214
Steps : 6613800, Gen Loss Total : 24.362, Mel-Spec. Error : 0.193, s/b : 0.209
Steps : 6613805, Gen Loss Total : 25.361, Mel-Spec. Error : 0.203, s/b : 0.213
Steps : 6613810, Gen Loss Total : 26.049, Mel-Spec. Error : 0.202, s/b : 0.216
Steps : 6613815, Gen Loss Total : 25.307, Mel-Spec. Error : 0.186, s/b : 0.215
Steps : 6613820, Gen Loss Total : 26.838, Mel-Spec. Error : 0.202, s/b : 0.217
Steps : 6613825, Gen Loss Total : 26.931, Mel-Spec. Error : 0.202, s/b : 0.215
Steps : 6613830, Gen Loss Total : 26.330, Mel-Spec. Error : 0.211, s/b : 0.214
Steps : 6613835, Gen Loss Total : 23.247, Mel-Spec. Error : 0.195, s/b : 0.215
Steps : 6613840, Gen Loss Total : 23.673, Mel-Spec. Error : 0.199, s/b : 0.218
Steps : 6613845, Gen Loss Total : 26.091, Mel-Spec. Error : 0.204, s/b : 0.213
Steps : 6613850, Gen Loss Total : 28.399, Mel-Spec. Error : 0.214, s/b : 0.216
Steps : 6613855, Gen Loss Total : 27.486, Mel-Spec. Error : 0.210, s/b : 0.216
Steps : 6613860, Gen Loss Total : 27.123, Mel-Spec. Error : 0.207, s/b : 0.214
Steps : 6613865, Gen Loss Total : 27.207, Mel-Spec. Error : 0.208, s/b : 0.217
Steps : 6613870, Gen Loss Total : 28.990, Mel-Spec. Error : 0.217, s/b : 0.215
Steps : 6613875, Gen Loss Total : 26.972, Mel-Spec. Error : 0.202, s/b : 0.213
Steps : 6613880, Gen Loss Total : 22.405, Mel-Spec. Error : 0.194, s/b : 0.213
Steps : 6613885, Gen Loss Total : 24.837, Mel-Spec. Error : 0.193, s/b : 0.214
Steps : 6613890, Gen Loss Total : 24.007, Mel-Spec. Error : 0.203, s/b : 0.216
Steps : 6613895, Gen Loss Total : 27.993, Mel-Spec. Error : 0.205, s/b : 0.215
Steps : 6613900, Gen Loss Total : 23.853, Mel-Spec. Error : 0.195, s/b : 0.211
Steps : 6613905, Gen Loss Total : 26.903, Mel-Spec. Error : 0.206, s/b : 0.214
Steps : 6613910, Gen Loss Total : 25.592, Mel-Spec. Error : 0.207, s/b : 0.214
Steps : 6613915, Gen Loss Total : 29.771, Mel-Spec. Error : 0.204, s/b : 0.216
Steps : 6613920, Gen Loss Total : 28.368, Mel-Spec. Error : 0.211, s/b : 0.215
Steps : 6613925, Gen Loss Total : 29.083, Mel-Spec. Error : 0.209, s/b : 0.213
Steps : 6613930, Gen Loss Total : 26.704, Mel-Spec. Error : 0.204, s/b : 0.217
Steps : 6613935, Gen Loss Total : 27.467, Mel-Spec. Error : 0.213, s/b : 0.213
Steps : 6613940, Gen Loss Total : 25.934, Mel-Spec. Error : 0.204, s/b : 0.213
Steps : 6613945, Gen Loss Total : 26.918, Mel-Spec. Error : 0.202, s/b : 0.216
Steps : 6613950, Gen Loss Total : 28.808, Mel-Spec. Error : 0.209, s/b : 0.213
Steps : 6613955, Gen Loss Total : 27.912, Mel-Spec. Error : 0.207, s/b : 0.216
Steps : 6613960, Gen Loss Total : 26.867, Mel-Spec. Error : 0.212, s/b : 0.216
Steps : 6613965, Gen Loss Total : 29.737, Mel-Spec. Error : 0.208, s/b : 0.213
Steps : 6613970, Gen Loss Total : 24.279, Mel-Spec. Error : 0.197, s/b : 0.213
Steps : 6613975, Gen Loss Total : 24.884, Mel-Spec. Error : 0.199, s/b : 0.215
Steps : 6613980, Gen Loss Total : 27.241, Mel-Spec. Error : 0.206, s/b : 0.210
Steps : 6613985, Gen Loss Total : 26.853, Mel-Spec. Error : 0.207, s/b : 0.216
Steps : 6613990, Gen Loss Total : 25.464, Mel-Spec. Error : 0.203, s/b : 0.217
Steps : 6613995, Gen Loss Total : 27.711, Mel-Spec. Error : 0.202, s/b : 0.216
Steps : 6614000, Gen Loss Total : 27.526, Mel-Spec. Error : 0.201, s/b : 0.213
Steps : 6614005, Gen Loss Total : 25.075, Mel-Spec. Error : 0.203, s/b : 0.216
Steps : 6614010, Gen Loss Total : 28.313, Mel-Spec. Error : 0.216, s/b : 0.214
Steps : 6614015, Gen Loss Total : 24.851, Mel-Spec. Error : 0.192, s/b : 0.214
Steps : 6614020, Gen Loss Total : 23.553, Mel-Spec. Error : 0.192, s/b : 0.210
Steps : 6614025, Gen Loss Total : 25.111, Mel-Spec. Error : 0.195, s/b : 0.219
Steps : 6614030, Gen Loss Total : 26.369, Mel-Spec. Error : 0.201, s/b : 0.216
Steps : 6614035, Gen Loss Total : 27.955, Mel-Spec. Error : 0.212, s/b : 0.214
Steps : 6614040, Gen Loss Total : 24.857, Mel-Spec. Error : 0.200, s/b : 0.215
Steps : 6614045, Gen Loss Total : 24.114, Mel-Spec. Error : 0.203, s/b : 0.214
Steps : 6614050, Gen Loss Total : 26.707, Mel-Spec. Error : 0.204, s/b : 0.216
Steps : 6614055, Gen Loss Total : 24.406, Mel-Spec. Error : 0.201, s/b : 0.214
Steps : 6614060, Gen Loss Total : 25.718, Mel-Spec. Error : 0.203, s/b : 0.214
Steps : 6614065, Gen Loss Total : 24.106, Mel-Spec. Error : 0.202, s/b : 0.214
Steps : 6614070, Gen Loss Total : 26.826, Mel-Spec. Error : 0.214, s/b : 0.220
Steps : 6614075, Gen Loss Total : 26.284, Mel-Spec. Error : 0.203, s/b : 0.215
Steps : 6614080, Gen Loss Total : 26.629, Mel-Spec. Error : 0.201, s/b : 0.215
Steps : 6614085, Gen Loss Total : 24.723, Mel-Spec. Error : 0.198, s/b : 0.214
Steps : 6614090, Gen Loss Total : 25.015, Mel-Spec. Error : 0.205, s/b : 0.216
Steps : 6614095, Gen Loss Total : 30.875, Mel-Spec. Error : 0.209, s/b : 0.216
Steps : 6614100, Gen Loss Total : 25.330, Mel-Spec. Error : 0.204, s/b : 0.217
Steps : 6614105, Gen Loss Total : 26.223, Mel-Spec. Error : 0.200, s/b : 0.214
Steps : 6614110, Gen Loss Total : 25.486, Mel-Spec. Error : 0.200, s/b : 0.211
Steps : 6614115, Gen Loss Total : 26.290, Mel-Spec. Error : 0.201, s/b : 0.214
Steps : 6614120, Gen Loss Total : 27.925, Mel-Spec. Error : 0.211, s/b : 0.213
Steps : 6614125, Gen Loss Total : 25.020, Mel-Spec. Error : 0.207, s/b : 0.213
Steps : 6614130, Gen Loss Total : 25.460, Mel-Spec. Error : 0.204, s/b : 0.215
Steps : 6614135, Gen Loss Total : 28.618, Mel-Spec. Error : 0.211, s/b : 0.213
Steps : 6614140, Gen Loss Total : 24.572, Mel-Spec. Error : 0.198, s/b : 0.214
Steps : 6614145, Gen Loss Total : 25.829, Mel-Spec. Error : 0.202, s/b : 0.213
Steps : 6614150, Gen Loss Total : 23.965, Mel-Spec. Error : 0.196, s/b : 0.214
Steps : 6614155, Gen Loss Total : 28.821, Mel-Spec. Error : 0.214, s/b : 0.215
Steps : 6614160, Gen Loss Total : 25.293, Mel-Spec. Error : 0.200, s/b : 0.216
Steps : 6614165, Gen Loss Total : 31.321, Mel-Spec. Error : 0.210, s/b : 0.216
Steps : 6614170, Gen Loss Total : 23.674, Mel-Spec. Error : 0.201, s/b : 0.218
Steps : 6614175, Gen Loss Total : 25.329, Mel-Spec. Error : 0.202, s/b : 0.217
Steps : 6614180, Gen Loss Total : 27.091, Mel-Spec. Error : 0.206, s/b : 0.215
Steps : 6614185, Gen Loss Total : 25.133, Mel-Spec. Error : 0.192, s/b : 0.223
Steps : 6614190, Gen Loss Total : 24.402, Mel-Spec. Error : 0.191, s/b : 0.216
Steps : 6614195, Gen Loss Total : 25.377, Mel-Spec. Error : 0.197, s/b : 0.219
Steps : 6614200, Gen Loss Total : 24.883, Mel-Spec. Error : 0.200, s/b : 0.211
Steps : 6614205, Gen Loss Total : 27.222, Mel-Spec. Error : 0.199, s/b : 0.215
Steps : 6614210, Gen Loss Total : 27.169, Mel-Spec. Error : 0.203, s/b : 0.211
Steps : 6614215, Gen Loss Total : 25.708, Mel-Spec. Error : 0.202, s/b : 0.219
Steps : 6614220, Gen Loss Total : 29.266, Mel-Spec. Error : 0.217, s/b : 0.212
Steps : 6614225, Gen Loss Total : 23.466, Mel-Spec. Error : 0.200, s/b : 0.215
Steps : 6614230, Gen Loss Total : 26.210, Mel-Spec. Error : 0.197, s/b : 0.212
Steps : 6614235, Gen Loss Total : 27.129, Mel-Spec. Error : 0.204, s/b : 0.218
Steps : 6614240, Gen Loss Total : 26.542, Mel-Spec. Error : 0.207, s/b : 0.211
Steps : 6614245, Gen Loss Total : 25.276, Mel-Spec. Error : 0.206, s/b : 0.212
Steps : 6614250, Gen Loss Total : 26.659, Mel-Spec. Error : 0.203, s/b : 0.209
Steps : 6614255, Gen Loss Total : 23.152, Mel-Spec. Error : 0.194, s/b : 0.220
Steps : 6614260, Gen Loss Total : 26.629, Mel-Spec. Error : 0.213, s/b : 0.211
Steps : 6614265, Gen Loss Total : 25.449, Mel-Spec. Error : 0.206, s/b : 0.218
Steps : 6614270, Gen Loss Total : 28.099, Mel-Spec. Error : 0.212, s/b : 0.213
Steps : 6614275, Gen Loss Total : 26.459, Mel-Spec. Error : 0.205, s/b : 0.217
Steps : 6614280, Gen Loss Total : 27.079, Mel-Spec. Error : 0.204, s/b : 0.212
Steps : 6614285, Gen Loss Total : 25.019, Mel-Spec. Error : 0.199, s/b : 0.216
Steps : 6614290, Gen Loss Total : 26.234, Mel-Spec. Error : 0.211, s/b : 0.211
Steps : 6614295, Gen Loss Total : 24.179, Mel-Spec. Error : 0.198, s/b : 0.220
Steps : 6614300, Gen Loss Total : 25.338, Mel-Spec. Error : 0.205, s/b : 0.211
Steps : 6614305, Gen Loss Total : 23.778, Mel-Spec. Error : 0.196, s/b : 0.215
Steps : 6614310, Gen Loss Total : 24.561, Mel-Spec. Error : 0.197, s/b : 0.213
Steps : 6614315, Gen Loss Total : 25.985, Mel-Spec. Error : 0.205, s/b : 0.215
Steps : 6614320, Gen Loss Total : 26.859, Mel-Spec. Error : 0.212, s/b : 0.212
Steps : 6614325, Gen Loss Total : 26.799, Mel-Spec. Error : 0.203, s/b : 0.215
Steps : 6614330, Gen Loss Total : 27.642, Mel-Spec. Error : 0.205, s/b : 0.210
Steps : 6614335, Gen Loss Total : 25.795, Mel-Spec. Error : 0.202, s/b : 0.212
Steps : 6614340, Gen Loss Total : 25.105, Mel-Spec. Error : 0.202, s/b : 0.211
Steps : 6614345, Gen Loss Total : 24.491, Mel-Spec. Error : 0.198, s/b : 0.214
Steps : 6614350, Gen Loss Total : 26.296, Mel-Spec. Error : 0.195, s/b : 0.211
Steps : 6614355, Gen Loss Total : 27.233, Mel-Spec. Error : 0.207, s/b : 0.214
Steps : 6614360, Gen Loss Total : 25.579, Mel-Spec. Error : 0.197, s/b : 0.209
Steps : 6614365, Gen Loss Total : 25.075, Mel-Spec. Error : 0.209, s/b : 0.218
Steps : 6614370, Gen Loss Total : 22.965, Mel-Spec. Error : 0.199, s/b : 0.210
Steps : 6614375, Gen Loss Total : 25.733, Mel-Spec. Error : 0.198, s/b : 0.220
Steps : 6614380, Gen Loss Total : 26.880, Mel-Spec. Error : 0.216, s/b : 0.211
Steps : 6614385, Gen Loss Total : 23.052, Mel-Spec. Error : 0.196, s/b : 0.216
Steps : 6614390, Gen Loss Total : 27.134, Mel-Spec. Error : 0.202, s/b : 0.212
Steps : 6614395, Gen Loss Total : 24.801, Mel-Spec. Error : 0.203, s/b : 0.214
Steps : 6614400, Gen Loss Total : 28.957, Mel-Spec. Error : 0.206, s/b : 0.209
Steps : 6614405, Gen Loss Total : 27.050, Mel-Spec. Error : 0.208, s/b : 0.215
Steps : 6614410, Gen Loss Total : 24.002, Mel-Spec. Error : 0.201, s/b : 0.211
Steps : 6614415, Gen Loss Total : 27.793, Mel-Spec. Error : 0.210, s/b : 0.215
Steps : 6614420, Gen Loss Total : 24.034, Mel-Spec. Error : 0.201, s/b : 0.209
Steps : 6614425, Gen Loss Total : 27.884, Mel-Spec. Error : 0.214, s/b : 0.215
Steps : 6614430, Gen Loss Total : 25.491, Mel-Spec. Error : 0.200, s/b : 0.213
Steps : 6614435, Gen Loss Total : 28.522, Mel-Spec. Error : 0.207, s/b : 0.214
Steps : 6614440, Gen Loss Total : 24.578, Mel-Spec. Error : 0.195, s/b : 0.210
Steps : 6614445, Gen Loss Total : 25.956, Mel-Spec. Error : 0.201, s/b : 0.213
Steps : 6614450, Gen Loss Total : 22.974, Mel-Spec. Error : 0.197, s/b : 0.211
Steps : 6614455, Gen Loss Total : 25.619, Mel-Spec. Error : 0.193, s/b : 0.220
Steps : 6614460, Gen Loss Total : 25.250, Mel-Spec. Error : 0.199, s/b : 0.211
Steps : 6614465, Gen Loss Total : 22.616, Mel-Spec. Error : 0.197, s/b : 0.215
Steps : 6614470, Gen Loss Total : 28.359, Mel-Spec. Error : 0.215, s/b : 0.210
Steps : 6614475, Gen Loss Total : 26.591, Mel-Spec. Error : 0.208, s/b : 0.215
Steps : 6614480, Gen Loss Total : 26.709, Mel-Spec. Error : 0.205, s/b : 0.210
Steps : 6614485, Gen Loss Total : 25.322, Mel-Spec. Error : 0.202, s/b : 0.210
Steps : 6614490, Gen Loss Total : 25.099, Mel-Spec. Error : 0.204, s/b : 0.212
Steps : 6614495, Gen Loss Total : 26.267, Mel-Spec. Error : 0.198, s/b : 0.219
Steps : 6614500, Gen Loss Total : 27.436, Mel-Spec. Error : 0.211, s/b : 0.211
Steps : 6614505, Gen Loss Total : 26.045, Mel-Spec. Error : 0.201, s/b : 0.217
Steps : 6614510, Gen Loss Total : 27.300, Mel-Spec. Error : 0.200, s/b : 0.210
Steps : 6614515, Gen Loss Total : 25.207, Mel-Spec. Error : 0.205, s/b : 0.217
Steps : 6614520, Gen Loss Total : 26.231, Mel-Spec. Error : 0.209, s/b : 0.211
Steps : 6614525, Gen Loss Total : 25.384, Mel-Spec. Error : 0.202, s/b : 0.215
Steps : 6614530, Gen Loss Total : 24.703, Mel-Spec. Error : 0.205, s/b : 0.213
Steps : 6614535, Gen Loss Total : 25.020, Mel-Spec. Error : 0.201, s/b : 0.217
Steps : 6614540, Gen Loss Total : 25.620, Mel-Spec. Error : 0.199, s/b : 0.212
Steps : 6614545, Gen Loss Total : 22.533, Mel-Spec. Error : 0.199, s/b : 0.215
Steps : 6614550, Gen Loss Total : 24.842, Mel-Spec. Error : 0.198, s/b : 0.211
Steps : 6614555, Gen Loss Total : 25.880, Mel-Spec. Error : 0.198, s/b : 0.216
Steps : 6614560, Gen Loss Total : 26.802, Mel-Spec. Error : 0.208, s/b : 0.214
Steps : 6614565, Gen Loss Total : 25.821, Mel-Spec. Error : 0.202, s/b : 0.216
Steps : 6614570, Gen Loss Total : 25.023, Mel-Spec. Error : 0.197, s/b : 0.209
Steps : 6614575, Gen Loss Total : 26.915, Mel-Spec. Error : 0.211, s/b : 0.213
Steps : 6614580, Gen Loss Total : 29.152, Mel-Spec. Error : 0.207, s/b : 0.212
Steps : 6614585, Gen Loss Total : 26.490, Mel-Spec. Error : 0.205, s/b : 0.217
Steps : 6614590, Gen Loss Total : 25.253, Mel-Spec. Error : 0.201, s/b : 0.209
Steps : 6614595, Gen Loss Total : 27.942, Mel-Spec. Error : 0.201, s/b : 0.214
Steps : 6614600, Gen Loss Total : 25.307, Mel-Spec. Error : 0.203, s/b : 0.209
Steps : 6614605, Gen Loss Total : 25.674, Mel-Spec. Error : 0.198, s/b : 0.212
Steps : 6614610, Gen Loss Total : 25.522, Mel-Spec. Error : 0.202, s/b : 0.211
Steps : 6614615, Gen Loss Total : 24.084, Mel-Spec. Error : 0.196, s/b : 0.217
Steps : 6614620, Gen Loss Total : 22.932, Mel-Spec. Error : 0.191, s/b : 0.211
Steps : 6614625, Gen Loss Total : 23.603, Mel-Spec. Error : 0.208, s/b : 0.214
Steps : 6614630, Gen Loss Total : 22.302, Mel-Spec. Error : 0.196, s/b : 0.213
Steps : 6614635, Gen Loss Total : 26.450, Mel-Spec. Error : 0.200, s/b : 0.216
Steps : 6614640, Gen Loss Total : 26.796, Mel-Spec. Error : 0.201, s/b : 0.210
Steps : 6614645, Gen Loss Total : 27.661, Mel-Spec. Error : 0.211, s/b : 0.216
Steps : 6614650, Gen Loss Total : 26.304, Mel-Spec. Error : 0.202, s/b : 0.212
Steps : 6614655, Gen Loss Total : 26.783, Mel-Spec. Error : 0.206, s/b : 0.220
Steps : 6614660, Gen Loss Total : 26.769, Mel-Spec. Error : 0.197, s/b : 0.212
Steps : 6614665, Gen Loss Total : 28.235, Mel-Spec. Error : 0.209, s/b : 0.218
Steps : 6614670, Gen Loss Total : 26.478, Mel-Spec. Error : 0.194, s/b : 0.214
Steps : 6614675, Gen Loss Total : 27.490, Mel-Spec. Error : 0.206, s/b : 0.218
Steps : 6614680, Gen Loss Total : 25.940, Mel-Spec. Error : 0.203, s/b : 0.210
Steps : 6614685, Gen Loss Total : 26.715, Mel-Spec. Error : 0.204, s/b : 0.212
Steps : 6614690, Gen Loss Total : 25.548, Mel-Spec. Error : 0.201, s/b : 0.209
Steps : 6614695, Gen Loss Total : 26.410, Mel-Spec. Error : 0.202, s/b : 0.215
Steps : 6614700, Gen Loss Total : 26.255, Mel-Spec. Error : 0.201, s/b : 0.212
Steps : 6614705, Gen Loss Total : 26.326, Mel-Spec. Error : 0.202, s/b : 0.209
Steps : 6614710, Gen Loss Total : 27.635, Mel-Spec. Error : 0.197, s/b : 0.214
Steps : 6614715, Gen Loss Total : 27.706, Mel-Spec. Error : 0.194, s/b : 0.217
Steps : 6614720, Gen Loss Total : 28.937, Mel-Spec. Error : 0.210, s/b : 0.213
Steps : 6614725, Gen Loss Total : 28.711, Mel-Spec. Error : 0.208, s/b : 0.214
Steps : 6614730, Gen Loss Total : 24.881, Mel-Spec. Error : 0.198, s/b : 0.215
Steps : 6614735, Gen Loss Total : 25.072, Mel-Spec. Error : 0.205, s/b : 0.211
Steps : 6614740, Gen Loss Total : 26.389, Mel-Spec. Error : 0.204, s/b : 0.211
Steps : 6614745, Gen Loss Total : 25.134, Mel-Spec. Error : 0.202, s/b : 0.209
Steps : 6614750, Gen Loss Total : 26.045, Mel-Spec. Error : 0.197, s/b : 0.218
Steps : 6614755, Gen Loss Total : 25.297, Mel-Spec. Error : 0.201, s/b : 0.216
Steps : 6614760, Gen Loss Total : 26.676, Mel-Spec. Error : 0.200, s/b : 0.211
Steps : 6614765, Gen Loss Total : 24.064, Mel-Spec. Error : 0.193, s/b : 0.216
Steps : 6614770, Gen Loss Total : 26.167, Mel-Spec. Error : 0.205, s/b : 0.214
Steps : 6614775, Gen Loss Total : 27.511, Mel-Spec. Error : 0.202, s/b : 0.213
Steps : 6614780, Gen Loss Total : 27.509, Mel-Spec. Error : 0.213, s/b : 0.213
Steps : 6614785, Gen Loss Total : 27.678, Mel-Spec. Error : 0.203, s/b : 0.213
Steps : 6614790, Gen Loss Total : 28.800, Mel-Spec. Error : 0.209, s/b : 0.224
Steps : 6614795, Gen Loss Total : 27.387, Mel-Spec. Error : 0.207, s/b : 0.209
Steps : 6614800, Gen Loss Total : 25.302, Mel-Spec. Error : 0.213, s/b : 0.217
Steps : 6614805, Gen Loss Total : 24.288, Mel-Spec. Error : 0.200, s/b : 0.209
Steps : 6614810, Gen Loss Total : 26.661, Mel-Spec. Error : 0.195, s/b : 0.217
Steps : 6614815, Gen Loss Total : 27.634, Mel-Spec. Error : 0.203, s/b : 0.211
Steps : 6614820, Gen Loss Total : 27.729, Mel-Spec. Error : 0.212, s/b : 0.219
Steps : 6614825, Gen Loss Total : 24.559, Mel-Spec. Error : 0.201, s/b : 0.212
Steps : 6614830, Gen Loss Total : 25.783, Mel-Spec. Error : 0.200, s/b : 0.218
Steps : 6614835, Gen Loss Total : 23.457, Mel-Spec. Error : 0.192, s/b : 0.211
Steps : 6614840, Gen Loss Total : 26.626, Mel-Spec. Error : 0.207, s/b : 0.218
Steps : 6614845, Gen Loss Total : 24.396, Mel-Spec. Error : 0.199, s/b : 0.211
Steps : 6614850, Gen Loss Total : 25.767, Mel-Spec. Error : 0.205, s/b : 0.220
Steps : 6614855, Gen Loss Total : 26.395, Mel-Spec. Error : 0.199, s/b : 0.211
Steps : 6614860, Gen Loss Total : 26.626, Mel-Spec. Error : 0.210, s/b : 0.215
Steps : 6614865, Gen Loss Total : 26.019, Mel-Spec. Error : 0.200, s/b : 0.212
Steps : 6614870, Gen Loss Total : 24.805, Mel-Spec. Error : 0.198, s/b : 0.211
Steps : 6614875, Gen Loss Total : 26.328, Mel-Spec. Error : 0.209, s/b : 0.210
Steps : 6614880, Gen Loss Total : 26.703, Mel-Spec. Error : 0.196, s/b : 0.217
Steps : 6614885, Gen Loss Total : 26.915, Mel-Spec. Error : 0.205, s/b : 0.208
Steps : 6614890, Gen Loss Total : 23.988, Mel-Spec. Error : 0.205, s/b : 0.216
Steps : 6614895, Gen Loss Total : 26.926, Mel-Spec. Error : 0.206, s/b : 0.212
Steps : 6614900, Gen Loss Total : 27.948, Mel-Spec. Error : 0.206, s/b : 0.215
Steps : 6614905, Gen Loss Total : 24.687, Mel-Spec. Error : 0.203, s/b : 0.211
Steps : 6614910, Gen Loss Total : 25.032, Mel-Spec. Error : 0.202, s/b : 0.214
Steps : 6614915, Gen Loss Total : 25.114, Mel-Spec. Error : 0.197, s/b : 0.212
Steps : 6614920, Gen Loss Total : 27.097, Mel-Spec. Error : 0.207, s/b : 0.214
Steps : 6614925, Gen Loss Total : 29.974, Mel-Spec. Error : 0.205, s/b : 0.209
Steps : 6614930, Gen Loss Total : 26.726, Mel-Spec. Error : 0.203, s/b : 0.214
Steps : 6614935, Gen Loss Total : 26.002, Mel-Spec. Error : 0.199, s/b : 0.211
Steps : 6614940, Gen Loss Total : 24.970, Mel-Spec. Error : 0.204, s/b : 0.214
Steps : 6614945, Gen Loss Total : 25.482, Mel-Spec. Error : 0.205, s/b : 0.211
Steps : 6614950, Gen Loss Total : 26.360, Mel-Spec. Error : 0.210, s/b : 0.214
Steps : 6614955, Gen Loss Total : 24.937, Mel-Spec. Error : 0.200, s/b : 0.212
Steps : 6614960, Gen Loss Total : 23.918, Mel-Spec. Error : 0.198, s/b : 0.217
Steps : 6614965, Gen Loss Total : 28.269, Mel-Spec. Error : 0.200, s/b : 0.211
Steps : 6614970, Gen Loss Total : 28.280, Mel-Spec. Error : 0.213, s/b : 0.216
Steps : 6614975, Gen Loss Total : 25.535, Mel-Spec. Error : 0.192, s/b : 0.212
Steps : 6614980, Gen Loss Total : 27.396, Mel-Spec. Error : 0.204, s/b : 0.215
Steps : 6614985, Gen Loss Total : 24.768, Mel-Spec. Error : 0.198, s/b : 0.213
Steps : 6614990, Gen Loss Total : 26.288, Mel-Spec. Error : 0.202, s/b : 0.217
Steps : 6614995, Gen Loss Total : 24.754, Mel-Spec. Error : 0.199, s/b : 0.211
Steps : 6615000, Gen Loss Total : 25.545, Mel-Spec. Error : 0.205, s/b : 0.215
Saving checkpoint to /home/hpc/vlbi/vlbi107v/hifi-gan/cp_hifigan/v1_c512/g_06615000
Complete.
Saving checkpoint to /home/woody/vlbi/vlbi107v/cp_hifigan/v1_c512/g_06615000
Complete.
Saving checkpoint to /home/hpc/vlbi/vlbi107v/hifi-gan/cp_hifigan/v1_c512/do_06615000
Complete.
Saving checkpoint to /home/woody/vlbi/vlbi107v/cp_hifigan/v1_c512/do_06615000
Complete.
Steps : 6615005, Gen Loss Total : 27.172, Mel-Spec. Error : 0.200, s/b : 0.213
Steps : 6615010, Gen Loss Total : 26.858, Mel-Spec. Error : 0.215, s/b : 0.213
Steps : 6615015, Gen Loss Total : 26.592, Mel-Spec. Error : 0.204, s/b : 0.211
Steps : 6615020, Gen Loss Total : 26.321, Mel-Spec. Error : 0.209, s/b : 0.219
Steps : 6615025, Gen Loss Total : 24.825, Mel-Spec. Error : 0.202, s/b : 0.212
Steps : 6615030, Gen Loss Total : 27.011, Mel-Spec. Error : 0.209, s/b : 0.214
Steps : 6615035, Gen Loss Total : 24.635, Mel-Spec. Error : 0.199, s/b : 0.215
Steps : 6615040, Gen Loss Total : 26.323, Mel-Spec. Error : 0.200, s/b : 0.212
Steps : 6615045, Gen Loss Total : 27.810, Mel-Spec. Error : 0.214, s/b : 0.217
Steps : 6615050, Gen Loss Total : 27.592, Mel-Spec. Error : 0.208, s/b : 0.214
Steps : 6615055, Gen Loss Total : 25.626, Mel-Spec. Error : 0.204, s/b : 0.217
Steps : 6615060, Gen Loss Total : 23.100, Mel-Spec. Error : 0.195, s/b : 0.212
Steps : 6615065, Gen Loss Total : 26.780, Mel-Spec. Error : 0.205, s/b : 0.217
Steps : 6615070, Gen Loss Total : 29.332, Mel-Spec. Error : 0.211, s/b : 0.215
Steps : 6615075, Gen Loss Total : 29.933, Mel-Spec. Error : 0.210, s/b : 0.215
Steps : 6615080, Gen Loss Total : 26.152, Mel-Spec. Error : 0.200, s/b : 0.225
Steps : 6615085, Gen Loss Total : 26.234, Mel-Spec. Error : 0.203, s/b : 0.213
Steps : 6615090, Gen Loss Total : 26.402, Mel-Spec. Error : 0.202, s/b : 0.209
Steps : 6615095, Gen Loss Total : 25.789, Mel-Spec. Error : 0.203, s/b : 0.218
Steps : 6615100, Gen Loss Total : 24.979, Mel-Spec. Error : 0.199, s/b : 0.211
Steps : 6615105, Gen Loss Total : 23.960, Mel-Spec. Error : 0.195, s/b : 0.216
Steps : 6615110, Gen Loss Total : 26.059, Mel-Spec. Error : 0.205, s/b : 0.210
Steps : 6615115, Gen Loss Total : 25.947, Mel-Spec. Error : 0.195, s/b : 0.217
Steps : 6615120, Gen Loss Total : 26.002, Mel-Spec. Error : 0.203, s/b : 0.211
Steps : 6615125, Gen Loss Total : 25.377, Mel-Spec. Error : 0.202, s/b : 0.217
Steps : 6615130, Gen Loss Total : 25.924, Mel-Spec. Error : 0.205, s/b : 0.212
Steps : 6615135, Gen Loss Total : 25.710, Mel-Spec. Error : 0.203, s/b : 0.216
Steps : 6615140, Gen Loss Total : 24.621, Mel-Spec. Error : 0.200, s/b : 0.212
Steps : 6615145, Gen Loss Total : 26.034, Mel-Spec. Error : 0.200, s/b : 0.217
Steps : 6615150, Gen Loss Total : 24.458, Mel-Spec. Error : 0.200, s/b : 0.211
Steps : 6615155, Gen Loss Total : 25.277, Mel-Spec. Error : 0.196, s/b : 0.216
Steps : 6615160, Gen Loss Total : 26.353, Mel-Spec. Error : 0.198, s/b : 0.214
Steps : 6615165, Gen Loss Total : 29.829, Mel-Spec. Error : 0.203, s/b : 0.216
Steps : 6615170, Gen Loss Total : 25.476, Mel-Spec. Error : 0.200, s/b : 0.214
Steps : 6615175, Gen Loss Total : 24.800, Mel-Spec. Error : 0.198, s/b : 0.216
Steps : 6615180, Gen Loss Total : 27.563, Mel-Spec. Error : 0.203, s/b : 0.211
Steps : 6615185, Gen Loss Total : 26.758, Mel-Spec. Error : 0.208, s/b : 0.213
Steps : 6615190, Gen Loss Total : 26.242, Mel-Spec. Error : 0.203, s/b : 0.213
Steps : 6615195, Gen Loss Total : 25.718, Mel-Spec. Error : 0.208, s/b : 0.214
Steps : 6615200, Gen Loss Total : 27.040, Mel-Spec. Error : 0.205, s/b : 0.212
Steps : 6615205, Gen Loss Total : 22.985, Mel-Spec. Error : 0.200, s/b : 0.214
Steps : 6615210, Gen Loss Total : 27.847, Mel-Spec. Error : 0.200, s/b : 0.210
Steps : 6615215, Gen Loss Total : 27.606, Mel-Spec. Error : 0.202, s/b : 0.213
Steps : 6615220, Gen Loss Total : 24.914, Mel-Spec. Error : 0.195, s/b : 0.213
Steps : 6615225, Gen Loss Total : 25.275, Mel-Spec. Error : 0.197, s/b : 0.217
Steps : 6615230, Gen Loss Total : 26.296, Mel-Spec. Error : 0.202, s/b : 0.215
Steps : 6615235, Gen Loss Total : 23.707, Mel-Spec. Error : 0.199, s/b : 0.217
Steps : 6615240, Gen Loss Total : 24.472, Mel-Spec. Error : 0.193, s/b : 0.211
Steps : 6615245, Gen Loss Total : 26.062, Mel-Spec. Error : 0.204, s/b : 0.213
Steps : 6615250, Gen Loss Total : 24.281, Mel-Spec. Error : 0.199, s/b : 0.214
Steps : 6615255, Gen Loss Total : 25.197, Mel-Spec. Error : 0.196, s/b : 0.214
Steps : 6615260, Gen Loss Total : 25.827, Mel-Spec. Error : 0.195, s/b : 0.212
Steps : 6615265, Gen Loss Total : 27.226, Mel-Spec. Error : 0.200, s/b : 0.211
Steps : 6615270, Gen Loss Total : 24.818, Mel-Spec. Error : 0.197, s/b : 0.215
Steps : 6615275, Gen Loss Total : 24.840, Mel-Spec. Error : 0.196, s/b : 0.218
Steps : 6615280, Gen Loss Total : 27.237, Mel-Spec. Error : 0.210, s/b : 0.214
Steps : 6615285, Gen Loss Total : 26.738, Mel-Spec. Error : 0.195, s/b : 0.215
Steps : 6615290, Gen Loss Total : 25.741, Mel-Spec. Error : 0.196, s/b : 0.216
Steps : 6615295, Gen Loss Total : 26.606, Mel-Spec. Error : 0.201, s/b : 0.215
Steps : 6615300, Gen Loss Total : 23.665, Mel-Spec. Error : 0.196, s/b : 0.212
Steps : 6615305, Gen Loss Total : 23.027, Mel-Spec. Error : 0.193, s/b : 0.215
Steps : 6615310, Gen Loss Total : 25.108, Mel-Spec. Error : 0.197, s/b : 0.213
Steps : 6615315, Gen Loss Total : 23.683, Mel-Spec. Error : 0.198, s/b : 0.212
Steps : 6615320, Gen Loss Total : 22.898, Mel-Spec. Error : 0.202, s/b : 0.213
Steps : 6615325, Gen Loss Total : 22.294, Mel-Spec. Error : 0.202, s/b : 0.216
Steps : 6615330, Gen Loss Total : 28.633, Mel-Spec. Error : 0.210, s/b : 0.213
Steps : 6615335, Gen Loss Total : 25.065, Mel-Spec. Error : 0.208, s/b : 0.214
Steps : 6615340, Gen Loss Total : 24.078, Mel-Spec. Error : 0.196, s/b : 0.213
Steps : 6615345, Gen Loss Total : 25.515, Mel-Spec. Error : 0.198, s/b : 0.209
Time taken for epoch 3695 is 593 sec

Epoch: 3696
Steps : 6615350, Gen Loss Total : 24.713, Mel-Spec. Error : 0.197, s/b : 0.269
Steps : 6615355, Gen Loss Total : 23.766, Mel-Spec. Error : 0.198, s/b : 0.216
Steps : 6615360, Gen Loss Total : 26.394, Mel-Spec. Error : 0.198, s/b : 0.215
Steps : 6615365, Gen Loss Total : 25.098, Mel-Spec. Error : 0.203, s/b : 0.213
Steps : 6615370, Gen Loss Total : 25.202, Mel-Spec. Error : 0.202, s/b : 0.214
Steps : 6615375, Gen Loss Total : 25.368, Mel-Spec. Error : 0.198, s/b : 0.213
Steps : 6615380, Gen Loss Total : 25.497, Mel-Spec. Error : 0.205, s/b : 0.212
Steps : 6615385, Gen Loss Total : 28.812, Mel-Spec. Error : 0.201, s/b : 0.213
Steps : 6615390, Gen Loss Total : 27.152, Mel-Spec. Error : 0.216, s/b : 0.214
Steps : 6615395, Gen Loss Total : 25.401, Mel-Spec. Error : 0.206, s/b : 0.213
Steps : 6615400, Gen Loss Total : 25.061, Mel-Spec. Error : 0.197, s/b : 0.212
Steps : 6615405, Gen Loss Total : 23.881, Mel-Spec. Error : 0.200, s/b : 0.213
Steps : 6615410, Gen Loss Total : 24.752, Mel-Spec. Error : 0.192, s/b : 0.213
Steps : 6615415, Gen Loss Total : 28.587, Mel-Spec. Error : 0.210, s/b : 0.214
Steps : 6615420, Gen Loss Total : 25.103, Mel-Spec. Error : 0.196, s/b : 0.213
Steps : 6615425, Gen Loss Total : 23.759, Mel-Spec. Error : 0.198, s/b : 0.214
Steps : 6615430, Gen Loss Total : 26.831, Mel-Spec. Error : 0.203, s/b : 0.214
Steps : 6615435, Gen Loss Total : 28.397, Mel-Spec. Error : 0.202, s/b : 0.210
Steps : 6615440, Gen Loss Total : 26.374, Mel-Spec. Error : 0.204, s/b : 0.214
Steps : 6615445, Gen Loss Total : 25.117, Mel-Spec. Error : 0.194, s/b : 0.213
Steps : 6615450, Gen Loss Total : 29.601, Mel-Spec. Error : 0.207, s/b : 0.213
Steps : 6615455, Gen Loss Total : 22.221, Mel-Spec. Error : 0.199, s/b : 0.212
Steps : 6615460, Gen Loss Total : 28.193, Mel-Spec. Error : 0.206, s/b : 0.213
Steps : 6615465, Gen Loss Total : 25.062, Mel-Spec. Error : 0.201, s/b : 0.212
Steps : 6615470, Gen Loss Total : 27.621, Mel-Spec. Error : 0.206, s/b : 0.216
Steps : 6615475, Gen Loss Total : 27.332, Mel-Spec. Error : 0.206, s/b : 0.213
Steps : 6615480, Gen Loss Total : 29.915, Mel-Spec. Error : 0.215, s/b : 0.213
Steps : 6615485, Gen Loss Total : 27.050, Mel-Spec. Error : 0.204, s/b : 0.221
Steps : 6615490, Gen Loss Total : 25.546, Mel-Spec. Error : 0.201, s/b : 0.215
Steps : 6615495, Gen Loss Total : 27.016, Mel-Spec. Error : 0.205, s/b : 0.210
Steps : 6615500, Gen Loss Total : 23.159, Mel-Spec. Error : 0.194, s/b : 0.213
Steps : 6615505, Gen Loss Total : 28.247, Mel-Spec. Error : 0.208, s/b : 0.212
Steps : 6615510, Gen Loss Total : 26.225, Mel-Spec. Error : 0.209, s/b : 0.216
Steps : 6615515, Gen Loss Total : 23.704, Mel-Spec. Error : 0.194, s/b : 0.210
Steps : 6615520, Gen Loss Total : 27.021, Mel-Spec. Error : 0.197, s/b : 0.212
Steps : 6615525, Gen Loss Total : 25.829, Mel-Spec. Error : 0.199, s/b : 0.213
Steps : 6615530, Gen Loss Total : 23.892, Mel-Spec. Error : 0.197, s/b : 0.212
Steps : 6615535, Gen Loss Total : 27.217, Mel-Spec. Error : 0.204, s/b : 0.210
Steps : 6615540, Gen Loss Total : 27.919, Mel-Spec. Error : 0.199, s/b : 0.210
Steps : 6615545, Gen Loss Total : 25.021, Mel-Spec. Error : 0.195, s/b : 0.215
Steps : 6615550, Gen Loss Total : 26.917, Mel-Spec. Error : 0.201, s/b : 0.212
Steps : 6615555, Gen Loss Total : 26.436, Mel-Spec. Error : 0.202, s/b : 0.212
Steps : 6615560, Gen Loss Total : 26.750, Mel-Spec. Error : 0.208, s/b : 0.212
Steps : 6615565, Gen Loss Total : 24.042, Mel-Spec. Error : 0.199, s/b : 0.216
Steps : 6615570, Gen Loss Total : 25.223, Mel-Spec. Error : 0.203, s/b : 0.212
Steps : 6615575, Gen Loss Total : 25.014, Mel-Spec. Error : 0.199, s/b : 0.213
Steps : 6615580, Gen Loss Total : 27.707, Mel-Spec. Error : 0.200, s/b : 0.211
Steps : 6615585, Gen Loss Total : 26.748, Mel-Spec. Error : 0.200, s/b : 0.215
Steps : 6615590, Gen Loss Total : 24.921, Mel-Spec. Error : 0.204, s/b : 0.213
Steps : 6615595, Gen Loss Total : 24.622, Mel-Spec. Error : 0.185, s/b : 0.213
Steps : 6615600, Gen Loss Total : 31.173, Mel-Spec. Error : 0.213, s/b : 0.210
Steps : 6615605, Gen Loss Total : 26.673, Mel-Spec. Error : 0.202, s/b : 0.214
Steps : 6615610, Gen Loss Total : 25.720, Mel-Spec. Error : 0.200, s/b : 0.215
Steps : 6615615, Gen Loss Total : 25.064, Mel-Spec. Error : 0.201, s/b : 0.214
Steps : 6615620, Gen Loss Total : 24.001, Mel-Spec. Error : 0.195, s/b : 0.215
Steps : 6615625, Gen Loss Total : 26.811, Mel-Spec. Error : 0.204, s/b : 0.213
Steps : 6615630, Gen Loss Total : 26.789, Mel-Spec. Error : 0.208, s/b : 0.213
Steps : 6615635, Gen Loss Total : 24.603, Mel-Spec. Error : 0.202, s/b : 0.211
Steps : 6615640, Gen Loss Total : 26.776, Mel-Spec. Error : 0.208, s/b : 0.215
Steps : 6615645, Gen Loss Total : 26.212, Mel-Spec. Error : 0.203, s/b : 0.215
Steps : 6615650, Gen Loss Total : 27.357, Mel-Spec. Error : 0.205, s/b : 0.214
Steps : 6615655, Gen Loss Total : 25.020, Mel-Spec. Error : 0.197, s/b : 0.213
Steps : 6615660, Gen Loss Total : 24.932, Mel-Spec. Error : 0.198, s/b : 0.216
Steps : 6615665, Gen Loss Total : 25.426, Mel-Spec. Error : 0.205, s/b : 0.214
Steps : 6615670, Gen Loss Total : 23.403, Mel-Spec. Error : 0.200, s/b : 0.217
Steps : 6615675, Gen Loss Total : 28.337, Mel-Spec. Error : 0.209, s/b : 0.214
Steps : 6615680, Gen Loss Total : 26.894, Mel-Spec. Error : 0.214, s/b : 0.215
Steps : 6615685, Gen Loss Total : 24.695, Mel-Spec. Error : 0.195, s/b : 0.213
Steps : 6615690, Gen Loss Total : 25.264, Mel-Spec. Error : 0.199, s/b : 0.216
Steps : 6615695, Gen Loss Total : 28.199, Mel-Spec. Error : 0.202, s/b : 0.214
Steps : 6615700, Gen Loss Total : 26.662, Mel-Spec. Error : 0.210, s/b : 0.217
Steps : 6615705, Gen Loss Total : 26.356, Mel-Spec. Error : 0.208, s/b : 0.213
Steps : 6615710, Gen Loss Total : 28.423, Mel-Spec. Error : 0.203, s/b : 0.211
Steps : 6615715, Gen Loss Total : 25.822, Mel-Spec. Error : 0.197, s/b : 0.212
Steps : 6615720, Gen Loss Total : 27.319, Mel-Spec. Error : 0.207, s/b : 0.210
Steps : 6615725, Gen Loss Total : 26.216, Mel-Spec. Error : 0.201, s/b : 0.216
Steps : 6615730, Gen Loss Total : 24.971, Mel-Spec. Error : 0.197, s/b : 0.211
Steps : 6615735, Gen Loss Total : 27.117, Mel-Spec. Error : 0.211, s/b : 0.212
Steps : 6615740, Gen Loss Total : 23.088, Mel-Spec. Error : 0.195, s/b : 0.211
Steps : 6615745, Gen Loss Total : 22.509, Mel-Spec. Error : 0.188, s/b : 0.212
Steps : 6615750, Gen Loss Total : 23.665, Mel-Spec. Error : 0.200, s/b : 0.216
Steps : 6615755, Gen Loss Total : 25.545, Mel-Spec. Error : 0.201, s/b : 0.211
Steps : 6615760, Gen Loss Total : 22.026, Mel-Spec. Error : 0.194, s/b : 0.216
Steps : 6615765, Gen Loss Total : 25.728, Mel-Spec. Error : 0.200, s/b : 0.209
Steps : 6615770, Gen Loss Total : 25.258, Mel-Spec. Error : 0.206, s/b : 0.216
Steps : 6615775, Gen Loss Total : 27.882, Mel-Spec. Error : 0.207, s/b : 0.217
Steps : 6615780, Gen Loss Total : 26.115, Mel-Spec. Error : 0.200, s/b : 0.214
Steps : 6615785, Gen Loss Total : 24.382, Mel-Spec. Error : 0.196, s/b : 0.211
Steps : 6615790, Gen Loss Total : 26.873, Mel-Spec. Error : 0.216, s/b : 0.217
Steps : 6615795, Gen Loss Total : 23.548, Mel-Spec. Error : 0.194, s/b : 0.214
Steps : 6615800, Gen Loss Total : 27.219, Mel-Spec. Error : 0.202, s/b : 0.212
Steps : 6615805, Gen Loss Total : 27.185, Mel-Spec. Error : 0.203, s/b : 0.216
Steps : 6615810, Gen Loss Total : 26.846, Mel-Spec. Error : 0.205, s/b : 0.212
Steps : 6615815, Gen Loss Total : 26.370, Mel-Spec. Error : 0.199, s/b : 0.213
Steps : 6615820, Gen Loss Total : 23.807, Mel-Spec. Error : 0.206, s/b : 0.211
Steps : 6615825, Gen Loss Total : 27.507, Mel-Spec. Error : 0.206, s/b : 0.214
Steps : 6615830, Gen Loss Total : 25.747, Mel-Spec. Error : 0.204, s/b : 0.216
Steps : 6615835, Gen Loss Total : 26.821, Mel-Spec. Error : 0.200, s/b : 0.216
Steps : 6615840, Gen Loss Total : 25.566, Mel-Spec. Error : 0.187, s/b : 0.213
Steps : 6615845, Gen Loss Total : 29.056, Mel-Spec. Error : 0.212, s/b : 0.219
Steps : 6615850, Gen Loss Total : 25.276, Mel-Spec. Error : 0.204, s/b : 0.212
Steps : 6615855, Gen Loss Total : 21.540, Mel-Spec. Error : 0.193, s/b : 0.211
Steps : 6615860, Gen Loss Total : 26.360, Mel-Spec. Error : 0.207, s/b : 0.213
Steps : 6615865, Gen Loss Total : 24.006, Mel-Spec. Error : 0.210, s/b : 0.215
Steps : 6615870, Gen Loss Total : 27.333, Mel-Spec. Error : 0.200, s/b : 0.212
Steps : 6615875, Gen Loss Total : 27.162, Mel-Spec. Error : 0.201, s/b : 0.212
Steps : 6615880, Gen Loss Total : 22.969, Mel-Spec. Error : 0.197, s/b : 0.211
Steps : 6615885, Gen Loss Total : 24.749, Mel-Spec. Error : 0.197, s/b : 0.212
Steps : 6615890, Gen Loss Total : 27.674, Mel-Spec. Error : 0.201, s/b : 0.209
Steps : 6615895, Gen Loss Total : 29.641, Mel-Spec. Error : 0.214, s/b : 0.212
Steps : 6615900, Gen Loss Total : 28.753, Mel-Spec. Error : 0.206, s/b : 0.209
Steps : 6615905, Gen Loss Total : 25.992, Mel-Spec. Error : 0.202, s/b : 0.217
Steps : 6615910, Gen Loss Total : 28.250, Mel-Spec. Error : 0.206, s/b : 0.212
Steps : 6615915, Gen Loss Total : 26.964, Mel-Spec. Error : 0.203, s/b : 0.215
Steps : 6615920, Gen Loss Total : 24.817, Mel-Spec. Error : 0.198, s/b : 0.211
Steps : 6615925, Gen Loss Total : 27.612, Mel-Spec. Error : 0.204, s/b : 0.214
Steps : 6615930, Gen Loss Total : 24.928, Mel-Spec. Error : 0.204, s/b : 0.212
Steps : 6615935, Gen Loss Total : 27.539, Mel-Spec. Error : 0.206, s/b : 0.214
Steps : 6615940, Gen Loss Total : 26.846, Mel-Spec. Error : 0.208, s/b : 0.213
Steps : 6615945, Gen Loss Total : 27.439, Mel-Spec. Error : 0.210, s/b : 0.218
Steps : 6615950, Gen Loss Total : 27.611, Mel-Spec. Error : 0.209, s/b : 0.213
Steps : 6615955, Gen Loss Total : 28.306, Mel-Spec. Error : 0.201, s/b : 0.213
Steps : 6615960, Gen Loss Total : 26.416, Mel-Spec. Error : 0.213, s/b : 0.212
Steps : 6615965, Gen Loss Total : 26.660, Mel-Spec. Error : 0.218, s/b : 0.211
Steps : 6615970, Gen Loss Total : 24.237, Mel-Spec. Error : 0.194, s/b : 0.209
Steps : 6615975, Gen Loss Total : 26.929, Mel-Spec. Error : 0.198, s/b : 0.212
Steps : 6615980, Gen Loss Total : 27.771, Mel-Spec. Error : 0.206, s/b : 0.211
Steps : 6615985, Gen Loss Total : 24.259, Mel-Spec. Error : 0.204, s/b : 0.213
Steps : 6615990, Gen Loss Total : 25.634, Mel-Spec. Error : 0.202, s/b : 0.212
Steps : 6615995, Gen Loss Total : 25.586, Mel-Spec. Error : 0.201, s/b : 0.215
Steps : 6616000, Gen Loss Total : 28.576, Mel-Spec. Error : 0.213, s/b : 0.211
Steps : 6616005, Gen Loss Total : 25.107, Mel-Spec. Error : 0.204, s/b : 0.214
Steps : 6616010, Gen Loss Total : 26.627, Mel-Spec. Error : 0.216, s/b : 0.212
Steps : 6616015, Gen Loss Total : 26.672, Mel-Spec. Error : 0.196, s/b : 0.216
Steps : 6616020, Gen Loss Total : 25.474, Mel-Spec. Error : 0.194, s/b : 0.216
Steps : 6616025, Gen Loss Total : 25.353, Mel-Spec. Error : 0.196, s/b : 0.217
Steps : 6616030, Gen Loss Total : 25.271, Mel-Spec. Error : 0.195, s/b : 0.211
Steps : 6616035, Gen Loss Total : 27.303, Mel-Spec. Error : 0.211, s/b : 0.211
Steps : 6616040, Gen Loss Total : 24.036, Mel-Spec. Error : 0.202, s/b : 0.211
Steps : 6616045, Gen Loss Total : 26.123, Mel-Spec. Error : 0.199, s/b : 0.217
Steps : 6616050, Gen Loss Total : 23.863, Mel-Spec. Error : 0.193, s/b : 0.210
Steps : 6616055, Gen Loss Total : 26.633, Mel-Spec. Error : 0.202, s/b : 0.214
Steps : 6616060, Gen Loss Total : 27.318, Mel-Spec. Error : 0.196, s/b : 0.213
Steps : 6616065, Gen Loss Total : 26.140, Mel-Spec. Error : 0.201, s/b : 0.217
Steps : 6616070, Gen Loss Total : 25.182, Mel-Spec. Error : 0.197, s/b : 0.212
Steps : 6616075, Gen Loss Total : 26.475, Mel-Spec. Error : 0.207, s/b : 0.215
Steps : 6616080, Gen Loss Total : 24.205, Mel-Spec. Error : 0.209, s/b : 0.214
Steps : 6616085, Gen Loss Total : 25.942, Mel-Spec. Error : 0.201, s/b : 0.216
Steps : 6616090, Gen Loss Total : 26.367, Mel-Spec. Error : 0.206, s/b : 0.209
Steps : 6616095, Gen Loss Total : 24.542, Mel-Spec. Error : 0.203, s/b : 0.213
Steps : 6616100, Gen Loss Total : 26.290, Mel-Spec. Error : 0.201, s/b : 0.211
Steps : 6616105, Gen Loss Total : 24.848, Mel-Spec. Error : 0.200, s/b : 0.215
Steps : 6616110, Gen Loss Total : 25.938, Mel-Spec. Error : 0.199, s/b : 0.212
Steps : 6616115, Gen Loss Total : 27.018, Mel-Spec. Error : 0.200, s/b : 0.214
Steps : 6616120, Gen Loss Total : 27.998, Mel-Spec. Error : 0.204, s/b : 0.211
Steps : 6616125, Gen Loss Total : 25.202, Mel-Spec. Error : 0.204, s/b : 0.214
Steps : 6616130, Gen Loss Total : 25.450, Mel-Spec. Error : 0.201, s/b : 0.211
Steps : 6616135, Gen Loss Total : 27.493, Mel-Spec. Error : 0.198, s/b : 0.216
Steps : 6616140, Gen Loss Total : 24.323, Mel-Spec. Error : 0.204, s/b : 0.209
Steps : 6616145, Gen Loss Total : 26.338, Mel-Spec. Error : 0.201, s/b : 0.214
Steps : 6616150, Gen Loss Total : 24.458, Mel-Spec. Error : 0.205, s/b : 0.212
Steps : 6616155, Gen Loss Total : 25.371, Mel-Spec. Error : 0.208, s/b : 0.213
Steps : 6616160, Gen Loss Total : 26.085, Mel-Spec. Error : 0.203, s/b : 0.209
Steps : 6616165, Gen Loss Total : 26.166, Mel-Spec. Error : 0.208, s/b : 0.215
Steps : 6616170, Gen Loss Total : 23.643, Mel-Spec. Error : 0.197, s/b : 0.212
Steps : 6616175, Gen Loss Total : 26.413, Mel-Spec. Error : 0.205, s/b : 0.212
Steps : 6616180, Gen Loss Total : 26.256, Mel-Spec. Error : 0.197, s/b : 0.212
Steps : 6616185, Gen Loss Total : 23.703, Mel-Spec. Error : 0.197, s/b : 0.218
Steps : 6616190, Gen Loss Total : 24.484, Mel-Spec. Error : 0.193, s/b : 0.211
Steps : 6616195, Gen Loss Total : 26.499, Mel-Spec. Error : 0.207, s/b : 0.212
Steps : 6616200, Gen Loss Total : 25.666, Mel-Spec. Error : 0.201, s/b : 0.209
Steps : 6616205, Gen Loss Total : 26.535, Mel-Spec. Error : 0.207, s/b : 0.217
Steps : 6616210, Gen Loss Total : 26.708, Mel-Spec. Error : 0.212, s/b : 0.211
Steps : 6616215, Gen Loss Total : 27.069, Mel-Spec. Error : 0.202, s/b : 0.212
Steps : 6616220, Gen Loss Total : 26.823, Mel-Spec. Error : 0.202, s/b : 0.211
Steps : 6616225, Gen Loss Total : 26.074, Mel-Spec. Error : 0.200, s/b : 0.214
Steps : 6616230, Gen Loss Total : 22.167, Mel-Spec. Error : 0.191, s/b : 0.211
Steps : 6616235, Gen Loss Total : 25.925, Mel-Spec. Error : 0.202, s/b : 0.215
Steps : 6616240, Gen Loss Total : 23.107, Mel-Spec. Error : 0.201, s/b : 0.213
Steps : 6616245, Gen Loss Total : 25.256, Mel-Spec. Error : 0.198, s/b : 0.216
Steps : 6616250, Gen Loss Total : 26.875, Mel-Spec. Error : 0.201, s/b : 0.210
Steps : 6616255, Gen Loss Total : 24.155, Mel-Spec. Error : 0.201, s/b : 0.211
Steps : 6616260, Gen Loss Total : 28.202, Mel-Spec. Error : 0.205, s/b : 0.212
Steps : 6616265, Gen Loss Total : 25.321, Mel-Spec. Error : 0.202, s/b : 0.212
Steps : 6616270, Gen Loss Total : 27.836, Mel-Spec. Error : 0.208, s/b : 0.213
Steps : 6616275, Gen Loss Total : 25.763, Mel-Spec. Error : 0.201, s/b : 0.213
Steps : 6616280, Gen Loss Total : 26.066, Mel-Spec. Error : 0.203, s/b : 0.209
Steps : 6616285, Gen Loss Total : 25.351, Mel-Spec. Error : 0.197, s/b : 0.214
Steps : 6616290, Gen Loss Total : 27.241, Mel-Spec. Error : 0.211, s/b : 0.212
Steps : 6616295, Gen Loss Total : 22.363, Mel-Spec. Error : 0.195, s/b : 0.215
Steps : 6616300, Gen Loss Total : 26.193, Mel-Spec. Error : 0.203, s/b : 0.213
Steps : 6616305, Gen Loss Total : 24.107, Mel-Spec. Error : 0.198, s/b : 0.214
Steps : 6616310, Gen Loss Total : 24.446, Mel-Spec. Error : 0.193, s/b : 0.211
Steps : 6616315, Gen Loss Total : 27.284, Mel-Spec. Error : 0.209, s/b : 0.211
Steps : 6616320, Gen Loss Total : 25.801, Mel-Spec. Error : 0.203, s/b : 0.216
Steps : 6616325, Gen Loss Total : 25.209, Mel-Spec. Error : 0.198, s/b : 0.214
Steps : 6616330, Gen Loss Total : 25.403, Mel-Spec. Error : 0.197, s/b : 0.214
Steps : 6616335, Gen Loss Total : 28.026, Mel-Spec. Error : 0.214, s/b : 0.211
Steps : 6616340, Gen Loss Total : 26.490, Mel-Spec. Error : 0.208, s/b : 0.215
Steps : 6616345, Gen Loss Total : 22.576, Mel-Spec. Error : 0.195, s/b : 0.216
Steps : 6616350, Gen Loss Total : 26.043, Mel-Spec. Error : 0.201, s/b : 0.211
Steps : 6616355, Gen Loss Total : 26.730, Mel-Spec. Error : 0.210, s/b : 0.209
Steps : 6616360, Gen Loss Total : 25.055, Mel-Spec. Error : 0.202, s/b : 0.210
Steps : 6616365, Gen Loss Total : 27.362, Mel-Spec. Error : 0.205, s/b : 0.211
Steps : 6616370, Gen Loss Total : 23.882, Mel-Spec. Error : 0.205, s/b : 0.211
Steps : 6616375, Gen Loss Total : 25.863, Mel-Spec. Error : 0.209, s/b : 0.211
Steps : 6616380, Gen Loss Total : 24.856, Mel-Spec. Error : 0.197, s/b : 0.212
Steps : 6616385, Gen Loss Total : 27.377, Mel-Spec. Error : 0.209, s/b : 0.215
Steps : 6616390, Gen Loss Total : 26.083, Mel-Spec. Error : 0.208, s/b : 0.212
Steps : 6616395, Gen Loss Total : 24.388, Mel-Spec. Error : 0.201, s/b : 0.214
Steps : 6616400, Gen Loss Total : 27.257, Mel-Spec. Error : 0.209, s/b : 0.212
Steps : 6616405, Gen Loss Total : 26.024, Mel-Spec. Error : 0.209, s/b : 0.213
Steps : 6616410, Gen Loss Total : 25.138, Mel-Spec. Error : 0.203, s/b : 0.209
Steps : 6616415, Gen Loss Total : 24.236, Mel-Spec. Error : 0.199, s/b : 0.212
Steps : 6616420, Gen Loss Total : 28.232, Mel-Spec. Error : 0.203, s/b : 0.210
Steps : 6616425, Gen Loss Total : 25.646, Mel-Spec. Error : 0.207, s/b : 0.214
Steps : 6616430, Gen Loss Total : 26.680, Mel-Spec. Error : 0.204, s/b : 0.211
Steps : 6616435, Gen Loss Total : 27.302, Mel-Spec. Error : 0.208, s/b : 0.208
Steps : 6616440, Gen Loss Total : 26.368, Mel-Spec. Error : 0.205, s/b : 0.210
Steps : 6616445, Gen Loss Total : 24.452, Mel-Spec. Error : 0.204, s/b : 0.212
Steps : 6616450, Gen Loss Total : 25.139, Mel-Spec. Error : 0.201, s/b : 0.211
Steps : 6616455, Gen Loss Total : 26.216, Mel-Spec. Error : 0.191, s/b : 0.212
Steps : 6616460, Gen Loss Total : 26.426, Mel-Spec. Error : 0.194, s/b : 0.211
Steps : 6616465, Gen Loss Total : 26.025, Mel-Spec. Error : 0.208, s/b : 0.213
Steps : 6616470, Gen Loss Total : 29.288, Mel-Spec. Error : 0.216, s/b : 0.211
Steps : 6616475, Gen Loss Total : 27.554, Mel-Spec. Error : 0.198, s/b : 0.213
Steps : 6616480, Gen Loss Total : 27.030, Mel-Spec. Error : 0.201, s/b : 0.211
Steps : 6616485, Gen Loss Total : 26.286, Mel-Spec. Error : 0.199, s/b : 0.212
Steps : 6616490, Gen Loss Total : 24.888, Mel-Spec. Error : 0.199, s/b : 0.212
Steps : 6616495, Gen Loss Total : 27.062, Mel-Spec. Error : 0.204, s/b : 0.213
Steps : 6616500, Gen Loss Total : 25.217, Mel-Spec. Error : 0.194, s/b : 0.212
Steps : 6616505, Gen Loss Total : 25.991, Mel-Spec. Error : 0.199, s/b : 0.212
Steps : 6616510, Gen Loss Total : 26.295, Mel-Spec. Error : 0.201, s/b : 0.211
Steps : 6616515, Gen Loss Total : 26.875, Mel-Spec. Error : 0.203, s/b : 0.213
Steps : 6616520, Gen Loss Total : 24.288, Mel-Spec. Error : 0.208, s/b : 0.211
Steps : 6616525, Gen Loss Total : 26.962, Mel-Spec. Error : 0.201, s/b : 0.215
Steps : 6616530, Gen Loss Total : 23.286, Mel-Spec. Error : 0.189, s/b : 0.213
Steps : 6616535, Gen Loss Total : 27.925, Mel-Spec. Error : 0.206, s/b : 0.210
Steps : 6616540, Gen Loss Total : 28.441, Mel-Spec. Error : 0.220, s/b : 0.210
Steps : 6616545, Gen Loss Total : 24.924, Mel-Spec. Error : 0.204, s/b : 0.213
Steps : 6616550, Gen Loss Total : 27.334, Mel-Spec. Error : 0.208, s/b : 0.210
Steps : 6616555, Gen Loss Total : 26.439, Mel-Spec. Error : 0.204, s/b : 0.212
Steps : 6616560, Gen Loss Total : 28.373, Mel-Spec. Error : 0.210, s/b : 0.214
Steps : 6616565, Gen Loss Total : 24.659, Mel-Spec. Error : 0.201, s/b : 0.217
Steps : 6616570, Gen Loss Total : 24.558, Mel-Spec. Error : 0.196, s/b : 0.211
Steps : 6616575, Gen Loss Total : 25.532, Mel-Spec. Error : 0.204, s/b : 0.213
Steps : 6616580, Gen Loss Total : 27.269, Mel-Spec. Error : 0.207, s/b : 0.212
Steps : 6616585, Gen Loss Total : 28.389, Mel-Spec. Error : 0.206, s/b : 0.218
Steps : 6616590, Gen Loss Total : 26.650, Mel-Spec. Error : 0.201, s/b : 0.212
Steps : 6616595, Gen Loss Total : 24.418, Mel-Spec. Error : 0.200, s/b : 0.211
Steps : 6616600, Gen Loss Total : 28.427, Mel-Spec. Error : 0.208, s/b : 0.209
Steps : 6616605, Gen Loss Total : 26.020, Mel-Spec. Error : 0.203, s/b : 0.213
Steps : 6616610, Gen Loss Total : 29.508, Mel-Spec. Error : 0.207, s/b : 0.211
Steps : 6616615, Gen Loss Total : 25.812, Mel-Spec. Error : 0.205, s/b : 0.216
Steps : 6616620, Gen Loss Total : 23.302, Mel-Spec. Error : 0.199, s/b : 0.211
Steps : 6616625, Gen Loss Total : 25.587, Mel-Spec. Error : 0.202, s/b : 0.215
Steps : 6616630, Gen Loss Total : 25.511, Mel-Spec. Error : 0.198, s/b : 0.209
Steps : 6616635, Gen Loss Total : 25.187, Mel-Spec. Error : 0.200, s/b : 0.212
Steps : 6616640, Gen Loss Total : 25.401, Mel-Spec. Error : 0.204, s/b : 0.212
Steps : 6616645, Gen Loss Total : 29.735, Mel-Spec. Error : 0.207, s/b : 0.212
Steps : 6616650, Gen Loss Total : 25.144, Mel-Spec. Error : 0.200, s/b : 0.211
Steps : 6616655, Gen Loss Total : 23.555, Mel-Spec. Error : 0.199, s/b : 0.212
Steps : 6616660, Gen Loss Total : 26.482, Mel-Spec. Error : 0.208, s/b : 0.211
Steps : 6616665, Gen Loss Total : 25.238, Mel-Spec. Error : 0.206, s/b : 0.218
Steps : 6616670, Gen Loss Total : 25.807, Mel-Spec. Error : 0.200, s/b : 0.213
Steps : 6616675, Gen Loss Total : 25.244, Mel-Spec. Error : 0.205, s/b : 0.213
Steps : 6616680, Gen Loss Total : 24.473, Mel-Spec. Error : 0.196, s/b : 0.217
Steps : 6616685, Gen Loss Total : 29.179, Mel-Spec. Error : 0.216, s/b : 0.212
Steps : 6616690, Gen Loss Total : 25.908, Mel-Spec. Error : 0.203, s/b : 0.213
Steps : 6616695, Gen Loss Total : 25.204, Mel-Spec. Error : 0.205, s/b : 0.210
Steps : 6616700, Gen Loss Total : 25.253, Mel-Spec. Error : 0.201, s/b : 0.213
Steps : 6616705, Gen Loss Total : 26.340, Mel-Spec. Error : 0.206, s/b : 0.213
Steps : 6616710, Gen Loss Total : 25.285, Mel-Spec. Error : 0.205, s/b : 0.211
Steps : 6616715, Gen Loss Total : 25.339, Mel-Spec. Error : 0.200, s/b : 0.210
Steps : 6616720, Gen Loss Total : 25.349, Mel-Spec. Error : 0.203, s/b : 0.211
Steps : 6616725, Gen Loss Total : 24.504, Mel-Spec. Error : 0.198, s/b : 0.211
Steps : 6616730, Gen Loss Total : 29.483, Mel-Spec. Error : 0.208, s/b : 0.215
Steps : 6616735, Gen Loss Total : 26.361, Mel-Spec. Error : 0.199, s/b : 0.212
Steps : 6616740, Gen Loss Total : 27.235, Mel-Spec. Error : 0.208, s/b : 0.217
Steps : 6616745, Gen Loss Total : 26.641, Mel-Spec. Error : 0.202, s/b : 0.209
Steps : 6616750, Gen Loss Total : 24.778, Mel-Spec. Error : 0.203, s/b : 0.219
Steps : 6616755, Gen Loss Total : 26.939, Mel-Spec. Error : 0.197, s/b : 0.213
Steps : 6616760, Gen Loss Total : 25.712, Mel-Spec. Error : 0.194, s/b : 0.216
Steps : 6616765, Gen Loss Total : 26.649, Mel-Spec. Error : 0.198, s/b : 0.211
Steps : 6616770, Gen Loss Total : 27.525, Mel-Spec. Error : 0.211, s/b : 0.217
Steps : 6616775, Gen Loss Total : 26.066, Mel-Spec. Error : 0.200, s/b : 0.214
Steps : 6616780, Gen Loss Total : 21.875, Mel-Spec. Error : 0.198, s/b : 0.218
Steps : 6616785, Gen Loss Total : 26.920, Mel-Spec. Error : 0.205, s/b : 0.211
Steps : 6616790, Gen Loss Total : 26.031, Mel-Spec. Error : 0.196, s/b : 0.214
Steps : 6616795, Gen Loss Total : 25.246, Mel-Spec. Error : 0.198, s/b : 0.213
Steps : 6616800, Gen Loss Total : 26.501, Mel-Spec. Error : 0.201, s/b : 0.213
Steps : 6616805, Gen Loss Total : 27.277, Mel-Spec. Error : 0.206, s/b : 0.212
Steps : 6616810, Gen Loss Total : 25.283, Mel-Spec. Error : 0.197, s/b : 0.217
Steps : 6616815, Gen Loss Total : 24.608, Mel-Spec. Error : 0.208, s/b : 0.215
Steps : 6616820, Gen Loss Total : 25.646, Mel-Spec. Error : 0.199, s/b : 0.214
Steps : 6616825, Gen Loss Total : 26.295, Mel-Spec. Error : 0.198, s/b : 0.213
Steps : 6616830, Gen Loss Total : 26.273, Mel-Spec. Error : 0.203, s/b : 0.214
Steps : 6616835, Gen Loss Total : 24.274, Mel-Spec. Error : 0.201, s/b : 0.220
Steps : 6616840, Gen Loss Total : 24.213, Mel-Spec. Error : 0.199, s/b : 0.214
Steps : 6616845, Gen Loss Total : 27.004, Mel-Spec. Error : 0.204, s/b : 0.211
Steps : 6616850, Gen Loss Total : 24.948, Mel-Spec. Error : 0.201, s/b : 0.213
Steps : 6616855, Gen Loss Total : 24.756, Mel-Spec. Error : 0.195, s/b : 0.212
Steps : 6616860, Gen Loss Total : 25.035, Mel-Spec. Error : 0.207, s/b : 0.217
Steps : 6616865, Gen Loss Total : 28.133, Mel-Spec. Error : 0.203, s/b : 0.211
Steps : 6616870, Gen Loss Total : 25.940, Mel-Spec. Error : 0.201, s/b : 0.213
Steps : 6616875, Gen Loss Total : 25.383, Mel-Spec. Error : 0.207, s/b : 0.217
Steps : 6616880, Gen Loss Total : 25.251, Mel-Spec. Error : 0.194, s/b : 0.216
Steps : 6616885, Gen Loss Total : 24.986, Mel-Spec. Error : 0.210, s/b : 0.215
Steps : 6616890, Gen Loss Total : 29.330, Mel-Spec. Error : 0.214, s/b : 0.216
Steps : 6616895, Gen Loss Total : 27.455, Mel-Spec. Error : 0.207, s/b : 0.216
Steps : 6616900, Gen Loss Total : 26.397, Mel-Spec. Error : 0.200, s/b : 0.212
Steps : 6616905, Gen Loss Total : 25.268, Mel-Spec. Error : 0.203, s/b : 0.212
Steps : 6616910, Gen Loss Total : 24.777, Mel-Spec. Error : 0.197, s/b : 0.213
Steps : 6616915, Gen Loss Total : 26.986, Mel-Spec. Error : 0.205, s/b : 0.214
Steps : 6616920, Gen Loss Total : 27.643, Mel-Spec. Error : 0.209, s/b : 0.212
Steps : 6616925, Gen Loss Total : 26.589, Mel-Spec. Error : 0.198, s/b : 0.213
Steps : 6616930, Gen Loss Total : 25.027, Mel-Spec. Error : 0.196, s/b : 0.215
Steps : 6616935, Gen Loss Total : 26.367, Mel-Spec. Error : 0.202, s/b : 0.216
Steps : 6616940, Gen Loss Total : 28.340, Mel-Spec. Error : 0.218, s/b : 0.213
Steps : 6616945, Gen Loss Total : 27.360, Mel-Spec. Error : 0.201, s/b : 0.213
Steps : 6616950, Gen Loss Total : 25.020, Mel-Spec. Error : 0.204, s/b : 0.216
Steps : 6616955, Gen Loss Total : 27.209, Mel-Spec. Error : 0.207, s/b : 0.217
Steps : 6616960, Gen Loss Total : 26.047, Mel-Spec. Error : 0.194, s/b : 0.214
Steps : 6616965, Gen Loss Total : 25.467, Mel-Spec. Error : 0.199, s/b : 0.215
Steps : 6616970, Gen Loss Total : 26.004, Mel-Spec. Error : 0.211, s/b : 0.215
Steps : 6616975, Gen Loss Total : 22.247, Mel-Spec. Error : 0.194, s/b : 0.212
Steps : 6616980, Gen Loss Total : 31.104, Mel-Spec. Error : 0.213, s/b : 0.213
Steps : 6616985, Gen Loss Total : 24.908, Mel-Spec. Error : 0.207, s/b : 0.212
Steps : 6616990, Gen Loss Total : 25.259, Mel-Spec. Error : 0.202, s/b : 0.213
Steps : 6616995, Gen Loss Total : 24.453, Mel-Spec. Error : 0.194, s/b : 0.216
Steps : 6617000, Gen Loss Total : 23.278, Mel-Spec. Error : 0.193, s/b : 0.212
Steps : 6617005, Gen Loss Total : 25.688, Mel-Spec. Error : 0.206, s/b : 0.220
Steps : 6617010, Gen Loss Total : 27.175, Mel-Spec. Error : 0.210, s/b : 0.212
Steps : 6617015, Gen Loss Total : 25.718, Mel-Spec. Error : 0.205, s/b : 0.212
Steps : 6617020, Gen Loss Total : 28.147, Mel-Spec. Error : 0.206, s/b : 0.210
Steps : 6617025, Gen Loss Total : 24.644, Mel-Spec. Error : 0.199, s/b : 0.216
Steps : 6617030, Gen Loss Total : 23.091, Mel-Spec. Error : 0.191, s/b : 0.210
Steps : 6617035, Gen Loss Total : 24.013, Mel-Spec. Error : 0.201, s/b : 0.214
Steps : 6617040, Gen Loss Total : 26.764, Mel-Spec. Error : 0.210, s/b : 0.209
Steps : 6617045, Gen Loss Total : 26.935, Mel-Spec. Error : 0.201, s/b : 0.215
Steps : 6617050, Gen Loss Total : 25.097, Mel-Spec. Error : 0.200, s/b : 0.212
Steps : 6617055, Gen Loss Total : 27.336, Mel-Spec. Error : 0.205, s/b : 0.211
Steps : 6617060, Gen Loss Total : 26.630, Mel-Spec. Error : 0.196, s/b : 0.210
Steps : 6617065, Gen Loss Total : 27.546, Mel-Spec. Error : 0.205, s/b : 0.215
Steps : 6617070, Gen Loss Total : 26.984, Mel-Spec. Error : 0.209, s/b : 0.211
Steps : 6617075, Gen Loss Total : 25.874, Mel-Spec. Error : 0.204, s/b : 0.215
Steps : 6617080, Gen Loss Total : 25.417, Mel-Spec. Error : 0.206, s/b : 0.212
Steps : 6617085, Gen Loss Total : 25.107, Mel-Spec. Error : 0.204, s/b : 0.215
Steps : 6617090, Gen Loss Total : 26.890, Mel-Spec. Error : 0.204, s/b : 0.209
Steps : 6617095, Gen Loss Total : 22.143, Mel-Spec. Error : 0.182, s/b : 0.210
Steps : 6617100, Gen Loss Total : 25.469, Mel-Spec. Error : 0.204, s/b : 0.211
Steps : 6617105, Gen Loss Total : 24.856, Mel-Spec. Error : 0.197, s/b : 0.218
Steps : 6617110, Gen Loss Total : 27.481, Mel-Spec. Error : 0.204, s/b : 0.211
Steps : 6617115, Gen Loss Total : 26.306, Mel-Spec. Error : 0.203, s/b : 0.209
Steps : 6617120, Gen Loss Total : 25.348, Mel-Spec. Error : 0.200, s/b : 0.211
Steps : 6617125, Gen Loss Total : 25.541, Mel-Spec. Error : 0.192, s/b : 0.210
Steps : 6617130, Gen Loss Total : 25.910, Mel-Spec. Error : 0.210, s/b : 0.209
Time taken for epoch 3696 is 584 sec

Epoch: 3697
Steps : 6617135, Gen Loss Total : 29.119, Mel-Spec. Error : 0.205, s/b : 0.218
Steps : 6617140, Gen Loss Total : 26.320, Mel-Spec. Error : 0.211, s/b : 0.217
Steps : 6617145, Gen Loss Total : 27.530, Mel-Spec. Error : 0.211, s/b : 0.212
Steps : 6617150, Gen Loss Total : 24.887, Mel-Spec. Error : 0.196, s/b : 0.212
Steps : 6617155, Gen Loss Total : 23.572, Mel-Spec. Error : 0.195, s/b : 0.216
Steps : 6617160, Gen Loss Total : 27.191, Mel-Spec. Error : 0.200, s/b : 0.217
Steps : 6617165, Gen Loss Total : 28.116, Mel-Spec. Error : 0.203, s/b : 0.216
Steps : 6617170, Gen Loss Total : 26.056, Mel-Spec. Error : 0.206, s/b : 0.212
Steps : 6617175, Gen Loss Total : 26.123, Mel-Spec. Error : 0.202, s/b : 0.213
Steps : 6617180, Gen Loss Total : 26.761, Mel-Spec. Error : 0.198, s/b : 0.217
Steps : 6617185, Gen Loss Total : 24.275, Mel-Spec. Error : 0.199, s/b : 0.213
Steps : 6617190, Gen Loss Total : 26.478, Mel-Spec. Error : 0.204, s/b : 0.212
Steps : 6617195, Gen Loss Total : 22.485, Mel-Spec. Error : 0.192, s/b : 0.214
Steps : 6617200, Gen Loss Total : 28.709, Mel-Spec. Error : 0.205, s/b : 0.209
Steps : 6617205, Gen Loss Total : 29.664, Mel-Spec. Error : 0.202, s/b : 0.212
Steps : 6617210, Gen Loss Total : 25.607, Mel-Spec. Error : 0.201, s/b : 0.214
Steps : 6617215, Gen Loss Total : 25.822, Mel-Spec. Error : 0.206, s/b : 0.215
Steps : 6617220, Gen Loss Total : 26.424, Mel-Spec. Error : 0.204, s/b : 0.219
Steps : 6617225, Gen Loss Total : 24.642, Mel-Spec. Error : 0.193, s/b : 0.213
Steps : 6617230, Gen Loss Total : 27.364, Mel-Spec. Error : 0.206, s/b : 0.212
Steps : 6617235, Gen Loss Total : 25.266, Mel-Spec. Error : 0.202, s/b : 0.213
Steps : 6617240, Gen Loss Total : 28.384, Mel-Spec. Error : 0.214, s/b : 0.219
Steps : 6617245, Gen Loss Total : 24.792, Mel-Spec. Error : 0.203, s/b : 0.213
Steps : 6617250, Gen Loss Total : 24.207, Mel-Spec. Error : 0.201, s/b : 0.213
Steps : 6617255, Gen Loss Total : 26.951, Mel-Spec. Error : 0.204, s/b : 0.211
Steps : 6617260, Gen Loss Total : 26.418, Mel-Spec. Error : 0.201, s/b : 0.215
Steps : 6617265, Gen Loss Total : 25.448, Mel-Spec. Error : 0.202, s/b : 0.211
Steps : 6617270, Gen Loss Total : 28.101, Mel-Spec. Error : 0.206, s/b : 0.214
Steps : 6617275, Gen Loss Total : 24.811, Mel-Spec. Error : 0.212, s/b : 0.215
Steps : 6617280, Gen Loss Total : 27.488, Mel-Spec. Error : 0.206, s/b : 0.216
Steps : 6617285, Gen Loss Total : 24.603, Mel-Spec. Error : 0.203, s/b : 0.211
Steps : 6617290, Gen Loss Total : 24.418, Mel-Spec. Error : 0.198, s/b : 0.211
Steps : 6617295, Gen Loss Total : 27.233, Mel-Spec. Error : 0.203, s/b : 0.215
Steps : 6617300, Gen Loss Total : 26.750, Mel-Spec. Error : 0.197, s/b : 0.212
Steps : 6617305, Gen Loss Total : 28.877, Mel-Spec. Error : 0.203, s/b : 0.213
Steps : 6617310, Gen Loss Total : 26.860, Mel-Spec. Error : 0.207, s/b : 0.211
Steps : 6617315, Gen Loss Total : 27.023, Mel-Spec. Error : 0.197, s/b : 0.215
Steps : 6617320, Gen Loss Total : 25.058, Mel-Spec. Error : 0.196, s/b : 0.211
Steps : 6617325, Gen Loss Total : 26.305, Mel-Spec. Error : 0.196, s/b : 0.218
Steps : 6617330, Gen Loss Total : 27.222, Mel-Spec. Error : 0.203, s/b : 0.218
Steps : 6617335, Gen Loss Total : 25.849, Mel-Spec. Error : 0.197, s/b : 0.213
Steps : 6617340, Gen Loss Total : 27.841, Mel-Spec. Error : 0.206, s/b : 0.212
Steps : 6617345, Gen Loss Total : 25.439, Mel-Spec. Error : 0.202, s/b : 0.217
Steps : 6617350, Gen Loss Total : 26.053, Mel-Spec. Error : 0.203, s/b : 0.216
Steps : 6617355, Gen Loss Total : 24.411, Mel-Spec. Error : 0.200, s/b : 0.212
Steps : 6617360, Gen Loss Total : 26.902, Mel-Spec. Error : 0.204, s/b : 0.212
Steps : 6617365, Gen Loss Total : 27.865, Mel-Spec. Error : 0.194, s/b : 0.218
Steps : 6617370, Gen Loss Total : 28.807, Mel-Spec. Error : 0.209, s/b : 0.215
Steps : 6617375, Gen Loss Total : 25.820, Mel-Spec. Error : 0.202, s/b : 0.215
Steps : 6617380, Gen Loss Total : 24.883, Mel-Spec. Error : 0.201, s/b : 0.214
Steps : 6617385, Gen Loss Total : 27.667, Mel-Spec. Error : 0.218, s/b : 0.216
Steps : 6617390, Gen Loss Total : 25.906, Mel-Spec. Error : 0.200, s/b : 0.218
Steps : 6617395, Gen Loss Total : 26.368, Mel-Spec. Error : 0.204, s/b : 0.213
Steps : 6617400, Gen Loss Total : 26.634, Mel-Spec. Error : 0.208, s/b : 0.216
Steps : 6617405, Gen Loss Total : 24.980, Mel-Spec. Error : 0.203, s/b : 0.213
Steps : 6617410, Gen Loss Total : 28.394, Mel-Spec. Error : 0.200, s/b : 0.214
Steps : 6617415, Gen Loss Total : 26.934, Mel-Spec. Error : 0.209, s/b : 0.211
Steps : 6617420, Gen Loss Total : 25.757, Mel-Spec. Error : 0.209, s/b : 0.215
Steps : 6617425, Gen Loss Total : 26.510, Mel-Spec. Error : 0.202, s/b : 0.214
Steps : 6617430, Gen Loss Total : 27.380, Mel-Spec. Error : 0.202, s/b : 0.215
Steps : 6617435, Gen Loss Total : 23.897, Mel-Spec. Error : 0.195, s/b : 0.210
Steps : 6617440, Gen Loss Total : 24.988, Mel-Spec. Error : 0.198, s/b : 0.214
Steps : 6617445, Gen Loss Total : 23.557, Mel-Spec. Error : 0.196, s/b : 0.214
Steps : 6617450, Gen Loss Total : 24.479, Mel-Spec. Error : 0.205, s/b : 0.213
Steps : 6617455, Gen Loss Total : 25.934, Mel-Spec. Error : 0.204, s/b : 0.210
Steps : 6617460, Gen Loss Total : 25.586, Mel-Spec. Error : 0.193, s/b : 0.212
Steps : 6617465, Gen Loss Total : 21.646, Mel-Spec. Error : 0.193, s/b : 0.211
Steps : 6617470, Gen Loss Total : 25.479, Mel-Spec. Error : 0.195, s/b : 0.214
Steps : 6617475, Gen Loss Total : 27.728, Mel-Spec. Error : 0.207, s/b : 0.212
Steps : 6617480, Gen Loss Total : 26.571, Mel-Spec. Error : 0.201, s/b : 0.213
Steps : 6617485, Gen Loss Total : 25.542, Mel-Spec. Error : 0.206, s/b : 0.218
Steps : 6617490, Gen Loss Total : 26.985, Mel-Spec. Error : 0.205, s/b : 0.212
Steps : 6617495, Gen Loss Total : 24.522, Mel-Spec. Error : 0.193, s/b : 0.211
Steps : 6617500, Gen Loss Total : 25.267, Mel-Spec. Error : 0.197, s/b : 0.215
Steps : 6617505, Gen Loss Total : 24.349, Mel-Spec. Error : 0.202, s/b : 0.215
Steps : 6617510, Gen Loss Total : 24.849, Mel-Spec. Error : 0.201, s/b : 0.210
Steps : 6617515, Gen Loss Total : 26.568, Mel-Spec. Error : 0.196, s/b : 0.211
Steps : 6617520, Gen Loss Total : 26.958, Mel-Spec. Error : 0.202, s/b : 0.215
Steps : 6617525, Gen Loss Total : 29.946, Mel-Spec. Error : 0.214, s/b : 0.216
Steps : 6617530, Gen Loss Total : 29.001, Mel-Spec. Error : 0.219, s/b : 0.210
Steps : 6617535, Gen Loss Total : 22.606, Mel-Spec. Error : 0.193, s/b : 0.210
Steps : 6617540, Gen Loss Total : 24.828, Mel-Spec. Error : 0.198, s/b : 0.217
Steps : 6617545, Gen Loss Total : 26.165, Mel-Spec. Error : 0.206, s/b : 0.213
Steps : 6617550, Gen Loss Total : 28.009, Mel-Spec. Error : 0.202, s/b : 0.210
Steps : 6617555, Gen Loss Total : 27.448, Mel-Spec. Error : 0.197, s/b : 0.212
Steps : 6617560, Gen Loss Total : 27.287, Mel-Spec. Error : 0.201, s/b : 0.214
Steps : 6617565, Gen Loss Total : 26.284, Mel-Spec. Error : 0.211, s/b : 0.214
Steps : 6617570, Gen Loss Total : 24.050, Mel-Spec. Error : 0.202, s/b : 0.209
Steps : 6617575, Gen Loss Total : 26.536, Mel-Spec. Error : 0.210, s/b : 0.211
Steps : 6617580, Gen Loss Total : 24.250, Mel-Spec. Error : 0.203, s/b : 0.213
Steps : 6617585, Gen Loss Total : 26.352, Mel-Spec. Error : 0.200, s/b : 0.215
Steps : 6617590, Gen Loss Total : 25.735, Mel-Spec. Error : 0.200, s/b : 0.215
Steps : 6617595, Gen Loss Total : 24.892, Mel-Spec. Error : 0.203, s/b : 0.218
Steps : 6617600, Gen Loss Total : 29.961, Mel-Spec. Error : 0.208, s/b : 0.211
Steps : 6617605, Gen Loss Total : 24.996, Mel-Spec. Error : 0.203, s/b : 0.217
Steps : 6617610, Gen Loss Total : 26.779, Mel-Spec. Error : 0.204, s/b : 0.209
Steps : 6617615, Gen Loss Total : 25.594, Mel-Spec. Error : 0.203, s/b : 0.216
Steps : 6617620, Gen Loss Total : 26.056, Mel-Spec. Error : 0.205, s/b : 0.216
Steps : 6617625, Gen Loss Total : 29.631, Mel-Spec. Error : 0.213, s/b : 0.213
Steps : 6617630, Gen Loss Total : 27.238, Mel-Spec. Error : 0.201, s/b : 0.218
Steps : 6617635, Gen Loss Total : 24.079, Mel-Spec. Error : 0.197, s/b : 0.215
Steps : 6617640, Gen Loss Total : 26.741, Mel-Spec. Error : 0.209, s/b : 0.214
Steps : 6617645, Gen Loss Total : 25.869, Mel-Spec. Error : 0.201, s/b : 0.222
Steps : 6617650, Gen Loss Total : 27.502, Mel-Spec. Error : 0.199, s/b : 0.213
Steps : 6617655, Gen Loss Total : 26.150, Mel-Spec. Error : 0.206, s/b : 0.212
Steps : 6617660, Gen Loss Total : 27.990, Mel-Spec. Error : 0.212, s/b : 0.220
Steps : 6617665, Gen Loss Total : 23.318, Mel-Spec. Error : 0.194, s/b : 0.212
Steps : 6617670, Gen Loss Total : 27.033, Mel-Spec. Error : 0.206, s/b : 0.213
Steps : 6617675, Gen Loss Total : 25.639, Mel-Spec. Error : 0.210, s/b : 0.213
Steps : 6617680, Gen Loss Total : 22.783, Mel-Spec. Error : 0.196, s/b : 0.218
Steps : 6617685, Gen Loss Total : 25.618, Mel-Spec. Error : 0.202, s/b : 0.212
Steps : 6617690, Gen Loss Total : 24.050, Mel-Spec. Error : 0.192, s/b : 0.213
Steps : 6617695, Gen Loss Total : 25.996, Mel-Spec. Error : 0.204, s/b : 0.216
Steps : 6617700, Gen Loss Total : 25.826, Mel-Spec. Error : 0.198, s/b : 0.215
Steps : 6617705, Gen Loss Total : 24.999, Mel-Spec. Error : 0.196, s/b : 0.213
Steps : 6617710, Gen Loss Total : 23.293, Mel-Spec. Error : 0.198, s/b : 0.211
Steps : 6617715, Gen Loss Total : 26.925, Mel-Spec. Error : 0.208, s/b : 0.215
Steps : 6617720, Gen Loss Total : 24.792, Mel-Spec. Error : 0.198, s/b : 0.218
Steps : 6617725, Gen Loss Total : 22.412, Mel-Spec. Error : 0.195, s/b : 0.210
Steps : 6617730, Gen Loss Total : 27.017, Mel-Spec. Error : 0.208, s/b : 0.213
Steps : 6617735, Gen Loss Total : 27.400, Mel-Spec. Error : 0.204, s/b : 0.210
Steps : 6617740, Gen Loss Total : 26.031, Mel-Spec. Error : 0.206, s/b : 0.218
Steps : 6617745, Gen Loss Total : 25.748, Mel-Spec. Error : 0.211, s/b : 0.210
Steps : 6617750, Gen Loss Total : 26.776, Mel-Spec. Error : 0.202, s/b : 0.211
Steps : 6617755, Gen Loss Total : 23.945, Mel-Spec. Error : 0.198, s/b : 0.212
Steps : 6617760, Gen Loss Total : 27.615, Mel-Spec. Error : 0.209, s/b : 0.220
Steps : 6617765, Gen Loss Total : 25.629, Mel-Spec. Error : 0.202, s/b : 0.214
Steps : 6617770, Gen Loss Total : 27.597, Mel-Spec. Error : 0.208, s/b : 0.215
Steps : 6617775, Gen Loss Total : 25.883, Mel-Spec. Error : 0.197, s/b : 0.216
Steps : 6617780, Gen Loss Total : 25.201, Mel-Spec. Error : 0.202, s/b : 0.213
Steps : 6617785, Gen Loss Total : 27.673, Mel-Spec. Error : 0.203, s/b : 0.215
Steps : 6617790, Gen Loss Total : 27.020, Mel-Spec. Error : 0.198, s/b : 0.214
Steps : 6617795, Gen Loss Total : 25.363, Mel-Spec. Error : 0.200, s/b : 0.217
Steps : 6617800, Gen Loss Total : 24.968, Mel-Spec. Error : 0.217, s/b : 0.212
Steps : 6617805, Gen Loss Total : 26.962, Mel-Spec. Error : 0.208, s/b : 0.215
Steps : 6617810, Gen Loss Total : 22.437, Mel-Spec. Error : 0.192, s/b : 0.215
Steps : 6617815, Gen Loss Total : 24.743, Mel-Spec. Error : 0.196, s/b : 0.211
Steps : 6617820, Gen Loss Total : 25.292, Mel-Spec. Error : 0.203, s/b : 0.214
Steps : 6617825, Gen Loss Total : 28.455, Mel-Spec. Error : 0.200, s/b : 0.216
Steps : 6617830, Gen Loss Total : 26.910, Mel-Spec. Error : 0.208, s/b : 0.214
Steps : 6617835, Gen Loss Total : 25.404, Mel-Spec. Error : 0.192, s/b : 0.212
Steps : 6617840, Gen Loss Total : 26.070, Mel-Spec. Error : 0.198, s/b : 0.215
Steps : 6617845, Gen Loss Total : 26.808, Mel-Spec. Error : 0.198, s/b : 0.212
Steps : 6617850, Gen Loss Total : 24.958, Mel-Spec. Error : 0.197, s/b : 0.210
Steps : 6617855, Gen Loss Total : 27.231, Mel-Spec. Error : 0.204, s/b : 0.211
Steps : 6617860, Gen Loss Total : 25.878, Mel-Spec. Error : 0.200, s/b : 0.215
Steps : 6617865, Gen Loss Total : 23.142, Mel-Spec. Error : 0.198, s/b : 0.214
Steps : 6617870, Gen Loss Total : 27.289, Mel-Spec. Error : 0.202, s/b : 0.211
Steps : 6617875, Gen Loss Total : 26.571, Mel-Spec. Error : 0.206, s/b : 0.213
Steps : 6617880, Gen Loss Total : 25.156, Mel-Spec. Error : 0.205, s/b : 0.214
Steps : 6617885, Gen Loss Total : 27.717, Mel-Spec. Error : 0.201, s/b : 0.217
Steps : 6617890, Gen Loss Total : 25.690, Mel-Spec. Error : 0.207, s/b : 0.214
Steps : 6617895, Gen Loss Total : 25.152, Mel-Spec. Error : 0.195, s/b : 0.220
Steps : 6617900, Gen Loss Total : 28.534, Mel-Spec. Error : 0.217, s/b : 0.214
Steps : 6617905, Gen Loss Total : 25.441, Mel-Spec. Error : 0.203, s/b : 0.219
Steps : 6617910, Gen Loss Total : 24.388, Mel-Spec. Error : 0.192, s/b : 0.218
Steps : 6617915, Gen Loss Total : 26.613, Mel-Spec. Error : 0.199, s/b : 0.212
Steps : 6617920, Gen Loss Total : 26.697, Mel-Spec. Error : 0.199, s/b : 0.215
Steps : 6617925, Gen Loss Total : 25.321, Mel-Spec. Error : 0.202, s/b : 0.216
Steps : 6617930, Gen Loss Total : 26.890, Mel-Spec. Error : 0.203, s/b : 0.215
Steps : 6617935, Gen Loss Total : 27.348, Mel-Spec. Error : 0.198, s/b : 0.211
Steps : 6617940, Gen Loss Total : 26.984, Mel-Spec. Error : 0.207, s/b : 0.218
Steps : 6617945, Gen Loss Total : 26.230, Mel-Spec. Error : 0.208, s/b : 0.215
Steps : 6617950, Gen Loss Total : 27.536, Mel-Spec. Error : 0.205, s/b : 0.215
Steps : 6617955, Gen Loss Total : 25.784, Mel-Spec. Error : 0.199, s/b : 0.212
Steps : 6617960, Gen Loss Total : 28.306, Mel-Spec. Error : 0.205, s/b : 0.215
Steps : 6617965, Gen Loss Total : 25.955, Mel-Spec. Error : 0.203, s/b : 0.214
Steps : 6617970, Gen Loss Total : 23.936, Mel-Spec. Error : 0.196, s/b : 0.214
Steps : 6617975, Gen Loss Total : 27.009, Mel-Spec. Error : 0.207, s/b : 0.212
Steps : 6617980, Gen Loss Total : 28.526, Mel-Spec. Error : 0.206, s/b : 0.217
Steps : 6617985, Gen Loss Total : 24.859, Mel-Spec. Error : 0.199, s/b : 0.214
Steps : 6617990, Gen Loss Total : 26.708, Mel-Spec. Error : 0.202, s/b : 0.215
Steps : 6617995, Gen Loss Total : 26.612, Mel-Spec. Error : 0.197, s/b : 0.212
Steps : 6618000, Gen Loss Total : 28.888, Mel-Spec. Error : 0.200, s/b : 0.212
Steps : 6618005, Gen Loss Total : 26.320, Mel-Spec. Error : 0.203, s/b : 0.213
Steps : 6618010, Gen Loss Total : 24.024, Mel-Spec. Error : 0.195, s/b : 0.215
Steps : 6618015, Gen Loss Total : 24.749, Mel-Spec. Error : 0.198, s/b : 0.209
Steps : 6618020, Gen Loss Total : 25.975, Mel-Spec. Error : 0.204, s/b : 0.217
Steps : 6618025, Gen Loss Total : 26.258, Mel-Spec. Error : 0.200, s/b : 0.212
Steps : 6618030, Gen Loss Total : 26.301, Mel-Spec. Error : 0.198, s/b : 0.211
Steps : 6618035, Gen Loss Total : 25.802, Mel-Spec. Error : 0.204, s/b : 0.210
Steps : 6618040, Gen Loss Total : 25.735, Mel-Spec. Error : 0.197, s/b : 0.213
Steps : 6618045, Gen Loss Total : 28.133, Mel-Spec. Error : 0.205, s/b : 0.214
Steps : 6618050, Gen Loss Total : 25.604, Mel-Spec. Error : 0.203, s/b : 0.214
Steps : 6618055, Gen Loss Total : 26.053, Mel-Spec. Error : 0.210, s/b : 0.212
Steps : 6618060, Gen Loss Total : 27.388, Mel-Spec. Error : 0.201, s/b : 0.214
Steps : 6618065, Gen Loss Total : 24.010, Mel-Spec. Error : 0.194, s/b : 0.214
Steps : 6618070, Gen Loss Total : 26.493, Mel-Spec. Error : 0.208, s/b : 0.212
Steps : 6618075, Gen Loss Total : 24.763, Mel-Spec. Error : 0.201, s/b : 0.211
Steps : 6618080, Gen Loss Total : 27.274, Mel-Spec. Error : 0.209, s/b : 0.212
Steps : 6618085, Gen Loss Total : 26.466, Mel-Spec. Error : 0.208, s/b : 0.215
Steps : 6618090, Gen Loss Total : 24.382, Mel-Spec. Error : 0.202, s/b : 0.213
Steps : 6618095, Gen Loss Total : 25.333, Mel-Spec. Error : 0.196, s/b : 0.209
Steps : 6618100, Gen Loss Total : 26.370, Mel-Spec. Error : 0.204, s/b : 0.212
Steps : 6618105, Gen Loss Total : 25.181, Mel-Spec. Error : 0.199, s/b : 0.212
Steps : 6618110, Gen Loss Total : 26.287, Mel-Spec. Error : 0.195, s/b : 0.210
Steps : 6618115, Gen Loss Total : 26.069, Mel-Spec. Error : 0.199, s/b : 0.212
Steps : 6618120, Gen Loss Total : 27.310, Mel-Spec. Error : 0.210, s/b : 0.213
Steps : 6618125, Gen Loss Total : 24.033, Mel-Spec. Error : 0.205, s/b : 0.211
Steps : 6618130, Gen Loss Total : 25.857, Mel-Spec. Error : 0.200, s/b : 0.214
Steps : 6618135, Gen Loss Total : 29.224, Mel-Spec. Error : 0.212, s/b : 0.212
Steps : 6618140, Gen Loss Total : 26.113, Mel-Spec. Error : 0.199, s/b : 0.212
Steps : 6618145, Gen Loss Total : 27.521, Mel-Spec. Error : 0.203, s/b : 0.212
Steps : 6618150, Gen Loss Total : 26.205, Mel-Spec. Error : 0.202, s/b : 0.212
Steps : 6618155, Gen Loss Total : 28.637, Mel-Spec. Error : 0.211, s/b : 0.212
Steps : 6618160, Gen Loss Total : 27.366, Mel-Spec. Error : 0.207, s/b : 0.215
Steps : 6618165, Gen Loss Total : 24.766, Mel-Spec. Error : 0.202, s/b : 0.211
Steps : 6618170, Gen Loss Total : 24.515, Mel-Spec. Error : 0.198, s/b : 0.212
Steps : 6618175, Gen Loss Total : 24.039, Mel-Spec. Error : 0.200, s/b : 0.212
Steps : 6618180, Gen Loss Total : 26.641, Mel-Spec. Error : 0.205, s/b : 0.214
Steps : 6618185, Gen Loss Total : 24.774, Mel-Spec. Error : 0.201, s/b : 0.212
Steps : 6618190, Gen Loss Total : 25.653, Mel-Spec. Error : 0.214, s/b : 0.212
Steps : 6618195, Gen Loss Total : 25.245, Mel-Spec. Error : 0.204, s/b : 0.219
Steps : 6618200, Gen Loss Total : 25.979, Mel-Spec. Error : 0.210, s/b : 0.215
Steps : 6618205, Gen Loss Total : 23.730, Mel-Spec. Error : 0.201, s/b : 0.211
Steps : 6618210, Gen Loss Total : 27.936, Mel-Spec. Error : 0.205, s/b : 0.224
Steps : 6618215, Gen Loss Total : 28.825, Mel-Spec. Error : 0.206, s/b : 0.209
Steps : 6618220, Gen Loss Total : 32.221, Mel-Spec. Error : 0.216, s/b : 0.214
Steps : 6618225, Gen Loss Total : 26.868, Mel-Spec. Error : 0.202, s/b : 0.210
Steps : 6618230, Gen Loss Total : 24.952, Mel-Spec. Error : 0.203, s/b : 0.209
Steps : 6618235, Gen Loss Total : 23.808, Mel-Spec. Error : 0.196, s/b : 0.211
Steps : 6618240, Gen Loss Total : 26.739, Mel-Spec. Error : 0.207, s/b : 0.212
Steps : 6618245, Gen Loss Total : 24.540, Mel-Spec. Error : 0.197, s/b : 0.210
Steps : 6618250, Gen Loss Total : 26.878, Mel-Spec. Error : 0.210, s/b : 0.210
Steps : 6618255, Gen Loss Total : 29.305, Mel-Spec. Error : 0.210, s/b : 0.212
Steps : 6618260, Gen Loss Total : 25.753, Mel-Spec. Error : 0.203, s/b : 0.212
Steps : 6618265, Gen Loss Total : 22.755, Mel-Spec. Error : 0.194, s/b : 0.212
Steps : 6618270, Gen Loss Total : 26.530, Mel-Spec. Error : 0.198, s/b : 0.216
Steps : 6618275, Gen Loss Total : 26.591, Mel-Spec. Error : 0.206, s/b : 0.209
Steps : 6618280, Gen Loss Total : 27.667, Mel-Spec. Error : 0.203, s/b : 0.216
Steps : 6618285, Gen Loss Total : 25.419, Mel-Spec. Error : 0.201, s/b : 0.214
Steps : 6618290, Gen Loss Total : 24.194, Mel-Spec. Error : 0.199, s/b : 0.212
Steps : 6618295, Gen Loss Total : 24.723, Mel-Spec. Error : 0.194, s/b : 0.212
Steps : 6618300, Gen Loss Total : 23.711, Mel-Spec. Error : 0.194, s/b : 0.214
Steps : 6618305, Gen Loss Total : 24.629, Mel-Spec. Error : 0.198, s/b : 0.211
Steps : 6618310, Gen Loss Total : 24.612, Mel-Spec. Error : 0.206, s/b : 0.211
Steps : 6618315, Gen Loss Total : 28.187, Mel-Spec. Error : 0.207, s/b : 0.214
Steps : 6618320, Gen Loss Total : 24.623, Mel-Spec. Error : 0.186, s/b : 0.215
Steps : 6618325, Gen Loss Total : 27.815, Mel-Spec. Error : 0.204, s/b : 0.209
Steps : 6618330, Gen Loss Total : 24.321, Mel-Spec. Error : 0.199, s/b : 0.210
Steps : 6618335, Gen Loss Total : 27.749, Mel-Spec. Error : 0.206, s/b : 0.210
Steps : 6618340, Gen Loss Total : 26.976, Mel-Spec. Error : 0.218, s/b : 0.214
Steps : 6618345, Gen Loss Total : 26.170, Mel-Spec. Error : 0.202, s/b : 0.212
Steps : 6618350, Gen Loss Total : 26.935, Mel-Spec. Error : 0.211, s/b : 0.212
Steps : 6618355, Gen Loss Total : 24.740, Mel-Spec. Error : 0.198, s/b : 0.212
Steps : 6618360, Gen Loss Total : 25.274, Mel-Spec. Error : 0.198, s/b : 0.217
Steps : 6618365, Gen Loss Total : 27.092, Mel-Spec. Error : 0.203, s/b : 0.211
Steps : 6618370, Gen Loss Total : 25.683, Mel-Spec. Error : 0.198, s/b : 0.215
Steps : 6618375, Gen Loss Total : 28.578, Mel-Spec. Error : 0.206, s/b : 0.209
Steps : 6618380, Gen Loss Total : 29.098, Mel-Spec. Error : 0.207, s/b : 0.214
Steps : 6618385, Gen Loss Total : 28.282, Mel-Spec. Error : 0.207, s/b : 0.214
Steps : 6618390, Gen Loss Total : 24.969, Mel-Spec. Error : 0.198, s/b : 0.209
Steps : 6618395, Gen Loss Total : 28.488, Mel-Spec. Error : 0.207, s/b : 0.212
Steps : 6618400, Gen Loss Total : 24.822, Mel-Spec. Error : 0.196, s/b : 0.213
Steps : 6618405, Gen Loss Total : 25.004, Mel-Spec. Error : 0.200, s/b : 0.211
Steps : 6618410, Gen Loss Total : 24.720, Mel-Spec. Error : 0.202, s/b : 0.211
Steps : 6618415, Gen Loss Total : 27.702, Mel-Spec. Error : 0.208, s/b : 0.212
Steps : 6618420, Gen Loss Total : 27.244, Mel-Spec. Error : 0.210, s/b : 0.215
Steps : 6618425, Gen Loss Total : 25.310, Mel-Spec. Error : 0.201, s/b : 0.214
Steps : 6618430, Gen Loss Total : 26.242, Mel-Spec. Error : 0.202, s/b : 0.209
Steps : 6618435, Gen Loss Total : 25.988, Mel-Spec. Error : 0.198, s/b : 0.209
Steps : 6618440, Gen Loss Total : 26.382, Mel-Spec. Error : 0.211, s/b : 0.216
Steps : 6618445, Gen Loss Total : 26.351, Mel-Spec. Error : 0.204, s/b : 0.209
Steps : 6618450, Gen Loss Total : 25.886, Mel-Spec. Error : 0.201, s/b : 0.211
Steps : 6618455, Gen Loss Total : 26.673, Mel-Spec. Error : 0.212, s/b : 0.212
Steps : 6618460, Gen Loss Total : 26.596, Mel-Spec. Error : 0.209, s/b : 0.212
Steps : 6618465, Gen Loss Total : 27.150, Mel-Spec. Error : 0.204, s/b : 0.213
Steps : 6618470, Gen Loss Total : 25.135, Mel-Spec. Error : 0.195, s/b : 0.214
Steps : 6618475, Gen Loss Total : 25.079, Mel-Spec. Error : 0.207, s/b : 0.210
Steps : 6618480, Gen Loss Total : 26.738, Mel-Spec. Error : 0.203, s/b : 0.212
Steps : 6618485, Gen Loss Total : 28.134, Mel-Spec. Error : 0.203, s/b : 0.209
Steps : 6618490, Gen Loss Total : 25.576, Mel-Spec. Error : 0.200, s/b : 0.212
Steps : 6618495, Gen Loss Total : 27.756, Mel-Spec. Error : 0.209, s/b : 0.211
Steps : 6618500, Gen Loss Total : 24.969, Mel-Spec. Error : 0.199, s/b : 0.216
Steps : 6618505, Gen Loss Total : 29.433, Mel-Spec. Error : 0.204, s/b : 0.216
Steps : 6618510, Gen Loss Total : 24.355, Mel-Spec. Error : 0.198, s/b : 0.214
Steps : 6618515, Gen Loss Total : 26.550, Mel-Spec. Error : 0.210, s/b : 0.211
Steps : 6618520, Gen Loss Total : 24.125, Mel-Spec. Error : 0.200, s/b : 0.214
Steps : 6618525, Gen Loss Total : 24.154, Mel-Spec. Error : 0.202, s/b : 0.213
Steps : 6618530, Gen Loss Total : 28.318, Mel-Spec. Error : 0.215, s/b : 0.214
Steps : 6618535, Gen Loss Total : 23.942, Mel-Spec. Error : 0.199, s/b : 0.210
Steps : 6618540, Gen Loss Total : 26.462, Mel-Spec. Error : 0.203, s/b : 0.217
Steps : 6618545, Gen Loss Total : 22.898, Mel-Spec. Error : 0.195, s/b : 0.216
Steps : 6618550, Gen Loss Total : 24.473, Mel-Spec. Error : 0.202, s/b : 0.214
Steps : 6618555, Gen Loss Total : 26.252, Mel-Spec. Error : 0.194, s/b : 0.210
Steps : 6618560, Gen Loss Total : 26.485, Mel-Spec. Error : 0.207, s/b : 0.217
Steps : 6618565, Gen Loss Total : 24.566, Mel-Spec. Error : 0.197, s/b : 0.215
Steps : 6618570, Gen Loss Total : 26.630, Mel-Spec. Error : 0.198, s/b : 0.215
Steps : 6618575, Gen Loss Total : 26.488, Mel-Spec. Error : 0.207, s/b : 0.211
Steps : 6618580, Gen Loss Total : 25.613, Mel-Spec. Error : 0.202, s/b : 0.216
Steps : 6618585, Gen Loss Total : 27.517, Mel-Spec. Error : 0.204, s/b : 0.210
Steps : 6618590, Gen Loss Total : 26.844, Mel-Spec. Error : 0.203, s/b : 0.213
Steps : 6618595, Gen Loss Total : 26.580, Mel-Spec. Error : 0.205, s/b : 0.213
Steps : 6618600, Gen Loss Total : 23.032, Mel-Spec. Error : 0.192, s/b : 0.212
Steps : 6618605, Gen Loss Total : 27.868, Mel-Spec. Error : 0.202, s/b : 0.216
Steps : 6618610, Gen Loss Total : 26.537, Mel-Spec. Error : 0.205, s/b : 0.214
Steps : 6618615, Gen Loss Total : 25.591, Mel-Spec. Error : 0.200, s/b : 0.214
Steps : 6618620, Gen Loss Total : 24.514, Mel-Spec. Error : 0.208, s/b : 0.214
Steps : 6618625, Gen Loss Total : 25.834, Mel-Spec. Error : 0.204, s/b : 0.216
Steps : 6618630, Gen Loss Total : 26.679, Mel-Spec. Error : 0.205, s/b : 0.215
Steps : 6618635, Gen Loss Total : 24.779, Mel-Spec. Error : 0.199, s/b : 0.214
Steps : 6618640, Gen Loss Total : 27.758, Mel-Spec. Error : 0.198, s/b : 0.212
Steps : 6618645, Gen Loss Total : 25.684, Mel-Spec. Error : 0.201, s/b : 0.214
Steps : 6618650, Gen Loss Total : 25.087, Mel-Spec. Error : 0.198, s/b : 0.214
Steps : 6618655, Gen Loss Total : 24.447, Mel-Spec. Error : 0.199, s/b : 0.213
Steps : 6618660, Gen Loss Total : 23.056, Mel-Spec. Error : 0.190, s/b : 0.212
Steps : 6618665, Gen Loss Total : 27.695, Mel-Spec. Error : 0.204, s/b : 0.216
Steps : 6618670, Gen Loss Total : 25.665, Mel-Spec. Error : 0.203, s/b : 0.214
Steps : 6618675, Gen Loss Total : 25.429, Mel-Spec. Error : 0.193, s/b : 0.212
Steps : 6618680, Gen Loss Total : 27.188, Mel-Spec. Error : 0.205, s/b : 0.214
Steps : 6618685, Gen Loss Total : 28.992, Mel-Spec. Error : 0.215, s/b : 0.216
Steps : 6618690, Gen Loss Total : 25.369, Mel-Spec. Error : 0.206, s/b : 0.215
Steps : 6618695, Gen Loss Total : 25.039, Mel-Spec. Error : 0.206, s/b : 0.212
Steps : 6618700, Gen Loss Total : 27.901, Mel-Spec. Error : 0.207, s/b : 0.211
Steps : 6618705, Gen Loss Total : 27.552, Mel-Spec. Error : 0.204, s/b : 0.218
Steps : 6618710, Gen Loss Total : 25.930, Mel-Spec. Error : 0.203, s/b : 0.216
Steps : 6618715, Gen Loss Total : 23.221, Mel-Spec. Error : 0.198, s/b : 0.216
Steps : 6618720, Gen Loss Total : 26.662, Mel-Spec. Error : 0.196, s/b : 0.213
Steps : 6618725, Gen Loss Total : 25.085, Mel-Spec. Error : 0.200, s/b : 0.209
Steps : 6618730, Gen Loss Total : 25.271, Mel-Spec. Error : 0.198, s/b : 0.212
Steps : 6618735, Gen Loss Total : 24.548, Mel-Spec. Error : 0.199, s/b : 0.214
Steps : 6618740, Gen Loss Total : 26.748, Mel-Spec. Error : 0.205, s/b : 0.219
Steps : 6618745, Gen Loss Total : 27.416, Mel-Spec. Error : 0.205, s/b : 0.215
Steps : 6618750, Gen Loss Total : 25.989, Mel-Spec. Error : 0.205, s/b : 0.210
Steps : 6618755, Gen Loss Total : 26.620, Mel-Spec. Error : 0.206, s/b : 0.213
Steps : 6618760, Gen Loss Total : 26.797, Mel-Spec. Error : 0.208, s/b : 0.217
Steps : 6618765, Gen Loss Total : 25.821, Mel-Spec. Error : 0.202, s/b : 0.213
Steps : 6618770, Gen Loss Total : 26.742, Mel-Spec. Error : 0.196, s/b : 0.210
Steps : 6618775, Gen Loss Total : 23.873, Mel-Spec. Error : 0.198, s/b : 0.216
Steps : 6618780, Gen Loss Total : 23.683, Mel-Spec. Error : 0.204, s/b : 0.216
Steps : 6618785, Gen Loss Total : 24.477, Mel-Spec. Error : 0.198, s/b : 0.213
Steps : 6618790, Gen Loss Total : 27.169, Mel-Spec. Error : 0.212, s/b : 0.210
Steps : 6618795, Gen Loss Total : 26.504, Mel-Spec. Error : 0.201, s/b : 0.214
Steps : 6618800, Gen Loss Total : 25.744, Mel-Spec. Error : 0.200, s/b : 0.216
Steps : 6618805, Gen Loss Total : 27.228, Mel-Spec. Error : 0.209, s/b : 0.214
Steps : 6618810, Gen Loss Total : 27.638, Mel-Spec. Error : 0.207, s/b : 0.214
Steps : 6618815, Gen Loss Total : 26.450, Mel-Spec. Error : 0.203, s/b : 0.215
Steps : 6618820, Gen Loss Total : 24.207, Mel-Spec. Error : 0.203, s/b : 0.215
Steps : 6618825, Gen Loss Total : 25.873, Mel-Spec. Error : 0.203, s/b : 0.213
Steps : 6618830, Gen Loss Total : 26.513, Mel-Spec. Error : 0.212, s/b : 0.212
Steps : 6618835, Gen Loss Total : 24.717, Mel-Spec. Error : 0.199, s/b : 0.213
Steps : 6618840, Gen Loss Total : 26.871, Mel-Spec. Error : 0.202, s/b : 0.214
Steps : 6618845, Gen Loss Total : 27.777, Mel-Spec. Error : 0.203, s/b : 0.214
Steps : 6618850, Gen Loss Total : 26.022, Mel-Spec. Error : 0.203, s/b : 0.211
Steps : 6618855, Gen Loss Total : 24.409, Mel-Spec. Error : 0.200, s/b : 0.213
Steps : 6618860, Gen Loss Total : 24.999, Mel-Spec. Error : 0.200, s/b : 0.214
Steps : 6618865, Gen Loss Total : 26.968, Mel-Spec. Error : 0.208, s/b : 0.213
Steps : 6618870, Gen Loss Total : 27.820, Mel-Spec. Error : 0.202, s/b : 0.212
Steps : 6618875, Gen Loss Total : 25.299, Mel-Spec. Error : 0.201, s/b : 0.213
Steps : 6618880, Gen Loss Total : 28.543, Mel-Spec. Error : 0.209, s/b : 0.215
Steps : 6618885, Gen Loss Total : 27.174, Mel-Spec. Error : 0.202, s/b : 0.217
Steps : 6618890, Gen Loss Total : 27.060, Mel-Spec. Error : 0.205, s/b : 0.212
Steps : 6618895, Gen Loss Total : 24.152, Mel-Spec. Error : 0.199, s/b : 0.215
Steps : 6618900, Gen Loss Total : 26.038, Mel-Spec. Error : 0.205, s/b : 0.213
Steps : 6618905, Gen Loss Total : 23.845, Mel-Spec. Error : 0.198, s/b : 0.213
Steps : 6618910, Gen Loss Total : 24.268, Mel-Spec. Error : 0.195, s/b : 0.209
Steps : 6618915, Gen Loss Total : 25.431, Mel-Spec. Error : 0.200, s/b : 0.209
Time taken for epoch 3697 is 482 sec

Epoch: 3698
Steps : 6618920, Gen Loss Total : 25.239, Mel-Spec. Error : 0.209, s/b : 0.213
Steps : 6618925, Gen Loss Total : 27.018, Mel-Spec. Error : 0.206, s/b : 0.211
Steps : 6618930, Gen Loss Total : 24.220, Mel-Spec. Error : 0.201, s/b : 0.218
Steps : 6618935, Gen Loss Total : 25.009, Mel-Spec. Error : 0.204, s/b : 0.211
Steps : 6618940, Gen Loss Total : 27.090, Mel-Spec. Error : 0.204, s/b : 0.214
Steps : 6618945, Gen Loss Total : 28.732, Mel-Spec. Error : 0.209, s/b : 0.215
Steps : 6618950, Gen Loss Total : 24.868, Mel-Spec. Error : 0.201, s/b : 0.213
Steps : 6618955, Gen Loss Total : 26.271, Mel-Spec. Error : 0.199, s/b : 0.214
Steps : 6618960, Gen Loss Total : 24.941, Mel-Spec. Error : 0.202, s/b : 0.212
Steps : 6618965, Gen Loss Total : 26.101, Mel-Spec. Error : 0.202, s/b : 0.215
Steps : 6618970, Gen Loss Total : 27.592, Mel-Spec. Error : 0.207, s/b : 0.209
Steps : 6618975, Gen Loss Total : 27.997, Mel-Spec. Error : 0.210, s/b : 0.212
Steps : 6618980, Gen Loss Total : 27.364, Mel-Spec. Error : 0.206, s/b : 0.215
Steps : 6618985, Gen Loss Total : 25.378, Mel-Spec. Error : 0.201, s/b : 0.215
Steps : 6618990, Gen Loss Total : 26.458, Mel-Spec. Error : 0.203, s/b : 0.212
Steps : 6618995, Gen Loss Total : 23.353, Mel-Spec. Error : 0.199, s/b : 0.212
Steps : 6619000, Gen Loss Total : 23.754, Mel-Spec. Error : 0.197, s/b : 0.217
Steps : 6619005, Gen Loss Total : 27.228, Mel-Spec. Error : 0.208, s/b : 0.216
Steps : 6619010, Gen Loss Total : 30.701, Mel-Spec. Error : 0.210, s/b : 0.213
Steps : 6619015, Gen Loss Total : 26.609, Mel-Spec. Error : 0.202, s/b : 0.216
Steps : 6619020, Gen Loss Total : 27.834, Mel-Spec. Error : 0.205, s/b : 0.213
Steps : 6619025, Gen Loss Total : 25.352, Mel-Spec. Error : 0.200, s/b : 0.214
Steps : 6619030, Gen Loss Total : 26.797, Mel-Spec. Error : 0.203, s/b : 0.212
Steps : 6619035, Gen Loss Total : 25.474, Mel-Spec. Error : 0.203, s/b : 0.218
Steps : 6619040, Gen Loss Total : 25.524, Mel-Spec. Error : 0.208, s/b : 0.213
Steps : 6619045, Gen Loss Total : 26.333, Mel-Spec. Error : 0.204, s/b : 0.215
Steps : 6619050, Gen Loss Total : 26.807, Mel-Spec. Error : 0.206, s/b : 0.213
Steps : 6619055, Gen Loss Total : 26.677, Mel-Spec. Error : 0.202, s/b : 0.215
Steps : 6619060, Gen Loss Total : 25.594, Mel-Spec. Error : 0.204, s/b : 0.215
Steps : 6619065, Gen Loss Total : 24.315, Mel-Spec. Error : 0.196, s/b : 0.216
Steps : 6619070, Gen Loss Total : 24.637, Mel-Spec. Error : 0.199, s/b : 0.213
Steps : 6619075, Gen Loss Total : 24.959, Mel-Spec. Error : 0.197, s/b : 0.214
Steps : 6619080, Gen Loss Total : 26.707, Mel-Spec. Error : 0.201, s/b : 0.213
Steps : 6619085, Gen Loss Total : 26.699, Mel-Spec. Error : 0.199, s/b : 0.215
Steps : 6619090, Gen Loss Total : 27.801, Mel-Spec. Error : 0.200, s/b : 0.212
Steps : 6619095, Gen Loss Total : 22.773, Mel-Spec. Error : 0.202, s/b : 0.215
Steps : 6619100, Gen Loss Total : 25.600, Mel-Spec. Error : 0.205, s/b : 0.213
Steps : 6619105, Gen Loss Total : 28.653, Mel-Spec. Error : 0.216, s/b : 0.218
Steps : 6619110, Gen Loss Total : 27.825, Mel-Spec. Error : 0.205, s/b : 0.214
Steps : 6619115, Gen Loss Total : 25.839, Mel-Spec. Error : 0.202, s/b : 0.214
Steps : 6619120, Gen Loss Total : 28.322, Mel-Spec. Error : 0.213, s/b : 0.216
Steps : 6619125, Gen Loss Total : 25.661, Mel-Spec. Error : 0.201, s/b : 0.214
Steps : 6619130, Gen Loss Total : 24.861, Mel-Spec. Error : 0.192, s/b : 0.212
Steps : 6619135, Gen Loss Total : 26.012, Mel-Spec. Error : 0.204, s/b : 0.218
Steps : 6619140, Gen Loss Total : 25.321, Mel-Spec. Error : 0.203, s/b : 0.215
Steps : 6619145, Gen Loss Total : 25.678, Mel-Spec. Error : 0.197, s/b : 0.216
Steps : 6619150, Gen Loss Total : 27.095, Mel-Spec. Error : 0.201, s/b : 0.212
Steps : 6619155, Gen Loss Total : 25.334, Mel-Spec. Error : 0.200, s/b : 0.213
Steps : 6619160, Gen Loss Total : 25.770, Mel-Spec. Error : 0.202, s/b : 0.217
Steps : 6619165, Gen Loss Total : 28.754, Mel-Spec. Error : 0.204, s/b : 0.214
Steps : 6619170, Gen Loss Total : 26.777, Mel-Spec. Error : 0.214, s/b : 0.216
Steps : 6619175, Gen Loss Total : 25.667, Mel-Spec. Error : 0.201, s/b : 0.213
Steps : 6619180, Gen Loss Total : 26.744, Mel-Spec. Error : 0.209, s/b : 0.211
Steps : 6619185, Gen Loss Total : 26.000, Mel-Spec. Error : 0.209, s/b : 0.217
Steps : 6619190, Gen Loss Total : 24.972, Mel-Spec. Error : 0.193, s/b : 0.212
Steps : 6619195, Gen Loss Total : 28.916, Mel-Spec. Error : 0.206, s/b : 0.214
Steps : 6619200, Gen Loss Total : 23.190, Mel-Spec. Error : 0.192, s/b : 0.212
Steps : 6619205, Gen Loss Total : 27.649, Mel-Spec. Error : 0.210, s/b : 0.214
Steps : 6619210, Gen Loss Total : 25.630, Mel-Spec. Error : 0.199, s/b : 0.213
Steps : 6619215, Gen Loss Total : 27.125, Mel-Spec. Error : 0.196, s/b : 0.212
Steps : 6619220, Gen Loss Total : 25.110, Mel-Spec. Error : 0.201, s/b : 0.212
Steps : 6619225, Gen Loss Total : 27.554, Mel-Spec. Error : 0.199, s/b : 0.217
Steps : 6619230, Gen Loss Total : 24.678, Mel-Spec. Error : 0.198, s/b : 0.215
Steps : 6619235, Gen Loss Total : 28.255, Mel-Spec. Error : 0.208, s/b : 0.214
Steps : 6619240, Gen Loss Total : 26.351, Mel-Spec. Error : 0.202, s/b : 0.214
Steps : 6619245, Gen Loss Total : 26.179, Mel-Spec. Error : 0.200, s/b : 0.214
Steps : 6619250, Gen Loss Total : 25.019, Mel-Spec. Error : 0.199, s/b : 0.213
Steps : 6619255, Gen Loss Total : 26.909, Mel-Spec. Error : 0.210, s/b : 0.216
Steps : 6619260, Gen Loss Total : 25.419, Mel-Spec. Error : 0.202, s/b : 0.209
Steps : 6619265, Gen Loss Total : 25.211, Mel-Spec. Error : 0.197, s/b : 0.213
Steps : 6619270, Gen Loss Total : 26.604, Mel-Spec. Error : 0.202, s/b : 0.209
Steps : 6619275, Gen Loss Total : 25.304, Mel-Spec. Error : 0.199, s/b : 0.215
Steps : 6619280, Gen Loss Total : 26.991, Mel-Spec. Error : 0.204, s/b : 0.210
Steps : 6619285, Gen Loss Total : 24.503, Mel-Spec. Error : 0.200, s/b : 0.212
Steps : 6619290, Gen Loss Total : 26.510, Mel-Spec. Error : 0.201, s/b : 0.213
Steps : 6619295, Gen Loss Total : 27.353, Mel-Spec. Error : 0.209, s/b : 0.212
Steps : 6619300, Gen Loss Total : 23.626, Mel-Spec. Error : 0.202, s/b : 0.212
Steps : 6619305, Gen Loss Total : 24.230, Mel-Spec. Error : 0.201, s/b : 0.213
Steps : 6619310, Gen Loss Total : 26.794, Mel-Spec. Error : 0.208, s/b : 0.212
Steps : 6619315, Gen Loss Total : 26.533, Mel-Spec. Error : 0.207, s/b : 0.217
Steps : 6619320, Gen Loss Total : 25.882, Mel-Spec. Error : 0.200, s/b : 0.217
Steps : 6619325, Gen Loss Total : 24.381, Mel-Spec. Error : 0.197, s/b : 0.212
Steps : 6619330, Gen Loss Total : 26.228, Mel-Spec. Error : 0.197, s/b : 0.210
Steps : 6619335, Gen Loss Total : 26.760, Mel-Spec. Error : 0.213, s/b : 0.218
Steps : 6619340, Gen Loss Total : 25.243, Mel-Spec. Error : 0.202, s/b : 0.216
Steps : 6619345, Gen Loss Total : 27.526, Mel-Spec. Error : 0.207, s/b : 0.214
Steps : 6619350, Gen Loss Total : 24.164, Mel-Spec. Error : 0.199, s/b : 0.212
Steps : 6619355, Gen Loss Total : 24.402, Mel-Spec. Error : 0.201, s/b : 0.212
Steps : 6619360, Gen Loss Total : 27.686, Mel-Spec. Error : 0.206, s/b : 0.212
Steps : 6619365, Gen Loss Total : 25.260, Mel-Spec. Error : 0.200, s/b : 0.211
Steps : 6619370, Gen Loss Total : 24.177, Mel-Spec. Error : 0.198, s/b : 0.216
Steps : 6619375, Gen Loss Total : 27.477, Mel-Spec. Error : 0.211, s/b : 0.211
Steps : 6619380, Gen Loss Total : 20.379, Mel-Spec. Error : 0.196, s/b : 0.215
Steps : 6619385, Gen Loss Total : 27.457, Mel-Spec. Error : 0.204, s/b : 0.210
Steps : 6619390, Gen Loss Total : 27.147, Mel-Spec. Error : 0.209, s/b : 0.215
Steps : 6619395, Gen Loss Total : 24.467, Mel-Spec. Error : 0.198, s/b : 0.213
Steps : 6619400, Gen Loss Total : 27.435, Mel-Spec. Error : 0.210, s/b : 0.217
Steps : 6619405, Gen Loss Total : 25.790, Mel-Spec. Error : 0.198, s/b : 0.211
Steps : 6619410, Gen Loss Total : 22.361, Mel-Spec. Error : 0.194, s/b : 0.215
Steps : 6619415, Gen Loss Total : 26.001, Mel-Spec. Error : 0.203, s/b : 0.211
Steps : 6619420, Gen Loss Total : 27.934, Mel-Spec. Error : 0.211, s/b : 0.214
Steps : 6619425, Gen Loss Total : 26.337, Mel-Spec. Error : 0.202, s/b : 0.209
Steps : 6619430, Gen Loss Total : 27.907, Mel-Spec. Error : 0.201, s/b : 0.214
Steps : 6619435, Gen Loss Total : 24.466, Mel-Spec. Error : 0.201, s/b : 0.211
Steps : 6619440, Gen Loss Total : 28.427, Mel-Spec. Error : 0.210, s/b : 0.217
Steps : 6619445, Gen Loss Total : 26.492, Mel-Spec. Error : 0.202, s/b : 0.212
Steps : 6619450, Gen Loss Total : 26.618, Mel-Spec. Error : 0.205, s/b : 0.210
Steps : 6619455, Gen Loss Total : 24.872, Mel-Spec. Error : 0.205, s/b : 0.213
Steps : 6619460, Gen Loss Total : 28.250, Mel-Spec. Error : 0.212, s/b : 0.217
Steps : 6619465, Gen Loss Total : 25.318, Mel-Spec. Error : 0.204, s/b : 0.211
Steps : 6619470, Gen Loss Total : 25.805, Mel-Spec. Error : 0.204, s/b : 0.214
Steps : 6619475, Gen Loss Total : 25.314, Mel-Spec. Error : 0.203, s/b : 0.211
Steps : 6619480, Gen Loss Total : 25.594, Mel-Spec. Error : 0.200, s/b : 0.216
Steps : 6619485, Gen Loss Total : 23.807, Mel-Spec. Error : 0.199, s/b : 0.210
Steps : 6619490, Gen Loss Total : 23.641, Mel-Spec. Error : 0.200, s/b : 0.211
Steps : 6619495, Gen Loss Total : 23.797, Mel-Spec. Error : 0.204, s/b : 0.212
Steps : 6619500, Gen Loss Total : 25.459, Mel-Spec. Error : 0.205, s/b : 0.213
Steps : 6619505, Gen Loss Total : 29.397, Mel-Spec. Error : 0.206, s/b : 0.209
Steps : 6619510, Gen Loss Total : 28.104, Mel-Spec. Error : 0.209, s/b : 0.211
Steps : 6619515, Gen Loss Total : 26.577, Mel-Spec. Error : 0.206, s/b : 0.209
Steps : 6619520, Gen Loss Total : 27.379, Mel-Spec. Error : 0.198, s/b : 0.218
Steps : 6619525, Gen Loss Total : 25.560, Mel-Spec. Error : 0.199, s/b : 0.213
Steps : 6619530, Gen Loss Total : 25.318, Mel-Spec. Error : 0.204, s/b : 0.212
Steps : 6619535, Gen Loss Total : 25.239, Mel-Spec. Error : 0.202, s/b : 0.216
Steps : 6619540, Gen Loss Total : 26.258, Mel-Spec. Error : 0.207, s/b : 0.211
Steps : 6619545, Gen Loss Total : 25.298, Mel-Spec. Error : 0.201, s/b : 0.218
Steps : 6619550, Gen Loss Total : 25.633, Mel-Spec. Error : 0.199, s/b : 0.214
Steps : 6619555, Gen Loss Total : 29.926, Mel-Spec. Error : 0.207, s/b : 0.213
Steps : 6619560, Gen Loss Total : 27.188, Mel-Spec. Error : 0.194, s/b : 0.212
Steps : 6619565, Gen Loss Total : 28.539, Mel-Spec. Error : 0.203, s/b : 0.218
Steps : 6619570, Gen Loss Total : 23.325, Mel-Spec. Error : 0.195, s/b : 0.211
Steps : 6619575, Gen Loss Total : 25.347, Mel-Spec. Error : 0.210, s/b : 0.214
Steps : 6619580, Gen Loss Total : 27.795, Mel-Spec. Error : 0.200, s/b : 0.210
Steps : 6619585, Gen Loss Total : 24.063, Mel-Spec. Error : 0.202, s/b : 0.213
Steps : 6619590, Gen Loss Total : 25.451, Mel-Spec. Error : 0.206, s/b : 0.211
Steps : 6619595, Gen Loss Total : 26.298, Mel-Spec. Error : 0.201, s/b : 0.216
Steps : 6619600, Gen Loss Total : 24.211, Mel-Spec. Error : 0.191, s/b : 0.210
Steps : 6619605, Gen Loss Total : 24.205, Mel-Spec. Error : 0.204, s/b : 0.217
Steps : 6619610, Gen Loss Total : 24.297, Mel-Spec. Error : 0.201, s/b : 0.211
Steps : 6619615, Gen Loss Total : 26.108, Mel-Spec. Error : 0.211, s/b : 0.214
Steps : 6619620, Gen Loss Total : 24.166, Mel-Spec. Error : 0.200, s/b : 0.212
Steps : 6619625, Gen Loss Total : 26.327, Mel-Spec. Error : 0.201, s/b : 0.219
Steps : 6619630, Gen Loss Total : 25.488, Mel-Spec. Error : 0.199, s/b : 0.213
Steps : 6619635, Gen Loss Total : 25.685, Mel-Spec. Error : 0.207, s/b : 0.214
Steps : 6619640, Gen Loss Total : 28.057, Mel-Spec. Error : 0.212, s/b : 0.211
Steps : 6619645, Gen Loss Total : 25.728, Mel-Spec. Error : 0.206, s/b : 0.212
Steps : 6619650, Gen Loss Total : 24.545, Mel-Spec. Error : 0.203, s/b : 0.213
Steps : 6619655, Gen Loss Total : 26.915, Mel-Spec. Error : 0.201, s/b : 0.211
Steps : 6619660, Gen Loss Total : 27.739, Mel-Spec. Error : 0.203, s/b : 0.219
Steps : 6619665, Gen Loss Total : 29.487, Mel-Spec. Error : 0.220, s/b : 0.215
Steps : 6619670, Gen Loss Total : 25.433, Mel-Spec. Error : 0.206, s/b : 0.219
Steps : 6619675, Gen Loss Total : 27.260, Mel-Spec. Error : 0.202, s/b : 0.213
Steps : 6619680, Gen Loss Total : 25.340, Mel-Spec. Error : 0.203, s/b : 0.215
Steps : 6619685, Gen Loss Total : 27.785, Mel-Spec. Error : 0.205, s/b : 0.215
Steps : 6619690, Gen Loss Total : 27.278, Mel-Spec. Error : 0.203, s/b : 0.212
Steps : 6619695, Gen Loss Total : 22.548, Mel-Spec. Error : 0.201, s/b : 0.216
Steps : 6619700, Gen Loss Total : 26.215, Mel-Spec. Error : 0.204, s/b : 0.209
Steps : 6619705, Gen Loss Total : 25.282, Mel-Spec. Error : 0.202, s/b : 0.214
Steps : 6619710, Gen Loss Total : 26.438, Mel-Spec. Error : 0.208, s/b : 0.212
Steps : 6619715, Gen Loss Total : 28.309, Mel-Spec. Error : 0.204, s/b : 0.215
Steps : 6619720, Gen Loss Total : 26.705, Mel-Spec. Error : 0.207, s/b : 0.215
Steps : 6619725, Gen Loss Total : 25.949, Mel-Spec. Error : 0.205, s/b : 0.213
Steps : 6619730, Gen Loss Total : 25.334, Mel-Spec. Error : 0.209, s/b : 0.217
Steps : 6619735, Gen Loss Total : 28.894, Mel-Spec. Error : 0.208, s/b : 0.214
Steps : 6619740, Gen Loss Total : 25.370, Mel-Spec. Error : 0.207, s/b : 0.216
Steps : 6619745, Gen Loss Total : 23.339, Mel-Spec. Error : 0.193, s/b : 0.211
Steps : 6619750, Gen Loss Total : 27.278, Mel-Spec. Error : 0.207, s/b : 0.213
Steps : 6619755, Gen Loss Total : 27.447, Mel-Spec. Error : 0.198, s/b : 0.214
Steps : 6619760, Gen Loss Total : 29.156, Mel-Spec. Error : 0.206, s/b : 0.215
Steps : 6619765, Gen Loss Total : 26.345, Mel-Spec. Error : 0.199, s/b : 0.213
Steps : 6619770, Gen Loss Total : 25.680, Mel-Spec. Error : 0.195, s/b : 0.216
Steps : 6619775, Gen Loss Total : 28.254, Mel-Spec. Error : 0.218, s/b : 0.212
Steps : 6619780, Gen Loss Total : 28.560, Mel-Spec. Error : 0.198, s/b : 0.215
Steps : 6619785, Gen Loss Total : 24.651, Mel-Spec. Error : 0.193, s/b : 0.213
Steps : 6619790, Gen Loss Total : 23.908, Mel-Spec. Error : 0.198, s/b : 0.213
Steps : 6619795, Gen Loss Total : 23.571, Mel-Spec. Error : 0.200, s/b : 0.224
Steps : 6619800, Gen Loss Total : 21.800, Mel-Spec. Error : 0.191, s/b : 0.216
Steps : 6619805, Gen Loss Total : 26.271, Mel-Spec. Error : 0.199, s/b : 0.215
Steps : 6619810, Gen Loss Total : 27.753, Mel-Spec. Error : 0.202, s/b : 0.212
Steps : 6619815, Gen Loss Total : 24.923, Mel-Spec. Error : 0.203, s/b : 0.211
Steps : 6619820, Gen Loss Total : 26.870, Mel-Spec. Error : 0.195, s/b : 0.220
Steps : 6619825, Gen Loss Total : 26.810, Mel-Spec. Error : 0.207, s/b : 0.212
Steps : 6619830, Gen Loss Total : 25.658, Mel-Spec. Error : 0.209, s/b : 0.214
Steps : 6619835, Gen Loss Total : 27.406, Mel-Spec. Error : 0.200, s/b : 0.211
Steps : 6619840, Gen Loss Total : 24.896, Mel-Spec. Error : 0.206, s/b : 0.215
Steps : 6619845, Gen Loss Total : 25.872, Mel-Spec. Error : 0.197, s/b : 0.212
Steps : 6619850, Gen Loss Total : 29.112, Mel-Spec. Error : 0.204, s/b : 0.215
Steps : 6619855, Gen Loss Total : 23.446, Mel-Spec. Error : 0.204, s/b : 0.212
Steps : 6619860, Gen Loss Total : 26.557, Mel-Spec. Error : 0.201, s/b : 0.217
Steps : 6619865, Gen Loss Total : 23.853, Mel-Spec. Error : 0.197, s/b : 0.215
Steps : 6619870, Gen Loss Total : 26.777, Mel-Spec. Error : 0.208, s/b : 0.214
Steps : 6619875, Gen Loss Total : 25.486, Mel-Spec. Error : 0.197, s/b : 0.215
Steps : 6619880, Gen Loss Total : 27.547, Mel-Spec. Error : 0.212, s/b : 0.209
Steps : 6619885, Gen Loss Total : 26.243, Mel-Spec. Error : 0.203, s/b : 0.213
Steps : 6619890, Gen Loss Total : 27.623, Mel-Spec. Error : 0.207, s/b : 0.210
Steps : 6619895, Gen Loss Total : 25.914, Mel-Spec. Error : 0.208, s/b : 0.212
Steps : 6619900, Gen Loss Total : 26.888, Mel-Spec. Error : 0.207, s/b : 0.214
Steps : 6619905, Gen Loss Total : 27.810, Mel-Spec. Error : 0.203, s/b : 0.211
Steps : 6619910, Gen Loss Total : 25.825, Mel-Spec. Error : 0.196, s/b : 0.213
Steps : 6619915, Gen Loss Total : 26.952, Mel-Spec. Error : 0.205, s/b : 0.213
Steps : 6619920, Gen Loss Total : 24.097, Mel-Spec. Error : 0.192, s/b : 0.219
Steps : 6619925, Gen Loss Total : 24.251, Mel-Spec. Error : 0.201, s/b : 0.211
Steps : 6619930, Gen Loss Total : 25.050, Mel-Spec. Error : 0.205, s/b : 0.217
Steps : 6619935, Gen Loss Total : 25.030, Mel-Spec. Error : 0.200, s/b : 0.213
Steps : 6619940, Gen Loss Total : 24.846, Mel-Spec. Error : 0.195, s/b : 0.217
Steps : 6619945, Gen Loss Total : 27.345, Mel-Spec. Error : 0.199, s/b : 0.210
Steps : 6619950, Gen Loss Total : 25.467, Mel-Spec. Error : 0.208, s/b : 0.215
Steps : 6619955, Gen Loss Total : 26.718, Mel-Spec. Error : 0.208, s/b : 0.215
Steps : 6619960, Gen Loss Total : 25.971, Mel-Spec. Error : 0.211, s/b : 0.216
Steps : 6619965, Gen Loss Total : 27.761, Mel-Spec. Error : 0.210, s/b : 0.209
Steps : 6619970, Gen Loss Total : 25.472, Mel-Spec. Error : 0.205, s/b : 0.213
Steps : 6619975, Gen Loss Total : 28.207, Mel-Spec. Error : 0.211, s/b : 0.211
Steps : 6619980, Gen Loss Total : 24.833, Mel-Spec. Error : 0.206, s/b : 0.216
Steps : 6619985, Gen Loss Total : 25.018, Mel-Spec. Error : 0.205, s/b : 0.216
Steps : 6619990, Gen Loss Total : 26.878, Mel-Spec. Error : 0.209, s/b : 0.216
Steps : 6619995, Gen Loss Total : 27.710, Mel-Spec. Error : 0.203, s/b : 0.215
Steps : 6620000, Gen Loss Total : 25.690, Mel-Spec. Error : 0.199, s/b : 0.214
Saving checkpoint to /home/hpc/vlbi/vlbi107v/hifi-gan/cp_hifigan/v1_c512/g_06620000
Complete.
Saving checkpoint to /home/woody/vlbi/vlbi107v/cp_hifigan/v1_c512/g_06620000
Complete.
Saving checkpoint to /home/hpc/vlbi/vlbi107v/hifi-gan/cp_hifigan/v1_c512/do_06620000
Complete.
Saving checkpoint to /home/woody/vlbi/vlbi107v/cp_hifigan/v1_c512/do_06620000
Complete.
Steps : 6620005, Gen Loss Total : 27.991, Mel-Spec. Error : 0.209, s/b : 0.214
Steps : 6620010, Gen Loss Total : 26.777, Mel-Spec. Error : 0.201, s/b : 0.213
Steps : 6620015, Gen Loss Total : 23.390, Mel-Spec. Error : 0.201, s/b : 0.216
Steps : 6620020, Gen Loss Total : 23.054, Mel-Spec. Error : 0.198, s/b : 0.212
Steps : 6620025, Gen Loss Total : 25.653, Mel-Spec. Error : 0.202, s/b : 0.218
Steps : 6620030, Gen Loss Total : 28.940, Mel-Spec. Error : 0.209, s/b : 0.215
Steps : 6620035, Gen Loss Total : 26.156, Mel-Spec. Error : 0.199, s/b : 0.217
Steps : 6620040, Gen Loss Total : 27.771, Mel-Spec. Error : 0.211, s/b : 0.216
Steps : 6620045, Gen Loss Total : 25.131, Mel-Spec. Error : 0.201, s/b : 0.213
Steps : 6620050, Gen Loss Total : 29.728, Mel-Spec. Error : 0.209, s/b : 0.213
Steps : 6620055, Gen Loss Total : 24.874, Mel-Spec. Error : 0.199, s/b : 0.219
Steps : 6620060, Gen Loss Total : 26.890, Mel-Spec. Error : 0.208, s/b : 0.216
Steps : 6620065, Gen Loss Total : 27.422, Mel-Spec. Error : 0.202, s/b : 0.217
Steps : 6620070, Gen Loss Total : 26.470, Mel-Spec. Error : 0.207, s/b : 0.214
Steps : 6620075, Gen Loss Total : 25.837, Mel-Spec. Error : 0.206, s/b : 0.215
Steps : 6620080, Gen Loss Total : 25.718, Mel-Spec. Error : 0.202, s/b : 0.213
Steps : 6620085, Gen Loss Total : 28.275, Mel-Spec. Error : 0.208, s/b : 0.212
Steps : 6620090, Gen Loss Total : 29.522, Mel-Spec. Error : 0.206, s/b : 0.213
Steps : 6620095, Gen Loss Total : 24.794, Mel-Spec. Error : 0.196, s/b : 0.216
Steps : 6620100, Gen Loss Total : 25.016, Mel-Spec. Error : 0.204, s/b : 0.212
Steps : 6620105, Gen Loss Total : 25.656, Mel-Spec. Error : 0.201, s/b : 0.219
Steps : 6620110, Gen Loss Total : 25.481, Mel-Spec. Error : 0.198, s/b : 0.216
Steps : 6620115, Gen Loss Total : 26.955, Mel-Spec. Error : 0.205, s/b : 0.215
Steps : 6620120, Gen Loss Total : 26.027, Mel-Spec. Error : 0.203, s/b : 0.213
Steps : 6620125, Gen Loss Total : 24.946, Mel-Spec. Error : 0.201, s/b : 0.217
Steps : 6620130, Gen Loss Total : 25.777, Mel-Spec. Error : 0.204, s/b : 0.216
Steps : 6620135, Gen Loss Total : 25.289, Mel-Spec. Error : 0.199, s/b : 0.216
Steps : 6620140, Gen Loss Total : 25.088, Mel-Spec. Error : 0.196, s/b : 0.213
Steps : 6620145, Gen Loss Total : 25.751, Mel-Spec. Error : 0.197, s/b : 0.217
Steps : 6620150, Gen Loss Total : 26.591, Mel-Spec. Error : 0.206, s/b : 0.213
Steps : 6620155, Gen Loss Total : 25.475, Mel-Spec. Error : 0.203, s/b : 0.210
Steps : 6620160, Gen Loss Total : 25.672, Mel-Spec. Error : 0.200, s/b : 0.212
Steps : 6620165, Gen Loss Total : 26.237, Mel-Spec. Error : 0.206, s/b : 0.211
Steps : 6620170, Gen Loss Total : 28.479, Mel-Spec. Error : 0.212, s/b : 0.214
Steps : 6620175, Gen Loss Total : 26.479, Mel-Spec. Error : 0.198, s/b : 0.209
Steps : 6620180, Gen Loss Total : 23.131, Mel-Spec. Error : 0.193, s/b : 0.216
Steps : 6620185, Gen Loss Total : 24.931, Mel-Spec. Error : 0.197, s/b : 0.211
Steps : 6620190, Gen Loss Total : 26.890, Mel-Spec. Error : 0.203, s/b : 0.214
Steps : 6620195, Gen Loss Total : 23.488, Mel-Spec. Error : 0.201, s/b : 0.216
Steps : 6620200, Gen Loss Total : 27.150, Mel-Spec. Error : 0.206, s/b : 0.215
Steps : 6620205, Gen Loss Total : 24.179, Mel-Spec. Error : 0.189, s/b : 0.210
Steps : 6620210, Gen Loss Total : 26.126, Mel-Spec. Error : 0.205, s/b : 0.215
Steps : 6620215, Gen Loss Total : 26.195, Mel-Spec. Error : 0.211, s/b : 0.211
Steps : 6620220, Gen Loss Total : 23.741, Mel-Spec. Error : 0.200, s/b : 0.218
Steps : 6620225, Gen Loss Total : 27.180, Mel-Spec. Error : 0.199, s/b : 0.212
Steps : 6620230, Gen Loss Total : 25.914, Mel-Spec. Error : 0.211, s/b : 0.213
Steps : 6620235, Gen Loss Total : 28.073, Mel-Spec. Error : 0.204, s/b : 0.211
Steps : 6620240, Gen Loss Total : 26.939, Mel-Spec. Error : 0.210, s/b : 0.220
Steps : 6620245, Gen Loss Total : 26.969, Mel-Spec. Error : 0.205, s/b : 0.211
Steps : 6620250, Gen Loss Total : 26.290, Mel-Spec. Error : 0.206, s/b : 0.214
Steps : 6620255, Gen Loss Total : 25.666, Mel-Spec. Error : 0.206, s/b : 0.212
Steps : 6620260, Gen Loss Total : 26.341, Mel-Spec. Error : 0.200, s/b : 0.217
Steps : 6620265, Gen Loss Total : 27.914, Mel-Spec. Error : 0.203, s/b : 0.211
Steps : 6620270, Gen Loss Total : 25.091, Mel-Spec. Error : 0.204, s/b : 0.215
Steps : 6620275, Gen Loss Total : 27.345, Mel-Spec. Error : 0.204, s/b : 0.210
Steps : 6620280, Gen Loss Total : 24.550, Mel-Spec. Error : 0.197, s/b : 0.218
Steps : 6620285, Gen Loss Total : 24.474, Mel-Spec. Error : 0.198, s/b : 0.209
Steps : 6620290, Gen Loss Total : 27.139, Mel-Spec. Error : 0.210, s/b : 0.211
Steps : 6620295, Gen Loss Total : 25.642, Mel-Spec. Error : 0.205, s/b : 0.211
Steps : 6620300, Gen Loss Total : 24.679, Mel-Spec. Error : 0.193, s/b : 0.219
Steps : 6620305, Gen Loss Total : 25.420, Mel-Spec. Error : 0.199, s/b : 0.211
Steps : 6620310, Gen Loss Total : 26.498, Mel-Spec. Error : 0.205, s/b : 0.213
Steps : 6620315, Gen Loss Total : 25.864, Mel-Spec. Error : 0.201, s/b : 0.210
Steps : 6620320, Gen Loss Total : 28.887, Mel-Spec. Error : 0.204, s/b : 0.217
Steps : 6620325, Gen Loss Total : 26.904, Mel-Spec. Error : 0.201, s/b : 0.209
Steps : 6620330, Gen Loss Total : 26.456, Mel-Spec. Error : 0.207, s/b : 0.212
Steps : 6620335, Gen Loss Total : 25.883, Mel-Spec. Error : 0.210, s/b : 0.212
Steps : 6620340, Gen Loss Total : 28.127, Mel-Spec. Error : 0.208, s/b : 0.218
Steps : 6620345, Gen Loss Total : 22.115, Mel-Spec. Error : 0.193, s/b : 0.214
Steps : 6620350, Gen Loss Total : 24.754, Mel-Spec. Error : 0.203, s/b : 0.213
Steps : 6620355, Gen Loss Total : 25.454, Mel-Spec. Error : 0.196, s/b : 0.209
Steps : 6620360, Gen Loss Total : 24.219, Mel-Spec. Error : 0.198, s/b : 0.217
Steps : 6620365, Gen Loss Total : 26.374, Mel-Spec. Error : 0.207, s/b : 0.212
Steps : 6620370, Gen Loss Total : 22.883, Mel-Spec. Error : 0.200, s/b : 0.213
Steps : 6620375, Gen Loss Total : 27.340, Mel-Spec. Error : 0.204, s/b : 0.212
Steps : 6620380, Gen Loss Total : 26.751, Mel-Spec. Error : 0.202, s/b : 0.214
Steps : 6620385, Gen Loss Total : 24.351, Mel-Spec. Error : 0.202, s/b : 0.212
Steps : 6620390, Gen Loss Total : 29.115, Mel-Spec. Error : 0.204, s/b : 0.213
Steps : 6620395, Gen Loss Total : 21.849, Mel-Spec. Error : 0.192, s/b : 0.210
Steps : 6620400, Gen Loss Total : 26.466, Mel-Spec. Error : 0.205, s/b : 0.217
Steps : 6620405, Gen Loss Total : 24.371, Mel-Spec. Error : 0.200, s/b : 0.217
Steps : 6620410, Gen Loss Total : 25.498, Mel-Spec. Error : 0.200, s/b : 0.213
Steps : 6620415, Gen Loss Total : 23.655, Mel-Spec. Error : 0.201, s/b : 0.214
Steps : 6620420, Gen Loss Total : 25.113, Mel-Spec. Error : 0.209, s/b : 0.213
Steps : 6620425, Gen Loss Total : 24.452, Mel-Spec. Error : 0.207, s/b : 0.216
Steps : 6620430, Gen Loss Total : 30.643, Mel-Spec. Error : 0.215, s/b : 0.213
Steps : 6620435, Gen Loss Total : 23.715, Mel-Spec. Error : 0.203, s/b : 0.212
Steps : 6620440, Gen Loss Total : 28.227, Mel-Spec. Error : 0.207, s/b : 0.214
Steps : 6620445, Gen Loss Total : 25.463, Mel-Spec. Error : 0.200, s/b : 0.214
Steps : 6620450, Gen Loss Total : 29.483, Mel-Spec. Error : 0.208, s/b : 0.213
Steps : 6620455, Gen Loss Total : 25.342, Mel-Spec. Error : 0.204, s/b : 0.215
Steps : 6620460, Gen Loss Total : 27.387, Mel-Spec. Error : 0.206, s/b : 0.214
Steps : 6620465, Gen Loss Total : 26.257, Mel-Spec. Error : 0.198, s/b : 0.213
Steps : 6620470, Gen Loss Total : 26.066, Mel-Spec. Error : 0.205, s/b : 0.210
Steps : 6620475, Gen Loss Total : 25.989, Mel-Spec. Error : 0.202, s/b : 0.213
Steps : 6620480, Gen Loss Total : 26.551, Mel-Spec. Error : 0.206, s/b : 0.220
Steps : 6620485, Gen Loss Total : 26.529, Mel-Spec. Error : 0.210, s/b : 0.214
Steps : 6620490, Gen Loss Total : 25.272, Mel-Spec. Error : 0.204, s/b : 0.213
Steps : 6620495, Gen Loss Total : 26.284, Mel-Spec. Error : 0.199, s/b : 0.210
Steps : 6620500, Gen Loss Total : 29.085, Mel-Spec. Error : 0.210, s/b : 0.214
Steps : 6620505, Gen Loss Total : 26.919, Mel-Spec. Error : 0.211, s/b : 0.212
Steps : 6620510, Gen Loss Total : 25.134, Mel-Spec. Error : 0.197, s/b : 0.211
Steps : 6620515, Gen Loss Total : 26.446, Mel-Spec. Error : 0.204, s/b : 0.211
Steps : 6620520, Gen Loss Total : 27.194, Mel-Spec. Error : 0.202, s/b : 0.219
Steps : 6620525, Gen Loss Total : 24.998, Mel-Spec. Error : 0.199, s/b : 0.210
Steps : 6620530, Gen Loss Total : 22.904, Mel-Spec. Error : 0.189, s/b : 0.215
Steps : 6620535, Gen Loss Total : 23.077, Mel-Spec. Error : 0.197, s/b : 0.213
Steps : 6620540, Gen Loss Total : 27.187, Mel-Spec. Error : 0.207, s/b : 0.216
Steps : 6620545, Gen Loss Total : 26.443, Mel-Spec. Error : 0.208, s/b : 0.209
Steps : 6620550, Gen Loss Total : 27.044, Mel-Spec. Error : 0.213, s/b : 0.214
Steps : 6620555, Gen Loss Total : 23.780, Mel-Spec. Error : 0.197, s/b : 0.211
Steps : 6620560, Gen Loss Total : 25.964, Mel-Spec. Error : 0.205, s/b : 0.216
Steps : 6620565, Gen Loss Total : 26.077, Mel-Spec. Error : 0.197, s/b : 0.213
Steps : 6620570, Gen Loss Total : 25.096, Mel-Spec. Error : 0.203, s/b : 0.209
Steps : 6620575, Gen Loss Total : 24.092, Mel-Spec. Error : 0.193, s/b : 0.210
Steps : 6620580, Gen Loss Total : 27.640, Mel-Spec. Error : 0.207, s/b : 0.215
Steps : 6620585, Gen Loss Total : 25.493, Mel-Spec. Error : 0.202, s/b : 0.209
Steps : 6620590, Gen Loss Total : 25.431, Mel-Spec. Error : 0.206, s/b : 0.215
Steps : 6620595, Gen Loss Total : 25.794, Mel-Spec. Error : 0.199, s/b : 0.213
Steps : 6620600, Gen Loss Total : 26.816, Mel-Spec. Error : 0.205, s/b : 0.216
Steps : 6620605, Gen Loss Total : 24.999, Mel-Spec. Error : 0.199, s/b : 0.212
Steps : 6620610, Gen Loss Total : 26.157, Mel-Spec. Error : 0.199, s/b : 0.212
Steps : 6620615, Gen Loss Total : 24.632, Mel-Spec. Error : 0.203, s/b : 0.212
Steps : 6620620, Gen Loss Total : 23.884, Mel-Spec. Error : 0.207, s/b : 0.216
Steps : 6620625, Gen Loss Total : 27.819, Mel-Spec. Error : 0.212, s/b : 0.216
Steps : 6620630, Gen Loss Total : 26.723, Mel-Spec. Error : 0.191, s/b : 0.217
Steps : 6620635, Gen Loss Total : 26.411, Mel-Spec. Error : 0.206, s/b : 0.214
Steps : 6620640, Gen Loss Total : 26.719, Mel-Spec. Error : 0.204, s/b : 0.214
Steps : 6620645, Gen Loss Total : 24.420, Mel-Spec. Error : 0.203, s/b : 0.217
Steps : 6620650, Gen Loss Total : 26.626, Mel-Spec. Error : 0.199, s/b : 0.215
Steps : 6620655, Gen Loss Total : 26.345, Mel-Spec. Error : 0.205, s/b : 0.214
Steps : 6620660, Gen Loss Total : 24.934, Mel-Spec. Error : 0.206, s/b : 0.217
Steps : 6620665, Gen Loss Total : 28.858, Mel-Spec. Error : 0.216, s/b : 0.211
Steps : 6620670, Gen Loss Total : 24.669, Mel-Spec. Error : 0.193, s/b : 0.217
Steps : 6620675, Gen Loss Total : 26.333, Mel-Spec. Error : 0.207, s/b : 0.216
Steps : 6620680, Gen Loss Total : 25.483, Mel-Spec. Error : 0.207, s/b : 0.215
Steps : 6620685, Gen Loss Total : 28.370, Mel-Spec. Error : 0.205, s/b : 0.215
Steps : 6620690, Gen Loss Total : 23.856, Mel-Spec. Error : 0.199, s/b : 0.216
Steps : 6620695, Gen Loss Total : 26.623, Mel-Spec. Error : 0.209, s/b : 0.209
Time taken for epoch 3698 is 593 sec

Epoch: 3699
Steps : 6620700, Gen Loss Total : 26.777, Mel-Spec. Error : 0.202, s/b : 0.213
Steps : 6620705, Gen Loss Total : 28.030, Mel-Spec. Error : 0.210, s/b : 0.214
Steps : 6620710, Gen Loss Total : 28.843, Mel-Spec. Error : 0.207, s/b : 0.218
Steps : 6620715, Gen Loss Total : 25.043, Mel-Spec. Error : 0.203, s/b : 0.215
Steps : 6620720, Gen Loss Total : 25.165, Mel-Spec. Error : 0.203, s/b : 0.217
Steps : 6620725, Gen Loss Total : 25.595, Mel-Spec. Error : 0.201, s/b : 0.215
Steps : 6620730, Gen Loss Total : 26.162, Mel-Spec. Error : 0.202, s/b : 0.213
Steps : 6620735, Gen Loss Total : 25.984, Mel-Spec. Error : 0.203, s/b : 0.212
Steps : 6620740, Gen Loss Total : 26.003, Mel-Spec. Error : 0.198, s/b : 0.214
Steps : 6620745, Gen Loss Total : 22.811, Mel-Spec. Error : 0.196, s/b : 0.218
Steps : 6620750, Gen Loss Total : 25.885, Mel-Spec. Error : 0.197, s/b : 0.213
Steps : 6620755, Gen Loss Total : 24.260, Mel-Spec. Error : 0.192, s/b : 0.210
Steps : 6620760, Gen Loss Total : 26.169, Mel-Spec. Error : 0.208, s/b : 0.214
Steps : 6620765, Gen Loss Total : 26.731, Mel-Spec. Error : 0.204, s/b : 0.218
Steps : 6620770, Gen Loss Total : 28.627, Mel-Spec. Error : 0.203, s/b : 0.212
Steps : 6620775, Gen Loss Total : 26.851, Mel-Spec. Error : 0.201, s/b : 0.212
Steps : 6620780, Gen Loss Total : 23.942, Mel-Spec. Error : 0.199, s/b : 0.214
Steps : 6620785, Gen Loss Total : 24.952, Mel-Spec. Error : 0.200, s/b : 0.213
Steps : 6620790, Gen Loss Total : 28.575, Mel-Spec. Error : 0.203, s/b : 0.216
Steps : 6620795, Gen Loss Total : 28.466, Mel-Spec. Error : 0.208, s/b : 0.213
Steps : 6620800, Gen Loss Total : 24.335, Mel-Spec. Error : 0.201, s/b : 0.214
Steps : 6620805, Gen Loss Total : 26.102, Mel-Spec. Error : 0.198, s/b : 0.216
Steps : 6620810, Gen Loss Total : 26.396, Mel-Spec. Error : 0.199, s/b : 0.215
Steps : 6620815, Gen Loss Total : 21.775, Mel-Spec. Error : 0.188, s/b : 0.214
Steps : 6620820, Gen Loss Total : 26.134, Mel-Spec. Error : 0.196, s/b : 0.215
Steps : 6620825, Gen Loss Total : 25.778, Mel-Spec. Error : 0.208, s/b : 0.214
Steps : 6620830, Gen Loss Total : 26.818, Mel-Spec. Error : 0.203, s/b : 0.213
Steps : 6620835, Gen Loss Total : 28.444, Mel-Spec. Error : 0.213, s/b : 0.212
Steps : 6620840, Gen Loss Total : 29.443, Mel-Spec. Error : 0.210, s/b : 0.214
Steps : 6620845, Gen Loss Total : 25.418, Mel-Spec. Error : 0.202, s/b : 0.217
Steps : 6620850, Gen Loss Total : 22.290, Mel-Spec. Error : 0.197, s/b : 0.212
Steps : 6620855, Gen Loss Total : 23.816, Mel-Spec. Error : 0.191, s/b : 0.212
Steps : 6620860, Gen Loss Total : 25.672, Mel-Spec. Error : 0.205, s/b : 0.212
Steps : 6620865, Gen Loss Total : 25.247, Mel-Spec. Error : 0.197, s/b : 0.214
Steps : 6620870, Gen Loss Total : 26.435, Mel-Spec. Error : 0.201, s/b : 0.211
Steps : 6620875, Gen Loss Total : 26.239, Mel-Spec. Error : 0.195, s/b : 0.212
Steps : 6620880, Gen Loss Total : 25.559, Mel-Spec. Error : 0.206, s/b : 0.215
Steps : 6620885, Gen Loss Total : 24.612, Mel-Spec. Error : 0.198, s/b : 0.217
Steps : 6620890, Gen Loss Total : 27.010, Mel-Spec. Error : 0.210, s/b : 0.213
Steps : 6620895, Gen Loss Total : 24.194, Mel-Spec. Error : 0.204, s/b : 0.214
Steps : 6620900, Gen Loss Total : 24.292, Mel-Spec. Error : 0.201, s/b : 0.217
Steps : 6620905, Gen Loss Total : 24.175, Mel-Spec. Error : 0.201, s/b : 0.216
Steps : 6620910, Gen Loss Total : 25.384, Mel-Spec. Error : 0.208, s/b : 0.213
Steps : 6620915, Gen Loss Total : 27.730, Mel-Spec. Error : 0.207, s/b : 0.211
Steps : 6620920, Gen Loss Total : 28.030, Mel-Spec. Error : 0.208, s/b : 0.217
Steps : 6620925, Gen Loss Total : 26.078, Mel-Spec. Error : 0.204, s/b : 0.216
Steps : 6620930, Gen Loss Total : 24.149, Mel-Spec. Error : 0.202, s/b : 0.210
Steps : 6620935, Gen Loss Total : 23.550, Mel-Spec. Error : 0.204, s/b : 0.212
Steps : 6620940, Gen Loss Total : 27.715, Mel-Spec. Error : 0.205, s/b : 0.211
Steps : 6620945, Gen Loss Total : 26.119, Mel-Spec. Error : 0.203, s/b : 0.219
Steps : 6620950, Gen Loss Total : 26.200, Mel-Spec. Error : 0.205, s/b : 0.211
Steps : 6620955, Gen Loss Total : 24.826, Mel-Spec. Error : 0.200, s/b : 0.213
Steps : 6620960, Gen Loss Total : 24.084, Mel-Spec. Error : 0.205, s/b : 0.213
Steps : 6620965, Gen Loss Total : 25.456, Mel-Spec. Error : 0.203, s/b : 0.216
Steps : 6620970, Gen Loss Total : 25.245, Mel-Spec. Error : 0.210, s/b : 0.214
Steps : 6620975, Gen Loss Total : 25.901, Mel-Spec. Error : 0.202, s/b : 0.215
Steps : 6620980, Gen Loss Total : 27.031, Mel-Spec. Error : 0.211, s/b : 0.216
Steps : 6620985, Gen Loss Total : 26.273, Mel-Spec. Error : 0.207, s/b : 0.217
Steps : 6620990, Gen Loss Total : 25.404, Mel-Spec. Error : 0.198, s/b : 0.214
Steps : 6620995, Gen Loss Total : 28.212, Mel-Spec. Error : 0.202, s/b : 0.212
Steps : 6621000, Gen Loss Total : 25.863, Mel-Spec. Error : 0.200, s/b : 0.220
Steps : 6621005, Gen Loss Total : 27.210, Mel-Spec. Error : 0.199, s/b : 0.210
Steps : 6621010, Gen Loss Total : 25.123, Mel-Spec. Error : 0.198, s/b : 0.218
Steps : 6621015, Gen Loss Total : 25.394, Mel-Spec. Error : 0.194, s/b : 0.215
Steps : 6621020, Gen Loss Total : 25.925, Mel-Spec. Error : 0.198, s/b : 0.215
Steps : 6621025, Gen Loss Total : 23.498, Mel-Spec. Error : 0.199, s/b : 0.217
Steps : 6621030, Gen Loss Total : 25.639, Mel-Spec. Error : 0.193, s/b : 0.214
Steps : 6621035, Gen Loss Total : 25.075, Mel-Spec. Error : 0.197, s/b : 0.214
Steps : 6621040, Gen Loss Total : 26.106, Mel-Spec. Error : 0.201, s/b : 0.214
Steps : 6621045, Gen Loss Total : 24.433, Mel-Spec. Error : 0.201, s/b : 0.212
Steps : 6621050, Gen Loss Total : 28.296, Mel-Spec. Error : 0.196, s/b : 0.214
Steps : 6621055, Gen Loss Total : 28.832, Mel-Spec. Error : 0.205, s/b : 0.213
Steps : 6621060, Gen Loss Total : 26.875, Mel-Spec. Error : 0.206, s/b : 0.211
Steps : 6621065, Gen Loss Total : 25.458, Mel-Spec. Error : 0.199, s/b : 0.214
Steps : 6621070, Gen Loss Total : 25.467, Mel-Spec. Error : 0.199, s/b : 0.213
Steps : 6621075, Gen Loss Total : 25.269, Mel-Spec. Error : 0.197, s/b : 0.214
Steps : 6621080, Gen Loss Total : 26.478, Mel-Spec. Error : 0.200, s/b : 0.213
Steps : 6621085, Gen Loss Total : 25.507, Mel-Spec. Error : 0.201, s/b : 0.212
Steps : 6621090, Gen Loss Total : 27.995, Mel-Spec. Error : 0.208, s/b : 0.215
Steps : 6621095, Gen Loss Total : 25.598, Mel-Spec. Error : 0.198, s/b : 0.215
Steps : 6621100, Gen Loss Total : 28.080, Mel-Spec. Error : 0.206, s/b : 0.212
Steps : 6621105, Gen Loss Total : 26.790, Mel-Spec. Error : 0.207, s/b : 0.211
Steps : 6621110, Gen Loss Total : 25.038, Mel-Spec. Error : 0.199, s/b : 0.216
Steps : 6621115, Gen Loss Total : 25.447, Mel-Spec. Error : 0.198, s/b : 0.213
Steps : 6621120, Gen Loss Total : 27.955, Mel-Spec. Error : 0.206, s/b : 0.213
Steps : 6621125, Gen Loss Total : 24.296, Mel-Spec. Error : 0.203, s/b : 0.213
Steps : 6621130, Gen Loss Total : 27.026, Mel-Spec. Error : 0.206, s/b : 0.210
Steps : 6621135, Gen Loss Total : 24.990, Mel-Spec. Error : 0.201, s/b : 0.211
Steps : 6621140, Gen Loss Total : 25.361, Mel-Spec. Error : 0.208, s/b : 0.215
Steps : 6621145, Gen Loss Total : 24.048, Mel-Spec. Error : 0.201, s/b : 0.217
Steps : 6621150, Gen Loss Total : 26.366, Mel-Spec. Error : 0.200, s/b : 0.212
Steps : 6621155, Gen Loss Total : 27.452, Mel-Spec. Error : 0.207, s/b : 0.213
Steps : 6621160, Gen Loss Total : 24.827, Mel-Spec. Error : 0.206, s/b : 0.212
Steps : 6621165, Gen Loss Total : 28.021, Mel-Spec. Error : 0.199, s/b : 0.211
Steps : 6621170, Gen Loss Total : 28.256, Mel-Spec. Error : 0.203, s/b : 0.212
Steps : 6621175, Gen Loss Total : 28.123, Mel-Spec. Error : 0.208, s/b : 0.212
Steps : 6621180, Gen Loss Total : 26.782, Mel-Spec. Error : 0.210, s/b : 0.215
Steps : 6621185, Gen Loss Total : 24.577, Mel-Spec. Error : 0.199, s/b : 0.214
Steps : 6621190, Gen Loss Total : 26.266, Mel-Spec. Error : 0.204, s/b : 0.217
Steps : 6621195, Gen Loss Total : 25.667, Mel-Spec. Error : 0.204, s/b : 0.216
Steps : 6621200, Gen Loss Total : 24.135, Mel-Spec. Error : 0.199, s/b : 0.216
Steps : 6621205, Gen Loss Total : 27.844, Mel-Spec. Error : 0.212, s/b : 0.214
Steps : 6621210, Gen Loss Total : 27.183, Mel-Spec. Error : 0.202, s/b : 0.216
Steps : 6621215, Gen Loss Total : 28.208, Mel-Spec. Error : 0.211, s/b : 0.212
Steps : 6621220, Gen Loss Total : 28.143, Mel-Spec. Error : 0.203, s/b : 0.210
Steps : 6621225, Gen Loss Total : 27.914, Mel-Spec. Error : 0.206, s/b : 0.214
Steps : 6621230, Gen Loss Total : 27.636, Mel-Spec. Error : 0.216, s/b : 0.217
Steps : 6621235, Gen Loss Total : 27.370, Mel-Spec. Error : 0.198, s/b : 0.216
Steps : 6621240, Gen Loss Total : 25.078, Mel-Spec. Error : 0.205, s/b : 0.215
Steps : 6621245, Gen Loss Total : 26.111, Mel-Spec. Error : 0.206, s/b : 0.217
Steps : 6621250, Gen Loss Total : 28.905, Mel-Spec. Error : 0.199, s/b : 0.212
Steps : 6621255, Gen Loss Total : 26.271, Mel-Spec. Error : 0.202, s/b : 0.212
Steps : 6621260, Gen Loss Total : 27.794, Mel-Spec. Error : 0.206, s/b : 0.214
Steps : 6621265, Gen Loss Total : 25.322, Mel-Spec. Error : 0.201, s/b : 0.216
Steps : 6621270, Gen Loss Total : 26.527, Mel-Spec. Error : 0.203, s/b : 0.212
Steps : 6621275, Gen Loss Total : 27.686, Mel-Spec. Error : 0.209, s/b : 0.213
Steps : 6621280, Gen Loss Total : 27.710, Mel-Spec. Error : 0.199, s/b : 0.215
Steps : 6621285, Gen Loss Total : 25.237, Mel-Spec. Error : 0.198, s/b : 0.215
Steps : 6621290, Gen Loss Total : 25.742, Mel-Spec. Error : 0.202, s/b : 0.211
Steps : 6621295, Gen Loss Total : 27.693, Mel-Spec. Error : 0.203, s/b : 0.213
Steps : 6621300, Gen Loss Total : 23.453, Mel-Spec. Error : 0.189, s/b : 0.216
Steps : 6621305, Gen Loss Total : 25.045, Mel-Spec. Error : 0.204, s/b : 0.216
Steps : 6621310, Gen Loss Total : 27.378, Mel-Spec. Error : 0.210, s/b : 0.217
Steps : 6621315, Gen Loss Total : 28.638, Mel-Spec. Error : 0.199, s/b : 0.213
Steps : 6621320, Gen Loss Total : 26.716, Mel-Spec. Error : 0.207, s/b : 0.217
Steps : 6621325, Gen Loss Total : 24.697, Mel-Spec. Error : 0.204, s/b : 0.214
Steps : 6621330, Gen Loss Total : 26.181, Mel-Spec. Error : 0.204, s/b : 0.217
Steps : 6621335, Gen Loss Total : 26.700, Mel-Spec. Error : 0.215, s/b : 0.214
Steps : 6621340, Gen Loss Total : 24.938, Mel-Spec. Error : 0.194, s/b : 0.218
Steps : 6621345, Gen Loss Total : 26.160, Mel-Spec. Error : 0.193, s/b : 0.212
Steps : 6621350, Gen Loss Total : 27.087, Mel-Spec. Error : 0.207, s/b : 0.215
Steps : 6621355, Gen Loss Total : 25.889, Mel-Spec. Error : 0.202, s/b : 0.216
Steps : 6621360, Gen Loss Total : 26.631, Mel-Spec. Error : 0.203, s/b : 0.214
Steps : 6621365, Gen Loss Total : 24.142, Mel-Spec. Error : 0.201, s/b : 0.218
Steps : 6621370, Gen Loss Total : 26.036, Mel-Spec. Error : 0.199, s/b : 0.218
Steps : 6621375, Gen Loss Total : 25.675, Mel-Spec. Error : 0.204, s/b : 0.213
Steps : 6621380, Gen Loss Total : 23.816, Mel-Spec. Error : 0.195, s/b : 0.213
Steps : 6621385, Gen Loss Total : 26.612, Mel-Spec. Error : 0.203, s/b : 0.212
Steps : 6621390, Gen Loss Total : 25.362, Mel-Spec. Error : 0.192, s/b : 0.216
Steps : 6621395, Gen Loss Total : 26.463, Mel-Spec. Error : 0.210, s/b : 0.214
Steps : 6621400, Gen Loss Total : 26.130, Mel-Spec. Error : 0.201, s/b : 0.214
Steps : 6621405, Gen Loss Total : 26.537, Mel-Spec. Error : 0.204, s/b : 0.214
Steps : 6621410, Gen Loss Total : 26.906, Mel-Spec. Error : 0.206, s/b : 0.213
Steps : 6621415, Gen Loss Total : 25.235, Mel-Spec. Error : 0.203, s/b : 0.213
Steps : 6621420, Gen Loss Total : 25.016, Mel-Spec. Error : 0.198, s/b : 0.214
Steps : 6621425, Gen Loss Total : 26.069, Mel-Spec. Error : 0.202, s/b : 0.216
Steps : 6621430, Gen Loss Total : 24.295, Mel-Spec. Error : 0.199, s/b : 0.215
Steps : 6621435, Gen Loss Total : 29.366, Mel-Spec. Error : 0.209, s/b : 0.217
Steps : 6621440, Gen Loss Total : 28.994, Mel-Spec. Error : 0.207, s/b : 0.214
Steps : 6621445, Gen Loss Total : 26.917, Mel-Spec. Error : 0.199, s/b : 0.212
Steps : 6621450, Gen Loss Total : 28.087, Mel-Spec. Error : 0.201, s/b : 0.214
Steps : 6621455, Gen Loss Total : 24.235, Mel-Spec. Error : 0.203, s/b : 0.217
Steps : 6621460, Gen Loss Total : 27.653, Mel-Spec. Error : 0.205, s/b : 0.215
Steps : 6621465, Gen Loss Total : 27.158, Mel-Spec. Error : 0.210, s/b : 0.215
Steps : 6621470, Gen Loss Total : 26.413, Mel-Spec. Error : 0.194, s/b : 0.213
Steps : 6621475, Gen Loss Total : 24.979, Mel-Spec. Error : 0.198, s/b : 0.214
Steps : 6621480, Gen Loss Total : 25.021, Mel-Spec. Error : 0.199, s/b : 0.214
Steps : 6621485, Gen Loss Total : 26.051, Mel-Spec. Error : 0.210, s/b : 0.210
Steps : 6621490, Gen Loss Total : 24.339, Mel-Spec. Error : 0.200, s/b : 0.217
Steps : 6621495, Gen Loss Total : 23.294, Mel-Spec. Error : 0.196, s/b : 0.214
Steps : 6621500, Gen Loss Total : 27.822, Mel-Spec. Error : 0.214, s/b : 0.213
Steps : 6621505, Gen Loss Total : 27.234, Mel-Spec. Error : 0.209, s/b : 0.214
Steps : 6621510, Gen Loss Total : 24.477, Mel-Spec. Error : 0.203, s/b : 0.216
Steps : 6621515, Gen Loss Total : 29.769, Mel-Spec. Error : 0.208, s/b : 0.213
Steps : 6621520, Gen Loss Total : 26.657, Mel-Spec. Error : 0.208, s/b : 0.213
Steps : 6621525, Gen Loss Total : 23.225, Mel-Spec. Error : 0.197, s/b : 0.216
Steps : 6621530, Gen Loss Total : 26.448, Mel-Spec. Error : 0.205, s/b : 0.214
Steps : 6621535, Gen Loss Total : 24.667, Mel-Spec. Error : 0.199, s/b : 0.217
Steps : 6621540, Gen Loss Total : 26.486, Mel-Spec. Error : 0.200, s/b : 0.212
Steps : 6621545, Gen Loss Total : 24.341, Mel-Spec. Error : 0.194, s/b : 0.216
Steps : 6621550, Gen Loss Total : 26.608, Mel-Spec. Error : 0.208, s/b : 0.213
Steps : 6621555, Gen Loss Total : 25.956, Mel-Spec. Error : 0.200, s/b : 0.212
Steps : 6621560, Gen Loss Total : 26.841, Mel-Spec. Error : 0.208, s/b : 0.213
Steps : 6621565, Gen Loss Total : 28.090, Mel-Spec. Error : 0.211, s/b : 0.214
Steps : 6621570, Gen Loss Total : 23.509, Mel-Spec. Error : 0.193, s/b : 0.214
Steps : 6621575, Gen Loss Total : 26.101, Mel-Spec. Error : 0.207, s/b : 0.214
Steps : 6621580, Gen Loss Total : 25.973, Mel-Spec. Error : 0.200, s/b : 0.214
Steps : 6621585, Gen Loss Total : 21.990, Mel-Spec. Error : 0.196, s/b : 0.220
Steps : 6621590, Gen Loss Total : 26.936, Mel-Spec. Error : 0.200, s/b : 0.212
Steps : 6621595, Gen Loss Total : 26.455, Mel-Spec. Error : 0.214, s/b : 0.217
Steps : 6621600, Gen Loss Total : 25.297, Mel-Spec. Error : 0.201, s/b : 0.215
Steps : 6621605, Gen Loss Total : 24.718, Mel-Spec. Error : 0.205, s/b : 0.210
Steps : 6621610, Gen Loss Total : 27.515, Mel-Spec. Error : 0.208, s/b : 0.218
Steps : 6621615, Gen Loss Total : 26.021, Mel-Spec. Error : 0.203, s/b : 0.213
Steps : 6621620, Gen Loss Total : 26.611, Mel-Spec. Error : 0.202, s/b : 0.213
Steps : 6621625, Gen Loss Total : 23.921, Mel-Spec. Error : 0.200, s/b : 0.209
Steps : 6621630, Gen Loss Total : 28.509, Mel-Spec. Error : 0.216, s/b : 0.216
Steps : 6621635, Gen Loss Total : 29.358, Mel-Spec. Error : 0.216, s/b : 0.214
Steps : 6621640, Gen Loss Total : 26.675, Mel-Spec. Error : 0.200, s/b : 0.215
Steps : 6621645, Gen Loss Total : 27.548, Mel-Spec. Error : 0.209, s/b : 0.213
Steps : 6621650, Gen Loss Total : 26.766, Mel-Spec. Error : 0.201, s/b : 0.214
Steps : 6621655, Gen Loss Total : 28.037, Mel-Spec. Error : 0.201, s/b : 0.214
Steps : 6621660, Gen Loss Total : 25.508, Mel-Spec. Error : 0.202, s/b : 0.212
Steps : 6621665, Gen Loss Total : 26.332, Mel-Spec. Error : 0.204, s/b : 0.210
Steps : 6621670, Gen Loss Total : 25.450, Mel-Spec. Error : 0.199, s/b : 0.216
Steps : 6621675, Gen Loss Total : 26.715, Mel-Spec. Error : 0.214, s/b : 0.216
Steps : 6621680, Gen Loss Total : 26.201, Mel-Spec. Error : 0.198, s/b : 0.217
Steps : 6621685, Gen Loss Total : 23.600, Mel-Spec. Error : 0.200, s/b : 0.223
Steps : 6621690, Gen Loss Total : 25.986, Mel-Spec. Error : 0.205, s/b : 0.209
Steps : 6621695, Gen Loss Total : 27.049, Mel-Spec. Error : 0.203, s/b : 0.212
Steps : 6621700, Gen Loss Total : 28.017, Mel-Spec. Error : 0.208, s/b : 0.213
Steps : 6621705, Gen Loss Total : 24.735, Mel-Spec. Error : 0.203, s/b : 0.218
Steps : 6621710, Gen Loss Total : 22.847, Mel-Spec. Error : 0.197, s/b : 0.217
Steps : 6621715, Gen Loss Total : 27.957, Mel-Spec. Error : 0.206, s/b : 0.213
Steps : 6621720, Gen Loss Total : 28.832, Mel-Spec. Error : 0.210, s/b : 0.215
Steps : 6621725, Gen Loss Total : 28.912, Mel-Spec. Error : 0.210, s/b : 0.218
Steps : 6621730, Gen Loss Total : 24.351, Mel-Spec. Error : 0.197, s/b : 0.214
Steps : 6621735, Gen Loss Total : 26.151, Mel-Spec. Error : 0.206, s/b : 0.216
Steps : 6621740, Gen Loss Total : 26.161, Mel-Spec. Error : 0.205, s/b : 0.220
Steps : 6621745, Gen Loss Total : 24.940, Mel-Spec. Error : 0.207, s/b : 0.213
Steps : 6621750, Gen Loss Total : 26.614, Mel-Spec. Error : 0.206, s/b : 0.217
Steps : 6621755, Gen Loss Total : 22.697, Mel-Spec. Error : 0.197, s/b : 0.216
Steps : 6621760, Gen Loss Total : 26.547, Mel-Spec. Error : 0.203, s/b : 0.214
Steps : 6621765, Gen Loss Total : 25.572, Mel-Spec. Error : 0.196, s/b : 0.214
Steps : 6621770, Gen Loss Total : 24.687, Mel-Spec. Error : 0.200, s/b : 0.213
Steps : 6621775, Gen Loss Total : 23.546, Mel-Spec. Error : 0.196, s/b : 0.219
Steps : 6621780, Gen Loss Total : 27.173, Mel-Spec. Error : 0.199, s/b : 0.212
Steps : 6621785, Gen Loss Total : 27.551, Mel-Spec. Error : 0.206, s/b : 0.213
Steps : 6621790, Gen Loss Total : 28.883, Mel-Spec. Error : 0.207, s/b : 0.215
Steps : 6621795, Gen Loss Total : 25.184, Mel-Spec. Error : 0.194, s/b : 0.217
Steps : 6621800, Gen Loss Total : 25.566, Mel-Spec. Error : 0.204, s/b : 0.214
Steps : 6621805, Gen Loss Total : 23.478, Mel-Spec. Error : 0.203, s/b : 0.213
Steps : 6621810, Gen Loss Total : 25.089, Mel-Spec. Error : 0.210, s/b : 0.217
Steps : 6621815, Gen Loss Total : 25.958, Mel-Spec. Error : 0.199, s/b : 0.216
Steps : 6621820, Gen Loss Total : 28.708, Mel-Spec. Error : 0.205, s/b : 0.215
Steps : 6621825, Gen Loss Total : 24.311, Mel-Spec. Error : 0.208, s/b : 0.215
Steps : 6621830, Gen Loss Total : 23.693, Mel-Spec. Error : 0.200, s/b : 0.216
Steps : 6621835, Gen Loss Total : 24.727, Mel-Spec. Error : 0.205, s/b : 0.212
Steps : 6621840, Gen Loss Total : 25.745, Mel-Spec. Error : 0.206, s/b : 0.212
Steps : 6621845, Gen Loss Total : 25.935, Mel-Spec. Error : 0.210, s/b : 0.217
Steps : 6621850, Gen Loss Total : 27.345, Mel-Spec. Error : 0.208, s/b : 0.213
Steps : 6621855, Gen Loss Total : 29.691, Mel-Spec. Error : 0.208, s/b : 0.213
Steps : 6621860, Gen Loss Total : 23.530, Mel-Spec. Error : 0.191, s/b : 0.212
Steps : 6621865, Gen Loss Total : 28.131, Mel-Spec. Error : 0.217, s/b : 0.218
Steps : 6621870, Gen Loss Total : 25.207, Mel-Spec. Error : 0.208, s/b : 0.212
Steps : 6621875, Gen Loss Total : 25.881, Mel-Spec. Error : 0.204, s/b : 0.212
Steps : 6621880, Gen Loss Total : 24.317, Mel-Spec. Error : 0.198, s/b : 0.214
Steps : 6621885, Gen Loss Total : 26.492, Mel-Spec. Error : 0.201, s/b : 0.217
Steps : 6621890, Gen Loss Total : 25.847, Mel-Spec. Error : 0.208, s/b : 0.209
Steps : 6621895, Gen Loss Total : 28.218, Mel-Spec. Error : 0.207, s/b : 0.212
Steps : 6621900, Gen Loss Total : 27.780, Mel-Spec. Error : 0.206, s/b : 0.212
Steps : 6621905, Gen Loss Total : 28.736, Mel-Spec. Error : 0.207, s/b : 0.211
Steps : 6621910, Gen Loss Total : 24.698, Mel-Spec. Error : 0.208, s/b : 0.209
Steps : 6621915, Gen Loss Total : 25.134, Mel-Spec. Error : 0.200, s/b : 0.210
Steps : 6621920, Gen Loss Total : 23.951, Mel-Spec. Error : 0.194, s/b : 0.213
Steps : 6621925, Gen Loss Total : 24.836, Mel-Spec. Error : 0.198, s/b : 0.210
Steps : 6621930, Gen Loss Total : 25.809, Mel-Spec. Error : 0.202, s/b : 0.209
Steps : 6621935, Gen Loss Total : 26.180, Mel-Spec. Error : 0.201, s/b : 0.212
Steps : 6621940, Gen Loss Total : 27.961, Mel-Spec. Error : 0.205, s/b : 0.213
Steps : 6621945, Gen Loss Total : 25.594, Mel-Spec. Error : 0.200, s/b : 0.213
Steps : 6621950, Gen Loss Total : 26.461, Mel-Spec. Error : 0.197, s/b : 0.210
Steps : 6621955, Gen Loss Total : 25.565, Mel-Spec. Error : 0.207, s/b : 0.212
Steps : 6621960, Gen Loss Total : 27.126, Mel-Spec. Error : 0.198, s/b : 0.216
Steps : 6621965, Gen Loss Total : 26.109, Mel-Spec. Error : 0.201, s/b : 0.214
Steps : 6621970, Gen Loss Total : 26.399, Mel-Spec. Error : 0.202, s/b : 0.212
Steps : 6621975, Gen Loss Total : 27.111, Mel-Spec. Error : 0.212, s/b : 0.210
Steps : 6621980, Gen Loss Total : 24.930, Mel-Spec. Error : 0.196, s/b : 0.211
Steps : 6621985, Gen Loss Total : 24.668, Mel-Spec. Error : 0.207, s/b : 0.213
Steps : 6621990, Gen Loss Total : 24.021, Mel-Spec. Error : 0.201, s/b : 0.212
Steps : 6621995, Gen Loss Total : 26.566, Mel-Spec. Error : 0.200, s/b : 0.212
Steps : 6622000, Gen Loss Total : 28.241, Mel-Spec. Error : 0.209, s/b : 0.217
Steps : 6622005, Gen Loss Total : 26.533, Mel-Spec. Error : 0.211, s/b : 0.217
Steps : 6622010, Gen Loss Total : 22.200, Mel-Spec. Error : 0.191, s/b : 0.213
Steps : 6622015, Gen Loss Total : 25.934, Mel-Spec. Error : 0.204, s/b : 0.211
Steps : 6622020, Gen Loss Total : 25.763, Mel-Spec. Error : 0.202, s/b : 0.214
Steps : 6622025, Gen Loss Total : 25.675, Mel-Spec. Error : 0.203, s/b : 0.218
Steps : 6622030, Gen Loss Total : 27.042, Mel-Spec. Error : 0.200, s/b : 0.214
Steps : 6622035, Gen Loss Total : 27.263, Mel-Spec. Error : 0.208, s/b : 0.212
Steps : 6622040, Gen Loss Total : 29.215, Mel-Spec. Error : 0.209, s/b : 0.212
Steps : 6622045, Gen Loss Total : 24.171, Mel-Spec. Error : 0.196, s/b : 0.216
Steps : 6622050, Gen Loss Total : 25.464, Mel-Spec. Error : 0.206, s/b : 0.217
Steps : 6622055, Gen Loss Total : 26.444, Mel-Spec. Error : 0.215, s/b : 0.215
Steps : 6622060, Gen Loss Total : 27.516, Mel-Spec. Error : 0.207, s/b : 0.218
Steps : 6622065, Gen Loss Total : 21.776, Mel-Spec. Error : 0.182, s/b : 0.216
Steps : 6622070, Gen Loss Total : 26.436, Mel-Spec. Error : 0.210, s/b : 0.215
Steps : 6622075, Gen Loss Total : 28.273, Mel-Spec. Error : 0.206, s/b : 0.214
Steps : 6622080, Gen Loss Total : 25.150, Mel-Spec. Error : 0.203, s/b : 0.214
Steps : 6622085, Gen Loss Total : 26.465, Mel-Spec. Error : 0.197, s/b : 0.211
Steps : 6622090, Gen Loss Total : 29.222, Mel-Spec. Error : 0.202, s/b : 0.216
Steps : 6622095, Gen Loss Total : 25.283, Mel-Spec. Error : 0.201, s/b : 0.214
Steps : 6622100, Gen Loss Total : 25.525, Mel-Spec. Error : 0.200, s/b : 0.213
Steps : 6622105, Gen Loss Total : 25.814, Mel-Spec. Error : 0.205, s/b : 0.212
Steps : 6622110, Gen Loss Total : 24.792, Mel-Spec. Error : 0.197, s/b : 0.211
Steps : 6622115, Gen Loss Total : 26.095, Mel-Spec. Error : 0.196, s/b : 0.209
Steps : 6622120, Gen Loss Total : 23.670, Mel-Spec. Error : 0.193, s/b : 0.215
Steps : 6622125, Gen Loss Total : 27.518, Mel-Spec. Error : 0.209, s/b : 0.213
Steps : 6622130, Gen Loss Total : 23.902, Mel-Spec. Error : 0.189, s/b : 0.212
Steps : 6622135, Gen Loss Total : 27.536, Mel-Spec. Error : 0.198, s/b : 0.211
Steps : 6622140, Gen Loss Total : 25.474, Mel-Spec. Error : 0.194, s/b : 0.211
Steps : 6622145, Gen Loss Total : 24.571, Mel-Spec. Error : 0.202, s/b : 0.216
Steps : 6622150, Gen Loss Total : 26.930, Mel-Spec. Error : 0.204, s/b : 0.209
Steps : 6622155, Gen Loss Total : 25.131, Mel-Spec. Error : 0.205, s/b : 0.212
Steps : 6622160, Gen Loss Total : 23.734, Mel-Spec. Error : 0.191, s/b : 0.214
Steps : 6622165, Gen Loss Total : 24.703, Mel-Spec. Error : 0.200, s/b : 0.216
Steps : 6622170, Gen Loss Total : 25.795, Mel-Spec. Error : 0.207, s/b : 0.210
Steps : 6622175, Gen Loss Total : 25.079, Mel-Spec. Error : 0.207, s/b : 0.210
Steps : 6622180, Gen Loss Total : 26.461, Mel-Spec. Error : 0.200, s/b : 0.214
Steps : 6622185, Gen Loss Total : 26.713, Mel-Spec. Error : 0.202, s/b : 0.215
Steps : 6622190, Gen Loss Total : 24.043, Mel-Spec. Error : 0.206, s/b : 0.216
Steps : 6622195, Gen Loss Total : 24.424, Mel-Spec. Error : 0.192, s/b : 0.216
Steps : 6622200, Gen Loss Total : 22.744, Mel-Spec. Error : 0.204, s/b : 0.215
Steps : 6622205, Gen Loss Total : 27.229, Mel-Spec. Error : 0.208, s/b : 0.213
Steps : 6622210, Gen Loss Total : 28.967, Mel-Spec. Error : 0.206, s/b : 0.212
Steps : 6622215, Gen Loss Total : 27.190, Mel-Spec. Error : 0.206, s/b : 0.212
Steps : 6622220, Gen Loss Total : 27.064, Mel-Spec. Error : 0.211, s/b : 0.214
Steps : 6622225, Gen Loss Total : 23.768, Mel-Spec. Error : 0.201, s/b : 0.215
Steps : 6622230, Gen Loss Total : 27.619, Mel-Spec. Error : 0.201, s/b : 0.211
Steps : 6622235, Gen Loss Total : 25.767, Mel-Spec. Error : 0.197, s/b : 0.214
Steps : 6622240, Gen Loss Total : 26.068, Mel-Spec. Error : 0.211, s/b : 0.218
Steps : 6622245, Gen Loss Total : 26.942, Mel-Spec. Error : 0.207, s/b : 0.215
Steps : 6622250, Gen Loss Total : 24.482, Mel-Spec. Error : 0.198, s/b : 0.212
Steps : 6622255, Gen Loss Total : 24.519, Mel-Spec. Error : 0.199, s/b : 0.214
Steps : 6622260, Gen Loss Total : 24.728, Mel-Spec. Error : 0.203, s/b : 0.217
Steps : 6622265, Gen Loss Total : 27.613, Mel-Spec. Error : 0.201, s/b : 0.213
Steps : 6622270, Gen Loss Total : 23.698, Mel-Spec. Error : 0.204, s/b : 0.219
Steps : 6622275, Gen Loss Total : 24.806, Mel-Spec. Error : 0.202, s/b : 0.218
Steps : 6622280, Gen Loss Total : 28.149, Mel-Spec. Error : 0.205, s/b : 0.215
Steps : 6622285, Gen Loss Total : 27.203, Mel-Spec. Error : 0.198, s/b : 0.214
Steps : 6622290, Gen Loss Total : 23.495, Mel-Spec. Error : 0.195, s/b : 0.216
Steps : 6622295, Gen Loss Total : 24.538, Mel-Spec. Error : 0.192, s/b : 0.215
Steps : 6622300, Gen Loss Total : 25.642, Mel-Spec. Error : 0.209, s/b : 0.214
Steps : 6622305, Gen Loss Total : 26.758, Mel-Spec. Error : 0.206, s/b : 0.212
Steps : 6622310, Gen Loss Total : 27.487, Mel-Spec. Error : 0.201, s/b : 0.211
Steps : 6622315, Gen Loss Total : 30.450, Mel-Spec. Error : 0.199, s/b : 0.215
Steps : 6622320, Gen Loss Total : 26.259, Mel-Spec. Error : 0.204, s/b : 0.212
Steps : 6622325, Gen Loss Total : 24.481, Mel-Spec. Error : 0.205, s/b : 0.213
Steps : 6622330, Gen Loss Total : 26.308, Mel-Spec. Error : 0.210, s/b : 0.216
Steps : 6622335, Gen Loss Total : 28.216, Mel-Spec. Error : 0.210, s/b : 0.211
Steps : 6622340, Gen Loss Total : 26.317, Mel-Spec. Error : 0.196, s/b : 0.209
Steps : 6622345, Gen Loss Total : 25.981, Mel-Spec. Error : 0.201, s/b : 0.215
Steps : 6622350, Gen Loss Total : 27.711, Mel-Spec. Error : 0.203, s/b : 0.218
Steps : 6622355, Gen Loss Total : 23.465, Mel-Spec. Error : 0.197, s/b : 0.217
Steps : 6622360, Gen Loss Total : 25.811, Mel-Spec. Error : 0.202, s/b : 0.211
Steps : 6622365, Gen Loss Total : 24.813, Mel-Spec. Error : 0.194, s/b : 0.213
Steps : 6622370, Gen Loss Total : 22.851, Mel-Spec. Error : 0.190, s/b : 0.217
Steps : 6622375, Gen Loss Total : 26.497, Mel-Spec. Error : 0.208, s/b : 0.217
Steps : 6622380, Gen Loss Total : 25.330, Mel-Spec. Error : 0.196, s/b : 0.219
Steps : 6622385, Gen Loss Total : 30.535, Mel-Spec. Error : 0.216, s/b : 0.218
Steps : 6622390, Gen Loss Total : 24.582, Mel-Spec. Error : 0.201, s/b : 0.216
Steps : 6622395, Gen Loss Total : 24.463, Mel-Spec. Error : 0.204, s/b : 0.212
Steps : 6622400, Gen Loss Total : 26.579, Mel-Spec. Error : 0.203, s/b : 0.215
Steps : 6622405, Gen Loss Total : 25.429, Mel-Spec. Error : 0.203, s/b : 0.219
Steps : 6622410, Gen Loss Total : 23.896, Mel-Spec. Error : 0.202, s/b : 0.219
Steps : 6622415, Gen Loss Total : 27.578, Mel-Spec. Error : 0.206, s/b : 0.216
Steps : 6622420, Gen Loss Total : 26.759, Mel-Spec. Error : 0.210, s/b : 0.219
Steps : 6622425, Gen Loss Total : 25.722, Mel-Spec. Error : 0.201, s/b : 0.212
Steps : 6622430, Gen Loss Total : 23.765, Mel-Spec. Error : 0.198, s/b : 0.212
Steps : 6622435, Gen Loss Total : 27.593, Mel-Spec. Error : 0.209, s/b : 0.213
Steps : 6622440, Gen Loss Total : 24.044, Mel-Spec. Error : 0.198, s/b : 0.213
Steps : 6622445, Gen Loss Total : 25.166, Mel-Spec. Error : 0.196, s/b : 0.217
Steps : 6622450, Gen Loss Total : 23.756, Mel-Spec. Error : 0.202, s/b : 0.214
Steps : 6622455, Gen Loss Total : 24.165, Mel-Spec. Error : 0.196, s/b : 0.213
Steps : 6622460, Gen Loss Total : 24.675, Mel-Spec. Error : 0.193, s/b : 0.212
Steps : 6622465, Gen Loss Total : 26.495, Mel-Spec. Error : 0.205, s/b : 0.215
Steps : 6622470, Gen Loss Total : 23.899, Mel-Spec. Error : 0.201, s/b : 0.213
Steps : 6622475, Gen Loss Total : 27.708, Mel-Spec. Error : 0.201, s/b : 0.209
Steps : 6622480, Gen Loss Total : 27.747, Mel-Spec. Error : 0.210, s/b : 0.209
Time taken for epoch 3699 is 583 sec

Epoch: 3700
Steps : 6622485, Gen Loss Total : 26.982, Mel-Spec. Error : 0.205, s/b : 0.218
Steps : 6622490, Gen Loss Total : 23.866, Mel-Spec. Error : 0.203, s/b : 0.215
Steps : 6622495, Gen Loss Total : 24.078, Mel-Spec. Error : 0.200, s/b : 0.217
Steps : 6622500, Gen Loss Total : 26.243, Mel-Spec. Error : 0.196, s/b : 0.215
Steps : 6622505, Gen Loss Total : 27.887, Mel-Spec. Error : 0.199, s/b : 0.216
Steps : 6622510, Gen Loss Total : 24.928, Mel-Spec. Error : 0.202, s/b : 0.216
Steps : 6622515, Gen Loss Total : 28.070, Mel-Spec. Error : 0.209, s/b : 0.214
Steps : 6622520, Gen Loss Total : 22.482, Mel-Spec. Error : 0.198, s/b : 0.212
Steps : 6622525, Gen Loss Total : 26.224, Mel-Spec. Error : 0.202, s/b : 0.216
Steps : 6622530, Gen Loss Total : 23.159, Mel-Spec. Error : 0.198, s/b : 0.217
Steps : 6622535, Gen Loss Total : 25.299, Mel-Spec. Error : 0.199, s/b : 0.211
Steps : 6622540, Gen Loss Total : 25.744, Mel-Spec. Error : 0.202, s/b : 0.216
Steps : 6622545, Gen Loss Total : 26.311, Mel-Spec. Error : 0.197, s/b : 0.213
Steps : 6622550, Gen Loss Total : 27.347, Mel-Spec. Error : 0.200, s/b : 0.216
Steps : 6622555, Gen Loss Total : 27.110, Mel-Spec. Error : 0.197, s/b : 0.213
Steps : 6622560, Gen Loss Total : 23.999, Mel-Spec. Error : 0.196, s/b : 0.216
Steps : 6622565, Gen Loss Total : 23.571, Mel-Spec. Error : 0.208, s/b : 0.213
Steps : 6622570, Gen Loss Total : 28.314, Mel-Spec. Error : 0.205, s/b : 0.215
Steps : 6622575, Gen Loss Total : 25.896, Mel-Spec. Error : 0.195, s/b : 0.212
Steps : 6622580, Gen Loss Total : 25.740, Mel-Spec. Error : 0.199, s/b : 0.216
Steps : 6622585, Gen Loss Total : 29.410, Mel-Spec. Error : 0.208, s/b : 0.212
Steps : 6622590, Gen Loss Total : 26.774, Mel-Spec. Error : 0.200, s/b : 0.213
Steps : 6622595, Gen Loss Total : 25.349, Mel-Spec. Error : 0.200, s/b : 0.214
Steps : 6622600, Gen Loss Total : 28.675, Mel-Spec. Error : 0.200, s/b : 0.215
Steps : 6622605, Gen Loss Total : 25.236, Mel-Spec. Error : 0.194, s/b : 0.212
Steps : 6622610, Gen Loss Total : 25.312, Mel-Spec. Error : 0.194, s/b : 0.214
Steps : 6622615, Gen Loss Total : 26.638, Mel-Spec. Error : 0.204, s/b : 0.213
Steps : 6622620, Gen Loss Total : 25.215, Mel-Spec. Error : 0.202, s/b : 0.214
Steps : 6622625, Gen Loss Total : 27.212, Mel-Spec. Error : 0.205, s/b : 0.215
Steps : 6622630, Gen Loss Total : 26.141, Mel-Spec. Error : 0.207, s/b : 0.219
Steps : 6622635, Gen Loss Total : 27.479, Mel-Spec. Error : 0.203, s/b : 0.213
Steps : 6622640, Gen Loss Total : 26.363, Mel-Spec. Error : 0.205, s/b : 0.214
Steps : 6622645, Gen Loss Total : 24.532, Mel-Spec. Error : 0.198, s/b : 0.215
Steps : 6622650, Gen Loss Total : 23.243, Mel-Spec. Error : 0.199, s/b : 0.213
Steps : 6622655, Gen Loss Total : 28.427, Mel-Spec. Error : 0.208, s/b : 0.209
Steps : 6622660, Gen Loss Total : 24.998, Mel-Spec. Error : 0.203, s/b : 0.213
Steps : 6622665, Gen Loss Total : 27.194, Mel-Spec. Error : 0.202, s/b : 0.216
Steps : 6622670, Gen Loss Total : 25.370, Mel-Spec. Error : 0.208, s/b : 0.216
Steps : 6622675, Gen Loss Total : 32.429, Mel-Spec. Error : 0.221, s/b : 0.215
Steps : 6622680, Gen Loss Total : 27.152, Mel-Spec. Error : 0.209, s/b : 0.213
Steps : 6622685, Gen Loss Total : 28.880, Mel-Spec. Error : 0.205, s/b : 0.214
Steps : 6622690, Gen Loss Total : 28.268, Mel-Spec. Error : 0.208, s/b : 0.214
Steps : 6622695, Gen Loss Total : 27.792, Mel-Spec. Error : 0.211, s/b : 0.213
Steps : 6622700, Gen Loss Total : 26.131, Mel-Spec. Error : 0.200, s/b : 0.212
Steps : 6622705, Gen Loss Total : 27.000, Mel-Spec. Error : 0.209, s/b : 0.213
Steps : 6622710, Gen Loss Total : 24.550, Mel-Spec. Error : 0.200, s/b : 0.219
Steps : 6622715, Gen Loss Total : 26.163, Mel-Spec. Error : 0.206, s/b : 0.211
Steps : 6622720, Gen Loss Total : 26.088, Mel-Spec. Error : 0.207, s/b : 0.214
Steps : 6622725, Gen Loss Total : 26.593, Mel-Spec. Error : 0.205, s/b : 0.216
Steps : 6622730, Gen Loss Total : 27.870, Mel-Spec. Error : 0.189, s/b : 0.215
Steps : 6622735, Gen Loss Total : 26.796, Mel-Spec. Error : 0.206, s/b : 0.216
Steps : 6622740, Gen Loss Total : 25.822, Mel-Spec. Error : 0.200, s/b : 0.212
Steps : 6622745, Gen Loss Total : 23.987, Mel-Spec. Error : 0.206, s/b : 0.213
Steps : 6622750, Gen Loss Total : 25.115, Mel-Spec. Error : 0.207, s/b : 0.214
Steps : 6622755, Gen Loss Total : 24.059, Mel-Spec. Error : 0.202, s/b : 0.211
Steps : 6622760, Gen Loss Total : 23.206, Mel-Spec. Error : 0.196, s/b : 0.213
Steps : 6622765, Gen Loss Total : 27.331, Mel-Spec. Error : 0.195, s/b : 0.214
Steps : 6622770, Gen Loss Total : 23.926, Mel-Spec. Error : 0.191, s/b : 0.216
Steps : 6622775, Gen Loss Total : 27.094, Mel-Spec. Error : 0.199, s/b : 0.215
Steps : 6622780, Gen Loss Total : 24.638, Mel-Spec. Error : 0.204, s/b : 0.214
Steps : 6622785, Gen Loss Total : 29.012, Mel-Spec. Error : 0.208, s/b : 0.213
Steps : 6622790, Gen Loss Total : 29.955, Mel-Spec. Error : 0.211, s/b : 0.217
Steps : 6622795, Gen Loss Total : 22.721, Mel-Spec. Error : 0.189, s/b : 0.212
Steps : 6622800, Gen Loss Total : 23.858, Mel-Spec. Error : 0.192, s/b : 0.216
Steps : 6622805, Gen Loss Total : 22.818, Mel-Spec. Error : 0.204, s/b : 0.215
Steps : 6622810, Gen Loss Total : 25.756, Mel-Spec. Error : 0.200, s/b : 0.213
Steps : 6622815, Gen Loss Total : 25.089, Mel-Spec. Error : 0.205, s/b : 0.218
Steps : 6622820, Gen Loss Total : 25.970, Mel-Spec. Error : 0.200, s/b : 0.215
Steps : 6622825, Gen Loss Total : 25.132, Mel-Spec. Error : 0.206, s/b : 0.217
Steps : 6622830, Gen Loss Total : 29.463, Mel-Spec. Error : 0.203, s/b : 0.214
Steps : 6622835, Gen Loss Total : 23.112, Mel-Spec. Error : 0.199, s/b : 0.214
Steps : 6622840, Gen Loss Total : 27.915, Mel-Spec. Error : 0.203, s/b : 0.215
Steps : 6622845, Gen Loss Total : 26.059, Mel-Spec. Error : 0.201, s/b : 0.215
Steps : 6622850, Gen Loss Total : 24.721, Mel-Spec. Error : 0.200, s/b : 0.213
Steps : 6622855, Gen Loss Total : 28.397, Mel-Spec. Error : 0.207, s/b : 0.214
Steps : 6622860, Gen Loss Total : 26.393, Mel-Spec. Error : 0.196, s/b : 0.212
Steps : 6622865, Gen Loss Total : 28.494, Mel-Spec. Error : 0.207, s/b : 0.212
Steps : 6622870, Gen Loss Total : 24.096, Mel-Spec. Error : 0.198, s/b : 0.213
Steps : 6622875, Gen Loss Total : 27.409, Mel-Spec. Error : 0.214, s/b : 0.215
Steps : 6622880, Gen Loss Total : 26.059, Mel-Spec. Error : 0.196, s/b : 0.212
Steps : 6622885, Gen Loss Total : 23.229, Mel-Spec. Error : 0.195, s/b : 0.210
Steps : 6622890, Gen Loss Total : 25.496, Mel-Spec. Error : 0.201, s/b : 0.212
Steps : 6622895, Gen Loss Total : 24.166, Mel-Spec. Error : 0.198, s/b : 0.215
Steps : 6622900, Gen Loss Total : 25.438, Mel-Spec. Error : 0.205, s/b : 0.215
Steps : 6622905, Gen Loss Total : 25.904, Mel-Spec. Error : 0.198, s/b : 0.209
Steps : 6622910, Gen Loss Total : 27.692, Mel-Spec. Error : 0.209, s/b : 0.214
Steps : 6622915, Gen Loss Total : 26.384, Mel-Spec. Error : 0.204, s/b : 0.213
Steps : 6622920, Gen Loss Total : 25.421, Mel-Spec. Error : 0.204, s/b : 0.211
Steps : 6622925, Gen Loss Total : 25.185, Mel-Spec. Error : 0.199, s/b : 0.209
Steps : 6622930, Gen Loss Total : 26.169, Mel-Spec. Error : 0.196, s/b : 0.213
Steps : 6622935, Gen Loss Total : 25.724, Mel-Spec. Error : 0.203, s/b : 0.216
Steps : 6622940, Gen Loss Total : 27.551, Mel-Spec. Error : 0.210, s/b : 0.211
Steps : 6622945, Gen Loss Total : 27.146, Mel-Spec. Error : 0.211, s/b : 0.212
Steps : 6622950, Gen Loss Total : 28.523, Mel-Spec. Error : 0.209, s/b : 0.212
Steps : 6622955, Gen Loss Total : 25.883, Mel-Spec. Error : 0.204, s/b : 0.218
Steps : 6622960, Gen Loss Total : 27.975, Mel-Spec. Error : 0.224, s/b : 0.212
Steps : 6622965, Gen Loss Total : 27.835, Mel-Spec. Error : 0.212, s/b : 0.211
Steps : 6622970, Gen Loss Total : 24.626, Mel-Spec. Error : 0.201, s/b : 0.213
Steps : 6622975, Gen Loss Total : 23.436, Mel-Spec. Error : 0.197, s/b : 0.216
Steps : 6622980, Gen Loss Total : 25.252, Mel-Spec. Error : 0.198, s/b : 0.212
Steps : 6622985, Gen Loss Total : 24.953, Mel-Spec. Error : 0.213, s/b : 0.213
Steps : 6622990, Gen Loss Total : 26.280, Mel-Spec. Error : 0.204, s/b : 0.208
Steps : 6622995, Gen Loss Total : 25.420, Mel-Spec. Error : 0.202, s/b : 0.215
Steps : 6623000, Gen Loss Total : 26.088, Mel-Spec. Error : 0.204, s/b : 0.208
Steps : 6623005, Gen Loss Total : 24.830, Mel-Spec. Error : 0.204, s/b : 0.212
Steps : 6623010, Gen Loss Total : 27.839, Mel-Spec. Error : 0.203, s/b : 0.211
Steps : 6623015, Gen Loss Total : 25.933, Mel-Spec. Error : 0.202, s/b : 0.217
Steps : 6623020, Gen Loss Total : 23.184, Mel-Spec. Error : 0.195, s/b : 0.211
Steps : 6623025, Gen Loss Total : 26.560, Mel-Spec. Error : 0.205, s/b : 0.211
Steps : 6623030, Gen Loss Total : 26.698, Mel-Spec. Error : 0.214, s/b : 0.211
Steps : 6623035, Gen Loss Total : 25.851, Mel-Spec. Error : 0.206, s/b : 0.214
Steps : 6623040, Gen Loss Total : 24.890, Mel-Spec. Error : 0.202, s/b : 0.209
Steps : 6623045, Gen Loss Total : 25.873, Mel-Spec. Error : 0.207, s/b : 0.208
Steps : 6623050, Gen Loss Total : 25.588, Mel-Spec. Error : 0.206, s/b : 0.212
Steps : 6623055, Gen Loss Total : 25.416, Mel-Spec. Error : 0.201, s/b : 0.213
Steps : 6623060, Gen Loss Total : 26.695, Mel-Spec. Error : 0.200, s/b : 0.214
Steps : 6623065, Gen Loss Total : 25.128, Mel-Spec. Error : 0.196, s/b : 0.213
Steps : 6623070, Gen Loss Total : 27.533, Mel-Spec. Error : 0.209, s/b : 0.210
Steps : 6623075, Gen Loss Total : 28.649, Mel-Spec. Error : 0.200, s/b : 0.215
Steps : 6623080, Gen Loss Total : 28.176, Mel-Spec. Error : 0.205, s/b : 0.216
Steps : 6623085, Gen Loss Total : 25.468, Mel-Spec. Error : 0.205, s/b : 0.215
Steps : 6623090, Gen Loss Total : 27.864, Mel-Spec. Error : 0.207, s/b : 0.212
Steps : 6623095, Gen Loss Total : 27.183, Mel-Spec. Error : 0.205, s/b : 0.212
Steps : 6623100, Gen Loss Total : 25.033, Mel-Spec. Error : 0.203, s/b : 0.211
Steps : 6623105, Gen Loss Total : 27.177, Mel-Spec. Error : 0.204, s/b : 0.212
Steps : 6623110, Gen Loss Total : 26.267, Mel-Spec. Error : 0.199, s/b : 0.211
Steps : 6623115, Gen Loss Total : 27.410, Mel-Spec. Error : 0.211, s/b : 0.215
Steps : 6623120, Gen Loss Total : 28.184, Mel-Spec. Error : 0.196, s/b : 0.212
Steps : 6623125, Gen Loss Total : 26.914, Mel-Spec. Error : 0.203, s/b : 0.209
Steps : 6623130, Gen Loss Total : 25.147, Mel-Spec. Error : 0.205, s/b : 0.209
Steps : 6623135, Gen Loss Total : 28.873, Mel-Spec. Error : 0.209, s/b : 0.218
Steps : 6623140, Gen Loss Total : 25.988, Mel-Spec. Error : 0.199, s/b : 0.210
Steps : 6623145, Gen Loss Total : 25.718, Mel-Spec. Error : 0.200, s/b : 0.212
Steps : 6623150, Gen Loss Total : 27.148, Mel-Spec. Error : 0.205, s/b : 0.213
Steps : 6623155, Gen Loss Total : 28.572, Mel-Spec. Error : 0.216, s/b : 0.217
Steps : 6623160, Gen Loss Total : 24.960, Mel-Spec. Error : 0.203, s/b : 0.212
Steps : 6623165, Gen Loss Total : 23.583, Mel-Spec. Error : 0.197, s/b : 0.212
Steps : 6623170, Gen Loss Total : 27.726, Mel-Spec. Error : 0.202, s/b : 0.209
Steps : 6623175, Gen Loss Total : 23.328, Mel-Spec. Error : 0.202, s/b : 0.215
Steps : 6623180, Gen Loss Total : 28.613, Mel-Spec. Error : 0.211, s/b : 0.212
Steps : 6623185, Gen Loss Total : 29.362, Mel-Spec. Error : 0.213, s/b : 0.209
Steps : 6623190, Gen Loss Total : 24.750, Mel-Spec. Error : 0.199, s/b : 0.212
Steps : 6623195, Gen Loss Total : 26.356, Mel-Spec. Error : 0.201, s/b : 0.217
Steps : 6623200, Gen Loss Total : 25.975, Mel-Spec. Error : 0.202, s/b : 0.214
Steps : 6623205, Gen Loss Total : 25.786, Mel-Spec. Error : 0.208, s/b : 0.212
Steps : 6623210, Gen Loss Total : 25.306, Mel-Spec. Error : 0.205, s/b : 0.212
Steps : 6623215, Gen Loss Total : 24.014, Mel-Spec. Error : 0.199, s/b : 0.218
Steps : 6623220, Gen Loss Total : 27.057, Mel-Spec. Error : 0.204, s/b : 0.211
Steps : 6623225, Gen Loss Total : 26.631, Mel-Spec. Error : 0.205, s/b : 0.209
Steps : 6623230, Gen Loss Total : 24.349, Mel-Spec. Error : 0.197, s/b : 0.213
Steps : 6623235, Gen Loss Total : 27.067, Mel-Spec. Error : 0.207, s/b : 0.216
Steps : 6623240, Gen Loss Total : 26.812, Mel-Spec. Error : 0.204, s/b : 0.209
Steps : 6623245, Gen Loss Total : 26.732, Mel-Spec. Error : 0.195, s/b : 0.209
Steps : 6623250, Gen Loss Total : 26.031, Mel-Spec. Error : 0.204, s/b : 0.213
Steps : 6623255, Gen Loss Total : 28.952, Mel-Spec. Error : 0.203, s/b : 0.218
Steps : 6623260, Gen Loss Total : 25.267, Mel-Spec. Error : 0.196, s/b : 0.213
Steps : 6623265, Gen Loss Total : 29.043, Mel-Spec. Error : 0.200, s/b : 0.212
Steps : 6623270, Gen Loss Total : 24.331, Mel-Spec. Error : 0.201, s/b : 0.213
Steps : 6623275, Gen Loss Total : 24.142, Mel-Spec. Error : 0.202, s/b : 0.220
Steps : 6623280, Gen Loss Total : 26.294, Mel-Spec. Error : 0.208, s/b : 0.210
Steps : 6623285, Gen Loss Total : 22.164, Mel-Spec. Error : 0.198, s/b : 0.209
Steps : 6623290, Gen Loss Total : 26.546, Mel-Spec. Error : 0.199, s/b : 0.213
Steps : 6623295, Gen Loss Total : 27.281, Mel-Spec. Error : 0.218, s/b : 0.213
Steps : 6623300, Gen Loss Total : 27.437, Mel-Spec. Error : 0.208, s/b : 0.208
Steps : 6623305, Gen Loss Total : 25.784, Mel-Spec. Error : 0.204, s/b : 0.210
Steps : 6623310, Gen Loss Total : 28.257, Mel-Spec. Error : 0.206, s/b : 0.209
Steps : 6623315, Gen Loss Total : 28.611, Mel-Spec. Error : 0.207, s/b : 0.215
Steps : 6623320, Gen Loss Total : 25.355, Mel-Spec. Error : 0.198, s/b : 0.211
Steps : 6623325, Gen Loss Total : 25.276, Mel-Spec. Error : 0.202, s/b : 0.212
Steps : 6623330, Gen Loss Total : 25.135, Mel-Spec. Error : 0.196, s/b : 0.213
Steps : 6623335, Gen Loss Total : 23.596, Mel-Spec. Error : 0.197, s/b : 0.216
Steps : 6623340, Gen Loss Total : 27.161, Mel-Spec. Error : 0.208, s/b : 0.212
Steps : 6623345, Gen Loss Total : 25.735, Mel-Spec. Error : 0.199, s/b : 0.212
Steps : 6623350, Gen Loss Total : 25.783, Mel-Spec. Error : 0.207, s/b : 0.214
Steps : 6623355, Gen Loss Total : 23.153, Mel-Spec. Error : 0.197, s/b : 0.215
Steps : 6623360, Gen Loss Total : 24.233, Mel-Spec. Error : 0.199, s/b : 0.211
Steps : 6623365, Gen Loss Total : 23.289, Mel-Spec. Error : 0.196, s/b : 0.209
Steps : 6623370, Gen Loss Total : 27.730, Mel-Spec. Error : 0.198, s/b : 0.209
Steps : 6623375, Gen Loss Total : 27.805, Mel-Spec. Error : 0.198, s/b : 0.217
Steps : 6623380, Gen Loss Total : 24.280, Mel-Spec. Error : 0.202, s/b : 0.213
Steps : 6623385, Gen Loss Total : 27.085, Mel-Spec. Error : 0.206, s/b : 0.213
Steps : 6623390, Gen Loss Total : 25.924, Mel-Spec. Error : 0.210, s/b : 0.214
Steps : 6623395, Gen Loss Total : 26.531, Mel-Spec. Error : 0.198, s/b : 0.216
Steps : 6623400, Gen Loss Total : 28.364, Mel-Spec. Error : 0.211, s/b : 0.211
Steps : 6623405, Gen Loss Total : 24.646, Mel-Spec. Error : 0.197, s/b : 0.211
Steps : 6623410, Gen Loss Total : 29.709, Mel-Spec. Error : 0.213, s/b : 0.212
Steps : 6623415, Gen Loss Total : 25.753, Mel-Spec. Error : 0.205, s/b : 0.213
Steps : 6623420, Gen Loss Total : 23.222, Mel-Spec. Error : 0.203, s/b : 0.211
Steps : 6623425, Gen Loss Total : 24.910, Mel-Spec. Error : 0.196, s/b : 0.212
Steps : 6623430, Gen Loss Total : 22.898, Mel-Spec. Error : 0.199, s/b : 0.214
Steps : 6623435, Gen Loss Total : 25.844, Mel-Spec. Error : 0.198, s/b : 0.213
Steps : 6623440, Gen Loss Total : 27.809, Mel-Spec. Error : 0.216, s/b : 0.212
Steps : 6623445, Gen Loss Total : 23.333, Mel-Spec. Error : 0.200, s/b : 0.212
Steps : 6623450, Gen Loss Total : 24.257, Mel-Spec. Error : 0.192, s/b : 0.215
Steps : 6623455, Gen Loss Total : 27.916, Mel-Spec. Error : 0.207, s/b : 0.218
Steps : 6623460, Gen Loss Total : 25.066, Mel-Spec. Error : 0.197, s/b : 0.211
Steps : 6623465, Gen Loss Total : 29.010, Mel-Spec. Error : 0.203, s/b : 0.212
Steps : 6623470, Gen Loss Total : 25.522, Mel-Spec. Error : 0.200, s/b : 0.211
Steps : 6623475, Gen Loss Total : 26.320, Mel-Spec. Error : 0.205, s/b : 0.212
Steps : 6623480, Gen Loss Total : 22.896, Mel-Spec. Error : 0.201, s/b : 0.210
Steps : 6623485, Gen Loss Total : 26.547, Mel-Spec. Error : 0.201, s/b : 0.212
Steps : 6623490, Gen Loss Total : 27.258, Mel-Spec. Error : 0.204, s/b : 0.213
Steps : 6623495, Gen Loss Total : 26.770, Mel-Spec. Error : 0.201, s/b : 0.212
Steps : 6623500, Gen Loss Total : 24.757, Mel-Spec. Error : 0.199, s/b : 0.217
Steps : 6623505, Gen Loss Total : 25.103, Mel-Spec. Error : 0.201, s/b : 0.211
Steps : 6623510, Gen Loss Total : 27.922, Mel-Spec. Error : 0.205, s/b : 0.213
Steps : 6623515, Gen Loss Total : 23.809, Mel-Spec. Error : 0.197, s/b : 0.215
Steps : 6623520, Gen Loss Total : 24.179, Mel-Spec. Error : 0.195, s/b : 0.214
Steps : 6623525, Gen Loss Total : 23.558, Mel-Spec. Error : 0.191, s/b : 0.215
Steps : 6623530, Gen Loss Total : 25.639, Mel-Spec. Error : 0.197, s/b : 0.212
Steps : 6623535, Gen Loss Total : 24.775, Mel-Spec. Error : 0.198, s/b : 0.214
Steps : 6623540, Gen Loss Total : 24.612, Mel-Spec. Error : 0.198, s/b : 0.215
Steps : 6623545, Gen Loss Total : 29.013, Mel-Spec. Error : 0.210, s/b : 0.214
Steps : 6623550, Gen Loss Total : 25.041, Mel-Spec. Error : 0.202, s/b : 0.213
Steps : 6623555, Gen Loss Total : 23.517, Mel-Spec. Error : 0.197, s/b : 0.213
Steps : 6623560, Gen Loss Total : 27.071, Mel-Spec. Error : 0.198, s/b : 0.214
Steps : 6623565, Gen Loss Total : 28.532, Mel-Spec. Error : 0.201, s/b : 0.213
Steps : 6623570, Gen Loss Total : 21.078, Mel-Spec. Error : 0.189, s/b : 0.214
Steps : 6623575, Gen Loss Total : 25.552, Mel-Spec. Error : 0.198, s/b : 0.215
Steps : 6623580, Gen Loss Total : 26.301, Mel-Spec. Error : 0.209, s/b : 0.212
Steps : 6623585, Gen Loss Total : 27.177, Mel-Spec. Error : 0.199, s/b : 0.210
Steps : 6623590, Gen Loss Total : 25.660, Mel-Spec. Error : 0.196, s/b : 0.214
Steps : 6623595, Gen Loss Total : 26.313, Mel-Spec. Error : 0.203, s/b : 0.212
Steps : 6623600, Gen Loss Total : 23.640, Mel-Spec. Error : 0.205, s/b : 0.216
Steps : 6623605, Gen Loss Total : 25.275, Mel-Spec. Error : 0.202, s/b : 0.214
Steps : 6623610, Gen Loss Total : 27.911, Mel-Spec. Error : 0.204, s/b : 0.214
Steps : 6623615, Gen Loss Total : 24.871, Mel-Spec. Error : 0.198, s/b : 0.214
Steps : 6623620, Gen Loss Total : 25.132, Mel-Spec. Error : 0.204, s/b : 0.213
Steps : 6623625, Gen Loss Total : 28.058, Mel-Spec. Error : 0.199, s/b : 0.211
Steps : 6623630, Gen Loss Total : 27.889, Mel-Spec. Error : 0.196, s/b : 0.213
Steps : 6623635, Gen Loss Total : 28.021, Mel-Spec. Error : 0.209, s/b : 0.211
Steps : 6623640, Gen Loss Total : 24.968, Mel-Spec. Error : 0.202, s/b : 0.212
Steps : 6623645, Gen Loss Total : 25.670, Mel-Spec. Error : 0.196, s/b : 0.218
Steps : 6623650, Gen Loss Total : 25.501, Mel-Spec. Error : 0.197, s/b : 0.212
Steps : 6623655, Gen Loss Total : 26.655, Mel-Spec. Error : 0.197, s/b : 0.216
Steps : 6623660, Gen Loss Total : 25.953, Mel-Spec. Error : 0.205, s/b : 0.215
Steps : 6623665, Gen Loss Total : 29.848, Mel-Spec. Error : 0.207, s/b : 0.214
Steps : 6623670, Gen Loss Total : 28.334, Mel-Spec. Error : 0.206, s/b : 0.213
Steps : 6623675, Gen Loss Total : 28.878, Mel-Spec. Error : 0.211, s/b : 0.213
Steps : 6623680, Gen Loss Total : 24.490, Mel-Spec. Error : 0.199, s/b : 0.212
Steps : 6623685, Gen Loss Total : 25.266, Mel-Spec. Error : 0.205, s/b : 0.214
Steps : 6623690, Gen Loss Total : 24.972, Mel-Spec. Error : 0.196, s/b : 0.212
Steps : 6623695, Gen Loss Total : 24.985, Mel-Spec. Error : 0.200, s/b : 0.212
Steps : 6623700, Gen Loss Total : 27.160, Mel-Spec. Error : 0.199, s/b : 0.211
Steps : 6623705, Gen Loss Total : 28.231, Mel-Spec. Error : 0.204, s/b : 0.214
Steps : 6623710, Gen Loss Total : 26.382, Mel-Spec. Error : 0.207, s/b : 0.215
Steps : 6623715, Gen Loss Total : 24.634, Mel-Spec. Error : 0.207, s/b : 0.214
Steps : 6623720, Gen Loss Total : 21.256, Mel-Spec. Error : 0.191, s/b : 0.212
Steps : 6623725, Gen Loss Total : 26.084, Mel-Spec. Error : 0.207, s/b : 0.214
Steps : 6623730, Gen Loss Total : 26.238, Mel-Spec. Error : 0.207, s/b : 0.211
Steps : 6623735, Gen Loss Total : 29.030, Mel-Spec. Error : 0.208, s/b : 0.214
Steps : 6623740, Gen Loss Total : 26.163, Mel-Spec. Error : 0.206, s/b : 0.211
Steps : 6623745, Gen Loss Total : 24.919, Mel-Spec. Error : 0.205, s/b : 0.214
Steps : 6623750, Gen Loss Total : 27.068, Mel-Spec. Error : 0.203, s/b : 0.214
Steps : 6623755, Gen Loss Total : 24.108, Mel-Spec. Error : 0.208, s/b : 0.214
Steps : 6623760, Gen Loss Total : 23.595, Mel-Spec. Error : 0.194, s/b : 0.214
Steps : 6623765, Gen Loss Total : 24.104, Mel-Spec. Error : 0.198, s/b : 0.213
Steps : 6623770, Gen Loss Total : 28.465, Mel-Spec. Error : 0.204, s/b : 0.214
Steps : 6623775, Gen Loss Total : 26.694, Mel-Spec. Error : 0.205, s/b : 0.216
Steps : 6623780, Gen Loss Total : 25.706, Mel-Spec. Error : 0.196, s/b : 0.212
Steps : 6623785, Gen Loss Total : 25.528, Mel-Spec. Error : 0.208, s/b : 0.213
Steps : 6623790, Gen Loss Total : 24.648, Mel-Spec. Error : 0.200, s/b : 0.212
Steps : 6623795, Gen Loss Total : 25.155, Mel-Spec. Error : 0.197, s/b : 0.213
Steps : 6623800, Gen Loss Total : 25.904, Mel-Spec. Error : 0.201, s/b : 0.215
Steps : 6623805, Gen Loss Total : 26.124, Mel-Spec. Error : 0.204, s/b : 0.211
Steps : 6623810, Gen Loss Total : 22.948, Mel-Spec. Error : 0.192, s/b : 0.212
Steps : 6623815, Gen Loss Total : 27.656, Mel-Spec. Error : 0.204, s/b : 0.213
Steps : 6623820, Gen Loss Total : 24.181, Mel-Spec. Error : 0.199, s/b : 0.210
Steps : 6623825, Gen Loss Total : 27.270, Mel-Spec. Error : 0.201, s/b : 0.214
Steps : 6623830, Gen Loss Total : 24.441, Mel-Spec. Error : 0.201, s/b : 0.213
Steps : 6623835, Gen Loss Total : 26.650, Mel-Spec. Error : 0.206, s/b : 0.213
Steps : 6623840, Gen Loss Total : 27.139, Mel-Spec. Error : 0.214, s/b : 0.209
Steps : 6623845, Gen Loss Total : 27.092, Mel-Spec. Error : 0.200, s/b : 0.209
Steps : 6623850, Gen Loss Total : 24.191, Mel-Spec. Error : 0.199, s/b : 0.211
Steps : 6623855, Gen Loss Total : 24.435, Mel-Spec. Error : 0.195, s/b : 0.214
Steps : 6623860, Gen Loss Total : 25.659, Mel-Spec. Error : 0.204, s/b : 0.210
Steps : 6623865, Gen Loss Total : 25.867, Mel-Spec. Error : 0.210, s/b : 0.210
Steps : 6623870, Gen Loss Total : 24.229, Mel-Spec. Error : 0.189, s/b : 0.213
Steps : 6623875, Gen Loss Total : 27.625, Mel-Spec. Error : 0.202, s/b : 0.217
Steps : 6623880, Gen Loss Total : 27.753, Mel-Spec. Error : 0.200, s/b : 0.212
Steps : 6623885, Gen Loss Total : 24.709, Mel-Spec. Error : 0.205, s/b : 0.210
Steps : 6623890, Gen Loss Total : 25.625, Mel-Spec. Error : 0.199, s/b : 0.213
Steps : 6623895, Gen Loss Total : 26.166, Mel-Spec. Error : 0.197, s/b : 0.218
Steps : 6623900, Gen Loss Total : 24.465, Mel-Spec. Error : 0.199, s/b : 0.212
Steps : 6623905, Gen Loss Total : 29.018, Mel-Spec. Error : 0.210, s/b : 0.212
Steps : 6623910, Gen Loss Total : 25.642, Mel-Spec. Error : 0.200, s/b : 0.211
Steps : 6623915, Gen Loss Total : 24.336, Mel-Spec. Error : 0.207, s/b : 0.214
Steps : 6623920, Gen Loss Total : 27.509, Mel-Spec. Error : 0.207, s/b : 0.212
Steps : 6623925, Gen Loss Total : 25.514, Mel-Spec. Error : 0.207, s/b : 0.212
Steps : 6623930, Gen Loss Total : 24.631, Mel-Spec. Error : 0.207, s/b : 0.212
Steps : 6623935, Gen Loss Total : 28.746, Mel-Spec. Error : 0.207, s/b : 0.214
Steps : 6623940, Gen Loss Total : 25.872, Mel-Spec. Error : 0.206, s/b : 0.211
Steps : 6623945, Gen Loss Total : 25.295, Mel-Spec. Error : 0.203, s/b : 0.211
Steps : 6623950, Gen Loss Total : 24.510, Mel-Spec. Error : 0.198, s/b : 0.211
Steps : 6623955, Gen Loss Total : 26.524, Mel-Spec. Error : 0.204, s/b : 0.214
Steps : 6623960, Gen Loss Total : 26.663, Mel-Spec. Error : 0.207, s/b : 0.211
Steps : 6623965, Gen Loss Total : 26.184, Mel-Spec. Error : 0.204, s/b : 0.214
Steps : 6623970, Gen Loss Total : 29.456, Mel-Spec. Error : 0.214, s/b : 0.213
Steps : 6623975, Gen Loss Total : 25.256, Mel-Spec. Error : 0.199, s/b : 0.218
Steps : 6623980, Gen Loss Total : 25.300, Mel-Spec. Error : 0.202, s/b : 0.215
Steps : 6623985, Gen Loss Total : 26.766, Mel-Spec. Error : 0.203, s/b : 0.217
Steps : 6623990, Gen Loss Total : 29.037, Mel-Spec. Error : 0.210, s/b : 0.218
Steps : 6623995, Gen Loss Total : 26.599, Mel-Spec. Error : 0.207, s/b : 0.215
Steps : 6624000, Gen Loss Total : 26.136, Mel-Spec. Error : 0.203, s/b : 0.216
Steps : 6624005, Gen Loss Total : 26.178, Mel-Spec. Error : 0.199, s/b : 0.214
Steps : 6624010, Gen Loss Total : 24.235, Mel-Spec. Error : 0.201, s/b : 0.213
Steps : 6624015, Gen Loss Total : 25.174, Mel-Spec. Error : 0.202, s/b : 0.210
Steps : 6624020, Gen Loss Total : 23.059, Mel-Spec. Error : 0.191, s/b : 0.218
Steps : 6624025, Gen Loss Total : 27.023, Mel-Spec. Error : 0.215, s/b : 0.218
Steps : 6624030, Gen Loss Total : 26.272, Mel-Spec. Error : 0.206, s/b : 0.212
Steps : 6624035, Gen Loss Total : 27.089, Mel-Spec. Error : 0.203, s/b : 0.213
Steps : 6624040, Gen Loss Total : 25.149, Mel-Spec. Error : 0.196, s/b : 0.214
Steps : 6624045, Gen Loss Total : 25.618, Mel-Spec. Error : 0.199, s/b : 0.218
Steps : 6624050, Gen Loss Total : 25.172, Mel-Spec. Error : 0.201, s/b : 0.219
Steps : 6624055, Gen Loss Total : 25.553, Mel-Spec. Error : 0.195, s/b : 0.218
Steps : 6624060, Gen Loss Total : 30.486, Mel-Spec. Error : 0.204, s/b : 0.212
Steps : 6624065, Gen Loss Total : 24.900, Mel-Spec. Error : 0.204, s/b : 0.210
Steps : 6624070, Gen Loss Total : 24.128, Mel-Spec. Error : 0.191, s/b : 0.209
Steps : 6624075, Gen Loss Total : 25.257, Mel-Spec. Error : 0.206, s/b : 0.218
Steps : 6624080, Gen Loss Total : 28.851, Mel-Spec. Error : 0.206, s/b : 0.211
Steps : 6624085, Gen Loss Total : 28.153, Mel-Spec. Error : 0.204, s/b : 0.211
Steps : 6624090, Gen Loss Total : 21.592, Mel-Spec. Error : 0.195, s/b : 0.212
Steps : 6624095, Gen Loss Total : 22.762, Mel-Spec. Error : 0.197, s/b : 0.218
Steps : 6624100, Gen Loss Total : 27.020, Mel-Spec. Error : 0.204, s/b : 0.212
Steps : 6624105, Gen Loss Total : 24.257, Mel-Spec. Error : 0.201, s/b : 0.215
Steps : 6624110, Gen Loss Total : 23.770, Mel-Spec. Error : 0.201, s/b : 0.210
Steps : 6624115, Gen Loss Total : 25.490, Mel-Spec. Error : 0.189, s/b : 0.218
Steps : 6624120, Gen Loss Total : 23.676, Mel-Spec. Error : 0.198, s/b : 0.209
Steps : 6624125, Gen Loss Total : 29.249, Mel-Spec. Error : 0.204, s/b : 0.209
Steps : 6624130, Gen Loss Total : 28.271, Mel-Spec. Error : 0.200, s/b : 0.213
Steps : 6624135, Gen Loss Total : 26.191, Mel-Spec. Error : 0.205, s/b : 0.213
Steps : 6624140, Gen Loss Total : 28.472, Mel-Spec. Error : 0.208, s/b : 0.210
Steps : 6624145, Gen Loss Total : 27.641, Mel-Spec. Error : 0.203, s/b : 0.209
Steps : 6624150, Gen Loss Total : 26.801, Mel-Spec. Error : 0.208, s/b : 0.211
Steps : 6624155, Gen Loss Total : 25.962, Mel-Spec. Error : 0.200, s/b : 0.218
Steps : 6624160, Gen Loss Total : 26.889, Mel-Spec. Error : 0.210, s/b : 0.210
Steps : 6624165, Gen Loss Total : 25.600, Mel-Spec. Error : 0.199, s/b : 0.212
Steps : 6624170, Gen Loss Total : 24.720, Mel-Spec. Error : 0.207, s/b : 0.211
Steps : 6624175, Gen Loss Total : 23.986, Mel-Spec. Error : 0.200, s/b : 0.219
Steps : 6624180, Gen Loss Total : 27.638, Mel-Spec. Error : 0.201, s/b : 0.214
Steps : 6624185, Gen Loss Total : 27.258, Mel-Spec. Error : 0.201, s/b : 0.217
Steps : 6624190, Gen Loss Total : 27.162, Mel-Spec. Error : 0.202, s/b : 0.216
Steps : 6624195, Gen Loss Total : 23.271, Mel-Spec. Error : 0.200, s/b : 0.215
Steps : 6624200, Gen Loss Total : 27.123, Mel-Spec. Error : 0.194, s/b : 0.217
Steps : 6624205, Gen Loss Total : 26.520, Mel-Spec. Error : 0.200, s/b : 0.213
Steps : 6624210, Gen Loss Total : 26.200, Mel-Spec. Error : 0.202, s/b : 0.216
Steps : 6624215, Gen Loss Total : 25.816, Mel-Spec. Error : 0.196, s/b : 0.211
Steps : 6624220, Gen Loss Total : 25.769, Mel-Spec. Error : 0.205, s/b : 0.216
Steps : 6624225, Gen Loss Total : 25.365, Mel-Spec. Error : 0.199, s/b : 0.216
Steps : 6624230, Gen Loss Total : 25.094, Mel-Spec. Error : 0.200, s/b : 0.216
Steps : 6624235, Gen Loss Total : 25.261, Mel-Spec. Error : 0.199, s/b : 0.214
Steps : 6624240, Gen Loss Total : 23.900, Mel-Spec. Error : 0.204, s/b : 0.215
Steps : 6624245, Gen Loss Total : 27.234, Mel-Spec. Error : 0.209, s/b : 0.216
Steps : 6624250, Gen Loss Total : 25.604, Mel-Spec. Error : 0.204, s/b : 0.216
Steps : 6624255, Gen Loss Total : 23.055, Mel-Spec. Error : 0.202, s/b : 0.210
Steps : 6624260, Gen Loss Total : 25.719, Mel-Spec. Error : 0.202, s/b : 0.209
Time taken for epoch 3700 is 581 sec

Epoch: 3701
Steps : 6624265, Gen Loss Total : 24.770, Mel-Spec. Error : 0.203, s/b : 0.270
Steps : 6624270, Gen Loss Total : 26.742, Mel-Spec. Error : 0.210, s/b : 0.213
Steps : 6624275, Gen Loss Total : 26.411, Mel-Spec. Error : 0.200, s/b : 0.212
Steps : 6624280, Gen Loss Total : 26.218, Mel-Spec. Error : 0.200, s/b : 0.214
Steps : 6624285, Gen Loss Total : 24.296, Mel-Spec. Error : 0.200, s/b : 0.220
Steps : 6624290, Gen Loss Total : 25.038, Mel-Spec. Error : 0.200, s/b : 0.214
Steps : 6624295, Gen Loss Total : 24.866, Mel-Spec. Error : 0.196, s/b : 0.213
Steps : 6624300, Gen Loss Total : 28.272, Mel-Spec. Error : 0.205, s/b : 0.216
Steps : 6624305, Gen Loss Total : 26.849, Mel-Spec. Error : 0.209, s/b : 0.215
Steps : 6624310, Gen Loss Total : 23.483, Mel-Spec. Error : 0.198, s/b : 0.213
Steps : 6624315, Gen Loss Total : 26.050, Mel-Spec. Error : 0.199, s/b : 0.213
Steps : 6624320, Gen Loss Total : 23.130, Mel-Spec. Error : 0.198, s/b : 0.217
Steps : 6624325, Gen Loss Total : 25.151, Mel-Spec. Error : 0.197, s/b : 0.220
Steps : 6624330, Gen Loss Total : 23.019, Mel-Spec. Error : 0.202, s/b : 0.214
Steps : 6624335, Gen Loss Total : 25.774, Mel-Spec. Error : 0.205, s/b : 0.214
Steps : 6624340, Gen Loss Total : 27.209, Mel-Spec. Error : 0.205, s/b : 0.216
Steps : 6624345, Gen Loss Total : 26.751, Mel-Spec. Error : 0.206, s/b : 0.220
Steps : 6624350, Gen Loss Total : 25.639, Mel-Spec. Error : 0.202, s/b : 0.214
Steps : 6624355, Gen Loss Total : 26.905, Mel-Spec. Error : 0.205, s/b : 0.213
Steps : 6624360, Gen Loss Total : 25.028, Mel-Spec. Error : 0.194, s/b : 0.220
Steps : 6624365, Gen Loss Total : 29.898, Mel-Spec. Error : 0.208, s/b : 0.219
Steps : 6624370, Gen Loss Total : 22.135, Mel-Spec. Error : 0.197, s/b : 0.215
Steps : 6624375, Gen Loss Total : 27.565, Mel-Spec. Error : 0.206, s/b : 0.215
Steps : 6624380, Gen Loss Total : 22.364, Mel-Spec. Error : 0.197, s/b : 0.217
Steps : 6624385, Gen Loss Total : 27.427, Mel-Spec. Error : 0.207, s/b : 0.217
Steps : 6624390, Gen Loss Total : 26.517, Mel-Spec. Error : 0.210, s/b : 0.214
Steps : 6624395, Gen Loss Total : 26.559, Mel-Spec. Error : 0.202, s/b : 0.220
Steps : 6624400, Gen Loss Total : 29.272, Mel-Spec. Error : 0.209, s/b : 0.218
Steps : 6624405, Gen Loss Total : 27.335, Mel-Spec. Error : 0.201, s/b : 0.220
Steps : 6624410, Gen Loss Total : 27.890, Mel-Spec. Error : 0.204, s/b : 0.215
Steps : 6624415, Gen Loss Total : 25.788, Mel-Spec. Error : 0.202, s/b : 0.215
Steps : 6624420, Gen Loss Total : 25.403, Mel-Spec. Error : 0.195, s/b : 0.213
Steps : 6624425, Gen Loss Total : 27.226, Mel-Spec. Error : 0.203, s/b : 0.220
Steps : 6624430, Gen Loss Total : 23.448, Mel-Spec. Error : 0.203, s/b : 0.213
Steps : 6624435, Gen Loss Total : 27.196, Mel-Spec. Error : 0.201, s/b : 0.267
Steps : 6624440, Gen Loss Total : 23.874, Mel-Spec. Error : 0.190, s/b : 0.216
Steps : 6624445, Gen Loss Total : 26.403, Mel-Spec. Error : 0.208, s/b : 0.213
Steps : 6624450, Gen Loss Total : 29.216, Mel-Spec. Error : 0.209, s/b : 0.210
Steps : 6624455, Gen Loss Total : 23.765, Mel-Spec. Error : 0.204, s/b : 0.211
Steps : 6624460, Gen Loss Total : 25.613, Mel-Spec. Error : 0.198, s/b : 0.211
Steps : 6624465, Gen Loss Total : 27.729, Mel-Spec. Error : 0.209, s/b : 0.216
Steps : 6624470, Gen Loss Total : 23.244, Mel-Spec. Error : 0.198, s/b : 0.210
Steps : 6624475, Gen Loss Total : 25.787, Mel-Spec. Error : 0.207, s/b : 0.213
Steps : 6624480, Gen Loss Total : 29.006, Mel-Spec. Error : 0.211, s/b : 0.213
Steps : 6624485, Gen Loss Total : 24.758, Mel-Spec. Error : 0.197, s/b : 0.215
Steps : 6624490, Gen Loss Total : 27.935, Mel-Spec. Error : 0.205, s/b : 0.210
Steps : 6624495, Gen Loss Total : 28.554, Mel-Spec. Error : 0.205, s/b : 0.213
Steps : 6624500, Gen Loss Total : 26.422, Mel-Spec. Error : 0.201, s/b : 0.213
Steps : 6624505, Gen Loss Total : 23.712, Mel-Spec. Error : 0.195, s/b : 0.209
Steps : 6624510, Gen Loss Total : 26.943, Mel-Spec. Error : 0.209, s/b : 0.214
Steps : 6624515, Gen Loss Total : 27.800, Mel-Spec. Error : 0.206, s/b : 0.217
Steps : 6624520, Gen Loss Total : 25.918, Mel-Spec. Error : 0.201, s/b : 0.212
Steps : 6624525, Gen Loss Total : 27.486, Mel-Spec. Error : 0.204, s/b : 0.211
Steps : 6624530, Gen Loss Total : 26.937, Mel-Spec. Error : 0.210, s/b : 0.213
Steps : 6624535, Gen Loss Total : 22.588, Mel-Spec. Error : 0.194, s/b : 0.215
Steps : 6624540, Gen Loss Total : 26.331, Mel-Spec. Error : 0.205, s/b : 0.212
Steps : 6624545, Gen Loss Total : 27.281, Mel-Spec. Error : 0.199, s/b : 0.211
Steps : 6624550, Gen Loss Total : 27.123, Mel-Spec. Error : 0.201, s/b : 0.214
Steps : 6624555, Gen Loss Total : 23.337, Mel-Spec. Error : 0.206, s/b : 0.216
Steps : 6624560, Gen Loss Total : 26.801, Mel-Spec. Error : 0.203, s/b : 0.214
Steps : 6624565, Gen Loss Total : 24.596, Mel-Spec. Error : 0.202, s/b : 0.212
Steps : 6624570, Gen Loss Total : 24.859, Mel-Spec. Error : 0.195, s/b : 0.214
Steps : 6624575, Gen Loss Total : 24.503, Mel-Spec. Error : 0.198, s/b : 0.214
Steps : 6624580, Gen Loss Total : 25.865, Mel-Spec. Error : 0.199, s/b : 0.216
Steps : 6624585, Gen Loss Total : 24.198, Mel-Spec. Error : 0.197, s/b : 0.215
Steps : 6624590, Gen Loss Total : 27.857, Mel-Spec. Error : 0.206, s/b : 0.212
Steps : 6624595, Gen Loss Total : 23.981, Mel-Spec. Error : 0.205, s/b : 0.214
Steps : 6624600, Gen Loss Total : 23.169, Mel-Spec. Error : 0.199, s/b : 0.214
Steps : 6624605, Gen Loss Total : 25.502, Mel-Spec. Error : 0.195, s/b : 0.209
Steps : 6624610, Gen Loss Total : 26.421, Mel-Spec. Error : 0.207, s/b : 0.211
Steps : 6624615, Gen Loss Total : 26.571, Mel-Spec. Error : 0.202, s/b : 0.214
Steps : 6624620, Gen Loss Total : 27.210, Mel-Spec. Error : 0.214, s/b : 0.211
Steps : 6624625, Gen Loss Total : 26.147, Mel-Spec. Error : 0.204, s/b : 0.212
Steps : 6624630, Gen Loss Total : 27.035, Mel-Spec. Error : 0.203, s/b : 0.212
Steps : 6624635, Gen Loss Total : 28.447, Mel-Spec. Error : 0.213, s/b : 0.217
Steps : 6624640, Gen Loss Total : 26.189, Mel-Spec. Error : 0.206, s/b : 0.211
Steps : 6624645, Gen Loss Total : 28.319, Mel-Spec. Error : 0.213, s/b : 0.211
Steps : 6624650, Gen Loss Total : 25.554, Mel-Spec. Error : 0.203, s/b : 0.209
Steps : 6624655, Gen Loss Total : 26.266, Mel-Spec. Error : 0.206, s/b : 0.213
Steps : 6624660, Gen Loss Total : 26.832, Mel-Spec. Error : 0.203, s/b : 0.211
Steps : 6624665, Gen Loss Total : 24.963, Mel-Spec. Error : 0.205, s/b : 0.214
Steps : 6624670, Gen Loss Total : 26.916, Mel-Spec. Error : 0.200, s/b : 0.212
Steps : 6624675, Gen Loss Total : 24.948, Mel-Spec. Error : 0.197, s/b : 0.217
Steps : 6624680, Gen Loss Total : 25.829, Mel-Spec. Error : 0.200, s/b : 0.210
Steps : 6624685, Gen Loss Total : 25.570, Mel-Spec. Error : 0.198, s/b : 0.213
Steps : 6624690, Gen Loss Total : 26.161, Mel-Spec. Error : 0.202, s/b : 0.213
Steps : 6624695, Gen Loss Total : 23.389, Mel-Spec. Error : 0.194, s/b : 0.218
Steps : 6624700, Gen Loss Total : 27.032, Mel-Spec. Error : 0.205, s/b : 0.212
Steps : 6624705, Gen Loss Total : 26.382, Mel-Spec. Error : 0.208, s/b : 0.213
Steps : 6624710, Gen Loss Total : 24.765, Mel-Spec. Error : 0.203, s/b : 0.212
Steps : 6624715, Gen Loss Total : 28.305, Mel-Spec. Error : 0.209, s/b : 0.216
Steps : 6624720, Gen Loss Total : 23.433, Mel-Spec. Error : 0.197, s/b : 0.213
Steps : 6624725, Gen Loss Total : 26.502, Mel-Spec. Error : 0.202, s/b : 0.211
Steps : 6624730, Gen Loss Total : 25.651, Mel-Spec. Error : 0.201, s/b : 0.216
Steps : 6624735, Gen Loss Total : 23.460, Mel-Spec. Error : 0.202, s/b : 0.214
Steps : 6624740, Gen Loss Total : 27.475, Mel-Spec. Error : 0.207, s/b : 0.213
Steps : 6624745, Gen Loss Total : 25.153, Mel-Spec. Error : 0.200, s/b : 0.212
Steps : 6624750, Gen Loss Total : 27.633, Mel-Spec. Error : 0.203, s/b : 0.214
Steps : 6624755, Gen Loss Total : 25.894, Mel-Spec. Error : 0.196, s/b : 0.216
Steps : 6624760, Gen Loss Total : 26.908, Mel-Spec. Error : 0.198, s/b : 0.211
Steps : 6624765, Gen Loss Total : 28.643, Mel-Spec. Error : 0.204, s/b : 0.210
Steps : 6624770, Gen Loss Total : 24.484, Mel-Spec. Error : 0.197, s/b : 0.211
Steps : 6624775, Gen Loss Total : 23.618, Mel-Spec. Error : 0.199, s/b : 0.215
Steps : 6624780, Gen Loss Total : 23.131, Mel-Spec. Error : 0.199, s/b : 0.213
Steps : 6624785, Gen Loss Total : 26.788, Mel-Spec. Error : 0.209, s/b : 0.214
Steps : 6624790, Gen Loss Total : 25.686, Mel-Spec. Error : 0.204, s/b : 0.214
Steps : 6624795, Gen Loss Total : 24.648, Mel-Spec. Error : 0.199, s/b : 0.218
Steps : 6624800, Gen Loss Total : 24.599, Mel-Spec. Error : 0.202, s/b : 0.212
Steps : 6624805, Gen Loss Total : 27.891, Mel-Spec. Error : 0.205, s/b : 0.210
Steps : 6624810, Gen Loss Total : 26.634, Mel-Spec. Error : 0.204, s/b : 0.210
Steps : 6624815, Gen Loss Total : 28.598, Mel-Spec. Error : 0.204, s/b : 0.216
Steps : 6624820, Gen Loss Total : 28.393, Mel-Spec. Error : 0.207, s/b : 0.213
Steps : 6624825, Gen Loss Total : 28.080, Mel-Spec. Error : 0.204, s/b : 0.211
Steps : 6624830, Gen Loss Total : 26.862, Mel-Spec. Error : 0.207, s/b : 0.212
Steps : 6624835, Gen Loss Total : 26.252, Mel-Spec. Error : 0.196, s/b : 0.216
Steps : 6624840, Gen Loss Total : 27.047, Mel-Spec. Error : 0.199, s/b : 0.212
Steps : 6624845, Gen Loss Total : 28.241, Mel-Spec. Error : 0.211, s/b : 0.213
Steps : 6624850, Gen Loss Total : 25.010, Mel-Spec. Error : 0.196, s/b : 0.216
Steps : 6624855, Gen Loss Total : 27.134, Mel-Spec. Error : 0.210, s/b : 0.216
Steps : 6624860, Gen Loss Total : 27.573, Mel-Spec. Error : 0.207, s/b : 0.213
Steps : 6624865, Gen Loss Total : 26.744, Mel-Spec. Error : 0.207, s/b : 0.211
Steps : 6624870, Gen Loss Total : 25.742, Mel-Spec. Error : 0.201, s/b : 0.210
Steps : 6624875, Gen Loss Total : 27.288, Mel-Spec. Error : 0.207, s/b : 0.214
Steps : 6624880, Gen Loss Total : 26.703, Mel-Spec. Error : 0.212, s/b : 0.214
Steps : 6624885, Gen Loss Total : 25.120, Mel-Spec. Error : 0.200, s/b : 0.212
Steps : 6624890, Gen Loss Total : 23.686, Mel-Spec. Error : 0.202, s/b : 0.213
Steps : 6624895, Gen Loss Total : 27.605, Mel-Spec. Error : 0.204, s/b : 0.217
Steps : 6624900, Gen Loss Total : 23.095, Mel-Spec. Error : 0.200, s/b : 0.213
Steps : 6624905, Gen Loss Total : 25.923, Mel-Spec. Error : 0.202, s/b : 0.212
Steps : 6624910, Gen Loss Total : 25.392, Mel-Spec. Error : 0.198, s/b : 0.212
Steps : 6624915, Gen Loss Total : 29.689, Mel-Spec. Error : 0.212, s/b : 0.217
Steps : 6624920, Gen Loss Total : 27.128, Mel-Spec. Error : 0.201, s/b : 0.213
Steps : 6624925, Gen Loss Total : 26.828, Mel-Spec. Error : 0.205, s/b : 0.211
Steps : 6624930, Gen Loss Total : 27.527, Mel-Spec. Error : 0.201, s/b : 0.215
Steps : 6624935, Gen Loss Total : 24.401, Mel-Spec. Error : 0.201, s/b : 0.218
Steps : 6624940, Gen Loss Total : 24.514, Mel-Spec. Error : 0.197, s/b : 0.215
Steps : 6624945, Gen Loss Total : 27.618, Mel-Spec. Error : 0.210, s/b : 0.211
Steps : 6624950, Gen Loss Total : 25.902, Mel-Spec. Error : 0.200, s/b : 0.213
Steps : 6624955, Gen Loss Total : 26.808, Mel-Spec. Error : 0.208, s/b : 0.214
Steps : 6624960, Gen Loss Total : 26.042, Mel-Spec. Error : 0.199, s/b : 0.213
Steps : 6624965, Gen Loss Total : 22.275, Mel-Spec. Error : 0.187, s/b : 0.212
Steps : 6624970, Gen Loss Total : 27.205, Mel-Spec. Error : 0.210, s/b : 0.213
Steps : 6624975, Gen Loss Total : 26.969, Mel-Spec. Error : 0.203, s/b : 0.214
Steps : 6624980, Gen Loss Total : 27.668, Mel-Spec. Error : 0.204, s/b : 0.212
Steps : 6624985, Gen Loss Total : 26.516, Mel-Spec. Error : 0.199, s/b : 0.212
Steps : 6624990, Gen Loss Total : 29.117, Mel-Spec. Error : 0.214, s/b : 0.216
Steps : 6624995, Gen Loss Total : 24.693, Mel-Spec. Error : 0.205, s/b : 0.216
Steps : 6625000, Gen Loss Total : 27.539, Mel-Spec. Error : 0.209, s/b : 0.213
Saving checkpoint to /home/hpc/vlbi/vlbi107v/hifi-gan/cp_hifigan/v1_c512/g_06625000
Complete.
Saving checkpoint to /home/woody/vlbi/vlbi107v/cp_hifigan/v1_c512/g_06625000
Complete.
Saving checkpoint to /home/hpc/vlbi/vlbi107v/hifi-gan/cp_hifigan/v1_c512/do_06625000
Complete.
Saving checkpoint to /home/woody/vlbi/vlbi107v/cp_hifigan/v1_c512/do_06625000
Complete.
Steps : 6625005, Gen Loss Total : 27.871, Mel-Spec. Error : 0.215, s/b : 0.209
Steps : 6625010, Gen Loss Total : 25.957, Mel-Spec. Error : 0.197, s/b : 0.211
Steps : 6625015, Gen Loss Total : 25.225, Mel-Spec. Error : 0.196, s/b : 0.213
Steps : 6625020, Gen Loss Total : 27.832, Mel-Spec. Error : 0.208, s/b : 0.215
Steps : 6625025, Gen Loss Total : 28.749, Mel-Spec. Error : 0.209, s/b : 0.214
Steps : 6625030, Gen Loss Total : 24.221, Mel-Spec. Error : 0.199, s/b : 0.214
Steps : 6625035, Gen Loss Total : 23.449, Mel-Spec. Error : 0.194, s/b : 0.216
Steps : 6625040, Gen Loss Total : 22.901, Mel-Spec. Error : 0.194, s/b : 0.212
Steps : 6625045, Gen Loss Total : 23.990, Mel-Spec. Error : 0.201, s/b : 0.211
Steps : 6625050, Gen Loss Total : 25.068, Mel-Spec. Error : 0.200, s/b : 0.213
Steps : 6625055, Gen Loss Total : 25.520, Mel-Spec. Error : 0.203, s/b : 0.212
Steps : 6625060, Gen Loss Total : 25.721, Mel-Spec. Error : 0.202, s/b : 0.214
Steps : 6625065, Gen Loss Total : 25.083, Mel-Spec. Error : 0.201, s/b : 0.214
Steps : 6625070, Gen Loss Total : 25.821, Mel-Spec. Error : 0.200, s/b : 0.210
Steps : 6625075, Gen Loss Total : 22.732, Mel-Spec. Error : 0.190, s/b : 0.215
Steps : 6625080, Gen Loss Total : 27.192, Mel-Spec. Error : 0.211, s/b : 0.211
Steps : 6625085, Gen Loss Total : 27.590, Mel-Spec. Error : 0.205, s/b : 0.212
Steps : 6625090, Gen Loss Total : 24.540, Mel-Spec. Error : 0.205, s/b : 0.213
Steps : 6625095, Gen Loss Total : 29.195, Mel-Spec. Error : 0.206, s/b : 0.215
Steps : 6625100, Gen Loss Total : 24.106, Mel-Spec. Error : 0.196, s/b : 0.213
Steps : 6625105, Gen Loss Total : 24.824, Mel-Spec. Error : 0.199, s/b : 0.212
Steps : 6625110, Gen Loss Total : 25.456, Mel-Spec. Error : 0.199, s/b : 0.215
Steps : 6625115, Gen Loss Total : 26.479, Mel-Spec. Error : 0.204, s/b : 0.215
Steps : 6625120, Gen Loss Total : 25.546, Mel-Spec. Error : 0.197, s/b : 0.212
Steps : 6625125, Gen Loss Total : 27.477, Mel-Spec. Error : 0.208, s/b : 0.214
Steps : 6625130, Gen Loss Total : 24.997, Mel-Spec. Error : 0.196, s/b : 0.212
Steps : 6625135, Gen Loss Total : 24.910, Mel-Spec. Error : 0.202, s/b : 0.213
Steps : 6625140, Gen Loss Total : 28.761, Mel-Spec. Error : 0.208, s/b : 0.211
Steps : 6625145, Gen Loss Total : 22.900, Mel-Spec. Error : 0.194, s/b : 0.213
Steps : 6625150, Gen Loss Total : 23.519, Mel-Spec. Error : 0.201, s/b : 0.213
Steps : 6625155, Gen Loss Total : 24.806, Mel-Spec. Error : 0.203, s/b : 0.215
Steps : 6625160, Gen Loss Total : 23.568, Mel-Spec. Error : 0.194, s/b : 0.211
Steps : 6625165, Gen Loss Total : 27.670, Mel-Spec. Error : 0.201, s/b : 0.214
Steps : 6625170, Gen Loss Total : 25.490, Mel-Spec. Error : 0.199, s/b : 0.216
Steps : 6625175, Gen Loss Total : 26.310, Mel-Spec. Error : 0.197, s/b : 0.215
Steps : 6625180, Gen Loss Total : 24.243, Mel-Spec. Error : 0.197, s/b : 0.214
Steps : 6625185, Gen Loss Total : 25.751, Mel-Spec. Error : 0.205, s/b : 0.214
Steps : 6625190, Gen Loss Total : 27.929, Mel-Spec. Error : 0.207, s/b : 0.213
Steps : 6625195, Gen Loss Total : 27.266, Mel-Spec. Error : 0.206, s/b : 0.216
Steps : 6625200, Gen Loss Total : 25.548, Mel-Spec. Error : 0.212, s/b : 0.213
Steps : 6625205, Gen Loss Total : 23.789, Mel-Spec. Error : 0.203, s/b : 0.218
Steps : 6625210, Gen Loss Total : 26.075, Mel-Spec. Error : 0.201, s/b : 0.215
Steps : 6625215, Gen Loss Total : 22.700, Mel-Spec. Error : 0.195, s/b : 0.212
Steps : 6625220, Gen Loss Total : 22.545, Mel-Spec. Error : 0.190, s/b : 0.212
Steps : 6625225, Gen Loss Total : 27.167, Mel-Spec. Error : 0.209, s/b : 0.217
Steps : 6625230, Gen Loss Total : 25.509, Mel-Spec. Error : 0.204, s/b : 0.215
Steps : 6625235, Gen Loss Total : 27.813, Mel-Spec. Error : 0.204, s/b : 0.211
Steps : 6625240, Gen Loss Total : 24.076, Mel-Spec. Error : 0.197, s/b : 0.211
Steps : 6625245, Gen Loss Total : 24.657, Mel-Spec. Error : 0.193, s/b : 0.221
Steps : 6625250, Gen Loss Total : 27.644, Mel-Spec. Error : 0.199, s/b : 0.215
Steps : 6625255, Gen Loss Total : 26.362, Mel-Spec. Error : 0.199, s/b : 0.213
Steps : 6625260, Gen Loss Total : 26.766, Mel-Spec. Error : 0.205, s/b : 0.214
Steps : 6625265, Gen Loss Total : 24.992, Mel-Spec. Error : 0.195, s/b : 0.213
Steps : 6625270, Gen Loss Total : 26.233, Mel-Spec. Error : 0.202, s/b : 0.217
Steps : 6625275, Gen Loss Total : 27.044, Mel-Spec. Error : 0.200, s/b : 0.210
Steps : 6625280, Gen Loss Total : 29.508, Mel-Spec. Error : 0.205, s/b : 0.214
Steps : 6625285, Gen Loss Total : 24.224, Mel-Spec. Error : 0.215, s/b : 0.211
Steps : 6625290, Gen Loss Total : 27.636, Mel-Spec. Error : 0.208, s/b : 0.216
Steps : 6625295, Gen Loss Total : 24.432, Mel-Spec. Error : 0.198, s/b : 0.213
Steps : 6625300, Gen Loss Total : 27.477, Mel-Spec. Error : 0.205, s/b : 0.215
Steps : 6625305, Gen Loss Total : 26.223, Mel-Spec. Error : 0.201, s/b : 0.214
Steps : 6625310, Gen Loss Total : 26.089, Mel-Spec. Error : 0.211, s/b : 0.209
Steps : 6625315, Gen Loss Total : 24.645, Mel-Spec. Error : 0.198, s/b : 0.215
Steps : 6625320, Gen Loss Total : 22.333, Mel-Spec. Error : 0.194, s/b : 0.213
Steps : 6625325, Gen Loss Total : 23.102, Mel-Spec. Error : 0.200, s/b : 0.213
Steps : 6625330, Gen Loss Total : 24.956, Mel-Spec. Error : 0.201, s/b : 0.212
Steps : 6625335, Gen Loss Total : 29.707, Mel-Spec. Error : 0.205, s/b : 0.217
Steps : 6625340, Gen Loss Total : 24.492, Mel-Spec. Error : 0.201, s/b : 0.214
Steps : 6625345, Gen Loss Total : 29.552, Mel-Spec. Error : 0.208, s/b : 0.209
Steps : 6625350, Gen Loss Total : 27.824, Mel-Spec. Error : 0.209, s/b : 0.215
Steps : 6625355, Gen Loss Total : 27.580, Mel-Spec. Error : 0.204, s/b : 0.220
Steps : 6625360, Gen Loss Total : 28.995, Mel-Spec. Error : 0.213, s/b : 0.215
Steps : 6625365, Gen Loss Total : 23.794, Mel-Spec. Error : 0.196, s/b : 0.212
Steps : 6625370, Gen Loss Total : 25.688, Mel-Spec. Error : 0.208, s/b : 0.210
Steps : 6625375, Gen Loss Total : 25.949, Mel-Spec. Error : 0.198, s/b : 0.213
Steps : 6625380, Gen Loss Total : 27.817, Mel-Spec. Error : 0.208, s/b : 0.211
Steps : 6625385, Gen Loss Total : 24.480, Mel-Spec. Error : 0.201, s/b : 0.215
Steps : 6625390, Gen Loss Total : 26.908, Mel-Spec. Error : 0.199, s/b : 0.215
Steps : 6625395, Gen Loss Total : 24.628, Mel-Spec. Error : 0.201, s/b : 0.213
Steps : 6625400, Gen Loss Total : 27.253, Mel-Spec. Error : 0.211, s/b : 0.218
Steps : 6625405, Gen Loss Total : 26.613, Mel-Spec. Error : 0.200, s/b : 0.220
Steps : 6625410, Gen Loss Total : 25.639, Mel-Spec. Error : 0.199, s/b : 0.214
Steps : 6625415, Gen Loss Total : 26.754, Mel-Spec. Error : 0.204, s/b : 0.215
Steps : 6625420, Gen Loss Total : 26.776, Mel-Spec. Error : 0.196, s/b : 0.213
Steps : 6625425, Gen Loss Total : 24.235, Mel-Spec. Error : 0.195, s/b : 0.219
Steps : 6625430, Gen Loss Total : 27.154, Mel-Spec. Error : 0.205, s/b : 0.212
Steps : 6625435, Gen Loss Total : 27.543, Mel-Spec. Error : 0.209, s/b : 0.217
Steps : 6625440, Gen Loss Total : 27.611, Mel-Spec. Error : 0.200, s/b : 0.215
Steps : 6625445, Gen Loss Total : 25.053, Mel-Spec. Error : 0.201, s/b : 0.215
Steps : 6625450, Gen Loss Total : 29.482, Mel-Spec. Error : 0.206, s/b : 0.209
Steps : 6625455, Gen Loss Total : 23.862, Mel-Spec. Error : 0.196, s/b : 0.217
Steps : 6625460, Gen Loss Total : 25.468, Mel-Spec. Error : 0.203, s/b : 0.215
Steps : 6625465, Gen Loss Total : 23.910, Mel-Spec. Error : 0.192, s/b : 0.214
Steps : 6625470, Gen Loss Total : 23.997, Mel-Spec. Error : 0.194, s/b : 0.212
Steps : 6625475, Gen Loss Total : 26.957, Mel-Spec. Error : 0.201, s/b : 0.213
Steps : 6625480, Gen Loss Total : 25.403, Mel-Spec. Error : 0.196, s/b : 0.214
Steps : 6625485, Gen Loss Total : 25.329, Mel-Spec. Error : 0.197, s/b : 0.213
Steps : 6625490, Gen Loss Total : 24.946, Mel-Spec. Error : 0.208, s/b : 0.210
Steps : 6625495, Gen Loss Total : 28.066, Mel-Spec. Error : 0.213, s/b : 0.217
Steps : 6625500, Gen Loss Total : 25.147, Mel-Spec. Error : 0.202, s/b : 0.215
Steps : 6625505, Gen Loss Total : 27.783, Mel-Spec. Error : 0.203, s/b : 0.215
Steps : 6625510, Gen Loss Total : 28.245, Mel-Spec. Error : 0.213, s/b : 0.212
Steps : 6625515, Gen Loss Total : 29.612, Mel-Spec. Error : 0.210, s/b : 0.216
Steps : 6625520, Gen Loss Total : 23.815, Mel-Spec. Error : 0.197, s/b : 0.212
Steps : 6625525, Gen Loss Total : 27.627, Mel-Spec. Error : 0.200, s/b : 0.214
Steps : 6625530, Gen Loss Total : 26.158, Mel-Spec. Error : 0.201, s/b : 0.208
Steps : 6625535, Gen Loss Total : 24.856, Mel-Spec. Error : 0.210, s/b : 0.218
Steps : 6625540, Gen Loss Total : 26.100, Mel-Spec. Error : 0.194, s/b : 0.218
Steps : 6625545, Gen Loss Total : 25.163, Mel-Spec. Error : 0.197, s/b : 0.218
Steps : 6625550, Gen Loss Total : 27.740, Mel-Spec. Error : 0.200, s/b : 0.214
Steps : 6625555, Gen Loss Total : 29.814, Mel-Spec. Error : 0.214, s/b : 0.215
Steps : 6625560, Gen Loss Total : 28.492, Mel-Spec. Error : 0.208, s/b : 0.215
Steps : 6625565, Gen Loss Total : 25.091, Mel-Spec. Error : 0.203, s/b : 0.215
Steps : 6625570, Gen Loss Total : 25.895, Mel-Spec. Error : 0.212, s/b : 0.213
Steps : 6625575, Gen Loss Total : 26.268, Mel-Spec. Error : 0.209, s/b : 0.212
Steps : 6625580, Gen Loss Total : 25.079, Mel-Spec. Error : 0.201, s/b : 0.217
Steps : 6625585, Gen Loss Total : 28.102, Mel-Spec. Error : 0.205, s/b : 0.215
Steps : 6625590, Gen Loss Total : 25.524, Mel-Spec. Error : 0.210, s/b : 0.212
Steps : 6625595, Gen Loss Total : 24.109, Mel-Spec. Error : 0.203, s/b : 0.213
Steps : 6625600, Gen Loss Total : 29.739, Mel-Spec. Error : 0.218, s/b : 0.214
Steps : 6625605, Gen Loss Total : 24.411, Mel-Spec. Error : 0.198, s/b : 0.216
Steps : 6625610, Gen Loss Total : 23.444, Mel-Spec. Error : 0.201, s/b : 0.216
Steps : 6625615, Gen Loss Total : 25.390, Mel-Spec. Error : 0.200, s/b : 0.223
Steps : 6625620, Gen Loss Total : 24.129, Mel-Spec. Error : 0.202, s/b : 0.215
Steps : 6625625, Gen Loss Total : 24.284, Mel-Spec. Error : 0.201, s/b : 0.215
Steps : 6625630, Gen Loss Total : 26.862, Mel-Spec. Error : 0.206, s/b : 0.210
Steps : 6625635, Gen Loss Total : 24.576, Mel-Spec. Error : 0.202, s/b : 0.216
Steps : 6625640, Gen Loss Total : 25.429, Mel-Spec. Error : 0.201, s/b : 0.211
Steps : 6625645, Gen Loss Total : 29.563, Mel-Spec. Error : 0.203, s/b : 0.212
Steps : 6625650, Gen Loss Total : 27.257, Mel-Spec. Error : 0.206, s/b : 0.210
Steps : 6625655, Gen Loss Total : 24.455, Mel-Spec. Error : 0.199, s/b : 0.216
Steps : 6625660, Gen Loss Total : 26.079, Mel-Spec. Error : 0.208, s/b : 0.214
Steps : 6625665, Gen Loss Total : 26.233, Mel-Spec. Error : 0.201, s/b : 0.213
Steps : 6625670, Gen Loss Total : 25.387, Mel-Spec. Error : 0.196, s/b : 0.212
Steps : 6625675, Gen Loss Total : 26.693, Mel-Spec. Error : 0.201, s/b : 0.214
Steps : 6625680, Gen Loss Total : 28.580, Mel-Spec. Error : 0.202, s/b : 0.215
Steps : 6625685, Gen Loss Total : 23.070, Mel-Spec. Error : 0.197, s/b : 0.213
Steps : 6625690, Gen Loss Total : 26.447, Mel-Spec. Error : 0.203, s/b : 0.213
Steps : 6625695, Gen Loss Total : 21.665, Mel-Spec. Error : 0.192, s/b : 0.214
Steps : 6625700, Gen Loss Total : 23.925, Mel-Spec. Error : 0.202, s/b : 0.210
Steps : 6625705, Gen Loss Total : 24.391, Mel-Spec. Error : 0.196, s/b : 0.214
Steps : 6625710, Gen Loss Total : 27.149, Mel-Spec. Error : 0.214, s/b : 0.211
Steps : 6625715, Gen Loss Total : 27.380, Mel-Spec. Error : 0.205, s/b : 0.214
Steps : 6625720, Gen Loss Total : 27.179, Mel-Spec. Error : 0.203, s/b : 0.211
Steps : 6625725, Gen Loss Total : 24.979, Mel-Spec. Error : 0.201, s/b : 0.215
Steps : 6625730, Gen Loss Total : 25.221, Mel-Spec. Error : 0.202, s/b : 0.211
Steps : 6625735, Gen Loss Total : 28.127, Mel-Spec. Error : 0.196, s/b : 0.219
Steps : 6625740, Gen Loss Total : 26.184, Mel-Spec. Error : 0.206, s/b : 0.211
Steps : 6625745, Gen Loss Total : 23.944, Mel-Spec. Error : 0.192, s/b : 0.218
Steps : 6625750, Gen Loss Total : 24.096, Mel-Spec. Error : 0.194, s/b : 0.212
Steps : 6625755, Gen Loss Total : 24.527, Mel-Spec. Error : 0.197, s/b : 0.213
Steps : 6625760, Gen Loss Total : 25.647, Mel-Spec. Error : 0.207, s/b : 0.214
Steps : 6625765, Gen Loss Total : 25.905, Mel-Spec. Error : 0.201, s/b : 0.221
Steps : 6625770, Gen Loss Total : 26.133, Mel-Spec. Error : 0.210, s/b : 0.212
Steps : 6625775, Gen Loss Total : 26.097, Mel-Spec. Error : 0.210, s/b : 0.214
Steps : 6625780, Gen Loss Total : 24.834, Mel-Spec. Error : 0.198, s/b : 0.213
Steps : 6625785, Gen Loss Total : 26.361, Mel-Spec. Error : 0.199, s/b : 0.216
Steps : 6625790, Gen Loss Total : 23.640, Mel-Spec. Error : 0.198, s/b : 0.214
Steps : 6625795, Gen Loss Total : 24.779, Mel-Spec. Error : 0.193, s/b : 0.212
Steps : 6625800, Gen Loss Total : 26.765, Mel-Spec. Error : 0.213, s/b : 0.212
Steps : 6625805, Gen Loss Total : 27.006, Mel-Spec. Error : 0.205, s/b : 0.213
Steps : 6625810, Gen Loss Total : 28.273, Mel-Spec. Error : 0.214, s/b : 0.215
Steps : 6625815, Gen Loss Total : 26.634, Mel-Spec. Error : 0.205, s/b : 0.215
Steps : 6625820, Gen Loss Total : 27.331, Mel-Spec. Error : 0.202, s/b : 0.213
Steps : 6625825, Gen Loss Total : 28.317, Mel-Spec. Error : 0.207, s/b : 0.211
Steps : 6625830, Gen Loss Total : 27.165, Mel-Spec. Error : 0.209, s/b : 0.216
Steps : 6625835, Gen Loss Total : 26.377, Mel-Spec. Error : 0.199, s/b : 0.211
Steps : 6625840, Gen Loss Total : 26.969, Mel-Spec. Error : 0.196, s/b : 0.214
Steps : 6625845, Gen Loss Total : 25.246, Mel-Spec. Error : 0.199, s/b : 0.216
Steps : 6625850, Gen Loss Total : 26.403, Mel-Spec. Error : 0.199, s/b : 0.216
Steps : 6625855, Gen Loss Total : 28.260, Mel-Spec. Error : 0.211, s/b : 0.214
Steps : 6625860, Gen Loss Total : 24.705, Mel-Spec. Error : 0.197, s/b : 0.214
Steps : 6625865, Gen Loss Total : 24.549, Mel-Spec. Error : 0.202, s/b : 0.214
Steps : 6625870, Gen Loss Total : 28.725, Mel-Spec. Error : 0.213, s/b : 0.211
Steps : 6625875, Gen Loss Total : 26.412, Mel-Spec. Error : 0.193, s/b : 0.214
Steps : 6625880, Gen Loss Total : 26.849, Mel-Spec. Error : 0.203, s/b : 0.218
Steps : 6625885, Gen Loss Total : 26.474, Mel-Spec. Error : 0.207, s/b : 0.219
Steps : 6625890, Gen Loss Total : 27.720, Mel-Spec. Error : 0.204, s/b : 0.213
Steps : 6625895, Gen Loss Total : 27.329, Mel-Spec. Error : 0.203, s/b : 0.217
Steps : 6625900, Gen Loss Total : 25.386, Mel-Spec. Error : 0.195, s/b : 0.213
Steps : 6625905, Gen Loss Total : 24.621, Mel-Spec. Error : 0.202, s/b : 0.216
Steps : 6625910, Gen Loss Total : 25.593, Mel-Spec. Error : 0.192, s/b : 0.212
Steps : 6625915, Gen Loss Total : 23.656, Mel-Spec. Error : 0.193, s/b : 0.214
Steps : 6625920, Gen Loss Total : 27.989, Mel-Spec. Error : 0.212, s/b : 0.211
Steps : 6625925, Gen Loss Total : 22.643, Mel-Spec. Error : 0.194, s/b : 0.217
Steps : 6625930, Gen Loss Total : 29.339, Mel-Spec. Error : 0.211, s/b : 0.213
Steps : 6625935, Gen Loss Total : 26.665, Mel-Spec. Error : 0.204, s/b : 0.218
Steps : 6625940, Gen Loss Total : 22.447, Mel-Spec. Error : 0.190, s/b : 0.212
Steps : 6625945, Gen Loss Total : 24.452, Mel-Spec. Error : 0.199, s/b : 0.213
Steps : 6625950, Gen Loss Total : 25.169, Mel-Spec. Error : 0.205, s/b : 0.214
Steps : 6625955, Gen Loss Total : 25.512, Mel-Spec. Error : 0.199, s/b : 0.210
Steps : 6625960, Gen Loss Total : 27.019, Mel-Spec. Error : 0.208, s/b : 0.211
Steps : 6625965, Gen Loss Total : 21.768, Mel-Spec. Error : 0.200, s/b : 0.213
Steps : 6625970, Gen Loss Total : 28.706, Mel-Spec. Error : 0.201, s/b : 0.217
Steps : 6625975, Gen Loss Total : 24.414, Mel-Spec. Error : 0.196, s/b : 0.211
Steps : 6625980, Gen Loss Total : 27.470, Mel-Spec. Error : 0.205, s/b : 0.213
Steps : 6625985, Gen Loss Total : 27.068, Mel-Spec. Error : 0.207, s/b : 0.209
Steps : 6625990, Gen Loss Total : 25.554, Mel-Spec. Error : 0.202, s/b : 0.214
Steps : 6625995, Gen Loss Total : 24.847, Mel-Spec. Error : 0.206, s/b : 0.212
Steps : 6626000, Gen Loss Total : 25.354, Mel-Spec. Error : 0.203, s/b : 0.215
Steps : 6626005, Gen Loss Total : 26.251, Mel-Spec. Error : 0.203, s/b : 0.213
Steps : 6626010, Gen Loss Total : 23.177, Mel-Spec. Error : 0.196, s/b : 0.217
Steps : 6626015, Gen Loss Total : 25.017, Mel-Spec. Error : 0.207, s/b : 0.210
Steps : 6626020, Gen Loss Total : 25.452, Mel-Spec. Error : 0.206, s/b : 0.212
Steps : 6626025, Gen Loss Total : 26.619, Mel-Spec. Error : 0.204, s/b : 0.211
Steps : 6626030, Gen Loss Total : 24.008, Mel-Spec. Error : 0.200, s/b : 0.216
Steps : 6626035, Gen Loss Total : 26.454, Mel-Spec. Error : 0.204, s/b : 0.211
Steps : 6626040, Gen Loss Total : 26.671, Mel-Spec. Error : 0.202, s/b : 0.211
Steps : 6626045, Gen Loss Total : 28.601, Mel-Spec. Error : 0.211, s/b : 0.209
Time taken for epoch 3701 is 598 sec

Epoch: 3702
Steps : 6626050, Gen Loss Total : 25.309, Mel-Spec. Error : 0.201, s/b : 0.211
Steps : 6626055, Gen Loss Total : 26.713, Mel-Spec. Error : 0.206, s/b : 0.209
Steps : 6626060, Gen Loss Total : 26.454, Mel-Spec. Error : 0.196, s/b : 0.216
Steps : 6626065, Gen Loss Total : 24.909, Mel-Spec. Error : 0.204, s/b : 0.216
Steps : 6626070, Gen Loss Total : 27.052, Mel-Spec. Error : 0.205, s/b : 0.212
Steps : 6626075, Gen Loss Total : 28.155, Mel-Spec. Error : 0.205, s/b : 0.212
Steps : 6626080, Gen Loss Total : 26.042, Mel-Spec. Error : 0.204, s/b : 0.216
Steps : 6626085, Gen Loss Total : 24.096, Mel-Spec. Error : 0.202, s/b : 0.213
Steps : 6626090, Gen Loss Total : 25.468, Mel-Spec. Error : 0.199, s/b : 0.211
Steps : 6626095, Gen Loss Total : 24.721, Mel-Spec. Error : 0.198, s/b : 0.212
Steps : 6626100, Gen Loss Total : 26.210, Mel-Spec. Error : 0.205, s/b : 0.216
Steps : 6626105, Gen Loss Total : 25.806, Mel-Spec. Error : 0.207, s/b : 0.218
Steps : 6626110, Gen Loss Total : 28.501, Mel-Spec. Error : 0.212, s/b : 0.210
Steps : 6626115, Gen Loss Total : 25.380, Mel-Spec. Error : 0.201, s/b : 0.212
Steps : 6626120, Gen Loss Total : 23.350, Mel-Spec. Error : 0.197, s/b : 0.213
Steps : 6626125, Gen Loss Total : 24.908, Mel-Spec. Error : 0.199, s/b : 0.217
Steps : 6626130, Gen Loss Total : 28.475, Mel-Spec. Error : 0.210, s/b : 0.211
Steps : 6626135, Gen Loss Total : 24.863, Mel-Spec. Error : 0.200, s/b : 0.212
Steps : 6626140, Gen Loss Total : 24.737, Mel-Spec. Error : 0.198, s/b : 0.215
Steps : 6626145, Gen Loss Total : 23.824, Mel-Spec. Error : 0.202, s/b : 0.218
Steps : 6626150, Gen Loss Total : 29.065, Mel-Spec. Error : 0.204, s/b : 0.214
Steps : 6626155, Gen Loss Total : 25.019, Mel-Spec. Error : 0.211, s/b : 0.212
Steps : 6626160, Gen Loss Total : 24.227, Mel-Spec. Error : 0.197, s/b : 0.213
Steps : 6626165, Gen Loss Total : 28.183, Mel-Spec. Error : 0.208, s/b : 0.211
Steps : 6626170, Gen Loss Total : 25.237, Mel-Spec. Error : 0.204, s/b : 0.214
Steps : 6626175, Gen Loss Total : 27.340, Mel-Spec. Error : 0.205, s/b : 0.215
Steps : 6626180, Gen Loss Total : 26.492, Mel-Spec. Error : 0.202, s/b : 0.213
Steps : 6626185, Gen Loss Total : 27.784, Mel-Spec. Error : 0.209, s/b : 0.212
Steps : 6626190, Gen Loss Total : 24.869, Mel-Spec. Error : 0.205, s/b : 0.213
Steps : 6626195, Gen Loss Total : 27.846, Mel-Spec. Error : 0.207, s/b : 0.212
Steps : 6626200, Gen Loss Total : 24.500, Mel-Spec. Error : 0.196, s/b : 0.216
Steps : 6626205, Gen Loss Total : 26.038, Mel-Spec. Error : 0.197, s/b : 0.211
Steps : 6626210, Gen Loss Total : 23.775, Mel-Spec. Error : 0.195, s/b : 0.214
Steps : 6626215, Gen Loss Total : 24.782, Mel-Spec. Error : 0.197, s/b : 0.213
Steps : 6626220, Gen Loss Total : 27.112, Mel-Spec. Error : 0.197, s/b : 0.213
Steps : 6626225, Gen Loss Total : 26.968, Mel-Spec. Error : 0.203, s/b : 0.214
Steps : 6626230, Gen Loss Total : 30.159, Mel-Spec. Error : 0.211, s/b : 0.215
Steps : 6626235, Gen Loss Total : 27.333, Mel-Spec. Error : 0.201, s/b : 0.213
Steps : 6626240, Gen Loss Total : 26.814, Mel-Spec. Error : 0.208, s/b : 0.216
Steps : 6626245, Gen Loss Total : 28.873, Mel-Spec. Error : 0.211, s/b : 0.215
Steps : 6626250, Gen Loss Total : 28.605, Mel-Spec. Error : 0.207, s/b : 0.212
Steps : 6626255, Gen Loss Total : 28.735, Mel-Spec. Error : 0.211, s/b : 0.212
Steps : 6626260, Gen Loss Total : 24.279, Mel-Spec. Error : 0.205, s/b : 0.218
Steps : 6626265, Gen Loss Total : 24.503, Mel-Spec. Error : 0.195, s/b : 0.218
Steps : 6626270, Gen Loss Total : 24.142, Mel-Spec. Error : 0.198, s/b : 0.214
Steps : 6626275, Gen Loss Total : 26.827, Mel-Spec. Error : 0.209, s/b : 0.214
Steps : 6626280, Gen Loss Total : 28.548, Mel-Spec. Error : 0.200, s/b : 0.212
Steps : 6626285, Gen Loss Total : 26.614, Mel-Spec. Error : 0.200, s/b : 0.211
Steps : 6626290, Gen Loss Total : 26.869, Mel-Spec. Error : 0.202, s/b : 0.211
Steps : 6626295, Gen Loss Total : 26.531, Mel-Spec. Error : 0.212, s/b : 0.210
Steps : 6626300, Gen Loss Total : 25.295, Mel-Spec. Error : 0.206, s/b : 0.212
Steps : 6626305, Gen Loss Total : 24.801, Mel-Spec. Error : 0.198, s/b : 0.211
Steps : 6626310, Gen Loss Total : 24.597, Mel-Spec. Error : 0.198, s/b : 0.212
Steps : 6626315, Gen Loss Total : 24.704, Mel-Spec. Error : 0.196, s/b : 0.214
Steps : 6626320, Gen Loss Total : 23.664, Mel-Spec. Error : 0.197, s/b : 0.209
Steps : 6626325, Gen Loss Total : 24.894, Mel-Spec. Error : 0.202, s/b : 0.209
Steps : 6626330, Gen Loss Total : 24.159, Mel-Spec. Error : 0.205, s/b : 0.217
Steps : 6626335, Gen Loss Total : 25.195, Mel-Spec. Error : 0.204, s/b : 0.215
Steps : 6626340, Gen Loss Total : 26.578, Mel-Spec. Error : 0.197, s/b : 0.216
Steps : 6626345, Gen Loss Total : 25.837, Mel-Spec. Error : 0.205, s/b : 0.213
Steps : 6626350, Gen Loss Total : 27.596, Mel-Spec. Error : 0.206, s/b : 0.214
Steps : 6626355, Gen Loss Total : 26.377, Mel-Spec. Error : 0.204, s/b : 0.213
Steps : 6626360, Gen Loss Total : 26.954, Mel-Spec. Error : 0.203, s/b : 0.213
Steps : 6626365, Gen Loss Total : 23.098, Mel-Spec. Error : 0.196, s/b : 0.212
Steps : 6626370, Gen Loss Total : 24.762, Mel-Spec. Error : 0.199, s/b : 0.216
Steps : 6626375, Gen Loss Total : 27.107, Mel-Spec. Error : 0.196, s/b : 0.214
Steps : 6626380, Gen Loss Total : 24.296, Mel-Spec. Error : 0.186, s/b : 0.215
Steps : 6626385, Gen Loss Total : 29.841, Mel-Spec. Error : 0.217, s/b : 0.212
Steps : 6626390, Gen Loss Total : 25.884, Mel-Spec. Error : 0.202, s/b : 0.213
Steps : 6626395, Gen Loss Total : 26.278, Mel-Spec. Error : 0.196, s/b : 0.212
Steps : 6626400, Gen Loss Total : 26.333, Mel-Spec. Error : 0.202, s/b : 0.212
Steps : 6626405, Gen Loss Total : 24.265, Mel-Spec. Error : 0.193, s/b : 0.214
Steps : 6626410, Gen Loss Total : 25.935, Mel-Spec. Error : 0.201, s/b : 0.214
Steps : 6626415, Gen Loss Total : 26.684, Mel-Spec. Error : 0.204, s/b : 0.211
Steps : 6626420, Gen Loss Total : 24.912, Mel-Spec. Error : 0.205, s/b : 0.220
Steps : 6626425, Gen Loss Total : 26.074, Mel-Spec. Error : 0.202, s/b : 0.217
Steps : 6626430, Gen Loss Total : 24.462, Mel-Spec. Error : 0.190, s/b : 0.210
Steps : 6626435, Gen Loss Total : 26.232, Mel-Spec. Error : 0.201, s/b : 0.209
Steps : 6626440, Gen Loss Total : 28.257, Mel-Spec. Error : 0.204, s/b : 0.217
Steps : 6626445, Gen Loss Total : 27.151, Mel-Spec. Error : 0.207, s/b : 0.215
Steps : 6626450, Gen Loss Total : 25.180, Mel-Spec. Error : 0.204, s/b : 0.212
Steps : 6626455, Gen Loss Total : 25.496, Mel-Spec. Error : 0.194, s/b : 0.215
Steps : 6626460, Gen Loss Total : 24.014, Mel-Spec. Error : 0.201, s/b : 0.215
Steps : 6626465, Gen Loss Total : 27.833, Mel-Spec. Error : 0.217, s/b : 0.213
Steps : 6626470, Gen Loss Total : 24.678, Mel-Spec. Error : 0.204, s/b : 0.213
Steps : 6626475, Gen Loss Total : 26.075, Mel-Spec. Error : 0.193, s/b : 0.209
Steps : 6626480, Gen Loss Total : 26.953, Mel-Spec. Error : 0.205, s/b : 0.219
Steps : 6626485, Gen Loss Total : 24.599, Mel-Spec. Error : 0.198, s/b : 0.220
Steps : 6626490, Gen Loss Total : 25.226, Mel-Spec. Error : 0.206, s/b : 0.212
Steps : 6626495, Gen Loss Total : 27.337, Mel-Spec. Error : 0.206, s/b : 0.215
Steps : 6626500, Gen Loss Total : 25.821, Mel-Spec. Error : 0.199, s/b : 0.214
Steps : 6626505, Gen Loss Total : 27.612, Mel-Spec. Error : 0.204, s/b : 0.216
Steps : 6626510, Gen Loss Total : 26.394, Mel-Spec. Error : 0.204, s/b : 0.212
Steps : 6626515, Gen Loss Total : 27.831, Mel-Spec. Error : 0.207, s/b : 0.211
Steps : 6626520, Gen Loss Total : 27.298, Mel-Spec. Error : 0.204, s/b : 0.216
Steps : 6626525, Gen Loss Total : 25.644, Mel-Spec. Error : 0.204, s/b : 0.214
Steps : 6626530, Gen Loss Total : 23.354, Mel-Spec. Error : 0.196, s/b : 0.209
Steps : 6626535, Gen Loss Total : 26.003, Mel-Spec. Error : 0.193, s/b : 0.212
Steps : 6626540, Gen Loss Total : 29.671, Mel-Spec. Error : 0.203, s/b : 0.216
Steps : 6626545, Gen Loss Total : 28.773, Mel-Spec. Error : 0.205, s/b : 0.213
Steps : 6626550, Gen Loss Total : 26.664, Mel-Spec. Error : 0.201, s/b : 0.211
Steps : 6626555, Gen Loss Total : 26.230, Mel-Spec. Error : 0.214, s/b : 0.211
Steps : 6626560, Gen Loss Total : 27.724, Mel-Spec. Error : 0.203, s/b : 0.216
