### Starting TaskPrologue of job 1727010 on tg093 at Sat Jul  4 11:18:24 PM CEST 2026
Running on cores 0-31 with governor ondemand
Sat Jul  4 23:18:24 2026       
+-----------------------------------------------------------------------------------------+
| NVIDIA-SMI 610.43.02              KMD Version: 610.43.02     CUDA UMD Version: 13.3     |
+-----------------------------------------+------------------------+----------------------+
| GPU  Name                 Persistence-M | Bus-Id          Disp.A | Volatile Uncorr. ECC |
| Fan  Temp   Perf          Pwr:Usage/Cap |           Memory-Usage | GPU-Util  Compute M. |
|                                         |                        |               MIG M. |
|=========================================+========================+======================|
|   0  NVIDIA A100-SXM4-40GB          On  |   00000000:01:00.0 Off |                    0 |
| N/A   45C    P0             61W /  400W |       0MiB /  40960MiB |      0%      Default |
|                                         |                        |             Disabled |
+-----------------------------------------+------------------------+----------------------+

+-----------------------------------------------------------------------------------------+
| Processes:                                                                              |
|  GPU   GI   CI              PID   Type   Process name                        GPU Memory |
|        ID   ID                                                               Usage      |
|=========================================================================================|
|  No running processes found                                                             |
+-----------------------------------------------------------------------------------------+
### Finished TaskPrologue

========== Fine-Tuning Model 512 Channels ==========
Initializing Training Process..
Batch size per GPU : 16
Using CUDA GPU: NVIDIA A100-SXM4-40GB
Generator(
  (conv_pre): Conv1d(80, 512, kernel_size=(7,), stride=(1,), padding=(3,))
  (ups): ModuleList(
    (0): ConvTranspose1d(512, 256, kernel_size=(16,), stride=(8,), padding=(4,))
    (1): ConvTranspose1d(256, 128, kernel_size=(16,), stride=(8,), padding=(4,))
    (2): ConvTranspose1d(128, 64, kernel_size=(4,), stride=(2,), padding=(1,))
    (3): ConvTranspose1d(64, 32, kernel_size=(4,), stride=(2,), padding=(1,))
  )
  (resblocks): ModuleList(
    (0): ResBlock1(
      (convs1): ModuleList(
        (0): Conv1d(256, 179, kernel_size=(3,), stride=(1,), padding=(1,))
        (1): Conv1d(256, 179, kernel_size=(3,), stride=(1,), padding=(3,), dilation=(3,))
        (2): Conv1d(256, 179, kernel_size=(3,), stride=(1,), padding=(5,), dilation=(5,))
      )
      (convs2): ModuleList(
        (0-2): 3 x Conv1d(179, 256, kernel_size=(3,), stride=(1,), padding=(1,))
      )
    )
    (1): ResBlock1(
      (convs1): ModuleList(
        (0): Conv1d(256, 179, kernel_size=(7,), stride=(1,), padding=(3,))
        (1): Conv1d(256, 179, kernel_size=(7,), stride=(1,), padding=(9,), dilation=(3,))
        (2): Conv1d(256, 179, kernel_size=(7,), stride=(1,), padding=(15,), dilation=(5,))
      )
      (convs2): ModuleList(
        (0-2): 3 x Conv1d(179, 256, kernel_size=(7,), stride=(1,), padding=(3,))
      )
    )
    (2): ResBlock1(
      (convs1): ModuleList(
        (0): Conv1d(256, 179, kernel_size=(11,), stride=(1,), padding=(5,))
        (1): Conv1d(256, 179, kernel_size=(11,), stride=(1,), padding=(15,), dilation=(3,))
        (2): Conv1d(256, 179, kernel_size=(11,), stride=(1,), padding=(25,), dilation=(5,))
      )
      (convs2): ModuleList(
        (0-2): 3 x Conv1d(179, 256, kernel_size=(11,), stride=(1,), padding=(5,))
      )
    )
    (3): ResBlock1(
      (convs1): ModuleList(
        (0): Conv1d(128, 90, kernel_size=(3,), stride=(1,), padding=(1,))
        (1): Conv1d(128, 90, kernel_size=(3,), stride=(1,), padding=(3,), dilation=(3,))
        (2): Conv1d(128, 90, kernel_size=(3,), stride=(1,), padding=(5,), dilation=(5,))
      )
      (convs2): ModuleList(
        (0-2): 3 x Conv1d(90, 128, kernel_size=(3,), stride=(1,), padding=(1,))
      )
    )
    (4): ResBlock1(
      (convs1): ModuleList(
        (0): Conv1d(128, 90, kernel_size=(7,), stride=(1,), padding=(3,))
        (1): Conv1d(128, 90, kernel_size=(7,), stride=(1,), padding=(9,), dilation=(3,))
        (2): Conv1d(128, 90, kernel_size=(7,), stride=(1,), padding=(15,), dilation=(5,))
      )
      (convs2): ModuleList(
        (0-2): 3 x Conv1d(90, 128, kernel_size=(7,), stride=(1,), padding=(3,))
      )
    )
    (5): ResBlock1(
      (convs1): ModuleList(
        (0): Conv1d(128, 90, kernel_size=(11,), stride=(1,), padding=(5,))
        (1): Conv1d(128, 90, kernel_size=(11,), stride=(1,), padding=(15,), dilation=(3,))
        (2): Conv1d(128, 90, kernel_size=(11,), stride=(1,), padding=(25,), dilation=(5,))
      )
      (convs2): ModuleList(
        (0-2): 3 x Conv1d(90, 128, kernel_size=(11,), stride=(1,), padding=(5,))
      )
    )
    (6): ResBlock1(
      (convs1): ModuleList(
        (0): Conv1d(64, 45, kernel_size=(3,), stride=(1,), padding=(1,))
        (1): Conv1d(64, 45, kernel_size=(3,), stride=(1,), padding=(3,), dilation=(3,))
        (2): Conv1d(64, 45, kernel_size=(3,), stride=(1,), padding=(5,), dilation=(5,))
      )
      (convs2): ModuleList(
        (0-2): 3 x Conv1d(45, 64, kernel_size=(3,), stride=(1,), padding=(1,))
      )
    )
    (7): ResBlock1(
      (convs1): ModuleList(
        (0): Conv1d(64, 45, kernel_size=(7,), stride=(1,), padding=(3,))
        (1): Conv1d(64, 45, kernel_size=(7,), stride=(1,), padding=(9,), dilation=(3,))
        (2): Conv1d(64, 45, kernel_size=(7,), stride=(1,), padding=(15,), dilation=(5,))
      )
      (convs2): ModuleList(
        (0-2): 3 x Conv1d(45, 64, kernel_size=(7,), stride=(1,), padding=(3,))
      )
    )
    (8): ResBlock1(
      (convs1): ModuleList(
        (0): Conv1d(64, 45, kernel_size=(11,), stride=(1,), padding=(5,))
        (1): Conv1d(64, 45, kernel_size=(11,), stride=(1,), padding=(15,), dilation=(3,))
        (2): Conv1d(64, 45, kernel_size=(11,), stride=(1,), padding=(25,), dilation=(5,))
      )
      (convs2): ModuleList(
        (0-2): 3 x Conv1d(45, 64, kernel_size=(11,), stride=(1,), padding=(5,))
      )
    )
    (9): ResBlock1(
      (convs1): ModuleList(
        (0): Conv1d(32, 22, kernel_size=(3,), stride=(1,), padding=(1,))
        (1): Conv1d(32, 22, kernel_size=(3,), stride=(1,), padding=(3,), dilation=(3,))
        (2): Conv1d(32, 22, kernel_size=(3,), stride=(1,), padding=(5,), dilation=(5,))
      )
      (convs2): ModuleList(
        (0-2): 3 x Conv1d(22, 32, kernel_size=(3,), stride=(1,), padding=(1,))
      )
    )
    (10): ResBlock1(
      (convs1): ModuleList(
        (0): Conv1d(32, 22, kernel_size=(7,), stride=(1,), padding=(3,))
        (1): Conv1d(32, 22, kernel_size=(7,), stride=(1,), padding=(9,), dilation=(3,))
        (2): Conv1d(32, 22, kernel_size=(7,), stride=(1,), padding=(15,), dilation=(5,))
      )
      (convs2): ModuleList(
        (0-2): 3 x Conv1d(22, 32, kernel_size=(7,), stride=(1,), padding=(3,))
      )
    )
    (11): ResBlock1(
      (convs1): ModuleList(
        (0): Conv1d(32, 22, kernel_size=(11,), stride=(1,), padding=(5,))
        (1): Conv1d(32, 22, kernel_size=(11,), stride=(1,), padding=(15,), dilation=(3,))
        (2): Conv1d(32, 22, kernel_size=(11,), stride=(1,), padding=(25,), dilation=(5,))
      )
      (convs2): ModuleList(
        (0-2): 3 x Conv1d(22, 32, kernel_size=(11,), stride=(1,), padding=(5,))
      )
    )
  )
  (conv_post): Conv1d(32, 1, kernel_size=(7,), stride=(1,), padding=(3,))
)
checkpoints directory :  /home/hpc/vlbi/vlbi107v/hifi-gan/cp_hifigan/v1_c512_physical30
history checkpoints directory :  /home/woody/vlbi/vlbi107v/cp_hifigan/v1_c512_physical30
Loading '/home/hpc/vlbi/vlbi107v/hifi-gan/cp_hifigan/v1_c512_physical30/g_00245000'
Complete.
Loading '/home/hpc/vlbi/vlbi107v/hifi-gan/cp_hifigan/v1_c512_physical30/do_00245000'
Complete.
Removing weight norm...
Epoch: 138
Steps : 245005, Gen Loss Total : 31.053, Mel-Spec. Error : 0.328, s/b : 0.216
Steps : 245010, Gen Loss Total : 28.757, Mel-Spec. Error : 0.309, s/b : 0.212
Steps : 245015, Gen Loss Total : 29.716, Mel-Spec. Error : 0.318, s/b : 0.209
Steps : 245020, Gen Loss Total : 28.340, Mel-Spec. Error : 0.312, s/b : 0.207
Steps : 245025, Gen Loss Total : 30.622, Mel-Spec. Error : 0.320, s/b : 0.212
Steps : 245030, Gen Loss Total : 31.255, Mel-Spec. Error : 0.303, s/b : 0.216
Steps : 245035, Gen Loss Total : 30.721, Mel-Spec. Error : 0.321, s/b : 0.213
Steps : 245040, Gen Loss Total : 29.710, Mel-Spec. Error : 0.312, s/b : 0.207
Steps : 245045, Gen Loss Total : 27.319, Mel-Spec. Error : 0.310, s/b : 0.210
Steps : 245050, Gen Loss Total : 27.851, Mel-Spec. Error : 0.298, s/b : 0.215
Steps : 245055, Gen Loss Total : 28.672, Mel-Spec. Error : 0.307, s/b : 0.212
Steps : 245060, Gen Loss Total : 30.911, Mel-Spec. Error : 0.328, s/b : 0.212
Steps : 245065, Gen Loss Total : 28.593, Mel-Spec. Error : 0.327, s/b : 0.215
Steps : 245070, Gen Loss Total : 27.782, Mel-Spec. Error : 0.313, s/b : 0.218
Steps : 245075, Gen Loss Total : 35.237, Mel-Spec. Error : 0.334, s/b : 0.210
Steps : 245080, Gen Loss Total : 31.594, Mel-Spec. Error : 0.336, s/b : 0.208
Steps : 245085, Gen Loss Total : 32.380, Mel-Spec. Error : 0.314, s/b : 0.211
Steps : 245090, Gen Loss Total : 28.663, Mel-Spec. Error : 0.306, s/b : 0.205
Steps : 245095, Gen Loss Total : 31.945, Mel-Spec. Error : 0.327, s/b : 0.205
Steps : 245100, Gen Loss Total : 29.627, Mel-Spec. Error : 0.305, s/b : 0.208
Steps : 245105, Gen Loss Total : 29.074, Mel-Spec. Error : 0.302, s/b : 0.211
Steps : 245110, Gen Loss Total : 29.859, Mel-Spec. Error : 0.314, s/b : 0.211
Steps : 245115, Gen Loss Total : 27.959, Mel-Spec. Error : 0.315, s/b : 0.213
Steps : 245120, Gen Loss Total : 29.993, Mel-Spec. Error : 0.325, s/b : 0.208
Steps : 245125, Gen Loss Total : 30.076, Mel-Spec. Error : 0.332, s/b : 0.210
Steps : 245130, Gen Loss Total : 29.876, Mel-Spec. Error : 0.318, s/b : 0.219
Steps : 245135, Gen Loss Total : 30.505, Mel-Spec. Error : 0.327, s/b : 0.208
Steps : 245140, Gen Loss Total : 28.690, Mel-Spec. Error : 0.315, s/b : 0.206
Steps : 245145, Gen Loss Total : 27.237, Mel-Spec. Error : 0.309, s/b : 0.213
Steps : 245150, Gen Loss Total : 30.025, Mel-Spec. Error : 0.318, s/b : 0.207
Steps : 245155, Gen Loss Total : 29.901, Mel-Spec. Error : 0.322, s/b : 0.211
Steps : 245160, Gen Loss Total : 27.468, Mel-Spec. Error : 0.313, s/b : 0.210
Steps : 245165, Gen Loss Total : 29.096, Mel-Spec. Error : 0.314, s/b : 0.207
Steps : 245170, Gen Loss Total : 29.019, Mel-Spec. Error : 0.338, s/b : 0.209
Steps : 245175, Gen Loss Total : 32.458, Mel-Spec. Error : 0.316, s/b : 0.212
Steps : 245180, Gen Loss Total : 28.706, Mel-Spec. Error : 0.323, s/b : 0.210
Steps : 245185, Gen Loss Total : 30.331, Mel-Spec. Error : 0.324, s/b : 0.210
Steps : 245190, Gen Loss Total : 28.876, Mel-Spec. Error : 0.335, s/b : 0.216
Steps : 245195, Gen Loss Total : 32.899, Mel-Spec. Error : 0.330, s/b : 0.209
Steps : 245200, Gen Loss Total : 29.515, Mel-Spec. Error : 0.320, s/b : 0.206
Steps : 245205, Gen Loss Total : 32.244, Mel-Spec. Error : 0.315, s/b : 0.209
Steps : 245210, Gen Loss Total : 29.905, Mel-Spec. Error : 0.318, s/b : 0.211
Steps : 245215, Gen Loss Total : 23.739, Mel-Spec. Error : 0.291, s/b : 0.211
Steps : 245220, Gen Loss Total : 30.561, Mel-Spec. Error : 0.307, s/b : 0.208
Steps : 245225, Gen Loss Total : 28.914, Mel-Spec. Error : 0.310, s/b : 0.208
Steps : 245230, Gen Loss Total : 32.588, Mel-Spec. Error : 0.320, s/b : 0.215
Steps : 245235, Gen Loss Total : 29.697, Mel-Spec. Error : 0.321, s/b : 0.211
Steps : 245240, Gen Loss Total : 29.892, Mel-Spec. Error : 0.312, s/b : 0.211
Steps : 245245, Gen Loss Total : 31.725, Mel-Spec. Error : 0.309, s/b : 0.211
Steps : 245250, Gen Loss Total : 29.600, Mel-Spec. Error : 0.300, s/b : 0.213
Steps : 245255, Gen Loss Total : 28.481, Mel-Spec. Error : 0.317, s/b : 0.209
Steps : 245260, Gen Loss Total : 29.522, Mel-Spec. Error : 0.312, s/b : 0.210
Steps : 245265, Gen Loss Total : 30.457, Mel-Spec. Error : 0.313, s/b : 0.213
Steps : 245270, Gen Loss Total : 29.116, Mel-Spec. Error : 0.317, s/b : 0.213
Steps : 245275, Gen Loss Total : 29.652, Mel-Spec. Error : 0.328, s/b : 0.208
Steps : 245280, Gen Loss Total : 29.150, Mel-Spec. Error : 0.313, s/b : 0.210
Steps : 245285, Gen Loss Total : 30.158, Mel-Spec. Error : 0.319, s/b : 0.209
Steps : 245290, Gen Loss Total : 31.415, Mel-Spec. Error : 0.336, s/b : 0.214
Steps : 245295, Gen Loss Total : 31.564, Mel-Spec. Error : 0.312, s/b : 0.210
Steps : 245300, Gen Loss Total : 30.025, Mel-Spec. Error : 0.301, s/b : 0.216
Steps : 245305, Gen Loss Total : 30.863, Mel-Spec. Error : 0.310, s/b : 0.212
Steps : 245310, Gen Loss Total : 31.930, Mel-Spec. Error : 0.301, s/b : 0.209
Steps : 245315, Gen Loss Total : 29.201, Mel-Spec. Error : 0.306, s/b : 0.208
Steps : 245320, Gen Loss Total : 30.082, Mel-Spec. Error : 0.303, s/b : 0.208
Steps : 245325, Gen Loss Total : 31.949, Mel-Spec. Error : 0.316, s/b : 0.213
Steps : 245330, Gen Loss Total : 29.027, Mel-Spec. Error : 0.312, s/b : 0.216
Steps : 245335, Gen Loss Total : 32.947, Mel-Spec. Error : 0.359, s/b : 0.213
Steps : 245340, Gen Loss Total : 33.436, Mel-Spec. Error : 0.338, s/b : 0.212
Steps : 245345, Gen Loss Total : 27.855, Mel-Spec. Error : 0.317, s/b : 0.211
Steps : 245350, Gen Loss Total : 27.340, Mel-Spec. Error : 0.308, s/b : 0.210
Steps : 245355, Gen Loss Total : 28.965, Mel-Spec. Error : 0.301, s/b : 0.209
Steps : 245360, Gen Loss Total : 31.116, Mel-Spec. Error : 0.313, s/b : 0.207
Steps : 245365, Gen Loss Total : 28.751, Mel-Spec. Error : 0.296, s/b : 0.212
Steps : 245370, Gen Loss Total : 30.147, Mel-Spec. Error : 0.308, s/b : 0.212
Steps : 245375, Gen Loss Total : 29.316, Mel-Spec. Error : 0.315, s/b : 0.212
Steps : 245380, Gen Loss Total : 30.528, Mel-Spec. Error : 0.330, s/b : 0.211
Steps : 245385, Gen Loss Total : 26.862, Mel-Spec. Error : 0.319, s/b : 0.211
Steps : 245390, Gen Loss Total : 29.500, Mel-Spec. Error : 0.315, s/b : 0.210
Steps : 245395, Gen Loss Total : 29.731, Mel-Spec. Error : 0.319, s/b : 0.207
Steps : 245400, Gen Loss Total : 32.345, Mel-Spec. Error : 0.320, s/b : 0.212
Steps : 245405, Gen Loss Total : 30.074, Mel-Spec. Error : 0.332, s/b : 0.209
Steps : 245410, Gen Loss Total : 32.915, Mel-Spec. Error : 0.334, s/b : 0.208
Steps : 245415, Gen Loss Total : 31.839, Mel-Spec. Error : 0.336, s/b : 0.210
Steps : 245420, Gen Loss Total : 29.082, Mel-Spec. Error : 0.324, s/b : 0.213
Steps : 245425, Gen Loss Total : 30.139, Mel-Spec. Error : 0.325, s/b : 0.213
Steps : 245430, Gen Loss Total : 27.934, Mel-Spec. Error : 0.319, s/b : 0.209
Steps : 245435, Gen Loss Total : 28.306, Mel-Spec. Error : 0.308, s/b : 0.209
Steps : 245440, Gen Loss Total : 29.085, Mel-Spec. Error : 0.313, s/b : 0.210
Steps : 245445, Gen Loss Total : 31.977, Mel-Spec. Error : 0.302, s/b : 0.209
Steps : 245450, Gen Loss Total : 30.384, Mel-Spec. Error : 0.317, s/b : 0.213
Steps : 245455, Gen Loss Total : 29.456, Mel-Spec. Error : 0.316, s/b : 0.213
Steps : 245460, Gen Loss Total : 28.774, Mel-Spec. Error : 0.297, s/b : 0.214
Steps : 245465, Gen Loss Total : 28.956, Mel-Spec. Error : 0.328, s/b : 0.212
Steps : 245470, Gen Loss Total : 31.511, Mel-Spec. Error : 0.343, s/b : 0.205
Steps : 245475, Gen Loss Total : 29.980, Mel-Spec. Error : 0.312, s/b : 0.213
Steps : 245480, Gen Loss Total : 27.765, Mel-Spec. Error : 0.316, s/b : 0.214
Steps : 245485, Gen Loss Total : 29.148, Mel-Spec. Error : 0.324, s/b : 0.209
Steps : 245490, Gen Loss Total : 27.908, Mel-Spec. Error : 0.305, s/b : 0.208
Steps : 245495, Gen Loss Total : 29.865, Mel-Spec. Error : 0.325, s/b : 0.209
Steps : 245500, Gen Loss Total : 30.398, Mel-Spec. Error : 0.306, s/b : 0.210
Steps : 245505, Gen Loss Total : 34.883, Mel-Spec. Error : 0.314, s/b : 0.213
Steps : 245510, Gen Loss Total : 31.992, Mel-Spec. Error : 0.309, s/b : 0.212
Steps : 245515, Gen Loss Total : 32.604, Mel-Spec. Error : 0.348, s/b : 0.208
Steps : 245520, Gen Loss Total : 31.086, Mel-Spec. Error : 0.319, s/b : 0.207
Steps : 245525, Gen Loss Total : 31.555, Mel-Spec. Error : 0.314, s/b : 0.211
Steps : 245530, Gen Loss Total : 29.827, Mel-Spec. Error : 0.305, s/b : 0.214
Steps : 245535, Gen Loss Total : 30.484, Mel-Spec. Error : 0.296, s/b : 0.213
Steps : 245540, Gen Loss Total : 28.732, Mel-Spec. Error : 0.309, s/b : 0.209
Steps : 245545, Gen Loss Total : 30.719, Mel-Spec. Error : 0.307, s/b : 0.213
Steps : 245550, Gen Loss Total : 31.390, Mel-Spec. Error : 0.317, s/b : 0.207
Steps : 245555, Gen Loss Total : 30.380, Mel-Spec. Error : 0.307, s/b : 0.209
Steps : 245560, Gen Loss Total : 32.092, Mel-Spec. Error : 0.309, s/b : 0.207
Steps : 245565, Gen Loss Total : 31.460, Mel-Spec. Error : 0.307, s/b : 0.210
Steps : 245570, Gen Loss Total : 30.546, Mel-Spec. Error : 0.307, s/b : 0.212
Steps : 245575, Gen Loss Total : 30.178, Mel-Spec. Error : 0.319, s/b : 0.209
Steps : 245580, Gen Loss Total : 28.298, Mel-Spec. Error : 0.306, s/b : 0.208
Steps : 245585, Gen Loss Total : 29.569, Mel-Spec. Error : 0.312, s/b : 0.208
Steps : 245590, Gen Loss Total : 28.971, Mel-Spec. Error : 0.308, s/b : 0.209
Steps : 245595, Gen Loss Total : 31.454, Mel-Spec. Error : 0.325, s/b : 0.207
Steps : 245600, Gen Loss Total : 29.340, Mel-Spec. Error : 0.312, s/b : 0.207
Steps : 245605, Gen Loss Total : 29.914, Mel-Spec. Error : 0.318, s/b : 0.213
Steps : 245610, Gen Loss Total : 27.350, Mel-Spec. Error : 0.309, s/b : 0.211
Steps : 245615, Gen Loss Total : 29.788, Mel-Spec. Error : 0.331, s/b : 0.211
Steps : 245620, Gen Loss Total : 28.867, Mel-Spec. Error : 0.329, s/b : 0.207
Steps : 245625, Gen Loss Total : 30.880, Mel-Spec. Error : 0.375, s/b : 0.208
Steps : 245630, Gen Loss Total : 29.655, Mel-Spec. Error : 0.310, s/b : 0.207
Steps : 245635, Gen Loss Total : 27.267, Mel-Spec. Error : 0.318, s/b : 0.207
Steps : 245640, Gen Loss Total : 30.211, Mel-Spec. Error : 0.315, s/b : 0.206
Steps : 245645, Gen Loss Total : 30.048, Mel-Spec. Error : 0.316, s/b : 0.210
Steps : 245650, Gen Loss Total : 30.801, Mel-Spec. Error : 0.322, s/b : 0.211
Steps : 245655, Gen Loss Total : 27.984, Mel-Spec. Error : 0.322, s/b : 0.205
Steps : 245660, Gen Loss Total : 29.942, Mel-Spec. Error : 0.326, s/b : 0.208
Steps : 245665, Gen Loss Total : 30.914, Mel-Spec. Error : 0.308, s/b : 0.211
Steps : 245670, Gen Loss Total : 27.116, Mel-Spec. Error : 0.307, s/b : 0.211
Steps : 245675, Gen Loss Total : 28.555, Mel-Spec. Error : 0.311, s/b : 0.208
Steps : 245680, Gen Loss Total : 30.999, Mel-Spec. Error : 0.307, s/b : 0.208
Steps : 245685, Gen Loss Total : 26.157, Mel-Spec. Error : 0.288, s/b : 0.206
Steps : 245690, Gen Loss Total : 30.915, Mel-Spec. Error : 0.333, s/b : 0.207
Steps : 245695, Gen Loss Total : 28.342, Mel-Spec. Error : 0.323, s/b : 0.205
Steps : 245700, Gen Loss Total : 28.963, Mel-Spec. Error : 0.310, s/b : 0.208
Steps : 245705, Gen Loss Total : 28.086, Mel-Spec. Error : 0.314, s/b : 0.212
Steps : 245710, Gen Loss Total : 31.308, Mel-Spec. Error : 0.315, s/b : 0.209
Steps : 245715, Gen Loss Total : 31.709, Mel-Spec. Error : 0.317, s/b : 0.208
Steps : 245720, Gen Loss Total : 31.287, Mel-Spec. Error : 0.321, s/b : 0.209
Steps : 245725, Gen Loss Total : 31.437, Mel-Spec. Error : 0.325, s/b : 0.210
Steps : 245730, Gen Loss Total : 29.718, Mel-Spec. Error : 0.304, s/b : 0.208
Steps : 245735, Gen Loss Total : 33.516, Mel-Spec. Error : 0.336, s/b : 0.209
Steps : 245740, Gen Loss Total : 31.497, Mel-Spec. Error : 0.325, s/b : 0.205
Steps : 245745, Gen Loss Total : 33.629, Mel-Spec. Error : 0.320, s/b : 0.207
Steps : 245750, Gen Loss Total : 35.219, Mel-Spec. Error : 0.346, s/b : 0.216
Steps : 245755, Gen Loss Total : 31.419, Mel-Spec. Error : 0.323, s/b : 0.210
Steps : 245760, Gen Loss Total : 31.772, Mel-Spec. Error : 0.322, s/b : 0.209
Steps : 245765, Gen Loss Total : 31.065, Mel-Spec. Error : 0.336, s/b : 0.208
Steps : 245770, Gen Loss Total : 31.750, Mel-Spec. Error : 0.323, s/b : 0.210
Steps : 245775, Gen Loss Total : 28.973, Mel-Spec. Error : 0.313, s/b : 0.207
Steps : 245780, Gen Loss Total : 27.426, Mel-Spec. Error : 0.311, s/b : 0.206
Steps : 245785, Gen Loss Total : 29.259, Mel-Spec. Error : 0.302, s/b : 0.211
Steps : 245790, Gen Loss Total : 31.727, Mel-Spec. Error : 0.330, s/b : 0.208
Steps : 245795, Gen Loss Total : 29.149, Mel-Spec. Error : 0.313, s/b : 0.210
Steps : 245800, Gen Loss Total : 30.302, Mel-Spec. Error : 0.306, s/b : 0.207
Steps : 245805, Gen Loss Total : 27.979, Mel-Spec. Error : 0.314, s/b : 0.208
Steps : 245810, Gen Loss Total : 30.933, Mel-Spec. Error : 0.324, s/b : 0.209
Steps : 245815, Gen Loss Total : 29.060, Mel-Spec. Error : 0.337, s/b : 0.209
Steps : 245820, Gen Loss Total : 29.588, Mel-Spec. Error : 0.322, s/b : 0.209
Steps : 245825, Gen Loss Total : 26.726, Mel-Spec. Error : 0.319, s/b : 0.208
Steps : 245830, Gen Loss Total : 30.004, Mel-Spec. Error : 0.329, s/b : 0.207
Steps : 245835, Gen Loss Total : 29.562, Mel-Spec. Error : 0.317, s/b : 0.209
Steps : 245840, Gen Loss Total : 30.080, Mel-Spec. Error : 0.308, s/b : 0.208
Steps : 245845, Gen Loss Total : 31.279, Mel-Spec. Error : 0.330, s/b : 0.210
Steps : 245850, Gen Loss Total : 30.444, Mel-Spec. Error : 0.323, s/b : 0.210
Steps : 245855, Gen Loss Total : 28.290, Mel-Spec. Error : 0.301, s/b : 0.208
Steps : 245860, Gen Loss Total : 27.320, Mel-Spec. Error : 0.324, s/b : 0.214
Steps : 245865, Gen Loss Total : 31.134, Mel-Spec. Error : 0.308, s/b : 0.212
Steps : 245870, Gen Loss Total : 29.157, Mel-Spec. Error : 0.307, s/b : 0.209
Steps : 245875, Gen Loss Total : 31.439, Mel-Spec. Error : 0.338, s/b : 0.212
Steps : 245880, Gen Loss Total : 30.959, Mel-Spec. Error : 0.327, s/b : 0.209
Steps : 245885, Gen Loss Total : 29.634, Mel-Spec. Error : 0.342, s/b : 0.210
Steps : 245890, Gen Loss Total : 29.953, Mel-Spec. Error : 0.314, s/b : 0.208
Steps : 245895, Gen Loss Total : 30.510, Mel-Spec. Error : 0.320, s/b : 0.213
Steps : 245900, Gen Loss Total : 31.076, Mel-Spec. Error : 0.327, s/b : 0.208
Steps : 245905, Gen Loss Total : 30.599, Mel-Spec. Error : 0.309, s/b : 0.211
Steps : 245910, Gen Loss Total : 29.230, Mel-Spec. Error : 0.310, s/b : 0.207
Steps : 245915, Gen Loss Total : 28.112, Mel-Spec. Error : 0.299, s/b : 0.212
Steps : 245920, Gen Loss Total : 28.643, Mel-Spec. Error : 0.315, s/b : 0.217
Steps : 245925, Gen Loss Total : 28.691, Mel-Spec. Error : 0.315, s/b : 0.209
Steps : 245930, Gen Loss Total : 28.616, Mel-Spec. Error : 0.305, s/b : 0.213
Steps : 245935, Gen Loss Total : 30.191, Mel-Spec. Error : 0.307, s/b : 0.208
Steps : 245940, Gen Loss Total : 28.176, Mel-Spec. Error : 0.313, s/b : 0.214
Steps : 245945, Gen Loss Total : 30.491, Mel-Spec. Error : 0.326, s/b : 0.209
Steps : 245950, Gen Loss Total : 27.524, Mel-Spec. Error : 0.292, s/b : 0.208
Steps : 245955, Gen Loss Total : 28.977, Mel-Spec. Error : 0.312, s/b : 0.211
Steps : 245960, Gen Loss Total : 27.883, Mel-Spec. Error : 0.304, s/b : 0.213
Steps : 245965, Gen Loss Total : 31.331, Mel-Spec. Error : 0.319, s/b : 0.213
Steps : 245970, Gen Loss Total : 29.949, Mel-Spec. Error : 0.310, s/b : 0.211
Steps : 245975, Gen Loss Total : 31.484, Mel-Spec. Error : 0.332, s/b : 0.205
Steps : 245980, Gen Loss Total : 30.916, Mel-Spec. Error : 0.325, s/b : 0.210
Steps : 245985, Gen Loss Total : 30.599, Mel-Spec. Error : 0.312, s/b : 0.211
Steps : 245990, Gen Loss Total : 32.366, Mel-Spec. Error : 0.333, s/b : 0.209
Steps : 245995, Gen Loss Total : 29.172, Mel-Spec. Error : 0.316, s/b : 0.208
Steps : 246000, Gen Loss Total : 30.590, Mel-Spec. Error : 0.321, s/b : 0.207
Steps : 246005, Gen Loss Total : 30.453, Mel-Spec. Error : 0.318, s/b : 0.209
Steps : 246010, Gen Loss Total : 30.624, Mel-Spec. Error : 0.309, s/b : 0.212
Steps : 246015, Gen Loss Total : 29.338, Mel-Spec. Error : 0.319, s/b : 0.209
Steps : 246020, Gen Loss Total : 28.090, Mel-Spec. Error : 0.303, s/b : 0.208
Steps : 246025, Gen Loss Total : 31.780, Mel-Spec. Error : 0.306, s/b : 0.215
Steps : 246030, Gen Loss Total : 31.685, Mel-Spec. Error : 0.307, s/b : 0.213
Steps : 246035, Gen Loss Total : 34.951, Mel-Spec. Error : 0.334, s/b : 0.211
Steps : 246040, Gen Loss Total : 27.905, Mel-Spec. Error : 0.309, s/b : 0.213
Steps : 246045, Gen Loss Total : 28.401, Mel-Spec. Error : 0.339, s/b : 0.215
Steps : 246050, Gen Loss Total : 32.409, Mel-Spec. Error : 0.343, s/b : 0.215
Steps : 246055, Gen Loss Total : 31.759, Mel-Spec. Error : 0.384, s/b : 0.211
Steps : 246060, Gen Loss Total : 32.414, Mel-Spec. Error : 0.341, s/b : 0.210
Steps : 246065, Gen Loss Total : 32.122, Mel-Spec. Error : 0.343, s/b : 0.219
Steps : 246070, Gen Loss Total : 31.808, Mel-Spec. Error : 0.324, s/b : 0.210
Steps : 246075, Gen Loss Total : 32.073, Mel-Spec. Error : 0.329, s/b : 0.209
Steps : 246080, Gen Loss Total : 32.289, Mel-Spec. Error : 0.343, s/b : 0.206
Steps : 246085, Gen Loss Total : 29.733, Mel-Spec. Error : 0.323, s/b : 0.211
Steps : 246090, Gen Loss Total : 30.496, Mel-Spec. Error : 0.331, s/b : 0.214
Steps : 246095, Gen Loss Total : 29.550, Mel-Spec. Error : 0.308, s/b : 0.207
Steps : 246100, Gen Loss Total : 31.163, Mel-Spec. Error : 0.342, s/b : 0.205
Steps : 246105, Gen Loss Total : 27.666, Mel-Spec. Error : 0.321, s/b : 0.212
Steps : 246110, Gen Loss Total : 30.161, Mel-Spec. Error : 0.320, s/b : 0.215
Steps : 246115, Gen Loss Total : 29.761, Mel-Spec. Error : 0.322, s/b : 0.210
Steps : 246120, Gen Loss Total : 30.080, Mel-Spec. Error : 0.317, s/b : 0.213
Steps : 246125, Gen Loss Total : 31.819, Mel-Spec. Error : 0.342, s/b : 0.214
Steps : 246130, Gen Loss Total : 27.456, Mel-Spec. Error : 0.327, s/b : 0.215
Steps : 246135, Gen Loss Total : 28.130, Mel-Spec. Error : 0.323, s/b : 0.210
Steps : 246140, Gen Loss Total : 28.832, Mel-Spec. Error : 0.330, s/b : 0.210
Steps : 246145, Gen Loss Total : 29.260, Mel-Spec. Error : 0.322, s/b : 0.213
Steps : 246150, Gen Loss Total : 30.678, Mel-Spec. Error : 0.321, s/b : 0.218
Steps : 246155, Gen Loss Total : 31.294, Mel-Spec. Error : 0.318, s/b : 0.214
Steps : 246160, Gen Loss Total : 31.700, Mel-Spec. Error : 0.324, s/b : 0.213
Steps : 246165, Gen Loss Total : 29.452, Mel-Spec. Error : 0.321, s/b : 0.212
Steps : 246170, Gen Loss Total : 29.144, Mel-Spec. Error : 0.320, s/b : 0.210
Steps : 246175, Gen Loss Total : 30.938, Mel-Spec. Error : 0.315, s/b : 0.212
Steps : 246180, Gen Loss Total : 26.877, Mel-Spec. Error : 0.302, s/b : 0.215
Steps : 246185, Gen Loss Total : 29.611, Mel-Spec. Error : 0.330, s/b : 0.209
Steps : 246190, Gen Loss Total : 29.159, Mel-Spec. Error : 0.319, s/b : 0.209
Steps : 246195, Gen Loss Total : 28.997, Mel-Spec. Error : 0.354, s/b : 0.215
Steps : 246200, Gen Loss Total : 28.559, Mel-Spec. Error : 0.325, s/b : 0.214
Steps : 246205, Gen Loss Total : 28.767, Mel-Spec. Error : 0.321, s/b : 0.211
Steps : 246210, Gen Loss Total : 31.252, Mel-Spec. Error : 0.323, s/b : 0.208
Steps : 246215, Gen Loss Total : 27.572, Mel-Spec. Error : 0.318, s/b : 0.215
Steps : 246220, Gen Loss Total : 28.889, Mel-Spec. Error : 0.312, s/b : 0.218
Steps : 246225, Gen Loss Total : 30.231, Mel-Spec. Error : 0.315, s/b : 0.211
Steps : 246230, Gen Loss Total : 30.022, Mel-Spec. Error : 0.320, s/b : 0.212
Steps : 246235, Gen Loss Total : 26.732, Mel-Spec. Error : 0.318, s/b : 0.218
Steps : 246240, Gen Loss Total : 29.593, Mel-Spec. Error : 0.331, s/b : 0.214
Steps : 246245, Gen Loss Total : 30.593, Mel-Spec. Error : 0.317, s/b : 0.210
Steps : 246250, Gen Loss Total : 31.085, Mel-Spec. Error : 0.327, s/b : 0.210
Steps : 246255, Gen Loss Total : 34.289, Mel-Spec. Error : 0.324, s/b : 0.215
Steps : 246260, Gen Loss Total : 30.514, Mel-Spec. Error : 0.312, s/b : 0.215
Steps : 246265, Gen Loss Total : 30.819, Mel-Spec. Error : 0.324, s/b : 0.213
Steps : 246270, Gen Loss Total : 32.138, Mel-Spec. Error : 0.338, s/b : 0.213
Steps : 246275, Gen Loss Total : 28.239, Mel-Spec. Error : 0.320, s/b : 0.220
Steps : 246280, Gen Loss Total : 27.590, Mel-Spec. Error : 0.316, s/b : 0.216
Steps : 246285, Gen Loss Total : 30.078, Mel-Spec. Error : 0.321, s/b : 0.208
Steps : 246290, Gen Loss Total : 28.153, Mel-Spec. Error : 0.311, s/b : 0.220
Steps : 246295, Gen Loss Total : 29.372, Mel-Spec. Error : 0.318, s/b : 0.213
Steps : 246300, Gen Loss Total : 30.748, Mel-Spec. Error : 0.333, s/b : 0.215
Steps : 246305, Gen Loss Total : 29.214, Mel-Spec. Error : 0.312, s/b : 0.211
Steps : 246310, Gen Loss Total : 29.421, Mel-Spec. Error : 0.301, s/b : 0.214
Steps : 246315, Gen Loss Total : 29.690, Mel-Spec. Error : 0.314, s/b : 0.217
Steps : 246320, Gen Loss Total : 30.911, Mel-Spec. Error : 0.315, s/b : 0.219
Steps : 246325, Gen Loss Total : 30.296, Mel-Spec. Error : 0.318, s/b : 0.210
Steps : 246330, Gen Loss Total : 30.112, Mel-Spec. Error : 0.332, s/b : 0.210
Steps : 246335, Gen Loss Total : 27.538, Mel-Spec. Error : 0.319, s/b : 0.214
Steps : 246340, Gen Loss Total : 29.988, Mel-Spec. Error : 0.323, s/b : 0.214
Steps : 246345, Gen Loss Total : 28.932, Mel-Spec. Error : 0.308, s/b : 0.210
Steps : 246350, Gen Loss Total : 28.742, Mel-Spec. Error : 0.313, s/b : 0.207
Steps : 246355, Gen Loss Total : 30.281, Mel-Spec. Error : 0.319, s/b : 0.215
Steps : 246360, Gen Loss Total : 28.745, Mel-Spec. Error : 0.312, s/b : 0.210
Steps : 246365, Gen Loss Total : 29.368, Mel-Spec. Error : 0.314, s/b : 0.215
Steps : 246370, Gen Loss Total : 29.213, Mel-Spec. Error : 0.316, s/b : 0.213
Steps : 246375, Gen Loss Total : 30.157, Mel-Spec. Error : 0.309, s/b : 0.211
Steps : 246380, Gen Loss Total : 29.787, Mel-Spec. Error : 0.311, s/b : 0.210
Steps : 246385, Gen Loss Total : 29.316, Mel-Spec. Error : 0.312, s/b : 0.216
Steps : 246390, Gen Loss Total : 29.952, Mel-Spec. Error : 0.338, s/b : 0.214
Steps : 246395, Gen Loss Total : 29.112, Mel-Spec. Error : 0.316, s/b : 0.206
Steps : 246400, Gen Loss Total : 30.432, Mel-Spec. Error : 0.341, s/b : 0.206
Steps : 246405, Gen Loss Total : 29.946, Mel-Spec. Error : 0.321, s/b : 0.214
Steps : 246410, Gen Loss Total : 28.663, Mel-Spec. Error : 0.308, s/b : 0.216
Steps : 246415, Gen Loss Total : 29.028, Mel-Spec. Error : 0.327, s/b : 0.209
Steps : 246420, Gen Loss Total : 27.700, Mel-Spec. Error : 0.317, s/b : 0.215
Steps : 246425, Gen Loss Total : 31.988, Mel-Spec. Error : 0.332, s/b : 0.216
Steps : 246430, Gen Loss Total : 29.762, Mel-Spec. Error : 0.323, s/b : 0.216
Steps : 246435, Gen Loss Total : 29.117, Mel-Spec. Error : 0.309, s/b : 0.206
Steps : 246440, Gen Loss Total : 30.989, Mel-Spec. Error : 0.319, s/b : 0.213
Steps : 246445, Gen Loss Total : 28.946, Mel-Spec. Error : 0.326, s/b : 0.217
Steps : 246450, Gen Loss Total : 28.348, Mel-Spec. Error : 0.321, s/b : 0.220
Steps : 246455, Gen Loss Total : 28.410, Mel-Spec. Error : 0.323, s/b : 0.214
Steps : 246460, Gen Loss Total : 31.765, Mel-Spec. Error : 0.318, s/b : 0.213
Steps : 246465, Gen Loss Total : 31.490, Mel-Spec. Error : 0.312, s/b : 0.215
Steps : 246470, Gen Loss Total : 30.841, Mel-Spec. Error : 0.320, s/b : 0.215
Steps : 246475, Gen Loss Total : 32.178, Mel-Spec. Error : 0.310, s/b : 0.210
Steps : 246480, Gen Loss Total : 34.159, Mel-Spec. Error : 0.325, s/b : 0.209
Steps : 246485, Gen Loss Total : 31.954, Mel-Spec. Error : 0.321, s/b : 0.213
Steps : 246490, Gen Loss Total : 30.543, Mel-Spec. Error : 0.316, s/b : 0.212
Steps : 246495, Gen Loss Total : 32.110, Mel-Spec. Error : 0.324, s/b : 0.213
Steps : 246500, Gen Loss Total : 28.592, Mel-Spec. Error : 0.318, s/b : 0.211
Steps : 246505, Gen Loss Total : 29.584, Mel-Spec. Error : 0.332, s/b : 0.217
Steps : 246510, Gen Loss Total : 27.098, Mel-Spec. Error : 0.311, s/b : 0.214
Steps : 246515, Gen Loss Total : 31.723, Mel-Spec. Error : 0.329, s/b : 0.209
Steps : 246520, Gen Loss Total : 28.433, Mel-Spec. Error : 0.315, s/b : 0.219
Steps : 246525, Gen Loss Total : 28.411, Mel-Spec. Error : 0.310, s/b : 0.216
Steps : 246530, Gen Loss Total : 30.612, Mel-Spec. Error : 0.320, s/b : 0.214
Steps : 246535, Gen Loss Total : 30.578, Mel-Spec. Error : 0.312, s/b : 0.209
Steps : 246540, Gen Loss Total : 29.090, Mel-Spec. Error : 0.311, s/b : 0.209
Steps : 246545, Gen Loss Total : 27.989, Mel-Spec. Error : 0.324, s/b : 0.208
Steps : 246550, Gen Loss Total : 29.581, Mel-Spec. Error : 0.314, s/b : 0.214
Steps : 246555, Gen Loss Total : 28.320, Mel-Spec. Error : 0.307, s/b : 0.209
Steps : 246560, Gen Loss Total : 29.812, Mel-Spec. Error : 0.337, s/b : 0.214
Steps : 246565, Gen Loss Total : 27.468, Mel-Spec. Error : 0.310, s/b : 0.210
Steps : 246570, Gen Loss Total : 29.259, Mel-Spec. Error : 0.298, s/b : 0.215
Steps : 246575, Gen Loss Total : 27.283, Mel-Spec. Error : 0.309, s/b : 0.208
Steps : 246580, Gen Loss Total : 28.770, Mel-Spec. Error : 0.328, s/b : 0.210
Steps : 246585, Gen Loss Total : 31.220, Mel-Spec. Error : 0.338, s/b : 0.212
Steps : 246590, Gen Loss Total : 29.344, Mel-Spec. Error : 0.332, s/b : 0.211
Steps : 246595, Gen Loss Total : 27.697, Mel-Spec. Error : 0.311, s/b : 0.210
Steps : 246600, Gen Loss Total : 30.325, Mel-Spec. Error : 0.331, s/b : 0.208
Steps : 246605, Gen Loss Total : 30.797, Mel-Spec. Error : 0.321, s/b : 0.214
Steps : 246610, Gen Loss Total : 27.838, Mel-Spec. Error : 0.315, s/b : 0.214
Steps : 246615, Gen Loss Total : 25.485, Mel-Spec. Error : 0.308, s/b : 0.208
Steps : 246620, Gen Loss Total : 29.030, Mel-Spec. Error : 0.322, s/b : 0.209
Steps : 246625, Gen Loss Total : 27.592, Mel-Spec. Error : 0.310, s/b : 0.217
Steps : 246630, Gen Loss Total : 27.657, Mel-Spec. Error : 0.318, s/b : 0.210
Steps : 246635, Gen Loss Total : 30.382, Mel-Spec. Error : 0.312, s/b : 0.212
Steps : 246640, Gen Loss Total : 27.457, Mel-Spec. Error : 0.314, s/b : 0.209
Steps : 246645, Gen Loss Total : 29.929, Mel-Spec. Error : 0.324, s/b : 0.218
Steps : 246650, Gen Loss Total : 29.319, Mel-Spec. Error : 0.320, s/b : 0.211
Steps : 246655, Gen Loss Total : 27.645, Mel-Spec. Error : 0.319, s/b : 0.209
Steps : 246660, Gen Loss Total : 29.030, Mel-Spec. Error : 0.324, s/b : 0.206
Steps : 246665, Gen Loss Total : 30.791, Mel-Spec. Error : 0.342, s/b : 0.212
Steps : 246670, Gen Loss Total : 34.463, Mel-Spec. Error : 0.318, s/b : 0.214
Steps : 246675, Gen Loss Total : 37.844, Mel-Spec. Error : 0.352, s/b : 0.207
Steps : 246680, Gen Loss Total : 35.290, Mel-Spec. Error : 0.336, s/b : 0.214
Steps : 246685, Gen Loss Total : 30.757, Mel-Spec. Error : 0.322, s/b : 0.217
Steps : 246690, Gen Loss Total : 31.891, Mel-Spec. Error : 0.319, s/b : 0.215
Steps : 246695, Gen Loss Total : 33.775, Mel-Spec. Error : 0.325, s/b : 0.214
Steps : 246700, Gen Loss Total : 30.312, Mel-Spec. Error : 0.335, s/b : 0.207
Steps : 246705, Gen Loss Total : 27.511, Mel-Spec. Error : 0.316, s/b : 0.214
Steps : 246710, Gen Loss Total : 31.448, Mel-Spec. Error : 0.322, s/b : 0.214
Steps : 246715, Gen Loss Total : 25.313, Mel-Spec. Error : 0.296, s/b : 0.208
Steps : 246720, Gen Loss Total : 30.689, Mel-Spec. Error : 0.334, s/b : 0.215
Steps : 246725, Gen Loss Total : 28.547, Mel-Spec. Error : 0.319, s/b : 0.213
Steps : 246730, Gen Loss Total : 30.002, Mel-Spec. Error : 0.319, s/b : 0.214
Steps : 246735, Gen Loss Total : 28.427, Mel-Spec. Error : 0.315, s/b : 0.211
Steps : 246740, Gen Loss Total : 28.678, Mel-Spec. Error : 0.312, s/b : 0.211
Steps : 246745, Gen Loss Total : 29.501, Mel-Spec. Error : 0.312, s/b : 0.212
Steps : 246750, Gen Loss Total : 29.720, Mel-Spec. Error : 0.312, s/b : 0.214
Steps : 246755, Gen Loss Total : 30.637, Mel-Spec. Error : 0.314, s/b : 0.216
Steps : 246760, Gen Loss Total : 30.765, Mel-Spec. Error : 0.313, s/b : 0.215
Steps : 246765, Gen Loss Total : 28.260, Mel-Spec. Error : 0.311, s/b : 0.214
Steps : 246770, Gen Loss Total : 28.537, Mel-Spec. Error : 0.312, s/b : 0.214
Steps : 246775, Gen Loss Total : 28.926, Mel-Spec. Error : 0.302, s/b : 0.207
Steps : 246780, Gen Loss Total : 32.017, Mel-Spec. Error : 0.333, s/b : 0.207
Time taken for epoch 138 is 537 sec

Epoch: 139
Steps : 246785, Gen Loss Total : 30.902, Mel-Spec. Error : 0.301, s/b : 0.217
Steps : 246790, Gen Loss Total : 29.567, Mel-Spec. Error : 0.327, s/b : 0.210
Steps : 246795, Gen Loss Total : 30.678, Mel-Spec. Error : 0.323, s/b : 0.210
Steps : 246800, Gen Loss Total : 28.191, Mel-Spec. Error : 0.311, s/b : 0.212
Steps : 246805, Gen Loss Total : 28.076, Mel-Spec. Error : 0.322, s/b : 0.213
Steps : 246810, Gen Loss Total : 28.263, Mel-Spec. Error : 0.312, s/b : 0.211
Steps : 246815, Gen Loss Total : 30.151, Mel-Spec. Error : 0.319, s/b : 0.210
Steps : 246820, Gen Loss Total : 28.887, Mel-Spec. Error : 0.306, s/b : 0.210
Steps : 246825, Gen Loss Total : 27.358, Mel-Spec. Error : 0.297, s/b : 0.213
Steps : 246830, Gen Loss Total : 30.064, Mel-Spec. Error : 0.306, s/b : 0.214
Steps : 246835, Gen Loss Total : 27.600, Mel-Spec. Error : 0.311, s/b : 0.211
Steps : 246840, Gen Loss Total : 29.402, Mel-Spec. Error : 0.320, s/b : 0.216
Steps : 246845, Gen Loss Total : 30.451, Mel-Spec. Error : 0.318, s/b : 0.215
Steps : 246850, Gen Loss Total : 28.888, Mel-Spec. Error : 0.312, s/b : 0.210
Steps : 246855, Gen Loss Total : 28.762, Mel-Spec. Error : 0.303, s/b : 0.210
Steps : 246860, Gen Loss Total : 31.340, Mel-Spec. Error : 0.326, s/b : 0.216
Steps : 246865, Gen Loss Total : 27.786, Mel-Spec. Error : 0.323, s/b : 0.212
Steps : 246870, Gen Loss Total : 29.471, Mel-Spec. Error : 0.314, s/b : 0.210
Steps : 246875, Gen Loss Total : 27.901, Mel-Spec. Error : 0.297, s/b : 0.209
Steps : 246880, Gen Loss Total : 30.259, Mel-Spec. Error : 0.314, s/b : 0.210
Steps : 246885, Gen Loss Total : 29.463, Mel-Spec. Error : 0.306, s/b : 0.213
Steps : 246890, Gen Loss Total : 29.559, Mel-Spec. Error : 0.318, s/b : 0.210
Steps : 246895, Gen Loss Total : 29.717, Mel-Spec. Error : 0.298, s/b : 0.210
Steps : 246900, Gen Loss Total : 26.077, Mel-Spec. Error : 0.313, s/b : 0.213
Steps : 246905, Gen Loss Total : 30.881, Mel-Spec. Error : 0.312, s/b : 0.217
Steps : 246910, Gen Loss Total : 31.228, Mel-Spec. Error : 0.331, s/b : 0.213
Steps : 246915, Gen Loss Total : 30.486, Mel-Spec. Error : 0.329, s/b : 0.208
Steps : 246920, Gen Loss Total : 32.157, Mel-Spec. Error : 0.334, s/b : 0.215
Steps : 246925, Gen Loss Total : 28.894, Mel-Spec. Error : 0.315, s/b : 0.215
Steps : 246930, Gen Loss Total : 30.006, Mel-Spec. Error : 0.325, s/b : 0.216
Steps : 246935, Gen Loss Total : 29.494, Mel-Spec. Error : 0.311, s/b : 0.212
Steps : 246940, Gen Loss Total : 28.326, Mel-Spec. Error : 0.321, s/b : 0.218
Steps : 246945, Gen Loss Total : 29.912, Mel-Spec. Error : 0.327, s/b : 0.215
Steps : 246950, Gen Loss Total : 31.687, Mel-Spec. Error : 0.315, s/b : 0.212
Steps : 246955, Gen Loss Total : 28.751, Mel-Spec. Error : 0.313, s/b : 0.209
Steps : 246960, Gen Loss Total : 30.542, Mel-Spec. Error : 0.316, s/b : 0.215
Steps : 246965, Gen Loss Total : 30.942, Mel-Spec. Error : 0.311, s/b : 0.212
Steps : 246970, Gen Loss Total : 29.763, Mel-Spec. Error : 0.306, s/b : 0.214
Steps : 246975, Gen Loss Total : 29.777, Mel-Spec. Error : 0.322, s/b : 0.209
Steps : 246980, Gen Loss Total : 31.877, Mel-Spec. Error : 0.347, s/b : 0.215
Steps : 246985, Gen Loss Total : 31.130, Mel-Spec. Error : 0.331, s/b : 0.212
Steps : 246990, Gen Loss Total : 31.000, Mel-Spec. Error : 0.331, s/b : 0.213
Steps : 246995, Gen Loss Total : 29.312, Mel-Spec. Error : 0.325, s/b : 0.209
Steps : 247000, Gen Loss Total : 31.005, Mel-Spec. Error : 0.324, s/b : 0.215
Steps : 247005, Gen Loss Total : 30.121, Mel-Spec. Error : 0.321, s/b : 0.212
Steps : 247010, Gen Loss Total : 29.869, Mel-Spec. Error : 0.325, s/b : 0.207
Steps : 247015, Gen Loss Total : 31.696, Mel-Spec. Error : 0.323, s/b : 0.215
Steps : 247020, Gen Loss Total : 28.597, Mel-Spec. Error : 0.324, s/b : 0.211
Steps : 247025, Gen Loss Total : 29.030, Mel-Spec. Error : 0.320, s/b : 0.214
Steps : 247030, Gen Loss Total : 26.648, Mel-Spec. Error : 0.304, s/b : 0.210
Steps : 247035, Gen Loss Total : 28.641, Mel-Spec. Error : 0.328, s/b : 0.211
Steps : 247040, Gen Loss Total : 29.272, Mel-Spec. Error : 0.332, s/b : 0.213
Steps : 247045, Gen Loss Total : 28.543, Mel-Spec. Error : 0.311, s/b : 0.209
Steps : 247050, Gen Loss Total : 29.378, Mel-Spec. Error : 0.317, s/b : 0.212
Steps : 247055, Gen Loss Total : 29.103, Mel-Spec. Error : 0.331, s/b : 0.218
Steps : 247060, Gen Loss Total : 31.159, Mel-Spec. Error : 0.320, s/b : 0.217
Steps : 247065, Gen Loss Total : 31.349, Mel-Spec. Error : 0.323, s/b : 0.211
Steps : 247070, Gen Loss Total : 28.679, Mel-Spec. Error : 0.318, s/b : 0.210
Steps : 247075, Gen Loss Total : 30.996, Mel-Spec. Error : 0.338, s/b : 0.214
Steps : 247080, Gen Loss Total : 31.284, Mel-Spec. Error : 0.317, s/b : 0.212
Steps : 247085, Gen Loss Total : 31.795, Mel-Spec. Error : 0.358, s/b : 0.211
Steps : 247090, Gen Loss Total : 29.723, Mel-Spec. Error : 0.314, s/b : 0.211
Steps : 247095, Gen Loss Total : 29.767, Mel-Spec. Error : 0.323, s/b : 0.217
Steps : 247100, Gen Loss Total : 29.349, Mel-Spec. Error : 0.319, s/b : 0.210
Steps : 247105, Gen Loss Total : 30.297, Mel-Spec. Error : 0.320, s/b : 0.211
Steps : 247110, Gen Loss Total : 30.211, Mel-Spec. Error : 0.317, s/b : 0.208
Steps : 247115, Gen Loss Total : 30.060, Mel-Spec. Error : 0.316, s/b : 0.213
Steps : 247120, Gen Loss Total : 28.944, Mel-Spec. Error : 0.299, s/b : 0.212
Steps : 247125, Gen Loss Total : 29.244, Mel-Spec. Error : 0.306, s/b : 0.211
Steps : 247130, Gen Loss Total : 30.338, Mel-Spec. Error : 0.306, s/b : 0.210
Steps : 247135, Gen Loss Total : 32.354, Mel-Spec. Error : 0.308, s/b : 0.214
Steps : 247140, Gen Loss Total : 31.999, Mel-Spec. Error : 0.316, s/b : 0.210
Steps : 247145, Gen Loss Total : 30.410, Mel-Spec. Error : 0.324, s/b : 0.212
Steps : 247150, Gen Loss Total : 30.792, Mel-Spec. Error : 0.320, s/b : 0.212
Steps : 247155, Gen Loss Total : 30.727, Mel-Spec. Error : 0.311, s/b : 0.215
Steps : 247160, Gen Loss Total : 29.359, Mel-Spec. Error : 0.321, s/b : 0.209
Steps : 247165, Gen Loss Total : 30.514, Mel-Spec. Error : 0.330, s/b : 0.208
Steps : 247170, Gen Loss Total : 29.642, Mel-Spec. Error : 0.309, s/b : 0.209
Steps : 247175, Gen Loss Total : 30.043, Mel-Spec. Error : 0.322, s/b : 0.212
Steps : 247180, Gen Loss Total : 30.364, Mel-Spec. Error : 0.328, s/b : 0.214
Steps : 247185, Gen Loss Total : 30.825, Mel-Spec. Error : 0.322, s/b : 0.215
Steps : 247190, Gen Loss Total : 30.408, Mel-Spec. Error : 0.312, s/b : 0.213
Steps : 247195, Gen Loss Total : 30.923, Mel-Spec. Error : 0.320, s/b : 0.207
Steps : 247200, Gen Loss Total : 32.012, Mel-Spec. Error : 0.314, s/b : 0.212
Steps : 247205, Gen Loss Total : 31.553, Mel-Spec. Error : 0.323, s/b : 0.209
Steps : 247210, Gen Loss Total : 30.959, Mel-Spec. Error : 0.318, s/b : 0.211
Steps : 247215, Gen Loss Total : 29.977, Mel-Spec. Error : 0.318, s/b : 0.212
Steps : 247220, Gen Loss Total : 30.914, Mel-Spec. Error : 0.316, s/b : 0.213
Steps : 247225, Gen Loss Total : 28.156, Mel-Spec. Error : 0.322, s/b : 0.209
Steps : 247230, Gen Loss Total : 29.912, Mel-Spec. Error : 0.336, s/b : 0.212
Steps : 247235, Gen Loss Total : 28.854, Mel-Spec. Error : 0.316, s/b : 0.210
Steps : 247240, Gen Loss Total : 27.995, Mel-Spec. Error : 0.306, s/b : 0.215
Steps : 247245, Gen Loss Total : 30.503, Mel-Spec. Error : 0.331, s/b : 0.212
Steps : 247250, Gen Loss Total : 28.615, Mel-Spec. Error : 0.308, s/b : 0.215
Steps : 247255, Gen Loss Total : 30.473, Mel-Spec. Error : 0.316, s/b : 0.215
Steps : 247260, Gen Loss Total : 30.205, Mel-Spec. Error : 0.337, s/b : 0.211
Steps : 247265, Gen Loss Total : 31.454, Mel-Spec. Error : 0.320, s/b : 0.213
Steps : 247270, Gen Loss Total : 28.872, Mel-Spec. Error : 0.318, s/b : 0.207
Steps : 247275, Gen Loss Total : 30.136, Mel-Spec. Error : 0.320, s/b : 0.216
Steps : 247280, Gen Loss Total : 29.908, Mel-Spec. Error : 0.316, s/b : 0.212
Steps : 247285, Gen Loss Total : 31.402, Mel-Spec. Error : 0.321, s/b : 0.210
Steps : 247290, Gen Loss Total : 28.926, Mel-Spec. Error : 0.329, s/b : 0.210
Steps : 247295, Gen Loss Total : 28.168, Mel-Spec. Error : 0.316, s/b : 0.216
Steps : 247300, Gen Loss Total : 28.289, Mel-Spec. Error : 0.305, s/b : 0.208
Steps : 247305, Gen Loss Total : 31.021, Mel-Spec. Error : 0.306, s/b : 0.212
Steps : 247310, Gen Loss Total : 32.270, Mel-Spec. Error : 0.318, s/b : 0.211
Steps : 247315, Gen Loss Total : 28.619, Mel-Spec. Error : 0.315, s/b : 0.213
Steps : 247320, Gen Loss Total : 30.586, Mel-Spec. Error : 0.316, s/b : 0.210
Steps : 247325, Gen Loss Total : 30.883, Mel-Spec. Error : 0.324, s/b : 0.211
Steps : 247330, Gen Loss Total : 30.304, Mel-Spec. Error : 0.305, s/b : 0.212
Steps : 247335, Gen Loss Total : 31.807, Mel-Spec. Error : 0.346, s/b : 0.212
Steps : 247340, Gen Loss Total : 30.528, Mel-Spec. Error : 0.334, s/b : 0.209
Steps : 247345, Gen Loss Total : 28.221, Mel-Spec. Error : 0.309, s/b : 0.209
Steps : 247350, Gen Loss Total : 29.008, Mel-Spec. Error : 0.315, s/b : 0.216
Steps : 247355, Gen Loss Total : 30.986, Mel-Spec. Error : 0.311, s/b : 0.209
Steps : 247360, Gen Loss Total : 26.393, Mel-Spec. Error : 0.305, s/b : 0.213
Steps : 247365, Gen Loss Total : 28.025, Mel-Spec. Error : 0.315, s/b : 0.211
Steps : 247370, Gen Loss Total : 31.554, Mel-Spec. Error : 0.319, s/b : 0.216
Steps : 247375, Gen Loss Total : 29.524, Mel-Spec. Error : 0.307, s/b : 0.210
Steps : 247380, Gen Loss Total : 26.899, Mel-Spec. Error : 0.303, s/b : 0.213
Steps : 247385, Gen Loss Total : 27.276, Mel-Spec. Error : 0.310, s/b : 0.211
Steps : 247390, Gen Loss Total : 26.481, Mel-Spec. Error : 0.311, s/b : 0.215
Steps : 247395, Gen Loss Total : 31.217, Mel-Spec. Error : 0.318, s/b : 0.211
Steps : 247400, Gen Loss Total : 28.613, Mel-Spec. Error : 0.297, s/b : 0.216
Steps : 247405, Gen Loss Total : 28.957, Mel-Spec. Error : 0.315, s/b : 0.213
Steps : 247410, Gen Loss Total : 28.620, Mel-Spec. Error : 0.319, s/b : 0.214
Steps : 247415, Gen Loss Total : 26.966, Mel-Spec. Error : 0.309, s/b : 0.207
Steps : 247420, Gen Loss Total : 31.847, Mel-Spec. Error : 0.335, s/b : 0.212
Steps : 247425, Gen Loss Total : 33.539, Mel-Spec. Error : 0.332, s/b : 0.209
Steps : 247430, Gen Loss Total : 33.447, Mel-Spec. Error : 0.335, s/b : 0.211
Steps : 247435, Gen Loss Total : 33.384, Mel-Spec. Error : 0.337, s/b : 0.210
Steps : 247440, Gen Loss Total : 30.884, Mel-Spec. Error : 0.344, s/b : 0.209
Steps : 247445, Gen Loss Total : 32.748, Mel-Spec. Error : 0.347, s/b : 0.209
Steps : 247450, Gen Loss Total : 32.606, Mel-Spec. Error : 0.339, s/b : 0.209
Steps : 247455, Gen Loss Total : 34.726, Mel-Spec. Error : 0.356, s/b : 0.215
Steps : 247460, Gen Loss Total : 32.907, Mel-Spec. Error : 0.342, s/b : 0.212
Steps : 247465, Gen Loss Total : 31.347, Mel-Spec. Error : 0.314, s/b : 0.210
Steps : 247470, Gen Loss Total : 30.179, Mel-Spec. Error : 0.339, s/b : 0.216
Steps : 247475, Gen Loss Total : 31.252, Mel-Spec. Error : 0.317, s/b : 0.209
Steps : 247480, Gen Loss Total : 30.586, Mel-Spec. Error : 0.332, s/b : 0.213
Steps : 247485, Gen Loss Total : 29.381, Mel-Spec. Error : 0.296, s/b : 0.211
Steps : 247490, Gen Loss Total : 30.504, Mel-Spec. Error : 0.321, s/b : 0.213
Steps : 247495, Gen Loss Total : 28.872, Mel-Spec. Error : 0.308, s/b : 0.206
Steps : 247500, Gen Loss Total : 29.792, Mel-Spec. Error : 0.321, s/b : 0.213
Steps : 247505, Gen Loss Total : 27.737, Mel-Spec. Error : 0.313, s/b : 0.209
Steps : 247510, Gen Loss Total : 31.368, Mel-Spec. Error : 0.318, s/b : 0.211
Steps : 247515, Gen Loss Total : 28.115, Mel-Spec. Error : 0.322, s/b : 0.210
Steps : 247520, Gen Loss Total : 28.746, Mel-Spec. Error : 0.304, s/b : 0.209
Steps : 247525, Gen Loss Total : 28.549, Mel-Spec. Error : 0.308, s/b : 0.212
Steps : 247530, Gen Loss Total : 27.620, Mel-Spec. Error : 0.312, s/b : 0.219
Steps : 247535, Gen Loss Total : 28.696, Mel-Spec. Error : 0.312, s/b : 0.208
Steps : 247540, Gen Loss Total : 26.410, Mel-Spec. Error : 0.315, s/b : 0.216
Steps : 247545, Gen Loss Total : 29.103, Mel-Spec. Error : 0.314, s/b : 0.213
Steps : 247550, Gen Loss Total : 26.774, Mel-Spec. Error : 0.311, s/b : 0.216
Steps : 247555, Gen Loss Total : 31.072, Mel-Spec. Error : 0.318, s/b : 0.211
Steps : 247560, Gen Loss Total : 27.406, Mel-Spec. Error : 0.311, s/b : 0.212
Steps : 247565, Gen Loss Total : 31.221, Mel-Spec. Error : 0.322, s/b : 0.215
Steps : 247570, Gen Loss Total : 29.477, Mel-Spec. Error : 0.333, s/b : 0.218
Steps : 247575, Gen Loss Total : 28.608, Mel-Spec. Error : 0.325, s/b : 0.206
Steps : 247580, Gen Loss Total : 29.410, Mel-Spec. Error : 0.322, s/b : 0.211
Steps : 247585, Gen Loss Total : 31.406, Mel-Spec. Error : 0.318, s/b : 0.208
Steps : 247590, Gen Loss Total : 33.165, Mel-Spec. Error : 0.325, s/b : 0.216
Steps : 247595, Gen Loss Total : 31.643, Mel-Spec. Error : 0.322, s/b : 0.212
Steps : 247600, Gen Loss Total : 31.845, Mel-Spec. Error : 0.324, s/b : 0.212
Steps : 247605, Gen Loss Total : 33.372, Mel-Spec. Error : 0.312, s/b : 0.215
Steps : 247610, Gen Loss Total : 32.889, Mel-Spec. Error : 0.326, s/b : 0.214
Steps : 247615, Gen Loss Total : 33.089, Mel-Spec. Error : 0.328, s/b : 0.213
Steps : 247620, Gen Loss Total : 30.944, Mel-Spec. Error : 0.327, s/b : 0.213
Steps : 247625, Gen Loss Total : 31.443, Mel-Spec. Error : 0.320, s/b : 0.212
Steps : 247630, Gen Loss Total : 31.427, Mel-Spec. Error : 0.314, s/b : 0.217
Steps : 247635, Gen Loss Total : 28.137, Mel-Spec. Error : 0.309, s/b : 0.206
Steps : 247640, Gen Loss Total : 31.183, Mel-Spec. Error : 0.313, s/b : 0.209
Steps : 247645, Gen Loss Total : 28.866, Mel-Spec. Error : 0.319, s/b : 0.209
Steps : 247650, Gen Loss Total : 28.674, Mel-Spec. Error : 0.313, s/b : 0.213
Steps : 247655, Gen Loss Total : 27.156, Mel-Spec. Error : 0.301, s/b : 0.213
Steps : 247660, Gen Loss Total : 26.948, Mel-Spec. Error : 0.303, s/b : 0.211
Steps : 247665, Gen Loss Total : 28.663, Mel-Spec. Error : 0.305, s/b : 0.210
Steps : 247670, Gen Loss Total : 28.523, Mel-Spec. Error : 0.311, s/b : 0.210
Steps : 247675, Gen Loss Total : 30.055, Mel-Spec. Error : 0.333, s/b : 0.210
Steps : 247680, Gen Loss Total : 28.441, Mel-Spec. Error : 0.316, s/b : 0.208
Steps : 247685, Gen Loss Total : 30.709, Mel-Spec. Error : 0.320, s/b : 0.209
Steps : 247690, Gen Loss Total : 29.818, Mel-Spec. Error : 0.310, s/b : 0.210
Steps : 247695, Gen Loss Total : 29.288, Mel-Spec. Error : 0.314, s/b : 0.210
Steps : 247700, Gen Loss Total : 29.498, Mel-Spec. Error : 0.310, s/b : 0.207
Steps : 247705, Gen Loss Total : 28.443, Mel-Spec. Error : 0.313, s/b : 0.213
Steps : 247710, Gen Loss Total : 29.714, Mel-Spec. Error : 0.318, s/b : 0.207
Steps : 247715, Gen Loss Total : 30.125, Mel-Spec. Error : 0.327, s/b : 0.214
Steps : 247720, Gen Loss Total : 31.656, Mel-Spec. Error : 0.318, s/b : 0.208
Steps : 247725, Gen Loss Total : 29.766, Mel-Spec. Error : 0.303, s/b : 0.212
Steps : 247730, Gen Loss Total : 31.646, Mel-Spec. Error : 0.316, s/b : 0.213
Steps : 247735, Gen Loss Total : 31.178, Mel-Spec. Error : 0.320, s/b : 0.213
Steps : 247740, Gen Loss Total : 28.601, Mel-Spec. Error : 0.319, s/b : 0.210
Steps : 247745, Gen Loss Total : 28.180, Mel-Spec. Error : 0.329, s/b : 0.208
Steps : 247750, Gen Loss Total : 29.737, Mel-Spec. Error : 0.314, s/b : 0.211
Steps : 247755, Gen Loss Total : 29.039, Mel-Spec. Error : 0.305, s/b : 0.215
Steps : 247760, Gen Loss Total : 28.925, Mel-Spec. Error : 0.323, s/b : 0.212
Steps : 247765, Gen Loss Total : 29.918, Mel-Spec. Error : 0.299, s/b : 0.213
Steps : 247770, Gen Loss Total : 31.359, Mel-Spec. Error : 0.322, s/b : 0.211
Steps : 247775, Gen Loss Total : 32.748, Mel-Spec. Error : 0.341, s/b : 0.208
Steps : 247780, Gen Loss Total : 29.879, Mel-Spec. Error : 0.311, s/b : 0.213
Steps : 247785, Gen Loss Total : 30.065, Mel-Spec. Error : 0.303, s/b : 0.212
Steps : 247790, Gen Loss Total : 31.208, Mel-Spec. Error : 0.320, s/b : 0.216
Steps : 247795, Gen Loss Total : 30.000, Mel-Spec. Error : 0.315, s/b : 0.208
Steps : 247800, Gen Loss Total : 31.434, Mel-Spec. Error : 0.321, s/b : 0.211
Steps : 247805, Gen Loss Total : 29.444, Mel-Spec. Error : 0.319, s/b : 0.211
Steps : 247810, Gen Loss Total : 29.813, Mel-Spec. Error : 0.321, s/b : 0.212
Steps : 247815, Gen Loss Total : 30.094, Mel-Spec. Error : 0.318, s/b : 0.215
Steps : 247820, Gen Loss Total : 31.106, Mel-Spec. Error : 0.338, s/b : 0.216
Steps : 247825, Gen Loss Total : 27.818, Mel-Spec. Error : 0.319, s/b : 0.216
Steps : 247830, Gen Loss Total : 27.382, Mel-Spec. Error : 0.308, s/b : 0.217
Steps : 247835, Gen Loss Total : 28.439, Mel-Spec. Error : 0.315, s/b : 0.213
Steps : 247840, Gen Loss Total : 29.470, Mel-Spec. Error : 0.307, s/b : 0.217
Steps : 247845, Gen Loss Total : 29.462, Mel-Spec. Error : 0.311, s/b : 0.213
Steps : 247850, Gen Loss Total : 31.198, Mel-Spec. Error : 0.329, s/b : 0.212
Steps : 247855, Gen Loss Total : 29.542, Mel-Spec. Error : 0.321, s/b : 0.215
Steps : 247860, Gen Loss Total : 30.424, Mel-Spec. Error : 0.316, s/b : 0.213
Steps : 247865, Gen Loss Total : 28.938, Mel-Spec. Error : 0.324, s/b : 0.212
Steps : 247870, Gen Loss Total : 28.786, Mel-Spec. Error : 0.327, s/b : 0.210
Steps : 247875, Gen Loss Total : 29.721, Mel-Spec. Error : 0.338, s/b : 0.210
Steps : 247880, Gen Loss Total : 28.010, Mel-Spec. Error : 0.306, s/b : 0.215
Steps : 247885, Gen Loss Total : 29.133, Mel-Spec. Error : 0.326, s/b : 0.215
Steps : 247890, Gen Loss Total : 30.121, Mel-Spec. Error : 0.338, s/b : 0.211
Steps : 247895, Gen Loss Total : 27.442, Mel-Spec. Error : 0.305, s/b : 0.211
Steps : 247900, Gen Loss Total : 31.658, Mel-Spec. Error : 0.328, s/b : 0.213
Steps : 247905, Gen Loss Total : 30.907, Mel-Spec. Error : 0.324, s/b : 0.214
Steps : 247910, Gen Loss Total : 30.790, Mel-Spec. Error : 0.355, s/b : 0.213
Steps : 247915, Gen Loss Total : 30.631, Mel-Spec. Error : 0.346, s/b : 0.211
Steps : 247920, Gen Loss Total : 27.621, Mel-Spec. Error : 0.333, s/b : 0.215
Steps : 247925, Gen Loss Total : 32.161, Mel-Spec. Error : 0.329, s/b : 0.213
Steps : 247930, Gen Loss Total : 30.860, Mel-Spec. Error : 0.347, s/b : 0.210
Steps : 247935, Gen Loss Total : 31.231, Mel-Spec. Error : 0.329, s/b : 0.213
Steps : 247940, Gen Loss Total : 31.948, Mel-Spec. Error : 0.347, s/b : 0.214
Steps : 247945, Gen Loss Total : 30.746, Mel-Spec. Error : 0.320, s/b : 0.211
Steps : 247950, Gen Loss Total : 31.467, Mel-Spec. Error : 0.323, s/b : 0.210
Steps : 247955, Gen Loss Total : 29.592, Mel-Spec. Error : 0.318, s/b : 0.213
Steps : 247960, Gen Loss Total : 32.573, Mel-Spec. Error : 0.333, s/b : 0.214
Steps : 247965, Gen Loss Total : 31.801, Mel-Spec. Error : 0.321, s/b : 0.213
Steps : 247970, Gen Loss Total : 28.616, Mel-Spec. Error : 0.323, s/b : 0.216
Steps : 247975, Gen Loss Total : 30.783, Mel-Spec. Error : 0.324, s/b : 0.210
Steps : 247980, Gen Loss Total : 30.858, Mel-Spec. Error : 0.320, s/b : 0.211
Steps : 247985, Gen Loss Total : 28.691, Mel-Spec. Error : 0.318, s/b : 0.217
Steps : 247990, Gen Loss Total : 29.923, Mel-Spec. Error : 0.315, s/b : 0.214
Steps : 247995, Gen Loss Total : 29.707, Mel-Spec. Error : 0.313, s/b : 0.209
Steps : 248000, Gen Loss Total : 28.454, Mel-Spec. Error : 0.306, s/b : 0.217
Steps : 248005, Gen Loss Total : 28.740, Mel-Spec. Error : 0.306, s/b : 0.211
Steps : 248010, Gen Loss Total : 28.980, Mel-Spec. Error : 0.319, s/b : 0.214
Steps : 248015, Gen Loss Total : 29.851, Mel-Spec. Error : 0.311, s/b : 0.212
Steps : 248020, Gen Loss Total : 30.773, Mel-Spec. Error : 0.309, s/b : 0.213
Steps : 248025, Gen Loss Total : 31.192, Mel-Spec. Error : 0.334, s/b : 0.216
Steps : 248030, Gen Loss Total : 29.278, Mel-Spec. Error : 0.312, s/b : 0.213
Steps : 248035, Gen Loss Total : 29.105, Mel-Spec. Error : 0.324, s/b : 0.217
Steps : 248040, Gen Loss Total : 29.978, Mel-Spec. Error : 0.325, s/b : 0.217
Steps : 248045, Gen Loss Total : 30.652, Mel-Spec. Error : 0.325, s/b : 0.211
Steps : 248050, Gen Loss Total : 30.921, Mel-Spec. Error : 0.331, s/b : 0.216
Steps : 248055, Gen Loss Total : 25.200, Mel-Spec. Error : 0.302, s/b : 0.215
Steps : 248060, Gen Loss Total : 30.416, Mel-Spec. Error : 0.315, s/b : 0.213
Steps : 248065, Gen Loss Total : 29.656, Mel-Spec. Error : 0.338, s/b : 0.213
Steps : 248070, Gen Loss Total : 30.570, Mel-Spec. Error : 0.315, s/b : 0.207
Steps : 248075, Gen Loss Total : 27.245, Mel-Spec. Error : 0.303, s/b : 0.214
Steps : 248080, Gen Loss Total : 29.166, Mel-Spec. Error : 0.305, s/b : 0.209
Steps : 248085, Gen Loss Total : 31.667, Mel-Spec. Error : 0.323, s/b : 0.214
Steps : 248090, Gen Loss Total : 28.046, Mel-Spec. Error : 0.311, s/b : 0.210
Steps : 248095, Gen Loss Total : 30.797, Mel-Spec. Error : 0.318, s/b : 0.213
Steps : 248100, Gen Loss Total : 31.314, Mel-Spec. Error : 0.333, s/b : 0.208
Steps : 248105, Gen Loss Total : 30.010, Mel-Spec. Error : 0.308, s/b : 0.211
Steps : 248110, Gen Loss Total : 30.775, Mel-Spec. Error : 0.322, s/b : 0.210
Steps : 248115, Gen Loss Total : 29.996, Mel-Spec. Error : 0.316, s/b : 0.214
Steps : 248120, Gen Loss Total : 29.661, Mel-Spec. Error : 0.315, s/b : 0.213
Steps : 248125, Gen Loss Total : 30.514, Mel-Spec. Error : 0.318, s/b : 0.213
Steps : 248130, Gen Loss Total : 28.582, Mel-Spec. Error : 0.324, s/b : 0.211
Steps : 248135, Gen Loss Total : 29.524, Mel-Spec. Error : 0.320, s/b : 0.213
Steps : 248140, Gen Loss Total : 28.968, Mel-Spec. Error : 0.321, s/b : 0.215
Steps : 248145, Gen Loss Total : 30.251, Mel-Spec. Error : 0.310, s/b : 0.211
Steps : 248150, Gen Loss Total : 31.735, Mel-Spec. Error : 0.312, s/b : 0.211
Steps : 248155, Gen Loss Total : 30.125, Mel-Spec. Error : 0.320, s/b : 0.213
Steps : 248160, Gen Loss Total : 30.906, Mel-Spec. Error : 0.326, s/b : 0.210
Steps : 248165, Gen Loss Total : 33.525, Mel-Spec. Error : 0.347, s/b : 0.211
Steps : 248170, Gen Loss Total : 31.241, Mel-Spec. Error : 0.341, s/b : 0.212
Steps : 248175, Gen Loss Total : 32.569, Mel-Spec. Error : 0.331, s/b : 0.207
Steps : 248180, Gen Loss Total : 31.496, Mel-Spec. Error : 0.310, s/b : 0.211
Steps : 248185, Gen Loss Total : 32.429, Mel-Spec. Error : 0.341, s/b : 0.210
Steps : 248190, Gen Loss Total : 31.256, Mel-Spec. Error : 0.335, s/b : 0.213
Steps : 248195, Gen Loss Total : 29.664, Mel-Spec. Error : 0.310, s/b : 0.208
Steps : 248200, Gen Loss Total : 30.327, Mel-Spec. Error : 0.319, s/b : 0.212
Steps : 248205, Gen Loss Total : 30.942, Mel-Spec. Error : 0.306, s/b : 0.210
Steps : 248210, Gen Loss Total : 28.948, Mel-Spec. Error : 0.338, s/b : 0.215
Steps : 248215, Gen Loss Total : 28.971, Mel-Spec. Error : 0.308, s/b : 0.209
Steps : 248220, Gen Loss Total : 30.674, Mel-Spec. Error : 0.316, s/b : 0.212
Steps : 248225, Gen Loss Total : 28.493, Mel-Spec. Error : 0.309, s/b : 0.210
Steps : 248230, Gen Loss Total : 31.470, Mel-Spec. Error : 0.324, s/b : 0.213
Steps : 248235, Gen Loss Total : 30.662, Mel-Spec. Error : 0.315, s/b : 0.210
Steps : 248240, Gen Loss Total : 27.879, Mel-Spec. Error : 0.299, s/b : 0.215
Steps : 248245, Gen Loss Total : 26.705, Mel-Spec. Error : 0.301, s/b : 0.212
Steps : 248250, Gen Loss Total : 26.255, Mel-Spec. Error : 0.300, s/b : 0.213
Steps : 248255, Gen Loss Total : 26.381, Mel-Spec. Error : 0.299, s/b : 0.210
Steps : 248260, Gen Loss Total : 28.097, Mel-Spec. Error : 0.317, s/b : 0.214
Steps : 248265, Gen Loss Total : 28.587, Mel-Spec. Error : 0.306, s/b : 0.215
Steps : 248270, Gen Loss Total : 27.725, Mel-Spec. Error : 0.313, s/b : 0.212
Steps : 248275, Gen Loss Total : 30.013, Mel-Spec. Error : 0.311, s/b : 0.207
Steps : 248280, Gen Loss Total : 27.340, Mel-Spec. Error : 0.312, s/b : 0.214
Steps : 248285, Gen Loss Total : 31.454, Mel-Spec. Error : 0.315, s/b : 0.210
Steps : 248290, Gen Loss Total : 29.311, Mel-Spec. Error : 0.312, s/b : 0.213
Steps : 248295, Gen Loss Total : 30.894, Mel-Spec. Error : 0.314, s/b : 0.207
Steps : 248300, Gen Loss Total : 30.206, Mel-Spec. Error : 0.321, s/b : 0.215
Steps : 248305, Gen Loss Total : 33.366, Mel-Spec. Error : 0.315, s/b : 0.213
Steps : 248310, Gen Loss Total : 30.501, Mel-Spec. Error : 0.316, s/b : 0.215
Steps : 248315, Gen Loss Total : 30.757, Mel-Spec. Error : 0.310, s/b : 0.208
Steps : 248320, Gen Loss Total : 29.486, Mel-Spec. Error : 0.301, s/b : 0.216
Steps : 248325, Gen Loss Total : 28.497, Mel-Spec. Error : 0.307, s/b : 0.211
Steps : 248330, Gen Loss Total : 30.782, Mel-Spec. Error : 0.308, s/b : 0.214
Steps : 248335, Gen Loss Total : 29.922, Mel-Spec. Error : 0.299, s/b : 0.208
Steps : 248340, Gen Loss Total : 29.575, Mel-Spec. Error : 0.318, s/b : 0.212
Steps : 248345, Gen Loss Total : 28.869, Mel-Spec. Error : 0.312, s/b : 0.212
Steps : 248350, Gen Loss Total : 31.680, Mel-Spec. Error : 0.321, s/b : 0.214
Steps : 248355, Gen Loss Total : 28.931, Mel-Spec. Error : 0.318, s/b : 0.208
Steps : 248360, Gen Loss Total : 30.322, Mel-Spec. Error : 0.329, s/b : 0.212
Steps : 248365, Gen Loss Total : 28.529, Mel-Spec. Error : 0.316, s/b : 0.212
Steps : 248370, Gen Loss Total : 31.320, Mel-Spec. Error : 0.315, s/b : 0.210
Steps : 248375, Gen Loss Total : 29.857, Mel-Spec. Error : 0.319, s/b : 0.214
Steps : 248380, Gen Loss Total : 30.347, Mel-Spec. Error : 0.312, s/b : 0.215
Steps : 248385, Gen Loss Total : 31.235, Mel-Spec. Error : 0.334, s/b : 0.217
Steps : 248390, Gen Loss Total : 29.096, Mel-Spec. Error : 0.327, s/b : 0.211
Steps : 248395, Gen Loss Total : 31.620, Mel-Spec. Error : 0.319, s/b : 0.212
Steps : 248400, Gen Loss Total : 31.895, Mel-Spec. Error : 0.319, s/b : 0.213
Steps : 248405, Gen Loss Total : 29.048, Mel-Spec. Error : 0.311, s/b : 0.209
Steps : 248410, Gen Loss Total : 32.120, Mel-Spec. Error : 0.313, s/b : 0.208
Steps : 248415, Gen Loss Total : 32.992, Mel-Spec. Error : 0.325, s/b : 0.207
Steps : 248420, Gen Loss Total : 30.641, Mel-Spec. Error : 0.318, s/b : 0.209
Steps : 248425, Gen Loss Total : 28.541, Mel-Spec. Error : 0.314, s/b : 0.211
Steps : 248430, Gen Loss Total : 28.783, Mel-Spec. Error : 0.312, s/b : 0.217
Steps : 248435, Gen Loss Total : 29.727, Mel-Spec. Error : 0.315, s/b : 0.210
Steps : 248440, Gen Loss Total : 28.662, Mel-Spec. Error : 0.319, s/b : 0.217
Steps : 248445, Gen Loss Total : 30.019, Mel-Spec. Error : 0.303, s/b : 0.212
Steps : 248450, Gen Loss Total : 30.488, Mel-Spec. Error : 0.313, s/b : 0.215
Steps : 248455, Gen Loss Total : 30.661, Mel-Spec. Error : 0.306, s/b : 0.206
Steps : 248460, Gen Loss Total : 32.060, Mel-Spec. Error : 0.324, s/b : 0.214
Steps : 248465, Gen Loss Total : 28.408, Mel-Spec. Error : 0.311, s/b : 0.211
Steps : 248470, Gen Loss Total : 31.141, Mel-Spec. Error : 0.309, s/b : 0.213
Steps : 248475, Gen Loss Total : 30.188, Mel-Spec. Error : 0.313, s/b : 0.209
Steps : 248480, Gen Loss Total : 30.637, Mel-Spec. Error : 0.326, s/b : 0.213
Steps : 248485, Gen Loss Total : 32.089, Mel-Spec. Error : 0.310, s/b : 0.215
Steps : 248490, Gen Loss Total : 30.406, Mel-Spec. Error : 0.313, s/b : 0.215
Steps : 248495, Gen Loss Total : 27.899, Mel-Spec. Error : 0.309, s/b : 0.209
Steps : 248500, Gen Loss Total : 31.929, Mel-Spec. Error : 0.322, s/b : 0.215
Steps : 248505, Gen Loss Total : 31.854, Mel-Spec. Error : 0.339, s/b : 0.209
Steps : 248510, Gen Loss Total : 26.925, Mel-Spec. Error : 0.310, s/b : 0.215
Steps : 248515, Gen Loss Total : 29.497, Mel-Spec. Error : 0.330, s/b : 0.209
Steps : 248520, Gen Loss Total : 29.464, Mel-Spec. Error : 0.321, s/b : 0.215
Steps : 248525, Gen Loss Total : 30.840, Mel-Spec. Error : 0.319, s/b : 0.216
Steps : 248530, Gen Loss Total : 31.795, Mel-Spec. Error : 0.308, s/b : 0.213
Steps : 248535, Gen Loss Total : 29.530, Mel-Spec. Error : 0.313, s/b : 0.211
Steps : 248540, Gen Loss Total : 27.724, Mel-Spec. Error : 0.334, s/b : 0.208
Steps : 248545, Gen Loss Total : 30.467, Mel-Spec. Error : 0.347, s/b : 0.208
Steps : 248550, Gen Loss Total : 30.999, Mel-Spec. Error : 0.325, s/b : 0.213
Steps : 248555, Gen Loss Total : 30.159, Mel-Spec. Error : 0.330, s/b : 0.213
Steps : 248560, Gen Loss Total : 30.646, Mel-Spec. Error : 0.321, s/b : 0.209
Steps : 248565, Gen Loss Total : 32.746, Mel-Spec. Error : 0.334, s/b : 0.208
Time taken for epoch 139 is 665 sec

Epoch: 140
Steps : 248570, Gen Loss Total : 30.756, Mel-Spec. Error : 0.327, s/b : 0.215
Steps : 248575, Gen Loss Total : 31.385, Mel-Spec. Error : 0.322, s/b : 0.215
Steps : 248580, Gen Loss Total : 30.287, Mel-Spec. Error : 0.315, s/b : 0.214
Steps : 248585, Gen Loss Total : 27.477, Mel-Spec. Error : 0.292, s/b : 0.211
Steps : 248590, Gen Loss Total : 29.285, Mel-Spec. Error : 0.294, s/b : 0.210
Steps : 248595, Gen Loss Total : 27.928, Mel-Spec. Error : 0.307, s/b : 0.211
Steps : 248600, Gen Loss Total : 28.285, Mel-Spec. Error : 0.316, s/b : 0.213
Steps : 248605, Gen Loss Total : 29.646, Mel-Spec. Error : 0.320, s/b : 0.212
Steps : 248610, Gen Loss Total : 27.405, Mel-Spec. Error : 0.315, s/b : 0.217
Steps : 248615, Gen Loss Total : 30.768, Mel-Spec. Error : 0.331, s/b : 0.213
Steps : 248620, Gen Loss Total : 29.383, Mel-Spec. Error : 0.319, s/b : 0.215
Steps : 248625, Gen Loss Total : 31.283, Mel-Spec. Error : 0.320, s/b : 0.215
Steps : 248630, Gen Loss Total : 27.168, Mel-Spec. Error : 0.303, s/b : 0.213
Steps : 248635, Gen Loss Total : 29.901, Mel-Spec. Error : 0.314, s/b : 0.214
Steps : 248640, Gen Loss Total : 27.729, Mel-Spec. Error : 0.307, s/b : 0.213
Steps : 248645, Gen Loss Total : 29.351, Mel-Spec. Error : 0.299, s/b : 0.208
Steps : 248650, Gen Loss Total : 30.247, Mel-Spec. Error : 0.342, s/b : 0.212
Steps : 248655, Gen Loss Total : 33.440, Mel-Spec. Error : 0.357, s/b : 0.213
Steps : 248660, Gen Loss Total : 29.752, Mel-Spec. Error : 0.320, s/b : 0.210
Steps : 248665, Gen Loss Total : 29.458, Mel-Spec. Error : 0.324, s/b : 0.213
Steps : 248670, Gen Loss Total : 32.441, Mel-Spec. Error : 0.329, s/b : 0.214
Steps : 248675, Gen Loss Total : 30.413, Mel-Spec. Error : 0.315, s/b : 0.220
Steps : 248680, Gen Loss Total : 27.320, Mel-Spec. Error : 0.308, s/b : 0.212
Steps : 248685, Gen Loss Total : 28.040, Mel-Spec. Error : 0.301, s/b : 0.211
Steps : 248690, Gen Loss Total : 28.989, Mel-Spec. Error : 0.309, s/b : 0.209
Steps : 248695, Gen Loss Total : 32.874, Mel-Spec. Error : 0.318, s/b : 0.213
Steps : 248700, Gen Loss Total : 27.947, Mel-Spec. Error : 0.301, s/b : 0.212
Steps : 248705, Gen Loss Total : 30.705, Mel-Spec. Error : 0.330, s/b : 0.210
Steps : 248710, Gen Loss Total : 29.108, Mel-Spec. Error : 0.318, s/b : 0.211
Steps : 248715, Gen Loss Total : 30.789, Mel-Spec. Error : 0.339, s/b : 0.216
Steps : 248720, Gen Loss Total : 30.111, Mel-Spec. Error : 0.318, s/b : 0.209
Steps : 248725, Gen Loss Total : 31.413, Mel-Spec. Error : 0.319, s/b : 0.213
Steps : 248730, Gen Loss Total : 29.501, Mel-Spec. Error : 0.325, s/b : 0.213
Steps : 248735, Gen Loss Total : 29.299, Mel-Spec. Error : 0.309, s/b : 0.216
Steps : 248740, Gen Loss Total : 31.807, Mel-Spec. Error : 0.324, s/b : 0.211
Steps : 248745, Gen Loss Total : 31.017, Mel-Spec. Error : 0.316, s/b : 0.207
Steps : 248750, Gen Loss Total : 34.761, Mel-Spec. Error : 0.342, s/b : 0.211
Steps : 248755, Gen Loss Total : 31.828, Mel-Spec. Error : 0.327, s/b : 0.214
Steps : 248760, Gen Loss Total : 31.837, Mel-Spec. Error : 0.324, s/b : 0.213
Steps : 248765, Gen Loss Total : 30.749, Mel-Spec. Error : 0.325, s/b : 0.208
Steps : 248770, Gen Loss Total : 30.979, Mel-Spec. Error : 0.311, s/b : 0.212
Steps : 248775, Gen Loss Total : 31.174, Mel-Spec. Error : 0.324, s/b : 0.217
Steps : 248780, Gen Loss Total : 29.760, Mel-Spec. Error : 0.326, s/b : 0.215
Steps : 248785, Gen Loss Total : 30.020, Mel-Spec. Error : 0.308, s/b : 0.210
Steps : 248790, Gen Loss Total : 30.967, Mel-Spec. Error : 0.328, s/b : 0.214
Steps : 248795, Gen Loss Total : 31.098, Mel-Spec. Error : 0.316, s/b : 0.211
Steps : 248800, Gen Loss Total : 30.520, Mel-Spec. Error : 0.326, s/b : 0.211
Steps : 248805, Gen Loss Total : 29.480, Mel-Spec. Error : 0.316, s/b : 0.211
Steps : 248810, Gen Loss Total : 30.905, Mel-Spec. Error : 0.317, s/b : 0.210
Steps : 248815, Gen Loss Total : 28.911, Mel-Spec. Error : 0.309, s/b : 0.218
Steps : 248820, Gen Loss Total : 29.074, Mel-Spec. Error : 0.314, s/b : 0.216
Steps : 248825, Gen Loss Total : 29.193, Mel-Spec. Error : 0.309, s/b : 0.211
Steps : 248830, Gen Loss Total : 26.673, Mel-Spec. Error : 0.320, s/b : 0.211
Steps : 248835, Gen Loss Total : 28.443, Mel-Spec. Error : 0.327, s/b : 0.213
Steps : 248840, Gen Loss Total : 28.328, Mel-Spec. Error : 0.308, s/b : 0.214
Steps : 248845, Gen Loss Total : 29.329, Mel-Spec. Error : 0.320, s/b : 0.209
Steps : 248850, Gen Loss Total : 32.059, Mel-Spec. Error : 0.314, s/b : 0.217
Steps : 248855, Gen Loss Total : 28.221, Mel-Spec. Error : 0.313, s/b : 0.218
Steps : 248860, Gen Loss Total : 30.495, Mel-Spec. Error : 0.324, s/b : 0.214
Steps : 248865, Gen Loss Total : 30.772, Mel-Spec. Error : 0.326, s/b : 0.210
Steps : 248870, Gen Loss Total : 29.720, Mel-Spec. Error : 0.317, s/b : 0.218
Steps : 248875, Gen Loss Total : 32.164, Mel-Spec. Error : 0.320, s/b : 0.219
Steps : 248880, Gen Loss Total : 29.127, Mel-Spec. Error : 0.317, s/b : 0.212
Steps : 248885, Gen Loss Total : 27.317, Mel-Spec. Error : 0.315, s/b : 0.213
Steps : 248890, Gen Loss Total : 29.218, Mel-Spec. Error : 0.329, s/b : 0.211
Steps : 248895, Gen Loss Total : 28.994, Mel-Spec. Error : 0.310, s/b : 0.214
Steps : 248900, Gen Loss Total : 26.777, Mel-Spec. Error : 0.314, s/b : 0.214
Steps : 248905, Gen Loss Total : 27.583, Mel-Spec. Error : 0.319, s/b : 0.209
Steps : 248910, Gen Loss Total : 29.395, Mel-Spec. Error : 0.340, s/b : 0.213
Steps : 248915, Gen Loss Total : 30.512, Mel-Spec. Error : 0.318, s/b : 0.213
Steps : 248920, Gen Loss Total : 31.340, Mel-Spec. Error : 0.330, s/b : 0.210
Steps : 248925, Gen Loss Total : 33.789, Mel-Spec. Error : 0.325, s/b : 0.211
Steps : 248930, Gen Loss Total : 29.805, Mel-Spec. Error : 0.317, s/b : 0.211
Steps : 248935, Gen Loss Total : 26.811, Mel-Spec. Error : 0.301, s/b : 0.212
Steps : 248940, Gen Loss Total : 28.864, Mel-Spec. Error : 0.312, s/b : 0.212
Steps : 248945, Gen Loss Total : 29.581, Mel-Spec. Error : 0.317, s/b : 0.206
Steps : 248950, Gen Loss Total : 31.811, Mel-Spec. Error : 0.323, s/b : 0.212
Steps : 248955, Gen Loss Total : 31.547, Mel-Spec. Error : 0.331, s/b : 0.211
Steps : 248960, Gen Loss Total : 34.657, Mel-Spec. Error : 0.325, s/b : 0.210
Steps : 248965, Gen Loss Total : 31.825, Mel-Spec. Error : 0.308, s/b : 0.210
Steps : 248970, Gen Loss Total : 29.066, Mel-Spec. Error : 0.314, s/b : 0.216
Steps : 248975, Gen Loss Total : 29.689, Mel-Spec. Error : 0.310, s/b : 0.210
Steps : 248980, Gen Loss Total : 30.497, Mel-Spec. Error : 0.317, s/b : 0.216
Steps : 248985, Gen Loss Total : 27.918, Mel-Spec. Error : 0.312, s/b : 0.209
Steps : 248990, Gen Loss Total : 28.935, Mel-Spec. Error : 0.311, s/b : 0.212
Steps : 248995, Gen Loss Total : 30.465, Mel-Spec. Error : 0.313, s/b : 0.215
Steps : 249000, Gen Loss Total : 31.016, Mel-Spec. Error : 0.320, s/b : 0.211
Steps : 249005, Gen Loss Total : 28.311, Mel-Spec. Error : 0.321, s/b : 0.207
Steps : 249010, Gen Loss Total : 29.964, Mel-Spec. Error : 0.308, s/b : 0.211
Steps : 249015, Gen Loss Total : 29.080, Mel-Spec. Error : 0.299, s/b : 0.217
Steps : 249020, Gen Loss Total : 27.152, Mel-Spec. Error : 0.309, s/b : 0.213
Steps : 249025, Gen Loss Total : 30.013, Mel-Spec. Error : 0.295, s/b : 0.219
Steps : 249030, Gen Loss Total : 28.835, Mel-Spec. Error : 0.308, s/b : 0.213
Steps : 249035, Gen Loss Total : 31.616, Mel-Spec. Error : 0.336, s/b : 0.208
Steps : 249040, Gen Loss Total : 31.191, Mel-Spec. Error : 0.328, s/b : 0.211
Steps : 249045, Gen Loss Total : 28.621, Mel-Spec. Error : 0.324, s/b : 0.212
Steps : 249050, Gen Loss Total : 31.159, Mel-Spec. Error : 0.350, s/b : 0.210
Steps : 249055, Gen Loss Total : 29.002, Mel-Spec. Error : 0.307, s/b : 0.210
Steps : 249060, Gen Loss Total : 31.744, Mel-Spec. Error : 0.322, s/b : 0.211
Steps : 249065, Gen Loss Total : 32.171, Mel-Spec. Error : 0.321, s/b : 0.214
Steps : 249070, Gen Loss Total : 33.617, Mel-Spec. Error : 0.329, s/b : 0.211
Steps : 249075, Gen Loss Total : 33.465, Mel-Spec. Error : 0.324, s/b : 0.207
Steps : 249080, Gen Loss Total : 32.959, Mel-Spec. Error : 0.321, s/b : 0.212
Steps : 249085, Gen Loss Total : 31.294, Mel-Spec. Error : 0.329, s/b : 0.213
Steps : 249090, Gen Loss Total : 31.232, Mel-Spec. Error : 0.343, s/b : 0.213
Steps : 249095, Gen Loss Total : 34.036, Mel-Spec. Error : 0.328, s/b : 0.210
Steps : 249100, Gen Loss Total : 30.482, Mel-Spec. Error : 0.311, s/b : 0.213
Steps : 249105, Gen Loss Total : 27.343, Mel-Spec. Error : 0.306, s/b : 0.214
Steps : 249110, Gen Loss Total : 33.828, Mel-Spec. Error : 0.319, s/b : 0.208
Steps : 249115, Gen Loss Total : 32.322, Mel-Spec. Error : 0.332, s/b : 0.209
Steps : 249120, Gen Loss Total : 30.604, Mel-Spec. Error : 0.336, s/b : 0.216
Steps : 249125, Gen Loss Total : 29.804, Mel-Spec. Error : 0.314, s/b : 0.213
Steps : 249130, Gen Loss Total : 30.042, Mel-Spec. Error : 0.330, s/b : 0.214
Steps : 249135, Gen Loss Total : 29.224, Mel-Spec. Error : 0.324, s/b : 0.214
Steps : 249140, Gen Loss Total : 29.333, Mel-Spec. Error : 0.305, s/b : 0.209
Steps : 249145, Gen Loss Total : 30.973, Mel-Spec. Error : 0.323, s/b : 0.211
Steps : 249150, Gen Loss Total : 27.454, Mel-Spec. Error : 0.314, s/b : 0.209
Steps : 249155, Gen Loss Total : 30.668, Mel-Spec. Error : 0.330, s/b : 0.213
Steps : 249160, Gen Loss Total : 29.859, Mel-Spec. Error : 0.313, s/b : 0.211
Steps : 249165, Gen Loss Total : 34.241, Mel-Spec. Error : 0.343, s/b : 0.214
Steps : 249170, Gen Loss Total : 28.444, Mel-Spec. Error : 0.318, s/b : 0.215
Steps : 249175, Gen Loss Total : 29.159, Mel-Spec. Error : 0.318, s/b : 0.211
Steps : 249180, Gen Loss Total : 28.377, Mel-Spec. Error : 0.314, s/b : 0.211
Steps : 249185, Gen Loss Total : 31.155, Mel-Spec. Error : 0.309, s/b : 0.213
Steps : 249190, Gen Loss Total : 31.805, Mel-Spec. Error : 0.303, s/b : 0.211
Steps : 249195, Gen Loss Total : 30.922, Mel-Spec. Error : 0.330, s/b : 0.210
Steps : 249200, Gen Loss Total : 30.169, Mel-Spec. Error : 0.313, s/b : 0.211
Steps : 249205, Gen Loss Total : 31.801, Mel-Spec. Error : 0.307, s/b : 0.216
Steps : 249210, Gen Loss Total : 34.092, Mel-Spec. Error : 0.342, s/b : 0.208
Steps : 249215, Gen Loss Total : 30.077, Mel-Spec. Error : 0.348, s/b : 0.212
Steps : 249220, Gen Loss Total : 34.558, Mel-Spec. Error : 0.342, s/b : 0.210
Steps : 249225, Gen Loss Total : 28.034, Mel-Spec. Error : 0.319, s/b : 0.211
Steps : 249230, Gen Loss Total : 27.757, Mel-Spec. Error : 0.300, s/b : 0.212
Steps : 249235, Gen Loss Total : 28.473, Mel-Spec. Error : 0.315, s/b : 0.211
Steps : 249240, Gen Loss Total : 29.383, Mel-Spec. Error : 0.313, s/b : 0.209
Steps : 249245, Gen Loss Total : 28.400, Mel-Spec. Error : 0.326, s/b : 0.213
Steps : 249250, Gen Loss Total : 27.655, Mel-Spec. Error : 0.307, s/b : 0.212
Steps : 249255, Gen Loss Total : 29.495, Mel-Spec. Error : 0.308, s/b : 0.208
Steps : 249260, Gen Loss Total : 29.196, Mel-Spec. Error : 0.316, s/b : 0.215
Steps : 249265, Gen Loss Total : 28.515, Mel-Spec. Error : 0.309, s/b : 0.213
Steps : 249270, Gen Loss Total : 28.976, Mel-Spec. Error : 0.307, s/b : 0.211
Steps : 249275, Gen Loss Total : 28.017, Mel-Spec. Error : 0.311, s/b : 0.211
Steps : 249280, Gen Loss Total : 30.142, Mel-Spec. Error : 0.319, s/b : 0.209
Steps : 249285, Gen Loss Total : 27.776, Mel-Spec. Error : 0.325, s/b : 0.214
Steps : 249290, Gen Loss Total : 30.391, Mel-Spec. Error : 0.340, s/b : 0.209
Steps : 249295, Gen Loss Total : 27.831, Mel-Spec. Error : 0.297, s/b : 0.213
Steps : 249300, Gen Loss Total : 27.283, Mel-Spec. Error : 0.314, s/b : 0.209
Steps : 249305, Gen Loss Total : 32.776, Mel-Spec. Error : 0.327, s/b : 0.213
Steps : 249310, Gen Loss Total : 30.611, Mel-Spec. Error : 0.314, s/b : 0.212
Steps : 249315, Gen Loss Total : 32.206, Mel-Spec. Error : 0.309, s/b : 0.214
Steps : 249320, Gen Loss Total : 30.588, Mel-Spec. Error : 0.319, s/b : 0.209
Steps : 249325, Gen Loss Total : 32.924, Mel-Spec. Error : 0.318, s/b : 0.211
Steps : 249330, Gen Loss Total : 29.735, Mel-Spec. Error : 0.319, s/b : 0.213
Steps : 249335, Gen Loss Total : 30.505, Mel-Spec. Error : 0.324, s/b : 0.214
Steps : 249340, Gen Loss Total : 31.445, Mel-Spec. Error : 0.331, s/b : 0.212
Steps : 249345, Gen Loss Total : 29.103, Mel-Spec. Error : 0.315, s/b : 0.217
Steps : 249350, Gen Loss Total : 32.760, Mel-Spec. Error : 0.306, s/b : 0.211
Steps : 249355, Gen Loss Total : 28.476, Mel-Spec. Error : 0.311, s/b : 0.209
Steps : 249360, Gen Loss Total : 30.274, Mel-Spec. Error : 0.307, s/b : 0.212
Steps : 249365, Gen Loss Total : 30.631, Mel-Spec. Error : 0.317, s/b : 0.210
Steps : 249370, Gen Loss Total : 28.560, Mel-Spec. Error : 0.324, s/b : 0.210
Steps : 249375, Gen Loss Total : 29.199, Mel-Spec. Error : 0.310, s/b : 0.211
Steps : 249380, Gen Loss Total : 32.203, Mel-Spec. Error : 0.319, s/b : 0.209
Steps : 249385, Gen Loss Total : 29.185, Mel-Spec. Error : 0.316, s/b : 0.210
Steps : 249390, Gen Loss Total : 28.930, Mel-Spec. Error : 0.302, s/b : 0.212
Steps : 249395, Gen Loss Total : 27.491, Mel-Spec. Error : 0.310, s/b : 0.212
Steps : 249400, Gen Loss Total : 29.497, Mel-Spec. Error : 0.322, s/b : 0.211
Steps : 249405, Gen Loss Total : 26.895, Mel-Spec. Error : 0.322, s/b : 0.214
Steps : 249410, Gen Loss Total : 27.362, Mel-Spec. Error : 0.320, s/b : 0.210
Steps : 249415, Gen Loss Total : 30.574, Mel-Spec. Error : 0.328, s/b : 0.212
Steps : 249420, Gen Loss Total : 27.690, Mel-Spec. Error : 0.320, s/b : 0.211
Steps : 249425, Gen Loss Total : 28.093, Mel-Spec. Error : 0.326, s/b : 0.213
Steps : 249430, Gen Loss Total : 30.453, Mel-Spec. Error : 0.317, s/b : 0.211
Steps : 249435, Gen Loss Total : 31.649, Mel-Spec. Error : 0.326, s/b : 0.212
Steps : 249440, Gen Loss Total : 29.017, Mel-Spec. Error : 0.316, s/b : 0.213
Steps : 249445, Gen Loss Total : 29.540, Mel-Spec. Error : 0.319, s/b : 0.210
Steps : 249450, Gen Loss Total : 29.802, Mel-Spec. Error : 0.315, s/b : 0.213
Steps : 249455, Gen Loss Total : 33.845, Mel-Spec. Error : 0.326, s/b : 0.214
Steps : 249460, Gen Loss Total : 30.435, Mel-Spec. Error : 0.306, s/b : 0.213
Steps : 249465, Gen Loss Total : 28.811, Mel-Spec. Error : 0.309, s/b : 0.209
Steps : 249470, Gen Loss Total : 30.668, Mel-Spec. Error : 0.316, s/b : 0.209
Steps : 249475, Gen Loss Total : 31.091, Mel-Spec. Error : 0.319, s/b : 0.210
Steps : 249480, Gen Loss Total : 29.270, Mel-Spec. Error : 0.313, s/b : 0.213
Steps : 249485, Gen Loss Total : 28.429, Mel-Spec. Error : 0.316, s/b : 0.212
Steps : 249490, Gen Loss Total : 32.058, Mel-Spec. Error : 0.343, s/b : 0.210
Steps : 249495, Gen Loss Total : 30.284, Mel-Spec. Error : 0.317, s/b : 0.210
Steps : 249500, Gen Loss Total : 30.665, Mel-Spec. Error : 0.325, s/b : 0.217
Steps : 249505, Gen Loss Total : 27.984, Mel-Spec. Error : 0.319, s/b : 0.212
Steps : 249510, Gen Loss Total : 29.715, Mel-Spec. Error : 0.340, s/b : 0.210
Steps : 249515, Gen Loss Total : 28.592, Mel-Spec. Error : 0.322, s/b : 0.211
Steps : 249520, Gen Loss Total : 29.711, Mel-Spec. Error : 0.310, s/b : 0.214
Steps : 249525, Gen Loss Total : 30.899, Mel-Spec. Error : 0.306, s/b : 0.212
Steps : 249530, Gen Loss Total : 28.823, Mel-Spec. Error : 0.308, s/b : 0.218
Steps : 249535, Gen Loss Total : 27.789, Mel-Spec. Error : 0.307, s/b : 0.210
Steps : 249540, Gen Loss Total : 31.418, Mel-Spec. Error : 0.310, s/b : 0.213
Steps : 249545, Gen Loss Total : 29.612, Mel-Spec. Error : 0.322, s/b : 0.213
Steps : 249550, Gen Loss Total : 31.207, Mel-Spec. Error : 0.324, s/b : 0.213
Steps : 249555, Gen Loss Total : 32.098, Mel-Spec. Error : 0.315, s/b : 0.212
Steps : 249560, Gen Loss Total : 30.104, Mel-Spec. Error : 0.321, s/b : 0.214
Steps : 249565, Gen Loss Total : 27.808, Mel-Spec. Error : 0.319, s/b : 0.210
Steps : 249570, Gen Loss Total : 31.166, Mel-Spec. Error : 0.343, s/b : 0.212
Steps : 249575, Gen Loss Total : 30.909, Mel-Spec. Error : 0.333, s/b : 0.215
Steps : 249580, Gen Loss Total : 33.269, Mel-Spec. Error : 0.324, s/b : 0.213
Steps : 249585, Gen Loss Total : 29.237, Mel-Spec. Error : 0.320, s/b : 0.213
Steps : 249590, Gen Loss Total : 28.578, Mel-Spec. Error : 0.325, s/b : 0.212
Steps : 249595, Gen Loss Total : 31.190, Mel-Spec. Error : 0.322, s/b : 0.211
Steps : 249600, Gen Loss Total : 28.987, Mel-Spec. Error : 0.320, s/b : 0.217
Steps : 249605, Gen Loss Total : 28.074, Mel-Spec. Error : 0.315, s/b : 0.211
Steps : 249610, Gen Loss Total : 29.508, Mel-Spec. Error : 0.326, s/b : 0.213
Steps : 249615, Gen Loss Total : 28.997, Mel-Spec. Error : 0.306, s/b : 0.214
Steps : 249620, Gen Loss Total : 28.106, Mel-Spec. Error : 0.309, s/b : 0.212
Steps : 249625, Gen Loss Total : 28.757, Mel-Spec. Error : 0.309, s/b : 0.210
Steps : 249630, Gen Loss Total : 29.047, Mel-Spec. Error : 0.314, s/b : 0.214
Steps : 249635, Gen Loss Total : 29.969, Mel-Spec. Error : 0.316, s/b : 0.213
Steps : 249640, Gen Loss Total : 26.831, Mel-Spec. Error : 0.300, s/b : 0.210
Steps : 249645, Gen Loss Total : 27.933, Mel-Spec. Error : 0.302, s/b : 0.209
Steps : 249650, Gen Loss Total : 28.977, Mel-Spec. Error : 0.300, s/b : 0.212
Steps : 249655, Gen Loss Total : 30.037, Mel-Spec. Error : 0.317, s/b : 0.213
Steps : 249660, Gen Loss Total : 28.721, Mel-Spec. Error : 0.311, s/b : 0.213
Steps : 249665, Gen Loss Total : 30.909, Mel-Spec. Error : 0.318, s/b : 0.210
Steps : 249670, Gen Loss Total : 33.419, Mel-Spec. Error : 0.324, s/b : 0.214
Steps : 249675, Gen Loss Total : 30.614, Mel-Spec. Error : 0.306, s/b : 0.217
Steps : 249680, Gen Loss Total : 30.282, Mel-Spec. Error : 0.306, s/b : 0.213
Steps : 249685, Gen Loss Total : 28.860, Mel-Spec. Error : 0.329, s/b : 0.208
Steps : 249690, Gen Loss Total : 31.381, Mel-Spec. Error : 0.314, s/b : 0.209
Steps : 249695, Gen Loss Total : 27.764, Mel-Spec. Error : 0.306, s/b : 0.209
Steps : 249700, Gen Loss Total : 28.534, Mel-Spec. Error : 0.322, s/b : 0.210
Steps : 249705, Gen Loss Total : 31.349, Mel-Spec. Error : 0.345, s/b : 0.213
Steps : 249710, Gen Loss Total : 30.946, Mel-Spec. Error : 0.317, s/b : 0.207
Steps : 249715, Gen Loss Total : 30.702, Mel-Spec. Error : 0.313, s/b : 0.210
Steps : 249720, Gen Loss Total : 32.719, Mel-Spec. Error : 0.317, s/b : 0.211
Steps : 249725, Gen Loss Total : 31.738, Mel-Spec. Error : 0.323, s/b : 0.212
Steps : 249730, Gen Loss Total : 29.125, Mel-Spec. Error : 0.320, s/b : 0.208
Steps : 249735, Gen Loss Total : 32.033, Mel-Spec. Error : 0.303, s/b : 0.212
Steps : 249740, Gen Loss Total : 30.411, Mel-Spec. Error : 0.315, s/b : 0.217
Steps : 249745, Gen Loss Total : 31.040, Mel-Spec. Error : 0.315, s/b : 0.212
Steps : 249750, Gen Loss Total : 30.015, Mel-Spec. Error : 0.321, s/b : 0.215
Steps : 249755, Gen Loss Total : 29.494, Mel-Spec. Error : 0.323, s/b : 0.217
Steps : 249760, Gen Loss Total : 28.480, Mel-Spec. Error : 0.320, s/b : 0.212
Steps : 249765, Gen Loss Total : 28.047, Mel-Spec. Error : 0.309, s/b : 0.214
Steps : 249770, Gen Loss Total : 29.769, Mel-Spec. Error : 0.323, s/b : 0.209
Steps : 249775, Gen Loss Total : 29.145, Mel-Spec. Error : 0.310, s/b : 0.209
Steps : 249780, Gen Loss Total : 30.381, Mel-Spec. Error : 0.311, s/b : 0.210
Steps : 249785, Gen Loss Total : 31.726, Mel-Spec. Error : 0.332, s/b : 0.212
Steps : 249790, Gen Loss Total : 31.563, Mel-Spec. Error : 0.305, s/b : 0.207
Steps : 249795, Gen Loss Total : 30.686, Mel-Spec. Error : 0.317, s/b : 0.214
Steps : 249800, Gen Loss Total : 29.821, Mel-Spec. Error : 0.327, s/b : 0.207
Steps : 249805, Gen Loss Total : 29.954, Mel-Spec. Error : 0.322, s/b : 0.211
Steps : 249810, Gen Loss Total : 30.326, Mel-Spec. Error : 0.322, s/b : 0.212
Steps : 249815, Gen Loss Total : 32.927, Mel-Spec. Error : 0.335, s/b : 0.210
Steps : 249820, Gen Loss Total : 32.327, Mel-Spec. Error : 0.316, s/b : 0.211
Steps : 249825, Gen Loss Total : 29.731, Mel-Spec. Error : 0.322, s/b : 0.214
Steps : 249830, Gen Loss Total : 28.616, Mel-Spec. Error : 0.317, s/b : 0.208
Steps : 249835, Gen Loss Total : 29.173, Mel-Spec. Error : 0.312, s/b : 0.215
Steps : 249840, Gen Loss Total : 30.778, Mel-Spec. Error : 0.334, s/b : 0.213
Steps : 249845, Gen Loss Total : 28.541, Mel-Spec. Error : 0.313, s/b : 0.213
Steps : 249850, Gen Loss Total : 27.970, Mel-Spec. Error : 0.311, s/b : 0.211
Steps : 249855, Gen Loss Total : 31.145, Mel-Spec. Error : 0.317, s/b : 0.211
Steps : 249860, Gen Loss Total : 28.444, Mel-Spec. Error : 0.311, s/b : 0.218
Steps : 249865, Gen Loss Total : 28.394, Mel-Spec. Error : 0.326, s/b : 0.211
Steps : 249870, Gen Loss Total : 30.958, Mel-Spec. Error : 0.339, s/b : 0.212
Steps : 249875, Gen Loss Total : 30.384, Mel-Spec. Error : 0.322, s/b : 0.214
Steps : 249880, Gen Loss Total : 32.684, Mel-Spec. Error : 0.336, s/b : 0.212
Steps : 249885, Gen Loss Total : 28.572, Mel-Spec. Error : 0.326, s/b : 0.212
Steps : 249890, Gen Loss Total : 27.719, Mel-Spec. Error : 0.318, s/b : 0.213
Steps : 249895, Gen Loss Total : 29.767, Mel-Spec. Error : 0.316, s/b : 0.210
Steps : 249900, Gen Loss Total : 29.996, Mel-Spec. Error : 0.323, s/b : 0.212
Steps : 249905, Gen Loss Total : 28.822, Mel-Spec. Error : 0.326, s/b : 0.212
Steps : 249910, Gen Loss Total : 29.701, Mel-Spec. Error : 0.316, s/b : 0.215
Steps : 249915, Gen Loss Total : 29.083, Mel-Spec. Error : 0.312, s/b : 0.210
Steps : 249920, Gen Loss Total : 29.974, Mel-Spec. Error : 0.318, s/b : 0.217
Steps : 249925, Gen Loss Total : 27.767, Mel-Spec. Error : 0.322, s/b : 0.212
Steps : 249930, Gen Loss Total : 27.693, Mel-Spec. Error : 0.309, s/b : 0.211
Steps : 249935, Gen Loss Total : 29.009, Mel-Spec. Error : 0.309, s/b : 0.212
Steps : 249940, Gen Loss Total : 31.255, Mel-Spec. Error : 0.330, s/b : 0.211
Steps : 249945, Gen Loss Total : 29.269, Mel-Spec. Error : 0.322, s/b : 0.209
Steps : 249950, Gen Loss Total : 29.847, Mel-Spec. Error : 0.319, s/b : 0.214
Steps : 249955, Gen Loss Total : 31.788, Mel-Spec. Error : 0.308, s/b : 0.213
Steps : 249960, Gen Loss Total : 30.767, Mel-Spec. Error : 0.302, s/b : 0.218
Steps : 249965, Gen Loss Total : 32.781, Mel-Spec. Error : 0.327, s/b : 0.212
Steps : 249970, Gen Loss Total : 32.802, Mel-Spec. Error : 0.335, s/b : 0.214
Steps : 249975, Gen Loss Total : 30.986, Mel-Spec. Error : 0.323, s/b : 0.211
Steps : 249980, Gen Loss Total : 33.264, Mel-Spec. Error : 0.313, s/b : 0.215
Steps : 249985, Gen Loss Total : 30.888, Mel-Spec. Error : 0.329, s/b : 0.206
Steps : 249990, Gen Loss Total : 29.925, Mel-Spec. Error : 0.313, s/b : 0.211
Steps : 249995, Gen Loss Total : 29.003, Mel-Spec. Error : 0.312, s/b : 0.214
Steps : 250000, Gen Loss Total : 28.225, Mel-Spec. Error : 0.320, s/b : 0.212
Saving checkpoint to /home/hpc/vlbi/vlbi107v/hifi-gan/cp_hifigan/v1_c512_physical30/g_00250000
Complete.
Saving checkpoint to /home/woody/vlbi/vlbi107v/cp_hifigan/v1_c512_physical30/g_00250000
Complete.
Saving checkpoint to /home/hpc/vlbi/vlbi107v/hifi-gan/cp_hifigan/v1_c512_physical30/do_00250000
Complete.
Saving checkpoint to /home/woody/vlbi/vlbi107v/cp_hifigan/v1_c512_physical30/do_00250000
Complete.
Steps : 250005, Gen Loss Total : 30.614, Mel-Spec. Error : 0.309, s/b : 0.213
Steps : 250010, Gen Loss Total : 30.315, Mel-Spec. Error : 0.321, s/b : 0.208
Steps : 250015, Gen Loss Total : 28.379, Mel-Spec. Error : 0.308, s/b : 0.212
Steps : 250020, Gen Loss Total : 28.702, Mel-Spec. Error : 0.316, s/b : 0.209
Steps : 250025, Gen Loss Total : 28.553, Mel-Spec. Error : 0.319, s/b : 0.215
Steps : 250030, Gen Loss Total : 32.239, Mel-Spec. Error : 0.354, s/b : 0.216
Steps : 250035, Gen Loss Total : 29.199, Mel-Spec. Error : 0.319, s/b : 0.215
Steps : 250040, Gen Loss Total : 28.092, Mel-Spec. Error : 0.326, s/b : 0.215
Steps : 250045, Gen Loss Total : 29.836, Mel-Spec. Error : 0.333, s/b : 0.210
Steps : 250050, Gen Loss Total : 32.147, Mel-Spec. Error : 0.332, s/b : 0.211
Steps : 250055, Gen Loss Total : 29.416, Mel-Spec. Error : 0.326, s/b : 0.211
Steps : 250060, Gen Loss Total : 30.419, Mel-Spec. Error : 0.321, s/b : 0.213
Steps : 250065, Gen Loss Total : 31.048, Mel-Spec. Error : 0.316, s/b : 0.209
Steps : 250070, Gen Loss Total : 28.349, Mel-Spec. Error : 0.315, s/b : 0.211
Steps : 250075, Gen Loss Total : 30.362, Mel-Spec. Error : 0.311, s/b : 0.213
Steps : 250080, Gen Loss Total : 30.459, Mel-Spec. Error : 0.314, s/b : 0.215
Steps : 250085, Gen Loss Total : 30.239, Mel-Spec. Error : 0.312, s/b : 0.214
Steps : 250090, Gen Loss Total : 31.275, Mel-Spec. Error : 0.320, s/b : 0.215
Steps : 250095, Gen Loss Total : 31.274, Mel-Spec. Error : 0.310, s/b : 0.214
Steps : 250100, Gen Loss Total : 31.146, Mel-Spec. Error : 0.307, s/b : 0.212
Steps : 250105, Gen Loss Total : 29.865, Mel-Spec. Error : 0.321, s/b : 0.209
Steps : 250110, Gen Loss Total : 34.586, Mel-Spec. Error : 0.347, s/b : 0.216
Steps : 250115, Gen Loss Total : 31.751, Mel-Spec. Error : 0.336, s/b : 0.214
Steps : 250120, Gen Loss Total : 29.958, Mel-Spec. Error : 0.332, s/b : 0.212
Steps : 250125, Gen Loss Total : 30.840, Mel-Spec. Error : 0.305, s/b : 0.209
Steps : 250130, Gen Loss Total : 27.741, Mel-Spec. Error : 0.317, s/b : 0.217
Steps : 250135, Gen Loss Total : 27.755, Mel-Spec. Error : 0.317, s/b : 0.208
Steps : 250140, Gen Loss Total : 29.278, Mel-Spec. Error : 0.317, s/b : 0.217
Steps : 250145, Gen Loss Total : 30.391, Mel-Spec. Error : 0.322, s/b : 0.216
Steps : 250150, Gen Loss Total : 28.319, Mel-Spec. Error : 0.313, s/b : 0.214
Steps : 250155, Gen Loss Total : 27.672, Mel-Spec. Error : 0.308, s/b : 0.212
Steps : 250160, Gen Loss Total : 31.334, Mel-Spec. Error : 0.314, s/b : 0.220
Steps : 250165, Gen Loss Total : 33.039, Mel-Spec. Error : 0.319, s/b : 0.208
Steps : 250170, Gen Loss Total : 30.578, Mel-Spec. Error : 0.317, s/b : 0.215
Steps : 250175, Gen Loss Total : 26.549, Mel-Spec. Error : 0.307, s/b : 0.216
Steps : 250180, Gen Loss Total : 27.709, Mel-Spec. Error : 0.320, s/b : 0.214
Steps : 250185, Gen Loss Total : 27.139, Mel-Spec. Error : 0.318, s/b : 0.215
Steps : 250190, Gen Loss Total : 30.792, Mel-Spec. Error : 0.328, s/b : 0.212
Steps : 250195, Gen Loss Total : 28.773, Mel-Spec. Error : 0.308, s/b : 0.211
Steps : 250200, Gen Loss Total : 29.462, Mel-Spec. Error : 0.314, s/b : 0.208
Steps : 250205, Gen Loss Total : 25.791, Mel-Spec. Error : 0.295, s/b : 0.215
Steps : 250210, Gen Loss Total : 28.105, Mel-Spec. Error : 0.295, s/b : 0.210
Steps : 250215, Gen Loss Total : 30.292, Mel-Spec. Error : 0.305, s/b : 0.213
Steps : 250220, Gen Loss Total : 27.988, Mel-Spec. Error : 0.310, s/b : 0.208
Steps : 250225, Gen Loss Total : 28.960, Mel-Spec. Error : 0.314, s/b : 0.212
Steps : 250230, Gen Loss Total : 30.196, Mel-Spec. Error : 0.325, s/b : 0.213
Steps : 250235, Gen Loss Total : 27.319, Mel-Spec. Error : 0.328, s/b : 0.215
Steps : 250240, Gen Loss Total : 29.386, Mel-Spec. Error : 0.326, s/b : 0.213
Steps : 250245, Gen Loss Total : 30.693, Mel-Spec. Error : 0.335, s/b : 0.212
Steps : 250250, Gen Loss Total : 30.578, Mel-Spec. Error : 0.325, s/b : 0.210
Steps : 250255, Gen Loss Total : 29.151, Mel-Spec. Error : 0.315, s/b : 0.210
Steps : 250260, Gen Loss Total : 29.301, Mel-Spec. Error : 0.311, s/b : 0.210
Steps : 250265, Gen Loss Total : 30.246, Mel-Spec. Error : 0.311, s/b : 0.213
Steps : 250270, Gen Loss Total : 31.941, Mel-Spec. Error : 0.320, s/b : 0.211
Steps : 250275, Gen Loss Total : 33.194, Mel-Spec. Error : 0.311, s/b : 0.211
Steps : 250280, Gen Loss Total : 30.663, Mel-Spec. Error : 0.323, s/b : 0.211
Steps : 250285, Gen Loss Total : 29.924, Mel-Spec. Error : 0.307, s/b : 0.214
Steps : 250290, Gen Loss Total : 28.328, Mel-Spec. Error : 0.315, s/b : 0.213
Steps : 250295, Gen Loss Total : 31.092, Mel-Spec. Error : 0.328, s/b : 0.215
Steps : 250300, Gen Loss Total : 27.911, Mel-Spec. Error : 0.317, s/b : 0.210
Steps : 250305, Gen Loss Total : 27.781, Mel-Spec. Error : 0.303, s/b : 0.212
Steps : 250310, Gen Loss Total : 28.807, Mel-Spec. Error : 0.326, s/b : 0.213
Steps : 250315, Gen Loss Total : 29.012, Mel-Spec. Error : 0.322, s/b : 0.211
Steps : 250320, Gen Loss Total : 28.782, Mel-Spec. Error : 0.300, s/b : 0.211
Steps : 250325, Gen Loss Total : 29.145, Mel-Spec. Error : 0.314, s/b : 0.214
Steps : 250330, Gen Loss Total : 31.931, Mel-Spec. Error : 0.324, s/b : 0.215
Steps : 250335, Gen Loss Total : 29.619, Mel-Spec. Error : 0.319, s/b : 0.212
Steps : 250340, Gen Loss Total : 31.237, Mel-Spec. Error : 0.329, s/b : 0.211
Steps : 250345, Gen Loss Total : 30.527, Mel-Spec. Error : 0.321, s/b : 0.206
Time taken for epoch 140 is 677 sec

Epoch: 141
Steps : 250350, Gen Loss Total : 29.352, Mel-Spec. Error : 0.336, s/b : 0.265
Steps : 250355, Gen Loss Total : 28.706, Mel-Spec. Error : 0.320, s/b : 0.210
Steps : 250360, Gen Loss Total : 28.278, Mel-Spec. Error : 0.316, s/b : 0.210
Steps : 250365, Gen Loss Total : 28.286, Mel-Spec. Error : 0.350, s/b : 0.212
Steps : 250370, Gen Loss Total : 26.125, Mel-Spec. Error : 0.295, s/b : 0.212
Steps : 250375, Gen Loss Total : 29.681, Mel-Spec. Error : 0.313, s/b : 0.213
Steps : 250380, Gen Loss Total : 30.576, Mel-Spec. Error : 0.324, s/b : 0.207
Steps : 250385, Gen Loss Total : 30.397, Mel-Spec. Error : 0.317, s/b : 0.208
Steps : 250390, Gen Loss Total : 30.856, Mel-Spec. Error : 0.321, s/b : 0.215
Steps : 250395, Gen Loss Total : 26.312, Mel-Spec. Error : 0.310, s/b : 0.213
Steps : 250400, Gen Loss Total : 29.448, Mel-Spec. Error : 0.310, s/b : 0.212
Steps : 250405, Gen Loss Total : 28.561, Mel-Spec. Error : 0.303, s/b : 0.213
Steps : 250410, Gen Loss Total : 29.124, Mel-Spec. Error : 0.327, s/b : 0.215
Steps : 250415, Gen Loss Total : 31.810, Mel-Spec. Error : 0.325, s/b : 0.211
Steps : 250420, Gen Loss Total : 30.077, Mel-Spec. Error : 0.313, s/b : 0.206
Steps : 250425, Gen Loss Total : 29.016, Mel-Spec. Error : 0.307, s/b : 0.215
Steps : 250430, Gen Loss Total : 32.092, Mel-Spec. Error : 0.314, s/b : 0.216
Steps : 250435, Gen Loss Total : 31.512, Mel-Spec. Error : 0.319, s/b : 0.210
Steps : 250440, Gen Loss Total : 29.239, Mel-Spec. Error : 0.315, s/b : 0.210
Steps : 250445, Gen Loss Total : 30.123, Mel-Spec. Error : 0.326, s/b : 0.212
Steps : 250450, Gen Loss Total : 32.690, Mel-Spec. Error : 0.331, s/b : 0.213
Steps : 250455, Gen Loss Total : 29.633, Mel-Spec. Error : 0.330, s/b : 0.209
Steps : 250460, Gen Loss Total : 31.657, Mel-Spec. Error : 0.329, s/b : 0.210
Steps : 250465, Gen Loss Total : 29.033, Mel-Spec. Error : 0.318, s/b : 0.212
Steps : 250470, Gen Loss Total : 31.805, Mel-Spec. Error : 0.327, s/b : 0.214
Steps : 250475, Gen Loss Total : 27.926, Mel-Spec. Error : 0.318, s/b : 0.209
Steps : 250480, Gen Loss Total : 31.992, Mel-Spec. Error : 0.327, s/b : 0.213
Steps : 250485, Gen Loss Total : 30.605, Mel-Spec. Error : 0.319, s/b : 0.212
Steps : 250490, Gen Loss Total : 30.325, Mel-Spec. Error : 0.313, s/b : 0.213
Steps : 250495, Gen Loss Total : 30.029, Mel-Spec. Error : 0.315, s/b : 0.208
Steps : 250500, Gen Loss Total : 31.310, Mel-Spec. Error : 0.310, s/b : 0.207
Steps : 250505, Gen Loss Total : 32.049, Mel-Spec. Error : 0.316, s/b : 0.214
Steps : 250510, Gen Loss Total : 29.100, Mel-Spec. Error : 0.315, s/b : 0.212
Steps : 250515, Gen Loss Total : 31.022, Mel-Spec. Error : 0.320, s/b : 0.208
Steps : 250520, Gen Loss Total : 29.960, Mel-Spec. Error : 0.303, s/b : 0.209
Steps : 250525, Gen Loss Total : 27.367, Mel-Spec. Error : 0.298, s/b : 0.212
Steps : 250530, Gen Loss Total : 30.971, Mel-Spec. Error : 0.323, s/b : 0.213
Steps : 250535, Gen Loss Total : 29.433, Mel-Spec. Error : 0.314, s/b : 0.214
Steps : 250540, Gen Loss Total : 30.112, Mel-Spec. Error : 0.319, s/b : 0.207
Steps : 250545, Gen Loss Total : 30.818, Mel-Spec. Error : 0.323, s/b : 0.212
Steps : 250550, Gen Loss Total : 30.658, Mel-Spec. Error : 0.321, s/b : 0.213
Steps : 250555, Gen Loss Total : 30.106, Mel-Spec. Error : 0.341, s/b : 0.213
Steps : 250560, Gen Loss Total : 32.808, Mel-Spec. Error : 0.364, s/b : 0.208
Steps : 250565, Gen Loss Total : 30.861, Mel-Spec. Error : 0.320, s/b : 0.214
Steps : 250570, Gen Loss Total : 31.415, Mel-Spec. Error : 0.319, s/b : 0.209
Steps : 250575, Gen Loss Total : 32.365, Mel-Spec. Error : 0.309, s/b : 0.212
Steps : 250580, Gen Loss Total : 32.078, Mel-Spec. Error : 0.316, s/b : 0.214
Steps : 250585, Gen Loss Total : 33.670, Mel-Spec. Error : 0.340, s/b : 0.214
Steps : 250590, Gen Loss Total : 31.042, Mel-Spec. Error : 0.320, s/b : 0.213
Steps : 250595, Gen Loss Total : 33.735, Mel-Spec. Error : 0.322, s/b : 0.213
Steps : 250600, Gen Loss Total : 34.149, Mel-Spec. Error : 0.305, s/b : 0.212
Steps : 250605, Gen Loss Total : 34.707, Mel-Spec. Error : 0.340, s/b : 0.212
Steps : 250610, Gen Loss Total : 33.153, Mel-Spec. Error : 0.344, s/b : 0.215
Steps : 250615, Gen Loss Total : 31.634, Mel-Spec. Error : 0.331, s/b : 0.209
Steps : 250620, Gen Loss Total : 27.610, Mel-Spec. Error : 0.320, s/b : 0.208
Steps : 250625, Gen Loss Total : 28.536, Mel-Spec. Error : 0.311, s/b : 0.213
Steps : 250630, Gen Loss Total : 28.385, Mel-Spec. Error : 0.320, s/b : 0.215
Steps : 250635, Gen Loss Total : 28.522, Mel-Spec. Error : 0.312, s/b : 0.206
Steps : 250640, Gen Loss Total : 27.689, Mel-Spec. Error : 0.304, s/b : 0.209
Steps : 250645, Gen Loss Total : 29.293, Mel-Spec. Error : 0.303, s/b : 0.211
Steps : 250650, Gen Loss Total : 26.125, Mel-Spec. Error : 0.308, s/b : 0.214
Steps : 250655, Gen Loss Total : 29.029, Mel-Spec. Error : 0.305, s/b : 0.209
Steps : 250660, Gen Loss Total : 30.097, Mel-Spec. Error : 0.303, s/b : 0.211
Steps : 250665, Gen Loss Total : 30.116, Mel-Spec. Error : 0.322, s/b : 0.214
Steps : 250670, Gen Loss Total : 27.368, Mel-Spec. Error : 0.302, s/b : 0.214
Steps : 250675, Gen Loss Total : 30.275, Mel-Spec. Error : 0.328, s/b : 0.209
Steps : 250680, Gen Loss Total : 30.644, Mel-Spec. Error : 0.321, s/b : 0.209
Steps : 250685, Gen Loss Total : 28.655, Mel-Spec. Error : 0.300, s/b : 0.211
Steps : 250690, Gen Loss Total : 29.995, Mel-Spec. Error : 0.302, s/b : 0.215
Steps : 250695, Gen Loss Total : 31.085, Mel-Spec. Error : 0.311, s/b : 0.206
Steps : 250700, Gen Loss Total : 30.170, Mel-Spec. Error : 0.321, s/b : 0.208
Steps : 250705, Gen Loss Total : 27.910, Mel-Spec. Error : 0.315, s/b : 0.211
Steps : 250710, Gen Loss Total : 30.861, Mel-Spec. Error : 0.320, s/b : 0.214
Steps : 250715, Gen Loss Total : 28.736, Mel-Spec. Error : 0.317, s/b : 0.207
Steps : 250720, Gen Loss Total : 30.993, Mel-Spec. Error : 0.329, s/b : 0.208
Steps : 250725, Gen Loss Total : 31.486, Mel-Spec. Error : 0.349, s/b : 0.211
Steps : 250730, Gen Loss Total : 30.149, Mel-Spec. Error : 0.326, s/b : 0.214
Steps : 250735, Gen Loss Total : 31.290, Mel-Spec. Error : 0.331, s/b : 0.209
Steps : 250740, Gen Loss Total : 29.943, Mel-Spec. Error : 0.328, s/b : 0.208
Steps : 250745, Gen Loss Total : 31.876, Mel-Spec. Error : 0.333, s/b : 0.209
Steps : 250750, Gen Loss Total : 30.475, Mel-Spec. Error : 0.329, s/b : 0.215
Steps : 250755, Gen Loss Total : 29.514, Mel-Spec. Error : 0.299, s/b : 0.207
Steps : 250760, Gen Loss Total : 27.659, Mel-Spec. Error : 0.297, s/b : 0.206
Steps : 250765, Gen Loss Total : 32.594, Mel-Spec. Error : 0.349, s/b : 0.207
Steps : 250770, Gen Loss Total : 28.808, Mel-Spec. Error : 0.331, s/b : 0.213
Steps : 250775, Gen Loss Total : 29.594, Mel-Spec. Error : 0.308, s/b : 0.207
Steps : 250780, Gen Loss Total : 30.299, Mel-Spec. Error : 0.318, s/b : 0.208
Steps : 250785, Gen Loss Total : 28.175, Mel-Spec. Error : 0.310, s/b : 0.211
Steps : 250790, Gen Loss Total : 30.669, Mel-Spec. Error : 0.308, s/b : 0.211
Steps : 250795, Gen Loss Total : 32.922, Mel-Spec. Error : 0.316, s/b : 0.209
Steps : 250800, Gen Loss Total : 29.462, Mel-Spec. Error : 0.305, s/b : 0.208
Steps : 250805, Gen Loss Total : 31.559, Mel-Spec. Error : 0.318, s/b : 0.209
Steps : 250810, Gen Loss Total : 31.533, Mel-Spec. Error : 0.326, s/b : 0.212
Steps : 250815, Gen Loss Total : 30.799, Mel-Spec. Error : 0.316, s/b : 0.212
Steps : 250820, Gen Loss Total : 28.793, Mel-Spec. Error : 0.320, s/b : 0.207
Steps : 250825, Gen Loss Total : 30.981, Mel-Spec. Error : 0.363, s/b : 0.213
Steps : 250830, Gen Loss Total : 30.202, Mel-Spec. Error : 0.321, s/b : 0.213
Steps : 250835, Gen Loss Total : 31.987, Mel-Spec. Error : 0.335, s/b : 0.209
Steps : 250840, Gen Loss Total : 30.137, Mel-Spec. Error : 0.328, s/b : 0.207
Steps : 250845, Gen Loss Total : 30.098, Mel-Spec. Error : 0.318, s/b : 0.209
Steps : 250850, Gen Loss Total : 27.743, Mel-Spec. Error : 0.327, s/b : 0.211
Steps : 250855, Gen Loss Total : 28.187, Mel-Spec. Error : 0.306, s/b : 0.210
Steps : 250860, Gen Loss Total : 27.579, Mel-Spec. Error : 0.300, s/b : 0.207
Steps : 250865, Gen Loss Total : 27.175, Mel-Spec. Error : 0.306, s/b : 0.213
Steps : 250870, Gen Loss Total : 29.925, Mel-Spec. Error : 0.322, s/b : 0.215
Steps : 250875, Gen Loss Total : 28.741, Mel-Spec. Error : 0.315, s/b : 0.207
Steps : 250880, Gen Loss Total : 29.931, Mel-Spec. Error : 0.326, s/b : 0.209
Steps : 250885, Gen Loss Total : 26.654, Mel-Spec. Error : 0.303, s/b : 0.209
Steps : 250890, Gen Loss Total : 30.209, Mel-Spec. Error : 0.315, s/b : 0.216
Steps : 250895, Gen Loss Total : 30.131, Mel-Spec. Error : 0.330, s/b : 0.207
Steps : 250900, Gen Loss Total : 29.231, Mel-Spec. Error : 0.321, s/b : 0.209
Steps : 250905, Gen Loss Total : 28.616, Mel-Spec. Error : 0.303, s/b : 0.211
Steps : 250910, Gen Loss Total : 29.538, Mel-Spec. Error : 0.317, s/b : 0.213
Steps : 250915, Gen Loss Total : 30.273, Mel-Spec. Error : 0.310, s/b : 0.210
Steps : 250920, Gen Loss Total : 27.816, Mel-Spec. Error : 0.317, s/b : 0.208
Steps : 250925, Gen Loss Total : 33.630, Mel-Spec. Error : 0.325, s/b : 0.213
Steps : 250930, Gen Loss Total : 30.036, Mel-Spec. Error : 0.309, s/b : 0.214
Steps : 250935, Gen Loss Total : 29.198, Mel-Spec. Error : 0.334, s/b : 0.210
Steps : 250940, Gen Loss Total : 30.415, Mel-Spec. Error : 0.332, s/b : 0.207
Steps : 250945, Gen Loss Total : 32.803, Mel-Spec. Error : 0.334, s/b : 0.209
Steps : 250950, Gen Loss Total : 30.058, Mel-Spec. Error : 0.331, s/b : 0.214
Steps : 250955, Gen Loss Total : 30.269, Mel-Spec. Error : 0.333, s/b : 0.211
Steps : 250960, Gen Loss Total : 29.920, Mel-Spec. Error : 0.339, s/b : 0.207
Steps : 250965, Gen Loss Total : 29.326, Mel-Spec. Error : 0.333, s/b : 0.210
Steps : 250970, Gen Loss Total : 29.573, Mel-Spec. Error : 0.311, s/b : 0.216
Steps : 250975, Gen Loss Total : 31.612, Mel-Spec. Error : 0.305, s/b : 0.207
Steps : 250980, Gen Loss Total : 27.963, Mel-Spec. Error : 0.298, s/b : 0.211
Steps : 250985, Gen Loss Total : 28.748, Mel-Spec. Error : 0.307, s/b : 0.208
Steps : 250990, Gen Loss Total : 30.676, Mel-Spec. Error : 0.313, s/b : 0.213
Steps : 250995, Gen Loss Total : 27.261, Mel-Spec. Error : 0.315, s/b : 0.211
Steps : 251000, Gen Loss Total : 31.799, Mel-Spec. Error : 0.314, s/b : 0.207
Steps : 251005, Gen Loss Total : 30.569, Mel-Spec. Error : 0.339, s/b : 0.210
Steps : 251010, Gen Loss Total : 25.177, Mel-Spec. Error : 0.314, s/b : 0.217
Steps : 251015, Gen Loss Total : 28.940, Mel-Spec. Error : 0.326, s/b : 0.210
Steps : 251020, Gen Loss Total : 28.576, Mel-Spec. Error : 0.317, s/b : 0.210
Steps : 251025, Gen Loss Total : 28.149, Mel-Spec. Error : 0.308, s/b : 0.214
Steps : 251030, Gen Loss Total : 28.755, Mel-Spec. Error : 0.326, s/b : 0.214
Steps : 251035, Gen Loss Total : 33.158, Mel-Spec. Error : 0.375, s/b : 0.209
Steps : 251040, Gen Loss Total : 32.777, Mel-Spec. Error : 0.332, s/b : 0.206
Steps : 251045, Gen Loss Total : 30.141, Mel-Spec. Error : 0.330, s/b : 0.214
Steps : 251050, Gen Loss Total : 29.923, Mel-Spec. Error : 0.335, s/b : 0.213
Steps : 251055, Gen Loss Total : 28.295, Mel-Spec. Error : 0.318, s/b : 0.211
Steps : 251060, Gen Loss Total : 30.014, Mel-Spec. Error : 0.305, s/b : 0.212
Steps : 251065, Gen Loss Total : 30.344, Mel-Spec. Error : 0.330, s/b : 0.207
Steps : 251070, Gen Loss Total : 28.161, Mel-Spec. Error : 0.312, s/b : 0.218
Steps : 251075, Gen Loss Total : 32.260, Mel-Spec. Error : 0.328, s/b : 0.211
Steps : 251080, Gen Loss Total : 29.416, Mel-Spec. Error : 0.327, s/b : 0.209
Steps : 251085, Gen Loss Total : 29.208, Mel-Spec. Error : 0.308, s/b : 0.210
Steps : 251090, Gen Loss Total : 30.430, Mel-Spec. Error : 0.329, s/b : 0.211
Steps : 251095, Gen Loss Total : 27.974, Mel-Spec. Error : 0.314, s/b : 0.214
Steps : 251100, Gen Loss Total : 28.975, Mel-Spec. Error : 0.310, s/b : 0.207
Steps : 251105, Gen Loss Total : 28.855, Mel-Spec. Error : 0.321, s/b : 0.211
Steps : 251110, Gen Loss Total : 30.467, Mel-Spec. Error : 0.322, s/b : 0.216
Steps : 251115, Gen Loss Total : 28.712, Mel-Spec. Error : 0.317, s/b : 0.205
Steps : 251120, Gen Loss Total : 32.060, Mel-Spec. Error : 0.316, s/b : 0.209
Steps : 251125, Gen Loss Total : 27.622, Mel-Spec. Error : 0.314, s/b : 0.208
Steps : 251130, Gen Loss Total : 28.132, Mel-Spec. Error : 0.304, s/b : 0.217
Steps : 251135, Gen Loss Total : 32.915, Mel-Spec. Error : 0.317, s/b : 0.209
Steps : 251140, Gen Loss Total : 28.603, Mel-Spec. Error : 0.307, s/b : 0.211
Steps : 251145, Gen Loss Total : 31.699, Mel-Spec. Error : 0.319, s/b : 0.215
Steps : 251150, Gen Loss Total : 27.815, Mel-Spec. Error : 0.320, s/b : 0.217
Steps : 251155, Gen Loss Total : 29.219, Mel-Spec. Error : 0.318, s/b : 0.212
Steps : 251160, Gen Loss Total : 28.950, Mel-Spec. Error : 0.333, s/b : 0.208
Steps : 251165, Gen Loss Total : 30.323, Mel-Spec. Error : 0.316, s/b : 0.210
Steps : 251170, Gen Loss Total : 31.591, Mel-Spec. Error : 0.328, s/b : 0.213
Steps : 251175, Gen Loss Total : 31.012, Mel-Spec. Error : 0.328, s/b : 0.209
Steps : 251180, Gen Loss Total : 31.312, Mel-Spec. Error : 0.318, s/b : 0.209
Steps : 251185, Gen Loss Total : 29.403, Mel-Spec. Error : 0.317, s/b : 0.209
Steps : 251190, Gen Loss Total : 26.543, Mel-Spec. Error : 0.315, s/b : 0.212
Steps : 251195, Gen Loss Total : 29.531, Mel-Spec. Error : 0.324, s/b : 0.211
Steps : 251200, Gen Loss Total : 32.473, Mel-Spec. Error : 0.350, s/b : 0.209
Steps : 251205, Gen Loss Total : 30.511, Mel-Spec. Error : 0.347, s/b : 0.209
Steps : 251210, Gen Loss Total : 33.514, Mel-Spec. Error : 0.333, s/b : 0.214
Steps : 251215, Gen Loss Total : 31.856, Mel-Spec. Error : 0.317, s/b : 0.210
Steps : 251220, Gen Loss Total : 34.598, Mel-Spec. Error : 0.321, s/b : 0.207
Steps : 251225, Gen Loss Total : 31.013, Mel-Spec. Error : 0.325, s/b : 0.213
Steps : 251230, Gen Loss Total : 27.885, Mel-Spec. Error : 0.302, s/b : 0.214
Steps : 251235, Gen Loss Total : 33.368, Mel-Spec. Error : 0.350, s/b : 0.211
Steps : 251240, Gen Loss Total : 29.797, Mel-Spec. Error : 0.323, s/b : 0.209
Steps : 251245, Gen Loss Total : 30.815, Mel-Spec. Error : 0.317, s/b : 0.210
Steps : 251250, Gen Loss Total : 32.898, Mel-Spec. Error : 0.310, s/b : 0.215
Steps : 251255, Gen Loss Total : 35.913, Mel-Spec. Error : 0.325, s/b : 0.213
Steps : 251260, Gen Loss Total : 32.976, Mel-Spec. Error : 0.323, s/b : 0.211
Steps : 251265, Gen Loss Total : 32.170, Mel-Spec. Error : 0.314, s/b : 0.213
Steps : 251270, Gen Loss Total : 30.443, Mel-Spec. Error : 0.312, s/b : 0.211
Steps : 251275, Gen Loss Total : 30.115, Mel-Spec. Error : 0.339, s/b : 0.212
Steps : 251280, Gen Loss Total : 30.087, Mel-Spec. Error : 0.338, s/b : 0.212
Steps : 251285, Gen Loss Total : 31.156, Mel-Spec. Error : 0.320, s/b : 0.211
Steps : 251290, Gen Loss Total : 30.503, Mel-Spec. Error : 0.328, s/b : 0.210
Steps : 251295, Gen Loss Total : 29.656, Mel-Spec. Error : 0.334, s/b : 0.215
Steps : 251300, Gen Loss Total : 28.903, Mel-Spec. Error : 0.310, s/b : 0.211
Steps : 251305, Gen Loss Total : 30.096, Mel-Spec. Error : 0.309, s/b : 0.214
Steps : 251310, Gen Loss Total : 28.115, Mel-Spec. Error : 0.310, s/b : 0.216
Steps : 251315, Gen Loss Total : 29.023, Mel-Spec. Error : 0.313, s/b : 0.212
Steps : 251320, Gen Loss Total : 30.201, Mel-Spec. Error : 0.299, s/b : 0.211
Steps : 251325, Gen Loss Total : 29.288, Mel-Spec. Error : 0.307, s/b : 0.211
Steps : 251330, Gen Loss Total : 28.679, Mel-Spec. Error : 0.311, s/b : 0.213
Steps : 251335, Gen Loss Total : 28.758, Mel-Spec. Error : 0.309, s/b : 0.211
Steps : 251340, Gen Loss Total : 29.037, Mel-Spec. Error : 0.323, s/b : 0.210
Steps : 251345, Gen Loss Total : 29.878, Mel-Spec. Error : 0.321, s/b : 0.214
Steps : 251350, Gen Loss Total : 29.743, Mel-Spec. Error : 0.318, s/b : 0.216
Steps : 251355, Gen Loss Total : 31.073, Mel-Spec. Error : 0.324, s/b : 0.214
Steps : 251360, Gen Loss Total : 32.541, Mel-Spec. Error : 0.348, s/b : 0.212
Steps : 251365, Gen Loss Total : 31.722, Mel-Spec. Error : 0.323, s/b : 0.211
Steps : 251370, Gen Loss Total : 26.767, Mel-Spec. Error : 0.314, s/b : 0.214
Steps : 251375, Gen Loss Total : 31.117, Mel-Spec. Error : 0.325, s/b : 0.211
Steps : 251380, Gen Loss Total : 30.436, Mel-Spec. Error : 0.316, s/b : 0.211
Steps : 251385, Gen Loss Total : 30.081, Mel-Spec. Error : 0.326, s/b : 0.213
Steps : 251390, Gen Loss Total : 28.087, Mel-Spec. Error : 0.308, s/b : 0.213
Steps : 251395, Gen Loss Total : 27.761, Mel-Spec. Error : 0.313, s/b : 0.214
Steps : 251400, Gen Loss Total : 32.066, Mel-Spec. Error : 0.316, s/b : 0.213
Steps : 251405, Gen Loss Total : 29.702, Mel-Spec. Error : 0.320, s/b : 0.213
Steps : 251410, Gen Loss Total : 28.250, Mel-Spec. Error : 0.311, s/b : 0.218
Steps : 251415, Gen Loss Total : 30.457, Mel-Spec. Error : 0.311, s/b : 0.210
Steps : 251420, Gen Loss Total : 30.073, Mel-Spec. Error : 0.309, s/b : 0.213
Steps : 251425, Gen Loss Total : 30.050, Mel-Spec. Error : 0.303, s/b : 0.210
Steps : 251430, Gen Loss Total : 30.447, Mel-Spec. Error : 0.338, s/b : 0.213
Steps : 251435, Gen Loss Total : 28.078, Mel-Spec. Error : 0.320, s/b : 0.214
Steps : 251440, Gen Loss Total : 30.361, Mel-Spec. Error : 0.330, s/b : 0.210
Steps : 251445, Gen Loss Total : 28.270, Mel-Spec. Error : 0.327, s/b : 0.209
Steps : 251450, Gen Loss Total : 27.842, Mel-Spec. Error : 0.318, s/b : 0.213
Steps : 251455, Gen Loss Total : 29.172, Mel-Spec. Error : 0.314, s/b : 0.213
Steps : 251460, Gen Loss Total : 26.924, Mel-Spec. Error : 0.305, s/b : 0.213
Steps : 251465, Gen Loss Total : 29.177, Mel-Spec. Error : 0.319, s/b : 0.212
Steps : 251470, Gen Loss Total : 29.618, Mel-Spec. Error : 0.305, s/b : 0.212
Steps : 251475, Gen Loss Total : 29.451, Mel-Spec. Error : 0.313, s/b : 0.211
Steps : 251480, Gen Loss Total : 29.768, Mel-Spec. Error : 0.318, s/b : 0.209
Steps : 251485, Gen Loss Total : 28.446, Mel-Spec. Error : 0.311, s/b : 0.213
Steps : 251490, Gen Loss Total : 29.188, Mel-Spec. Error : 0.323, s/b : 0.213
Steps : 251495, Gen Loss Total : 30.778, Mel-Spec. Error : 0.310, s/b : 0.211
Steps : 251500, Gen Loss Total : 28.942, Mel-Spec. Error : 0.307, s/b : 0.209
Steps : 251505, Gen Loss Total : 29.709, Mel-Spec. Error : 0.316, s/b : 0.213
Steps : 251510, Gen Loss Total : 26.976, Mel-Spec. Error : 0.295, s/b : 0.209
Steps : 251515, Gen Loss Total : 30.377, Mel-Spec. Error : 0.321, s/b : 0.213
Steps : 251520, Gen Loss Total : 29.133, Mel-Spec. Error : 0.321, s/b : 0.213
Steps : 251525, Gen Loss Total : 30.504, Mel-Spec. Error : 0.303, s/b : 0.213
Steps : 251530, Gen Loss Total : 25.525, Mel-Spec. Error : 0.304, s/b : 0.210
Steps : 251535, Gen Loss Total : 29.527, Mel-Spec. Error : 0.296, s/b : 0.212
Steps : 251540, Gen Loss Total : 31.054, Mel-Spec. Error : 0.321, s/b : 0.213
Steps : 251545, Gen Loss Total : 29.685, Mel-Spec. Error : 0.312, s/b : 0.209
Steps : 251550, Gen Loss Total : 28.741, Mel-Spec. Error : 0.311, s/b : 0.216
Steps : 251555, Gen Loss Total : 28.510, Mel-Spec. Error : 0.310, s/b : 0.214
Steps : 251560, Gen Loss Total : 29.838, Mel-Spec. Error : 0.314, s/b : 0.213
Steps : 251565, Gen Loss Total : 31.714, Mel-Spec. Error : 0.323, s/b : 0.214
Steps : 251570, Gen Loss Total : 29.421, Mel-Spec. Error : 0.319, s/b : 0.213
Steps : 251575, Gen Loss Total : 29.485, Mel-Spec. Error : 0.322, s/b : 0.214
Steps : 251580, Gen Loss Total : 32.068, Mel-Spec. Error : 0.329, s/b : 0.213
Steps : 251585, Gen Loss Total : 30.068, Mel-Spec. Error : 0.332, s/b : 0.210
Steps : 251590, Gen Loss Total : 28.526, Mel-Spec. Error : 0.315, s/b : 0.214
Steps : 251595, Gen Loss Total : 31.114, Mel-Spec. Error : 0.321, s/b : 0.213
Steps : 251600, Gen Loss Total : 31.338, Mel-Spec. Error : 0.316, s/b : 0.209
Steps : 251605, Gen Loss Total : 29.530, Mel-Spec. Error : 0.302, s/b : 0.208
Steps : 251610, Gen Loss Total : 31.440, Mel-Spec. Error : 0.298, s/b : 0.209
Steps : 251615, Gen Loss Total : 29.964, Mel-Spec. Error : 0.312, s/b : 0.214
Steps : 251620, Gen Loss Total : 29.437, Mel-Spec. Error : 0.335, s/b : 0.213
Steps : 251625, Gen Loss Total : 30.549, Mel-Spec. Error : 0.315, s/b : 0.210
Steps : 251630, Gen Loss Total : 32.515, Mel-Spec. Error : 0.313, s/b : 0.212
Steps : 251635, Gen Loss Total : 35.355, Mel-Spec. Error : 0.331, s/b : 0.210
Steps : 251640, Gen Loss Total : 33.179, Mel-Spec. Error : 0.326, s/b : 0.207
Steps : 251645, Gen Loss Total : 34.341, Mel-Spec. Error : 0.322, s/b : 0.210
Steps : 251650, Gen Loss Total : 33.085, Mel-Spec. Error : 0.315, s/b : 0.216
Steps : 251655, Gen Loss Total : 30.134, Mel-Spec. Error : 0.310, s/b : 0.211
Steps : 251660, Gen Loss Total : 29.725, Mel-Spec. Error : 0.335, s/b : 0.212
Steps : 251665, Gen Loss Total : 27.926, Mel-Spec. Error : 0.318, s/b : 0.208
Steps : 251670, Gen Loss Total : 28.984, Mel-Spec. Error : 0.321, s/b : 0.212
Steps : 251675, Gen Loss Total : 27.349, Mel-Spec. Error : 0.311, s/b : 0.211
Steps : 251680, Gen Loss Total : 26.843, Mel-Spec. Error : 0.308, s/b : 0.211
Steps : 251685, Gen Loss Total : 31.509, Mel-Spec. Error : 0.338, s/b : 0.214
Steps : 251690, Gen Loss Total : 30.610, Mel-Spec. Error : 0.324, s/b : 0.213
Steps : 251695, Gen Loss Total : 26.958, Mel-Spec. Error : 0.321, s/b : 0.210
Steps : 251700, Gen Loss Total : 28.701, Mel-Spec. Error : 0.311, s/b : 0.213
Steps : 251705, Gen Loss Total : 27.883, Mel-Spec. Error : 0.307, s/b : 0.208
Steps : 251710, Gen Loss Total : 28.932, Mel-Spec. Error : 0.316, s/b : 0.214
Steps : 251715, Gen Loss Total : 27.440, Mel-Spec. Error : 0.316, s/b : 0.209
Steps : 251720, Gen Loss Total : 28.097, Mel-Spec. Error : 0.322, s/b : 0.213
Steps : 251725, Gen Loss Total : 28.152, Mel-Spec. Error : 0.311, s/b : 0.208
Steps : 251730, Gen Loss Total : 32.964, Mel-Spec. Error : 0.340, s/b : 0.211
Steps : 251735, Gen Loss Total : 27.046, Mel-Spec. Error : 0.320, s/b : 0.214
Steps : 251740, Gen Loss Total : 29.549, Mel-Spec. Error : 0.324, s/b : 0.212
Steps : 251745, Gen Loss Total : 29.174, Mel-Spec. Error : 0.312, s/b : 0.209
Steps : 251750, Gen Loss Total : 31.418, Mel-Spec. Error : 0.335, s/b : 0.214
Steps : 251755, Gen Loss Total : 28.621, Mel-Spec. Error : 0.320, s/b : 0.215
Steps : 251760, Gen Loss Total : 28.134, Mel-Spec. Error : 0.317, s/b : 0.214
Steps : 251765, Gen Loss Total : 30.228, Mel-Spec. Error : 0.310, s/b : 0.209
Steps : 251770, Gen Loss Total : 26.987, Mel-Spec. Error : 0.315, s/b : 0.213
Steps : 251775, Gen Loss Total : 30.596, Mel-Spec. Error : 0.307, s/b : 0.212
Steps : 251780, Gen Loss Total : 26.714, Mel-Spec. Error : 0.312, s/b : 0.212
Steps : 251785, Gen Loss Total : 28.097, Mel-Spec. Error : 0.312, s/b : 0.213
Steps : 251790, Gen Loss Total : 28.760, Mel-Spec. Error : 0.315, s/b : 0.213
Steps : 251795, Gen Loss Total : 28.387, Mel-Spec. Error : 0.334, s/b : 0.210
Steps : 251800, Gen Loss Total : 32.219, Mel-Spec. Error : 0.338, s/b : 0.214
Steps : 251805, Gen Loss Total : 30.400, Mel-Spec. Error : 0.319, s/b : 0.210
Steps : 251810, Gen Loss Total : 29.717, Mel-Spec. Error : 0.308, s/b : 0.214
Steps : 251815, Gen Loss Total : 27.612, Mel-Spec. Error : 0.310, s/b : 0.210
Steps : 251820, Gen Loss Total : 28.016, Mel-Spec. Error : 0.307, s/b : 0.210
Steps : 251825, Gen Loss Total : 29.068, Mel-Spec. Error : 0.315, s/b : 0.212
Steps : 251830, Gen Loss Total : 28.132, Mel-Spec. Error : 0.308, s/b : 0.215
Steps : 251835, Gen Loss Total : 27.390, Mel-Spec. Error : 0.311, s/b : 0.210
Steps : 251840, Gen Loss Total : 28.498, Mel-Spec. Error : 0.309, s/b : 0.211
Steps : 251845, Gen Loss Total : 29.735, Mel-Spec. Error : 0.328, s/b : 0.209
Steps : 251850, Gen Loss Total : 31.558, Mel-Spec. Error : 0.340, s/b : 0.211
Steps : 251855, Gen Loss Total : 30.032, Mel-Spec. Error : 0.323, s/b : 0.212
Steps : 251860, Gen Loss Total : 30.976, Mel-Spec. Error : 0.320, s/b : 0.212
Steps : 251865, Gen Loss Total : 30.760, Mel-Spec. Error : 0.313, s/b : 0.212
Steps : 251870, Gen Loss Total : 26.756, Mel-Spec. Error : 0.302, s/b : 0.210
Steps : 251875, Gen Loss Total : 31.389, Mel-Spec. Error : 0.331, s/b : 0.212
Steps : 251880, Gen Loss Total : 30.225, Mel-Spec. Error : 0.320, s/b : 0.210
Steps : 251885, Gen Loss Total : 30.126, Mel-Spec. Error : 0.333, s/b : 0.211
Steps : 251890, Gen Loss Total : 31.937, Mel-Spec. Error : 0.329, s/b : 0.211
Steps : 251895, Gen Loss Total : 32.814, Mel-Spec. Error : 0.350, s/b : 0.210
Steps : 251900, Gen Loss Total : 28.890, Mel-Spec. Error : 0.318, s/b : 0.214
Steps : 251905, Gen Loss Total : 33.870, Mel-Spec. Error : 0.337, s/b : 0.213
Steps : 251910, Gen Loss Total : 30.490, Mel-Spec. Error : 0.316, s/b : 0.210
Steps : 251915, Gen Loss Total : 30.553, Mel-Spec. Error : 0.323, s/b : 0.213
Steps : 251920, Gen Loss Total : 28.922, Mel-Spec. Error : 0.332, s/b : 0.213
Steps : 251925, Gen Loss Total : 31.067, Mel-Spec. Error : 0.303, s/b : 0.214
Steps : 251930, Gen Loss Total : 28.766, Mel-Spec. Error : 0.305, s/b : 0.213
Steps : 251935, Gen Loss Total : 31.264, Mel-Spec. Error : 0.336, s/b : 0.214
Steps : 251940, Gen Loss Total : 34.642, Mel-Spec. Error : 0.388, s/b : 0.213
Steps : 251945, Gen Loss Total : 30.730, Mel-Spec. Error : 0.319, s/b : 0.210
Steps : 251950, Gen Loss Total : 28.552, Mel-Spec. Error : 0.319, s/b : 0.210
Steps : 251955, Gen Loss Total : 31.028, Mel-Spec. Error : 0.323, s/b : 0.215
Steps : 251960, Gen Loss Total : 33.109, Mel-Spec. Error : 0.333, s/b : 0.213
Steps : 251965, Gen Loss Total : 30.658, Mel-Spec. Error : 0.316, s/b : 0.214
Steps : 251970, Gen Loss Total : 31.517, Mel-Spec. Error : 0.315, s/b : 0.215
Steps : 251975, Gen Loss Total : 30.711, Mel-Spec. Error : 0.318, s/b : 0.214
Steps : 251980, Gen Loss Total : 32.160, Mel-Spec. Error : 0.298, s/b : 0.215
Steps : 251985, Gen Loss Total : 28.905, Mel-Spec. Error : 0.298, s/b : 0.214
Steps : 251990, Gen Loss Total : 31.842, Mel-Spec. Error : 0.335, s/b : 0.209
Steps : 251995, Gen Loss Total : 31.361, Mel-Spec. Error : 0.310, s/b : 0.215
Steps : 252000, Gen Loss Total : 29.783, Mel-Spec. Error : 0.312, s/b : 0.215
Steps : 252005, Gen Loss Total : 28.955, Mel-Spec. Error : 0.315, s/b : 0.207
Steps : 252010, Gen Loss Total : 29.142, Mel-Spec. Error : 0.304, s/b : 0.210
Steps : 252015, Gen Loss Total : 28.663, Mel-Spec. Error : 0.316, s/b : 0.212
Steps : 252020, Gen Loss Total : 28.329, Mel-Spec. Error : 0.316, s/b : 0.211
Steps : 252025, Gen Loss Total : 28.352, Mel-Spec. Error : 0.317, s/b : 0.211
Steps : 252030, Gen Loss Total : 30.338, Mel-Spec. Error : 0.308, s/b : 0.214
Steps : 252035, Gen Loss Total : 31.125, Mel-Spec. Error : 0.319, s/b : 0.213
Steps : 252040, Gen Loss Total : 32.889, Mel-Spec. Error : 0.327, s/b : 0.213
Steps : 252045, Gen Loss Total : 29.617, Mel-Spec. Error : 0.311, s/b : 0.213
Steps : 252050, Gen Loss Total : 28.705, Mel-Spec. Error : 0.318, s/b : 0.213
Steps : 252055, Gen Loss Total : 31.307, Mel-Spec. Error : 0.303, s/b : 0.213
Steps : 252060, Gen Loss Total : 26.065, Mel-Spec. Error : 0.296, s/b : 0.209
Steps : 252065, Gen Loss Total : 29.390, Mel-Spec. Error : 0.309, s/b : 0.210
Steps : 252070, Gen Loss Total : 29.567, Mel-Spec. Error : 0.309, s/b : 0.216
Steps : 252075, Gen Loss Total : 28.052, Mel-Spec. Error : 0.304, s/b : 0.211
Steps : 252080, Gen Loss Total : 28.383, Mel-Spec. Error : 0.312, s/b : 0.214
Steps : 252085, Gen Loss Total : 30.104, Mel-Spec. Error : 0.319, s/b : 0.214
Steps : 252090, Gen Loss Total : 29.416, Mel-Spec. Error : 0.312, s/b : 0.211
Steps : 252095, Gen Loss Total : 28.066, Mel-Spec. Error : 0.312, s/b : 0.214
Steps : 252100, Gen Loss Total : 29.422, Mel-Spec. Error : 0.321, s/b : 0.209
Steps : 252105, Gen Loss Total : 30.883, Mel-Spec. Error : 0.312, s/b : 0.212
Steps : 252110, Gen Loss Total : 30.883, Mel-Spec. Error : 0.316, s/b : 0.216
Steps : 252115, Gen Loss Total : 29.140, Mel-Spec. Error : 0.310, s/b : 0.216
Steps : 252120, Gen Loss Total : 27.875, Mel-Spec. Error : 0.306, s/b : 0.212
Steps : 252125, Gen Loss Total : 32.678, Mel-Spec. Error : 0.311, s/b : 0.207
Steps : 252130, Gen Loss Total : 28.193, Mel-Spec. Error : 0.305, s/b : 0.208
Time taken for epoch 141 is 665 sec

Epoch: 142
Steps : 252135, Gen Loss Total : 30.844, Mel-Spec. Error : 0.315, s/b : 0.216
Steps : 252140, Gen Loss Total : 30.031, Mel-Spec. Error : 0.320, s/b : 0.216
Steps : 252145, Gen Loss Total : 30.010, Mel-Spec. Error : 0.309, s/b : 0.215
Steps : 252150, Gen Loss Total : 32.169, Mel-Spec. Error : 0.340, s/b : 0.212
Steps : 252155, Gen Loss Total : 31.666, Mel-Spec. Error : 0.320, s/b : 0.214
Steps : 252160, Gen Loss Total : 29.069, Mel-Spec. Error : 0.306, s/b : 0.215
Steps : 252165, Gen Loss Total : 29.988, Mel-Spec. Error : 0.317, s/b : 0.210
Steps : 252170, Gen Loss Total : 29.116, Mel-Spec. Error : 0.336, s/b : 0.214
Steps : 252175, Gen Loss Total : 32.267, Mel-Spec. Error : 0.326, s/b : 0.213
Steps : 252180, Gen Loss Total : 28.427, Mel-Spec. Error : 0.312, s/b : 0.218
Steps : 252185, Gen Loss Total : 31.404, Mel-Spec. Error : 0.326, s/b : 0.217
Steps : 252190, Gen Loss Total : 31.109, Mel-Spec. Error : 0.325, s/b : 0.218
Steps : 252195, Gen Loss Total : 30.327, Mel-Spec. Error : 0.318, s/b : 0.211
Steps : 252200, Gen Loss Total : 31.739, Mel-Spec. Error : 0.320, s/b : 0.216
Steps : 252205, Gen Loss Total : 29.481, Mel-Spec. Error : 0.320, s/b : 0.215
Steps : 252210, Gen Loss Total : 29.295, Mel-Spec. Error : 0.300, s/b : 0.216
Steps : 252215, Gen Loss Total : 31.019, Mel-Spec. Error : 0.335, s/b : 0.212
Steps : 252220, Gen Loss Total : 30.652, Mel-Spec. Error : 0.321, s/b : 0.215
Steps : 252225, Gen Loss Total : 31.394, Mel-Spec. Error : 0.299, s/b : 0.213
Steps : 252230, Gen Loss Total : 31.012, Mel-Spec. Error : 0.322, s/b : 0.223
Steps : 252235, Gen Loss Total : 31.676, Mel-Spec. Error : 0.325, s/b : 0.212
Steps : 252240, Gen Loss Total : 29.825, Mel-Spec. Error : 0.312, s/b : 0.219
Steps : 252245, Gen Loss Total : 29.064, Mel-Spec. Error : 0.309, s/b : 0.212
Steps : 252250, Gen Loss Total : 27.873, Mel-Spec. Error : 0.305, s/b : 0.220
Steps : 252255, Gen Loss Total : 28.820, Mel-Spec. Error : 0.313, s/b : 0.214
Steps : 252260, Gen Loss Total : 32.143, Mel-Spec. Error : 0.320, s/b : 0.219
Steps : 252265, Gen Loss Total : 30.625, Mel-Spec. Error : 0.325, s/b : 0.213
Steps : 252270, Gen Loss Total : 30.406, Mel-Spec. Error : 0.325, s/b : 0.218
Steps : 252275, Gen Loss Total : 29.593, Mel-Spec. Error : 0.333, s/b : 0.212
Steps : 252280, Gen Loss Total : 30.475, Mel-Spec. Error : 0.318, s/b : 0.212
Steps : 252285, Gen Loss Total : 30.057, Mel-Spec. Error : 0.313, s/b : 0.210
Steps : 252290, Gen Loss Total : 28.431, Mel-Spec. Error : 0.315, s/b : 0.217
Steps : 252295, Gen Loss Total : 29.169, Mel-Spec. Error : 0.319, s/b : 0.215
Steps : 252300, Gen Loss Total : 30.409, Mel-Spec. Error : 0.317, s/b : 0.212
Steps : 252305, Gen Loss Total : 30.750, Mel-Spec. Error : 0.322, s/b : 0.211
Steps : 252310, Gen Loss Total : 30.909, Mel-Spec. Error : 0.323, s/b : 0.213
Steps : 252315, Gen Loss Total : 30.364, Mel-Spec. Error : 0.310, s/b : 0.215
Steps : 252320, Gen Loss Total : 28.315, Mel-Spec. Error : 0.307, s/b : 0.216
Steps : 252325, Gen Loss Total : 31.277, Mel-Spec. Error : 0.333, s/b : 0.213
Steps : 252330, Gen Loss Total : 32.664, Mel-Spec. Error : 0.343, s/b : 0.215
Steps : 252335, Gen Loss Total : 31.825, Mel-Spec. Error : 0.333, s/b : 0.213
Steps : 252340, Gen Loss Total : 31.253, Mel-Spec. Error : 0.323, s/b : 0.216
Steps : 252345, Gen Loss Total : 29.793, Mel-Spec. Error : 0.327, s/b : 0.211
Steps : 252350, Gen Loss Total : 29.667, Mel-Spec. Error : 0.316, s/b : 0.213
Steps : 252355, Gen Loss Total : 29.135, Mel-Spec. Error : 0.319, s/b : 0.211
Steps : 252360, Gen Loss Total : 29.946, Mel-Spec. Error : 0.318, s/b : 0.210
Steps : 252365, Gen Loss Total : 30.545, Mel-Spec. Error : 0.315, s/b : 0.214
Steps : 252370, Gen Loss Total : 32.778, Mel-Spec. Error : 0.319, s/b : 0.216
Steps : 252375, Gen Loss Total : 29.481, Mel-Spec. Error : 0.319, s/b : 0.213
Steps : 252380, Gen Loss Total : 29.480, Mel-Spec. Error : 0.314, s/b : 0.217
Steps : 252385, Gen Loss Total : 30.953, Mel-Spec. Error : 0.331, s/b : 0.214
Steps : 252390, Gen Loss Total : 32.696, Mel-Spec. Error : 0.332, s/b : 0.217
Steps : 252395, Gen Loss Total : 30.662, Mel-Spec. Error : 0.318, s/b : 0.215
Steps : 252400, Gen Loss Total : 32.479, Mel-Spec. Error : 0.334, s/b : 0.214
Steps : 252405, Gen Loss Total : 32.265, Mel-Spec. Error : 0.323, s/b : 0.212
Steps : 252410, Gen Loss Total : 29.539, Mel-Spec. Error : 0.326, s/b : 0.216
Steps : 252415, Gen Loss Total : 31.019, Mel-Spec. Error : 0.335, s/b : 0.213
Steps : 252420, Gen Loss Total : 31.176, Mel-Spec. Error : 0.319, s/b : 0.212
Steps : 252425, Gen Loss Total : 30.922, Mel-Spec. Error : 0.302, s/b : 0.210
Steps : 252430, Gen Loss Total : 28.429, Mel-Spec. Error : 0.314, s/b : 0.209
Steps : 252435, Gen Loss Total : 28.292, Mel-Spec. Error : 0.314, s/b : 0.210
Steps : 252440, Gen Loss Total : 28.275, Mel-Spec. Error : 0.316, s/b : 0.214
Steps : 252445, Gen Loss Total : 29.723, Mel-Spec. Error : 0.314, s/b : 0.210
Steps : 252450, Gen Loss Total : 27.195, Mel-Spec. Error : 0.318, s/b : 0.211
Steps : 252455, Gen Loss Total : 28.633, Mel-Spec. Error : 0.328, s/b : 0.211
Steps : 252460, Gen Loss Total : 29.729, Mel-Spec. Error : 0.301, s/b : 0.210
Steps : 252465, Gen Loss Total : 26.923, Mel-Spec. Error : 0.294, s/b : 0.208
Steps : 252470, Gen Loss Total : 27.319, Mel-Spec. Error : 0.305, s/b : 0.211
Steps : 252475, Gen Loss Total : 31.072, Mel-Spec. Error : 0.316, s/b : 0.209
Steps : 252480, Gen Loss Total : 29.067, Mel-Spec. Error : 0.308, s/b : 0.210
Steps : 252485, Gen Loss Total : 28.829, Mel-Spec. Error : 0.314, s/b : 0.209
Steps : 252490, Gen Loss Total : 29.955, Mel-Spec. Error : 0.325, s/b : 0.210
Steps : 252495, Gen Loss Total : 30.169, Mel-Spec. Error : 0.316, s/b : 0.208
Steps : 252500, Gen Loss Total : 29.920, Mel-Spec. Error : 0.313, s/b : 0.214
Steps : 252505, Gen Loss Total : 30.884, Mel-Spec. Error : 0.372, s/b : 0.210
Steps : 252510, Gen Loss Total : 31.689, Mel-Spec. Error : 0.344, s/b : 0.214
Steps : 252515, Gen Loss Total : 28.429, Mel-Spec. Error : 0.303, s/b : 0.206
Steps : 252520, Gen Loss Total : 27.482, Mel-Spec. Error : 0.308, s/b : 0.211
Steps : 252525, Gen Loss Total : 33.199, Mel-Spec. Error : 0.322, s/b : 0.211
Steps : 252530, Gen Loss Total : 32.553, Mel-Spec. Error : 0.342, s/b : 0.216
Steps : 252535, Gen Loss Total : 30.380, Mel-Spec. Error : 0.332, s/b : 0.209
Steps : 252540, Gen Loss Total : 30.058, Mel-Spec. Error : 0.314, s/b : 0.210
Steps : 252545, Gen Loss Total : 29.779, Mel-Spec. Error : 0.317, s/b : 0.211
Steps : 252550, Gen Loss Total : 29.171, Mel-Spec. Error : 0.316, s/b : 0.212
Steps : 252555, Gen Loss Total : 30.162, Mel-Spec. Error : 0.309, s/b : 0.210
Steps : 252560, Gen Loss Total : 29.371, Mel-Spec. Error : 0.309, s/b : 0.209
Steps : 252565, Gen Loss Total : 30.488, Mel-Spec. Error : 0.322, s/b : 0.208
Steps : 252570, Gen Loss Total : 28.416, Mel-Spec. Error : 0.309, s/b : 0.213
Steps : 252575, Gen Loss Total : 31.072, Mel-Spec. Error : 0.326, s/b : 0.211
Steps : 252580, Gen Loss Total : 29.958, Mel-Spec. Error : 0.314, s/b : 0.213
Steps : 252585, Gen Loss Total : 29.719, Mel-Spec. Error : 0.338, s/b : 0.211
Steps : 252590, Gen Loss Total : 30.409, Mel-Spec. Error : 0.304, s/b : 0.207
Steps : 252595, Gen Loss Total : 29.201, Mel-Spec. Error : 0.305, s/b : 0.212
Steps : 252600, Gen Loss Total : 30.213, Mel-Spec. Error : 0.303, s/b : 0.209
Steps : 252605, Gen Loss Total : 30.520, Mel-Spec. Error : 0.309, s/b : 0.207
Steps : 252610, Gen Loss Total : 29.782, Mel-Spec. Error : 0.324, s/b : 0.211
Steps : 252615, Gen Loss Total : 29.707, Mel-Spec. Error : 0.310, s/b : 0.210
Steps : 252620, Gen Loss Total : 30.181, Mel-Spec. Error : 0.336, s/b : 0.209
Steps : 252625, Gen Loss Total : 32.916, Mel-Spec. Error : 0.328, s/b : 0.209
Steps : 252630, Gen Loss Total : 30.806, Mel-Spec. Error : 0.318, s/b : 0.209
Steps : 252635, Gen Loss Total : 28.589, Mel-Spec. Error : 0.306, s/b : 0.209
Steps : 252640, Gen Loss Total : 30.555, Mel-Spec. Error : 0.325, s/b : 0.213
Steps : 252645, Gen Loss Total : 29.890, Mel-Spec. Error : 0.320, s/b : 0.209
Steps : 252650, Gen Loss Total : 29.494, Mel-Spec. Error : 0.314, s/b : 0.212
Steps : 252655, Gen Loss Total : 29.266, Mel-Spec. Error : 0.304, s/b : 0.208
Steps : 252660, Gen Loss Total : 30.767, Mel-Spec. Error : 0.320, s/b : 0.206
Steps : 252665, Gen Loss Total : 29.232, Mel-Spec. Error : 0.303, s/b : 0.208
Steps : 252670, Gen Loss Total : 27.984, Mel-Spec. Error : 0.316, s/b : 0.206
Steps : 252675, Gen Loss Total : 29.258, Mel-Spec. Error : 0.332, s/b : 0.212
Steps : 252680, Gen Loss Total : 30.608, Mel-Spec. Error : 0.329, s/b : 0.209
Steps : 252685, Gen Loss Total : 28.735, Mel-Spec. Error : 0.321, s/b : 0.208
Steps : 252690, Gen Loss Total : 30.056, Mel-Spec. Error : 0.316, s/b : 0.215
Steps : 252695, Gen Loss Total : 31.428, Mel-Spec. Error : 0.310, s/b : 0.208
Steps : 252700, Gen Loss Total : 31.453, Mel-Spec. Error : 0.302, s/b : 0.211
Steps : 252705, Gen Loss Total : 32.506, Mel-Spec. Error : 0.309, s/b : 0.207
Steps : 252710, Gen Loss Total : 32.138, Mel-Spec. Error : 0.316, s/b : 0.210
Steps : 252715, Gen Loss Total : 28.392, Mel-Spec. Error : 0.319, s/b : 0.214
Steps : 252720, Gen Loss Total : 27.633, Mel-Spec. Error : 0.309, s/b : 0.207
Steps : 252725, Gen Loss Total : 27.264, Mel-Spec. Error : 0.326, s/b : 0.212
Steps : 252730, Gen Loss Total : 30.913, Mel-Spec. Error : 0.325, s/b : 0.214
Steps : 252735, Gen Loss Total : 28.937, Mel-Spec. Error : 0.308, s/b : 0.209
Steps : 252740, Gen Loss Total : 28.945, Mel-Spec. Error : 0.316, s/b : 0.206
Steps : 252745, Gen Loss Total : 28.122, Mel-Spec. Error : 0.314, s/b : 0.209
Steps : 252750, Gen Loss Total : 27.500, Mel-Spec. Error : 0.314, s/b : 0.216
Steps : 252755, Gen Loss Total : 27.430, Mel-Spec. Error : 0.319, s/b : 0.210
Steps : 252760, Gen Loss Total : 29.231, Mel-Spec. Error : 0.316, s/b : 0.211
Steps : 252765, Gen Loss Total : 30.585, Mel-Spec. Error : 0.320, s/b : 0.208
Steps : 252770, Gen Loss Total : 27.021, Mel-Spec. Error : 0.313, s/b : 0.209
Steps : 252775, Gen Loss Total : 31.396, Mel-Spec. Error : 0.315, s/b : 0.207
Steps : 252780, Gen Loss Total : 30.700, Mel-Spec. Error : 0.314, s/b : 0.209
Steps : 252785, Gen Loss Total : 34.124, Mel-Spec. Error : 0.348, s/b : 0.209
Steps : 252790, Gen Loss Total : 29.255, Mel-Spec. Error : 0.313, s/b : 0.209
Steps : 252795, Gen Loss Total : 33.241, Mel-Spec. Error : 0.327, s/b : 0.210
Steps : 252800, Gen Loss Total : 30.917, Mel-Spec. Error : 0.334, s/b : 0.210
Steps : 252805, Gen Loss Total : 32.355, Mel-Spec. Error : 0.323, s/b : 0.209
Steps : 252810, Gen Loss Total : 29.429, Mel-Spec. Error : 0.312, s/b : 0.210
Steps : 252815, Gen Loss Total : 29.338, Mel-Spec. Error : 0.321, s/b : 0.207
Steps : 252820, Gen Loss Total : 30.905, Mel-Spec. Error : 0.344, s/b : 0.212
Steps : 252825, Gen Loss Total : 29.380, Mel-Spec. Error : 0.306, s/b : 0.212
Steps : 252830, Gen Loss Total : 29.830, Mel-Spec. Error : 0.311, s/b : 0.211
Steps : 252835, Gen Loss Total : 32.048, Mel-Spec. Error : 0.318, s/b : 0.209
Steps : 252840, Gen Loss Total : 29.803, Mel-Spec. Error : 0.309, s/b : 0.210
Steps : 252845, Gen Loss Total : 29.825, Mel-Spec. Error : 0.307, s/b : 0.212
Steps : 252850, Gen Loss Total : 29.728, Mel-Spec. Error : 0.324, s/b : 0.207
Steps : 252855, Gen Loss Total : 31.316, Mel-Spec. Error : 0.314, s/b : 0.208
Steps : 252860, Gen Loss Total : 29.018, Mel-Spec. Error : 0.306, s/b : 0.210
Steps : 252865, Gen Loss Total : 31.113, Mel-Spec. Error : 0.357, s/b : 0.213
Steps : 252870, Gen Loss Total : 27.799, Mel-Spec. Error : 0.313, s/b : 0.207
Steps : 252875, Gen Loss Total : 28.814, Mel-Spec. Error : 0.310, s/b : 0.210
Steps : 252880, Gen Loss Total : 28.214, Mel-Spec. Error : 0.301, s/b : 0.207
Steps : 252885, Gen Loss Total : 29.915, Mel-Spec. Error : 0.305, s/b : 0.208
Steps : 252890, Gen Loss Total : 29.996, Mel-Spec. Error : 0.313, s/b : 0.210
Steps : 252895, Gen Loss Total : 30.802, Mel-Spec. Error : 0.311, s/b : 0.209
Steps : 252900, Gen Loss Total : 29.629, Mel-Spec. Error : 0.320, s/b : 0.209
Steps : 252905, Gen Loss Total : 30.231, Mel-Spec. Error : 0.318, s/b : 0.208
Steps : 252910, Gen Loss Total : 28.821, Mel-Spec. Error : 0.320, s/b : 0.206
Steps : 252915, Gen Loss Total : 29.743, Mel-Spec. Error : 0.316, s/b : 0.209
Steps : 252920, Gen Loss Total : 27.945, Mel-Spec. Error : 0.311, s/b : 0.209
Steps : 252925, Gen Loss Total : 28.555, Mel-Spec. Error : 0.309, s/b : 0.210
Steps : 252930, Gen Loss Total : 29.916, Mel-Spec. Error : 0.321, s/b : 0.209
Steps : 252935, Gen Loss Total : 30.228, Mel-Spec. Error : 0.316, s/b : 0.209
Steps : 252940, Gen Loss Total : 31.115, Mel-Spec. Error : 0.313, s/b : 0.208
Steps : 252945, Gen Loss Total : 28.470, Mel-Spec. Error : 0.312, s/b : 0.206
Steps : 252950, Gen Loss Total : 28.375, Mel-Spec. Error : 0.320, s/b : 0.209
Steps : 252955, Gen Loss Total : 28.675, Mel-Spec. Error : 0.316, s/b : 0.207
Steps : 252960, Gen Loss Total : 29.743, Mel-Spec. Error : 0.312, s/b : 0.207
Steps : 252965, Gen Loss Total : 31.686, Mel-Spec. Error : 0.332, s/b : 0.207
Steps : 252970, Gen Loss Total : 32.110, Mel-Spec. Error : 0.336, s/b : 0.208
Steps : 252975, Gen Loss Total : 29.576, Mel-Spec. Error : 0.312, s/b : 0.211
Steps : 252980, Gen Loss Total : 31.395, Mel-Spec. Error : 0.314, s/b : 0.211
Steps : 252985, Gen Loss Total : 33.732, Mel-Spec. Error : 0.315, s/b : 0.209
Steps : 252990, Gen Loss Total : 31.729, Mel-Spec. Error : 0.307, s/b : 0.209
Steps : 252995, Gen Loss Total : 31.891, Mel-Spec. Error : 0.327, s/b : 0.210
Steps : 253000, Gen Loss Total : 30.013, Mel-Spec. Error : 0.320, s/b : 0.211
Steps : 253005, Gen Loss Total : 30.892, Mel-Spec. Error : 0.338, s/b : 0.215
Steps : 253010, Gen Loss Total : 29.466, Mel-Spec. Error : 0.323, s/b : 0.211
Steps : 253015, Gen Loss Total : 30.202, Mel-Spec. Error : 0.314, s/b : 0.214
Steps : 253020, Gen Loss Total : 30.654, Mel-Spec. Error : 0.318, s/b : 0.216
Steps : 253025, Gen Loss Total : 33.881, Mel-Spec. Error : 0.333, s/b : 0.211
Steps : 253030, Gen Loss Total : 31.563, Mel-Spec. Error : 0.310, s/b : 0.212
Steps : 253035, Gen Loss Total : 32.419, Mel-Spec. Error : 0.329, s/b : 0.215
Steps : 253040, Gen Loss Total : 34.663, Mel-Spec. Error : 0.344, s/b : 0.213
Steps : 253045, Gen Loss Total : 34.896, Mel-Spec. Error : 0.373, s/b : 0.214
Steps : 253050, Gen Loss Total : 32.304, Mel-Spec. Error : 0.348, s/b : 0.215
Steps : 253055, Gen Loss Total : 29.731, Mel-Spec. Error : 0.323, s/b : 0.214
Steps : 253060, Gen Loss Total : 30.187, Mel-Spec. Error : 0.322, s/b : 0.211
Steps : 253065, Gen Loss Total : 29.687, Mel-Spec. Error : 0.320, s/b : 0.214
Steps : 253070, Gen Loss Total : 32.722, Mel-Spec. Error : 0.324, s/b : 0.212
Steps : 253075, Gen Loss Total : 27.225, Mel-Spec. Error : 0.296, s/b : 0.215
Steps : 253080, Gen Loss Total : 30.214, Mel-Spec. Error : 0.318, s/b : 0.216
Steps : 253085, Gen Loss Total : 28.389, Mel-Spec. Error : 0.313, s/b : 0.213
Steps : 253090, Gen Loss Total : 33.032, Mel-Spec. Error : 0.335, s/b : 0.217
Steps : 253095, Gen Loss Total : 30.014, Mel-Spec. Error : 0.333, s/b : 0.215
Steps : 253100, Gen Loss Total : 30.900, Mel-Spec. Error : 0.318, s/b : 0.214
Steps : 253105, Gen Loss Total : 28.686, Mel-Spec. Error : 0.307, s/b : 0.213
Steps : 253110, Gen Loss Total : 29.071, Mel-Spec. Error : 0.315, s/b : 0.212
Steps : 253115, Gen Loss Total : 27.230, Mel-Spec. Error : 0.299, s/b : 0.216
Steps : 253120, Gen Loss Total : 31.349, Mel-Spec. Error : 0.320, s/b : 0.215
Steps : 253125, Gen Loss Total : 31.937, Mel-Spec. Error : 0.320, s/b : 0.219
Steps : 253130, Gen Loss Total : 28.152, Mel-Spec. Error : 0.309, s/b : 0.214
Steps : 253135, Gen Loss Total : 31.620, Mel-Spec. Error : 0.346, s/b : 0.213
Steps : 253140, Gen Loss Total : 27.540, Mel-Spec. Error : 0.310, s/b : 0.212
Steps : 253145, Gen Loss Total : 31.391, Mel-Spec. Error : 0.323, s/b : 0.214
Steps : 253150, Gen Loss Total : 28.928, Mel-Spec. Error : 0.314, s/b : 0.215
Steps : 253155, Gen Loss Total : 27.877, Mel-Spec. Error : 0.314, s/b : 0.215
Steps : 253160, Gen Loss Total : 29.737, Mel-Spec. Error : 0.327, s/b : 0.215
Steps : 253165, Gen Loss Total : 30.571, Mel-Spec. Error : 0.325, s/b : 0.215
Steps : 253170, Gen Loss Total : 29.243, Mel-Spec. Error : 0.305, s/b : 0.213
Steps : 253175, Gen Loss Total : 29.654, Mel-Spec. Error : 0.312, s/b : 0.215
Steps : 253180, Gen Loss Total : 30.619, Mel-Spec. Error : 0.321, s/b : 0.215
Steps : 253185, Gen Loss Total : 30.500, Mel-Spec. Error : 0.329, s/b : 0.213
Steps : 253190, Gen Loss Total : 32.215, Mel-Spec. Error : 0.334, s/b : 0.213
Steps : 253195, Gen Loss Total : 30.921, Mel-Spec. Error : 0.330, s/b : 0.213
Steps : 253200, Gen Loss Total : 29.751, Mel-Spec. Error : 0.334, s/b : 0.212
Steps : 253205, Gen Loss Total : 30.766, Mel-Spec. Error : 0.319, s/b : 0.213
Steps : 253210, Gen Loss Total : 30.021, Mel-Spec. Error : 0.312, s/b : 0.216
Steps : 253215, Gen Loss Total : 28.273, Mel-Spec. Error : 0.310, s/b : 0.213
Steps : 253220, Gen Loss Total : 32.679, Mel-Spec. Error : 0.327, s/b : 0.213
Steps : 253225, Gen Loss Total : 30.422, Mel-Spec. Error : 0.317, s/b : 0.212
Steps : 253230, Gen Loss Total : 30.781, Mel-Spec. Error : 0.328, s/b : 0.215
Steps : 253235, Gen Loss Total : 31.031, Mel-Spec. Error : 0.334, s/b : 0.215
Steps : 253240, Gen Loss Total : 29.748, Mel-Spec. Error : 0.312, s/b : 0.214
Steps : 253245, Gen Loss Total : 30.325, Mel-Spec. Error : 0.311, s/b : 0.213
Steps : 253250, Gen Loss Total : 31.566, Mel-Spec. Error : 0.343, s/b : 0.214
Steps : 253255, Gen Loss Total : 32.183, Mel-Spec. Error : 0.358, s/b : 0.215
Steps : 253260, Gen Loss Total : 30.083, Mel-Spec. Error : 0.333, s/b : 0.212
Steps : 253265, Gen Loss Total : 29.540, Mel-Spec. Error : 0.333, s/b : 0.214
Steps : 253270, Gen Loss Total : 29.209, Mel-Spec. Error : 0.313, s/b : 0.213
Steps : 253275, Gen Loss Total : 30.211, Mel-Spec. Error : 0.329, s/b : 0.212
Steps : 253280, Gen Loss Total : 28.699, Mel-Spec. Error : 0.327, s/b : 0.214
Steps : 253285, Gen Loss Total : 29.391, Mel-Spec. Error : 0.333, s/b : 0.213
Steps : 253290, Gen Loss Total : 30.992, Mel-Spec. Error : 0.328, s/b : 0.212
Steps : 253295, Gen Loss Total : 29.810, Mel-Spec. Error : 0.302, s/b : 0.213
Steps : 253300, Gen Loss Total : 29.934, Mel-Spec. Error : 0.308, s/b : 0.212
Steps : 253305, Gen Loss Total : 28.089, Mel-Spec. Error : 0.312, s/b : 0.212
Steps : 253310, Gen Loss Total : 30.195, Mel-Spec. Error : 0.317, s/b : 0.213
Steps : 253315, Gen Loss Total : 30.327, Mel-Spec. Error : 0.313, s/b : 0.214
Steps : 253320, Gen Loss Total : 29.947, Mel-Spec. Error : 0.316, s/b : 0.216
Steps : 253325, Gen Loss Total : 27.090, Mel-Spec. Error : 0.311, s/b : 0.213
Steps : 253330, Gen Loss Total : 29.482, Mel-Spec. Error : 0.304, s/b : 0.217
Steps : 253335, Gen Loss Total : 30.390, Mel-Spec. Error : 0.312, s/b : 0.214
Steps : 253340, Gen Loss Total : 30.792, Mel-Spec. Error : 0.323, s/b : 0.211
Steps : 253345, Gen Loss Total : 28.060, Mel-Spec. Error : 0.317, s/b : 0.215
Steps : 253350, Gen Loss Total : 30.802, Mel-Spec. Error : 0.329, s/b : 0.211
Steps : 253355, Gen Loss Total : 31.356, Mel-Spec. Error : 0.315, s/b : 0.213
Steps : 253360, Gen Loss Total : 30.364, Mel-Spec. Error : 0.314, s/b : 0.213
Steps : 253365, Gen Loss Total : 32.130, Mel-Spec. Error : 0.315, s/b : 0.213
Steps : 253370, Gen Loss Total : 30.193, Mel-Spec. Error : 0.315, s/b : 0.212
Steps : 253375, Gen Loss Total : 33.082, Mel-Spec. Error : 0.358, s/b : 0.220
Steps : 253380, Gen Loss Total : 31.081, Mel-Spec. Error : 0.317, s/b : 0.210
Steps : 253385, Gen Loss Total : 31.318, Mel-Spec. Error : 0.317, s/b : 0.209
Steps : 253390, Gen Loss Total : 29.601, Mel-Spec. Error : 0.314, s/b : 0.213
Steps : 253395, Gen Loss Total : 31.164, Mel-Spec. Error : 0.327, s/b : 0.211
Steps : 253400, Gen Loss Total : 28.605, Mel-Spec. Error : 0.316, s/b : 0.211
Steps : 253405, Gen Loss Total : 30.470, Mel-Spec. Error : 0.318, s/b : 0.212
Steps : 253410, Gen Loss Total : 28.663, Mel-Spec. Error : 0.327, s/b : 0.207
Steps : 253415, Gen Loss Total : 28.474, Mel-Spec. Error : 0.317, s/b : 0.213
Steps : 253420, Gen Loss Total : 30.174, Mel-Spec. Error : 0.323, s/b : 0.212
Steps : 253425, Gen Loss Total : 33.245, Mel-Spec. Error : 0.322, s/b : 0.211
Steps : 253430, Gen Loss Total : 29.418, Mel-Spec. Error : 0.320, s/b : 0.212
Steps : 253435, Gen Loss Total : 28.021, Mel-Spec. Error : 0.304, s/b : 0.211
Steps : 253440, Gen Loss Total : 30.660, Mel-Spec. Error : 0.311, s/b : 0.210
Steps : 253445, Gen Loss Total : 31.153, Mel-Spec. Error : 0.332, s/b : 0.211
Steps : 253450, Gen Loss Total : 29.655, Mel-Spec. Error : 0.317, s/b : 0.211
Steps : 253455, Gen Loss Total : 30.057, Mel-Spec. Error : 0.305, s/b : 0.211
Steps : 253460, Gen Loss Total : 30.389, Mel-Spec. Error : 0.309, s/b : 0.208
Steps : 253465, Gen Loss Total : 29.773, Mel-Spec. Error : 0.308, s/b : 0.207
Steps : 253470, Gen Loss Total : 30.879, Mel-Spec. Error : 0.308, s/b : 0.214
Steps : 253475, Gen Loss Total : 31.423, Mel-Spec. Error : 0.321, s/b : 0.206
Steps : 253480, Gen Loss Total : 30.399, Mel-Spec. Error : 0.316, s/b : 0.209
Steps : 253485, Gen Loss Total : 29.237, Mel-Spec. Error : 0.299, s/b : 0.211
Steps : 253490, Gen Loss Total : 29.186, Mel-Spec. Error : 0.303, s/b : 0.211
Steps : 253495, Gen Loss Total : 29.654, Mel-Spec. Error : 0.310, s/b : 0.210
Steps : 253500, Gen Loss Total : 27.948, Mel-Spec. Error : 0.300, s/b : 0.208
Steps : 253505, Gen Loss Total : 27.769, Mel-Spec. Error : 0.308, s/b : 0.206
Steps : 253510, Gen Loss Total : 26.974, Mel-Spec. Error : 0.314, s/b : 0.215
Steps : 253515, Gen Loss Total : 29.084, Mel-Spec. Error : 0.316, s/b : 0.210
Steps : 253520, Gen Loss Total : 29.805, Mel-Spec. Error : 0.319, s/b : 0.207
Steps : 253525, Gen Loss Total : 28.718, Mel-Spec. Error : 0.317, s/b : 0.210
Steps : 253530, Gen Loss Total : 31.633, Mel-Spec. Error : 0.327, s/b : 0.212
Steps : 253535, Gen Loss Total : 30.053, Mel-Spec. Error : 0.301, s/b : 0.213
Steps : 253540, Gen Loss Total : 32.277, Mel-Spec. Error : 0.311, s/b : 0.207
Steps : 253545, Gen Loss Total : 29.159, Mel-Spec. Error : 0.311, s/b : 0.211
Steps : 253550, Gen Loss Total : 30.229, Mel-Spec. Error : 0.330, s/b : 0.208
Steps : 253555, Gen Loss Total : 27.827, Mel-Spec. Error : 0.304, s/b : 0.207
Steps : 253560, Gen Loss Total : 26.542, Mel-Spec. Error : 0.306, s/b : 0.209
Steps : 253565, Gen Loss Total : 28.409, Mel-Spec. Error : 0.324, s/b : 0.210
Steps : 253570, Gen Loss Total : 29.004, Mel-Spec. Error : 0.312, s/b : 0.210
Steps : 253575, Gen Loss Total : 31.547, Mel-Spec. Error : 0.327, s/b : 0.210
Steps : 253580, Gen Loss Total : 30.037, Mel-Spec. Error : 0.307, s/b : 0.207
Steps : 253585, Gen Loss Total : 26.790, Mel-Spec. Error : 0.310, s/b : 0.214
Steps : 253590, Gen Loss Total : 30.044, Mel-Spec. Error : 0.309, s/b : 0.209
Steps : 253595, Gen Loss Total : 27.508, Mel-Spec. Error : 0.303, s/b : 0.210
Steps : 253600, Gen Loss Total : 30.531, Mel-Spec. Error : 0.318, s/b : 0.208
Steps : 253605, Gen Loss Total : 31.228, Mel-Spec. Error : 0.313, s/b : 0.211
Steps : 253610, Gen Loss Total : 30.370, Mel-Spec. Error : 0.335, s/b : 0.210
Steps : 253615, Gen Loss Total : 30.316, Mel-Spec. Error : 0.309, s/b : 0.214
Steps : 253620, Gen Loss Total : 29.308, Mel-Spec. Error : 0.319, s/b : 0.211
Steps : 253625, Gen Loss Total : 30.402, Mel-Spec. Error : 0.320, s/b : 0.214
Steps : 253630, Gen Loss Total : 30.560, Mel-Spec. Error : 0.305, s/b : 0.212
Steps : 253635, Gen Loss Total : 28.848, Mel-Spec. Error : 0.307, s/b : 0.215
Steps : 253640, Gen Loss Total : 28.774, Mel-Spec. Error : 0.322, s/b : 0.209
Steps : 253645, Gen Loss Total : 28.398, Mel-Spec. Error : 0.312, s/b : 0.211
Steps : 253650, Gen Loss Total : 29.028, Mel-Spec. Error : 0.315, s/b : 0.210
Steps : 253655, Gen Loss Total : 27.846, Mel-Spec. Error : 0.317, s/b : 0.209
Steps : 253660, Gen Loss Total : 30.838, Mel-Spec. Error : 0.318, s/b : 0.207
Steps : 253665, Gen Loss Total : 32.072, Mel-Spec. Error : 0.312, s/b : 0.211
Steps : 253670, Gen Loss Total : 30.518, Mel-Spec. Error : 0.308, s/b : 0.210
Steps : 253675, Gen Loss Total : 28.861, Mel-Spec. Error : 0.305, s/b : 0.209
Steps : 253680, Gen Loss Total : 31.030, Mel-Spec. Error : 0.315, s/b : 0.210
Steps : 253685, Gen Loss Total : 35.723, Mel-Spec. Error : 0.329, s/b : 0.210
Steps : 253690, Gen Loss Total : 33.041, Mel-Spec. Error : 0.332, s/b : 0.208
Steps : 253695, Gen Loss Total : 31.499, Mel-Spec. Error : 0.334, s/b : 0.215
Steps : 253700, Gen Loss Total : 30.104, Mel-Spec. Error : 0.319, s/b : 0.209
Steps : 253705, Gen Loss Total : 34.701, Mel-Spec. Error : 0.321, s/b : 0.208
Steps : 253710, Gen Loss Total : 29.572, Mel-Spec. Error : 0.320, s/b : 0.209
Steps : 253715, Gen Loss Total : 27.438, Mel-Spec. Error : 0.314, s/b : 0.207
Steps : 253720, Gen Loss Total : 31.108, Mel-Spec. Error : 0.312, s/b : 0.209
Steps : 253725, Gen Loss Total : 30.861, Mel-Spec. Error : 0.311, s/b : 0.208
Steps : 253730, Gen Loss Total : 29.142, Mel-Spec. Error : 0.320, s/b : 0.207
Steps : 253735, Gen Loss Total : 29.098, Mel-Spec. Error : 0.312, s/b : 0.210
Steps : 253740, Gen Loss Total : 29.710, Mel-Spec. Error : 0.320, s/b : 0.209
Steps : 253745, Gen Loss Total : 31.056, Mel-Spec. Error : 0.323, s/b : 0.206
Steps : 253750, Gen Loss Total : 28.882, Mel-Spec. Error : 0.320, s/b : 0.209
Steps : 253755, Gen Loss Total : 29.575, Mel-Spec. Error : 0.356, s/b : 0.210
Steps : 253760, Gen Loss Total : 30.643, Mel-Spec. Error : 0.320, s/b : 0.210
Steps : 253765, Gen Loss Total : 28.995, Mel-Spec. Error : 0.326, s/b : 0.212
Steps : 253770, Gen Loss Total : 29.232, Mel-Spec. Error : 0.297, s/b : 0.210
Steps : 253775, Gen Loss Total : 29.657, Mel-Spec. Error : 0.316, s/b : 0.208
Steps : 253780, Gen Loss Total : 29.382, Mel-Spec. Error : 0.317, s/b : 0.207
Steps : 253785, Gen Loss Total : 30.163, Mel-Spec. Error : 0.309, s/b : 0.206
Steps : 253790, Gen Loss Total : 31.583, Mel-Spec. Error : 0.325, s/b : 0.209
Steps : 253795, Gen Loss Total : 30.643, Mel-Spec. Error : 0.305, s/b : 0.209
Steps : 253800, Gen Loss Total : 33.360, Mel-Spec. Error : 0.314, s/b : 0.208
Steps : 253805, Gen Loss Total : 31.236, Mel-Spec. Error : 0.323, s/b : 0.232
Steps : 253810, Gen Loss Total : 29.729, Mel-Spec. Error : 0.325, s/b : 0.210
Steps : 253815, Gen Loss Total : 30.835, Mel-Spec. Error : 0.332, s/b : 0.210
Steps : 253820, Gen Loss Total : 31.756, Mel-Spec. Error : 0.337, s/b : 0.207
Steps : 253825, Gen Loss Total : 32.110, Mel-Spec. Error : 0.327, s/b : 0.212
Steps : 253830, Gen Loss Total : 29.576, Mel-Spec. Error : 0.310, s/b : 0.211
Steps : 253835, Gen Loss Total : 32.453, Mel-Spec. Error : 0.334, s/b : 0.207
Steps : 253840, Gen Loss Total : 31.317, Mel-Spec. Error : 0.319, s/b : 0.214
Steps : 253845, Gen Loss Total : 34.222, Mel-Spec. Error : 0.343, s/b : 0.208
Steps : 253850, Gen Loss Total : 32.048, Mel-Spec. Error : 0.331, s/b : 0.213
Steps : 253855, Gen Loss Total : 28.965, Mel-Spec. Error : 0.311, s/b : 0.213
Steps : 253860, Gen Loss Total : 29.835, Mel-Spec. Error : 0.323, s/b : 0.210
Steps : 253865, Gen Loss Total : 28.374, Mel-Spec. Error : 0.327, s/b : 0.209
Steps : 253870, Gen Loss Total : 30.841, Mel-Spec. Error : 0.322, s/b : 0.214
Steps : 253875, Gen Loss Total : 30.737, Mel-Spec. Error : 0.320, s/b : 0.211
Steps : 253880, Gen Loss Total : 30.266, Mel-Spec. Error : 0.309, s/b : 0.214
Steps : 253885, Gen Loss Total : 29.095, Mel-Spec. Error : 0.322, s/b : 0.210
Steps : 253890, Gen Loss Total : 33.385, Mel-Spec. Error : 0.321, s/b : 0.214
Steps : 253895, Gen Loss Total : 29.678, Mel-Spec. Error : 0.312, s/b : 0.214
Steps : 253900, Gen Loss Total : 31.831, Mel-Spec. Error : 0.311, s/b : 0.215
Steps : 253905, Gen Loss Total : 29.975, Mel-Spec. Error : 0.324, s/b : 0.208
Steps : 253910, Gen Loss Total : 31.393, Mel-Spec. Error : 0.335, s/b : 0.206
Steps : 253915, Gen Loss Total : 32.023, Mel-Spec. Error : 0.318, s/b : 0.205
Time taken for epoch 142 is 521 sec

Epoch: 143
Steps : 253920, Gen Loss Total : 32.655, Mel-Spec. Error : 0.350, s/b : 0.214
Steps : 253925, Gen Loss Total : 30.146, Mel-Spec. Error : 0.338, s/b : 0.214
Steps : 253930, Gen Loss Total : 32.222, Mel-Spec. Error : 0.324, s/b : 0.212
Steps : 253935, Gen Loss Total : 29.682, Mel-Spec. Error : 0.312, s/b : 0.213
Steps : 253940, Gen Loss Total : 30.460, Mel-Spec. Error : 0.321, s/b : 0.209
Steps : 253945, Gen Loss Total : 30.852, Mel-Spec. Error : 0.310, s/b : 0.212
Steps : 253950, Gen Loss Total : 28.482, Mel-Spec. Error : 0.320, s/b : 0.207
Steps : 253955, Gen Loss Total : 28.830, Mel-Spec. Error : 0.311, s/b : 0.212
Steps : 253960, Gen Loss Total : 28.578, Mel-Spec. Error : 0.309, s/b : 0.210
Steps : 253965, Gen Loss Total : 29.869, Mel-Spec. Error : 0.320, s/b : 0.212
Steps : 253970, Gen Loss Total : 28.420, Mel-Spec. Error : 0.304, s/b : 0.208
Steps : 253975, Gen Loss Total : 31.015, Mel-Spec. Error : 0.305, s/b : 0.212
Steps : 253980, Gen Loss Total : 31.435, Mel-Spec. Error : 0.330, s/b : 0.212
Steps : 253985, Gen Loss Total : 28.856, Mel-Spec. Error : 0.313, s/b : 0.212
Steps : 253990, Gen Loss Total : 31.708, Mel-Spec. Error : 0.320, s/b : 0.209
Steps : 253995, Gen Loss Total : 29.481, Mel-Spec. Error : 0.315, s/b : 0.212
Steps : 254000, Gen Loss Total : 30.522, Mel-Spec. Error : 0.329, s/b : 0.207
Steps : 254005, Gen Loss Total : 33.209, Mel-Spec. Error : 0.347, s/b : 0.216
Steps : 254010, Gen Loss Total : 33.067, Mel-Spec. Error : 0.330, s/b : 0.211
Steps : 254015, Gen Loss Total : 29.865, Mel-Spec. Error : 0.324, s/b : 0.213
Steps : 254020, Gen Loss Total : 31.737, Mel-Spec. Error : 0.317, s/b : 0.217
Steps : 254025, Gen Loss Total : 32.197, Mel-Spec. Error : 0.329, s/b : 0.211
Steps : 254030, Gen Loss Total : 32.010, Mel-Spec. Error : 0.344, s/b : 0.212
Steps : 254035, Gen Loss Total : 32.498, Mel-Spec. Error : 0.328, s/b : 0.219
Steps : 254040, Gen Loss Total : 31.949, Mel-Spec. Error : 0.324, s/b : 0.217
Steps : 254045, Gen Loss Total : 30.419, Mel-Spec. Error : 0.321, s/b : 0.212
Steps : 254050, Gen Loss Total : 31.030, Mel-Spec. Error : 0.324, s/b : 0.206
Steps : 254055, Gen Loss Total : 31.765, Mel-Spec. Error : 0.325, s/b : 0.212
Steps : 254060, Gen Loss Total : 30.875, Mel-Spec. Error : 0.324, s/b : 0.212
Steps : 254065, Gen Loss Total : 33.447, Mel-Spec. Error : 0.323, s/b : 0.212
Steps : 254070, Gen Loss Total : 29.706, Mel-Spec. Error : 0.332, s/b : 0.210
Steps : 254075, Gen Loss Total : 30.166, Mel-Spec. Error : 0.315, s/b : 0.211
Steps : 254080, Gen Loss Total : 31.919, Mel-Spec. Error : 0.321, s/b : 0.215
Steps : 254085, Gen Loss Total : 31.141, Mel-Spec. Error : 0.302, s/b : 0.211
Steps : 254090, Gen Loss Total : 32.077, Mel-Spec. Error : 0.328, s/b : 0.208
Steps : 254095, Gen Loss Total : 31.618, Mel-Spec. Error : 0.319, s/b : 0.213
Steps : 254100, Gen Loss Total : 32.156, Mel-Spec. Error : 0.331, s/b : 0.211
Steps : 254105, Gen Loss Total : 29.908, Mel-Spec. Error : 0.328, s/b : 0.210
Steps : 254110, Gen Loss Total : 33.395, Mel-Spec. Error : 0.318, s/b : 0.209
Steps : 254115, Gen Loss Total : 29.329, Mel-Spec. Error : 0.303, s/b : 0.210
Steps : 254120, Gen Loss Total : 32.559, Mel-Spec. Error : 0.335, s/b : 0.214
Steps : 254125, Gen Loss Total : 29.271, Mel-Spec. Error : 0.301, s/b : 0.211
Steps : 254130, Gen Loss Total : 28.687, Mel-Spec. Error : 0.316, s/b : 0.209
Steps : 254135, Gen Loss Total : 27.655, Mel-Spec. Error : 0.311, s/b : 0.209
Steps : 254140, Gen Loss Total : 29.703, Mel-Spec. Error : 0.311, s/b : 0.208
Steps : 254145, Gen Loss Total : 31.377, Mel-Spec. Error : 0.310, s/b : 0.211
Steps : 254150, Gen Loss Total : 33.486, Mel-Spec. Error : 0.334, s/b : 0.208
Steps : 254155, Gen Loss Total : 31.570, Mel-Spec. Error : 0.328, s/b : 0.209
Steps : 254160, Gen Loss Total : 32.505, Mel-Spec. Error : 0.323, s/b : 0.209
Steps : 254165, Gen Loss Total : 31.817, Mel-Spec. Error : 0.320, s/b : 0.212
Steps : 254170, Gen Loss Total : 28.647, Mel-Spec. Error : 0.319, s/b : 0.209
Steps : 254175, Gen Loss Total : 30.372, Mel-Spec. Error : 0.314, s/b : 0.207
Steps : 254180, Gen Loss Total : 31.110, Mel-Spec. Error : 0.322, s/b : 0.209
Steps : 254185, Gen Loss Total : 31.730, Mel-Spec. Error : 0.322, s/b : 0.213
Steps : 254190, Gen Loss Total : 31.068, Mel-Spec. Error : 0.304, s/b : 0.211
Steps : 254195, Gen Loss Total : 27.967, Mel-Spec. Error : 0.318, s/b : 0.212
Steps : 254200, Gen Loss Total : 27.187, Mel-Spec. Error : 0.311, s/b : 0.209
Steps : 254205, Gen Loss Total : 33.404, Mel-Spec. Error : 0.408, s/b : 0.213
Steps : 254210, Gen Loss Total : 35.058, Mel-Spec. Error : 0.425, s/b : 0.210
Steps : 254215, Gen Loss Total : 33.215, Mel-Spec. Error : 0.351, s/b : 0.211
Steps : 254220, Gen Loss Total : 32.060, Mel-Spec. Error : 0.365, s/b : 0.213
Steps : 254225, Gen Loss Total : 31.452, Mel-Spec. Error : 0.315, s/b : 0.213
Steps : 254230, Gen Loss Total : 28.593, Mel-Spec. Error : 0.316, s/b : 0.212
Steps : 254235, Gen Loss Total : 28.463, Mel-Spec. Error : 0.320, s/b : 0.211
Steps : 254240, Gen Loss Total : 28.219, Mel-Spec. Error : 0.308, s/b : 0.210
Steps : 254245, Gen Loss Total : 28.714, Mel-Spec. Error : 0.312, s/b : 0.216
Steps : 254250, Gen Loss Total : 29.849, Mel-Spec. Error : 0.311, s/b : 0.212
Steps : 254255, Gen Loss Total : 30.323, Mel-Spec. Error : 0.312, s/b : 0.212
Steps : 254260, Gen Loss Total : 29.369, Mel-Spec. Error : 0.316, s/b : 0.210
Steps : 254265, Gen Loss Total : 29.959, Mel-Spec. Error : 0.309, s/b : 0.211
Steps : 254270, Gen Loss Total : 31.076, Mel-Spec. Error : 0.321, s/b : 0.209
Steps : 254275, Gen Loss Total : 29.377, Mel-Spec. Error : 0.310, s/b : 0.213
Steps : 254280, Gen Loss Total : 29.417, Mel-Spec. Error : 0.315, s/b : 0.209
Steps : 254285, Gen Loss Total : 32.321, Mel-Spec. Error : 0.331, s/b : 0.210
Steps : 254290, Gen Loss Total : 28.876, Mel-Spec. Error : 0.320, s/b : 0.210
Steps : 254295, Gen Loss Total : 30.058, Mel-Spec. Error : 0.327, s/b : 0.209
Steps : 254300, Gen Loss Total : 27.032, Mel-Spec. Error : 0.310, s/b : 0.210
Steps : 254305, Gen Loss Total : 30.285, Mel-Spec. Error : 0.318, s/b : 0.211
Steps : 254310, Gen Loss Total : 29.745, Mel-Spec. Error : 0.332, s/b : 0.208
Steps : 254315, Gen Loss Total : 30.498, Mel-Spec. Error : 0.322, s/b : 0.214
Steps : 254320, Gen Loss Total : 31.563, Mel-Spec. Error : 0.336, s/b : 0.209
Steps : 254325, Gen Loss Total : 30.048, Mel-Spec. Error : 0.313, s/b : 0.216
Steps : 254330, Gen Loss Total : 31.381, Mel-Spec. Error : 0.316, s/b : 0.213
Steps : 254335, Gen Loss Total : 31.161, Mel-Spec. Error : 0.331, s/b : 0.211
Steps : 254340, Gen Loss Total : 31.257, Mel-Spec. Error : 0.313, s/b : 0.211
Steps : 254345, Gen Loss Total : 29.671, Mel-Spec. Error : 0.335, s/b : 0.209
Steps : 254350, Gen Loss Total : 28.711, Mel-Spec. Error : 0.324, s/b : 0.211
Steps : 254355, Gen Loss Total : 29.429, Mel-Spec. Error : 0.313, s/b : 0.211
Steps : 254360, Gen Loss Total : 33.579, Mel-Spec. Error : 0.324, s/b : 0.209
Steps : 254365, Gen Loss Total : 31.313, Mel-Spec. Error : 0.313, s/b : 0.212
Steps : 254370, Gen Loss Total : 31.038, Mel-Spec. Error : 0.318, s/b : 0.210
Steps : 254375, Gen Loss Total : 29.863, Mel-Spec. Error : 0.329, s/b : 0.213
Steps : 254380, Gen Loss Total : 28.427, Mel-Spec. Error : 0.325, s/b : 0.207
Steps : 254385, Gen Loss Total : 31.352, Mel-Spec. Error : 0.346, s/b : 0.209
Steps : 254390, Gen Loss Total : 30.972, Mel-Spec. Error : 0.328, s/b : 0.207
Steps : 254395, Gen Loss Total : 30.553, Mel-Spec. Error : 0.320, s/b : 0.211
Steps : 254400, Gen Loss Total : 30.287, Mel-Spec. Error : 0.329, s/b : 0.206
Steps : 254405, Gen Loss Total : 28.635, Mel-Spec. Error : 0.312, s/b : 0.210
Steps : 254410, Gen Loss Total : 31.573, Mel-Spec. Error : 0.339, s/b : 0.208
Steps : 254415, Gen Loss Total : 30.062, Mel-Spec. Error : 0.313, s/b : 0.213
Steps : 254420, Gen Loss Total : 31.115, Mel-Spec. Error : 0.306, s/b : 0.209
Steps : 254425, Gen Loss Total : 29.760, Mel-Spec. Error : 0.301, s/b : 0.209
Steps : 254430, Gen Loss Total : 27.265, Mel-Spec. Error : 0.298, s/b : 0.209
Steps : 254435, Gen Loss Total : 25.807, Mel-Spec. Error : 0.315, s/b : 0.216
Steps : 254440, Gen Loss Total : 28.830, Mel-Spec. Error : 0.319, s/b : 0.206
Steps : 254445, Gen Loss Total : 29.974, Mel-Spec. Error : 0.317, s/b : 0.211
Steps : 254450, Gen Loss Total : 28.294, Mel-Spec. Error : 0.300, s/b : 0.214
Steps : 254455, Gen Loss Total : 28.189, Mel-Spec. Error : 0.310, s/b : 0.206
Steps : 254460, Gen Loss Total : 29.920, Mel-Spec. Error : 0.310, s/b : 0.207
Steps : 254465, Gen Loss Total : 30.119, Mel-Spec. Error : 0.312, s/b : 0.211
Steps : 254470, Gen Loss Total : 31.405, Mel-Spec. Error : 0.319, s/b : 0.212
Steps : 254475, Gen Loss Total : 28.753, Mel-Spec. Error : 0.305, s/b : 0.211
Steps : 254480, Gen Loss Total : 32.565, Mel-Spec. Error : 0.307, s/b : 0.209
Steps : 254485, Gen Loss Total : 31.994, Mel-Spec. Error : 0.312, s/b : 0.212
Steps : 254490, Gen Loss Total : 31.036, Mel-Spec. Error : 0.297, s/b : 0.207
Steps : 254495, Gen Loss Total : 31.507, Mel-Spec. Error : 0.318, s/b : 0.215
Steps : 254500, Gen Loss Total : 28.985, Mel-Spec. Error : 0.305, s/b : 0.209
Steps : 254505, Gen Loss Total : 28.559, Mel-Spec. Error : 0.314, s/b : 0.213
Steps : 254510, Gen Loss Total : 31.596, Mel-Spec. Error : 0.324, s/b : 0.210
Steps : 254515, Gen Loss Total : 31.443, Mel-Spec. Error : 0.323, s/b : 0.209
Steps : 254520, Gen Loss Total : 33.586, Mel-Spec. Error : 0.317, s/b : 0.207
Steps : 254525, Gen Loss Total : 31.097, Mel-Spec. Error : 0.326, s/b : 0.210
Steps : 254530, Gen Loss Total : 30.190, Mel-Spec. Error : 0.320, s/b : 0.207
Steps : 254535, Gen Loss Total : 30.327, Mel-Spec. Error : 0.346, s/b : 0.210
Steps : 254540, Gen Loss Total : 28.544, Mel-Spec. Error : 0.329, s/b : 0.208
Steps : 254545, Gen Loss Total : 31.991, Mel-Spec. Error : 0.322, s/b : 0.213
Steps : 254550, Gen Loss Total : 29.065, Mel-Spec. Error : 0.305, s/b : 0.212
Steps : 254555, Gen Loss Total : 31.637, Mel-Spec. Error : 0.317, s/b : 0.209
Steps : 254560, Gen Loss Total : 34.677, Mel-Spec. Error : 0.330, s/b : 0.210
Steps : 254565, Gen Loss Total : 34.622, Mel-Spec. Error : 0.332, s/b : 0.206
Steps : 254570, Gen Loss Total : 31.976, Mel-Spec. Error : 0.327, s/b : 0.207
Steps : 254575, Gen Loss Total : 29.460, Mel-Spec. Error : 0.323, s/b : 0.210
Steps : 254580, Gen Loss Total : 32.532, Mel-Spec. Error : 0.322, s/b : 0.214
Steps : 254585, Gen Loss Total : 28.410, Mel-Spec. Error : 0.308, s/b : 0.207
Steps : 254590, Gen Loss Total : 28.765, Mel-Spec. Error : 0.315, s/b : 0.211
Steps : 254595, Gen Loss Total : 29.986, Mel-Spec. Error : 0.306, s/b : 0.212
Steps : 254600, Gen Loss Total : 27.129, Mel-Spec. Error : 0.302, s/b : 0.213
Steps : 254605, Gen Loss Total : 29.744, Mel-Spec. Error : 0.317, s/b : 0.206
Steps : 254610, Gen Loss Total : 27.325, Mel-Spec. Error : 0.303, s/b : 0.211
Steps : 254615, Gen Loss Total : 28.464, Mel-Spec. Error : 0.309, s/b : 0.214
Steps : 254620, Gen Loss Total : 26.060, Mel-Spec. Error : 0.302, s/b : 0.213
Steps : 254625, Gen Loss Total : 27.992, Mel-Spec. Error : 0.299, s/b : 0.213
Steps : 254630, Gen Loss Total : 30.832, Mel-Spec. Error : 0.316, s/b : 0.216
Steps : 254635, Gen Loss Total : 29.059, Mel-Spec. Error : 0.341, s/b : 0.212
Steps : 254640, Gen Loss Total : 28.883, Mel-Spec. Error : 0.333, s/b : 0.213
Steps : 254645, Gen Loss Total : 28.838, Mel-Spec. Error : 0.297, s/b : 0.211
Steps : 254650, Gen Loss Total : 29.079, Mel-Spec. Error : 0.311, s/b : 0.211
Steps : 254655, Gen Loss Total : 26.152, Mel-Spec. Error : 0.316, s/b : 0.213
Steps : 254660, Gen Loss Total : 29.069, Mel-Spec. Error : 0.293, s/b : 0.217
Steps : 254665, Gen Loss Total : 27.281, Mel-Spec. Error : 0.319, s/b : 0.210
Steps : 254670, Gen Loss Total : 31.614, Mel-Spec. Error : 0.332, s/b : 0.208
Steps : 254675, Gen Loss Total : 30.438, Mel-Spec. Error : 0.327, s/b : 0.210
Steps : 254680, Gen Loss Total : 31.304, Mel-Spec. Error : 0.325, s/b : 0.207
Steps : 254685, Gen Loss Total : 30.923, Mel-Spec. Error : 0.313, s/b : 0.210
Steps : 254690, Gen Loss Total : 30.633, Mel-Spec. Error : 0.316, s/b : 0.212
Steps : 254695, Gen Loss Total : 32.359, Mel-Spec. Error : 0.311, s/b : 0.207
Steps : 254700, Gen Loss Total : 31.405, Mel-Spec. Error : 0.316, s/b : 0.206
Steps : 254705, Gen Loss Total : 33.293, Mel-Spec. Error : 0.340, s/b : 0.214
Steps : 254710, Gen Loss Total : 29.158, Mel-Spec. Error : 0.310, s/b : 0.213
Steps : 254715, Gen Loss Total : 31.340, Mel-Spec. Error : 0.315, s/b : 0.214
Steps : 254720, Gen Loss Total : 33.848, Mel-Spec. Error : 0.333, s/b : 0.215
Steps : 254725, Gen Loss Total : 35.265, Mel-Spec. Error : 0.320, s/b : 0.215
Steps : 254730, Gen Loss Total : 35.549, Mel-Spec. Error : 0.327, s/b : 0.214
Steps : 254735, Gen Loss Total : 34.449, Mel-Spec. Error : 0.327, s/b : 0.209
Steps : 254740, Gen Loss Total : 32.087, Mel-Spec. Error : 0.324, s/b : 0.212
Steps : 254745, Gen Loss Total : 33.231, Mel-Spec. Error : 0.330, s/b : 0.209
Steps : 254750, Gen Loss Total : 40.357, Mel-Spec. Error : 0.328, s/b : 0.216
Steps : 254755, Gen Loss Total : 37.834, Mel-Spec. Error : 0.319, s/b : 0.209
Steps : 254760, Gen Loss Total : 37.200, Mel-Spec. Error : 0.348, s/b : 0.208
Steps : 254765, Gen Loss Total : 29.222, Mel-Spec. Error : 0.328, s/b : 0.210
Steps : 254770, Gen Loss Total : 27.740, Mel-Spec. Error : 0.311, s/b : 0.211
Steps : 254775, Gen Loss Total : 30.888, Mel-Spec. Error : 0.327, s/b : 0.210
Steps : 254780, Gen Loss Total : 27.844, Mel-Spec. Error : 0.307, s/b : 0.208
Steps : 254785, Gen Loss Total : 28.587, Mel-Spec. Error : 0.341, s/b : 0.215
Steps : 254790, Gen Loss Total : 32.132, Mel-Spec. Error : 0.350, s/b : 0.214
Steps : 254795, Gen Loss Total : 27.958, Mel-Spec. Error : 0.323, s/b : 0.212
Steps : 254800, Gen Loss Total : 26.445, Mel-Spec. Error : 0.312, s/b : 0.213
Steps : 254805, Gen Loss Total : 28.669, Mel-Spec. Error : 0.312, s/b : 0.213
Steps : 254810, Gen Loss Total : 30.360, Mel-Spec. Error : 0.309, s/b : 0.214
Steps : 254815, Gen Loss Total : 28.729, Mel-Spec. Error : 0.309, s/b : 0.214
Steps : 254820, Gen Loss Total : 31.754, Mel-Spec. Error : 0.314, s/b : 0.215
Steps : 254825, Gen Loss Total : 30.666, Mel-Spec. Error : 0.326, s/b : 0.212
Steps : 254830, Gen Loss Total : 28.430, Mel-Spec. Error : 0.334, s/b : 0.208
Steps : 254835, Gen Loss Total : 29.234, Mel-Spec. Error : 0.309, s/b : 0.209
Steps : 254840, Gen Loss Total : 30.884, Mel-Spec. Error : 0.324, s/b : 0.211
Steps : 254845, Gen Loss Total : 28.728, Mel-Spec. Error : 0.313, s/b : 0.208
Steps : 254850, Gen Loss Total : 31.870, Mel-Spec. Error : 0.308, s/b : 0.207
Steps : 254855, Gen Loss Total : 28.193, Mel-Spec. Error : 0.313, s/b : 0.210
Steps : 254860, Gen Loss Total : 29.845, Mel-Spec. Error : 0.342, s/b : 0.211
Steps : 254865, Gen Loss Total : 30.116, Mel-Spec. Error : 0.311, s/b : 0.211
Steps : 254870, Gen Loss Total : 32.485, Mel-Spec. Error : 0.330, s/b : 0.210
Steps : 254875, Gen Loss Total : 29.642, Mel-Spec. Error : 0.318, s/b : 0.208
Steps : 254880, Gen Loss Total : 30.963, Mel-Spec. Error : 0.324, s/b : 0.210
Steps : 254885, Gen Loss Total : 31.485, Mel-Spec. Error : 0.303, s/b : 0.210
Steps : 254890, Gen Loss Total : 30.259, Mel-Spec. Error : 0.319, s/b : 0.209
Steps : 254895, Gen Loss Total : 28.154, Mel-Spec. Error : 0.316, s/b : 0.208
Steps : 254900, Gen Loss Total : 29.281, Mel-Spec. Error : 0.321, s/b : 0.211
Steps : 254905, Gen Loss Total : 28.164, Mel-Spec. Error : 0.318, s/b : 0.217
Steps : 254910, Gen Loss Total : 30.052, Mel-Spec. Error : 0.316, s/b : 0.209
Steps : 254915, Gen Loss Total : 31.298, Mel-Spec. Error : 0.327, s/b : 0.207
Steps : 254920, Gen Loss Total : 29.574, Mel-Spec. Error : 0.309, s/b : 0.217
Steps : 254925, Gen Loss Total : 30.954, Mel-Spec. Error : 0.312, s/b : 0.209
Steps : 254930, Gen Loss Total : 31.282, Mel-Spec. Error : 0.318, s/b : 0.210
Steps : 254935, Gen Loss Total : 27.106, Mel-Spec. Error : 0.319, s/b : 0.211
Steps : 254940, Gen Loss Total : 28.738, Mel-Spec. Error : 0.314, s/b : 0.207
Steps : 254945, Gen Loss Total : 30.853, Mel-Spec. Error : 0.354, s/b : 0.209
Steps : 254950, Gen Loss Total : 31.115, Mel-Spec. Error : 0.338, s/b : 0.212
Steps : 254955, Gen Loss Total : 28.944, Mel-Spec. Error : 0.305, s/b : 0.209
Steps : 254960, Gen Loss Total : 27.918, Mel-Spec. Error : 0.314, s/b : 0.213
Steps : 254965, Gen Loss Total : 28.577, Mel-Spec. Error : 0.299, s/b : 0.209
Steps : 254970, Gen Loss Total : 30.871, Mel-Spec. Error : 0.314, s/b : 0.213
Steps : 254975, Gen Loss Total : 30.216, Mel-Spec. Error : 0.307, s/b : 0.210
Steps : 254980, Gen Loss Total : 29.902, Mel-Spec. Error : 0.313, s/b : 0.214
Steps : 254985, Gen Loss Total : 28.111, Mel-Spec. Error : 0.307, s/b : 0.209
Steps : 254990, Gen Loss Total : 32.282, Mel-Spec. Error : 0.320, s/b : 0.215
Steps : 254995, Gen Loss Total : 27.380, Mel-Spec. Error : 0.305, s/b : 0.208
Steps : 255000, Gen Loss Total : 27.613, Mel-Spec. Error : 0.311, s/b : 0.210
Saving checkpoint to /home/hpc/vlbi/vlbi107v/hifi-gan/cp_hifigan/v1_c512_physical30/g_00255000
Complete.
Saving checkpoint to /home/woody/vlbi/vlbi107v/cp_hifigan/v1_c512_physical30/g_00255000
Complete.
Saving checkpoint to /home/hpc/vlbi/vlbi107v/hifi-gan/cp_hifigan/v1_c512_physical30/do_00255000
Complete.
Saving checkpoint to /home/woody/vlbi/vlbi107v/cp_hifigan/v1_c512_physical30/do_00255000
Complete.
Steps : 255005, Gen Loss Total : 31.933, Mel-Spec. Error : 0.327, s/b : 0.216
Steps : 255010, Gen Loss Total : 30.615, Mel-Spec. Error : 0.322, s/b : 0.221
Steps : 255015, Gen Loss Total : 30.632, Mel-Spec. Error : 0.326, s/b : 0.216
Steps : 255020, Gen Loss Total : 30.713, Mel-Spec. Error : 0.322, s/b : 0.211
Steps : 255025, Gen Loss Total : 31.132, Mel-Spec. Error : 0.318, s/b : 0.210
Steps : 255030, Gen Loss Total : 30.651, Mel-Spec. Error : 0.313, s/b : 0.212
Steps : 255035, Gen Loss Total : 30.547, Mel-Spec. Error : 0.302, s/b : 0.211
Steps : 255040, Gen Loss Total : 30.366, Mel-Spec. Error : 0.307, s/b : 0.215
Steps : 255045, Gen Loss Total : 28.376, Mel-Spec. Error : 0.307, s/b : 0.216
Steps : 255050, Gen Loss Total : 28.821, Mel-Spec. Error : 0.306, s/b : 0.215
Steps : 255055, Gen Loss Total : 28.282, Mel-Spec. Error : 0.314, s/b : 0.214
Steps : 255060, Gen Loss Total : 28.012, Mel-Spec. Error : 0.305, s/b : 0.214
Steps : 255065, Gen Loss Total : 31.923, Mel-Spec. Error : 0.328, s/b : 0.213
Steps : 255070, Gen Loss Total : 32.213, Mel-Spec. Error : 0.327, s/b : 0.212
Steps : 255075, Gen Loss Total : 29.170, Mel-Spec. Error : 0.319, s/b : 0.215
Steps : 255080, Gen Loss Total : 29.986, Mel-Spec. Error : 0.326, s/b : 0.213
Steps : 255085, Gen Loss Total : 29.330, Mel-Spec. Error : 0.312, s/b : 0.214
Steps : 255090, Gen Loss Total : 29.153, Mel-Spec. Error : 0.309, s/b : 0.214
Steps : 255095, Gen Loss Total : 26.876, Mel-Spec. Error : 0.309, s/b : 0.214
Steps : 255100, Gen Loss Total : 28.205, Mel-Spec. Error : 0.307, s/b : 0.215
Steps : 255105, Gen Loss Total : 27.648, Mel-Spec. Error : 0.301, s/b : 0.215
Steps : 255110, Gen Loss Total : 26.499, Mel-Spec. Error : 0.301, s/b : 0.214
Steps : 255115, Gen Loss Total : 28.597, Mel-Spec. Error : 0.308, s/b : 0.214
Steps : 255120, Gen Loss Total : 30.721, Mel-Spec. Error : 0.310, s/b : 0.213
Steps : 255125, Gen Loss Total : 29.733, Mel-Spec. Error : 0.323, s/b : 0.213
Steps : 255130, Gen Loss Total : 25.743, Mel-Spec. Error : 0.306, s/b : 0.214
Steps : 255135, Gen Loss Total : 30.903, Mel-Spec. Error : 0.323, s/b : 0.216
Steps : 255140, Gen Loss Total : 31.639, Mel-Spec. Error : 0.314, s/b : 0.214
Steps : 255145, Gen Loss Total : 26.797, Mel-Spec. Error : 0.306, s/b : 0.212
Steps : 255150, Gen Loss Total : 28.334, Mel-Spec. Error : 0.306, s/b : 0.213
Steps : 255155, Gen Loss Total : 31.543, Mel-Spec. Error : 0.327, s/b : 0.214
Steps : 255160, Gen Loss Total : 28.386, Mel-Spec. Error : 0.326, s/b : 0.211
Steps : 255165, Gen Loss Total : 27.422, Mel-Spec. Error : 0.316, s/b : 0.215
Steps : 255170, Gen Loss Total : 29.932, Mel-Spec. Error : 0.311, s/b : 0.212
Steps : 255175, Gen Loss Total : 29.908, Mel-Spec. Error : 0.296, s/b : 0.212
Steps : 255180, Gen Loss Total : 28.752, Mel-Spec. Error : 0.298, s/b : 0.210
Steps : 255185, Gen Loss Total : 28.345, Mel-Spec. Error : 0.311, s/b : 0.214
Steps : 255190, Gen Loss Total : 29.799, Mel-Spec. Error : 0.309, s/b : 0.212
Steps : 255195, Gen Loss Total : 27.990, Mel-Spec. Error : 0.315, s/b : 0.212
Steps : 255200, Gen Loss Total : 28.461, Mel-Spec. Error : 0.301, s/b : 0.214
Steps : 255205, Gen Loss Total : 28.095, Mel-Spec. Error : 0.310, s/b : 0.212
Steps : 255210, Gen Loss Total : 30.156, Mel-Spec. Error : 0.317, s/b : 0.212
Steps : 255215, Gen Loss Total : 30.138, Mel-Spec. Error : 0.307, s/b : 0.213
Steps : 255220, Gen Loss Total : 27.148, Mel-Spec. Error : 0.321, s/b : 0.212
Steps : 255225, Gen Loss Total : 32.170, Mel-Spec. Error : 0.321, s/b : 0.209
Steps : 255230, Gen Loss Total : 29.917, Mel-Spec. Error : 0.333, s/b : 0.210
Steps : 255235, Gen Loss Total : 31.922, Mel-Spec. Error : 0.343, s/b : 0.211
Steps : 255240, Gen Loss Total : 32.773, Mel-Spec. Error : 0.341, s/b : 0.211
Steps : 255245, Gen Loss Total : 28.897, Mel-Spec. Error : 0.319, s/b : 0.211
Steps : 255250, Gen Loss Total : 28.650, Mel-Spec. Error : 0.323, s/b : 0.209
Steps : 255255, Gen Loss Total : 28.936, Mel-Spec. Error : 0.319, s/b : 0.208
Steps : 255260, Gen Loss Total : 27.911, Mel-Spec. Error : 0.301, s/b : 0.209
Steps : 255265, Gen Loss Total : 29.365, Mel-Spec. Error : 0.305, s/b : 0.207
Steps : 255270, Gen Loss Total : 30.045, Mel-Spec. Error : 0.314, s/b : 0.206
Steps : 255275, Gen Loss Total : 31.625, Mel-Spec. Error : 0.322, s/b : 0.208
Steps : 255280, Gen Loss Total : 30.872, Mel-Spec. Error : 0.307, s/b : 0.208
Steps : 255285, Gen Loss Total : 30.106, Mel-Spec. Error : 0.307, s/b : 0.209
Steps : 255290, Gen Loss Total : 29.599, Mel-Spec. Error : 0.313, s/b : 0.212
Steps : 255295, Gen Loss Total : 30.859, Mel-Spec. Error : 0.329, s/b : 0.211
Steps : 255300, Gen Loss Total : 30.792, Mel-Spec. Error : 0.314, s/b : 0.207
Steps : 255305, Gen Loss Total : 30.159, Mel-Spec. Error : 0.334, s/b : 0.209
Steps : 255310, Gen Loss Total : 33.251, Mel-Spec. Error : 0.315, s/b : 0.212
Steps : 255315, Gen Loss Total : 31.648, Mel-Spec. Error : 0.311, s/b : 0.211
Steps : 255320, Gen Loss Total : 28.724, Mel-Spec. Error : 0.300, s/b : 0.208
Steps : 255325, Gen Loss Total : 29.154, Mel-Spec. Error : 0.307, s/b : 0.210
Steps : 255330, Gen Loss Total : 30.166, Mel-Spec. Error : 0.306, s/b : 0.208
Steps : 255335, Gen Loss Total : 29.510, Mel-Spec. Error : 0.336, s/b : 0.212
Steps : 255340, Gen Loss Total : 30.071, Mel-Spec. Error : 0.318, s/b : 0.213
Steps : 255345, Gen Loss Total : 28.728, Mel-Spec. Error : 0.312, s/b : 0.208
Steps : 255350, Gen Loss Total : 31.223, Mel-Spec. Error : 0.322, s/b : 0.209
Steps : 255355, Gen Loss Total : 29.354, Mel-Spec. Error : 0.311, s/b : 0.209
Steps : 255360, Gen Loss Total : 30.511, Mel-Spec. Error : 0.338, s/b : 0.211
Steps : 255365, Gen Loss Total : 31.123, Mel-Spec. Error : 0.340, s/b : 0.208
Steps : 255370, Gen Loss Total : 27.768, Mel-Spec. Error : 0.331, s/b : 0.209
Steps : 255375, Gen Loss Total : 29.352, Mel-Spec. Error : 0.312, s/b : 0.215
Steps : 255380, Gen Loss Total : 30.118, Mel-Spec. Error : 0.309, s/b : 0.210
Steps : 255385, Gen Loss Total : 29.389, Mel-Spec. Error : 0.294, s/b : 0.215
Steps : 255390, Gen Loss Total : 30.108, Mel-Spec. Error : 0.301, s/b : 0.211
Steps : 255395, Gen Loss Total : 32.126, Mel-Spec. Error : 0.310, s/b : 0.213
Steps : 255400, Gen Loss Total : 29.062, Mel-Spec. Error : 0.304, s/b : 0.209
Steps : 255405, Gen Loss Total : 28.789, Mel-Spec. Error : 0.318, s/b : 0.206
Steps : 255410, Gen Loss Total : 30.777, Mel-Spec. Error : 0.322, s/b : 0.211
Steps : 255415, Gen Loss Total : 30.828, Mel-Spec. Error : 0.323, s/b : 0.209
Steps : 255420, Gen Loss Total : 30.545, Mel-Spec. Error : 0.320, s/b : 0.213
Steps : 255425, Gen Loss Total : 31.831, Mel-Spec. Error : 0.315, s/b : 0.207
Steps : 255430, Gen Loss Total : 32.591, Mel-Spec. Error : 0.336, s/b : 0.210
Steps : 255435, Gen Loss Total : 27.927, Mel-Spec. Error : 0.319, s/b : 0.212
Steps : 255440, Gen Loss Total : 27.684, Mel-Spec. Error : 0.298, s/b : 0.213
Steps : 255445, Gen Loss Total : 29.238, Mel-Spec. Error : 0.311, s/b : 0.215
Steps : 255450, Gen Loss Total : 32.464, Mel-Spec. Error : 0.306, s/b : 0.213
Steps : 255455, Gen Loss Total : 29.028, Mel-Spec. Error : 0.312, s/b : 0.213
Steps : 255460, Gen Loss Total : 29.333, Mel-Spec. Error : 0.313, s/b : 0.213
Steps : 255465, Gen Loss Total : 31.676, Mel-Spec. Error : 0.313, s/b : 0.214
Steps : 255470, Gen Loss Total : 30.757, Mel-Spec. Error : 0.326, s/b : 0.216
Steps : 255475, Gen Loss Total : 28.405, Mel-Spec. Error : 0.297, s/b : 0.214
Steps : 255480, Gen Loss Total : 27.556, Mel-Spec. Error : 0.306, s/b : 0.209
Steps : 255485, Gen Loss Total : 29.447, Mel-Spec. Error : 0.320, s/b : 0.209
Steps : 255490, Gen Loss Total : 28.579, Mel-Spec. Error : 0.324, s/b : 0.207
Steps : 255495, Gen Loss Total : 30.092, Mel-Spec. Error : 0.316, s/b : 0.209
Steps : 255500, Gen Loss Total : 31.345, Mel-Spec. Error : 0.353, s/b : 0.207
Steps : 255505, Gen Loss Total : 29.757, Mel-Spec. Error : 0.331, s/b : 0.212
Steps : 255510, Gen Loss Total : 28.330, Mel-Spec. Error : 0.321, s/b : 0.208
Steps : 255515, Gen Loss Total : 29.270, Mel-Spec. Error : 0.322, s/b : 0.212
Steps : 255520, Gen Loss Total : 28.643, Mel-Spec. Error : 0.320, s/b : 0.212
Steps : 255525, Gen Loss Total : 30.965, Mel-Spec. Error : 0.341, s/b : 0.210
Steps : 255530, Gen Loss Total : 26.449, Mel-Spec. Error : 0.320, s/b : 0.210
Steps : 255535, Gen Loss Total : 30.487, Mel-Spec. Error : 0.319, s/b : 0.210
Steps : 255540, Gen Loss Total : 27.469, Mel-Spec. Error : 0.310, s/b : 0.210
Steps : 255545, Gen Loss Total : 30.196, Mel-Spec. Error : 0.315, s/b : 0.209
Steps : 255550, Gen Loss Total : 28.615, Mel-Spec. Error : 0.307, s/b : 0.208
Steps : 255555, Gen Loss Total : 28.314, Mel-Spec. Error : 0.298, s/b : 0.212
Steps : 255560, Gen Loss Total : 29.003, Mel-Spec. Error : 0.303, s/b : 0.211
Steps : 255565, Gen Loss Total : 30.629, Mel-Spec. Error : 0.348, s/b : 0.208
Steps : 255570, Gen Loss Total : 29.118, Mel-Spec. Error : 0.328, s/b : 0.208
Steps : 255575, Gen Loss Total : 28.152, Mel-Spec. Error : 0.313, s/b : 0.209
Steps : 255580, Gen Loss Total : 27.856, Mel-Spec. Error : 0.330, s/b : 0.209
Steps : 255585, Gen Loss Total : 29.744, Mel-Spec. Error : 0.317, s/b : 0.208
Steps : 255590, Gen Loss Total : 30.297, Mel-Spec. Error : 0.322, s/b : 0.210
Steps : 255595, Gen Loss Total : 29.768, Mel-Spec. Error : 0.323, s/b : 0.208
Steps : 255600, Gen Loss Total : 29.066, Mel-Spec. Error : 0.303, s/b : 0.211
Steps : 255605, Gen Loss Total : 28.418, Mel-Spec. Error : 0.318, s/b : 0.212
Steps : 255610, Gen Loss Total : 30.733, Mel-Spec. Error : 0.309, s/b : 0.211
Steps : 255615, Gen Loss Total : 31.534, Mel-Spec. Error : 0.318, s/b : 0.208
Steps : 255620, Gen Loss Total : 27.741, Mel-Spec. Error : 0.320, s/b : 0.208
Steps : 255625, Gen Loss Total : 29.650, Mel-Spec. Error : 0.313, s/b : 0.210
Steps : 255630, Gen Loss Total : 27.695, Mel-Spec. Error : 0.292, s/b : 0.212
Steps : 255635, Gen Loss Total : 29.473, Mel-Spec. Error : 0.312, s/b : 0.210
Steps : 255640, Gen Loss Total : 27.808, Mel-Spec. Error : 0.292, s/b : 0.211
Steps : 255645, Gen Loss Total : 29.703, Mel-Spec. Error : 0.313, s/b : 0.210
Steps : 255650, Gen Loss Total : 30.620, Mel-Spec. Error : 0.307, s/b : 0.212
Steps : 255655, Gen Loss Total : 32.427, Mel-Spec. Error : 0.334, s/b : 0.209
Steps : 255660, Gen Loss Total : 28.797, Mel-Spec. Error : 0.323, s/b : 0.211
Steps : 255665, Gen Loss Total : 29.612, Mel-Spec. Error : 0.316, s/b : 0.210
Steps : 255670, Gen Loss Total : 29.045, Mel-Spec. Error : 0.310, s/b : 0.209
Steps : 255675, Gen Loss Total : 31.014, Mel-Spec. Error : 0.318, s/b : 0.212
Steps : 255680, Gen Loss Total : 31.466, Mel-Spec. Error : 0.319, s/b : 0.213
Steps : 255685, Gen Loss Total : 31.491, Mel-Spec. Error : 0.315, s/b : 0.209
Steps : 255690, Gen Loss Total : 27.442, Mel-Spec. Error : 0.326, s/b : 0.210
Steps : 255695, Gen Loss Total : 31.446, Mel-Spec. Error : 0.314, s/b : 0.205
Time taken for epoch 143 is 665 sec

Epoch: 144
Steps : 255700, Gen Loss Total : 30.977, Mel-Spec. Error : 0.310, s/b : 0.218
Steps : 255705, Gen Loss Total : 29.165, Mel-Spec. Error : 0.325, s/b : 0.211
Steps : 255710, Gen Loss Total : 31.083, Mel-Spec. Error : 0.312, s/b : 0.215
Steps : 255715, Gen Loss Total : 31.171, Mel-Spec. Error : 0.327, s/b : 0.218
Steps : 255720, Gen Loss Total : 29.297, Mel-Spec. Error : 0.307, s/b : 0.213
Steps : 255725, Gen Loss Total : 31.580, Mel-Spec. Error : 0.309, s/b : 0.210
Steps : 255730, Gen Loss Total : 31.880, Mel-Spec. Error : 0.307, s/b : 0.214
Steps : 255735, Gen Loss Total : 31.491, Mel-Spec. Error : 0.324, s/b : 0.212
Steps : 255740, Gen Loss Total : 27.895, Mel-Spec. Error : 0.313, s/b : 0.213
Steps : 255745, Gen Loss Total : 27.512, Mel-Spec. Error : 0.304, s/b : 0.212
Steps : 255750, Gen Loss Total : 30.041, Mel-Spec. Error : 0.321, s/b : 0.208
Steps : 255755, Gen Loss Total : 30.372, Mel-Spec. Error : 0.312, s/b : 0.209
Steps : 255760, Gen Loss Total : 33.005, Mel-Spec. Error : 0.319, s/b : 0.214
Steps : 255765, Gen Loss Total : 28.136, Mel-Spec. Error : 0.303, s/b : 0.210
Steps : 255770, Gen Loss Total : 30.182, Mel-Spec. Error : 0.302, s/b : 0.209
Steps : 255775, Gen Loss Total : 29.524, Mel-Spec. Error : 0.295, s/b : 0.212
Steps : 255780, Gen Loss Total : 31.270, Mel-Spec. Error : 0.332, s/b : 0.208
Steps : 255785, Gen Loss Total : 30.581, Mel-Spec. Error : 0.325, s/b : 0.211
Steps : 255790, Gen Loss Total : 32.111, Mel-Spec. Error : 0.318, s/b : 0.215
Steps : 255795, Gen Loss Total : 29.783, Mel-Spec. Error : 0.326, s/b : 0.210
Steps : 255800, Gen Loss Total : 27.167, Mel-Spec. Error : 0.302, s/b : 0.210
Steps : 255805, Gen Loss Total : 29.607, Mel-Spec. Error : 0.315, s/b : 0.217
Steps : 255810, Gen Loss Total : 30.619, Mel-Spec. Error : 0.311, s/b : 0.212
Steps : 255815, Gen Loss Total : 27.980, Mel-Spec. Error : 0.297, s/b : 0.210
Steps : 255820, Gen Loss Total : 28.394, Mel-Spec. Error : 0.310, s/b : 0.207
Steps : 255825, Gen Loss Total : 31.355, Mel-Spec. Error : 0.331, s/b : 0.212
Steps : 255830, Gen Loss Total : 29.932, Mel-Spec. Error : 0.321, s/b : 0.211
Steps : 255835, Gen Loss Total : 31.618, Mel-Spec. Error : 0.329, s/b : 0.212
Steps : 255840, Gen Loss Total : 31.587, Mel-Spec. Error : 0.305, s/b : 0.216
Steps : 255845, Gen Loss Total : 29.858, Mel-Spec. Error : 0.316, s/b : 0.213
Steps : 255850, Gen Loss Total : 29.808, Mel-Spec. Error : 0.314, s/b : 0.213
Steps : 255855, Gen Loss Total : 29.936, Mel-Spec. Error : 0.317, s/b : 0.216
Steps : 255860, Gen Loss Total : 33.151, Mel-Spec. Error : 0.339, s/b : 0.213
Steps : 255865, Gen Loss Total : 34.158, Mel-Spec. Error : 0.319, s/b : 0.213
Steps : 255870, Gen Loss Total : 29.383, Mel-Spec. Error : 0.318, s/b : 0.213
Steps : 255875, Gen Loss Total : 30.801, Mel-Spec. Error : 0.311, s/b : 0.212
Steps : 255880, Gen Loss Total : 30.113, Mel-Spec. Error : 0.319, s/b : 0.210
Steps : 255885, Gen Loss Total : 31.208, Mel-Spec. Error : 0.327, s/b : 0.216
Steps : 255890, Gen Loss Total : 31.141, Mel-Spec. Error : 0.312, s/b : 0.210
Steps : 255895, Gen Loss Total : 28.582, Mel-Spec. Error : 0.307, s/b : 0.215
Steps : 255900, Gen Loss Total : 29.892, Mel-Spec. Error : 0.315, s/b : 0.210
Steps : 255905, Gen Loss Total : 28.977, Mel-Spec. Error : 0.313, s/b : 0.214
Steps : 255910, Gen Loss Total : 29.644, Mel-Spec. Error : 0.332, s/b : 0.210
Steps : 255915, Gen Loss Total : 31.473, Mel-Spec. Error : 0.331, s/b : 0.211
Steps : 255920, Gen Loss Total : 30.126, Mel-Spec. Error : 0.319, s/b : 0.210
Steps : 255925, Gen Loss Total : 28.081, Mel-Spec. Error : 0.308, s/b : 0.215
Steps : 255930, Gen Loss Total : 30.254, Mel-Spec. Error : 0.323, s/b : 0.213
Steps : 255935, Gen Loss Total : 27.856, Mel-Spec. Error : 0.308, s/b : 0.214
Steps : 255940, Gen Loss Total : 28.332, Mel-Spec. Error : 0.314, s/b : 0.211
Steps : 255945, Gen Loss Total : 27.857, Mel-Spec. Error : 0.337, s/b : 0.216
Steps : 255950, Gen Loss Total : 29.650, Mel-Spec. Error : 0.324, s/b : 0.215
Steps : 255955, Gen Loss Total : 28.704, Mel-Spec. Error : 0.313, s/b : 0.212
Steps : 255960, Gen Loss Total : 28.914, Mel-Spec. Error : 0.321, s/b : 0.210
Steps : 255965, Gen Loss Total : 30.672, Mel-Spec. Error : 0.321, s/b : 0.213
Steps : 255970, Gen Loss Total : 29.389, Mel-Spec. Error : 0.342, s/b : 0.210
Steps : 255975, Gen Loss Total : 30.835, Mel-Spec. Error : 0.318, s/b : 0.213
Steps : 255980, Gen Loss Total : 32.785, Mel-Spec. Error : 0.333, s/b : 0.213
Steps : 255985, Gen Loss Total : 29.075, Mel-Spec. Error : 0.317, s/b : 0.214
Steps : 255990, Gen Loss Total : 30.275, Mel-Spec. Error : 0.311, s/b : 0.210
Steps : 255995, Gen Loss Total : 31.394, Mel-Spec. Error : 0.304, s/b : 0.212
Steps : 256000, Gen Loss Total : 30.011, Mel-Spec. Error : 0.308, s/b : 0.208
Steps : 256005, Gen Loss Total : 30.132, Mel-Spec. Error : 0.306, s/b : 0.207
Steps : 256010, Gen Loss Total : 29.473, Mel-Spec. Error : 0.316, s/b : 0.210
Steps : 256015, Gen Loss Total : 29.639, Mel-Spec. Error : 0.304, s/b : 0.208
Steps : 256020, Gen Loss Total : 29.447, Mel-Spec. Error : 0.309, s/b : 0.210
Steps : 256025, Gen Loss Total : 30.794, Mel-Spec. Error : 0.328, s/b : 0.208
Steps : 256030, Gen Loss Total : 28.232, Mel-Spec. Error : 0.320, s/b : 0.210
Steps : 256035, Gen Loss Total : 28.253, Mel-Spec. Error : 0.319, s/b : 0.217
Steps : 256040, Gen Loss Total : 29.901, Mel-Spec. Error : 0.317, s/b : 0.209
Steps : 256045, Gen Loss Total : 30.062, Mel-Spec. Error : 0.321, s/b : 0.209
Steps : 256050, Gen Loss Total : 30.091, Mel-Spec. Error : 0.317, s/b : 0.214
Steps : 256055, Gen Loss Total : 31.514, Mel-Spec. Error : 0.320, s/b : 0.212
Steps : 256060, Gen Loss Total : 29.538, Mel-Spec. Error : 0.319, s/b : 0.211
Steps : 256065, Gen Loss Total : 28.029, Mel-Spec. Error : 0.314, s/b : 0.215
Steps : 256070, Gen Loss Total : 29.438, Mel-Spec. Error : 0.308, s/b : 0.214
Steps : 256075, Gen Loss Total : 30.974, Mel-Spec. Error : 0.347, s/b : 0.215
Steps : 256080, Gen Loss Total : 31.809, Mel-Spec. Error : 0.319, s/b : 0.219
Steps : 256085, Gen Loss Total : 30.121, Mel-Spec. Error : 0.315, s/b : 0.214
Steps : 256090, Gen Loss Total : 29.869, Mel-Spec. Error : 0.328, s/b : 0.215
Steps : 256095, Gen Loss Total : 27.749, Mel-Spec. Error : 0.303, s/b : 0.213
Steps : 256100, Gen Loss Total : 32.001, Mel-Spec. Error : 0.324, s/b : 0.214
Steps : 256105, Gen Loss Total : 32.619, Mel-Spec. Error : 0.329, s/b : 0.212
Steps : 256110, Gen Loss Total : 28.510, Mel-Spec. Error : 0.310, s/b : 0.216
Steps : 256115, Gen Loss Total : 31.634, Mel-Spec. Error : 0.313, s/b : 0.215
Steps : 256120, Gen Loss Total : 32.161, Mel-Spec. Error : 0.330, s/b : 0.214
Steps : 256125, Gen Loss Total : 29.487, Mel-Spec. Error : 0.318, s/b : 0.213
Steps : 256130, Gen Loss Total : 29.302, Mel-Spec. Error : 0.306, s/b : 0.216
Steps : 256135, Gen Loss Total : 29.415, Mel-Spec. Error : 0.320, s/b : 0.217
Steps : 256140, Gen Loss Total : 29.532, Mel-Spec. Error : 0.320, s/b : 0.214
Steps : 256145, Gen Loss Total : 28.684, Mel-Spec. Error : 0.317, s/b : 0.216
Steps : 256150, Gen Loss Total : 29.731, Mel-Spec. Error : 0.312, s/b : 0.211
Steps : 256155, Gen Loss Total : 29.433, Mel-Spec. Error : 0.314, s/b : 0.215
Steps : 256160, Gen Loss Total : 28.675, Mel-Spec. Error : 0.306, s/b : 0.212
Steps : 256165, Gen Loss Total : 29.957, Mel-Spec. Error : 0.320, s/b : 0.214
Steps : 256170, Gen Loss Total : 31.244, Mel-Spec. Error : 0.321, s/b : 0.215
Steps : 256175, Gen Loss Total : 30.946, Mel-Spec. Error : 0.317, s/b : 0.213
Steps : 256180, Gen Loss Total : 28.809, Mel-Spec. Error : 0.311, s/b : 0.213
Steps : 256185, Gen Loss Total : 28.123, Mel-Spec. Error : 0.312, s/b : 0.213
Steps : 256190, Gen Loss Total : 31.475, Mel-Spec. Error : 0.332, s/b : 0.212
Steps : 256195, Gen Loss Total : 29.577, Mel-Spec. Error : 0.310, s/b : 0.212
Steps : 256200, Gen Loss Total : 27.650, Mel-Spec. Error : 0.311, s/b : 0.212
Steps : 256205, Gen Loss Total : 31.302, Mel-Spec. Error : 0.332, s/b : 0.216
Steps : 256210, Gen Loss Total : 29.715, Mel-Spec. Error : 0.323, s/b : 0.210
Steps : 256215, Gen Loss Total : 30.722, Mel-Spec. Error : 0.331, s/b : 0.209
Steps : 256220, Gen Loss Total : 31.705, Mel-Spec. Error : 0.340, s/b : 0.207
Steps : 256225, Gen Loss Total : 32.453, Mel-Spec. Error : 0.318, s/b : 0.213
Steps : 256230, Gen Loss Total : 30.668, Mel-Spec. Error : 0.317, s/b : 0.213
Steps : 256235, Gen Loss Total : 31.749, Mel-Spec. Error : 0.308, s/b : 0.217
Steps : 256240, Gen Loss Total : 28.352, Mel-Spec. Error : 0.303, s/b : 0.206
Steps : 256245, Gen Loss Total : 28.770, Mel-Spec. Error : 0.309, s/b : 0.213
Steps : 256250, Gen Loss Total : 30.029, Mel-Spec. Error : 0.310, s/b : 0.215
Steps : 256255, Gen Loss Total : 28.914, Mel-Spec. Error : 0.301, s/b : 0.214
Steps : 256260, Gen Loss Total : 29.090, Mel-Spec. Error : 0.316, s/b : 0.212
Steps : 256265, Gen Loss Total : 28.420, Mel-Spec. Error : 0.319, s/b : 0.215
Steps : 256270, Gen Loss Total : 29.479, Mel-Spec. Error : 0.319, s/b : 0.212
Steps : 256275, Gen Loss Total : 28.493, Mel-Spec. Error : 0.303, s/b : 0.210
Steps : 256280, Gen Loss Total : 27.151, Mel-Spec. Error : 0.310, s/b : 0.208
Steps : 256285, Gen Loss Total : 29.325, Mel-Spec. Error : 0.300, s/b : 0.210
Steps : 256290, Gen Loss Total : 27.533, Mel-Spec. Error : 0.299, s/b : 0.210
Steps : 256295, Gen Loss Total : 26.114, Mel-Spec. Error : 0.292, s/b : 0.211
Steps : 256300, Gen Loss Total : 26.267, Mel-Spec. Error : 0.288, s/b : 0.210
Steps : 256305, Gen Loss Total : 27.765, Mel-Spec. Error : 0.302, s/b : 0.213
Steps : 256310, Gen Loss Total : 28.338, Mel-Spec. Error : 0.311, s/b : 0.217
Steps : 256315, Gen Loss Total : 27.503, Mel-Spec. Error : 0.299, s/b : 0.213
Steps : 256320, Gen Loss Total : 30.827, Mel-Spec. Error : 0.313, s/b : 0.210
Steps : 256325, Gen Loss Total : 30.153, Mel-Spec. Error : 0.315, s/b : 0.212
Steps : 256330, Gen Loss Total : 28.603, Mel-Spec. Error : 0.313, s/b : 0.211
Steps : 256335, Gen Loss Total : 29.352, Mel-Spec. Error : 0.339, s/b : 0.210
Steps : 256340, Gen Loss Total : 32.769, Mel-Spec. Error : 0.310, s/b : 0.211
Steps : 256345, Gen Loss Total : 29.606, Mel-Spec. Error : 0.320, s/b : 0.210
Steps : 256350, Gen Loss Total : 29.998, Mel-Spec. Error : 0.307, s/b : 0.211
Steps : 256355, Gen Loss Total : 27.478, Mel-Spec. Error : 0.310, s/b : 0.212
Steps : 256360, Gen Loss Total : 29.208, Mel-Spec. Error : 0.305, s/b : 0.210
Steps : 256365, Gen Loss Total : 27.863, Mel-Spec. Error : 0.305, s/b : 0.214
Steps : 256370, Gen Loss Total : 29.007, Mel-Spec. Error : 0.315, s/b : 0.215
Steps : 256375, Gen Loss Total : 32.061, Mel-Spec. Error : 0.330, s/b : 0.212
Steps : 256380, Gen Loss Total : 29.890, Mel-Spec. Error : 0.320, s/b : 0.211
Steps : 256385, Gen Loss Total : 29.369, Mel-Spec. Error : 0.317, s/b : 0.212
Steps : 256390, Gen Loss Total : 30.813, Mel-Spec. Error : 0.327, s/b : 0.212
Steps : 256395, Gen Loss Total : 31.384, Mel-Spec. Error : 0.336, s/b : 0.206
Steps : 256400, Gen Loss Total : 30.896, Mel-Spec. Error : 0.322, s/b : 0.206
Steps : 256405, Gen Loss Total : 30.390, Mel-Spec. Error : 0.322, s/b : 0.208
Steps : 256410, Gen Loss Total : 28.780, Mel-Spec. Error : 0.326, s/b : 0.216
Steps : 256415, Gen Loss Total : 33.327, Mel-Spec. Error : 0.341, s/b : 0.211
Steps : 256420, Gen Loss Total : 29.151, Mel-Spec. Error : 0.324, s/b : 0.212
Steps : 256425, Gen Loss Total : 31.864, Mel-Spec. Error : 0.324, s/b : 0.210
Steps : 256430, Gen Loss Total : 28.925, Mel-Spec. Error : 0.307, s/b : 0.213
Steps : 256435, Gen Loss Total : 28.489, Mel-Spec. Error : 0.314, s/b : 0.207
Steps : 256440, Gen Loss Total : 31.175, Mel-Spec. Error : 0.312, s/b : 0.212
Steps : 256445, Gen Loss Total : 30.087, Mel-Spec. Error : 0.306, s/b : 0.210
Steps : 256450, Gen Loss Total : 29.829, Mel-Spec. Error : 0.302, s/b : 0.211
Steps : 256455, Gen Loss Total : 31.165, Mel-Spec. Error : 0.309, s/b : 0.214
Steps : 256460, Gen Loss Total : 30.725, Mel-Spec. Error : 0.307, s/b : 0.210
Steps : 256465, Gen Loss Total : 30.623, Mel-Spec. Error : 0.333, s/b : 0.206
Steps : 256470, Gen Loss Total : 29.024, Mel-Spec. Error : 0.307, s/b : 0.211
Steps : 256475, Gen Loss Total : 29.713, Mel-Spec. Error : 0.309, s/b : 0.211
Steps : 256480, Gen Loss Total : 29.225, Mel-Spec. Error : 0.309, s/b : 0.212
Steps : 256485, Gen Loss Total : 30.298, Mel-Spec. Error : 0.334, s/b : 0.215
Steps : 256490, Gen Loss Total : 26.962, Mel-Spec. Error : 0.325, s/b : 0.214
Steps : 256495, Gen Loss Total : 25.793, Mel-Spec. Error : 0.307, s/b : 0.209
Steps : 256500, Gen Loss Total : 30.126, Mel-Spec. Error : 0.316, s/b : 0.209
Steps : 256505, Gen Loss Total : 28.678, Mel-Spec. Error : 0.308, s/b : 0.210
Steps : 256510, Gen Loss Total : 26.844, Mel-Spec. Error : 0.306, s/b : 0.208
Steps : 256515, Gen Loss Total : 31.485, Mel-Spec. Error : 0.303, s/b : 0.209
Steps : 256520, Gen Loss Total : 30.412, Mel-Spec. Error : 0.312, s/b : 0.210
Steps : 256525, Gen Loss Total : 27.932, Mel-Spec. Error : 0.309, s/b : 0.211
Steps : 256530, Gen Loss Total : 30.712, Mel-Spec. Error : 0.320, s/b : 0.213
Steps : 256535, Gen Loss Total : 30.472, Mel-Spec. Error : 0.304, s/b : 0.208
Steps : 256540, Gen Loss Total : 30.189, Mel-Spec. Error : 0.313, s/b : 0.208
Steps : 256545, Gen Loss Total : 30.385, Mel-Spec. Error : 0.326, s/b : 0.209
Steps : 256550, Gen Loss Total : 29.221, Mel-Spec. Error : 0.332, s/b : 0.215
Steps : 256555, Gen Loss Total : 30.700, Mel-Spec. Error : 0.315, s/b : 0.205
Steps : 256560, Gen Loss Total : 30.686, Mel-Spec. Error : 0.324, s/b : 0.211
Steps : 256565, Gen Loss Total : 29.687, Mel-Spec. Error : 0.322, s/b : 0.214
Steps : 256570, Gen Loss Total : 30.098, Mel-Spec. Error : 0.304, s/b : 0.215
Steps : 256575, Gen Loss Total : 29.256, Mel-Spec. Error : 0.319, s/b : 0.215
Steps : 256580, Gen Loss Total : 30.141, Mel-Spec. Error : 0.307, s/b : 0.208
Steps : 256585, Gen Loss Total : 29.729, Mel-Spec. Error : 0.312, s/b : 0.215
Steps : 256590, Gen Loss Total : 30.008, Mel-Spec. Error : 0.306, s/b : 0.211
Steps : 256595, Gen Loss Total : 30.577, Mel-Spec. Error : 0.307, s/b : 0.214
Steps : 256600, Gen Loss Total : 31.683, Mel-Spec. Error : 0.317, s/b : 0.209
Steps : 256605, Gen Loss Total : 29.806, Mel-Spec. Error : 0.320, s/b : 0.212
Steps : 256610, Gen Loss Total : 31.903, Mel-Spec. Error : 0.308, s/b : 0.210
Steps : 256615, Gen Loss Total : 30.749, Mel-Spec. Error : 0.307, s/b : 0.209
Steps : 256620, Gen Loss Total : 30.274, Mel-Spec. Error : 0.316, s/b : 0.209
Steps : 256625, Gen Loss Total : 30.282, Mel-Spec. Error : 0.328, s/b : 0.207
Steps : 256630, Gen Loss Total : 32.555, Mel-Spec. Error : 0.319, s/b : 0.210
Steps : 256635, Gen Loss Total : 32.426, Mel-Spec. Error : 0.314, s/b : 0.210
Steps : 256640, Gen Loss Total : 30.931, Mel-Spec. Error : 0.306, s/b : 0.214
Steps : 256645, Gen Loss Total : 29.294, Mel-Spec. Error : 0.320, s/b : 0.212
Steps : 256650, Gen Loss Total : 30.929, Mel-Spec. Error : 0.320, s/b : 0.211
Steps : 256655, Gen Loss Total : 31.100, Mel-Spec. Error : 0.323, s/b : 0.216
Steps : 256660, Gen Loss Total : 28.010, Mel-Spec. Error : 0.327, s/b : 0.208
Steps : 256665, Gen Loss Total : 28.228, Mel-Spec. Error : 0.318, s/b : 0.213
Steps : 256670, Gen Loss Total : 29.421, Mel-Spec. Error : 0.331, s/b : 0.213
Steps : 256675, Gen Loss Total : 31.710, Mel-Spec. Error : 0.343, s/b : 0.210
Steps : 256680, Gen Loss Total : 31.198, Mel-Spec. Error : 0.314, s/b : 0.206
Steps : 256685, Gen Loss Total : 28.936, Mel-Spec. Error : 0.316, s/b : 0.209
Steps : 256690, Gen Loss Total : 32.151, Mel-Spec. Error : 0.312, s/b : 0.207
Steps : 256695, Gen Loss Total : 32.222, Mel-Spec. Error : 0.324, s/b : 0.208
Steps : 256700, Gen Loss Total : 33.702, Mel-Spec. Error : 0.320, s/b : 0.208
Steps : 256705, Gen Loss Total : 30.409, Mel-Spec. Error : 0.337, s/b : 0.213
Steps : 256710, Gen Loss Total : 28.998, Mel-Spec. Error : 0.309, s/b : 0.215
Steps : 256715, Gen Loss Total : 31.285, Mel-Spec. Error : 0.313, s/b : 0.210
Steps : 256720, Gen Loss Total : 31.378, Mel-Spec. Error : 0.315, s/b : 0.207
Steps : 256725, Gen Loss Total : 30.530, Mel-Spec. Error : 0.317, s/b : 0.221
Steps : 256730, Gen Loss Total : 29.944, Mel-Spec. Error : 0.301, s/b : 0.214
Steps : 256735, Gen Loss Total : 31.771, Mel-Spec. Error : 0.316, s/b : 0.214
Steps : 256740, Gen Loss Total : 30.017, Mel-Spec. Error : 0.324, s/b : 0.207
Steps : 256745, Gen Loss Total : 28.267, Mel-Spec. Error : 0.322, s/b : 0.208
Steps : 256750, Gen Loss Total : 27.599, Mel-Spec. Error : 0.320, s/b : 0.209
Steps : 256755, Gen Loss Total : 26.793, Mel-Spec. Error : 0.315, s/b : 0.209
Steps : 256760, Gen Loss Total : 31.911, Mel-Spec. Error : 0.350, s/b : 0.212
Steps : 256765, Gen Loss Total : 28.912, Mel-Spec. Error : 0.314, s/b : 0.215
Steps : 256770, Gen Loss Total : 30.058, Mel-Spec. Error : 0.306, s/b : 0.212
Steps : 256775, Gen Loss Total : 31.070, Mel-Spec. Error : 0.303, s/b : 0.211
Steps : 256780, Gen Loss Total : 29.486, Mel-Spec. Error : 0.309, s/b : 0.207
Steps : 256785, Gen Loss Total : 31.397, Mel-Spec. Error : 0.308, s/b : 0.208
Steps : 256790, Gen Loss Total : 30.790, Mel-Spec. Error : 0.305, s/b : 0.212
Steps : 256795, Gen Loss Total : 35.321, Mel-Spec. Error : 0.313, s/b : 0.209
Steps : 256800, Gen Loss Total : 32.485, Mel-Spec. Error : 0.316, s/b : 0.209
Steps : 256805, Gen Loss Total : 33.820, Mel-Spec. Error : 0.342, s/b : 0.208
Steps : 256810, Gen Loss Total : 32.184, Mel-Spec. Error : 0.318, s/b : 0.210
Steps : 256815, Gen Loss Total : 31.700, Mel-Spec. Error : 0.321, s/b : 0.209
Steps : 256820, Gen Loss Total : 31.963, Mel-Spec. Error : 0.322, s/b : 0.208
Steps : 256825, Gen Loss Total : 30.918, Mel-Spec. Error : 0.318, s/b : 0.209
Steps : 256830, Gen Loss Total : 27.097, Mel-Spec. Error : 0.310, s/b : 0.214
Steps : 256835, Gen Loss Total : 29.145, Mel-Spec. Error : 0.309, s/b : 0.207
Steps : 256840, Gen Loss Total : 30.643, Mel-Spec. Error : 0.321, s/b : 0.210
Steps : 256845, Gen Loss Total : 30.341, Mel-Spec. Error : 0.319, s/b : 0.211
Steps : 256850, Gen Loss Total : 32.169, Mel-Spec. Error : 0.330, s/b : 0.215
Steps : 256855, Gen Loss Total : 29.621, Mel-Spec. Error : 0.303, s/b : 0.216
Steps : 256860, Gen Loss Total : 30.643, Mel-Spec. Error : 0.309, s/b : 0.213
Steps : 256865, Gen Loss Total : 34.346, Mel-Spec. Error : 0.335, s/b : 0.213
Steps : 256870, Gen Loss Total : 28.870, Mel-Spec. Error : 0.309, s/b : 0.209
Steps : 256875, Gen Loss Total : 32.236, Mel-Spec. Error : 0.307, s/b : 0.213
Steps : 256880, Gen Loss Total : 29.219, Mel-Spec. Error : 0.312, s/b : 0.213
Steps : 256885, Gen Loss Total : 30.458, Mel-Spec. Error : 0.324, s/b : 0.213
Steps : 256890, Gen Loss Total : 29.416, Mel-Spec. Error : 0.310, s/b : 0.215
Steps : 256895, Gen Loss Total : 32.296, Mel-Spec. Error : 0.323, s/b : 0.212
Steps : 256900, Gen Loss Total : 28.165, Mel-Spec. Error : 0.331, s/b : 0.212
Steps : 256905, Gen Loss Total : 29.725, Mel-Spec. Error : 0.314, s/b : 0.210
Steps : 256910, Gen Loss Total : 31.042, Mel-Spec. Error : 0.319, s/b : 0.213
Steps : 256915, Gen Loss Total : 29.625, Mel-Spec. Error : 0.314, s/b : 0.214
Steps : 256920, Gen Loss Total : 30.658, Mel-Spec. Error : 0.321, s/b : 0.214
Steps : 256925, Gen Loss Total : 32.373, Mel-Spec. Error : 0.322, s/b : 0.217
Steps : 256930, Gen Loss Total : 34.507, Mel-Spec. Error : 0.320, s/b : 0.212
Steps : 256935, Gen Loss Total : 29.592, Mel-Spec. Error : 0.319, s/b : 0.211
Steps : 256940, Gen Loss Total : 31.337, Mel-Spec. Error : 0.318, s/b : 0.217
Steps : 256945, Gen Loss Total : 29.735, Mel-Spec. Error : 0.309, s/b : 0.209
Steps : 256950, Gen Loss Total : 29.148, Mel-Spec. Error : 0.306, s/b : 0.216
Steps : 256955, Gen Loss Total : 29.272, Mel-Spec. Error : 0.314, s/b : 0.215
Steps : 256960, Gen Loss Total : 27.390, Mel-Spec. Error : 0.311, s/b : 0.214
Steps : 256965, Gen Loss Total : 29.891, Mel-Spec. Error : 0.321, s/b : 0.215
Steps : 256970, Gen Loss Total : 29.302, Mel-Spec. Error : 0.311, s/b : 0.216
Steps : 256975, Gen Loss Total : 30.232, Mel-Spec. Error : 0.326, s/b : 0.214
Steps : 256980, Gen Loss Total : 27.670, Mel-Spec. Error : 0.314, s/b : 0.207
Steps : 256985, Gen Loss Total : 30.799, Mel-Spec. Error : 0.327, s/b : 0.212
Steps : 256990, Gen Loss Total : 28.762, Mel-Spec. Error : 0.313, s/b : 0.212
Steps : 256995, Gen Loss Total : 31.354, Mel-Spec. Error : 0.315, s/b : 0.207
Steps : 257000, Gen Loss Total : 30.247, Mel-Spec. Error : 0.325, s/b : 0.206
Steps : 257005, Gen Loss Total : 28.806, Mel-Spec. Error : 0.307, s/b : 0.212
Steps : 257010, Gen Loss Total : 28.362, Mel-Spec. Error : 0.302, s/b : 0.211
Steps : 257015, Gen Loss Total : 28.945, Mel-Spec. Error : 0.321, s/b : 0.210
Steps : 257020, Gen Loss Total : 30.289, Mel-Spec. Error : 0.318, s/b : 0.205
Steps : 257025, Gen Loss Total : 31.173, Mel-Spec. Error : 0.329, s/b : 0.212
Steps : 257030, Gen Loss Total : 31.429, Mel-Spec. Error : 0.328, s/b : 0.209
Steps : 257035, Gen Loss Total : 32.438, Mel-Spec. Error : 0.333, s/b : 0.212
Steps : 257040, Gen Loss Total : 30.975, Mel-Spec. Error : 0.320, s/b : 0.216
Steps : 257045, Gen Loss Total : 30.375, Mel-Spec. Error : 0.334, s/b : 0.211
Steps : 257050, Gen Loss Total : 30.195, Mel-Spec. Error : 0.322, s/b : 0.214
Steps : 257055, Gen Loss Total : 30.094, Mel-Spec. Error : 0.315, s/b : 0.213
Steps : 257060, Gen Loss Total : 28.087, Mel-Spec. Error : 0.310, s/b : 0.215
Steps : 257065, Gen Loss Total : 28.677, Mel-Spec. Error : 0.319, s/b : 0.215
Steps : 257070, Gen Loss Total : 30.437, Mel-Spec. Error : 0.323, s/b : 0.214
Steps : 257075, Gen Loss Total : 30.061, Mel-Spec. Error : 0.338, s/b : 0.213
Steps : 257080, Gen Loss Total : 27.035, Mel-Spec. Error : 0.311, s/b : 0.213
Steps : 257085, Gen Loss Total : 30.344, Mel-Spec. Error : 0.325, s/b : 0.208
Steps : 257090, Gen Loss Total : 29.997, Mel-Spec. Error : 0.309, s/b : 0.214
Steps : 257095, Gen Loss Total : 30.552, Mel-Spec. Error : 0.314, s/b : 0.220
Steps : 257100, Gen Loss Total : 29.216, Mel-Spec. Error : 0.322, s/b : 0.213
Steps : 257105, Gen Loss Total : 32.081, Mel-Spec. Error : 0.327, s/b : 0.215
Steps : 257110, Gen Loss Total : 30.529, Mel-Spec. Error : 0.322, s/b : 0.211
Steps : 257115, Gen Loss Total : 32.708, Mel-Spec. Error : 0.310, s/b : 0.209
Steps : 257120, Gen Loss Total : 29.425, Mel-Spec. Error : 0.301, s/b : 0.207
Steps : 257125, Gen Loss Total : 31.518, Mel-Spec. Error : 0.313, s/b : 0.210
Steps : 257130, Gen Loss Total : 31.178, Mel-Spec. Error : 0.306, s/b : 0.213
Steps : 257135, Gen Loss Total : 35.994, Mel-Spec. Error : 0.319, s/b : 0.213
Steps : 257140, Gen Loss Total : 28.349, Mel-Spec. Error : 0.307, s/b : 0.212
Steps : 257145, Gen Loss Total : 30.848, Mel-Spec. Error : 0.334, s/b : 0.211
Steps : 257150, Gen Loss Total : 29.982, Mel-Spec. Error : 0.318, s/b : 0.218
Steps : 257155, Gen Loss Total : 31.113, Mel-Spec. Error : 0.330, s/b : 0.212
Steps : 257160, Gen Loss Total : 28.530, Mel-Spec. Error : 0.321, s/b : 0.208
Steps : 257165, Gen Loss Total : 27.553, Mel-Spec. Error : 0.306, s/b : 0.210
Steps : 257170, Gen Loss Total : 27.828, Mel-Spec. Error : 0.312, s/b : 0.211
Steps : 257175, Gen Loss Total : 28.667, Mel-Spec. Error : 0.317, s/b : 0.214
Steps : 257180, Gen Loss Total : 30.998, Mel-Spec. Error : 0.310, s/b : 0.210
Steps : 257185, Gen Loss Total : 30.932, Mel-Spec. Error : 0.295, s/b : 0.211
Steps : 257190, Gen Loss Total : 30.379, Mel-Spec. Error : 0.307, s/b : 0.213
Steps : 257195, Gen Loss Total : 31.554, Mel-Spec. Error : 0.325, s/b : 0.217
Steps : 257200, Gen Loss Total : 33.476, Mel-Spec. Error : 0.329, s/b : 0.210
Steps : 257205, Gen Loss Total : 32.697, Mel-Spec. Error : 0.326, s/b : 0.211
Steps : 257210, Gen Loss Total : 34.856, Mel-Spec. Error : 0.345, s/b : 0.216
Steps : 257215, Gen Loss Total : 32.643, Mel-Spec. Error : 0.359, s/b : 0.212
Steps : 257220, Gen Loss Total : 38.134, Mel-Spec. Error : 0.362, s/b : 0.210
Steps : 257225, Gen Loss Total : 32.065, Mel-Spec. Error : 0.332, s/b : 0.209
Steps : 257230, Gen Loss Total : 30.897, Mel-Spec. Error : 0.319, s/b : 0.214
Steps : 257235, Gen Loss Total : 29.306, Mel-Spec. Error : 0.328, s/b : 0.206
Steps : 257240, Gen Loss Total : 29.600, Mel-Spec. Error : 0.337, s/b : 0.211
Steps : 257245, Gen Loss Total : 30.305, Mel-Spec. Error : 0.328, s/b : 0.211
Steps : 257250, Gen Loss Total : 29.861, Mel-Spec. Error : 0.327, s/b : 0.211
Steps : 257255, Gen Loss Total : 28.755, Mel-Spec. Error : 0.318, s/b : 0.215
Steps : 257260, Gen Loss Total : 29.263, Mel-Spec. Error : 0.310, s/b : 0.208
Steps : 257265, Gen Loss Total : 33.853, Mel-Spec. Error : 0.316, s/b : 0.210
Steps : 257270, Gen Loss Total : 30.245, Mel-Spec. Error : 0.318, s/b : 0.209
Steps : 257275, Gen Loss Total : 31.844, Mel-Spec. Error : 0.319, s/b : 0.213
Steps : 257280, Gen Loss Total : 29.049, Mel-Spec. Error : 0.318, s/b : 0.209
Steps : 257285, Gen Loss Total : 30.341, Mel-Spec. Error : 0.315, s/b : 0.214
Steps : 257290, Gen Loss Total : 29.557, Mel-Spec. Error : 0.312, s/b : 0.211
Steps : 257295, Gen Loss Total : 28.631, Mel-Spec. Error : 0.301, s/b : 0.213
Steps : 257300, Gen Loss Total : 28.684, Mel-Spec. Error : 0.308, s/b : 0.212
Steps : 257305, Gen Loss Total : 29.621, Mel-Spec. Error : 0.320, s/b : 0.217
Steps : 257310, Gen Loss Total : 29.498, Mel-Spec. Error : 0.306, s/b : 0.214
Steps : 257315, Gen Loss Total : 31.629, Mel-Spec. Error : 0.311, s/b : 0.211
Steps : 257320, Gen Loss Total : 31.707, Mel-Spec. Error : 0.356, s/b : 0.213
Steps : 257325, Gen Loss Total : 29.818, Mel-Spec. Error : 0.328, s/b : 0.209
Steps : 257330, Gen Loss Total : 27.182, Mel-Spec. Error : 0.310, s/b : 0.212
Steps : 257335, Gen Loss Total : 29.840, Mel-Spec. Error : 0.315, s/b : 0.209
Steps : 257340, Gen Loss Total : 30.608, Mel-Spec. Error : 0.314, s/b : 0.215
Steps : 257345, Gen Loss Total : 29.423, Mel-Spec. Error : 0.319, s/b : 0.212
Steps : 257350, Gen Loss Total : 34.792, Mel-Spec. Error : 0.316, s/b : 0.214
Steps : 257355, Gen Loss Total : 31.528, Mel-Spec. Error : 0.315, s/b : 0.208
Steps : 257360, Gen Loss Total : 30.602, Mel-Spec. Error : 0.304, s/b : 0.211
Steps : 257365, Gen Loss Total : 33.181, Mel-Spec. Error : 0.306, s/b : 0.210
Steps : 257370, Gen Loss Total : 29.327, Mel-Spec. Error : 0.317, s/b : 0.213
Steps : 257375, Gen Loss Total : 32.062, Mel-Spec. Error : 0.340, s/b : 0.209
Steps : 257380, Gen Loss Total : 30.704, Mel-Spec. Error : 0.324, s/b : 0.214
Steps : 257385, Gen Loss Total : 29.169, Mel-Spec. Error : 0.319, s/b : 0.212
Steps : 257390, Gen Loss Total : 31.773, Mel-Spec. Error : 0.333, s/b : 0.212
Steps : 257395, Gen Loss Total : 30.020, Mel-Spec. Error : 0.317, s/b : 0.209
Steps : 257400, Gen Loss Total : 31.898, Mel-Spec. Error : 0.319, s/b : 0.209
Steps : 257405, Gen Loss Total : 30.499, Mel-Spec. Error : 0.316, s/b : 0.219
Steps : 257410, Gen Loss Total : 29.504, Mel-Spec. Error : 0.316, s/b : 0.211
Steps : 257415, Gen Loss Total : 29.840, Mel-Spec. Error : 0.320, s/b : 0.213
Steps : 257420, Gen Loss Total : 30.471, Mel-Spec. Error : 0.333, s/b : 0.206
Steps : 257425, Gen Loss Total : 28.693, Mel-Spec. Error : 0.310, s/b : 0.212
Steps : 257430, Gen Loss Total : 26.420, Mel-Spec. Error : 0.305, s/b : 0.209
Steps : 257435, Gen Loss Total : 29.057, Mel-Spec. Error : 0.316, s/b : 0.215
Steps : 257440, Gen Loss Total : 29.344, Mel-Spec. Error : 0.318, s/b : 0.215
Steps : 257445, Gen Loss Total : 30.608, Mel-Spec. Error : 0.299, s/b : 0.214
Steps : 257450, Gen Loss Total : 27.934, Mel-Spec. Error : 0.325, s/b : 0.207
Steps : 257455, Gen Loss Total : 30.984, Mel-Spec. Error : 0.350, s/b : 0.209
Steps : 257460, Gen Loss Total : 28.544, Mel-Spec. Error : 0.309, s/b : 0.208
Steps : 257465, Gen Loss Total : 30.264, Mel-Spec. Error : 0.333, s/b : 0.210
Steps : 257470, Gen Loss Total : 29.746, Mel-Spec. Error : 0.331, s/b : 0.209
Steps : 257475, Gen Loss Total : 29.112, Mel-Spec. Error : 0.307, s/b : 0.208
Steps : 257480, Gen Loss Total : 32.817, Mel-Spec. Error : 0.317, s/b : 0.206
Time taken for epoch 144 is 665 sec

Epoch: 145
Steps : 257485, Gen Loss Total : 33.600, Mel-Spec. Error : 0.337, s/b : 0.217
Steps : 257490, Gen Loss Total : 28.646, Mel-Spec. Error : 0.313, s/b : 0.215
Steps : 257495, Gen Loss Total : 29.514, Mel-Spec. Error : 0.308, s/b : 0.212
Steps : 257500, Gen Loss Total : 30.697, Mel-Spec. Error : 0.316, s/b : 0.211
Steps : 257505, Gen Loss Total : 29.037, Mel-Spec. Error : 0.297, s/b : 0.216
Steps : 257510, Gen Loss Total : 29.479, Mel-Spec. Error : 0.311, s/b : 0.213
Steps : 257515, Gen Loss Total : 28.177, Mel-Spec. Error : 0.321, s/b : 0.212
Steps : 257520, Gen Loss Total : 28.540, Mel-Spec. Error : 0.318, s/b : 0.210
Steps : 257525, Gen Loss Total : 28.632, Mel-Spec. Error : 0.309, s/b : 0.214
Steps : 257530, Gen Loss Total : 29.051, Mel-Spec. Error : 0.306, s/b : 0.216
Steps : 257535, Gen Loss Total : 28.418, Mel-Spec. Error : 0.296, s/b : 0.215
Steps : 257540, Gen Loss Total : 30.195, Mel-Spec. Error : 0.312, s/b : 0.208
Steps : 257545, Gen Loss Total : 27.723, Mel-Spec. Error : 0.296, s/b : 0.214
Steps : 257550, Gen Loss Total : 28.264, Mel-Spec. Error : 0.310, s/b : 0.213
Steps : 257555, Gen Loss Total : 29.447, Mel-Spec. Error : 0.308, s/b : 0.214
Steps : 257560, Gen Loss Total : 30.046, Mel-Spec. Error : 0.305, s/b : 0.212
Steps : 257565, Gen Loss Total : 31.856, Mel-Spec. Error : 0.324, s/b : 0.209
Steps : 257570, Gen Loss Total : 31.488, Mel-Spec. Error : 0.331, s/b : 0.209
Steps : 257575, Gen Loss Total : 31.745, Mel-Spec. Error : 0.335, s/b : 0.212
Steps : 257580, Gen Loss Total : 29.121, Mel-Spec. Error : 0.320, s/b : 0.211
Steps : 257585, Gen Loss Total : 30.470, Mel-Spec. Error : 0.326, s/b : 0.214
Steps : 257590, Gen Loss Total : 29.702, Mel-Spec. Error : 0.306, s/b : 0.208
Steps : 257595, Gen Loss Total : 29.243, Mel-Spec. Error : 0.301, s/b : 0.211
Steps : 257600, Gen Loss Total : 29.004, Mel-Spec. Error : 0.306, s/b : 0.212
Steps : 257605, Gen Loss Total : 28.764, Mel-Spec. Error : 0.313, s/b : 0.205
Steps : 257610, Gen Loss Total : 32.245, Mel-Spec. Error : 0.303, s/b : 0.213
Steps : 257615, Gen Loss Total : 27.406, Mel-Spec. Error : 0.307, s/b : 0.211
Steps : 257620, Gen Loss Total : 30.559, Mel-Spec. Error : 0.309, s/b : 0.213
Steps : 257625, Gen Loss Total : 29.269, Mel-Spec. Error : 0.299, s/b : 0.213
Steps : 257630, Gen Loss Total : 31.147, Mel-Spec. Error : 0.313, s/b : 0.213
Steps : 257635, Gen Loss Total : 30.353, Mel-Spec. Error : 0.311, s/b : 0.214
Steps : 257640, Gen Loss Total : 30.518, Mel-Spec. Error : 0.306, s/b : 0.213
Steps : 257645, Gen Loss Total : 29.832, Mel-Spec. Error : 0.301, s/b : 0.217
Steps : 257650, Gen Loss Total : 26.586, Mel-Spec. Error : 0.306, s/b : 0.210
Steps : 257655, Gen Loss Total : 28.209, Mel-Spec. Error : 0.309, s/b : 0.210
Steps : 257660, Gen Loss Total : 28.489, Mel-Spec. Error : 0.325, s/b : 0.215
Steps : 257665, Gen Loss Total : 29.568, Mel-Spec. Error : 0.339, s/b : 0.214
Steps : 257670, Gen Loss Total : 29.200, Mel-Spec. Error : 0.324, s/b : 0.209
Steps : 257675, Gen Loss Total : 29.446, Mel-Spec. Error : 0.300, s/b : 0.212
Steps : 257680, Gen Loss Total : 31.825, Mel-Spec. Error : 0.323, s/b : 0.211
Steps : 257685, Gen Loss Total : 29.035, Mel-Spec. Error : 0.311, s/b : 0.213
Steps : 257690, Gen Loss Total : 30.377, Mel-Spec. Error : 0.320, s/b : 0.213
Steps : 257695, Gen Loss Total : 29.345, Mel-Spec. Error : 0.322, s/b : 0.210
Steps : 257700, Gen Loss Total : 27.912, Mel-Spec. Error : 0.295, s/b : 0.211
Steps : 257705, Gen Loss Total : 26.951, Mel-Spec. Error : 0.314, s/b : 0.212
Steps : 257710, Gen Loss Total : 27.345, Mel-Spec. Error : 0.313, s/b : 0.213
Steps : 257715, Gen Loss Total : 28.977, Mel-Spec. Error : 0.323, s/b : 0.209
Steps : 257720, Gen Loss Total : 27.640, Mel-Spec. Error : 0.322, s/b : 0.208
Steps : 257725, Gen Loss Total : 30.808, Mel-Spec. Error : 0.336, s/b : 0.214
Steps : 257730, Gen Loss Total : 29.004, Mel-Spec. Error : 0.313, s/b : 0.211
Steps : 257735, Gen Loss Total : 29.030, Mel-Spec. Error : 0.344, s/b : 0.210
Steps : 257740, Gen Loss Total : 31.049, Mel-Spec. Error : 0.364, s/b : 0.214
Steps : 257745, Gen Loss Total : 28.977, Mel-Spec. Error : 0.341, s/b : 0.209
Steps : 257750, Gen Loss Total : 28.989, Mel-Spec. Error : 0.322, s/b : 0.214
Steps : 257755, Gen Loss Total : 30.774, Mel-Spec. Error : 0.336, s/b : 0.206
Steps : 257760, Gen Loss Total : 30.638, Mel-Spec. Error : 0.315, s/b : 0.206
Steps : 257765, Gen Loss Total : 31.875, Mel-Spec. Error : 0.318, s/b : 0.210
Steps : 257770, Gen Loss Total : 29.925, Mel-Spec. Error : 0.330, s/b : 0.213
Steps : 257775, Gen Loss Total : 31.534, Mel-Spec. Error : 0.324, s/b : 0.211
Steps : 257780, Gen Loss Total : 29.740, Mel-Spec. Error : 0.335, s/b : 0.216
Steps : 257785, Gen Loss Total : 31.045, Mel-Spec. Error : 0.323, s/b : 0.212
Steps : 257790, Gen Loss Total : 30.268, Mel-Spec. Error : 0.332, s/b : 0.207
Steps : 257795, Gen Loss Total : 29.617, Mel-Spec. Error : 0.316, s/b : 0.213
Steps : 257800, Gen Loss Total : 30.907, Mel-Spec. Error : 0.315, s/b : 0.209
Steps : 257805, Gen Loss Total : 28.576, Mel-Spec. Error : 0.322, s/b : 0.207
Steps : 257810, Gen Loss Total : 30.414, Mel-Spec. Error : 0.332, s/b : 0.212
Steps : 257815, Gen Loss Total : 29.816, Mel-Spec. Error : 0.317, s/b : 0.213
Steps : 257820, Gen Loss Total : 28.904, Mel-Spec. Error : 0.322, s/b : 0.215
Steps : 257825, Gen Loss Total : 29.463, Mel-Spec. Error : 0.321, s/b : 0.210
Steps : 257830, Gen Loss Total : 33.287, Mel-Spec. Error : 0.311, s/b : 0.214
Steps : 257835, Gen Loss Total : 30.698, Mel-Spec. Error : 0.312, s/b : 0.211
Steps : 257840, Gen Loss Total : 32.641, Mel-Spec. Error : 0.314, s/b : 0.210
Steps : 257845, Gen Loss Total : 27.933, Mel-Spec. Error : 0.311, s/b : 0.208
Steps : 257850, Gen Loss Total : 28.069, Mel-Spec. Error : 0.321, s/b : 0.209
Steps : 257855, Gen Loss Total : 29.758, Mel-Spec. Error : 0.314, s/b : 0.212
Steps : 257860, Gen Loss Total : 30.519, Mel-Spec. Error : 0.328, s/b : 0.214
Steps : 257865, Gen Loss Total : 29.919, Mel-Spec. Error : 0.321, s/b : 0.208
Steps : 257870, Gen Loss Total : 30.250, Mel-Spec. Error : 0.315, s/b : 0.209
Steps : 257875, Gen Loss Total : 30.574, Mel-Spec. Error : 0.318, s/b : 0.209
Steps : 257880, Gen Loss Total : 34.484, Mel-Spec. Error : 0.324, s/b : 0.209
Steps : 257885, Gen Loss Total : 27.086, Mel-Spec. Error : 0.304, s/b : 0.210
Steps : 257890, Gen Loss Total : 30.806, Mel-Spec. Error : 0.308, s/b : 0.209
Steps : 257895, Gen Loss Total : 28.768, Mel-Spec. Error : 0.306, s/b : 0.211
Steps : 257900, Gen Loss Total : 29.244, Mel-Spec. Error : 0.309, s/b : 0.211
Steps : 257905, Gen Loss Total : 26.936, Mel-Spec. Error : 0.302, s/b : 0.215
Steps : 257910, Gen Loss Total : 31.136, Mel-Spec. Error : 0.313, s/b : 0.209
Steps : 257915, Gen Loss Total : 31.547, Mel-Spec. Error : 0.317, s/b : 0.213
Steps : 257920, Gen Loss Total : 30.529, Mel-Spec. Error : 0.326, s/b : 0.210
Steps : 257925, Gen Loss Total : 31.090, Mel-Spec. Error : 0.323, s/b : 0.212
Steps : 257930, Gen Loss Total : 28.573, Mel-Spec. Error : 0.304, s/b : 0.209
Steps : 257935, Gen Loss Total : 29.664, Mel-Spec. Error : 0.320, s/b : 0.212
Steps : 257940, Gen Loss Total : 31.388, Mel-Spec. Error : 0.309, s/b : 0.210
Steps : 257945, Gen Loss Total : 31.544, Mel-Spec. Error : 0.311, s/b : 0.209
Steps : 257950, Gen Loss Total : 33.096, Mel-Spec. Error : 0.327, s/b : 0.212
Steps : 257955, Gen Loss Total : 33.048, Mel-Spec. Error : 0.331, s/b : 0.214
Steps : 257960, Gen Loss Total : 29.687, Mel-Spec. Error : 0.334, s/b : 0.211
Steps : 257965, Gen Loss Total : 30.117, Mel-Spec. Error : 0.339, s/b : 0.207
Steps : 257970, Gen Loss Total : 32.962, Mel-Spec. Error : 0.329, s/b : 0.212
Steps : 257975, Gen Loss Total : 31.761, Mel-Spec. Error : 0.318, s/b : 0.212
Steps : 257980, Gen Loss Total : 30.409, Mel-Spec. Error : 0.316, s/b : 0.211
Steps : 257985, Gen Loss Total : 29.953, Mel-Spec. Error : 0.315, s/b : 0.211
Steps : 257990, Gen Loss Total : 30.361, Mel-Spec. Error : 0.309, s/b : 0.210
Steps : 257995, Gen Loss Total : 29.735, Mel-Spec. Error : 0.296, s/b : 0.213
Steps : 258000, Gen Loss Total : 32.153, Mel-Spec. Error : 0.328, s/b : 0.214
Steps : 258005, Gen Loss Total : 29.689, Mel-Spec. Error : 0.319, s/b : 0.216
Steps : 258010, Gen Loss Total : 32.009, Mel-Spec. Error : 0.320, s/b : 0.213
Steps : 258015, Gen Loss Total : 30.820, Mel-Spec. Error : 0.318, s/b : 0.212
Steps : 258020, Gen Loss Total : 32.828, Mel-Spec. Error : 0.318, s/b : 0.211
Steps : 258025, Gen Loss Total : 32.927, Mel-Spec. Error : 0.325, s/b : 0.214
Steps : 258030, Gen Loss Total : 33.031, Mel-Spec. Error : 0.318, s/b : 0.206
Steps : 258035, Gen Loss Total : 31.061, Mel-Spec. Error : 0.323, s/b : 0.212
Steps : 258040, Gen Loss Total : 31.446, Mel-Spec. Error : 0.325, s/b : 0.210
Steps : 258045, Gen Loss Total : 28.923, Mel-Spec. Error : 0.324, s/b : 0.208
Steps : 258050, Gen Loss Total : 31.156, Mel-Spec. Error : 0.341, s/b : 0.208
Steps : 258055, Gen Loss Total : 30.893, Mel-Spec. Error : 0.308, s/b : 0.209
Steps : 258060, Gen Loss Total : 30.974, Mel-Spec. Error : 0.316, s/b : 0.209
Steps : 258065, Gen Loss Total : 29.583, Mel-Spec. Error : 0.308, s/b : 0.208
Steps : 258070, Gen Loss Total : 30.955, Mel-Spec. Error : 0.323, s/b : 0.213
Steps : 258075, Gen Loss Total : 28.749, Mel-Spec. Error : 0.306, s/b : 0.214
Steps : 258080, Gen Loss Total : 32.911, Mel-Spec. Error : 0.311, s/b : 0.211
Steps : 258085, Gen Loss Total : 27.346, Mel-Spec. Error : 0.305, s/b : 0.215
Steps : 258090, Gen Loss Total : 29.104, Mel-Spec. Error : 0.302, s/b : 0.212
Steps : 258095, Gen Loss Total : 29.161, Mel-Spec. Error : 0.315, s/b : 0.210
Steps : 258100, Gen Loss Total : 32.961, Mel-Spec. Error : 0.350, s/b : 0.213
Steps : 258105, Gen Loss Total : 31.139, Mel-Spec. Error : 0.321, s/b : 0.213
Steps : 258110, Gen Loss Total : 31.458, Mel-Spec. Error : 0.357, s/b : 0.213
Steps : 258115, Gen Loss Total : 27.252, Mel-Spec. Error : 0.315, s/b : 0.211
Steps : 258120, Gen Loss Total : 30.865, Mel-Spec. Error : 0.330, s/b : 0.211
Steps : 258125, Gen Loss Total : 33.409, Mel-Spec. Error : 0.328, s/b : 0.215
Steps : 258130, Gen Loss Total : 32.741, Mel-Spec. Error : 0.334, s/b : 0.214
Steps : 258135, Gen Loss Total : 33.058, Mel-Spec. Error : 0.346, s/b : 0.210
Steps : 258140, Gen Loss Total : 29.582, Mel-Spec. Error : 0.325, s/b : 0.209
Steps : 258145, Gen Loss Total : 29.795, Mel-Spec. Error : 0.316, s/b : 0.215
Steps : 258150, Gen Loss Total : 31.803, Mel-Spec. Error : 0.325, s/b : 0.214
Steps : 258155, Gen Loss Total : 31.574, Mel-Spec. Error : 0.315, s/b : 0.209
Steps : 258160, Gen Loss Total : 30.076, Mel-Spec. Error : 0.312, s/b : 0.213
Steps : 258165, Gen Loss Total : 26.338, Mel-Spec. Error : 0.307, s/b : 0.212
Steps : 258170, Gen Loss Total : 27.370, Mel-Spec. Error : 0.297, s/b : 0.212
Steps : 258175, Gen Loss Total : 28.892, Mel-Spec. Error : 0.317, s/b : 0.210
Steps : 258180, Gen Loss Total : 26.242, Mel-Spec. Error : 0.297, s/b : 0.213
Steps : 258185, Gen Loss Total : 32.353, Mel-Spec. Error : 0.318, s/b : 0.211
Steps : 258190, Gen Loss Total : 29.125, Mel-Spec. Error : 0.303, s/b : 0.214
Steps : 258195, Gen Loss Total : 28.557, Mel-Spec. Error : 0.314, s/b : 0.209
Steps : 258200, Gen Loss Total : 27.918, Mel-Spec. Error : 0.313, s/b : 0.209
Steps : 258205, Gen Loss Total : 29.297, Mel-Spec. Error : 0.341, s/b : 0.210
Steps : 258210, Gen Loss Total : 28.978, Mel-Spec. Error : 0.315, s/b : 0.218
Steps : 258215, Gen Loss Total : 28.185, Mel-Spec. Error : 0.318, s/b : 0.218
Steps : 258220, Gen Loss Total : 29.515, Mel-Spec. Error : 0.328, s/b : 0.212
Steps : 258225, Gen Loss Total : 30.867, Mel-Spec. Error : 0.307, s/b : 0.208
Steps : 258230, Gen Loss Total : 29.257, Mel-Spec. Error : 0.314, s/b : 0.209
Steps : 258235, Gen Loss Total : 28.139, Mel-Spec. Error : 0.302, s/b : 0.211
Steps : 258240, Gen Loss Total : 31.674, Mel-Spec. Error : 0.323, s/b : 0.209
Steps : 258245, Gen Loss Total : 30.127, Mel-Spec. Error : 0.337, s/b : 0.209
Steps : 258250, Gen Loss Total : 30.595, Mel-Spec. Error : 0.329, s/b : 0.209
Steps : 258255, Gen Loss Total : 29.786, Mel-Spec. Error : 0.316, s/b : 0.212
Steps : 258260, Gen Loss Total : 28.276, Mel-Spec. Error : 0.313, s/b : 0.213
Steps : 258265, Gen Loss Total : 34.308, Mel-Spec. Error : 0.307, s/b : 0.209
Steps : 258270, Gen Loss Total : 31.349, Mel-Spec. Error : 0.319, s/b : 0.207
Steps : 258275, Gen Loss Total : 32.466, Mel-Spec. Error : 0.308, s/b : 0.219
Steps : 258280, Gen Loss Total : 32.299, Mel-Spec. Error : 0.316, s/b : 0.213
Steps : 258285, Gen Loss Total : 31.747, Mel-Spec. Error : 0.314, s/b : 0.209
Steps : 258290, Gen Loss Total : 30.788, Mel-Spec. Error : 0.304, s/b : 0.212
Steps : 258295, Gen Loss Total : 34.057, Mel-Spec. Error : 0.347, s/b : 0.213
Steps : 258300, Gen Loss Total : 30.872, Mel-Spec. Error : 0.326, s/b : 0.212
Steps : 258305, Gen Loss Total : 28.407, Mel-Spec. Error : 0.314, s/b : 0.206
Steps : 258310, Gen Loss Total : 30.245, Mel-Spec. Error : 0.331, s/b : 0.210
Steps : 258315, Gen Loss Total : 29.719, Mel-Spec. Error : 0.308, s/b : 0.212
Steps : 258320, Gen Loss Total : 30.226, Mel-Spec. Error : 0.333, s/b : 0.210
Steps : 258325, Gen Loss Total : 32.390, Mel-Spec. Error : 0.318, s/b : 0.207
Steps : 258330, Gen Loss Total : 29.306, Mel-Spec. Error : 0.321, s/b : 0.206
Steps : 258335, Gen Loss Total : 32.015, Mel-Spec. Error : 0.341, s/b : 0.213
Steps : 258340, Gen Loss Total : 29.536, Mel-Spec. Error : 0.324, s/b : 0.214
Steps : 258345, Gen Loss Total : 31.327, Mel-Spec. Error : 0.315, s/b : 0.208
Steps : 258350, Gen Loss Total : 30.267, Mel-Spec. Error : 0.318, s/b : 0.205
Steps : 258355, Gen Loss Total : 27.600, Mel-Spec. Error : 0.307, s/b : 0.210
Steps : 258360, Gen Loss Total : 26.888, Mel-Spec. Error : 0.310, s/b : 0.214
Steps : 258365, Gen Loss Total : 29.619, Mel-Spec. Error : 0.322, s/b : 0.208
Steps : 258370, Gen Loss Total : 31.537, Mel-Spec. Error : 0.313, s/b : 0.213
Steps : 258375, Gen Loss Total : 28.659, Mel-Spec. Error : 0.296, s/b : 0.212
Steps : 258380, Gen Loss Total : 29.275, Mel-Spec. Error : 0.311, s/b : 0.214
Steps : 258385, Gen Loss Total : 30.846, Mel-Spec. Error : 0.319, s/b : 0.209
Steps : 258390, Gen Loss Total : 26.220, Mel-Spec. Error : 0.303, s/b : 0.209
Steps : 258395, Gen Loss Total : 31.662, Mel-Spec. Error : 0.348, s/b : 0.212
Steps : 258400, Gen Loss Total : 29.320, Mel-Spec. Error : 0.323, s/b : 0.211
Steps : 258405, Gen Loss Total : 30.071, Mel-Spec. Error : 0.320, s/b : 0.209
Steps : 258410, Gen Loss Total : 32.670, Mel-Spec. Error : 0.312, s/b : 0.213
Steps : 258415, Gen Loss Total : 30.752, Mel-Spec. Error : 0.319, s/b : 0.210
Steps : 258420, Gen Loss Total : 31.031, Mel-Spec. Error : 0.317, s/b : 0.210
Steps : 258425, Gen Loss Total : 29.591, Mel-Spec. Error : 0.334, s/b : 0.206
Steps : 258430, Gen Loss Total : 29.368, Mel-Spec. Error : 0.318, s/b : 0.206
Steps : 258435, Gen Loss Total : 31.675, Mel-Spec. Error : 0.311, s/b : 0.213
Steps : 258440, Gen Loss Total : 31.860, Mel-Spec. Error : 0.324, s/b : 0.213
Steps : 258445, Gen Loss Total : 31.399, Mel-Spec. Error : 0.331, s/b : 0.210
Steps : 258450, Gen Loss Total : 30.378, Mel-Spec. Error : 0.315, s/b : 0.208
Steps : 258455, Gen Loss Total : 33.487, Mel-Spec. Error : 0.335, s/b : 0.209
Steps : 258460, Gen Loss Total : 27.442, Mel-Spec. Error : 0.311, s/b : 0.212
Steps : 258465, Gen Loss Total : 30.568, Mel-Spec. Error : 0.313, s/b : 0.208
Steps : 258470, Gen Loss Total : 31.510, Mel-Spec. Error : 0.315, s/b : 0.211
Steps : 258475, Gen Loss Total : 30.909, Mel-Spec. Error : 0.324, s/b : 0.215
Steps : 258480, Gen Loss Total : 29.372, Mel-Spec. Error : 0.312, s/b : 0.216
Steps : 258485, Gen Loss Total : 29.786, Mel-Spec. Error : 0.320, s/b : 0.210
Steps : 258490, Gen Loss Total : 29.318, Mel-Spec. Error : 0.303, s/b : 0.213
Steps : 258495, Gen Loss Total : 35.010, Mel-Spec. Error : 0.317, s/b : 0.216
Steps : 258500, Gen Loss Total : 28.983, Mel-Spec. Error : 0.309, s/b : 0.210
Steps : 258505, Gen Loss Total : 29.838, Mel-Spec. Error : 0.306, s/b : 0.220
Steps : 258510, Gen Loss Total : 33.397, Mel-Spec. Error : 0.312, s/b : 0.212
Steps : 258515, Gen Loss Total : 30.859, Mel-Spec. Error : 0.319, s/b : 0.212
Steps : 258520, Gen Loss Total : 30.397, Mel-Spec. Error : 0.314, s/b : 0.207
Steps : 258525, Gen Loss Total : 33.296, Mel-Spec. Error : 0.345, s/b : 0.211
Steps : 258530, Gen Loss Total : 32.156, Mel-Spec. Error : 0.333, s/b : 0.213
Steps : 258535, Gen Loss Total : 30.671, Mel-Spec. Error : 0.328, s/b : 0.211
Steps : 258540, Gen Loss Total : 31.622, Mel-Spec. Error : 0.325, s/b : 0.208
Steps : 258545, Gen Loss Total : 33.240, Mel-Spec. Error : 0.333, s/b : 0.212
Steps : 258550, Gen Loss Total : 30.636, Mel-Spec. Error : 0.307, s/b : 0.212
Steps : 258555, Gen Loss Total : 35.381, Mel-Spec. Error : 0.336, s/b : 0.209
Steps : 258560, Gen Loss Total : 30.314, Mel-Spec. Error : 0.328, s/b : 0.211
Steps : 258565, Gen Loss Total : 31.637, Mel-Spec. Error : 0.319, s/b : 0.211
Steps : 258570, Gen Loss Total : 29.757, Mel-Spec. Error : 0.310, s/b : 0.215
Steps : 258575, Gen Loss Total : 30.157, Mel-Spec. Error : 0.301, s/b : 0.212
Steps : 258580, Gen Loss Total : 29.776, Mel-Spec. Error : 0.308, s/b : 0.212
Steps : 258585, Gen Loss Total : 28.084, Mel-Spec. Error : 0.303, s/b : 0.214
Steps : 258590, Gen Loss Total : 31.890, Mel-Spec. Error : 0.313, s/b : 0.211
Steps : 258595, Gen Loss Total : 33.526, Mel-Spec. Error : 0.325, s/b : 0.209
Steps : 258600, Gen Loss Total : 28.501, Mel-Spec. Error : 0.311, s/b : 0.211
Steps : 258605, Gen Loss Total : 30.651, Mel-Spec. Error : 0.306, s/b : 0.210
Steps : 258610, Gen Loss Total : 32.837, Mel-Spec. Error : 0.306, s/b : 0.214
Steps : 258615, Gen Loss Total : 32.964, Mel-Spec. Error : 0.301, s/b : 0.210
Steps : 258620, Gen Loss Total : 32.298, Mel-Spec. Error : 0.325, s/b : 0.212
Steps : 258625, Gen Loss Total : 32.199, Mel-Spec. Error : 0.327, s/b : 0.215
Steps : 258630, Gen Loss Total : 31.584, Mel-Spec. Error : 0.321, s/b : 0.215
Steps : 258635, Gen Loss Total : 33.688, Mel-Spec. Error : 0.323, s/b : 0.214
Steps : 258640, Gen Loss Total : 37.321, Mel-Spec. Error : 0.333, s/b : 0.215
Steps : 258645, Gen Loss Total : 38.218, Mel-Spec. Error : 0.320, s/b : 0.210
Steps : 258650, Gen Loss Total : 36.935, Mel-Spec. Error : 0.322, s/b : 0.214
Steps : 258655, Gen Loss Total : 35.442, Mel-Spec. Error : 0.373, s/b : 0.215
Steps : 258660, Gen Loss Total : 35.023, Mel-Spec. Error : 0.347, s/b : 0.216
Steps : 258665, Gen Loss Total : 32.020, Mel-Spec. Error : 0.316, s/b : 0.211
Steps : 258670, Gen Loss Total : 31.047, Mel-Spec. Error : 0.311, s/b : 0.209
Steps : 258675, Gen Loss Total : 29.975, Mel-Spec. Error : 0.311, s/b : 0.216
Steps : 258680, Gen Loss Total : 30.193, Mel-Spec. Error : 0.311, s/b : 0.221
Steps : 258685, Gen Loss Total : 32.591, Mel-Spec. Error : 0.348, s/b : 0.213
Steps : 258690, Gen Loss Total : 26.119, Mel-Spec. Error : 0.296, s/b : 0.214
Steps : 258695, Gen Loss Total : 29.228, Mel-Spec. Error : 0.305, s/b : 0.216
Steps : 258700, Gen Loss Total : 31.320, Mel-Spec. Error : 0.313, s/b : 0.222
Steps : 258705, Gen Loss Total : 29.614, Mel-Spec. Error : 0.309, s/b : 0.212
Steps : 258710, Gen Loss Total : 30.244, Mel-Spec. Error : 0.321, s/b : 0.216
Steps : 258715, Gen Loss Total : 30.399, Mel-Spec. Error : 0.318, s/b : 0.215
Steps : 258720, Gen Loss Total : 26.073, Mel-Spec. Error : 0.290, s/b : 0.216
Steps : 258725, Gen Loss Total : 32.092, Mel-Spec. Error : 0.318, s/b : 0.215
Steps : 258730, Gen Loss Total : 30.371, Mel-Spec. Error : 0.310, s/b : 0.210
Steps : 258735, Gen Loss Total : 32.100, Mel-Spec. Error : 0.327, s/b : 0.215
Steps : 258740, Gen Loss Total : 29.256, Mel-Spec. Error : 0.332, s/b : 0.216
Steps : 258745, Gen Loss Total : 29.010, Mel-Spec. Error : 0.317, s/b : 0.217
Steps : 258750, Gen Loss Total : 29.954, Mel-Spec. Error : 0.311, s/b : 0.214
Steps : 258755, Gen Loss Total : 30.398, Mel-Spec. Error : 0.317, s/b : 0.213
Steps : 258760, Gen Loss Total : 29.706, Mel-Spec. Error : 0.311, s/b : 0.214
Steps : 258765, Gen Loss Total : 32.298, Mel-Spec. Error : 0.311, s/b : 0.216
Steps : 258770, Gen Loss Total : 34.738, Mel-Spec. Error : 0.317, s/b : 0.215
Steps : 258775, Gen Loss Total : 27.623, Mel-Spec. Error : 0.301, s/b : 0.212
Steps : 258780, Gen Loss Total : 26.858, Mel-Spec. Error : 0.312, s/b : 0.214
Steps : 258785, Gen Loss Total : 30.068, Mel-Spec. Error : 0.322, s/b : 0.214
Steps : 258790, Gen Loss Total : 30.279, Mel-Spec. Error : 0.320, s/b : 0.216
Steps : 258795, Gen Loss Total : 32.581, Mel-Spec. Error : 0.317, s/b : 0.207
Steps : 258800, Gen Loss Total : 28.543, Mel-Spec. Error : 0.325, s/b : 0.209
Steps : 258805, Gen Loss Total : 29.021, Mel-Spec. Error : 0.311, s/b : 0.214
Steps : 258810, Gen Loss Total : 29.502, Mel-Spec. Error : 0.329, s/b : 0.214
Steps : 258815, Gen Loss Total : 32.108, Mel-Spec. Error : 0.329, s/b : 0.210
Steps : 258820, Gen Loss Total : 30.283, Mel-Spec. Error : 0.343, s/b : 0.215
Steps : 258825, Gen Loss Total : 34.033, Mel-Spec. Error : 0.334, s/b : 0.210
Steps : 258830, Gen Loss Total : 37.106, Mel-Spec. Error : 0.344, s/b : 0.206
Steps : 258835, Gen Loss Total : 33.104, Mel-Spec. Error : 0.323, s/b : 0.213
Steps : 258840, Gen Loss Total : 34.215, Mel-Spec. Error : 0.337, s/b : 0.207
Steps : 258845, Gen Loss Total : 31.580, Mel-Spec. Error : 0.321, s/b : 0.214
Steps : 258850, Gen Loss Total : 29.407, Mel-Spec. Error : 0.321, s/b : 0.213
Steps : 258855, Gen Loss Total : 29.325, Mel-Spec. Error : 0.318, s/b : 0.215
Steps : 258860, Gen Loss Total : 29.825, Mel-Spec. Error : 0.326, s/b : 0.212
Steps : 258865, Gen Loss Total : 28.790, Mel-Spec. Error : 0.328, s/b : 0.218
Steps : 258870, Gen Loss Total : 27.673, Mel-Spec. Error : 0.303, s/b : 0.215
Steps : 258875, Gen Loss Total : 27.827, Mel-Spec. Error : 0.311, s/b : 0.211
Steps : 258880, Gen Loss Total : 28.740, Mel-Spec. Error : 0.308, s/b : 0.209
Steps : 258885, Gen Loss Total : 30.249, Mel-Spec. Error : 0.328, s/b : 0.212
Steps : 258890, Gen Loss Total : 28.589, Mel-Spec. Error : 0.317, s/b : 0.215
Steps : 258895, Gen Loss Total : 31.148, Mel-Spec. Error : 0.304, s/b : 0.212
Steps : 258900, Gen Loss Total : 28.379, Mel-Spec. Error : 0.310, s/b : 0.209
Steps : 258905, Gen Loss Total : 29.424, Mel-Spec. Error : 0.313, s/b : 0.212
Steps : 258910, Gen Loss Total : 28.464, Mel-Spec. Error : 0.312, s/b : 0.213
Steps : 258915, Gen Loss Total : 28.899, Mel-Spec. Error : 0.320, s/b : 0.210
Steps : 258920, Gen Loss Total : 34.248, Mel-Spec. Error : 0.359, s/b : 0.208
Steps : 258925, Gen Loss Total : 33.735, Mel-Spec. Error : 0.386, s/b : 0.207
Steps : 258930, Gen Loss Total : 29.943, Mel-Spec. Error : 0.335, s/b : 0.213
Steps : 258935, Gen Loss Total : 31.287, Mel-Spec. Error : 0.364, s/b : 0.213
Steps : 258940, Gen Loss Total : 31.000, Mel-Spec. Error : 0.327, s/b : 0.212
Steps : 258945, Gen Loss Total : 29.583, Mel-Spec. Error : 0.322, s/b : 0.214
Steps : 258950, Gen Loss Total : 30.520, Mel-Spec. Error : 0.309, s/b : 0.212
Steps : 258955, Gen Loss Total : 28.672, Mel-Spec. Error : 0.314, s/b : 0.213
Steps : 258960, Gen Loss Total : 29.717, Mel-Spec. Error : 0.335, s/b : 0.208
Steps : 258965, Gen Loss Total : 31.326, Mel-Spec. Error : 0.315, s/b : 0.213
Steps : 258970, Gen Loss Total : 30.018, Mel-Spec. Error : 0.305, s/b : 0.216
Steps : 258975, Gen Loss Total : 32.467, Mel-Spec. Error : 0.318, s/b : 0.212
Steps : 258980, Gen Loss Total : 32.386, Mel-Spec. Error : 0.329, s/b : 0.212
Steps : 258985, Gen Loss Total : 31.526, Mel-Spec. Error : 0.322, s/b : 0.215
Steps : 258990, Gen Loss Total : 33.700, Mel-Spec. Error : 0.314, s/b : 0.215
Steps : 258995, Gen Loss Total : 29.382, Mel-Spec. Error : 0.314, s/b : 0.214
Steps : 259000, Gen Loss Total : 30.859, Mel-Spec. Error : 0.307, s/b : 0.213
Steps : 259005, Gen Loss Total : 30.130, Mel-Spec. Error : 0.310, s/b : 0.214
Steps : 259010, Gen Loss Total : 30.503, Mel-Spec. Error : 0.305, s/b : 0.217
Steps : 259015, Gen Loss Total : 30.417, Mel-Spec. Error : 0.316, s/b : 0.207
Steps : 259020, Gen Loss Total : 28.727, Mel-Spec. Error : 0.325, s/b : 0.211
Steps : 259025, Gen Loss Total : 33.605, Mel-Spec. Error : 0.331, s/b : 0.215
Steps : 259030, Gen Loss Total : 31.775, Mel-Spec. Error : 0.319, s/b : 0.217
Steps : 259035, Gen Loss Total : 29.504, Mel-Spec. Error : 0.324, s/b : 0.212
Steps : 259040, Gen Loss Total : 30.822, Mel-Spec. Error : 0.312, s/b : 0.214
Steps : 259045, Gen Loss Total : 30.456, Mel-Spec. Error : 0.322, s/b : 0.209
Steps : 259050, Gen Loss Total : 27.546, Mel-Spec. Error : 0.316, s/b : 0.213
Steps : 259055, Gen Loss Total : 30.137, Mel-Spec. Error : 0.332, s/b : 0.216
Steps : 259060, Gen Loss Total : 31.017, Mel-Spec. Error : 0.312, s/b : 0.221
Steps : 259065, Gen Loss Total : 28.352, Mel-Spec. Error : 0.316, s/b : 0.211
Steps : 259070, Gen Loss Total : 29.603, Mel-Spec. Error : 0.324, s/b : 0.214
Steps : 259075, Gen Loss Total : 32.217, Mel-Spec. Error : 0.321, s/b : 0.213
Steps : 259080, Gen Loss Total : 32.754, Mel-Spec. Error : 0.306, s/b : 0.208
Steps : 259085, Gen Loss Total : 29.756, Mel-Spec. Error : 0.292, s/b : 0.212
Steps : 259090, Gen Loss Total : 28.274, Mel-Spec. Error : 0.302, s/b : 0.208
Steps : 259095, Gen Loss Total : 29.550, Mel-Spec. Error : 0.320, s/b : 0.209
Steps : 259100, Gen Loss Total : 29.259, Mel-Spec. Error : 0.304, s/b : 0.210
Steps : 259105, Gen Loss Total : 29.562, Mel-Spec. Error : 0.311, s/b : 0.214
Steps : 259110, Gen Loss Total : 28.294, Mel-Spec. Error : 0.318, s/b : 0.211
Steps : 259115, Gen Loss Total : 30.944, Mel-Spec. Error : 0.303, s/b : 0.208
Steps : 259120, Gen Loss Total : 28.506, Mel-Spec. Error : 0.312, s/b : 0.211
Steps : 259125, Gen Loss Total : 29.906, Mel-Spec. Error : 0.306, s/b : 0.212
Steps : 259130, Gen Loss Total : 28.681, Mel-Spec. Error : 0.297, s/b : 0.211
Steps : 259135, Gen Loss Total : 28.717, Mel-Spec. Error : 0.311, s/b : 0.212
Steps : 259140, Gen Loss Total : 30.288, Mel-Spec. Error : 0.313, s/b : 0.222
Steps : 259145, Gen Loss Total : 27.408, Mel-Spec. Error : 0.328, s/b : 0.212
Steps : 259150, Gen Loss Total : 29.477, Mel-Spec. Error : 0.323, s/b : 0.212
Steps : 259155, Gen Loss Total : 30.672, Mel-Spec. Error : 0.311, s/b : 0.212
Steps : 259160, Gen Loss Total : 28.157, Mel-Spec. Error : 0.308, s/b : 0.214
Steps : 259165, Gen Loss Total : 31.278, Mel-Spec. Error : 0.314, s/b : 0.213
Steps : 259170, Gen Loss Total : 28.184, Mel-Spec. Error : 0.301, s/b : 0.213
Steps : 259175, Gen Loss Total : 31.061, Mel-Spec. Error : 0.317, s/b : 0.214
Steps : 259180, Gen Loss Total : 26.490, Mel-Spec. Error : 0.316, s/b : 0.210
Steps : 259185, Gen Loss Total : 30.241, Mel-Spec. Error : 0.313, s/b : 0.211
Steps : 259190, Gen Loss Total : 30.274, Mel-Spec. Error : 0.306, s/b : 0.212
Steps : 259195, Gen Loss Total : 31.256, Mel-Spec. Error : 0.314, s/b : 0.211
Steps : 259200, Gen Loss Total : 31.966, Mel-Spec. Error : 0.315, s/b : 0.209
Steps : 259205, Gen Loss Total : 30.365, Mel-Spec. Error : 0.314, s/b : 0.216
Steps : 259210, Gen Loss Total : 30.795, Mel-Spec. Error : 0.328, s/b : 0.213
Steps : 259215, Gen Loss Total : 29.269, Mel-Spec. Error : 0.311, s/b : 0.207
Steps : 259220, Gen Loss Total : 27.855, Mel-Spec. Error : 0.311, s/b : 0.211
Steps : 259225, Gen Loss Total : 30.388, Mel-Spec. Error : 0.304, s/b : 0.211
Steps : 259230, Gen Loss Total : 27.909, Mel-Spec. Error : 0.303, s/b : 0.213
Steps : 259235, Gen Loss Total : 29.242, Mel-Spec. Error : 0.307, s/b : 0.212
Steps : 259240, Gen Loss Total : 29.672, Mel-Spec. Error : 0.333, s/b : 0.216
Steps : 259245, Gen Loss Total : 30.407, Mel-Spec. Error : 0.317, s/b : 0.212
Steps : 259250, Gen Loss Total : 30.654, Mel-Spec. Error : 0.314, s/b : 0.206
Steps : 259255, Gen Loss Total : 32.582, Mel-Spec. Error : 0.330, s/b : 0.211
Steps : 259260, Gen Loss Total : 33.224, Mel-Spec. Error : 0.354, s/b : 0.206
Time taken for epoch 145 is 663 sec

Epoch: 146
Steps : 259265, Gen Loss Total : 30.344, Mel-Spec. Error : 0.345, s/b : 0.257
Steps : 259270, Gen Loss Total : 32.079, Mel-Spec. Error : 0.355, s/b : 0.213
Steps : 259275, Gen Loss Total : 30.791, Mel-Spec. Error : 0.318, s/b : 0.213
Steps : 259280, Gen Loss Total : 28.492, Mel-Spec. Error : 0.313, s/b : 0.213
Steps : 259285, Gen Loss Total : 30.041, Mel-Spec. Error : 0.316, s/b : 0.214
Steps : 259290, Gen Loss Total : 28.397, Mel-Spec. Error : 0.313, s/b : 0.210
Steps : 259295, Gen Loss Total : 28.389, Mel-Spec. Error : 0.315, s/b : 0.211
Steps : 259300, Gen Loss Total : 31.150, Mel-Spec. Error : 0.317, s/b : 0.218
Steps : 259305, Gen Loss Total : 26.948, Mel-Spec. Error : 0.314, s/b : 0.215
Steps : 259310, Gen Loss Total : 26.794, Mel-Spec. Error : 0.307, s/b : 0.209
Steps : 259315, Gen Loss Total : 28.126, Mel-Spec. Error : 0.300, s/b : 0.210
Steps : 259320, Gen Loss Total : 28.431, Mel-Spec. Error : 0.317, s/b : 0.214
Steps : 259325, Gen Loss Total : 29.200, Mel-Spec. Error : 0.300, s/b : 0.214
Steps : 259330, Gen Loss Total : 30.364, Mel-Spec. Error : 0.319, s/b : 0.212
Steps : 259335, Gen Loss Total : 29.202, Mel-Spec. Error : 0.312, s/b : 0.210
Steps : 259340, Gen Loss Total : 27.979, Mel-Spec. Error : 0.313, s/b : 0.208
Steps : 259345, Gen Loss Total : 30.317, Mel-Spec. Error : 0.322, s/b : 0.213
Steps : 259350, Gen Loss Total : 32.268, Mel-Spec. Error : 0.326, s/b : 0.215
Steps : 259355, Gen Loss Total : 34.246, Mel-Spec. Error : 0.325, s/b : 0.214
Steps : 259360, Gen Loss Total : 30.124, Mel-Spec. Error : 0.333, s/b : 0.217
Steps : 259365, Gen Loss Total : 31.422, Mel-Spec. Error : 0.325, s/b : 0.213
Steps : 259370, Gen Loss Total : 29.295, Mel-Spec. Error : 0.299, s/b : 0.210
Steps : 259375, Gen Loss Total : 32.215, Mel-Spec. Error : 0.319, s/b : 0.210
Steps : 259380, Gen Loss Total : 30.950, Mel-Spec. Error : 0.320, s/b : 0.210
Steps : 259385, Gen Loss Total : 30.335, Mel-Spec. Error : 0.319, s/b : 0.213
Steps : 259390, Gen Loss Total : 29.207, Mel-Spec. Error : 0.311, s/b : 0.209
Steps : 259395, Gen Loss Total : 31.661, Mel-Spec. Error : 0.311, s/b : 0.210
Steps : 259400, Gen Loss Total : 32.722, Mel-Spec. Error : 0.349, s/b : 0.213
Steps : 259405, Gen Loss Total : 31.931, Mel-Spec. Error : 0.341, s/b : 0.210
Steps : 259410, Gen Loss Total : 28.372, Mel-Spec. Error : 0.325, s/b : 0.208
Steps : 259415, Gen Loss Total : 30.523, Mel-Spec. Error : 0.312, s/b : 0.215
Steps : 259420, Gen Loss Total : 31.216, Mel-Spec. Error : 0.330, s/b : 0.217
Steps : 259425, Gen Loss Total : 27.668, Mel-Spec. Error : 0.305, s/b : 0.209
Steps : 259430, Gen Loss Total : 27.543, Mel-Spec. Error : 0.308, s/b : 0.209
Steps : 259435, Gen Loss Total : 31.305, Mel-Spec. Error : 0.311, s/b : 0.215
Steps : 259440, Gen Loss Total : 31.261, Mel-Spec. Error : 0.322, s/b : 0.217
Steps : 259445, Gen Loss Total : 30.598, Mel-Spec. Error : 0.314, s/b : 0.213
Steps : 259450, Gen Loss Total : 31.915, Mel-Spec. Error : 0.328, s/b : 0.208
Steps : 259455, Gen Loss Total : 30.830, Mel-Spec. Error : 0.336, s/b : 0.211
Steps : 259460, Gen Loss Total : 28.607, Mel-Spec. Error : 0.313, s/b : 0.212
Steps : 259465, Gen Loss Total : 30.364, Mel-Spec. Error : 0.319, s/b : 0.216
Steps : 259470, Gen Loss Total : 28.994, Mel-Spec. Error : 0.316, s/b : 0.212
Steps : 259475, Gen Loss Total : 32.087, Mel-Spec. Error : 0.318, s/b : 0.210
Steps : 259480, Gen Loss Total : 30.770, Mel-Spec. Error : 0.315, s/b : 0.216
Steps : 259485, Gen Loss Total : 29.406, Mel-Spec. Error : 0.309, s/b : 0.212
Steps : 259490, Gen Loss Total : 31.471, Mel-Spec. Error : 0.314, s/b : 0.211
Steps : 259495, Gen Loss Total : 31.905, Mel-Spec. Error : 0.310, s/b : 0.212
Steps : 259500, Gen Loss Total : 30.938, Mel-Spec. Error : 0.323, s/b : 0.216
Steps : 259505, Gen Loss Total : 29.527, Mel-Spec. Error : 0.323, s/b : 0.212
Steps : 259510, Gen Loss Total : 32.118, Mel-Spec. Error : 0.318, s/b : 0.212
Steps : 259515, Gen Loss Total : 31.976, Mel-Spec. Error : 0.313, s/b : 0.214
Steps : 259520, Gen Loss Total : 28.808, Mel-Spec. Error : 0.306, s/b : 0.216
Steps : 259525, Gen Loss Total : 30.958, Mel-Spec. Error : 0.327, s/b : 0.213
Steps : 259530, Gen Loss Total : 31.231, Mel-Spec. Error : 0.326, s/b : 0.215
Steps : 259535, Gen Loss Total : 28.714, Mel-Spec. Error : 0.309, s/b : 0.212
Steps : 259540, Gen Loss Total : 32.101, Mel-Spec. Error : 0.318, s/b : 0.215
Steps : 259545, Gen Loss Total : 30.681, Mel-Spec. Error : 0.323, s/b : 0.211
Steps : 259550, Gen Loss Total : 28.592, Mel-Spec. Error : 0.302, s/b : 0.212
Steps : 259555, Gen Loss Total : 27.821, Mel-Spec. Error : 0.301, s/b : 0.211
Steps : 259560, Gen Loss Total : 29.772, Mel-Spec. Error : 0.312, s/b : 0.214
Steps : 259565, Gen Loss Total : 28.946, Mel-Spec. Error : 0.308, s/b : 0.211
Steps : 259570, Gen Loss Total : 30.928, Mel-Spec. Error : 0.312, s/b : 0.207
Steps : 259575, Gen Loss Total : 29.557, Mel-Spec. Error : 0.318, s/b : 0.212
Steps : 259580, Gen Loss Total : 30.784, Mel-Spec. Error : 0.309, s/b : 0.215
Steps : 259585, Gen Loss Total : 29.706, Mel-Spec. Error : 0.302, s/b : 0.212
Steps : 259590, Gen Loss Total : 31.008, Mel-Spec. Error : 0.315, s/b : 0.210
Steps : 259595, Gen Loss Total : 31.018, Mel-Spec. Error : 0.320, s/b : 0.212
Steps : 259600, Gen Loss Total : 28.527, Mel-Spec. Error : 0.307, s/b : 0.215
Steps : 259605, Gen Loss Total : 29.204, Mel-Spec. Error : 0.307, s/b : 0.213
Steps : 259610, Gen Loss Total : 28.806, Mel-Spec. Error : 0.307, s/b : 0.211
Steps : 259615, Gen Loss Total : 31.733, Mel-Spec. Error : 0.322, s/b : 0.213
Steps : 259620, Gen Loss Total : 29.375, Mel-Spec. Error : 0.321, s/b : 0.217
Steps : 259625, Gen Loss Total : 29.092, Mel-Spec. Error : 0.310, s/b : 0.209
Steps : 259630, Gen Loss Total : 33.216, Mel-Spec. Error : 0.339, s/b : 0.211
Steps : 259635, Gen Loss Total : 29.503, Mel-Spec. Error : 0.315, s/b : 0.214
Steps : 259640, Gen Loss Total : 27.507, Mel-Spec. Error : 0.313, s/b : 0.213
Steps : 259645, Gen Loss Total : 30.233, Mel-Spec. Error : 0.315, s/b : 0.212
Steps : 259650, Gen Loss Total : 29.482, Mel-Spec. Error : 0.334, s/b : 0.208
Steps : 259655, Gen Loss Total : 33.989, Mel-Spec. Error : 0.332, s/b : 0.211
Steps : 259660, Gen Loss Total : 32.135, Mel-Spec. Error : 0.328, s/b : 0.212
Steps : 259665, Gen Loss Total : 32.594, Mel-Spec. Error : 0.316, s/b : 0.213
Steps : 259670, Gen Loss Total : 35.168, Mel-Spec. Error : 0.308, s/b : 0.211
Steps : 259675, Gen Loss Total : 31.375, Mel-Spec. Error : 0.312, s/b : 0.212
Steps : 259680, Gen Loss Total : 33.226, Mel-Spec. Error : 0.337, s/b : 0.213
Steps : 259685, Gen Loss Total : 34.039, Mel-Spec. Error : 0.317, s/b : 0.213
Steps : 259690, Gen Loss Total : 34.390, Mel-Spec. Error : 0.328, s/b : 0.207
Steps : 259695, Gen Loss Total : 31.128, Mel-Spec. Error : 0.314, s/b : 0.215
Steps : 259700, Gen Loss Total : 30.732, Mel-Spec. Error : 0.319, s/b : 0.214
Steps : 259705, Gen Loss Total : 31.241, Mel-Spec. Error : 0.317, s/b : 0.214
Steps : 259710, Gen Loss Total : 30.072, Mel-Spec. Error : 0.325, s/b : 0.209
Steps : 259715, Gen Loss Total : 30.126, Mel-Spec. Error : 0.317, s/b : 0.210
Steps : 259720, Gen Loss Total : 27.915, Mel-Spec. Error : 0.308, s/b : 0.212
Steps : 259725, Gen Loss Total : 28.299, Mel-Spec. Error : 0.298, s/b : 0.214
Steps : 259730, Gen Loss Total : 26.683, Mel-Spec. Error : 0.303, s/b : 0.214
Steps : 259735, Gen Loss Total : 26.401, Mel-Spec. Error : 0.303, s/b : 0.207
Steps : 259740, Gen Loss Total : 27.818, Mel-Spec. Error : 0.316, s/b : 0.215
Steps : 259745, Gen Loss Total : 28.305, Mel-Spec. Error : 0.303, s/b : 0.210
Steps : 259750, Gen Loss Total : 30.012, Mel-Spec. Error : 0.298, s/b : 0.209
Steps : 259755, Gen Loss Total : 29.016, Mel-Spec. Error : 0.308, s/b : 0.209
Steps : 259760, Gen Loss Total : 28.643, Mel-Spec. Error : 0.302, s/b : 0.217
Steps : 259765, Gen Loss Total : 27.965, Mel-Spec. Error : 0.304, s/b : 0.210
Steps : 259770, Gen Loss Total : 27.220, Mel-Spec. Error : 0.308, s/b : 0.211
Steps : 259775, Gen Loss Total : 27.679, Mel-Spec. Error : 0.314, s/b : 0.210
Steps : 259780, Gen Loss Total : 27.873, Mel-Spec. Error : 0.317, s/b : 0.215
Steps : 259785, Gen Loss Total : 31.682, Mel-Spec. Error : 0.324, s/b : 0.208
Steps : 259790, Gen Loss Total : 28.879, Mel-Spec. Error : 0.328, s/b : 0.214
Steps : 259795, Gen Loss Total : 28.698, Mel-Spec. Error : 0.316, s/b : 0.209
Steps : 259800, Gen Loss Total : 27.959, Mel-Spec. Error : 0.303, s/b : 0.213
Steps : 259805, Gen Loss Total : 28.585, Mel-Spec. Error : 0.307, s/b : 0.209
Steps : 259810, Gen Loss Total : 32.628, Mel-Spec. Error : 0.341, s/b : 0.211
Steps : 259815, Gen Loss Total : 30.231, Mel-Spec. Error : 0.308, s/b : 0.206
Steps : 259820, Gen Loss Total : 27.828, Mel-Spec. Error : 0.301, s/b : 0.214
Steps : 259825, Gen Loss Total : 30.448, Mel-Spec. Error : 0.327, s/b : 0.210
Steps : 259830, Gen Loss Total : 29.760, Mel-Spec. Error : 0.321, s/b : 0.211
Steps : 259835, Gen Loss Total : 30.635, Mel-Spec. Error : 0.348, s/b : 0.211
Steps : 259840, Gen Loss Total : 30.867, Mel-Spec. Error : 0.324, s/b : 0.213
Steps : 259845, Gen Loss Total : 29.329, Mel-Spec. Error : 0.317, s/b : 0.207
Steps : 259850, Gen Loss Total : 29.769, Mel-Spec. Error : 0.303, s/b : 0.211
Steps : 259855, Gen Loss Total : 29.027, Mel-Spec. Error : 0.316, s/b : 0.211
Steps : 259860, Gen Loss Total : 30.771, Mel-Spec. Error : 0.316, s/b : 0.210
Steps : 259865, Gen Loss Total : 28.655, Mel-Spec. Error : 0.314, s/b : 0.212
Steps : 259870, Gen Loss Total : 30.934, Mel-Spec. Error : 0.312, s/b : 0.211
Steps : 259875, Gen Loss Total : 28.275, Mel-Spec. Error : 0.319, s/b : 0.214
Steps : 259880, Gen Loss Total : 30.869, Mel-Spec. Error : 0.321, s/b : 0.210
Steps : 259885, Gen Loss Total : 30.730, Mel-Spec. Error : 0.320, s/b : 0.211
Steps : 259890, Gen Loss Total : 30.029, Mel-Spec. Error : 0.304, s/b : 0.212
Steps : 259895, Gen Loss Total : 28.371, Mel-Spec. Error : 0.313, s/b : 0.212
Steps : 259900, Gen Loss Total : 29.577, Mel-Spec. Error : 0.307, s/b : 0.212
Steps : 259905, Gen Loss Total : 30.325, Mel-Spec. Error : 0.313, s/b : 0.212
Steps : 259910, Gen Loss Total : 31.595, Mel-Spec. Error : 0.306, s/b : 0.213
Steps : 259915, Gen Loss Total : 33.205, Mel-Spec. Error : 0.318, s/b : 0.209
Steps : 259920, Gen Loss Total : 31.611, Mel-Spec. Error : 0.312, s/b : 0.212
Steps : 259925, Gen Loss Total : 30.254, Mel-Spec. Error : 0.316, s/b : 0.210
Steps : 259930, Gen Loss Total : 28.190, Mel-Spec. Error : 0.303, s/b : 0.209
Steps : 259935, Gen Loss Total : 31.774, Mel-Spec. Error : 0.318, s/b : 0.209
Steps : 259940, Gen Loss Total : 32.273, Mel-Spec. Error : 0.326, s/b : 0.212
Steps : 259945, Gen Loss Total : 31.024, Mel-Spec. Error : 0.320, s/b : 0.208
Steps : 259950, Gen Loss Total : 30.251, Mel-Spec. Error : 0.332, s/b : 0.209
Steps : 259955, Gen Loss Total : 29.860, Mel-Spec. Error : 0.331, s/b : 0.207
Steps : 259960, Gen Loss Total : 30.826, Mel-Spec. Error : 0.322, s/b : 0.209
Steps : 259965, Gen Loss Total : 28.830, Mel-Spec. Error : 0.311, s/b : 0.211
Steps : 259970, Gen Loss Total : 31.903, Mel-Spec. Error : 0.324, s/b : 0.213
Steps : 259975, Gen Loss Total : 33.298, Mel-Spec. Error : 0.319, s/b : 0.214
Steps : 259980, Gen Loss Total : 31.155, Mel-Spec. Error : 0.326, s/b : 0.218
Steps : 259985, Gen Loss Total : 30.641, Mel-Spec. Error : 0.326, s/b : 0.208
Steps : 259990, Gen Loss Total : 34.137, Mel-Spec. Error : 0.334, s/b : 0.211
Steps : 259995, Gen Loss Total : 30.881, Mel-Spec. Error : 0.319, s/b : 0.208
Steps : 260000, Gen Loss Total : 33.149, Mel-Spec. Error : 0.312, s/b : 0.215
Saving checkpoint to /home/hpc/vlbi/vlbi107v/hifi-gan/cp_hifigan/v1_c512_physical30/g_00260000
Complete.
Saving checkpoint to /home/woody/vlbi/vlbi107v/cp_hifigan/v1_c512_physical30/g_00260000
Complete.
Saving checkpoint to /home/hpc/vlbi/vlbi107v/hifi-gan/cp_hifigan/v1_c512_physical30/do_00260000
Complete.
Saving checkpoint to /home/woody/vlbi/vlbi107v/cp_hifigan/v1_c512_physical30/do_00260000
Complete.
Steps : 260005, Gen Loss Total : 29.942, Mel-Spec. Error : 0.337, s/b : 0.207
Steps : 260010, Gen Loss Total : 27.960, Mel-Spec. Error : 0.312, s/b : 0.210
Steps : 260015, Gen Loss Total : 31.345, Mel-Spec. Error : 0.297, s/b : 0.207
Steps : 260020, Gen Loss Total : 29.009, Mel-Spec. Error : 0.312, s/b : 0.210
Steps : 260025, Gen Loss Total : 29.111, Mel-Spec. Error : 0.306, s/b : 0.206
Steps : 260030, Gen Loss Total : 28.872, Mel-Spec. Error : 0.313, s/b : 0.211
Steps : 260035, Gen Loss Total : 30.460, Mel-Spec. Error : 0.317, s/b : 0.207
Steps : 260040, Gen Loss Total : 29.561, Mel-Spec. Error : 0.344, s/b : 0.212
Steps : 260045, Gen Loss Total : 30.937, Mel-Spec. Error : 0.337, s/b : 0.210
Steps : 260050, Gen Loss Total : 29.812, Mel-Spec. Error : 0.325, s/b : 0.214
Steps : 260055, Gen Loss Total : 28.246, Mel-Spec. Error : 0.308, s/b : 0.213
Steps : 260060, Gen Loss Total : 28.645, Mel-Spec. Error : 0.313, s/b : 0.211
Steps : 260065, Gen Loss Total : 30.837, Mel-Spec. Error : 0.310, s/b : 0.208
Steps : 260070, Gen Loss Total : 31.608, Mel-Spec. Error : 0.324, s/b : 0.209
Steps : 260075, Gen Loss Total : 31.151, Mel-Spec. Error : 0.318, s/b : 0.207
Steps : 260080, Gen Loss Total : 32.137, Mel-Spec. Error : 0.308, s/b : 0.213
Steps : 260085, Gen Loss Total : 29.549, Mel-Spec. Error : 0.319, s/b : 0.210
Steps : 260090, Gen Loss Total : 29.640, Mel-Spec. Error : 0.318, s/b : 0.209
Steps : 260095, Gen Loss Total : 31.309, Mel-Spec. Error : 0.317, s/b : 0.208
Steps : 260100, Gen Loss Total : 27.552, Mel-Spec. Error : 0.308, s/b : 0.216
Steps : 260105, Gen Loss Total : 28.950, Mel-Spec. Error : 0.316, s/b : 0.206
Steps : 260110, Gen Loss Total : 30.642, Mel-Spec. Error : 0.311, s/b : 0.213
Steps : 260115, Gen Loss Total : 27.276, Mel-Spec. Error : 0.310, s/b : 0.207
Steps : 260120, Gen Loss Total : 27.884, Mel-Spec. Error : 0.315, s/b : 0.213
Steps : 260125, Gen Loss Total : 30.829, Mel-Spec. Error : 0.318, s/b : 0.214
Steps : 260130, Gen Loss Total : 29.182, Mel-Spec. Error : 0.314, s/b : 0.212
Steps : 260135, Gen Loss Total : 27.143, Mel-Spec. Error : 0.316, s/b : 0.208
Steps : 260140, Gen Loss Total : 30.907, Mel-Spec. Error : 0.316, s/b : 0.209
Steps : 260145, Gen Loss Total : 27.477, Mel-Spec. Error : 0.307, s/b : 0.213
Steps : 260150, Gen Loss Total : 28.937, Mel-Spec. Error : 0.316, s/b : 0.212
Steps : 260155, Gen Loss Total : 28.779, Mel-Spec. Error : 0.287, s/b : 0.214
Steps : 260160, Gen Loss Total : 31.535, Mel-Spec. Error : 0.310, s/b : 0.217
Steps : 260165, Gen Loss Total : 32.650, Mel-Spec. Error : 0.315, s/b : 0.209
Steps : 260170, Gen Loss Total : 33.668, Mel-Spec. Error : 0.320, s/b : 0.210
Steps : 260175, Gen Loss Total : 30.282, Mel-Spec. Error : 0.305, s/b : 0.216
Steps : 260180, Gen Loss Total : 32.601, Mel-Spec. Error : 0.320, s/b : 0.221
Steps : 260185, Gen Loss Total : 30.464, Mel-Spec. Error : 0.321, s/b : 0.214
Steps : 260190, Gen Loss Total : 31.507, Mel-Spec. Error : 0.312, s/b : 0.214
Steps : 260195, Gen Loss Total : 30.036, Mel-Spec. Error : 0.310, s/b : 0.209
Steps : 260200, Gen Loss Total : 33.793, Mel-Spec. Error : 0.317, s/b : 0.219
Steps : 260205, Gen Loss Total : 29.129, Mel-Spec. Error : 0.320, s/b : 0.213
Steps : 260210, Gen Loss Total : 27.877, Mel-Spec. Error : 0.306, s/b : 0.211
Steps : 260215, Gen Loss Total : 29.497, Mel-Spec. Error : 0.315, s/b : 0.210
Steps : 260220, Gen Loss Total : 30.833, Mel-Spec. Error : 0.317, s/b : 0.216
Steps : 260225, Gen Loss Total : 28.735, Mel-Spec. Error : 0.338, s/b : 0.211
Steps : 260230, Gen Loss Total : 31.155, Mel-Spec. Error : 0.326, s/b : 0.209
Steps : 260235, Gen Loss Total : 31.865, Mel-Spec. Error : 0.305, s/b : 0.212
Steps : 260240, Gen Loss Total : 28.127, Mel-Spec. Error : 0.302, s/b : 0.215
Steps : 260245, Gen Loss Total : 30.070, Mel-Spec. Error : 0.316, s/b : 0.211
Steps : 260250, Gen Loss Total : 30.221, Mel-Spec. Error : 0.310, s/b : 0.210
Steps : 260255, Gen Loss Total : 31.058, Mel-Spec. Error : 0.312, s/b : 0.214
Steps : 260260, Gen Loss Total : 29.398, Mel-Spec. Error : 0.297, s/b : 0.215
Steps : 260265, Gen Loss Total : 30.156, Mel-Spec. Error : 0.305, s/b : 0.209
Steps : 260270, Gen Loss Total : 29.790, Mel-Spec. Error : 0.300, s/b : 0.210
Steps : 260275, Gen Loss Total : 35.941, Mel-Spec. Error : 0.324, s/b : 0.210
Steps : 260280, Gen Loss Total : 30.567, Mel-Spec. Error : 0.310, s/b : 0.215
Steps : 260285, Gen Loss Total : 28.159, Mel-Spec. Error : 0.313, s/b : 0.212
Steps : 260290, Gen Loss Total : 33.349, Mel-Spec. Error : 0.339, s/b : 0.212
Steps : 260295, Gen Loss Total : 28.187, Mel-Spec. Error : 0.308, s/b : 0.209
Steps : 260300, Gen Loss Total : 31.230, Mel-Spec. Error : 0.319, s/b : 0.215
Steps : 260305, Gen Loss Total : 30.126, Mel-Spec. Error : 0.325, s/b : 0.214
Steps : 260310, Gen Loss Total : 29.776, Mel-Spec. Error : 0.309, s/b : 0.212
Steps : 260315, Gen Loss Total : 31.528, Mel-Spec. Error : 0.313, s/b : 0.214
Steps : 260320, Gen Loss Total : 27.871, Mel-Spec. Error : 0.303, s/b : 0.218
Steps : 260325, Gen Loss Total : 27.104, Mel-Spec. Error : 0.307, s/b : 0.213
Steps : 260330, Gen Loss Total : 27.497, Mel-Spec. Error : 0.319, s/b : 0.214
Steps : 260335, Gen Loss Total : 29.882, Mel-Spec. Error : 0.317, s/b : 0.216
Steps : 260340, Gen Loss Total : 31.886, Mel-Spec. Error : 0.324, s/b : 0.215
Steps : 260345, Gen Loss Total : 30.728, Mel-Spec. Error : 0.324, s/b : 0.213
Steps : 260350, Gen Loss Total : 30.297, Mel-Spec. Error : 0.329, s/b : 0.211
Steps : 260355, Gen Loss Total : 31.443, Mel-Spec. Error : 0.315, s/b : 0.210
Steps : 260360, Gen Loss Total : 29.068, Mel-Spec. Error : 0.320, s/b : 0.213
Steps : 260365, Gen Loss Total : 28.457, Mel-Spec. Error : 0.310, s/b : 0.216
Steps : 260370, Gen Loss Total : 29.000, Mel-Spec. Error : 0.307, s/b : 0.207
Steps : 260375, Gen Loss Total : 29.277, Mel-Spec. Error : 0.299, s/b : 0.210
Steps : 260380, Gen Loss Total : 28.053, Mel-Spec. Error : 0.309, s/b : 0.211
Steps : 260385, Gen Loss Total : 31.716, Mel-Spec. Error : 0.329, s/b : 0.211
Steps : 260390, Gen Loss Total : 30.185, Mel-Spec. Error : 0.308, s/b : 0.213
Steps : 260395, Gen Loss Total : 30.808, Mel-Spec. Error : 0.314, s/b : 0.210
Steps : 260400, Gen Loss Total : 30.350, Mel-Spec. Error : 0.328, s/b : 0.216
Steps : 260405, Gen Loss Total : 31.712, Mel-Spec. Error : 0.375, s/b : 0.213
Steps : 260410, Gen Loss Total : 29.160, Mel-Spec. Error : 0.347, s/b : 0.216
Steps : 260415, Gen Loss Total : 30.176, Mel-Spec. Error : 0.324, s/b : 0.210
Steps : 260420, Gen Loss Total : 29.107, Mel-Spec. Error : 0.310, s/b : 0.213
Steps : 260425, Gen Loss Total : 27.560, Mel-Spec. Error : 0.300, s/b : 0.212
Steps : 260430, Gen Loss Total : 29.783, Mel-Spec. Error : 0.309, s/b : 0.215
Steps : 260435, Gen Loss Total : 29.789, Mel-Spec. Error : 0.337, s/b : 0.211
Steps : 260440, Gen Loss Total : 29.360, Mel-Spec. Error : 0.301, s/b : 0.214
Steps : 260445, Gen Loss Total : 28.189, Mel-Spec. Error : 0.297, s/b : 0.213
Steps : 260450, Gen Loss Total : 31.745, Mel-Spec. Error : 0.305, s/b : 0.213
Steps : 260455, Gen Loss Total : 31.624, Mel-Spec. Error : 0.332, s/b : 0.213
Steps : 260460, Gen Loss Total : 28.853, Mel-Spec. Error : 0.319, s/b : 0.215
Steps : 260465, Gen Loss Total : 29.090, Mel-Spec. Error : 0.321, s/b : 0.210
Steps : 260470, Gen Loss Total : 32.019, Mel-Spec. Error : 0.328, s/b : 0.210
Steps : 260475, Gen Loss Total : 29.324, Mel-Spec. Error : 0.316, s/b : 0.214
Steps : 260480, Gen Loss Total : 30.323, Mel-Spec. Error : 0.316, s/b : 0.216
Steps : 260485, Gen Loss Total : 30.518, Mel-Spec. Error : 0.316, s/b : 0.215
Steps : 260490, Gen Loss Total : 29.904, Mel-Spec. Error : 0.317, s/b : 0.212
Steps : 260495, Gen Loss Total : 29.486, Mel-Spec. Error : 0.314, s/b : 0.215
Steps : 260500, Gen Loss Total : 32.174, Mel-Spec. Error : 0.354, s/b : 0.215
Steps : 260505, Gen Loss Total : 29.156, Mel-Spec. Error : 0.309, s/b : 0.214
Steps : 260510, Gen Loss Total : 30.040, Mel-Spec. Error : 0.318, s/b : 0.212
Steps : 260515, Gen Loss Total : 31.144, Mel-Spec. Error : 0.329, s/b : 0.209
Steps : 260520, Gen Loss Total : 28.819, Mel-Spec. Error : 0.302, s/b : 0.219
Steps : 260525, Gen Loss Total : 31.314, Mel-Spec. Error : 0.320, s/b : 0.217
Steps : 260530, Gen Loss Total : 29.520, Mel-Spec. Error : 0.307, s/b : 0.212
Steps : 260535, Gen Loss Total : 29.379, Mel-Spec. Error : 0.307, s/b : 0.212
Steps : 260540, Gen Loss Total : 29.924, Mel-Spec. Error : 0.308, s/b : 0.217
Steps : 260545, Gen Loss Total : 31.827, Mel-Spec. Error : 0.318, s/b : 0.212
Steps : 260550, Gen Loss Total : 31.188, Mel-Spec. Error : 0.316, s/b : 0.212
Steps : 260555, Gen Loss Total : 31.542, Mel-Spec. Error : 0.341, s/b : 0.216
Steps : 260560, Gen Loss Total : 31.291, Mel-Spec. Error : 0.319, s/b : 0.217
Steps : 260565, Gen Loss Total : 27.001, Mel-Spec. Error : 0.317, s/b : 0.214
Steps : 260570, Gen Loss Total : 27.973, Mel-Spec. Error : 0.307, s/b : 0.216
Steps : 260575, Gen Loss Total : 29.497, Mel-Spec. Error : 0.327, s/b : 0.214
Steps : 260580, Gen Loss Total : 27.912, Mel-Spec. Error : 0.319, s/b : 0.217
Steps : 260585, Gen Loss Total : 27.854, Mel-Spec. Error : 0.302, s/b : 0.214
Steps : 260590, Gen Loss Total : 29.328, Mel-Spec. Error : 0.320, s/b : 0.212
Steps : 260595, Gen Loss Total : 29.135, Mel-Spec. Error : 0.329, s/b : 0.216
Steps : 260600, Gen Loss Total : 28.539, Mel-Spec. Error : 0.331, s/b : 0.218
Steps : 260605, Gen Loss Total : 28.584, Mel-Spec. Error : 0.322, s/b : 0.211
Steps : 260610, Gen Loss Total : 29.657, Mel-Spec. Error : 0.324, s/b : 0.212
Steps : 260615, Gen Loss Total : 26.001, Mel-Spec. Error : 0.307, s/b : 0.212
Steps : 260620, Gen Loss Total : 27.942, Mel-Spec. Error : 0.306, s/b : 0.213
Steps : 260625, Gen Loss Total : 29.186, Mel-Spec. Error : 0.322, s/b : 0.213
Steps : 260630, Gen Loss Total : 30.693, Mel-Spec. Error : 0.310, s/b : 0.211
Steps : 260635, Gen Loss Total : 29.408, Mel-Spec. Error : 0.313, s/b : 0.212
Steps : 260640, Gen Loss Total : 30.433, Mel-Spec. Error : 0.317, s/b : 0.214
Steps : 260645, Gen Loss Total : 32.852, Mel-Spec. Error : 0.343, s/b : 0.213
Steps : 260650, Gen Loss Total : 31.404, Mel-Spec. Error : 0.344, s/b : 0.210
Steps : 260655, Gen Loss Total : 31.330, Mel-Spec. Error : 0.351, s/b : 0.212
Steps : 260660, Gen Loss Total : 28.939, Mel-Spec. Error : 0.315, s/b : 0.216
Steps : 260665, Gen Loss Total : 30.611, Mel-Spec. Error : 0.311, s/b : 0.209
Steps : 260670, Gen Loss Total : 28.651, Mel-Spec. Error : 0.302, s/b : 0.209
Steps : 260675, Gen Loss Total : 28.283, Mel-Spec. Error : 0.296, s/b : 0.211
Steps : 260680, Gen Loss Total : 28.920, Mel-Spec. Error : 0.300, s/b : 0.212
Steps : 260685, Gen Loss Total : 28.201, Mel-Spec. Error : 0.327, s/b : 0.210
Steps : 260690, Gen Loss Total : 30.605, Mel-Spec. Error : 0.314, s/b : 0.211
Steps : 260695, Gen Loss Total : 27.321, Mel-Spec. Error : 0.313, s/b : 0.211
Steps : 260700, Gen Loss Total : 30.797, Mel-Spec. Error : 0.329, s/b : 0.214
Steps : 260705, Gen Loss Total : 27.619, Mel-Spec. Error : 0.298, s/b : 0.213
Steps : 260710, Gen Loss Total : 28.239, Mel-Spec. Error : 0.309, s/b : 0.213
Steps : 260715, Gen Loss Total : 31.272, Mel-Spec. Error : 0.319, s/b : 0.211
Steps : 260720, Gen Loss Total : 30.636, Mel-Spec. Error : 0.317, s/b : 0.213
Steps : 260725, Gen Loss Total : 28.022, Mel-Spec. Error : 0.307, s/b : 0.220
Steps : 260730, Gen Loss Total : 29.542, Mel-Spec. Error : 0.313, s/b : 0.211
Steps : 260735, Gen Loss Total : 31.252, Mel-Spec. Error : 0.325, s/b : 0.209
Steps : 260740, Gen Loss Total : 31.268, Mel-Spec. Error : 0.319, s/b : 0.212
Steps : 260745, Gen Loss Total : 29.130, Mel-Spec. Error : 0.322, s/b : 0.213
Steps : 260750, Gen Loss Total : 30.276, Mel-Spec. Error : 0.317, s/b : 0.211
Steps : 260755, Gen Loss Total : 29.173, Mel-Spec. Error : 0.310, s/b : 0.211
Steps : 260760, Gen Loss Total : 30.739, Mel-Spec. Error : 0.312, s/b : 0.214
Steps : 260765, Gen Loss Total : 30.102, Mel-Spec. Error : 0.309, s/b : 0.212
Steps : 260770, Gen Loss Total : 32.382, Mel-Spec. Error : 0.308, s/b : 0.209
Steps : 260775, Gen Loss Total : 30.919, Mel-Spec. Error : 0.321, s/b : 0.211
Steps : 260780, Gen Loss Total : 32.706, Mel-Spec. Error : 0.313, s/b : 0.215
Steps : 260785, Gen Loss Total : 28.437, Mel-Spec. Error : 0.310, s/b : 0.206
Steps : 260790, Gen Loss Total : 30.999, Mel-Spec. Error : 0.334, s/b : 0.209
Steps : 260795, Gen Loss Total : 28.815, Mel-Spec. Error : 0.317, s/b : 0.207
Steps : 260800, Gen Loss Total : 28.213, Mel-Spec. Error : 0.321, s/b : 0.210
Steps : 260805, Gen Loss Total : 30.940, Mel-Spec. Error : 0.323, s/b : 0.212
Steps : 260810, Gen Loss Total : 31.221, Mel-Spec. Error : 0.311, s/b : 0.210
Steps : 260815, Gen Loss Total : 30.208, Mel-Spec. Error : 0.302, s/b : 0.209
Steps : 260820, Gen Loss Total : 28.413, Mel-Spec. Error : 0.319, s/b : 0.210
Steps : 260825, Gen Loss Total : 29.537, Mel-Spec. Error : 0.319, s/b : 0.208
Steps : 260830, Gen Loss Total : 29.595, Mel-Spec. Error : 0.311, s/b : 0.213
Steps : 260835, Gen Loss Total : 30.972, Mel-Spec. Error : 0.335, s/b : 0.209
Steps : 260840, Gen Loss Total : 29.116, Mel-Spec. Error : 0.304, s/b : 0.215
Steps : 260845, Gen Loss Total : 27.454, Mel-Spec. Error : 0.296, s/b : 0.210
Steps : 260850, Gen Loss Total : 31.194, Mel-Spec. Error : 0.317, s/b : 0.209
Steps : 260855, Gen Loss Total : 31.932, Mel-Spec. Error : 0.330, s/b : 0.208
Steps : 260860, Gen Loss Total : 29.453, Mel-Spec. Error : 0.333, s/b : 0.213
Steps : 260865, Gen Loss Total : 30.427, Mel-Spec. Error : 0.368, s/b : 0.207
Steps : 260870, Gen Loss Total : 31.691, Mel-Spec. Error : 0.345, s/b : 0.211
Steps : 260875, Gen Loss Total : 33.455, Mel-Spec. Error : 0.325, s/b : 0.214
Steps : 260880, Gen Loss Total : 29.233, Mel-Spec. Error : 0.306, s/b : 0.212
Steps : 260885, Gen Loss Total : 29.592, Mel-Spec. Error : 0.314, s/b : 0.207
Steps : 260890, Gen Loss Total : 26.928, Mel-Spec. Error : 0.303, s/b : 0.212
Steps : 260895, Gen Loss Total : 31.687, Mel-Spec. Error : 0.312, s/b : 0.208
Steps : 260900, Gen Loss Total : 30.732, Mel-Spec. Error : 0.327, s/b : 0.208
Steps : 260905, Gen Loss Total : 32.635, Mel-Spec. Error : 0.318, s/b : 0.208
Steps : 260910, Gen Loss Total : 30.568, Mel-Spec. Error : 0.299, s/b : 0.213
Steps : 260915, Gen Loss Total : 31.972, Mel-Spec. Error : 0.308, s/b : 0.211
Steps : 260920, Gen Loss Total : 33.936, Mel-Spec. Error : 0.316, s/b : 0.215
Steps : 260925, Gen Loss Total : 36.090, Mel-Spec. Error : 0.310, s/b : 0.213
Steps : 260930, Gen Loss Total : 35.987, Mel-Spec. Error : 0.342, s/b : 0.207
Steps : 260935, Gen Loss Total : 33.651, Mel-Spec. Error : 0.335, s/b : 0.207
Steps : 260940, Gen Loss Total : 33.115, Mel-Spec. Error : 0.330, s/b : 0.209
Steps : 260945, Gen Loss Total : 31.834, Mel-Spec. Error : 0.330, s/b : 0.208
Steps : 260950, Gen Loss Total : 30.543, Mel-Spec. Error : 0.320, s/b : 0.210
Steps : 260955, Gen Loss Total : 28.964, Mel-Spec. Error : 0.320, s/b : 0.208
Steps : 260960, Gen Loss Total : 30.436, Mel-Spec. Error : 0.310, s/b : 0.209
Steps : 260965, Gen Loss Total : 27.670, Mel-Spec. Error : 0.315, s/b : 0.211
Steps : 260970, Gen Loss Total : 30.240, Mel-Spec. Error : 0.311, s/b : 0.207
Steps : 260975, Gen Loss Total : 26.935, Mel-Spec. Error : 0.294, s/b : 0.211
Steps : 260980, Gen Loss Total : 29.919, Mel-Spec. Error : 0.315, s/b : 0.216
Steps : 260985, Gen Loss Total : 30.563, Mel-Spec. Error : 0.312, s/b : 0.211
Steps : 260990, Gen Loss Total : 27.602, Mel-Spec. Error : 0.295, s/b : 0.206
Steps : 260995, Gen Loss Total : 30.368, Mel-Spec. Error : 0.323, s/b : 0.209
Steps : 261000, Gen Loss Total : 29.571, Mel-Spec. Error : 0.318, s/b : 0.210
Steps : 261005, Gen Loss Total : 28.559, Mel-Spec. Error : 0.304, s/b : 0.209
Steps : 261010, Gen Loss Total : 29.396, Mel-Spec. Error : 0.318, s/b : 0.207
Steps : 261015, Gen Loss Total : 30.585, Mel-Spec. Error : 0.336, s/b : 0.210
Steps : 261020, Gen Loss Total : 29.647, Mel-Spec. Error : 0.311, s/b : 0.213
Steps : 261025, Gen Loss Total : 28.046, Mel-Spec. Error : 0.331, s/b : 0.211
Steps : 261030, Gen Loss Total : 30.194, Mel-Spec. Error : 0.344, s/b : 0.209
Steps : 261035, Gen Loss Total : 31.743, Mel-Spec. Error : 0.333, s/b : 0.208
Steps : 261040, Gen Loss Total : 31.094, Mel-Spec. Error : 0.328, s/b : 0.206
Steps : 261045, Gen Loss Total : 31.497, Mel-Spec. Error : 0.349, s/b : 0.208
Time taken for epoch 146 is 667 sec

Epoch: 147
Steps : 261050, Gen Loss Total : 28.970, Mel-Spec. Error : 0.325, s/b : 0.210
Steps : 261055, Gen Loss Total : 31.602, Mel-Spec. Error : 0.331, s/b : 0.209
Steps : 261060, Gen Loss Total : 30.267, Mel-Spec. Error : 0.314, s/b : 0.213
Steps : 261065, Gen Loss Total : 29.566, Mel-Spec. Error : 0.312, s/b : 0.217
Steps : 261070, Gen Loss Total : 28.944, Mel-Spec. Error : 0.309, s/b : 0.212
Steps : 261075, Gen Loss Total : 29.956, Mel-Spec. Error : 0.302, s/b : 0.209
Steps : 261080, Gen Loss Total : 29.232, Mel-Spec. Error : 0.316, s/b : 0.212
Steps : 261085, Gen Loss Total : 27.211, Mel-Spec. Error : 0.306, s/b : 0.206
Steps : 261090, Gen Loss Total : 29.336, Mel-Spec. Error : 0.310, s/b : 0.212
Steps : 261095, Gen Loss Total : 27.257, Mel-Spec. Error : 0.302, s/b : 0.207
Steps : 261100, Gen Loss Total : 29.461, Mel-Spec. Error : 0.311, s/b : 0.213
Steps : 261105, Gen Loss Total : 32.594, Mel-Spec. Error : 0.325, s/b : 0.210
Steps : 261110, Gen Loss Total : 30.904, Mel-Spec. Error : 0.313, s/b : 0.207
Steps : 261115, Gen Loss Total : 31.836, Mel-Spec. Error : 0.312, s/b : 0.213
Steps : 261120, Gen Loss Total : 29.552, Mel-Spec. Error : 0.305, s/b : 0.217
Steps : 261125, Gen Loss Total : 29.763, Mel-Spec. Error : 0.314, s/b : 0.209
Steps : 261130, Gen Loss Total : 34.673, Mel-Spec. Error : 0.354, s/b : 0.208
Steps : 261135, Gen Loss Total : 32.391, Mel-Spec. Error : 0.319, s/b : 0.210
Steps : 261140, Gen Loss Total : 30.375, Mel-Spec. Error : 0.303, s/b : 0.216
Steps : 261145, Gen Loss Total : 32.187, Mel-Spec. Error : 0.320, s/b : 0.208
Steps : 261150, Gen Loss Total : 29.988, Mel-Spec. Error : 0.325, s/b : 0.206
Steps : 261155, Gen Loss Total : 29.471, Mel-Spec. Error : 0.316, s/b : 0.206
Steps : 261160, Gen Loss Total : 27.283, Mel-Spec. Error : 0.300, s/b : 0.213
Steps : 261165, Gen Loss Total : 27.623, Mel-Spec. Error : 0.296, s/b : 0.209
Steps : 261170, Gen Loss Total : 28.112, Mel-Spec. Error : 0.308, s/b : 0.208
Steps : 261175, Gen Loss Total : 27.552, Mel-Spec. Error : 0.304, s/b : 0.207
Steps : 261180, Gen Loss Total : 29.866, Mel-Spec. Error : 0.299, s/b : 0.214
Steps : 261185, Gen Loss Total : 32.585, Mel-Spec. Error : 0.317, s/b : 0.210
Steps : 261190, Gen Loss Total : 29.231, Mel-Spec. Error : 0.320, s/b : 0.207
Steps : 261195, Gen Loss Total : 27.977, Mel-Spec. Error : 0.307, s/b : 0.208
Steps : 261200, Gen Loss Total : 29.490, Mel-Spec. Error : 0.319, s/b : 0.214
Steps : 261205, Gen Loss Total : 26.247, Mel-Spec. Error : 0.309, s/b : 0.209
Steps : 261210, Gen Loss Total : 31.907, Mel-Spec. Error : 0.322, s/b : 0.206
Steps : 261215, Gen Loss Total : 31.715, Mel-Spec. Error : 0.318, s/b : 0.212
Steps : 261220, Gen Loss Total : 29.864, Mel-Spec. Error : 0.310, s/b : 0.210
Steps : 261225, Gen Loss Total : 30.410, Mel-Spec. Error : 0.320, s/b : 0.209
Steps : 261230, Gen Loss Total : 31.847, Mel-Spec. Error : 0.312, s/b : 0.209
Steps : 261235, Gen Loss Total : 31.068, Mel-Spec. Error : 0.298, s/b : 0.207
Steps : 261240, Gen Loss Total : 31.084, Mel-Spec. Error : 0.315, s/b : 0.215
Steps : 261245, Gen Loss Total : 31.388, Mel-Spec. Error : 0.330, s/b : 0.213
Steps : 261250, Gen Loss Total : 32.908, Mel-Spec. Error : 0.329, s/b : 0.208
Steps : 261255, Gen Loss Total : 26.851, Mel-Spec. Error : 0.318, s/b : 0.210
Steps : 261260, Gen Loss Total : 31.800, Mel-Spec. Error : 0.358, s/b : 0.214
Steps : 261265, Gen Loss Total : 28.238, Mel-Spec. Error : 0.329, s/b : 0.215
Steps : 261270, Gen Loss Total : 28.802, Mel-Spec. Error : 0.321, s/b : 0.207
Steps : 261275, Gen Loss Total : 30.009, Mel-Spec. Error : 0.321, s/b : 0.210
Steps : 261280, Gen Loss Total : 32.288, Mel-Spec. Error : 0.316, s/b : 0.215
Steps : 261285, Gen Loss Total : 30.578, Mel-Spec. Error : 0.317, s/b : 0.208
Steps : 261290, Gen Loss Total : 29.190, Mel-Spec. Error : 0.314, s/b : 0.207
Steps : 261295, Gen Loss Total : 31.730, Mel-Spec. Error : 0.322, s/b : 0.211
Steps : 261300, Gen Loss Total : 28.395, Mel-Spec. Error : 0.323, s/b : 0.215
Steps : 261305, Gen Loss Total : 29.615, Mel-Spec. Error : 0.315, s/b : 0.211
Steps : 261310, Gen Loss Total : 28.743, Mel-Spec. Error : 0.336, s/b : 0.209
Steps : 261315, Gen Loss Total : 31.201, Mel-Spec. Error : 0.324, s/b : 0.208
Steps : 261320, Gen Loss Total : 31.299, Mel-Spec. Error : 0.312, s/b : 0.213
Steps : 261325, Gen Loss Total : 29.212, Mel-Spec. Error : 0.326, s/b : 0.210
Steps : 261330, Gen Loss Total : 30.923, Mel-Spec. Error : 0.322, s/b : 0.210
Steps : 261335, Gen Loss Total : 29.644, Mel-Spec. Error : 0.332, s/b : 0.211
Steps : 261340, Gen Loss Total : 32.907, Mel-Spec. Error : 0.332, s/b : 0.212
Steps : 261345, Gen Loss Total : 29.860, Mel-Spec. Error : 0.328, s/b : 0.210
Steps : 261350, Gen Loss Total : 31.587, Mel-Spec. Error : 0.334, s/b : 0.212
Steps : 261355, Gen Loss Total : 33.625, Mel-Spec. Error : 0.343, s/b : 0.207
Steps : 261360, Gen Loss Total : 29.262, Mel-Spec. Error : 0.323, s/b : 0.212
Steps : 261365, Gen Loss Total : 28.120, Mel-Spec. Error : 0.331, s/b : 0.208
Steps : 261370, Gen Loss Total : 30.993, Mel-Spec. Error : 0.323, s/b : 0.209
Steps : 261375, Gen Loss Total : 30.542, Mel-Spec. Error : 0.318, s/b : 0.212
Steps : 261380, Gen Loss Total : 25.968, Mel-Spec. Error : 0.290, s/b : 0.214
Steps : 261385, Gen Loss Total : 26.897, Mel-Spec. Error : 0.310, s/b : 0.211
Steps : 261390, Gen Loss Total : 29.681, Mel-Spec. Error : 0.303, s/b : 0.210
Steps : 261395, Gen Loss Total : 29.843, Mel-Spec. Error : 0.310, s/b : 0.210
Steps : 261400, Gen Loss Total : 30.107, Mel-Spec. Error : 0.312, s/b : 0.217
Steps : 261405, Gen Loss Total : 28.971, Mel-Spec. Error : 0.311, s/b : 0.209
Steps : 261410, Gen Loss Total : 31.080, Mel-Spec. Error : 0.314, s/b : 0.210
Steps : 261415, Gen Loss Total : 31.444, Mel-Spec. Error : 0.308, s/b : 0.212
Steps : 261420, Gen Loss Total : 30.749, Mel-Spec. Error : 0.330, s/b : 0.211
Steps : 261425, Gen Loss Total : 28.329, Mel-Spec. Error : 0.320, s/b : 0.212
Steps : 261430, Gen Loss Total : 31.661, Mel-Spec. Error : 0.313, s/b : 0.210
Steps : 261435, Gen Loss Total : 31.528, Mel-Spec. Error : 0.325, s/b : 0.206
Steps : 261440, Gen Loss Total : 29.926, Mel-Spec. Error : 0.317, s/b : 0.217
Steps : 261445, Gen Loss Total : 30.713, Mel-Spec. Error : 0.329, s/b : 0.213
Steps : 261450, Gen Loss Total : 29.541, Mel-Spec. Error : 0.318, s/b : 0.213
Steps : 261455, Gen Loss Total : 29.399, Mel-Spec. Error : 0.308, s/b : 0.211
Steps : 261460, Gen Loss Total : 30.227, Mel-Spec. Error : 0.316, s/b : 0.212
Steps : 261465, Gen Loss Total : 29.099, Mel-Spec. Error : 0.314, s/b : 0.209
Steps : 261470, Gen Loss Total : 29.593, Mel-Spec. Error : 0.305, s/b : 0.211
Steps : 261475, Gen Loss Total : 29.973, Mel-Spec. Error : 0.304, s/b : 0.213
Steps : 261480, Gen Loss Total : 29.078, Mel-Spec. Error : 0.307, s/b : 0.212
Steps : 261485, Gen Loss Total : 27.162, Mel-Spec. Error : 0.311, s/b : 0.209
Steps : 261490, Gen Loss Total : 27.699, Mel-Spec. Error : 0.311, s/b : 0.216
Steps : 261495, Gen Loss Total : 27.784, Mel-Spec. Error : 0.306, s/b : 0.212
Steps : 261500, Gen Loss Total : 27.750, Mel-Spec. Error : 0.301, s/b : 0.210
Steps : 261505, Gen Loss Total : 30.658, Mel-Spec. Error : 0.306, s/b : 0.208
Steps : 261510, Gen Loss Total : 29.995, Mel-Spec. Error : 0.316, s/b : 0.212
Steps : 261515, Gen Loss Total : 29.601, Mel-Spec. Error : 0.323, s/b : 0.214
Steps : 261520, Gen Loss Total : 30.359, Mel-Spec. Error : 0.311, s/b : 0.210
Steps : 261525, Gen Loss Total : 30.080, Mel-Spec. Error : 0.305, s/b : 0.210
Steps : 261530, Gen Loss Total : 31.251, Mel-Spec. Error : 0.314, s/b : 0.213
Steps : 261535, Gen Loss Total : 29.218, Mel-Spec. Error : 0.317, s/b : 0.213
Steps : 261540, Gen Loss Total : 32.496, Mel-Spec. Error : 0.326, s/b : 0.211
Steps : 261545, Gen Loss Total : 30.501, Mel-Spec. Error : 0.314, s/b : 0.212
Steps : 261550, Gen Loss Total : 29.175, Mel-Spec. Error : 0.314, s/b : 0.209
Steps : 261555, Gen Loss Total : 32.293, Mel-Spec. Error : 0.318, s/b : 0.213
Steps : 261560, Gen Loss Total : 28.854, Mel-Spec. Error : 0.313, s/b : 0.211
Steps : 261565, Gen Loss Total : 29.796, Mel-Spec. Error : 0.307, s/b : 0.210
Steps : 261570, Gen Loss Total : 31.137, Mel-Spec. Error : 0.316, s/b : 0.214
Steps : 261575, Gen Loss Total : 33.575, Mel-Spec. Error : 0.327, s/b : 0.210
Steps : 261580, Gen Loss Total : 32.807, Mel-Spec. Error : 0.360, s/b : 0.210
Steps : 261585, Gen Loss Total : 31.536, Mel-Spec. Error : 0.329, s/b : 0.209
Steps : 261590, Gen Loss Total : 32.467, Mel-Spec. Error : 0.324, s/b : 0.210
Steps : 261595, Gen Loss Total : 30.673, Mel-Spec. Error : 0.304, s/b : 0.211
Steps : 261600, Gen Loss Total : 32.812, Mel-Spec. Error : 0.336, s/b : 0.211
Steps : 261605, Gen Loss Total : 31.355, Mel-Spec. Error : 0.339, s/b : 0.210
Steps : 261610, Gen Loss Total : 33.187, Mel-Spec. Error : 0.337, s/b : 0.215
Steps : 261615, Gen Loss Total : 29.870, Mel-Spec. Error : 0.315, s/b : 0.212
Steps : 261620, Gen Loss Total : 28.453, Mel-Spec. Error : 0.324, s/b : 0.213
Steps : 261625, Gen Loss Total : 31.897, Mel-Spec. Error : 0.339, s/b : 0.213
Steps : 261630, Gen Loss Total : 31.765, Mel-Spec. Error : 0.323, s/b : 0.214
Steps : 261635, Gen Loss Total : 32.820, Mel-Spec. Error : 0.325, s/b : 0.209
Steps : 261640, Gen Loss Total : 30.643, Mel-Spec. Error : 0.335, s/b : 0.213
Steps : 261645, Gen Loss Total : 30.322, Mel-Spec. Error : 0.316, s/b : 0.212
Steps : 261650, Gen Loss Total : 30.940, Mel-Spec. Error : 0.320, s/b : 0.209
Steps : 261655, Gen Loss Total : 28.285, Mel-Spec. Error : 0.331, s/b : 0.212
Steps : 261660, Gen Loss Total : 29.105, Mel-Spec. Error : 0.332, s/b : 0.213
Steps : 261665, Gen Loss Total : 30.434, Mel-Spec. Error : 0.325, s/b : 0.213
Steps : 261670, Gen Loss Total : 29.180, Mel-Spec. Error : 0.332, s/b : 0.211
Steps : 261675, Gen Loss Total : 28.418, Mel-Spec. Error : 0.321, s/b : 0.212
Steps : 261680, Gen Loss Total : 31.117, Mel-Spec. Error : 0.326, s/b : 0.212
Steps : 261685, Gen Loss Total : 30.321, Mel-Spec. Error : 0.319, s/b : 0.207
Steps : 261690, Gen Loss Total : 32.637, Mel-Spec. Error : 0.318, s/b : 0.211
Steps : 261695, Gen Loss Total : 30.853, Mel-Spec. Error : 0.321, s/b : 0.213
Steps : 261700, Gen Loss Total : 31.616, Mel-Spec. Error : 0.318, s/b : 0.211
Steps : 261705, Gen Loss Total : 30.804, Mel-Spec. Error : 0.320, s/b : 0.211
Steps : 261710, Gen Loss Total : 29.696, Mel-Spec. Error : 0.321, s/b : 0.212
Steps : 261715, Gen Loss Total : 30.060, Mel-Spec. Error : 0.327, s/b : 0.216
Steps : 261720, Gen Loss Total : 29.427, Mel-Spec. Error : 0.319, s/b : 0.212
Steps : 261725, Gen Loss Total : 27.933, Mel-Spec. Error : 0.303, s/b : 0.210
Steps : 261730, Gen Loss Total : 31.393, Mel-Spec. Error : 0.314, s/b : 0.213
Steps : 261735, Gen Loss Total : 29.800, Mel-Spec. Error : 0.320, s/b : 0.211
Steps : 261740, Gen Loss Total : 31.334, Mel-Spec. Error : 0.304, s/b : 0.213
Steps : 261745, Gen Loss Total : 30.792, Mel-Spec. Error : 0.308, s/b : 0.216
Steps : 261750, Gen Loss Total : 30.579, Mel-Spec. Error : 0.321, s/b : 0.210
Steps : 261755, Gen Loss Total : 25.982, Mel-Spec. Error : 0.312, s/b : 0.212
Steps : 261760, Gen Loss Total : 31.201, Mel-Spec. Error : 0.322, s/b : 0.213
Steps : 261765, Gen Loss Total : 30.259, Mel-Spec. Error : 0.333, s/b : 0.208
Steps : 261770, Gen Loss Total : 32.524, Mel-Spec. Error : 0.315, s/b : 0.215
Steps : 261775, Gen Loss Total : 31.019, Mel-Spec. Error : 0.331, s/b : 0.211
Steps : 261780, Gen Loss Total : 29.252, Mel-Spec. Error : 0.325, s/b : 0.213
Steps : 261785, Gen Loss Total : 32.551, Mel-Spec. Error : 0.316, s/b : 0.211
Steps : 261790, Gen Loss Total : 29.401, Mel-Spec. Error : 0.344, s/b : 0.211
Steps : 261795, Gen Loss Total : 30.635, Mel-Spec. Error : 0.318, s/b : 0.213
Steps : 261800, Gen Loss Total : 32.213, Mel-Spec. Error : 0.322, s/b : 0.213
Steps : 261805, Gen Loss Total : 29.385, Mel-Spec. Error : 0.323, s/b : 0.211
Steps : 261810, Gen Loss Total : 29.759, Mel-Spec. Error : 0.311, s/b : 0.213
Steps : 261815, Gen Loss Total : 28.854, Mel-Spec. Error : 0.314, s/b : 0.216
Steps : 261820, Gen Loss Total : 29.506, Mel-Spec. Error : 0.321, s/b : 0.214
Steps : 261825, Gen Loss Total : 27.654, Mel-Spec. Error : 0.303, s/b : 0.211
Steps : 261830, Gen Loss Total : 27.285, Mel-Spec. Error : 0.308, s/b : 0.211
Steps : 261835, Gen Loss Total : 29.439, Mel-Spec. Error : 0.310, s/b : 0.212
Steps : 261840, Gen Loss Total : 29.912, Mel-Spec. Error : 0.318, s/b : 0.214
Steps : 261845, Gen Loss Total : 29.965, Mel-Spec. Error : 0.306, s/b : 0.212
Steps : 261850, Gen Loss Total : 31.926, Mel-Spec. Error : 0.322, s/b : 0.210
Steps : 261855, Gen Loss Total : 34.375, Mel-Spec. Error : 0.322, s/b : 0.213
Steps : 261860, Gen Loss Total : 30.032, Mel-Spec. Error : 0.320, s/b : 0.211
Steps : 261865, Gen Loss Total : 31.334, Mel-Spec. Error : 0.319, s/b : 0.213
Steps : 261870, Gen Loss Total : 35.300, Mel-Spec. Error : 0.312, s/b : 0.215
Steps : 261875, Gen Loss Total : 35.575, Mel-Spec. Error : 0.320, s/b : 0.212
Steps : 261880, Gen Loss Total : 32.903, Mel-Spec. Error : 0.336, s/b : 0.213
Steps : 261885, Gen Loss Total : 37.638, Mel-Spec. Error : 0.318, s/b : 0.215
Steps : 261890, Gen Loss Total : 33.212, Mel-Spec. Error : 0.312, s/b : 0.214
Steps : 261895, Gen Loss Total : 34.916, Mel-Spec. Error : 0.326, s/b : 0.213
Steps : 261900, Gen Loss Total : 34.874, Mel-Spec. Error : 0.361, s/b : 0.216
Steps : 261905, Gen Loss Total : 30.736, Mel-Spec. Error : 0.320, s/b : 0.207
Steps : 261910, Gen Loss Total : 31.329, Mel-Spec. Error : 0.331, s/b : 0.212
Steps : 261915, Gen Loss Total : 29.837, Mel-Spec. Error : 0.308, s/b : 0.214
Steps : 261920, Gen Loss Total : 29.129, Mel-Spec. Error : 0.316, s/b : 0.213
Steps : 261925, Gen Loss Total : 28.771, Mel-Spec. Error : 0.311, s/b : 0.209
Steps : 261930, Gen Loss Total : 27.344, Mel-Spec. Error : 0.307, s/b : 0.207
Steps : 261935, Gen Loss Total : 31.611, Mel-Spec. Error : 0.325, s/b : 0.213
Steps : 261940, Gen Loss Total : 29.358, Mel-Spec. Error : 0.315, s/b : 0.211
Steps : 261945, Gen Loss Total : 28.541, Mel-Spec. Error : 0.306, s/b : 0.213
Steps : 261950, Gen Loss Total : 29.985, Mel-Spec. Error : 0.310, s/b : 0.213
Steps : 261955, Gen Loss Total : 30.598, Mel-Spec. Error : 0.311, s/b : 0.211
Steps : 261960, Gen Loss Total : 31.853, Mel-Spec. Error : 0.329, s/b : 0.215
Steps : 261965, Gen Loss Total : 30.304, Mel-Spec. Error : 0.329, s/b : 0.209
Steps : 261970, Gen Loss Total : 31.060, Mel-Spec. Error : 0.325, s/b : 0.212
Steps : 261975, Gen Loss Total : 31.628, Mel-Spec. Error : 0.318, s/b : 0.213
Steps : 261980, Gen Loss Total : 28.724, Mel-Spec. Error : 0.330, s/b : 0.210
Steps : 261985, Gen Loss Total : 35.721, Mel-Spec. Error : 0.364, s/b : 0.208
Steps : 261990, Gen Loss Total : 27.243, Mel-Spec. Error : 0.319, s/b : 0.209
Steps : 261995, Gen Loss Total : 30.827, Mel-Spec. Error : 0.326, s/b : 0.207
Steps : 262000, Gen Loss Total : 30.617, Mel-Spec. Error : 0.316, s/b : 0.211
Steps : 262005, Gen Loss Total : 30.678, Mel-Spec. Error : 0.319, s/b : 0.211
Steps : 262010, Gen Loss Total : 28.226, Mel-Spec. Error : 0.314, s/b : 0.207
Steps : 262015, Gen Loss Total : 33.391, Mel-Spec. Error : 0.336, s/b : 0.211
Steps : 262020, Gen Loss Total : 30.051, Mel-Spec. Error : 0.319, s/b : 0.218
Steps : 262025, Gen Loss Total : 28.453, Mel-Spec. Error : 0.308, s/b : 0.214
Steps : 262030, Gen Loss Total : 29.283, Mel-Spec. Error : 0.305, s/b : 0.215
Steps : 262035, Gen Loss Total : 29.281, Mel-Spec. Error : 0.323, s/b : 0.214
Steps : 262040, Gen Loss Total : 28.999, Mel-Spec. Error : 0.308, s/b : 0.216
Steps : 262045, Gen Loss Total : 28.657, Mel-Spec. Error : 0.316, s/b : 0.209
Steps : 262050, Gen Loss Total : 29.107, Mel-Spec. Error : 0.315, s/b : 0.223
Steps : 262055, Gen Loss Total : 28.048, Mel-Spec. Error : 0.311, s/b : 0.212
Steps : 262060, Gen Loss Total : 32.573, Mel-Spec. Error : 0.371, s/b : 0.217
Steps : 262065, Gen Loss Total : 31.323, Mel-Spec. Error : 0.326, s/b : 0.211
Steps : 262070, Gen Loss Total : 28.937, Mel-Spec. Error : 0.321, s/b : 0.212
Steps : 262075, Gen Loss Total : 31.091, Mel-Spec. Error : 0.329, s/b : 0.209
Steps : 262080, Gen Loss Total : 29.459, Mel-Spec. Error : 0.331, s/b : 0.213
Steps : 262085, Gen Loss Total : 30.375, Mel-Spec. Error : 0.316, s/b : 0.210
Steps : 262090, Gen Loss Total : 31.751, Mel-Spec. Error : 0.310, s/b : 0.211
Steps : 262095, Gen Loss Total : 32.696, Mel-Spec. Error : 0.306, s/b : 0.212
Steps : 262100, Gen Loss Total : 35.030, Mel-Spec. Error : 0.319, s/b : 0.217
Steps : 262105, Gen Loss Total : 30.862, Mel-Spec. Error : 0.318, s/b : 0.215
Steps : 262110, Gen Loss Total : 30.077, Mel-Spec. Error : 0.299, s/b : 0.210
Steps : 262115, Gen Loss Total : 32.152, Mel-Spec. Error : 0.306, s/b : 0.212
Steps : 262120, Gen Loss Total : 33.222, Mel-Spec. Error : 0.309, s/b : 0.216
Steps : 262125, Gen Loss Total : 33.486, Mel-Spec. Error : 0.313, s/b : 0.211
Steps : 262130, Gen Loss Total : 30.766, Mel-Spec. Error : 0.309, s/b : 0.213
Steps : 262135, Gen Loss Total : 32.183, Mel-Spec. Error : 0.334, s/b : 0.209
Steps : 262140, Gen Loss Total : 29.239, Mel-Spec. Error : 0.302, s/b : 0.216
Steps : 262145, Gen Loss Total : 31.591, Mel-Spec. Error : 0.323, s/b : 0.209
Steps : 262150, Gen Loss Total : 30.086, Mel-Spec. Error : 0.309, s/b : 0.212
Steps : 262155, Gen Loss Total : 30.714, Mel-Spec. Error : 0.316, s/b : 0.214
Steps : 262160, Gen Loss Total : 27.413, Mel-Spec. Error : 0.290, s/b : 0.213
Steps : 262165, Gen Loss Total : 27.460, Mel-Spec. Error : 0.307, s/b : 0.209
Steps : 262170, Gen Loss Total : 31.346, Mel-Spec. Error : 0.324, s/b : 0.208
Steps : 262175, Gen Loss Total : 28.618, Mel-Spec. Error : 0.305, s/b : 0.210
Steps : 262180, Gen Loss Total : 27.972, Mel-Spec. Error : 0.312, s/b : 0.215
Steps : 262185, Gen Loss Total : 31.914, Mel-Spec. Error : 0.335, s/b : 0.211
Steps : 262190, Gen Loss Total : 33.603, Mel-Spec. Error : 0.337, s/b : 0.209
Steps : 262195, Gen Loss Total : 30.296, Mel-Spec. Error : 0.319, s/b : 0.206
Steps : 262200, Gen Loss Total : 31.425, Mel-Spec. Error : 0.314, s/b : 0.213
Steps : 262205, Gen Loss Total : 29.863, Mel-Spec. Error : 0.318, s/b : 0.213
Steps : 262210, Gen Loss Total : 31.084, Mel-Spec. Error : 0.307, s/b : 0.209
Steps : 262215, Gen Loss Total : 31.299, Mel-Spec. Error : 0.318, s/b : 0.208
Steps : 262220, Gen Loss Total : 30.523, Mel-Spec. Error : 0.324, s/b : 0.216
Steps : 262225, Gen Loss Total : 32.633, Mel-Spec. Error : 0.343, s/b : 0.213
Steps : 262230, Gen Loss Total : 31.500, Mel-Spec. Error : 0.331, s/b : 0.211
Steps : 262235, Gen Loss Total : 29.919, Mel-Spec. Error : 0.328, s/b : 0.207
Steps : 262240, Gen Loss Total : 29.686, Mel-Spec. Error : 0.317, s/b : 0.215
Steps : 262245, Gen Loss Total : 30.518, Mel-Spec. Error : 0.315, s/b : 0.209
Steps : 262250, Gen Loss Total : 28.591, Mel-Spec. Error : 0.315, s/b : 0.210
Steps : 262255, Gen Loss Total : 31.852, Mel-Spec. Error : 0.333, s/b : 0.210
Steps : 262260, Gen Loss Total : 30.180, Mel-Spec. Error : 0.319, s/b : 0.215
Steps : 262265, Gen Loss Total : 27.857, Mel-Spec. Error : 0.301, s/b : 0.214
Steps : 262270, Gen Loss Total : 30.531, Mel-Spec. Error : 0.311, s/b : 0.212
Steps : 262275, Gen Loss Total : 28.236, Mel-Spec. Error : 0.298, s/b : 0.214
Steps : 262280, Gen Loss Total : 30.965, Mel-Spec. Error : 0.306, s/b : 0.212
Steps : 262285, Gen Loss Total : 29.473, Mel-Spec. Error : 0.309, s/b : 0.213
Steps : 262290, Gen Loss Total : 29.394, Mel-Spec. Error : 0.325, s/b : 0.207
Steps : 262295, Gen Loss Total : 29.948, Mel-Spec. Error : 0.306, s/b : 0.210
Steps : 262300, Gen Loss Total : 28.757, Mel-Spec. Error : 0.315, s/b : 0.217
Steps : 262305, Gen Loss Total : 29.046, Mel-Spec. Error : 0.299, s/b : 0.209
Steps : 262310, Gen Loss Total : 30.024, Mel-Spec. Error : 0.311, s/b : 0.209
Steps : 262315, Gen Loss Total : 32.571, Mel-Spec. Error : 0.320, s/b : 0.213
Steps : 262320, Gen Loss Total : 27.615, Mel-Spec. Error : 0.301, s/b : 0.215
Steps : 262325, Gen Loss Total : 29.676, Mel-Spec. Error : 0.320, s/b : 0.210
Steps : 262330, Gen Loss Total : 28.555, Mel-Spec. Error : 0.307, s/b : 0.207
Steps : 262335, Gen Loss Total : 28.007, Mel-Spec. Error : 0.312, s/b : 0.210
Steps : 262340, Gen Loss Total : 30.595, Mel-Spec. Error : 0.315, s/b : 0.217
Steps : 262345, Gen Loss Total : 29.210, Mel-Spec. Error : 0.309, s/b : 0.212
Steps : 262350, Gen Loss Total : 31.029, Mel-Spec. Error : 0.304, s/b : 0.206
Steps : 262355, Gen Loss Total : 30.641, Mel-Spec. Error : 0.325, s/b : 0.207
Steps : 262360, Gen Loss Total : 28.774, Mel-Spec. Error : 0.316, s/b : 0.213
Steps : 262365, Gen Loss Total : 30.616, Mel-Spec. Error : 0.298, s/b : 0.209
Steps : 262370, Gen Loss Total : 29.458, Mel-Spec. Error : 0.308, s/b : 0.216
Steps : 262375, Gen Loss Total : 28.145, Mel-Spec. Error : 0.312, s/b : 0.208
Steps : 262380, Gen Loss Total : 28.260, Mel-Spec. Error : 0.297, s/b : 0.218
Steps : 262385, Gen Loss Total : 31.956, Mel-Spec. Error : 0.317, s/b : 0.212
Steps : 262390, Gen Loss Total : 29.391, Mel-Spec. Error : 0.307, s/b : 0.209
Steps : 262395, Gen Loss Total : 29.609, Mel-Spec. Error : 0.296, s/b : 0.212
Steps : 262400, Gen Loss Total : 30.211, Mel-Spec. Error : 0.328, s/b : 0.213
Steps : 262405, Gen Loss Total : 30.933, Mel-Spec. Error : 0.337, s/b : 0.213
Steps : 262410, Gen Loss Total : 32.113, Mel-Spec. Error : 0.334, s/b : 0.214
Steps : 262415, Gen Loss Total : 29.772, Mel-Spec. Error : 0.342, s/b : 0.214
Steps : 262420, Gen Loss Total : 29.818, Mel-Spec. Error : 0.309, s/b : 0.210
Steps : 262425, Gen Loss Total : 28.504, Mel-Spec. Error : 0.326, s/b : 0.217
Steps : 262430, Gen Loss Total : 28.332, Mel-Spec. Error : 0.326, s/b : 0.212
Steps : 262435, Gen Loss Total : 30.658, Mel-Spec. Error : 0.328, s/b : 0.210
Steps : 262440, Gen Loss Total : 27.629, Mel-Spec. Error : 0.313, s/b : 0.209
Steps : 262445, Gen Loss Total : 32.203, Mel-Spec. Error : 0.317, s/b : 0.214
Steps : 262450, Gen Loss Total : 31.547, Mel-Spec. Error : 0.307, s/b : 0.212
Steps : 262455, Gen Loss Total : 36.059, Mel-Spec. Error : 0.361, s/b : 0.212
Steps : 262460, Gen Loss Total : 27.928, Mel-Spec. Error : 0.307, s/b : 0.213
Steps : 262465, Gen Loss Total : 28.756, Mel-Spec. Error : 0.330, s/b : 0.213
Steps : 262470, Gen Loss Total : 32.223, Mel-Spec. Error : 0.330, s/b : 0.216
Steps : 262475, Gen Loss Total : 28.736, Mel-Spec. Error : 0.312, s/b : 0.214
Steps : 262480, Gen Loss Total : 30.144, Mel-Spec. Error : 0.315, s/b : 0.210
Steps : 262485, Gen Loss Total : 27.445, Mel-Spec. Error : 0.328, s/b : 0.214
Steps : 262490, Gen Loss Total : 31.055, Mel-Spec. Error : 0.317, s/b : 0.211
Steps : 262495, Gen Loss Total : 28.225, Mel-Spec. Error : 0.306, s/b : 0.208
Steps : 262500, Gen Loss Total : 29.288, Mel-Spec. Error : 0.325, s/b : 0.207
Steps : 262505, Gen Loss Total : 30.414, Mel-Spec. Error : 0.321, s/b : 0.212
Steps : 262510, Gen Loss Total : 29.929, Mel-Spec. Error : 0.319, s/b : 0.210
Steps : 262515, Gen Loss Total : 28.271, Mel-Spec. Error : 0.322, s/b : 0.217
Steps : 262520, Gen Loss Total : 30.187, Mel-Spec. Error : 0.321, s/b : 0.209
Steps : 262525, Gen Loss Total : 30.318, Mel-Spec. Error : 0.312, s/b : 0.216
Steps : 262530, Gen Loss Total : 29.463, Mel-Spec. Error : 0.300, s/b : 0.209
Steps : 262535, Gen Loss Total : 28.466, Mel-Spec. Error : 0.314, s/b : 0.208
Steps : 262540, Gen Loss Total : 31.537, Mel-Spec. Error : 0.327, s/b : 0.213
Steps : 262545, Gen Loss Total : 33.575, Mel-Spec. Error : 0.314, s/b : 0.207
Steps : 262550, Gen Loss Total : 31.763, Mel-Spec. Error : 0.317, s/b : 0.208
Steps : 262555, Gen Loss Total : 28.383, Mel-Spec. Error : 0.310, s/b : 0.210
Steps : 262560, Gen Loss Total : 31.916, Mel-Spec. Error : 0.339, s/b : 0.214
Steps : 262565, Gen Loss Total : 30.691, Mel-Spec. Error : 0.317, s/b : 0.212
Steps : 262570, Gen Loss Total : 28.400, Mel-Spec. Error : 0.311, s/b : 0.207
Steps : 262575, Gen Loss Total : 30.979, Mel-Spec. Error : 0.325, s/b : 0.207
Steps : 262580, Gen Loss Total : 29.289, Mel-Spec. Error : 0.309, s/b : 0.210
Steps : 262585, Gen Loss Total : 31.954, Mel-Spec. Error : 0.330, s/b : 0.213
Steps : 262590, Gen Loss Total : 30.195, Mel-Spec. Error : 0.327, s/b : 0.209
Steps : 262595, Gen Loss Total : 29.889, Mel-Spec. Error : 0.319, s/b : 0.206
Steps : 262600, Gen Loss Total : 32.079, Mel-Spec. Error : 0.327, s/b : 0.217
Steps : 262605, Gen Loss Total : 27.772, Mel-Spec. Error : 0.305, s/b : 0.211
Steps : 262610, Gen Loss Total : 33.135, Mel-Spec. Error : 0.312, s/b : 0.205
Steps : 262615, Gen Loss Total : 31.187, Mel-Spec. Error : 0.313, s/b : 0.206
Steps : 262620, Gen Loss Total : 35.387, Mel-Spec. Error : 0.315, s/b : 0.217
Steps : 262625, Gen Loss Total : 31.952, Mel-Spec. Error : 0.316, s/b : 0.211
Steps : 262630, Gen Loss Total : 31.066, Mel-Spec. Error : 0.304, s/b : 0.208
Steps : 262635, Gen Loss Total : 36.244, Mel-Spec. Error : 0.300, s/b : 0.206
Steps : 262640, Gen Loss Total : 38.066, Mel-Spec. Error : 0.323, s/b : 0.215
Steps : 262645, Gen Loss Total : 38.309, Mel-Spec. Error : 0.316, s/b : 0.208
Steps : 262650, Gen Loss Total : 30.187, Mel-Spec. Error : 0.315, s/b : 0.206
Steps : 262655, Gen Loss Total : 33.089, Mel-Spec. Error : 0.324, s/b : 0.208
Steps : 262660, Gen Loss Total : 33.813, Mel-Spec. Error : 0.320, s/b : 0.212
Steps : 262665, Gen Loss Total : 29.509, Mel-Spec. Error : 0.330, s/b : 0.209
Steps : 262670, Gen Loss Total : 32.157, Mel-Spec. Error : 0.337, s/b : 0.210
Steps : 262675, Gen Loss Total : 33.159, Mel-Spec. Error : 0.318, s/b : 0.211
Steps : 262680, Gen Loss Total : 29.657, Mel-Spec. Error : 0.314, s/b : 0.216
Steps : 262685, Gen Loss Total : 34.036, Mel-Spec. Error : 0.321, s/b : 0.210
Steps : 262690, Gen Loss Total : 28.961, Mel-Spec. Error : 0.304, s/b : 0.209
Steps : 262695, Gen Loss Total : 29.570, Mel-Spec. Error : 0.309, s/b : 0.209
Steps : 262700, Gen Loss Total : 29.338, Mel-Spec. Error : 0.311, s/b : 0.213
Steps : 262705, Gen Loss Total : 32.032, Mel-Spec. Error : 0.317, s/b : 0.209
Steps : 262710, Gen Loss Total : 28.959, Mel-Spec. Error : 0.305, s/b : 0.209
Steps : 262715, Gen Loss Total : 29.449, Mel-Spec. Error : 0.311, s/b : 0.209
Steps : 262720, Gen Loss Total : 29.932, Mel-Spec. Error : 0.307, s/b : 0.214
Steps : 262725, Gen Loss Total : 31.844, Mel-Spec. Error : 0.327, s/b : 0.212
Steps : 262730, Gen Loss Total : 32.898, Mel-Spec. Error : 0.346, s/b : 0.207
Steps : 262735, Gen Loss Total : 28.916, Mel-Spec. Error : 0.315, s/b : 0.209
Steps : 262740, Gen Loss Total : 31.531, Mel-Spec. Error : 0.318, s/b : 0.217
Steps : 262745, Gen Loss Total : 32.510, Mel-Spec. Error : 0.326, s/b : 0.209
Steps : 262750, Gen Loss Total : 31.923, Mel-Spec. Error : 0.323, s/b : 0.209
Steps : 262755, Gen Loss Total : 33.564, Mel-Spec. Error : 0.357, s/b : 0.216
Steps : 262760, Gen Loss Total : 31.700, Mel-Spec. Error : 0.328, s/b : 0.216
Steps : 262765, Gen Loss Total : 29.750, Mel-Spec. Error : 0.304, s/b : 0.211
Steps : 262770, Gen Loss Total : 29.583, Mel-Spec. Error : 0.303, s/b : 0.210
Steps : 262775, Gen Loss Total : 31.617, Mel-Spec. Error : 0.314, s/b : 0.213
Steps : 262780, Gen Loss Total : 31.031, Mel-Spec. Error : 0.313, s/b : 0.213
Steps : 262785, Gen Loss Total : 30.615, Mel-Spec. Error : 0.312, s/b : 0.213
Steps : 262790, Gen Loss Total : 29.325, Mel-Spec. Error : 0.314, s/b : 0.210
Steps : 262795, Gen Loss Total : 31.727, Mel-Spec. Error : 0.307, s/b : 0.208
Steps : 262800, Gen Loss Total : 31.395, Mel-Spec. Error : 0.312, s/b : 0.213
Steps : 262805, Gen Loss Total : 32.936, Mel-Spec. Error : 0.328, s/b : 0.213
Steps : 262810, Gen Loss Total : 30.713, Mel-Spec. Error : 0.313, s/b : 0.211
Steps : 262815, Gen Loss Total : 31.514, Mel-Spec. Error : 0.308, s/b : 0.208
Steps : 262820, Gen Loss Total : 27.280, Mel-Spec. Error : 0.301, s/b : 0.215
Steps : 262825, Gen Loss Total : 30.133, Mel-Spec. Error : 0.324, s/b : 0.205
Steps : 262830, Gen Loss Total : 30.526, Mel-Spec. Error : 0.318, s/b : 0.205
Time taken for epoch 147 is 521 sec

Epoch: 148
Steps : 262835, Gen Loss Total : 30.300, Mel-Spec. Error : 0.330, s/b : 0.216
Steps : 262840, Gen Loss Total : 30.171, Mel-Spec. Error : 0.318, s/b : 0.213
Steps : 262845, Gen Loss Total : 27.930, Mel-Spec. Error : 0.306, s/b : 0.209
Steps : 262850, Gen Loss Total : 30.841, Mel-Spec. Error : 0.310, s/b : 0.213
Steps : 262855, Gen Loss Total : 29.598, Mel-Spec. Error : 0.307, s/b : 0.213
Steps : 262860, Gen Loss Total : 29.736, Mel-Spec. Error : 0.310, s/b : 0.215
Steps : 262865, Gen Loss Total : 30.902, Mel-Spec. Error : 0.312, s/b : 0.216
Steps : 262870, Gen Loss Total : 29.526, Mel-Spec. Error : 0.314, s/b : 0.212
Steps : 262875, Gen Loss Total : 27.721, Mel-Spec. Error : 0.309, s/b : 0.212
Steps : 262880, Gen Loss Total : 30.293, Mel-Spec. Error : 0.325, s/b : 0.213
Steps : 262885, Gen Loss Total : 32.594, Mel-Spec. Error : 0.332, s/b : 0.214
Steps : 262890, Gen Loss Total : 32.053, Mel-Spec. Error : 0.315, s/b : 0.209
Steps : 262895, Gen Loss Total : 29.112, Mel-Spec. Error : 0.332, s/b : 0.214
Steps : 262900, Gen Loss Total : 29.515, Mel-Spec. Error : 0.326, s/b : 0.213
Steps : 262905, Gen Loss Total : 30.461, Mel-Spec. Error : 0.328, s/b : 0.215
Steps : 262910, Gen Loss Total : 28.633, Mel-Spec. Error : 0.320, s/b : 0.210
Steps : 262915, Gen Loss Total : 31.151, Mel-Spec. Error : 0.333, s/b : 0.213
Steps : 262920, Gen Loss Total : 31.984, Mel-Spec. Error : 0.327, s/b : 0.214
Steps : 262925, Gen Loss Total : 30.721, Mel-Spec. Error : 0.319, s/b : 0.214
Steps : 262930, Gen Loss Total : 30.804, Mel-Spec. Error : 0.326, s/b : 0.210
Steps : 262935, Gen Loss Total : 30.066, Mel-Spec. Error : 0.322, s/b : 0.210
Steps : 262940, Gen Loss Total : 28.907, Mel-Spec. Error : 0.301, s/b : 0.219
Steps : 262945, Gen Loss Total : 28.065, Mel-Spec. Error : 0.323, s/b : 0.212
Steps : 262950, Gen Loss Total : 30.943, Mel-Spec. Error : 0.320, s/b : 0.208
Steps : 262955, Gen Loss Total : 31.452, Mel-Spec. Error : 0.318, s/b : 0.213
Steps : 262960, Gen Loss Total : 28.945, Mel-Spec. Error : 0.318, s/b : 0.214
Steps : 262965, Gen Loss Total : 29.325, Mel-Spec. Error : 0.325, s/b : 0.216
Steps : 262970, Gen Loss Total : 30.846, Mel-Spec. Error : 0.338, s/b : 0.213
Steps : 262975, Gen Loss Total : 28.040, Mel-Spec. Error : 0.324, s/b : 0.211
Steps : 262980, Gen Loss Total : 29.842, Mel-Spec. Error : 0.315, s/b : 0.211
Steps : 262985, Gen Loss Total : 28.452, Mel-Spec. Error : 0.308, s/b : 0.213
Steps : 262990, Gen Loss Total : 27.508, Mel-Spec. Error : 0.314, s/b : 0.212
Steps : 262995, Gen Loss Total : 29.021, Mel-Spec. Error : 0.299, s/b : 0.216
Steps : 263000, Gen Loss Total : 30.131, Mel-Spec. Error : 0.321, s/b : 0.212
Steps : 263005, Gen Loss Total : 32.060, Mel-Spec. Error : 0.315, s/b : 0.209
Steps : 263010, Gen Loss Total : 29.590, Mel-Spec. Error : 0.303, s/b : 0.210
Steps : 263015, Gen Loss Total : 31.537, Mel-Spec. Error : 0.313, s/b : 0.213
Steps : 263020, Gen Loss Total : 31.365, Mel-Spec. Error : 0.327, s/b : 0.213
Steps : 263025, Gen Loss Total : 31.770, Mel-Spec. Error : 0.303, s/b : 0.214
Steps : 263030, Gen Loss Total : 29.854, Mel-Spec. Error : 0.316, s/b : 0.209
Steps : 263035, Gen Loss Total : 30.167, Mel-Spec. Error : 0.315, s/b : 0.217
Steps : 263040, Gen Loss Total : 28.261, Mel-Spec. Error : 0.310, s/b : 0.212
Steps : 263045, Gen Loss Total : 27.742, Mel-Spec. Error : 0.309, s/b : 0.208
Steps : 263050, Gen Loss Total : 27.554, Mel-Spec. Error : 0.302, s/b : 0.206
Steps : 263055, Gen Loss Total : 30.253, Mel-Spec. Error : 0.318, s/b : 0.211
Steps : 263060, Gen Loss Total : 29.086, Mel-Spec. Error : 0.313, s/b : 0.209
Steps : 263065, Gen Loss Total : 32.139, Mel-Spec. Error : 0.319, s/b : 0.208
Steps : 263070, Gen Loss Total : 30.515, Mel-Spec. Error : 0.321, s/b : 0.215
Steps : 263075, Gen Loss Total : 28.947, Mel-Spec. Error : 0.306, s/b : 0.211
Steps : 263080, Gen Loss Total : 29.703, Mel-Spec. Error : 0.304, s/b : 0.212
Steps : 263085, Gen Loss Total : 31.154, Mel-Spec. Error : 0.321, s/b : 0.212
Steps : 263090, Gen Loss Total : 32.480, Mel-Spec. Error : 0.308, s/b : 0.211
Steps : 263095, Gen Loss Total : 32.830, Mel-Spec. Error : 0.331, s/b : 0.213
Steps : 263100, Gen Loss Total : 32.139, Mel-Spec. Error : 0.351, s/b : 0.210
Steps : 263105, Gen Loss Total : 31.326, Mel-Spec. Error : 0.319, s/b : 0.210
Steps : 263110, Gen Loss Total : 29.257, Mel-Spec. Error : 0.312, s/b : 0.207
Steps : 263115, Gen Loss Total : 29.533, Mel-Spec. Error : 0.304, s/b : 0.210
Steps : 263120, Gen Loss Total : 31.068, Mel-Spec. Error : 0.331, s/b : 0.209
Steps : 263125, Gen Loss Total : 31.778, Mel-Spec. Error : 0.312, s/b : 0.211
Steps : 263130, Gen Loss Total : 30.286, Mel-Spec. Error : 0.314, s/b : 0.207
Steps : 263135, Gen Loss Total : 31.012, Mel-Spec. Error : 0.310, s/b : 0.211
Steps : 263140, Gen Loss Total : 30.024, Mel-Spec. Error : 0.318, s/b : 0.214
Steps : 263145, Gen Loss Total : 30.148, Mel-Spec. Error : 0.313, s/b : 0.210
Steps : 263150, Gen Loss Total : 30.487, Mel-Spec. Error : 0.350, s/b : 0.214
Steps : 263155, Gen Loss Total : 31.119, Mel-Spec. Error : 0.337, s/b : 0.211
Steps : 263160, Gen Loss Total : 29.751, Mel-Spec. Error : 0.325, s/b : 0.210
Steps : 263165, Gen Loss Total : 27.838, Mel-Spec. Error : 0.308, s/b : 0.210
Steps : 263170, Gen Loss Total : 32.026, Mel-Spec. Error : 0.323, s/b : 0.208
Steps : 263175, Gen Loss Total : 30.082, Mel-Spec. Error : 0.323, s/b : 0.209
Steps : 263180, Gen Loss Total : 28.808, Mel-Spec. Error : 0.300, s/b : 0.214
Steps : 263185, Gen Loss Total : 29.623, Mel-Spec. Error : 0.322, s/b : 0.212
Steps : 263190, Gen Loss Total : 30.947, Mel-Spec. Error : 0.314, s/b : 0.206
Steps : 263195, Gen Loss Total : 29.666, Mel-Spec. Error : 0.315, s/b : 0.214
Steps : 263200, Gen Loss Total : 29.771, Mel-Spec. Error : 0.328, s/b : 0.214
Steps : 263205, Gen Loss Total : 29.791, Mel-Spec. Error : 0.331, s/b : 0.213
Steps : 263210, Gen Loss Total : 30.855, Mel-Spec. Error : 0.323, s/b : 0.208
Steps : 263215, Gen Loss Total : 27.538, Mel-Spec. Error : 0.301, s/b : 0.211
Steps : 263220, Gen Loss Total : 29.504, Mel-Spec. Error : 0.305, s/b : 0.214
Steps : 263225, Gen Loss Total : 30.099, Mel-Spec. Error : 0.326, s/b : 0.212
Steps : 263230, Gen Loss Total : 28.166, Mel-Spec. Error : 0.318, s/b : 0.208
Steps : 263235, Gen Loss Total : 28.124, Mel-Spec. Error : 0.305, s/b : 0.213
Steps : 263240, Gen Loss Total : 28.138, Mel-Spec. Error : 0.307, s/b : 0.216
Steps : 263245, Gen Loss Total : 28.536, Mel-Spec. Error : 0.311, s/b : 0.211
Steps : 263250, Gen Loss Total : 30.108, Mel-Spec. Error : 0.315, s/b : 0.208
Steps : 263255, Gen Loss Total : 31.738, Mel-Spec. Error : 0.312, s/b : 0.217
Steps : 263260, Gen Loss Total : 33.857, Mel-Spec. Error : 0.323, s/b : 0.214
Steps : 263265, Gen Loss Total : 31.904, Mel-Spec. Error : 0.329, s/b : 0.212
Steps : 263270, Gen Loss Total : 31.622, Mel-Spec. Error : 0.340, s/b : 0.212
Steps : 263275, Gen Loss Total : 32.333, Mel-Spec. Error : 0.323, s/b : 0.210
Steps : 263280, Gen Loss Total : 28.494, Mel-Spec. Error : 0.307, s/b : 0.213
Steps : 263285, Gen Loss Total : 31.659, Mel-Spec. Error : 0.328, s/b : 0.211
Steps : 263290, Gen Loss Total : 29.246, Mel-Spec. Error : 0.323, s/b : 0.206
Steps : 263295, Gen Loss Total : 27.826, Mel-Spec. Error : 0.327, s/b : 0.211
Steps : 263300, Gen Loss Total : 29.535, Mel-Spec. Error : 0.328, s/b : 0.210
Steps : 263305, Gen Loss Total : 29.732, Mel-Spec. Error : 0.324, s/b : 0.214
Steps : 263310, Gen Loss Total : 30.184, Mel-Spec. Error : 0.314, s/b : 0.211
Steps : 263315, Gen Loss Total : 28.825, Mel-Spec. Error : 0.308, s/b : 0.212
Steps : 263320, Gen Loss Total : 29.244, Mel-Spec. Error : 0.307, s/b : 0.216
Steps : 263325, Gen Loss Total : 27.809, Mel-Spec. Error : 0.314, s/b : 0.214
Steps : 263330, Gen Loss Total : 27.899, Mel-Spec. Error : 0.306, s/b : 0.210
Steps : 263335, Gen Loss Total : 29.843, Mel-Spec. Error : 0.300, s/b : 0.213
Steps : 263340, Gen Loss Total : 31.126, Mel-Spec. Error : 0.310, s/b : 0.214
Steps : 263345, Gen Loss Total : 29.893, Mel-Spec. Error : 0.319, s/b : 0.208
Steps : 263350, Gen Loss Total : 30.722, Mel-Spec. Error : 0.331, s/b : 0.212
Steps : 263355, Gen Loss Total : 33.447, Mel-Spec. Error : 0.352, s/b : 0.215
Steps : 263360, Gen Loss Total : 38.650, Mel-Spec. Error : 0.323, s/b : 0.213
Steps : 263365, Gen Loss Total : 34.025, Mel-Spec. Error : 0.360, s/b : 0.211
Steps : 263370, Gen Loss Total : 31.326, Mel-Spec. Error : 0.364, s/b : 0.214
Steps : 263375, Gen Loss Total : 32.720, Mel-Spec. Error : 0.328, s/b : 0.209
Steps : 263380, Gen Loss Total : 34.936, Mel-Spec. Error : 0.333, s/b : 0.214
Steps : 263385, Gen Loss Total : 36.034, Mel-Spec. Error : 0.323, s/b : 0.213
Steps : 263390, Gen Loss Total : 38.483, Mel-Spec. Error : 0.316, s/b : 0.209
Steps : 263395, Gen Loss Total : 37.933, Mel-Spec. Error : 0.306, s/b : 0.213
Steps : 263400, Gen Loss Total : 33.979, Mel-Spec. Error : 0.333, s/b : 0.217
Steps : 263405, Gen Loss Total : 31.405, Mel-Spec. Error : 0.327, s/b : 0.213
Steps : 263410, Gen Loss Total : 30.329, Mel-Spec. Error : 0.341, s/b : 0.212
Steps : 263415, Gen Loss Total : 31.649, Mel-Spec. Error : 0.332, s/b : 0.213
Steps : 263420, Gen Loss Total : 30.578, Mel-Spec. Error : 0.324, s/b : 0.210
Steps : 263425, Gen Loss Total : 29.151, Mel-Spec. Error : 0.309, s/b : 0.213
Steps : 263430, Gen Loss Total : 29.590, Mel-Spec. Error : 0.313, s/b : 0.209
Steps : 263435, Gen Loss Total : 29.863, Mel-Spec. Error : 0.327, s/b : 0.211
Steps : 263440, Gen Loss Total : 26.629, Mel-Spec. Error : 0.301, s/b : 0.214
Steps : 263445, Gen Loss Total : 27.866, Mel-Spec. Error : 0.301, s/b : 0.211
Steps : 263450, Gen Loss Total : 29.702, Mel-Spec. Error : 0.324, s/b : 0.209
Steps : 263455, Gen Loss Total : 27.987, Mel-Spec. Error : 0.313, s/b : 0.215
Steps : 263460, Gen Loss Total : 30.498, Mel-Spec. Error : 0.314, s/b : 0.215
Steps : 263465, Gen Loss Total : 28.455, Mel-Spec. Error : 0.312, s/b : 0.218
Steps : 263470, Gen Loss Total : 31.810, Mel-Spec. Error : 0.313, s/b : 0.208
Steps : 263475, Gen Loss Total : 31.319, Mel-Spec. Error : 0.316, s/b : 0.211
Steps : 263480, Gen Loss Total : 29.282, Mel-Spec. Error : 0.312, s/b : 0.211
Steps : 263485, Gen Loss Total : 27.362, Mel-Spec. Error : 0.320, s/b : 0.215
Steps : 263490, Gen Loss Total : 30.293, Mel-Spec. Error : 0.325, s/b : 0.214
Steps : 263495, Gen Loss Total : 31.110, Mel-Spec. Error : 0.309, s/b : 0.214
Steps : 263500, Gen Loss Total : 28.938, Mel-Spec. Error : 0.307, s/b : 0.214
Steps : 263505, Gen Loss Total : 29.519, Mel-Spec. Error : 0.318, s/b : 0.215
Steps : 263510, Gen Loss Total : 29.562, Mel-Spec. Error : 0.301, s/b : 0.210
Steps : 263515, Gen Loss Total : 30.138, Mel-Spec. Error : 0.303, s/b : 0.214
Steps : 263520, Gen Loss Total : 32.543, Mel-Spec. Error : 0.350, s/b : 0.213
Steps : 263525, Gen Loss Total : 31.840, Mel-Spec. Error : 0.323, s/b : 0.213
Steps : 263530, Gen Loss Total : 31.985, Mel-Spec. Error : 0.336, s/b : 0.210
Steps : 263535, Gen Loss Total : 29.477, Mel-Spec. Error : 0.327, s/b : 0.212
Steps : 263540, Gen Loss Total : 31.023, Mel-Spec. Error : 0.322, s/b : 0.216
Steps : 263545, Gen Loss Total : 30.859, Mel-Spec. Error : 0.339, s/b : 0.212
Steps : 263550, Gen Loss Total : 27.204, Mel-Spec. Error : 0.312, s/b : 0.214
Steps : 263555, Gen Loss Total : 29.638, Mel-Spec. Error : 0.326, s/b : 0.216
Steps : 263560, Gen Loss Total : 28.720, Mel-Spec. Error : 0.304, s/b : 0.217
Steps : 263565, Gen Loss Total : 28.536, Mel-Spec. Error : 0.305, s/b : 0.215
Steps : 263570, Gen Loss Total : 29.152, Mel-Spec. Error : 0.323, s/b : 0.212
Steps : 263575, Gen Loss Total : 27.226, Mel-Spec. Error : 0.302, s/b : 0.214
Steps : 263580, Gen Loss Total : 31.166, Mel-Spec. Error : 0.329, s/b : 0.217
Steps : 263585, Gen Loss Total : 30.650, Mel-Spec. Error : 0.313, s/b : 0.215
Steps : 263590, Gen Loss Total : 31.964, Mel-Spec. Error : 0.326, s/b : 0.211
Steps : 263595, Gen Loss Total : 29.384, Mel-Spec. Error : 0.310, s/b : 0.217
Steps : 263600, Gen Loss Total : 32.550, Mel-Spec. Error : 0.321, s/b : 0.214
Steps : 263605, Gen Loss Total : 30.428, Mel-Spec. Error : 0.312, s/b : 0.215
Steps : 263610, Gen Loss Total : 29.307, Mel-Spec. Error : 0.308, s/b : 0.212
Steps : 263615, Gen Loss Total : 29.365, Mel-Spec. Error : 0.306, s/b : 0.212
Steps : 263620, Gen Loss Total : 30.115, Mel-Spec. Error : 0.314, s/b : 0.214
Steps : 263625, Gen Loss Total : 28.000, Mel-Spec. Error : 0.301, s/b : 0.213
Steps : 263630, Gen Loss Total : 32.454, Mel-Spec. Error : 0.335, s/b : 0.211
Steps : 263635, Gen Loss Total : 28.502, Mel-Spec. Error : 0.311, s/b : 0.213
Steps : 263640, Gen Loss Total : 31.075, Mel-Spec. Error : 0.329, s/b : 0.215
Steps : 263645, Gen Loss Total : 30.723, Mel-Spec. Error : 0.341, s/b : 0.213
Steps : 263650, Gen Loss Total : 31.292, Mel-Spec. Error : 0.327, s/b : 0.212
Steps : 263655, Gen Loss Total : 27.770, Mel-Spec. Error : 0.319, s/b : 0.214
Steps : 263660, Gen Loss Total : 27.194, Mel-Spec. Error : 0.307, s/b : 0.212
Steps : 263665, Gen Loss Total : 29.698, Mel-Spec. Error : 0.305, s/b : 0.213
Steps : 263670, Gen Loss Total : 29.222, Mel-Spec. Error : 0.307, s/b : 0.212
Steps : 263675, Gen Loss Total : 32.687, Mel-Spec. Error : 0.322, s/b : 0.213
Steps : 263680, Gen Loss Total : 28.676, Mel-Spec. Error : 0.309, s/b : 0.214
Steps : 263685, Gen Loss Total : 30.073, Mel-Spec. Error : 0.311, s/b : 0.213
Steps : 263690, Gen Loss Total : 30.668, Mel-Spec. Error : 0.325, s/b : 0.211
Steps : 263695, Gen Loss Total : 29.554, Mel-Spec. Error : 0.312, s/b : 0.214
Steps : 263700, Gen Loss Total : 31.791, Mel-Spec. Error : 0.337, s/b : 0.212
Steps : 263705, Gen Loss Total : 30.696, Mel-Spec. Error : 0.353, s/b : 0.217
Steps : 263710, Gen Loss Total : 28.661, Mel-Spec. Error : 0.324, s/b : 0.209
Steps : 263715, Gen Loss Total : 29.591, Mel-Spec. Error : 0.318, s/b : 0.218
Steps : 263720, Gen Loss Total : 30.900, Mel-Spec. Error : 0.308, s/b : 0.214
Steps : 263725, Gen Loss Total : 30.743, Mel-Spec. Error : 0.316, s/b : 0.214
Steps : 263730, Gen Loss Total : 31.360, Mel-Spec. Error : 0.321, s/b : 0.209
Steps : 263735, Gen Loss Total : 30.721, Mel-Spec. Error : 0.323, s/b : 0.213
Steps : 263740, Gen Loss Total : 30.326, Mel-Spec. Error : 0.326, s/b : 0.210
Steps : 263745, Gen Loss Total : 28.874, Mel-Spec. Error : 0.320, s/b : 0.213
Steps : 263750, Gen Loss Total : 30.095, Mel-Spec. Error : 0.321, s/b : 0.212
Steps : 263755, Gen Loss Total : 31.267, Mel-Spec. Error : 0.335, s/b : 0.213
Steps : 263760, Gen Loss Total : 29.449, Mel-Spec. Error : 0.318, s/b : 0.214
Steps : 263765, Gen Loss Total : 32.476, Mel-Spec. Error : 0.315, s/b : 0.213
Steps : 263770, Gen Loss Total : 27.887, Mel-Spec. Error : 0.319, s/b : 0.212
Steps : 263775, Gen Loss Total : 29.508, Mel-Spec. Error : 0.323, s/b : 0.211
Steps : 263780, Gen Loss Total : 28.547, Mel-Spec. Error : 0.312, s/b : 0.214
Steps : 263785, Gen Loss Total : 29.068, Mel-Spec. Error : 0.318, s/b : 0.210
Steps : 263790, Gen Loss Total : 30.565, Mel-Spec. Error : 0.320, s/b : 0.213
Steps : 263795, Gen Loss Total : 30.247, Mel-Spec. Error : 0.321, s/b : 0.213
Steps : 263800, Gen Loss Total : 29.144, Mel-Spec. Error : 0.309, s/b : 0.214
Steps : 263805, Gen Loss Total : 31.138, Mel-Spec. Error : 0.321, s/b : 0.213
Steps : 263810, Gen Loss Total : 28.207, Mel-Spec. Error : 0.312, s/b : 0.212
Steps : 263815, Gen Loss Total : 27.631, Mel-Spec. Error : 0.305, s/b : 0.215
Steps : 263820, Gen Loss Total : 27.534, Mel-Spec. Error : 0.312, s/b : 0.213
Steps : 263825, Gen Loss Total : 27.305, Mel-Spec. Error : 0.305, s/b : 0.216
Steps : 263830, Gen Loss Total : 28.708, Mel-Spec. Error : 0.306, s/b : 0.216
Steps : 263835, Gen Loss Total : 28.939, Mel-Spec. Error : 0.319, s/b : 0.214
Steps : 263840, Gen Loss Total : 30.902, Mel-Spec. Error : 0.332, s/b : 0.214
Steps : 263845, Gen Loss Total : 30.342, Mel-Spec. Error : 0.328, s/b : 0.216
Steps : 263850, Gen Loss Total : 28.060, Mel-Spec. Error : 0.316, s/b : 0.210
Steps : 263855, Gen Loss Total : 28.956, Mel-Spec. Error : 0.304, s/b : 0.212
Steps : 263860, Gen Loss Total : 27.032, Mel-Spec. Error : 0.310, s/b : 0.212
Steps : 263865, Gen Loss Total : 30.886, Mel-Spec. Error : 0.318, s/b : 0.213
Steps : 263870, Gen Loss Total : 29.172, Mel-Spec. Error : 0.315, s/b : 0.213
Steps : 263875, Gen Loss Total : 29.069, Mel-Spec. Error : 0.316, s/b : 0.216
Steps : 263880, Gen Loss Total : 31.725, Mel-Spec. Error : 0.334, s/b : 0.213
Steps : 263885, Gen Loss Total : 29.671, Mel-Spec. Error : 0.318, s/b : 0.213
Steps : 263890, Gen Loss Total : 32.600, Mel-Spec. Error : 0.336, s/b : 0.216
Steps : 263895, Gen Loss Total : 30.429, Mel-Spec. Error : 0.328, s/b : 0.215
Steps : 263900, Gen Loss Total : 29.861, Mel-Spec. Error : 0.314, s/b : 0.215
Steps : 263905, Gen Loss Total : 31.502, Mel-Spec. Error : 0.314, s/b : 0.217
Steps : 263910, Gen Loss Total : 32.013, Mel-Spec. Error : 0.336, s/b : 0.211
Steps : 263915, Gen Loss Total : 28.883, Mel-Spec. Error : 0.311, s/b : 0.214
Steps : 263920, Gen Loss Total : 29.329, Mel-Spec. Error : 0.311, s/b : 0.211
Steps : 263925, Gen Loss Total : 30.181, Mel-Spec. Error : 0.310, s/b : 0.215
Steps : 263930, Gen Loss Total : 31.399, Mel-Spec. Error : 0.337, s/b : 0.213
Steps : 263935, Gen Loss Total : 29.780, Mel-Spec. Error : 0.313, s/b : 0.214
Steps : 263940, Gen Loss Total : 30.717, Mel-Spec. Error : 0.319, s/b : 0.211
Steps : 263945, Gen Loss Total : 28.963, Mel-Spec. Error : 0.310, s/b : 0.214
Steps : 263950, Gen Loss Total : 30.273, Mel-Spec. Error : 0.312, s/b : 0.212
Steps : 263955, Gen Loss Total : 32.885, Mel-Spec. Error : 0.333, s/b : 0.211
Steps : 263960, Gen Loss Total : 27.459, Mel-Spec. Error : 0.312, s/b : 0.213
Steps : 263965, Gen Loss Total : 28.913, Mel-Spec. Error : 0.304, s/b : 0.214
Steps : 263970, Gen Loss Total : 27.924, Mel-Spec. Error : 0.300, s/b : 0.210
Steps : 263975, Gen Loss Total : 28.727, Mel-Spec. Error : 0.320, s/b : 0.212
Steps : 263980, Gen Loss Total : 31.719, Mel-Spec. Error : 0.321, s/b : 0.213
Steps : 263985, Gen Loss Total : 31.377, Mel-Spec. Error : 0.331, s/b : 0.208
Steps : 263990, Gen Loss Total : 29.469, Mel-Spec. Error : 0.329, s/b : 0.206
Steps : 263995, Gen Loss Total : 32.877, Mel-Spec. Error : 0.336, s/b : 0.217
Steps : 264000, Gen Loss Total : 33.672, Mel-Spec. Error : 0.339, s/b : 0.216
Steps : 264005, Gen Loss Total : 32.894, Mel-Spec. Error : 0.319, s/b : 0.212
Steps : 264010, Gen Loss Total : 30.861, Mel-Spec. Error : 0.314, s/b : 0.211
Steps : 264015, Gen Loss Total : 29.283, Mel-Spec. Error : 0.314, s/b : 0.213
Steps : 264020, Gen Loss Total : 27.769, Mel-Spec. Error : 0.297, s/b : 0.214
Steps : 264025, Gen Loss Total : 27.269, Mel-Spec. Error : 0.297, s/b : 0.213
Steps : 264030, Gen Loss Total : 33.892, Mel-Spec. Error : 0.313, s/b : 0.216
Steps : 264035, Gen Loss Total : 27.701, Mel-Spec. Error : 0.314, s/b : 0.215
Steps : 264040, Gen Loss Total : 31.750, Mel-Spec. Error : 0.320, s/b : 0.211
Steps : 264045, Gen Loss Total : 26.868, Mel-Spec. Error : 0.304, s/b : 0.215
Steps : 264050, Gen Loss Total : 27.810, Mel-Spec. Error : 0.307, s/b : 0.210
Steps : 264055, Gen Loss Total : 30.939, Mel-Spec. Error : 0.311, s/b : 0.213
Steps : 264060, Gen Loss Total : 29.757, Mel-Spec. Error : 0.317, s/b : 0.208
Steps : 264065, Gen Loss Total : 28.625, Mel-Spec. Error : 0.315, s/b : 0.216
Steps : 264070, Gen Loss Total : 31.982, Mel-Spec. Error : 0.345, s/b : 0.214
Steps : 264075, Gen Loss Total : 30.143, Mel-Spec. Error : 0.328, s/b : 0.215
Steps : 264080, Gen Loss Total : 31.143, Mel-Spec. Error : 0.325, s/b : 0.218
Steps : 264085, Gen Loss Total : 28.876, Mel-Spec. Error : 0.316, s/b : 0.214
Steps : 264090, Gen Loss Total : 30.067, Mel-Spec. Error : 0.298, s/b : 0.211
Steps : 264095, Gen Loss Total : 31.076, Mel-Spec. Error : 0.334, s/b : 0.215
Steps : 264100, Gen Loss Total : 32.608, Mel-Spec. Error : 0.341, s/b : 0.213
Steps : 264105, Gen Loss Total : 31.969, Mel-Spec. Error : 0.337, s/b : 0.213
Steps : 264110, Gen Loss Total : 29.550, Mel-Spec. Error : 0.314, s/b : 0.210
Steps : 264115, Gen Loss Total : 31.303, Mel-Spec. Error : 0.315, s/b : 0.215
Steps : 264120, Gen Loss Total : 27.454, Mel-Spec. Error : 0.308, s/b : 0.210
Steps : 264125, Gen Loss Total : 32.289, Mel-Spec. Error : 0.330, s/b : 0.216
Steps : 264130, Gen Loss Total : 30.695, Mel-Spec. Error : 0.312, s/b : 0.214
Steps : 264135, Gen Loss Total : 29.614, Mel-Spec. Error : 0.327, s/b : 0.216
Steps : 264140, Gen Loss Total : 31.473, Mel-Spec. Error : 0.314, s/b : 0.212
Steps : 264145, Gen Loss Total : 30.946, Mel-Spec. Error : 0.314, s/b : 0.215
Steps : 264150, Gen Loss Total : 32.064, Mel-Spec. Error : 0.320, s/b : 0.209
Steps : 264155, Gen Loss Total : 30.550, Mel-Spec. Error : 0.335, s/b : 0.215
Steps : 264160, Gen Loss Total : 29.874, Mel-Spec. Error : 0.323, s/b : 0.211
Steps : 264165, Gen Loss Total : 30.070, Mel-Spec. Error : 0.319, s/b : 0.215
Steps : 264170, Gen Loss Total : 32.071, Mel-Spec. Error : 0.337, s/b : 0.212
Steps : 264175, Gen Loss Total : 31.738, Mel-Spec. Error : 0.316, s/b : 0.214
Steps : 264180, Gen Loss Total : 30.961, Mel-Spec. Error : 0.313, s/b : 0.213
Steps : 264185, Gen Loss Total : 31.122, Mel-Spec. Error : 0.333, s/b : 0.213
Steps : 264190, Gen Loss Total : 29.012, Mel-Spec. Error : 0.324, s/b : 0.208
Steps : 264195, Gen Loss Total : 29.760, Mel-Spec. Error : 0.339, s/b : 0.213
Steps : 264200, Gen Loss Total : 28.666, Mel-Spec. Error : 0.322, s/b : 0.212
Steps : 264205, Gen Loss Total : 32.964, Mel-Spec. Error : 0.330, s/b : 0.212
Steps : 264210, Gen Loss Total : 29.792, Mel-Spec. Error : 0.326, s/b : 0.216
Steps : 264215, Gen Loss Total : 28.868, Mel-Spec. Error : 0.310, s/b : 0.215
Steps : 264220, Gen Loss Total : 29.899, Mel-Spec. Error : 0.328, s/b : 0.212
Steps : 264225, Gen Loss Total : 31.885, Mel-Spec. Error : 0.310, s/b : 0.214
Steps : 264230, Gen Loss Total : 33.148, Mel-Spec. Error : 0.326, s/b : 0.211
Steps : 264235, Gen Loss Total : 32.000, Mel-Spec. Error : 0.313, s/b : 0.210
Steps : 264240, Gen Loss Total : 29.172, Mel-Spec. Error : 0.325, s/b : 0.213
Steps : 264245, Gen Loss Total : 32.181, Mel-Spec. Error : 0.335, s/b : 0.208
Steps : 264250, Gen Loss Total : 28.827, Mel-Spec. Error : 0.324, s/b : 0.214
Steps : 264255, Gen Loss Total : 29.843, Mel-Spec. Error : 0.308, s/b : 0.209
Steps : 264260, Gen Loss Total : 31.339, Mel-Spec. Error : 0.308, s/b : 0.212
Steps : 264265, Gen Loss Total : 27.298, Mel-Spec. Error : 0.302, s/b : 0.212
Steps : 264270, Gen Loss Total : 30.906, Mel-Spec. Error : 0.328, s/b : 0.210
Steps : 264275, Gen Loss Total : 30.535, Mel-Spec. Error : 0.333, s/b : 0.210
Steps : 264280, Gen Loss Total : 30.669, Mel-Spec. Error : 0.317, s/b : 0.212
Steps : 264285, Gen Loss Total : 30.031, Mel-Spec. Error : 0.314, s/b : 0.214
Steps : 264290, Gen Loss Total : 33.599, Mel-Spec. Error : 0.319, s/b : 0.209
Steps : 264295, Gen Loss Total : 31.782, Mel-Spec. Error : 0.320, s/b : 0.218
Steps : 264300, Gen Loss Total : 29.849, Mel-Spec. Error : 0.321, s/b : 0.213
Steps : 264305, Gen Loss Total : 33.994, Mel-Spec. Error : 0.314, s/b : 0.213
Steps : 264310, Gen Loss Total : 38.014, Mel-Spec. Error : 0.321, s/b : 0.210
Steps : 264315, Gen Loss Total : 32.263, Mel-Spec. Error : 0.316, s/b : 0.213
Steps : 264320, Gen Loss Total : 30.039, Mel-Spec. Error : 0.306, s/b : 0.213
Steps : 264325, Gen Loss Total : 34.809, Mel-Spec. Error : 0.329, s/b : 0.211
Steps : 264330, Gen Loss Total : 29.089, Mel-Spec. Error : 0.315, s/b : 0.209
Steps : 264335, Gen Loss Total : 30.003, Mel-Spec. Error : 0.316, s/b : 0.208
Steps : 264340, Gen Loss Total : 30.249, Mel-Spec. Error : 0.307, s/b : 0.213
Steps : 264345, Gen Loss Total : 30.696, Mel-Spec. Error : 0.308, s/b : 0.213
Steps : 264350, Gen Loss Total : 27.321, Mel-Spec. Error : 0.316, s/b : 0.208
Steps : 264355, Gen Loss Total : 28.097, Mel-Spec. Error : 0.311, s/b : 0.212
Steps : 264360, Gen Loss Total : 30.646, Mel-Spec. Error : 0.336, s/b : 0.214
Steps : 264365, Gen Loss Total : 30.860, Mel-Spec. Error : 0.335, s/b : 0.212
Steps : 264370, Gen Loss Total : 28.389, Mel-Spec. Error : 0.315, s/b : 0.211
Steps : 264375, Gen Loss Total : 29.565, Mel-Spec. Error : 0.329, s/b : 0.212
Steps : 264380, Gen Loss Total : 29.572, Mel-Spec. Error : 0.316, s/b : 0.216
Steps : 264385, Gen Loss Total : 30.017, Mel-Spec. Error : 0.307, s/b : 0.216
Steps : 264390, Gen Loss Total : 30.176, Mel-Spec. Error : 0.317, s/b : 0.209
Steps : 264395, Gen Loss Total : 29.336, Mel-Spec. Error : 0.317, s/b : 0.214
Steps : 264400, Gen Loss Total : 27.944, Mel-Spec. Error : 0.310, s/b : 0.214
Steps : 264405, Gen Loss Total : 29.452, Mel-Spec. Error : 0.304, s/b : 0.210
Steps : 264410, Gen Loss Total : 29.679, Mel-Spec. Error : 0.321, s/b : 0.208
Steps : 264415, Gen Loss Total : 31.165, Mel-Spec. Error : 0.320, s/b : 0.215
Steps : 264420, Gen Loss Total : 29.421, Mel-Spec. Error : 0.334, s/b : 0.214
Steps : 264425, Gen Loss Total : 28.241, Mel-Spec. Error : 0.310, s/b : 0.211
Steps : 264430, Gen Loss Total : 28.660, Mel-Spec. Error : 0.306, s/b : 0.211
Steps : 264435, Gen Loss Total : 29.577, Mel-Spec. Error : 0.313, s/b : 0.211
Steps : 264440, Gen Loss Total : 32.524, Mel-Spec. Error : 0.348, s/b : 0.221
Steps : 264445, Gen Loss Total : 31.374, Mel-Spec. Error : 0.340, s/b : 0.219
Steps : 264450, Gen Loss Total : 30.394, Mel-Spec. Error : 0.308, s/b : 0.212
Steps : 264455, Gen Loss Total : 29.634, Mel-Spec. Error : 0.305, s/b : 0.212
Steps : 264460, Gen Loss Total : 28.676, Mel-Spec. Error : 0.315, s/b : 0.215
Steps : 264465, Gen Loss Total : 30.764, Mel-Spec. Error : 0.302, s/b : 0.217
Steps : 264470, Gen Loss Total : 27.453, Mel-Spec. Error : 0.303, s/b : 0.211
Steps : 264475, Gen Loss Total : 31.594, Mel-Spec. Error : 0.326, s/b : 0.215
Steps : 264480, Gen Loss Total : 29.929, Mel-Spec. Error : 0.335, s/b : 0.214
Steps : 264485, Gen Loss Total : 30.903, Mel-Spec. Error : 0.313, s/b : 0.210
Steps : 264490, Gen Loss Total : 29.635, Mel-Spec. Error : 0.319, s/b : 0.216
Steps : 264495, Gen Loss Total : 33.412, Mel-Spec. Error : 0.329, s/b : 0.212
Steps : 264500, Gen Loss Total : 32.581, Mel-Spec. Error : 0.311, s/b : 0.210
Steps : 264505, Gen Loss Total : 31.160, Mel-Spec. Error : 0.312, s/b : 0.215
Steps : 264510, Gen Loss Total : 30.430, Mel-Spec. Error : 0.324, s/b : 0.213
Steps : 264515, Gen Loss Total : 32.168, Mel-Spec. Error : 0.304, s/b : 0.214
Steps : 264520, Gen Loss Total : 36.467, Mel-Spec. Error : 0.339, s/b : 0.210
Steps : 264525, Gen Loss Total : 34.836, Mel-Spec. Error : 0.310, s/b : 0.213
Steps : 264530, Gen Loss Total : 33.161, Mel-Spec. Error : 0.313, s/b : 0.215
Steps : 264535, Gen Loss Total : 30.411, Mel-Spec. Error : 0.323, s/b : 0.208
Steps : 264540, Gen Loss Total : 30.126, Mel-Spec. Error : 0.304, s/b : 0.211
Steps : 264545, Gen Loss Total : 28.549, Mel-Spec. Error : 0.302, s/b : 0.209
Steps : 264550, Gen Loss Total : 29.420, Mel-Spec. Error : 0.311, s/b : 0.215
Steps : 264555, Gen Loss Total : 29.690, Mel-Spec. Error : 0.303, s/b : 0.215
Steps : 264560, Gen Loss Total : 30.487, Mel-Spec. Error : 0.318, s/b : 0.216
Steps : 264565, Gen Loss Total : 31.483, Mel-Spec. Error : 0.311, s/b : 0.216
Steps : 264570, Gen Loss Total : 27.961, Mel-Spec. Error : 0.320, s/b : 0.211
Steps : 264575, Gen Loss Total : 25.807, Mel-Spec. Error : 0.312, s/b : 0.210
Steps : 264580, Gen Loss Total : 32.002, Mel-Spec. Error : 0.378, s/b : 0.212
Steps : 264585, Gen Loss Total : 29.750, Mel-Spec. Error : 0.328, s/b : 0.209
Steps : 264590, Gen Loss Total : 28.421, Mel-Spec. Error : 0.324, s/b : 0.216
Steps : 264595, Gen Loss Total : 30.316, Mel-Spec. Error : 0.312, s/b : 0.207
Steps : 264600, Gen Loss Total : 31.453, Mel-Spec. Error : 0.310, s/b : 0.211
Steps : 264605, Gen Loss Total : 28.438, Mel-Spec. Error : 0.311, s/b : 0.211
Steps : 264610, Gen Loss Total : 31.230, Mel-Spec. Error : 0.317, s/b : 0.206
Time taken for epoch 148 is 666 sec

Epoch: 149
Steps : 264615, Gen Loss Total : 31.510, Mel-Spec. Error : 0.319, s/b : 0.214
Steps : 264620, Gen Loss Total : 30.663, Mel-Spec. Error : 0.347, s/b : 0.221
Steps : 264625, Gen Loss Total : 33.436, Mel-Spec. Error : 0.332, s/b : 0.209
Steps : 264630, Gen Loss Total : 29.235, Mel-Spec. Error : 0.319, s/b : 0.216
Steps : 264635, Gen Loss Total : 28.177, Mel-Spec. Error : 0.316, s/b : 0.210
Steps : 264640, Gen Loss Total : 28.359, Mel-Spec. Error : 0.311, s/b : 0.213
Steps : 264645, Gen Loss Total : 29.698, Mel-Spec. Error : 0.315, s/b : 0.214
Steps : 264650, Gen Loss Total : 28.233, Mel-Spec. Error : 0.302, s/b : 0.218
Steps : 264655, Gen Loss Total : 26.352, Mel-Spec. Error : 0.306, s/b : 0.217
Steps : 264660, Gen Loss Total : 29.649, Mel-Spec. Error : 0.301, s/b : 0.211
Steps : 264665, Gen Loss Total : 29.765, Mel-Spec. Error : 0.302, s/b : 0.211
Steps : 264670, Gen Loss Total : 30.145, Mel-Spec. Error : 0.308, s/b : 0.224
Steps : 264675, Gen Loss Total : 28.724, Mel-Spec. Error : 0.312, s/b : 0.215
Steps : 264680, Gen Loss Total : 26.487, Mel-Spec. Error : 0.294, s/b : 0.211
Steps : 264685, Gen Loss Total : 31.688, Mel-Spec. Error : 0.304, s/b : 0.212
Steps : 264690, Gen Loss Total : 31.099, Mel-Spec. Error : 0.310, s/b : 0.217
Steps : 264695, Gen Loss Total : 29.934, Mel-Spec. Error : 0.322, s/b : 0.215
Steps : 264700, Gen Loss Total : 29.736, Mel-Spec. Error : 0.311, s/b : 0.212
Steps : 264705, Gen Loss Total : 31.079, Mel-Spec. Error : 0.316, s/b : 0.211
Steps : 264710, Gen Loss Total : 30.494, Mel-Spec. Error : 0.327, s/b : 0.217
Steps : 264715, Gen Loss Total : 29.109, Mel-Spec. Error : 0.310, s/b : 0.215
Steps : 264720, Gen Loss Total : 28.466, Mel-Spec. Error : 0.313, s/b : 0.214
Steps : 264725, Gen Loss Total : 30.590, Mel-Spec. Error : 0.330, s/b : 0.210
Steps : 264730, Gen Loss Total : 26.792, Mel-Spec. Error : 0.301, s/b : 0.216
Steps : 264735, Gen Loss Total : 28.548, Mel-Spec. Error : 0.314, s/b : 0.216
Steps : 264740, Gen Loss Total : 29.119, Mel-Spec. Error : 0.327, s/b : 0.211
Steps : 264745, Gen Loss Total : 29.392, Mel-Spec. Error : 0.327, s/b : 0.209
Steps : 264750, Gen Loss Total : 31.151, Mel-Spec. Error : 0.315, s/b : 0.213
Steps : 264755, Gen Loss Total : 29.606, Mel-Spec. Error : 0.306, s/b : 0.218
Steps : 264760, Gen Loss Total : 27.843, Mel-Spec. Error : 0.316, s/b : 0.212
Steps : 264765, Gen Loss Total : 28.877, Mel-Spec. Error : 0.327, s/b : 0.211
Steps : 264770, Gen Loss Total : 26.285, Mel-Spec. Error : 0.312, s/b : 0.213
Steps : 264775, Gen Loss Total : 28.641, Mel-Spec. Error : 0.318, s/b : 0.214
Steps : 264780, Gen Loss Total : 29.532, Mel-Spec. Error : 0.302, s/b : 0.210
Steps : 264785, Gen Loss Total : 29.065, Mel-Spec. Error : 0.328, s/b : 0.211
Steps : 264790, Gen Loss Total : 29.771, Mel-Spec. Error : 0.319, s/b : 0.212
Steps : 264795, Gen Loss Total : 32.041, Mel-Spec. Error : 0.338, s/b : 0.211
Steps : 264800, Gen Loss Total : 31.823, Mel-Spec. Error : 0.333, s/b : 0.211
Steps : 264805, Gen Loss Total : 30.880, Mel-Spec. Error : 0.320, s/b : 0.214
Steps : 264810, Gen Loss Total : 29.274, Mel-Spec. Error : 0.321, s/b : 0.213
Steps : 264815, Gen Loss Total : 31.955, Mel-Spec. Error : 0.332, s/b : 0.214
Steps : 264820, Gen Loss Total : 28.671, Mel-Spec. Error : 0.316, s/b : 0.209
Steps : 264825, Gen Loss Total : 29.236, Mel-Spec. Error : 0.304, s/b : 0.215
Steps : 264830, Gen Loss Total : 30.717, Mel-Spec. Error : 0.313, s/b : 0.209
Steps : 264835, Gen Loss Total : 31.122, Mel-Spec. Error : 0.317, s/b : 0.213
Steps : 264840, Gen Loss Total : 28.947, Mel-Spec. Error : 0.316, s/b : 0.215
Steps : 264845, Gen Loss Total : 31.749, Mel-Spec. Error : 0.331, s/b : 0.212
Steps : 264850, Gen Loss Total : 30.519, Mel-Spec. Error : 0.327, s/b : 0.212
Steps : 264855, Gen Loss Total : 29.266, Mel-Spec. Error : 0.329, s/b : 0.213
Steps : 264860, Gen Loss Total : 30.135, Mel-Spec. Error : 0.323, s/b : 0.209
Steps : 264865, Gen Loss Total : 28.850, Mel-Spec. Error : 0.321, s/b : 0.213
Steps : 264870, Gen Loss Total : 30.108, Mel-Spec. Error : 0.309, s/b : 0.211
Steps : 264875, Gen Loss Total : 28.982, Mel-Spec. Error : 0.295, s/b : 0.213
Steps : 264880, Gen Loss Total : 28.544, Mel-Spec. Error : 0.303, s/b : 0.209
Steps : 264885, Gen Loss Total : 29.907, Mel-Spec. Error : 0.348, s/b : 0.212
Steps : 264890, Gen Loss Total : 29.274, Mel-Spec. Error : 0.311, s/b : 0.208
Steps : 264895, Gen Loss Total : 31.671, Mel-Spec. Error : 0.319, s/b : 0.211
Steps : 264900, Gen Loss Total : 29.549, Mel-Spec. Error : 0.326, s/b : 0.208
Steps : 264905, Gen Loss Total : 31.873, Mel-Spec. Error : 0.332, s/b : 0.209
Steps : 264910, Gen Loss Total : 29.626, Mel-Spec. Error : 0.306, s/b : 0.208
Steps : 264915, Gen Loss Total : 30.217, Mel-Spec. Error : 0.307, s/b : 0.214
Steps : 264920, Gen Loss Total : 29.600, Mel-Spec. Error : 0.301, s/b : 0.213
Steps : 264925, Gen Loss Total : 29.982, Mel-Spec. Error : 0.308, s/b : 0.215
Steps : 264930, Gen Loss Total : 29.855, Mel-Spec. Error : 0.301, s/b : 0.213
Steps : 264935, Gen Loss Total : 30.629, Mel-Spec. Error : 0.290, s/b : 0.216
Steps : 264940, Gen Loss Total : 32.687, Mel-Spec. Error : 0.330, s/b : 0.210
Steps : 264945, Gen Loss Total : 31.500, Mel-Spec. Error : 0.302, s/b : 0.210
Steps : 264950, Gen Loss Total : 30.701, Mel-Spec. Error : 0.296, s/b : 0.212
Steps : 264955, Gen Loss Total : 29.026, Mel-Spec. Error : 0.309, s/b : 0.210
Steps : 264960, Gen Loss Total : 28.901, Mel-Spec. Error : 0.310, s/b : 0.207
Steps : 264965, Gen Loss Total : 31.186, Mel-Spec. Error : 0.297, s/b : 0.212
Steps : 264970, Gen Loss Total : 31.284, Mel-Spec. Error : 0.306, s/b : 0.211
Steps : 264975, Gen Loss Total : 30.303, Mel-Spec. Error : 0.319, s/b : 0.207
Steps : 264980, Gen Loss Total : 30.568, Mel-Spec. Error : 0.300, s/b : 0.209
Steps : 264985, Gen Loss Total : 30.593, Mel-Spec. Error : 0.304, s/b : 0.213
Steps : 264990, Gen Loss Total : 31.106, Mel-Spec. Error : 0.304, s/b : 0.210
Steps : 264995, Gen Loss Total : 31.834, Mel-Spec. Error : 0.320, s/b : 0.208
Steps : 265000, Gen Loss Total : 29.019, Mel-Spec. Error : 0.295, s/b : 0.208
Saving checkpoint to /home/hpc/vlbi/vlbi107v/hifi-gan/cp_hifigan/v1_c512_physical30/g_00265000
Complete.
Saving checkpoint to /home/woody/vlbi/vlbi107v/cp_hifigan/v1_c512_physical30/g_00265000
Complete.
Saving checkpoint to /home/hpc/vlbi/vlbi107v/hifi-gan/cp_hifigan/v1_c512_physical30/do_00265000
Complete.
Saving checkpoint to /home/woody/vlbi/vlbi107v/cp_hifigan/v1_c512_physical30/do_00265000
Complete.
Steps : 265005, Gen Loss Total : 32.681, Mel-Spec. Error : 0.319, s/b : 0.209
Steps : 265010, Gen Loss Total : 31.517, Mel-Spec. Error : 0.325, s/b : 0.209
Steps : 265015, Gen Loss Total : 33.170, Mel-Spec. Error : 0.315, s/b : 0.209
Steps : 265020, Gen Loss Total : 32.299, Mel-Spec. Error : 0.344, s/b : 0.207
Steps : 265025, Gen Loss Total : 30.338, Mel-Spec. Error : 0.331, s/b : 0.214
Steps : 265030, Gen Loss Total : 30.992, Mel-Spec. Error : 0.320, s/b : 0.213
Steps : 265035, Gen Loss Total : 30.637, Mel-Spec. Error : 0.327, s/b : 0.212
Steps : 265040, Gen Loss Total : 30.919, Mel-Spec. Error : 0.318, s/b : 0.207
Steps : 265045, Gen Loss Total : 28.445, Mel-Spec. Error : 0.300, s/b : 0.214
Steps : 265050, Gen Loss Total : 29.209, Mel-Spec. Error : 0.315, s/b : 0.212
Steps : 265055, Gen Loss Total : 28.292, Mel-Spec. Error : 0.324, s/b : 0.211
Steps : 265060, Gen Loss Total : 29.422, Mel-Spec. Error : 0.330, s/b : 0.215
Steps : 265065, Gen Loss Total : 31.419, Mel-Spec. Error : 0.329, s/b : 0.209
Steps : 265070, Gen Loss Total : 30.004, Mel-Spec. Error : 0.330, s/b : 0.211
Steps : 265075, Gen Loss Total : 29.512, Mel-Spec. Error : 0.320, s/b : 0.209
Steps : 265080, Gen Loss Total : 30.568, Mel-Spec. Error : 0.318, s/b : 0.209
Steps : 265085, Gen Loss Total : 31.335, Mel-Spec. Error : 0.318, s/b : 0.212
Steps : 265090, Gen Loss Total : 30.169, Mel-Spec. Error : 0.327, s/b : 0.210
Steps : 265095, Gen Loss Total : 27.386, Mel-Spec. Error : 0.305, s/b : 0.211
Steps : 265100, Gen Loss Total : 29.156, Mel-Spec. Error : 0.321, s/b : 0.208
Steps : 265105, Gen Loss Total : 29.936, Mel-Spec. Error : 0.323, s/b : 0.214
Steps : 265110, Gen Loss Total : 28.186, Mel-Spec. Error : 0.300, s/b : 0.210
Steps : 265115, Gen Loss Total : 30.889, Mel-Spec. Error : 0.321, s/b : 0.208
Steps : 265120, Gen Loss Total : 32.262, Mel-Spec. Error : 0.348, s/b : 0.210
Steps : 265125, Gen Loss Total : 30.711, Mel-Spec. Error : 0.310, s/b : 0.214
Steps : 265130, Gen Loss Total : 29.135, Mel-Spec. Error : 0.303, s/b : 0.213
Steps : 265135, Gen Loss Total : 31.192, Mel-Spec. Error : 0.326, s/b : 0.209
Steps : 265140, Gen Loss Total : 31.734, Mel-Spec. Error : 0.307, s/b : 0.210
Steps : 265145, Gen Loss Total : 30.778, Mel-Spec. Error : 0.311, s/b : 0.215
Steps : 265150, Gen Loss Total : 32.588, Mel-Spec. Error : 0.316, s/b : 0.205
Steps : 265155, Gen Loss Total : 31.378, Mel-Spec. Error : 0.309, s/b : 0.209
Steps : 265160, Gen Loss Total : 28.674, Mel-Spec. Error : 0.305, s/b : 0.212
Steps : 265165, Gen Loss Total : 29.885, Mel-Spec. Error : 0.298, s/b : 0.208
Steps : 265170, Gen Loss Total : 29.624, Mel-Spec. Error : 0.309, s/b : 0.211
Steps : 265175, Gen Loss Total : 29.319, Mel-Spec. Error : 0.298, s/b : 0.207
Steps : 265180, Gen Loss Total : 30.856, Mel-Spec. Error : 0.314, s/b : 0.209
Steps : 265185, Gen Loss Total : 32.062, Mel-Spec. Error : 0.326, s/b : 0.218
Steps : 265190, Gen Loss Total : 32.004, Mel-Spec. Error : 0.327, s/b : 0.207
Steps : 265195, Gen Loss Total : 31.117, Mel-Spec. Error : 0.327, s/b : 0.208
Steps : 265200, Gen Loss Total : 33.970, Mel-Spec. Error : 0.310, s/b : 0.208
Steps : 265205, Gen Loss Total : 32.415, Mel-Spec. Error : 0.313, s/b : 0.213
Steps : 265210, Gen Loss Total : 31.766, Mel-Spec. Error : 0.308, s/b : 0.212
Steps : 265215, Gen Loss Total : 30.156, Mel-Spec. Error : 0.312, s/b : 0.209
Steps : 265220, Gen Loss Total : 28.720, Mel-Spec. Error : 0.322, s/b : 0.211
Steps : 265225, Gen Loss Total : 31.668, Mel-Spec. Error : 0.328, s/b : 0.213
Steps : 265230, Gen Loss Total : 28.165, Mel-Spec. Error : 0.305, s/b : 0.210
Steps : 265235, Gen Loss Total : 30.471, Mel-Spec. Error : 0.317, s/b : 0.209
Steps : 265240, Gen Loss Total : 29.410, Mel-Spec. Error : 0.327, s/b : 0.210
Steps : 265245, Gen Loss Total : 28.699, Mel-Spec. Error : 0.325, s/b : 0.210
Steps : 265250, Gen Loss Total : 31.333, Mel-Spec. Error : 0.330, s/b : 0.208
Steps : 265255, Gen Loss Total : 30.769, Mel-Spec. Error : 0.319, s/b : 0.212
Steps : 265260, Gen Loss Total : 30.139, Mel-Spec. Error : 0.316, s/b : 0.209
Steps : 265265, Gen Loss Total : 30.807, Mel-Spec. Error : 0.317, s/b : 0.209
Steps : 265270, Gen Loss Total : 29.790, Mel-Spec. Error : 0.314, s/b : 0.210
Steps : 265275, Gen Loss Total : 29.459, Mel-Spec. Error : 0.314, s/b : 0.209
Steps : 265280, Gen Loss Total : 28.125, Mel-Spec. Error : 0.297, s/b : 0.207
Steps : 265285, Gen Loss Total : 31.797, Mel-Spec. Error : 0.320, s/b : 0.211
Steps : 265290, Gen Loss Total : 32.036, Mel-Spec. Error : 0.324, s/b : 0.212
Steps : 265295, Gen Loss Total : 29.053, Mel-Spec. Error : 0.303, s/b : 0.211
Steps : 265300, Gen Loss Total : 28.417, Mel-Spec. Error : 0.319, s/b : 0.209
Steps : 265305, Gen Loss Total : 26.811, Mel-Spec. Error : 0.298, s/b : 0.213
Steps : 265310, Gen Loss Total : 30.175, Mel-Spec. Error : 0.332, s/b : 0.214
Steps : 265315, Gen Loss Total : 34.762, Mel-Spec. Error : 0.325, s/b : 0.212
Steps : 265320, Gen Loss Total : 30.813, Mel-Spec. Error : 0.327, s/b : 0.212
Steps : 265325, Gen Loss Total : 30.775, Mel-Spec. Error : 0.327, s/b : 0.210
Steps : 265330, Gen Loss Total : 31.508, Mel-Spec. Error : 0.346, s/b : 0.212
Steps : 265335, Gen Loss Total : 28.637, Mel-Spec. Error : 0.317, s/b : 0.217
Steps : 265340, Gen Loss Total : 29.328, Mel-Spec. Error : 0.317, s/b : 0.212
Steps : 265345, Gen Loss Total : 28.266, Mel-Spec. Error : 0.317, s/b : 0.214
Steps : 265350, Gen Loss Total : 31.898, Mel-Spec. Error : 0.340, s/b : 0.210
Steps : 265355, Gen Loss Total : 30.917, Mel-Spec. Error : 0.307, s/b : 0.208
Steps : 265360, Gen Loss Total : 30.656, Mel-Spec. Error : 0.309, s/b : 0.210
Steps : 265365, Gen Loss Total : 28.614, Mel-Spec. Error : 0.322, s/b : 0.215
Steps : 265370, Gen Loss Total : 29.594, Mel-Spec. Error : 0.313, s/b : 0.209
Steps : 265375, Gen Loss Total : 29.401, Mel-Spec. Error : 0.317, s/b : 0.207
Steps : 265380, Gen Loss Total : 28.811, Mel-Spec. Error : 0.323, s/b : 0.215
Steps : 265385, Gen Loss Total : 29.203, Mel-Spec. Error : 0.303, s/b : 0.210
Steps : 265390, Gen Loss Total : 29.097, Mel-Spec. Error : 0.304, s/b : 0.208
Steps : 265395, Gen Loss Total : 30.351, Mel-Spec. Error : 0.303, s/b : 0.208
Steps : 265400, Gen Loss Total : 31.660, Mel-Spec. Error : 0.332, s/b : 0.210
Steps : 265405, Gen Loss Total : 28.875, Mel-Spec. Error : 0.323, s/b : 0.211
Steps : 265410, Gen Loss Total : 29.842, Mel-Spec. Error : 0.305, s/b : 0.209
Steps : 265415, Gen Loss Total : 32.761, Mel-Spec. Error : 0.328, s/b : 0.209
Steps : 265420, Gen Loss Total : 32.121, Mel-Spec. Error : 0.322, s/b : 0.211
Steps : 265425, Gen Loss Total : 28.482, Mel-Spec. Error : 0.319, s/b : 0.214
Steps : 265430, Gen Loss Total : 30.756, Mel-Spec. Error : 0.311, s/b : 0.209
Steps : 265435, Gen Loss Total : 31.304, Mel-Spec. Error : 0.316, s/b : 0.211
Steps : 265440, Gen Loss Total : 29.857, Mel-Spec. Error : 0.309, s/b : 0.206
Steps : 265445, Gen Loss Total : 31.977, Mel-Spec. Error : 0.312, s/b : 0.213
Steps : 265450, Gen Loss Total : 31.376, Mel-Spec. Error : 0.313, s/b : 0.209
Steps : 265455, Gen Loss Total : 34.586, Mel-Spec. Error : 0.319, s/b : 0.208
Steps : 265460, Gen Loss Total : 30.412, Mel-Spec. Error : 0.312, s/b : 0.208
Steps : 265465, Gen Loss Total : 31.936, Mel-Spec. Error : 0.332, s/b : 0.210
Steps : 265470, Gen Loss Total : 33.127, Mel-Spec. Error : 0.321, s/b : 0.211
Steps : 265475, Gen Loss Total : 32.302, Mel-Spec. Error : 0.338, s/b : 0.208
Steps : 265480, Gen Loss Total : 33.755, Mel-Spec. Error : 0.356, s/b : 0.208
Steps : 265485, Gen Loss Total : 32.890, Mel-Spec. Error : 0.354, s/b : 0.214
Steps : 265490, Gen Loss Total : 30.718, Mel-Spec. Error : 0.334, s/b : 0.209
Steps : 265495, Gen Loss Total : 30.709, Mel-Spec. Error : 0.320, s/b : 0.209
Steps : 265500, Gen Loss Total : 30.907, Mel-Spec. Error : 0.320, s/b : 0.207
Steps : 265505, Gen Loss Total : 30.682, Mel-Spec. Error : 0.317, s/b : 0.213
Steps : 265510, Gen Loss Total : 30.677, Mel-Spec. Error : 0.323, s/b : 0.210
Steps : 265515, Gen Loss Total : 30.862, Mel-Spec. Error : 0.315, s/b : 0.208
Steps : 265520, Gen Loss Total : 28.782, Mel-Spec. Error : 0.319, s/b : 0.211
Steps : 265525, Gen Loss Total : 30.021, Mel-Spec. Error : 0.317, s/b : 0.213
Steps : 265530, Gen Loss Total : 33.071, Mel-Spec. Error : 0.320, s/b : 0.209
Steps : 265535, Gen Loss Total : 31.095, Mel-Spec. Error : 0.314, s/b : 0.210
Steps : 265540, Gen Loss Total : 30.194, Mel-Spec. Error : 0.316, s/b : 0.213
Steps : 265545, Gen Loss Total : 30.110, Mel-Spec. Error : 0.325, s/b : 0.216
Steps : 265550, Gen Loss Total : 33.674, Mel-Spec. Error : 0.329, s/b : 0.210
Steps : 265555, Gen Loss Total : 29.390, Mel-Spec. Error : 0.303, s/b : 0.209
Steps : 265560, Gen Loss Total : 30.155, Mel-Spec. Error : 0.312, s/b : 0.208
Steps : 265565, Gen Loss Total : 29.435, Mel-Spec. Error : 0.307, s/b : 0.212
Steps : 265570, Gen Loss Total : 30.641, Mel-Spec. Error : 0.340, s/b : 0.208
Steps : 265575, Gen Loss Total : 29.101, Mel-Spec. Error : 0.321, s/b : 0.210
Steps : 265580, Gen Loss Total : 31.042, Mel-Spec. Error : 0.329, s/b : 0.208
Steps : 265585, Gen Loss Total : 30.306, Mel-Spec. Error : 0.317, s/b : 0.218
Steps : 265590, Gen Loss Total : 30.012, Mel-Spec. Error : 0.319, s/b : 0.214
Steps : 265595, Gen Loss Total : 31.266, Mel-Spec. Error : 0.320, s/b : 0.205
Steps : 265600, Gen Loss Total : 28.875, Mel-Spec. Error : 0.325, s/b : 0.209
Steps : 265605, Gen Loss Total : 32.569, Mel-Spec. Error : 0.313, s/b : 0.212
Steps : 265610, Gen Loss Total : 30.177, Mel-Spec. Error : 0.320, s/b : 0.209
Steps : 265615, Gen Loss Total : 33.607, Mel-Spec. Error : 0.362, s/b : 0.208
Steps : 265620, Gen Loss Total : 32.079, Mel-Spec. Error : 0.327, s/b : 0.214
Steps : 265625, Gen Loss Total : 30.782, Mel-Spec. Error : 0.333, s/b : 0.214
Steps : 265630, Gen Loss Total : 33.202, Mel-Spec. Error : 0.307, s/b : 0.208
Steps : 265635, Gen Loss Total : 31.894, Mel-Spec. Error : 0.322, s/b : 0.209
Steps : 265640, Gen Loss Total : 30.378, Mel-Spec. Error : 0.318, s/b : 0.208
Steps : 265645, Gen Loss Total : 29.129, Mel-Spec. Error : 0.311, s/b : 0.213
Steps : 265650, Gen Loss Total : 30.936, Mel-Spec. Error : 0.314, s/b : 0.208
Steps : 265655, Gen Loss Total : 30.620, Mel-Spec. Error : 0.334, s/b : 0.206
Steps : 265660, Gen Loss Total : 28.614, Mel-Spec. Error : 0.314, s/b : 0.206
Steps : 265665, Gen Loss Total : 29.006, Mel-Spec. Error : 0.322, s/b : 0.212
Steps : 265670, Gen Loss Total : 30.564, Mel-Spec. Error : 0.318, s/b : 0.211
Steps : 265675, Gen Loss Total : 32.340, Mel-Spec. Error : 0.315, s/b : 0.210
Steps : 265680, Gen Loss Total : 29.792, Mel-Spec. Error : 0.311, s/b : 0.207
Steps : 265685, Gen Loss Total : 27.213, Mel-Spec. Error : 0.312, s/b : 0.213
Steps : 265690, Gen Loss Total : 29.976, Mel-Spec. Error : 0.311, s/b : 0.207
Steps : 265695, Gen Loss Total : 29.783, Mel-Spec. Error : 0.313, s/b : 0.211
Steps : 265700, Gen Loss Total : 30.432, Mel-Spec. Error : 0.326, s/b : 0.210
Steps : 265705, Gen Loss Total : 28.956, Mel-Spec. Error : 0.314, s/b : 0.210
Steps : 265710, Gen Loss Total : 30.243, Mel-Spec. Error : 0.310, s/b : 0.206
Steps : 265715, Gen Loss Total : 27.446, Mel-Spec. Error : 0.315, s/b : 0.212
Steps : 265720, Gen Loss Total : 29.702, Mel-Spec. Error : 0.316, s/b : 0.213
Steps : 265725, Gen Loss Total : 27.767, Mel-Spec. Error : 0.315, s/b : 0.212
Steps : 265730, Gen Loss Total : 32.521, Mel-Spec. Error : 0.334, s/b : 0.212
Steps : 265735, Gen Loss Total : 32.688, Mel-Spec. Error : 0.343, s/b : 0.209
Steps : 265740, Gen Loss Total : 32.406, Mel-Spec. Error : 0.350, s/b : 0.210
Steps : 265745, Gen Loss Total : 28.967, Mel-Spec. Error : 0.330, s/b : 0.215
Steps : 265750, Gen Loss Total : 29.402, Mel-Spec. Error : 0.320, s/b : 0.211
Steps : 265755, Gen Loss Total : 32.443, Mel-Spec. Error : 0.311, s/b : 0.214
Steps : 265760, Gen Loss Total : 31.289, Mel-Spec. Error : 0.316, s/b : 0.209
Steps : 265765, Gen Loss Total : 29.495, Mel-Spec. Error : 0.313, s/b : 0.215
Steps : 265770, Gen Loss Total : 29.900, Mel-Spec. Error : 0.302, s/b : 0.207
Steps : 265775, Gen Loss Total : 31.531, Mel-Spec. Error : 0.308, s/b : 0.214
Steps : 265780, Gen Loss Total : 31.143, Mel-Spec. Error : 0.314, s/b : 0.206
Steps : 265785, Gen Loss Total : 28.574, Mel-Spec. Error : 0.302, s/b : 0.210
Steps : 265790, Gen Loss Total : 32.332, Mel-Spec. Error : 0.315, s/b : 0.210
Steps : 265795, Gen Loss Total : 29.863, Mel-Spec. Error : 0.305, s/b : 0.209
Steps : 265800, Gen Loss Total : 29.441, Mel-Spec. Error : 0.313, s/b : 0.209
Steps : 265805, Gen Loss Total : 29.232, Mel-Spec. Error : 0.306, s/b : 0.213
Steps : 265810, Gen Loss Total : 31.915, Mel-Spec. Error : 0.315, s/b : 0.213
Steps : 265815, Gen Loss Total : 31.264, Mel-Spec. Error : 0.320, s/b : 0.212
Steps : 265820, Gen Loss Total : 32.524, Mel-Spec. Error : 0.322, s/b : 0.211
Steps : 265825, Gen Loss Total : 30.616, Mel-Spec. Error : 0.322, s/b : 0.210
Steps : 265830, Gen Loss Total : 31.901, Mel-Spec. Error : 0.315, s/b : 0.208
Steps : 265835, Gen Loss Total : 30.134, Mel-Spec. Error : 0.309, s/b : 0.209
Steps : 265840, Gen Loss Total : 30.058, Mel-Spec. Error : 0.319, s/b : 0.212
Steps : 265845, Gen Loss Total : 31.113, Mel-Spec. Error : 0.322, s/b : 0.216
Steps : 265850, Gen Loss Total : 29.764, Mel-Spec. Error : 0.308, s/b : 0.212
Steps : 265855, Gen Loss Total : 31.514, Mel-Spec. Error : 0.321, s/b : 0.208
Steps : 265860, Gen Loss Total : 29.398, Mel-Spec. Error : 0.305, s/b : 0.210
Steps : 265865, Gen Loss Total : 29.687, Mel-Spec. Error : 0.318, s/b : 0.212
Steps : 265870, Gen Loss Total : 31.666, Mel-Spec. Error : 0.323, s/b : 0.208
Steps : 265875, Gen Loss Total : 29.272, Mel-Spec. Error : 0.341, s/b : 0.208
Steps : 265880, Gen Loss Total : 31.564, Mel-Spec. Error : 0.326, s/b : 0.209
Steps : 265885, Gen Loss Total : 28.569, Mel-Spec. Error : 0.307, s/b : 0.214
Steps : 265890, Gen Loss Total : 31.270, Mel-Spec. Error : 0.313, s/b : 0.212
Steps : 265895, Gen Loss Total : 29.161, Mel-Spec. Error : 0.313, s/b : 0.209
Steps : 265900, Gen Loss Total : 30.782, Mel-Spec. Error : 0.328, s/b : 0.209
Steps : 265905, Gen Loss Total : 30.011, Mel-Spec. Error : 0.313, s/b : 0.212
Steps : 265910, Gen Loss Total : 31.423, Mel-Spec. Error : 0.320, s/b : 0.209
Steps : 265915, Gen Loss Total : 31.730, Mel-Spec. Error : 0.315, s/b : 0.207
Steps : 265920, Gen Loss Total : 32.645, Mel-Spec. Error : 0.340, s/b : 0.205
Steps : 265925, Gen Loss Total : 32.913, Mel-Spec. Error : 0.357, s/b : 0.211
Steps : 265930, Gen Loss Total : 29.452, Mel-Spec. Error : 0.320, s/b : 0.208
Steps : 265935, Gen Loss Total : 30.680, Mel-Spec. Error : 0.315, s/b : 0.209
Steps : 265940, Gen Loss Total : 29.171, Mel-Spec. Error : 0.305, s/b : 0.210
Steps : 265945, Gen Loss Total : 30.966, Mel-Spec. Error : 0.310, s/b : 0.213
Steps : 265950, Gen Loss Total : 31.569, Mel-Spec. Error : 0.336, s/b : 0.209
Steps : 265955, Gen Loss Total : 30.889, Mel-Spec. Error : 0.326, s/b : 0.207
Steps : 265960, Gen Loss Total : 28.271, Mel-Spec. Error : 0.322, s/b : 0.208
Steps : 265965, Gen Loss Total : 28.093, Mel-Spec. Error : 0.319, s/b : 0.211
Steps : 265970, Gen Loss Total : 29.060, Mel-Spec. Error : 0.309, s/b : 0.208
Steps : 265975, Gen Loss Total : 31.005, Mel-Spec. Error : 0.312, s/b : 0.210
Steps : 265980, Gen Loss Total : 28.543, Mel-Spec. Error : 0.287, s/b : 0.210
Steps : 265985, Gen Loss Total : 30.899, Mel-Spec. Error : 0.323, s/b : 0.210
Steps : 265990, Gen Loss Total : 30.085, Mel-Spec. Error : 0.311, s/b : 0.211
Steps : 265995, Gen Loss Total : 30.428, Mel-Spec. Error : 0.319, s/b : 0.207
Steps : 266000, Gen Loss Total : 31.317, Mel-Spec. Error : 0.322, s/b : 0.208
Steps : 266005, Gen Loss Total : 31.701, Mel-Spec. Error : 0.307, s/b : 0.215
Steps : 266010, Gen Loss Total : 32.207, Mel-Spec. Error : 0.304, s/b : 0.210
Steps : 266015, Gen Loss Total : 31.981, Mel-Spec. Error : 0.304, s/b : 0.214
Steps : 266020, Gen Loss Total : 30.640, Mel-Spec. Error : 0.328, s/b : 0.210
Steps : 266025, Gen Loss Total : 28.973, Mel-Spec. Error : 0.320, s/b : 0.209
Steps : 266030, Gen Loss Total : 31.513, Mel-Spec. Error : 0.321, s/b : 0.209
Steps : 266035, Gen Loss Total : 30.438, Mel-Spec. Error : 0.312, s/b : 0.212
Steps : 266040, Gen Loss Total : 29.629, Mel-Spec. Error : 0.323, s/b : 0.213
Steps : 266045, Gen Loss Total : 30.167, Mel-Spec. Error : 0.308, s/b : 0.212
Steps : 266050, Gen Loss Total : 32.634, Mel-Spec. Error : 0.324, s/b : 0.209
Steps : 266055, Gen Loss Total : 28.531, Mel-Spec. Error : 0.305, s/b : 0.211
Steps : 266060, Gen Loss Total : 31.010, Mel-Spec. Error : 0.319, s/b : 0.209
Steps : 266065, Gen Loss Total : 31.423, Mel-Spec. Error : 0.312, s/b : 0.210
Steps : 266070, Gen Loss Total : 31.005, Mel-Spec. Error : 0.303, s/b : 0.208
Steps : 266075, Gen Loss Total : 34.782, Mel-Spec. Error : 0.309, s/b : 0.211
Steps : 266080, Gen Loss Total : 31.054, Mel-Spec. Error : 0.315, s/b : 0.210
Steps : 266085, Gen Loss Total : 31.299, Mel-Spec. Error : 0.312, s/b : 0.213
Steps : 266090, Gen Loss Total : 33.940, Mel-Spec. Error : 0.330, s/b : 0.209
Steps : 266095, Gen Loss Total : 30.630, Mel-Spec. Error : 0.310, s/b : 0.208
Steps : 266100, Gen Loss Total : 30.415, Mel-Spec. Error : 0.312, s/b : 0.208
Steps : 266105, Gen Loss Total : 32.230, Mel-Spec. Error : 0.327, s/b : 0.215
Steps : 266110, Gen Loss Total : 27.463, Mel-Spec. Error : 0.309, s/b : 0.209
Steps : 266115, Gen Loss Total : 29.075, Mel-Spec. Error : 0.322, s/b : 0.207
Steps : 266120, Gen Loss Total : 30.588, Mel-Spec. Error : 0.311, s/b : 0.210
Steps : 266125, Gen Loss Total : 31.773, Mel-Spec. Error : 0.313, s/b : 0.212
Steps : 266130, Gen Loss Total : 29.589, Mel-Spec. Error : 0.338, s/b : 0.210
Steps : 266135, Gen Loss Total : 31.328, Mel-Spec. Error : 0.327, s/b : 0.208
Steps : 266140, Gen Loss Total : 27.955, Mel-Spec. Error : 0.329, s/b : 0.209
Steps : 266145, Gen Loss Total : 30.324, Mel-Spec. Error : 0.307, s/b : 0.211
Steps : 266150, Gen Loss Total : 29.160, Mel-Spec. Error : 0.307, s/b : 0.211
Steps : 266155, Gen Loss Total : 28.137, Mel-Spec. Error : 0.322, s/b : 0.212
Steps : 266160, Gen Loss Total : 29.998, Mel-Spec. Error : 0.330, s/b : 0.213
Steps : 266165, Gen Loss Total : 28.411, Mel-Spec. Error : 0.328, s/b : 0.217
Steps : 266170, Gen Loss Total : 30.380, Mel-Spec. Error : 0.325, s/b : 0.206
Steps : 266175, Gen Loss Total : 28.822, Mel-Spec. Error : 0.319, s/b : 0.207
Steps : 266180, Gen Loss Total : 29.644, Mel-Spec. Error : 0.323, s/b : 0.208
Steps : 266185, Gen Loss Total : 29.288, Mel-Spec. Error : 0.323, s/b : 0.213
Steps : 266190, Gen Loss Total : 29.469, Mel-Spec. Error : 0.325, s/b : 0.210
Steps : 266195, Gen Loss Total : 28.758, Mel-Spec. Error : 0.320, s/b : 0.209
Steps : 266200, Gen Loss Total : 33.688, Mel-Spec. Error : 0.318, s/b : 0.207
Steps : 266205, Gen Loss Total : 31.360, Mel-Spec. Error : 0.320, s/b : 0.213
Steps : 266210, Gen Loss Total : 29.991, Mel-Spec. Error : 0.316, s/b : 0.207
Steps : 266215, Gen Loss Total : 29.337, Mel-Spec. Error : 0.319, s/b : 0.208
Steps : 266220, Gen Loss Total : 30.961, Mel-Spec. Error : 0.324, s/b : 0.211
Steps : 266225, Gen Loss Total : 30.989, Mel-Spec. Error : 0.319, s/b : 0.212
Steps : 266230, Gen Loss Total : 33.131, Mel-Spec. Error : 0.315, s/b : 0.210
Steps : 266235, Gen Loss Total : 29.889, Mel-Spec. Error : 0.315, s/b : 0.207
Steps : 266240, Gen Loss Total : 28.756, Mel-Spec. Error : 0.315, s/b : 0.210
Steps : 266245, Gen Loss Total : 28.748, Mel-Spec. Error : 0.312, s/b : 0.211
Steps : 266250, Gen Loss Total : 29.494, Mel-Spec. Error : 0.317, s/b : 0.208
Steps : 266255, Gen Loss Total : 28.345, Mel-Spec. Error : 0.319, s/b : 0.209
Steps : 266260, Gen Loss Total : 28.550, Mel-Spec. Error : 0.309, s/b : 0.212
Steps : 266265, Gen Loss Total : 29.021, Mel-Spec. Error : 0.305, s/b : 0.211
Steps : 266270, Gen Loss Total : 27.920, Mel-Spec. Error : 0.309, s/b : 0.216
Steps : 266275, Gen Loss Total : 30.135, Mel-Spec. Error : 0.298, s/b : 0.213
Steps : 266280, Gen Loss Total : 30.438, Mel-Spec. Error : 0.310, s/b : 0.210
Steps : 266285, Gen Loss Total : 29.622, Mel-Spec. Error : 0.312, s/b : 0.213
Steps : 266290, Gen Loss Total : 31.615, Mel-Spec. Error : 0.328, s/b : 0.207
Steps : 266295, Gen Loss Total : 28.264, Mel-Spec. Error : 0.301, s/b : 0.208
Steps : 266300, Gen Loss Total : 28.913, Mel-Spec. Error : 0.313, s/b : 0.220
Steps : 266305, Gen Loss Total : 29.350, Mel-Spec. Error : 0.310, s/b : 0.208
Steps : 266310, Gen Loss Total : 27.330, Mel-Spec. Error : 0.326, s/b : 0.216
Steps : 266315, Gen Loss Total : 33.452, Mel-Spec. Error : 0.343, s/b : 0.215
Steps : 266320, Gen Loss Total : 30.434, Mel-Spec. Error : 0.330, s/b : 0.214
Steps : 266325, Gen Loss Total : 26.964, Mel-Spec. Error : 0.319, s/b : 0.210
Steps : 266330, Gen Loss Total : 30.895, Mel-Spec. Error : 0.322, s/b : 0.211
Steps : 266335, Gen Loss Total : 31.669, Mel-Spec. Error : 0.327, s/b : 0.210
Steps : 266340, Gen Loss Total : 31.170, Mel-Spec. Error : 0.314, s/b : 0.210
Steps : 266345, Gen Loss Total : 30.493, Mel-Spec. Error : 0.308, s/b : 0.212
Steps : 266350, Gen Loss Total : 29.909, Mel-Spec. Error : 0.316, s/b : 0.208
Steps : 266355, Gen Loss Total : 30.322, Mel-Spec. Error : 0.321, s/b : 0.211
Steps : 266360, Gen Loss Total : 30.038, Mel-Spec. Error : 0.309, s/b : 0.211
Steps : 266365, Gen Loss Total : 28.321, Mel-Spec. Error : 0.308, s/b : 0.213
Steps : 266370, Gen Loss Total : 29.226, Mel-Spec. Error : 0.323, s/b : 0.210
Steps : 266375, Gen Loss Total : 27.119, Mel-Spec. Error : 0.309, s/b : 0.211
Steps : 266380, Gen Loss Total : 30.528, Mel-Spec. Error : 0.312, s/b : 0.211
Steps : 266385, Gen Loss Total : 30.991, Mel-Spec. Error : 0.325, s/b : 0.213
Steps : 266390, Gen Loss Total : 27.875, Mel-Spec. Error : 0.310, s/b : 0.210
Steps : 266395, Gen Loss Total : 31.152, Mel-Spec. Error : 0.314, s/b : 0.207
Time taken for epoch 149 is 662 sec

Epoch: 150
Steps : 266400, Gen Loss Total : 31.846, Mel-Spec. Error : 0.321, s/b : 0.214
Steps : 266405, Gen Loss Total : 27.927, Mel-Spec. Error : 0.306, s/b : 0.221
Steps : 266410, Gen Loss Total : 28.222, Mel-Spec. Error : 0.311, s/b : 0.211
Steps : 266415, Gen Loss Total : 29.388, Mel-Spec. Error : 0.301, s/b : 0.214
Steps : 266420, Gen Loss Total : 30.411, Mel-Spec. Error : 0.310, s/b : 0.217
Steps : 266425, Gen Loss Total : 30.664, Mel-Spec. Error : 0.304, s/b : 0.212
Steps : 266430, Gen Loss Total : 34.784, Mel-Spec. Error : 0.313, s/b : 0.215
Steps : 266435, Gen Loss Total : 35.116, Mel-Spec. Error : 0.321, s/b : 0.214
Steps : 266440, Gen Loss Total : 31.372, Mel-Spec. Error : 0.328, s/b : 0.212
Steps : 266445, Gen Loss Total : 31.053, Mel-Spec. Error : 0.327, s/b : 0.208
Steps : 266450, Gen Loss Total : 29.220, Mel-Spec. Error : 0.323, s/b : 0.213
Steps : 266455, Gen Loss Total : 31.893, Mel-Spec. Error : 0.327, s/b : 0.211
Steps : 266460, Gen Loss Total : 28.340, Mel-Spec. Error : 0.320, s/b : 0.212
Steps : 266465, Gen Loss Total : 28.435, Mel-Spec. Error : 0.319, s/b : 0.211
Steps : 266470, Gen Loss Total : 29.025, Mel-Spec. Error : 0.306, s/b : 0.216
Steps : 266475, Gen Loss Total : 31.293, Mel-Spec. Error : 0.320, s/b : 0.208
Steps : 266480, Gen Loss Total : 30.840, Mel-Spec. Error : 0.324, s/b : 0.212
Steps : 266485, Gen Loss Total : 30.872, Mel-Spec. Error : 0.315, s/b : 0.206
Steps : 266490, Gen Loss Total : 29.360, Mel-Spec. Error : 0.313, s/b : 0.211
Steps : 266495, Gen Loss Total : 26.844, Mel-Spec. Error : 0.307, s/b : 0.210
Steps : 266500, Gen Loss Total : 31.293, Mel-Spec. Error : 0.329, s/b : 0.210
Steps : 266505, Gen Loss Total : 28.743, Mel-Spec. Error : 0.313, s/b : 0.210
Steps : 266510, Gen Loss Total : 28.422, Mel-Spec. Error : 0.333, s/b : 0.214
Steps : 266515, Gen Loss Total : 27.283, Mel-Spec. Error : 0.300, s/b : 0.210
Steps : 266520, Gen Loss Total : 27.144, Mel-Spec. Error : 0.308, s/b : 0.207
Steps : 266525, Gen Loss Total : 31.509, Mel-Spec. Error : 0.327, s/b : 0.207
Steps : 266530, Gen Loss Total : 26.715, Mel-Spec. Error : 0.296, s/b : 0.211
Steps : 266535, Gen Loss Total : 27.182, Mel-Spec. Error : 0.306, s/b : 0.209
Steps : 266540, Gen Loss Total : 28.246, Mel-Spec. Error : 0.306, s/b : 0.212
Steps : 266545, Gen Loss Total : 28.996, Mel-Spec. Error : 0.316, s/b : 0.209
Steps : 266550, Gen Loss Total : 30.550, Mel-Spec. Error : 0.300, s/b : 0.214
Steps : 266555, Gen Loss Total : 31.404, Mel-Spec. Error : 0.301, s/b : 0.211
Steps : 266560, Gen Loss Total : 28.531, Mel-Spec. Error : 0.328, s/b : 0.214
Steps : 266565, Gen Loss Total : 30.073, Mel-Spec. Error : 0.315, s/b : 0.208
Steps : 266570, Gen Loss Total : 30.378, Mel-Spec. Error : 0.305, s/b : 0.219
Steps : 266575, Gen Loss Total : 28.210, Mel-Spec. Error : 0.327, s/b : 0.213
Steps : 266580, Gen Loss Total : 29.635, Mel-Spec. Error : 0.324, s/b : 0.209
Steps : 266585, Gen Loss Total : 30.583, Mel-Spec. Error : 0.329, s/b : 0.211
Steps : 266590, Gen Loss Total : 31.036, Mel-Spec. Error : 0.313, s/b : 0.212
Steps : 266595, Gen Loss Total : 29.642, Mel-Spec. Error : 0.323, s/b : 0.211
Steps : 266600, Gen Loss Total : 29.704, Mel-Spec. Error : 0.315, s/b : 0.211
Steps : 266605, Gen Loss Total : 30.384, Mel-Spec. Error : 0.320, s/b : 0.210
Steps : 266610, Gen Loss Total : 29.385, Mel-Spec. Error : 0.316, s/b : 0.215
Steps : 266615, Gen Loss Total : 27.799, Mel-Spec. Error : 0.304, s/b : 0.212
Steps : 266620, Gen Loss Total : 27.577, Mel-Spec. Error : 0.328, s/b : 0.214
Steps : 266625, Gen Loss Total : 28.671, Mel-Spec. Error : 0.312, s/b : 0.209
Steps : 266630, Gen Loss Total : 29.584, Mel-Spec. Error : 0.334, s/b : 0.210
Steps : 266635, Gen Loss Total : 27.855, Mel-Spec. Error : 0.307, s/b : 0.211
Steps : 266640, Gen Loss Total : 30.777, Mel-Spec. Error : 0.311, s/b : 0.212
Steps : 266645, Gen Loss Total : 30.244, Mel-Spec. Error : 0.303, s/b : 0.207
Steps : 266650, Gen Loss Total : 27.339, Mel-Spec. Error : 0.307, s/b : 0.215
Steps : 266655, Gen Loss Total : 31.418, Mel-Spec. Error : 0.313, s/b : 0.211
Steps : 266660, Gen Loss Total : 28.584, Mel-Spec. Error : 0.315, s/b : 0.214
Steps : 266665, Gen Loss Total : 25.578, Mel-Spec. Error : 0.321, s/b : 0.212
Steps : 266670, Gen Loss Total : 27.937, Mel-Spec. Error : 0.323, s/b : 0.222
Steps : 266675, Gen Loss Total : 30.115, Mel-Spec. Error : 0.316, s/b : 0.209
Steps : 266680, Gen Loss Total : 30.680, Mel-Spec. Error : 0.307, s/b : 0.211
Steps : 266685, Gen Loss Total : 27.895, Mel-Spec. Error : 0.315, s/b : 0.209
Steps : 266690, Gen Loss Total : 28.127, Mel-Spec. Error : 0.311, s/b : 0.214
Steps : 266695, Gen Loss Total : 29.694, Mel-Spec. Error : 0.313, s/b : 0.211
Steps : 266700, Gen Loss Total : 29.703, Mel-Spec. Error : 0.312, s/b : 0.210
Steps : 266705, Gen Loss Total : 31.379, Mel-Spec. Error : 0.320, s/b : 0.208
Steps : 266710, Gen Loss Total : 28.197, Mel-Spec. Error : 0.297, s/b : 0.212
Steps : 266715, Gen Loss Total : 29.142, Mel-Spec. Error : 0.309, s/b : 0.214
Steps : 266720, Gen Loss Total : 30.163, Mel-Spec. Error : 0.317, s/b : 0.211
Steps : 266725, Gen Loss Total : 32.457, Mel-Spec. Error : 0.313, s/b : 0.211
Steps : 266730, Gen Loss Total : 30.122, Mel-Spec. Error : 0.327, s/b : 0.217
Steps : 266735, Gen Loss Total : 31.445, Mel-Spec. Error : 0.338, s/b : 0.213
Steps : 266740, Gen Loss Total : 29.261, Mel-Spec. Error : 0.321, s/b : 0.208
Steps : 266745, Gen Loss Total : 31.634, Mel-Spec. Error : 0.320, s/b : 0.208
Steps : 266750, Gen Loss Total : 28.433, Mel-Spec. Error : 0.319, s/b : 0.213
Steps : 266755, Gen Loss Total : 30.836, Mel-Spec. Error : 0.314, s/b : 0.214
Steps : 266760, Gen Loss Total : 29.667, Mel-Spec. Error : 0.327, s/b : 0.210
Steps : 266765, Gen Loss Total : 32.711, Mel-Spec. Error : 0.331, s/b : 0.211
Steps : 266770, Gen Loss Total : 30.132, Mel-Spec. Error : 0.310, s/b : 0.212
Steps : 266775, Gen Loss Total : 32.828, Mel-Spec. Error : 0.330, s/b : 0.211
Steps : 266780, Gen Loss Total : 31.777, Mel-Spec. Error : 0.318, s/b : 0.210
Steps : 266785, Gen Loss Total : 30.276, Mel-Spec. Error : 0.313, s/b : 0.211
Steps : 266790, Gen Loss Total : 31.968, Mel-Spec. Error : 0.332, s/b : 0.214
Steps : 266795, Gen Loss Total : 32.154, Mel-Spec. Error : 0.308, s/b : 0.211
Steps : 266800, Gen Loss Total : 28.943, Mel-Spec. Error : 0.306, s/b : 0.210
Steps : 266805, Gen Loss Total : 29.373, Mel-Spec. Error : 0.321, s/b : 0.210
Steps : 266810, Gen Loss Total : 29.391, Mel-Spec. Error : 0.319, s/b : 0.212
Steps : 266815, Gen Loss Total : 30.071, Mel-Spec. Error : 0.302, s/b : 0.211
Steps : 266820, Gen Loss Total : 29.992, Mel-Spec. Error : 0.309, s/b : 0.207
Steps : 266825, Gen Loss Total : 30.324, Mel-Spec. Error : 0.309, s/b : 0.208
Steps : 266830, Gen Loss Total : 28.778, Mel-Spec. Error : 0.304, s/b : 0.209
Steps : 266835, Gen Loss Total : 29.141, Mel-Spec. Error : 0.319, s/b : 0.208
Steps : 266840, Gen Loss Total : 32.017, Mel-Spec. Error : 0.323, s/b : 0.209
Steps : 266845, Gen Loss Total : 31.522, Mel-Spec. Error : 0.332, s/b : 0.208
Steps : 266850, Gen Loss Total : 29.317, Mel-Spec. Error : 0.303, s/b : 0.215
Steps : 266855, Gen Loss Total : 32.633, Mel-Spec. Error : 0.310, s/b : 0.211
Steps : 266860, Gen Loss Total : 30.864, Mel-Spec. Error : 0.334, s/b : 0.208
Steps : 266865, Gen Loss Total : 33.814, Mel-Spec. Error : 0.332, s/b : 0.210
Steps : 266870, Gen Loss Total : 35.542, Mel-Spec. Error : 0.330, s/b : 0.212
Steps : 266875, Gen Loss Total : 38.893, Mel-Spec. Error : 0.337, s/b : 0.211
Steps : 266880, Gen Loss Total : 40.159, Mel-Spec. Error : 0.330, s/b : 0.210
Steps : 266885, Gen Loss Total : 33.300, Mel-Spec. Error : 0.339, s/b : 0.209
Steps : 266890, Gen Loss Total : 32.983, Mel-Spec. Error : 0.326, s/b : 0.217
Steps : 266895, Gen Loss Total : 31.373, Mel-Spec. Error : 0.332, s/b : 0.209
Steps : 266900, Gen Loss Total : 31.472, Mel-Spec. Error : 0.347, s/b : 0.209
Steps : 266905, Gen Loss Total : 29.857, Mel-Spec. Error : 0.317, s/b : 0.210
Steps : 266910, Gen Loss Total : 29.222, Mel-Spec. Error : 0.313, s/b : 0.214
Steps : 266915, Gen Loss Total : 30.173, Mel-Spec. Error : 0.317, s/b : 0.209
Steps : 266920, Gen Loss Total : 29.113, Mel-Spec. Error : 0.316, s/b : 0.210
Steps : 266925, Gen Loss Total : 29.236, Mel-Spec. Error : 0.302, s/b : 0.210
Steps : 266930, Gen Loss Total : 30.823, Mel-Spec. Error : 0.321, s/b : 0.212
Steps : 266935, Gen Loss Total : 28.925, Mel-Spec. Error : 0.297, s/b : 0.212
Steps : 266940, Gen Loss Total : 33.488, Mel-Spec. Error : 0.318, s/b : 0.212
Steps : 266945, Gen Loss Total : 30.609, Mel-Spec. Error : 0.316, s/b : 0.212
Steps : 266950, Gen Loss Total : 31.107, Mel-Spec. Error : 0.325, s/b : 0.213
Steps : 266955, Gen Loss Total : 29.473, Mel-Spec. Error : 0.313, s/b : 0.213
Steps : 266960, Gen Loss Total : 31.200, Mel-Spec. Error : 0.322, s/b : 0.207
Steps : 266965, Gen Loss Total : 30.534, Mel-Spec. Error : 0.323, s/b : 0.210
Steps : 266970, Gen Loss Total : 29.297, Mel-Spec. Error : 0.313, s/b : 0.211
Steps : 266975, Gen Loss Total : 29.144, Mel-Spec. Error : 0.315, s/b : 0.213
Steps : 266980, Gen Loss Total : 27.442, Mel-Spec. Error : 0.325, s/b : 0.213
Steps : 266985, Gen Loss Total : 32.430, Mel-Spec. Error : 0.327, s/b : 0.210
Steps : 266990, Gen Loss Total : 29.945, Mel-Spec. Error : 0.317, s/b : 0.215
Steps : 266995, Gen Loss Total : 31.036, Mel-Spec. Error : 0.321, s/b : 0.212
Steps : 267000, Gen Loss Total : 25.961, Mel-Spec. Error : 0.298, s/b : 0.220
Steps : 267005, Gen Loss Total : 28.704, Mel-Spec. Error : 0.306, s/b : 0.211
Steps : 267010, Gen Loss Total : 30.120, Mel-Spec. Error : 0.302, s/b : 0.215
Steps : 267015, Gen Loss Total : 32.410, Mel-Spec. Error : 0.323, s/b : 0.207
Steps : 267020, Gen Loss Total : 30.692, Mel-Spec. Error : 0.305, s/b : 0.212
Steps : 267025, Gen Loss Total : 30.634, Mel-Spec. Error : 0.317, s/b : 0.210
Steps : 267030, Gen Loss Total : 30.317, Mel-Spec. Error : 0.316, s/b : 0.216
Steps : 267035, Gen Loss Total : 30.936, Mel-Spec. Error : 0.303, s/b : 0.210
Steps : 267040, Gen Loss Total : 32.835, Mel-Spec. Error : 0.346, s/b : 0.215
Steps : 267045, Gen Loss Total : 29.166, Mel-Spec. Error : 0.319, s/b : 0.209
Steps : 267050, Gen Loss Total : 31.428, Mel-Spec. Error : 0.315, s/b : 0.214
Steps : 267055, Gen Loss Total : 29.326, Mel-Spec. Error : 0.304, s/b : 0.209
Steps : 267060, Gen Loss Total : 27.716, Mel-Spec. Error : 0.301, s/b : 0.209
Steps : 267065, Gen Loss Total : 32.466, Mel-Spec. Error : 0.311, s/b : 0.213
Steps : 267070, Gen Loss Total : 30.325, Mel-Spec. Error : 0.315, s/b : 0.212
Steps : 267075, Gen Loss Total : 28.348, Mel-Spec. Error : 0.310, s/b : 0.216
Steps : 267080, Gen Loss Total : 27.703, Mel-Spec. Error : 0.306, s/b : 0.215
Steps : 267085, Gen Loss Total : 28.170, Mel-Spec. Error : 0.304, s/b : 0.211
Steps : 267090, Gen Loss Total : 30.908, Mel-Spec. Error : 0.332, s/b : 0.213
Steps : 267095, Gen Loss Total : 29.507, Mel-Spec. Error : 0.319, s/b : 0.215
Steps : 267100, Gen Loss Total : 31.619, Mel-Spec. Error : 0.313, s/b : 0.216
Steps : 267105, Gen Loss Total : 29.923, Mel-Spec. Error : 0.308, s/b : 0.210
Steps : 267110, Gen Loss Total : 28.502, Mel-Spec. Error : 0.308, s/b : 0.217
Steps : 267115, Gen Loss Total : 28.536, Mel-Spec. Error : 0.311, s/b : 0.210
Steps : 267120, Gen Loss Total : 31.065, Mel-Spec. Error : 0.317, s/b : 0.210
Steps : 267125, Gen Loss Total : 29.130, Mel-Spec. Error : 0.296, s/b : 0.210
Steps : 267130, Gen Loss Total : 29.583, Mel-Spec. Error : 0.318, s/b : 0.211
Steps : 267135, Gen Loss Total : 29.451, Mel-Spec. Error : 0.321, s/b : 0.208
Steps : 267140, Gen Loss Total : 29.448, Mel-Spec. Error : 0.300, s/b : 0.214
Steps : 267145, Gen Loss Total : 30.506, Mel-Spec. Error : 0.316, s/b : 0.210
Steps : 267150, Gen Loss Total : 30.937, Mel-Spec. Error : 0.307, s/b : 0.213
Steps : 267155, Gen Loss Total : 29.405, Mel-Spec. Error : 0.309, s/b : 0.207
Steps : 267160, Gen Loss Total : 31.610, Mel-Spec. Error : 0.323, s/b : 0.214
Steps : 267165, Gen Loss Total : 31.063, Mel-Spec. Error : 0.328, s/b : 0.206
Steps : 267170, Gen Loss Total : 32.335, Mel-Spec. Error : 0.324, s/b : 0.218
Steps : 267175, Gen Loss Total : 30.343, Mel-Spec. Error : 0.308, s/b : 0.208
Steps : 267180, Gen Loss Total : 35.436, Mel-Spec. Error : 0.313, s/b : 0.209
Steps : 267185, Gen Loss Total : 30.154, Mel-Spec. Error : 0.309, s/b : 0.210
Steps : 267190, Gen Loss Total : 28.966, Mel-Spec. Error : 0.305, s/b : 0.213
Steps : 267195, Gen Loss Total : 29.037, Mel-Spec. Error : 0.312, s/b : 0.208
Steps : 267200, Gen Loss Total : 31.257, Mel-Spec. Error : 0.316, s/b : 0.213
Steps : 267205, Gen Loss Total : 28.961, Mel-Spec. Error : 0.309, s/b : 0.213
Steps : 267210, Gen Loss Total : 31.000, Mel-Spec. Error : 0.331, s/b : 0.215
Steps : 267215, Gen Loss Total : 29.587, Mel-Spec. Error : 0.319, s/b : 0.209
Steps : 267220, Gen Loss Total : 29.724, Mel-Spec. Error : 0.327, s/b : 0.209
Steps : 267225, Gen Loss Total : 29.865, Mel-Spec. Error : 0.332, s/b : 0.209
Steps : 267230, Gen Loss Total : 33.417, Mel-Spec. Error : 0.324, s/b : 0.215
Steps : 267235, Gen Loss Total : 29.952, Mel-Spec. Error : 0.318, s/b : 0.212
Steps : 267240, Gen Loss Total : 31.058, Mel-Spec. Error : 0.317, s/b : 0.211
Steps : 267245, Gen Loss Total : 30.429, Mel-Spec. Error : 0.308, s/b : 0.207
Steps : 267250, Gen Loss Total : 33.914, Mel-Spec. Error : 0.337, s/b : 0.215
Steps : 267255, Gen Loss Total : 34.465, Mel-Spec. Error : 0.330, s/b : 0.210
Steps : 267260, Gen Loss Total : 30.793, Mel-Spec. Error : 0.319, s/b : 0.206
Steps : 267265, Gen Loss Total : 28.999, Mel-Spec. Error : 0.319, s/b : 0.206
Steps : 267270, Gen Loss Total : 27.873, Mel-Spec. Error : 0.312, s/b : 0.212
Steps : 267275, Gen Loss Total : 30.372, Mel-Spec. Error : 0.316, s/b : 0.215
Steps : 267280, Gen Loss Total : 29.015, Mel-Spec. Error : 0.307, s/b : 0.208
Steps : 267285, Gen Loss Total : 31.765, Mel-Spec. Error : 0.322, s/b : 0.213
Steps : 267290, Gen Loss Total : 29.817, Mel-Spec. Error : 0.317, s/b : 0.211
Steps : 267295, Gen Loss Total : 30.288, Mel-Spec. Error : 0.343, s/b : 0.213
Steps : 267300, Gen Loss Total : 29.948, Mel-Spec. Error : 0.330, s/b : 0.214
Steps : 267305, Gen Loss Total : 27.805, Mel-Spec. Error : 0.307, s/b : 0.213
Steps : 267310, Gen Loss Total : 29.442, Mel-Spec. Error : 0.311, s/b : 0.214
Steps : 267315, Gen Loss Total : 29.929, Mel-Spec. Error : 0.325, s/b : 0.216
Steps : 267320, Gen Loss Total : 30.266, Mel-Spec. Error : 0.315, s/b : 0.210
Steps : 267325, Gen Loss Total : 30.820, Mel-Spec. Error : 0.313, s/b : 0.212
Steps : 267330, Gen Loss Total : 29.698, Mel-Spec. Error : 0.320, s/b : 0.213
Steps : 267335, Gen Loss Total : 29.579, Mel-Spec. Error : 0.323, s/b : 0.215
Steps : 267340, Gen Loss Total : 31.500, Mel-Spec. Error : 0.324, s/b : 0.214
Steps : 267345, Gen Loss Total : 30.744, Mel-Spec. Error : 0.313, s/b : 0.211
Steps : 267350, Gen Loss Total : 32.101, Mel-Spec. Error : 0.306, s/b : 0.214
Steps : 267355, Gen Loss Total : 29.856, Mel-Spec. Error : 0.314, s/b : 0.211
Steps : 267360, Gen Loss Total : 30.281, Mel-Spec. Error : 0.312, s/b : 0.210
Steps : 267365, Gen Loss Total : 30.018, Mel-Spec. Error : 0.311, s/b : 0.211
Steps : 267370, Gen Loss Total : 29.712, Mel-Spec. Error : 0.316, s/b : 0.211
Steps : 267375, Gen Loss Total : 30.093, Mel-Spec. Error : 0.320, s/b : 0.210
Steps : 267380, Gen Loss Total : 29.583, Mel-Spec. Error : 0.312, s/b : 0.210
Steps : 267385, Gen Loss Total : 29.096, Mel-Spec. Error : 0.305, s/b : 0.208
Steps : 267390, Gen Loss Total : 27.641, Mel-Spec. Error : 0.312, s/b : 0.213
Steps : 267395, Gen Loss Total : 26.013, Mel-Spec. Error : 0.305, s/b : 0.212
Steps : 267400, Gen Loss Total : 29.068, Mel-Spec. Error : 0.317, s/b : 0.209
Steps : 267405, Gen Loss Total : 31.434, Mel-Spec. Error : 0.319, s/b : 0.210
Steps : 267410, Gen Loss Total : 30.143, Mel-Spec. Error : 0.314, s/b : 0.213
Steps : 267415, Gen Loss Total : 29.535, Mel-Spec. Error : 0.318, s/b : 0.211
Steps : 267420, Gen Loss Total : 29.034, Mel-Spec. Error : 0.323, s/b : 0.208
Steps : 267425, Gen Loss Total : 32.251, Mel-Spec. Error : 0.325, s/b : 0.208
Steps : 267430, Gen Loss Total : 31.669, Mel-Spec. Error : 0.326, s/b : 0.215
Steps : 267435, Gen Loss Total : 28.879, Mel-Spec. Error : 0.313, s/b : 0.209
Steps : 267440, Gen Loss Total : 31.116, Mel-Spec. Error : 0.321, s/b : 0.210
Steps : 267445, Gen Loss Total : 29.474, Mel-Spec. Error : 0.302, s/b : 0.208
Steps : 267450, Gen Loss Total : 28.507, Mel-Spec. Error : 0.312, s/b : 0.210
Steps : 267455, Gen Loss Total : 27.617, Mel-Spec. Error : 0.303, s/b : 0.213
Steps : 267460, Gen Loss Total : 30.249, Mel-Spec. Error : 0.313, s/b : 0.209
Steps : 267465, Gen Loss Total : 29.791, Mel-Spec. Error : 0.310, s/b : 0.212
Steps : 267470, Gen Loss Total : 30.574, Mel-Spec. Error : 0.315, s/b : 0.210
Steps : 267475, Gen Loss Total : 30.597, Mel-Spec. Error : 0.309, s/b : 0.209
Steps : 267480, Gen Loss Total : 28.755, Mel-Spec. Error : 0.294, s/b : 0.210
Steps : 267485, Gen Loss Total : 30.741, Mel-Spec. Error : 0.318, s/b : 0.206
Steps : 267490, Gen Loss Total : 32.426, Mel-Spec. Error : 0.312, s/b : 0.213
Steps : 267495, Gen Loss Total : 30.836, Mel-Spec. Error : 0.329, s/b : 0.207
Steps : 267500, Gen Loss Total : 33.371, Mel-Spec. Error : 0.318, s/b : 0.261
Steps : 267505, Gen Loss Total : 36.335, Mel-Spec. Error : 0.339, s/b : 0.248
Steps : 267510, Gen Loss Total : 32.843, Mel-Spec. Error : 0.325, s/b : 0.215
Steps : 267515, Gen Loss Total : 31.692, Mel-Spec. Error : 0.339, s/b : 0.219
Steps : 267520, Gen Loss Total : 35.397, Mel-Spec. Error : 0.328, s/b : 0.211
Steps : 267525, Gen Loss Total : 27.698, Mel-Spec. Error : 0.305, s/b : 0.210
Steps : 267530, Gen Loss Total : 28.355, Mel-Spec. Error : 0.308, s/b : 0.218
Steps : 267535, Gen Loss Total : 29.730, Mel-Spec. Error : 0.324, s/b : 0.207
Steps : 267540, Gen Loss Total : 29.318, Mel-Spec. Error : 0.305, s/b : 0.215
Steps : 267545, Gen Loss Total : 32.698, Mel-Spec. Error : 0.307, s/b : 0.207
Steps : 267550, Gen Loss Total : 31.755, Mel-Spec. Error : 0.318, s/b : 0.215
Steps : 267555, Gen Loss Total : 30.874, Mel-Spec. Error : 0.317, s/b : 0.208
Steps : 267560, Gen Loss Total : 30.996, Mel-Spec. Error : 0.329, s/b : 0.208
Steps : 267565, Gen Loss Total : 30.326, Mel-Spec. Error : 0.318, s/b : 0.209
Steps : 267570, Gen Loss Total : 29.094, Mel-Spec. Error : 0.316, s/b : 0.214
Steps : 267575, Gen Loss Total : 30.259, Mel-Spec. Error : 0.327, s/b : 0.212
Steps : 267580, Gen Loss Total : 33.566, Mel-Spec. Error : 0.325, s/b : 0.207
Steps : 267585, Gen Loss Total : 31.645, Mel-Spec. Error : 0.324, s/b : 0.211
Steps : 267590, Gen Loss Total : 27.195, Mel-Spec. Error : 0.309, s/b : 0.211
Steps : 267595, Gen Loss Total : 27.825, Mel-Spec. Error : 0.307, s/b : 0.208
Steps : 267600, Gen Loss Total : 29.630, Mel-Spec. Error : 0.315, s/b : 0.209
Steps : 267605, Gen Loss Total : 29.313, Mel-Spec. Error : 0.312, s/b : 0.209
Steps : 267610, Gen Loss Total : 31.443, Mel-Spec. Error : 0.323, s/b : 0.215
Steps : 267615, Gen Loss Total : 29.042, Mel-Spec. Error : 0.303, s/b : 0.211
Steps : 267620, Gen Loss Total : 31.045, Mel-Spec. Error : 0.316, s/b : 0.207
Steps : 267625, Gen Loss Total : 30.318, Mel-Spec. Error : 0.319, s/b : 0.209
Steps : 267630, Gen Loss Total : 29.280, Mel-Spec. Error : 0.322, s/b : 0.216
Steps : 267635, Gen Loss Total : 28.992, Mel-Spec. Error : 0.316, s/b : 0.210
Steps : 267640, Gen Loss Total : 31.820, Mel-Spec. Error : 0.314, s/b : 0.210
Steps : 267645, Gen Loss Total : 29.919, Mel-Spec. Error : 0.328, s/b : 0.209
Steps : 267650, Gen Loss Total : 29.394, Mel-Spec. Error : 0.316, s/b : 0.211
Steps : 267655, Gen Loss Total : 31.185, Mel-Spec. Error : 0.318, s/b : 0.208
Steps : 267660, Gen Loss Total : 30.211, Mel-Spec. Error : 0.316, s/b : 0.212
Steps : 267665, Gen Loss Total : 29.839, Mel-Spec. Error : 0.313, s/b : 0.210
Steps : 267670, Gen Loss Total : 29.951, Mel-Spec. Error : 0.312, s/b : 0.218
Steps : 267675, Gen Loss Total : 25.541, Mel-Spec. Error : 0.301, s/b : 0.209
Steps : 267680, Gen Loss Total : 29.282, Mel-Spec. Error : 0.312, s/b : 0.210
Steps : 267685, Gen Loss Total : 31.646, Mel-Spec. Error : 0.309, s/b : 0.210
Steps : 267690, Gen Loss Total : 28.151, Mel-Spec. Error : 0.305, s/b : 0.215
Steps : 267695, Gen Loss Total : 26.885, Mel-Spec. Error : 0.317, s/b : 0.212
Steps : 267700, Gen Loss Total : 29.565, Mel-Spec. Error : 0.320, s/b : 0.212
Steps : 267705, Gen Loss Total : 28.762, Mel-Spec. Error : 0.320, s/b : 0.211
Steps : 267710, Gen Loss Total : 31.393, Mel-Spec. Error : 0.310, s/b : 0.212
Steps : 267715, Gen Loss Total : 30.905, Mel-Spec. Error : 0.318, s/b : 0.209
Steps : 267720, Gen Loss Total : 29.284, Mel-Spec. Error : 0.323, s/b : 0.212
Steps : 267725, Gen Loss Total : 32.745, Mel-Spec. Error : 0.315, s/b : 0.213
Steps : 267730, Gen Loss Total : 29.537, Mel-Spec. Error : 0.327, s/b : 0.214
Steps : 267735, Gen Loss Total : 30.411, Mel-Spec. Error : 0.317, s/b : 0.210
Steps : 267740, Gen Loss Total : 30.639, Mel-Spec. Error : 0.312, s/b : 0.210
Steps : 267745, Gen Loss Total : 27.766, Mel-Spec. Error : 0.309, s/b : 0.208
Steps : 267750, Gen Loss Total : 31.708, Mel-Spec. Error : 0.333, s/b : 0.214
Steps : 267755, Gen Loss Total : 30.149, Mel-Spec. Error : 0.323, s/b : 0.210
Steps : 267760, Gen Loss Total : 28.958, Mel-Spec. Error : 0.313, s/b : 0.208
Steps : 267765, Gen Loss Total : 30.777, Mel-Spec. Error : 0.317, s/b : 0.208
Steps : 267770, Gen Loss Total : 30.646, Mel-Spec. Error : 0.322, s/b : 0.216
Steps : 267775, Gen Loss Total : 31.139, Mel-Spec. Error : 0.315, s/b : 0.210
Steps : 267780, Gen Loss Total : 31.552, Mel-Spec. Error : 0.329, s/b : 0.207
Steps : 267785, Gen Loss Total : 30.886, Mel-Spec. Error : 0.312, s/b : 0.207
Steps : 267790, Gen Loss Total : 30.124, Mel-Spec. Error : 0.339, s/b : 0.215
Steps : 267795, Gen Loss Total : 30.759, Mel-Spec. Error : 0.303, s/b : 0.208
Steps : 267800, Gen Loss Total : 32.775, Mel-Spec. Error : 0.329, s/b : 0.213
Steps : 267805, Gen Loss Total : 30.725, Mel-Spec. Error : 0.316, s/b : 0.212
Steps : 267810, Gen Loss Total : 32.979, Mel-Spec. Error : 0.320, s/b : 0.216
Steps : 267815, Gen Loss Total : 31.047, Mel-Spec. Error : 0.322, s/b : 0.210
Steps : 267820, Gen Loss Total : 31.568, Mel-Spec. Error : 0.320, s/b : 0.211
Steps : 267825, Gen Loss Total : 32.273, Mel-Spec. Error : 0.319, s/b : 0.210
Steps : 267830, Gen Loss Total : 29.813, Mel-Spec. Error : 0.314, s/b : 0.213
Steps : 267835, Gen Loss Total : 32.573, Mel-Spec. Error : 0.320, s/b : 0.209
Steps : 267840, Gen Loss Total : 32.386, Mel-Spec. Error : 0.328, s/b : 0.210
Steps : 267845, Gen Loss Total : 33.281, Mel-Spec. Error : 0.314, s/b : 0.208
Steps : 267850, Gen Loss Total : 31.216, Mel-Spec. Error : 0.309, s/b : 0.217
Steps : 267855, Gen Loss Total : 32.265, Mel-Spec. Error : 0.321, s/b : 0.212
Steps : 267860, Gen Loss Total : 33.247, Mel-Spec. Error : 0.325, s/b : 0.208
Steps : 267865, Gen Loss Total : 30.162, Mel-Spec. Error : 0.315, s/b : 0.210
Steps : 267870, Gen Loss Total : 32.640, Mel-Spec. Error : 0.331, s/b : 0.214
Steps : 267875, Gen Loss Total : 33.876, Mel-Spec. Error : 0.335, s/b : 0.210
Steps : 267880, Gen Loss Total : 35.245, Mel-Spec. Error : 0.329, s/b : 0.208
Steps : 267885, Gen Loss Total : 30.523, Mel-Spec. Error : 0.318, s/b : 0.213
Steps : 267890, Gen Loss Total : 28.521, Mel-Spec. Error : 0.306, s/b : 0.213
Steps : 267895, Gen Loss Total : 31.575, Mel-Spec. Error : 0.331, s/b : 0.212
Steps : 267900, Gen Loss Total : 31.502, Mel-Spec. Error : 0.318, s/b : 0.210
Steps : 267905, Gen Loss Total : 29.324, Mel-Spec. Error : 0.304, s/b : 0.209
Steps : 267910, Gen Loss Total : 30.696, Mel-Spec. Error : 0.315, s/b : 0.214
Steps : 267915, Gen Loss Total : 29.359, Mel-Spec. Error : 0.307, s/b : 0.207
Steps : 267920, Gen Loss Total : 28.794, Mel-Spec. Error : 0.303, s/b : 0.210
Steps : 267925, Gen Loss Total : 30.780, Mel-Spec. Error : 0.316, s/b : 0.212
Steps : 267930, Gen Loss Total : 29.198, Mel-Spec. Error : 0.314, s/b : 0.214
Steps : 267935, Gen Loss Total : 29.831, Mel-Spec. Error : 0.320, s/b : 0.207
Steps : 267940, Gen Loss Total : 31.761, Mel-Spec. Error : 0.353, s/b : 0.210
Steps : 267945, Gen Loss Total : 31.491, Mel-Spec. Error : 0.329, s/b : 0.216
Steps : 267950, Gen Loss Total : 30.958, Mel-Spec. Error : 0.338, s/b : 0.213
Steps : 267955, Gen Loss Total : 30.905, Mel-Spec. Error : 0.313, s/b : 0.210
Steps : 267960, Gen Loss Total : 33.676, Mel-Spec. Error : 0.341, s/b : 0.212
Steps : 267965, Gen Loss Total : 32.231, Mel-Spec. Error : 0.311, s/b : 0.210
Steps : 267970, Gen Loss Total : 30.335, Mel-Spec. Error : 0.302, s/b : 0.214
Steps : 267975, Gen Loss Total : 33.819, Mel-Spec. Error : 0.311, s/b : 0.211
Steps : 267980, Gen Loss Total : 32.163, Mel-Spec. Error : 0.322, s/b : 0.211
Steps : 267985, Gen Loss Total : 29.566, Mel-Spec. Error : 0.320, s/b : 0.214
Steps : 267990, Gen Loss Total : 29.611, Mel-Spec. Error : 0.310, s/b : 0.215
Steps : 267995, Gen Loss Total : 31.981, Mel-Spec. Error : 0.318, s/b : 0.213
Steps : 268000, Gen Loss Total : 30.558, Mel-Spec. Error : 0.324, s/b : 0.210
Steps : 268005, Gen Loss Total : 28.769, Mel-Spec. Error : 0.347, s/b : 0.208
Steps : 268010, Gen Loss Total : 29.628, Mel-Spec. Error : 0.349, s/b : 0.216
Steps : 268015, Gen Loss Total : 28.983, Mel-Spec. Error : 0.319, s/b : 0.209
Steps : 268020, Gen Loss Total : 29.140, Mel-Spec. Error : 0.318, s/b : 0.211
Steps : 268025, Gen Loss Total : 31.563, Mel-Spec. Error : 0.321, s/b : 0.208
Steps : 268030, Gen Loss Total : 31.395, Mel-Spec. Error : 0.312, s/b : 0.219
Steps : 268035, Gen Loss Total : 27.274, Mel-Spec. Error : 0.307, s/b : 0.215
Steps : 268040, Gen Loss Total : 29.286, Mel-Spec. Error : 0.311, s/b : 0.214
Steps : 268045, Gen Loss Total : 29.329, Mel-Spec. Error : 0.305, s/b : 0.211
Steps : 268050, Gen Loss Total : 28.054, Mel-Spec. Error : 0.302, s/b : 0.215
Steps : 268055, Gen Loss Total : 30.672, Mel-Spec. Error : 0.303, s/b : 0.212
Steps : 268060, Gen Loss Total : 30.747, Mel-Spec. Error : 0.325, s/b : 0.213
Steps : 268065, Gen Loss Total : 31.583, Mel-Spec. Error : 0.329, s/b : 0.212
Steps : 268070, Gen Loss Total : 29.987, Mel-Spec. Error : 0.319, s/b : 0.214
Steps : 268075, Gen Loss Total : 29.600, Mel-Spec. Error : 0.323, s/b : 0.214
Steps : 268080, Gen Loss Total : 29.724, Mel-Spec. Error : 0.306, s/b : 0.211
Steps : 268085, Gen Loss Total : 27.228, Mel-Spec. Error : 0.291, s/b : 0.212
Steps : 268090, Gen Loss Total : 30.860, Mel-Spec. Error : 0.295, s/b : 0.213
Steps : 268095, Gen Loss Total : 28.494, Mel-Spec. Error : 0.298, s/b : 0.211
Steps : 268100, Gen Loss Total : 30.015, Mel-Spec. Error : 0.305, s/b : 0.213
Steps : 268105, Gen Loss Total : 29.985, Mel-Spec. Error : 0.307, s/b : 0.211
Steps : 268110, Gen Loss Total : 29.170, Mel-Spec. Error : 0.326, s/b : 0.213
Steps : 268115, Gen Loss Total : 28.980, Mel-Spec. Error : 0.303, s/b : 0.216
Steps : 268120, Gen Loss Total : 29.657, Mel-Spec. Error : 0.316, s/b : 0.213
Steps : 268125, Gen Loss Total : 28.854, Mel-Spec. Error : 0.318, s/b : 0.215
Steps : 268130, Gen Loss Total : 30.974, Mel-Spec. Error : 0.320, s/b : 0.209
Steps : 268135, Gen Loss Total : 28.244, Mel-Spec. Error : 0.311, s/b : 0.213
Steps : 268140, Gen Loss Total : 30.466, Mel-Spec. Error : 0.313, s/b : 0.214
Steps : 268145, Gen Loss Total : 29.538, Mel-Spec. Error : 0.323, s/b : 0.212
Steps : 268150, Gen Loss Total : 29.296, Mel-Spec. Error : 0.316, s/b : 0.211
Steps : 268155, Gen Loss Total : 30.440, Mel-Spec. Error : 0.344, s/b : 0.214
Steps : 268160, Gen Loss Total : 30.962, Mel-Spec. Error : 0.334, s/b : 0.213
Steps : 268165, Gen Loss Total : 27.500, Mel-Spec. Error : 0.309, s/b : 0.218
Steps : 268170, Gen Loss Total : 29.708, Mel-Spec. Error : 0.300, s/b : 0.211
Steps : 268175, Gen Loss Total : 31.956, Mel-Spec. Error : 0.320, s/b : 0.214
Time taken for epoch 150 is 673 sec

=== JOB_STATISTICS ===
=== current date     : Sun Jul  5 01:36:16 AM CEST 2026
= Job-ID             : 1727010 on tinygpu
= Job-Name           : fine_tuning_512ch_30%
= Job-Command        : /home/hpc/vlbi/vlbi107v/hifi-gan/fine_tuning_train.sh
= Initial workdir    : /home/hpc/vlbi/vlbi107v/hifi-gan
= Queue/Partition    : a100
= Slurm account      : vlbi with QOS=normal
= Requested resources:  for 1-00:00:00
= Elapsed runtime    : 02:17:55
= Total RAM usage    : 21.6 GiB of requested  GiB (%)   
= Node list          : tg093
= Subm/Elig/Start/End: 2026-07-02T21:56:32 / 2026-07-02T21:56:32 / 2026-07-04T23:18:21 / 2026-07-05T01:36:16
======================
=== Quota infos ======
    Path                 Used     SoftQ    HardQ    Gracetime  Filec    FileQ    FiHaQ    FileGrace    
    /home/woody           259.2G  1000.0G  1500.0G        N/A     118K   5,000K   7,500K        N/A    
    /home/hpc              89.9G   104.9G   209.7G        N/A      82K     500K   1,000K        N/A    
======================
=== GPU utilization ==
gpu_name, gpu_bus_id, pid, gpu_utilization [%], mem_utilization [%], max_memory_usage [MiB], time [ms]
NVIDIA A100-SXM4-40GB, 00000000:01:00.0, 1629339, 84 %, 32 %, 40430 MiB, 8261891 ms
