### Starting TaskPrologue of job 1428643 on tf077 at Sun Jul  5 12:47:28 AM CEST 2026
Running on cores 8-15,72-79 with governor ondemand
No GPU known
### Finished TaskPrologue

==========(sbatch.tinyfat) Inference: 256 Channels (g_07960000) ==========
========== H3: pruning 30% ==========
Initializing Inference Process..
Using device: cpu (baseline and quantized inference both run on CPU)
Loading '/home/hpc/vlbi/vlbi107v/hifi-gan/cp_hifigan/v1_c256_physical30/g_00265000'
Complete.
Checkpoint contains plain conv weights. Removing weight_norm wrappers before loading...
Removing weight norm...
Loaded checkpoint: /home/hpc/vlbi/vlbi107v/hifi-gan/cp_hifigan/v1_c256_physical30/g_00265000 (10.497 MB)
Generator parameters: 2,738,521
generated_audios/generated_H3_256C_pruned30/1089-134686-0000_generated.wav | RTF: 0.2771(2.892s / 10.435s) | Generator RTF: 0.2706(2.824s / 10.435s)
generated_audios/generated_H3_256C_pruned30/1089-134686-0001_generated.wav | RTF: 0.2510(0.822s / 3.275s) | Generator RTF: 0.2497(0.818s / 3.275s)
generated_audios/generated_H3_256C_pruned30/1089-134686-0002_generated.wav | RTF: 0.2603(1.725s / 6.625s) | Generator RTF: 0.2597(1.720s / 6.625s)
generated_audios/generated_H3_256C_pruned30/1089-134686-0003_generated.wav | RTF: 0.2616(0.701s / 2.680s) | Generator RTF: 0.2603(0.698s / 2.680s)
generated_audios/generated_H3_256C_pruned30/1089-134686-0004_generated.wav | RTF: 0.2542(1.326s / 5.215s) | Generator RTF: 0.2533(1.321s / 5.215s)
generated_audios/generated_H3_256C_pruned30/1089-134686-0005_generated.wav | RTF: 0.2606(2.511s / 9.635s) | Generator RTF: 0.2601(2.506s / 9.635s)
generated_audios/generated_H3_256C_pruned30/1089-134686-0006_generated.wav | RTF: 0.2563(2.705s / 10.555s) | Generator RTF: 0.2558(2.700s / 10.555s)
generated_audios/generated_H3_256C_pruned30/1089-134686-0007_generated.wav | RTF: 0.2689(1.150s / 4.275s) | Generator RTF: 0.2681(1.146s / 4.275s)
generated_audios/generated_H3_256C_pruned30/1089-134686-0008_generated.wav | RTF: 0.2537(1.707s / 6.730s) | Generator RTF: 0.2531(1.703s / 6.730s)
generated_audios/generated_H3_256C_pruned30/1089-134686-0009_generated.wav | RTF: 0.2545(2.691s / 10.575s) | Generator RTF: 0.2541(2.687s / 10.575s)
generated_audios/generated_H3_256C_pruned30/1089-134686-0010_generated.wav | RTF: 0.2590(1.141s / 4.405s) | Generator RTF: 0.2583(1.138s / 4.405s)
generated_audios/generated_H3_256C_pruned30/1089-134686-0011_generated.wav | RTF: 0.2824(3.515s / 12.445s) | Generator RTF: 0.2822(3.512s / 12.445s)
generated_audios/generated_H3_256C_pruned30/1089-134686-0012_generated.wav | RTF: 0.2841(3.307s / 11.640s) | Generator RTF: 0.2837(3.303s / 11.640s)
generated_audios/generated_H3_256C_pruned30/1089-134686-0013_generated.wav | RTF: 0.2533(2.005s / 7.915s) | Generator RTF: 0.2529(2.002s / 7.915s)
generated_audios/generated_H3_256C_pruned30/1089-134686-0014_generated.wav | RTF: 0.2620(0.583s / 2.225s) | Generator RTF: 0.2606(0.580s / 2.225s)
generated_audios/generated_H3_256C_pruned30/1089-134686-0015_generated.wav | RTF: 0.2537(1.475s / 5.815s) | Generator RTF: 0.2531(1.472s / 5.815s)
generated_audios/generated_H3_256C_pruned30/1089-134686-0016_generated.wav | RTF: 0.2529(0.895s / 3.540s) | Generator RTF: 0.2520(0.892s / 3.540s)
generated_audios/generated_H3_256C_pruned30/1089-134686-0017_generated.wav | RTF: 0.2574(2.283s / 8.870s) | Generator RTF: 0.2569(2.279s / 8.870s)
generated_audios/generated_H3_256C_pruned30/1089-134686-0018_generated.wav | RTF: 0.2814(4.424s / 15.720s) | Generator RTF: 0.2811(4.419s / 15.720s)
generated_audios/generated_H3_256C_pruned30/1089-134686-0019_generated.wav | RTF: 0.2603(3.617s / 13.895s) | Generator RTF: 0.2599(3.612s / 13.895s)
generated_audios/generated_H3_256C_pruned30/1089-134686-0020_generated.wav | RTF: 0.2755(4.625s / 16.790s) | Generator RTF: 0.2752(4.621s / 16.790s)
generated_audios/generated_H3_256C_pruned30/1089-134686-0021_generated.wav | RTF: 0.2548(1.669s / 6.550s) | Generator RTF: 0.2542(1.665s / 6.550s)
generated_audios/generated_H3_256C_pruned30/1089-134686-0022_generated.wav | RTF: 0.2866(3.203s / 11.175s) | Generator RTF: 0.2862(3.198s / 11.175s)
generated_audios/generated_H3_256C_pruned30/1089-134686-0023_generated.wav | RTF: 0.2824(3.749s / 13.275s) | Generator RTF: 0.2821(3.744s / 13.275s)
generated_audios/generated_H3_256C_pruned30/1089-134686-0024_generated.wav | RTF: 0.2594(3.023s / 11.655s) | Generator RTF: 0.2590(3.019s / 11.655s)
generated_audios/generated_H3_256C_pruned30/1089-134686-0025_generated.wav | RTF: 0.2529(1.672s / 6.610s) | Generator RTF: 0.2523(1.668s / 6.610s)
generated_audios/generated_H3_256C_pruned30/1089-134686-0026_generated.wav | RTF: 0.2491(0.999s / 4.010s) | Generator RTF: 0.2483(0.996s / 4.010s)
generated_audios/generated_H3_256C_pruned30/1089-134686-0027_generated.wav | RTF: 0.2545(0.690s / 2.710s) | Generator RTF: 0.2533(0.686s / 2.710s)
generated_audios/generated_H3_256C_pruned30/1089-134686-0028_generated.wav | RTF: 0.2592(2.030s / 7.830s) | Generator RTF: 0.2587(2.026s / 7.830s)
generated_audios/generated_H3_256C_pruned30/1089-134686-0029_generated.wav | RTF: 0.2498(1.167s / 4.670s) | Generator RTF: 0.2490(1.163s / 4.670s)
generated_audios/generated_H3_256C_pruned30/1089-134686-0030_generated.wav | RTF: 0.0576(0.156s / 2.715s) | Generator RTF: 0.0564(0.153s / 2.715s)
generated_audios/generated_H3_256C_pruned30/1089-134686-0031_generated.wav | RTF: 0.0664(0.439s / 6.615s) | Generator RTF: 0.0658(0.435s / 6.615s)
generated_audios/generated_H3_256C_pruned30/121-121726-0000_generated.wav | RTF: 0.2666(2.256s / 8.460s) | Generator RTF: 0.2662(2.252s / 8.460s)
generated_audios/generated_H3_256C_pruned30/121-121726-0001_generated.wav | RTF: 0.2546(1.509s / 5.925s) | Generator RTF: 0.2540(1.505s / 5.925s)
generated_audios/generated_H3_256C_pruned30/121-121726-0002_generated.wav | RTF: 0.0675(0.298s / 4.410s) | Generator RTF: 0.0667(0.294s / 4.410s)
generated_audios/generated_H3_256C_pruned30/121-121726-0003_generated.wav | RTF: 0.2563(1.731s / 6.755s) | Generator RTF: 0.2558(1.728s / 6.755s)
generated_audios/generated_H3_256C_pruned30/121-121726-0004_generated.wav | RTF: 0.2540(1.021s / 4.020s) | Generator RTF: 0.2531(1.017s / 4.020s)
generated_audios/generated_H3_256C_pruned30/121-121726-0005_generated.wav | RTF: 0.2477(0.768s / 3.100s) | Generator RTF: 0.2466(0.765s / 3.100s)
generated_audios/generated_H3_256C_pruned30/121-121726-0006_generated.wav | RTF: 0.2582(1.006s / 3.895s) | Generator RTF: 0.2574(1.002s / 3.895s)
generated_audios/generated_H3_256C_pruned30/121-121726-0007_generated.wav | RTF: 0.0709(0.477s / 6.730s) | Generator RTF: 0.0704(0.474s / 6.730s)
generated_audios/generated_H3_256C_pruned30/121-121726-0008_generated.wav | RTF: 0.2499(1.247s / 4.990s) | Generator RTF: 0.2491(1.243s / 4.990s)
generated_audios/generated_H3_256C_pruned30/121-121726-0009_generated.wav | RTF: 0.2594(1.883s / 7.260s) | Generator RTF: 0.2589(1.879s / 7.260s)
generated_audios/generated_H3_256C_pruned30/121-121726-0010_generated.wav | RTF: 0.2606(2.557s / 9.810s) | Generator RTF: 0.2602(2.553s / 9.810s)
generated_audios/generated_H3_256C_pruned30/121-121726-0011_generated.wav | RTF: 0.2568(1.036s / 4.035s) | Generator RTF: 0.2560(1.033s / 4.035s)
generated_audios/generated_H3_256C_pruned30/121-121726-0012_generated.wav | RTF: 0.2482(1.004s / 4.045s) | Generator RTF: 0.2474(1.001s / 4.045s)
generated_audios/generated_H3_256C_pruned30/121-121726-0013_generated.wav | RTF: 0.2648(0.659s / 2.490s) | Generator RTF: 0.2636(0.656s / 2.490s)
generated_audios/generated_H3_256C_pruned30/121-121726-0014_generated.wav | RTF: 0.2552(0.808s / 3.165s) | Generator RTF: 0.2542(0.805s / 3.165s)
generated_audios/generated_H3_256C_pruned30/121-123852-0000_generated.wav | RTF: 0.2812(4.976s / 17.695s) | Generator RTF: 0.2809(4.970s / 17.695s)
generated_audios/generated_H3_256C_pruned30/121-123852-0001_generated.wav | RTF: 0.2637(0.493s / 1.870s) | Generator RTF: 0.2621(0.490s / 1.870s)
generated_audios/generated_H3_256C_pruned30/121-123852-0002_generated.wav | RTF: 0.2873(4.966s / 17.285s) | Generator RTF: 0.2870(4.961s / 17.285s)
generated_audios/generated_H3_256C_pruned30/121-123852-0003_generated.wav | RTF: 0.3000(7.050s / 23.505s) | Generator RTF: 0.2997(7.045s / 23.505s)
generated_audios/generated_H3_256C_pruned30/121-123852-0004_generated.wav | RTF: 0.2617(4.262s / 16.290s) | Generator RTF: 0.2614(4.258s / 16.290s)
generated_audios/generated_H3_256C_pruned30/121-123859-0000_generated.wav | RTF: 0.2645(4.600s / 17.390s) | Generator RTF: 0.2642(4.595s / 17.390s)
generated_audios/generated_H3_256C_pruned30/121-123859-0001_generated.wav | RTF: 0.3067(7.790s / 25.395s) | Generator RTF: 0.3065(7.784s / 25.395s)
generated_audios/generated_H3_256C_pruned30/121-123859-0002_generated.wav | RTF: 0.3128(9.396s / 30.040s) | Generator RTF: 0.3125(9.389s / 30.040s)
generated_audios/generated_H3_256C_pruned30/121-123859-0003_generated.wav | RTF: 0.2554(2.764s / 10.825s) | Generator RTF: 0.2550(2.760s / 10.825s)
generated_audios/generated_H3_256C_pruned30/121-123859-0004_generated.wav | RTF: 0.2559(2.432s / 9.505s) | Generator RTF: 0.2555(2.428s / 9.505s)
generated_audios/generated_H3_256C_pruned30/121-127105-0000_generated.wav | RTF: 0.2598(2.566s / 9.875s) | Generator RTF: 0.2594(2.561s / 9.875s)
generated_audios/generated_H3_256C_pruned30/121-127105-0001_generated.wav | RTF: 0.2500(1.256s / 5.025s) | Generator RTF: 0.2493(1.253s / 5.025s)
generated_audios/generated_H3_256C_pruned30/121-127105-0002_generated.wav | RTF: 0.2538(1.903s / 7.495s) | Generator RTF: 0.2533(1.899s / 7.495s)
generated_audios/generated_H3_256C_pruned30/121-127105-0003_generated.wav | RTF: 0.2592(2.003s / 7.725s) | Generator RTF: 0.2587(1.999s / 7.725s)
generated_audios/generated_H3_256C_pruned30/121-127105-0004_generated.wav | RTF: 0.2622(0.553s / 2.110s) | Generator RTF: 0.2608(0.550s / 2.110s)
generated_audios/generated_H3_256C_pruned30/121-127105-0005_generated.wav | RTF: 0.2521(1.467s / 5.820s) | Generator RTF: 0.2515(1.463s / 5.820s)
generated_audios/generated_H3_256C_pruned30/121-127105-0006_generated.wav | RTF: 0.2529(1.195s / 4.725s) | Generator RTF: 0.2521(1.191s / 4.725s)
generated_audios/generated_H3_256C_pruned30/121-127105-0007_generated.wav | RTF: 0.2543(1.473s / 5.790s) | Generator RTF: 0.2537(1.469s / 5.790s)
generated_audios/generated_H3_256C_pruned30/121-127105-0008_generated.wav | RTF: 0.2505(0.691s / 2.760s) | Generator RTF: 0.2493(0.688s / 2.760s)
generated_audios/generated_H3_256C_pruned30/121-127105-0009_generated.wav | RTF: 0.2557(0.586s / 2.290s) | Generator RTF: 0.2541(0.582s / 2.290s)
generated_audios/generated_H3_256C_pruned30/121-127105-0010_generated.wav | RTF: 0.2553(0.728s / 2.850s) | Generator RTF: 0.2541(0.724s / 2.850s)
generated_audios/generated_H3_256C_pruned30/121-127105-0011_generated.wav | RTF: 0.2582(1.493s / 5.780s) | Generator RTF: 0.2576(1.489s / 5.780s)
generated_audios/generated_H3_256C_pruned30/121-127105-0012_generated.wav | RTF: 0.2534(1.224s / 4.830s) | Generator RTF: 0.2527(1.220s / 4.830s)
generated_audios/generated_H3_256C_pruned30/121-127105-0013_generated.wav | RTF: 0.2512(1.481s / 5.895s) | Generator RTF: 0.2506(1.477s / 5.895s)
generated_audios/generated_H3_256C_pruned30/121-127105-0014_generated.wav | RTF: 0.2561(0.577s / 2.255s) | Generator RTF: 0.2548(0.575s / 2.255s)
generated_audios/generated_H3_256C_pruned30/121-127105-0015_generated.wav | RTF: 0.2542(0.753s / 2.960s) | Generator RTF: 0.2531(0.749s / 2.960s)
generated_audios/generated_H3_256C_pruned30/121-127105-0016_generated.wav | RTF: 0.2496(0.507s / 2.030s) | Generator RTF: 0.2480(0.503s / 2.030s)
generated_audios/generated_H3_256C_pruned30/121-127105-0017_generated.wav | RTF: 0.2599(0.701s / 2.695s) | Generator RTF: 0.2588(0.697s / 2.695s)
generated_audios/generated_H3_256C_pruned30/121-127105-0018_generated.wav | RTF: 0.2579(0.714s / 2.770s) | Generator RTF: 0.2568(0.711s / 2.770s)
generated_audios/generated_H3_256C_pruned30/121-127105-0019_generated.wav | RTF: 0.2478(0.873s / 3.525s) | Generator RTF: 0.2469(0.870s / 3.525s)
generated_audios/generated_H3_256C_pruned30/121-127105-0020_generated.wav | RTF: 0.2821(4.050s / 14.355s) | Generator RTF: 0.2818(4.045s / 14.355s)
generated_audios/generated_H3_256C_pruned30/121-127105-0021_generated.wav | RTF: 0.2654(0.531s / 2.000s) | Generator RTF: 0.2637(0.527s / 2.000s)
generated_audios/generated_H3_256C_pruned30/121-127105-0022_generated.wav | RTF: 0.2530(1.284s / 5.075s) | Generator RTF: 0.2523(1.281s / 5.075s)
generated_audios/generated_H3_256C_pruned30/121-127105-0023_generated.wav | RTF: 0.2583(2.818s / 10.910s) | Generator RTF: 0.2579(2.814s / 10.910s)
generated_audios/generated_H3_256C_pruned30/121-127105-0024_generated.wav | RTF: 0.2865(4.140s / 14.450s) | Generator RTF: 0.2862(4.135s / 14.450s)
generated_audios/generated_H3_256C_pruned30/121-127105-0025_generated.wav | RTF: 0.2853(4.583s / 16.065s) | Generator RTF: 0.2850(4.579s / 16.065s)
generated_audios/generated_H3_256C_pruned30/121-127105-0026_generated.wav | RTF: 0.2574(1.939s / 7.530s) | Generator RTF: 0.2569(1.935s / 7.530s)
generated_audios/generated_H3_256C_pruned30/121-127105-0027_generated.wav | RTF: 0.2890(4.008s / 13.870s) | Generator RTF: 0.2886(4.003s / 13.870s)
generated_audios/generated_H3_256C_pruned30/121-127105-0028_generated.wav | RTF: 0.0699(0.472s / 6.750s) | Generator RTF: 0.0693(0.468s / 6.750s)
generated_audios/generated_H3_256C_pruned30/121-127105-0029_generated.wav | RTF: 0.2601(1.901s / 7.310s) | Generator RTF: 0.2595(1.897s / 7.310s)
generated_audios/generated_H3_256C_pruned30/121-127105-0030_generated.wav | RTF: 0.2638(0.574s / 2.175s) | Generator RTF: 0.2624(0.571s / 2.175s)
generated_audios/generated_H3_256C_pruned30/121-127105-0031_generated.wav | RTF: 0.2579(2.776s / 10.765s) | Generator RTF: 0.2575(2.772s / 10.765s)
generated_audios/generated_H3_256C_pruned30/121-127105-0032_generated.wav | RTF: 0.2508(0.795s / 3.170s) | Generator RTF: 0.2498(0.792s / 3.170s)
generated_audios/generated_H3_256C_pruned30/121-127105-0033_generated.wav | RTF: 0.2669(0.628s / 2.355s) | Generator RTF: 0.2655(0.625s / 2.355s)
generated_audios/generated_H3_256C_pruned30/121-127105-0034_generated.wav | RTF: 0.2599(1.926s / 7.410s) | Generator RTF: 0.2594(1.922s / 7.410s)
generated_audios/generated_H3_256C_pruned30/121-127105-0035_generated.wav | RTF: 0.2838(4.016s / 14.150s) | Generator RTF: 0.2835(4.012s / 14.150s)
generated_audios/generated_H3_256C_pruned30/121-127105-0036_generated.wav | RTF: 0.2515(1.044s / 4.150s) | Generator RTF: 0.2506(1.040s / 4.150s)
generated_audios/generated_H3_256C_pruned30/237-126133-0000_generated.wav | RTF: 0.2875(3.821s / 13.290s) | Generator RTF: 0.2872(3.817s / 13.290s)
generated_audios/generated_H3_256C_pruned30/237-126133-0001_generated.wav | RTF: 0.2634(3.151s / 11.965s) | Generator RTF: 0.2630(3.147s / 11.965s)
generated_audios/generated_H3_256C_pruned30/237-126133-0002_generated.wav | RTF: 0.2555(2.279s / 8.920s) | Generator RTF: 0.2550(2.275s / 8.920s)
generated_audios/generated_H3_256C_pruned30/237-126133-0003_generated.wav | RTF: 0.2565(1.682s / 6.560s) | Generator RTF: 0.2559(1.679s / 6.560s)
generated_audios/generated_H3_256C_pruned30/237-126133-0004_generated.wav | RTF: 0.2567(0.846s / 3.295s) | Generator RTF: 0.2557(0.842s / 3.295s)
generated_audios/generated_H3_256C_pruned30/237-126133-0005_generated.wav | RTF: 0.2599(1.692s / 6.510s) | Generator RTF: 0.2593(1.688s / 6.510s)
generated_audios/generated_H3_256C_pruned30/237-126133-0006_generated.wav | RTF: 0.2568(1.579s / 6.150s) | Generator RTF: 0.2561(1.575s / 6.150s)
generated_audios/generated_H3_256C_pruned30/237-126133-0007_generated.wav | RTF: 0.2542(2.207s / 8.680s) | Generator RTF: 0.2537(2.203s / 8.680s)
generated_audios/generated_H3_256C_pruned30/237-126133-0008_generated.wav | RTF: 0.2565(0.991s / 3.865s) | Generator RTF: 0.2557(0.988s / 3.865s)
generated_audios/generated_H3_256C_pruned30/237-126133-0009_generated.wav | RTF: 0.2558(1.015s / 3.970s) | Generator RTF: 0.2549(1.012s / 3.970s)
generated_audios/generated_H3_256C_pruned30/237-126133-0010_generated.wav | RTF: 0.2532(1.580s / 6.240s) | Generator RTF: 0.2526(1.576s / 6.240s)
generated_audios/generated_H3_256C_pruned30/237-126133-0011_generated.wav | RTF: 0.2548(1.710s / 6.710s) | Generator RTF: 0.2542(1.706s / 6.710s)
generated_audios/generated_H3_256C_pruned30/237-126133-0012_generated.wav | RTF: 0.2552(1.136s / 4.450s) | Generator RTF: 0.2545(1.132s / 4.450s)
generated_audios/generated_H3_256C_pruned30/237-126133-0013_generated.wav | RTF: 0.2583(1.761s / 6.815s) | Generator RTF: 0.2578(1.757s / 6.815s)
generated_audios/generated_H3_256C_pruned30/237-126133-0014_generated.wav | RTF: 0.2589(1.758s / 6.790s) | Generator RTF: 0.2584(1.754s / 6.790s)
generated_audios/generated_H3_256C_pruned30/237-126133-0015_generated.wav | RTF: 0.2566(2.397s / 9.340s) | Generator RTF: 0.2562(2.392s / 9.340s)
generated_audios/generated_H3_256C_pruned30/237-126133-0016_generated.wav | RTF: 0.2529(1.075s / 4.250s) | Generator RTF: 0.2521(1.071s / 4.250s)
generated_audios/generated_H3_256C_pruned30/237-126133-0017_generated.wav | RTF: 0.2566(1.593s / 6.210s) | Generator RTF: 0.2560(1.590s / 6.210s)
generated_audios/generated_H3_256C_pruned30/237-126133-0018_generated.wav | RTF: 0.2590(1.061s / 4.095s) | Generator RTF: 0.2581(1.057s / 4.095s)
generated_audios/generated_H3_256C_pruned30/237-126133-0019_generated.wav | RTF: 0.2580(1.837s / 7.120s) | Generator RTF: 0.2575(1.834s / 7.120s)
generated_audios/generated_H3_256C_pruned30/237-126133-0020_generated.wav | RTF: 0.2518(0.564s / 2.240s) | Generator RTF: 0.2504(0.561s / 2.240s)
generated_audios/generated_H3_256C_pruned30/237-126133-0021_generated.wav | RTF: 0.2523(1.101s / 4.365s) | Generator RTF: 0.2515(1.098s / 4.365s)
generated_audios/generated_H3_256C_pruned30/237-126133-0022_generated.wav | RTF: 0.2565(1.293s / 5.040s) | Generator RTF: 0.2558(1.289s / 5.040s)
generated_audios/generated_H3_256C_pruned30/237-126133-0023_generated.wav | RTF: 0.2574(1.718s / 6.675s) | Generator RTF: 0.2569(1.715s / 6.675s)
generated_audios/generated_H3_256C_pruned30/237-126133-0024_generated.wav | RTF: 0.2614(2.526s / 9.665s) | Generator RTF: 0.2609(2.522s / 9.665s)
generated_audios/generated_H3_256C_pruned30/237-126133-0025_generated.wav | RTF: 0.2583(0.970s / 3.755s) | Generator RTF: 0.2574(0.967s / 3.755s)
generated_audios/generated_H3_256C_pruned30/237-134493-0000_generated.wav | RTF: 0.2581(1.060s / 4.105s) | Generator RTF: 0.2573(1.056s / 4.105s)
generated_audios/generated_H3_256C_pruned30/237-134493-0001_generated.wav | RTF: 0.2575(1.901s / 7.380s) | Generator RTF: 0.2570(1.897s / 7.380s)
generated_audios/generated_H3_256C_pruned30/237-134493-0002_generated.wav | RTF: 0.2648(3.018s / 11.395s) | Generator RTF: 0.2644(3.013s / 11.395s)
generated_audios/generated_H3_256C_pruned30/237-134493-0003_generated.wav | RTF: 0.2868(3.661s / 12.765s) | Generator RTF: 0.2864(3.656s / 12.765s)
generated_audios/generated_H3_256C_pruned30/237-134493-0004_generated.wav | RTF: 0.2572(1.755s / 6.825s) | Generator RTF: 0.2567(1.752s / 6.825s)
generated_audios/generated_H3_256C_pruned30/237-134493-0005_generated.wav | RTF: 0.2570(2.813s / 10.945s) | Generator RTF: 0.2566(2.809s / 10.945s)
generated_audios/generated_H3_256C_pruned30/237-134493-0006_generated.wav | RTF: 0.2537(1.115s / 4.395s) | Generator RTF: 0.2529(1.112s / 4.395s)
generated_audios/generated_H3_256C_pruned30/237-134493-0007_generated.wav | RTF: 0.2667(0.543s / 2.035s) | Generator RTF: 0.2652(0.540s / 2.035s)
generated_audios/generated_H3_256C_pruned30/237-134493-0008_generated.wav | RTF: 0.2539(0.585s / 2.305s) | Generator RTF: 0.2525(0.582s / 2.305s)
generated_audios/generated_H3_256C_pruned30/237-134493-0009_generated.wav | RTF: 0.2599(0.773s / 2.975s) | Generator RTF: 0.2588(0.770s / 2.975s)
generated_audios/generated_H3_256C_pruned30/237-134493-0010_generated.wav | RTF: 0.2565(0.737s / 2.875s) | Generator RTF: 0.2553(0.734s / 2.875s)
generated_audios/generated_H3_256C_pruned30/237-134493-0011_generated.wav | RTF: 0.2582(1.300s / 5.035s) | Generator RTF: 0.2575(1.297s / 5.035s)
generated_audios/generated_H3_256C_pruned30/237-134493-0012_generated.wav | RTF: 0.2505(0.917s / 3.660s) | Generator RTF: 0.2495(0.913s / 3.660s)
generated_audios/generated_H3_256C_pruned30/237-134493-0013_generated.wav | RTF: 0.0687(0.281s / 4.090s) | Generator RTF: 0.0679(0.278s / 4.090s)
generated_audios/generated_H3_256C_pruned30/237-134493-0014_generated.wav | RTF: 0.2623(0.970s / 3.700s) | Generator RTF: 0.2614(0.967s / 3.700s)
generated_audios/generated_H3_256C_pruned30/237-134493-0015_generated.wav | RTF: 0.0722(0.473s / 6.550s) | Generator RTF: 0.0716(0.469s / 6.550s)
generated_audios/generated_H3_256C_pruned30/237-134493-0016_generated.wav | RTF: 0.2675(2.698s / 10.085s) | Generator RTF: 0.2671(2.694s / 10.085s)
generated_audios/generated_H3_256C_pruned30/237-134493-0017_generated.wav | RTF: 0.2594(2.362s / 9.105s) | Generator RTF: 0.2590(2.358s / 9.105s)
generated_audios/generated_H3_256C_pruned30/237-134493-0018_generated.wav | RTF: 0.2588(1.239s / 4.790s) | Generator RTF: 0.2580(1.236s / 4.790s)
generated_audios/generated_H3_256C_pruned30/237-134500-0000_generated.wav | RTF: 0.2612(1.601s / 6.130s) | Generator RTF: 0.2606(1.597s / 6.130s)
generated_audios/generated_H3_256C_pruned30/237-134500-0001_generated.wav | RTF: 0.2654(0.480s / 1.810s) | Generator RTF: 0.2637(0.477s / 1.810s)
generated_audios/generated_H3_256C_pruned30/237-134500-0002_generated.wav | RTF: 0.2541(1.288s / 5.070s) | Generator RTF: 0.2534(1.285s / 5.070s)
generated_audios/generated_H3_256C_pruned30/237-134500-0003_generated.wav | RTF: 0.0684(0.217s / 3.170s) | Generator RTF: 0.0674(0.214s / 3.170s)
generated_audios/generated_H3_256C_pruned30/237-134500-0004_generated.wav | RTF: 0.0717(0.160s / 2.225s) | Generator RTF: 0.0709(0.158s / 2.225s)
generated_audios/generated_H3_256C_pruned30/237-134500-0005_generated.wav | RTF: 0.2643(0.632s / 2.390s) | Generator RTF: 0.2629(0.628s / 2.390s)
generated_audios/generated_H3_256C_pruned30/237-134500-0006_generated.wav | RTF: 0.2509(1.060s / 4.225s) | Generator RTF: 0.2501(1.057s / 4.225s)
generated_audios/generated_H3_256C_pruned30/237-134500-0007_generated.wav | RTF: 0.0607(0.145s / 2.390s) | Generator RTF: 0.0594(0.142s / 2.390s)
generated_audios/generated_H3_256C_pruned30/237-134500-0008_generated.wav | RTF: 0.0696(0.262s / 3.760s) | Generator RTF: 0.0686(0.258s / 3.760s)
generated_audios/generated_H3_256C_pruned30/237-134500-0009_generated.wav | RTF: 0.0615(0.137s / 2.220s) | Generator RTF: 0.0601(0.133s / 2.220s)
generated_audios/generated_H3_256C_pruned30/237-134500-0010_generated.wav | RTF: 0.2602(1.040s / 3.995s) | Generator RTF: 0.2594(1.036s / 3.995s)
generated_audios/generated_H3_256C_pruned30/237-134500-0011_generated.wav | RTF: 0.2531(0.848s / 3.350s) | Generator RTF: 0.2522(0.845s / 3.350s)
generated_audios/generated_H3_256C_pruned30/237-134500-0012_generated.wav | RTF: 0.2655(2.903s / 10.935s) | Generator RTF: 0.2651(2.899s / 10.935s)
generated_audios/generated_H3_256C_pruned30/237-134500-0013_generated.wav | RTF: 0.0684(0.723s / 10.560s) | Generator RTF: 0.0680(0.718s / 10.560s)
generated_audios/generated_H3_256C_pruned30/237-134500-0014_generated.wav | RTF: 0.0690(0.293s / 4.250s) | Generator RTF: 0.0682(0.290s / 4.250s)
generated_audios/generated_H3_256C_pruned30/237-134500-0015_generated.wav | RTF: 0.2642(2.858s / 10.815s) | Generator RTF: 0.2638(2.853s / 10.815s)
generated_audios/generated_H3_256C_pruned30/237-134500-0016_generated.wav | RTF: 0.0678(0.214s / 3.160s) | Generator RTF: 0.0668(0.211s / 3.160s)
generated_audios/generated_H3_256C_pruned30/237-134500-0017_generated.wav | RTF: 0.0729(0.159s / 2.180s) | Generator RTF: 0.0714(0.156s / 2.180s)
generated_audios/generated_H3_256C_pruned30/237-134500-0018_generated.wav | RTF: 0.2893(3.716s / 12.845s) | Generator RTF: 0.2889(3.711s / 12.845s)
generated_audios/generated_H3_256C_pruned30/237-134500-0019_generated.wav | RTF: 0.2540(0.726s / 2.860s) | Generator RTF: 0.2529(0.723s / 2.860s)
generated_audios/generated_H3_256C_pruned30/237-134500-0020_generated.wav | RTF: 0.0617(0.134s / 2.180s) | Generator RTF: 0.0602(0.131s / 2.180s)
generated_audios/generated_H3_256C_pruned30/237-134500-0021_generated.wav | RTF: 0.2546(1.304s / 5.120s) | Generator RTF: 0.2539(1.300s / 5.120s)
generated_audios/generated_H3_256C_pruned30/237-134500-0022_generated.wav | RTF: 0.2624(1.355s / 5.165s) | Generator RTF: 0.2617(1.352s / 5.165s)
generated_audios/generated_H3_256C_pruned30/237-134500-0023_generated.wav | RTF: 0.2619(0.801s / 3.060s) | Generator RTF: 0.2608(0.798s / 3.060s)
generated_audios/generated_H3_256C_pruned30/237-134500-0024_generated.wav | RTF: 0.0688(0.303s / 4.410s) | Generator RTF: 0.0680(0.300s / 4.410s)
generated_audios/generated_H3_256C_pruned30/237-134500-0025_generated.wav | RTF: 0.2677(0.436s / 1.630s) | Generator RTF: 0.2660(0.434s / 1.630s)
generated_audios/generated_H3_256C_pruned30/237-134500-0026_generated.wav | RTF: 0.2597(0.792s / 3.050s) | Generator RTF: 0.2587(0.789s / 3.050s)
generated_audios/generated_H3_256C_pruned30/237-134500-0027_generated.wav | RTF: 0.2587(0.846s / 3.270s) | Generator RTF: 0.2581(0.844s / 3.270s)
generated_audios/generated_H3_256C_pruned30/237-134500-0028_generated.wav | RTF: 0.2618(1.185s / 4.525s) | Generator RTF: 0.2611(1.181s / 4.525s)
generated_audios/generated_H3_256C_pruned30/237-134500-0029_generated.wav | RTF: 0.2566(0.530s / 2.065s) | Generator RTF: 0.2551(0.527s / 2.065s)
generated_audios/generated_H3_256C_pruned30/237-134500-0030_generated.wav | RTF: 0.2618(0.728s / 2.780s) | Generator RTF: 0.2604(0.724s / 2.780s)
generated_audios/generated_H3_256C_pruned30/237-134500-0031_generated.wav | RTF: 0.2744(2.912s / 10.610s) | Generator RTF: 0.2740(2.907s / 10.610s)
generated_audios/generated_H3_256C_pruned30/237-134500-0032_generated.wav | RTF: 0.0691(0.347s / 5.025s) | Generator RTF: 0.0684(0.344s / 5.025s)
generated_audios/generated_H3_256C_pruned30/237-134500-0033_generated.wav | RTF: 0.2604(1.654s / 6.350s) | Generator RTF: 0.2599(1.650s / 6.350s)
generated_audios/generated_H3_256C_pruned30/237-134500-0034_generated.wav | RTF: 0.2640(0.812s / 3.075s) | Generator RTF: 0.2629(0.808s / 3.075s)
generated_audios/generated_H3_256C_pruned30/237-134500-0035_generated.wav | RTF: 0.2697(0.689s / 2.555s) | Generator RTF: 0.2684(0.686s / 2.555s)
generated_audios/generated_H3_256C_pruned30/237-134500-0036_generated.wav | RTF: 0.2663(1.758s / 6.600s) | Generator RTF: 0.2657(1.754s / 6.600s)
generated_audios/generated_H3_256C_pruned30/237-134500-0037_generated.wav | RTF: 0.2662(1.892s / 7.105s) | Generator RTF: 0.2657(1.888s / 7.105s)
generated_audios/generated_H3_256C_pruned30/237-134500-0038_generated.wav | RTF: 0.2648(0.645s / 2.435s) | Generator RTF: 0.2635(0.642s / 2.435s)
generated_audios/generated_H3_256C_pruned30/237-134500-0039_generated.wav | RTF: 0.2656(1.230s / 4.630s) | Generator RTF: 0.2648(1.226s / 4.630s)
generated_audios/generated_H3_256C_pruned30/237-134500-0040_generated.wav | RTF: 0.0667(0.269s / 4.030s) | Generator RTF: 0.0658(0.265s / 4.030s)
generated_audios/generated_H3_256C_pruned30/237-134500-0041_generated.wav | RTF: 0.0701(0.626s / 8.920s) | Generator RTF: 0.0697(0.622s / 8.920s)
generated_audios/generated_H3_256C_pruned30/237-134500-0042_generated.wav | RTF: 0.2665(0.686s / 2.575s) | Generator RTF: 0.2653(0.683s / 2.575s)
generated_audios/generated_H3_256C_pruned30/260-123286-0000_generated.wav | RTF: 0.2642(1.860s / 7.040s) | Generator RTF: 0.2636(1.856s / 7.040s)
generated_audios/generated_H3_256C_pruned30/260-123286-0001_generated.wav | RTF: 0.0660(0.203s / 3.070s) | Generator RTF: 0.0649(0.199s / 3.070s)
generated_audios/generated_H3_256C_pruned30/260-123286-0002_generated.wav | RTF: 0.2670(2.666s / 9.985s) | Generator RTF: 0.2666(2.662s / 9.985s)
generated_audios/generated_H3_256C_pruned30/260-123286-0003_generated.wav | RTF: 0.2670(1.968s / 7.370s) | Generator RTF: 0.2665(1.964s / 7.370s)
generated_audios/generated_H3_256C_pruned30/260-123286-0004_generated.wav | RTF: 0.2688(0.932s / 3.465s) | Generator RTF: 0.2679(0.928s / 3.465s)
generated_audios/generated_H3_256C_pruned30/260-123286-0005_generated.wav | RTF: 0.2619(1.260s / 4.810s) | Generator RTF: 0.2612(1.256s / 4.810s)
generated_audios/generated_H3_256C_pruned30/260-123286-0006_generated.wav | RTF: 0.2716(2.011s / 7.405s) | Generator RTF: 0.2711(2.007s / 7.405s)
generated_audios/generated_H3_256C_pruned30/260-123286-0007_generated.wav | RTF: 0.2645(1.204s / 4.550s) | Generator RTF: 0.2638(1.200s / 4.550s)
generated_audios/generated_H3_256C_pruned30/260-123286-0008_generated.wav | RTF: 0.2625(0.981s / 3.735s) | Generator RTF: 0.2616(0.977s / 3.735s)
generated_audios/generated_H3_256C_pruned30/260-123286-0009_generated.wav | RTF: 0.2693(1.560s / 5.795s) | Generator RTF: 0.2686(1.557s / 5.795s)
generated_audios/generated_H3_256C_pruned30/260-123286-0010_generated.wav | RTF: 0.0683(0.176s / 2.575s) | Generator RTF: 0.0671(0.173s / 2.575s)
generated_audios/generated_H3_256C_pruned30/260-123286-0011_generated.wav | RTF: 0.0674(0.287s / 4.255s) | Generator RTF: 0.0665(0.283s / 4.255s)
generated_audios/generated_H3_256C_pruned30/260-123286-0012_generated.wav | RTF: 0.0695(0.169s / 2.430s) | Generator RTF: 0.0682(0.166s / 2.430s)
generated_audios/generated_H3_256C_pruned30/260-123286-0013_generated.wav | RTF: 0.2669(1.262s / 4.730s) | Generator RTF: 0.2662(1.259s / 4.730s)
generated_audios/generated_H3_256C_pruned30/260-123286-0014_generated.wav | RTF: 0.0707(0.211s / 2.980s) | Generator RTF: 0.0696(0.207s / 2.980s)
generated_audios/generated_H3_256C_pruned30/260-123286-0015_generated.wav | RTF: 0.2655(1.383s / 5.210s) | Generator RTF: 0.2648(1.379s / 5.210s)
generated_audios/generated_H3_256C_pruned30/260-123286-0016_generated.wav | RTF: 0.2708(1.895s / 7.000s) | Generator RTF: 0.2703(1.892s / 7.000s)
generated_audios/generated_H3_256C_pruned30/260-123286-0017_generated.wav | RTF: 0.2619(1.041s / 3.975s) | Generator RTF: 0.2610(1.038s / 3.975s)
generated_audios/generated_H3_256C_pruned30/260-123286-0018_generated.wav | RTF: 0.2667(1.512s / 5.670s) | Generator RTF: 0.2661(1.509s / 5.670s)
generated_audios/generated_H3_256C_pruned30/260-123286-0019_generated.wav | RTF: 0.2983(3.551s / 11.905s) | Generator RTF: 0.2979(3.547s / 11.905s)
generated_audios/generated_H3_256C_pruned30/260-123286-0020_generated.wav | RTF: 0.0681(0.209s / 3.060s) | Generator RTF: 0.0671(0.205s / 3.060s)
generated_audios/generated_H3_256C_pruned30/260-123286-0021_generated.wav | RTF: 0.2614(0.667s / 2.550s) | Generator RTF: 0.2601(0.663s / 2.550s)
generated_audios/generated_H3_256C_pruned30/260-123286-0022_generated.wav | RTF: 0.2672(0.864s / 3.235s) | Generator RTF: 0.2662(0.861s / 3.235s)
generated_audios/generated_H3_256C_pruned30/260-123286-0023_generated.wav | RTF: 0.2682(1.576s / 5.875s) | Generator RTF: 0.2676(1.572s / 5.875s)
generated_audios/generated_H3_256C_pruned30/260-123286-0024_generated.wav | RTF: 0.2641(0.803s / 3.040s) | Generator RTF: 0.2631(0.800s / 3.040s)
generated_audios/generated_H3_256C_pruned30/260-123286-0025_generated.wav | RTF: 0.2732(2.515s / 9.205s) | Generator RTF: 0.2728(2.511s / 9.205s)
generated_audios/generated_H3_256C_pruned30/260-123286-0026_generated.wav | RTF: 0.2683(1.862s / 6.940s) | Generator RTF: 0.2678(1.858s / 6.940s)
generated_audios/generated_H3_256C_pruned30/260-123286-0027_generated.wav | RTF: 0.2741(1.965s / 7.170s) | Generator RTF: 0.2735(1.961s / 7.170s)
generated_audios/generated_H3_256C_pruned30/260-123286-0028_generated.wav | RTF: 0.2761(2.061s / 7.465s) | Generator RTF: 0.2756(2.058s / 7.465s)
generated_audios/generated_H3_256C_pruned30/260-123286-0029_generated.wav | RTF: 0.0682(0.310s / 4.545s) | Generator RTF: 0.0674(0.307s / 4.545s)
generated_audios/generated_H3_256C_pruned30/260-123286-0030_generated.wav | RTF: 0.0703(0.529s / 7.530s) | Generator RTF: 0.0698(0.526s / 7.530s)
generated_audios/generated_H3_256C_pruned30/260-123286-0031_generated.wav | RTF: 0.2725(1.379s / 5.060s) | Generator RTF: 0.2718(1.375s / 5.060s)
generated_audios/generated_H3_256C_pruned30/260-123288-0000_generated.wav | RTF: 0.0615(0.187s / 3.040s) | Generator RTF: 0.0604(0.184s / 3.040s)
generated_audios/generated_H3_256C_pruned30/260-123288-0001_generated.wav | RTF: 0.0667(0.339s / 5.080s) | Generator RTF: 0.0660(0.335s / 5.080s)
generated_audios/generated_H3_256C_pruned30/260-123288-0002_generated.wav | RTF: 0.2752(1.995s / 7.250s) | Generator RTF: 0.2747(1.991s / 7.250s)
generated_audios/generated_H3_256C_pruned30/260-123288-0003_generated.wav | RTF: 0.2813(2.505s / 8.905s) | Generator RTF: 0.2808(2.501s / 8.905s)
generated_audios/generated_H3_256C_pruned30/260-123288-0004_generated.wav | RTF: 0.2797(1.205s / 4.310s) | Generator RTF: 0.2789(1.202s / 4.310s)
generated_audios/generated_H3_256C_pruned30/260-123288-0005_generated.wav | RTF: 0.3027(3.799s / 12.550s) | Generator RTF: 0.3024(3.795s / 12.550s)
generated_audios/generated_H3_256C_pruned30/260-123288-0006_generated.wav | RTF: 0.2738(1.336s / 4.880s) | Generator RTF: 0.2731(1.333s / 4.880s)
generated_audios/generated_H3_256C_pruned30/260-123288-0007_generated.wav | RTF: 0.2801(3.137s / 11.200s) | Generator RTF: 0.2797(3.133s / 11.200s)
generated_audios/generated_H3_256C_pruned30/260-123288-0008_generated.wav | RTF: 0.2807(1.548s / 5.515s) | Generator RTF: 0.2801(1.545s / 5.515s)
generated_audios/generated_H3_256C_pruned30/260-123288-0009_generated.wav | RTF: 0.2742(0.942s / 3.435s) | Generator RTF: 0.2732(0.938s / 3.435s)
generated_audios/generated_H3_256C_pruned30/260-123288-0010_generated.wav | RTF: 0.0727(0.726s / 9.995s) | Generator RTF: 0.0723(0.722s / 9.995s)
generated_audios/generated_H3_256C_pruned30/260-123288-0011_generated.wav | RTF: 0.2755(2.474s / 8.980s) | Generator RTF: 0.2750(2.470s / 8.980s)
generated_audios/generated_H3_256C_pruned30/260-123288-0012_generated.wav | RTF: 0.2741(0.972s / 3.545s) | Generator RTF: 0.2732(0.968s / 3.545s)
generated_audios/generated_H3_256C_pruned30/260-123288-0013_generated.wav | RTF: 0.2900(3.301s / 11.385s) | Generator RTF: 0.2896(3.297s / 11.385s)
generated_audios/generated_H3_256C_pruned30/260-123288-0014_generated.wav | RTF: 0.0747(0.135s / 1.805s) | Generator RTF: 0.0730(0.132s / 1.805s)
generated_audios/generated_H3_256C_pruned30/260-123288-0015_generated.wav | RTF: 0.2973(6.299s / 21.185s) | Generator RTF: 0.2971(6.294s / 21.185s)
generated_audios/generated_H3_256C_pruned30/260-123288-0016_generated.wav | RTF: 0.2739(1.333s / 4.865s) | Generator RTF: 0.2732(1.329s / 4.865s)
generated_audios/generated_H3_256C_pruned30/260-123288-0017_generated.wav | RTF: 0.2699(1.410s / 5.225s) | Generator RTF: 0.2692(1.407s / 5.225s)
generated_audios/generated_H3_256C_pruned30/260-123288-0018_generated.wav | RTF: 0.2687(0.872s / 3.245s) | Generator RTF: 0.2676(0.868s / 3.245s)
generated_audios/generated_H3_256C_pruned30/260-123288-0019_generated.wav | RTF: 0.0695(0.205s / 2.955s) | Generator RTF: 0.0684(0.202s / 2.955s)
generated_audios/generated_H3_256C_pruned30/260-123288-0020_generated.wav | RTF: 0.2706(0.785s / 2.900s) | Generator RTF: 0.2695(0.782s / 2.900s)
generated_audios/generated_H3_256C_pruned30/260-123288-0021_generated.wav | RTF: 0.0709(0.192s / 2.710s) | Generator RTF: 0.0697(0.189s / 2.710s)
generated_audios/generated_H3_256C_pruned30/260-123288-0022_generated.wav | RTF: 0.2777(1.029s / 3.705s) | Generator RTF: 0.2769(1.026s / 3.705s)
generated_audios/generated_H3_256C_pruned30/260-123288-0023_generated.wav | RTF: 0.0715(0.170s / 2.385s) | Generator RTF: 0.0702(0.167s / 2.385s)
generated_audios/generated_H3_256C_pruned30/260-123288-0024_generated.wav | RTF: 0.3042(4.439s / 14.595s) | Generator RTF: 0.3038(4.434s / 14.595s)
generated_audios/generated_H3_256C_pruned30/260-123288-0025_generated.wav | RTF: 0.3047(4.097s / 13.445s) | Generator RTF: 0.3044(4.092s / 13.445s)
generated_audios/generated_H3_256C_pruned30/260-123288-0026_generated.wav | RTF: 0.3057(4.904s / 16.040s) | Generator RTF: 0.3054(4.898s / 16.040s)
generated_audios/generated_H3_256C_pruned30/260-123288-0027_generated.wav | RTF: 0.2769(1.746s / 6.305s) | Generator RTF: 0.2763(1.742s / 6.305s)
generated_audios/generated_H3_256C_pruned30/260-123288-0028_generated.wav | RTF: 0.2798(0.730s / 2.610s) | Generator RTF: 0.2786(0.727s / 2.610s)
generated_audios/generated_H3_256C_pruned30/260-123440-0000_generated.wav | RTF: 0.2744(0.594s / 2.165s) | Generator RTF: 0.2729(0.591s / 2.165s)
generated_audios/generated_H3_256C_pruned30/260-123440-0001_generated.wav | RTF: 0.2880(0.501s / 1.740s) | Generator RTF: 0.2862(0.498s / 1.740s)
generated_audios/generated_H3_256C_pruned30/260-123440-0002_generated.wav | RTF: 0.3054(4.493s / 14.715s) | Generator RTF: 0.3050(4.489s / 14.715s)
generated_audios/generated_H3_256C_pruned30/260-123440-0003_generated.wav | RTF: 0.2823(1.012s / 3.585s) | Generator RTF: 0.2814(1.009s / 3.585s)
generated_audios/generated_H3_256C_pruned30/260-123440-0004_generated.wav | RTF: 0.3043(3.658s / 12.020s) | Generator RTF: 0.3040(3.654s / 12.020s)
generated_audios/generated_H3_256C_pruned30/260-123440-0005_generated.wav | RTF: 0.0683(0.212s / 3.105s) | Generator RTF: 0.0673(0.209s / 3.105s)
generated_audios/generated_H3_256C_pruned30/260-123440-0006_generated.wav | RTF: 0.0679(0.184s / 2.715s) | Generator RTF: 0.0667(0.181s / 2.715s)
generated_audios/generated_H3_256C_pruned30/260-123440-0007_generated.wav | RTF: 0.2713(0.918s / 3.385s) | Generator RTF: 0.2704(0.915s / 3.385s)
generated_audios/generated_H3_256C_pruned30/260-123440-0008_generated.wav | RTF: 0.2819(1.056s / 3.745s) | Generator RTF: 0.2810(1.052s / 3.745s)
generated_audios/generated_H3_256C_pruned30/260-123440-0009_generated.wav | RTF: 0.2795(0.871s / 3.115s) | Generator RTF: 0.2785(0.867s / 3.115s)
generated_audios/generated_H3_256C_pruned30/260-123440-0010_generated.wav | RTF: 0.2863(2.380s / 8.315s) | Generator RTF: 0.2858(2.376s / 8.315s)
generated_audios/generated_H3_256C_pruned30/260-123440-0011_generated.wav | RTF: 0.0691(0.336s / 4.870s) | Generator RTF: 0.0684(0.333s / 4.870s)
generated_audios/generated_H3_256C_pruned30/260-123440-0012_generated.wav | RTF: 0.2818(1.478s / 5.245s) | Generator RTF: 0.2811(1.474s / 5.245s)
generated_audios/generated_H3_256C_pruned30/260-123440-0013_generated.wav | RTF: 0.2789(0.969s / 3.475s) | Generator RTF: 0.2780(0.966s / 3.475s)
generated_audios/generated_H3_256C_pruned30/260-123440-0014_generated.wav | RTF: 0.2820(1.076s / 3.815s) | Generator RTF: 0.2811(1.072s / 3.815s)
generated_audios/generated_H3_256C_pruned30/260-123440-0015_generated.wav | RTF: 0.0716(0.444s / 6.200s) | Generator RTF: 0.0711(0.441s / 6.200s)
generated_audios/generated_H3_256C_pruned30/260-123440-0016_generated.wav | RTF: 0.2838(1.389s / 4.895s) | Generator RTF: 0.2831(1.386s / 4.895s)
generated_audios/generated_H3_256C_pruned30/260-123440-0017_generated.wav | RTF: 0.0723(0.222s / 3.070s) | Generator RTF: 0.0713(0.219s / 3.070s)
generated_audios/generated_H3_256C_pruned30/260-123440-0018_generated.wav | RTF: 0.2791(1.016s / 3.640s) | Generator RTF: 0.2782(1.012s / 3.640s)
generated_audios/generated_H3_256C_pruned30/260-123440-0019_generated.wav | RTF: 0.2820(1.870s / 6.630s) | Generator RTF: 0.2815(1.866s / 6.630s)
generated_audios/generated_H3_256C_pruned30/260-123440-0020_generated.wav | RTF: 0.2823(1.410s / 4.995s) | Generator RTF: 0.2816(1.406s / 4.995s)
generated_audios/generated_H3_256C_pruned30/61-70968-0000_generated.wav | RTF: 0.2860(1.403s / 4.905s) | Generator RTF: 0.2853(1.399s / 4.905s)
generated_audios/generated_H3_256C_pruned30/61-70968-0001_generated.wav | RTF: 0.2777(1.002s / 3.610s) | Generator RTF: 0.2768(0.999s / 3.610s)
generated_audios/generated_H3_256C_pruned30/61-70968-0002_generated.wav | RTF: 0.2747(0.816s / 2.970s) | Generator RTF: 0.2736(0.813s / 2.970s)
generated_audios/generated_H3_256C_pruned30/61-70968-0003_generated.wav | RTF: 0.0689(0.297s / 4.315s) | Generator RTF: 0.0681(0.294s / 4.315s)
generated_audios/generated_H3_256C_pruned30/61-70968-0004_generated.wav | RTF: 0.2834(1.101s / 3.885s) | Generator RTF: 0.2825(1.098s / 3.885s)
generated_audios/generated_H3_256C_pruned30/61-70968-0005_generated.wav | RTF: 0.0668(0.339s / 5.070s) | Generator RTF: 0.0661(0.335s / 5.070s)
generated_audios/generated_H3_256C_pruned30/61-70968-0006_generated.wav | RTF: 0.2751(0.808s / 2.935s) | Generator RTF: 0.2740(0.804s / 2.935s)
generated_audios/generated_H3_256C_pruned30/61-70968-0007_generated.wav | RTF: 0.0687(0.244s / 3.550s) | Generator RTF: 0.0678(0.241s / 3.550s)
generated_audios/generated_H3_256C_pruned30/61-70968-0008_generated.wav | RTF: 0.0684(0.242s / 3.535s) | Generator RTF: 0.0675(0.239s / 3.535s)
generated_audios/generated_H3_256C_pruned30/61-70968-0009_generated.wav | RTF: 0.2815(1.270s / 4.510s) | Generator RTF: 0.2808(1.266s / 4.510s)
generated_audios/generated_H3_256C_pruned30/61-70968-0010_generated.wav | RTF: 0.2831(2.349s / 8.295s) | Generator RTF: 0.2827(2.345s / 8.295s)
generated_audios/generated_H3_256C_pruned30/61-70968-0011_generated.wav | RTF: 0.2947(1.879s / 6.375s) | Generator RTF: 0.2942(1.876s / 6.375s)
generated_audios/generated_H3_256C_pruned30/61-70968-0012_generated.wav | RTF: 0.0704(0.184s / 2.610s) | Generator RTF: 0.0692(0.181s / 2.610s)
generated_audios/generated_H3_256C_pruned30/61-70968-0013_generated.wav | RTF: 0.0687(0.306s / 4.450s) | Generator RTF: 0.0679(0.302s / 4.450s)
generated_audios/generated_H3_256C_pruned30/61-70968-0014_generated.wav | RTF: 0.2892(2.165s / 7.485s) | Generator RTF: 0.2887(2.161s / 7.485s)
generated_audios/generated_H3_256C_pruned30/61-70968-0015_generated.wav | RTF: 0.2795(1.503s / 5.375s) | Generator RTF: 0.2789(1.499s / 5.375s)
generated_audios/generated_H3_256C_pruned30/61-70968-0016_generated.wav | RTF: 0.2854(1.062s / 3.720s) | Generator RTF: 0.2845(1.058s / 3.720s)
generated_audios/generated_H3_256C_pruned30/61-70968-0017_generated.wav | RTF: 0.2856(1.460s / 5.110s) | Generator RTF: 0.2849(1.456s / 5.110s)
generated_audios/generated_H3_256C_pruned30/61-70968-0018_generated.wav | RTF: 0.2779(0.668s / 2.405s) | Generator RTF: 0.2765(0.665s / 2.405s)
generated_audios/generated_H3_256C_pruned30/61-70968-0019_generated.wav | RTF: 0.2825(1.547s / 5.475s) | Generator RTF: 0.2819(1.543s / 5.475s)
generated_audios/generated_H3_256C_pruned30/61-70968-0020_generated.wav | RTF: 0.2862(1.461s / 5.105s) | Generator RTF: 0.2855(1.457s / 5.105s)
generated_audios/generated_H3_256C_pruned30/61-70968-0021_generated.wav | RTF: 0.2803(0.754s / 2.690s) | Generator RTF: 0.2791(0.751s / 2.690s)
generated_audios/generated_H3_256C_pruned30/61-70968-0022_generated.wav | RTF: 0.0698(0.326s / 4.670s) | Generator RTF: 0.0690(0.322s / 4.670s)
generated_audios/generated_H3_256C_pruned30/61-70968-0023_generated.wav | RTF: 0.0756(0.380s / 5.025s) | Generator RTF: 0.0749(0.377s / 5.025s)
generated_audios/generated_H3_256C_pruned30/61-70968-0024_generated.wav | RTF: 0.2878(1.734s / 6.025s) | Generator RTF: 0.2872(1.731s / 6.025s)
generated_audios/generated_H3_256C_pruned30/61-70968-0025_generated.wav | RTF: 0.0690(0.304s / 4.410s) | Generator RTF: 0.0682(0.301s / 4.410s)
generated_audios/generated_H3_256C_pruned30/61-70968-0026_generated.wav | RTF: 0.2797(1.376s / 4.920s) | Generator RTF: 0.2790(1.373s / 4.920s)
generated_audios/generated_H3_256C_pruned30/61-70968-0027_generated.wav | RTF: 0.2844(1.954s / 6.870s) | Generator RTF: 0.2838(1.950s / 6.870s)
generated_audios/generated_H3_256C_pruned30/61-70968-0028_generated.wav | RTF: 0.2815(1.508s / 5.355s) | Generator RTF: 0.2809(1.504s / 5.355s)
generated_audios/generated_H3_256C_pruned30/61-70968-0029_generated.wav | RTF: 0.2867(1.002s / 3.495s) | Generator RTF: 0.2858(0.999s / 3.495s)
generated_audios/generated_H3_256C_pruned30/61-70968-0030_generated.wav | RTF: 0.2829(1.608s / 5.685s) | Generator RTF: 0.2822(1.604s / 5.685s)
generated_audios/generated_H3_256C_pruned30/61-70968-0031_generated.wav | RTF: 0.2847(0.833s / 2.925s) | Generator RTF: 0.2836(0.830s / 2.925s)
generated_audios/generated_H3_256C_pruned30/61-70968-0032_generated.wav | RTF: 0.0671(0.287s / 4.280s) | Generator RTF: 0.0663(0.284s / 4.280s)
generated_audios/generated_H3_256C_pruned30/61-70968-0033_generated.wav | RTF: 0.0647(0.368s / 5.685s) | Generator RTF: 0.0641(0.364s / 5.685s)
generated_audios/generated_H3_256C_pruned30/61-70968-0034_generated.wav | RTF: 0.2855(1.208s / 4.230s) | Generator RTF: 0.2847(1.204s / 4.230s)
generated_audios/generated_H3_256C_pruned30/61-70968-0035_generated.wav | RTF: 0.2887(2.295s / 7.950s) | Generator RTF: 0.2883(2.292s / 7.950s)
generated_audios/generated_H3_256C_pruned30/61-70968-0036_generated.wav | RTF: 0.0700(0.205s / 2.935s) | Generator RTF: 0.0688(0.202s / 2.935s)
generated_audios/generated_H3_256C_pruned30/61-70968-0037_generated.wav | RTF: 0.0681(0.294s / 4.315s) | Generator RTF: 0.0673(0.290s / 4.315s)
generated_audios/generated_H3_256C_pruned30/61-70968-0038_generated.wav | RTF: 0.2951(0.605s / 2.050s) | Generator RTF: 0.2936(0.602s / 2.050s)
generated_audios/generated_H3_256C_pruned30/61-70968-0039_generated.wav | RTF: 0.2786(1.060s / 3.805s) | Generator RTF: 0.2777(1.057s / 3.805s)
generated_audios/generated_H3_256C_pruned30/61-70968-0040_generated.wav | RTF: 0.2843(1.123s / 3.950s) | Generator RTF: 0.2835(1.120s / 3.950s)
generated_audios/generated_H3_256C_pruned30/61-70968-0041_generated.wav | RTF: 0.0696(0.475s / 6.825s) | Generator RTF: 0.0691(0.471s / 6.825s)
generated_audios/generated_H3_256C_pruned30/61-70968-0042_generated.wav | RTF: 0.0691(0.193s / 2.785s) | Generator RTF: 0.0680(0.189s / 2.785s)
generated_audios/generated_H3_256C_pruned30/61-70968-0043_generated.wav | RTF: 0.3171(2.136s / 6.735s) | Generator RTF: 0.3165(2.132s / 6.735s)
generated_audios/generated_H3_256C_pruned30/61-70968-0044_generated.wav | RTF: 0.0684(0.190s / 2.770s) | Generator RTF: 0.0673(0.186s / 2.770s)
generated_audios/generated_H3_256C_pruned30/61-70968-0045_generated.wav | RTF: 0.0687(0.239s / 3.475s) | Generator RTF: 0.0678(0.235s / 3.475s)
generated_audios/generated_H3_256C_pruned30/61-70968-0046_generated.wav | RTF: 0.0679(0.241s / 3.550s) | Generator RTF: 0.0670(0.238s / 3.550s)
generated_audios/generated_H3_256C_pruned30/61-70968-0047_generated.wav | RTF: 0.2790(1.332s / 4.775s) | Generator RTF: 0.2783(1.329s / 4.775s)
generated_audios/generated_H3_256C_pruned30/61-70968-0048_generated.wav | RTF: 0.2867(0.866s / 3.020s) | Generator RTF: 0.2856(0.863s / 3.020s)
generated_audios/generated_H3_256C_pruned30/61-70968-0049_generated.wav | RTF: 0.2903(2.395s / 8.250s) | Generator RTF: 0.2898(2.391s / 8.250s)
generated_audios/generated_H3_256C_pruned30/61-70968-0050_generated.wav | RTF: 0.2825(1.577s / 5.580s) | Generator RTF: 0.2819(1.573s / 5.580s)
generated_audios/generated_H3_256C_pruned30/61-70968-0051_generated.wav | RTF: 0.2853(0.894s / 3.135s) | Generator RTF: 0.2843(0.891s / 3.135s)
generated_audios/generated_H3_256C_pruned30/61-70968-0052_generated.wav | RTF: 0.2690(0.713s / 2.650s) | Generator RTF: 0.2677(0.710s / 2.650s)
generated_audios/generated_H3_256C_pruned30/61-70968-0053_generated.wav | RTF: 0.0674(0.284s / 4.220s) | Generator RTF: 0.0666(0.281s / 4.220s)
generated_audios/generated_H3_256C_pruned30/61-70968-0054_generated.wav | RTF: 0.2839(2.232s / 7.860s) | Generator RTF: 0.2834(2.228s / 7.860s)
generated_audios/generated_H3_256C_pruned30/61-70968-0055_generated.wav | RTF: 0.0683(0.271s / 3.965s) | Generator RTF: 0.0674(0.267s / 3.965s)
generated_audios/generated_H3_256C_pruned30/61-70968-0056_generated.wav | RTF: 0.2667(0.951s / 3.565s) | Generator RTF: 0.2657(0.947s / 3.565s)
generated_audios/generated_H3_256C_pruned30/61-70968-0057_generated.wav | RTF: 0.0705(0.357s / 5.065s) | Generator RTF: 0.0700(0.355s / 5.065s)
generated_audios/generated_H3_256C_pruned30/61-70968-0058_generated.wav | RTF: 0.2622(0.477s / 1.820s) | Generator RTF: 0.2605(0.474s / 1.820s)
generated_audios/generated_H3_256C_pruned30/61-70968-0059_generated.wav | RTF: 0.0702(0.152s / 2.170s) | Generator RTF: 0.0687(0.149s / 2.170s)
generated_audios/generated_H3_256C_pruned30/61-70968-0060_generated.wav | RTF: 0.0677(0.253s / 3.735s) | Generator RTF: 0.0668(0.249s / 3.735s)
generated_audios/generated_H3_256C_pruned30/61-70968-0061_generated.wav | RTF: 0.2830(1.565s / 5.530s) | Generator RTF: 0.2824(1.562s / 5.530s)
generated_audios/generated_H3_256C_pruned30/61-70968-0062_generated.wav | RTF: 0.0685(0.175s / 2.555s) | Generator RTF: 0.0673(0.172s / 2.555s)
generated_audios/generated_H3_256C_pruned30/61-70970-0000_generated.wav | RTF: 0.2821(1.714s / 6.075s) | Generator RTF: 0.2815(1.710s / 6.075s)
generated_audios/generated_H3_256C_pruned30/61-70970-0001_generated.wav | RTF: 0.2891(1.780s / 6.155s) | Generator RTF: 0.2887(1.777s / 6.155s)
generated_audios/generated_H3_256C_pruned30/61-70970-0002_generated.wav | RTF: 0.2901(1.208s / 4.165s) | Generator RTF: 0.2893(1.205s / 4.165s)
generated_audios/generated_H3_256C_pruned30/61-70970-0003_generated.wav | RTF: 0.2823(1.082s / 3.835s) | Generator RTF: 0.2814(1.079s / 3.835s)
generated_audios/generated_H3_256C_pruned30/61-70970-0004_generated.wav | RTF: 0.2910(3.060s / 10.515s) | Generator RTF: 0.2906(3.056s / 10.515s)
generated_audios/generated_H3_256C_pruned30/61-70970-0005_generated.wav | RTF: 0.3030(0.612s / 2.020s) | Generator RTF: 0.3014(0.609s / 2.020s)
generated_audios/generated_H3_256C_pruned30/61-70970-0006_generated.wav | RTF: 0.2964(0.692s / 2.335s) | Generator RTF: 0.2951(0.689s / 2.335s)
generated_audios/generated_H3_256C_pruned30/61-70970-0007_generated.wav | RTF: 0.2959(1.327s / 4.485s) | Generator RTF: 0.2951(1.324s / 4.485s)
generated_audios/generated_H3_256C_pruned30/61-70970-0008_generated.wav | RTF: 0.3125(0.672s / 2.150s) | Generator RTF: 0.3110(0.669s / 2.150s)
generated_audios/generated_H3_256C_pruned30/61-70970-0009_generated.wav | RTF: 0.2926(0.996s / 3.405s) | Generator RTF: 0.2916(0.993s / 3.405s)
generated_audios/generated_H3_256C_pruned30/61-70970-0010_generated.wav | RTF: 0.0668(0.203s / 3.045s) | Generator RTF: 0.0657(0.200s / 3.045s)
generated_audios/generated_H3_256C_pruned30/61-70970-0011_generated.wav | RTF: 0.0676(0.411s / 6.075s) | Generator RTF: 0.0670(0.407s / 6.075s)
generated_audios/generated_H3_256C_pruned30/61-70970-0012_generated.wav | RTF: 0.0666(0.209s / 3.135s) | Generator RTF: 0.0655(0.205s / 3.135s)
generated_audios/generated_H3_256C_pruned30/61-70970-0013_generated.wav | RTF: 0.2960(1.288s / 4.350s) | Generator RTF: 0.2952(1.284s / 4.350s)
generated_audios/generated_H3_256C_pruned30/61-70970-0014_generated.wav | RTF: 0.0576(0.196s / 3.405s) | Generator RTF: 0.0566(0.193s / 3.405s)
generated_audios/generated_H3_256C_pruned30/61-70970-0015_generated.wav | RTF: 0.2930(2.465s / 8.415s) | Generator RTF: 0.2925(2.462s / 8.415s)
generated_audios/generated_H3_256C_pruned30/61-70970-0016_generated.wav | RTF: 0.2877(1.257s / 4.370s) | Generator RTF: 0.2869(1.254s / 4.370s)
generated_audios/generated_H3_256C_pruned30/61-70970-0017_generated.wav | RTF: 0.0701(0.179s / 2.550s) | Generator RTF: 0.0688(0.175s / 2.550s)
generated_audios/generated_H3_256C_pruned30/61-70970-0018_generated.wav | RTF: 0.2852(1.312s / 4.600s) | Generator RTF: 0.2845(1.309s / 4.600s)
generated_audios/generated_H3_256C_pruned30/61-70970-0019_generated.wav | RTF: 0.2874(1.086s / 3.780s) | Generator RTF: 0.2865(1.083s / 3.780s)
generated_audios/generated_H3_256C_pruned30/61-70970-0020_generated.wav | RTF: 0.0666(0.335s / 5.025s) | Generator RTF: 0.0659(0.331s / 5.025s)
generated_audios/generated_H3_256C_pruned30/61-70970-0021_generated.wav | RTF: 0.2857(1.544s / 5.405s) | Generator RTF: 0.2850(1.540s / 5.405s)
generated_audios/generated_H3_256C_pruned30/61-70970-0022_generated.wav | RTF: 0.0672(0.267s / 3.970s) | Generator RTF: 0.0663(0.263s / 3.970s)
generated_audios/generated_H3_256C_pruned30/61-70970-0023_generated.wav | RTF: 0.0677(0.251s / 3.705s) | Generator RTF: 0.0668(0.248s / 3.705s)
generated_audios/generated_H3_256C_pruned30/61-70970-0024_generated.wav | RTF: 0.2905(2.102s / 7.235s) | Generator RTF: 0.2900(2.098s / 7.235s)
generated_audios/generated_H3_256C_pruned30/61-70970-0025_generated.wav | RTF: 0.2902(2.158s / 7.435s) | Generator RTF: 0.2897(2.154s / 7.435s)
generated_audios/generated_H3_256C_pruned30/61-70970-0026_generated.wav | RTF: 0.0675(0.370s / 5.475s) | Generator RTF: 0.0668(0.366s / 5.475s)
generated_audios/generated_H3_256C_pruned30/61-70970-0027_generated.wav | RTF: 0.0693(0.352s / 5.080s) | Generator RTF: 0.0686(0.348s / 5.080s)
generated_audios/generated_H3_256C_pruned30/61-70970-0028_generated.wav | RTF: 0.0684(0.448s / 6.550s) | Generator RTF: 0.0679(0.444s / 6.550s)
generated_audios/generated_H3_256C_pruned30/61-70970-0029_generated.wav | RTF: 0.0698(0.281s / 4.030s) | Generator RTF: 0.0690(0.278s / 4.030s)
generated_audios/generated_H3_256C_pruned30/61-70970-0030_generated.wav | RTF: 0.0687(0.223s / 3.240s) | Generator RTF: 0.0677(0.219s / 3.240s)
generated_audios/generated_H3_256C_pruned30/61-70970-0031_generated.wav | RTF: 0.2874(1.476s / 5.135s) | Generator RTF: 0.2867(1.472s / 5.135s)
generated_audios/generated_H3_256C_pruned30/61-70970-0032_generated.wav | RTF: 0.0665(0.209s / 3.135s) | Generator RTF: 0.0655(0.205s / 3.135s)
generated_audios/generated_H3_256C_pruned30/61-70970-0033_generated.wav | RTF: 0.2839(0.971s / 3.420s) | Generator RTF: 0.2829(0.968s / 3.420s)
generated_audios/generated_H3_256C_pruned30/61-70970-0034_generated.wav | RTF: 0.0668(0.300s / 4.485s) | Generator RTF: 0.0660(0.296s / 4.485s)
generated_audios/generated_H3_256C_pruned30/61-70970-0035_generated.wav | RTF: 0.0677(0.501s / 7.405s) | Generator RTF: 0.0672(0.498s / 7.405s)
generated_audios/generated_H3_256C_pruned30/61-70970-0036_generated.wav | RTF: 0.0686(0.465s / 6.785s) | Generator RTF: 0.0680(0.462s / 6.785s)
generated_audios/generated_H3_256C_pruned30/61-70970-0037_generated.wav | RTF: 0.2861(1.711s / 5.980s) | Generator RTF: 0.2855(1.707s / 5.980s)
generated_audios/generated_H3_256C_pruned30/61-70970-0038_generated.wav | RTF: 0.2879(2.995s / 10.400s) | Generator RTF: 0.2875(2.990s / 10.400s)
generated_audios/generated_H3_256C_pruned30/61-70970-0039_generated.wav | RTF: 0.0682(0.455s / 6.665s) | Generator RTF: 0.0677(0.451s / 6.665s)
generated_audios/generated_H3_256C_pruned30/61-70970-0040_generated.wav | RTF: 0.0668(0.278s / 4.165s) | Generator RTF: 0.0660(0.275s / 4.165s)
generated_audios/generated_H3_256C_pruned30/672-122797-0000_generated.wav | RTF: 0.2909(1.184s / 4.070s) | Generator RTF: 0.2901(1.181s / 4.070s)
generated_audios/generated_H3_256C_pruned30/672-122797-0001_generated.wav | RTF: 0.2898(4.384s / 15.130s) | Generator RTF: 0.2895(4.379s / 15.130s)
generated_audios/generated_H3_256C_pruned30/672-122797-0002_generated.wav | RTF: 0.2858(3.893s / 13.620s) | Generator RTF: 0.2855(3.889s / 13.620s)
generated_audios/generated_H3_256C_pruned30/672-122797-0003_generated.wav | RTF: 0.2932(1.396s / 4.760s) | Generator RTF: 0.2925(1.392s / 4.760s)
generated_audios/generated_H3_256C_pruned30/672-122797-0004_generated.wav | RTF: 0.2846(2.917s / 10.250s) | Generator RTF: 0.2842(2.913s / 10.250s)
generated_audios/generated_H3_256C_pruned30/672-122797-0005_generated.wav | RTF: 0.2998(0.977s / 3.260s) | Generator RTF: 0.2987(0.974s / 3.260s)
generated_audios/generated_H3_256C_pruned30/672-122797-0006_generated.wav | RTF: 0.2928(4.085s / 13.950s) | Generator RTF: 0.2925(4.080s / 13.950s)
generated_audios/generated_H3_256C_pruned30/672-122797-0007_generated.wav | RTF: 0.2905(1.865s / 6.420s) | Generator RTF: 0.2898(1.861s / 6.420s)
generated_audios/generated_H3_256C_pruned30/672-122797-0008_generated.wav | RTF: 0.2936(9.047s / 30.810s) | Generator RTF: 0.2934(9.040s / 30.810s)
generated_audios/generated_H3_256C_pruned30/672-122797-0009_generated.wav | RTF: 0.0707(0.196s / 2.765s) | Generator RTF: 0.0695(0.192s / 2.765s)
generated_audios/generated_H3_256C_pruned30/672-122797-0010_generated.wav | RTF: 0.0685(0.261s / 3.815s) | Generator RTF: 0.0676(0.258s / 3.815s)
generated_audios/generated_H3_256C_pruned30/672-122797-0011_generated.wav | RTF: 0.2942(0.747s / 2.540s) | Generator RTF: 0.2929(0.744s / 2.540s)
generated_audios/generated_H3_256C_pruned30/672-122797-0012_generated.wav | RTF: 0.2924(2.271s / 7.765s) | Generator RTF: 0.2920(2.267s / 7.765s)
generated_audios/generated_H3_256C_pruned30/672-122797-0013_generated.wav | RTF: 0.2895(2.520s / 8.705s) | Generator RTF: 0.2890(2.516s / 8.705s)
generated_audios/generated_H3_256C_pruned30/672-122797-0014_generated.wav | RTF: 0.0703(0.180s / 2.555s) | Generator RTF: 0.0690(0.176s / 2.555s)
generated_audios/generated_H3_256C_pruned30/672-122797-0015_generated.wav | RTF: 0.0666(0.297s / 4.455s) | Generator RTF: 0.0658(0.293s / 4.455s)
generated_audios/generated_H3_256C_pruned30/672-122797-0016_generated.wav | RTF: 0.2878(2.652s / 9.215s) | Generator RTF: 0.2873(2.648s / 9.215s)
generated_audios/generated_H3_256C_pruned30/672-122797-0017_generated.wav | RTF: 0.2874(1.385s / 4.820s) | Generator RTF: 0.2869(1.383s / 4.820s)
generated_audios/generated_H3_256C_pruned30/672-122797-0018_generated.wav | RTF: 0.2842(1.401s / 4.930s) | Generator RTF: 0.2835(1.398s / 4.930s)
generated_audios/generated_H3_256C_pruned30/672-122797-0019_generated.wav | RTF: 0.2808(1.154s / 4.110s) | Generator RTF: 0.2800(1.151s / 4.110s)
generated_audios/generated_H3_256C_pruned30/672-122797-0020_generated.wav | RTF: 0.2897(2.557s / 8.825s) | Generator RTF: 0.2893(2.553s / 8.825s)
generated_audios/generated_H3_256C_pruned30/672-122797-0021_generated.wav | RTF: 0.0690(0.286s / 4.150s) | Generator RTF: 0.0682(0.283s / 4.150s)
generated_audios/generated_H3_256C_pruned30/672-122797-0022_generated.wav | RTF: 0.2927(5.563s / 19.005s) | Generator RTF: 0.2924(5.558s / 19.005s)
generated_audios/generated_H3_256C_pruned30/672-122797-0023_generated.wav | RTF: 0.2881(2.793s / 9.695s) | Generator RTF: 0.2877(2.789s / 9.695s)
generated_audios/generated_H3_256C_pruned30/672-122797-0024_generated.wav | RTF: 0.3370(1.392s / 4.130s) | Generator RTF: 0.3362(1.389s / 4.130s)
generated_audios/generated_H3_256C_pruned30/672-122797-0025_generated.wav | RTF: 0.2898(3.098s / 10.690s) | Generator RTF: 0.2894(3.094s / 10.690s)
generated_audios/generated_H3_256C_pruned30/672-122797-0026_generated.wav | RTF: 0.2897(4.045s / 13.960s) | Generator RTF: 0.2895(4.042s / 13.960s)
generated_audios/generated_H3_256C_pruned30/672-122797-0027_generated.wav | RTF: 0.0676(0.324s / 4.790s) | Generator RTF: 0.0669(0.321s / 4.790s)
generated_audios/generated_H3_256C_pruned30/672-122797-0028_generated.wav | RTF: 0.0700(0.183s / 2.610s) | Generator RTF: 0.0687(0.179s / 2.610s)
generated_audios/generated_H3_256C_pruned30/672-122797-0029_generated.wav | RTF: 0.0684(0.209s / 3.050s) | Generator RTF: 0.0673(0.205s / 3.050s)
generated_audios/generated_H3_256C_pruned30/672-122797-0030_generated.wav | RTF: 0.2819(1.290s / 4.575s) | Generator RTF: 0.2812(1.286s / 4.575s)
generated_audios/generated_H3_256C_pruned30/672-122797-0031_generated.wav | RTF: 0.0676(0.269s / 3.980s) | Generator RTF: 0.0668(0.266s / 3.980s)
generated_audios/generated_H3_256C_pruned30/672-122797-0032_generated.wav | RTF: 0.0665(0.266s / 4.000s) | Generator RTF: 0.0657(0.263s / 4.000s)
generated_audios/generated_H3_256C_pruned30/672-122797-0033_generated.wav | RTF: 0.2881(0.370s / 1.285s) | Generator RTF: 0.2858(0.367s / 1.285s)
generated_audios/generated_H3_256C_pruned30/672-122797-0034_generated.wav | RTF: 0.0674(0.344s / 5.110s) | Generator RTF: 0.0667(0.341s / 5.110s)
generated_audios/generated_H3_256C_pruned30/672-122797-0035_generated.wav | RTF: 0.0683(0.198s / 2.900s) | Generator RTF: 0.0671(0.195s / 2.900s)
generated_audios/generated_H3_256C_pruned30/672-122797-0036_generated.wav | RTF: 0.0700(0.376s / 5.365s) | Generator RTF: 0.0694(0.372s / 5.365s)
generated_audios/generated_H3_256C_pruned30/672-122797-0037_generated.wav | RTF: 0.2758(0.541s / 1.960s) | Generator RTF: 0.2742(0.537s / 1.960s)
generated_audios/generated_H3_256C_pruned30/672-122797-0038_generated.wav | RTF: 0.2862(2.519s / 8.800s) | Generator RTF: 0.2858(2.515s / 8.800s)
generated_audios/generated_H3_256C_pruned30/672-122797-0039_generated.wav | RTF: 0.2850(1.147s / 4.025s) | Generator RTF: 0.2842(1.144s / 4.025s)
generated_audios/generated_H3_256C_pruned30/672-122797-0040_generated.wav | RTF: 0.0688(0.353s / 5.125s) | Generator RTF: 0.0681(0.349s / 5.125s)
generated_audios/generated_H3_256C_pruned30/672-122797-0041_generated.wav | RTF: 0.0668(0.259s / 3.880s) | Generator RTF: 0.0659(0.256s / 3.880s)
generated_audios/generated_H3_256C_pruned30/672-122797-0042_generated.wav | RTF: 0.2893(4.429s / 15.310s) | Generator RTF: 0.2890(4.424s / 15.310s)
generated_audios/generated_H3_256C_pruned30/672-122797-0043_generated.wav | RTF: 0.0663(0.251s / 3.780s) | Generator RTF: 0.0654(0.247s / 3.780s)
generated_audios/generated_H3_256C_pruned30/672-122797-0044_generated.wav | RTF: 0.0673(0.252s / 3.740s) | Generator RTF: 0.0664(0.248s / 3.740s)
generated_audios/generated_H3_256C_pruned30/672-122797-0045_generated.wav | RTF: 0.0680(0.949s / 13.960s) | Generator RTF: 0.0677(0.945s / 13.960s)
generated_audios/generated_H3_256C_pruned30/672-122797-0046_generated.wav | RTF: 0.2840(1.339s / 4.715s) | Generator RTF: 0.2833(1.336s / 4.715s)
generated_audios/generated_H3_256C_pruned30/672-122797-0047_generated.wav | RTF: 0.2828(0.940s / 3.325s) | Generator RTF: 0.2818(0.937s / 3.325s)
generated_audios/generated_H3_256C_pruned30/672-122797-0048_generated.wav | RTF: 0.0693(0.455s / 6.555s) | Generator RTF: 0.0688(0.451s / 6.555s)
generated_audios/generated_H3_256C_pruned30/672-122797-0049_generated.wav | RTF: 0.0741(0.150s / 2.020s) | Generator RTF: 0.0725(0.147s / 2.020s)
generated_audios/generated_H3_256C_pruned30/672-122797-0050_generated.wav | RTF: 0.2870(1.393s / 4.855s) | Generator RTF: 0.2863(1.390s / 4.855s)
generated_audios/generated_H3_256C_pruned30/672-122797-0051_generated.wav | RTF: 0.2869(1.338s / 4.665s) | Generator RTF: 0.2861(1.335s / 4.665s)
generated_audios/generated_H3_256C_pruned30/672-122797-0052_generated.wav | RTF: 0.2824(1.210s / 4.285s) | Generator RTF: 0.2816(1.207s / 4.285s)
generated_audios/generated_H3_256C_pruned30/672-122797-0053_generated.wav | RTF: 0.0681(0.201s / 2.955s) | Generator RTF: 0.0670(0.198s / 2.955s)
generated_audios/generated_H3_256C_pruned30/672-122797-0054_generated.wav | RTF: 0.0676(0.287s / 4.250s) | Generator RTF: 0.0667(0.284s / 4.250s)
generated_audios/generated_H3_256C_pruned30/672-122797-0055_generated.wav | RTF: 0.2865(2.358s / 8.230s) | Generator RTF: 0.2860(2.354s / 8.230s)
generated_audios/generated_H3_256C_pruned30/672-122797-0056_generated.wav | RTF: 0.0705(0.368s / 5.225s) | Generator RTF: 0.0698(0.365s / 5.225s)
generated_audios/generated_H3_256C_pruned30/672-122797-0057_generated.wav | RTF: 0.0693(0.454s / 6.560s) | Generator RTF: 0.0688(0.451s / 6.560s)
generated_audios/generated_H3_256C_pruned30/672-122797-0058_generated.wav | RTF: 0.2893(1.293s / 4.470s) | Generator RTF: 0.2889(1.291s / 4.470s)
generated_audios/generated_H3_256C_pruned30/672-122797-0059_generated.wav | RTF: 0.2818(0.992s / 3.520s) | Generator RTF: 0.2809(0.989s / 3.520s)
generated_audios/generated_H3_256C_pruned30/672-122797-0060_generated.wav | RTF: 0.0671(0.225s / 3.350s) | Generator RTF: 0.0662(0.222s / 3.350s)
generated_audios/generated_H3_256C_pruned30/672-122797-0061_generated.wav | RTF: 0.2865(2.175s / 7.590s) | Generator RTF: 0.2861(2.171s / 7.590s)
generated_audios/generated_H3_256C_pruned30/672-122797-0062_generated.wav | RTF: 0.2855(0.764s / 2.675s) | Generator RTF: 0.2843(0.761s / 2.675s)
generated_audios/generated_H3_256C_pruned30/672-122797-0063_generated.wav | RTF: 0.0669(0.339s / 5.075s) | Generator RTF: 0.0665(0.337s / 5.075s)
generated_audios/generated_H3_256C_pruned30/672-122797-0064_generated.wav | RTF: 0.2892(4.417s / 15.270s) | Generator RTF: 0.2889(4.412s / 15.270s)
generated_audios/generated_H3_256C_pruned30/672-122797-0065_generated.wav | RTF: 0.0670(0.203s / 3.030s) | Generator RTF: 0.0660(0.200s / 3.030s)
generated_audios/generated_H3_256C_pruned30/672-122797-0066_generated.wav | RTF: 0.0678(0.327s / 4.815s) | Generator RTF: 0.0671(0.323s / 4.815s)
generated_audios/generated_H3_256C_pruned30/672-122797-0067_generated.wav | RTF: 0.2867(3.737s / 13.035s) | Generator RTF: 0.2864(3.733s / 13.035s)
generated_audios/generated_H3_256C_pruned30/672-122797-0068_generated.wav | RTF: 0.0675(0.271s / 4.020s) | Generator RTF: 0.0667(0.268s / 4.020s)
generated_audios/generated_H3_256C_pruned30/672-122797-0069_generated.wav | RTF: 0.2881(1.443s / 5.010s) | Generator RTF: 0.2874(1.440s / 5.010s)
generated_audios/generated_H3_256C_pruned30/672-122797-0070_generated.wav | RTF: 0.2866(1.797s / 6.270s) | Generator RTF: 0.2862(1.795s / 6.270s)
generated_audios/generated_H3_256C_pruned30/672-122797-0071_generated.wav | RTF: 0.2896(2.570s / 8.875s) | Generator RTF: 0.2892(2.566s / 8.875s)
generated_audios/generated_H3_256C_pruned30/672-122797-0072_generated.wav | RTF: 0.2861(2.271s / 7.940s) | Generator RTF: 0.2855(2.267s / 7.940s)
generated_audios/generated_H3_256C_pruned30/672-122797-0073_generated.wav | RTF: 0.2891(2.372s / 8.205s) | Generator RTF: 0.2886(2.368s / 8.205s)
generated_audios/generated_H3_256C_pruned30/672-122797-0074_generated.wav | RTF: 0.2853(2.491s / 8.730s) | Generator RTF: 0.2849(2.487s / 8.730s)
generated_audios/generated_H3_256C_pruned30/908-157963-0000_generated.wav | RTF: 0.2865(3.616s / 12.620s) | Generator RTF: 0.2862(3.612s / 12.620s)
generated_audios/generated_H3_256C_pruned30/908-157963-0001_generated.wav | RTF: 0.2867(0.827s / 2.885s) | Generator RTF: 0.2855(0.824s / 2.885s)
generated_audios/generated_H3_256C_pruned30/908-157963-0002_generated.wav | RTF: 0.2760(0.760s / 2.755s) | Generator RTF: 0.2748(0.757s / 2.755s)
generated_audios/generated_H3_256C_pruned30/908-157963-0003_generated.wav | RTF: 0.2840(0.875s / 3.080s) | Generator RTF: 0.2829(0.871s / 3.080s)
generated_audios/generated_H3_256C_pruned30/908-157963-0004_generated.wav | RTF: 0.2902(4.060s / 13.990s) | Generator RTF: 0.2899(4.056s / 13.990s)
generated_audios/generated_H3_256C_pruned30/908-157963-0005_generated.wav | RTF: 0.2867(2.017s / 7.035s) | Generator RTF: 0.2862(2.013s / 7.035s)
generated_audios/generated_H3_256C_pruned30/908-157963-0006_generated.wav | RTF: 0.2902(2.354s / 8.110s) | Generator RTF: 0.2898(2.350s / 8.110s)
generated_audios/generated_H3_256C_pruned30/908-157963-0007_generated.wav | RTF: 0.2939(9.632s / 32.770s) | Generator RTF: 0.2937(9.625s / 32.770s)
generated_audios/generated_H3_256C_pruned30/908-157963-0008_generated.wav | RTF: 0.2931(5.847s / 19.950s) | Generator RTF: 0.2928(5.842s / 19.950s)
generated_audios/generated_H3_256C_pruned30/908-157963-0009_generated.wav | RTF: 0.2869(1.165s / 4.060s) | Generator RTF: 0.2860(1.161s / 4.060s)
generated_audios/generated_H3_256C_pruned30/908-157963-0010_generated.wav | RTF: 0.0695(0.436s / 6.280s) | Generator RTF: 0.0689(0.433s / 6.280s)
generated_audios/generated_H3_256C_pruned30/908-157963-0011_generated.wav | RTF: 0.0674(0.700s / 10.395s) | Generator RTF: 0.0670(0.696s / 10.395s)
generated_audios/generated_H3_256C_pruned30/908-157963-0012_generated.wav | RTF: 0.2883(2.909s / 10.090s) | Generator RTF: 0.2879(2.905s / 10.090s)
generated_audios/generated_H3_256C_pruned30/908-157963-0013_generated.wav | RTF: 0.0681(0.294s / 4.315s) | Generator RTF: 0.0673(0.290s / 4.315s)
generated_audios/generated_H3_256C_pruned30/908-157963-0014_generated.wav | RTF: 0.0684(0.309s / 4.520s) | Generator RTF: 0.0676(0.306s / 4.520s)
generated_audios/generated_H3_256C_pruned30/908-157963-0015_generated.wav | RTF: 0.2905(4.202s / 14.465s) | Generator RTF: 0.2902(4.198s / 14.465s)
generated_audios/generated_H3_256C_pruned30/908-157963-0016_generated.wav | RTF: 0.0662(0.338s / 5.105s) | Generator RTF: 0.0655(0.334s / 5.105s)
generated_audios/generated_H3_256C_pruned30/908-157963-0017_generated.wav | RTF: 0.2803(1.388s / 4.950s) | Generator RTF: 0.2796(1.384s / 4.950s)
generated_audios/generated_H3_256C_pruned30/908-157963-0018_generated.wav | RTF: 0.0671(0.286s / 4.255s) | Generator RTF: 0.0663(0.282s / 4.255s)
generated_audios/generated_H3_256C_pruned30/908-157963-0019_generated.wav | RTF: 0.2936(6.295s / 21.440s) | Generator RTF: 0.2934(6.290s / 21.440s)
generated_audios/generated_H3_256C_pruned30/908-157963-0020_generated.wav | RTF: 0.2915(2.857s / 9.800s) | Generator RTF: 0.2911(2.852s / 9.800s)
generated_audios/generated_H3_256C_pruned30/908-157963-0021_generated.wav | RTF: 0.0682(0.698s / 10.240s) | Generator RTF: 0.0678(0.694s / 10.240s)
generated_audios/generated_H3_256C_pruned30/908-157963-0022_generated.wav | RTF: 0.2890(1.332s / 4.610s) | Generator RTF: 0.2882(1.329s / 4.610s)
generated_audios/generated_H3_256C_pruned30/908-157963-0023_generated.wav | RTF: 0.2880(2.772s / 9.625s) | Generator RTF: 0.2875(2.767s / 9.625s)
generated_audios/generated_H3_256C_pruned30/908-157963-0024_generated.wav | RTF: 0.2860(0.984s / 3.440s) | Generator RTF: 0.2851(0.981s / 3.440s)
generated_audios/generated_H3_256C_pruned30/908-157963-0025_generated.wav | RTF: 0.2881(2.670s / 9.265s) | Generator RTF: 0.2877(2.666s / 9.265s)
generated_audios/generated_H3_256C_pruned30/908-157963-0026_generated.wav | RTF: 0.2898(2.347s / 8.100s) | Generator RTF: 0.2893(2.343s / 8.100s)
generated_audios/generated_H3_256C_pruned30/908-157963-0027_generated.wav | RTF: 0.0677(0.354s / 5.225s) | Generator RTF: 0.0671(0.350s / 5.225s)
generated_audios/generated_H3_256C_pruned30/908-157963-0028_generated.wav | RTF: 0.0656(0.325s / 4.955s) | Generator RTF: 0.0649(0.322s / 4.955s)
generated_audios/generated_H3_256C_pruned30/908-157963-0029_generated.wav | RTF: 0.2800(1.017s / 3.630s) | Generator RTF: 0.2791(1.013s / 3.630s)
generated_audios/generated_H3_256C_pruned30/908-157963-0030_generated.wav | RTF: 0.0668(0.302s / 4.520s) | Generator RTF: 0.0660(0.298s / 4.520s)
generated_audios/generated_H3_256C_pruned30/908-31957-0000_generated.wav | RTF: 0.2798(0.595s / 2.125s) | Generator RTF: 0.2783(0.591s / 2.125s)
generated_audios/generated_H3_256C_pruned30/908-31957-0001_generated.wav | RTF: 0.2894(3.274s / 11.315s) | Generator RTF: 0.2890(3.270s / 11.315s)
generated_audios/generated_H3_256C_pruned30/908-31957-0002_generated.wav | RTF: 0.0665(0.319s / 4.790s) | Generator RTF: 0.0658(0.315s / 4.790s)
generated_audios/generated_H3_256C_pruned30/908-31957-0003_generated.wav | RTF: 0.0685(0.449s / 6.565s) | Generator RTF: 0.0679(0.446s / 6.565s)
generated_audios/generated_H3_256C_pruned30/908-31957-0004_generated.wav | RTF: 0.2910(4.294s / 14.755s) | Generator RTF: 0.2908(4.290s / 14.755s)
generated_audios/generated_H3_256C_pruned30/908-31957-0005_generated.wav | RTF: 0.0678(0.304s / 4.490s) | Generator RTF: 0.0670(0.301s / 4.490s)
generated_audios/generated_H3_256C_pruned30/908-31957-0006_generated.wav | RTF: 0.2846(1.676s / 5.890s) | Generator RTF: 0.2840(1.673s / 5.890s)
generated_audios/generated_H3_256C_pruned30/908-31957-0007_generated.wav | RTF: 0.0704(0.408s / 5.800s) | Generator RTF: 0.0696(0.404s / 5.800s)
generated_audios/generated_H3_256C_pruned30/908-31957-0008_generated.wav | RTF: 0.2898(2.899s / 10.005s) | Generator RTF: 0.2894(2.895s / 10.005s)
generated_audios/generated_H3_256C_pruned30/908-31957-0009_generated.wav | RTF: 0.2891(2.227s / 7.705s) | Generator RTF: 0.2886(2.223s / 7.705s)
generated_audios/generated_H3_256C_pruned30/908-31957-0010_generated.wav | RTF: 0.2793(0.701s / 2.510s) | Generator RTF: 0.2780(0.698s / 2.510s)
generated_audios/generated_H3_256C_pruned30/908-31957-0011_generated.wav | RTF: 0.0706(0.165s / 2.335s) | Generator RTF: 0.0692(0.162s / 2.335s)
generated_audios/generated_H3_256C_pruned30/908-31957-0012_generated.wav | RTF: 0.2887(2.198s / 7.615s) | Generator RTF: 0.2882(2.195s / 7.615s)
generated_audios/generated_H3_256C_pruned30/908-31957-0013_generated.wav | RTF: 0.2914(1.801s / 6.180s) | Generator RTF: 0.2908(1.797s / 6.180s)
generated_audios/generated_H3_256C_pruned30/908-31957-0014_generated.wav | RTF: 0.2900(2.193s / 7.560s) | Generator RTF: 0.2895(2.189s / 7.560s)
generated_audios/generated_H3_256C_pruned30/908-31957-0015_generated.wav | RTF: 0.2963(6.360s / 21.465s) | Generator RTF: 0.2960(6.354s / 21.465s)
generated_audios/generated_H3_256C_pruned30/908-31957-0016_generated.wav | RTF: 0.2902(1.880s / 6.480s) | Generator RTF: 0.2896(1.877s / 6.480s)
generated_audios/generated_H3_256C_pruned30/908-31957-0017_generated.wav | RTF: 0.2833(2.208s / 7.795s) | Generator RTF: 0.2828(2.204s / 7.795s)
generated_audios/generated_H3_256C_pruned30/908-31957-0018_generated.wav | RTF: 0.2817(1.103s / 3.915s) | Generator RTF: 0.2809(1.100s / 3.915s)
generated_audios/generated_H3_256C_pruned30/908-31957-0019_generated.wav | RTF: 0.2871(2.739s / 9.540s) | Generator RTF: 0.2866(2.735s / 9.540s)
generated_audios/generated_H3_256C_pruned30/908-31957-0020_generated.wav | RTF: 0.0710(0.419s / 5.895s) | Generator RTF: 0.0704(0.415s / 5.895s)
generated_audios/generated_H3_256C_pruned30/908-31957-0021_generated.wav | RTF: 0.2868(3.127s / 10.905s) | Generator RTF: 0.2864(3.123s / 10.905s)
generated_audios/generated_H3_256C_pruned30/908-31957-0022_generated.wav | RTF: 0.2921(4.118s / 14.100s) | Generator RTF: 0.2917(4.114s / 14.100s)
generated_audios/generated_H3_256C_pruned30/908-31957-0023_generated.wav | RTF: 0.2887(2.458s / 8.515s) | Generator RTF: 0.2882(2.454s / 8.515s)
generated_audios/generated_H3_256C_pruned30/908-31957-0024_generated.wav | RTF: 0.2947(2.222s / 7.540s) | Generator RTF: 0.2942(2.218s / 7.540s)
generated_audios/generated_H3_256C_pruned30/908-31957-0025_generated.wav | RTF: 0.3081(6.335s / 20.560s) | Generator RTF: 0.3079(6.330s / 20.560s)
Average RTF: 0.2403(759.250s / 3159.849s)
Average Generator RTF: 0.2397(757.363s / 3159.849s)
Evaluation summary:
  Mel-spectrogram L1: 0.320987
  PESQ: 2.360519
  STOI: 0.930383
Saved per-audio metrics CSV: per_audio_results.csv

Appended metrics to CSV: experiments_results.csv
========== H3: pruning 50% ==========
Initializing Inference Process..
Using device: cpu (baseline and quantized inference both run on CPU)
Loading '/home/hpc/vlbi/vlbi107v/hifi-gan/cp_hifigan/v1_c256_physical50/g_00265000'
Complete.
Checkpoint contains plain conv weights. Removing weight_norm wrappers before loading...
Removing weight norm...
Loaded checkpoint: /home/hpc/vlbi/vlbi107v/hifi-gan/cp_hifigan/v1_c256_physical50/g_00265000 (8.382 MB)
Generator parameters: 2,183,689
generated_audios/generated_H3_256C_pruned50/1089-134686-0000_generated.wav | RTF: 0.2558(2.669s / 10.435s) | Generator RTF: 0.2551(2.662s / 10.435s)
generated_audios/generated_H3_256C_pruned50/1089-134686-0001_generated.wav | RTF: 0.2365(0.774s / 3.275s) | Generator RTF: 0.2354(0.771s / 3.275s)
generated_audios/generated_H3_256C_pruned50/1089-134686-0002_generated.wav | RTF: 0.2368(1.569s / 6.625s) | Generator RTF: 0.2362(1.565s / 6.625s)
generated_audios/generated_H3_256C_pruned50/1089-134686-0003_generated.wav | RTF: 0.2455(0.658s / 2.680s) | Generator RTF: 0.2443(0.655s / 2.680s)
generated_audios/generated_H3_256C_pruned50/1089-134686-0004_generated.wav | RTF: 0.2390(1.246s / 5.215s) | Generator RTF: 0.2383(1.243s / 5.215s)
generated_audios/generated_H3_256C_pruned50/1089-134686-0005_generated.wav | RTF: 0.2509(2.417s / 9.635s) | Generator RTF: 0.2504(2.413s / 9.635s)
generated_audios/generated_H3_256C_pruned50/1089-134686-0006_generated.wav | RTF: 0.2443(2.579s / 10.555s) | Generator RTF: 0.2439(2.574s / 10.555s)
generated_audios/generated_H3_256C_pruned50/1089-134686-0007_generated.wav | RTF: 0.2428(1.038s / 4.275s) | Generator RTF: 0.2419(1.034s / 4.275s)
generated_audios/generated_H3_256C_pruned50/1089-134686-0008_generated.wav | RTF: 0.2373(1.597s / 6.730s) | Generator RTF: 0.2367(1.593s / 6.730s)
generated_audios/generated_H3_256C_pruned50/1089-134686-0009_generated.wav | RTF: 0.2438(2.578s / 10.575s) | Generator RTF: 0.2434(2.574s / 10.575s)
generated_audios/generated_H3_256C_pruned50/1089-134686-0010_generated.wav | RTF: 0.2428(1.069s / 4.405s) | Generator RTF: 0.2420(1.066s / 4.405s)
generated_audios/generated_H3_256C_pruned50/1089-134686-0011_generated.wav | RTF: 0.2709(3.371s / 12.445s) | Generator RTF: 0.2705(3.367s / 12.445s)
generated_audios/generated_H3_256C_pruned50/1089-134686-0012_generated.wav | RTF: 0.2691(3.132s / 11.640s) | Generator RTF: 0.2687(3.128s / 11.640s)
generated_audios/generated_H3_256C_pruned50/1089-134686-0013_generated.wav | RTF: 0.2397(1.897s / 7.915s) | Generator RTF: 0.2392(1.893s / 7.915s)
generated_audios/generated_H3_256C_pruned50/1089-134686-0014_generated.wav | RTF: 0.2507(0.558s / 2.225s) | Generator RTF: 0.2493(0.555s / 2.225s)
generated_audios/generated_H3_256C_pruned50/1089-134686-0015_generated.wav | RTF: 0.2422(1.408s / 5.815s) | Generator RTF: 0.2416(1.405s / 5.815s)
generated_audios/generated_H3_256C_pruned50/1089-134686-0016_generated.wav | RTF: 0.2429(0.860s / 3.540s) | Generator RTF: 0.2419(0.856s / 3.540s)
generated_audios/generated_H3_256C_pruned50/1089-134686-0017_generated.wav | RTF: 0.2497(2.215s / 8.870s) | Generator RTF: 0.2493(2.211s / 8.870s)
generated_audios/generated_H3_256C_pruned50/1089-134686-0018_generated.wav | RTF: 0.2690(4.228s / 15.720s) | Generator RTF: 0.2687(4.224s / 15.720s)
generated_audios/generated_H3_256C_pruned50/1089-134686-0019_generated.wav | RTF: 0.2672(3.713s / 13.895s) | Generator RTF: 0.2669(3.709s / 13.895s)
generated_audios/generated_H3_256C_pruned50/1089-134686-0020_generated.wav | RTF: 0.2677(4.495s / 16.790s) | Generator RTF: 0.2674(4.489s / 16.790s)
generated_audios/generated_H3_256C_pruned50/1089-134686-0021_generated.wav | RTF: 0.2392(1.567s / 6.550s) | Generator RTF: 0.2387(1.563s / 6.550s)
generated_audios/generated_H3_256C_pruned50/1089-134686-0022_generated.wav | RTF: 0.2523(2.820s / 11.175s) | Generator RTF: 0.2520(2.816s / 11.175s)
generated_audios/generated_H3_256C_pruned50/1089-134686-0023_generated.wav | RTF: 0.2712(3.600s / 13.275s) | Generator RTF: 0.2708(3.595s / 13.275s)
generated_audios/generated_H3_256C_pruned50/1089-134686-0024_generated.wav | RTF: 0.2455(2.862s / 11.655s) | Generator RTF: 0.2452(2.858s / 11.655s)
generated_audios/generated_H3_256C_pruned50/1089-134686-0025_generated.wav | RTF: 0.2428(1.605s / 6.610s) | Generator RTF: 0.2423(1.601s / 6.610s)
generated_audios/generated_H3_256C_pruned50/1089-134686-0026_generated.wav | RTF: 0.2391(0.959s / 4.010s) | Generator RTF: 0.2383(0.955s / 4.010s)
generated_audios/generated_H3_256C_pruned50/1089-134686-0027_generated.wav | RTF: 0.2431(0.659s / 2.710s) | Generator RTF: 0.2419(0.655s / 2.710s)
generated_audios/generated_H3_256C_pruned50/1089-134686-0028_generated.wav | RTF: 0.2453(1.921s / 7.830s) | Generator RTF: 0.2448(1.917s / 7.830s)
generated_audios/generated_H3_256C_pruned50/1089-134686-0029_generated.wav | RTF: 0.2374(1.108s / 4.670s) | Generator RTF: 0.2366(1.105s / 4.670s)
generated_audios/generated_H3_256C_pruned50/1089-134686-0030_generated.wav | RTF: 0.0475(0.129s / 2.715s) | Generator RTF: 0.0463(0.126s / 2.715s)
generated_audios/generated_H3_256C_pruned50/1089-134686-0031_generated.wav | RTF: 0.0493(0.326s / 6.615s) | Generator RTF: 0.0487(0.322s / 6.615s)
generated_audios/generated_H3_256C_pruned50/121-121726-0000_generated.wav | RTF: 0.2451(2.073s / 8.460s) | Generator RTF: 0.2446(2.070s / 8.460s)
generated_audios/generated_H3_256C_pruned50/121-121726-0001_generated.wav | RTF: 0.2386(1.414s / 5.925s) | Generator RTF: 0.2380(1.410s / 5.925s)
generated_audios/generated_H3_256C_pruned50/121-121726-0002_generated.wav | RTF: 0.0540(0.238s / 4.410s) | Generator RTF: 0.0532(0.235s / 4.410s)
generated_audios/generated_H3_256C_pruned50/121-121726-0003_generated.wav | RTF: 0.2443(1.650s / 6.755s) | Generator RTF: 0.2437(1.646s / 6.755s)
generated_audios/generated_H3_256C_pruned50/121-121726-0004_generated.wav | RTF: 0.2444(0.982s / 4.020s) | Generator RTF: 0.2435(0.979s / 4.020s)
generated_audios/generated_H3_256C_pruned50/121-121726-0005_generated.wav | RTF: 0.2372(0.735s / 3.100s) | Generator RTF: 0.2362(0.732s / 3.100s)
generated_audios/generated_H3_256C_pruned50/121-121726-0006_generated.wav | RTF: 0.2440(0.951s / 3.895s) | Generator RTF: 0.2432(0.947s / 3.895s)
generated_audios/generated_H3_256C_pruned50/121-121726-0007_generated.wav | RTF: 0.0562(0.378s / 6.730s) | Generator RTF: 0.0556(0.374s / 6.730s)
generated_audios/generated_H3_256C_pruned50/121-121726-0008_generated.wav | RTF: 0.2370(1.183s / 4.990s) | Generator RTF: 0.2364(1.179s / 4.990s)
generated_audios/generated_H3_256C_pruned50/121-121726-0009_generated.wav | RTF: 0.2445(1.775s / 7.260s) | Generator RTF: 0.2440(1.771s / 7.260s)
generated_audios/generated_H3_256C_pruned50/121-121726-0010_generated.wav | RTF: 0.2442(2.396s / 9.810s) | Generator RTF: 0.2438(2.392s / 9.810s)
generated_audios/generated_H3_256C_pruned50/121-121726-0011_generated.wav | RTF: 0.2429(0.980s / 4.035s) | Generator RTF: 0.2421(0.977s / 4.035s)
generated_audios/generated_H3_256C_pruned50/121-121726-0012_generated.wav | RTF: 0.2354(0.952s / 4.045s) | Generator RTF: 0.2345(0.949s / 4.045s)
generated_audios/generated_H3_256C_pruned50/121-121726-0013_generated.wav | RTF: 0.2504(0.623s / 2.490s) | Generator RTF: 0.2491(0.620s / 2.490s)
generated_audios/generated_H3_256C_pruned50/121-121726-0014_generated.wav | RTF: 0.2444(0.774s / 3.165s) | Generator RTF: 0.2434(0.770s / 3.165s)
generated_audios/generated_H3_256C_pruned50/121-123852-0000_generated.wav | RTF: 0.2658(4.704s / 17.695s) | Generator RTF: 0.2655(4.699s / 17.695s)
generated_audios/generated_H3_256C_pruned50/121-123852-0001_generated.wav | RTF: 0.2510(0.469s / 1.870s) | Generator RTF: 0.2493(0.466s / 1.870s)
generated_audios/generated_H3_256C_pruned50/121-123852-0002_generated.wav | RTF: 0.2678(4.629s / 17.285s) | Generator RTF: 0.2675(4.624s / 17.285s)
generated_audios/generated_H3_256C_pruned50/121-123852-0003_generated.wav | RTF: 0.2789(6.556s / 23.505s) | Generator RTF: 0.2787(6.551s / 23.505s)
generated_audios/generated_H3_256C_pruned50/121-123852-0004_generated.wav | RTF: 0.2646(4.311s / 16.290s) | Generator RTF: 0.2643(4.306s / 16.290s)
generated_audios/generated_H3_256C_pruned50/121-123859-0000_generated.wav | RTF: 0.2719(4.729s / 17.390s) | Generator RTF: 0.2717(4.724s / 17.390s)
generated_audios/generated_H3_256C_pruned50/121-123859-0001_generated.wav | RTF: 0.2949(7.488s / 25.395s) | Generator RTF: 0.2946(7.482s / 25.395s)
generated_audios/generated_H3_256C_pruned50/121-123859-0002_generated.wav | RTF: 0.3027(9.093s / 30.040s) | Generator RTF: 0.3025(9.086s / 30.040s)
generated_audios/generated_H3_256C_pruned50/121-123859-0003_generated.wav | RTF: 0.2448(2.650s / 10.825s) | Generator RTF: 0.2445(2.646s / 10.825s)
generated_audios/generated_H3_256C_pruned50/121-123859-0004_generated.wav | RTF: 0.2468(2.346s / 9.505s) | Generator RTF: 0.2464(2.342s / 9.505s)
generated_audios/generated_H3_256C_pruned50/121-127105-0000_generated.wav | RTF: 0.2542(2.510s / 9.875s) | Generator RTF: 0.2538(2.506s / 9.875s)
generated_audios/generated_H3_256C_pruned50/121-127105-0001_generated.wav | RTF: 0.2395(1.203s / 5.025s) | Generator RTF: 0.2387(1.200s / 5.025s)
generated_audios/generated_H3_256C_pruned50/121-127105-0002_generated.wav | RTF: 0.2408(1.805s / 7.495s) | Generator RTF: 0.2403(1.801s / 7.495s)
generated_audios/generated_H3_256C_pruned50/121-127105-0003_generated.wav | RTF: 0.2430(1.877s / 7.725s) | Generator RTF: 0.2425(1.873s / 7.725s)
generated_audios/generated_H3_256C_pruned50/121-127105-0004_generated.wav | RTF: 0.2528(0.533s / 2.110s) | Generator RTF: 0.2513(0.530s / 2.110s)
generated_audios/generated_H3_256C_pruned50/121-127105-0005_generated.wav | RTF: 0.2414(1.405s / 5.820s) | Generator RTF: 0.2408(1.401s / 5.820s)
generated_audios/generated_H3_256C_pruned50/121-127105-0006_generated.wav | RTF: 0.2394(1.131s / 4.725s) | Generator RTF: 0.2386(1.128s / 4.725s)
generated_audios/generated_H3_256C_pruned50/121-127105-0007_generated.wav | RTF: 0.2403(1.391s / 5.790s) | Generator RTF: 0.2396(1.387s / 5.790s)
generated_audios/generated_H3_256C_pruned50/121-127105-0008_generated.wav | RTF: 0.2354(0.650s / 2.760s) | Generator RTF: 0.2342(0.646s / 2.760s)
generated_audios/generated_H3_256C_pruned50/121-127105-0009_generated.wav | RTF: 0.2436(0.558s / 2.290s) | Generator RTF: 0.2422(0.555s / 2.290s)
generated_audios/generated_H3_256C_pruned50/121-127105-0010_generated.wav | RTF: 0.2428(0.692s / 2.850s) | Generator RTF: 0.2422(0.690s / 2.850s)
generated_audios/generated_H3_256C_pruned50/121-127105-0011_generated.wav | RTF: 0.2437(1.408s / 5.780s) | Generator RTF: 0.2431(1.405s / 5.780s)
generated_audios/generated_H3_256C_pruned50/121-127105-0012_generated.wav | RTF: 0.2426(1.172s / 4.830s) | Generator RTF: 0.2418(1.168s / 4.830s)
generated_audios/generated_H3_256C_pruned50/121-127105-0013_generated.wav | RTF: 0.2393(1.410s / 5.895s) | Generator RTF: 0.2386(1.407s / 5.895s)
generated_audios/generated_H3_256C_pruned50/121-127105-0014_generated.wav | RTF: 0.2483(0.560s / 2.255s) | Generator RTF: 0.2468(0.557s / 2.255s)
generated_audios/generated_H3_256C_pruned50/121-127105-0015_generated.wav | RTF: 0.2433(0.720s / 2.960s) | Generator RTF: 0.2422(0.717s / 2.960s)
generated_audios/generated_H3_256C_pruned50/121-127105-0016_generated.wav | RTF: 0.2381(0.483s / 2.030s) | Generator RTF: 0.2367(0.481s / 2.030s)
generated_audios/generated_H3_256C_pruned50/121-127105-0017_generated.wav | RTF: 0.2460(0.663s / 2.695s) | Generator RTF: 0.2449(0.660s / 2.695s)
generated_audios/generated_H3_256C_pruned50/121-127105-0018_generated.wav | RTF: 0.2441(0.676s / 2.770s) | Generator RTF: 0.2430(0.673s / 2.770s)
generated_audios/generated_H3_256C_pruned50/121-127105-0019_generated.wav | RTF: 0.2391(0.843s / 3.525s) | Generator RTF: 0.2381(0.839s / 3.525s)
generated_audios/generated_H3_256C_pruned50/121-127105-0020_generated.wav | RTF: 0.2673(3.837s / 14.355s) | Generator RTF: 0.2670(3.833s / 14.355s)
generated_audios/generated_H3_256C_pruned50/121-127105-0021_generated.wav | RTF: 0.2548(0.510s / 2.000s) | Generator RTF: 0.2533(0.507s / 2.000s)
generated_audios/generated_H3_256C_pruned50/121-127105-0022_generated.wav | RTF: 0.2429(1.233s / 5.075s) | Generator RTF: 0.2422(1.229s / 5.075s)
generated_audios/generated_H3_256C_pruned50/121-127105-0023_generated.wav | RTF: 0.2494(2.721s / 10.910s) | Generator RTF: 0.2491(2.717s / 10.910s)
generated_audios/generated_H3_256C_pruned50/121-127105-0024_generated.wav | RTF: 0.2732(3.948s / 14.450s) | Generator RTF: 0.2729(3.944s / 14.450s)
generated_audios/generated_H3_256C_pruned50/121-127105-0025_generated.wav | RTF: 0.2692(4.324s / 16.065s) | Generator RTF: 0.2688(4.319s / 16.065s)
generated_audios/generated_H3_256C_pruned50/121-127105-0026_generated.wav | RTF: 0.2485(1.871s / 7.530s) | Generator RTF: 0.2480(1.867s / 7.530s)
generated_audios/generated_H3_256C_pruned50/121-127105-0027_generated.wav | RTF: 0.2733(3.790s / 13.870s) | Generator RTF: 0.2729(3.786s / 13.870s)
generated_audios/generated_H3_256C_pruned50/121-127105-0028_generated.wav | RTF: 0.0570(0.385s / 6.750s) | Generator RTF: 0.0564(0.381s / 6.750s)
generated_audios/generated_H3_256C_pruned50/121-127105-0029_generated.wav | RTF: 0.2471(1.806s / 7.310s) | Generator RTF: 0.2466(1.802s / 7.310s)
generated_audios/generated_H3_256C_pruned50/121-127105-0030_generated.wav | RTF: 0.2543(0.553s / 2.175s) | Generator RTF: 0.2528(0.550s / 2.175s)
generated_audios/generated_H3_256C_pruned50/121-127105-0031_generated.wav | RTF: 0.2474(2.663s / 10.765s) | Generator RTF: 0.2470(2.659s / 10.765s)
generated_audios/generated_H3_256C_pruned50/121-127105-0032_generated.wav | RTF: 0.2387(0.757s / 3.170s) | Generator RTF: 0.2378(0.754s / 3.170s)
generated_audios/generated_H3_256C_pruned50/121-127105-0033_generated.wav | RTF: 0.2529(0.596s / 2.355s) | Generator RTF: 0.2516(0.592s / 2.355s)
generated_audios/generated_H3_256C_pruned50/121-127105-0034_generated.wav | RTF: 0.2444(1.811s / 7.410s) | Generator RTF: 0.2439(1.807s / 7.410s)
generated_audios/generated_H3_256C_pruned50/121-127105-0035_generated.wav | RTF: 0.2694(3.812s / 14.150s) | Generator RTF: 0.2690(3.807s / 14.150s)
generated_audios/generated_H3_256C_pruned50/121-127105-0036_generated.wav | RTF: 0.2387(0.991s / 4.150s) | Generator RTF: 0.2380(0.988s / 4.150s)
generated_audios/generated_H3_256C_pruned50/237-126133-0000_generated.wav | RTF: 0.2757(3.664s / 13.290s) | Generator RTF: 0.2753(3.659s / 13.290s)
generated_audios/generated_H3_256C_pruned50/237-126133-0001_generated.wav | RTF: 0.2478(2.965s / 11.965s) | Generator RTF: 0.2475(2.961s / 11.965s)
generated_audios/generated_H3_256C_pruned50/237-126133-0002_generated.wav | RTF: 0.2438(2.175s / 8.920s) | Generator RTF: 0.2434(2.171s / 8.920s)
generated_audios/generated_H3_256C_pruned50/237-126133-0003_generated.wav | RTF: 0.2441(1.601s / 6.560s) | Generator RTF: 0.2436(1.598s / 6.560s)
generated_audios/generated_H3_256C_pruned50/237-126133-0004_generated.wav | RTF: 0.2450(0.807s / 3.295s) | Generator RTF: 0.2441(0.804s / 3.295s)
generated_audios/generated_H3_256C_pruned50/237-126133-0005_generated.wav | RTF: 0.2475(1.611s / 6.510s) | Generator RTF: 0.2469(1.608s / 6.510s)
generated_audios/generated_H3_256C_pruned50/237-126133-0006_generated.wav | RTF: 0.2434(1.497s / 6.150s) | Generator RTF: 0.2429(1.494s / 6.150s)
generated_audios/generated_H3_256C_pruned50/237-126133-0007_generated.wav | RTF: 0.2418(2.099s / 8.680s) | Generator RTF: 0.2414(2.095s / 8.680s)
generated_audios/generated_H3_256C_pruned50/237-126133-0008_generated.wav | RTF: 0.2449(0.947s / 3.865s) | Generator RTF: 0.2440(0.943s / 3.865s)
generated_audios/generated_H3_256C_pruned50/237-126133-0009_generated.wav | RTF: 0.2459(0.976s / 3.970s) | Generator RTF: 0.2451(0.973s / 3.970s)
generated_audios/generated_H3_256C_pruned50/237-126133-0010_generated.wav | RTF: 0.2420(1.510s / 6.240s) | Generator RTF: 0.2414(1.507s / 6.240s)
generated_audios/generated_H3_256C_pruned50/237-126133-0011_generated.wav | RTF: 0.2446(1.641s / 6.710s) | Generator RTF: 0.2440(1.638s / 6.710s)
generated_audios/generated_H3_256C_pruned50/237-126133-0012_generated.wav | RTF: 0.2439(1.085s / 4.450s) | Generator RTF: 0.2431(1.082s / 4.450s)
generated_audios/generated_H3_256C_pruned50/237-126133-0013_generated.wav | RTF: 0.2493(1.699s / 6.815s) | Generator RTF: 0.2488(1.695s / 6.815s)
generated_audios/generated_H3_256C_pruned50/237-126133-0014_generated.wav | RTF: 0.2445(1.660s / 6.790s) | Generator RTF: 0.2441(1.657s / 6.790s)
generated_audios/generated_H3_256C_pruned50/237-126133-0015_generated.wav | RTF: 0.2453(2.291s / 9.340s) | Generator RTF: 0.2449(2.287s / 9.340s)
generated_audios/generated_H3_256C_pruned50/237-126133-0016_generated.wav | RTF: 0.2400(1.020s / 4.250s) | Generator RTF: 0.2391(1.016s / 4.250s)
generated_audios/generated_H3_256C_pruned50/237-126133-0017_generated.wav | RTF: 0.2418(1.502s / 6.210s) | Generator RTF: 0.2412(1.498s / 6.210s)
generated_audios/generated_H3_256C_pruned50/237-126133-0018_generated.wav | RTF: 0.2452(1.004s / 4.095s) | Generator RTF: 0.2443(1.001s / 4.095s)
generated_audios/generated_H3_256C_pruned50/237-126133-0019_generated.wav | RTF: 0.2429(1.729s / 7.120s) | Generator RTF: 0.2423(1.725s / 7.120s)
generated_audios/generated_H3_256C_pruned50/237-126133-0020_generated.wav | RTF: 0.2412(0.540s / 2.240s) | Generator RTF: 0.2397(0.537s / 2.240s)
generated_audios/generated_H3_256C_pruned50/237-126133-0021_generated.wav | RTF: 0.2387(1.042s / 4.365s) | Generator RTF: 0.2380(1.039s / 4.365s)
generated_audios/generated_H3_256C_pruned50/237-126133-0022_generated.wav | RTF: 0.2451(1.235s / 5.040s) | Generator RTF: 0.2444(1.232s / 5.040s)
generated_audios/generated_H3_256C_pruned50/237-126133-0023_generated.wav | RTF: 0.2457(1.640s / 6.675s) | Generator RTF: 0.2452(1.636s / 6.675s)
generated_audios/generated_H3_256C_pruned50/237-126133-0024_generated.wav | RTF: 0.2522(2.438s / 9.665s) | Generator RTF: 0.2518(2.434s / 9.665s)
generated_audios/generated_H3_256C_pruned50/237-126133-0025_generated.wav | RTF: 0.2471(0.928s / 3.755s) | Generator RTF: 0.2462(0.924s / 3.755s)
generated_audios/generated_H3_256C_pruned50/237-134493-0000_generated.wav | RTF: 0.2455(1.008s / 4.105s) | Generator RTF: 0.2447(1.005s / 4.105s)
generated_audios/generated_H3_256C_pruned50/237-134493-0001_generated.wav | RTF: 0.2465(1.819s / 7.380s) | Generator RTF: 0.2460(1.815s / 7.380s)
generated_audios/generated_H3_256C_pruned50/237-134493-0002_generated.wav | RTF: 0.2493(2.841s / 11.395s) | Generator RTF: 0.2489(2.837s / 11.395s)
generated_audios/generated_H3_256C_pruned50/237-134493-0003_generated.wav | RTF: 0.2757(3.520s / 12.765s) | Generator RTF: 0.2754(3.516s / 12.765s)
generated_audios/generated_H3_256C_pruned50/237-134493-0004_generated.wav | RTF: 0.2434(1.661s / 6.825s) | Generator RTF: 0.2429(1.658s / 6.825s)
generated_audios/generated_H3_256C_pruned50/237-134493-0005_generated.wav | RTF: 0.2450(2.682s / 10.945s) | Generator RTF: 0.2447(2.678s / 10.945s)
generated_audios/generated_H3_256C_pruned50/237-134493-0006_generated.wav | RTF: 0.2403(1.056s / 4.395s) | Generator RTF: 0.2395(1.053s / 4.395s)
generated_audios/generated_H3_256C_pruned50/237-134493-0007_generated.wav | RTF: 0.2565(0.522s / 2.035s) | Generator RTF: 0.2549(0.519s / 2.035s)
generated_audios/generated_H3_256C_pruned50/237-134493-0008_generated.wav | RTF: 0.2424(0.559s / 2.305s) | Generator RTF: 0.2410(0.556s / 2.305s)
generated_audios/generated_H3_256C_pruned50/237-134493-0009_generated.wav | RTF: 0.2500(0.744s / 2.975s) | Generator RTF: 0.2490(0.741s / 2.975s)
generated_audios/generated_H3_256C_pruned50/237-134493-0010_generated.wav | RTF: 0.2473(0.711s / 2.875s) | Generator RTF: 0.2461(0.708s / 2.875s)
generated_audios/generated_H3_256C_pruned50/237-134493-0011_generated.wav | RTF: 0.2493(1.255s / 5.035s) | Generator RTF: 0.2486(1.252s / 5.035s)
generated_audios/generated_H3_256C_pruned50/237-134493-0012_generated.wav | RTF: 0.2404(0.880s / 3.660s) | Generator RTF: 0.2394(0.876s / 3.660s)
generated_audios/generated_H3_256C_pruned50/237-134493-0013_generated.wav | RTF: 0.0566(0.231s / 4.090s) | Generator RTF: 0.0557(0.228s / 4.090s)
generated_audios/generated_H3_256C_pruned50/237-134493-0014_generated.wav | RTF: 0.2432(0.900s / 3.700s) | Generator RTF: 0.2423(0.896s / 3.700s)
generated_audios/generated_H3_256C_pruned50/237-134493-0015_generated.wav | RTF: 0.0581(0.380s / 6.550s) | Generator RTF: 0.0575(0.377s / 6.550s)
generated_audios/generated_H3_256C_pruned50/237-134493-0016_generated.wav | RTF: 0.2618(2.640s / 10.085s) | Generator RTF: 0.2613(2.635s / 10.085s)
generated_audios/generated_H3_256C_pruned50/237-134493-0017_generated.wav | RTF: 0.2490(2.267s / 9.105s) | Generator RTF: 0.2486(2.263s / 9.105s)
generated_audios/generated_H3_256C_pruned50/237-134493-0018_generated.wav | RTF: 0.2433(1.165s / 4.790s) | Generator RTF: 0.2426(1.162s / 4.790s)
generated_audios/generated_H3_256C_pruned50/237-134500-0000_generated.wav | RTF: 0.2483(1.522s / 6.130s) | Generator RTF: 0.2477(1.518s / 6.130s)
generated_audios/generated_H3_256C_pruned50/237-134500-0001_generated.wav | RTF: 0.2555(0.463s / 1.810s) | Generator RTF: 0.2538(0.459s / 1.810s)
generated_audios/generated_H3_256C_pruned50/237-134500-0002_generated.wav | RTF: 0.2471(1.253s / 5.070s) | Generator RTF: 0.2463(1.249s / 5.070s)
generated_audios/generated_H3_256C_pruned50/237-134500-0003_generated.wav | RTF: 0.0566(0.179s / 3.170s) | Generator RTF: 0.0556(0.176s / 3.170s)
generated_audios/generated_H3_256C_pruned50/237-134500-0004_generated.wav | RTF: 0.0599(0.133s / 2.225s) | Generator RTF: 0.0585(0.130s / 2.225s)
generated_audios/generated_H3_256C_pruned50/237-134500-0005_generated.wav | RTF: 0.2528(0.604s / 2.390s) | Generator RTF: 0.2514(0.601s / 2.390s)
generated_audios/generated_H3_256C_pruned50/237-134500-0006_generated.wav | RTF: 0.2426(1.025s / 4.225s) | Generator RTF: 0.2418(1.021s / 4.225s)
generated_audios/generated_H3_256C_pruned50/237-134500-0007_generated.wav | RTF: 0.0478(0.114s / 2.390s) | Generator RTF: 0.0464(0.111s / 2.390s)
generated_audios/generated_H3_256C_pruned50/237-134500-0008_generated.wav | RTF: 0.0561(0.211s / 3.760s) | Generator RTF: 0.0552(0.207s / 3.760s)
generated_audios/generated_H3_256C_pruned50/237-134500-0009_generated.wav | RTF: 0.0486(0.108s / 2.220s) | Generator RTF: 0.0472(0.105s / 2.220s)
generated_audios/generated_H3_256C_pruned50/237-134500-0010_generated.wav | RTF: 0.2472(0.988s / 3.995s) | Generator RTF: 0.2464(0.984s / 3.995s)
generated_audios/generated_H3_256C_pruned50/237-134500-0011_generated.wav | RTF: 0.2412(0.808s / 3.350s) | Generator RTF: 0.2402(0.805s / 3.350s)
generated_audios/generated_H3_256C_pruned50/237-134500-0012_generated.wav | RTF: 0.2564(2.804s / 10.935s) | Generator RTF: 0.2560(2.800s / 10.935s)
generated_audios/generated_H3_256C_pruned50/237-134500-0013_generated.wav | RTF: 0.0589(0.622s / 10.560s) | Generator RTF: 0.0585(0.618s / 10.560s)
generated_audios/generated_H3_256C_pruned50/237-134500-0014_generated.wav | RTF: 0.0555(0.236s / 4.250s) | Generator RTF: 0.0547(0.232s / 4.250s)
generated_audios/generated_H3_256C_pruned50/237-134500-0015_generated.wav | RTF: 0.2607(2.820s / 10.815s) | Generator RTF: 0.2603(2.815s / 10.815s)
generated_audios/generated_H3_256C_pruned50/237-134500-0016_generated.wav | RTF: 0.0611(0.193s / 3.160s) | Generator RTF: 0.0600(0.190s / 3.160s)
generated_audios/generated_H3_256C_pruned50/237-134500-0017_generated.wav | RTF: 0.0589(0.128s / 2.180s) | Generator RTF: 0.0574(0.125s / 2.180s)
generated_audios/generated_H3_256C_pruned50/237-134500-0018_generated.wav | RTF: 0.2814(3.614s / 12.845s) | Generator RTF: 0.2810(3.610s / 12.845s)
generated_audios/generated_H3_256C_pruned50/237-134500-0019_generated.wav | RTF: 0.2468(0.706s / 2.860s) | Generator RTF: 0.2457(0.703s / 2.860s)
generated_audios/generated_H3_256C_pruned50/237-134500-0020_generated.wav | RTF: 0.0479(0.104s / 2.180s) | Generator RTF: 0.0465(0.101s / 2.180s)
generated_audios/generated_H3_256C_pruned50/237-134500-0021_generated.wav | RTF: 0.2500(1.280s / 5.120s) | Generator RTF: 0.2494(1.277s / 5.120s)
generated_audios/generated_H3_256C_pruned50/237-134500-0022_generated.wav | RTF: 0.2505(1.294s / 5.165s) | Generator RTF: 0.2498(1.290s / 5.165s)
generated_audios/generated_H3_256C_pruned50/237-134500-0023_generated.wav | RTF: 0.2545(0.779s / 3.060s) | Generator RTF: 0.2536(0.776s / 3.060s)
generated_audios/generated_H3_256C_pruned50/237-134500-0024_generated.wav | RTF: 0.0543(0.239s / 4.410s) | Generator RTF: 0.0535(0.236s / 4.410s)
generated_audios/generated_H3_256C_pruned50/237-134500-0025_generated.wav | RTF: 0.2631(0.429s / 1.630s) | Generator RTF: 0.2611(0.426s / 1.630s)
generated_audios/generated_H3_256C_pruned50/237-134500-0026_generated.wav | RTF: 0.2514(0.767s / 3.050s) | Generator RTF: 0.2503(0.763s / 3.050s)
generated_audios/generated_H3_256C_pruned50/237-134500-0027_generated.wav | RTF: 0.2510(0.821s / 3.270s) | Generator RTF: 0.2501(0.818s / 3.270s)
generated_audios/generated_H3_256C_pruned50/237-134500-0028_generated.wav | RTF: 0.2525(1.143s / 4.525s) | Generator RTF: 0.2518(1.139s / 4.525s)
generated_audios/generated_H3_256C_pruned50/237-134500-0029_generated.wav | RTF: 0.2468(0.510s / 2.065s) | Generator RTF: 0.2453(0.506s / 2.065s)
generated_audios/generated_H3_256C_pruned50/237-134500-0030_generated.wav | RTF: 0.2523(0.701s / 2.780s) | Generator RTF: 0.2511(0.698s / 2.780s)
generated_audios/generated_H3_256C_pruned50/237-134500-0031_generated.wav | RTF: 0.2662(2.825s / 10.610s) | Generator RTF: 0.2658(2.820s / 10.610s)
generated_audios/generated_H3_256C_pruned50/237-134500-0032_generated.wav | RTF: 0.0564(0.283s / 5.025s) | Generator RTF: 0.0557(0.280s / 5.025s)
generated_audios/generated_H3_256C_pruned50/237-134500-0033_generated.wav | RTF: 0.2508(1.592s / 6.350s) | Generator RTF: 0.2502(1.589s / 6.350s)
generated_audios/generated_H3_256C_pruned50/237-134500-0034_generated.wav | RTF: 0.2524(0.776s / 3.075s) | Generator RTF: 0.2513(0.773s / 3.075s)
generated_audios/generated_H3_256C_pruned50/237-134500-0035_generated.wav | RTF: 0.2622(0.670s / 2.555s) | Generator RTF: 0.2609(0.667s / 2.555s)
generated_audios/generated_H3_256C_pruned50/237-134500-0036_generated.wav | RTF: 0.2591(1.710s / 6.600s) | Generator RTF: 0.2586(1.706s / 6.600s)
generated_audios/generated_H3_256C_pruned50/237-134500-0037_generated.wav | RTF: 0.2598(1.846s / 7.105s) | Generator RTF: 0.2592(1.842s / 7.105s)
generated_audios/generated_H3_256C_pruned50/237-134500-0038_generated.wav | RTF: 0.2588(0.630s / 2.435s) | Generator RTF: 0.2574(0.627s / 2.435s)
generated_audios/generated_H3_256C_pruned50/237-134500-0039_generated.wav | RTF: 0.2581(1.195s / 4.630s) | Generator RTF: 0.2574(1.192s / 4.630s)
generated_audios/generated_H3_256C_pruned50/237-134500-0040_generated.wav | RTF: 0.0549(0.221s / 4.030s) | Generator RTF: 0.0541(0.218s / 4.030s)
generated_audios/generated_H3_256C_pruned50/237-134500-0041_generated.wav | RTF: 0.0590(0.526s / 8.920s) | Generator RTF: 0.0585(0.522s / 8.920s)
generated_audios/generated_H3_256C_pruned50/237-134500-0042_generated.wav | RTF: 0.2587(0.666s / 2.575s) | Generator RTF: 0.2575(0.663s / 2.575s)
generated_audios/generated_H3_256C_pruned50/260-123286-0000_generated.wav | RTF: 0.2555(1.799s / 7.040s) | Generator RTF: 0.2550(1.795s / 7.040s)
generated_audios/generated_H3_256C_pruned50/260-123286-0001_generated.wav | RTF: 0.0526(0.162s / 3.070s) | Generator RTF: 0.0516(0.158s / 3.070s)
generated_audios/generated_H3_256C_pruned50/260-123286-0002_generated.wav | RTF: 0.2649(2.645s / 9.985s) | Generator RTF: 0.2645(2.641s / 9.985s)
generated_audios/generated_H3_256C_pruned50/260-123286-0003_generated.wav | RTF: 0.2590(1.909s / 7.370s) | Generator RTF: 0.2584(1.905s / 7.370s)
generated_audios/generated_H3_256C_pruned50/260-123286-0004_generated.wav | RTF: 0.2586(0.896s / 3.465s) | Generator RTF: 0.2576(0.893s / 3.465s)
generated_audios/generated_H3_256C_pruned50/260-123286-0005_generated.wav | RTF: 0.2517(1.211s / 4.810s) | Generator RTF: 0.2509(1.207s / 4.810s)
generated_audios/generated_H3_256C_pruned50/260-123286-0006_generated.wav | RTF: 0.2637(1.953s / 7.405s) | Generator RTF: 0.2632(1.949s / 7.405s)
generated_audios/generated_H3_256C_pruned50/260-123286-0007_generated.wav | RTF: 0.2580(1.174s / 4.550s) | Generator RTF: 0.2572(1.170s / 4.550s)
generated_audios/generated_H3_256C_pruned50/260-123286-0008_generated.wav | RTF: 0.2545(0.951s / 3.735s) | Generator RTF: 0.2536(0.947s / 3.735s)
generated_audios/generated_H3_256C_pruned50/260-123286-0009_generated.wav | RTF: 0.2603(1.509s / 5.795s) | Generator RTF: 0.2598(1.505s / 5.795s)
generated_audios/generated_H3_256C_pruned50/260-123286-0010_generated.wav | RTF: 0.0564(0.145s / 2.575s) | Generator RTF: 0.0552(0.142s / 2.575s)
generated_audios/generated_H3_256C_pruned50/260-123286-0011_generated.wav | RTF: 0.0567(0.241s / 4.255s) | Generator RTF: 0.0559(0.238s / 4.255s)
generated_audios/generated_H3_256C_pruned50/260-123286-0012_generated.wav | RTF: 0.0561(0.136s / 2.430s) | Generator RTF: 0.0548(0.133s / 2.430s)
generated_audios/generated_H3_256C_pruned50/260-123286-0013_generated.wav | RTF: 0.2579(1.220s / 4.730s) | Generator RTF: 0.2571(1.216s / 4.730s)
generated_audios/generated_H3_256C_pruned50/260-123286-0014_generated.wav | RTF: 0.0576(0.172s / 2.980s) | Generator RTF: 0.0565(0.168s / 2.980s)
generated_audios/generated_H3_256C_pruned50/260-123286-0015_generated.wav | RTF: 0.2582(1.345s / 5.210s) | Generator RTF: 0.2578(1.343s / 5.210s)
generated_audios/generated_H3_256C_pruned50/260-123286-0016_generated.wav | RTF: 0.2616(1.832s / 7.000s) | Generator RTF: 0.2611(1.828s / 7.000s)
generated_audios/generated_H3_256C_pruned50/260-123286-0017_generated.wav | RTF: 0.2532(1.006s / 3.975s) | Generator RTF: 0.2522(1.003s / 3.975s)
generated_audios/generated_H3_256C_pruned50/260-123286-0018_generated.wav | RTF: 0.2602(1.475s / 5.670s) | Generator RTF: 0.2596(1.472s / 5.670s)
generated_audios/generated_H3_256C_pruned50/260-123286-0019_generated.wav | RTF: 0.2883(3.432s / 11.905s) | Generator RTF: 0.2880(3.428s / 11.905s)
generated_audios/generated_H3_256C_pruned50/260-123286-0020_generated.wav | RTF: 0.0560(0.171s / 3.060s) | Generator RTF: 0.0551(0.168s / 3.060s)
generated_audios/generated_H3_256C_pruned50/260-123286-0021_generated.wav | RTF: 0.2527(0.644s / 2.550s) | Generator RTF: 0.2515(0.641s / 2.550s)
generated_audios/generated_H3_256C_pruned50/260-123286-0022_generated.wav | RTF: 0.2604(0.842s / 3.235s) | Generator RTF: 0.2594(0.839s / 3.235s)
generated_audios/generated_H3_256C_pruned50/260-123286-0023_generated.wav | RTF: 0.2628(1.544s / 5.875s) | Generator RTF: 0.2621(1.540s / 5.875s)
generated_audios/generated_H3_256C_pruned50/260-123286-0024_generated.wav | RTF: 0.2568(0.781s / 3.040s) | Generator RTF: 0.2558(0.778s / 3.040s)
generated_audios/generated_H3_256C_pruned50/260-123286-0025_generated.wav | RTF: 0.2644(2.433s / 9.205s) | Generator RTF: 0.2639(2.429s / 9.205s)
generated_audios/generated_H3_256C_pruned50/260-123286-0026_generated.wav | RTF: 0.2613(1.813s / 6.940s) | Generator RTF: 0.2607(1.809s / 6.940s)
generated_audios/generated_H3_256C_pruned50/260-123286-0027_generated.wav | RTF: 0.2607(1.869s / 7.170s) | Generator RTF: 0.2602(1.866s / 7.170s)
generated_audios/generated_H3_256C_pruned50/260-123286-0028_generated.wav | RTF: 0.2613(1.950s / 7.465s) | Generator RTF: 0.2608(1.947s / 7.465s)
generated_audios/generated_H3_256C_pruned50/260-123286-0029_generated.wav | RTF: 0.0567(0.258s / 4.545s) | Generator RTF: 0.0560(0.254s / 4.545s)
generated_audios/generated_H3_256C_pruned50/260-123286-0030_generated.wav | RTF: 0.0536(0.404s / 7.530s) | Generator RTF: 0.0531(0.400s / 7.530s)
generated_audios/generated_H3_256C_pruned50/260-123286-0031_generated.wav | RTF: 0.2613(1.322s / 5.060s) | Generator RTF: 0.2606(1.319s / 5.060s)
generated_audios/generated_H3_256C_pruned50/260-123288-0000_generated.wav | RTF: 0.0480(0.146s / 3.040s) | Generator RTF: 0.0470(0.143s / 3.040s)
generated_audios/generated_H3_256C_pruned50/260-123288-0001_generated.wav | RTF: 0.0564(0.287s / 5.080s) | Generator RTF: 0.0558(0.283s / 5.080s)
generated_audios/generated_H3_256C_pruned50/260-123288-0002_generated.wav | RTF: 0.2656(1.926s / 7.250s) | Generator RTF: 0.2651(1.922s / 7.250s)
generated_audios/generated_H3_256C_pruned50/260-123288-0003_generated.wav | RTF: 0.2730(2.431s / 8.905s) | Generator RTF: 0.2725(2.427s / 8.905s)
generated_audios/generated_H3_256C_pruned50/260-123288-0004_generated.wav | RTF: 0.2676(1.154s / 4.310s) | Generator RTF: 0.2669(1.150s / 4.310s)
generated_audios/generated_H3_256C_pruned50/260-123288-0005_generated.wav | RTF: 0.2925(3.671s / 12.550s) | Generator RTF: 0.2922(3.667s / 12.550s)
generated_audios/generated_H3_256C_pruned50/260-123288-0006_generated.wav | RTF: 0.2642(1.289s / 4.880s) | Generator RTF: 0.2635(1.286s / 4.880s)
generated_audios/generated_H3_256C_pruned50/260-123288-0007_generated.wav | RTF: 0.2731(3.058s / 11.200s) | Generator RTF: 0.2727(3.054s / 11.200s)
generated_audios/generated_H3_256C_pruned50/260-123288-0008_generated.wav | RTF: 0.2736(1.509s / 5.515s) | Generator RTF: 0.2729(1.505s / 5.515s)
generated_audios/generated_H3_256C_pruned50/260-123288-0009_generated.wav | RTF: 0.2665(0.915s / 3.435s) | Generator RTF: 0.2656(0.912s / 3.435s)
generated_audios/generated_H3_256C_pruned50/260-123288-0010_generated.wav | RTF: 0.0617(0.616s / 9.995s) | Generator RTF: 0.0613(0.612s / 9.995s)
generated_audios/generated_H3_256C_pruned50/260-123288-0011_generated.wav | RTF: 0.2694(2.419s / 8.980s) | Generator RTF: 0.2690(2.415s / 8.980s)
generated_audios/generated_H3_256C_pruned50/260-123288-0012_generated.wav | RTF: 0.2675(0.948s / 3.545s) | Generator RTF: 0.2665(0.945s / 3.545s)
generated_audios/generated_H3_256C_pruned50/260-123288-0013_generated.wav | RTF: 0.2688(3.060s / 11.385s) | Generator RTF: 0.2685(3.057s / 11.385s)
generated_audios/generated_H3_256C_pruned50/260-123288-0014_generated.wav | RTF: 0.0625(0.113s / 1.805s) | Generator RTF: 0.0608(0.110s / 1.805s)
generated_audios/generated_H3_256C_pruned50/260-123288-0015_generated.wav | RTF: 0.2866(6.071s / 21.185s) | Generator RTF: 0.2863(6.066s / 21.185s)
generated_audios/generated_H3_256C_pruned50/260-123288-0016_generated.wav | RTF: 0.2677(1.302s / 4.865s) | Generator RTF: 0.2670(1.299s / 4.865s)
generated_audios/generated_H3_256C_pruned50/260-123288-0017_generated.wav | RTF: 0.2634(1.376s / 5.225s) | Generator RTF: 0.2627(1.373s / 5.225s)
generated_audios/generated_H3_256C_pruned50/260-123288-0018_generated.wav | RTF: 0.2626(0.852s / 3.245s) | Generator RTF: 0.2617(0.849s / 3.245s)
generated_audios/generated_H3_256C_pruned50/260-123288-0019_generated.wav | RTF: 0.0578(0.171s / 2.955s) | Generator RTF: 0.0567(0.167s / 2.955s)
generated_audios/generated_H3_256C_pruned50/260-123288-0020_generated.wav | RTF: 0.2619(0.760s / 2.900s) | Generator RTF: 0.2609(0.757s / 2.900s)
generated_audios/generated_H3_256C_pruned50/260-123288-0021_generated.wav | RTF: 0.0586(0.159s / 2.710s) | Generator RTF: 0.0574(0.156s / 2.710s)
generated_audios/generated_H3_256C_pruned50/260-123288-0022_generated.wav | RTF: 0.2707(1.003s / 3.705s) | Generator RTF: 0.2698(1.000s / 3.705s)
generated_audios/generated_H3_256C_pruned50/260-123288-0023_generated.wav | RTF: 0.0584(0.139s / 2.385s) | Generator RTF: 0.0572(0.136s / 2.385s)
generated_audios/generated_H3_256C_pruned50/260-123288-0024_generated.wav | RTF: 0.2911(4.249s / 14.595s) | Generator RTF: 0.2908(4.244s / 14.595s)
generated_audios/generated_H3_256C_pruned50/260-123288-0025_generated.wav | RTF: 0.2757(3.707s / 13.445s) | Generator RTF: 0.2754(3.702s / 13.445s)
generated_audios/generated_H3_256C_pruned50/260-123288-0026_generated.wav | RTF: 0.2934(4.705s / 16.040s) | Generator RTF: 0.2930(4.700s / 16.040s)
generated_audios/generated_H3_256C_pruned50/260-123288-0027_generated.wav | RTF: 0.2693(1.698s / 6.305s) | Generator RTF: 0.2688(1.695s / 6.305s)
generated_audios/generated_H3_256C_pruned50/260-123288-0028_generated.wav | RTF: 0.2724(0.711s / 2.610s) | Generator RTF: 0.2711(0.708s / 2.610s)
generated_audios/generated_H3_256C_pruned50/260-123440-0000_generated.wav | RTF: 0.2665(0.577s / 2.165s) | Generator RTF: 0.2650(0.574s / 2.165s)
generated_audios/generated_H3_256C_pruned50/260-123440-0001_generated.wav | RTF: 0.2785(0.485s / 1.740s) | Generator RTF: 0.2768(0.482s / 1.740s)
generated_audios/generated_H3_256C_pruned50/260-123440-0002_generated.wav | RTF: 0.2965(4.364s / 14.715s) | Generator RTF: 0.2963(4.360s / 14.715s)
generated_audios/generated_H3_256C_pruned50/260-123440-0003_generated.wav | RTF: 0.2759(0.989s / 3.585s) | Generator RTF: 0.2749(0.986s / 3.585s)
generated_audios/generated_H3_256C_pruned50/260-123440-0004_generated.wav | RTF: 0.2960(3.558s / 12.020s) | Generator RTF: 0.2957(3.554s / 12.020s)
generated_audios/generated_H3_256C_pruned50/260-123440-0005_generated.wav | RTF: 0.0574(0.178s / 3.105s) | Generator RTF: 0.0561(0.174s / 3.105s)
generated_audios/generated_H3_256C_pruned50/260-123440-0006_generated.wav | RTF: 0.0558(0.151s / 2.715s) | Generator RTF: 0.0551(0.150s / 2.715s)
generated_audios/generated_H3_256C_pruned50/260-123440-0007_generated.wav | RTF: 0.2657(0.899s / 3.385s) | Generator RTF: 0.2647(0.896s / 3.385s)
generated_audios/generated_H3_256C_pruned50/260-123440-0008_generated.wav | RTF: 0.2723(1.020s / 3.745s) | Generator RTF: 0.2715(1.017s / 3.745s)
generated_audios/generated_H3_256C_pruned50/260-123440-0009_generated.wav | RTF: 0.2719(0.847s / 3.115s) | Generator RTF: 0.2709(0.844s / 3.115s)
generated_audios/generated_H3_256C_pruned50/260-123440-0010_generated.wav | RTF: 0.2768(2.301s / 8.315s) | Generator RTF: 0.2763(2.297s / 8.315s)
generated_audios/generated_H3_256C_pruned50/260-123440-0011_generated.wav | RTF: 0.0551(0.268s / 4.870s) | Generator RTF: 0.0544(0.265s / 4.870s)
generated_audios/generated_H3_256C_pruned50/260-123440-0012_generated.wav | RTF: 0.2697(1.415s / 5.245s) | Generator RTF: 0.2690(1.411s / 5.245s)
generated_audios/generated_H3_256C_pruned50/260-123440-0013_generated.wav | RTF: 0.2737(0.951s / 3.475s) | Generator RTF: 0.2728(0.948s / 3.475s)
generated_audios/generated_H3_256C_pruned50/260-123440-0014_generated.wav | RTF: 0.2723(1.039s / 3.815s) | Generator RTF: 0.2715(1.036s / 3.815s)
generated_audios/generated_H3_256C_pruned50/260-123440-0015_generated.wav | RTF: 0.0565(0.350s / 6.200s) | Generator RTF: 0.0559(0.347s / 6.200s)
generated_audios/generated_H3_256C_pruned50/260-123440-0016_generated.wav | RTF: 0.2742(1.342s / 4.895s) | Generator RTF: 0.2735(1.339s / 4.895s)
generated_audios/generated_H3_256C_pruned50/260-123440-0017_generated.wav | RTF: 0.0581(0.178s / 3.070s) | Generator RTF: 0.0570(0.175s / 3.070s)
generated_audios/generated_H3_256C_pruned50/260-123440-0018_generated.wav | RTF: 0.2709(0.986s / 3.640s) | Generator RTF: 0.2700(0.983s / 3.640s)
generated_audios/generated_H3_256C_pruned50/260-123440-0019_generated.wav | RTF: 0.2708(1.795s / 6.630s) | Generator RTF: 0.2702(1.792s / 6.630s)
generated_audios/generated_H3_256C_pruned50/260-123440-0020_generated.wav | RTF: 0.2736(1.367s / 4.995s) | Generator RTF: 0.2729(1.363s / 4.995s)
generated_audios/generated_H3_256C_pruned50/61-70968-0000_generated.wav | RTF: 0.2751(1.349s / 4.905s) | Generator RTF: 0.2744(1.346s / 4.905s)
generated_audios/generated_H3_256C_pruned50/61-70968-0001_generated.wav | RTF: 0.2694(0.973s / 3.610s) | Generator RTF: 0.2685(0.969s / 3.610s)
generated_audios/generated_H3_256C_pruned50/61-70968-0002_generated.wav | RTF: 0.2673(0.794s / 2.970s) | Generator RTF: 0.2663(0.791s / 2.970s)
generated_audios/generated_H3_256C_pruned50/61-70968-0003_generated.wav | RTF: 0.0603(0.260s / 4.315s) | Generator RTF: 0.0595(0.257s / 4.315s)
generated_audios/generated_H3_256C_pruned50/61-70968-0004_generated.wav | RTF: 0.2735(1.063s / 3.885s) | Generator RTF: 0.2726(1.059s / 3.885s)
generated_audios/generated_H3_256C_pruned50/61-70968-0005_generated.wav | RTF: 0.0543(0.275s / 5.070s) | Generator RTF: 0.0536(0.272s / 5.070s)
generated_audios/generated_H3_256C_pruned50/61-70968-0006_generated.wav | RTF: 0.2648(0.777s / 2.935s) | Generator RTF: 0.2637(0.774s / 2.935s)
generated_audios/generated_H3_256C_pruned50/61-70968-0007_generated.wav | RTF: 0.0534(0.190s / 3.550s) | Generator RTF: 0.0524(0.186s / 3.550s)
generated_audios/generated_H3_256C_pruned50/61-70968-0008_generated.wav | RTF: 0.0530(0.187s / 3.535s) | Generator RTF: 0.0521(0.184s / 3.535s)
generated_audios/generated_H3_256C_pruned50/61-70968-0009_generated.wav | RTF: 0.2716(1.225s / 4.510s) | Generator RTF: 0.2708(1.221s / 4.510s)
generated_audios/generated_H3_256C_pruned50/61-70968-0010_generated.wav | RTF: 0.2729(2.264s / 8.295s) | Generator RTF: 0.2725(2.260s / 8.295s)
generated_audios/generated_H3_256C_pruned50/61-70968-0011_generated.wav | RTF: 0.2693(1.717s / 6.375s) | Generator RTF: 0.2688(1.713s / 6.375s)
generated_audios/generated_H3_256C_pruned50/61-70968-0012_generated.wav | RTF: 0.0627(0.164s / 2.610s) | Generator RTF: 0.0616(0.161s / 2.610s)
generated_audios/generated_H3_256C_pruned50/61-70968-0013_generated.wav | RTF: 0.0567(0.252s / 4.450s) | Generator RTF: 0.0559(0.249s / 4.450s)
generated_audios/generated_H3_256C_pruned50/61-70968-0014_generated.wav | RTF: 0.2751(2.059s / 7.485s) | Generator RTF: 0.2746(2.056s / 7.485s)
generated_audios/generated_H3_256C_pruned50/61-70968-0015_generated.wav | RTF: 0.2687(1.444s / 5.375s) | Generator RTF: 0.2681(1.441s / 5.375s)
generated_audios/generated_H3_256C_pruned50/61-70968-0016_generated.wav | RTF: 0.2731(1.016s / 3.720s) | Generator RTF: 0.2723(1.013s / 3.720s)
generated_audios/generated_H3_256C_pruned50/61-70968-0017_generated.wav | RTF: 0.2760(1.410s / 5.110s) | Generator RTF: 0.2754(1.407s / 5.110s)
generated_audios/generated_H3_256C_pruned50/61-70968-0018_generated.wav | RTF: 0.2765(0.665s / 2.405s) | Generator RTF: 0.2752(0.662s / 2.405s)
generated_audios/generated_H3_256C_pruned50/61-70968-0019_generated.wav | RTF: 0.2707(1.482s / 5.475s) | Generator RTF: 0.2703(1.480s / 5.475s)
generated_audios/generated_H3_256C_pruned50/61-70968-0020_generated.wav | RTF: 0.2779(1.418s / 5.105s) | Generator RTF: 0.2772(1.415s / 5.105s)
generated_audios/generated_H3_256C_pruned50/61-70968-0021_generated.wav | RTF: 0.2686(0.723s / 2.690s) | Generator RTF: 0.2674(0.719s / 2.690s)
generated_audios/generated_H3_256C_pruned50/61-70968-0022_generated.wav | RTF: 0.0558(0.261s / 4.670s) | Generator RTF: 0.0551(0.257s / 4.670s)
generated_audios/generated_H3_256C_pruned50/61-70968-0023_generated.wav | RTF: 0.0563(0.283s / 5.025s) | Generator RTF: 0.0556(0.279s / 5.025s)
generated_audios/generated_H3_256C_pruned50/61-70968-0024_generated.wav | RTF: 0.2750(1.657s / 6.025s) | Generator RTF: 0.2744(1.653s / 6.025s)
generated_audios/generated_H3_256C_pruned50/61-70968-0025_generated.wav | RTF: 0.0561(0.248s / 4.410s) | Generator RTF: 0.0554(0.244s / 4.410s)
generated_audios/generated_H3_256C_pruned50/61-70968-0026_generated.wav | RTF: 0.2684(1.321s / 4.920s) | Generator RTF: 0.2677(1.317s / 4.920s)
generated_audios/generated_H3_256C_pruned50/61-70968-0027_generated.wav | RTF: 0.2718(1.867s / 6.870s) | Generator RTF: 0.2712(1.863s / 6.870s)
generated_audios/generated_H3_256C_pruned50/61-70968-0028_generated.wav | RTF: 0.2704(1.448s / 5.355s) | Generator RTF: 0.2700(1.446s / 5.355s)
generated_audios/generated_H3_256C_pruned50/61-70968-0029_generated.wav | RTF: 0.2767(0.967s / 3.495s) | Generator RTF: 0.2758(0.964s / 3.495s)
generated_audios/generated_H3_256C_pruned50/61-70968-0030_generated.wav | RTF: 0.2710(1.541s / 5.685s) | Generator RTF: 0.2704(1.537s / 5.685s)
generated_audios/generated_H3_256C_pruned50/61-70968-0031_generated.wav | RTF: 0.2764(0.808s / 2.925s) | Generator RTF: 0.2752(0.805s / 2.925s)
generated_audios/generated_H3_256C_pruned50/61-70968-0032_generated.wav | RTF: 0.0535(0.229s / 4.280s) | Generator RTF: 0.0528(0.226s / 4.280s)
generated_audios/generated_H3_256C_pruned50/61-70968-0033_generated.wav | RTF: 0.0528(0.300s / 5.685s) | Generator RTF: 0.0521(0.296s / 5.685s)
generated_audios/generated_H3_256C_pruned50/61-70968-0034_generated.wav | RTF: 0.2745(1.161s / 4.230s) | Generator RTF: 0.2738(1.158s / 4.230s)
generated_audios/generated_H3_256C_pruned50/61-70968-0035_generated.wav | RTF: 0.2760(2.195s / 7.950s) | Generator RTF: 0.2756(2.191s / 7.950s)
generated_audios/generated_H3_256C_pruned50/61-70968-0036_generated.wav | RTF: 0.0571(0.168s / 2.935s) | Generator RTF: 0.0560(0.164s / 2.935s)
generated_audios/generated_H3_256C_pruned50/61-70968-0037_generated.wav | RTF: 0.0546(0.236s / 4.315s) | Generator RTF: 0.0538(0.232s / 4.315s)
generated_audios/generated_H3_256C_pruned50/61-70968-0038_generated.wav | RTF: 0.2828(0.580s / 2.050s) | Generator RTF: 0.2819(0.578s / 2.050s)
generated_audios/generated_H3_256C_pruned50/61-70968-0039_generated.wav | RTF: 0.2681(1.020s / 3.805s) | Generator RTF: 0.2672(1.017s / 3.805s)
generated_audios/generated_H3_256C_pruned50/61-70968-0040_generated.wav | RTF: 0.2752(1.087s / 3.950s) | Generator RTF: 0.2744(1.084s / 3.950s)
generated_audios/generated_H3_256C_pruned50/61-70968-0041_generated.wav | RTF: 0.0569(0.388s / 6.825s) | Generator RTF: 0.0563(0.384s / 6.825s)
generated_audios/generated_H3_256C_pruned50/61-70968-0042_generated.wav | RTF: 0.0572(0.159s / 2.785s) | Generator RTF: 0.0560(0.156s / 2.785s)
generated_audios/generated_H3_256C_pruned50/61-70968-0043_generated.wav | RTF: 0.2783(1.874s / 6.735s) | Generator RTF: 0.2777(1.871s / 6.735s)
generated_audios/generated_H3_256C_pruned50/61-70968-0044_generated.wav | RTF: 0.0568(0.157s / 2.770s) | Generator RTF: 0.0556(0.154s / 2.770s)
generated_audios/generated_H3_256C_pruned50/61-70968-0045_generated.wav | RTF: 0.0564(0.196s / 3.475s) | Generator RTF: 0.0554(0.193s / 3.475s)
generated_audios/generated_H3_256C_pruned50/61-70968-0046_generated.wav | RTF: 0.0570(0.202s / 3.550s) | Generator RTF: 0.0560(0.199s / 3.550s)
generated_audios/generated_H3_256C_pruned50/61-70968-0047_generated.wav | RTF: 0.2676(1.278s / 4.775s) | Generator RTF: 0.2669(1.275s / 4.775s)
generated_audios/generated_H3_256C_pruned50/61-70968-0048_generated.wav | RTF: 0.2743(0.828s / 3.020s) | Generator RTF: 0.2733(0.825s / 3.020s)
generated_audios/generated_H3_256C_pruned50/61-70968-0049_generated.wav | RTF: 0.2781(2.294s / 8.250s) | Generator RTF: 0.2776(2.290s / 8.250s)
generated_audios/generated_H3_256C_pruned50/61-70968-0050_generated.wav | RTF: 0.2715(1.515s / 5.580s) | Generator RTF: 0.2708(1.511s / 5.580s)
generated_audios/generated_H3_256C_pruned50/61-70968-0051_generated.wav | RTF: 0.2749(0.862s / 3.135s) | Generator RTF: 0.2738(0.858s / 3.135s)
generated_audios/generated_H3_256C_pruned50/61-70968-0052_generated.wav | RTF: 0.2488(0.659s / 2.650s) | Generator RTF: 0.2475(0.656s / 2.650s)
generated_audios/generated_H3_256C_pruned50/61-70968-0053_generated.wav | RTF: 0.0536(0.226s / 4.220s) | Generator RTF: 0.0529(0.223s / 4.220s)
generated_audios/generated_H3_256C_pruned50/61-70968-0054_generated.wav | RTF: 0.2706(2.127s / 7.860s) | Generator RTF: 0.2701(2.123s / 7.860s)
generated_audios/generated_H3_256C_pruned50/61-70968-0055_generated.wav | RTF: 0.0555(0.220s / 3.965s) | Generator RTF: 0.0547(0.217s / 3.965s)
generated_audios/generated_H3_256C_pruned50/61-70968-0056_generated.wav | RTF: 0.2663(0.949s / 3.565s) | Generator RTF: 0.2654(0.946s / 3.565s)
generated_audios/generated_H3_256C_pruned50/61-70968-0057_generated.wav | RTF: 0.0538(0.272s / 5.065s) | Generator RTF: 0.0531(0.269s / 5.065s)
generated_audios/generated_H3_256C_pruned50/61-70968-0058_generated.wav | RTF: 0.2565(0.467s / 1.820s) | Generator RTF: 0.2547(0.463s / 1.820s)
generated_audios/generated_H3_256C_pruned50/61-70968-0059_generated.wav | RTF: 0.0585(0.127s / 2.170s) | Generator RTF: 0.0570(0.124s / 2.170s)
generated_audios/generated_H3_256C_pruned50/61-70968-0060_generated.wav | RTF: 0.0540(0.202s / 3.735s) | Generator RTF: 0.0533(0.199s / 3.735s)
generated_audios/generated_H3_256C_pruned50/61-70968-0061_generated.wav | RTF: 0.2691(1.488s / 5.530s) | Generator RTF: 0.2685(1.485s / 5.530s)
generated_audios/generated_H3_256C_pruned50/61-70968-0062_generated.wav | RTF: 0.0562(0.144s / 2.555s) | Generator RTF: 0.0549(0.140s / 2.555s)
generated_audios/generated_H3_256C_pruned50/61-70970-0000_generated.wav | RTF: 0.2669(1.622s / 6.075s) | Generator RTF: 0.2663(1.618s / 6.075s)
generated_audios/generated_H3_256C_pruned50/61-70970-0001_generated.wav | RTF: 0.2709(1.667s / 6.155s) | Generator RTF: 0.2704(1.664s / 6.155s)
generated_audios/generated_H3_256C_pruned50/61-70970-0002_generated.wav | RTF: 0.2765(1.152s / 4.165s) | Generator RTF: 0.2757(1.148s / 4.165s)
generated_audios/generated_H3_256C_pruned50/61-70970-0003_generated.wav | RTF: 0.2701(1.036s / 3.835s) | Generator RTF: 0.2694(1.033s / 3.835s)
generated_audios/generated_H3_256C_pruned50/61-70970-0004_generated.wav | RTF: 0.2790(2.934s / 10.515s) | Generator RTF: 0.2786(2.930s / 10.515s)
generated_audios/generated_H3_256C_pruned50/61-70970-0005_generated.wav | RTF: 0.2896(0.585s / 2.020s) | Generator RTF: 0.2880(0.582s / 2.020s)
generated_audios/generated_H3_256C_pruned50/61-70970-0006_generated.wav | RTF: 0.2866(0.669s / 2.335s) | Generator RTF: 0.2853(0.666s / 2.335s)
generated_audios/generated_H3_256C_pruned50/61-70970-0007_generated.wav | RTF: 0.2840(1.274s / 4.485s) | Generator RTF: 0.2832(1.270s / 4.485s)
generated_audios/generated_H3_256C_pruned50/61-70970-0008_generated.wav | RTF: 0.3000(0.645s / 2.150s) | Generator RTF: 0.2986(0.642s / 2.150s)
generated_audios/generated_H3_256C_pruned50/61-70970-0009_generated.wav | RTF: 0.2831(0.964s / 3.405s) | Generator RTF: 0.2821(0.961s / 3.405s)
generated_audios/generated_H3_256C_pruned50/61-70970-0010_generated.wav | RTF: 0.0543(0.165s / 3.045s) | Generator RTF: 0.0532(0.162s / 3.045s)
generated_audios/generated_H3_256C_pruned50/61-70970-0011_generated.wav | RTF: 0.0528(0.321s / 6.075s) | Generator RTF: 0.0523(0.318s / 6.075s)
generated_audios/generated_H3_256C_pruned50/61-70970-0012_generated.wav | RTF: 0.0554(0.174s / 3.135s) | Generator RTF: 0.0544(0.171s / 3.135s)
generated_audios/generated_H3_256C_pruned50/61-70970-0013_generated.wav | RTF: 0.2853(1.241s / 4.350s) | Generator RTF: 0.2845(1.238s / 4.350s)
generated_audios/generated_H3_256C_pruned50/61-70970-0014_generated.wav | RTF: 0.0464(0.158s / 3.405s) | Generator RTF: 0.0453(0.154s / 3.405s)
generated_audios/generated_H3_256C_pruned50/61-70970-0015_generated.wav | RTF: 0.2812(2.366s / 8.415s) | Generator RTF: 0.2807(2.362s / 8.415s)
generated_audios/generated_H3_256C_pruned50/61-70970-0016_generated.wav | RTF: 0.2761(1.206s / 4.370s) | Generator RTF: 0.2753(1.203s / 4.370s)
generated_audios/generated_H3_256C_pruned50/61-70970-0017_generated.wav | RTF: 0.0579(0.148s / 2.550s) | Generator RTF: 0.0566(0.144s / 2.550s)
generated_audios/generated_H3_256C_pruned50/61-70970-0018_generated.wav | RTF: 0.2727(1.254s / 4.600s) | Generator RTF: 0.2720(1.251s / 4.600s)
generated_audios/generated_H3_256C_pruned50/61-70970-0019_generated.wav | RTF: 0.2759(1.043s / 3.780s) | Generator RTF: 0.2751(1.040s / 3.780s)
generated_audios/generated_H3_256C_pruned50/61-70970-0020_generated.wav | RTF: 0.0539(0.271s / 5.025s) | Generator RTF: 0.0532(0.267s / 5.025s)
generated_audios/generated_H3_256C_pruned50/61-70970-0021_generated.wav | RTF: 0.2735(1.478s / 5.405s) | Generator RTF: 0.2728(1.475s / 5.405s)
generated_audios/generated_H3_256C_pruned50/61-70970-0022_generated.wav | RTF: 0.0548(0.218s / 3.970s) | Generator RTF: 0.0539(0.214s / 3.970s)
generated_audios/generated_H3_256C_pruned50/61-70970-0023_generated.wav | RTF: 0.0556(0.206s / 3.705s) | Generator RTF: 0.0547(0.203s / 3.705s)
generated_audios/generated_H3_256C_pruned50/61-70970-0024_generated.wav | RTF: 0.2764(1.999s / 7.235s) | Generator RTF: 0.2758(1.996s / 7.235s)
generated_audios/generated_H3_256C_pruned50/61-70970-0025_generated.wav | RTF: 0.2770(2.060s / 7.435s) | Generator RTF: 0.2765(2.056s / 7.435s)
generated_audios/generated_H3_256C_pruned50/61-70970-0026_generated.wav | RTF: 0.0544(0.298s / 5.475s) | Generator RTF: 0.0537(0.294s / 5.475s)
generated_audios/generated_H3_256C_pruned50/61-70970-0027_generated.wav | RTF: 0.0537(0.273s / 5.080s) | Generator RTF: 0.0530(0.269s / 5.080s)
generated_audios/generated_H3_256C_pruned50/61-70970-0028_generated.wav | RTF: 0.0542(0.355s / 6.550s) | Generator RTF: 0.0537(0.351s / 6.550s)
generated_audios/generated_H3_256C_pruned50/61-70970-0029_generated.wav | RTF: 0.0546(0.220s / 4.030s) | Generator RTF: 0.0538(0.217s / 4.030s)
generated_audios/generated_H3_256C_pruned50/61-70970-0030_generated.wav | RTF: 0.0548(0.178s / 3.240s) | Generator RTF: 0.0539(0.175s / 3.240s)
generated_audios/generated_H3_256C_pruned50/61-70970-0031_generated.wav | RTF: 0.2779(1.427s / 5.135s) | Generator RTF: 0.2772(1.424s / 5.135s)
generated_audios/generated_H3_256C_pruned50/61-70970-0032_generated.wav | RTF: 0.0566(0.177s / 3.135s) | Generator RTF: 0.0555(0.174s / 3.135s)
generated_audios/generated_H3_256C_pruned50/61-70970-0033_generated.wav | RTF: 0.2693(0.921s / 3.420s) | Generator RTF: 0.2683(0.918s / 3.420s)
generated_audios/generated_H3_256C_pruned50/61-70970-0034_generated.wav | RTF: 0.0553(0.248s / 4.485s) | Generator RTF: 0.0544(0.244s / 4.485s)
generated_audios/generated_H3_256C_pruned50/61-70970-0035_generated.wav | RTF: 0.0546(0.404s / 7.405s) | Generator RTF: 0.0541(0.400s / 7.405s)
generated_audios/generated_H3_256C_pruned50/61-70970-0036_generated.wav | RTF: 0.0566(0.384s / 6.785s) | Generator RTF: 0.0560(0.380s / 6.785s)
generated_audios/generated_H3_256C_pruned50/61-70970-0037_generated.wav | RTF: 0.2690(1.609s / 5.980s) | Generator RTF: 0.2684(1.605s / 5.980s)
generated_audios/generated_H3_256C_pruned50/61-70970-0038_generated.wav | RTF: 0.2764(2.874s / 10.400s) | Generator RTF: 0.2760(2.870s / 10.400s)
generated_audios/generated_H3_256C_pruned50/61-70970-0039_generated.wav | RTF: 0.0566(0.377s / 6.665s) | Generator RTF: 0.0560(0.373s / 6.665s)
generated_audios/generated_H3_256C_pruned50/61-70970-0040_generated.wav | RTF: 0.0565(0.235s / 4.165s) | Generator RTF: 0.0557(0.232s / 4.165s)
generated_audios/generated_H3_256C_pruned50/672-122797-0000_generated.wav | RTF: 0.2806(1.142s / 4.070s) | Generator RTF: 0.2798(1.139s / 4.070s)
generated_audios/generated_H3_256C_pruned50/672-122797-0001_generated.wav | RTF: 0.2808(4.249s / 15.130s) | Generator RTF: 0.2806(4.245s / 15.130s)
generated_audios/generated_H3_256C_pruned50/672-122797-0002_generated.wav | RTF: 0.2775(3.780s / 13.620s) | Generator RTF: 0.2772(3.776s / 13.620s)
generated_audios/generated_H3_256C_pruned50/672-122797-0003_generated.wav | RTF: 0.2864(1.363s / 4.760s) | Generator RTF: 0.2856(1.360s / 4.760s)
generated_audios/generated_H3_256C_pruned50/672-122797-0004_generated.wav | RTF: 0.2781(2.851s / 10.250s) | Generator RTF: 0.2778(2.847s / 10.250s)
generated_audios/generated_H3_256C_pruned50/672-122797-0005_generated.wav | RTF: 0.2900(0.945s / 3.260s) | Generator RTF: 0.2889(0.942s / 3.260s)
generated_audios/generated_H3_256C_pruned50/672-122797-0006_generated.wav | RTF: 0.2848(3.973s / 13.950s) | Generator RTF: 0.2845(3.969s / 13.950s)
generated_audios/generated_H3_256C_pruned50/672-122797-0007_generated.wav | RTF: 0.2800(1.797s / 6.420s) | Generator RTF: 0.2794(1.794s / 6.420s)
generated_audios/generated_H3_256C_pruned50/672-122797-0008_generated.wav | RTF: 0.2862(8.818s / 30.810s) | Generator RTF: 0.2860(8.812s / 30.810s)
generated_audios/generated_H3_256C_pruned50/672-122797-0009_generated.wav | RTF: 0.0605(0.167s / 2.765s) | Generator RTF: 0.0591(0.163s / 2.765s)
generated_audios/generated_H3_256C_pruned50/672-122797-0010_generated.wav | RTF: 0.0573(0.219s / 3.815s) | Generator RTF: 0.0564(0.215s / 3.815s)
generated_audios/generated_H3_256C_pruned50/672-122797-0011_generated.wav | RTF: 0.3015(0.766s / 2.540s) | Generator RTF: 0.3002(0.762s / 2.540s)
generated_audios/generated_H3_256C_pruned50/672-122797-0012_generated.wav | RTF: 0.2885(2.240s / 7.765s) | Generator RTF: 0.2880(2.236s / 7.765s)
generated_audios/generated_H3_256C_pruned50/672-122797-0013_generated.wav | RTF: 0.2799(2.437s / 8.705s) | Generator RTF: 0.2795(2.433s / 8.705s)
generated_audios/generated_H3_256C_pruned50/672-122797-0014_generated.wav | RTF: 0.0592(0.151s / 2.555s) | Generator RTF: 0.0585(0.149s / 2.555s)
generated_audios/generated_H3_256C_pruned50/672-122797-0015_generated.wav | RTF: 0.0566(0.252s / 4.455s) | Generator RTF: 0.0558(0.248s / 4.455s)
generated_audios/generated_H3_256C_pruned50/672-122797-0016_generated.wav | RTF: 0.2828(2.606s / 9.215s) | Generator RTF: 0.2824(2.602s / 9.215s)
generated_audios/generated_H3_256C_pruned50/672-122797-0017_generated.wav | RTF: 0.2815(1.357s / 4.820s) | Generator RTF: 0.2808(1.354s / 4.820s)
generated_audios/generated_H3_256C_pruned50/672-122797-0018_generated.wav | RTF: 0.2759(1.360s / 4.930s) | Generator RTF: 0.2751(1.356s / 4.930s)
generated_audios/generated_H3_256C_pruned50/672-122797-0019_generated.wav | RTF: 0.2728(1.121s / 4.110s) | Generator RTF: 0.2719(1.118s / 4.110s)
generated_audios/generated_H3_256C_pruned50/672-122797-0020_generated.wav | RTF: 0.2797(2.468s / 8.825s) | Generator RTF: 0.2792(2.464s / 8.825s)
generated_audios/generated_H3_256C_pruned50/672-122797-0021_generated.wav | RTF: 0.0561(0.233s / 4.150s) | Generator RTF: 0.0553(0.229s / 4.150s)
generated_audios/generated_H3_256C_pruned50/672-122797-0022_generated.wav | RTF: 0.2823(5.365s / 19.005s) | Generator RTF: 0.2820(5.360s / 19.005s)
generated_audios/generated_H3_256C_pruned50/672-122797-0023_generated.wav | RTF: 0.2824(2.738s / 9.695s) | Generator RTF: 0.2820(2.734s / 9.695s)
generated_audios/generated_H3_256C_pruned50/672-122797-0024_generated.wav | RTF: 0.2790(1.152s / 4.130s) | Generator RTF: 0.2782(1.149s / 4.130s)
generated_audios/generated_H3_256C_pruned50/672-122797-0025_generated.wav | RTF: 0.2799(2.992s / 10.690s) | Generator RTF: 0.2795(2.988s / 10.690s)
generated_audios/generated_H3_256C_pruned50/672-122797-0026_generated.wav | RTF: 0.2804(3.915s / 13.960s) | Generator RTF: 0.2801(3.910s / 13.960s)
generated_audios/generated_H3_256C_pruned50/672-122797-0027_generated.wav | RTF: 0.0546(0.261s / 4.790s) | Generator RTF: 0.0539(0.258s / 4.790s)
generated_audios/generated_H3_256C_pruned50/672-122797-0028_generated.wav | RTF: 0.0594(0.155s / 2.610s) | Generator RTF: 0.0582(0.152s / 2.610s)
generated_audios/generated_H3_256C_pruned50/672-122797-0029_generated.wav | RTF: 0.0563(0.172s / 3.050s) | Generator RTF: 0.0553(0.169s / 3.050s)
generated_audios/generated_H3_256C_pruned50/672-122797-0030_generated.wav | RTF: 0.2720(1.245s / 4.575s) | Generator RTF: 0.2713(1.241s / 4.575s)
generated_audios/generated_H3_256C_pruned50/672-122797-0031_generated.wav | RTF: 0.0552(0.220s / 3.980s) | Generator RTF: 0.0543(0.216s / 3.980s)
generated_audios/generated_H3_256C_pruned50/672-122797-0032_generated.wav | RTF: 0.0545(0.218s / 4.000s) | Generator RTF: 0.0537(0.215s / 4.000s)
generated_audios/generated_H3_256C_pruned50/672-122797-0033_generated.wav | RTF: 0.2894(0.372s / 1.285s) | Generator RTF: 0.2870(0.369s / 1.285s)
generated_audios/generated_H3_256C_pruned50/672-122797-0034_generated.wav | RTF: 0.0593(0.303s / 5.110s) | Generator RTF: 0.0587(0.300s / 5.110s)
generated_audios/generated_H3_256C_pruned50/672-122797-0035_generated.wav | RTF: 0.0567(0.164s / 2.900s) | Generator RTF: 0.0555(0.161s / 2.900s)
generated_audios/generated_H3_256C_pruned50/672-122797-0036_generated.wav | RTF: 0.0558(0.299s / 5.365s) | Generator RTF: 0.0551(0.296s / 5.365s)
generated_audios/generated_H3_256C_pruned50/672-122797-0037_generated.wav | RTF: 0.2716(0.532s / 1.960s) | Generator RTF: 0.2702(0.530s / 1.960s)
generated_audios/generated_H3_256C_pruned50/672-122797-0038_generated.wav | RTF: 0.2780(2.447s / 8.800s) | Generator RTF: 0.2776(2.443s / 8.800s)
generated_audios/generated_H3_256C_pruned50/672-122797-0039_generated.wav | RTF: 0.2788(1.122s / 4.025s) | Generator RTF: 0.2779(1.119s / 4.025s)
generated_audios/generated_H3_256C_pruned50/672-122797-0040_generated.wav | RTF: 0.0566(0.290s / 5.125s) | Generator RTF: 0.0559(0.287s / 5.125s)
generated_audios/generated_H3_256C_pruned50/672-122797-0041_generated.wav | RTF: 0.0573(0.222s / 3.880s) | Generator RTF: 0.0564(0.219s / 3.880s)
generated_audios/generated_H3_256C_pruned50/672-122797-0042_generated.wav | RTF: 0.2806(4.296s / 15.310s) | Generator RTF: 0.2803(4.291s / 15.310s)
generated_audios/generated_H3_256C_pruned50/672-122797-0043_generated.wav | RTF: 0.0552(0.209s / 3.780s) | Generator RTF: 0.0543(0.205s / 3.780s)
generated_audios/generated_H3_256C_pruned50/672-122797-0044_generated.wav | RTF: 0.0546(0.204s / 3.740s) | Generator RTF: 0.0537(0.201s / 3.740s)
generated_audios/generated_H3_256C_pruned50/672-122797-0045_generated.wav | RTF: 0.0580(0.809s / 13.960s) | Generator RTF: 0.0577(0.805s / 13.960s)
generated_audios/generated_H3_256C_pruned50/672-122797-0046_generated.wav | RTF: 0.2773(1.308s / 4.715s) | Generator RTF: 0.2766(1.304s / 4.715s)
generated_audios/generated_H3_256C_pruned50/672-122797-0047_generated.wav | RTF: 0.2767(0.920s / 3.325s) | Generator RTF: 0.2758(0.917s / 3.325s)
generated_audios/generated_H3_256C_pruned50/672-122797-0048_generated.wav | RTF: 0.0551(0.361s / 6.555s) | Generator RTF: 0.0545(0.358s / 6.555s)
generated_audios/generated_H3_256C_pruned50/672-122797-0049_generated.wav | RTF: 0.0608(0.123s / 2.020s) | Generator RTF: 0.0592(0.120s / 2.020s)
generated_audios/generated_H3_256C_pruned50/672-122797-0050_generated.wav | RTF: 0.2832(1.375s / 4.855s) | Generator RTF: 0.2825(1.371s / 4.855s)
generated_audios/generated_H3_256C_pruned50/672-122797-0051_generated.wav | RTF: 0.2775(1.295s / 4.665s) | Generator RTF: 0.2767(1.291s / 4.665s)
generated_audios/generated_H3_256C_pruned50/672-122797-0052_generated.wav | RTF: 0.2784(1.193s / 4.285s) | Generator RTF: 0.2776(1.189s / 4.285s)
generated_audios/generated_H3_256C_pruned50/672-122797-0053_generated.wav | RTF: 0.0574(0.169s / 2.955s) | Generator RTF: 0.0562(0.166s / 2.955s)
generated_audios/generated_H3_256C_pruned50/672-122797-0054_generated.wav | RTF: 0.0567(0.241s / 4.250s) | Generator RTF: 0.0559(0.238s / 4.250s)
generated_audios/generated_H3_256C_pruned50/672-122797-0055_generated.wav | RTF: 0.2814(2.316s / 8.230s) | Generator RTF: 0.2810(2.313s / 8.230s)
generated_audios/generated_H3_256C_pruned50/672-122797-0056_generated.wav | RTF: 0.0547(0.286s / 5.225s) | Generator RTF: 0.0540(0.282s / 5.225s)
generated_audios/generated_H3_256C_pruned50/672-122797-0057_generated.wav | RTF: 0.0546(0.358s / 6.560s) | Generator RTF: 0.0541(0.355s / 6.560s)
generated_audios/generated_H3_256C_pruned50/672-122797-0058_generated.wav | RTF: 0.2875(1.285s / 4.470s) | Generator RTF: 0.2868(1.282s / 4.470s)
generated_audios/generated_H3_256C_pruned50/672-122797-0059_generated.wav | RTF: 0.2804(0.987s / 3.520s) | Generator RTF: 0.2795(0.984s / 3.520s)
generated_audios/generated_H3_256C_pruned50/672-122797-0060_generated.wav | RTF: 0.0571(0.191s / 3.350s) | Generator RTF: 0.0562(0.188s / 3.350s)
generated_audios/generated_H3_256C_pruned50/672-122797-0061_generated.wav | RTF: 0.2749(2.087s / 7.590s) | Generator RTF: 0.2744(2.083s / 7.590s)
generated_audios/generated_H3_256C_pruned50/672-122797-0062_generated.wav | RTF: 0.2822(0.755s / 2.675s) | Generator RTF: 0.2811(0.752s / 2.675s)
generated_audios/generated_H3_256C_pruned50/672-122797-0063_generated.wav | RTF: 0.0542(0.275s / 5.075s) | Generator RTF: 0.0534(0.271s / 5.075s)
generated_audios/generated_H3_256C_pruned50/672-122797-0064_generated.wav | RTF: 0.2808(4.288s / 15.270s) | Generator RTF: 0.2805(4.283s / 15.270s)
generated_audios/generated_H3_256C_pruned50/672-122797-0065_generated.wav | RTF: 0.0561(0.170s / 3.030s) | Generator RTF: 0.0550(0.167s / 3.030s)
generated_audios/generated_H3_256C_pruned50/672-122797-0066_generated.wav | RTF: 0.0547(0.264s / 4.815s) | Generator RTF: 0.0540(0.260s / 4.815s)
generated_audios/generated_H3_256C_pruned50/672-122797-0067_generated.wav | RTF: 0.2766(3.606s / 13.035s) | Generator RTF: 0.2763(3.602s / 13.035s)
generated_audios/generated_H3_256C_pruned50/672-122797-0068_generated.wav | RTF: 0.0544(0.219s / 4.020s) | Generator RTF: 0.0536(0.215s / 4.020s)
generated_audios/generated_H3_256C_pruned50/672-122797-0069_generated.wav | RTF: 0.2803(1.405s / 5.010s) | Generator RTF: 0.2797(1.401s / 5.010s)
generated_audios/generated_H3_256C_pruned50/672-122797-0070_generated.wav | RTF: 0.2785(1.746s / 6.270s) | Generator RTF: 0.2779(1.743s / 6.270s)
generated_audios/generated_H3_256C_pruned50/672-122797-0071_generated.wav | RTF: 0.2826(2.508s / 8.875s) | Generator RTF: 0.2822(2.505s / 8.875s)
generated_audios/generated_H3_256C_pruned50/672-122797-0072_generated.wav | RTF: 0.2809(2.230s / 7.940s) | Generator RTF: 0.2804(2.226s / 7.940s)
generated_audios/generated_H3_256C_pruned50/672-122797-0073_generated.wav | RTF: 0.2798(2.296s / 8.205s) | Generator RTF: 0.2793(2.292s / 8.205s)
generated_audios/generated_H3_256C_pruned50/672-122797-0074_generated.wav | RTF: 0.2783(2.430s / 8.730s) | Generator RTF: 0.2778(2.425s / 8.730s)
generated_audios/generated_H3_256C_pruned50/908-157963-0000_generated.wav | RTF: 0.2777(3.505s / 12.620s) | Generator RTF: 0.2774(3.501s / 12.620s)
generated_audios/generated_H3_256C_pruned50/908-157963-0001_generated.wav | RTF: 0.2828(0.816s / 2.885s) | Generator RTF: 0.2816(0.812s / 2.885s)
generated_audios/generated_H3_256C_pruned50/908-157963-0002_generated.wav | RTF: 0.2668(0.735s / 2.755s) | Generator RTF: 0.2657(0.732s / 2.755s)
generated_audios/generated_H3_256C_pruned50/908-157963-0003_generated.wav | RTF: 0.2783(0.857s / 3.080s) | Generator RTF: 0.2771(0.854s / 3.080s)
generated_audios/generated_H3_256C_pruned50/908-157963-0004_generated.wav | RTF: 0.2804(3.923s / 13.990s) | Generator RTF: 0.2801(3.919s / 13.990s)
generated_audios/generated_H3_256C_pruned50/908-157963-0005_generated.wav | RTF: 0.2786(1.960s / 7.035s) | Generator RTF: 0.2780(1.956s / 7.035s)
generated_audios/generated_H3_256C_pruned50/908-157963-0006_generated.wav | RTF: 0.2825(2.291s / 8.110s) | Generator RTF: 0.2820(2.287s / 8.110s)
generated_audios/generated_H3_256C_pruned50/908-157963-0007_generated.wav | RTF: 0.2850(9.338s / 32.770s) | Generator RTF: 0.2847(9.331s / 32.770s)
generated_audios/generated_H3_256C_pruned50/908-157963-0008_generated.wav | RTF: 0.2821(5.627s / 19.950s) | Generator RTF: 0.2818(5.622s / 19.950s)
generated_audios/generated_H3_256C_pruned50/908-157963-0009_generated.wav | RTF: 0.2785(1.131s / 4.060s) | Generator RTF: 0.2776(1.127s / 4.060s)
generated_audios/generated_H3_256C_pruned50/908-157963-0010_generated.wav | RTF: 0.0540(0.339s / 6.280s) | Generator RTF: 0.0534(0.336s / 6.280s)
generated_audios/generated_H3_256C_pruned50/908-157963-0011_generated.wav | RTF: 0.0548(0.569s / 10.395s) | Generator RTF: 0.0544(0.565s / 10.395s)
generated_audios/generated_H3_256C_pruned50/908-157963-0012_generated.wav | RTF: 0.2787(2.813s / 10.090s) | Generator RTF: 0.2783(2.808s / 10.090s)
generated_audios/generated_H3_256C_pruned50/908-157963-0013_generated.wav | RTF: 0.0543(0.234s / 4.315s) | Generator RTF: 0.0535(0.231s / 4.315s)
generated_audios/generated_H3_256C_pruned50/908-157963-0014_generated.wav | RTF: 0.0533(0.241s / 4.520s) | Generator RTF: 0.0525(0.237s / 4.520s)
generated_audios/generated_H3_256C_pruned50/908-157963-0015_generated.wav | RTF: 0.2789(4.034s / 14.465s) | Generator RTF: 0.2786(4.030s / 14.465s)
generated_audios/generated_H3_256C_pruned50/908-157963-0016_generated.wav | RTF: 0.0565(0.289s / 5.105s) | Generator RTF: 0.0558(0.285s / 5.105s)
generated_audios/generated_H3_256C_pruned50/908-157963-0017_generated.wav | RTF: 0.2699(1.336s / 4.950s) | Generator RTF: 0.2692(1.333s / 4.950s)
generated_audios/generated_H3_256C_pruned50/908-157963-0018_generated.wav | RTF: 0.0543(0.231s / 4.255s) | Generator RTF: 0.0535(0.228s / 4.255s)
generated_audios/generated_H3_256C_pruned50/908-157963-0019_generated.wav | RTF: 0.2834(6.077s / 21.440s) | Generator RTF: 0.2832(6.072s / 21.440s)
generated_audios/generated_H3_256C_pruned50/908-157963-0020_generated.wav | RTF: 0.2830(2.773s / 9.800s) | Generator RTF: 0.2825(2.769s / 9.800s)
generated_audios/generated_H3_256C_pruned50/908-157963-0021_generated.wav | RTF: 0.0567(0.581s / 10.240s) | Generator RTF: 0.0563(0.577s / 10.240s)
generated_audios/generated_H3_256C_pruned50/908-157963-0022_generated.wav | RTF: 0.2856(1.316s / 4.610s) | Generator RTF: 0.2849(1.313s / 4.610s)
generated_audios/generated_H3_256C_pruned50/908-157963-0023_generated.wav | RTF: 0.2815(2.710s / 9.625s) | Generator RTF: 0.2811(2.706s / 9.625s)
generated_audios/generated_H3_256C_pruned50/908-157963-0024_generated.wav | RTF: 0.2797(0.962s / 3.440s) | Generator RTF: 0.2787(0.959s / 3.440s)
generated_audios/generated_H3_256C_pruned50/908-157963-0025_generated.wav | RTF: 0.2788(2.583s / 9.265s) | Generator RTF: 0.2784(2.580s / 9.265s)
generated_audios/generated_H3_256C_pruned50/908-157963-0026_generated.wav | RTF: 0.2804(2.271s / 8.100s) | Generator RTF: 0.2782(2.253s / 8.100s)
generated_audios/generated_H3_256C_pruned50/908-157963-0027_generated.wav | RTF: 0.0553(0.289s / 5.225s) | Generator RTF: 0.0545(0.285s / 5.225s)
generated_audios/generated_H3_256C_pruned50/908-157963-0028_generated.wav | RTF: 0.0536(0.266s / 4.955s) | Generator RTF: 0.0529(0.262s / 4.955s)
generated_audios/generated_H3_256C_pruned50/908-157963-0029_generated.wav | RTF: 0.2731(0.991s / 3.630s) | Generator RTF: 0.2721(0.988s / 3.630s)
generated_audios/generated_H3_256C_pruned50/908-157963-0030_generated.wav | RTF: 0.0535(0.242s / 4.520s) | Generator RTF: 0.0527(0.238s / 4.520s)
generated_audios/generated_H3_256C_pruned50/908-31957-0000_generated.wav | RTF: 0.2732(0.580s / 2.125s) | Generator RTF: 0.2717(0.577s / 2.125s)
generated_audios/generated_H3_256C_pruned50/908-31957-0001_generated.wav | RTF: 0.2796(3.163s / 11.315s) | Generator RTF: 0.2792(3.159s / 11.315s)
generated_audios/generated_H3_256C_pruned50/908-31957-0002_generated.wav | RTF: 0.0547(0.262s / 4.790s) | Generator RTF: 0.0539(0.258s / 4.790s)
generated_audios/generated_H3_256C_pruned50/908-31957-0003_generated.wav | RTF: 0.0569(0.373s / 6.565s) | Generator RTF: 0.0563(0.370s / 6.565s)
generated_audios/generated_H3_256C_pruned50/908-31957-0004_generated.wav | RTF: 0.2818(4.157s / 14.755s) | Generator RTF: 0.2814(4.153s / 14.755s)
generated_audios/generated_H3_256C_pruned50/908-31957-0005_generated.wav | RTF: 0.0547(0.246s / 4.490s) | Generator RTF: 0.0539(0.242s / 4.490s)
generated_audios/generated_H3_256C_pruned50/908-31957-0006_generated.wav | RTF: 0.2706(1.594s / 5.890s) | Generator RTF: 0.2699(1.590s / 5.890s)
generated_audios/generated_H3_256C_pruned50/908-31957-0007_generated.wav | RTF: 0.0559(0.324s / 5.800s) | Generator RTF: 0.0553(0.321s / 5.800s)
generated_audios/generated_H3_256C_pruned50/908-31957-0008_generated.wav | RTF: 0.2793(2.795s / 10.005s) | Generator RTF: 0.2789(2.791s / 10.005s)
generated_audios/generated_H3_256C_pruned50/908-31957-0009_generated.wav | RTF: 0.2770(2.134s / 7.705s) | Generator RTF: 0.2764(2.130s / 7.705s)
generated_audios/generated_H3_256C_pruned50/908-31957-0010_generated.wav | RTF: 0.2721(0.683s / 2.510s) | Generator RTF: 0.2708(0.680s / 2.510s)
generated_audios/generated_H3_256C_pruned50/908-31957-0011_generated.wav | RTF: 0.0585(0.137s / 2.335s) | Generator RTF: 0.0571(0.133s / 2.335s)
generated_audios/generated_H3_256C_pruned50/908-31957-0012_generated.wav | RTF: 0.2769(2.109s / 7.615s) | Generator RTF: 0.2764(2.105s / 7.615s)
generated_audios/generated_H3_256C_pruned50/908-31957-0013_generated.wav | RTF: 0.2794(1.727s / 6.180s) | Generator RTF: 0.2788(1.723s / 6.180s)
generated_audios/generated_H3_256C_pruned50/908-31957-0014_generated.wav | RTF: 0.2800(2.117s / 7.560s) | Generator RTF: 0.2795(2.113s / 7.560s)
generated_audios/generated_H3_256C_pruned50/908-31957-0015_generated.wav | RTF: 0.2844(6.105s / 21.465s) | Generator RTF: 0.2842(6.099s / 21.465s)
generated_audios/generated_H3_256C_pruned50/908-31957-0016_generated.wav | RTF: 0.2789(1.807s / 6.480s) | Generator RTF: 0.2784(1.804s / 6.480s)
generated_audios/generated_H3_256C_pruned50/908-31957-0017_generated.wav | RTF: 0.2727(2.126s / 7.795s) | Generator RTF: 0.2722(2.122s / 7.795s)
generated_audios/generated_H3_256C_pruned50/908-31957-0018_generated.wav | RTF: 0.2717(1.064s / 3.915s) | Generator RTF: 0.2709(1.060s / 3.915s)
generated_audios/generated_H3_256C_pruned50/908-31957-0019_generated.wav | RTF: 0.2796(2.667s / 9.540s) | Generator RTF: 0.2792(2.663s / 9.540s)
generated_audios/generated_H3_256C_pruned50/908-31957-0020_generated.wav | RTF: 0.0541(0.319s / 5.895s) | Generator RTF: 0.0534(0.315s / 5.895s)
generated_audios/generated_H3_256C_pruned50/908-31957-0021_generated.wav | RTF: 0.2737(2.985s / 10.905s) | Generator RTF: 0.2733(2.981s / 10.905s)
generated_audios/generated_H3_256C_pruned50/908-31957-0022_generated.wav | RTF: 0.2766(3.900s / 14.100s) | Generator RTF: 0.2762(3.895s / 14.100s)
generated_audios/generated_H3_256C_pruned50/908-31957-0023_generated.wav | RTF: 0.2775(2.363s / 8.515s) | Generator RTF: 0.2770(2.358s / 8.515s)
generated_audios/generated_H3_256C_pruned50/908-31957-0024_generated.wav | RTF: 0.2758(2.079s / 7.540s) | Generator RTF: 0.2753(2.076s / 7.540s)
generated_audios/generated_H3_256C_pruned50/908-31957-0025_generated.wav | RTF: 0.2823(5.805s / 20.560s) | Generator RTF: 0.2821(5.799s / 20.560s)
Average RTF: 0.2290(723.633s / 3159.849s)
Average Generator RTF: 0.2284(721.810s / 3159.849s)
Evaluation summary:
  Mel-spectrogram L1: 0.324985
  PESQ: 2.272067
  STOI: 0.928384
Saved per-audio metrics CSV: per_audio_results.csv

Appended metrics to CSV: experiments_results.csv
========== H3: pruning 70% ==========
Initializing Inference Process..
Using device: cpu (baseline and quantized inference both run on CPU)
Loading '/home/hpc/vlbi/vlbi107v/hifi-gan/cp_hifigan/v1_c256_physical70/g_00265000'
Complete.
Checkpoint contains plain conv weights. Removing weight_norm wrappers before loading...
Removing weight norm...
Loaded checkpoint: /home/hpc/vlbi/vlbi107v/hifi-gan/cp_hifigan/v1_c256_physical70/g_00265000 (6.265 MB)
Generator parameters: 1,628,857
generated_audios/generated_H3_256C_pruned70/1089-134686-0000_generated.wav | RTF: 0.2496(2.604s / 10.435s) | Generator RTF: 0.2426(2.531s / 10.435s)
generated_audios/generated_H3_256C_pruned70/1089-134686-0001_generated.wav | RTF: 0.2257(0.739s / 3.275s) | Generator RTF: 0.2249(0.736s / 3.275s)
generated_audios/generated_H3_256C_pruned70/1089-134686-0002_generated.wav | RTF: 0.2312(1.532s / 6.625s) | Generator RTF: 0.2307(1.528s / 6.625s)
generated_audios/generated_H3_256C_pruned70/1089-134686-0003_generated.wav | RTF: 0.2572(0.689s / 2.680s) | Generator RTF: 0.2558(0.685s / 2.680s)
generated_audios/generated_H3_256C_pruned70/1089-134686-0004_generated.wav | RTF: 0.2324(1.212s / 5.215s) | Generator RTF: 0.2317(1.208s / 5.215s)
generated_audios/generated_H3_256C_pruned70/1089-134686-0005_generated.wav | RTF: 0.2320(2.236s / 9.635s) | Generator RTF: 0.2315(2.231s / 9.635s)
generated_audios/generated_H3_256C_pruned70/1089-134686-0006_generated.wav | RTF: 0.2370(2.502s / 10.555s) | Generator RTF: 0.2367(2.498s / 10.555s)
generated_audios/generated_H3_256C_pruned70/1089-134686-0007_generated.wav | RTF: 0.2328(0.995s / 4.275s) | Generator RTF: 0.2318(0.991s / 4.275s)
generated_audios/generated_H3_256C_pruned70/1089-134686-0008_generated.wav | RTF: 0.2284(1.537s / 6.730s) | Generator RTF: 0.2279(1.534s / 6.730s)
generated_audios/generated_H3_256C_pruned70/1089-134686-0009_generated.wav | RTF: 0.2348(2.484s / 10.575s) | Generator RTF: 0.2344(2.479s / 10.575s)
generated_audios/generated_H3_256C_pruned70/1089-134686-0010_generated.wav | RTF: 0.2357(1.038s / 4.405s) | Generator RTF: 0.2349(1.035s / 4.405s)
generated_audios/generated_H3_256C_pruned70/1089-134686-0011_generated.wav | RTF: 0.2643(3.289s / 12.445s) | Generator RTF: 0.2639(3.284s / 12.445s)
generated_audios/generated_H3_256C_pruned70/1089-134686-0012_generated.wav | RTF: 0.2368(2.757s / 11.640s) | Generator RTF: 0.2365(2.753s / 11.640s)
generated_audios/generated_H3_256C_pruned70/1089-134686-0013_generated.wav | RTF: 0.2322(1.837s / 7.915s) | Generator RTF: 0.2317(1.834s / 7.915s)
generated_audios/generated_H3_256C_pruned70/1089-134686-0014_generated.wav | RTF: 0.2431(0.541s / 2.225s) | Generator RTF: 0.2417(0.538s / 2.225s)
generated_audios/generated_H3_256C_pruned70/1089-134686-0015_generated.wav | RTF: 0.2355(1.369s / 5.815s) | Generator RTF: 0.2349(1.366s / 5.815s)
generated_audios/generated_H3_256C_pruned70/1089-134686-0016_generated.wav | RTF: 0.2367(0.838s / 3.540s) | Generator RTF: 0.2358(0.835s / 3.540s)
generated_audios/generated_H3_256C_pruned70/1089-134686-0017_generated.wav | RTF: 0.2421(2.148s / 8.870s) | Generator RTF: 0.2417(2.144s / 8.870s)
generated_audios/generated_H3_256C_pruned70/1089-134686-0018_generated.wav | RTF: 0.2487(3.910s / 15.720s) | Generator RTF: 0.2484(3.905s / 15.720s)
generated_audios/generated_H3_256C_pruned70/1089-134686-0019_generated.wav | RTF: 0.2408(3.346s / 13.895s) | Generator RTF: 0.2405(3.341s / 13.895s)
generated_audios/generated_H3_256C_pruned70/1089-134686-0020_generated.wav | RTF: 0.2615(4.391s / 16.790s) | Generator RTF: 0.2612(4.386s / 16.790s)
generated_audios/generated_H3_256C_pruned70/1089-134686-0021_generated.wav | RTF: 0.2333(1.528s / 6.550s) | Generator RTF: 0.2328(1.525s / 6.550s)
generated_audios/generated_H3_256C_pruned70/1089-134686-0022_generated.wav | RTF: 0.2655(2.967s / 11.175s) | Generator RTF: 0.2652(2.963s / 11.175s)
generated_audios/generated_H3_256C_pruned70/1089-134686-0023_generated.wav | RTF: 0.2650(3.518s / 13.275s) | Generator RTF: 0.2647(3.514s / 13.275s)
generated_audios/generated_H3_256C_pruned70/1089-134686-0024_generated.wav | RTF: 0.2642(3.080s / 11.655s) | Generator RTF: 0.2639(3.075s / 11.655s)
generated_audios/generated_H3_256C_pruned70/1089-134686-0025_generated.wav | RTF: 0.2345(1.550s / 6.610s) | Generator RTF: 0.2339(1.546s / 6.610s)
generated_audios/generated_H3_256C_pruned70/1089-134686-0026_generated.wav | RTF: 0.2301(0.923s / 4.010s) | Generator RTF: 0.2293(0.919s / 4.010s)
generated_audios/generated_H3_256C_pruned70/1089-134686-0027_generated.wav | RTF: 0.2369(0.642s / 2.710s) | Generator RTF: 0.2359(0.639s / 2.710s)
generated_audios/generated_H3_256C_pruned70/1089-134686-0028_generated.wav | RTF: 0.2400(1.879s / 7.830s) | Generator RTF: 0.2395(1.875s / 7.830s)
generated_audios/generated_H3_256C_pruned70/1089-134686-0029_generated.wav | RTF: 0.2327(1.087s / 4.670s) | Generator RTF: 0.2319(1.083s / 4.670s)
generated_audios/generated_H3_256C_pruned70/1089-134686-0030_generated.wav | RTF: 0.0406(0.110s / 2.715s) | Generator RTF: 0.0395(0.107s / 2.715s)
generated_audios/generated_H3_256C_pruned70/1089-134686-0031_generated.wav | RTF: 0.0457(0.302s / 6.615s) | Generator RTF: 0.0451(0.298s / 6.615s)
generated_audios/generated_H3_256C_pruned70/121-121726-0000_generated.wav | RTF: 0.2408(2.037s / 8.460s) | Generator RTF: 0.2403(2.033s / 8.460s)
generated_audios/generated_H3_256C_pruned70/121-121726-0001_generated.wav | RTF: 0.2316(1.372s / 5.925s) | Generator RTF: 0.2310(1.369s / 5.925s)
generated_audios/generated_H3_256C_pruned70/121-121726-0002_generated.wav | RTF: 0.0469(0.207s / 4.410s) | Generator RTF: 0.0461(0.203s / 4.410s)
generated_audios/generated_H3_256C_pruned70/121-121726-0003_generated.wav | RTF: 0.2372(1.602s / 6.755s) | Generator RTF: 0.2366(1.598s / 6.755s)
generated_audios/generated_H3_256C_pruned70/121-121726-0004_generated.wav | RTF: 0.2386(0.959s / 4.020s) | Generator RTF: 0.2379(0.956s / 4.020s)
generated_audios/generated_H3_256C_pruned70/121-121726-0005_generated.wav | RTF: 0.2310(0.716s / 3.100s) | Generator RTF: 0.2300(0.713s / 3.100s)
generated_audios/generated_H3_256C_pruned70/121-121726-0006_generated.wav | RTF: 0.2388(0.930s / 3.895s) | Generator RTF: 0.2379(0.927s / 3.895s)
generated_audios/generated_H3_256C_pruned70/121-121726-0007_generated.wav | RTF: 0.0492(0.331s / 6.730s) | Generator RTF: 0.0487(0.328s / 6.730s)
generated_audios/generated_H3_256C_pruned70/121-121726-0008_generated.wav | RTF: 0.2320(1.158s / 4.990s) | Generator RTF: 0.2313(1.154s / 4.990s)
generated_audios/generated_H3_256C_pruned70/121-121726-0009_generated.wav | RTF: 0.2364(1.716s / 7.260s) | Generator RTF: 0.2358(1.712s / 7.260s)
generated_audios/generated_H3_256C_pruned70/121-121726-0010_generated.wav | RTF: 0.2430(2.384s / 9.810s) | Generator RTF: 0.2426(2.380s / 9.810s)
generated_audios/generated_H3_256C_pruned70/121-121726-0011_generated.wav | RTF: 0.2372(0.957s / 4.035s) | Generator RTF: 0.2364(0.954s / 4.035s)
generated_audios/generated_H3_256C_pruned70/121-121726-0012_generated.wav | RTF: 0.2313(0.935s / 4.045s) | Generator RTF: 0.2304(0.932s / 4.045s)
generated_audios/generated_H3_256C_pruned70/121-121726-0013_generated.wav | RTF: 0.2438(0.607s / 2.490s) | Generator RTF: 0.2426(0.604s / 2.490s)
generated_audios/generated_H3_256C_pruned70/121-121726-0014_generated.wav | RTF: 0.2375(0.752s / 3.165s) | Generator RTF: 0.2369(0.750s / 3.165s)
generated_audios/generated_H3_256C_pruned70/121-123852-0000_generated.wav | RTF: 0.2656(4.700s / 17.695s) | Generator RTF: 0.2653(4.695s / 17.695s)
generated_audios/generated_H3_256C_pruned70/121-123852-0001_generated.wav | RTF: 0.2487(0.465s / 1.870s) | Generator RTF: 0.2470(0.462s / 1.870s)
generated_audios/generated_H3_256C_pruned70/121-123852-0002_generated.wav | RTF: 0.2425(4.192s / 17.285s) | Generator RTF: 0.2422(4.187s / 17.285s)
generated_audios/generated_H3_256C_pruned70/121-123852-0003_generated.wav | RTF: 0.2735(6.428s / 23.505s) | Generator RTF: 0.2732(6.422s / 23.505s)
generated_audios/generated_H3_256C_pruned70/121-123852-0004_generated.wav | RTF: 0.2611(4.254s / 16.290s) | Generator RTF: 0.2609(4.250s / 16.290s)
generated_audios/generated_H3_256C_pruned70/121-123859-0000_generated.wav | RTF: 0.2606(4.532s / 17.390s) | Generator RTF: 0.2603(4.527s / 17.390s)
generated_audios/generated_H3_256C_pruned70/121-123859-0001_generated.wav | RTF: 0.2804(7.120s / 25.395s) | Generator RTF: 0.2796(7.100s / 25.395s)
generated_audios/generated_H3_256C_pruned70/121-123859-0002_generated.wav | RTF: 0.2887(8.672s / 30.040s) | Generator RTF: 0.2884(8.665s / 30.040s)
generated_audios/generated_H3_256C_pruned70/121-123859-0003_generated.wav | RTF: 0.2386(2.583s / 10.825s) | Generator RTF: 0.2382(2.579s / 10.825s)
generated_audios/generated_H3_256C_pruned70/121-123859-0004_generated.wav | RTF: 0.2449(2.327s / 9.505s) | Generator RTF: 0.2444(2.323s / 9.505s)
generated_audios/generated_H3_256C_pruned70/121-127105-0000_generated.wav | RTF: 0.2412(2.382s / 9.875s) | Generator RTF: 0.2409(2.378s / 9.875s)
generated_audios/generated_H3_256C_pruned70/121-127105-0001_generated.wav | RTF: 0.2334(1.173s / 5.025s) | Generator RTF: 0.2327(1.170s / 5.025s)
generated_audios/generated_H3_256C_pruned70/121-127105-0002_generated.wav | RTF: 0.2344(1.757s / 7.495s) | Generator RTF: 0.2341(1.754s / 7.495s)
generated_audios/generated_H3_256C_pruned70/121-127105-0003_generated.wav | RTF: 0.2376(1.836s / 7.725s) | Generator RTF: 0.2371(1.832s / 7.725s)
generated_audios/generated_H3_256C_pruned70/121-127105-0004_generated.wav | RTF: 0.2467(0.521s / 2.110s) | Generator RTF: 0.2452(0.517s / 2.110s)
generated_audios/generated_H3_256C_pruned70/121-127105-0005_generated.wav | RTF: 0.2335(1.359s / 5.820s) | Generator RTF: 0.2329(1.356s / 5.820s)
generated_audios/generated_H3_256C_pruned70/121-127105-0006_generated.wav | RTF: 0.2349(1.110s / 4.725s) | Generator RTF: 0.2342(1.106s / 4.725s)
generated_audios/generated_H3_256C_pruned70/121-127105-0007_generated.wav | RTF: 0.2327(1.347s / 5.790s) | Generator RTF: 0.2321(1.344s / 5.790s)
generated_audios/generated_H3_256C_pruned70/121-127105-0008_generated.wav | RTF: 0.2308(0.637s / 2.760s) | Generator RTF: 0.2296(0.634s / 2.760s)
generated_audios/generated_H3_256C_pruned70/121-127105-0009_generated.wav | RTF: 0.2369(0.543s / 2.290s) | Generator RTF: 0.2355(0.539s / 2.290s)
generated_audios/generated_H3_256C_pruned70/121-127105-0010_generated.wav | RTF: 0.2370(0.676s / 2.850s) | Generator RTF: 0.2358(0.672s / 2.850s)
generated_audios/generated_H3_256C_pruned70/121-127105-0011_generated.wav | RTF: 0.2372(1.371s / 5.780s) | Generator RTF: 0.2366(1.368s / 5.780s)
generated_audios/generated_H3_256C_pruned70/121-127105-0012_generated.wav | RTF: 0.2358(1.139s / 4.830s) | Generator RTF: 0.2351(1.136s / 4.830s)
generated_audios/generated_H3_256C_pruned70/121-127105-0013_generated.wav | RTF: 0.2306(1.359s / 5.895s) | Generator RTF: 0.2299(1.355s / 5.895s)
generated_audios/generated_H3_256C_pruned70/121-127105-0014_generated.wav | RTF: 0.2404(0.542s / 2.255s) | Generator RTF: 0.2390(0.539s / 2.255s)
generated_audios/generated_H3_256C_pruned70/121-127105-0015_generated.wav | RTF: 0.2374(0.703s / 2.960s) | Generator RTF: 0.2363(0.700s / 2.960s)
generated_audios/generated_H3_256C_pruned70/121-127105-0016_generated.wav | RTF: 0.2332(0.473s / 2.030s) | Generator RTF: 0.2316(0.470s / 2.030s)
generated_audios/generated_H3_256C_pruned70/121-127105-0017_generated.wav | RTF: 0.2408(0.649s / 2.695s) | Generator RTF: 0.2396(0.646s / 2.695s)
generated_audios/generated_H3_256C_pruned70/121-127105-0018_generated.wav | RTF: 0.2377(0.659s / 2.770s) | Generator RTF: 0.2370(0.656s / 2.770s)
generated_audios/generated_H3_256C_pruned70/121-127105-0019_generated.wav | RTF: 0.2305(0.812s / 3.525s) | Generator RTF: 0.2296(0.809s / 3.525s)
generated_audios/generated_H3_256C_pruned70/121-127105-0020_generated.wav | RTF: 0.2606(3.741s / 14.355s) | Generator RTF: 0.2603(3.737s / 14.355s)
generated_audios/generated_H3_256C_pruned70/121-127105-0021_generated.wav | RTF: 0.2480(0.496s / 2.000s) | Generator RTF: 0.2465(0.493s / 2.000s)
generated_audios/generated_H3_256C_pruned70/121-127105-0022_generated.wav | RTF: 0.2350(1.193s / 5.075s) | Generator RTF: 0.2344(1.189s / 5.075s)
generated_audios/generated_H3_256C_pruned70/121-127105-0023_generated.wav | RTF: 0.2421(2.642s / 10.910s) | Generator RTF: 0.2417(2.637s / 10.910s)
generated_audios/generated_H3_256C_pruned70/121-127105-0024_generated.wav | RTF: 0.2661(3.845s / 14.450s) | Generator RTF: 0.2657(3.840s / 14.450s)
generated_audios/generated_H3_256C_pruned70/121-127105-0025_generated.wav | RTF: 0.2629(4.224s / 16.065s) | Generator RTF: 0.2626(4.219s / 16.065s)
generated_audios/generated_H3_256C_pruned70/121-127105-0026_generated.wav | RTF: 0.2375(1.788s / 7.530s) | Generator RTF: 0.2370(1.784s / 7.530s)
generated_audios/generated_H3_256C_pruned70/121-127105-0027_generated.wav | RTF: 0.2668(3.701s / 13.870s) | Generator RTF: 0.2665(3.697s / 13.870s)
generated_audios/generated_H3_256C_pruned70/121-127105-0028_generated.wav | RTF: 0.0501(0.338s / 6.750s) | Generator RTF: 0.0495(0.334s / 6.750s)
generated_audios/generated_H3_256C_pruned70/121-127105-0029_generated.wav | RTF: 0.2395(1.751s / 7.310s) | Generator RTF: 0.2390(1.747s / 7.310s)
generated_audios/generated_H3_256C_pruned70/121-127105-0030_generated.wav | RTF: 0.2491(0.542s / 2.175s) | Generator RTF: 0.2478(0.539s / 2.175s)
generated_audios/generated_H3_256C_pruned70/121-127105-0031_generated.wav | RTF: 0.2398(2.581s / 10.765s) | Generator RTF: 0.2394(2.577s / 10.765s)
generated_audios/generated_H3_256C_pruned70/121-127105-0032_generated.wav | RTF: 0.2331(0.739s / 3.170s) | Generator RTF: 0.2321(0.736s / 3.170s)
generated_audios/generated_H3_256C_pruned70/121-127105-0033_generated.wav | RTF: 0.2482(0.585s / 2.355s) | Generator RTF: 0.2469(0.581s / 2.355s)
generated_audios/generated_H3_256C_pruned70/121-127105-0034_generated.wav | RTF: 0.2393(1.773s / 7.410s) | Generator RTF: 0.2388(1.770s / 7.410s)
generated_audios/generated_H3_256C_pruned70/121-127105-0035_generated.wav | RTF: 0.2665(3.772s / 14.150s) | Generator RTF: 0.2662(3.767s / 14.150s)
generated_audios/generated_H3_256C_pruned70/121-127105-0036_generated.wav | RTF: 0.2326(0.965s / 4.150s) | Generator RTF: 0.2318(0.962s / 4.150s)
generated_audios/generated_H3_256C_pruned70/237-126133-0000_generated.wav | RTF: 0.2670(3.548s / 13.290s) | Generator RTF: 0.2666(3.543s / 13.290s)
generated_audios/generated_H3_256C_pruned70/237-126133-0001_generated.wav | RTF: 0.2414(2.888s / 11.965s) | Generator RTF: 0.2410(2.883s / 11.965s)
generated_audios/generated_H3_256C_pruned70/237-126133-0002_generated.wav | RTF: 0.2354(2.100s / 8.920s) | Generator RTF: 0.2350(2.096s / 8.920s)
generated_audios/generated_H3_256C_pruned70/237-126133-0003_generated.wav | RTF: 0.2347(1.539s / 6.560s) | Generator RTF: 0.2341(1.536s / 6.560s)
generated_audios/generated_H3_256C_pruned70/237-126133-0004_generated.wav | RTF: 0.2403(0.792s / 3.295s) | Generator RTF: 0.2394(0.789s / 3.295s)
generated_audios/generated_H3_256C_pruned70/237-126133-0005_generated.wav | RTF: 0.2393(1.558s / 6.510s) | Generator RTF: 0.2388(1.555s / 6.510s)
generated_audios/generated_H3_256C_pruned70/237-126133-0006_generated.wav | RTF: 0.2381(1.464s / 6.150s) | Generator RTF: 0.2376(1.461s / 6.150s)
generated_audios/generated_H3_256C_pruned70/237-126133-0007_generated.wav | RTF: 0.2351(2.041s / 8.680s) | Generator RTF: 0.2346(2.037s / 8.680s)
generated_audios/generated_H3_256C_pruned70/237-126133-0008_generated.wav | RTF: 0.2382(0.920s / 3.865s) | Generator RTF: 0.2374(0.917s / 3.865s)
generated_audios/generated_H3_256C_pruned70/237-126133-0009_generated.wav | RTF: 0.2365(0.939s / 3.970s) | Generator RTF: 0.2356(0.935s / 3.970s)
generated_audios/generated_H3_256C_pruned70/237-126133-0010_generated.wav | RTF: 0.2342(1.461s / 6.240s) | Generator RTF: 0.2336(1.458s / 6.240s)
generated_audios/generated_H3_256C_pruned70/237-126133-0011_generated.wav | RTF: 0.2344(1.573s / 6.710s) | Generator RTF: 0.2338(1.569s / 6.710s)
generated_audios/generated_H3_256C_pruned70/237-126133-0012_generated.wav | RTF: 0.2369(1.054s / 4.450s) | Generator RTF: 0.2361(1.051s / 4.450s)
generated_audios/generated_H3_256C_pruned70/237-126133-0013_generated.wav | RTF: 0.2384(1.625s / 6.815s) | Generator RTF: 0.2379(1.621s / 6.815s)
generated_audios/generated_H3_256C_pruned70/237-126133-0014_generated.wav | RTF: 0.2369(1.609s / 6.790s) | Generator RTF: 0.2364(1.605s / 6.790s)
generated_audios/generated_H3_256C_pruned70/237-126133-0015_generated.wav | RTF: 0.2360(2.204s / 9.340s) | Generator RTF: 0.2355(2.200s / 9.340s)
generated_audios/generated_H3_256C_pruned70/237-126133-0016_generated.wav | RTF: 0.2302(0.978s / 4.250s) | Generator RTF: 0.2294(0.975s / 4.250s)
generated_audios/generated_H3_256C_pruned70/237-126133-0017_generated.wav | RTF: 0.2335(1.450s / 6.210s) | Generator RTF: 0.2330(1.447s / 6.210s)
generated_audios/generated_H3_256C_pruned70/237-126133-0018_generated.wav | RTF: 0.2370(0.971s / 4.095s) | Generator RTF: 0.2362(0.967s / 4.095s)
generated_audios/generated_H3_256C_pruned70/237-126133-0019_generated.wav | RTF: 0.2346(1.670s / 7.120s) | Generator RTF: 0.2341(1.667s / 7.120s)
generated_audios/generated_H3_256C_pruned70/237-126133-0020_generated.wav | RTF: 0.2326(0.521s / 2.240s) | Generator RTF: 0.2312(0.518s / 2.240s)
generated_audios/generated_H3_256C_pruned70/237-126133-0021_generated.wav | RTF: 0.2319(1.012s / 4.365s) | Generator RTF: 0.2311(1.009s / 4.365s)
generated_audios/generated_H3_256C_pruned70/237-126133-0022_generated.wav | RTF: 0.2369(1.194s / 5.040s) | Generator RTF: 0.2362(1.191s / 5.040s)
generated_audios/generated_H3_256C_pruned70/237-126133-0023_generated.wav | RTF: 0.2408(1.607s / 6.675s) | Generator RTF: 0.2403(1.604s / 6.675s)
generated_audios/generated_H3_256C_pruned70/237-126133-0024_generated.wav | RTF: 0.2435(2.354s / 9.665s) | Generator RTF: 0.2431(2.350s / 9.665s)
generated_audios/generated_H3_256C_pruned70/237-126133-0025_generated.wav | RTF: 0.2390(0.897s / 3.755s) | Generator RTF: 0.2381(0.894s / 3.755s)
generated_audios/generated_H3_256C_pruned70/237-134493-0000_generated.wav | RTF: 0.2393(0.982s / 4.105s) | Generator RTF: 0.2385(0.979s / 4.105s)
generated_audios/generated_H3_256C_pruned70/237-134493-0001_generated.wav | RTF: 0.2381(1.757s / 7.380s) | Generator RTF: 0.2375(1.753s / 7.380s)
generated_audios/generated_H3_256C_pruned70/237-134493-0002_generated.wav | RTF: 0.2420(2.758s / 11.395s) | Generator RTF: 0.2417(2.754s / 11.395s)
generated_audios/generated_H3_256C_pruned70/237-134493-0003_generated.wav | RTF: 0.2686(3.428s / 12.765s) | Generator RTF: 0.2682(3.424s / 12.765s)
generated_audios/generated_H3_256C_pruned70/237-134493-0004_generated.wav | RTF: 0.2373(1.620s / 6.825s) | Generator RTF: 0.2368(1.616s / 6.825s)
generated_audios/generated_H3_256C_pruned70/237-134493-0005_generated.wav | RTF: 0.2395(2.621s / 10.945s) | Generator RTF: 0.2391(2.617s / 10.945s)
generated_audios/generated_H3_256C_pruned70/237-134493-0006_generated.wav | RTF: 0.2329(1.024s / 4.395s) | Generator RTF: 0.2321(1.020s / 4.395s)
generated_audios/generated_H3_256C_pruned70/237-134493-0007_generated.wav | RTF: 0.2489(0.506s / 2.035s) | Generator RTF: 0.2473(0.503s / 2.035s)
generated_audios/generated_H3_256C_pruned70/237-134493-0008_generated.wav | RTF: 0.2350(0.542s / 2.305s) | Generator RTF: 0.2337(0.539s / 2.305s)
generated_audios/generated_H3_256C_pruned70/237-134493-0009_generated.wav | RTF: 0.2436(0.725s / 2.975s) | Generator RTF: 0.2426(0.722s / 2.975s)
generated_audios/generated_H3_256C_pruned70/237-134493-0010_generated.wav | RTF: 0.2387(0.686s / 2.875s) | Generator RTF: 0.2376(0.683s / 2.875s)
generated_audios/generated_H3_256C_pruned70/237-134493-0011_generated.wav | RTF: 0.2405(1.211s / 5.035s) | Generator RTF: 0.2399(1.208s / 5.035s)
generated_audios/generated_H3_256C_pruned70/237-134493-0012_generated.wav | RTF: 0.2327(0.852s / 3.660s) | Generator RTF: 0.2318(0.849s / 3.660s)
generated_audios/generated_H3_256C_pruned70/237-134493-0013_generated.wav | RTF: 0.0488(0.200s / 4.090s) | Generator RTF: 0.0479(0.196s / 4.090s)
generated_audios/generated_H3_256C_pruned70/237-134493-0014_generated.wav | RTF: 0.2309(0.854s / 3.700s) | Generator RTF: 0.2301(0.851s / 3.700s)
generated_audios/generated_H3_256C_pruned70/237-134493-0015_generated.wav | RTF: 0.0511(0.335s / 6.550s) | Generator RTF: 0.0506(0.331s / 6.550s)
generated_audios/generated_H3_256C_pruned70/237-134493-0016_generated.wav | RTF: 0.2445(2.466s / 10.085s) | Generator RTF: 0.2441(2.461s / 10.085s)
generated_audios/generated_H3_256C_pruned70/237-134493-0017_generated.wav | RTF: 0.2430(2.212s / 9.105s) | Generator RTF: 0.2425(2.208s / 9.105s)
generated_audios/generated_H3_256C_pruned70/237-134493-0018_generated.wav | RTF: 0.2406(1.152s / 4.790s) | Generator RTF: 0.2399(1.149s / 4.790s)
generated_audios/generated_H3_256C_pruned70/237-134500-0000_generated.wav | RTF: 0.2392(1.466s / 6.130s) | Generator RTF: 0.2386(1.463s / 6.130s)
generated_audios/generated_H3_256C_pruned70/237-134500-0001_generated.wav | RTF: 0.2483(0.450s / 1.810s) | Generator RTF: 0.2466(0.446s / 1.810s)
generated_audios/generated_H3_256C_pruned70/237-134500-0002_generated.wav | RTF: 0.2381(1.207s / 5.070s) | Generator RTF: 0.2375(1.204s / 5.070s)
generated_audios/generated_H3_256C_pruned70/237-134500-0003_generated.wav | RTF: 0.0505(0.160s / 3.170s) | Generator RTF: 0.0494(0.157s / 3.170s)
generated_audios/generated_H3_256C_pruned70/237-134500-0004_generated.wav | RTF: 0.0521(0.116s / 2.225s) | Generator RTF: 0.0507(0.113s / 2.225s)
generated_audios/generated_H3_256C_pruned70/237-134500-0005_generated.wav | RTF: 0.2443(0.584s / 2.390s) | Generator RTF: 0.2432(0.581s / 2.390s)
generated_audios/generated_H3_256C_pruned70/237-134500-0006_generated.wav | RTF: 0.2314(0.978s / 4.225s) | Generator RTF: 0.2307(0.975s / 4.225s)
generated_audios/generated_H3_256C_pruned70/237-134500-0007_generated.wav | RTF: 0.0414(0.099s / 2.390s) | Generator RTF: 0.0402(0.096s / 2.390s)
generated_audios/generated_H3_256C_pruned70/237-134500-0008_generated.wav | RTF: 0.0482(0.181s / 3.760s) | Generator RTF: 0.0473(0.178s / 3.760s)
generated_audios/generated_H3_256C_pruned70/237-134500-0009_generated.wav | RTF: 0.0422(0.094s / 2.220s) | Generator RTF: 0.0408(0.090s / 2.220s)
generated_audios/generated_H3_256C_pruned70/237-134500-0010_generated.wav | RTF: 0.2405(0.961s / 3.995s) | Generator RTF: 0.2397(0.958s / 3.995s)
generated_audios/generated_H3_256C_pruned70/237-134500-0011_generated.wav | RTF: 0.2328(0.780s / 3.350s) | Generator RTF: 0.2318(0.777s / 3.350s)
generated_audios/generated_H3_256C_pruned70/237-134500-0012_generated.wav | RTF: 0.2414(2.640s / 10.935s) | Generator RTF: 0.2411(2.636s / 10.935s)
generated_audios/generated_H3_256C_pruned70/237-134500-0013_generated.wav | RTF: 0.0493(0.520s / 10.560s) | Generator RTF: 0.0489(0.516s / 10.560s)
generated_audios/generated_H3_256C_pruned70/237-134500-0014_generated.wav | RTF: 0.0498(0.212s / 4.250s) | Generator RTF: 0.0491(0.209s / 4.250s)
generated_audios/generated_H3_256C_pruned70/237-134500-0015_generated.wav | RTF: 0.2539(2.746s / 10.815s) | Generator RTF: 0.2535(2.742s / 10.815s)
generated_audios/generated_H3_256C_pruned70/237-134500-0016_generated.wav | RTF: 0.0492(0.156s / 3.160s) | Generator RTF: 0.0483(0.153s / 3.160s)
generated_audios/generated_H3_256C_pruned70/237-134500-0017_generated.wav | RTF: 0.0512(0.112s / 2.180s) | Generator RTF: 0.0499(0.109s / 2.180s)
generated_audios/generated_H3_256C_pruned70/237-134500-0018_generated.wav | RTF: 0.2715(3.487s / 12.845s) | Generator RTF: 0.2711(3.483s / 12.845s)
generated_audios/generated_H3_256C_pruned70/237-134500-0019_generated.wav | RTF: 0.2371(0.678s / 2.860s) | Generator RTF: 0.2360(0.675s / 2.860s)
generated_audios/generated_H3_256C_pruned70/237-134500-0020_generated.wav | RTF: 0.0416(0.091s / 2.180s) | Generator RTF: 0.0402(0.088s / 2.180s)
generated_audios/generated_H3_256C_pruned70/237-134500-0021_generated.wav | RTF: 0.2373(1.215s / 5.120s) | Generator RTF: 0.2366(1.211s / 5.120s)
generated_audios/generated_H3_256C_pruned70/237-134500-0022_generated.wav | RTF: 0.2366(1.222s / 5.165s) | Generator RTF: 0.2359(1.219s / 5.165s)
generated_audios/generated_H3_256C_pruned70/237-134500-0023_generated.wav | RTF: 0.2421(0.741s / 3.060s) | Generator RTF: 0.2410(0.738s / 3.060s)
generated_audios/generated_H3_256C_pruned70/237-134500-0024_generated.wav | RTF: 0.0485(0.214s / 4.410s) | Generator RTF: 0.0478(0.211s / 4.410s)
generated_audios/generated_H3_256C_pruned70/237-134500-0025_generated.wav | RTF: 0.2515(0.410s / 1.630s) | Generator RTF: 0.2497(0.407s / 1.630s)
generated_audios/generated_H3_256C_pruned70/237-134500-0026_generated.wav | RTF: 0.2424(0.739s / 3.050s) | Generator RTF: 0.2412(0.736s / 3.050s)
generated_audios/generated_H3_256C_pruned70/237-134500-0027_generated.wav | RTF: 0.2417(0.790s / 3.270s) | Generator RTF: 0.2407(0.787s / 3.270s)
generated_audios/generated_H3_256C_pruned70/237-134500-0028_generated.wav | RTF: 0.2425(1.097s / 4.525s) | Generator RTF: 0.2418(1.094s / 4.525s)
generated_audios/generated_H3_256C_pruned70/237-134500-0029_generated.wav | RTF: 0.2387(0.493s / 2.065s) | Generator RTF: 0.2373(0.490s / 2.065s)
generated_audios/generated_H3_256C_pruned70/237-134500-0030_generated.wav | RTF: 0.2422(0.673s / 2.780s) | Generator RTF: 0.2410(0.670s / 2.780s)
generated_audios/generated_H3_256C_pruned70/237-134500-0031_generated.wav | RTF: 0.2447(2.596s / 10.610s) | Generator RTF: 0.2444(2.593s / 10.610s)
generated_audios/generated_H3_256C_pruned70/237-134500-0032_generated.wav | RTF: 0.0500(0.251s / 5.025s) | Generator RTF: 0.0493(0.248s / 5.025s)
generated_audios/generated_H3_256C_pruned70/237-134500-0033_generated.wav | RTF: 0.2386(1.515s / 6.350s) | Generator RTF: 0.2381(1.512s / 6.350s)
generated_audios/generated_H3_256C_pruned70/237-134500-0034_generated.wav | RTF: 0.2428(0.747s / 3.075s) | Generator RTF: 0.2419(0.744s / 3.075s)
generated_audios/generated_H3_256C_pruned70/237-134500-0035_generated.wav | RTF: 0.2490(0.636s / 2.555s) | Generator RTF: 0.2478(0.633s / 2.555s)
generated_audios/generated_H3_256C_pruned70/237-134500-0036_generated.wav | RTF: 0.2465(1.627s / 6.600s) | Generator RTF: 0.2460(1.624s / 6.600s)
generated_audios/generated_H3_256C_pruned70/237-134500-0037_generated.wav | RTF: 0.2465(1.752s / 7.105s) | Generator RTF: 0.2460(1.748s / 7.105s)
generated_audios/generated_H3_256C_pruned70/237-134500-0038_generated.wav | RTF: 0.2473(0.602s / 2.435s) | Generator RTF: 0.2461(0.599s / 2.435s)
generated_audios/generated_H3_256C_pruned70/237-134500-0039_generated.wav | RTF: 0.2452(1.135s / 4.630s) | Generator RTF: 0.2446(1.132s / 4.630s)
generated_audios/generated_H3_256C_pruned70/237-134500-0040_generated.wav | RTF: 0.0467(0.188s / 4.030s) | Generator RTF: 0.0458(0.185s / 4.030s)
generated_audios/generated_H3_256C_pruned70/237-134500-0041_generated.wav | RTF: 0.0508(0.453s / 8.920s) | Generator RTF: 0.0503(0.449s / 8.920s)
generated_audios/generated_H3_256C_pruned70/237-134500-0042_generated.wav | RTF: 0.2486(0.640s / 2.575s) | Generator RTF: 0.2475(0.637s / 2.575s)
generated_audios/generated_H3_256C_pruned70/260-123286-0000_generated.wav | RTF: 0.2433(1.713s / 7.040s) | Generator RTF: 0.2428(1.709s / 7.040s)
generated_audios/generated_H3_256C_pruned70/260-123286-0001_generated.wav | RTF: 0.0456(0.140s / 3.070s) | Generator RTF: 0.0446(0.137s / 3.070s)
generated_audios/generated_H3_256C_pruned70/260-123286-0002_generated.wav | RTF: 0.2548(2.544s / 9.985s) | Generator RTF: 0.2544(2.540s / 9.985s)
generated_audios/generated_H3_256C_pruned70/260-123286-0003_generated.wav | RTF: 0.2478(1.826s / 7.370s) | Generator RTF: 0.2473(1.823s / 7.370s)
generated_audios/generated_H3_256C_pruned70/260-123286-0004_generated.wav | RTF: 0.2485(0.861s / 3.465s) | Generator RTF: 0.2476(0.858s / 3.465s)
generated_audios/generated_H3_256C_pruned70/260-123286-0005_generated.wav | RTF: 0.2420(1.164s / 4.810s) | Generator RTF: 0.2413(1.161s / 4.810s)
generated_audios/generated_H3_256C_pruned70/260-123286-0006_generated.wav | RTF: 0.2561(1.896s / 7.405s) | Generator RTF: 0.2556(1.893s / 7.405s)
generated_audios/generated_H3_256C_pruned70/260-123286-0007_generated.wav | RTF: 0.2494(1.135s / 4.550s) | Generator RTF: 0.2487(1.132s / 4.550s)
generated_audios/generated_H3_256C_pruned70/260-123286-0008_generated.wav | RTF: 0.2451(0.915s / 3.735s) | Generator RTF: 0.2442(0.912s / 3.735s)
generated_audios/generated_H3_256C_pruned70/260-123286-0009_generated.wav | RTF: 0.2516(1.458s / 5.795s) | Generator RTF: 0.2510(1.455s / 5.795s)
generated_audios/generated_H3_256C_pruned70/260-123286-0010_generated.wav | RTF: 0.0483(0.124s / 2.575s) | Generator RTF: 0.0473(0.122s / 2.575s)
generated_audios/generated_H3_256C_pruned70/260-123286-0011_generated.wav | RTF: 0.0502(0.213s / 4.255s) | Generator RTF: 0.0494(0.210s / 4.255s)
generated_audios/generated_H3_256C_pruned70/260-123286-0012_generated.wav | RTF: 0.0491(0.119s / 2.430s) | Generator RTF: 0.0479(0.116s / 2.430s)
generated_audios/generated_H3_256C_pruned70/260-123286-0013_generated.wav | RTF: 0.2473(1.170s / 4.730s) | Generator RTF: 0.2466(1.166s / 4.730s)
generated_audios/generated_H3_256C_pruned70/260-123286-0014_generated.wav | RTF: 0.0518(0.154s / 2.980s) | Generator RTF: 0.0507(0.151s / 2.980s)
generated_audios/generated_H3_256C_pruned70/260-123286-0015_generated.wav | RTF: 0.2471(1.287s / 5.210s) | Generator RTF: 0.2464(1.284s / 5.210s)
generated_audios/generated_H3_256C_pruned70/260-123286-0016_generated.wav | RTF: 0.2500(1.750s / 7.000s) | Generator RTF: 0.2495(1.747s / 7.000s)
generated_audios/generated_H3_256C_pruned70/260-123286-0017_generated.wav | RTF: 0.2416(0.960s / 3.975s) | Generator RTF: 0.2408(0.957s / 3.975s)
generated_audios/generated_H3_256C_pruned70/260-123286-0018_generated.wav | RTF: 0.2495(1.414s / 5.670s) | Generator RTF: 0.2488(1.411s / 5.670s)
generated_audios/generated_H3_256C_pruned70/260-123286-0019_generated.wav | RTF: 0.2774(3.302s / 11.905s) | Generator RTF: 0.2770(3.298s / 11.905s)
generated_audios/generated_H3_256C_pruned70/260-123286-0020_generated.wav | RTF: 0.0486(0.149s / 3.060s) | Generator RTF: 0.0477(0.146s / 3.060s)
generated_audios/generated_H3_256C_pruned70/260-123286-0021_generated.wav | RTF: 0.2453(0.625s / 2.550s) | Generator RTF: 0.2440(0.622s / 2.550s)
generated_audios/generated_H3_256C_pruned70/260-123286-0022_generated.wav | RTF: 0.2507(0.811s / 3.235s) | Generator RTF: 0.2497(0.808s / 3.235s)
generated_audios/generated_H3_256C_pruned70/260-123286-0023_generated.wav | RTF: 0.2520(1.480s / 5.875s) | Generator RTF: 0.2514(1.477s / 5.875s)
generated_audios/generated_H3_256C_pruned70/260-123286-0024_generated.wav | RTF: 0.2494(0.758s / 3.040s) | Generator RTF: 0.2483(0.755s / 3.040s)
generated_audios/generated_H3_256C_pruned70/260-123286-0025_generated.wav | RTF: 0.2557(2.354s / 9.205s) | Generator RTF: 0.2553(2.350s / 9.205s)
generated_audios/generated_H3_256C_pruned70/260-123286-0026_generated.wav | RTF: 0.2545(1.766s / 6.940s) | Generator RTF: 0.2539(1.762s / 6.940s)
generated_audios/generated_H3_256C_pruned70/260-123286-0027_generated.wav | RTF: 0.2559(1.835s / 7.170s) | Generator RTF: 0.2554(1.832s / 7.170s)
generated_audios/generated_H3_256C_pruned70/260-123286-0028_generated.wav | RTF: 0.2542(1.897s / 7.465s) | Generator RTF: 0.2537(1.894s / 7.465s)
generated_audios/generated_H3_256C_pruned70/260-123286-0029_generated.wav | RTF: 0.0487(0.221s / 4.545s) | Generator RTF: 0.0480(0.218s / 4.545s)
generated_audios/generated_H3_256C_pruned70/260-123286-0030_generated.wav | RTF: 0.0468(0.352s / 7.530s) | Generator RTF: 0.0463(0.349s / 7.530s)
generated_audios/generated_H3_256C_pruned70/260-123286-0031_generated.wav | RTF: 0.2537(1.284s / 5.060s) | Generator RTF: 0.2530(1.280s / 5.060s)
generated_audios/generated_H3_256C_pruned70/260-123288-0000_generated.wav | RTF: 0.0416(0.126s / 3.040s) | Generator RTF: 0.0405(0.123s / 3.040s)
generated_audios/generated_H3_256C_pruned70/260-123288-0001_generated.wav | RTF: 0.0502(0.255s / 5.080s) | Generator RTF: 0.0495(0.251s / 5.080s)
generated_audios/generated_H3_256C_pruned70/260-123288-0002_generated.wav | RTF: 0.2576(1.868s / 7.250s) | Generator RTF: 0.2571(1.864s / 7.250s)
generated_audios/generated_H3_256C_pruned70/260-123288-0003_generated.wav | RTF: 0.2627(2.339s / 8.905s) | Generator RTF: 0.2623(2.336s / 8.905s)
generated_audios/generated_H3_256C_pruned70/260-123288-0004_generated.wav | RTF: 0.2616(1.128s / 4.310s) | Generator RTF: 0.2608(1.124s / 4.310s)
generated_audios/generated_H3_256C_pruned70/260-123288-0005_generated.wav | RTF: 0.2869(3.601s / 12.550s) | Generator RTF: 0.2866(3.597s / 12.550s)
generated_audios/generated_H3_256C_pruned70/260-123288-0006_generated.wav | RTF: 0.2570(1.254s / 4.880s) | Generator RTF: 0.2563(1.251s / 4.880s)
generated_audios/generated_H3_256C_pruned70/260-123288-0007_generated.wav | RTF: 0.2699(3.023s / 11.200s) | Generator RTF: 0.2696(3.019s / 11.200s)
generated_audios/generated_H3_256C_pruned70/260-123288-0008_generated.wav | RTF: 0.2616(1.443s / 5.515s) | Generator RTF: 0.2610(1.439s / 5.515s)
generated_audios/generated_H3_256C_pruned70/260-123288-0009_generated.wav | RTF: 0.2593(0.891s / 3.435s) | Generator RTF: 0.2585(0.888s / 3.435s)
generated_audios/generated_H3_256C_pruned70/260-123288-0010_generated.wav | RTF: 0.0534(0.533s / 9.995s) | Generator RTF: 0.0530(0.530s / 9.995s)
generated_audios/generated_H3_256C_pruned70/260-123288-0011_generated.wav | RTF: 0.2585(2.321s / 8.980s) | Generator RTF: 0.2581(2.317s / 8.980s)
generated_audios/generated_H3_256C_pruned70/260-123288-0012_generated.wav | RTF: 0.2571(0.911s / 3.545s) | Generator RTF: 0.2562(0.908s / 3.545s)
generated_audios/generated_H3_256C_pruned70/260-123288-0013_generated.wav | RTF: 0.2611(2.973s / 11.385s) | Generator RTF: 0.2608(2.969s / 11.385s)
generated_audios/generated_H3_256C_pruned70/260-123288-0014_generated.wav | RTF: 0.0565(0.102s / 1.805s) | Generator RTF: 0.0549(0.099s / 1.805s)
generated_audios/generated_H3_256C_pruned70/260-123288-0015_generated.wav | RTF: 0.2786(5.903s / 21.185s) | Generator RTF: 0.2784(5.897s / 21.185s)
generated_audios/generated_H3_256C_pruned70/260-123288-0016_generated.wav | RTF: 0.2600(1.265s / 4.865s) | Generator RTF: 0.2594(1.262s / 4.865s)
generated_audios/generated_H3_256C_pruned70/260-123288-0017_generated.wav | RTF: 0.2553(1.334s / 5.225s) | Generator RTF: 0.2546(1.330s / 5.225s)
generated_audios/generated_H3_256C_pruned70/260-123288-0018_generated.wav | RTF: 0.2516(0.816s / 3.245s) | Generator RTF: 0.2505(0.813s / 3.245s)
generated_audios/generated_H3_256C_pruned70/260-123288-0019_generated.wav | RTF: 0.0499(0.147s / 2.955s) | Generator RTF: 0.0489(0.144s / 2.955s)
generated_audios/generated_H3_256C_pruned70/260-123288-0020_generated.wav | RTF: 0.2511(0.728s / 2.900s) | Generator RTF: 0.2501(0.725s / 2.900s)
generated_audios/generated_H3_256C_pruned70/260-123288-0021_generated.wav | RTF: 0.0496(0.134s / 2.710s) | Generator RTF: 0.0485(0.131s / 2.710s)
generated_audios/generated_H3_256C_pruned70/260-123288-0022_generated.wav | RTF: 0.2614(0.968s / 3.705s) | Generator RTF: 0.2605(0.965s / 3.705s)
generated_audios/generated_H3_256C_pruned70/260-123288-0023_generated.wav | RTF: 0.0509(0.121s / 2.385s) | Generator RTF: 0.0497(0.118s / 2.385s)
generated_audios/generated_H3_256C_pruned70/260-123288-0024_generated.wav | RTF: 0.2849(4.158s / 14.595s) | Generator RTF: 0.2846(4.154s / 14.595s)
generated_audios/generated_H3_256C_pruned70/260-123288-0025_generated.wav | RTF: 0.2866(3.854s / 13.445s) | Generator RTF: 0.2863(3.849s / 13.445s)
generated_audios/generated_H3_256C_pruned70/260-123288-0026_generated.wav | RTF: 0.2874(4.610s / 16.040s) | Generator RTF: 0.2871(4.606s / 16.040s)
generated_audios/generated_H3_256C_pruned70/260-123288-0027_generated.wav | RTF: 0.2567(1.618s / 6.305s) | Generator RTF: 0.2560(1.614s / 6.305s)
generated_audios/generated_H3_256C_pruned70/260-123288-0028_generated.wav | RTF: 0.2630(0.686s / 2.610s) | Generator RTF: 0.2618(0.683s / 2.610s)
generated_audios/generated_H3_256C_pruned70/260-123440-0000_generated.wav | RTF: 0.2559(0.554s / 2.165s) | Generator RTF: 0.2545(0.551s / 2.165s)
generated_audios/generated_H3_256C_pruned70/260-123440-0001_generated.wav | RTF: 0.2726(0.474s / 1.740s) | Generator RTF: 0.2709(0.471s / 1.740s)
generated_audios/generated_H3_256C_pruned70/260-123440-0002_generated.wav | RTF: 0.2889(4.251s / 14.715s) | Generator RTF: 0.2886(4.247s / 14.715s)
generated_audios/generated_H3_256C_pruned70/260-123440-0003_generated.wav | RTF: 0.2653(0.951s / 3.585s) | Generator RTF: 0.2644(0.948s / 3.585s)
generated_audios/generated_H3_256C_pruned70/260-123440-0004_generated.wav | RTF: 0.2874(3.454s / 12.020s) | Generator RTF: 0.2870(3.450s / 12.020s)
generated_audios/generated_H3_256C_pruned70/260-123440-0005_generated.wav | RTF: 0.0516(0.160s / 3.105s) | Generator RTF: 0.0505(0.157s / 3.105s)
generated_audios/generated_H3_256C_pruned70/260-123440-0006_generated.wav | RTF: 0.0490(0.133s / 2.715s) | Generator RTF: 0.0478(0.130s / 2.715s)
generated_audios/generated_H3_256C_pruned70/260-123440-0007_generated.wav | RTF: 0.2558(0.866s / 3.385s) | Generator RTF: 0.2548(0.863s / 3.385s)
generated_audios/generated_H3_256C_pruned70/260-123440-0008_generated.wav | RTF: 0.2659(0.996s / 3.745s) | Generator RTF: 0.2650(0.992s / 3.745s)
generated_audios/generated_H3_256C_pruned70/260-123440-0009_generated.wav | RTF: 0.2628(0.819s / 3.115s) | Generator RTF: 0.2618(0.815s / 3.115s)
generated_audios/generated_H3_256C_pruned70/260-123440-0010_generated.wav | RTF: 0.2660(2.212s / 8.315s) | Generator RTF: 0.2656(2.209s / 8.315s)
generated_audios/generated_H3_256C_pruned70/260-123440-0011_generated.wav | RTF: 0.0491(0.239s / 4.870s) | Generator RTF: 0.0484(0.236s / 4.870s)
generated_audios/generated_H3_256C_pruned70/260-123440-0012_generated.wav | RTF: 0.2646(1.388s / 5.245s) | Generator RTF: 0.2639(1.384s / 5.245s)
generated_audios/generated_H3_256C_pruned70/260-123440-0013_generated.wav | RTF: 0.2633(0.915s / 3.475s) | Generator RTF: 0.2624(0.912s / 3.475s)
generated_audios/generated_H3_256C_pruned70/260-123440-0014_generated.wav | RTF: 0.2624(1.001s / 3.815s) | Generator RTF: 0.2615(0.998s / 3.815s)
generated_audios/generated_H3_256C_pruned70/260-123440-0015_generated.wav | RTF: 0.0509(0.315s / 6.200s) | Generator RTF: 0.0503(0.312s / 6.200s)
generated_audios/generated_H3_256C_pruned70/260-123440-0016_generated.wav | RTF: 0.2645(1.295s / 4.895s) | Generator RTF: 0.2639(1.292s / 4.895s)
generated_audios/generated_H3_256C_pruned70/260-123440-0017_generated.wav | RTF: 0.0548(0.168s / 3.070s) | Generator RTF: 0.0539(0.165s / 3.070s)
generated_audios/generated_H3_256C_pruned70/260-123440-0018_generated.wav | RTF: 0.2638(0.960s / 3.640s) | Generator RTF: 0.2628(0.957s / 3.640s)
generated_audios/generated_H3_256C_pruned70/260-123440-0019_generated.wav | RTF: 0.2627(1.742s / 6.630s) | Generator RTF: 0.2621(1.738s / 6.630s)
generated_audios/generated_H3_256C_pruned70/260-123440-0020_generated.wav | RTF: 0.2638(1.318s / 4.995s) | Generator RTF: 0.2632(1.314s / 4.995s)
generated_audios/generated_H3_256C_pruned70/61-70968-0000_generated.wav | RTF: 0.2654(1.302s / 4.905s) | Generator RTF: 0.2647(1.298s / 4.905s)
generated_audios/generated_H3_256C_pruned70/61-70968-0001_generated.wav | RTF: 0.2625(0.948s / 3.610s) | Generator RTF: 0.2616(0.944s / 3.610s)
generated_audios/generated_H3_256C_pruned70/61-70968-0002_generated.wav | RTF: 0.2573(0.764s / 2.970s) | Generator RTF: 0.2563(0.761s / 2.970s)
generated_audios/generated_H3_256C_pruned70/61-70968-0003_generated.wav | RTF: 0.0487(0.210s / 4.315s) | Generator RTF: 0.0479(0.207s / 4.315s)
generated_audios/generated_H3_256C_pruned70/61-70968-0004_generated.wav | RTF: 0.2654(1.031s / 3.885s) | Generator RTF: 0.2645(1.028s / 3.885s)
generated_audios/generated_H3_256C_pruned70/61-70968-0005_generated.wav | RTF: 0.0497(0.252s / 5.070s) | Generator RTF: 0.0490(0.249s / 5.070s)
generated_audios/generated_H3_256C_pruned70/61-70968-0006_generated.wav | RTF: 0.2569(0.754s / 2.935s) | Generator RTF: 0.2559(0.751s / 2.935s)
generated_audios/generated_H3_256C_pruned70/61-70968-0007_generated.wav | RTF: 0.0497(0.176s / 3.550s) | Generator RTF: 0.0488(0.173s / 3.550s)
generated_audios/generated_H3_256C_pruned70/61-70968-0008_generated.wav | RTF: 0.0502(0.177s / 3.535s) | Generator RTF: 0.0493(0.174s / 3.535s)
generated_audios/generated_H3_256C_pruned70/61-70968-0009_generated.wav | RTF: 0.2611(1.178s / 4.510s) | Generator RTF: 0.2604(1.174s / 4.510s)
generated_audios/generated_H3_256C_pruned70/61-70968-0010_generated.wav | RTF: 0.2657(2.204s / 8.295s) | Generator RTF: 0.2652(2.200s / 8.295s)
generated_audios/generated_H3_256C_pruned70/61-70968-0011_generated.wav | RTF: 0.2628(1.676s / 6.375s) | Generator RTF: 0.2622(1.672s / 6.375s)
generated_audios/generated_H3_256C_pruned70/61-70968-0012_generated.wav | RTF: 0.0509(0.133s / 2.610s) | Generator RTF: 0.0497(0.130s / 2.610s)
generated_audios/generated_H3_256C_pruned70/61-70968-0013_generated.wav | RTF: 0.0512(0.228s / 4.450s) | Generator RTF: 0.0505(0.225s / 4.450s)
generated_audios/generated_H3_256C_pruned70/61-70968-0014_generated.wav | RTF: 0.2672(2.000s / 7.485s) | Generator RTF: 0.2667(1.996s / 7.485s)
generated_audios/generated_H3_256C_pruned70/61-70968-0015_generated.wav | RTF: 0.2624(1.410s / 5.375s) | Generator RTF: 0.2618(1.407s / 5.375s)
generated_audios/generated_H3_256C_pruned70/61-70968-0016_generated.wav | RTF: 0.2665(0.992s / 3.720s) | Generator RTF: 0.2657(0.988s / 3.720s)
generated_audios/generated_H3_256C_pruned70/61-70968-0017_generated.wav | RTF: 0.2713(1.386s / 5.110s) | Generator RTF: 0.2706(1.383s / 5.110s)
generated_audios/generated_H3_256C_pruned70/61-70968-0018_generated.wav | RTF: 0.2638(0.635s / 2.405s) | Generator RTF: 0.2626(0.631s / 2.405s)
generated_audios/generated_H3_256C_pruned70/61-70968-0019_generated.wav | RTF: 0.2641(1.446s / 5.475s) | Generator RTF: 0.2635(1.443s / 5.475s)
generated_audios/generated_H3_256C_pruned70/61-70968-0020_generated.wav | RTF: 0.2719(1.388s / 5.105s) | Generator RTF: 0.2712(1.385s / 5.105s)
generated_audios/generated_H3_256C_pruned70/61-70968-0021_generated.wav | RTF: 0.2599(0.699s / 2.690s) | Generator RTF: 0.2587(0.696s / 2.690s)
generated_audios/generated_H3_256C_pruned70/61-70968-0022_generated.wav | RTF: 0.0513(0.240s / 4.670s) | Generator RTF: 0.0506(0.236s / 4.670s)
generated_audios/generated_H3_256C_pruned70/61-70968-0023_generated.wav | RTF: 0.0504(0.253s / 5.025s) | Generator RTF: 0.0498(0.250s / 5.025s)
generated_audios/generated_H3_256C_pruned70/61-70968-0024_generated.wav | RTF: 0.2687(1.619s / 6.025s) | Generator RTF: 0.2682(1.616s / 6.025s)
generated_audios/generated_H3_256C_pruned70/61-70968-0025_generated.wav | RTF: 0.0480(0.212s / 4.410s) | Generator RTF: 0.0472(0.208s / 4.410s)
generated_audios/generated_H3_256C_pruned70/61-70968-0026_generated.wav | RTF: 0.2629(1.294s / 4.920s) | Generator RTF: 0.2623(1.290s / 4.920s)
generated_audios/generated_H3_256C_pruned70/61-70968-0027_generated.wav | RTF: 0.2677(1.839s / 6.870s) | Generator RTF: 0.2671(1.835s / 6.870s)
generated_audios/generated_H3_256C_pruned70/61-70968-0028_generated.wav | RTF: 0.2672(1.431s / 5.355s) | Generator RTF: 0.2665(1.427s / 5.355s)
generated_audios/generated_H3_256C_pruned70/61-70968-0029_generated.wav | RTF: 0.2719(0.950s / 3.495s) | Generator RTF: 0.2710(0.947s / 3.495s)
generated_audios/generated_H3_256C_pruned70/61-70968-0030_generated.wav | RTF: 0.2640(1.501s / 5.685s) | Generator RTF: 0.2634(1.497s / 5.685s)
generated_audios/generated_H3_256C_pruned70/61-70968-0031_generated.wav | RTF: 0.2676(0.783s / 2.925s) | Generator RTF: 0.2666(0.780s / 2.925s)
generated_audios/generated_H3_256C_pruned70/61-70968-0032_generated.wav | RTF: 0.0511(0.219s / 4.280s) | Generator RTF: 0.0503(0.215s / 4.280s)
generated_audios/generated_H3_256C_pruned70/61-70968-0033_generated.wav | RTF: 0.0445(0.253s / 5.685s) | Generator RTF: 0.0439(0.249s / 5.685s)
generated_audios/generated_H3_256C_pruned70/61-70968-0034_generated.wav | RTF: 0.2674(1.131s / 4.230s) | Generator RTF: 0.2666(1.128s / 4.230s)
generated_audios/generated_H3_256C_pruned70/61-70968-0035_generated.wav | RTF: 0.2701(2.147s / 7.950s) | Generator RTF: 0.2696(2.143s / 7.950s)
generated_audios/generated_H3_256C_pruned70/61-70968-0036_generated.wav | RTF: 0.0497(0.146s / 2.935s) | Generator RTF: 0.0486(0.143s / 2.935s)
generated_audios/generated_H3_256C_pruned70/61-70968-0037_generated.wav | RTF: 0.0499(0.215s / 4.315s) | Generator RTF: 0.0491(0.212s / 4.315s)
generated_audios/generated_H3_256C_pruned70/61-70968-0038_generated.wav | RTF: 0.2755(0.565s / 2.050s) | Generator RTF: 0.2747(0.563s / 2.050s)
generated_audios/generated_H3_256C_pruned70/61-70968-0039_generated.wav | RTF: 0.2605(0.991s / 3.805s) | Generator RTF: 0.2596(0.988s / 3.805s)
generated_audios/generated_H3_256C_pruned70/61-70968-0040_generated.wav | RTF: 0.2650(1.047s / 3.950s) | Generator RTF: 0.2642(1.044s / 3.950s)
generated_audios/generated_H3_256C_pruned70/61-70968-0041_generated.wav | RTF: 0.0500(0.341s / 6.825s) | Generator RTF: 0.0494(0.337s / 6.825s)
generated_audios/generated_H3_256C_pruned70/61-70968-0042_generated.wav | RTF: 0.0509(0.142s / 2.785s) | Generator RTF: 0.0497(0.138s / 2.785s)
generated_audios/generated_H3_256C_pruned70/61-70968-0043_generated.wav | RTF: 0.2692(1.813s / 6.735s) | Generator RTF: 0.2687(1.810s / 6.735s)
generated_audios/generated_H3_256C_pruned70/61-70968-0044_generated.wav | RTF: 0.0502(0.139s / 2.770s) | Generator RTF: 0.0491(0.136s / 2.770s)
generated_audios/generated_H3_256C_pruned70/61-70968-0045_generated.wav | RTF: 0.0481(0.167s / 3.475s) | Generator RTF: 0.0472(0.164s / 3.475s)
generated_audios/generated_H3_256C_pruned70/61-70968-0046_generated.wav | RTF: 0.0476(0.169s / 3.550s) | Generator RTF: 0.0467(0.166s / 3.550s)
generated_audios/generated_H3_256C_pruned70/61-70968-0047_generated.wav | RTF: 0.2596(1.239s / 4.775s) | Generator RTF: 0.2589(1.236s / 4.775s)
generated_audios/generated_H3_256C_pruned70/61-70968-0048_generated.wav | RTF: 0.2666(0.805s / 3.020s) | Generator RTF: 0.2656(0.802s / 3.020s)
generated_audios/generated_H3_256C_pruned70/61-70968-0049_generated.wav | RTF: 0.2730(2.252s / 8.250s) | Generator RTF: 0.2725(2.248s / 8.250s)
generated_audios/generated_H3_256C_pruned70/61-70968-0050_generated.wav | RTF: 0.2610(1.456s / 5.580s) | Generator RTF: 0.2604(1.453s / 5.580s)
generated_audios/generated_H3_256C_pruned70/61-70968-0051_generated.wav | RTF: 0.2660(0.834s / 3.135s) | Generator RTF: 0.2649(0.830s / 3.135s)
generated_audios/generated_H3_256C_pruned70/61-70968-0052_generated.wav | RTF: 0.2498(0.662s / 2.650s) | Generator RTF: 0.2487(0.659s / 2.650s)
generated_audios/generated_H3_256C_pruned70/61-70968-0053_generated.wav | RTF: 0.0497(0.210s / 4.220s) | Generator RTF: 0.0488(0.206s / 4.220s)
generated_audios/generated_H3_256C_pruned70/61-70968-0054_generated.wav | RTF: 0.2611(2.052s / 7.860s) | Generator RTF: 0.2606(2.048s / 7.860s)
generated_audios/generated_H3_256C_pruned70/61-70968-0055_generated.wav | RTF: 0.0472(0.187s / 3.965s) | Generator RTF: 0.0464(0.184s / 3.965s)
generated_audios/generated_H3_256C_pruned70/61-70968-0056_generated.wav | RTF: 0.2595(0.925s / 3.565s) | Generator RTF: 0.2586(0.922s / 3.565s)
generated_audios/generated_H3_256C_pruned70/61-70968-0057_generated.wav | RTF: 0.0472(0.239s / 5.065s) | Generator RTF: 0.0465(0.235s / 5.065s)
generated_audios/generated_H3_256C_pruned70/61-70968-0058_generated.wav | RTF: 0.2502(0.455s / 1.820s) | Generator RTF: 0.2486(0.452s / 1.820s)
generated_audios/generated_H3_256C_pruned70/61-70968-0059_generated.wav | RTF: 0.0513(0.111s / 2.170s) | Generator RTF: 0.0505(0.109s / 2.170s)
generated_audios/generated_H3_256C_pruned70/61-70968-0060_generated.wav | RTF: 0.0476(0.178s / 3.735s) | Generator RTF: 0.0471(0.176s / 3.735s)
generated_audios/generated_H3_256C_pruned70/61-70968-0061_generated.wav | RTF: 0.2656(1.469s / 5.530s) | Generator RTF: 0.2649(1.465s / 5.530s)
generated_audios/generated_H3_256C_pruned70/61-70968-0062_generated.wav | RTF: 0.0500(0.128s / 2.555s) | Generator RTF: 0.0487(0.125s / 2.555s)
generated_audios/generated_H3_256C_pruned70/61-70970-0000_generated.wav | RTF: 0.2645(1.607s / 6.075s) | Generator RTF: 0.2639(1.603s / 6.075s)
generated_audios/generated_H3_256C_pruned70/61-70970-0001_generated.wav | RTF: 0.2693(1.657s / 6.155s) | Generator RTF: 0.2687(1.654s / 6.155s)
generated_audios/generated_H3_256C_pruned70/61-70970-0002_generated.wav | RTF: 0.2727(1.136s / 4.165s) | Generator RTF: 0.2718(1.132s / 4.165s)
generated_audios/generated_H3_256C_pruned70/61-70970-0003_generated.wav | RTF: 0.2633(1.010s / 3.835s) | Generator RTF: 0.2628(1.008s / 3.835s)
generated_audios/generated_H3_256C_pruned70/61-70970-0004_generated.wav | RTF: 0.2713(2.852s / 10.515s) | Generator RTF: 0.2709(2.848s / 10.515s)
generated_audios/generated_H3_256C_pruned70/61-70970-0005_generated.wav | RTF: 0.2833(0.572s / 2.020s) | Generator RTF: 0.2817(0.569s / 2.020s)
generated_audios/generated_H3_256C_pruned70/61-70970-0006_generated.wav | RTF: 0.2771(0.647s / 2.335s) | Generator RTF: 0.2758(0.644s / 2.335s)
generated_audios/generated_H3_256C_pruned70/61-70970-0007_generated.wav | RTF: 0.2762(1.239s / 4.485s) | Generator RTF: 0.2755(1.235s / 4.485s)
generated_audios/generated_H3_256C_pruned70/61-70970-0008_generated.wav | RTF: 0.2936(0.631s / 2.150s) | Generator RTF: 0.2921(0.628s / 2.150s)
generated_audios/generated_H3_256C_pruned70/61-70970-0009_generated.wav | RTF: 0.2753(0.938s / 3.405s) | Generator RTF: 0.2744(0.934s / 3.405s)
generated_audios/generated_H3_256C_pruned70/61-70970-0010_generated.wav | RTF: 0.0487(0.148s / 3.045s) | Generator RTF: 0.0476(0.145s / 3.045s)
generated_audios/generated_H3_256C_pruned70/61-70970-0011_generated.wav | RTF: 0.0457(0.278s / 6.075s) | Generator RTF: 0.0451(0.274s / 6.075s)
generated_audios/generated_H3_256C_pruned70/61-70970-0012_generated.wav | RTF: 0.0482(0.151s / 3.135s) | Generator RTF: 0.0472(0.148s / 3.135s)
generated_audios/generated_H3_256C_pruned70/61-70970-0013_generated.wav | RTF: 0.2768(1.204s / 4.350s) | Generator RTF: 0.2760(1.201s / 4.350s)
generated_audios/generated_H3_256C_pruned70/61-70970-0014_generated.wav | RTF: 0.0394(0.134s / 3.405s) | Generator RTF: 0.0384(0.131s / 3.405s)
generated_audios/generated_H3_256C_pruned70/61-70970-0015_generated.wav | RTF: 0.2729(2.296s / 8.415s) | Generator RTF: 0.2724(2.293s / 8.415s)
generated_audios/generated_H3_256C_pruned70/61-70970-0016_generated.wav | RTF: 0.2678(1.170s / 4.370s) | Generator RTF: 0.2670(1.167s / 4.370s)
generated_audios/generated_H3_256C_pruned70/61-70970-0017_generated.wav | RTF: 0.0495(0.126s / 2.550s) | Generator RTF: 0.0484(0.123s / 2.550s)
generated_audios/generated_H3_256C_pruned70/61-70970-0018_generated.wav | RTF: 0.2643(1.216s / 4.600s) | Generator RTF: 0.2635(1.212s / 4.600s)
generated_audios/generated_H3_256C_pruned70/61-70970-0019_generated.wav | RTF: 0.2685(1.015s / 3.780s) | Generator RTF: 0.2676(1.011s / 3.780s)
generated_audios/generated_H3_256C_pruned70/61-70970-0020_generated.wav | RTF: 0.0472(0.237s / 5.025s) | Generator RTF: 0.0466(0.234s / 5.025s)
generated_audios/generated_H3_256C_pruned70/61-70970-0021_generated.wav | RTF: 0.2643(1.428s / 5.405s) | Generator RTF: 0.2636(1.425s / 5.405s)
generated_audios/generated_H3_256C_pruned70/61-70970-0022_generated.wav | RTF: 0.0470(0.187s / 3.970s) | Generator RTF: 0.0462(0.183s / 3.970s)
generated_audios/generated_H3_256C_pruned70/61-70970-0023_generated.wav | RTF: 0.0480(0.178s / 3.705s) | Generator RTF: 0.0470(0.174s / 3.705s)
generated_audios/generated_H3_256C_pruned70/61-70970-0024_generated.wav | RTF: 0.2702(1.955s / 7.235s) | Generator RTF: 0.2697(1.951s / 7.235s)
generated_audios/generated_H3_256C_pruned70/61-70970-0025_generated.wav | RTF: 0.2693(2.002s / 7.435s) | Generator RTF: 0.2688(1.999s / 7.435s)
generated_audios/generated_H3_256C_pruned70/61-70970-0026_generated.wav | RTF: 0.0471(0.258s / 5.475s) | Generator RTF: 0.0465(0.254s / 5.475s)
generated_audios/generated_H3_256C_pruned70/61-70970-0027_generated.wav | RTF: 0.0475(0.241s / 5.080s) | Generator RTF: 0.0468(0.238s / 5.080s)
generated_audios/generated_H3_256C_pruned70/61-70970-0028_generated.wav | RTF: 0.0470(0.308s / 6.550s) | Generator RTF: 0.0464(0.304s / 6.550s)
generated_audios/generated_H3_256C_pruned70/61-70970-0029_generated.wav | RTF: 0.0484(0.195s / 4.030s) | Generator RTF: 0.0476(0.192s / 4.030s)
generated_audios/generated_H3_256C_pruned70/61-70970-0030_generated.wav | RTF: 0.0495(0.160s / 3.240s) | Generator RTF: 0.0485(0.157s / 3.240s)
generated_audios/generated_H3_256C_pruned70/61-70970-0031_generated.wav | RTF: 0.2651(1.362s / 5.135s) | Generator RTF: 0.2644(1.358s / 5.135s)
generated_audios/generated_H3_256C_pruned70/61-70970-0032_generated.wav | RTF: 0.0492(0.154s / 3.135s) | Generator RTF: 0.0481(0.151s / 3.135s)
generated_audios/generated_H3_256C_pruned70/61-70970-0033_generated.wav | RTF: 0.2652(0.907s / 3.420s) | Generator RTF: 0.2642(0.904s / 3.420s)
generated_audios/generated_H3_256C_pruned70/61-70970-0034_generated.wav | RTF: 0.0493(0.221s / 4.485s) | Generator RTF: 0.0485(0.217s / 4.485s)
generated_audios/generated_H3_256C_pruned70/61-70970-0035_generated.wav | RTF: 0.0468(0.347s / 7.405s) | Generator RTF: 0.0463(0.343s / 7.405s)
generated_audios/generated_H3_256C_pruned70/61-70970-0036_generated.wav | RTF: 0.0468(0.318s / 6.785s) | Generator RTF: 0.0463(0.314s / 6.785s)
generated_audios/generated_H3_256C_pruned70/61-70970-0037_generated.wav | RTF: 0.2657(1.589s / 5.980s) | Generator RTF: 0.2651(1.585s / 5.980s)
generated_audios/generated_H3_256C_pruned70/61-70970-0038_generated.wav | RTF: 0.2717(2.826s / 10.400s) | Generator RTF: 0.2713(2.822s / 10.400s)
generated_audios/generated_H3_256C_pruned70/61-70970-0039_generated.wav | RTF: 0.0470(0.313s / 6.665s) | Generator RTF: 0.0464(0.309s / 6.665s)
generated_audios/generated_H3_256C_pruned70/61-70970-0040_generated.wav | RTF: 0.0472(0.197s / 4.165s) | Generator RTF: 0.0464(0.193s / 4.165s)
generated_audios/generated_H3_256C_pruned70/672-122797-0000_generated.wav | RTF: 0.2718(1.106s / 4.070s) | Generator RTF: 0.2710(1.103s / 4.070s)
generated_audios/generated_H3_256C_pruned70/672-122797-0001_generated.wav | RTF: 0.2721(4.117s / 15.130s) | Generator RTF: 0.2718(4.112s / 15.130s)
generated_audios/generated_H3_256C_pruned70/672-122797-0002_generated.wav | RTF: 0.2691(3.665s / 13.620s) | Generator RTF: 0.2687(3.660s / 13.620s)
generated_audios/generated_H3_256C_pruned70/672-122797-0003_generated.wav | RTF: 0.2754(1.311s / 4.760s) | Generator RTF: 0.2747(1.307s / 4.760s)
generated_audios/generated_H3_256C_pruned70/672-122797-0004_generated.wav | RTF: 0.2663(2.730s / 10.250s) | Generator RTF: 0.2659(2.726s / 10.250s)
generated_audios/generated_H3_256C_pruned70/672-122797-0005_generated.wav | RTF: 0.2802(0.913s / 3.260s) | Generator RTF: 0.2791(0.910s / 3.260s)
generated_audios/generated_H3_256C_pruned70/672-122797-0006_generated.wav | RTF: 0.2747(3.832s / 13.950s) | Generator RTF: 0.2744(3.827s / 13.950s)
generated_audios/generated_H3_256C_pruned70/672-122797-0007_generated.wav | RTF: 0.2695(1.731s / 6.420s) | Generator RTF: 0.2690(1.727s / 6.420s)
generated_audios/generated_H3_256C_pruned70/672-122797-0008_generated.wav | RTF: 0.2739(8.438s / 30.810s) | Generator RTF: 0.2737(8.431s / 30.810s)
generated_audios/generated_H3_256C_pruned70/672-122797-0009_generated.wav | RTF: 0.0494(0.137s / 2.765s) | Generator RTF: 0.0485(0.134s / 2.765s)
generated_audios/generated_H3_256C_pruned70/672-122797-0010_generated.wav | RTF: 0.0477(0.182s / 3.815s) | Generator RTF: 0.0468(0.179s / 3.815s)
generated_audios/generated_H3_256C_pruned70/672-122797-0011_generated.wav | RTF: 0.2924(0.743s / 2.540s) | Generator RTF: 0.2912(0.740s / 2.540s)
generated_audios/generated_H3_256C_pruned70/672-122797-0012_generated.wav | RTF: 0.2786(2.163s / 7.765s) | Generator RTF: 0.2781(2.159s / 7.765s)
generated_audios/generated_H3_256C_pruned70/672-122797-0013_generated.wav | RTF: 0.2709(2.358s / 8.705s) | Generator RTF: 0.2705(2.354s / 8.705s)
generated_audios/generated_H3_256C_pruned70/672-122797-0014_generated.wav | RTF: 0.0501(0.128s / 2.555s) | Generator RTF: 0.0488(0.125s / 2.555s)
generated_audios/generated_H3_256C_pruned70/672-122797-0015_generated.wav | RTF: 0.0471(0.210s / 4.455s) | Generator RTF: 0.0463(0.206s / 4.455s)
generated_audios/generated_H3_256C_pruned70/672-122797-0016_generated.wav | RTF: 0.2702(2.490s / 9.215s) | Generator RTF: 0.2698(2.486s / 9.215s)
generated_audios/generated_H3_256C_pruned70/672-122797-0017_generated.wav | RTF: 0.2727(1.315s / 4.820s) | Generator RTF: 0.2720(1.311s / 4.820s)
generated_audios/generated_H3_256C_pruned70/672-122797-0018_generated.wav | RTF: 0.2684(1.323s / 4.930s) | Generator RTF: 0.2676(1.319s / 4.930s)
generated_audios/generated_H3_256C_pruned70/672-122797-0019_generated.wav | RTF: 0.2641(1.085s / 4.110s) | Generator RTF: 0.2633(1.082s / 4.110s)
generated_audios/generated_H3_256C_pruned70/672-122797-0020_generated.wav | RTF: 0.2731(2.410s / 8.825s) | Generator RTF: 0.2726(2.406s / 8.825s)
generated_audios/generated_H3_256C_pruned70/672-122797-0021_generated.wav | RTF: 0.0475(0.197s / 4.150s) | Generator RTF: 0.0466(0.193s / 4.150s)
generated_audios/generated_H3_256C_pruned70/672-122797-0022_generated.wav | RTF: 0.2730(5.188s / 19.005s) | Generator RTF: 0.2727(5.183s / 19.005s)
generated_audios/generated_H3_256C_pruned70/672-122797-0023_generated.wav | RTF: 0.2724(2.641s / 9.695s) | Generator RTF: 0.2720(2.637s / 9.695s)
generated_audios/generated_H3_256C_pruned70/672-122797-0024_generated.wav | RTF: 0.2688(1.110s / 4.130s) | Generator RTF: 0.2681(1.107s / 4.130s)
generated_audios/generated_H3_256C_pruned70/672-122797-0025_generated.wav | RTF: 0.2713(2.900s / 10.690s) | Generator RTF: 0.2709(2.896s / 10.690s)
generated_audios/generated_H3_256C_pruned70/672-122797-0026_generated.wav | RTF: 0.2707(3.779s / 13.960s) | Generator RTF: 0.2703(3.774s / 13.960s)
generated_audios/generated_H3_256C_pruned70/672-122797-0027_generated.wav | RTF: 0.0481(0.230s / 4.790s) | Generator RTF: 0.0474(0.227s / 4.790s)
generated_audios/generated_H3_256C_pruned70/672-122797-0028_generated.wav | RTF: 0.0511(0.133s / 2.610s) | Generator RTF: 0.0498(0.130s / 2.610s)
generated_audios/generated_H3_256C_pruned70/672-122797-0029_generated.wav | RTF: 0.0494(0.151s / 3.050s) | Generator RTF: 0.0483(0.147s / 3.050s)
generated_audios/generated_H3_256C_pruned70/672-122797-0030_generated.wav | RTF: 0.2653(1.214s / 4.575s) | Generator RTF: 0.2646(1.210s / 4.575s)
generated_audios/generated_H3_256C_pruned70/672-122797-0031_generated.wav | RTF: 0.0475(0.189s / 3.980s) | Generator RTF: 0.0466(0.186s / 3.980s)
generated_audios/generated_H3_256C_pruned70/672-122797-0032_generated.wav | RTF: 0.0470(0.188s / 4.000s) | Generator RTF: 0.0462(0.185s / 4.000s)
generated_audios/generated_H3_256C_pruned70/672-122797-0033_generated.wav | RTF: 0.2782(0.357s / 1.285s) | Generator RTF: 0.2758(0.354s / 1.285s)
generated_audios/generated_H3_256C_pruned70/672-122797-0034_generated.wav | RTF: 0.0481(0.246s / 5.110s) | Generator RTF: 0.0477(0.244s / 5.110s)
generated_audios/generated_H3_256C_pruned70/672-122797-0035_generated.wav | RTF: 0.0492(0.143s / 2.900s) | Generator RTF: 0.0481(0.139s / 2.900s)
generated_audios/generated_H3_256C_pruned70/672-122797-0036_generated.wav | RTF: 0.0488(0.262s / 5.365s) | Generator RTF: 0.0482(0.258s / 5.365s)
generated_audios/generated_H3_256C_pruned70/672-122797-0037_generated.wav | RTF: 0.2626(0.515s / 1.960s) | Generator RTF: 0.2611(0.512s / 1.960s)
generated_audios/generated_H3_256C_pruned70/672-122797-0038_generated.wav | RTF: 0.2674(2.353s / 8.800s) | Generator RTF: 0.2670(2.349s / 8.800s)
generated_audios/generated_H3_256C_pruned70/672-122797-0039_generated.wav | RTF: 0.2785(1.121s / 4.025s) | Generator RTF: 0.2776(1.117s / 4.025s)
generated_audios/generated_H3_256C_pruned70/672-122797-0040_generated.wav | RTF: 0.0482(0.247s / 5.125s) | Generator RTF: 0.0476(0.244s / 5.125s)
generated_audios/generated_H3_256C_pruned70/672-122797-0041_generated.wav | RTF: 0.0479(0.186s / 3.880s) | Generator RTF: 0.0470(0.182s / 3.880s)
generated_audios/generated_H3_256C_pruned70/672-122797-0042_generated.wav | RTF: 0.2713(4.154s / 15.310s) | Generator RTF: 0.2711(4.150s / 15.310s)
generated_audios/generated_H3_256C_pruned70/672-122797-0043_generated.wav | RTF: 0.0473(0.179s / 3.780s) | Generator RTF: 0.0465(0.176s / 3.780s)
generated_audios/generated_H3_256C_pruned70/672-122797-0044_generated.wav | RTF: 0.0486(0.182s / 3.740s) | Generator RTF: 0.0477(0.178s / 3.740s)
generated_audios/generated_H3_256C_pruned70/672-122797-0045_generated.wav | RTF: 0.0511(0.714s / 13.960s) | Generator RTF: 0.0508(0.709s / 13.960s)
generated_audios/generated_H3_256C_pruned70/672-122797-0046_generated.wav | RTF: 0.2657(1.253s / 4.715s) | Generator RTF: 0.2650(1.249s / 4.715s)
generated_audios/generated_H3_256C_pruned70/672-122797-0047_generated.wav | RTF: 0.2659(0.884s / 3.325s) | Generator RTF: 0.2649(0.881s / 3.325s)
generated_audios/generated_H3_256C_pruned70/672-122797-0048_generated.wav | RTF: 0.0483(0.317s / 6.555s) | Generator RTF: 0.0477(0.313s / 6.555s)
generated_audios/generated_H3_256C_pruned70/672-122797-0049_generated.wav | RTF: 0.0533(0.108s / 2.020s) | Generator RTF: 0.0518(0.105s / 2.020s)
generated_audios/generated_H3_256C_pruned70/672-122797-0050_generated.wav | RTF: 0.2752(1.336s / 4.855s) | Generator RTF: 0.2745(1.333s / 4.855s)
generated_audios/generated_H3_256C_pruned70/672-122797-0051_generated.wav | RTF: 0.2688(1.254s / 4.665s) | Generator RTF: 0.2680(1.250s / 4.665s)
generated_audios/generated_H3_256C_pruned70/672-122797-0052_generated.wav | RTF: 0.2665(1.142s / 4.285s) | Generator RTF: 0.2658(1.139s / 4.285s)
generated_audios/generated_H3_256C_pruned70/672-122797-0053_generated.wav | RTF: 0.0509(0.150s / 2.955s) | Generator RTF: 0.0497(0.147s / 2.955s)
generated_audios/generated_H3_256C_pruned70/672-122797-0054_generated.wav | RTF: 0.0465(0.197s / 4.250s) | Generator RTF: 0.0456(0.194s / 4.250s)
generated_audios/generated_H3_256C_pruned70/672-122797-0055_generated.wav | RTF: 0.2702(2.224s / 8.230s) | Generator RTF: 0.2697(2.220s / 8.230s)
generated_audios/generated_H3_256C_pruned70/672-122797-0056_generated.wav | RTF: 0.0497(0.260s / 5.225s) | Generator RTF: 0.0490(0.256s / 5.225s)
generated_audios/generated_H3_256C_pruned70/672-122797-0057_generated.wav | RTF: 0.0476(0.313s / 6.560s) | Generator RTF: 0.0471(0.309s / 6.560s)
generated_audios/generated_H3_256C_pruned70/672-122797-0058_generated.wav | RTF: 0.2773(1.240s / 4.470s) | Generator RTF: 0.2766(1.236s / 4.470s)
generated_audios/generated_H3_256C_pruned70/672-122797-0059_generated.wav | RTF: 0.2703(0.951s / 3.520s) | Generator RTF: 0.2693(0.948s / 3.520s)
generated_audios/generated_H3_256C_pruned70/672-122797-0060_generated.wav | RTF: 0.0483(0.162s / 3.350s) | Generator RTF: 0.0473(0.158s / 3.350s)
generated_audios/generated_H3_256C_pruned70/672-122797-0061_generated.wav | RTF: 0.2653(2.013s / 7.590s) | Generator RTF: 0.2650(2.011s / 7.590s)
generated_audios/generated_H3_256C_pruned70/672-122797-0062_generated.wav | RTF: 0.2740(0.733s / 2.675s) | Generator RTF: 0.2727(0.730s / 2.675s)
generated_audios/generated_H3_256C_pruned70/672-122797-0063_generated.wav | RTF: 0.0475(0.241s / 5.075s) | Generator RTF: 0.0469(0.238s / 5.075s)
generated_audios/generated_H3_256C_pruned70/672-122797-0064_generated.wav | RTF: 0.2745(4.192s / 15.270s) | Generator RTF: 0.2742(4.187s / 15.270s)
generated_audios/generated_H3_256C_pruned70/672-122797-0065_generated.wav | RTF: 0.0488(0.148s / 3.030s) | Generator RTF: 0.0477(0.145s / 3.030s)
generated_audios/generated_H3_256C_pruned70/672-122797-0066_generated.wav | RTF: 0.0477(0.229s / 4.815s) | Generator RTF: 0.0469(0.226s / 4.815s)
generated_audios/generated_H3_256C_pruned70/672-122797-0067_generated.wav | RTF: 0.2697(3.515s / 13.035s) | Generator RTF: 0.2693(3.511s / 13.035s)
generated_audios/generated_H3_256C_pruned70/672-122797-0068_generated.wav | RTF: 0.0479(0.193s / 4.020s) | Generator RTF: 0.0471(0.189s / 4.020s)
generated_audios/generated_H3_256C_pruned70/672-122797-0069_generated.wav | RTF: 0.2724(1.365s / 5.010s) | Generator RTF: 0.2717(1.361s / 5.010s)
generated_audios/generated_H3_256C_pruned70/672-122797-0070_generated.wav | RTF: 0.2715(1.702s / 6.270s) | Generator RTF: 0.2709(1.699s / 6.270s)
generated_audios/generated_H3_256C_pruned70/672-122797-0071_generated.wav | RTF: 0.2729(2.422s / 8.875s) | Generator RTF: 0.2725(2.418s / 8.875s)
generated_audios/generated_H3_256C_pruned70/672-122797-0072_generated.wav | RTF: 0.2703(2.146s / 7.940s) | Generator RTF: 0.2698(2.142s / 7.940s)
generated_audios/generated_H3_256C_pruned70/672-122797-0073_generated.wav | RTF: 0.2701(2.216s / 8.205s) | Generator RTF: 0.2697(2.213s / 8.205s)
generated_audios/generated_H3_256C_pruned70/672-122797-0074_generated.wav | RTF: 0.2694(2.352s / 8.730s) | Generator RTF: 0.2689(2.348s / 8.730s)
generated_audios/generated_H3_256C_pruned70/908-157963-0000_generated.wav | RTF: 0.2718(3.430s / 12.620s) | Generator RTF: 0.2715(3.426s / 12.620s)
generated_audios/generated_H3_256C_pruned70/908-157963-0001_generated.wav | RTF: 0.2724(0.786s / 2.885s) | Generator RTF: 0.2712(0.782s / 2.885s)
generated_audios/generated_H3_256C_pruned70/908-157963-0002_generated.wav | RTF: 0.2597(0.716s / 2.755s) | Generator RTF: 0.2585(0.712s / 2.755s)
generated_audios/generated_H3_256C_pruned70/908-157963-0003_generated.wav | RTF: 0.2677(0.824s / 3.080s) | Generator RTF: 0.2666(0.821s / 3.080s)
generated_audios/generated_H3_256C_pruned70/908-157963-0004_generated.wav | RTF: 0.2727(3.815s / 13.990s) | Generator RTF: 0.2724(3.811s / 13.990s)
generated_audios/generated_H3_256C_pruned70/908-157963-0005_generated.wav | RTF: 0.2703(1.901s / 7.035s) | Generator RTF: 0.2697(1.898s / 7.035s)
generated_audios/generated_H3_256C_pruned70/908-157963-0006_generated.wav | RTF: 0.2728(2.213s / 8.110s) | Generator RTF: 0.2723(2.209s / 8.110s)
generated_audios/generated_H3_256C_pruned70/908-157963-0007_generated.wav | RTF: 0.2753(9.020s / 32.770s) | Generator RTF: 0.2750(9.013s / 32.770s)
generated_audios/generated_H3_256C_pruned70/908-157963-0008_generated.wav | RTF: 0.2812(5.610s / 19.950s) | Generator RTF: 0.2810(5.606s / 19.950s)
generated_audios/generated_H3_256C_pruned70/908-157963-0009_generated.wav | RTF: 0.2688(1.091s / 4.060s) | Generator RTF: 0.2680(1.088s / 4.060s)
generated_audios/generated_H3_256C_pruned70/908-157963-0010_generated.wav | RTF: 0.0462(0.290s / 6.280s) | Generator RTF: 0.0456(0.287s / 6.280s)
generated_audios/generated_H3_256C_pruned70/908-157963-0011_generated.wav | RTF: 0.0484(0.503s / 10.395s) | Generator RTF: 0.0479(0.498s / 10.395s)
generated_audios/generated_H3_256C_pruned70/908-157963-0012_generated.wav | RTF: 0.2704(2.729s / 10.090s) | Generator RTF: 0.2700(2.724s / 10.090s)
generated_audios/generated_H3_256C_pruned70/908-157963-0013_generated.wav | RTF: 0.0500(0.216s / 4.315s) | Generator RTF: 0.0492(0.212s / 4.315s)
generated_audios/generated_H3_256C_pruned70/908-157963-0014_generated.wav | RTF: 0.0486(0.220s / 4.520s) | Generator RTF: 0.0478(0.216s / 4.520s)
generated_audios/generated_H3_256C_pruned70/908-157963-0015_generated.wav | RTF: 0.2735(3.956s / 14.465s) | Generator RTF: 0.2732(3.952s / 14.465s)
generated_audios/generated_H3_256C_pruned70/908-157963-0016_generated.wav | RTF: 0.0476(0.243s / 5.105s) | Generator RTF: 0.0468(0.239s / 5.105s)
generated_audios/generated_H3_256C_pruned70/908-157963-0017_generated.wav | RTF: 0.2633(1.303s / 4.950s) | Generator RTF: 0.2626(1.300s / 4.950s)
generated_audios/generated_H3_256C_pruned70/908-157963-0018_generated.wav | RTF: 0.0479(0.204s / 4.255s) | Generator RTF: 0.0471(0.200s / 4.255s)
generated_audios/generated_H3_256C_pruned70/908-157963-0019_generated.wav | RTF: 0.2753(5.903s / 21.440s) | Generator RTF: 0.2751(5.897s / 21.440s)
generated_audios/generated_H3_256C_pruned70/908-157963-0020_generated.wav | RTF: 0.2737(2.682s / 9.800s) | Generator RTF: 0.2733(2.678s / 9.800s)
generated_audios/generated_H3_256C_pruned70/908-157963-0021_generated.wav | RTF: 0.0492(0.503s / 10.240s) | Generator RTF: 0.0487(0.499s / 10.240s)
generated_audios/generated_H3_256C_pruned70/908-157963-0022_generated.wav | RTF: 0.2791(1.287s / 4.610s) | Generator RTF: 0.2784(1.283s / 4.610s)
generated_audios/generated_H3_256C_pruned70/908-157963-0023_generated.wav | RTF: 0.2695(2.594s / 9.625s) | Generator RTF: 0.2691(2.590s / 9.625s)
generated_audios/generated_H3_256C_pruned70/908-157963-0024_generated.wav | RTF: 0.2714(0.934s / 3.440s) | Generator RTF: 0.2705(0.930s / 3.440s)
generated_audios/generated_H3_256C_pruned70/908-157963-0025_generated.wav | RTF: 0.2686(2.489s / 9.265s) | Generator RTF: 0.2682(2.485s / 9.265s)
generated_audios/generated_H3_256C_pruned70/908-157963-0026_generated.wav | RTF: 0.2713(2.198s / 8.100s) | Generator RTF: 0.2708(2.194s / 8.100s)
generated_audios/generated_H3_256C_pruned70/908-157963-0027_generated.wav | RTF: 0.0490(0.256s / 5.225s) | Generator RTF: 0.0483(0.252s / 5.225s)
generated_audios/generated_H3_256C_pruned70/908-157963-0028_generated.wav | RTF: 0.0481(0.238s / 4.955s) | Generator RTF: 0.0473(0.234s / 4.955s)
generated_audios/generated_H3_256C_pruned70/908-157963-0029_generated.wav | RTF: 0.2639(0.958s / 3.630s) | Generator RTF: 0.2629(0.954s / 3.630s)
generated_audios/generated_H3_256C_pruned70/908-157963-0030_generated.wav | RTF: 0.0472(0.213s / 4.520s) | Generator RTF: 0.0465(0.210s / 4.520s)
generated_audios/generated_H3_256C_pruned70/908-31957-0000_generated.wav | RTF: 0.2606(0.554s / 2.125s) | Generator RTF: 0.2591(0.551s / 2.125s)
generated_audios/generated_H3_256C_pruned70/908-31957-0001_generated.wav | RTF: 0.2726(3.084s / 11.315s) | Generator RTF: 0.2722(3.080s / 11.315s)
generated_audios/generated_H3_256C_pruned70/908-31957-0002_generated.wav | RTF: 0.0478(0.229s / 4.790s) | Generator RTF: 0.0471(0.226s / 4.790s)
generated_audios/generated_H3_256C_pruned70/908-31957-0003_generated.wav | RTF: 0.0491(0.322s / 6.565s) | Generator RTF: 0.0485(0.319s / 6.565s)
generated_audios/generated_H3_256C_pruned70/908-31957-0004_generated.wav | RTF: 0.2752(4.061s / 14.755s) | Generator RTF: 0.2749(4.056s / 14.755s)
generated_audios/generated_H3_256C_pruned70/908-31957-0005_generated.wav | RTF: 0.0475(0.213s / 4.490s) | Generator RTF: 0.0469(0.211s / 4.490s)
generated_audios/generated_H3_256C_pruned70/908-31957-0006_generated.wav | RTF: 0.2635(1.552s / 5.890s) | Generator RTF: 0.2628(1.548s / 5.890s)
generated_audios/generated_H3_256C_pruned70/908-31957-0007_generated.wav | RTF: 0.0478(0.277s / 5.800s) | Generator RTF: 0.0471(0.273s / 5.800s)
generated_audios/generated_H3_256C_pruned70/908-31957-0008_generated.wav | RTF: 0.2685(2.686s / 10.005s) | Generator RTF: 0.2681(2.682s / 10.005s)
generated_audios/generated_H3_256C_pruned70/908-31957-0009_generated.wav | RTF: 0.2669(2.056s / 7.705s) | Generator RTF: 0.2664(2.052s / 7.705s)
generated_audios/generated_H3_256C_pruned70/908-31957-0010_generated.wav | RTF: 0.2610(0.655s / 2.510s) | Generator RTF: 0.2597(0.652s / 2.510s)
generated_audios/generated_H3_256C_pruned70/908-31957-0011_generated.wav | RTF: 0.0509(0.119s / 2.335s) | Generator RTF: 0.0496(0.116s / 2.335s)
generated_audios/generated_H3_256C_pruned70/908-31957-0012_generated.wav | RTF: 0.2683(2.043s / 7.615s) | Generator RTF: 0.2678(2.040s / 7.615s)
generated_audios/generated_H3_256C_pruned70/908-31957-0013_generated.wav | RTF: 0.2745(1.697s / 6.180s) | Generator RTF: 0.2739(1.693s / 6.180s)
generated_audios/generated_H3_256C_pruned70/908-31957-0014_generated.wav | RTF: 0.2689(2.033s / 7.560s) | Generator RTF: 0.2683(2.029s / 7.560s)
generated_audios/generated_H3_256C_pruned70/908-31957-0015_generated.wav | RTF: 0.2767(5.938s / 21.465s) | Generator RTF: 0.2764(5.933s / 21.465s)
generated_audios/generated_H3_256C_pruned70/908-31957-0016_generated.wav | RTF: 0.2718(1.761s / 6.480s) | Generator RTF: 0.2712(1.757s / 6.480s)
generated_audios/generated_H3_256C_pruned70/908-31957-0017_generated.wav | RTF: 0.2612(2.036s / 7.795s) | Generator RTF: 0.2606(2.031s / 7.795s)
generated_audios/generated_H3_256C_pruned70/908-31957-0018_generated.wav | RTF: 0.2574(1.008s / 3.915s) | Generator RTF: 0.2565(1.004s / 3.915s)
generated_audios/generated_H3_256C_pruned70/908-31957-0019_generated.wav | RTF: 0.2717(2.592s / 9.540s) | Generator RTF: 0.2713(2.588s / 9.540s)
generated_audios/generated_H3_256C_pruned70/908-31957-0020_generated.wav | RTF: 0.0500(0.295s / 5.895s) | Generator RTF: 0.0494(0.291s / 5.895s)
generated_audios/generated_H3_256C_pruned70/908-31957-0021_generated.wav | RTF: 0.2685(2.928s / 10.905s) | Generator RTF: 0.2682(2.924s / 10.905s)
generated_audios/generated_H3_256C_pruned70/908-31957-0022_generated.wav | RTF: 0.2730(3.850s / 14.100s) | Generator RTF: 0.2727(3.845s / 14.100s)
generated_audios/generated_H3_256C_pruned70/908-31957-0023_generated.wav | RTF: 0.2680(2.282s / 8.515s) | Generator RTF: 0.2676(2.278s / 8.515s)
generated_audios/generated_H3_256C_pruned70/908-31957-0024_generated.wav | RTF: 0.2684(2.024s / 7.540s) | Generator RTF: 0.2679(2.020s / 7.540s)
generated_audios/generated_H3_256C_pruned70/908-31957-0025_generated.wav | RTF: 0.2754(5.662s / 20.560s) | Generator RTF: 0.2751(5.657s / 20.560s)
Average RTF: 0.2210(698.315s / 3159.849s)
Average Generator RTF: 0.2204(696.439s / 3159.849s)
Evaluation summary:
  Mel-spectrogram L1: 0.341317
  PESQ: 2.088202
  STOI: 0.918623
Saved per-audio metrics CSV: per_audio_results.csv

Appended metrics to CSV: experiments_results.csv
========== H4: pruning 30% + quantize ==========
Initializing Inference Process..
Using device: cpu (baseline and quantized inference both run on CPU)
Quantization enabled: forcing CPU inference for INT8 model.
Loading '/home/hpc/vlbi/vlbi107v/hifi-gan/cp_hifigan/v1_c256_physical30/g_00265000'
Complete.
Checkpoint contains plain conv weights. Removing weight_norm wrappers before loading...
Removing weight norm...
Removing weight norm...
Calibrating static quantization using 50 samples...
INT8 quantization scope: resblocks_range
Quantizing residual blocks 3..8; all other layers stay FP32.
Checking quantized modules after static quantization:
Quantized module: resblocks.3.convs1.0 (torch.ao.nn.quantized.modules.conv.Conv1d)
Quantized module: resblocks.3.convs1.1 (torch.ao.nn.quantized.modules.conv.Conv1d)
Quantized module: resblocks.3.convs1.2 (torch.ao.nn.quantized.modules.conv.Conv1d)
Quantized module: resblocks.3.convs2.0 (torch.ao.nn.quantized.modules.conv.Conv1d)
Quantized module: resblocks.3.convs2.1 (torch.ao.nn.quantized.modules.conv.Conv1d)
Quantized module: resblocks.3.convs2.2 (torch.ao.nn.quantized.modules.conv.Conv1d)
Quantized module: resblocks.4.convs1.0 (torch.ao.nn.quantized.modules.conv.Conv1d)
Quantized module: resblocks.4.convs1.1 (torch.ao.nn.quantized.modules.conv.Conv1d)
Quantized module: resblocks.4.convs1.2 (torch.ao.nn.quantized.modules.conv.Conv1d)
Quantized module: resblocks.4.convs2.0 (torch.ao.nn.quantized.modules.conv.Conv1d)
Quantized module: resblocks.4.convs2.1 (torch.ao.nn.quantized.modules.conv.Conv1d)
Quantized module: resblocks.4.convs2.2 (torch.ao.nn.quantized.modules.conv.Conv1d)
Quantized module: resblocks.5.convs1.0 (torch.ao.nn.quantized.modules.conv.Conv1d)
Quantized module: resblocks.5.convs1.1 (torch.ao.nn.quantized.modules.conv.Conv1d)
Quantized module: resblocks.5.convs1.2 (torch.ao.nn.quantized.modules.conv.Conv1d)
Quantized module: resblocks.5.convs2.0 (torch.ao.nn.quantized.modules.conv.Conv1d)
Quantized module: resblocks.5.convs2.1 (torch.ao.nn.quantized.modules.conv.Conv1d)
Quantized module: resblocks.5.convs2.2 (torch.ao.nn.quantized.modules.conv.Conv1d)
Quantized module: resblocks.6.convs1.0 (torch.ao.nn.quantized.modules.conv.Conv1d)
Quantized module: resblocks.6.convs1.1 (torch.ao.nn.quantized.modules.conv.Conv1d)
Quantized module: resblocks.6.convs1.2 (torch.ao.nn.quantized.modules.conv.Conv1d)
Quantized module: resblocks.6.convs2.0 (torch.ao.nn.quantized.modules.conv.Conv1d)
Quantized module: resblocks.6.convs2.1 (torch.ao.nn.quantized.modules.conv.Conv1d)
Quantized module: resblocks.6.convs2.2 (torch.ao.nn.quantized.modules.conv.Conv1d)
Quantized module: resblocks.7.convs1.0 (torch.ao.nn.quantized.modules.conv.Conv1d)
Quantized module: resblocks.7.convs1.1 (torch.ao.nn.quantized.modules.conv.Conv1d)
Quantized module: resblocks.7.convs1.2 (torch.ao.nn.quantized.modules.conv.Conv1d)
Quantized module: resblocks.7.convs2.0 (torch.ao.nn.quantized.modules.conv.Conv1d)
Quantized module: resblocks.7.convs2.1 (torch.ao.nn.quantized.modules.conv.Conv1d)
Quantized module: resblocks.7.convs2.2 (torch.ao.nn.quantized.modules.conv.Conv1d)
Quantized module: resblocks.8.convs1.0 (torch.ao.nn.quantized.modules.conv.Conv1d)
Quantized module: resblocks.8.convs1.1 (torch.ao.nn.quantized.modules.conv.Conv1d)
Quantized module: resblocks.8.convs1.2 (torch.ao.nn.quantized.modules.conv.Conv1d)
Quantized module: resblocks.8.convs2.0 (torch.ao.nn.quantized.modules.conv.Conv1d)
Quantized module: resblocks.8.convs2.1 (torch.ao.nn.quantized.modules.conv.Conv1d)
Quantized module: resblocks.8.convs2.2 (torch.ao.nn.quantized.modules.conv.Conv1d)
Saving checkpoint to /home/hpc/vlbi/vlbi107v/hifi-gan/cp_hifigan/v1_c256_physical30/compressed_checkpoint_int8
Complete.
Saved compressed checkpoint: /home/hpc/vlbi/vlbi107v/hifi-gan/cp_hifigan/v1_c256_physical30/compressed_checkpoint_int8 (9.293 MB)
Compressed checkpoint parameters: 2,738,665
Loaded checkpoint: /home/hpc/vlbi/vlbi107v/hifi-gan/cp_hifigan/v1_c256_physical30/g_00265000 (10.497 MB)
Generator parameters: 2,738,665
generated_audios/generated_H4_256C_pruned30_int8/1089-134686-0000_generated.wav | RTF: 0.0554(0.578s / 10.435s) | Generator RTF: 0.0550(0.574s / 10.435s)
generated_audios/generated_H4_256C_pruned30_int8/1089-134686-0001_generated.wav | RTF: 0.0546(0.179s / 3.275s) | Generator RTF: 0.0536(0.176s / 3.275s)
generated_audios/generated_H4_256C_pruned30_int8/1089-134686-0002_generated.wav | RTF: 0.0528(0.350s / 6.625s) | Generator RTF: 0.0522(0.346s / 6.625s)
generated_audios/generated_H4_256C_pruned30_int8/1089-134686-0003_generated.wav | RTF: 0.0553(0.148s / 2.680s) | Generator RTF: 0.0541(0.145s / 2.680s)
generated_audios/generated_H4_256C_pruned30_int8/1089-134686-0004_generated.wav | RTF: 0.0529(0.276s / 5.215s) | Generator RTF: 0.0522(0.272s / 5.215s)
generated_audios/generated_H4_256C_pruned30_int8/1089-134686-0005_generated.wav | RTF: 0.0535(0.516s / 9.635s) | Generator RTF: 0.0533(0.513s / 9.635s)
generated_audios/generated_H4_256C_pruned30_int8/1089-134686-0006_generated.wav | RTF: 0.0542(0.572s / 10.555s) | Generator RTF: 0.0538(0.568s / 10.555s)
generated_audios/generated_H4_256C_pruned30_int8/1089-134686-0007_generated.wav | RTF: 0.0523(0.223s / 4.275s) | Generator RTF: 0.0515(0.220s / 4.275s)
generated_audios/generated_H4_256C_pruned30_int8/1089-134686-0008_generated.wav | RTF: 0.0528(0.355s / 6.730s) | Generator RTF: 0.0523(0.352s / 6.730s)
generated_audios/generated_H4_256C_pruned30_int8/1089-134686-0009_generated.wav | RTF: 0.0538(0.569s / 10.575s) | Generator RTF: 0.0534(0.565s / 10.575s)
generated_audios/generated_H4_256C_pruned30_int8/1089-134686-0010_generated.wav | RTF: 0.0520(0.229s / 4.405s) | Generator RTF: 0.0512(0.226s / 4.405s)
generated_audios/generated_H4_256C_pruned30_int8/1089-134686-0011_generated.wav | RTF: 0.0565(0.704s / 12.445s) | Generator RTF: 0.0561(0.698s / 12.445s)
generated_audios/generated_H4_256C_pruned30_int8/1089-134686-0012_generated.wav | RTF: 0.0538(0.626s / 11.640s) | Generator RTF: 0.0534(0.622s / 11.640s)
generated_audios/generated_H4_256C_pruned30_int8/1089-134686-0013_generated.wav | RTF: 0.0537(0.425s / 7.915s) | Generator RTF: 0.0532(0.421s / 7.915s)
generated_audios/generated_H4_256C_pruned30_int8/1089-134686-0014_generated.wav | RTF: 0.0559(0.124s / 2.225s) | Generator RTF: 0.0544(0.121s / 2.225s)
generated_audios/generated_H4_256C_pruned30_int8/1089-134686-0015_generated.wav | RTF: 0.0536(0.311s / 5.815s) | Generator RTF: 0.0530(0.308s / 5.815s)
generated_audios/generated_H4_256C_pruned30_int8/1089-134686-0016_generated.wav | RTF: 0.0527(0.187s / 3.540s) | Generator RTF: 0.0519(0.184s / 3.540s)
generated_audios/generated_H4_256C_pruned30_int8/1089-134686-0017_generated.wav | RTF: 0.0540(0.479s / 8.870s) | Generator RTF: 0.0536(0.475s / 8.870s)
generated_audios/generated_H4_256C_pruned30_int8/1089-134686-0018_generated.wav | RTF: 0.0622(0.978s / 15.720s) | Generator RTF: 0.0620(0.974s / 15.720s)
generated_audios/generated_H4_256C_pruned30_int8/1089-134686-0019_generated.wav | RTF: 0.0611(0.849s / 13.895s) | Generator RTF: 0.0608(0.844s / 13.895s)
generated_audios/generated_H4_256C_pruned30_int8/1089-134686-0020_generated.wav | RTF: 0.0599(1.006s / 16.790s) | Generator RTF: 0.0596(1.001s / 16.790s)
generated_audios/generated_H4_256C_pruned30_int8/1089-134686-0021_generated.wav | RTF: 0.0531(0.348s / 6.550s) | Generator RTF: 0.0526(0.345s / 6.550s)
generated_audios/generated_H4_256C_pruned30_int8/1089-134686-0022_generated.wav | RTF: 0.0543(0.607s / 11.175s) | Generator RTF: 0.0539(0.603s / 11.175s)
generated_audios/generated_H4_256C_pruned30_int8/1089-134686-0023_generated.wav | RTF: 0.0557(0.739s / 13.275s) | Generator RTF: 0.0553(0.735s / 13.275s)
generated_audios/generated_H4_256C_pruned30_int8/1089-134686-0024_generated.wav | RTF: 0.0546(0.637s / 11.655s) | Generator RTF: 0.0543(0.633s / 11.655s)
generated_audios/generated_H4_256C_pruned30_int8/1089-134686-0025_generated.wav | RTF: 0.0524(0.346s / 6.610s) | Generator RTF: 0.0518(0.342s / 6.610s)
generated_audios/generated_H4_256C_pruned30_int8/1089-134686-0026_generated.wav | RTF: 0.0522(0.209s / 4.010s) | Generator RTF: 0.0514(0.206s / 4.010s)
generated_audios/generated_H4_256C_pruned30_int8/1089-134686-0027_generated.wav | RTF: 0.0543(0.147s / 2.710s) | Generator RTF: 0.0532(0.144s / 2.710s)
generated_audios/generated_H4_256C_pruned30_int8/1089-134686-0028_generated.wav | RTF: 0.0531(0.416s / 7.830s) | Generator RTF: 0.0526(0.412s / 7.830s)
generated_audios/generated_H4_256C_pruned30_int8/1089-134686-0029_generated.wav | RTF: 0.0521(0.243s / 4.670s) | Generator RTF: 0.0514(0.240s / 4.670s)
generated_audios/generated_H4_256C_pruned30_int8/1089-134686-0030_generated.wav | RTF: 0.0475(0.129s / 2.715s) | Generator RTF: 0.0465(0.126s / 2.715s)
generated_audios/generated_H4_256C_pruned30_int8/1089-134686-0031_generated.wav | RTF: 0.0472(0.312s / 6.615s) | Generator RTF: 0.0467(0.309s / 6.615s)
generated_audios/generated_H4_256C_pruned30_int8/121-121726-0000_generated.wav | RTF: 0.0535(0.453s / 8.460s) | Generator RTF: 0.0531(0.449s / 8.460s)
generated_audios/generated_H4_256C_pruned30_int8/121-121726-0001_generated.wav | RTF: 0.0528(0.313s / 5.925s) | Generator RTF: 0.0522(0.309s / 5.925s)
generated_audios/generated_H4_256C_pruned30_int8/121-121726-0002_generated.wav | RTF: 0.0506(0.223s / 4.410s) | Generator RTF: 0.0499(0.220s / 4.410s)
generated_audios/generated_H4_256C_pruned30_int8/121-121726-0003_generated.wav | RTF: 0.0517(0.349s / 6.755s) | Generator RTF: 0.0511(0.345s / 6.755s)
generated_audios/generated_H4_256C_pruned30_int8/121-121726-0004_generated.wav | RTF: 0.0522(0.210s / 4.020s) | Generator RTF: 0.0517(0.208s / 4.020s)
generated_audios/generated_H4_256C_pruned30_int8/121-121726-0005_generated.wav | RTF: 0.0540(0.167s / 3.100s) | Generator RTF: 0.0530(0.164s / 3.100s)
generated_audios/generated_H4_256C_pruned30_int8/121-121726-0006_generated.wav | RTF: 0.0526(0.205s / 3.895s) | Generator RTF: 0.0518(0.202s / 3.895s)
generated_audios/generated_H4_256C_pruned30_int8/121-121726-0007_generated.wav | RTF: 0.0520(0.350s / 6.730s) | Generator RTF: 0.0515(0.346s / 6.730s)
generated_audios/generated_H4_256C_pruned30_int8/121-121726-0008_generated.wav | RTF: 0.0512(0.256s / 4.990s) | Generator RTF: 0.0506(0.252s / 4.990s)
generated_audios/generated_H4_256C_pruned30_int8/121-121726-0009_generated.wav | RTF: 0.0529(0.384s / 7.260s) | Generator RTF: 0.0524(0.380s / 7.260s)
generated_audios/generated_H4_256C_pruned30_int8/121-121726-0010_generated.wav | RTF: 0.0537(0.527s / 9.810s) | Generator RTF: 0.0533(0.523s / 9.810s)
generated_audios/generated_H4_256C_pruned30_int8/121-121726-0011_generated.wav | RTF: 0.0521(0.210s / 4.035s) | Generator RTF: 0.0513(0.207s / 4.035s)
generated_audios/generated_H4_256C_pruned30_int8/121-121726-0012_generated.wav | RTF: 0.0519(0.210s / 4.045s) | Generator RTF: 0.0510(0.206s / 4.045s)
generated_audios/generated_H4_256C_pruned30_int8/121-121726-0013_generated.wav | RTF: 0.0542(0.135s / 2.490s) | Generator RTF: 0.0529(0.132s / 2.490s)
generated_audios/generated_H4_256C_pruned30_int8/121-121726-0014_generated.wav | RTF: 0.0531(0.168s / 3.165s) | Generator RTF: 0.0520(0.165s / 3.165s)
generated_audios/generated_H4_256C_pruned30_int8/121-123852-0000_generated.wav | RTF: 0.0630(1.116s / 17.695s) | Generator RTF: 0.0628(1.110s / 17.695s)
generated_audios/generated_H4_256C_pruned30_int8/121-123852-0001_generated.wav | RTF: 0.0578(0.108s / 1.870s) | Generator RTF: 0.0562(0.105s / 1.870s)
generated_audios/generated_H4_256C_pruned30_int8/121-123852-0002_generated.wav | RTF: 0.0600(1.037s / 17.285s) | Generator RTF: 0.0598(1.033s / 17.285s)
generated_audios/generated_H4_256C_pruned30_int8/121-123852-0003_generated.wav | RTF: 0.2866(6.736s / 23.505s) | Generator RTF: 0.2863(6.730s / 23.505s)
generated_audios/generated_H4_256C_pruned30_int8/121-123852-0004_generated.wav | RTF: 0.2700(4.398s / 16.290s) | Generator RTF: 0.2697(4.393s / 16.290s)
generated_audios/generated_H4_256C_pruned30_int8/121-123859-0000_generated.wav | RTF: 0.2729(4.746s / 17.390s) | Generator RTF: 0.2726(4.740s / 17.390s)
generated_audios/generated_H4_256C_pruned30_int8/121-123859-0001_generated.wav | RTF: 0.2979(7.566s / 25.395s) | Generator RTF: 0.2977(7.560s / 25.395s)
generated_audios/generated_H4_256C_pruned30_int8/121-123859-0002_generated.wav | RTF: 0.2961(8.894s / 30.040s) | Generator RTF: 0.2958(8.886s / 30.040s)
generated_audios/generated_H4_256C_pruned30_int8/121-123859-0003_generated.wav | RTF: 0.2490(2.696s / 10.825s) | Generator RTF: 0.2487(2.692s / 10.825s)
generated_audios/generated_H4_256C_pruned30_int8/121-123859-0004_generated.wav | RTF: 0.2485(2.362s / 9.505s) | Generator RTF: 0.2481(2.358s / 9.505s)
generated_audios/generated_H4_256C_pruned30_int8/121-127105-0000_generated.wav | RTF: 0.2515(2.484s / 9.875s) | Generator RTF: 0.2511(2.480s / 9.875s)
generated_audios/generated_H4_256C_pruned30_int8/121-127105-0001_generated.wav | RTF: 0.2408(1.210s / 5.025s) | Generator RTF: 0.2401(1.207s / 5.025s)
generated_audios/generated_H4_256C_pruned30_int8/121-127105-0002_generated.wav | RTF: 0.2476(1.856s / 7.495s) | Generator RTF: 0.2471(1.852s / 7.495s)
generated_audios/generated_H4_256C_pruned30_int8/121-127105-0003_generated.wav | RTF: 0.2456(1.897s / 7.725s) | Generator RTF: 0.2451(1.894s / 7.725s)
generated_audios/generated_H4_256C_pruned30_int8/121-127105-0004_generated.wav | RTF: 0.2503(0.528s / 2.110s) | Generator RTF: 0.2488(0.525s / 2.110s)
generated_audios/generated_H4_256C_pruned30_int8/121-127105-0005_generated.wav | RTF: 0.2388(1.390s / 5.820s) | Generator RTF: 0.2382(1.387s / 5.820s)
generated_audios/generated_H4_256C_pruned30_int8/121-127105-0006_generated.wav | RTF: 0.2405(1.137s / 4.725s) | Generator RTF: 0.2398(1.133s / 4.725s)
generated_audios/generated_H4_256C_pruned30_int8/121-127105-0007_generated.wav | RTF: 0.2400(1.389s / 5.790s) | Generator RTF: 0.2394(1.386s / 5.790s)
generated_audios/generated_H4_256C_pruned30_int8/121-127105-0008_generated.wav | RTF: 0.2383(0.658s / 2.760s) | Generator RTF: 0.2371(0.654s / 2.760s)
generated_audios/generated_H4_256C_pruned30_int8/121-127105-0009_generated.wav | RTF: 0.2450(0.561s / 2.290s) | Generator RTF: 0.2436(0.558s / 2.290s)
generated_audios/generated_H4_256C_pruned30_int8/121-127105-0010_generated.wav | RTF: 0.2488(0.709s / 2.850s) | Generator RTF: 0.2477(0.706s / 2.850s)
generated_audios/generated_H4_256C_pruned30_int8/121-127105-0011_generated.wav | RTF: 0.2449(1.416s / 5.780s) | Generator RTF: 0.2443(1.412s / 5.780s)
generated_audios/generated_H4_256C_pruned30_int8/121-127105-0012_generated.wav | RTF: 0.2428(1.173s / 4.830s) | Generator RTF: 0.2420(1.169s / 4.830s)
generated_audios/generated_H4_256C_pruned30_int8/121-127105-0013_generated.wav | RTF: 0.2400(1.415s / 5.895s) | Generator RTF: 0.2394(1.411s / 5.895s)
generated_audios/generated_H4_256C_pruned30_int8/121-127105-0014_generated.wav | RTF: 0.2477(0.559s / 2.255s) | Generator RTF: 0.2463(0.555s / 2.255s)
generated_audios/generated_H4_256C_pruned30_int8/121-127105-0015_generated.wav | RTF: 0.2432(0.720s / 2.960s) | Generator RTF: 0.2421(0.717s / 2.960s)
generated_audios/generated_H4_256C_pruned30_int8/121-127105-0016_generated.wav | RTF: 0.2369(0.481s / 2.030s) | Generator RTF: 0.2354(0.478s / 2.030s)
generated_audios/generated_H4_256C_pruned30_int8/121-127105-0017_generated.wav | RTF: 0.2490(0.671s / 2.695s) | Generator RTF: 0.2478(0.668s / 2.695s)
generated_audios/generated_H4_256C_pruned30_int8/121-127105-0018_generated.wav | RTF: 0.2465(0.683s / 2.770s) | Generator RTF: 0.2454(0.680s / 2.770s)
generated_audios/generated_H4_256C_pruned30_int8/121-127105-0019_generated.wav | RTF: 0.2361(0.832s / 3.525s) | Generator RTF: 0.2353(0.829s / 3.525s)
generated_audios/generated_H4_256C_pruned30_int8/121-127105-0020_generated.wav | RTF: 0.2720(3.904s / 14.355s) | Generator RTF: 0.2717(3.900s / 14.355s)
generated_audios/generated_H4_256C_pruned30_int8/121-127105-0021_generated.wav | RTF: 0.2529(0.506s / 2.000s) | Generator RTF: 0.2513(0.503s / 2.000s)
generated_audios/generated_H4_256C_pruned30_int8/121-127105-0022_generated.wav | RTF: 0.2424(1.230s / 5.075s) | Generator RTF: 0.2418(1.227s / 5.075s)
generated_audios/generated_H4_256C_pruned30_int8/121-127105-0023_generated.wav | RTF: 0.2432(2.654s / 10.910s) | Generator RTF: 0.2429(2.650s / 10.910s)
generated_audios/generated_H4_256C_pruned30_int8/121-127105-0024_generated.wav | RTF: 0.2731(3.947s / 14.450s) | Generator RTF: 0.2728(3.942s / 14.450s)
generated_audios/generated_H4_256C_pruned30_int8/121-127105-0025_generated.wav | RTF: 0.2704(4.344s / 16.065s) | Generator RTF: 0.2701(4.339s / 16.065s)
generated_audios/generated_H4_256C_pruned30_int8/121-127105-0026_generated.wav | RTF: 0.2419(1.822s / 7.530s) | Generator RTF: 0.2414(1.818s / 7.530s)
generated_audios/generated_H4_256C_pruned30_int8/121-127105-0027_generated.wav | RTF: 0.2731(3.789s / 13.870s) | Generator RTF: 0.2728(3.784s / 13.870s)
generated_audios/generated_H4_256C_pruned30_int8/121-127105-0028_generated.wav | RTF: 0.0533(0.360s / 6.750s) | Generator RTF: 0.0528(0.356s / 6.750s)
generated_audios/generated_H4_256C_pruned30_int8/121-127105-0029_generated.wav | RTF: 0.2458(1.797s / 7.310s) | Generator RTF: 0.2453(1.793s / 7.310s)
generated_audios/generated_H4_256C_pruned30_int8/121-127105-0030_generated.wav | RTF: 0.2562(0.557s / 2.175s) | Generator RTF: 0.2548(0.554s / 2.175s)
generated_audios/generated_H4_256C_pruned30_int8/121-127105-0031_generated.wav | RTF: 0.2500(2.691s / 10.765s) | Generator RTF: 0.2496(2.687s / 10.765s)
generated_audios/generated_H4_256C_pruned30_int8/121-127105-0032_generated.wav | RTF: 0.2416(0.766s / 3.170s) | Generator RTF: 0.2406(0.763s / 3.170s)
generated_audios/generated_H4_256C_pruned30_int8/121-127105-0033_generated.wav | RTF: 0.2551(0.601s / 2.355s) | Generator RTF: 0.2539(0.598s / 2.355s)
generated_audios/generated_H4_256C_pruned30_int8/121-127105-0034_generated.wav | RTF: 0.2493(1.848s / 7.410s) | Generator RTF: 0.2489(1.844s / 7.410s)
generated_audios/generated_H4_256C_pruned30_int8/121-127105-0035_generated.wav | RTF: 0.2731(3.864s / 14.150s) | Generator RTF: 0.2728(3.860s / 14.150s)
generated_audios/generated_H4_256C_pruned30_int8/121-127105-0036_generated.wav | RTF: 0.2407(0.999s / 4.150s) | Generator RTF: 0.2399(0.996s / 4.150s)
generated_audios/generated_H4_256C_pruned30_int8/237-126133-0000_generated.wav | RTF: 0.2791(3.709s / 13.290s) | Generator RTF: 0.2787(3.704s / 13.290s)
generated_audios/generated_H4_256C_pruned30_int8/237-126133-0001_generated.wav | RTF: 0.2721(3.255s / 11.965s) | Generator RTF: 0.2717(3.251s / 11.965s)
generated_audios/generated_H4_256C_pruned30_int8/237-126133-0002_generated.wav | RTF: 0.2491(2.222s / 8.920s) | Generator RTF: 0.2486(2.218s / 8.920s)
generated_audios/generated_H4_256C_pruned30_int8/237-126133-0003_generated.wav | RTF: 0.2428(1.592s / 6.560s) | Generator RTF: 0.2424(1.590s / 6.560s)
generated_audios/generated_H4_256C_pruned30_int8/237-126133-0004_generated.wav | RTF: 0.2440(0.804s / 3.295s) | Generator RTF: 0.2430(0.801s / 3.295s)
generated_audios/generated_H4_256C_pruned30_int8/237-126133-0005_generated.wav | RTF: 0.2454(1.597s / 6.510s) | Generator RTF: 0.2449(1.594s / 6.510s)
generated_audios/generated_H4_256C_pruned30_int8/237-126133-0006_generated.wav | RTF: 0.2425(1.491s / 6.150s) | Generator RTF: 0.2419(1.487s / 6.150s)
generated_audios/generated_H4_256C_pruned30_int8/237-126133-0007_generated.wav | RTF: 0.2458(2.133s / 8.680s) | Generator RTF: 0.2454(2.130s / 8.680s)
generated_audios/generated_H4_256C_pruned30_int8/237-126133-0008_generated.wav | RTF: 0.2452(0.948s / 3.865s) | Generator RTF: 0.2443(0.944s / 3.865s)
generated_audios/generated_H4_256C_pruned30_int8/237-126133-0009_generated.wav | RTF: 0.2438(0.968s / 3.970s) | Generator RTF: 0.2430(0.965s / 3.970s)
generated_audios/generated_H4_256C_pruned30_int8/237-126133-0010_generated.wav | RTF: 0.2407(1.502s / 6.240s) | Generator RTF: 0.2401(1.498s / 6.240s)
generated_audios/generated_H4_256C_pruned30_int8/237-126133-0011_generated.wav | RTF: 0.2424(1.627s / 6.710s) | Generator RTF: 0.2419(1.623s / 6.710s)
generated_audios/generated_H4_256C_pruned30_int8/237-126133-0012_generated.wav | RTF: 0.2463(1.096s / 4.450s) | Generator RTF: 0.2458(1.094s / 4.450s)
generated_audios/generated_H4_256C_pruned30_int8/237-126133-0013_generated.wav | RTF: 0.2519(1.717s / 6.815s) | Generator RTF: 0.2514(1.713s / 6.815s)
generated_audios/generated_H4_256C_pruned30_int8/237-126133-0014_generated.wav | RTF: 0.2480(1.684s / 6.790s) | Generator RTF: 0.2474(1.680s / 6.790s)
generated_audios/generated_H4_256C_pruned30_int8/237-126133-0015_generated.wav | RTF: 0.2478(2.314s / 9.340s) | Generator RTF: 0.2473(2.310s / 9.340s)
generated_audios/generated_H4_256C_pruned30_int8/237-126133-0016_generated.wav | RTF: 0.2404(1.021s / 4.250s) | Generator RTF: 0.2396(1.018s / 4.250s)
generated_audios/generated_H4_256C_pruned30_int8/237-126133-0017_generated.wav | RTF: 0.2395(1.487s / 6.210s) | Generator RTF: 0.2389(1.484s / 6.210s)
generated_audios/generated_H4_256C_pruned30_int8/237-126133-0018_generated.wav | RTF: 0.2475(1.013s / 4.095s) | Generator RTF: 0.2466(1.010s / 4.095s)
generated_audios/generated_H4_256C_pruned30_int8/237-126133-0019_generated.wav | RTF: 0.2482(1.767s / 7.120s) | Generator RTF: 0.2476(1.763s / 7.120s)
generated_audios/generated_H4_256C_pruned30_int8/237-126133-0020_generated.wav | RTF: 0.2441(0.547s / 2.240s) | Generator RTF: 0.2427(0.544s / 2.240s)
generated_audios/generated_H4_256C_pruned30_int8/237-126133-0021_generated.wav | RTF: 0.2360(1.030s / 4.365s) | Generator RTF: 0.2353(1.027s / 4.365s)
generated_audios/generated_H4_256C_pruned30_int8/237-126133-0022_generated.wav | RTF: 0.2441(1.230s / 5.040s) | Generator RTF: 0.2434(1.227s / 5.040s)
generated_audios/generated_H4_256C_pruned30_int8/237-126133-0023_generated.wav | RTF: 0.2443(1.631s / 6.675s) | Generator RTF: 0.2437(1.627s / 6.675s)
generated_audios/generated_H4_256C_pruned30_int8/237-126133-0024_generated.wav | RTF: 0.2556(2.470s / 9.665s) | Generator RTF: 0.2552(2.466s / 9.665s)
generated_audios/generated_H4_256C_pruned30_int8/237-126133-0025_generated.wav | RTF: 0.2480(0.931s / 3.755s) | Generator RTF: 0.2471(0.928s / 3.755s)
generated_audios/generated_H4_256C_pruned30_int8/237-134493-0000_generated.wav | RTF: 0.2460(1.010s / 4.105s) | Generator RTF: 0.2452(1.007s / 4.105s)
generated_audios/generated_H4_256C_pruned30_int8/237-134493-0001_generated.wav | RTF: 0.2535(1.871s / 7.380s) | Generator RTF: 0.2530(1.867s / 7.380s)
generated_audios/generated_H4_256C_pruned30_int8/237-134493-0002_generated.wav | RTF: 0.2524(2.876s / 11.395s) | Generator RTF: 0.2520(2.872s / 11.395s)
generated_audios/generated_H4_256C_pruned30_int8/237-134493-0003_generated.wav | RTF: 0.2781(3.550s / 12.765s) | Generator RTF: 0.2778(3.546s / 12.765s)
generated_audios/generated_H4_256C_pruned30_int8/237-134493-0004_generated.wav | RTF: 0.2438(1.664s / 6.825s) | Generator RTF: 0.2433(1.661s / 6.825s)
generated_audios/generated_H4_256C_pruned30_int8/237-134493-0005_generated.wav | RTF: 0.2499(2.735s / 10.945s) | Generator RTF: 0.2495(2.731s / 10.945s)
generated_audios/generated_H4_256C_pruned30_int8/237-134493-0006_generated.wav | RTF: 0.2434(1.070s / 4.395s) | Generator RTF: 0.2426(1.066s / 4.395s)
generated_audios/generated_H4_256C_pruned30_int8/237-134493-0007_generated.wav | RTF: 0.2561(0.521s / 2.035s) | Generator RTF: 0.2552(0.519s / 2.035s)
generated_audios/generated_H4_256C_pruned30_int8/237-134493-0008_generated.wav | RTF: 0.2421(0.558s / 2.305s) | Generator RTF: 0.2407(0.555s / 2.305s)
generated_audios/generated_H4_256C_pruned30_int8/237-134493-0009_generated.wav | RTF: 0.2703(0.804s / 2.975s) | Generator RTF: 0.2692(0.801s / 2.975s)
generated_audios/generated_H4_256C_pruned30_int8/237-134493-0010_generated.wav | RTF: 0.2467(0.709s / 2.875s) | Generator RTF: 0.2456(0.706s / 2.875s)
generated_audios/generated_H4_256C_pruned30_int8/237-134493-0011_generated.wav | RTF: 0.2468(1.243s / 5.035s) | Generator RTF: 0.2461(1.239s / 5.035s)
generated_audios/generated_H4_256C_pruned30_int8/237-134493-0012_generated.wav | RTF: 0.2431(0.890s / 3.660s) | Generator RTF: 0.2422(0.886s / 3.660s)
generated_audios/generated_H4_256C_pruned30_int8/237-134493-0013_generated.wav | RTF: 0.0544(0.223s / 4.090s) | Generator RTF: 0.0536(0.219s / 4.090s)
generated_audios/generated_H4_256C_pruned30_int8/237-134493-0014_generated.wav | RTF: 0.2420(0.895s / 3.700s) | Generator RTF: 0.2411(0.892s / 3.700s)
generated_audios/generated_H4_256C_pruned30_int8/237-134493-0015_generated.wav | RTF: 0.0538(0.353s / 6.550s) | Generator RTF: 0.0533(0.349s / 6.550s)
generated_audios/generated_H4_256C_pruned30_int8/237-134493-0016_generated.wav | RTF: 0.2520(2.542s / 10.085s) | Generator RTF: 0.2517(2.538s / 10.085s)
generated_audios/generated_H4_256C_pruned30_int8/237-134493-0017_generated.wav | RTF: 0.2519(2.294s / 9.105s) | Generator RTF: 0.2515(2.290s / 9.105s)
generated_audios/generated_H4_256C_pruned30_int8/237-134493-0018_generated.wav | RTF: 0.2450(1.174s / 4.790s) | Generator RTF: 0.2444(1.171s / 4.790s)
generated_audios/generated_H4_256C_pruned30_int8/237-134500-0000_generated.wav | RTF: 0.2489(1.526s / 6.130s) | Generator RTF: 0.2483(1.522s / 6.130s)
generated_audios/generated_H4_256C_pruned30_int8/237-134500-0001_generated.wav | RTF: 0.2529(0.458s / 1.810s) | Generator RTF: 0.2512(0.455s / 1.810s)
generated_audios/generated_H4_256C_pruned30_int8/237-134500-0002_generated.wav | RTF: 0.2470(1.252s / 5.070s) | Generator RTF: 0.2463(1.249s / 5.070s)
generated_audios/generated_H4_256C_pruned30_int8/237-134500-0003_generated.wav | RTF: 0.0541(0.172s / 3.170s) | Generator RTF: 0.0531(0.168s / 3.170s)
generated_audios/generated_H4_256C_pruned30_int8/237-134500-0004_generated.wav | RTF: 0.0552(0.123s / 2.225s) | Generator RTF: 0.0538(0.120s / 2.225s)
generated_audios/generated_H4_256C_pruned30_int8/237-134500-0005_generated.wav | RTF: 0.2526(0.604s / 2.390s) | Generator RTF: 0.2514(0.601s / 2.390s)
generated_audios/generated_H4_256C_pruned30_int8/237-134500-0006_generated.wav | RTF: 0.2449(1.035s / 4.225s) | Generator RTF: 0.2441(1.031s / 4.225s)
generated_audios/generated_H4_256C_pruned30_int8/237-134500-0007_generated.wav | RTF: 0.0488(0.117s / 2.390s) | Generator RTF: 0.0475(0.113s / 2.390s)
generated_audios/generated_H4_256C_pruned30_int8/237-134500-0008_generated.wav | RTF: 0.0516(0.194s / 3.760s) | Generator RTF: 0.0507(0.191s / 3.760s)
generated_audios/generated_H4_256C_pruned30_int8/237-134500-0009_generated.wav | RTF: 0.0495(0.110s / 2.220s) | Generator RTF: 0.0481(0.107s / 2.220s)
generated_audios/generated_H4_256C_pruned30_int8/237-134500-0010_generated.wav | RTF: 0.2498(0.998s / 3.995s) | Generator RTF: 0.2490(0.995s / 3.995s)
generated_audios/generated_H4_256C_pruned30_int8/237-134500-0011_generated.wav | RTF: 0.2458(0.823s / 3.350s) | Generator RTF: 0.2448(0.820s / 3.350s)
generated_audios/generated_H4_256C_pruned30_int8/237-134500-0012_generated.wav | RTF: 0.2535(2.772s / 10.935s) | Generator RTF: 0.2531(2.768s / 10.935s)
generated_audios/generated_H4_256C_pruned30_int8/237-134500-0013_generated.wav | RTF: 0.0569(0.601s / 10.560s) | Generator RTF: 0.0565(0.597s / 10.560s)
generated_audios/generated_H4_256C_pruned30_int8/237-134500-0014_generated.wav | RTF: 0.0533(0.227s / 4.250s) | Generator RTF: 0.0526(0.224s / 4.250s)
generated_audios/generated_H4_256C_pruned30_int8/237-134500-0015_generated.wav | RTF: 0.2557(2.766s / 10.815s) | Generator RTF: 0.2554(2.762s / 10.815s)
generated_audios/generated_H4_256C_pruned30_int8/237-134500-0016_generated.wav | RTF: 0.0548(0.173s / 3.160s) | Generator RTF: 0.0538(0.170s / 3.160s)
generated_audios/generated_H4_256C_pruned30_int8/237-134500-0017_generated.wav | RTF: 0.0568(0.124s / 2.180s) | Generator RTF: 0.0554(0.121s / 2.180s)
generated_audios/generated_H4_256C_pruned30_int8/237-134500-0018_generated.wav | RTF: 0.2820(3.622s / 12.845s) | Generator RTF: 0.2817(3.618s / 12.845s)
generated_audios/generated_H4_256C_pruned30_int8/237-134500-0019_generated.wav | RTF: 0.2424(0.693s / 2.860s) | Generator RTF: 0.2414(0.690s / 2.860s)
generated_audios/generated_H4_256C_pruned30_int8/237-134500-0020_generated.wav | RTF: 0.0484(0.106s / 2.180s) | Generator RTF: 0.0470(0.102s / 2.180s)
generated_audios/generated_H4_256C_pruned30_int8/237-134500-0021_generated.wav | RTF: 0.2431(1.245s / 5.120s) | Generator RTF: 0.2425(1.241s / 5.120s)
generated_audios/generated_H4_256C_pruned30_int8/237-134500-0022_generated.wav | RTF: 0.2498(1.290s / 5.165s) | Generator RTF: 0.2491(1.287s / 5.165s)
generated_audios/generated_H4_256C_pruned30_int8/237-134500-0023_generated.wav | RTF: 0.2532(0.775s / 3.060s) | Generator RTF: 0.2521(0.771s / 3.060s)
generated_audios/generated_H4_256C_pruned30_int8/237-134500-0024_generated.wav | RTF: 0.0527(0.232s / 4.410s) | Generator RTF: 0.0520(0.229s / 4.410s)
generated_audios/generated_H4_256C_pruned30_int8/237-134500-0025_generated.wav | RTF: 0.2550(0.416s / 1.630s) | Generator RTF: 0.2531(0.413s / 1.630s)
generated_audios/generated_H4_256C_pruned30_int8/237-134500-0026_generated.wav | RTF: 0.2488(0.759s / 3.050s) | Generator RTF: 0.2477(0.756s / 3.050s)
generated_audios/generated_H4_256C_pruned30_int8/237-134500-0027_generated.wav | RTF: 0.2494(0.816s / 3.270s) | Generator RTF: 0.2484(0.812s / 3.270s)
generated_audios/generated_H4_256C_pruned30_int8/237-134500-0028_generated.wav | RTF: 0.2535(1.147s / 4.525s) | Generator RTF: 0.2527(1.144s / 4.525s)
generated_audios/generated_H4_256C_pruned30_int8/237-134500-0029_generated.wav | RTF: 0.2475(0.511s / 2.065s) | Generator RTF: 0.2460(0.508s / 2.065s)
generated_audios/generated_H4_256C_pruned30_int8/237-134500-0030_generated.wav | RTF: 0.2535(0.705s / 2.780s) | Generator RTF: 0.2523(0.702s / 2.780s)
generated_audios/generated_H4_256C_pruned30_int8/237-134500-0031_generated.wav | RTF: 0.2559(2.715s / 10.610s) | Generator RTF: 0.2555(2.711s / 10.610s)
generated_audios/generated_H4_256C_pruned30_int8/237-134500-0032_generated.wav | RTF: 0.0529(0.266s / 5.025s) | Generator RTF: 0.0522(0.262s / 5.025s)
generated_audios/generated_H4_256C_pruned30_int8/237-134500-0033_generated.wav | RTF: 0.2473(1.571s / 6.350s) | Generator RTF: 0.2468(1.567s / 6.350s)
generated_audios/generated_H4_256C_pruned30_int8/237-134500-0034_generated.wav | RTF: 0.2478(0.762s / 3.075s) | Generator RTF: 0.2468(0.759s / 3.075s)
generated_audios/generated_H4_256C_pruned30_int8/237-134500-0035_generated.wav | RTF: 0.2588(0.661s / 2.555s) | Generator RTF: 0.2576(0.658s / 2.555s)
generated_audios/generated_H4_256C_pruned30_int8/237-134500-0036_generated.wav | RTF: 0.2522(1.665s / 6.600s) | Generator RTF: 0.2517(1.661s / 6.600s)
generated_audios/generated_H4_256C_pruned30_int8/237-134500-0037_generated.wav | RTF: 0.2555(1.815s / 7.105s) | Generator RTF: 0.2550(1.812s / 7.105s)
generated_audios/generated_H4_256C_pruned30_int8/237-134500-0038_generated.wav | RTF: 0.2530(0.616s / 2.435s) | Generator RTF: 0.2517(0.613s / 2.435s)
generated_audios/generated_H4_256C_pruned30_int8/237-134500-0039_generated.wav | RTF: 0.2531(1.172s / 4.630s) | Generator RTF: 0.2523(1.168s / 4.630s)
generated_audios/generated_H4_256C_pruned30_int8/237-134500-0040_generated.wav | RTF: 0.0516(0.208s / 4.030s) | Generator RTF: 0.0508(0.205s / 4.030s)
generated_audios/generated_H4_256C_pruned30_int8/237-134500-0041_generated.wav | RTF: 0.0651(0.580s / 8.920s) | Generator RTF: 0.0647(0.577s / 8.920s)
generated_audios/generated_H4_256C_pruned30_int8/237-134500-0042_generated.wav | RTF: 0.2525(0.650s / 2.575s) | Generator RTF: 0.2513(0.647s / 2.575s)
generated_audios/generated_H4_256C_pruned30_int8/260-123286-0000_generated.wav | RTF: 0.2556(1.799s / 7.040s) | Generator RTF: 0.2551(1.796s / 7.040s)
generated_audios/generated_H4_256C_pruned30_int8/260-123286-0001_generated.wav | RTF: 0.0509(0.156s / 3.070s) | Generator RTF: 0.0498(0.153s / 3.070s)
generated_audios/generated_H4_256C_pruned30_int8/260-123286-0002_generated.wav | RTF: 0.2572(2.568s / 9.985s) | Generator RTF: 0.2568(2.564s / 9.985s)
generated_audios/generated_H4_256C_pruned30_int8/260-123286-0003_generated.wav | RTF: 0.2531(1.865s / 7.370s) | Generator RTF: 0.2526(1.861s / 7.370s)
generated_audios/generated_H4_256C_pruned30_int8/260-123286-0004_generated.wav | RTF: 0.2554(0.885s / 3.465s) | Generator RTF: 0.2545(0.882s / 3.465s)
generated_audios/generated_H4_256C_pruned30_int8/260-123286-0005_generated.wav | RTF: 0.2483(1.194s / 4.810s) | Generator RTF: 0.2476(1.191s / 4.810s)
generated_audios/generated_H4_256C_pruned30_int8/260-123286-0006_generated.wav | RTF: 0.2646(1.960s / 7.405s) | Generator RTF: 0.2641(1.956s / 7.405s)
generated_audios/generated_H4_256C_pruned30_int8/260-123286-0007_generated.wav | RTF: 0.2536(1.154s / 4.550s) | Generator RTF: 0.2528(1.150s / 4.550s)
generated_audios/generated_H4_256C_pruned30_int8/260-123286-0008_generated.wav | RTF: 0.2531(0.946s / 3.735s) | Generator RTF: 0.2523(0.942s / 3.735s)
generated_audios/generated_H4_256C_pruned30_int8/260-123286-0009_generated.wav | RTF: 0.2519(1.460s / 5.795s) | Generator RTF: 0.2513(1.456s / 5.795s)
generated_audios/generated_H4_256C_pruned30_int8/260-123286-0010_generated.wav | RTF: 0.0478(0.123s / 2.575s) | Generator RTF: 0.0466(0.120s / 2.575s)
generated_audios/generated_H4_256C_pruned30_int8/260-123286-0011_generated.wav | RTF: 0.0538(0.229s / 4.255s) | Generator RTF: 0.0530(0.226s / 4.255s)
generated_audios/generated_H4_256C_pruned30_int8/260-123286-0012_generated.wav | RTF: 0.0480(0.117s / 2.430s) | Generator RTF: 0.0468(0.114s / 2.430s)
generated_audios/generated_H4_256C_pruned30_int8/260-123286-0013_generated.wav | RTF: 0.2587(1.223s / 4.730s) | Generator RTF: 0.2579(1.220s / 4.730s)
generated_audios/generated_H4_256C_pruned30_int8/260-123286-0014_generated.wav | RTF: 0.0860(0.256s / 2.980s) | Generator RTF: 0.0849(0.253s / 2.980s)
generated_audios/generated_H4_256C_pruned30_int8/260-123286-0015_generated.wav | RTF: 0.2590(1.349s / 5.210s) | Generator RTF: 0.2583(1.346s / 5.210s)
generated_audios/generated_H4_256C_pruned30_int8/260-123286-0016_generated.wav | RTF: 0.2582(1.807s / 7.000s) | Generator RTF: 0.2577(1.804s / 7.000s)
generated_audios/generated_H4_256C_pruned30_int8/260-123286-0017_generated.wav | RTF: 0.2508(0.997s / 3.975s) | Generator RTF: 0.2499(0.993s / 3.975s)
generated_audios/generated_H4_256C_pruned30_int8/260-123286-0018_generated.wav | RTF: 0.2527(1.433s / 5.670s) | Generator RTF: 0.2520(1.429s / 5.670s)
generated_audios/generated_H4_256C_pruned30_int8/260-123286-0019_generated.wav | RTF: 0.2852(3.396s / 11.905s) | Generator RTF: 0.2848(3.391s / 11.905s)
generated_audios/generated_H4_256C_pruned30_int8/260-123286-0020_generated.wav | RTF: 0.0523(0.160s / 3.060s) | Generator RTF: 0.0516(0.158s / 3.060s)
generated_audios/generated_H4_256C_pruned30_int8/260-123286-0021_generated.wav | RTF: 0.2501(0.638s / 2.550s) | Generator RTF: 0.2488(0.634s / 2.550s)
generated_audios/generated_H4_256C_pruned30_int8/260-123286-0022_generated.wav | RTF: 0.2581(0.835s / 3.235s) | Generator RTF: 0.2571(0.832s / 3.235s)
generated_audios/generated_H4_256C_pruned30_int8/260-123286-0023_generated.wav | RTF: 0.2593(1.523s / 5.875s) | Generator RTF: 0.2587(1.520s / 5.875s)
generated_audios/generated_H4_256C_pruned30_int8/260-123286-0024_generated.wav | RTF: 0.2514(0.764s / 3.040s) | Generator RTF: 0.2505(0.762s / 3.040s)
generated_audios/generated_H4_256C_pruned30_int8/260-123286-0025_generated.wav | RTF: 0.2631(2.422s / 9.205s) | Generator RTF: 0.2628(2.419s / 9.205s)
generated_audios/generated_H4_256C_pruned30_int8/260-123286-0026_generated.wav | RTF: 0.2549(1.769s / 6.940s) | Generator RTF: 0.2544(1.765s / 6.940s)
generated_audios/generated_H4_256C_pruned30_int8/260-123286-0027_generated.wav | RTF: 0.2568(1.841s / 7.170s) | Generator RTF: 0.2563(1.838s / 7.170s)
generated_audios/generated_H4_256C_pruned30_int8/260-123286-0028_generated.wav | RTF: 0.2593(1.936s / 7.465s) | Generator RTF: 0.2588(1.932s / 7.465s)
generated_audios/generated_H4_256C_pruned30_int8/260-123286-0029_generated.wav | RTF: 0.0562(0.255s / 4.545s) | Generator RTF: 0.0525(0.238s / 4.545s)
generated_audios/generated_H4_256C_pruned30_int8/260-123286-0030_generated.wav | RTF: 0.0519(0.391s / 7.530s) | Generator RTF: 0.0514(0.387s / 7.530s)
generated_audios/generated_H4_256C_pruned30_int8/260-123286-0031_generated.wav | RTF: 0.2580(1.305s / 5.060s) | Generator RTF: 0.2573(1.302s / 5.060s)
generated_audios/generated_H4_256C_pruned30_int8/260-123288-0000_generated.wav | RTF: 0.0483(0.147s / 3.040s) | Generator RTF: 0.0472(0.144s / 3.040s)
generated_audios/generated_H4_256C_pruned30_int8/260-123288-0001_generated.wav | RTF: 0.0524(0.266s / 5.080s) | Generator RTF: 0.0517(0.263s / 5.080s)
generated_audios/generated_H4_256C_pruned30_int8/260-123288-0002_generated.wav | RTF: 0.2670(1.936s / 7.250s) | Generator RTF: 0.2665(1.932s / 7.250s)
generated_audios/generated_H4_256C_pruned30_int8/260-123288-0003_generated.wav | RTF: 0.2723(2.425s / 8.905s) | Generator RTF: 0.2719(2.422s / 8.905s)
generated_audios/generated_H4_256C_pruned30_int8/260-123288-0004_generated.wav | RTF: 0.2649(1.142s / 4.310s) | Generator RTF: 0.2642(1.139s / 4.310s)
generated_audios/generated_H4_256C_pruned30_int8/260-123288-0005_generated.wav | RTF: 0.2929(3.675s / 12.550s) | Generator RTF: 0.2925(3.671s / 12.550s)
generated_audios/generated_H4_256C_pruned30_int8/260-123288-0006_generated.wav | RTF: 0.2617(1.277s / 4.880s) | Generator RTF: 0.2610(1.274s / 4.880s)
generated_audios/generated_H4_256C_pruned30_int8/260-123288-0007_generated.wav | RTF: 0.2717(3.043s / 11.200s) | Generator RTF: 0.2713(3.039s / 11.200s)
generated_audios/generated_H4_256C_pruned30_int8/260-123288-0008_generated.wav | RTF: 0.2678(1.477s / 5.515s) | Generator RTF: 0.2671(1.473s / 5.515s)
generated_audios/generated_H4_256C_pruned30_int8/260-123288-0009_generated.wav | RTF: 0.2647(0.909s / 3.435s) | Generator RTF: 0.2637(0.906s / 3.435s)
generated_audios/generated_H4_256C_pruned30_int8/260-123288-0010_generated.wav | RTF: 0.0579(0.578s / 9.995s) | Generator RTF: 0.0576(0.576s / 9.995s)
generated_audios/generated_H4_256C_pruned30_int8/260-123288-0011_generated.wav | RTF: 0.2719(2.442s / 8.980s) | Generator RTF: 0.2715(2.438s / 8.980s)
generated_audios/generated_H4_256C_pruned30_int8/260-123288-0012_generated.wav | RTF: 0.2691(0.954s / 3.545s) | Generator RTF: 0.2682(0.951s / 3.545s)
generated_audios/generated_H4_256C_pruned30_int8/260-123288-0013_generated.wav | RTF: 0.2753(3.134s / 11.385s) | Generator RTF: 0.2749(3.130s / 11.385s)
generated_audios/generated_H4_256C_pruned30_int8/260-123288-0014_generated.wav | RTF: 0.0592(0.107s / 1.805s) | Generator RTF: 0.0575(0.104s / 1.805s)
generated_audios/generated_H4_256C_pruned30_int8/260-123288-0015_generated.wav | RTF: 0.2891(6.124s / 21.185s) | Generator RTF: 0.2888(6.119s / 21.185s)
generated_audios/generated_H4_256C_pruned30_int8/260-123288-0016_generated.wav | RTF: 0.2699(1.313s / 4.865s) | Generator RTF: 0.2692(1.310s / 4.865s)
generated_audios/generated_H4_256C_pruned30_int8/260-123288-0017_generated.wav | RTF: 0.2636(1.377s / 5.225s) | Generator RTF: 0.2630(1.374s / 5.225s)
generated_audios/generated_H4_256C_pruned30_int8/260-123288-0018_generated.wav | RTF: 0.2607(0.846s / 3.245s) | Generator RTF: 0.2601(0.844s / 3.245s)
generated_audios/generated_H4_256C_pruned30_int8/260-123288-0019_generated.wav | RTF: 0.0538(0.159s / 2.955s) | Generator RTF: 0.0527(0.156s / 2.955s)
generated_audios/generated_H4_256C_pruned30_int8/260-123288-0020_generated.wav | RTF: 0.2610(0.757s / 2.900s) | Generator RTF: 0.2601(0.754s / 2.900s)
generated_audios/generated_H4_256C_pruned30_int8/260-123288-0021_generated.wav | RTF: 0.0544(0.148s / 2.710s) | Generator RTF: 0.0533(0.144s / 2.710s)
generated_audios/generated_H4_256C_pruned30_int8/260-123288-0022_generated.wav | RTF: 0.2680(0.993s / 3.705s) | Generator RTF: 0.2672(0.990s / 3.705s)
generated_audios/generated_H4_256C_pruned30_int8/260-123288-0023_generated.wav | RTF: 0.0548(0.131s / 2.385s) | Generator RTF: 0.0535(0.128s / 2.385s)
generated_audios/generated_H4_256C_pruned30_int8/260-123288-0024_generated.wav | RTF: 0.2911(4.249s / 14.595s) | Generator RTF: 0.2908(4.244s / 14.595s)
generated_audios/generated_H4_256C_pruned30_int8/260-123288-0025_generated.wav | RTF: 0.2899(3.898s / 13.445s) | Generator RTF: 0.2896(3.894s / 13.445s)
generated_audios/generated_H4_256C_pruned30_int8/260-123288-0026_generated.wav | RTF: 0.2910(4.667s / 16.040s) | Generator RTF: 0.2906(4.662s / 16.040s)
generated_audios/generated_H4_256C_pruned30_int8/260-123288-0027_generated.wav | RTF: 0.2656(1.675s / 6.305s) | Generator RTF: 0.2651(1.671s / 6.305s)
generated_audios/generated_H4_256C_pruned30_int8/260-123288-0028_generated.wav | RTF: 0.2964(0.773s / 2.610s) | Generator RTF: 0.2753(0.719s / 2.610s)
generated_audios/generated_H4_256C_pruned30_int8/260-123440-0000_generated.wav | RTF: 0.2618(0.567s / 2.165s) | Generator RTF: 0.2605(0.564s / 2.165s)
generated_audios/generated_H4_256C_pruned30_int8/260-123440-0001_generated.wav | RTF: 0.2747(0.478s / 1.740s) | Generator RTF: 0.2730(0.475s / 1.740s)
generated_audios/generated_H4_256C_pruned30_int8/260-123440-0002_generated.wav | RTF: 0.2946(4.335s / 14.715s) | Generator RTF: 0.2943(4.331s / 14.715s)
generated_audios/generated_H4_256C_pruned30_int8/260-123440-0003_generated.wav | RTF: 0.2688(0.964s / 3.585s) | Generator RTF: 0.2680(0.961s / 3.585s)
generated_audios/generated_H4_256C_pruned30_int8/260-123440-0004_generated.wav | RTF: 0.2971(3.572s / 12.020s) | Generator RTF: 0.2968(3.568s / 12.020s)
generated_audios/generated_H4_256C_pruned30_int8/260-123440-0005_generated.wav | RTF: 0.0654(0.203s / 3.105s) | Generator RTF: 0.0644(0.200s / 3.105s)
generated_audios/generated_H4_256C_pruned30_int8/260-123440-0006_generated.wav | RTF: 0.0467(0.127s / 2.715s) | Generator RTF: 0.0455(0.124s / 2.715s)
generated_audios/generated_H4_256C_pruned30_int8/260-123440-0007_generated.wav | RTF: 0.2623(0.888s / 3.385s) | Generator RTF: 0.2614(0.885s / 3.385s)
generated_audios/generated_H4_256C_pruned30_int8/260-123440-0008_generated.wav | RTF: 0.2698(1.010s / 3.745s) | Generator RTF: 0.2689(1.007s / 3.745s)
generated_audios/generated_H4_256C_pruned30_int8/260-123440-0009_generated.wav | RTF: 0.2694(0.839s / 3.115s) | Generator RTF: 0.2684(0.836s / 3.115s)
generated_audios/generated_H4_256C_pruned30_int8/260-123440-0010_generated.wav | RTF: 0.2771(2.304s / 8.315s) | Generator RTF: 0.2766(2.300s / 8.315s)
generated_audios/generated_H4_256C_pruned30_int8/260-123440-0011_generated.wav | RTF: 0.0520(0.253s / 4.870s) | Generator RTF: 0.0513(0.250s / 4.870s)
generated_audios/generated_H4_256C_pruned30_int8/260-123440-0012_generated.wav | RTF: 0.2719(1.426s / 5.245s) | Generator RTF: 0.2713(1.423s / 5.245s)
generated_audios/generated_H4_256C_pruned30_int8/260-123440-0013_generated.wav | RTF: 0.2690(0.935s / 3.475s) | Generator RTF: 0.2680(0.931s / 3.475s)
generated_audios/generated_H4_256C_pruned30_int8/260-123440-0014_generated.wav | RTF: 0.2723(1.039s / 3.815s) | Generator RTF: 0.2715(1.036s / 3.815s)
generated_audios/generated_H4_256C_pruned30_int8/260-123440-0015_generated.wav | RTF: 0.0517(0.321s / 6.200s) | Generator RTF: 0.0511(0.317s / 6.200s)
generated_audios/generated_H4_256C_pruned30_int8/260-123440-0016_generated.wav | RTF: 0.2719(1.331s / 4.895s) | Generator RTF: 0.2712(1.328s / 4.895s)
generated_audios/generated_H4_256C_pruned30_int8/260-123440-0017_generated.wav | RTF: 0.0569(0.175s / 3.070s) | Generator RTF: 0.0559(0.171s / 3.070s)
generated_audios/generated_H4_256C_pruned30_int8/260-123440-0018_generated.wav | RTF: 0.2689(0.979s / 3.640s) | Generator RTF: 0.2680(0.975s / 3.640s)
generated_audios/generated_H4_256C_pruned30_int8/260-123440-0019_generated.wav | RTF: 0.2701(1.791s / 6.630s) | Generator RTF: 0.2695(1.787s / 6.630s)
generated_audios/generated_H4_256C_pruned30_int8/260-123440-0020_generated.wav | RTF: 0.2719(1.358s / 4.995s) | Generator RTF: 0.2712(1.355s / 4.995s)
generated_audios/generated_H4_256C_pruned30_int8/61-70968-0000_generated.wav | RTF: 0.2740(1.344s / 4.905s) | Generator RTF: 0.2734(1.341s / 4.905s)
generated_audios/generated_H4_256C_pruned30_int8/61-70968-0001_generated.wav | RTF: 0.2696(0.973s / 3.610s) | Generator RTF: 0.2687(0.970s / 3.610s)
generated_audios/generated_H4_256C_pruned30_int8/61-70968-0002_generated.wav | RTF: 0.2651(0.787s / 2.970s) | Generator RTF: 0.2639(0.784s / 2.970s)
generated_audios/generated_H4_256C_pruned30_int8/61-70968-0003_generated.wav | RTF: 0.0530(0.229s / 4.315s) | Generator RTF: 0.0522(0.225s / 4.315s)
generated_audios/generated_H4_256C_pruned30_int8/61-70968-0004_generated.wav | RTF: 0.2728(1.060s / 3.885s) | Generator RTF: 0.2719(1.056s / 3.885s)
generated_audios/generated_H4_256C_pruned30_int8/61-70968-0005_generated.wav | RTF: 0.0548(0.278s / 5.070s) | Generator RTF: 0.0541(0.274s / 5.070s)
generated_audios/generated_H4_256C_pruned30_int8/61-70968-0006_generated.wav | RTF: 0.2645(0.776s / 2.935s) | Generator RTF: 0.2634(0.773s / 2.935s)
generated_audios/generated_H4_256C_pruned30_int8/61-70968-0007_generated.wav | RTF: 0.0533(0.189s / 3.550s) | Generator RTF: 0.0524(0.186s / 3.550s)
generated_audios/generated_H4_256C_pruned30_int8/61-70968-0008_generated.wav | RTF: 0.0542(0.192s / 3.535s) | Generator RTF: 0.0533(0.188s / 3.535s)
generated_audios/generated_H4_256C_pruned30_int8/61-70968-0009_generated.wav | RTF: 0.2718(1.226s / 4.510s) | Generator RTF: 0.2710(1.222s / 4.510s)
generated_audios/generated_H4_256C_pruned30_int8/61-70968-0010_generated.wav | RTF: 0.2770(2.298s / 8.295s) | Generator RTF: 0.2767(2.295s / 8.295s)
generated_audios/generated_H4_256C_pruned30_int8/61-70968-0011_generated.wav | RTF: 0.2726(1.738s / 6.375s) | Generator RTF: 0.2720(1.734s / 6.375s)
generated_audios/generated_H4_256C_pruned30_int8/61-70968-0012_generated.wav | RTF: 0.0567(0.148s / 2.610s) | Generator RTF: 0.0554(0.145s / 2.610s)
generated_audios/generated_H4_256C_pruned30_int8/61-70968-0013_generated.wav | RTF: 0.0532(0.237s / 4.450s) | Generator RTF: 0.0524(0.233s / 4.450s)
generated_audios/generated_H4_256C_pruned30_int8/61-70968-0014_generated.wav | RTF: 0.2749(2.057s / 7.485s) | Generator RTF: 0.2744(2.054s / 7.485s)
generated_audios/generated_H4_256C_pruned30_int8/61-70968-0015_generated.wav | RTF: 0.2691(1.447s / 5.375s) | Generator RTF: 0.2685(1.443s / 5.375s)
generated_audios/generated_H4_256C_pruned30_int8/61-70968-0016_generated.wav | RTF: 0.2768(1.030s / 3.720s) | Generator RTF: 0.2759(1.026s / 3.720s)
generated_audios/generated_H4_256C_pruned30_int8/61-70968-0017_generated.wav | RTF: 0.2740(1.400s / 5.110s) | Generator RTF: 0.2734(1.397s / 5.110s)
generated_audios/generated_H4_256C_pruned30_int8/61-70968-0018_generated.wav | RTF: 0.2667(0.642s / 2.405s) | Generator RTF: 0.2654(0.638s / 2.405s)
generated_audios/generated_H4_256C_pruned30_int8/61-70968-0019_generated.wav | RTF: 0.2693(1.475s / 5.475s) | Generator RTF: 0.2687(1.471s / 5.475s)
generated_audios/generated_H4_256C_pruned30_int8/61-70968-0020_generated.wav | RTF: 0.2760(1.409s / 5.105s) | Generator RTF: 0.2754(1.406s / 5.105s)
generated_audios/generated_H4_256C_pruned30_int8/61-70968-0021_generated.wav | RTF: 0.2648(0.712s / 2.690s) | Generator RTF: 0.2636(0.709s / 2.690s)
generated_audios/generated_H4_256C_pruned30_int8/61-70968-0022_generated.wav | RTF: 0.0531(0.248s / 4.670s) | Generator RTF: 0.0524(0.245s / 4.670s)
generated_audios/generated_H4_256C_pruned30_int8/61-70968-0023_generated.wav | RTF: 0.0548(0.275s / 5.025s) | Generator RTF: 0.0541(0.272s / 5.025s)
generated_audios/generated_H4_256C_pruned30_int8/61-70968-0024_generated.wav | RTF: 0.2744(1.653s / 6.025s) | Generator RTF: 0.2738(1.650s / 6.025s)
generated_audios/generated_H4_256C_pruned30_int8/61-70968-0025_generated.wav | RTF: 0.0534(0.235s / 4.410s) | Generator RTF: 0.0526(0.232s / 4.410s)
generated_audios/generated_H4_256C_pruned30_int8/61-70968-0026_generated.wav | RTF: 0.2723(1.340s / 4.920s) | Generator RTF: 0.2716(1.336s / 4.920s)
generated_audios/generated_H4_256C_pruned30_int8/61-70968-0027_generated.wav | RTF: 0.2768(1.901s / 6.870s) | Generator RTF: 0.2762(1.898s / 6.870s)
generated_audios/generated_H4_256C_pruned30_int8/61-70968-0028_generated.wav | RTF: 0.2694(1.443s / 5.355s) | Generator RTF: 0.2688(1.439s / 5.355s)
generated_audios/generated_H4_256C_pruned30_int8/61-70968-0029_generated.wav | RTF: 0.2735(0.956s / 3.495s) | Generator RTF: 0.2725(0.952s / 3.495s)
generated_audios/generated_H4_256C_pruned30_int8/61-70968-0030_generated.wav | RTF: 0.2694(1.532s / 5.685s) | Generator RTF: 0.2688(1.528s / 5.685s)
generated_audios/generated_H4_256C_pruned30_int8/61-70968-0031_generated.wav | RTF: 0.2738(0.801s / 2.925s) | Generator RTF: 0.2727(0.798s / 2.925s)
generated_audios/generated_H4_256C_pruned30_int8/61-70968-0032_generated.wav | RTF: 0.0530(0.227s / 4.280s) | Generator RTF: 0.0522(0.224s / 4.280s)
generated_audios/generated_H4_256C_pruned30_int8/61-70968-0033_generated.wav | RTF: 0.0475(0.270s / 5.685s) | Generator RTF: 0.0468(0.266s / 5.685s)
generated_audios/generated_H4_256C_pruned30_int8/61-70968-0034_generated.wav | RTF: 0.2746(1.162s / 4.230s) | Generator RTF: 0.2738(1.158s / 4.230s)
generated_audios/generated_H4_256C_pruned30_int8/61-70968-0035_generated.wav | RTF: 0.2798(2.225s / 7.950s) | Generator RTF: 0.2793(2.221s / 7.950s)
generated_audios/generated_H4_256C_pruned30_int8/61-70968-0036_generated.wav | RTF: 0.0532(0.156s / 2.935s) | Generator RTF: 0.0521(0.153s / 2.935s)
generated_audios/generated_H4_256C_pruned30_int8/61-70968-0037_generated.wav | RTF: 0.0525(0.226s / 4.315s) | Generator RTF: 0.0517(0.223s / 4.315s)
generated_audios/generated_H4_256C_pruned30_int8/61-70968-0038_generated.wav | RTF: 0.2823(0.579s / 2.050s) | Generator RTF: 0.2809(0.576s / 2.050s)
generated_audios/generated_H4_256C_pruned30_int8/61-70968-0039_generated.wav | RTF: 0.2669(1.015s / 3.805s) | Generator RTF: 0.2660(1.012s / 3.805s)
generated_audios/generated_H4_256C_pruned30_int8/61-70968-0040_generated.wav | RTF: 0.2770(1.094s / 3.950s) | Generator RTF: 0.2761(1.091s / 3.950s)
generated_audios/generated_H4_256C_pruned30_int8/61-70968-0041_generated.wav | RTF: 0.0545(0.372s / 6.825s) | Generator RTF: 0.0539(0.368s / 6.825s)
generated_audios/generated_H4_256C_pruned30_int8/61-70968-0042_generated.wav | RTF: 0.0525(0.146s / 2.785s) | Generator RTF: 0.0518(0.144s / 2.785s)
generated_audios/generated_H4_256C_pruned30_int8/61-70968-0043_generated.wav | RTF: 0.2761(1.860s / 6.735s) | Generator RTF: 0.2756(1.856s / 6.735s)
generated_audios/generated_H4_256C_pruned30_int8/61-70968-0044_generated.wav | RTF: 0.0540(0.149s / 2.770s) | Generator RTF: 0.0528(0.146s / 2.770s)
generated_audios/generated_H4_256C_pruned30_int8/61-70968-0045_generated.wav | RTF: 0.0533(0.185s / 3.475s) | Generator RTF: 0.0524(0.182s / 3.475s)
generated_audios/generated_H4_256C_pruned30_int8/61-70968-0046_generated.wav | RTF: 0.0520(0.184s / 3.550s) | Generator RTF: 0.0510(0.181s / 3.550s)
generated_audios/generated_H4_256C_pruned30_int8/61-70968-0047_generated.wav | RTF: 0.2724(1.301s / 4.775s) | Generator RTF: 0.2717(1.297s / 4.775s)
generated_audios/generated_H4_256C_pruned30_int8/61-70968-0048_generated.wav | RTF: 0.2757(0.833s / 3.020s) | Generator RTF: 0.2746(0.829s / 3.020s)
generated_audios/generated_H4_256C_pruned30_int8/61-70968-0049_generated.wav | RTF: 0.2822(2.328s / 8.250s) | Generator RTF: 0.2817(2.324s / 8.250s)
generated_audios/generated_H4_256C_pruned30_int8/61-70968-0050_generated.wav | RTF: 0.2747(1.533s / 5.580s) | Generator RTF: 0.2741(1.530s / 5.580s)
generated_audios/generated_H4_256C_pruned30_int8/61-70968-0051_generated.wav | RTF: 0.2660(0.834s / 3.135s) | Generator RTF: 0.2650(0.831s / 3.135s)
generated_audios/generated_H4_256C_pruned30_int8/61-70968-0052_generated.wav | RTF: 0.2539(0.673s / 2.650s) | Generator RTF: 0.2527(0.670s / 2.650s)
generated_audios/generated_H4_256C_pruned30_int8/61-70968-0053_generated.wav | RTF: 0.0535(0.226s / 4.220s) | Generator RTF: 0.0526(0.222s / 4.220s)
generated_audios/generated_H4_256C_pruned30_int8/61-70968-0054_generated.wav | RTF: 0.2704(2.125s / 7.860s) | Generator RTF: 0.2698(2.121s / 7.860s)
generated_audios/generated_H4_256C_pruned30_int8/61-70968-0055_generated.wav | RTF: 0.0520(0.206s / 3.965s) | Generator RTF: 0.0511(0.203s / 3.965s)
generated_audios/generated_H4_256C_pruned30_int8/61-70968-0056_generated.wav | RTF: 0.2641(0.941s / 3.565s) | Generator RTF: 0.2632(0.938s / 3.565s)
generated_audios/generated_H4_256C_pruned30_int8/61-70968-0057_generated.wav | RTF: 0.0522(0.264s / 5.065s) | Generator RTF: 0.0515(0.261s / 5.065s)
generated_audios/generated_H4_256C_pruned30_int8/61-70968-0058_generated.wav | RTF: 0.2560(0.466s / 1.820s) | Generator RTF: 0.2543(0.463s / 1.820s)
generated_audios/generated_H4_256C_pruned30_int8/61-70968-0059_generated.wav | RTF: 0.0564(0.122s / 2.170s) | Generator RTF: 0.0549(0.119s / 2.170s)
generated_audios/generated_H4_256C_pruned30_int8/61-70968-0060_generated.wav | RTF: 0.0523(0.195s / 3.735s) | Generator RTF: 0.0515(0.192s / 3.735s)
generated_audios/generated_H4_256C_pruned30_int8/61-70968-0061_generated.wav | RTF: 0.2696(1.491s / 5.530s) | Generator RTF: 0.2690(1.488s / 5.530s)
generated_audios/generated_H4_256C_pruned30_int8/61-70968-0062_generated.wav | RTF: 0.0544(0.139s / 2.555s) | Generator RTF: 0.0531(0.136s / 2.555s)
generated_audios/generated_H4_256C_pruned30_int8/61-70970-0000_generated.wav | RTF: 0.2683(1.630s / 6.075s) | Generator RTF: 0.2677(1.627s / 6.075s)
generated_audios/generated_H4_256C_pruned30_int8/61-70970-0001_generated.wav | RTF: 0.2726(1.678s / 6.155s) | Generator RTF: 0.2720(1.674s / 6.155s)
generated_audios/generated_H4_256C_pruned30_int8/61-70970-0002_generated.wav | RTF: 0.2721(1.133s / 4.165s) | Generator RTF: 0.2713(1.130s / 4.165s)
generated_audios/generated_H4_256C_pruned30_int8/61-70970-0003_generated.wav | RTF: 0.2665(1.022s / 3.835s) | Generator RTF: 0.2657(1.019s / 3.835s)
generated_audios/generated_H4_256C_pruned30_int8/61-70970-0004_generated.wav | RTF: 0.2767(2.909s / 10.515s) | Generator RTF: 0.2763(2.905s / 10.515s)
generated_audios/generated_H4_256C_pruned30_int8/61-70970-0005_generated.wav | RTF: 0.2797(0.565s / 2.020s) | Generator RTF: 0.2782(0.562s / 2.020s)
generated_audios/generated_H4_256C_pruned30_int8/61-70970-0006_generated.wav | RTF: 0.2697(0.630s / 2.335s) | Generator RTF: 0.2683(0.626s / 2.335s)
generated_audios/generated_H4_256C_pruned30_int8/61-70970-0007_generated.wav | RTF: 0.2755(1.236s / 4.485s) | Generator RTF: 0.2747(1.232s / 4.485s)
generated_audios/generated_H4_256C_pruned30_int8/61-70970-0008_generated.wav | RTF: 0.2831(0.609s / 2.150s) | Generator RTF: 0.2817(0.606s / 2.150s)
generated_audios/generated_H4_256C_pruned30_int8/61-70970-0009_generated.wav | RTF: 0.2730(0.929s / 3.405s) | Generator RTF: 0.2720(0.926s / 3.405s)
generated_audios/generated_H4_256C_pruned30_int8/61-70970-0010_generated.wav | RTF: 0.0526(0.160s / 3.045s) | Generator RTF: 0.0516(0.157s / 3.045s)
generated_audios/generated_H4_256C_pruned30_int8/61-70970-0011_generated.wav | RTF: 0.0471(0.286s / 6.075s) | Generator RTF: 0.0465(0.283s / 6.075s)
generated_audios/generated_H4_256C_pruned30_int8/61-70970-0012_generated.wav | RTF: 0.0510(0.160s / 3.135s) | Generator RTF: 0.0500(0.157s / 3.135s)
generated_audios/generated_H4_256C_pruned30_int8/61-70970-0013_generated.wav | RTF: 0.2756(1.199s / 4.350s) | Generator RTF: 0.2748(1.195s / 4.350s)
generated_audios/generated_H4_256C_pruned30_int8/61-70970-0014_generated.wav | RTF: 0.0462(0.157s / 3.405s) | Generator RTF: 0.0452(0.154s / 3.405s)
generated_audios/generated_H4_256C_pruned30_int8/61-70970-0015_generated.wav | RTF: 0.2770(2.331s / 8.415s) | Generator RTF: 0.2766(2.327s / 8.415s)
generated_audios/generated_H4_256C_pruned30_int8/61-70970-0016_generated.wav | RTF: 0.2726(1.191s / 4.370s) | Generator RTF: 0.2718(1.188s / 4.370s)
generated_audios/generated_H4_256C_pruned30_int8/61-70970-0017_generated.wav | RTF: 0.0549(0.140s / 2.550s) | Generator RTF: 0.0537(0.137s / 2.550s)
generated_audios/generated_H4_256C_pruned30_int8/61-70970-0018_generated.wav | RTF: 0.2675(1.230s / 4.600s) | Generator RTF: 0.2668(1.227s / 4.600s)
generated_audios/generated_H4_256C_pruned30_int8/61-70970-0019_generated.wav | RTF: 0.2710(1.024s / 3.780s) | Generator RTF: 0.2701(1.021s / 3.780s)
generated_audios/generated_H4_256C_pruned30_int8/61-70970-0020_generated.wav | RTF: 0.0525(0.264s / 5.025s) | Generator RTF: 0.0518(0.260s / 5.025s)
generated_audios/generated_H4_256C_pruned30_int8/61-70970-0021_generated.wav | RTF: 0.2685(1.451s / 5.405s) | Generator RTF: 0.2678(1.447s / 5.405s)
generated_audios/generated_H4_256C_pruned30_int8/61-70970-0022_generated.wav | RTF: 0.0516(0.205s / 3.970s) | Generator RTF: 0.0508(0.202s / 3.970s)
generated_audios/generated_H4_256C_pruned30_int8/61-70970-0023_generated.wav | RTF: 0.0525(0.195s / 3.705s) | Generator RTF: 0.0516(0.191s / 3.705s)
generated_audios/generated_H4_256C_pruned30_int8/61-70970-0024_generated.wav | RTF: 0.2738(1.981s / 7.235s) | Generator RTF: 0.2733(1.977s / 7.235s)
generated_audios/generated_H4_256C_pruned30_int8/61-70970-0025_generated.wav | RTF: 0.2788(2.073s / 7.435s) | Generator RTF: 0.2783(2.069s / 7.435s)
generated_audios/generated_H4_256C_pruned30_int8/61-70970-0026_generated.wav | RTF: 0.0533(0.292s / 5.475s) | Generator RTF: 0.0526(0.288s / 5.475s)
generated_audios/generated_H4_256C_pruned30_int8/61-70970-0027_generated.wav | RTF: 0.0641(0.326s / 5.080s) | Generator RTF: 0.0634(0.322s / 5.080s)
generated_audios/generated_H4_256C_pruned30_int8/61-70970-0028_generated.wav | RTF: 0.0527(0.345s / 6.550s) | Generator RTF: 0.0521(0.342s / 6.550s)
generated_audios/generated_H4_256C_pruned30_int8/61-70970-0029_generated.wav | RTF: 0.0528(0.213s / 4.030s) | Generator RTF: 0.0519(0.209s / 4.030s)
generated_audios/generated_H4_256C_pruned30_int8/61-70970-0030_generated.wav | RTF: 0.0527(0.171s / 3.240s) | Generator RTF: 0.0517(0.168s / 3.240s)
generated_audios/generated_H4_256C_pruned30_int8/61-70970-0031_generated.wav | RTF: 0.2716(1.395s / 5.135s) | Generator RTF: 0.2710(1.391s / 5.135s)
generated_audios/generated_H4_256C_pruned30_int8/61-70970-0032_generated.wav | RTF: 0.0531(0.166s / 3.135s) | Generator RTF: 0.0520(0.163s / 3.135s)
generated_audios/generated_H4_256C_pruned30_int8/61-70970-0033_generated.wav | RTF: 0.2631(0.900s / 3.420s) | Generator RTF: 0.2621(0.896s / 3.420s)
generated_audios/generated_H4_256C_pruned30_int8/61-70970-0034_generated.wav | RTF: 0.0522(0.234s / 4.485s) | Generator RTF: 0.0514(0.231s / 4.485s)
generated_audios/generated_H4_256C_pruned30_int8/61-70970-0035_generated.wav | RTF: 0.0530(0.393s / 7.405s) | Generator RTF: 0.0525(0.389s / 7.405s)
generated_audios/generated_H4_256C_pruned30_int8/61-70970-0036_generated.wav | RTF: 0.0528(0.358s / 6.785s) | Generator RTF: 0.0522(0.354s / 6.785s)
generated_audios/generated_H4_256C_pruned30_int8/61-70970-0037_generated.wav | RTF: 0.2624(1.569s / 5.980s) | Generator RTF: 0.2618(1.566s / 5.980s)
generated_audios/generated_H4_256C_pruned30_int8/61-70970-0038_generated.wav | RTF: 0.2753(2.863s / 10.400s) | Generator RTF: 0.2749(2.859s / 10.400s)
generated_audios/generated_H4_256C_pruned30_int8/61-70970-0039_generated.wav | RTF: 0.0528(0.352s / 6.665s) | Generator RTF: 0.0522(0.348s / 6.665s)
generated_audios/generated_H4_256C_pruned30_int8/61-70970-0040_generated.wav | RTF: 0.0510(0.212s / 4.165s) | Generator RTF: 0.0501(0.209s / 4.165s)
generated_audios/generated_H4_256C_pruned30_int8/672-122797-0000_generated.wav | RTF: 0.2706(1.101s / 4.070s) | Generator RTF: 0.2698(1.098s / 4.070s)
generated_audios/generated_H4_256C_pruned30_int8/672-122797-0001_generated.wav | RTF: 0.2763(4.181s / 15.130s) | Generator RTF: 0.2760(4.176s / 15.130s)
generated_audios/generated_H4_256C_pruned30_int8/672-122797-0002_generated.wav | RTF: 0.2749(3.744s / 13.620s) | Generator RTF: 0.2745(3.739s / 13.620s)
generated_audios/generated_H4_256C_pruned30_int8/672-122797-0003_generated.wav | RTF: 0.2743(1.306s / 4.760s) | Generator RTF: 0.2737(1.303s / 4.760s)
generated_audios/generated_H4_256C_pruned30_int8/672-122797-0004_generated.wav | RTF: 0.2732(2.801s / 10.250s) | Generator RTF: 0.2728(2.797s / 10.250s)
generated_audios/generated_H4_256C_pruned30_int8/672-122797-0005_generated.wav | RTF: 0.2765(0.901s / 3.260s) | Generator RTF: 0.2754(0.898s / 3.260s)
generated_audios/generated_H4_256C_pruned30_int8/672-122797-0006_generated.wav | RTF: 0.2776(3.873s / 13.950s) | Generator RTF: 0.2773(3.868s / 13.950s)
generated_audios/generated_H4_256C_pruned30_int8/672-122797-0007_generated.wav | RTF: 0.2696(1.731s / 6.420s) | Generator RTF: 0.2691(1.728s / 6.420s)
generated_audios/generated_H4_256C_pruned30_int8/672-122797-0008_generated.wav | RTF: 0.2807(8.648s / 30.810s) | Generator RTF: 0.2805(8.641s / 30.810s)
generated_audios/generated_H4_256C_pruned30_int8/672-122797-0009_generated.wav | RTF: 0.0539(0.149s / 2.765s) | Generator RTF: 0.0527(0.146s / 2.765s)
generated_audios/generated_H4_256C_pruned30_int8/672-122797-0010_generated.wav | RTF: 0.0513(0.196s / 3.815s) | Generator RTF: 0.0504(0.192s / 3.815s)
generated_audios/generated_H4_256C_pruned30_int8/672-122797-0011_generated.wav | RTF: 0.2756(0.700s / 2.540s) | Generator RTF: 0.2743(0.697s / 2.540s)
generated_audios/generated_H4_256C_pruned30_int8/672-122797-0012_generated.wav | RTF: 0.2767(2.149s / 7.765s) | Generator RTF: 0.2763(2.145s / 7.765s)
generated_audios/generated_H4_256C_pruned30_int8/672-122797-0013_generated.wav | RTF: 0.2729(2.376s / 8.705s) | Generator RTF: 0.2724(2.372s / 8.705s)
generated_audios/generated_H4_256C_pruned30_int8/672-122797-0014_generated.wav | RTF: 0.0544(0.139s / 2.555s) | Generator RTF: 0.0531(0.136s / 2.555s)
generated_audios/generated_H4_256C_pruned30_int8/672-122797-0015_generated.wav | RTF: 0.0534(0.238s / 4.455s) | Generator RTF: 0.0526(0.234s / 4.455s)
generated_audios/generated_H4_256C_pruned30_int8/672-122797-0016_generated.wav | RTF: 0.2731(2.517s / 9.215s) | Generator RTF: 0.2727(2.513s / 9.215s)
generated_audios/generated_H4_256C_pruned30_int8/672-122797-0017_generated.wav | RTF: 0.2719(1.310s / 4.820s) | Generator RTF: 0.2711(1.307s / 4.820s)
generated_audios/generated_H4_256C_pruned30_int8/672-122797-0018_generated.wav | RTF: 0.2703(1.332s / 4.930s) | Generator RTF: 0.2695(1.329s / 4.930s)
generated_audios/generated_H4_256C_pruned30_int8/672-122797-0019_generated.wav | RTF: 0.2668(1.097s / 4.110s) | Generator RTF: 0.2660(1.093s / 4.110s)
generated_audios/generated_H4_256C_pruned30_int8/672-122797-0020_generated.wav | RTF: 0.2744(2.421s / 8.825s) | Generator RTF: 0.2740(2.418s / 8.825s)
generated_audios/generated_H4_256C_pruned30_int8/672-122797-0021_generated.wav | RTF: 0.0523(0.217s / 4.150s) | Generator RTF: 0.0515(0.214s / 4.150s)
generated_audios/generated_H4_256C_pruned30_int8/672-122797-0022_generated.wav | RTF: 0.2827(5.373s / 19.005s) | Generator RTF: 0.2824(5.368s / 19.005s)
generated_audios/generated_H4_256C_pruned30_int8/672-122797-0023_generated.wav | RTF: 0.2764(2.680s / 9.695s) | Generator RTF: 0.2760(2.675s / 9.695s)
generated_audios/generated_H4_256C_pruned30_int8/672-122797-0024_generated.wav | RTF: 0.2734(1.129s / 4.130s) | Generator RTF: 0.2725(1.126s / 4.130s)
generated_audios/generated_H4_256C_pruned30_int8/672-122797-0025_generated.wav | RTF: 0.2782(2.973s / 10.690s) | Generator RTF: 0.2778(2.969s / 10.690s)
generated_audios/generated_H4_256C_pruned30_int8/672-122797-0026_generated.wav | RTF: 0.2787(3.891s / 13.960s) | Generator RTF: 0.2784(3.886s / 13.960s)
generated_audios/generated_H4_256C_pruned30_int8/672-122797-0027_generated.wav | RTF: 0.0529(0.253s / 4.790s) | Generator RTF: 0.0522(0.250s / 4.790s)
generated_audios/generated_H4_256C_pruned30_int8/672-122797-0028_generated.wav | RTF: 0.0548(0.143s / 2.610s) | Generator RTF: 0.0536(0.140s / 2.610s)
generated_audios/generated_H4_256C_pruned30_int8/672-122797-0029_generated.wav | RTF: 0.0531(0.162s / 3.050s) | Generator RTF: 0.0521(0.159s / 3.050s)
generated_audios/generated_H4_256C_pruned30_int8/672-122797-0030_generated.wav | RTF: 0.2688(1.230s / 4.575s) | Generator RTF: 0.2681(1.227s / 4.575s)
generated_audios/generated_H4_256C_pruned30_int8/672-122797-0031_generated.wav | RTF: 0.0519(0.207s / 3.980s) | Generator RTF: 0.0511(0.203s / 3.980s)
generated_audios/generated_H4_256C_pruned30_int8/672-122797-0032_generated.wav | RTF: 0.0519(0.208s / 4.000s) | Generator RTF: 0.0514(0.206s / 4.000s)
generated_audios/generated_H4_256C_pruned30_int8/672-122797-0033_generated.wav | RTF: 0.2731(0.351s / 1.285s) | Generator RTF: 0.2717(0.349s / 1.285s)
generated_audios/generated_H4_256C_pruned30_int8/672-122797-0034_generated.wav | RTF: 0.0515(0.263s / 5.110s) | Generator RTF: 0.0509(0.260s / 5.110s)
generated_audios/generated_H4_256C_pruned30_int8/672-122797-0035_generated.wav | RTF: 0.0536(0.155s / 2.900s) | Generator RTF: 0.0524(0.152s / 2.900s)
generated_audios/generated_H4_256C_pruned30_int8/672-122797-0036_generated.wav | RTF: 0.0513(0.275s / 5.365s) | Generator RTF: 0.0507(0.272s / 5.365s)
generated_audios/generated_H4_256C_pruned30_int8/672-122797-0037_generated.wav | RTF: 0.2639(0.517s / 1.960s) | Generator RTF: 0.2623(0.514s / 1.960s)
generated_audios/generated_H4_256C_pruned30_int8/672-122797-0038_generated.wav | RTF: 0.2722(2.396s / 8.800s) | Generator RTF: 0.2718(2.392s / 8.800s)
generated_audios/generated_H4_256C_pruned30_int8/672-122797-0039_generated.wav | RTF: 0.2722(1.095s / 4.025s) | Generator RTF: 0.2713(1.092s / 4.025s)
generated_audios/generated_H4_256C_pruned30_int8/672-122797-0040_generated.wav | RTF: 0.0529(0.271s / 5.125s) | Generator RTF: 0.0522(0.267s / 5.125s)
generated_audios/generated_H4_256C_pruned30_int8/672-122797-0041_generated.wav | RTF: 0.0516(0.200s / 3.880s) | Generator RTF: 0.0507(0.197s / 3.880s)
generated_audios/generated_H4_256C_pruned30_int8/672-122797-0042_generated.wav | RTF: 0.2775(4.249s / 15.310s) | Generator RTF: 0.2772(4.244s / 15.310s)
generated_audios/generated_H4_256C_pruned30_int8/672-122797-0043_generated.wav | RTF: 0.0516(0.195s / 3.780s) | Generator RTF: 0.0507(0.192s / 3.780s)
generated_audios/generated_H4_256C_pruned30_int8/672-122797-0044_generated.wav | RTF: 0.0514(0.192s / 3.740s) | Generator RTF: 0.0504(0.189s / 3.740s)
generated_audios/generated_H4_256C_pruned30_int8/672-122797-0045_generated.wav | RTF: 0.0558(0.778s / 13.960s) | Generator RTF: 0.0555(0.774s / 13.960s)
generated_audios/generated_H4_256C_pruned30_int8/672-122797-0046_generated.wav | RTF: 0.2701(1.274s / 4.715s) | Generator RTF: 0.2694(1.270s / 4.715s)
generated_audios/generated_H4_256C_pruned30_int8/672-122797-0047_generated.wav | RTF: 0.2702(0.899s / 3.325s) | Generator RTF: 0.2692(0.895s / 3.325s)
generated_audios/generated_H4_256C_pruned30_int8/672-122797-0048_generated.wav | RTF: 0.0533(0.349s / 6.555s) | Generator RTF: 0.0527(0.346s / 6.555s)
generated_audios/generated_H4_256C_pruned30_int8/672-122797-0049_generated.wav | RTF: 0.0577(0.117s / 2.020s) | Generator RTF: 0.0561(0.113s / 2.020s)
generated_audios/generated_H4_256C_pruned30_int8/672-122797-0050_generated.wav | RTF: 0.2757(1.338s / 4.855s) | Generator RTF: 0.2749(1.335s / 4.855s)
generated_audios/generated_H4_256C_pruned30_int8/672-122797-0051_generated.wav | RTF: 0.2752(1.284s / 4.665s) | Generator RTF: 0.2744(1.280s / 4.665s)
generated_audios/generated_H4_256C_pruned30_int8/672-122797-0052_generated.wav | RTF: 0.2689(1.152s / 4.285s) | Generator RTF: 0.2681(1.149s / 4.285s)
generated_audios/generated_H4_256C_pruned30_int8/672-122797-0053_generated.wav | RTF: 0.0535(0.158s / 2.955s) | Generator RTF: 0.0523(0.155s / 2.955s)
generated_audios/generated_H4_256C_pruned30_int8/672-122797-0054_generated.wav | RTF: 0.0520(0.221s / 4.250s) | Generator RTF: 0.0512(0.217s / 4.250s)
generated_audios/generated_H4_256C_pruned30_int8/672-122797-0055_generated.wav | RTF: 0.2732(2.248s / 8.230s) | Generator RTF: 0.2727(2.244s / 8.230s)
generated_audios/generated_H4_256C_pruned30_int8/672-122797-0056_generated.wav | RTF: 0.0532(0.278s / 5.225s) | Generator RTF: 0.0525(0.274s / 5.225s)
generated_audios/generated_H4_256C_pruned30_int8/672-122797-0057_generated.wav | RTF: 0.0560(0.368s / 6.560s) | Generator RTF: 0.0555(0.364s / 6.560s)
generated_audios/generated_H4_256C_pruned30_int8/672-122797-0058_generated.wav | RTF: 0.2779(1.242s / 4.470s) | Generator RTF: 0.2772(1.239s / 4.470s)
generated_audios/generated_H4_256C_pruned30_int8/672-122797-0059_generated.wav | RTF: 0.2693(0.948s / 3.520s) | Generator RTF: 0.2684(0.945s / 3.520s)
generated_audios/generated_H4_256C_pruned30_int8/672-122797-0060_generated.wav | RTF: 0.0545(0.182s / 3.350s) | Generator RTF: 0.0535(0.179s / 3.350s)
generated_audios/generated_H4_256C_pruned30_int8/672-122797-0061_generated.wav | RTF: 0.2719(2.064s / 7.590s) | Generator RTF: 0.2714(2.060s / 7.590s)
generated_audios/generated_H4_256C_pruned30_int8/672-122797-0062_generated.wav | RTF: 0.2745(0.734s / 2.675s) | Generator RTF: 0.2733(0.731s / 2.675s)
generated_audios/generated_H4_256C_pruned30_int8/672-122797-0063_generated.wav | RTF: 0.0523(0.265s / 5.075s) | Generator RTF: 0.0516(0.262s / 5.075s)
generated_audios/generated_H4_256C_pruned30_int8/672-122797-0064_generated.wav | RTF: 0.2796(4.270s / 15.270s) | Generator RTF: 0.2793(4.265s / 15.270s)
generated_audios/generated_H4_256C_pruned30_int8/672-122797-0065_generated.wav | RTF: 0.0532(0.161s / 3.030s) | Generator RTF: 0.0522(0.158s / 3.030s)
generated_audios/generated_H4_256C_pruned30_int8/672-122797-0066_generated.wav | RTF: 0.0513(0.247s / 4.815s) | Generator RTF: 0.0506(0.244s / 4.815s)
generated_audios/generated_H4_256C_pruned30_int8/672-122797-0067_generated.wav | RTF: 0.2765(3.604s / 13.035s) | Generator RTF: 0.2762(3.600s / 13.035s)
generated_audios/generated_H4_256C_pruned30_int8/672-122797-0068_generated.wav | RTF: 0.0524(0.211s / 4.020s) | Generator RTF: 0.0516(0.207s / 4.020s)
generated_audios/generated_H4_256C_pruned30_int8/672-122797-0069_generated.wav | RTF: 0.2741(1.373s / 5.010s) | Generator RTF: 0.2736(1.371s / 5.010s)
generated_audios/generated_H4_256C_pruned30_int8/672-122797-0070_generated.wav | RTF: 0.2719(1.705s / 6.270s) | Generator RTF: 0.2713(1.701s / 6.270s)
generated_audios/generated_H4_256C_pruned30_int8/672-122797-0071_generated.wav | RTF: 0.2769(2.457s / 8.875s) | Generator RTF: 0.2764(2.453s / 8.875s)
generated_audios/generated_H4_256C_pruned30_int8/672-122797-0072_generated.wav | RTF: 0.2723(2.162s / 7.940s) | Generator RTF: 0.2718(2.158s / 7.940s)
generated_audios/generated_H4_256C_pruned30_int8/672-122797-0073_generated.wav | RTF: 0.2756(2.261s / 8.205s) | Generator RTF: 0.2751(2.258s / 8.205s)
generated_audios/generated_H4_256C_pruned30_int8/672-122797-0074_generated.wav | RTF: 0.2730(2.383s / 8.730s) | Generator RTF: 0.2726(2.380s / 8.730s)
generated_audios/generated_H4_256C_pruned30_int8/908-157963-0000_generated.wav | RTF: 0.2761(3.485s / 12.620s) | Generator RTF: 0.2758(3.480s / 12.620s)
generated_audios/generated_H4_256C_pruned30_int8/908-157963-0001_generated.wav | RTF: 0.2720(0.785s / 2.885s) | Generator RTF: 0.2709(0.781s / 2.885s)
generated_audios/generated_H4_256C_pruned30_int8/908-157963-0002_generated.wav | RTF: 0.2630(0.725s / 2.755s) | Generator RTF: 0.2618(0.721s / 2.755s)
generated_audios/generated_H4_256C_pruned30_int8/908-157963-0003_generated.wav | RTF: 0.2726(0.840s / 3.080s) | Generator RTF: 0.2715(0.836s / 3.080s)
generated_audios/generated_H4_256C_pruned30_int8/908-157963-0004_generated.wav | RTF: 0.2795(3.910s / 13.990s) | Generator RTF: 0.2792(3.906s / 13.990s)
generated_audios/generated_H4_256C_pruned30_int8/908-157963-0005_generated.wav | RTF: 0.2747(1.932s / 7.035s) | Generator RTF: 0.2741(1.928s / 7.035s)
generated_audios/generated_H4_256C_pruned30_int8/908-157963-0006_generated.wav | RTF: 0.2780(2.255s / 8.110s) | Generator RTF: 0.2775(2.251s / 8.110s)
generated_audios/generated_H4_256C_pruned30_int8/908-157963-0007_generated.wav | RTF: 0.2830(9.274s / 32.770s) | Generator RTF: 0.2828(9.267s / 32.770s)
generated_audios/generated_H4_256C_pruned30_int8/908-157963-0008_generated.wav | RTF: 0.2802(5.589s / 19.950s) | Generator RTF: 0.2799(5.584s / 19.950s)
generated_audios/generated_H4_256C_pruned30_int8/908-157963-0009_generated.wav | RTF: 0.2756(1.119s / 4.060s) | Generator RTF: 0.2747(1.115s / 4.060s)
generated_audios/generated_H4_256C_pruned30_int8/908-157963-0010_generated.wav | RTF: 0.0465(0.292s / 6.280s) | Generator RTF: 0.0459(0.288s / 6.280s)
generated_audios/generated_H4_256C_pruned30_int8/908-157963-0011_generated.wav | RTF: 0.0539(0.560s / 10.395s) | Generator RTF: 0.0535(0.556s / 10.395s)
generated_audios/generated_H4_256C_pruned30_int8/908-157963-0012_generated.wav | RTF: 0.2778(2.803s / 10.090s) | Generator RTF: 0.2774(2.799s / 10.090s)
generated_audios/generated_H4_256C_pruned30_int8/908-157963-0013_generated.wav | RTF: 0.0518(0.223s / 4.315s) | Generator RTF: 0.0510(0.220s / 4.315s)
generated_audios/generated_H4_256C_pruned30_int8/908-157963-0014_generated.wav | RTF: 0.0513(0.232s / 4.520s) | Generator RTF: 0.0506(0.229s / 4.520s)
generated_audios/generated_H4_256C_pruned30_int8/908-157963-0015_generated.wav | RTF: 0.2776(4.015s / 14.465s) | Generator RTF: 0.2773(4.011s / 14.465s)
generated_audios/generated_H4_256C_pruned30_int8/908-157963-0016_generated.wav | RTF: 0.0514(0.262s / 5.105s) | Generator RTF: 0.0507(0.259s / 5.105s)
generated_audios/generated_H4_256C_pruned30_int8/908-157963-0017_generated.wav | RTF: 0.2656(1.315s / 4.950s) | Generator RTF: 0.2649(1.311s / 4.950s)
generated_audios/generated_H4_256C_pruned30_int8/908-157963-0018_generated.wav | RTF: 0.0513(0.218s / 4.255s) | Generator RTF: 0.0505(0.215s / 4.255s)
generated_audios/generated_H4_256C_pruned30_int8/908-157963-0019_generated.wav | RTF: 0.2807(6.018s / 21.440s) | Generator RTF: 0.2804(6.013s / 21.440s)
generated_audios/generated_H4_256C_pruned30_int8/908-157963-0020_generated.wav | RTF: 0.2748(2.693s / 9.800s) | Generator RTF: 0.2744(2.689s / 9.800s)
generated_audios/generated_H4_256C_pruned30_int8/908-157963-0021_generated.wav | RTF: 0.0551(0.564s / 10.240s) | Generator RTF: 0.0547(0.560s / 10.240s)
generated_audios/generated_H4_256C_pruned30_int8/908-157963-0022_generated.wav | RTF: 0.2789(1.286s / 4.610s) | Generator RTF: 0.2749(1.267s / 4.610s)
generated_audios/generated_H4_256C_pruned30_int8/908-157963-0023_generated.wav | RTF: 0.2756(2.653s / 9.625s) | Generator RTF: 0.2752(2.649s / 9.625s)
generated_audios/generated_H4_256C_pruned30_int8/908-157963-0024_generated.wav | RTF: 0.2739(0.942s / 3.440s) | Generator RTF: 0.2729(0.939s / 3.440s)
generated_audios/generated_H4_256C_pruned30_int8/908-157963-0025_generated.wav | RTF: 0.2748(2.546s / 9.265s) | Generator RTF: 0.2744(2.542s / 9.265s)
generated_audios/generated_H4_256C_pruned30_int8/908-157963-0026_generated.wav | RTF: 0.2773(2.246s / 8.100s) | Generator RTF: 0.2768(2.242s / 8.100s)
generated_audios/generated_H4_256C_pruned30_int8/908-157963-0027_generated.wav | RTF: 0.0537(0.280s / 5.225s) | Generator RTF: 0.0530(0.277s / 5.225s)
generated_audios/generated_H4_256C_pruned30_int8/908-157963-0028_generated.wav | RTF: 0.0475(0.235s / 4.955s) | Generator RTF: 0.0467(0.232s / 4.955s)
generated_audios/generated_H4_256C_pruned30_int8/908-157963-0029_generated.wav | RTF: 0.2676(0.971s / 3.630s) | Generator RTF: 0.2667(0.968s / 3.630s)
generated_audios/generated_H4_256C_pruned30_int8/908-157963-0030_generated.wav | RTF: 0.0455(0.206s / 4.520s) | Generator RTF: 0.0448(0.202s / 4.520s)
generated_audios/generated_H4_256C_pruned30_int8/908-31957-0000_generated.wav | RTF: 0.2649(0.563s / 2.125s) | Generator RTF: 0.2635(0.560s / 2.125s)
generated_audios/generated_H4_256C_pruned30_int8/908-31957-0001_generated.wav | RTF: 0.2776(3.141s / 11.315s) | Generator RTF: 0.2772(3.137s / 11.315s)
generated_audios/generated_H4_256C_pruned30_int8/908-31957-0002_generated.wav | RTF: 0.0518(0.248s / 4.790s) | Generator RTF: 0.0511(0.245s / 4.790s)
generated_audios/generated_H4_256C_pruned30_int8/908-31957-0003_generated.wav | RTF: 0.0546(0.358s / 6.565s) | Generator RTF: 0.0540(0.355s / 6.565s)
generated_audios/generated_H4_256C_pruned30_int8/908-31957-0004_generated.wav | RTF: 0.2794(4.122s / 14.755s) | Generator RTF: 0.2791(4.117s / 14.755s)
generated_audios/generated_H4_256C_pruned30_int8/908-31957-0005_generated.wav | RTF: 0.0528(0.237s / 4.490s) | Generator RTF: 0.0521(0.234s / 4.490s)
generated_audios/generated_H4_256C_pruned30_int8/908-31957-0006_generated.wav | RTF: 0.2693(1.586s / 5.890s) | Generator RTF: 0.2687(1.583s / 5.890s)
generated_audios/generated_H4_256C_pruned30_int8/908-31957-0007_generated.wav | RTF: 0.0526(0.305s / 5.800s) | Generator RTF: 0.0520(0.301s / 5.800s)
generated_audios/generated_H4_256C_pruned30_int8/908-31957-0008_generated.wav | RTF: 0.2741(2.743s / 10.005s) | Generator RTF: 0.2737(2.738s / 10.005s)
generated_audios/generated_H4_256C_pruned30_int8/908-31957-0009_generated.wav | RTF: 0.2726(2.100s / 7.705s) | Generator RTF: 0.2721(2.097s / 7.705s)
generated_audios/generated_H4_256C_pruned30_int8/908-31957-0010_generated.wav | RTF: 0.2626(0.659s / 2.510s) | Generator RTF: 0.2614(0.656s / 2.510s)
generated_audios/generated_H4_256C_pruned30_int8/908-31957-0011_generated.wav | RTF: 0.0546(0.128s / 2.335s) | Generator RTF: 0.0533(0.125s / 2.335s)
generated_audios/generated_H4_256C_pruned30_int8/908-31957-0012_generated.wav | RTF: 0.2756(2.099s / 7.615s) | Generator RTF: 0.2751(2.095s / 7.615s)
generated_audios/generated_H4_256C_pruned30_int8/908-31957-0013_generated.wav | RTF: 0.2748(1.698s / 6.180s) | Generator RTF: 0.2742(1.694s / 6.180s)
generated_audios/generated_H4_256C_pruned30_int8/908-31957-0014_generated.wav | RTF: 0.2734(2.067s / 7.560s) | Generator RTF: 0.2729(2.063s / 7.560s)
generated_audios/generated_H4_256C_pruned30_int8/908-31957-0015_generated.wav | RTF: 0.2831(6.077s / 21.465s) | Generator RTF: 0.2828(6.071s / 21.465s)
generated_audios/generated_H4_256C_pruned30_int8/908-31957-0016_generated.wav | RTF: 0.2719(1.762s / 6.480s) | Generator RTF: 0.2713(1.758s / 6.480s)
generated_audios/generated_H4_256C_pruned30_int8/908-31957-0017_generated.wav | RTF: 0.2731(2.128s / 7.795s) | Generator RTF: 0.2725(2.124s / 7.795s)
generated_audios/generated_H4_256C_pruned30_int8/908-31957-0018_generated.wav | RTF: 0.2721(1.065s / 3.915s) | Generator RTF: 0.2712(1.062s / 3.915s)
generated_audios/generated_H4_256C_pruned30_int8/908-31957-0019_generated.wav | RTF: 0.2753(2.626s / 9.540s) | Generator RTF: 0.2749(2.622s / 9.540s)
generated_audios/generated_H4_256C_pruned30_int8/908-31957-0020_generated.wav | RTF: 0.0473(0.279s / 5.895s) | Generator RTF: 0.0466(0.275s / 5.895s)
generated_audios/generated_H4_256C_pruned30_int8/908-31957-0021_generated.wav | RTF: 0.2738(2.986s / 10.905s) | Generator RTF: 0.2734(2.982s / 10.905s)
generated_audios/generated_H4_256C_pruned30_int8/908-31957-0022_generated.wav | RTF: 0.2787(3.929s / 14.100s) | Generator RTF: 0.2783(3.924s / 14.100s)
generated_audios/generated_H4_256C_pruned30_int8/908-31957-0023_generated.wav | RTF: 0.2730(2.325s / 8.515s) | Generator RTF: 0.2725(2.321s / 8.515s)
generated_audios/generated_H4_256C_pruned30_int8/908-31957-0024_generated.wav | RTF: 0.2767(2.086s / 7.540s) | Generator RTF: 0.2761(2.082s / 7.540s)
generated_audios/generated_H4_256C_pruned30_int8/908-31957-0025_generated.wav | RTF: 0.2970(6.107s / 20.560s) | Generator RTF: 0.2968(6.102s / 20.560s)
Average RTF: 0.2061(651.098s / 3159.849s)
Average Generator RTF: 0.2055(649.227s / 3159.849s)
Evaluation summary:
  Mel-spectrogram L1: 0.481416
  PESQ: 2.175376
  STOI: 0.921835
Saved per-audio metrics CSV: per_audio_results.csv

Appended metrics to CSV: experiments_results.csv
========== H4: pruning 50% + quantize ==========
Initializing Inference Process..
Using device: cpu (baseline and quantized inference both run on CPU)
Quantization enabled: forcing CPU inference for INT8 model.
Loading '/home/hpc/vlbi/vlbi107v/hifi-gan/cp_hifigan/v1_c256_physical50/g_00265000'
Complete.
Checkpoint contains plain conv weights. Removing weight_norm wrappers before loading...
Removing weight norm...
Removing weight norm...
Calibrating static quantization using 50 samples...
INT8 quantization scope: resblocks_range
Quantizing residual blocks 3..8; all other layers stay FP32.
Checking quantized modules after static quantization:
Quantized module: resblocks.3.convs1.0 (torch.ao.nn.quantized.modules.conv.Conv1d)
Quantized module: resblocks.3.convs1.1 (torch.ao.nn.quantized.modules.conv.Conv1d)
Quantized module: resblocks.3.convs1.2 (torch.ao.nn.quantized.modules.conv.Conv1d)
Quantized module: resblocks.3.convs2.0 (torch.ao.nn.quantized.modules.conv.Conv1d)
Quantized module: resblocks.3.convs2.1 (torch.ao.nn.quantized.modules.conv.Conv1d)
Quantized module: resblocks.3.convs2.2 (torch.ao.nn.quantized.modules.conv.Conv1d)
Quantized module: resblocks.4.convs1.0 (torch.ao.nn.quantized.modules.conv.Conv1d)
Quantized module: resblocks.4.convs1.1 (torch.ao.nn.quantized.modules.conv.Conv1d)
Quantized module: resblocks.4.convs1.2 (torch.ao.nn.quantized.modules.conv.Conv1d)
Quantized module: resblocks.4.convs2.0 (torch.ao.nn.quantized.modules.conv.Conv1d)
Quantized module: resblocks.4.convs2.1 (torch.ao.nn.quantized.modules.conv.Conv1d)
Quantized module: resblocks.4.convs2.2 (torch.ao.nn.quantized.modules.conv.Conv1d)
Quantized module: resblocks.5.convs1.0 (torch.ao.nn.quantized.modules.conv.Conv1d)
Quantized module: resblocks.5.convs1.1 (torch.ao.nn.quantized.modules.conv.Conv1d)
Quantized module: resblocks.5.convs1.2 (torch.ao.nn.quantized.modules.conv.Conv1d)
Quantized module: resblocks.5.convs2.0 (torch.ao.nn.quantized.modules.conv.Conv1d)
Quantized module: resblocks.5.convs2.1 (torch.ao.nn.quantized.modules.conv.Conv1d)
Quantized module: resblocks.5.convs2.2 (torch.ao.nn.quantized.modules.conv.Conv1d)
Quantized module: resblocks.6.convs1.0 (torch.ao.nn.quantized.modules.conv.Conv1d)
Quantized module: resblocks.6.convs1.1 (torch.ao.nn.quantized.modules.conv.Conv1d)
Quantized module: resblocks.6.convs1.2 (torch.ao.nn.quantized.modules.conv.Conv1d)
Quantized module: resblocks.6.convs2.0 (torch.ao.nn.quantized.modules.conv.Conv1d)
Quantized module: resblocks.6.convs2.1 (torch.ao.nn.quantized.modules.conv.Conv1d)
Quantized module: resblocks.6.convs2.2 (torch.ao.nn.quantized.modules.conv.Conv1d)
Quantized module: resblocks.7.convs1.0 (torch.ao.nn.quantized.modules.conv.Conv1d)
Quantized module: resblocks.7.convs1.1 (torch.ao.nn.quantized.modules.conv.Conv1d)
Quantized module: resblocks.7.convs1.2 (torch.ao.nn.quantized.modules.conv.Conv1d)
Quantized module: resblocks.7.convs2.0 (torch.ao.nn.quantized.modules.conv.Conv1d)
Quantized module: resblocks.7.convs2.1 (torch.ao.nn.quantized.modules.conv.Conv1d)
Quantized module: resblocks.7.convs2.2 (torch.ao.nn.quantized.modules.conv.Conv1d)
Quantized module: resblocks.8.convs1.0 (torch.ao.nn.quantized.modules.conv.Conv1d)
Quantized module: resblocks.8.convs1.1 (torch.ao.nn.quantized.modules.conv.Conv1d)
Quantized module: resblocks.8.convs1.2 (torch.ao.nn.quantized.modules.conv.Conv1d)
Quantized module: resblocks.8.convs2.0 (torch.ao.nn.quantized.modules.conv.Conv1d)
Quantized module: resblocks.8.convs2.1 (torch.ao.nn.quantized.modules.conv.Conv1d)
Quantized module: resblocks.8.convs2.2 (torch.ao.nn.quantized.modules.conv.Conv1d)
Saving checkpoint to /home/hpc/vlbi/vlbi107v/hifi-gan/cp_hifigan/v1_c256_physical50/compressed_checkpoint_int8
Complete.
Saved compressed checkpoint: /home/hpc/vlbi/vlbi107v/hifi-gan/cp_hifigan/v1_c256_physical50/compressed_checkpoint_int8 (7.543 MB)
Compressed checkpoint parameters: 2,183,833
Loaded checkpoint: /home/hpc/vlbi/vlbi107v/hifi-gan/cp_hifigan/v1_c256_physical50/g_00265000 (8.382 MB)
Generator parameters: 2,183,833
generated_audios/generated_H4_256C_pruned50_int8/1089-134686-0000_generated.wav | RTF: 0.0453(0.472s / 10.435s) | Generator RTF: 0.0449(0.468s / 10.435s)
generated_audios/generated_H4_256C_pruned50_int8/1089-134686-0001_generated.wav | RTF: 0.0448(0.147s / 3.275s) | Generator RTF: 0.0437(0.143s / 3.275s)
generated_audios/generated_H4_256C_pruned50_int8/1089-134686-0002_generated.wav | RTF: 0.0434(0.288s / 6.625s) | Generator RTF: 0.0429(0.284s / 6.625s)
generated_audios/generated_H4_256C_pruned50_int8/1089-134686-0003_generated.wav | RTF: 0.0444(0.119s / 2.680s) | Generator RTF: 0.0432(0.116s / 2.680s)
generated_audios/generated_H4_256C_pruned50_int8/1089-134686-0004_generated.wav | RTF: 0.0451(0.235s / 5.215s) | Generator RTF: 0.0445(0.232s / 5.215s)
generated_audios/generated_H4_256C_pruned50_int8/1089-134686-0005_generated.wav | RTF: 0.0451(0.435s / 9.635s) | Generator RTF: 0.0447(0.431s / 9.635s)
generated_audios/generated_H4_256C_pruned50_int8/1089-134686-0006_generated.wav | RTF: 0.0450(0.475s / 10.555s) | Generator RTF: 0.0446(0.471s / 10.555s)
generated_audios/generated_H4_256C_pruned50_int8/1089-134686-0007_generated.wav | RTF: 0.0449(0.192s / 4.275s) | Generator RTF: 0.0440(0.188s / 4.275s)
generated_audios/generated_H4_256C_pruned50_int8/1089-134686-0008_generated.wav | RTF: 0.0430(0.289s / 6.730s) | Generator RTF: 0.0424(0.286s / 6.730s)
generated_audios/generated_H4_256C_pruned50_int8/1089-134686-0009_generated.wav | RTF: 0.0469(0.496s / 10.575s) | Generator RTF: 0.0465(0.492s / 10.575s)
generated_audios/generated_H4_256C_pruned50_int8/1089-134686-0010_generated.wav | RTF: 0.0434(0.191s / 4.405s) | Generator RTF: 0.0426(0.188s / 4.405s)
generated_audios/generated_H4_256C_pruned50_int8/1089-134686-0011_generated.wav | RTF: 0.0490(0.610s / 12.445s) | Generator RTF: 0.0487(0.606s / 12.445s)
generated_audios/generated_H4_256C_pruned50_int8/1089-134686-0012_generated.wav | RTF: 0.0477(0.556s / 11.640s) | Generator RTF: 0.0474(0.552s / 11.640s)
generated_audios/generated_H4_256C_pruned50_int8/1089-134686-0013_generated.wav | RTF: 0.0437(0.346s / 7.915s) | Generator RTF: 0.0432(0.342s / 7.915s)
generated_audios/generated_H4_256C_pruned50_int8/1089-134686-0014_generated.wav | RTF: 0.0456(0.101s / 2.225s) | Generator RTF: 0.0442(0.098s / 2.225s)
generated_audios/generated_H4_256C_pruned50_int8/1089-134686-0015_generated.wav | RTF: 0.0420(0.244s / 5.815s) | Generator RTF: 0.0414(0.241s / 5.815s)
generated_audios/generated_H4_256C_pruned50_int8/1089-134686-0016_generated.wav | RTF: 0.0428(0.152s / 3.540s) | Generator RTF: 0.0419(0.148s / 3.540s)
generated_audios/generated_H4_256C_pruned50_int8/1089-134686-0017_generated.wav | RTF: 0.0500(0.443s / 8.870s) | Generator RTF: 0.0496(0.440s / 8.870s)
generated_audios/generated_H4_256C_pruned50_int8/1089-134686-0018_generated.wav | RTF: 0.0512(0.805s / 15.720s) | Generator RTF: 0.0509(0.800s / 15.720s)
generated_audios/generated_H4_256C_pruned50_int8/1089-134686-0019_generated.wav | RTF: 0.0575(0.799s / 13.895s) | Generator RTF: 0.0572(0.795s / 13.895s)
generated_audios/generated_H4_256C_pruned50_int8/1089-134686-0020_generated.wav | RTF: 0.0515(0.864s / 16.790s) | Generator RTF: 0.0511(0.859s / 16.790s)
generated_audios/generated_H4_256C_pruned50_int8/1089-134686-0021_generated.wav | RTF: 0.0436(0.285s / 6.550s) | Generator RTF: 0.0430(0.282s / 6.550s)
generated_audios/generated_H4_256C_pruned50_int8/1089-134686-0022_generated.wav | RTF: 0.0462(0.516s / 11.175s) | Generator RTF: 0.0458(0.511s / 11.175s)
generated_audios/generated_H4_256C_pruned50_int8/1089-134686-0023_generated.wav | RTF: 0.0485(0.644s / 13.275s) | Generator RTF: 0.0482(0.639s / 13.275s)
generated_audios/generated_H4_256C_pruned50_int8/1089-134686-0024_generated.wav | RTF: 0.0474(0.552s / 11.655s) | Generator RTF: 0.0470(0.548s / 11.655s)
generated_audios/generated_H4_256C_pruned50_int8/1089-134686-0025_generated.wav | RTF: 0.0434(0.287s / 6.610s) | Generator RTF: 0.0428(0.283s / 6.610s)
generated_audios/generated_H4_256C_pruned50_int8/1089-134686-0026_generated.wav | RTF: 0.0434(0.174s / 4.010s) | Generator RTF: 0.0426(0.171s / 4.010s)
generated_audios/generated_H4_256C_pruned50_int8/1089-134686-0027_generated.wav | RTF: 0.0457(0.124s / 2.710s) | Generator RTF: 0.0445(0.121s / 2.710s)
generated_audios/generated_H4_256C_pruned50_int8/1089-134686-0028_generated.wav | RTF: 0.0448(0.351s / 7.830s) | Generator RTF: 0.0443(0.347s / 7.830s)
generated_audios/generated_H4_256C_pruned50_int8/1089-134686-0029_generated.wav | RTF: 0.0430(0.201s / 4.670s) | Generator RTF: 0.0423(0.197s / 4.670s)
generated_audios/generated_H4_256C_pruned50_int8/1089-134686-0030_generated.wav | RTF: 0.0392(0.106s / 2.715s) | Generator RTF: 0.0380(0.103s / 2.715s)
generated_audios/generated_H4_256C_pruned50_int8/1089-134686-0031_generated.wav | RTF: 0.0391(0.259s / 6.615s) | Generator RTF: 0.0385(0.255s / 6.615s)
generated_audios/generated_H4_256C_pruned50_int8/121-121726-0000_generated.wav | RTF: 0.0453(0.383s / 8.460s) | Generator RTF: 0.0448(0.379s / 8.460s)
generated_audios/generated_H4_256C_pruned50_int8/121-121726-0001_generated.wav | RTF: 0.0423(0.251s / 5.925s) | Generator RTF: 0.0418(0.247s / 5.925s)
generated_audios/generated_H4_256C_pruned50_int8/121-121726-0002_generated.wav | RTF: 0.0418(0.184s / 4.410s) | Generator RTF: 0.0410(0.181s / 4.410s)
generated_audios/generated_H4_256C_pruned50_int8/121-121726-0003_generated.wav | RTF: 0.0428(0.289s / 6.755s) | Generator RTF: 0.0422(0.285s / 6.755s)
generated_audios/generated_H4_256C_pruned50_int8/121-121726-0004_generated.wav | RTF: 0.0409(0.164s / 4.020s) | Generator RTF: 0.0401(0.161s / 4.020s)
generated_audios/generated_H4_256C_pruned50_int8/121-121726-0005_generated.wav | RTF: 0.0443(0.137s / 3.100s) | Generator RTF: 0.0434(0.134s / 3.100s)
generated_audios/generated_H4_256C_pruned50_int8/121-121726-0006_generated.wav | RTF: 0.0419(0.163s / 3.895s) | Generator RTF: 0.0410(0.160s / 3.895s)
generated_audios/generated_H4_256C_pruned50_int8/121-121726-0007_generated.wav | RTF: 0.0428(0.288s / 6.730s) | Generator RTF: 0.0423(0.284s / 6.730s)
generated_audios/generated_H4_256C_pruned50_int8/121-121726-0008_generated.wav | RTF: 0.0420(0.210s / 4.990s) | Generator RTF: 0.0413(0.206s / 4.990s)
generated_audios/generated_H4_256C_pruned50_int8/121-121726-0009_generated.wav | RTF: 0.0440(0.320s / 7.260s) | Generator RTF: 0.0435(0.316s / 7.260s)
generated_audios/generated_H4_256C_pruned50_int8/121-121726-0010_generated.wav | RTF: 0.0460(0.452s / 9.810s) | Generator RTF: 0.0456(0.448s / 9.810s)
generated_audios/generated_H4_256C_pruned50_int8/121-121726-0011_generated.wav | RTF: 0.0418(0.169s / 4.035s) | Generator RTF: 0.0409(0.165s / 4.035s)
generated_audios/generated_H4_256C_pruned50_int8/121-121726-0012_generated.wav | RTF: 0.0416(0.168s / 4.045s) | Generator RTF: 0.0409(0.165s / 4.045s)
generated_audios/generated_H4_256C_pruned50_int8/121-121726-0013_generated.wav | RTF: 0.0454(0.113s / 2.490s) | Generator RTF: 0.0441(0.110s / 2.490s)
generated_audios/generated_H4_256C_pruned50_int8/121-121726-0014_generated.wav | RTF: 0.0440(0.139s / 3.165s) | Generator RTF: 0.0429(0.136s / 3.165s)
generated_audios/generated_H4_256C_pruned50_int8/121-123852-0000_generated.wav | RTF: 0.0523(0.926s / 17.695s) | Generator RTF: 0.0520(0.921s / 17.695s)
generated_audios/generated_H4_256C_pruned50_int8/121-123852-0001_generated.wav | RTF: 0.0468(0.088s / 1.870s) | Generator RTF: 0.0452(0.084s / 1.870s)
generated_audios/generated_H4_256C_pruned50_int8/121-123852-0002_generated.wav | RTF: 0.0524(0.907s / 17.285s) | Generator RTF: 0.0522(0.902s / 17.285s)
generated_audios/generated_H4_256C_pruned50_int8/121-123852-0003_generated.wav | RTF: 0.2731(6.420s / 23.505s) | Generator RTF: 0.2729(6.414s / 23.505s)
generated_audios/generated_H4_256C_pruned50_int8/121-123852-0004_generated.wav | RTF: 0.2582(4.206s / 16.290s) | Generator RTF: 0.2579(4.202s / 16.290s)
generated_audios/generated_H4_256C_pruned50_int8/121-123859-0000_generated.wav | RTF: 0.2679(4.659s / 17.390s) | Generator RTF: 0.2677(4.655s / 17.390s)
generated_audios/generated_H4_256C_pruned50_int8/121-123859-0001_generated.wav | RTF: 0.2835(7.200s / 25.395s) | Generator RTF: 0.2833(7.194s / 25.395s)
generated_audios/generated_H4_256C_pruned50_int8/121-123859-0002_generated.wav | RTF: 0.2765(8.306s / 30.040s) | Generator RTF: 0.2762(8.298s / 30.040s)
generated_audios/generated_H4_256C_pruned50_int8/121-123859-0003_generated.wav | RTF: 0.2352(2.546s / 10.825s) | Generator RTF: 0.2348(2.542s / 10.825s)
generated_audios/generated_H4_256C_pruned50_int8/121-123859-0004_generated.wav | RTF: 0.2381(2.263s / 9.505s) | Generator RTF: 0.2376(2.259s / 9.505s)
generated_audios/generated_H4_256C_pruned50_int8/121-127105-0000_generated.wav | RTF: 0.2376(2.346s / 9.875s) | Generator RTF: 0.2372(2.342s / 9.875s)
generated_audios/generated_H4_256C_pruned50_int8/121-127105-0001_generated.wav | RTF: 0.2301(1.156s / 5.025s) | Generator RTF: 0.2293(1.152s / 5.025s)
generated_audios/generated_H4_256C_pruned50_int8/121-127105-0002_generated.wav | RTF: 0.2369(1.776s / 7.495s) | Generator RTF: 0.2364(1.772s / 7.495s)
generated_audios/generated_H4_256C_pruned50_int8/121-127105-0003_generated.wav | RTF: 0.2338(1.806s / 7.725s) | Generator RTF: 0.2332(1.802s / 7.725s)
generated_audios/generated_H4_256C_pruned50_int8/121-127105-0004_generated.wav | RTF: 0.2413(0.509s / 2.110s) | Generator RTF: 0.2397(0.506s / 2.110s)
generated_audios/generated_H4_256C_pruned50_int8/121-127105-0005_generated.wav | RTF: 0.2288(1.332s / 5.820s) | Generator RTF: 0.2282(1.328s / 5.820s)
generated_audios/generated_H4_256C_pruned50_int8/121-127105-0006_generated.wav | RTF: 0.2288(1.081s / 4.725s) | Generator RTF: 0.2281(1.078s / 4.725s)
generated_audios/generated_H4_256C_pruned50_int8/121-127105-0007_generated.wav | RTF: 0.2284(1.322s / 5.790s) | Generator RTF: 0.2278(1.319s / 5.790s)
generated_audios/generated_H4_256C_pruned50_int8/121-127105-0008_generated.wav | RTF: 0.2262(0.624s / 2.760s) | Generator RTF: 0.2250(0.621s / 2.760s)
generated_audios/generated_H4_256C_pruned50_int8/121-127105-0009_generated.wav | RTF: 0.2347(0.537s / 2.290s) | Generator RTF: 0.2333(0.534s / 2.290s)
generated_audios/generated_H4_256C_pruned50_int8/121-127105-0010_generated.wav | RTF: 0.2349(0.669s / 2.850s) | Generator RTF: 0.2338(0.666s / 2.850s)
generated_audios/generated_H4_256C_pruned50_int8/121-127105-0011_generated.wav | RTF: 0.2334(1.349s / 5.780s) | Generator RTF: 0.2327(1.345s / 5.780s)
generated_audios/generated_H4_256C_pruned50_int8/121-127105-0012_generated.wav | RTF: 0.2307(1.114s / 4.830s) | Generator RTF: 0.2300(1.111s / 4.830s)
generated_audios/generated_H4_256C_pruned50_int8/121-127105-0013_generated.wav | RTF: 0.2271(1.339s / 5.895s) | Generator RTF: 0.2265(1.335s / 5.895s)
generated_audios/generated_H4_256C_pruned50_int8/121-127105-0014_generated.wav | RTF: 0.2329(0.525s / 2.255s) | Generator RTF: 0.2317(0.523s / 2.255s)
generated_audios/generated_H4_256C_pruned50_int8/121-127105-0015_generated.wav | RTF: 0.2292(0.678s / 2.960s) | Generator RTF: 0.2281(0.675s / 2.960s)
generated_audios/generated_H4_256C_pruned50_int8/121-127105-0016_generated.wav | RTF: 0.2252(0.457s / 2.030s) | Generator RTF: 0.2236(0.454s / 2.030s)
generated_audios/generated_H4_256C_pruned50_int8/121-127105-0017_generated.wav | RTF: 0.2326(0.627s / 2.695s) | Generator RTF: 0.2314(0.624s / 2.695s)
generated_audios/generated_H4_256C_pruned50_int8/121-127105-0018_generated.wav | RTF: 0.2345(0.649s / 2.770s) | Generator RTF: 0.2334(0.646s / 2.770s)
generated_audios/generated_H4_256C_pruned50_int8/121-127105-0019_generated.wav | RTF: 0.2276(0.802s / 3.525s) | Generator RTF: 0.2267(0.799s / 3.525s)
generated_audios/generated_H4_256C_pruned50_int8/121-127105-0020_generated.wav | RTF: 0.2619(3.759s / 14.355s) | Generator RTF: 0.2616(3.755s / 14.355s)
generated_audios/generated_H4_256C_pruned50_int8/121-127105-0021_generated.wav | RTF: 0.2412(0.482s / 2.000s) | Generator RTF: 0.2398(0.480s / 2.000s)
generated_audios/generated_H4_256C_pruned50_int8/121-127105-0022_generated.wav | RTF: 0.2324(1.179s / 5.075s) | Generator RTF: 0.2318(1.176s / 5.075s)
generated_audios/generated_H4_256C_pruned50_int8/121-127105-0023_generated.wav | RTF: 0.2353(2.567s / 10.910s) | Generator RTF: 0.2349(2.563s / 10.910s)
generated_audios/generated_H4_256C_pruned50_int8/121-127105-0024_generated.wav | RTF: 0.2635(3.808s / 14.450s) | Generator RTF: 0.2632(3.803s / 14.450s)
generated_audios/generated_H4_256C_pruned50_int8/121-127105-0025_generated.wav | RTF: 0.2581(4.147s / 16.065s) | Generator RTF: 0.2579(4.142s / 16.065s)
generated_audios/generated_H4_256C_pruned50_int8/121-127105-0026_generated.wav | RTF: 0.2325(1.751s / 7.530s) | Generator RTF: 0.2321(1.747s / 7.530s)
generated_audios/generated_H4_256C_pruned50_int8/121-127105-0027_generated.wav | RTF: 0.2603(3.610s / 13.870s) | Generator RTF: 0.2600(3.606s / 13.870s)
generated_audios/generated_H4_256C_pruned50_int8/121-127105-0028_generated.wav | RTF: 0.0456(0.308s / 6.750s) | Generator RTF: 0.0451(0.304s / 6.750s)
generated_audios/generated_H4_256C_pruned50_int8/121-127105-0029_generated.wav | RTF: 0.2332(1.705s / 7.310s) | Generator RTF: 0.2327(1.701s / 7.310s)
generated_audios/generated_H4_256C_pruned50_int8/121-127105-0030_generated.wav | RTF: 0.2434(0.529s / 2.175s) | Generator RTF: 0.2420(0.526s / 2.175s)
generated_audios/generated_H4_256C_pruned50_int8/121-127105-0031_generated.wav | RTF: 0.2381(2.563s / 10.765s) | Generator RTF: 0.2377(2.559s / 10.765s)
generated_audios/generated_H4_256C_pruned50_int8/121-127105-0032_generated.wav | RTF: 0.2291(0.726s / 3.170s) | Generator RTF: 0.2281(0.723s / 3.170s)
generated_audios/generated_H4_256C_pruned50_int8/121-127105-0033_generated.wav | RTF: 0.2407(0.567s / 2.355s) | Generator RTF: 0.2395(0.564s / 2.355s)
generated_audios/generated_H4_256C_pruned50_int8/121-127105-0034_generated.wav | RTF: 0.2391(1.771s / 7.410s) | Generator RTF: 0.2385(1.768s / 7.410s)
generated_audios/generated_H4_256C_pruned50_int8/121-127105-0035_generated.wav | RTF: 0.2611(3.695s / 14.150s) | Generator RTF: 0.2608(3.690s / 14.150s)
generated_audios/generated_H4_256C_pruned50_int8/121-127105-0036_generated.wav | RTF: 0.2281(0.947s / 4.150s) | Generator RTF: 0.2273(0.943s / 4.150s)
generated_audios/generated_H4_256C_pruned50_int8/237-126133-0000_generated.wav | RTF: 0.2656(3.530s / 13.290s) | Generator RTF: 0.2653(3.526s / 13.290s)
generated_audios/generated_H4_256C_pruned50_int8/237-126133-0001_generated.wav | RTF: 0.2654(3.176s / 11.965s) | Generator RTF: 0.2651(3.171s / 11.965s)
generated_audios/generated_H4_256C_pruned50_int8/237-126133-0002_generated.wav | RTF: 0.2368(2.112s / 8.920s) | Generator RTF: 0.2363(2.108s / 8.920s)
generated_audios/generated_H4_256C_pruned50_int8/237-126133-0003_generated.wav | RTF: 0.2315(1.519s / 6.560s) | Generator RTF: 0.2309(1.515s / 6.560s)
generated_audios/generated_H4_256C_pruned50_int8/237-126133-0004_generated.wav | RTF: 0.2335(0.769s / 3.295s) | Generator RTF: 0.2326(0.766s / 3.295s)
generated_audios/generated_H4_256C_pruned50_int8/237-126133-0005_generated.wav | RTF: 0.2362(1.538s / 6.510s) | Generator RTF: 0.2357(1.535s / 6.510s)
generated_audios/generated_H4_256C_pruned50_int8/237-126133-0006_generated.wav | RTF: 0.2298(1.413s / 6.150s) | Generator RTF: 0.2292(1.410s / 6.150s)
generated_audios/generated_H4_256C_pruned50_int8/237-126133-0007_generated.wav | RTF: 0.2359(2.047s / 8.680s) | Generator RTF: 0.2354(2.043s / 8.680s)
generated_audios/generated_H4_256C_pruned50_int8/237-126133-0008_generated.wav | RTF: 0.2347(0.907s / 3.865s) | Generator RTF: 0.2338(0.904s / 3.865s)
generated_audios/generated_H4_256C_pruned50_int8/237-126133-0009_generated.wav | RTF: 0.2348(0.932s / 3.970s) | Generator RTF: 0.2339(0.929s / 3.970s)
generated_audios/generated_H4_256C_pruned50_int8/237-126133-0010_generated.wav | RTF: 0.2315(1.444s / 6.240s) | Generator RTF: 0.2309(1.441s / 6.240s)
generated_audios/generated_H4_256C_pruned50_int8/237-126133-0011_generated.wav | RTF: 0.2326(1.560s / 6.710s) | Generator RTF: 0.2321(1.557s / 6.710s)
generated_audios/generated_H4_256C_pruned50_int8/237-126133-0012_generated.wav | RTF: 0.2360(1.050s / 4.450s) | Generator RTF: 0.2352(1.047s / 4.450s)
generated_audios/generated_H4_256C_pruned50_int8/237-126133-0013_generated.wav | RTF: 0.2397(1.633s / 6.815s) | Generator RTF: 0.2391(1.629s / 6.815s)
generated_audios/generated_H4_256C_pruned50_int8/237-126133-0014_generated.wav | RTF: 0.2340(1.589s / 6.790s) | Generator RTF: 0.2335(1.585s / 6.790s)
generated_audios/generated_H4_256C_pruned50_int8/237-126133-0015_generated.wav | RTF: 0.2368(2.211s / 9.340s) | Generator RTF: 0.2364(2.208s / 9.340s)
generated_audios/generated_H4_256C_pruned50_int8/237-126133-0016_generated.wav | RTF: 0.2307(0.980s / 4.250s) | Generator RTF: 0.2299(0.977s / 4.250s)
generated_audios/generated_H4_256C_pruned50_int8/237-126133-0017_generated.wav | RTF: 0.2296(1.426s / 6.210s) | Generator RTF: 0.2290(1.422s / 6.210s)
generated_audios/generated_H4_256C_pruned50_int8/237-126133-0018_generated.wav | RTF: 0.2356(0.965s / 4.095s) | Generator RTF: 0.2348(0.962s / 4.095s)
generated_audios/generated_H4_256C_pruned50_int8/237-126133-0019_generated.wav | RTF: 0.2365(1.684s / 7.120s) | Generator RTF: 0.2360(1.680s / 7.120s)
generated_audios/generated_H4_256C_pruned50_int8/237-126133-0020_generated.wav | RTF: 0.2363(0.529s / 2.240s) | Generator RTF: 0.2348(0.526s / 2.240s)
generated_audios/generated_H4_256C_pruned50_int8/237-126133-0021_generated.wav | RTF: 0.2261(0.987s / 4.365s) | Generator RTF: 0.2253(0.983s / 4.365s)
generated_audios/generated_H4_256C_pruned50_int8/237-126133-0022_generated.wav | RTF: 0.2338(1.179s / 5.040s) | Generator RTF: 0.2331(1.175s / 5.040s)
generated_audios/generated_H4_256C_pruned50_int8/237-126133-0023_generated.wav | RTF: 0.2326(1.553s / 6.675s) | Generator RTF: 0.2321(1.549s / 6.675s)
generated_audios/generated_H4_256C_pruned50_int8/237-126133-0024_generated.wav | RTF: 0.2425(2.344s / 9.665s) | Generator RTF: 0.2421(2.340s / 9.665s)
generated_audios/generated_H4_256C_pruned50_int8/237-126133-0025_generated.wav | RTF: 0.2343(0.880s / 3.755s) | Generator RTF: 0.2334(0.876s / 3.755s)
generated_audios/generated_H4_256C_pruned50_int8/237-134493-0000_generated.wav | RTF: 0.2338(0.960s / 4.105s) | Generator RTF: 0.2329(0.956s / 4.105s)
generated_audios/generated_H4_256C_pruned50_int8/237-134493-0001_generated.wav | RTF: 0.2397(1.769s / 7.380s) | Generator RTF: 0.2392(1.765s / 7.380s)
generated_audios/generated_H4_256C_pruned50_int8/237-134493-0002_generated.wav | RTF: 0.2670(3.043s / 11.395s) | Generator RTF: 0.2666(3.038s / 11.395s)
generated_audios/generated_H4_256C_pruned50_int8/237-134493-0003_generated.wav | RTF: 0.2661(3.397s / 12.765s) | Generator RTF: 0.2658(3.393s / 12.765s)
generated_audios/generated_H4_256C_pruned50_int8/237-134493-0004_generated.wav | RTF: 0.2318(1.582s / 6.825s) | Generator RTF: 0.2312(1.578s / 6.825s)
generated_audios/generated_H4_256C_pruned50_int8/237-134493-0005_generated.wav | RTF: 0.2397(2.624s / 10.945s) | Generator RTF: 0.2394(2.620s / 10.945s)
generated_audios/generated_H4_256C_pruned50_int8/237-134493-0006_generated.wav | RTF: 0.2305(1.013s / 4.395s) | Generator RTF: 0.2297(1.010s / 4.395s)
generated_audios/generated_H4_256C_pruned50_int8/237-134493-0007_generated.wav | RTF: 0.2437(0.496s / 2.035s) | Generator RTF: 0.2420(0.492s / 2.035s)
generated_audios/generated_H4_256C_pruned50_int8/237-134493-0008_generated.wav | RTF: 0.2324(0.536s / 2.305s) | Generator RTF: 0.2311(0.533s / 2.305s)
generated_audios/generated_H4_256C_pruned50_int8/237-134493-0009_generated.wav | RTF: 0.2476(0.737s / 2.975s) | Generator RTF: 0.2465(0.733s / 2.975s)
generated_audios/generated_H4_256C_pruned50_int8/237-134493-0010_generated.wav | RTF: 0.2339(0.672s / 2.875s) | Generator RTF: 0.2328(0.669s / 2.875s)
generated_audios/generated_H4_256C_pruned50_int8/237-134493-0011_generated.wav | RTF: 0.2366(1.191s / 5.035s) | Generator RTF: 0.2359(1.188s / 5.035s)
generated_audios/generated_H4_256C_pruned50_int8/237-134493-0012_generated.wav | RTF: 0.2310(0.846s / 3.660s) | Generator RTF: 0.2301(0.842s / 3.660s)
generated_audios/generated_H4_256C_pruned50_int8/237-134493-0013_generated.wav | RTF: 0.0439(0.180s / 4.090s) | Generator RTF: 0.0431(0.176s / 4.090s)
generated_audios/generated_H4_256C_pruned50_int8/237-134493-0014_generated.wav | RTF: 0.2297(0.850s / 3.700s) | Generator RTF: 0.2287(0.846s / 3.700s)
generated_audios/generated_H4_256C_pruned50_int8/237-134493-0015_generated.wav | RTF: 0.0439(0.288s / 6.550s) | Generator RTF: 0.0434(0.284s / 6.550s)
generated_audios/generated_H4_256C_pruned50_int8/237-134493-0016_generated.wav | RTF: 0.2421(2.442s / 10.085s) | Generator RTF: 0.2417(2.438s / 10.085s)
generated_audios/generated_H4_256C_pruned50_int8/237-134493-0017_generated.wav | RTF: 0.2426(2.209s / 9.105s) | Generator RTF: 0.2421(2.205s / 9.105s)
generated_audios/generated_H4_256C_pruned50_int8/237-134493-0018_generated.wav | RTF: 0.2360(1.131s / 4.790s) | Generator RTF: 0.2353(1.127s / 4.790s)
generated_audios/generated_H4_256C_pruned50_int8/237-134500-0000_generated.wav | RTF: 0.2355(1.443s / 6.130s) | Generator RTF: 0.2349(1.440s / 6.130s)
generated_audios/generated_H4_256C_pruned50_int8/237-134500-0001_generated.wav | RTF: 0.2424(0.439s / 1.810s) | Generator RTF: 0.2407(0.436s / 1.810s)
generated_audios/generated_H4_256C_pruned50_int8/237-134500-0002_generated.wav | RTF: 0.2329(1.181s / 5.070s) | Generator RTF: 0.2322(1.177s / 5.070s)
generated_audios/generated_H4_256C_pruned50_int8/237-134500-0003_generated.wav | RTF: 0.0453(0.144s / 3.170s) | Generator RTF: 0.0443(0.140s / 3.170s)
generated_audios/generated_H4_256C_pruned50_int8/237-134500-0004_generated.wav | RTF: 0.0454(0.101s / 2.225s) | Generator RTF: 0.0440(0.098s / 2.225s)
generated_audios/generated_H4_256C_pruned50_int8/237-134500-0005_generated.wav | RTF: 0.2406(0.575s / 2.390s) | Generator RTF: 0.2394(0.572s / 2.390s)
generated_audios/generated_H4_256C_pruned50_int8/237-134500-0006_generated.wav | RTF: 0.2323(0.981s / 4.225s) | Generator RTF: 0.2315(0.978s / 4.225s)
generated_audios/generated_H4_256C_pruned50_int8/237-134500-0007_generated.wav | RTF: 0.0407(0.097s / 2.390s) | Generator RTF: 0.0393(0.094s / 2.390s)
generated_audios/generated_H4_256C_pruned50_int8/237-134500-0008_generated.wav | RTF: 0.0440(0.165s / 3.760s) | Generator RTF: 0.0431(0.162s / 3.760s)
generated_audios/generated_H4_256C_pruned50_int8/237-134500-0009_generated.wav | RTF: 0.0401(0.089s / 2.220s) | Generator RTF: 0.0386(0.086s / 2.220s)
generated_audios/generated_H4_256C_pruned50_int8/237-134500-0010_generated.wav | RTF: 0.2372(0.948s / 3.995s) | Generator RTF: 0.2364(0.944s / 3.995s)
generated_audios/generated_H4_256C_pruned50_int8/237-134500-0011_generated.wav | RTF: 0.2359(0.790s / 3.350s) | Generator RTF: 0.2349(0.787s / 3.350s)
generated_audios/generated_H4_256C_pruned50_int8/237-134500-0012_generated.wav | RTF: 0.2423(2.650s / 10.935s) | Generator RTF: 0.2420(2.646s / 10.935s)
generated_audios/generated_H4_256C_pruned50_int8/237-134500-0013_generated.wav | RTF: 0.0470(0.496s / 10.560s) | Generator RTF: 0.0466(0.492s / 10.560s)
generated_audios/generated_H4_256C_pruned50_int8/237-134500-0014_generated.wav | RTF: 0.0439(0.186s / 4.250s) | Generator RTF: 0.0431(0.183s / 4.250s)
generated_audios/generated_H4_256C_pruned50_int8/237-134500-0015_generated.wav | RTF: 0.2444(2.643s / 10.815s) | Generator RTF: 0.2440(2.639s / 10.815s)
generated_audios/generated_H4_256C_pruned50_int8/237-134500-0016_generated.wav | RTF: 0.0452(0.143s / 3.160s) | Generator RTF: 0.0443(0.140s / 3.160s)
generated_audios/generated_H4_256C_pruned50_int8/237-134500-0017_generated.wav | RTF: 0.0454(0.099s / 2.180s) | Generator RTF: 0.0446(0.097s / 2.180s)
generated_audios/generated_H4_256C_pruned50_int8/237-134500-0018_generated.wav | RTF: 0.2703(3.472s / 12.845s) | Generator RTF: 0.2699(3.467s / 12.845s)
generated_audios/generated_H4_256C_pruned50_int8/237-134500-0019_generated.wav | RTF: 0.2324(0.665s / 2.860s) | Generator RTF: 0.2313(0.661s / 2.860s)
generated_audios/generated_H4_256C_pruned50_int8/237-134500-0020_generated.wav | RTF: 0.0389(0.085s / 2.180s) | Generator RTF: 0.0375(0.082s / 2.180s)
generated_audios/generated_H4_256C_pruned50_int8/237-134500-0021_generated.wav | RTF: 0.2350(1.203s / 5.120s) | Generator RTF: 0.2343(1.200s / 5.120s)
generated_audios/generated_H4_256C_pruned50_int8/237-134500-0022_generated.wav | RTF: 0.2355(1.217s / 5.165s) | Generator RTF: 0.2349(1.213s / 5.165s)
generated_audios/generated_H4_256C_pruned50_int8/237-134500-0023_generated.wav | RTF: 0.2419(0.740s / 3.060s) | Generator RTF: 0.2409(0.737s / 3.060s)
generated_audios/generated_H4_256C_pruned50_int8/237-134500-0024_generated.wav | RTF: 0.0439(0.194s / 4.410s) | Generator RTF: 0.0431(0.190s / 4.410s)
generated_audios/generated_H4_256C_pruned50_int8/237-134500-0025_generated.wav | RTF: 0.2445(0.398s / 1.630s) | Generator RTF: 0.2434(0.397s / 1.630s)
generated_audios/generated_H4_256C_pruned50_int8/237-134500-0026_generated.wav | RTF: 0.2380(0.726s / 3.050s) | Generator RTF: 0.2369(0.723s / 3.050s)
generated_audios/generated_H4_256C_pruned50_int8/237-134500-0027_generated.wav | RTF: 0.2404(0.786s / 3.270s) | Generator RTF: 0.2393(0.783s / 3.270s)
generated_audios/generated_H4_256C_pruned50_int8/237-134500-0028_generated.wav | RTF: 0.2449(1.108s / 4.525s) | Generator RTF: 0.2441(1.105s / 4.525s)
generated_audios/generated_H4_256C_pruned50_int8/237-134500-0029_generated.wav | RTF: 0.2381(0.492s / 2.065s) | Generator RTF: 0.2367(0.489s / 2.065s)
generated_audios/generated_H4_256C_pruned50_int8/237-134500-0030_generated.wav | RTF: 0.2405(0.669s / 2.780s) | Generator RTF: 0.2394(0.666s / 2.780s)
generated_audios/generated_H4_256C_pruned50_int8/237-134500-0031_generated.wav | RTF: 0.2485(2.636s / 10.610s) | Generator RTF: 0.2481(2.632s / 10.610s)
generated_audios/generated_H4_256C_pruned50_int8/237-134500-0032_generated.wav | RTF: 0.0442(0.222s / 5.025s) | Generator RTF: 0.0435(0.219s / 5.025s)
generated_audios/generated_H4_256C_pruned50_int8/237-134500-0033_generated.wav | RTF: 0.2386(1.515s / 6.350s) | Generator RTF: 0.2381(1.512s / 6.350s)
generated_audios/generated_H4_256C_pruned50_int8/237-134500-0034_generated.wav | RTF: 0.2384(0.733s / 3.075s) | Generator RTF: 0.2373(0.730s / 3.075s)
generated_audios/generated_H4_256C_pruned50_int8/237-134500-0035_generated.wav | RTF: 0.2511(0.642s / 2.555s) | Generator RTF: 0.2499(0.638s / 2.555s)
generated_audios/generated_H4_256C_pruned50_int8/237-134500-0036_generated.wav | RTF: 0.2438(1.609s / 6.600s) | Generator RTF: 0.2433(1.606s / 6.600s)
generated_audios/generated_H4_256C_pruned50_int8/237-134500-0037_generated.wav | RTF: 0.2459(1.747s / 7.105s) | Generator RTF: 0.2453(1.743s / 7.105s)
generated_audios/generated_H4_256C_pruned50_int8/237-134500-0038_generated.wav | RTF: 0.2507(0.611s / 2.435s) | Generator RTF: 0.2494(0.607s / 2.435s)
generated_audios/generated_H4_256C_pruned50_int8/237-134500-0039_generated.wav | RTF: 0.2433(1.126s / 4.630s) | Generator RTF: 0.2429(1.124s / 4.630s)
generated_audios/generated_H4_256C_pruned50_int8/237-134500-0040_generated.wav | RTF: 0.0444(0.179s / 4.030s) | Generator RTF: 0.0435(0.175s / 4.030s)
generated_audios/generated_H4_256C_pruned50_int8/237-134500-0041_generated.wav | RTF: 0.0516(0.461s / 8.920s) | Generator RTF: 0.0512(0.456s / 8.920s)
generated_audios/generated_H4_256C_pruned50_int8/237-134500-0042_generated.wav | RTF: 0.2443(0.629s / 2.575s) | Generator RTF: 0.2430(0.626s / 2.575s)
generated_audios/generated_H4_256C_pruned50_int8/260-123286-0000_generated.wav | RTF: 0.2475(1.742s / 7.040s) | Generator RTF: 0.2469(1.738s / 7.040s)
generated_audios/generated_H4_256C_pruned50_int8/260-123286-0001_generated.wav | RTF: 0.0400(0.123s / 3.070s) | Generator RTF: 0.0389(0.119s / 3.070s)
generated_audios/generated_H4_256C_pruned50_int8/260-123286-0002_generated.wav | RTF: 0.2524(2.520s / 9.985s) | Generator RTF: 0.2519(2.516s / 9.985s)
generated_audios/generated_H4_256C_pruned50_int8/260-123286-0003_generated.wav | RTF: 0.2476(1.825s / 7.370s) | Generator RTF: 0.2471(1.821s / 7.370s)
generated_audios/generated_H4_256C_pruned50_int8/260-123286-0004_generated.wav | RTF: 0.2506(0.868s / 3.465s) | Generator RTF: 0.2496(0.865s / 3.465s)
generated_audios/generated_H4_256C_pruned50_int8/260-123286-0005_generated.wav | RTF: 0.2417(1.163s / 4.810s) | Generator RTF: 0.2410(1.159s / 4.810s)
generated_audios/generated_H4_256C_pruned50_int8/260-123286-0006_generated.wav | RTF: 0.2565(1.900s / 7.405s) | Generator RTF: 0.2560(1.896s / 7.405s)
generated_audios/generated_H4_256C_pruned50_int8/260-123286-0007_generated.wav | RTF: 0.2471(1.124s / 4.550s) | Generator RTF: 0.2464(1.121s / 4.550s)
generated_audios/generated_H4_256C_pruned50_int8/260-123286-0008_generated.wav | RTF: 0.2424(0.905s / 3.735s) | Generator RTF: 0.2415(0.902s / 3.735s)
generated_audios/generated_H4_256C_pruned50_int8/260-123286-0009_generated.wav | RTF: 0.2459(1.425s / 5.795s) | Generator RTF: 0.2453(1.422s / 5.795s)
generated_audios/generated_H4_256C_pruned50_int8/260-123286-0010_generated.wav | RTF: 0.0398(0.103s / 2.575s) | Generator RTF: 0.0386(0.099s / 2.575s)
generated_audios/generated_H4_256C_pruned50_int8/260-123286-0011_generated.wav | RTF: 0.0432(0.184s / 4.255s) | Generator RTF: 0.0423(0.180s / 4.255s)
generated_audios/generated_H4_256C_pruned50_int8/260-123286-0012_generated.wav | RTF: 0.0407(0.099s / 2.430s) | Generator RTF: 0.0393(0.096s / 2.430s)
generated_audios/generated_H4_256C_pruned50_int8/260-123286-0013_generated.wav | RTF: 0.2494(1.180s / 4.730s) | Generator RTF: 0.2487(1.176s / 4.730s)
generated_audios/generated_H4_256C_pruned50_int8/260-123286-0014_generated.wav | RTF: 0.0513(0.153s / 2.980s) | Generator RTF: 0.0502(0.150s / 2.980s)
generated_audios/generated_H4_256C_pruned50_int8/260-123286-0015_generated.wav | RTF: 0.2483(1.294s / 5.210s) | Generator RTF: 0.2477(1.290s / 5.210s)
generated_audios/generated_H4_256C_pruned50_int8/260-123286-0016_generated.wav | RTF: 0.2504(1.753s / 7.000s) | Generator RTF: 0.2498(1.749s / 7.000s)
generated_audios/generated_H4_256C_pruned50_int8/260-123286-0017_generated.wav | RTF: 0.2430(0.966s / 3.975s) | Generator RTF: 0.2421(0.962s / 3.975s)
generated_audios/generated_H4_256C_pruned50_int8/260-123286-0018_generated.wav | RTF: 0.2455(1.392s / 5.670s) | Generator RTF: 0.2449(1.389s / 5.670s)
generated_audios/generated_H4_256C_pruned50_int8/260-123286-0019_generated.wav | RTF: 0.2788(3.319s / 11.905s) | Generator RTF: 0.2784(3.315s / 11.905s)
generated_audios/generated_H4_256C_pruned50_int8/260-123286-0020_generated.wav | RTF: 0.0446(0.136s / 3.060s) | Generator RTF: 0.0435(0.133s / 3.060s)
generated_audios/generated_H4_256C_pruned50_int8/260-123286-0021_generated.wav | RTF: 0.2427(0.619s / 2.550s) | Generator RTF: 0.2414(0.616s / 2.550s)
generated_audios/generated_H4_256C_pruned50_int8/260-123286-0022_generated.wav | RTF: 0.2500(0.809s / 3.235s) | Generator RTF: 0.2490(0.805s / 3.235s)
generated_audios/generated_H4_256C_pruned50_int8/260-123286-0023_generated.wav | RTF: 0.2526(1.484s / 5.875s) | Generator RTF: 0.2520(1.481s / 5.875s)
generated_audios/generated_H4_256C_pruned50_int8/260-123286-0024_generated.wav | RTF: 0.2454(0.746s / 3.040s) | Generator RTF: 0.2443(0.743s / 3.040s)
generated_audios/generated_H4_256C_pruned50_int8/260-123286-0025_generated.wav | RTF: 0.2577(2.372s / 9.205s) | Generator RTF: 0.2573(2.368s / 9.205s)
generated_audios/generated_H4_256C_pruned50_int8/260-123286-0026_generated.wav | RTF: 0.2510(1.742s / 6.940s) | Generator RTF: 0.2505(1.739s / 6.940s)
generated_audios/generated_H4_256C_pruned50_int8/260-123286-0027_generated.wav | RTF: 0.2501(1.794s / 7.170s) | Generator RTF: 0.2496(1.790s / 7.170s)
generated_audios/generated_H4_256C_pruned50_int8/260-123286-0028_generated.wav | RTF: 0.2516(1.878s / 7.465s) | Generator RTF: 0.2511(1.874s / 7.465s)
generated_audios/generated_H4_256C_pruned50_int8/260-123286-0029_generated.wav | RTF: 0.0441(0.200s / 4.545s) | Generator RTF: 0.0433(0.197s / 4.545s)
generated_audios/generated_H4_256C_pruned50_int8/260-123286-0030_generated.wav | RTF: 0.0436(0.328s / 7.530s) | Generator RTF: 0.0431(0.325s / 7.530s)
generated_audios/generated_H4_256C_pruned50_int8/260-123286-0031_generated.wav | RTF: 0.2471(1.251s / 5.060s) | Generator RTF: 0.2465(1.247s / 5.060s)
generated_audios/generated_H4_256C_pruned50_int8/260-123288-0000_generated.wav | RTF: 0.0384(0.117s / 3.040s) | Generator RTF: 0.0373(0.113s / 3.040s)
generated_audios/generated_H4_256C_pruned50_int8/260-123288-0001_generated.wav | RTF: 0.0433(0.220s / 5.080s) | Generator RTF: 0.0426(0.217s / 5.080s)
generated_audios/generated_H4_256C_pruned50_int8/260-123288-0002_generated.wav | RTF: 0.2591(1.878s / 7.250s) | Generator RTF: 0.2585(1.874s / 7.250s)
generated_audios/generated_H4_256C_pruned50_int8/260-123288-0003_generated.wav | RTF: 0.2648(2.358s / 8.905s) | Generator RTF: 0.2644(2.354s / 8.905s)
generated_audios/generated_H4_256C_pruned50_int8/260-123288-0004_generated.wav | RTF: 0.2565(1.106s / 4.310s) | Generator RTF: 0.2557(1.102s / 4.310s)
generated_audios/generated_H4_256C_pruned50_int8/260-123288-0005_generated.wav | RTF: 0.2824(3.545s / 12.550s) | Generator RTF: 0.2821(3.540s / 12.550s)
generated_audios/generated_H4_256C_pruned50_int8/260-123288-0006_generated.wav | RTF: 0.2532(1.236s / 4.880s) | Generator RTF: 0.2525(1.232s / 4.880s)
generated_audios/generated_H4_256C_pruned50_int8/260-123288-0007_generated.wav | RTF: 0.2629(2.945s / 11.200s) | Generator RTF: 0.2625(2.940s / 11.200s)
generated_audios/generated_H4_256C_pruned50_int8/260-123288-0008_generated.wav | RTF: 0.2602(1.435s / 5.515s) | Generator RTF: 0.2596(1.432s / 5.515s)
generated_audios/generated_H4_256C_pruned50_int8/260-123288-0009_generated.wav | RTF: 0.2557(0.878s / 3.435s) | Generator RTF: 0.2547(0.875s / 3.435s)
generated_audios/generated_H4_256C_pruned50_int8/260-123288-0010_generated.wav | RTF: 0.0494(0.494s / 9.995s) | Generator RTF: 0.0490(0.490s / 9.995s)
generated_audios/generated_H4_256C_pruned50_int8/260-123288-0011_generated.wav | RTF: 0.2619(2.352s / 8.980s) | Generator RTF: 0.2615(2.348s / 8.980s)
generated_audios/generated_H4_256C_pruned50_int8/260-123288-0012_generated.wav | RTF: 0.2575(0.913s / 3.545s) | Generator RTF: 0.2565(0.909s / 3.545s)
generated_audios/generated_H4_256C_pruned50_int8/260-123288-0013_generated.wav | RTF: 0.2848(3.242s / 11.385s) | Generator RTF: 0.2844(3.238s / 11.385s)
generated_audios/generated_H4_256C_pruned50_int8/260-123288-0014_generated.wav | RTF: 0.0488(0.088s / 1.805s) | Generator RTF: 0.0471(0.085s / 1.805s)
generated_audios/generated_H4_256C_pruned50_int8/260-123288-0015_generated.wav | RTF: 0.2786(5.901s / 21.185s) | Generator RTF: 0.2783(5.895s / 21.185s)
generated_audios/generated_H4_256C_pruned50_int8/260-123288-0016_generated.wav | RTF: 0.2589(1.259s / 4.865s) | Generator RTF: 0.2581(1.256s / 4.865s)
generated_audios/generated_H4_256C_pruned50_int8/260-123288-0017_generated.wav | RTF: 0.2520(1.317s / 5.225s) | Generator RTF: 0.2514(1.314s / 5.225s)
generated_audios/generated_H4_256C_pruned50_int8/260-123288-0018_generated.wav | RTF: 0.2506(0.813s / 3.245s) | Generator RTF: 0.2496(0.810s / 3.245s)
generated_audios/generated_H4_256C_pruned50_int8/260-123288-0019_generated.wav | RTF: 0.0447(0.132s / 2.955s) | Generator RTF: 0.0436(0.129s / 2.955s)
generated_audios/generated_H4_256C_pruned50_int8/260-123288-0020_generated.wav | RTF: 0.2490(0.722s / 2.900s) | Generator RTF: 0.2480(0.719s / 2.900s)
generated_audios/generated_H4_256C_pruned50_int8/260-123288-0021_generated.wav | RTF: 0.0444(0.120s / 2.710s) | Generator RTF: 0.0431(0.117s / 2.710s)
generated_audios/generated_H4_256C_pruned50_int8/260-123288-0022_generated.wav | RTF: 0.2569(0.952s / 3.705s) | Generator RTF: 0.2560(0.948s / 3.705s)
generated_audios/generated_H4_256C_pruned50_int8/260-123288-0023_generated.wav | RTF: 0.0449(0.107s / 2.385s) | Generator RTF: 0.0436(0.104s / 2.385s)
generated_audios/generated_H4_256C_pruned50_int8/260-123288-0024_generated.wav | RTF: 0.2816(4.110s / 14.595s) | Generator RTF: 0.2813(4.105s / 14.595s)
generated_audios/generated_H4_256C_pruned50_int8/260-123288-0025_generated.wav | RTF: 0.2791(3.753s / 13.445s) | Generator RTF: 0.2788(3.748s / 13.445s)
generated_audios/generated_H4_256C_pruned50_int8/260-123288-0026_generated.wav | RTF: 0.2799(4.490s / 16.040s) | Generator RTF: 0.2796(4.485s / 16.040s)
generated_audios/generated_H4_256C_pruned50_int8/260-123288-0027_generated.wav | RTF: 0.2848(1.796s / 6.305s) | Generator RTF: 0.2843(1.792s / 6.305s)
generated_audios/generated_H4_256C_pruned50_int8/260-123288-0028_generated.wav | RTF: 0.2592(0.676s / 2.610s) | Generator RTF: 0.2580(0.673s / 2.610s)
generated_audios/generated_H4_256C_pruned50_int8/260-123440-0000_generated.wav | RTF: 0.2539(0.550s / 2.165s) | Generator RTF: 0.2525(0.547s / 2.165s)
generated_audios/generated_H4_256C_pruned50_int8/260-123440-0001_generated.wav | RTF: 0.2668(0.464s / 1.740s) | Generator RTF: 0.2650(0.461s / 1.740s)
generated_audios/generated_H4_256C_pruned50_int8/260-123440-0002_generated.wav | RTF: 0.2857(4.204s / 14.715s) | Generator RTF: 0.2854(4.199s / 14.715s)
generated_audios/generated_H4_256C_pruned50_int8/260-123440-0003_generated.wav | RTF: 0.2620(0.939s / 3.585s) | Generator RTF: 0.2610(0.936s / 3.585s)
generated_audios/generated_H4_256C_pruned50_int8/260-123440-0004_generated.wav | RTF: 0.2847(3.423s / 12.020s) | Generator RTF: 0.2844(3.419s / 12.020s)
generated_audios/generated_H4_256C_pruned50_int8/260-123440-0005_generated.wav | RTF: 0.0442(0.137s / 3.105s) | Generator RTF: 0.0434(0.135s / 3.105s)
generated_audios/generated_H4_256C_pruned50_int8/260-123440-0006_generated.wav | RTF: 0.0393(0.107s / 2.715s) | Generator RTF: 0.0381(0.103s / 2.715s)
generated_audios/generated_H4_256C_pruned50_int8/260-123440-0007_generated.wav | RTF: 0.2516(0.852s / 3.385s) | Generator RTF: 0.2506(0.848s / 3.385s)
generated_audios/generated_H4_256C_pruned50_int8/260-123440-0008_generated.wav | RTF: 0.2635(0.987s / 3.745s) | Generator RTF: 0.2626(0.984s / 3.745s)
generated_audios/generated_H4_256C_pruned50_int8/260-123440-0009_generated.wav | RTF: 0.2566(0.799s / 3.115s) | Generator RTF: 0.2556(0.796s / 3.115s)
generated_audios/generated_H4_256C_pruned50_int8/260-123440-0010_generated.wav | RTF: 0.2686(2.233s / 8.315s) | Generator RTF: 0.2681(2.229s / 8.315s)
generated_audios/generated_H4_256C_pruned50_int8/260-123440-0011_generated.wav | RTF: 0.0451(0.220s / 4.870s) | Generator RTF: 0.0444(0.216s / 4.870s)
generated_audios/generated_H4_256C_pruned50_int8/260-123440-0012_generated.wav | RTF: 0.2597(1.362s / 5.245s) | Generator RTF: 0.2590(1.358s / 5.245s)
generated_audios/generated_H4_256C_pruned50_int8/260-123440-0013_generated.wav | RTF: 0.2587(0.899s / 3.475s) | Generator RTF: 0.2578(0.896s / 3.475s)
generated_audios/generated_H4_256C_pruned50_int8/260-123440-0014_generated.wav | RTF: 0.2596(0.990s / 3.815s) | Generator RTF: 0.2587(0.987s / 3.815s)
generated_audios/generated_H4_256C_pruned50_int8/260-123440-0015_generated.wav | RTF: 0.0455(0.282s / 6.200s) | Generator RTF: 0.0450(0.279s / 6.200s)
generated_audios/generated_H4_256C_pruned50_int8/260-123440-0016_generated.wav | RTF: 0.2604(1.275s / 4.895s) | Generator RTF: 0.2597(1.271s / 4.895s)
generated_audios/generated_H4_256C_pruned50_int8/260-123440-0017_generated.wav | RTF: 0.0541(0.166s / 3.070s) | Generator RTF: 0.0531(0.163s / 3.070s)
generated_audios/generated_H4_256C_pruned50_int8/260-123440-0018_generated.wav | RTF: 0.2633(0.958s / 3.640s) | Generator RTF: 0.2623(0.955s / 3.640s)
generated_audios/generated_H4_256C_pruned50_int8/260-123440-0019_generated.wav | RTF: 0.2577(1.708s / 6.630s) | Generator RTF: 0.2571(1.705s / 6.630s)
generated_audios/generated_H4_256C_pruned50_int8/260-123440-0020_generated.wav | RTF: 0.2603(1.300s / 4.995s) | Generator RTF: 0.2596(1.297s / 4.995s)
generated_audios/generated_H4_256C_pruned50_int8/61-70968-0000_generated.wav | RTF: 0.2610(1.280s / 4.905s) | Generator RTF: 0.2604(1.277s / 4.905s)
generated_audios/generated_H4_256C_pruned50_int8/61-70968-0001_generated.wav | RTF: 0.2575(0.930s / 3.610s) | Generator RTF: 0.2566(0.926s / 3.610s)
generated_audios/generated_H4_256C_pruned50_int8/61-70968-0002_generated.wav | RTF: 0.2536(0.753s / 2.970s) | Generator RTF: 0.2525(0.750s / 2.970s)
generated_audios/generated_H4_256C_pruned50_int8/61-70968-0003_generated.wav | RTF: 0.0437(0.189s / 4.315s) | Generator RTF: 0.0430(0.185s / 4.315s)
generated_audios/generated_H4_256C_pruned50_int8/61-70968-0004_generated.wav | RTF: 0.2619(1.018s / 3.885s) | Generator RTF: 0.2611(1.014s / 3.885s)
generated_audios/generated_H4_256C_pruned50_int8/61-70968-0005_generated.wav | RTF: 0.0454(0.230s / 5.070s) | Generator RTF: 0.0447(0.227s / 5.070s)
generated_audios/generated_H4_256C_pruned50_int8/61-70968-0006_generated.wav | RTF: 0.2544(0.747s / 2.935s) | Generator RTF: 0.2533(0.743s / 2.935s)
generated_audios/generated_H4_256C_pruned50_int8/61-70968-0007_generated.wav | RTF: 0.0449(0.159s / 3.550s) | Generator RTF: 0.0439(0.156s / 3.550s)
generated_audios/generated_H4_256C_pruned50_int8/61-70968-0008_generated.wav | RTF: 0.0449(0.159s / 3.535s) | Generator RTF: 0.0439(0.155s / 3.535s)
generated_audios/generated_H4_256C_pruned50_int8/61-70968-0009_generated.wav | RTF: 0.2595(1.170s / 4.510s) | Generator RTF: 0.2587(1.167s / 4.510s)
generated_audios/generated_H4_256C_pruned50_int8/61-70968-0010_generated.wav | RTF: 0.2668(2.213s / 8.295s) | Generator RTF: 0.2664(2.209s / 8.295s)
generated_audios/generated_H4_256C_pruned50_int8/61-70968-0011_generated.wav | RTF: 0.2598(1.656s / 6.375s) | Generator RTF: 0.2593(1.653s / 6.375s)
generated_audios/generated_H4_256C_pruned50_int8/61-70968-0012_generated.wav | RTF: 0.0467(0.122s / 2.610s) | Generator RTF: 0.0455(0.119s / 2.610s)
generated_audios/generated_H4_256C_pruned50_int8/61-70968-0013_generated.wav | RTF: 0.0451(0.201s / 4.450s) | Generator RTF: 0.0443(0.197s / 4.450s)
generated_audios/generated_H4_256C_pruned50_int8/61-70968-0014_generated.wav | RTF: 0.2648(1.982s / 7.485s) | Generator RTF: 0.2643(1.978s / 7.485s)
generated_audios/generated_H4_256C_pruned50_int8/61-70968-0015_generated.wav | RTF: 0.2587(1.391s / 5.375s) | Generator RTF: 0.2581(1.387s / 5.375s)
generated_audios/generated_H4_256C_pruned50_int8/61-70968-0016_generated.wav | RTF: 0.2657(0.988s / 3.720s) | Generator RTF: 0.2648(0.985s / 3.720s)
generated_audios/generated_H4_256C_pruned50_int8/61-70968-0017_generated.wav | RTF: 0.2630(1.344s / 5.110s) | Generator RTF: 0.2623(1.341s / 5.110s)
generated_audios/generated_H4_256C_pruned50_int8/61-70968-0018_generated.wav | RTF: 0.2582(0.621s / 2.405s) | Generator RTF: 0.2568(0.618s / 2.405s)
generated_audios/generated_H4_256C_pruned50_int8/61-70968-0019_generated.wav | RTF: 0.2602(1.424s / 5.475s) | Generator RTF: 0.2595(1.421s / 5.475s)
generated_audios/generated_H4_256C_pruned50_int8/61-70968-0020_generated.wav | RTF: 0.2652(1.354s / 5.105s) | Generator RTF: 0.2645(1.350s / 5.105s)
generated_audios/generated_H4_256C_pruned50_int8/61-70968-0021_generated.wav | RTF: 0.2573(0.692s / 2.690s) | Generator RTF: 0.2561(0.689s / 2.690s)
generated_audios/generated_H4_256C_pruned50_int8/61-70968-0022_generated.wav | RTF: 0.0442(0.206s / 4.670s) | Generator RTF: 0.0435(0.203s / 4.670s)
generated_audios/generated_H4_256C_pruned50_int8/61-70968-0023_generated.wav | RTF: 0.0458(0.230s / 5.025s) | Generator RTF: 0.0451(0.227s / 5.025s)
generated_audios/generated_H4_256C_pruned50_int8/61-70968-0024_generated.wav | RTF: 0.2633(1.587s / 6.025s) | Generator RTF: 0.2627(1.583s / 6.025s)
generated_audios/generated_H4_256C_pruned50_int8/61-70968-0025_generated.wav | RTF: 0.0450(0.199s / 4.410s) | Generator RTF: 0.0442(0.195s / 4.410s)
generated_audios/generated_H4_256C_pruned50_int8/61-70968-0026_generated.wav | RTF: 0.2561(1.260s / 4.920s) | Generator RTF: 0.2554(1.256s / 4.920s)
generated_audios/generated_H4_256C_pruned50_int8/61-70968-0027_generated.wav | RTF: 0.2680(1.842s / 6.870s) | Generator RTF: 0.2658(1.826s / 6.870s)
generated_audios/generated_H4_256C_pruned50_int8/61-70968-0028_generated.wav | RTF: 0.2570(1.376s / 5.355s) | Generator RTF: 0.2563(1.373s / 5.355s)
generated_audios/generated_H4_256C_pruned50_int8/61-70968-0029_generated.wav | RTF: 0.2637(0.922s / 3.495s) | Generator RTF: 0.2627(0.918s / 3.495s)
generated_audios/generated_H4_256C_pruned50_int8/61-70968-0030_generated.wav | RTF: 0.2593(1.474s / 5.685s) | Generator RTF: 0.2587(1.471s / 5.685s)
generated_audios/generated_H4_256C_pruned50_int8/61-70968-0031_generated.wav | RTF: 0.2633(0.770s / 2.925s) | Generator RTF: 0.2622(0.767s / 2.925s)
generated_audios/generated_H4_256C_pruned50_int8/61-70968-0032_generated.wav | RTF: 0.0443(0.190s / 4.280s) | Generator RTF: 0.0435(0.186s / 4.280s)
generated_audios/generated_H4_256C_pruned50_int8/61-70968-0033_generated.wav | RTF: 0.0391(0.222s / 5.685s) | Generator RTF: 0.0385(0.219s / 5.685s)
generated_audios/generated_H4_256C_pruned50_int8/61-70968-0034_generated.wav | RTF: 0.2620(1.108s / 4.230s) | Generator RTF: 0.2612(1.105s / 4.230s)
generated_audios/generated_H4_256C_pruned50_int8/61-70968-0035_generated.wav | RTF: 0.2685(2.134s / 7.950s) | Generator RTF: 0.2680(2.130s / 7.950s)
generated_audios/generated_H4_256C_pruned50_int8/61-70968-0036_generated.wav | RTF: 0.0449(0.132s / 2.935s) | Generator RTF: 0.0437(0.128s / 2.935s)
generated_audios/generated_H4_256C_pruned50_int8/61-70968-0037_generated.wav | RTF: 0.0442(0.191s / 4.315s) | Generator RTF: 0.0435(0.187s / 4.315s)
generated_audios/generated_H4_256C_pruned50_int8/61-70968-0038_generated.wav | RTF: 0.2728(0.559s / 2.050s) | Generator RTF: 0.2712(0.556s / 2.050s)
generated_audios/generated_H4_256C_pruned50_int8/61-70968-0039_generated.wav | RTF: 0.2565(0.976s / 3.805s) | Generator RTF: 0.2556(0.973s / 3.805s)
generated_audios/generated_H4_256C_pruned50_int8/61-70968-0040_generated.wav | RTF: 0.2629(1.039s / 3.950s) | Generator RTF: 0.2621(1.035s / 3.950s)
generated_audios/generated_H4_256C_pruned50_int8/61-70968-0041_generated.wav | RTF: 0.0445(0.303s / 6.825s) | Generator RTF: 0.0440(0.300s / 6.825s)
generated_audios/generated_H4_256C_pruned50_int8/61-70968-0042_generated.wav | RTF: 0.0457(0.127s / 2.785s) | Generator RTF: 0.0445(0.124s / 2.785s)
generated_audios/generated_H4_256C_pruned50_int8/61-70968-0043_generated.wav | RTF: 0.2651(1.785s / 6.735s) | Generator RTF: 0.2645(1.781s / 6.735s)
generated_audios/generated_H4_256C_pruned50_int8/61-70968-0044_generated.wav | RTF: 0.0444(0.123s / 2.770s) | Generator RTF: 0.0433(0.120s / 2.770s)
generated_audios/generated_H4_256C_pruned50_int8/61-70968-0045_generated.wav | RTF: 0.0433(0.150s / 3.475s) | Generator RTF: 0.0423(0.147s / 3.475s)
generated_audios/generated_H4_256C_pruned50_int8/61-70968-0046_generated.wav | RTF: 0.0431(0.153s / 3.550s) | Generator RTF: 0.0421(0.150s / 3.550s)
generated_audios/generated_H4_256C_pruned50_int8/61-70968-0047_generated.wav | RTF: 0.2576(1.230s / 4.775s) | Generator RTF: 0.2569(1.227s / 4.775s)
generated_audios/generated_H4_256C_pruned50_int8/61-70968-0048_generated.wav | RTF: 0.2630(0.794s / 3.020s) | Generator RTF: 0.2619(0.791s / 3.020s)
generated_audios/generated_H4_256C_pruned50_int8/61-70968-0049_generated.wav | RTF: 0.2706(2.233s / 8.250s) | Generator RTF: 0.2701(2.229s / 8.250s)
generated_audios/generated_H4_256C_pruned50_int8/61-70968-0050_generated.wav | RTF: 0.2610(1.457s / 5.580s) | Generator RTF: 0.2604(1.453s / 5.580s)
generated_audios/generated_H4_256C_pruned50_int8/61-70968-0051_generated.wav | RTF: 0.2562(0.803s / 3.135s) | Generator RTF: 0.2552(0.800s / 3.135s)
generated_audios/generated_H4_256C_pruned50_int8/61-70968-0052_generated.wav | RTF: 0.2433(0.645s / 2.650s) | Generator RTF: 0.2420(0.641s / 2.650s)
generated_audios/generated_H4_256C_pruned50_int8/61-70968-0053_generated.wav | RTF: 0.0430(0.182s / 4.220s) | Generator RTF: 0.0421(0.178s / 4.220s)
generated_audios/generated_H4_256C_pruned50_int8/61-70968-0054_generated.wav | RTF: 0.2573(2.022s / 7.860s) | Generator RTF: 0.2568(2.019s / 7.860s)
generated_audios/generated_H4_256C_pruned50_int8/61-70968-0055_generated.wav | RTF: 0.0459(0.182s / 3.965s) | Generator RTF: 0.0450(0.179s / 3.965s)
generated_audios/generated_H4_256C_pruned50_int8/61-70968-0056_generated.wav | RTF: 0.2575(0.918s / 3.565s) | Generator RTF: 0.2565(0.914s / 3.565s)
generated_audios/generated_H4_256C_pruned50_int8/61-70968-0057_generated.wav | RTF: 0.0436(0.221s / 5.065s) | Generator RTF: 0.0429(0.217s / 5.065s)
generated_audios/generated_H4_256C_pruned50_int8/61-70968-0058_generated.wav | RTF: 0.2496(0.454s / 1.820s) | Generator RTF: 0.2479(0.451s / 1.820s)
generated_audios/generated_H4_256C_pruned50_int8/61-70968-0059_generated.wav | RTF: 0.0460(0.100s / 2.170s) | Generator RTF: 0.0446(0.097s / 2.170s)
generated_audios/generated_H4_256C_pruned50_int8/61-70968-0060_generated.wav | RTF: 0.0435(0.162s / 3.735s) | Generator RTF: 0.0426(0.159s / 3.735s)
generated_audios/generated_H4_256C_pruned50_int8/61-70968-0061_generated.wav | RTF: 0.2531(1.400s / 5.530s) | Generator RTF: 0.2525(1.396s / 5.530s)
generated_audios/generated_H4_256C_pruned50_int8/61-70968-0062_generated.wav | RTF: 0.0446(0.114s / 2.555s) | Generator RTF: 0.0433(0.111s / 2.555s)
generated_audios/generated_H4_256C_pruned50_int8/61-70970-0000_generated.wav | RTF: 0.2540(1.543s / 6.075s) | Generator RTF: 0.2534(1.539s / 6.075s)
generated_audios/generated_H4_256C_pruned50_int8/61-70970-0001_generated.wav | RTF: 0.2597(1.598s / 6.155s) | Generator RTF: 0.2591(1.595s / 6.155s)
generated_audios/generated_H4_256C_pruned50_int8/61-70970-0002_generated.wav | RTF: 0.2622(1.092s / 4.165s) | Generator RTF: 0.2613(1.088s / 4.165s)
generated_audios/generated_H4_256C_pruned50_int8/61-70970-0003_generated.wav | RTF: 0.2560(0.982s / 3.835s) | Generator RTF: 0.2551(0.978s / 3.835s)
generated_audios/generated_H4_256C_pruned50_int8/61-70970-0004_generated.wav | RTF: 0.2654(2.790s / 10.515s) | Generator RTF: 0.2650(2.786s / 10.515s)
generated_audios/generated_H4_256C_pruned50_int8/61-70970-0005_generated.wav | RTF: 0.2692(0.544s / 2.020s) | Generator RTF: 0.2675(0.540s / 2.020s)
generated_audios/generated_H4_256C_pruned50_int8/61-70970-0006_generated.wav | RTF: 0.2604(0.608s / 2.335s) | Generator RTF: 0.2590(0.605s / 2.335s)
generated_audios/generated_H4_256C_pruned50_int8/61-70970-0007_generated.wav | RTF: 0.2651(1.189s / 4.485s) | Generator RTF: 0.2643(1.185s / 4.485s)
generated_audios/generated_H4_256C_pruned50_int8/61-70970-0008_generated.wav | RTF: 0.2727(0.586s / 2.150s) | Generator RTF: 0.2712(0.583s / 2.150s)
generated_audios/generated_H4_256C_pruned50_int8/61-70970-0009_generated.wav | RTF: 0.2646(0.901s / 3.405s) | Generator RTF: 0.2636(0.898s / 3.405s)
generated_audios/generated_H4_256C_pruned50_int8/61-70970-0010_generated.wav | RTF: 0.0433(0.132s / 3.045s) | Generator RTF: 0.0421(0.128s / 3.045s)
generated_audios/generated_H4_256C_pruned50_int8/61-70970-0011_generated.wav | RTF: 0.0377(0.229s / 6.075s) | Generator RTF: 0.0371(0.225s / 6.075s)
generated_audios/generated_H4_256C_pruned50_int8/61-70970-0012_generated.wav | RTF: 0.0428(0.134s / 3.135s) | Generator RTF: 0.0417(0.131s / 3.135s)
generated_audios/generated_H4_256C_pruned50_int8/61-70970-0013_generated.wav | RTF: 0.2657(1.156s / 4.350s) | Generator RTF: 0.2649(1.152s / 4.350s)
generated_audios/generated_H4_256C_pruned50_int8/61-70970-0014_generated.wav | RTF: 0.0369(0.126s / 3.405s) | Generator RTF: 0.0359(0.122s / 3.405s)
generated_audios/generated_H4_256C_pruned50_int8/61-70970-0015_generated.wav | RTF: 0.2659(2.238s / 8.415s) | Generator RTF: 0.2654(2.234s / 8.415s)
generated_audios/generated_H4_256C_pruned50_int8/61-70970-0016_generated.wav | RTF: 0.2651(1.159s / 4.370s) | Generator RTF: 0.2643(1.155s / 4.370s)
generated_audios/generated_H4_256C_pruned50_int8/61-70970-0017_generated.wav | RTF: 0.0482(0.123s / 2.550s) | Generator RTF: 0.0469(0.120s / 2.550s)
generated_audios/generated_H4_256C_pruned50_int8/61-70970-0018_generated.wav | RTF: 0.2592(1.192s / 4.600s) | Generator RTF: 0.2585(1.189s / 4.600s)
generated_audios/generated_H4_256C_pruned50_int8/61-70970-0019_generated.wav | RTF: 0.2617(0.989s / 3.780s) | Generator RTF: 0.2608(0.986s / 3.780s)
generated_audios/generated_H4_256C_pruned50_int8/61-70970-0020_generated.wav | RTF: 0.0433(0.218s / 5.025s) | Generator RTF: 0.0426(0.214s / 5.025s)
generated_audios/generated_H4_256C_pruned50_int8/61-70970-0021_generated.wav | RTF: 0.2599(1.405s / 5.405s) | Generator RTF: 0.2592(1.401s / 5.405s)
generated_audios/generated_H4_256C_pruned50_int8/61-70970-0022_generated.wav | RTF: 0.0421(0.167s / 3.970s) | Generator RTF: 0.0413(0.164s / 3.970s)
generated_audios/generated_H4_256C_pruned50_int8/61-70970-0023_generated.wav | RTF: 0.0427(0.158s / 3.705s) | Generator RTF: 0.0418(0.155s / 3.705s)
generated_audios/generated_H4_256C_pruned50_int8/61-70970-0024_generated.wav | RTF: 0.2648(1.916s / 7.235s) | Generator RTF: 0.2643(1.912s / 7.235s)
generated_audios/generated_H4_256C_pruned50_int8/61-70970-0025_generated.wav | RTF: 0.2673(1.987s / 7.435s) | Generator RTF: 0.2667(1.983s / 7.435s)
generated_audios/generated_H4_256C_pruned50_int8/61-70970-0026_generated.wav | RTF: 0.0442(0.242s / 5.475s) | Generator RTF: 0.0435(0.238s / 5.475s)
generated_audios/generated_H4_256C_pruned50_int8/61-70970-0027_generated.wav | RTF: 0.0444(0.226s / 5.080s) | Generator RTF: 0.0437(0.222s / 5.080s)
generated_audios/generated_H4_256C_pruned50_int8/61-70970-0028_generated.wav | RTF: 0.0430(0.281s / 6.550s) | Generator RTF: 0.0424(0.278s / 6.550s)
generated_audios/generated_H4_256C_pruned50_int8/61-70970-0029_generated.wav | RTF: 0.0438(0.177s / 4.030s) | Generator RTF: 0.0430(0.173s / 4.030s)
generated_audios/generated_H4_256C_pruned50_int8/61-70970-0030_generated.wav | RTF: 0.0452(0.146s / 3.240s) | Generator RTF: 0.0442(0.143s / 3.240s)
generated_audios/generated_H4_256C_pruned50_int8/61-70970-0031_generated.wav | RTF: 0.2623(1.347s / 5.135s) | Generator RTF: 0.2616(1.343s / 5.135s)
generated_audios/generated_H4_256C_pruned50_int8/61-70970-0032_generated.wav | RTF: 0.0427(0.134s / 3.135s) | Generator RTF: 0.0417(0.131s / 3.135s)
generated_audios/generated_H4_256C_pruned50_int8/61-70970-0033_generated.wav | RTF: 0.2570(0.879s / 3.420s) | Generator RTF: 0.2560(0.876s / 3.420s)
generated_audios/generated_H4_256C_pruned50_int8/61-70970-0034_generated.wav | RTF: 0.0412(0.185s / 4.485s) | Generator RTF: 0.0404(0.181s / 4.485s)
generated_audios/generated_H4_256C_pruned50_int8/61-70970-0035_generated.wav | RTF: 0.0429(0.318s / 7.405s) | Generator RTF: 0.0424(0.314s / 7.405s)
generated_audios/generated_H4_256C_pruned50_int8/61-70970-0036_generated.wav | RTF: 0.0426(0.289s / 6.785s) | Generator RTF: 0.0420(0.285s / 6.785s)
generated_audios/generated_H4_256C_pruned50_int8/61-70970-0037_generated.wav | RTF: 0.2609(1.560s / 5.980s) | Generator RTF: 0.2602(1.556s / 5.980s)
generated_audios/generated_H4_256C_pruned50_int8/61-70970-0038_generated.wav | RTF: 0.2670(2.777s / 10.400s) | Generator RTF: 0.2666(2.773s / 10.400s)
generated_audios/generated_H4_256C_pruned50_int8/61-70970-0039_generated.wav | RTF: 0.0430(0.287s / 6.665s) | Generator RTF: 0.0425(0.283s / 6.665s)
generated_audios/generated_H4_256C_pruned50_int8/61-70970-0040_generated.wav | RTF: 0.0415(0.173s / 4.165s) | Generator RTF: 0.0406(0.169s / 4.165s)
generated_audios/generated_H4_256C_pruned50_int8/672-122797-0000_generated.wav | RTF: 0.2635(1.073s / 4.070s) | Generator RTF: 0.2627(1.069s / 4.070s)
generated_audios/generated_H4_256C_pruned50_int8/672-122797-0001_generated.wav | RTF: 0.2678(4.052s / 15.130s) | Generator RTF: 0.2675(4.047s / 15.130s)
generated_audios/generated_H4_256C_pruned50_int8/672-122797-0002_generated.wav | RTF: 0.2676(3.644s / 13.620s) | Generator RTF: 0.2672(3.640s / 13.620s)
generated_audios/generated_H4_256C_pruned50_int8/672-122797-0003_generated.wav | RTF: 0.2660(1.266s / 4.760s) | Generator RTF: 0.2653(1.263s / 4.760s)
generated_audios/generated_H4_256C_pruned50_int8/672-122797-0004_generated.wav | RTF: 0.2665(2.732s / 10.250s) | Generator RTF: 0.2661(2.728s / 10.250s)
generated_audios/generated_H4_256C_pruned50_int8/672-122797-0005_generated.wav | RTF: 0.2666(0.869s / 3.260s) | Generator RTF: 0.2656(0.866s / 3.260s)
generated_audios/generated_H4_256C_pruned50_int8/672-122797-0006_generated.wav | RTF: 0.2676(3.733s / 13.950s) | Generator RTF: 0.2673(3.729s / 13.950s)
generated_audios/generated_H4_256C_pruned50_int8/672-122797-0007_generated.wav | RTF: 0.2587(1.661s / 6.420s) | Generator RTF: 0.2581(1.657s / 6.420s)
generated_audios/generated_H4_256C_pruned50_int8/672-122797-0008_generated.wav | RTF: 0.2706(8.336s / 30.810s) | Generator RTF: 0.2703(8.329s / 30.810s)
generated_audios/generated_H4_256C_pruned50_int8/672-122797-0009_generated.wav | RTF: 0.0445(0.123s / 2.765s) | Generator RTF: 0.0433(0.120s / 2.765s)
generated_audios/generated_H4_256C_pruned50_int8/672-122797-0010_generated.wav | RTF: 0.0428(0.163s / 3.815s) | Generator RTF: 0.0419(0.160s / 3.815s)
generated_audios/generated_H4_256C_pruned50_int8/672-122797-0011_generated.wav | RTF: 0.2675(0.680s / 2.540s) | Generator RTF: 0.2663(0.676s / 2.540s)
generated_audios/generated_H4_256C_pruned50_int8/672-122797-0012_generated.wav | RTF: 0.2665(2.069s / 7.765s) | Generator RTF: 0.2660(2.065s / 7.765s)
generated_audios/generated_H4_256C_pruned50_int8/672-122797-0013_generated.wav | RTF: 0.2631(2.290s / 8.705s) | Generator RTF: 0.2626(2.286s / 8.705s)
generated_audios/generated_H4_256C_pruned50_int8/672-122797-0014_generated.wav | RTF: 0.0452(0.115s / 2.555s) | Generator RTF: 0.0439(0.112s / 2.555s)
generated_audios/generated_H4_256C_pruned50_int8/672-122797-0015_generated.wav | RTF: 0.0439(0.196s / 4.455s) | Generator RTF: 0.0431(0.192s / 4.455s)
generated_audios/generated_H4_256C_pruned50_int8/672-122797-0016_generated.wav | RTF: 0.2637(2.430s / 9.215s) | Generator RTF: 0.2632(2.426s / 9.215s)
generated_audios/generated_H4_256C_pruned50_int8/672-122797-0017_generated.wav | RTF: 0.2650(1.277s / 4.820s) | Generator RTF: 0.2642(1.273s / 4.820s)
generated_audios/generated_H4_256C_pruned50_int8/672-122797-0018_generated.wav | RTF: 0.2626(1.295s / 4.930s) | Generator RTF: 0.2618(1.291s / 4.930s)
generated_audios/generated_H4_256C_pruned50_int8/672-122797-0019_generated.wav | RTF: 0.2566(1.055s / 4.110s) | Generator RTF: 0.2558(1.051s / 4.110s)
generated_audios/generated_H4_256C_pruned50_int8/672-122797-0020_generated.wav | RTF: 0.2669(2.355s / 8.825s) | Generator RTF: 0.2664(2.351s / 8.825s)
generated_audios/generated_H4_256C_pruned50_int8/672-122797-0021_generated.wav | RTF: 0.0429(0.178s / 4.150s) | Generator RTF: 0.0420(0.174s / 4.150s)
generated_audios/generated_H4_256C_pruned50_int8/672-122797-0022_generated.wav | RTF: 0.2714(5.158s / 19.005s) | Generator RTF: 0.2712(5.153s / 19.005s)
generated_audios/generated_H4_256C_pruned50_int8/672-122797-0023_generated.wav | RTF: 0.2662(2.581s / 9.695s) | Generator RTF: 0.2658(2.577s / 9.695s)
generated_audios/generated_H4_256C_pruned50_int8/672-122797-0024_generated.wav | RTF: 0.2630(1.086s / 4.130s) | Generator RTF: 0.2622(1.083s / 4.130s)
generated_audios/generated_H4_256C_pruned50_int8/672-122797-0025_generated.wav | RTF: 0.2695(2.881s / 10.690s) | Generator RTF: 0.2691(2.877s / 10.690s)
generated_audios/generated_H4_256C_pruned50_int8/672-122797-0026_generated.wav | RTF: 0.2692(3.757s / 13.960s) | Generator RTF: 0.2688(3.753s / 13.960s)
generated_audios/generated_H4_256C_pruned50_int8/672-122797-0027_generated.wav | RTF: 0.0437(0.209s / 4.790s) | Generator RTF: 0.0429(0.205s / 4.790s)
generated_audios/generated_H4_256C_pruned50_int8/672-122797-0028_generated.wav | RTF: 0.0460(0.120s / 2.610s) | Generator RTF: 0.0448(0.117s / 2.610s)
generated_audios/generated_H4_256C_pruned50_int8/672-122797-0029_generated.wav | RTF: 0.0443(0.135s / 3.050s) | Generator RTF: 0.0433(0.132s / 3.050s)
generated_audios/generated_H4_256C_pruned50_int8/672-122797-0030_generated.wav | RTF: 0.2600(1.190s / 4.575s) | Generator RTF: 0.2593(1.186s / 4.575s)
generated_audios/generated_H4_256C_pruned50_int8/672-122797-0031_generated.wav | RTF: 0.0443(0.176s / 3.980s) | Generator RTF: 0.0434(0.173s / 3.980s)
generated_audios/generated_H4_256C_pruned50_int8/672-122797-0032_generated.wav | RTF: 0.0439(0.175s / 4.000s) | Generator RTF: 0.0430(0.172s / 4.000s)
generated_audios/generated_H4_256C_pruned50_int8/672-122797-0033_generated.wav | RTF: 0.2643(0.340s / 1.285s) | Generator RTF: 0.2619(0.337s / 1.285s)
generated_audios/generated_H4_256C_pruned50_int8/672-122797-0034_generated.wav | RTF: 0.0425(0.217s / 5.110s) | Generator RTF: 0.0418(0.214s / 5.110s)
generated_audios/generated_H4_256C_pruned50_int8/672-122797-0035_generated.wav | RTF: 0.0447(0.130s / 2.900s) | Generator RTF: 0.0435(0.126s / 2.900s)
generated_audios/generated_H4_256C_pruned50_int8/672-122797-0036_generated.wav | RTF: 0.0422(0.227s / 5.365s) | Generator RTF: 0.0416(0.223s / 5.365s)
generated_audios/generated_H4_256C_pruned50_int8/672-122797-0037_generated.wav | RTF: 0.2522(0.494s / 1.960s) | Generator RTF: 0.2506(0.491s / 1.960s)
generated_audios/generated_H4_256C_pruned50_int8/672-122797-0038_generated.wav | RTF: 0.2615(2.301s / 8.800s) | Generator RTF: 0.2610(2.297s / 8.800s)
generated_audios/generated_H4_256C_pruned50_int8/672-122797-0039_generated.wav | RTF: 0.2615(1.053s / 4.025s) | Generator RTF: 0.2607(1.049s / 4.025s)
generated_audios/generated_H4_256C_pruned50_int8/672-122797-0040_generated.wav | RTF: 0.0446(0.229s / 5.125s) | Generator RTF: 0.0439(0.225s / 5.125s)
generated_audios/generated_H4_256C_pruned50_int8/672-122797-0041_generated.wav | RTF: 0.0430(0.167s / 3.880s) | Generator RTF: 0.0422(0.164s / 3.880s)
generated_audios/generated_H4_256C_pruned50_int8/672-122797-0042_generated.wav | RTF: 0.2703(4.138s / 15.310s) | Generator RTF: 0.2700(4.133s / 15.310s)
generated_audios/generated_H4_256C_pruned50_int8/672-122797-0043_generated.wav | RTF: 0.0430(0.162s / 3.780s) | Generator RTF: 0.0421(0.159s / 3.780s)
generated_audios/generated_H4_256C_pruned50_int8/672-122797-0044_generated.wav | RTF: 0.0431(0.161s / 3.740s) | Generator RTF: 0.0422(0.158s / 3.740s)
generated_audios/generated_H4_256C_pruned50_int8/672-122797-0045_generated.wav | RTF: 0.0473(0.660s / 13.960s) | Generator RTF: 0.0470(0.656s / 13.960s)
generated_audios/generated_H4_256C_pruned50_int8/672-122797-0046_generated.wav | RTF: 0.2588(1.220s / 4.715s) | Generator RTF: 0.2581(1.217s / 4.715s)
generated_audios/generated_H4_256C_pruned50_int8/672-122797-0047_generated.wav | RTF: 0.2581(0.858s / 3.325s) | Generator RTF: 0.2572(0.855s / 3.325s)
generated_audios/generated_H4_256C_pruned50_int8/672-122797-0048_generated.wav | RTF: 0.0441(0.289s / 6.555s) | Generator RTF: 0.0436(0.286s / 6.555s)
generated_audios/generated_H4_256C_pruned50_int8/672-122797-0049_generated.wav | RTF: 0.0474(0.096s / 2.020s) | Generator RTF: 0.0459(0.093s / 2.020s)
generated_audios/generated_H4_256C_pruned50_int8/672-122797-0050_generated.wav | RTF: 0.2646(1.285s / 4.855s) | Generator RTF: 0.2638(1.281s / 4.855s)
generated_audios/generated_H4_256C_pruned50_int8/672-122797-0051_generated.wav | RTF: 0.2685(1.253s / 4.665s) | Generator RTF: 0.2678(1.249s / 4.665s)
generated_audios/generated_H4_256C_pruned50_int8/672-122797-0052_generated.wav | RTF: 0.2586(1.108s / 4.285s) | Generator RTF: 0.2578(1.105s / 4.285s)
generated_audios/generated_H4_256C_pruned50_int8/672-122797-0053_generated.wav | RTF: 0.0456(0.135s / 2.955s) | Generator RTF: 0.0445(0.131s / 2.955s)
generated_audios/generated_H4_256C_pruned50_int8/672-122797-0054_generated.wav | RTF: 0.0425(0.181s / 4.250s) | Generator RTF: 0.0417(0.177s / 4.250s)
generated_audios/generated_H4_256C_pruned50_int8/672-122797-0055_generated.wav | RTF: 0.2628(2.163s / 8.230s) | Generator RTF: 0.2623(2.159s / 8.230s)
generated_audios/generated_H4_256C_pruned50_int8/672-122797-0056_generated.wav | RTF: 0.0435(0.228s / 5.225s) | Generator RTF: 0.0430(0.225s / 5.225s)
generated_audios/generated_H4_256C_pruned50_int8/672-122797-0057_generated.wav | RTF: 0.0432(0.283s / 6.560s) | Generator RTF: 0.0426(0.279s / 6.560s)
generated_audios/generated_H4_256C_pruned50_int8/672-122797-0058_generated.wav | RTF: 0.2669(1.193s / 4.470s) | Generator RTF: 0.2661(1.190s / 4.470s)
generated_audios/generated_H4_256C_pruned50_int8/672-122797-0059_generated.wav | RTF: 0.2591(0.912s / 3.520s) | Generator RTF: 0.2581(0.909s / 3.520s)
generated_audios/generated_H4_256C_pruned50_int8/672-122797-0060_generated.wav | RTF: 0.0455(0.153s / 3.350s) | Generator RTF: 0.0445(0.149s / 3.350s)
generated_audios/generated_H4_256C_pruned50_int8/672-122797-0061_generated.wav | RTF: 0.2603(1.976s / 7.590s) | Generator RTF: 0.2598(1.972s / 7.590s)
generated_audios/generated_H4_256C_pruned50_int8/672-122797-0062_generated.wav | RTF: 0.2643(0.707s / 2.675s) | Generator RTF: 0.2630(0.703s / 2.675s)
generated_audios/generated_H4_256C_pruned50_int8/672-122797-0063_generated.wav | RTF: 0.0431(0.219s / 5.075s) | Generator RTF: 0.0424(0.215s / 5.075s)
generated_audios/generated_H4_256C_pruned50_int8/672-122797-0064_generated.wav | RTF: 0.2696(4.117s / 15.270s) | Generator RTF: 0.2693(4.112s / 15.270s)
generated_audios/generated_H4_256C_pruned50_int8/672-122797-0065_generated.wav | RTF: 0.0436(0.132s / 3.030s) | Generator RTF: 0.0424(0.129s / 3.030s)
generated_audios/generated_H4_256C_pruned50_int8/672-122797-0066_generated.wav | RTF: 0.0434(0.209s / 4.815s) | Generator RTF: 0.0426(0.205s / 4.815s)
generated_audios/generated_H4_256C_pruned50_int8/672-122797-0067_generated.wav | RTF: 0.2647(3.450s / 13.035s) | Generator RTF: 0.2643(3.446s / 13.035s)
generated_audios/generated_H4_256C_pruned50_int8/672-122797-0068_generated.wav | RTF: 0.0435(0.175s / 4.020s) | Generator RTF: 0.0426(0.171s / 4.020s)
generated_audios/generated_H4_256C_pruned50_int8/672-122797-0069_generated.wav | RTF: 0.2655(1.330s / 5.010s) | Generator RTF: 0.2648(1.327s / 5.010s)
generated_audios/generated_H4_256C_pruned50_int8/672-122797-0070_generated.wav | RTF: 0.2611(1.637s / 6.270s) | Generator RTF: 0.2605(1.633s / 6.270s)
generated_audios/generated_H4_256C_pruned50_int8/672-122797-0071_generated.wav | RTF: 0.2660(2.360s / 8.875s) | Generator RTF: 0.2655(2.356s / 8.875s)
generated_audios/generated_H4_256C_pruned50_int8/672-122797-0072_generated.wav | RTF: 0.2624(2.083s / 7.940s) | Generator RTF: 0.2619(2.079s / 7.940s)
generated_audios/generated_H4_256C_pruned50_int8/672-122797-0073_generated.wav | RTF: 0.2648(2.173s / 8.205s) | Generator RTF: 0.2645(2.170s / 8.205s)
generated_audios/generated_H4_256C_pruned50_int8/672-122797-0074_generated.wav | RTF: 0.2621(2.289s / 8.730s) | Generator RTF: 0.2617(2.284s / 8.730s)
generated_audios/generated_H4_256C_pruned50_int8/908-157963-0000_generated.wav | RTF: 0.2657(3.353s / 12.620s) | Generator RTF: 0.2653(3.349s / 12.620s)
generated_audios/generated_H4_256C_pruned50_int8/908-157963-0001_generated.wav | RTF: 0.2613(0.754s / 2.885s) | Generator RTF: 0.2601(0.750s / 2.885s)
generated_audios/generated_H4_256C_pruned50_int8/908-157963-0002_generated.wav | RTF: 0.2532(0.698s / 2.755s) | Generator RTF: 0.2520(0.694s / 2.755s)
generated_audios/generated_H4_256C_pruned50_int8/908-157963-0003_generated.wav | RTF: 0.2622(0.807s / 3.080s) | Generator RTF: 0.2611(0.804s / 3.080s)
generated_audios/generated_H4_256C_pruned50_int8/908-157963-0004_generated.wav | RTF: 0.2687(3.759s / 13.990s) | Generator RTF: 0.2684(3.754s / 13.990s)
generated_audios/generated_H4_256C_pruned50_int8/908-157963-0005_generated.wav | RTF: 0.2627(1.848s / 7.035s) | Generator RTF: 0.2621(1.844s / 7.035s)
generated_audios/generated_H4_256C_pruned50_int8/908-157963-0006_generated.wav | RTF: 0.2662(2.159s / 8.110s) | Generator RTF: 0.2657(2.155s / 8.110s)
generated_audios/generated_H4_256C_pruned50_int8/908-157963-0007_generated.wav | RTF: 0.2741(8.982s / 32.770s) | Generator RTF: 0.2739(8.974s / 32.770s)
generated_audios/generated_H4_256C_pruned50_int8/908-157963-0008_generated.wav | RTF: 0.2696(5.379s / 19.950s) | Generator RTF: 0.2694(5.375s / 19.950s)
generated_audios/generated_H4_256C_pruned50_int8/908-157963-0009_generated.wav | RTF: 0.2624(1.066s / 4.060s) | Generator RTF: 0.2616(1.062s / 4.060s)
generated_audios/generated_H4_256C_pruned50_int8/908-157963-0010_generated.wav | RTF: 0.0374(0.235s / 6.280s) | Generator RTF: 0.0368(0.231s / 6.280s)
generated_audios/generated_H4_256C_pruned50_int8/908-157963-0011_generated.wav | RTF: 0.0440(0.457s / 10.395s) | Generator RTF: 0.0436(0.453s / 10.395s)
generated_audios/generated_H4_256C_pruned50_int8/908-157963-0012_generated.wav | RTF: 0.2661(2.685s / 10.090s) | Generator RTF: 0.2657(2.681s / 10.090s)
generated_audios/generated_H4_256C_pruned50_int8/908-157963-0013_generated.wav | RTF: 0.0421(0.182s / 4.315s) | Generator RTF: 0.0413(0.178s / 4.315s)
generated_audios/generated_H4_256C_pruned50_int8/908-157963-0014_generated.wav | RTF: 0.0415(0.188s / 4.520s) | Generator RTF: 0.0408(0.184s / 4.520s)
generated_audios/generated_H4_256C_pruned50_int8/908-157963-0015_generated.wav | RTF: 0.2681(3.877s / 14.465s) | Generator RTF: 0.2677(3.873s / 14.465s)
generated_audios/generated_H4_256C_pruned50_int8/908-157963-0016_generated.wav | RTF: 0.0424(0.216s / 5.105s) | Generator RTF: 0.0417(0.213s / 5.105s)
generated_audios/generated_H4_256C_pruned50_int8/908-157963-0017_generated.wav | RTF: 0.2556(1.265s / 4.950s) | Generator RTF: 0.2549(1.262s / 4.950s)
generated_audios/generated_H4_256C_pruned50_int8/908-157963-0018_generated.wav | RTF: 0.0419(0.178s / 4.255s) | Generator RTF: 0.0411(0.175s / 4.255s)
generated_audios/generated_H4_256C_pruned50_int8/908-157963-0019_generated.wav | RTF: 0.2710(5.811s / 21.440s) | Generator RTF: 0.2708(5.806s / 21.440s)
generated_audios/generated_H4_256C_pruned50_int8/908-157963-0020_generated.wav | RTF: 0.2651(2.598s / 9.800s) | Generator RTF: 0.2647(2.594s / 9.800s)
generated_audios/generated_H4_256C_pruned50_int8/908-157963-0021_generated.wav | RTF: 0.0453(0.464s / 10.240s) | Generator RTF: 0.0449(0.460s / 10.240s)
generated_audios/generated_H4_256C_pruned50_int8/908-157963-0022_generated.wav | RTF: 0.2660(1.226s / 4.610s) | Generator RTF: 0.2652(1.223s / 4.610s)
generated_audios/generated_H4_256C_pruned50_int8/908-157963-0023_generated.wav | RTF: 0.2651(2.551s / 9.625s) | Generator RTF: 0.2647(2.547s / 9.625s)
generated_audios/generated_H4_256C_pruned50_int8/908-157963-0024_generated.wav | RTF: 0.2624(0.903s / 3.440s) | Generator RTF: 0.2614(0.899s / 3.440s)
generated_audios/generated_H4_256C_pruned50_int8/908-157963-0025_generated.wav | RTF: 0.2640(2.446s / 9.265s) | Generator RTF: 0.2636(2.442s / 9.265s)
generated_audios/generated_H4_256C_pruned50_int8/908-157963-0026_generated.wav | RTF: 0.2665(2.159s / 8.100s) | Generator RTF: 0.2660(2.155s / 8.100s)
generated_audios/generated_H4_256C_pruned50_int8/908-157963-0027_generated.wav | RTF: 0.0439(0.229s / 5.225s) | Generator RTF: 0.0432(0.226s / 5.225s)
generated_audios/generated_H4_256C_pruned50_int8/908-157963-0028_generated.wav | RTF: 0.0374(0.185s / 4.955s) | Generator RTF: 0.0367(0.182s / 4.955s)
generated_audios/generated_H4_256C_pruned50_int8/908-157963-0029_generated.wav | RTF: 0.2570(0.933s / 3.630s) | Generator RTF: 0.2561(0.929s / 3.630s)
generated_audios/generated_H4_256C_pruned50_int8/908-157963-0030_generated.wav | RTF: 0.0360(0.163s / 4.520s) | Generator RTF: 0.0352(0.159s / 4.520s)
generated_audios/generated_H4_256C_pruned50_int8/908-31957-0000_generated.wav | RTF: 0.2553(0.543s / 2.125s) | Generator RTF: 0.2538(0.539s / 2.125s)
generated_audios/generated_H4_256C_pruned50_int8/908-31957-0001_generated.wav | RTF: 0.2673(3.024s / 11.315s) | Generator RTF: 0.2669(3.020s / 11.315s)
generated_audios/generated_H4_256C_pruned50_int8/908-31957-0002_generated.wav | RTF: 0.0428(0.205s / 4.790s) | Generator RTF: 0.0420(0.201s / 4.790s)
generated_audios/generated_H4_256C_pruned50_int8/908-31957-0003_generated.wav | RTF: 0.0435(0.285s / 6.565s) | Generator RTF: 0.0429(0.282s / 6.565s)
generated_audios/generated_H4_256C_pruned50_int8/908-31957-0004_generated.wav | RTF: 0.2689(3.968s / 14.755s) | Generator RTF: 0.2686(3.963s / 14.755s)
generated_audios/generated_H4_256C_pruned50_int8/908-31957-0005_generated.wav | RTF: 0.0426(0.191s / 4.490s) | Generator RTF: 0.0420(0.188s / 4.490s)
generated_audios/generated_H4_256C_pruned50_int8/908-31957-0006_generated.wav | RTF: 0.2565(1.511s / 5.890s) | Generator RTF: 0.2559(1.507s / 5.890s)
generated_audios/generated_H4_256C_pruned50_int8/908-31957-0007_generated.wav | RTF: 0.0417(0.242s / 5.800s) | Generator RTF: 0.0412(0.239s / 5.800s)
generated_audios/generated_H4_256C_pruned50_int8/908-31957-0008_generated.wav | RTF: 0.2629(2.631s / 10.005s) | Generator RTF: 0.2626(2.627s / 10.005s)
generated_audios/generated_H4_256C_pruned50_int8/908-31957-0009_generated.wav | RTF: 0.2614(2.014s / 7.705s) | Generator RTF: 0.2611(2.012s / 7.705s)
generated_audios/generated_H4_256C_pruned50_int8/908-31957-0010_generated.wav | RTF: 0.2695(0.676s / 2.510s) | Generator RTF: 0.2682(0.673s / 2.510s)
generated_audios/generated_H4_256C_pruned50_int8/908-31957-0011_generated.wav | RTF: 0.0457(0.107s / 2.335s) | Generator RTF: 0.0444(0.104s / 2.335s)
generated_audios/generated_H4_256C_pruned50_int8/908-31957-0012_generated.wav | RTF: 0.2620(1.995s / 7.615s) | Generator RTF: 0.2616(1.992s / 7.615s)
generated_audios/generated_H4_256C_pruned50_int8/908-31957-0013_generated.wav | RTF: 0.2636(1.629s / 6.180s) | Generator RTF: 0.2630(1.626s / 6.180s)
generated_audios/generated_H4_256C_pruned50_int8/908-31957-0014_generated.wav | RTF: 0.2621(1.981s / 7.560s) | Generator RTF: 0.2616(1.977s / 7.560s)
generated_audios/generated_H4_256C_pruned50_int8/908-31957-0015_generated.wav | RTF: 0.2710(5.818s / 21.465s) | Generator RTF: 0.2708(5.813s / 21.465s)
generated_audios/generated_H4_256C_pruned50_int8/908-31957-0016_generated.wav | RTF: 0.2605(1.688s / 6.480s) | Generator RTF: 0.2599(1.684s / 6.480s)
generated_audios/generated_H4_256C_pruned50_int8/908-31957-0017_generated.wav | RTF: 0.2634(2.053s / 7.795s) | Generator RTF: 0.2629(2.050s / 7.795s)
generated_audios/generated_H4_256C_pruned50_int8/908-31957-0018_generated.wav | RTF: 0.2607(1.021s / 3.915s) | Generator RTF: 0.2599(1.017s / 3.915s)
generated_audios/generated_H4_256C_pruned50_int8/908-31957-0019_generated.wav | RTF: 0.2644(2.522s / 9.540s) | Generator RTF: 0.2640(2.518s / 9.540s)
generated_audios/generated_H4_256C_pruned50_int8/908-31957-0020_generated.wav | RTF: 0.0377(0.222s / 5.895s) | Generator RTF: 0.0371(0.219s / 5.895s)
generated_audios/generated_H4_256C_pruned50_int8/908-31957-0021_generated.wav | RTF: 0.2643(2.882s / 10.905s) | Generator RTF: 0.2639(2.878s / 10.905s)
generated_audios/generated_H4_256C_pruned50_int8/908-31957-0022_generated.wav | RTF: 0.2685(3.786s / 14.100s) | Generator RTF: 0.2682(3.781s / 14.100s)
generated_audios/generated_H4_256C_pruned50_int8/908-31957-0023_generated.wav | RTF: 0.2621(2.231s / 8.515s) | Generator RTF: 0.2616(2.227s / 8.515s)
generated_audios/generated_H4_256C_pruned50_int8/908-31957-0024_generated.wav | RTF: 0.2635(1.987s / 7.540s) | Generator RTF: 0.2631(1.984s / 7.540s)
generated_audios/generated_H4_256C_pruned50_int8/908-31957-0025_generated.wav | RTF: 0.2841(5.841s / 20.560s) | Generator RTF: 0.2838(5.835s / 20.560s)
Average RTF: 0.1962(619.832s / 3159.849s)
Average Generator RTF: 0.1956(617.997s / 3159.849s)
Evaluation summary:
  Mel-spectrogram L1: 0.457141
  PESQ: 2.129441
  STOI: 0.921263
Saved per-audio metrics CSV: per_audio_results.csv

Appended metrics to CSV: experiments_results.csv
========== H4: pruning 70% + quantize ==========
Initializing Inference Process..
Using device: cpu (baseline and quantized inference both run on CPU)
Quantization enabled: forcing CPU inference for INT8 model.
Loading '/home/hpc/vlbi/vlbi107v/hifi-gan/cp_hifigan/v1_c256_physical70/g_00265000'
Complete.
Checkpoint contains plain conv weights. Removing weight_norm wrappers before loading...
Removing weight norm...
Removing weight norm...
Calibrating static quantization using 50 samples...
INT8 quantization scope: resblocks_range
Quantizing residual blocks 3..8; all other layers stay FP32.
Checking quantized modules after static quantization:
Quantized module: resblocks.3.convs1.0 (torch.ao.nn.quantized.modules.conv.Conv1d)
Quantized module: resblocks.3.convs1.1 (torch.ao.nn.quantized.modules.conv.Conv1d)
Quantized module: resblocks.3.convs1.2 (torch.ao.nn.quantized.modules.conv.Conv1d)
Quantized module: resblocks.3.convs2.0 (torch.ao.nn.quantized.modules.conv.Conv1d)
Quantized module: resblocks.3.convs2.1 (torch.ao.nn.quantized.modules.conv.Conv1d)
Quantized module: resblocks.3.convs2.2 (torch.ao.nn.quantized.modules.conv.Conv1d)
Quantized module: resblocks.4.convs1.0 (torch.ao.nn.quantized.modules.conv.Conv1d)
Quantized module: resblocks.4.convs1.1 (torch.ao.nn.quantized.modules.conv.Conv1d)
Quantized module: resblocks.4.convs1.2 (torch.ao.nn.quantized.modules.conv.Conv1d)
Quantized module: resblocks.4.convs2.0 (torch.ao.nn.quantized.modules.conv.Conv1d)
Quantized module: resblocks.4.convs2.1 (torch.ao.nn.quantized.modules.conv.Conv1d)
Quantized module: resblocks.4.convs2.2 (torch.ao.nn.quantized.modules.conv.Conv1d)
Quantized module: resblocks.5.convs1.0 (torch.ao.nn.quantized.modules.conv.Conv1d)
Quantized module: resblocks.5.convs1.1 (torch.ao.nn.quantized.modules.conv.Conv1d)
Quantized module: resblocks.5.convs1.2 (torch.ao.nn.quantized.modules.conv.Conv1d)
Quantized module: resblocks.5.convs2.0 (torch.ao.nn.quantized.modules.conv.Conv1d)
Quantized module: resblocks.5.convs2.1 (torch.ao.nn.quantized.modules.conv.Conv1d)
Quantized module: resblocks.5.convs2.2 (torch.ao.nn.quantized.modules.conv.Conv1d)
Quantized module: resblocks.6.convs1.0 (torch.ao.nn.quantized.modules.conv.Conv1d)
Quantized module: resblocks.6.convs1.1 (torch.ao.nn.quantized.modules.conv.Conv1d)
Quantized module: resblocks.6.convs1.2 (torch.ao.nn.quantized.modules.conv.Conv1d)
Quantized module: resblocks.6.convs2.0 (torch.ao.nn.quantized.modules.conv.Conv1d)
Quantized module: resblocks.6.convs2.1 (torch.ao.nn.quantized.modules.conv.Conv1d)
Quantized module: resblocks.6.convs2.2 (torch.ao.nn.quantized.modules.conv.Conv1d)
Quantized module: resblocks.7.convs1.0 (torch.ao.nn.quantized.modules.conv.Conv1d)
Quantized module: resblocks.7.convs1.1 (torch.ao.nn.quantized.modules.conv.Conv1d)
Quantized module: resblocks.7.convs1.2 (torch.ao.nn.quantized.modules.conv.Conv1d)
Quantized module: resblocks.7.convs2.0 (torch.ao.nn.quantized.modules.conv.Conv1d)
Quantized module: resblocks.7.convs2.1 (torch.ao.nn.quantized.modules.conv.Conv1d)
Quantized module: resblocks.7.convs2.2 (torch.ao.nn.quantized.modules.conv.Conv1d)
Quantized module: resblocks.8.convs1.0 (torch.ao.nn.quantized.modules.conv.Conv1d)
Quantized module: resblocks.8.convs1.1 (torch.ao.nn.quantized.modules.conv.Conv1d)
Quantized module: resblocks.8.convs1.2 (torch.ao.nn.quantized.modules.conv.Conv1d)
Quantized module: resblocks.8.convs2.0 (torch.ao.nn.quantized.modules.conv.Conv1d)
Quantized module: resblocks.8.convs2.1 (torch.ao.nn.quantized.modules.conv.Conv1d)
Quantized module: resblocks.8.convs2.2 (torch.ao.nn.quantized.modules.conv.Conv1d)
Saving checkpoint to /home/hpc/vlbi/vlbi107v/hifi-gan/cp_hifigan/v1_c256_physical70/compressed_checkpoint_int8
Complete.
Saved compressed checkpoint: /home/hpc/vlbi/vlbi107v/hifi-gan/cp_hifigan/v1_c256_physical70/compressed_checkpoint_int8 (5.792 MB)
Compressed checkpoint parameters: 1,629,001
Loaded checkpoint: /home/hpc/vlbi/vlbi107v/hifi-gan/cp_hifigan/v1_c256_physical70/g_00265000 (6.265 MB)
Generator parameters: 1,629,001
generated_audios/generated_H4_256C_pruned70_int8/1089-134686-0000_generated.wav | RTF: 0.0395(0.412s / 10.435s) | Generator RTF: 0.0391(0.408s / 10.435s)
generated_audios/generated_H4_256C_pruned70_int8/1089-134686-0001_generated.wav | RTF: 0.0396(0.130s / 3.275s) | Generator RTF: 0.0385(0.126s / 3.275s)
generated_audios/generated_H4_256C_pruned70_int8/1089-134686-0002_generated.wav | RTF: 0.0382(0.253s / 6.625s) | Generator RTF: 0.0376(0.249s / 6.625s)
generated_audios/generated_H4_256C_pruned70_int8/1089-134686-0003_generated.wav | RTF: 0.0402(0.108s / 2.680s) | Generator RTF: 0.0391(0.105s / 2.680s)
generated_audios/generated_H4_256C_pruned70_int8/1089-134686-0004_generated.wav | RTF: 0.0388(0.202s / 5.215s) | Generator RTF: 0.0381(0.199s / 5.215s)
generated_audios/generated_H4_256C_pruned70_int8/1089-134686-0005_generated.wav | RTF: 0.0389(0.375s / 9.635s) | Generator RTF: 0.0385(0.371s / 9.635s)
generated_audios/generated_H4_256C_pruned70_int8/1089-134686-0006_generated.wav | RTF: 0.0398(0.420s / 10.555s) | Generator RTF: 0.0394(0.416s / 10.555s)
generated_audios/generated_H4_256C_pruned70_int8/1089-134686-0007_generated.wav | RTF: 0.0397(0.170s / 4.275s) | Generator RTF: 0.0389(0.166s / 4.275s)
generated_audios/generated_H4_256C_pruned70_int8/1089-134686-0008_generated.wav | RTF: 0.0372(0.251s / 6.730s) | Generator RTF: 0.0367(0.247s / 6.730s)
generated_audios/generated_H4_256C_pruned70_int8/1089-134686-0009_generated.wav | RTF: 0.0392(0.415s / 10.575s) | Generator RTF: 0.0388(0.411s / 10.575s)
generated_audios/generated_H4_256C_pruned70_int8/1089-134686-0010_generated.wav | RTF: 0.0380(0.167s / 4.405s) | Generator RTF: 0.0372(0.164s / 4.405s)
generated_audios/generated_H4_256C_pruned70_int8/1089-134686-0011_generated.wav | RTF: 0.0435(0.542s / 12.445s) | Generator RTF: 0.0432(0.537s / 12.445s)
generated_audios/generated_H4_256C_pruned70_int8/1089-134686-0012_generated.wav | RTF: 0.0433(0.504s / 11.640s) | Generator RTF: 0.0430(0.500s / 11.640s)
generated_audios/generated_H4_256C_pruned70_int8/1089-134686-0013_generated.wav | RTF: 0.0375(0.297s / 7.915s) | Generator RTF: 0.0370(0.293s / 7.915s)
generated_audios/generated_H4_256C_pruned70_int8/1089-134686-0014_generated.wav | RTF: 0.0408(0.091s / 2.225s) | Generator RTF: 0.0394(0.088s / 2.225s)
generated_audios/generated_H4_256C_pruned70_int8/1089-134686-0015_generated.wav | RTF: 0.0365(0.212s / 5.815s) | Generator RTF: 0.0359(0.209s / 5.815s)
generated_audios/generated_H4_256C_pruned70_int8/1089-134686-0016_generated.wav | RTF: 0.0379(0.134s / 3.540s) | Generator RTF: 0.0370(0.131s / 3.540s)
generated_audios/generated_H4_256C_pruned70_int8/1089-134686-0017_generated.wav | RTF: 0.0381(0.338s / 8.870s) | Generator RTF: 0.0376(0.334s / 8.870s)
generated_audios/generated_H4_256C_pruned70_int8/1089-134686-0018_generated.wav | RTF: 0.0464(0.729s / 15.720s) | Generator RTF: 0.0460(0.723s / 15.720s)
generated_audios/generated_H4_256C_pruned70_int8/1089-134686-0019_generated.wav | RTF: 0.0455(0.632s / 13.895s) | Generator RTF: 0.0451(0.627s / 13.895s)
generated_audios/generated_H4_256C_pruned70_int8/1089-134686-0020_generated.wav | RTF: 0.0468(0.786s / 16.790s) | Generator RTF: 0.0465(0.781s / 16.790s)
generated_audios/generated_H4_256C_pruned70_int8/1089-134686-0021_generated.wav | RTF: 0.0372(0.243s / 6.550s) | Generator RTF: 0.0367(0.240s / 6.550s)
generated_audios/generated_H4_256C_pruned70_int8/1089-134686-0022_generated.wav | RTF: 0.0425(0.475s / 11.175s) | Generator RTF: 0.0421(0.471s / 11.175s)
generated_audios/generated_H4_256C_pruned70_int8/1089-134686-0023_generated.wav | RTF: 0.0451(0.599s / 13.275s) | Generator RTF: 0.0448(0.594s / 13.275s)
generated_audios/generated_H4_256C_pruned70_int8/1089-134686-0024_generated.wav | RTF: 0.0405(0.471s / 11.655s) | Generator RTF: 0.0401(0.467s / 11.655s)
generated_audios/generated_H4_256C_pruned70_int8/1089-134686-0025_generated.wav | RTF: 0.0375(0.248s / 6.610s) | Generator RTF: 0.0370(0.245s / 6.610s)
generated_audios/generated_H4_256C_pruned70_int8/1089-134686-0026_generated.wav | RTF: 0.0376(0.151s / 4.010s) | Generator RTF: 0.0368(0.147s / 4.010s)
generated_audios/generated_H4_256C_pruned70_int8/1089-134686-0027_generated.wav | RTF: 0.0394(0.107s / 2.710s) | Generator RTF: 0.0383(0.104s / 2.710s)
generated_audios/generated_H4_256C_pruned70_int8/1089-134686-0028_generated.wav | RTF: 0.0376(0.295s / 7.830s) | Generator RTF: 0.0371(0.291s / 7.830s)
generated_audios/generated_H4_256C_pruned70_int8/1089-134686-0029_generated.wav | RTF: 0.0378(0.176s / 4.670s) | Generator RTF: 0.0371(0.173s / 4.670s)
generated_audios/generated_H4_256C_pruned70_int8/1089-134686-0030_generated.wav | RTF: 0.0330(0.090s / 2.715s) | Generator RTF: 0.0319(0.087s / 2.715s)
generated_audios/generated_H4_256C_pruned70_int8/1089-134686-0031_generated.wav | RTF: 0.0336(0.223s / 6.615s) | Generator RTF: 0.0331(0.219s / 6.615s)
generated_audios/generated_H4_256C_pruned70_int8/121-121726-0000_generated.wav | RTF: 0.0383(0.324s / 8.460s) | Generator RTF: 0.0378(0.320s / 8.460s)
generated_audios/generated_H4_256C_pruned70_int8/121-121726-0001_generated.wav | RTF: 0.0372(0.221s / 5.925s) | Generator RTF: 0.0367(0.217s / 5.925s)
generated_audios/generated_H4_256C_pruned70_int8/121-121726-0002_generated.wav | RTF: 0.0363(0.160s / 4.410s) | Generator RTF: 0.0355(0.157s / 4.410s)
generated_audios/generated_H4_256C_pruned70_int8/121-121726-0003_generated.wav | RTF: 0.0375(0.253s / 6.755s) | Generator RTF: 0.0369(0.249s / 6.755s)
generated_audios/generated_H4_256C_pruned70_int8/121-121726-0004_generated.wav | RTF: 0.0367(0.148s / 4.020s) | Generator RTF: 0.0359(0.144s / 4.020s)
generated_audios/generated_H4_256C_pruned70_int8/121-121726-0005_generated.wav | RTF: 0.0381(0.118s / 3.100s) | Generator RTF: 0.0371(0.115s / 3.100s)
generated_audios/generated_H4_256C_pruned70_int8/121-121726-0006_generated.wav | RTF: 0.0376(0.146s / 3.895s) | Generator RTF: 0.0368(0.143s / 3.895s)
generated_audios/generated_H4_256C_pruned70_int8/121-121726-0007_generated.wav | RTF: 0.0371(0.250s / 6.730s) | Generator RTF: 0.0366(0.246s / 6.730s)
generated_audios/generated_H4_256C_pruned70_int8/121-121726-0008_generated.wav | RTF: 0.0365(0.182s / 4.990s) | Generator RTF: 0.0358(0.179s / 4.990s)
generated_audios/generated_H4_256C_pruned70_int8/121-121726-0009_generated.wav | RTF: 0.0374(0.271s / 7.260s) | Generator RTF: 0.0369(0.268s / 7.260s)
generated_audios/generated_H4_256C_pruned70_int8/121-121726-0010_generated.wav | RTF: 0.0384(0.377s / 9.810s) | Generator RTF: 0.0380(0.373s / 9.810s)
generated_audios/generated_H4_256C_pruned70_int8/121-121726-0011_generated.wav | RTF: 0.0362(0.146s / 4.035s) | Generator RTF: 0.0354(0.143s / 4.035s)
generated_audios/generated_H4_256C_pruned70_int8/121-121726-0012_generated.wav | RTF: 0.0368(0.149s / 4.045s) | Generator RTF: 0.0359(0.145s / 4.045s)
generated_audios/generated_H4_256C_pruned70_int8/121-121726-0013_generated.wav | RTF: 0.0397(0.099s / 2.490s) | Generator RTF: 0.0384(0.096s / 2.490s)
generated_audios/generated_H4_256C_pruned70_int8/121-121726-0014_generated.wav | RTF: 0.0386(0.122s / 3.165s) | Generator RTF: 0.0376(0.119s / 3.165s)
generated_audios/generated_H4_256C_pruned70_int8/121-123852-0000_generated.wav | RTF: 0.0445(0.788s / 17.695s) | Generator RTF: 0.0442(0.783s / 17.695s)
generated_audios/generated_H4_256C_pruned70_int8/121-123852-0001_generated.wav | RTF: 0.0427(0.080s / 1.870s) | Generator RTF: 0.0410(0.077s / 1.870s)
generated_audios/generated_H4_256C_pruned70_int8/121-123852-0002_generated.wav | RTF: 0.0440(0.760s / 17.285s) | Generator RTF: 0.0437(0.755s / 17.285s)
generated_audios/generated_H4_256C_pruned70_int8/121-123852-0003_generated.wav | RTF: 0.2499(5.874s / 23.505s) | Generator RTF: 0.2496(5.868s / 23.505s)
generated_audios/generated_H4_256C_pruned70_int8/121-123852-0004_generated.wav | RTF: 0.2528(4.118s / 16.290s) | Generator RTF: 0.2525(4.114s / 16.290s)
generated_audios/generated_H4_256C_pruned70_int8/121-123859-0000_generated.wav | RTF: 0.2529(4.398s / 17.390s) | Generator RTF: 0.2526(4.393s / 17.390s)
generated_audios/generated_H4_256C_pruned70_int8/121-123859-0001_generated.wav | RTF: 0.2728(6.927s / 25.395s) | Generator RTF: 0.2726(6.922s / 25.395s)
generated_audios/generated_H4_256C_pruned70_int8/121-123859-0002_generated.wav | RTF: 0.2690(8.080s / 30.040s) | Generator RTF: 0.2688(8.074s / 30.040s)
generated_audios/generated_H4_256C_pruned70_int8/121-123859-0003_generated.wav | RTF: 0.2281(2.469s / 10.825s) | Generator RTF: 0.2277(2.465s / 10.825s)
generated_audios/generated_H4_256C_pruned70_int8/121-123859-0004_generated.wav | RTF: 0.2293(2.179s / 9.505s) | Generator RTF: 0.2288(2.175s / 9.505s)
generated_audios/generated_H4_256C_pruned70_int8/121-127105-0000_generated.wav | RTF: 0.2270(2.242s / 9.875s) | Generator RTF: 0.2266(2.238s / 9.875s)
generated_audios/generated_H4_256C_pruned70_int8/121-127105-0001_generated.wav | RTF: 0.2234(1.123s / 5.025s) | Generator RTF: 0.2227(1.119s / 5.025s)
generated_audios/generated_H4_256C_pruned70_int8/121-127105-0002_generated.wav | RTF: 0.2314(1.734s / 7.495s) | Generator RTF: 0.2309(1.731s / 7.495s)
generated_audios/generated_H4_256C_pruned70_int8/121-127105-0003_generated.wav | RTF: 0.2282(1.763s / 7.725s) | Generator RTF: 0.2277(1.759s / 7.725s)
generated_audios/generated_H4_256C_pruned70_int8/121-127105-0004_generated.wav | RTF: 0.2351(0.496s / 2.110s) | Generator RTF: 0.2336(0.493s / 2.110s)
generated_audios/generated_H4_256C_pruned70_int8/121-127105-0005_generated.wav | RTF: 0.2192(1.276s / 5.820s) | Generator RTF: 0.2188(1.273s / 5.820s)
generated_audios/generated_H4_256C_pruned70_int8/121-127105-0006_generated.wav | RTF: 0.2251(1.063s / 4.725s) | Generator RTF: 0.2243(1.060s / 4.725s)
generated_audios/generated_H4_256C_pruned70_int8/121-127105-0007_generated.wav | RTF: 0.2203(1.276s / 5.790s) | Generator RTF: 0.2197(1.272s / 5.790s)
generated_audios/generated_H4_256C_pruned70_int8/121-127105-0008_generated.wav | RTF: 0.2226(0.614s / 2.760s) | Generator RTF: 0.2215(0.611s / 2.760s)
generated_audios/generated_H4_256C_pruned70_int8/121-127105-0009_generated.wav | RTF: 0.2272(0.520s / 2.290s) | Generator RTF: 0.2258(0.517s / 2.290s)
generated_audios/generated_H4_256C_pruned70_int8/121-127105-0010_generated.wav | RTF: 0.2260(0.644s / 2.850s) | Generator RTF: 0.2248(0.641s / 2.850s)
generated_audios/generated_H4_256C_pruned70_int8/121-127105-0011_generated.wav | RTF: 0.2246(1.298s / 5.780s) | Generator RTF: 0.2240(1.295s / 5.780s)
generated_audios/generated_H4_256C_pruned70_int8/121-127105-0012_generated.wav | RTF: 0.2295(1.108s / 4.830s) | Generator RTF: 0.2288(1.105s / 4.830s)
generated_audios/generated_H4_256C_pruned70_int8/121-127105-0013_generated.wav | RTF: 0.2196(1.294s / 5.895s) | Generator RTF: 0.2190(1.291s / 5.895s)
generated_audios/generated_H4_256C_pruned70_int8/121-127105-0014_generated.wav | RTF: 0.2296(0.518s / 2.255s) | Generator RTF: 0.2283(0.515s / 2.255s)
generated_audios/generated_H4_256C_pruned70_int8/121-127105-0015_generated.wav | RTF: 0.2246(0.665s / 2.960s) | Generator RTF: 0.2235(0.662s / 2.960s)
generated_audios/generated_H4_256C_pruned70_int8/121-127105-0016_generated.wav | RTF: 0.2205(0.448s / 2.030s) | Generator RTF: 0.2189(0.444s / 2.030s)
generated_audios/generated_H4_256C_pruned70_int8/121-127105-0017_generated.wav | RTF: 0.2279(0.614s / 2.695s) | Generator RTF: 0.2267(0.611s / 2.695s)
generated_audios/generated_H4_256C_pruned70_int8/121-127105-0018_generated.wav | RTF: 0.2278(0.631s / 2.770s) | Generator RTF: 0.2266(0.628s / 2.770s)
generated_audios/generated_H4_256C_pruned70_int8/121-127105-0019_generated.wav | RTF: 0.2189(0.771s / 3.525s) | Generator RTF: 0.2179(0.768s / 3.525s)
generated_audios/generated_H4_256C_pruned70_int8/121-127105-0020_generated.wav | RTF: 0.2543(3.650s / 14.355s) | Generator RTF: 0.2540(3.646s / 14.355s)
generated_audios/generated_H4_256C_pruned70_int8/121-127105-0021_generated.wav | RTF: 0.2363(0.473s / 2.000s) | Generator RTF: 0.2348(0.470s / 2.000s)
generated_audios/generated_H4_256C_pruned70_int8/121-127105-0022_generated.wav | RTF: 0.2260(1.147s / 5.075s) | Generator RTF: 0.2253(1.144s / 5.075s)
generated_audios/generated_H4_256C_pruned70_int8/121-127105-0023_generated.wav | RTF: 0.2293(2.501s / 10.910s) | Generator RTF: 0.2289(2.497s / 10.910s)
generated_audios/generated_H4_256C_pruned70_int8/121-127105-0024_generated.wav | RTF: 0.2589(3.741s / 14.450s) | Generator RTF: 0.2586(3.736s / 14.450s)
generated_audios/generated_H4_256C_pruned70_int8/121-127105-0025_generated.wav | RTF: 0.2549(4.095s / 16.065s) | Generator RTF: 0.2546(4.090s / 16.065s)
generated_audios/generated_H4_256C_pruned70_int8/121-127105-0026_generated.wav | RTF: 0.2242(1.688s / 7.530s) | Generator RTF: 0.2237(1.684s / 7.530s)
generated_audios/generated_H4_256C_pruned70_int8/121-127105-0027_generated.wav | RTF: 0.2511(3.482s / 13.870s) | Generator RTF: 0.2507(3.478s / 13.870s)
generated_audios/generated_H4_256C_pruned70_int8/121-127105-0028_generated.wav | RTF: 0.0398(0.269s / 6.750s) | Generator RTF: 0.0394(0.266s / 6.750s)
generated_audios/generated_H4_256C_pruned70_int8/121-127105-0029_generated.wav | RTF: 0.2296(1.678s / 7.310s) | Generator RTF: 0.2291(1.675s / 7.310s)
generated_audios/generated_H4_256C_pruned70_int8/121-127105-0030_generated.wav | RTF: 0.2400(0.522s / 2.175s) | Generator RTF: 0.2387(0.519s / 2.175s)
generated_audios/generated_H4_256C_pruned70_int8/121-127105-0031_generated.wav | RTF: 0.2298(2.474s / 10.765s) | Generator RTF: 0.2294(2.470s / 10.765s)
generated_audios/generated_H4_256C_pruned70_int8/121-127105-0032_generated.wav | RTF: 0.2228(0.706s / 3.170s) | Generator RTF: 0.2217(0.703s / 3.170s)
generated_audios/generated_H4_256C_pruned70_int8/121-127105-0033_generated.wav | RTF: 0.2347(0.553s / 2.355s) | Generator RTF: 0.2333(0.549s / 2.355s)
generated_audios/generated_H4_256C_pruned70_int8/121-127105-0034_generated.wav | RTF: 0.2322(1.721s / 7.410s) | Generator RTF: 0.2317(1.717s / 7.410s)
generated_audios/generated_H4_256C_pruned70_int8/121-127105-0035_generated.wav | RTF: 0.2551(3.609s / 14.150s) | Generator RTF: 0.2547(3.605s / 14.150s)
generated_audios/generated_H4_256C_pruned70_int8/121-127105-0036_generated.wav | RTF: 0.2227(0.924s / 4.150s) | Generator RTF: 0.2219(0.921s / 4.150s)
generated_audios/generated_H4_256C_pruned70_int8/237-126133-0000_generated.wav | RTF: 0.2623(3.486s / 13.290s) | Generator RTF: 0.2620(3.482s / 13.290s)
generated_audios/generated_H4_256C_pruned70_int8/237-126133-0001_generated.wav | RTF: 0.2578(3.085s / 11.965s) | Generator RTF: 0.2574(3.080s / 11.965s)
generated_audios/generated_H4_256C_pruned70_int8/237-126133-0002_generated.wav | RTF: 0.2304(2.055s / 8.920s) | Generator RTF: 0.2300(2.051s / 8.920s)
generated_audios/generated_H4_256C_pruned70_int8/237-126133-0003_generated.wav | RTF: 0.2253(1.478s / 6.560s) | Generator RTF: 0.2248(1.475s / 6.560s)
generated_audios/generated_H4_256C_pruned70_int8/237-126133-0004_generated.wav | RTF: 0.2292(0.755s / 3.295s) | Generator RTF: 0.2283(0.752s / 3.295s)
generated_audios/generated_H4_256C_pruned70_int8/237-126133-0005_generated.wav | RTF: 0.2288(1.489s / 6.510s) | Generator RTF: 0.2282(1.486s / 6.510s)
generated_audios/generated_H4_256C_pruned70_int8/237-126133-0006_generated.wav | RTF: 0.2252(1.385s / 6.150s) | Generator RTF: 0.2245(1.381s / 6.150s)
generated_audios/generated_H4_256C_pruned70_int8/237-126133-0007_generated.wav | RTF: 0.2303(1.999s / 8.680s) | Generator RTF: 0.2299(1.996s / 8.680s)
generated_audios/generated_H4_256C_pruned70_int8/237-126133-0008_generated.wav | RTF: 0.2269(0.877s / 3.865s) | Generator RTF: 0.2260(0.874s / 3.865s)
generated_audios/generated_H4_256C_pruned70_int8/237-126133-0009_generated.wav | RTF: 0.2262(0.898s / 3.970s) | Generator RTF: 0.2253(0.895s / 3.970s)
generated_audios/generated_H4_256C_pruned70_int8/237-126133-0010_generated.wav | RTF: 0.2226(1.389s / 6.240s) | Generator RTF: 0.2220(1.385s / 6.240s)
generated_audios/generated_H4_256C_pruned70_int8/237-126133-0011_generated.wav | RTF: 0.2231(1.497s / 6.710s) | Generator RTF: 0.2225(1.493s / 6.710s)
generated_audios/generated_H4_256C_pruned70_int8/237-126133-0012_generated.wav | RTF: 0.2264(1.008s / 4.450s) | Generator RTF: 0.2257(1.004s / 4.450s)
generated_audios/generated_H4_256C_pruned70_int8/237-126133-0013_generated.wav | RTF: 0.2327(1.586s / 6.815s) | Generator RTF: 0.2322(1.582s / 6.815s)
generated_audios/generated_H4_256C_pruned70_int8/237-126133-0014_generated.wav | RTF: 0.2272(1.543s / 6.790s) | Generator RTF: 0.2267(1.539s / 6.790s)
generated_audios/generated_H4_256C_pruned70_int8/237-126133-0015_generated.wav | RTF: 0.2292(2.141s / 9.340s) | Generator RTF: 0.2288(2.137s / 9.340s)
generated_audios/generated_H4_256C_pruned70_int8/237-126133-0016_generated.wav | RTF: 0.2221(0.944s / 4.250s) | Generator RTF: 0.2213(0.941s / 4.250s)
generated_audios/generated_H4_256C_pruned70_int8/237-126133-0017_generated.wav | RTF: 0.2233(1.387s / 6.210s) | Generator RTF: 0.2227(1.383s / 6.210s)
generated_audios/generated_H4_256C_pruned70_int8/237-126133-0018_generated.wav | RTF: 0.2281(0.934s / 4.095s) | Generator RTF: 0.2273(0.931s / 4.095s)
generated_audios/generated_H4_256C_pruned70_int8/237-126133-0019_generated.wav | RTF: 0.2306(1.642s / 7.120s) | Generator RTF: 0.2300(1.638s / 7.120s)
generated_audios/generated_H4_256C_pruned70_int8/237-126133-0020_generated.wav | RTF: 0.2244(0.503s / 2.240s) | Generator RTF: 0.2230(0.500s / 2.240s)
generated_audios/generated_H4_256C_pruned70_int8/237-126133-0021_generated.wav | RTF: 0.2211(0.965s / 4.365s) | Generator RTF: 0.2203(0.962s / 4.365s)
generated_audios/generated_H4_256C_pruned70_int8/237-126133-0022_generated.wav | RTF: 0.2245(1.131s / 5.040s) | Generator RTF: 0.2238(1.128s / 5.040s)
generated_audios/generated_H4_256C_pruned70_int8/237-126133-0023_generated.wav | RTF: 0.2283(1.524s / 6.675s) | Generator RTF: 0.2277(1.520s / 6.675s)
generated_audios/generated_H4_256C_pruned70_int8/237-126133-0024_generated.wav | RTF: 0.2347(2.268s / 9.665s) | Generator RTF: 0.2343(2.264s / 9.665s)
generated_audios/generated_H4_256C_pruned70_int8/237-126133-0025_generated.wav | RTF: 0.2304(0.865s / 3.755s) | Generator RTF: 0.2296(0.862s / 3.755s)
generated_audios/generated_H4_256C_pruned70_int8/237-134493-0000_generated.wav | RTF: 0.2276(0.934s / 4.105s) | Generator RTF: 0.2267(0.931s / 4.105s)
generated_audios/generated_H4_256C_pruned70_int8/237-134493-0001_generated.wav | RTF: 0.2344(1.730s / 7.380s) | Generator RTF: 0.2339(1.726s / 7.380s)
generated_audios/generated_H4_256C_pruned70_int8/237-134493-0002_generated.wav | RTF: 0.2321(2.645s / 11.395s) | Generator RTF: 0.2317(2.641s / 11.395s)
generated_audios/generated_H4_256C_pruned70_int8/237-134493-0003_generated.wav | RTF: 0.2603(3.323s / 12.765s) | Generator RTF: 0.2599(3.318s / 12.765s)
generated_audios/generated_H4_256C_pruned70_int8/237-134493-0004_generated.wav | RTF: 0.2258(1.541s / 6.825s) | Generator RTF: 0.2252(1.537s / 6.825s)
generated_audios/generated_H4_256C_pruned70_int8/237-134493-0005_generated.wav | RTF: 0.2307(2.525s / 10.945s) | Generator RTF: 0.2303(2.521s / 10.945s)
generated_audios/generated_H4_256C_pruned70_int8/237-134493-0006_generated.wav | RTF: 0.2238(0.984s / 4.395s) | Generator RTF: 0.2230(0.980s / 4.395s)
generated_audios/generated_H4_256C_pruned70_int8/237-134493-0007_generated.wav | RTF: 0.2386(0.486s / 2.035s) | Generator RTF: 0.2371(0.483s / 2.035s)
generated_audios/generated_H4_256C_pruned70_int8/237-134493-0008_generated.wav | RTF: 0.2233(0.515s / 2.305s) | Generator RTF: 0.2220(0.512s / 2.305s)
generated_audios/generated_H4_256C_pruned70_int8/237-134493-0009_generated.wav | RTF: 0.2508(0.746s / 2.975s) | Generator RTF: 0.2497(0.743s / 2.975s)
generated_audios/generated_H4_256C_pruned70_int8/237-134493-0010_generated.wav | RTF: 0.2248(0.646s / 2.875s) | Generator RTF: 0.2238(0.643s / 2.875s)
generated_audios/generated_H4_256C_pruned70_int8/237-134493-0011_generated.wav | RTF: 0.2317(1.167s / 5.035s) | Generator RTF: 0.2310(1.163s / 5.035s)
generated_audios/generated_H4_256C_pruned70_int8/237-134493-0012_generated.wav | RTF: 0.2239(0.820s / 3.660s) | Generator RTF: 0.2231(0.816s / 3.660s)
generated_audios/generated_H4_256C_pruned70_int8/237-134493-0013_generated.wav | RTF: 0.0390(0.159s / 4.090s) | Generator RTF: 0.0382(0.156s / 4.090s)
generated_audios/generated_H4_256C_pruned70_int8/237-134493-0014_generated.wav | RTF: 0.2203(0.815s / 3.700s) | Generator RTF: 0.2194(0.812s / 3.700s)
generated_audios/generated_H4_256C_pruned70_int8/237-134493-0015_generated.wav | RTF: 0.0381(0.249s / 6.550s) | Generator RTF: 0.0375(0.246s / 6.550s)
generated_audios/generated_H4_256C_pruned70_int8/237-134493-0016_generated.wav | RTF: 0.2354(2.374s / 10.085s) | Generator RTF: 0.2350(2.370s / 10.085s)
generated_audios/generated_H4_256C_pruned70_int8/237-134493-0017_generated.wav | RTF: 0.2296(2.090s / 9.105s) | Generator RTF: 0.2291(2.086s / 9.105s)
generated_audios/generated_H4_256C_pruned70_int8/237-134493-0018_generated.wav | RTF: 0.2263(1.084s / 4.790s) | Generator RTF: 0.2255(1.080s / 4.790s)
generated_audios/generated_H4_256C_pruned70_int8/237-134500-0000_generated.wav | RTF: 0.2266(1.389s / 6.130s) | Generator RTF: 0.2260(1.386s / 6.130s)
generated_audios/generated_H4_256C_pruned70_int8/237-134500-0001_generated.wav | RTF: 0.2320(0.420s / 1.810s) | Generator RTF: 0.2303(0.417s / 1.810s)
generated_audios/generated_H4_256C_pruned70_int8/237-134500-0002_generated.wav | RTF: 0.2261(1.146s / 5.070s) | Generator RTF: 0.2254(1.143s / 5.070s)
generated_audios/generated_H4_256C_pruned70_int8/237-134500-0003_generated.wav | RTF: 0.0388(0.123s / 3.170s) | Generator RTF: 0.0378(0.120s / 3.170s)
generated_audios/generated_H4_256C_pruned70_int8/237-134500-0004_generated.wav | RTF: 0.0422(0.094s / 2.225s) | Generator RTF: 0.0408(0.091s / 2.225s)
generated_audios/generated_H4_256C_pruned70_int8/237-134500-0005_generated.wav | RTF: 0.2328(0.556s / 2.390s) | Generator RTF: 0.2314(0.553s / 2.390s)
generated_audios/generated_H4_256C_pruned70_int8/237-134500-0006_generated.wav | RTF: 0.2229(0.942s / 4.225s) | Generator RTF: 0.2221(0.938s / 4.225s)
generated_audios/generated_H4_256C_pruned70_int8/237-134500-0007_generated.wav | RTF: 0.0340(0.081s / 2.390s) | Generator RTF: 0.0327(0.078s / 2.390s)
generated_audios/generated_H4_256C_pruned70_int8/237-134500-0008_generated.wav | RTF: 0.0365(0.137s / 3.760s) | Generator RTF: 0.0355(0.134s / 3.760s)
generated_audios/generated_H4_256C_pruned70_int8/237-134500-0009_generated.wav | RTF: 0.0337(0.075s / 2.220s) | Generator RTF: 0.0323(0.072s / 2.220s)
generated_audios/generated_H4_256C_pruned70_int8/237-134500-0010_generated.wav | RTF: 0.2269(0.906s / 3.995s) | Generator RTF: 0.2260(0.903s / 3.995s)
generated_audios/generated_H4_256C_pruned70_int8/237-134500-0011_generated.wav | RTF: 0.2253(0.755s / 3.350s) | Generator RTF: 0.2244(0.752s / 3.350s)
generated_audios/generated_H4_256C_pruned70_int8/237-134500-0012_generated.wav | RTF: 0.2319(2.535s / 10.935s) | Generator RTF: 0.2315(2.531s / 10.935s)
generated_audios/generated_H4_256C_pruned70_int8/237-134500-0013_generated.wav | RTF: 0.0408(0.430s / 10.560s) | Generator RTF: 0.0404(0.426s / 10.560s)
generated_audios/generated_H4_256C_pruned70_int8/237-134500-0014_generated.wav | RTF: 0.0371(0.158s / 4.250s) | Generator RTF: 0.0364(0.155s / 4.250s)
generated_audios/generated_H4_256C_pruned70_int8/237-134500-0015_generated.wav | RTF: 0.2321(2.510s / 10.815s) | Generator RTF: 0.2317(2.506s / 10.815s)
generated_audios/generated_H4_256C_pruned70_int8/237-134500-0016_generated.wav | RTF: 0.0396(0.125s / 3.160s) | Generator RTF: 0.0387(0.122s / 3.160s)
generated_audios/generated_H4_256C_pruned70_int8/237-134500-0017_generated.wav | RTF: 0.0412(0.090s / 2.180s) | Generator RTF: 0.0397(0.087s / 2.180s)
generated_audios/generated_H4_256C_pruned70_int8/237-134500-0018_generated.wav | RTF: 0.2621(3.366s / 12.845s) | Generator RTF: 0.2617(3.362s / 12.845s)
generated_audios/generated_H4_256C_pruned70_int8/237-134500-0019_generated.wav | RTF: 0.2236(0.639s / 2.860s) | Generator RTF: 0.2224(0.636s / 2.860s)
generated_audios/generated_H4_256C_pruned70_int8/237-134500-0020_generated.wav | RTF: 0.0346(0.075s / 2.180s) | Generator RTF: 0.0331(0.072s / 2.180s)
generated_audios/generated_H4_256C_pruned70_int8/237-134500-0021_generated.wav | RTF: 0.2233(1.143s / 5.120s) | Generator RTF: 0.2226(1.140s / 5.120s)
generated_audios/generated_H4_256C_pruned70_int8/237-134500-0022_generated.wav | RTF: 0.2225(1.149s / 5.165s) | Generator RTF: 0.2218(1.146s / 5.165s)
generated_audios/generated_H4_256C_pruned70_int8/237-134500-0023_generated.wav | RTF: 0.2320(0.710s / 3.060s) | Generator RTF: 0.2309(0.707s / 3.060s)
generated_audios/generated_H4_256C_pruned70_int8/237-134500-0024_generated.wav | RTF: 0.0383(0.169s / 4.410s) | Generator RTF: 0.0375(0.165s / 4.410s)
generated_audios/generated_H4_256C_pruned70_int8/237-134500-0025_generated.wav | RTF: 0.2371(0.387s / 1.630s) | Generator RTF: 0.2353(0.384s / 1.630s)
generated_audios/generated_H4_256C_pruned70_int8/237-134500-0026_generated.wav | RTF: 0.2303(0.702s / 3.050s) | Generator RTF: 0.2292(0.699s / 3.050s)
generated_audios/generated_H4_256C_pruned70_int8/237-134500-0027_generated.wav | RTF: 0.2299(0.752s / 3.270s) | Generator RTF: 0.2289(0.749s / 3.270s)
generated_audios/generated_H4_256C_pruned70_int8/237-134500-0028_generated.wav | RTF: 0.2336(1.057s / 4.525s) | Generator RTF: 0.2328(1.053s / 4.525s)
generated_audios/generated_H4_256C_pruned70_int8/237-134500-0029_generated.wav | RTF: 0.2269(0.469s / 2.065s) | Generator RTF: 0.2255(0.466s / 2.065s)
generated_audios/generated_H4_256C_pruned70_int8/237-134500-0030_generated.wav | RTF: 0.2306(0.641s / 2.780s) | Generator RTF: 0.2295(0.638s / 2.780s)
generated_audios/generated_H4_256C_pruned70_int8/237-134500-0031_generated.wav | RTF: 0.2350(2.493s / 10.610s) | Generator RTF: 0.2346(2.489s / 10.610s)
generated_audios/generated_H4_256C_pruned70_int8/237-134500-0032_generated.wav | RTF: 0.0413(0.207s / 5.025s) | Generator RTF: 0.0405(0.204s / 5.025s)
generated_audios/generated_H4_256C_pruned70_int8/237-134500-0033_generated.wav | RTF: 0.2287(1.452s / 6.350s) | Generator RTF: 0.2281(1.448s / 6.350s)
generated_audios/generated_H4_256C_pruned70_int8/237-134500-0034_generated.wav | RTF: 0.2262(0.696s / 3.075s) | Generator RTF: 0.2251(0.692s / 3.075s)
generated_audios/generated_H4_256C_pruned70_int8/237-134500-0035_generated.wav | RTF: 0.2363(0.604s / 2.555s) | Generator RTF: 0.2351(0.601s / 2.555s)
generated_audios/generated_H4_256C_pruned70_int8/237-134500-0036_generated.wav | RTF: 0.2320(1.531s / 6.600s) | Generator RTF: 0.2315(1.528s / 6.600s)
generated_audios/generated_H4_256C_pruned70_int8/237-134500-0037_generated.wav | RTF: 0.2313(1.643s / 7.105s) | Generator RTF: 0.2307(1.639s / 7.105s)
generated_audios/generated_H4_256C_pruned70_int8/237-134500-0038_generated.wav | RTF: 0.2333(0.568s / 2.435s) | Generator RTF: 0.2321(0.565s / 2.435s)
generated_audios/generated_H4_256C_pruned70_int8/237-134500-0039_generated.wav | RTF: 0.2297(1.064s / 4.630s) | Generator RTF: 0.2290(1.060s / 4.630s)
generated_audios/generated_H4_256C_pruned70_int8/237-134500-0040_generated.wav | RTF: 0.0393(0.158s / 4.030s) | Generator RTF: 0.0384(0.155s / 4.030s)
generated_audios/generated_H4_256C_pruned70_int8/237-134500-0041_generated.wav | RTF: 0.0456(0.406s / 8.920s) | Generator RTF: 0.0451(0.402s / 8.920s)
generated_audios/generated_H4_256C_pruned70_int8/237-134500-0042_generated.wav | RTF: 0.2343(0.603s / 2.575s) | Generator RTF: 0.2331(0.600s / 2.575s)
generated_audios/generated_H4_256C_pruned70_int8/260-123286-0000_generated.wav | RTF: 0.2343(1.649s / 7.040s) | Generator RTF: 0.2338(1.646s / 7.040s)
generated_audios/generated_H4_256C_pruned70_int8/260-123286-0001_generated.wav | RTF: 0.0358(0.110s / 3.070s) | Generator RTF: 0.0348(0.107s / 3.070s)
generated_audios/generated_H4_256C_pruned70_int8/260-123286-0002_generated.wav | RTF: 0.2390(2.387s / 9.985s) | Generator RTF: 0.2386(2.383s / 9.985s)
generated_audios/generated_H4_256C_pruned70_int8/260-123286-0003_generated.wav | RTF: 0.2340(1.725s / 7.370s) | Generator RTF: 0.2335(1.721s / 7.370s)
generated_audios/generated_H4_256C_pruned70_int8/260-123286-0004_generated.wav | RTF: 0.2361(0.818s / 3.465s) | Generator RTF: 0.2352(0.815s / 3.465s)
generated_audios/generated_H4_256C_pruned70_int8/260-123286-0005_generated.wav | RTF: 0.2284(1.099s / 4.810s) | Generator RTF: 0.2278(1.096s / 4.810s)
generated_audios/generated_H4_256C_pruned70_int8/260-123286-0006_generated.wav | RTF: 0.2427(1.797s / 7.405s) | Generator RTF: 0.2422(1.793s / 7.405s)
generated_audios/generated_H4_256C_pruned70_int8/260-123286-0007_generated.wav | RTF: 0.2322(1.056s / 4.550s) | Generator RTF: 0.2314(1.053s / 4.550s)
generated_audios/generated_H4_256C_pruned70_int8/260-123286-0008_generated.wav | RTF: 0.2279(0.851s / 3.735s) | Generator RTF: 0.2270(0.848s / 3.735s)
generated_audios/generated_H4_256C_pruned70_int8/260-123286-0009_generated.wav | RTF: 0.2298(1.331s / 5.795s) | Generator RTF: 0.2292(1.328s / 5.795s)
generated_audios/generated_H4_256C_pruned70_int8/260-123286-0010_generated.wav | RTF: 0.0337(0.087s / 2.575s) | Generator RTF: 0.0324(0.083s / 2.575s)
generated_audios/generated_H4_256C_pruned70_int8/260-123286-0011_generated.wav | RTF: 0.0368(0.157s / 4.255s) | Generator RTF: 0.0360(0.153s / 4.255s)
generated_audios/generated_H4_256C_pruned70_int8/260-123286-0012_generated.wav | RTF: 0.0333(0.081s / 2.430s) | Generator RTF: 0.0322(0.078s / 2.430s)
generated_audios/generated_H4_256C_pruned70_int8/260-123286-0013_generated.wav | RTF: 0.2319(1.097s / 4.730s) | Generator RTF: 0.2312(1.094s / 4.730s)
generated_audios/generated_H4_256C_pruned70_int8/260-123286-0014_generated.wav | RTF: 0.0566(0.169s / 2.980s) | Generator RTF: 0.0555(0.165s / 2.980s)
generated_audios/generated_H4_256C_pruned70_int8/260-123286-0015_generated.wav | RTF: 0.2308(1.202s / 5.210s) | Generator RTF: 0.2301(1.199s / 5.210s)
generated_audios/generated_H4_256C_pruned70_int8/260-123286-0016_generated.wav | RTF: 0.2337(1.636s / 7.000s) | Generator RTF: 0.2332(1.633s / 7.000s)
generated_audios/generated_H4_256C_pruned70_int8/260-123286-0017_generated.wav | RTF: 0.2288(0.910s / 3.975s) | Generator RTF: 0.2279(0.906s / 3.975s)
generated_audios/generated_H4_256C_pruned70_int8/260-123286-0018_generated.wav | RTF: 0.2330(1.321s / 5.670s) | Generator RTF: 0.2324(1.318s / 5.670s)
generated_audios/generated_H4_256C_pruned70_int8/260-123286-0019_generated.wav | RTF: 0.2650(3.155s / 11.905s) | Generator RTF: 0.2646(3.150s / 11.905s)
generated_audios/generated_H4_256C_pruned70_int8/260-123286-0020_generated.wav | RTF: 0.0382(0.117s / 3.060s) | Generator RTF: 0.0372(0.114s / 3.060s)
generated_audios/generated_H4_256C_pruned70_int8/260-123286-0021_generated.wav | RTF: 0.2279(0.581s / 2.550s) | Generator RTF: 0.2267(0.578s / 2.550s)
generated_audios/generated_H4_256C_pruned70_int8/260-123286-0022_generated.wav | RTF: 0.2387(0.772s / 3.235s) | Generator RTF: 0.2376(0.769s / 3.235s)
generated_audios/generated_H4_256C_pruned70_int8/260-123286-0023_generated.wav | RTF: 0.2371(1.393s / 5.875s) | Generator RTF: 0.2365(1.389s / 5.875s)
generated_audios/generated_H4_256C_pruned70_int8/260-123286-0024_generated.wav | RTF: 0.2323(0.706s / 3.040s) | Generator RTF: 0.2311(0.703s / 3.040s)
generated_audios/generated_H4_256C_pruned70_int8/260-123286-0025_generated.wav | RTF: 0.2420(2.228s / 9.205s) | Generator RTF: 0.2416(2.224s / 9.205s)
generated_audios/generated_H4_256C_pruned70_int8/260-123286-0026_generated.wav | RTF: 0.2341(1.625s / 6.940s) | Generator RTF: 0.2336(1.621s / 6.940s)
generated_audios/generated_H4_256C_pruned70_int8/260-123286-0027_generated.wav | RTF: 0.2336(1.675s / 7.170s) | Generator RTF: 0.2330(1.671s / 7.170s)
generated_audios/generated_H4_256C_pruned70_int8/260-123286-0028_generated.wav | RTF: 0.2358(1.760s / 7.465s) | Generator RTF: 0.2353(1.756s / 7.465s)
generated_audios/generated_H4_256C_pruned70_int8/260-123286-0029_generated.wav | RTF: 0.0384(0.175s / 4.545s) | Generator RTF: 0.0377(0.171s / 4.545s)
generated_audios/generated_H4_256C_pruned70_int8/260-123286-0030_generated.wav | RTF: 0.0395(0.298s / 7.530s) | Generator RTF: 0.0390(0.294s / 7.530s)
generated_audios/generated_H4_256C_pruned70_int8/260-123286-0031_generated.wav | RTF: 0.2328(1.178s / 5.060s) | Generator RTF: 0.2321(1.175s / 5.060s)
generated_audios/generated_H4_256C_pruned70_int8/260-123288-0000_generated.wav | RTF: 0.0336(0.102s / 3.040s) | Generator RTF: 0.0326(0.099s / 3.040s)
generated_audios/generated_H4_256C_pruned70_int8/260-123288-0001_generated.wav | RTF: 0.0362(0.184s / 5.080s) | Generator RTF: 0.0355(0.180s / 5.080s)
generated_audios/generated_H4_256C_pruned70_int8/260-123288-0002_generated.wav | RTF: 0.2464(1.786s / 7.250s) | Generator RTF: 0.2459(1.783s / 7.250s)
generated_audios/generated_H4_256C_pruned70_int8/260-123288-0003_generated.wav | RTF: 0.2532(2.255s / 8.905s) | Generator RTF: 0.2528(2.251s / 8.905s)
generated_audios/generated_H4_256C_pruned70_int8/260-123288-0004_generated.wav | RTF: 0.2439(1.051s / 4.310s) | Generator RTF: 0.2432(1.048s / 4.310s)
generated_audios/generated_H4_256C_pruned70_int8/260-123288-0005_generated.wav | RTF: 0.2705(3.395s / 12.550s) | Generator RTF: 0.2702(3.391s / 12.550s)
generated_audios/generated_H4_256C_pruned70_int8/260-123288-0006_generated.wav | RTF: 0.2409(1.175s / 4.880s) | Generator RTF: 0.2401(1.172s / 4.880s)
generated_audios/generated_H4_256C_pruned70_int8/260-123288-0007_generated.wav | RTF: 0.2512(2.814s / 11.200s) | Generator RTF: 0.2509(2.810s / 11.200s)
generated_audios/generated_H4_256C_pruned70_int8/260-123288-0008_generated.wav | RTF: 0.2473(1.364s / 5.515s) | Generator RTF: 0.2466(1.360s / 5.515s)
generated_audios/generated_H4_256C_pruned70_int8/260-123288-0009_generated.wav | RTF: 0.2441(0.839s / 3.435s) | Generator RTF: 0.2432(0.835s / 3.435s)
generated_audios/generated_H4_256C_pruned70_int8/260-123288-0010_generated.wav | RTF: 0.0440(0.440s / 9.995s) | Generator RTF: 0.0436(0.436s / 9.995s)
generated_audios/generated_H4_256C_pruned70_int8/260-123288-0011_generated.wav | RTF: 0.2497(2.243s / 8.980s) | Generator RTF: 0.2493(2.239s / 8.980s)
generated_audios/generated_H4_256C_pruned70_int8/260-123288-0012_generated.wav | RTF: 0.2436(0.864s / 3.545s) | Generator RTF: 0.2426(0.860s / 3.545s)
generated_audios/generated_H4_256C_pruned70_int8/260-123288-0013_generated.wav | RTF: 0.2487(2.831s / 11.385s) | Generator RTF: 0.2483(2.827s / 11.385s)
generated_audios/generated_H4_256C_pruned70_int8/260-123288-0014_generated.wav | RTF: 0.0439(0.079s / 1.805s) | Generator RTF: 0.0423(0.076s / 1.805s)
generated_audios/generated_H4_256C_pruned70_int8/260-123288-0015_generated.wav | RTF: 0.2667(5.649s / 21.185s) | Generator RTF: 0.2664(5.644s / 21.185s)
generated_audios/generated_H4_256C_pruned70_int8/260-123288-0016_generated.wav | RTF: 0.2456(1.195s / 4.865s) | Generator RTF: 0.2449(1.192s / 4.865s)
generated_audios/generated_H4_256C_pruned70_int8/260-123288-0017_generated.wav | RTF: 0.2367(1.237s / 5.225s) | Generator RTF: 0.2360(1.233s / 5.225s)
generated_audios/generated_H4_256C_pruned70_int8/260-123288-0018_generated.wav | RTF: 0.2380(0.772s / 3.245s) | Generator RTF: 0.2369(0.769s / 3.245s)
generated_audios/generated_H4_256C_pruned70_int8/260-123288-0019_generated.wav | RTF: 0.0391(0.115s / 2.955s) | Generator RTF: 0.0380(0.112s / 2.955s)
generated_audios/generated_H4_256C_pruned70_int8/260-123288-0020_generated.wav | RTF: 0.2390(0.693s / 2.900s) | Generator RTF: 0.2379(0.690s / 2.900s)
generated_audios/generated_H4_256C_pruned70_int8/260-123288-0021_generated.wav | RTF: 0.0385(0.104s / 2.710s) | Generator RTF: 0.0373(0.101s / 2.710s)
generated_audios/generated_H4_256C_pruned70_int8/260-123288-0022_generated.wav | RTF: 0.2438(0.903s / 3.705s) | Generator RTF: 0.2429(0.900s / 3.705s)
generated_audios/generated_H4_256C_pruned70_int8/260-123288-0023_generated.wav | RTF: 0.0411(0.098s / 2.385s) | Generator RTF: 0.0398(0.095s / 2.385s)
generated_audios/generated_H4_256C_pruned70_int8/260-123288-0024_generated.wav | RTF: 0.2696(3.934s / 14.595s) | Generator RTF: 0.2693(3.930s / 14.595s)
generated_audios/generated_H4_256C_pruned70_int8/260-123288-0025_generated.wav | RTF: 0.2697(3.626s / 13.445s) | Generator RTF: 0.2694(3.622s / 13.445s)
generated_audios/generated_H4_256C_pruned70_int8/260-123288-0026_generated.wav | RTF: 0.2689(4.313s / 16.040s) | Generator RTF: 0.2686(4.308s / 16.040s)
generated_audios/generated_H4_256C_pruned70_int8/260-123288-0027_generated.wav | RTF: 0.2429(1.531s / 6.305s) | Generator RTF: 0.2423(1.528s / 6.305s)
generated_audios/generated_H4_256C_pruned70_int8/260-123288-0028_generated.wav | RTF: 0.2488(0.649s / 2.610s) | Generator RTF: 0.2476(0.646s / 2.610s)
generated_audios/generated_H4_256C_pruned70_int8/260-123440-0000_generated.wav | RTF: 0.2416(0.523s / 2.165s) | Generator RTF: 0.2402(0.520s / 2.165s)
generated_audios/generated_H4_256C_pruned70_int8/260-123440-0001_generated.wav | RTF: 0.2563(0.446s / 1.740s) | Generator RTF: 0.2545(0.443s / 1.740s)
generated_audios/generated_H4_256C_pruned70_int8/260-123440-0002_generated.wav | RTF: 0.2761(4.062s / 14.715s) | Generator RTF: 0.2758(4.058s / 14.715s)
generated_audios/generated_H4_256C_pruned70_int8/260-123440-0003_generated.wav | RTF: 0.2493(0.894s / 3.585s) | Generator RTF: 0.2484(0.890s / 3.585s)
generated_audios/generated_H4_256C_pruned70_int8/260-123440-0004_generated.wav | RTF: 0.2738(3.291s / 12.020s) | Generator RTF: 0.2734(3.286s / 12.020s)
generated_audios/generated_H4_256C_pruned70_int8/260-123440-0005_generated.wav | RTF: 0.0396(0.123s / 3.105s) | Generator RTF: 0.0387(0.120s / 3.105s)
generated_audios/generated_H4_256C_pruned70_int8/260-123440-0006_generated.wav | RTF: 0.0326(0.089s / 2.715s) | Generator RTF: 0.0314(0.085s / 2.715s)
generated_audios/generated_H4_256C_pruned70_int8/260-123440-0007_generated.wav | RTF: 0.2433(0.823s / 3.385s) | Generator RTF: 0.2424(0.820s / 3.385s)
generated_audios/generated_H4_256C_pruned70_int8/260-123440-0008_generated.wav | RTF: 0.2508(0.939s / 3.745s) | Generator RTF: 0.2499(0.936s / 3.745s)
generated_audios/generated_H4_256C_pruned70_int8/260-123440-0009_generated.wav | RTF: 0.2486(0.774s / 3.115s) | Generator RTF: 0.2476(0.771s / 3.115s)
generated_audios/generated_H4_256C_pruned70_int8/260-123440-0010_generated.wav | RTF: 0.2579(2.144s / 8.315s) | Generator RTF: 0.2574(2.140s / 8.315s)
generated_audios/generated_H4_256C_pruned70_int8/260-123440-0011_generated.wav | RTF: 0.0389(0.189s / 4.870s) | Generator RTF: 0.0384(0.187s / 4.870s)
generated_audios/generated_H4_256C_pruned70_int8/260-123440-0012_generated.wav | RTF: 0.2486(1.304s / 5.245s) | Generator RTF: 0.2479(1.300s / 5.245s)
generated_audios/generated_H4_256C_pruned70_int8/260-123440-0013_generated.wav | RTF: 0.2490(0.865s / 3.475s) | Generator RTF: 0.2481(0.862s / 3.475s)
generated_audios/generated_H4_256C_pruned70_int8/260-123440-0014_generated.wav | RTF: 0.2493(0.951s / 3.815s) | Generator RTF: 0.2485(0.948s / 3.815s)
generated_audios/generated_H4_256C_pruned70_int8/260-123440-0015_generated.wav | RTF: 0.0423(0.262s / 6.200s) | Generator RTF: 0.0417(0.258s / 6.200s)
generated_audios/generated_H4_256C_pruned70_int8/260-123440-0016_generated.wav | RTF: 0.2499(1.223s / 4.895s) | Generator RTF: 0.2492(1.220s / 4.895s)
generated_audios/generated_H4_256C_pruned70_int8/260-123440-0017_generated.wav | RTF: 0.0402(0.123s / 3.070s) | Generator RTF: 0.0392(0.120s / 3.070s)
generated_audios/generated_H4_256C_pruned70_int8/260-123440-0018_generated.wav | RTF: 0.2482(0.903s / 3.640s) | Generator RTF: 0.2472(0.900s / 3.640s)
generated_audios/generated_H4_256C_pruned70_int8/260-123440-0019_generated.wav | RTF: 0.2484(1.647s / 6.630s) | Generator RTF: 0.2479(1.644s / 6.630s)
generated_audios/generated_H4_256C_pruned70_int8/260-123440-0020_generated.wav | RTF: 0.2504(1.251s / 4.995s) | Generator RTF: 0.2497(1.247s / 4.995s)
generated_audios/generated_H4_256C_pruned70_int8/61-70968-0000_generated.wav | RTF: 0.2520(1.236s / 4.905s) | Generator RTF: 0.2512(1.232s / 4.905s)
generated_audios/generated_H4_256C_pruned70_int8/61-70968-0001_generated.wav | RTF: 0.2496(0.901s / 3.610s) | Generator RTF: 0.2486(0.898s / 3.610s)
generated_audios/generated_H4_256C_pruned70_int8/61-70968-0002_generated.wav | RTF: 0.2430(0.722s / 2.970s) | Generator RTF: 0.2419(0.718s / 2.970s)
generated_audios/generated_H4_256C_pruned70_int8/61-70968-0003_generated.wav | RTF: 0.0375(0.162s / 4.315s) | Generator RTF: 0.0367(0.159s / 4.315s)
generated_audios/generated_H4_256C_pruned70_int8/61-70968-0004_generated.wav | RTF: 0.2506(0.973s / 3.885s) | Generator RTF: 0.2497(0.970s / 3.885s)
generated_audios/generated_H4_256C_pruned70_int8/61-70968-0005_generated.wav | RTF: 0.0394(0.200s / 5.070s) | Generator RTF: 0.0387(0.196s / 5.070s)
generated_audios/generated_H4_256C_pruned70_int8/61-70968-0006_generated.wav | RTF: 0.2433(0.714s / 2.935s) | Generator RTF: 0.2421(0.711s / 2.935s)
generated_audios/generated_H4_256C_pruned70_int8/61-70968-0007_generated.wav | RTF: 0.0387(0.137s / 3.550s) | Generator RTF: 0.0377(0.134s / 3.550s)
generated_audios/generated_H4_256C_pruned70_int8/61-70968-0008_generated.wav | RTF: 0.0397(0.140s / 3.535s) | Generator RTF: 0.0387(0.137s / 3.535s)
generated_audios/generated_H4_256C_pruned70_int8/61-70968-0009_generated.wav | RTF: 0.2506(1.130s / 4.510s) | Generator RTF: 0.2499(1.127s / 4.510s)
generated_audios/generated_H4_256C_pruned70_int8/61-70968-0010_generated.wav | RTF: 0.2560(2.124s / 8.295s) | Generator RTF: 0.2555(2.120s / 8.295s)
generated_audios/generated_H4_256C_pruned70_int8/61-70968-0011_generated.wav | RTF: 0.2505(1.597s / 6.375s) | Generator RTF: 0.2499(1.593s / 6.375s)
generated_audios/generated_H4_256C_pruned70_int8/61-70968-0012_generated.wav | RTF: 0.0416(0.108s / 2.610s) | Generator RTF: 0.0403(0.105s / 2.610s)
generated_audios/generated_H4_256C_pruned70_int8/61-70968-0013_generated.wav | RTF: 0.0390(0.173s / 4.450s) | Generator RTF: 0.0382(0.170s / 4.450s)
generated_audios/generated_H4_256C_pruned70_int8/61-70968-0014_generated.wav | RTF: 0.2530(1.894s / 7.485s) | Generator RTF: 0.2525(1.890s / 7.485s)
generated_audios/generated_H4_256C_pruned70_int8/61-70968-0015_generated.wav | RTF: 0.2456(1.320s / 5.375s) | Generator RTF: 0.2449(1.317s / 5.375s)
generated_audios/generated_H4_256C_pruned70_int8/61-70968-0016_generated.wav | RTF: 0.2565(0.954s / 3.720s) | Generator RTF: 0.2557(0.951s / 3.720s)
generated_audios/generated_H4_256C_pruned70_int8/61-70968-0017_generated.wav | RTF: 0.2535(1.295s / 5.110s) | Generator RTF: 0.2528(1.292s / 5.110s)
generated_audios/generated_H4_256C_pruned70_int8/61-70968-0018_generated.wav | RTF: 0.2479(0.596s / 2.405s) | Generator RTF: 0.2465(0.593s / 2.405s)
generated_audios/generated_H4_256C_pruned70_int8/61-70968-0019_generated.wav | RTF: 0.2508(1.373s / 5.475s) | Generator RTF: 0.2502(1.370s / 5.475s)
generated_audios/generated_H4_256C_pruned70_int8/61-70968-0020_generated.wav | RTF: 0.2559(1.306s / 5.105s) | Generator RTF: 0.2552(1.303s / 5.105s)
generated_audios/generated_H4_256C_pruned70_int8/61-70968-0021_generated.wav | RTF: 0.2472(0.665s / 2.690s) | Generator RTF: 0.2460(0.662s / 2.690s)
generated_audios/generated_H4_256C_pruned70_int8/61-70968-0022_generated.wav | RTF: 0.0372(0.174s / 4.670s) | Generator RTF: 0.0364(0.170s / 4.670s)
generated_audios/generated_H4_256C_pruned70_int8/61-70968-0023_generated.wav | RTF: 0.0390(0.196s / 5.025s) | Generator RTF: 0.0383(0.192s / 5.025s)
generated_audios/generated_H4_256C_pruned70_int8/61-70968-0024_generated.wav | RTF: 0.2543(1.532s / 6.025s) | Generator RTF: 0.2537(1.528s / 6.025s)
generated_audios/generated_H4_256C_pruned70_int8/61-70968-0025_generated.wav | RTF: 0.0380(0.167s / 4.410s) | Generator RTF: 0.0372(0.164s / 4.410s)
generated_audios/generated_H4_256C_pruned70_int8/61-70968-0026_generated.wav | RTF: 0.2467(1.214s / 4.920s) | Generator RTF: 0.2460(1.210s / 4.920s)
generated_audios/generated_H4_256C_pruned70_int8/61-70968-0027_generated.wav | RTF: 0.2505(1.721s / 6.870s) | Generator RTF: 0.2499(1.717s / 6.870s)
generated_audios/generated_H4_256C_pruned70_int8/61-70968-0028_generated.wav | RTF: 0.2494(1.336s / 5.355s) | Generator RTF: 0.2490(1.334s / 5.355s)
generated_audios/generated_H4_256C_pruned70_int8/61-70968-0029_generated.wav | RTF: 0.2547(0.890s / 3.495s) | Generator RTF: 0.2537(0.887s / 3.495s)
generated_audios/generated_H4_256C_pruned70_int8/61-70968-0030_generated.wav | RTF: 0.2512(1.428s / 5.685s) | Generator RTF: 0.2506(1.424s / 5.685s)
generated_audios/generated_H4_256C_pruned70_int8/61-70968-0031_generated.wav | RTF: 0.2538(0.742s / 2.925s) | Generator RTF: 0.2527(0.739s / 2.925s)
generated_audios/generated_H4_256C_pruned70_int8/61-70968-0032_generated.wav | RTF: 0.0391(0.167s / 4.280s) | Generator RTF: 0.0383(0.164s / 4.280s)
generated_audios/generated_H4_256C_pruned70_int8/61-70968-0033_generated.wav | RTF: 0.0330(0.187s / 5.685s) | Generator RTF: 0.0324(0.184s / 5.685s)
generated_audios/generated_H4_256C_pruned70_int8/61-70968-0034_generated.wav | RTF: 0.2543(1.076s / 4.230s) | Generator RTF: 0.2535(1.072s / 4.230s)
generated_audios/generated_H4_256C_pruned70_int8/61-70968-0035_generated.wav | RTF: 0.2600(2.067s / 7.950s) | Generator RTF: 0.2595(2.063s / 7.950s)
generated_audios/generated_H4_256C_pruned70_int8/61-70968-0036_generated.wav | RTF: 0.0388(0.114s / 2.935s) | Generator RTF: 0.0377(0.111s / 2.935s)
generated_audios/generated_H4_256C_pruned70_int8/61-70968-0037_generated.wav | RTF: 0.0368(0.159s / 4.315s) | Generator RTF: 0.0360(0.155s / 4.315s)
generated_audios/generated_H4_256C_pruned70_int8/61-70968-0038_generated.wav | RTF: 0.2657(0.545s / 2.050s) | Generator RTF: 0.2641(0.541s / 2.050s)
generated_audios/generated_H4_256C_pruned70_int8/61-70968-0039_generated.wav | RTF: 0.2491(0.948s / 3.805s) | Generator RTF: 0.2483(0.945s / 3.805s)
generated_audios/generated_H4_256C_pruned70_int8/61-70968-0040_generated.wav | RTF: 0.2556(1.010s / 3.950s) | Generator RTF: 0.2547(1.006s / 3.950s)
generated_audios/generated_H4_256C_pruned70_int8/61-70968-0041_generated.wav | RTF: 0.0381(0.260s / 6.825s) | Generator RTF: 0.0376(0.256s / 6.825s)
generated_audios/generated_H4_256C_pruned70_int8/61-70968-0042_generated.wav | RTF: 0.0402(0.112s / 2.785s) | Generator RTF: 0.0390(0.109s / 2.785s)
generated_audios/generated_H4_256C_pruned70_int8/61-70968-0043_generated.wav | RTF: 0.2570(1.731s / 6.735s) | Generator RTF: 0.2565(1.727s / 6.735s)
generated_audios/generated_H4_256C_pruned70_int8/61-70968-0044_generated.wav | RTF: 0.0399(0.111s / 2.770s) | Generator RTF: 0.0387(0.107s / 2.770s)
generated_audios/generated_H4_256C_pruned70_int8/61-70968-0045_generated.wav | RTF: 0.0393(0.136s / 3.475s) | Generator RTF: 0.0383(0.133s / 3.475s)
generated_audios/generated_H4_256C_pruned70_int8/61-70968-0046_generated.wav | RTF: 0.0390(0.138s / 3.550s) | Generator RTF: 0.0380(0.135s / 3.550s)
generated_audios/generated_H4_256C_pruned70_int8/61-70968-0047_generated.wav | RTF: 0.2509(1.198s / 4.775s) | Generator RTF: 0.2502(1.195s / 4.775s)
generated_audios/generated_H4_256C_pruned70_int8/61-70968-0048_generated.wav | RTF: 0.2558(0.772s / 3.020s) | Generator RTF: 0.2547(0.769s / 3.020s)
generated_audios/generated_H4_256C_pruned70_int8/61-70968-0049_generated.wav | RTF: 0.2623(2.164s / 8.250s) | Generator RTF: 0.2618(2.160s / 8.250s)
generated_audios/generated_H4_256C_pruned70_int8/61-70968-0050_generated.wav | RTF: 0.2509(1.400s / 5.580s) | Generator RTF: 0.2503(1.397s / 5.580s)
generated_audios/generated_H4_256C_pruned70_int8/61-70968-0051_generated.wav | RTF: 0.2485(0.779s / 3.135s) | Generator RTF: 0.2474(0.776s / 3.135s)
generated_audios/generated_H4_256C_pruned70_int8/61-70968-0052_generated.wav | RTF: 0.2396(0.635s / 2.650s) | Generator RTF: 0.2384(0.632s / 2.650s)
generated_audios/generated_H4_256C_pruned70_int8/61-70968-0053_generated.wav | RTF: 0.0373(0.157s / 4.220s) | Generator RTF: 0.0365(0.154s / 4.220s)
generated_audios/generated_H4_256C_pruned70_int8/61-70968-0054_generated.wav | RTF: 0.2494(1.960s / 7.860s) | Generator RTF: 0.2489(1.957s / 7.860s)
generated_audios/generated_H4_256C_pruned70_int8/61-70968-0055_generated.wav | RTF: 0.0383(0.152s / 3.965s) | Generator RTF: 0.0374(0.148s / 3.965s)
generated_audios/generated_H4_256C_pruned70_int8/61-70968-0056_generated.wav | RTF: 0.2472(0.881s / 3.565s) | Generator RTF: 0.2462(0.878s / 3.565s)
generated_audios/generated_H4_256C_pruned70_int8/61-70968-0057_generated.wav | RTF: 0.0366(0.186s / 5.065s) | Generator RTF: 0.0359(0.182s / 5.065s)
generated_audios/generated_H4_256C_pruned70_int8/61-70968-0058_generated.wav | RTF: 0.2356(0.429s / 1.820s) | Generator RTF: 0.2339(0.426s / 1.820s)
generated_audios/generated_H4_256C_pruned70_int8/61-70968-0059_generated.wav | RTF: 0.0410(0.089s / 2.170s) | Generator RTF: 0.0402(0.087s / 2.170s)
generated_audios/generated_H4_256C_pruned70_int8/61-70968-0060_generated.wav | RTF: 0.0390(0.146s / 3.735s) | Generator RTF: 0.0381(0.142s / 3.735s)
generated_audios/generated_H4_256C_pruned70_int8/61-70968-0061_generated.wav | RTF: 0.2456(1.358s / 5.530s) | Generator RTF: 0.2449(1.354s / 5.530s)
generated_audios/generated_H4_256C_pruned70_int8/61-70968-0062_generated.wav | RTF: 0.0405(0.103s / 2.555s) | Generator RTF: 0.0392(0.100s / 2.555s)
generated_audios/generated_H4_256C_pruned70_int8/61-70970-0000_generated.wav | RTF: 0.2466(1.498s / 6.075s) | Generator RTF: 0.2460(1.494s / 6.075s)
generated_audios/generated_H4_256C_pruned70_int8/61-70970-0001_generated.wav | RTF: 0.2507(1.543s / 6.155s) | Generator RTF: 0.2501(1.540s / 6.155s)
generated_audios/generated_H4_256C_pruned70_int8/61-70970-0002_generated.wav | RTF: 0.2544(1.060s / 4.165s) | Generator RTF: 0.2536(1.056s / 4.165s)
generated_audios/generated_H4_256C_pruned70_int8/61-70970-0003_generated.wav | RTF: 0.2485(0.953s / 3.835s) | Generator RTF: 0.2476(0.949s / 3.835s)
generated_audios/generated_H4_256C_pruned70_int8/61-70970-0004_generated.wav | RTF: 0.2580(2.712s / 10.515s) | Generator RTF: 0.2576(2.708s / 10.515s)
generated_audios/generated_H4_256C_pruned70_int8/61-70970-0005_generated.wav | RTF: 0.2615(0.528s / 2.020s) | Generator RTF: 0.2599(0.525s / 2.020s)
generated_audios/generated_H4_256C_pruned70_int8/61-70970-0006_generated.wav | RTF: 0.2551(0.596s / 2.335s) | Generator RTF: 0.2538(0.593s / 2.335s)
generated_audios/generated_H4_256C_pruned70_int8/61-70970-0007_generated.wav | RTF: 0.2581(1.158s / 4.485s) | Generator RTF: 0.2574(1.154s / 4.485s)
generated_audios/generated_H4_256C_pruned70_int8/61-70970-0008_generated.wav | RTF: 0.2643(0.568s / 2.150s) | Generator RTF: 0.2629(0.565s / 2.150s)
generated_audios/generated_H4_256C_pruned70_int8/61-70970-0009_generated.wav | RTF: 0.2574(0.876s / 3.405s) | Generator RTF: 0.2564(0.873s / 3.405s)
generated_audios/generated_H4_256C_pruned70_int8/61-70970-0010_generated.wav | RTF: 0.0384(0.117s / 3.045s) | Generator RTF: 0.0373(0.114s / 3.045s)
generated_audios/generated_H4_256C_pruned70_int8/61-70970-0011_generated.wav | RTF: 0.0320(0.195s / 6.075s) | Generator RTF: 0.0314(0.191s / 6.075s)
generated_audios/generated_H4_256C_pruned70_int8/61-70970-0012_generated.wav | RTF: 0.0379(0.119s / 3.135s) | Generator RTF: 0.0368(0.115s / 3.135s)
generated_audios/generated_H4_256C_pruned70_int8/61-70970-0013_generated.wav | RTF: 0.2590(1.127s / 4.350s) | Generator RTF: 0.2582(1.123s / 4.350s)
generated_audios/generated_H4_256C_pruned70_int8/61-70970-0014_generated.wav | RTF: 0.0318(0.108s / 3.405s) | Generator RTF: 0.0308(0.105s / 3.405s)
generated_audios/generated_H4_256C_pruned70_int8/61-70970-0015_generated.wav | RTF: 0.2600(2.188s / 8.415s) | Generator RTF: 0.2596(2.184s / 8.415s)
generated_audios/generated_H4_256C_pruned70_int8/61-70970-0016_generated.wav | RTF: 0.2573(1.125s / 4.370s) | Generator RTF: 0.2565(1.121s / 4.370s)
generated_audios/generated_H4_256C_pruned70_int8/61-70970-0017_generated.wav | RTF: 0.0410(0.105s / 2.550s) | Generator RTF: 0.0398(0.101s / 2.550s)
generated_audios/generated_H4_256C_pruned70_int8/61-70970-0018_generated.wav | RTF: 0.2516(1.158s / 4.600s) | Generator RTF: 0.2509(1.154s / 4.600s)
generated_audios/generated_H4_256C_pruned70_int8/61-70970-0019_generated.wav | RTF: 0.2547(0.963s / 3.780s) | Generator RTF: 0.2538(0.959s / 3.780s)
generated_audios/generated_H4_256C_pruned70_int8/61-70970-0020_generated.wav | RTF: 0.0375(0.189s / 5.025s) | Generator RTF: 0.0368(0.185s / 5.025s)
generated_audios/generated_H4_256C_pruned70_int8/61-70970-0021_generated.wav | RTF: 0.2512(1.358s / 5.405s) | Generator RTF: 0.2505(1.354s / 5.405s)
generated_audios/generated_H4_256C_pruned70_int8/61-70970-0022_generated.wav | RTF: 0.0365(0.145s / 3.970s) | Generator RTF: 0.0356(0.141s / 3.970s)
generated_audios/generated_H4_256C_pruned70_int8/61-70970-0023_generated.wav | RTF: 0.0373(0.138s / 3.705s) | Generator RTF: 0.0364(0.135s / 3.705s)
generated_audios/generated_H4_256C_pruned70_int8/61-70970-0024_generated.wav | RTF: 0.2564(1.855s / 7.235s) | Generator RTF: 0.2559(1.851s / 7.235s)
generated_audios/generated_H4_256C_pruned70_int8/61-70970-0025_generated.wav | RTF: 0.2603(1.936s / 7.435s) | Generator RTF: 0.2598(1.932s / 7.435s)
generated_audios/generated_H4_256C_pruned70_int8/61-70970-0026_generated.wav | RTF: 0.0375(0.205s / 5.475s) | Generator RTF: 0.0368(0.202s / 5.475s)
generated_audios/generated_H4_256C_pruned70_int8/61-70970-0027_generated.wav | RTF: 0.0374(0.190s / 5.080s) | Generator RTF: 0.0367(0.187s / 5.080s)
generated_audios/generated_H4_256C_pruned70_int8/61-70970-0028_generated.wav | RTF: 0.0374(0.245s / 6.550s) | Generator RTF: 0.0369(0.241s / 6.550s)
generated_audios/generated_H4_256C_pruned70_int8/61-70970-0029_generated.wav | RTF: 0.0389(0.157s / 4.030s) | Generator RTF: 0.0381(0.154s / 4.030s)
generated_audios/generated_H4_256C_pruned70_int8/61-70970-0030_generated.wav | RTF: 0.0389(0.126s / 3.240s) | Generator RTF: 0.0379(0.123s / 3.240s)
generated_audios/generated_H4_256C_pruned70_int8/61-70970-0031_generated.wav | RTF: 0.2538(1.303s / 5.135s) | Generator RTF: 0.2532(1.300s / 5.135s)
generated_audios/generated_H4_256C_pruned70_int8/61-70970-0032_generated.wav | RTF: 0.0381(0.120s / 3.135s) | Generator RTF: 0.0370(0.116s / 3.135s)
generated_audios/generated_H4_256C_pruned70_int8/61-70970-0033_generated.wav | RTF: 0.2485(0.850s / 3.420s) | Generator RTF: 0.2475(0.847s / 3.420s)
generated_audios/generated_H4_256C_pruned70_int8/61-70970-0034_generated.wav | RTF: 0.0387(0.173s / 4.485s) | Generator RTF: 0.0379(0.170s / 4.485s)
generated_audios/generated_H4_256C_pruned70_int8/61-70970-0035_generated.wav | RTF: 0.0378(0.280s / 7.405s) | Generator RTF: 0.0373(0.276s / 7.405s)
generated_audios/generated_H4_256C_pruned70_int8/61-70970-0036_generated.wav | RTF: 0.0372(0.252s / 6.785s) | Generator RTF: 0.0367(0.249s / 6.785s)
generated_audios/generated_H4_256C_pruned70_int8/61-70970-0037_generated.wav | RTF: 0.2530(1.513s / 5.980s) | Generator RTF: 0.2524(1.509s / 5.980s)
generated_audios/generated_H4_256C_pruned70_int8/61-70970-0038_generated.wav | RTF: 0.2595(2.698s / 10.400s) | Generator RTF: 0.2591(2.694s / 10.400s)
generated_audios/generated_H4_256C_pruned70_int8/61-70970-0039_generated.wav | RTF: 0.0371(0.247s / 6.665s) | Generator RTF: 0.0366(0.244s / 6.665s)
generated_audios/generated_H4_256C_pruned70_int8/61-70970-0040_generated.wav | RTF: 0.0369(0.154s / 4.165s) | Generator RTF: 0.0361(0.151s / 4.165s)
generated_audios/generated_H4_256C_pruned70_int8/672-122797-0000_generated.wav | RTF: 0.2571(1.046s / 4.070s) | Generator RTF: 0.2563(1.043s / 4.070s)
generated_audios/generated_H4_256C_pruned70_int8/672-122797-0001_generated.wav | RTF: 0.2603(3.938s / 15.130s) | Generator RTF: 0.2600(3.933s / 15.130s)
generated_audios/generated_H4_256C_pruned70_int8/672-122797-0002_generated.wav | RTF: 0.2592(3.530s / 13.620s) | Generator RTF: 0.2588(3.525s / 13.620s)
generated_audios/generated_H4_256C_pruned70_int8/672-122797-0003_generated.wav | RTF: 0.2579(1.228s / 4.760s) | Generator RTF: 0.2571(1.224s / 4.760s)
generated_audios/generated_H4_256C_pruned70_int8/672-122797-0004_generated.wav | RTF: 0.2578(2.642s / 10.250s) | Generator RTF: 0.2574(2.638s / 10.250s)
generated_audios/generated_H4_256C_pruned70_int8/672-122797-0005_generated.wav | RTF: 0.2602(0.848s / 3.260s) | Generator RTF: 0.2591(0.845s / 3.260s)
generated_audios/generated_H4_256C_pruned70_int8/672-122797-0006_generated.wav | RTF: 0.2615(3.648s / 13.950s) | Generator RTF: 0.2612(3.643s / 13.950s)
generated_audios/generated_H4_256C_pruned70_int8/672-122797-0007_generated.wav | RTF: 0.2518(1.616s / 6.420s) | Generator RTF: 0.2512(1.613s / 6.420s)
generated_audios/generated_H4_256C_pruned70_int8/672-122797-0008_generated.wav | RTF: 0.2660(8.195s / 30.810s) | Generator RTF: 0.2658(8.189s / 30.810s)
generated_audios/generated_H4_256C_pruned70_int8/672-122797-0009_generated.wav | RTF: 0.0399(0.110s / 2.765s) | Generator RTF: 0.0386(0.107s / 2.765s)
generated_audios/generated_H4_256C_pruned70_int8/672-122797-0010_generated.wav | RTF: 0.0383(0.146s / 3.815s) | Generator RTF: 0.0374(0.142s / 3.815s)
generated_audios/generated_H4_256C_pruned70_int8/672-122797-0011_generated.wav | RTF: 0.2612(0.663s / 2.540s) | Generator RTF: 0.2599(0.660s / 2.540s)
generated_audios/generated_H4_256C_pruned70_int8/672-122797-0012_generated.wav | RTF: 0.2599(2.018s / 7.765s) | Generator RTF: 0.2594(2.014s / 7.765s)
generated_audios/generated_H4_256C_pruned70_int8/672-122797-0013_generated.wav | RTF: 0.2561(2.229s / 8.705s) | Generator RTF: 0.2556(2.225s / 8.705s)
generated_audios/generated_H4_256C_pruned70_int8/672-122797-0014_generated.wav | RTF: 0.0403(0.103s / 2.555s) | Generator RTF: 0.0390(0.100s / 2.555s)
generated_audios/generated_H4_256C_pruned70_int8/672-122797-0015_generated.wav | RTF: 0.0380(0.170s / 4.455s) | Generator RTF: 0.0373(0.166s / 4.455s)
generated_audios/generated_H4_256C_pruned70_int8/672-122797-0016_generated.wav | RTF: 0.2572(2.370s / 9.215s) | Generator RTF: 0.2568(2.366s / 9.215s)
generated_audios/generated_H4_256C_pruned70_int8/672-122797-0017_generated.wav | RTF: 0.2563(1.236s / 4.820s) | Generator RTF: 0.2556(1.232s / 4.820s)
generated_audios/generated_H4_256C_pruned70_int8/672-122797-0018_generated.wav | RTF: 0.2547(1.255s / 4.930s) | Generator RTF: 0.2540(1.252s / 4.930s)
generated_audios/generated_H4_256C_pruned70_int8/672-122797-0019_generated.wav | RTF: 0.2510(1.032s / 4.110s) | Generator RTF: 0.2501(1.028s / 4.110s)
generated_audios/generated_H4_256C_pruned70_int8/672-122797-0020_generated.wav | RTF: 0.2589(2.285s / 8.825s) | Generator RTF: 0.2585(2.281s / 8.825s)
generated_audios/generated_H4_256C_pruned70_int8/672-122797-0021_generated.wav | RTF: 0.0383(0.159s / 4.150s) | Generator RTF: 0.0375(0.155s / 4.150s)
generated_audios/generated_H4_256C_pruned70_int8/672-122797-0022_generated.wav | RTF: 0.2651(5.039s / 19.005s) | Generator RTF: 0.2649(5.034s / 19.005s)
generated_audios/generated_H4_256C_pruned70_int8/672-122797-0023_generated.wav | RTF: 0.2596(2.517s / 9.695s) | Generator RTF: 0.2592(2.513s / 9.695s)
generated_audios/generated_H4_256C_pruned70_int8/672-122797-0024_generated.wav | RTF: 0.2549(1.053s / 4.130s) | Generator RTF: 0.2540(1.049s / 4.130s)
generated_audios/generated_H4_256C_pruned70_int8/672-122797-0025_generated.wav | RTF: 0.2617(2.798s / 10.690s) | Generator RTF: 0.2614(2.794s / 10.690s)
generated_audios/generated_H4_256C_pruned70_int8/672-122797-0026_generated.wav | RTF: 0.2644(3.690s / 13.960s) | Generator RTF: 0.2640(3.686s / 13.960s)
generated_audios/generated_H4_256C_pruned70_int8/672-122797-0027_generated.wav | RTF: 0.0372(0.178s / 4.790s) | Generator RTF: 0.0365(0.175s / 4.790s)
generated_audios/generated_H4_256C_pruned70_int8/672-122797-0028_generated.wav | RTF: 0.0411(0.107s / 2.610s) | Generator RTF: 0.0398(0.104s / 2.610s)
generated_audios/generated_H4_256C_pruned70_int8/672-122797-0029_generated.wav | RTF: 0.0387(0.118s / 3.050s) | Generator RTF: 0.0376(0.115s / 3.050s)
generated_audios/generated_H4_256C_pruned70_int8/672-122797-0030_generated.wav | RTF: 0.2519(1.153s / 4.575s) | Generator RTF: 0.2512(1.149s / 4.575s)
generated_audios/generated_H4_256C_pruned70_int8/672-122797-0031_generated.wav | RTF: 0.0376(0.149s / 3.980s) | Generator RTF: 0.0368(0.146s / 3.980s)
generated_audios/generated_H4_256C_pruned70_int8/672-122797-0032_generated.wav | RTF: 0.0369(0.148s / 4.000s) | Generator RTF: 0.0361(0.144s / 4.000s)
generated_audios/generated_H4_256C_pruned70_int8/672-122797-0033_generated.wav | RTF: 0.2548(0.327s / 1.285s) | Generator RTF: 0.2525(0.324s / 1.285s)
generated_audios/generated_H4_256C_pruned70_int8/672-122797-0034_generated.wav | RTF: 0.0370(0.189s / 5.110s) | Generator RTF: 0.0364(0.186s / 5.110s)
generated_audios/generated_H4_256C_pruned70_int8/672-122797-0035_generated.wav | RTF: 0.0389(0.113s / 2.900s) | Generator RTF: 0.0378(0.110s / 2.900s)
generated_audios/generated_H4_256C_pruned70_int8/672-122797-0036_generated.wav | RTF: 0.0378(0.203s / 5.365s) | Generator RTF: 0.0371(0.199s / 5.365s)
generated_audios/generated_H4_256C_pruned70_int8/672-122797-0037_generated.wav | RTF: 0.2454(0.481s / 1.960s) | Generator RTF: 0.2439(0.478s / 1.960s)
generated_audios/generated_H4_256C_pruned70_int8/672-122797-0038_generated.wav | RTF: 0.2544(2.239s / 8.800s) | Generator RTF: 0.2540(2.235s / 8.800s)
generated_audios/generated_H4_256C_pruned70_int8/672-122797-0039_generated.wav | RTF: 0.2560(1.031s / 4.025s) | Generator RTF: 0.2552(1.027s / 4.025s)
generated_audios/generated_H4_256C_pruned70_int8/672-122797-0040_generated.wav | RTF: 0.0371(0.190s / 5.125s) | Generator RTF: 0.0364(0.187s / 5.125s)
generated_audios/generated_H4_256C_pruned70_int8/672-122797-0041_generated.wav | RTF: 0.0381(0.148s / 3.880s) | Generator RTF: 0.0372(0.144s / 3.880s)
generated_audios/generated_H4_256C_pruned70_int8/672-122797-0042_generated.wav | RTF: 0.2621(4.012s / 15.310s) | Generator RTF: 0.2618(4.008s / 15.310s)
generated_audios/generated_H4_256C_pruned70_int8/672-122797-0043_generated.wav | RTF: 0.0381(0.144s / 3.780s) | Generator RTF: 0.0373(0.141s / 3.780s)
generated_audios/generated_H4_256C_pruned70_int8/672-122797-0044_generated.wav | RTF: 0.0374(0.140s / 3.740s) | Generator RTF: 0.0365(0.137s / 3.740s)
generated_audios/generated_H4_256C_pruned70_int8/672-122797-0045_generated.wav | RTF: 0.0415(0.580s / 13.960s) | Generator RTF: 0.0412(0.576s / 13.960s)
generated_audios/generated_H4_256C_pruned70_int8/672-122797-0046_generated.wav | RTF: 0.2533(1.194s / 4.715s) | Generator RTF: 0.2525(1.191s / 4.715s)
generated_audios/generated_H4_256C_pruned70_int8/672-122797-0047_generated.wav | RTF: 0.2526(0.840s / 3.325s) | Generator RTF: 0.2516(0.837s / 3.325s)
generated_audios/generated_H4_256C_pruned70_int8/672-122797-0048_generated.wav | RTF: 0.0399(0.262s / 6.555s) | Generator RTF: 0.0394(0.259s / 6.555s)
generated_audios/generated_H4_256C_pruned70_int8/672-122797-0049_generated.wav | RTF: 0.0431(0.087s / 2.020s) | Generator RTF: 0.0416(0.084s / 2.020s)
generated_audios/generated_H4_256C_pruned70_int8/672-122797-0050_generated.wav | RTF: 0.2581(1.253s / 4.855s) | Generator RTF: 0.2574(1.250s / 4.855s)
generated_audios/generated_H4_256C_pruned70_int8/672-122797-0051_generated.wav | RTF: 0.2572(1.200s / 4.665s) | Generator RTF: 0.2564(1.196s / 4.665s)
generated_audios/generated_H4_256C_pruned70_int8/672-122797-0052_generated.wav | RTF: 0.2523(1.081s / 4.285s) | Generator RTF: 0.2515(1.078s / 4.285s)
generated_audios/generated_H4_256C_pruned70_int8/672-122797-0053_generated.wav | RTF: 0.0386(0.114s / 2.955s) | Generator RTF: 0.0376(0.111s / 2.955s)
generated_audios/generated_H4_256C_pruned70_int8/672-122797-0054_generated.wav | RTF: 0.0376(0.160s / 4.250s) | Generator RTF: 0.0368(0.157s / 4.250s)
generated_audios/generated_H4_256C_pruned70_int8/672-122797-0055_generated.wav | RTF: 0.2560(2.107s / 8.230s) | Generator RTF: 0.2556(2.103s / 8.230s)
generated_audios/generated_H4_256C_pruned70_int8/672-122797-0056_generated.wav | RTF: 0.0376(0.196s / 5.225s) | Generator RTF: 0.0369(0.193s / 5.225s)
generated_audios/generated_H4_256C_pruned70_int8/672-122797-0057_generated.wav | RTF: 0.0378(0.248s / 6.560s) | Generator RTF: 0.0372(0.244s / 6.560s)
generated_audios/generated_H4_256C_pruned70_int8/672-122797-0058_generated.wav | RTF: 0.2577(1.152s / 4.470s) | Generator RTF: 0.2570(1.149s / 4.470s)
generated_audios/generated_H4_256C_pruned70_int8/672-122797-0059_generated.wav | RTF: 0.2515(0.885s / 3.520s) | Generator RTF: 0.2506(0.882s / 3.520s)
generated_audios/generated_H4_256C_pruned70_int8/672-122797-0060_generated.wav | RTF: 0.0389(0.130s / 3.350s) | Generator RTF: 0.0381(0.128s / 3.350s)
generated_audios/generated_H4_256C_pruned70_int8/672-122797-0061_generated.wav | RTF: 0.2535(1.924s / 7.590s) | Generator RTF: 0.2531(1.921s / 7.590s)
generated_audios/generated_H4_256C_pruned70_int8/672-122797-0062_generated.wav | RTF: 0.2576(0.689s / 2.675s) | Generator RTF: 0.2564(0.686s / 2.675s)
generated_audios/generated_H4_256C_pruned70_int8/672-122797-0063_generated.wav | RTF: 0.0371(0.188s / 5.075s) | Generator RTF: 0.0365(0.185s / 5.075s)
generated_audios/generated_H4_256C_pruned70_int8/672-122797-0064_generated.wav | RTF: 0.2630(4.016s / 15.270s) | Generator RTF: 0.2627(4.012s / 15.270s)
generated_audios/generated_H4_256C_pruned70_int8/672-122797-0065_generated.wav | RTF: 0.0387(0.117s / 3.030s) | Generator RTF: 0.0377(0.114s / 3.030s)
generated_audios/generated_H4_256C_pruned70_int8/672-122797-0066_generated.wav | RTF: 0.0388(0.187s / 4.815s) | Generator RTF: 0.0381(0.183s / 4.815s)
generated_audios/generated_H4_256C_pruned70_int8/672-122797-0067_generated.wav | RTF: 0.2586(3.371s / 13.035s) | Generator RTF: 0.2583(3.367s / 13.035s)
generated_audios/generated_H4_256C_pruned70_int8/672-122797-0068_generated.wav | RTF: 0.0365(0.147s / 4.020s) | Generator RTF: 0.0357(0.144s / 4.020s)
generated_audios/generated_H4_256C_pruned70_int8/672-122797-0069_generated.wav | RTF: 0.2573(1.289s / 5.010s) | Generator RTF: 0.2567(1.286s / 5.010s)
generated_audios/generated_H4_256C_pruned70_int8/672-122797-0070_generated.wav | RTF: 0.2538(1.591s / 6.270s) | Generator RTF: 0.2532(1.588s / 6.270s)
generated_audios/generated_H4_256C_pruned70_int8/672-122797-0071_generated.wav | RTF: 0.2600(2.308s / 8.875s) | Generator RTF: 0.2596(2.304s / 8.875s)
generated_audios/generated_H4_256C_pruned70_int8/672-122797-0072_generated.wav | RTF: 0.2566(2.037s / 7.940s) | Generator RTF: 0.2562(2.034s / 7.940s)
generated_audios/generated_H4_256C_pruned70_int8/672-122797-0073_generated.wav | RTF: 0.2586(2.122s / 8.205s) | Generator RTF: 0.2581(2.118s / 8.205s)
generated_audios/generated_H4_256C_pruned70_int8/672-122797-0074_generated.wav | RTF: 0.2569(2.242s / 8.730s) | Generator RTF: 0.2564(2.239s / 8.730s)
generated_audios/generated_H4_256C_pruned70_int8/908-157963-0000_generated.wav | RTF: 0.2591(3.270s / 12.620s) | Generator RTF: 0.2588(3.266s / 12.620s)
generated_audios/generated_H4_256C_pruned70_int8/908-157963-0001_generated.wav | RTF: 0.2548(0.735s / 2.885s) | Generator RTF: 0.2536(0.732s / 2.885s)
generated_audios/generated_H4_256C_pruned70_int8/908-157963-0002_generated.wav | RTF: 0.2460(0.678s / 2.755s) | Generator RTF: 0.2449(0.675s / 2.755s)
generated_audios/generated_H4_256C_pruned70_int8/908-157963-0003_generated.wav | RTF: 0.2550(0.785s / 3.080s) | Generator RTF: 0.2541(0.782s / 3.080s)
generated_audios/generated_H4_256C_pruned70_int8/908-157963-0004_generated.wav | RTF: 0.2664(3.727s / 13.990s) | Generator RTF: 0.2661(3.722s / 13.990s)
generated_audios/generated_H4_256C_pruned70_int8/908-157963-0005_generated.wav | RTF: 0.2555(1.797s / 7.035s) | Generator RTF: 0.2550(1.794s / 7.035s)
generated_audios/generated_H4_256C_pruned70_int8/908-157963-0006_generated.wav | RTF: 0.2597(2.106s / 8.110s) | Generator RTF: 0.2593(2.103s / 8.110s)
generated_audios/generated_H4_256C_pruned70_int8/908-157963-0007_generated.wav | RTF: 0.2653(8.693s / 32.770s) | Generator RTF: 0.2650(8.685s / 32.770s)
generated_audios/generated_H4_256C_pruned70_int8/908-157963-0008_generated.wav | RTF: 0.2634(5.254s / 19.950s) | Generator RTF: 0.2631(5.249s / 19.950s)
generated_audios/generated_H4_256C_pruned70_int8/908-157963-0009_generated.wav | RTF: 0.2565(1.041s / 4.060s) | Generator RTF: 0.2557(1.038s / 4.060s)
generated_audios/generated_H4_256C_pruned70_int8/908-157963-0010_generated.wav | RTF: 0.0325(0.204s / 6.280s) | Generator RTF: 0.0320(0.201s / 6.280s)
generated_audios/generated_H4_256C_pruned70_int8/908-157963-0011_generated.wav | RTF: 0.0387(0.403s / 10.395s) | Generator RTF: 0.0383(0.398s / 10.395s)
generated_audios/generated_H4_256C_pruned70_int8/908-157963-0012_generated.wav | RTF: 0.2596(2.620s / 10.090s) | Generator RTF: 0.2593(2.616s / 10.090s)
generated_audios/generated_H4_256C_pruned70_int8/908-157963-0013_generated.wav | RTF: 0.0369(0.159s / 4.315s) | Generator RTF: 0.0361(0.156s / 4.315s)
generated_audios/generated_H4_256C_pruned70_int8/908-157963-0014_generated.wav | RTF: 0.0367(0.166s / 4.520s) | Generator RTF: 0.0359(0.162s / 4.520s)
generated_audios/generated_H4_256C_pruned70_int8/908-157963-0015_generated.wav | RTF: 0.2615(3.782s / 14.465s) | Generator RTF: 0.2612(3.778s / 14.465s)
generated_audios/generated_H4_256C_pruned70_int8/908-157963-0016_generated.wav | RTF: 0.0366(0.187s / 5.105s) | Generator RTF: 0.0359(0.183s / 5.105s)
generated_audios/generated_H4_256C_pruned70_int8/908-157963-0017_generated.wav | RTF: 0.2488(1.231s / 4.950s) | Generator RTF: 0.2480(1.228s / 4.950s)
generated_audios/generated_H4_256C_pruned70_int8/908-157963-0018_generated.wav | RTF: 0.0369(0.157s / 4.255s) | Generator RTF: 0.0361(0.154s / 4.255s)
generated_audios/generated_H4_256C_pruned70_int8/908-157963-0019_generated.wav | RTF: 0.2644(5.670s / 21.440s) | Generator RTF: 0.2642(5.664s / 21.440s)
generated_audios/generated_H4_256C_pruned70_int8/908-157963-0020_generated.wav | RTF: 0.2579(2.528s / 9.800s) | Generator RTF: 0.2575(2.523s / 9.800s)
generated_audios/generated_H4_256C_pruned70_int8/908-157963-0021_generated.wav | RTF: 0.0402(0.412s / 10.240s) | Generator RTF: 0.0398(0.408s / 10.240s)
generated_audios/generated_H4_256C_pruned70_int8/908-157963-0022_generated.wav | RTF: 0.2587(1.193s / 4.610s) | Generator RTF: 0.2579(1.189s / 4.610s)
generated_audios/generated_H4_256C_pruned70_int8/908-157963-0023_generated.wav | RTF: 0.2581(2.484s / 9.625s) | Generator RTF: 0.2577(2.480s / 9.625s)
generated_audios/generated_H4_256C_pruned70_int8/908-157963-0024_generated.wav | RTF: 0.2551(0.878s / 3.440s) | Generator RTF: 0.2541(0.874s / 3.440s)
generated_audios/generated_H4_256C_pruned70_int8/908-157963-0025_generated.wav | RTF: 0.2578(2.388s / 9.265s) | Generator RTF: 0.2574(2.384s / 9.265s)
generated_audios/generated_H4_256C_pruned70_int8/908-157963-0026_generated.wav | RTF: 0.2598(2.104s / 8.100s) | Generator RTF: 0.2593(2.100s / 8.100s)
generated_audios/generated_H4_256C_pruned70_int8/908-157963-0027_generated.wav | RTF: 0.0383(0.200s / 5.225s) | Generator RTF: 0.0377(0.197s / 5.225s)
generated_audios/generated_H4_256C_pruned70_int8/908-157963-0028_generated.wav | RTF: 0.0336(0.166s / 4.955s) | Generator RTF: 0.0329(0.163s / 4.955s)
generated_audios/generated_H4_256C_pruned70_int8/908-157963-0029_generated.wav | RTF: 0.2491(0.904s / 3.630s) | Generator RTF: 0.2482(0.901s / 3.630s)
generated_audios/generated_H4_256C_pruned70_int8/908-157963-0030_generated.wav | RTF: 0.0319(0.144s / 4.520s) | Generator RTF: 0.0311(0.141s / 4.520s)
generated_audios/generated_H4_256C_pruned70_int8/908-31957-0000_generated.wav | RTF: 0.2485(0.528s / 2.125s) | Generator RTF: 0.2470(0.525s / 2.125s)
generated_audios/generated_H4_256C_pruned70_int8/908-31957-0001_generated.wav | RTF: 0.2610(2.953s / 11.315s) | Generator RTF: 0.2606(2.949s / 11.315s)
generated_audios/generated_H4_256C_pruned70_int8/908-31957-0002_generated.wav | RTF: 0.0385(0.185s / 4.790s) | Generator RTF: 0.0378(0.181s / 4.790s)
generated_audios/generated_H4_256C_pruned70_int8/908-31957-0003_generated.wav | RTF: 0.0386(0.254s / 6.565s) | Generator RTF: 0.0381(0.250s / 6.565s)
generated_audios/generated_H4_256C_pruned70_int8/908-31957-0004_generated.wav | RTF: 0.2625(3.873s / 14.755s) | Generator RTF: 0.2622(3.868s / 14.755s)
generated_audios/generated_H4_256C_pruned70_int8/908-31957-0005_generated.wav | RTF: 0.0376(0.169s / 4.490s) | Generator RTF: 0.0369(0.166s / 4.490s)
generated_audios/generated_H4_256C_pruned70_int8/908-31957-0006_generated.wav | RTF: 0.2734(1.611s / 5.890s) | Generator RTF: 0.2728(1.607s / 5.890s)
generated_audios/generated_H4_256C_pruned70_int8/908-31957-0007_generated.wav | RTF: 0.0365(0.212s / 5.800s) | Generator RTF: 0.0360(0.209s / 5.800s)
generated_audios/generated_H4_256C_pruned70_int8/908-31957-0008_generated.wav | RTF: 0.2561(2.562s / 10.005s) | Generator RTF: 0.2557(2.558s / 10.005s)
generated_audios/generated_H4_256C_pruned70_int8/908-31957-0009_generated.wav | RTF: 0.2537(1.955s / 7.705s) | Generator RTF: 0.2533(1.951s / 7.705s)
generated_audios/generated_H4_256C_pruned70_int8/908-31957-0010_generated.wav | RTF: 0.2473(0.621s / 2.510s) | Generator RTF: 0.2460(0.618s / 2.510s)
generated_audios/generated_H4_256C_pruned70_int8/908-31957-0011_generated.wav | RTF: 0.0410(0.096s / 2.335s) | Generator RTF: 0.0397(0.093s / 2.335s)
generated_audios/generated_H4_256C_pruned70_int8/908-31957-0012_generated.wav | RTF: 0.2556(1.947s / 7.615s) | Generator RTF: 0.2551(1.943s / 7.615s)
generated_audios/generated_H4_256C_pruned70_int8/908-31957-0013_generated.wav | RTF: 0.2570(1.588s / 6.180s) | Generator RTF: 0.2564(1.585s / 6.180s)
generated_audios/generated_H4_256C_pruned70_int8/908-31957-0014_generated.wav | RTF: 0.2558(1.934s / 7.560s) | Generator RTF: 0.2553(1.930s / 7.560s)
generated_audios/generated_H4_256C_pruned70_int8/908-31957-0015_generated.wav | RTF: 0.2643(5.673s / 21.465s) | Generator RTF: 0.2640(5.667s / 21.465s)
generated_audios/generated_H4_256C_pruned70_int8/908-31957-0016_generated.wav | RTF: 0.2537(1.644s / 6.480s) | Generator RTF: 0.2531(1.640s / 6.480s)
generated_audios/generated_H4_256C_pruned70_int8/908-31957-0017_generated.wav | RTF: 0.2586(2.016s / 7.795s) | Generator RTF: 0.2581(2.012s / 7.795s)
generated_audios/generated_H4_256C_pruned70_int8/908-31957-0018_generated.wav | RTF: 0.2566(1.005s / 3.915s) | Generator RTF: 0.2557(1.001s / 3.915s)
generated_audios/generated_H4_256C_pruned70_int8/908-31957-0019_generated.wav | RTF: 0.2598(2.479s / 9.540s) | Generator RTF: 0.2594(2.475s / 9.540s)
generated_audios/generated_H4_256C_pruned70_int8/908-31957-0020_generated.wav | RTF: 0.0328(0.193s / 5.895s) | Generator RTF: 0.0322(0.190s / 5.895s)
generated_audios/generated_H4_256C_pruned70_int8/908-31957-0021_generated.wav | RTF: 0.2581(2.814s / 10.905s) | Generator RTF: 0.2577(2.810s / 10.905s)
generated_audios/generated_H4_256C_pruned70_int8/908-31957-0022_generated.wav | RTF: 0.2622(3.697s / 14.100s) | Generator RTF: 0.2618(3.692s / 14.100s)
generated_audios/generated_H4_256C_pruned70_int8/908-31957-0023_generated.wav | RTF: 0.2556(2.176s / 8.515s) | Generator RTF: 0.2551(2.173s / 8.515s)
generated_audios/generated_H4_256C_pruned70_int8/908-31957-0024_generated.wav | RTF: 0.2582(1.947s / 7.540s) | Generator RTF: 0.2577(1.943s / 7.540s)
generated_audios/generated_H4_256C_pruned70_int8/908-31957-0025_generated.wav | RTF: 0.2782(5.719s / 20.560s) | Generator RTF: 0.2779(5.714s / 20.560s)
Average RTF: 0.1882(594.651s / 3159.849s)
Average Generator RTF: 0.1876(592.846s / 3159.849s)
Evaluation summary:
  Mel-spectrogram L1: 0.415815
  PESQ: 2.014563
  STOI: 0.913924
Saved per-audio metrics CSV: per_audio_results.csv

Appended metrics to CSV: experiments_results.csv
Appended to experiments_results.csv:
H4_256C_pruned70_int8_Physical_pruning_resblocks_range_3_8,1629001,5.792,0.1882,0.1876,2.0145633006095887,0.9139239456852333,0.41581520599126814
========== Done ==========
=== JOB_STATISTICS ===
=== current date     : Sun Jul  5 02:09:21 AM CEST 2026
= Job-ID             : 1428643 on tinyfat
= Job-Name           : inference_256ch_h1-4
= Job-Command        : /home/hpc/vlbi/vlbi107v/hifi-gan/inference_Test.sh
= Initial workdir    : /home/hpc/vlbi/vlbi107v/hifi-gan
= Queue/Partition    : work
= Slurm account      : vlbi with QOS=normal
= Requested resources:  for 1-00:00:00
= Elapsed runtime    : 01:21:54
= Total RAM usage    : 13.7 GiB of requested  GiB (%)   
= Node list          : tf077
= Subm/Elig/Start/End: 2026-07-05T00:47:23 / 2026-07-05T00:47:23 / 2026-07-05T00:47:26 / 2026-07-05T02:09:20
======================
=== Quota infos ======
    Path                 Used     SoftQ    HardQ    Gracetime  Filec    FileQ    FiHaQ    FileGrace    
    /home/hpc              89.9G   104.9G   209.7G        N/A      82K     500K   1,000K        N/A    
    /home/woody           260.1G  1000.0G  1500.0G        N/A     118K   5,000K   7,500K        N/A    
======================
