### Starting TaskPrologue of job 1428665 on tf093 at Sun Jul  5 01:39:36 PM CEST 2026
Running on cores 16-23,80-87 with governor ondemand
No GPU known
### Finished TaskPrologue

==========(sbatch.tinyfat) Inference: 128 Channels (g_07960000) ==========
========== H1: baseline (no compression) ==========
Initializing Inference Process..
Using device: cpu (baseline and quantized inference both run on CPU)
Loading '/home/hpc/vlbi/vlbi107v/hifi-gan/cp_hifigan/v1_c128/g_07960000'
Complete.
Checkpoint contains weight_norm parameters. Keeping weight_norm wrappers for loading...
Loaded checkpoint: /home/hpc/vlbi/vlbi107v/hifi-gan/cp_hifigan/v1_c128/g_07960000 (3.617 MB)
Generator parameters: 928,514
generated_audios/generated_H1_128C/1089-134686-0000_generated.wav | RTF: 0.3009(3.140s / 10.435s) | Generator RTF: 0.3001(3.132s / 10.435s)
generated_audios/generated_H1_128C/1089-134686-0001_generated.wav | RTF: 0.2479(0.812s / 3.275s) | Generator RTF: 0.2468(0.808s / 3.275s)
generated_audios/generated_H1_128C/1089-134686-0002_generated.wav | RTF: 0.2778(1.840s / 6.625s) | Generator RTF: 0.2773(1.837s / 6.625s)
generated_audios/generated_H1_128C/1089-134686-0003_generated.wav | RTF: 0.2596(0.696s / 2.680s) | Generator RTF: 0.2582(0.692s / 2.680s)
generated_audios/generated_H1_128C/1089-134686-0004_generated.wav | RTF: 0.2678(1.397s / 5.215s) | Generator RTF: 0.2671(1.393s / 5.215s)
generated_audios/generated_H1_128C/1089-134686-0005_generated.wav | RTF: 0.2689(2.591s / 9.635s) | Generator RTF: 0.2685(2.587s / 9.635s)
generated_audios/generated_H1_128C/1089-134686-0006_generated.wav | RTF: 0.2735(2.887s / 10.555s) | Generator RTF: 0.2730(2.882s / 10.555s)
generated_audios/generated_H1_128C/1089-134686-0007_generated.wav | RTF: 0.2611(1.116s / 4.275s) | Generator RTF: 0.2602(1.113s / 4.275s)
generated_audios/generated_H1_128C/1089-134686-0008_generated.wav | RTF: 0.2516(1.693s / 6.730s) | Generator RTF: 0.2510(1.689s / 6.730s)
generated_audios/generated_H1_128C/1089-134686-0009_generated.wav | RTF: 0.2932(3.101s / 10.575s) | Generator RTF: 0.2928(3.097s / 10.575s)
generated_audios/generated_H1_128C/1089-134686-0010_generated.wav | RTF: 0.2654(1.169s / 4.405s) | Generator RTF: 0.2646(1.166s / 4.405s)
generated_audios/generated_H1_128C/1089-134686-0011_generated.wav | RTF: 0.2747(3.418s / 12.445s) | Generator RTF: 0.2743(3.414s / 12.445s)
generated_audios/generated_H1_128C/1089-134686-0012_generated.wav | RTF: 0.2794(3.252s / 11.640s) | Generator RTF: 0.2790(3.248s / 11.640s)
generated_audios/generated_H1_128C/1089-134686-0013_generated.wav | RTF: 0.2466(1.952s / 7.915s) | Generator RTF: 0.2461(1.948s / 7.915s)
generated_audios/generated_H1_128C/1089-134686-0014_generated.wav | RTF: 0.2584(0.575s / 2.225s) | Generator RTF: 0.2569(0.572s / 2.225s)
generated_audios/generated_H1_128C/1089-134686-0015_generated.wav | RTF: 0.2638(1.534s / 5.815s) | Generator RTF: 0.2632(1.531s / 5.815s)
generated_audios/generated_H1_128C/1089-134686-0016_generated.wav | RTF: 0.2616(0.926s / 3.540s) | Generator RTF: 0.2607(0.923s / 3.540s)
generated_audios/generated_H1_128C/1089-134686-0017_generated.wav | RTF: 0.2673(2.371s / 8.870s) | Generator RTF: 0.2669(2.368s / 8.870s)
generated_audios/generated_H1_128C/1089-134686-0018_generated.wav | RTF: 0.2899(4.557s / 15.720s) | Generator RTF: 0.2895(4.552s / 15.720s)
generated_audios/generated_H1_128C/1089-134686-0019_generated.wav | RTF: 0.2910(4.043s / 13.895s) | Generator RTF: 0.2907(4.039s / 13.895s)
generated_audios/generated_H1_128C/1089-134686-0020_generated.wav | RTF: 0.2745(4.609s / 16.790s) | Generator RTF: 0.2742(4.604s / 16.790s)
generated_audios/generated_H1_128C/1089-134686-0021_generated.wav | RTF: 0.2525(1.654s / 6.550s) | Generator RTF: 0.2520(1.650s / 6.550s)
generated_audios/generated_H1_128C/1089-134686-0022_generated.wav | RTF: 0.2688(3.004s / 11.175s) | Generator RTF: 0.2684(3.000s / 11.175s)
generated_audios/generated_H1_128C/1089-134686-0023_generated.wav | RTF: 0.2750(3.651s / 13.275s) | Generator RTF: 0.2747(3.647s / 13.275s)
generated_audios/generated_H1_128C/1089-134686-0024_generated.wav | RTF: 0.2923(3.407s / 11.655s) | Generator RTF: 0.2920(3.403s / 11.655s)
generated_audios/generated_H1_128C/1089-134686-0025_generated.wav | RTF: 0.2672(1.766s / 6.610s) | Generator RTF: 0.2666(1.762s / 6.610s)
generated_audios/generated_H1_128C/1089-134686-0026_generated.wav | RTF: 0.2488(0.998s / 4.010s) | Generator RTF: 0.2479(0.994s / 4.010s)
generated_audios/generated_H1_128C/1089-134686-0027_generated.wav | RTF: 0.2624(0.711s / 2.710s) | Generator RTF: 0.2613(0.708s / 2.710s)
generated_audios/generated_H1_128C/1089-134686-0028_generated.wav | RTF: 0.2650(2.075s / 7.830s) | Generator RTF: 0.2645(2.071s / 7.830s)
generated_audios/generated_H1_128C/1089-134686-0029_generated.wav | RTF: 0.2531(1.182s / 4.670s) | Generator RTF: 0.2524(1.179s / 4.670s)
generated_audios/generated_H1_128C/1089-134686-0030_generated.wav | RTF: 0.0336(0.091s / 2.715s) | Generator RTF: 0.0324(0.088s / 2.715s)
generated_audios/generated_H1_128C/1089-134686-0031_generated.wav | RTF: 0.0302(0.200s / 6.615s) | Generator RTF: 0.0298(0.197s / 6.615s)
generated_audios/generated_H1_128C/121-121726-0000_generated.wav | RTF: 0.2692(2.277s / 8.460s) | Generator RTF: 0.2687(2.273s / 8.460s)
generated_audios/generated_H1_128C/121-121726-0001_generated.wav | RTF: 0.2558(1.516s / 5.925s) | Generator RTF: 0.2552(1.512s / 5.925s)
generated_audios/generated_H1_128C/121-121726-0002_generated.wav | RTF: 0.0340(0.150s / 4.410s) | Generator RTF: 0.0333(0.147s / 4.410s)
generated_audios/generated_H1_128C/121-121726-0003_generated.wav | RTF: 0.2644(1.786s / 6.755s) | Generator RTF: 0.2638(1.782s / 6.755s)
generated_audios/generated_H1_128C/121-121726-0004_generated.wav | RTF: 0.2632(1.058s / 4.020s) | Generator RTF: 0.2623(1.054s / 4.020s)
generated_audios/generated_H1_128C/121-121726-0005_generated.wav | RTF: 0.2622(0.813s / 3.100s) | Generator RTF: 0.2611(0.809s / 3.100s)
generated_audios/generated_H1_128C/121-121726-0006_generated.wav | RTF: 0.2618(1.020s / 3.895s) | Generator RTF: 0.2609(1.016s / 3.895s)
generated_audios/generated_H1_128C/121-121726-0007_generated.wav | RTF: 0.0388(0.261s / 6.730s) | Generator RTF: 0.0383(0.258s / 6.730s)
generated_audios/generated_H1_128C/121-121726-0008_generated.wav | RTF: 0.2500(1.247s / 4.990s) | Generator RTF: 0.2492(1.244s / 4.990s)
generated_audios/generated_H1_128C/121-121726-0009_generated.wav | RTF: 0.2640(1.917s / 7.260s) | Generator RTF: 0.2635(1.913s / 7.260s)
generated_audios/generated_H1_128C/121-121726-0010_generated.wav | RTF: 0.2679(2.628s / 9.810s) | Generator RTF: 0.2675(2.624s / 9.810s)
generated_audios/generated_H1_128C/121-121726-0011_generated.wav | RTF: 0.2699(1.089s / 4.035s) | Generator RTF: 0.2691(1.086s / 4.035s)
generated_audios/generated_H1_128C/121-121726-0012_generated.wav | RTF: 0.2513(1.017s / 4.045s) | Generator RTF: 0.2505(1.013s / 4.045s)
generated_audios/generated_H1_128C/121-121726-0013_generated.wav | RTF: 0.2615(0.651s / 2.490s) | Generator RTF: 0.2602(0.648s / 2.490s)
generated_audios/generated_H1_128C/121-121726-0014_generated.wav | RTF: 0.2660(0.842s / 3.165s) | Generator RTF: 0.2649(0.839s / 3.165s)
generated_audios/generated_H1_128C/121-123852-0000_generated.wav | RTF: 0.2804(4.961s / 17.695s) | Generator RTF: 0.2801(4.956s / 17.695s)
generated_audios/generated_H1_128C/121-123852-0001_generated.wav | RTF: 0.2529(0.473s / 1.870s) | Generator RTF: 0.2513(0.470s / 1.870s)
generated_audios/generated_H1_128C/121-123852-0002_generated.wav | RTF: 0.2785(4.814s / 17.285s) | Generator RTF: 0.2782(4.809s / 17.285s)
generated_audios/generated_H1_128C/121-123852-0003_generated.wav | RTF: 0.3208(7.540s / 23.505s) | Generator RTF: 0.3206(7.535s / 23.505s)
generated_audios/generated_H1_128C/121-123852-0004_generated.wav | RTF: 0.2896(4.717s / 16.290s) | Generator RTF: 0.2893(4.713s / 16.290s)
generated_audios/generated_H1_128C/121-123859-0000_generated.wav | RTF: 0.2784(4.842s / 17.390s) | Generator RTF: 0.2781(4.837s / 17.390s)
generated_audios/generated_H1_128C/121-123859-0001_generated.wav | RTF: 0.2848(7.232s / 25.395s) | Generator RTF: 0.2846(7.226s / 25.395s)
generated_audios/generated_H1_128C/121-123859-0002_generated.wav | RTF: 0.2968(8.916s / 30.040s) | Generator RTF: 0.2966(8.909s / 30.040s)
generated_audios/generated_H1_128C/121-123859-0003_generated.wav | RTF: 0.2711(2.934s / 10.825s) | Generator RTF: 0.2707(2.930s / 10.825s)
generated_audios/generated_H1_128C/121-123859-0004_generated.wav | RTF: 0.2668(2.536s / 9.505s) | Generator RTF: 0.2664(2.532s / 9.505s)
generated_audios/generated_H1_128C/121-127105-0000_generated.wav | RTF: 0.2715(2.681s / 9.875s) | Generator RTF: 0.2711(2.677s / 9.875s)
generated_audios/generated_H1_128C/121-127105-0001_generated.wav | RTF: 0.2529(1.271s / 5.025s) | Generator RTF: 0.2523(1.268s / 5.025s)
generated_audios/generated_H1_128C/121-127105-0002_generated.wav | RTF: 0.2517(1.887s / 7.495s) | Generator RTF: 0.2513(1.883s / 7.495s)
generated_audios/generated_H1_128C/121-127105-0003_generated.wav | RTF: 0.2675(2.066s / 7.725s) | Generator RTF: 0.2670(2.062s / 7.725s)
generated_audios/generated_H1_128C/121-127105-0004_generated.wav | RTF: 0.2639(0.557s / 2.110s) | Generator RTF: 0.2623(0.553s / 2.110s)
generated_audios/generated_H1_128C/121-127105-0005_generated.wav | RTF: 0.2557(1.488s / 5.820s) | Generator RTF: 0.2551(1.485s / 5.820s)
generated_audios/generated_H1_128C/121-127105-0006_generated.wav | RTF: 0.2684(1.268s / 4.725s) | Generator RTF: 0.2678(1.265s / 4.725s)
generated_audios/generated_H1_128C/121-127105-0007_generated.wav | RTF: 0.2567(1.486s / 5.790s) | Generator RTF: 0.2561(1.483s / 5.790s)
generated_audios/generated_H1_128C/121-127105-0008_generated.wav | RTF: 0.2636(0.727s / 2.760s) | Generator RTF: 0.2624(0.724s / 2.760s)
generated_audios/generated_H1_128C/121-127105-0009_generated.wav | RTF: 0.2684(0.615s / 2.290s) | Generator RTF: 0.2671(0.612s / 2.290s)
generated_audios/generated_H1_128C/121-127105-0010_generated.wav | RTF: 0.2651(0.756s / 2.850s) | Generator RTF: 0.2645(0.754s / 2.850s)
generated_audios/generated_H1_128C/121-127105-0011_generated.wav | RTF: 0.2657(1.535s / 5.780s) | Generator RTF: 0.2651(1.532s / 5.780s)
generated_audios/generated_H1_128C/121-127105-0012_generated.wav | RTF: 0.2673(1.291s / 4.830s) | Generator RTF: 0.2666(1.287s / 4.830s)
generated_audios/generated_H1_128C/121-127105-0013_generated.wav | RTF: 0.2570(1.515s / 5.895s) | Generator RTF: 0.2564(1.512s / 5.895s)
generated_audios/generated_H1_128C/121-127105-0014_generated.wav | RTF: 0.2545(0.574s / 2.255s) | Generator RTF: 0.2531(0.571s / 2.255s)
generated_audios/generated_H1_128C/121-127105-0015_generated.wav | RTF: 0.2659(0.787s / 2.960s) | Generator RTF: 0.2649(0.784s / 2.960s)
generated_audios/generated_H1_128C/121-127105-0016_generated.wav | RTF: 0.2577(0.523s / 2.030s) | Generator RTF: 0.2563(0.520s / 2.030s)
generated_audios/generated_H1_128C/121-127105-0017_generated.wav | RTF: 0.2975(0.802s / 2.695s) | Generator RTF: 0.2964(0.799s / 2.695s)
generated_audios/generated_H1_128C/121-127105-0018_generated.wav | RTF: 0.2680(0.742s / 2.770s) | Generator RTF: 0.2668(0.739s / 2.770s)
generated_audios/generated_H1_128C/121-127105-0019_generated.wav | RTF: 0.2577(0.908s / 3.525s) | Generator RTF: 0.2568(0.905s / 3.525s)
generated_audios/generated_H1_128C/121-127105-0020_generated.wav | RTF: 0.2841(4.078s / 14.355s) | Generator RTF: 0.2838(4.073s / 14.355s)
generated_audios/generated_H1_128C/121-127105-0021_generated.wav | RTF: 0.2542(0.508s / 2.000s) | Generator RTF: 0.2529(0.506s / 2.000s)
generated_audios/generated_H1_128C/121-127105-0022_generated.wav | RTF: 0.2654(1.347s / 5.075s) | Generator RTF: 0.2650(1.345s / 5.075s)
generated_audios/generated_H1_128C/121-127105-0023_generated.wav | RTF: 0.2587(2.823s / 10.910s) | Generator RTF: 0.2583(2.819s / 10.910s)
generated_audios/generated_H1_128C/121-127105-0024_generated.wav | RTF: 0.2974(4.297s / 14.450s) | Generator RTF: 0.2970(4.292s / 14.450s)
generated_audios/generated_H1_128C/121-127105-0025_generated.wav | RTF: 0.2801(4.500s / 16.065s) | Generator RTF: 0.2798(4.495s / 16.065s)
generated_audios/generated_H1_128C/121-127105-0026_generated.wav | RTF: 0.2576(1.940s / 7.530s) | Generator RTF: 0.2571(1.936s / 7.530s)
generated_audios/generated_H1_128C/121-127105-0027_generated.wav | RTF: 0.2870(3.981s / 13.870s) | Generator RTF: 0.2868(3.977s / 13.870s)
generated_audios/generated_H1_128C/121-127105-0028_generated.wav | RTF: 0.0344(0.232s / 6.750s) | Generator RTF: 0.0339(0.229s / 6.750s)
generated_audios/generated_H1_128C/121-127105-0029_generated.wav | RTF: 0.2678(1.957s / 7.310s) | Generator RTF: 0.2673(1.954s / 7.310s)
generated_audios/generated_H1_128C/121-127105-0030_generated.wav | RTF: 0.2626(0.571s / 2.175s) | Generator RTF: 0.2612(0.568s / 2.175s)
generated_audios/generated_H1_128C/121-127105-0031_generated.wav | RTF: 0.2565(2.761s / 10.765s) | Generator RTF: 0.2562(2.758s / 10.765s)
generated_audios/generated_H1_128C/121-127105-0032_generated.wav | RTF: 0.2540(0.805s / 3.170s) | Generator RTF: 0.2531(0.802s / 3.170s)
generated_audios/generated_H1_128C/121-127105-0033_generated.wav | RTF: 0.2629(0.619s / 2.355s) | Generator RTF: 0.2615(0.616s / 2.355s)
generated_audios/generated_H1_128C/121-127105-0034_generated.wav | RTF: 0.2714(2.011s / 7.410s) | Generator RTF: 0.2709(2.007s / 7.410s)
generated_audios/generated_H1_128C/121-127105-0035_generated.wav | RTF: 0.2818(3.987s / 14.150s) | Generator RTF: 0.2815(3.983s / 14.150s)
generated_audios/generated_H1_128C/121-127105-0036_generated.wav | RTF: 0.2523(1.047s / 4.150s) | Generator RTF: 0.2514(1.043s / 4.150s)
generated_audios/generated_H1_128C/237-126133-0000_generated.wav | RTF: 0.2985(3.968s / 13.290s) | Generator RTF: 0.2982(3.963s / 13.290s)
generated_audios/generated_H1_128C/237-126133-0001_generated.wav | RTF: 0.3000(3.590s / 11.965s) | Generator RTF: 0.2997(3.586s / 11.965s)
generated_audios/generated_H1_128C/237-126133-0002_generated.wav | RTF: 0.2611(2.329s / 8.920s) | Generator RTF: 0.2606(2.324s / 8.920s)
generated_audios/generated_H1_128C/237-126133-0003_generated.wav | RTF: 0.2698(1.770s / 6.560s) | Generator RTF: 0.2693(1.767s / 6.560s)
generated_audios/generated_H1_128C/237-126133-0004_generated.wav | RTF: 0.2742(0.903s / 3.295s) | Generator RTF: 0.2732(0.900s / 3.295s)
generated_audios/generated_H1_128C/237-126133-0005_generated.wav | RTF: 0.2740(1.783s / 6.510s) | Generator RTF: 0.2734(1.780s / 6.510s)
generated_audios/generated_H1_128C/237-126133-0006_generated.wav | RTF: 0.2698(1.660s / 6.150s) | Generator RTF: 0.2693(1.656s / 6.150s)
generated_audios/generated_H1_128C/237-126133-0007_generated.wav | RTF: 0.2628(2.281s / 8.680s) | Generator RTF: 0.2624(2.278s / 8.680s)
generated_audios/generated_H1_128C/237-126133-0008_generated.wav | RTF: 0.2711(1.048s / 3.865s) | Generator RTF: 0.2702(1.044s / 3.865s)
generated_audios/generated_H1_128C/237-126133-0009_generated.wav | RTF: 0.2697(1.071s / 3.970s) | Generator RTF: 0.2689(1.067s / 3.970s)
generated_audios/generated_H1_128C/237-126133-0010_generated.wav | RTF: 0.2604(1.625s / 6.240s) | Generator RTF: 0.2598(1.621s / 6.240s)
generated_audios/generated_H1_128C/237-126133-0011_generated.wav | RTF: 0.2786(1.869s / 6.710s) | Generator RTF: 0.2780(1.865s / 6.710s)
generated_audios/generated_H1_128C/237-126133-0012_generated.wav | RTF: 0.2768(1.232s / 4.450s) | Generator RTF: 0.2760(1.228s / 4.450s)
generated_audios/generated_H1_128C/237-126133-0013_generated.wav | RTF: 0.2746(1.872s / 6.815s) | Generator RTF: 0.2742(1.869s / 6.815s)
generated_audios/generated_H1_128C/237-126133-0014_generated.wav | RTF: 0.2750(1.868s / 6.790s) | Generator RTF: 0.2745(1.864s / 6.790s)
generated_audios/generated_H1_128C/237-126133-0015_generated.wav | RTF: 0.2622(2.449s / 9.340s) | Generator RTF: 0.2618(2.445s / 9.340s)
generated_audios/generated_H1_128C/237-126133-0016_generated.wav | RTF: 0.2610(1.109s / 4.250s) | Generator RTF: 0.2602(1.106s / 4.250s)
generated_audios/generated_H1_128C/237-126133-0017_generated.wav | RTF: 0.2637(1.638s / 6.210s) | Generator RTF: 0.2631(1.634s / 6.210s)
generated_audios/generated_H1_128C/237-126133-0018_generated.wav | RTF: 0.2746(1.125s / 4.095s) | Generator RTF: 0.2738(1.121s / 4.095s)
generated_audios/generated_H1_128C/237-126133-0019_generated.wav | RTF: 0.2758(1.964s / 7.120s) | Generator RTF: 0.2754(1.961s / 7.120s)
generated_audios/generated_H1_128C/237-126133-0020_generated.wav | RTF: 0.2560(0.573s / 2.240s) | Generator RTF: 0.2547(0.571s / 2.240s)
generated_audios/generated_H1_128C/237-126133-0021_generated.wav | RTF: 0.2609(1.139s / 4.365s) | Generator RTF: 0.2602(1.136s / 4.365s)
generated_audios/generated_H1_128C/237-126133-0022_generated.wav | RTF: 0.2760(1.391s / 5.040s) | Generator RTF: 0.2753(1.388s / 5.040s)
generated_audios/generated_H1_128C/237-126133-0023_generated.wav | RTF: 0.2770(1.849s / 6.675s) | Generator RTF: 0.2764(1.845s / 6.675s)
generated_audios/generated_H1_128C/237-126133-0024_generated.wav | RTF: 0.2804(2.711s / 9.665s) | Generator RTF: 0.2800(2.706s / 9.665s)
generated_audios/generated_H1_128C/237-126133-0025_generated.wav | RTF: 0.2709(1.017s / 3.755s) | Generator RTF: 0.2700(1.014s / 3.755s)
generated_audios/generated_H1_128C/237-134493-0000_generated.wav | RTF: 0.2812(1.154s / 4.105s) | Generator RTF: 0.2804(1.151s / 4.105s)
generated_audios/generated_H1_128C/237-134493-0001_generated.wav | RTF: 0.2715(2.004s / 7.380s) | Generator RTF: 0.2710(2.000s / 7.380s)
generated_audios/generated_H1_128C/237-134493-0002_generated.wav | RTF: 0.2890(3.294s / 11.395s) | Generator RTF: 0.2887(3.290s / 11.395s)
generated_audios/generated_H1_128C/237-134493-0003_generated.wav | RTF: 0.3011(3.843s / 12.765s) | Generator RTF: 0.3007(3.839s / 12.765s)
generated_audios/generated_H1_128C/237-134493-0004_generated.wav | RTF: 0.2782(1.899s / 6.825s) | Generator RTF: 0.2777(1.895s / 6.825s)
generated_audios/generated_H1_128C/237-134493-0005_generated.wav | RTF: 0.2664(2.916s / 10.945s) | Generator RTF: 0.2660(2.911s / 10.945s)
generated_audios/generated_H1_128C/237-134493-0006_generated.wav | RTF: 0.2626(1.154s / 4.395s) | Generator RTF: 0.2618(1.151s / 4.395s)
generated_audios/generated_H1_128C/237-134493-0007_generated.wav | RTF: 0.2640(0.537s / 2.035s) | Generator RTF: 0.2622(0.534s / 2.035s)
generated_audios/generated_H1_128C/237-134493-0008_generated.wav | RTF: 0.2597(0.599s / 2.305s) | Generator RTF: 0.2583(0.595s / 2.305s)
generated_audios/generated_H1_128C/237-134493-0009_generated.wav | RTF: 0.2763(0.822s / 2.975s) | Generator RTF: 0.2752(0.819s / 2.975s)
generated_audios/generated_H1_128C/237-134493-0010_generated.wav | RTF: 0.2734(0.786s / 2.875s) | Generator RTF: 0.2723(0.783s / 2.875s)
generated_audios/generated_H1_128C/237-134493-0011_generated.wav | RTF: 0.2781(1.400s / 5.035s) | Generator RTF: 0.2775(1.397s / 5.035s)
generated_audios/generated_H1_128C/237-134493-0012_generated.wav | RTF: 0.2598(0.951s / 3.660s) | Generator RTF: 0.2589(0.948s / 3.660s)
generated_audios/generated_H1_128C/237-134493-0013_generated.wav | RTF: 0.0377(0.154s / 4.090s) | Generator RTF: 0.0369(0.151s / 4.090s)
generated_audios/generated_H1_128C/237-134493-0014_generated.wav | RTF: 0.2666(0.986s / 3.700s) | Generator RTF: 0.2658(0.983s / 3.700s)
generated_audios/generated_H1_128C/237-134493-0015_generated.wav | RTF: 0.0376(0.246s / 6.550s) | Generator RTF: 0.0370(0.243s / 6.550s)
generated_audios/generated_H1_128C/237-134493-0016_generated.wav | RTF: 0.2841(2.865s / 10.085s) | Generator RTF: 0.2837(2.861s / 10.085s)
generated_audios/generated_H1_128C/237-134493-0017_generated.wav | RTF: 0.2831(2.578s / 9.105s) | Generator RTF: 0.2826(2.573s / 9.105s)
generated_audios/generated_H1_128C/237-134493-0018_generated.wav | RTF: 0.2767(1.325s / 4.790s) | Generator RTF: 0.2759(1.322s / 4.790s)
generated_audios/generated_H1_128C/237-134500-0000_generated.wav | RTF: 0.2756(1.690s / 6.130s) | Generator RTF: 0.2751(1.686s / 6.130s)
generated_audios/generated_H1_128C/237-134500-0001_generated.wav | RTF: 0.2592(0.469s / 1.810s) | Generator RTF: 0.2576(0.466s / 1.810s)
generated_audios/generated_H1_128C/237-134500-0002_generated.wav | RTF: 0.2796(1.418s / 5.070s) | Generator RTF: 0.2789(1.414s / 5.070s)
generated_audios/generated_H1_128C/237-134500-0003_generated.wav | RTF: 0.0395(0.125s / 3.170s) | Generator RTF: 0.0384(0.122s / 3.170s)
generated_audios/generated_H1_128C/237-134500-0004_generated.wav | RTF: 0.0424(0.094s / 2.225s) | Generator RTF: 0.0409(0.091s / 2.225s)
generated_audios/generated_H1_128C/237-134500-0005_generated.wav | RTF: 0.2707(0.647s / 2.390s) | Generator RTF: 0.2695(0.644s / 2.390s)
generated_audios/generated_H1_128C/237-134500-0006_generated.wav | RTF: 0.2667(1.127s / 4.225s) | Generator RTF: 0.2659(1.123s / 4.225s)
generated_audios/generated_H1_128C/237-134500-0007_generated.wav | RTF: 0.0351(0.084s / 2.390s) | Generator RTF: 0.0338(0.081s / 2.390s)
generated_audios/generated_H1_128C/237-134500-0008_generated.wav | RTF: 0.0364(0.137s / 3.760s) | Generator RTF: 0.0355(0.134s / 3.760s)
generated_audios/generated_H1_128C/237-134500-0009_generated.wav | RTF: 0.0352(0.078s / 2.220s) | Generator RTF: 0.0339(0.075s / 2.220s)
generated_audios/generated_H1_128C/237-134500-0010_generated.wav | RTF: 0.2807(1.121s / 3.995s) | Generator RTF: 0.2798(1.118s / 3.995s)
generated_audios/generated_H1_128C/237-134500-0011_generated.wav | RTF: 0.2691(0.902s / 3.350s) | Generator RTF: 0.2683(0.899s / 3.350s)
generated_audios/generated_H1_128C/237-134500-0012_generated.wav | RTF: 0.2954(3.230s / 10.935s) | Generator RTF: 0.2950(3.226s / 10.935s)
generated_audios/generated_H1_128C/237-134500-0013_generated.wav | RTF: 0.0371(0.392s / 10.560s) | Generator RTF: 0.0368(0.388s / 10.560s)
generated_audios/generated_H1_128C/237-134500-0014_generated.wav | RTF: 0.0403(0.171s / 4.250s) | Generator RTF: 0.0395(0.168s / 4.250s)
generated_audios/generated_H1_128C/237-134500-0015_generated.wav | RTF: 0.2850(3.082s / 10.815s) | Generator RTF: 0.2847(3.079s / 10.815s)
generated_audios/generated_H1_128C/237-134500-0016_generated.wav | RTF: 0.0389(0.123s / 3.160s) | Generator RTF: 0.0378(0.120s / 3.160s)
generated_audios/generated_H1_128C/237-134500-0017_generated.wav | RTF: 0.0430(0.094s / 2.180s) | Generator RTF: 0.0414(0.090s / 2.180s)
generated_audios/generated_H1_128C/237-134500-0018_generated.wav | RTF: 0.3081(3.958s / 12.845s) | Generator RTF: 0.3078(3.954s / 12.845s)
generated_audios/generated_H1_128C/237-134500-0019_generated.wav | RTF: 0.2677(0.766s / 2.860s) | Generator RTF: 0.2665(0.762s / 2.860s)
generated_audios/generated_H1_128C/237-134500-0020_generated.wav | RTF: 0.0347(0.076s / 2.180s) | Generator RTF: 0.0332(0.072s / 2.180s)
generated_audios/generated_H1_128C/237-134500-0021_generated.wav | RTF: 0.2646(1.355s / 5.120s) | Generator RTF: 0.2639(1.351s / 5.120s)
generated_audios/generated_H1_128C/237-134500-0022_generated.wav | RTF: 0.2699(1.394s / 5.165s) | Generator RTF: 0.2693(1.391s / 5.165s)
generated_audios/generated_H1_128C/237-134500-0023_generated.wav | RTF: 0.2818(0.862s / 3.060s) | Generator RTF: 0.2807(0.859s / 3.060s)
generated_audios/generated_H1_128C/237-134500-0024_generated.wav | RTF: 0.0369(0.163s / 4.410s) | Generator RTF: 0.0362(0.159s / 4.410s)
generated_audios/generated_H1_128C/237-134500-0025_generated.wav | RTF: 0.2637(0.430s / 1.630s) | Generator RTF: 0.2618(0.427s / 1.630s)
generated_audios/generated_H1_128C/237-134500-0026_generated.wav | RTF: 0.2847(0.868s / 3.050s) | Generator RTF: 0.2836(0.865s / 3.050s)
generated_audios/generated_H1_128C/237-134500-0027_generated.wav | RTF: 0.2895(0.947s / 3.270s) | Generator RTF: 0.2885(0.944s / 3.270s)
generated_audios/generated_H1_128C/237-134500-0028_generated.wav | RTF: 0.2893(1.309s / 4.525s) | Generator RTF: 0.2886(1.306s / 4.525s)
generated_audios/generated_H1_128C/237-134500-0029_generated.wav | RTF: 0.2678(0.553s / 2.065s) | Generator RTF: 0.2663(0.550s / 2.065s)
generated_audios/generated_H1_128C/237-134500-0030_generated.wav | RTF: 0.2885(0.802s / 2.780s) | Generator RTF: 0.2874(0.799s / 2.780s)
generated_audios/generated_H1_128C/237-134500-0031_generated.wav | RTF: 0.2892(3.069s / 10.610s) | Generator RTF: 0.2889(3.065s / 10.610s)
generated_audios/generated_H1_128C/237-134500-0032_generated.wav | RTF: 0.0354(0.178s / 5.025s) | Generator RTF: 0.0348(0.175s / 5.025s)
generated_audios/generated_H1_128C/237-134500-0033_generated.wav | RTF: 0.2746(1.744s / 6.350s) | Generator RTF: 0.2740(1.740s / 6.350s)
generated_audios/generated_H1_128C/237-134500-0034_generated.wav | RTF: 0.2704(0.832s / 3.075s) | Generator RTF: 0.2694(0.829s / 3.075s)
generated_audios/generated_H1_128C/237-134500-0035_generated.wav | RTF: 0.2836(0.725s / 2.555s) | Generator RTF: 0.2823(0.721s / 2.555s)
generated_audios/generated_H1_128C/237-134500-0036_generated.wav | RTF: 0.2895(1.911s / 6.600s) | Generator RTF: 0.2890(1.907s / 6.600s)
generated_audios/generated_H1_128C/237-134500-0037_generated.wav | RTF: 0.2867(2.037s / 7.105s) | Generator RTF: 0.2862(2.033s / 7.105s)
generated_audios/generated_H1_128C/237-134500-0038_generated.wav | RTF: 0.2762(0.673s / 2.435s) | Generator RTF: 0.2749(0.669s / 2.435s)
generated_audios/generated_H1_128C/237-134500-0039_generated.wav | RTF: 0.2880(1.333s / 4.630s) | Generator RTF: 0.2873(1.330s / 4.630s)
generated_audios/generated_H1_128C/237-134500-0040_generated.wav | RTF: 0.0367(0.148s / 4.030s) | Generator RTF: 0.0359(0.145s / 4.030s)
generated_audios/generated_H1_128C/237-134500-0041_generated.wav | RTF: 0.0385(0.344s / 8.920s) | Generator RTF: 0.0381(0.340s / 8.920s)
generated_audios/generated_H1_128C/237-134500-0042_generated.wav | RTF: 0.2755(0.709s / 2.575s) | Generator RTF: 0.2742(0.706s / 2.575s)
generated_audios/generated_H1_128C/260-123286-0000_generated.wav | RTF: 0.2760(1.943s / 7.040s) | Generator RTF: 0.2754(1.939s / 7.040s)
generated_audios/generated_H1_128C/260-123286-0001_generated.wav | RTF: 0.0340(0.104s / 3.070s) | Generator RTF: 0.0330(0.101s / 3.070s)
generated_audios/generated_H1_128C/260-123286-0002_generated.wav | RTF: 0.2952(2.948s / 9.985s) | Generator RTF: 0.2948(2.944s / 9.985s)
generated_audios/generated_H1_128C/260-123286-0003_generated.wav | RTF: 0.2890(2.130s / 7.370s) | Generator RTF: 0.2885(2.126s / 7.370s)
generated_audios/generated_H1_128C/260-123286-0004_generated.wav | RTF: 0.2840(0.984s / 3.465s) | Generator RTF: 0.2831(0.981s / 3.465s)
generated_audios/generated_H1_128C/260-123286-0005_generated.wav | RTF: 0.2756(1.326s / 4.810s) | Generator RTF: 0.2749(1.322s / 4.810s)
generated_audios/generated_H1_128C/260-123286-0006_generated.wav | RTF: 0.2865(2.122s / 7.405s) | Generator RTF: 0.2861(2.118s / 7.405s)
generated_audios/generated_H1_128C/260-123286-0007_generated.wav | RTF: 0.2845(1.295s / 4.550s) | Generator RTF: 0.2838(1.291s / 4.550s)
generated_audios/generated_H1_128C/260-123286-0008_generated.wav | RTF: 0.2759(1.030s / 3.735s) | Generator RTF: 0.2749(1.027s / 3.735s)
generated_audios/generated_H1_128C/260-123286-0009_generated.wav | RTF: 0.2971(1.722s / 5.795s) | Generator RTF: 0.2965(1.718s / 5.795s)
generated_audios/generated_H1_128C/260-123286-0010_generated.wav | RTF: 0.0349(0.090s / 2.575s) | Generator RTF: 0.0338(0.087s / 2.575s)
generated_audios/generated_H1_128C/260-123286-0011_generated.wav | RTF: 0.0402(0.171s / 4.255s) | Generator RTF: 0.0395(0.168s / 4.255s)
generated_audios/generated_H1_128C/260-123286-0012_generated.wav | RTF: 0.0397(0.097s / 2.430s) | Generator RTF: 0.0384(0.093s / 2.430s)
generated_audios/generated_H1_128C/260-123286-0013_generated.wav | RTF: 0.2884(1.364s / 4.730s) | Generator RTF: 0.2877(1.361s / 4.730s)
generated_audios/generated_H1_128C/260-123286-0014_generated.wav | RTF: 0.0393(0.117s / 2.980s) | Generator RTF: 0.0382(0.114s / 2.980s)
generated_audios/generated_H1_128C/260-123286-0015_generated.wav | RTF: 0.2876(1.498s / 5.210s) | Generator RTF: 0.2869(1.495s / 5.210s)
generated_audios/generated_H1_128C/260-123286-0016_generated.wav | RTF: 0.2876(2.013s / 7.000s) | Generator RTF: 0.2871(2.009s / 7.000s)
generated_audios/generated_H1_128C/260-123286-0017_generated.wav | RTF: 0.2747(1.092s / 3.975s) | Generator RTF: 0.2738(1.088s / 3.975s)
generated_audios/generated_H1_128C/260-123286-0018_generated.wav | RTF: 0.2924(1.658s / 5.670s) | Generator RTF: 0.2917(1.654s / 5.670s)
generated_audios/generated_H1_128C/260-123286-0019_generated.wav | RTF: 0.3156(3.757s / 11.905s) | Generator RTF: 0.3152(3.753s / 11.905s)
generated_audios/generated_H1_128C/260-123286-0020_generated.wav | RTF: 0.0408(0.125s / 3.060s) | Generator RTF: 0.0399(0.122s / 3.060s)
generated_audios/generated_H1_128C/260-123286-0021_generated.wav | RTF: 0.2820(0.719s / 2.550s) | Generator RTF: 0.2809(0.716s / 2.550s)
generated_audios/generated_H1_128C/260-123286-0022_generated.wav | RTF: 0.2872(0.929s / 3.235s) | Generator RTF: 0.2861(0.926s / 3.235s)
generated_audios/generated_H1_128C/260-123286-0023_generated.wav | RTF: 0.2930(1.721s / 5.875s) | Generator RTF: 0.2926(1.719s / 5.875s)
generated_audios/generated_H1_128C/260-123286-0024_generated.wav | RTF: 0.2847(0.865s / 3.040s) | Generator RTF: 0.2836(0.862s / 3.040s)
generated_audios/generated_H1_128C/260-123286-0025_generated.wav | RTF: 0.2837(2.612s / 9.205s) | Generator RTF: 0.2833(2.608s / 9.205s)
generated_audios/generated_H1_128C/260-123286-0026_generated.wav | RTF: 0.2855(1.981s / 6.940s) | Generator RTF: 0.2799(1.942s / 6.940s)
generated_audios/generated_H1_128C/260-123286-0027_generated.wav | RTF: 0.2991(2.145s / 7.170s) | Generator RTF: 0.2986(2.141s / 7.170s)
generated_audios/generated_H1_128C/260-123286-0028_generated.wav | RTF: 0.2845(2.124s / 7.465s) | Generator RTF: 0.2840(2.120s / 7.465s)
generated_audios/generated_H1_128C/260-123286-0029_generated.wav | RTF: 0.0344(0.156s / 4.545s) | Generator RTF: 0.0337(0.153s / 4.545s)
generated_audios/generated_H1_128C/260-123286-0030_generated.wav | RTF: 0.0360(0.271s / 7.530s) | Generator RTF: 0.0355(0.267s / 7.530s)
generated_audios/generated_H1_128C/260-123286-0031_generated.wav | RTF: 0.2788(1.411s / 5.060s) | Generator RTF: 0.2781(1.407s / 5.060s)
generated_audios/generated_H1_128C/260-123288-0000_generated.wav | RTF: 0.0332(0.101s / 3.040s) | Generator RTF: 0.0321(0.097s / 3.040s)
generated_audios/generated_H1_128C/260-123288-0001_generated.wav | RTF: 0.0348(0.177s / 5.080s) | Generator RTF: 0.0342(0.174s / 5.080s)
generated_audios/generated_H1_128C/260-123288-0002_generated.wav | RTF: 0.2824(2.047s / 7.250s) | Generator RTF: 0.2819(2.043s / 7.250s)
generated_audios/generated_H1_128C/260-123288-0003_generated.wav | RTF: 0.2949(2.626s / 8.905s) | Generator RTF: 0.2945(2.622s / 8.905s)
generated_audios/generated_H1_128C/260-123288-0004_generated.wav | RTF: 0.2899(1.250s / 4.310s) | Generator RTF: 0.2891(1.246s / 4.310s)
generated_audios/generated_H1_128C/260-123288-0005_generated.wav | RTF: 0.3061(3.841s / 12.550s) | Generator RTF: 0.3057(3.837s / 12.550s)
generated_audios/generated_H1_128C/260-123288-0006_generated.wav | RTF: 0.2831(1.382s / 4.880s) | Generator RTF: 0.2824(1.378s / 4.880s)
generated_audios/generated_H1_128C/260-123288-0007_generated.wav | RTF: 0.3041(3.406s / 11.200s) | Generator RTF: 0.3037(3.402s / 11.200s)
generated_audios/generated_H1_128C/260-123288-0008_generated.wav | RTF: 0.2947(1.625s / 5.515s) | Generator RTF: 0.2940(1.622s / 5.515s)
generated_audios/generated_H1_128C/260-123288-0009_generated.wav | RTF: 0.2905(0.998s / 3.435s) | Generator RTF: 0.2895(0.994s / 3.435s)
generated_audios/generated_H1_128C/260-123288-0010_generated.wav | RTF: 0.0367(0.366s / 9.995s) | Generator RTF: 0.0363(0.362s / 9.995s)
generated_audios/generated_H1_128C/260-123288-0011_generated.wav | RTF: 0.3025(2.716s / 8.980s) | Generator RTF: 0.3020(2.712s / 8.980s)
generated_audios/generated_H1_128C/260-123288-0012_generated.wav | RTF: 0.2913(1.033s / 3.545s) | Generator RTF: 0.2903(1.029s / 3.545s)
generated_audios/generated_H1_128C/260-123288-0013_generated.wav | RTF: 0.3230(3.678s / 11.385s) | Generator RTF: 0.3227(3.673s / 11.385s)
generated_audios/generated_H1_128C/260-123288-0014_generated.wav | RTF: 0.0440(0.079s / 1.805s) | Generator RTF: 0.0422(0.076s / 1.805s)
generated_audios/generated_H1_128C/260-123288-0015_generated.wav | RTF: 0.3090(6.546s / 21.185s) | Generator RTF: 0.3087(6.541s / 21.185s)
generated_audios/generated_H1_128C/260-123288-0016_generated.wav | RTF: 0.2980(1.450s / 4.865s) | Generator RTF: 0.2973(1.446s / 4.865s)
generated_audios/generated_H1_128C/260-123288-0017_generated.wav | RTF: 0.2819(1.473s / 5.225s) | Generator RTF: 0.2812(1.469s / 5.225s)
generated_audios/generated_H1_128C/260-123288-0018_generated.wav | RTF: 0.2900(0.941s / 3.245s) | Generator RTF: 0.2889(0.938s / 3.245s)
generated_audios/generated_H1_128C/260-123288-0019_generated.wav | RTF: 0.0382(0.113s / 2.955s) | Generator RTF: 0.0371(0.110s / 2.955s)
generated_audios/generated_H1_128C/260-123288-0020_generated.wav | RTF: 0.2903(0.842s / 2.900s) | Generator RTF: 0.2891(0.839s / 2.900s)
generated_audios/generated_H1_128C/260-123288-0021_generated.wav | RTF: 0.0388(0.105s / 2.710s) | Generator RTF: 0.0376(0.102s / 2.710s)
generated_audios/generated_H1_128C/260-123288-0022_generated.wav | RTF: 0.2913(1.079s / 3.705s) | Generator RTF: 0.2904(1.076s / 3.705s)
generated_audios/generated_H1_128C/260-123288-0023_generated.wav | RTF: 0.0410(0.098s / 2.385s) | Generator RTF: 0.0397(0.095s / 2.385s)
generated_audios/generated_H1_128C/260-123288-0024_generated.wav | RTF: 0.3025(4.415s / 14.595s) | Generator RTF: 0.3022(4.410s / 14.595s)
generated_audios/generated_H1_128C/260-123288-0025_generated.wav | RTF: 0.3086(4.150s / 13.445s) | Generator RTF: 0.3083(4.145s / 13.445s)
generated_audios/generated_H1_128C/260-123288-0026_generated.wav | RTF: 0.3264(5.236s / 16.040s) | Generator RTF: 0.3262(5.231s / 16.040s)
generated_audios/generated_H1_128C/260-123288-0027_generated.wav | RTF: 0.2857(1.801s / 6.305s) | Generator RTF: 0.2851(1.797s / 6.305s)
generated_audios/generated_H1_128C/260-123288-0028_generated.wav | RTF: 0.2929(0.764s / 2.610s) | Generator RTF: 0.2916(0.761s / 2.610s)
generated_audios/generated_H1_128C/260-123440-0000_generated.wav | RTF: 0.2804(0.607s / 2.165s) | Generator RTF: 0.2790(0.604s / 2.165s)
generated_audios/generated_H1_128C/260-123440-0001_generated.wav | RTF: 0.2720(0.473s / 1.740s) | Generator RTF: 0.2706(0.471s / 1.740s)
generated_audios/generated_H1_128C/260-123440-0002_generated.wav | RTF: 0.3209(4.722s / 14.715s) | Generator RTF: 0.3205(4.717s / 14.715s)
generated_audios/generated_H1_128C/260-123440-0003_generated.wav | RTF: 0.3008(1.078s / 3.585s) | Generator RTF: 0.2999(1.075s / 3.585s)
generated_audios/generated_H1_128C/260-123440-0004_generated.wav | RTF: 0.3054(3.671s / 12.020s) | Generator RTF: 0.3051(3.667s / 12.020s)
generated_audios/generated_H1_128C/260-123440-0005_generated.wav | RTF: 0.0391(0.121s / 3.105s) | Generator RTF: 0.0380(0.118s / 3.105s)
generated_audios/generated_H1_128C/260-123440-0006_generated.wav | RTF: 0.0331(0.090s / 2.715s) | Generator RTF: 0.0319(0.087s / 2.715s)
generated_audios/generated_H1_128C/260-123440-0007_generated.wav | RTF: 0.2969(1.005s / 3.385s) | Generator RTF: 0.2959(1.002s / 3.385s)
generated_audios/generated_H1_128C/260-123440-0008_generated.wav | RTF: 0.3011(1.128s / 3.745s) | Generator RTF: 0.3003(1.125s / 3.745s)
generated_audios/generated_H1_128C/260-123440-0009_generated.wav | RTF: 0.3001(0.935s / 3.115s) | Generator RTF: 0.2991(0.932s / 3.115s)
generated_audios/generated_H1_128C/260-123440-0010_generated.wav | RTF: 0.3080(2.561s / 8.315s) | Generator RTF: 0.3075(2.557s / 8.315s)
generated_audios/generated_H1_128C/260-123440-0011_generated.wav | RTF: 0.0355(0.173s / 4.870s) | Generator RTF: 0.0347(0.169s / 4.870s)
generated_audios/generated_H1_128C/260-123440-0012_generated.wav | RTF: 0.2975(1.560s / 5.245s) | Generator RTF: 0.2969(1.557s / 5.245s)
generated_audios/generated_H1_128C/260-123440-0013_generated.wav | RTF: 0.2956(1.027s / 3.475s) | Generator RTF: 0.2946(1.024s / 3.475s)
generated_audios/generated_H1_128C/260-123440-0014_generated.wav | RTF: 0.3015(1.150s / 3.815s) | Generator RTF: 0.3006(1.147s / 3.815s)
generated_audios/generated_H1_128C/260-123440-0015_generated.wav | RTF: 0.0399(0.248s / 6.200s) | Generator RTF: 0.0394(0.244s / 6.200s)
generated_audios/generated_H1_128C/260-123440-0016_generated.wav | RTF: 0.3050(1.493s / 4.895s) | Generator RTF: 0.3043(1.490s / 4.895s)
generated_audios/generated_H1_128C/260-123440-0017_generated.wav | RTF: 0.0418(0.128s / 3.070s) | Generator RTF: 0.0407(0.125s / 3.070s)
generated_audios/generated_H1_128C/260-123440-0018_generated.wav | RTF: 0.3041(1.107s / 3.640s) | Generator RTF: 0.3036(1.105s / 3.640s)
generated_audios/generated_H1_128C/260-123440-0019_generated.wav | RTF: 0.3077(2.040s / 6.630s) | Generator RTF: 0.3072(2.037s / 6.630s)
generated_audios/generated_H1_128C/260-123440-0020_generated.wav | RTF: 0.3022(1.509s / 4.995s) | Generator RTF: 0.3015(1.506s / 4.995s)
generated_audios/generated_H1_128C/61-70968-0000_generated.wav | RTF: 0.3030(1.486s / 4.905s) | Generator RTF: 0.3023(1.483s / 4.905s)
generated_audios/generated_H1_128C/61-70968-0001_generated.wav | RTF: 0.3009(1.086s / 3.610s) | Generator RTF: 0.2999(1.083s / 3.610s)
generated_audios/generated_H1_128C/61-70968-0002_generated.wav | RTF: 0.2957(0.878s / 2.970s) | Generator RTF: 0.2946(0.875s / 2.970s)
generated_audios/generated_H1_128C/61-70968-0003_generated.wav | RTF: 0.0394(0.170s / 4.315s) | Generator RTF: 0.0386(0.166s / 4.315s)
generated_audios/generated_H1_128C/61-70968-0004_generated.wav | RTF: 0.3049(1.184s / 3.885s) | Generator RTF: 0.3040(1.181s / 3.885s)
generated_audios/generated_H1_128C/61-70968-0005_generated.wav | RTF: 0.0351(0.178s / 5.070s) | Generator RTF: 0.0345(0.175s / 5.070s)
generated_audios/generated_H1_128C/61-70968-0006_generated.wav | RTF: 0.2850(0.837s / 2.935s) | Generator RTF: 0.2839(0.833s / 2.935s)
generated_audios/generated_H1_128C/61-70968-0007_generated.wav | RTF: 0.0392(0.139s / 3.550s) | Generator RTF: 0.0382(0.136s / 3.550s)
generated_audios/generated_H1_128C/61-70968-0008_generated.wav | RTF: 0.0400(0.141s / 3.535s) | Generator RTF: 0.0390(0.138s / 3.535s)
generated_audios/generated_H1_128C/61-70968-0009_generated.wav | RTF: 0.3024(1.364s / 4.510s) | Generator RTF: 0.3016(1.360s / 4.510s)
generated_audios/generated_H1_128C/61-70968-0010_generated.wav | RTF: 0.2915(2.418s / 8.295s) | Generator RTF: 0.2910(2.414s / 8.295s)
generated_audios/generated_H1_128C/61-70968-0011_generated.wav | RTF: 0.2923(1.863s / 6.375s) | Generator RTF: 0.2917(1.860s / 6.375s)
generated_audios/generated_H1_128C/61-70968-0012_generated.wav | RTF: 0.0396(0.103s / 2.610s) | Generator RTF: 0.0384(0.100s / 2.610s)
generated_audios/generated_H1_128C/61-70968-0013_generated.wav | RTF: 0.0358(0.159s / 4.450s) | Generator RTF: 0.0350(0.156s / 4.450s)
generated_audios/generated_H1_128C/61-70968-0014_generated.wav | RTF: 0.3047(2.281s / 7.485s) | Generator RTF: 0.3042(2.277s / 7.485s)
generated_audios/generated_H1_128C/61-70968-0015_generated.wav | RTF: 0.2883(1.550s / 5.375s) | Generator RTF: 0.2876(1.546s / 5.375s)
generated_audios/generated_H1_128C/61-70968-0016_generated.wav | RTF: 0.3027(1.126s / 3.720s) | Generator RTF: 0.3018(1.123s / 3.720s)
generated_audios/generated_H1_128C/61-70968-0017_generated.wav | RTF: 0.3053(1.560s / 5.110s) | Generator RTF: 0.3047(1.557s / 5.110s)
generated_audios/generated_H1_128C/61-70968-0018_generated.wav | RTF: 0.2970(0.714s / 2.405s) | Generator RTF: 0.2957(0.711s / 2.405s)
generated_audios/generated_H1_128C/61-70968-0019_generated.wav | RTF: 0.2920(1.599s / 5.475s) | Generator RTF: 0.2914(1.595s / 5.475s)
generated_audios/generated_H1_128C/61-70968-0020_generated.wav | RTF: 0.3115(1.590s / 5.105s) | Generator RTF: 0.3107(1.586s / 5.105s)
generated_audios/generated_H1_128C/61-70968-0021_generated.wav | RTF: 0.2815(0.757s / 2.690s) | Generator RTF: 0.2803(0.754s / 2.690s)
generated_audios/generated_H1_128C/61-70968-0022_generated.wav | RTF: 0.0387(0.181s / 4.670s) | Generator RTF: 0.0380(0.178s / 4.670s)
generated_audios/generated_H1_128C/61-70968-0023_generated.wav | RTF: 0.0352(0.177s / 5.025s) | Generator RTF: 0.0346(0.174s / 5.025s)
generated_audios/generated_H1_128C/61-70968-0024_generated.wav | RTF: 0.3073(1.851s / 6.025s) | Generator RTF: 0.3067(1.848s / 6.025s)
generated_audios/generated_H1_128C/61-70968-0025_generated.wav | RTF: 0.0352(0.155s / 4.410s) | Generator RTF: 0.0344(0.152s / 4.410s)
generated_audios/generated_H1_128C/61-70968-0026_generated.wav | RTF: 0.2868(1.411s / 4.920s) | Generator RTF: 0.2861(1.408s / 4.920s)
generated_audios/generated_H1_128C/61-70968-0027_generated.wav | RTF: 0.2904(1.995s / 6.870s) | Generator RTF: 0.2899(1.992s / 6.870s)
generated_audios/generated_H1_128C/61-70968-0028_generated.wav | RTF: 0.3096(1.658s / 5.355s) | Generator RTF: 0.3079(1.649s / 5.355s)
generated_audios/generated_H1_128C/61-70968-0029_generated.wav | RTF: 0.2999(1.048s / 3.495s) | Generator RTF: 0.2989(1.045s / 3.495s)
generated_audios/generated_H1_128C/61-70968-0030_generated.wav | RTF: 0.2930(1.666s / 5.685s) | Generator RTF: 0.2924(1.663s / 5.685s)
generated_audios/generated_H1_128C/61-70968-0031_generated.wav | RTF: 0.3058(0.894s / 2.925s) | Generator RTF: 0.3047(0.891s / 2.925s)
generated_audios/generated_H1_128C/61-70968-0032_generated.wav | RTF: 0.0364(0.156s / 4.280s) | Generator RTF: 0.0356(0.152s / 4.280s)
generated_audios/generated_H1_128C/61-70968-0033_generated.wav | RTF: 0.0298(0.169s / 5.685s) | Generator RTF: 0.0292(0.166s / 5.685s)
generated_audios/generated_H1_128C/61-70968-0034_generated.wav | RTF: 0.3074(1.300s / 4.230s) | Generator RTF: 0.3066(1.297s / 4.230s)
generated_audios/generated_H1_128C/61-70968-0035_generated.wav | RTF: 0.2946(2.342s / 7.950s) | Generator RTF: 0.2941(2.338s / 7.950s)
generated_audios/generated_H1_128C/61-70968-0036_generated.wav | RTF: 0.0397(0.116s / 2.935s) | Generator RTF: 0.0386(0.113s / 2.935s)
generated_audios/generated_H1_128C/61-70968-0037_generated.wav | RTF: 0.0354(0.153s / 4.315s) | Generator RTF: 0.0346(0.149s / 4.315s)
generated_audios/generated_H1_128C/61-70968-0038_generated.wav | RTF: 0.2926(0.600s / 2.050s) | Generator RTF: 0.2910(0.597s / 2.050s)
generated_audios/generated_H1_128C/61-70968-0039_generated.wav | RTF: 0.2904(1.105s / 3.805s) | Generator RTF: 0.2895(1.102s / 3.805s)
generated_audios/generated_H1_128C/61-70968-0040_generated.wav | RTF: 0.3082(1.217s / 3.950s) | Generator RTF: 0.3074(1.214s / 3.950s)
generated_audios/generated_H1_128C/61-70968-0041_generated.wav | RTF: 0.0350(0.239s / 6.825s) | Generator RTF: 0.0344(0.235s / 6.825s)
generated_audios/generated_H1_128C/61-70968-0042_generated.wav | RTF: 0.0388(0.108s / 2.785s) | Generator RTF: 0.0377(0.105s / 2.785s)
generated_audios/generated_H1_128C/61-70968-0043_generated.wav | RTF: 0.3098(2.086s / 6.735s) | Generator RTF: 0.3092(2.083s / 6.735s)
generated_audios/generated_H1_128C/61-70968-0044_generated.wav | RTF: 0.0391(0.108s / 2.770s) | Generator RTF: 0.0378(0.105s / 2.770s)
generated_audios/generated_H1_128C/61-70968-0045_generated.wav | RTF: 0.0368(0.128s / 3.475s) | Generator RTF: 0.0359(0.125s / 3.475s)
generated_audios/generated_H1_128C/61-70968-0046_generated.wav | RTF: 0.0379(0.134s / 3.550s) | Generator RTF: 0.0370(0.131s / 3.550s)
generated_audios/generated_H1_128C/61-70968-0047_generated.wav | RTF: 0.2922(1.395s / 4.775s) | Generator RTF: 0.2915(1.392s / 4.775s)
generated_audios/generated_H1_128C/61-70968-0048_generated.wav | RTF: 0.3062(0.925s / 3.020s) | Generator RTF: 0.3051(0.921s / 3.020s)
generated_audios/generated_H1_128C/61-70968-0049_generated.wav | RTF: 0.3109(2.565s / 8.250s) | Generator RTF: 0.3105(2.561s / 8.250s)
generated_audios/generated_H1_128C/61-70968-0050_generated.wav | RTF: 0.2920(1.629s / 5.580s) | Generator RTF: 0.2913(1.625s / 5.580s)
generated_audios/generated_H1_128C/61-70968-0051_generated.wav | RTF: 0.2926(0.917s / 3.135s) | Generator RTF: 0.2916(0.914s / 3.135s)
generated_audios/generated_H1_128C/61-70968-0052_generated.wav | RTF: 0.2745(0.728s / 2.650s) | Generator RTF: 0.2734(0.724s / 2.650s)
generated_audios/generated_H1_128C/61-70968-0053_generated.wav | RTF: 0.0412(0.174s / 4.220s) | Generator RTF: 0.0404(0.170s / 4.220s)
generated_audios/generated_H1_128C/61-70968-0054_generated.wav | RTF: 0.2942(2.313s / 7.860s) | Generator RTF: 0.2937(2.309s / 7.860s)
generated_audios/generated_H1_128C/61-70968-0055_generated.wav | RTF: 0.0384(0.152s / 3.965s) | Generator RTF: 0.0375(0.149s / 3.965s)
generated_audios/generated_H1_128C/61-70968-0056_generated.wav | RTF: 0.2758(0.983s / 3.565s) | Generator RTF: 0.2748(0.980s / 3.565s)
generated_audios/generated_H1_128C/61-70968-0057_generated.wav | RTF: 0.0351(0.178s / 5.065s) | Generator RTF: 0.0344(0.174s / 5.065s)
generated_audios/generated_H1_128C/61-70968-0058_generated.wav | RTF: 0.2592(0.472s / 1.820s) | Generator RTF: 0.2576(0.469s / 1.820s)
generated_audios/generated_H1_128C/61-70968-0059_generated.wav | RTF: 0.0415(0.090s / 2.170s) | Generator RTF: 0.0399(0.087s / 2.170s)
generated_audios/generated_H1_128C/61-70968-0060_generated.wav | RTF: 0.0402(0.150s / 3.735s) | Generator RTF: 0.0393(0.147s / 3.735s)
generated_audios/generated_H1_128C/61-70968-0061_generated.wav | RTF: 0.2992(1.655s / 5.530s) | Generator RTF: 0.2986(1.651s / 5.530s)
generated_audios/generated_H1_128C/61-70968-0062_generated.wav | RTF: 0.0406(0.104s / 2.555s) | Generator RTF: 0.0393(0.100s / 2.555s)
generated_audios/generated_H1_128C/61-70970-0000_generated.wav | RTF: 0.3101(1.884s / 6.075s) | Generator RTF: 0.3096(1.881s / 6.075s)
generated_audios/generated_H1_128C/61-70970-0001_generated.wav | RTF: 0.3085(1.899s / 6.155s) | Generator RTF: 0.3079(1.895s / 6.155s)
generated_audios/generated_H1_128C/61-70970-0002_generated.wav | RTF: 0.3084(1.284s / 4.165s) | Generator RTF: 0.3075(1.281s / 4.165s)
generated_audios/generated_H1_128C/61-70970-0003_generated.wav | RTF: 0.2980(1.143s / 3.835s) | Generator RTF: 0.2971(1.139s / 3.835s)
generated_audios/generated_H1_128C/61-70970-0004_generated.wav | RTF: 0.3072(3.230s / 10.515s) | Generator RTF: 0.3068(3.226s / 10.515s)
generated_audios/generated_H1_128C/61-70970-0005_generated.wav | RTF: 0.2955(0.597s / 2.020s) | Generator RTF: 0.2939(0.594s / 2.020s)
generated_audios/generated_H1_128C/61-70970-0006_generated.wav | RTF: 0.3039(0.710s / 2.335s) | Generator RTF: 0.3026(0.707s / 2.335s)
generated_audios/generated_H1_128C/61-70970-0007_generated.wav | RTF: 0.3149(1.412s / 4.485s) | Generator RTF: 0.3141(1.409s / 4.485s)
generated_audios/generated_H1_128C/61-70970-0008_generated.wav | RTF: 0.3151(0.677s / 2.150s) | Generator RTF: 0.3136(0.674s / 2.150s)
generated_audios/generated_H1_128C/61-70970-0009_generated.wav | RTF: 0.3250(1.107s / 3.405s) | Generator RTF: 0.3239(1.103s / 3.405s)
generated_audios/generated_H1_128C/61-70970-0010_generated.wav | RTF: 0.0392(0.119s / 3.045s) | Generator RTF: 0.0381(0.116s / 3.045s)
generated_audios/generated_H1_128C/61-70970-0011_generated.wav | RTF: 0.0298(0.181s / 6.075s) | Generator RTF: 0.0292(0.178s / 6.075s)
generated_audios/generated_H1_128C/61-70970-0012_generated.wav | RTF: 0.0415(0.130s / 3.135s) | Generator RTF: 0.0405(0.127s / 3.135s)
generated_audios/generated_H1_128C/61-70970-0013_generated.wav | RTF: 0.3145(1.368s / 4.350s) | Generator RTF: 0.3136(1.364s / 4.350s)
generated_audios/generated_H1_128C/61-70970-0014_generated.wav | RTF: 0.0331(0.113s / 3.405s) | Generator RTF: 0.0321(0.109s / 3.405s)
generated_audios/generated_H1_128C/61-70970-0015_generated.wav | RTF: 0.3162(2.661s / 8.415s) | Generator RTF: 0.3157(2.657s / 8.415s)
generated_audios/generated_H1_128C/61-70970-0016_generated.wav | RTF: 0.3171(1.386s / 4.370s) | Generator RTF: 0.3163(1.382s / 4.370s)
generated_audios/generated_H1_128C/61-70970-0017_generated.wav | RTF: 0.0398(0.101s / 2.550s) | Generator RTF: 0.0386(0.098s / 2.550s)
generated_audios/generated_H1_128C/61-70970-0018_generated.wav | RTF: 0.2935(1.350s / 4.600s) | Generator RTF: 0.2929(1.347s / 4.600s)
generated_audios/generated_H1_128C/61-70970-0019_generated.wav | RTF: 0.3064(1.158s / 3.780s) | Generator RTF: 0.3054(1.155s / 3.780s)
generated_audios/generated_H1_128C/61-70970-0020_generated.wav | RTF: 0.0370(0.186s / 5.025s) | Generator RTF: 0.0363(0.182s / 5.025s)
generated_audios/generated_H1_128C/61-70970-0021_generated.wav | RTF: 0.2927(1.582s / 5.405s) | Generator RTF: 0.2921(1.579s / 5.405s)
generated_audios/generated_H1_128C/61-70970-0022_generated.wav | RTF: 0.0387(0.154s / 3.970s) | Generator RTF: 0.0378(0.150s / 3.970s)
generated_audios/generated_H1_128C/61-70970-0023_generated.wav | RTF: 0.0379(0.140s / 3.705s) | Generator RTF: 0.0370(0.137s / 3.705s)
generated_audios/generated_H1_128C/61-70970-0024_generated.wav | RTF: 0.3060(2.214s / 7.235s) | Generator RTF: 0.3054(2.210s / 7.235s)
generated_audios/generated_H1_128C/61-70970-0025_generated.wav | RTF: 0.3056(2.272s / 7.435s) | Generator RTF: 0.3050(2.268s / 7.435s)
generated_audios/generated_H1_128C/61-70970-0026_generated.wav | RTF: 0.0383(0.210s / 5.475s) | Generator RTF: 0.0376(0.206s / 5.475s)
generated_audios/generated_H1_128C/61-70970-0027_generated.wav | RTF: 0.0348(0.177s / 5.080s) | Generator RTF: 0.0341(0.173s / 5.080s)
generated_audios/generated_H1_128C/61-70970-0028_generated.wav | RTF: 0.0357(0.234s / 6.550s) | Generator RTF: 0.0351(0.230s / 6.550s)
generated_audios/generated_H1_128C/61-70970-0029_generated.wav | RTF: 0.0368(0.148s / 4.030s) | Generator RTF: 0.0360(0.145s / 4.030s)
generated_audios/generated_H1_128C/61-70970-0030_generated.wav | RTF: 0.0387(0.125s / 3.240s) | Generator RTF: 0.0377(0.122s / 3.240s)
generated_audios/generated_H1_128C/61-70970-0031_generated.wav | RTF: 0.3023(1.552s / 5.135s) | Generator RTF: 0.3016(1.549s / 5.135s)
generated_audios/generated_H1_128C/61-70970-0032_generated.wav | RTF: 0.0376(0.118s / 3.135s) | Generator RTF: 0.0365(0.114s / 3.135s)
generated_audios/generated_H1_128C/61-70970-0033_generated.wav | RTF: 0.2858(0.977s / 3.420s) | Generator RTF: 0.2848(0.974s / 3.420s)
generated_audios/generated_H1_128C/61-70970-0034_generated.wav | RTF: 0.0341(0.153s / 4.485s) | Generator RTF: 0.0335(0.150s / 4.485s)
generated_audios/generated_H1_128C/61-70970-0035_generated.wav | RTF: 0.0352(0.261s / 7.405s) | Generator RTF: 0.0347(0.257s / 7.405s)
generated_audios/generated_H1_128C/61-70970-0036_generated.wav | RTF: 0.0351(0.238s / 6.785s) | Generator RTF: 0.0344(0.234s / 6.785s)
generated_audios/generated_H1_128C/61-70970-0037_generated.wav | RTF: 0.3030(1.812s / 5.980s) | Generator RTF: 0.3023(1.808s / 5.980s)
generated_audios/generated_H1_128C/61-70970-0038_generated.wav | RTF: 0.3071(3.194s / 10.400s) | Generator RTF: 0.3067(3.190s / 10.400s)
generated_audios/generated_H1_128C/61-70970-0039_generated.wav | RTF: 0.0347(0.231s / 6.665s) | Generator RTF: 0.0341(0.227s / 6.665s)
generated_audios/generated_H1_128C/61-70970-0040_generated.wav | RTF: 0.0356(0.148s / 4.165s) | Generator RTF: 0.0347(0.145s / 4.165s)
generated_audios/generated_H1_128C/672-122797-0000_generated.wav | RTF: 0.3045(1.239s / 4.070s) | Generator RTF: 0.3036(1.236s / 4.070s)
generated_audios/generated_H1_128C/672-122797-0001_generated.wav | RTF: 0.3182(4.815s / 15.130s) | Generator RTF: 0.3180(4.812s / 15.130s)
generated_audios/generated_H1_128C/672-122797-0002_generated.wav | RTF: 0.2916(3.972s / 13.620s) | Generator RTF: 0.2913(3.967s / 13.620s)
generated_audios/generated_H1_128C/672-122797-0003_generated.wav | RTF: 0.3030(1.442s / 4.760s) | Generator RTF: 0.3022(1.439s / 4.760s)
generated_audios/generated_H1_128C/672-122797-0004_generated.wav | RTF: 0.2958(3.032s / 10.250s) | Generator RTF: 0.2954(3.028s / 10.250s)
generated_audios/generated_H1_128C/672-122797-0005_generated.wav | RTF: 0.2983(0.972s / 3.260s) | Generator RTF: 0.2972(0.969s / 3.260s)
generated_audios/generated_H1_128C/672-122797-0006_generated.wav | RTF: 0.3223(4.497s / 13.950s) | Generator RTF: 0.3221(4.493s / 13.950s)
generated_audios/generated_H1_128C/672-122797-0007_generated.wav | RTF: 0.3028(1.944s / 6.420s) | Generator RTF: 0.3022(1.940s / 6.420s)
generated_audios/generated_H1_128C/672-122797-0008_generated.wav | RTF: 0.3165(9.752s / 30.810s) | Generator RTF: 0.3163(9.746s / 30.810s)
generated_audios/generated_H1_128C/672-122797-0009_generated.wav | RTF: 0.0389(0.108s / 2.765s) | Generator RTF: 0.0378(0.104s / 2.765s)
generated_audios/generated_H1_128C/672-122797-0010_generated.wav | RTF: 0.0372(0.142s / 3.815s) | Generator RTF: 0.0363(0.139s / 3.815s)
generated_audios/generated_H1_128C/672-122797-0011_generated.wav | RTF: 0.3172(0.806s / 2.540s) | Generator RTF: 0.3160(0.803s / 2.540s)
generated_audios/generated_H1_128C/672-122797-0012_generated.wav | RTF: 0.3180(2.469s / 7.765s) | Generator RTF: 0.3176(2.466s / 7.765s)
generated_audios/generated_H1_128C/672-122797-0013_generated.wav | RTF: 0.3201(2.787s / 8.705s) | Generator RTF: 0.3197(2.783s / 8.705s)
generated_audios/generated_H1_128C/672-122797-0014_generated.wav | RTF: 0.0393(0.100s / 2.555s) | Generator RTF: 0.0385(0.098s / 2.555s)
generated_audios/generated_H1_128C/672-122797-0015_generated.wav | RTF: 0.0348(0.155s / 4.455s) | Generator RTF: 0.0341(0.152s / 4.455s)
generated_audios/generated_H1_128C/672-122797-0016_generated.wav | RTF: 0.3125(2.879s / 9.215s) | Generator RTF: 0.3121(2.876s / 9.215s)
generated_audios/generated_H1_128C/672-122797-0017_generated.wav | RTF: 0.3040(1.465s / 4.820s) | Generator RTF: 0.3033(1.462s / 4.820s)
generated_audios/generated_H1_128C/672-122797-0018_generated.wav | RTF: 0.3100(1.528s / 4.930s) | Generator RTF: 0.3094(1.525s / 4.930s)
generated_audios/generated_H1_128C/672-122797-0019_generated.wav | RTF: 0.2965(1.219s / 4.110s) | Generator RTF: 0.2957(1.215s / 4.110s)
generated_audios/generated_H1_128C/672-122797-0020_generated.wav | RTF: 0.3103(2.738s / 8.825s) | Generator RTF: 0.3098(2.734s / 8.825s)
generated_audios/generated_H1_128C/672-122797-0021_generated.wav | RTF: 0.0370(0.154s / 4.150s) | Generator RTF: 0.0362(0.150s / 4.150s)
generated_audios/generated_H1_128C/672-122797-0022_generated.wav | RTF: 0.3157(6.000s / 19.005s) | Generator RTF: 0.3155(5.995s / 19.005s)
generated_audios/generated_H1_128C/672-122797-0023_generated.wav | RTF: 0.3058(2.965s / 9.695s) | Generator RTF: 0.3054(2.961s / 9.695s)
generated_audios/generated_H1_128C/672-122797-0024_generated.wav | RTF: 0.2995(1.237s / 4.130s) | Generator RTF: 0.2986(1.233s / 4.130s)
generated_audios/generated_H1_128C/672-122797-0025_generated.wav | RTF: 0.3117(3.332s / 10.690s) | Generator RTF: 0.3114(3.329s / 10.690s)
generated_audios/generated_H1_128C/672-122797-0026_generated.wav | RTF: 0.3133(4.374s / 13.960s) | Generator RTF: 0.3130(4.370s / 13.960s)
generated_audios/generated_H1_128C/672-122797-0027_generated.wav | RTF: 0.0351(0.168s / 4.790s) | Generator RTF: 0.0344(0.165s / 4.790s)
generated_audios/generated_H1_128C/672-122797-0028_generated.wav | RTF: 0.0380(0.099s / 2.610s) | Generator RTF: 0.0368(0.096s / 2.610s)
generated_audios/generated_H1_128C/672-122797-0029_generated.wav | RTF: 0.0377(0.115s / 3.050s) | Generator RTF: 0.0368(0.112s / 3.050s)
generated_audios/generated_H1_128C/672-122797-0030_generated.wav | RTF: 0.3026(1.384s / 4.575s) | Generator RTF: 0.3018(1.381s / 4.575s)
generated_audios/generated_H1_128C/672-122797-0031_generated.wav | RTF: 0.0373(0.149s / 3.980s) | Generator RTF: 0.0365(0.145s / 3.980s)
generated_audios/generated_H1_128C/672-122797-0032_generated.wav | RTF: 0.0363(0.145s / 4.000s) | Generator RTF: 0.0355(0.142s / 4.000s)
generated_audios/generated_H1_128C/672-122797-0033_generated.wav | RTF: 0.2727(0.350s / 1.285s) | Generator RTF: 0.2703(0.347s / 1.285s)
generated_audios/generated_H1_128C/672-122797-0034_generated.wav | RTF: 0.0341(0.174s / 5.110s) | Generator RTF: 0.0335(0.171s / 5.110s)
generated_audios/generated_H1_128C/672-122797-0035_generated.wav | RTF: 0.0374(0.108s / 2.900s) | Generator RTF: 0.0364(0.105s / 2.900s)
generated_audios/generated_H1_128C/672-122797-0036_generated.wav | RTF: 0.0359(0.192s / 5.365s) | Generator RTF: 0.0353(0.189s / 5.365s)
generated_audios/generated_H1_128C/672-122797-0037_generated.wav | RTF: 0.2892(0.567s / 1.960s) | Generator RTF: 0.2876(0.564s / 1.960s)
generated_audios/generated_H1_128C/672-122797-0038_generated.wav | RTF: 0.3144(2.767s / 8.800s) | Generator RTF: 0.3140(2.763s / 8.800s)
generated_audios/generated_H1_128C/672-122797-0039_generated.wav | RTF: 0.3065(1.234s / 4.025s) | Generator RTF: 0.3057(1.231s / 4.025s)
generated_audios/generated_H1_128C/672-122797-0040_generated.wav | RTF: 0.0364(0.186s / 5.125s) | Generator RTF: 0.0357(0.183s / 5.125s)
generated_audios/generated_H1_128C/672-122797-0041_generated.wav | RTF: 0.0373(0.145s / 3.880s) | Generator RTF: 0.0365(0.142s / 3.880s)
generated_audios/generated_H1_128C/672-122797-0042_generated.wav | RTF: 0.3137(4.802s / 15.310s) | Generator RTF: 0.3134(4.798s / 15.310s)
generated_audios/generated_H1_128C/672-122797-0043_generated.wav | RTF: 0.0375(0.142s / 3.780s) | Generator RTF: 0.0366(0.138s / 3.780s)
generated_audios/generated_H1_128C/672-122797-0044_generated.wav | RTF: 0.0376(0.141s / 3.740s) | Generator RTF: 0.0369(0.138s / 3.740s)
generated_audios/generated_H1_128C/672-122797-0045_generated.wav | RTF: 0.0346(0.482s / 13.960s) | Generator RTF: 0.0343(0.479s / 13.960s)
generated_audios/generated_H1_128C/672-122797-0046_generated.wav | RTF: 0.3029(1.428s / 4.715s) | Generator RTF: 0.3022(1.425s / 4.715s)
generated_audios/generated_H1_128C/672-122797-0047_generated.wav | RTF: 0.3010(1.001s / 3.325s) | Generator RTF: 0.3000(0.997s / 3.325s)
generated_audios/generated_H1_128C/672-122797-0048_generated.wav | RTF: 0.0372(0.244s / 6.555s) | Generator RTF: 0.0367(0.240s / 6.555s)
generated_audios/generated_H1_128C/672-122797-0049_generated.wav | RTF: 0.0421(0.085s / 2.020s) | Generator RTF: 0.0406(0.082s / 2.020s)
generated_audios/generated_H1_128C/672-122797-0050_generated.wav | RTF: 0.3052(1.482s / 4.855s) | Generator RTF: 0.3046(1.479s / 4.855s)
generated_audios/generated_H1_128C/672-122797-0051_generated.wav | RTF: 0.3113(1.452s / 4.665s) | Generator RTF: 0.3105(1.449s / 4.665s)
generated_audios/generated_H1_128C/672-122797-0052_generated.wav | RTF: 0.2950(1.264s / 4.285s) | Generator RTF: 0.2942(1.261s / 4.285s)
generated_audios/generated_H1_128C/672-122797-0053_generated.wav | RTF: 0.0392(0.116s / 2.955s) | Generator RTF: 0.0380(0.112s / 2.955s)
generated_audios/generated_H1_128C/672-122797-0054_generated.wav | RTF: 0.0388(0.165s / 4.250s) | Generator RTF: 0.0380(0.162s / 4.250s)
generated_audios/generated_H1_128C/672-122797-0055_generated.wav | RTF: 0.2928(2.410s / 8.230s) | Generator RTF: 0.2924(2.406s / 8.230s)
generated_audios/generated_H1_128C/672-122797-0056_generated.wav | RTF: 0.0357(0.186s / 5.225s) | Generator RTF: 0.0351(0.183s / 5.225s)
generated_audios/generated_H1_128C/672-122797-0057_generated.wav | RTF: 0.0348(0.228s / 6.560s) | Generator RTF: 0.0342(0.224s / 6.560s)
generated_audios/generated_H1_128C/672-122797-0058_generated.wav | RTF: 0.3061(1.368s / 4.470s) | Generator RTF: 0.3053(1.365s / 4.470s)
generated_audios/generated_H1_128C/672-122797-0059_generated.wav | RTF: 0.2990(1.052s / 3.520s) | Generator RTF: 0.2980(1.049s / 3.520s)
generated_audios/generated_H1_128C/672-122797-0060_generated.wav | RTF: 0.0411(0.138s / 3.350s) | Generator RTF: 0.0402(0.135s / 3.350s)
generated_audios/generated_H1_128C/672-122797-0061_generated.wav | RTF: 0.3171(2.407s / 7.590s) | Generator RTF: 0.3167(2.404s / 7.590s)
generated_audios/generated_H1_128C/672-122797-0062_generated.wav | RTF: 0.3135(0.839s / 2.675s) | Generator RTF: 0.3122(0.835s / 2.675s)
generated_audios/generated_H1_128C/672-122797-0063_generated.wav | RTF: 0.0340(0.172s / 5.075s) | Generator RTF: 0.0333(0.169s / 5.075s)
generated_audios/generated_H1_128C/672-122797-0064_generated.wav | RTF: 0.3128(4.777s / 15.270s) | Generator RTF: 0.3126(4.773s / 15.270s)
generated_audios/generated_H1_128C/672-122797-0065_generated.wav | RTF: 0.0397(0.120s / 3.030s) | Generator RTF: 0.0386(0.117s / 3.030s)
generated_audios/generated_H1_128C/672-122797-0066_generated.wav | RTF: 0.0362(0.174s / 4.815s) | Generator RTF: 0.0355(0.171s / 4.815s)
generated_audios/generated_H1_128C/672-122797-0067_generated.wav | RTF: 0.2996(3.906s / 13.035s) | Generator RTF: 0.2993(3.902s / 13.035s)
generated_audios/generated_H1_128C/672-122797-0068_generated.wav | RTF: 0.0359(0.144s / 4.020s) | Generator RTF: 0.0350(0.141s / 4.020s)
generated_audios/generated_H1_128C/672-122797-0069_generated.wav | RTF: 0.3157(1.582s / 5.010s) | Generator RTF: 0.3150(1.578s / 5.010s)
generated_audios/generated_H1_128C/672-122797-0070_generated.wav | RTF: 0.2921(1.832s / 6.270s) | Generator RTF: 0.2916(1.828s / 6.270s)
generated_audios/generated_H1_128C/672-122797-0071_generated.wav | RTF: 0.3118(2.768s / 8.875s) | Generator RTF: 0.3114(2.763s / 8.875s)
generated_audios/generated_H1_128C/672-122797-0072_generated.wav | RTF: 0.3182(2.526s / 7.940s) | Generator RTF: 0.3177(2.522s / 7.940s)
generated_audios/generated_H1_128C/672-122797-0073_generated.wav | RTF: 0.3136(2.573s / 8.205s) | Generator RTF: 0.3131(2.569s / 8.205s)
generated_audios/generated_H1_128C/672-122797-0074_generated.wav | RTF: 0.3197(2.791s / 8.730s) | Generator RTF: 0.3193(2.787s / 8.730s)
generated_audios/generated_H1_128C/908-157963-0000_generated.wav | RTF: 0.3003(3.790s / 12.620s) | Generator RTF: 0.3000(3.786s / 12.620s)
generated_audios/generated_H1_128C/908-157963-0001_generated.wav | RTF: 0.3054(0.881s / 2.885s) | Generator RTF: 0.3043(0.878s / 2.885s)
generated_audios/generated_H1_128C/908-157963-0002_generated.wav | RTF: 0.3065(0.844s / 2.755s) | Generator RTF: 0.3054(0.841s / 2.755s)
generated_audios/generated_H1_128C/908-157963-0003_generated.wav | RTF: 0.3055(0.941s / 3.080s) | Generator RTF: 0.3044(0.938s / 3.080s)
generated_audios/generated_H1_128C/908-157963-0004_generated.wav | RTF: 0.3103(4.341s / 13.990s) | Generator RTF: 0.3100(4.337s / 13.990s)
generated_audios/generated_H1_128C/908-157963-0005_generated.wav | RTF: 0.3048(2.144s / 7.035s) | Generator RTF: 0.3043(2.141s / 7.035s)
generated_audios/generated_H1_128C/908-157963-0006_generated.wav | RTF: 0.3076(2.494s / 8.110s) | Generator RTF: 0.3071(2.491s / 8.110s)
generated_audios/generated_H1_128C/908-157963-0007_generated.wav | RTF: 0.3198(10.479s / 32.770s) | Generator RTF: 0.3196(10.472s / 32.770s)
generated_audios/generated_H1_128C/908-157963-0008_generated.wav | RTF: 0.3162(6.308s / 19.950s) | Generator RTF: 0.3160(6.303s / 19.950s)
generated_audios/generated_H1_128C/908-157963-0009_generated.wav | RTF: 0.3144(1.276s / 4.060s) | Generator RTF: 0.3135(1.273s / 4.060s)
generated_audios/generated_H1_128C/908-157963-0010_generated.wav | RTF: 0.0360(0.226s / 6.280s) | Generator RTF: 0.0354(0.222s / 6.280s)
generated_audios/generated_H1_128C/908-157963-0011_generated.wav | RTF: 0.0369(0.384s / 10.395s) | Generator RTF: 0.0366(0.380s / 10.395s)
generated_audios/generated_H1_128C/908-157963-0012_generated.wav | RTF: 0.3104(3.132s / 10.090s) | Generator RTF: 0.3100(3.128s / 10.090s)
generated_audios/generated_H1_128C/908-157963-0013_generated.wav | RTF: 0.0367(0.158s / 4.315s) | Generator RTF: 0.0359(0.155s / 4.315s)
generated_audios/generated_H1_128C/908-157963-0014_generated.wav | RTF: 0.0350(0.158s / 4.520s) | Generator RTF: 0.0342(0.155s / 4.520s)
generated_audios/generated_H1_128C/908-157963-0015_generated.wav | RTF: 0.2922(4.227s / 14.465s) | Generator RTF: 0.2919(4.222s / 14.465s)
generated_audios/generated_H1_128C/908-157963-0016_generated.wav | RTF: 0.0349(0.178s / 5.105s) | Generator RTF: 0.0342(0.174s / 5.105s)
generated_audios/generated_H1_128C/908-157963-0017_generated.wav | RTF: 0.2904(1.437s / 4.950s) | Generator RTF: 0.2898(1.434s / 4.950s)
generated_audios/generated_H1_128C/908-157963-0018_generated.wav | RTF: 0.0392(0.167s / 4.255s) | Generator RTF: 0.0384(0.163s / 4.255s)
generated_audios/generated_H1_128C/908-157963-0019_generated.wav | RTF: 0.3183(6.825s / 21.440s) | Generator RTF: 0.3181(6.820s / 21.440s)
generated_audios/generated_H1_128C/908-157963-0020_generated.wav | RTF: 0.3095(3.033s / 9.800s) | Generator RTF: 0.3090(3.028s / 9.800s)
generated_audios/generated_H1_128C/908-157963-0021_generated.wav | RTF: 0.0351(0.360s / 10.240s) | Generator RTF: 0.0347(0.356s / 10.240s)
generated_audios/generated_H1_128C/908-157963-0022_generated.wav | RTF: 0.3140(1.448s / 4.610s) | Generator RTF: 0.3132(1.444s / 4.610s)
generated_audios/generated_H1_128C/908-157963-0023_generated.wav | RTF: 0.3188(3.068s / 9.625s) | Generator RTF: 0.3184(3.064s / 9.625s)
generated_audios/generated_H1_128C/908-157963-0024_generated.wav | RTF: 0.3155(1.085s / 3.440s) | Generator RTF: 0.3145(1.082s / 3.440s)
generated_audios/generated_H1_128C/908-157963-0025_generated.wav | RTF: 0.2972(2.753s / 9.265s) | Generator RTF: 0.2968(2.750s / 9.265s)
generated_audios/generated_H1_128C/908-157963-0026_generated.wav | RTF: 0.3072(2.488s / 8.100s) | Generator RTF: 0.3067(2.484s / 8.100s)
generated_audios/generated_H1_128C/908-157963-0027_generated.wav | RTF: 0.0361(0.188s / 5.225s) | Generator RTF: 0.0354(0.185s / 5.225s)
generated_audios/generated_H1_128C/908-157963-0028_generated.wav | RTF: 0.0298(0.147s / 4.955s) | Generator RTF: 0.0290(0.144s / 4.955s)
generated_audios/generated_H1_128C/908-157963-0029_generated.wav | RTF: 0.2890(1.049s / 3.630s) | Generator RTF: 0.2881(1.046s / 3.630s)
generated_audios/generated_H1_128C/908-157963-0030_generated.wav | RTF: 0.0355(0.160s / 4.520s) | Generator RTF: 0.0347(0.157s / 4.520s)
generated_audios/generated_H1_128C/908-31957-0000_generated.wav | RTF: 0.2961(0.629s / 2.125s) | Generator RTF: 0.2947(0.626s / 2.125s)
generated_audios/generated_H1_128C/908-31957-0001_generated.wav | RTF: 0.3124(3.534s / 11.315s) | Generator RTF: 0.3120(3.530s / 11.315s)
generated_audios/generated_H1_128C/908-31957-0002_generated.wav | RTF: 0.0355(0.170s / 4.790s) | Generator RTF: 0.0348(0.167s / 4.790s)
generated_audios/generated_H1_128C/908-31957-0003_generated.wav | RTF: 0.0347(0.228s / 6.565s) | Generator RTF: 0.0342(0.224s / 6.565s)
generated_audios/generated_H1_128C/908-31957-0004_generated.wav | RTF: 0.3137(4.628s / 14.755s) | Generator RTF: 0.3133(4.623s / 14.755s)
generated_audios/generated_H1_128C/908-31957-0005_generated.wav | RTF: 0.0339(0.152s / 4.490s) | Generator RTF: 0.0333(0.149s / 4.490s)
generated_audios/generated_H1_128C/908-31957-0006_generated.wav | RTF: 0.2908(1.713s / 5.890s) | Generator RTF: 0.2902(1.709s / 5.890s)
generated_audios/generated_H1_128C/908-31957-0007_generated.wav | RTF: 0.0334(0.194s / 5.800s) | Generator RTF: 0.0328(0.190s / 5.800s)
generated_audios/generated_H1_128C/908-31957-0008_generated.wav | RTF: 0.2907(2.908s / 10.005s) | Generator RTF: 0.2903(2.904s / 10.005s)
generated_audios/generated_H1_128C/908-31957-0009_generated.wav | RTF: 0.2892(2.228s / 7.705s) | Generator RTF: 0.2887(2.224s / 7.705s)
generated_audios/generated_H1_128C/908-31957-0010_generated.wav | RTF: 0.2871(0.721s / 2.510s) | Generator RTF: 0.2860(0.718s / 2.510s)
generated_audios/generated_H1_128C/908-31957-0011_generated.wav | RTF: 0.0403(0.094s / 2.335s) | Generator RTF: 0.0391(0.091s / 2.335s)
generated_audios/generated_H1_128C/908-31957-0012_generated.wav | RTF: 0.3066(2.335s / 7.615s) | Generator RTF: 0.3061(2.331s / 7.615s)
generated_audios/generated_H1_128C/908-31957-0013_generated.wav | RTF: 0.3107(1.920s / 6.180s) | Generator RTF: 0.3101(1.916s / 6.180s)
generated_audios/generated_H1_128C/908-31957-0014_generated.wav | RTF: 0.2899(2.192s / 7.560s) | Generator RTF: 0.2894(2.188s / 7.560s)
generated_audios/generated_H1_128C/908-31957-0015_generated.wav | RTF: 0.2984(6.405s / 21.465s) | Generator RTF: 0.2982(6.400s / 21.465s)
generated_audios/generated_H1_128C/908-31957-0016_generated.wav | RTF: 0.2927(1.897s / 6.480s) | Generator RTF: 0.2922(1.894s / 6.480s)
generated_audios/generated_H1_128C/908-31957-0017_generated.wav | RTF: 0.3104(2.420s / 7.795s) | Generator RTF: 0.3099(2.416s / 7.795s)
generated_audios/generated_H1_128C/908-31957-0018_generated.wav | RTF: 0.3186(1.247s / 3.915s) | Generator RTF: 0.3177(1.244s / 3.915s)
generated_audios/generated_H1_128C/908-31957-0019_generated.wav | RTF: 0.3176(3.030s / 9.540s) | Generator RTF: 0.3172(3.026s / 9.540s)
generated_audios/generated_H1_128C/908-31957-0020_generated.wav | RTF: 0.0294(0.173s / 5.895s) | Generator RTF: 0.0288(0.170s / 5.895s)
generated_audios/generated_H1_128C/908-31957-0021_generated.wav | RTF: 0.2969(3.238s / 10.905s) | Generator RTF: 0.2966(3.234s / 10.905s)
generated_audios/generated_H1_128C/908-31957-0022_generated.wav | RTF: 0.3137(4.424s / 14.100s) | Generator RTF: 0.3134(4.419s / 14.100s)
generated_audios/generated_H1_128C/908-31957-0023_generated.wav | RTF: 0.3135(2.670s / 8.515s) | Generator RTF: 0.3130(2.666s / 8.515s)
generated_audios/generated_H1_128C/908-31957-0024_generated.wav | RTF: 0.3055(2.303s / 7.540s) | Generator RTF: 0.3050(2.300s / 7.540s)
generated_audios/generated_H1_128C/908-31957-0025_generated.wav | RTF: 0.3127(6.429s / 20.560s) | Generator RTF: 0.3124(6.424s / 20.560s)
Average RTF: 0.2455(775.811s / 3159.849s)
Average Generator RTF: 0.2449(773.976s / 3159.849s)
Evaluation summary:
  Mel-spectrogram L1: 0.306314
  PESQ: 2.422547
  STOI: 0.933293
Appended per-audio metrics to CSV: per_audio_results/H1_baseline

Appended metrics to CSV: experiments_results.csv
========== H2: quantized (INT8 dynamic quantization) ==========
Initializing Inference Process..
Using device: cpu (baseline and quantized inference both run on CPU)
Quantization enabled: forcing CPU inference for INT8 model.
Loading '/home/hpc/vlbi/vlbi107v/hifi-gan/cp_hifigan/v1_c128/g_07960000'
Complete.
Checkpoint contains weight_norm parameters. Keeping weight_norm wrappers for loading...
Removing weight norm...
Calibrating static quantization using 50 samples...
INT8 quantization scope: resblocks_range
Quantizing residual blocks 3..8; all other layers stay FP32.
Checking quantized modules after static quantization:
Quantized module: resblocks.3.convs1.0 (torch.ao.nn.quantized.modules.conv.Conv1d)
Quantized module: resblocks.3.convs1.1 (torch.ao.nn.quantized.modules.conv.Conv1d)
Quantized module: resblocks.3.convs1.2 (torch.ao.nn.quantized.modules.conv.Conv1d)
Quantized module: resblocks.3.convs2.0 (torch.ao.nn.quantized.modules.conv.Conv1d)
Quantized module: resblocks.3.convs2.1 (torch.ao.nn.quantized.modules.conv.Conv1d)
Quantized module: resblocks.3.convs2.2 (torch.ao.nn.quantized.modules.conv.Conv1d)
Quantized module: resblocks.4.convs1.0 (torch.ao.nn.quantized.modules.conv.Conv1d)
Quantized module: resblocks.4.convs1.1 (torch.ao.nn.quantized.modules.conv.Conv1d)
Quantized module: resblocks.4.convs1.2 (torch.ao.nn.quantized.modules.conv.Conv1d)
Quantized module: resblocks.4.convs2.0 (torch.ao.nn.quantized.modules.conv.Conv1d)
Quantized module: resblocks.4.convs2.1 (torch.ao.nn.quantized.modules.conv.Conv1d)
Quantized module: resblocks.4.convs2.2 (torch.ao.nn.quantized.modules.conv.Conv1d)
Quantized module: resblocks.5.convs1.0 (torch.ao.nn.quantized.modules.conv.Conv1d)
Quantized module: resblocks.5.convs1.1 (torch.ao.nn.quantized.modules.conv.Conv1d)
Quantized module: resblocks.5.convs1.2 (torch.ao.nn.quantized.modules.conv.Conv1d)
Quantized module: resblocks.5.convs2.0 (torch.ao.nn.quantized.modules.conv.Conv1d)
Quantized module: resblocks.5.convs2.1 (torch.ao.nn.quantized.modules.conv.Conv1d)
Quantized module: resblocks.5.convs2.2 (torch.ao.nn.quantized.modules.conv.Conv1d)
Quantized module: resblocks.6.convs1.0 (torch.ao.nn.quantized.modules.conv.Conv1d)
Quantized module: resblocks.6.convs1.1 (torch.ao.nn.quantized.modules.conv.Conv1d)
Quantized module: resblocks.6.convs1.2 (torch.ao.nn.quantized.modules.conv.Conv1d)
Quantized module: resblocks.6.convs2.0 (torch.ao.nn.quantized.modules.conv.Conv1d)
Quantized module: resblocks.6.convs2.1 (torch.ao.nn.quantized.modules.conv.Conv1d)
Quantized module: resblocks.6.convs2.2 (torch.ao.nn.quantized.modules.conv.Conv1d)
Quantized module: resblocks.7.convs1.0 (torch.ao.nn.quantized.modules.conv.Conv1d)
Quantized module: resblocks.7.convs1.1 (torch.ao.nn.quantized.modules.conv.Conv1d)
Quantized module: resblocks.7.convs1.2 (torch.ao.nn.quantized.modules.conv.Conv1d)
Quantized module: resblocks.7.convs2.0 (torch.ao.nn.quantized.modules.conv.Conv1d)
Quantized module: resblocks.7.convs2.1 (torch.ao.nn.quantized.modules.conv.Conv1d)
Quantized module: resblocks.7.convs2.2 (torch.ao.nn.quantized.modules.conv.Conv1d)
Quantized module: resblocks.8.convs1.0 (torch.ao.nn.quantized.modules.conv.Conv1d)
Quantized module: resblocks.8.convs1.1 (torch.ao.nn.quantized.modules.conv.Conv1d)
Quantized module: resblocks.8.convs1.2 (torch.ao.nn.quantized.modules.conv.Conv1d)
Quantized module: resblocks.8.convs2.0 (torch.ao.nn.quantized.modules.conv.Conv1d)
Quantized module: resblocks.8.convs2.1 (torch.ao.nn.quantized.modules.conv.Conv1d)
Quantized module: resblocks.8.convs2.2 (torch.ao.nn.quantized.modules.conv.Conv1d)
Saving checkpoint to /home/hpc/vlbi/vlbi107v/hifi-gan/cp_hifigan/v1_c128/compressed_checkpoint_int8
Complete.
Saved compressed checkpoint: /home/hpc/vlbi/vlbi107v/hifi-gan/cp_hifigan/v1_c128/compressed_checkpoint_int8 (3.200 MB)
Compressed checkpoint parameters: 926,129
Loaded checkpoint: /home/hpc/vlbi/vlbi107v/hifi-gan/cp_hifigan/v1_c128/g_07960000 (3.617 MB)
Generator parameters: 926,129
generated_audios/generated_H2_128C_int8/1089-134686-0000_generated.wav | RTF: 0.0261(0.272s / 10.435s) | Generator RTF: 0.0257(0.269s / 10.435s)
generated_audios/generated_H2_128C_int8/1089-134686-0001_generated.wav | RTF: 0.0315(0.103s / 3.275s) | Generator RTF: 0.0305(0.100s / 3.275s)
generated_audios/generated_H2_128C_int8/1089-134686-0002_generated.wav | RTF: 0.0293(0.194s / 6.625s) | Generator RTF: 0.0287(0.190s / 6.625s)
generated_audios/generated_H2_128C_int8/1089-134686-0003_generated.wav | RTF: 0.0296(0.079s / 2.680s) | Generator RTF: 0.0284(0.076s / 2.680s)
generated_audios/generated_H2_128C_int8/1089-134686-0004_generated.wav | RTF: 0.0260(0.136s / 5.215s) | Generator RTF: 0.0253(0.132s / 5.215s)
generated_audios/generated_H2_128C_int8/1089-134686-0005_generated.wav | RTF: 0.0251(0.242s / 9.635s) | Generator RTF: 0.0247(0.238s / 9.635s)
generated_audios/generated_H2_128C_int8/1089-134686-0006_generated.wav | RTF: 0.0273(0.288s / 10.555s) | Generator RTF: 0.0269(0.284s / 10.555s)
generated_audios/generated_H2_128C_int8/1089-134686-0007_generated.wav | RTF: 0.0273(0.117s / 4.275s) | Generator RTF: 0.0265(0.113s / 4.275s)
generated_audios/generated_H2_128C_int8/1089-134686-0008_generated.wav | RTF: 0.0290(0.195s / 6.730s) | Generator RTF: 0.0284(0.191s / 6.730s)
generated_audios/generated_H2_128C_int8/1089-134686-0009_generated.wav | RTF: 0.0255(0.269s / 10.575s) | Generator RTF: 0.0251(0.265s / 10.575s)
generated_audios/generated_H2_128C_int8/1089-134686-0010_generated.wav | RTF: 0.0266(0.117s / 4.405s) | Generator RTF: 0.0259(0.114s / 4.405s)
generated_audios/generated_H2_128C_int8/1089-134686-0011_generated.wav | RTF: 0.0269(0.335s / 12.445s) | Generator RTF: 0.0266(0.331s / 12.445s)
generated_audios/generated_H2_128C_int8/1089-134686-0012_generated.wav | RTF: 0.0300(0.349s / 11.640s) | Generator RTF: 0.0296(0.344s / 11.640s)
generated_audios/generated_H2_128C_int8/1089-134686-0013_generated.wav | RTF: 0.0270(0.214s / 7.915s) | Generator RTF: 0.0265(0.210s / 7.915s)
generated_audios/generated_H2_128C_int8/1089-134686-0014_generated.wav | RTF: 0.0310(0.069s / 2.225s) | Generator RTF: 0.0296(0.066s / 2.225s)
generated_audios/generated_H2_128C_int8/1089-134686-0015_generated.wav | RTF: 0.0258(0.150s / 5.815s) | Generator RTF: 0.0252(0.146s / 5.815s)
generated_audios/generated_H2_128C_int8/1089-134686-0016_generated.wav | RTF: 0.0279(0.099s / 3.540s) | Generator RTF: 0.0269(0.095s / 3.540s)
generated_audios/generated_H2_128C_int8/1089-134686-0017_generated.wav | RTF: 0.0262(0.233s / 8.870s) | Generator RTF: 0.0258(0.229s / 8.870s)
generated_audios/generated_H2_128C_int8/1089-134686-0018_generated.wav | RTF: 0.0266(0.419s / 15.720s) | Generator RTF: 0.0264(0.414s / 15.720s)
generated_audios/generated_H2_128C_int8/1089-134686-0019_generated.wav | RTF: 0.0263(0.366s / 13.895s) | Generator RTF: 0.0260(0.362s / 13.895s)
generated_audios/generated_H2_128C_int8/1089-134686-0020_generated.wav | RTF: 0.0293(0.491s / 16.790s) | Generator RTF: 0.0290(0.486s / 16.790s)
generated_audios/generated_H2_128C_int8/1089-134686-0021_generated.wav | RTF: 0.0277(0.181s / 6.550s) | Generator RTF: 0.0271(0.178s / 6.550s)
generated_audios/generated_H2_128C_int8/1089-134686-0022_generated.wav | RTF: 0.0260(0.291s / 11.175s) | Generator RTF: 0.0257(0.287s / 11.175s)
generated_audios/generated_H2_128C_int8/1089-134686-0023_generated.wav | RTF: 0.0274(0.364s / 13.275s) | Generator RTF: 0.0271(0.360s / 13.275s)
generated_audios/generated_H2_128C_int8/1089-134686-0024_generated.wav | RTF: 0.0258(0.300s / 11.655s) | Generator RTF: 0.0254(0.296s / 11.655s)
generated_audios/generated_H2_128C_int8/1089-134686-0025_generated.wav | RTF: 0.0263(0.174s / 6.610s) | Generator RTF: 0.0257(0.170s / 6.610s)
generated_audios/generated_H2_128C_int8/1089-134686-0026_generated.wav | RTF: 0.0308(0.124s / 4.010s) | Generator RTF: 0.0300(0.120s / 4.010s)
generated_audios/generated_H2_128C_int8/1089-134686-0027_generated.wav | RTF: 0.0289(0.078s / 2.710s) | Generator RTF: 0.0278(0.075s / 2.710s)
generated_audios/generated_H2_128C_int8/1089-134686-0028_generated.wav | RTF: 0.0264(0.207s / 7.830s) | Generator RTF: 0.0259(0.203s / 7.830s)
generated_audios/generated_H2_128C_int8/1089-134686-0029_generated.wav | RTF: 0.0307(0.144s / 4.670s) | Generator RTF: 0.0300(0.140s / 4.670s)
generated_audios/generated_H2_128C_int8/1089-134686-0030_generated.wav | RTF: 0.0247(0.067s / 2.715s) | Generator RTF: 0.0235(0.064s / 2.715s)
generated_audios/generated_H2_128C_int8/1089-134686-0031_generated.wav | RTF: 0.0221(0.146s / 6.615s) | Generator RTF: 0.0216(0.143s / 6.615s)
generated_audios/generated_H2_128C_int8/121-121726-0000_generated.wav | RTF: 0.0263(0.223s / 8.460s) | Generator RTF: 0.0258(0.219s / 8.460s)
generated_audios/generated_H2_128C_int8/121-121726-0001_generated.wav | RTF: 0.0300(0.178s / 5.925s) | Generator RTF: 0.0294(0.174s / 5.925s)
generated_audios/generated_H2_128C_int8/121-121726-0002_generated.wav | RTF: 0.0232(0.102s / 4.410s) | Generator RTF: 0.0224(0.099s / 4.410s)
generated_audios/generated_H2_128C_int8/121-121726-0003_generated.wav | RTF: 0.0262(0.177s / 6.755s) | Generator RTF: 0.0257(0.174s / 6.755s)
generated_audios/generated_H2_128C_int8/121-121726-0004_generated.wav | RTF: 0.0279(0.112s / 4.020s) | Generator RTF: 0.0270(0.109s / 4.020s)
generated_audios/generated_H2_128C_int8/121-121726-0005_generated.wav | RTF: 0.0284(0.088s / 3.100s) | Generator RTF: 0.0274(0.085s / 3.100s)
generated_audios/generated_H2_128C_int8/121-121726-0006_generated.wav | RTF: 0.0278(0.108s / 3.895s) | Generator RTF: 0.0269(0.105s / 3.895s)
generated_audios/generated_H2_128C_int8/121-121726-0007_generated.wav | RTF: 0.0288(0.194s / 6.730s) | Generator RTF: 0.0283(0.191s / 6.730s)
generated_audios/generated_H2_128C_int8/121-121726-0008_generated.wav | RTF: 0.0305(0.152s / 4.990s) | Generator RTF: 0.0297(0.148s / 4.990s)
generated_audios/generated_H2_128C_int8/121-121726-0009_generated.wav | RTF: 0.0264(0.191s / 7.260s) | Generator RTF: 0.0259(0.188s / 7.260s)
generated_audios/generated_H2_128C_int8/121-121726-0010_generated.wav | RTF: 0.0259(0.254s / 9.810s) | Generator RTF: 0.0255(0.250s / 9.810s)
generated_audios/generated_H2_128C_int8/121-121726-0011_generated.wav | RTF: 0.0272(0.110s / 4.035s) | Generator RTF: 0.0263(0.106s / 4.035s)
generated_audios/generated_H2_128C_int8/121-121726-0012_generated.wav | RTF: 0.0291(0.118s / 4.045s) | Generator RTF: 0.0282(0.114s / 4.045s)
generated_audios/generated_H2_128C_int8/121-121726-0013_generated.wav | RTF: 0.0287(0.072s / 2.490s) | Generator RTF: 0.0274(0.068s / 2.490s)
generated_audios/generated_H2_128C_int8/121-121726-0014_generated.wav | RTF: 0.0283(0.090s / 3.165s) | Generator RTF: 0.0274(0.087s / 3.165s)
generated_audios/generated_H2_128C_int8/121-123852-0000_generated.wav | RTF: 0.0288(0.510s / 17.695s) | Generator RTF: 0.0286(0.505s / 17.695s)
generated_audios/generated_H2_128C_int8/121-123852-0001_generated.wav | RTF: 0.0322(0.060s / 1.870s) | Generator RTF: 0.0305(0.057s / 1.870s)
generated_audios/generated_H2_128C_int8/121-123852-0002_generated.wav | RTF: 0.0284(0.490s / 17.285s) | Generator RTF: 0.0281(0.485s / 17.285s)
generated_audios/generated_H2_128C_int8/121-123852-0003_generated.wav | RTF: 0.2959(6.956s / 23.505s) | Generator RTF: 0.2957(6.950s / 23.505s)
generated_audios/generated_H2_128C_int8/121-123852-0004_generated.wav | RTF: 0.2789(4.543s / 16.290s) | Generator RTF: 0.2786(4.539s / 16.290s)
generated_audios/generated_H2_128C_int8/121-123859-0000_generated.wav | RTF: 0.2677(4.655s / 17.390s) | Generator RTF: 0.2674(4.649s / 17.390s)
generated_audios/generated_H2_128C_int8/121-123859-0001_generated.wav | RTF: 0.2732(6.937s / 25.395s) | Generator RTF: 0.2729(6.931s / 25.395s)
generated_audios/generated_H2_128C_int8/121-123859-0002_generated.wav | RTF: 0.2853(8.569s / 30.040s) | Generator RTF: 0.2850(8.561s / 30.040s)
generated_audios/generated_H2_128C_int8/121-123859-0003_generated.wav | RTF: 0.2604(2.818s / 10.825s) | Generator RTF: 0.2600(2.814s / 10.825s)
generated_audios/generated_H2_128C_int8/121-123859-0004_generated.wav | RTF: 0.2589(2.461s / 9.505s) | Generator RTF: 0.2585(2.457s / 9.505s)
generated_audios/generated_H2_128C_int8/121-127105-0000_generated.wav | RTF: 0.2610(2.577s / 9.875s) | Generator RTF: 0.2606(2.573s / 9.875s)
generated_audios/generated_H2_128C_int8/121-127105-0001_generated.wav | RTF: 0.2441(1.227s / 5.025s) | Generator RTF: 0.2434(1.223s / 5.025s)
generated_audios/generated_H2_128C_int8/121-127105-0002_generated.wav | RTF: 0.2409(1.806s / 7.495s) | Generator RTF: 0.2404(1.802s / 7.495s)
generated_audios/generated_H2_128C_int8/121-127105-0003_generated.wav | RTF: 0.2536(1.959s / 7.725s) | Generator RTF: 0.2530(1.955s / 7.725s)
generated_audios/generated_H2_128C_int8/121-127105-0004_generated.wav | RTF: 0.2518(0.531s / 2.110s) | Generator RTF: 0.2504(0.528s / 2.110s)
generated_audios/generated_H2_128C_int8/121-127105-0005_generated.wav | RTF: 0.2429(1.414s / 5.820s) | Generator RTF: 0.2421(1.409s / 5.820s)
generated_audios/generated_H2_128C_int8/121-127105-0006_generated.wav | RTF: 0.2564(1.211s / 4.725s) | Generator RTF: 0.2556(1.208s / 4.725s)
generated_audios/generated_H2_128C_int8/121-127105-0007_generated.wav | RTF: 0.2451(1.419s / 5.790s) | Generator RTF: 0.2445(1.416s / 5.790s)
generated_audios/generated_H2_128C_int8/121-127105-0008_generated.wav | RTF: 0.2506(0.692s / 2.760s) | Generator RTF: 0.2494(0.688s / 2.760s)
generated_audios/generated_H2_128C_int8/121-127105-0009_generated.wav | RTF: 0.2555(0.585s / 2.290s) | Generator RTF: 0.2540(0.582s / 2.290s)
generated_audios/generated_H2_128C_int8/121-127105-0010_generated.wav | RTF: 0.2514(0.717s / 2.850s) | Generator RTF: 0.2503(0.713s / 2.850s)
generated_audios/generated_H2_128C_int8/121-127105-0011_generated.wav | RTF: 0.2569(1.485s / 5.780s) | Generator RTF: 0.2563(1.481s / 5.780s)
generated_audios/generated_H2_128C_int8/121-127105-0012_generated.wav | RTF: 0.2588(1.250s / 4.830s) | Generator RTF: 0.2581(1.247s / 4.830s)
generated_audios/generated_H2_128C_int8/121-127105-0013_generated.wav | RTF: 0.2428(1.432s / 5.895s) | Generator RTF: 0.2422(1.428s / 5.895s)
generated_audios/generated_H2_128C_int8/121-127105-0014_generated.wav | RTF: 0.2743(0.619s / 2.255s) | Generator RTF: 0.2424(0.547s / 2.255s)
generated_audios/generated_H2_128C_int8/121-127105-0015_generated.wav | RTF: 0.2543(0.753s / 2.960s) | Generator RTF: 0.2532(0.749s / 2.960s)
generated_audios/generated_H2_128C_int8/121-127105-0016_generated.wav | RTF: 0.2424(0.492s / 2.030s) | Generator RTF: 0.2409(0.489s / 2.030s)
generated_audios/generated_H2_128C_int8/121-127105-0017_generated.wav | RTF: 0.2527(0.681s / 2.695s) | Generator RTF: 0.2515(0.678s / 2.695s)
generated_audios/generated_H2_128C_int8/121-127105-0018_generated.wav | RTF: 0.2565(0.710s / 2.770s) | Generator RTF: 0.2553(0.707s / 2.770s)
generated_audios/generated_H2_128C_int8/121-127105-0019_generated.wav | RTF: 0.2462(0.868s / 3.525s) | Generator RTF: 0.2453(0.865s / 3.525s)
generated_audios/generated_H2_128C_int8/121-127105-0020_generated.wav | RTF: 0.2722(3.907s / 14.355s) | Generator RTF: 0.2719(3.903s / 14.355s)
generated_audios/generated_H2_128C_int8/121-127105-0021_generated.wav | RTF: 0.2440(0.488s / 2.000s) | Generator RTF: 0.2424(0.485s / 2.000s)
generated_audios/generated_H2_128C_int8/121-127105-0022_generated.wav | RTF: 0.2526(1.282s / 5.075s) | Generator RTF: 0.2520(1.279s / 5.075s)
generated_audios/generated_H2_128C_int8/121-127105-0023_generated.wav | RTF: 0.2461(2.685s / 10.910s) | Generator RTF: 0.2458(2.681s / 10.910s)
generated_audios/generated_H2_128C_int8/121-127105-0024_generated.wav | RTF: 0.2823(4.079s / 14.450s) | Generator RTF: 0.2820(4.075s / 14.450s)
generated_audios/generated_H2_128C_int8/121-127105-0025_generated.wav | RTF: 0.2678(4.302s / 16.065s) | Generator RTF: 0.2675(4.297s / 16.065s)
generated_audios/generated_H2_128C_int8/121-127105-0026_generated.wav | RTF: 0.2449(1.844s / 7.530s) | Generator RTF: 0.2444(1.840s / 7.530s)
generated_audios/generated_H2_128C_int8/121-127105-0027_generated.wav | RTF: 0.2743(3.805s / 13.870s) | Generator RTF: 0.2740(3.800s / 13.870s)
generated_audios/generated_H2_128C_int8/121-127105-0028_generated.wav | RTF: 0.0256(0.172s / 6.750s) | Generator RTF: 0.0250(0.169s / 6.750s)
generated_audios/generated_H2_128C_int8/121-127105-0029_generated.wav | RTF: 0.2542(1.859s / 7.310s) | Generator RTF: 0.2538(1.855s / 7.310s)
generated_audios/generated_H2_128C_int8/121-127105-0030_generated.wav | RTF: 0.2497(0.543s / 2.175s) | Generator RTF: 0.2482(0.540s / 2.175s)
generated_audios/generated_H2_128C_int8/121-127105-0031_generated.wav | RTF: 0.2429(2.615s / 10.765s) | Generator RTF: 0.2425(2.611s / 10.765s)
generated_audios/generated_H2_128C_int8/121-127105-0032_generated.wav | RTF: 0.2404(0.762s / 3.170s) | Generator RTF: 0.2394(0.759s / 3.170s)
generated_audios/generated_H2_128C_int8/121-127105-0033_generated.wav | RTF: 0.2518(0.593s / 2.355s) | Generator RTF: 0.2505(0.590s / 2.355s)
generated_audios/generated_H2_128C_int8/121-127105-0034_generated.wav | RTF: 0.2611(1.935s / 7.410s) | Generator RTF: 0.2606(1.931s / 7.410s)
generated_audios/generated_H2_128C_int8/121-127105-0035_generated.wav | RTF: 0.2695(3.814s / 14.150s) | Generator RTF: 0.2692(3.809s / 14.150s)
generated_audios/generated_H2_128C_int8/121-127105-0036_generated.wav | RTF: 0.2416(1.003s / 4.150s) | Generator RTF: 0.2408(0.999s / 4.150s)
generated_audios/generated_H2_128C_int8/237-126133-0000_generated.wav | RTF: 0.2855(3.795s / 13.290s) | Generator RTF: 0.2852(3.790s / 13.290s)
generated_audios/generated_H2_128C_int8/237-126133-0001_generated.wav | RTF: 0.2871(3.435s / 11.965s) | Generator RTF: 0.2867(3.431s / 11.965s)
generated_audios/generated_H2_128C_int8/237-126133-0002_generated.wav | RTF: 0.2480(2.212s / 8.920s) | Generator RTF: 0.2475(2.208s / 8.920s)
generated_audios/generated_H2_128C_int8/237-126133-0003_generated.wav | RTF: 0.2564(1.682s / 6.560s) | Generator RTF: 0.2559(1.678s / 6.560s)
generated_audios/generated_H2_128C_int8/237-126133-0004_generated.wav | RTF: 0.2600(0.857s / 3.295s) | Generator RTF: 0.2591(0.854s / 3.295s)
generated_audios/generated_H2_128C_int8/237-126133-0005_generated.wav | RTF: 0.2580(1.680s / 6.510s) | Generator RTF: 0.2575(1.676s / 6.510s)
generated_audios/generated_H2_128C_int8/237-126133-0006_generated.wav | RTF: 0.2562(1.576s / 6.150s) | Generator RTF: 0.2556(1.572s / 6.150s)
generated_audios/generated_H2_128C_int8/237-126133-0007_generated.wav | RTF: 0.2457(2.132s / 8.680s) | Generator RTF: 0.2452(2.129s / 8.680s)
generated_audios/generated_H2_128C_int8/237-126133-0008_generated.wav | RTF: 0.2573(0.994s / 3.865s) | Generator RTF: 0.2565(0.991s / 3.865s)
generated_audios/generated_H2_128C_int8/237-126133-0009_generated.wav | RTF: 0.2537(1.007s / 3.970s) | Generator RTF: 0.2528(1.004s / 3.970s)
generated_audios/generated_H2_128C_int8/237-126133-0010_generated.wav | RTF: 0.2442(1.524s / 6.240s) | Generator RTF: 0.2437(1.521s / 6.240s)
generated_audios/generated_H2_128C_int8/237-126133-0011_generated.wav | RTF: 0.2622(1.759s / 6.710s) | Generator RTF: 0.2617(1.756s / 6.710s)
generated_audios/generated_H2_128C_int8/237-126133-0012_generated.wav | RTF: 0.2611(1.162s / 4.450s) | Generator RTF: 0.2604(1.159s / 4.450s)
generated_audios/generated_H2_128C_int8/237-126133-0013_generated.wav | RTF: 0.2578(1.757s / 6.815s) | Generator RTF: 0.2573(1.754s / 6.815s)
generated_audios/generated_H2_128C_int8/237-126133-0014_generated.wav | RTF: 0.2600(1.765s / 6.790s) | Generator RTF: 0.2594(1.761s / 6.790s)
generated_audios/generated_H2_128C_int8/237-126133-0015_generated.wav | RTF: 0.2463(2.301s / 9.340s) | Generator RTF: 0.2459(2.297s / 9.340s)
generated_audios/generated_H2_128C_int8/237-126133-0016_generated.wav | RTF: 0.2475(1.052s / 4.250s) | Generator RTF: 0.2468(1.049s / 4.250s)
generated_audios/generated_H2_128C_int8/237-126133-0017_generated.wav | RTF: 0.2479(1.540s / 6.210s) | Generator RTF: 0.2473(1.536s / 6.210s)
generated_audios/generated_H2_128C_int8/237-126133-0018_generated.wav | RTF: 0.2601(1.065s / 4.095s) | Generator RTF: 0.2593(1.062s / 4.095s)
generated_audios/generated_H2_128C_int8/237-126133-0019_generated.wav | RTF: 0.2645(1.883s / 7.120s) | Generator RTF: 0.2640(1.880s / 7.120s)
generated_audios/generated_H2_128C_int8/237-126133-0020_generated.wav | RTF: 0.2432(0.545s / 2.240s) | Generator RTF: 0.2421(0.542s / 2.240s)
generated_audios/generated_H2_128C_int8/237-126133-0021_generated.wav | RTF: 0.2433(1.062s / 4.365s) | Generator RTF: 0.2426(1.059s / 4.365s)
generated_audios/generated_H2_128C_int8/237-126133-0022_generated.wav | RTF: 0.2584(1.303s / 5.040s) | Generator RTF: 0.2578(1.299s / 5.040s)
generated_audios/generated_H2_128C_int8/237-126133-0023_generated.wav | RTF: 0.2594(1.732s / 6.675s) | Generator RTF: 0.2589(1.728s / 6.675s)
generated_audios/generated_H2_128C_int8/237-126133-0024_generated.wav | RTF: 0.2631(2.543s / 9.665s) | Generator RTF: 0.2627(2.539s / 9.665s)
generated_audios/generated_H2_128C_int8/237-126133-0025_generated.wav | RTF: 0.2551(0.958s / 3.755s) | Generator RTF: 0.2541(0.954s / 3.755s)
generated_audios/generated_H2_128C_int8/237-134493-0000_generated.wav | RTF: 0.2655(1.090s / 4.105s) | Generator RTF: 0.2647(1.087s / 4.105s)
generated_audios/generated_H2_128C_int8/237-134493-0001_generated.wav | RTF: 0.2574(1.899s / 7.380s) | Generator RTF: 0.2568(1.895s / 7.380s)
generated_audios/generated_H2_128C_int8/237-134493-0002_generated.wav | RTF: 0.2730(3.110s / 11.395s) | Generator RTF: 0.2726(3.106s / 11.395s)
generated_audios/generated_H2_128C_int8/237-134493-0003_generated.wav | RTF: 0.2845(3.631s / 12.765s) | Generator RTF: 0.2841(3.627s / 12.765s)
generated_audios/generated_H2_128C_int8/237-134493-0004_generated.wav | RTF: 0.2643(1.804s / 6.825s) | Generator RTF: 0.2638(1.800s / 6.825s)
generated_audios/generated_H2_128C_int8/237-134493-0005_generated.wav | RTF: 0.2495(2.731s / 10.945s) | Generator RTF: 0.2492(2.727s / 10.945s)
generated_audios/generated_H2_128C_int8/237-134493-0006_generated.wav | RTF: 0.2457(1.080s / 4.395s) | Generator RTF: 0.2448(1.076s / 4.395s)
generated_audios/generated_H2_128C_int8/237-134493-0007_generated.wav | RTF: 0.2474(0.503s / 2.035s) | Generator RTF: 0.2459(0.500s / 2.035s)
generated_audios/generated_H2_128C_int8/237-134493-0008_generated.wav | RTF: 0.2398(0.553s / 2.305s) | Generator RTF: 0.2384(0.549s / 2.305s)
generated_audios/generated_H2_128C_int8/237-134493-0009_generated.wav | RTF: 0.2624(0.781s / 2.975s) | Generator RTF: 0.2613(0.777s / 2.975s)
generated_audios/generated_H2_128C_int8/237-134493-0010_generated.wav | RTF: 0.2587(0.744s / 2.875s) | Generator RTF: 0.2576(0.741s / 2.875s)
generated_audios/generated_H2_128C_int8/237-134493-0011_generated.wav | RTF: 0.2653(1.336s / 5.035s) | Generator RTF: 0.2646(1.332s / 5.035s)
generated_audios/generated_H2_128C_int8/237-134493-0012_generated.wav | RTF: 0.2469(0.903s / 3.660s) | Generator RTF: 0.2460(0.900s / 3.660s)
generated_audios/generated_H2_128C_int8/237-134493-0013_generated.wav | RTF: 0.0245(0.100s / 4.090s) | Generator RTF: 0.0238(0.097s / 4.090s)
generated_audios/generated_H2_128C_int8/237-134493-0014_generated.wav | RTF: 0.2484(0.919s / 3.700s) | Generator RTF: 0.2475(0.916s / 3.700s)
generated_audios/generated_H2_128C_int8/237-134493-0015_generated.wav | RTF: 0.0278(0.182s / 6.550s) | Generator RTF: 0.0273(0.179s / 6.550s)
generated_audios/generated_H2_128C_int8/237-134493-0016_generated.wav | RTF: 0.2653(2.676s / 10.085s) | Generator RTF: 0.2649(2.672s / 10.085s)
generated_audios/generated_H2_128C_int8/237-134493-0017_generated.wav | RTF: 0.2639(2.403s / 9.105s) | Generator RTF: 0.2635(2.399s / 9.105s)
generated_audios/generated_H2_128C_int8/237-134493-0018_generated.wav | RTF: 0.2606(1.248s / 4.790s) | Generator RTF: 0.2598(1.245s / 4.790s)
generated_audios/generated_H2_128C_int8/237-134500-0000_generated.wav | RTF: 0.2580(1.582s / 6.130s) | Generator RTF: 0.2575(1.578s / 6.130s)
generated_audios/generated_H2_128C_int8/237-134500-0001_generated.wav | RTF: 0.2395(0.433s / 1.810s) | Generator RTF: 0.2375(0.430s / 1.810s)
generated_audios/generated_H2_128C_int8/237-134500-0002_generated.wav | RTF: 0.2618(1.327s / 5.070s) | Generator RTF: 0.2612(1.324s / 5.070s)
generated_audios/generated_H2_128C_int8/237-134500-0003_generated.wav | RTF: 0.0303(0.096s / 3.170s) | Generator RTF: 0.0293(0.093s / 3.170s)
generated_audios/generated_H2_128C_int8/237-134500-0004_generated.wav | RTF: 0.0322(0.072s / 2.225s) | Generator RTF: 0.0309(0.069s / 2.225s)
generated_audios/generated_H2_128C_int8/237-134500-0005_generated.wav | RTF: 0.2544(0.608s / 2.390s) | Generator RTF: 0.2531(0.605s / 2.390s)
generated_audios/generated_H2_128C_int8/237-134500-0006_generated.wav | RTF: 0.2485(1.050s / 4.225s) | Generator RTF: 0.2477(1.047s / 4.225s)
generated_audios/generated_H2_128C_int8/237-134500-0007_generated.wav | RTF: 0.0255(0.061s / 2.390s) | Generator RTF: 0.0242(0.058s / 2.390s)
generated_audios/generated_H2_128C_int8/237-134500-0008_generated.wav | RTF: 0.0278(0.104s / 3.760s) | Generator RTF: 0.0270(0.101s / 3.760s)
generated_audios/generated_H2_128C_int8/237-134500-0009_generated.wav | RTF: 0.0253(0.056s / 2.220s) | Generator RTF: 0.0239(0.053s / 2.220s)
generated_audios/generated_H2_128C_int8/237-134500-0010_generated.wav | RTF: 0.2617(1.045s / 3.995s) | Generator RTF: 0.2609(1.042s / 3.995s)
generated_audios/generated_H2_128C_int8/237-134500-0011_generated.wav | RTF: 0.2458(0.824s / 3.350s) | Generator RTF: 0.2449(0.821s / 3.350s)
generated_audios/generated_H2_128C_int8/237-134500-0012_generated.wav | RTF: 0.2667(2.917s / 10.935s) | Generator RTF: 0.2664(2.913s / 10.935s)
generated_audios/generated_H2_128C_int8/237-134500-0013_generated.wav | RTF: 0.0282(0.297s / 10.560s) | Generator RTF: 0.0277(0.293s / 10.560s)
generated_audios/generated_H2_128C_int8/237-134500-0014_generated.wav | RTF: 0.0308(0.131s / 4.250s) | Generator RTF: 0.0300(0.128s / 4.250s)
generated_audios/generated_H2_128C_int8/237-134500-0015_generated.wav | RTF: 0.2618(2.832s / 10.815s) | Generator RTF: 0.2615(2.828s / 10.815s)
generated_audios/generated_H2_128C_int8/237-134500-0016_generated.wav | RTF: 0.0295(0.093s / 3.160s) | Generator RTF: 0.0285(0.090s / 3.160s)
generated_audios/generated_H2_128C_int8/237-134500-0017_generated.wav | RTF: 0.0307(0.067s / 2.180s) | Generator RTF: 0.0293(0.064s / 2.180s)
generated_audios/generated_H2_128C_int8/237-134500-0018_generated.wav | RTF: 0.2894(3.717s / 12.845s) | Generator RTF: 0.2890(3.712s / 12.845s)
generated_audios/generated_H2_128C_int8/237-134500-0019_generated.wav | RTF: 0.2449(0.700s / 2.860s) | Generator RTF: 0.2438(0.697s / 2.860s)
generated_audios/generated_H2_128C_int8/237-134500-0020_generated.wav | RTF: 0.0255(0.056s / 2.180s) | Generator RTF: 0.0241(0.052s / 2.180s)
generated_audios/generated_H2_128C_int8/237-134500-0021_generated.wav | RTF: 0.2455(1.257s / 5.120s) | Generator RTF: 0.2448(1.253s / 5.120s)
generated_audios/generated_H2_128C_int8/237-134500-0022_generated.wav | RTF: 0.2483(1.283s / 5.165s) | Generator RTF: 0.2477(1.279s / 5.165s)
generated_audios/generated_H2_128C_int8/237-134500-0023_generated.wav | RTF: 0.2610(0.799s / 3.060s) | Generator RTF: 0.2599(0.795s / 3.060s)
generated_audios/generated_H2_128C_int8/237-134500-0024_generated.wav | RTF: 0.0271(0.120s / 4.410s) | Generator RTF: 0.0264(0.116s / 4.410s)
generated_audios/generated_H2_128C_int8/237-134500-0025_generated.wav | RTF: 0.2402(0.392s / 1.630s) | Generator RTF: 0.2384(0.389s / 1.630s)
generated_audios/generated_H2_128C_int8/237-134500-0026_generated.wav | RTF: 0.2580(0.787s / 3.050s) | Generator RTF: 0.2571(0.784s / 3.050s)
generated_audios/generated_H2_128C_int8/237-134500-0027_generated.wav | RTF: 0.2645(0.865s / 3.270s) | Generator RTF: 0.2635(0.862s / 3.270s)
generated_audios/generated_H2_128C_int8/237-134500-0028_generated.wav | RTF: 0.2676(1.211s / 4.525s) | Generator RTF: 0.2669(1.208s / 4.525s)
generated_audios/generated_H2_128C_int8/237-134500-0029_generated.wav | RTF: 0.2452(0.506s / 2.065s) | Generator RTF: 0.2436(0.503s / 2.065s)
generated_audios/generated_H2_128C_int8/237-134500-0030_generated.wav | RTF: 0.2632(0.732s / 2.780s) | Generator RTF: 0.2620(0.728s / 2.780s)
generated_audios/generated_H2_128C_int8/237-134500-0031_generated.wav | RTF: 0.2579(2.736s / 10.610s) | Generator RTF: 0.2575(2.732s / 10.610s)
generated_audios/generated_H2_128C_int8/237-134500-0032_generated.wav | RTF: 0.0279(0.140s / 5.025s) | Generator RTF: 0.0272(0.137s / 5.025s)
generated_audios/generated_H2_128C_int8/237-134500-0033_generated.wav | RTF: 0.2491(1.582s / 6.350s) | Generator RTF: 0.2485(1.578s / 6.350s)
generated_audios/generated_H2_128C_int8/237-134500-0034_generated.wav | RTF: 0.2489(0.765s / 3.075s) | Generator RTF: 0.2478(0.762s / 3.075s)
generated_audios/generated_H2_128C_int8/237-134500-0035_generated.wav | RTF: 0.2605(0.666s / 2.555s) | Generator RTF: 0.2593(0.663s / 2.555s)
generated_audios/generated_H2_128C_int8/237-134500-0036_generated.wav | RTF: 0.2636(1.739s / 6.600s) | Generator RTF: 0.2631(1.736s / 6.600s)
generated_audios/generated_H2_128C_int8/237-134500-0037_generated.wav | RTF: 0.2609(1.854s / 7.105s) | Generator RTF: 0.2604(1.850s / 7.105s)
generated_audios/generated_H2_128C_int8/237-134500-0038_generated.wav | RTF: 0.2539(0.618s / 2.435s) | Generator RTF: 0.2526(0.615s / 2.435s)
generated_audios/generated_H2_128C_int8/237-134500-0039_generated.wav | RTF: 0.2609(1.208s / 4.630s) | Generator RTF: 0.2602(1.205s / 4.630s)
generated_audios/generated_H2_128C_int8/237-134500-0040_generated.wav | RTF: 0.0274(0.111s / 4.030s) | Generator RTF: 0.0266(0.107s / 4.030s)
generated_audios/generated_H2_128C_int8/237-134500-0041_generated.wav | RTF: 0.0288(0.257s / 8.920s) | Generator RTF: 0.0284(0.253s / 8.920s)
generated_audios/generated_H2_128C_int8/237-134500-0042_generated.wav | RTF: 0.2518(0.648s / 2.575s) | Generator RTF: 0.2506(0.645s / 2.575s)
generated_audios/generated_H2_128C_int8/260-123286-0000_generated.wav | RTF: 0.2497(1.758s / 7.040s) | Generator RTF: 0.2492(1.755s / 7.040s)
generated_audios/generated_H2_128C_int8/260-123286-0001_generated.wav | RTF: 0.0249(0.077s / 3.070s) | Generator RTF: 0.0240(0.074s / 3.070s)
generated_audios/generated_H2_128C_int8/260-123286-0002_generated.wav | RTF: 0.2627(2.623s / 9.985s) | Generator RTF: 0.2622(2.618s / 9.985s)
generated_audios/generated_H2_128C_int8/260-123286-0003_generated.wav | RTF: 0.2641(1.946s / 7.370s) | Generator RTF: 0.2636(1.943s / 7.370s)
generated_audios/generated_H2_128C_int8/260-123286-0004_generated.wav | RTF: 0.2593(0.899s / 3.465s) | Generator RTF: 0.2583(0.895s / 3.465s)
generated_audios/generated_H2_128C_int8/260-123286-0005_generated.wav | RTF: 0.2486(1.196s / 4.810s) | Generator RTF: 0.2479(1.192s / 4.810s)
generated_audios/generated_H2_128C_int8/260-123286-0006_generated.wav | RTF: 0.2610(1.933s / 7.405s) | Generator RTF: 0.2605(1.929s / 7.405s)
generated_audios/generated_H2_128C_int8/260-123286-0007_generated.wav | RTF: 0.2604(1.185s / 4.550s) | Generator RTF: 0.2597(1.182s / 4.550s)
generated_audios/generated_H2_128C_int8/260-123286-0008_generated.wav | RTF: 0.2503(0.935s / 3.735s) | Generator RTF: 0.2493(0.931s / 3.735s)
generated_audios/generated_H2_128C_int8/260-123286-0009_generated.wav | RTF: 0.2690(1.559s / 5.795s) | Generator RTF: 0.2684(1.555s / 5.795s)
generated_audios/generated_H2_128C_int8/260-123286-0010_generated.wav | RTF: 0.0255(0.066s / 2.575s) | Generator RTF: 0.0243(0.063s / 2.575s)
generated_audios/generated_H2_128C_int8/260-123286-0011_generated.wav | RTF: 0.0299(0.127s / 4.255s) | Generator RTF: 0.0295(0.125s / 4.255s)
generated_audios/generated_H2_128C_int8/260-123286-0012_generated.wav | RTF: 0.0261(0.063s / 2.430s) | Generator RTF: 0.0248(0.060s / 2.430s)
generated_audios/generated_H2_128C_int8/260-123286-0013_generated.wav | RTF: 0.2593(1.227s / 4.730s) | Generator RTF: 0.2586(1.223s / 4.730s)
generated_audios/generated_H2_128C_int8/260-123286-0014_generated.wav | RTF: 0.0315(0.094s / 2.980s) | Generator RTF: 0.0303(0.090s / 2.980s)
generated_audios/generated_H2_128C_int8/260-123286-0015_generated.wav | RTF: 0.2665(1.388s / 5.210s) | Generator RTF: 0.2658(1.385s / 5.210s)
generated_audios/generated_H2_128C_int8/260-123286-0016_generated.wav | RTF: 0.2652(1.856s / 7.000s) | Generator RTF: 0.2647(1.853s / 7.000s)
generated_audios/generated_H2_128C_int8/260-123286-0017_generated.wav | RTF: 0.2506(0.996s / 3.975s) | Generator RTF: 0.2497(0.993s / 3.975s)
generated_audios/generated_H2_128C_int8/260-123286-0018_generated.wav | RTF: 0.2664(1.510s / 5.670s) | Generator RTF: 0.2658(1.507s / 5.670s)
generated_audios/generated_H2_128C_int8/260-123286-0019_generated.wav | RTF: 0.2882(3.431s / 11.905s) | Generator RTF: 0.2879(3.427s / 11.905s)
generated_audios/generated_H2_128C_int8/260-123286-0020_generated.wav | RTF: 0.0281(0.086s / 3.060s) | Generator RTF: 0.0271(0.083s / 3.060s)
generated_audios/generated_H2_128C_int8/260-123286-0021_generated.wav | RTF: 0.2582(0.658s / 2.550s) | Generator RTF: 0.2569(0.655s / 2.550s)
generated_audios/generated_H2_128C_int8/260-123286-0022_generated.wav | RTF: 0.2647(0.856s / 3.235s) | Generator RTF: 0.2637(0.853s / 3.235s)
generated_audios/generated_H2_128C_int8/260-123286-0023_generated.wav | RTF: 0.2667(1.567s / 5.875s) | Generator RTF: 0.2661(1.563s / 5.875s)
generated_audios/generated_H2_128C_int8/260-123286-0024_generated.wav | RTF: 0.2590(0.787s / 3.040s) | Generator RTF: 0.2579(0.784s / 3.040s)
generated_audios/generated_H2_128C_int8/260-123286-0025_generated.wav | RTF: 0.2525(2.325s / 9.205s) | Generator RTF: 0.2521(2.321s / 9.205s)
generated_audios/generated_H2_128C_int8/260-123286-0026_generated.wav | RTF: 0.2542(1.764s / 6.940s) | Generator RTF: 0.2537(1.761s / 6.940s)
generated_audios/generated_H2_128C_int8/260-123286-0027_generated.wav | RTF: 0.2736(1.962s / 7.170s) | Generator RTF: 0.2730(1.958s / 7.170s)
generated_audios/generated_H2_128C_int8/260-123286-0028_generated.wav | RTF: 0.2585(1.930s / 7.465s) | Generator RTF: 0.2579(1.925s / 7.465s)
generated_audios/generated_H2_128C_int8/260-123286-0029_generated.wav | RTF: 0.0236(0.107s / 4.545s) | Generator RTF: 0.0229(0.104s / 4.545s)
generated_audios/generated_H2_128C_int8/260-123286-0030_generated.wav | RTF: 0.0274(0.206s / 7.530s) | Generator RTF: 0.0269(0.202s / 7.530s)
generated_audios/generated_H2_128C_int8/260-123286-0031_generated.wav | RTF: 0.2541(1.286s / 5.060s) | Generator RTF: 0.2535(1.283s / 5.060s)
generated_audios/generated_H2_128C_int8/260-123288-0000_generated.wav | RTF: 0.0249(0.076s / 3.040s) | Generator RTF: 0.0237(0.072s / 3.040s)
generated_audios/generated_H2_128C_int8/260-123288-0001_generated.wav | RTF: 0.0266(0.135s / 5.080s) | Generator RTF: 0.0259(0.132s / 5.080s)
generated_audios/generated_H2_128C_int8/260-123288-0002_generated.wav | RTF: 0.2592(1.879s / 7.250s) | Generator RTF: 0.2587(1.875s / 7.250s)
generated_audios/generated_H2_128C_int8/260-123288-0003_generated.wav | RTF: 0.2700(2.404s / 8.905s) | Generator RTF: 0.2695(2.400s / 8.905s)
generated_audios/generated_H2_128C_int8/260-123288-0004_generated.wav | RTF: 0.2660(1.146s / 4.310s) | Generator RTF: 0.2652(1.143s / 4.310s)
generated_audios/generated_H2_128C_int8/260-123288-0005_generated.wav | RTF: 0.2815(3.532s / 12.550s) | Generator RTF: 0.2811(3.528s / 12.550s)
generated_audios/generated_H2_128C_int8/260-123288-0006_generated.wav | RTF: 0.2571(1.254s / 4.880s) | Generator RTF: 0.2564(1.251s / 4.880s)
generated_audios/generated_H2_128C_int8/260-123288-0007_generated.wav | RTF: 0.2750(3.080s / 11.200s) | Generator RTF: 0.2746(3.076s / 11.200s)
generated_audios/generated_H2_128C_int8/260-123288-0008_generated.wav | RTF: 0.2711(1.495s / 5.515s) | Generator RTF: 0.2688(1.483s / 5.515s)
generated_audios/generated_H2_128C_int8/260-123288-0009_generated.wav | RTF: 0.2705(0.929s / 3.435s) | Generator RTF: 0.2695(0.926s / 3.435s)
generated_audios/generated_H2_128C_int8/260-123288-0010_generated.wav | RTF: 0.0259(0.259s / 9.995s) | Generator RTF: 0.0255(0.255s / 9.995s)
generated_audios/generated_H2_128C_int8/260-123288-0011_generated.wav | RTF: 0.2825(2.537s / 8.980s) | Generator RTF: 0.2820(2.533s / 8.980s)
generated_audios/generated_H2_128C_int8/260-123288-0012_generated.wav | RTF: 0.2707(0.960s / 3.545s) | Generator RTF: 0.2697(0.956s / 3.545s)
generated_audios/generated_H2_128C_int8/260-123288-0013_generated.wav | RTF: 0.3019(3.437s / 11.385s) | Generator RTF: 0.3016(3.433s / 11.385s)
generated_audios/generated_H2_128C_int8/260-123288-0014_generated.wav | RTF: 0.0342(0.062s / 1.805s) | Generator RTF: 0.0325(0.059s / 1.805s)
generated_audios/generated_H2_128C_int8/260-123288-0015_generated.wav | RTF: 0.2891(6.125s / 21.185s) | Generator RTF: 0.2889(6.120s / 21.185s)
generated_audios/generated_H2_128C_int8/260-123288-0016_generated.wav | RTF: 0.2812(1.368s / 4.865s) | Generator RTF: 0.2805(1.365s / 4.865s)
generated_audios/generated_H2_128C_int8/260-123288-0017_generated.wav | RTF: 0.2671(1.396s / 5.225s) | Generator RTF: 0.2664(1.392s / 5.225s)
generated_audios/generated_H2_128C_int8/260-123288-0018_generated.wav | RTF: 0.2723(0.884s / 3.245s) | Generator RTF: 0.2713(0.880s / 3.245s)
generated_audios/generated_H2_128C_int8/260-123288-0019_generated.wav | RTF: 0.0294(0.087s / 2.955s) | Generator RTF: 0.0284(0.084s / 2.955s)
generated_audios/generated_H2_128C_int8/260-123288-0020_generated.wav | RTF: 0.2752(0.798s / 2.900s) | Generator RTF: 0.2740(0.795s / 2.900s)
generated_audios/generated_H2_128C_int8/260-123288-0021_generated.wav | RTF: 0.0300(0.081s / 2.710s) | Generator RTF: 0.0288(0.078s / 2.710s)
generated_audios/generated_H2_128C_int8/260-123288-0022_generated.wav | RTF: 0.2740(1.015s / 3.705s) | Generator RTF: 0.2731(1.012s / 3.705s)
generated_audios/generated_H2_128C_int8/260-123288-0023_generated.wav | RTF: 0.0316(0.075s / 2.385s) | Generator RTF: 0.0302(0.072s / 2.385s)
generated_audios/generated_H2_128C_int8/260-123288-0024_generated.wav | RTF: 0.2891(4.219s / 14.595s) | Generator RTF: 0.2888(4.215s / 14.595s)
generated_audios/generated_H2_128C_int8/260-123288-0025_generated.wav | RTF: 0.2930(3.939s / 13.445s) | Generator RTF: 0.2926(3.934s / 13.445s)
generated_audios/generated_H2_128C_int8/260-123288-0026_generated.wav | RTF: 0.3076(4.934s / 16.040s) | Generator RTF: 0.3073(4.929s / 16.040s)
generated_audios/generated_H2_128C_int8/260-123288-0027_generated.wav | RTF: 0.2692(1.697s / 6.305s) | Generator RTF: 0.2686(1.693s / 6.305s)
generated_audios/generated_H2_128C_int8/260-123288-0028_generated.wav | RTF: 0.2757(0.720s / 2.610s) | Generator RTF: 0.2746(0.717s / 2.610s)
generated_audios/generated_H2_128C_int8/260-123440-0000_generated.wav | RTF: 0.2605(0.564s / 2.165s) | Generator RTF: 0.2590(0.561s / 2.165s)
generated_audios/generated_H2_128C_int8/260-123440-0001_generated.wav | RTF: 0.2620(0.456s / 1.740s) | Generator RTF: 0.2601(0.453s / 1.740s)
generated_audios/generated_H2_128C_int8/260-123440-0002_generated.wav | RTF: 0.3056(4.497s / 14.715s) | Generator RTF: 0.3053(4.492s / 14.715s)
generated_audios/generated_H2_128C_int8/260-123440-0003_generated.wav | RTF: 0.2820(1.011s / 3.585s) | Generator RTF: 0.2811(1.008s / 3.585s)
generated_audios/generated_H2_128C_int8/260-123440-0004_generated.wav | RTF: 0.2896(3.482s / 12.020s) | Generator RTF: 0.2893(3.477s / 12.020s)
generated_audios/generated_H2_128C_int8/260-123440-0005_generated.wav | RTF: 0.0286(0.089s / 3.105s) | Generator RTF: 0.0275(0.085s / 3.105s)
generated_audios/generated_H2_128C_int8/260-123440-0006_generated.wav | RTF: 0.0257(0.070s / 2.715s) | Generator RTF: 0.0245(0.067s / 2.715s)
generated_audios/generated_H2_128C_int8/260-123440-0007_generated.wav | RTF: 0.2803(0.949s / 3.385s) | Generator RTF: 0.2792(0.945s / 3.385s)
generated_audios/generated_H2_128C_int8/260-123440-0008_generated.wav | RTF: 0.2834(1.061s / 3.745s) | Generator RTF: 0.2825(1.058s / 3.745s)
generated_audios/generated_H2_128C_int8/260-123440-0009_generated.wav | RTF: 0.2835(0.883s / 3.115s) | Generator RTF: 0.2824(0.880s / 3.115s)
generated_audios/generated_H2_128C_int8/260-123440-0010_generated.wav | RTF: 0.2878(2.393s / 8.315s) | Generator RTF: 0.2873(2.389s / 8.315s)
generated_audios/generated_H2_128C_int8/260-123440-0011_generated.wav | RTF: 0.0223(0.109s / 4.870s) | Generator RTF: 0.0216(0.105s / 4.870s)
generated_audios/generated_H2_128C_int8/260-123440-0012_generated.wav | RTF: 0.2803(1.470s / 5.245s) | Generator RTF: 0.2796(1.467s / 5.245s)
generated_audios/generated_H2_128C_int8/260-123440-0013_generated.wav | RTF: 0.2818(0.979s / 3.475s) | Generator RTF: 0.2809(0.976s / 3.475s)
generated_audios/generated_H2_128C_int8/260-123440-0014_generated.wav | RTF: 0.2851(1.088s / 3.815s) | Generator RTF: 0.2842(1.084s / 3.815s)
generated_audios/generated_H2_128C_int8/260-123440-0015_generated.wav | RTF: 0.0298(0.184s / 6.200s) | Generator RTF: 0.0292(0.181s / 6.200s)
generated_audios/generated_H2_128C_int8/260-123440-0016_generated.wav | RTF: 0.2909(1.424s / 4.895s) | Generator RTF: 0.2903(1.421s / 4.895s)
generated_audios/generated_H2_128C_int8/260-123440-0017_generated.wav | RTF: 0.0321(0.099s / 3.070s) | Generator RTF: 0.0310(0.095s / 3.070s)
generated_audios/generated_H2_128C_int8/260-123440-0018_generated.wav | RTF: 0.2903(1.057s / 3.640s) | Generator RTF: 0.2895(1.054s / 3.640s)
generated_audios/generated_H2_128C_int8/260-123440-0019_generated.wav | RTF: 0.2924(1.939s / 6.630s) | Generator RTF: 0.2919(1.935s / 6.630s)
generated_audios/generated_H2_128C_int8/260-123440-0020_generated.wav | RTF: 0.2874(1.436s / 4.995s) | Generator RTF: 0.2867(1.432s / 4.995s)
generated_audios/generated_H2_128C_int8/61-70968-0000_generated.wav | RTF: 0.2876(1.411s / 4.905s) | Generator RTF: 0.2869(1.407s / 4.905s)
generated_audios/generated_H2_128C_int8/61-70968-0001_generated.wav | RTF: 0.2875(1.038s / 3.610s) | Generator RTF: 0.2867(1.035s / 3.610s)
generated_audios/generated_H2_128C_int8/61-70968-0002_generated.wav | RTF: 0.2814(0.836s / 2.970s) | Generator RTF: 0.2804(0.833s / 2.970s)
generated_audios/generated_H2_128C_int8/61-70968-0003_generated.wav | RTF: 0.0276(0.119s / 4.315s) | Generator RTF: 0.0268(0.116s / 4.315s)
generated_audios/generated_H2_128C_int8/61-70968-0004_generated.wav | RTF: 0.2860(1.111s / 3.885s) | Generator RTF: 0.2851(1.108s / 3.885s)
generated_audios/generated_H2_128C_int8/61-70968-0005_generated.wav | RTF: 0.0262(0.133s / 5.070s) | Generator RTF: 0.0255(0.129s / 5.070s)
generated_audios/generated_H2_128C_int8/61-70968-0006_generated.wav | RTF: 0.2669(0.783s / 2.935s) | Generator RTF: 0.2658(0.780s / 2.935s)
generated_audios/generated_H2_128C_int8/61-70968-0007_generated.wav | RTF: 0.0285(0.101s / 3.550s) | Generator RTF: 0.0276(0.098s / 3.550s)
generated_audios/generated_H2_128C_int8/61-70968-0008_generated.wav | RTF: 0.0280(0.099s / 3.535s) | Generator RTF: 0.0271(0.096s / 3.535s)
generated_audios/generated_H2_128C_int8/61-70968-0009_generated.wav | RTF: 0.2857(1.288s / 4.510s) | Generator RTF: 0.2849(1.285s / 4.510s)
generated_audios/generated_H2_128C_int8/61-70968-0010_generated.wav | RTF: 0.2729(2.264s / 8.295s) | Generator RTF: 0.2724(2.260s / 8.295s)
generated_audios/generated_H2_128C_int8/61-70968-0011_generated.wav | RTF: 0.2744(1.749s / 6.375s) | Generator RTF: 0.2738(1.745s / 6.375s)
generated_audios/generated_H2_128C_int8/61-70968-0012_generated.wav | RTF: 0.0298(0.078s / 2.610s) | Generator RTF: 0.0285(0.075s / 2.610s)
generated_audios/generated_H2_128C_int8/61-70968-0013_generated.wav | RTF: 0.0267(0.119s / 4.450s) | Generator RTF: 0.0260(0.116s / 4.450s)
generated_audios/generated_H2_128C_int8/61-70968-0014_generated.wav | RTF: 0.2899(2.170s / 7.485s) | Generator RTF: 0.2894(2.166s / 7.485s)
generated_audios/generated_H2_128C_int8/61-70968-0015_generated.wav | RTF: 0.2770(1.489s / 5.375s) | Generator RTF: 0.2763(1.485s / 5.375s)
generated_audios/generated_H2_128C_int8/61-70968-0016_generated.wav | RTF: 0.2927(1.089s / 3.720s) | Generator RTF: 0.2918(1.086s / 3.720s)
generated_audios/generated_H2_128C_int8/61-70968-0017_generated.wav | RTF: 0.2929(1.497s / 5.110s) | Generator RTF: 0.2922(1.493s / 5.110s)
generated_audios/generated_H2_128C_int8/61-70968-0018_generated.wav | RTF: 0.2822(0.679s / 2.405s) | Generator RTF: 0.2809(0.676s / 2.405s)
generated_audios/generated_H2_128C_int8/61-70968-0019_generated.wav | RTF: 0.2774(1.519s / 5.475s) | Generator RTF: 0.2768(1.515s / 5.475s)
generated_audios/generated_H2_128C_int8/61-70968-0020_generated.wav | RTF: 0.2942(1.502s / 5.105s) | Generator RTF: 0.2935(1.499s / 5.105s)
generated_audios/generated_H2_128C_int8/61-70968-0021_generated.wav | RTF: 0.2675(0.720s / 2.690s) | Generator RTF: 0.2663(0.716s / 2.690s)
generated_audios/generated_H2_128C_int8/61-70968-0022_generated.wav | RTF: 0.0319(0.149s / 4.670s) | Generator RTF: 0.0312(0.146s / 4.670s)
generated_audios/generated_H2_128C_int8/61-70968-0023_generated.wav | RTF: 0.0286(0.144s / 5.025s) | Generator RTF: 0.0279(0.140s / 5.025s)
generated_audios/generated_H2_128C_int8/61-70968-0024_generated.wav | RTF: 0.2914(1.756s / 6.025s) | Generator RTF: 0.2908(1.752s / 6.025s)
generated_audios/generated_H2_128C_int8/61-70968-0025_generated.wav | RTF: 0.0280(0.123s / 4.410s) | Generator RTF: 0.0272(0.120s / 4.410s)
generated_audios/generated_H2_128C_int8/61-70968-0026_generated.wav | RTF: 0.2753(1.355s / 4.920s) | Generator RTF: 0.2746(1.351s / 4.920s)
generated_audios/generated_H2_128C_int8/61-70968-0027_generated.wav | RTF: 0.2807(1.928s / 6.870s) | Generator RTF: 0.2801(1.924s / 6.870s)
generated_audios/generated_H2_128C_int8/61-70968-0028_generated.wav | RTF: 0.2989(1.600s / 5.355s) | Generator RTF: 0.2981(1.597s / 5.355s)
generated_audios/generated_H2_128C_int8/61-70968-0029_generated.wav | RTF: 0.2902(1.014s / 3.495s) | Generator RTF: 0.2894(1.011s / 3.495s)
generated_audios/generated_H2_128C_int8/61-70968-0030_generated.wav | RTF: 0.2790(1.586s / 5.685s) | Generator RTF: 0.2784(1.583s / 5.685s)
generated_audios/generated_H2_128C_int8/61-70968-0031_generated.wav | RTF: 0.2920(0.854s / 2.925s) | Generator RTF: 0.2909(0.851s / 2.925s)
generated_audios/generated_H2_128C_int8/61-70968-0032_generated.wav | RTF: 0.0296(0.127s / 4.280s) | Generator RTF: 0.0288(0.123s / 4.280s)
generated_audios/generated_H2_128C_int8/61-70968-0033_generated.wav | RTF: 0.0221(0.126s / 5.685s) | Generator RTF: 0.0214(0.122s / 5.685s)
generated_audios/generated_H2_128C_int8/61-70968-0034_generated.wav | RTF: 0.2941(1.244s / 4.230s) | Generator RTF: 0.2932(1.240s / 4.230s)
generated_audios/generated_H2_128C_int8/61-70968-0035_generated.wav | RTF: 0.2795(2.222s / 7.950s) | Generator RTF: 0.2790(2.218s / 7.950s)
generated_audios/generated_H2_128C_int8/61-70968-0036_generated.wav | RTF: 0.0295(0.087s / 2.935s) | Generator RTF: 0.0284(0.083s / 2.935s)
generated_audios/generated_H2_128C_int8/61-70968-0037_generated.wav | RTF: 0.0271(0.117s / 4.315s) | Generator RTF: 0.0264(0.114s / 4.315s)
generated_audios/generated_H2_128C_int8/61-70968-0038_generated.wav | RTF: 0.2750(0.564s / 2.050s) | Generator RTF: 0.2735(0.561s / 2.050s)
generated_audios/generated_H2_128C_int8/61-70968-0039_generated.wav | RTF: 0.2787(1.061s / 3.805s) | Generator RTF: 0.2778(1.057s / 3.805s)
generated_audios/generated_H2_128C_int8/61-70968-0040_generated.wav | RTF: 0.2931(1.158s / 3.950s) | Generator RTF: 0.2922(1.154s / 3.950s)
generated_audios/generated_H2_128C_int8/61-70968-0041_generated.wav | RTF: 0.0262(0.179s / 6.825s) | Generator RTF: 0.0257(0.175s / 6.825s)
generated_audios/generated_H2_128C_int8/61-70968-0042_generated.wav | RTF: 0.0297(0.083s / 2.785s) | Generator RTF: 0.0285(0.080s / 2.785s)
generated_audios/generated_H2_128C_int8/61-70968-0043_generated.wav | RTF: 0.2981(2.008s / 6.735s) | Generator RTF: 0.2975(2.004s / 6.735s)
generated_audios/generated_H2_128C_int8/61-70968-0044_generated.wav | RTF: 0.0297(0.082s / 2.770s) | Generator RTF: 0.0286(0.079s / 2.770s)
generated_audios/generated_H2_128C_int8/61-70968-0045_generated.wav | RTF: 0.0276(0.096s / 3.475s) | Generator RTF: 0.0267(0.093s / 3.475s)
generated_audios/generated_H2_128C_int8/61-70968-0046_generated.wav | RTF: 0.0283(0.101s / 3.550s) | Generator RTF: 0.0274(0.097s / 3.550s)
generated_audios/generated_H2_128C_int8/61-70968-0047_generated.wav | RTF: 0.2788(1.331s / 4.775s) | Generator RTF: 0.2780(1.327s / 4.775s)
generated_audios/generated_H2_128C_int8/61-70968-0048_generated.wav | RTF: 0.2911(0.879s / 3.020s) | Generator RTF: 0.2900(0.876s / 3.020s)
generated_audios/generated_H2_128C_int8/61-70968-0049_generated.wav | RTF: 0.2969(2.450s / 8.250s) | Generator RTF: 0.2965(2.446s / 8.250s)
generated_audios/generated_H2_128C_int8/61-70968-0050_generated.wav | RTF: 0.2834(1.582s / 5.580s) | Generator RTF: 0.2828(1.578s / 5.580s)
generated_audios/generated_H2_128C_int8/61-70968-0051_generated.wav | RTF: 0.2750(0.862s / 3.135s) | Generator RTF: 0.2740(0.859s / 3.135s)
generated_audios/generated_H2_128C_int8/61-70968-0052_generated.wav | RTF: 0.2771(0.734s / 2.650s) | Generator RTF: 0.2759(0.731s / 2.650s)
generated_audios/generated_H2_128C_int8/61-70968-0053_generated.wav | RTF: 0.0312(0.132s / 4.220s) | Generator RTF: 0.0304(0.128s / 4.220s)
generated_audios/generated_H2_128C_int8/61-70968-0054_generated.wav | RTF: 0.2953(2.321s / 7.860s) | Generator RTF: 0.2948(2.317s / 7.860s)
generated_audios/generated_H2_128C_int8/61-70968-0055_generated.wav | RTF: 0.0283(0.112s / 3.965s) | Generator RTF: 0.0275(0.109s / 3.965s)
generated_audios/generated_H2_128C_int8/61-70968-0056_generated.wav | RTF: 0.2932(1.045s / 3.565s) | Generator RTF: 0.2923(1.042s / 3.565s)
generated_audios/generated_H2_128C_int8/61-70968-0057_generated.wav | RTF: 0.0264(0.133s / 5.065s) | Generator RTF: 0.0256(0.130s / 5.065s)
generated_audios/generated_H2_128C_int8/61-70968-0058_generated.wav | RTF: 0.2641(0.481s / 1.820s) | Generator RTF: 0.2626(0.478s / 1.820s)
generated_audios/generated_H2_128C_int8/61-70968-0059_generated.wav | RTF: 0.0317(0.069s / 2.170s) | Generator RTF: 0.0302(0.066s / 2.170s)
generated_audios/generated_H2_128C_int8/61-70968-0060_generated.wav | RTF: 0.0313(0.117s / 3.735s) | Generator RTF: 0.0304(0.114s / 3.735s)
generated_audios/generated_H2_128C_int8/61-70968-0061_generated.wav | RTF: 0.2940(1.626s / 5.530s) | Generator RTF: 0.2933(1.622s / 5.530s)
generated_audios/generated_H2_128C_int8/61-70968-0062_generated.wav | RTF: 0.0308(0.079s / 2.555s) | Generator RTF: 0.0295(0.075s / 2.555s)
generated_audios/generated_H2_128C_int8/61-70970-0000_generated.wav | RTF: 0.3024(1.837s / 6.075s) | Generator RTF: 0.3019(1.834s / 6.075s)
generated_audios/generated_H2_128C_int8/61-70970-0001_generated.wav | RTF: 0.2988(1.839s / 6.155s) | Generator RTF: 0.2982(1.835s / 6.155s)
generated_audios/generated_H2_128C_int8/61-70970-0002_generated.wav | RTF: 0.3015(1.256s / 4.165s) | Generator RTF: 0.3007(1.252s / 4.165s)
generated_audios/generated_H2_128C_int8/61-70970-0003_generated.wav | RTF: 0.2908(1.115s / 3.835s) | Generator RTF: 0.2899(1.112s / 3.835s)
generated_audios/generated_H2_128C_int8/61-70970-0004_generated.wav | RTF: 0.2979(3.132s / 10.515s) | Generator RTF: 0.2976(3.129s / 10.515s)
generated_audios/generated_H2_128C_int8/61-70970-0005_generated.wav | RTF: 0.2883(0.582s / 2.020s) | Generator RTF: 0.2867(0.579s / 2.020s)
generated_audios/generated_H2_128C_int8/61-70970-0006_generated.wav | RTF: 0.2969(0.693s / 2.335s) | Generator RTF: 0.2955(0.690s / 2.335s)
generated_audios/generated_H2_128C_int8/61-70970-0007_generated.wav | RTF: 0.3116(1.397s / 4.485s) | Generator RTF: 0.3109(1.394s / 4.485s)
generated_audios/generated_H2_128C_int8/61-70970-0008_generated.wav | RTF: 0.3113(0.669s / 2.150s) | Generator RTF: 0.3097(0.666s / 2.150s)
generated_audios/generated_H2_128C_int8/61-70970-0009_generated.wav | RTF: 0.3183(1.084s / 3.405s) | Generator RTF: 0.3173(1.080s / 3.405s)
generated_audios/generated_H2_128C_int8/61-70970-0010_generated.wav | RTF: 0.0292(0.089s / 3.045s) | Generator RTF: 0.0281(0.085s / 3.045s)
generated_audios/generated_H2_128C_int8/61-70970-0011_generated.wav | RTF: 0.0218(0.133s / 6.075s) | Generator RTF: 0.0212(0.129s / 6.075s)
generated_audios/generated_H2_128C_int8/61-70970-0012_generated.wav | RTF: 0.0239(0.075s / 3.135s) | Generator RTF: 0.0228(0.072s / 3.135s)
generated_audios/generated_H2_128C_int8/61-70970-0013_generated.wav | RTF: 0.3078(1.339s / 4.350s) | Generator RTF: 0.3070(1.335s / 4.350s)
generated_audios/generated_H2_128C_int8/61-70970-0014_generated.wav | RTF: 0.0239(0.081s / 3.405s) | Generator RTF: 0.0229(0.078s / 3.405s)
generated_audios/generated_H2_128C_int8/61-70970-0015_generated.wav | RTF: 0.3057(2.572s / 8.415s) | Generator RTF: 0.3052(2.568s / 8.415s)
generated_audios/generated_H2_128C_int8/61-70970-0016_generated.wav | RTF: 0.3070(1.342s / 4.370s) | Generator RTF: 0.3062(1.338s / 4.370s)
generated_audios/generated_H2_128C_int8/61-70970-0017_generated.wav | RTF: 0.0300(0.076s / 2.550s) | Generator RTF: 0.0287(0.073s / 2.550s)
generated_audios/generated_H2_128C_int8/61-70970-0018_generated.wav | RTF: 0.2835(1.304s / 4.600s) | Generator RTF: 0.2828(1.301s / 4.600s)
generated_audios/generated_H2_128C_int8/61-70970-0019_generated.wav | RTF: 0.2988(1.130s / 3.780s) | Generator RTF: 0.2983(1.128s / 3.780s)
generated_audios/generated_H2_128C_int8/61-70970-0020_generated.wav | RTF: 0.0278(0.140s / 5.025s) | Generator RTF: 0.0271(0.136s / 5.025s)
generated_audios/generated_H2_128C_int8/61-70970-0021_generated.wav | RTF: 0.2848(1.540s / 5.405s) | Generator RTF: 0.2842(1.536s / 5.405s)
generated_audios/generated_H2_128C_int8/61-70970-0022_generated.wav | RTF: 0.0273(0.108s / 3.970s) | Generator RTF: 0.0264(0.105s / 3.970s)
generated_audios/generated_H2_128C_int8/61-70970-0023_generated.wav | RTF: 0.0276(0.102s / 3.705s) | Generator RTF: 0.0267(0.099s / 3.705s)
generated_audios/generated_H2_128C_int8/61-70970-0024_generated.wav | RTF: 0.2989(2.163s / 7.235s) | Generator RTF: 0.2984(2.159s / 7.235s)
generated_audios/generated_H2_128C_int8/61-70970-0025_generated.wav | RTF: 0.3017(2.243s / 7.435s) | Generator RTF: 0.3012(2.240s / 7.435s)
generated_audios/generated_H2_128C_int8/61-70970-0026_generated.wav | RTF: 0.0301(0.165s / 5.475s) | Generator RTF: 0.0294(0.161s / 5.475s)
generated_audios/generated_H2_128C_int8/61-70970-0027_generated.wav | RTF: 0.0262(0.133s / 5.080s) | Generator RTF: 0.0255(0.129s / 5.080s)
generated_audios/generated_H2_128C_int8/61-70970-0028_generated.wav | RTF: 0.0276(0.181s / 6.550s) | Generator RTF: 0.0271(0.178s / 6.550s)
generated_audios/generated_H2_128C_int8/61-70970-0029_generated.wav | RTF: 0.0279(0.112s / 4.030s) | Generator RTF: 0.0270(0.109s / 4.030s)
generated_audios/generated_H2_128C_int8/61-70970-0030_generated.wav | RTF: 0.0288(0.093s / 3.240s) | Generator RTF: 0.0277(0.090s / 3.240s)
generated_audios/generated_H2_128C_int8/61-70970-0031_generated.wav | RTF: 0.2959(1.519s / 5.135s) | Generator RTF: 0.2952(1.516s / 5.135s)
generated_audios/generated_H2_128C_int8/61-70970-0032_generated.wav | RTF: 0.0247(0.078s / 3.135s) | Generator RTF: 0.0237(0.074s / 3.135s)
generated_audios/generated_H2_128C_int8/61-70970-0033_generated.wav | RTF: 0.2785(0.953s / 3.420s) | Generator RTF: 0.2775(0.949s / 3.420s)
generated_audios/generated_H2_128C_int8/61-70970-0034_generated.wav | RTF: 0.0264(0.118s / 4.485s) | Generator RTF: 0.0256(0.115s / 4.485s)
generated_audios/generated_H2_128C_int8/61-70970-0035_generated.wav | RTF: 0.0269(0.199s / 7.405s) | Generator RTF: 0.0264(0.195s / 7.405s)
generated_audios/generated_H2_128C_int8/61-70970-0036_generated.wav | RTF: 0.0263(0.178s / 6.785s) | Generator RTF: 0.0258(0.175s / 6.785s)
generated_audios/generated_H2_128C_int8/61-70970-0037_generated.wav | RTF: 0.2956(1.767s / 5.980s) | Generator RTF: 0.2950(1.764s / 5.980s)
generated_audios/generated_H2_128C_int8/61-70970-0038_generated.wav | RTF: 0.2991(3.110s / 10.400s) | Generator RTF: 0.2987(3.106s / 10.400s)
generated_audios/generated_H2_128C_int8/61-70970-0039_generated.wav | RTF: 0.0264(0.176s / 6.665s) | Generator RTF: 0.0258(0.172s / 6.665s)
generated_audios/generated_H2_128C_int8/61-70970-0040_generated.wav | RTF: 0.0271(0.113s / 4.165s) | Generator RTF: 0.0263(0.110s / 4.165s)
generated_audios/generated_H2_128C_int8/672-122797-0000_generated.wav | RTF: 0.2992(1.218s / 4.070s) | Generator RTF: 0.2984(1.215s / 4.070s)
generated_audios/generated_H2_128C_int8/672-122797-0001_generated.wav | RTF: 0.3097(4.686s / 15.130s) | Generator RTF: 0.3094(4.682s / 15.130s)
generated_audios/generated_H2_128C_int8/672-122797-0002_generated.wav | RTF: 0.2824(3.846s / 13.620s) | Generator RTF: 0.2820(3.841s / 13.620s)
generated_audios/generated_H2_128C_int8/672-122797-0003_generated.wav | RTF: 0.2973(1.415s / 4.760s) | Generator RTF: 0.2965(1.411s / 4.760s)
generated_audios/generated_H2_128C_int8/672-122797-0004_generated.wav | RTF: 0.2909(2.981s / 10.250s) | Generator RTF: 0.2904(2.977s / 10.250s)
generated_audios/generated_H2_128C_int8/672-122797-0005_generated.wav | RTF: 0.2942(0.959s / 3.260s) | Generator RTF: 0.2932(0.956s / 3.260s)
generated_audios/generated_H2_128C_int8/672-122797-0006_generated.wav | RTF: 0.3139(4.379s / 13.950s) | Generator RTF: 0.3136(4.374s / 13.950s)
generated_audios/generated_H2_128C_int8/672-122797-0007_generated.wav | RTF: 0.2935(1.884s / 6.420s) | Generator RTF: 0.2929(1.880s / 6.420s)
generated_audios/generated_H2_128C_int8/672-122797-0008_generated.wav | RTF: 0.3077(9.480s / 30.810s) | Generator RTF: 0.3075(9.473s / 30.810s)
generated_audios/generated_H2_128C_int8/672-122797-0009_generated.wav | RTF: 0.0294(0.081s / 2.765s) | Generator RTF: 0.0282(0.078s / 2.765s)
generated_audios/generated_H2_128C_int8/672-122797-0010_generated.wav | RTF: 0.0278(0.106s / 3.815s) | Generator RTF: 0.0269(0.103s / 3.815s)
generated_audios/generated_H2_128C_int8/672-122797-0011_generated.wav | RTF: 0.3036(0.771s / 2.540s) | Generator RTF: 0.3023(0.768s / 2.540s)
generated_audios/generated_H2_128C_int8/672-122797-0012_generated.wav | RTF: 0.3079(2.391s / 7.765s) | Generator RTF: 0.3074(2.387s / 7.765s)
generated_audios/generated_H2_128C_int8/672-122797-0013_generated.wav | RTF: 0.3071(2.673s / 8.705s) | Generator RTF: 0.3066(2.669s / 8.705s)
generated_audios/generated_H2_128C_int8/672-122797-0014_generated.wav | RTF: 0.0307(0.078s / 2.555s) | Generator RTF: 0.0295(0.075s / 2.555s)
generated_audios/generated_H2_128C_int8/672-122797-0015_generated.wav | RTF: 0.0272(0.121s / 4.455s) | Generator RTF: 0.0264(0.118s / 4.455s)
generated_audios/generated_H2_128C_int8/672-122797-0016_generated.wav | RTF: 0.2993(2.758s / 9.215s) | Generator RTF: 0.2989(2.754s / 9.215s)
generated_audios/generated_H2_128C_int8/672-122797-0017_generated.wav | RTF: 0.2967(1.430s / 4.820s) | Generator RTF: 0.2959(1.426s / 4.820s)
generated_audios/generated_H2_128C_int8/672-122797-0018_generated.wav | RTF: 0.3006(1.482s / 4.930s) | Generator RTF: 0.3000(1.479s / 4.930s)
generated_audios/generated_H2_128C_int8/672-122797-0019_generated.wav | RTF: 0.2870(1.179s / 4.110s) | Generator RTF: 0.2861(1.176s / 4.110s)
generated_audios/generated_H2_128C_int8/672-122797-0020_generated.wav | RTF: 0.3005(2.652s / 8.825s) | Generator RTF: 0.3001(2.648s / 8.825s)
generated_audios/generated_H2_128C_int8/672-122797-0021_generated.wav | RTF: 0.0283(0.118s / 4.150s) | Generator RTF: 0.0275(0.114s / 4.150s)
generated_audios/generated_H2_128C_int8/672-122797-0022_generated.wav | RTF: 0.3039(5.775s / 19.005s) | Generator RTF: 0.3036(5.771s / 19.005s)
generated_audios/generated_H2_128C_int8/672-122797-0023_generated.wav | RTF: 0.2977(2.886s / 9.695s) | Generator RTF: 0.2974(2.883s / 9.695s)
generated_audios/generated_H2_128C_int8/672-122797-0024_generated.wav | RTF: 0.2926(1.208s / 4.130s) | Generator RTF: 0.2918(1.205s / 4.130s)
generated_audios/generated_H2_128C_int8/672-122797-0025_generated.wav | RTF: 0.3027(3.236s / 10.690s) | Generator RTF: 0.3023(3.232s / 10.690s)
generated_audios/generated_H2_128C_int8/672-122797-0026_generated.wav | RTF: 0.3036(4.238s / 13.960s) | Generator RTF: 0.3033(4.234s / 13.960s)
generated_audios/generated_H2_128C_int8/672-122797-0027_generated.wav | RTF: 0.0267(0.128s / 4.790s) | Generator RTF: 0.0260(0.124s / 4.790s)
generated_audios/generated_H2_128C_int8/672-122797-0028_generated.wav | RTF: 0.0306(0.080s / 2.610s) | Generator RTF: 0.0293(0.077s / 2.610s)
generated_audios/generated_H2_128C_int8/672-122797-0029_generated.wav | RTF: 0.0293(0.089s / 3.050s) | Generator RTF: 0.0283(0.086s / 3.050s)
generated_audios/generated_H2_128C_int8/672-122797-0030_generated.wav | RTF: 0.2968(1.358s / 4.575s) | Generator RTF: 0.2961(1.354s / 4.575s)
generated_audios/generated_H2_128C_int8/672-122797-0031_generated.wav | RTF: 0.0287(0.114s / 3.980s) | Generator RTF: 0.0278(0.111s / 3.980s)
generated_audios/generated_H2_128C_int8/672-122797-0032_generated.wav | RTF: 0.0274(0.109s / 4.000s) | Generator RTF: 0.0266(0.106s / 4.000s)
generated_audios/generated_H2_128C_int8/672-122797-0033_generated.wav | RTF: 0.2661(0.342s / 1.285s) | Generator RTF: 0.2638(0.339s / 1.285s)
generated_audios/generated_H2_128C_int8/672-122797-0034_generated.wav | RTF: 0.0269(0.138s / 5.110s) | Generator RTF: 0.0263(0.134s / 5.110s)
generated_audios/generated_H2_128C_int8/672-122797-0035_generated.wav | RTF: 0.0294(0.085s / 2.900s) | Generator RTF: 0.0283(0.082s / 2.900s)
generated_audios/generated_H2_128C_int8/672-122797-0036_generated.wav | RTF: 0.0276(0.148s / 5.365s) | Generator RTF: 0.0269(0.144s / 5.365s)
generated_audios/generated_H2_128C_int8/672-122797-0037_generated.wav | RTF: 0.2794(0.548s / 1.960s) | Generator RTF: 0.2778(0.544s / 1.960s)
generated_audios/generated_H2_128C_int8/672-122797-0038_generated.wav | RTF: 0.3065(2.698s / 8.800s) | Generator RTF: 0.3061(2.694s / 8.800s)
generated_audios/generated_H2_128C_int8/672-122797-0039_generated.wav | RTF: 0.2998(1.207s / 4.025s) | Generator RTF: 0.2988(1.203s / 4.025s)
generated_audios/generated_H2_128C_int8/672-122797-0040_generated.wav | RTF: 0.0280(0.144s / 5.125s) | Generator RTF: 0.0273(0.140s / 5.125s)
generated_audios/generated_H2_128C_int8/672-122797-0041_generated.wav | RTF: 0.0283(0.110s / 3.880s) | Generator RTF: 0.0275(0.107s / 3.880s)
generated_audios/generated_H2_128C_int8/672-122797-0042_generated.wav | RTF: 0.3072(4.704s / 15.310s) | Generator RTF: 0.3069(4.699s / 15.310s)
generated_audios/generated_H2_128C_int8/672-122797-0043_generated.wav | RTF: 0.0287(0.108s / 3.780s) | Generator RTF: 0.0278(0.105s / 3.780s)
generated_audios/generated_H2_128C_int8/672-122797-0044_generated.wav | RTF: 0.0283(0.106s / 3.740s) | Generator RTF: 0.0274(0.102s / 3.740s)
generated_audios/generated_H2_128C_int8/672-122797-0045_generated.wav | RTF: 0.0231(0.323s / 13.960s) | Generator RTF: 0.0229(0.319s / 13.960s)
generated_audios/generated_H2_128C_int8/672-122797-0046_generated.wav | RTF: 0.2986(1.408s / 4.715s) | Generator RTF: 0.2979(1.404s / 4.715s)
generated_audios/generated_H2_128C_int8/672-122797-0047_generated.wav | RTF: 0.2960(0.984s / 3.325s) | Generator RTF: 0.2950(0.981s / 3.325s)
generated_audios/generated_H2_128C_int8/672-122797-0048_generated.wav | RTF: 0.0279(0.183s / 6.555s) | Generator RTF: 0.0273(0.179s / 6.555s)
generated_audios/generated_H2_128C_int8/672-122797-0049_generated.wav | RTF: 0.0319(0.064s / 2.020s) | Generator RTF: 0.0303(0.061s / 2.020s)
generated_audios/generated_H2_128C_int8/672-122797-0050_generated.wav | RTF: 0.2994(1.453s / 4.855s) | Generator RTF: 0.2987(1.450s / 4.855s)
generated_audios/generated_H2_128C_int8/672-122797-0051_generated.wav | RTF: 0.3068(1.431s / 4.665s) | Generator RTF: 0.3060(1.428s / 4.665s)
generated_audios/generated_H2_128C_int8/672-122797-0052_generated.wav | RTF: 0.2917(1.250s / 4.285s) | Generator RTF: 0.2909(1.246s / 4.285s)
generated_audios/generated_H2_128C_int8/672-122797-0053_generated.wav | RTF: 0.0293(0.087s / 2.955s) | Generator RTF: 0.0282(0.083s / 2.955s)
generated_audios/generated_H2_128C_int8/672-122797-0054_generated.wav | RTF: 0.0402(0.171s / 4.250s) | Generator RTF: 0.0298(0.127s / 4.250s)
generated_audios/generated_H2_128C_int8/672-122797-0055_generated.wav | RTF: 0.2890(2.378s / 8.230s) | Generator RTF: 0.2885(2.375s / 8.230s)
generated_audios/generated_H2_128C_int8/672-122797-0056_generated.wav | RTF: 0.0296(0.154s / 5.225s) | Generator RTF: 0.0288(0.151s / 5.225s)
generated_audios/generated_H2_128C_int8/672-122797-0057_generated.wav | RTF: 0.0271(0.178s / 6.560s) | Generator RTF: 0.0265(0.174s / 6.560s)
generated_audios/generated_H2_128C_int8/672-122797-0058_generated.wav | RTF: 0.3015(1.348s / 4.470s) | Generator RTF: 0.3007(1.344s / 4.470s)
generated_audios/generated_H2_128C_int8/672-122797-0059_generated.wav | RTF: 0.2925(1.030s / 3.520s) | Generator RTF: 0.2915(1.026s / 3.520s)
generated_audios/generated_H2_128C_int8/672-122797-0060_generated.wav | RTF: 0.0305(0.102s / 3.350s) | Generator RTF: 0.0295(0.099s / 3.350s)
generated_audios/generated_H2_128C_int8/672-122797-0061_generated.wav | RTF: 0.3114(2.363s / 7.590s) | Generator RTF: 0.3109(2.359s / 7.590s)
generated_audios/generated_H2_128C_int8/672-122797-0062_generated.wav | RTF: 0.3083(0.825s / 2.675s) | Generator RTF: 0.3070(0.821s / 2.675s)
generated_audios/generated_H2_128C_int8/672-122797-0063_generated.wav | RTF: 0.0263(0.133s / 5.075s) | Generator RTF: 0.0256(0.130s / 5.075s)
generated_audios/generated_H2_128C_int8/672-122797-0064_generated.wav | RTF: 0.3049(4.656s / 15.270s) | Generator RTF: 0.3046(4.652s / 15.270s)
generated_audios/generated_H2_128C_int8/672-122797-0065_generated.wav | RTF: 0.0297(0.090s / 3.030s) | Generator RTF: 0.0285(0.086s / 3.030s)
generated_audios/generated_H2_128C_int8/672-122797-0066_generated.wav | RTF: 0.0282(0.136s / 4.815s) | Generator RTF: 0.0275(0.132s / 4.815s)
generated_audios/generated_H2_128C_int8/672-122797-0067_generated.wav | RTF: 0.2898(3.777s / 13.035s) | Generator RTF: 0.2894(3.772s / 13.035s)
generated_audios/generated_H2_128C_int8/672-122797-0068_generated.wav | RTF: 0.0273(0.110s / 4.020s) | Generator RTF: 0.0263(0.106s / 4.020s)
generated_audios/generated_H2_128C_int8/672-122797-0069_generated.wav | RTF: 0.3067(1.537s / 5.010s) | Generator RTF: 0.3059(1.533s / 5.010s)
generated_audios/generated_H2_128C_int8/672-122797-0070_generated.wav | RTF: 0.2846(1.785s / 6.270s) | Generator RTF: 0.2840(1.781s / 6.270s)
generated_audios/generated_H2_128C_int8/672-122797-0071_generated.wav | RTF: 0.3047(2.705s / 8.875s) | Generator RTF: 0.3043(2.700s / 8.875s)
generated_audios/generated_H2_128C_int8/672-122797-0072_generated.wav | RTF: 0.3086(2.451s / 7.940s) | Generator RTF: 0.3081(2.446s / 7.940s)
generated_audios/generated_H2_128C_int8/672-122797-0073_generated.wav | RTF: 0.3050(2.503s / 8.205s) | Generator RTF: 0.3046(2.499s / 8.205s)
generated_audios/generated_H2_128C_int8/672-122797-0074_generated.wav | RTF: 0.3076(2.686s / 8.730s) | Generator RTF: 0.3072(2.681s / 8.730s)
generated_audios/generated_H2_128C_int8/908-157963-0000_generated.wav | RTF: 0.2890(3.648s / 12.620s) | Generator RTF: 0.2887(3.643s / 12.620s)
generated_audios/generated_H2_128C_int8/908-157963-0001_generated.wav | RTF: 0.2971(0.857s / 2.885s) | Generator RTF: 0.2959(0.854s / 2.885s)
generated_audios/generated_H2_128C_int8/908-157963-0002_generated.wav | RTF: 0.3004(0.828s / 2.755s) | Generator RTF: 0.2991(0.824s / 2.755s)
generated_audios/generated_H2_128C_int8/908-157963-0003_generated.wav | RTF: 0.2969(0.915s / 3.080s) | Generator RTF: 0.2959(0.911s / 3.080s)
generated_audios/generated_H2_128C_int8/908-157963-0004_generated.wav | RTF: 0.3012(4.214s / 13.990s) | Generator RTF: 0.3009(4.210s / 13.990s)
generated_audios/generated_H2_128C_int8/908-157963-0005_generated.wav | RTF: 0.2946(2.072s / 7.035s) | Generator RTF: 0.2941(2.069s / 7.035s)
generated_audios/generated_H2_128C_int8/908-157963-0006_generated.wav | RTF: 0.2995(2.429s / 8.110s) | Generator RTF: 0.2990(2.425s / 8.110s)
generated_audios/generated_H2_128C_int8/908-157963-0007_generated.wav | RTF: 0.3122(10.230s / 32.770s) | Generator RTF: 0.3120(10.224s / 32.770s)
generated_audios/generated_H2_128C_int8/908-157963-0008_generated.wav | RTF: 0.3063(6.111s / 19.950s) | Generator RTF: 0.3061(6.107s / 19.950s)
generated_audios/generated_H2_128C_int8/908-157963-0009_generated.wav | RTF: 0.3050(1.238s / 4.060s) | Generator RTF: 0.3040(1.234s / 4.060s)
generated_audios/generated_H2_128C_int8/908-157963-0010_generated.wav | RTF: 0.0220(0.138s / 6.280s) | Generator RTF: 0.0214(0.134s / 6.280s)
generated_audios/generated_H2_128C_int8/908-157963-0011_generated.wav | RTF: 0.0274(0.285s / 10.395s) | Generator RTF: 0.0270(0.281s / 10.395s)
generated_audios/generated_H2_128C_int8/908-157963-0012_generated.wav | RTF: 0.2992(3.018s / 10.090s) | Generator RTF: 0.2987(3.014s / 10.090s)
generated_audios/generated_H2_128C_int8/908-157963-0013_generated.wav | RTF: 0.0284(0.122s / 4.315s) | Generator RTF: 0.0275(0.119s / 4.315s)
generated_audios/generated_H2_128C_int8/908-157963-0014_generated.wav | RTF: 0.0273(0.123s / 4.520s) | Generator RTF: 0.0265(0.120s / 4.520s)
generated_audios/generated_H2_128C_int8/908-157963-0015_generated.wav | RTF: 0.2840(4.109s / 14.465s) | Generator RTF: 0.2837(4.104s / 14.465s)
generated_audios/generated_H2_128C_int8/908-157963-0016_generated.wav | RTF: 0.0263(0.134s / 5.105s) | Generator RTF: 0.0256(0.131s / 5.105s)
generated_audios/generated_H2_128C_int8/908-157963-0017_generated.wav | RTF: 0.2841(1.406s / 4.950s) | Generator RTF: 0.2834(1.403s / 4.950s)
generated_audios/generated_H2_128C_int8/908-157963-0018_generated.wav | RTF: 0.0311(0.132s / 4.255s) | Generator RTF: 0.0303(0.129s / 4.255s)
generated_audios/generated_H2_128C_int8/908-157963-0019_generated.wav | RTF: 0.3087(6.619s / 21.440s) | Generator RTF: 0.3085(6.613s / 21.440s)
generated_audios/generated_H2_128C_int8/908-157963-0020_generated.wav | RTF: 0.3030(2.969s / 9.800s) | Generator RTF: 0.3026(2.966s / 9.800s)
generated_audios/generated_H2_128C_int8/908-157963-0021_generated.wav | RTF: 0.0267(0.273s / 10.240s) | Generator RTF: 0.0262(0.269s / 10.240s)
generated_audios/generated_H2_128C_int8/908-157963-0022_generated.wav | RTF: 0.3042(1.403s / 4.610s) | Generator RTF: 0.3035(1.399s / 4.610s)
generated_audios/generated_H2_128C_int8/908-157963-0023_generated.wav | RTF: 0.3100(2.984s / 9.625s) | Generator RTF: 0.3096(2.980s / 9.625s)
generated_audios/generated_H2_128C_int8/908-157963-0024_generated.wav | RTF: 0.3072(1.057s / 3.440s) | Generator RTF: 0.3062(1.053s / 3.440s)
generated_audios/generated_H2_128C_int8/908-157963-0025_generated.wav | RTF: 0.2881(2.669s / 9.265s) | Generator RTF: 0.2876(2.665s / 9.265s)
generated_audios/generated_H2_128C_int8/908-157963-0026_generated.wav | RTF: 0.2983(2.416s / 8.100s) | Generator RTF: 0.2978(2.413s / 8.100s)
generated_audios/generated_H2_128C_int8/908-157963-0027_generated.wav | RTF: 0.0278(0.145s / 5.225s) | Generator RTF: 0.0270(0.141s / 5.225s)
generated_audios/generated_H2_128C_int8/908-157963-0028_generated.wav | RTF: 0.0230(0.114s / 4.955s) | Generator RTF: 0.0223(0.110s / 4.955s)
generated_audios/generated_H2_128C_int8/908-157963-0029_generated.wav | RTF: 0.2787(1.012s / 3.630s) | Generator RTF: 0.2778(1.008s / 3.630s)
generated_audios/generated_H2_128C_int8/908-157963-0030_generated.wav | RTF: 0.0233(0.105s / 4.520s) | Generator RTF: 0.0225(0.102s / 4.520s)
generated_audios/generated_H2_128C_int8/908-31957-0000_generated.wav | RTF: 0.2874(0.611s / 2.125s) | Generator RTF: 0.2860(0.608s / 2.125s)
generated_audios/generated_H2_128C_int8/908-31957-0001_generated.wav | RTF: 0.3045(3.445s / 11.315s) | Generator RTF: 0.3041(3.441s / 11.315s)
generated_audios/generated_H2_128C_int8/908-31957-0002_generated.wav | RTF: 0.0275(0.132s / 4.790s) | Generator RTF: 0.0267(0.128s / 4.790s)
generated_audios/generated_H2_128C_int8/908-31957-0003_generated.wav | RTF: 0.0261(0.171s / 6.565s) | Generator RTF: 0.0255(0.168s / 6.565s)
generated_audios/generated_H2_128C_int8/908-31957-0004_generated.wav | RTF: 0.3075(4.537s / 14.755s) | Generator RTF: 0.3072(4.532s / 14.755s)
generated_audios/generated_H2_128C_int8/908-31957-0005_generated.wav | RTF: 0.0270(0.121s / 4.490s) | Generator RTF: 0.0262(0.118s / 4.490s)
generated_audios/generated_H2_128C_int8/908-31957-0006_generated.wav | RTF: 0.2838(1.672s / 5.890s) | Generator RTF: 0.2831(1.668s / 5.890s)
generated_audios/generated_H2_128C_int8/908-31957-0007_generated.wav | RTF: 0.0254(0.147s / 5.800s) | Generator RTF: 0.0248(0.144s / 5.800s)
generated_audios/generated_H2_128C_int8/908-31957-0008_generated.wav | RTF: 0.2834(2.836s / 10.005s) | Generator RTF: 0.2830(2.832s / 10.005s)
generated_audios/generated_H2_128C_int8/908-31957-0009_generated.wav | RTF: 0.2856(2.201s / 7.705s) | Generator RTF: 0.2851(2.197s / 7.705s)
generated_audios/generated_H2_128C_int8/908-31957-0010_generated.wav | RTF: 0.2833(0.711s / 2.510s) | Generator RTF: 0.2819(0.708s / 2.510s)
generated_audios/generated_H2_128C_int8/908-31957-0011_generated.wav | RTF: 0.0316(0.074s / 2.335s) | Generator RTF: 0.0303(0.071s / 2.335s)
generated_audios/generated_H2_128C_int8/908-31957-0012_generated.wav | RTF: 0.2996(2.282s / 7.615s) | Generator RTF: 0.2991(2.278s / 7.615s)
generated_audios/generated_H2_128C_int8/908-31957-0013_generated.wav | RTF: 0.2980(1.842s / 6.180s) | Generator RTF: 0.2975(1.839s / 6.180s)
generated_audios/generated_H2_128C_int8/908-31957-0014_generated.wav | RTF: 0.2801(2.117s / 7.560s) | Generator RTF: 0.2796(2.114s / 7.560s)
generated_audios/generated_H2_128C_int8/908-31957-0015_generated.wav | RTF: 0.2919(6.265s / 21.465s) | Generator RTF: 0.2916(6.260s / 21.465s)
generated_audios/generated_H2_128C_int8/908-31957-0016_generated.wav | RTF: 0.2863(1.855s / 6.480s) | Generator RTF: 0.2857(1.851s / 6.480s)
generated_audios/generated_H2_128C_int8/908-31957-0017_generated.wav | RTF: 0.3002(2.340s / 7.795s) | Generator RTF: 0.2997(2.336s / 7.795s)
generated_audios/generated_H2_128C_int8/908-31957-0018_generated.wav | RTF: 0.3102(1.214s / 3.915s) | Generator RTF: 0.3093(1.211s / 3.915s)
generated_audios/generated_H2_128C_int8/908-31957-0019_generated.wav | RTF: 0.3097(2.954s / 9.540s) | Generator RTF: 0.3093(2.950s / 9.540s)
generated_audios/generated_H2_128C_int8/908-31957-0020_generated.wav | RTF: 0.0223(0.132s / 5.895s) | Generator RTF: 0.0217(0.128s / 5.895s)
generated_audios/generated_H2_128C_int8/908-31957-0021_generated.wav | RTF: 0.2890(3.152s / 10.905s) | Generator RTF: 0.2886(3.147s / 10.905s)
generated_audios/generated_H2_128C_int8/908-31957-0022_generated.wav | RTF: 0.3062(4.318s / 14.100s) | Generator RTF: 0.3059(4.313s / 14.100s)
generated_audios/generated_H2_128C_int8/908-31957-0023_generated.wav | RTF: 0.3068(2.613s / 8.515s) | Generator RTF: 0.3063(2.608s / 8.515s)
generated_audios/generated_H2_128C_int8/908-31957-0024_generated.wav | RTF: 0.2969(2.238s / 7.540s) | Generator RTF: 0.2964(2.234s / 7.540s)
generated_audios/generated_H2_128C_int8/908-31957-0025_generated.wav | RTF: 0.3046(6.263s / 20.560s) | Generator RTF: 0.3044(6.258s / 20.560s)
Average RTF: 0.2075(655.629s / 3159.849s)
Average Generator RTF: 0.2069(653.698s / 3159.849s)
Evaluation summary:
  Mel-spectrogram L1: 0.653508
  PESQ: 1.848568
  STOI: 0.904086
Appended per-audio metrics to CSV: per_audio_results/H2_quantized_resblocks_range_3_8

Appended metrics to CSV: experiments_results.csv
========== H3: pruning 30% ==========
Initializing Inference Process..
Using device: cpu (baseline and quantized inference both run on CPU)
Loading '/home/hpc/vlbi/vlbi107v/hifi-gan/cp_hifigan/v1_c128_physical30/g_00265000'
Complete.
Checkpoint contains plain conv weights. Removing weight_norm wrappers before loading...
Removing weight norm...
Loaded checkpoint: /home/hpc/vlbi/vlbi107v/hifi-gan/cp_hifigan/v1_c128_physical30/g_00265000 (2.797 MB)
Generator parameters: 720,029
generated_audios/generated_H3_128C_pruned30/1089-134686-0000_generated.wav | RTF: 0.2847(2.971s / 10.435s) | Generator RTF: 0.2832(2.955s / 10.435s)
generated_audios/generated_H3_128C_pruned30/1089-134686-0001_generated.wav | RTF: 0.2443(0.800s / 3.275s) | Generator RTF: 0.2429(0.795s / 3.275s)
generated_audios/generated_H3_128C_pruned30/1089-134686-0002_generated.wav | RTF: 0.2504(1.659s / 6.625s) | Generator RTF: 0.2499(1.656s / 6.625s)
generated_audios/generated_H3_128C_pruned30/1089-134686-0003_generated.wav | RTF: 0.2527(0.677s / 2.680s) | Generator RTF: 0.2513(0.674s / 2.680s)
generated_audios/generated_H3_128C_pruned30/1089-134686-0004_generated.wav | RTF: 0.2726(1.422s / 5.215s) | Generator RTF: 0.2720(1.418s / 5.215s)
generated_audios/generated_H3_128C_pruned30/1089-134686-0005_generated.wav | RTF: 0.2717(2.618s / 9.635s) | Generator RTF: 0.2713(2.614s / 9.635s)
generated_audios/generated_H3_128C_pruned30/1089-134686-0006_generated.wav | RTF: 0.2740(2.892s / 10.555s) | Generator RTF: 0.2736(2.888s / 10.555s)
generated_audios/generated_H3_128C_pruned30/1089-134686-0007_generated.wav | RTF: 0.2576(1.101s / 4.275s) | Generator RTF: 0.2567(1.097s / 4.275s)
generated_audios/generated_H3_128C_pruned30/1089-134686-0008_generated.wav | RTF: 0.2467(1.660s / 6.730s) | Generator RTF: 0.2460(1.656s / 6.730s)
generated_audios/generated_H3_128C_pruned30/1089-134686-0009_generated.wav | RTF: 0.2603(2.752s / 10.575s) | Generator RTF: 0.2599(2.748s / 10.575s)
generated_audios/generated_H3_128C_pruned30/1089-134686-0010_generated.wav | RTF: 0.2655(1.170s / 4.405s) | Generator RTF: 0.2646(1.166s / 4.405s)
generated_audios/generated_H3_128C_pruned30/1089-134686-0011_generated.wav | RTF: 0.2700(3.360s / 12.445s) | Generator RTF: 0.2696(3.356s / 12.445s)
generated_audios/generated_H3_128C_pruned30/1089-134686-0012_generated.wav | RTF: 0.2779(3.235s / 11.640s) | Generator RTF: 0.2776(3.231s / 11.640s)
generated_audios/generated_H3_128C_pruned30/1089-134686-0013_generated.wav | RTF: 0.2456(1.944s / 7.915s) | Generator RTF: 0.2451(1.940s / 7.915s)
generated_audios/generated_H3_128C_pruned30/1089-134686-0014_generated.wav | RTF: 0.2588(0.576s / 2.225s) | Generator RTF: 0.2574(0.573s / 2.225s)
generated_audios/generated_H3_128C_pruned30/1089-134686-0015_generated.wav | RTF: 0.2615(1.520s / 5.815s) | Generator RTF: 0.2609(1.517s / 5.815s)
generated_audios/generated_H3_128C_pruned30/1089-134686-0016_generated.wav | RTF: 0.2585(0.915s / 3.540s) | Generator RTF: 0.2576(0.912s / 3.540s)
generated_audios/generated_H3_128C_pruned30/1089-134686-0017_generated.wav | RTF: 0.2656(2.356s / 8.870s) | Generator RTF: 0.2652(2.352s / 8.870s)
generated_audios/generated_H3_128C_pruned30/1089-134686-0018_generated.wav | RTF: 0.2843(4.469s / 15.720s) | Generator RTF: 0.2840(4.464s / 15.720s)
generated_audios/generated_H3_128C_pruned30/1089-134686-0019_generated.wav | RTF: 0.2650(3.682s / 13.895s) | Generator RTF: 0.2647(3.678s / 13.895s)
generated_audios/generated_H3_128C_pruned30/1089-134686-0020_generated.wav | RTF: 0.2710(4.550s / 16.790s) | Generator RTF: 0.2707(4.545s / 16.790s)
generated_audios/generated_H3_128C_pruned30/1089-134686-0021_generated.wav | RTF: 0.2478(1.623s / 6.550s) | Generator RTF: 0.2473(1.620s / 6.550s)
generated_audios/generated_H3_128C_pruned30/1089-134686-0022_generated.wav | RTF: 0.2651(2.963s / 11.175s) | Generator RTF: 0.2648(2.959s / 11.175s)
generated_audios/generated_H3_128C_pruned30/1089-134686-0023_generated.wav | RTF: 0.2706(3.592s / 13.275s) | Generator RTF: 0.2703(3.588s / 13.275s)
generated_audios/generated_H3_128C_pruned30/1089-134686-0024_generated.wav | RTF: 0.2891(3.369s / 11.655s) | Generator RTF: 0.2887(3.365s / 11.655s)
generated_audios/generated_H3_128C_pruned30/1089-134686-0025_generated.wav | RTF: 0.2643(1.747s / 6.610s) | Generator RTF: 0.2637(1.743s / 6.610s)
generated_audios/generated_H3_128C_pruned30/1089-134686-0026_generated.wav | RTF: 0.2442(0.979s / 4.010s) | Generator RTF: 0.2434(0.976s / 4.010s)
generated_audios/generated_H3_128C_pruned30/1089-134686-0027_generated.wav | RTF: 0.2608(0.707s / 2.710s) | Generator RTF: 0.2596(0.704s / 2.710s)
generated_audios/generated_H3_128C_pruned30/1089-134686-0028_generated.wav | RTF: 0.2636(2.064s / 7.830s) | Generator RTF: 0.2632(2.061s / 7.830s)
generated_audios/generated_H3_128C_pruned30/1089-134686-0029_generated.wav | RTF: 0.2487(1.161s / 4.670s) | Generator RTF: 0.2479(1.158s / 4.670s)
generated_audios/generated_H3_128C_pruned30/1089-134686-0030_generated.wav | RTF: 0.0268(0.073s / 2.715s) | Generator RTF: 0.0256(0.070s / 2.715s)
generated_audios/generated_H3_128C_pruned30/1089-134686-0031_generated.wav | RTF: 0.0252(0.167s / 6.615s) | Generator RTF: 0.0247(0.163s / 6.615s)
generated_audios/generated_H3_128C_pruned30/121-121726-0000_generated.wav | RTF: 0.2636(2.230s / 8.460s) | Generator RTF: 0.2631(2.226s / 8.460s)
generated_audios/generated_H3_128C_pruned30/121-121726-0001_generated.wav | RTF: 0.2511(1.487s / 5.925s) | Generator RTF: 0.2505(1.484s / 5.925s)
generated_audios/generated_H3_128C_pruned30/121-121726-0002_generated.wav | RTF: 0.0304(0.134s / 4.410s) | Generator RTF: 0.0296(0.130s / 4.410s)
generated_audios/generated_H3_128C_pruned30/121-121726-0003_generated.wav | RTF: 0.2602(1.758s / 6.755s) | Generator RTF: 0.2597(1.754s / 6.755s)
generated_audios/generated_H3_128C_pruned30/121-121726-0004_generated.wav | RTF: 0.2598(1.044s / 4.020s) | Generator RTF: 0.2590(1.041s / 4.020s)
generated_audios/generated_H3_128C_pruned30/121-121726-0005_generated.wav | RTF: 0.2565(0.795s / 3.100s) | Generator RTF: 0.2554(0.792s / 3.100s)
generated_audios/generated_H3_128C_pruned30/121-121726-0006_generated.wav | RTF: 0.2558(0.996s / 3.895s) | Generator RTF: 0.2550(0.993s / 3.895s)
generated_audios/generated_H3_128C_pruned30/121-121726-0007_generated.wav | RTF: 0.0330(0.222s / 6.730s) | Generator RTF: 0.0325(0.218s / 6.730s)
generated_audios/generated_H3_128C_pruned30/121-121726-0008_generated.wav | RTF: 0.2463(1.229s / 4.990s) | Generator RTF: 0.2456(1.226s / 4.990s)
generated_audios/generated_H3_128C_pruned30/121-121726-0009_generated.wav | RTF: 0.2593(1.883s / 7.260s) | Generator RTF: 0.2588(1.879s / 7.260s)
generated_audios/generated_H3_128C_pruned30/121-121726-0010_generated.wav | RTF: 0.2655(2.605s / 9.810s) | Generator RTF: 0.2651(2.600s / 9.810s)
generated_audios/generated_H3_128C_pruned30/121-121726-0011_generated.wav | RTF: 0.2634(1.063s / 4.035s) | Generator RTF: 0.2626(1.060s / 4.035s)
generated_audios/generated_H3_128C_pruned30/121-121726-0012_generated.wav | RTF: 0.2495(1.009s / 4.045s) | Generator RTF: 0.2487(1.006s / 4.045s)
generated_audios/generated_H3_128C_pruned30/121-121726-0013_generated.wav | RTF: 0.2549(0.635s / 2.490s) | Generator RTF: 0.2538(0.632s / 2.490s)
generated_audios/generated_H3_128C_pruned30/121-121726-0014_generated.wav | RTF: 0.2578(0.816s / 3.165s) | Generator RTF: 0.2567(0.813s / 3.165s)
generated_audios/generated_H3_128C_pruned30/121-123852-0000_generated.wav | RTF: 0.2712(4.798s / 17.695s) | Generator RTF: 0.2708(4.792s / 17.695s)
generated_audios/generated_H3_128C_pruned30/121-123852-0001_generated.wav | RTF: 0.2467(0.461s / 1.870s) | Generator RTF: 0.2449(0.458s / 1.870s)
generated_audios/generated_H3_128C_pruned30/121-123852-0002_generated.wav | RTF: 0.2696(4.661s / 17.285s) | Generator RTF: 0.2694(4.656s / 17.285s)
generated_audios/generated_H3_128C_pruned30/121-123852-0003_generated.wav | RTF: 0.2806(6.595s / 23.505s) | Generator RTF: 0.2803(6.589s / 23.505s)
generated_audios/generated_H3_128C_pruned30/121-123852-0004_generated.wav | RTF: 0.2816(4.587s / 16.290s) | Generator RTF: 0.2813(4.583s / 16.290s)
generated_audios/generated_H3_128C_pruned30/121-123859-0000_generated.wav | RTF: 0.2699(4.693s / 17.390s) | Generator RTF: 0.2696(4.689s / 17.390s)
generated_audios/generated_H3_128C_pruned30/121-123859-0001_generated.wav | RTF: 0.2744(6.968s / 25.395s) | Generator RTF: 0.2741(6.962s / 25.395s)
generated_audios/generated_H3_128C_pruned30/121-123859-0002_generated.wav | RTF: 0.2862(8.598s / 30.040s) | Generator RTF: 0.2860(8.591s / 30.040s)
generated_audios/generated_H3_128C_pruned30/121-123859-0003_generated.wav | RTF: 0.2627(2.844s / 10.825s) | Generator RTF: 0.2624(2.840s / 10.825s)
generated_audios/generated_H3_128C_pruned30/121-123859-0004_generated.wav | RTF: 0.2644(2.513s / 9.505s) | Generator RTF: 0.2639(2.509s / 9.505s)
generated_audios/generated_H3_128C_pruned30/121-127105-0000_generated.wav | RTF: 0.2644(2.611s / 9.875s) | Generator RTF: 0.2640(2.607s / 9.875s)
generated_audios/generated_H3_128C_pruned30/121-127105-0001_generated.wav | RTF: 0.2487(1.250s / 5.025s) | Generator RTF: 0.2479(1.246s / 5.025s)
generated_audios/generated_H3_128C_pruned30/121-127105-0002_generated.wav | RTF: 0.2479(1.858s / 7.495s) | Generator RTF: 0.2474(1.854s / 7.495s)
generated_audios/generated_H3_128C_pruned30/121-127105-0003_generated.wav | RTF: 0.2632(2.033s / 7.725s) | Generator RTF: 0.2627(2.030s / 7.725s)
generated_audios/generated_H3_128C_pruned30/121-127105-0004_generated.wav | RTF: 0.2583(0.545s / 2.110s) | Generator RTF: 0.2568(0.542s / 2.110s)
generated_audios/generated_H3_128C_pruned30/121-127105-0005_generated.wav | RTF: 0.2486(1.447s / 5.820s) | Generator RTF: 0.2480(1.443s / 5.820s)
generated_audios/generated_H3_128C_pruned30/121-127105-0006_generated.wav | RTF: 0.2642(1.248s / 4.725s) | Generator RTF: 0.2634(1.244s / 4.725s)
generated_audios/generated_H3_128C_pruned30/121-127105-0007_generated.wav | RTF: 0.2493(1.443s / 5.790s) | Generator RTF: 0.2486(1.440s / 5.790s)
generated_audios/generated_H3_128C_pruned30/121-127105-0008_generated.wav | RTF: 0.2560(0.706s / 2.760s) | Generator RTF: 0.2548(0.703s / 2.760s)
generated_audios/generated_H3_128C_pruned30/121-127105-0009_generated.wav | RTF: 0.2618(0.600s / 2.290s) | Generator RTF: 0.2604(0.596s / 2.290s)
generated_audios/generated_H3_128C_pruned30/121-127105-0010_generated.wav | RTF: 0.2575(0.734s / 2.850s) | Generator RTF: 0.2564(0.731s / 2.850s)
generated_audios/generated_H3_128C_pruned30/121-127105-0011_generated.wav | RTF: 0.2578(1.490s / 5.780s) | Generator RTF: 0.2573(1.487s / 5.780s)
generated_audios/generated_H3_128C_pruned30/121-127105-0012_generated.wav | RTF: 0.2627(1.269s / 4.830s) | Generator RTF: 0.2620(1.265s / 4.830s)
generated_audios/generated_H3_128C_pruned30/121-127105-0013_generated.wav | RTF: 0.2450(1.444s / 5.895s) | Generator RTF: 0.2443(1.440s / 5.895s)
generated_audios/generated_H3_128C_pruned30/121-127105-0014_generated.wav | RTF: 0.2440(0.550s / 2.255s) | Generator RTF: 0.2426(0.547s / 2.255s)
generated_audios/generated_H3_128C_pruned30/121-127105-0015_generated.wav | RTF: 0.2619(0.775s / 2.960s) | Generator RTF: 0.2607(0.772s / 2.960s)
generated_audios/generated_H3_128C_pruned30/121-127105-0016_generated.wav | RTF: 0.2495(0.506s / 2.030s) | Generator RTF: 0.2478(0.503s / 2.030s)
generated_audios/generated_H3_128C_pruned30/121-127105-0017_generated.wav | RTF: 0.2588(0.697s / 2.695s) | Generator RTF: 0.2576(0.694s / 2.695s)
generated_audios/generated_H3_128C_pruned30/121-127105-0018_generated.wav | RTF: 0.2591(0.718s / 2.770s) | Generator RTF: 0.2580(0.715s / 2.770s)
generated_audios/generated_H3_128C_pruned30/121-127105-0019_generated.wav | RTF: 0.2488(0.877s / 3.525s) | Generator RTF: 0.2479(0.874s / 3.525s)
generated_audios/generated_H3_128C_pruned30/121-127105-0020_generated.wav | RTF: 0.2741(3.935s / 14.355s) | Generator RTF: 0.2739(3.931s / 14.355s)
generated_audios/generated_H3_128C_pruned30/121-127105-0021_generated.wav | RTF: 0.2488(0.498s / 2.000s) | Generator RTF: 0.2473(0.495s / 2.000s)
generated_audios/generated_H3_128C_pruned30/121-127105-0022_generated.wav | RTF: 0.2579(1.309s / 5.075s) | Generator RTF: 0.2573(1.306s / 5.075s)
generated_audios/generated_H3_128C_pruned30/121-127105-0023_generated.wav | RTF: 0.2522(2.752s / 10.910s) | Generator RTF: 0.2519(2.748s / 10.910s)
generated_audios/generated_H3_128C_pruned30/121-127105-0024_generated.wav | RTF: 0.2898(4.188s / 14.450s) | Generator RTF: 0.2895(4.184s / 14.450s)
generated_audios/generated_H3_128C_pruned30/121-127105-0025_generated.wav | RTF: 0.2763(4.439s / 16.065s) | Generator RTF: 0.2760(4.434s / 16.065s)
generated_audios/generated_H3_128C_pruned30/121-127105-0026_generated.wav | RTF: 0.2496(1.880s / 7.530s) | Generator RTF: 0.2491(1.876s / 7.530s)
generated_audios/generated_H3_128C_pruned30/121-127105-0027_generated.wav | RTF: 0.2791(3.871s / 13.870s) | Generator RTF: 0.2788(3.867s / 13.870s)
generated_audios/generated_H3_128C_pruned30/121-127105-0028_generated.wav | RTF: 0.0306(0.207s / 6.750s) | Generator RTF: 0.0300(0.203s / 6.750s)
generated_audios/generated_H3_128C_pruned30/121-127105-0029_generated.wav | RTF: 0.2612(1.909s / 7.310s) | Generator RTF: 0.2606(1.905s / 7.310s)
generated_audios/generated_H3_128C_pruned30/121-127105-0030_generated.wav | RTF: 0.2545(0.554s / 2.175s) | Generator RTF: 0.2530(0.550s / 2.175s)
generated_audios/generated_H3_128C_pruned30/121-127105-0031_generated.wav | RTF: 0.2499(2.690s / 10.765s) | Generator RTF: 0.2496(2.687s / 10.765s)
generated_audios/generated_H3_128C_pruned30/121-127105-0032_generated.wav | RTF: 0.2460(0.780s / 3.170s) | Generator RTF: 0.2449(0.776s / 3.170s)
generated_audios/generated_H3_128C_pruned30/121-127105-0033_generated.wav | RTF: 0.2550(0.600s / 2.355s) | Generator RTF: 0.2537(0.598s / 2.355s)
generated_audios/generated_H3_128C_pruned30/121-127105-0034_generated.wav | RTF: 0.2641(1.957s / 7.410s) | Generator RTF: 0.2636(1.953s / 7.410s)
generated_audios/generated_H3_128C_pruned30/121-127105-0035_generated.wav | RTF: 0.2761(3.907s / 14.150s) | Generator RTF: 0.2758(3.902s / 14.150s)
generated_audios/generated_H3_128C_pruned30/121-127105-0036_generated.wav | RTF: 0.2473(1.026s / 4.150s) | Generator RTF: 0.2464(1.022s / 4.150s)
generated_audios/generated_H3_128C_pruned30/237-126133-0000_generated.wav | RTF: 0.2894(3.846s / 13.290s) | Generator RTF: 0.2891(3.842s / 13.290s)
generated_audios/generated_H3_128C_pruned30/237-126133-0001_generated.wav | RTF: 0.2913(3.485s / 11.965s) | Generator RTF: 0.2909(3.481s / 11.965s)
generated_audios/generated_H3_128C_pruned30/237-126133-0002_generated.wav | RTF: 0.2508(2.237s / 8.920s) | Generator RTF: 0.2503(2.233s / 8.920s)
generated_audios/generated_H3_128C_pruned30/237-126133-0003_generated.wav | RTF: 0.2594(1.701s / 6.560s) | Generator RTF: 0.2588(1.698s / 6.560s)
generated_audios/generated_H3_128C_pruned30/237-126133-0004_generated.wav | RTF: 0.2607(0.859s / 3.295s) | Generator RTF: 0.2596(0.855s / 3.295s)
generated_audios/generated_H3_128C_pruned30/237-126133-0005_generated.wav | RTF: 0.2652(1.726s / 6.510s) | Generator RTF: 0.2646(1.723s / 6.510s)
generated_audios/generated_H3_128C_pruned30/237-126133-0006_generated.wav | RTF: 0.2607(1.603s / 6.150s) | Generator RTF: 0.2600(1.599s / 6.150s)
generated_audios/generated_H3_128C_pruned30/237-126133-0007_generated.wav | RTF: 0.2494(2.164s / 8.680s) | Generator RTF: 0.2489(2.160s / 8.680s)
generated_audios/generated_H3_128C_pruned30/237-126133-0008_generated.wav | RTF: 0.2594(1.003s / 3.865s) | Generator RTF: 0.2585(0.999s / 3.865s)
generated_audios/generated_H3_128C_pruned30/237-126133-0009_generated.wav | RTF: 0.2595(1.030s / 3.970s) | Generator RTF: 0.2587(1.027s / 3.970s)
generated_audios/generated_H3_128C_pruned30/237-126133-0010_generated.wav | RTF: 0.2503(1.562s / 6.240s) | Generator RTF: 0.2497(1.558s / 6.240s)
generated_audios/generated_H3_128C_pruned30/237-126133-0011_generated.wav | RTF: 0.2655(1.782s / 6.710s) | Generator RTF: 0.2650(1.778s / 6.710s)
generated_audios/generated_H3_128C_pruned30/237-126133-0012_generated.wav | RTF: 0.2652(1.180s / 4.450s) | Generator RTF: 0.2645(1.177s / 4.450s)
generated_audios/generated_H3_128C_pruned30/237-126133-0013_generated.wav | RTF: 0.2640(1.799s / 6.815s) | Generator RTF: 0.2635(1.796s / 6.815s)
generated_audios/generated_H3_128C_pruned30/237-126133-0014_generated.wav | RTF: 0.2646(1.796s / 6.790s) | Generator RTF: 0.2640(1.793s / 6.790s)
generated_audios/generated_H3_128C_pruned30/237-126133-0015_generated.wav | RTF: 0.2546(2.378s / 9.340s) | Generator RTF: 0.2542(2.374s / 9.340s)
generated_audios/generated_H3_128C_pruned30/237-126133-0016_generated.wav | RTF: 0.2488(1.057s / 4.250s) | Generator RTF: 0.2480(1.054s / 4.250s)
generated_audios/generated_H3_128C_pruned30/237-126133-0017_generated.wav | RTF: 0.2531(1.572s / 6.210s) | Generator RTF: 0.2525(1.568s / 6.210s)
generated_audios/generated_H3_128C_pruned30/237-126133-0018_generated.wav | RTF: 0.2653(1.087s / 4.095s) | Generator RTF: 0.2645(1.083s / 4.095s)
generated_audios/generated_H3_128C_pruned30/237-126133-0019_generated.wav | RTF: 0.2702(1.924s / 7.120s) | Generator RTF: 0.2697(1.920s / 7.120s)
generated_audios/generated_H3_128C_pruned30/237-126133-0020_generated.wav | RTF: 0.2463(0.552s / 2.240s) | Generator RTF: 0.2449(0.549s / 2.240s)
generated_audios/generated_H3_128C_pruned30/237-126133-0021_generated.wav | RTF: 0.2524(1.102s / 4.365s) | Generator RTF: 0.2516(1.098s / 4.365s)
generated_audios/generated_H3_128C_pruned30/237-126133-0022_generated.wav | RTF: 0.2670(1.346s / 5.040s) | Generator RTF: 0.2662(1.342s / 5.040s)
generated_audios/generated_H3_128C_pruned30/237-126133-0023_generated.wav | RTF: 0.2650(1.769s / 6.675s) | Generator RTF: 0.2644(1.765s / 6.675s)
generated_audios/generated_H3_128C_pruned30/237-126133-0024_generated.wav | RTF: 0.2685(2.595s / 9.665s) | Generator RTF: 0.2681(2.591s / 9.665s)
generated_audios/generated_H3_128C_pruned30/237-126133-0025_generated.wav | RTF: 0.2586(0.971s / 3.755s) | Generator RTF: 0.2577(0.968s / 3.755s)
generated_audios/generated_H3_128C_pruned30/237-134493-0000_generated.wav | RTF: 0.2672(1.097s / 4.105s) | Generator RTF: 0.2663(1.093s / 4.105s)
generated_audios/generated_H3_128C_pruned30/237-134493-0001_generated.wav | RTF: 0.2595(1.915s / 7.380s) | Generator RTF: 0.2590(1.912s / 7.380s)
generated_audios/generated_H3_128C_pruned30/237-134493-0002_generated.wav | RTF: 0.2750(3.133s / 11.395s) | Generator RTF: 0.2746(3.129s / 11.395s)
generated_audios/generated_H3_128C_pruned30/237-134493-0003_generated.wav | RTF: 0.2899(3.701s / 12.765s) | Generator RTF: 0.2896(3.696s / 12.765s)
generated_audios/generated_H3_128C_pruned30/237-134493-0004_generated.wav | RTF: 0.2708(1.848s / 6.825s) | Generator RTF: 0.2702(1.844s / 6.825s)
generated_audios/generated_H3_128C_pruned30/237-134493-0005_generated.wav | RTF: 0.2608(2.854s / 10.945s) | Generator RTF: 0.2604(2.850s / 10.945s)
generated_audios/generated_H3_128C_pruned30/237-134493-0006_generated.wav | RTF: 0.2513(1.104s / 4.395s) | Generator RTF: 0.2505(1.101s / 4.395s)
generated_audios/generated_H3_128C_pruned30/237-134493-0007_generated.wav | RTF: 0.2499(0.509s / 2.035s) | Generator RTF: 0.2484(0.505s / 2.035s)
generated_audios/generated_H3_128C_pruned30/237-134493-0008_generated.wav | RTF: 0.2482(0.572s / 2.305s) | Generator RTF: 0.2469(0.569s / 2.305s)
generated_audios/generated_H3_128C_pruned30/237-134493-0009_generated.wav | RTF: 0.2620(0.779s / 2.975s) | Generator RTF: 0.2608(0.776s / 2.975s)
generated_audios/generated_H3_128C_pruned30/237-134493-0010_generated.wav | RTF: 0.2604(0.749s / 2.875s) | Generator RTF: 0.2594(0.746s / 2.875s)
generated_audios/generated_H3_128C_pruned30/237-134493-0011_generated.wav | RTF: 0.2683(1.351s / 5.035s) | Generator RTF: 0.2676(1.347s / 5.035s)
generated_audios/generated_H3_128C_pruned30/237-134493-0012_generated.wav | RTF: 0.2511(0.919s / 3.660s) | Generator RTF: 0.2501(0.916s / 3.660s)
generated_audios/generated_H3_128C_pruned30/237-134493-0013_generated.wav | RTF: 0.0331(0.135s / 4.090s) | Generator RTF: 0.0323(0.132s / 4.090s)
generated_audios/generated_H3_128C_pruned30/237-134493-0014_generated.wav | RTF: 0.2540(0.940s / 3.700s) | Generator RTF: 0.2530(0.936s / 3.700s)
generated_audios/generated_H3_128C_pruned30/237-134493-0015_generated.wav | RTF: 0.0319(0.209s / 6.550s) | Generator RTF: 0.0314(0.206s / 6.550s)
generated_audios/generated_H3_128C_pruned30/237-134493-0016_generated.wav | RTF: 0.2722(2.745s / 10.085s) | Generator RTF: 0.2718(2.741s / 10.085s)
generated_audios/generated_H3_128C_pruned30/237-134493-0017_generated.wav | RTF: 0.2704(2.462s / 9.105s) | Generator RTF: 0.2699(2.457s / 9.105s)
generated_audios/generated_H3_128C_pruned30/237-134493-0018_generated.wav | RTF: 0.2697(1.292s / 4.790s) | Generator RTF: 0.2690(1.288s / 4.790s)
generated_audios/generated_H3_128C_pruned30/237-134500-0000_generated.wav | RTF: 0.2615(1.603s / 6.130s) | Generator RTF: 0.2609(1.599s / 6.130s)
generated_audios/generated_H3_128C_pruned30/237-134500-0001_generated.wav | RTF: 0.2484(0.450s / 1.810s) | Generator RTF: 0.2468(0.447s / 1.810s)
generated_audios/generated_H3_128C_pruned30/237-134500-0002_generated.wav | RTF: 0.2683(1.360s / 5.070s) | Generator RTF: 0.2676(1.357s / 5.070s)
generated_audios/generated_H3_128C_pruned30/237-134500-0003_generated.wav | RTF: 0.0357(0.113s / 3.170s) | Generator RTF: 0.0347(0.110s / 3.170s)
generated_audios/generated_H3_128C_pruned30/237-134500-0004_generated.wav | RTF: 0.0366(0.081s / 2.225s) | Generator RTF: 0.0352(0.078s / 2.225s)
generated_audios/generated_H3_128C_pruned30/237-134500-0005_generated.wav | RTF: 0.2595(0.620s / 2.390s) | Generator RTF: 0.2581(0.617s / 2.390s)
generated_audios/generated_H3_128C_pruned30/237-134500-0006_generated.wav | RTF: 0.2516(1.063s / 4.225s) | Generator RTF: 0.2508(1.060s / 4.225s)
generated_audios/generated_H3_128C_pruned30/237-134500-0007_generated.wav | RTF: 0.0283(0.068s / 2.390s) | Generator RTF: 0.0270(0.065s / 2.390s)
generated_audios/generated_H3_128C_pruned30/237-134500-0008_generated.wav | RTF: 0.0317(0.119s / 3.760s) | Generator RTF: 0.0308(0.116s / 3.760s)
generated_audios/generated_H3_128C_pruned30/237-134500-0009_generated.wav | RTF: 0.0281(0.062s / 2.220s) | Generator RTF: 0.0267(0.059s / 2.220s)
generated_audios/generated_H3_128C_pruned30/237-134500-0010_generated.wav | RTF: 0.2659(1.062s / 3.995s) | Generator RTF: 0.2651(1.059s / 3.995s)
generated_audios/generated_H3_128C_pruned30/237-134500-0011_generated.wav | RTF: 0.2519(0.844s / 3.350s) | Generator RTF: 0.2509(0.841s / 3.350s)
generated_audios/generated_H3_128C_pruned30/237-134500-0012_generated.wav | RTF: 0.2765(3.024s / 10.935s) | Generator RTF: 0.2762(3.020s / 10.935s)
generated_audios/generated_H3_128C_pruned30/237-134500-0013_generated.wav | RTF: 0.0329(0.348s / 10.560s) | Generator RTF: 0.0325(0.343s / 10.560s)
generated_audios/generated_H3_128C_pruned30/237-134500-0014_generated.wav | RTF: 0.0360(0.153s / 4.250s) | Generator RTF: 0.0352(0.150s / 4.250s)
generated_audios/generated_H3_128C_pruned30/237-134500-0015_generated.wav | RTF: 0.2736(2.959s / 10.815s) | Generator RTF: 0.2732(2.955s / 10.815s)
generated_audios/generated_H3_128C_pruned30/237-134500-0016_generated.wav | RTF: 0.0342(0.108s / 3.160s) | Generator RTF: 0.0332(0.105s / 3.160s)
generated_audios/generated_H3_128C_pruned30/237-134500-0017_generated.wav | RTF: 0.0371(0.081s / 2.180s) | Generator RTF: 0.0357(0.078s / 2.180s)
generated_audios/generated_H3_128C_pruned30/237-134500-0018_generated.wav | RTF: 0.2925(3.757s / 12.845s) | Generator RTF: 0.2921(3.752s / 12.845s)
generated_audios/generated_H3_128C_pruned30/237-134500-0019_generated.wav | RTF: 0.2526(0.722s / 2.860s) | Generator RTF: 0.2513(0.719s / 2.860s)
generated_audios/generated_H3_128C_pruned30/237-134500-0020_generated.wav | RTF: 0.0299(0.065s / 2.180s) | Generator RTF: 0.0284(0.062s / 2.180s)
generated_audios/generated_H3_128C_pruned30/237-134500-0021_generated.wav | RTF: 0.2518(1.289s / 5.120s) | Generator RTF: 0.2512(1.286s / 5.120s)
generated_audios/generated_H3_128C_pruned30/237-134500-0022_generated.wav | RTF: 0.2546(1.315s / 5.165s) | Generator RTF: 0.2538(1.311s / 5.165s)
generated_audios/generated_H3_128C_pruned30/237-134500-0023_generated.wav | RTF: 0.2685(0.821s / 3.060s) | Generator RTF: 0.2674(0.818s / 3.060s)
generated_audios/generated_H3_128C_pruned30/237-134500-0024_generated.wav | RTF: 0.0317(0.140s / 4.410s) | Generator RTF: 0.0308(0.136s / 4.410s)
generated_audios/generated_H3_128C_pruned30/237-134500-0025_generated.wav | RTF: 0.2482(0.405s / 1.630s) | Generator RTF: 0.2463(0.401s / 1.630s)
generated_audios/generated_H3_128C_pruned30/237-134500-0026_generated.wav | RTF: 0.2634(0.803s / 3.050s) | Generator RTF: 0.2623(0.800s / 3.050s)
generated_audios/generated_H3_128C_pruned30/237-134500-0027_generated.wav | RTF: 0.2708(0.885s / 3.270s) | Generator RTF: 0.2697(0.882s / 3.270s)
generated_audios/generated_H3_128C_pruned30/237-134500-0028_generated.wav | RTF: 0.2744(1.241s / 4.525s) | Generator RTF: 0.2736(1.238s / 4.525s)
generated_audios/generated_H3_128C_pruned30/237-134500-0029_generated.wav | RTF: 0.2566(0.530s / 2.065s) | Generator RTF: 0.2551(0.527s / 2.065s)
generated_audios/generated_H3_128C_pruned30/237-134500-0030_generated.wav | RTF: 0.2725(0.758s / 2.780s) | Generator RTF: 0.2713(0.754s / 2.780s)
generated_audios/generated_H3_128C_pruned30/237-134500-0031_generated.wav | RTF: 0.2697(2.862s / 10.610s) | Generator RTF: 0.2693(2.857s / 10.610s)
generated_audios/generated_H3_128C_pruned30/237-134500-0032_generated.wav | RTF: 0.0323(0.162s / 5.025s) | Generator RTF: 0.0315(0.158s / 5.025s)
generated_audios/generated_H3_128C_pruned30/237-134500-0033_generated.wav | RTF: 0.2575(1.635s / 6.350s) | Generator RTF: 0.2570(1.632s / 6.350s)
generated_audios/generated_H3_128C_pruned30/237-134500-0034_generated.wav | RTF: 0.2549(0.784s / 3.075s) | Generator RTF: 0.2538(0.780s / 3.075s)
generated_audios/generated_H3_128C_pruned30/237-134500-0035_generated.wav | RTF: 0.2683(0.686s / 2.555s) | Generator RTF: 0.2671(0.682s / 2.555s)
generated_audios/generated_H3_128C_pruned30/237-134500-0036_generated.wav | RTF: 0.2727(1.800s / 6.600s) | Generator RTF: 0.2722(1.796s / 6.600s)
generated_audios/generated_H3_128C_pruned30/237-134500-0037_generated.wav | RTF: 0.2693(1.913s / 7.105s) | Generator RTF: 0.2688(1.910s / 7.105s)
generated_audios/generated_H3_128C_pruned30/237-134500-0038_generated.wav | RTF: 0.2617(0.637s / 2.435s) | Generator RTF: 0.2604(0.634s / 2.435s)
generated_audios/generated_H3_128C_pruned30/237-134500-0039_generated.wav | RTF: 0.2740(1.269s / 4.630s) | Generator RTF: 0.2733(1.265s / 4.630s)
generated_audios/generated_H3_128C_pruned30/237-134500-0040_generated.wav | RTF: 0.0315(0.127s / 4.030s) | Generator RTF: 0.0306(0.123s / 4.030s)
generated_audios/generated_H3_128C_pruned30/237-134500-0041_generated.wav | RTF: 0.0327(0.292s / 8.920s) | Generator RTF: 0.0323(0.288s / 8.920s)
generated_audios/generated_H3_128C_pruned30/237-134500-0042_generated.wav | RTF: 0.2634(0.678s / 2.575s) | Generator RTF: 0.2622(0.675s / 2.575s)
generated_audios/generated_H3_128C_pruned30/260-123286-0000_generated.wav | RTF: 0.2626(1.849s / 7.040s) | Generator RTF: 0.2621(1.845s / 7.040s)
generated_audios/generated_H3_128C_pruned30/260-123286-0001_generated.wav | RTF: 0.0281(0.086s / 3.070s) | Generator RTF: 0.0274(0.084s / 3.070s)
generated_audios/generated_H3_128C_pruned30/260-123286-0002_generated.wav | RTF: 0.2753(2.749s / 9.985s) | Generator RTF: 0.2750(2.746s / 9.985s)
generated_audios/generated_H3_128C_pruned30/260-123286-0003_generated.wav | RTF: 0.2738(2.018s / 7.370s) | Generator RTF: 0.2733(2.014s / 7.370s)
generated_audios/generated_H3_128C_pruned30/260-123286-0004_generated.wav | RTF: 0.2704(0.937s / 3.465s) | Generator RTF: 0.2696(0.934s / 3.465s)
generated_audios/generated_H3_128C_pruned30/260-123286-0005_generated.wav | RTF: 0.2616(1.259s / 4.810s) | Generator RTF: 0.2610(1.256s / 4.810s)
generated_audios/generated_H3_128C_pruned30/260-123286-0006_generated.wav | RTF: 0.2761(2.045s / 7.405s) | Generator RTF: 0.2757(2.041s / 7.405s)
generated_audios/generated_H3_128C_pruned30/260-123286-0007_generated.wav | RTF: 0.2759(1.255s / 4.550s) | Generator RTF: 0.2751(1.252s / 4.550s)
generated_audios/generated_H3_128C_pruned30/260-123286-0008_generated.wav | RTF: 0.2662(0.994s / 3.735s) | Generator RTF: 0.2652(0.990s / 3.735s)
generated_audios/generated_H3_128C_pruned30/260-123286-0009_generated.wav | RTF: 0.2847(1.650s / 5.795s) | Generator RTF: 0.2841(1.646s / 5.795s)
generated_audios/generated_H3_128C_pruned30/260-123286-0010_generated.wav | RTF: 0.0335(0.086s / 2.575s) | Generator RTF: 0.0322(0.083s / 2.575s)
generated_audios/generated_H3_128C_pruned30/260-123286-0011_generated.wav | RTF: 0.0349(0.149s / 4.255s) | Generator RTF: 0.0341(0.145s / 4.255s)
generated_audios/generated_H3_128C_pruned30/260-123286-0012_generated.wav | RTF: 0.0345(0.084s / 2.430s) | Generator RTF: 0.0331(0.081s / 2.430s)
generated_audios/generated_H3_128C_pruned30/260-123286-0013_generated.wav | RTF: 0.2717(1.285s / 4.730s) | Generator RTF: 0.2710(1.282s / 4.730s)
generated_audios/generated_H3_128C_pruned30/260-123286-0014_generated.wav | RTF: 0.0349(0.104s / 2.980s) | Generator RTF: 0.0337(0.100s / 2.980s)
generated_audios/generated_H3_128C_pruned30/260-123286-0015_generated.wav | RTF: 0.2777(1.447s / 5.210s) | Generator RTF: 0.2770(1.443s / 5.210s)
generated_audios/generated_H3_128C_pruned30/260-123286-0016_generated.wav | RTF: 0.2797(1.958s / 7.000s) | Generator RTF: 0.2792(1.955s / 7.000s)
generated_audios/generated_H3_128C_pruned30/260-123286-0017_generated.wav | RTF: 0.2680(1.065s / 3.975s) | Generator RTF: 0.2671(1.062s / 3.975s)
generated_audios/generated_H3_128C_pruned30/260-123286-0018_generated.wav | RTF: 0.2842(1.611s / 5.670s) | Generator RTF: 0.2836(1.608s / 5.670s)
generated_audios/generated_H3_128C_pruned30/260-123286-0019_generated.wav | RTF: 0.3040(3.619s / 11.905s) | Generator RTF: 0.3037(3.615s / 11.905s)
generated_audios/generated_H3_128C_pruned30/260-123286-0020_generated.wav | RTF: 0.0363(0.111s / 3.060s) | Generator RTF: 0.0350(0.107s / 3.060s)
generated_audios/generated_H3_128C_pruned30/260-123286-0021_generated.wav | RTF: 0.2726(0.695s / 2.550s) | Generator RTF: 0.2714(0.692s / 2.550s)
generated_audios/generated_H3_128C_pruned30/260-123286-0022_generated.wav | RTF: 0.2787(0.902s / 3.235s) | Generator RTF: 0.2777(0.898s / 3.235s)
generated_audios/generated_H3_128C_pruned30/260-123286-0023_generated.wav | RTF: 0.2824(1.659s / 5.875s) | Generator RTF: 0.2817(1.655s / 5.875s)
generated_audios/generated_H3_128C_pruned30/260-123286-0024_generated.wav | RTF: 0.2742(0.834s / 3.040s) | Generator RTF: 0.2732(0.830s / 3.040s)
generated_audios/generated_H3_128C_pruned30/260-123286-0025_generated.wav | RTF: 0.2729(2.512s / 9.205s) | Generator RTF: 0.2724(2.508s / 9.205s)
generated_audios/generated_H3_128C_pruned30/260-123286-0026_generated.wav | RTF: 0.2721(1.888s / 6.940s) | Generator RTF: 0.2715(1.884s / 6.940s)
generated_audios/generated_H3_128C_pruned30/260-123286-0027_generated.wav | RTF: 0.2931(2.101s / 7.170s) | Generator RTF: 0.2925(2.097s / 7.170s)
generated_audios/generated_H3_128C_pruned30/260-123286-0028_generated.wav | RTF: 0.2751(2.054s / 7.465s) | Generator RTF: 0.2746(2.050s / 7.465s)
generated_audios/generated_H3_128C_pruned30/260-123286-0029_generated.wav | RTF: 0.0310(0.141s / 4.545s) | Generator RTF: 0.0301(0.137s / 4.545s)
generated_audios/generated_H3_128C_pruned30/260-123286-0030_generated.wav | RTF: 0.0314(0.236s / 7.530s) | Generator RTF: 0.0309(0.232s / 7.530s)
generated_audios/generated_H3_128C_pruned30/260-123286-0031_generated.wav | RTF: 0.2708(1.370s / 5.060s) | Generator RTF: 0.2700(1.366s / 5.060s)
generated_audios/generated_H3_128C_pruned30/260-123288-0000_generated.wav | RTF: 0.0281(0.085s / 3.040s) | Generator RTF: 0.0270(0.082s / 3.040s)
generated_audios/generated_H3_128C_pruned30/260-123288-0001_generated.wav | RTF: 0.0306(0.155s / 5.080s) | Generator RTF: 0.0301(0.153s / 5.080s)
generated_audios/generated_H3_128C_pruned30/260-123288-0002_generated.wav | RTF: 0.2757(1.999s / 7.250s) | Generator RTF: 0.2752(1.995s / 7.250s)
generated_audios/generated_H3_128C_pruned30/260-123288-0003_generated.wav | RTF: 0.2883(2.567s / 8.905s) | Generator RTF: 0.2878(2.563s / 8.905s)
generated_audios/generated_H3_128C_pruned30/260-123288-0004_generated.wav | RTF: 0.2831(1.220s / 4.310s) | Generator RTF: 0.2822(1.216s / 4.310s)
generated_audios/generated_H3_128C_pruned30/260-123288-0005_generated.wav | RTF: 0.2970(3.727s / 12.550s) | Generator RTF: 0.2966(3.722s / 12.550s)
generated_audios/generated_H3_128C_pruned30/260-123288-0006_generated.wav | RTF: 0.2732(1.333s / 4.880s) | Generator RTF: 0.2724(1.329s / 4.880s)
generated_audios/generated_H3_128C_pruned30/260-123288-0007_generated.wav | RTF: 0.2956(3.310s / 11.200s) | Generator RTF: 0.2952(3.306s / 11.200s)
generated_audios/generated_H3_128C_pruned30/260-123288-0008_generated.wav | RTF: 0.2875(1.586s / 5.515s) | Generator RTF: 0.2869(1.582s / 5.515s)
generated_audios/generated_H3_128C_pruned30/260-123288-0009_generated.wav | RTF: 0.2842(0.976s / 3.435s) | Generator RTF: 0.2831(0.973s / 3.435s)
generated_audios/generated_H3_128C_pruned30/260-123288-0010_generated.wav | RTF: 0.0319(0.319s / 9.995s) | Generator RTF: 0.0315(0.315s / 9.995s)
generated_audios/generated_H3_128C_pruned30/260-123288-0011_generated.wav | RTF: 0.2946(2.646s / 8.980s) | Generator RTF: 0.2941(2.641s / 8.980s)
generated_audios/generated_H3_128C_pruned30/260-123288-0012_generated.wav | RTF: 0.2825(1.001s / 3.545s) | Generator RTF: 0.2814(0.998s / 3.545s)
generated_audios/generated_H3_128C_pruned30/260-123288-0013_generated.wav | RTF: 0.3161(3.599s / 11.385s) | Generator RTF: 0.3158(3.595s / 11.385s)
generated_audios/generated_H3_128C_pruned30/260-123288-0014_generated.wav | RTF: 0.0414(0.075s / 1.805s) | Generator RTF: 0.0398(0.072s / 1.805s)
generated_audios/generated_H3_128C_pruned30/260-123288-0015_generated.wav | RTF: 0.2973(6.298s / 21.185s) | Generator RTF: 0.2970(6.292s / 21.185s)
generated_audios/generated_H3_128C_pruned30/260-123288-0016_generated.wav | RTF: 0.2924(1.423s / 4.865s) | Generator RTF: 0.2917(1.419s / 4.865s)
generated_audios/generated_H3_128C_pruned30/260-123288-0017_generated.wav | RTF: 0.2732(1.428s / 5.225s) | Generator RTF: 0.2725(1.424s / 5.225s)
generated_audios/generated_H3_128C_pruned30/260-123288-0018_generated.wav | RTF: 0.2848(0.924s / 3.245s) | Generator RTF: 0.2838(0.921s / 3.245s)
generated_audios/generated_H3_128C_pruned30/260-123288-0019_generated.wav | RTF: 0.0345(0.102s / 2.955s) | Generator RTF: 0.0334(0.099s / 2.955s)
generated_audios/generated_H3_128C_pruned30/260-123288-0020_generated.wav | RTF: 0.2822(0.818s / 2.900s) | Generator RTF: 0.2811(0.815s / 2.900s)
generated_audios/generated_H3_128C_pruned30/260-123288-0021_generated.wav | RTF: 0.0354(0.096s / 2.710s) | Generator RTF: 0.0342(0.093s / 2.710s)
generated_audios/generated_H3_128C_pruned30/260-123288-0022_generated.wav | RTF: 0.2871(1.064s / 3.705s) | Generator RTF: 0.2861(1.060s / 3.705s)
generated_audios/generated_H3_128C_pruned30/260-123288-0023_generated.wav | RTF: 0.0355(0.085s / 2.385s) | Generator RTF: 0.0342(0.082s / 2.385s)
generated_audios/generated_H3_128C_pruned30/260-123288-0024_generated.wav | RTF: 0.2982(4.353s / 14.595s) | Generator RTF: 0.2979(4.348s / 14.595s)
generated_audios/generated_H3_128C_pruned30/260-123288-0025_generated.wav | RTF: 0.3043(4.092s / 13.445s) | Generator RTF: 0.3040(4.087s / 13.445s)
generated_audios/generated_H3_128C_pruned30/260-123288-0026_generated.wav | RTF: 0.3201(5.135s / 16.040s) | Generator RTF: 0.3198(5.129s / 16.040s)
generated_audios/generated_H3_128C_pruned30/260-123288-0027_generated.wav | RTF: 0.2824(1.780s / 6.305s) | Generator RTF: 0.2818(1.777s / 6.305s)
generated_audios/generated_H3_128C_pruned30/260-123288-0028_generated.wav | RTF: 0.2867(0.748s / 2.610s) | Generator RTF: 0.2854(0.745s / 2.610s)
generated_audios/generated_H3_128C_pruned30/260-123440-0000_generated.wav | RTF: 0.2732(0.592s / 2.165s) | Generator RTF: 0.2718(0.588s / 2.165s)
generated_audios/generated_H3_128C_pruned30/260-123440-0001_generated.wav | RTF: 0.2719(0.473s / 1.740s) | Generator RTF: 0.2701(0.470s / 1.740s)
generated_audios/generated_H3_128C_pruned30/260-123440-0002_generated.wav | RTF: 0.3164(4.655s / 14.715s) | Generator RTF: 0.3161(4.651s / 14.715s)
generated_audios/generated_H3_128C_pruned30/260-123440-0003_generated.wav | RTF: 0.2919(1.047s / 3.585s) | Generator RTF: 0.2910(1.043s / 3.585s)
generated_audios/generated_H3_128C_pruned30/260-123440-0004_generated.wav | RTF: 0.3013(3.622s / 12.020s) | Generator RTF: 0.3010(3.618s / 12.020s)
generated_audios/generated_H3_128C_pruned30/260-123440-0005_generated.wav | RTF: 0.0342(0.106s / 3.105s) | Generator RTF: 0.0331(0.103s / 3.105s)
generated_audios/generated_H3_128C_pruned30/260-123440-0006_generated.wav | RTF: 0.0342(0.093s / 2.715s) | Generator RTF: 0.0331(0.090s / 2.715s)
generated_audios/generated_H3_128C_pruned30/260-123440-0007_generated.wav | RTF: 0.2892(0.979s / 3.385s) | Generator RTF: 0.2882(0.975s / 3.385s)
generated_audios/generated_H3_128C_pruned30/260-123440-0008_generated.wav | RTF: 0.2931(1.098s / 3.745s) | Generator RTF: 0.2922(1.094s / 3.745s)
generated_audios/generated_H3_128C_pruned30/260-123440-0009_generated.wav | RTF: 0.2920(0.910s / 3.115s) | Generator RTF: 0.2910(0.906s / 3.115s)
generated_audios/generated_H3_128C_pruned30/260-123440-0010_generated.wav | RTF: 0.3016(2.508s / 8.315s) | Generator RTF: 0.3012(2.504s / 8.315s)
generated_audios/generated_H3_128C_pruned30/260-123440-0011_generated.wav | RTF: 0.0308(0.150s / 4.870s) | Generator RTF: 0.0300(0.146s / 4.870s)
generated_audios/generated_H3_128C_pruned30/260-123440-0012_generated.wav | RTF: 0.2913(1.528s / 5.245s) | Generator RTF: 0.2906(1.524s / 5.245s)
generated_audios/generated_H3_128C_pruned30/260-123440-0013_generated.wav | RTF: 0.2897(1.007s / 3.475s) | Generator RTF: 0.2887(1.003s / 3.475s)
generated_audios/generated_H3_128C_pruned30/260-123440-0014_generated.wav | RTF: 0.2946(1.124s / 3.815s) | Generator RTF: 0.2938(1.121s / 3.815s)
generated_audios/generated_H3_128C_pruned30/260-123440-0015_generated.wav | RTF: 0.0339(0.210s / 6.200s) | Generator RTF: 0.0334(0.207s / 6.200s)
generated_audios/generated_H3_128C_pruned30/260-123440-0016_generated.wav | RTF: 0.2997(1.467s / 4.895s) | Generator RTF: 0.2989(1.463s / 4.895s)
generated_audios/generated_H3_128C_pruned30/260-123440-0017_generated.wav | RTF: 0.0385(0.118s / 3.070s) | Generator RTF: 0.0374(0.115s / 3.070s)
generated_audios/generated_H3_128C_pruned30/260-123440-0018_generated.wav | RTF: 0.2992(1.089s / 3.640s) | Generator RTF: 0.2983(1.086s / 3.640s)
generated_audios/generated_H3_128C_pruned30/260-123440-0019_generated.wav | RTF: 0.3012(1.997s / 6.630s) | Generator RTF: 0.3007(1.993s / 6.630s)
generated_audios/generated_H3_128C_pruned30/260-123440-0020_generated.wav | RTF: 0.2973(1.485s / 4.995s) | Generator RTF: 0.2966(1.482s / 4.995s)
generated_audios/generated_H3_128C_pruned30/61-70968-0000_generated.wav | RTF: 0.2982(1.463s / 4.905s) | Generator RTF: 0.2975(1.459s / 4.905s)
generated_audios/generated_H3_128C_pruned30/61-70968-0001_generated.wav | RTF: 0.2952(1.066s / 3.610s) | Generator RTF: 0.2943(1.062s / 3.610s)
generated_audios/generated_H3_128C_pruned30/61-70968-0002_generated.wav | RTF: 0.2899(0.861s / 2.970s) | Generator RTF: 0.2889(0.858s / 2.970s)
generated_audios/generated_H3_128C_pruned30/61-70968-0003_generated.wav | RTF: 0.0329(0.142s / 4.315s) | Generator RTF: 0.0320(0.138s / 4.315s)
generated_audios/generated_H3_128C_pruned30/61-70968-0004_generated.wav | RTF: 0.2952(1.147s / 3.885s) | Generator RTF: 0.2943(1.143s / 3.885s)
generated_audios/generated_H3_128C_pruned30/61-70968-0005_generated.wav | RTF: 0.0308(0.156s / 5.070s) | Generator RTF: 0.0301(0.153s / 5.070s)
generated_audios/generated_H3_128C_pruned30/61-70968-0006_generated.wav | RTF: 0.2760(0.810s / 2.935s) | Generator RTF: 0.2749(0.807s / 2.935s)
generated_audios/generated_H3_128C_pruned30/61-70968-0007_generated.wav | RTF: 0.0340(0.121s / 3.550s) | Generator RTF: 0.0330(0.117s / 3.550s)
generated_audios/generated_H3_128C_pruned30/61-70968-0008_generated.wav | RTF: 0.0331(0.117s / 3.535s) | Generator RTF: 0.0323(0.114s / 3.535s)
generated_audios/generated_H3_128C_pruned30/61-70968-0009_generated.wav | RTF: 0.2963(1.336s / 4.510s) | Generator RTF: 0.2956(1.333s / 4.510s)
generated_audios/generated_H3_128C_pruned30/61-70968-0010_generated.wav | RTF: 0.2856(2.369s / 8.295s) | Generator RTF: 0.2851(2.365s / 8.295s)
generated_audios/generated_H3_128C_pruned30/61-70968-0011_generated.wav | RTF: 0.2843(1.812s / 6.375s) | Generator RTF: 0.2837(1.809s / 6.375s)
generated_audios/generated_H3_128C_pruned30/61-70968-0012_generated.wav | RTF: 0.0365(0.095s / 2.610s) | Generator RTF: 0.0353(0.092s / 2.610s)
generated_audios/generated_H3_128C_pruned30/61-70968-0013_generated.wav | RTF: 0.0312(0.139s / 4.450s) | Generator RTF: 0.0305(0.136s / 4.450s)
generated_audios/generated_H3_128C_pruned30/61-70968-0014_generated.wav | RTF: 0.2996(2.243s / 7.485s) | Generator RTF: 0.2991(2.239s / 7.485s)
generated_audios/generated_H3_128C_pruned30/61-70968-0015_generated.wav | RTF: 0.2824(1.518s / 5.375s) | Generator RTF: 0.2817(1.514s / 5.375s)
generated_audios/generated_H3_128C_pruned30/61-70968-0016_generated.wav | RTF: 0.2997(1.115s / 3.720s) | Generator RTF: 0.2987(1.111s / 3.720s)
generated_audios/generated_H3_128C_pruned30/61-70968-0017_generated.wav | RTF: 0.3010(1.538s / 5.110s) | Generator RTF: 0.3002(1.534s / 5.110s)
generated_audios/generated_H3_128C_pruned30/61-70968-0018_generated.wav | RTF: 0.2894(0.696s / 2.405s) | Generator RTF: 0.2881(0.693s / 2.405s)
generated_audios/generated_H3_128C_pruned30/61-70968-0019_generated.wav | RTF: 0.2858(1.565s / 5.475s) | Generator RTF: 0.2852(1.562s / 5.475s)
generated_audios/generated_H3_128C_pruned30/61-70968-0020_generated.wav | RTF: 0.3030(1.547s / 5.105s) | Generator RTF: 0.3024(1.544s / 5.105s)
generated_audios/generated_H3_128C_pruned30/61-70968-0021_generated.wav | RTF: 0.2753(0.741s / 2.690s) | Generator RTF: 0.2741(0.737s / 2.690s)
generated_audios/generated_H3_128C_pruned30/61-70968-0022_generated.wav | RTF: 0.0358(0.167s / 4.670s) | Generator RTF: 0.0351(0.164s / 4.670s)
generated_audios/generated_H3_128C_pruned30/61-70968-0023_generated.wav | RTF: 0.0327(0.164s / 5.025s) | Generator RTF: 0.0320(0.161s / 5.025s)
generated_audios/generated_H3_128C_pruned30/61-70968-0024_generated.wav | RTF: 0.3015(1.816s / 6.025s) | Generator RTF: 0.3009(1.813s / 6.025s)
generated_audios/generated_H3_128C_pruned30/61-70968-0025_generated.wav | RTF: 0.0307(0.135s / 4.410s) | Generator RTF: 0.0299(0.132s / 4.410s)
generated_audios/generated_H3_128C_pruned30/61-70968-0026_generated.wav | RTF: 0.2839(1.397s / 4.920s) | Generator RTF: 0.2832(1.393s / 4.920s)
generated_audios/generated_H3_128C_pruned30/61-70968-0027_generated.wav | RTF: 0.2871(1.972s / 6.870s) | Generator RTF: 0.2865(1.968s / 6.870s)
generated_audios/generated_H3_128C_pruned30/61-70968-0028_generated.wav | RTF: 0.3065(1.641s / 5.355s) | Generator RTF: 0.3059(1.638s / 5.355s)
generated_audios/generated_H3_128C_pruned30/61-70968-0029_generated.wav | RTF: 0.2976(1.040s / 3.495s) | Generator RTF: 0.2966(1.037s / 3.495s)
generated_audios/generated_H3_128C_pruned30/61-70968-0030_generated.wav | RTF: 0.2885(1.640s / 5.685s) | Generator RTF: 0.2879(1.637s / 5.685s)
generated_audios/generated_H3_128C_pruned30/61-70968-0031_generated.wav | RTF: 0.2994(0.876s / 2.925s) | Generator RTF: 0.2984(0.873s / 2.925s)
generated_audios/generated_H3_128C_pruned30/61-70968-0032_generated.wav | RTF: 0.0321(0.138s / 4.280s) | Generator RTF: 0.0314(0.135s / 4.280s)
generated_audios/generated_H3_128C_pruned30/61-70968-0033_generated.wav | RTF: 0.0256(0.146s / 5.685s) | Generator RTF: 0.0250(0.142s / 5.685s)
generated_audios/generated_H3_128C_pruned30/61-70968-0034_generated.wav | RTF: 0.3002(1.270s / 4.230s) | Generator RTF: 0.2994(1.266s / 4.230s)
generated_audios/generated_H3_128C_pruned30/61-70968-0035_generated.wav | RTF: 0.2887(2.295s / 7.950s) | Generator RTF: 0.2883(2.292s / 7.950s)
generated_audios/generated_H3_128C_pruned30/61-70968-0036_generated.wav | RTF: 0.0367(0.108s / 2.935s) | Generator RTF: 0.0356(0.104s / 2.935s)
generated_audios/generated_H3_128C_pruned30/61-70968-0037_generated.wav | RTF: 0.0316(0.137s / 4.315s) | Generator RTF: 0.0309(0.133s / 4.315s)
generated_audios/generated_H3_128C_pruned30/61-70968-0038_generated.wav | RTF: 0.2835(0.581s / 2.050s) | Generator RTF: 0.2821(0.578s / 2.050s)
generated_audios/generated_H3_128C_pruned30/61-70968-0039_generated.wav | RTF: 0.2866(1.091s / 3.805s) | Generator RTF: 0.2857(1.087s / 3.805s)
generated_audios/generated_H3_128C_pruned30/61-70968-0040_generated.wav | RTF: 0.3022(1.194s / 3.950s) | Generator RTF: 0.3015(1.191s / 3.950s)
generated_audios/generated_H3_128C_pruned30/61-70968-0041_generated.wav | RTF: 0.0305(0.208s / 6.825s) | Generator RTF: 0.0299(0.204s / 6.825s)
generated_audios/generated_H3_128C_pruned30/61-70968-0042_generated.wav | RTF: 0.0353(0.098s / 2.785s) | Generator RTF: 0.0342(0.095s / 2.785s)
generated_audios/generated_H3_128C_pruned30/61-70968-0043_generated.wav | RTF: 0.3064(2.064s / 6.735s) | Generator RTF: 0.3032(2.042s / 6.735s)
generated_audios/generated_H3_128C_pruned30/61-70968-0044_generated.wav | RTF: 0.0363(0.101s / 2.770s) | Generator RTF: 0.0351(0.097s / 2.770s)
generated_audios/generated_H3_128C_pruned30/61-70968-0045_generated.wav | RTF: 0.0338(0.118s / 3.475s) | Generator RTF: 0.0330(0.115s / 3.475s)
generated_audios/generated_H3_128C_pruned30/61-70968-0046_generated.wav | RTF: 0.0338(0.120s / 3.550s) | Generator RTF: 0.0329(0.117s / 3.550s)
generated_audios/generated_H3_128C_pruned30/61-70968-0047_generated.wav | RTF: 0.2872(1.371s / 4.775s) | Generator RTF: 0.2865(1.368s / 4.775s)
generated_audios/generated_H3_128C_pruned30/61-70968-0048_generated.wav | RTF: 0.2992(0.904s / 3.020s) | Generator RTF: 0.2982(0.901s / 3.020s)
generated_audios/generated_H3_128C_pruned30/61-70968-0049_generated.wav | RTF: 0.3051(2.517s / 8.250s) | Generator RTF: 0.3047(2.514s / 8.250s)
generated_audios/generated_H3_128C_pruned30/61-70968-0050_generated.wav | RTF: 0.2876(1.605s / 5.580s) | Generator RTF: 0.2870(1.601s / 5.580s)
generated_audios/generated_H3_128C_pruned30/61-70968-0051_generated.wav | RTF: 0.2865(0.898s / 3.135s) | Generator RTF: 0.2855(0.895s / 3.135s)
generated_audios/generated_H3_128C_pruned30/61-70968-0052_generated.wav | RTF: 0.2729(0.723s / 2.650s) | Generator RTF: 0.2717(0.720s / 2.650s)
generated_audios/generated_H3_128C_pruned30/61-70968-0053_generated.wav | RTF: 0.0349(0.147s / 4.220s) | Generator RTF: 0.0342(0.144s / 4.220s)
generated_audios/generated_H3_128C_pruned30/61-70968-0054_generated.wav | RTF: 0.3025(2.378s / 7.860s) | Generator RTF: 0.3021(2.374s / 7.860s)
generated_audios/generated_H3_128C_pruned30/61-70968-0055_generated.wav | RTF: 0.0327(0.130s / 3.965s) | Generator RTF: 0.0319(0.126s / 3.965s)
generated_audios/generated_H3_128C_pruned30/61-70968-0056_generated.wav | RTF: 0.3012(1.074s / 3.565s) | Generator RTF: 0.3004(1.071s / 3.565s)
generated_audios/generated_H3_128C_pruned30/61-70968-0057_generated.wav | RTF: 0.0302(0.153s / 5.065s) | Generator RTF: 0.0295(0.150s / 5.065s)
generated_audios/generated_H3_128C_pruned30/61-70968-0058_generated.wav | RTF: 0.2714(0.494s / 1.820s) | Generator RTF: 0.2698(0.491s / 1.820s)
generated_audios/generated_H3_128C_pruned30/61-70968-0059_generated.wav | RTF: 0.0369(0.080s / 2.170s) | Generator RTF: 0.0356(0.077s / 2.170s)
generated_audios/generated_H3_128C_pruned30/61-70968-0060_generated.wav | RTF: 0.0361(0.135s / 3.735s) | Generator RTF: 0.0353(0.132s / 3.735s)
generated_audios/generated_H3_128C_pruned30/61-70968-0061_generated.wav | RTF: 0.2975(1.645s / 5.530s) | Generator RTF: 0.2969(1.642s / 5.530s)
generated_audios/generated_H3_128C_pruned30/61-70968-0062_generated.wav | RTF: 0.0364(0.093s / 2.555s) | Generator RTF: 0.0351(0.090s / 2.555s)
generated_audios/generated_H3_128C_pruned30/61-70970-0000_generated.wav | RTF: 0.2970(1.804s / 6.075s) | Generator RTF: 0.2964(1.801s / 6.075s)
generated_audios/generated_H3_128C_pruned30/61-70970-0001_generated.wav | RTF: 0.3006(1.850s / 6.155s) | Generator RTF: 0.3000(1.847s / 6.155s)
generated_audios/generated_H3_128C_pruned30/61-70970-0002_generated.wav | RTF: 0.3040(1.266s / 4.165s) | Generator RTF: 0.3032(1.263s / 4.165s)
generated_audios/generated_H3_128C_pruned30/61-70970-0003_generated.wav | RTF: 0.2926(1.122s / 3.835s) | Generator RTF: 0.2918(1.119s / 3.835s)
generated_audios/generated_H3_128C_pruned30/61-70970-0004_generated.wav | RTF: 0.3041(3.198s / 10.515s) | Generator RTF: 0.3038(3.194s / 10.515s)
generated_audios/generated_H3_128C_pruned30/61-70970-0005_generated.wav | RTF: 0.2906(0.587s / 2.020s) | Generator RTF: 0.2890(0.584s / 2.020s)
generated_audios/generated_H3_128C_pruned30/61-70970-0006_generated.wav | RTF: 0.3043(0.710s / 2.335s) | Generator RTF: 0.3030(0.708s / 2.335s)
generated_audios/generated_H3_128C_pruned30/61-70970-0007_generated.wav | RTF: 0.3138(1.407s / 4.485s) | Generator RTF: 0.3131(1.404s / 4.485s)
generated_audios/generated_H3_128C_pruned30/61-70970-0008_generated.wav | RTF: 0.3129(0.673s / 2.150s) | Generator RTF: 0.3114(0.670s / 2.150s)
generated_audios/generated_H3_128C_pruned30/61-70970-0009_generated.wav | RTF: 0.3236(1.102s / 3.405s) | Generator RTF: 0.3227(1.099s / 3.405s)
generated_audios/generated_H3_128C_pruned30/61-70970-0010_generated.wav | RTF: 0.0365(0.111s / 3.045s) | Generator RTF: 0.0356(0.108s / 3.045s)
generated_audios/generated_H3_128C_pruned30/61-70970-0011_generated.wav | RTF: 0.0288(0.175s / 6.075s) | Generator RTF: 0.0283(0.172s / 6.075s)
generated_audios/generated_H3_128C_pruned30/61-70970-0012_generated.wav | RTF: 0.0350(0.110s / 3.135s) | Generator RTF: 0.0341(0.107s / 3.135s)
generated_audios/generated_H3_128C_pruned30/61-70970-0013_generated.wav | RTF: 0.3103(1.350s / 4.350s) | Generator RTF: 0.3096(1.347s / 4.350s)
generated_audios/generated_H3_128C_pruned30/61-70970-0014_generated.wav | RTF: 0.0271(0.092s / 3.405s) | Generator RTF: 0.0262(0.089s / 3.405s)
generated_audios/generated_H3_128C_pruned30/61-70970-0015_generated.wav | RTF: 0.3124(2.629s / 8.415s) | Generator RTF: 0.3121(2.626s / 8.415s)
generated_audios/generated_H3_128C_pruned30/61-70970-0016_generated.wav | RTF: 0.3112(1.360s / 4.370s) | Generator RTF: 0.3105(1.357s / 4.370s)
generated_audios/generated_H3_128C_pruned30/61-70970-0017_generated.wav | RTF: 0.0378(0.097s / 2.550s) | Generator RTF: 0.0367(0.093s / 2.550s)
generated_audios/generated_H3_128C_pruned30/61-70970-0018_generated.wav | RTF: 0.2893(1.331s / 4.600s) | Generator RTF: 0.2886(1.327s / 4.600s)
generated_audios/generated_H3_128C_pruned30/61-70970-0019_generated.wav | RTF: 0.3027(1.144s / 3.780s) | Generator RTF: 0.3019(1.141s / 3.780s)
generated_audios/generated_H3_128C_pruned30/61-70970-0020_generated.wav | RTF: 0.0328(0.165s / 5.025s) | Generator RTF: 0.0321(0.161s / 5.025s)
generated_audios/generated_H3_128C_pruned30/61-70970-0021_generated.wav | RTF: 0.2858(1.545s / 5.405s) | Generator RTF: 0.2852(1.542s / 5.405s)
generated_audios/generated_H3_128C_pruned30/61-70970-0022_generated.wav | RTF: 0.0321(0.127s / 3.970s) | Generator RTF: 0.0312(0.124s / 3.970s)
generated_audios/generated_H3_128C_pruned30/61-70970-0023_generated.wav | RTF: 0.0323(0.120s / 3.705s) | Generator RTF: 0.0315(0.117s / 3.705s)
generated_audios/generated_H3_128C_pruned30/61-70970-0024_generated.wav | RTF: 0.3030(2.192s / 7.235s) | Generator RTF: 0.3025(2.189s / 7.235s)
generated_audios/generated_H3_128C_pruned30/61-70970-0025_generated.wav | RTF: 0.3038(2.259s / 7.435s) | Generator RTF: 0.3033(2.255s / 7.435s)
generated_audios/generated_H3_128C_pruned30/61-70970-0026_generated.wav | RTF: 0.0343(0.188s / 5.475s) | Generator RTF: 0.0337(0.184s / 5.475s)
generated_audios/generated_H3_128C_pruned30/61-70970-0027_generated.wav | RTF: 0.0308(0.156s / 5.080s) | Generator RTF: 0.0301(0.153s / 5.080s)
generated_audios/generated_H3_128C_pruned30/61-70970-0028_generated.wav | RTF: 0.0321(0.210s / 6.550s) | Generator RTF: 0.0315(0.206s / 6.550s)
generated_audios/generated_H3_128C_pruned30/61-70970-0029_generated.wav | RTF: 0.0323(0.130s / 4.030s) | Generator RTF: 0.0315(0.127s / 4.030s)
generated_audios/generated_H3_128C_pruned30/61-70970-0030_generated.wav | RTF: 0.0343(0.111s / 3.240s) | Generator RTF: 0.0333(0.108s / 3.240s)
generated_audios/generated_H3_128C_pruned30/61-70970-0031_generated.wav | RTF: 0.3015(1.548s / 5.135s) | Generator RTF: 0.3009(1.545s / 5.135s)
generated_audios/generated_H3_128C_pruned30/61-70970-0032_generated.wav | RTF: 0.0334(0.105s / 3.135s) | Generator RTF: 0.0324(0.102s / 3.135s)
generated_audios/generated_H3_128C_pruned30/61-70970-0033_generated.wav | RTF: 0.2847(0.974s / 3.420s) | Generator RTF: 0.2837(0.970s / 3.420s)
generated_audios/generated_H3_128C_pruned30/61-70970-0034_generated.wav | RTF: 0.0310(0.139s / 4.485s) | Generator RTF: 0.0302(0.136s / 4.485s)
generated_audios/generated_H3_128C_pruned30/61-70970-0035_generated.wav | RTF: 0.0303(0.225s / 7.405s) | Generator RTF: 0.0299(0.221s / 7.405s)
generated_audios/generated_H3_128C_pruned30/61-70970-0036_generated.wav | RTF: 0.0298(0.202s / 6.785s) | Generator RTF: 0.0293(0.199s / 6.785s)
generated_audios/generated_H3_128C_pruned30/61-70970-0037_generated.wav | RTF: 0.2999(1.794s / 5.980s) | Generator RTF: 0.2993(1.790s / 5.980s)
generated_audios/generated_H3_128C_pruned30/61-70970-0038_generated.wav | RTF: 0.3041(3.163s / 10.400s) | Generator RTF: 0.3038(3.159s / 10.400s)
generated_audios/generated_H3_128C_pruned30/61-70970-0039_generated.wav | RTF: 0.0304(0.203s / 6.665s) | Generator RTF: 0.0299(0.199s / 6.665s)
generated_audios/generated_H3_128C_pruned30/61-70970-0040_generated.wav | RTF: 0.0315(0.131s / 4.165s) | Generator RTF: 0.0307(0.128s / 4.165s)
generated_audios/generated_H3_128C_pruned30/672-122797-0000_generated.wav | RTF: 0.3059(1.245s / 4.070s) | Generator RTF: 0.3051(1.242s / 4.070s)
generated_audios/generated_H3_128C_pruned30/672-122797-0001_generated.wav | RTF: 0.3168(4.793s / 15.130s) | Generator RTF: 0.3165(4.789s / 15.130s)
generated_audios/generated_H3_128C_pruned30/672-122797-0002_generated.wav | RTF: 0.2892(3.939s / 13.620s) | Generator RTF: 0.2889(3.934s / 13.620s)
generated_audios/generated_H3_128C_pruned30/672-122797-0003_generated.wav | RTF: 0.3010(1.433s / 4.760s) | Generator RTF: 0.3003(1.429s / 4.760s)
generated_audios/generated_H3_128C_pruned30/672-122797-0004_generated.wav | RTF: 0.2974(3.048s / 10.250s) | Generator RTF: 0.2969(3.044s / 10.250s)
generated_audios/generated_H3_128C_pruned30/672-122797-0005_generated.wav | RTF: 0.2971(0.969s / 3.260s) | Generator RTF: 0.2960(0.965s / 3.260s)
generated_audios/generated_H3_128C_pruned30/672-122797-0006_generated.wav | RTF: 0.3193(4.454s / 13.950s) | Generator RTF: 0.3189(4.449s / 13.950s)
generated_audios/generated_H3_128C_pruned30/672-122797-0007_generated.wav | RTF: 0.3022(1.940s / 6.420s) | Generator RTF: 0.3016(1.936s / 6.420s)
generated_audios/generated_H3_128C_pruned30/672-122797-0008_generated.wav | RTF: 0.3115(9.598s / 30.810s) | Generator RTF: 0.3113(9.591s / 30.810s)
generated_audios/generated_H3_128C_pruned30/672-122797-0009_generated.wav | RTF: 0.0351(0.097s / 2.765s) | Generator RTF: 0.0339(0.094s / 2.765s)
generated_audios/generated_H3_128C_pruned30/672-122797-0010_generated.wav | RTF: 0.0319(0.122s / 3.815s) | Generator RTF: 0.0310(0.118s / 3.815s)
generated_audios/generated_H3_128C_pruned30/672-122797-0011_generated.wav | RTF: 0.3138(0.797s / 2.540s) | Generator RTF: 0.3125(0.794s / 2.540s)
generated_audios/generated_H3_128C_pruned30/672-122797-0012_generated.wav | RTF: 0.3143(2.441s / 7.765s) | Generator RTF: 0.3139(2.437s / 7.765s)
generated_audios/generated_H3_128C_pruned30/672-122797-0013_generated.wav | RTF: 0.3136(2.730s / 8.705s) | Generator RTF: 0.3132(2.726s / 8.705s)
generated_audios/generated_H3_128C_pruned30/672-122797-0014_generated.wav | RTF: 0.0361(0.092s / 2.555s) | Generator RTF: 0.0350(0.089s / 2.555s)
generated_audios/generated_H3_128C_pruned30/672-122797-0015_generated.wav | RTF: 0.0304(0.135s / 4.455s) | Generator RTF: 0.0296(0.132s / 4.455s)
generated_audios/generated_H3_128C_pruned30/672-122797-0016_generated.wav | RTF: 0.3031(2.793s / 9.215s) | Generator RTF: 0.3027(2.789s / 9.215s)
generated_audios/generated_H3_128C_pruned30/672-122797-0017_generated.wav | RTF: 0.3013(1.452s / 4.820s) | Generator RTF: 0.3005(1.449s / 4.820s)
generated_audios/generated_H3_128C_pruned30/672-122797-0018_generated.wav | RTF: 0.3094(1.525s / 4.930s) | Generator RTF: 0.3087(1.522s / 4.930s)
generated_audios/generated_H3_128C_pruned30/672-122797-0019_generated.wav | RTF: 0.2938(1.208s / 4.110s) | Generator RTF: 0.2930(1.204s / 4.110s)
generated_audios/generated_H3_128C_pruned30/672-122797-0020_generated.wav | RTF: 0.3105(2.740s / 8.825s) | Generator RTF: 0.3101(2.737s / 8.825s)
generated_audios/generated_H3_128C_pruned30/672-122797-0021_generated.wav | RTF: 0.0321(0.133s / 4.150s) | Generator RTF: 0.0313(0.130s / 4.150s)
generated_audios/generated_H3_128C_pruned30/672-122797-0022_generated.wav | RTF: 0.3102(5.895s / 19.005s) | Generator RTF: 0.3099(5.890s / 19.005s)
generated_audios/generated_H3_128C_pruned30/672-122797-0023_generated.wav | RTF: 0.3014(2.922s / 9.695s) | Generator RTF: 0.3010(2.918s / 9.695s)
generated_audios/generated_H3_128C_pruned30/672-122797-0024_generated.wav | RTF: 0.2948(1.218s / 4.130s) | Generator RTF: 0.2940(1.214s / 4.130s)
generated_audios/generated_H3_128C_pruned30/672-122797-0025_generated.wav | RTF: 0.3072(3.284s / 10.690s) | Generator RTF: 0.3068(3.279s / 10.690s)
generated_audios/generated_H3_128C_pruned30/672-122797-0026_generated.wav | RTF: 0.3103(4.332s / 13.960s) | Generator RTF: 0.3100(4.328s / 13.960s)
generated_audios/generated_H3_128C_pruned30/672-122797-0027_generated.wav | RTF: 0.0310(0.149s / 4.790s) | Generator RTF: 0.0303(0.145s / 4.790s)
generated_audios/generated_H3_128C_pruned30/672-122797-0028_generated.wav | RTF: 0.0368(0.096s / 2.610s) | Generator RTF: 0.0356(0.093s / 2.610s)
generated_audios/generated_H3_128C_pruned30/672-122797-0029_generated.wav | RTF: 0.0336(0.102s / 3.050s) | Generator RTF: 0.0326(0.099s / 3.050s)
generated_audios/generated_H3_128C_pruned30/672-122797-0030_generated.wav | RTF: 0.2971(1.359s / 4.575s) | Generator RTF: 0.2963(1.355s / 4.575s)
generated_audios/generated_H3_128C_pruned30/672-122797-0031_generated.wav | RTF: 0.0328(0.130s / 3.980s) | Generator RTF: 0.0319(0.127s / 3.980s)
generated_audios/generated_H3_128C_pruned30/672-122797-0032_generated.wav | RTF: 0.0314(0.126s / 4.000s) | Generator RTF: 0.0306(0.122s / 4.000s)
generated_audios/generated_H3_128C_pruned30/672-122797-0033_generated.wav | RTF: 0.2713(0.349s / 1.285s) | Generator RTF: 0.2689(0.346s / 1.285s)
generated_audios/generated_H3_128C_pruned30/672-122797-0034_generated.wav | RTF: 0.0300(0.153s / 5.110s) | Generator RTF: 0.0294(0.150s / 5.110s)
generated_audios/generated_H3_128C_pruned30/672-122797-0035_generated.wav | RTF: 0.0329(0.095s / 2.900s) | Generator RTF: 0.0318(0.092s / 2.900s)
generated_audios/generated_H3_128C_pruned30/672-122797-0036_generated.wav | RTF: 0.0309(0.166s / 5.365s) | Generator RTF: 0.0302(0.162s / 5.365s)
generated_audios/generated_H3_128C_pruned30/672-122797-0037_generated.wav | RTF: 0.2824(0.553s / 1.960s) | Generator RTF: 0.2807(0.550s / 1.960s)
generated_audios/generated_H3_128C_pruned30/672-122797-0038_generated.wav | RTF: 0.3089(2.718s / 8.800s) | Generator RTF: 0.3084(2.714s / 8.800s)
generated_audios/generated_H3_128C_pruned30/672-122797-0039_generated.wav | RTF: 0.3031(1.220s / 4.025s) | Generator RTF: 0.3022(1.217s / 4.025s)
generated_audios/generated_H3_128C_pruned30/672-122797-0040_generated.wav | RTF: 0.0315(0.162s / 5.125s) | Generator RTF: 0.0309(0.158s / 5.125s)
generated_audios/generated_H3_128C_pruned30/672-122797-0041_generated.wav | RTF: 0.0325(0.126s / 3.880s) | Generator RTF: 0.0317(0.123s / 3.880s)
generated_audios/generated_H3_128C_pruned30/672-122797-0042_generated.wav | RTF: 0.3093(4.736s / 15.310s) | Generator RTF: 0.3090(4.731s / 15.310s)
generated_audios/generated_H3_128C_pruned30/672-122797-0043_generated.wav | RTF: 0.0323(0.122s / 3.780s) | Generator RTF: 0.0314(0.119s / 3.780s)
generated_audios/generated_H3_128C_pruned30/672-122797-0044_generated.wav | RTF: 0.0327(0.122s / 3.740s) | Generator RTF: 0.0318(0.119s / 3.740s)
generated_audios/generated_H3_128C_pruned30/672-122797-0045_generated.wav | RTF: 0.0302(0.422s / 13.960s) | Generator RTF: 0.0299(0.418s / 13.960s)
generated_audios/generated_H3_128C_pruned30/672-122797-0046_generated.wav | RTF: 0.3004(1.416s / 4.715s) | Generator RTF: 0.2997(1.413s / 4.715s)
generated_audios/generated_H3_128C_pruned30/672-122797-0047_generated.wav | RTF: 0.2992(0.995s / 3.325s) | Generator RTF: 0.2983(0.992s / 3.325s)
generated_audios/generated_H3_128C_pruned30/672-122797-0048_generated.wav | RTF: 0.0323(0.212s / 6.555s) | Generator RTF: 0.0318(0.209s / 6.555s)
generated_audios/generated_H3_128C_pruned30/672-122797-0049_generated.wav | RTF: 0.0391(0.079s / 2.020s) | Generator RTF: 0.0375(0.076s / 2.020s)
generated_audios/generated_H3_128C_pruned30/672-122797-0050_generated.wav | RTF: 0.3026(1.469s / 4.855s) | Generator RTF: 0.3020(1.466s / 4.855s)
generated_audios/generated_H3_128C_pruned30/672-122797-0051_generated.wav | RTF: 0.3086(1.440s / 4.665s) | Generator RTF: 0.3078(1.436s / 4.665s)
generated_audios/generated_H3_128C_pruned30/672-122797-0052_generated.wav | RTF: 0.2931(1.256s / 4.285s) | Generator RTF: 0.2923(1.252s / 4.285s)
generated_audios/generated_H3_128C_pruned30/672-122797-0053_generated.wav | RTF: 0.0345(0.102s / 2.955s) | Generator RTF: 0.0335(0.099s / 2.955s)
generated_audios/generated_H3_128C_pruned30/672-122797-0054_generated.wav | RTF: 0.0345(0.147s / 4.250s) | Generator RTF: 0.0337(0.143s / 4.250s)
generated_audios/generated_H3_128C_pruned30/672-122797-0055_generated.wav | RTF: 0.2899(2.386s / 8.230s) | Generator RTF: 0.2894(2.382s / 8.230s)
generated_audios/generated_H3_128C_pruned30/672-122797-0056_generated.wav | RTF: 0.0318(0.166s / 5.225s) | Generator RTF: 0.0310(0.162s / 5.225s)
generated_audios/generated_H3_128C_pruned30/672-122797-0057_generated.wav | RTF: 0.0315(0.207s / 6.560s) | Generator RTF: 0.0310(0.203s / 6.560s)
generated_audios/generated_H3_128C_pruned30/672-122797-0058_generated.wav | RTF: 0.3050(1.363s / 4.470s) | Generator RTF: 0.3043(1.360s / 4.470s)
generated_audios/generated_H3_128C_pruned30/672-122797-0059_generated.wav | RTF: 0.2967(1.045s / 3.520s) | Generator RTF: 0.2957(1.041s / 3.520s)
generated_audios/generated_H3_128C_pruned30/672-122797-0060_generated.wav | RTF: 0.0347(0.116s / 3.350s) | Generator RTF: 0.0337(0.113s / 3.350s)
generated_audios/generated_H3_128C_pruned30/672-122797-0061_generated.wav | RTF: 0.3169(2.405s / 7.590s) | Generator RTF: 0.3164(2.402s / 7.590s)
generated_audios/generated_H3_128C_pruned30/672-122797-0062_generated.wav | RTF: 0.3116(0.834s / 2.675s) | Generator RTF: 0.3103(0.830s / 2.675s)
generated_audios/generated_H3_128C_pruned30/672-122797-0063_generated.wav | RTF: 0.0311(0.158s / 5.075s) | Generator RTF: 0.0305(0.155s / 5.075s)
generated_audios/generated_H3_128C_pruned30/672-122797-0064_generated.wav | RTF: 0.3114(4.755s / 15.270s) | Generator RTF: 0.3111(4.750s / 15.270s)
generated_audios/generated_H3_128C_pruned30/672-122797-0065_generated.wav | RTF: 0.0347(0.105s / 3.030s) | Generator RTF: 0.0337(0.102s / 3.030s)
generated_audios/generated_H3_128C_pruned30/672-122797-0066_generated.wav | RTF: 0.0321(0.155s / 4.815s) | Generator RTF: 0.0314(0.151s / 4.815s)
generated_audios/generated_H3_128C_pruned30/672-122797-0067_generated.wav | RTF: 0.2987(3.893s / 13.035s) | Generator RTF: 0.2984(3.889s / 13.035s)
generated_audios/generated_H3_128C_pruned30/672-122797-0068_generated.wav | RTF: 0.0329(0.132s / 4.020s) | Generator RTF: 0.0321(0.129s / 4.020s)
generated_audios/generated_H3_128C_pruned30/672-122797-0069_generated.wav | RTF: 0.3101(1.553s / 5.010s) | Generator RTF: 0.3093(1.550s / 5.010s)
generated_audios/generated_H3_128C_pruned30/672-122797-0070_generated.wav | RTF: 0.2889(1.811s / 6.270s) | Generator RTF: 0.2883(1.807s / 6.270s)
generated_audios/generated_H3_128C_pruned30/672-122797-0071_generated.wav | RTF: 0.3087(2.740s / 8.875s) | Generator RTF: 0.3082(2.736s / 8.875s)
generated_audios/generated_H3_128C_pruned30/672-122797-0072_generated.wav | RTF: 0.3178(2.524s / 7.940s) | Generator RTF: 0.3174(2.520s / 7.940s)
generated_audios/generated_H3_128C_pruned30/672-122797-0073_generated.wav | RTF: 0.3120(2.560s / 8.205s) | Generator RTF: 0.3116(2.557s / 8.205s)
generated_audios/generated_H3_128C_pruned30/672-122797-0074_generated.wav | RTF: 0.3147(2.748s / 8.730s) | Generator RTF: 0.3143(2.744s / 8.730s)
generated_audios/generated_H3_128C_pruned30/908-157963-0000_generated.wav | RTF: 0.2940(3.711s / 12.620s) | Generator RTF: 0.2937(3.706s / 12.620s)
generated_audios/generated_H3_128C_pruned30/908-157963-0001_generated.wav | RTF: 0.3020(0.871s / 2.885s) | Generator RTF: 0.3008(0.868s / 2.885s)
generated_audios/generated_H3_128C_pruned30/908-157963-0002_generated.wav | RTF: 0.3023(0.833s / 2.755s) | Generator RTF: 0.3010(0.829s / 2.755s)
generated_audios/generated_H3_128C_pruned30/908-157963-0003_generated.wav | RTF: 0.3019(0.930s / 3.080s) | Generator RTF: 0.3009(0.927s / 3.080s)
generated_audios/generated_H3_128C_pruned30/908-157963-0004_generated.wav | RTF: 0.3062(4.284s / 13.990s) | Generator RTF: 0.3059(4.280s / 13.990s)
generated_audios/generated_H3_128C_pruned30/908-157963-0005_generated.wav | RTF: 0.3001(2.112s / 7.035s) | Generator RTF: 0.2996(2.108s / 7.035s)
generated_audios/generated_H3_128C_pruned30/908-157963-0006_generated.wav | RTF: 0.3055(2.478s / 8.110s) | Generator RTF: 0.3050(2.474s / 8.110s)
generated_audios/generated_H3_128C_pruned30/908-157963-0007_generated.wav | RTF: 0.3142(10.297s / 32.770s) | Generator RTF: 0.3140(10.291s / 32.770s)
generated_audios/generated_H3_128C_pruned30/908-157963-0008_generated.wav | RTF: 0.3109(6.202s / 19.950s) | Generator RTF: 0.3106(6.196s / 19.950s)
generated_audios/generated_H3_128C_pruned30/908-157963-0009_generated.wav | RTF: 0.3059(1.242s / 4.060s) | Generator RTF: 0.3051(1.239s / 4.060s)
generated_audios/generated_H3_128C_pruned30/908-157963-0010_generated.wav | RTF: 0.0299(0.188s / 6.280s) | Generator RTF: 0.0293(0.184s / 6.280s)
generated_audios/generated_H3_128C_pruned30/908-157963-0011_generated.wav | RTF: 0.0309(0.321s / 10.395s) | Generator RTF: 0.0305(0.317s / 10.395s)
generated_audios/generated_H3_128C_pruned30/908-157963-0012_generated.wav | RTF: 0.3019(3.047s / 10.090s) | Generator RTF: 0.3016(3.043s / 10.090s)
generated_audios/generated_H3_128C_pruned30/908-157963-0013_generated.wav | RTF: 0.0323(0.140s / 4.315s) | Generator RTF: 0.0314(0.135s / 4.315s)
generated_audios/generated_H3_128C_pruned30/908-157963-0014_generated.wav | RTF: 0.0315(0.142s / 4.520s) | Generator RTF: 0.0307(0.139s / 4.520s)
generated_audios/generated_H3_128C_pruned30/908-157963-0015_generated.wav | RTF: 0.2880(4.166s / 14.465s) | Generator RTF: 0.2877(4.162s / 14.465s)
generated_audios/generated_H3_128C_pruned30/908-157963-0016_generated.wav | RTF: 0.0304(0.155s / 5.105s) | Generator RTF: 0.0297(0.152s / 5.105s)
generated_audios/generated_H3_128C_pruned30/908-157963-0017_generated.wav | RTF: 0.2875(1.423s / 4.950s) | Generator RTF: 0.2868(1.420s / 4.950s)
generated_audios/generated_H3_128C_pruned30/908-157963-0018_generated.wav | RTF: 0.0348(0.148s / 4.255s) | Generator RTF: 0.0340(0.145s / 4.255s)
generated_audios/generated_H3_128C_pruned30/908-157963-0019_generated.wav | RTF: 0.3125(6.701s / 21.440s) | Generator RTF: 0.3123(6.696s / 21.440s)
generated_audios/generated_H3_128C_pruned30/908-157963-0020_generated.wav | RTF: 0.3106(3.044s / 9.800s) | Generator RTF: 0.3102(3.040s / 9.800s)
generated_audios/generated_H3_128C_pruned30/908-157963-0021_generated.wav | RTF: 0.0312(0.319s / 10.240s) | Generator RTF: 0.0308(0.315s / 10.240s)
generated_audios/generated_H3_128C_pruned30/908-157963-0022_generated.wav | RTF: 0.3098(1.428s / 4.610s) | Generator RTF: 0.3091(1.425s / 4.610s)
generated_audios/generated_H3_128C_pruned30/908-157963-0023_generated.wav | RTF: 0.3141(3.023s / 9.625s) | Generator RTF: 0.3136(3.019s / 9.625s)
generated_audios/generated_H3_128C_pruned30/908-157963-0024_generated.wav | RTF: 0.3107(1.069s / 3.440s) | Generator RTF: 0.3098(1.066s / 3.440s)
generated_audios/generated_H3_128C_pruned30/908-157963-0025_generated.wav | RTF: 0.2929(2.714s / 9.265s) | Generator RTF: 0.2924(2.709s / 9.265s)
generated_audios/generated_H3_128C_pruned30/908-157963-0026_generated.wav | RTF: 0.3035(2.458s / 8.100s) | Generator RTF: 0.3030(2.455s / 8.100s)
generated_audios/generated_H3_128C_pruned30/908-157963-0027_generated.wav | RTF: 0.0324(0.169s / 5.225s) | Generator RTF: 0.0317(0.166s / 5.225s)
generated_audios/generated_H3_128C_pruned30/908-157963-0028_generated.wav | RTF: 0.0334(0.165s / 4.955s) | Generator RTF: 0.0326(0.162s / 4.955s)
generated_audios/generated_H3_128C_pruned30/908-157963-0029_generated.wav | RTF: 0.2859(1.038s / 3.630s) | Generator RTF: 0.2850(1.034s / 3.630s)
generated_audios/generated_H3_128C_pruned30/908-157963-0030_generated.wav | RTF: 0.0306(0.138s / 4.520s) | Generator RTF: 0.0299(0.135s / 4.520s)
generated_audios/generated_H3_128C_pruned30/908-31957-0000_generated.wav | RTF: 0.2930(0.623s / 2.125s) | Generator RTF: 0.2913(0.619s / 2.125s)
generated_audios/generated_H3_128C_pruned30/908-31957-0001_generated.wav | RTF: 0.3103(3.511s / 11.315s) | Generator RTF: 0.3099(3.507s / 11.315s)
generated_audios/generated_H3_128C_pruned30/908-31957-0002_generated.wav | RTF: 0.0308(0.148s / 4.790s) | Generator RTF: 0.0301(0.144s / 4.790s)
generated_audios/generated_H3_128C_pruned30/908-31957-0003_generated.wav | RTF: 0.0298(0.195s / 6.565s) | Generator RTF: 0.0292(0.192s / 6.565s)
generated_audios/generated_H3_128C_pruned30/908-31957-0004_generated.wav | RTF: 0.3120(4.604s / 14.755s) | Generator RTF: 0.3117(4.599s / 14.755s)
generated_audios/generated_H3_128C_pruned30/908-31957-0005_generated.wav | RTF: 0.0305(0.137s / 4.490s) | Generator RTF: 0.0298(0.134s / 4.490s)
generated_audios/generated_H3_128C_pruned30/908-31957-0006_generated.wav | RTF: 0.2866(1.688s / 5.890s) | Generator RTF: 0.2861(1.685s / 5.890s)
generated_audios/generated_H3_128C_pruned30/908-31957-0007_generated.wav | RTF: 0.0297(0.173s / 5.800s) | Generator RTF: 0.0291(0.169s / 5.800s)
generated_audios/generated_H3_128C_pruned30/908-31957-0008_generated.wav | RTF: 0.2855(2.856s / 10.005s) | Generator RTF: 0.2851(2.852s / 10.005s)
generated_audios/generated_H3_128C_pruned30/908-31957-0009_generated.wav | RTF: 0.2870(2.212s / 7.705s) | Generator RTF: 0.2865(2.208s / 7.705s)
generated_audios/generated_H3_128C_pruned30/908-31957-0010_generated.wav | RTF: 0.2855(0.717s / 2.510s) | Generator RTF: 0.2841(0.713s / 2.510s)
generated_audios/generated_H3_128C_pruned30/908-31957-0011_generated.wav | RTF: 0.0361(0.084s / 2.335s) | Generator RTF: 0.0349(0.081s / 2.335s)
generated_audios/generated_H3_128C_pruned30/908-31957-0012_generated.wav | RTF: 0.3014(2.295s / 7.615s) | Generator RTF: 0.3010(2.292s / 7.615s)
generated_audios/generated_H3_128C_pruned30/908-31957-0013_generated.wav | RTF: 0.3036(1.876s / 6.180s) | Generator RTF: 0.3030(1.873s / 6.180s)
generated_audios/generated_H3_128C_pruned30/908-31957-0014_generated.wav | RTF: 0.2864(2.165s / 7.560s) | Generator RTF: 0.2859(2.161s / 7.560s)
generated_audios/generated_H3_128C_pruned30/908-31957-0015_generated.wav | RTF: 0.2953(6.338s / 21.465s) | Generator RTF: 0.2950(6.333s / 21.465s)
generated_audios/generated_H3_128C_pruned30/908-31957-0016_generated.wav | RTF: 0.2888(1.871s / 6.480s) | Generator RTF: 0.2882(1.868s / 6.480s)
generated_audios/generated_H3_128C_pruned30/908-31957-0017_generated.wav | RTF: 0.3042(2.371s / 7.795s) | Generator RTF: 0.3037(2.367s / 7.795s)
generated_audios/generated_H3_128C_pruned30/908-31957-0018_generated.wav | RTF: 0.3085(1.208s / 3.915s) | Generator RTF: 0.3076(1.204s / 3.915s)
generated_audios/generated_H3_128C_pruned30/908-31957-0019_generated.wav | RTF: 0.3137(2.993s / 9.540s) | Generator RTF: 0.3133(2.989s / 9.540s)
generated_audios/generated_H3_128C_pruned30/908-31957-0020_generated.wav | RTF: 0.0335(0.198s / 5.895s) | Generator RTF: 0.0329(0.194s / 5.895s)
generated_audios/generated_H3_128C_pruned30/908-31957-0021_generated.wav | RTF: 0.2913(3.176s / 10.905s) | Generator RTF: 0.2909(3.172s / 10.905s)
generated_audios/generated_H3_128C_pruned30/908-31957-0022_generated.wav | RTF: 0.3113(4.390s / 14.100s) | Generator RTF: 0.3110(4.385s / 14.100s)
generated_audios/generated_H3_128C_pruned30/908-31957-0023_generated.wav | RTF: 0.3106(2.644s / 8.515s) | Generator RTF: 0.3101(2.641s / 8.515s)
generated_audios/generated_H3_128C_pruned30/908-31957-0024_generated.wav | RTF: 0.3010(2.270s / 7.540s) | Generator RTF: 0.3005(2.266s / 7.540s)
generated_audios/generated_H3_128C_pruned30/908-31957-0025_generated.wav | RTF: 0.3067(6.305s / 20.560s) | Generator RTF: 0.3064(6.300s / 20.560s)
Average RTF: 0.2390(755.072s / 3159.849s)
Average Generator RTF: 0.2384(753.236s / 3159.849s)
Evaluation summary:
  Mel-spectrogram L1: 0.377604
  PESQ: 1.964553
  STOI: 0.911788
Appended per-audio metrics to CSV: per_audio_results/H3_128C_Physical_pruning

Appended metrics to CSV: experiments_results.csv
========== H3: pruning 50% ==========
Initializing Inference Process..
Using device: cpu (baseline and quantized inference both run on CPU)
Loading '/home/hpc/vlbi/vlbi107v/hifi-gan/cp_hifigan/v1_c128_physical50/g_00265000'
Complete.
Checkpoint contains plain conv weights. Removing weight_norm wrappers before loading...
Removing weight norm...
Loaded checkpoint: /home/hpc/vlbi/vlbi107v/hifi-gan/cp_hifigan/v1_c128_physical50/g_00265000 (2.274 MB)
Generator parameters: 582,725
generated_audios/generated_H3_128C_pruned50/1089-134686-0000_generated.wav | RTF: 0.2739(2.858s / 10.435s) | Generator RTF: 0.2732(2.851s / 10.435s)
generated_audios/generated_H3_128C_pruned50/1089-134686-0001_generated.wav | RTF: 0.2409(0.789s / 3.275s) | Generator RTF: 0.2396(0.785s / 3.275s)
generated_audios/generated_H3_128C_pruned50/1089-134686-0002_generated.wav | RTF: 0.2657(1.760s / 6.625s) | Generator RTF: 0.2651(1.757s / 6.625s)
generated_audios/generated_H3_128C_pruned50/1089-134686-0003_generated.wav | RTF: 0.2512(0.673s / 2.680s) | Generator RTF: 0.2498(0.669s / 2.680s)
generated_audios/generated_H3_128C_pruned50/1089-134686-0004_generated.wav | RTF: 0.2614(1.363s / 5.215s) | Generator RTF: 0.2607(1.360s / 5.215s)
generated_audios/generated_H3_128C_pruned50/1089-134686-0005_generated.wav | RTF: 0.2596(2.501s / 9.635s) | Generator RTF: 0.2591(2.496s / 9.635s)
generated_audios/generated_H3_128C_pruned50/1089-134686-0006_generated.wav | RTF: 0.2657(2.805s / 10.555s) | Generator RTF: 0.2654(2.801s / 10.555s)
generated_audios/generated_H3_128C_pruned50/1089-134686-0007_generated.wav | RTF: 0.2539(1.085s / 4.275s) | Generator RTF: 0.2528(1.081s / 4.275s)
generated_audios/generated_H3_128C_pruned50/1089-134686-0008_generated.wav | RTF: 0.2476(1.667s / 6.730s) | Generator RTF: 0.2471(1.663s / 6.730s)
generated_audios/generated_H3_128C_pruned50/1089-134686-0009_generated.wav | RTF: 0.2823(2.985s / 10.575s) | Generator RTF: 0.2819(2.981s / 10.575s)
generated_audios/generated_H3_128C_pruned50/1089-134686-0010_generated.wav | RTF: 0.2562(1.129s / 4.405s) | Generator RTF: 0.2553(1.124s / 4.405s)
generated_audios/generated_H3_128C_pruned50/1089-134686-0011_generated.wav | RTF: 0.2645(3.292s / 12.445s) | Generator RTF: 0.2642(3.288s / 12.445s)
generated_audios/generated_H3_128C_pruned50/1089-134686-0012_generated.wav | RTF: 0.2711(3.156s / 11.640s) | Generator RTF: 0.2708(3.152s / 11.640s)
generated_audios/generated_H3_128C_pruned50/1089-134686-0013_generated.wav | RTF: 0.2430(1.923s / 7.915s) | Generator RTF: 0.2425(1.919s / 7.915s)
generated_audios/generated_H3_128C_pruned50/1089-134686-0014_generated.wav | RTF: 0.2529(0.563s / 2.225s) | Generator RTF: 0.2516(0.560s / 2.225s)
generated_audios/generated_H3_128C_pruned50/1089-134686-0015_generated.wav | RTF: 0.2551(1.484s / 5.815s) | Generator RTF: 0.2545(1.480s / 5.815s)
generated_audios/generated_H3_128C_pruned50/1089-134686-0016_generated.wav | RTF: 0.2546(0.901s / 3.540s) | Generator RTF: 0.2536(0.898s / 3.540s)
generated_audios/generated_H3_128C_pruned50/1089-134686-0017_generated.wav | RTF: 0.2595(2.301s / 8.870s) | Generator RTF: 0.2590(2.297s / 8.870s)
generated_audios/generated_H3_128C_pruned50/1089-134686-0018_generated.wav | RTF: 0.2834(4.455s / 15.720s) | Generator RTF: 0.2831(4.450s / 15.720s)
generated_audios/generated_H3_128C_pruned50/1089-134686-0019_generated.wav | RTF: 0.2836(3.940s / 13.895s) | Generator RTF: 0.2832(3.935s / 13.895s)
generated_audios/generated_H3_128C_pruned50/1089-134686-0020_generated.wav | RTF: 0.2661(4.469s / 16.790s) | Generator RTF: 0.2659(4.464s / 16.790s)
generated_audios/generated_H3_128C_pruned50/1089-134686-0021_generated.wav | RTF: 0.2449(1.604s / 6.550s) | Generator RTF: 0.2443(1.600s / 6.550s)
generated_audios/generated_H3_128C_pruned50/1089-134686-0022_generated.wav | RTF: 0.2607(2.913s / 11.175s) | Generator RTF: 0.2603(2.909s / 11.175s)
generated_audios/generated_H3_128C_pruned50/1089-134686-0023_generated.wav | RTF: 0.2443(3.243s / 13.275s) | Generator RTF: 0.2440(3.239s / 13.275s)
generated_audios/generated_H3_128C_pruned50/1089-134686-0024_generated.wav | RTF: 0.2822(3.289s / 11.655s) | Generator RTF: 0.2818(3.285s / 11.655s)
generated_audios/generated_H3_128C_pruned50/1089-134686-0025_generated.wav | RTF: 0.2614(1.728s / 6.610s) | Generator RTF: 0.2609(1.725s / 6.610s)
generated_audios/generated_H3_128C_pruned50/1089-134686-0026_generated.wav | RTF: 0.2416(0.969s / 4.010s) | Generator RTF: 0.2407(0.965s / 4.010s)
generated_audios/generated_H3_128C_pruned50/1089-134686-0027_generated.wav | RTF: 0.2570(0.696s / 2.710s) | Generator RTF: 0.2557(0.693s / 2.710s)
generated_audios/generated_H3_128C_pruned50/1089-134686-0028_generated.wav | RTF: 0.2597(2.034s / 7.830s) | Generator RTF: 0.2592(2.030s / 7.830s)
generated_audios/generated_H3_128C_pruned50/1089-134686-0029_generated.wav | RTF: 0.2460(1.149s / 4.670s) | Generator RTF: 0.2453(1.146s / 4.670s)
generated_audios/generated_H3_128C_pruned50/1089-134686-0030_generated.wav | RTF: 0.0233(0.063s / 2.715s) | Generator RTF: 0.0220(0.060s / 2.715s)
generated_audios/generated_H3_128C_pruned50/1089-134686-0031_generated.wav | RTF: 0.0208(0.138s / 6.615s) | Generator RTF: 0.0202(0.134s / 6.615s)
generated_audios/generated_H3_128C_pruned50/121-121726-0000_generated.wav | RTF: 0.2590(2.191s / 8.460s) | Generator RTF: 0.2585(2.187s / 8.460s)
generated_audios/generated_H3_128C_pruned50/121-121726-0001_generated.wav | RTF: 0.2458(1.456s / 5.925s) | Generator RTF: 0.2451(1.452s / 5.925s)
generated_audios/generated_H3_128C_pruned50/121-121726-0002_generated.wav | RTF: 0.0258(0.114s / 4.410s) | Generator RTF: 0.0250(0.110s / 4.410s)
generated_audios/generated_H3_128C_pruned50/121-121726-0003_generated.wav | RTF: 0.2570(1.736s / 6.755s) | Generator RTF: 0.2565(1.732s / 6.755s)
generated_audios/generated_H3_128C_pruned50/121-121726-0004_generated.wav | RTF: 0.2585(1.039s / 4.020s) | Generator RTF: 0.2576(1.036s / 4.020s)
generated_audios/generated_H3_128C_pruned50/121-121726-0005_generated.wav | RTF: 0.2545(0.789s / 3.100s) | Generator RTF: 0.2534(0.786s / 3.100s)
generated_audios/generated_H3_128C_pruned50/121-121726-0006_generated.wav | RTF: 0.2532(0.986s / 3.895s) | Generator RTF: 0.2524(0.983s / 3.895s)
generated_audios/generated_H3_128C_pruned50/121-121726-0007_generated.wav | RTF: 0.0288(0.194s / 6.730s) | Generator RTF: 0.0282(0.190s / 6.730s)
generated_audios/generated_H3_128C_pruned50/121-121726-0008_generated.wav | RTF: 0.2431(1.213s / 4.990s) | Generator RTF: 0.2424(1.209s / 4.990s)
generated_audios/generated_H3_128C_pruned50/121-121726-0009_generated.wav | RTF: 0.2556(1.856s / 7.260s) | Generator RTF: 0.2551(1.852s / 7.260s)
generated_audios/generated_H3_128C_pruned50/121-121726-0010_generated.wav | RTF: 0.2607(2.558s / 9.810s) | Generator RTF: 0.2603(2.553s / 9.810s)
generated_audios/generated_H3_128C_pruned50/121-121726-0011_generated.wav | RTF: 0.2618(1.057s / 4.035s) | Generator RTF: 0.2610(1.053s / 4.035s)
generated_audios/generated_H3_128C_pruned50/121-121726-0012_generated.wav | RTF: 0.2448(0.990s / 4.045s) | Generator RTF: 0.2440(0.987s / 4.045s)
generated_audios/generated_H3_128C_pruned50/121-121726-0013_generated.wav | RTF: 0.2522(0.628s / 2.490s) | Generator RTF: 0.2509(0.625s / 2.490s)
generated_audios/generated_H3_128C_pruned50/121-121726-0014_generated.wav | RTF: 0.2533(0.802s / 3.165s) | Generator RTF: 0.2523(0.798s / 3.165s)
generated_audios/generated_H3_128C_pruned50/121-123852-0000_generated.wav | RTF: 0.2653(4.694s / 17.695s) | Generator RTF: 0.2650(4.688s / 17.695s)
generated_audios/generated_H3_128C_pruned50/121-123852-0001_generated.wav | RTF: 0.2424(0.453s / 1.870s) | Generator RTF: 0.2407(0.450s / 1.870s)
generated_audios/generated_H3_128C_pruned50/121-123852-0002_generated.wav | RTF: 0.2690(4.649s / 17.285s) | Generator RTF: 0.2687(4.645s / 17.285s)
generated_audios/generated_H3_128C_pruned50/121-123852-0003_generated.wav | RTF: 0.3053(7.175s / 23.505s) | Generator RTF: 0.3050(7.169s / 23.505s)
generated_audios/generated_H3_128C_pruned50/121-123852-0004_generated.wav | RTF: 0.2791(4.546s / 16.290s) | Generator RTF: 0.2788(4.542s / 16.290s)
generated_audios/generated_H3_128C_pruned50/121-123859-0000_generated.wav | RTF: 0.2672(4.647s / 17.390s) | Generator RTF: 0.2669(4.642s / 17.390s)
generated_audios/generated_H3_128C_pruned50/121-123859-0001_generated.wav | RTF: 0.2712(6.888s / 25.395s) | Generator RTF: 0.2710(6.882s / 25.395s)
generated_audios/generated_H3_128C_pruned50/121-123859-0002_generated.wav | RTF: 0.2828(8.495s / 30.040s) | Generator RTF: 0.2826(8.488s / 30.040s)
generated_audios/generated_H3_128C_pruned50/121-123859-0003_generated.wav | RTF: 0.2583(2.796s / 10.825s) | Generator RTF: 0.2579(2.792s / 10.825s)
generated_audios/generated_H3_128C_pruned50/121-123859-0004_generated.wav | RTF: 0.2603(2.474s / 9.505s) | Generator RTF: 0.2599(2.470s / 9.505s)
generated_audios/generated_H3_128C_pruned50/121-127105-0000_generated.wav | RTF: 0.2609(2.576s / 9.875s) | Generator RTF: 0.2604(2.572s / 9.875s)
generated_audios/generated_H3_128C_pruned50/121-127105-0001_generated.wav | RTF: 0.2423(1.218s / 5.025s) | Generator RTF: 0.2416(1.214s / 5.025s)
generated_audios/generated_H3_128C_pruned50/121-127105-0002_generated.wav | RTF: 0.2441(1.829s / 7.495s) | Generator RTF: 0.2435(1.825s / 7.495s)
generated_audios/generated_H3_128C_pruned50/121-127105-0003_generated.wav | RTF: 0.2554(1.973s / 7.725s) | Generator RTF: 0.2549(1.969s / 7.725s)
generated_audios/generated_H3_128C_pruned50/121-127105-0004_generated.wav | RTF: 0.2535(0.535s / 2.110s) | Generator RTF: 0.2520(0.532s / 2.110s)
generated_audios/generated_H3_128C_pruned50/121-127105-0005_generated.wav | RTF: 0.2451(1.427s / 5.820s) | Generator RTF: 0.2445(1.423s / 5.820s)
generated_audios/generated_H3_128C_pruned50/121-127105-0006_generated.wav | RTF: 0.2561(1.210s / 4.725s) | Generator RTF: 0.2554(1.207s / 4.725s)
generated_audios/generated_H3_128C_pruned50/121-127105-0007_generated.wav | RTF: 0.2449(1.418s / 5.790s) | Generator RTF: 0.2444(1.415s / 5.790s)
generated_audios/generated_H3_128C_pruned50/121-127105-0008_generated.wav | RTF: 0.2520(0.695s / 2.760s) | Generator RTF: 0.2508(0.692s / 2.760s)
generated_audios/generated_H3_128C_pruned50/121-127105-0009_generated.wav | RTF: 0.2546(0.583s / 2.290s) | Generator RTF: 0.2532(0.580s / 2.290s)
generated_audios/generated_H3_128C_pruned50/121-127105-0010_generated.wav | RTF: 0.2501(0.713s / 2.850s) | Generator RTF: 0.2489(0.709s / 2.850s)
generated_audios/generated_H3_128C_pruned50/121-127105-0011_generated.wav | RTF: 0.2531(1.463s / 5.780s) | Generator RTF: 0.2525(1.459s / 5.780s)
generated_audios/generated_H3_128C_pruned50/121-127105-0012_generated.wav | RTF: 0.2595(1.253s / 4.830s) | Generator RTF: 0.2588(1.250s / 4.830s)
generated_audios/generated_H3_128C_pruned50/121-127105-0013_generated.wav | RTF: 0.2430(1.433s / 5.895s) | Generator RTF: 0.2424(1.429s / 5.895s)
generated_audios/generated_H3_128C_pruned50/121-127105-0014_generated.wav | RTF: 0.2399(0.541s / 2.255s) | Generator RTF: 0.2385(0.538s / 2.255s)
generated_audios/generated_H3_128C_pruned50/121-127105-0015_generated.wav | RTF: 0.2546(0.754s / 2.960s) | Generator RTF: 0.2535(0.750s / 2.960s)
generated_audios/generated_H3_128C_pruned50/121-127105-0016_generated.wav | RTF: 0.2432(0.494s / 2.030s) | Generator RTF: 0.2416(0.491s / 2.030s)
generated_audios/generated_H3_128C_pruned50/121-127105-0017_generated.wav | RTF: 0.2552(0.688s / 2.695s) | Generator RTF: 0.2541(0.685s / 2.695s)
generated_audios/generated_H3_128C_pruned50/121-127105-0018_generated.wav | RTF: 0.2565(0.711s / 2.770s) | Generator RTF: 0.2555(0.708s / 2.770s)
generated_audios/generated_H3_128C_pruned50/121-127105-0019_generated.wav | RTF: 0.2454(0.865s / 3.525s) | Generator RTF: 0.2445(0.862s / 3.525s)
generated_audios/generated_H3_128C_pruned50/121-127105-0020_generated.wav | RTF: 0.2699(3.874s / 14.355s) | Generator RTF: 0.2695(3.869s / 14.355s)
generated_audios/generated_H3_128C_pruned50/121-127105-0021_generated.wav | RTF: 0.2447(0.489s / 2.000s) | Generator RTF: 0.2431(0.486s / 2.000s)
generated_audios/generated_H3_128C_pruned50/121-127105-0022_generated.wav | RTF: 0.2546(1.292s / 5.075s) | Generator RTF: 0.2539(1.289s / 5.075s)
generated_audios/generated_H3_128C_pruned50/121-127105-0023_generated.wav | RTF: 0.2494(2.721s / 10.910s) | Generator RTF: 0.2490(2.716s / 10.910s)
generated_audios/generated_H3_128C_pruned50/121-127105-0024_generated.wav | RTF: 0.2839(4.102s / 14.450s) | Generator RTF: 0.2836(4.098s / 14.450s)
generated_audios/generated_H3_128C_pruned50/121-127105-0025_generated.wav | RTF: 0.2692(4.324s / 16.065s) | Generator RTF: 0.2689(4.320s / 16.065s)
generated_audios/generated_H3_128C_pruned50/121-127105-0026_generated.wav | RTF: 0.2476(1.864s / 7.530s) | Generator RTF: 0.2470(1.860s / 7.530s)
generated_audios/generated_H3_128C_pruned50/121-127105-0027_generated.wav | RTF: 0.2515(3.488s / 13.870s) | Generator RTF: 0.2511(3.483s / 13.870s)
generated_audios/generated_H3_128C_pruned50/121-127105-0028_generated.wav | RTF: 0.0248(0.168s / 6.750s) | Generator RTF: 0.0243(0.164s / 6.750s)
generated_audios/generated_H3_128C_pruned50/121-127105-0029_generated.wav | RTF: 0.2542(1.858s / 7.310s) | Generator RTF: 0.2537(1.854s / 7.310s)
generated_audios/generated_H3_128C_pruned50/121-127105-0030_generated.wav | RTF: 0.2511(0.546s / 2.175s) | Generator RTF: 0.2497(0.543s / 2.175s)
generated_audios/generated_H3_128C_pruned50/121-127105-0031_generated.wav | RTF: 0.2437(2.623s / 10.765s) | Generator RTF: 0.2434(2.620s / 10.765s)
generated_audios/generated_H3_128C_pruned50/121-127105-0032_generated.wav | RTF: 0.2403(0.762s / 3.170s) | Generator RTF: 0.2394(0.759s / 3.170s)
generated_audios/generated_H3_128C_pruned50/121-127105-0033_generated.wav | RTF: 0.2533(0.597s / 2.355s) | Generator RTF: 0.2519(0.593s / 2.355s)
generated_audios/generated_H3_128C_pruned50/121-127105-0034_generated.wav | RTF: 0.2620(1.941s / 7.410s) | Generator RTF: 0.2615(1.938s / 7.410s)
generated_audios/generated_H3_128C_pruned50/121-127105-0035_generated.wav | RTF: 0.2728(3.861s / 14.150s) | Generator RTF: 0.2725(3.856s / 14.150s)
generated_audios/generated_H3_128C_pruned50/121-127105-0036_generated.wav | RTF: 0.2429(1.008s / 4.150s) | Generator RTF: 0.2422(1.005s / 4.150s)
generated_audios/generated_H3_128C_pruned50/237-126133-0000_generated.wav | RTF: 0.2865(3.808s / 13.290s) | Generator RTF: 0.2862(3.804s / 13.290s)
generated_audios/generated_H3_128C_pruned50/237-126133-0001_generated.wav | RTF: 0.2896(3.465s / 11.965s) | Generator RTF: 0.2892(3.460s / 11.965s)
generated_audios/generated_H3_128C_pruned50/237-126133-0002_generated.wav | RTF: 0.2506(2.236s / 8.920s) | Generator RTF: 0.2501(2.231s / 8.920s)
generated_audios/generated_H3_128C_pruned50/237-126133-0003_generated.wav | RTF: 0.2594(1.702s / 6.560s) | Generator RTF: 0.2588(1.698s / 6.560s)
generated_audios/generated_H3_128C_pruned50/237-126133-0004_generated.wav | RTF: 0.2602(0.857s / 3.295s) | Generator RTF: 0.2592(0.854s / 3.295s)
generated_audios/generated_H3_128C_pruned50/237-126133-0005_generated.wav | RTF: 0.2628(1.711s / 6.510s) | Generator RTF: 0.2623(1.708s / 6.510s)
generated_audios/generated_H3_128C_pruned50/237-126133-0006_generated.wav | RTF: 0.2570(1.580s / 6.150s) | Generator RTF: 0.2564(1.577s / 6.150s)
generated_audios/generated_H3_128C_pruned50/237-126133-0007_generated.wav | RTF: 0.2481(2.154s / 8.680s) | Generator RTF: 0.2477(2.150s / 8.680s)
generated_audios/generated_H3_128C_pruned50/237-126133-0008_generated.wav | RTF: 0.2599(1.005s / 3.865s) | Generator RTF: 0.2591(1.001s / 3.865s)
generated_audios/generated_H3_128C_pruned50/237-126133-0009_generated.wav | RTF: 0.2562(1.017s / 3.970s) | Generator RTF: 0.2554(1.014s / 3.970s)
generated_audios/generated_H3_128C_pruned50/237-126133-0010_generated.wav | RTF: 0.2484(1.550s / 6.240s) | Generator RTF: 0.2479(1.547s / 6.240s)
generated_audios/generated_H3_128C_pruned50/237-126133-0011_generated.wav | RTF: 0.2634(1.768s / 6.710s) | Generator RTF: 0.2629(1.764s / 6.710s)
generated_audios/generated_H3_128C_pruned50/237-126133-0012_generated.wav | RTF: 0.2608(1.160s / 4.450s) | Generator RTF: 0.2601(1.157s / 4.450s)
generated_audios/generated_H3_128C_pruned50/237-126133-0013_generated.wav | RTF: 0.2614(1.782s / 6.815s) | Generator RTF: 0.2610(1.778s / 6.815s)
generated_audios/generated_H3_128C_pruned50/237-126133-0014_generated.wav | RTF: 0.2608(1.771s / 6.790s) | Generator RTF: 0.2603(1.767s / 6.790s)
generated_audios/generated_H3_128C_pruned50/237-126133-0015_generated.wav | RTF: 0.2509(2.344s / 9.340s) | Generator RTF: 0.2505(2.340s / 9.340s)
generated_audios/generated_H3_128C_pruned50/237-126133-0016_generated.wav | RTF: 0.2494(1.060s / 4.250s) | Generator RTF: 0.2486(1.057s / 4.250s)
generated_audios/generated_H3_128C_pruned50/237-126133-0017_generated.wav | RTF: 0.2493(1.548s / 6.210s) | Generator RTF: 0.2487(1.544s / 6.210s)
generated_audios/generated_H3_128C_pruned50/237-126133-0018_generated.wav | RTF: 0.2583(1.058s / 4.095s) | Generator RTF: 0.2575(1.054s / 4.095s)
generated_audios/generated_H3_128C_pruned50/237-126133-0019_generated.wav | RTF: 0.2668(1.899s / 7.120s) | Generator RTF: 0.2652(1.888s / 7.120s)
generated_audios/generated_H3_128C_pruned50/237-126133-0020_generated.wav | RTF: 0.2434(0.545s / 2.240s) | Generator RTF: 0.2420(0.542s / 2.240s)
generated_audios/generated_H3_128C_pruned50/237-126133-0021_generated.wav | RTF: 0.2479(1.082s / 4.365s) | Generator RTF: 0.2471(1.079s / 4.365s)
generated_audios/generated_H3_128C_pruned50/237-126133-0022_generated.wav | RTF: 0.2624(1.323s / 5.040s) | Generator RTF: 0.2618(1.319s / 5.040s)
generated_audios/generated_H3_128C_pruned50/237-126133-0023_generated.wav | RTF: 0.2604(1.738s / 6.675s) | Generator RTF: 0.2599(1.735s / 6.675s)
generated_audios/generated_H3_128C_pruned50/237-126133-0024_generated.wav | RTF: 0.2647(2.558s / 9.665s) | Generator RTF: 0.2643(2.554s / 9.665s)
generated_audios/generated_H3_128C_pruned50/237-126133-0025_generated.wav | RTF: 0.2568(0.964s / 3.755s) | Generator RTF: 0.2560(0.961s / 3.755s)
generated_audios/generated_H3_128C_pruned50/237-134493-0000_generated.wav | RTF: 0.2650(1.088s / 4.105s) | Generator RTF: 0.2642(1.085s / 4.105s)
generated_audios/generated_H3_128C_pruned50/237-134493-0001_generated.wav | RTF: 0.2612(1.928s / 7.380s) | Generator RTF: 0.2607(1.924s / 7.380s)
generated_audios/generated_H3_128C_pruned50/237-134493-0002_generated.wav | RTF: 0.2722(3.102s / 11.395s) | Generator RTF: 0.2718(3.098s / 11.395s)
generated_audios/generated_H3_128C_pruned50/237-134493-0003_generated.wav | RTF: 0.2873(3.667s / 12.765s) | Generator RTF: 0.2869(3.662s / 12.765s)
generated_audios/generated_H3_128C_pruned50/237-134493-0004_generated.wav | RTF: 0.2658(1.814s / 6.825s) | Generator RTF: 0.2653(1.811s / 6.825s)
generated_audios/generated_H3_128C_pruned50/237-134493-0005_generated.wav | RTF: 0.2515(2.753s / 10.945s) | Generator RTF: 0.2511(2.749s / 10.945s)
generated_audios/generated_H3_128C_pruned50/237-134493-0006_generated.wav | RTF: 0.2557(1.124s / 4.395s) | Generator RTF: 0.2549(1.120s / 4.395s)
generated_audios/generated_H3_128C_pruned50/237-134493-0007_generated.wav | RTF: 0.2456(0.500s / 2.035s) | Generator RTF: 0.2440(0.496s / 2.035s)
generated_audios/generated_H3_128C_pruned50/237-134493-0008_generated.wav | RTF: 0.2443(0.563s / 2.305s) | Generator RTF: 0.2430(0.560s / 2.305s)
generated_audios/generated_H3_128C_pruned50/237-134493-0009_generated.wav | RTF: 0.2590(0.770s / 2.975s) | Generator RTF: 0.2579(0.767s / 2.975s)
generated_audios/generated_H3_128C_pruned50/237-134493-0010_generated.wav | RTF: 0.2543(0.731s / 2.875s) | Generator RTF: 0.2531(0.728s / 2.875s)
generated_audios/generated_H3_128C_pruned50/237-134493-0011_generated.wav | RTF: 0.2673(1.346s / 5.035s) | Generator RTF: 0.2666(1.342s / 5.035s)
generated_audios/generated_H3_128C_pruned50/237-134493-0012_generated.wav | RTF: 0.2462(0.901s / 3.660s) | Generator RTF: 0.2453(0.898s / 3.660s)
generated_audios/generated_H3_128C_pruned50/237-134493-0013_generated.wav | RTF: 0.0277(0.113s / 4.090s) | Generator RTF: 0.0269(0.110s / 4.090s)
generated_audios/generated_H3_128C_pruned50/237-134493-0014_generated.wav | RTF: 0.2506(0.927s / 3.700s) | Generator RTF: 0.2497(0.924s / 3.700s)
generated_audios/generated_H3_128C_pruned50/237-134493-0015_generated.wav | RTF: 0.0275(0.180s / 6.550s) | Generator RTF: 0.0270(0.177s / 6.550s)
generated_audios/generated_H3_128C_pruned50/237-134493-0016_generated.wav | RTF: 0.2668(2.691s / 10.085s) | Generator RTF: 0.2664(2.687s / 10.085s)
generated_audios/generated_H3_128C_pruned50/237-134493-0017_generated.wav | RTF: 0.2647(2.410s / 9.105s) | Generator RTF: 0.2643(2.406s / 9.105s)
generated_audios/generated_H3_128C_pruned50/237-134493-0018_generated.wav | RTF: 0.2633(1.261s / 4.790s) | Generator RTF: 0.2626(1.258s / 4.790s)
generated_audios/generated_H3_128C_pruned50/237-134500-0000_generated.wav | RTF: 0.2608(1.599s / 6.130s) | Generator RTF: 0.2602(1.595s / 6.130s)
generated_audios/generated_H3_128C_pruned50/237-134500-0001_generated.wav | RTF: 0.2440(0.442s / 1.810s) | Generator RTF: 0.2424(0.439s / 1.810s)
generated_audios/generated_H3_128C_pruned50/237-134500-0002_generated.wav | RTF: 0.2624(1.330s / 5.070s) | Generator RTF: 0.2616(1.327s / 5.070s)
generated_audios/generated_H3_128C_pruned50/237-134500-0003_generated.wav | RTF: 0.0294(0.093s / 3.170s) | Generator RTF: 0.0283(0.090s / 3.170s)
generated_audios/generated_H3_128C_pruned50/237-134500-0004_generated.wav | RTF: 0.0327(0.073s / 2.225s) | Generator RTF: 0.0314(0.070s / 2.225s)
generated_audios/generated_H3_128C_pruned50/237-134500-0005_generated.wav | RTF: 0.2556(0.611s / 2.390s) | Generator RTF: 0.2543(0.608s / 2.390s)
generated_audios/generated_H3_128C_pruned50/237-134500-0006_generated.wav | RTF: 0.2488(1.051s / 4.225s) | Generator RTF: 0.2480(1.048s / 4.225s)
generated_audios/generated_H3_128C_pruned50/237-134500-0007_generated.wav | RTF: 0.0235(0.056s / 2.390s) | Generator RTF: 0.0221(0.053s / 2.390s)
generated_audios/generated_H3_128C_pruned50/237-134500-0008_generated.wav | RTF: 0.0273(0.103s / 3.760s) | Generator RTF: 0.0264(0.099s / 3.760s)
generated_audios/generated_H3_128C_pruned50/237-134500-0009_generated.wav | RTF: 0.0238(0.053s / 2.220s) | Generator RTF: 0.0223(0.050s / 2.220s)
generated_audios/generated_H3_128C_pruned50/237-134500-0010_generated.wav | RTF: 0.2629(1.050s / 3.995s) | Generator RTF: 0.2621(1.047s / 3.995s)
generated_audios/generated_H3_128C_pruned50/237-134500-0011_generated.wav | RTF: 0.2473(0.828s / 3.350s) | Generator RTF: 0.2463(0.825s / 3.350s)
generated_audios/generated_H3_128C_pruned50/237-134500-0012_generated.wav | RTF: 0.2739(2.995s / 10.935s) | Generator RTF: 0.2735(2.991s / 10.935s)
generated_audios/generated_H3_128C_pruned50/237-134500-0013_generated.wav | RTF: 0.0272(0.288s / 10.560s) | Generator RTF: 0.0268(0.283s / 10.560s)
generated_audios/generated_H3_128C_pruned50/237-134500-0014_generated.wav | RTF: 0.0306(0.130s / 4.250s) | Generator RTF: 0.0297(0.126s / 4.250s)
generated_audios/generated_H3_128C_pruned50/237-134500-0015_generated.wav | RTF: 0.2660(2.877s / 10.815s) | Generator RTF: 0.2657(2.873s / 10.815s)
generated_audios/generated_H3_128C_pruned50/237-134500-0016_generated.wav | RTF: 0.0293(0.093s / 3.160s) | Generator RTF: 0.0283(0.090s / 3.160s)
generated_audios/generated_H3_128C_pruned50/237-134500-0017_generated.wav | RTF: 0.0322(0.070s / 2.180s) | Generator RTF: 0.0307(0.067s / 2.180s)
generated_audios/generated_H3_128C_pruned50/237-134500-0018_generated.wav | RTF: 0.2903(3.729s / 12.845s) | Generator RTF: 0.2900(3.725s / 12.845s)
generated_audios/generated_H3_128C_pruned50/237-134500-0019_generated.wav | RTF: 0.2478(0.709s / 2.860s) | Generator RTF: 0.2469(0.706s / 2.860s)
generated_audios/generated_H3_128C_pruned50/237-134500-0020_generated.wav | RTF: 0.0255(0.056s / 2.180s) | Generator RTF: 0.0242(0.053s / 2.180s)
generated_audios/generated_H3_128C_pruned50/237-134500-0021_generated.wav | RTF: 0.2474(1.267s / 5.120s) | Generator RTF: 0.2468(1.264s / 5.120s)
generated_audios/generated_H3_128C_pruned50/237-134500-0022_generated.wav | RTF: 0.2537(1.310s / 5.165s) | Generator RTF: 0.2530(1.307s / 5.165s)
generated_audios/generated_H3_128C_pruned50/237-134500-0023_generated.wav | RTF: 0.2663(0.815s / 3.060s) | Generator RTF: 0.2653(0.812s / 3.060s)
generated_audios/generated_H3_128C_pruned50/237-134500-0024_generated.wav | RTF: 0.0267(0.118s / 4.410s) | Generator RTF: 0.0260(0.114s / 4.410s)
generated_audios/generated_H3_128C_pruned50/237-134500-0025_generated.wav | RTF: 0.2460(0.401s / 1.630s) | Generator RTF: 0.2441(0.398s / 1.630s)
generated_audios/generated_H3_128C_pruned50/237-134500-0026_generated.wav | RTF: 0.2633(0.803s / 3.050s) | Generator RTF: 0.2622(0.800s / 3.050s)
generated_audios/generated_H3_128C_pruned50/237-134500-0027_generated.wav | RTF: 0.2684(0.878s / 3.270s) | Generator RTF: 0.2674(0.874s / 3.270s)
generated_audios/generated_H3_128C_pruned50/237-134500-0028_generated.wav | RTF: 0.2704(1.224s / 4.525s) | Generator RTF: 0.2697(1.220s / 4.525s)
generated_audios/generated_H3_128C_pruned50/237-134500-0029_generated.wav | RTF: 0.2560(0.529s / 2.065s) | Generator RTF: 0.2544(0.525s / 2.065s)
generated_audios/generated_H3_128C_pruned50/237-134500-0030_generated.wav | RTF: 0.2711(0.754s / 2.780s) | Generator RTF: 0.2700(0.750s / 2.780s)
generated_audios/generated_H3_128C_pruned50/237-134500-0031_generated.wav | RTF: 0.2703(2.868s / 10.610s) | Generator RTF: 0.2699(2.864s / 10.610s)
generated_audios/generated_H3_128C_pruned50/237-134500-0032_generated.wav | RTF: 0.0269(0.135s / 5.025s) | Generator RTF: 0.0262(0.132s / 5.025s)
generated_audios/generated_H3_128C_pruned50/237-134500-0033_generated.wav | RTF: 0.2548(1.618s / 6.350s) | Generator RTF: 0.2542(1.614s / 6.350s)
generated_audios/generated_H3_128C_pruned50/237-134500-0034_generated.wav | RTF: 0.2542(0.782s / 3.075s) | Generator RTF: 0.2531(0.778s / 3.075s)
generated_audios/generated_H3_128C_pruned50/237-134500-0035_generated.wav | RTF: 0.2696(0.689s / 2.555s) | Generator RTF: 0.2684(0.686s / 2.555s)
generated_audios/generated_H3_128C_pruned50/237-134500-0036_generated.wav | RTF: 0.2730(1.802s / 6.600s) | Generator RTF: 0.2725(1.798s / 6.600s)
generated_audios/generated_H3_128C_pruned50/237-134500-0037_generated.wav | RTF: 0.2678(1.903s / 7.105s) | Generator RTF: 0.2673(1.899s / 7.105s)
generated_audios/generated_H3_128C_pruned50/237-134500-0038_generated.wav | RTF: 0.2621(0.638s / 2.435s) | Generator RTF: 0.2608(0.635s / 2.435s)
generated_audios/generated_H3_128C_pruned50/237-134500-0039_generated.wav | RTF: 0.2716(1.258s / 4.630s) | Generator RTF: 0.2709(1.254s / 4.630s)
generated_audios/generated_H3_128C_pruned50/237-134500-0040_generated.wav | RTF: 0.0279(0.112s / 4.030s) | Generator RTF: 0.0270(0.109s / 4.030s)
generated_audios/generated_H3_128C_pruned50/237-134500-0041_generated.wav | RTF: 0.0273(0.244s / 8.920s) | Generator RTF: 0.0269(0.240s / 8.920s)
generated_audios/generated_H3_128C_pruned50/237-134500-0042_generated.wav | RTF: 0.2632(0.678s / 2.575s) | Generator RTF: 0.2619(0.674s / 2.575s)
generated_audios/generated_H3_128C_pruned50/260-123286-0000_generated.wav | RTF: 0.2620(1.845s / 7.040s) | Generator RTF: 0.2615(1.841s / 7.040s)
generated_audios/generated_H3_128C_pruned50/260-123286-0001_generated.wav | RTF: 0.0231(0.071s / 3.070s) | Generator RTF: 0.0222(0.068s / 3.070s)
generated_audios/generated_H3_128C_pruned50/260-123286-0002_generated.wav | RTF: 0.2771(2.767s / 9.985s) | Generator RTF: 0.2768(2.764s / 9.985s)
generated_audios/generated_H3_128C_pruned50/260-123286-0003_generated.wav | RTF: 0.2732(2.014s / 7.370s) | Generator RTF: 0.2727(2.010s / 7.370s)
generated_audios/generated_H3_128C_pruned50/260-123286-0004_generated.wav | RTF: 0.2694(0.934s / 3.465s) | Generator RTF: 0.2685(0.930s / 3.465s)
generated_audios/generated_H3_128C_pruned50/260-123286-0005_generated.wav | RTF: 0.2610(1.256s / 4.810s) | Generator RTF: 0.2604(1.252s / 4.810s)
generated_audios/generated_H3_128C_pruned50/260-123286-0006_generated.wav | RTF: 0.2747(2.034s / 7.405s) | Generator RTF: 0.2742(2.030s / 7.405s)
generated_audios/generated_H3_128C_pruned50/260-123286-0007_generated.wav | RTF: 0.2730(1.242s / 4.550s) | Generator RTF: 0.2723(1.239s / 4.550s)
generated_audios/generated_H3_128C_pruned50/260-123286-0008_generated.wav | RTF: 0.2645(0.988s / 3.735s) | Generator RTF: 0.2636(0.985s / 3.735s)
generated_audios/generated_H3_128C_pruned50/260-123286-0009_generated.wav | RTF: 0.2843(1.648s / 5.795s) | Generator RTF: 0.2837(1.644s / 5.795s)
generated_audios/generated_H3_128C_pruned50/260-123286-0010_generated.wav | RTF: 0.0289(0.075s / 2.575s) | Generator RTF: 0.0278(0.072s / 2.575s)
generated_audios/generated_H3_128C_pruned50/260-123286-0011_generated.wav | RTF: 0.0299(0.127s / 4.255s) | Generator RTF: 0.0291(0.124s / 4.255s)
generated_audios/generated_H3_128C_pruned50/260-123286-0012_generated.wav | RTF: 0.0302(0.073s / 2.430s) | Generator RTF: 0.0289(0.070s / 2.430s)
generated_audios/generated_H3_128C_pruned50/260-123286-0013_generated.wav | RTF: 0.2740(1.296s / 4.730s) | Generator RTF: 0.2733(1.293s / 4.730s)
generated_audios/generated_H3_128C_pruned50/260-123286-0014_generated.wav | RTF: 0.0305(0.091s / 2.980s) | Generator RTF: 0.0294(0.087s / 2.980s)
generated_audios/generated_H3_128C_pruned50/260-123286-0015_generated.wav | RTF: 0.2800(1.459s / 5.210s) | Generator RTF: 0.2794(1.455s / 5.210s)
generated_audios/generated_H3_128C_pruned50/260-123286-0016_generated.wav | RTF: 0.2796(1.957s / 7.000s) | Generator RTF: 0.2791(1.953s / 7.000s)
generated_audios/generated_H3_128C_pruned50/260-123286-0017_generated.wav | RTF: 0.2653(1.055s / 3.975s) | Generator RTF: 0.2645(1.051s / 3.975s)
generated_audios/generated_H3_128C_pruned50/260-123286-0018_generated.wav | RTF: 0.2832(1.606s / 5.670s) | Generator RTF: 0.2826(1.602s / 5.670s)
generated_audios/generated_H3_128C_pruned50/260-123286-0019_generated.wav | RTF: 0.3017(3.592s / 11.905s) | Generator RTF: 0.3014(3.588s / 11.905s)
generated_audios/generated_H3_128C_pruned50/260-123286-0020_generated.wav | RTF: 0.0292(0.089s / 3.060s) | Generator RTF: 0.0281(0.086s / 3.060s)
generated_audios/generated_H3_128C_pruned50/260-123286-0021_generated.wav | RTF: 0.2699(0.688s / 2.550s) | Generator RTF: 0.2687(0.685s / 2.550s)
generated_audios/generated_H3_128C_pruned50/260-123286-0022_generated.wav | RTF: 0.2760(0.893s / 3.235s) | Generator RTF: 0.2751(0.890s / 3.235s)
generated_audios/generated_H3_128C_pruned50/260-123286-0023_generated.wav | RTF: 0.2803(1.647s / 5.875s) | Generator RTF: 0.2797(1.644s / 5.875s)
generated_audios/generated_H3_128C_pruned50/260-123286-0024_generated.wav | RTF: 0.2740(0.833s / 3.040s) | Generator RTF: 0.2729(0.830s / 3.040s)
generated_audios/generated_H3_128C_pruned50/260-123286-0025_generated.wav | RTF: 0.2722(2.505s / 9.205s) | Generator RTF: 0.2718(2.502s / 9.205s)
generated_audios/generated_H3_128C_pruned50/260-123286-0026_generated.wav | RTF: 0.2724(1.890s / 6.940s) | Generator RTF: 0.2719(1.887s / 6.940s)
generated_audios/generated_H3_128C_pruned50/260-123286-0027_generated.wav | RTF: 0.2916(2.091s / 7.170s) | Generator RTF: 0.2911(2.088s / 7.170s)
generated_audios/generated_H3_128C_pruned50/260-123286-0028_generated.wav | RTF: 0.2728(2.036s / 7.465s) | Generator RTF: 0.2723(2.033s / 7.465s)
generated_audios/generated_H3_128C_pruned50/260-123286-0029_generated.wav | RTF: 0.0258(0.117s / 4.545s) | Generator RTF: 0.0250(0.113s / 4.545s)
generated_audios/generated_H3_128C_pruned50/260-123286-0030_generated.wav | RTF: 0.0260(0.196s / 7.530s) | Generator RTF: 0.0255(0.192s / 7.530s)
generated_audios/generated_H3_128C_pruned50/260-123286-0031_generated.wav | RTF: 0.2703(1.368s / 5.060s) | Generator RTF: 0.2696(1.364s / 5.060s)
generated_audios/generated_H3_128C_pruned50/260-123288-0000_generated.wav | RTF: 0.0234(0.071s / 3.040s) | Generator RTF: 0.0223(0.068s / 3.040s)
generated_audios/generated_H3_128C_pruned50/260-123288-0001_generated.wav | RTF: 0.0257(0.130s / 5.080s) | Generator RTF: 0.0250(0.127s / 5.080s)
generated_audios/generated_H3_128C_pruned50/260-123288-0002_generated.wav | RTF: 0.2744(1.989s / 7.250s) | Generator RTF: 0.2739(1.985s / 7.250s)
generated_audios/generated_H3_128C_pruned50/260-123288-0003_generated.wav | RTF: 0.2854(2.541s / 8.905s) | Generator RTF: 0.2850(2.538s / 8.905s)
generated_audios/generated_H3_128C_pruned50/260-123288-0004_generated.wav | RTF: 0.2782(1.199s / 4.310s) | Generator RTF: 0.2774(1.196s / 4.310s)
generated_audios/generated_H3_128C_pruned50/260-123288-0005_generated.wav | RTF: 0.2920(3.664s / 12.550s) | Generator RTF: 0.2916(3.660s / 12.550s)
generated_audios/generated_H3_128C_pruned50/260-123288-0006_generated.wav | RTF: 0.2686(1.311s / 4.880s) | Generator RTF: 0.2678(1.307s / 4.880s)
generated_audios/generated_H3_128C_pruned50/260-123288-0007_generated.wav | RTF: 0.2899(3.246s / 11.200s) | Generator RTF: 0.2895(3.242s / 11.200s)
generated_audios/generated_H3_128C_pruned50/260-123288-0008_generated.wav | RTF: 0.2818(1.554s / 5.515s) | Generator RTF: 0.2812(1.551s / 5.515s)
generated_audios/generated_H3_128C_pruned50/260-123288-0009_generated.wav | RTF: 0.2791(0.959s / 3.435s) | Generator RTF: 0.2781(0.955s / 3.435s)
generated_audios/generated_H3_128C_pruned50/260-123288-0010_generated.wav | RTF: 0.0262(0.262s / 9.995s) | Generator RTF: 0.0257(0.257s / 9.995s)
generated_audios/generated_H3_128C_pruned50/260-123288-0011_generated.wav | RTF: 0.2938(2.638s / 8.980s) | Generator RTF: 0.2933(2.634s / 8.980s)
generated_audios/generated_H3_128C_pruned50/260-123288-0012_generated.wav | RTF: 0.2791(0.989s / 3.545s) | Generator RTF: 0.2782(0.986s / 3.545s)
generated_audios/generated_H3_128C_pruned50/260-123288-0013_generated.wav | RTF: 0.3115(3.546s / 11.385s) | Generator RTF: 0.3111(3.542s / 11.385s)
generated_audios/generated_H3_128C_pruned50/260-123288-0014_generated.wav | RTF: 0.0359(0.065s / 1.805s) | Generator RTF: 0.0340(0.061s / 1.805s)
generated_audios/generated_H3_128C_pruned50/260-123288-0015_generated.wav | RTF: 0.2946(6.241s / 21.185s) | Generator RTF: 0.2944(6.236s / 21.185s)
generated_audios/generated_H3_128C_pruned50/260-123288-0016_generated.wav | RTF: 0.2891(1.406s / 4.865s) | Generator RTF: 0.2884(1.403s / 4.865s)
generated_audios/generated_H3_128C_pruned50/260-123288-0017_generated.wav | RTF: 0.2720(1.421s / 5.225s) | Generator RTF: 0.2713(1.417s / 5.225s)
generated_audios/generated_H3_128C_pruned50/260-123288-0018_generated.wav | RTF: 0.2809(0.911s / 3.245s) | Generator RTF: 0.2799(0.908s / 3.245s)
generated_audios/generated_H3_128C_pruned50/260-123288-0019_generated.wav | RTF: 0.0281(0.083s / 2.955s) | Generator RTF: 0.0271(0.080s / 2.955s)
generated_audios/generated_H3_128C_pruned50/260-123288-0020_generated.wav | RTF: 0.2826(0.819s / 2.900s) | Generator RTF: 0.2814(0.816s / 2.900s)
generated_audios/generated_H3_128C_pruned50/260-123288-0021_generated.wav | RTF: 0.0302(0.082s / 2.710s) | Generator RTF: 0.0291(0.079s / 2.710s)
generated_audios/generated_H3_128C_pruned50/260-123288-0022_generated.wav | RTF: 0.2845(1.054s / 3.705s) | Generator RTF: 0.2837(1.051s / 3.705s)
generated_audios/generated_H3_128C_pruned50/260-123288-0023_generated.wav | RTF: 0.0307(0.073s / 2.385s) | Generator RTF: 0.0296(0.071s / 2.385s)
generated_audios/generated_H3_128C_pruned50/260-123288-0024_generated.wav | RTF: 0.2950(4.306s / 14.595s) | Generator RTF: 0.2947(4.302s / 14.595s)
generated_audios/generated_H3_128C_pruned50/260-123288-0025_generated.wav | RTF: 0.2995(4.027s / 13.445s) | Generator RTF: 0.2991(4.022s / 13.445s)
generated_audios/generated_H3_128C_pruned50/260-123288-0026_generated.wav | RTF: 0.3173(5.090s / 16.040s) | Generator RTF: 0.3170(5.085s / 16.040s)
generated_audios/generated_H3_128C_pruned50/260-123288-0027_generated.wav | RTF: 0.2772(1.748s / 6.305s) | Generator RTF: 0.2767(1.745s / 6.305s)
generated_audios/generated_H3_128C_pruned50/260-123288-0028_generated.wav | RTF: 0.2840(0.741s / 2.610s) | Generator RTF: 0.2827(0.738s / 2.610s)
generated_audios/generated_H3_128C_pruned50/260-123440-0000_generated.wav | RTF: 0.2751(0.595s / 2.165s) | Generator RTF: 0.2736(0.592s / 2.165s)
generated_audios/generated_H3_128C_pruned50/260-123440-0001_generated.wav | RTF: 0.2707(0.471s / 1.740s) | Generator RTF: 0.2690(0.468s / 1.740s)
generated_audios/generated_H3_128C_pruned50/260-123440-0002_generated.wav | RTF: 0.3127(4.602s / 14.715s) | Generator RTF: 0.3124(4.596s / 14.715s)
generated_audios/generated_H3_128C_pruned50/260-123440-0003_generated.wav | RTF: 0.2901(1.040s / 3.585s) | Generator RTF: 0.2891(1.037s / 3.585s)
generated_audios/generated_H3_128C_pruned50/260-123440-0004_generated.wav | RTF: 0.2971(3.571s / 12.020s) | Generator RTF: 0.2967(3.567s / 12.020s)
generated_audios/generated_H3_128C_pruned50/260-123440-0005_generated.wav | RTF: 0.0305(0.095s / 3.105s) | Generator RTF: 0.0293(0.091s / 3.105s)
generated_audios/generated_H3_128C_pruned50/260-123440-0006_generated.wav | RTF: 0.0289(0.078s / 2.715s) | Generator RTF: 0.0277(0.075s / 2.715s)
generated_audios/generated_H3_128C_pruned50/260-123440-0007_generated.wav | RTF: 0.2878(0.974s / 3.385s) | Generator RTF: 0.2869(0.971s / 3.385s)
generated_audios/generated_H3_128C_pruned50/260-123440-0008_generated.wav | RTF: 0.2938(1.100s / 3.745s) | Generator RTF: 0.2930(1.097s / 3.745s)
generated_audios/generated_H3_128C_pruned50/260-123440-0009_generated.wav | RTF: 0.2899(0.903s / 3.115s) | Generator RTF: 0.2889(0.900s / 3.115s)
generated_audios/generated_H3_128C_pruned50/260-123440-0010_generated.wav | RTF: 0.2986(2.483s / 8.315s) | Generator RTF: 0.2982(2.479s / 8.315s)
generated_audios/generated_H3_128C_pruned50/260-123440-0011_generated.wav | RTF: 0.0252(0.123s / 4.870s) | Generator RTF: 0.0246(0.120s / 4.870s)
generated_audios/generated_H3_128C_pruned50/260-123440-0012_generated.wav | RTF: 0.2895(1.519s / 5.245s) | Generator RTF: 0.2889(1.515s / 5.245s)
generated_audios/generated_H3_128C_pruned50/260-123440-0013_generated.wav | RTF: 0.2877(1.000s / 3.475s) | Generator RTF: 0.2867(0.996s / 3.475s)
generated_audios/generated_H3_128C_pruned50/260-123440-0014_generated.wav | RTF: 0.2914(1.112s / 3.815s) | Generator RTF: 0.2905(1.108s / 3.815s)
generated_audios/generated_H3_128C_pruned50/260-123440-0015_generated.wav | RTF: 0.0294(0.182s / 6.200s) | Generator RTF: 0.0288(0.179s / 6.200s)
generated_audios/generated_H3_128C_pruned50/260-123440-0016_generated.wav | RTF: 0.2978(1.458s / 4.895s) | Generator RTF: 0.2971(1.454s / 4.895s)
generated_audios/generated_H3_128C_pruned50/260-123440-0017_generated.wav | RTF: 0.0319(0.098s / 3.070s) | Generator RTF: 0.0308(0.095s / 3.070s)
generated_audios/generated_H3_128C_pruned50/260-123440-0018_generated.wav | RTF: 0.2980(1.085s / 3.640s) | Generator RTF: 0.2970(1.081s / 3.640s)
generated_audios/generated_H3_128C_pruned50/260-123440-0019_generated.wav | RTF: 0.2994(1.985s / 6.630s) | Generator RTF: 0.2988(1.981s / 6.630s)
generated_audios/generated_H3_128C_pruned50/260-123440-0020_generated.wav | RTF: 0.2954(1.476s / 4.995s) | Generator RTF: 0.2946(1.472s / 4.995s)
generated_audios/generated_H3_128C_pruned50/61-70968-0000_generated.wav | RTF: 0.2958(1.451s / 4.905s) | Generator RTF: 0.2951(1.448s / 4.905s)
generated_audios/generated_H3_128C_pruned50/61-70968-0001_generated.wav | RTF: 0.2938(1.061s / 3.610s) | Generator RTF: 0.2929(1.057s / 3.610s)
generated_audios/generated_H3_128C_pruned50/61-70968-0002_generated.wav | RTF: 0.2881(0.856s / 2.970s) | Generator RTF: 0.2870(0.852s / 2.970s)
generated_audios/generated_H3_128C_pruned50/61-70968-0003_generated.wav | RTF: 0.0282(0.122s / 4.315s) | Generator RTF: 0.0274(0.118s / 4.315s)
generated_audios/generated_H3_128C_pruned50/61-70968-0004_generated.wav | RTF: 0.2920(1.134s / 3.885s) | Generator RTF: 0.2911(1.131s / 3.885s)
generated_audios/generated_H3_128C_pruned50/61-70968-0005_generated.wav | RTF: 0.0263(0.133s / 5.070s) | Generator RTF: 0.0256(0.130s / 5.070s)
generated_audios/generated_H3_128C_pruned50/61-70968-0006_generated.wav | RTF: 0.2739(0.804s / 2.935s) | Generator RTF: 0.2727(0.801s / 2.935s)
generated_audios/generated_H3_128C_pruned50/61-70968-0007_generated.wav | RTF: 0.0282(0.100s / 3.550s) | Generator RTF: 0.0274(0.097s / 3.550s)
generated_audios/generated_H3_128C_pruned50/61-70968-0008_generated.wav | RTF: 0.0277(0.098s / 3.535s) | Generator RTF: 0.0268(0.095s / 3.535s)
generated_audios/generated_H3_128C_pruned50/61-70968-0009_generated.wav | RTF: 0.2939(1.325s / 4.510s) | Generator RTF: 0.2931(1.322s / 4.510s)
generated_audios/generated_H3_128C_pruned50/61-70968-0010_generated.wav | RTF: 0.2815(2.335s / 8.295s) | Generator RTF: 0.2810(2.331s / 8.295s)
generated_audios/generated_H3_128C_pruned50/61-70968-0011_generated.wav | RTF: 0.2807(1.789s / 6.375s) | Generator RTF: 0.2801(1.786s / 6.375s)
generated_audios/generated_H3_128C_pruned50/61-70968-0012_generated.wav | RTF: 0.0315(0.082s / 2.610s) | Generator RTF: 0.0303(0.079s / 2.610s)
generated_audios/generated_H3_128C_pruned50/61-70968-0013_generated.wav | RTF: 0.0267(0.119s / 4.450s) | Generator RTF: 0.0259(0.115s / 4.450s)
generated_audios/generated_H3_128C_pruned50/61-70968-0014_generated.wav | RTF: 0.2960(2.216s / 7.485s) | Generator RTF: 0.2955(2.212s / 7.485s)
generated_audios/generated_H3_128C_pruned50/61-70968-0015_generated.wav | RTF: 0.2810(1.510s / 5.375s) | Generator RTF: 0.2804(1.507s / 5.375s)
generated_audios/generated_H3_128C_pruned50/61-70968-0016_generated.wav | RTF: 0.2935(1.092s / 3.720s) | Generator RTF: 0.2926(1.089s / 3.720s)
generated_audios/generated_H3_128C_pruned50/61-70968-0017_generated.wav | RTF: 0.2972(1.519s / 5.110s) | Generator RTF: 0.2966(1.515s / 5.110s)
generated_audios/generated_H3_128C_pruned50/61-70968-0018_generated.wav | RTF: 0.2882(0.693s / 2.405s) | Generator RTF: 0.2870(0.690s / 2.405s)
generated_audios/generated_H3_128C_pruned50/61-70968-0019_generated.wav | RTF: 0.2830(1.550s / 5.475s) | Generator RTF: 0.2824(1.546s / 5.475s)
generated_audios/generated_H3_128C_pruned50/61-70968-0020_generated.wav | RTF: 0.3033(1.548s / 5.105s) | Generator RTF: 0.3026(1.545s / 5.105s)
generated_audios/generated_H3_128C_pruned50/61-70968-0021_generated.wav | RTF: 0.2764(0.744s / 2.690s) | Generator RTF: 0.2752(0.740s / 2.690s)
generated_audios/generated_H3_128C_pruned50/61-70968-0022_generated.wav | RTF: 0.0299(0.140s / 4.670s) | Generator RTF: 0.0292(0.136s / 4.670s)
generated_audios/generated_H3_128C_pruned50/61-70968-0023_generated.wav | RTF: 0.0274(0.138s / 5.025s) | Generator RTF: 0.0268(0.134s / 5.025s)
generated_audios/generated_H3_128C_pruned50/61-70968-0024_generated.wav | RTF: 0.2994(1.804s / 6.025s) | Generator RTF: 0.2987(1.800s / 6.025s)
generated_audios/generated_H3_128C_pruned50/61-70968-0025_generated.wav | RTF: 0.0263(0.116s / 4.410s) | Generator RTF: 0.0255(0.112s / 4.410s)
generated_audios/generated_H3_128C_pruned50/61-70968-0026_generated.wav | RTF: 0.2808(1.382s / 4.920s) | Generator RTF: 0.2802(1.378s / 4.920s)
generated_audios/generated_H3_128C_pruned50/61-70968-0027_generated.wav | RTF: 0.2851(1.959s / 6.870s) | Generator RTF: 0.2846(1.955s / 6.870s)
generated_audios/generated_H3_128C_pruned50/61-70968-0028_generated.wav | RTF: 0.3040(1.628s / 5.355s) | Generator RTF: 0.3034(1.625s / 5.355s)
generated_audios/generated_H3_128C_pruned50/61-70968-0029_generated.wav | RTF: 0.2948(1.030s / 3.495s) | Generator RTF: 0.2938(1.027s / 3.495s)
generated_audios/generated_H3_128C_pruned50/61-70968-0030_generated.wav | RTF: 0.2860(1.626s / 5.685s) | Generator RTF: 0.2853(1.622s / 5.685s)
generated_audios/generated_H3_128C_pruned50/61-70968-0031_generated.wav | RTF: 0.2997(0.876s / 2.925s) | Generator RTF: 0.2985(0.873s / 2.925s)
generated_audios/generated_H3_128C_pruned50/61-70968-0032_generated.wav | RTF: 0.0271(0.116s / 4.280s) | Generator RTF: 0.0263(0.113s / 4.280s)
generated_audios/generated_H3_128C_pruned50/61-70968-0033_generated.wav | RTF: 0.0210(0.120s / 5.685s) | Generator RTF: 0.0204(0.116s / 5.685s)
generated_audios/generated_H3_128C_pruned50/61-70968-0034_generated.wav | RTF: 0.2988(1.264s / 4.230s) | Generator RTF: 0.2979(1.260s / 4.230s)
generated_audios/generated_H3_128C_pruned50/61-70968-0035_generated.wav | RTF: 0.2862(2.276s / 7.950s) | Generator RTF: 0.2857(2.272s / 7.950s)
generated_audios/generated_H3_128C_pruned50/61-70968-0036_generated.wav | RTF: 0.0310(0.091s / 2.935s) | Generator RTF: 0.0298(0.088s / 2.935s)
generated_audios/generated_H3_128C_pruned50/61-70968-0037_generated.wav | RTF: 0.0272(0.117s / 4.315s) | Generator RTF: 0.0264(0.114s / 4.315s)
generated_audios/generated_H3_128C_pruned50/61-70968-0038_generated.wav | RTF: 0.2813(0.577s / 2.050s) | Generator RTF: 0.2798(0.574s / 2.050s)
generated_audios/generated_H3_128C_pruned50/61-70968-0039_generated.wav | RTF: 0.2851(1.085s / 3.805s) | Generator RTF: 0.2843(1.082s / 3.805s)
generated_audios/generated_H3_128C_pruned50/61-70968-0040_generated.wav | RTF: 0.3002(1.186s / 3.950s) | Generator RTF: 0.2993(1.182s / 3.950s)
generated_audios/generated_H3_128C_pruned50/61-70968-0041_generated.wav | RTF: 0.0258(0.176s / 6.825s) | Generator RTF: 0.0253(0.173s / 6.825s)
generated_audios/generated_H3_128C_pruned50/61-70968-0042_generated.wav | RTF: 0.0299(0.083s / 2.785s) | Generator RTF: 0.0287(0.080s / 2.785s)
generated_audios/generated_H3_128C_pruned50/61-70968-0043_generated.wav | RTF: 0.3029(2.040s / 6.735s) | Generator RTF: 0.3023(2.036s / 6.735s)
generated_audios/generated_H3_128C_pruned50/61-70968-0044_generated.wav | RTF: 0.0306(0.085s / 2.770s) | Generator RTF: 0.0295(0.082s / 2.770s)
generated_audios/generated_H3_128C_pruned50/61-70968-0045_generated.wav | RTF: 0.0282(0.098s / 3.475s) | Generator RTF: 0.0273(0.095s / 3.475s)
generated_audios/generated_H3_128C_pruned50/61-70968-0046_generated.wav | RTF: 0.0288(0.102s / 3.550s) | Generator RTF: 0.0279(0.099s / 3.550s)
generated_audios/generated_H3_128C_pruned50/61-70968-0047_generated.wav | RTF: 0.2831(1.352s / 4.775s) | Generator RTF: 0.2824(1.348s / 4.775s)
generated_audios/generated_H3_128C_pruned50/61-70968-0048_generated.wav | RTF: 0.2956(0.893s / 3.020s) | Generator RTF: 0.2945(0.889s / 3.020s)
generated_audios/generated_H3_128C_pruned50/61-70968-0049_generated.wav | RTF: 0.3035(2.504s / 8.250s) | Generator RTF: 0.3030(2.500s / 8.250s)
generated_audios/generated_H3_128C_pruned50/61-70968-0050_generated.wav | RTF: 0.2869(1.601s / 5.580s) | Generator RTF: 0.2863(1.597s / 5.580s)
generated_audios/generated_H3_128C_pruned50/61-70968-0051_generated.wav | RTF: 0.2872(0.901s / 3.135s) | Generator RTF: 0.2862(0.897s / 3.135s)
generated_audios/generated_H3_128C_pruned50/61-70968-0052_generated.wav | RTF: 0.2748(0.728s / 2.650s) | Generator RTF: 0.2736(0.725s / 2.650s)
generated_audios/generated_H3_128C_pruned50/61-70968-0053_generated.wav | RTF: 0.0307(0.130s / 4.220s) | Generator RTF: 0.0299(0.126s / 4.220s)
generated_audios/generated_H3_128C_pruned50/61-70968-0054_generated.wav | RTF: 0.2933(2.305s / 7.860s) | Generator RTF: 0.2928(2.302s / 7.860s)
generated_audios/generated_H3_128C_pruned50/61-70968-0055_generated.wav | RTF: 0.0276(0.109s / 3.965s) | Generator RTF: 0.0266(0.106s / 3.965s)
generated_audios/generated_H3_128C_pruned50/61-70968-0056_generated.wav | RTF: 0.2780(0.991s / 3.565s) | Generator RTF: 0.2771(0.988s / 3.565s)
generated_audios/generated_H3_128C_pruned50/61-70968-0057_generated.wav | RTF: 0.0274(0.139s / 5.065s) | Generator RTF: 0.0268(0.136s / 5.065s)
generated_audios/generated_H3_128C_pruned50/61-70968-0058_generated.wav | RTF: 0.2555(0.465s / 1.820s) | Generator RTF: 0.2537(0.462s / 1.820s)
generated_audios/generated_H3_128C_pruned50/61-70968-0059_generated.wav | RTF: 0.0325(0.071s / 2.170s) | Generator RTF: 0.0312(0.068s / 2.170s)
generated_audios/generated_H3_128C_pruned50/61-70968-0060_generated.wav | RTF: 0.0312(0.117s / 3.735s) | Generator RTF: 0.0303(0.113s / 3.735s)
generated_audios/generated_H3_128C_pruned50/61-70968-0061_generated.wav | RTF: 0.2931(1.621s / 5.530s) | Generator RTF: 0.2925(1.618s / 5.530s)
generated_audios/generated_H3_128C_pruned50/61-70968-0062_generated.wav | RTF: 0.0312(0.080s / 2.555s) | Generator RTF: 0.0299(0.076s / 2.555s)
generated_audios/generated_H3_128C_pruned50/61-70970-0000_generated.wav | RTF: 0.2977(1.809s / 6.075s) | Generator RTF: 0.2971(1.805s / 6.075s)
generated_audios/generated_H3_128C_pruned50/61-70970-0001_generated.wav | RTF: 0.2922(1.798s / 6.155s) | Generator RTF: 0.2916(1.795s / 6.155s)
generated_audios/generated_H3_128C_pruned50/61-70970-0002_generated.wav | RTF: 0.2967(1.236s / 4.165s) | Generator RTF: 0.2959(1.232s / 4.165s)
generated_audios/generated_H3_128C_pruned50/61-70970-0003_generated.wav | RTF: 0.2893(1.109s / 3.835s) | Generator RTF: 0.2885(1.106s / 3.835s)
generated_audios/generated_H3_128C_pruned50/61-70970-0004_generated.wav | RTF: 0.2990(3.144s / 10.515s) | Generator RTF: 0.2986(3.140s / 10.515s)
generated_audios/generated_H3_128C_pruned50/61-70970-0005_generated.wav | RTF: 0.2828(0.571s / 2.020s) | Generator RTF: 0.2814(0.568s / 2.020s)
generated_audios/generated_H3_128C_pruned50/61-70970-0006_generated.wav | RTF: 0.3000(0.700s / 2.335s) | Generator RTF: 0.2986(0.697s / 2.335s)
generated_audios/generated_H3_128C_pruned50/61-70970-0007_generated.wav | RTF: 0.3074(1.379s / 4.485s) | Generator RTF: 0.3066(1.375s / 4.485s)
generated_audios/generated_H3_128C_pruned50/61-70970-0008_generated.wav | RTF: 0.3085(0.663s / 2.150s) | Generator RTF: 0.3071(0.660s / 2.150s)
generated_audios/generated_H3_128C_pruned50/61-70970-0009_generated.wav | RTF: 0.3178(1.082s / 3.405s) | Generator RTF: 0.3168(1.079s / 3.405s)
generated_audios/generated_H3_128C_pruned50/61-70970-0010_generated.wav | RTF: 0.0286(0.087s / 3.045s) | Generator RTF: 0.0275(0.084s / 3.045s)
generated_audios/generated_H3_128C_pruned50/61-70970-0011_generated.wav | RTF: 0.0243(0.148s / 6.075s) | Generator RTF: 0.0237(0.144s / 6.075s)
generated_audios/generated_H3_128C_pruned50/61-70970-0012_generated.wav | RTF: 0.0304(0.095s / 3.135s) | Generator RTF: 0.0293(0.092s / 3.135s)
generated_audios/generated_H3_128C_pruned50/61-70970-0013_generated.wav | RTF: 0.3022(1.315s / 4.350s) | Generator RTF: 0.3015(1.311s / 4.350s)
generated_audios/generated_H3_128C_pruned50/61-70970-0014_generated.wav | RTF: 0.0220(0.075s / 3.405s) | Generator RTF: 0.0210(0.071s / 3.405s)
generated_audios/generated_H3_128C_pruned50/61-70970-0015_generated.wav | RTF: 0.3048(2.565s / 8.415s) | Generator RTF: 0.3043(2.561s / 8.415s)
generated_audios/generated_H3_128C_pruned50/61-70970-0016_generated.wav | RTF: 0.3055(1.335s / 4.370s) | Generator RTF: 0.3047(1.332s / 4.370s)
generated_audios/generated_H3_128C_pruned50/61-70970-0017_generated.wav | RTF: 0.0306(0.078s / 2.550s) | Generator RTF: 0.0293(0.075s / 2.550s)
generated_audios/generated_H3_128C_pruned50/61-70970-0018_generated.wav | RTF: 0.2834(1.304s / 4.600s) | Generator RTF: 0.2827(1.300s / 4.600s)
generated_audios/generated_H3_128C_pruned50/61-70970-0019_generated.wav | RTF: 0.2958(1.118s / 3.780s) | Generator RTF: 0.2949(1.115s / 3.780s)
generated_audios/generated_H3_128C_pruned50/61-70970-0020_generated.wav | RTF: 0.0265(0.133s / 5.025s) | Generator RTF: 0.0258(0.130s / 5.025s)
generated_audios/generated_H3_128C_pruned50/61-70970-0021_generated.wav | RTF: 0.2828(1.529s / 5.405s) | Generator RTF: 0.2822(1.525s / 5.405s)
generated_audios/generated_H3_128C_pruned50/61-70970-0022_generated.wav | RTF: 0.0270(0.107s / 3.970s) | Generator RTF: 0.0261(0.104s / 3.970s)
generated_audios/generated_H3_128C_pruned50/61-70970-0023_generated.wav | RTF: 0.0278(0.103s / 3.705s) | Generator RTF: 0.0268(0.099s / 3.705s)
generated_audios/generated_H3_128C_pruned50/61-70970-0024_generated.wav | RTF: 0.2960(2.142s / 7.235s) | Generator RTF: 0.2955(2.138s / 7.235s)
generated_audios/generated_H3_128C_pruned50/61-70970-0025_generated.wav | RTF: 0.2982(2.217s / 7.435s) | Generator RTF: 0.2976(2.213s / 7.435s)
generated_audios/generated_H3_128C_pruned50/61-70970-0026_generated.wav | RTF: 0.0286(0.156s / 5.475s) | Generator RTF: 0.0279(0.153s / 5.475s)
generated_audios/generated_H3_128C_pruned50/61-70970-0027_generated.wav | RTF: 0.0253(0.129s / 5.080s) | Generator RTF: 0.0246(0.125s / 5.080s)
generated_audios/generated_H3_128C_pruned50/61-70970-0028_generated.wav | RTF: 0.0268(0.175s / 6.550s) | Generator RTF: 0.0262(0.171s / 6.550s)
generated_audios/generated_H3_128C_pruned50/61-70970-0029_generated.wav | RTF: 0.0268(0.108s / 4.030s) | Generator RTF: 0.0259(0.104s / 4.030s)
generated_audios/generated_H3_128C_pruned50/61-70970-0030_generated.wav | RTF: 0.0286(0.093s / 3.240s) | Generator RTF: 0.0276(0.089s / 3.240s)
generated_audios/generated_H3_128C_pruned50/61-70970-0031_generated.wav | RTF: 0.2956(1.518s / 5.135s) | Generator RTF: 0.2949(1.514s / 5.135s)
generated_audios/generated_H3_128C_pruned50/61-70970-0032_generated.wav | RTF: 0.0284(0.089s / 3.135s) | Generator RTF: 0.0274(0.086s / 3.135s)
generated_audios/generated_H3_128C_pruned50/61-70970-0033_generated.wav | RTF: 0.2773(0.948s / 3.420s) | Generator RTF: 0.2764(0.945s / 3.420s)
generated_audios/generated_H3_128C_pruned50/61-70970-0034_generated.wav | RTF: 0.0258(0.116s / 4.485s) | Generator RTF: 0.0250(0.112s / 4.485s)
generated_audios/generated_H3_128C_pruned50/61-70970-0035_generated.wav | RTF: 0.0262(0.194s / 7.405s) | Generator RTF: 0.0257(0.190s / 7.405s)
generated_audios/generated_H3_128C_pruned50/61-70970-0036_generated.wav | RTF: 0.0261(0.177s / 6.785s) | Generator RTF: 0.0255(0.173s / 6.785s)
generated_audios/generated_H3_128C_pruned50/61-70970-0037_generated.wav | RTF: 0.2939(1.758s / 5.980s) | Generator RTF: 0.2933(1.754s / 5.980s)
generated_audios/generated_H3_128C_pruned50/61-70970-0038_generated.wav | RTF: 0.2968(3.087s / 10.400s) | Generator RTF: 0.2964(3.082s / 10.400s)
generated_audios/generated_H3_128C_pruned50/61-70970-0039_generated.wav | RTF: 0.0254(0.169s / 6.665s) | Generator RTF: 0.0248(0.165s / 6.665s)
generated_audios/generated_H3_128C_pruned50/61-70970-0040_generated.wav | RTF: 0.0267(0.111s / 4.165s) | Generator RTF: 0.0258(0.107s / 4.165s)
generated_audios/generated_H3_128C_pruned50/672-122797-0000_generated.wav | RTF: 0.2979(1.212s / 4.070s) | Generator RTF: 0.2971(1.209s / 4.070s)
generated_audios/generated_H3_128C_pruned50/672-122797-0001_generated.wav | RTF: 0.3098(4.688s / 15.130s) | Generator RTF: 0.3096(4.684s / 15.130s)
generated_audios/generated_H3_128C_pruned50/672-122797-0002_generated.wav | RTF: 0.2848(3.878s / 13.620s) | Generator RTF: 0.2844(3.874s / 13.620s)
generated_audios/generated_H3_128C_pruned50/672-122797-0003_generated.wav | RTF: 0.3005(1.430s / 4.760s) | Generator RTF: 0.2997(1.426s / 4.760s)
generated_audios/generated_H3_128C_pruned50/672-122797-0004_generated.wav | RTF: 0.2906(2.978s / 10.250s) | Generator RTF: 0.2902(2.974s / 10.250s)
generated_audios/generated_H3_128C_pruned50/672-122797-0005_generated.wav | RTF: 0.2927(0.954s / 3.260s) | Generator RTF: 0.2916(0.951s / 3.260s)
generated_audios/generated_H3_128C_pruned50/672-122797-0006_generated.wav | RTF: 0.3141(4.382s / 13.950s) | Generator RTF: 0.3138(4.377s / 13.950s)
generated_audios/generated_H3_128C_pruned50/672-122797-0007_generated.wav | RTF: 0.2955(1.897s / 6.420s) | Generator RTF: 0.2949(1.893s / 6.420s)
generated_audios/generated_H3_128C_pruned50/672-122797-0008_generated.wav | RTF: 0.3071(9.462s / 30.810s) | Generator RTF: 0.3069(9.455s / 30.810s)
generated_audios/generated_H3_128C_pruned50/672-122797-0009_generated.wav | RTF: 0.0302(0.084s / 2.765s) | Generator RTF: 0.0291(0.081s / 2.765s)
generated_audios/generated_H3_128C_pruned50/672-122797-0010_generated.wav | RTF: 0.0280(0.107s / 3.815s) | Generator RTF: 0.0271(0.103s / 3.815s)
generated_audios/generated_H3_128C_pruned50/672-122797-0011_generated.wav | RTF: 0.3092(0.785s / 2.540s) | Generator RTF: 0.3079(0.782s / 2.540s)
generated_audios/generated_H3_128C_pruned50/672-122797-0012_generated.wav | RTF: 0.3100(2.407s / 7.765s) | Generator RTF: 0.3095(2.404s / 7.765s)
generated_audios/generated_H3_128C_pruned50/672-122797-0013_generated.wav | RTF: 0.3103(2.701s / 8.705s) | Generator RTF: 0.3099(2.697s / 8.705s)
generated_audios/generated_H3_128C_pruned50/672-122797-0014_generated.wav | RTF: 0.0313(0.080s / 2.555s) | Generator RTF: 0.0300(0.077s / 2.555s)
generated_audios/generated_H3_128C_pruned50/672-122797-0015_generated.wav | RTF: 0.0259(0.115s / 4.455s) | Generator RTF: 0.0252(0.112s / 4.455s)
generated_audios/generated_H3_128C_pruned50/672-122797-0016_generated.wav | RTF: 0.3004(2.768s / 9.215s) | Generator RTF: 0.3000(2.764s / 9.215s)
generated_audios/generated_H3_128C_pruned50/672-122797-0017_generated.wav | RTF: 0.2954(1.424s / 4.820s) | Generator RTF: 0.2946(1.420s / 4.820s)
generated_audios/generated_H3_128C_pruned50/672-122797-0018_generated.wav | RTF: 0.3010(1.484s / 4.930s) | Generator RTF: 0.3003(1.480s / 4.930s)
generated_audios/generated_H3_128C_pruned50/672-122797-0019_generated.wav | RTF: 0.2879(1.183s / 4.110s) | Generator RTF: 0.2870(1.179s / 4.110s)
generated_audios/generated_H3_128C_pruned50/672-122797-0020_generated.wav | RTF: 0.3035(2.679s / 8.825s) | Generator RTF: 0.3030(2.674s / 8.825s)
generated_audios/generated_H3_128C_pruned50/672-122797-0021_generated.wav | RTF: 0.0281(0.116s / 4.150s) | Generator RTF: 0.0272(0.113s / 4.150s)
generated_audios/generated_H3_128C_pruned50/672-122797-0022_generated.wav | RTF: 0.3055(5.807s / 19.005s) | Generator RTF: 0.3053(5.802s / 19.005s)
generated_audios/generated_H3_128C_pruned50/672-122797-0023_generated.wav | RTF: 0.2970(2.880s / 9.695s) | Generator RTF: 0.2967(2.877s / 9.695s)
generated_audios/generated_H3_128C_pruned50/672-122797-0024_generated.wav | RTF: 0.2919(1.206s / 4.130s) | Generator RTF: 0.2910(1.202s / 4.130s)
generated_audios/generated_H3_128C_pruned50/672-122797-0025_generated.wav | RTF: 0.3022(3.230s / 10.690s) | Generator RTF: 0.3018(3.226s / 10.690s)
generated_audios/generated_H3_128C_pruned50/672-122797-0026_generated.wav | RTF: 0.3103(4.331s / 13.960s) | Generator RTF: 0.3099(4.327s / 13.960s)
generated_audios/generated_H3_128C_pruned50/672-122797-0027_generated.wav | RTF: 0.0259(0.124s / 4.790s) | Generator RTF: 0.0252(0.121s / 4.790s)
generated_audios/generated_H3_128C_pruned50/672-122797-0028_generated.wav | RTF: 0.0322(0.084s / 2.610s) | Generator RTF: 0.0310(0.081s / 2.610s)
generated_audios/generated_H3_128C_pruned50/672-122797-0029_generated.wav | RTF: 0.0290(0.089s / 3.050s) | Generator RTF: 0.0280(0.085s / 3.050s)
generated_audios/generated_H3_128C_pruned50/672-122797-0030_generated.wav | RTF: 0.2952(1.350s / 4.575s) | Generator RTF: 0.2944(1.347s / 4.575s)
generated_audios/generated_H3_128C_pruned50/672-122797-0031_generated.wav | RTF: 0.0306(0.122s / 3.980s) | Generator RTF: 0.0298(0.119s / 3.980s)
generated_audios/generated_H3_128C_pruned50/672-122797-0032_generated.wav | RTF: 0.0280(0.112s / 4.000s) | Generator RTF: 0.0271(0.108s / 4.000s)
generated_audios/generated_H3_128C_pruned50/672-122797-0033_generated.wav | RTF: 0.2668(0.343s / 1.285s) | Generator RTF: 0.2645(0.340s / 1.285s)
generated_audios/generated_H3_128C_pruned50/672-122797-0034_generated.wav | RTF: 0.0252(0.129s / 5.110s) | Generator RTF: 0.0245(0.125s / 5.110s)
generated_audios/generated_H3_128C_pruned50/672-122797-0035_generated.wav | RTF: 0.0296(0.086s / 2.900s) | Generator RTF: 0.0285(0.083s / 2.900s)
generated_audios/generated_H3_128C_pruned50/672-122797-0036_generated.wav | RTF: 0.0255(0.137s / 5.365s) | Generator RTF: 0.0249(0.133s / 5.365s)
generated_audios/generated_H3_128C_pruned50/672-122797-0037_generated.wav | RTF: 0.2843(0.557s / 1.960s) | Generator RTF: 0.2827(0.554s / 1.960s)
generated_audios/generated_H3_128C_pruned50/672-122797-0038_generated.wav | RTF: 0.3054(2.687s / 8.800s) | Generator RTF: 0.3049(2.683s / 8.800s)
generated_audios/generated_H3_128C_pruned50/672-122797-0039_generated.wav | RTF: 0.2994(1.205s / 4.025s) | Generator RTF: 0.2984(1.201s / 4.025s)
generated_audios/generated_H3_128C_pruned50/672-122797-0040_generated.wav | RTF: 0.0259(0.132s / 5.125s) | Generator RTF: 0.0251(0.129s / 5.125s)
generated_audios/generated_H3_128C_pruned50/672-122797-0041_generated.wav | RTF: 0.0269(0.104s / 3.880s) | Generator RTF: 0.0260(0.101s / 3.880s)
generated_audios/generated_H3_128C_pruned50/672-122797-0042_generated.wav | RTF: 0.3073(4.705s / 15.310s) | Generator RTF: 0.3071(4.701s / 15.310s)
generated_audios/generated_H3_128C_pruned50/672-122797-0043_generated.wav | RTF: 0.0280(0.106s / 3.780s) | Generator RTF: 0.0270(0.102s / 3.780s)
generated_audios/generated_H3_128C_pruned50/672-122797-0044_generated.wav | RTF: 0.0276(0.103s / 3.740s) | Generator RTF: 0.0267(0.100s / 3.740s)
generated_audios/generated_H3_128C_pruned50/672-122797-0045_generated.wav | RTF: 0.0252(0.352s / 13.960s) | Generator RTF: 0.0249(0.348s / 13.960s)
generated_audios/generated_H3_128C_pruned50/672-122797-0046_generated.wav | RTF: 0.2976(1.403s / 4.715s) | Generator RTF: 0.2969(1.400s / 4.715s)
generated_audios/generated_H3_128C_pruned50/672-122797-0047_generated.wav | RTF: 0.2950(0.981s / 3.325s) | Generator RTF: 0.2940(0.978s / 3.325s)
generated_audios/generated_H3_128C_pruned50/672-122797-0048_generated.wav | RTF: 0.0278(0.182s / 6.555s) | Generator RTF: 0.0273(0.179s / 6.555s)
generated_audios/generated_H3_128C_pruned50/672-122797-0049_generated.wav | RTF: 0.0329(0.066s / 2.020s) | Generator RTF: 0.0313(0.063s / 2.020s)
generated_audios/generated_H3_128C_pruned50/672-122797-0050_generated.wav | RTF: 0.2979(1.446s / 4.855s) | Generator RTF: 0.2972(1.443s / 4.855s)
generated_audios/generated_H3_128C_pruned50/672-122797-0051_generated.wav | RTF: 0.3050(1.423s / 4.665s) | Generator RTF: 0.3045(1.421s / 4.665s)
generated_audios/generated_H3_128C_pruned50/672-122797-0052_generated.wav | RTF: 0.2896(1.241s / 4.285s) | Generator RTF: 0.2888(1.237s / 4.285s)
generated_audios/generated_H3_128C_pruned50/672-122797-0053_generated.wav | RTF: 0.0294(0.087s / 2.955s) | Generator RTF: 0.0283(0.084s / 2.955s)
generated_audios/generated_H3_128C_pruned50/672-122797-0054_generated.wav | RTF: 0.0298(0.126s / 4.250s) | Generator RTF: 0.0290(0.123s / 4.250s)
generated_audios/generated_H3_128C_pruned50/672-122797-0055_generated.wav | RTF: 0.2860(2.354s / 8.230s) | Generator RTF: 0.2855(2.350s / 8.230s)
generated_audios/generated_H3_128C_pruned50/672-122797-0056_generated.wav | RTF: 0.0263(0.137s / 5.225s) | Generator RTF: 0.0256(0.134s / 5.225s)
generated_audios/generated_H3_128C_pruned50/672-122797-0057_generated.wav | RTF: 0.0261(0.171s / 6.560s) | Generator RTF: 0.0255(0.167s / 6.560s)
generated_audios/generated_H3_128C_pruned50/672-122797-0058_generated.wav | RTF: 0.3000(1.341s / 4.470s) | Generator RTF: 0.2992(1.338s / 4.470s)
generated_audios/generated_H3_128C_pruned50/672-122797-0059_generated.wav | RTF: 0.2932(1.032s / 3.520s) | Generator RTF: 0.2923(1.029s / 3.520s)
generated_audios/generated_H3_128C_pruned50/672-122797-0060_generated.wav | RTF: 0.0292(0.098s / 3.350s) | Generator RTF: 0.0282(0.094s / 3.350s)
generated_audios/generated_H3_128C_pruned50/672-122797-0061_generated.wav | RTF: 0.3108(2.359s / 7.590s) | Generator RTF: 0.3103(2.355s / 7.590s)
generated_audios/generated_H3_128C_pruned50/672-122797-0062_generated.wav | RTF: 0.3053(0.817s / 2.675s) | Generator RTF: 0.3041(0.813s / 2.675s)
generated_audios/generated_H3_128C_pruned50/672-122797-0063_generated.wav | RTF: 0.0251(0.127s / 5.075s) | Generator RTF: 0.0244(0.124s / 5.075s)
generated_audios/generated_H3_128C_pruned50/672-122797-0064_generated.wav | RTF: 0.3053(4.662s / 15.270s) | Generator RTF: 0.3050(4.658s / 15.270s)
generated_audios/generated_H3_128C_pruned50/672-122797-0065_generated.wav | RTF: 0.0292(0.089s / 3.030s) | Generator RTF: 0.0281(0.085s / 3.030s)
generated_audios/generated_H3_128C_pruned50/672-122797-0066_generated.wav | RTF: 0.0268(0.129s / 4.815s) | Generator RTF: 0.0260(0.125s / 4.815s)
generated_audios/generated_H3_128C_pruned50/672-122797-0067_generated.wav | RTF: 0.2901(3.781s / 13.035s) | Generator RTF: 0.2898(3.777s / 13.035s)
generated_audios/generated_H3_128C_pruned50/672-122797-0068_generated.wav | RTF: 0.0284(0.114s / 4.020s) | Generator RTF: 0.0275(0.111s / 4.020s)
generated_audios/generated_H3_128C_pruned50/672-122797-0069_generated.wav | RTF: 0.3059(1.533s / 5.010s) | Generator RTF: 0.3052(1.529s / 5.010s)
generated_audios/generated_H3_128C_pruned50/672-122797-0070_generated.wav | RTF: 0.2826(1.772s / 6.270s) | Generator RTF: 0.2821(1.769s / 6.270s)
generated_audios/generated_H3_128C_pruned50/672-122797-0071_generated.wav | RTF: 0.3030(2.689s / 8.875s) | Generator RTF: 0.3025(2.685s / 8.875s)
generated_audios/generated_H3_128C_pruned50/672-122797-0072_generated.wav | RTF: 0.3089(2.453s / 7.940s) | Generator RTF: 0.3084(2.449s / 7.940s)
generated_audios/generated_H3_128C_pruned50/672-122797-0073_generated.wav | RTF: 0.3073(2.522s / 8.205s) | Generator RTF: 0.3068(2.517s / 8.205s)
generated_audios/generated_H3_128C_pruned50/672-122797-0074_generated.wav | RTF: 0.3070(2.680s / 8.730s) | Generator RTF: 0.3066(2.677s / 8.730s)
generated_audios/generated_H3_128C_pruned50/908-157963-0000_generated.wav | RTF: 0.2890(3.648s / 12.620s) | Generator RTF: 0.2887(3.643s / 12.620s)
generated_audios/generated_H3_128C_pruned50/908-157963-0001_generated.wav | RTF: 0.3009(0.868s / 2.885s) | Generator RTF: 0.2997(0.865s / 2.885s)
generated_audios/generated_H3_128C_pruned50/908-157963-0002_generated.wav | RTF: 0.3007(0.829s / 2.755s) | Generator RTF: 0.2995(0.825s / 2.755s)
generated_audios/generated_H3_128C_pruned50/908-157963-0003_generated.wav | RTF: 0.3015(0.929s / 3.080s) | Generator RTF: 0.3004(0.925s / 3.080s)
generated_audios/generated_H3_128C_pruned50/908-157963-0004_generated.wav | RTF: 0.3025(4.233s / 13.990s) | Generator RTF: 0.3022(4.228s / 13.990s)
generated_audios/generated_H3_128C_pruned50/908-157963-0005_generated.wav | RTF: 0.2966(2.087s / 7.035s) | Generator RTF: 0.2960(2.083s / 7.035s)
generated_audios/generated_H3_128C_pruned50/908-157963-0006_generated.wav | RTF: 0.3016(2.446s / 8.110s) | Generator RTF: 0.3011(2.442s / 8.110s)
generated_audios/generated_H3_128C_pruned50/908-157963-0007_generated.wav | RTF: 0.3092(10.133s / 32.770s) | Generator RTF: 0.3090(10.127s / 32.770s)
generated_audios/generated_H3_128C_pruned50/908-157963-0008_generated.wav | RTF: 0.3065(6.114s / 19.950s) | Generator RTF: 0.3062(6.109s / 19.950s)
generated_audios/generated_H3_128C_pruned50/908-157963-0009_generated.wav | RTF: 0.3044(1.236s / 4.060s) | Generator RTF: 0.3037(1.233s / 4.060s)
generated_audios/generated_H3_128C_pruned50/908-157963-0010_generated.wav | RTF: 0.0253(0.159s / 6.280s) | Generator RTF: 0.0248(0.155s / 6.280s)
generated_audios/generated_H3_128C_pruned50/908-157963-0011_generated.wav | RTF: 0.0256(0.266s / 10.395s) | Generator RTF: 0.0252(0.262s / 10.395s)
generated_audios/generated_H3_128C_pruned50/908-157963-0012_generated.wav | RTF: 0.2973(3.000s / 10.090s) | Generator RTF: 0.2968(2.995s / 10.090s)
generated_audios/generated_H3_128C_pruned50/908-157963-0013_generated.wav | RTF: 0.0281(0.121s / 4.315s) | Generator RTF: 0.0274(0.118s / 4.315s)
generated_audios/generated_H3_128C_pruned50/908-157963-0014_generated.wav | RTF: 0.0277(0.125s / 4.520s) | Generator RTF: 0.0268(0.121s / 4.520s)
generated_audios/generated_H3_128C_pruned50/908-157963-0015_generated.wav | RTF: 0.2838(4.105s / 14.465s) | Generator RTF: 0.2835(4.101s / 14.465s)
generated_audios/generated_H3_128C_pruned50/908-157963-0016_generated.wav | RTF: 0.0267(0.136s / 5.105s) | Generator RTF: 0.0259(0.132s / 5.105s)
generated_audios/generated_H3_128C_pruned50/908-157963-0017_generated.wav | RTF: 0.2844(1.408s / 4.950s) | Generator RTF: 0.2837(1.404s / 4.950s)
generated_audios/generated_H3_128C_pruned50/908-157963-0018_generated.wav | RTF: 0.0308(0.131s / 4.255s) | Generator RTF: 0.0300(0.128s / 4.255s)
generated_audios/generated_H3_128C_pruned50/908-157963-0019_generated.wav | RTF: 0.3093(6.632s / 21.440s) | Generator RTF: 0.3091(6.627s / 21.440s)
generated_audios/generated_H3_128C_pruned50/908-157963-0020_generated.wav | RTF: 0.3028(2.967s / 9.800s) | Generator RTF: 0.3024(2.963s / 9.800s)
generated_audios/generated_H3_128C_pruned50/908-157963-0021_generated.wav | RTF: 0.0267(0.273s / 10.240s) | Generator RTF: 0.0263(0.269s / 10.240s)
generated_audios/generated_H3_128C_pruned50/908-157963-0022_generated.wav | RTF: 0.3062(1.411s / 4.610s) | Generator RTF: 0.3055(1.408s / 4.610s)
generated_audios/generated_H3_128C_pruned50/908-157963-0023_generated.wav | RTF: 0.3103(2.987s / 9.625s) | Generator RTF: 0.3099(2.983s / 9.625s)
generated_audios/generated_H3_128C_pruned50/908-157963-0024_generated.wav | RTF: 0.3090(1.063s / 3.440s) | Generator RTF: 0.3080(1.060s / 3.440s)
generated_audios/generated_H3_128C_pruned50/908-157963-0025_generated.wav | RTF: 0.2882(2.671s / 9.265s) | Generator RTF: 0.2878(2.666s / 9.265s)
generated_audios/generated_H3_128C_pruned50/908-157963-0026_generated.wav | RTF: 0.2986(2.418s / 8.100s) | Generator RTF: 0.2981(2.414s / 8.100s)
generated_audios/generated_H3_128C_pruned50/908-157963-0027_generated.wav | RTF: 0.0266(0.139s / 5.225s) | Generator RTF: 0.0259(0.135s / 5.225s)
generated_audios/generated_H3_128C_pruned50/908-157963-0028_generated.wav | RTF: 0.0282(0.140s / 4.955s) | Generator RTF: 0.0275(0.136s / 4.955s)
generated_audios/generated_H3_128C_pruned50/908-157963-0029_generated.wav | RTF: 0.2827(1.026s / 3.630s) | Generator RTF: 0.2818(1.023s / 3.630s)
generated_audios/generated_H3_128C_pruned50/908-157963-0030_generated.wav | RTF: 0.0271(0.122s / 4.520s) | Generator RTF: 0.0262(0.119s / 4.520s)
generated_audios/generated_H3_128C_pruned50/908-31957-0000_generated.wav | RTF: 0.2883(0.613s / 2.125s) | Generator RTF: 0.2868(0.610s / 2.125s)
generated_audios/generated_H3_128C_pruned50/908-31957-0001_generated.wav | RTF: 0.3069(3.473s / 11.315s) | Generator RTF: 0.3065(3.468s / 11.315s)
generated_audios/generated_H3_128C_pruned50/908-31957-0002_generated.wav | RTF: 0.0269(0.129s / 4.790s) | Generator RTF: 0.0261(0.125s / 4.790s)
generated_audios/generated_H3_128C_pruned50/908-31957-0003_generated.wav | RTF: 0.0256(0.168s / 6.565s) | Generator RTF: 0.0251(0.164s / 6.565s)
generated_audios/generated_H3_128C_pruned50/908-31957-0004_generated.wav | RTF: 0.3104(4.581s / 14.755s) | Generator RTF: 0.3101(4.576s / 14.755s)
generated_audios/generated_H3_128C_pruned50/908-31957-0005_generated.wav | RTF: 0.0274(0.123s / 4.490s) | Generator RTF: 0.0266(0.119s / 4.490s)
generated_audios/generated_H3_128C_pruned50/908-31957-0006_generated.wav | RTF: 0.2837(1.671s / 5.890s) | Generator RTF: 0.2831(1.667s / 5.890s)
generated_audios/generated_H3_128C_pruned50/908-31957-0007_generated.wav | RTF: 0.0254(0.148s / 5.800s) | Generator RTF: 0.0248(0.144s / 5.800s)
generated_audios/generated_H3_128C_pruned50/908-31957-0008_generated.wav | RTF: 0.2810(2.811s / 10.005s) | Generator RTF: 0.2806(2.807s / 10.005s)
generated_audios/generated_H3_128C_pruned50/908-31957-0009_generated.wav | RTF: 0.2820(2.173s / 7.705s) | Generator RTF: 0.2815(2.169s / 7.705s)
generated_audios/generated_H3_128C_pruned50/908-31957-0010_generated.wav | RTF: 0.2827(0.710s / 2.510s) | Generator RTF: 0.2814(0.706s / 2.510s)
generated_audios/generated_H3_128C_pruned50/908-31957-0011_generated.wav | RTF: 0.0324(0.076s / 2.335s) | Generator RTF: 0.0310(0.072s / 2.335s)
generated_audios/generated_H3_128C_pruned50/908-31957-0012_generated.wav | RTF: 0.2978(2.268s / 7.615s) | Generator RTF: 0.2973(2.264s / 7.615s)
generated_audios/generated_H3_128C_pruned50/908-31957-0013_generated.wav | RTF: 0.2994(1.850s / 6.180s) | Generator RTF: 0.2987(1.846s / 6.180s)
generated_audios/generated_H3_128C_pruned50/908-31957-0014_generated.wav | RTF: 0.2796(2.114s / 7.560s) | Generator RTF: 0.2791(2.110s / 7.560s)
generated_audios/generated_H3_128C_pruned50/908-31957-0015_generated.wav | RTF: 0.2897(6.219s / 21.465s) | Generator RTF: 0.2895(6.214s / 21.465s)
generated_audios/generated_H3_128C_pruned50/908-31957-0016_generated.wav | RTF: 0.2825(1.831s / 6.480s) | Generator RTF: 0.2820(1.827s / 6.480s)
generated_audios/generated_H3_128C_pruned50/908-31957-0017_generated.wav | RTF: 0.2994(2.334s / 7.795s) | Generator RTF: 0.2989(2.330s / 7.795s)
generated_audios/generated_H3_128C_pruned50/908-31957-0018_generated.wav | RTF: 0.3008(1.178s / 3.915s) | Generator RTF: 0.2999(1.174s / 3.915s)
generated_audios/generated_H3_128C_pruned50/908-31957-0019_generated.wav | RTF: 0.3087(2.945s / 9.540s) | Generator RTF: 0.3083(2.941s / 9.540s)
generated_audios/generated_H3_128C_pruned50/908-31957-0020_generated.wav | RTF: 0.0285(0.168s / 5.895s) | Generator RTF: 0.0280(0.165s / 5.895s)
generated_audios/generated_H3_128C_pruned50/908-31957-0021_generated.wav | RTF: 0.2873(3.133s / 10.905s) | Generator RTF: 0.2869(3.129s / 10.905s)
generated_audios/generated_H3_128C_pruned50/908-31957-0022_generated.wav | RTF: 0.3066(4.322s / 14.100s) | Generator RTF: 0.3062(4.318s / 14.100s)
generated_audios/generated_H3_128C_pruned50/908-31957-0023_generated.wav | RTF: 0.3046(2.593s / 8.515s) | Generator RTF: 0.3040(2.589s / 8.515s)
generated_audios/generated_H3_128C_pruned50/908-31957-0024_generated.wav | RTF: 0.2979(2.246s / 7.540s) | Generator RTF: 0.2974(2.242s / 7.540s)
generated_audios/generated_H3_128C_pruned50/908-31957-0025_generated.wav | RTF: 0.3032(6.234s / 20.560s) | Generator RTF: 0.3029(6.228s / 20.560s)
Average RTF: 0.2352(743.069s / 3159.849s)
Average Generator RTF: 0.2346(741.240s / 3159.849s)
Evaluation summary:
  Mel-spectrogram L1: 0.396358
  PESQ: 1.912461
  STOI: 0.900331
Appended per-audio metrics to CSV: per_audio_results/H3_128C_Physical_pruning

Appended metrics to CSV: experiments_results.csv
========== H3: pruning 70% ==========
Initializing Inference Process..
Using device: cpu (baseline and quantized inference both run on CPU)
Loading '/home/hpc/vlbi/vlbi107v/hifi-gan/cp_hifigan/v1_c128_physical70/g_00265000'
Complete.
Checkpoint contains plain conv weights. Removing weight_norm wrappers before loading...
Removing weight norm...
Loaded checkpoint: /home/hpc/vlbi/vlbi107v/hifi-gan/cp_hifigan/v1_c128_physical70/g_00265000 (1.750 MB)
Generator parameters: 445,421
generated_audios/generated_H3_128C_pruned70/1089-134686-0000_generated.wav | RTF: 0.2860(2.985s / 10.435s) | Generator RTF: 0.2854(2.978s / 10.435s)
generated_audios/generated_H3_128C_pruned70/1089-134686-0001_generated.wav | RTF: 0.2415(0.791s / 3.275s) | Generator RTF: 0.2401(0.786s / 3.275s)
generated_audios/generated_H3_128C_pruned70/1089-134686-0002_generated.wav | RTF: 0.2652(1.757s / 6.625s) | Generator RTF: 0.2646(1.753s / 6.625s)
generated_audios/generated_H3_128C_pruned70/1089-134686-0003_generated.wav | RTF: 0.2534(0.679s / 2.680s) | Generator RTF: 0.2520(0.675s / 2.680s)
generated_audios/generated_H3_128C_pruned70/1089-134686-0004_generated.wav | RTF: 0.2534(1.322s / 5.215s) | Generator RTF: 0.2528(1.319s / 5.215s)
generated_audios/generated_H3_128C_pruned70/1089-134686-0005_generated.wav | RTF: 0.2626(2.530s / 9.635s) | Generator RTF: 0.2621(2.525s / 9.635s)
generated_audios/generated_H3_128C_pruned70/1089-134686-0006_generated.wav | RTF: 0.2648(2.795s / 10.555s) | Generator RTF: 0.2644(2.791s / 10.555s)
generated_audios/generated_H3_128C_pruned70/1089-134686-0007_generated.wav | RTF: 0.2495(1.067s / 4.275s) | Generator RTF: 0.2485(1.062s / 4.275s)
generated_audios/generated_H3_128C_pruned70/1089-134686-0008_generated.wav | RTF: 0.2417(1.626s / 6.730s) | Generator RTF: 0.2411(1.623s / 6.730s)
generated_audios/generated_H3_128C_pruned70/1089-134686-0009_generated.wav | RTF: 0.2797(2.958s / 10.575s) | Generator RTF: 0.2793(2.953s / 10.575s)
generated_audios/generated_H3_128C_pruned70/1089-134686-0010_generated.wav | RTF: 0.2525(1.112s / 4.405s) | Generator RTF: 0.2518(1.109s / 4.405s)
generated_audios/generated_H3_128C_pruned70/1089-134686-0011_generated.wav | RTF: 0.2616(3.255s / 12.445s) | Generator RTF: 0.2612(3.251s / 12.445s)
generated_audios/generated_H3_128C_pruned70/1089-134686-0012_generated.wav | RTF: 0.2686(3.127s / 11.640s) | Generator RTF: 0.2682(3.122s / 11.640s)
generated_audios/generated_H3_128C_pruned70/1089-134686-0013_generated.wav | RTF: 0.2395(1.896s / 7.915s) | Generator RTF: 0.2390(1.892s / 7.915s)
generated_audios/generated_H3_128C_pruned70/1089-134686-0014_generated.wav | RTF: 0.2499(0.556s / 2.225s) | Generator RTF: 0.2486(0.553s / 2.225s)
generated_audios/generated_H3_128C_pruned70/1089-134686-0015_generated.wav | RTF: 0.2511(1.460s / 5.815s) | Generator RTF: 0.2505(1.457s / 5.815s)
generated_audios/generated_H3_128C_pruned70/1089-134686-0016_generated.wav | RTF: 0.2495(0.883s / 3.540s) | Generator RTF: 0.2486(0.880s / 3.540s)
generated_audios/generated_H3_128C_pruned70/1089-134686-0017_generated.wav | RTF: 0.2554(2.265s / 8.870s) | Generator RTF: 0.2550(2.262s / 8.870s)
generated_audios/generated_H3_128C_pruned70/1089-134686-0018_generated.wav | RTF: 0.2601(4.089s / 15.720s) | Generator RTF: 0.2598(4.084s / 15.720s)
generated_audios/generated_H3_128C_pruned70/1089-134686-0019_generated.wav | RTF: 0.2804(3.896s / 13.895s) | Generator RTF: 0.2800(3.891s / 13.895s)
generated_audios/generated_H3_128C_pruned70/1089-134686-0020_generated.wav | RTF: 0.2637(4.427s / 16.790s) | Generator RTF: 0.2634(4.423s / 16.790s)
generated_audios/generated_H3_128C_pruned70/1089-134686-0021_generated.wav | RTF: 0.2415(1.582s / 6.550s) | Generator RTF: 0.2410(1.578s / 6.550s)
generated_audios/generated_H3_128C_pruned70/1089-134686-0022_generated.wav | RTF: 0.2597(2.902s / 11.175s) | Generator RTF: 0.2594(2.898s / 11.175s)
generated_audios/generated_H3_128C_pruned70/1089-134686-0023_generated.wav | RTF: 0.2633(3.495s / 13.275s) | Generator RTF: 0.2630(3.491s / 13.275s)
generated_audios/generated_H3_128C_pruned70/1089-134686-0024_generated.wav | RTF: 0.2527(2.946s / 11.655s) | Generator RTF: 0.2524(2.941s / 11.655s)
generated_audios/generated_H3_128C_pruned70/1089-134686-0025_generated.wav | RTF: 0.2544(1.682s / 6.610s) | Generator RTF: 0.2539(1.678s / 6.610s)
generated_audios/generated_H3_128C_pruned70/1089-134686-0026_generated.wav | RTF: 0.2385(0.956s / 4.010s) | Generator RTF: 0.2376(0.953s / 4.010s)
generated_audios/generated_H3_128C_pruned70/1089-134686-0027_generated.wav | RTF: 0.2558(0.693s / 2.710s) | Generator RTF: 0.2545(0.690s / 2.710s)
generated_audios/generated_H3_128C_pruned70/1089-134686-0028_generated.wav | RTF: 0.2553(1.999s / 7.830s) | Generator RTF: 0.2548(1.995s / 7.830s)
generated_audios/generated_H3_128C_pruned70/1089-134686-0029_generated.wav | RTF: 0.2428(1.134s / 4.670s) | Generator RTF: 0.2421(1.131s / 4.670s)
generated_audios/generated_H3_128C_pruned70/1089-134686-0030_generated.wav | RTF: 0.0202(0.055s / 2.715s) | Generator RTF: 0.0191(0.052s / 2.715s)
generated_audios/generated_H3_128C_pruned70/1089-134686-0031_generated.wav | RTF: 0.0168(0.111s / 6.615s) | Generator RTF: 0.0163(0.108s / 6.615s)
generated_audios/generated_H3_128C_pruned70/121-121726-0000_generated.wav | RTF: 0.2567(2.172s / 8.460s) | Generator RTF: 0.2563(2.168s / 8.460s)
generated_audios/generated_H3_128C_pruned70/121-121726-0001_generated.wav | RTF: 0.2435(1.443s / 5.925s) | Generator RTF: 0.2429(1.439s / 5.925s)
generated_audios/generated_H3_128C_pruned70/121-121726-0002_generated.wav | RTF: 0.0223(0.098s / 4.410s) | Generator RTF: 0.0216(0.095s / 4.410s)
generated_audios/generated_H3_128C_pruned70/121-121726-0003_generated.wav | RTF: 0.2519(1.702s / 6.755s) | Generator RTF: 0.2514(1.698s / 6.755s)
generated_audios/generated_H3_128C_pruned70/121-121726-0004_generated.wav | RTF: 0.2518(1.012s / 4.020s) | Generator RTF: 0.2509(1.009s / 4.020s)
generated_audios/generated_H3_128C_pruned70/121-121726-0005_generated.wav | RTF: 0.2518(0.781s / 3.100s) | Generator RTF: 0.2508(0.777s / 3.100s)
generated_audios/generated_H3_128C_pruned70/121-121726-0006_generated.wav | RTF: 0.2502(0.974s / 3.895s) | Generator RTF: 0.2494(0.971s / 3.895s)
generated_audios/generated_H3_128C_pruned70/121-121726-0007_generated.wav | RTF: 0.0262(0.176s / 6.730s) | Generator RTF: 0.0256(0.172s / 6.730s)
generated_audios/generated_H3_128C_pruned70/121-121726-0008_generated.wav | RTF: 0.2399(1.197s / 4.990s) | Generator RTF: 0.2392(1.194s / 4.990s)
generated_audios/generated_H3_128C_pruned70/121-121726-0009_generated.wav | RTF: 0.2519(1.829s / 7.260s) | Generator RTF: 0.2513(1.825s / 7.260s)
generated_audios/generated_H3_128C_pruned70/121-121726-0010_generated.wav | RTF: 0.2581(2.532s / 9.810s) | Generator RTF: 0.2577(2.528s / 9.810s)
generated_audios/generated_H3_128C_pruned70/121-121726-0011_generated.wav | RTF: 0.2565(1.035s / 4.035s) | Generator RTF: 0.2557(1.032s / 4.035s)
generated_audios/generated_H3_128C_pruned70/121-121726-0012_generated.wav | RTF: 0.2401(0.971s / 4.045s) | Generator RTF: 0.2394(0.968s / 4.045s)
generated_audios/generated_H3_128C_pruned70/121-121726-0013_generated.wav | RTF: 0.2487(0.619s / 2.490s) | Generator RTF: 0.2475(0.616s / 2.490s)
generated_audios/generated_H3_128C_pruned70/121-121726-0014_generated.wav | RTF: 0.2516(0.796s / 3.165s) | Generator RTF: 0.2506(0.793s / 3.165s)
generated_audios/generated_H3_128C_pruned70/121-123852-0000_generated.wav | RTF: 0.2627(4.648s / 17.695s) | Generator RTF: 0.2624(4.642s / 17.695s)
generated_audios/generated_H3_128C_pruned70/121-123852-0001_generated.wav | RTF: 0.2380(0.445s / 1.870s) | Generator RTF: 0.2362(0.442s / 1.870s)
generated_audios/generated_H3_128C_pruned70/121-123852-0002_generated.wav | RTF: 0.2664(4.605s / 17.285s) | Generator RTF: 0.2661(4.600s / 17.285s)
generated_audios/generated_H3_128C_pruned70/121-123852-0003_generated.wav | RTF: 0.3004(7.061s / 23.505s) | Generator RTF: 0.3002(7.056s / 23.505s)
generated_audios/generated_H3_128C_pruned70/121-123852-0004_generated.wav | RTF: 0.2741(4.465s / 16.290s) | Generator RTF: 0.2738(4.460s / 16.290s)
generated_audios/generated_H3_128C_pruned70/121-123859-0000_generated.wav | RTF: 0.2616(4.549s / 17.390s) | Generator RTF: 0.2613(4.544s / 17.390s)
generated_audios/generated_H3_128C_pruned70/121-123859-0001_generated.wav | RTF: 0.2679(6.802s / 25.395s) | Generator RTF: 0.2676(6.796s / 25.395s)
generated_audios/generated_H3_128C_pruned70/121-123859-0002_generated.wav | RTF: 0.2811(8.443s / 30.040s) | Generator RTF: 0.2808(8.436s / 30.040s)
generated_audios/generated_H3_128C_pruned70/121-123859-0003_generated.wav | RTF: 0.2570(2.782s / 10.825s) | Generator RTF: 0.2567(2.778s / 10.825s)
generated_audios/generated_H3_128C_pruned70/121-123859-0004_generated.wav | RTF: 0.2564(2.438s / 9.505s) | Generator RTF: 0.2560(2.434s / 9.505s)
generated_audios/generated_H3_128C_pruned70/121-127105-0000_generated.wav | RTF: 0.2570(2.538s / 9.875s) | Generator RTF: 0.2566(2.534s / 9.875s)
generated_audios/generated_H3_128C_pruned70/121-127105-0001_generated.wav | RTF: 0.2407(1.210s / 5.025s) | Generator RTF: 0.2401(1.207s / 5.025s)
generated_audios/generated_H3_128C_pruned70/121-127105-0002_generated.wav | RTF: 0.2408(1.805s / 7.495s) | Generator RTF: 0.2404(1.802s / 7.495s)
generated_audios/generated_H3_128C_pruned70/121-127105-0003_generated.wav | RTF: 0.2541(1.963s / 7.725s) | Generator RTF: 0.2536(1.959s / 7.725s)
generated_audios/generated_H3_128C_pruned70/121-127105-0004_generated.wav | RTF: 0.2502(0.528s / 2.110s) | Generator RTF: 0.2489(0.525s / 2.110s)
generated_audios/generated_H3_128C_pruned70/121-127105-0005_generated.wav | RTF: 0.2429(1.414s / 5.820s) | Generator RTF: 0.2423(1.410s / 5.820s)
generated_audios/generated_H3_128C_pruned70/121-127105-0006_generated.wav | RTF: 0.2503(1.183s / 4.725s) | Generator RTF: 0.2495(1.179s / 4.725s)
generated_audios/generated_H3_128C_pruned70/121-127105-0007_generated.wav | RTF: 0.2426(1.405s / 5.790s) | Generator RTF: 0.2420(1.401s / 5.790s)
generated_audios/generated_H3_128C_pruned70/121-127105-0008_generated.wav | RTF: 0.2479(0.684s / 2.760s) | Generator RTF: 0.2467(0.681s / 2.760s)
generated_audios/generated_H3_128C_pruned70/121-127105-0009_generated.wav | RTF: 0.2533(0.580s / 2.290s) | Generator RTF: 0.2519(0.577s / 2.290s)
generated_audios/generated_H3_128C_pruned70/121-127105-0010_generated.wav | RTF: 0.2504(0.714s / 2.850s) | Generator RTF: 0.2494(0.711s / 2.850s)
generated_audios/generated_H3_128C_pruned70/121-127105-0011_generated.wav | RTF: 0.2495(1.442s / 5.780s) | Generator RTF: 0.2489(1.439s / 5.780s)
generated_audios/generated_H3_128C_pruned70/121-127105-0012_generated.wav | RTF: 0.2544(1.229s / 4.830s) | Generator RTF: 0.2537(1.225s / 4.830s)
generated_audios/generated_H3_128C_pruned70/121-127105-0013_generated.wav | RTF: 0.2408(1.419s / 5.895s) | Generator RTF: 0.2402(1.416s / 5.895s)
generated_audios/generated_H3_128C_pruned70/121-127105-0014_generated.wav | RTF: 0.2383(0.537s / 2.255s) | Generator RTF: 0.2370(0.534s / 2.255s)
generated_audios/generated_H3_128C_pruned70/121-127105-0015_generated.wav | RTF: 0.2512(0.744s / 2.960s) | Generator RTF: 0.2502(0.741s / 2.960s)
generated_audios/generated_H3_128C_pruned70/121-127105-0016_generated.wav | RTF: 0.2402(0.488s / 2.030s) | Generator RTF: 0.2387(0.485s / 2.030s)
generated_audios/generated_H3_128C_pruned70/121-127105-0017_generated.wav | RTF: 0.2522(0.680s / 2.695s) | Generator RTF: 0.2510(0.676s / 2.695s)
generated_audios/generated_H3_128C_pruned70/121-127105-0018_generated.wav | RTF: 0.2505(0.694s / 2.770s) | Generator RTF: 0.2494(0.691s / 2.770s)
generated_audios/generated_H3_128C_pruned70/121-127105-0019_generated.wav | RTF: 0.2414(0.851s / 3.525s) | Generator RTF: 0.2405(0.848s / 3.525s)
generated_audios/generated_H3_128C_pruned70/121-127105-0020_generated.wav | RTF: 0.2680(3.847s / 14.355s) | Generator RTF: 0.2677(3.843s / 14.355s)
generated_audios/generated_H3_128C_pruned70/121-127105-0021_generated.wav | RTF: 0.2441(0.488s / 2.000s) | Generator RTF: 0.2426(0.485s / 2.000s)
generated_audios/generated_H3_128C_pruned70/121-127105-0022_generated.wav | RTF: 0.2494(1.266s / 5.075s) | Generator RTF: 0.2487(1.262s / 5.075s)
generated_audios/generated_H3_128C_pruned70/121-127105-0023_generated.wav | RTF: 0.2426(2.647s / 10.910s) | Generator RTF: 0.2423(2.643s / 10.910s)
generated_audios/generated_H3_128C_pruned70/121-127105-0024_generated.wav | RTF: 0.2800(4.045s / 14.450s) | Generator RTF: 0.2796(4.041s / 14.450s)
generated_audios/generated_H3_128C_pruned70/121-127105-0025_generated.wav | RTF: 0.2654(4.263s / 16.065s) | Generator RTF: 0.2651(4.259s / 16.065s)
generated_audios/generated_H3_128C_pruned70/121-127105-0026_generated.wav | RTF: 0.2447(1.842s / 7.530s) | Generator RTF: 0.2441(1.838s / 7.530s)
generated_audios/generated_H3_128C_pruned70/121-127105-0027_generated.wav | RTF: 0.2708(3.756s / 13.870s) | Generator RTF: 0.2705(3.752s / 13.870s)
generated_audios/generated_H3_128C_pruned70/121-127105-0028_generated.wav | RTF: 0.0221(0.149s / 6.750s) | Generator RTF: 0.0216(0.145s / 6.750s)
generated_audios/generated_H3_128C_pruned70/121-127105-0029_generated.wav | RTF: 0.2521(1.843s / 7.310s) | Generator RTF: 0.2516(1.839s / 7.310s)
generated_audios/generated_H3_128C_pruned70/121-127105-0030_generated.wav | RTF: 0.2502(0.544s / 2.175s) | Generator RTF: 0.2487(0.541s / 2.175s)
generated_audios/generated_H3_128C_pruned70/121-127105-0031_generated.wav | RTF: 0.2418(2.603s / 10.765s) | Generator RTF: 0.2414(2.599s / 10.765s)
generated_audios/generated_H3_128C_pruned70/121-127105-0032_generated.wav | RTF: 0.2377(0.754s / 3.170s) | Generator RTF: 0.2367(0.750s / 3.170s)
generated_audios/generated_H3_128C_pruned70/121-127105-0033_generated.wav | RTF: 0.2507(0.590s / 2.355s) | Generator RTF: 0.2493(0.587s / 2.355s)
generated_audios/generated_H3_128C_pruned70/121-127105-0034_generated.wav | RTF: 0.2569(1.903s / 7.410s) | Generator RTF: 0.2563(1.899s / 7.410s)
generated_audios/generated_H3_128C_pruned70/121-127105-0035_generated.wav | RTF: 0.2684(3.798s / 14.150s) | Generator RTF: 0.2681(3.794s / 14.150s)
generated_audios/generated_H3_128C_pruned70/121-127105-0036_generated.wav | RTF: 0.2386(0.990s / 4.150s) | Generator RTF: 0.2377(0.986s / 4.150s)
generated_audios/generated_H3_128C_pruned70/237-126133-0000_generated.wav | RTF: 0.2823(3.752s / 13.290s) | Generator RTF: 0.2820(3.747s / 13.290s)
generated_audios/generated_H3_128C_pruned70/237-126133-0001_generated.wav | RTF: 0.2865(3.428s / 11.965s) | Generator RTF: 0.2861(3.423s / 11.965s)
generated_audios/generated_H3_128C_pruned70/237-126133-0002_generated.wav | RTF: 0.2475(2.207s / 8.920s) | Generator RTF: 0.2470(2.204s / 8.920s)
generated_audios/generated_H3_128C_pruned70/237-126133-0003_generated.wav | RTF: 0.2537(1.664s / 6.560s) | Generator RTF: 0.2531(1.660s / 6.560s)
generated_audios/generated_H3_128C_pruned70/237-126133-0004_generated.wav | RTF: 0.2591(0.854s / 3.295s) | Generator RTF: 0.2580(0.850s / 3.295s)
generated_audios/generated_H3_128C_pruned70/237-126133-0005_generated.wav | RTF: 0.2559(1.666s / 6.510s) | Generator RTF: 0.2553(1.662s / 6.510s)
generated_audios/generated_H3_128C_pruned70/237-126133-0006_generated.wav | RTF: 0.2526(1.554s / 6.150s) | Generator RTF: 0.2521(1.550s / 6.150s)
generated_audios/generated_H3_128C_pruned70/237-126133-0007_generated.wav | RTF: 0.2442(2.119s / 8.680s) | Generator RTF: 0.2437(2.115s / 8.680s)
generated_audios/generated_H3_128C_pruned70/237-126133-0008_generated.wav | RTF: 0.2527(0.977s / 3.865s) | Generator RTF: 0.2518(0.973s / 3.865s)
generated_audios/generated_H3_128C_pruned70/237-126133-0009_generated.wav | RTF: 0.2502(0.993s / 3.970s) | Generator RTF: 0.2494(0.990s / 3.970s)
generated_audios/generated_H3_128C_pruned70/237-126133-0010_generated.wav | RTF: 0.2447(1.527s / 6.240s) | Generator RTF: 0.2441(1.523s / 6.240s)
generated_audios/generated_H3_128C_pruned70/237-126133-0011_generated.wav | RTF: 0.2585(1.735s / 6.710s) | Generator RTF: 0.2580(1.731s / 6.710s)
generated_audios/generated_H3_128C_pruned70/237-126133-0012_generated.wav | RTF: 0.2577(1.147s / 4.450s) | Generator RTF: 0.2570(1.143s / 4.450s)
generated_audios/generated_H3_128C_pruned70/237-126133-0013_generated.wav | RTF: 0.2572(1.753s / 6.815s) | Generator RTF: 0.2566(1.749s / 6.815s)
generated_audios/generated_H3_128C_pruned70/237-126133-0014_generated.wav | RTF: 0.2554(1.734s / 6.790s) | Generator RTF: 0.2549(1.730s / 6.790s)
generated_audios/generated_H3_128C_pruned70/237-126133-0015_generated.wav | RTF: 0.2439(2.278s / 9.340s) | Generator RTF: 0.2435(2.274s / 9.340s)
generated_audios/generated_H3_128C_pruned70/237-126133-0016_generated.wav | RTF: 0.2445(1.039s / 4.250s) | Generator RTF: 0.2437(1.036s / 4.250s)
generated_audios/generated_H3_128C_pruned70/237-126133-0017_generated.wav | RTF: 0.2465(1.531s / 6.210s) | Generator RTF: 0.2459(1.527s / 6.210s)
generated_audios/generated_H3_128C_pruned70/237-126133-0018_generated.wav | RTF: 0.2553(1.045s / 4.095s) | Generator RTF: 0.2544(1.042s / 4.095s)
generated_audios/generated_H3_128C_pruned70/237-126133-0019_generated.wav | RTF: 0.2643(1.882s / 7.120s) | Generator RTF: 0.2638(1.878s / 7.120s)
generated_audios/generated_H3_128C_pruned70/237-126133-0020_generated.wav | RTF: 0.2405(0.539s / 2.240s) | Generator RTF: 0.2392(0.536s / 2.240s)
generated_audios/generated_H3_128C_pruned70/237-126133-0021_generated.wav | RTF: 0.2436(1.063s / 4.365s) | Generator RTF: 0.2428(1.060s / 4.365s)
generated_audios/generated_H3_128C_pruned70/237-126133-0022_generated.wav | RTF: 0.2586(1.303s / 5.040s) | Generator RTF: 0.2579(1.300s / 5.040s)
generated_audios/generated_H3_128C_pruned70/237-126133-0023_generated.wav | RTF: 0.2594(1.732s / 6.675s) | Generator RTF: 0.2589(1.728s / 6.675s)
generated_audios/generated_H3_128C_pruned70/237-126133-0024_generated.wav | RTF: 0.2590(2.503s / 9.665s) | Generator RTF: 0.2585(2.499s / 9.665s)
generated_audios/generated_H3_128C_pruned70/237-126133-0025_generated.wav | RTF: 0.2521(0.947s / 3.755s) | Generator RTF: 0.2513(0.943s / 3.755s)
generated_audios/generated_H3_128C_pruned70/237-134493-0000_generated.wav | RTF: 0.2613(1.073s / 4.105s) | Generator RTF: 0.2605(1.069s / 4.105s)
generated_audios/generated_H3_128C_pruned70/237-134493-0001_generated.wav | RTF: 0.2556(1.887s / 7.380s) | Generator RTF: 0.2551(1.883s / 7.380s)
generated_audios/generated_H3_128C_pruned70/237-134493-0002_generated.wav | RTF: 0.2705(3.082s / 11.395s) | Generator RTF: 0.2701(3.078s / 11.395s)
generated_audios/generated_H3_128C_pruned70/237-134493-0003_generated.wav | RTF: 0.2823(3.604s / 12.765s) | Generator RTF: 0.2819(3.599s / 12.765s)
generated_audios/generated_H3_128C_pruned70/237-134493-0004_generated.wav | RTF: 0.2645(1.805s / 6.825s) | Generator RTF: 0.2639(1.801s / 6.825s)
generated_audios/generated_H3_128C_pruned70/237-134493-0005_generated.wav | RTF: 0.2487(2.722s / 10.945s) | Generator RTF: 0.2483(2.718s / 10.945s)
generated_audios/generated_H3_128C_pruned70/237-134493-0006_generated.wav | RTF: 0.2427(1.066s / 4.395s) | Generator RTF: 0.2419(1.063s / 4.395s)
generated_audios/generated_H3_128C_pruned70/237-134493-0007_generated.wav | RTF: 0.2440(0.497s / 2.035s) | Generator RTF: 0.2423(0.493s / 2.035s)
generated_audios/generated_H3_128C_pruned70/237-134493-0008_generated.wav | RTF: 0.2406(0.555s / 2.305s) | Generator RTF: 0.2392(0.551s / 2.305s)
generated_audios/generated_H3_128C_pruned70/237-134493-0009_generated.wav | RTF: 0.2587(0.770s / 2.975s) | Generator RTF: 0.2577(0.767s / 2.975s)
generated_audios/generated_H3_128C_pruned70/237-134493-0010_generated.wav | RTF: 0.2527(0.726s / 2.875s) | Generator RTF: 0.2515(0.723s / 2.875s)
generated_audios/generated_H3_128C_pruned70/237-134493-0011_generated.wav | RTF: 0.2620(1.319s / 5.035s) | Generator RTF: 0.2616(1.317s / 5.035s)
generated_audios/generated_H3_128C_pruned70/237-134493-0012_generated.wav | RTF: 0.2427(0.888s / 3.660s) | Generator RTF: 0.2418(0.885s / 3.660s)
generated_audios/generated_H3_128C_pruned70/237-134493-0013_generated.wav | RTF: 0.0248(0.102s / 4.090s) | Generator RTF: 0.0241(0.099s / 4.090s)
generated_audios/generated_H3_128C_pruned70/237-134493-0014_generated.wav | RTF: 0.2469(0.914s / 3.700s) | Generator RTF: 0.2460(0.910s / 3.700s)
generated_audios/generated_H3_128C_pruned70/237-134493-0015_generated.wav | RTF: 0.0249(0.163s / 6.550s) | Generator RTF: 0.0243(0.159s / 6.550s)
generated_audios/generated_H3_128C_pruned70/237-134493-0016_generated.wav | RTF: 0.2646(2.668s / 10.085s) | Generator RTF: 0.2642(2.664s / 10.085s)
generated_audios/generated_H3_128C_pruned70/237-134493-0017_generated.wav | RTF: 0.2637(2.401s / 9.105s) | Generator RTF: 0.2632(2.396s / 9.105s)
generated_audios/generated_H3_128C_pruned70/237-134493-0018_generated.wav | RTF: 0.2607(1.249s / 4.790s) | Generator RTF: 0.2599(1.245s / 4.790s)
generated_audios/generated_H3_128C_pruned70/237-134500-0000_generated.wav | RTF: 0.2566(1.573s / 6.130s) | Generator RTF: 0.2560(1.569s / 6.130s)
generated_audios/generated_H3_128C_pruned70/237-134500-0001_generated.wav | RTF: 0.2416(0.437s / 1.810s) | Generator RTF: 0.2398(0.434s / 1.810s)
generated_audios/generated_H3_128C_pruned70/237-134500-0002_generated.wav | RTF: 0.2619(1.328s / 5.070s) | Generator RTF: 0.2612(1.324s / 5.070s)
generated_audios/generated_H3_128C_pruned70/237-134500-0003_generated.wav | RTF: 0.0278(0.088s / 3.170s) | Generator RTF: 0.0268(0.085s / 3.170s)
generated_audios/generated_H3_128C_pruned70/237-134500-0004_generated.wav | RTF: 0.0303(0.067s / 2.225s) | Generator RTF: 0.0288(0.064s / 2.225s)
generated_audios/generated_H3_128C_pruned70/237-134500-0005_generated.wav | RTF: 0.2523(0.603s / 2.390s) | Generator RTF: 0.2509(0.600s / 2.390s)
generated_audios/generated_H3_128C_pruned70/237-134500-0006_generated.wav | RTF: 0.2463(1.041s / 4.225s) | Generator RTF: 0.2456(1.038s / 4.225s)
generated_audios/generated_H3_128C_pruned70/237-134500-0007_generated.wav | RTF: 0.0214(0.051s / 2.390s) | Generator RTF: 0.0201(0.048s / 2.390s)
generated_audios/generated_H3_128C_pruned70/237-134500-0008_generated.wav | RTF: 0.0243(0.091s / 3.760s) | Generator RTF: 0.0234(0.088s / 3.760s)
generated_audios/generated_H3_128C_pruned70/237-134500-0009_generated.wav | RTF: 0.0219(0.049s / 2.220s) | Generator RTF: 0.0205(0.045s / 2.220s)
generated_audios/generated_H3_128C_pruned70/237-134500-0010_generated.wav | RTF: 0.2588(1.034s / 3.995s) | Generator RTF: 0.2580(1.031s / 3.995s)
generated_audios/generated_H3_128C_pruned70/237-134500-0011_generated.wav | RTF: 0.2447(0.820s / 3.350s) | Generator RTF: 0.2437(0.816s / 3.350s)
generated_audios/generated_H3_128C_pruned70/237-134500-0012_generated.wav | RTF: 0.2680(2.930s / 10.935s) | Generator RTF: 0.2676(2.926s / 10.935s)
generated_audios/generated_H3_128C_pruned70/237-134500-0013_generated.wav | RTF: 0.0251(0.265s / 10.560s) | Generator RTF: 0.0247(0.260s / 10.560s)
generated_audios/generated_H3_128C_pruned70/237-134500-0014_generated.wav | RTF: 0.0280(0.119s / 4.250s) | Generator RTF: 0.0272(0.115s / 4.250s)
generated_audios/generated_H3_128C_pruned70/237-134500-0015_generated.wav | RTF: 0.2625(2.839s / 10.815s) | Generator RTF: 0.2622(2.835s / 10.815s)
generated_audios/generated_H3_128C_pruned70/237-134500-0016_generated.wav | RTF: 0.0273(0.086s / 3.160s) | Generator RTF: 0.0262(0.083s / 3.160s)
generated_audios/generated_H3_128C_pruned70/237-134500-0017_generated.wav | RTF: 0.0314(0.069s / 2.180s) | Generator RTF: 0.0300(0.065s / 2.180s)
generated_audios/generated_H3_128C_pruned70/237-134500-0018_generated.wav | RTF: 0.2893(3.715s / 12.845s) | Generator RTF: 0.2889(3.711s / 12.845s)
generated_audios/generated_H3_128C_pruned70/237-134500-0019_generated.wav | RTF: 0.2471(0.707s / 2.860s) | Generator RTF: 0.2460(0.703s / 2.860s)
generated_audios/generated_H3_128C_pruned70/237-134500-0020_generated.wav | RTF: 0.0220(0.048s / 2.180s) | Generator RTF: 0.0206(0.045s / 2.180s)
generated_audios/generated_H3_128C_pruned70/237-134500-0021_generated.wav | RTF: 0.2460(1.260s / 5.120s) | Generator RTF: 0.2456(1.257s / 5.120s)
generated_audios/generated_H3_128C_pruned70/237-134500-0022_generated.wav | RTF: 0.2503(1.293s / 5.165s) | Generator RTF: 0.2495(1.289s / 5.165s)
generated_audios/generated_H3_128C_pruned70/237-134500-0023_generated.wav | RTF: 0.2649(0.811s / 3.060s) | Generator RTF: 0.2639(0.807s / 3.060s)
generated_audios/generated_H3_128C_pruned70/237-134500-0024_generated.wav | RTF: 0.0234(0.103s / 4.410s) | Generator RTF: 0.0226(0.100s / 4.410s)
generated_audios/generated_H3_128C_pruned70/237-134500-0025_generated.wav | RTF: 0.2461(0.401s / 1.630s) | Generator RTF: 0.2442(0.398s / 1.630s)
generated_audios/generated_H3_128C_pruned70/237-134500-0026_generated.wav | RTF: 0.2609(0.796s / 3.050s) | Generator RTF: 0.2598(0.792s / 3.050s)
generated_audios/generated_H3_128C_pruned70/237-134500-0027_generated.wav | RTF: 0.2670(0.873s / 3.270s) | Generator RTF: 0.2660(0.870s / 3.270s)
generated_audios/generated_H3_128C_pruned70/237-134500-0028_generated.wav | RTF: 0.2675(1.211s / 4.525s) | Generator RTF: 0.2668(1.207s / 4.525s)
generated_audios/generated_H3_128C_pruned70/237-134500-0029_generated.wav | RTF: 0.2495(0.515s / 2.065s) | Generator RTF: 0.2478(0.512s / 2.065s)
generated_audios/generated_H3_128C_pruned70/237-134500-0030_generated.wav | RTF: 0.2632(0.732s / 2.780s) | Generator RTF: 0.2620(0.728s / 2.780s)
generated_audios/generated_H3_128C_pruned70/237-134500-0031_generated.wav | RTF: 0.2634(2.794s / 10.610s) | Generator RTF: 0.2630(2.791s / 10.610s)
generated_audios/generated_H3_128C_pruned70/237-134500-0032_generated.wav | RTF: 0.0242(0.122s / 5.025s) | Generator RTF: 0.0235(0.118s / 5.025s)
generated_audios/generated_H3_128C_pruned70/237-134500-0033_generated.wav | RTF: 0.2506(1.591s / 6.350s) | Generator RTF: 0.2501(1.588s / 6.350s)
generated_audios/generated_H3_128C_pruned70/237-134500-0034_generated.wav | RTF: 0.2512(0.772s / 3.075s) | Generator RTF: 0.2502(0.769s / 3.075s)
generated_audios/generated_H3_128C_pruned70/237-134500-0035_generated.wav | RTF: 0.2639(0.674s / 2.555s) | Generator RTF: 0.2627(0.671s / 2.555s)
generated_audios/generated_H3_128C_pruned70/237-134500-0036_generated.wav | RTF: 0.2697(1.780s / 6.600s) | Generator RTF: 0.2692(1.777s / 6.600s)
generated_audios/generated_H3_128C_pruned70/237-134500-0037_generated.wav | RTF: 0.2644(1.879s / 7.105s) | Generator RTF: 0.2639(1.875s / 7.105s)
generated_audios/generated_H3_128C_pruned70/237-134500-0038_generated.wav | RTF: 0.2588(0.630s / 2.435s) | Generator RTF: 0.2574(0.627s / 2.435s)
generated_audios/generated_H3_128C_pruned70/237-134500-0039_generated.wav | RTF: 0.2684(1.243s / 4.630s) | Generator RTF: 0.2677(1.239s / 4.630s)
generated_audios/generated_H3_128C_pruned70/237-134500-0040_generated.wav | RTF: 0.0243(0.098s / 4.030s) | Generator RTF: 0.0235(0.095s / 4.030s)
generated_audios/generated_H3_128C_pruned70/237-134500-0041_generated.wav | RTF: 0.0251(0.224s / 8.920s) | Generator RTF: 0.0247(0.220s / 8.920s)
generated_audios/generated_H3_128C_pruned70/237-134500-0042_generated.wav | RTF: 0.2613(0.673s / 2.575s) | Generator RTF: 0.2600(0.670s / 2.575s)
generated_audios/generated_H3_128C_pruned70/260-123286-0000_generated.wav | RTF: 0.2587(1.821s / 7.040s) | Generator RTF: 0.2581(1.817s / 7.040s)
generated_audios/generated_H3_128C_pruned70/260-123286-0001_generated.wav | RTF: 0.0201(0.062s / 3.070s) | Generator RTF: 0.0191(0.058s / 3.070s)
generated_audios/generated_H3_128C_pruned70/260-123286-0002_generated.wav | RTF: 0.2726(2.722s / 9.985s) | Generator RTF: 0.2723(2.719s / 9.985s)
generated_audios/generated_H3_128C_pruned70/260-123286-0003_generated.wav | RTF: 0.2693(1.985s / 7.370s) | Generator RTF: 0.2688(1.981s / 7.370s)
generated_audios/generated_H3_128C_pruned70/260-123286-0004_generated.wav | RTF: 0.2663(0.923s / 3.465s) | Generator RTF: 0.2653(0.919s / 3.465s)
generated_audios/generated_H3_128C_pruned70/260-123286-0005_generated.wav | RTF: 0.2569(1.235s / 4.810s) | Generator RTF: 0.2562(1.232s / 4.810s)
generated_audios/generated_H3_128C_pruned70/260-123286-0006_generated.wav | RTF: 0.2721(2.015s / 7.405s) | Generator RTF: 0.2716(2.011s / 7.405s)
generated_audios/generated_H3_128C_pruned70/260-123286-0007_generated.wav | RTF: 0.2676(1.217s / 4.550s) | Generator RTF: 0.2668(1.214s / 4.550s)
generated_audios/generated_H3_128C_pruned70/260-123286-0008_generated.wav | RTF: 0.2569(0.960s / 3.735s) | Generator RTF: 0.2561(0.957s / 3.735s)
generated_audios/generated_H3_128C_pruned70/260-123286-0009_generated.wav | RTF: 0.2802(1.624s / 5.795s) | Generator RTF: 0.2796(1.620s / 5.795s)
generated_audios/generated_H3_128C_pruned70/260-123286-0010_generated.wav | RTF: 0.0216(0.056s / 2.575s) | Generator RTF: 0.0203(0.052s / 2.575s)
generated_audios/generated_H3_128C_pruned70/260-123286-0011_generated.wav | RTF: 0.0271(0.115s / 4.255s) | Generator RTF: 0.0263(0.112s / 4.255s)
generated_audios/generated_H3_128C_pruned70/260-123286-0012_generated.wav | RTF: 0.0283(0.069s / 2.430s) | Generator RTF: 0.0270(0.066s / 2.430s)
generated_audios/generated_H3_128C_pruned70/260-123286-0013_generated.wav | RTF: 0.2670(1.263s / 4.730s) | Generator RTF: 0.2662(1.259s / 4.730s)
generated_audios/generated_H3_128C_pruned70/260-123286-0014_generated.wav | RTF: 0.0276(0.082s / 2.980s) | Generator RTF: 0.0265(0.079s / 2.980s)
generated_audios/generated_H3_128C_pruned70/260-123286-0015_generated.wav | RTF: 0.2729(1.422s / 5.210s) | Generator RTF: 0.2723(1.419s / 5.210s)
generated_audios/generated_H3_128C_pruned70/260-123286-0016_generated.wav | RTF: 0.2724(1.906s / 7.000s) | Generator RTF: 0.2718(1.903s / 7.000s)
generated_audios/generated_H3_128C_pruned70/260-123286-0017_generated.wav | RTF: 0.2608(1.037s / 3.975s) | Generator RTF: 0.2599(1.033s / 3.975s)
generated_audios/generated_H3_128C_pruned70/260-123286-0018_generated.wav | RTF: 0.2777(1.575s / 5.670s) | Generator RTF: 0.2771(1.571s / 5.670s)
generated_audios/generated_H3_128C_pruned70/260-123286-0019_generated.wav | RTF: 0.2950(3.513s / 11.905s) | Generator RTF: 0.2947(3.508s / 11.905s)
generated_audios/generated_H3_128C_pruned70/260-123286-0020_generated.wav | RTF: 0.0276(0.084s / 3.060s) | Generator RTF: 0.0265(0.081s / 3.060s)
generated_audios/generated_H3_128C_pruned70/260-123286-0021_generated.wav | RTF: 0.2682(0.684s / 2.550s) | Generator RTF: 0.2670(0.681s / 2.550s)
generated_audios/generated_H3_128C_pruned70/260-123286-0022_generated.wav | RTF: 0.2698(0.873s / 3.235s) | Generator RTF: 0.2687(0.869s / 3.235s)
generated_audios/generated_H3_128C_pruned70/260-123286-0023_generated.wav | RTF: 0.2769(1.627s / 5.875s) | Generator RTF: 0.2763(1.623s / 5.875s)
generated_audios/generated_H3_128C_pruned70/260-123286-0024_generated.wav | RTF: 0.2691(0.818s / 3.040s) | Generator RTF: 0.2680(0.815s / 3.040s)
generated_audios/generated_H3_128C_pruned70/260-123286-0025_generated.wav | RTF: 0.2663(2.451s / 9.205s) | Generator RTF: 0.2659(2.447s / 9.205s)
generated_audios/generated_H3_128C_pruned70/260-123286-0026_generated.wav | RTF: 0.2661(1.847s / 6.940s) | Generator RTF: 0.2656(1.843s / 6.940s)
generated_audios/generated_H3_128C_pruned70/260-123286-0027_generated.wav | RTF: 0.2852(2.045s / 7.170s) | Generator RTF: 0.2846(2.041s / 7.170s)
generated_audios/generated_H3_128C_pruned70/260-123286-0028_generated.wav | RTF: 0.2691(2.009s / 7.465s) | Generator RTF: 0.2686(2.005s / 7.465s)
generated_audios/generated_H3_128C_pruned70/260-123286-0029_generated.wav | RTF: 0.0238(0.108s / 4.545s) | Generator RTF: 0.0230(0.104s / 4.545s)
generated_audios/generated_H3_128C_pruned70/260-123286-0030_generated.wav | RTF: 0.0232(0.175s / 7.530s) | Generator RTF: 0.0227(0.171s / 7.530s)
generated_audios/generated_H3_128C_pruned70/260-123286-0031_generated.wav | RTF: 0.2653(1.343s / 5.060s) | Generator RTF: 0.2646(1.339s / 5.060s)
generated_audios/generated_H3_128C_pruned70/260-123288-0000_generated.wav | RTF: 0.0197(0.060s / 3.040s) | Generator RTF: 0.0187(0.057s / 3.040s)
generated_audios/generated_H3_128C_pruned70/260-123288-0001_generated.wav | RTF: 0.0227(0.115s / 5.080s) | Generator RTF: 0.0222(0.113s / 5.080s)
generated_audios/generated_H3_128C_pruned70/260-123288-0002_generated.wav | RTF: 0.2697(1.955s / 7.250s) | Generator RTF: 0.2692(1.952s / 7.250s)
generated_audios/generated_H3_128C_pruned70/260-123288-0003_generated.wav | RTF: 0.2796(2.490s / 8.905s) | Generator RTF: 0.2791(2.486s / 8.905s)
generated_audios/generated_H3_128C_pruned70/260-123288-0004_generated.wav | RTF: 0.2754(1.187s / 4.310s) | Generator RTF: 0.2746(1.183s / 4.310s)
generated_audios/generated_H3_128C_pruned70/260-123288-0005_generated.wav | RTF: 0.2889(3.626s / 12.550s) | Generator RTF: 0.2885(3.621s / 12.550s)
generated_audios/generated_H3_128C_pruned70/260-123288-0006_generated.wav | RTF: 0.2658(1.297s / 4.880s) | Generator RTF: 0.2651(1.294s / 4.880s)
generated_audios/generated_H3_128C_pruned70/260-123288-0007_generated.wav | RTF: 0.2863(3.206s / 11.200s) | Generator RTF: 0.2859(3.202s / 11.200s)
generated_audios/generated_H3_128C_pruned70/260-123288-0008_generated.wav | RTF: 0.2790(1.539s / 5.515s) | Generator RTF: 0.2784(1.535s / 5.515s)
generated_audios/generated_H3_128C_pruned70/260-123288-0009_generated.wav | RTF: 0.2765(0.950s / 3.435s) | Generator RTF: 0.2755(0.946s / 3.435s)
generated_audios/generated_H3_128C_pruned70/260-123288-0010_generated.wav | RTF: 0.0236(0.236s / 9.995s) | Generator RTF: 0.0232(0.231s / 9.995s)
generated_audios/generated_H3_128C_pruned70/260-123288-0011_generated.wav | RTF: 0.2861(2.569s / 8.980s) | Generator RTF: 0.2856(2.565s / 8.980s)
generated_audios/generated_H3_128C_pruned70/260-123288-0012_generated.wav | RTF: 0.2764(0.980s / 3.545s) | Generator RTF: 0.2754(0.976s / 3.545s)
generated_audios/generated_H3_128C_pruned70/260-123288-0013_generated.wav | RTF: 0.3088(3.516s / 11.385s) | Generator RTF: 0.3085(3.512s / 11.385s)
generated_audios/generated_H3_128C_pruned70/260-123288-0014_generated.wav | RTF: 0.0341(0.062s / 1.805s) | Generator RTF: 0.0323(0.058s / 1.805s)
generated_audios/generated_H3_128C_pruned70/260-123288-0015_generated.wav | RTF: 0.2915(6.175s / 21.185s) | Generator RTF: 0.2912(6.169s / 21.185s)
generated_audios/generated_H3_128C_pruned70/260-123288-0016_generated.wav | RTF: 0.2872(1.397s / 4.865s) | Generator RTF: 0.2864(1.393s / 4.865s)
generated_audios/generated_H3_128C_pruned70/260-123288-0017_generated.wav | RTF: 0.2670(1.395s / 5.225s) | Generator RTF: 0.2664(1.392s / 5.225s)
generated_audios/generated_H3_128C_pruned70/260-123288-0018_generated.wav | RTF: 0.2756(0.894s / 3.245s) | Generator RTF: 0.2746(0.891s / 3.245s)
generated_audios/generated_H3_128C_pruned70/260-123288-0019_generated.wav | RTF: 0.0275(0.081s / 2.955s) | Generator RTF: 0.0263(0.078s / 2.955s)
generated_audios/generated_H3_128C_pruned70/260-123288-0020_generated.wav | RTF: 0.2765(0.802s / 2.900s) | Generator RTF: 0.2754(0.799s / 2.900s)
generated_audios/generated_H3_128C_pruned70/260-123288-0021_generated.wav | RTF: 0.0283(0.077s / 2.710s) | Generator RTF: 0.0271(0.073s / 2.710s)
generated_audios/generated_H3_128C_pruned70/260-123288-0022_generated.wav | RTF: 0.2770(1.026s / 3.705s) | Generator RTF: 0.2761(1.023s / 3.705s)
generated_audios/generated_H3_128C_pruned70/260-123288-0023_generated.wav | RTF: 0.0304(0.073s / 2.385s) | Generator RTF: 0.0290(0.069s / 2.385s)
generated_audios/generated_H3_128C_pruned70/260-123288-0024_generated.wav | RTF: 0.2899(4.231s / 14.595s) | Generator RTF: 0.2896(4.227s / 14.595s)
generated_audios/generated_H3_128C_pruned70/260-123288-0025_generated.wav | RTF: 0.2927(3.936s / 13.445s) | Generator RTF: 0.2924(3.932s / 13.445s)
generated_audios/generated_H3_128C_pruned70/260-123288-0026_generated.wav | RTF: 0.3114(4.995s / 16.040s) | Generator RTF: 0.3111(4.990s / 16.040s)
generated_audios/generated_H3_128C_pruned70/260-123288-0027_generated.wav | RTF: 0.2724(1.717s / 6.305s) | Generator RTF: 0.2718(1.714s / 6.305s)
generated_audios/generated_H3_128C_pruned70/260-123288-0028_generated.wav | RTF: 0.2808(0.733s / 2.610s) | Generator RTF: 0.2795(0.730s / 2.610s)
generated_audios/generated_H3_128C_pruned70/260-123440-0000_generated.wav | RTF: 0.2700(0.584s / 2.165s) | Generator RTF: 0.2685(0.581s / 2.165s)
generated_audios/generated_H3_128C_pruned70/260-123440-0001_generated.wav | RTF: 0.2651(0.461s / 1.740s) | Generator RTF: 0.2632(0.458s / 1.740s)
generated_audios/generated_H3_128C_pruned70/260-123440-0002_generated.wav | RTF: 0.3068(4.514s / 14.715s) | Generator RTF: 0.3064(4.509s / 14.715s)
generated_audios/generated_H3_128C_pruned70/260-123440-0003_generated.wav | RTF: 0.2860(1.025s / 3.585s) | Generator RTF: 0.2851(1.022s / 3.585s)
generated_audios/generated_H3_128C_pruned70/260-123440-0004_generated.wav | RTF: 0.2935(3.528s / 12.020s) | Generator RTF: 0.2931(3.523s / 12.020s)
generated_audios/generated_H3_128C_pruned70/260-123440-0005_generated.wav | RTF: 0.0275(0.085s / 3.105s) | Generator RTF: 0.0264(0.082s / 3.105s)
generated_audios/generated_H3_128C_pruned70/260-123440-0006_generated.wav | RTF: 0.0275(0.075s / 2.715s) | Generator RTF: 0.0264(0.072s / 2.715s)
generated_audios/generated_H3_128C_pruned70/260-123440-0007_generated.wav | RTF: 0.2846(0.963s / 3.385s) | Generator RTF: 0.2836(0.960s / 3.385s)
generated_audios/generated_H3_128C_pruned70/260-123440-0008_generated.wav | RTF: 0.2858(1.070s / 3.745s) | Generator RTF: 0.2850(1.067s / 3.745s)
generated_audios/generated_H3_128C_pruned70/260-123440-0009_generated.wav | RTF: 0.2872(0.895s / 3.115s) | Generator RTF: 0.2862(0.891s / 3.115s)
generated_audios/generated_H3_128C_pruned70/260-123440-0010_generated.wav | RTF: 0.2939(2.443s / 8.315s) | Generator RTF: 0.2934(2.440s / 8.315s)
generated_audios/generated_H3_128C_pruned70/260-123440-0011_generated.wav | RTF: 0.0227(0.110s / 4.870s) | Generator RTF: 0.0219(0.106s / 4.870s)
generated_audios/generated_H3_128C_pruned70/260-123440-0012_generated.wav | RTF: 0.2855(1.497s / 5.245s) | Generator RTF: 0.2848(1.494s / 5.245s)
generated_audios/generated_H3_128C_pruned70/260-123440-0013_generated.wav | RTF: 0.2826(0.982s / 3.475s) | Generator RTF: 0.2817(0.979s / 3.475s)
generated_audios/generated_H3_128C_pruned70/260-123440-0014_generated.wav | RTF: 0.2880(1.099s / 3.815s) | Generator RTF: 0.2872(1.096s / 3.815s)
generated_audios/generated_H3_128C_pruned70/260-123440-0015_generated.wav | RTF: 0.0267(0.165s / 6.200s) | Generator RTF: 0.0261(0.162s / 6.200s)
generated_audios/generated_H3_128C_pruned70/260-123440-0016_generated.wav | RTF: 0.2929(1.434s / 4.895s) | Generator RTF: 0.2922(1.430s / 4.895s)
generated_audios/generated_H3_128C_pruned70/260-123440-0017_generated.wav | RTF: 0.0291(0.089s / 3.070s) | Generator RTF: 0.0280(0.086s / 3.070s)
generated_audios/generated_H3_128C_pruned70/260-123440-0018_generated.wav | RTF: 0.2930(1.067s / 3.640s) | Generator RTF: 0.2921(1.063s / 3.640s)
generated_audios/generated_H3_128C_pruned70/260-123440-0019_generated.wav | RTF: 0.2965(1.966s / 6.630s) | Generator RTF: 0.2960(1.962s / 6.630s)
generated_audios/generated_H3_128C_pruned70/260-123440-0020_generated.wav | RTF: 0.2894(1.446s / 4.995s) | Generator RTF: 0.2888(1.442s / 4.995s)
generated_audios/generated_H3_128C_pruned70/61-70968-0000_generated.wav | RTF: 0.2899(1.422s / 4.905s) | Generator RTF: 0.2892(1.418s / 4.905s)
generated_audios/generated_H3_128C_pruned70/61-70968-0001_generated.wav | RTF: 0.2881(1.040s / 3.610s) | Generator RTF: 0.2872(1.037s / 3.610s)
generated_audios/generated_H3_128C_pruned70/61-70968-0002_generated.wav | RTF: 0.2849(0.846s / 2.970s) | Generator RTF: 0.2838(0.843s / 2.970s)
generated_audios/generated_H3_128C_pruned70/61-70968-0003_generated.wav | RTF: 0.0240(0.104s / 4.315s) | Generator RTF: 0.0232(0.100s / 4.315s)
generated_audios/generated_H3_128C_pruned70/61-70968-0004_generated.wav | RTF: 0.2891(1.123s / 3.885s) | Generator RTF: 0.2883(1.120s / 3.885s)
generated_audios/generated_H3_128C_pruned70/61-70968-0005_generated.wav | RTF: 0.0232(0.118s / 5.070s) | Generator RTF: 0.0225(0.114s / 5.070s)
generated_audios/generated_H3_128C_pruned70/61-70968-0006_generated.wav | RTF: 0.2695(0.791s / 2.935s) | Generator RTF: 0.2684(0.788s / 2.935s)
generated_audios/generated_H3_128C_pruned70/61-70968-0007_generated.wav | RTF: 0.0270(0.096s / 3.550s) | Generator RTF: 0.0260(0.092s / 3.550s)
generated_audios/generated_H3_128C_pruned70/61-70968-0008_generated.wav | RTF: 0.0260(0.092s / 3.535s) | Generator RTF: 0.0251(0.089s / 3.535s)
generated_audios/generated_H3_128C_pruned70/61-70968-0009_generated.wav | RTF: 0.2892(1.304s / 4.510s) | Generator RTF: 0.2884(1.301s / 4.510s)
generated_audios/generated_H3_128C_pruned70/61-70968-0010_generated.wav | RTF: 0.2771(2.298s / 8.295s) | Generator RTF: 0.2766(2.295s / 8.295s)
generated_audios/generated_H3_128C_pruned70/61-70968-0011_generated.wav | RTF: 0.2757(1.758s / 6.375s) | Generator RTF: 0.2751(1.754s / 6.375s)
generated_audios/generated_H3_128C_pruned70/61-70968-0012_generated.wav | RTF: 0.0286(0.075s / 2.610s) | Generator RTF: 0.0273(0.071s / 2.610s)
generated_audios/generated_H3_128C_pruned70/61-70968-0013_generated.wav | RTF: 0.0235(0.104s / 4.450s) | Generator RTF: 0.0227(0.101s / 4.450s)
generated_audios/generated_H3_128C_pruned70/61-70968-0014_generated.wav | RTF: 0.2921(2.186s / 7.485s) | Generator RTF: 0.2916(2.183s / 7.485s)
generated_audios/generated_H3_128C_pruned70/61-70968-0015_generated.wav | RTF: 0.2772(1.490s / 5.375s) | Generator RTF: 0.2765(1.486s / 5.375s)
generated_audios/generated_H3_128C_pruned70/61-70968-0016_generated.wav | RTF: 0.2903(1.080s / 3.720s) | Generator RTF: 0.2894(1.077s / 3.720s)
generated_audios/generated_H3_128C_pruned70/61-70968-0017_generated.wav | RTF: 0.2934(1.499s / 5.110s) | Generator RTF: 0.2927(1.496s / 5.110s)
generated_audios/generated_H3_128C_pruned70/61-70968-0018_generated.wav | RTF: 0.2829(0.681s / 2.405s) | Generator RTF: 0.2815(0.677s / 2.405s)
generated_audios/generated_H3_128C_pruned70/61-70968-0019_generated.wav | RTF: 0.2783(1.524s / 5.475s) | Generator RTF: 0.2777(1.520s / 5.475s)
generated_audios/generated_H3_128C_pruned70/61-70968-0020_generated.wav | RTF: 0.2972(1.517s / 5.105s) | Generator RTF: 0.2966(1.514s / 5.105s)
generated_audios/generated_H3_128C_pruned70/61-70968-0021_generated.wav | RTF: 0.2701(0.727s / 2.690s) | Generator RTF: 0.2690(0.724s / 2.690s)
generated_audios/generated_H3_128C_pruned70/61-70968-0022_generated.wav | RTF: 0.0274(0.128s / 4.670s) | Generator RTF: 0.0266(0.124s / 4.670s)
generated_audios/generated_H3_128C_pruned70/61-70968-0023_generated.wav | RTF: 0.0244(0.122s / 5.025s) | Generator RTF: 0.0237(0.119s / 5.025s)
generated_audios/generated_H3_128C_pruned70/61-70968-0024_generated.wav | RTF: 0.2933(1.767s / 6.025s) | Generator RTF: 0.2926(1.763s / 6.025s)
generated_audios/generated_H3_128C_pruned70/61-70968-0025_generated.wav | RTF: 0.0237(0.105s / 4.410s) | Generator RTF: 0.0229(0.101s / 4.410s)
generated_audios/generated_H3_128C_pruned70/61-70968-0026_generated.wav | RTF: 0.2749(1.353s / 4.920s) | Generator RTF: 0.2742(1.349s / 4.920s)
generated_audios/generated_H3_128C_pruned70/61-70968-0027_generated.wav | RTF: 0.2806(1.927s / 6.870s) | Generator RTF: 0.2800(1.924s / 6.870s)
generated_audios/generated_H3_128C_pruned70/61-70968-0028_generated.wav | RTF: 0.2965(1.588s / 5.355s) | Generator RTF: 0.2958(1.584s / 5.355s)
generated_audios/generated_H3_128C_pruned70/61-70968-0029_generated.wav | RTF: 0.2881(1.007s / 3.495s) | Generator RTF: 0.2871(1.004s / 3.495s)
generated_audios/generated_H3_128C_pruned70/61-70968-0030_generated.wav | RTF: 0.2798(1.590s / 5.685s) | Generator RTF: 0.2792(1.587s / 5.685s)
generated_audios/generated_H3_128C_pruned70/61-70968-0031_generated.wav | RTF: 0.2945(0.861s / 2.925s) | Generator RTF: 0.2933(0.858s / 2.925s)
generated_audios/generated_H3_128C_pruned70/61-70968-0032_generated.wav | RTF: 0.0242(0.104s / 4.280s) | Generator RTF: 0.0234(0.100s / 4.280s)
generated_audios/generated_H3_128C_pruned70/61-70968-0033_generated.wav | RTF: 0.0183(0.104s / 5.685s) | Generator RTF: 0.0176(0.100s / 5.685s)
generated_audios/generated_H3_128C_pruned70/61-70968-0034_generated.wav | RTF: 0.2936(1.242s / 4.230s) | Generator RTF: 0.2927(1.238s / 4.230s)
generated_audios/generated_H3_128C_pruned70/61-70968-0035_generated.wav | RTF: 0.2809(2.233s / 7.950s) | Generator RTF: 0.2804(2.229s / 7.950s)
generated_audios/generated_H3_128C_pruned70/61-70968-0036_generated.wav | RTF: 0.0292(0.086s / 2.935s) | Generator RTF: 0.0279(0.082s / 2.935s)
generated_audios/generated_H3_128C_pruned70/61-70968-0037_generated.wav | RTF: 0.0244(0.105s / 4.315s) | Generator RTF: 0.0236(0.102s / 4.315s)
generated_audios/generated_H3_128C_pruned70/61-70968-0038_generated.wav | RTF: 0.2784(0.571s / 2.050s) | Generator RTF: 0.2768(0.567s / 2.050s)
generated_audios/generated_H3_128C_pruned70/61-70968-0039_generated.wav | RTF: 0.2806(1.068s / 3.805s) | Generator RTF: 0.2797(1.064s / 3.805s)
generated_audios/generated_H3_128C_pruned70/61-70968-0040_generated.wav | RTF: 0.2927(1.156s / 3.950s) | Generator RTF: 0.2919(1.153s / 3.950s)
generated_audios/generated_H3_128C_pruned70/61-70968-0041_generated.wav | RTF: 0.0238(0.162s / 6.825s) | Generator RTF: 0.0232(0.158s / 6.825s)
generated_audios/generated_H3_128C_pruned70/61-70968-0042_generated.wav | RTF: 0.0276(0.077s / 2.785s) | Generator RTF: 0.0264(0.073s / 2.785s)
generated_audios/generated_H3_128C_pruned70/61-70968-0043_generated.wav | RTF: 0.2975(2.004s / 6.735s) | Generator RTF: 0.2970(2.000s / 6.735s)
generated_audios/generated_H3_128C_pruned70/61-70968-0044_generated.wav | RTF: 0.0285(0.079s / 2.770s) | Generator RTF: 0.0274(0.076s / 2.770s)
generated_audios/generated_H3_128C_pruned70/61-70968-0045_generated.wav | RTF: 0.0255(0.089s / 3.475s) | Generator RTF: 0.0246(0.085s / 3.475s)
generated_audios/generated_H3_128C_pruned70/61-70968-0046_generated.wav | RTF: 0.0259(0.092s / 3.550s) | Generator RTF: 0.0249(0.089s / 3.550s)
generated_audios/generated_H3_128C_pruned70/61-70968-0047_generated.wav | RTF: 0.2781(1.328s / 4.775s) | Generator RTF: 0.2774(1.325s / 4.775s)
generated_audios/generated_H3_128C_pruned70/61-70968-0048_generated.wav | RTF: 0.2915(0.880s / 3.020s) | Generator RTF: 0.2904(0.877s / 3.020s)
generated_audios/generated_H3_128C_pruned70/61-70968-0049_generated.wav | RTF: 0.2961(2.443s / 8.250s) | Generator RTF: 0.2956(2.439s / 8.250s)
generated_audios/generated_H3_128C_pruned70/61-70968-0050_generated.wav | RTF: 0.2805(1.565s / 5.580s) | Generator RTF: 0.2798(1.561s / 5.580s)
generated_audios/generated_H3_128C_pruned70/61-70968-0051_generated.wav | RTF: 0.2784(0.873s / 3.135s) | Generator RTF: 0.2771(0.869s / 3.135s)
generated_audios/generated_H3_128C_pruned70/61-70968-0052_generated.wav | RTF: 0.2800(0.742s / 2.650s) | Generator RTF: 0.2788(0.739s / 2.650s)
generated_audios/generated_H3_128C_pruned70/61-70968-0053_generated.wav | RTF: 0.0275(0.116s / 4.220s) | Generator RTF: 0.0267(0.113s / 4.220s)
generated_audios/generated_H3_128C_pruned70/61-70968-0054_generated.wav | RTF: 0.2956(2.323s / 7.860s) | Generator RTF: 0.2951(2.319s / 7.860s)
generated_audios/generated_H3_128C_pruned70/61-70968-0055_generated.wav | RTF: 0.0250(0.099s / 3.965s) | Generator RTF: 0.0241(0.096s / 3.965s)
generated_audios/generated_H3_128C_pruned70/61-70968-0056_generated.wav | RTF: 0.2915(1.039s / 3.565s) | Generator RTF: 0.2906(1.036s / 3.565s)
generated_audios/generated_H3_128C_pruned70/61-70968-0057_generated.wav | RTF: 0.0226(0.114s / 5.065s) | Generator RTF: 0.0219(0.111s / 5.065s)
generated_audios/generated_H3_128C_pruned70/61-70968-0058_generated.wav | RTF: 0.2622(0.477s / 1.820s) | Generator RTF: 0.2605(0.474s / 1.820s)
generated_audios/generated_H3_128C_pruned70/61-70968-0059_generated.wav | RTF: 0.0315(0.068s / 2.170s) | Generator RTF: 0.0300(0.065s / 2.170s)
generated_audios/generated_H3_128C_pruned70/61-70968-0060_generated.wav | RTF: 0.0281(0.105s / 3.735s) | Generator RTF: 0.0272(0.102s / 3.735s)
generated_audios/generated_H3_128C_pruned70/61-70968-0061_generated.wav | RTF: 0.2908(1.608s / 5.530s) | Generator RTF: 0.2902(1.605s / 5.530s)
generated_audios/generated_H3_128C_pruned70/61-70968-0062_generated.wav | RTF: 0.0292(0.075s / 2.555s) | Generator RTF: 0.0279(0.071s / 2.555s)
generated_audios/generated_H3_128C_pruned70/61-70970-0000_generated.wav | RTF: 0.2953(1.794s / 6.075s) | Generator RTF: 0.2946(1.790s / 6.075s)
generated_audios/generated_H3_128C_pruned70/61-70970-0001_generated.wav | RTF: 0.2878(1.771s / 6.155s) | Generator RTF: 0.2871(1.767s / 6.155s)
generated_audios/generated_H3_128C_pruned70/61-70970-0002_generated.wav | RTF: 0.2925(1.218s / 4.165s) | Generator RTF: 0.2916(1.214s / 4.165s)
generated_audios/generated_H3_128C_pruned70/61-70970-0003_generated.wav | RTF: 0.2836(1.088s / 3.835s) | Generator RTF: 0.2826(1.084s / 3.835s)
generated_audios/generated_H3_128C_pruned70/61-70970-0004_generated.wav | RTF: 0.2937(3.088s / 10.515s) | Generator RTF: 0.2933(3.084s / 10.515s)
generated_audios/generated_H3_128C_pruned70/61-70970-0005_generated.wav | RTF: 0.2836(0.573s / 2.020s) | Generator RTF: 0.2819(0.569s / 2.020s)
generated_audios/generated_H3_128C_pruned70/61-70970-0006_generated.wav | RTF: 0.2950(0.689s / 2.335s) | Generator RTF: 0.2936(0.686s / 2.335s)
generated_audios/generated_H3_128C_pruned70/61-70970-0007_generated.wav | RTF: 0.3047(1.367s / 4.485s) | Generator RTF: 0.3039(1.363s / 4.485s)
generated_audios/generated_H3_128C_pruned70/61-70970-0008_generated.wav | RTF: 0.3013(0.648s / 2.150s) | Generator RTF: 0.2997(0.644s / 2.150s)
generated_audios/generated_H3_128C_pruned70/61-70970-0009_generated.wav | RTF: 0.3110(1.059s / 3.405s) | Generator RTF: 0.3100(1.055s / 3.405s)
generated_audios/generated_H3_128C_pruned70/61-70970-0010_generated.wav | RTF: 0.0279(0.085s / 3.045s) | Generator RTF: 0.0268(0.082s / 3.045s)
generated_audios/generated_H3_128C_pruned70/61-70970-0011_generated.wav | RTF: 0.0172(0.105s / 6.075s) | Generator RTF: 0.0166(0.101s / 6.075s)
generated_audios/generated_H3_128C_pruned70/61-70970-0012_generated.wav | RTF: 0.0268(0.084s / 3.135s) | Generator RTF: 0.0256(0.080s / 3.135s)
generated_audios/generated_H3_128C_pruned70/61-70970-0013_generated.wav | RTF: 0.2994(1.302s / 4.350s) | Generator RTF: 0.2986(1.299s / 4.350s)
generated_audios/generated_H3_128C_pruned70/61-70970-0014_generated.wav | RTF: 0.0197(0.067s / 3.405s) | Generator RTF: 0.0187(0.064s / 3.405s)
generated_audios/generated_H3_128C_pruned70/61-70970-0015_generated.wav | RTF: 0.3026(2.547s / 8.415s) | Generator RTF: 0.3021(2.543s / 8.415s)
generated_audios/generated_H3_128C_pruned70/61-70970-0016_generated.wav | RTF: 0.3025(1.322s / 4.370s) | Generator RTF: 0.3017(1.318s / 4.370s)
generated_audios/generated_H3_128C_pruned70/61-70970-0017_generated.wav | RTF: 0.0277(0.071s / 2.550s) | Generator RTF: 0.0264(0.067s / 2.550s)
generated_audios/generated_H3_128C_pruned70/61-70970-0018_generated.wav | RTF: 0.2807(1.291s / 4.600s) | Generator RTF: 0.2799(1.288s / 4.600s)
generated_audios/generated_H3_128C_pruned70/61-70970-0019_generated.wav | RTF: 0.2973(1.124s / 3.780s) | Generator RTF: 0.2964(1.120s / 3.780s)
generated_audios/generated_H3_128C_pruned70/61-70970-0020_generated.wav | RTF: 0.0239(0.120s / 5.025s) | Generator RTF: 0.0232(0.116s / 5.025s)
generated_audios/generated_H3_128C_pruned70/61-70970-0021_generated.wav | RTF: 0.2786(1.506s / 5.405s) | Generator RTF: 0.2779(1.502s / 5.405s)
generated_audios/generated_H3_128C_pruned70/61-70970-0022_generated.wav | RTF: 0.0244(0.097s / 3.970s) | Generator RTF: 0.0235(0.093s / 3.970s)
generated_audios/generated_H3_128C_pruned70/61-70970-0023_generated.wav | RTF: 0.0254(0.094s / 3.705s) | Generator RTF: 0.0244(0.090s / 3.705s)
generated_audios/generated_H3_128C_pruned70/61-70970-0024_generated.wav | RTF: 0.2919(2.112s / 7.235s) | Generator RTF: 0.2914(2.108s / 7.235s)
generated_audios/generated_H3_128C_pruned70/61-70970-0025_generated.wav | RTF: 0.2963(2.203s / 7.435s) | Generator RTF: 0.2958(2.199s / 7.435s)
generated_audios/generated_H3_128C_pruned70/61-70970-0026_generated.wav | RTF: 0.0264(0.144s / 5.475s) | Generator RTF: 0.0257(0.141s / 5.475s)
generated_audios/generated_H3_128C_pruned70/61-70970-0027_generated.wav | RTF: 0.0230(0.117s / 5.080s) | Generator RTF: 0.0223(0.113s / 5.080s)
generated_audios/generated_H3_128C_pruned70/61-70970-0028_generated.wav | RTF: 0.0245(0.160s / 6.550s) | Generator RTF: 0.0239(0.157s / 6.550s)
generated_audios/generated_H3_128C_pruned70/61-70970-0029_generated.wav | RTF: 0.0244(0.099s / 4.030s) | Generator RTF: 0.0236(0.095s / 4.030s)
generated_audios/generated_H3_128C_pruned70/61-70970-0030_generated.wav | RTF: 0.0288(0.093s / 3.240s) | Generator RTF: 0.0277(0.090s / 3.240s)
generated_audios/generated_H3_128C_pruned70/61-70970-0031_generated.wav | RTF: 0.2896(1.487s / 5.135s) | Generator RTF: 0.2888(1.483s / 5.135s)
generated_audios/generated_H3_128C_pruned70/61-70970-0032_generated.wav | RTF: 0.0269(0.084s / 3.135s) | Generator RTF: 0.0258(0.081s / 3.135s)
generated_audios/generated_H3_128C_pruned70/61-70970-0033_generated.wav | RTF: 0.2754(0.942s / 3.420s) | Generator RTF: 0.2744(0.938s / 3.420s)
generated_audios/generated_H3_128C_pruned70/61-70970-0034_generated.wav | RTF: 0.0232(0.104s / 4.485s) | Generator RTF: 0.0224(0.100s / 4.485s)
generated_audios/generated_H3_128C_pruned70/61-70970-0035_generated.wav | RTF: 0.0236(0.175s / 7.405s) | Generator RTF: 0.0231(0.171s / 7.405s)
generated_audios/generated_H3_128C_pruned70/61-70970-0036_generated.wav | RTF: 0.0237(0.160s / 6.785s) | Generator RTF: 0.0231(0.157s / 6.785s)
generated_audios/generated_H3_128C_pruned70/61-70970-0037_generated.wav | RTF: 0.2910(1.740s / 5.980s) | Generator RTF: 0.2904(1.736s / 5.980s)
generated_audios/generated_H3_128C_pruned70/61-70970-0038_generated.wav | RTF: 0.2920(3.037s / 10.400s) | Generator RTF: 0.2916(3.033s / 10.400s)
generated_audios/generated_H3_128C_pruned70/61-70970-0039_generated.wav | RTF: 0.0226(0.151s / 6.665s) | Generator RTF: 0.0220(0.147s / 6.665s)
generated_audios/generated_H3_128C_pruned70/61-70970-0040_generated.wav | RTF: 0.0243(0.101s / 4.165s) | Generator RTF: 0.0235(0.098s / 4.165s)
generated_audios/generated_H3_128C_pruned70/672-122797-0000_generated.wav | RTF: 0.2909(1.184s / 4.070s) | Generator RTF: 0.2902(1.181s / 4.070s)
generated_audios/generated_H3_128C_pruned70/672-122797-0001_generated.wav | RTF: 0.3038(4.596s / 15.130s) | Generator RTF: 0.3035(4.592s / 15.130s)
generated_audios/generated_H3_128C_pruned70/672-122797-0002_generated.wav | RTF: 0.2761(3.761s / 13.620s) | Generator RTF: 0.2758(3.757s / 13.620s)
generated_audios/generated_H3_128C_pruned70/672-122797-0003_generated.wav | RTF: 0.2904(1.383s / 4.760s) | Generator RTF: 0.2897(1.379s / 4.760s)
generated_audios/generated_H3_128C_pruned70/672-122797-0004_generated.wav | RTF: 0.2868(2.940s / 10.250s) | Generator RTF: 0.2864(2.936s / 10.250s)
generated_audios/generated_H3_128C_pruned70/672-122797-0005_generated.wav | RTF: 0.2866(0.934s / 3.260s) | Generator RTF: 0.2855(0.931s / 3.260s)
generated_audios/generated_H3_128C_pruned70/672-122797-0006_generated.wav | RTF: 0.3087(4.306s / 13.950s) | Generator RTF: 0.3084(4.302s / 13.950s)
generated_audios/generated_H3_128C_pruned70/672-122797-0007_generated.wav | RTF: 0.2930(1.881s / 6.420s) | Generator RTF: 0.2924(1.877s / 6.420s)
generated_audios/generated_H3_128C_pruned70/672-122797-0008_generated.wav | RTF: 0.3033(9.345s / 30.810s) | Generator RTF: 0.3031(9.339s / 30.810s)
generated_audios/generated_H3_128C_pruned70/672-122797-0009_generated.wav | RTF: 0.0288(0.080s / 2.765s) | Generator RTF: 0.0276(0.076s / 2.765s)
generated_audios/generated_H3_128C_pruned70/672-122797-0010_generated.wav | RTF: 0.0247(0.094s / 3.815s) | Generator RTF: 0.0238(0.091s / 3.815s)
generated_audios/generated_H3_128C_pruned70/672-122797-0011_generated.wav | RTF: 0.3037(0.772s / 2.540s) | Generator RTF: 0.3025(0.768s / 2.540s)
generated_audios/generated_H3_128C_pruned70/672-122797-0012_generated.wav | RTF: 0.3055(2.372s / 7.765s) | Generator RTF: 0.3050(2.368s / 7.765s)
generated_audios/generated_H3_128C_pruned70/672-122797-0013_generated.wav | RTF: 0.3042(2.648s / 8.705s) | Generator RTF: 0.3037(2.644s / 8.705s)
generated_audios/generated_H3_128C_pruned70/672-122797-0014_generated.wav | RTF: 0.0279(0.071s / 2.555s) | Generator RTF: 0.0266(0.068s / 2.555s)
generated_audios/generated_H3_128C_pruned70/672-122797-0015_generated.wav | RTF: 0.0235(0.105s / 4.455s) | Generator RTF: 0.0227(0.101s / 4.455s)
generated_audios/generated_H3_128C_pruned70/672-122797-0016_generated.wav | RTF: 0.2934(2.704s / 9.215s) | Generator RTF: 0.2930(2.700s / 9.215s)
generated_audios/generated_H3_128C_pruned70/672-122797-0017_generated.wav | RTF: 0.2916(1.406s / 4.820s) | Generator RTF: 0.2910(1.402s / 4.820s)
generated_audios/generated_H3_128C_pruned70/672-122797-0018_generated.wav | RTF: 0.2975(1.467s / 4.930s) | Generator RTF: 0.2967(1.463s / 4.930s)
generated_audios/generated_H3_128C_pruned70/672-122797-0019_generated.wav | RTF: 0.2832(1.164s / 4.110s) | Generator RTF: 0.2823(1.160s / 4.110s)
generated_audios/generated_H3_128C_pruned70/672-122797-0020_generated.wav | RTF: 0.3018(2.663s / 8.825s) | Generator RTF: 0.3013(2.659s / 8.825s)
generated_audios/generated_H3_128C_pruned70/672-122797-0021_generated.wav | RTF: 0.0250(0.104s / 4.150s) | Generator RTF: 0.0242(0.100s / 4.150s)
generated_audios/generated_H3_128C_pruned70/672-122797-0022_generated.wav | RTF: 0.3048(5.793s / 19.005s) | Generator RTF: 0.3045(5.788s / 19.005s)
generated_audios/generated_H3_128C_pruned70/672-122797-0023_generated.wav | RTF: 0.2941(2.851s / 9.695s) | Generator RTF: 0.2937(2.848s / 9.695s)
generated_audios/generated_H3_128C_pruned70/672-122797-0024_generated.wav | RTF: 0.2862(1.182s / 4.130s) | Generator RTF: 0.2854(1.179s / 4.130s)
generated_audios/generated_H3_128C_pruned70/672-122797-0025_generated.wav | RTF: 0.2990(3.196s / 10.690s) | Generator RTF: 0.2986(3.192s / 10.690s)
generated_audios/generated_H3_128C_pruned70/672-122797-0026_generated.wav | RTF: 0.3005(4.194s / 13.960s) | Generator RTF: 0.3001(4.190s / 13.960s)
generated_audios/generated_H3_128C_pruned70/672-122797-0027_generated.wav | RTF: 0.0228(0.109s / 4.790s) | Generator RTF: 0.0220(0.105s / 4.790s)
generated_audios/generated_H3_128C_pruned70/672-122797-0028_generated.wav | RTF: 0.0275(0.072s / 2.610s) | Generator RTF: 0.0263(0.069s / 2.610s)
generated_audios/generated_H3_128C_pruned70/672-122797-0029_generated.wav | RTF: 0.0262(0.080s / 3.050s) | Generator RTF: 0.0251(0.076s / 3.050s)
generated_audios/generated_H3_128C_pruned70/672-122797-0030_generated.wav | RTF: 0.2897(1.325s / 4.575s) | Generator RTF: 0.2890(1.322s / 4.575s)
generated_audios/generated_H3_128C_pruned70/672-122797-0031_generated.wav | RTF: 0.0254(0.101s / 3.980s) | Generator RTF: 0.0246(0.098s / 3.980s)
generated_audios/generated_H3_128C_pruned70/672-122797-0032_generated.wav | RTF: 0.0247(0.099s / 4.000s) | Generator RTF: 0.0238(0.095s / 4.000s)
generated_audios/generated_H3_128C_pruned70/672-122797-0033_generated.wav | RTF: 0.2583(0.332s / 1.285s) | Generator RTF: 0.2561(0.329s / 1.285s)
generated_audios/generated_H3_128C_pruned70/672-122797-0034_generated.wav | RTF: 0.0231(0.118s / 5.110s) | Generator RTF: 0.0224(0.114s / 5.110s)
generated_audios/generated_H3_128C_pruned70/672-122797-0035_generated.wav | RTF: 0.0266(0.077s / 2.900s) | Generator RTF: 0.0256(0.074s / 2.900s)
generated_audios/generated_H3_128C_pruned70/672-122797-0036_generated.wav | RTF: 0.0236(0.127s / 5.365s) | Generator RTF: 0.0230(0.124s / 5.365s)
generated_audios/generated_H3_128C_pruned70/672-122797-0037_generated.wav | RTF: 0.2753(0.540s / 1.960s) | Generator RTF: 0.2739(0.537s / 1.960s)
generated_audios/generated_H3_128C_pruned70/672-122797-0038_generated.wav | RTF: 0.3011(2.650s / 8.800s) | Generator RTF: 0.3007(2.646s / 8.800s)
generated_audios/generated_H3_128C_pruned70/672-122797-0039_generated.wav | RTF: 0.2941(1.184s / 4.025s) | Generator RTF: 0.2933(1.180s / 4.025s)
generated_audios/generated_H3_128C_pruned70/672-122797-0040_generated.wav | RTF: 0.0237(0.121s / 5.125s) | Generator RTF: 0.0230(0.118s / 5.125s)
generated_audios/generated_H3_128C_pruned70/672-122797-0041_generated.wav | RTF: 0.0241(0.094s / 3.880s) | Generator RTF: 0.0233(0.091s / 3.880s)
generated_audios/generated_H3_128C_pruned70/672-122797-0042_generated.wav | RTF: 0.3017(4.619s / 15.310s) | Generator RTF: 0.3014(4.615s / 15.310s)
generated_audios/generated_H3_128C_pruned70/672-122797-0043_generated.wav | RTF: 0.0248(0.094s / 3.780s) | Generator RTF: 0.0239(0.090s / 3.780s)
generated_audios/generated_H3_128C_pruned70/672-122797-0044_generated.wav | RTF: 0.0245(0.092s / 3.740s) | Generator RTF: 0.0237(0.089s / 3.740s)
generated_audios/generated_H3_128C_pruned70/672-122797-0045_generated.wav | RTF: 0.0220(0.307s / 13.960s) | Generator RTF: 0.0217(0.303s / 13.960s)
generated_audios/generated_H3_128C_pruned70/672-122797-0046_generated.wav | RTF: 0.2917(1.375s / 4.715s) | Generator RTF: 0.2909(1.372s / 4.715s)
generated_audios/generated_H3_128C_pruned70/672-122797-0047_generated.wav | RTF: 0.2905(0.966s / 3.325s) | Generator RTF: 0.2895(0.963s / 3.325s)
generated_audios/generated_H3_128C_pruned70/672-122797-0048_generated.wav | RTF: 0.0246(0.161s / 6.555s) | Generator RTF: 0.0241(0.158s / 6.555s)
generated_audios/generated_H3_128C_pruned70/672-122797-0049_generated.wav | RTF: 0.0310(0.063s / 2.020s) | Generator RTF: 0.0295(0.060s / 2.020s)
generated_audios/generated_H3_128C_pruned70/672-122797-0050_generated.wav | RTF: 0.2927(1.421s / 4.855s) | Generator RTF: 0.2920(1.418s / 4.855s)
generated_audios/generated_H3_128C_pruned70/672-122797-0051_generated.wav | RTF: 0.3000(1.399s / 4.665s) | Generator RTF: 0.2993(1.396s / 4.665s)
generated_audios/generated_H3_128C_pruned70/672-122797-0052_generated.wav | RTF: 0.2834(1.214s / 4.285s) | Generator RTF: 0.2826(1.211s / 4.285s)
generated_audios/generated_H3_128C_pruned70/672-122797-0053_generated.wav | RTF: 0.0284(0.084s / 2.955s) | Generator RTF: 0.0273(0.081s / 2.955s)
generated_audios/generated_H3_128C_pruned70/672-122797-0054_generated.wav | RTF: 0.0271(0.115s / 4.250s) | Generator RTF: 0.0263(0.112s / 4.250s)
generated_audios/generated_H3_128C_pruned70/672-122797-0055_generated.wav | RTF: 0.2816(2.318s / 8.230s) | Generator RTF: 0.2812(2.314s / 8.230s)
generated_audios/generated_H3_128C_pruned70/672-122797-0056_generated.wav | RTF: 0.0236(0.123s / 5.225s) | Generator RTF: 0.0229(0.120s / 5.225s)
generated_audios/generated_H3_128C_pruned70/672-122797-0057_generated.wav | RTF: 0.0230(0.151s / 6.560s) | Generator RTF: 0.0224(0.147s / 6.560s)
generated_audios/generated_H3_128C_pruned70/672-122797-0058_generated.wav | RTF: 0.2967(1.326s / 4.470s) | Generator RTF: 0.2959(1.323s / 4.470s)
generated_audios/generated_H3_128C_pruned70/672-122797-0059_generated.wav | RTF: 0.2887(1.016s / 3.520s) | Generator RTF: 0.2878(1.013s / 3.520s)
generated_audios/generated_H3_128C_pruned70/672-122797-0060_generated.wav | RTF: 0.0269(0.090s / 3.350s) | Generator RTF: 0.0259(0.087s / 3.350s)
generated_audios/generated_H3_128C_pruned70/672-122797-0061_generated.wav | RTF: 0.3069(2.329s / 7.590s) | Generator RTF: 0.3064(2.325s / 7.590s)
generated_audios/generated_H3_128C_pruned70/672-122797-0062_generated.wav | RTF: 0.3045(0.815s / 2.675s) | Generator RTF: 0.3031(0.811s / 2.675s)
generated_audios/generated_H3_128C_pruned70/672-122797-0063_generated.wav | RTF: 0.0227(0.115s / 5.075s) | Generator RTF: 0.0221(0.112s / 5.075s)
generated_audios/generated_H3_128C_pruned70/672-122797-0064_generated.wav | RTF: 0.3006(4.590s / 15.270s) | Generator RTF: 0.3003(4.586s / 15.270s)
generated_audios/generated_H3_128C_pruned70/672-122797-0065_generated.wav | RTF: 0.0273(0.083s / 3.030s) | Generator RTF: 0.0264(0.080s / 3.030s)
generated_audios/generated_H3_128C_pruned70/672-122797-0066_generated.wav | RTF: 0.0250(0.120s / 4.815s) | Generator RTF: 0.0244(0.117s / 4.815s)
generated_audios/generated_H3_128C_pruned70/672-122797-0067_generated.wav | RTF: 0.2870(3.741s / 13.035s) | Generator RTF: 0.2867(3.737s / 13.035s)
generated_audios/generated_H3_128C_pruned70/672-122797-0068_generated.wav | RTF: 0.0249(0.100s / 4.020s) | Generator RTF: 0.0242(0.097s / 4.020s)
generated_audios/generated_H3_128C_pruned70/672-122797-0069_generated.wav | RTF: 0.3028(1.517s / 5.010s) | Generator RTF: 0.3021(1.513s / 5.010s)
generated_audios/generated_H3_128C_pruned70/672-122797-0070_generated.wav | RTF: 0.2807(1.760s / 6.270s) | Generator RTF: 0.2801(1.756s / 6.270s)
generated_audios/generated_H3_128C_pruned70/672-122797-0071_generated.wav | RTF: 0.3005(2.667s / 8.875s) | Generator RTF: 0.3001(2.663s / 8.875s)
generated_audios/generated_H3_128C_pruned70/672-122797-0072_generated.wav | RTF: 0.3054(2.425s / 7.940s) | Generator RTF: 0.3050(2.421s / 7.940s)
generated_audios/generated_H3_128C_pruned70/672-122797-0073_generated.wav | RTF: 0.3032(2.488s / 8.205s) | Generator RTF: 0.3027(2.484s / 8.205s)
generated_audios/generated_H3_128C_pruned70/672-122797-0074_generated.wav | RTF: 0.3038(2.652s / 8.730s) | Generator RTF: 0.3033(2.648s / 8.730s)
generated_audios/generated_H3_128C_pruned70/908-157963-0000_generated.wav | RTF: 0.2876(3.629s / 12.620s) | Generator RTF: 0.2873(3.625s / 12.620s)
generated_audios/generated_H3_128C_pruned70/908-157963-0001_generated.wav | RTF: 0.2962(0.855s / 2.885s) | Generator RTF: 0.2951(0.851s / 2.885s)
generated_audios/generated_H3_128C_pruned70/908-157963-0002_generated.wav | RTF: 0.2968(0.818s / 2.755s) | Generator RTF: 0.2957(0.815s / 2.755s)
generated_audios/generated_H3_128C_pruned70/908-157963-0003_generated.wav | RTF: 0.2946(0.907s / 3.080s) | Generator RTF: 0.2934(0.904s / 3.080s)
generated_audios/generated_H3_128C_pruned70/908-157963-0004_generated.wav | RTF: 0.2993(4.187s / 13.990s) | Generator RTF: 0.2990(4.183s / 13.990s)
generated_audios/generated_H3_128C_pruned70/908-157963-0005_generated.wav | RTF: 0.2912(2.049s / 7.035s) | Generator RTF: 0.2907(2.045s / 7.035s)
generated_audios/generated_H3_128C_pruned70/908-157963-0006_generated.wav | RTF: 0.2968(2.407s / 8.110s) | Generator RTF: 0.2963(2.403s / 8.110s)
generated_audios/generated_H3_128C_pruned70/908-157963-0007_generated.wav | RTF: 0.3071(10.063s / 32.770s) | Generator RTF: 0.3069(10.056s / 32.770s)
generated_audios/generated_H3_128C_pruned70/908-157963-0008_generated.wav | RTF: 0.3023(6.030s / 19.950s) | Generator RTF: 0.3020(6.024s / 19.950s)
generated_audios/generated_H3_128C_pruned70/908-157963-0009_generated.wav | RTF: 0.2987(1.213s / 4.060s) | Generator RTF: 0.2979(1.209s / 4.060s)
generated_audios/generated_H3_128C_pruned70/908-157963-0010_generated.wav | RTF: 0.0243(0.153s / 6.280s) | Generator RTF: 0.0237(0.149s / 6.280s)
generated_audios/generated_H3_128C_pruned70/908-157963-0011_generated.wav | RTF: 0.0229(0.238s / 10.395s) | Generator RTF: 0.0225(0.234s / 10.395s)
generated_audios/generated_H3_128C_pruned70/908-157963-0012_generated.wav | RTF: 0.2967(2.993s / 10.090s) | Generator RTF: 0.2962(2.989s / 10.090s)
generated_audios/generated_H3_128C_pruned70/908-157963-0013_generated.wav | RTF: 0.0253(0.109s / 4.315s) | Generator RTF: 0.0245(0.106s / 4.315s)
generated_audios/generated_H3_128C_pruned70/908-157963-0014_generated.wav | RTF: 0.0237(0.107s / 4.520s) | Generator RTF: 0.0229(0.103s / 4.520s)
generated_audios/generated_H3_128C_pruned70/908-157963-0015_generated.wav | RTF: 0.2825(4.086s / 14.465s) | Generator RTF: 0.2822(4.082s / 14.465s)
generated_audios/generated_H3_128C_pruned70/908-157963-0016_generated.wav | RTF: 0.0231(0.118s / 5.105s) | Generator RTF: 0.0225(0.115s / 5.105s)
generated_audios/generated_H3_128C_pruned70/908-157963-0017_generated.wav | RTF: 0.2806(1.389s / 4.950s) | Generator RTF: 0.2800(1.386s / 4.950s)
generated_audios/generated_H3_128C_pruned70/908-157963-0018_generated.wav | RTF: 0.0274(0.117s / 4.255s) | Generator RTF: 0.0267(0.113s / 4.255s)
generated_audios/generated_H3_128C_pruned70/908-157963-0019_generated.wav | RTF: 0.3064(6.568s / 21.440s) | Generator RTF: 0.3061(6.563s / 21.440s)
generated_audios/generated_H3_128C_pruned70/908-157963-0020_generated.wav | RTF: 0.2988(2.928s / 9.800s) | Generator RTF: 0.2984(2.924s / 9.800s)
generated_audios/generated_H3_128C_pruned70/908-157963-0021_generated.wav | RTF: 0.0236(0.242s / 10.240s) | Generator RTF: 0.0232(0.238s / 10.240s)
generated_audios/generated_H3_128C_pruned70/908-157963-0022_generated.wav | RTF: 0.3030(1.397s / 4.610s) | Generator RTF: 0.3022(1.393s / 4.610s)
generated_audios/generated_H3_128C_pruned70/908-157963-0023_generated.wav | RTF: 0.3067(2.952s / 9.625s) | Generator RTF: 0.3063(2.948s / 9.625s)
generated_audios/generated_H3_128C_pruned70/908-157963-0024_generated.wav | RTF: 0.3048(1.048s / 3.440s) | Generator RTF: 0.3039(1.045s / 3.440s)
generated_audios/generated_H3_128C_pruned70/908-157963-0025_generated.wav | RTF: 0.2850(2.640s / 9.265s) | Generator RTF: 0.2846(2.637s / 9.265s)
generated_audios/generated_H3_128C_pruned70/908-157963-0026_generated.wav | RTF: 0.2949(2.388s / 8.100s) | Generator RTF: 0.2944(2.385s / 8.100s)
generated_audios/generated_H3_128C_pruned70/908-157963-0027_generated.wav | RTF: 0.0245(0.128s / 5.225s) | Generator RTF: 0.0238(0.124s / 5.225s)
generated_audios/generated_H3_128C_pruned70/908-157963-0028_generated.wav | RTF: 0.0181(0.090s / 4.955s) | Generator RTF: 0.0173(0.086s / 4.955s)
generated_audios/generated_H3_128C_pruned70/908-157963-0029_generated.wav | RTF: 0.2768(1.005s / 3.630s) | Generator RTF: 0.2762(1.003s / 3.630s)
generated_audios/generated_H3_128C_pruned70/908-157963-0030_generated.wav | RTF: 0.0230(0.104s / 4.520s) | Generator RTF: 0.0222(0.100s / 4.520s)
generated_audios/generated_H3_128C_pruned70/908-31957-0000_generated.wav | RTF: 0.2836(0.603s / 2.125s) | Generator RTF: 0.2821(0.599s / 2.125s)
generated_audios/generated_H3_128C_pruned70/908-31957-0001_generated.wav | RTF: 0.3010(3.406s / 11.315s) | Generator RTF: 0.3007(3.402s / 11.315s)
generated_audios/generated_H3_128C_pruned70/908-31957-0002_generated.wav | RTF: 0.0236(0.113s / 4.790s) | Generator RTF: 0.0229(0.110s / 4.790s)
generated_audios/generated_H3_128C_pruned70/908-31957-0003_generated.wav | RTF: 0.0234(0.153s / 6.565s) | Generator RTF: 0.0228(0.150s / 6.565s)
generated_audios/generated_H3_128C_pruned70/908-31957-0004_generated.wav | RTF: 0.3031(4.472s / 14.755s) | Generator RTF: 0.3028(4.468s / 14.755s)
generated_audios/generated_H3_128C_pruned70/908-31957-0005_generated.wav | RTF: 0.0237(0.106s / 4.490s) | Generator RTF: 0.0228(0.103s / 4.490s)
generated_audios/generated_H3_128C_pruned70/908-31957-0006_generated.wav | RTF: 0.2802(1.651s / 5.890s) | Generator RTF: 0.2796(1.647s / 5.890s)
generated_audios/generated_H3_128C_pruned70/908-31957-0007_generated.wav | RTF: 0.0227(0.132s / 5.800s) | Generator RTF: 0.0221(0.128s / 5.800s)
generated_audios/generated_H3_128C_pruned70/908-31957-0008_generated.wav | RTF: 0.2776(2.777s / 10.005s) | Generator RTF: 0.2771(2.773s / 10.005s)
generated_audios/generated_H3_128C_pruned70/908-31957-0009_generated.wav | RTF: 0.2799(2.156s / 7.705s) | Generator RTF: 0.2793(2.152s / 7.705s)
generated_audios/generated_H3_128C_pruned70/908-31957-0010_generated.wav | RTF: 0.2782(0.698s / 2.510s) | Generator RTF: 0.2768(0.695s / 2.510s)
generated_audios/generated_H3_128C_pruned70/908-31957-0011_generated.wav | RTF: 0.0295(0.069s / 2.335s) | Generator RTF: 0.0282(0.066s / 2.335s)
generated_audios/generated_H3_128C_pruned70/908-31957-0012_generated.wav | RTF: 0.2932(2.233s / 7.615s) | Generator RTF: 0.2927(2.229s / 7.615s)
generated_audios/generated_H3_128C_pruned70/908-31957-0013_generated.wav | RTF: 0.2946(1.821s / 6.180s) | Generator RTF: 0.2940(1.817s / 6.180s)
generated_audios/generated_H3_128C_pruned70/908-31957-0014_generated.wav | RTF: 0.2766(2.091s / 7.560s) | Generator RTF: 0.2761(2.088s / 7.560s)
generated_audios/generated_H3_128C_pruned70/908-31957-0015_generated.wav | RTF: 0.2889(6.202s / 21.465s) | Generator RTF: 0.2887(6.196s / 21.465s)
generated_audios/generated_H3_128C_pruned70/908-31957-0016_generated.wav | RTF: 0.2803(1.816s / 6.480s) | Generator RTF: 0.2798(1.813s / 6.480s)
generated_audios/generated_H3_128C_pruned70/908-31957-0017_generated.wav | RTF: 0.2965(2.311s / 7.795s) | Generator RTF: 0.2960(2.307s / 7.795s)
generated_audios/generated_H3_128C_pruned70/908-31957-0018_generated.wav | RTF: 0.2778(1.088s / 3.915s) | Generator RTF: 0.2769(1.084s / 3.915s)
generated_audios/generated_H3_128C_pruned70/908-31957-0019_generated.wav | RTF: 0.2982(2.845s / 9.540s) | Generator RTF: 0.2978(2.841s / 9.540s)
generated_audios/generated_H3_128C_pruned70/908-31957-0020_generated.wav | RTF: 0.0258(0.152s / 5.895s) | Generator RTF: 0.0252(0.148s / 5.895s)
generated_audios/generated_H3_128C_pruned70/908-31957-0021_generated.wav | RTF: 0.2817(3.072s / 10.905s) | Generator RTF: 0.2813(3.068s / 10.905s)
generated_audios/generated_H3_128C_pruned70/908-31957-0022_generated.wav | RTF: 0.3015(4.252s / 14.100s) | Generator RTF: 0.3012(4.247s / 14.100s)
generated_audios/generated_H3_128C_pruned70/908-31957-0023_generated.wav | RTF: 0.3006(2.559s / 8.515s) | Generator RTF: 0.3001(2.555s / 8.515s)
generated_audios/generated_H3_128C_pruned70/908-31957-0024_generated.wav | RTF: 0.2929(2.209s / 7.540s) | Generator RTF: 0.2924(2.205s / 7.540s)
generated_audios/generated_H3_128C_pruned70/908-31957-0025_generated.wav | RTF: 0.3006(6.180s / 20.560s) | Generator RTF: 0.3003(6.175s / 20.560s)
Average RTF: 0.2315(731.473s / 3159.849s)
Average Generator RTF: 0.2309(729.647s / 3159.849s)
Evaluation summary:
  Mel-spectrogram L1: 0.402092
  PESQ: 1.842384
  STOI: 0.897513
Appended per-audio metrics to CSV: per_audio_results/H3_128C_Physical_pruning

Appended metrics to CSV: experiments_results.csv
========== H4: pruning 30% + quantize ==========
Initializing Inference Process..
Using device: cpu (baseline and quantized inference both run on CPU)
Quantization enabled: forcing CPU inference for INT8 model.
Loading '/home/hpc/vlbi/vlbi107v/hifi-gan/cp_hifigan/v1_c128_physical30/g_00265000'
Complete.
Checkpoint contains plain conv weights. Removing weight_norm wrappers before loading...
Removing weight norm...
Removing weight norm...
Calibrating static quantization using 50 samples...
INT8 quantization scope: resblocks_range
Quantizing residual blocks 3..8; all other layers stay FP32.
Checking quantized modules after static quantization:
Quantized module: resblocks.3.convs1.0 (torch.ao.nn.quantized.modules.conv.Conv1d)
Quantized module: resblocks.3.convs1.1 (torch.ao.nn.quantized.modules.conv.Conv1d)
Quantized module: resblocks.3.convs1.2 (torch.ao.nn.quantized.modules.conv.Conv1d)
Quantized module: resblocks.3.convs2.0 (torch.ao.nn.quantized.modules.conv.Conv1d)
Quantized module: resblocks.3.convs2.1 (torch.ao.nn.quantized.modules.conv.Conv1d)
Quantized module: resblocks.3.convs2.2 (torch.ao.nn.quantized.modules.conv.Conv1d)
Quantized module: resblocks.4.convs1.0 (torch.ao.nn.quantized.modules.conv.Conv1d)
Quantized module: resblocks.4.convs1.1 (torch.ao.nn.quantized.modules.conv.Conv1d)
Quantized module: resblocks.4.convs1.2 (torch.ao.nn.quantized.modules.conv.Conv1d)
Quantized module: resblocks.4.convs2.0 (torch.ao.nn.quantized.modules.conv.Conv1d)
Quantized module: resblocks.4.convs2.1 (torch.ao.nn.quantized.modules.conv.Conv1d)
Quantized module: resblocks.4.convs2.2 (torch.ao.nn.quantized.modules.conv.Conv1d)
Quantized module: resblocks.5.convs1.0 (torch.ao.nn.quantized.modules.conv.Conv1d)
Quantized module: resblocks.5.convs1.1 (torch.ao.nn.quantized.modules.conv.Conv1d)
Quantized module: resblocks.5.convs1.2 (torch.ao.nn.quantized.modules.conv.Conv1d)
Quantized module: resblocks.5.convs2.0 (torch.ao.nn.quantized.modules.conv.Conv1d)
Quantized module: resblocks.5.convs2.1 (torch.ao.nn.quantized.modules.conv.Conv1d)
Quantized module: resblocks.5.convs2.2 (torch.ao.nn.quantized.modules.conv.Conv1d)
Quantized module: resblocks.6.convs1.0 (torch.ao.nn.quantized.modules.conv.Conv1d)
Quantized module: resblocks.6.convs1.1 (torch.ao.nn.quantized.modules.conv.Conv1d)
Quantized module: resblocks.6.convs1.2 (torch.ao.nn.quantized.modules.conv.Conv1d)
Quantized module: resblocks.6.convs2.0 (torch.ao.nn.quantized.modules.conv.Conv1d)
Quantized module: resblocks.6.convs2.1 (torch.ao.nn.quantized.modules.conv.Conv1d)
Quantized module: resblocks.6.convs2.2 (torch.ao.nn.quantized.modules.conv.Conv1d)
Quantized module: resblocks.7.convs1.0 (torch.ao.nn.quantized.modules.conv.Conv1d)
Quantized module: resblocks.7.convs1.1 (torch.ao.nn.quantized.modules.conv.Conv1d)
Quantized module: resblocks.7.convs1.2 (torch.ao.nn.quantized.modules.conv.Conv1d)
Quantized module: resblocks.7.convs2.0 (torch.ao.nn.quantized.modules.conv.Conv1d)
Quantized module: resblocks.7.convs2.1 (torch.ao.nn.quantized.modules.conv.Conv1d)
Quantized module: resblocks.7.convs2.2 (torch.ao.nn.quantized.modules.conv.Conv1d)
Quantized module: resblocks.8.convs1.0 (torch.ao.nn.quantized.modules.conv.Conv1d)
Quantized module: resblocks.8.convs1.1 (torch.ao.nn.quantized.modules.conv.Conv1d)
Quantized module: resblocks.8.convs1.2 (torch.ao.nn.quantized.modules.conv.Conv1d)
Quantized module: resblocks.8.convs2.0 (torch.ao.nn.quantized.modules.conv.Conv1d)
Quantized module: resblocks.8.convs2.1 (torch.ao.nn.quantized.modules.conv.Conv1d)
Quantized module: resblocks.8.convs2.2 (torch.ao.nn.quantized.modules.conv.Conv1d)
Saving checkpoint to /home/hpc/vlbi/vlbi107v/hifi-gan/cp_hifigan/v1_c128_physical30/compressed_checkpoint_int8
Complete.
Saved compressed checkpoint: /home/hpc/vlbi/vlbi107v/hifi-gan/cp_hifigan/v1_c128_physical30/compressed_checkpoint_int8 (2.556 MB)
Compressed checkpoint parameters: 720,173
Loaded checkpoint: /home/hpc/vlbi/vlbi107v/hifi-gan/cp_hifigan/v1_c128_physical30/g_00265000 (2.797 MB)
Generator parameters: 720,173
generated_audios/generated_H4_128C_pruned30_int8/1089-134686-0000_generated.wav | RTF: 0.0238(0.248s / 10.435s) | Generator RTF: 0.0235(0.245s / 10.435s)
generated_audios/generated_H4_128C_pruned30_int8/1089-134686-0001_generated.wav | RTF: 0.0304(0.100s / 3.275s) | Generator RTF: 0.0294(0.096s / 3.275s)
generated_audios/generated_H4_128C_pruned30_int8/1089-134686-0002_generated.wav | RTF: 0.0277(0.184s / 6.625s) | Generator RTF: 0.0272(0.180s / 6.625s)
generated_audios/generated_H4_128C_pruned30_int8/1089-134686-0003_generated.wav | RTF: 0.0276(0.074s / 2.680s) | Generator RTF: 0.0264(0.071s / 2.680s)
generated_audios/generated_H4_128C_pruned30_int8/1089-134686-0004_generated.wav | RTF: 0.0239(0.125s / 5.215s) | Generator RTF: 0.0233(0.121s / 5.215s)
generated_audios/generated_H4_128C_pruned30_int8/1089-134686-0005_generated.wav | RTF: 0.0231(0.222s / 9.635s) | Generator RTF: 0.0227(0.219s / 9.635s)
generated_audios/generated_H4_128C_pruned30_int8/1089-134686-0006_generated.wav | RTF: 0.0251(0.265s / 10.555s) | Generator RTF: 0.0247(0.261s / 10.555s)
generated_audios/generated_H4_128C_pruned30_int8/1089-134686-0007_generated.wav | RTF: 0.0250(0.107s / 4.275s) | Generator RTF: 0.0242(0.103s / 4.275s)
generated_audios/generated_H4_128C_pruned30_int8/1089-134686-0008_generated.wav | RTF: 0.0270(0.182s / 6.730s) | Generator RTF: 0.0264(0.178s / 6.730s)
generated_audios/generated_H4_128C_pruned30_int8/1089-134686-0009_generated.wav | RTF: 0.0249(0.263s / 10.575s) | Generator RTF: 0.0245(0.259s / 10.575s)
generated_audios/generated_H4_128C_pruned30_int8/1089-134686-0010_generated.wav | RTF: 0.0244(0.108s / 4.405s) | Generator RTF: 0.0236(0.104s / 4.405s)
generated_audios/generated_H4_128C_pruned30_int8/1089-134686-0011_generated.wav | RTF: 0.0252(0.313s / 12.445s) | Generator RTF: 0.0248(0.309s / 12.445s)
generated_audios/generated_H4_128C_pruned30_int8/1089-134686-0012_generated.wav | RTF: 0.0269(0.313s / 11.640s) | Generator RTF: 0.0265(0.309s / 11.640s)
generated_audios/generated_H4_128C_pruned30_int8/1089-134686-0013_generated.wav | RTF: 0.0257(0.203s / 7.915s) | Generator RTF: 0.0252(0.200s / 7.915s)
generated_audios/generated_H4_128C_pruned30_int8/1089-134686-0014_generated.wav | RTF: 0.0289(0.064s / 2.225s) | Generator RTF: 0.0274(0.061s / 2.225s)
generated_audios/generated_H4_128C_pruned30_int8/1089-134686-0015_generated.wav | RTF: 0.0241(0.140s / 5.815s) | Generator RTF: 0.0234(0.136s / 5.815s)
generated_audios/generated_H4_128C_pruned30_int8/1089-134686-0016_generated.wav | RTF: 0.0266(0.094s / 3.540s) | Generator RTF: 0.0256(0.091s / 3.540s)
generated_audios/generated_H4_128C_pruned30_int8/1089-134686-0017_generated.wav | RTF: 0.0237(0.210s / 8.870s) | Generator RTF: 0.0233(0.207s / 8.870s)
generated_audios/generated_H4_128C_pruned30_int8/1089-134686-0018_generated.wav | RTF: 0.0242(0.380s / 15.720s) | Generator RTF: 0.0239(0.375s / 15.720s)
generated_audios/generated_H4_128C_pruned30_int8/1089-134686-0019_generated.wav | RTF: 0.0236(0.328s / 13.895s) | Generator RTF: 0.0233(0.324s / 13.895s)
generated_audios/generated_H4_128C_pruned30_int8/1089-134686-0020_generated.wav | RTF: 0.0281(0.472s / 16.790s) | Generator RTF: 0.0278(0.468s / 16.790s)
generated_audios/generated_H4_128C_pruned30_int8/1089-134686-0021_generated.wav | RTF: 0.0260(0.170s / 6.550s) | Generator RTF: 0.0255(0.167s / 6.550s)
generated_audios/generated_H4_128C_pruned30_int8/1089-134686-0022_generated.wav | RTF: 0.0232(0.260s / 11.175s) | Generator RTF: 0.0228(0.255s / 11.175s)
generated_audios/generated_H4_128C_pruned30_int8/1089-134686-0023_generated.wav | RTF: 0.0249(0.330s / 13.275s) | Generator RTF: 0.0245(0.326s / 13.275s)
generated_audios/generated_H4_128C_pruned30_int8/1089-134686-0024_generated.wav | RTF: 0.0237(0.276s / 11.655s) | Generator RTF: 0.0233(0.272s / 11.655s)
generated_audios/generated_H4_128C_pruned30_int8/1089-134686-0025_generated.wav | RTF: 0.0244(0.161s / 6.610s) | Generator RTF: 0.0238(0.157s / 6.610s)
generated_audios/generated_H4_128C_pruned30_int8/1089-134686-0026_generated.wav | RTF: 0.0302(0.121s / 4.010s) | Generator RTF: 0.0293(0.118s / 4.010s)
generated_audios/generated_H4_128C_pruned30_int8/1089-134686-0027_generated.wav | RTF: 0.0276(0.075s / 2.710s) | Generator RTF: 0.0264(0.072s / 2.710s)
generated_audios/generated_H4_128C_pruned30_int8/1089-134686-0028_generated.wav | RTF: 0.0236(0.184s / 7.830s) | Generator RTF: 0.0231(0.181s / 7.830s)
generated_audios/generated_H4_128C_pruned30_int8/1089-134686-0029_generated.wav | RTF: 0.0284(0.132s / 4.670s) | Generator RTF: 0.0276(0.129s / 4.670s)
generated_audios/generated_H4_128C_pruned30_int8/1089-134686-0030_generated.wav | RTF: 0.0225(0.061s / 2.715s) | Generator RTF: 0.0213(0.058s / 2.715s)
generated_audios/generated_H4_128C_pruned30_int8/1089-134686-0031_generated.wav | RTF: 0.0194(0.128s / 6.615s) | Generator RTF: 0.0191(0.126s / 6.615s)
generated_audios/generated_H4_128C_pruned30_int8/121-121726-0000_generated.wav | RTF: 0.0233(0.197s / 8.460s) | Generator RTF: 0.0229(0.194s / 8.460s)
generated_audios/generated_H4_128C_pruned30_int8/121-121726-0001_generated.wav | RTF: 0.0276(0.164s / 5.925s) | Generator RTF: 0.0271(0.160s / 5.925s)
generated_audios/generated_H4_128C_pruned30_int8/121-121726-0002_generated.wav | RTF: 0.0249(0.110s / 4.410s) | Generator RTF: 0.0242(0.107s / 4.410s)
generated_audios/generated_H4_128C_pruned30_int8/121-121726-0003_generated.wav | RTF: 0.0232(0.157s / 6.755s) | Generator RTF: 0.0227(0.154s / 6.755s)
generated_audios/generated_H4_128C_pruned30_int8/121-121726-0004_generated.wav | RTF: 0.0257(0.103s / 4.020s) | Generator RTF: 0.0249(0.100s / 4.020s)
generated_audios/generated_H4_128C_pruned30_int8/121-121726-0005_generated.wav | RTF: 0.0270(0.084s / 3.100s) | Generator RTF: 0.0259(0.080s / 3.100s)
generated_audios/generated_H4_128C_pruned30_int8/121-121726-0006_generated.wav | RTF: 0.0255(0.099s / 3.895s) | Generator RTF: 0.0247(0.096s / 3.895s)
generated_audios/generated_H4_128C_pruned30_int8/121-121726-0007_generated.wav | RTF: 0.0261(0.176s / 6.730s) | Generator RTF: 0.0256(0.172s / 6.730s)
generated_audios/generated_H4_128C_pruned30_int8/121-121726-0008_generated.wav | RTF: 0.0275(0.137s / 4.990s) | Generator RTF: 0.0268(0.134s / 4.990s)
generated_audios/generated_H4_128C_pruned30_int8/121-121726-0009_generated.wav | RTF: 0.0234(0.170s / 7.260s) | Generator RTF: 0.0229(0.166s / 7.260s)
generated_audios/generated_H4_128C_pruned30_int8/121-121726-0010_generated.wav | RTF: 0.0232(0.228s / 9.810s) | Generator RTF: 0.0228(0.223s / 9.810s)
generated_audios/generated_H4_128C_pruned30_int8/121-121726-0011_generated.wav | RTF: 0.0253(0.102s / 4.035s) | Generator RTF: 0.0244(0.099s / 4.035s)
generated_audios/generated_H4_128C_pruned30_int8/121-121726-0012_generated.wav | RTF: 0.0273(0.110s / 4.045s) | Generator RTF: 0.0265(0.107s / 4.045s)
generated_audios/generated_H4_128C_pruned30_int8/121-121726-0013_generated.wav | RTF: 0.0277(0.069s / 2.490s) | Generator RTF: 0.0265(0.066s / 2.490s)
generated_audios/generated_H4_128C_pruned30_int8/121-121726-0014_generated.wav | RTF: 0.0265(0.084s / 3.165s) | Generator RTF: 0.0256(0.081s / 3.165s)
generated_audios/generated_H4_128C_pruned30_int8/121-123852-0000_generated.wav | RTF: 0.0257(0.454s / 17.695s) | Generator RTF: 0.0254(0.450s / 17.695s)
generated_audios/generated_H4_128C_pruned30_int8/121-123852-0001_generated.wav | RTF: 0.0313(0.058s / 1.870s) | Generator RTF: 0.0299(0.056s / 1.870s)
generated_audios/generated_H4_128C_pruned30_int8/121-123852-0002_generated.wav | RTF: 0.0258(0.445s / 17.285s) | Generator RTF: 0.0255(0.440s / 17.285s)
generated_audios/generated_H4_128C_pruned30_int8/121-123852-0003_generated.wav | RTF: 0.3041(7.147s / 23.505s) | Generator RTF: 0.3038(7.140s / 23.505s)
generated_audios/generated_H4_128C_pruned30_int8/121-123852-0004_generated.wav | RTF: 0.2749(4.478s / 16.290s) | Generator RTF: 0.2746(4.473s / 16.290s)
generated_audios/generated_H4_128C_pruned30_int8/121-123859-0000_generated.wav | RTF: 0.2670(4.643s / 17.390s) | Generator RTF: 0.2668(4.639s / 17.390s)
generated_audios/generated_H4_128C_pruned30_int8/121-123859-0001_generated.wav | RTF: 0.2740(6.959s / 25.395s) | Generator RTF: 0.2738(6.953s / 25.395s)
generated_audios/generated_H4_128C_pruned30_int8/121-123859-0002_generated.wav | RTF: 0.2830(8.502s / 30.040s) | Generator RTF: 0.2828(8.496s / 30.040s)
generated_audios/generated_H4_128C_pruned30_int8/121-123859-0003_generated.wav | RTF: 0.2581(2.793s / 10.825s) | Generator RTF: 0.2577(2.789s / 10.825s)
generated_audios/generated_H4_128C_pruned30_int8/121-123859-0004_generated.wav | RTF: 0.2611(2.482s / 9.505s) | Generator RTF: 0.2607(2.478s / 9.505s)
generated_audios/generated_H4_128C_pruned30_int8/121-127105-0000_generated.wav | RTF: 0.2587(2.555s / 9.875s) | Generator RTF: 0.2583(2.550s / 9.875s)
generated_audios/generated_H4_128C_pruned30_int8/121-127105-0001_generated.wav | RTF: 0.2420(1.216s / 5.025s) | Generator RTF: 0.2413(1.212s / 5.025s)
generated_audios/generated_H4_128C_pruned30_int8/121-127105-0002_generated.wav | RTF: 0.2396(1.796s / 7.495s) | Generator RTF: 0.2391(1.792s / 7.495s)
generated_audios/generated_H4_128C_pruned30_int8/121-127105-0003_generated.wav | RTF: 0.2524(1.950s / 7.725s) | Generator RTF: 0.2519(1.946s / 7.725s)
generated_audios/generated_H4_128C_pruned30_int8/121-127105-0004_generated.wav | RTF: 0.2499(0.527s / 2.110s) | Generator RTF: 0.2485(0.524s / 2.110s)
generated_audios/generated_H4_128C_pruned30_int8/121-127105-0005_generated.wav | RTF: 0.2427(1.412s / 5.820s) | Generator RTF: 0.2421(1.409s / 5.820s)
generated_audios/generated_H4_128C_pruned30_int8/121-127105-0006_generated.wav | RTF: 0.2551(1.205s / 4.725s) | Generator RTF: 0.2544(1.202s / 4.725s)
generated_audios/generated_H4_128C_pruned30_int8/121-127105-0007_generated.wav | RTF: 0.2433(1.409s / 5.790s) | Generator RTF: 0.2427(1.405s / 5.790s)
generated_audios/generated_H4_128C_pruned30_int8/121-127105-0008_generated.wav | RTF: 0.2469(0.681s / 2.760s) | Generator RTF: 0.2457(0.678s / 2.760s)
generated_audios/generated_H4_128C_pruned30_int8/121-127105-0009_generated.wav | RTF: 0.2539(0.581s / 2.290s) | Generator RTF: 0.2525(0.578s / 2.290s)
generated_audios/generated_H4_128C_pruned30_int8/121-127105-0010_generated.wav | RTF: 0.2502(0.713s / 2.850s) | Generator RTF: 0.2491(0.710s / 2.850s)
generated_audios/generated_H4_128C_pruned30_int8/121-127105-0011_generated.wav | RTF: 0.2517(1.455s / 5.780s) | Generator RTF: 0.2511(1.451s / 5.780s)
generated_audios/generated_H4_128C_pruned30_int8/121-127105-0012_generated.wav | RTF: 0.2575(1.244s / 4.830s) | Generator RTF: 0.2569(1.241s / 4.830s)
generated_audios/generated_H4_128C_pruned30_int8/121-127105-0013_generated.wav | RTF: 0.2430(1.432s / 5.895s) | Generator RTF: 0.2424(1.429s / 5.895s)
generated_audios/generated_H4_128C_pruned30_int8/121-127105-0014_generated.wav | RTF: 0.2417(0.545s / 2.255s) | Generator RTF: 0.2403(0.542s / 2.255s)
generated_audios/generated_H4_128C_pruned30_int8/121-127105-0015_generated.wav | RTF: 0.2512(0.743s / 2.960s) | Generator RTF: 0.2501(0.740s / 2.960s)
generated_audios/generated_H4_128C_pruned30_int8/121-127105-0016_generated.wav | RTF: 0.2420(0.491s / 2.030s) | Generator RTF: 0.2406(0.488s / 2.030s)
generated_audios/generated_H4_128C_pruned30_int8/121-127105-0017_generated.wav | RTF: 0.2537(0.684s / 2.695s) | Generator RTF: 0.2525(0.681s / 2.695s)
generated_audios/generated_H4_128C_pruned30_int8/121-127105-0018_generated.wav | RTF: 0.2518(0.698s / 2.770s) | Generator RTF: 0.2507(0.694s / 2.770s)
generated_audios/generated_H4_128C_pruned30_int8/121-127105-0019_generated.wav | RTF: 0.2405(0.848s / 3.525s) | Generator RTF: 0.2396(0.845s / 3.525s)
generated_audios/generated_H4_128C_pruned30_int8/121-127105-0020_generated.wav | RTF: 0.2682(3.850s / 14.355s) | Generator RTF: 0.2679(3.846s / 14.355s)
generated_audios/generated_H4_128C_pruned30_int8/121-127105-0021_generated.wav | RTF: 0.2400(0.480s / 2.000s) | Generator RTF: 0.2384(0.477s / 2.000s)
generated_audios/generated_H4_128C_pruned30_int8/121-127105-0022_generated.wav | RTF: 0.2510(1.274s / 5.075s) | Generator RTF: 0.2503(1.270s / 5.075s)
generated_audios/generated_H4_128C_pruned30_int8/121-127105-0023_generated.wav | RTF: 0.2431(2.652s / 10.910s) | Generator RTF: 0.2427(2.648s / 10.910s)
generated_audios/generated_H4_128C_pruned30_int8/121-127105-0024_generated.wav | RTF: 0.2819(4.074s / 14.450s) | Generator RTF: 0.2816(4.069s / 14.450s)
generated_audios/generated_H4_128C_pruned30_int8/121-127105-0025_generated.wav | RTF: 0.2659(4.271s / 16.065s) | Generator RTF: 0.2656(4.266s / 16.065s)
generated_audios/generated_H4_128C_pruned30_int8/121-127105-0026_generated.wav | RTF: 0.2416(1.820s / 7.530s) | Generator RTF: 0.2412(1.816s / 7.530s)
generated_audios/generated_H4_128C_pruned30_int8/121-127105-0027_generated.wav | RTF: 0.2660(3.690s / 13.870s) | Generator RTF: 0.2657(3.685s / 13.870s)
generated_audios/generated_H4_128C_pruned30_int8/121-127105-0028_generated.wav | RTF: 0.0234(0.158s / 6.750s) | Generator RTF: 0.0228(0.154s / 6.750s)
generated_audios/generated_H4_128C_pruned30_int8/121-127105-0029_generated.wav | RTF: 0.2540(1.857s / 7.310s) | Generator RTF: 0.2535(1.853s / 7.310s)
generated_audios/generated_H4_128C_pruned30_int8/121-127105-0030_generated.wav | RTF: 0.2469(0.537s / 2.175s) | Generator RTF: 0.2455(0.534s / 2.175s)
generated_audios/generated_H4_128C_pruned30_int8/121-127105-0031_generated.wav | RTF: 0.2412(2.597s / 10.765s) | Generator RTF: 0.2408(2.593s / 10.765s)
generated_audios/generated_H4_128C_pruned30_int8/121-127105-0032_generated.wav | RTF: 0.2369(0.751s / 3.170s) | Generator RTF: 0.2359(0.748s / 3.170s)
generated_audios/generated_H4_128C_pruned30_int8/121-127105-0033_generated.wav | RTF: 0.2478(0.584s / 2.355s) | Generator RTF: 0.2465(0.580s / 2.355s)
generated_audios/generated_H4_128C_pruned30_int8/121-127105-0034_generated.wav | RTF: 0.2582(1.913s / 7.410s) | Generator RTF: 0.2577(1.909s / 7.410s)
generated_audios/generated_H4_128C_pruned30_int8/121-127105-0035_generated.wav | RTF: 0.2660(3.764s / 14.150s) | Generator RTF: 0.2657(3.759s / 14.150s)
generated_audios/generated_H4_128C_pruned30_int8/121-127105-0036_generated.wav | RTF: 0.2394(0.993s / 4.150s) | Generator RTF: 0.2386(0.990s / 4.150s)
generated_audios/generated_H4_128C_pruned30_int8/237-126133-0000_generated.wav | RTF: 0.2838(3.772s / 13.290s) | Generator RTF: 0.2835(3.767s / 13.290s)
generated_audios/generated_H4_128C_pruned30_int8/237-126133-0001_generated.wav | RTF: 0.2861(3.423s / 11.965s) | Generator RTF: 0.2858(3.419s / 11.965s)
generated_audios/generated_H4_128C_pruned30_int8/237-126133-0002_generated.wav | RTF: 0.2457(2.192s / 8.920s) | Generator RTF: 0.2453(2.188s / 8.920s)
generated_audios/generated_H4_128C_pruned30_int8/237-126133-0003_generated.wav | RTF: 0.2545(1.669s / 6.560s) | Generator RTF: 0.2539(1.666s / 6.560s)
generated_audios/generated_H4_128C_pruned30_int8/237-126133-0004_generated.wav | RTF: 0.2553(0.841s / 3.295s) | Generator RTF: 0.2543(0.838s / 3.295s)
generated_audios/generated_H4_128C_pruned30_int8/237-126133-0005_generated.wav | RTF: 0.2553(1.662s / 6.510s) | Generator RTF: 0.2548(1.659s / 6.510s)
generated_audios/generated_H4_128C_pruned30_int8/237-126133-0006_generated.wav | RTF: 0.2539(1.561s / 6.150s) | Generator RTF: 0.2533(1.558s / 6.150s)
generated_audios/generated_H4_128C_pruned30_int8/237-126133-0007_generated.wav | RTF: 0.2436(2.114s / 8.680s) | Generator RTF: 0.2431(2.110s / 8.680s)
generated_audios/generated_H4_128C_pruned30_int8/237-126133-0008_generated.wav | RTF: 0.2526(0.976s / 3.865s) | Generator RTF: 0.2517(0.973s / 3.865s)
generated_audios/generated_H4_128C_pruned30_int8/237-126133-0009_generated.wav | RTF: 0.2472(0.981s / 3.970s) | Generator RTF: 0.2464(0.978s / 3.970s)
generated_audios/generated_H4_128C_pruned30_int8/237-126133-0010_generated.wav | RTF: 0.2416(1.507s / 6.240s) | Generator RTF: 0.2410(1.504s / 6.240s)
generated_audios/generated_H4_128C_pruned30_int8/237-126133-0011_generated.wav | RTF: 0.2583(1.733s / 6.710s) | Generator RTF: 0.2578(1.730s / 6.710s)
generated_audios/generated_H4_128C_pruned30_int8/237-126133-0012_generated.wav | RTF: 0.2577(1.147s / 4.450s) | Generator RTF: 0.2569(1.143s / 4.450s)
generated_audios/generated_H4_128C_pruned30_int8/237-126133-0013_generated.wav | RTF: 0.2564(1.748s / 6.815s) | Generator RTF: 0.2559(1.744s / 6.815s)
generated_audios/generated_H4_128C_pruned30_int8/237-126133-0014_generated.wav | RTF: 0.2557(1.736s / 6.790s) | Generator RTF: 0.2550(1.732s / 6.790s)
generated_audios/generated_H4_128C_pruned30_int8/237-126133-0015_generated.wav | RTF: 0.2442(2.281s / 9.340s) | Generator RTF: 0.2438(2.277s / 9.340s)
generated_audios/generated_H4_128C_pruned30_int8/237-126133-0016_generated.wav | RTF: 0.2466(1.048s / 4.250s) | Generator RTF: 0.2458(1.044s / 4.250s)
generated_audios/generated_H4_128C_pruned30_int8/237-126133-0017_generated.wav | RTF: 0.2456(1.525s / 6.210s) | Generator RTF: 0.2450(1.522s / 6.210s)
generated_audios/generated_H4_128C_pruned30_int8/237-126133-0018_generated.wav | RTF: 0.2583(1.058s / 4.095s) | Generator RTF: 0.2575(1.055s / 4.095s)
generated_audios/generated_H4_128C_pruned30_int8/237-126133-0019_generated.wav | RTF: 0.2620(1.866s / 7.120s) | Generator RTF: 0.2615(1.862s / 7.120s)
generated_audios/generated_H4_128C_pruned30_int8/237-126133-0020_generated.wav | RTF: 0.2384(0.534s / 2.240s) | Generator RTF: 0.2369(0.531s / 2.240s)
generated_audios/generated_H4_128C_pruned30_int8/237-126133-0021_generated.wav | RTF: 0.2435(1.063s / 4.365s) | Generator RTF: 0.2427(1.059s / 4.365s)
generated_audios/generated_H4_128C_pruned30_int8/237-126133-0022_generated.wav | RTF: 0.2581(1.301s / 5.040s) | Generator RTF: 0.2574(1.297s / 5.040s)
generated_audios/generated_H4_128C_pruned30_int8/237-126133-0023_generated.wav | RTF: 0.2590(1.729s / 6.675s) | Generator RTF: 0.2584(1.725s / 6.675s)
generated_audios/generated_H4_128C_pruned30_int8/237-126133-0024_generated.wav | RTF: 0.2599(2.512s / 9.665s) | Generator RTF: 0.2594(2.507s / 9.665s)
generated_audios/generated_H4_128C_pruned30_int8/237-126133-0025_generated.wav | RTF: 0.2519(0.946s / 3.755s) | Generator RTF: 0.2510(0.942s / 3.755s)
generated_audios/generated_H4_128C_pruned30_int8/237-134493-0000_generated.wav | RTF: 0.2621(1.076s / 4.105s) | Generator RTF: 0.2612(1.072s / 4.105s)
generated_audios/generated_H4_128C_pruned30_int8/237-134493-0001_generated.wav | RTF: 0.2564(1.892s / 7.380s) | Generator RTF: 0.2559(1.889s / 7.380s)
generated_audios/generated_H4_128C_pruned30_int8/237-134493-0002_generated.wav | RTF: 0.2668(3.041s / 11.395s) | Generator RTF: 0.2665(3.037s / 11.395s)
generated_audios/generated_H4_128C_pruned30_int8/237-134493-0003_generated.wav | RTF: 0.2826(3.607s / 12.765s) | Generator RTF: 0.2823(3.603s / 12.765s)
generated_audios/generated_H4_128C_pruned30_int8/237-134493-0004_generated.wav | RTF: 0.2624(1.791s / 6.825s) | Generator RTF: 0.2619(1.787s / 6.825s)
generated_audios/generated_H4_128C_pruned30_int8/237-134493-0005_generated.wav | RTF: 0.2454(2.686s / 10.945s) | Generator RTF: 0.2450(2.682s / 10.945s)
generated_audios/generated_H4_128C_pruned30_int8/237-134493-0006_generated.wav | RTF: 0.2420(1.064s / 4.395s) | Generator RTF: 0.2412(1.060s / 4.395s)
generated_audios/generated_H4_128C_pruned30_int8/237-134493-0007_generated.wav | RTF: 0.2397(0.488s / 2.035s) | Generator RTF: 0.2382(0.485s / 2.035s)
generated_audios/generated_H4_128C_pruned30_int8/237-134493-0008_generated.wav | RTF: 0.2380(0.549s / 2.305s) | Generator RTF: 0.2366(0.545s / 2.305s)
generated_audios/generated_H4_128C_pruned30_int8/237-134493-0009_generated.wav | RTF: 0.2559(0.761s / 2.975s) | Generator RTF: 0.2548(0.758s / 2.975s)
generated_audios/generated_H4_128C_pruned30_int8/237-134493-0010_generated.wav | RTF: 0.2509(0.721s / 2.875s) | Generator RTF: 0.2498(0.718s / 2.875s)
generated_audios/generated_H4_128C_pruned30_int8/237-134493-0011_generated.wav | RTF: 0.2604(1.311s / 5.035s) | Generator RTF: 0.2597(1.308s / 5.035s)
generated_audios/generated_H4_128C_pruned30_int8/237-134493-0012_generated.wav | RTF: 0.2408(0.881s / 3.660s) | Generator RTF: 0.2399(0.878s / 3.660s)
generated_audios/generated_H4_128C_pruned30_int8/237-134493-0013_generated.wav | RTF: 0.0254(0.104s / 4.090s) | Generator RTF: 0.0245(0.100s / 4.090s)
generated_audios/generated_H4_128C_pruned30_int8/237-134493-0014_generated.wav | RTF: 0.2438(0.902s / 3.700s) | Generator RTF: 0.2429(0.899s / 3.700s)
generated_audios/generated_H4_128C_pruned30_int8/237-134493-0015_generated.wav | RTF: 0.0254(0.166s / 6.550s) | Generator RTF: 0.0248(0.162s / 6.550s)
generated_audios/generated_H4_128C_pruned30_int8/237-134493-0016_generated.wav | RTF: 0.2571(2.592s / 10.085s) | Generator RTF: 0.2566(2.588s / 10.085s)
generated_audios/generated_H4_128C_pruned30_int8/237-134493-0017_generated.wav | RTF: 0.2571(2.341s / 9.105s) | Generator RTF: 0.2567(2.337s / 9.105s)
generated_audios/generated_H4_128C_pruned30_int8/237-134493-0018_generated.wav | RTF: 0.2560(1.226s / 4.790s) | Generator RTF: 0.2553(1.223s / 4.790s)
generated_audios/generated_H4_128C_pruned30_int8/237-134500-0000_generated.wav | RTF: 0.2528(1.550s / 6.130s) | Generator RTF: 0.2522(1.546s / 6.130s)
generated_audios/generated_H4_128C_pruned30_int8/237-134500-0001_generated.wav | RTF: 0.2374(0.430s / 1.810s) | Generator RTF: 0.2358(0.427s / 1.810s)
generated_audios/generated_H4_128C_pruned30_int8/237-134500-0002_generated.wav | RTF: 0.2560(1.298s / 5.070s) | Generator RTF: 0.2553(1.295s / 5.070s)
generated_audios/generated_H4_128C_pruned30_int8/237-134500-0003_generated.wav | RTF: 0.0275(0.087s / 3.170s) | Generator RTF: 0.0265(0.084s / 3.170s)
generated_audios/generated_H4_128C_pruned30_int8/237-134500-0004_generated.wav | RTF: 0.0294(0.065s / 2.225s) | Generator RTF: 0.0279(0.062s / 2.225s)
generated_audios/generated_H4_128C_pruned30_int8/237-134500-0005_generated.wav | RTF: 0.2456(0.587s / 2.390s) | Generator RTF: 0.2443(0.584s / 2.390s)
generated_audios/generated_H4_128C_pruned30_int8/237-134500-0006_generated.wav | RTF: 0.2408(1.017s / 4.225s) | Generator RTF: 0.2400(1.014s / 4.225s)
generated_audios/generated_H4_128C_pruned30_int8/237-134500-0007_generated.wav | RTF: 0.0227(0.054s / 2.390s) | Generator RTF: 0.0214(0.051s / 2.390s)
generated_audios/generated_H4_128C_pruned30_int8/237-134500-0008_generated.wav | RTF: 0.0248(0.093s / 3.760s) | Generator RTF: 0.0241(0.091s / 3.760s)
generated_audios/generated_H4_128C_pruned30_int8/237-134500-0009_generated.wav | RTF: 0.0230(0.051s / 2.220s) | Generator RTF: 0.0216(0.048s / 2.220s)
generated_audios/generated_H4_128C_pruned30_int8/237-134500-0010_generated.wav | RTF: 0.2554(1.020s / 3.995s) | Generator RTF: 0.2549(1.018s / 3.995s)
generated_audios/generated_H4_128C_pruned30_int8/237-134500-0011_generated.wav | RTF: 0.2435(0.816s / 3.350s) | Generator RTF: 0.2425(0.812s / 3.350s)
generated_audios/generated_H4_128C_pruned30_int8/237-134500-0012_generated.wav | RTF: 0.2620(2.865s / 10.935s) | Generator RTF: 0.2616(2.861s / 10.935s)
generated_audios/generated_H4_128C_pruned30_int8/237-134500-0013_generated.wav | RTF: 0.0266(0.281s / 10.560s) | Generator RTF: 0.0262(0.277s / 10.560s)
generated_audios/generated_H4_128C_pruned30_int8/237-134500-0014_generated.wav | RTF: 0.0285(0.121s / 4.250s) | Generator RTF: 0.0276(0.117s / 4.250s)
generated_audios/generated_H4_128C_pruned30_int8/237-134500-0015_generated.wav | RTF: 0.2543(2.750s / 10.815s) | Generator RTF: 0.2539(2.746s / 10.815s)
generated_audios/generated_H4_128C_pruned30_int8/237-134500-0016_generated.wav | RTF: 0.0273(0.086s / 3.160s) | Generator RTF: 0.0263(0.083s / 3.160s)
generated_audios/generated_H4_128C_pruned30_int8/237-134500-0017_generated.wav | RTF: 0.0295(0.064s / 2.180s) | Generator RTF: 0.0280(0.061s / 2.180s)
generated_audios/generated_H4_128C_pruned30_int8/237-134500-0018_generated.wav | RTF: 0.2826(3.631s / 12.845s) | Generator RTF: 0.2823(3.626s / 12.845s)
generated_audios/generated_H4_128C_pruned30_int8/237-134500-0019_generated.wav | RTF: 0.2414(0.691s / 2.860s) | Generator RTF: 0.2403(0.687s / 2.860s)
generated_audios/generated_H4_128C_pruned30_int8/237-134500-0020_generated.wav | RTF: 0.0242(0.053s / 2.180s) | Generator RTF: 0.0227(0.050s / 2.180s)
generated_audios/generated_H4_128C_pruned30_int8/237-134500-0021_generated.wav | RTF: 0.2418(1.238s / 5.120s) | Generator RTF: 0.2411(1.234s / 5.120s)
generated_audios/generated_H4_128C_pruned30_int8/237-134500-0022_generated.wav | RTF: 0.2446(1.264s / 5.165s) | Generator RTF: 0.2440(1.260s / 5.165s)
generated_audios/generated_H4_128C_pruned30_int8/237-134500-0023_generated.wav | RTF: 0.2577(0.789s / 3.060s) | Generator RTF: 0.2566(0.785s / 3.060s)
generated_audios/generated_H4_128C_pruned30_int8/237-134500-0024_generated.wav | RTF: 0.0253(0.112s / 4.410s) | Generator RTF: 0.0245(0.108s / 4.410s)
generated_audios/generated_H4_128C_pruned30_int8/237-134500-0025_generated.wav | RTF: 0.2348(0.383s / 1.630s) | Generator RTF: 0.2330(0.380s / 1.630s)
generated_audios/generated_H4_128C_pruned30_int8/237-134500-0026_generated.wav | RTF: 0.2545(0.776s / 3.050s) | Generator RTF: 0.2534(0.773s / 3.050s)
generated_audios/generated_H4_128C_pruned30_int8/237-134500-0027_generated.wav | RTF: 0.2614(0.855s / 3.270s) | Generator RTF: 0.2603(0.851s / 3.270s)
generated_audios/generated_H4_128C_pruned30_int8/237-134500-0028_generated.wav | RTF: 0.2627(1.189s / 4.525s) | Generator RTF: 0.2620(1.185s / 4.525s)
generated_audios/generated_H4_128C_pruned30_int8/237-134500-0029_generated.wav | RTF: 0.2422(0.500s / 2.065s) | Generator RTF: 0.2406(0.497s / 2.065s)
generated_audios/generated_H4_128C_pruned30_int8/237-134500-0030_generated.wav | RTF: 0.2612(0.726s / 2.780s) | Generator RTF: 0.2600(0.723s / 2.780s)
generated_audios/generated_H4_128C_pruned30_int8/237-134500-0031_generated.wav | RTF: 0.2560(2.717s / 10.610s) | Generator RTF: 0.2557(2.713s / 10.610s)
generated_audios/generated_H4_128C_pruned30_int8/237-134500-0032_generated.wav | RTF: 0.0261(0.131s / 5.025s) | Generator RTF: 0.0254(0.128s / 5.025s)
generated_audios/generated_H4_128C_pruned30_int8/237-134500-0033_generated.wav | RTF: 0.2447(1.554s / 6.350s) | Generator RTF: 0.2442(1.551s / 6.350s)
generated_audios/generated_H4_128C_pruned30_int8/237-134500-0034_generated.wav | RTF: 0.2427(0.746s / 3.075s) | Generator RTF: 0.2416(0.743s / 3.075s)
generated_audios/generated_H4_128C_pruned30_int8/237-134500-0035_generated.wav | RTF: 0.2540(0.649s / 2.555s) | Generator RTF: 0.2527(0.646s / 2.555s)
generated_audios/generated_H4_128C_pruned30_int8/237-134500-0036_generated.wav | RTF: 0.2604(1.719s / 6.600s) | Generator RTF: 0.2599(1.715s / 6.600s)
generated_audios/generated_H4_128C_pruned30_int8/237-134500-0037_generated.wav | RTF: 0.2580(1.833s / 7.105s) | Generator RTF: 0.2575(1.830s / 7.105s)
generated_audios/generated_H4_128C_pruned30_int8/237-134500-0038_generated.wav | RTF: 0.2517(0.613s / 2.435s) | Generator RTF: 0.2504(0.610s / 2.435s)
generated_audios/generated_H4_128C_pruned30_int8/237-134500-0039_generated.wav | RTF: 0.2579(1.194s / 4.630s) | Generator RTF: 0.2572(1.191s / 4.630s)
generated_audios/generated_H4_128C_pruned30_int8/237-134500-0040_generated.wav | RTF: 0.0262(0.105s / 4.030s) | Generator RTF: 0.0253(0.102s / 4.030s)
generated_audios/generated_H4_128C_pruned30_int8/237-134500-0041_generated.wav | RTF: 0.0277(0.247s / 8.920s) | Generator RTF: 0.0273(0.243s / 8.920s)
generated_audios/generated_H4_128C_pruned30_int8/237-134500-0042_generated.wav | RTF: 0.2488(0.641s / 2.575s) | Generator RTF: 0.2475(0.637s / 2.575s)
generated_audios/generated_H4_128C_pruned30_int8/260-123286-0000_generated.wav | RTF: 0.2470(1.739s / 7.040s) | Generator RTF: 0.2465(1.735s / 7.040s)
generated_audios/generated_H4_128C_pruned30_int8/260-123286-0001_generated.wav | RTF: 0.0223(0.068s / 3.070s) | Generator RTF: 0.0213(0.065s / 3.070s)
generated_audios/generated_H4_128C_pruned30_int8/260-123286-0002_generated.wav | RTF: 0.2608(2.604s / 9.985s) | Generator RTF: 0.2605(2.601s / 9.985s)
generated_audios/generated_H4_128C_pruned30_int8/260-123286-0003_generated.wav | RTF: 0.2609(1.923s / 7.370s) | Generator RTF: 0.2603(1.919s / 7.370s)
generated_audios/generated_H4_128C_pruned30_int8/260-123286-0004_generated.wav | RTF: 0.2585(0.896s / 3.465s) | Generator RTF: 0.2575(0.892s / 3.465s)
generated_audios/generated_H4_128C_pruned30_int8/260-123286-0005_generated.wav | RTF: 0.2489(1.197s / 4.810s) | Generator RTF: 0.2482(1.194s / 4.810s)
generated_audios/generated_H4_128C_pruned30_int8/260-123286-0006_generated.wav | RTF: 0.2581(1.911s / 7.405s) | Generator RTF: 0.2576(1.907s / 7.405s)
generated_audios/generated_H4_128C_pruned30_int8/260-123286-0007_generated.wav | RTF: 0.2586(1.177s / 4.550s) | Generator RTF: 0.2578(1.173s / 4.550s)
generated_audios/generated_H4_128C_pruned30_int8/260-123286-0008_generated.wav | RTF: 0.2490(0.930s / 3.735s) | Generator RTF: 0.2481(0.927s / 3.735s)
generated_audios/generated_H4_128C_pruned30_int8/260-123286-0009_generated.wav | RTF: 0.2645(1.533s / 5.795s) | Generator RTF: 0.2639(1.529s / 5.795s)
generated_audios/generated_H4_128C_pruned30_int8/260-123286-0010_generated.wav | RTF: 0.0231(0.059s / 2.575s) | Generator RTF: 0.0218(0.056s / 2.575s)
generated_audios/generated_H4_128C_pruned30_int8/260-123286-0011_generated.wav | RTF: 0.0282(0.120s / 4.255s) | Generator RTF: 0.0274(0.117s / 4.255s)
generated_audios/generated_H4_128C_pruned30_int8/260-123286-0012_generated.wav | RTF: 0.0240(0.058s / 2.430s) | Generator RTF: 0.0227(0.055s / 2.430s)
generated_audios/generated_H4_128C_pruned30_int8/260-123286-0013_generated.wav | RTF: 0.2572(1.217s / 4.730s) | Generator RTF: 0.2565(1.213s / 4.730s)
generated_audios/generated_H4_128C_pruned30_int8/260-123286-0014_generated.wav | RTF: 0.0291(0.087s / 2.980s) | Generator RTF: 0.0280(0.084s / 2.980s)
generated_audios/generated_H4_128C_pruned30_int8/260-123286-0015_generated.wav | RTF: 0.2620(1.365s / 5.210s) | Generator RTF: 0.2614(1.362s / 5.210s)
generated_audios/generated_H4_128C_pruned30_int8/260-123286-0016_generated.wav | RTF: 0.2631(1.842s / 7.000s) | Generator RTF: 0.2626(1.838s / 7.000s)
generated_audios/generated_H4_128C_pruned30_int8/260-123286-0017_generated.wav | RTF: 0.2488(0.989s / 3.975s) | Generator RTF: 0.2479(0.985s / 3.975s)
generated_audios/generated_H4_128C_pruned30_int8/260-123286-0018_generated.wav | RTF: 0.2591(1.469s / 5.670s) | Generator RTF: 0.2585(1.466s / 5.670s)
generated_audios/generated_H4_128C_pruned30_int8/260-123286-0019_generated.wav | RTF: 0.2859(3.404s / 11.905s) | Generator RTF: 0.2855(3.399s / 11.905s)
generated_audios/generated_H4_128C_pruned30_int8/260-123286-0020_generated.wav | RTF: 0.0270(0.083s / 3.060s) | Generator RTF: 0.0258(0.079s / 3.060s)
generated_audios/generated_H4_128C_pruned30_int8/260-123286-0021_generated.wav | RTF: 0.2524(0.644s / 2.550s) | Generator RTF: 0.2511(0.640s / 2.550s)
generated_audios/generated_H4_128C_pruned30_int8/260-123286-0022_generated.wav | RTF: 0.2584(0.836s / 3.235s) | Generator RTF: 0.2574(0.833s / 3.235s)
generated_audios/generated_H4_128C_pruned30_int8/260-123286-0023_generated.wav | RTF: 0.2625(1.542s / 5.875s) | Generator RTF: 0.2619(1.539s / 5.875s)
generated_audios/generated_H4_128C_pruned30_int8/260-123286-0024_generated.wav | RTF: 0.2567(0.780s / 3.040s) | Generator RTF: 0.2555(0.777s / 3.040s)
generated_audios/generated_H4_128C_pruned30_int8/260-123286-0025_generated.wav | RTF: 0.2483(2.286s / 9.205s) | Generator RTF: 0.2479(2.282s / 9.205s)
generated_audios/generated_H4_128C_pruned30_int8/260-123286-0026_generated.wav | RTF: 0.2499(1.734s / 6.940s) | Generator RTF: 0.2493(1.730s / 6.940s)
generated_audios/generated_H4_128C_pruned30_int8/260-123286-0027_generated.wav | RTF: 0.2682(1.923s / 7.170s) | Generator RTF: 0.2677(1.920s / 7.170s)
generated_audios/generated_H4_128C_pruned30_int8/260-123286-0028_generated.wav | RTF: 0.2546(1.901s / 7.465s) | Generator RTF: 0.2541(1.897s / 7.465s)
generated_audios/generated_H4_128C_pruned30_int8/260-123286-0029_generated.wav | RTF: 0.0249(0.113s / 4.545s) | Generator RTF: 0.0240(0.109s / 4.545s)
generated_audios/generated_H4_128C_pruned30_int8/260-123286-0030_generated.wav | RTF: 0.0254(0.191s / 7.530s) | Generator RTF: 0.0249(0.187s / 7.530s)
generated_audios/generated_H4_128C_pruned30_int8/260-123286-0031_generated.wav | RTF: 0.2507(1.269s / 5.060s) | Generator RTF: 0.2500(1.265s / 5.060s)
generated_audios/generated_H4_128C_pruned30_int8/260-123288-0000_generated.wav | RTF: 0.0221(0.067s / 3.040s) | Generator RTF: 0.0210(0.064s / 3.040s)
generated_audios/generated_H4_128C_pruned30_int8/260-123288-0001_generated.wav | RTF: 0.0246(0.125s / 5.080s) | Generator RTF: 0.0239(0.121s / 5.080s)
generated_audios/generated_H4_128C_pruned30_int8/260-123288-0002_generated.wav | RTF: 0.2583(1.872s / 7.250s) | Generator RTF: 0.2577(1.869s / 7.250s)
generated_audios/generated_H4_128C_pruned30_int8/260-123288-0003_generated.wav | RTF: 0.2681(2.388s / 8.905s) | Generator RTF: 0.2676(2.383s / 8.905s)
generated_audios/generated_H4_128C_pruned30_int8/260-123288-0004_generated.wav | RTF: 0.2636(1.136s / 4.310s) | Generator RTF: 0.2628(1.132s / 4.310s)
generated_audios/generated_H4_128C_pruned30_int8/260-123288-0005_generated.wav | RTF: 0.2789(3.500s / 12.550s) | Generator RTF: 0.2785(3.496s / 12.550s)
generated_audios/generated_H4_128C_pruned30_int8/260-123288-0006_generated.wav | RTF: 0.2569(1.254s / 4.880s) | Generator RTF: 0.2561(1.250s / 4.880s)
generated_audios/generated_H4_128C_pruned30_int8/260-123288-0007_generated.wav | RTF: 0.2756(3.087s / 11.200s) | Generator RTF: 0.2752(3.082s / 11.200s)
generated_audios/generated_H4_128C_pruned30_int8/260-123288-0008_generated.wav | RTF: 0.2717(1.498s / 5.515s) | Generator RTF: 0.2711(1.495s / 5.515s)
generated_audios/generated_H4_128C_pruned30_int8/260-123288-0009_generated.wav | RTF: 0.2703(0.929s / 3.435s) | Generator RTF: 0.2694(0.925s / 3.435s)
generated_audios/generated_H4_128C_pruned30_int8/260-123288-0010_generated.wav | RTF: 0.0231(0.231s / 9.995s) | Generator RTF: 0.0227(0.227s / 9.995s)
generated_audios/generated_H4_128C_pruned30_int8/260-123288-0011_generated.wav | RTF: 0.2791(2.506s / 8.980s) | Generator RTF: 0.2786(2.502s / 8.980s)
generated_audios/generated_H4_128C_pruned30_int8/260-123288-0012_generated.wav | RTF: 0.2678(0.949s / 3.545s) | Generator RTF: 0.2668(0.946s / 3.545s)
generated_audios/generated_H4_128C_pruned30_int8/260-123288-0013_generated.wav | RTF: 0.2987(3.401s / 11.385s) | Generator RTF: 0.2984(3.397s / 11.385s)
generated_audios/generated_H4_128C_pruned30_int8/260-123288-0014_generated.wav | RTF: 0.0344(0.062s / 1.805s) | Generator RTF: 0.0324(0.058s / 1.805s)
generated_audios/generated_H4_128C_pruned30_int8/260-123288-0015_generated.wav | RTF: 0.2790(5.911s / 21.185s) | Generator RTF: 0.2788(5.906s / 21.185s)
generated_audios/generated_H4_128C_pruned30_int8/260-123288-0016_generated.wav | RTF: 0.2772(1.349s / 4.865s) | Generator RTF: 0.2765(1.345s / 4.865s)
generated_audios/generated_H4_128C_pruned30_int8/260-123288-0017_generated.wav | RTF: 0.2596(1.357s / 5.225s) | Generator RTF: 0.2589(1.353s / 5.225s)
generated_audios/generated_H4_128C_pruned30_int8/260-123288-0018_generated.wav | RTF: 0.2725(0.884s / 3.245s) | Generator RTF: 0.2715(0.881s / 3.245s)
generated_audios/generated_H4_128C_pruned30_int8/260-123288-0019_generated.wav | RTF: 0.0276(0.082s / 2.955s) | Generator RTF: 0.0265(0.078s / 2.955s)
generated_audios/generated_H4_128C_pruned30_int8/260-123288-0020_generated.wav | RTF: 0.2738(0.794s / 2.900s) | Generator RTF: 0.2727(0.791s / 2.900s)
generated_audios/generated_H4_128C_pruned30_int8/260-123288-0021_generated.wav | RTF: 0.0289(0.078s / 2.710s) | Generator RTF: 0.0277(0.075s / 2.710s)
generated_audios/generated_H4_128C_pruned30_int8/260-123288-0022_generated.wav | RTF: 0.2736(1.014s / 3.705s) | Generator RTF: 0.2727(1.010s / 3.705s)
generated_audios/generated_H4_128C_pruned30_int8/260-123288-0023_generated.wav | RTF: 0.0297(0.071s / 2.385s) | Generator RTF: 0.0284(0.068s / 2.385s)
generated_audios/generated_H4_128C_pruned30_int8/260-123288-0024_generated.wav | RTF: 0.2846(4.154s / 14.595s) | Generator RTF: 0.2843(4.149s / 14.595s)
generated_audios/generated_H4_128C_pruned30_int8/260-123288-0025_generated.wav | RTF: 0.2900(3.899s / 13.445s) | Generator RTF: 0.2897(3.895s / 13.445s)
generated_audios/generated_H4_128C_pruned30_int8/260-123288-0026_generated.wav | RTF: 0.3033(4.864s / 16.040s) | Generator RTF: 0.3030(4.859s / 16.040s)
generated_audios/generated_H4_128C_pruned30_int8/260-123288-0027_generated.wav | RTF: 0.2653(1.673s / 6.305s) | Generator RTF: 0.2647(1.669s / 6.305s)
generated_audios/generated_H4_128C_pruned30_int8/260-123288-0028_generated.wav | RTF: 0.2737(0.714s / 2.610s) | Generator RTF: 0.2724(0.711s / 2.610s)
generated_audios/generated_H4_128C_pruned30_int8/260-123440-0000_generated.wav | RTF: 0.2569(0.556s / 2.165s) | Generator RTF: 0.2556(0.553s / 2.165s)
generated_audios/generated_H4_128C_pruned30_int8/260-123440-0001_generated.wav | RTF: 0.2592(0.451s / 1.740s) | Generator RTF: 0.2575(0.448s / 1.740s)
generated_audios/generated_H4_128C_pruned30_int8/260-123440-0002_generated.wav | RTF: 0.3016(4.438s / 14.715s) | Generator RTF: 0.3012(4.433s / 14.715s)
generated_audios/generated_H4_128C_pruned30_int8/260-123440-0003_generated.wav | RTF: 0.2785(0.999s / 3.585s) | Generator RTF: 0.2776(0.995s / 3.585s)
generated_audios/generated_H4_128C_pruned30_int8/260-123440-0004_generated.wav | RTF: 0.2876(3.457s / 12.020s) | Generator RTF: 0.2873(3.453s / 12.020s)
generated_audios/generated_H4_128C_pruned30_int8/260-123440-0005_generated.wav | RTF: 0.0263(0.082s / 3.105s) | Generator RTF: 0.0252(0.078s / 3.105s)
generated_audios/generated_H4_128C_pruned30_int8/260-123440-0006_generated.wav | RTF: 0.0228(0.062s / 2.715s) | Generator RTF: 0.0216(0.059s / 2.715s)
generated_audios/generated_H4_128C_pruned30_int8/260-123440-0007_generated.wav | RTF: 0.2782(0.942s / 3.385s) | Generator RTF: 0.2776(0.940s / 3.385s)
generated_audios/generated_H4_128C_pruned30_int8/260-123440-0008_generated.wav | RTF: 0.2820(1.056s / 3.745s) | Generator RTF: 0.2811(1.053s / 3.745s)
generated_audios/generated_H4_128C_pruned30_int8/260-123440-0009_generated.wav | RTF: 0.2796(0.871s / 3.115s) | Generator RTF: 0.2786(0.868s / 3.115s)
generated_audios/generated_H4_128C_pruned30_int8/260-123440-0010_generated.wav | RTF: 0.2879(2.394s / 8.315s) | Generator RTF: 0.2874(2.390s / 8.315s)
generated_audios/generated_H4_128C_pruned30_int8/260-123440-0011_generated.wav | RTF: 0.0249(0.121s / 4.870s) | Generator RTF: 0.0241(0.118s / 4.870s)
generated_audios/generated_H4_128C_pruned30_int8/260-123440-0012_generated.wav | RTF: 0.2814(1.476s / 5.245s) | Generator RTF: 0.2807(1.472s / 5.245s)
generated_audios/generated_H4_128C_pruned30_int8/260-123440-0013_generated.wav | RTF: 0.2824(0.981s / 3.475s) | Generator RTF: 0.2814(0.978s / 3.475s)
generated_audios/generated_H4_128C_pruned30_int8/260-123440-0014_generated.wav | RTF: 0.2833(1.081s / 3.815s) | Generator RTF: 0.2825(1.078s / 3.815s)
generated_audios/generated_H4_128C_pruned30_int8/260-123440-0015_generated.wav | RTF: 0.0283(0.175s / 6.200s) | Generator RTF: 0.0277(0.172s / 6.200s)
generated_audios/generated_H4_128C_pruned30_int8/260-123440-0016_generated.wav | RTF: 0.2865(1.402s / 4.895s) | Generator RTF: 0.2857(1.399s / 4.895s)
generated_audios/generated_H4_128C_pruned30_int8/260-123440-0017_generated.wav | RTF: 0.0302(0.093s / 3.070s) | Generator RTF: 0.0292(0.090s / 3.070s)
generated_audios/generated_H4_128C_pruned30_int8/260-123440-0018_generated.wav | RTF: 0.2865(1.043s / 3.640s) | Generator RTF: 0.2856(1.039s / 3.640s)
generated_audios/generated_H4_128C_pruned30_int8/260-123440-0019_generated.wav | RTF: 0.2889(1.916s / 6.630s) | Generator RTF: 0.2884(1.912s / 6.630s)
generated_audios/generated_H4_128C_pruned30_int8/260-123440-0020_generated.wav | RTF: 0.2848(1.422s / 4.995s) | Generator RTF: 0.2841(1.419s / 4.995s)
generated_audios/generated_H4_128C_pruned30_int8/61-70968-0000_generated.wav | RTF: 0.2868(1.407s / 4.905s) | Generator RTF: 0.2861(1.403s / 4.905s)
generated_audios/generated_H4_128C_pruned30_int8/61-70968-0001_generated.wav | RTF: 0.2856(1.031s / 3.610s) | Generator RTF: 0.2847(1.028s / 3.610s)
generated_audios/generated_H4_128C_pruned30_int8/61-70968-0002_generated.wav | RTF: 0.2793(0.830s / 2.970s) | Generator RTF: 0.2782(0.826s / 2.970s)
generated_audios/generated_H4_128C_pruned30_int8/61-70968-0003_generated.wav | RTF: 0.0259(0.112s / 4.315s) | Generator RTF: 0.0251(0.108s / 4.315s)
generated_audios/generated_H4_128C_pruned30_int8/61-70968-0004_generated.wav | RTF: 0.2831(1.100s / 3.885s) | Generator RTF: 0.2824(1.097s / 3.885s)
generated_audios/generated_H4_128C_pruned30_int8/61-70968-0005_generated.wav | RTF: 0.0245(0.124s / 5.070s) | Generator RTF: 0.0238(0.121s / 5.070s)
generated_audios/generated_H4_128C_pruned30_int8/61-70968-0006_generated.wav | RTF: 0.2648(0.777s / 2.935s) | Generator RTF: 0.2637(0.774s / 2.935s)
generated_audios/generated_H4_128C_pruned30_int8/61-70968-0007_generated.wav | RTF: 0.0271(0.096s / 3.550s) | Generator RTF: 0.0262(0.093s / 3.550s)
generated_audios/generated_H4_128C_pruned30_int8/61-70968-0008_generated.wav | RTF: 0.0263(0.093s / 3.535s) | Generator RTF: 0.0253(0.090s / 3.535s)
generated_audios/generated_H4_128C_pruned30_int8/61-70968-0009_generated.wav | RTF: 0.2831(1.277s / 4.510s) | Generator RTF: 0.2824(1.273s / 4.510s)
generated_audios/generated_H4_128C_pruned30_int8/61-70968-0010_generated.wav | RTF: 0.2711(2.249s / 8.295s) | Generator RTF: 0.2706(2.245s / 8.295s)
generated_audios/generated_H4_128C_pruned30_int8/61-70968-0011_generated.wav | RTF: 0.2721(1.735s / 6.375s) | Generator RTF: 0.2715(1.731s / 6.375s)
generated_audios/generated_H4_128C_pruned30_int8/61-70968-0012_generated.wav | RTF: 0.0285(0.074s / 2.610s) | Generator RTF: 0.0272(0.071s / 2.610s)
generated_audios/generated_H4_128C_pruned30_int8/61-70968-0013_generated.wav | RTF: 0.0248(0.110s / 4.450s) | Generator RTF: 0.0240(0.107s / 4.450s)
generated_audios/generated_H4_128C_pruned30_int8/61-70968-0014_generated.wav | RTF: 0.2875(2.152s / 7.485s) | Generator RTF: 0.2870(2.148s / 7.485s)
generated_audios/generated_H4_128C_pruned30_int8/61-70968-0015_generated.wav | RTF: 0.2708(1.455s / 5.375s) | Generator RTF: 0.2701(1.452s / 5.375s)
generated_audios/generated_H4_128C_pruned30_int8/61-70968-0016_generated.wav | RTF: 0.2869(1.067s / 3.720s) | Generator RTF: 0.2860(1.064s / 3.720s)
generated_audios/generated_H4_128C_pruned30_int8/61-70968-0017_generated.wav | RTF: 0.2885(1.474s / 5.110s) | Generator RTF: 0.2878(1.471s / 5.110s)
generated_audios/generated_H4_128C_pruned30_int8/61-70968-0018_generated.wav | RTF: 0.2793(0.672s / 2.405s) | Generator RTF: 0.2779(0.668s / 2.405s)
generated_audios/generated_H4_128C_pruned30_int8/61-70968-0019_generated.wav | RTF: 0.2744(1.502s / 5.475s) | Generator RTF: 0.2737(1.499s / 5.475s)
generated_audios/generated_H4_128C_pruned30_int8/61-70968-0020_generated.wav | RTF: 0.2932(1.497s / 5.105s) | Generator RTF: 0.2925(1.493s / 5.105s)
generated_audios/generated_H4_128C_pruned30_int8/61-70968-0021_generated.wav | RTF: 0.2662(0.716s / 2.690s) | Generator RTF: 0.2650(0.713s / 2.690s)
generated_audios/generated_H4_128C_pruned30_int8/61-70968-0022_generated.wav | RTF: 0.0288(0.134s / 4.670s) | Generator RTF: 0.0280(0.131s / 4.670s)
generated_audios/generated_H4_128C_pruned30_int8/61-70968-0023_generated.wav | RTF: 0.0259(0.130s / 5.025s) | Generator RTF: 0.0252(0.127s / 5.025s)
generated_audios/generated_H4_128C_pruned30_int8/61-70968-0024_generated.wav | RTF: 0.2931(1.766s / 6.025s) | Generator RTF: 0.2925(1.762s / 6.025s)
generated_audios/generated_H4_128C_pruned30_int8/61-70968-0025_generated.wav | RTF: 0.0252(0.111s / 4.410s) | Generator RTF: 0.0244(0.108s / 4.410s)
generated_audios/generated_H4_128C_pruned30_int8/61-70968-0026_generated.wav | RTF: 0.2770(1.363s / 4.920s) | Generator RTF: 0.2762(1.359s / 4.920s)
generated_audios/generated_H4_128C_pruned30_int8/61-70968-0027_generated.wav | RTF: 0.2786(1.914s / 6.870s) | Generator RTF: 0.2780(1.910s / 6.870s)
generated_audios/generated_H4_128C_pruned30_int8/61-70968-0028_generated.wav | RTF: 0.2988(1.600s / 5.355s) | Generator RTF: 0.2981(1.596s / 5.355s)
generated_audios/generated_H4_128C_pruned30_int8/61-70968-0029_generated.wav | RTF: 0.2895(1.012s / 3.495s) | Generator RTF: 0.2885(1.008s / 3.495s)
generated_audios/generated_H4_128C_pruned30_int8/61-70968-0030_generated.wav | RTF: 0.2787(1.584s / 5.685s) | Generator RTF: 0.2780(1.581s / 5.685s)
generated_audios/generated_H4_128C_pruned30_int8/61-70968-0031_generated.wav | RTF: 0.2899(0.848s / 2.925s) | Generator RTF: 0.2889(0.845s / 2.925s)
generated_audios/generated_H4_128C_pruned30_int8/61-70968-0032_generated.wav | RTF: 0.0247(0.106s / 4.280s) | Generator RTF: 0.0240(0.103s / 4.280s)
generated_audios/generated_H4_128C_pruned30_int8/61-70968-0033_generated.wav | RTF: 0.0218(0.124s / 5.685s) | Generator RTF: 0.0212(0.120s / 5.685s)
generated_audios/generated_H4_128C_pruned30_int8/61-70968-0034_generated.wav | RTF: 0.2927(1.238s / 4.230s) | Generator RTF: 0.2919(1.235s / 4.230s)
generated_audios/generated_H4_128C_pruned30_int8/61-70968-0035_generated.wav | RTF: 0.2789(2.217s / 7.950s) | Generator RTF: 0.2784(2.213s / 7.950s)
generated_audios/generated_H4_128C_pruned30_int8/61-70968-0036_generated.wav | RTF: 0.0307(0.090s / 2.935s) | Generator RTF: 0.0295(0.087s / 2.935s)
generated_audios/generated_H4_128C_pruned30_int8/61-70968-0037_generated.wav | RTF: 0.0254(0.109s / 4.315s) | Generator RTF: 0.0245(0.106s / 4.315s)
generated_audios/generated_H4_128C_pruned30_int8/61-70968-0038_generated.wav | RTF: 0.2748(0.563s / 2.050s) | Generator RTF: 0.2733(0.560s / 2.050s)
generated_audios/generated_H4_128C_pruned30_int8/61-70968-0039_generated.wav | RTF: 0.2797(1.064s / 3.805s) | Generator RTF: 0.2788(1.061s / 3.805s)
generated_audios/generated_H4_128C_pruned30_int8/61-70968-0040_generated.wav | RTF: 0.2944(1.163s / 3.950s) | Generator RTF: 0.2936(1.160s / 3.950s)
generated_audios/generated_H4_128C_pruned30_int8/61-70968-0041_generated.wav | RTF: 0.0238(0.162s / 6.825s) | Generator RTF: 0.0232(0.159s / 6.825s)
generated_audios/generated_H4_128C_pruned30_int8/61-70968-0042_generated.wav | RTF: 0.0273(0.076s / 2.785s) | Generator RTF: 0.0262(0.073s / 2.785s)
generated_audios/generated_H4_128C_pruned30_int8/61-70968-0043_generated.wav | RTF: 0.2978(2.005s / 6.735s) | Generator RTF: 0.2972(2.002s / 6.735s)
generated_audios/generated_H4_128C_pruned30_int8/61-70968-0044_generated.wav | RTF: 0.0291(0.080s / 2.770s) | Generator RTF: 0.0278(0.077s / 2.770s)
generated_audios/generated_H4_128C_pruned30_int8/61-70968-0045_generated.wav | RTF: 0.0260(0.090s / 3.475s) | Generator RTF: 0.0251(0.087s / 3.475s)
generated_audios/generated_H4_128C_pruned30_int8/61-70968-0046_generated.wav | RTF: 0.0262(0.093s / 3.550s) | Generator RTF: 0.0253(0.090s / 3.550s)
generated_audios/generated_H4_128C_pruned30_int8/61-70968-0047_generated.wav | RTF: 0.2802(1.338s / 4.775s) | Generator RTF: 0.2795(1.334s / 4.775s)
generated_audios/generated_H4_128C_pruned30_int8/61-70968-0048_generated.wav | RTF: 0.2923(0.883s / 3.020s) | Generator RTF: 0.2912(0.879s / 3.020s)
generated_audios/generated_H4_128C_pruned30_int8/61-70968-0049_generated.wav | RTF: 0.2978(2.457s / 8.250s) | Generator RTF: 0.2974(2.453s / 8.250s)
generated_audios/generated_H4_128C_pruned30_int8/61-70968-0050_generated.wav | RTF: 0.2804(1.565s / 5.580s) | Generator RTF: 0.2798(1.561s / 5.580s)
generated_audios/generated_H4_128C_pruned30_int8/61-70968-0051_generated.wav | RTF: 0.2806(0.880s / 3.135s) | Generator RTF: 0.2796(0.876s / 3.135s)
generated_audios/generated_H4_128C_pruned30_int8/61-70968-0052_generated.wav | RTF: 0.2745(0.728s / 2.650s) | Generator RTF: 0.2733(0.724s / 2.650s)
generated_audios/generated_H4_128C_pruned30_int8/61-70968-0053_generated.wav | RTF: 0.0301(0.127s / 4.220s) | Generator RTF: 0.0294(0.124s / 4.220s)
generated_audios/generated_H4_128C_pruned30_int8/61-70968-0054_generated.wav | RTF: 0.2956(2.323s / 7.860s) | Generator RTF: 0.2951(2.319s / 7.860s)
generated_audios/generated_H4_128C_pruned30_int8/61-70968-0055_generated.wav | RTF: 0.0263(0.104s / 3.965s) | Generator RTF: 0.0254(0.101s / 3.965s)
generated_audios/generated_H4_128C_pruned30_int8/61-70968-0056_generated.wav | RTF: 0.2860(1.020s / 3.565s) | Generator RTF: 0.2851(1.016s / 3.565s)
generated_audios/generated_H4_128C_pruned30_int8/61-70968-0057_generated.wav | RTF: 0.0258(0.131s / 5.065s) | Generator RTF: 0.0238(0.120s / 5.065s)
generated_audios/generated_H4_128C_pruned30_int8/61-70968-0058_generated.wav | RTF: 0.2529(0.460s / 1.820s) | Generator RTF: 0.2511(0.457s / 1.820s)
generated_audios/generated_H4_128C_pruned30_int8/61-70968-0059_generated.wav | RTF: 0.0295(0.064s / 2.170s) | Generator RTF: 0.0280(0.061s / 2.170s)
generated_audios/generated_H4_128C_pruned30_int8/61-70968-0060_generated.wav | RTF: 0.0296(0.111s / 3.735s) | Generator RTF: 0.0287(0.107s / 3.735s)
generated_audios/generated_H4_128C_pruned30_int8/61-70968-0061_generated.wav | RTF: 0.2916(1.613s / 5.530s) | Generator RTF: 0.2910(1.609s / 5.530s)
generated_audios/generated_H4_128C_pruned30_int8/61-70968-0062_generated.wav | RTF: 0.0317(0.081s / 2.555s) | Generator RTF: 0.0305(0.078s / 2.555s)
generated_audios/generated_H4_128C_pruned30_int8/61-70970-0000_generated.wav | RTF: 0.2992(1.818s / 6.075s) | Generator RTF: 0.2986(1.814s / 6.075s)
generated_audios/generated_H4_128C_pruned30_int8/61-70970-0001_generated.wav | RTF: 0.2982(1.836s / 6.155s) | Generator RTF: 0.2976(1.832s / 6.155s)
generated_audios/generated_H4_128C_pruned30_int8/61-70970-0002_generated.wav | RTF: 0.3008(1.253s / 4.165s) | Generator RTF: 0.3000(1.249s / 4.165s)
generated_audios/generated_H4_128C_pruned30_int8/61-70970-0003_generated.wav | RTF: 0.2888(1.108s / 3.835s) | Generator RTF: 0.2879(1.104s / 3.835s)
generated_audios/generated_H4_128C_pruned30_int8/61-70970-0004_generated.wav | RTF: 0.2959(3.112s / 10.515s) | Generator RTF: 0.2955(3.108s / 10.515s)
generated_audios/generated_H4_128C_pruned30_int8/61-70970-0005_generated.wav | RTF: 0.2870(0.580s / 2.020s) | Generator RTF: 0.2853(0.576s / 2.020s)
generated_audios/generated_H4_128C_pruned30_int8/61-70970-0006_generated.wav | RTF: 0.2952(0.689s / 2.335s) | Generator RTF: 0.2939(0.686s / 2.335s)
generated_audios/generated_H4_128C_pruned30_int8/61-70970-0007_generated.wav | RTF: 0.3058(1.371s / 4.485s) | Generator RTF: 0.3050(1.368s / 4.485s)
generated_audios/generated_H4_128C_pruned30_int8/61-70970-0008_generated.wav | RTF: 0.3046(0.655s / 2.150s) | Generator RTF: 0.3032(0.652s / 2.150s)
generated_audios/generated_H4_128C_pruned30_int8/61-70970-0009_generated.wav | RTF: 0.3137(1.068s / 3.405s) | Generator RTF: 0.3128(1.065s / 3.405s)
generated_audios/generated_H4_128C_pruned30_int8/61-70970-0010_generated.wav | RTF: 0.0273(0.083s / 3.045s) | Generator RTF: 0.0261(0.079s / 3.045s)
generated_audios/generated_H4_128C_pruned30_int8/61-70970-0011_generated.wav | RTF: 0.0200(0.121s / 6.075s) | Generator RTF: 0.0194(0.118s / 6.075s)
generated_audios/generated_H4_128C_pruned30_int8/61-70970-0012_generated.wav | RTF: 0.0275(0.086s / 3.135s) | Generator RTF: 0.0264(0.083s / 3.135s)
generated_audios/generated_H4_128C_pruned30_int8/61-70970-0013_generated.wav | RTF: 0.3019(1.313s / 4.350s) | Generator RTF: 0.3011(1.310s / 4.350s)
generated_audios/generated_H4_128C_pruned30_int8/61-70970-0014_generated.wav | RTF: 0.0215(0.073s / 3.405s) | Generator RTF: 0.0204(0.070s / 3.405s)
generated_audios/generated_H4_128C_pruned30_int8/61-70970-0015_generated.wav | RTF: 0.3024(2.545s / 8.415s) | Generator RTF: 0.3019(2.541s / 8.415s)
generated_audios/generated_H4_128C_pruned30_int8/61-70970-0016_generated.wav | RTF: 0.3036(1.327s / 4.370s) | Generator RTF: 0.3027(1.323s / 4.370s)
generated_audios/generated_H4_128C_pruned30_int8/61-70970-0017_generated.wav | RTF: 0.0284(0.073s / 2.550s) | Generator RTF: 0.0271(0.069s / 2.550s)
generated_audios/generated_H4_128C_pruned30_int8/61-70970-0018_generated.wav | RTF: 0.2819(1.297s / 4.600s) | Generator RTF: 0.2811(1.293s / 4.600s)
generated_audios/generated_H4_128C_pruned30_int8/61-70970-0019_generated.wav | RTF: 0.2948(1.114s / 3.780s) | Generator RTF: 0.2939(1.111s / 3.780s)
generated_audios/generated_H4_128C_pruned30_int8/61-70970-0020_generated.wav | RTF: 0.0261(0.131s / 5.025s) | Generator RTF: 0.0254(0.128s / 5.025s)
generated_audios/generated_H4_128C_pruned30_int8/61-70970-0021_generated.wav | RTF: 0.2798(1.512s / 5.405s) | Generator RTF: 0.2791(1.509s / 5.405s)
generated_audios/generated_H4_128C_pruned30_int8/61-70970-0022_generated.wav | RTF: 0.0270(0.107s / 3.970s) | Generator RTF: 0.0260(0.103s / 3.970s)
generated_audios/generated_H4_128C_pruned30_int8/61-70970-0023_generated.wav | RTF: 0.0263(0.098s / 3.705s) | Generator RTF: 0.0253(0.094s / 3.705s)
generated_audios/generated_H4_128C_pruned30_int8/61-70970-0024_generated.wav | RTF: 0.2921(2.114s / 7.235s) | Generator RTF: 0.2916(2.110s / 7.235s)
generated_audios/generated_H4_128C_pruned30_int8/61-70970-0025_generated.wav | RTF: 0.2952(2.195s / 7.435s) | Generator RTF: 0.2947(2.191s / 7.435s)
generated_audios/generated_H4_128C_pruned30_int8/61-70970-0026_generated.wav | RTF: 0.0278(0.152s / 5.475s) | Generator RTF: 0.0272(0.149s / 5.475s)
generated_audios/generated_H4_128C_pruned30_int8/61-70970-0027_generated.wav | RTF: 0.0242(0.123s / 5.080s) | Generator RTF: 0.0235(0.119s / 5.080s)
generated_audios/generated_H4_128C_pruned30_int8/61-70970-0028_generated.wav | RTF: 0.0251(0.165s / 6.550s) | Generator RTF: 0.0246(0.161s / 6.550s)
generated_audios/generated_H4_128C_pruned30_int8/61-70970-0029_generated.wav | RTF: 0.0257(0.104s / 4.030s) | Generator RTF: 0.0248(0.100s / 4.030s)
generated_audios/generated_H4_128C_pruned30_int8/61-70970-0030_generated.wav | RTF: 0.0265(0.086s / 3.240s) | Generator RTF: 0.0255(0.083s / 3.240s)
generated_audios/generated_H4_128C_pruned30_int8/61-70970-0031_generated.wav | RTF: 0.2908(1.493s / 5.135s) | Generator RTF: 0.2902(1.490s / 5.135s)
generated_audios/generated_H4_128C_pruned30_int8/61-70970-0032_generated.wav | RTF: 0.0276(0.087s / 3.135s) | Generator RTF: 0.0265(0.083s / 3.135s)
generated_audios/generated_H4_128C_pruned30_int8/61-70970-0033_generated.wav | RTF: 0.2746(0.939s / 3.420s) | Generator RTF: 0.2736(0.936s / 3.420s)
generated_audios/generated_H4_128C_pruned30_int8/61-70970-0034_generated.wav | RTF: 0.0240(0.108s / 4.485s) | Generator RTF: 0.0233(0.105s / 4.485s)
generated_audios/generated_H4_128C_pruned30_int8/61-70970-0035_generated.wav | RTF: 0.0237(0.175s / 7.405s) | Generator RTF: 0.0232(0.172s / 7.405s)
generated_audios/generated_H4_128C_pruned30_int8/61-70970-0036_generated.wav | RTF: 0.0244(0.166s / 6.785s) | Generator RTF: 0.0239(0.162s / 6.785s)
generated_audios/generated_H4_128C_pruned30_int8/61-70970-0037_generated.wav | RTF: 0.2927(1.750s / 5.980s) | Generator RTF: 0.2920(1.746s / 5.980s)
generated_audios/generated_H4_128C_pruned30_int8/61-70970-0038_generated.wav | RTF: 0.2946(3.064s / 10.400s) | Generator RTF: 0.2942(3.059s / 10.400s)
generated_audios/generated_H4_128C_pruned30_int8/61-70970-0039_generated.wav | RTF: 0.0244(0.163s / 6.665s) | Generator RTF: 0.0238(0.158s / 6.665s)
generated_audios/generated_H4_128C_pruned30_int8/61-70970-0040_generated.wav | RTF: 0.0244(0.102s / 4.165s) | Generator RTF: 0.0237(0.099s / 4.165s)
generated_audios/generated_H4_128C_pruned30_int8/672-122797-0000_generated.wav | RTF: 0.2970(1.209s / 4.070s) | Generator RTF: 0.2962(1.205s / 4.070s)
generated_audios/generated_H4_128C_pruned30_int8/672-122797-0001_generated.wav | RTF: 0.3081(4.661s / 15.130s) | Generator RTF: 0.3078(4.656s / 15.130s)
generated_audios/generated_H4_128C_pruned30_int8/672-122797-0002_generated.wav | RTF: 0.2818(3.838s / 13.620s) | Generator RTF: 0.2814(3.833s / 13.620s)
generated_audios/generated_H4_128C_pruned30_int8/672-122797-0003_generated.wav | RTF: 0.2949(1.404s / 4.760s) | Generator RTF: 0.2941(1.400s / 4.760s)
generated_audios/generated_H4_128C_pruned30_int8/672-122797-0004_generated.wav | RTF: 0.2860(2.931s / 10.250s) | Generator RTF: 0.2856(2.927s / 10.250s)
generated_audios/generated_H4_128C_pruned30_int8/672-122797-0005_generated.wav | RTF: 0.2862(0.933s / 3.260s) | Generator RTF: 0.2853(0.930s / 3.260s)
generated_audios/generated_H4_128C_pruned30_int8/672-122797-0006_generated.wav | RTF: 0.3090(4.311s / 13.950s) | Generator RTF: 0.3087(4.306s / 13.950s)
generated_audios/generated_H4_128C_pruned30_int8/672-122797-0007_generated.wav | RTF: 0.2899(1.861s / 6.420s) | Generator RTF: 0.2893(1.857s / 6.420s)
generated_audios/generated_H4_128C_pruned30_int8/672-122797-0008_generated.wav | RTF: 0.3042(9.373s / 30.810s) | Generator RTF: 0.3040(9.366s / 30.810s)
generated_audios/generated_H4_128C_pruned30_int8/672-122797-0009_generated.wav | RTF: 0.0291(0.080s / 2.765s) | Generator RTF: 0.0278(0.077s / 2.765s)
generated_audios/generated_H4_128C_pruned30_int8/672-122797-0010_generated.wav | RTF: 0.0269(0.102s / 3.815s) | Generator RTF: 0.0260(0.099s / 3.815s)
generated_audios/generated_H4_128C_pruned30_int8/672-122797-0011_generated.wav | RTF: 0.2985(0.758s / 2.540s) | Generator RTF: 0.2972(0.755s / 2.540s)
generated_audios/generated_H4_128C_pruned30_int8/672-122797-0012_generated.wav | RTF: 0.3072(2.385s / 7.765s) | Generator RTF: 0.3067(2.382s / 7.765s)
generated_audios/generated_H4_128C_pruned30_int8/672-122797-0013_generated.wav | RTF: 0.3043(2.649s / 8.705s) | Generator RTF: 0.3039(2.645s / 8.705s)
generated_audios/generated_H4_128C_pruned30_int8/672-122797-0014_generated.wav | RTF: 0.0290(0.074s / 2.555s) | Generator RTF: 0.0279(0.071s / 2.555s)
generated_audios/generated_H4_128C_pruned30_int8/672-122797-0015_generated.wav | RTF: 0.0268(0.119s / 4.455s) | Generator RTF: 0.0260(0.116s / 4.455s)
generated_audios/generated_H4_128C_pruned30_int8/672-122797-0016_generated.wav | RTF: 0.2969(2.736s / 9.215s) | Generator RTF: 0.2965(2.732s / 9.215s)
generated_audios/generated_H4_128C_pruned30_int8/672-122797-0017_generated.wav | RTF: 0.2923(1.409s / 4.820s) | Generator RTF: 0.2917(1.406s / 4.820s)
generated_audios/generated_H4_128C_pruned30_int8/672-122797-0018_generated.wav | RTF: 0.2978(1.468s / 4.930s) | Generator RTF: 0.2972(1.465s / 4.930s)
generated_audios/generated_H4_128C_pruned30_int8/672-122797-0019_generated.wav | RTF: 0.2841(1.168s / 4.110s) | Generator RTF: 0.2833(1.164s / 4.110s)
generated_audios/generated_H4_128C_pruned30_int8/672-122797-0020_generated.wav | RTF: 0.2976(2.626s / 8.825s) | Generator RTF: 0.2972(2.623s / 8.825s)
generated_audios/generated_H4_128C_pruned30_int8/672-122797-0021_generated.wav | RTF: 0.0259(0.107s / 4.150s) | Generator RTF: 0.0251(0.104s / 4.150s)
generated_audios/generated_H4_128C_pruned30_int8/672-122797-0022_generated.wav | RTF: 0.3007(5.716s / 19.005s) | Generator RTF: 0.3005(5.711s / 19.005s)
generated_audios/generated_H4_128C_pruned30_int8/672-122797-0023_generated.wav | RTF: 0.2945(2.855s / 9.695s) | Generator RTF: 0.2941(2.851s / 9.695s)
generated_audios/generated_H4_128C_pruned30_int8/672-122797-0024_generated.wav | RTF: 0.2879(1.189s / 4.130s) | Generator RTF: 0.2870(1.186s / 4.130s)
generated_audios/generated_H4_128C_pruned30_int8/672-122797-0025_generated.wav | RTF: 0.2991(3.197s / 10.690s) | Generator RTF: 0.2987(3.193s / 10.690s)
generated_audios/generated_H4_128C_pruned30_int8/672-122797-0026_generated.wav | RTF: 0.3021(4.218s / 13.960s) | Generator RTF: 0.3018(4.213s / 13.960s)
generated_audios/generated_H4_128C_pruned30_int8/672-122797-0027_generated.wav | RTF: 0.0248(0.119s / 4.790s) | Generator RTF: 0.0240(0.115s / 4.790s)
generated_audios/generated_H4_128C_pruned30_int8/672-122797-0028_generated.wav | RTF: 0.0285(0.074s / 2.610s) | Generator RTF: 0.0274(0.072s / 2.610s)
generated_audios/generated_H4_128C_pruned30_int8/672-122797-0029_generated.wav | RTF: 0.0269(0.082s / 3.050s) | Generator RTF: 0.0259(0.079s / 3.050s)
generated_audios/generated_H4_128C_pruned30_int8/672-122797-0030_generated.wav | RTF: 0.2932(1.341s / 4.575s) | Generator RTF: 0.2924(1.338s / 4.575s)
generated_audios/generated_H4_128C_pruned30_int8/672-122797-0031_generated.wav | RTF: 0.0264(0.105s / 3.980s) | Generator RTF: 0.0255(0.102s / 3.980s)
generated_audios/generated_H4_128C_pruned30_int8/672-122797-0032_generated.wav | RTF: 0.0251(0.100s / 4.000s) | Generator RTF: 0.0243(0.097s / 4.000s)
generated_audios/generated_H4_128C_pruned30_int8/672-122797-0033_generated.wav | RTF: 0.2626(0.337s / 1.285s) | Generator RTF: 0.2602(0.334s / 1.285s)
generated_audios/generated_H4_128C_pruned30_int8/672-122797-0034_generated.wav | RTF: 0.0246(0.126s / 5.110s) | Generator RTF: 0.0240(0.123s / 5.110s)
generated_audios/generated_H4_128C_pruned30_int8/672-122797-0035_generated.wav | RTF: 0.0266(0.077s / 2.900s) | Generator RTF: 0.0255(0.074s / 2.900s)
generated_audios/generated_H4_128C_pruned30_int8/672-122797-0036_generated.wav | RTF: 0.0242(0.130s / 5.365s) | Generator RTF: 0.0235(0.126s / 5.365s)
generated_audios/generated_H4_128C_pruned30_int8/672-122797-0037_generated.wav | RTF: 0.2761(0.541s / 1.960s) | Generator RTF: 0.2747(0.538s / 1.960s)
generated_audios/generated_H4_128C_pruned30_int8/672-122797-0038_generated.wav | RTF: 0.3018(2.656s / 8.800s) | Generator RTF: 0.3013(2.651s / 8.800s)
generated_audios/generated_H4_128C_pruned30_int8/672-122797-0039_generated.wav | RTF: 0.2947(1.186s / 4.025s) | Generator RTF: 0.2938(1.183s / 4.025s)
generated_audios/generated_H4_128C_pruned30_int8/672-122797-0040_generated.wav | RTF: 0.0254(0.130s / 5.125s) | Generator RTF: 0.0248(0.127s / 5.125s)
generated_audios/generated_H4_128C_pruned30_int8/672-122797-0041_generated.wav | RTF: 0.0259(0.101s / 3.880s) | Generator RTF: 0.0252(0.098s / 3.880s)
generated_audios/generated_H4_128C_pruned30_int8/672-122797-0042_generated.wav | RTF: 0.3025(4.631s / 15.310s) | Generator RTF: 0.3022(4.626s / 15.310s)
generated_audios/generated_H4_128C_pruned30_int8/672-122797-0043_generated.wav | RTF: 0.0260(0.098s / 3.780s) | Generator RTF: 0.0250(0.095s / 3.780s)
generated_audios/generated_H4_128C_pruned30_int8/672-122797-0044_generated.wav | RTF: 0.0253(0.095s / 3.740s) | Generator RTF: 0.0244(0.091s / 3.740s)
generated_audios/generated_H4_128C_pruned30_int8/672-122797-0045_generated.wav | RTF: 0.0235(0.328s / 13.960s) | Generator RTF: 0.0232(0.324s / 13.960s)
generated_audios/generated_H4_128C_pruned30_int8/672-122797-0046_generated.wav | RTF: 0.2938(1.385s / 4.715s) | Generator RTF: 0.2931(1.382s / 4.715s)
generated_audios/generated_H4_128C_pruned30_int8/672-122797-0047_generated.wav | RTF: 0.2904(0.966s / 3.325s) | Generator RTF: 0.2894(0.962s / 3.325s)
generated_audios/generated_H4_128C_pruned30_int8/672-122797-0048_generated.wav | RTF: 0.0258(0.169s / 6.555s) | Generator RTF: 0.0252(0.166s / 6.555s)
generated_audios/generated_H4_128C_pruned30_int8/672-122797-0049_generated.wav | RTF: 0.0300(0.061s / 2.020s) | Generator RTF: 0.0286(0.058s / 2.020s)
generated_audios/generated_H4_128C_pruned30_int8/672-122797-0050_generated.wav | RTF: 0.2944(1.429s / 4.855s) | Generator RTF: 0.2937(1.426s / 4.855s)
generated_audios/generated_H4_128C_pruned30_int8/672-122797-0051_generated.wav | RTF: 0.3001(1.400s / 4.665s) | Generator RTF: 0.2993(1.396s / 4.665s)
generated_audios/generated_H4_128C_pruned30_int8/672-122797-0052_generated.wav | RTF: 0.2856(1.224s / 4.285s) | Generator RTF: 0.2849(1.221s / 4.285s)
generated_audios/generated_H4_128C_pruned30_int8/672-122797-0053_generated.wav | RTF: 0.0269(0.080s / 2.955s) | Generator RTF: 0.0258(0.076s / 2.955s)
generated_audios/generated_H4_128C_pruned30_int8/672-122797-0054_generated.wav | RTF: 0.0290(0.123s / 4.250s) | Generator RTF: 0.0282(0.120s / 4.250s)
generated_audios/generated_H4_128C_pruned30_int8/672-122797-0055_generated.wav | RTF: 0.2825(2.325s / 8.230s) | Generator RTF: 0.2820(2.321s / 8.230s)
generated_audios/generated_H4_128C_pruned30_int8/672-122797-0056_generated.wav | RTF: 0.0263(0.137s / 5.225s) | Generator RTF: 0.0256(0.134s / 5.225s)
generated_audios/generated_H4_128C_pruned30_int8/672-122797-0057_generated.wav | RTF: 0.0254(0.167s / 6.560s) | Generator RTF: 0.0248(0.163s / 6.560s)
generated_audios/generated_H4_128C_pruned30_int8/672-122797-0058_generated.wav | RTF: 0.2962(1.324s / 4.470s) | Generator RTF: 0.2955(1.321s / 4.470s)
generated_audios/generated_H4_128C_pruned30_int8/672-122797-0059_generated.wav | RTF: 0.2901(1.021s / 3.520s) | Generator RTF: 0.2892(1.018s / 3.520s)
generated_audios/generated_H4_128C_pruned30_int8/672-122797-0060_generated.wav | RTF: 0.0283(0.095s / 3.350s) | Generator RTF: 0.0275(0.092s / 3.350s)
generated_audios/generated_H4_128C_pruned30_int8/672-122797-0061_generated.wav | RTF: 0.3051(2.316s / 7.590s) | Generator RTF: 0.3046(2.312s / 7.590s)
generated_audios/generated_H4_128C_pruned30_int8/672-122797-0062_generated.wav | RTF: 0.3021(0.808s / 2.675s) | Generator RTF: 0.3009(0.805s / 2.675s)
generated_audios/generated_H4_128C_pruned30_int8/672-122797-0063_generated.wav | RTF: 0.0251(0.127s / 5.075s) | Generator RTF: 0.0244(0.124s / 5.075s)
generated_audios/generated_H4_128C_pruned30_int8/672-122797-0064_generated.wav | RTF: 0.3002(4.584s / 15.270s) | Generator RTF: 0.2999(4.579s / 15.270s)
generated_audios/generated_H4_128C_pruned30_int8/672-122797-0065_generated.wav | RTF: 0.0278(0.084s / 3.030s) | Generator RTF: 0.0267(0.081s / 3.030s)
generated_audios/generated_H4_128C_pruned30_int8/672-122797-0066_generated.wav | RTF: 0.0259(0.125s / 4.815s) | Generator RTF: 0.0253(0.122s / 4.815s)
generated_audios/generated_H4_128C_pruned30_int8/672-122797-0067_generated.wav | RTF: 0.2875(3.747s / 13.035s) | Generator RTF: 0.2872(3.743s / 13.035s)
generated_audios/generated_H4_128C_pruned30_int8/672-122797-0068_generated.wav | RTF: 0.0250(0.101s / 4.020s) | Generator RTF: 0.0242(0.097s / 4.020s)
generated_audios/generated_H4_128C_pruned30_int8/672-122797-0069_generated.wav | RTF: 0.3033(1.520s / 5.010s) | Generator RTF: 0.3026(1.516s / 5.010s)
generated_audios/generated_H4_128C_pruned30_int8/672-122797-0070_generated.wav | RTF: 0.2814(1.764s / 6.270s) | Generator RTF: 0.2808(1.761s / 6.270s)
generated_audios/generated_H4_128C_pruned30_int8/672-122797-0071_generated.wav | RTF: 0.3012(2.673s / 8.875s) | Generator RTF: 0.3007(2.669s / 8.875s)
generated_audios/generated_H4_128C_pruned30_int8/672-122797-0072_generated.wav | RTF: 0.3082(2.447s / 7.940s) | Generator RTF: 0.3077(2.443s / 7.940s)
generated_audios/generated_H4_128C_pruned30_int8/672-122797-0073_generated.wav | RTF: 0.3052(2.504s / 8.205s) | Generator RTF: 0.3048(2.501s / 8.205s)
generated_audios/generated_H4_128C_pruned30_int8/672-122797-0074_generated.wav | RTF: 0.3044(2.657s / 8.730s) | Generator RTF: 0.3040(2.654s / 8.730s)
generated_audios/generated_H4_128C_pruned30_int8/908-157963-0000_generated.wav | RTF: 0.2864(3.614s / 12.620s) | Generator RTF: 0.2860(3.609s / 12.620s)
generated_audios/generated_H4_128C_pruned30_int8/908-157963-0001_generated.wav | RTF: 0.2922(0.843s / 2.885s) | Generator RTF: 0.2909(0.839s / 2.885s)
generated_audios/generated_H4_128C_pruned30_int8/908-157963-0002_generated.wav | RTF: 0.2941(0.810s / 2.755s) | Generator RTF: 0.2929(0.807s / 2.755s)
generated_audios/generated_H4_128C_pruned30_int8/908-157963-0003_generated.wav | RTF: 0.2927(0.902s / 3.080s) | Generator RTF: 0.2916(0.898s / 3.080s)
generated_audios/generated_H4_128C_pruned30_int8/908-157963-0004_generated.wav | RTF: 0.2977(4.165s / 13.990s) | Generator RTF: 0.2975(4.161s / 13.990s)
generated_audios/generated_H4_128C_pruned30_int8/908-157963-0005_generated.wav | RTF: 0.2915(2.051s / 7.035s) | Generator RTF: 0.2910(2.047s / 7.035s)
generated_audios/generated_H4_128C_pruned30_int8/908-157963-0006_generated.wav | RTF: 0.2969(2.408s / 8.110s) | Generator RTF: 0.2965(2.404s / 8.110s)
generated_audios/generated_H4_128C_pruned30_int8/908-157963-0007_generated.wav | RTF: 0.3090(10.125s / 32.770s) | Generator RTF: 0.3088(10.119s / 32.770s)
generated_audios/generated_H4_128C_pruned30_int8/908-157963-0008_generated.wav | RTF: 0.3041(6.066s / 19.950s) | Generator RTF: 0.3038(6.061s / 19.950s)
generated_audios/generated_H4_128C_pruned30_int8/908-157963-0009_generated.wav | RTF: 0.3007(1.221s / 4.060s) | Generator RTF: 0.2999(1.217s / 4.060s)
generated_audios/generated_H4_128C_pruned30_int8/908-157963-0010_generated.wav | RTF: 0.0211(0.132s / 6.280s) | Generator RTF: 0.0205(0.129s / 6.280s)
generated_audios/generated_H4_128C_pruned30_int8/908-157963-0011_generated.wav | RTF: 0.0242(0.252s / 10.395s) | Generator RTF: 0.0239(0.249s / 10.395s)
generated_audios/generated_H4_128C_pruned30_int8/908-157963-0012_generated.wav | RTF: 0.2964(2.991s / 10.090s) | Generator RTF: 0.2960(2.987s / 10.090s)
generated_audios/generated_H4_128C_pruned30_int8/908-157963-0013_generated.wav | RTF: 0.0256(0.111s / 4.315s) | Generator RTF: 0.0249(0.107s / 4.315s)
generated_audios/generated_H4_128C_pruned30_int8/908-157963-0014_generated.wav | RTF: 0.0254(0.115s / 4.520s) | Generator RTF: 0.0247(0.111s / 4.520s)
generated_audios/generated_H4_128C_pruned30_int8/908-157963-0015_generated.wav | RTF: 0.2817(4.075s / 14.465s) | Generator RTF: 0.2814(4.070s / 14.465s)
generated_audios/generated_H4_128C_pruned30_int8/908-157963-0016_generated.wav | RTF: 0.0244(0.125s / 5.105s) | Generator RTF: 0.0238(0.121s / 5.105s)
generated_audios/generated_H4_128C_pruned30_int8/908-157963-0017_generated.wav | RTF: 0.2804(1.388s / 4.950s) | Generator RTF: 0.2797(1.385s / 4.950s)
generated_audios/generated_H4_128C_pruned30_int8/908-157963-0018_generated.wav | RTF: 0.0287(0.122s / 4.255s) | Generator RTF: 0.0278(0.118s / 4.255s)
generated_audios/generated_H4_128C_pruned30_int8/908-157963-0019_generated.wav | RTF: 0.3049(6.536s / 21.440s) | Generator RTF: 0.3046(6.530s / 21.440s)
generated_audios/generated_H4_128C_pruned30_int8/908-157963-0020_generated.wav | RTF: 0.2980(2.921s / 9.800s) | Generator RTF: 0.2977(2.917s / 9.800s)
generated_audios/generated_H4_128C_pruned30_int8/908-157963-0021_generated.wav | RTF: 0.0243(0.249s / 10.240s) | Generator RTF: 0.0239(0.244s / 10.240s)
generated_audios/generated_H4_128C_pruned30_int8/908-157963-0022_generated.wav | RTF: 0.3043(1.403s / 4.610s) | Generator RTF: 0.3035(1.399s / 4.610s)
generated_audios/generated_H4_128C_pruned30_int8/908-157963-0023_generated.wav | RTF: 0.3078(2.963s / 9.625s) | Generator RTF: 0.3074(2.959s / 9.625s)
generated_audios/generated_H4_128C_pruned30_int8/908-157963-0024_generated.wav | RTF: 0.3041(1.046s / 3.440s) | Generator RTF: 0.3032(1.043s / 3.440s)
generated_audios/generated_H4_128C_pruned30_int8/908-157963-0025_generated.wav | RTF: 0.2846(2.637s / 9.265s) | Generator RTF: 0.2842(2.634s / 9.265s)
generated_audios/generated_H4_128C_pruned30_int8/908-157963-0026_generated.wav | RTF: 0.2949(2.388s / 8.100s) | Generator RTF: 0.2944(2.385s / 8.100s)
generated_audios/generated_H4_128C_pruned30_int8/908-157963-0027_generated.wav | RTF: 0.0254(0.133s / 5.225s) | Generator RTF: 0.0247(0.129s / 5.225s)
generated_audios/generated_H4_128C_pruned30_int8/908-157963-0028_generated.wav | RTF: 0.0202(0.100s / 4.955s) | Generator RTF: 0.0195(0.097s / 4.955s)
generated_audios/generated_H4_128C_pruned30_int8/908-157963-0029_generated.wav | RTF: 0.2748(0.998s / 3.630s) | Generator RTF: 0.2742(0.995s / 3.630s)
generated_audios/generated_H4_128C_pruned30_int8/908-157963-0030_generated.wav | RTF: 0.0203(0.092s / 4.520s) | Generator RTF: 0.0196(0.089s / 4.520s)
generated_audios/generated_H4_128C_pruned30_int8/908-31957-0000_generated.wav | RTF: 0.2826(0.601s / 2.125s) | Generator RTF: 0.2811(0.597s / 2.125s)
generated_audios/generated_H4_128C_pruned30_int8/908-31957-0001_generated.wav | RTF: 0.3011(3.407s / 11.315s) | Generator RTF: 0.3007(3.403s / 11.315s)
generated_audios/generated_H4_128C_pruned30_int8/908-31957-0002_generated.wav | RTF: 0.0253(0.121s / 4.790s) | Generator RTF: 0.0245(0.117s / 4.790s)
generated_audios/generated_H4_128C_pruned30_int8/908-31957-0003_generated.wav | RTF: 0.0243(0.159s / 6.565s) | Generator RTF: 0.0237(0.156s / 6.565s)
generated_audios/generated_H4_128C_pruned30_int8/908-31957-0004_generated.wav | RTF: 0.3036(4.479s / 14.755s) | Generator RTF: 0.3033(4.475s / 14.755s)
generated_audios/generated_H4_128C_pruned30_int8/908-31957-0005_generated.wav | RTF: 0.0256(0.115s / 4.490s) | Generator RTF: 0.0247(0.111s / 4.490s)
generated_audios/generated_H4_128C_pruned30_int8/908-31957-0006_generated.wav | RTF: 0.2813(1.657s / 5.890s) | Generator RTF: 0.2807(1.653s / 5.890s)
generated_audios/generated_H4_128C_pruned30_int8/908-31957-0007_generated.wav | RTF: 0.0251(0.146s / 5.800s) | Generator RTF: 0.0245(0.142s / 5.800s)
generated_audios/generated_H4_128C_pruned30_int8/908-31957-0008_generated.wav | RTF: 0.2788(2.789s / 10.005s) | Generator RTF: 0.2784(2.785s / 10.005s)
generated_audios/generated_H4_128C_pruned30_int8/908-31957-0009_generated.wav | RTF: 0.2799(2.156s / 7.705s) | Generator RTF: 0.2794(2.153s / 7.705s)
generated_audios/generated_H4_128C_pruned30_int8/908-31957-0010_generated.wav | RTF: 0.2783(0.699s / 2.510s) | Generator RTF: 0.2772(0.696s / 2.510s)
generated_audios/generated_H4_128C_pruned30_int8/908-31957-0011_generated.wav | RTF: 0.0295(0.069s / 2.335s) | Generator RTF: 0.0281(0.066s / 2.335s)
generated_audios/generated_H4_128C_pruned30_int8/908-31957-0012_generated.wav | RTF: 0.2948(2.245s / 7.615s) | Generator RTF: 0.2944(2.242s / 7.615s)
generated_audios/generated_H4_128C_pruned30_int8/908-31957-0013_generated.wav | RTF: 0.2954(1.825s / 6.180s) | Generator RTF: 0.2947(1.822s / 6.180s)
generated_audios/generated_H4_128C_pruned30_int8/908-31957-0014_generated.wav | RTF: 0.2771(2.095s / 7.560s) | Generator RTF: 0.2766(2.091s / 7.560s)
generated_audios/generated_H4_128C_pruned30_int8/908-31957-0015_generated.wav | RTF: 0.2881(6.184s / 21.465s) | Generator RTF: 0.2878(6.179s / 21.465s)
generated_audios/generated_H4_128C_pruned30_int8/908-31957-0016_generated.wav | RTF: 0.2804(1.817s / 6.480s) | Generator RTF: 0.2799(1.814s / 6.480s)
generated_audios/generated_H4_128C_pruned30_int8/908-31957-0017_generated.wav | RTF: 0.2975(2.319s / 7.795s) | Generator RTF: 0.2970(2.315s / 7.795s)
generated_audios/generated_H4_128C_pruned30_int8/908-31957-0018_generated.wav | RTF: 0.3070(1.202s / 3.915s) | Generator RTF: 0.3061(1.199s / 3.915s)
generated_audios/generated_H4_128C_pruned30_int8/908-31957-0019_generated.wav | RTF: 0.3065(2.924s / 9.540s) | Generator RTF: 0.3061(2.921s / 9.540s)
generated_audios/generated_H4_128C_pruned30_int8/908-31957-0020_generated.wav | RTF: 0.0206(0.122s / 5.895s) | Generator RTF: 0.0200(0.118s / 5.895s)
generated_audios/generated_H4_128C_pruned30_int8/908-31957-0021_generated.wav | RTF: 0.2869(3.128s / 10.905s) | Generator RTF: 0.2865(3.124s / 10.905s)
generated_audios/generated_H4_128C_pruned30_int8/908-31957-0022_generated.wav | RTF: 0.3037(4.282s / 14.100s) | Generator RTF: 0.3033(4.277s / 14.100s)
generated_audios/generated_H4_128C_pruned30_int8/908-31957-0023_generated.wav | RTF: 0.3026(2.577s / 8.515s) | Generator RTF: 0.3022(2.574s / 8.515s)
generated_audios/generated_H4_128C_pruned30_int8/908-31957-0024_generated.wav | RTF: 0.2953(2.226s / 7.540s) | Generator RTF: 0.2947(2.222s / 7.540s)
generated_audios/generated_H4_128C_pruned30_int8/908-31957-0025_generated.wav | RTF: 0.3017(6.204s / 20.560s) | Generator RTF: 0.3015(6.198s / 20.560s)
Average RTF: 0.2048(647.130s / 3159.849s)
Average Generator RTF: 0.2042(645.312s / 3159.849s)
Evaluation summary:
  Mel-spectrogram L1: 0.517390
  PESQ: 1.852946
  STOI: 0.905249
Appended per-audio metrics to CSV: per_audio_results/H4_128C_int8_Physical_pruning

Appended metrics to CSV: experiments_results.csv
========== H4: pruning 50% + quantize ==========
Initializing Inference Process..
Using device: cpu (baseline and quantized inference both run on CPU)
Quantization enabled: forcing CPU inference for INT8 model.
Loading '/home/hpc/vlbi/vlbi107v/hifi-gan/cp_hifigan/v1_c128_physical50/g_00265000'
Complete.
Checkpoint contains plain conv weights. Removing weight_norm wrappers before loading...
Removing weight norm...
Removing weight norm...
Calibrating static quantization using 50 samples...
INT8 quantization scope: resblocks_range
Quantizing residual blocks 3..8; all other layers stay FP32.
Checking quantized modules after static quantization:
Quantized module: resblocks.3.convs1.0 (torch.ao.nn.quantized.modules.conv.Conv1d)
Quantized module: resblocks.3.convs1.1 (torch.ao.nn.quantized.modules.conv.Conv1d)
Quantized module: resblocks.3.convs1.2 (torch.ao.nn.quantized.modules.conv.Conv1d)
Quantized module: resblocks.3.convs2.0 (torch.ao.nn.quantized.modules.conv.Conv1d)
Quantized module: resblocks.3.convs2.1 (torch.ao.nn.quantized.modules.conv.Conv1d)
Quantized module: resblocks.3.convs2.2 (torch.ao.nn.quantized.modules.conv.Conv1d)
Quantized module: resblocks.4.convs1.0 (torch.ao.nn.quantized.modules.conv.Conv1d)
Quantized module: resblocks.4.convs1.1 (torch.ao.nn.quantized.modules.conv.Conv1d)
Quantized module: resblocks.4.convs1.2 (torch.ao.nn.quantized.modules.conv.Conv1d)
Quantized module: resblocks.4.convs2.0 (torch.ao.nn.quantized.modules.conv.Conv1d)
Quantized module: resblocks.4.convs2.1 (torch.ao.nn.quantized.modules.conv.Conv1d)
Quantized module: resblocks.4.convs2.2 (torch.ao.nn.quantized.modules.conv.Conv1d)
Quantized module: resblocks.5.convs1.0 (torch.ao.nn.quantized.modules.conv.Conv1d)
Quantized module: resblocks.5.convs1.1 (torch.ao.nn.quantized.modules.conv.Conv1d)
Quantized module: resblocks.5.convs1.2 (torch.ao.nn.quantized.modules.conv.Conv1d)
Quantized module: resblocks.5.convs2.0 (torch.ao.nn.quantized.modules.conv.Conv1d)
Quantized module: resblocks.5.convs2.1 (torch.ao.nn.quantized.modules.conv.Conv1d)
Quantized module: resblocks.5.convs2.2 (torch.ao.nn.quantized.modules.conv.Conv1d)
Quantized module: resblocks.6.convs1.0 (torch.ao.nn.quantized.modules.conv.Conv1d)
Quantized module: resblocks.6.convs1.1 (torch.ao.nn.quantized.modules.conv.Conv1d)
Quantized module: resblocks.6.convs1.2 (torch.ao.nn.quantized.modules.conv.Conv1d)
Quantized module: resblocks.6.convs2.0 (torch.ao.nn.quantized.modules.conv.Conv1d)
Quantized module: resblocks.6.convs2.1 (torch.ao.nn.quantized.modules.conv.Conv1d)
Quantized module: resblocks.6.convs2.2 (torch.ao.nn.quantized.modules.conv.Conv1d)
Quantized module: resblocks.7.convs1.0 (torch.ao.nn.quantized.modules.conv.Conv1d)
Quantized module: resblocks.7.convs1.1 (torch.ao.nn.quantized.modules.conv.Conv1d)
Quantized module: resblocks.7.convs1.2 (torch.ao.nn.quantized.modules.conv.Conv1d)
Quantized module: resblocks.7.convs2.0 (torch.ao.nn.quantized.modules.conv.Conv1d)
Quantized module: resblocks.7.convs2.1 (torch.ao.nn.quantized.modules.conv.Conv1d)
Quantized module: resblocks.7.convs2.2 (torch.ao.nn.quantized.modules.conv.Conv1d)
Quantized module: resblocks.8.convs1.0 (torch.ao.nn.quantized.modules.conv.Conv1d)
Quantized module: resblocks.8.convs1.1 (torch.ao.nn.quantized.modules.conv.Conv1d)
Quantized module: resblocks.8.convs1.2 (torch.ao.nn.quantized.modules.conv.Conv1d)
Quantized module: resblocks.8.convs2.0 (torch.ao.nn.quantized.modules.conv.Conv1d)
Quantized module: resblocks.8.convs2.1 (torch.ao.nn.quantized.modules.conv.Conv1d)
Quantized module: resblocks.8.convs2.2 (torch.ao.nn.quantized.modules.conv.Conv1d)
Saving checkpoint to /home/hpc/vlbi/vlbi107v/hifi-gan/cp_hifigan/v1_c128_physical50/compressed_checkpoint_int8
Complete.
Saved compressed checkpoint: /home/hpc/vlbi/vlbi107v/hifi-gan/cp_hifigan/v1_c128_physical50/compressed_checkpoint_int8 (2.118 MB)
Compressed checkpoint parameters: 582,869
Loaded checkpoint: /home/hpc/vlbi/vlbi107v/hifi-gan/cp_hifigan/v1_c128_physical50/g_00265000 (2.274 MB)
Generator parameters: 582,869
generated_audios/generated_H4_128C_pruned50_int8/1089-134686-0000_generated.wav | RTF: 0.0212(0.221s / 10.435s) | Generator RTF: 0.0209(0.218s / 10.435s)
generated_audios/generated_H4_128C_pruned50_int8/1089-134686-0001_generated.wav | RTF: 0.0281(0.092s / 3.275s) | Generator RTF: 0.0270(0.088s / 3.275s)
generated_audios/generated_H4_128C_pruned50_int8/1089-134686-0002_generated.wav | RTF: 0.0252(0.167s / 6.625s) | Generator RTF: 0.0246(0.163s / 6.625s)
generated_audios/generated_H4_128C_pruned50_int8/1089-134686-0003_generated.wav | RTF: 0.0249(0.067s / 2.680s) | Generator RTF: 0.0237(0.064s / 2.680s)
generated_audios/generated_H4_128C_pruned50_int8/1089-134686-0004_generated.wav | RTF: 0.0215(0.112s / 5.215s) | Generator RTF: 0.0208(0.109s / 5.215s)
generated_audios/generated_H4_128C_pruned50_int8/1089-134686-0005_generated.wav | RTF: 0.0207(0.200s / 9.635s) | Generator RTF: 0.0203(0.196s / 9.635s)
generated_audios/generated_H4_128C_pruned50_int8/1089-134686-0006_generated.wav | RTF: 0.0233(0.246s / 10.555s) | Generator RTF: 0.0229(0.241s / 10.555s)
generated_audios/generated_H4_128C_pruned50_int8/1089-134686-0007_generated.wav | RTF: 0.0232(0.099s / 4.275s) | Generator RTF: 0.0224(0.096s / 4.275s)
generated_audios/generated_H4_128C_pruned50_int8/1089-134686-0008_generated.wav | RTF: 0.0241(0.162s / 6.730s) | Generator RTF: 0.0235(0.158s / 6.730s)
generated_audios/generated_H4_128C_pruned50_int8/1089-134686-0009_generated.wav | RTF: 0.0216(0.228s / 10.575s) | Generator RTF: 0.0211(0.224s / 10.575s)
generated_audios/generated_H4_128C_pruned50_int8/1089-134686-0010_generated.wav | RTF: 0.0223(0.098s / 4.405s) | Generator RTF: 0.0215(0.095s / 4.405s)
generated_audios/generated_H4_128C_pruned50_int8/1089-134686-0011_generated.wav | RTF: 0.0225(0.280s / 12.445s) | Generator RTF: 0.0221(0.275s / 12.445s)
generated_audios/generated_H4_128C_pruned50_int8/1089-134686-0012_generated.wav | RTF: 0.0250(0.291s / 11.640s) | Generator RTF: 0.0246(0.287s / 11.640s)
generated_audios/generated_H4_128C_pruned50_int8/1089-134686-0013_generated.wav | RTF: 0.0239(0.189s / 7.915s) | Generator RTF: 0.0234(0.185s / 7.915s)
generated_audios/generated_H4_128C_pruned50_int8/1089-134686-0014_generated.wav | RTF: 0.0265(0.059s / 2.225s) | Generator RTF: 0.0250(0.056s / 2.225s)
generated_audios/generated_H4_128C_pruned50_int8/1089-134686-0015_generated.wav | RTF: 0.0206(0.120s / 5.815s) | Generator RTF: 0.0201(0.117s / 5.815s)
generated_audios/generated_H4_128C_pruned50_int8/1089-134686-0016_generated.wav | RTF: 0.0231(0.082s / 3.540s) | Generator RTF: 0.0222(0.078s / 3.540s)
generated_audios/generated_H4_128C_pruned50_int8/1089-134686-0017_generated.wav | RTF: 0.0214(0.190s / 8.870s) | Generator RTF: 0.0210(0.186s / 8.870s)
generated_audios/generated_H4_128C_pruned50_int8/1089-134686-0018_generated.wav | RTF: 0.0209(0.329s / 15.720s) | Generator RTF: 0.0206(0.324s / 15.720s)
generated_audios/generated_H4_128C_pruned50_int8/1089-134686-0019_generated.wav | RTF: 0.0208(0.289s / 13.895s) | Generator RTF: 0.0205(0.284s / 13.895s)
generated_audios/generated_H4_128C_pruned50_int8/1089-134686-0020_generated.wav | RTF: 0.0224(0.375s / 16.790s) | Generator RTF: 0.0221(0.370s / 16.790s)
generated_audios/generated_H4_128C_pruned50_int8/1089-134686-0021_generated.wav | RTF: 0.0235(0.154s / 6.550s) | Generator RTF: 0.0230(0.151s / 6.550s)
generated_audios/generated_H4_128C_pruned50_int8/1089-134686-0022_generated.wav | RTF: 0.0206(0.230s / 11.175s) | Generator RTF: 0.0202(0.226s / 11.175s)
generated_audios/generated_H4_128C_pruned50_int8/1089-134686-0023_generated.wav | RTF: 0.0226(0.300s / 13.275s) | Generator RTF: 0.0222(0.295s / 13.275s)
generated_audios/generated_H4_128C_pruned50_int8/1089-134686-0024_generated.wav | RTF: 0.0217(0.253s / 11.655s) | Generator RTF: 0.0213(0.249s / 11.655s)
generated_audios/generated_H4_128C_pruned50_int8/1089-134686-0025_generated.wav | RTF: 0.0213(0.141s / 6.610s) | Generator RTF: 0.0207(0.137s / 6.610s)
generated_audios/generated_H4_128C_pruned50_int8/1089-134686-0026_generated.wav | RTF: 0.0264(0.106s / 4.010s) | Generator RTF: 0.0256(0.103s / 4.010s)
generated_audios/generated_H4_128C_pruned50_int8/1089-134686-0027_generated.wav | RTF: 0.0249(0.067s / 2.710s) | Generator RTF: 0.0237(0.064s / 2.710s)
generated_audios/generated_H4_128C_pruned50_int8/1089-134686-0028_generated.wav | RTF: 0.0207(0.162s / 7.830s) | Generator RTF: 0.0202(0.158s / 7.830s)
generated_audios/generated_H4_128C_pruned50_int8/1089-134686-0029_generated.wav | RTF: 0.0254(0.119s / 4.670s) | Generator RTF: 0.0247(0.115s / 4.670s)
generated_audios/generated_H4_128C_pruned50_int8/1089-134686-0030_generated.wav | RTF: 0.0197(0.053s / 2.715s) | Generator RTF: 0.0185(0.050s / 2.715s)
generated_audios/generated_H4_128C_pruned50_int8/1089-134686-0031_generated.wav | RTF: 0.0164(0.109s / 6.615s) | Generator RTF: 0.0161(0.106s / 6.615s)
generated_audios/generated_H4_128C_pruned50_int8/121-121726-0000_generated.wav | RTF: 0.0208(0.176s / 8.460s) | Generator RTF: 0.0203(0.172s / 8.460s)
generated_audios/generated_H4_128C_pruned50_int8/121-121726-0001_generated.wav | RTF: 0.0244(0.145s / 5.925s) | Generator RTF: 0.0238(0.141s / 5.925s)
generated_audios/generated_H4_128C_pruned50_int8/121-121726-0002_generated.wav | RTF: 0.0213(0.094s / 4.410s) | Generator RTF: 0.0206(0.091s / 4.410s)
generated_audios/generated_H4_128C_pruned50_int8/121-121726-0003_generated.wav | RTF: 0.0206(0.139s / 6.755s) | Generator RTF: 0.0200(0.135s / 6.755s)
generated_audios/generated_H4_128C_pruned50_int8/121-121726-0004_generated.wav | RTF: 0.0224(0.090s / 4.020s) | Generator RTF: 0.0215(0.086s / 4.020s)
generated_audios/generated_H4_128C_pruned50_int8/121-121726-0005_generated.wav | RTF: 0.0227(0.070s / 3.100s) | Generator RTF: 0.0217(0.067s / 3.100s)
generated_audios/generated_H4_128C_pruned50_int8/121-121726-0006_generated.wav | RTF: 0.0230(0.089s / 3.895s) | Generator RTF: 0.0221(0.086s / 3.895s)
generated_audios/generated_H4_128C_pruned50_int8/121-121726-0007_generated.wav | RTF: 0.0240(0.162s / 6.730s) | Generator RTF: 0.0235(0.158s / 6.730s)
generated_audios/generated_H4_128C_pruned50_int8/121-121726-0008_generated.wav | RTF: 0.0255(0.127s / 4.990s) | Generator RTF: 0.0248(0.124s / 4.990s)
generated_audios/generated_H4_128C_pruned50_int8/121-121726-0009_generated.wav | RTF: 0.0212(0.154s / 7.260s) | Generator RTF: 0.0206(0.150s / 7.260s)
generated_audios/generated_H4_128C_pruned50_int8/121-121726-0010_generated.wav | RTF: 0.0197(0.194s / 9.810s) | Generator RTF: 0.0194(0.190s / 9.810s)
generated_audios/generated_H4_128C_pruned50_int8/121-121726-0011_generated.wav | RTF: 0.0220(0.089s / 4.035s) | Generator RTF: 0.0211(0.085s / 4.035s)
generated_audios/generated_H4_128C_pruned50_int8/121-121726-0012_generated.wav | RTF: 0.0236(0.095s / 4.045s) | Generator RTF: 0.0228(0.092s / 4.045s)
generated_audios/generated_H4_128C_pruned50_int8/121-121726-0013_generated.wav | RTF: 0.0251(0.062s / 2.490s) | Generator RTF: 0.0238(0.059s / 2.490s)
generated_audios/generated_H4_128C_pruned50_int8/121-121726-0014_generated.wav | RTF: 0.0233(0.074s / 3.165s) | Generator RTF: 0.0223(0.071s / 3.165s)
generated_audios/generated_H4_128C_pruned50_int8/121-123852-0000_generated.wav | RTF: 0.0255(0.452s / 17.695s) | Generator RTF: 0.0253(0.447s / 17.695s)
generated_audios/generated_H4_128C_pruned50_int8/121-123852-0001_generated.wav | RTF: 0.0281(0.052s / 1.870s) | Generator RTF: 0.0261(0.049s / 1.870s)
generated_audios/generated_H4_128C_pruned50_int8/121-123852-0002_generated.wav | RTF: 0.0247(0.427s / 17.285s) | Generator RTF: 0.0244(0.422s / 17.285s)
generated_audios/generated_H4_128C_pruned50_int8/121-123852-0003_generated.wav | RTF: 0.3033(7.130s / 23.505s) | Generator RTF: 0.3031(7.124s / 23.505s)
generated_audios/generated_H4_128C_pruned50_int8/121-123852-0004_generated.wav | RTF: 0.2740(4.463s / 16.290s) | Generator RTF: 0.2737(4.458s / 16.290s)
generated_audios/generated_H4_128C_pruned50_int8/121-123859-0000_generated.wav | RTF: 0.2637(4.585s / 17.390s) | Generator RTF: 0.2634(4.580s / 17.390s)
generated_audios/generated_H4_128C_pruned50_int8/121-123859-0001_generated.wav | RTF: 0.2680(6.806s / 25.395s) | Generator RTF: 0.2677(6.799s / 25.395s)
generated_audios/generated_H4_128C_pruned50_int8/121-123859-0002_generated.wav | RTF: 0.2788(8.376s / 30.040s) | Generator RTF: 0.2786(8.370s / 30.040s)
generated_audios/generated_H4_128C_pruned50_int8/121-123859-0003_generated.wav | RTF: 0.2550(2.760s / 10.825s) | Generator RTF: 0.2546(2.756s / 10.825s)
generated_audios/generated_H4_128C_pruned50_int8/121-123859-0004_generated.wav | RTF: 0.2592(2.463s / 9.505s) | Generator RTF: 0.2587(2.459s / 9.505s)
generated_audios/generated_H4_128C_pruned50_int8/121-127105-0000_generated.wav | RTF: 0.2532(2.500s / 9.875s) | Generator RTF: 0.2527(2.496s / 9.875s)
generated_audios/generated_H4_128C_pruned50_int8/121-127105-0001_generated.wav | RTF: 0.2392(1.202s / 5.025s) | Generator RTF: 0.2384(1.198s / 5.025s)
generated_audios/generated_H4_128C_pruned50_int8/121-127105-0002_generated.wav | RTF: 0.2373(1.778s / 7.495s) | Generator RTF: 0.2367(1.774s / 7.495s)
generated_audios/generated_H4_128C_pruned50_int8/121-127105-0003_generated.wav | RTF: 0.2532(1.956s / 7.725s) | Generator RTF: 0.2528(1.953s / 7.725s)
generated_audios/generated_H4_128C_pruned50_int8/121-127105-0004_generated.wav | RTF: 0.2484(0.524s / 2.110s) | Generator RTF: 0.2469(0.521s / 2.110s)
generated_audios/generated_H4_128C_pruned50_int8/121-127105-0005_generated.wav | RTF: 0.2423(1.410s / 5.820s) | Generator RTF: 0.2416(1.406s / 5.820s)
generated_audios/generated_H4_128C_pruned50_int8/121-127105-0006_generated.wav | RTF: 0.2554(1.207s / 4.725s) | Generator RTF: 0.2548(1.204s / 4.725s)
generated_audios/generated_H4_128C_pruned50_int8/121-127105-0007_generated.wav | RTF: 0.2401(1.390s / 5.790s) | Generator RTF: 0.2395(1.387s / 5.790s)
generated_audios/generated_H4_128C_pruned50_int8/121-127105-0008_generated.wav | RTF: 0.2469(0.681s / 2.760s) | Generator RTF: 0.2457(0.678s / 2.760s)
generated_audios/generated_H4_128C_pruned50_int8/121-127105-0009_generated.wav | RTF: 0.2528(0.579s / 2.290s) | Generator RTF: 0.2514(0.576s / 2.290s)
generated_audios/generated_H4_128C_pruned50_int8/121-127105-0010_generated.wav | RTF: 0.2464(0.702s / 2.850s) | Generator RTF: 0.2452(0.699s / 2.850s)
generated_audios/generated_H4_128C_pruned50_int8/121-127105-0011_generated.wav | RTF: 0.2518(1.455s / 5.780s) | Generator RTF: 0.2512(1.452s / 5.780s)
generated_audios/generated_H4_128C_pruned50_int8/121-127105-0012_generated.wav | RTF: 0.2547(1.230s / 4.830s) | Generator RTF: 0.2540(1.227s / 4.830s)
generated_audios/generated_H4_128C_pruned50_int8/121-127105-0013_generated.wav | RTF: 0.2375(1.400s / 5.895s) | Generator RTF: 0.2369(1.397s / 5.895s)
generated_audios/generated_H4_128C_pruned50_int8/121-127105-0014_generated.wav | RTF: 0.2348(0.530s / 2.255s) | Generator RTF: 0.2332(0.526s / 2.255s)
generated_audios/generated_H4_128C_pruned50_int8/121-127105-0015_generated.wav | RTF: 0.2490(0.737s / 2.960s) | Generator RTF: 0.2479(0.734s / 2.960s)
generated_audios/generated_H4_128C_pruned50_int8/121-127105-0016_generated.wav | RTF: 0.2392(0.485s / 2.030s) | Generator RTF: 0.2376(0.482s / 2.030s)
generated_audios/generated_H4_128C_pruned50_int8/121-127105-0017_generated.wav | RTF: 0.2493(0.672s / 2.695s) | Generator RTF: 0.2481(0.669s / 2.695s)
generated_audios/generated_H4_128C_pruned50_int8/121-127105-0018_generated.wav | RTF: 0.2495(0.691s / 2.770s) | Generator RTF: 0.2484(0.688s / 2.770s)
generated_audios/generated_H4_128C_pruned50_int8/121-127105-0019_generated.wav | RTF: 0.2401(0.847s / 3.525s) | Generator RTF: 0.2392(0.843s / 3.525s)
generated_audios/generated_H4_128C_pruned50_int8/121-127105-0020_generated.wav | RTF: 0.2659(3.817s / 14.355s) | Generator RTF: 0.2656(3.813s / 14.355s)
generated_audios/generated_H4_128C_pruned50_int8/121-127105-0021_generated.wav | RTF: 0.2397(0.479s / 2.000s) | Generator RTF: 0.2381(0.476s / 2.000s)
generated_audios/generated_H4_128C_pruned50_int8/121-127105-0022_generated.wav | RTF: 0.2500(1.269s / 5.075s) | Generator RTF: 0.2493(1.265s / 5.075s)
generated_audios/generated_H4_128C_pruned50_int8/121-127105-0023_generated.wav | RTF: 0.2416(2.636s / 10.910s) | Generator RTF: 0.2412(2.631s / 10.910s)
generated_audios/generated_H4_128C_pruned50_int8/121-127105-0024_generated.wav | RTF: 0.2791(4.033s / 14.450s) | Generator RTF: 0.2788(4.029s / 14.450s)
generated_audios/generated_H4_128C_pruned50_int8/121-127105-0025_generated.wav | RTF: 0.2654(4.263s / 16.065s) | Generator RTF: 0.2650(4.258s / 16.065s)
generated_audios/generated_H4_128C_pruned50_int8/121-127105-0026_generated.wav | RTF: 0.2387(1.798s / 7.530s) | Generator RTF: 0.2382(1.794s / 7.530s)
generated_audios/generated_H4_128C_pruned50_int8/121-127105-0027_generated.wav | RTF: 0.2689(3.729s / 13.870s) | Generator RTF: 0.2685(3.725s / 13.870s)
generated_audios/generated_H4_128C_pruned50_int8/121-127105-0028_generated.wav | RTF: 0.0208(0.140s / 6.750s) | Generator RTF: 0.0203(0.137s / 6.750s)
generated_audios/generated_H4_128C_pruned50_int8/121-127105-0029_generated.wav | RTF: 0.2525(1.846s / 7.310s) | Generator RTF: 0.2520(1.842s / 7.310s)
generated_audios/generated_H4_128C_pruned50_int8/121-127105-0030_generated.wav | RTF: 0.2431(0.529s / 2.175s) | Generator RTF: 0.2417(0.526s / 2.175s)
generated_audios/generated_H4_128C_pruned50_int8/121-127105-0031_generated.wav | RTF: 0.2413(2.597s / 10.765s) | Generator RTF: 0.2409(2.593s / 10.765s)
generated_audios/generated_H4_128C_pruned50_int8/121-127105-0032_generated.wav | RTF: 0.2337(0.741s / 3.170s) | Generator RTF: 0.2327(0.738s / 3.170s)
generated_audios/generated_H4_128C_pruned50_int8/121-127105-0033_generated.wav | RTF: 0.2451(0.577s / 2.355s) | Generator RTF: 0.2440(0.575s / 2.355s)
generated_audios/generated_H4_128C_pruned50_int8/121-127105-0034_generated.wav | RTF: 0.2560(1.897s / 7.410s) | Generator RTF: 0.2556(1.894s / 7.410s)
generated_audios/generated_H4_128C_pruned50_int8/121-127105-0035_generated.wav | RTF: 0.2629(3.720s / 14.150s) | Generator RTF: 0.2626(3.715s / 14.150s)
generated_audios/generated_H4_128C_pruned50_int8/121-127105-0036_generated.wav | RTF: 0.2384(0.989s / 4.150s) | Generator RTF: 0.2375(0.986s / 4.150s)
generated_audios/generated_H4_128C_pruned50_int8/237-126133-0000_generated.wav | RTF: 0.2819(3.747s / 13.290s) | Generator RTF: 0.2816(3.743s / 13.290s)
generated_audios/generated_H4_128C_pruned50_int8/237-126133-0001_generated.wav | RTF: 0.2815(3.368s / 11.965s) | Generator RTF: 0.2812(3.364s / 11.965s)
generated_audios/generated_H4_128C_pruned50_int8/237-126133-0002_generated.wav | RTF: 0.2434(2.171s / 8.920s) | Generator RTF: 0.2430(2.167s / 8.920s)
generated_audios/generated_H4_128C_pruned50_int8/237-126133-0003_generated.wav | RTF: 0.2525(1.656s / 6.560s) | Generator RTF: 0.2519(1.653s / 6.560s)
generated_audios/generated_H4_128C_pruned50_int8/237-126133-0004_generated.wav | RTF: 0.2557(0.843s / 3.295s) | Generator RTF: 0.2548(0.840s / 3.295s)
generated_audios/generated_H4_128C_pruned50_int8/237-126133-0005_generated.wav | RTF: 0.2533(1.649s / 6.510s) | Generator RTF: 0.2528(1.645s / 6.510s)
generated_audios/generated_H4_128C_pruned50_int8/237-126133-0006_generated.wav | RTF: 0.2520(1.550s / 6.150s) | Generator RTF: 0.2514(1.546s / 6.150s)
generated_audios/generated_H4_128C_pruned50_int8/237-126133-0007_generated.wav | RTF: 0.2399(2.082s / 8.680s) | Generator RTF: 0.2394(2.078s / 8.680s)
generated_audios/generated_H4_128C_pruned50_int8/237-126133-0008_generated.wav | RTF: 0.2529(0.977s / 3.865s) | Generator RTF: 0.2520(0.974s / 3.865s)
generated_audios/generated_H4_128C_pruned50_int8/237-126133-0009_generated.wav | RTF: 0.2482(0.985s / 3.970s) | Generator RTF: 0.2474(0.982s / 3.970s)
generated_audios/generated_H4_128C_pruned50_int8/237-126133-0010_generated.wav | RTF: 0.2415(1.507s / 6.240s) | Generator RTF: 0.2409(1.504s / 6.240s)
generated_audios/generated_H4_128C_pruned50_int8/237-126133-0011_generated.wav | RTF: 0.2583(1.733s / 6.710s) | Generator RTF: 0.2578(1.730s / 6.710s)
generated_audios/generated_H4_128C_pruned50_int8/237-126133-0012_generated.wav | RTF: 0.2606(1.159s / 4.450s) | Generator RTF: 0.2598(1.156s / 4.450s)
generated_audios/generated_H4_128C_pruned50_int8/237-126133-0013_generated.wav | RTF: 0.2535(1.727s / 6.815s) | Generator RTF: 0.2529(1.724s / 6.815s)
generated_audios/generated_H4_128C_pruned50_int8/237-126133-0014_generated.wav | RTF: 0.2582(1.753s / 6.790s) | Generator RTF: 0.2577(1.749s / 6.790s)
generated_audios/generated_H4_128C_pruned50_int8/237-126133-0015_generated.wav | RTF: 0.2440(2.279s / 9.340s) | Generator RTF: 0.2435(2.275s / 9.340s)
generated_audios/generated_H4_128C_pruned50_int8/237-126133-0016_generated.wav | RTF: 0.2427(1.032s / 4.250s) | Generator RTF: 0.2420(1.029s / 4.250s)
generated_audios/generated_H4_128C_pruned50_int8/237-126133-0017_generated.wav | RTF: 0.2434(1.511s / 6.210s) | Generator RTF: 0.2427(1.507s / 6.210s)
generated_audios/generated_H4_128C_pruned50_int8/237-126133-0018_generated.wav | RTF: 0.2542(1.041s / 4.095s) | Generator RTF: 0.2534(1.038s / 4.095s)
generated_audios/generated_H4_128C_pruned50_int8/237-126133-0019_generated.wav | RTF: 0.2614(1.861s / 7.120s) | Generator RTF: 0.2609(1.858s / 7.120s)
generated_audios/generated_H4_128C_pruned50_int8/237-126133-0020_generated.wav | RTF: 0.2360(0.529s / 2.240s) | Generator RTF: 0.2345(0.525s / 2.240s)
generated_audios/generated_H4_128C_pruned50_int8/237-126133-0021_generated.wav | RTF: 0.2411(1.052s / 4.365s) | Generator RTF: 0.2403(1.049s / 4.365s)
generated_audios/generated_H4_128C_pruned50_int8/237-126133-0022_generated.wav | RTF: 0.2545(1.283s / 5.040s) | Generator RTF: 0.2538(1.279s / 5.040s)
generated_audios/generated_H4_128C_pruned50_int8/237-126133-0023_generated.wav | RTF: 0.2590(1.729s / 6.675s) | Generator RTF: 0.2584(1.725s / 6.675s)
generated_audios/generated_H4_128C_pruned50_int8/237-126133-0024_generated.wav | RTF: 0.2587(2.500s / 9.665s) | Generator RTF: 0.2583(2.496s / 9.665s)
generated_audios/generated_H4_128C_pruned50_int8/237-126133-0025_generated.wav | RTF: 0.2536(0.952s / 3.755s) | Generator RTF: 0.2528(0.949s / 3.755s)
generated_audios/generated_H4_128C_pruned50_int8/237-134493-0000_generated.wav | RTF: 0.2584(1.061s / 4.105s) | Generator RTF: 0.2576(1.057s / 4.105s)
generated_audios/generated_H4_128C_pruned50_int8/237-134493-0001_generated.wav | RTF: 0.2551(1.883s / 7.380s) | Generator RTF: 0.2526(1.864s / 7.380s)
generated_audios/generated_H4_128C_pruned50_int8/237-134493-0002_generated.wav | RTF: 0.2685(3.059s / 11.395s) | Generator RTF: 0.2681(3.055s / 11.395s)
generated_audios/generated_H4_128C_pruned50_int8/237-134493-0003_generated.wav | RTF: 0.2822(3.602s / 12.765s) | Generator RTF: 0.2818(3.597s / 12.765s)
generated_audios/generated_H4_128C_pruned50_int8/237-134493-0004_generated.wav | RTF: 0.2620(1.788s / 6.825s) | Generator RTF: 0.2615(1.784s / 6.825s)
generated_audios/generated_H4_128C_pruned50_int8/237-134493-0005_generated.wav | RTF: 0.2471(2.705s / 10.945s) | Generator RTF: 0.2468(2.701s / 10.945s)
generated_audios/generated_H4_128C_pruned50_int8/237-134493-0006_generated.wav | RTF: 0.2414(1.061s / 4.395s) | Generator RTF: 0.2406(1.058s / 4.395s)
generated_audios/generated_H4_128C_pruned50_int8/237-134493-0007_generated.wav | RTF: 0.2437(0.496s / 2.035s) | Generator RTF: 0.2423(0.493s / 2.035s)
generated_audios/generated_H4_128C_pruned50_int8/237-134493-0008_generated.wav | RTF: 0.2402(0.554s / 2.305s) | Generator RTF: 0.2389(0.551s / 2.305s)
generated_audios/generated_H4_128C_pruned50_int8/237-134493-0009_generated.wav | RTF: 0.2567(0.764s / 2.975s) | Generator RTF: 0.2556(0.760s / 2.975s)
generated_audios/generated_H4_128C_pruned50_int8/237-134493-0010_generated.wav | RTF: 0.2526(0.726s / 2.875s) | Generator RTF: 0.2516(0.723s / 2.875s)
generated_audios/generated_H4_128C_pruned50_int8/237-134493-0011_generated.wav | RTF: 0.2605(1.311s / 5.035s) | Generator RTF: 0.2598(1.308s / 5.035s)
generated_audios/generated_H4_128C_pruned50_int8/237-134493-0012_generated.wav | RTF: 0.2433(0.890s / 3.660s) | Generator RTF: 0.2424(0.887s / 3.660s)
generated_audios/generated_H4_128C_pruned50_int8/237-134493-0013_generated.wav | RTF: 0.0231(0.094s / 4.090s) | Generator RTF: 0.0223(0.091s / 4.090s)
generated_audios/generated_H4_128C_pruned50_int8/237-134493-0014_generated.wav | RTF: 0.2440(0.903s / 3.700s) | Generator RTF: 0.2431(0.900s / 3.700s)
generated_audios/generated_H4_128C_pruned50_int8/237-134493-0015_generated.wav | RTF: 0.0235(0.154s / 6.550s) | Generator RTF: 0.0229(0.150s / 6.550s)
generated_audios/generated_H4_128C_pruned50_int8/237-134493-0016_generated.wav | RTF: 0.2595(2.617s / 10.085s) | Generator RTF: 0.2591(2.613s / 10.085s)
generated_audios/generated_H4_128C_pruned50_int8/237-134493-0017_generated.wav | RTF: 0.2591(2.359s / 9.105s) | Generator RTF: 0.2587(2.356s / 9.105s)
generated_audios/generated_H4_128C_pruned50_int8/237-134493-0018_generated.wav | RTF: 0.2581(1.236s / 4.790s) | Generator RTF: 0.2573(1.233s / 4.790s)
generated_audios/generated_H4_128C_pruned50_int8/237-134500-0000_generated.wav | RTF: 0.2577(1.580s / 6.130s) | Generator RTF: 0.2571(1.576s / 6.130s)
generated_audios/generated_H4_128C_pruned50_int8/237-134500-0001_generated.wav | RTF: 0.2374(0.430s / 1.810s) | Generator RTF: 0.2356(0.426s / 1.810s)
generated_audios/generated_H4_128C_pruned50_int8/237-134500-0002_generated.wav | RTF: 0.2582(1.309s / 5.070s) | Generator RTF: 0.2575(1.306s / 5.070s)
generated_audios/generated_H4_128C_pruned50_int8/237-134500-0003_generated.wav | RTF: 0.0252(0.080s / 3.170s) | Generator RTF: 0.0242(0.077s / 3.170s)
generated_audios/generated_H4_128C_pruned50_int8/237-134500-0004_generated.wav | RTF: 0.0262(0.058s / 2.225s) | Generator RTF: 0.0248(0.055s / 2.225s)
generated_audios/generated_H4_128C_pruned50_int8/237-134500-0005_generated.wav | RTF: 0.2503(0.598s / 2.390s) | Generator RTF: 0.2489(0.595s / 2.390s)
generated_audios/generated_H4_128C_pruned50_int8/237-134500-0006_generated.wav | RTF: 0.2419(1.022s / 4.225s) | Generator RTF: 0.2411(1.019s / 4.225s)
generated_audios/generated_H4_128C_pruned50_int8/237-134500-0007_generated.wav | RTF: 0.0211(0.050s / 2.390s) | Generator RTF: 0.0197(0.047s / 2.390s)
generated_audios/generated_H4_128C_pruned50_int8/237-134500-0008_generated.wav | RTF: 0.0231(0.087s / 3.760s) | Generator RTF: 0.0223(0.084s / 3.760s)
generated_audios/generated_H4_128C_pruned50_int8/237-134500-0009_generated.wav | RTF: 0.0211(0.047s / 2.220s) | Generator RTF: 0.0196(0.044s / 2.220s)
generated_audios/generated_H4_128C_pruned50_int8/237-134500-0010_generated.wav | RTF: 0.2565(1.025s / 3.995s) | Generator RTF: 0.2556(1.021s / 3.995s)
generated_audios/generated_H4_128C_pruned50_int8/237-134500-0011_generated.wav | RTF: 0.2445(0.819s / 3.350s) | Generator RTF: 0.2435(0.816s / 3.350s)
generated_audios/generated_H4_128C_pruned50_int8/237-134500-0012_generated.wav | RTF: 0.2619(2.864s / 10.935s) | Generator RTF: 0.2616(2.860s / 10.935s)
generated_audios/generated_H4_128C_pruned50_int8/237-134500-0013_generated.wav | RTF: 0.0230(0.243s / 10.560s) | Generator RTF: 0.0226(0.239s / 10.560s)
generated_audios/generated_H4_128C_pruned50_int8/237-134500-0014_generated.wav | RTF: 0.0254(0.108s / 4.250s) | Generator RTF: 0.0246(0.105s / 4.250s)
generated_audios/generated_H4_128C_pruned50_int8/237-134500-0015_generated.wav | RTF: 0.2547(2.755s / 10.815s) | Generator RTF: 0.2543(2.751s / 10.815s)
generated_audios/generated_H4_128C_pruned50_int8/237-134500-0016_generated.wav | RTF: 0.0251(0.079s / 3.160s) | Generator RTF: 0.0240(0.076s / 3.160s)
generated_audios/generated_H4_128C_pruned50_int8/237-134500-0017_generated.wav | RTF: 0.0269(0.059s / 2.180s) | Generator RTF: 0.0254(0.055s / 2.180s)
generated_audios/generated_H4_128C_pruned50_int8/237-134500-0018_generated.wav | RTF: 0.2850(3.661s / 12.845s) | Generator RTF: 0.2847(3.656s / 12.845s)
generated_audios/generated_H4_128C_pruned50_int8/237-134500-0019_generated.wav | RTF: 0.2414(0.690s / 2.860s) | Generator RTF: 0.2405(0.688s / 2.860s)
generated_audios/generated_H4_128C_pruned50_int8/237-134500-0020_generated.wav | RTF: 0.0219(0.048s / 2.180s) | Generator RTF: 0.0204(0.044s / 2.180s)
generated_audios/generated_H4_128C_pruned50_int8/237-134500-0021_generated.wav | RTF: 0.2403(1.231s / 5.120s) | Generator RTF: 0.2398(1.228s / 5.120s)
generated_audios/generated_H4_128C_pruned50_int8/237-134500-0022_generated.wav | RTF: 0.2446(1.263s / 5.165s) | Generator RTF: 0.2439(1.260s / 5.165s)
generated_audios/generated_H4_128C_pruned50_int8/237-134500-0023_generated.wav | RTF: 0.2610(0.799s / 3.060s) | Generator RTF: 0.2599(0.795s / 3.060s)
generated_audios/generated_H4_128C_pruned50_int8/237-134500-0024_generated.wav | RTF: 0.0224(0.099s / 4.410s) | Generator RTF: 0.0216(0.095s / 4.410s)
generated_audios/generated_H4_128C_pruned50_int8/237-134500-0025_generated.wav | RTF: 0.2363(0.385s / 1.630s) | Generator RTF: 0.2345(0.382s / 1.630s)
generated_audios/generated_H4_128C_pruned50_int8/237-134500-0026_generated.wav | RTF: 0.2576(0.786s / 3.050s) | Generator RTF: 0.2565(0.782s / 3.050s)
generated_audios/generated_H4_128C_pruned50_int8/237-134500-0027_generated.wav | RTF: 0.2630(0.860s / 3.270s) | Generator RTF: 0.2620(0.857s / 3.270s)
generated_audios/generated_H4_128C_pruned50_int8/237-134500-0028_generated.wav | RTF: 0.2637(1.193s / 4.525s) | Generator RTF: 0.2629(1.190s / 4.525s)
generated_audios/generated_H4_128C_pruned50_int8/237-134500-0029_generated.wav | RTF: 0.2439(0.504s / 2.065s) | Generator RTF: 0.2423(0.500s / 2.065s)
generated_audios/generated_H4_128C_pruned50_int8/237-134500-0030_generated.wav | RTF: 0.2622(0.729s / 2.780s) | Generator RTF: 0.2611(0.726s / 2.780s)
generated_audios/generated_H4_128C_pruned50_int8/237-134500-0031_generated.wav | RTF: 0.2587(2.744s / 10.610s) | Generator RTF: 0.2583(2.741s / 10.610s)
generated_audios/generated_H4_128C_pruned50_int8/237-134500-0032_generated.wav | RTF: 0.0232(0.116s / 5.025s) | Generator RTF: 0.0224(0.113s / 5.025s)
generated_audios/generated_H4_128C_pruned50_int8/237-134500-0033_generated.wav | RTF: 0.2474(1.571s / 6.350s) | Generator RTF: 0.2468(1.567s / 6.350s)
generated_audios/generated_H4_128C_pruned50_int8/237-134500-0034_generated.wav | RTF: 0.2458(0.756s / 3.075s) | Generator RTF: 0.2447(0.752s / 3.075s)
generated_audios/generated_H4_128C_pruned50_int8/237-134500-0035_generated.wav | RTF: 0.2616(0.668s / 2.555s) | Generator RTF: 0.2603(0.665s / 2.555s)
generated_audios/generated_H4_128C_pruned50_int8/237-134500-0036_generated.wav | RTF: 0.2654(1.752s / 6.600s) | Generator RTF: 0.2649(1.748s / 6.600s)
generated_audios/generated_H4_128C_pruned50_int8/237-134500-0037_generated.wav | RTF: 0.2648(1.881s / 7.105s) | Generator RTF: 0.2643(1.878s / 7.105s)
generated_audios/generated_H4_128C_pruned50_int8/237-134500-0038_generated.wav | RTF: 0.2574(0.627s / 2.435s) | Generator RTF: 0.2559(0.623s / 2.435s)
generated_audios/generated_H4_128C_pruned50_int8/237-134500-0039_generated.wav | RTF: 0.2641(1.223s / 4.630s) | Generator RTF: 0.2634(1.219s / 4.630s)
generated_audios/generated_H4_128C_pruned50_int8/237-134500-0040_generated.wav | RTF: 0.0230(0.093s / 4.030s) | Generator RTF: 0.0222(0.089s / 4.030s)
generated_audios/generated_H4_128C_pruned50_int8/237-134500-0041_generated.wav | RTF: 0.0240(0.214s / 8.920s) | Generator RTF: 0.0236(0.210s / 8.920s)
generated_audios/generated_H4_128C_pruned50_int8/237-134500-0042_generated.wav | RTF: 0.2535(0.653s / 2.575s) | Generator RTF: 0.2523(0.650s / 2.575s)
generated_audios/generated_H4_128C_pruned50_int8/260-123286-0000_generated.wav | RTF: 0.2544(1.791s / 7.040s) | Generator RTF: 0.2538(1.787s / 7.040s)
generated_audios/generated_H4_128C_pruned50_int8/260-123286-0001_generated.wav | RTF: 0.0198(0.061s / 3.070s) | Generator RTF: 0.0187(0.057s / 3.070s)
generated_audios/generated_H4_128C_pruned50_int8/260-123286-0002_generated.wav | RTF: 0.2695(2.691s / 9.985s) | Generator RTF: 0.2692(2.688s / 9.985s)
generated_audios/generated_H4_128C_pruned50_int8/260-123286-0003_generated.wav | RTF: 0.2674(1.971s / 7.370s) | Generator RTF: 0.2669(1.967s / 7.370s)
generated_audios/generated_H4_128C_pruned50_int8/260-123286-0004_generated.wav | RTF: 0.2641(0.915s / 3.465s) | Generator RTF: 0.2631(0.912s / 3.465s)
generated_audios/generated_H4_128C_pruned50_int8/260-123286-0005_generated.wav | RTF: 0.2545(1.224s / 4.810s) | Generator RTF: 0.2538(1.221s / 4.810s)
generated_audios/generated_H4_128C_pruned50_int8/260-123286-0006_generated.wav | RTF: 0.2656(1.967s / 7.405s) | Generator RTF: 0.2650(1.963s / 7.405s)
generated_audios/generated_H4_128C_pruned50_int8/260-123286-0007_generated.wav | RTF: 0.2637(1.200s / 4.550s) | Generator RTF: 0.2629(1.196s / 4.550s)
generated_audios/generated_H4_128C_pruned50_int8/260-123286-0008_generated.wav | RTF: 0.2542(0.949s / 3.735s) | Generator RTF: 0.2534(0.946s / 3.735s)
generated_audios/generated_H4_128C_pruned50_int8/260-123286-0009_generated.wav | RTF: 0.2752(1.595s / 5.795s) | Generator RTF: 0.2746(1.591s / 5.795s)
generated_audios/generated_H4_128C_pruned50_int8/260-123286-0010_generated.wav | RTF: 0.0205(0.053s / 2.575s) | Generator RTF: 0.0192(0.049s / 2.575s)
generated_audios/generated_H4_128C_pruned50_int8/260-123286-0011_generated.wav | RTF: 0.0258(0.110s / 4.255s) | Generator RTF: 0.0250(0.106s / 4.255s)
generated_audios/generated_H4_128C_pruned50_int8/260-123286-0012_generated.wav | RTF: 0.0207(0.050s / 2.430s) | Generator RTF: 0.0194(0.047s / 2.430s)
generated_audios/generated_H4_128C_pruned50_int8/260-123286-0013_generated.wav | RTF: 0.2663(1.260s / 4.730s) | Generator RTF: 0.2657(1.257s / 4.730s)
generated_audios/generated_H4_128C_pruned50_int8/260-123286-0014_generated.wav | RTF: 0.0261(0.078s / 2.980s) | Generator RTF: 0.0251(0.075s / 2.980s)
generated_audios/generated_H4_128C_pruned50_int8/260-123286-0015_generated.wav | RTF: 0.2717(1.416s / 5.210s) | Generator RTF: 0.2711(1.412s / 5.210s)
generated_audios/generated_H4_128C_pruned50_int8/260-123286-0016_generated.wav | RTF: 0.2720(1.904s / 7.000s) | Generator RTF: 0.2715(1.901s / 7.000s)
generated_audios/generated_H4_128C_pruned50_int8/260-123286-0017_generated.wav | RTF: 0.2575(1.024s / 3.975s) | Generator RTF: 0.2566(1.020s / 3.975s)
generated_audios/generated_H4_128C_pruned50_int8/260-123286-0018_generated.wav | RTF: 0.2734(1.550s / 5.670s) | Generator RTF: 0.2728(1.547s / 5.670s)
generated_audios/generated_H4_128C_pruned50_int8/260-123286-0019_generated.wav | RTF: 0.2922(3.479s / 11.905s) | Generator RTF: 0.2919(3.475s / 11.905s)
generated_audios/generated_H4_128C_pruned50_int8/260-123286-0020_generated.wav | RTF: 0.0238(0.073s / 3.060s) | Generator RTF: 0.0227(0.070s / 3.060s)
generated_audios/generated_H4_128C_pruned50_int8/260-123286-0021_generated.wav | RTF: 0.2605(0.664s / 2.550s) | Generator RTF: 0.2593(0.661s / 2.550s)
generated_audios/generated_H4_128C_pruned50_int8/260-123286-0022_generated.wav | RTF: 0.2678(0.866s / 3.235s) | Generator RTF: 0.2668(0.863s / 3.235s)
generated_audios/generated_H4_128C_pruned50_int8/260-123286-0023_generated.wav | RTF: 0.2753(1.618s / 5.875s) | Generator RTF: 0.2747(1.614s / 5.875s)
generated_audios/generated_H4_128C_pruned50_int8/260-123286-0024_generated.wav | RTF: 0.2670(0.812s / 3.040s) | Generator RTF: 0.2659(0.808s / 3.040s)
generated_audios/generated_H4_128C_pruned50_int8/260-123286-0025_generated.wav | RTF: 0.2625(2.416s / 9.205s) | Generator RTF: 0.2621(2.412s / 9.205s)
generated_audios/generated_H4_128C_pruned50_int8/260-123286-0026_generated.wav | RTF: 0.2638(1.831s / 6.940s) | Generator RTF: 0.2633(1.827s / 6.940s)
generated_audios/generated_H4_128C_pruned50_int8/260-123286-0027_generated.wav | RTF: 0.2816(2.019s / 7.170s) | Generator RTF: 0.2811(2.016s / 7.170s)
generated_audios/generated_H4_128C_pruned50_int8/260-123286-0028_generated.wav | RTF: 0.2660(1.986s / 7.465s) | Generator RTF: 0.2654(1.982s / 7.465s)
generated_audios/generated_H4_128C_pruned50_int8/260-123286-0029_generated.wav | RTF: 0.0214(0.097s / 4.545s) | Generator RTF: 0.0206(0.094s / 4.545s)
generated_audios/generated_H4_128C_pruned50_int8/260-123286-0030_generated.wav | RTF: 0.0234(0.176s / 7.530s) | Generator RTF: 0.0229(0.172s / 7.530s)
generated_audios/generated_H4_128C_pruned50_int8/260-123286-0031_generated.wav | RTF: 0.2625(1.328s / 5.060s) | Generator RTF: 0.2618(1.325s / 5.060s)
generated_audios/generated_H4_128C_pruned50_int8/260-123288-0000_generated.wav | RTF: 0.0188(0.057s / 3.040s) | Generator RTF: 0.0177(0.054s / 3.040s)
generated_audios/generated_H4_128C_pruned50_int8/260-123288-0001_generated.wav | RTF: 0.0221(0.112s / 5.080s) | Generator RTF: 0.0214(0.109s / 5.080s)
generated_audios/generated_H4_128C_pruned50_int8/260-123288-0002_generated.wav | RTF: 0.2687(1.948s / 7.250s) | Generator RTF: 0.2682(1.945s / 7.250s)
generated_audios/generated_H4_128C_pruned50_int8/260-123288-0003_generated.wav | RTF: 0.2781(2.476s / 8.905s) | Generator RTF: 0.2777(2.473s / 8.905s)
generated_audios/generated_H4_128C_pruned50_int8/260-123288-0004_generated.wav | RTF: 0.2763(1.191s / 4.310s) | Generator RTF: 0.2753(1.187s / 4.310s)
generated_audios/generated_H4_128C_pruned50_int8/260-123288-0005_generated.wav | RTF: 0.2869(3.601s / 12.550s) | Generator RTF: 0.2865(3.596s / 12.550s)
generated_audios/generated_H4_128C_pruned50_int8/260-123288-0006_generated.wav | RTF: 0.2665(1.301s / 4.880s) | Generator RTF: 0.2658(1.297s / 4.880s)
generated_audios/generated_H4_128C_pruned50_int8/260-123288-0007_generated.wav | RTF: 0.2836(3.176s / 11.200s) | Generator RTF: 0.2833(3.172s / 11.200s)
generated_audios/generated_H4_128C_pruned50_int8/260-123288-0008_generated.wav | RTF: 0.2811(1.550s / 5.515s) | Generator RTF: 0.2805(1.547s / 5.515s)
generated_audios/generated_H4_128C_pruned50_int8/260-123288-0009_generated.wav | RTF: 0.2774(0.953s / 3.435s) | Generator RTF: 0.2764(0.949s / 3.435s)
generated_audios/generated_H4_128C_pruned50_int8/260-123288-0010_generated.wav | RTF: 0.0210(0.210s / 9.995s) | Generator RTF: 0.0206(0.206s / 9.995s)
generated_audios/generated_H4_128C_pruned50_int8/260-123288-0011_generated.wav | RTF: 0.2886(2.591s / 8.980s) | Generator RTF: 0.2881(2.587s / 8.980s)
generated_audios/generated_H4_128C_pruned50_int8/260-123288-0012_generated.wav | RTF: 0.2760(0.978s / 3.545s) | Generator RTF: 0.2752(0.976s / 3.545s)
generated_audios/generated_H4_128C_pruned50_int8/260-123288-0013_generated.wav | RTF: 0.3030(3.450s / 11.385s) | Generator RTF: 0.3027(3.446s / 11.385s)
generated_audios/generated_H4_128C_pruned50_int8/260-123288-0014_generated.wav | RTF: 0.0321(0.058s / 1.805s) | Generator RTF: 0.0303(0.055s / 1.805s)
generated_audios/generated_H4_128C_pruned50_int8/260-123288-0015_generated.wav | RTF: 0.2863(6.066s / 21.185s) | Generator RTF: 0.2861(6.061s / 21.185s)
generated_audios/generated_H4_128C_pruned50_int8/260-123288-0016_generated.wav | RTF: 0.2854(1.388s / 4.865s) | Generator RTF: 0.2845(1.384s / 4.865s)
generated_audios/generated_H4_128C_pruned50_int8/260-123288-0017_generated.wav | RTF: 0.2696(1.409s / 5.225s) | Generator RTF: 0.2690(1.405s / 5.225s)
generated_audios/generated_H4_128C_pruned50_int8/260-123288-0018_generated.wav | RTF: 0.2767(0.898s / 3.245s) | Generator RTF: 0.2756(0.894s / 3.245s)
generated_audios/generated_H4_128C_pruned50_int8/260-123288-0019_generated.wav | RTF: 0.0244(0.072s / 2.955s) | Generator RTF: 0.0233(0.069s / 2.955s)
generated_audios/generated_H4_128C_pruned50_int8/260-123288-0020_generated.wav | RTF: 0.2794(0.810s / 2.900s) | Generator RTF: 0.2782(0.807s / 2.900s)
generated_audios/generated_H4_128C_pruned50_int8/260-123288-0021_generated.wav | RTF: 0.0261(0.071s / 2.710s) | Generator RTF: 0.0248(0.067s / 2.710s)
generated_audios/generated_H4_128C_pruned50_int8/260-123288-0022_generated.wav | RTF: 0.2796(1.036s / 3.705s) | Generator RTF: 0.2787(1.033s / 3.705s)
generated_audios/generated_H4_128C_pruned50_int8/260-123288-0023_generated.wav | RTF: 0.0270(0.064s / 2.385s) | Generator RTF: 0.0257(0.061s / 2.385s)
generated_audios/generated_H4_128C_pruned50_int8/260-123288-0024_generated.wav | RTF: 0.2881(4.205s / 14.595s) | Generator RTF: 0.2878(4.200s / 14.595s)
generated_audios/generated_H4_128C_pruned50_int8/260-123288-0025_generated.wav | RTF: 0.2918(3.923s / 13.445s) | Generator RTF: 0.2914(3.918s / 13.445s)
generated_audios/generated_H4_128C_pruned50_int8/260-123288-0026_generated.wav | RTF: 0.3095(4.964s / 16.040s) | Generator RTF: 0.3091(4.959s / 16.040s)
generated_audios/generated_H4_128C_pruned50_int8/260-123288-0027_generated.wav | RTF: 0.2712(1.710s / 6.305s) | Generator RTF: 0.2706(1.706s / 6.305s)
generated_audios/generated_H4_128C_pruned50_int8/260-123288-0028_generated.wav | RTF: 0.2805(0.732s / 2.610s) | Generator RTF: 0.2792(0.729s / 2.610s)
generated_audios/generated_H4_128C_pruned50_int8/260-123440-0000_generated.wav | RTF: 0.2668(0.578s / 2.165s) | Generator RTF: 0.2653(0.574s / 2.165s)
generated_audios/generated_H4_128C_pruned50_int8/260-123440-0001_generated.wav | RTF: 0.2643(0.460s / 1.740s) | Generator RTF: 0.2625(0.457s / 1.740s)
generated_audios/generated_H4_128C_pruned50_int8/260-123440-0002_generated.wav | RTF: 0.3111(4.577s / 14.715s) | Generator RTF: 0.3107(4.572s / 14.715s)
generated_audios/generated_H4_128C_pruned50_int8/260-123440-0003_generated.wav | RTF: 0.2866(1.027s / 3.585s) | Generator RTF: 0.2857(1.024s / 3.585s)
generated_audios/generated_H4_128C_pruned50_int8/260-123440-0004_generated.wav | RTF: 0.2935(3.527s / 12.020s) | Generator RTF: 0.2931(3.523s / 12.020s)
generated_audios/generated_H4_128C_pruned50_int8/260-123440-0005_generated.wav | RTF: 0.0250(0.078s / 3.105s) | Generator RTF: 0.0238(0.074s / 3.105s)
generated_audios/generated_H4_128C_pruned50_int8/260-123440-0006_generated.wav | RTF: 0.0201(0.055s / 2.715s) | Generator RTF: 0.0190(0.052s / 2.715s)
generated_audios/generated_H4_128C_pruned50_int8/260-123440-0007_generated.wav | RTF: 0.2836(0.960s / 3.385s) | Generator RTF: 0.2826(0.957s / 3.385s)
generated_audios/generated_H4_128C_pruned50_int8/260-123440-0008_generated.wav | RTF: 0.2892(1.083s / 3.745s) | Generator RTF: 0.2883(1.080s / 3.745s)
generated_audios/generated_H4_128C_pruned50_int8/260-123440-0009_generated.wav | RTF: 0.2859(0.890s / 3.115s) | Generator RTF: 0.2849(0.887s / 3.115s)
generated_audios/generated_H4_128C_pruned50_int8/260-123440-0010_generated.wav | RTF: 0.2917(2.426s / 8.315s) | Generator RTF: 0.2913(2.422s / 8.315s)
generated_audios/generated_H4_128C_pruned50_int8/260-123440-0011_generated.wav | RTF: 0.0217(0.106s / 4.870s) | Generator RTF: 0.0211(0.103s / 4.870s)
generated_audios/generated_H4_128C_pruned50_int8/260-123440-0012_generated.wav | RTF: 0.2854(1.497s / 5.245s) | Generator RTF: 0.2847(1.493s / 5.245s)
generated_audios/generated_H4_128C_pruned50_int8/260-123440-0013_generated.wav | RTF: 0.2843(0.988s / 3.475s) | Generator RTF: 0.2834(0.985s / 3.475s)
generated_audios/generated_H4_128C_pruned50_int8/260-123440-0014_generated.wav | RTF: 0.2881(1.099s / 3.815s) | Generator RTF: 0.2873(1.096s / 3.815s)
generated_audios/generated_H4_128C_pruned50_int8/260-123440-0015_generated.wav | RTF: 0.0261(0.162s / 6.200s) | Generator RTF: 0.0256(0.159s / 6.200s)
generated_audios/generated_H4_128C_pruned50_int8/260-123440-0016_generated.wav | RTF: 0.2937(1.438s / 4.895s) | Generator RTF: 0.2930(1.434s / 4.895s)
generated_audios/generated_H4_128C_pruned50_int8/260-123440-0017_generated.wav | RTF: 0.0260(0.080s / 3.070s) | Generator RTF: 0.0249(0.076s / 3.070s)
generated_audios/generated_H4_128C_pruned50_int8/260-123440-0018_generated.wav | RTF: 0.2930(1.067s / 3.640s) | Generator RTF: 0.2921(1.063s / 3.640s)
generated_audios/generated_H4_128C_pruned50_int8/260-123440-0019_generated.wav | RTF: 0.2960(1.962s / 6.630s) | Generator RTF: 0.2954(1.958s / 6.630s)
generated_audios/generated_H4_128C_pruned50_int8/260-123440-0020_generated.wav | RTF: 0.2922(1.460s / 4.995s) | Generator RTF: 0.2915(1.456s / 4.995s)
generated_audios/generated_H4_128C_pruned50_int8/61-70968-0000_generated.wav | RTF: 0.2917(1.431s / 4.905s) | Generator RTF: 0.2910(1.428s / 4.905s)
generated_audios/generated_H4_128C_pruned50_int8/61-70968-0001_generated.wav | RTF: 0.2905(1.049s / 3.610s) | Generator RTF: 0.2896(1.045s / 3.610s)
generated_audios/generated_H4_128C_pruned50_int8/61-70968-0002_generated.wav | RTF: 0.2851(0.847s / 2.970s) | Generator RTF: 0.2839(0.843s / 2.970s)
generated_audios/generated_H4_128C_pruned50_int8/61-70968-0003_generated.wav | RTF: 0.0238(0.103s / 4.315s) | Generator RTF: 0.0230(0.099s / 4.315s)
generated_audios/generated_H4_128C_pruned50_int8/61-70968-0004_generated.wav | RTF: 0.2886(1.121s / 3.885s) | Generator RTF: 0.2878(1.118s / 3.885s)
generated_audios/generated_H4_128C_pruned50_int8/61-70968-0005_generated.wav | RTF: 0.0223(0.113s / 5.070s) | Generator RTF: 0.0216(0.110s / 5.070s)
generated_audios/generated_H4_128C_pruned50_int8/61-70968-0006_generated.wav | RTF: 0.2706(0.794s / 2.935s) | Generator RTF: 0.2695(0.791s / 2.935s)
generated_audios/generated_H4_128C_pruned50_int8/61-70968-0007_generated.wav | RTF: 0.0243(0.086s / 3.550s) | Generator RTF: 0.0234(0.083s / 3.550s)
generated_audios/generated_H4_128C_pruned50_int8/61-70968-0008_generated.wav | RTF: 0.0235(0.083s / 3.535s) | Generator RTF: 0.0226(0.080s / 3.535s)
generated_audios/generated_H4_128C_pruned50_int8/61-70968-0009_generated.wav | RTF: 0.2890(1.304s / 4.510s) | Generator RTF: 0.2883(1.300s / 4.510s)
generated_audios/generated_H4_128C_pruned50_int8/61-70968-0010_generated.wav | RTF: 0.2763(2.292s / 8.295s) | Generator RTF: 0.2758(2.288s / 8.295s)
generated_audios/generated_H4_128C_pruned50_int8/61-70968-0011_generated.wav | RTF: 0.2749(1.752s / 6.375s) | Generator RTF: 0.2744(1.749s / 6.375s)
generated_audios/generated_H4_128C_pruned50_int8/61-70968-0012_generated.wav | RTF: 0.0260(0.068s / 2.610s) | Generator RTF: 0.0249(0.065s / 2.610s)
generated_audios/generated_H4_128C_pruned50_int8/61-70968-0013_generated.wav | RTF: 0.0223(0.099s / 4.450s) | Generator RTF: 0.0215(0.096s / 4.450s)
generated_audios/generated_H4_128C_pruned50_int8/61-70968-0014_generated.wav | RTF: 0.2910(2.178s / 7.485s) | Generator RTF: 0.2905(2.174s / 7.485s)
generated_audios/generated_H4_128C_pruned50_int8/61-70968-0015_generated.wav | RTF: 0.2766(1.487s / 5.375s) | Generator RTF: 0.2760(1.483s / 5.375s)
generated_audios/generated_H4_128C_pruned50_int8/61-70968-0016_generated.wav | RTF: 0.2922(1.087s / 3.720s) | Generator RTF: 0.2913(1.084s / 3.720s)
generated_audios/generated_H4_128C_pruned50_int8/61-70968-0017_generated.wav | RTF: 0.2941(1.503s / 5.110s) | Generator RTF: 0.2935(1.500s / 5.110s)
generated_audios/generated_H4_128C_pruned50_int8/61-70968-0018_generated.wav | RTF: 0.2837(0.682s / 2.405s) | Generator RTF: 0.2825(0.679s / 2.405s)
generated_audios/generated_H4_128C_pruned50_int8/61-70968-0019_generated.wav | RTF: 0.2780(1.522s / 5.475s) | Generator RTF: 0.2774(1.519s / 5.475s)
generated_audios/generated_H4_128C_pruned50_int8/61-70968-0020_generated.wav | RTF: 0.2967(1.515s / 5.105s) | Generator RTF: 0.2960(1.511s / 5.105s)
generated_audios/generated_H4_128C_pruned50_int8/61-70968-0021_generated.wav | RTF: 0.2706(0.728s / 2.690s) | Generator RTF: 0.2695(0.725s / 2.690s)
generated_audios/generated_H4_128C_pruned50_int8/61-70968-0022_generated.wav | RTF: 0.0263(0.123s / 4.670s) | Generator RTF: 0.0256(0.119s / 4.670s)
generated_audios/generated_H4_128C_pruned50_int8/61-70968-0023_generated.wav | RTF: 0.0228(0.115s / 5.025s) | Generator RTF: 0.0221(0.111s / 5.025s)
generated_audios/generated_H4_128C_pruned50_int8/61-70968-0024_generated.wav | RTF: 0.2929(1.765s / 6.025s) | Generator RTF: 0.2923(1.761s / 6.025s)
generated_audios/generated_H4_128C_pruned50_int8/61-70968-0025_generated.wav | RTF: 0.0219(0.097s / 4.410s) | Generator RTF: 0.0212(0.093s / 4.410s)
generated_audios/generated_H4_128C_pruned50_int8/61-70968-0026_generated.wav | RTF: 0.2761(1.358s / 4.920s) | Generator RTF: 0.2754(1.355s / 4.920s)
generated_audios/generated_H4_128C_pruned50_int8/61-70968-0027_generated.wav | RTF: 0.2814(1.933s / 6.870s) | Generator RTF: 0.2809(1.930s / 6.870s)
generated_audios/generated_H4_128C_pruned50_int8/61-70968-0028_generated.wav | RTF: 0.2991(1.602s / 5.355s) | Generator RTF: 0.2984(1.598s / 5.355s)
generated_audios/generated_H4_128C_pruned50_int8/61-70968-0029_generated.wav | RTF: 0.2911(1.017s / 3.495s) | Generator RTF: 0.2901(1.014s / 3.495s)
generated_audios/generated_H4_128C_pruned50_int8/61-70968-0030_generated.wav | RTF: 0.2799(1.591s / 5.685s) | Generator RTF: 0.2793(1.588s / 5.685s)
generated_audios/generated_H4_128C_pruned50_int8/61-70968-0031_generated.wav | RTF: 0.2938(0.859s / 2.925s) | Generator RTF: 0.2929(0.857s / 2.925s)
generated_audios/generated_H4_128C_pruned50_int8/61-70968-0032_generated.wav | RTF: 0.0230(0.098s / 4.280s) | Generator RTF: 0.0222(0.095s / 4.280s)
generated_audios/generated_H4_128C_pruned50_int8/61-70968-0033_generated.wav | RTF: 0.0181(0.103s / 5.685s) | Generator RTF: 0.0175(0.100s / 5.685s)
generated_audios/generated_H4_128C_pruned50_int8/61-70968-0034_generated.wav | RTF: 0.2947(1.247s / 4.230s) | Generator RTF: 0.2939(1.243s / 4.230s)
generated_audios/generated_H4_128C_pruned50_int8/61-70968-0035_generated.wav | RTF: 0.2817(2.240s / 7.950s) | Generator RTF: 0.2812(2.236s / 7.950s)
generated_audios/generated_H4_128C_pruned50_int8/61-70968-0036_generated.wav | RTF: 0.0253(0.074s / 2.935s) | Generator RTF: 0.0243(0.071s / 2.935s)
generated_audios/generated_H4_128C_pruned50_int8/61-70968-0037_generated.wav | RTF: 0.0223(0.096s / 4.315s) | Generator RTF: 0.0216(0.093s / 4.315s)
generated_audios/generated_H4_128C_pruned50_int8/61-70968-0038_generated.wav | RTF: 0.2770(0.568s / 2.050s) | Generator RTF: 0.2756(0.565s / 2.050s)
generated_audios/generated_H4_128C_pruned50_int8/61-70968-0039_generated.wav | RTF: 0.2784(1.059s / 3.805s) | Generator RTF: 0.2776(1.056s / 3.805s)
generated_audios/generated_H4_128C_pruned50_int8/61-70968-0040_generated.wav | RTF: 0.2957(1.168s / 3.950s) | Generator RTF: 0.2948(1.164s / 3.950s)
generated_audios/generated_H4_128C_pruned50_int8/61-70968-0041_generated.wav | RTF: 0.0223(0.152s / 6.825s) | Generator RTF: 0.0219(0.149s / 6.825s)
generated_audios/generated_H4_128C_pruned50_int8/61-70968-0042_generated.wav | RTF: 0.0246(0.069s / 2.785s) | Generator RTF: 0.0235(0.065s / 2.785s)
generated_audios/generated_H4_128C_pruned50_int8/61-70968-0043_generated.wav | RTF: 0.2954(1.989s / 6.735s) | Generator RTF: 0.2948(1.986s / 6.735s)
generated_audios/generated_H4_128C_pruned50_int8/61-70968-0044_generated.wav | RTF: 0.0251(0.069s / 2.770s) | Generator RTF: 0.0240(0.066s / 2.770s)
generated_audios/generated_H4_128C_pruned50_int8/61-70968-0045_generated.wav | RTF: 0.0257(0.089s / 3.475s) | Generator RTF: 0.0248(0.086s / 3.475s)
generated_audios/generated_H4_128C_pruned50_int8/61-70968-0046_generated.wav | RTF: 0.0232(0.082s / 3.550s) | Generator RTF: 0.0223(0.079s / 3.550s)
generated_audios/generated_H4_128C_pruned50_int8/61-70968-0047_generated.wav | RTF: 0.2792(1.333s / 4.775s) | Generator RTF: 0.2785(1.330s / 4.775s)
generated_audios/generated_H4_128C_pruned50_int8/61-70968-0048_generated.wav | RTF: 0.2899(0.875s / 3.020s) | Generator RTF: 0.2889(0.872s / 3.020s)
generated_audios/generated_H4_128C_pruned50_int8/61-70968-0049_generated.wav | RTF: 0.2971(2.451s / 8.250s) | Generator RTF: 0.2966(2.447s / 8.250s)
generated_audios/generated_H4_128C_pruned50_int8/61-70968-0050_generated.wav | RTF: 0.2825(1.576s / 5.580s) | Generator RTF: 0.2819(1.573s / 5.580s)
generated_audios/generated_H4_128C_pruned50_int8/61-70968-0051_generated.wav | RTF: 0.2779(0.871s / 3.135s) | Generator RTF: 0.2768(0.868s / 3.135s)
generated_audios/generated_H4_128C_pruned50_int8/61-70968-0052_generated.wav | RTF: 0.2769(0.734s / 2.650s) | Generator RTF: 0.2757(0.731s / 2.650s)
generated_audios/generated_H4_128C_pruned50_int8/61-70968-0053_generated.wav | RTF: 0.0256(0.108s / 4.220s) | Generator RTF: 0.0249(0.105s / 4.220s)
generated_audios/generated_H4_128C_pruned50_int8/61-70968-0054_generated.wav | RTF: 0.2954(2.322s / 7.860s) | Generator RTF: 0.2949(2.318s / 7.860s)
generated_audios/generated_H4_128C_pruned50_int8/61-70968-0055_generated.wav | RTF: 0.0232(0.092s / 3.965s) | Generator RTF: 0.0225(0.089s / 3.965s)
generated_audios/generated_H4_128C_pruned50_int8/61-70968-0056_generated.wav | RTF: 0.2924(1.042s / 3.565s) | Generator RTF: 0.2914(1.039s / 3.565s)
generated_audios/generated_H4_128C_pruned50_int8/61-70968-0057_generated.wav | RTF: 0.0217(0.110s / 5.065s) | Generator RTF: 0.0211(0.107s / 5.065s)
generated_audios/generated_H4_128C_pruned50_int8/61-70968-0058_generated.wav | RTF: 0.2565(0.467s / 1.820s) | Generator RTF: 0.2548(0.464s / 1.820s)
generated_audios/generated_H4_128C_pruned50_int8/61-70968-0059_generated.wav | RTF: 0.0268(0.058s / 2.170s) | Generator RTF: 0.0254(0.055s / 2.170s)
generated_audios/generated_H4_128C_pruned50_int8/61-70968-0060_generated.wav | RTF: 0.0280(0.104s / 3.735s) | Generator RTF: 0.0271(0.101s / 3.735s)
generated_audios/generated_H4_128C_pruned50_int8/61-70968-0061_generated.wav | RTF: 0.2905(1.607s / 5.530s) | Generator RTF: 0.2900(1.603s / 5.530s)
generated_audios/generated_H4_128C_pruned50_int8/61-70968-0062_generated.wav | RTF: 0.0261(0.067s / 2.555s) | Generator RTF: 0.0248(0.063s / 2.555s)
generated_audios/generated_H4_128C_pruned50_int8/61-70970-0000_generated.wav | RTF: 0.2975(1.807s / 6.075s) | Generator RTF: 0.2969(1.804s / 6.075s)
generated_audios/generated_H4_128C_pruned50_int8/61-70970-0001_generated.wav | RTF: 0.2959(1.821s / 6.155s) | Generator RTF: 0.2954(1.818s / 6.155s)
generated_audios/generated_H4_128C_pruned50_int8/61-70970-0002_generated.wav | RTF: 0.2977(1.240s / 4.165s) | Generator RTF: 0.2969(1.237s / 4.165s)
generated_audios/generated_H4_128C_pruned50_int8/61-70970-0003_generated.wav | RTF: 0.2880(1.105s / 3.835s) | Generator RTF: 0.2872(1.101s / 3.835s)
generated_audios/generated_H4_128C_pruned50_int8/61-70970-0004_generated.wav | RTF: 0.2954(3.106s / 10.515s) | Generator RTF: 0.2950(3.102s / 10.515s)
generated_audios/generated_H4_128C_pruned50_int8/61-70970-0005_generated.wav | RTF: 0.2842(0.574s / 2.020s) | Generator RTF: 0.2827(0.571s / 2.020s)
generated_audios/generated_H4_128C_pruned50_int8/61-70970-0006_generated.wav | RTF: 0.2941(0.687s / 2.335s) | Generator RTF: 0.2928(0.684s / 2.335s)
generated_audios/generated_H4_128C_pruned50_int8/61-70970-0007_generated.wav | RTF: 0.3066(1.375s / 4.485s) | Generator RTF: 0.3059(1.372s / 4.485s)
generated_audios/generated_H4_128C_pruned50_int8/61-70970-0008_generated.wav | RTF: 0.3032(0.652s / 2.150s) | Generator RTF: 0.3018(0.649s / 2.150s)
generated_audios/generated_H4_128C_pruned50_int8/61-70970-0009_generated.wav | RTF: 0.3123(1.063s / 3.405s) | Generator RTF: 0.3113(1.060s / 3.405s)
generated_audios/generated_H4_128C_pruned50_int8/61-70970-0010_generated.wav | RTF: 0.0240(0.073s / 3.045s) | Generator RTF: 0.0230(0.070s / 3.045s)
generated_audios/generated_H4_128C_pruned50_int8/61-70970-0011_generated.wav | RTF: 0.0171(0.104s / 6.075s) | Generator RTF: 0.0166(0.101s / 6.075s)
generated_audios/generated_H4_128C_pruned50_int8/61-70970-0012_generated.wav | RTF: 0.0245(0.077s / 3.135s) | Generator RTF: 0.0234(0.073s / 3.135s)
generated_audios/generated_H4_128C_pruned50_int8/61-70970-0013_generated.wav | RTF: 0.3026(1.316s / 4.350s) | Generator RTF: 0.3018(1.313s / 4.350s)
generated_audios/generated_H4_128C_pruned50_int8/61-70970-0014_generated.wav | RTF: 0.0196(0.067s / 3.405s) | Generator RTF: 0.0186(0.063s / 3.405s)
generated_audios/generated_H4_128C_pruned50_int8/61-70970-0015_generated.wav | RTF: 0.3039(2.557s / 8.415s) | Generator RTF: 0.3034(2.553s / 8.415s)
generated_audios/generated_H4_128C_pruned50_int8/61-70970-0016_generated.wav | RTF: 0.3029(1.324s / 4.370s) | Generator RTF: 0.3021(1.320s / 4.370s)
generated_audios/generated_H4_128C_pruned50_int8/61-70970-0017_generated.wav | RTF: 0.0258(0.066s / 2.550s) | Generator RTF: 0.0245(0.062s / 2.550s)
generated_audios/generated_H4_128C_pruned50_int8/61-70970-0018_generated.wav | RTF: 0.2818(1.296s / 4.600s) | Generator RTF: 0.2811(1.293s / 4.600s)
generated_audios/generated_H4_128C_pruned50_int8/61-70970-0019_generated.wav | RTF: 0.2914(1.101s / 3.780s) | Generator RTF: 0.2905(1.098s / 3.780s)
generated_audios/generated_H4_128C_pruned50_int8/61-70970-0020_generated.wav | RTF: 0.0229(0.115s / 5.025s) | Generator RTF: 0.0222(0.112s / 5.025s)
generated_audios/generated_H4_128C_pruned50_int8/61-70970-0021_generated.wav | RTF: 0.2781(1.503s / 5.405s) | Generator RTF: 0.2775(1.500s / 5.405s)
generated_audios/generated_H4_128C_pruned50_int8/61-70970-0022_generated.wav | RTF: 0.0226(0.090s / 3.970s) | Generator RTF: 0.0218(0.086s / 3.970s)
generated_audios/generated_H4_128C_pruned50_int8/61-70970-0023_generated.wav | RTF: 0.0228(0.084s / 3.705s) | Generator RTF: 0.0219(0.081s / 3.705s)
generated_audios/generated_H4_128C_pruned50_int8/61-70970-0024_generated.wav | RTF: 0.2916(2.110s / 7.235s) | Generator RTF: 0.2911(2.106s / 7.235s)
generated_audios/generated_H4_128C_pruned50_int8/61-70970-0025_generated.wav | RTF: 0.2942(2.187s / 7.435s) | Generator RTF: 0.2937(2.183s / 7.435s)
generated_audios/generated_H4_128C_pruned50_int8/61-70970-0026_generated.wav | RTF: 0.0247(0.135s / 5.475s) | Generator RTF: 0.0241(0.132s / 5.475s)
generated_audios/generated_H4_128C_pruned50_int8/61-70970-0027_generated.wav | RTF: 0.0220(0.112s / 5.080s) | Generator RTF: 0.0213(0.108s / 5.080s)
generated_audios/generated_H4_128C_pruned50_int8/61-70970-0028_generated.wav | RTF: 0.0226(0.148s / 6.550s) | Generator RTF: 0.0221(0.144s / 6.550s)
generated_audios/generated_H4_128C_pruned50_int8/61-70970-0029_generated.wav | RTF: 0.0226(0.091s / 4.030s) | Generator RTF: 0.0217(0.087s / 4.030s)
generated_audios/generated_H4_128C_pruned50_int8/61-70970-0030_generated.wav | RTF: 0.0233(0.075s / 3.240s) | Generator RTF: 0.0223(0.072s / 3.240s)
generated_audios/generated_H4_128C_pruned50_int8/61-70970-0031_generated.wav | RTF: 0.2904(1.491s / 5.135s) | Generator RTF: 0.2897(1.488s / 5.135s)
generated_audios/generated_H4_128C_pruned50_int8/61-70970-0032_generated.wav | RTF: 0.0247(0.078s / 3.135s) | Generator RTF: 0.0237(0.074s / 3.135s)
generated_audios/generated_H4_128C_pruned50_int8/61-70970-0033_generated.wav | RTF: 0.2714(0.928s / 3.420s) | Generator RTF: 0.2705(0.925s / 3.420s)
generated_audios/generated_H4_128C_pruned50_int8/61-70970-0034_generated.wav | RTF: 0.0211(0.095s / 4.485s) | Generator RTF: 0.0204(0.091s / 4.485s)
generated_audios/generated_H4_128C_pruned50_int8/61-70970-0035_generated.wav | RTF: 0.0207(0.153s / 7.405s) | Generator RTF: 0.0202(0.149s / 7.405s)
generated_audios/generated_H4_128C_pruned50_int8/61-70970-0036_generated.wav | RTF: 0.0218(0.148s / 6.785s) | Generator RTF: 0.0213(0.144s / 6.785s)
generated_audios/generated_H4_128C_pruned50_int8/61-70970-0037_generated.wav | RTF: 0.2899(1.734s / 5.980s) | Generator RTF: 0.2894(1.731s / 5.980s)
generated_audios/generated_H4_128C_pruned50_int8/61-70970-0038_generated.wav | RTF: 0.2922(3.039s / 10.400s) | Generator RTF: 0.2919(3.035s / 10.400s)
generated_audios/generated_H4_128C_pruned50_int8/61-70970-0039_generated.wav | RTF: 0.0209(0.139s / 6.665s) | Generator RTF: 0.0203(0.135s / 6.665s)
generated_audios/generated_H4_128C_pruned50_int8/61-70970-0040_generated.wav | RTF: 0.0216(0.090s / 4.165s) | Generator RTF: 0.0208(0.086s / 4.165s)
generated_audios/generated_H4_128C_pruned50_int8/672-122797-0000_generated.wav | RTF: 0.2910(1.184s / 4.070s) | Generator RTF: 0.2901(1.181s / 4.070s)
generated_audios/generated_H4_128C_pruned50_int8/672-122797-0001_generated.wav | RTF: 0.3047(4.610s / 15.130s) | Generator RTF: 0.3044(4.605s / 15.130s)
generated_audios/generated_H4_128C_pruned50_int8/672-122797-0002_generated.wav | RTF: 0.2777(3.782s / 13.620s) | Generator RTF: 0.2774(3.778s / 13.620s)
generated_audios/generated_H4_128C_pruned50_int8/672-122797-0003_generated.wav | RTF: 0.2916(1.388s / 4.760s) | Generator RTF: 0.2908(1.384s / 4.760s)
generated_audios/generated_H4_128C_pruned50_int8/672-122797-0004_generated.wav | RTF: 0.2855(2.926s / 10.250s) | Generator RTF: 0.2851(2.922s / 10.250s)
generated_audios/generated_H4_128C_pruned50_int8/672-122797-0005_generated.wav | RTF: 0.2871(0.936s / 3.260s) | Generator RTF: 0.2861(0.933s / 3.260s)
generated_audios/generated_H4_128C_pruned50_int8/672-122797-0006_generated.wav | RTF: 0.3081(4.299s / 13.950s) | Generator RTF: 0.3079(4.295s / 13.950s)
generated_audios/generated_H4_128C_pruned50_int8/672-122797-0007_generated.wav | RTF: 0.2905(1.865s / 6.420s) | Generator RTF: 0.2899(1.861s / 6.420s)
generated_audios/generated_H4_128C_pruned50_int8/672-122797-0008_generated.wav | RTF: 0.3021(9.308s / 30.810s) | Generator RTF: 0.3019(9.302s / 30.810s)
generated_audios/generated_H4_128C_pruned50_int8/672-122797-0009_generated.wav | RTF: 0.0253(0.070s / 2.765s) | Generator RTF: 0.0240(0.066s / 2.765s)
generated_audios/generated_H4_128C_pruned50_int8/672-122797-0010_generated.wav | RTF: 0.0231(0.088s / 3.815s) | Generator RTF: 0.0223(0.085s / 3.815s)
generated_audios/generated_H4_128C_pruned50_int8/672-122797-0011_generated.wav | RTF: 0.2971(0.755s / 2.540s) | Generator RTF: 0.2958(0.751s / 2.540s)
generated_audios/generated_H4_128C_pruned50_int8/672-122797-0012_generated.wav | RTF: 0.3051(2.369s / 7.765s) | Generator RTF: 0.3046(2.366s / 7.765s)
generated_audios/generated_H4_128C_pruned50_int8/672-122797-0013_generated.wav | RTF: 0.3058(2.662s / 8.705s) | Generator RTF: 0.3054(2.659s / 8.705s)
generated_audios/generated_H4_128C_pruned50_int8/672-122797-0014_generated.wav | RTF: 0.0254(0.065s / 2.555s) | Generator RTF: 0.0241(0.062s / 2.555s)
generated_audios/generated_H4_128C_pruned50_int8/672-122797-0015_generated.wav | RTF: 0.0225(0.100s / 4.455s) | Generator RTF: 0.0217(0.097s / 4.455s)
generated_audios/generated_H4_128C_pruned50_int8/672-122797-0016_generated.wav | RTF: 0.2944(2.713s / 9.215s) | Generator RTF: 0.2940(2.709s / 9.215s)
generated_audios/generated_H4_128C_pruned50_int8/672-122797-0017_generated.wav | RTF: 0.2931(1.413s / 4.820s) | Generator RTF: 0.2923(1.409s / 4.820s)
generated_audios/generated_H4_128C_pruned50_int8/672-122797-0018_generated.wav | RTF: 0.2973(1.466s / 4.930s) | Generator RTF: 0.2966(1.462s / 4.930s)
generated_audios/generated_H4_128C_pruned50_int8/672-122797-0019_generated.wav | RTF: 0.2845(1.169s / 4.110s) | Generator RTF: 0.2837(1.166s / 4.110s)
generated_audios/generated_H4_128C_pruned50_int8/672-122797-0020_generated.wav | RTF: 0.2996(2.644s / 8.825s) | Generator RTF: 0.2992(2.640s / 8.825s)
generated_audios/generated_H4_128C_pruned50_int8/672-122797-0021_generated.wav | RTF: 0.0232(0.096s / 4.150s) | Generator RTF: 0.0224(0.093s / 4.150s)
generated_audios/generated_H4_128C_pruned50_int8/672-122797-0022_generated.wav | RTF: 0.3014(5.729s / 19.005s) | Generator RTF: 0.3012(5.724s / 19.005s)
generated_audios/generated_H4_128C_pruned50_int8/672-122797-0023_generated.wav | RTF: 0.2923(2.834s / 9.695s) | Generator RTF: 0.2919(2.830s / 9.695s)
generated_audios/generated_H4_128C_pruned50_int8/672-122797-0024_generated.wav | RTF: 0.2885(1.192s / 4.130s) | Generator RTF: 0.2877(1.188s / 4.130s)
generated_audios/generated_H4_128C_pruned50_int8/672-122797-0025_generated.wav | RTF: 0.3003(3.210s / 10.690s) | Generator RTF: 0.2999(3.206s / 10.690s)
generated_audios/generated_H4_128C_pruned50_int8/672-122797-0026_generated.wav | RTF: 0.2998(4.185s / 13.960s) | Generator RTF: 0.2995(4.181s / 13.960s)
generated_audios/generated_H4_128C_pruned50_int8/672-122797-0027_generated.wav | RTF: 0.0213(0.102s / 4.790s) | Generator RTF: 0.0206(0.098s / 4.790s)
generated_audios/generated_H4_128C_pruned50_int8/672-122797-0028_generated.wav | RTF: 0.0252(0.066s / 2.610s) | Generator RTF: 0.0239(0.062s / 2.610s)
generated_audios/generated_H4_128C_pruned50_int8/672-122797-0029_generated.wav | RTF: 0.0237(0.072s / 3.050s) | Generator RTF: 0.0226(0.069s / 3.050s)
generated_audios/generated_H4_128C_pruned50_int8/672-122797-0030_generated.wav | RTF: 0.2892(1.323s / 4.575s) | Generator RTF: 0.2884(1.320s / 4.575s)
generated_audios/generated_H4_128C_pruned50_int8/672-122797-0031_generated.wav | RTF: 0.0236(0.094s / 3.980s) | Generator RTF: 0.0228(0.091s / 3.980s)
generated_audios/generated_H4_128C_pruned50_int8/672-122797-0032_generated.wav | RTF: 0.0225(0.090s / 4.000s) | Generator RTF: 0.0217(0.087s / 4.000s)
generated_audios/generated_H4_128C_pruned50_int8/672-122797-0033_generated.wav | RTF: 0.2580(0.331s / 1.285s) | Generator RTF: 0.2556(0.328s / 1.285s)
generated_audios/generated_H4_128C_pruned50_int8/672-122797-0034_generated.wav | RTF: 0.0211(0.108s / 5.110s) | Generator RTF: 0.0205(0.105s / 5.110s)
generated_audios/generated_H4_128C_pruned50_int8/672-122797-0035_generated.wav | RTF: 0.0238(0.069s / 2.900s) | Generator RTF: 0.0227(0.066s / 2.900s)
generated_audios/generated_H4_128C_pruned50_int8/672-122797-0036_generated.wav | RTF: 0.0220(0.118s / 5.365s) | Generator RTF: 0.0214(0.115s / 5.365s)
generated_audios/generated_H4_128C_pruned50_int8/672-122797-0037_generated.wav | RTF: 0.2748(0.539s / 1.960s) | Generator RTF: 0.2733(0.536s / 1.960s)
generated_audios/generated_H4_128C_pruned50_int8/672-122797-0038_generated.wav | RTF: 0.3026(2.663s / 8.800s) | Generator RTF: 0.3022(2.659s / 8.800s)
generated_audios/generated_H4_128C_pruned50_int8/672-122797-0039_generated.wav | RTF: 0.2938(1.183s / 4.025s) | Generator RTF: 0.2929(1.179s / 4.025s)
generated_audios/generated_H4_128C_pruned50_int8/672-122797-0040_generated.wav | RTF: 0.0225(0.115s / 5.125s) | Generator RTF: 0.0218(0.112s / 5.125s)
generated_audios/generated_H4_128C_pruned50_int8/672-122797-0041_generated.wav | RTF: 0.0228(0.088s / 3.880s) | Generator RTF: 0.0220(0.085s / 3.880s)
generated_audios/generated_H4_128C_pruned50_int8/672-122797-0042_generated.wav | RTF: 0.2992(4.581s / 15.310s) | Generator RTF: 0.2989(4.577s / 15.310s)
generated_audios/generated_H4_128C_pruned50_int8/672-122797-0043_generated.wav | RTF: 0.0235(0.089s / 3.780s) | Generator RTF: 0.0225(0.085s / 3.780s)
generated_audios/generated_H4_128C_pruned50_int8/672-122797-0044_generated.wav | RTF: 0.0236(0.088s / 3.740s) | Generator RTF: 0.0227(0.085s / 3.740s)
generated_audios/generated_H4_128C_pruned50_int8/672-122797-0045_generated.wav | RTF: 0.0210(0.293s / 13.960s) | Generator RTF: 0.0207(0.289s / 13.960s)
generated_audios/generated_H4_128C_pruned50_int8/672-122797-0046_generated.wav | RTF: 0.2900(1.367s / 4.715s) | Generator RTF: 0.2894(1.364s / 4.715s)
generated_audios/generated_H4_128C_pruned50_int8/672-122797-0047_generated.wav | RTF: 0.2892(0.961s / 3.325s) | Generator RTF: 0.2882(0.958s / 3.325s)
generated_audios/generated_H4_128C_pruned50_int8/672-122797-0048_generated.wav | RTF: 0.0236(0.155s / 6.555s) | Generator RTF: 0.0230(0.151s / 6.555s)
generated_audios/generated_H4_128C_pruned50_int8/672-122797-0049_generated.wav | RTF: 0.0270(0.054s / 2.020s) | Generator RTF: 0.0254(0.051s / 2.020s)
generated_audios/generated_H4_128C_pruned50_int8/672-122797-0050_generated.wav | RTF: 0.2937(1.426s / 4.855s) | Generator RTF: 0.2930(1.423s / 4.855s)
generated_audios/generated_H4_128C_pruned50_int8/672-122797-0051_generated.wav | RTF: 0.2995(1.397s / 4.665s) | Generator RTF: 0.2987(1.393s / 4.665s)
generated_audios/generated_H4_128C_pruned50_int8/672-122797-0052_generated.wav | RTF: 0.2828(1.212s / 4.285s) | Generator RTF: 0.2820(1.208s / 4.285s)
generated_audios/generated_H4_128C_pruned50_int8/672-122797-0053_generated.wav | RTF: 0.0236(0.070s / 2.955s) | Generator RTF: 0.0226(0.067s / 2.955s)
generated_audios/generated_H4_128C_pruned50_int8/672-122797-0054_generated.wav | RTF: 0.0256(0.109s / 4.250s) | Generator RTF: 0.0248(0.106s / 4.250s)
generated_audios/generated_H4_128C_pruned50_int8/672-122797-0055_generated.wav | RTF: 0.2790(2.296s / 8.230s) | Generator RTF: 0.2785(2.292s / 8.230s)
generated_audios/generated_H4_128C_pruned50_int8/672-122797-0056_generated.wav | RTF: 0.0224(0.117s / 5.225s) | Generator RTF: 0.0217(0.113s / 5.225s)
generated_audios/generated_H4_128C_pruned50_int8/672-122797-0057_generated.wav | RTF: 0.0217(0.142s / 6.560s) | Generator RTF: 0.0211(0.139s / 6.560s)
generated_audios/generated_H4_128C_pruned50_int8/672-122797-0058_generated.wav | RTF: 0.2965(1.326s / 4.470s) | Generator RTF: 0.2958(1.322s / 4.470s)
generated_audios/generated_H4_128C_pruned50_int8/672-122797-0059_generated.wav | RTF: 0.2867(1.009s / 3.520s) | Generator RTF: 0.2858(1.006s / 3.520s)
generated_audios/generated_H4_128C_pruned50_int8/672-122797-0060_generated.wav | RTF: 0.0248(0.083s / 3.350s) | Generator RTF: 0.0238(0.080s / 3.350s)
generated_audios/generated_H4_128C_pruned50_int8/672-122797-0061_generated.wav | RTF: 0.3050(2.315s / 7.590s) | Generator RTF: 0.3045(2.312s / 7.590s)
generated_audios/generated_H4_128C_pruned50_int8/672-122797-0062_generated.wav | RTF: 0.3001(0.803s / 2.675s) | Generator RTF: 0.2988(0.799s / 2.675s)
generated_audios/generated_H4_128C_pruned50_int8/672-122797-0063_generated.wav | RTF: 0.0216(0.110s / 5.075s) | Generator RTF: 0.0209(0.106s / 5.075s)
generated_audios/generated_H4_128C_pruned50_int8/672-122797-0064_generated.wav | RTF: 0.2978(4.548s / 15.270s) | Generator RTF: 0.2975(4.543s / 15.270s)
generated_audios/generated_H4_128C_pruned50_int8/672-122797-0065_generated.wav | RTF: 0.0239(0.072s / 3.030s) | Generator RTF: 0.0228(0.069s / 3.030s)
generated_audios/generated_H4_128C_pruned50_int8/672-122797-0066_generated.wav | RTF: 0.0236(0.114s / 4.815s) | Generator RTF: 0.0229(0.110s / 4.815s)
generated_audios/generated_H4_128C_pruned50_int8/672-122797-0067_generated.wav | RTF: 0.2855(3.721s / 13.035s) | Generator RTF: 0.2851(3.717s / 13.035s)
generated_audios/generated_H4_128C_pruned50_int8/672-122797-0068_generated.wav | RTF: 0.0225(0.091s / 4.020s) | Generator RTF: 0.0216(0.087s / 4.020s)
generated_audios/generated_H4_128C_pruned50_int8/672-122797-0069_generated.wav | RTF: 0.3015(1.510s / 5.010s) | Generator RTF: 0.3007(1.507s / 5.010s)
generated_audios/generated_H4_128C_pruned50_int8/672-122797-0070_generated.wav | RTF: 0.2794(1.752s / 6.270s) | Generator RTF: 0.2789(1.749s / 6.270s)
generated_audios/generated_H4_128C_pruned50_int8/672-122797-0071_generated.wav | RTF: 0.2990(2.653s / 8.875s) | Generator RTF: 0.2986(2.650s / 8.875s)
generated_audios/generated_H4_128C_pruned50_int8/672-122797-0072_generated.wav | RTF: 0.3038(2.412s / 7.940s) | Generator RTF: 0.3033(2.409s / 7.940s)
generated_audios/generated_H4_128C_pruned50_int8/672-122797-0073_generated.wav | RTF: 0.3006(2.467s / 8.205s) | Generator RTF: 0.3001(2.462s / 8.205s)
generated_audios/generated_H4_128C_pruned50_int8/672-122797-0074_generated.wav | RTF: 0.3021(2.637s / 8.730s) | Generator RTF: 0.3017(2.633s / 8.730s)
generated_audios/generated_H4_128C_pruned50_int8/908-157963-0000_generated.wav | RTF: 0.2836(3.579s / 12.620s) | Generator RTF: 0.2833(3.575s / 12.620s)
generated_audios/generated_H4_128C_pruned50_int8/908-157963-0001_generated.wav | RTF: 0.2926(0.844s / 2.885s) | Generator RTF: 0.2916(0.841s / 2.885s)
generated_audios/generated_H4_128C_pruned50_int8/908-157963-0002_generated.wav | RTF: 0.2933(0.808s / 2.755s) | Generator RTF: 0.2921(0.805s / 2.755s)
generated_audios/generated_H4_128C_pruned50_int8/908-157963-0003_generated.wav | RTF: 0.2929(0.902s / 3.080s) | Generator RTF: 0.2918(0.899s / 3.080s)
generated_audios/generated_H4_128C_pruned50_int8/908-157963-0004_generated.wav | RTF: 0.2973(4.159s / 13.990s) | Generator RTF: 0.2970(4.156s / 13.990s)
generated_audios/generated_H4_128C_pruned50_int8/908-157963-0005_generated.wav | RTF: 0.2922(2.056s / 7.035s) | Generator RTF: 0.2916(2.052s / 7.035s)
generated_audios/generated_H4_128C_pruned50_int8/908-157963-0006_generated.wav | RTF: 0.2968(2.407s / 8.110s) | Generator RTF: 0.2964(2.403s / 8.110s)
generated_audios/generated_H4_128C_pruned50_int8/908-157963-0007_generated.wav | RTF: 0.3055(10.011s / 32.770s) | Generator RTF: 0.3053(10.003s / 32.770s)
generated_audios/generated_H4_128C_pruned50_int8/908-157963-0008_generated.wav | RTF: 0.3020(6.024s / 19.950s) | Generator RTF: 0.3017(6.018s / 19.950s)
generated_audios/generated_H4_128C_pruned50_int8/908-157963-0009_generated.wav | RTF: 0.2983(1.211s / 4.060s) | Generator RTF: 0.2974(1.207s / 4.060s)
generated_audios/generated_H4_128C_pruned50_int8/908-157963-0010_generated.wav | RTF: 0.0175(0.110s / 6.280s) | Generator RTF: 0.0169(0.106s / 6.280s)
generated_audios/generated_H4_128C_pruned50_int8/908-157963-0011_generated.wav | RTF: 0.0207(0.215s / 10.395s) | Generator RTF: 0.0203(0.211s / 10.395s)
generated_audios/generated_H4_128C_pruned50_int8/908-157963-0012_generated.wav | RTF: 0.2943(2.969s / 10.090s) | Generator RTF: 0.2938(2.965s / 10.090s)
generated_audios/generated_H4_128C_pruned50_int8/908-157963-0013_generated.wav | RTF: 0.0231(0.100s / 4.315s) | Generator RTF: 0.0224(0.097s / 4.315s)
generated_audios/generated_H4_128C_pruned50_int8/908-157963-0014_generated.wav | RTF: 0.0226(0.102s / 4.520s) | Generator RTF: 0.0218(0.099s / 4.520s)
generated_audios/generated_H4_128C_pruned50_int8/908-157963-0015_generated.wav | RTF: 0.2789(4.034s / 14.465s) | Generator RTF: 0.2785(4.029s / 14.465s)
generated_audios/generated_H4_128C_pruned50_int8/908-157963-0016_generated.wav | RTF: 0.0218(0.112s / 5.105s) | Generator RTF: 0.0211(0.108s / 5.105s)
generated_audios/generated_H4_128C_pruned50_int8/908-157963-0017_generated.wav | RTF: 0.2798(1.385s / 4.950s) | Generator RTF: 0.2791(1.382s / 4.950s)
generated_audios/generated_H4_128C_pruned50_int8/908-157963-0018_generated.wav | RTF: 0.0252(0.107s / 4.255s) | Generator RTF: 0.0244(0.104s / 4.255s)
generated_audios/generated_H4_128C_pruned50_int8/908-157963-0019_generated.wav | RTF: 0.3015(6.464s / 21.440s) | Generator RTF: 0.3013(6.460s / 21.440s)
generated_audios/generated_H4_128C_pruned50_int8/908-157963-0020_generated.wav | RTF: 0.2968(2.909s / 9.800s) | Generator RTF: 0.2964(2.905s / 9.800s)
generated_audios/generated_H4_128C_pruned50_int8/908-157963-0021_generated.wav | RTF: 0.0211(0.216s / 10.240s) | Generator RTF: 0.0207(0.212s / 10.240s)
generated_audios/generated_H4_128C_pruned50_int8/908-157963-0022_generated.wav | RTF: 0.3029(1.396s / 4.610s) | Generator RTF: 0.3021(1.393s / 4.610s)
generated_audios/generated_H4_128C_pruned50_int8/908-157963-0023_generated.wav | RTF: 0.3058(2.943s / 9.625s) | Generator RTF: 0.3053(2.939s / 9.625s)
generated_audios/generated_H4_128C_pruned50_int8/908-157963-0024_generated.wav | RTF: 0.3008(1.035s / 3.440s) | Generator RTF: 0.2998(1.031s / 3.440s)
generated_audios/generated_H4_128C_pruned50_int8/908-157963-0025_generated.wav | RTF: 0.2829(2.621s / 9.265s) | Generator RTF: 0.2825(2.617s / 9.265s)
generated_audios/generated_H4_128C_pruned50_int8/908-157963-0026_generated.wav | RTF: 0.2916(2.362s / 8.100s) | Generator RTF: 0.2911(2.358s / 8.100s)
generated_audios/generated_H4_128C_pruned50_int8/908-157963-0027_generated.wav | RTF: 0.0222(0.116s / 5.225s) | Generator RTF: 0.0216(0.113s / 5.225s)
generated_audios/generated_H4_128C_pruned50_int8/908-157963-0028_generated.wav | RTF: 0.0174(0.086s / 4.955s) | Generator RTF: 0.0167(0.083s / 4.955s)
generated_audios/generated_H4_128C_pruned50_int8/908-157963-0029_generated.wav | RTF: 0.2757(1.001s / 3.630s) | Generator RTF: 0.2747(0.997s / 3.630s)
generated_audios/generated_H4_128C_pruned50_int8/908-157963-0030_generated.wav | RTF: 0.0183(0.083s / 4.520s) | Generator RTF: 0.0175(0.079s / 4.520s)
generated_audios/generated_H4_128C_pruned50_int8/908-31957-0000_generated.wav | RTF: 0.2819(0.599s / 2.125s) | Generator RTF: 0.2805(0.596s / 2.125s)
generated_audios/generated_H4_128C_pruned50_int8/908-31957-0001_generated.wav | RTF: 0.2988(3.380s / 11.315s) | Generator RTF: 0.2984(3.376s / 11.315s)
generated_audios/generated_H4_128C_pruned50_int8/908-31957-0002_generated.wav | RTF: 0.0217(0.104s / 4.790s) | Generator RTF: 0.0209(0.100s / 4.790s)
generated_audios/generated_H4_128C_pruned50_int8/908-31957-0003_generated.wav | RTF: 0.0217(0.143s / 6.565s) | Generator RTF: 0.0212(0.139s / 6.565s)
generated_audios/generated_H4_128C_pruned50_int8/908-31957-0004_generated.wav | RTF: 0.3017(4.452s / 14.755s) | Generator RTF: 0.3014(4.447s / 14.755s)
generated_audios/generated_H4_128C_pruned50_int8/908-31957-0005_generated.wav | RTF: 0.0221(0.099s / 4.490s) | Generator RTF: 0.0212(0.095s / 4.490s)
generated_audios/generated_H4_128C_pruned50_int8/908-31957-0006_generated.wav | RTF: 0.2815(1.658s / 5.890s) | Generator RTF: 0.2809(1.655s / 5.890s)
generated_audios/generated_H4_128C_pruned50_int8/908-31957-0007_generated.wav | RTF: 0.0212(0.123s / 5.800s) | Generator RTF: 0.0205(0.119s / 5.800s)
generated_audios/generated_H4_128C_pruned50_int8/908-31957-0008_generated.wav | RTF: 0.2765(2.766s / 10.005s) | Generator RTF: 0.2761(2.762s / 10.005s)
generated_audios/generated_H4_128C_pruned50_int8/908-31957-0009_generated.wav | RTF: 0.2776(2.139s / 7.705s) | Generator RTF: 0.2771(2.135s / 7.705s)
generated_audios/generated_H4_128C_pruned50_int8/908-31957-0010_generated.wav | RTF: 0.2797(0.702s / 2.510s) | Generator RTF: 0.2785(0.699s / 2.510s)
generated_audios/generated_H4_128C_pruned50_int8/908-31957-0011_generated.wav | RTF: 0.0264(0.062s / 2.335s) | Generator RTF: 0.0250(0.058s / 2.335s)
generated_audios/generated_H4_128C_pruned50_int8/908-31957-0012_generated.wav | RTF: 0.2942(2.241s / 7.615s) | Generator RTF: 0.2938(2.237s / 7.615s)
generated_audios/generated_H4_128C_pruned50_int8/908-31957-0013_generated.wav | RTF: 0.2987(1.846s / 6.180s) | Generator RTF: 0.2981(1.842s / 6.180s)
generated_audios/generated_H4_128C_pruned50_int8/908-31957-0014_generated.wav | RTF: 0.2782(2.103s / 7.560s) | Generator RTF: 0.2776(2.099s / 7.560s)
generated_audios/generated_H4_128C_pruned50_int8/908-31957-0015_generated.wav | RTF: 0.2881(6.183s / 21.465s) | Generator RTF: 0.2878(6.178s / 21.465s)
generated_audios/generated_H4_128C_pruned50_int8/908-31957-0016_generated.wav | RTF: 0.2810(1.821s / 6.480s) | Generator RTF: 0.2804(1.817s / 6.480s)
generated_audios/generated_H4_128C_pruned50_int8/908-31957-0017_generated.wav | RTF: 0.2961(2.308s / 7.795s) | Generator RTF: 0.2956(2.304s / 7.795s)
generated_audios/generated_H4_128C_pruned50_int8/908-31957-0018_generated.wav | RTF: 0.2973(1.164s / 3.915s) | Generator RTF: 0.2964(1.160s / 3.915s)
generated_audios/generated_H4_128C_pruned50_int8/908-31957-0019_generated.wav | RTF: 0.3021(2.882s / 9.540s) | Generator RTF: 0.3017(2.878s / 9.540s)
generated_audios/generated_H4_128C_pruned50_int8/908-31957-0020_generated.wav | RTF: 0.0182(0.107s / 5.895s) | Generator RTF: 0.0176(0.104s / 5.895s)
generated_audios/generated_H4_128C_pruned50_int8/908-31957-0021_generated.wav | RTF: 0.2829(3.085s / 10.905s) | Generator RTF: 0.2825(3.081s / 10.905s)
generated_audios/generated_H4_128C_pruned50_int8/908-31957-0022_generated.wav | RTF: 0.3016(4.252s / 14.100s) | Generator RTF: 0.3013(4.248s / 14.100s)
generated_audios/generated_H4_128C_pruned50_int8/908-31957-0023_generated.wav | RTF: 0.3028(2.578s / 8.515s) | Generator RTF: 0.3024(2.575s / 8.515s)
generated_audios/generated_H4_128C_pruned50_int8/908-31957-0024_generated.wav | RTF: 0.2932(2.211s / 7.540s) | Generator RTF: 0.2927(2.207s / 7.540s)
generated_audios/generated_H4_128C_pruned50_int8/908-31957-0025_generated.wav | RTF: 0.3004(6.176s / 20.560s) | Generator RTF: 0.3001(6.170s / 20.560s)
Average RTF: 0.2044(646.026s / 3159.849s)
Average Generator RTF: 0.2039(644.211s / 3159.849s)
Evaluation summary:
  Mel-spectrogram L1: 0.652409
  PESQ: 1.701388
  STOI: 0.885689
Appended per-audio metrics to CSV: per_audio_results/H4_128C_int8_Physical_pruning

Appended metrics to CSV: experiments_results.csv
========== H4: pruning 70% + quantize ==========
Initializing Inference Process..
Using device: cpu (baseline and quantized inference both run on CPU)
Quantization enabled: forcing CPU inference for INT8 model.
Loading '/home/hpc/vlbi/vlbi107v/hifi-gan/cp_hifigan/v1_c128_physical70/g_00265000'
Complete.
Checkpoint contains plain conv weights. Removing weight_norm wrappers before loading...
Removing weight norm...
Removing weight norm...
Calibrating static quantization using 50 samples...
INT8 quantization scope: resblocks_range
Quantizing residual blocks 3..8; all other layers stay FP32.
Checking quantized modules after static quantization:
Quantized module: resblocks.3.convs1.0 (torch.ao.nn.quantized.modules.conv.Conv1d)
Quantized module: resblocks.3.convs1.1 (torch.ao.nn.quantized.modules.conv.Conv1d)
Quantized module: resblocks.3.convs1.2 (torch.ao.nn.quantized.modules.conv.Conv1d)
Quantized module: resblocks.3.convs2.0 (torch.ao.nn.quantized.modules.conv.Conv1d)
Quantized module: resblocks.3.convs2.1 (torch.ao.nn.quantized.modules.conv.Conv1d)
Quantized module: resblocks.3.convs2.2 (torch.ao.nn.quantized.modules.conv.Conv1d)
Quantized module: resblocks.4.convs1.0 (torch.ao.nn.quantized.modules.conv.Conv1d)
Quantized module: resblocks.4.convs1.1 (torch.ao.nn.quantized.modules.conv.Conv1d)
Quantized module: resblocks.4.convs1.2 (torch.ao.nn.quantized.modules.conv.Conv1d)
Quantized module: resblocks.4.convs2.0 (torch.ao.nn.quantized.modules.conv.Conv1d)
Quantized module: resblocks.4.convs2.1 (torch.ao.nn.quantized.modules.conv.Conv1d)
Quantized module: resblocks.4.convs2.2 (torch.ao.nn.quantized.modules.conv.Conv1d)
Quantized module: resblocks.5.convs1.0 (torch.ao.nn.quantized.modules.conv.Conv1d)
Quantized module: resblocks.5.convs1.1 (torch.ao.nn.quantized.modules.conv.Conv1d)
Quantized module: resblocks.5.convs1.2 (torch.ao.nn.quantized.modules.conv.Conv1d)
Quantized module: resblocks.5.convs2.0 (torch.ao.nn.quantized.modules.conv.Conv1d)
Quantized module: resblocks.5.convs2.1 (torch.ao.nn.quantized.modules.conv.Conv1d)
Quantized module: resblocks.5.convs2.2 (torch.ao.nn.quantized.modules.conv.Conv1d)
Quantized module: resblocks.6.convs1.0 (torch.ao.nn.quantized.modules.conv.Conv1d)
Quantized module: resblocks.6.convs1.1 (torch.ao.nn.quantized.modules.conv.Conv1d)
Quantized module: resblocks.6.convs1.2 (torch.ao.nn.quantized.modules.conv.Conv1d)
Quantized module: resblocks.6.convs2.0 (torch.ao.nn.quantized.modules.conv.Conv1d)
Quantized module: resblocks.6.convs2.1 (torch.ao.nn.quantized.modules.conv.Conv1d)
Quantized module: resblocks.6.convs2.2 (torch.ao.nn.quantized.modules.conv.Conv1d)
Quantized module: resblocks.7.convs1.0 (torch.ao.nn.quantized.modules.conv.Conv1d)
Quantized module: resblocks.7.convs1.1 (torch.ao.nn.quantized.modules.conv.Conv1d)
Quantized module: resblocks.7.convs1.2 (torch.ao.nn.quantized.modules.conv.Conv1d)
Quantized module: resblocks.7.convs2.0 (torch.ao.nn.quantized.modules.conv.Conv1d)
Quantized module: resblocks.7.convs2.1 (torch.ao.nn.quantized.modules.conv.Conv1d)
Quantized module: resblocks.7.convs2.2 (torch.ao.nn.quantized.modules.conv.Conv1d)
Quantized module: resblocks.8.convs1.0 (torch.ao.nn.quantized.modules.conv.Conv1d)
Quantized module: resblocks.8.convs1.1 (torch.ao.nn.quantized.modules.conv.Conv1d)
Quantized module: resblocks.8.convs1.2 (torch.ao.nn.quantized.modules.conv.Conv1d)
Quantized module: resblocks.8.convs2.0 (torch.ao.nn.quantized.modules.conv.Conv1d)
Quantized module: resblocks.8.convs2.1 (torch.ao.nn.quantized.modules.conv.Conv1d)
Quantized module: resblocks.8.convs2.2 (torch.ao.nn.quantized.modules.conv.Conv1d)
Saving checkpoint to /home/hpc/vlbi/vlbi107v/hifi-gan/cp_hifigan/v1_c128_physical70/compressed_checkpoint_int8
Complete.
Saved compressed checkpoint: /home/hpc/vlbi/vlbi107v/hifi-gan/cp_hifigan/v1_c128_physical70/compressed_checkpoint_int8 (1.678 MB)
Compressed checkpoint parameters: 445,565
Loaded checkpoint: /home/hpc/vlbi/vlbi107v/hifi-gan/cp_hifigan/v1_c128_physical70/g_00265000 (1.750 MB)
Generator parameters: 445,565
generated_audios/generated_H4_128C_pruned70_int8/1089-134686-0000_generated.wav | RTF: 0.0195(0.204s / 10.435s) | Generator RTF: 0.0192(0.200s / 10.435s)
generated_audios/generated_H4_128C_pruned70_int8/1089-134686-0001_generated.wav | RTF: 0.0257(0.084s / 3.275s) | Generator RTF: 0.0246(0.081s / 3.275s)
generated_audios/generated_H4_128C_pruned70_int8/1089-134686-0002_generated.wav | RTF: 0.0229(0.152s / 6.625s) | Generator RTF: 0.0224(0.148s / 6.625s)
generated_audios/generated_H4_128C_pruned70_int8/1089-134686-0003_generated.wav | RTF: 0.0237(0.064s / 2.680s) | Generator RTF: 0.0224(0.060s / 2.680s)
generated_audios/generated_H4_128C_pruned70_int8/1089-134686-0004_generated.wav | RTF: 0.0195(0.101s / 5.215s) | Generator RTF: 0.0188(0.098s / 5.215s)
generated_audios/generated_H4_128C_pruned70_int8/1089-134686-0005_generated.wav | RTF: 0.0192(0.185s / 9.635s) | Generator RTF: 0.0188(0.181s / 9.635s)
generated_audios/generated_H4_128C_pruned70_int8/1089-134686-0006_generated.wav | RTF: 0.0207(0.218s / 10.555s) | Generator RTF: 0.0203(0.214s / 10.555s)
generated_audios/generated_H4_128C_pruned70_int8/1089-134686-0007_generated.wav | RTF: 0.0203(0.087s / 4.275s) | Generator RTF: 0.0196(0.084s / 4.275s)
generated_audios/generated_H4_128C_pruned70_int8/1089-134686-0008_generated.wav | RTF: 0.0230(0.155s / 6.730s) | Generator RTF: 0.0225(0.151s / 6.730s)
generated_audios/generated_H4_128C_pruned70_int8/1089-134686-0009_generated.wav | RTF: 0.0193(0.204s / 10.575s) | Generator RTF: 0.0189(0.200s / 10.575s)
generated_audios/generated_H4_128C_pruned70_int8/1089-134686-0010_generated.wav | RTF: 0.0202(0.089s / 4.405s) | Generator RTF: 0.0195(0.086s / 4.405s)
generated_audios/generated_H4_128C_pruned70_int8/1089-134686-0011_generated.wav | RTF: 0.0205(0.255s / 12.445s) | Generator RTF: 0.0201(0.250s / 12.445s)
generated_audios/generated_H4_128C_pruned70_int8/1089-134686-0012_generated.wav | RTF: 0.0235(0.273s / 11.640s) | Generator RTF: 0.0230(0.268s / 11.640s)
generated_audios/generated_H4_128C_pruned70_int8/1089-134686-0013_generated.wav | RTF: 0.0217(0.172s / 7.915s) | Generator RTF: 0.0212(0.168s / 7.915s)
generated_audios/generated_H4_128C_pruned70_int8/1089-134686-0014_generated.wav | RTF: 0.0263(0.058s / 2.225s) | Generator RTF: 0.0247(0.055s / 2.225s)
generated_audios/generated_H4_128C_pruned70_int8/1089-134686-0015_generated.wav | RTF: 0.0194(0.113s / 5.815s) | Generator RTF: 0.0188(0.109s / 5.815s)
generated_audios/generated_H4_128C_pruned70_int8/1089-134686-0016_generated.wav | RTF: 0.0215(0.076s / 3.540s) | Generator RTF: 0.0205(0.073s / 3.540s)
generated_audios/generated_H4_128C_pruned70_int8/1089-134686-0017_generated.wav | RTF: 0.0190(0.169s / 8.870s) | Generator RTF: 0.0186(0.165s / 8.870s)
generated_audios/generated_H4_128C_pruned70_int8/1089-134686-0018_generated.wav | RTF: 0.0194(0.305s / 15.720s) | Generator RTF: 0.0191(0.300s / 15.720s)
generated_audios/generated_H4_128C_pruned70_int8/1089-134686-0019_generated.wav | RTF: 0.0191(0.266s / 13.895s) | Generator RTF: 0.0188(0.261s / 13.895s)
generated_audios/generated_H4_128C_pruned70_int8/1089-134686-0020_generated.wav | RTF: 0.0210(0.353s / 16.790s) | Generator RTF: 0.0207(0.348s / 16.790s)
generated_audios/generated_H4_128C_pruned70_int8/1089-134686-0021_generated.wav | RTF: 0.0208(0.136s / 6.550s) | Generator RTF: 0.0202(0.132s / 6.550s)
generated_audios/generated_H4_128C_pruned70_int8/1089-134686-0022_generated.wav | RTF: 0.0192(0.215s / 11.175s) | Generator RTF: 0.0188(0.211s / 11.175s)
generated_audios/generated_H4_128C_pruned70_int8/1089-134686-0023_generated.wav | RTF: 0.0204(0.271s / 13.275s) | Generator RTF: 0.0200(0.266s / 13.275s)
generated_audios/generated_H4_128C_pruned70_int8/1089-134686-0024_generated.wav | RTF: 0.0196(0.228s / 11.655s) | Generator RTF: 0.0192(0.224s / 11.655s)
generated_audios/generated_H4_128C_pruned70_int8/1089-134686-0025_generated.wav | RTF: 0.0192(0.127s / 6.610s) | Generator RTF: 0.0186(0.123s / 6.610s)
generated_audios/generated_H4_128C_pruned70_int8/1089-134686-0026_generated.wav | RTF: 0.0248(0.100s / 4.010s) | Generator RTF: 0.0240(0.096s / 4.010s)
generated_audios/generated_H4_128C_pruned70_int8/1089-134686-0027_generated.wav | RTF: 0.0233(0.063s / 2.710s) | Generator RTF: 0.0222(0.060s / 2.710s)
generated_audios/generated_H4_128C_pruned70_int8/1089-134686-0028_generated.wav | RTF: 0.0190(0.149s / 7.830s) | Generator RTF: 0.0185(0.145s / 7.830s)
generated_audios/generated_H4_128C_pruned70_int8/1089-134686-0029_generated.wav | RTF: 0.0234(0.109s / 4.670s) | Generator RTF: 0.0227(0.106s / 4.670s)
generated_audios/generated_H4_128C_pruned70_int8/1089-134686-0030_generated.wav | RTF: 0.0178(0.048s / 2.715s) | Generator RTF: 0.0165(0.045s / 2.715s)
generated_audios/generated_H4_128C_pruned70_int8/1089-134686-0031_generated.wav | RTF: 0.0152(0.101s / 6.615s) | Generator RTF: 0.0147(0.097s / 6.615s)
generated_audios/generated_H4_128C_pruned70_int8/121-121726-0000_generated.wav | RTF: 0.0190(0.161s / 8.460s) | Generator RTF: 0.0186(0.157s / 8.460s)
generated_audios/generated_H4_128C_pruned70_int8/121-121726-0001_generated.wav | RTF: 0.0226(0.134s / 5.925s) | Generator RTF: 0.0220(0.131s / 5.925s)
generated_audios/generated_H4_128C_pruned70_int8/121-121726-0002_generated.wav | RTF: 0.0200(0.088s / 4.410s) | Generator RTF: 0.0192(0.085s / 4.410s)
generated_audios/generated_H4_128C_pruned70_int8/121-121726-0003_generated.wav | RTF: 0.0190(0.128s / 6.755s) | Generator RTF: 0.0184(0.125s / 6.755s)
generated_audios/generated_H4_128C_pruned70_int8/121-121726-0004_generated.wav | RTF: 0.0207(0.083s / 4.020s) | Generator RTF: 0.0199(0.080s / 4.020s)
generated_audios/generated_H4_128C_pruned70_int8/121-121726-0005_generated.wav | RTF: 0.0225(0.070s / 3.100s) | Generator RTF: 0.0214(0.066s / 3.100s)
generated_audios/generated_H4_128C_pruned70_int8/121-121726-0006_generated.wav | RTF: 0.0237(0.092s / 3.895s) | Generator RTF: 0.0229(0.089s / 3.895s)
generated_audios/generated_H4_128C_pruned70_int8/121-121726-0007_generated.wav | RTF: 0.0222(0.149s / 6.730s) | Generator RTF: 0.0217(0.146s / 6.730s)
generated_audios/generated_H4_128C_pruned70_int8/121-121726-0008_generated.wav | RTF: 0.0237(0.118s / 4.990s) | Generator RTF: 0.0230(0.115s / 4.990s)
generated_audios/generated_H4_128C_pruned70_int8/121-121726-0009_generated.wav | RTF: 0.0194(0.141s / 7.260s) | Generator RTF: 0.0189(0.137s / 7.260s)
generated_audios/generated_H4_128C_pruned70_int8/121-121726-0010_generated.wav | RTF: 0.0189(0.186s / 9.810s) | Generator RTF: 0.0185(0.182s / 9.810s)
generated_audios/generated_H4_128C_pruned70_int8/121-121726-0011_generated.wav | RTF: 0.0209(0.084s / 4.035s) | Generator RTF: 0.0200(0.081s / 4.035s)
generated_audios/generated_H4_128C_pruned70_int8/121-121726-0012_generated.wav | RTF: 0.0230(0.093s / 4.045s) | Generator RTF: 0.0221(0.090s / 4.045s)
generated_audios/generated_H4_128C_pruned70_int8/121-121726-0013_generated.wav | RTF: 0.0242(0.060s / 2.490s) | Generator RTF: 0.0229(0.057s / 2.490s)
generated_audios/generated_H4_128C_pruned70_int8/121-121726-0014_generated.wav | RTF: 0.0219(0.069s / 3.165s) | Generator RTF: 0.0208(0.066s / 3.165s)
generated_audios/generated_H4_128C_pruned70_int8/121-123852-0000_generated.wav | RTF: 0.0208(0.368s / 17.695s) | Generator RTF: 0.0205(0.363s / 17.695s)
generated_audios/generated_H4_128C_pruned70_int8/121-123852-0001_generated.wav | RTF: 0.0279(0.052s / 1.870s) | Generator RTF: 0.0261(0.049s / 1.870s)
generated_audios/generated_H4_128C_pruned70_int8/121-123852-0002_generated.wav | RTF: 0.0206(0.356s / 17.285s) | Generator RTF: 0.0204(0.352s / 17.285s)
generated_audios/generated_H4_128C_pruned70_int8/121-123852-0003_generated.wav | RTF: 0.2993(7.036s / 23.505s) | Generator RTF: 0.2991(7.030s / 23.505s)
generated_audios/generated_H4_128C_pruned70_int8/121-123852-0004_generated.wav | RTF: 0.2715(4.423s / 16.290s) | Generator RTF: 0.2712(4.418s / 16.290s)
generated_audios/generated_H4_128C_pruned70_int8/121-123859-0000_generated.wav | RTF: 0.2593(4.509s / 17.390s) | Generator RTF: 0.2590(4.504s / 17.390s)
generated_audios/generated_H4_128C_pruned70_int8/121-123859-0001_generated.wav | RTF: 0.2670(6.780s / 25.395s) | Generator RTF: 0.2667(6.774s / 25.395s)
generated_audios/generated_H4_128C_pruned70_int8/121-123859-0002_generated.wav | RTF: 0.2782(8.356s / 30.040s) | Generator RTF: 0.2779(8.349s / 30.040s)
generated_audios/generated_H4_128C_pruned70_int8/121-123859-0003_generated.wav | RTF: 0.2548(2.758s / 10.825s) | Generator RTF: 0.2544(2.754s / 10.825s)
generated_audios/generated_H4_128C_pruned70_int8/121-123859-0004_generated.wav | RTF: 0.2624(2.494s / 9.505s) | Generator RTF: 0.2619(2.490s / 9.505s)
generated_audios/generated_H4_128C_pruned70_int8/121-127105-0000_generated.wav | RTF: 0.2515(2.484s / 9.875s) | Generator RTF: 0.2511(2.479s / 9.875s)
generated_audios/generated_H4_128C_pruned70_int8/121-127105-0001_generated.wav | RTF: 0.2386(1.199s / 5.025s) | Generator RTF: 0.2380(1.196s / 5.025s)
generated_audios/generated_H4_128C_pruned70_int8/121-127105-0002_generated.wav | RTF: 0.2368(1.775s / 7.495s) | Generator RTF: 0.2362(1.771s / 7.495s)
generated_audios/generated_H4_128C_pruned70_int8/121-127105-0003_generated.wav | RTF: 0.2509(1.938s / 7.725s) | Generator RTF: 0.2504(1.934s / 7.725s)
generated_audios/generated_H4_128C_pruned70_int8/121-127105-0004_generated.wav | RTF: 0.2475(0.522s / 2.110s) | Generator RTF: 0.2459(0.519s / 2.110s)
generated_audios/generated_H4_128C_pruned70_int8/121-127105-0005_generated.wav | RTF: 0.2405(1.400s / 5.820s) | Generator RTF: 0.2400(1.397s / 5.820s)
generated_audios/generated_H4_128C_pruned70_int8/121-127105-0006_generated.wav | RTF: 0.2519(1.190s / 4.725s) | Generator RTF: 0.2512(1.187s / 4.725s)
generated_audios/generated_H4_128C_pruned70_int8/121-127105-0007_generated.wav | RTF: 0.2401(1.390s / 5.790s) | Generator RTF: 0.2395(1.386s / 5.790s)
generated_audios/generated_H4_128C_pruned70_int8/121-127105-0008_generated.wav | RTF: 0.2508(0.692s / 2.760s) | Generator RTF: 0.2497(0.689s / 2.760s)
generated_audios/generated_H4_128C_pruned70_int8/121-127105-0009_generated.wav | RTF: 0.2507(0.574s / 2.290s) | Generator RTF: 0.2494(0.571s / 2.290s)
generated_audios/generated_H4_128C_pruned70_int8/121-127105-0010_generated.wav | RTF: 0.2465(0.703s / 2.850s) | Generator RTF: 0.2454(0.699s / 2.850s)
generated_audios/generated_H4_128C_pruned70_int8/121-127105-0011_generated.wav | RTF: 0.2494(1.442s / 5.780s) | Generator RTF: 0.2488(1.438s / 5.780s)
generated_audios/generated_H4_128C_pruned70_int8/121-127105-0012_generated.wav | RTF: 0.2538(1.226s / 4.830s) | Generator RTF: 0.2531(1.222s / 4.830s)
generated_audios/generated_H4_128C_pruned70_int8/121-127105-0013_generated.wav | RTF: 0.2376(1.400s / 5.895s) | Generator RTF: 0.2370(1.397s / 5.895s)
generated_audios/generated_H4_128C_pruned70_int8/121-127105-0014_generated.wav | RTF: 0.2335(0.527s / 2.255s) | Generator RTF: 0.2321(0.523s / 2.255s)
generated_audios/generated_H4_128C_pruned70_int8/121-127105-0015_generated.wav | RTF: 0.2519(0.746s / 2.960s) | Generator RTF: 0.2508(0.742s / 2.960s)
generated_audios/generated_H4_128C_pruned70_int8/121-127105-0016_generated.wav | RTF: 0.2377(0.482s / 2.030s) | Generator RTF: 0.2361(0.479s / 2.030s)
generated_audios/generated_H4_128C_pruned70_int8/121-127105-0017_generated.wav | RTF: 0.2484(0.669s / 2.695s) | Generator RTF: 0.2472(0.666s / 2.695s)
generated_audios/generated_H4_128C_pruned70_int8/121-127105-0018_generated.wav | RTF: 0.2499(0.692s / 2.770s) | Generator RTF: 0.2487(0.689s / 2.770s)
generated_audios/generated_H4_128C_pruned70_int8/121-127105-0019_generated.wav | RTF: 0.2421(0.853s / 3.525s) | Generator RTF: 0.2411(0.850s / 3.525s)
generated_audios/generated_H4_128C_pruned70_int8/121-127105-0020_generated.wav | RTF: 0.2628(3.773s / 14.355s) | Generator RTF: 0.2625(3.768s / 14.355s)
generated_audios/generated_H4_128C_pruned70_int8/121-127105-0021_generated.wav | RTF: 0.2383(0.477s / 2.000s) | Generator RTF: 0.2367(0.473s / 2.000s)
generated_audios/generated_H4_128C_pruned70_int8/121-127105-0022_generated.wav | RTF: 0.2479(1.258s / 5.075s) | Generator RTF: 0.2473(1.255s / 5.075s)
generated_audios/generated_H4_128C_pruned70_int8/121-127105-0023_generated.wav | RTF: 0.2388(2.606s / 10.910s) | Generator RTF: 0.2385(2.602s / 10.910s)
generated_audios/generated_H4_128C_pruned70_int8/121-127105-0024_generated.wav | RTF: 0.2781(4.018s / 14.450s) | Generator RTF: 0.2778(4.014s / 14.450s)
generated_audios/generated_H4_128C_pruned70_int8/121-127105-0025_generated.wav | RTF: 0.2620(4.209s / 16.065s) | Generator RTF: 0.2617(4.204s / 16.065s)
generated_audios/generated_H4_128C_pruned70_int8/121-127105-0026_generated.wav | RTF: 0.2390(1.799s / 7.530s) | Generator RTF: 0.2384(1.795s / 7.530s)
generated_audios/generated_H4_128C_pruned70_int8/121-127105-0027_generated.wav | RTF: 0.2650(3.676s / 13.870s) | Generator RTF: 0.2647(3.671s / 13.870s)
generated_audios/generated_H4_128C_pruned70_int8/121-127105-0028_generated.wav | RTF: 0.0198(0.133s / 6.750s) | Generator RTF: 0.0192(0.129s / 6.750s)
generated_audios/generated_H4_128C_pruned70_int8/121-127105-0029_generated.wav | RTF: 0.2500(1.828s / 7.310s) | Generator RTF: 0.2495(1.824s / 7.310s)
generated_audios/generated_H4_128C_pruned70_int8/121-127105-0030_generated.wav | RTF: 0.2427(0.528s / 2.175s) | Generator RTF: 0.2411(0.524s / 2.175s)
generated_audios/generated_H4_128C_pruned70_int8/121-127105-0031_generated.wav | RTF: 0.2357(2.537s / 10.765s) | Generator RTF: 0.2353(2.533s / 10.765s)
generated_audios/generated_H4_128C_pruned70_int8/121-127105-0032_generated.wav | RTF: 0.2326(0.737s / 3.170s) | Generator RTF: 0.2314(0.734s / 3.170s)
generated_audios/generated_H4_128C_pruned70_int8/121-127105-0033_generated.wav | RTF: 0.2452(0.577s / 2.355s) | Generator RTF: 0.2438(0.574s / 2.355s)
generated_audios/generated_H4_128C_pruned70_int8/121-127105-0034_generated.wav | RTF: 0.2531(1.875s / 7.410s) | Generator RTF: 0.2525(1.871s / 7.410s)
generated_audios/generated_H4_128C_pruned70_int8/121-127105-0035_generated.wav | RTF: 0.2610(3.693s / 14.150s) | Generator RTF: 0.2607(3.688s / 14.150s)
generated_audios/generated_H4_128C_pruned70_int8/121-127105-0036_generated.wav | RTF: 0.2340(0.971s / 4.150s) | Generator RTF: 0.2332(0.968s / 4.150s)
generated_audios/generated_H4_128C_pruned70_int8/237-126133-0000_generated.wav | RTF: 0.2775(3.688s / 13.290s) | Generator RTF: 0.2772(3.683s / 13.290s)
generated_audios/generated_H4_128C_pruned70_int8/237-126133-0001_generated.wav | RTF: 0.2796(3.345s / 11.965s) | Generator RTF: 0.2792(3.340s / 11.965s)
generated_audios/generated_H4_128C_pruned70_int8/237-126133-0002_generated.wav | RTF: 0.2437(2.174s / 8.920s) | Generator RTF: 0.2432(2.169s / 8.920s)
generated_audios/generated_H4_128C_pruned70_int8/237-126133-0003_generated.wav | RTF: 0.2489(1.633s / 6.560s) | Generator RTF: 0.2483(1.629s / 6.560s)
generated_audios/generated_H4_128C_pruned70_int8/237-126133-0004_generated.wav | RTF: 0.2519(0.830s / 3.295s) | Generator RTF: 0.2508(0.826s / 3.295s)
generated_audios/generated_H4_128C_pruned70_int8/237-126133-0005_generated.wav | RTF: 0.2520(1.641s / 6.510s) | Generator RTF: 0.2515(1.637s / 6.510s)
generated_audios/generated_H4_128C_pruned70_int8/237-126133-0006_generated.wav | RTF: 0.2491(1.532s / 6.150s) | Generator RTF: 0.2485(1.528s / 6.150s)
generated_audios/generated_H4_128C_pruned70_int8/237-126133-0007_generated.wav | RTF: 0.2409(2.091s / 8.680s) | Generator RTF: 0.2405(2.087s / 8.680s)
generated_audios/generated_H4_128C_pruned70_int8/237-126133-0008_generated.wav | RTF: 0.2496(0.965s / 3.865s) | Generator RTF: 0.2488(0.961s / 3.865s)
generated_audios/generated_H4_128C_pruned70_int8/237-126133-0009_generated.wav | RTF: 0.2472(0.981s / 3.970s) | Generator RTF: 0.2463(0.978s / 3.970s)
generated_audios/generated_H4_128C_pruned70_int8/237-126133-0010_generated.wav | RTF: 0.2390(1.491s / 6.240s) | Generator RTF: 0.2384(1.488s / 6.240s)
generated_audios/generated_H4_128C_pruned70_int8/237-126133-0011_generated.wav | RTF: 0.2555(1.714s / 6.710s) | Generator RTF: 0.2550(1.711s / 6.710s)
generated_audios/generated_H4_128C_pruned70_int8/237-126133-0012_generated.wav | RTF: 0.2559(1.139s / 4.450s) | Generator RTF: 0.2551(1.135s / 4.450s)
generated_audios/generated_H4_128C_pruned70_int8/237-126133-0013_generated.wav | RTF: 0.2505(1.707s / 6.815s) | Generator RTF: 0.2500(1.704s / 6.815s)
generated_audios/generated_H4_128C_pruned70_int8/237-126133-0014_generated.wav | RTF: 0.2507(1.703s / 6.790s) | Generator RTF: 0.2502(1.699s / 6.790s)
generated_audios/generated_H4_128C_pruned70_int8/237-126133-0015_generated.wav | RTF: 0.2403(2.245s / 9.340s) | Generator RTF: 0.2399(2.241s / 9.340s)
generated_audios/generated_H4_128C_pruned70_int8/237-126133-0016_generated.wav | RTF: 0.2394(1.018s / 4.250s) | Generator RTF: 0.2386(1.014s / 4.250s)
generated_audios/generated_H4_128C_pruned70_int8/237-126133-0017_generated.wav | RTF: 0.2421(1.504s / 6.210s) | Generator RTF: 0.2416(1.500s / 6.210s)
generated_audios/generated_H4_128C_pruned70_int8/237-126133-0018_generated.wav | RTF: 0.2538(1.039s / 4.095s) | Generator RTF: 0.2530(1.036s / 4.095s)
generated_audios/generated_H4_128C_pruned70_int8/237-126133-0019_generated.wav | RTF: 0.2567(1.827s / 7.120s) | Generator RTF: 0.2561(1.824s / 7.120s)
generated_audios/generated_H4_128C_pruned70_int8/237-126133-0020_generated.wav | RTF: 0.2350(0.527s / 2.240s) | Generator RTF: 0.2337(0.523s / 2.240s)
generated_audios/generated_H4_128C_pruned70_int8/237-126133-0021_generated.wav | RTF: 0.2370(1.034s / 4.365s) | Generator RTF: 0.2362(1.031s / 4.365s)
generated_audios/generated_H4_128C_pruned70_int8/237-126133-0022_generated.wav | RTF: 0.2539(1.280s / 5.040s) | Generator RTF: 0.2532(1.276s / 5.040s)
generated_audios/generated_H4_128C_pruned70_int8/237-126133-0023_generated.wav | RTF: 0.2554(1.705s / 6.675s) | Generator RTF: 0.2549(1.702s / 6.675s)
generated_audios/generated_H4_128C_pruned70_int8/237-126133-0024_generated.wav | RTF: 0.2569(2.483s / 9.665s) | Generator RTF: 0.2565(2.479s / 9.665s)
generated_audios/generated_H4_128C_pruned70_int8/237-126133-0025_generated.wav | RTF: 0.2500(0.939s / 3.755s) | Generator RTF: 0.2491(0.935s / 3.755s)
generated_audios/generated_H4_128C_pruned70_int8/237-134493-0000_generated.wav | RTF: 0.2541(1.043s / 4.105s) | Generator RTF: 0.2533(1.040s / 4.105s)
generated_audios/generated_H4_128C_pruned70_int8/237-134493-0001_generated.wav | RTF: 0.2522(1.861s / 7.380s) | Generator RTF: 0.2516(1.857s / 7.380s)
generated_audios/generated_H4_128C_pruned70_int8/237-134493-0002_generated.wav | RTF: 0.2627(2.993s / 11.395s) | Generator RTF: 0.2623(2.989s / 11.395s)
generated_audios/generated_H4_128C_pruned70_int8/237-134493-0003_generated.wav | RTF: 0.2778(3.546s / 12.765s) | Generator RTF: 0.2774(3.542s / 12.765s)
generated_audios/generated_H4_128C_pruned70_int8/237-134493-0004_generated.wav | RTF: 0.2595(1.771s / 6.825s) | Generator RTF: 0.2590(1.768s / 6.825s)
generated_audios/generated_H4_128C_pruned70_int8/237-134493-0005_generated.wav | RTF: 0.2433(2.663s / 10.945s) | Generator RTF: 0.2430(2.659s / 10.945s)
generated_audios/generated_H4_128C_pruned70_int8/237-134493-0006_generated.wav | RTF: 0.2401(1.055s / 4.395s) | Generator RTF: 0.2393(1.052s / 4.395s)
generated_audios/generated_H4_128C_pruned70_int8/237-134493-0007_generated.wav | RTF: 0.2379(0.484s / 2.035s) | Generator RTF: 0.2364(0.481s / 2.035s)
generated_audios/generated_H4_128C_pruned70_int8/237-134493-0008_generated.wav | RTF: 0.2397(0.553s / 2.305s) | Generator RTF: 0.2384(0.549s / 2.305s)
generated_audios/generated_H4_128C_pruned70_int8/237-134493-0009_generated.wav | RTF: 0.2537(0.755s / 2.975s) | Generator RTF: 0.2527(0.752s / 2.975s)
generated_audios/generated_H4_128C_pruned70_int8/237-134493-0010_generated.wav | RTF: 0.2516(0.723s / 2.875s) | Generator RTF: 0.2505(0.720s / 2.875s)
generated_audios/generated_H4_128C_pruned70_int8/237-134493-0011_generated.wav | RTF: 0.2567(1.292s / 5.035s) | Generator RTF: 0.2560(1.289s / 5.035s)
generated_audios/generated_H4_128C_pruned70_int8/237-134493-0012_generated.wav | RTF: 0.2378(0.871s / 3.660s) | Generator RTF: 0.2369(0.867s / 3.660s)
generated_audios/generated_H4_128C_pruned70_int8/237-134493-0013_generated.wav | RTF: 0.0206(0.084s / 4.090s) | Generator RTF: 0.0197(0.081s / 4.090s)
generated_audios/generated_H4_128C_pruned70_int8/237-134493-0014_generated.wav | RTF: 0.2419(0.895s / 3.700s) | Generator RTF: 0.2410(0.892s / 3.700s)
generated_audios/generated_H4_128C_pruned70_int8/237-134493-0015_generated.wav | RTF: 0.0218(0.143s / 6.550s) | Generator RTF: 0.0212(0.139s / 6.550s)
generated_audios/generated_H4_128C_pruned70_int8/237-134493-0016_generated.wav | RTF: 0.2558(2.580s / 10.085s) | Generator RTF: 0.2554(2.575s / 10.085s)
generated_audios/generated_H4_128C_pruned70_int8/237-134493-0017_generated.wav | RTF: 0.2581(2.350s / 9.105s) | Generator RTF: 0.2577(2.346s / 9.105s)
generated_audios/generated_H4_128C_pruned70_int8/237-134493-0018_generated.wav | RTF: 0.2563(1.228s / 4.790s) | Generator RTF: 0.2556(1.224s / 4.790s)
generated_audios/generated_H4_128C_pruned70_int8/237-134500-0000_generated.wav | RTF: 0.2528(1.550s / 6.130s) | Generator RTF: 0.2523(1.546s / 6.130s)
generated_audios/generated_H4_128C_pruned70_int8/237-134500-0001_generated.wav | RTF: 0.2344(0.424s / 1.810s) | Generator RTF: 0.2326(0.421s / 1.810s)
generated_audios/generated_H4_128C_pruned70_int8/237-134500-0002_generated.wav | RTF: 0.2571(1.303s / 5.070s) | Generator RTF: 0.2564(1.300s / 5.070s)
generated_audios/generated_H4_128C_pruned70_int8/237-134500-0003_generated.wav | RTF: 0.0239(0.076s / 3.170s) | Generator RTF: 0.0227(0.072s / 3.170s)
generated_audios/generated_H4_128C_pruned70_int8/237-134500-0004_generated.wav | RTF: 0.0248(0.055s / 2.225s) | Generator RTF: 0.0234(0.052s / 2.225s)
generated_audios/generated_H4_128C_pruned70_int8/237-134500-0005_generated.wav | RTF: 0.2485(0.594s / 2.390s) | Generator RTF: 0.2472(0.591s / 2.390s)
generated_audios/generated_H4_128C_pruned70_int8/237-134500-0006_generated.wav | RTF: 0.2396(1.012s / 4.225s) | Generator RTF: 0.2389(1.009s / 4.225s)
generated_audios/generated_H4_128C_pruned70_int8/237-134500-0007_generated.wav | RTF: 0.0196(0.047s / 2.390s) | Generator RTF: 0.0183(0.044s / 2.390s)
generated_audios/generated_H4_128C_pruned70_int8/237-134500-0008_generated.wav | RTF: 0.0208(0.078s / 3.760s) | Generator RTF: 0.0200(0.075s / 3.760s)
generated_audios/generated_H4_128C_pruned70_int8/237-134500-0009_generated.wav | RTF: 0.0204(0.045s / 2.220s) | Generator RTF: 0.0189(0.042s / 2.220s)
generated_audios/generated_H4_128C_pruned70_int8/237-134500-0010_generated.wav | RTF: 0.2566(1.025s / 3.995s) | Generator RTF: 0.2558(1.022s / 3.995s)
generated_audios/generated_H4_128C_pruned70_int8/237-134500-0011_generated.wav | RTF: 0.2410(0.807s / 3.350s) | Generator RTF: 0.2400(0.804s / 3.350s)
generated_audios/generated_H4_128C_pruned70_int8/237-134500-0012_generated.wav | RTF: 0.2642(2.889s / 10.935s) | Generator RTF: 0.2638(2.885s / 10.935s)
generated_audios/generated_H4_128C_pruned70_int8/237-134500-0013_generated.wav | RTF: 0.0213(0.225s / 10.560s) | Generator RTF: 0.0208(0.220s / 10.560s)
generated_audios/generated_H4_128C_pruned70_int8/237-134500-0014_generated.wav | RTF: 0.0248(0.105s / 4.250s) | Generator RTF: 0.0241(0.102s / 4.250s)
generated_audios/generated_H4_128C_pruned70_int8/237-134500-0015_generated.wav | RTF: 0.2555(2.763s / 10.815s) | Generator RTF: 0.2551(2.759s / 10.815s)
generated_audios/generated_H4_128C_pruned70_int8/237-134500-0016_generated.wav | RTF: 0.0240(0.076s / 3.160s) | Generator RTF: 0.0229(0.072s / 3.160s)
generated_audios/generated_H4_128C_pruned70_int8/237-134500-0017_generated.wav | RTF: 0.0254(0.055s / 2.180s) | Generator RTF: 0.0240(0.052s / 2.180s)
generated_audios/generated_H4_128C_pruned70_int8/237-134500-0018_generated.wav | RTF: 0.2845(3.655s / 12.845s) | Generator RTF: 0.2842(3.651s / 12.845s)
generated_audios/generated_H4_128C_pruned70_int8/237-134500-0019_generated.wav | RTF: 0.2438(0.697s / 2.860s) | Generator RTF: 0.2428(0.694s / 2.860s)
generated_audios/generated_H4_128C_pruned70_int8/237-134500-0020_generated.wav | RTF: 0.0200(0.044s / 2.180s) | Generator RTF: 0.0185(0.040s / 2.180s)
generated_audios/generated_H4_128C_pruned70_int8/237-134500-0021_generated.wav | RTF: 0.2404(1.231s / 5.120s) | Generator RTF: 0.2398(1.228s / 5.120s)
generated_audios/generated_H4_128C_pruned70_int8/237-134500-0022_generated.wav | RTF: 0.2442(1.261s / 5.165s) | Generator RTF: 0.2435(1.258s / 5.165s)
generated_audios/generated_H4_128C_pruned70_int8/237-134500-0023_generated.wav | RTF: 0.2604(0.797s / 3.060s) | Generator RTF: 0.2592(0.793s / 3.060s)
generated_audios/generated_H4_128C_pruned70_int8/237-134500-0024_generated.wav | RTF: 0.0202(0.089s / 4.410s) | Generator RTF: 0.0195(0.086s / 4.410s)
generated_audios/generated_H4_128C_pruned70_int8/237-134500-0025_generated.wav | RTF: 0.2371(0.387s / 1.630s) | Generator RTF: 0.2352(0.383s / 1.630s)
generated_audios/generated_H4_128C_pruned70_int8/237-134500-0026_generated.wav | RTF: 0.2556(0.779s / 3.050s) | Generator RTF: 0.2545(0.776s / 3.050s)
generated_audios/generated_H4_128C_pruned70_int8/237-134500-0027_generated.wav | RTF: 0.2631(0.860s / 3.270s) | Generator RTF: 0.2620(0.857s / 3.270s)
generated_audios/generated_H4_128C_pruned70_int8/237-134500-0028_generated.wav | RTF: 0.2629(1.190s / 4.525s) | Generator RTF: 0.2621(1.186s / 4.525s)
generated_audios/generated_H4_128C_pruned70_int8/237-134500-0029_generated.wav | RTF: 0.2431(0.502s / 2.065s) | Generator RTF: 0.2414(0.499s / 2.065s)
generated_audios/generated_H4_128C_pruned70_int8/237-134500-0030_generated.wav | RTF: 0.2628(0.731s / 2.780s) | Generator RTF: 0.2616(0.727s / 2.780s)
generated_audios/generated_H4_128C_pruned70_int8/237-134500-0031_generated.wav | RTF: 0.2568(2.725s / 10.610s) | Generator RTF: 0.2564(2.720s / 10.610s)
generated_audios/generated_H4_128C_pruned70_int8/237-134500-0032_generated.wav | RTF: 0.0212(0.107s / 5.025s) | Generator RTF: 0.0206(0.103s / 5.025s)
generated_audios/generated_H4_128C_pruned70_int8/237-134500-0033_generated.wav | RTF: 0.2461(1.563s / 6.350s) | Generator RTF: 0.2455(1.559s / 6.350s)
generated_audios/generated_H4_128C_pruned70_int8/237-134500-0034_generated.wav | RTF: 0.2446(0.752s / 3.075s) | Generator RTF: 0.2437(0.749s / 3.075s)
generated_audios/generated_H4_128C_pruned70_int8/237-134500-0035_generated.wav | RTF: 0.2593(0.663s / 2.555s) | Generator RTF: 0.2580(0.659s / 2.555s)
generated_audios/generated_H4_128C_pruned70_int8/237-134500-0036_generated.wav | RTF: 0.2647(1.747s / 6.600s) | Generator RTF: 0.2642(1.744s / 6.600s)
generated_audios/generated_H4_128C_pruned70_int8/237-134500-0037_generated.wav | RTF: 0.2601(1.848s / 7.105s) | Generator RTF: 0.2596(1.844s / 7.105s)
generated_audios/generated_H4_128C_pruned70_int8/237-134500-0038_generated.wav | RTF: 0.2536(0.618s / 2.435s) | Generator RTF: 0.2523(0.614s / 2.435s)
generated_audios/generated_H4_128C_pruned70_int8/237-134500-0039_generated.wav | RTF: 0.2618(1.212s / 4.630s) | Generator RTF: 0.2611(1.209s / 4.630s)
generated_audios/generated_H4_128C_pruned70_int8/237-134500-0040_generated.wav | RTF: 0.0209(0.084s / 4.030s) | Generator RTF: 0.0200(0.081s / 4.030s)
generated_audios/generated_H4_128C_pruned70_int8/237-134500-0041_generated.wav | RTF: 0.0222(0.198s / 8.920s) | Generator RTF: 0.0217(0.194s / 8.920s)
generated_audios/generated_H4_128C_pruned70_int8/237-134500-0042_generated.wav | RTF: 0.2537(0.653s / 2.575s) | Generator RTF: 0.2524(0.650s / 2.575s)
generated_audios/generated_H4_128C_pruned70_int8/260-123286-0000_generated.wav | RTF: 0.2507(1.765s / 7.040s) | Generator RTF: 0.2501(1.761s / 7.040s)
generated_audios/generated_H4_128C_pruned70_int8/260-123286-0001_generated.wav | RTF: 0.0173(0.053s / 3.070s) | Generator RTF: 0.0163(0.050s / 3.070s)
generated_audios/generated_H4_128C_pruned70_int8/260-123286-0002_generated.wav | RTF: 0.2652(2.648s / 9.985s) | Generator RTF: 0.2648(2.644s / 9.985s)
generated_audios/generated_H4_128C_pruned70_int8/260-123286-0003_generated.wav | RTF: 0.2649(1.953s / 7.370s) | Generator RTF: 0.2644(1.949s / 7.370s)
generated_audios/generated_H4_128C_pruned70_int8/260-123286-0004_generated.wav | RTF: 0.2626(0.910s / 3.465s) | Generator RTF: 0.2616(0.906s / 3.465s)
generated_audios/generated_H4_128C_pruned70_int8/260-123286-0005_generated.wav | RTF: 0.2518(1.211s / 4.810s) | Generator RTF: 0.2511(1.208s / 4.810s)
generated_audios/generated_H4_128C_pruned70_int8/260-123286-0006_generated.wav | RTF: 0.2611(1.933s / 7.405s) | Generator RTF: 0.2606(1.930s / 7.405s)
generated_audios/generated_H4_128C_pruned70_int8/260-123286-0007_generated.wav | RTF: 0.2588(1.178s / 4.550s) | Generator RTF: 0.2581(1.174s / 4.550s)
generated_audios/generated_H4_128C_pruned70_int8/260-123286-0008_generated.wav | RTF: 0.2489(0.930s / 3.735s) | Generator RTF: 0.2480(0.926s / 3.735s)
generated_audios/generated_H4_128C_pruned70_int8/260-123286-0009_generated.wav | RTF: 0.2685(1.556s / 5.795s) | Generator RTF: 0.2679(1.553s / 5.795s)
generated_audios/generated_H4_128C_pruned70_int8/260-123286-0010_generated.wav | RTF: 0.0182(0.047s / 2.575s) | Generator RTF: 0.0170(0.044s / 2.575s)
generated_audios/generated_H4_128C_pruned70_int8/260-123286-0011_generated.wav | RTF: 0.0242(0.103s / 4.255s) | Generator RTF: 0.0234(0.100s / 4.255s)
generated_audios/generated_H4_128C_pruned70_int8/260-123286-0012_generated.wav | RTF: 0.0186(0.045s / 2.430s) | Generator RTF: 0.0173(0.042s / 2.430s)
generated_audios/generated_H4_128C_pruned70_int8/260-123286-0013_generated.wav | RTF: 0.2597(1.228s / 4.730s) | Generator RTF: 0.2591(1.226s / 4.730s)
generated_audios/generated_H4_128C_pruned70_int8/260-123286-0014_generated.wav | RTF: 0.0245(0.073s / 2.980s) | Generator RTF: 0.0235(0.070s / 2.980s)
generated_audios/generated_H4_128C_pruned70_int8/260-123286-0015_generated.wav | RTF: 0.2647(1.379s / 5.210s) | Generator RTF: 0.2640(1.376s / 5.210s)
generated_audios/generated_H4_128C_pruned70_int8/260-123286-0016_generated.wav | RTF: 0.2696(1.887s / 7.000s) | Generator RTF: 0.2690(1.883s / 7.000s)
generated_audios/generated_H4_128C_pruned70_int8/260-123286-0017_generated.wav | RTF: 0.2546(1.012s / 3.975s) | Generator RTF: 0.2538(1.009s / 3.975s)
generated_audios/generated_H4_128C_pruned70_int8/260-123286-0018_generated.wav | RTF: 0.2687(1.523s / 5.670s) | Generator RTF: 0.2681(1.520s / 5.670s)
generated_audios/generated_H4_128C_pruned70_int8/260-123286-0019_generated.wav | RTF: 0.2895(3.447s / 11.905s) | Generator RTF: 0.2892(3.442s / 11.905s)
generated_audios/generated_H4_128C_pruned70_int8/260-123286-0020_generated.wav | RTF: 0.0236(0.072s / 3.060s) | Generator RTF: 0.0225(0.069s / 3.060s)
generated_audios/generated_H4_128C_pruned70_int8/260-123286-0021_generated.wav | RTF: 0.2601(0.663s / 2.550s) | Generator RTF: 0.2589(0.660s / 2.550s)
generated_audios/generated_H4_128C_pruned70_int8/260-123286-0022_generated.wav | RTF: 0.2673(0.865s / 3.235s) | Generator RTF: 0.2664(0.862s / 3.235s)
generated_audios/generated_H4_128C_pruned70_int8/260-123286-0023_generated.wav | RTF: 0.2739(1.609s / 5.875s) | Generator RTF: 0.2734(1.606s / 5.875s)
generated_audios/generated_H4_128C_pruned70_int8/260-123286-0024_generated.wav | RTF: 0.2667(0.811s / 3.040s) | Generator RTF: 0.2656(0.808s / 3.040s)
generated_audios/generated_H4_128C_pruned70_int8/260-123286-0025_generated.wav | RTF: 0.2596(2.390s / 9.205s) | Generator RTF: 0.2592(2.386s / 9.205s)
generated_audios/generated_H4_128C_pruned70_int8/260-123286-0026_generated.wav | RTF: 0.2605(1.808s / 6.940s) | Generator RTF: 0.2600(1.804s / 6.940s)
generated_audios/generated_H4_128C_pruned70_int8/260-123286-0027_generated.wav | RTF: 0.2798(2.007s / 7.170s) | Generator RTF: 0.2793(2.002s / 7.170s)
generated_audios/generated_H4_128C_pruned70_int8/260-123286-0028_generated.wav | RTF: 0.2654(1.981s / 7.465s) | Generator RTF: 0.2649(1.977s / 7.465s)
generated_audios/generated_H4_128C_pruned70_int8/260-123286-0029_generated.wav | RTF: 0.0202(0.092s / 4.545s) | Generator RTF: 0.0194(0.088s / 4.545s)
generated_audios/generated_H4_128C_pruned70_int8/260-123286-0030_generated.wav | RTF: 0.0208(0.156s / 7.530s) | Generator RTF: 0.0203(0.153s / 7.530s)
generated_audios/generated_H4_128C_pruned70_int8/260-123286-0031_generated.wav | RTF: 0.2599(1.315s / 5.060s) | Generator RTF: 0.2593(1.312s / 5.060s)
generated_audios/generated_H4_128C_pruned70_int8/260-123288-0000_generated.wav | RTF: 0.0173(0.053s / 3.040s) | Generator RTF: 0.0163(0.049s / 3.040s)
generated_audios/generated_H4_128C_pruned70_int8/260-123288-0001_generated.wav | RTF: 0.0196(0.100s / 5.080s) | Generator RTF: 0.0189(0.096s / 5.080s)
generated_audios/generated_H4_128C_pruned70_int8/260-123288-0002_generated.wav | RTF: 0.2632(1.908s / 7.250s) | Generator RTF: 0.2627(1.905s / 7.250s)
generated_audios/generated_H4_128C_pruned70_int8/260-123288-0003_generated.wav | RTF: 0.2767(2.464s / 8.905s) | Generator RTF: 0.2762(2.459s / 8.905s)
generated_audios/generated_H4_128C_pruned70_int8/260-123288-0004_generated.wav | RTF: 0.2736(1.179s / 4.310s) | Generator RTF: 0.2729(1.176s / 4.310s)
generated_audios/generated_H4_128C_pruned70_int8/260-123288-0005_generated.wav | RTF: 0.2849(3.576s / 12.550s) | Generator RTF: 0.2846(3.572s / 12.550s)
generated_audios/generated_H4_128C_pruned70_int8/260-123288-0006_generated.wav | RTF: 0.2626(1.281s / 4.880s) | Generator RTF: 0.2618(1.278s / 4.880s)
generated_audios/generated_H4_128C_pruned70_int8/260-123288-0007_generated.wav | RTF: 0.2838(3.179s / 11.200s) | Generator RTF: 0.2834(3.175s / 11.200s)
generated_audios/generated_H4_128C_pruned70_int8/260-123288-0008_generated.wav | RTF: 0.2767(1.526s / 5.515s) | Generator RTF: 0.2761(1.523s / 5.515s)
generated_audios/generated_H4_128C_pruned70_int8/260-123288-0009_generated.wav | RTF: 0.2751(0.945s / 3.435s) | Generator RTF: 0.2741(0.942s / 3.435s)
generated_audios/generated_H4_128C_pruned70_int8/260-123288-0010_generated.wav | RTF: 0.0188(0.188s / 9.995s) | Generator RTF: 0.0184(0.184s / 9.995s)
generated_audios/generated_H4_128C_pruned70_int8/260-123288-0011_generated.wav | RTF: 0.2862(2.570s / 8.980s) | Generator RTF: 0.2857(2.566s / 8.980s)
generated_audios/generated_H4_128C_pruned70_int8/260-123288-0012_generated.wav | RTF: 0.2734(0.969s / 3.545s) | Generator RTF: 0.2726(0.966s / 3.545s)
generated_audios/generated_H4_128C_pruned70_int8/260-123288-0013_generated.wav | RTF: 0.3019(3.438s / 11.385s) | Generator RTF: 0.3016(3.434s / 11.385s)
generated_audios/generated_H4_128C_pruned70_int8/260-123288-0014_generated.wav | RTF: 0.0275(0.050s / 1.805s) | Generator RTF: 0.0258(0.047s / 1.805s)
generated_audios/generated_H4_128C_pruned70_int8/260-123288-0015_generated.wav | RTF: 0.2834(6.004s / 21.185s) | Generator RTF: 0.2832(5.999s / 21.185s)
generated_audios/generated_H4_128C_pruned70_int8/260-123288-0016_generated.wav | RTF: 0.2844(1.384s / 4.865s) | Generator RTF: 0.2837(1.380s / 4.865s)
generated_audios/generated_H4_128C_pruned70_int8/260-123288-0017_generated.wav | RTF: 0.2662(1.391s / 5.225s) | Generator RTF: 0.2655(1.387s / 5.225s)
generated_audios/generated_H4_128C_pruned70_int8/260-123288-0018_generated.wav | RTF: 0.2785(0.904s / 3.245s) | Generator RTF: 0.2775(0.900s / 3.245s)
generated_audios/generated_H4_128C_pruned70_int8/260-123288-0019_generated.wav | RTF: 0.0229(0.068s / 2.955s) | Generator RTF: 0.0217(0.064s / 2.955s)
generated_audios/generated_H4_128C_pruned70_int8/260-123288-0020_generated.wav | RTF: 0.2785(0.808s / 2.900s) | Generator RTF: 0.2773(0.804s / 2.900s)
generated_audios/generated_H4_128C_pruned70_int8/260-123288-0021_generated.wav | RTF: 0.0231(0.063s / 2.710s) | Generator RTF: 0.0219(0.059s / 2.710s)
generated_audios/generated_H4_128C_pruned70_int8/260-123288-0022_generated.wav | RTF: 0.2781(1.030s / 3.705s) | Generator RTF: 0.2772(1.027s / 3.705s)
generated_audios/generated_H4_128C_pruned70_int8/260-123288-0023_generated.wav | RTF: 0.0247(0.059s / 2.385s) | Generator RTF: 0.0234(0.056s / 2.385s)
generated_audios/generated_H4_128C_pruned70_int8/260-123288-0024_generated.wav | RTF: 0.2881(4.205s / 14.595s) | Generator RTF: 0.2878(4.200s / 14.595s)
generated_audios/generated_H4_128C_pruned70_int8/260-123288-0025_generated.wav | RTF: 0.2909(3.912s / 13.445s) | Generator RTF: 0.2906(3.907s / 13.445s)
generated_audios/generated_H4_128C_pruned70_int8/260-123288-0026_generated.wav | RTF: 0.3091(4.958s / 16.040s) | Generator RTF: 0.3088(4.953s / 16.040s)
generated_audios/generated_H4_128C_pruned70_int8/260-123288-0027_generated.wav | RTF: 0.2683(1.691s / 6.305s) | Generator RTF: 0.2677(1.688s / 6.305s)
generated_audios/generated_H4_128C_pruned70_int8/260-123288-0028_generated.wav | RTF: 0.2765(0.722s / 2.610s) | Generator RTF: 0.2753(0.719s / 2.610s)
generated_audios/generated_H4_128C_pruned70_int8/260-123440-0000_generated.wav | RTF: 0.2628(0.569s / 2.165s) | Generator RTF: 0.2613(0.566s / 2.165s)
generated_audios/generated_H4_128C_pruned70_int8/260-123440-0001_generated.wav | RTF: 0.2622(0.456s / 1.740s) | Generator RTF: 0.2604(0.453s / 1.740s)
generated_audios/generated_H4_128C_pruned70_int8/260-123440-0002_generated.wav | RTF: 0.3052(4.490s / 14.715s) | Generator RTF: 0.3047(4.484s / 14.715s)
generated_audios/generated_H4_128C_pruned70_int8/260-123440-0003_generated.wav | RTF: 0.2827(1.014s / 3.585s) | Generator RTF: 0.2820(1.011s / 3.585s)
generated_audios/generated_H4_128C_pruned70_int8/260-123440-0004_generated.wav | RTF: 0.2900(3.486s / 12.020s) | Generator RTF: 0.2897(3.482s / 12.020s)
generated_audios/generated_H4_128C_pruned70_int8/260-123440-0005_generated.wav | RTF: 0.0235(0.073s / 3.105s) | Generator RTF: 0.0223(0.069s / 3.105s)
generated_audios/generated_H4_128C_pruned70_int8/260-123440-0006_generated.wav | RTF: 0.0184(0.050s / 2.715s) | Generator RTF: 0.0172(0.047s / 2.715s)
generated_audios/generated_H4_128C_pruned70_int8/260-123440-0007_generated.wav | RTF: 0.2807(0.950s / 3.385s) | Generator RTF: 0.2801(0.948s / 3.385s)
generated_audios/generated_H4_128C_pruned70_int8/260-123440-0008_generated.wav | RTF: 0.2859(1.071s / 3.745s) | Generator RTF: 0.2848(1.067s / 3.745s)
generated_audios/generated_H4_128C_pruned70_int8/260-123440-0009_generated.wav | RTF: 0.2849(0.887s / 3.115s) | Generator RTF: 0.2838(0.884s / 3.115s)
generated_audios/generated_H4_128C_pruned70_int8/260-123440-0010_generated.wav | RTF: 0.2895(2.407s / 8.315s) | Generator RTF: 0.2891(2.404s / 8.315s)
generated_audios/generated_H4_128C_pruned70_int8/260-123440-0011_generated.wav | RTF: 0.0205(0.100s / 4.870s) | Generator RTF: 0.0198(0.096s / 4.870s)
generated_audios/generated_H4_128C_pruned70_int8/260-123440-0012_generated.wav | RTF: 0.2831(1.485s / 5.245s) | Generator RTF: 0.2825(1.481s / 5.245s)
generated_audios/generated_H4_128C_pruned70_int8/260-123440-0013_generated.wav | RTF: 0.2805(0.975s / 3.475s) | Generator RTF: 0.2796(0.971s / 3.475s)
generated_audios/generated_H4_128C_pruned70_int8/260-123440-0014_generated.wav | RTF: 0.2845(1.085s / 3.815s) | Generator RTF: 0.2836(1.082s / 3.815s)
generated_audios/generated_H4_128C_pruned70_int8/260-123440-0015_generated.wav | RTF: 0.0240(0.149s / 6.200s) | Generator RTF: 0.0234(0.145s / 6.200s)
generated_audios/generated_H4_128C_pruned70_int8/260-123440-0016_generated.wav | RTF: 0.2907(1.423s / 4.895s) | Generator RTF: 0.2899(1.419s / 4.895s)
generated_audios/generated_H4_128C_pruned70_int8/260-123440-0017_generated.wav | RTF: 0.0249(0.077s / 3.070s) | Generator RTF: 0.0239(0.073s / 3.070s)
generated_audios/generated_H4_128C_pruned70_int8/260-123440-0018_generated.wav | RTF: 0.2898(1.055s / 3.640s) | Generator RTF: 0.2889(1.052s / 3.640s)
generated_audios/generated_H4_128C_pruned70_int8/260-123440-0019_generated.wav | RTF: 0.2913(1.931s / 6.630s) | Generator RTF: 0.2907(1.928s / 6.630s)
generated_audios/generated_H4_128C_pruned70_int8/260-123440-0020_generated.wav | RTF: 0.2887(1.442s / 4.995s) | Generator RTF: 0.2880(1.439s / 4.995s)
generated_audios/generated_H4_128C_pruned70_int8/61-70968-0000_generated.wav | RTF: 0.2881(1.413s / 4.905s) | Generator RTF: 0.2873(1.409s / 4.905s)
generated_audios/generated_H4_128C_pruned70_int8/61-70968-0001_generated.wav | RTF: 0.2862(1.033s / 3.610s) | Generator RTF: 0.2852(1.030s / 3.610s)
generated_audios/generated_H4_128C_pruned70_int8/61-70968-0002_generated.wav | RTF: 0.2829(0.840s / 2.970s) | Generator RTF: 0.2819(0.837s / 2.970s)
generated_audios/generated_H4_128C_pruned70_int8/61-70968-0003_generated.wav | RTF: 0.0220(0.095s / 4.315s) | Generator RTF: 0.0211(0.091s / 4.315s)
generated_audios/generated_H4_128C_pruned70_int8/61-70968-0004_generated.wav | RTF: 0.2838(1.102s / 3.885s) | Generator RTF: 0.2829(1.099s / 3.885s)
generated_audios/generated_H4_128C_pruned70_int8/61-70968-0005_generated.wav | RTF: 0.0204(0.103s / 5.070s) | Generator RTF: 0.0197(0.100s / 5.070s)
generated_audios/generated_H4_128C_pruned70_int8/61-70968-0006_generated.wav | RTF: 0.2670(0.784s / 2.935s) | Generator RTF: 0.2659(0.780s / 2.935s)
generated_audios/generated_H4_128C_pruned70_int8/61-70968-0007_generated.wav | RTF: 0.0231(0.082s / 3.550s) | Generator RTF: 0.0222(0.079s / 3.550s)
generated_audios/generated_H4_128C_pruned70_int8/61-70968-0008_generated.wav | RTF: 0.0220(0.078s / 3.535s) | Generator RTF: 0.0212(0.075s / 3.535s)
generated_audios/generated_H4_128C_pruned70_int8/61-70968-0009_generated.wav | RTF: 0.2872(1.295s / 4.510s) | Generator RTF: 0.2864(1.292s / 4.510s)
generated_audios/generated_H4_128C_pruned70_int8/61-70968-0010_generated.wav | RTF: 0.2744(2.276s / 8.295s) | Generator RTF: 0.2739(2.272s / 8.295s)
generated_audios/generated_H4_128C_pruned70_int8/61-70968-0011_generated.wav | RTF: 0.2735(1.744s / 6.375s) | Generator RTF: 0.2730(1.740s / 6.375s)
generated_audios/generated_H4_128C_pruned70_int8/61-70968-0012_generated.wav | RTF: 0.0241(0.063s / 2.610s) | Generator RTF: 0.0228(0.059s / 2.610s)
generated_audios/generated_H4_128C_pruned70_int8/61-70968-0013_generated.wav | RTF: 0.0209(0.093s / 4.450s) | Generator RTF: 0.0202(0.090s / 4.450s)
generated_audios/generated_H4_128C_pruned70_int8/61-70968-0014_generated.wav | RTF: 0.2879(2.155s / 7.485s) | Generator RTF: 0.2874(2.151s / 7.485s)
generated_audios/generated_H4_128C_pruned70_int8/61-70968-0015_generated.wav | RTF: 0.2729(1.467s / 5.375s) | Generator RTF: 0.2722(1.463s / 5.375s)
generated_audios/generated_H4_128C_pruned70_int8/61-70968-0016_generated.wav | RTF: 0.2888(1.074s / 3.720s) | Generator RTF: 0.2879(1.071s / 3.720s)
generated_audios/generated_H4_128C_pruned70_int8/61-70968-0017_generated.wav | RTF: 0.2911(1.488s / 5.110s) | Generator RTF: 0.2905(1.484s / 5.110s)
generated_audios/generated_H4_128C_pruned70_int8/61-70968-0018_generated.wav | RTF: 0.2814(0.677s / 2.405s) | Generator RTF: 0.2801(0.674s / 2.405s)
generated_audios/generated_H4_128C_pruned70_int8/61-70968-0019_generated.wav | RTF: 0.2763(1.513s / 5.475s) | Generator RTF: 0.2757(1.509s / 5.475s)
generated_audios/generated_H4_128C_pruned70_int8/61-70968-0020_generated.wav | RTF: 0.2951(1.506s / 5.105s) | Generator RTF: 0.2944(1.503s / 5.105s)
generated_audios/generated_H4_128C_pruned70_int8/61-70968-0021_generated.wav | RTF: 0.2681(0.721s / 2.690s) | Generator RTF: 0.2670(0.718s / 2.690s)
generated_audios/generated_H4_128C_pruned70_int8/61-70968-0022_generated.wav | RTF: 0.0247(0.115s / 4.670s) | Generator RTF: 0.0239(0.112s / 4.670s)
generated_audios/generated_H4_128C_pruned70_int8/61-70968-0023_generated.wav | RTF: 0.0218(0.110s / 5.025s) | Generator RTF: 0.0211(0.106s / 5.025s)
generated_audios/generated_H4_128C_pruned70_int8/61-70968-0024_generated.wav | RTF: 0.2926(1.763s / 6.025s) | Generator RTF: 0.2920(1.759s / 6.025s)
generated_audios/generated_H4_128C_pruned70_int8/61-70968-0025_generated.wav | RTF: 0.0208(0.092s / 4.410s) | Generator RTF: 0.0200(0.088s / 4.410s)
generated_audios/generated_H4_128C_pruned70_int8/61-70968-0026_generated.wav | RTF: 0.2739(1.348s / 4.920s) | Generator RTF: 0.2732(1.344s / 4.920s)
generated_audios/generated_H4_128C_pruned70_int8/61-70968-0027_generated.wav | RTF: 0.2771(1.904s / 6.870s) | Generator RTF: 0.2765(1.900s / 6.870s)
generated_audios/generated_H4_128C_pruned70_int8/61-70968-0028_generated.wav | RTF: 0.2973(1.592s / 5.355s) | Generator RTF: 0.2966(1.588s / 5.355s)
generated_audios/generated_H4_128C_pruned70_int8/61-70968-0029_generated.wav | RTF: 0.2888(1.009s / 3.495s) | Generator RTF: 0.2878(1.006s / 3.495s)
generated_audios/generated_H4_128C_pruned70_int8/61-70968-0030_generated.wav | RTF: 0.2806(1.595s / 5.685s) | Generator RTF: 0.2800(1.592s / 5.685s)
generated_audios/generated_H4_128C_pruned70_int8/61-70968-0031_generated.wav | RTF: 0.2899(0.848s / 2.925s) | Generator RTF: 0.2887(0.844s / 2.925s)
generated_audios/generated_H4_128C_pruned70_int8/61-70968-0032_generated.wav | RTF: 0.0212(0.091s / 4.280s) | Generator RTF: 0.0204(0.087s / 4.280s)
generated_audios/generated_H4_128C_pruned70_int8/61-70968-0033_generated.wav | RTF: 0.0168(0.095s / 5.685s) | Generator RTF: 0.0161(0.092s / 5.685s)
generated_audios/generated_H4_128C_pruned70_int8/61-70968-0034_generated.wav | RTF: 0.2918(1.234s / 4.230s) | Generator RTF: 0.2910(1.231s / 4.230s)
generated_audios/generated_H4_128C_pruned70_int8/61-70968-0035_generated.wav | RTF: 0.2787(2.216s / 7.950s) | Generator RTF: 0.2782(2.212s / 7.950s)
generated_audios/generated_H4_128C_pruned70_int8/61-70968-0036_generated.wav | RTF: 0.0239(0.070s / 2.935s) | Generator RTF: 0.0228(0.067s / 2.935s)
generated_audios/generated_H4_128C_pruned70_int8/61-70968-0037_generated.wav | RTF: 0.0209(0.090s / 4.315s) | Generator RTF: 0.0201(0.087s / 4.315s)
generated_audios/generated_H4_128C_pruned70_int8/61-70968-0038_generated.wav | RTF: 0.2773(0.569s / 2.050s) | Generator RTF: 0.2758(0.565s / 2.050s)
generated_audios/generated_H4_128C_pruned70_int8/61-70968-0039_generated.wav | RTF: 0.2785(1.060s / 3.805s) | Generator RTF: 0.2776(1.056s / 3.805s)
generated_audios/generated_H4_128C_pruned70_int8/61-70968-0040_generated.wav | RTF: 0.2917(1.152s / 3.950s) | Generator RTF: 0.2908(1.149s / 3.950s)
generated_audios/generated_H4_128C_pruned70_int8/61-70968-0041_generated.wav | RTF: 0.0202(0.138s / 6.825s) | Generator RTF: 0.0197(0.134s / 6.825s)
generated_audios/generated_H4_128C_pruned70_int8/61-70968-0042_generated.wav | RTF: 0.0236(0.066s / 2.785s) | Generator RTF: 0.0223(0.062s / 2.785s)
generated_audios/generated_H4_128C_pruned70_int8/61-70968-0043_generated.wav | RTF: 0.2941(1.981s / 6.735s) | Generator RTF: 0.2935(1.977s / 6.735s)
generated_audios/generated_H4_128C_pruned70_int8/61-70968-0044_generated.wav | RTF: 0.0266(0.074s / 2.770s) | Generator RTF: 0.0254(0.070s / 2.770s)
generated_audios/generated_H4_128C_pruned70_int8/61-70968-0045_generated.wav | RTF: 0.0221(0.077s / 3.475s) | Generator RTF: 0.0211(0.073s / 3.475s)
generated_audios/generated_H4_128C_pruned70_int8/61-70968-0046_generated.wav | RTF: 0.0228(0.081s / 3.550s) | Generator RTF: 0.0219(0.078s / 3.550s)
generated_audios/generated_H4_128C_pruned70_int8/61-70968-0047_generated.wav | RTF: 0.2762(1.319s / 4.775s) | Generator RTF: 0.2754(1.315s / 4.775s)
generated_audios/generated_H4_128C_pruned70_int8/61-70968-0048_generated.wav | RTF: 0.2896(0.875s / 3.020s) | Generator RTF: 0.2886(0.871s / 3.020s)
generated_audios/generated_H4_128C_pruned70_int8/61-70968-0049_generated.wav | RTF: 0.2938(2.423s / 8.250s) | Generator RTF: 0.2933(2.419s / 8.250s)
generated_audios/generated_H4_128C_pruned70_int8/61-70968-0050_generated.wav | RTF: 0.2804(1.564s / 5.580s) | Generator RTF: 0.2797(1.561s / 5.580s)
generated_audios/generated_H4_128C_pruned70_int8/61-70968-0051_generated.wav | RTF: 0.2774(0.870s / 3.135s) | Generator RTF: 0.2764(0.867s / 3.135s)
generated_audios/generated_H4_128C_pruned70_int8/61-70968-0052_generated.wav | RTF: 0.2719(0.720s / 2.650s) | Generator RTF: 0.2706(0.717s / 2.650s)
generated_audios/generated_H4_128C_pruned70_int8/61-70968-0053_generated.wav | RTF: 0.0249(0.105s / 4.220s) | Generator RTF: 0.0244(0.103s / 4.220s)
generated_audios/generated_H4_128C_pruned70_int8/61-70968-0054_generated.wav | RTF: 0.2997(2.356s / 7.860s) | Generator RTF: 0.2992(2.352s / 7.860s)
generated_audios/generated_H4_128C_pruned70_int8/61-70968-0055_generated.wav | RTF: 0.0216(0.086s / 3.965s) | Generator RTF: 0.0207(0.082s / 3.965s)
generated_audios/generated_H4_128C_pruned70_int8/61-70968-0056_generated.wav | RTF: 0.2904(1.035s / 3.565s) | Generator RTF: 0.2894(1.032s / 3.565s)
generated_audios/generated_H4_128C_pruned70_int8/61-70968-0057_generated.wav | RTF: 0.0204(0.103s / 5.065s) | Generator RTF: 0.0196(0.099s / 5.065s)
generated_audios/generated_H4_128C_pruned70_int8/61-70968-0058_generated.wav | RTF: 0.2490(0.453s / 1.820s) | Generator RTF: 0.2473(0.450s / 1.820s)
generated_audios/generated_H4_128C_pruned70_int8/61-70968-0059_generated.wav | RTF: 0.0264(0.057s / 2.170s) | Generator RTF: 0.0249(0.054s / 2.170s)
generated_audios/generated_H4_128C_pruned70_int8/61-70968-0060_generated.wav | RTF: 0.0252(0.094s / 3.735s) | Generator RTF: 0.0243(0.091s / 3.735s)
generated_audios/generated_H4_128C_pruned70_int8/61-70968-0061_generated.wav | RTF: 0.2883(1.594s / 5.530s) | Generator RTF: 0.2877(1.591s / 5.530s)
generated_audios/generated_H4_128C_pruned70_int8/61-70968-0062_generated.wav | RTF: 0.0249(0.064s / 2.555s) | Generator RTF: 0.0235(0.060s / 2.555s)
generated_audios/generated_H4_128C_pruned70_int8/61-70970-0000_generated.wav | RTF: 0.2906(1.765s / 6.075s) | Generator RTF: 0.2900(1.762s / 6.075s)
generated_audios/generated_H4_128C_pruned70_int8/61-70970-0001_generated.wav | RTF: 0.2908(1.790s / 6.155s) | Generator RTF: 0.2902(1.786s / 6.155s)
generated_audios/generated_H4_128C_pruned70_int8/61-70970-0002_generated.wav | RTF: 0.2936(1.223s / 4.165s) | Generator RTF: 0.2927(1.219s / 4.165s)
generated_audios/generated_H4_128C_pruned70_int8/61-70970-0003_generated.wav | RTF: 0.2845(1.091s / 3.835s) | Generator RTF: 0.2836(1.088s / 3.835s)
generated_audios/generated_H4_128C_pruned70_int8/61-70970-0004_generated.wav | RTF: 0.2917(3.067s / 10.515s) | Generator RTF: 0.2913(3.063s / 10.515s)
generated_audios/generated_H4_128C_pruned70_int8/61-70970-0005_generated.wav | RTF: 0.2841(0.574s / 2.020s) | Generator RTF: 0.2825(0.571s / 2.020s)
generated_audios/generated_H4_128C_pruned70_int8/61-70970-0006_generated.wav | RTF: 0.2941(0.687s / 2.335s) | Generator RTF: 0.2927(0.683s / 2.335s)
generated_audios/generated_H4_128C_pruned70_int8/61-70970-0007_generated.wav | RTF: 0.3051(1.368s / 4.485s) | Generator RTF: 0.3043(1.365s / 4.485s)
generated_audios/generated_H4_128C_pruned70_int8/61-70970-0008_generated.wav | RTF: 0.3033(0.652s / 2.150s) | Generator RTF: 0.3018(0.649s / 2.150s)
generated_audios/generated_H4_128C_pruned70_int8/61-70970-0009_generated.wav | RTF: 0.3131(1.066s / 3.405s) | Generator RTF: 0.3121(1.063s / 3.405s)
generated_audios/generated_H4_128C_pruned70_int8/61-70970-0010_generated.wav | RTF: 0.0233(0.071s / 3.045s) | Generator RTF: 0.0222(0.068s / 3.045s)
generated_audios/generated_H4_128C_pruned70_int8/61-70970-0011_generated.wav | RTF: 0.0154(0.093s / 6.075s) | Generator RTF: 0.0148(0.090s / 6.075s)
generated_audios/generated_H4_128C_pruned70_int8/61-70970-0012_generated.wav | RTF: 0.0237(0.074s / 3.135s) | Generator RTF: 0.0226(0.071s / 3.135s)
generated_audios/generated_H4_128C_pruned70_int8/61-70970-0013_generated.wav | RTF: 0.3003(1.307s / 4.350s) | Generator RTF: 0.2995(1.303s / 4.350s)
generated_audios/generated_H4_128C_pruned70_int8/61-70970-0014_generated.wav | RTF: 0.0175(0.059s / 3.405s) | Generator RTF: 0.0165(0.056s / 3.405s)
generated_audios/generated_H4_128C_pruned70_int8/61-70970-0015_generated.wav | RTF: 0.3022(2.543s / 8.415s) | Generator RTF: 0.3018(2.539s / 8.415s)
generated_audios/generated_H4_128C_pruned70_int8/61-70970-0016_generated.wav | RTF: 0.3018(1.319s / 4.370s) | Generator RTF: 0.3010(1.315s / 4.370s)
generated_audios/generated_H4_128C_pruned70_int8/61-70970-0017_generated.wav | RTF: 0.0244(0.062s / 2.550s) | Generator RTF: 0.0231(0.059s / 2.550s)
generated_audios/generated_H4_128C_pruned70_int8/61-70970-0018_generated.wav | RTF: 0.2819(1.297s / 4.600s) | Generator RTF: 0.2811(1.293s / 4.600s)
generated_audios/generated_H4_128C_pruned70_int8/61-70970-0019_generated.wav | RTF: 0.2941(1.112s / 3.780s) | Generator RTF: 0.2932(1.108s / 3.780s)
generated_audios/generated_H4_128C_pruned70_int8/61-70970-0020_generated.wav | RTF: 0.0217(0.109s / 5.025s) | Generator RTF: 0.0210(0.105s / 5.025s)
generated_audios/generated_H4_128C_pruned70_int8/61-70970-0021_generated.wav | RTF: 0.2784(1.505s / 5.405s) | Generator RTF: 0.2777(1.501s / 5.405s)
generated_audios/generated_H4_128C_pruned70_int8/61-70970-0022_generated.wav | RTF: 0.0213(0.084s / 3.970s) | Generator RTF: 0.0204(0.081s / 3.970s)
generated_audios/generated_H4_128C_pruned70_int8/61-70970-0023_generated.wav | RTF: 0.0222(0.082s / 3.705s) | Generator RTF: 0.0213(0.079s / 3.705s)
generated_audios/generated_H4_128C_pruned70_int8/61-70970-0024_generated.wav | RTF: 0.2906(2.103s / 7.235s) | Generator RTF: 0.2901(2.099s / 7.235s)
generated_audios/generated_H4_128C_pruned70_int8/61-70970-0025_generated.wav | RTF: 0.2933(2.180s / 7.435s) | Generator RTF: 0.2927(2.176s / 7.435s)
generated_audios/generated_H4_128C_pruned70_int8/61-70970-0026_generated.wav | RTF: 0.0232(0.127s / 5.475s) | Generator RTF: 0.0224(0.123s / 5.475s)
generated_audios/generated_H4_128C_pruned70_int8/61-70970-0027_generated.wav | RTF: 0.0201(0.102s / 5.080s) | Generator RTF: 0.0194(0.099s / 5.080s)
generated_audios/generated_H4_128C_pruned70_int8/61-70970-0028_generated.wav | RTF: 0.0214(0.140s / 6.550s) | Generator RTF: 0.0208(0.136s / 6.550s)
generated_audios/generated_H4_128C_pruned70_int8/61-70970-0029_generated.wav | RTF: 0.0212(0.085s / 4.030s) | Generator RTF: 0.0203(0.082s / 4.030s)
generated_audios/generated_H4_128C_pruned70_int8/61-70970-0030_generated.wav | RTF: 0.0222(0.072s / 3.240s) | Generator RTF: 0.0212(0.069s / 3.240s)
generated_audios/generated_H4_128C_pruned70_int8/61-70970-0031_generated.wav | RTF: 0.2891(1.484s / 5.135s) | Generator RTF: 0.2884(1.481s / 5.135s)
generated_audios/generated_H4_128C_pruned70_int8/61-70970-0032_generated.wav | RTF: 0.0234(0.073s / 3.135s) | Generator RTF: 0.0223(0.070s / 3.135s)
generated_audios/generated_H4_128C_pruned70_int8/61-70970-0033_generated.wav | RTF: 0.2714(0.928s / 3.420s) | Generator RTF: 0.2704(0.925s / 3.420s)
generated_audios/generated_H4_128C_pruned70_int8/61-70970-0034_generated.wav | RTF: 0.0202(0.091s / 4.485s) | Generator RTF: 0.0194(0.087s / 4.485s)
generated_audios/generated_H4_128C_pruned70_int8/61-70970-0035_generated.wav | RTF: 0.0196(0.145s / 7.405s) | Generator RTF: 0.0191(0.141s / 7.405s)
generated_audios/generated_H4_128C_pruned70_int8/61-70970-0036_generated.wav | RTF: 0.0196(0.133s / 6.785s) | Generator RTF: 0.0190(0.129s / 6.785s)
generated_audios/generated_H4_128C_pruned70_int8/61-70970-0037_generated.wav | RTF: 0.2909(1.740s / 5.980s) | Generator RTF: 0.2903(1.736s / 5.980s)
generated_audios/generated_H4_128C_pruned70_int8/61-70970-0038_generated.wav | RTF: 0.2939(3.057s / 10.400s) | Generator RTF: 0.2935(3.052s / 10.400s)
generated_audios/generated_H4_128C_pruned70_int8/61-70970-0039_generated.wav | RTF: 0.0197(0.132s / 6.665s) | Generator RTF: 0.0192(0.128s / 6.665s)
generated_audios/generated_H4_128C_pruned70_int8/61-70970-0040_generated.wav | RTF: 0.0228(0.095s / 4.165s) | Generator RTF: 0.0220(0.092s / 4.165s)
generated_audios/generated_H4_128C_pruned70_int8/672-122797-0000_generated.wav | RTF: 0.2968(1.208s / 4.070s) | Generator RTF: 0.2959(1.204s / 4.070s)
generated_audios/generated_H4_128C_pruned70_int8/672-122797-0001_generated.wav | RTF: 0.3063(4.634s / 15.130s) | Generator RTF: 0.3060(4.630s / 15.130s)
generated_audios/generated_H4_128C_pruned70_int8/672-122797-0002_generated.wav | RTF: 0.2809(3.826s / 13.620s) | Generator RTF: 0.2806(3.822s / 13.620s)
generated_audios/generated_H4_128C_pruned70_int8/672-122797-0003_generated.wav | RTF: 0.2919(1.390s / 4.760s) | Generator RTF: 0.2911(1.386s / 4.760s)
generated_audios/generated_H4_128C_pruned70_int8/672-122797-0004_generated.wav | RTF: 0.2843(2.914s / 10.250s) | Generator RTF: 0.2839(2.910s / 10.250s)
generated_audios/generated_H4_128C_pruned70_int8/672-122797-0005_generated.wav | RTF: 0.2888(0.942s / 3.260s) | Generator RTF: 0.2878(0.938s / 3.260s)
generated_audios/generated_H4_128C_pruned70_int8/672-122797-0006_generated.wav | RTF: 0.3078(4.293s / 13.950s) | Generator RTF: 0.3075(4.289s / 13.950s)
generated_audios/generated_H4_128C_pruned70_int8/672-122797-0007_generated.wav | RTF: 0.2878(1.847s / 6.420s) | Generator RTF: 0.2872(1.844s / 6.420s)
generated_audios/generated_H4_128C_pruned70_int8/672-122797-0008_generated.wav | RTF: 0.3013(9.282s / 30.810s) | Generator RTF: 0.3010(9.275s / 30.810s)
generated_audios/generated_H4_128C_pruned70_int8/672-122797-0009_generated.wav | RTF: 0.0247(0.068s / 2.765s) | Generator RTF: 0.0235(0.065s / 2.765s)
generated_audios/generated_H4_128C_pruned70_int8/672-122797-0010_generated.wav | RTF: 0.0221(0.084s / 3.815s) | Generator RTF: 0.0211(0.081s / 3.815s)
generated_audios/generated_H4_128C_pruned70_int8/672-122797-0011_generated.wav | RTF: 0.2997(0.761s / 2.540s) | Generator RTF: 0.2984(0.758s / 2.540s)
generated_audios/generated_H4_128C_pruned70_int8/672-122797-0012_generated.wav | RTF: 0.3029(2.352s / 7.765s) | Generator RTF: 0.3024(2.348s / 7.765s)
generated_audios/generated_H4_128C_pruned70_int8/672-122797-0013_generated.wav | RTF: 0.3049(2.654s / 8.705s) | Generator RTF: 0.3044(2.650s / 8.705s)
generated_audios/generated_H4_128C_pruned70_int8/672-122797-0014_generated.wav | RTF: 0.0279(0.071s / 2.555s) | Generator RTF: 0.0267(0.068s / 2.555s)
generated_audios/generated_H4_128C_pruned70_int8/672-122797-0015_generated.wav | RTF: 0.0214(0.095s / 4.455s) | Generator RTF: 0.0205(0.091s / 4.455s)
generated_audios/generated_H4_128C_pruned70_int8/672-122797-0016_generated.wav | RTF: 0.2949(2.718s / 9.215s) | Generator RTF: 0.2945(2.714s / 9.215s)
generated_audios/generated_H4_128C_pruned70_int8/672-122797-0017_generated.wav | RTF: 0.2927(1.411s / 4.820s) | Generator RTF: 0.2921(1.408s / 4.820s)
generated_audios/generated_H4_128C_pruned70_int8/672-122797-0018_generated.wav | RTF: 0.2990(1.474s / 4.930s) | Generator RTF: 0.2982(1.470s / 4.930s)
generated_audios/generated_H4_128C_pruned70_int8/672-122797-0019_generated.wav | RTF: 0.2827(1.162s / 4.110s) | Generator RTF: 0.2818(1.158s / 4.110s)
generated_audios/generated_H4_128C_pruned70_int8/672-122797-0020_generated.wav | RTF: 0.2978(2.628s / 8.825s) | Generator RTF: 0.2973(2.624s / 8.825s)
generated_audios/generated_H4_128C_pruned70_int8/672-122797-0021_generated.wav | RTF: 0.0220(0.091s / 4.150s) | Generator RTF: 0.0211(0.088s / 4.150s)
generated_audios/generated_H4_128C_pruned70_int8/672-122797-0022_generated.wav | RTF: 0.2995(5.692s / 19.005s) | Generator RTF: 0.2992(5.687s / 19.005s)
generated_audios/generated_H4_128C_pruned70_int8/672-122797-0023_generated.wav | RTF: 0.2913(2.824s / 9.695s) | Generator RTF: 0.2909(2.820s / 9.695s)
generated_audios/generated_H4_128C_pruned70_int8/672-122797-0024_generated.wav | RTF: 0.2876(1.188s / 4.130s) | Generator RTF: 0.2867(1.184s / 4.130s)
generated_audios/generated_H4_128C_pruned70_int8/672-122797-0025_generated.wav | RTF: 0.2967(3.172s / 10.690s) | Generator RTF: 0.2963(3.168s / 10.690s)
generated_audios/generated_H4_128C_pruned70_int8/672-122797-0026_generated.wav | RTF: 0.3003(4.192s / 13.960s) | Generator RTF: 0.2999(4.187s / 13.960s)
generated_audios/generated_H4_128C_pruned70_int8/672-122797-0027_generated.wav | RTF: 0.0204(0.098s / 4.790s) | Generator RTF: 0.0196(0.094s / 4.790s)
generated_audios/generated_H4_128C_pruned70_int8/672-122797-0028_generated.wav | RTF: 0.0252(0.066s / 2.610s) | Generator RTF: 0.0240(0.063s / 2.610s)
generated_audios/generated_H4_128C_pruned70_int8/672-122797-0029_generated.wav | RTF: 0.0234(0.071s / 3.050s) | Generator RTF: 0.0223(0.068s / 3.050s)
generated_audios/generated_H4_128C_pruned70_int8/672-122797-0030_generated.wav | RTF: 0.2914(1.333s / 4.575s) | Generator RTF: 0.2906(1.330s / 4.575s)
generated_audios/generated_H4_128C_pruned70_int8/672-122797-0031_generated.wav | RTF: 0.0232(0.092s / 3.980s) | Generator RTF: 0.0223(0.089s / 3.980s)
generated_audios/generated_H4_128C_pruned70_int8/672-122797-0032_generated.wav | RTF: 0.0211(0.084s / 4.000s) | Generator RTF: 0.0203(0.081s / 4.000s)
generated_audios/generated_H4_128C_pruned70_int8/672-122797-0033_generated.wav | RTF: 0.2580(0.331s / 1.285s) | Generator RTF: 0.2556(0.328s / 1.285s)
generated_audios/generated_H4_128C_pruned70_int8/672-122797-0034_generated.wav | RTF: 0.0204(0.104s / 5.110s) | Generator RTF: 0.0198(0.101s / 5.110s)
generated_audios/generated_H4_128C_pruned70_int8/672-122797-0035_generated.wav | RTF: 0.0230(0.067s / 2.900s) | Generator RTF: 0.0219(0.064s / 2.900s)
generated_audios/generated_H4_128C_pruned70_int8/672-122797-0036_generated.wav | RTF: 0.0214(0.115s / 5.365s) | Generator RTF: 0.0207(0.111s / 5.365s)
generated_audios/generated_H4_128C_pruned70_int8/672-122797-0037_generated.wav | RTF: 0.2746(0.538s / 1.960s) | Generator RTF: 0.2730(0.535s / 1.960s)
generated_audios/generated_H4_128C_pruned70_int8/672-122797-0038_generated.wav | RTF: 0.3014(2.653s / 8.800s) | Generator RTF: 0.3010(2.648s / 8.800s)
generated_audios/generated_H4_128C_pruned70_int8/672-122797-0039_generated.wav | RTF: 0.2941(1.184s / 4.025s) | Generator RTF: 0.2933(1.180s / 4.025s)
generated_audios/generated_H4_128C_pruned70_int8/672-122797-0040_generated.wav | RTF: 0.0213(0.109s / 5.125s) | Generator RTF: 0.0206(0.106s / 5.125s)
generated_audios/generated_H4_128C_pruned70_int8/672-122797-0041_generated.wav | RTF: 0.0217(0.084s / 3.880s) | Generator RTF: 0.0208(0.081s / 3.880s)
generated_audios/generated_H4_128C_pruned70_int8/672-122797-0042_generated.wav | RTF: 0.2992(4.580s / 15.310s) | Generator RTF: 0.2989(4.575s / 15.310s)
generated_audios/generated_H4_128C_pruned70_int8/672-122797-0043_generated.wav | RTF: 0.0218(0.083s / 3.780s) | Generator RTF: 0.0210(0.079s / 3.780s)
generated_audios/generated_H4_128C_pruned70_int8/672-122797-0044_generated.wav | RTF: 0.0217(0.081s / 3.740s) | Generator RTF: 0.0208(0.078s / 3.740s)
generated_audios/generated_H4_128C_pruned70_int8/672-122797-0045_generated.wav | RTF: 0.0192(0.268s / 13.960s) | Generator RTF: 0.0189(0.264s / 13.960s)
generated_audios/generated_H4_128C_pruned70_int8/672-122797-0046_generated.wav | RTF: 0.2911(1.373s / 4.715s) | Generator RTF: 0.2904(1.369s / 4.715s)
generated_audios/generated_H4_128C_pruned70_int8/672-122797-0047_generated.wav | RTF: 0.2881(0.958s / 3.325s) | Generator RTF: 0.2871(0.955s / 3.325s)
generated_audios/generated_H4_128C_pruned70_int8/672-122797-0048_generated.wav | RTF: 0.0221(0.145s / 6.555s) | Generator RTF: 0.0216(0.141s / 6.555s)
generated_audios/generated_H4_128C_pruned70_int8/672-122797-0049_generated.wav | RTF: 0.0269(0.054s / 2.020s) | Generator RTF: 0.0254(0.051s / 2.020s)
generated_audios/generated_H4_128C_pruned70_int8/672-122797-0050_generated.wav | RTF: 0.2923(1.419s / 4.855s) | Generator RTF: 0.2917(1.416s / 4.855s)
generated_audios/generated_H4_128C_pruned70_int8/672-122797-0051_generated.wav | RTF: 0.3007(1.403s / 4.665s) | Generator RTF: 0.2999(1.399s / 4.665s)
generated_audios/generated_H4_128C_pruned70_int8/672-122797-0052_generated.wav | RTF: 0.2838(1.216s / 4.285s) | Generator RTF: 0.2831(1.213s / 4.285s)
generated_audios/generated_H4_128C_pruned70_int8/672-122797-0053_generated.wav | RTF: 0.0235(0.070s / 2.955s) | Generator RTF: 0.0224(0.066s / 2.955s)
generated_audios/generated_H4_128C_pruned70_int8/672-122797-0054_generated.wav | RTF: 0.0243(0.103s / 4.250s) | Generator RTF: 0.0235(0.100s / 4.250s)
generated_audios/generated_H4_128C_pruned70_int8/672-122797-0055_generated.wav | RTF: 0.2795(2.300s / 8.230s) | Generator RTF: 0.2790(2.296s / 8.230s)
generated_audios/generated_H4_128C_pruned70_int8/672-122797-0056_generated.wav | RTF: 0.0215(0.113s / 5.225s) | Generator RTF: 0.0208(0.108s / 5.225s)
generated_audios/generated_H4_128C_pruned70_int8/672-122797-0057_generated.wav | RTF: 0.0205(0.135s / 6.560s) | Generator RTF: 0.0200(0.131s / 6.560s)
generated_audios/generated_H4_128C_pruned70_int8/672-122797-0058_generated.wav | RTF: 0.2965(1.325s / 4.470s) | Generator RTF: 0.2957(1.322s / 4.470s)
generated_audios/generated_H4_128C_pruned70_int8/672-122797-0059_generated.wav | RTF: 0.2878(1.013s / 3.520s) | Generator RTF: 0.2869(1.010s / 3.520s)
generated_audios/generated_H4_128C_pruned70_int8/672-122797-0060_generated.wav | RTF: 0.0245(0.082s / 3.350s) | Generator RTF: 0.0235(0.079s / 3.350s)
generated_audios/generated_H4_128C_pruned70_int8/672-122797-0061_generated.wav | RTF: 0.3033(2.302s / 7.590s) | Generator RTF: 0.3028(2.298s / 7.590s)
generated_audios/generated_H4_128C_pruned70_int8/672-122797-0062_generated.wav | RTF: 0.3001(0.803s / 2.675s) | Generator RTF: 0.2990(0.800s / 2.675s)
generated_audios/generated_H4_128C_pruned70_int8/672-122797-0063_generated.wav | RTF: 0.0208(0.106s / 5.075s) | Generator RTF: 0.0201(0.102s / 5.075s)
generated_audios/generated_H4_128C_pruned70_int8/672-122797-0064_generated.wav | RTF: 0.2974(4.541s / 15.270s) | Generator RTF: 0.2971(4.537s / 15.270s)
generated_audios/generated_H4_128C_pruned70_int8/672-122797-0065_generated.wav | RTF: 0.0233(0.071s / 3.030s) | Generator RTF: 0.0222(0.067s / 3.030s)
generated_audios/generated_H4_128C_pruned70_int8/672-122797-0066_generated.wav | RTF: 0.0217(0.104s / 4.815s) | Generator RTF: 0.0210(0.101s / 4.815s)
generated_audios/generated_H4_128C_pruned70_int8/672-122797-0067_generated.wav | RTF: 0.2835(3.695s / 13.035s) | Generator RTF: 0.2831(3.691s / 13.035s)
generated_audios/generated_H4_128C_pruned70_int8/672-122797-0068_generated.wav | RTF: 0.0210(0.085s / 4.020s) | Generator RTF: 0.0202(0.081s / 4.020s)
generated_audios/generated_H4_128C_pruned70_int8/672-122797-0069_generated.wav | RTF: 0.3017(1.512s / 5.010s) | Generator RTF: 0.3011(1.508s / 5.010s)
generated_audios/generated_H4_128C_pruned70_int8/672-122797-0070_generated.wav | RTF: 0.2790(1.750s / 6.270s) | Generator RTF: 0.2785(1.746s / 6.270s)
generated_audios/generated_H4_128C_pruned70_int8/672-122797-0071_generated.wav | RTF: 0.3007(2.669s / 8.875s) | Generator RTF: 0.3003(2.665s / 8.875s)
generated_audios/generated_H4_128C_pruned70_int8/672-122797-0072_generated.wav | RTF: 0.3063(2.432s / 7.940s) | Generator RTF: 0.3059(2.429s / 7.940s)
generated_audios/generated_H4_128C_pruned70_int8/672-122797-0073_generated.wav | RTF: 0.3013(2.472s / 8.205s) | Generator RTF: 0.3009(2.469s / 8.205s)
generated_audios/generated_H4_128C_pruned70_int8/672-122797-0074_generated.wav | RTF: 0.3075(2.684s / 8.730s) | Generator RTF: 0.3070(2.680s / 8.730s)
generated_audios/generated_H4_128C_pruned70_int8/908-157963-0000_generated.wav | RTF: 0.2830(3.571s / 12.620s) | Generator RTF: 0.2826(3.567s / 12.620s)
generated_audios/generated_H4_128C_pruned70_int8/908-157963-0001_generated.wav | RTF: 0.2933(0.846s / 2.885s) | Generator RTF: 0.2921(0.843s / 2.885s)
generated_audios/generated_H4_128C_pruned70_int8/908-157963-0002_generated.wav | RTF: 0.2940(0.810s / 2.755s) | Generator RTF: 0.2928(0.807s / 2.755s)
generated_audios/generated_H4_128C_pruned70_int8/908-157963-0003_generated.wav | RTF: 0.2919(0.899s / 3.080s) | Generator RTF: 0.2907(0.895s / 3.080s)
generated_audios/generated_H4_128C_pruned70_int8/908-157963-0004_generated.wav | RTF: 0.2958(4.138s / 13.990s) | Generator RTF: 0.2955(4.134s / 13.990s)
generated_audios/generated_H4_128C_pruned70_int8/908-157963-0005_generated.wav | RTF: 0.2911(2.048s / 7.035s) | Generator RTF: 0.2906(2.044s / 7.035s)
generated_audios/generated_H4_128C_pruned70_int8/908-157963-0006_generated.wav | RTF: 0.2950(2.393s / 8.110s) | Generator RTF: 0.2945(2.388s / 8.110s)
generated_audios/generated_H4_128C_pruned70_int8/908-157963-0007_generated.wav | RTF: 0.3086(10.112s / 32.770s) | Generator RTF: 0.3084(10.106s / 32.770s)
generated_audios/generated_H4_128C_pruned70_int8/908-157963-0008_generated.wav | RTF: 0.3018(6.020s / 19.950s) | Generator RTF: 0.3015(6.015s / 19.950s)
generated_audios/generated_H4_128C_pruned70_int8/908-157963-0009_generated.wav | RTF: 0.2983(1.211s / 4.060s) | Generator RTF: 0.2973(1.207s / 4.060s)
generated_audios/generated_H4_128C_pruned70_int8/908-157963-0010_generated.wav | RTF: 0.0155(0.098s / 6.280s) | Generator RTF: 0.0150(0.094s / 6.280s)
generated_audios/generated_H4_128C_pruned70_int8/908-157963-0011_generated.wav | RTF: 0.0195(0.203s / 10.395s) | Generator RTF: 0.0191(0.198s / 10.395s)
generated_audios/generated_H4_128C_pruned70_int8/908-157963-0012_generated.wav | RTF: 0.2927(2.953s / 10.090s) | Generator RTF: 0.2923(2.949s / 10.090s)
generated_audios/generated_H4_128C_pruned70_int8/908-157963-0013_generated.wav | RTF: 0.0219(0.094s / 4.315s) | Generator RTF: 0.0210(0.091s / 4.315s)
generated_audios/generated_H4_128C_pruned70_int8/908-157963-0014_generated.wav | RTF: 0.0209(0.094s / 4.520s) | Generator RTF: 0.0201(0.091s / 4.520s)
generated_audios/generated_H4_128C_pruned70_int8/908-157963-0015_generated.wav | RTF: 0.2783(4.025s / 14.465s) | Generator RTF: 0.2780(4.021s / 14.465s)
generated_audios/generated_H4_128C_pruned70_int8/908-157963-0016_generated.wav | RTF: 0.0203(0.104s / 5.105s) | Generator RTF: 0.0196(0.100s / 5.105s)
generated_audios/generated_H4_128C_pruned70_int8/908-157963-0017_generated.wav | RTF: 0.2788(1.380s / 4.950s) | Generator RTF: 0.2781(1.377s / 4.950s)
generated_audios/generated_H4_128C_pruned70_int8/908-157963-0018_generated.wav | RTF: 0.0245(0.104s / 4.255s) | Generator RTF: 0.0237(0.101s / 4.255s)
generated_audios/generated_H4_128C_pruned70_int8/908-157963-0019_generated.wav | RTF: 0.3019(6.474s / 21.440s) | Generator RTF: 0.3017(6.468s / 21.440s)
generated_audios/generated_H4_128C_pruned70_int8/908-157963-0020_generated.wav | RTF: 0.2966(2.907s / 9.800s) | Generator RTF: 0.2962(2.903s / 9.800s)
generated_audios/generated_H4_128C_pruned70_int8/908-157963-0021_generated.wav | RTF: 0.0197(0.202s / 10.240s) | Generator RTF: 0.0193(0.198s / 10.240s)
generated_audios/generated_H4_128C_pruned70_int8/908-157963-0022_generated.wav | RTF: 0.3022(1.393s / 4.610s) | Generator RTF: 0.3015(1.390s / 4.610s)
generated_audios/generated_H4_128C_pruned70_int8/908-157963-0023_generated.wav | RTF: 0.3041(2.927s / 9.625s) | Generator RTF: 0.3037(2.923s / 9.625s)
generated_audios/generated_H4_128C_pruned70_int8/908-157963-0024_generated.wav | RTF: 0.3015(1.037s / 3.440s) | Generator RTF: 0.3005(1.034s / 3.440s)
generated_audios/generated_H4_128C_pruned70_int8/908-157963-0025_generated.wav | RTF: 0.2825(2.617s / 9.265s) | Generator RTF: 0.2820(2.613s / 9.265s)
generated_audios/generated_H4_128C_pruned70_int8/908-157963-0026_generated.wav | RTF: 0.2916(2.362s / 8.100s) | Generator RTF: 0.2912(2.359s / 8.100s)
generated_audios/generated_H4_128C_pruned70_int8/908-157963-0027_generated.wav | RTF: 0.0216(0.113s / 5.225s) | Generator RTF: 0.0210(0.109s / 5.225s)
generated_audios/generated_H4_128C_pruned70_int8/908-157963-0028_generated.wav | RTF: 0.0161(0.080s / 4.955s) | Generator RTF: 0.0155(0.077s / 4.955s)
generated_audios/generated_H4_128C_pruned70_int8/908-157963-0029_generated.wav | RTF: 0.2750(0.998s / 3.630s) | Generator RTF: 0.2741(0.995s / 3.630s)
generated_audios/generated_H4_128C_pruned70_int8/908-157963-0030_generated.wav | RTF: 0.0171(0.077s / 4.520s) | Generator RTF: 0.0164(0.074s / 4.520s)
generated_audios/generated_H4_128C_pruned70_int8/908-31957-0000_generated.wav | RTF: 0.2823(0.600s / 2.125s) | Generator RTF: 0.2807(0.596s / 2.125s)
generated_audios/generated_H4_128C_pruned70_int8/908-31957-0001_generated.wav | RTF: 0.2986(3.379s / 11.315s) | Generator RTF: 0.2982(3.374s / 11.315s)
generated_audios/generated_H4_128C_pruned70_int8/908-31957-0002_generated.wav | RTF: 0.0211(0.101s / 4.790s) | Generator RTF: 0.0204(0.098s / 4.790s)
generated_audios/generated_H4_128C_pruned70_int8/908-31957-0003_generated.wav | RTF: 0.0198(0.130s / 6.565s) | Generator RTF: 0.0193(0.126s / 6.565s)
generated_audios/generated_H4_128C_pruned70_int8/908-31957-0004_generated.wav | RTF: 0.3012(4.444s / 14.755s) | Generator RTF: 0.3009(4.440s / 14.755s)
generated_audios/generated_H4_128C_pruned70_int8/908-31957-0005_generated.wav | RTF: 0.0214(0.096s / 4.490s) | Generator RTF: 0.0206(0.093s / 4.490s)
generated_audios/generated_H4_128C_pruned70_int8/908-31957-0006_generated.wav | RTF: 0.2771(1.632s / 5.890s) | Generator RTF: 0.2765(1.629s / 5.890s)
generated_audios/generated_H4_128C_pruned70_int8/908-31957-0007_generated.wav | RTF: 0.0196(0.114s / 5.800s) | Generator RTF: 0.0190(0.110s / 5.800s)
generated_audios/generated_H4_128C_pruned70_int8/908-31957-0008_generated.wav | RTF: 0.2755(2.757s / 10.005s) | Generator RTF: 0.2752(2.753s / 10.005s)
generated_audios/generated_H4_128C_pruned70_int8/908-31957-0009_generated.wav | RTF: 0.2777(2.139s / 7.705s) | Generator RTF: 0.2772(2.135s / 7.705s)
generated_audios/generated_H4_128C_pruned70_int8/908-31957-0010_generated.wav | RTF: 0.2778(0.697s / 2.510s) | Generator RTF: 0.2766(0.694s / 2.510s)
generated_audios/generated_H4_128C_pruned70_int8/908-31957-0011_generated.wav | RTF: 0.0260(0.061s / 2.335s) | Generator RTF: 0.0247(0.058s / 2.335s)
generated_audios/generated_H4_128C_pruned70_int8/908-31957-0012_generated.wav | RTF: 0.2911(2.217s / 7.615s) | Generator RTF: 0.2907(2.213s / 7.615s)
generated_audios/generated_H4_128C_pruned70_int8/908-31957-0013_generated.wav | RTF: 0.2937(1.815s / 6.180s) | Generator RTF: 0.2932(1.812s / 6.180s)
generated_audios/generated_H4_128C_pruned70_int8/908-31957-0014_generated.wav | RTF: 0.2752(2.081s / 7.560s) | Generator RTF: 0.2748(2.077s / 7.560s)
generated_audios/generated_H4_128C_pruned70_int8/908-31957-0015_generated.wav | RTF: 0.2846(6.109s / 21.465s) | Generator RTF: 0.2844(6.104s / 21.465s)
generated_audios/generated_H4_128C_pruned70_int8/908-31957-0016_generated.wav | RTF: 0.2796(1.812s / 6.480s) | Generator RTF: 0.2790(1.808s / 6.480s)
generated_audios/generated_H4_128C_pruned70_int8/908-31957-0017_generated.wav | RTF: 0.2958(2.306s / 7.795s) | Generator RTF: 0.2954(2.303s / 7.795s)
generated_audios/generated_H4_128C_pruned70_int8/908-31957-0018_generated.wav | RTF: 0.3053(1.195s / 3.915s) | Generator RTF: 0.3044(1.192s / 3.915s)
generated_audios/generated_H4_128C_pruned70_int8/908-31957-0019_generated.wav | RTF: 0.3063(2.922s / 9.540s) | Generator RTF: 0.3059(2.919s / 9.540s)
generated_audios/generated_H4_128C_pruned70_int8/908-31957-0020_generated.wav | RTF: 0.0161(0.095s / 5.895s) | Generator RTF: 0.0155(0.092s / 5.895s)
generated_audios/generated_H4_128C_pruned70_int8/908-31957-0021_generated.wav | RTF: 0.2836(3.092s / 10.905s) | Generator RTF: 0.2832(3.088s / 10.905s)
generated_audios/generated_H4_128C_pruned70_int8/908-31957-0022_generated.wav | RTF: 0.3005(4.238s / 14.100s) | Generator RTF: 0.3002(4.233s / 14.100s)
generated_audios/generated_H4_128C_pruned70_int8/908-31957-0023_generated.wav | RTF: 0.3003(2.557s / 8.515s) | Generator RTF: 0.2998(2.553s / 8.515s)
generated_audios/generated_H4_128C_pruned70_int8/908-31957-0024_generated.wav | RTF: 0.2911(2.195s / 7.540s) | Generator RTF: 0.2905(2.191s / 7.540s)
generated_audios/generated_H4_128C_pruned70_int8/908-31957-0025_generated.wav | RTF: 0.2982(6.132s / 20.560s) | Generator RTF: 0.2980(6.127s / 20.560s)
Average RTF: 0.2029(641.040s / 3159.849s)
Average Generator RTF: 0.2023(639.215s / 3159.849s)
Evaluation summary:
  Mel-spectrogram L1: 0.732509
  PESQ: 1.608257
  STOI: 0.881935
Appended per-audio metrics to CSV: per_audio_results/H4_128C_int8_Physical_pruning

Appended metrics to CSV: experiments_results.csv
Appended to experiments_results.csv:
H4_128C_pruned70_int8_Physical_pruning_resblocks_range_3_8,445565,1.678,0.2029,0.2023,1.608256896018982,0.8819346776961767,0.7325093932151795
========== Done ==========
=== JOB_STATISTICS ===
=== current date     : Sun Jul  5 03:33:42 PM CEST 2026
= Job-ID             : 1428665 on tinyfat
= Job-Name           : inference_128ch_h1-4
= Job-Command        : /home/hpc/vlbi/vlbi107v/hifi-gan/inference.sh
= Initial workdir    : /home/hpc/vlbi/vlbi107v/hifi-gan
= Queue/Partition    : work
= Slurm account      : vlbi with QOS=normal
= Requested resources:  for 1-00:00:00
= Elapsed runtime    : 01:54:07
= Total RAM usage    : 15.7 GiB of requested  GiB (%)   
= Node list          : tf093
= Subm/Elig/Start/End: 2026-07-05T13:39:35 / 2026-07-05T13:39:35 / 2026-07-05T13:39:35 / 2026-07-05T15:33:42
======================
=== Quota infos ======
    Path                 Used     SoftQ    HardQ    Gracetime  Filec    FileQ    FiHaQ    FileGrace    
    /home/hpc              95.0G   104.9G   209.7G        N/A      91K     500K   1,000K        N/A    
    /home/woody           281.2G  1000.0G  1500.0G        N/A     118K   5,000K   7,500K        N/A    
======================
