### Starting TaskPrologue of job 1428690 on tf061 at Sun Jul  5 01:54:09 PM CEST 2026
Running on cores 8-15,72-79 with governor ondemand
No GPU known
### Finished TaskPrologue

==========(sbatch.tinyfat) Inference: 256 Channels (g_07960000) ==========
========== H3: pruning 30% ==========
Initializing Inference Process..
Using device: cpu (baseline and quantized inference both run on CPU)
Loading '/home/hpc/vlbi/vlbi107v/hifi-gan/cp_hifigan/v1_c256_ft30/g_00265000'
Complete.
Checkpoint contains masked pruning parameters. Preparing masked model before loading...
Removing weight norm...
Skipping ConvTranspose1d pruning for ups.0
Skipping ConvTranspose1d pruning for ups.1
Skipping ConvTranspose1d pruning for ups.2
Skipping ConvTranspose1d pruning for ups.3
Pruning (with mask) resblocks.0.convs1.0 (Conv1d): out_channels=128, dim=0, amount=0.0
Done pruning (with mask) resblocks.0.convs1.0 (Conv1d)
Pruning (with mask) resblocks.0.convs1.1 (Conv1d): out_channels=128, dim=0, amount=0.0
Done pruning (with mask) resblocks.0.convs1.1 (Conv1d)
Pruning (with mask) resblocks.0.convs1.2 (Conv1d): out_channels=128, dim=0, amount=0.0
Done pruning (with mask) resblocks.0.convs1.2 (Conv1d)
Pruning (with mask) resblocks.0.convs2.0 (Conv1d): out_channels=128, dim=0, amount=0.0
Done pruning (with mask) resblocks.0.convs2.0 (Conv1d)
Pruning (with mask) resblocks.0.convs2.1 (Conv1d): out_channels=128, dim=0, amount=0.0
Done pruning (with mask) resblocks.0.convs2.1 (Conv1d)
Pruning (with mask) resblocks.0.convs2.2 (Conv1d): out_channels=128, dim=0, amount=0.0
Done pruning (with mask) resblocks.0.convs2.2 (Conv1d)
Pruning (with mask) resblocks.1.convs1.0 (Conv1d): out_channels=128, dim=0, amount=0.0
Done pruning (with mask) resblocks.1.convs1.0 (Conv1d)
Pruning (with mask) resblocks.1.convs1.1 (Conv1d): out_channels=128, dim=0, amount=0.0
Done pruning (with mask) resblocks.1.convs1.1 (Conv1d)
Pruning (with mask) resblocks.1.convs1.2 (Conv1d): out_channels=128, dim=0, amount=0.0
Done pruning (with mask) resblocks.1.convs1.2 (Conv1d)
Pruning (with mask) resblocks.1.convs2.0 (Conv1d): out_channels=128, dim=0, amount=0.0
Done pruning (with mask) resblocks.1.convs2.0 (Conv1d)
Pruning (with mask) resblocks.1.convs2.1 (Conv1d): out_channels=128, dim=0, amount=0.0
Done pruning (with mask) resblocks.1.convs2.1 (Conv1d)
Pruning (with mask) resblocks.1.convs2.2 (Conv1d): out_channels=128, dim=0, amount=0.0
Done pruning (with mask) resblocks.1.convs2.2 (Conv1d)
Pruning (with mask) resblocks.2.convs1.0 (Conv1d): out_channels=128, dim=0, amount=0.0
Done pruning (with mask) resblocks.2.convs1.0 (Conv1d)
Pruning (with mask) resblocks.2.convs1.1 (Conv1d): out_channels=128, dim=0, amount=0.0
Done pruning (with mask) resblocks.2.convs1.1 (Conv1d)
Pruning (with mask) resblocks.2.convs1.2 (Conv1d): out_channels=128, dim=0, amount=0.0
Done pruning (with mask) resblocks.2.convs1.2 (Conv1d)
Pruning (with mask) resblocks.2.convs2.0 (Conv1d): out_channels=128, dim=0, amount=0.0
Done pruning (with mask) resblocks.2.convs2.0 (Conv1d)
Pruning (with mask) resblocks.2.convs2.1 (Conv1d): out_channels=128, dim=0, amount=0.0
Done pruning (with mask) resblocks.2.convs2.1 (Conv1d)
Pruning (with mask) resblocks.2.convs2.2 (Conv1d): out_channels=128, dim=0, amount=0.0
Done pruning (with mask) resblocks.2.convs2.2 (Conv1d)
Pruning (with mask) resblocks.3.convs1.0 (Conv1d): out_channels=64, dim=0, amount=0.0
Done pruning (with mask) resblocks.3.convs1.0 (Conv1d)
Pruning (with mask) resblocks.3.convs1.1 (Conv1d): out_channels=64, dim=0, amount=0.0
Done pruning (with mask) resblocks.3.convs1.1 (Conv1d)
Pruning (with mask) resblocks.3.convs1.2 (Conv1d): out_channels=64, dim=0, amount=0.0
Done pruning (with mask) resblocks.3.convs1.2 (Conv1d)
Pruning (with mask) resblocks.3.convs2.0 (Conv1d): out_channels=64, dim=0, amount=0.0
Done pruning (with mask) resblocks.3.convs2.0 (Conv1d)
Pruning (with mask) resblocks.3.convs2.1 (Conv1d): out_channels=64, dim=0, amount=0.0
Done pruning (with mask) resblocks.3.convs2.1 (Conv1d)
Pruning (with mask) resblocks.3.convs2.2 (Conv1d): out_channels=64, dim=0, amount=0.0
Done pruning (with mask) resblocks.3.convs2.2 (Conv1d)
Pruning (with mask) resblocks.4.convs1.0 (Conv1d): out_channels=64, dim=0, amount=0.0
Done pruning (with mask) resblocks.4.convs1.0 (Conv1d)
Pruning (with mask) resblocks.4.convs1.1 (Conv1d): out_channels=64, dim=0, amount=0.0
Done pruning (with mask) resblocks.4.convs1.1 (Conv1d)
Pruning (with mask) resblocks.4.convs1.2 (Conv1d): out_channels=64, dim=0, amount=0.0
Done pruning (with mask) resblocks.4.convs1.2 (Conv1d)
Pruning (with mask) resblocks.4.convs2.0 (Conv1d): out_channels=64, dim=0, amount=0.0
Done pruning (with mask) resblocks.4.convs2.0 (Conv1d)
Pruning (with mask) resblocks.4.convs2.1 (Conv1d): out_channels=64, dim=0, amount=0.0
Done pruning (with mask) resblocks.4.convs2.1 (Conv1d)
Pruning (with mask) resblocks.4.convs2.2 (Conv1d): out_channels=64, dim=0, amount=0.0
Done pruning (with mask) resblocks.4.convs2.2 (Conv1d)
Pruning (with mask) resblocks.5.convs1.0 (Conv1d): out_channels=64, dim=0, amount=0.0
Done pruning (with mask) resblocks.5.convs1.0 (Conv1d)
Pruning (with mask) resblocks.5.convs1.1 (Conv1d): out_channels=64, dim=0, amount=0.0
Done pruning (with mask) resblocks.5.convs1.1 (Conv1d)
Pruning (with mask) resblocks.5.convs1.2 (Conv1d): out_channels=64, dim=0, amount=0.0
Done pruning (with mask) resblocks.5.convs1.2 (Conv1d)
Pruning (with mask) resblocks.5.convs2.0 (Conv1d): out_channels=64, dim=0, amount=0.0
Done pruning (with mask) resblocks.5.convs2.0 (Conv1d)
Pruning (with mask) resblocks.5.convs2.1 (Conv1d): out_channels=64, dim=0, amount=0.0
Done pruning (with mask) resblocks.5.convs2.1 (Conv1d)
Pruning (with mask) resblocks.5.convs2.2 (Conv1d): out_channels=64, dim=0, amount=0.0
Done pruning (with mask) resblocks.5.convs2.2 (Conv1d)
Pruning (with mask) resblocks.6.convs1.0 (Conv1d): out_channels=32, dim=0, amount=0.0
Done pruning (with mask) resblocks.6.convs1.0 (Conv1d)
Pruning (with mask) resblocks.6.convs1.1 (Conv1d): out_channels=32, dim=0, amount=0.0
Done pruning (with mask) resblocks.6.convs1.1 (Conv1d)
Pruning (with mask) resblocks.6.convs1.2 (Conv1d): out_channels=32, dim=0, amount=0.0
Done pruning (with mask) resblocks.6.convs1.2 (Conv1d)
Pruning (with mask) resblocks.6.convs2.0 (Conv1d): out_channels=32, dim=0, amount=0.0
Done pruning (with mask) resblocks.6.convs2.0 (Conv1d)
Pruning (with mask) resblocks.6.convs2.1 (Conv1d): out_channels=32, dim=0, amount=0.0
Done pruning (with mask) resblocks.6.convs2.1 (Conv1d)
Pruning (with mask) resblocks.6.convs2.2 (Conv1d): out_channels=32, dim=0, amount=0.0
Done pruning (with mask) resblocks.6.convs2.2 (Conv1d)
Pruning (with mask) resblocks.7.convs1.0 (Conv1d): out_channels=32, dim=0, amount=0.0
Done pruning (with mask) resblocks.7.convs1.0 (Conv1d)
Pruning (with mask) resblocks.7.convs1.1 (Conv1d): out_channels=32, dim=0, amount=0.0
Done pruning (with mask) resblocks.7.convs1.1 (Conv1d)
Pruning (with mask) resblocks.7.convs1.2 (Conv1d): out_channels=32, dim=0, amount=0.0
Done pruning (with mask) resblocks.7.convs1.2 (Conv1d)
Pruning (with mask) resblocks.7.convs2.0 (Conv1d): out_channels=32, dim=0, amount=0.0
Done pruning (with mask) resblocks.7.convs2.0 (Conv1d)
Pruning (with mask) resblocks.7.convs2.1 (Conv1d): out_channels=32, dim=0, amount=0.0
Done pruning (with mask) resblocks.7.convs2.1 (Conv1d)
Pruning (with mask) resblocks.7.convs2.2 (Conv1d): out_channels=32, dim=0, amount=0.0
Done pruning (with mask) resblocks.7.convs2.2 (Conv1d)
Pruning (with mask) resblocks.8.convs1.0 (Conv1d): out_channels=32, dim=0, amount=0.0
Done pruning (with mask) resblocks.8.convs1.0 (Conv1d)
Pruning (with mask) resblocks.8.convs1.1 (Conv1d): out_channels=32, dim=0, amount=0.0
Done pruning (with mask) resblocks.8.convs1.1 (Conv1d)
Pruning (with mask) resblocks.8.convs1.2 (Conv1d): out_channels=32, dim=0, amount=0.0
Done pruning (with mask) resblocks.8.convs1.2 (Conv1d)
Pruning (with mask) resblocks.8.convs2.0 (Conv1d): out_channels=32, dim=0, amount=0.0
Done pruning (with mask) resblocks.8.convs2.0 (Conv1d)
Pruning (with mask) resblocks.8.convs2.1 (Conv1d): out_channels=32, dim=0, amount=0.0
Done pruning (with mask) resblocks.8.convs2.1 (Conv1d)
Pruning (with mask) resblocks.8.convs2.2 (Conv1d): out_channels=32, dim=0, amount=0.0
Done pruning (with mask) resblocks.8.convs2.2 (Conv1d)
Pruning (with mask) resblocks.9.convs1.0 (Conv1d): out_channels=16, dim=0, amount=0.0
Done pruning (with mask) resblocks.9.convs1.0 (Conv1d)
Pruning (with mask) resblocks.9.convs1.1 (Conv1d): out_channels=16, dim=0, amount=0.0
Done pruning (with mask) resblocks.9.convs1.1 (Conv1d)
Pruning (with mask) resblocks.9.convs1.2 (Conv1d): out_channels=16, dim=0, amount=0.0
Done pruning (with mask) resblocks.9.convs1.2 (Conv1d)
Pruning (with mask) resblocks.9.convs2.0 (Conv1d): out_channels=16, dim=0, amount=0.0
Done pruning (with mask) resblocks.9.convs2.0 (Conv1d)
Pruning (with mask) resblocks.9.convs2.1 (Conv1d): out_channels=16, dim=0, amount=0.0
Done pruning (with mask) resblocks.9.convs2.1 (Conv1d)
Pruning (with mask) resblocks.9.convs2.2 (Conv1d): out_channels=16, dim=0, amount=0.0
Done pruning (with mask) resblocks.9.convs2.2 (Conv1d)
Pruning (with mask) resblocks.10.convs1.0 (Conv1d): out_channels=16, dim=0, amount=0.0
Done pruning (with mask) resblocks.10.convs1.0 (Conv1d)
Pruning (with mask) resblocks.10.convs1.1 (Conv1d): out_channels=16, dim=0, amount=0.0
Done pruning (with mask) resblocks.10.convs1.1 (Conv1d)
Pruning (with mask) resblocks.10.convs1.2 (Conv1d): out_channels=16, dim=0, amount=0.0
Done pruning (with mask) resblocks.10.convs1.2 (Conv1d)
Pruning (with mask) resblocks.10.convs2.0 (Conv1d): out_channels=16, dim=0, amount=0.0
Done pruning (with mask) resblocks.10.convs2.0 (Conv1d)
Pruning (with mask) resblocks.10.convs2.1 (Conv1d): out_channels=16, dim=0, amount=0.0
Done pruning (with mask) resblocks.10.convs2.1 (Conv1d)
Pruning (with mask) resblocks.10.convs2.2 (Conv1d): out_channels=16, dim=0, amount=0.0
Done pruning (with mask) resblocks.10.convs2.2 (Conv1d)
Pruning (with mask) resblocks.11.convs1.0 (Conv1d): out_channels=16, dim=0, amount=0.0
Done pruning (with mask) resblocks.11.convs1.0 (Conv1d)
Pruning (with mask) resblocks.11.convs1.1 (Conv1d): out_channels=16, dim=0, amount=0.0
Done pruning (with mask) resblocks.11.convs1.1 (Conv1d)
Pruning (with mask) resblocks.11.convs1.2 (Conv1d): out_channels=16, dim=0, amount=0.0
Done pruning (with mask) resblocks.11.convs1.2 (Conv1d)
Pruning (with mask) resblocks.11.convs2.0 (Conv1d): out_channels=16, dim=0, amount=0.0
Done pruning (with mask) resblocks.11.convs2.0 (Conv1d)
Pruning (with mask) resblocks.11.convs2.1 (Conv1d): out_channels=16, dim=0, amount=0.0
Done pruning (with mask) resblocks.11.convs2.1 (Conv1d)
Pruning (with mask) resblocks.11.convs2.2 (Conv1d): out_channels=16, dim=0, amount=0.0
Done pruning (with mask) resblocks.11.convs2.2 (Conv1d)
Removing pruning masks from masked checkpoint before inference...
Removed pruning masks from 72 modules
Saving checkpoint to /home/hpc/vlbi/vlbi107v/hifi-gan/cp_hifigan/v1_c256_ft30/compressed_checkpoint
Complete.
Saved compressed checkpoint: /home/hpc/vlbi/vlbi107v/hifi-gan/cp_hifigan/v1_c256_ft30/compressed_checkpoint (13.616 MB)
Compressed checkpoint parameters: 3,555,649
Clean mask-free checkpoint saved: /home/hpc/vlbi/vlbi107v/hifi-gan/cp_hifigan/v1_c256_ft30/compressed_checkpoint (13.616 MB)
Loaded checkpoint: /home/hpc/vlbi/vlbi107v/hifi-gan/cp_hifigan/v1_c256_ft30/g_00265000 (24.098 MB)
Generator parameters: 3,555,649
generated_audios/generated_H3_256C_pruned30/1089-134686-0000_generated.wav | RTF: 0.2772(2.893s / 10.435s) | Generator RTF: 0.2765(2.885s / 10.435s)
generated_audios/generated_H3_256C_pruned30/1089-134686-0001_generated.wav | RTF: 0.2628(0.861s / 3.275s) | Generator RTF: 0.2617(0.857s / 3.275s)
generated_audios/generated_H3_256C_pruned30/1089-134686-0002_generated.wav | RTF: 0.2648(1.754s / 6.625s) | Generator RTF: 0.2641(1.749s / 6.625s)
generated_audios/generated_H3_256C_pruned30/1089-134686-0003_generated.wav | RTF: 0.2754(0.738s / 2.680s) | Generator RTF: 0.2742(0.735s / 2.680s)
generated_audios/generated_H3_256C_pruned30/1089-134686-0004_generated.wav | RTF: 0.2718(1.417s / 5.215s) | Generator RTF: 0.2712(1.414s / 5.215s)
generated_audios/generated_H3_256C_pruned30/1089-134686-0005_generated.wav | RTF: 0.2747(2.647s / 9.635s) | Generator RTF: 0.2742(2.642s / 9.635s)
generated_audios/generated_H3_256C_pruned30/1089-134686-0006_generated.wav | RTF: 0.2744(2.896s / 10.555s) | Generator RTF: 0.2739(2.891s / 10.555s)
generated_audios/generated_H3_256C_pruned30/1089-134686-0007_generated.wav | RTF: 0.2711(1.159s / 4.275s) | Generator RTF: 0.2704(1.156s / 4.275s)
generated_audios/generated_H3_256C_pruned30/1089-134686-0008_generated.wav | RTF: 0.2715(1.827s / 6.730s) | Generator RTF: 0.2710(1.824s / 6.730s)
generated_audios/generated_H3_256C_pruned30/1089-134686-0009_generated.wav | RTF: 0.2803(2.964s / 10.575s) | Generator RTF: 0.2799(2.960s / 10.575s)
generated_audios/generated_H3_256C_pruned30/1089-134686-0010_generated.wav | RTF: 0.2722(1.199s / 4.405s) | Generator RTF: 0.2714(1.196s / 4.405s)
generated_audios/generated_H3_256C_pruned30/1089-134686-0011_generated.wav | RTF: 0.2828(3.520s / 12.445s) | Generator RTF: 0.2825(3.515s / 12.445s)
generated_audios/generated_H3_256C_pruned30/1089-134686-0012_generated.wav | RTF: 0.2718(3.164s / 11.640s) | Generator RTF: 0.2715(3.160s / 11.640s)
generated_audios/generated_H3_256C_pruned30/1089-134686-0013_generated.wav | RTF: 0.2691(2.130s / 7.915s) | Generator RTF: 0.2686(2.126s / 7.915s)
generated_audios/generated_H3_256C_pruned30/1089-134686-0014_generated.wav | RTF: 0.2861(0.637s / 2.225s) | Generator RTF: 0.2846(0.633s / 2.225s)
generated_audios/generated_H3_256C_pruned30/1089-134686-0015_generated.wav | RTF: 0.2785(1.619s / 5.815s) | Generator RTF: 0.2778(1.616s / 5.815s)
generated_audios/generated_H3_256C_pruned30/1089-134686-0016_generated.wav | RTF: 0.2785(0.986s / 3.540s) | Generator RTF: 0.2776(0.983s / 3.540s)
generated_audios/generated_H3_256C_pruned30/1089-134686-0017_generated.wav | RTF: 0.2784(2.469s / 8.870s) | Generator RTF: 0.2779(2.465s / 8.870s)
generated_audios/generated_H3_256C_pruned30/1089-134686-0018_generated.wav | RTF: 0.2899(4.558s / 15.720s) | Generator RTF: 0.2896(4.553s / 15.720s)
generated_audios/generated_H3_256C_pruned30/1089-134686-0019_generated.wav | RTF: 0.3079(4.278s / 13.895s) | Generator RTF: 0.3076(4.274s / 13.895s)
generated_audios/generated_H3_256C_pruned30/1089-134686-0020_generated.wav | RTF: 0.3078(5.167s / 16.790s) | Generator RTF: 0.3075(5.162s / 16.790s)
generated_audios/generated_H3_256C_pruned30/1089-134686-0021_generated.wav | RTF: 0.2923(1.915s / 6.550s) | Generator RTF: 0.2918(1.911s / 6.550s)
generated_audios/generated_H3_256C_pruned30/1089-134686-0022_generated.wav | RTF: 0.2929(3.273s / 11.175s) | Generator RTF: 0.2869(3.206s / 11.175s)
generated_audios/generated_H3_256C_pruned30/1089-134686-0023_generated.wav | RTF: 0.3039(4.035s / 13.275s) | Generator RTF: 0.3036(4.031s / 13.275s)
generated_audios/generated_H3_256C_pruned30/1089-134686-0024_generated.wav | RTF: 0.2794(3.256s / 11.655s) | Generator RTF: 0.2790(3.252s / 11.655s)
generated_audios/generated_H3_256C_pruned30/1089-134686-0025_generated.wav | RTF: 0.2685(1.775s / 6.610s) | Generator RTF: 0.2679(1.771s / 6.610s)
generated_audios/generated_H3_256C_pruned30/1089-134686-0026_generated.wav | RTF: 0.2646(1.061s / 4.010s) | Generator RTF: 0.2637(1.058s / 4.010s)
generated_audios/generated_H3_256C_pruned30/1089-134686-0027_generated.wav | RTF: 0.2717(0.736s / 2.710s) | Generator RTF: 0.2704(0.733s / 2.710s)
generated_audios/generated_H3_256C_pruned30/1089-134686-0028_generated.wav | RTF: 0.2761(2.162s / 7.830s) | Generator RTF: 0.2756(2.158s / 7.830s)
generated_audios/generated_H3_256C_pruned30/1089-134686-0029_generated.wav | RTF: 0.2670(1.247s / 4.670s) | Generator RTF: 0.2663(1.244s / 4.670s)
generated_audios/generated_H3_256C_pruned30/1089-134686-0030_generated.wav | RTF: 0.0720(0.196s / 2.715s) | Generator RTF: 0.0708(0.192s / 2.715s)
generated_audios/generated_H3_256C_pruned30/1089-134686-0031_generated.wav | RTF: 0.0750(0.496s / 6.615s) | Generator RTF: 0.0745(0.493s / 6.615s)
generated_audios/generated_H3_256C_pruned30/121-121726-0000_generated.wav | RTF: 0.2772(2.345s / 8.460s) | Generator RTF: 0.2767(2.341s / 8.460s)
generated_audios/generated_H3_256C_pruned30/121-121726-0001_generated.wav | RTF: 0.2957(1.752s / 5.925s) | Generator RTF: 0.2829(1.676s / 5.925s)
generated_audios/generated_H3_256C_pruned30/121-121726-0002_generated.wav | RTF: 0.0770(0.340s / 4.410s) | Generator RTF: 0.0762(0.336s / 4.410s)
generated_audios/generated_H3_256C_pruned30/121-121726-0003_generated.wav | RTF: 0.2795(1.888s / 6.755s) | Generator RTF: 0.2789(1.884s / 6.755s)
generated_audios/generated_H3_256C_pruned30/121-121726-0004_generated.wav | RTF: 0.2734(1.099s / 4.020s) | Generator RTF: 0.2725(1.095s / 4.020s)
generated_audios/generated_H3_256C_pruned30/121-121726-0005_generated.wav | RTF: 0.2666(0.827s / 3.100s) | Generator RTF: 0.2655(0.823s / 3.100s)
generated_audios/generated_H3_256C_pruned30/121-121726-0006_generated.wav | RTF: 0.2749(1.071s / 3.895s) | Generator RTF: 0.2739(1.067s / 3.895s)
generated_audios/generated_H3_256C_pruned30/121-121726-0007_generated.wav | RTF: 0.0850(0.572s / 6.730s) | Generator RTF: 0.0844(0.568s / 6.730s)
generated_audios/generated_H3_256C_pruned30/121-121726-0008_generated.wav | RTF: 0.2688(1.341s / 4.990s) | Generator RTF: 0.2681(1.338s / 4.990s)
generated_audios/generated_H3_256C_pruned30/121-121726-0009_generated.wav | RTF: 0.2731(1.983s / 7.260s) | Generator RTF: 0.2726(1.979s / 7.260s)
generated_audios/generated_H3_256C_pruned30/121-121726-0010_generated.wav | RTF: 0.2798(2.745s / 9.810s) | Generator RTF: 0.2794(2.741s / 9.810s)
generated_audios/generated_H3_256C_pruned30/121-121726-0011_generated.wav | RTF: 0.2758(1.113s / 4.035s) | Generator RTF: 0.2750(1.109s / 4.035s)
generated_audios/generated_H3_256C_pruned30/121-121726-0012_generated.wav | RTF: 0.2668(1.079s / 4.045s) | Generator RTF: 0.2659(1.076s / 4.045s)
generated_audios/generated_H3_256C_pruned30/121-121726-0013_generated.wav | RTF: 0.2810(0.700s / 2.490s) | Generator RTF: 0.2797(0.697s / 2.490s)
generated_audios/generated_H3_256C_pruned30/121-121726-0014_generated.wav | RTF: 0.2733(0.865s / 3.165s) | Generator RTF: 0.2723(0.862s / 3.165s)
generated_audios/generated_H3_256C_pruned30/121-123852-0000_generated.wav | RTF: 0.3143(5.562s / 17.695s) | Generator RTF: 0.3140(5.556s / 17.695s)
generated_audios/generated_H3_256C_pruned30/121-123852-0001_generated.wav | RTF: 0.2803(0.524s / 1.870s) | Generator RTF: 0.2785(0.521s / 1.870s)
generated_audios/generated_H3_256C_pruned30/121-123852-0002_generated.wav | RTF: 0.2889(4.994s / 17.285s) | Generator RTF: 0.2886(4.989s / 17.285s)
generated_audios/generated_H3_256C_pruned30/121-123852-0003_generated.wav | RTF: 0.2985(7.017s / 23.505s) | Generator RTF: 0.2983(7.011s / 23.505s)
generated_audios/generated_H3_256C_pruned30/121-123852-0004_generated.wav | RTF: 0.3026(4.929s / 16.290s) | Generator RTF: 0.3023(4.924s / 16.290s)
generated_audios/generated_H3_256C_pruned30/121-123859-0000_generated.wav | RTF: 0.3044(5.293s / 17.390s) | Generator RTF: 0.3041(5.289s / 17.390s)
generated_audios/generated_H3_256C_pruned30/121-123859-0001_generated.wav | RTF: 0.3599(9.139s / 25.395s) | Generator RTF: 0.3596(9.133s / 25.395s)
generated_audios/generated_H3_256C_pruned30/121-123859-0002_generated.wav | RTF: 0.3587(10.776s / 30.040s) | Generator RTF: 0.3585(10.769s / 30.040s)
generated_audios/generated_H3_256C_pruned30/121-123859-0003_generated.wav | RTF: 0.2725(2.950s / 10.825s) | Generator RTF: 0.2721(2.946s / 10.825s)
generated_audios/generated_H3_256C_pruned30/121-123859-0004_generated.wav | RTF: 0.2741(2.605s / 9.505s) | Generator RTF: 0.2736(2.601s / 9.505s)
generated_audios/generated_H3_256C_pruned30/121-127105-0000_generated.wav | RTF: 0.2752(2.718s / 9.875s) | Generator RTF: 0.2748(2.713s / 9.875s)
generated_audios/generated_H3_256C_pruned30/121-127105-0001_generated.wav | RTF: 0.2672(1.343s / 5.025s) | Generator RTF: 0.2665(1.339s / 5.025s)
generated_audios/generated_H3_256C_pruned30/121-127105-0002_generated.wav | RTF: 0.2706(2.028s / 7.495s) | Generator RTF: 0.2701(2.024s / 7.495s)
generated_audios/generated_H3_256C_pruned30/121-127105-0003_generated.wav | RTF: 0.2732(2.110s / 7.725s) | Generator RTF: 0.2727(2.106s / 7.725s)
generated_audios/generated_H3_256C_pruned30/121-127105-0004_generated.wav | RTF: 0.2785(0.588s / 2.110s) | Generator RTF: 0.2771(0.585s / 2.110s)
generated_audios/generated_H3_256C_pruned30/121-127105-0005_generated.wav | RTF: 0.2849(1.658s / 5.820s) | Generator RTF: 0.2842(1.654s / 5.820s)
generated_audios/generated_H3_256C_pruned30/121-127105-0006_generated.wav | RTF: 0.2793(1.320s / 4.725s) | Generator RTF: 0.2786(1.316s / 4.725s)
generated_audios/generated_H3_256C_pruned30/121-127105-0007_generated.wav | RTF: 0.2658(1.539s / 5.790s) | Generator RTF: 0.2652(1.536s / 5.790s)
generated_audios/generated_H3_256C_pruned30/121-127105-0008_generated.wav | RTF: 0.2720(0.751s / 2.760s) | Generator RTF: 0.2708(0.747s / 2.760s)
generated_audios/generated_H3_256C_pruned30/121-127105-0009_generated.wav | RTF: 0.2694(0.617s / 2.290s) | Generator RTF: 0.2681(0.614s / 2.290s)
generated_audios/generated_H3_256C_pruned30/121-127105-0010_generated.wav | RTF: 0.2686(0.766s / 2.850s) | Generator RTF: 0.2677(0.763s / 2.850s)
generated_audios/generated_H3_256C_pruned30/121-127105-0011_generated.wav | RTF: 0.2703(1.563s / 5.780s) | Generator RTF: 0.2698(1.559s / 5.780s)
generated_audios/generated_H3_256C_pruned30/121-127105-0012_generated.wav | RTF: 0.2779(1.342s / 4.830s) | Generator RTF: 0.2772(1.339s / 4.830s)
generated_audios/generated_H3_256C_pruned30/121-127105-0013_generated.wav | RTF: 0.2707(1.596s / 5.895s) | Generator RTF: 0.2701(1.592s / 5.895s)
generated_audios/generated_H3_256C_pruned30/121-127105-0014_generated.wav | RTF: 0.2712(0.611s / 2.255s) | Generator RTF: 0.2698(0.608s / 2.255s)
generated_audios/generated_H3_256C_pruned30/121-127105-0015_generated.wav | RTF: 0.2743(0.812s / 2.960s) | Generator RTF: 0.2732(0.809s / 2.960s)
generated_audios/generated_H3_256C_pruned30/121-127105-0016_generated.wav | RTF: 0.2616(0.531s / 2.030s) | Generator RTF: 0.2602(0.528s / 2.030s)
generated_audios/generated_H3_256C_pruned30/121-127105-0017_generated.wav | RTF: 0.2733(0.737s / 2.695s) | Generator RTF: 0.2720(0.733s / 2.695s)
generated_audios/generated_H3_256C_pruned30/121-127105-0018_generated.wav | RTF: 0.2747(0.761s / 2.770s) | Generator RTF: 0.2735(0.758s / 2.770s)
generated_audios/generated_H3_256C_pruned30/121-127105-0019_generated.wav | RTF: 0.2643(0.932s / 3.525s) | Generator RTF: 0.2633(0.928s / 3.525s)
generated_audios/generated_H3_256C_pruned30/121-127105-0020_generated.wav | RTF: 0.3021(4.337s / 14.355s) | Generator RTF: 0.3018(4.333s / 14.355s)
generated_audios/generated_H3_256C_pruned30/121-127105-0021_generated.wav | RTF: 0.2760(0.552s / 2.000s) | Generator RTF: 0.2745(0.549s / 2.000s)
generated_audios/generated_H3_256C_pruned30/121-127105-0022_generated.wav | RTF: 0.2698(1.369s / 5.075s) | Generator RTF: 0.2690(1.365s / 5.075s)
generated_audios/generated_H3_256C_pruned30/121-127105-0023_generated.wav | RTF: 0.2721(2.969s / 10.910s) | Generator RTF: 0.2718(2.965s / 10.910s)
generated_audios/generated_H3_256C_pruned30/121-127105-0024_generated.wav | RTF: 0.3001(4.337s / 14.450s) | Generator RTF: 0.2998(4.332s / 14.450s)
generated_audios/generated_H3_256C_pruned30/121-127105-0025_generated.wav | RTF: 0.2784(4.472s / 16.065s) | Generator RTF: 0.2781(4.467s / 16.065s)
generated_audios/generated_H3_256C_pruned30/121-127105-0026_generated.wav | RTF: 0.2726(2.053s / 7.530s) | Generator RTF: 0.2722(2.050s / 7.530s)
generated_audios/generated_H3_256C_pruned30/121-127105-0027_generated.wav | RTF: 0.3029(4.201s / 13.870s) | Generator RTF: 0.3025(4.196s / 13.870s)
generated_audios/generated_H3_256C_pruned30/121-127105-0028_generated.wav | RTF: 0.0776(0.524s / 6.750s) | Generator RTF: 0.0771(0.520s / 6.750s)
generated_audios/generated_H3_256C_pruned30/121-127105-0029_generated.wav | RTF: 0.2721(1.989s / 7.310s) | Generator RTF: 0.2716(1.985s / 7.310s)
generated_audios/generated_H3_256C_pruned30/121-127105-0030_generated.wav | RTF: 0.2752(0.599s / 2.175s) | Generator RTF: 0.2738(0.596s / 2.175s)
generated_audios/generated_H3_256C_pruned30/121-127105-0031_generated.wav | RTF: 0.2818(3.034s / 10.765s) | Generator RTF: 0.2814(3.030s / 10.765s)
generated_audios/generated_H3_256C_pruned30/121-127105-0032_generated.wav | RTF: 0.2882(0.914s / 3.170s) | Generator RTF: 0.2871(0.910s / 3.170s)
generated_audios/generated_H3_256C_pruned30/121-127105-0033_generated.wav | RTF: 0.3085(0.727s / 2.355s) | Generator RTF: 0.3071(0.723s / 2.355s)
generated_audios/generated_H3_256C_pruned30/121-127105-0034_generated.wav | RTF: 0.2711(2.009s / 7.410s) | Generator RTF: 0.2705(2.005s / 7.410s)
generated_audios/generated_H3_256C_pruned30/121-127105-0035_generated.wav | RTF: 0.2976(4.211s / 14.150s) | Generator RTF: 0.2973(4.207s / 14.150s)
generated_audios/generated_H3_256C_pruned30/121-127105-0036_generated.wav | RTF: 0.2690(1.117s / 4.150s) | Generator RTF: 0.2682(1.113s / 4.150s)
generated_audios/generated_H3_256C_pruned30/237-126133-0000_generated.wav | RTF: 0.3042(4.043s / 13.290s) | Generator RTF: 0.3038(4.038s / 13.290s)
generated_audios/generated_H3_256C_pruned30/237-126133-0001_generated.wav | RTF: 0.3014(3.606s / 11.965s) | Generator RTF: 0.3010(3.601s / 11.965s)
generated_audios/generated_H3_256C_pruned30/237-126133-0002_generated.wav | RTF: 0.2717(2.424s / 8.920s) | Generator RTF: 0.2713(2.420s / 8.920s)
generated_audios/generated_H3_256C_pruned30/237-126133-0003_generated.wav | RTF: 0.2706(1.775s / 6.560s) | Generator RTF: 0.2700(1.772s / 6.560s)
generated_audios/generated_H3_256C_pruned30/237-126133-0004_generated.wav | RTF: 0.2684(0.884s / 3.295s) | Generator RTF: 0.2674(0.881s / 3.295s)
generated_audios/generated_H3_256C_pruned30/237-126133-0005_generated.wav | RTF: 0.2695(1.755s / 6.510s) | Generator RTF: 0.2690(1.751s / 6.510s)
generated_audios/generated_H3_256C_pruned30/237-126133-0006_generated.wav | RTF: 0.2731(1.680s / 6.150s) | Generator RTF: 0.2725(1.676s / 6.150s)
generated_audios/generated_H3_256C_pruned30/237-126133-0007_generated.wav | RTF: 0.2711(2.353s / 8.680s) | Generator RTF: 0.2706(2.349s / 8.680s)
generated_audios/generated_H3_256C_pruned30/237-126133-0008_generated.wav | RTF: 0.2693(1.041s / 3.865s) | Generator RTF: 0.2684(1.038s / 3.865s)
generated_audios/generated_H3_256C_pruned30/237-126133-0009_generated.wav | RTF: 0.2661(1.056s / 3.970s) | Generator RTF: 0.2652(1.053s / 3.970s)
generated_audios/generated_H3_256C_pruned30/237-126133-0010_generated.wav | RTF: 0.2661(1.660s / 6.240s) | Generator RTF: 0.2655(1.657s / 6.240s)
generated_audios/generated_H3_256C_pruned30/237-126133-0011_generated.wav | RTF: 0.2673(1.794s / 6.710s) | Generator RTF: 0.2668(1.790s / 6.710s)
generated_audios/generated_H3_256C_pruned30/237-126133-0012_generated.wav | RTF: 0.2739(1.219s / 4.450s) | Generator RTF: 0.2731(1.215s / 4.450s)
generated_audios/generated_H3_256C_pruned30/237-126133-0013_generated.wav | RTF: 0.2699(1.839s / 6.815s) | Generator RTF: 0.2694(1.836s / 6.815s)
generated_audios/generated_H3_256C_pruned30/237-126133-0014_generated.wav | RTF: 0.2670(1.813s / 6.790s) | Generator RTF: 0.2665(1.810s / 6.790s)
generated_audios/generated_H3_256C_pruned30/237-126133-0015_generated.wav | RTF: 0.2793(2.608s / 9.340s) | Generator RTF: 0.2789(2.605s / 9.340s)
generated_audios/generated_H3_256C_pruned30/237-126133-0016_generated.wav | RTF: 0.2631(1.118s / 4.250s) | Generator RTF: 0.2623(1.115s / 4.250s)
generated_audios/generated_H3_256C_pruned30/237-126133-0017_generated.wav | RTF: 0.2652(1.647s / 6.210s) | Generator RTF: 0.2647(1.644s / 6.210s)
generated_audios/generated_H3_256C_pruned30/237-126133-0018_generated.wav | RTF: 0.2688(1.101s / 4.095s) | Generator RTF: 0.2680(1.098s / 4.095s)
generated_audios/generated_H3_256C_pruned30/237-126133-0019_generated.wav | RTF: 0.2655(1.890s / 7.120s) | Generator RTF: 0.2650(1.887s / 7.120s)
generated_audios/generated_H3_256C_pruned30/237-126133-0020_generated.wav | RTF: 0.2615(0.586s / 2.240s) | Generator RTF: 0.2601(0.583s / 2.240s)
generated_audios/generated_H3_256C_pruned30/237-126133-0021_generated.wav | RTF: 0.2624(1.145s / 4.365s) | Generator RTF: 0.2616(1.142s / 4.365s)
generated_audios/generated_H3_256C_pruned30/237-126133-0022_generated.wav | RTF: 0.2675(1.348s / 5.040s) | Generator RTF: 0.2668(1.345s / 5.040s)
generated_audios/generated_H3_256C_pruned30/237-126133-0023_generated.wav | RTF: 0.2894(1.932s / 6.675s) | Generator RTF: 0.2889(1.928s / 6.675s)
generated_audios/generated_H3_256C_pruned30/237-126133-0024_generated.wav | RTF: 0.2753(2.661s / 9.665s) | Generator RTF: 0.2749(2.657s / 9.665s)
generated_audios/generated_H3_256C_pruned30/237-126133-0025_generated.wav | RTF: 0.2692(1.011s / 3.755s) | Generator RTF: 0.2682(1.007s / 3.755s)
generated_audios/generated_H3_256C_pruned30/237-134493-0000_generated.wav | RTF: 0.2685(1.102s / 4.105s) | Generator RTF: 0.2677(1.099s / 4.105s)
generated_audios/generated_H3_256C_pruned30/237-134493-0001_generated.wav | RTF: 0.2666(1.967s / 7.380s) | Generator RTF: 0.2661(1.964s / 7.380s)
generated_audios/generated_H3_256C_pruned30/237-134493-0002_generated.wav | RTF: 0.3020(3.442s / 11.395s) | Generator RTF: 0.3017(3.437s / 11.395s)
generated_audios/generated_H3_256C_pruned30/237-134493-0003_generated.wav | RTF: 0.2731(3.486s / 12.765s) | Generator RTF: 0.2727(3.481s / 12.765s)
generated_audios/generated_H3_256C_pruned30/237-134493-0004_generated.wav | RTF: 0.2679(1.829s / 6.825s) | Generator RTF: 0.2673(1.825s / 6.825s)
generated_audios/generated_H3_256C_pruned30/237-134493-0005_generated.wav | RTF: 0.2726(2.983s / 10.945s) | Generator RTF: 0.2722(2.979s / 10.945s)
generated_audios/generated_H3_256C_pruned30/237-134493-0006_generated.wav | RTF: 0.2642(1.161s / 4.395s) | Generator RTF: 0.2633(1.157s / 4.395s)
generated_audios/generated_H3_256C_pruned30/237-134493-0007_generated.wav | RTF: 0.2731(0.556s / 2.035s) | Generator RTF: 0.2714(0.552s / 2.035s)
generated_audios/generated_H3_256C_pruned30/237-134493-0008_generated.wav | RTF: 0.2603(0.600s / 2.305s) | Generator RTF: 0.2590(0.597s / 2.305s)
generated_audios/generated_H3_256C_pruned30/237-134493-0009_generated.wav | RTF: 0.2717(0.808s / 2.975s) | Generator RTF: 0.2705(0.805s / 2.975s)
generated_audios/generated_H3_256C_pruned30/237-134493-0010_generated.wav | RTF: 0.2658(0.764s / 2.875s) | Generator RTF: 0.2646(0.761s / 2.875s)
generated_audios/generated_H3_256C_pruned30/237-134493-0011_generated.wav | RTF: 0.2690(1.355s / 5.035s) | Generator RTF: 0.2683(1.351s / 5.035s)
generated_audios/generated_H3_256C_pruned30/237-134493-0012_generated.wav | RTF: 0.2617(0.958s / 3.660s) | Generator RTF: 0.2607(0.954s / 3.660s)
generated_audios/generated_H3_256C_pruned30/237-134493-0013_generated.wav | RTF: 0.0799(0.327s / 4.090s) | Generator RTF: 0.0791(0.323s / 4.090s)
generated_audios/generated_H3_256C_pruned30/237-134493-0014_generated.wav | RTF: 0.2617(0.968s / 3.700s) | Generator RTF: 0.2608(0.965s / 3.700s)
generated_audios/generated_H3_256C_pruned30/237-134493-0015_generated.wav | RTF: 0.0787(0.515s / 6.550s) | Generator RTF: 0.0781(0.512s / 6.550s)
generated_audios/generated_H3_256C_pruned30/237-134493-0016_generated.wav | RTF: 0.2806(2.829s / 10.085s) | Generator RTF: 0.2802(2.825s / 10.085s)
generated_audios/generated_H3_256C_pruned30/237-134493-0017_generated.wav | RTF: 0.2776(2.528s / 9.105s) | Generator RTF: 0.2772(2.524s / 9.105s)
generated_audios/generated_H3_256C_pruned30/237-134493-0018_generated.wav | RTF: 0.2713(1.299s / 4.790s) | Generator RTF: 0.2706(1.296s / 4.790s)
generated_audios/generated_H3_256C_pruned30/237-134500-0000_generated.wav | RTF: 0.2712(1.662s / 6.130s) | Generator RTF: 0.2706(1.659s / 6.130s)
generated_audios/generated_H3_256C_pruned30/237-134500-0001_generated.wav | RTF: 0.2717(0.492s / 1.810s) | Generator RTF: 0.2702(0.489s / 1.810s)
generated_audios/generated_H3_256C_pruned30/237-134500-0002_generated.wav | RTF: 0.2706(1.372s / 5.070s) | Generator RTF: 0.2699(1.369s / 5.070s)
generated_audios/generated_H3_256C_pruned30/237-134500-0003_generated.wav | RTF: 0.0762(0.242s / 3.170s) | Generator RTF: 0.0753(0.239s / 3.170s)
generated_audios/generated_H3_256C_pruned30/237-134500-0004_generated.wav | RTF: 0.0782(0.174s / 2.225s) | Generator RTF: 0.0768(0.171s / 2.225s)
generated_audios/generated_H3_256C_pruned30/237-134500-0005_generated.wav | RTF: 0.2752(0.658s / 2.390s) | Generator RTF: 0.2739(0.655s / 2.390s)
generated_audios/generated_H3_256C_pruned30/237-134500-0006_generated.wav | RTF: 0.2658(1.123s / 4.225s) | Generator RTF: 0.2650(1.120s / 4.225s)
generated_audios/generated_H3_256C_pruned30/237-134500-0007_generated.wav | RTF: 0.0692(0.165s / 2.390s) | Generator RTF: 0.0678(0.162s / 2.390s)
generated_audios/generated_H3_256C_pruned30/237-134500-0008_generated.wav | RTF: 0.0744(0.280s / 3.760s) | Generator RTF: 0.0735(0.276s / 3.760s)
generated_audios/generated_H3_256C_pruned30/237-134500-0009_generated.wav | RTF: 0.0698(0.155s / 2.220s) | Generator RTF: 0.0685(0.152s / 2.220s)
generated_audios/generated_H3_256C_pruned30/237-134500-0010_generated.wav | RTF: 0.2706(1.081s / 3.995s) | Generator RTF: 0.2698(1.078s / 3.995s)
generated_audios/generated_H3_256C_pruned30/237-134500-0011_generated.wav | RTF: 0.2655(0.890s / 3.350s) | Generator RTF: 0.2645(0.886s / 3.350s)
generated_audios/generated_H3_256C_pruned30/237-134500-0012_generated.wav | RTF: 0.2823(3.086s / 10.935s) | Generator RTF: 0.2819(3.082s / 10.935s)
generated_audios/generated_H3_256C_pruned30/237-134500-0013_generated.wav | RTF: 0.0793(0.837s / 10.560s) | Generator RTF: 0.0788(0.833s / 10.560s)
generated_audios/generated_H3_256C_pruned30/237-134500-0014_generated.wav | RTF: 0.0769(0.327s / 4.250s) | Generator RTF: 0.0761(0.323s / 4.250s)
generated_audios/generated_H3_256C_pruned30/237-134500-0015_generated.wav | RTF: 0.2902(3.139s / 10.815s) | Generator RTF: 0.2898(3.134s / 10.815s)
generated_audios/generated_H3_256C_pruned30/237-134500-0016_generated.wav | RTF: 0.0755(0.238s / 3.160s) | Generator RTF: 0.0745(0.235s / 3.160s)
generated_audios/generated_H3_256C_pruned30/237-134500-0017_generated.wav | RTF: 0.0786(0.171s / 2.180s) | Generator RTF: 0.0771(0.168s / 2.180s)
generated_audios/generated_H3_256C_pruned30/237-134500-0018_generated.wav | RTF: 0.3050(3.918s / 12.845s) | Generator RTF: 0.3047(3.914s / 12.845s)
generated_audios/generated_H3_256C_pruned30/237-134500-0019_generated.wav | RTF: 0.2639(0.755s / 2.860s) | Generator RTF: 0.2627(0.751s / 2.860s)
generated_audios/generated_H3_256C_pruned30/237-134500-0020_generated.wav | RTF: 0.0707(0.154s / 2.180s) | Generator RTF: 0.0692(0.151s / 2.180s)
generated_audios/generated_H3_256C_pruned30/237-134500-0021_generated.wav | RTF: 0.2674(1.369s / 5.120s) | Generator RTF: 0.2668(1.366s / 5.120s)
generated_audios/generated_H3_256C_pruned30/237-134500-0022_generated.wav | RTF: 0.2712(1.401s / 5.165s) | Generator RTF: 0.2706(1.397s / 5.165s)
generated_audios/generated_H3_256C_pruned30/237-134500-0023_generated.wav | RTF: 0.2695(0.825s / 3.060s) | Generator RTF: 0.2685(0.822s / 3.060s)
generated_audios/generated_H3_256C_pruned30/237-134500-0024_generated.wav | RTF: 0.0766(0.338s / 4.410s) | Generator RTF: 0.0758(0.334s / 4.410s)
generated_audios/generated_H3_256C_pruned30/237-134500-0025_generated.wav | RTF: 0.2762(0.450s / 1.630s) | Generator RTF: 0.2743(0.447s / 1.630s)
generated_audios/generated_H3_256C_pruned30/237-134500-0026_generated.wav | RTF: 0.2691(0.821s / 3.050s) | Generator RTF: 0.2681(0.818s / 3.050s)
generated_audios/generated_H3_256C_pruned30/237-134500-0027_generated.wav | RTF: 0.2717(0.888s / 3.270s) | Generator RTF: 0.2707(0.885s / 3.270s)
generated_audios/generated_H3_256C_pruned30/237-134500-0028_generated.wav | RTF: 0.2732(1.236s / 4.525s) | Generator RTF: 0.2724(1.232s / 4.525s)
generated_audios/generated_H3_256C_pruned30/237-134500-0029_generated.wav | RTF: 0.2632(0.543s / 2.065s) | Generator RTF: 0.2616(0.540s / 2.065s)
generated_audios/generated_H3_256C_pruned30/237-134500-0030_generated.wav | RTF: 0.2687(0.747s / 2.780s) | Generator RTF: 0.2675(0.744s / 2.780s)
generated_audios/generated_H3_256C_pruned30/237-134500-0031_generated.wav | RTF: 0.2790(2.961s / 10.610s) | Generator RTF: 0.2787(2.957s / 10.610s)
generated_audios/generated_H3_256C_pruned30/237-134500-0032_generated.wav | RTF: 0.0785(0.395s / 5.025s) | Generator RTF: 0.0778(0.391s / 5.025s)
generated_audios/generated_H3_256C_pruned30/237-134500-0033_generated.wav | RTF: 0.2689(1.707s / 6.350s) | Generator RTF: 0.2683(1.704s / 6.350s)
generated_audios/generated_H3_256C_pruned30/237-134500-0034_generated.wav | RTF: 0.2744(0.844s / 3.075s) | Generator RTF: 0.2734(0.841s / 3.075s)
generated_audios/generated_H3_256C_pruned30/237-134500-0035_generated.wav | RTF: 0.2745(0.701s / 2.555s) | Generator RTF: 0.2733(0.698s / 2.555s)
generated_audios/generated_H3_256C_pruned30/237-134500-0036_generated.wav | RTF: 0.2715(1.792s / 6.600s) | Generator RTF: 0.2709(1.788s / 6.600s)
generated_audios/generated_H3_256C_pruned30/237-134500-0037_generated.wav | RTF: 0.2707(1.923s / 7.105s) | Generator RTF: 0.2702(1.920s / 7.105s)
generated_audios/generated_H3_256C_pruned30/237-134500-0038_generated.wav | RTF: 0.2697(0.657s / 2.435s) | Generator RTF: 0.2685(0.654s / 2.435s)
generated_audios/generated_H3_256C_pruned30/237-134500-0039_generated.wav | RTF: 0.2719(1.259s / 4.630s) | Generator RTF: 0.2712(1.256s / 4.630s)
generated_audios/generated_H3_256C_pruned30/237-134500-0040_generated.wav | RTF: 0.0757(0.305s / 4.030s) | Generator RTF: 0.0749(0.302s / 4.030s)
generated_audios/generated_H3_256C_pruned30/237-134500-0041_generated.wav | RTF: 0.0826(0.737s / 8.920s) | Generator RTF: 0.0822(0.733s / 8.920s)
generated_audios/generated_H3_256C_pruned30/237-134500-0042_generated.wav | RTF: 0.2696(0.694s / 2.575s) | Generator RTF: 0.2684(0.691s / 2.575s)
generated_audios/generated_H3_256C_pruned30/260-123286-0000_generated.wav | RTF: 0.2688(1.892s / 7.040s) | Generator RTF: 0.2683(1.889s / 7.040s)
generated_audios/generated_H3_256C_pruned30/260-123286-0001_generated.wav | RTF: 0.0775(0.238s / 3.070s) | Generator RTF: 0.0764(0.234s / 3.070s)
generated_audios/generated_H3_256C_pruned30/260-123286-0002_generated.wav | RTF: 0.2803(2.799s / 9.985s) | Generator RTF: 0.2799(2.795s / 9.985s)
generated_audios/generated_H3_256C_pruned30/260-123286-0003_generated.wav | RTF: 0.2715(2.001s / 7.370s) | Generator RTF: 0.2709(1.997s / 7.370s)
generated_audios/generated_H3_256C_pruned30/260-123286-0004_generated.wav | RTF: 0.2728(0.945s / 3.465s) | Generator RTF: 0.2719(0.942s / 3.465s)
generated_audios/generated_H3_256C_pruned30/260-123286-0005_generated.wav | RTF: 0.2706(1.302s / 4.810s) | Generator RTF: 0.2699(1.298s / 4.810s)
generated_audios/generated_H3_256C_pruned30/260-123286-0006_generated.wav | RTF: 0.2724(2.017s / 7.405s) | Generator RTF: 0.2718(2.013s / 7.405s)
generated_audios/generated_H3_256C_pruned30/260-123286-0007_generated.wav | RTF: 0.2702(1.230s / 4.550s) | Generator RTF: 0.2695(1.226s / 4.550s)
generated_audios/generated_H3_256C_pruned30/260-123286-0008_generated.wav | RTF: 0.2645(0.988s / 3.735s) | Generator RTF: 0.2637(0.985s / 3.735s)
generated_audios/generated_H3_256C_pruned30/260-123286-0009_generated.wav | RTF: 0.2707(1.569s / 5.795s) | Generator RTF: 0.2700(1.565s / 5.795s)
generated_audios/generated_H3_256C_pruned30/260-123286-0010_generated.wav | RTF: 0.0675(0.174s / 2.575s) | Generator RTF: 0.0667(0.172s / 2.575s)
generated_audios/generated_H3_256C_pruned30/260-123286-0011_generated.wav | RTF: 0.0771(0.328s / 4.255s) | Generator RTF: 0.0764(0.325s / 4.255s)
generated_audios/generated_H3_256C_pruned30/260-123286-0012_generated.wav | RTF: 0.0766(0.186s / 2.430s) | Generator RTF: 0.0753(0.183s / 2.430s)
generated_audios/generated_H3_256C_pruned30/260-123286-0013_generated.wav | RTF: 0.2734(1.293s / 4.730s) | Generator RTF: 0.2727(1.290s / 4.730s)
generated_audios/generated_H3_256C_pruned30/260-123286-0014_generated.wav | RTF: 0.0785(0.234s / 2.980s) | Generator RTF: 0.0774(0.231s / 2.980s)
generated_audios/generated_H3_256C_pruned30/260-123286-0015_generated.wav | RTF: 0.2746(1.431s / 5.210s) | Generator RTF: 0.2739(1.427s / 5.210s)
generated_audios/generated_H3_256C_pruned30/260-123286-0016_generated.wav | RTF: 0.2747(1.923s / 7.000s) | Generator RTF: 0.2742(1.919s / 7.000s)
generated_audios/generated_H3_256C_pruned30/260-123286-0017_generated.wav | RTF: 0.2677(1.064s / 3.975s) | Generator RTF: 0.2669(1.061s / 3.975s)
generated_audios/generated_H3_256C_pruned30/260-123286-0018_generated.wav | RTF: 0.2723(1.544s / 5.670s) | Generator RTF: 0.2717(1.541s / 5.670s)
generated_audios/generated_H3_256C_pruned30/260-123286-0019_generated.wav | RTF: 0.2827(3.366s / 11.905s) | Generator RTF: 0.2824(3.362s / 11.905s)
generated_audios/generated_H3_256C_pruned30/260-123286-0020_generated.wav | RTF: 0.0759(0.232s / 3.060s) | Generator RTF: 0.0747(0.229s / 3.060s)
generated_audios/generated_H3_256C_pruned30/260-123286-0021_generated.wav | RTF: 0.2674(0.682s / 2.550s) | Generator RTF: 0.2663(0.679s / 2.550s)
generated_audios/generated_H3_256C_pruned30/260-123286-0022_generated.wav | RTF: 0.2761(0.893s / 3.235s) | Generator RTF: 0.2751(0.890s / 3.235s)
generated_audios/generated_H3_256C_pruned30/260-123286-0023_generated.wav | RTF: 0.2758(1.620s / 5.875s) | Generator RTF: 0.2751(1.616s / 5.875s)
generated_audios/generated_H3_256C_pruned30/260-123286-0024_generated.wav | RTF: 0.2667(0.811s / 3.040s) | Generator RTF: 0.2657(0.808s / 3.040s)
generated_audios/generated_H3_256C_pruned30/260-123286-0025_generated.wav | RTF: 0.2811(2.588s / 9.205s) | Generator RTF: 0.2807(2.583s / 9.205s)
generated_audios/generated_H3_256C_pruned30/260-123286-0026_generated.wav | RTF: 0.2718(1.886s / 6.940s) | Generator RTF: 0.2712(1.882s / 6.940s)
generated_audios/generated_H3_256C_pruned30/260-123286-0027_generated.wav | RTF: 0.2740(1.965s / 7.170s) | Generator RTF: 0.2735(1.961s / 7.170s)
generated_audios/generated_H3_256C_pruned30/260-123286-0028_generated.wav | RTF: 0.2741(2.046s / 7.465s) | Generator RTF: 0.2736(2.042s / 7.465s)
generated_audios/generated_H3_256C_pruned30/260-123286-0029_generated.wav | RTF: 0.0755(0.343s / 4.545s) | Generator RTF: 0.0750(0.341s / 4.545s)
generated_audios/generated_H3_256C_pruned30/260-123286-0030_generated.wav | RTF: 0.0756(0.570s / 7.530s) | Generator RTF: 0.0752(0.566s / 7.530s)
generated_audios/generated_H3_256C_pruned30/260-123286-0031_generated.wav | RTF: 0.2744(1.389s / 5.060s) | Generator RTF: 0.2737(1.385s / 5.060s)
generated_audios/generated_H3_256C_pruned30/260-123288-0000_generated.wav | RTF: 0.0667(0.203s / 3.040s) | Generator RTF: 0.0656(0.199s / 3.040s)
generated_audios/generated_H3_256C_pruned30/260-123288-0001_generated.wav | RTF: 0.0766(0.389s / 5.080s) | Generator RTF: 0.0759(0.386s / 5.080s)
generated_audios/generated_H3_256C_pruned30/260-123288-0002_generated.wav | RTF: 0.2805(2.034s / 7.250s) | Generator RTF: 0.2800(2.030s / 7.250s)
generated_audios/generated_H3_256C_pruned30/260-123288-0003_generated.wav | RTF: 0.2819(2.510s / 8.905s) | Generator RTF: 0.2814(2.506s / 8.905s)
generated_audios/generated_H3_256C_pruned30/260-123288-0004_generated.wav | RTF: 0.2873(1.238s / 4.310s) | Generator RTF: 0.2864(1.234s / 4.310s)
generated_audios/generated_H3_256C_pruned30/260-123288-0005_generated.wav | RTF: 0.3102(3.894s / 12.550s) | Generator RTF: 0.3099(3.889s / 12.550s)
generated_audios/generated_H3_256C_pruned30/260-123288-0006_generated.wav | RTF: 0.2807(1.370s / 4.880s) | Generator RTF: 0.2799(1.366s / 4.880s)
generated_audios/generated_H3_256C_pruned30/260-123288-0007_generated.wav | RTF: 0.2904(3.252s / 11.200s) | Generator RTF: 0.2900(3.248s / 11.200s)
generated_audios/generated_H3_256C_pruned30/260-123288-0008_generated.wav | RTF: 0.2886(1.592s / 5.515s) | Generator RTF: 0.2879(1.588s / 5.515s)
generated_audios/generated_H3_256C_pruned30/260-123288-0009_generated.wav | RTF: 0.2802(0.962s / 3.435s) | Generator RTF: 0.2792(0.959s / 3.435s)
generated_audios/generated_H3_256C_pruned30/260-123288-0010_generated.wav | RTF: 0.0793(0.792s / 9.995s) | Generator RTF: 0.0788(0.788s / 9.995s)
generated_audios/generated_H3_256C_pruned30/260-123288-0011_generated.wav | RTF: 0.2859(2.568s / 8.980s) | Generator RTF: 0.2855(2.563s / 8.980s)
generated_audios/generated_H3_256C_pruned30/260-123288-0012_generated.wav | RTF: 0.2826(1.002s / 3.545s) | Generator RTF: 0.2816(0.998s / 3.545s)
generated_audios/generated_H3_256C_pruned30/260-123288-0013_generated.wav | RTF: 0.3140(3.575s / 11.385s) | Generator RTF: 0.3137(3.571s / 11.385s)
generated_audios/generated_H3_256C_pruned30/260-123288-0014_generated.wav | RTF: 0.0794(0.143s / 1.805s) | Generator RTF: 0.0778(0.140s / 1.805s)
generated_audios/generated_H3_256C_pruned30/260-123288-0015_generated.wav | RTF: 0.2951(6.252s / 21.185s) | Generator RTF: 0.2949(6.247s / 21.185s)
generated_audios/generated_H3_256C_pruned30/260-123288-0016_generated.wav | RTF: 0.2866(1.394s / 4.865s) | Generator RTF: 0.2858(1.391s / 4.865s)
generated_audios/generated_H3_256C_pruned30/260-123288-0017_generated.wav | RTF: 0.2805(1.466s / 5.225s) | Generator RTF: 0.2798(1.462s / 5.225s)
generated_audios/generated_H3_256C_pruned30/260-123288-0018_generated.wav | RTF: 0.2755(0.894s / 3.245s) | Generator RTF: 0.2745(0.891s / 3.245s)
generated_audios/generated_H3_256C_pruned30/260-123288-0019_generated.wav | RTF: 0.0752(0.222s / 2.955s) | Generator RTF: 0.0740(0.219s / 2.955s)
generated_audios/generated_H3_256C_pruned30/260-123288-0020_generated.wav | RTF: 0.2770(0.803s / 2.900s) | Generator RTF: 0.2758(0.800s / 2.900s)
generated_audios/generated_H3_256C_pruned30/260-123288-0021_generated.wav | RTF: 0.0782(0.212s / 2.710s) | Generator RTF: 0.0770(0.209s / 2.710s)
generated_audios/generated_H3_256C_pruned30/260-123288-0022_generated.wav | RTF: 0.2871(1.064s / 3.705s) | Generator RTF: 0.2861(1.060s / 3.705s)
generated_audios/generated_H3_256C_pruned30/260-123288-0023_generated.wav | RTF: 0.0767(0.183s / 2.385s) | Generator RTF: 0.0752(0.179s / 2.385s)
generated_audios/generated_H3_256C_pruned30/260-123288-0024_generated.wav | RTF: 0.2924(4.268s / 14.595s) | Generator RTF: 0.2921(4.263s / 14.595s)
generated_audios/generated_H3_256C_pruned30/260-123288-0025_generated.wav | RTF: 0.3152(4.238s / 13.445s) | Generator RTF: 0.3149(4.233s / 13.445s)
generated_audios/generated_H3_256C_pruned30/260-123288-0026_generated.wav | RTF: 0.2993(4.800s / 16.040s) | Generator RTF: 0.2990(4.796s / 16.040s)
generated_audios/generated_H3_256C_pruned30/260-123288-0027_generated.wav | RTF: 0.2876(1.813s / 6.305s) | Generator RTF: 0.2870(1.810s / 6.305s)
generated_audios/generated_H3_256C_pruned30/260-123288-0028_generated.wav | RTF: 0.2869(0.749s / 2.610s) | Generator RTF: 0.2856(0.745s / 2.610s)
generated_audios/generated_H3_256C_pruned30/260-123440-0000_generated.wav | RTF: 0.2834(0.614s / 2.165s) | Generator RTF: 0.2819(0.610s / 2.165s)
generated_audios/generated_H3_256C_pruned30/260-123440-0001_generated.wav | RTF: 0.2956(0.514s / 1.740s) | Generator RTF: 0.2938(0.511s / 1.740s)
generated_audios/generated_H3_256C_pruned30/260-123440-0002_generated.wav | RTF: 0.3001(4.417s / 14.715s) | Generator RTF: 0.2999(4.413s / 14.715s)
generated_audios/generated_H3_256C_pruned30/260-123440-0003_generated.wav | RTF: 0.2904(1.041s / 3.585s) | Generator RTF: 0.2894(1.038s / 3.585s)
generated_audios/generated_H3_256C_pruned30/260-123440-0004_generated.wav | RTF: 0.2931(3.523s / 12.020s) | Generator RTF: 0.2927(3.519s / 12.020s)
generated_audios/generated_H3_256C_pruned30/260-123440-0005_generated.wav | RTF: 0.0765(0.237s / 3.105s) | Generator RTF: 0.0754(0.234s / 3.105s)
generated_audios/generated_H3_256C_pruned30/260-123440-0006_generated.wav | RTF: 0.0669(0.182s / 2.715s) | Generator RTF: 0.0657(0.178s / 2.715s)
generated_audios/generated_H3_256C_pruned30/260-123440-0007_generated.wav | RTF: 0.2825(0.956s / 3.385s) | Generator RTF: 0.2814(0.953s / 3.385s)
generated_audios/generated_H3_256C_pruned30/260-123440-0008_generated.wav | RTF: 0.2913(1.091s / 3.745s) | Generator RTF: 0.2904(1.088s / 3.745s)
generated_audios/generated_H3_256C_pruned30/260-123440-0009_generated.wav | RTF: 0.2907(0.905s / 3.115s) | Generator RTF: 0.2896(0.902s / 3.115s)
generated_audios/generated_H3_256C_pruned30/260-123440-0010_generated.wav | RTF: 0.2980(2.478s / 8.315s) | Generator RTF: 0.2975(2.474s / 8.315s)
generated_audios/generated_H3_256C_pruned30/260-123440-0011_generated.wav | RTF: 0.0762(0.371s / 4.870s) | Generator RTF: 0.0755(0.368s / 4.870s)
generated_audios/generated_H3_256C_pruned30/260-123440-0012_generated.wav | RTF: 0.2924(1.533s / 5.245s) | Generator RTF: 0.2916(1.529s / 5.245s)
generated_audios/generated_H3_256C_pruned30/260-123440-0013_generated.wav | RTF: 0.2884(1.002s / 3.475s) | Generator RTF: 0.2874(0.999s / 3.475s)
generated_audios/generated_H3_256C_pruned30/260-123440-0014_generated.wav | RTF: 0.2911(1.110s / 3.815s) | Generator RTF: 0.2902(1.107s / 3.815s)
generated_audios/generated_H3_256C_pruned30/260-123440-0015_generated.wav | RTF: 0.0790(0.490s / 6.200s) | Generator RTF: 0.0784(0.486s / 6.200s)
generated_audios/generated_H3_256C_pruned30/260-123440-0016_generated.wav | RTF: 0.2958(1.448s / 4.895s) | Generator RTF: 0.2951(1.444s / 4.895s)
generated_audios/generated_H3_256C_pruned30/260-123440-0017_generated.wav | RTF: 0.0857(0.263s / 3.070s) | Generator RTF: 0.0847(0.260s / 3.070s)
generated_audios/generated_H3_256C_pruned30/260-123440-0018_generated.wav | RTF: 0.2920(1.063s / 3.640s) | Generator RTF: 0.2911(1.060s / 3.640s)
generated_audios/generated_H3_256C_pruned30/260-123440-0019_generated.wav | RTF: 0.2934(1.945s / 6.630s) | Generator RTF: 0.2928(1.941s / 6.630s)
generated_audios/generated_H3_256C_pruned30/260-123440-0020_generated.wav | RTF: 0.2975(1.486s / 4.995s) | Generator RTF: 0.2968(1.482s / 4.995s)
generated_audios/generated_H3_256C_pruned30/61-70968-0000_generated.wav | RTF: 0.2959(1.451s / 4.905s) | Generator RTF: 0.2952(1.448s / 4.905s)
generated_audios/generated_H3_256C_pruned30/61-70968-0001_generated.wav | RTF: 0.2888(1.043s / 3.610s) | Generator RTF: 0.2878(1.039s / 3.610s)
generated_audios/generated_H3_256C_pruned30/61-70968-0002_generated.wav | RTF: 0.2841(0.844s / 2.970s) | Generator RTF: 0.2830(0.841s / 2.970s)
generated_audios/generated_H3_256C_pruned30/61-70968-0003_generated.wav | RTF: 0.0764(0.330s / 4.315s) | Generator RTF: 0.0756(0.326s / 4.315s)
generated_audios/generated_H3_256C_pruned30/61-70968-0004_generated.wav | RTF: 0.2935(1.140s / 3.885s) | Generator RTF: 0.2926(1.137s / 3.885s)
generated_audios/generated_H3_256C_pruned30/61-70968-0005_generated.wav | RTF: 0.0779(0.395s / 5.070s) | Generator RTF: 0.0773(0.392s / 5.070s)
generated_audios/generated_H3_256C_pruned30/61-70968-0006_generated.wav | RTF: 0.2828(0.830s / 2.935s) | Generator RTF: 0.2816(0.827s / 2.935s)
generated_audios/generated_H3_256C_pruned30/61-70968-0007_generated.wav | RTF: 0.0761(0.270s / 3.550s) | Generator RTF: 0.0751(0.267s / 3.550s)
generated_audios/generated_H3_256C_pruned30/61-70968-0008_generated.wav | RTF: 0.0764(0.270s / 3.535s) | Generator RTF: 0.0755(0.267s / 3.535s)
generated_audios/generated_H3_256C_pruned30/61-70968-0009_generated.wav | RTF: 0.2935(1.324s / 4.510s) | Generator RTF: 0.2927(1.320s / 4.510s)
generated_audios/generated_H3_256C_pruned30/61-70968-0010_generated.wav | RTF: 0.2981(2.473s / 8.295s) | Generator RTF: 0.2976(2.469s / 8.295s)
generated_audios/generated_H3_256C_pruned30/61-70968-0011_generated.wav | RTF: 0.2923(1.863s / 6.375s) | Generator RTF: 0.2917(1.860s / 6.375s)
generated_audios/generated_H3_256C_pruned30/61-70968-0012_generated.wav | RTF: 0.0793(0.207s / 2.610s) | Generator RTF: 0.0780(0.204s / 2.610s)
generated_audios/generated_H3_256C_pruned30/61-70968-0013_generated.wav | RTF: 0.0758(0.337s / 4.450s) | Generator RTF: 0.0751(0.334s / 4.450s)
generated_audios/generated_H3_256C_pruned30/61-70968-0014_generated.wav | RTF: 0.2990(2.238s / 7.485s) | Generator RTF: 0.2985(2.234s / 7.485s)
generated_audios/generated_H3_256C_pruned30/61-70968-0015_generated.wav | RTF: 0.2907(1.562s / 5.375s) | Generator RTF: 0.2900(1.559s / 5.375s)
generated_audios/generated_H3_256C_pruned30/61-70968-0016_generated.wav | RTF: 0.2938(1.093s / 3.720s) | Generator RTF: 0.2928(1.089s / 3.720s)
generated_audios/generated_H3_256C_pruned30/61-70968-0017_generated.wav | RTF: 0.2977(1.521s / 5.110s) | Generator RTF: 0.2970(1.518s / 5.110s)
generated_audios/generated_H3_256C_pruned30/61-70968-0018_generated.wav | RTF: 0.2870(0.690s / 2.405s) | Generator RTF: 0.2857(0.687s / 2.405s)
generated_audios/generated_H3_256C_pruned30/61-70968-0019_generated.wav | RTF: 0.2950(1.615s / 5.475s) | Generator RTF: 0.2944(1.612s / 5.475s)
generated_audios/generated_H3_256C_pruned30/61-70968-0020_generated.wav | RTF: 0.2989(1.526s / 5.105s) | Generator RTF: 0.2982(1.522s / 5.105s)
generated_audios/generated_H3_256C_pruned30/61-70968-0021_generated.wav | RTF: 0.2876(0.774s / 2.690s) | Generator RTF: 0.2863(0.770s / 2.690s)
generated_audios/generated_H3_256C_pruned30/61-70968-0022_generated.wav | RTF: 0.0781(0.365s / 4.670s) | Generator RTF: 0.0773(0.361s / 4.670s)
generated_audios/generated_H3_256C_pruned30/61-70968-0023_generated.wav | RTF: 0.0787(0.395s / 5.025s) | Generator RTF: 0.0779(0.392s / 5.025s)
generated_audios/generated_H3_256C_pruned30/61-70968-0024_generated.wav | RTF: 0.2972(1.791s / 6.025s) | Generator RTF: 0.2966(1.787s / 6.025s)
generated_audios/generated_H3_256C_pruned30/61-70968-0025_generated.wav | RTF: 0.0777(0.343s / 4.410s) | Generator RTF: 0.0769(0.339s / 4.410s)
generated_audios/generated_H3_256C_pruned30/61-70968-0026_generated.wav | RTF: 0.2923(1.438s / 4.920s) | Generator RTF: 0.2915(1.434s / 4.920s)
generated_audios/generated_H3_256C_pruned30/61-70968-0027_generated.wav | RTF: 0.2960(2.033s / 6.870s) | Generator RTF: 0.2954(2.029s / 6.870s)
generated_audios/generated_H3_256C_pruned30/61-70968-0028_generated.wav | RTF: 0.3155(1.689s / 5.355s) | Generator RTF: 0.3147(1.685s / 5.355s)
generated_audios/generated_H3_256C_pruned30/61-70968-0029_generated.wav | RTF: 0.2993(1.046s / 3.495s) | Generator RTF: 0.2983(1.043s / 3.495s)
generated_audios/generated_H3_256C_pruned30/61-70968-0030_generated.wav | RTF: 0.2956(1.681s / 5.685s) | Generator RTF: 0.2950(1.677s / 5.685s)
generated_audios/generated_H3_256C_pruned30/61-70968-0031_generated.wav | RTF: 0.3389(0.991s / 2.925s) | Generator RTF: 0.3378(0.988s / 2.925s)
generated_audios/generated_H3_256C_pruned30/61-70968-0032_generated.wav | RTF: 0.0761(0.326s / 4.280s) | Generator RTF: 0.0753(0.322s / 4.280s)
generated_audios/generated_H3_256C_pruned30/61-70968-0033_generated.wav | RTF: 0.0718(0.408s / 5.685s) | Generator RTF: 0.0711(0.404s / 5.685s)
generated_audios/generated_H3_256C_pruned30/61-70968-0034_generated.wav | RTF: 0.2977(1.259s / 4.230s) | Generator RTF: 0.2969(1.256s / 4.230s)
generated_audios/generated_H3_256C_pruned30/61-70968-0035_generated.wav | RTF: 0.2999(2.384s / 7.950s) | Generator RTF: 0.2994(2.380s / 7.950s)
generated_audios/generated_H3_256C_pruned30/61-70968-0036_generated.wav | RTF: 0.0746(0.219s / 2.935s) | Generator RTF: 0.0739(0.217s / 2.935s)
generated_audios/generated_H3_256C_pruned30/61-70968-0037_generated.wav | RTF: 0.0751(0.324s / 4.315s) | Generator RTF: 0.0747(0.322s / 4.315s)
generated_audios/generated_H3_256C_pruned30/61-70968-0038_generated.wav | RTF: 0.2981(0.611s / 2.050s) | Generator RTF: 0.2972(0.609s / 2.050s)
generated_audios/generated_H3_256C_pruned30/61-70968-0039_generated.wav | RTF: 0.2875(1.094s / 3.805s) | Generator RTF: 0.2870(1.092s / 3.805s)
generated_audios/generated_H3_256C_pruned30/61-70968-0040_generated.wav | RTF: 0.2942(1.162s / 3.950s) | Generator RTF: 0.2933(1.159s / 3.950s)
generated_audios/generated_H3_256C_pruned30/61-70968-0041_generated.wav | RTF: 0.0784(0.535s / 6.825s) | Generator RTF: 0.0779(0.532s / 6.825s)
generated_audios/generated_H3_256C_pruned30/61-70968-0042_generated.wav | RTF: 0.0767(0.214s / 2.785s) | Generator RTF: 0.0756(0.210s / 2.785s)
generated_audios/generated_H3_256C_pruned30/61-70968-0043_generated.wav | RTF: 0.2972(2.002s / 6.735s) | Generator RTF: 0.2966(1.998s / 6.735s)
generated_audios/generated_H3_256C_pruned30/61-70968-0044_generated.wav | RTF: 0.0751(0.208s / 2.770s) | Generator RTF: 0.0740(0.205s / 2.770s)
generated_audios/generated_H3_256C_pruned30/61-70968-0045_generated.wav | RTF: 0.0745(0.259s / 3.475s) | Generator RTF: 0.0736(0.256s / 3.475s)
generated_audios/generated_H3_256C_pruned30/61-70968-0046_generated.wav | RTF: 0.0765(0.271s / 3.550s) | Generator RTF: 0.0755(0.268s / 3.550s)
generated_audios/generated_H3_256C_pruned30/61-70968-0047_generated.wav | RTF: 0.2916(1.392s / 4.775s) | Generator RTF: 0.2909(1.389s / 4.775s)
generated_audios/generated_H3_256C_pruned30/61-70968-0048_generated.wav | RTF: 0.2992(0.904s / 3.020s) | Generator RTF: 0.2981(0.900s / 3.020s)
generated_audios/generated_H3_256C_pruned30/61-70968-0049_generated.wav | RTF: 0.3019(2.491s / 8.250s) | Generator RTF: 0.3014(2.487s / 8.250s)
generated_audios/generated_H3_256C_pruned30/61-70968-0050_generated.wav | RTF: 0.2961(1.652s / 5.580s) | Generator RTF: 0.2954(1.649s / 5.580s)
generated_audios/generated_H3_256C_pruned30/61-70968-0051_generated.wav | RTF: 0.2956(0.927s / 3.135s) | Generator RTF: 0.2943(0.923s / 3.135s)
generated_audios/generated_H3_256C_pruned30/61-70968-0052_generated.wav | RTF: 0.2735(0.725s / 2.650s) | Generator RTF: 0.2723(0.722s / 2.650s)
generated_audios/generated_H3_256C_pruned30/61-70968-0053_generated.wav | RTF: 0.0750(0.316s / 4.220s) | Generator RTF: 0.0742(0.313s / 4.220s)
generated_audios/generated_H3_256C_pruned30/61-70968-0054_generated.wav | RTF: 0.2999(2.357s / 7.860s) | Generator RTF: 0.2994(2.353s / 7.860s)
generated_audios/generated_H3_256C_pruned30/61-70968-0055_generated.wav | RTF: 0.0757(0.300s / 3.965s) | Generator RTF: 0.0748(0.297s / 3.965s)
generated_audios/generated_H3_256C_pruned30/61-70968-0056_generated.wav | RTF: 0.2828(1.008s / 3.565s) | Generator RTF: 0.2819(1.005s / 3.565s)
generated_audios/generated_H3_256C_pruned30/61-70968-0057_generated.wav | RTF: 0.0753(0.382s / 5.065s) | Generator RTF: 0.0747(0.378s / 5.065s)
generated_audios/generated_H3_256C_pruned30/61-70968-0058_generated.wav | RTF: 0.2728(0.496s / 1.820s) | Generator RTF: 0.2710(0.493s / 1.820s)
generated_audios/generated_H3_256C_pruned30/61-70968-0059_generated.wav | RTF: 0.0770(0.167s / 2.170s) | Generator RTF: 0.0755(0.164s / 2.170s)
generated_audios/generated_H3_256C_pruned30/61-70968-0060_generated.wav | RTF: 0.0745(0.278s / 3.735s) | Generator RTF: 0.0735(0.275s / 3.735s)
generated_audios/generated_H3_256C_pruned30/61-70968-0061_generated.wav | RTF: 0.2921(1.615s / 5.530s) | Generator RTF: 0.2914(1.612s / 5.530s)
generated_audios/generated_H3_256C_pruned30/61-70968-0062_generated.wav | RTF: 0.0782(0.200s / 2.555s) | Generator RTF: 0.0769(0.196s / 2.555s)
generated_audios/generated_H3_256C_pruned30/61-70970-0000_generated.wav | RTF: 0.2876(1.747s / 6.075s) | Generator RTF: 0.2870(1.744s / 6.075s)
generated_audios/generated_H3_256C_pruned30/61-70970-0001_generated.wav | RTF: 0.2932(1.804s / 6.155s) | Generator RTF: 0.2925(1.801s / 6.155s)
generated_audios/generated_H3_256C_pruned30/61-70970-0002_generated.wav | RTF: 0.2947(1.227s / 4.165s) | Generator RTF: 0.2938(1.224s / 4.165s)
generated_audios/generated_H3_256C_pruned30/61-70970-0003_generated.wav | RTF: 0.2905(1.114s / 3.835s) | Generator RTF: 0.2896(1.111s / 3.835s)
generated_audios/generated_H3_256C_pruned30/61-70970-0004_generated.wav | RTF: 0.3024(3.179s / 10.515s) | Generator RTF: 0.3019(3.174s / 10.515s)
generated_audios/generated_H3_256C_pruned30/61-70970-0005_generated.wav | RTF: 0.3142(0.635s / 2.020s) | Generator RTF: 0.3127(0.632s / 2.020s)
generated_audios/generated_H3_256C_pruned30/61-70970-0006_generated.wav | RTF: 0.3088(0.721s / 2.335s) | Generator RTF: 0.3074(0.718s / 2.335s)
generated_audios/generated_H3_256C_pruned30/61-70970-0007_generated.wav | RTF: 0.3092(1.387s / 4.485s) | Generator RTF: 0.3084(1.383s / 4.485s)
generated_audios/generated_H3_256C_pruned30/61-70970-0008_generated.wav | RTF: 0.3230(0.695s / 2.150s) | Generator RTF: 0.3215(0.691s / 2.150s)
generated_audios/generated_H3_256C_pruned30/61-70970-0009_generated.wav | RTF: 0.3086(1.051s / 3.405s) | Generator RTF: 0.3076(1.047s / 3.405s)
generated_audios/generated_H3_256C_pruned30/61-70970-0010_generated.wav | RTF: 0.0738(0.225s / 3.045s) | Generator RTF: 0.0727(0.221s / 3.045s)
generated_audios/generated_H3_256C_pruned30/61-70970-0011_generated.wav | RTF: 0.0713(0.433s / 6.075s) | Generator RTF: 0.0707(0.430s / 6.075s)
generated_audios/generated_H3_256C_pruned30/61-70970-0012_generated.wav | RTF: 0.0723(0.227s / 3.135s) | Generator RTF: 0.0712(0.223s / 3.135s)
generated_audios/generated_H3_256C_pruned30/61-70970-0013_generated.wav | RTF: 0.3062(1.332s / 4.350s) | Generator RTF: 0.3054(1.329s / 4.350s)
generated_audios/generated_H3_256C_pruned30/61-70970-0014_generated.wav | RTF: 0.0665(0.226s / 3.405s) | Generator RTF: 0.0655(0.223s / 3.405s)
generated_audios/generated_H3_256C_pruned30/61-70970-0015_generated.wav | RTF: 0.3028(2.548s / 8.415s) | Generator RTF: 0.3023(2.544s / 8.415s)
generated_audios/generated_H3_256C_pruned30/61-70970-0016_generated.wav | RTF: 0.2995(1.309s / 4.370s) | Generator RTF: 0.2988(1.306s / 4.370s)
generated_audios/generated_H3_256C_pruned30/61-70970-0017_generated.wav | RTF: 0.0767(0.196s / 2.550s) | Generator RTF: 0.0753(0.192s / 2.550s)
generated_audios/generated_H3_256C_pruned30/61-70970-0018_generated.wav | RTF: 0.2982(1.372s / 4.600s) | Generator RTF: 0.2974(1.368s / 4.600s)
generated_audios/generated_H3_256C_pruned30/61-70970-0019_generated.wav | RTF: 0.3000(1.134s / 3.780s) | Generator RTF: 0.2991(1.130s / 3.780s)
generated_audios/generated_H3_256C_pruned30/61-70970-0020_generated.wav | RTF: 0.0934(0.469s / 5.025s) | Generator RTF: 0.0927(0.466s / 5.025s)
generated_audios/generated_H3_256C_pruned30/61-70970-0021_generated.wav | RTF: 0.2999(1.621s / 5.405s) | Generator RTF: 0.2992(1.617s / 5.405s)
generated_audios/generated_H3_256C_pruned30/61-70970-0022_generated.wav | RTF: 0.0782(0.311s / 3.970s) | Generator RTF: 0.0774(0.307s / 3.970s)
generated_audios/generated_H3_256C_pruned30/61-70970-0023_generated.wav | RTF: 0.0732(0.271s / 3.705s) | Generator RTF: 0.0723(0.268s / 3.705s)
generated_audios/generated_H3_256C_pruned30/61-70970-0024_generated.wav | RTF: 0.3019(2.184s / 7.235s) | Generator RTF: 0.3013(2.180s / 7.235s)
generated_audios/generated_H3_256C_pruned30/61-70970-0025_generated.wav | RTF: 0.3002(2.232s / 7.435s) | Generator RTF: 0.2998(2.229s / 7.435s)
generated_audios/generated_H3_256C_pruned30/61-70970-0026_generated.wav | RTF: 0.0758(0.415s / 5.475s) | Generator RTF: 0.0752(0.412s / 5.475s)
generated_audios/generated_H3_256C_pruned30/61-70970-0027_generated.wav | RTF: 0.0777(0.395s / 5.080s) | Generator RTF: 0.0770(0.391s / 5.080s)
generated_audios/generated_H3_256C_pruned30/61-70970-0028_generated.wav | RTF: 0.0751(0.492s / 6.550s) | Generator RTF: 0.0745(0.488s / 6.550s)
generated_audios/generated_H3_256C_pruned30/61-70970-0029_generated.wav | RTF: 0.0886(0.357s / 4.030s) | Generator RTF: 0.0878(0.354s / 4.030s)
generated_audios/generated_H3_256C_pruned30/61-70970-0030_generated.wav | RTF: 0.0749(0.243s / 3.240s) | Generator RTF: 0.0738(0.239s / 3.240s)
generated_audios/generated_H3_256C_pruned30/61-70970-0031_generated.wav | RTF: 0.3002(1.542s / 5.135s) | Generator RTF: 0.2995(1.538s / 5.135s)
generated_audios/generated_H3_256C_pruned30/61-70970-0032_generated.wav | RTF: 0.0736(0.231s / 3.135s) | Generator RTF: 0.0725(0.227s / 3.135s)
generated_audios/generated_H3_256C_pruned30/61-70970-0033_generated.wav | RTF: 0.2970(1.016s / 3.420s) | Generator RTF: 0.2959(1.012s / 3.420s)
generated_audios/generated_H3_256C_pruned30/61-70970-0034_generated.wav | RTF: 0.0764(0.343s / 4.485s) | Generator RTF: 0.0757(0.339s / 4.485s)
generated_audios/generated_H3_256C_pruned30/61-70970-0035_generated.wav | RTF: 0.0762(0.564s / 7.405s) | Generator RTF: 0.0757(0.560s / 7.405s)
generated_audios/generated_H3_256C_pruned30/61-70970-0036_generated.wav | RTF: 0.0744(0.505s / 6.785s) | Generator RTF: 0.0739(0.501s / 6.785s)
generated_audios/generated_H3_256C_pruned30/61-70970-0037_generated.wav | RTF: 0.2997(1.792s / 5.980s) | Generator RTF: 0.2991(1.789s / 5.980s)
generated_audios/generated_H3_256C_pruned30/61-70970-0038_generated.wav | RTF: 0.3024(3.145s / 10.400s) | Generator RTF: 0.3020(3.141s / 10.400s)
generated_audios/generated_H3_256C_pruned30/61-70970-0039_generated.wav | RTF: 0.0750(0.500s / 6.665s) | Generator RTF: 0.0744(0.496s / 6.665s)
generated_audios/generated_H3_256C_pruned30/61-70970-0040_generated.wav | RTF: 0.0776(0.323s / 4.165s) | Generator RTF: 0.0768(0.320s / 4.165s)
generated_audios/generated_H3_256C_pruned30/672-122797-0000_generated.wav | RTF: 0.3096(1.260s / 4.070s) | Generator RTF: 0.3087(1.256s / 4.070s)
generated_audios/generated_H3_256C_pruned30/672-122797-0001_generated.wav | RTF: 0.3013(4.559s / 15.130s) | Generator RTF: 0.3010(4.554s / 15.130s)
generated_audios/generated_H3_256C_pruned30/672-122797-0002_generated.wav | RTF: 0.3001(4.087s / 13.620s) | Generator RTF: 0.2997(4.082s / 13.620s)
generated_audios/generated_H3_256C_pruned30/672-122797-0003_generated.wav | RTF: 0.3099(1.475s / 4.760s) | Generator RTF: 0.3091(1.471s / 4.760s)
generated_audios/generated_H3_256C_pruned30/672-122797-0004_generated.wav | RTF: 0.2977(3.052s / 10.250s) | Generator RTF: 0.2973(3.048s / 10.250s)
generated_audios/generated_H3_256C_pruned30/672-122797-0005_generated.wav | RTF: 0.3135(1.022s / 3.260s) | Generator RTF: 0.3124(1.019s / 3.260s)
generated_audios/generated_H3_256C_pruned30/672-122797-0006_generated.wav | RTF: 0.3055(4.261s / 13.950s) | Generator RTF: 0.3052(4.257s / 13.950s)
generated_audios/generated_H3_256C_pruned30/672-122797-0007_generated.wav | RTF: 0.3040(1.952s / 6.420s) | Generator RTF: 0.3035(1.948s / 6.420s)
generated_audios/generated_H3_256C_pruned30/672-122797-0008_generated.wav | RTF: 0.3063(9.439s / 30.810s) | Generator RTF: 0.3061(9.432s / 30.810s)
generated_audios/generated_H3_256C_pruned30/672-122797-0009_generated.wav | RTF: 0.0778(0.215s / 2.765s) | Generator RTF: 0.0767(0.212s / 2.765s)
generated_audios/generated_H3_256C_pruned30/672-122797-0010_generated.wav | RTF: 0.0767(0.292s / 3.815s) | Generator RTF: 0.0758(0.289s / 3.815s)
generated_audios/generated_H3_256C_pruned30/672-122797-0011_generated.wav | RTF: 0.3228(0.820s / 2.540s) | Generator RTF: 0.3216(0.817s / 2.540s)
generated_audios/generated_H3_256C_pruned30/672-122797-0012_generated.wav | RTF: 0.3117(2.420s / 7.765s) | Generator RTF: 0.3112(2.417s / 7.765s)
generated_audios/generated_H3_256C_pruned30/672-122797-0013_generated.wav | RTF: 0.3097(2.696s / 8.705s) | Generator RTF: 0.3092(2.692s / 8.705s)
generated_audios/generated_H3_256C_pruned30/672-122797-0014_generated.wav | RTF: 0.0786(0.201s / 2.555s) | Generator RTF: 0.0773(0.198s / 2.555s)
generated_audios/generated_H3_256C_pruned30/672-122797-0015_generated.wav | RTF: 0.0762(0.339s / 4.455s) | Generator RTF: 0.0755(0.336s / 4.455s)
generated_audios/generated_H3_256C_pruned30/672-122797-0016_generated.wav | RTF: 0.2996(2.760s / 9.215s) | Generator RTF: 0.2991(2.757s / 9.215s)
generated_audios/generated_H3_256C_pruned30/672-122797-0017_generated.wav | RTF: 0.3028(1.460s / 4.820s) | Generator RTF: 0.3021(1.456s / 4.820s)
generated_audios/generated_H3_256C_pruned30/672-122797-0018_generated.wav | RTF: 0.2992(1.475s / 4.930s) | Generator RTF: 0.2985(1.472s / 4.930s)
generated_audios/generated_H3_256C_pruned30/672-122797-0019_generated.wav | RTF: 0.2956(1.215s / 4.110s) | Generator RTF: 0.2948(1.212s / 4.110s)
generated_audios/generated_H3_256C_pruned30/672-122797-0020_generated.wav | RTF: 0.3017(2.663s / 8.825s) | Generator RTF: 0.3013(2.659s / 8.825s)
generated_audios/generated_H3_256C_pruned30/672-122797-0021_generated.wav | RTF: 0.0769(0.319s / 4.150s) | Generator RTF: 0.0760(0.316s / 4.150s)
generated_audios/generated_H3_256C_pruned30/672-122797-0022_generated.wav | RTF: 0.3059(5.813s / 19.005s) | Generator RTF: 0.3056(5.808s / 19.005s)
generated_audios/generated_H3_256C_pruned30/672-122797-0023_generated.wav | RTF: 0.3026(2.934s / 9.695s) | Generator RTF: 0.3022(2.930s / 9.695s)
generated_audios/generated_H3_256C_pruned30/672-122797-0024_generated.wav | RTF: 0.3030(1.251s / 4.130s) | Generator RTF: 0.3022(1.248s / 4.130s)
generated_audios/generated_H3_256C_pruned30/672-122797-0025_generated.wav | RTF: 0.3047(3.257s / 10.690s) | Generator RTF: 0.3043(3.253s / 10.690s)
generated_audios/generated_H3_256C_pruned30/672-122797-0026_generated.wav | RTF: 0.3035(4.236s / 13.960s) | Generator RTF: 0.3031(4.232s / 13.960s)
generated_audios/generated_H3_256C_pruned30/672-122797-0027_generated.wav | RTF: 0.0793(0.380s / 4.790s) | Generator RTF: 0.0786(0.377s / 4.790s)
generated_audios/generated_H3_256C_pruned30/672-122797-0028_generated.wav | RTF: 0.0770(0.201s / 2.610s) | Generator RTF: 0.0757(0.198s / 2.610s)
generated_audios/generated_H3_256C_pruned30/672-122797-0029_generated.wav | RTF: 0.0753(0.230s / 3.050s) | Generator RTF: 0.0743(0.226s / 3.050s)
generated_audios/generated_H3_256C_pruned30/672-122797-0030_generated.wav | RTF: 0.2980(1.363s / 4.575s) | Generator RTF: 0.2973(1.360s / 4.575s)
generated_audios/generated_H3_256C_pruned30/672-122797-0031_generated.wav | RTF: 0.0773(0.308s / 3.980s) | Generator RTF: 0.0765(0.304s / 3.980s)
generated_audios/generated_H3_256C_pruned30/672-122797-0032_generated.wav | RTF: 0.0760(0.304s / 4.000s) | Generator RTF: 0.0751(0.301s / 4.000s)
generated_audios/generated_H3_256C_pruned30/672-122797-0033_generated.wav | RTF: 0.3049(0.392s / 1.285s) | Generator RTF: 0.3022(0.388s / 1.285s)
generated_audios/generated_H3_256C_pruned30/672-122797-0034_generated.wav | RTF: 0.0778(0.398s / 5.110s) | Generator RTF: 0.0771(0.394s / 5.110s)
generated_audios/generated_H3_256C_pruned30/672-122797-0035_generated.wav | RTF: 0.0765(0.222s / 2.900s) | Generator RTF: 0.0753(0.218s / 2.900s)
generated_audios/generated_H3_256C_pruned30/672-122797-0036_generated.wav | RTF: 0.0794(0.426s / 5.365s) | Generator RTF: 0.0787(0.422s / 5.365s)
generated_audios/generated_H3_256C_pruned30/672-122797-0037_generated.wav | RTF: 0.2982(0.584s / 1.960s) | Generator RTF: 0.2966(0.581s / 1.960s)
generated_audios/generated_H3_256C_pruned30/672-122797-0038_generated.wav | RTF: 0.3013(2.652s / 8.800s) | Generator RTF: 0.3009(2.648s / 8.800s)
generated_audios/generated_H3_256C_pruned30/672-122797-0039_generated.wav | RTF: 0.2980(1.199s / 4.025s) | Generator RTF: 0.2971(1.196s / 4.025s)
generated_audios/generated_H3_256C_pruned30/672-122797-0040_generated.wav | RTF: 0.0781(0.400s / 5.125s) | Generator RTF: 0.0774(0.397s / 5.125s)
generated_audios/generated_H3_256C_pruned30/672-122797-0041_generated.wav | RTF: 0.0777(0.301s / 3.880s) | Generator RTF: 0.0769(0.298s / 3.880s)
generated_audios/generated_H3_256C_pruned30/672-122797-0042_generated.wav | RTF: 0.3017(4.619s / 15.310s) | Generator RTF: 0.3014(4.614s / 15.310s)
generated_audios/generated_H3_256C_pruned30/672-122797-0043_generated.wav | RTF: 0.0757(0.286s / 3.780s) | Generator RTF: 0.0748(0.283s / 3.780s)
generated_audios/generated_H3_256C_pruned30/672-122797-0044_generated.wav | RTF: 0.0746(0.279s / 3.740s) | Generator RTF: 0.0737(0.276s / 3.740s)
generated_audios/generated_H3_256C_pruned30/672-122797-0045_generated.wav | RTF: 0.0763(1.065s / 13.960s) | Generator RTF: 0.0760(1.061s / 13.960s)
generated_audios/generated_H3_256C_pruned30/672-122797-0046_generated.wav | RTF: 0.2961(1.396s / 4.715s) | Generator RTF: 0.2953(1.393s / 4.715s)
generated_audios/generated_H3_256C_pruned30/672-122797-0047_generated.wav | RTF: 0.2938(0.977s / 3.325s) | Generator RTF: 0.2928(0.973s / 3.325s)
generated_audios/generated_H3_256C_pruned30/672-122797-0048_generated.wav | RTF: 0.0760(0.498s / 6.555s) | Generator RTF: 0.0755(0.495s / 6.555s)
generated_audios/generated_H3_256C_pruned30/672-122797-0049_generated.wav | RTF: 0.0823(0.166s / 2.020s) | Generator RTF: 0.0808(0.163s / 2.020s)
generated_audios/generated_H3_256C_pruned30/672-122797-0050_generated.wav | RTF: 0.3079(1.495s / 4.855s) | Generator RTF: 0.3072(1.491s / 4.855s)
generated_audios/generated_H3_256C_pruned30/672-122797-0051_generated.wav | RTF: 0.3031(1.414s / 4.665s) | Generator RTF: 0.3024(1.411s / 4.665s)
generated_audios/generated_H3_256C_pruned30/672-122797-0052_generated.wav | RTF: 0.2997(1.284s / 4.285s) | Generator RTF: 0.2990(1.281s / 4.285s)
generated_audios/generated_H3_256C_pruned30/672-122797-0053_generated.wav | RTF: 0.0771(0.228s / 2.955s) | Generator RTF: 0.0759(0.224s / 2.955s)
generated_audios/generated_H3_256C_pruned30/672-122797-0054_generated.wav | RTF: 0.0751(0.319s / 4.250s) | Generator RTF: 0.0743(0.316s / 4.250s)
generated_audios/generated_H3_256C_pruned30/672-122797-0055_generated.wav | RTF: 0.3017(2.483s / 8.230s) | Generator RTF: 0.3012(2.479s / 8.230s)
generated_audios/generated_H3_256C_pruned30/672-122797-0056_generated.wav | RTF: 0.0771(0.403s / 5.225s) | Generator RTF: 0.0763(0.399s / 5.225s)
generated_audios/generated_H3_256C_pruned30/672-122797-0057_generated.wav | RTF: 0.0768(0.504s / 6.560s) | Generator RTF: 0.0762(0.500s / 6.560s)
generated_audios/generated_H3_256C_pruned30/672-122797-0058_generated.wav | RTF: 0.3100(1.386s / 4.470s) | Generator RTF: 0.3093(1.382s / 4.470s)
generated_audios/generated_H3_256C_pruned30/672-122797-0059_generated.wav | RTF: 0.3012(1.060s / 3.520s) | Generator RTF: 0.3002(1.057s / 3.520s)
generated_audios/generated_H3_256C_pruned30/672-122797-0060_generated.wav | RTF: 0.0758(0.254s / 3.350s) | Generator RTF: 0.0746(0.250s / 3.350s)
generated_audios/generated_H3_256C_pruned30/672-122797-0061_generated.wav | RTF: 0.2988(2.268s / 7.590s) | Generator RTF: 0.2983(2.264s / 7.590s)
generated_audios/generated_H3_256C_pruned30/672-122797-0062_generated.wav | RTF: 0.3048(0.815s / 2.675s) | Generator RTF: 0.3035(0.812s / 2.675s)
generated_audios/generated_H3_256C_pruned30/672-122797-0063_generated.wav | RTF: 0.0761(0.386s / 5.075s) | Generator RTF: 0.0754(0.383s / 5.075s)
generated_audios/generated_H3_256C_pruned30/672-122797-0064_generated.wav | RTF: 0.3043(4.647s / 15.270s) | Generator RTF: 0.3040(4.643s / 15.270s)
generated_audios/generated_H3_256C_pruned30/672-122797-0065_generated.wav | RTF: 0.0746(0.226s / 3.030s) | Generator RTF: 0.0735(0.223s / 3.030s)
generated_audios/generated_H3_256C_pruned30/672-122797-0066_generated.wav | RTF: 0.0772(0.372s / 4.815s) | Generator RTF: 0.0764(0.368s / 4.815s)
generated_audios/generated_H3_256C_pruned30/672-122797-0067_generated.wav | RTF: 0.3013(3.927s / 13.035s) | Generator RTF: 0.3010(3.923s / 13.035s)
generated_audios/generated_H3_256C_pruned30/672-122797-0068_generated.wav | RTF: 0.0768(0.309s / 4.020s) | Generator RTF: 0.0759(0.305s / 4.020s)
generated_audios/generated_H3_256C_pruned30/672-122797-0069_generated.wav | RTF: 0.3024(1.515s / 5.010s) | Generator RTF: 0.3017(1.512s / 5.010s)
generated_audios/generated_H3_256C_pruned30/672-122797-0070_generated.wav | RTF: 0.3062(1.920s / 6.270s) | Generator RTF: 0.3056(1.916s / 6.270s)
generated_audios/generated_H3_256C_pruned30/672-122797-0071_generated.wav | RTF: 0.3070(2.725s / 8.875s) | Generator RTF: 0.3065(2.720s / 8.875s)
generated_audios/generated_H3_256C_pruned30/672-122797-0072_generated.wav | RTF: 0.3031(2.407s / 7.940s) | Generator RTF: 0.3026(2.403s / 7.940s)
generated_audios/generated_H3_256C_pruned30/672-122797-0073_generated.wav | RTF: 0.3013(2.472s / 8.205s) | Generator RTF: 0.3008(2.468s / 8.205s)
generated_audios/generated_H3_256C_pruned30/672-122797-0074_generated.wav | RTF: 0.3011(2.628s / 8.730s) | Generator RTF: 0.3006(2.625s / 8.730s)
generated_audios/generated_H3_256C_pruned30/908-157963-0000_generated.wav | RTF: 0.3003(3.790s / 12.620s) | Generator RTF: 0.3000(3.786s / 12.620s)
generated_audios/generated_H3_256C_pruned30/908-157963-0001_generated.wav | RTF: 0.3103(0.895s / 2.885s) | Generator RTF: 0.3091(0.892s / 2.885s)
generated_audios/generated_H3_256C_pruned30/908-157963-0002_generated.wav | RTF: 0.2906(0.801s / 2.755s) | Generator RTF: 0.2896(0.798s / 2.755s)
generated_audios/generated_H3_256C_pruned30/908-157963-0003_generated.wav | RTF: 0.3013(0.928s / 3.080s) | Generator RTF: 0.3003(0.925s / 3.080s)
generated_audios/generated_H3_256C_pruned30/908-157963-0004_generated.wav | RTF: 0.3047(4.262s / 13.990s) | Generator RTF: 0.3044(4.258s / 13.990s)
generated_audios/generated_H3_256C_pruned30/908-157963-0005_generated.wav | RTF: 0.3038(2.137s / 7.035s) | Generator RTF: 0.3032(2.133s / 7.035s)
generated_audios/generated_H3_256C_pruned30/908-157963-0006_generated.wav | RTF: 0.3079(2.497s / 8.110s) | Generator RTF: 0.3075(2.494s / 8.110s)
generated_audios/generated_H3_256C_pruned30/908-157963-0007_generated.wav | RTF: 0.3069(10.056s / 32.770s) | Generator RTF: 0.3067(10.049s / 32.770s)
generated_audios/generated_H3_256C_pruned30/908-157963-0008_generated.wav | RTF: 0.3047(6.078s / 19.950s) | Generator RTF: 0.3044(6.074s / 19.950s)
generated_audios/generated_H3_256C_pruned30/908-157963-0009_generated.wav | RTF: 0.2998(1.217s / 4.060s) | Generator RTF: 0.2989(1.213s / 4.060s)
generated_audios/generated_H3_256C_pruned30/908-157963-0010_generated.wav | RTF: 0.0776(0.487s / 6.280s) | Generator RTF: 0.0770(0.483s / 6.280s)
generated_audios/generated_H3_256C_pruned30/908-157963-0011_generated.wav | RTF: 0.0759(0.789s / 10.395s) | Generator RTF: 0.0754(0.784s / 10.395s)
generated_audios/generated_H3_256C_pruned30/908-157963-0012_generated.wav | RTF: 0.3032(3.059s / 10.090s) | Generator RTF: 0.3028(3.055s / 10.090s)
generated_audios/generated_H3_256C_pruned30/908-157963-0013_generated.wav | RTF: 0.0753(0.325s / 4.315s) | Generator RTF: 0.0746(0.322s / 4.315s)
generated_audios/generated_H3_256C_pruned30/908-157963-0014_generated.wav | RTF: 0.0753(0.341s / 4.520s) | Generator RTF: 0.0746(0.337s / 4.520s)
generated_audios/generated_H3_256C_pruned30/908-157963-0015_generated.wav | RTF: 0.3023(4.373s / 14.465s) | Generator RTF: 0.3020(4.369s / 14.465s)
generated_audios/generated_H3_256C_pruned30/908-157963-0016_generated.wav | RTF: 0.0773(0.395s / 5.105s) | Generator RTF: 0.0765(0.391s / 5.105s)
generated_audios/generated_H3_256C_pruned30/908-157963-0017_generated.wav | RTF: 0.2976(1.473s / 4.950s) | Generator RTF: 0.2969(1.470s / 4.950s)
generated_audios/generated_H3_256C_pruned30/908-157963-0018_generated.wav | RTF: 0.0778(0.331s / 4.255s) | Generator RTF: 0.0770(0.328s / 4.255s)
generated_audios/generated_H3_256C_pruned30/908-157963-0019_generated.wav | RTF: 0.3058(6.556s / 21.440s) | Generator RTF: 0.3055(6.551s / 21.440s)
generated_audios/generated_H3_256C_pruned30/908-157963-0020_generated.wav | RTF: 0.3032(2.972s / 9.800s) | Generator RTF: 0.3028(2.968s / 9.800s)
generated_audios/generated_H3_256C_pruned30/908-157963-0021_generated.wav | RTF: 0.0778(0.796s / 10.240s) | Generator RTF: 0.0773(0.792s / 10.240s)
generated_audios/generated_H3_256C_pruned30/908-157963-0022_generated.wav | RTF: 0.3126(1.441s / 4.610s) | Generator RTF: 0.3117(1.437s / 4.610s)
generated_audios/generated_H3_256C_pruned30/908-157963-0023_generated.wav | RTF: 0.3026(2.912s / 9.625s) | Generator RTF: 0.3021(2.908s / 9.625s)
generated_audios/generated_H3_256C_pruned30/908-157963-0024_generated.wav | RTF: 0.3010(1.035s / 3.440s) | Generator RTF: 0.3000(1.032s / 3.440s)
generated_audios/generated_H3_256C_pruned30/908-157963-0025_generated.wav | RTF: 0.3011(2.789s / 9.265s) | Generator RTF: 0.3006(2.785s / 9.265s)
generated_audios/generated_H3_256C_pruned30/908-157963-0026_generated.wav | RTF: 0.3019(2.446s / 8.100s) | Generator RTF: 0.3015(2.442s / 8.100s)
generated_audios/generated_H3_256C_pruned30/908-157963-0027_generated.wav | RTF: 0.0797(0.416s / 5.225s) | Generator RTF: 0.0790(0.413s / 5.225s)
generated_audios/generated_H3_256C_pruned30/908-157963-0028_generated.wav | RTF: 0.0723(0.358s / 4.955s) | Generator RTF: 0.0716(0.355s / 4.955s)
generated_audios/generated_H3_256C_pruned30/908-157963-0029_generated.wav | RTF: 0.2939(1.067s / 3.630s) | Generator RTF: 0.2933(1.065s / 3.630s)
generated_audios/generated_H3_256C_pruned30/908-157963-0030_generated.wav | RTF: 0.0762(0.344s / 4.520s) | Generator RTF: 0.0754(0.341s / 4.520s)
generated_audios/generated_H3_256C_pruned30/908-31957-0000_generated.wav | RTF: 0.2961(0.629s / 2.125s) | Generator RTF: 0.2948(0.626s / 2.125s)
generated_audios/generated_H3_256C_pruned30/908-31957-0001_generated.wav | RTF: 0.3033(3.432s / 11.315s) | Generator RTF: 0.3030(3.428s / 11.315s)
generated_audios/generated_H3_256C_pruned30/908-31957-0002_generated.wav | RTF: 0.0777(0.372s / 4.790s) | Generator RTF: 0.0769(0.368s / 4.790s)
generated_audios/generated_H3_256C_pruned30/908-31957-0003_generated.wav | RTF: 0.0769(0.505s / 6.565s) | Generator RTF: 0.0764(0.501s / 6.565s)
generated_audios/generated_H3_256C_pruned30/908-31957-0004_generated.wav | RTF: 0.3056(4.509s / 14.755s) | Generator RTF: 0.3053(4.505s / 14.755s)
generated_audios/generated_H3_256C_pruned30/908-31957-0005_generated.wav | RTF: 0.0773(0.347s / 4.490s) | Generator RTF: 0.0766(0.344s / 4.490s)
generated_audios/generated_H3_256C_pruned30/908-31957-0006_generated.wav | RTF: 0.3010(1.773s / 5.890s) | Generator RTF: 0.3004(1.769s / 5.890s)
generated_audios/generated_H3_256C_pruned30/908-31957-0007_generated.wav | RTF: 0.0769(0.446s / 5.800s) | Generator RTF: 0.0763(0.443s / 5.800s)
generated_audios/generated_H3_256C_pruned30/908-31957-0008_generated.wav | RTF: 0.3023(3.025s / 10.005s) | Generator RTF: 0.3019(3.021s / 10.005s)
generated_audios/generated_H3_256C_pruned30/908-31957-0009_generated.wav | RTF: 0.3031(2.335s / 7.705s) | Generator RTF: 0.3026(2.332s / 7.705s)
generated_audios/generated_H3_256C_pruned30/908-31957-0010_generated.wav | RTF: 0.2952(0.741s / 2.510s) | Generator RTF: 0.2941(0.738s / 2.510s)
generated_audios/generated_H3_256C_pruned30/908-31957-0011_generated.wav | RTF: 0.0815(0.190s / 2.335s) | Generator RTF: 0.0801(0.187s / 2.335s)
generated_audios/generated_H3_256C_pruned30/908-31957-0012_generated.wav | RTF: 0.3014(2.295s / 7.615s) | Generator RTF: 0.3009(2.292s / 7.615s)
generated_audios/generated_H3_256C_pruned30/908-31957-0013_generated.wav | RTF: 0.3080(1.904s / 6.180s) | Generator RTF: 0.3074(1.900s / 6.180s)
generated_audios/generated_H3_256C_pruned30/908-31957-0014_generated.wav | RTF: 0.3002(2.269s / 7.560s) | Generator RTF: 0.2997(2.266s / 7.560s)
generated_audios/generated_H3_256C_pruned30/908-31957-0015_generated.wav | RTF: 0.3084(6.620s / 21.465s) | Generator RTF: 0.3081(6.614s / 21.465s)
generated_audios/generated_H3_256C_pruned30/908-31957-0016_generated.wav | RTF: 0.2948(1.910s / 6.480s) | Generator RTF: 0.2942(1.906s / 6.480s)
generated_audios/generated_H3_256C_pruned30/908-31957-0017_generated.wav | RTF: 0.2982(2.325s / 7.795s) | Generator RTF: 0.2978(2.321s / 7.795s)
generated_audios/generated_H3_256C_pruned30/908-31957-0018_generated.wav | RTF: 0.2971(1.163s / 3.915s) | Generator RTF: 0.2961(1.159s / 3.915s)
generated_audios/generated_H3_256C_pruned30/908-31957-0019_generated.wav | RTF: 0.3026(2.887s / 9.540s) | Generator RTF: 0.3022(2.883s / 9.540s)
generated_audios/generated_H3_256C_pruned30/908-31957-0020_generated.wav | RTF: 0.0714(0.421s / 5.895s) | Generator RTF: 0.0708(0.418s / 5.895s)
generated_audios/generated_H3_256C_pruned30/908-31957-0021_generated.wav | RTF: 0.2994(3.265s / 10.905s) | Generator RTF: 0.2991(3.261s / 10.905s)
generated_audios/generated_H3_256C_pruned30/908-31957-0022_generated.wav | RTF: 0.3020(4.259s / 14.100s) | Generator RTF: 0.3017(4.254s / 14.100s)
generated_audios/generated_H3_256C_pruned30/908-31957-0023_generated.wav | RTF: 0.2999(2.553s / 8.515s) | Generator RTF: 0.2994(2.549s / 8.515s)
generated_audios/generated_H3_256C_pruned30/908-31957-0024_generated.wav | RTF: 0.3023(2.280s / 7.540s) | Generator RTF: 0.3018(2.276s / 7.540s)
generated_audios/generated_H3_256C_pruned30/908-31957-0025_generated.wav | RTF: 0.3289(6.763s / 20.560s) | Generator RTF: 0.3287(6.758s / 20.560s)
Average RTF: 0.2529(799.072s / 3159.849s)
Average Generator RTF: 0.2523(797.105s / 3159.849s)
Evaluation summary:
  Mel-spectrogram L1: 0.325309
  PESQ: 2.314858
  STOI: 0.925505
Appended per-audio metrics to CSV: per_audio_results/H3_256C_Mask_pruning

Appended metrics to CSV: experiments_results.csv
========== H3: pruning 50% ==========
Initializing Inference Process..
Using device: cpu (baseline and quantized inference both run on CPU)
Loading '/home/hpc/vlbi/vlbi107v/hifi-gan/cp_hifigan/v1_c256_ft50/g_00265000'
Complete.
Checkpoint contains masked pruning parameters. Preparing masked model before loading...
Removing weight norm...
Skipping ConvTranspose1d pruning for ups.0
Skipping ConvTranspose1d pruning for ups.1
Skipping ConvTranspose1d pruning for ups.2
Skipping ConvTranspose1d pruning for ups.3
Pruning (with mask) resblocks.0.convs1.0 (Conv1d): out_channels=128, dim=0, amount=0.0
Done pruning (with mask) resblocks.0.convs1.0 (Conv1d)
Pruning (with mask) resblocks.0.convs1.1 (Conv1d): out_channels=128, dim=0, amount=0.0
Done pruning (with mask) resblocks.0.convs1.1 (Conv1d)
Pruning (with mask) resblocks.0.convs1.2 (Conv1d): out_channels=128, dim=0, amount=0.0
Done pruning (with mask) resblocks.0.convs1.2 (Conv1d)
Pruning (with mask) resblocks.0.convs2.0 (Conv1d): out_channels=128, dim=0, amount=0.0
Done pruning (with mask) resblocks.0.convs2.0 (Conv1d)
Pruning (with mask) resblocks.0.convs2.1 (Conv1d): out_channels=128, dim=0, amount=0.0
Done pruning (with mask) resblocks.0.convs2.1 (Conv1d)
Pruning (with mask) resblocks.0.convs2.2 (Conv1d): out_channels=128, dim=0, amount=0.0
Done pruning (with mask) resblocks.0.convs2.2 (Conv1d)
Pruning (with mask) resblocks.1.convs1.0 (Conv1d): out_channels=128, dim=0, amount=0.0
Done pruning (with mask) resblocks.1.convs1.0 (Conv1d)
Pruning (with mask) resblocks.1.convs1.1 (Conv1d): out_channels=128, dim=0, amount=0.0
Done pruning (with mask) resblocks.1.convs1.1 (Conv1d)
Pruning (with mask) resblocks.1.convs1.2 (Conv1d): out_channels=128, dim=0, amount=0.0
Done pruning (with mask) resblocks.1.convs1.2 (Conv1d)
Pruning (with mask) resblocks.1.convs2.0 (Conv1d): out_channels=128, dim=0, amount=0.0
Done pruning (with mask) resblocks.1.convs2.0 (Conv1d)
Pruning (with mask) resblocks.1.convs2.1 (Conv1d): out_channels=128, dim=0, amount=0.0
Done pruning (with mask) resblocks.1.convs2.1 (Conv1d)
Pruning (with mask) resblocks.1.convs2.2 (Conv1d): out_channels=128, dim=0, amount=0.0
Done pruning (with mask) resblocks.1.convs2.2 (Conv1d)
Pruning (with mask) resblocks.2.convs1.0 (Conv1d): out_channels=128, dim=0, amount=0.0
Done pruning (with mask) resblocks.2.convs1.0 (Conv1d)
Pruning (with mask) resblocks.2.convs1.1 (Conv1d): out_channels=128, dim=0, amount=0.0
Done pruning (with mask) resblocks.2.convs1.1 (Conv1d)
Pruning (with mask) resblocks.2.convs1.2 (Conv1d): out_channels=128, dim=0, amount=0.0
Done pruning (with mask) resblocks.2.convs1.2 (Conv1d)
Pruning (with mask) resblocks.2.convs2.0 (Conv1d): out_channels=128, dim=0, amount=0.0
Done pruning (with mask) resblocks.2.convs2.0 (Conv1d)
Pruning (with mask) resblocks.2.convs2.1 (Conv1d): out_channels=128, dim=0, amount=0.0
Done pruning (with mask) resblocks.2.convs2.1 (Conv1d)
Pruning (with mask) resblocks.2.convs2.2 (Conv1d): out_channels=128, dim=0, amount=0.0
Done pruning (with mask) resblocks.2.convs2.2 (Conv1d)
Pruning (with mask) resblocks.3.convs1.0 (Conv1d): out_channels=64, dim=0, amount=0.0
Done pruning (with mask) resblocks.3.convs1.0 (Conv1d)
Pruning (with mask) resblocks.3.convs1.1 (Conv1d): out_channels=64, dim=0, amount=0.0
Done pruning (with mask) resblocks.3.convs1.1 (Conv1d)
Pruning (with mask) resblocks.3.convs1.2 (Conv1d): out_channels=64, dim=0, amount=0.0
Done pruning (with mask) resblocks.3.convs1.2 (Conv1d)
Pruning (with mask) resblocks.3.convs2.0 (Conv1d): out_channels=64, dim=0, amount=0.0
Done pruning (with mask) resblocks.3.convs2.0 (Conv1d)
Pruning (with mask) resblocks.3.convs2.1 (Conv1d): out_channels=64, dim=0, amount=0.0
Done pruning (with mask) resblocks.3.convs2.1 (Conv1d)
Pruning (with mask) resblocks.3.convs2.2 (Conv1d): out_channels=64, dim=0, amount=0.0
Done pruning (with mask) resblocks.3.convs2.2 (Conv1d)
Pruning (with mask) resblocks.4.convs1.0 (Conv1d): out_channels=64, dim=0, amount=0.0
Done pruning (with mask) resblocks.4.convs1.0 (Conv1d)
Pruning (with mask) resblocks.4.convs1.1 (Conv1d): out_channels=64, dim=0, amount=0.0
Done pruning (with mask) resblocks.4.convs1.1 (Conv1d)
Pruning (with mask) resblocks.4.convs1.2 (Conv1d): out_channels=64, dim=0, amount=0.0
Done pruning (with mask) resblocks.4.convs1.2 (Conv1d)
Pruning (with mask) resblocks.4.convs2.0 (Conv1d): out_channels=64, dim=0, amount=0.0
Done pruning (with mask) resblocks.4.convs2.0 (Conv1d)
Pruning (with mask) resblocks.4.convs2.1 (Conv1d): out_channels=64, dim=0, amount=0.0
Done pruning (with mask) resblocks.4.convs2.1 (Conv1d)
Pruning (with mask) resblocks.4.convs2.2 (Conv1d): out_channels=64, dim=0, amount=0.0
Done pruning (with mask) resblocks.4.convs2.2 (Conv1d)
Pruning (with mask) resblocks.5.convs1.0 (Conv1d): out_channels=64, dim=0, amount=0.0
Done pruning (with mask) resblocks.5.convs1.0 (Conv1d)
Pruning (with mask) resblocks.5.convs1.1 (Conv1d): out_channels=64, dim=0, amount=0.0
Done pruning (with mask) resblocks.5.convs1.1 (Conv1d)
Pruning (with mask) resblocks.5.convs1.2 (Conv1d): out_channels=64, dim=0, amount=0.0
Done pruning (with mask) resblocks.5.convs1.2 (Conv1d)
Pruning (with mask) resblocks.5.convs2.0 (Conv1d): out_channels=64, dim=0, amount=0.0
Done pruning (with mask) resblocks.5.convs2.0 (Conv1d)
Pruning (with mask) resblocks.5.convs2.1 (Conv1d): out_channels=64, dim=0, amount=0.0
Done pruning (with mask) resblocks.5.convs2.1 (Conv1d)
Pruning (with mask) resblocks.5.convs2.2 (Conv1d): out_channels=64, dim=0, amount=0.0
Done pruning (with mask) resblocks.5.convs2.2 (Conv1d)
Pruning (with mask) resblocks.6.convs1.0 (Conv1d): out_channels=32, dim=0, amount=0.0
Done pruning (with mask) resblocks.6.convs1.0 (Conv1d)
Pruning (with mask) resblocks.6.convs1.1 (Conv1d): out_channels=32, dim=0, amount=0.0
Done pruning (with mask) resblocks.6.convs1.1 (Conv1d)
Pruning (with mask) resblocks.6.convs1.2 (Conv1d): out_channels=32, dim=0, amount=0.0
Done pruning (with mask) resblocks.6.convs1.2 (Conv1d)
Pruning (with mask) resblocks.6.convs2.0 (Conv1d): out_channels=32, dim=0, amount=0.0
Done pruning (with mask) resblocks.6.convs2.0 (Conv1d)
Pruning (with mask) resblocks.6.convs2.1 (Conv1d): out_channels=32, dim=0, amount=0.0
Done pruning (with mask) resblocks.6.convs2.1 (Conv1d)
Pruning (with mask) resblocks.6.convs2.2 (Conv1d): out_channels=32, dim=0, amount=0.0
Done pruning (with mask) resblocks.6.convs2.2 (Conv1d)
Pruning (with mask) resblocks.7.convs1.0 (Conv1d): out_channels=32, dim=0, amount=0.0
Done pruning (with mask) resblocks.7.convs1.0 (Conv1d)
Pruning (with mask) resblocks.7.convs1.1 (Conv1d): out_channels=32, dim=0, amount=0.0
Done pruning (with mask) resblocks.7.convs1.1 (Conv1d)
Pruning (with mask) resblocks.7.convs1.2 (Conv1d): out_channels=32, dim=0, amount=0.0
Done pruning (with mask) resblocks.7.convs1.2 (Conv1d)
Pruning (with mask) resblocks.7.convs2.0 (Conv1d): out_channels=32, dim=0, amount=0.0
Done pruning (with mask) resblocks.7.convs2.0 (Conv1d)
Pruning (with mask) resblocks.7.convs2.1 (Conv1d): out_channels=32, dim=0, amount=0.0
Done pruning (with mask) resblocks.7.convs2.1 (Conv1d)
Pruning (with mask) resblocks.7.convs2.2 (Conv1d): out_channels=32, dim=0, amount=0.0
Done pruning (with mask) resblocks.7.convs2.2 (Conv1d)
Pruning (with mask) resblocks.8.convs1.0 (Conv1d): out_channels=32, dim=0, amount=0.0
Done pruning (with mask) resblocks.8.convs1.0 (Conv1d)
Pruning (with mask) resblocks.8.convs1.1 (Conv1d): out_channels=32, dim=0, amount=0.0
Done pruning (with mask) resblocks.8.convs1.1 (Conv1d)
Pruning (with mask) resblocks.8.convs1.2 (Conv1d): out_channels=32, dim=0, amount=0.0
Done pruning (with mask) resblocks.8.convs1.2 (Conv1d)
Pruning (with mask) resblocks.8.convs2.0 (Conv1d): out_channels=32, dim=0, amount=0.0
Done pruning (with mask) resblocks.8.convs2.0 (Conv1d)
Pruning (with mask) resblocks.8.convs2.1 (Conv1d): out_channels=32, dim=0, amount=0.0
Done pruning (with mask) resblocks.8.convs2.1 (Conv1d)
Pruning (with mask) resblocks.8.convs2.2 (Conv1d): out_channels=32, dim=0, amount=0.0
Done pruning (with mask) resblocks.8.convs2.2 (Conv1d)
Pruning (with mask) resblocks.9.convs1.0 (Conv1d): out_channels=16, dim=0, amount=0.0
Done pruning (with mask) resblocks.9.convs1.0 (Conv1d)
Pruning (with mask) resblocks.9.convs1.1 (Conv1d): out_channels=16, dim=0, amount=0.0
Done pruning (with mask) resblocks.9.convs1.1 (Conv1d)
Pruning (with mask) resblocks.9.convs1.2 (Conv1d): out_channels=16, dim=0, amount=0.0
Done pruning (with mask) resblocks.9.convs1.2 (Conv1d)
Pruning (with mask) resblocks.9.convs2.0 (Conv1d): out_channels=16, dim=0, amount=0.0
Done pruning (with mask) resblocks.9.convs2.0 (Conv1d)
Pruning (with mask) resblocks.9.convs2.1 (Conv1d): out_channels=16, dim=0, amount=0.0
Done pruning (with mask) resblocks.9.convs2.1 (Conv1d)
Pruning (with mask) resblocks.9.convs2.2 (Conv1d): out_channels=16, dim=0, amount=0.0
Done pruning (with mask) resblocks.9.convs2.2 (Conv1d)
Pruning (with mask) resblocks.10.convs1.0 (Conv1d): out_channels=16, dim=0, amount=0.0
Done pruning (with mask) resblocks.10.convs1.0 (Conv1d)
Pruning (with mask) resblocks.10.convs1.1 (Conv1d): out_channels=16, dim=0, amount=0.0
Done pruning (with mask) resblocks.10.convs1.1 (Conv1d)
Pruning (with mask) resblocks.10.convs1.2 (Conv1d): out_channels=16, dim=0, amount=0.0
Done pruning (with mask) resblocks.10.convs1.2 (Conv1d)
Pruning (with mask) resblocks.10.convs2.0 (Conv1d): out_channels=16, dim=0, amount=0.0
Done pruning (with mask) resblocks.10.convs2.0 (Conv1d)
Pruning (with mask) resblocks.10.convs2.1 (Conv1d): out_channels=16, dim=0, amount=0.0
Done pruning (with mask) resblocks.10.convs2.1 (Conv1d)
Pruning (with mask) resblocks.10.convs2.2 (Conv1d): out_channels=16, dim=0, amount=0.0
Done pruning (with mask) resblocks.10.convs2.2 (Conv1d)
Pruning (with mask) resblocks.11.convs1.0 (Conv1d): out_channels=16, dim=0, amount=0.0
Done pruning (with mask) resblocks.11.convs1.0 (Conv1d)
Pruning (with mask) resblocks.11.convs1.1 (Conv1d): out_channels=16, dim=0, amount=0.0
Done pruning (with mask) resblocks.11.convs1.1 (Conv1d)
Pruning (with mask) resblocks.11.convs1.2 (Conv1d): out_channels=16, dim=0, amount=0.0
Done pruning (with mask) resblocks.11.convs1.2 (Conv1d)
Pruning (with mask) resblocks.11.convs2.0 (Conv1d): out_channels=16, dim=0, amount=0.0
Done pruning (with mask) resblocks.11.convs2.0 (Conv1d)
Pruning (with mask) resblocks.11.convs2.1 (Conv1d): out_channels=16, dim=0, amount=0.0
Done pruning (with mask) resblocks.11.convs2.1 (Conv1d)
Pruning (with mask) resblocks.11.convs2.2 (Conv1d): out_channels=16, dim=0, amount=0.0
Done pruning (with mask) resblocks.11.convs2.2 (Conv1d)
Removing pruning masks from masked checkpoint before inference...
Removed pruning masks from 72 modules
Saving checkpoint to /home/hpc/vlbi/vlbi107v/hifi-gan/cp_hifigan/v1_c256_ft50/compressed_checkpoint
Complete.
Saved compressed checkpoint: /home/hpc/vlbi/vlbi107v/hifi-gan/cp_hifigan/v1_c256_ft50/compressed_checkpoint (13.616 MB)
Compressed checkpoint parameters: 3,555,649
Clean mask-free checkpoint saved: /home/hpc/vlbi/vlbi107v/hifi-gan/cp_hifigan/v1_c256_ft50/compressed_checkpoint (13.616 MB)
Loaded checkpoint: /home/hpc/vlbi/vlbi107v/hifi-gan/cp_hifigan/v1_c256_ft50/g_00265000 (24.098 MB)
Generator parameters: 3,555,649
generated_audios/generated_H3_256C_pruned50/1089-134686-0000_generated.wav | RTF: 0.2736(2.855s / 10.435s) | Generator RTF: 0.2730(2.849s / 10.435s)
generated_audios/generated_H3_256C_pruned50/1089-134686-0001_generated.wav | RTF: 0.2675(0.876s / 3.275s) | Generator RTF: 0.2661(0.872s / 3.275s)
generated_audios/generated_H3_256C_pruned50/1089-134686-0002_generated.wav | RTF: 0.2602(1.724s / 6.625s) | Generator RTF: 0.2597(1.720s / 6.625s)
generated_audios/generated_H3_256C_pruned50/1089-134686-0003_generated.wav | RTF: 0.3059(0.820s / 2.680s) | Generator RTF: 0.2824(0.757s / 2.680s)
generated_audios/generated_H3_256C_pruned50/1089-134686-0004_generated.wav | RTF: 0.2681(1.398s / 5.215s) | Generator RTF: 0.2672(1.394s / 5.215s)
generated_audios/generated_H3_256C_pruned50/1089-134686-0005_generated.wav | RTF: 0.2697(2.599s / 9.635s) | Generator RTF: 0.2693(2.595s / 9.635s)
generated_audios/generated_H3_256C_pruned50/1089-134686-0006_generated.wav | RTF: 0.3196(3.373s / 10.555s) | Generator RTF: 0.3192(3.369s / 10.555s)
generated_audios/generated_H3_256C_pruned50/1089-134686-0007_generated.wav | RTF: 0.4011(1.715s / 4.275s) | Generator RTF: 0.4002(1.711s / 4.275s)
generated_audios/generated_H3_256C_pruned50/1089-134686-0008_generated.wav | RTF: 0.2622(1.765s / 6.730s) | Generator RTF: 0.2616(1.761s / 6.730s)
generated_audios/generated_H3_256C_pruned50/1089-134686-0009_generated.wav | RTF: 0.2678(2.832s / 10.575s) | Generator RTF: 0.2674(2.828s / 10.575s)
generated_audios/generated_H3_256C_pruned50/1089-134686-0010_generated.wav | RTF: 0.2638(1.162s / 4.405s) | Generator RTF: 0.2630(1.159s / 4.405s)
generated_audios/generated_H3_256C_pruned50/1089-134686-0011_generated.wav | RTF: 0.2698(3.358s / 12.445s) | Generator RTF: 0.2694(3.353s / 12.445s)
generated_audios/generated_H3_256C_pruned50/1089-134686-0012_generated.wav | RTF: 0.2914(3.392s / 11.640s) | Generator RTF: 0.2910(3.387s / 11.640s)
generated_audios/generated_H3_256C_pruned50/1089-134686-0013_generated.wav | RTF: 0.2614(2.069s / 7.915s) | Generator RTF: 0.2609(2.065s / 7.915s)
generated_audios/generated_H3_256C_pruned50/1089-134686-0014_generated.wav | RTF: 0.2685(0.597s / 2.225s) | Generator RTF: 0.2671(0.594s / 2.225s)
generated_audios/generated_H3_256C_pruned50/1089-134686-0015_generated.wav | RTF: 0.2664(1.549s / 5.815s) | Generator RTF: 0.2657(1.545s / 5.815s)
generated_audios/generated_H3_256C_pruned50/1089-134686-0016_generated.wav | RTF: 0.2637(0.934s / 3.540s) | Generator RTF: 0.2627(0.930s / 3.540s)
generated_audios/generated_H3_256C_pruned50/1089-134686-0017_generated.wav | RTF: 0.2678(2.376s / 8.870s) | Generator RTF: 0.2674(2.372s / 8.870s)
generated_audios/generated_H3_256C_pruned50/1089-134686-0018_generated.wav | RTF: 0.2713(4.264s / 15.720s) | Generator RTF: 0.2709(4.259s / 15.720s)
generated_audios/generated_H3_256C_pruned50/1089-134686-0019_generated.wav | RTF: 0.2732(3.796s / 13.895s) | Generator RTF: 0.2729(3.791s / 13.895s)
generated_audios/generated_H3_256C_pruned50/1089-134686-0020_generated.wav | RTF: 0.2791(4.685s / 16.790s) | Generator RTF: 0.2787(4.680s / 16.790s)
generated_audios/generated_H3_256C_pruned50/1089-134686-0021_generated.wav | RTF: 0.2614(1.712s / 6.550s) | Generator RTF: 0.2608(1.709s / 6.550s)
generated_audios/generated_H3_256C_pruned50/1089-134686-0022_generated.wav | RTF: 0.2678(2.992s / 11.175s) | Generator RTF: 0.2674(2.988s / 11.175s)
generated_audios/generated_H3_256C_pruned50/1089-134686-0023_generated.wav | RTF: 0.2693(3.576s / 13.275s) | Generator RTF: 0.2690(3.571s / 13.275s)
generated_audios/generated_H3_256C_pruned50/1089-134686-0024_generated.wav | RTF: 0.2786(3.247s / 11.655s) | Generator RTF: 0.2782(3.243s / 11.655s)
generated_audios/generated_H3_256C_pruned50/1089-134686-0025_generated.wav | RTF: 0.2631(1.739s / 6.610s) | Generator RTF: 0.2625(1.735s / 6.610s)
generated_audios/generated_H3_256C_pruned50/1089-134686-0026_generated.wav | RTF: 0.2598(1.042s / 4.010s) | Generator RTF: 0.2589(1.038s / 4.010s)
generated_audios/generated_H3_256C_pruned50/1089-134686-0027_generated.wav | RTF: 0.2627(0.712s / 2.710s) | Generator RTF: 0.2615(0.709s / 2.710s)
generated_audios/generated_H3_256C_pruned50/1089-134686-0028_generated.wav | RTF: 0.2675(2.095s / 7.830s) | Generator RTF: 0.2671(2.091s / 7.830s)
generated_audios/generated_H3_256C_pruned50/1089-134686-0029_generated.wav | RTF: 0.2613(1.220s / 4.670s) | Generator RTF: 0.2605(1.217s / 4.670s)
generated_audios/generated_H3_256C_pruned50/1089-134686-0030_generated.wav | RTF: 0.0677(0.184s / 2.715s) | Generator RTF: 0.0665(0.181s / 2.715s)
generated_audios/generated_H3_256C_pruned50/1089-134686-0031_generated.wav | RTF: 0.0765(0.506s / 6.615s) | Generator RTF: 0.0759(0.502s / 6.615s)
generated_audios/generated_H3_256C_pruned50/121-121726-0000_generated.wav | RTF: 0.2698(2.283s / 8.460s) | Generator RTF: 0.2694(2.279s / 8.460s)
generated_audios/generated_H3_256C_pruned50/121-121726-0001_generated.wav | RTF: 0.2630(1.559s / 5.925s) | Generator RTF: 0.2624(1.555s / 5.925s)
generated_audios/generated_H3_256C_pruned50/121-121726-0002_generated.wav | RTF: 0.0750(0.331s / 4.410s) | Generator RTF: 0.0743(0.328s / 4.410s)
generated_audios/generated_H3_256C_pruned50/121-121726-0003_generated.wav | RTF: 0.2658(1.795s / 6.755s) | Generator RTF: 0.2652(1.792s / 6.755s)
generated_audios/generated_H3_256C_pruned50/121-121726-0004_generated.wav | RTF: 0.2672(1.074s / 4.020s) | Generator RTF: 0.2663(1.070s / 4.020s)
generated_audios/generated_H3_256C_pruned50/121-121726-0005_generated.wav | RTF: 0.2578(0.799s / 3.100s) | Generator RTF: 0.2568(0.796s / 3.100s)
generated_audios/generated_H3_256C_pruned50/121-121726-0006_generated.wav | RTF: 0.2657(1.035s / 3.895s) | Generator RTF: 0.2648(1.032s / 3.895s)
generated_audios/generated_H3_256C_pruned50/121-121726-0007_generated.wav | RTF: 0.0762(0.513s / 6.730s) | Generator RTF: 0.0757(0.509s / 6.730s)
generated_audios/generated_H3_256C_pruned50/121-121726-0008_generated.wav | RTF: 0.2623(1.309s / 4.990s) | Generator RTF: 0.2616(1.305s / 4.990s)
generated_audios/generated_H3_256C_pruned50/121-121726-0009_generated.wav | RTF: 0.2667(1.937s / 7.260s) | Generator RTF: 0.2662(1.932s / 7.260s)
generated_audios/generated_H3_256C_pruned50/121-121726-0010_generated.wav | RTF: 0.2664(2.613s / 9.810s) | Generator RTF: 0.2661(2.610s / 9.810s)
generated_audios/generated_H3_256C_pruned50/121-121726-0011_generated.wav | RTF: 0.2667(1.076s / 4.035s) | Generator RTF: 0.2658(1.073s / 4.035s)
generated_audios/generated_H3_256C_pruned50/121-121726-0012_generated.wav | RTF: 0.2608(1.055s / 4.045s) | Generator RTF: 0.2599(1.052s / 4.045s)
generated_audios/generated_H3_256C_pruned50/121-121726-0013_generated.wav | RTF: 0.2718(0.677s / 2.490s) | Generator RTF: 0.2705(0.674s / 2.490s)
generated_audios/generated_H3_256C_pruned50/121-121726-0014_generated.wav | RTF: 0.2649(0.838s / 3.165s) | Generator RTF: 0.2639(0.835s / 3.165s)
generated_audios/generated_H3_256C_pruned50/121-123852-0000_generated.wav | RTF: 0.2913(5.154s / 17.695s) | Generator RTF: 0.2910(5.149s / 17.695s)
generated_audios/generated_H3_256C_pruned50/121-123852-0001_generated.wav | RTF: 0.2724(0.509s / 1.870s) | Generator RTF: 0.2709(0.507s / 1.870s)
generated_audios/generated_H3_256C_pruned50/121-123852-0002_generated.wav | RTF: 0.2993(5.174s / 17.285s) | Generator RTF: 0.2990(5.169s / 17.285s)
generated_audios/generated_H3_256C_pruned50/121-123852-0003_generated.wav | RTF: 0.3124(7.342s / 23.505s) | Generator RTF: 0.3121(7.336s / 23.505s)
generated_audios/generated_H3_256C_pruned50/121-123852-0004_generated.wav | RTF: 0.2952(4.809s / 16.290s) | Generator RTF: 0.2949(4.804s / 16.290s)
generated_audios/generated_H3_256C_pruned50/121-123859-0000_generated.wav | RTF: 0.2748(4.779s / 17.390s) | Generator RTF: 0.2745(4.774s / 17.390s)
generated_audios/generated_H3_256C_pruned50/121-123859-0001_generated.wav | RTF: 0.3661(9.297s / 25.395s) | Generator RTF: 0.3659(9.291s / 25.395s)
generated_audios/generated_H3_256C_pruned50/121-123859-0002_generated.wav | RTF: 0.3529(10.600s / 30.040s) | Generator RTF: 0.3526(10.593s / 30.040s)
generated_audios/generated_H3_256C_pruned50/121-123859-0003_generated.wav | RTF: 0.2702(2.925s / 10.825s) | Generator RTF: 0.2698(2.921s / 10.825s)
generated_audios/generated_H3_256C_pruned50/121-123859-0004_generated.wav | RTF: 0.2704(2.570s / 9.505s) | Generator RTF: 0.2699(2.566s / 9.505s)
generated_audios/generated_H3_256C_pruned50/121-127105-0000_generated.wav | RTF: 0.2712(2.678s / 9.875s) | Generator RTF: 0.2708(2.674s / 9.875s)
generated_audios/generated_H3_256C_pruned50/121-127105-0001_generated.wav | RTF: 0.2605(1.309s / 5.025s) | Generator RTF: 0.2598(1.305s / 5.025s)
generated_audios/generated_H3_256C_pruned50/121-127105-0002_generated.wav | RTF: 0.2628(1.970s / 7.495s) | Generator RTF: 0.2623(1.966s / 7.495s)
generated_audios/generated_H3_256C_pruned50/121-127105-0003_generated.wav | RTF: 0.2667(2.061s / 7.725s) | Generator RTF: 0.2662(2.057s / 7.725s)
generated_audios/generated_H3_256C_pruned50/121-127105-0004_generated.wav | RTF: 0.2722(0.574s / 2.110s) | Generator RTF: 0.2707(0.571s / 2.110s)
generated_audios/generated_H3_256C_pruned50/121-127105-0005_generated.wav | RTF: 0.2611(1.520s / 5.820s) | Generator RTF: 0.2605(1.516s / 5.820s)
generated_audios/generated_H3_256C_pruned50/121-127105-0006_generated.wav | RTF: 0.2599(1.228s / 4.725s) | Generator RTF: 0.2592(1.225s / 4.725s)
generated_audios/generated_H3_256C_pruned50/121-127105-0007_generated.wav | RTF: 0.2602(1.507s / 5.790s) | Generator RTF: 0.2596(1.503s / 5.790s)
generated_audios/generated_H3_256C_pruned50/121-127105-0008_generated.wav | RTF: 0.2571(0.710s / 2.760s) | Generator RTF: 0.2559(0.706s / 2.760s)
generated_audios/generated_H3_256C_pruned50/121-127105-0009_generated.wav | RTF: 0.2649(0.607s / 2.290s) | Generator RTF: 0.2635(0.603s / 2.290s)
generated_audios/generated_H3_256C_pruned50/121-127105-0010_generated.wav | RTF: 0.2642(0.753s / 2.850s) | Generator RTF: 0.2631(0.750s / 2.850s)
generated_audios/generated_H3_256C_pruned50/121-127105-0011_generated.wav | RTF: 0.2652(1.533s / 5.780s) | Generator RTF: 0.2646(1.530s / 5.780s)
generated_audios/generated_H3_256C_pruned50/121-127105-0012_generated.wav | RTF: 0.2684(1.297s / 4.830s) | Generator RTF: 0.2677(1.293s / 4.830s)
generated_audios/generated_H3_256C_pruned50/121-127105-0013_generated.wav | RTF: 0.2619(1.544s / 5.895s) | Generator RTF: 0.2612(1.540s / 5.895s)
generated_audios/generated_H3_256C_pruned50/121-127105-0014_generated.wav | RTF: 0.2652(0.598s / 2.255s) | Generator RTF: 0.2638(0.595s / 2.255s)
generated_audios/generated_H3_256C_pruned50/121-127105-0015_generated.wav | RTF: 0.2652(0.785s / 2.960s) | Generator RTF: 0.2640(0.782s / 2.960s)
generated_audios/generated_H3_256C_pruned50/121-127105-0016_generated.wav | RTF: 0.2591(0.526s / 2.030s) | Generator RTF: 0.2574(0.522s / 2.030s)
generated_audios/generated_H3_256C_pruned50/121-127105-0017_generated.wav | RTF: 0.2675(0.721s / 2.695s) | Generator RTF: 0.2663(0.718s / 2.695s)
generated_audios/generated_H3_256C_pruned50/121-127105-0018_generated.wav | RTF: 0.2661(0.737s / 2.770s) | Generator RTF: 0.2650(0.734s / 2.770s)
generated_audios/generated_H3_256C_pruned50/121-127105-0019_generated.wav | RTF: 0.2566(0.904s / 3.525s) | Generator RTF: 0.2556(0.901s / 3.525s)
generated_audios/generated_H3_256C_pruned50/121-127105-0020_generated.wav | RTF: 0.2735(3.926s / 14.355s) | Generator RTF: 0.2732(3.921s / 14.355s)
generated_audios/generated_H3_256C_pruned50/121-127105-0021_generated.wav | RTF: 0.2735(0.547s / 2.000s) | Generator RTF: 0.2720(0.544s / 2.000s)
generated_audios/generated_H3_256C_pruned50/121-127105-0022_generated.wav | RTF: 0.2646(1.343s / 5.075s) | Generator RTF: 0.2639(1.340s / 5.075s)
generated_audios/generated_H3_256C_pruned50/121-127105-0023_generated.wav | RTF: 0.2712(2.959s / 10.910s) | Generator RTF: 0.2708(2.955s / 10.910s)
generated_audios/generated_H3_256C_pruned50/121-127105-0024_generated.wav | RTF: 0.2989(4.319s / 14.450s) | Generator RTF: 0.2986(4.314s / 14.450s)
generated_audios/generated_H3_256C_pruned50/121-127105-0025_generated.wav | RTF: 0.2762(4.437s / 16.065s) | Generator RTF: 0.2759(4.432s / 16.065s)
generated_audios/generated_H3_256C_pruned50/121-127105-0026_generated.wav | RTF: 0.2668(2.009s / 7.530s) | Generator RTF: 0.2662(2.005s / 7.530s)
generated_audios/generated_H3_256C_pruned50/121-127105-0027_generated.wav | RTF: 0.2970(4.119s / 13.870s) | Generator RTF: 0.2966(4.115s / 13.870s)
generated_audios/generated_H3_256C_pruned50/121-127105-0028_generated.wav | RTF: 0.0763(0.515s / 6.750s) | Generator RTF: 0.0757(0.511s / 6.750s)
generated_audios/generated_H3_256C_pruned50/121-127105-0029_generated.wav | RTF: 0.2671(1.952s / 7.310s) | Generator RTF: 0.2665(1.948s / 7.310s)
generated_audios/generated_H3_256C_pruned50/121-127105-0030_generated.wav | RTF: 0.2758(0.600s / 2.175s) | Generator RTF: 0.2743(0.597s / 2.175s)
generated_audios/generated_H3_256C_pruned50/121-127105-0031_generated.wav | RTF: 0.2759(2.970s / 10.765s) | Generator RTF: 0.2755(2.966s / 10.765s)
generated_audios/generated_H3_256C_pruned50/121-127105-0032_generated.wav | RTF: 0.2602(0.825s / 3.170s) | Generator RTF: 0.2591(0.821s / 3.170s)
generated_audios/generated_H3_256C_pruned50/121-127105-0033_generated.wav | RTF: 0.2744(0.646s / 2.355s) | Generator RTF: 0.2730(0.643s / 2.355s)
generated_audios/generated_H3_256C_pruned50/121-127105-0034_generated.wav | RTF: 0.2690(1.993s / 7.410s) | Generator RTF: 0.2685(1.989s / 7.410s)
generated_audios/generated_H3_256C_pruned50/121-127105-0035_generated.wav | RTF: 0.2996(4.239s / 14.150s) | Generator RTF: 0.2993(4.235s / 14.150s)
generated_audios/generated_H3_256C_pruned50/121-127105-0036_generated.wav | RTF: 0.2627(1.090s / 4.150s) | Generator RTF: 0.2619(1.087s / 4.150s)
generated_audios/generated_H3_256C_pruned50/237-126133-0000_generated.wav | RTF: 0.3035(4.033s / 13.290s) | Generator RTF: 0.3032(4.029s / 13.290s)
generated_audios/generated_H3_256C_pruned50/237-126133-0001_generated.wav | RTF: 0.3031(3.627s / 11.965s) | Generator RTF: 0.3027(3.622s / 11.965s)
generated_audios/generated_H3_256C_pruned50/237-126133-0002_generated.wav | RTF: 0.2665(2.377s / 8.920s) | Generator RTF: 0.2661(2.374s / 8.920s)
generated_audios/generated_H3_256C_pruned50/237-126133-0003_generated.wav | RTF: 0.2661(1.745s / 6.560s) | Generator RTF: 0.2655(1.742s / 6.560s)
generated_audios/generated_H3_256C_pruned50/237-126133-0004_generated.wav | RTF: 0.2669(0.880s / 3.295s) | Generator RTF: 0.2659(0.876s / 3.295s)
generated_audios/generated_H3_256C_pruned50/237-126133-0005_generated.wav | RTF: 0.2712(1.765s / 6.510s) | Generator RTF: 0.2706(1.762s / 6.510s)
generated_audios/generated_H3_256C_pruned50/237-126133-0006_generated.wav | RTF: 0.2649(1.629s / 6.150s) | Generator RTF: 0.2644(1.626s / 6.150s)
generated_audios/generated_H3_256C_pruned50/237-126133-0007_generated.wav | RTF: 0.2706(2.349s / 8.680s) | Generator RTF: 0.2702(2.345s / 8.680s)
generated_audios/generated_H3_256C_pruned50/237-126133-0008_generated.wav | RTF: 0.2686(1.038s / 3.865s) | Generator RTF: 0.2677(1.035s / 3.865s)
generated_audios/generated_H3_256C_pruned50/237-126133-0009_generated.wav | RTF: 0.2682(1.065s / 3.970s) | Generator RTF: 0.2673(1.061s / 3.970s)
generated_audios/generated_H3_256C_pruned50/237-126133-0010_generated.wav | RTF: 0.2669(1.666s / 6.240s) | Generator RTF: 0.2663(1.662s / 6.240s)
generated_audios/generated_H3_256C_pruned50/237-126133-0011_generated.wav | RTF: 0.2642(1.773s / 6.710s) | Generator RTF: 0.2636(1.769s / 6.710s)
generated_audios/generated_H3_256C_pruned50/237-126133-0012_generated.wav | RTF: 0.2671(1.189s / 4.450s) | Generator RTF: 0.2664(1.186s / 4.450s)
generated_audios/generated_H3_256C_pruned50/237-126133-0013_generated.wav | RTF: 0.2686(1.831s / 6.815s) | Generator RTF: 0.2681(1.827s / 6.815s)
generated_audios/generated_H3_256C_pruned50/237-126133-0014_generated.wav | RTF: 0.2666(1.810s / 6.790s) | Generator RTF: 0.2660(1.806s / 6.790s)
generated_audios/generated_H3_256C_pruned50/237-126133-0015_generated.wav | RTF: 0.2832(2.645s / 9.340s) | Generator RTF: 0.2827(2.640s / 9.340s)
generated_audios/generated_H3_256C_pruned50/237-126133-0016_generated.wav | RTF: 0.2644(1.124s / 4.250s) | Generator RTF: 0.2636(1.120s / 4.250s)
generated_audios/generated_H3_256C_pruned50/237-126133-0017_generated.wav | RTF: 0.2677(1.663s / 6.210s) | Generator RTF: 0.2671(1.659s / 6.210s)
generated_audios/generated_H3_256C_pruned50/237-126133-0018_generated.wav | RTF: 0.2709(1.109s / 4.095s) | Generator RTF: 0.2701(1.106s / 4.095s)
generated_audios/generated_H3_256C_pruned50/237-126133-0019_generated.wav | RTF: 0.2675(1.904s / 7.120s) | Generator RTF: 0.2669(1.901s / 7.120s)
generated_audios/generated_H3_256C_pruned50/237-126133-0020_generated.wav | RTF: 0.2590(0.580s / 2.240s) | Generator RTF: 0.2576(0.577s / 2.240s)
generated_audios/generated_H3_256C_pruned50/237-126133-0021_generated.wav | RTF: 0.2613(1.141s / 4.365s) | Generator RTF: 0.2605(1.137s / 4.365s)
generated_audios/generated_H3_256C_pruned50/237-126133-0022_generated.wav | RTF: 0.2700(1.361s / 5.040s) | Generator RTF: 0.2693(1.357s / 5.040s)
generated_audios/generated_H3_256C_pruned50/237-126133-0023_generated.wav | RTF: 0.2692(1.797s / 6.675s) | Generator RTF: 0.2687(1.793s / 6.675s)
generated_audios/generated_H3_256C_pruned50/237-126133-0024_generated.wav | RTF: 0.2998(2.897s / 9.665s) | Generator RTF: 0.2993(2.893s / 9.665s)
generated_audios/generated_H3_256C_pruned50/237-126133-0025_generated.wav | RTF: 0.2678(1.006s / 3.755s) | Generator RTF: 0.2669(1.002s / 3.755s)
generated_audios/generated_H3_256C_pruned50/237-134493-0000_generated.wav | RTF: 0.2672(1.097s / 4.105s) | Generator RTF: 0.2664(1.094s / 4.105s)
generated_audios/generated_H3_256C_pruned50/237-134493-0001_generated.wav | RTF: 0.2696(1.990s / 7.380s) | Generator RTF: 0.2691(1.986s / 7.380s)
generated_audios/generated_H3_256C_pruned50/237-134493-0002_generated.wav | RTF: 0.3025(3.447s / 11.395s) | Generator RTF: 0.3021(3.442s / 11.395s)
generated_audios/generated_H3_256C_pruned50/237-134493-0003_generated.wav | RTF: 0.2730(3.485s / 12.765s) | Generator RTF: 0.2727(3.480s / 12.765s)
generated_audios/generated_H3_256C_pruned50/237-134493-0004_generated.wav | RTF: 0.2680(1.829s / 6.825s) | Generator RTF: 0.2675(1.826s / 6.825s)
generated_audios/generated_H3_256C_pruned50/237-134493-0005_generated.wav | RTF: 0.2745(3.005s / 10.945s) | Generator RTF: 0.2741(3.000s / 10.945s)
generated_audios/generated_H3_256C_pruned50/237-134493-0006_generated.wav | RTF: 0.2655(1.167s / 4.395s) | Generator RTF: 0.2647(1.163s / 4.395s)
generated_audios/generated_H3_256C_pruned50/237-134493-0007_generated.wav | RTF: 0.2771(0.564s / 2.035s) | Generator RTF: 0.2755(0.561s / 2.035s)
generated_audios/generated_H3_256C_pruned50/237-134493-0008_generated.wav | RTF: 0.2617(0.603s / 2.305s) | Generator RTF: 0.2603(0.600s / 2.305s)
generated_audios/generated_H3_256C_pruned50/237-134493-0009_generated.wav | RTF: 0.2693(0.801s / 2.975s) | Generator RTF: 0.2682(0.798s / 2.975s)
generated_audios/generated_H3_256C_pruned50/237-134493-0010_generated.wav | RTF: 0.2710(0.779s / 2.875s) | Generator RTF: 0.2699(0.776s / 2.875s)
generated_audios/generated_H3_256C_pruned50/237-134493-0011_generated.wav | RTF: 0.2762(1.391s / 5.035s) | Generator RTF: 0.2755(1.387s / 5.035s)
generated_audios/generated_H3_256C_pruned50/237-134493-0012_generated.wav | RTF: 0.2629(0.962s / 3.660s) | Generator RTF: 0.2619(0.959s / 3.660s)
generated_audios/generated_H3_256C_pruned50/237-134493-0013_generated.wav | RTF: 0.0776(0.317s / 4.090s) | Generator RTF: 0.0768(0.314s / 4.090s)
generated_audios/generated_H3_256C_pruned50/237-134493-0014_generated.wav | RTF: 0.2646(0.979s / 3.700s) | Generator RTF: 0.2637(0.976s / 3.700s)
generated_audios/generated_H3_256C_pruned50/237-134493-0015_generated.wav | RTF: 0.0785(0.514s / 6.550s) | Generator RTF: 0.0779(0.510s / 6.550s)
generated_audios/generated_H3_256C_pruned50/237-134493-0016_generated.wav | RTF: 0.2795(2.819s / 10.085s) | Generator RTF: 0.2791(2.815s / 10.085s)
generated_audios/generated_H3_256C_pruned50/237-134493-0017_generated.wav | RTF: 0.2719(2.476s / 9.105s) | Generator RTF: 0.2715(2.472s / 9.105s)
generated_audios/generated_H3_256C_pruned50/237-134493-0018_generated.wav | RTF: 0.2691(1.289s / 4.790s) | Generator RTF: 0.2684(1.286s / 4.790s)
generated_audios/generated_H3_256C_pruned50/237-134500-0000_generated.wav | RTF: 0.2702(1.657s / 6.130s) | Generator RTF: 0.2697(1.653s / 6.130s)
generated_audios/generated_H3_256C_pruned50/237-134500-0001_generated.wav | RTF: 0.2717(0.492s / 1.810s) | Generator RTF: 0.2700(0.489s / 1.810s)
generated_audios/generated_H3_256C_pruned50/237-134500-0002_generated.wav | RTF: 0.2684(1.361s / 5.070s) | Generator RTF: 0.2677(1.357s / 5.070s)
generated_audios/generated_H3_256C_pruned50/237-134500-0003_generated.wav | RTF: 0.0773(0.245s / 3.170s) | Generator RTF: 0.0763(0.242s / 3.170s)
generated_audios/generated_H3_256C_pruned50/237-134500-0004_generated.wav | RTF: 0.0766(0.170s / 2.225s) | Generator RTF: 0.0751(0.167s / 2.225s)
generated_audios/generated_H3_256C_pruned50/237-134500-0005_generated.wav | RTF: 0.2699(0.645s / 2.390s) | Generator RTF: 0.2685(0.642s / 2.390s)
generated_audios/generated_H3_256C_pruned50/237-134500-0006_generated.wav | RTF: 0.2634(1.113s / 4.225s) | Generator RTF: 0.2628(1.110s / 4.225s)
generated_audios/generated_H3_256C_pruned50/237-134500-0007_generated.wav | RTF: 0.0726(0.173s / 2.390s) | Generator RTF: 0.0713(0.170s / 2.390s)
generated_audios/generated_H3_256C_pruned50/237-134500-0008_generated.wav | RTF: 0.0720(0.271s / 3.760s) | Generator RTF: 0.0711(0.267s / 3.760s)
generated_audios/generated_H3_256C_pruned50/237-134500-0009_generated.wav | RTF: 0.0679(0.151s / 2.220s) | Generator RTF: 0.0665(0.148s / 2.220s)
generated_audios/generated_H3_256C_pruned50/237-134500-0010_generated.wav | RTF: 0.2711(1.083s / 3.995s) | Generator RTF: 0.2702(1.079s / 3.995s)
generated_audios/generated_H3_256C_pruned50/237-134500-0011_generated.wav | RTF: 0.2611(0.875s / 3.350s) | Generator RTF: 0.2601(0.871s / 3.350s)
generated_audios/generated_H3_256C_pruned50/237-134500-0012_generated.wav | RTF: 0.2794(3.055s / 10.935s) | Generator RTF: 0.2790(3.050s / 10.935s)
generated_audios/generated_H3_256C_pruned50/237-134500-0013_generated.wav | RTF: 0.0760(0.802s / 10.560s) | Generator RTF: 0.0756(0.798s / 10.560s)
generated_audios/generated_H3_256C_pruned50/237-134500-0014_generated.wav | RTF: 0.0772(0.328s / 4.250s) | Generator RTF: 0.0764(0.325s / 4.250s)
generated_audios/generated_H3_256C_pruned50/237-134500-0015_generated.wav | RTF: 0.2747(2.971s / 10.815s) | Generator RTF: 0.2743(2.967s / 10.815s)
generated_audios/generated_H3_256C_pruned50/237-134500-0016_generated.wav | RTF: 0.0739(0.233s / 3.160s) | Generator RTF: 0.0728(0.230s / 3.160s)
generated_audios/generated_H3_256C_pruned50/237-134500-0017_generated.wav | RTF: 0.0756(0.165s / 2.180s) | Generator RTF: 0.0744(0.162s / 2.180s)
generated_audios/generated_H3_256C_pruned50/237-134500-0018_generated.wav | RTF: 0.3078(3.953s / 12.845s) | Generator RTF: 0.3074(3.949s / 12.845s)
generated_audios/generated_H3_256C_pruned50/237-134500-0019_generated.wav | RTF: 0.2628(0.752s / 2.860s) | Generator RTF: 0.2617(0.749s / 2.860s)
generated_audios/generated_H3_256C_pruned50/237-134500-0020_generated.wav | RTF: 0.0709(0.155s / 2.180s) | Generator RTF: 0.0695(0.151s / 2.180s)
generated_audios/generated_H3_256C_pruned50/237-134500-0021_generated.wav | RTF: 0.2691(1.378s / 5.120s) | Generator RTF: 0.2685(1.375s / 5.120s)
generated_audios/generated_H3_256C_pruned50/237-134500-0022_generated.wav | RTF: 0.2669(1.378s / 5.165s) | Generator RTF: 0.2662(1.375s / 5.165s)
generated_audios/generated_H3_256C_pruned50/237-134500-0023_generated.wav | RTF: 0.2683(0.821s / 3.060s) | Generator RTF: 0.2674(0.818s / 3.060s)
generated_audios/generated_H3_256C_pruned50/237-134500-0024_generated.wav | RTF: 0.0762(0.336s / 4.410s) | Generator RTF: 0.0755(0.333s / 4.410s)
generated_audios/generated_H3_256C_pruned50/237-134500-0025_generated.wav | RTF: 0.2756(0.449s / 1.630s) | Generator RTF: 0.2737(0.446s / 1.630s)
generated_audios/generated_H3_256C_pruned50/237-134500-0026_generated.wav | RTF: 0.3236(0.987s / 3.050s) | Generator RTF: 0.3227(0.984s / 3.050s)
generated_audios/generated_H3_256C_pruned50/237-134500-0027_generated.wav | RTF: 0.2692(0.880s / 3.270s) | Generator RTF: 0.2684(0.878s / 3.270s)
generated_audios/generated_H3_256C_pruned50/237-134500-0028_generated.wav | RTF: 0.2720(1.231s / 4.525s) | Generator RTF: 0.2713(1.228s / 4.525s)
generated_audios/generated_H3_256C_pruned50/237-134500-0029_generated.wav | RTF: 0.2633(0.544s / 2.065s) | Generator RTF: 0.2617(0.540s / 2.065s)
generated_audios/generated_H3_256C_pruned50/237-134500-0030_generated.wav | RTF: 0.2696(0.750s / 2.780s) | Generator RTF: 0.2685(0.746s / 2.780s)
generated_audios/generated_H3_256C_pruned50/237-134500-0031_generated.wav | RTF: 0.2968(3.149s / 10.610s) | Generator RTF: 0.2964(3.145s / 10.610s)
generated_audios/generated_H3_256C_pruned50/237-134500-0032_generated.wav | RTF: 0.0769(0.386s / 5.025s) | Generator RTF: 0.0762(0.383s / 5.025s)
generated_audios/generated_H3_256C_pruned50/237-134500-0033_generated.wav | RTF: 0.2722(1.729s / 6.350s) | Generator RTF: 0.2716(1.725s / 6.350s)
generated_audios/generated_H3_256C_pruned50/237-134500-0034_generated.wav | RTF: 0.2712(0.834s / 3.075s) | Generator RTF: 0.2701(0.831s / 3.075s)
generated_audios/generated_H3_256C_pruned50/237-134500-0035_generated.wav | RTF: 0.2770(0.708s / 2.555s) | Generator RTF: 0.2757(0.704s / 2.555s)
generated_audios/generated_H3_256C_pruned50/237-134500-0036_generated.wav | RTF: 0.2699(1.781s / 6.600s) | Generator RTF: 0.2694(1.778s / 6.600s)
generated_audios/generated_H3_256C_pruned50/237-134500-0037_generated.wav | RTF: 0.2749(1.953s / 7.105s) | Generator RTF: 0.2744(1.950s / 7.105s)
generated_audios/generated_H3_256C_pruned50/237-134500-0038_generated.wav | RTF: 0.2735(0.666s / 2.435s) | Generator RTF: 0.2719(0.662s / 2.435s)
generated_audios/generated_H3_256C_pruned50/237-134500-0039_generated.wav | RTF: 0.2746(1.271s / 4.630s) | Generator RTF: 0.2739(1.268s / 4.630s)
generated_audios/generated_H3_256C_pruned50/237-134500-0040_generated.wav | RTF: 0.0757(0.305s / 4.030s) | Generator RTF: 0.0748(0.302s / 4.030s)
generated_audios/generated_H3_256C_pruned50/237-134500-0041_generated.wav | RTF: 0.0904(0.807s / 8.920s) | Generator RTF: 0.0900(0.803s / 8.920s)
generated_audios/generated_H3_256C_pruned50/237-134500-0042_generated.wav | RTF: 0.2734(0.704s / 2.575s) | Generator RTF: 0.2722(0.701s / 2.575s)
generated_audios/generated_H3_256C_pruned50/260-123286-0000_generated.wav | RTF: 0.2710(1.908s / 7.040s) | Generator RTF: 0.2705(1.904s / 7.040s)
generated_audios/generated_H3_256C_pruned50/260-123286-0001_generated.wav | RTF: 0.0748(0.230s / 3.070s) | Generator RTF: 0.0737(0.226s / 3.070s)
generated_audios/generated_H3_256C_pruned50/260-123286-0002_generated.wav | RTF: 0.2831(2.827s / 9.985s) | Generator RTF: 0.2828(2.824s / 9.985s)
generated_audios/generated_H3_256C_pruned50/260-123286-0003_generated.wav | RTF: 0.2765(2.038s / 7.370s) | Generator RTF: 0.2760(2.034s / 7.370s)
generated_audios/generated_H3_256C_pruned50/260-123286-0004_generated.wav | RTF: 0.2764(0.958s / 3.465s) | Generator RTF: 0.2754(0.954s / 3.465s)
generated_audios/generated_H3_256C_pruned50/260-123286-0005_generated.wav | RTF: 0.2745(1.320s / 4.810s) | Generator RTF: 0.2737(1.317s / 4.810s)
generated_audios/generated_H3_256C_pruned50/260-123286-0006_generated.wav | RTF: 0.2760(2.044s / 7.405s) | Generator RTF: 0.2755(2.040s / 7.405s)
generated_audios/generated_H3_256C_pruned50/260-123286-0007_generated.wav | RTF: 0.2720(1.238s / 4.550s) | Generator RTF: 0.2712(1.234s / 4.550s)
generated_audios/generated_H3_256C_pruned50/260-123286-0008_generated.wav | RTF: 0.2670(0.997s / 3.735s) | Generator RTF: 0.2661(0.994s / 3.735s)
generated_audios/generated_H3_256C_pruned50/260-123286-0009_generated.wav | RTF: 0.2717(1.575s / 5.795s) | Generator RTF: 0.2711(1.571s / 5.795s)
generated_audios/generated_H3_256C_pruned50/260-123286-0010_generated.wav | RTF: 0.0708(0.182s / 2.575s) | Generator RTF: 0.0694(0.179s / 2.575s)
generated_audios/generated_H3_256C_pruned50/260-123286-0011_generated.wav | RTF: 0.0788(0.335s / 4.255s) | Generator RTF: 0.0783(0.333s / 4.255s)
generated_audios/generated_H3_256C_pruned50/260-123286-0012_generated.wav | RTF: 0.0779(0.189s / 2.430s) | Generator RTF: 0.0768(0.187s / 2.430s)
generated_audios/generated_H3_256C_pruned50/260-123286-0013_generated.wav | RTF: 0.2761(1.306s / 4.730s) | Generator RTF: 0.2753(1.302s / 4.730s)
generated_audios/generated_H3_256C_pruned50/260-123286-0014_generated.wav | RTF: 0.0788(0.235s / 2.980s) | Generator RTF: 0.0777(0.232s / 2.980s)
generated_audios/generated_H3_256C_pruned50/260-123286-0015_generated.wav | RTF: 0.2765(1.441s / 5.210s) | Generator RTF: 0.2759(1.437s / 5.210s)
generated_audios/generated_H3_256C_pruned50/260-123286-0016_generated.wav | RTF: 0.2770(1.939s / 7.000s) | Generator RTF: 0.2765(1.935s / 7.000s)
generated_audios/generated_H3_256C_pruned50/260-123286-0017_generated.wav | RTF: 0.2709(1.077s / 3.975s) | Generator RTF: 0.2700(1.073s / 3.975s)
generated_audios/generated_H3_256C_pruned50/260-123286-0018_generated.wav | RTF: 0.2750(1.559s / 5.670s) | Generator RTF: 0.2744(1.556s / 5.670s)
generated_audios/generated_H3_256C_pruned50/260-123286-0019_generated.wav | RTF: 0.2830(3.369s / 11.905s) | Generator RTF: 0.2826(3.365s / 11.905s)
generated_audios/generated_H3_256C_pruned50/260-123286-0020_generated.wav | RTF: 0.0766(0.234s / 3.060s) | Generator RTF: 0.0754(0.231s / 3.060s)
generated_audios/generated_H3_256C_pruned50/260-123286-0021_generated.wav | RTF: 0.2670(0.681s / 2.550s) | Generator RTF: 0.2657(0.677s / 2.550s)
generated_audios/generated_H3_256C_pruned50/260-123286-0022_generated.wav | RTF: 0.2741(0.887s / 3.235s) | Generator RTF: 0.2730(0.883s / 3.235s)
generated_audios/generated_H3_256C_pruned50/260-123286-0023_generated.wav | RTF: 0.2794(1.642s / 5.875s) | Generator RTF: 0.2788(1.638s / 5.875s)
generated_audios/generated_H3_256C_pruned50/260-123286-0024_generated.wav | RTF: 0.2709(0.824s / 3.040s) | Generator RTF: 0.2698(0.820s / 3.040s)
generated_audios/generated_H3_256C_pruned50/260-123286-0025_generated.wav | RTF: 0.2814(2.591s / 9.205s) | Generator RTF: 0.2810(2.587s / 9.205s)
generated_audios/generated_H3_256C_pruned50/260-123286-0026_generated.wav | RTF: 0.2761(1.916s / 6.940s) | Generator RTF: 0.2756(1.913s / 6.940s)
generated_audios/generated_H3_256C_pruned50/260-123286-0027_generated.wav | RTF: 0.2739(1.964s / 7.170s) | Generator RTF: 0.2734(1.960s / 7.170s)
generated_audios/generated_H3_256C_pruned50/260-123286-0028_generated.wav | RTF: 0.2777(2.073s / 7.465s) | Generator RTF: 0.2774(2.070s / 7.465s)
generated_audios/generated_H3_256C_pruned50/260-123286-0029_generated.wav | RTF: 0.0774(0.352s / 4.545s) | Generator RTF: 0.0767(0.349s / 4.545s)
generated_audios/generated_H3_256C_pruned50/260-123286-0030_generated.wav | RTF: 0.0761(0.573s / 7.530s) | Generator RTF: 0.0755(0.568s / 7.530s)
generated_audios/generated_H3_256C_pruned50/260-123286-0031_generated.wav | RTF: 0.2791(1.412s / 5.060s) | Generator RTF: 0.2784(1.409s / 5.060s)
generated_audios/generated_H3_256C_pruned50/260-123288-0000_generated.wav | RTF: 0.0700(0.213s / 3.040s) | Generator RTF: 0.0689(0.209s / 3.040s)
generated_audios/generated_H3_256C_pruned50/260-123288-0001_generated.wav | RTF: 0.0779(0.396s / 5.080s) | Generator RTF: 0.0772(0.392s / 5.080s)
generated_audios/generated_H3_256C_pruned50/260-123288-0002_generated.wav | RTF: 0.2816(2.042s / 7.250s) | Generator RTF: 0.2811(2.038s / 7.250s)
generated_audios/generated_H3_256C_pruned50/260-123288-0003_generated.wav | RTF: 0.2845(2.533s / 8.905s) | Generator RTF: 0.2840(2.529s / 8.905s)
generated_audios/generated_H3_256C_pruned50/260-123288-0004_generated.wav | RTF: 0.2887(1.244s / 4.310s) | Generator RTF: 0.2880(1.241s / 4.310s)
generated_audios/generated_H3_256C_pruned50/260-123288-0005_generated.wav | RTF: 0.3126(3.923s / 12.550s) | Generator RTF: 0.3122(3.919s / 12.550s)
generated_audios/generated_H3_256C_pruned50/260-123288-0006_generated.wav | RTF: 0.2813(1.373s / 4.880s) | Generator RTF: 0.2805(1.369s / 4.880s)
generated_audios/generated_H3_256C_pruned50/260-123288-0007_generated.wav | RTF: 0.2949(3.303s / 11.200s) | Generator RTF: 0.2945(3.299s / 11.200s)
generated_audios/generated_H3_256C_pruned50/260-123288-0008_generated.wav | RTF: 0.2937(1.620s / 5.515s) | Generator RTF: 0.2930(1.616s / 5.515s)
generated_audios/generated_H3_256C_pruned50/260-123288-0009_generated.wav | RTF: 0.3083(1.059s / 3.435s) | Generator RTF: 0.3072(1.055s / 3.435s)
generated_audios/generated_H3_256C_pruned50/260-123288-0010_generated.wav | RTF: 0.0804(0.804s / 9.995s) | Generator RTF: 0.0800(0.800s / 9.995s)
generated_audios/generated_H3_256C_pruned50/260-123288-0011_generated.wav | RTF: 0.2888(2.594s / 8.980s) | Generator RTF: 0.2884(2.590s / 8.980s)
generated_audios/generated_H3_256C_pruned50/260-123288-0012_generated.wav | RTF: 0.2858(1.013s / 3.545s) | Generator RTF: 0.2848(1.010s / 3.545s)
generated_audios/generated_H3_256C_pruned50/260-123288-0013_generated.wav | RTF: 0.3182(3.623s / 11.385s) | Generator RTF: 0.3178(3.619s / 11.385s)
generated_audios/generated_H3_256C_pruned50/260-123288-0014_generated.wav | RTF: 0.0845(0.152s / 1.805s) | Generator RTF: 0.0824(0.149s / 1.805s)
generated_audios/generated_H3_256C_pruned50/260-123288-0015_generated.wav | RTF: 0.2991(6.337s / 21.185s) | Generator RTF: 0.2989(6.331s / 21.185s)
generated_audios/generated_H3_256C_pruned50/260-123288-0016_generated.wav | RTF: 0.2900(1.411s / 4.865s) | Generator RTF: 0.2893(1.407s / 4.865s)
generated_audios/generated_H3_256C_pruned50/260-123288-0017_generated.wav | RTF: 0.2859(1.494s / 5.225s) | Generator RTF: 0.2852(1.490s / 5.225s)
generated_audios/generated_H3_256C_pruned50/260-123288-0018_generated.wav | RTF: 0.2803(0.910s / 3.245s) | Generator RTF: 0.2792(0.906s / 3.245s)
generated_audios/generated_H3_256C_pruned50/260-123288-0019_generated.wav | RTF: 0.0756(0.223s / 2.955s) | Generator RTF: 0.0745(0.220s / 2.955s)
generated_audios/generated_H3_256C_pruned50/260-123288-0020_generated.wav | RTF: 0.2795(0.811s / 2.900s) | Generator RTF: 0.2783(0.807s / 2.900s)
generated_audios/generated_H3_256C_pruned50/260-123288-0021_generated.wav | RTF: 0.0766(0.208s / 2.710s) | Generator RTF: 0.0755(0.204s / 2.710s)
generated_audios/generated_H3_256C_pruned50/260-123288-0022_generated.wav | RTF: 0.2899(1.074s / 3.705s) | Generator RTF: 0.2890(1.071s / 3.705s)
generated_audios/generated_H3_256C_pruned50/260-123288-0023_generated.wav | RTF: 0.0770(0.184s / 2.385s) | Generator RTF: 0.0757(0.181s / 2.385s)
generated_audios/generated_H3_256C_pruned50/260-123288-0024_generated.wav | RTF: 0.2936(4.286s / 14.595s) | Generator RTF: 0.2933(4.281s / 14.595s)
generated_audios/generated_H3_256C_pruned50/260-123288-0025_generated.wav | RTF: 0.3175(4.268s / 13.445s) | Generator RTF: 0.3171(4.263s / 13.445s)
generated_audios/generated_H3_256C_pruned50/260-123288-0026_generated.wav | RTF: 0.3019(4.843s / 16.040s) | Generator RTF: 0.3016(4.837s / 16.040s)
generated_audios/generated_H3_256C_pruned50/260-123288-0027_generated.wav | RTF: 0.2869(1.809s / 6.305s) | Generator RTF: 0.2863(1.805s / 6.305s)
generated_audios/generated_H3_256C_pruned50/260-123288-0028_generated.wav | RTF: 0.2915(0.761s / 2.610s) | Generator RTF: 0.2902(0.757s / 2.610s)
generated_audios/generated_H3_256C_pruned50/260-123440-0000_generated.wav | RTF: 0.2819(0.610s / 2.165s) | Generator RTF: 0.2805(0.607s / 2.165s)
generated_audios/generated_H3_256C_pruned50/260-123440-0001_generated.wav | RTF: 0.2967(0.516s / 1.740s) | Generator RTF: 0.2948(0.513s / 1.740s)
generated_audios/generated_H3_256C_pruned50/260-123440-0002_generated.wav | RTF: 0.3020(4.443s / 14.715s) | Generator RTF: 0.3016(4.438s / 14.715s)
generated_audios/generated_H3_256C_pruned50/260-123440-0003_generated.wav | RTF: 0.2927(1.049s / 3.585s) | Generator RTF: 0.2918(1.046s / 3.585s)
generated_audios/generated_H3_256C_pruned50/260-123440-0004_generated.wav | RTF: 0.2965(3.563s / 12.020s) | Generator RTF: 0.2961(3.559s / 12.020s)
generated_audios/generated_H3_256C_pruned50/260-123440-0005_generated.wav | RTF: 0.0760(0.236s / 3.105s) | Generator RTF: 0.0750(0.233s / 3.105s)
generated_audios/generated_H3_256C_pruned50/260-123440-0006_generated.wav | RTF: 0.0696(0.189s / 2.715s) | Generator RTF: 0.0683(0.186s / 2.715s)
generated_audios/generated_H3_256C_pruned50/260-123440-0007_generated.wav | RTF: 0.2821(0.955s / 3.385s) | Generator RTF: 0.2813(0.952s / 3.385s)
generated_audios/generated_H3_256C_pruned50/260-123440-0008_generated.wav | RTF: 0.2912(1.091s / 3.745s) | Generator RTF: 0.2903(1.087s / 3.745s)
generated_audios/generated_H3_256C_pruned50/260-123440-0009_generated.wav | RTF: 0.2911(0.907s / 3.115s) | Generator RTF: 0.2900(0.903s / 3.115s)
generated_audios/generated_H3_256C_pruned50/260-123440-0010_generated.wav | RTF: 0.2967(2.467s / 8.315s) | Generator RTF: 0.2962(2.463s / 8.315s)
generated_audios/generated_H3_256C_pruned50/260-123440-0011_generated.wav | RTF: 0.0778(0.379s / 4.870s) | Generator RTF: 0.0770(0.375s / 4.870s)
generated_audios/generated_H3_256C_pruned50/260-123440-0012_generated.wav | RTF: 0.2921(1.532s / 5.245s) | Generator RTF: 0.2914(1.528s / 5.245s)
generated_audios/generated_H3_256C_pruned50/260-123440-0013_generated.wav | RTF: 0.2925(1.016s / 3.475s) | Generator RTF: 0.2916(1.013s / 3.475s)
generated_audios/generated_H3_256C_pruned50/260-123440-0014_generated.wav | RTF: 0.2918(1.113s / 3.815s) | Generator RTF: 0.2911(1.110s / 3.815s)
generated_audios/generated_H3_256C_pruned50/260-123440-0015_generated.wav | RTF: 0.0804(0.499s / 6.200s) | Generator RTF: 0.0799(0.495s / 6.200s)
generated_audios/generated_H3_256C_pruned50/260-123440-0016_generated.wav | RTF: 0.2938(1.438s / 4.895s) | Generator RTF: 0.2930(1.434s / 4.895s)
generated_audios/generated_H3_256C_pruned50/260-123440-0017_generated.wav | RTF: 0.0829(0.254s / 3.070s) | Generator RTF: 0.0817(0.251s / 3.070s)
generated_audios/generated_H3_256C_pruned50/260-123440-0018_generated.wav | RTF: 0.2927(1.065s / 3.640s) | Generator RTF: 0.2918(1.062s / 3.640s)
generated_audios/generated_H3_256C_pruned50/260-123440-0019_generated.wav | RTF: 0.2984(1.978s / 6.630s) | Generator RTF: 0.2978(1.974s / 6.630s)
generated_audios/generated_H3_256C_pruned50/260-123440-0020_generated.wav | RTF: 0.2952(1.474s / 4.995s) | Generator RTF: 0.2945(1.471s / 4.995s)
generated_audios/generated_H3_256C_pruned50/61-70968-0000_generated.wav | RTF: 0.2929(1.437s / 4.905s) | Generator RTF: 0.2921(1.433s / 4.905s)
generated_audios/generated_H3_256C_pruned50/61-70968-0001_generated.wav | RTF: 0.2884(1.041s / 3.610s) | Generator RTF: 0.2874(1.038s / 3.610s)
generated_audios/generated_H3_256C_pruned50/61-70968-0002_generated.wav | RTF: 0.2841(0.844s / 2.970s) | Generator RTF: 0.2829(0.840s / 2.970s)
generated_audios/generated_H3_256C_pruned50/61-70968-0003_generated.wav | RTF: 0.0789(0.340s / 4.315s) | Generator RTF: 0.0781(0.337s / 4.315s)
generated_audios/generated_H3_256C_pruned50/61-70968-0004_generated.wav | RTF: 0.2944(1.144s / 3.885s) | Generator RTF: 0.2936(1.140s / 3.885s)
generated_audios/generated_H3_256C_pruned50/61-70968-0005_generated.wav | RTF: 0.0798(0.404s / 5.070s) | Generator RTF: 0.0791(0.401s / 5.070s)
generated_audios/generated_H3_256C_pruned50/61-70968-0006_generated.wav | RTF: 0.2838(0.833s / 2.935s) | Generator RTF: 0.2826(0.829s / 2.935s)
generated_audios/generated_H3_256C_pruned50/61-70968-0007_generated.wav | RTF: 0.0754(0.268s / 3.550s) | Generator RTF: 0.0745(0.264s / 3.550s)
generated_audios/generated_H3_256C_pruned50/61-70968-0008_generated.wav | RTF: 0.0757(0.268s / 3.535s) | Generator RTF: 0.0748(0.264s / 3.535s)
generated_audios/generated_H3_256C_pruned50/61-70968-0009_generated.wav | RTF: 0.2924(1.319s / 4.510s) | Generator RTF: 0.2917(1.315s / 4.510s)
generated_audios/generated_H3_256C_pruned50/61-70968-0010_generated.wav | RTF: 0.2960(2.455s / 8.295s) | Generator RTF: 0.2955(2.451s / 8.295s)
generated_audios/generated_H3_256C_pruned50/61-70968-0011_generated.wav | RTF: 0.2895(1.845s / 6.375s) | Generator RTF: 0.2889(1.842s / 6.375s)
generated_audios/generated_H3_256C_pruned50/61-70968-0012_generated.wav | RTF: 0.0777(0.203s / 2.610s) | Generator RTF: 0.0765(0.200s / 2.610s)
generated_audios/generated_H3_256C_pruned50/61-70968-0013_generated.wav | RTF: 0.0771(0.343s / 4.450s) | Generator RTF: 0.0763(0.339s / 4.450s)
generated_audios/generated_H3_256C_pruned50/61-70968-0014_generated.wav | RTF: 0.2985(2.234s / 7.485s) | Generator RTF: 0.2980(2.230s / 7.485s)
generated_audios/generated_H3_256C_pruned50/61-70968-0015_generated.wav | RTF: 0.2924(1.572s / 5.375s) | Generator RTF: 0.2917(1.568s / 5.375s)
generated_audios/generated_H3_256C_pruned50/61-70968-0016_generated.wav | RTF: 0.2937(1.093s / 3.720s) | Generator RTF: 0.2928(1.089s / 3.720s)
generated_audios/generated_H3_256C_pruned50/61-70968-0017_generated.wav | RTF: 0.2994(1.530s / 5.110s) | Generator RTF: 0.2987(1.526s / 5.110s)
generated_audios/generated_H3_256C_pruned50/61-70968-0018_generated.wav | RTF: 0.2885(0.694s / 2.405s) | Generator RTF: 0.2871(0.690s / 2.405s)
generated_audios/generated_H3_256C_pruned50/61-70968-0019_generated.wav | RTF: 0.2953(1.617s / 5.475s) | Generator RTF: 0.2946(1.613s / 5.475s)
generated_audios/generated_H3_256C_pruned50/61-70968-0020_generated.wav | RTF: 0.3000(1.532s / 5.105s) | Generator RTF: 0.2993(1.528s / 5.105s)
generated_audios/generated_H3_256C_pruned50/61-70968-0021_generated.wav | RTF: 0.2882(0.775s / 2.690s) | Generator RTF: 0.2870(0.772s / 2.690s)
generated_audios/generated_H3_256C_pruned50/61-70968-0022_generated.wav | RTF: 0.0804(0.375s / 4.670s) | Generator RTF: 0.0796(0.372s / 4.670s)
generated_audios/generated_H3_256C_pruned50/61-70968-0023_generated.wav | RTF: 0.0800(0.402s / 5.025s) | Generator RTF: 0.0793(0.398s / 5.025s)
generated_audios/generated_H3_256C_pruned50/61-70968-0024_generated.wav | RTF: 0.2993(1.803s / 6.025s) | Generator RTF: 0.2987(1.800s / 6.025s)
generated_audios/generated_H3_256C_pruned50/61-70968-0025_generated.wav | RTF: 0.0788(0.348s / 4.410s) | Generator RTF: 0.0780(0.344s / 4.410s)
generated_audios/generated_H3_256C_pruned50/61-70968-0026_generated.wav | RTF: 0.2943(1.448s / 4.920s) | Generator RTF: 0.2936(1.445s / 4.920s)
generated_audios/generated_H3_256C_pruned50/61-70968-0027_generated.wav | RTF: 0.2968(2.039s / 6.870s) | Generator RTF: 0.2962(2.035s / 6.870s)
generated_audios/generated_H3_256C_pruned50/61-70968-0028_generated.wav | RTF: 0.2939(1.574s / 5.355s) | Generator RTF: 0.2932(1.570s / 5.355s)
generated_audios/generated_H3_256C_pruned50/61-70968-0029_generated.wav | RTF: 0.2989(1.045s / 3.495s) | Generator RTF: 0.2976(1.040s / 3.495s)
generated_audios/generated_H3_256C_pruned50/61-70968-0030_generated.wav | RTF: 0.2943(1.673s / 5.685s) | Generator RTF: 0.2936(1.669s / 5.685s)
generated_audios/generated_H3_256C_pruned50/61-70968-0031_generated.wav | RTF: 0.2953(0.864s / 2.925s) | Generator RTF: 0.2946(0.862s / 2.925s)
generated_audios/generated_H3_256C_pruned50/61-70968-0032_generated.wav | RTF: 0.0782(0.335s / 4.280s) | Generator RTF: 0.0774(0.331s / 4.280s)
generated_audios/generated_H3_256C_pruned50/61-70968-0033_generated.wav | RTF: 0.0749(0.426s / 5.685s) | Generator RTF: 0.0743(0.422s / 5.685s)
generated_audios/generated_H3_256C_pruned50/61-70968-0034_generated.wav | RTF: 0.3002(1.270s / 4.230s) | Generator RTF: 0.2993(1.266s / 4.230s)
generated_audios/generated_H3_256C_pruned50/61-70968-0035_generated.wav | RTF: 0.3009(2.392s / 7.950s) | Generator RTF: 0.3004(2.388s / 7.950s)
generated_audios/generated_H3_256C_pruned50/61-70968-0036_generated.wav | RTF: 0.0780(0.229s / 2.935s) | Generator RTF: 0.0769(0.226s / 2.935s)
generated_audios/generated_H3_256C_pruned50/61-70968-0037_generated.wav | RTF: 0.0781(0.337s / 4.315s) | Generator RTF: 0.0773(0.333s / 4.315s)
generated_audios/generated_H3_256C_pruned50/61-70968-0038_generated.wav | RTF: 0.3049(0.625s / 2.050s) | Generator RTF: 0.3034(0.622s / 2.050s)
generated_audios/generated_H3_256C_pruned50/61-70968-0039_generated.wav | RTF: 0.2902(1.104s / 3.805s) | Generator RTF: 0.2893(1.101s / 3.805s)
generated_audios/generated_H3_256C_pruned50/61-70968-0040_generated.wav | RTF: 0.2986(1.180s / 3.950s) | Generator RTF: 0.2977(1.176s / 3.950s)
generated_audios/generated_H3_256C_pruned50/61-70968-0041_generated.wav | RTF: 0.0806(0.550s / 6.825s) | Generator RTF: 0.0801(0.547s / 6.825s)
generated_audios/generated_H3_256C_pruned50/61-70968-0042_generated.wav | RTF: 0.0792(0.221s / 2.785s) | Generator RTF: 0.0780(0.217s / 2.785s)
generated_audios/generated_H3_256C_pruned50/61-70968-0043_generated.wav | RTF: 0.2997(2.018s / 6.735s) | Generator RTF: 0.2991(2.015s / 6.735s)
generated_audios/generated_H3_256C_pruned50/61-70968-0044_generated.wav | RTF: 0.0782(0.217s / 2.770s) | Generator RTF: 0.0770(0.213s / 2.770s)
generated_audios/generated_H3_256C_pruned50/61-70968-0045_generated.wav | RTF: 0.0769(0.267s / 3.475s) | Generator RTF: 0.0760(0.264s / 3.475s)
generated_audios/generated_H3_256C_pruned50/61-70968-0046_generated.wav | RTF: 0.0759(0.269s / 3.550s) | Generator RTF: 0.0749(0.266s / 3.550s)
generated_audios/generated_H3_256C_pruned50/61-70968-0047_generated.wav | RTF: 0.2953(1.410s / 4.775s) | Generator RTF: 0.2946(1.407s / 4.775s)
generated_audios/generated_H3_256C_pruned50/61-70968-0048_generated.wav | RTF: 0.2969(0.897s / 3.020s) | Generator RTF: 0.2958(0.893s / 3.020s)
generated_audios/generated_H3_256C_pruned50/61-70968-0049_generated.wav | RTF: 0.3086(2.546s / 8.250s) | Generator RTF: 0.3081(2.542s / 8.250s)
generated_audios/generated_H3_256C_pruned50/61-70968-0050_generated.wav | RTF: 0.2956(1.649s / 5.580s) | Generator RTF: 0.2950(1.646s / 5.580s)
generated_audios/generated_H3_256C_pruned50/61-70968-0051_generated.wav | RTF: 0.2951(0.925s / 3.135s) | Generator RTF: 0.2941(0.922s / 3.135s)
generated_audios/generated_H3_256C_pruned50/61-70968-0052_generated.wav | RTF: 0.2732(0.724s / 2.650s) | Generator RTF: 0.2719(0.721s / 2.650s)
generated_audios/generated_H3_256C_pruned50/61-70968-0053_generated.wav | RTF: 0.0794(0.335s / 4.220s) | Generator RTF: 0.0786(0.331s / 4.220s)
generated_audios/generated_H3_256C_pruned50/61-70968-0054_generated.wav | RTF: 0.2960(2.327s / 7.860s) | Generator RTF: 0.2955(2.323s / 7.860s)
generated_audios/generated_H3_256C_pruned50/61-70968-0055_generated.wav | RTF: 0.0767(0.304s / 3.965s) | Generator RTF: 0.0759(0.301s / 3.965s)
generated_audios/generated_H3_256C_pruned50/61-70968-0056_generated.wav | RTF: 0.2819(1.005s / 3.565s) | Generator RTF: 0.2810(1.002s / 3.565s)
generated_audios/generated_H3_256C_pruned50/61-70968-0057_generated.wav | RTF: 0.0772(0.391s / 5.065s) | Generator RTF: 0.0765(0.387s / 5.065s)
generated_audios/generated_H3_256C_pruned50/61-70968-0058_generated.wav | RTF: 0.2780(0.506s / 1.820s) | Generator RTF: 0.2763(0.503s / 1.820s)
generated_audios/generated_H3_256C_pruned50/61-70968-0059_generated.wav | RTF: 0.0789(0.171s / 2.170s) | Generator RTF: 0.0774(0.168s / 2.170s)
generated_audios/generated_H3_256C_pruned50/61-70968-0060_generated.wav | RTF: 0.0756(0.282s / 3.735s) | Generator RTF: 0.0747(0.279s / 3.735s)
generated_audios/generated_H3_256C_pruned50/61-70968-0061_generated.wav | RTF: 0.3020(1.670s / 5.530s) | Generator RTF: 0.3014(1.667s / 5.530s)
generated_audios/generated_H3_256C_pruned50/61-70968-0062_generated.wav | RTF: 0.0785(0.201s / 2.555s) | Generator RTF: 0.0772(0.197s / 2.555s)
generated_audios/generated_H3_256C_pruned50/61-70970-0000_generated.wav | RTF: 0.3012(1.830s / 6.075s) | Generator RTF: 0.3006(1.826s / 6.075s)
generated_audios/generated_H3_256C_pruned50/61-70970-0001_generated.wav | RTF: 0.2990(1.840s / 6.155s) | Generator RTF: 0.2984(1.836s / 6.155s)
generated_audios/generated_H3_256C_pruned50/61-70970-0002_generated.wav | RTF: 0.3021(1.258s / 4.165s) | Generator RTF: 0.3013(1.255s / 4.165s)
generated_audios/generated_H3_256C_pruned50/61-70970-0003_generated.wav | RTF: 0.2940(1.127s / 3.835s) | Generator RTF: 0.2930(1.124s / 3.835s)
generated_audios/generated_H3_256C_pruned50/61-70970-0004_generated.wav | RTF: 0.3045(3.202s / 10.515s) | Generator RTF: 0.3042(3.198s / 10.515s)
generated_audios/generated_H3_256C_pruned50/61-70970-0005_generated.wav | RTF: 0.3151(0.637s / 2.020s) | Generator RTF: 0.3132(0.633s / 2.020s)
generated_audios/generated_H3_256C_pruned50/61-70970-0006_generated.wav | RTF: 0.3133(0.732s / 2.335s) | Generator RTF: 0.3119(0.728s / 2.335s)
generated_audios/generated_H3_256C_pruned50/61-70970-0007_generated.wav | RTF: 0.3109(1.394s / 4.485s) | Generator RTF: 0.3101(1.391s / 4.485s)
generated_audios/generated_H3_256C_pruned50/61-70970-0008_generated.wav | RTF: 0.3275(0.704s / 2.150s) | Generator RTF: 0.3260(0.701s / 2.150s)
generated_audios/generated_H3_256C_pruned50/61-70970-0009_generated.wav | RTF: 0.3110(1.059s / 3.405s) | Generator RTF: 0.3100(1.056s / 3.405s)
generated_audios/generated_H3_256C_pruned50/61-70970-0010_generated.wav | RTF: 0.0754(0.229s / 3.045s) | Generator RTF: 0.0743(0.226s / 3.045s)
generated_audios/generated_H3_256C_pruned50/61-70970-0011_generated.wav | RTF: 0.0727(0.442s / 6.075s) | Generator RTF: 0.0721(0.438s / 6.075s)
generated_audios/generated_H3_256C_pruned50/61-70970-0012_generated.wav | RTF: 0.0738(0.231s / 3.135s) | Generator RTF: 0.0727(0.228s / 3.135s)
generated_audios/generated_H3_256C_pruned50/61-70970-0013_generated.wav | RTF: 0.3117(1.356s / 4.350s) | Generator RTF: 0.3109(1.352s / 4.350s)
generated_audios/generated_H3_256C_pruned50/61-70970-0014_generated.wav | RTF: 0.0698(0.238s / 3.405s) | Generator RTF: 0.0687(0.234s / 3.405s)
generated_audios/generated_H3_256C_pruned50/61-70970-0015_generated.wav | RTF: 0.3068(2.582s / 8.415s) | Generator RTF: 0.3063(2.578s / 8.415s)
generated_audios/generated_H3_256C_pruned50/61-70970-0016_generated.wav | RTF: 0.3050(1.333s / 4.370s) | Generator RTF: 0.3042(1.329s / 4.370s)
generated_audios/generated_H3_256C_pruned50/61-70970-0017_generated.wav | RTF: 0.0790(0.201s / 2.550s) | Generator RTF: 0.0778(0.198s / 2.550s)
generated_audios/generated_H3_256C_pruned50/61-70970-0018_generated.wav | RTF: 0.3015(1.387s / 4.600s) | Generator RTF: 0.3007(1.383s / 4.600s)
generated_audios/generated_H3_256C_pruned50/61-70970-0019_generated.wav | RTF: 0.3004(1.135s / 3.780s) | Generator RTF: 0.2994(1.132s / 3.780s)
generated_audios/generated_H3_256C_pruned50/61-70970-0020_generated.wav | RTF: 0.0762(0.383s / 5.025s) | Generator RTF: 0.0754(0.379s / 5.025s)
generated_audios/generated_H3_256C_pruned50/61-70970-0021_generated.wav | RTF: 0.3006(1.625s / 5.405s) | Generator RTF: 0.2999(1.621s / 5.405s)
generated_audios/generated_H3_256C_pruned50/61-70970-0022_generated.wav | RTF: 0.0760(0.302s / 3.970s) | Generator RTF: 0.0751(0.298s / 3.970s)
generated_audios/generated_H3_256C_pruned50/61-70970-0023_generated.wav | RTF: 0.0742(0.275s / 3.705s) | Generator RTF: 0.0733(0.272s / 3.705s)
generated_audios/generated_H3_256C_pruned50/61-70970-0024_generated.wav | RTF: 0.3051(2.207s / 7.235s) | Generator RTF: 0.3045(2.203s / 7.235s)
generated_audios/generated_H3_256C_pruned50/61-70970-0025_generated.wav | RTF: 0.3040(2.260s / 7.435s) | Generator RTF: 0.3035(2.256s / 7.435s)
generated_audios/generated_H3_256C_pruned50/61-70970-0026_generated.wav | RTF: 0.0788(0.431s / 5.475s) | Generator RTF: 0.0782(0.428s / 5.475s)
generated_audios/generated_H3_256C_pruned50/61-70970-0027_generated.wav | RTF: 0.0755(0.384s / 5.080s) | Generator RTF: 0.0748(0.380s / 5.080s)
generated_audios/generated_H3_256C_pruned50/61-70970-0028_generated.wav | RTF: 0.0763(0.500s / 6.550s) | Generator RTF: 0.0757(0.496s / 6.550s)
generated_audios/generated_H3_256C_pruned50/61-70970-0029_generated.wav | RTF: 0.0809(0.326s / 4.030s) | Generator RTF: 0.0800(0.322s / 4.030s)
generated_audios/generated_H3_256C_pruned50/61-70970-0030_generated.wav | RTF: 0.0781(0.253s / 3.240s) | Generator RTF: 0.0770(0.250s / 3.240s)
generated_audios/generated_H3_256C_pruned50/61-70970-0031_generated.wav | RTF: 0.3015(1.548s / 5.135s) | Generator RTF: 0.3008(1.544s / 5.135s)
generated_audios/generated_H3_256C_pruned50/61-70970-0032_generated.wav | RTF: 0.0752(0.236s / 3.135s) | Generator RTF: 0.0741(0.232s / 3.135s)
generated_audios/generated_H3_256C_pruned50/61-70970-0033_generated.wav | RTF: 0.2994(1.024s / 3.420s) | Generator RTF: 0.2984(1.020s / 3.420s)
generated_audios/generated_H3_256C_pruned50/61-70970-0034_generated.wav | RTF: 0.0754(0.338s / 4.485s) | Generator RTF: 0.0746(0.335s / 4.485s)
generated_audios/generated_H3_256C_pruned50/61-70970-0035_generated.wav | RTF: 0.0760(0.562s / 7.405s) | Generator RTF: 0.0754(0.559s / 7.405s)
generated_audios/generated_H3_256C_pruned50/61-70970-0036_generated.wav | RTF: 0.0766(0.520s / 6.785s) | Generator RTF: 0.0760(0.516s / 6.785s)
generated_audios/generated_H3_256C_pruned50/61-70970-0037_generated.wav | RTF: 0.3049(1.823s / 5.980s) | Generator RTF: 0.3043(1.820s / 5.980s)
generated_audios/generated_H3_256C_pruned50/61-70970-0038_generated.wav | RTF: 0.3070(3.193s / 10.400s) | Generator RTF: 0.3066(3.189s / 10.400s)
generated_audios/generated_H3_256C_pruned50/61-70970-0039_generated.wav | RTF: 0.0908(0.605s / 6.665s) | Generator RTF: 0.0902(0.601s / 6.665s)
generated_audios/generated_H3_256C_pruned50/61-70970-0040_generated.wav | RTF: 0.0769(0.320s / 4.165s) | Generator RTF: 0.0761(0.317s / 4.165s)
generated_audios/generated_H3_256C_pruned50/672-122797-0000_generated.wav | RTF: 0.3079(1.253s / 4.070s) | Generator RTF: 0.3071(1.250s / 4.070s)
generated_audios/generated_H3_256C_pruned50/672-122797-0001_generated.wav | RTF: 0.3134(4.742s / 15.130s) | Generator RTF: 0.3131(4.737s / 15.130s)
generated_audios/generated_H3_256C_pruned50/672-122797-0002_generated.wav | RTF: 0.3030(4.127s / 13.620s) | Generator RTF: 0.3027(4.122s / 13.620s)
generated_audios/generated_H3_256C_pruned50/672-122797-0003_generated.wav | RTF: 0.3734(1.777s / 4.760s) | Generator RTF: 0.3727(1.774s / 4.760s)
generated_audios/generated_H3_256C_pruned50/672-122797-0004_generated.wav | RTF: 0.3021(3.097s / 10.250s) | Generator RTF: 0.3017(3.093s / 10.250s)
generated_audios/generated_H3_256C_pruned50/672-122797-0005_generated.wav | RTF: 0.3181(1.037s / 3.260s) | Generator RTF: 0.3171(1.034s / 3.260s)
generated_audios/generated_H3_256C_pruned50/672-122797-0006_generated.wav | RTF: 0.3138(4.377s / 13.950s) | Generator RTF: 0.3135(4.373s / 13.950s)
generated_audios/generated_H3_256C_pruned50/672-122797-0007_generated.wav | RTF: 0.3059(1.964s / 6.420s) | Generator RTF: 0.3052(1.960s / 6.420s)
generated_audios/generated_H3_256C_pruned50/672-122797-0008_generated.wav | RTF: 0.3093(9.529s / 30.810s) | Generator RTF: 0.3090(9.522s / 30.810s)
generated_audios/generated_H3_256C_pruned50/672-122797-0009_generated.wav | RTF: 0.0784(0.217s / 2.765s) | Generator RTF: 0.0771(0.213s / 2.765s)
generated_audios/generated_H3_256C_pruned50/672-122797-0010_generated.wav | RTF: 0.0753(0.287s / 3.815s) | Generator RTF: 0.0744(0.284s / 3.815s)
generated_audios/generated_H3_256C_pruned50/672-122797-0011_generated.wav | RTF: 0.3304(0.839s / 2.540s) | Generator RTF: 0.3292(0.836s / 2.540s)
generated_audios/generated_H3_256C_pruned50/672-122797-0012_generated.wav | RTF: 0.3155(2.450s / 7.765s) | Generator RTF: 0.3150(2.446s / 7.765s)
generated_audios/generated_H3_256C_pruned50/672-122797-0013_generated.wav | RTF: 0.3045(2.651s / 8.705s) | Generator RTF: 0.3040(2.646s / 8.705s)
generated_audios/generated_H3_256C_pruned50/672-122797-0014_generated.wav | RTF: 0.0808(0.206s / 2.555s) | Generator RTF: 0.0796(0.203s / 2.555s)
generated_audios/generated_H3_256C_pruned50/672-122797-0015_generated.wav | RTF: 0.0835(0.372s / 4.455s) | Generator RTF: 0.0828(0.369s / 4.455s)
generated_audios/generated_H3_256C_pruned50/672-122797-0016_generated.wav | RTF: 0.3038(2.799s / 9.215s) | Generator RTF: 0.3034(2.795s / 9.215s)
generated_audios/generated_H3_256C_pruned50/672-122797-0017_generated.wav | RTF: 0.3083(1.486s / 4.820s) | Generator RTF: 0.3077(1.483s / 4.820s)
generated_audios/generated_H3_256C_pruned50/672-122797-0018_generated.wav | RTF: 0.3046(1.502s / 4.930s) | Generator RTF: 0.3039(1.498s / 4.930s)
generated_audios/generated_H3_256C_pruned50/672-122797-0019_generated.wav | RTF: 0.2976(1.223s / 4.110s) | Generator RTF: 0.2967(1.219s / 4.110s)
generated_audios/generated_H3_256C_pruned50/672-122797-0020_generated.wav | RTF: 0.3044(2.687s / 8.825s) | Generator RTF: 0.3040(2.683s / 8.825s)
generated_audios/generated_H3_256C_pruned50/672-122797-0021_generated.wav | RTF: 0.0755(0.313s / 4.150s) | Generator RTF: 0.0747(0.310s / 4.150s)
generated_audios/generated_H3_256C_pruned50/672-122797-0022_generated.wav | RTF: 0.3093(5.879s / 19.005s) | Generator RTF: 0.3091(5.874s / 19.005s)
generated_audios/generated_H3_256C_pruned50/672-122797-0023_generated.wav | RTF: 0.3471(3.365s / 9.695s) | Generator RTF: 0.3467(3.361s / 9.695s)
generated_audios/generated_H3_256C_pruned50/672-122797-0024_generated.wav | RTF: 0.3045(1.258s / 4.130s) | Generator RTF: 0.3036(1.254s / 4.130s)
generated_audios/generated_H3_256C_pruned50/672-122797-0025_generated.wav | RTF: 0.3051(3.262s / 10.690s) | Generator RTF: 0.3048(3.258s / 10.690s)
generated_audios/generated_H3_256C_pruned50/672-122797-0026_generated.wav | RTF: 0.3043(4.248s / 13.960s) | Generator RTF: 0.3040(4.244s / 13.960s)
generated_audios/generated_H3_256C_pruned50/672-122797-0027_generated.wav | RTF: 0.0764(0.366s / 4.790s) | Generator RTF: 0.0756(0.362s / 4.790s)
generated_audios/generated_H3_256C_pruned50/672-122797-0028_generated.wav | RTF: 0.0782(0.204s / 2.610s) | Generator RTF: 0.0769(0.201s / 2.610s)
generated_audios/generated_H3_256C_pruned50/672-122797-0029_generated.wav | RTF: 0.0774(0.236s / 3.050s) | Generator RTF: 0.0763(0.233s / 3.050s)
generated_audios/generated_H3_256C_pruned50/672-122797-0030_generated.wav | RTF: 0.2981(1.364s / 4.575s) | Generator RTF: 0.2974(1.361s / 4.575s)
generated_audios/generated_H3_256C_pruned50/672-122797-0031_generated.wav | RTF: 0.0748(0.298s / 3.980s) | Generator RTF: 0.0739(0.294s / 3.980s)
generated_audios/generated_H3_256C_pruned50/672-122797-0032_generated.wav | RTF: 0.0751(0.301s / 4.000s) | Generator RTF: 0.0742(0.297s / 4.000s)
generated_audios/generated_H3_256C_pruned50/672-122797-0033_generated.wav | RTF: 0.3080(0.396s / 1.285s) | Generator RTF: 0.3056(0.393s / 1.285s)
generated_audios/generated_H3_256C_pruned50/672-122797-0034_generated.wav | RTF: 0.1338(0.684s / 5.110s) | Generator RTF: 0.1331(0.680s / 5.110s)
generated_audios/generated_H3_256C_pruned50/672-122797-0035_generated.wav | RTF: 0.0768(0.223s / 2.900s) | Generator RTF: 0.0757(0.219s / 2.900s)
generated_audios/generated_H3_256C_pruned50/672-122797-0036_generated.wav | RTF: 0.0782(0.419s / 5.365s) | Generator RTF: 0.0776(0.416s / 5.365s)
generated_audios/generated_H3_256C_pruned50/672-122797-0037_generated.wav | RTF: 0.2932(0.575s / 1.960s) | Generator RTF: 0.2916(0.572s / 1.960s)
generated_audios/generated_H3_256C_pruned50/672-122797-0038_generated.wav | RTF: 0.3083(2.713s / 8.800s) | Generator RTF: 0.3079(2.709s / 8.800s)
generated_audios/generated_H3_256C_pruned50/672-122797-0039_generated.wav | RTF: 0.3032(1.220s / 4.025s) | Generator RTF: 0.3023(1.217s / 4.025s)
generated_audios/generated_H3_256C_pruned50/672-122797-0040_generated.wav | RTF: 0.0777(0.398s / 5.125s) | Generator RTF: 0.0771(0.395s / 5.125s)
generated_audios/generated_H3_256C_pruned50/672-122797-0041_generated.wav | RTF: 0.0762(0.296s / 3.880s) | Generator RTF: 0.0753(0.292s / 3.880s)
generated_audios/generated_H3_256C_pruned50/672-122797-0042_generated.wav | RTF: 0.3065(4.692s / 15.310s) | Generator RTF: 0.3062(4.688s / 15.310s)
generated_audios/generated_H3_256C_pruned50/672-122797-0043_generated.wav | RTF: 0.0741(0.280s / 3.780s) | Generator RTF: 0.0734(0.277s / 3.780s)
generated_audios/generated_H3_256C_pruned50/672-122797-0044_generated.wav | RTF: 0.0755(0.282s / 3.740s) | Generator RTF: 0.0746(0.279s / 3.740s)
generated_audios/generated_H3_256C_pruned50/672-122797-0045_generated.wav | RTF: 0.0763(1.065s / 13.960s) | Generator RTF: 0.0761(1.062s / 13.960s)
generated_audios/generated_H3_256C_pruned50/672-122797-0046_generated.wav | RTF: 0.2998(1.414s / 4.715s) | Generator RTF: 0.2990(1.410s / 4.715s)
generated_audios/generated_H3_256C_pruned50/672-122797-0047_generated.wav | RTF: 0.2966(0.986s / 3.325s) | Generator RTF: 0.2955(0.983s / 3.325s)
generated_audios/generated_H3_256C_pruned50/672-122797-0048_generated.wav | RTF: 0.0776(0.508s / 6.555s) | Generator RTF: 0.0770(0.505s / 6.555s)
generated_audios/generated_H3_256C_pruned50/672-122797-0049_generated.wav | RTF: 0.0803(0.162s / 2.020s) | Generator RTF: 0.0793(0.160s / 2.020s)
generated_audios/generated_H3_256C_pruned50/672-122797-0050_generated.wav | RTF: 0.3265(1.585s / 4.855s) | Generator RTF: 0.3258(1.582s / 4.855s)
generated_audios/generated_H3_256C_pruned50/672-122797-0051_generated.wav | RTF: 0.3040(1.418s / 4.665s) | Generator RTF: 0.3031(1.414s / 4.665s)
generated_audios/generated_H3_256C_pruned50/672-122797-0052_generated.wav | RTF: 0.3017(1.293s / 4.285s) | Generator RTF: 0.3009(1.289s / 4.285s)
generated_audios/generated_H3_256C_pruned50/672-122797-0053_generated.wav | RTF: 0.0764(0.226s / 2.955s) | Generator RTF: 0.0754(0.223s / 2.955s)
generated_audios/generated_H3_256C_pruned50/672-122797-0054_generated.wav | RTF: 0.0766(0.326s / 4.250s) | Generator RTF: 0.0759(0.322s / 4.250s)
generated_audios/generated_H3_256C_pruned50/672-122797-0055_generated.wav | RTF: 0.3039(2.501s / 8.230s) | Generator RTF: 0.3034(2.497s / 8.230s)
generated_audios/generated_H3_256C_pruned50/672-122797-0056_generated.wav | RTF: 0.0764(0.399s / 5.225s) | Generator RTF: 0.0757(0.395s / 5.225s)
generated_audios/generated_H3_256C_pruned50/672-122797-0057_generated.wav | RTF: 0.0755(0.495s / 6.560s) | Generator RTF: 0.0749(0.491s / 6.560s)
generated_audios/generated_H3_256C_pruned50/672-122797-0058_generated.wav | RTF: 0.3137(1.402s / 4.470s) | Generator RTF: 0.3130(1.399s / 4.470s)
generated_audios/generated_H3_256C_pruned50/672-122797-0059_generated.wav | RTF: 0.3036(1.069s / 3.520s) | Generator RTF: 0.3027(1.066s / 3.520s)
generated_audios/generated_H3_256C_pruned50/672-122797-0060_generated.wav | RTF: 0.0743(0.249s / 3.350s) | Generator RTF: 0.0734(0.246s / 3.350s)
generated_audios/generated_H3_256C_pruned50/672-122797-0061_generated.wav | RTF: 0.2979(2.261s / 7.590s) | Generator RTF: 0.2974(2.257s / 7.590s)
generated_audios/generated_H3_256C_pruned50/672-122797-0062_generated.wav | RTF: 0.3056(0.818s / 2.675s) | Generator RTF: 0.3045(0.815s / 2.675s)
generated_audios/generated_H3_256C_pruned50/672-122797-0063_generated.wav | RTF: 0.0775(0.393s / 5.075s) | Generator RTF: 0.0768(0.390s / 5.075s)
generated_audios/generated_H3_256C_pruned50/672-122797-0064_generated.wav | RTF: 0.3039(4.640s / 15.270s) | Generator RTF: 0.3035(4.635s / 15.270s)
generated_audios/generated_H3_256C_pruned50/672-122797-0065_generated.wav | RTF: 0.0764(0.232s / 3.030s) | Generator RTF: 0.0752(0.228s / 3.030s)
generated_audios/generated_H3_256C_pruned50/672-122797-0066_generated.wav | RTF: 0.0761(0.366s / 4.815s) | Generator RTF: 0.0753(0.363s / 4.815s)
generated_audios/generated_H3_256C_pruned50/672-122797-0067_generated.wav | RTF: 0.3009(3.922s / 13.035s) | Generator RTF: 0.3005(3.918s / 13.035s)
generated_audios/generated_H3_256C_pruned50/672-122797-0068_generated.wav | RTF: 0.0768(0.309s / 4.020s) | Generator RTF: 0.0760(0.305s / 4.020s)
generated_audios/generated_H3_256C_pruned50/672-122797-0069_generated.wav | RTF: 0.3069(1.537s / 5.010s) | Generator RTF: 0.3062(1.534s / 5.010s)
generated_audios/generated_H3_256C_pruned50/672-122797-0070_generated.wav | RTF: 0.3056(1.916s / 6.270s) | Generator RTF: 0.3050(1.912s / 6.270s)
generated_audios/generated_H3_256C_pruned50/672-122797-0071_generated.wav | RTF: 0.3088(2.741s / 8.875s) | Generator RTF: 0.3084(2.737s / 8.875s)
generated_audios/generated_H3_256C_pruned50/672-122797-0072_generated.wav | RTF: 0.3063(2.432s / 7.940s) | Generator RTF: 0.3058(2.428s / 7.940s)
generated_audios/generated_H3_256C_pruned50/672-122797-0073_generated.wav | RTF: 0.3039(2.494s / 8.205s) | Generator RTF: 0.3034(2.490s / 8.205s)
generated_audios/generated_H3_256C_pruned50/672-122797-0074_generated.wav | RTF: 0.3047(2.660s / 8.730s) | Generator RTF: 0.3043(2.657s / 8.730s)
generated_audios/generated_H3_256C_pruned50/908-157963-0000_generated.wav | RTF: 0.3071(3.876s / 12.620s) | Generator RTF: 0.3068(3.872s / 12.620s)
generated_audios/generated_H3_256C_pruned50/908-157963-0001_generated.wav | RTF: 0.3106(0.896s / 2.885s) | Generator RTF: 0.3094(0.893s / 2.885s)
generated_audios/generated_H3_256C_pruned50/908-157963-0002_generated.wav | RTF: 0.2932(0.808s / 2.755s) | Generator RTF: 0.2921(0.805s / 2.755s)
generated_audios/generated_H3_256C_pruned50/908-157963-0003_generated.wav | RTF: 0.3087(0.951s / 3.080s) | Generator RTF: 0.3076(0.947s / 3.080s)
generated_audios/generated_H3_256C_pruned50/908-157963-0004_generated.wav | RTF: 0.3084(4.315s / 13.990s) | Generator RTF: 0.3081(4.310s / 13.990s)
generated_audios/generated_H3_256C_pruned50/908-157963-0005_generated.wav | RTF: 0.3046(2.143s / 7.035s) | Generator RTF: 0.3040(2.139s / 7.035s)
generated_audios/generated_H3_256C_pruned50/908-157963-0006_generated.wav | RTF: 0.3076(2.495s / 8.110s) | Generator RTF: 0.3071(2.491s / 8.110s)
generated_audios/generated_H3_256C_pruned50/908-157963-0007_generated.wav | RTF: 0.3091(10.128s / 32.770s) | Generator RTF: 0.3089(10.121s / 32.770s)
generated_audios/generated_H3_256C_pruned50/908-157963-0008_generated.wav | RTF: 0.3059(6.103s / 19.950s) | Generator RTF: 0.3056(6.098s / 19.950s)
generated_audios/generated_H3_256C_pruned50/908-157963-0009_generated.wav | RTF: 0.3077(1.249s / 4.060s) | Generator RTF: 0.3068(1.246s / 4.060s)
generated_audios/generated_H3_256C_pruned50/908-157963-0010_generated.wav | RTF: 0.0781(0.490s / 6.280s) | Generator RTF: 0.0774(0.486s / 6.280s)
generated_audios/generated_H3_256C_pruned50/908-157963-0011_generated.wav | RTF: 0.0765(0.795s / 10.395s) | Generator RTF: 0.0761(0.791s / 10.395s)
generated_audios/generated_H3_256C_pruned50/908-157963-0012_generated.wav | RTF: 0.3058(3.086s / 10.090s) | Generator RTF: 0.3054(3.081s / 10.090s)
generated_audios/generated_H3_256C_pruned50/908-157963-0013_generated.wav | RTF: 0.0783(0.338s / 4.315s) | Generator RTF: 0.0774(0.334s / 4.315s)
generated_audios/generated_H3_256C_pruned50/908-157963-0014_generated.wav | RTF: 0.0773(0.349s / 4.520s) | Generator RTF: 0.0766(0.346s / 4.520s)
generated_audios/generated_H3_256C_pruned50/908-157963-0015_generated.wav | RTF: 0.3039(4.395s / 14.465s) | Generator RTF: 0.3036(4.391s / 14.465s)
generated_audios/generated_H3_256C_pruned50/908-157963-0016_generated.wav | RTF: 0.0771(0.394s / 5.105s) | Generator RTF: 0.0764(0.390s / 5.105s)
generated_audios/generated_H3_256C_pruned50/908-157963-0017_generated.wav | RTF: 0.2980(1.475s / 4.950s) | Generator RTF: 0.2973(1.472s / 4.950s)
generated_audios/generated_H3_256C_pruned50/908-157963-0018_generated.wav | RTF: 0.0769(0.327s / 4.255s) | Generator RTF: 0.0760(0.323s / 4.255s)
generated_audios/generated_H3_256C_pruned50/908-157963-0019_generated.wav | RTF: 0.3072(6.586s / 21.440s) | Generator RTF: 0.3069(6.580s / 21.440s)
generated_audios/generated_H3_256C_pruned50/908-157963-0020_generated.wav | RTF: 0.3066(3.004s / 9.800s) | Generator RTF: 0.3061(3.000s / 9.800s)
generated_audios/generated_H3_256C_pruned50/908-157963-0021_generated.wav | RTF: 0.0760(0.778s / 10.240s) | Generator RTF: 0.0756(0.774s / 10.240s)
generated_audios/generated_H3_256C_pruned50/908-157963-0022_generated.wav | RTF: 0.3145(1.450s / 4.610s) | Generator RTF: 0.3137(1.446s / 4.610s)
generated_audios/generated_H3_256C_pruned50/908-157963-0023_generated.wav | RTF: 0.3038(2.925s / 9.625s) | Generator RTF: 0.3034(2.921s / 9.625s)
generated_audios/generated_H3_256C_pruned50/908-157963-0024_generated.wav | RTF: 0.3068(1.055s / 3.440s) | Generator RTF: 0.3059(1.052s / 3.440s)
generated_audios/generated_H3_256C_pruned50/908-157963-0025_generated.wav | RTF: 0.2995(2.775s / 9.265s) | Generator RTF: 0.2991(2.771s / 9.265s)
generated_audios/generated_H3_256C_pruned50/908-157963-0026_generated.wav | RTF: 0.3047(2.468s / 8.100s) | Generator RTF: 0.3043(2.465s / 8.100s)
generated_audios/generated_H3_256C_pruned50/908-157963-0027_generated.wav | RTF: 0.0809(0.423s / 5.225s) | Generator RTF: 0.0801(0.419s / 5.225s)
generated_audios/generated_H3_256C_pruned50/908-157963-0028_generated.wav | RTF: 0.0712(0.353s / 4.955s) | Generator RTF: 0.0705(0.349s / 4.955s)
generated_audios/generated_H3_256C_pruned50/908-157963-0029_generated.wav | RTF: 0.2963(1.075s / 3.630s) | Generator RTF: 0.2955(1.073s / 3.630s)
generated_audios/generated_H3_256C_pruned50/908-157963-0030_generated.wav | RTF: 0.0775(0.350s / 4.520s) | Generator RTF: 0.0768(0.347s / 4.520s)
generated_audios/generated_H3_256C_pruned50/908-31957-0000_generated.wav | RTF: 0.2986(0.635s / 2.125s) | Generator RTF: 0.2971(0.631s / 2.125s)
generated_audios/generated_H3_256C_pruned50/908-31957-0001_generated.wav | RTF: 0.3042(3.442s / 11.315s) | Generator RTF: 0.3039(3.439s / 11.315s)
generated_audios/generated_H3_256C_pruned50/908-31957-0002_generated.wav | RTF: 0.0771(0.369s / 4.790s) | Generator RTF: 0.0763(0.365s / 4.790s)
generated_audios/generated_H3_256C_pruned50/908-31957-0003_generated.wav | RTF: 0.0774(0.508s / 6.565s) | Generator RTF: 0.0768(0.504s / 6.565s)
generated_audios/generated_H3_256C_pruned50/908-31957-0004_generated.wav | RTF: 0.3045(4.493s / 14.755s) | Generator RTF: 0.3042(4.488s / 14.755s)
generated_audios/generated_H3_256C_pruned50/908-31957-0005_generated.wav | RTF: 0.0766(0.344s / 4.490s) | Generator RTF: 0.0759(0.341s / 4.490s)
generated_audios/generated_H3_256C_pruned50/908-31957-0006_generated.wav | RTF: 0.2979(1.754s / 5.890s) | Generator RTF: 0.2973(1.751s / 5.890s)
generated_audios/generated_H3_256C_pruned50/908-31957-0007_generated.wav | RTF: 0.0773(0.448s / 5.800s) | Generator RTF: 0.0767(0.445s / 5.800s)
generated_audios/generated_H3_256C_pruned50/908-31957-0008_generated.wav | RTF: 0.3028(3.029s / 10.005s) | Generator RTF: 0.3024(3.025s / 10.005s)
generated_audios/generated_H3_256C_pruned50/908-31957-0009_generated.wav | RTF: 0.3011(2.320s / 7.705s) | Generator RTF: 0.3006(2.316s / 7.705s)
generated_audios/generated_H3_256C_pruned50/908-31957-0010_generated.wav | RTF: 0.2983(0.749s / 2.510s) | Generator RTF: 0.2971(0.746s / 2.510s)
generated_audios/generated_H3_256C_pruned50/908-31957-0011_generated.wav | RTF: 0.0793(0.185s / 2.335s) | Generator RTF: 0.0779(0.182s / 2.335s)
generated_audios/generated_H3_256C_pruned50/908-31957-0012_generated.wav | RTF: 0.3020(2.300s / 7.615s) | Generator RTF: 0.3016(2.296s / 7.615s)
generated_audios/generated_H3_256C_pruned50/908-31957-0013_generated.wav | RTF: 0.3029(1.872s / 6.180s) | Generator RTF: 0.3024(1.869s / 6.180s)
generated_audios/generated_H3_256C_pruned50/908-31957-0014_generated.wav | RTF: 0.2998(2.266s / 7.560s) | Generator RTF: 0.2992(2.262s / 7.560s)
generated_audios/generated_H3_256C_pruned50/908-31957-0015_generated.wav | RTF: 0.3083(6.618s / 21.465s) | Generator RTF: 0.3081(6.613s / 21.465s)
generated_audios/generated_H3_256C_pruned50/908-31957-0016_generated.wav | RTF: 0.2990(1.937s / 6.480s) | Generator RTF: 0.2984(1.933s / 6.480s)
generated_audios/generated_H3_256C_pruned50/908-31957-0017_generated.wav | RTF: 0.3001(2.339s / 7.795s) | Generator RTF: 0.2996(2.336s / 7.795s)
generated_audios/generated_H3_256C_pruned50/908-31957-0018_generated.wav | RTF: 0.2948(1.154s / 3.915s) | Generator RTF: 0.2938(1.150s / 3.915s)
generated_audios/generated_H3_256C_pruned50/908-31957-0019_generated.wav | RTF: 0.3023(2.884s / 9.540s) | Generator RTF: 0.3019(2.880s / 9.540s)
generated_audios/generated_H3_256C_pruned50/908-31957-0020_generated.wav | RTF: 0.0724(0.427s / 5.895s) | Generator RTF: 0.0718(0.423s / 5.895s)
generated_audios/generated_H3_256C_pruned50/908-31957-0021_generated.wav | RTF: 0.2981(3.251s / 10.905s) | Generator RTF: 0.2977(3.247s / 10.905s)
generated_audios/generated_H3_256C_pruned50/908-31957-0022_generated.wav | RTF: 0.3035(4.279s / 14.100s) | Generator RTF: 0.3031(4.274s / 14.100s)
generated_audios/generated_H3_256C_pruned50/908-31957-0023_generated.wav | RTF: 0.2997(2.552s / 8.515s) | Generator RTF: 0.2992(2.548s / 8.515s)
generated_audios/generated_H3_256C_pruned50/908-31957-0024_generated.wav | RTF: 0.3035(2.288s / 7.540s) | Generator RTF: 0.3029(2.284s / 7.540s)
generated_audios/generated_H3_256C_pruned50/908-31957-0025_generated.wav | RTF: 0.3287(6.759s / 20.560s) | Generator RTF: 0.3285(6.754s / 20.560s)
Average RTF: 0.2527(798.625s / 3159.849s)
Average Generator RTF: 0.2521(796.716s / 3159.849s)
Evaluation summary:
  Mel-spectrogram L1: 0.341340
  PESQ: 2.168942
  STOI: 0.922731
Appended per-audio metrics to CSV: per_audio_results/H3_256C_Mask_pruning

Appended metrics to CSV: experiments_results.csv
========== H3: pruning 70% ==========
Initializing Inference Process..
Using device: cpu (baseline and quantized inference both run on CPU)
Loading '/home/hpc/vlbi/vlbi107v/hifi-gan/cp_hifigan/v1_c256_ft70/g_00265000'
Complete.
Checkpoint contains masked pruning parameters. Preparing masked model before loading...
Removing weight norm...
Skipping ConvTranspose1d pruning for ups.0
Skipping ConvTranspose1d pruning for ups.1
Skipping ConvTranspose1d pruning for ups.2
Skipping ConvTranspose1d pruning for ups.3
Pruning (with mask) resblocks.0.convs1.0 (Conv1d): out_channels=128, dim=0, amount=0.0
Done pruning (with mask) resblocks.0.convs1.0 (Conv1d)
Pruning (with mask) resblocks.0.convs1.1 (Conv1d): out_channels=128, dim=0, amount=0.0
Done pruning (with mask) resblocks.0.convs1.1 (Conv1d)
Pruning (with mask) resblocks.0.convs1.2 (Conv1d): out_channels=128, dim=0, amount=0.0
Done pruning (with mask) resblocks.0.convs1.2 (Conv1d)
Pruning (with mask) resblocks.0.convs2.0 (Conv1d): out_channels=128, dim=0, amount=0.0
Done pruning (with mask) resblocks.0.convs2.0 (Conv1d)
Pruning (with mask) resblocks.0.convs2.1 (Conv1d): out_channels=128, dim=0, amount=0.0
Done pruning (with mask) resblocks.0.convs2.1 (Conv1d)
Pruning (with mask) resblocks.0.convs2.2 (Conv1d): out_channels=128, dim=0, amount=0.0
Done pruning (with mask) resblocks.0.convs2.2 (Conv1d)
Pruning (with mask) resblocks.1.convs1.0 (Conv1d): out_channels=128, dim=0, amount=0.0
Done pruning (with mask) resblocks.1.convs1.0 (Conv1d)
Pruning (with mask) resblocks.1.convs1.1 (Conv1d): out_channels=128, dim=0, amount=0.0
Done pruning (with mask) resblocks.1.convs1.1 (Conv1d)
Pruning (with mask) resblocks.1.convs1.2 (Conv1d): out_channels=128, dim=0, amount=0.0
Done pruning (with mask) resblocks.1.convs1.2 (Conv1d)
Pruning (with mask) resblocks.1.convs2.0 (Conv1d): out_channels=128, dim=0, amount=0.0
Done pruning (with mask) resblocks.1.convs2.0 (Conv1d)
Pruning (with mask) resblocks.1.convs2.1 (Conv1d): out_channels=128, dim=0, amount=0.0
Done pruning (with mask) resblocks.1.convs2.1 (Conv1d)
Pruning (with mask) resblocks.1.convs2.2 (Conv1d): out_channels=128, dim=0, amount=0.0
Done pruning (with mask) resblocks.1.convs2.2 (Conv1d)
Pruning (with mask) resblocks.2.convs1.0 (Conv1d): out_channels=128, dim=0, amount=0.0
Done pruning (with mask) resblocks.2.convs1.0 (Conv1d)
Pruning (with mask) resblocks.2.convs1.1 (Conv1d): out_channels=128, dim=0, amount=0.0
Done pruning (with mask) resblocks.2.convs1.1 (Conv1d)
Pruning (with mask) resblocks.2.convs1.2 (Conv1d): out_channels=128, dim=0, amount=0.0
Done pruning (with mask) resblocks.2.convs1.2 (Conv1d)
Pruning (with mask) resblocks.2.convs2.0 (Conv1d): out_channels=128, dim=0, amount=0.0
Done pruning (with mask) resblocks.2.convs2.0 (Conv1d)
Pruning (with mask) resblocks.2.convs2.1 (Conv1d): out_channels=128, dim=0, amount=0.0
Done pruning (with mask) resblocks.2.convs2.1 (Conv1d)
Pruning (with mask) resblocks.2.convs2.2 (Conv1d): out_channels=128, dim=0, amount=0.0
Done pruning (with mask) resblocks.2.convs2.2 (Conv1d)
Pruning (with mask) resblocks.3.convs1.0 (Conv1d): out_channels=64, dim=0, amount=0.0
Done pruning (with mask) resblocks.3.convs1.0 (Conv1d)
Pruning (with mask) resblocks.3.convs1.1 (Conv1d): out_channels=64, dim=0, amount=0.0
Done pruning (with mask) resblocks.3.convs1.1 (Conv1d)
Pruning (with mask) resblocks.3.convs1.2 (Conv1d): out_channels=64, dim=0, amount=0.0
Done pruning (with mask) resblocks.3.convs1.2 (Conv1d)
Pruning (with mask) resblocks.3.convs2.0 (Conv1d): out_channels=64, dim=0, amount=0.0
Done pruning (with mask) resblocks.3.convs2.0 (Conv1d)
Pruning (with mask) resblocks.3.convs2.1 (Conv1d): out_channels=64, dim=0, amount=0.0
Done pruning (with mask) resblocks.3.convs2.1 (Conv1d)
Pruning (with mask) resblocks.3.convs2.2 (Conv1d): out_channels=64, dim=0, amount=0.0
Done pruning (with mask) resblocks.3.convs2.2 (Conv1d)
Pruning (with mask) resblocks.4.convs1.0 (Conv1d): out_channels=64, dim=0, amount=0.0
Done pruning (with mask) resblocks.4.convs1.0 (Conv1d)
Pruning (with mask) resblocks.4.convs1.1 (Conv1d): out_channels=64, dim=0, amount=0.0
Done pruning (with mask) resblocks.4.convs1.1 (Conv1d)
Pruning (with mask) resblocks.4.convs1.2 (Conv1d): out_channels=64, dim=0, amount=0.0
Done pruning (with mask) resblocks.4.convs1.2 (Conv1d)
Pruning (with mask) resblocks.4.convs2.0 (Conv1d): out_channels=64, dim=0, amount=0.0
Done pruning (with mask) resblocks.4.convs2.0 (Conv1d)
Pruning (with mask) resblocks.4.convs2.1 (Conv1d): out_channels=64, dim=0, amount=0.0
Done pruning (with mask) resblocks.4.convs2.1 (Conv1d)
Pruning (with mask) resblocks.4.convs2.2 (Conv1d): out_channels=64, dim=0, amount=0.0
Done pruning (with mask) resblocks.4.convs2.2 (Conv1d)
Pruning (with mask) resblocks.5.convs1.0 (Conv1d): out_channels=64, dim=0, amount=0.0
Done pruning (with mask) resblocks.5.convs1.0 (Conv1d)
Pruning (with mask) resblocks.5.convs1.1 (Conv1d): out_channels=64, dim=0, amount=0.0
Done pruning (with mask) resblocks.5.convs1.1 (Conv1d)
Pruning (with mask) resblocks.5.convs1.2 (Conv1d): out_channels=64, dim=0, amount=0.0
Done pruning (with mask) resblocks.5.convs1.2 (Conv1d)
Pruning (with mask) resblocks.5.convs2.0 (Conv1d): out_channels=64, dim=0, amount=0.0
Done pruning (with mask) resblocks.5.convs2.0 (Conv1d)
Pruning (with mask) resblocks.5.convs2.1 (Conv1d): out_channels=64, dim=0, amount=0.0
Done pruning (with mask) resblocks.5.convs2.1 (Conv1d)
Pruning (with mask) resblocks.5.convs2.2 (Conv1d): out_channels=64, dim=0, amount=0.0
Done pruning (with mask) resblocks.5.convs2.2 (Conv1d)
Pruning (with mask) resblocks.6.convs1.0 (Conv1d): out_channels=32, dim=0, amount=0.0
Done pruning (with mask) resblocks.6.convs1.0 (Conv1d)
Pruning (with mask) resblocks.6.convs1.1 (Conv1d): out_channels=32, dim=0, amount=0.0
Done pruning (with mask) resblocks.6.convs1.1 (Conv1d)
Pruning (with mask) resblocks.6.convs1.2 (Conv1d): out_channels=32, dim=0, amount=0.0
Done pruning (with mask) resblocks.6.convs1.2 (Conv1d)
Pruning (with mask) resblocks.6.convs2.0 (Conv1d): out_channels=32, dim=0, amount=0.0
Done pruning (with mask) resblocks.6.convs2.0 (Conv1d)
Pruning (with mask) resblocks.6.convs2.1 (Conv1d): out_channels=32, dim=0, amount=0.0
Done pruning (with mask) resblocks.6.convs2.1 (Conv1d)
Pruning (with mask) resblocks.6.convs2.2 (Conv1d): out_channels=32, dim=0, amount=0.0
Done pruning (with mask) resblocks.6.convs2.2 (Conv1d)
Pruning (with mask) resblocks.7.convs1.0 (Conv1d): out_channels=32, dim=0, amount=0.0
Done pruning (with mask) resblocks.7.convs1.0 (Conv1d)
Pruning (with mask) resblocks.7.convs1.1 (Conv1d): out_channels=32, dim=0, amount=0.0
Done pruning (with mask) resblocks.7.convs1.1 (Conv1d)
Pruning (with mask) resblocks.7.convs1.2 (Conv1d): out_channels=32, dim=0, amount=0.0
Done pruning (with mask) resblocks.7.convs1.2 (Conv1d)
Pruning (with mask) resblocks.7.convs2.0 (Conv1d): out_channels=32, dim=0, amount=0.0
Done pruning (with mask) resblocks.7.convs2.0 (Conv1d)
Pruning (with mask) resblocks.7.convs2.1 (Conv1d): out_channels=32, dim=0, amount=0.0
Done pruning (with mask) resblocks.7.convs2.1 (Conv1d)
Pruning (with mask) resblocks.7.convs2.2 (Conv1d): out_channels=32, dim=0, amount=0.0
Done pruning (with mask) resblocks.7.convs2.2 (Conv1d)
Pruning (with mask) resblocks.8.convs1.0 (Conv1d): out_channels=32, dim=0, amount=0.0
Done pruning (with mask) resblocks.8.convs1.0 (Conv1d)
Pruning (with mask) resblocks.8.convs1.1 (Conv1d): out_channels=32, dim=0, amount=0.0
Done pruning (with mask) resblocks.8.convs1.1 (Conv1d)
Pruning (with mask) resblocks.8.convs1.2 (Conv1d): out_channels=32, dim=0, amount=0.0
Done pruning (with mask) resblocks.8.convs1.2 (Conv1d)
Pruning (with mask) resblocks.8.convs2.0 (Conv1d): out_channels=32, dim=0, amount=0.0
Done pruning (with mask) resblocks.8.convs2.0 (Conv1d)
Pruning (with mask) resblocks.8.convs2.1 (Conv1d): out_channels=32, dim=0, amount=0.0
Done pruning (with mask) resblocks.8.convs2.1 (Conv1d)
Pruning (with mask) resblocks.8.convs2.2 (Conv1d): out_channels=32, dim=0, amount=0.0
Done pruning (with mask) resblocks.8.convs2.2 (Conv1d)
Pruning (with mask) resblocks.9.convs1.0 (Conv1d): out_channels=16, dim=0, amount=0.0
Done pruning (with mask) resblocks.9.convs1.0 (Conv1d)
Pruning (with mask) resblocks.9.convs1.1 (Conv1d): out_channels=16, dim=0, amount=0.0
Done pruning (with mask) resblocks.9.convs1.1 (Conv1d)
Pruning (with mask) resblocks.9.convs1.2 (Conv1d): out_channels=16, dim=0, amount=0.0
Done pruning (with mask) resblocks.9.convs1.2 (Conv1d)
Pruning (with mask) resblocks.9.convs2.0 (Conv1d): out_channels=16, dim=0, amount=0.0
Done pruning (with mask) resblocks.9.convs2.0 (Conv1d)
Pruning (with mask) resblocks.9.convs2.1 (Conv1d): out_channels=16, dim=0, amount=0.0
Done pruning (with mask) resblocks.9.convs2.1 (Conv1d)
Pruning (with mask) resblocks.9.convs2.2 (Conv1d): out_channels=16, dim=0, amount=0.0
Done pruning (with mask) resblocks.9.convs2.2 (Conv1d)
Pruning (with mask) resblocks.10.convs1.0 (Conv1d): out_channels=16, dim=0, amount=0.0
Done pruning (with mask) resblocks.10.convs1.0 (Conv1d)
Pruning (with mask) resblocks.10.convs1.1 (Conv1d): out_channels=16, dim=0, amount=0.0
Done pruning (with mask) resblocks.10.convs1.1 (Conv1d)
Pruning (with mask) resblocks.10.convs1.2 (Conv1d): out_channels=16, dim=0, amount=0.0
Done pruning (with mask) resblocks.10.convs1.2 (Conv1d)
Pruning (with mask) resblocks.10.convs2.0 (Conv1d): out_channels=16, dim=0, amount=0.0
Done pruning (with mask) resblocks.10.convs2.0 (Conv1d)
Pruning (with mask) resblocks.10.convs2.1 (Conv1d): out_channels=16, dim=0, amount=0.0
Done pruning (with mask) resblocks.10.convs2.1 (Conv1d)
Pruning (with mask) resblocks.10.convs2.2 (Conv1d): out_channels=16, dim=0, amount=0.0
Done pruning (with mask) resblocks.10.convs2.2 (Conv1d)
Pruning (with mask) resblocks.11.convs1.0 (Conv1d): out_channels=16, dim=0, amount=0.0
Done pruning (with mask) resblocks.11.convs1.0 (Conv1d)
Pruning (with mask) resblocks.11.convs1.1 (Conv1d): out_channels=16, dim=0, amount=0.0
Done pruning (with mask) resblocks.11.convs1.1 (Conv1d)
Pruning (with mask) resblocks.11.convs1.2 (Conv1d): out_channels=16, dim=0, amount=0.0
Done pruning (with mask) resblocks.11.convs1.2 (Conv1d)
Pruning (with mask) resblocks.11.convs2.0 (Conv1d): out_channels=16, dim=0, amount=0.0
Done pruning (with mask) resblocks.11.convs2.0 (Conv1d)
Pruning (with mask) resblocks.11.convs2.1 (Conv1d): out_channels=16, dim=0, amount=0.0
Done pruning (with mask) resblocks.11.convs2.1 (Conv1d)
Pruning (with mask) resblocks.11.convs2.2 (Conv1d): out_channels=16, dim=0, amount=0.0
Done pruning (with mask) resblocks.11.convs2.2 (Conv1d)
Removing pruning masks from masked checkpoint before inference...
Removed pruning masks from 72 modules
Saving checkpoint to /home/hpc/vlbi/vlbi107v/hifi-gan/cp_hifigan/v1_c256_ft70/compressed_checkpoint
Complete.
Saved compressed checkpoint: /home/hpc/vlbi/vlbi107v/hifi-gan/cp_hifigan/v1_c256_ft70/compressed_checkpoint (13.616 MB)
Compressed checkpoint parameters: 3,555,649
Clean mask-free checkpoint saved: /home/hpc/vlbi/vlbi107v/hifi-gan/cp_hifigan/v1_c256_ft70/compressed_checkpoint (13.616 MB)
Loaded checkpoint: /home/hpc/vlbi/vlbi107v/hifi-gan/cp_hifigan/v1_c256_ft70/g_00265000 (24.098 MB)
Generator parameters: 3,555,649
generated_audios/generated_H3_256C_pruned70/1089-134686-0000_generated.wav | RTF: 0.2775(2.896s / 10.435s) | Generator RTF: 0.2770(2.890s / 10.435s)
generated_audios/generated_H3_256C_pruned70/1089-134686-0001_generated.wav | RTF: 0.2584(0.846s / 3.275s) | Generator RTF: 0.2572(0.842s / 3.275s)
generated_audios/generated_H3_256C_pruned70/1089-134686-0002_generated.wav | RTF: 0.2618(1.734s / 6.625s) | Generator RTF: 0.2612(1.730s / 6.625s)
generated_audios/generated_H3_256C_pruned70/1089-134686-0003_generated.wav | RTF: 0.2661(0.713s / 2.680s) | Generator RTF: 0.2648(0.710s / 2.680s)
generated_audios/generated_H3_256C_pruned70/1089-134686-0004_generated.wav | RTF: 0.2770(1.444s / 5.215s) | Generator RTF: 0.2762(1.441s / 5.215s)
generated_audios/generated_H3_256C_pruned70/1089-134686-0005_generated.wav | RTF: 0.2732(2.632s / 9.635s) | Generator RTF: 0.2727(2.628s / 9.635s)
generated_audios/generated_H3_256C_pruned70/1089-134686-0006_generated.wav | RTF: 0.2691(2.841s / 10.555s) | Generator RTF: 0.2687(2.836s / 10.555s)
generated_audios/generated_H3_256C_pruned70/1089-134686-0007_generated.wav | RTF: 0.2719(1.162s / 4.275s) | Generator RTF: 0.2709(1.158s / 4.275s)
generated_audios/generated_H3_256C_pruned70/1089-134686-0008_generated.wav | RTF: 0.2649(1.783s / 6.730s) | Generator RTF: 0.2643(1.779s / 6.730s)
generated_audios/generated_H3_256C_pruned70/1089-134686-0009_generated.wav | RTF: 0.2712(2.868s / 10.575s) | Generator RTF: 0.2708(2.864s / 10.575s)
generated_audios/generated_H3_256C_pruned70/1089-134686-0010_generated.wav | RTF: 0.2691(1.185s / 4.405s) | Generator RTF: 0.2683(1.182s / 4.405s)
generated_audios/generated_H3_256C_pruned70/1089-134686-0011_generated.wav | RTF: 0.2753(3.426s / 12.445s) | Generator RTF: 0.2750(3.422s / 12.445s)
generated_audios/generated_H3_256C_pruned70/1089-134686-0012_generated.wav | RTF: 0.2646(3.080s / 11.640s) | Generator RTF: 0.2642(3.075s / 11.640s)
generated_audios/generated_H3_256C_pruned70/1089-134686-0013_generated.wav | RTF: 0.2638(2.088s / 7.915s) | Generator RTF: 0.2633(2.084s / 7.915s)
generated_audios/generated_H3_256C_pruned70/1089-134686-0014_generated.wav | RTF: 0.2732(0.608s / 2.225s) | Generator RTF: 0.2720(0.605s / 2.225s)
generated_audios/generated_H3_256C_pruned70/1089-134686-0015_generated.wav | RTF: 0.2663(1.548s / 5.815s) | Generator RTF: 0.2656(1.545s / 5.815s)
generated_audios/generated_H3_256C_pruned70/1089-134686-0016_generated.wav | RTF: 0.2649(0.938s / 3.540s) | Generator RTF: 0.2640(0.934s / 3.540s)
generated_audios/generated_H3_256C_pruned70/1089-134686-0017_generated.wav | RTF: 0.2775(2.462s / 8.870s) | Generator RTF: 0.2770(2.457s / 8.870s)
generated_audios/generated_H3_256C_pruned70/1089-134686-0018_generated.wav | RTF: 0.3013(4.737s / 15.720s) | Generator RTF: 0.3010(4.732s / 15.720s)
generated_audios/generated_H3_256C_pruned70/1089-134686-0019_generated.wav | RTF: 0.2784(3.868s / 13.895s) | Generator RTF: 0.2780(3.863s / 13.895s)
generated_audios/generated_H3_256C_pruned70/1089-134686-0020_generated.wav | RTF: 0.2827(4.747s / 16.790s) | Generator RTF: 0.2824(4.742s / 16.790s)
generated_audios/generated_H3_256C_pruned70/1089-134686-0021_generated.wav | RTF: 0.2671(1.749s / 6.550s) | Generator RTF: 0.2666(1.746s / 6.550s)
generated_audios/generated_H3_256C_pruned70/1089-134686-0022_generated.wav | RTF: 0.2781(3.108s / 11.175s) | Generator RTF: 0.2778(3.104s / 11.175s)
generated_audios/generated_H3_256C_pruned70/1089-134686-0023_generated.wav | RTF: 0.2710(3.598s / 13.275s) | Generator RTF: 0.2707(3.593s / 13.275s)
generated_audios/generated_H3_256C_pruned70/1089-134686-0024_generated.wav | RTF: 0.3051(3.556s / 11.655s) | Generator RTF: 0.3048(3.552s / 11.655s)
generated_audios/generated_H3_256C_pruned70/1089-134686-0025_generated.wav | RTF: 0.2655(1.755s / 6.610s) | Generator RTF: 0.2649(1.751s / 6.610s)
generated_audios/generated_H3_256C_pruned70/1089-134686-0026_generated.wav | RTF: 0.2621(1.051s / 4.010s) | Generator RTF: 0.2612(1.047s / 4.010s)
generated_audios/generated_H3_256C_pruned70/1089-134686-0027_generated.wav | RTF: 0.2636(0.714s / 2.710s) | Generator RTF: 0.2624(0.711s / 2.710s)
generated_audios/generated_H3_256C_pruned70/1089-134686-0028_generated.wav | RTF: 0.2735(2.141s / 7.830s) | Generator RTF: 0.2730(2.137s / 7.830s)
generated_audios/generated_H3_256C_pruned70/1089-134686-0029_generated.wav | RTF: 0.2635(1.231s / 4.670s) | Generator RTF: 0.2628(1.227s / 4.670s)
generated_audios/generated_H3_256C_pruned70/1089-134686-0030_generated.wav | RTF: 0.0680(0.185s / 2.715s) | Generator RTF: 0.0672(0.183s / 2.715s)
generated_audios/generated_H3_256C_pruned70/1089-134686-0031_generated.wav | RTF: 0.0710(0.470s / 6.615s) | Generator RTF: 0.0705(0.466s / 6.615s)
generated_audios/generated_H3_256C_pruned70/121-121726-0000_generated.wav | RTF: 0.2730(2.309s / 8.460s) | Generator RTF: 0.2725(2.305s / 8.460s)
generated_audios/generated_H3_256C_pruned70/121-121726-0001_generated.wav | RTF: 0.2665(1.579s / 5.925s) | Generator RTF: 0.2658(1.575s / 5.925s)
generated_audios/generated_H3_256C_pruned70/121-121726-0002_generated.wav | RTF: 0.0765(0.337s / 4.410s) | Generator RTF: 0.0757(0.334s / 4.410s)
generated_audios/generated_H3_256C_pruned70/121-121726-0003_generated.wav | RTF: 0.2701(1.824s / 6.755s) | Generator RTF: 0.2696(1.821s / 6.755s)
generated_audios/generated_H3_256C_pruned70/121-121726-0004_generated.wav | RTF: 0.2690(1.081s / 4.020s) | Generator RTF: 0.2681(1.078s / 4.020s)
generated_audios/generated_H3_256C_pruned70/121-121726-0005_generated.wav | RTF: 0.2605(0.807s / 3.100s) | Generator RTF: 0.2594(0.804s / 3.100s)
generated_audios/generated_H3_256C_pruned70/121-121726-0006_generated.wav | RTF: 0.2668(1.039s / 3.895s) | Generator RTF: 0.2659(1.036s / 3.895s)
generated_audios/generated_H3_256C_pruned70/121-121726-0007_generated.wav | RTF: 0.0796(0.536s / 6.730s) | Generator RTF: 0.0791(0.532s / 6.730s)
generated_audios/generated_H3_256C_pruned70/121-121726-0008_generated.wav | RTF: 0.2649(1.322s / 4.990s) | Generator RTF: 0.2641(1.318s / 4.990s)
generated_audios/generated_H3_256C_pruned70/121-121726-0009_generated.wav | RTF: 0.2737(1.987s / 7.260s) | Generator RTF: 0.2733(1.984s / 7.260s)
generated_audios/generated_H3_256C_pruned70/121-121726-0010_generated.wav | RTF: 0.2753(2.701s / 9.810s) | Generator RTF: 0.2749(2.697s / 9.810s)
generated_audios/generated_H3_256C_pruned70/121-121726-0011_generated.wav | RTF: 0.2704(1.091s / 4.035s) | Generator RTF: 0.2696(1.088s / 4.035s)
generated_audios/generated_H3_256C_pruned70/121-121726-0012_generated.wav | RTF: 0.2605(1.054s / 4.045s) | Generator RTF: 0.2597(1.050s / 4.045s)
generated_audios/generated_H3_256C_pruned70/121-121726-0013_generated.wav | RTF: 0.2754(0.686s / 2.490s) | Generator RTF: 0.2741(0.682s / 2.490s)
generated_audios/generated_H3_256C_pruned70/121-121726-0014_generated.wav | RTF: 0.2686(0.850s / 3.165s) | Generator RTF: 0.2675(0.847s / 3.165s)
generated_audios/generated_H3_256C_pruned70/121-123852-0000_generated.wav | RTF: 0.2855(5.052s / 17.695s) | Generator RTF: 0.2852(5.047s / 17.695s)
generated_audios/generated_H3_256C_pruned70/121-123852-0001_generated.wav | RTF: 0.2785(0.521s / 1.870s) | Generator RTF: 0.2768(0.518s / 1.870s)
generated_audios/generated_H3_256C_pruned70/121-123852-0002_generated.wav | RTF: 0.2815(4.866s / 17.285s) | Generator RTF: 0.2813(4.862s / 17.285s)
generated_audios/generated_H3_256C_pruned70/121-123852-0003_generated.wav | RTF: 0.3184(7.485s / 23.505s) | Generator RTF: 0.3182(7.479s / 23.505s)
generated_audios/generated_H3_256C_pruned70/121-123852-0004_generated.wav | RTF: 0.2946(4.800s / 16.290s) | Generator RTF: 0.2944(4.795s / 16.290s)
generated_audios/generated_H3_256C_pruned70/121-123859-0000_generated.wav | RTF: 0.2832(4.925s / 17.390s) | Generator RTF: 0.2829(4.920s / 17.390s)
generated_audios/generated_H3_256C_pruned70/121-123859-0001_generated.wav | RTF: 0.3707(9.413s / 25.395s) | Generator RTF: 0.3705(9.408s / 25.395s)
generated_audios/generated_H3_256C_pruned70/121-123859-0002_generated.wav | RTF: 0.3600(10.815s / 30.040s) | Generator RTF: 0.3598(10.808s / 30.040s)
generated_audios/generated_H3_256C_pruned70/121-123859-0003_generated.wav | RTF: 0.2722(2.947s / 10.825s) | Generator RTF: 0.2718(2.942s / 10.825s)
generated_audios/generated_H3_256C_pruned70/121-123859-0004_generated.wav | RTF: 0.2801(2.663s / 9.505s) | Generator RTF: 0.2797(2.658s / 9.505s)
generated_audios/generated_H3_256C_pruned70/121-127105-0000_generated.wav | RTF: 0.2758(2.724s / 9.875s) | Generator RTF: 0.2754(2.720s / 9.875s)
generated_audios/generated_H3_256C_pruned70/121-127105-0001_generated.wav | RTF: 0.2660(1.337s / 5.025s) | Generator RTF: 0.2653(1.333s / 5.025s)
generated_audios/generated_H3_256C_pruned70/121-127105-0002_generated.wav | RTF: 0.2683(2.011s / 7.495s) | Generator RTF: 0.2678(2.007s / 7.495s)
generated_audios/generated_H3_256C_pruned70/121-127105-0003_generated.wav | RTF: 0.2726(2.106s / 7.725s) | Generator RTF: 0.2721(2.102s / 7.725s)
generated_audios/generated_H3_256C_pruned70/121-127105-0004_generated.wav | RTF: 0.2744(0.579s / 2.110s) | Generator RTF: 0.2727(0.575s / 2.110s)
generated_audios/generated_H3_256C_pruned70/121-127105-0005_generated.wav | RTF: 0.2647(1.541s / 5.820s) | Generator RTF: 0.2641(1.537s / 5.820s)
generated_audios/generated_H3_256C_pruned70/121-127105-0006_generated.wav | RTF: 0.2668(1.261s / 4.725s) | Generator RTF: 0.2660(1.257s / 4.725s)
generated_audios/generated_H3_256C_pruned70/121-127105-0007_generated.wav | RTF: 0.2640(1.528s / 5.790s) | Generator RTF: 0.2633(1.525s / 5.790s)
generated_audios/generated_H3_256C_pruned70/121-127105-0008_generated.wav | RTF: 0.2608(0.720s / 2.760s) | Generator RTF: 0.2596(0.717s / 2.760s)
generated_audios/generated_H3_256C_pruned70/121-127105-0009_generated.wav | RTF: 0.2685(0.615s / 2.290s) | Generator RTF: 0.2671(0.612s / 2.290s)
generated_audios/generated_H3_256C_pruned70/121-127105-0010_generated.wav | RTF: 0.2684(0.765s / 2.850s) | Generator RTF: 0.2672(0.762s / 2.850s)
generated_audios/generated_H3_256C_pruned70/121-127105-0011_generated.wav | RTF: 0.2698(1.560s / 5.780s) | Generator RTF: 0.2692(1.556s / 5.780s)
generated_audios/generated_H3_256C_pruned70/121-127105-0012_generated.wav | RTF: 0.2695(1.302s / 4.830s) | Generator RTF: 0.2688(1.298s / 4.830s)
generated_audios/generated_H3_256C_pruned70/121-127105-0013_generated.wav | RTF: 0.2647(1.560s / 5.895s) | Generator RTF: 0.2640(1.556s / 5.895s)
generated_audios/generated_H3_256C_pruned70/121-127105-0014_generated.wav | RTF: 0.2681(0.605s / 2.255s) | Generator RTF: 0.2667(0.601s / 2.255s)
generated_audios/generated_H3_256C_pruned70/121-127105-0015_generated.wav | RTF: 0.2679(0.793s / 2.960s) | Generator RTF: 0.2668(0.790s / 2.960s)
generated_audios/generated_H3_256C_pruned70/121-127105-0016_generated.wav | RTF: 0.2628(0.533s / 2.030s) | Generator RTF: 0.2613(0.530s / 2.030s)
generated_audios/generated_H3_256C_pruned70/121-127105-0017_generated.wav | RTF: 0.2705(0.729s / 2.695s) | Generator RTF: 0.2693(0.726s / 2.695s)
generated_audios/generated_H3_256C_pruned70/121-127105-0018_generated.wav | RTF: 0.2710(0.751s / 2.770s) | Generator RTF: 0.2698(0.747s / 2.770s)
generated_audios/generated_H3_256C_pruned70/121-127105-0019_generated.wav | RTF: 0.2618(0.923s / 3.525s) | Generator RTF: 0.2609(0.920s / 3.525s)
generated_audios/generated_H3_256C_pruned70/121-127105-0020_generated.wav | RTF: 0.2982(4.281s / 14.355s) | Generator RTF: 0.2979(4.276s / 14.355s)
generated_audios/generated_H3_256C_pruned70/121-127105-0021_generated.wav | RTF: 0.2754(0.551s / 2.000s) | Generator RTF: 0.2738(0.548s / 2.000s)
generated_audios/generated_H3_256C_pruned70/121-127105-0022_generated.wav | RTF: 0.2677(1.359s / 5.075s) | Generator RTF: 0.2670(1.355s / 5.075s)
generated_audios/generated_H3_256C_pruned70/121-127105-0023_generated.wav | RTF: 0.2740(2.990s / 10.910s) | Generator RTF: 0.2736(2.985s / 10.910s)
generated_audios/generated_H3_256C_pruned70/121-127105-0024_generated.wav | RTF: 0.3005(4.342s / 14.450s) | Generator RTF: 0.3001(4.337s / 14.450s)
generated_audios/generated_H3_256C_pruned70/121-127105-0025_generated.wav | RTF: 0.2795(4.490s / 16.065s) | Generator RTF: 0.2792(4.485s / 16.065s)
generated_audios/generated_H3_256C_pruned70/121-127105-0026_generated.wav | RTF: 0.2686(2.023s / 7.530s) | Generator RTF: 0.2681(2.019s / 7.530s)
generated_audios/generated_H3_256C_pruned70/121-127105-0027_generated.wav | RTF: 0.3008(4.172s / 13.870s) | Generator RTF: 0.3005(4.168s / 13.870s)
generated_audios/generated_H3_256C_pruned70/121-127105-0028_generated.wav | RTF: 0.0766(0.517s / 6.750s) | Generator RTF: 0.0760(0.513s / 6.750s)
generated_audios/generated_H3_256C_pruned70/121-127105-0029_generated.wav | RTF: 0.2704(1.977s / 7.310s) | Generator RTF: 0.2699(1.973s / 7.310s)
generated_audios/generated_H3_256C_pruned70/121-127105-0030_generated.wav | RTF: 0.2765(0.601s / 2.175s) | Generator RTF: 0.2751(0.598s / 2.175s)
generated_audios/generated_H3_256C_pruned70/121-127105-0031_generated.wav | RTF: 0.2780(2.993s / 10.765s) | Generator RTF: 0.2777(2.989s / 10.765s)
generated_audios/generated_H3_256C_pruned70/121-127105-0032_generated.wav | RTF: 0.2651(0.840s / 3.170s) | Generator RTF: 0.2641(0.837s / 3.170s)
generated_audios/generated_H3_256C_pruned70/121-127105-0033_generated.wav | RTF: 0.2785(0.656s / 2.355s) | Generator RTF: 0.2771(0.653s / 2.355s)
generated_audios/generated_H3_256C_pruned70/121-127105-0034_generated.wav | RTF: 0.2704(2.003s / 7.410s) | Generator RTF: 0.2698(1.999s / 7.410s)
generated_audios/generated_H3_256C_pruned70/121-127105-0035_generated.wav | RTF: 0.2994(4.237s / 14.150s) | Generator RTF: 0.2991(4.232s / 14.150s)
generated_audios/generated_H3_256C_pruned70/121-127105-0036_generated.wav | RTF: 0.2649(1.099s / 4.150s) | Generator RTF: 0.2640(1.096s / 4.150s)
generated_audios/generated_H3_256C_pruned70/237-126133-0000_generated.wav | RTF: 0.3046(4.049s / 13.290s) | Generator RTF: 0.3043(4.044s / 13.290s)
generated_audios/generated_H3_256C_pruned70/237-126133-0001_generated.wav | RTF: 0.3050(3.650s / 11.965s) | Generator RTF: 0.3046(3.645s / 11.965s)
generated_audios/generated_H3_256C_pruned70/237-126133-0002_generated.wav | RTF: 0.2672(2.384s / 8.920s) | Generator RTF: 0.2668(2.380s / 8.920s)
generated_audios/generated_H3_256C_pruned70/237-126133-0003_generated.wav | RTF: 0.2690(1.765s / 6.560s) | Generator RTF: 0.2684(1.761s / 6.560s)
generated_audios/generated_H3_256C_pruned70/237-126133-0004_generated.wav | RTF: 0.2669(0.879s / 3.295s) | Generator RTF: 0.2659(0.876s / 3.295s)
generated_audios/generated_H3_256C_pruned70/237-126133-0005_generated.wav | RTF: 0.2726(1.774s / 6.510s) | Generator RTF: 0.2720(1.771s / 6.510s)
generated_audios/generated_H3_256C_pruned70/237-126133-0006_generated.wav | RTF: 0.2672(1.643s / 6.150s) | Generator RTF: 0.2666(1.639s / 6.150s)
generated_audios/generated_H3_256C_pruned70/237-126133-0007_generated.wav | RTF: 0.2749(2.386s / 8.680s) | Generator RTF: 0.2744(2.382s / 8.680s)
generated_audios/generated_H3_256C_pruned70/237-126133-0008_generated.wav | RTF: 0.2714(1.049s / 3.865s) | Generator RTF: 0.2705(1.045s / 3.865s)
generated_audios/generated_H3_256C_pruned70/237-126133-0009_generated.wav | RTF: 0.2683(1.065s / 3.970s) | Generator RTF: 0.2675(1.062s / 3.970s)
generated_audios/generated_H3_256C_pruned70/237-126133-0010_generated.wav | RTF: 0.2661(1.660s / 6.240s) | Generator RTF: 0.2654(1.656s / 6.240s)
generated_audios/generated_H3_256C_pruned70/237-126133-0011_generated.wav | RTF: 0.2658(1.783s / 6.710s) | Generator RTF: 0.2652(1.780s / 6.710s)
generated_audios/generated_H3_256C_pruned70/237-126133-0012_generated.wav | RTF: 0.2688(1.196s / 4.450s) | Generator RTF: 0.2681(1.193s / 4.450s)
generated_audios/generated_H3_256C_pruned70/237-126133-0013_generated.wav | RTF: 0.2700(1.840s / 6.815s) | Generator RTF: 0.2695(1.837s / 6.815s)
generated_audios/generated_H3_256C_pruned70/237-126133-0014_generated.wav | RTF: 0.2672(1.815s / 6.790s) | Generator RTF: 0.2667(1.811s / 6.790s)
generated_audios/generated_H3_256C_pruned70/237-126133-0015_generated.wav | RTF: 0.2810(2.625s / 9.340s) | Generator RTF: 0.2806(2.621s / 9.340s)
generated_audios/generated_H3_256C_pruned70/237-126133-0016_generated.wav | RTF: 0.2861(1.216s / 4.250s) | Generator RTF: 0.2853(1.213s / 4.250s)
generated_audios/generated_H3_256C_pruned70/237-126133-0017_generated.wav | RTF: 0.2657(1.650s / 6.210s) | Generator RTF: 0.2651(1.646s / 6.210s)
generated_audios/generated_H3_256C_pruned70/237-126133-0018_generated.wav | RTF: 0.2720(1.114s / 4.095s) | Generator RTF: 0.2712(1.110s / 4.095s)
generated_audios/generated_H3_256C_pruned70/237-126133-0019_generated.wav | RTF: 0.2663(1.896s / 7.120s) | Generator RTF: 0.2658(1.892s / 7.120s)
generated_audios/generated_H3_256C_pruned70/237-126133-0020_generated.wav | RTF: 0.2624(0.588s / 2.240s) | Generator RTF: 0.2608(0.584s / 2.240s)
generated_audios/generated_H3_256C_pruned70/237-126133-0021_generated.wav | RTF: 0.2610(1.139s / 4.365s) | Generator RTF: 0.2603(1.136s / 4.365s)
generated_audios/generated_H3_256C_pruned70/237-126133-0022_generated.wav | RTF: 0.2699(1.360s / 5.040s) | Generator RTF: 0.2692(1.357s / 5.040s)
generated_audios/generated_H3_256C_pruned70/237-126133-0023_generated.wav | RTF: 0.2702(1.804s / 6.675s) | Generator RTF: 0.2697(1.800s / 6.675s)
generated_audios/generated_H3_256C_pruned70/237-126133-0024_generated.wav | RTF: 0.2773(2.680s / 9.665s) | Generator RTF: 0.2769(2.676s / 9.665s)
generated_audios/generated_H3_256C_pruned70/237-126133-0025_generated.wav | RTF: 0.2689(1.010s / 3.755s) | Generator RTF: 0.2679(1.006s / 3.755s)
generated_audios/generated_H3_256C_pruned70/237-134493-0000_generated.wav | RTF: 0.2662(1.093s / 4.105s) | Generator RTF: 0.2655(1.090s / 4.105s)
generated_audios/generated_H3_256C_pruned70/237-134493-0001_generated.wav | RTF: 0.2669(1.969s / 7.380s) | Generator RTF: 0.2663(1.966s / 7.380s)
generated_audios/generated_H3_256C_pruned70/237-134493-0002_generated.wav | RTF: 0.3026(3.448s / 11.395s) | Generator RTF: 0.3022(3.443s / 11.395s)
generated_audios/generated_H3_256C_pruned70/237-134493-0003_generated.wav | RTF: 0.2750(3.510s / 12.765s) | Generator RTF: 0.2746(3.505s / 12.765s)
generated_audios/generated_H3_256C_pruned70/237-134493-0004_generated.wav | RTF: 0.2766(1.888s / 6.825s) | Generator RTF: 0.2761(1.884s / 6.825s)
generated_audios/generated_H3_256C_pruned70/237-134493-0005_generated.wav | RTF: 0.2734(2.992s / 10.945s) | Generator RTF: 0.2730(2.988s / 10.945s)
generated_audios/generated_H3_256C_pruned70/237-134493-0006_generated.wav | RTF: 0.2631(1.156s / 4.395s) | Generator RTF: 0.2623(1.153s / 4.395s)
generated_audios/generated_H3_256C_pruned70/237-134493-0007_generated.wav | RTF: 0.2825(0.575s / 2.035s) | Generator RTF: 0.2809(0.572s / 2.035s)
generated_audios/generated_H3_256C_pruned70/237-134493-0008_generated.wav | RTF: 0.2626(0.605s / 2.305s) | Generator RTF: 0.2612(0.602s / 2.305s)
generated_audios/generated_H3_256C_pruned70/237-134493-0009_generated.wav | RTF: 0.2679(0.797s / 2.975s) | Generator RTF: 0.2668(0.794s / 2.975s)
generated_audios/generated_H3_256C_pruned70/237-134493-0010_generated.wav | RTF: 0.2709(0.779s / 2.875s) | Generator RTF: 0.2697(0.775s / 2.875s)
generated_audios/generated_H3_256C_pruned70/237-134493-0011_generated.wav | RTF: 0.2725(1.372s / 5.035s) | Generator RTF: 0.2718(1.368s / 5.035s)
generated_audios/generated_H3_256C_pruned70/237-134493-0012_generated.wav | RTF: 0.2662(0.974s / 3.660s) | Generator RTF: 0.2652(0.971s / 3.660s)
generated_audios/generated_H3_256C_pruned70/237-134493-0013_generated.wav | RTF: 0.0799(0.327s / 4.090s) | Generator RTF: 0.0791(0.324s / 4.090s)
generated_audios/generated_H3_256C_pruned70/237-134493-0014_generated.wav | RTF: 0.2617(0.968s / 3.700s) | Generator RTF: 0.2609(0.965s / 3.700s)
generated_audios/generated_H3_256C_pruned70/237-134493-0015_generated.wav | RTF: 0.0784(0.514s / 6.550s) | Generator RTF: 0.0779(0.510s / 6.550s)
generated_audios/generated_H3_256C_pruned70/237-134493-0016_generated.wav | RTF: 0.2827(2.851s / 10.085s) | Generator RTF: 0.2824(2.848s / 10.085s)
generated_audios/generated_H3_256C_pruned70/237-134493-0017_generated.wav | RTF: 0.2792(2.542s / 9.105s) | Generator RTF: 0.2788(2.538s / 9.105s)
generated_audios/generated_H3_256C_pruned70/237-134493-0018_generated.wav | RTF: 0.2682(1.285s / 4.790s) | Generator RTF: 0.2675(1.281s / 4.790s)
generated_audios/generated_H3_256C_pruned70/237-134500-0000_generated.wav | RTF: 0.2724(1.670s / 6.130s) | Generator RTF: 0.2718(1.666s / 6.130s)
generated_audios/generated_H3_256C_pruned70/237-134500-0001_generated.wav | RTF: 0.2774(0.502s / 1.810s) | Generator RTF: 0.2757(0.499s / 1.810s)
generated_audios/generated_H3_256C_pruned70/237-134500-0002_generated.wav | RTF: 0.2732(1.385s / 5.070s) | Generator RTF: 0.2726(1.382s / 5.070s)
generated_audios/generated_H3_256C_pruned70/237-134500-0003_generated.wav | RTF: 0.0747(0.237s / 3.170s) | Generator RTF: 0.0736(0.233s / 3.170s)
generated_audios/generated_H3_256C_pruned70/237-134500-0004_generated.wav | RTF: 0.0787(0.175s / 2.225s) | Generator RTF: 0.0772(0.172s / 2.225s)
generated_audios/generated_H3_256C_pruned70/237-134500-0005_generated.wav | RTF: 0.2744(0.656s / 2.390s) | Generator RTF: 0.2731(0.653s / 2.390s)
generated_audios/generated_H3_256C_pruned70/237-134500-0006_generated.wav | RTF: 0.2655(1.122s / 4.225s) | Generator RTF: 0.2648(1.119s / 4.225s)
generated_audios/generated_H3_256C_pruned70/237-134500-0007_generated.wav | RTF: 0.0685(0.164s / 2.390s) | Generator RTF: 0.0671(0.160s / 2.390s)
generated_audios/generated_H3_256C_pruned70/237-134500-0008_generated.wav | RTF: 0.0728(0.274s / 3.760s) | Generator RTF: 0.0719(0.270s / 3.760s)
generated_audios/generated_H3_256C_pruned70/237-134500-0009_generated.wav | RTF: 0.0692(0.154s / 2.220s) | Generator RTF: 0.0678(0.151s / 2.220s)
generated_audios/generated_H3_256C_pruned70/237-134500-0010_generated.wav | RTF: 0.2691(1.075s / 3.995s) | Generator RTF: 0.2686(1.073s / 3.995s)
generated_audios/generated_H3_256C_pruned70/237-134500-0011_generated.wav | RTF: 0.2637(0.883s / 3.350s) | Generator RTF: 0.2627(0.880s / 3.350s)
generated_audios/generated_H3_256C_pruned70/237-134500-0012_generated.wav | RTF: 0.2829(3.094s / 10.935s) | Generator RTF: 0.2825(3.089s / 10.935s)
generated_audios/generated_H3_256C_pruned70/237-134500-0013_generated.wav | RTF: 0.0785(0.829s / 10.560s) | Generator RTF: 0.0781(0.825s / 10.560s)
generated_audios/generated_H3_256C_pruned70/237-134500-0014_generated.wav | RTF: 0.0825(0.351s / 4.250s) | Generator RTF: 0.0818(0.348s / 4.250s)
generated_audios/generated_H3_256C_pruned70/237-134500-0015_generated.wav | RTF: 0.2755(2.979s / 10.815s) | Generator RTF: 0.2751(2.975s / 10.815s)
generated_audios/generated_H3_256C_pruned70/237-134500-0016_generated.wav | RTF: 0.0742(0.235s / 3.160s) | Generator RTF: 0.0731(0.231s / 3.160s)
generated_audios/generated_H3_256C_pruned70/237-134500-0017_generated.wav | RTF: 0.0772(0.168s / 2.180s) | Generator RTF: 0.0757(0.165s / 2.180s)
generated_audios/generated_H3_256C_pruned70/237-134500-0018_generated.wav | RTF: 0.3064(3.936s / 12.845s) | Generator RTF: 0.3061(3.931s / 12.845s)
generated_audios/generated_H3_256C_pruned70/237-134500-0019_generated.wav | RTF: 0.2649(0.758s / 2.860s) | Generator RTF: 0.2637(0.754s / 2.860s)
generated_audios/generated_H3_256C_pruned70/237-134500-0020_generated.wav | RTF: 0.0684(0.149s / 2.180s) | Generator RTF: 0.0668(0.146s / 2.180s)
generated_audios/generated_H3_256C_pruned70/237-134500-0021_generated.wav | RTF: 0.2685(1.375s / 5.120s) | Generator RTF: 0.2679(1.371s / 5.120s)
generated_audios/generated_H3_256C_pruned70/237-134500-0022_generated.wav | RTF: 0.2697(1.393s / 5.165s) | Generator RTF: 0.2690(1.389s / 5.165s)
generated_audios/generated_H3_256C_pruned70/237-134500-0023_generated.wav | RTF: 0.2714(0.830s / 3.060s) | Generator RTF: 0.2703(0.827s / 3.060s)
generated_audios/generated_H3_256C_pruned70/237-134500-0024_generated.wav | RTF: 0.0759(0.335s / 4.410s) | Generator RTF: 0.0751(0.331s / 4.410s)
generated_audios/generated_H3_256C_pruned70/237-134500-0025_generated.wav | RTF: 0.2793(0.455s / 1.630s) | Generator RTF: 0.2775(0.452s / 1.630s)
generated_audios/generated_H3_256C_pruned70/237-134500-0026_generated.wav | RTF: 0.3015(0.920s / 3.050s) | Generator RTF: 0.3004(0.916s / 3.050s)
generated_audios/generated_H3_256C_pruned70/237-134500-0027_generated.wav | RTF: 0.2736(0.895s / 3.270s) | Generator RTF: 0.2727(0.892s / 3.270s)
generated_audios/generated_H3_256C_pruned70/237-134500-0028_generated.wav | RTF: 0.2729(1.235s / 4.525s) | Generator RTF: 0.2722(1.232s / 4.525s)
generated_audios/generated_H3_256C_pruned70/237-134500-0029_generated.wav | RTF: 0.2675(0.552s / 2.065s) | Generator RTF: 0.2660(0.549s / 2.065s)
generated_audios/generated_H3_256C_pruned70/237-134500-0030_generated.wav | RTF: 0.2728(0.758s / 2.780s) | Generator RTF: 0.2716(0.755s / 2.780s)
generated_audios/generated_H3_256C_pruned70/237-134500-0031_generated.wav | RTF: 0.2834(3.007s / 10.610s) | Generator RTF: 0.2830(3.003s / 10.610s)
generated_audios/generated_H3_256C_pruned70/237-134500-0032_generated.wav | RTF: 0.0770(0.387s / 5.025s) | Generator RTF: 0.0763(0.383s / 5.025s)
generated_audios/generated_H3_256C_pruned70/237-134500-0033_generated.wav | RTF: 0.2730(1.734s / 6.350s) | Generator RTF: 0.2724(1.730s / 6.350s)
generated_audios/generated_H3_256C_pruned70/237-134500-0034_generated.wav | RTF: 0.2768(0.851s / 3.075s) | Generator RTF: 0.2757(0.848s / 3.075s)
generated_audios/generated_H3_256C_pruned70/237-134500-0035_generated.wav | RTF: 0.2833(0.724s / 2.555s) | Generator RTF: 0.2820(0.720s / 2.555s)
generated_audios/generated_H3_256C_pruned70/237-134500-0036_generated.wav | RTF: 0.2772(1.830s / 6.600s) | Generator RTF: 0.2767(1.826s / 6.600s)
generated_audios/generated_H3_256C_pruned70/237-134500-0037_generated.wav | RTF: 0.2773(1.970s / 7.105s) | Generator RTF: 0.2768(1.967s / 7.105s)
generated_audios/generated_H3_256C_pruned70/237-134500-0038_generated.wav | RTF: 0.2762(0.673s / 2.435s) | Generator RTF: 0.2749(0.669s / 2.435s)
generated_audios/generated_H3_256C_pruned70/237-134500-0039_generated.wav | RTF: 0.2756(1.276s / 4.630s) | Generator RTF: 0.2748(1.272s / 4.630s)
generated_audios/generated_H3_256C_pruned70/237-134500-0040_generated.wav | RTF: 0.0757(0.305s / 4.030s) | Generator RTF: 0.0749(0.302s / 4.030s)
generated_audios/generated_H3_256C_pruned70/237-134500-0041_generated.wav | RTF: 0.0837(0.747s / 8.920s) | Generator RTF: 0.0833(0.743s / 8.920s)
generated_audios/generated_H3_256C_pruned70/237-134500-0042_generated.wav | RTF: 0.2761(0.711s / 2.575s) | Generator RTF: 0.2748(0.708s / 2.575s)
generated_audios/generated_H3_256C_pruned70/260-123286-0000_generated.wav | RTF: 0.2735(1.926s / 7.040s) | Generator RTF: 0.2730(1.922s / 7.040s)
generated_audios/generated_H3_256C_pruned70/260-123286-0001_generated.wav | RTF: 0.0740(0.227s / 3.070s) | Generator RTF: 0.0730(0.224s / 3.070s)
generated_audios/generated_H3_256C_pruned70/260-123286-0002_generated.wav | RTF: 0.2879(2.875s / 9.985s) | Generator RTF: 0.2875(2.871s / 9.985s)
generated_audios/generated_H3_256C_pruned70/260-123286-0003_generated.wav | RTF: 0.2777(2.047s / 7.370s) | Generator RTF: 0.2772(2.043s / 7.370s)
generated_audios/generated_H3_256C_pruned70/260-123286-0004_generated.wav | RTF: 0.2803(0.971s / 3.465s) | Generator RTF: 0.2793(0.968s / 3.465s)
generated_audios/generated_H3_256C_pruned70/260-123286-0005_generated.wav | RTF: 0.2754(1.325s / 4.810s) | Generator RTF: 0.2747(1.321s / 4.810s)
generated_audios/generated_H3_256C_pruned70/260-123286-0006_generated.wav | RTF: 0.2812(2.083s / 7.405s) | Generator RTF: 0.2807(2.079s / 7.405s)
generated_audios/generated_H3_256C_pruned70/260-123286-0007_generated.wav | RTF: 0.2757(1.255s / 4.550s) | Generator RTF: 0.2749(1.251s / 4.550s)
generated_audios/generated_H3_256C_pruned70/260-123286-0008_generated.wav | RTF: 0.2710(1.012s / 3.735s) | Generator RTF: 0.2701(1.009s / 3.735s)
generated_audios/generated_H3_256C_pruned70/260-123286-0009_generated.wav | RTF: 0.2851(1.652s / 5.795s) | Generator RTF: 0.2844(1.648s / 5.795s)
generated_audios/generated_H3_256C_pruned70/260-123286-0010_generated.wav | RTF: 0.0690(0.178s / 2.575s) | Generator RTF: 0.0677(0.174s / 2.575s)
generated_audios/generated_H3_256C_pruned70/260-123286-0011_generated.wav | RTF: 0.0769(0.327s / 4.255s) | Generator RTF: 0.0761(0.324s / 4.255s)
generated_audios/generated_H3_256C_pruned70/260-123286-0012_generated.wav | RTF: 0.0767(0.186s / 2.430s) | Generator RTF: 0.0754(0.183s / 2.430s)
generated_audios/generated_H3_256C_pruned70/260-123286-0013_generated.wav | RTF: 0.2851(1.349s / 4.730s) | Generator RTF: 0.2844(1.345s / 4.730s)
generated_audios/generated_H3_256C_pruned70/260-123286-0014_generated.wav | RTF: 0.0758(0.226s / 2.980s) | Generator RTF: 0.0748(0.223s / 2.980s)
generated_audios/generated_H3_256C_pruned70/260-123286-0015_generated.wav | RTF: 0.2778(1.447s / 5.210s) | Generator RTF: 0.2772(1.444s / 5.210s)
generated_audios/generated_H3_256C_pruned70/260-123286-0016_generated.wav | RTF: 0.2816(1.971s / 7.000s) | Generator RTF: 0.2810(1.967s / 7.000s)
generated_audios/generated_H3_256C_pruned70/260-123286-0017_generated.wav | RTF: 0.2738(1.088s / 3.975s) | Generator RTF: 0.2729(1.085s / 3.975s)
generated_audios/generated_H3_256C_pruned70/260-123286-0018_generated.wav | RTF: 0.2798(1.586s / 5.670s) | Generator RTF: 0.2792(1.583s / 5.670s)
generated_audios/generated_H3_256C_pruned70/260-123286-0019_generated.wav | RTF: 0.2870(3.417s / 11.905s) | Generator RTF: 0.2867(3.413s / 11.905s)
generated_audios/generated_H3_256C_pruned70/260-123286-0020_generated.wav | RTF: 0.0750(0.229s / 3.060s) | Generator RTF: 0.0740(0.226s / 3.060s)
generated_audios/generated_H3_256C_pruned70/260-123286-0021_generated.wav | RTF: 0.2696(0.687s / 2.550s) | Generator RTF: 0.2683(0.684s / 2.550s)
generated_audios/generated_H3_256C_pruned70/260-123286-0022_generated.wav | RTF: 0.2806(0.908s / 3.235s) | Generator RTF: 0.2796(0.904s / 3.235s)
generated_audios/generated_H3_256C_pruned70/260-123286-0023_generated.wav | RTF: 0.2829(1.662s / 5.875s) | Generator RTF: 0.2823(1.659s / 5.875s)
generated_audios/generated_H3_256C_pruned70/260-123286-0024_generated.wav | RTF: 0.2763(0.840s / 3.040s) | Generator RTF: 0.2753(0.837s / 3.040s)
generated_audios/generated_H3_256C_pruned70/260-123286-0025_generated.wav | RTF: 0.2873(2.644s / 9.205s) | Generator RTF: 0.2868(2.640s / 9.205s)
generated_audios/generated_H3_256C_pruned70/260-123286-0026_generated.wav | RTF: 0.2750(1.908s / 6.940s) | Generator RTF: 0.2744(1.904s / 6.940s)
generated_audios/generated_H3_256C_pruned70/260-123286-0027_generated.wav | RTF: 0.2789(2.000s / 7.170s) | Generator RTF: 0.2784(1.996s / 7.170s)
generated_audios/generated_H3_256C_pruned70/260-123286-0028_generated.wav | RTF: 0.2794(2.085s / 7.465s) | Generator RTF: 0.2789(2.082s / 7.465s)
generated_audios/generated_H3_256C_pruned70/260-123286-0029_generated.wav | RTF: 0.0749(0.340s / 4.545s) | Generator RTF: 0.0742(0.337s / 4.545s)
generated_audios/generated_H3_256C_pruned70/260-123286-0030_generated.wav | RTF: 0.0864(0.650s / 7.530s) | Generator RTF: 0.0859(0.647s / 7.530s)
generated_audios/generated_H3_256C_pruned70/260-123286-0031_generated.wav | RTF: 0.2786(1.410s / 5.060s) | Generator RTF: 0.2779(1.406s / 5.060s)
generated_audios/generated_H3_256C_pruned70/260-123288-0000_generated.wav | RTF: 0.0669(0.203s / 3.040s) | Generator RTF: 0.0658(0.200s / 3.040s)
generated_audios/generated_H3_256C_pruned70/260-123288-0001_generated.wav | RTF: 0.0753(0.382s / 5.080s) | Generator RTF: 0.0746(0.379s / 5.080s)
generated_audios/generated_H3_256C_pruned70/260-123288-0002_generated.wav | RTF: 0.2855(2.070s / 7.250s) | Generator RTF: 0.2849(2.066s / 7.250s)
generated_audios/generated_H3_256C_pruned70/260-123288-0003_generated.wav | RTF: 0.2921(2.602s / 8.905s) | Generator RTF: 0.2917(2.597s / 8.905s)
generated_audios/generated_H3_256C_pruned70/260-123288-0004_generated.wav | RTF: 0.2927(1.262s / 4.310s) | Generator RTF: 0.2919(1.258s / 4.310s)
generated_audios/generated_H3_256C_pruned70/260-123288-0005_generated.wav | RTF: 0.3149(3.952s / 12.550s) | Generator RTF: 0.3146(3.949s / 12.550s)
generated_audios/generated_H3_256C_pruned70/260-123288-0006_generated.wav | RTF: 0.2844(1.388s / 4.880s) | Generator RTF: 0.2837(1.384s / 4.880s)
generated_audios/generated_H3_256C_pruned70/260-123288-0007_generated.wav | RTF: 0.2980(3.337s / 11.200s) | Generator RTF: 0.2976(3.333s / 11.200s)
generated_audios/generated_H3_256C_pruned70/260-123288-0008_generated.wav | RTF: 0.2941(1.622s / 5.515s) | Generator RTF: 0.2934(1.618s / 5.515s)
generated_audios/generated_H3_256C_pruned70/260-123288-0009_generated.wav | RTF: 0.2847(0.978s / 3.435s) | Generator RTF: 0.2839(0.975s / 3.435s)
generated_audios/generated_H3_256C_pruned70/260-123288-0010_generated.wav | RTF: 0.0811(0.811s / 9.995s) | Generator RTF: 0.0807(0.807s / 9.995s)
generated_audios/generated_H3_256C_pruned70/260-123288-0011_generated.wav | RTF: 0.2931(2.632s / 8.980s) | Generator RTF: 0.2927(2.628s / 8.980s)
generated_audios/generated_H3_256C_pruned70/260-123288-0012_generated.wav | RTF: 0.2890(1.025s / 3.545s) | Generator RTF: 0.2881(1.021s / 3.545s)
generated_audios/generated_H3_256C_pruned70/260-123288-0013_generated.wav | RTF: 0.3198(3.640s / 11.385s) | Generator RTF: 0.3194(3.636s / 11.385s)
generated_audios/generated_H3_256C_pruned70/260-123288-0014_generated.wav | RTF: 0.0806(0.145s / 1.805s) | Generator RTF: 0.0788(0.142s / 1.805s)
generated_audios/generated_H3_256C_pruned70/260-123288-0015_generated.wav | RTF: 0.3039(6.438s / 21.185s) | Generator RTF: 0.3037(6.433s / 21.185s)
generated_audios/generated_H3_256C_pruned70/260-123288-0016_generated.wav | RTF: 0.2935(1.428s / 4.865s) | Generator RTF: 0.2926(1.424s / 4.865s)
generated_audios/generated_H3_256C_pruned70/260-123288-0017_generated.wav | RTF: 0.2852(1.490s / 5.225s) | Generator RTF: 0.2846(1.487s / 5.225s)
generated_audios/generated_H3_256C_pruned70/260-123288-0018_generated.wav | RTF: 0.2807(0.911s / 3.245s) | Generator RTF: 0.2796(0.907s / 3.245s)
generated_audios/generated_H3_256C_pruned70/260-123288-0019_generated.wav | RTF: 0.0775(0.229s / 2.955s) | Generator RTF: 0.0767(0.227s / 2.955s)
generated_audios/generated_H3_256C_pruned70/260-123288-0020_generated.wav | RTF: 0.2787(0.808s / 2.900s) | Generator RTF: 0.2776(0.805s / 2.900s)
generated_audios/generated_H3_256C_pruned70/260-123288-0021_generated.wav | RTF: 0.0759(0.206s / 2.710s) | Generator RTF: 0.0747(0.202s / 2.710s)
generated_audios/generated_H3_256C_pruned70/260-123288-0022_generated.wav | RTF: 0.2870(1.063s / 3.705s) | Generator RTF: 0.2860(1.060s / 3.705s)
generated_audios/generated_H3_256C_pruned70/260-123288-0023_generated.wav | RTF: 0.0779(0.186s / 2.385s) | Generator RTF: 0.0765(0.182s / 2.385s)
generated_audios/generated_H3_256C_pruned70/260-123288-0024_generated.wav | RTF: 0.2950(4.306s / 14.595s) | Generator RTF: 0.2947(4.301s / 14.595s)
generated_audios/generated_H3_256C_pruned70/260-123288-0025_generated.wav | RTF: 0.3184(4.281s / 13.445s) | Generator RTF: 0.3181(4.277s / 13.445s)
generated_audios/generated_H3_256C_pruned70/260-123288-0026_generated.wav | RTF: 0.3076(4.933s / 16.040s) | Generator RTF: 0.3073(4.928s / 16.040s)
generated_audios/generated_H3_256C_pruned70/260-123288-0027_generated.wav | RTF: 0.2898(1.827s / 6.305s) | Generator RTF: 0.2891(1.823s / 6.305s)
generated_audios/generated_H3_256C_pruned70/260-123288-0028_generated.wav | RTF: 0.3590(0.937s / 2.610s) | Generator RTF: 0.3578(0.934s / 2.610s)
generated_audios/generated_H3_256C_pruned70/260-123440-0000_generated.wav | RTF: 0.2834(0.614s / 2.165s) | Generator RTF: 0.2819(0.610s / 2.165s)
generated_audios/generated_H3_256C_pruned70/260-123440-0001_generated.wav | RTF: 0.2985(0.519s / 1.740s) | Generator RTF: 0.2967(0.516s / 1.740s)
generated_audios/generated_H3_256C_pruned70/260-123440-0002_generated.wav | RTF: 0.3090(4.547s / 14.715s) | Generator RTF: 0.3087(4.542s / 14.715s)
generated_audios/generated_H3_256C_pruned70/260-123440-0003_generated.wav | RTF: 0.2937(1.053s / 3.585s) | Generator RTF: 0.2929(1.050s / 3.585s)
generated_audios/generated_H3_256C_pruned70/260-123440-0004_generated.wav | RTF: 0.2998(3.603s / 12.020s) | Generator RTF: 0.2994(3.599s / 12.020s)
generated_audios/generated_H3_256C_pruned70/260-123440-0005_generated.wav | RTF: 0.0746(0.232s / 3.105s) | Generator RTF: 0.0736(0.228s / 3.105s)
generated_audios/generated_H3_256C_pruned70/260-123440-0006_generated.wav | RTF: 0.0676(0.184s / 2.715s) | Generator RTF: 0.0665(0.181s / 2.715s)
generated_audios/generated_H3_256C_pruned70/260-123440-0007_generated.wav | RTF: 0.2853(0.966s / 3.385s) | Generator RTF: 0.2844(0.963s / 3.385s)
generated_audios/generated_H3_256C_pruned70/260-123440-0008_generated.wav | RTF: 0.2953(1.106s / 3.745s) | Generator RTF: 0.2944(1.103s / 3.745s)
generated_audios/generated_H3_256C_pruned70/260-123440-0009_generated.wav | RTF: 0.2947(0.918s / 3.115s) | Generator RTF: 0.2935(0.914s / 3.115s)
generated_audios/generated_H3_256C_pruned70/260-123440-0010_generated.wav | RTF: 0.3012(2.505s / 8.315s) | Generator RTF: 0.3008(2.501s / 8.315s)
generated_audios/generated_H3_256C_pruned70/260-123440-0011_generated.wav | RTF: 0.0784(0.382s / 4.870s) | Generator RTF: 0.0776(0.378s / 4.870s)
generated_audios/generated_H3_256C_pruned70/260-123440-0012_generated.wav | RTF: 0.2962(1.554s / 5.245s) | Generator RTF: 0.2955(1.550s / 5.245s)
generated_audios/generated_H3_256C_pruned70/260-123440-0013_generated.wav | RTF: 0.2911(1.012s / 3.475s) | Generator RTF: 0.2902(1.008s / 3.475s)
generated_audios/generated_H3_256C_pruned70/260-123440-0014_generated.wav | RTF: 0.3001(1.145s / 3.815s) | Generator RTF: 0.2991(1.141s / 3.815s)
generated_audios/generated_H3_256C_pruned70/260-123440-0015_generated.wav | RTF: 0.0797(0.494s / 6.200s) | Generator RTF: 0.0792(0.491s / 6.200s)
generated_audios/generated_H3_256C_pruned70/260-123440-0016_generated.wav | RTF: 0.2960(1.449s / 4.895s) | Generator RTF: 0.2953(1.445s / 4.895s)
generated_audios/generated_H3_256C_pruned70/260-123440-0017_generated.wav | RTF: 0.0835(0.256s / 3.070s) | Generator RTF: 0.0825(0.253s / 3.070s)
generated_audios/generated_H3_256C_pruned70/260-123440-0018_generated.wav | RTF: 0.2934(1.068s / 3.640s) | Generator RTF: 0.2925(1.065s / 3.640s)
generated_audios/generated_H3_256C_pruned70/260-123440-0019_generated.wav | RTF: 0.2921(1.937s / 6.630s) | Generator RTF: 0.2916(1.933s / 6.630s)
generated_audios/generated_H3_256C_pruned70/260-123440-0020_generated.wav | RTF: 0.2993(1.495s / 4.995s) | Generator RTF: 0.2986(1.492s / 4.995s)
generated_audios/generated_H3_256C_pruned70/61-70968-0000_generated.wav | RTF: 0.3000(1.472s / 4.905s) | Generator RTF: 0.2993(1.468s / 4.905s)
generated_audios/generated_H3_256C_pruned70/61-70968-0001_generated.wav | RTF: 0.2909(1.050s / 3.610s) | Generator RTF: 0.2900(1.047s / 3.610s)
generated_audios/generated_H3_256C_pruned70/61-70968-0002_generated.wav | RTF: 0.2862(0.850s / 2.970s) | Generator RTF: 0.2851(0.847s / 2.970s)
generated_audios/generated_H3_256C_pruned70/61-70968-0003_generated.wav | RTF: 0.0767(0.331s / 4.315s) | Generator RTF: 0.0760(0.328s / 4.315s)
generated_audios/generated_H3_256C_pruned70/61-70968-0004_generated.wav | RTF: 0.2972(1.155s / 3.885s) | Generator RTF: 0.2964(1.151s / 3.885s)
generated_audios/generated_H3_256C_pruned70/61-70968-0005_generated.wav | RTF: 0.0787(0.399s / 5.070s) | Generator RTF: 0.0780(0.395s / 5.070s)
generated_audios/generated_H3_256C_pruned70/61-70968-0006_generated.wav | RTF: 0.2860(0.839s / 2.935s) | Generator RTF: 0.2849(0.836s / 2.935s)
generated_audios/generated_H3_256C_pruned70/61-70968-0007_generated.wav | RTF: 0.0756(0.268s / 3.550s) | Generator RTF: 0.0747(0.265s / 3.550s)
generated_audios/generated_H3_256C_pruned70/61-70968-0008_generated.wav | RTF: 0.0743(0.263s / 3.535s) | Generator RTF: 0.0734(0.259s / 3.535s)
generated_audios/generated_H3_256C_pruned70/61-70968-0009_generated.wav | RTF: 0.2967(1.338s / 4.510s) | Generator RTF: 0.2960(1.335s / 4.510s)
generated_audios/generated_H3_256C_pruned70/61-70968-0010_generated.wav | RTF: 0.2985(2.476s / 8.295s) | Generator RTF: 0.2981(2.472s / 8.295s)
generated_audios/generated_H3_256C_pruned70/61-70968-0011_generated.wav | RTF: 0.2942(1.875s / 6.375s) | Generator RTF: 0.2936(1.872s / 6.375s)
generated_audios/generated_H3_256C_pruned70/61-70968-0012_generated.wav | RTF: 0.0767(0.200s / 2.610s) | Generator RTF: 0.0755(0.197s / 2.610s)
generated_audios/generated_H3_256C_pruned70/61-70968-0013_generated.wav | RTF: 0.0743(0.331s / 4.450s) | Generator RTF: 0.0736(0.327s / 4.450s)
generated_audios/generated_H3_256C_pruned70/61-70968-0014_generated.wav | RTF: 0.3012(2.254s / 7.485s) | Generator RTF: 0.3006(2.250s / 7.485s)
generated_audios/generated_H3_256C_pruned70/61-70968-0015_generated.wav | RTF: 0.2965(1.593s / 5.375s) | Generator RTF: 0.2958(1.590s / 5.375s)
generated_audios/generated_H3_256C_pruned70/61-70968-0016_generated.wav | RTF: 0.2955(1.099s / 3.720s) | Generator RTF: 0.2946(1.096s / 3.720s)
generated_audios/generated_H3_256C_pruned70/61-70968-0017_generated.wav | RTF: 0.3008(1.537s / 5.110s) | Generator RTF: 0.3001(1.533s / 5.110s)
generated_audios/generated_H3_256C_pruned70/61-70968-0018_generated.wav | RTF: 0.2895(0.696s / 2.405s) | Generator RTF: 0.2881(0.693s / 2.405s)
generated_audios/generated_H3_256C_pruned70/61-70968-0019_generated.wav | RTF: 0.2950(1.615s / 5.475s) | Generator RTF: 0.2943(1.612s / 5.475s)
generated_audios/generated_H3_256C_pruned70/61-70968-0020_generated.wav | RTF: 0.2997(1.530s / 5.105s) | Generator RTF: 0.2990(1.527s / 5.105s)
generated_audios/generated_H3_256C_pruned70/61-70968-0021_generated.wav | RTF: 0.2876(0.774s / 2.690s) | Generator RTF: 0.2864(0.770s / 2.690s)
generated_audios/generated_H3_256C_pruned70/61-70968-0022_generated.wav | RTF: 0.0787(0.368s / 4.670s) | Generator RTF: 0.0779(0.364s / 4.670s)
generated_audios/generated_H3_256C_pruned70/61-70968-0023_generated.wav | RTF: 0.0786(0.395s / 5.025s) | Generator RTF: 0.0779(0.392s / 5.025s)
generated_audios/generated_H3_256C_pruned70/61-70968-0024_generated.wav | RTF: 0.3017(1.818s / 6.025s) | Generator RTF: 0.3011(1.814s / 6.025s)
generated_audios/generated_H3_256C_pruned70/61-70968-0025_generated.wav | RTF: 0.0788(0.348s / 4.410s) | Generator RTF: 0.0780(0.344s / 4.410s)
generated_audios/generated_H3_256C_pruned70/61-70968-0026_generated.wav | RTF: 0.2929(1.441s / 4.920s) | Generator RTF: 0.2922(1.438s / 4.920s)
generated_audios/generated_H3_256C_pruned70/61-70968-0027_generated.wav | RTF: 0.2975(2.044s / 6.870s) | Generator RTF: 0.2970(2.040s / 6.870s)
generated_audios/generated_H3_256C_pruned70/61-70968-0028_generated.wav | RTF: 0.2942(1.576s / 5.355s) | Generator RTF: 0.2936(1.572s / 5.355s)
generated_audios/generated_H3_256C_pruned70/61-70968-0029_generated.wav | RTF: 0.2980(1.041s / 3.495s) | Generator RTF: 0.2971(1.038s / 3.495s)
generated_audios/generated_H3_256C_pruned70/61-70968-0030_generated.wav | RTF: 0.3124(1.776s / 5.685s) | Generator RTF: 0.3117(1.772s / 5.685s)
generated_audios/generated_H3_256C_pruned70/61-70968-0031_generated.wav | RTF: 0.2982(0.872s / 2.925s) | Generator RTF: 0.2971(0.869s / 2.925s)
generated_audios/generated_H3_256C_pruned70/61-70968-0032_generated.wav | RTF: 0.0793(0.339s / 4.280s) | Generator RTF: 0.0783(0.335s / 4.280s)
generated_audios/generated_H3_256C_pruned70/61-70968-0033_generated.wav | RTF: 0.0747(0.425s / 5.685s) | Generator RTF: 0.0741(0.421s / 5.685s)
generated_audios/generated_H3_256C_pruned70/61-70968-0034_generated.wav | RTF: 0.3030(1.282s / 4.230s) | Generator RTF: 0.3022(1.278s / 4.230s)
generated_audios/generated_H3_256C_pruned70/61-70968-0035_generated.wav | RTF: 0.3037(2.415s / 7.950s) | Generator RTF: 0.3033(2.411s / 7.950s)
generated_audios/generated_H3_256C_pruned70/61-70968-0036_generated.wav | RTF: 0.0760(0.223s / 2.935s) | Generator RTF: 0.0750(0.220s / 2.935s)
generated_audios/generated_H3_256C_pruned70/61-70968-0037_generated.wav | RTF: 0.0768(0.331s / 4.315s) | Generator RTF: 0.0760(0.328s / 4.315s)
generated_audios/generated_H3_256C_pruned70/61-70968-0038_generated.wav | RTF: 0.3071(0.630s / 2.050s) | Generator RTF: 0.3056(0.626s / 2.050s)
generated_audios/generated_H3_256C_pruned70/61-70968-0039_generated.wav | RTF: 0.2914(1.109s / 3.805s) | Generator RTF: 0.2905(1.105s / 3.805s)
generated_audios/generated_H3_256C_pruned70/61-70968-0040_generated.wav | RTF: 0.2985(1.179s / 3.950s) | Generator RTF: 0.2978(1.176s / 3.950s)
generated_audios/generated_H3_256C_pruned70/61-70968-0041_generated.wav | RTF: 0.0789(0.539s / 6.825s) | Generator RTF: 0.0784(0.535s / 6.825s)
generated_audios/generated_H3_256C_pruned70/61-70968-0042_generated.wav | RTF: 0.0773(0.215s / 2.785s) | Generator RTF: 0.0762(0.212s / 2.785s)
generated_audios/generated_H3_256C_pruned70/61-70968-0043_generated.wav | RTF: 0.3024(2.036s / 6.735s) | Generator RTF: 0.3019(2.033s / 6.735s)
generated_audios/generated_H3_256C_pruned70/61-70968-0044_generated.wav | RTF: 0.0761(0.211s / 2.770s) | Generator RTF: 0.0751(0.208s / 2.770s)
generated_audios/generated_H3_256C_pruned70/61-70968-0045_generated.wav | RTF: 0.0772(0.268s / 3.475s) | Generator RTF: 0.0762(0.265s / 3.475s)
generated_audios/generated_H3_256C_pruned70/61-70968-0046_generated.wav | RTF: 0.0767(0.272s / 3.550s) | Generator RTF: 0.0757(0.269s / 3.550s)
generated_audios/generated_H3_256C_pruned70/61-70968-0047_generated.wav | RTF: 0.2929(1.399s / 4.775s) | Generator RTF: 0.2922(1.395s / 4.775s)
generated_audios/generated_H3_256C_pruned70/61-70968-0048_generated.wav | RTF: 0.2974(0.898s / 3.020s) | Generator RTF: 0.2963(0.895s / 3.020s)
generated_audios/generated_H3_256C_pruned70/61-70968-0049_generated.wav | RTF: 0.3062(2.526s / 8.250s) | Generator RTF: 0.3058(2.523s / 8.250s)
generated_audios/generated_H3_256C_pruned70/61-70968-0050_generated.wav | RTF: 0.2990(1.668s / 5.580s) | Generator RTF: 0.2983(1.665s / 5.580s)
generated_audios/generated_H3_256C_pruned70/61-70968-0051_generated.wav | RTF: 0.3014(0.945s / 3.135s) | Generator RTF: 0.3003(0.941s / 3.135s)
generated_audios/generated_H3_256C_pruned70/61-70968-0052_generated.wav | RTF: 0.2805(0.743s / 2.650s) | Generator RTF: 0.2797(0.741s / 2.650s)
generated_audios/generated_H3_256C_pruned70/61-70968-0053_generated.wav | RTF: 0.0776(0.328s / 4.220s) | Generator RTF: 0.0768(0.324s / 4.220s)
generated_audios/generated_H3_256C_pruned70/61-70968-0054_generated.wav | RTF: 0.3214(2.526s / 7.860s) | Generator RTF: 0.3209(2.522s / 7.860s)
generated_audios/generated_H3_256C_pruned70/61-70968-0055_generated.wav | RTF: 0.0783(0.310s / 3.965s) | Generator RTF: 0.0774(0.307s / 3.965s)
generated_audios/generated_H3_256C_pruned70/61-70968-0056_generated.wav | RTF: 0.2812(1.002s / 3.565s) | Generator RTF: 0.2804(1.000s / 3.565s)
generated_audios/generated_H3_256C_pruned70/61-70968-0057_generated.wav | RTF: 0.0789(0.400s / 5.065s) | Generator RTF: 0.0781(0.396s / 5.065s)
generated_audios/generated_H3_256C_pruned70/61-70968-0058_generated.wav | RTF: 0.2764(0.503s / 1.820s) | Generator RTF: 0.2746(0.500s / 1.820s)
generated_audios/generated_H3_256C_pruned70/61-70968-0059_generated.wav | RTF: 0.0775(0.168s / 2.170s) | Generator RTF: 0.0761(0.165s / 2.170s)
generated_audios/generated_H3_256C_pruned70/61-70968-0060_generated.wav | RTF: 0.0745(0.278s / 3.735s) | Generator RTF: 0.0736(0.275s / 3.735s)
generated_audios/generated_H3_256C_pruned70/61-70968-0061_generated.wav | RTF: 0.3013(1.666s / 5.530s) | Generator RTF: 0.3007(1.663s / 5.530s)
generated_audios/generated_H3_256C_pruned70/61-70968-0062_generated.wav | RTF: 0.0752(0.192s / 2.555s) | Generator RTF: 0.0739(0.189s / 2.555s)
generated_audios/generated_H3_256C_pruned70/61-70970-0000_generated.wav | RTF: 0.2983(1.812s / 6.075s) | Generator RTF: 0.2978(1.809s / 6.075s)
generated_audios/generated_H3_256C_pruned70/61-70970-0001_generated.wav | RTF: 0.2966(1.826s / 6.155s) | Generator RTF: 0.2960(1.822s / 6.155s)
generated_audios/generated_H3_256C_pruned70/61-70970-0002_generated.wav | RTF: 0.2861(1.192s / 4.165s) | Generator RTF: 0.2852(1.188s / 4.165s)
generated_audios/generated_H3_256C_pruned70/61-70970-0003_generated.wav | RTF: 0.2831(1.086s / 3.835s) | Generator RTF: 0.2822(1.082s / 3.835s)
generated_audios/generated_H3_256C_pruned70/61-70970-0004_generated.wav | RTF: 0.2960(3.112s / 10.515s) | Generator RTF: 0.2956(3.108s / 10.515s)
generated_audios/generated_H3_256C_pruned70/61-70970-0005_generated.wav | RTF: 0.3058(0.618s / 2.020s) | Generator RTF: 0.3044(0.615s / 2.020s)
generated_audios/generated_H3_256C_pruned70/61-70970-0006_generated.wav | RTF: 0.3055(0.713s / 2.335s) | Generator RTF: 0.3040(0.710s / 2.335s)
generated_audios/generated_H3_256C_pruned70/61-70970-0007_generated.wav | RTF: 0.3052(1.369s / 4.485s) | Generator RTF: 0.3044(1.365s / 4.485s)
generated_audios/generated_H3_256C_pruned70/61-70970-0008_generated.wav | RTF: 0.3232(0.695s / 2.150s) | Generator RTF: 0.3218(0.692s / 2.150s)
generated_audios/generated_H3_256C_pruned70/61-70970-0009_generated.wav | RTF: 0.3052(1.039s / 3.405s) | Generator RTF: 0.3042(1.036s / 3.405s)
generated_audios/generated_H3_256C_pruned70/61-70970-0010_generated.wav | RTF: 0.0736(0.224s / 3.045s) | Generator RTF: 0.0726(0.221s / 3.045s)
generated_audios/generated_H3_256C_pruned70/61-70970-0011_generated.wav | RTF: 0.0696(0.423s / 6.075s) | Generator RTF: 0.0690(0.419s / 6.075s)
generated_audios/generated_H3_256C_pruned70/61-70970-0012_generated.wav | RTF: 0.0723(0.227s / 3.135s) | Generator RTF: 0.0712(0.223s / 3.135s)
generated_audios/generated_H3_256C_pruned70/61-70970-0013_generated.wav | RTF: 0.3099(1.348s / 4.350s) | Generator RTF: 0.3091(1.345s / 4.350s)
generated_audios/generated_H3_256C_pruned70/61-70970-0014_generated.wav | RTF: 0.0672(0.229s / 3.405s) | Generator RTF: 0.0663(0.226s / 3.405s)
generated_audios/generated_H3_256C_pruned70/61-70970-0015_generated.wav | RTF: 0.3241(2.727s / 8.415s) | Generator RTF: 0.3236(2.723s / 8.415s)
generated_audios/generated_H3_256C_pruned70/61-70970-0016_generated.wav | RTF: 0.3024(1.321s / 4.370s) | Generator RTF: 0.3015(1.318s / 4.370s)
generated_audios/generated_H3_256C_pruned70/61-70970-0017_generated.wav | RTF: 0.0758(0.193s / 2.550s) | Generator RTF: 0.0745(0.190s / 2.550s)
generated_audios/generated_H3_256C_pruned70/61-70970-0018_generated.wav | RTF: 0.2999(1.380s / 4.600s) | Generator RTF: 0.2991(1.376s / 4.600s)
generated_audios/generated_H3_256C_pruned70/61-70970-0019_generated.wav | RTF: 0.3006(1.136s / 3.780s) | Generator RTF: 0.2997(1.133s / 3.780s)
generated_audios/generated_H3_256C_pruned70/61-70970-0020_generated.wav | RTF: 0.0750(0.377s / 5.025s) | Generator RTF: 0.0743(0.373s / 5.025s)
generated_audios/generated_H3_256C_pruned70/61-70970-0021_generated.wav | RTF: 0.2997(1.620s / 5.405s) | Generator RTF: 0.2990(1.616s / 5.405s)
generated_audios/generated_H3_256C_pruned70/61-70970-0022_generated.wav | RTF: 0.0738(0.293s / 3.970s) | Generator RTF: 0.0729(0.289s / 3.970s)
generated_audios/generated_H3_256C_pruned70/61-70970-0023_generated.wav | RTF: 0.0737(0.273s / 3.705s) | Generator RTF: 0.0728(0.270s / 3.705s)
generated_audios/generated_H3_256C_pruned70/61-70970-0024_generated.wav | RTF: 0.3037(2.197s / 7.235s) | Generator RTF: 0.3031(2.193s / 7.235s)
generated_audios/generated_H3_256C_pruned70/61-70970-0025_generated.wav | RTF: 0.3013(2.240s / 7.435s) | Generator RTF: 0.3008(2.236s / 7.435s)
generated_audios/generated_H3_256C_pruned70/61-70970-0026_generated.wav | RTF: 0.0772(0.423s / 5.475s) | Generator RTF: 0.0766(0.419s / 5.475s)
generated_audios/generated_H3_256C_pruned70/61-70970-0027_generated.wav | RTF: 0.0751(0.382s / 5.080s) | Generator RTF: 0.0744(0.378s / 5.080s)
generated_audios/generated_H3_256C_pruned70/61-70970-0028_generated.wav | RTF: 0.0831(0.544s / 6.550s) | Generator RTF: 0.0825(0.541s / 6.550s)
generated_audios/generated_H3_256C_pruned70/61-70970-0029_generated.wav | RTF: 0.0757(0.305s / 4.030s) | Generator RTF: 0.0748(0.302s / 4.030s)
generated_audios/generated_H3_256C_pruned70/61-70970-0030_generated.wav | RTF: 0.0777(0.252s / 3.240s) | Generator RTF: 0.0767(0.248s / 3.240s)
generated_audios/generated_H3_256C_pruned70/61-70970-0031_generated.wav | RTF: 0.2984(1.533s / 5.135s) | Generator RTF: 0.2978(1.529s / 5.135s)
generated_audios/generated_H3_256C_pruned70/61-70970-0032_generated.wav | RTF: 0.0750(0.235s / 3.135s) | Generator RTF: 0.0738(0.231s / 3.135s)
generated_audios/generated_H3_256C_pruned70/61-70970-0033_generated.wav | RTF: 0.2928(1.001s / 3.420s) | Generator RTF: 0.2918(0.998s / 3.420s)
generated_audios/generated_H3_256C_pruned70/61-70970-0034_generated.wav | RTF: 0.0747(0.335s / 4.485s) | Generator RTF: 0.0739(0.331s / 4.485s)
generated_audios/generated_H3_256C_pruned70/61-70970-0035_generated.wav | RTF: 0.0754(0.559s / 7.405s) | Generator RTF: 0.0751(0.556s / 7.405s)
generated_audios/generated_H3_256C_pruned70/61-70970-0036_generated.wav | RTF: 0.0764(0.518s / 6.785s) | Generator RTF: 0.0758(0.515s / 6.785s)
generated_audios/generated_H3_256C_pruned70/61-70970-0037_generated.wav | RTF: 0.2990(1.788s / 5.980s) | Generator RTF: 0.2983(1.784s / 5.980s)
generated_audios/generated_H3_256C_pruned70/61-70970-0038_generated.wav | RTF: 0.3032(3.154s / 10.400s) | Generator RTF: 0.3028(3.149s / 10.400s)
generated_audios/generated_H3_256C_pruned70/61-70970-0039_generated.wav | RTF: 0.0756(0.504s / 6.665s) | Generator RTF: 0.0750(0.500s / 6.665s)
generated_audios/generated_H3_256C_pruned70/61-70970-0040_generated.wav | RTF: 0.0761(0.317s / 4.165s) | Generator RTF: 0.0753(0.314s / 4.165s)
generated_audios/generated_H3_256C_pruned70/672-122797-0000_generated.wav | RTF: 0.3085(1.256s / 4.070s) | Generator RTF: 0.3077(1.252s / 4.070s)
generated_audios/generated_H3_256C_pruned70/672-122797-0001_generated.wav | RTF: 0.3017(4.564s / 15.130s) | Generator RTF: 0.3014(4.560s / 15.130s)
generated_audios/generated_H3_256C_pruned70/672-122797-0002_generated.wav | RTF: 0.2988(4.070s / 13.620s) | Generator RTF: 0.2984(4.065s / 13.620s)
generated_audios/generated_H3_256C_pruned70/672-122797-0003_generated.wav | RTF: 0.3089(1.470s / 4.760s) | Generator RTF: 0.3082(1.467s / 4.760s)
generated_audios/generated_H3_256C_pruned70/672-122797-0004_generated.wav | RTF: 0.2999(3.074s / 10.250s) | Generator RTF: 0.2994(3.069s / 10.250s)
generated_audios/generated_H3_256C_pruned70/672-122797-0005_generated.wav | RTF: 0.3181(1.037s / 3.260s) | Generator RTF: 0.3169(1.033s / 3.260s)
generated_audios/generated_H3_256C_pruned70/672-122797-0006_generated.wav | RTF: 0.3092(4.314s / 13.950s) | Generator RTF: 0.3089(4.309s / 13.950s)
generated_audios/generated_H3_256C_pruned70/672-122797-0007_generated.wav | RTF: 0.3054(1.961s / 6.420s) | Generator RTF: 0.3048(1.957s / 6.420s)
generated_audios/generated_H3_256C_pruned70/672-122797-0008_generated.wav | RTF: 0.3111(9.586s / 30.810s) | Generator RTF: 0.3109(9.579s / 30.810s)
generated_audios/generated_H3_256C_pruned70/672-122797-0009_generated.wav | RTF: 0.0812(0.225s / 2.765s) | Generator RTF: 0.0799(0.221s / 2.765s)
generated_audios/generated_H3_256C_pruned70/672-122797-0010_generated.wav | RTF: 0.0767(0.292s / 3.815s) | Generator RTF: 0.0758(0.289s / 3.815s)
generated_audios/generated_H3_256C_pruned70/672-122797-0011_generated.wav | RTF: 0.3321(0.843s / 2.540s) | Generator RTF: 0.3307(0.840s / 2.540s)
generated_audios/generated_H3_256C_pruned70/672-122797-0012_generated.wav | RTF: 0.3157(2.451s / 7.765s) | Generator RTF: 0.3152(2.447s / 7.765s)
generated_audios/generated_H3_256C_pruned70/672-122797-0013_generated.wav | RTF: 0.3216(2.800s / 8.705s) | Generator RTF: 0.3212(2.796s / 8.705s)
generated_audios/generated_H3_256C_pruned70/672-122797-0014_generated.wav | RTF: 0.0821(0.210s / 2.555s) | Generator RTF: 0.0809(0.207s / 2.555s)
generated_audios/generated_H3_256C_pruned70/672-122797-0015_generated.wav | RTF: 0.0766(0.341s / 4.455s) | Generator RTF: 0.0758(0.338s / 4.455s)
generated_audios/generated_H3_256C_pruned70/672-122797-0016_generated.wav | RTF: 0.3037(2.799s / 9.215s) | Generator RTF: 0.3032(2.794s / 9.215s)
generated_audios/generated_H3_256C_pruned70/672-122797-0017_generated.wav | RTF: 0.3197(1.541s / 4.820s) | Generator RTF: 0.3190(1.538s / 4.820s)
generated_audios/generated_H3_256C_pruned70/672-122797-0018_generated.wav | RTF: 0.3061(1.509s / 4.930s) | Generator RTF: 0.3054(1.506s / 4.930s)
generated_audios/generated_H3_256C_pruned70/672-122797-0019_generated.wav | RTF: 0.3028(1.244s / 4.110s) | Generator RTF: 0.3019(1.241s / 4.110s)
generated_audios/generated_H3_256C_pruned70/672-122797-0020_generated.wav | RTF: 0.3053(2.694s / 8.825s) | Generator RTF: 0.3049(2.690s / 8.825s)
generated_audios/generated_H3_256C_pruned70/672-122797-0021_generated.wav | RTF: 0.0799(0.332s / 4.150s) | Generator RTF: 0.0791(0.328s / 4.150s)
generated_audios/generated_H3_256C_pruned70/672-122797-0022_generated.wav | RTF: 0.3079(5.852s / 19.005s) | Generator RTF: 0.3076(5.847s / 19.005s)
generated_audios/generated_H3_256C_pruned70/672-122797-0023_generated.wav | RTF: 0.3050(2.957s / 9.695s) | Generator RTF: 0.3046(2.953s / 9.695s)
generated_audios/generated_H3_256C_pruned70/672-122797-0024_generated.wav | RTF: 0.3036(1.254s / 4.130s) | Generator RTF: 0.3028(1.251s / 4.130s)
generated_audios/generated_H3_256C_pruned70/672-122797-0025_generated.wav | RTF: 0.3122(3.337s / 10.690s) | Generator RTF: 0.3117(3.333s / 10.690s)
generated_audios/generated_H3_256C_pruned70/672-122797-0026_generated.wav | RTF: 0.3046(4.252s / 13.960s) | Generator RTF: 0.3043(4.248s / 13.960s)
generated_audios/generated_H3_256C_pruned70/672-122797-0027_generated.wav | RTF: 0.0759(0.363s / 4.790s) | Generator RTF: 0.0751(0.360s / 4.790s)
generated_audios/generated_H3_256C_pruned70/672-122797-0028_generated.wav | RTF: 0.0775(0.202s / 2.610s) | Generator RTF: 0.0763(0.199s / 2.610s)
generated_audios/generated_H3_256C_pruned70/672-122797-0029_generated.wav | RTF: 0.0769(0.235s / 3.050s) | Generator RTF: 0.0759(0.232s / 3.050s)
generated_audios/generated_H3_256C_pruned70/672-122797-0030_generated.wav | RTF: 0.3018(1.381s / 4.575s) | Generator RTF: 0.3011(1.377s / 4.575s)
generated_audios/generated_H3_256C_pruned70/672-122797-0031_generated.wav | RTF: 0.0759(0.302s / 3.980s) | Generator RTF: 0.0750(0.299s / 3.980s)
generated_audios/generated_H3_256C_pruned70/672-122797-0032_generated.wav | RTF: 0.0764(0.305s / 4.000s) | Generator RTF: 0.0756(0.302s / 4.000s)
generated_audios/generated_H3_256C_pruned70/672-122797-0033_generated.wav | RTF: 0.3067(0.394s / 1.285s) | Generator RTF: 0.3043(0.391s / 1.285s)
generated_audios/generated_H3_256C_pruned70/672-122797-0034_generated.wav | RTF: 0.0777(0.397s / 5.110s) | Generator RTF: 0.0771(0.394s / 5.110s)
generated_audios/generated_H3_256C_pruned70/672-122797-0035_generated.wav | RTF: 0.0748(0.217s / 2.900s) | Generator RTF: 0.0736(0.214s / 2.900s)
generated_audios/generated_H3_256C_pruned70/672-122797-0036_generated.wav | RTF: 0.0782(0.420s / 5.365s) | Generator RTF: 0.0776(0.416s / 5.365s)
generated_audios/generated_H3_256C_pruned70/672-122797-0037_generated.wav | RTF: 0.2953(0.579s / 1.960s) | Generator RTF: 0.2937(0.576s / 1.960s)
generated_audios/generated_H3_256C_pruned70/672-122797-0038_generated.wav | RTF: 0.3019(2.657s / 8.800s) | Generator RTF: 0.3015(2.653s / 8.800s)
generated_audios/generated_H3_256C_pruned70/672-122797-0039_generated.wav | RTF: 0.3021(1.216s / 4.025s) | Generator RTF: 0.3013(1.213s / 4.025s)
generated_audios/generated_H3_256C_pruned70/672-122797-0040_generated.wav | RTF: 0.0788(0.404s / 5.125s) | Generator RTF: 0.0781(0.400s / 5.125s)
generated_audios/generated_H3_256C_pruned70/672-122797-0041_generated.wav | RTF: 0.0769(0.298s / 3.880s) | Generator RTF: 0.0760(0.295s / 3.880s)
generated_audios/generated_H3_256C_pruned70/672-122797-0042_generated.wav | RTF: 0.3055(4.677s / 15.310s) | Generator RTF: 0.3052(4.673s / 15.310s)
generated_audios/generated_H3_256C_pruned70/672-122797-0043_generated.wav | RTF: 0.0771(0.292s / 3.780s) | Generator RTF: 0.0761(0.288s / 3.780s)
generated_audios/generated_H3_256C_pruned70/672-122797-0044_generated.wav | RTF: 0.0758(0.284s / 3.740s) | Generator RTF: 0.0749(0.280s / 3.740s)
generated_audios/generated_H3_256C_pruned70/672-122797-0045_generated.wav | RTF: 0.0768(1.072s / 13.960s) | Generator RTF: 0.0764(1.067s / 13.960s)
generated_audios/generated_H3_256C_pruned70/672-122797-0046_generated.wav | RTF: 0.3000(1.415s / 4.715s) | Generator RTF: 0.2993(1.411s / 4.715s)
generated_audios/generated_H3_256C_pruned70/672-122797-0047_generated.wav | RTF: 0.2984(0.992s / 3.325s) | Generator RTF: 0.2974(0.989s / 3.325s)
generated_audios/generated_H3_256C_pruned70/672-122797-0048_generated.wav | RTF: 0.0770(0.505s / 6.555s) | Generator RTF: 0.0764(0.501s / 6.555s)
generated_audios/generated_H3_256C_pruned70/672-122797-0049_generated.wav | RTF: 0.0797(0.161s / 2.020s) | Generator RTF: 0.0780(0.158s / 2.020s)
generated_audios/generated_H3_256C_pruned70/672-122797-0050_generated.wav | RTF: 0.3095(1.503s / 4.855s) | Generator RTF: 0.3088(1.499s / 4.855s)
generated_audios/generated_H3_256C_pruned70/672-122797-0051_generated.wav | RTF: 0.3037(1.417s / 4.665s) | Generator RTF: 0.3029(1.413s / 4.665s)
generated_audios/generated_H3_256C_pruned70/672-122797-0052_generated.wav | RTF: 0.3037(1.301s / 4.285s) | Generator RTF: 0.3028(1.298s / 4.285s)
generated_audios/generated_H3_256C_pruned70/672-122797-0053_generated.wav | RTF: 0.0761(0.225s / 2.955s) | Generator RTF: 0.0748(0.221s / 2.955s)
generated_audios/generated_H3_256C_pruned70/672-122797-0054_generated.wav | RTF: 0.0759(0.323s / 4.250s) | Generator RTF: 0.0751(0.319s / 4.250s)
generated_audios/generated_H3_256C_pruned70/672-122797-0055_generated.wav | RTF: 0.3263(2.685s / 8.230s) | Generator RTF: 0.3258(2.682s / 8.230s)
generated_audios/generated_H3_256C_pruned70/672-122797-0056_generated.wav | RTF: 0.0767(0.401s / 5.225s) | Generator RTF: 0.0760(0.397s / 5.225s)
generated_audios/generated_H3_256C_pruned70/672-122797-0057_generated.wav | RTF: 0.0765(0.502s / 6.560s) | Generator RTF: 0.0760(0.498s / 6.560s)
generated_audios/generated_H3_256C_pruned70/672-122797-0058_generated.wav | RTF: 0.3142(1.404s / 4.470s) | Generator RTF: 0.3134(1.401s / 4.470s)
generated_audios/generated_H3_256C_pruned70/672-122797-0059_generated.wav | RTF: 0.3079(1.084s / 3.520s) | Generator RTF: 0.3069(1.080s / 3.520s)
generated_audios/generated_H3_256C_pruned70/672-122797-0060_generated.wav | RTF: 0.0747(0.250s / 3.350s) | Generator RTF: 0.0736(0.247s / 3.350s)
generated_audios/generated_H3_256C_pruned70/672-122797-0061_generated.wav | RTF: 0.3024(2.295s / 7.590s) | Generator RTF: 0.3019(2.291s / 7.590s)
generated_audios/generated_H3_256C_pruned70/672-122797-0062_generated.wav | RTF: 0.3034(0.812s / 2.675s) | Generator RTF: 0.3022(0.808s / 2.675s)
generated_audios/generated_H3_256C_pruned70/672-122797-0063_generated.wav | RTF: 0.0801(0.407s / 5.075s) | Generator RTF: 0.0794(0.403s / 5.075s)
generated_audios/generated_H3_256C_pruned70/672-122797-0064_generated.wav | RTF: 0.3076(4.697s / 15.270s) | Generator RTF: 0.3073(4.692s / 15.270s)
generated_audios/generated_H3_256C_pruned70/672-122797-0065_generated.wav | RTF: 0.0763(0.231s / 3.030s) | Generator RTF: 0.0752(0.228s / 3.030s)
generated_audios/generated_H3_256C_pruned70/672-122797-0066_generated.wav | RTF: 0.0791(0.381s / 4.815s) | Generator RTF: 0.0784(0.378s / 4.815s)
generated_audios/generated_H3_256C_pruned70/672-122797-0067_generated.wav | RTF: 0.3099(4.039s / 13.035s) | Generator RTF: 0.3095(4.034s / 13.035s)
generated_audios/generated_H3_256C_pruned70/672-122797-0068_generated.wav | RTF: 0.1040(0.418s / 4.020s) | Generator RTF: 0.1032(0.415s / 4.020s)
generated_audios/generated_H3_256C_pruned70/672-122797-0069_generated.wav | RTF: 0.3070(1.538s / 5.010s) | Generator RTF: 0.3063(1.534s / 5.010s)
generated_audios/generated_H3_256C_pruned70/672-122797-0070_generated.wav | RTF: 0.3069(1.924s / 6.270s) | Generator RTF: 0.3063(1.920s / 6.270s)
generated_audios/generated_H3_256C_pruned70/672-122797-0071_generated.wav | RTF: 0.3076(2.730s / 8.875s) | Generator RTF: 0.3072(2.726s / 8.875s)
generated_audios/generated_H3_256C_pruned70/672-122797-0072_generated.wav | RTF: 0.3026(2.403s / 7.940s) | Generator RTF: 0.3021(2.398s / 7.940s)
generated_audios/generated_H3_256C_pruned70/672-122797-0073_generated.wav | RTF: 0.3220(2.642s / 8.205s) | Generator RTF: 0.3215(2.638s / 8.205s)
generated_audios/generated_H3_256C_pruned70/672-122797-0074_generated.wav | RTF: 0.3195(2.789s / 8.730s) | Generator RTF: 0.3190(2.785s / 8.730s)
generated_audios/generated_H3_256C_pruned70/908-157963-0000_generated.wav | RTF: 0.3021(3.813s / 12.620s) | Generator RTF: 0.3018(3.809s / 12.620s)
generated_audios/generated_H3_256C_pruned70/908-157963-0001_generated.wav | RTF: 0.3106(0.896s / 2.885s) | Generator RTF: 0.3093(0.892s / 2.885s)
generated_audios/generated_H3_256C_pruned70/908-157963-0002_generated.wav | RTF: 0.2907(0.801s / 2.755s) | Generator RTF: 0.2896(0.798s / 2.755s)
generated_audios/generated_H3_256C_pruned70/908-157963-0003_generated.wav | RTF: 0.2999(0.924s / 3.080s) | Generator RTF: 0.2989(0.920s / 3.080s)
generated_audios/generated_H3_256C_pruned70/908-157963-0004_generated.wav | RTF: 0.3057(4.277s / 13.990s) | Generator RTF: 0.3054(4.272s / 13.990s)
generated_audios/generated_H3_256C_pruned70/908-157963-0005_generated.wav | RTF: 0.3053(2.148s / 7.035s) | Generator RTF: 0.3048(2.144s / 7.035s)
generated_audios/generated_H3_256C_pruned70/908-157963-0006_generated.wav | RTF: 0.3061(2.482s / 8.110s) | Generator RTF: 0.3056(2.478s / 8.110s)
generated_audios/generated_H3_256C_pruned70/908-157963-0007_generated.wav | RTF: 0.3090(10.127s / 32.770s) | Generator RTF: 0.3088(10.119s / 32.770s)
generated_audios/generated_H3_256C_pruned70/908-157963-0008_generated.wav | RTF: 0.3138(6.260s / 19.950s) | Generator RTF: 0.3135(6.253s / 19.950s)
generated_audios/generated_H3_256C_pruned70/908-157963-0009_generated.wav | RTF: 0.3033(1.231s / 4.060s) | Generator RTF: 0.3025(1.228s / 4.060s)
generated_audios/generated_H3_256C_pruned70/908-157963-0010_generated.wav | RTF: 0.0765(0.480s / 6.280s) | Generator RTF: 0.0758(0.476s / 6.280s)
generated_audios/generated_H3_256C_pruned70/908-157963-0011_generated.wav | RTF: 0.0769(0.800s / 10.395s) | Generator RTF: 0.0765(0.796s / 10.395s)
generated_audios/generated_H3_256C_pruned70/908-157963-0012_generated.wav | RTF: 0.3049(3.076s / 10.090s) | Generator RTF: 0.3045(3.072s / 10.090s)
generated_audios/generated_H3_256C_pruned70/908-157963-0013_generated.wav | RTF: 0.0760(0.328s / 4.315s) | Generator RTF: 0.0752(0.325s / 4.315s)
generated_audios/generated_H3_256C_pruned70/908-157963-0014_generated.wav | RTF: 0.0760(0.343s / 4.520s) | Generator RTF: 0.0753(0.340s / 4.520s)
generated_audios/generated_H3_256C_pruned70/908-157963-0015_generated.wav | RTF: 0.3041(4.398s / 14.465s) | Generator RTF: 0.3037(4.394s / 14.465s)
generated_audios/generated_H3_256C_pruned70/908-157963-0016_generated.wav | RTF: 0.0770(0.393s / 5.105s) | Generator RTF: 0.0763(0.389s / 5.105s)
generated_audios/generated_H3_256C_pruned70/908-157963-0017_generated.wav | RTF: 0.2960(1.465s / 4.950s) | Generator RTF: 0.2953(1.462s / 4.950s)
generated_audios/generated_H3_256C_pruned70/908-157963-0018_generated.wav | RTF: 0.0763(0.324s / 4.255s) | Generator RTF: 0.0754(0.321s / 4.255s)
generated_audios/generated_H3_256C_pruned70/908-157963-0019_generated.wav | RTF: 0.3081(6.607s / 21.440s) | Generator RTF: 0.3079(6.602s / 21.440s)
generated_audios/generated_H3_256C_pruned70/908-157963-0020_generated.wav | RTF: 0.3051(2.990s / 9.800s) | Generator RTF: 0.3047(2.986s / 9.800s)
generated_audios/generated_H3_256C_pruned70/908-157963-0021_generated.wav | RTF: 0.0757(0.775s / 10.240s) | Generator RTF: 0.0752(0.770s / 10.240s)
generated_audios/generated_H3_256C_pruned70/908-157963-0022_generated.wav | RTF: 0.3120(1.438s / 4.610s) | Generator RTF: 0.3112(1.435s / 4.610s)
generated_audios/generated_H3_256C_pruned70/908-157963-0023_generated.wav | RTF: 0.3026(2.913s / 9.625s) | Generator RTF: 0.3022(2.909s / 9.625s)
generated_audios/generated_H3_256C_pruned70/908-157963-0024_generated.wav | RTF: 0.3037(1.045s / 3.440s) | Generator RTF: 0.3028(1.042s / 3.440s)
generated_audios/generated_H3_256C_pruned70/908-157963-0025_generated.wav | RTF: 0.3008(2.787s / 9.265s) | Generator RTF: 0.3004(2.783s / 9.265s)
generated_audios/generated_H3_256C_pruned70/908-157963-0026_generated.wav | RTF: 0.3046(2.467s / 8.100s) | Generator RTF: 0.3041(2.463s / 8.100s)
generated_audios/generated_H3_256C_pruned70/908-157963-0027_generated.wav | RTF: 0.0786(0.411s / 5.225s) | Generator RTF: 0.0778(0.406s / 5.225s)
generated_audios/generated_H3_256C_pruned70/908-157963-0028_generated.wav | RTF: 0.0692(0.343s / 4.955s) | Generator RTF: 0.0684(0.339s / 4.955s)
generated_audios/generated_H3_256C_pruned70/908-157963-0029_generated.wav | RTF: 0.2958(1.074s / 3.630s) | Generator RTF: 0.2949(1.071s / 3.630s)
generated_audios/generated_H3_256C_pruned70/908-157963-0030_generated.wav | RTF: 0.0753(0.341s / 4.520s) | Generator RTF: 0.0747(0.338s / 4.520s)
generated_audios/generated_H3_256C_pruned70/908-31957-0000_generated.wav | RTF: 0.2971(0.631s / 2.125s) | Generator RTF: 0.2956(0.628s / 2.125s)
generated_audios/generated_H3_256C_pruned70/908-31957-0001_generated.wav | RTF: 0.3032(3.431s / 11.315s) | Generator RTF: 0.3029(3.427s / 11.315s)
generated_audios/generated_H3_256C_pruned70/908-31957-0002_generated.wav | RTF: 0.0784(0.376s / 4.790s) | Generator RTF: 0.0776(0.372s / 4.790s)
generated_audios/generated_H3_256C_pruned70/908-31957-0003_generated.wav | RTF: 0.0780(0.512s / 6.565s) | Generator RTF: 0.0775(0.509s / 6.565s)
generated_audios/generated_H3_256C_pruned70/908-31957-0004_generated.wav | RTF: 0.3050(4.500s / 14.755s) | Generator RTF: 0.3047(4.495s / 14.755s)
generated_audios/generated_H3_256C_pruned70/908-31957-0005_generated.wav | RTF: 0.0762(0.342s / 4.490s) | Generator RTF: 0.0755(0.339s / 4.490s)
generated_audios/generated_H3_256C_pruned70/908-31957-0006_generated.wav | RTF: 0.2994(1.764s / 5.890s) | Generator RTF: 0.2988(1.760s / 5.890s)
generated_audios/generated_H3_256C_pruned70/908-31957-0007_generated.wav | RTF: 0.0778(0.451s / 5.800s) | Generator RTF: 0.0771(0.447s / 5.800s)
generated_audios/generated_H3_256C_pruned70/908-31957-0008_generated.wav | RTF: 0.3034(3.036s / 10.005s) | Generator RTF: 0.3030(3.031s / 10.005s)
generated_audios/generated_H3_256C_pruned70/908-31957-0009_generated.wav | RTF: 0.3016(2.324s / 7.705s) | Generator RTF: 0.3010(2.320s / 7.705s)
generated_audios/generated_H3_256C_pruned70/908-31957-0010_generated.wav | RTF: 0.2958(0.742s / 2.510s) | Generator RTF: 0.2945(0.739s / 2.510s)
generated_audios/generated_H3_256C_pruned70/908-31957-0011_generated.wav | RTF: 0.0773(0.181s / 2.335s) | Generator RTF: 0.0759(0.177s / 2.335s)
generated_audios/generated_H3_256C_pruned70/908-31957-0012_generated.wav | RTF: 0.3027(2.305s / 7.615s) | Generator RTF: 0.3022(2.302s / 7.615s)
generated_audios/generated_H3_256C_pruned70/908-31957-0013_generated.wav | RTF: 0.3046(1.882s / 6.180s) | Generator RTF: 0.3040(1.879s / 6.180s)
generated_audios/generated_H3_256C_pruned70/908-31957-0014_generated.wav | RTF: 0.3018(2.282s / 7.560s) | Generator RTF: 0.3013(2.278s / 7.560s)
generated_audios/generated_H3_256C_pruned70/908-31957-0015_generated.wav | RTF: 0.3114(6.684s / 21.465s) | Generator RTF: 0.3112(6.679s / 21.465s)
generated_audios/generated_H3_256C_pruned70/908-31957-0016_generated.wav | RTF: 0.3003(1.946s / 6.480s) | Generator RTF: 0.2997(1.942s / 6.480s)
generated_audios/generated_H3_256C_pruned70/908-31957-0017_generated.wav | RTF: 0.2957(2.305s / 7.795s) | Generator RTF: 0.2952(2.301s / 7.795s)
generated_audios/generated_H3_256C_pruned70/908-31957-0018_generated.wav | RTF: 0.2905(1.137s / 3.915s) | Generator RTF: 0.2896(1.134s / 3.915s)
generated_audios/generated_H3_256C_pruned70/908-31957-0019_generated.wav | RTF: 0.3015(2.876s / 9.540s) | Generator RTF: 0.3011(2.872s / 9.540s)
generated_audios/generated_H3_256C_pruned70/908-31957-0020_generated.wav | RTF: 0.0728(0.429s / 5.895s) | Generator RTF: 0.0722(0.426s / 5.895s)
generated_audios/generated_H3_256C_pruned70/908-31957-0021_generated.wav | RTF: 0.3042(3.317s / 10.905s) | Generator RTF: 0.3039(3.314s / 10.905s)
generated_audios/generated_H3_256C_pruned70/908-31957-0022_generated.wav | RTF: 0.3022(4.261s / 14.100s) | Generator RTF: 0.3019(4.257s / 14.100s)
generated_audios/generated_H3_256C_pruned70/908-31957-0023_generated.wav | RTF: 0.3016(2.568s / 8.515s) | Generator RTF: 0.3012(2.565s / 8.515s)
generated_audios/generated_H3_256C_pruned70/908-31957-0024_generated.wav | RTF: 0.3104(2.341s / 7.540s) | Generator RTF: 0.3099(2.337s / 7.540s)
generated_audios/generated_H3_256C_pruned70/908-31957-0025_generated.wav | RTF: 0.3303(6.792s / 20.560s) | Generator RTF: 0.3301(6.787s / 20.560s)
Average RTF: 0.2537(801.766s / 3159.849s)
Average Generator RTF: 0.2532(799.930s / 3159.849s)
Evaluation summary:
  Mel-spectrogram L1: 0.370002
  PESQ: 1.944684
  STOI: 0.906256
Appended per-audio metrics to CSV: per_audio_results/H3_256C_Mask_pruning

Appended metrics to CSV: experiments_results.csv
========== H4: pruning 30% + quantize ==========
Initializing Inference Process..
Using device: cpu (baseline and quantized inference both run on CPU)
Quantization enabled: forcing CPU inference for INT8 model.
Loading '/home/hpc/vlbi/vlbi107v/hifi-gan/cp_hifigan/v1_c256_ft30/g_00265000'
Complete.
Checkpoint contains masked pruning parameters. Preparing masked model before loading...
Removing weight norm...
Skipping ConvTranspose1d pruning for ups.0
Skipping ConvTranspose1d pruning for ups.1
Skipping ConvTranspose1d pruning for ups.2
Skipping ConvTranspose1d pruning for ups.3
Pruning (with mask) resblocks.0.convs1.0 (Conv1d): out_channels=128, dim=0, amount=0.0
Done pruning (with mask) resblocks.0.convs1.0 (Conv1d)
Pruning (with mask) resblocks.0.convs1.1 (Conv1d): out_channels=128, dim=0, amount=0.0
Done pruning (with mask) resblocks.0.convs1.1 (Conv1d)
Pruning (with mask) resblocks.0.convs1.2 (Conv1d): out_channels=128, dim=0, amount=0.0
Done pruning (with mask) resblocks.0.convs1.2 (Conv1d)
Pruning (with mask) resblocks.0.convs2.0 (Conv1d): out_channels=128, dim=0, amount=0.0
Done pruning (with mask) resblocks.0.convs2.0 (Conv1d)
Pruning (with mask) resblocks.0.convs2.1 (Conv1d): out_channels=128, dim=0, amount=0.0
Done pruning (with mask) resblocks.0.convs2.1 (Conv1d)
Pruning (with mask) resblocks.0.convs2.2 (Conv1d): out_channels=128, dim=0, amount=0.0
Done pruning (with mask) resblocks.0.convs2.2 (Conv1d)
Pruning (with mask) resblocks.1.convs1.0 (Conv1d): out_channels=128, dim=0, amount=0.0
Done pruning (with mask) resblocks.1.convs1.0 (Conv1d)
Pruning (with mask) resblocks.1.convs1.1 (Conv1d): out_channels=128, dim=0, amount=0.0
Done pruning (with mask) resblocks.1.convs1.1 (Conv1d)
Pruning (with mask) resblocks.1.convs1.2 (Conv1d): out_channels=128, dim=0, amount=0.0
Done pruning (with mask) resblocks.1.convs1.2 (Conv1d)
Pruning (with mask) resblocks.1.convs2.0 (Conv1d): out_channels=128, dim=0, amount=0.0
Done pruning (with mask) resblocks.1.convs2.0 (Conv1d)
Pruning (with mask) resblocks.1.convs2.1 (Conv1d): out_channels=128, dim=0, amount=0.0
Done pruning (with mask) resblocks.1.convs2.1 (Conv1d)
Pruning (with mask) resblocks.1.convs2.2 (Conv1d): out_channels=128, dim=0, amount=0.0
Done pruning (with mask) resblocks.1.convs2.2 (Conv1d)
Pruning (with mask) resblocks.2.convs1.0 (Conv1d): out_channels=128, dim=0, amount=0.0
Done pruning (with mask) resblocks.2.convs1.0 (Conv1d)
Pruning (with mask) resblocks.2.convs1.1 (Conv1d): out_channels=128, dim=0, amount=0.0
Done pruning (with mask) resblocks.2.convs1.1 (Conv1d)
Pruning (with mask) resblocks.2.convs1.2 (Conv1d): out_channels=128, dim=0, amount=0.0
Done pruning (with mask) resblocks.2.convs1.2 (Conv1d)
Pruning (with mask) resblocks.2.convs2.0 (Conv1d): out_channels=128, dim=0, amount=0.0
Done pruning (with mask) resblocks.2.convs2.0 (Conv1d)
Pruning (with mask) resblocks.2.convs2.1 (Conv1d): out_channels=128, dim=0, amount=0.0
Done pruning (with mask) resblocks.2.convs2.1 (Conv1d)
Pruning (with mask) resblocks.2.convs2.2 (Conv1d): out_channels=128, dim=0, amount=0.0
Done pruning (with mask) resblocks.2.convs2.2 (Conv1d)
Pruning (with mask) resblocks.3.convs1.0 (Conv1d): out_channels=64, dim=0, amount=0.0
Done pruning (with mask) resblocks.3.convs1.0 (Conv1d)
Pruning (with mask) resblocks.3.convs1.1 (Conv1d): out_channels=64, dim=0, amount=0.0
Done pruning (with mask) resblocks.3.convs1.1 (Conv1d)
Pruning (with mask) resblocks.3.convs1.2 (Conv1d): out_channels=64, dim=0, amount=0.0
Done pruning (with mask) resblocks.3.convs1.2 (Conv1d)
Pruning (with mask) resblocks.3.convs2.0 (Conv1d): out_channels=64, dim=0, amount=0.0
Done pruning (with mask) resblocks.3.convs2.0 (Conv1d)
Pruning (with mask) resblocks.3.convs2.1 (Conv1d): out_channels=64, dim=0, amount=0.0
Done pruning (with mask) resblocks.3.convs2.1 (Conv1d)
Pruning (with mask) resblocks.3.convs2.2 (Conv1d): out_channels=64, dim=0, amount=0.0
Done pruning (with mask) resblocks.3.convs2.2 (Conv1d)
Pruning (with mask) resblocks.4.convs1.0 (Conv1d): out_channels=64, dim=0, amount=0.0
Done pruning (with mask) resblocks.4.convs1.0 (Conv1d)
Pruning (with mask) resblocks.4.convs1.1 (Conv1d): out_channels=64, dim=0, amount=0.0
Done pruning (with mask) resblocks.4.convs1.1 (Conv1d)
Pruning (with mask) resblocks.4.convs1.2 (Conv1d): out_channels=64, dim=0, amount=0.0
Done pruning (with mask) resblocks.4.convs1.2 (Conv1d)
Pruning (with mask) resblocks.4.convs2.0 (Conv1d): out_channels=64, dim=0, amount=0.0
Done pruning (with mask) resblocks.4.convs2.0 (Conv1d)
Pruning (with mask) resblocks.4.convs2.1 (Conv1d): out_channels=64, dim=0, amount=0.0
Done pruning (with mask) resblocks.4.convs2.1 (Conv1d)
Pruning (with mask) resblocks.4.convs2.2 (Conv1d): out_channels=64, dim=0, amount=0.0
Done pruning (with mask) resblocks.4.convs2.2 (Conv1d)
Pruning (with mask) resblocks.5.convs1.0 (Conv1d): out_channels=64, dim=0, amount=0.0
Done pruning (with mask) resblocks.5.convs1.0 (Conv1d)
Pruning (with mask) resblocks.5.convs1.1 (Conv1d): out_channels=64, dim=0, amount=0.0
Done pruning (with mask) resblocks.5.convs1.1 (Conv1d)
Pruning (with mask) resblocks.5.convs1.2 (Conv1d): out_channels=64, dim=0, amount=0.0
Done pruning (with mask) resblocks.5.convs1.2 (Conv1d)
Pruning (with mask) resblocks.5.convs2.0 (Conv1d): out_channels=64, dim=0, amount=0.0
Done pruning (with mask) resblocks.5.convs2.0 (Conv1d)
Pruning (with mask) resblocks.5.convs2.1 (Conv1d): out_channels=64, dim=0, amount=0.0
Done pruning (with mask) resblocks.5.convs2.1 (Conv1d)
Pruning (with mask) resblocks.5.convs2.2 (Conv1d): out_channels=64, dim=0, amount=0.0
Done pruning (with mask) resblocks.5.convs2.2 (Conv1d)
Pruning (with mask) resblocks.6.convs1.0 (Conv1d): out_channels=32, dim=0, amount=0.0
Done pruning (with mask) resblocks.6.convs1.0 (Conv1d)
Pruning (with mask) resblocks.6.convs1.1 (Conv1d): out_channels=32, dim=0, amount=0.0
Done pruning (with mask) resblocks.6.convs1.1 (Conv1d)
Pruning (with mask) resblocks.6.convs1.2 (Conv1d): out_channels=32, dim=0, amount=0.0
Done pruning (with mask) resblocks.6.convs1.2 (Conv1d)
Pruning (with mask) resblocks.6.convs2.0 (Conv1d): out_channels=32, dim=0, amount=0.0
Done pruning (with mask) resblocks.6.convs2.0 (Conv1d)
Pruning (with mask) resblocks.6.convs2.1 (Conv1d): out_channels=32, dim=0, amount=0.0
Done pruning (with mask) resblocks.6.convs2.1 (Conv1d)
Pruning (with mask) resblocks.6.convs2.2 (Conv1d): out_channels=32, dim=0, amount=0.0
Done pruning (with mask) resblocks.6.convs2.2 (Conv1d)
Pruning (with mask) resblocks.7.convs1.0 (Conv1d): out_channels=32, dim=0, amount=0.0
Done pruning (with mask) resblocks.7.convs1.0 (Conv1d)
Pruning (with mask) resblocks.7.convs1.1 (Conv1d): out_channels=32, dim=0, amount=0.0
Done pruning (with mask) resblocks.7.convs1.1 (Conv1d)
Pruning (with mask) resblocks.7.convs1.2 (Conv1d): out_channels=32, dim=0, amount=0.0
Done pruning (with mask) resblocks.7.convs1.2 (Conv1d)
Pruning (with mask) resblocks.7.convs2.0 (Conv1d): out_channels=32, dim=0, amount=0.0
Done pruning (with mask) resblocks.7.convs2.0 (Conv1d)
Pruning (with mask) resblocks.7.convs2.1 (Conv1d): out_channels=32, dim=0, amount=0.0
Done pruning (with mask) resblocks.7.convs2.1 (Conv1d)
Pruning (with mask) resblocks.7.convs2.2 (Conv1d): out_channels=32, dim=0, amount=0.0
Done pruning (with mask) resblocks.7.convs2.2 (Conv1d)
Pruning (with mask) resblocks.8.convs1.0 (Conv1d): out_channels=32, dim=0, amount=0.0
Done pruning (with mask) resblocks.8.convs1.0 (Conv1d)
Pruning (with mask) resblocks.8.convs1.1 (Conv1d): out_channels=32, dim=0, amount=0.0
Done pruning (with mask) resblocks.8.convs1.1 (Conv1d)
Pruning (with mask) resblocks.8.convs1.2 (Conv1d): out_channels=32, dim=0, amount=0.0
Done pruning (with mask) resblocks.8.convs1.2 (Conv1d)
Pruning (with mask) resblocks.8.convs2.0 (Conv1d): out_channels=32, dim=0, amount=0.0
Done pruning (with mask) resblocks.8.convs2.0 (Conv1d)
Pruning (with mask) resblocks.8.convs2.1 (Conv1d): out_channels=32, dim=0, amount=0.0
Done pruning (with mask) resblocks.8.convs2.1 (Conv1d)
Pruning (with mask) resblocks.8.convs2.2 (Conv1d): out_channels=32, dim=0, amount=0.0
Done pruning (with mask) resblocks.8.convs2.2 (Conv1d)
Pruning (with mask) resblocks.9.convs1.0 (Conv1d): out_channels=16, dim=0, amount=0.0
Done pruning (with mask) resblocks.9.convs1.0 (Conv1d)
Pruning (with mask) resblocks.9.convs1.1 (Conv1d): out_channels=16, dim=0, amount=0.0
Done pruning (with mask) resblocks.9.convs1.1 (Conv1d)
Pruning (with mask) resblocks.9.convs1.2 (Conv1d): out_channels=16, dim=0, amount=0.0
Done pruning (with mask) resblocks.9.convs1.2 (Conv1d)
Pruning (with mask) resblocks.9.convs2.0 (Conv1d): out_channels=16, dim=0, amount=0.0
Done pruning (with mask) resblocks.9.convs2.0 (Conv1d)
Pruning (with mask) resblocks.9.convs2.1 (Conv1d): out_channels=16, dim=0, amount=0.0
Done pruning (with mask) resblocks.9.convs2.1 (Conv1d)
Pruning (with mask) resblocks.9.convs2.2 (Conv1d): out_channels=16, dim=0, amount=0.0
Done pruning (with mask) resblocks.9.convs2.2 (Conv1d)
Pruning (with mask) resblocks.10.convs1.0 (Conv1d): out_channels=16, dim=0, amount=0.0
Done pruning (with mask) resblocks.10.convs1.0 (Conv1d)
Pruning (with mask) resblocks.10.convs1.1 (Conv1d): out_channels=16, dim=0, amount=0.0
Done pruning (with mask) resblocks.10.convs1.1 (Conv1d)
Pruning (with mask) resblocks.10.convs1.2 (Conv1d): out_channels=16, dim=0, amount=0.0
Done pruning (with mask) resblocks.10.convs1.2 (Conv1d)
Pruning (with mask) resblocks.10.convs2.0 (Conv1d): out_channels=16, dim=0, amount=0.0
Done pruning (with mask) resblocks.10.convs2.0 (Conv1d)
Pruning (with mask) resblocks.10.convs2.1 (Conv1d): out_channels=16, dim=0, amount=0.0
Done pruning (with mask) resblocks.10.convs2.1 (Conv1d)
Pruning (with mask) resblocks.10.convs2.2 (Conv1d): out_channels=16, dim=0, amount=0.0
Done pruning (with mask) resblocks.10.convs2.2 (Conv1d)
Pruning (with mask) resblocks.11.convs1.0 (Conv1d): out_channels=16, dim=0, amount=0.0
Done pruning (with mask) resblocks.11.convs1.0 (Conv1d)
Pruning (with mask) resblocks.11.convs1.1 (Conv1d): out_channels=16, dim=0, amount=0.0
Done pruning (with mask) resblocks.11.convs1.1 (Conv1d)
Pruning (with mask) resblocks.11.convs1.2 (Conv1d): out_channels=16, dim=0, amount=0.0
Done pruning (with mask) resblocks.11.convs1.2 (Conv1d)
Pruning (with mask) resblocks.11.convs2.0 (Conv1d): out_channels=16, dim=0, amount=0.0
Done pruning (with mask) resblocks.11.convs2.0 (Conv1d)
Pruning (with mask) resblocks.11.convs2.1 (Conv1d): out_channels=16, dim=0, amount=0.0
Done pruning (with mask) resblocks.11.convs2.1 (Conv1d)
Pruning (with mask) resblocks.11.convs2.2 (Conv1d): out_channels=16, dim=0, amount=0.0
Done pruning (with mask) resblocks.11.convs2.2 (Conv1d)
Removing pruning masks from masked checkpoint before inference...
Removed pruning masks from 72 modules
Removing weight norm...
Calibrating static quantization using 50 samples...
INT8 quantization scope: resblocks_range
Quantizing residual blocks 3..8; all other layers stay FP32.
Checking quantized modules after static quantization:
Quantized module: resblocks.3.convs1.0 (torch.ao.nn.quantized.modules.conv.Conv1d)
Quantized module: resblocks.3.convs1.1 (torch.ao.nn.quantized.modules.conv.Conv1d)
Quantized module: resblocks.3.convs1.2 (torch.ao.nn.quantized.modules.conv.Conv1d)
Quantized module: resblocks.3.convs2.0 (torch.ao.nn.quantized.modules.conv.Conv1d)
Quantized module: resblocks.3.convs2.1 (torch.ao.nn.quantized.modules.conv.Conv1d)
Quantized module: resblocks.3.convs2.2 (torch.ao.nn.quantized.modules.conv.Conv1d)
Quantized module: resblocks.4.convs1.0 (torch.ao.nn.quantized.modules.conv.Conv1d)
Quantized module: resblocks.4.convs1.1 (torch.ao.nn.quantized.modules.conv.Conv1d)
Quantized module: resblocks.4.convs1.2 (torch.ao.nn.quantized.modules.conv.Conv1d)
Quantized module: resblocks.4.convs2.0 (torch.ao.nn.quantized.modules.conv.Conv1d)
Quantized module: resblocks.4.convs2.1 (torch.ao.nn.quantized.modules.conv.Conv1d)
Quantized module: resblocks.4.convs2.2 (torch.ao.nn.quantized.modules.conv.Conv1d)
Quantized module: resblocks.5.convs1.0 (torch.ao.nn.quantized.modules.conv.Conv1d)
Quantized module: resblocks.5.convs1.1 (torch.ao.nn.quantized.modules.conv.Conv1d)
Quantized module: resblocks.5.convs1.2 (torch.ao.nn.quantized.modules.conv.Conv1d)
Quantized module: resblocks.5.convs2.0 (torch.ao.nn.quantized.modules.conv.Conv1d)
Quantized module: resblocks.5.convs2.1 (torch.ao.nn.quantized.modules.conv.Conv1d)
Quantized module: resblocks.5.convs2.2 (torch.ao.nn.quantized.modules.conv.Conv1d)
Quantized module: resblocks.6.convs1.0 (torch.ao.nn.quantized.modules.conv.Conv1d)
Quantized module: resblocks.6.convs1.1 (torch.ao.nn.quantized.modules.conv.Conv1d)
Quantized module: resblocks.6.convs1.2 (torch.ao.nn.quantized.modules.conv.Conv1d)
Quantized module: resblocks.6.convs2.0 (torch.ao.nn.quantized.modules.conv.Conv1d)
Quantized module: resblocks.6.convs2.1 (torch.ao.nn.quantized.modules.conv.Conv1d)
Quantized module: resblocks.6.convs2.2 (torch.ao.nn.quantized.modules.conv.Conv1d)
Quantized module: resblocks.7.convs1.0 (torch.ao.nn.quantized.modules.conv.Conv1d)
Quantized module: resblocks.7.convs1.1 (torch.ao.nn.quantized.modules.conv.Conv1d)
Quantized module: resblocks.7.convs1.2 (torch.ao.nn.quantized.modules.conv.Conv1d)
Quantized module: resblocks.7.convs2.0 (torch.ao.nn.quantized.modules.conv.Conv1d)
Quantized module: resblocks.7.convs2.1 (torch.ao.nn.quantized.modules.conv.Conv1d)
Quantized module: resblocks.7.convs2.2 (torch.ao.nn.quantized.modules.conv.Conv1d)
Quantized module: resblocks.8.convs1.0 (torch.ao.nn.quantized.modules.conv.Conv1d)
Quantized module: resblocks.8.convs1.1 (torch.ao.nn.quantized.modules.conv.Conv1d)
Quantized module: resblocks.8.convs1.2 (torch.ao.nn.quantized.modules.conv.Conv1d)
Quantized module: resblocks.8.convs2.0 (torch.ao.nn.quantized.modules.conv.Conv1d)
Quantized module: resblocks.8.convs2.1 (torch.ao.nn.quantized.modules.conv.Conv1d)
Quantized module: resblocks.8.convs2.2 (torch.ao.nn.quantized.modules.conv.Conv1d)
Saving checkpoint to /home/hpc/vlbi/vlbi107v/hifi-gan/cp_hifigan/v1_c256_ft30/compressed_checkpoint_int8
Complete.
Saved compressed checkpoint: /home/hpc/vlbi/vlbi107v/hifi-gan/cp_hifigan/v1_c256_ft30/compressed_checkpoint_int8 (11.861 MB)
Compressed checkpoint parameters: 3,555,793
Loaded checkpoint: /home/hpc/vlbi/vlbi107v/hifi-gan/cp_hifigan/v1_c256_ft30/g_00265000 (24.098 MB)
Generator parameters: 3,555,793
generated_audios/generated_H4_256C_pruned30_int8/1089-134686-0000_generated.wav | RTF: 0.0576(0.601s / 10.435s) | Generator RTF: 0.0573(0.597s / 10.435s)
generated_audios/generated_H4_256C_pruned30_int8/1089-134686-0001_generated.wav | RTF: 0.0586(0.192s / 3.275s) | Generator RTF: 0.0577(0.189s / 3.275s)
generated_audios/generated_H4_256C_pruned30_int8/1089-134686-0002_generated.wav | RTF: 0.0569(0.377s / 6.625s) | Generator RTF: 0.0564(0.373s / 6.625s)
generated_audios/generated_H4_256C_pruned30_int8/1089-134686-0003_generated.wav | RTF: 0.0589(0.158s / 2.680s) | Generator RTF: 0.0577(0.155s / 2.680s)
generated_audios/generated_H4_256C_pruned30_int8/1089-134686-0004_generated.wav | RTF: 0.0565(0.295s / 5.215s) | Generator RTF: 0.0559(0.291s / 5.215s)
generated_audios/generated_H4_256C_pruned30_int8/1089-134686-0005_generated.wav | RTF: 0.0584(0.563s / 9.635s) | Generator RTF: 0.0580(0.559s / 9.635s)
generated_audios/generated_H4_256C_pruned30_int8/1089-134686-0006_generated.wav | RTF: 0.0584(0.617s / 10.555s) | Generator RTF: 0.0580(0.612s / 10.555s)
generated_audios/generated_H4_256C_pruned30_int8/1089-134686-0007_generated.wav | RTF: 0.0581(0.249s / 4.275s) | Generator RTF: 0.0576(0.246s / 4.275s)
generated_audios/generated_H4_256C_pruned30_int8/1089-134686-0008_generated.wav | RTF: 0.0576(0.387s / 6.730s) | Generator RTF: 0.0570(0.384s / 6.730s)
generated_audios/generated_H4_256C_pruned30_int8/1089-134686-0009_generated.wav | RTF: 0.0585(0.619s / 10.575s) | Generator RTF: 0.0581(0.615s / 10.575s)
generated_audios/generated_H4_256C_pruned30_int8/1089-134686-0010_generated.wav | RTF: 0.0584(0.257s / 4.405s) | Generator RTF: 0.0576(0.254s / 4.405s)
generated_audios/generated_H4_256C_pruned30_int8/1089-134686-0011_generated.wav | RTF: 0.0620(0.772s / 12.445s) | Generator RTF: 0.0616(0.767s / 12.445s)
generated_audios/generated_H4_256C_pruned30_int8/1089-134686-0012_generated.wav | RTF: 0.0574(0.669s / 11.640s) | Generator RTF: 0.0570(0.664s / 11.640s)
generated_audios/generated_H4_256C_pruned30_int8/1089-134686-0013_generated.wav | RTF: 0.0575(0.455s / 7.915s) | Generator RTF: 0.0570(0.451s / 7.915s)
generated_audios/generated_H4_256C_pruned30_int8/1089-134686-0014_generated.wav | RTF: 0.0597(0.133s / 2.225s) | Generator RTF: 0.0588(0.131s / 2.225s)
generated_audios/generated_H4_256C_pruned30_int8/1089-134686-0015_generated.wav | RTF: 0.0575(0.335s / 5.815s) | Generator RTF: 0.0569(0.331s / 5.815s)
generated_audios/generated_H4_256C_pruned30_int8/1089-134686-0016_generated.wav | RTF: 0.0580(0.205s / 3.540s) | Generator RTF: 0.0570(0.202s / 3.540s)
generated_audios/generated_H4_256C_pruned30_int8/1089-134686-0017_generated.wav | RTF: 0.0562(0.499s / 8.870s) | Generator RTF: 0.0558(0.495s / 8.870s)
generated_audios/generated_H4_256C_pruned30_int8/1089-134686-0018_generated.wav | RTF: 0.0620(0.975s / 15.720s) | Generator RTF: 0.0617(0.970s / 15.720s)
generated_audios/generated_H4_256C_pruned30_int8/1089-134686-0019_generated.wav | RTF: 0.0601(0.835s / 13.895s) | Generator RTF: 0.0598(0.831s / 13.895s)
generated_audios/generated_H4_256C_pruned30_int8/1089-134686-0020_generated.wav | RTF: 0.0633(1.063s / 16.790s) | Generator RTF: 0.0630(1.058s / 16.790s)
generated_audios/generated_H4_256C_pruned30_int8/1089-134686-0021_generated.wav | RTF: 0.0596(0.391s / 6.550s) | Generator RTF: 0.0591(0.387s / 6.550s)
generated_audios/generated_H4_256C_pruned30_int8/1089-134686-0022_generated.wav | RTF: 0.0583(0.652s / 11.175s) | Generator RTF: 0.0580(0.648s / 11.175s)
generated_audios/generated_H4_256C_pruned30_int8/1089-134686-0023_generated.wav | RTF: 0.0590(0.783s / 13.275s) | Generator RTF: 0.0586(0.778s / 13.275s)
generated_audios/generated_H4_256C_pruned30_int8/1089-134686-0024_generated.wav | RTF: 0.0580(0.676s / 11.655s) | Generator RTF: 0.0576(0.671s / 11.655s)
generated_audios/generated_H4_256C_pruned30_int8/1089-134686-0025_generated.wav | RTF: 0.0580(0.383s / 6.610s) | Generator RTF: 0.0574(0.380s / 6.610s)
generated_audios/generated_H4_256C_pruned30_int8/1089-134686-0026_generated.wav | RTF: 0.0602(0.241s / 4.010s) | Generator RTF: 0.0594(0.238s / 4.010s)
generated_audios/generated_H4_256C_pruned30_int8/1089-134686-0027_generated.wav | RTF: 0.0587(0.159s / 2.710s) | Generator RTF: 0.0575(0.156s / 2.710s)
generated_audios/generated_H4_256C_pruned30_int8/1089-134686-0028_generated.wav | RTF: 0.0575(0.450s / 7.830s) | Generator RTF: 0.0570(0.446s / 7.830s)
generated_audios/generated_H4_256C_pruned30_int8/1089-134686-0029_generated.wav | RTF: 0.0562(0.263s / 4.670s) | Generator RTF: 0.0554(0.259s / 4.670s)
generated_audios/generated_H4_256C_pruned30_int8/1089-134686-0030_generated.wav | RTF: 0.0511(0.139s / 2.715s) | Generator RTF: 0.0500(0.136s / 2.715s)
generated_audios/generated_H4_256C_pruned30_int8/1089-134686-0031_generated.wav | RTF: 0.0530(0.350s / 6.615s) | Generator RTF: 0.0524(0.346s / 6.615s)
generated_audios/generated_H4_256C_pruned30_int8/121-121726-0000_generated.wav | RTF: 0.0569(0.481s / 8.460s) | Generator RTF: 0.0565(0.478s / 8.460s)
generated_audios/generated_H4_256C_pruned30_int8/121-121726-0001_generated.wav | RTF: 0.0569(0.337s / 5.925s) | Generator RTF: 0.0563(0.333s / 5.925s)
generated_audios/generated_H4_256C_pruned30_int8/121-121726-0002_generated.wav | RTF: 0.0513(0.226s / 4.410s) | Generator RTF: 0.0505(0.223s / 4.410s)
generated_audios/generated_H4_256C_pruned30_int8/121-121726-0003_generated.wav | RTF: 0.0571(0.385s / 6.755s) | Generator RTF: 0.0565(0.382s / 6.755s)
generated_audios/generated_H4_256C_pruned30_int8/121-121726-0004_generated.wav | RTF: 0.0558(0.224s / 4.020s) | Generator RTF: 0.0550(0.221s / 4.020s)
generated_audios/generated_H4_256C_pruned30_int8/121-121726-0005_generated.wav | RTF: 0.0578(0.179s / 3.100s) | Generator RTF: 0.0568(0.176s / 3.100s)
generated_audios/generated_H4_256C_pruned30_int8/121-121726-0006_generated.wav | RTF: 0.0554(0.216s / 3.895s) | Generator RTF: 0.0545(0.212s / 3.895s)
generated_audios/generated_H4_256C_pruned30_int8/121-121726-0007_generated.wav | RTF: 0.0568(0.382s / 6.730s) | Generator RTF: 0.0563(0.379s / 6.730s)
generated_audios/generated_H4_256C_pruned30_int8/121-121726-0008_generated.wav | RTF: 0.0574(0.286s / 4.990s) | Generator RTF: 0.0566(0.283s / 4.990s)
generated_audios/generated_H4_256C_pruned30_int8/121-121726-0009_generated.wav | RTF: 0.0568(0.412s / 7.260s) | Generator RTF: 0.0563(0.409s / 7.260s)
generated_audios/generated_H4_256C_pruned30_int8/121-121726-0010_generated.wav | RTF: 0.0567(0.556s / 9.810s) | Generator RTF: 0.0563(0.552s / 9.810s)
generated_audios/generated_H4_256C_pruned30_int8/121-121726-0011_generated.wav | RTF: 0.0562(0.227s / 4.035s) | Generator RTF: 0.0554(0.224s / 4.035s)
generated_audios/generated_H4_256C_pruned30_int8/121-121726-0012_generated.wav | RTF: 0.0571(0.231s / 4.045s) | Generator RTF: 0.0563(0.228s / 4.045s)
generated_audios/generated_H4_256C_pruned30_int8/121-121726-0013_generated.wav | RTF: 0.0594(0.148s / 2.490s) | Generator RTF: 0.0581(0.145s / 2.490s)
generated_audios/generated_H4_256C_pruned30_int8/121-121726-0014_generated.wav | RTF: 0.0573(0.181s / 3.165s) | Generator RTF: 0.0563(0.178s / 3.165s)
generated_audios/generated_H4_256C_pruned30_int8/121-123852-0000_generated.wav | RTF: 0.0645(1.141s / 17.695s) | Generator RTF: 0.0642(1.136s / 17.695s)
generated_audios/generated_H4_256C_pruned30_int8/121-123852-0001_generated.wav | RTF: 0.0605(0.113s / 1.870s) | Generator RTF: 0.0587(0.110s / 1.870s)
generated_audios/generated_H4_256C_pruned30_int8/121-123852-0002_generated.wav | RTF: 0.0648(1.121s / 17.285s) | Generator RTF: 0.0645(1.116s / 17.285s)
generated_audios/generated_H4_256C_pruned30_int8/121-123852-0003_generated.wav | RTF: 0.2935(6.898s / 23.505s) | Generator RTF: 0.2932(6.892s / 23.505s)
generated_audios/generated_H4_256C_pruned30_int8/121-123852-0004_generated.wav | RTF: 0.2858(4.656s / 16.290s) | Generator RTF: 0.2855(4.651s / 16.290s)
generated_audios/generated_H4_256C_pruned30_int8/121-123859-0000_generated.wav | RTF: 0.2846(4.948s / 17.390s) | Generator RTF: 0.2843(4.945s / 17.390s)
generated_audios/generated_H4_256C_pruned30_int8/121-123859-0001_generated.wav | RTF: 0.3165(8.038s / 25.395s) | Generator RTF: 0.3163(8.031s / 25.395s)
generated_audios/generated_H4_256C_pruned30_int8/121-123859-0002_generated.wav | RTF: 0.3112(9.349s / 30.040s) | Generator RTF: 0.3110(9.343s / 30.040s)
generated_audios/generated_H4_256C_pruned30_int8/121-123859-0003_generated.wav | RTF: 0.2536(2.746s / 10.825s) | Generator RTF: 0.2533(2.742s / 10.825s)
generated_audios/generated_H4_256C_pruned30_int8/121-123859-0004_generated.wav | RTF: 0.2520(2.395s / 9.505s) | Generator RTF: 0.2516(2.391s / 9.505s)
generated_audios/generated_H4_256C_pruned30_int8/121-127105-0000_generated.wav | RTF: 0.2583(2.550s / 9.875s) | Generator RTF: 0.2578(2.546s / 9.875s)
generated_audios/generated_H4_256C_pruned30_int8/121-127105-0001_generated.wav | RTF: 0.2472(1.242s / 5.025s) | Generator RTF: 0.2465(1.239s / 5.025s)
generated_audios/generated_H4_256C_pruned30_int8/121-127105-0002_generated.wav | RTF: 0.2559(1.918s / 7.495s) | Generator RTF: 0.2555(1.915s / 7.495s)
generated_audios/generated_H4_256C_pruned30_int8/121-127105-0003_generated.wav | RTF: 0.2527(1.952s / 7.725s) | Generator RTF: 0.2522(1.948s / 7.725s)
generated_audios/generated_H4_256C_pruned30_int8/121-127105-0004_generated.wav | RTF: 0.2620(0.553s / 2.110s) | Generator RTF: 0.2604(0.549s / 2.110s)
generated_audios/generated_H4_256C_pruned30_int8/121-127105-0005_generated.wav | RTF: 0.2463(1.434s / 5.820s) | Generator RTF: 0.2457(1.430s / 5.820s)
generated_audios/generated_H4_256C_pruned30_int8/121-127105-0006_generated.wav | RTF: 0.2489(1.176s / 4.725s) | Generator RTF: 0.2481(1.172s / 4.725s)
generated_audios/generated_H4_256C_pruned30_int8/121-127105-0007_generated.wav | RTF: 0.2464(1.427s / 5.790s) | Generator RTF: 0.2457(1.423s / 5.790s)
generated_audios/generated_H4_256C_pruned30_int8/121-127105-0008_generated.wav | RTF: 0.2438(0.673s / 2.760s) | Generator RTF: 0.2425(0.669s / 2.760s)
generated_audios/generated_H4_256C_pruned30_int8/121-127105-0009_generated.wav | RTF: 0.2501(0.573s / 2.290s) | Generator RTF: 0.2487(0.569s / 2.290s)
generated_audios/generated_H4_256C_pruned30_int8/121-127105-0010_generated.wav | RTF: 0.2526(0.720s / 2.850s) | Generator RTF: 0.2513(0.716s / 2.850s)
generated_audios/generated_H4_256C_pruned30_int8/121-127105-0011_generated.wav | RTF: 0.2527(1.461s / 5.780s) | Generator RTF: 0.2520(1.457s / 5.780s)
generated_audios/generated_H4_256C_pruned30_int8/121-127105-0012_generated.wav | RTF: 0.2531(1.223s / 4.830s) | Generator RTF: 0.2524(1.219s / 4.830s)
generated_audios/generated_H4_256C_pruned30_int8/121-127105-0013_generated.wav | RTF: 0.2634(1.553s / 5.895s) | Generator RTF: 0.2628(1.549s / 5.895s)
generated_audios/generated_H4_256C_pruned30_int8/121-127105-0014_generated.wav | RTF: 0.2520(0.568s / 2.255s) | Generator RTF: 0.2506(0.565s / 2.255s)
generated_audios/generated_H4_256C_pruned30_int8/121-127105-0015_generated.wav | RTF: 0.2491(0.737s / 2.960s) | Generator RTF: 0.2480(0.734s / 2.960s)
generated_audios/generated_H4_256C_pruned30_int8/121-127105-0016_generated.wav | RTF: 0.2417(0.491s / 2.030s) | Generator RTF: 0.2402(0.488s / 2.030s)
generated_audios/generated_H4_256C_pruned30_int8/121-127105-0017_generated.wav | RTF: 0.2508(0.676s / 2.695s) | Generator RTF: 0.2496(0.673s / 2.695s)
generated_audios/generated_H4_256C_pruned30_int8/121-127105-0018_generated.wav | RTF: 0.2512(0.696s / 2.770s) | Generator RTF: 0.2500(0.693s / 2.770s)
generated_audios/generated_H4_256C_pruned30_int8/121-127105-0019_generated.wav | RTF: 0.2416(0.852s / 3.525s) | Generator RTF: 0.2407(0.849s / 3.525s)
generated_audios/generated_H4_256C_pruned30_int8/121-127105-0020_generated.wav | RTF: 0.2782(3.994s / 14.355s) | Generator RTF: 0.2779(3.989s / 14.355s)
generated_audios/generated_H4_256C_pruned30_int8/121-127105-0021_generated.wav | RTF: 0.2552(0.510s / 2.000s) | Generator RTF: 0.2535(0.507s / 2.000s)
generated_audios/generated_H4_256C_pruned30_int8/121-127105-0022_generated.wav | RTF: 0.2478(1.258s / 5.075s) | Generator RTF: 0.2471(1.254s / 5.075s)
generated_audios/generated_H4_256C_pruned30_int8/121-127105-0023_generated.wav | RTF: 0.2550(2.782s / 10.910s) | Generator RTF: 0.2546(2.778s / 10.910s)
generated_audios/generated_H4_256C_pruned30_int8/121-127105-0024_generated.wav | RTF: 0.2790(4.032s / 14.450s) | Generator RTF: 0.2787(4.027s / 14.450s)
generated_audios/generated_H4_256C_pruned30_int8/121-127105-0025_generated.wav | RTF: 0.2861(4.597s / 16.065s) | Generator RTF: 0.2858(4.592s / 16.065s)
generated_audios/generated_H4_256C_pruned30_int8/121-127105-0026_generated.wav | RTF: 0.2523(1.900s / 7.530s) | Generator RTF: 0.2519(1.897s / 7.530s)
generated_audios/generated_H4_256C_pruned30_int8/121-127105-0027_generated.wav | RTF: 0.2778(3.854s / 13.870s) | Generator RTF: 0.2775(3.849s / 13.870s)
generated_audios/generated_H4_256C_pruned30_int8/121-127105-0028_generated.wav | RTF: 0.0592(0.399s / 6.750s) | Generator RTF: 0.0586(0.395s / 6.750s)
generated_audios/generated_H4_256C_pruned30_int8/121-127105-0029_generated.wav | RTF: 0.2539(1.856s / 7.310s) | Generator RTF: 0.2534(1.852s / 7.310s)
generated_audios/generated_H4_256C_pruned30_int8/121-127105-0030_generated.wav | RTF: 0.2584(0.562s / 2.175s) | Generator RTF: 0.2569(0.559s / 2.175s)
generated_audios/generated_H4_256C_pruned30_int8/121-127105-0031_generated.wav | RTF: 0.2561(2.757s / 10.765s) | Generator RTF: 0.2558(2.753s / 10.765s)
generated_audios/generated_H4_256C_pruned30_int8/121-127105-0032_generated.wav | RTF: 0.2461(0.780s / 3.170s) | Generator RTF: 0.2450(0.777s / 3.170s)
generated_audios/generated_H4_256C_pruned30_int8/121-127105-0033_generated.wav | RTF: 0.2576(0.607s / 2.355s) | Generator RTF: 0.2563(0.604s / 2.355s)
generated_audios/generated_H4_256C_pruned30_int8/121-127105-0034_generated.wav | RTF: 0.2523(1.869s / 7.410s) | Generator RTF: 0.2518(1.866s / 7.410s)
generated_audios/generated_H4_256C_pruned30_int8/121-127105-0035_generated.wav | RTF: 0.2787(3.944s / 14.150s) | Generator RTF: 0.2784(3.940s / 14.150s)
generated_audios/generated_H4_256C_pruned30_int8/121-127105-0036_generated.wav | RTF: 0.2459(1.021s / 4.150s) | Generator RTF: 0.2450(1.017s / 4.150s)
generated_audios/generated_H4_256C_pruned30_int8/237-126133-0000_generated.wav | RTF: 0.2832(3.764s / 13.290s) | Generator RTF: 0.2829(3.759s / 13.290s)
generated_audios/generated_H4_256C_pruned30_int8/237-126133-0001_generated.wav | RTF: 0.2793(3.342s / 11.965s) | Generator RTF: 0.2790(3.338s / 11.965s)
generated_audios/generated_H4_256C_pruned30_int8/237-126133-0002_generated.wav | RTF: 0.2581(2.302s / 8.920s) | Generator RTF: 0.2577(2.298s / 8.920s)
generated_audios/generated_H4_256C_pruned30_int8/237-126133-0003_generated.wav | RTF: 0.2497(1.638s / 6.560s) | Generator RTF: 0.2492(1.635s / 6.560s)
generated_audios/generated_H4_256C_pruned30_int8/237-126133-0004_generated.wav | RTF: 0.2508(0.826s / 3.295s) | Generator RTF: 0.2498(0.823s / 3.295s)
generated_audios/generated_H4_256C_pruned30_int8/237-126133-0005_generated.wav | RTF: 0.2545(1.657s / 6.510s) | Generator RTF: 0.2540(1.653s / 6.510s)
generated_audios/generated_H4_256C_pruned30_int8/237-126133-0006_generated.wav | RTF: 0.2515(1.547s / 6.150s) | Generator RTF: 0.2509(1.543s / 6.150s)
generated_audios/generated_H4_256C_pruned30_int8/237-126133-0007_generated.wav | RTF: 0.2699(2.343s / 8.680s) | Generator RTF: 0.2694(2.339s / 8.680s)
generated_audios/generated_H4_256C_pruned30_int8/237-126133-0008_generated.wav | RTF: 0.2514(0.972s / 3.865s) | Generator RTF: 0.2506(0.968s / 3.865s)
generated_audios/generated_H4_256C_pruned30_int8/237-126133-0009_generated.wav | RTF: 0.2514(0.998s / 3.970s) | Generator RTF: 0.2505(0.995s / 3.970s)
generated_audios/generated_H4_256C_pruned30_int8/237-126133-0010_generated.wav | RTF: 0.2484(1.550s / 6.240s) | Generator RTF: 0.2479(1.547s / 6.240s)
generated_audios/generated_H4_256C_pruned30_int8/237-126133-0011_generated.wav | RTF: 0.2490(1.671s / 6.710s) | Generator RTF: 0.2484(1.667s / 6.710s)
generated_audios/generated_H4_256C_pruned30_int8/237-126133-0012_generated.wav | RTF: 0.2496(1.111s / 4.450s) | Generator RTF: 0.2488(1.107s / 4.450s)
generated_audios/generated_H4_256C_pruned30_int8/237-126133-0013_generated.wav | RTF: 0.2506(1.708s / 6.815s) | Generator RTF: 0.2501(1.704s / 6.815s)
generated_audios/generated_H4_256C_pruned30_int8/237-126133-0014_generated.wav | RTF: 0.2538(1.723s / 6.790s) | Generator RTF: 0.2533(1.720s / 6.790s)
generated_audios/generated_H4_256C_pruned30_int8/237-126133-0015_generated.wav | RTF: 0.2525(2.358s / 9.340s) | Generator RTF: 0.2520(2.354s / 9.340s)
generated_audios/generated_H4_256C_pruned30_int8/237-126133-0016_generated.wav | RTF: 0.2461(1.046s / 4.250s) | Generator RTF: 0.2452(1.042s / 4.250s)
generated_audios/generated_H4_256C_pruned30_int8/237-126133-0017_generated.wav | RTF: 0.2495(1.549s / 6.210s) | Generator RTF: 0.2489(1.546s / 6.210s)
generated_audios/generated_H4_256C_pruned30_int8/237-126133-0018_generated.wav | RTF: 0.2542(1.041s / 4.095s) | Generator RTF: 0.2533(1.037s / 4.095s)
generated_audios/generated_H4_256C_pruned30_int8/237-126133-0019_generated.wav | RTF: 0.2555(1.819s / 7.120s) | Generator RTF: 0.2550(1.816s / 7.120s)
generated_audios/generated_H4_256C_pruned30_int8/237-126133-0020_generated.wav | RTF: 0.2504(0.561s / 2.240s) | Generator RTF: 0.2490(0.558s / 2.240s)
generated_audios/generated_H4_256C_pruned30_int8/237-126133-0021_generated.wav | RTF: 0.2422(1.057s / 4.365s) | Generator RTF: 0.2414(1.054s / 4.365s)
generated_audios/generated_H4_256C_pruned30_int8/237-126133-0022_generated.wav | RTF: 0.2530(1.275s / 5.040s) | Generator RTF: 0.2523(1.272s / 5.040s)
generated_audios/generated_H4_256C_pruned30_int8/237-126133-0023_generated.wav | RTF: 0.2534(1.692s / 6.675s) | Generator RTF: 0.2528(1.688s / 6.675s)
generated_audios/generated_H4_256C_pruned30_int8/237-126133-0024_generated.wav | RTF: 0.2628(2.540s / 9.665s) | Generator RTF: 0.2624(2.536s / 9.665s)
generated_audios/generated_H4_256C_pruned30_int8/237-126133-0025_generated.wav | RTF: 0.2547(0.956s / 3.755s) | Generator RTF: 0.2538(0.953s / 3.755s)
generated_audios/generated_H4_256C_pruned30_int8/237-134493-0000_generated.wav | RTF: 0.2539(1.042s / 4.105s) | Generator RTF: 0.2531(1.039s / 4.105s)
generated_audios/generated_H4_256C_pruned30_int8/237-134493-0001_generated.wav | RTF: 0.2568(1.895s / 7.380s) | Generator RTF: 0.2563(1.892s / 7.380s)
generated_audios/generated_H4_256C_pruned30_int8/237-134493-0002_generated.wav | RTF: 0.2568(2.926s / 11.395s) | Generator RTF: 0.2564(2.921s / 11.395s)
generated_audios/generated_H4_256C_pruned30_int8/237-134493-0003_generated.wav | RTF: 0.2861(3.652s / 12.765s) | Generator RTF: 0.2858(3.648s / 12.765s)
generated_audios/generated_H4_256C_pruned30_int8/237-134493-0004_generated.wav | RTF: 0.2515(1.716s / 6.825s) | Generator RTF: 0.2511(1.714s / 6.825s)
generated_audios/generated_H4_256C_pruned30_int8/237-134493-0005_generated.wav | RTF: 0.2546(2.787s / 10.945s) | Generator RTF: 0.2542(2.783s / 10.945s)
generated_audios/generated_H4_256C_pruned30_int8/237-134493-0006_generated.wav | RTF: 0.2492(1.095s / 4.395s) | Generator RTF: 0.2485(1.092s / 4.395s)
generated_audios/generated_H4_256C_pruned30_int8/237-134493-0007_generated.wav | RTF: 0.2584(0.526s / 2.035s) | Generator RTF: 0.2568(0.523s / 2.035s)
generated_audios/generated_H4_256C_pruned30_int8/237-134493-0008_generated.wav | RTF: 0.2462(0.567s / 2.305s) | Generator RTF: 0.2448(0.564s / 2.305s)
generated_audios/generated_H4_256C_pruned30_int8/237-134493-0009_generated.wav | RTF: 0.2592(0.771s / 2.975s) | Generator RTF: 0.2581(0.768s / 2.975s)
generated_audios/generated_H4_256C_pruned30_int8/237-134493-0010_generated.wav | RTF: 0.2477(0.712s / 2.875s) | Generator RTF: 0.2465(0.709s / 2.875s)
generated_audios/generated_H4_256C_pruned30_int8/237-134493-0011_generated.wav | RTF: 0.2546(1.282s / 5.035s) | Generator RTF: 0.2539(1.278s / 5.035s)
generated_audios/generated_H4_256C_pruned30_int8/237-134493-0012_generated.wav | RTF: 0.2473(0.905s / 3.660s) | Generator RTF: 0.2463(0.901s / 3.660s)
generated_audios/generated_H4_256C_pruned30_int8/237-134493-0013_generated.wav | RTF: 0.0582(0.238s / 4.090s) | Generator RTF: 0.0574(0.235s / 4.090s)
generated_audios/generated_H4_256C_pruned30_int8/237-134493-0014_generated.wav | RTF: 0.2466(0.913s / 3.700s) | Generator RTF: 0.2457(0.909s / 3.700s)
generated_audios/generated_H4_256C_pruned30_int8/237-134493-0015_generated.wav | RTF: 0.0576(0.377s / 6.550s) | Generator RTF: 0.0571(0.374s / 6.550s)
generated_audios/generated_H4_256C_pruned30_int8/237-134493-0016_generated.wav | RTF: 0.2587(2.609s / 10.085s) | Generator RTF: 0.2583(2.605s / 10.085s)
generated_audios/generated_H4_256C_pruned30_int8/237-134493-0017_generated.wav | RTF: 0.2603(2.370s / 9.105s) | Generator RTF: 0.2599(2.367s / 9.105s)
generated_audios/generated_H4_256C_pruned30_int8/237-134493-0018_generated.wav | RTF: 0.2521(1.208s / 4.790s) | Generator RTF: 0.2514(1.204s / 4.790s)
generated_audios/generated_H4_256C_pruned30_int8/237-134500-0000_generated.wav | RTF: 0.2543(1.559s / 6.130s) | Generator RTF: 0.2537(1.555s / 6.130s)
generated_audios/generated_H4_256C_pruned30_int8/237-134500-0001_generated.wav | RTF: 0.2585(0.468s / 1.810s) | Generator RTF: 0.2567(0.465s / 1.810s)
generated_audios/generated_H4_256C_pruned30_int8/237-134500-0002_generated.wav | RTF: 0.2500(1.267s / 5.070s) | Generator RTF: 0.2493(1.264s / 5.070s)
generated_audios/generated_H4_256C_pruned30_int8/237-134500-0003_generated.wav | RTF: 0.0604(0.191s / 3.170s) | Generator RTF: 0.0593(0.188s / 3.170s)
generated_audios/generated_H4_256C_pruned30_int8/237-134500-0004_generated.wav | RTF: 0.0607(0.135s / 2.225s) | Generator RTF: 0.0593(0.132s / 2.225s)
generated_audios/generated_H4_256C_pruned30_int8/237-134500-0005_generated.wav | RTF: 0.2571(0.614s / 2.390s) | Generator RTF: 0.2558(0.611s / 2.390s)
generated_audios/generated_H4_256C_pruned30_int8/237-134500-0006_generated.wav | RTF: 0.2457(1.038s / 4.225s) | Generator RTF: 0.2449(1.035s / 4.225s)
generated_audios/generated_H4_256C_pruned30_int8/237-134500-0007_generated.wav | RTF: 0.0534(0.128s / 2.390s) | Generator RTF: 0.0526(0.126s / 2.390s)
generated_audios/generated_H4_256C_pruned30_int8/237-134500-0008_generated.wav | RTF: 0.0565(0.212s / 3.760s) | Generator RTF: 0.0556(0.209s / 3.760s)
generated_audios/generated_H4_256C_pruned30_int8/237-134500-0009_generated.wav | RTF: 0.0538(0.119s / 2.220s) | Generator RTF: 0.0524(0.116s / 2.220s)
generated_audios/generated_H4_256C_pruned30_int8/237-134500-0010_generated.wav | RTF: 0.2538(1.014s / 3.995s) | Generator RTF: 0.2529(1.011s / 3.995s)
generated_audios/generated_H4_256C_pruned30_int8/237-134500-0011_generated.wav | RTF: 0.2477(0.830s / 3.350s) | Generator RTF: 0.2467(0.826s / 3.350s)
generated_audios/generated_H4_256C_pruned30_int8/237-134500-0012_generated.wav | RTF: 0.2563(2.802s / 10.935s) | Generator RTF: 0.2559(2.798s / 10.935s)
generated_audios/generated_H4_256C_pruned30_int8/237-134500-0013_generated.wav | RTF: 0.0610(0.644s / 10.560s) | Generator RTF: 0.0606(0.640s / 10.560s)
generated_audios/generated_H4_256C_pruned30_int8/237-134500-0014_generated.wav | RTF: 0.0579(0.246s / 4.250s) | Generator RTF: 0.0570(0.242s / 4.250s)
generated_audios/generated_H4_256C_pruned30_int8/237-134500-0015_generated.wav | RTF: 0.2596(2.808s / 10.815s) | Generator RTF: 0.2592(2.804s / 10.815s)
generated_audios/generated_H4_256C_pruned30_int8/237-134500-0016_generated.wav | RTF: 0.0613(0.194s / 3.160s) | Generator RTF: 0.0603(0.191s / 3.160s)
generated_audios/generated_H4_256C_pruned30_int8/237-134500-0017_generated.wav | RTF: 0.0617(0.134s / 2.180s) | Generator RTF: 0.0602(0.131s / 2.180s)
generated_audios/generated_H4_256C_pruned30_int8/237-134500-0018_generated.wav | RTF: 0.2867(3.683s / 12.845s) | Generator RTF: 0.2863(3.678s / 12.845s)
generated_audios/generated_H4_256C_pruned30_int8/237-134500-0019_generated.wav | RTF: 0.2481(0.710s / 2.860s) | Generator RTF: 0.2469(0.706s / 2.860s)
generated_audios/generated_H4_256C_pruned30_int8/237-134500-0020_generated.wav | RTF: 0.0534(0.116s / 2.180s) | Generator RTF: 0.0519(0.113s / 2.180s)
generated_audios/generated_H4_256C_pruned30_int8/237-134500-0021_generated.wav | RTF: 0.2473(1.266s / 5.120s) | Generator RTF: 0.2469(1.264s / 5.120s)
generated_audios/generated_H4_256C_pruned30_int8/237-134500-0022_generated.wav | RTF: 0.2463(1.272s / 5.165s) | Generator RTF: 0.2456(1.269s / 5.165s)
generated_audios/generated_H4_256C_pruned30_int8/237-134500-0023_generated.wav | RTF: 0.2514(0.769s / 3.060s) | Generator RTF: 0.2507(0.767s / 3.060s)
generated_audios/generated_H4_256C_pruned30_int8/237-134500-0024_generated.wav | RTF: 0.0586(0.258s / 4.410s) | Generator RTF: 0.0578(0.255s / 4.410s)
generated_audios/generated_H4_256C_pruned30_int8/237-134500-0025_generated.wav | RTF: 0.2576(0.420s / 1.630s) | Generator RTF: 0.2556(0.417s / 1.630s)
generated_audios/generated_H4_256C_pruned30_int8/237-134500-0026_generated.wav | RTF: 0.2517(0.768s / 3.050s) | Generator RTF: 0.2506(0.764s / 3.050s)
generated_audios/generated_H4_256C_pruned30_int8/237-134500-0027_generated.wav | RTF: 0.2533(0.828s / 3.270s) | Generator RTF: 0.2523(0.825s / 3.270s)
generated_audios/generated_H4_256C_pruned30_int8/237-134500-0028_generated.wav | RTF: 0.2560(1.158s / 4.525s) | Generator RTF: 0.2553(1.155s / 4.525s)
generated_audios/generated_H4_256C_pruned30_int8/237-134500-0029_generated.wav | RTF: 0.2465(0.509s / 2.065s) | Generator RTF: 0.2449(0.506s / 2.065s)
generated_audios/generated_H4_256C_pruned30_int8/237-134500-0030_generated.wav | RTF: 0.2531(0.703s / 2.780s) | Generator RTF: 0.2519(0.700s / 2.780s)
generated_audios/generated_H4_256C_pruned30_int8/237-134500-0031_generated.wav | RTF: 0.2629(2.789s / 10.610s) | Generator RTF: 0.2625(2.785s / 10.610s)
generated_audios/generated_H4_256C_pruned30_int8/237-134500-0032_generated.wav | RTF: 0.0602(0.302s / 5.025s) | Generator RTF: 0.0595(0.299s / 5.025s)
generated_audios/generated_H4_256C_pruned30_int8/237-134500-0033_generated.wav | RTF: 0.2536(1.610s / 6.350s) | Generator RTF: 0.2530(1.606s / 6.350s)
generated_audios/generated_H4_256C_pruned30_int8/237-134500-0034_generated.wav | RTF: 0.2500(0.769s / 3.075s) | Generator RTF: 0.2489(0.765s / 3.075s)
generated_audios/generated_H4_256C_pruned30_int8/237-134500-0035_generated.wav | RTF: 0.2610(0.667s / 2.555s) | Generator RTF: 0.2597(0.664s / 2.555s)
generated_audios/generated_H4_256C_pruned30_int8/237-134500-0036_generated.wav | RTF: 0.2558(1.688s / 6.600s) | Generator RTF: 0.2552(1.684s / 6.600s)
generated_audios/generated_H4_256C_pruned30_int8/237-134500-0037_generated.wav | RTF: 0.2595(1.844s / 7.105s) | Generator RTF: 0.2590(1.840s / 7.105s)
generated_audios/generated_H4_256C_pruned30_int8/237-134500-0038_generated.wav | RTF: 0.2557(0.623s / 2.435s) | Generator RTF: 0.2544(0.620s / 2.435s)
generated_audios/generated_H4_256C_pruned30_int8/237-134500-0039_generated.wav | RTF: 0.2532(1.172s / 4.630s) | Generator RTF: 0.2524(1.169s / 4.630s)
generated_audios/generated_H4_256C_pruned30_int8/237-134500-0040_generated.wav | RTF: 0.0583(0.235s / 4.030s) | Generator RTF: 0.0574(0.231s / 4.030s)
generated_audios/generated_H4_256C_pruned30_int8/237-134500-0041_generated.wav | RTF: 0.0725(0.647s / 8.920s) | Generator RTF: 0.0721(0.643s / 8.920s)
generated_audios/generated_H4_256C_pruned30_int8/237-134500-0042_generated.wav | RTF: 0.2521(0.649s / 2.575s) | Generator RTF: 0.2509(0.646s / 2.575s)
generated_audios/generated_H4_256C_pruned30_int8/260-123286-0000_generated.wav | RTF: 0.2584(1.819s / 7.040s) | Generator RTF: 0.2578(1.815s / 7.040s)
generated_audios/generated_H4_256C_pruned30_int8/260-123286-0001_generated.wav | RTF: 0.0579(0.178s / 3.070s) | Generator RTF: 0.0569(0.175s / 3.070s)
generated_audios/generated_H4_256C_pruned30_int8/260-123286-0002_generated.wav | RTF: 0.2597(2.594s / 9.985s) | Generator RTF: 0.2593(2.589s / 9.985s)
generated_audios/generated_H4_256C_pruned30_int8/260-123286-0003_generated.wav | RTF: 0.2567(1.892s / 7.370s) | Generator RTF: 0.2561(1.888s / 7.370s)
generated_audios/generated_H4_256C_pruned30_int8/260-123286-0004_generated.wav | RTF: 0.2566(0.889s / 3.465s) | Generator RTF: 0.2556(0.886s / 3.465s)
generated_audios/generated_H4_256C_pruned30_int8/260-123286-0005_generated.wav | RTF: 0.2487(1.196s / 4.810s) | Generator RTF: 0.2480(1.193s / 4.810s)
generated_audios/generated_H4_256C_pruned30_int8/260-123286-0006_generated.wav | RTF: 0.2626(1.944s / 7.405s) | Generator RTF: 0.2621(1.941s / 7.405s)
generated_audios/generated_H4_256C_pruned30_int8/260-123286-0007_generated.wav | RTF: 0.2496(1.136s / 4.550s) | Generator RTF: 0.2488(1.132s / 4.550s)
generated_audios/generated_H4_256C_pruned30_int8/260-123286-0008_generated.wav | RTF: 0.2485(0.928s / 3.735s) | Generator RTF: 0.2476(0.925s / 3.735s)
generated_audios/generated_H4_256C_pruned30_int8/260-123286-0009_generated.wav | RTF: 0.2509(1.454s / 5.795s) | Generator RTF: 0.2503(1.450s / 5.795s)
generated_audios/generated_H4_256C_pruned30_int8/260-123286-0010_generated.wav | RTF: 0.0544(0.140s / 2.575s) | Generator RTF: 0.0531(0.137s / 2.575s)
generated_audios/generated_H4_256C_pruned30_int8/260-123286-0011_generated.wav | RTF: 0.0575(0.245s / 4.255s) | Generator RTF: 0.0567(0.241s / 4.255s)
generated_audios/generated_H4_256C_pruned30_int8/260-123286-0012_generated.wav | RTF: 0.0544(0.132s / 2.430s) | Generator RTF: 0.0531(0.129s / 2.430s)
generated_audios/generated_H4_256C_pruned30_int8/260-123286-0013_generated.wav | RTF: 0.2539(1.201s / 4.730s) | Generator RTF: 0.2534(1.199s / 4.730s)
generated_audios/generated_H4_256C_pruned30_int8/260-123286-0014_generated.wav | RTF: 0.0729(0.217s / 2.980s) | Generator RTF: 0.0718(0.214s / 2.980s)
generated_audios/generated_H4_256C_pruned30_int8/260-123286-0015_generated.wav | RTF: 0.2584(1.346s / 5.210s) | Generator RTF: 0.2578(1.343s / 5.210s)
generated_audios/generated_H4_256C_pruned30_int8/260-123286-0016_generated.wav | RTF: 0.2573(1.801s / 7.000s) | Generator RTF: 0.2567(1.797s / 7.000s)
generated_audios/generated_H4_256C_pruned30_int8/260-123286-0017_generated.wav | RTF: 0.2489(0.989s / 3.975s) | Generator RTF: 0.2481(0.986s / 3.975s)
generated_audios/generated_H4_256C_pruned30_int8/260-123286-0018_generated.wav | RTF: 0.2536(1.438s / 5.670s) | Generator RTF: 0.2530(1.435s / 5.670s)
generated_audios/generated_H4_256C_pruned30_int8/260-123286-0019_generated.wav | RTF: 0.2915(3.470s / 11.905s) | Generator RTF: 0.2911(3.466s / 11.905s)
generated_audios/generated_H4_256C_pruned30_int8/260-123286-0020_generated.wav | RTF: 0.0584(0.179s / 3.060s) | Generator RTF: 0.0573(0.175s / 3.060s)
generated_audios/generated_H4_256C_pruned30_int8/260-123286-0021_generated.wav | RTF: 0.2495(0.636s / 2.550s) | Generator RTF: 0.2483(0.633s / 2.550s)
generated_audios/generated_H4_256C_pruned30_int8/260-123286-0022_generated.wav | RTF: 0.2582(0.835s / 3.235s) | Generator RTF: 0.2572(0.832s / 3.235s)
generated_audios/generated_H4_256C_pruned30_int8/260-123286-0023_generated.wav | RTF: 0.2571(1.511s / 5.875s) | Generator RTF: 0.2565(1.507s / 5.875s)
generated_audios/generated_H4_256C_pruned30_int8/260-123286-0024_generated.wav | RTF: 0.2498(0.759s / 3.040s) | Generator RTF: 0.2487(0.756s / 3.040s)
generated_audios/generated_H4_256C_pruned30_int8/260-123286-0025_generated.wav | RTF: 0.2616(2.408s / 9.205s) | Generator RTF: 0.2611(2.404s / 9.205s)
generated_audios/generated_H4_256C_pruned30_int8/260-123286-0026_generated.wav | RTF: 0.2523(1.751s / 6.940s) | Generator RTF: 0.2517(1.747s / 6.940s)
generated_audios/generated_H4_256C_pruned30_int8/260-123286-0027_generated.wav | RTF: 0.2530(1.814s / 7.170s) | Generator RTF: 0.2525(1.810s / 7.170s)
generated_audios/generated_H4_256C_pruned30_int8/260-123286-0028_generated.wav | RTF: 0.2529(1.888s / 7.465s) | Generator RTF: 0.2523(1.884s / 7.465s)
generated_audios/generated_H4_256C_pruned30_int8/260-123286-0029_generated.wav | RTF: 0.0533(0.242s / 4.545s) | Generator RTF: 0.0525(0.239s / 4.545s)
generated_audios/generated_H4_256C_pruned30_int8/260-123286-0030_generated.wav | RTF: 0.0582(0.438s / 7.530s) | Generator RTF: 0.0577(0.434s / 7.530s)
generated_audios/generated_H4_256C_pruned30_int8/260-123286-0031_generated.wav | RTF: 0.2499(1.264s / 5.060s) | Generator RTF: 0.2492(1.261s / 5.060s)
generated_audios/generated_H4_256C_pruned30_int8/260-123288-0000_generated.wav | RTF: 0.0525(0.160s / 3.040s) | Generator RTF: 0.0514(0.156s / 3.040s)
generated_audios/generated_H4_256C_pruned30_int8/260-123288-0001_generated.wav | RTF: 0.0569(0.289s / 5.080s) | Generator RTF: 0.0562(0.286s / 5.080s)
generated_audios/generated_H4_256C_pruned30_int8/260-123288-0002_generated.wav | RTF: 0.2647(1.919s / 7.250s) | Generator RTF: 0.2644(1.917s / 7.250s)
generated_audios/generated_H4_256C_pruned30_int8/260-123288-0003_generated.wav | RTF: 0.2706(2.410s / 8.905s) | Generator RTF: 0.2702(2.407s / 8.905s)
generated_audios/generated_H4_256C_pruned30_int8/260-123288-0004_generated.wav | RTF: 0.2661(1.147s / 4.310s) | Generator RTF: 0.2653(1.143s / 4.310s)
generated_audios/generated_H4_256C_pruned30_int8/260-123288-0005_generated.wav | RTF: 0.2904(3.645s / 12.550s) | Generator RTF: 0.2901(3.640s / 12.550s)
generated_audios/generated_H4_256C_pruned30_int8/260-123288-0006_generated.wav | RTF: 0.2572(1.255s / 4.880s) | Generator RTF: 0.2564(1.251s / 4.880s)
generated_audios/generated_H4_256C_pruned30_int8/260-123288-0007_generated.wav | RTF: 0.2702(3.026s / 11.200s) | Generator RTF: 0.2698(3.022s / 11.200s)
generated_audios/generated_H4_256C_pruned30_int8/260-123288-0008_generated.wav | RTF: 0.2656(1.465s / 5.515s) | Generator RTF: 0.2650(1.461s / 5.515s)
generated_audios/generated_H4_256C_pruned30_int8/260-123288-0009_generated.wav | RTF: 0.2631(0.904s / 3.435s) | Generator RTF: 0.2621(0.900s / 3.435s)
generated_audios/generated_H4_256C_pruned30_int8/260-123288-0010_generated.wav | RTF: 0.0634(0.634s / 9.995s) | Generator RTF: 0.0631(0.630s / 9.995s)
generated_audios/generated_H4_256C_pruned30_int8/260-123288-0011_generated.wav | RTF: 0.2725(2.447s / 8.980s) | Generator RTF: 0.2722(2.444s / 8.980s)
generated_audios/generated_H4_256C_pruned30_int8/260-123288-0012_generated.wav | RTF: 0.2669(0.946s / 3.545s) | Generator RTF: 0.2659(0.943s / 3.545s)
generated_audios/generated_H4_256C_pruned30_int8/260-123288-0013_generated.wav | RTF: 0.2750(3.131s / 11.385s) | Generator RTF: 0.2747(3.127s / 11.385s)
generated_audios/generated_H4_256C_pruned30_int8/260-123288-0014_generated.wav | RTF: 0.0630(0.114s / 1.805s) | Generator RTF: 0.0613(0.111s / 1.805s)
generated_audios/generated_H4_256C_pruned30_int8/260-123288-0015_generated.wav | RTF: 0.2918(6.182s / 21.185s) | Generator RTF: 0.2916(6.177s / 21.185s)
generated_audios/generated_H4_256C_pruned30_int8/260-123288-0016_generated.wav | RTF: 0.2660(1.294s / 4.865s) | Generator RTF: 0.2654(1.291s / 4.865s)
generated_audios/generated_H4_256C_pruned30_int8/260-123288-0017_generated.wav | RTF: 0.2628(1.373s / 5.225s) | Generator RTF: 0.2622(1.370s / 5.225s)
generated_audios/generated_H4_256C_pruned30_int8/260-123288-0018_generated.wav | RTF: 0.2624(0.851s / 3.245s) | Generator RTF: 0.2613(0.848s / 3.245s)
generated_audios/generated_H4_256C_pruned30_int8/260-123288-0019_generated.wav | RTF: 0.0593(0.175s / 2.955s) | Generator RTF: 0.0582(0.172s / 2.955s)
generated_audios/generated_H4_256C_pruned30_int8/260-123288-0020_generated.wav | RTF: 0.2598(0.753s / 2.900s) | Generator RTF: 0.2587(0.750s / 2.900s)
generated_audios/generated_H4_256C_pruned30_int8/260-123288-0021_generated.wav | RTF: 0.0589(0.159s / 2.710s) | Generator RTF: 0.0576(0.156s / 2.710s)
generated_audios/generated_H4_256C_pruned30_int8/260-123288-0022_generated.wav | RTF: 0.2687(0.996s / 3.705s) | Generator RTF: 0.2678(0.992s / 3.705s)
generated_audios/generated_H4_256C_pruned30_int8/260-123288-0023_generated.wav | RTF: 0.0593(0.141s / 2.385s) | Generator RTF: 0.0580(0.138s / 2.385s)
generated_audios/generated_H4_256C_pruned30_int8/260-123288-0024_generated.wav | RTF: 0.2921(4.263s / 14.595s) | Generator RTF: 0.2918(4.258s / 14.595s)
generated_audios/generated_H4_256C_pruned30_int8/260-123288-0025_generated.wav | RTF: 0.2916(3.921s / 13.445s) | Generator RTF: 0.2913(3.917s / 13.445s)
generated_audios/generated_H4_256C_pruned30_int8/260-123288-0026_generated.wav | RTF: 0.2958(4.745s / 16.040s) | Generator RTF: 0.2955(4.740s / 16.040s)
generated_audios/generated_H4_256C_pruned30_int8/260-123288-0027_generated.wav | RTF: 0.2661(1.678s / 6.305s) | Generator RTF: 0.2655(1.674s / 6.305s)
generated_audios/generated_H4_256C_pruned30_int8/260-123288-0028_generated.wav | RTF: 0.2718(0.709s / 2.610s) | Generator RTF: 0.2705(0.706s / 2.610s)
generated_audios/generated_H4_256C_pruned30_int8/260-123440-0000_generated.wav | RTF: 0.2630(0.569s / 2.165s) | Generator RTF: 0.2617(0.567s / 2.165s)
generated_audios/generated_H4_256C_pruned30_int8/260-123440-0001_generated.wav | RTF: 0.2752(0.479s / 1.740s) | Generator RTF: 0.2735(0.476s / 1.740s)
generated_audios/generated_H4_256C_pruned30_int8/260-123440-0002_generated.wav | RTF: 0.2959(4.355s / 14.715s) | Generator RTF: 0.2956(4.350s / 14.715s)
generated_audios/generated_H4_256C_pruned30_int8/260-123440-0003_generated.wav | RTF: 0.2684(0.962s / 3.585s) | Generator RTF: 0.2674(0.959s / 3.585s)
generated_audios/generated_H4_256C_pruned30_int8/260-123440-0004_generated.wav | RTF: 0.3000(3.607s / 12.020s) | Generator RTF: 0.2997(3.602s / 12.020s)
generated_audios/generated_H4_256C_pruned30_int8/260-123440-0005_generated.wav | RTF: 0.0597(0.185s / 3.105s) | Generator RTF: 0.0586(0.182s / 3.105s)
generated_audios/generated_H4_256C_pruned30_int8/260-123440-0006_generated.wav | RTF: 0.0526(0.143s / 2.715s) | Generator RTF: 0.0515(0.140s / 2.715s)
generated_audios/generated_H4_256C_pruned30_int8/260-123440-0007_generated.wav | RTF: 0.2633(0.891s / 3.385s) | Generator RTF: 0.2625(0.889s / 3.385s)
generated_audios/generated_H4_256C_pruned30_int8/260-123440-0008_generated.wav | RTF: 0.2802(1.049s / 3.745s) | Generator RTF: 0.2793(1.046s / 3.745s)
generated_audios/generated_H4_256C_pruned30_int8/260-123440-0009_generated.wav | RTF: 0.2700(0.841s / 3.115s) | Generator RTF: 0.2689(0.838s / 3.115s)
generated_audios/generated_H4_256C_pruned30_int8/260-123440-0010_generated.wav | RTF: 0.2834(2.356s / 8.315s) | Generator RTF: 0.2829(2.353s / 8.315s)
generated_audios/generated_H4_256C_pruned30_int8/260-123440-0011_generated.wav | RTF: 0.0531(0.259s / 4.870s) | Generator RTF: 0.0525(0.256s / 4.870s)
generated_audios/generated_H4_256C_pruned30_int8/260-123440-0012_generated.wav | RTF: 0.2735(1.435s / 5.245s) | Generator RTF: 0.2731(1.432s / 5.245s)
generated_audios/generated_H4_256C_pruned30_int8/260-123440-0013_generated.wav | RTF: 0.2945(1.023s / 3.475s) | Generator RTF: 0.2936(1.020s / 3.475s)
generated_audios/generated_H4_256C_pruned30_int8/260-123440-0014_generated.wav | RTF: 0.2727(1.040s / 3.815s) | Generator RTF: 0.2719(1.037s / 3.815s)
generated_audios/generated_H4_256C_pruned30_int8/260-123440-0015_generated.wav | RTF: 0.0580(0.359s / 6.200s) | Generator RTF: 0.0574(0.356s / 6.200s)
generated_audios/generated_H4_256C_pruned30_int8/260-123440-0016_generated.wav | RTF: 0.2791(1.366s / 4.895s) | Generator RTF: 0.2784(1.363s / 4.895s)
generated_audios/generated_H4_256C_pruned30_int8/260-123440-0017_generated.wav | RTF: 0.0629(0.193s / 3.070s) | Generator RTF: 0.0619(0.190s / 3.070s)
generated_audios/generated_H4_256C_pruned30_int8/260-123440-0018_generated.wav | RTF: 0.2724(0.992s / 3.640s) | Generator RTF: 0.2715(0.988s / 3.640s)
generated_audios/generated_H4_256C_pruned30_int8/260-123440-0019_generated.wav | RTF: 0.2709(1.796s / 6.630s) | Generator RTF: 0.2704(1.792s / 6.630s)
generated_audios/generated_H4_256C_pruned30_int8/260-123440-0020_generated.wav | RTF: 0.2744(1.371s / 4.995s) | Generator RTF: 0.2737(1.367s / 4.995s)
generated_audios/generated_H4_256C_pruned30_int8/61-70968-0000_generated.wav | RTF: 0.2754(1.351s / 4.905s) | Generator RTF: 0.2747(1.348s / 4.905s)
generated_audios/generated_H4_256C_pruned30_int8/61-70968-0001_generated.wav | RTF: 0.2730(0.985s / 3.610s) | Generator RTF: 0.2721(0.982s / 3.610s)
generated_audios/generated_H4_256C_pruned30_int8/61-70968-0002_generated.wav | RTF: 0.2671(0.793s / 2.970s) | Generator RTF: 0.2660(0.790s / 2.970s)
generated_audios/generated_H4_256C_pruned30_int8/61-70968-0003_generated.wav | RTF: 0.0566(0.244s / 4.315s) | Generator RTF: 0.0558(0.241s / 4.315s)
generated_audios/generated_H4_256C_pruned30_int8/61-70968-0004_generated.wav | RTF: 0.2746(1.067s / 3.885s) | Generator RTF: 0.2739(1.064s / 3.885s)
generated_audios/generated_H4_256C_pruned30_int8/61-70968-0005_generated.wav | RTF: 0.0584(0.296s / 5.070s) | Generator RTF: 0.0578(0.293s / 5.070s)
generated_audios/generated_H4_256C_pruned30_int8/61-70968-0006_generated.wav | RTF: 0.2665(0.782s / 2.935s) | Generator RTF: 0.2655(0.779s / 2.935s)
generated_audios/generated_H4_256C_pruned30_int8/61-70968-0007_generated.wav | RTF: 0.0594(0.211s / 3.550s) | Generator RTF: 0.0585(0.208s / 3.550s)
generated_audios/generated_H4_256C_pruned30_int8/61-70968-0008_generated.wav | RTF: 0.0602(0.213s / 3.535s) | Generator RTF: 0.0593(0.210s / 3.535s)
generated_audios/generated_H4_256C_pruned30_int8/61-70968-0009_generated.wav | RTF: 0.2742(1.237s / 4.510s) | Generator RTF: 0.2735(1.233s / 4.510s)
generated_audios/generated_H4_256C_pruned30_int8/61-70968-0010_generated.wav | RTF: 0.2822(2.341s / 8.295s) | Generator RTF: 0.2817(2.337s / 8.295s)
generated_audios/generated_H4_256C_pruned30_int8/61-70968-0011_generated.wav | RTF: 0.2752(1.754s / 6.375s) | Generator RTF: 0.2746(1.751s / 6.375s)
generated_audios/generated_H4_256C_pruned30_int8/61-70968-0012_generated.wav | RTF: 0.0605(0.158s / 2.610s) | Generator RTF: 0.0592(0.155s / 2.610s)
generated_audios/generated_H4_256C_pruned30_int8/61-70968-0013_generated.wav | RTF: 0.0589(0.262s / 4.450s) | Generator RTF: 0.0582(0.259s / 4.450s)
generated_audios/generated_H4_256C_pruned30_int8/61-70968-0014_generated.wav | RTF: 0.2788(2.087s / 7.485s) | Generator RTF: 0.2783(2.083s / 7.485s)
generated_audios/generated_H4_256C_pruned30_int8/61-70968-0015_generated.wav | RTF: 0.2715(1.460s / 5.375s) | Generator RTF: 0.2709(1.456s / 5.375s)
generated_audios/generated_H4_256C_pruned30_int8/61-70968-0016_generated.wav | RTF: 0.2803(1.043s / 3.720s) | Generator RTF: 0.2794(1.039s / 3.720s)
generated_audios/generated_H4_256C_pruned30_int8/61-70968-0017_generated.wav | RTF: 0.2779(1.420s / 5.110s) | Generator RTF: 0.2772(1.417s / 5.110s)
generated_audios/generated_H4_256C_pruned30_int8/61-70968-0018_generated.wav | RTF: 0.2677(0.644s / 2.405s) | Generator RTF: 0.2663(0.641s / 2.405s)
generated_audios/generated_H4_256C_pruned30_int8/61-70968-0019_generated.wav | RTF: 0.2728(1.494s / 5.475s) | Generator RTF: 0.2722(1.490s / 5.475s)
generated_audios/generated_H4_256C_pruned30_int8/61-70968-0020_generated.wav | RTF: 0.2812(1.436s / 5.105s) | Generator RTF: 0.2806(1.432s / 5.105s)
generated_audios/generated_H4_256C_pruned30_int8/61-70968-0021_generated.wav | RTF: 0.2683(0.722s / 2.690s) | Generator RTF: 0.2673(0.719s / 2.690s)
generated_audios/generated_H4_256C_pruned30_int8/61-70968-0022_generated.wav | RTF: 0.0582(0.272s / 4.670s) | Generator RTF: 0.0575(0.268s / 4.670s)
generated_audios/generated_H4_256C_pruned30_int8/61-70968-0023_generated.wav | RTF: 0.0599(0.301s / 5.025s) | Generator RTF: 0.0592(0.298s / 5.025s)
generated_audios/generated_H4_256C_pruned30_int8/61-70968-0024_generated.wav | RTF: 0.2808(1.692s / 6.025s) | Generator RTF: 0.2802(1.688s / 6.025s)
generated_audios/generated_H4_256C_pruned30_int8/61-70968-0025_generated.wav | RTF: 0.0571(0.252s / 4.410s) | Generator RTF: 0.0563(0.248s / 4.410s)
generated_audios/generated_H4_256C_pruned30_int8/61-70968-0026_generated.wav | RTF: 0.2750(1.353s / 4.920s) | Generator RTF: 0.2743(1.350s / 4.920s)
generated_audios/generated_H4_256C_pruned30_int8/61-70968-0027_generated.wav | RTF: 0.2881(1.979s / 6.870s) | Generator RTF: 0.2876(1.976s / 6.870s)
generated_audios/generated_H4_256C_pruned30_int8/61-70968-0028_generated.wav | RTF: 0.2755(1.476s / 5.355s) | Generator RTF: 0.2748(1.472s / 5.355s)
generated_audios/generated_H4_256C_pruned30_int8/61-70968-0029_generated.wav | RTF: 0.2787(0.974s / 3.495s) | Generator RTF: 0.2778(0.971s / 3.495s)
generated_audios/generated_H4_256C_pruned30_int8/61-70968-0030_generated.wav | RTF: 0.2793(1.588s / 5.685s) | Generator RTF: 0.2770(1.575s / 5.685s)
generated_audios/generated_H4_256C_pruned30_int8/61-70968-0031_generated.wav | RTF: 0.2802(0.820s / 2.925s) | Generator RTF: 0.2790(0.816s / 2.925s)
generated_audios/generated_H4_256C_pruned30_int8/61-70968-0032_generated.wav | RTF: 0.0594(0.254s / 4.280s) | Generator RTF: 0.0585(0.250s / 4.280s)
generated_audios/generated_H4_256C_pruned30_int8/61-70968-0033_generated.wav | RTF: 0.0524(0.298s / 5.685s) | Generator RTF: 0.0518(0.295s / 5.685s)
generated_audios/generated_H4_256C_pruned30_int8/61-70968-0034_generated.wav | RTF: 0.2820(1.193s / 4.230s) | Generator RTF: 0.2790(1.180s / 4.230s)
generated_audios/generated_H4_256C_pruned30_int8/61-70968-0035_generated.wav | RTF: 0.2877(2.287s / 7.950s) | Generator RTF: 0.2872(2.283s / 7.950s)
generated_audios/generated_H4_256C_pruned30_int8/61-70968-0036_generated.wav | RTF: 0.0594(0.174s / 2.935s) | Generator RTF: 0.0583(0.171s / 2.935s)
generated_audios/generated_H4_256C_pruned30_int8/61-70968-0037_generated.wav | RTF: 0.0582(0.251s / 4.315s) | Generator RTF: 0.0573(0.247s / 4.315s)
generated_audios/generated_H4_256C_pruned30_int8/61-70968-0038_generated.wav | RTF: 0.2934(0.601s / 2.050s) | Generator RTF: 0.2918(0.598s / 2.050s)
generated_audios/generated_H4_256C_pruned30_int8/61-70968-0039_generated.wav | RTF: 0.2735(1.041s / 3.805s) | Generator RTF: 0.2726(1.037s / 3.805s)
generated_audios/generated_H4_256C_pruned30_int8/61-70968-0040_generated.wav | RTF: 0.2838(1.121s / 3.950s) | Generator RTF: 0.2831(1.118s / 3.950s)
generated_audios/generated_H4_256C_pruned30_int8/61-70968-0041_generated.wav | RTF: 0.0592(0.404s / 6.825s) | Generator RTF: 0.0587(0.400s / 6.825s)
generated_audios/generated_H4_256C_pruned30_int8/61-70968-0042_generated.wav | RTF: 0.0602(0.168s / 2.785s) | Generator RTF: 0.0591(0.165s / 2.785s)
generated_audios/generated_H4_256C_pruned30_int8/61-70968-0043_generated.wav | RTF: 0.2821(1.900s / 6.735s) | Generator RTF: 0.2816(1.896s / 6.735s)
generated_audios/generated_H4_256C_pruned30_int8/61-70968-0044_generated.wav | RTF: 0.0596(0.165s / 2.770s) | Generator RTF: 0.0585(0.162s / 2.770s)
generated_audios/generated_H4_256C_pruned30_int8/61-70968-0045_generated.wav | RTF: 0.0572(0.199s / 3.475s) | Generator RTF: 0.0563(0.196s / 3.475s)
generated_audios/generated_H4_256C_pruned30_int8/61-70968-0046_generated.wav | RTF: 0.0590(0.209s / 3.550s) | Generator RTF: 0.0582(0.207s / 3.550s)
generated_audios/generated_H4_256C_pruned30_int8/61-70968-0047_generated.wav | RTF: 0.2718(1.298s / 4.775s) | Generator RTF: 0.2711(1.294s / 4.775s)
generated_audios/generated_H4_256C_pruned30_int8/61-70968-0048_generated.wav | RTF: 0.2799(0.845s / 3.020s) | Generator RTF: 0.2789(0.842s / 3.020s)
generated_audios/generated_H4_256C_pruned30_int8/61-70968-0049_generated.wav | RTF: 0.2881(2.377s / 8.250s) | Generator RTF: 0.2876(2.373s / 8.250s)
generated_audios/generated_H4_256C_pruned30_int8/61-70968-0050_generated.wav | RTF: 0.2799(1.562s / 5.580s) | Generator RTF: 0.2793(1.559s / 5.580s)
generated_audios/generated_H4_256C_pruned30_int8/61-70968-0051_generated.wav | RTF: 0.2778(0.871s / 3.135s) | Generator RTF: 0.2767(0.868s / 3.135s)
generated_audios/generated_H4_256C_pruned30_int8/61-70968-0052_generated.wav | RTF: 0.2556(0.677s / 2.650s) | Generator RTF: 0.2545(0.674s / 2.650s)
generated_audios/generated_H4_256C_pruned30_int8/61-70968-0053_generated.wav | RTF: 0.0567(0.239s / 4.220s) | Generator RTF: 0.0559(0.236s / 4.220s)
generated_audios/generated_H4_256C_pruned30_int8/61-70968-0054_generated.wav | RTF: 0.2767(2.175s / 7.860s) | Generator RTF: 0.2762(2.171s / 7.860s)
generated_audios/generated_H4_256C_pruned30_int8/61-70968-0055_generated.wav | RTF: 0.0569(0.225s / 3.965s) | Generator RTF: 0.0560(0.222s / 3.965s)
generated_audios/generated_H4_256C_pruned30_int8/61-70968-0056_generated.wav | RTF: 0.2732(0.974s / 3.565s) | Generator RTF: 0.2722(0.970s / 3.565s)
generated_audios/generated_H4_256C_pruned30_int8/61-70968-0057_generated.wav | RTF: 0.0575(0.291s / 5.065s) | Generator RTF: 0.0568(0.288s / 5.065s)
generated_audios/generated_H4_256C_pruned30_int8/61-70968-0058_generated.wav | RTF: 0.2647(0.482s / 1.820s) | Generator RTF: 0.2630(0.479s / 1.820s)
generated_audios/generated_H4_256C_pruned30_int8/61-70968-0059_generated.wav | RTF: 0.0594(0.129s / 2.170s) | Generator RTF: 0.0580(0.126s / 2.170s)
generated_audios/generated_H4_256C_pruned30_int8/61-70968-0060_generated.wav | RTF: 0.0565(0.211s / 3.735s) | Generator RTF: 0.0556(0.208s / 3.735s)
generated_audios/generated_H4_256C_pruned30_int8/61-70968-0061_generated.wav | RTF: 0.2835(1.568s / 5.530s) | Generator RTF: 0.2829(1.564s / 5.530s)
generated_audios/generated_H4_256C_pruned30_int8/61-70968-0062_generated.wav | RTF: 0.0594(0.152s / 2.555s) | Generator RTF: 0.0581(0.148s / 2.555s)
generated_audios/generated_H4_256C_pruned30_int8/61-70970-0000_generated.wav | RTF: 0.2783(1.691s / 6.075s) | Generator RTF: 0.2777(1.687s / 6.075s)
generated_audios/generated_H4_256C_pruned30_int8/61-70970-0001_generated.wav | RTF: 0.2747(1.691s / 6.155s) | Generator RTF: 0.2741(1.687s / 6.155s)
generated_audios/generated_H4_256C_pruned30_int8/61-70970-0002_generated.wav | RTF: 0.2810(1.171s / 4.165s) | Generator RTF: 0.2802(1.167s / 4.165s)
generated_audios/generated_H4_256C_pruned30_int8/61-70970-0003_generated.wav | RTF: 0.2740(1.051s / 3.835s) | Generator RTF: 0.2734(1.049s / 3.835s)
generated_audios/generated_H4_256C_pruned30_int8/61-70970-0004_generated.wav | RTF: 0.2821(2.967s / 10.515s) | Generator RTF: 0.2818(2.963s / 10.515s)
generated_audios/generated_H4_256C_pruned30_int8/61-70970-0005_generated.wav | RTF: 0.2932(0.592s / 2.020s) | Generator RTF: 0.2917(0.589s / 2.020s)
generated_audios/generated_H4_256C_pruned30_int8/61-70970-0006_generated.wav | RTF: 0.2934(0.685s / 2.335s) | Generator RTF: 0.2919(0.682s / 2.335s)
generated_audios/generated_H4_256C_pruned30_int8/61-70970-0007_generated.wav | RTF: 0.2918(1.309s / 4.485s) | Generator RTF: 0.2911(1.306s / 4.485s)
generated_audios/generated_H4_256C_pruned30_int8/61-70970-0008_generated.wav | RTF: 0.3079(0.662s / 2.150s) | Generator RTF: 0.3067(0.659s / 2.150s)
generated_audios/generated_H4_256C_pruned30_int8/61-70970-0009_generated.wav | RTF: 0.2897(0.986s / 3.405s) | Generator RTF: 0.2890(0.984s / 3.405s)
generated_audios/generated_H4_256C_pruned30_int8/61-70970-0010_generated.wav | RTF: 0.0564(0.172s / 3.045s) | Generator RTF: 0.0553(0.168s / 3.045s)
generated_audios/generated_H4_256C_pruned30_int8/61-70970-0011_generated.wav | RTF: 0.0534(0.324s / 6.075s) | Generator RTF: 0.0528(0.321s / 6.075s)
generated_audios/generated_H4_256C_pruned30_int8/61-70970-0012_generated.wav | RTF: 0.0505(0.158s / 3.135s) | Generator RTF: 0.0495(0.155s / 3.135s)
generated_audios/generated_H4_256C_pruned30_int8/61-70970-0013_generated.wav | RTF: 0.2920(1.270s / 4.350s) | Generator RTF: 0.2912(1.267s / 4.350s)
generated_audios/generated_H4_256C_pruned30_int8/61-70970-0014_generated.wav | RTF: 0.0513(0.175s / 3.405s) | Generator RTF: 0.0504(0.171s / 3.405s)
generated_audios/generated_H4_256C_pruned30_int8/61-70970-0015_generated.wav | RTF: 0.2879(2.423s / 8.415s) | Generator RTF: 0.2876(2.420s / 8.415s)
generated_audios/generated_H4_256C_pruned30_int8/61-70970-0016_generated.wav | RTF: 0.2826(1.235s / 4.370s) | Generator RTF: 0.2818(1.231s / 4.370s)
generated_audios/generated_H4_256C_pruned30_int8/61-70970-0017_generated.wav | RTF: 0.0583(0.149s / 2.550s) | Generator RTF: 0.0570(0.145s / 2.550s)
generated_audios/generated_H4_256C_pruned30_int8/61-70970-0018_generated.wav | RTF: 0.2796(1.286s / 4.600s) | Generator RTF: 0.2788(1.283s / 4.600s)
generated_audios/generated_H4_256C_pruned30_int8/61-70970-0019_generated.wav | RTF: 0.2840(1.073s / 3.780s) | Generator RTF: 0.2831(1.070s / 3.780s)
generated_audios/generated_H4_256C_pruned30_int8/61-70970-0020_generated.wav | RTF: 0.0571(0.287s / 5.025s) | Generator RTF: 0.0564(0.284s / 5.025s)
generated_audios/generated_H4_256C_pruned30_int8/61-70970-0021_generated.wav | RTF: 0.2815(1.522s / 5.405s) | Generator RTF: 0.2809(1.518s / 5.405s)
generated_audios/generated_H4_256C_pruned30_int8/61-70970-0022_generated.wav | RTF: 0.0561(0.223s / 3.970s) | Generator RTF: 0.0553(0.220s / 3.970s)
generated_audios/generated_H4_256C_pruned30_int8/61-70970-0023_generated.wav | RTF: 0.0567(0.210s / 3.705s) | Generator RTF: 0.0558(0.207s / 3.705s)
generated_audios/generated_H4_256C_pruned30_int8/61-70970-0024_generated.wav | RTF: 0.2873(2.079s / 7.235s) | Generator RTF: 0.2868(2.075s / 7.235s)
generated_audios/generated_H4_256C_pruned30_int8/61-70970-0025_generated.wav | RTF: 0.2924(2.174s / 7.435s) | Generator RTF: 0.2919(2.170s / 7.435s)
generated_audios/generated_H4_256C_pruned30_int8/61-70970-0026_generated.wav | RTF: 0.0582(0.319s / 5.475s) | Generator RTF: 0.0575(0.315s / 5.475s)
generated_audios/generated_H4_256C_pruned30_int8/61-70970-0027_generated.wav | RTF: 0.0571(0.290s / 5.080s) | Generator RTF: 0.0565(0.287s / 5.080s)
generated_audios/generated_H4_256C_pruned30_int8/61-70970-0028_generated.wav | RTF: 0.0570(0.373s / 6.550s) | Generator RTF: 0.0565(0.370s / 6.550s)
generated_audios/generated_H4_256C_pruned30_int8/61-70970-0029_generated.wav | RTF: 0.0568(0.229s / 4.030s) | Generator RTF: 0.0560(0.226s / 4.030s)
generated_audios/generated_H4_256C_pruned30_int8/61-70970-0030_generated.wav | RTF: 0.0586(0.190s / 3.240s) | Generator RTF: 0.0577(0.187s / 3.240s)
generated_audios/generated_H4_256C_pruned30_int8/61-70970-0031_generated.wav | RTF: 0.2824(1.450s / 5.135s) | Generator RTF: 0.2818(1.447s / 5.135s)
generated_audios/generated_H4_256C_pruned30_int8/61-70970-0032_generated.wav | RTF: 0.0515(0.162s / 3.135s) | Generator RTF: 0.0505(0.158s / 3.135s)
generated_audios/generated_H4_256C_pruned30_int8/61-70970-0033_generated.wav | RTF: 0.2786(0.953s / 3.420s) | Generator RTF: 0.2776(0.950s / 3.420s)
generated_audios/generated_H4_256C_pruned30_int8/61-70970-0034_generated.wav | RTF: 0.0560(0.251s / 4.485s) | Generator RTF: 0.0553(0.248s / 4.485s)
generated_audios/generated_H4_256C_pruned30_int8/61-70970-0035_generated.wav | RTF: 0.0570(0.422s / 7.405s) | Generator RTF: 0.0565(0.418s / 7.405s)
generated_audios/generated_H4_256C_pruned30_int8/61-70970-0036_generated.wav | RTF: 0.0578(0.392s / 6.785s) | Generator RTF: 0.0572(0.388s / 6.785s)
generated_audios/generated_H4_256C_pruned30_int8/61-70970-0037_generated.wav | RTF: 0.2817(1.685s / 5.980s) | Generator RTF: 0.2813(1.682s / 5.980s)
generated_audios/generated_H4_256C_pruned30_int8/61-70970-0038_generated.wav | RTF: 0.2857(2.971s / 10.400s) | Generator RTF: 0.2853(2.967s / 10.400s)
generated_audios/generated_H4_256C_pruned30_int8/61-70970-0039_generated.wav | RTF: 0.0571(0.381s / 6.665s) | Generator RTF: 0.0566(0.377s / 6.665s)
generated_audios/generated_H4_256C_pruned30_int8/61-70970-0040_generated.wav | RTF: 0.0567(0.236s / 4.165s) | Generator RTF: 0.0559(0.233s / 4.165s)
generated_audios/generated_H4_256C_pruned30_int8/672-122797-0000_generated.wav | RTF: 0.2900(1.180s / 4.070s) | Generator RTF: 0.2864(1.166s / 4.070s)
generated_audios/generated_H4_256C_pruned30_int8/672-122797-0001_generated.wav | RTF: 0.2857(4.323s / 15.130s) | Generator RTF: 0.2854(4.318s / 15.130s)
generated_audios/generated_H4_256C_pruned30_int8/672-122797-0002_generated.wav | RTF: 0.2828(3.852s / 13.620s) | Generator RTF: 0.2825(3.848s / 13.620s)
generated_audios/generated_H4_256C_pruned30_int8/672-122797-0003_generated.wav | RTF: 0.2915(1.388s / 4.760s) | Generator RTF: 0.2909(1.385s / 4.760s)
generated_audios/generated_H4_256C_pruned30_int8/672-122797-0004_generated.wav | RTF: 0.2824(2.894s / 10.250s) | Generator RTF: 0.2820(2.890s / 10.250s)
generated_audios/generated_H4_256C_pruned30_int8/672-122797-0005_generated.wav | RTF: 0.2889(0.942s / 3.260s) | Generator RTF: 0.2878(0.938s / 3.260s)
generated_audios/generated_H4_256C_pruned30_int8/672-122797-0006_generated.wav | RTF: 0.2860(3.989s / 13.950s) | Generator RTF: 0.2857(3.985s / 13.950s)
generated_audios/generated_H4_256C_pruned30_int8/672-122797-0007_generated.wav | RTF: 0.2802(1.799s / 6.420s) | Generator RTF: 0.2796(1.795s / 6.420s)
generated_audios/generated_H4_256C_pruned30_int8/672-122797-0008_generated.wav | RTF: 0.3023(9.314s / 30.810s) | Generator RTF: 0.3021(9.307s / 30.810s)
generated_audios/generated_H4_256C_pruned30_int8/672-122797-0009_generated.wav | RTF: 0.0597(0.165s / 2.765s) | Generator RTF: 0.0585(0.162s / 2.765s)
generated_audios/generated_H4_256C_pruned30_int8/672-122797-0010_generated.wav | RTF: 0.0569(0.217s / 3.815s) | Generator RTF: 0.0560(0.214s / 3.815s)
generated_audios/generated_H4_256C_pruned30_int8/672-122797-0011_generated.wav | RTF: 0.2852(0.724s / 2.540s) | Generator RTF: 0.2840(0.721s / 2.540s)
generated_audios/generated_H4_256C_pruned30_int8/672-122797-0012_generated.wav | RTF: 0.2865(2.224s / 7.765s) | Generator RTF: 0.2860(2.221s / 7.765s)
generated_audios/generated_H4_256C_pruned30_int8/672-122797-0013_generated.wav | RTF: 0.2826(2.460s / 8.705s) | Generator RTF: 0.2822(2.456s / 8.705s)
generated_audios/generated_H4_256C_pruned30_int8/672-122797-0014_generated.wav | RTF: 0.0591(0.151s / 2.555s) | Generator RTF: 0.0578(0.148s / 2.555s)
generated_audios/generated_H4_256C_pruned30_int8/672-122797-0015_generated.wav | RTF: 0.0563(0.251s / 4.455s) | Generator RTF: 0.0555(0.247s / 4.455s)
generated_audios/generated_H4_256C_pruned30_int8/672-122797-0016_generated.wav | RTF: 0.2819(2.598s / 9.215s) | Generator RTF: 0.2815(2.594s / 9.215s)
generated_audios/generated_H4_256C_pruned30_int8/672-122797-0017_generated.wav | RTF: 0.2826(1.362s / 4.820s) | Generator RTF: 0.2819(1.359s / 4.820s)
generated_audios/generated_H4_256C_pruned30_int8/672-122797-0018_generated.wav | RTF: 0.2802(1.382s / 4.930s) | Generator RTF: 0.2795(1.378s / 4.930s)
generated_audios/generated_H4_256C_pruned30_int8/672-122797-0019_generated.wav | RTF: 0.2756(1.133s / 4.110s) | Generator RTF: 0.2748(1.129s / 4.110s)
generated_audios/generated_H4_256C_pruned30_int8/672-122797-0020_generated.wav | RTF: 0.2850(2.515s / 8.825s) | Generator RTF: 0.2845(2.511s / 8.825s)
generated_audios/generated_H4_256C_pruned30_int8/672-122797-0021_generated.wav | RTF: 0.0569(0.236s / 4.150s) | Generator RTF: 0.0560(0.233s / 4.150s)
generated_audios/generated_H4_256C_pruned30_int8/672-122797-0022_generated.wav | RTF: 0.2889(5.491s / 19.005s) | Generator RTF: 0.2886(5.486s / 19.005s)
generated_audios/generated_H4_256C_pruned30_int8/672-122797-0023_generated.wav | RTF: 0.2863(2.776s / 9.695s) | Generator RTF: 0.2859(2.772s / 9.695s)
generated_audios/generated_H4_256C_pruned30_int8/672-122797-0024_generated.wav | RTF: 0.2820(1.165s / 4.130s) | Generator RTF: 0.2812(1.161s / 4.130s)
generated_audios/generated_H4_256C_pruned30_int8/672-122797-0025_generated.wav | RTF: 0.2873(3.072s / 10.690s) | Generator RTF: 0.2870(3.068s / 10.690s)
generated_audios/generated_H4_256C_pruned30_int8/672-122797-0026_generated.wav | RTF: 0.2875(4.014s / 13.960s) | Generator RTF: 0.2872(4.010s / 13.960s)
generated_audios/generated_H4_256C_pruned30_int8/672-122797-0027_generated.wav | RTF: 0.0575(0.275s / 4.790s) | Generator RTF: 0.0567(0.272s / 4.790s)
generated_audios/generated_H4_256C_pruned30_int8/672-122797-0028_generated.wav | RTF: 0.0613(0.160s / 2.610s) | Generator RTF: 0.0601(0.157s / 2.610s)
generated_audios/generated_H4_256C_pruned30_int8/672-122797-0029_generated.wav | RTF: 0.0569(0.173s / 3.050s) | Generator RTF: 0.0559(0.171s / 3.050s)
generated_audios/generated_H4_256C_pruned30_int8/672-122797-0030_generated.wav | RTF: 0.2789(1.276s / 4.575s) | Generator RTF: 0.2781(1.272s / 4.575s)
generated_audios/generated_H4_256C_pruned30_int8/672-122797-0031_generated.wav | RTF: 0.0585(0.233s / 3.980s) | Generator RTF: 0.0576(0.229s / 3.980s)
generated_audios/generated_H4_256C_pruned30_int8/672-122797-0032_generated.wav | RTF: 0.0573(0.229s / 4.000s) | Generator RTF: 0.0565(0.226s / 4.000s)
generated_audios/generated_H4_256C_pruned30_int8/672-122797-0033_generated.wav | RTF: 0.2748(0.353s / 1.285s) | Generator RTF: 0.2725(0.350s / 1.285s)
generated_audios/generated_H4_256C_pruned30_int8/672-122797-0034_generated.wav | RTF: 0.0573(0.293s / 5.110s) | Generator RTF: 0.0567(0.290s / 5.110s)
generated_audios/generated_H4_256C_pruned30_int8/672-122797-0035_generated.wav | RTF: 0.0593(0.172s / 2.900s) | Generator RTF: 0.0582(0.169s / 2.900s)
generated_audios/generated_H4_256C_pruned30_int8/672-122797-0036_generated.wav | RTF: 0.0585(0.314s / 5.365s) | Generator RTF: 0.0578(0.310s / 5.365s)
generated_audios/generated_H4_256C_pruned30_int8/672-122797-0037_generated.wav | RTF: 0.2706(0.530s / 1.960s) | Generator RTF: 0.2690(0.527s / 1.960s)
generated_audios/generated_H4_256C_pruned30_int8/672-122797-0038_generated.wav | RTF: 0.2816(2.478s / 8.800s) | Generator RTF: 0.2812(2.474s / 8.800s)
generated_audios/generated_H4_256C_pruned30_int8/672-122797-0039_generated.wav | RTF: 0.2829(1.139s / 4.025s) | Generator RTF: 0.2821(1.135s / 4.025s)
generated_audios/generated_H4_256C_pruned30_int8/672-122797-0040_generated.wav | RTF: 0.0583(0.299s / 5.125s) | Generator RTF: 0.0576(0.295s / 5.125s)
generated_audios/generated_H4_256C_pruned30_int8/672-122797-0041_generated.wav | RTF: 0.0579(0.224s / 3.880s) | Generator RTF: 0.0569(0.221s / 3.880s)
generated_audios/generated_H4_256C_pruned30_int8/672-122797-0042_generated.wav | RTF: 0.2867(4.390s / 15.310s) | Generator RTF: 0.2864(4.385s / 15.310s)
generated_audios/generated_H4_256C_pruned30_int8/672-122797-0043_generated.wav | RTF: 0.0584(0.221s / 3.780s) | Generator RTF: 0.0575(0.217s / 3.780s)
generated_audios/generated_H4_256C_pruned30_int8/672-122797-0044_generated.wav | RTF: 0.0584(0.218s / 3.740s) | Generator RTF: 0.0574(0.215s / 3.740s)
generated_audios/generated_H4_256C_pruned30_int8/672-122797-0045_generated.wav | RTF: 0.0555(0.774s / 13.960s) | Generator RTF: 0.0551(0.770s / 13.960s)
generated_audios/generated_H4_256C_pruned30_int8/672-122797-0046_generated.wav | RTF: 0.2781(1.311s / 4.715s) | Generator RTF: 0.2774(1.308s / 4.715s)
generated_audios/generated_H4_256C_pruned30_int8/672-122797-0047_generated.wav | RTF: 0.2787(0.927s / 3.325s) | Generator RTF: 0.2777(0.924s / 3.325s)
generated_audios/generated_H4_256C_pruned30_int8/672-122797-0048_generated.wav | RTF: 0.0576(0.378s / 6.555s) | Generator RTF: 0.0571(0.374s / 6.555s)
generated_audios/generated_H4_256C_pruned30_int8/672-122797-0049_generated.wav | RTF: 0.0619(0.125s / 2.020s) | Generator RTF: 0.0602(0.122s / 2.020s)
generated_audios/generated_H4_256C_pruned30_int8/672-122797-0050_generated.wav | RTF: 0.2851(1.384s / 4.855s) | Generator RTF: 0.2843(1.380s / 4.855s)
generated_audios/generated_H4_256C_pruned30_int8/672-122797-0051_generated.wav | RTF: 0.2848(1.328s / 4.665s) | Generator RTF: 0.2841(1.325s / 4.665s)
generated_audios/generated_H4_256C_pruned30_int8/672-122797-0052_generated.wav | RTF: 0.2792(1.196s / 4.285s) | Generator RTF: 0.2784(1.193s / 4.285s)
generated_audios/generated_H4_256C_pruned30_int8/672-122797-0053_generated.wav | RTF: 0.0581(0.172s / 2.955s) | Generator RTF: 0.0570(0.168s / 2.955s)
generated_audios/generated_H4_256C_pruned30_int8/672-122797-0054_generated.wav | RTF: 0.0586(0.249s / 4.250s) | Generator RTF: 0.0578(0.246s / 4.250s)
generated_audios/generated_H4_256C_pruned30_int8/672-122797-0055_generated.wav | RTF: 0.2818(2.319s / 8.230s) | Generator RTF: 0.2813(2.315s / 8.230s)
generated_audios/generated_H4_256C_pruned30_int8/672-122797-0056_generated.wav | RTF: 0.0576(0.301s / 5.225s) | Generator RTF: 0.0570(0.298s / 5.225s)
generated_audios/generated_H4_256C_pruned30_int8/672-122797-0057_generated.wav | RTF: 0.0566(0.371s / 6.560s) | Generator RTF: 0.0561(0.368s / 6.560s)
generated_audios/generated_H4_256C_pruned30_int8/672-122797-0058_generated.wav | RTF: 0.2863(1.280s / 4.470s) | Generator RTF: 0.2856(1.277s / 4.470s)
generated_audios/generated_H4_256C_pruned30_int8/672-122797-0059_generated.wav | RTF: 0.2774(0.976s / 3.520s) | Generator RTF: 0.2764(0.973s / 3.520s)
generated_audios/generated_H4_256C_pruned30_int8/672-122797-0060_generated.wav | RTF: 0.0612(0.205s / 3.350s) | Generator RTF: 0.0603(0.202s / 3.350s)
generated_audios/generated_H4_256C_pruned30_int8/672-122797-0061_generated.wav | RTF: 0.2833(2.151s / 7.590s) | Generator RTF: 0.2829(2.147s / 7.590s)
generated_audios/generated_H4_256C_pruned30_int8/672-122797-0062_generated.wav | RTF: 0.2829(0.757s / 2.675s) | Generator RTF: 0.2816(0.753s / 2.675s)
generated_audios/generated_H4_256C_pruned30_int8/672-122797-0063_generated.wav | RTF: 0.0566(0.287s / 5.075s) | Generator RTF: 0.0559(0.284s / 5.075s)
generated_audios/generated_H4_256C_pruned30_int8/672-122797-0064_generated.wav | RTF: 0.2877(4.392s / 15.270s) | Generator RTF: 0.2874(4.388s / 15.270s)
generated_audios/generated_H4_256C_pruned30_int8/672-122797-0065_generated.wav | RTF: 0.0570(0.173s / 3.030s) | Generator RTF: 0.0559(0.169s / 3.030s)
generated_audios/generated_H4_256C_pruned30_int8/672-122797-0066_generated.wav | RTF: 0.0566(0.272s / 4.815s) | Generator RTF: 0.0559(0.269s / 4.815s)
generated_audios/generated_H4_256C_pruned30_int8/672-122797-0067_generated.wav | RTF: 0.2843(3.705s / 13.035s) | Generator RTF: 0.2840(3.701s / 13.035s)
generated_audios/generated_H4_256C_pruned30_int8/672-122797-0068_generated.wav | RTF: 0.0563(0.226s / 4.020s) | Generator RTF: 0.0555(0.223s / 4.020s)
generated_audios/generated_H4_256C_pruned30_int8/672-122797-0069_generated.wav | RTF: 0.2829(1.417s / 5.010s) | Generator RTF: 0.2821(1.413s / 5.010s)
generated_audios/generated_H4_256C_pruned30_int8/672-122797-0070_generated.wav | RTF: 0.2809(1.761s / 6.270s) | Generator RTF: 0.2803(1.757s / 6.270s)
generated_audios/generated_H4_256C_pruned30_int8/672-122797-0071_generated.wav | RTF: 0.2874(2.550s / 8.875s) | Generator RTF: 0.2869(2.546s / 8.875s)
generated_audios/generated_H4_256C_pruned30_int8/672-122797-0072_generated.wav | RTF: 0.2831(2.248s / 7.940s) | Generator RTF: 0.2826(2.244s / 7.940s)
generated_audios/generated_H4_256C_pruned30_int8/672-122797-0073_generated.wav | RTF: 0.2854(2.342s / 8.205s) | Generator RTF: 0.2850(2.338s / 8.205s)
generated_audios/generated_H4_256C_pruned30_int8/672-122797-0074_generated.wav | RTF: 0.2870(2.505s / 8.730s) | Generator RTF: 0.2865(2.501s / 8.730s)
generated_audios/generated_H4_256C_pruned30_int8/908-157963-0000_generated.wav | RTF: 0.2836(3.579s / 12.620s) | Generator RTF: 0.2832(3.575s / 12.620s)
generated_audios/generated_H4_256C_pruned30_int8/908-157963-0001_generated.wav | RTF: 0.2803(0.809s / 2.885s) | Generator RTF: 0.2791(0.805s / 2.885s)
generated_audios/generated_H4_256C_pruned30_int8/908-157963-0002_generated.wav | RTF: 0.2724(0.750s / 2.755s) | Generator RTF: 0.2712(0.747s / 2.755s)
generated_audios/generated_H4_256C_pruned30_int8/908-157963-0003_generated.wav | RTF: 0.2799(0.862s / 3.080s) | Generator RTF: 0.2789(0.859s / 3.080s)
generated_audios/generated_H4_256C_pruned30_int8/908-157963-0004_generated.wav | RTF: 0.2867(4.010s / 13.990s) | Generator RTF: 0.2863(4.006s / 13.990s)
generated_audios/generated_H4_256C_pruned30_int8/908-157963-0005_generated.wav | RTF: 0.2832(1.992s / 7.035s) | Generator RTF: 0.2826(1.988s / 7.035s)
generated_audios/generated_H4_256C_pruned30_int8/908-157963-0006_generated.wav | RTF: 0.2849(2.310s / 8.110s) | Generator RTF: 0.2844(2.307s / 8.110s)
generated_audios/generated_H4_256C_pruned30_int8/908-157963-0007_generated.wav | RTF: 0.2896(9.490s / 32.770s) | Generator RTF: 0.2894(9.483s / 32.770s)
generated_audios/generated_H4_256C_pruned30_int8/908-157963-0008_generated.wav | RTF: 0.2878(5.741s / 19.950s) | Generator RTF: 0.2875(5.736s / 19.950s)
generated_audios/generated_H4_256C_pruned30_int8/908-157963-0009_generated.wav | RTF: 0.2826(1.147s / 4.060s) | Generator RTF: 0.2819(1.144s / 4.060s)
generated_audios/generated_H4_256C_pruned30_int8/908-157963-0010_generated.wav | RTF: 0.0532(0.334s / 6.280s) | Generator RTF: 0.0526(0.330s / 6.280s)
generated_audios/generated_H4_256C_pruned30_int8/908-157963-0011_generated.wav | RTF: 0.0570(0.592s / 10.395s) | Generator RTF: 0.0566(0.588s / 10.395s)
generated_audios/generated_H4_256C_pruned30_int8/908-157963-0012_generated.wav | RTF: 0.2859(2.885s / 10.090s) | Generator RTF: 0.2855(2.880s / 10.090s)
generated_audios/generated_H4_256C_pruned30_int8/908-157963-0013_generated.wav | RTF: 0.0559(0.241s / 4.315s) | Generator RTF: 0.0551(0.238s / 4.315s)
generated_audios/generated_H4_256C_pruned30_int8/908-157963-0014_generated.wav | RTF: 0.0561(0.254s / 4.520s) | Generator RTF: 0.0554(0.250s / 4.520s)
generated_audios/generated_H4_256C_pruned30_int8/908-157963-0015_generated.wav | RTF: 0.2846(4.116s / 14.465s) | Generator RTF: 0.2843(4.112s / 14.465s)
generated_audios/generated_H4_256C_pruned30_int8/908-157963-0016_generated.wav | RTF: 0.0568(0.290s / 5.105s) | Generator RTF: 0.0561(0.286s / 5.105s)
generated_audios/generated_H4_256C_pruned30_int8/908-157963-0017_generated.wav | RTF: 0.2744(1.358s / 4.950s) | Generator RTF: 0.2737(1.355s / 4.950s)
generated_audios/generated_H4_256C_pruned30_int8/908-157963-0018_generated.wav | RTF: 0.0557(0.237s / 4.255s) | Generator RTF: 0.0549(0.234s / 4.255s)
generated_audios/generated_H4_256C_pruned30_int8/908-157963-0019_generated.wav | RTF: 0.2885(6.185s / 21.440s) | Generator RTF: 0.2882(6.180s / 21.440s)
generated_audios/generated_H4_256C_pruned30_int8/908-157963-0020_generated.wav | RTF: 0.2838(2.781s / 9.800s) | Generator RTF: 0.2834(2.777s / 9.800s)
generated_audios/generated_H4_256C_pruned30_int8/908-157963-0021_generated.wav | RTF: 0.0592(0.606s / 10.240s) | Generator RTF: 0.0588(0.602s / 10.240s)
generated_audios/generated_H4_256C_pruned30_int8/908-157963-0022_generated.wav | RTF: 0.2852(1.315s / 4.610s) | Generator RTF: 0.2844(1.311s / 4.610s)
generated_audios/generated_H4_256C_pruned30_int8/908-157963-0023_generated.wav | RTF: 0.2833(2.727s / 9.625s) | Generator RTF: 0.2829(2.723s / 9.625s)
generated_audios/generated_H4_256C_pruned30_int8/908-157963-0024_generated.wav | RTF: 0.2822(0.971s / 3.440s) | Generator RTF: 0.2813(0.968s / 3.440s)
generated_audios/generated_H4_256C_pruned30_int8/908-157963-0025_generated.wav | RTF: 0.2834(2.625s / 9.265s) | Generator RTF: 0.2829(2.622s / 9.265s)
generated_audios/generated_H4_256C_pruned30_int8/908-157963-0026_generated.wav | RTF: 0.2852(2.310s / 8.100s) | Generator RTF: 0.2847(2.306s / 8.100s)
generated_audios/generated_H4_256C_pruned30_int8/908-157963-0027_generated.wav | RTF: 0.0574(0.300s / 5.225s) | Generator RTF: 0.0568(0.297s / 5.225s)
generated_audios/generated_H4_256C_pruned30_int8/908-157963-0028_generated.wav | RTF: 0.0523(0.259s / 4.955s) | Generator RTF: 0.0517(0.256s / 4.955s)
generated_audios/generated_H4_256C_pruned30_int8/908-157963-0029_generated.wav | RTF: 0.2751(0.999s / 3.630s) | Generator RTF: 0.2742(0.995s / 3.630s)
generated_audios/generated_H4_256C_pruned30_int8/908-157963-0030_generated.wav | RTF: 0.0523(0.236s / 4.520s) | Generator RTF: 0.0515(0.233s / 4.520s)
generated_audios/generated_H4_256C_pruned30_int8/908-31957-0000_generated.wav | RTF: 0.2732(0.581s / 2.125s) | Generator RTF: 0.2717(0.577s / 2.125s)
generated_audios/generated_H4_256C_pruned30_int8/908-31957-0001_generated.wav | RTF: 0.2842(3.215s / 11.315s) | Generator RTF: 0.2838(3.212s / 11.315s)
generated_audios/generated_H4_256C_pruned30_int8/908-31957-0002_generated.wav | RTF: 0.0585(0.280s / 4.790s) | Generator RTF: 0.0578(0.277s / 4.790s)
generated_audios/generated_H4_256C_pruned30_int8/908-31957-0003_generated.wav | RTF: 0.0585(0.384s / 6.565s) | Generator RTF: 0.0579(0.380s / 6.565s)
generated_audios/generated_H4_256C_pruned30_int8/908-31957-0004_generated.wav | RTF: 0.2861(4.222s / 14.755s) | Generator RTF: 0.2858(4.217s / 14.755s)
generated_audios/generated_H4_256C_pruned30_int8/908-31957-0005_generated.wav | RTF: 0.0588(0.264s / 4.490s) | Generator RTF: 0.0579(0.260s / 4.490s)
generated_audios/generated_H4_256C_pruned30_int8/908-31957-0006_generated.wav | RTF: 0.2807(1.653s / 5.890s) | Generator RTF: 0.2801(1.650s / 5.890s)
generated_audios/generated_H4_256C_pruned30_int8/908-31957-0007_generated.wav | RTF: 0.0570(0.331s / 5.800s) | Generator RTF: 0.0563(0.327s / 5.800s)
generated_audios/generated_H4_256C_pruned30_int8/908-31957-0008_generated.wav | RTF: 0.2845(2.846s / 10.005s) | Generator RTF: 0.2840(2.842s / 10.005s)
generated_audios/generated_H4_256C_pruned30_int8/908-31957-0009_generated.wav | RTF: 0.2834(2.184s / 7.705s) | Generator RTF: 0.2829(2.180s / 7.705s)
generated_audios/generated_H4_256C_pruned30_int8/908-31957-0010_generated.wav | RTF: 0.2717(0.682s / 2.510s) | Generator RTF: 0.2706(0.679s / 2.510s)
generated_audios/generated_H4_256C_pruned30_int8/908-31957-0011_generated.wav | RTF: 0.0601(0.140s / 2.335s) | Generator RTF: 0.0588(0.137s / 2.335s)
generated_audios/generated_H4_256C_pruned30_int8/908-31957-0012_generated.wav | RTF: 0.2847(2.168s / 7.615s) | Generator RTF: 0.2843(2.165s / 7.615s)
generated_audios/generated_H4_256C_pruned30_int8/908-31957-0013_generated.wav | RTF: 0.2845(1.759s / 6.180s) | Generator RTF: 0.2839(1.755s / 6.180s)
generated_audios/generated_H4_256C_pruned30_int8/908-31957-0014_generated.wav | RTF: 0.2831(2.140s / 7.560s) | Generator RTF: 0.2826(2.136s / 7.560s)
generated_audios/generated_H4_256C_pruned30_int8/908-31957-0015_generated.wav | RTF: 0.2937(6.304s / 21.465s) | Generator RTF: 0.2934(6.299s / 21.465s)
generated_audios/generated_H4_256C_pruned30_int8/908-31957-0016_generated.wav | RTF: 0.2872(1.861s / 6.480s) | Generator RTF: 0.2866(1.857s / 6.480s)
generated_audios/generated_H4_256C_pruned30_int8/908-31957-0017_generated.wav | RTF: 0.2837(2.212s / 7.795s) | Generator RTF: 0.2832(2.208s / 7.795s)
generated_audios/generated_H4_256C_pruned30_int8/908-31957-0018_generated.wav | RTF: 0.2852(1.117s / 3.915s) | Generator RTF: 0.2843(1.113s / 3.915s)
generated_audios/generated_H4_256C_pruned30_int8/908-31957-0019_generated.wav | RTF: 0.2851(2.720s / 9.540s) | Generator RTF: 0.2847(2.716s / 9.540s)
generated_audios/generated_H4_256C_pruned30_int8/908-31957-0020_generated.wav | RTF: 0.0533(0.314s / 5.895s) | Generator RTF: 0.0527(0.310s / 5.895s)
generated_audios/generated_H4_256C_pruned30_int8/908-31957-0021_generated.wav | RTF: 0.2856(3.114s / 10.905s) | Generator RTF: 0.2852(3.110s / 10.905s)
generated_audios/generated_H4_256C_pruned30_int8/908-31957-0022_generated.wav | RTF: 0.2871(4.048s / 14.100s) | Generator RTF: 0.2868(4.043s / 14.100s)
generated_audios/generated_H4_256C_pruned30_int8/908-31957-0023_generated.wav | RTF: 0.2837(2.416s / 8.515s) | Generator RTF: 0.2833(2.412s / 8.515s)
generated_audios/generated_H4_256C_pruned30_int8/908-31957-0024_generated.wav | RTF: 0.2854(2.152s / 7.540s) | Generator RTF: 0.2849(2.148s / 7.540s)
generated_audios/generated_H4_256C_pruned30_int8/908-31957-0025_generated.wav | RTF: 0.3104(6.381s / 20.560s) | Generator RTF: 0.3101(6.376s / 20.560s)
Average RTF: 0.2122(670.447s / 3159.849s)
Average Generator RTF: 0.2116(668.622s / 3159.849s)
Evaluation summary:
  Mel-spectrogram L1: 0.664297
  PESQ: 2.234312
  STOI: 0.911246
Appended per-audio metrics to CSV: per_audio_results/H4_256C_int8_Mask_pruning

Appended metrics to CSV: experiments_results.csv
========== H4: pruning 50% + quantize ==========
Initializing Inference Process..
Using device: cpu (baseline and quantized inference both run on CPU)
Quantization enabled: forcing CPU inference for INT8 model.
Loading '/home/hpc/vlbi/vlbi107v/hifi-gan/cp_hifigan/v1_c256_ft50/g_00265000'
Complete.
Checkpoint contains masked pruning parameters. Preparing masked model before loading...
Removing weight norm...
Skipping ConvTranspose1d pruning for ups.0
Skipping ConvTranspose1d pruning for ups.1
Skipping ConvTranspose1d pruning for ups.2
Skipping ConvTranspose1d pruning for ups.3
Pruning (with mask) resblocks.0.convs1.0 (Conv1d): out_channels=128, dim=0, amount=0.0
Done pruning (with mask) resblocks.0.convs1.0 (Conv1d)
Pruning (with mask) resblocks.0.convs1.1 (Conv1d): out_channels=128, dim=0, amount=0.0
Done pruning (with mask) resblocks.0.convs1.1 (Conv1d)
Pruning (with mask) resblocks.0.convs1.2 (Conv1d): out_channels=128, dim=0, amount=0.0
Done pruning (with mask) resblocks.0.convs1.2 (Conv1d)
Pruning (with mask) resblocks.0.convs2.0 (Conv1d): out_channels=128, dim=0, amount=0.0
Done pruning (with mask) resblocks.0.convs2.0 (Conv1d)
Pruning (with mask) resblocks.0.convs2.1 (Conv1d): out_channels=128, dim=0, amount=0.0
Done pruning (with mask) resblocks.0.convs2.1 (Conv1d)
Pruning (with mask) resblocks.0.convs2.2 (Conv1d): out_channels=128, dim=0, amount=0.0
Done pruning (with mask) resblocks.0.convs2.2 (Conv1d)
Pruning (with mask) resblocks.1.convs1.0 (Conv1d): out_channels=128, dim=0, amount=0.0
Done pruning (with mask) resblocks.1.convs1.0 (Conv1d)
Pruning (with mask) resblocks.1.convs1.1 (Conv1d): out_channels=128, dim=0, amount=0.0
Done pruning (with mask) resblocks.1.convs1.1 (Conv1d)
Pruning (with mask) resblocks.1.convs1.2 (Conv1d): out_channels=128, dim=0, amount=0.0
Done pruning (with mask) resblocks.1.convs1.2 (Conv1d)
Pruning (with mask) resblocks.1.convs2.0 (Conv1d): out_channels=128, dim=0, amount=0.0
Done pruning (with mask) resblocks.1.convs2.0 (Conv1d)
Pruning (with mask) resblocks.1.convs2.1 (Conv1d): out_channels=128, dim=0, amount=0.0
Done pruning (with mask) resblocks.1.convs2.1 (Conv1d)
Pruning (with mask) resblocks.1.convs2.2 (Conv1d): out_channels=128, dim=0, amount=0.0
Done pruning (with mask) resblocks.1.convs2.2 (Conv1d)
Pruning (with mask) resblocks.2.convs1.0 (Conv1d): out_channels=128, dim=0, amount=0.0
Done pruning (with mask) resblocks.2.convs1.0 (Conv1d)
Pruning (with mask) resblocks.2.convs1.1 (Conv1d): out_channels=128, dim=0, amount=0.0
Done pruning (with mask) resblocks.2.convs1.1 (Conv1d)
Pruning (with mask) resblocks.2.convs1.2 (Conv1d): out_channels=128, dim=0, amount=0.0
Done pruning (with mask) resblocks.2.convs1.2 (Conv1d)
Pruning (with mask) resblocks.2.convs2.0 (Conv1d): out_channels=128, dim=0, amount=0.0
Done pruning (with mask) resblocks.2.convs2.0 (Conv1d)
Pruning (with mask) resblocks.2.convs2.1 (Conv1d): out_channels=128, dim=0, amount=0.0
Done pruning (with mask) resblocks.2.convs2.1 (Conv1d)
Pruning (with mask) resblocks.2.convs2.2 (Conv1d): out_channels=128, dim=0, amount=0.0
Done pruning (with mask) resblocks.2.convs2.2 (Conv1d)
Pruning (with mask) resblocks.3.convs1.0 (Conv1d): out_channels=64, dim=0, amount=0.0
Done pruning (with mask) resblocks.3.convs1.0 (Conv1d)
Pruning (with mask) resblocks.3.convs1.1 (Conv1d): out_channels=64, dim=0, amount=0.0
Done pruning (with mask) resblocks.3.convs1.1 (Conv1d)
Pruning (with mask) resblocks.3.convs1.2 (Conv1d): out_channels=64, dim=0, amount=0.0
Done pruning (with mask) resblocks.3.convs1.2 (Conv1d)
Pruning (with mask) resblocks.3.convs2.0 (Conv1d): out_channels=64, dim=0, amount=0.0
Done pruning (with mask) resblocks.3.convs2.0 (Conv1d)
Pruning (with mask) resblocks.3.convs2.1 (Conv1d): out_channels=64, dim=0, amount=0.0
Done pruning (with mask) resblocks.3.convs2.1 (Conv1d)
Pruning (with mask) resblocks.3.convs2.2 (Conv1d): out_channels=64, dim=0, amount=0.0
Done pruning (with mask) resblocks.3.convs2.2 (Conv1d)
Pruning (with mask) resblocks.4.convs1.0 (Conv1d): out_channels=64, dim=0, amount=0.0
Done pruning (with mask) resblocks.4.convs1.0 (Conv1d)
Pruning (with mask) resblocks.4.convs1.1 (Conv1d): out_channels=64, dim=0, amount=0.0
Done pruning (with mask) resblocks.4.convs1.1 (Conv1d)
Pruning (with mask) resblocks.4.convs1.2 (Conv1d): out_channels=64, dim=0, amount=0.0
Done pruning (with mask) resblocks.4.convs1.2 (Conv1d)
Pruning (with mask) resblocks.4.convs2.0 (Conv1d): out_channels=64, dim=0, amount=0.0
Done pruning (with mask) resblocks.4.convs2.0 (Conv1d)
Pruning (with mask) resblocks.4.convs2.1 (Conv1d): out_channels=64, dim=0, amount=0.0
Done pruning (with mask) resblocks.4.convs2.1 (Conv1d)
Pruning (with mask) resblocks.4.convs2.2 (Conv1d): out_channels=64, dim=0, amount=0.0
Done pruning (with mask) resblocks.4.convs2.2 (Conv1d)
Pruning (with mask) resblocks.5.convs1.0 (Conv1d): out_channels=64, dim=0, amount=0.0
Done pruning (with mask) resblocks.5.convs1.0 (Conv1d)
Pruning (with mask) resblocks.5.convs1.1 (Conv1d): out_channels=64, dim=0, amount=0.0
Done pruning (with mask) resblocks.5.convs1.1 (Conv1d)
Pruning (with mask) resblocks.5.convs1.2 (Conv1d): out_channels=64, dim=0, amount=0.0
Done pruning (with mask) resblocks.5.convs1.2 (Conv1d)
Pruning (with mask) resblocks.5.convs2.0 (Conv1d): out_channels=64, dim=0, amount=0.0
Done pruning (with mask) resblocks.5.convs2.0 (Conv1d)
Pruning (with mask) resblocks.5.convs2.1 (Conv1d): out_channels=64, dim=0, amount=0.0
Done pruning (with mask) resblocks.5.convs2.1 (Conv1d)
Pruning (with mask) resblocks.5.convs2.2 (Conv1d): out_channels=64, dim=0, amount=0.0
Done pruning (with mask) resblocks.5.convs2.2 (Conv1d)
Pruning (with mask) resblocks.6.convs1.0 (Conv1d): out_channels=32, dim=0, amount=0.0
Done pruning (with mask) resblocks.6.convs1.0 (Conv1d)
Pruning (with mask) resblocks.6.convs1.1 (Conv1d): out_channels=32, dim=0, amount=0.0
Done pruning (with mask) resblocks.6.convs1.1 (Conv1d)
Pruning (with mask) resblocks.6.convs1.2 (Conv1d): out_channels=32, dim=0, amount=0.0
Done pruning (with mask) resblocks.6.convs1.2 (Conv1d)
Pruning (with mask) resblocks.6.convs2.0 (Conv1d): out_channels=32, dim=0, amount=0.0
Done pruning (with mask) resblocks.6.convs2.0 (Conv1d)
Pruning (with mask) resblocks.6.convs2.1 (Conv1d): out_channels=32, dim=0, amount=0.0
Done pruning (with mask) resblocks.6.convs2.1 (Conv1d)
Pruning (with mask) resblocks.6.convs2.2 (Conv1d): out_channels=32, dim=0, amount=0.0
Done pruning (with mask) resblocks.6.convs2.2 (Conv1d)
Pruning (with mask) resblocks.7.convs1.0 (Conv1d): out_channels=32, dim=0, amount=0.0
Done pruning (with mask) resblocks.7.convs1.0 (Conv1d)
Pruning (with mask) resblocks.7.convs1.1 (Conv1d): out_channels=32, dim=0, amount=0.0
Done pruning (with mask) resblocks.7.convs1.1 (Conv1d)
Pruning (with mask) resblocks.7.convs1.2 (Conv1d): out_channels=32, dim=0, amount=0.0
Done pruning (with mask) resblocks.7.convs1.2 (Conv1d)
Pruning (with mask) resblocks.7.convs2.0 (Conv1d): out_channels=32, dim=0, amount=0.0
Done pruning (with mask) resblocks.7.convs2.0 (Conv1d)
Pruning (with mask) resblocks.7.convs2.1 (Conv1d): out_channels=32, dim=0, amount=0.0
Done pruning (with mask) resblocks.7.convs2.1 (Conv1d)
Pruning (with mask) resblocks.7.convs2.2 (Conv1d): out_channels=32, dim=0, amount=0.0
Done pruning (with mask) resblocks.7.convs2.2 (Conv1d)
Pruning (with mask) resblocks.8.convs1.0 (Conv1d): out_channels=32, dim=0, amount=0.0
Done pruning (with mask) resblocks.8.convs1.0 (Conv1d)
Pruning (with mask) resblocks.8.convs1.1 (Conv1d): out_channels=32, dim=0, amount=0.0
Done pruning (with mask) resblocks.8.convs1.1 (Conv1d)
Pruning (with mask) resblocks.8.convs1.2 (Conv1d): out_channels=32, dim=0, amount=0.0
Done pruning (with mask) resblocks.8.convs1.2 (Conv1d)
Pruning (with mask) resblocks.8.convs2.0 (Conv1d): out_channels=32, dim=0, amount=0.0
Done pruning (with mask) resblocks.8.convs2.0 (Conv1d)
Pruning (with mask) resblocks.8.convs2.1 (Conv1d): out_channels=32, dim=0, amount=0.0
Done pruning (with mask) resblocks.8.convs2.1 (Conv1d)
Pruning (with mask) resblocks.8.convs2.2 (Conv1d): out_channels=32, dim=0, amount=0.0
Done pruning (with mask) resblocks.8.convs2.2 (Conv1d)
Pruning (with mask) resblocks.9.convs1.0 (Conv1d): out_channels=16, dim=0, amount=0.0
Done pruning (with mask) resblocks.9.convs1.0 (Conv1d)
Pruning (with mask) resblocks.9.convs1.1 (Conv1d): out_channels=16, dim=0, amount=0.0
Done pruning (with mask) resblocks.9.convs1.1 (Conv1d)
Pruning (with mask) resblocks.9.convs1.2 (Conv1d): out_channels=16, dim=0, amount=0.0
Done pruning (with mask) resblocks.9.convs1.2 (Conv1d)
Pruning (with mask) resblocks.9.convs2.0 (Conv1d): out_channels=16, dim=0, amount=0.0
Done pruning (with mask) resblocks.9.convs2.0 (Conv1d)
Pruning (with mask) resblocks.9.convs2.1 (Conv1d): out_channels=16, dim=0, amount=0.0
Done pruning (with mask) resblocks.9.convs2.1 (Conv1d)
Pruning (with mask) resblocks.9.convs2.2 (Conv1d): out_channels=16, dim=0, amount=0.0
Done pruning (with mask) resblocks.9.convs2.2 (Conv1d)
Pruning (with mask) resblocks.10.convs1.0 (Conv1d): out_channels=16, dim=0, amount=0.0
Done pruning (with mask) resblocks.10.convs1.0 (Conv1d)
Pruning (with mask) resblocks.10.convs1.1 (Conv1d): out_channels=16, dim=0, amount=0.0
Done pruning (with mask) resblocks.10.convs1.1 (Conv1d)
Pruning (with mask) resblocks.10.convs1.2 (Conv1d): out_channels=16, dim=0, amount=0.0
Done pruning (with mask) resblocks.10.convs1.2 (Conv1d)
Pruning (with mask) resblocks.10.convs2.0 (Conv1d): out_channels=16, dim=0, amount=0.0
Done pruning (with mask) resblocks.10.convs2.0 (Conv1d)
Pruning (with mask) resblocks.10.convs2.1 (Conv1d): out_channels=16, dim=0, amount=0.0
Done pruning (with mask) resblocks.10.convs2.1 (Conv1d)
Pruning (with mask) resblocks.10.convs2.2 (Conv1d): out_channels=16, dim=0, amount=0.0
Done pruning (with mask) resblocks.10.convs2.2 (Conv1d)
Pruning (with mask) resblocks.11.convs1.0 (Conv1d): out_channels=16, dim=0, amount=0.0
Done pruning (with mask) resblocks.11.convs1.0 (Conv1d)
Pruning (with mask) resblocks.11.convs1.1 (Conv1d): out_channels=16, dim=0, amount=0.0
Done pruning (with mask) resblocks.11.convs1.1 (Conv1d)
Pruning (with mask) resblocks.11.convs1.2 (Conv1d): out_channels=16, dim=0, amount=0.0
Done pruning (with mask) resblocks.11.convs1.2 (Conv1d)
Pruning (with mask) resblocks.11.convs2.0 (Conv1d): out_channels=16, dim=0, amount=0.0
Done pruning (with mask) resblocks.11.convs2.0 (Conv1d)
Pruning (with mask) resblocks.11.convs2.1 (Conv1d): out_channels=16, dim=0, amount=0.0
Done pruning (with mask) resblocks.11.convs2.1 (Conv1d)
Pruning (with mask) resblocks.11.convs2.2 (Conv1d): out_channels=16, dim=0, amount=0.0
Done pruning (with mask) resblocks.11.convs2.2 (Conv1d)
Removing pruning masks from masked checkpoint before inference...
Removed pruning masks from 72 modules
Removing weight norm...
Calibrating static quantization using 50 samples...
INT8 quantization scope: resblocks_range
Quantizing residual blocks 3..8; all other layers stay FP32.
Checking quantized modules after static quantization:
Quantized module: resblocks.3.convs1.0 (torch.ao.nn.quantized.modules.conv.Conv1d)
Quantized module: resblocks.3.convs1.1 (torch.ao.nn.quantized.modules.conv.Conv1d)
Quantized module: resblocks.3.convs1.2 (torch.ao.nn.quantized.modules.conv.Conv1d)
Quantized module: resblocks.3.convs2.0 (torch.ao.nn.quantized.modules.conv.Conv1d)
Quantized module: resblocks.3.convs2.1 (torch.ao.nn.quantized.modules.conv.Conv1d)
Quantized module: resblocks.3.convs2.2 (torch.ao.nn.quantized.modules.conv.Conv1d)
Quantized module: resblocks.4.convs1.0 (torch.ao.nn.quantized.modules.conv.Conv1d)
Quantized module: resblocks.4.convs1.1 (torch.ao.nn.quantized.modules.conv.Conv1d)
Quantized module: resblocks.4.convs1.2 (torch.ao.nn.quantized.modules.conv.Conv1d)
Quantized module: resblocks.4.convs2.0 (torch.ao.nn.quantized.modules.conv.Conv1d)
Quantized module: resblocks.4.convs2.1 (torch.ao.nn.quantized.modules.conv.Conv1d)
Quantized module: resblocks.4.convs2.2 (torch.ao.nn.quantized.modules.conv.Conv1d)
Quantized module: resblocks.5.convs1.0 (torch.ao.nn.quantized.modules.conv.Conv1d)
Quantized module: resblocks.5.convs1.1 (torch.ao.nn.quantized.modules.conv.Conv1d)
Quantized module: resblocks.5.convs1.2 (torch.ao.nn.quantized.modules.conv.Conv1d)
Quantized module: resblocks.5.convs2.0 (torch.ao.nn.quantized.modules.conv.Conv1d)
Quantized module: resblocks.5.convs2.1 (torch.ao.nn.quantized.modules.conv.Conv1d)
Quantized module: resblocks.5.convs2.2 (torch.ao.nn.quantized.modules.conv.Conv1d)
Quantized module: resblocks.6.convs1.0 (torch.ao.nn.quantized.modules.conv.Conv1d)
Quantized module: resblocks.6.convs1.1 (torch.ao.nn.quantized.modules.conv.Conv1d)
Quantized module: resblocks.6.convs1.2 (torch.ao.nn.quantized.modules.conv.Conv1d)
Quantized module: resblocks.6.convs2.0 (torch.ao.nn.quantized.modules.conv.Conv1d)
Quantized module: resblocks.6.convs2.1 (torch.ao.nn.quantized.modules.conv.Conv1d)
Quantized module: resblocks.6.convs2.2 (torch.ao.nn.quantized.modules.conv.Conv1d)
Quantized module: resblocks.7.convs1.0 (torch.ao.nn.quantized.modules.conv.Conv1d)
Quantized module: resblocks.7.convs1.1 (torch.ao.nn.quantized.modules.conv.Conv1d)
Quantized module: resblocks.7.convs1.2 (torch.ao.nn.quantized.modules.conv.Conv1d)
Quantized module: resblocks.7.convs2.0 (torch.ao.nn.quantized.modules.conv.Conv1d)
Quantized module: resblocks.7.convs2.1 (torch.ao.nn.quantized.modules.conv.Conv1d)
Quantized module: resblocks.7.convs2.2 (torch.ao.nn.quantized.modules.conv.Conv1d)
Quantized module: resblocks.8.convs1.0 (torch.ao.nn.quantized.modules.conv.Conv1d)
Quantized module: resblocks.8.convs1.1 (torch.ao.nn.quantized.modules.conv.Conv1d)
Quantized module: resblocks.8.convs1.2 (torch.ao.nn.quantized.modules.conv.Conv1d)
Quantized module: resblocks.8.convs2.0 (torch.ao.nn.quantized.modules.conv.Conv1d)
Quantized module: resblocks.8.convs2.1 (torch.ao.nn.quantized.modules.conv.Conv1d)
Quantized module: resblocks.8.convs2.2 (torch.ao.nn.quantized.modules.conv.Conv1d)
Saving checkpoint to /home/hpc/vlbi/vlbi107v/hifi-gan/cp_hifigan/v1_c256_ft50/compressed_checkpoint_int8
Complete.
Saved compressed checkpoint: /home/hpc/vlbi/vlbi107v/hifi-gan/cp_hifigan/v1_c256_ft50/compressed_checkpoint_int8 (11.861 MB)
Compressed checkpoint parameters: 3,555,793
Loaded checkpoint: /home/hpc/vlbi/vlbi107v/hifi-gan/cp_hifigan/v1_c256_ft50/g_00265000 (24.098 MB)
Generator parameters: 3,555,793
generated_audios/generated_H4_256C_pruned50_int8/1089-134686-0000_generated.wav | RTF: 0.0604(0.630s / 10.435s) | Generator RTF: 0.0599(0.625s / 10.435s)
generated_audios/generated_H4_256C_pruned50_int8/1089-134686-0001_generated.wav | RTF: 0.0580(0.190s / 3.275s) | Generator RTF: 0.0574(0.188s / 3.275s)
generated_audios/generated_H4_256C_pruned50_int8/1089-134686-0002_generated.wav | RTF: 0.0579(0.384s / 6.625s) | Generator RTF: 0.0574(0.380s / 6.625s)
generated_audios/generated_H4_256C_pruned50_int8/1089-134686-0003_generated.wav | RTF: 0.0598(0.160s / 2.680s) | Generator RTF: 0.0586(0.157s / 2.680s)
generated_audios/generated_H4_256C_pruned50_int8/1089-134686-0004_generated.wav | RTF: 0.0846(0.441s / 5.215s) | Generator RTF: 0.0839(0.437s / 5.215s)
generated_audios/generated_H4_256C_pruned50_int8/1089-134686-0005_generated.wav | RTF: 0.0636(0.613s / 9.635s) | Generator RTF: 0.0562(0.542s / 9.635s)
generated_audios/generated_H4_256C_pruned50_int8/1089-134686-0006_generated.wav | RTF: 0.0591(0.624s / 10.555s) | Generator RTF: 0.0587(0.619s / 10.555s)
generated_audios/generated_H4_256C_pruned50_int8/1089-134686-0007_generated.wav | RTF: 0.0574(0.245s / 4.275s) | Generator RTF: 0.0568(0.243s / 4.275s)
generated_audios/generated_H4_256C_pruned50_int8/1089-134686-0008_generated.wav | RTF: 0.0573(0.386s / 6.730s) | Generator RTF: 0.0567(0.382s / 6.730s)
generated_audios/generated_H4_256C_pruned50_int8/1089-134686-0009_generated.wav | RTF: 0.0574(0.606s / 10.575s) | Generator RTF: 0.0570(0.602s / 10.575s)
generated_audios/generated_H4_256C_pruned50_int8/1089-134686-0010_generated.wav | RTF: 0.0560(0.247s / 4.405s) | Generator RTF: 0.0552(0.243s / 4.405s)
generated_audios/generated_H4_256C_pruned50_int8/1089-134686-0011_generated.wav | RTF: 0.0612(0.762s / 12.445s) | Generator RTF: 0.0609(0.757s / 12.445s)
generated_audios/generated_H4_256C_pruned50_int8/1089-134686-0012_generated.wav | RTF: 0.0608(0.708s / 11.640s) | Generator RTF: 0.0604(0.703s / 11.640s)
generated_audios/generated_H4_256C_pruned50_int8/1089-134686-0013_generated.wav | RTF: 0.0570(0.451s / 7.915s) | Generator RTF: 0.0566(0.448s / 7.915s)
generated_audios/generated_H4_256C_pruned50_int8/1089-134686-0014_generated.wav | RTF: 0.0601(0.134s / 2.225s) | Generator RTF: 0.0587(0.131s / 2.225s)
generated_audios/generated_H4_256C_pruned50_int8/1089-134686-0015_generated.wav | RTF: 0.0564(0.328s / 5.815s) | Generator RTF: 0.0557(0.324s / 5.815s)
generated_audios/generated_H4_256C_pruned50_int8/1089-134686-0016_generated.wav | RTF: 0.0582(0.206s / 3.540s) | Generator RTF: 0.0573(0.203s / 3.540s)
generated_audios/generated_H4_256C_pruned50_int8/1089-134686-0017_generated.wav | RTF: 0.0589(0.522s / 8.870s) | Generator RTF: 0.0584(0.518s / 8.870s)
generated_audios/generated_H4_256C_pruned50_int8/1089-134686-0018_generated.wav | RTF: 0.0664(1.044s / 15.720s) | Generator RTF: 0.0662(1.040s / 15.720s)
generated_audios/generated_H4_256C_pruned50_int8/1089-134686-0019_generated.wav | RTF: 0.0615(0.855s / 13.895s) | Generator RTF: 0.0612(0.850s / 13.895s)
generated_audios/generated_H4_256C_pruned50_int8/1089-134686-0020_generated.wav | RTF: 0.0626(1.050s / 16.790s) | Generator RTF: 0.0623(1.046s / 16.790s)
generated_audios/generated_H4_256C_pruned50_int8/1089-134686-0021_generated.wav | RTF: 0.0590(0.386s / 6.550s) | Generator RTF: 0.0584(0.382s / 6.550s)
generated_audios/generated_H4_256C_pruned50_int8/1089-134686-0022_generated.wav | RTF: 0.0587(0.656s / 11.175s) | Generator RTF: 0.0583(0.652s / 11.175s)
generated_audios/generated_H4_256C_pruned50_int8/1089-134686-0023_generated.wav | RTF: 0.0596(0.791s / 13.275s) | Generator RTF: 0.0592(0.786s / 13.275s)
generated_audios/generated_H4_256C_pruned50_int8/1089-134686-0024_generated.wav | RTF: 0.0588(0.685s / 11.655s) | Generator RTF: 0.0584(0.681s / 11.655s)
generated_audios/generated_H4_256C_pruned50_int8/1089-134686-0025_generated.wav | RTF: 0.0570(0.377s / 6.610s) | Generator RTF: 0.0565(0.373s / 6.610s)
generated_audios/generated_H4_256C_pruned50_int8/1089-134686-0026_generated.wav | RTF: 0.0572(0.229s / 4.010s) | Generator RTF: 0.0564(0.226s / 4.010s)
generated_audios/generated_H4_256C_pruned50_int8/1089-134686-0027_generated.wav | RTF: 0.0580(0.157s / 2.710s) | Generator RTF: 0.0568(0.154s / 2.710s)
generated_audios/generated_H4_256C_pruned50_int8/1089-134686-0028_generated.wav | RTF: 0.0575(0.450s / 7.830s) | Generator RTF: 0.0570(0.446s / 7.830s)
generated_audios/generated_H4_256C_pruned50_int8/1089-134686-0029_generated.wav | RTF: 0.0567(0.265s / 4.670s) | Generator RTF: 0.0561(0.262s / 4.670s)
generated_audios/generated_H4_256C_pruned50_int8/1089-134686-0030_generated.wav | RTF: 0.0520(0.141s / 2.715s) | Generator RTF: 0.0509(0.138s / 2.715s)
generated_audios/generated_H4_256C_pruned50_int8/1089-134686-0031_generated.wav | RTF: 0.0526(0.348s / 6.615s) | Generator RTF: 0.0520(0.344s / 6.615s)
generated_audios/generated_H4_256C_pruned50_int8/121-121726-0000_generated.wav | RTF: 0.0574(0.486s / 8.460s) | Generator RTF: 0.0570(0.482s / 8.460s)
generated_audios/generated_H4_256C_pruned50_int8/121-121726-0001_generated.wav | RTF: 0.0566(0.335s / 5.925s) | Generator RTF: 0.0560(0.332s / 5.925s)
generated_audios/generated_H4_256C_pruned50_int8/121-121726-0002_generated.wav | RTF: 0.0518(0.229s / 4.410s) | Generator RTF: 0.0510(0.225s / 4.410s)
generated_audios/generated_H4_256C_pruned50_int8/121-121726-0003_generated.wav | RTF: 0.0564(0.381s / 6.755s) | Generator RTF: 0.0561(0.379s / 6.755s)
generated_audios/generated_H4_256C_pruned50_int8/121-121726-0004_generated.wav | RTF: 0.0566(0.227s / 4.020s) | Generator RTF: 0.0558(0.224s / 4.020s)
generated_audios/generated_H4_256C_pruned50_int8/121-121726-0005_generated.wav | RTF: 0.0583(0.181s / 3.100s) | Generator RTF: 0.0573(0.177s / 3.100s)
generated_audios/generated_H4_256C_pruned50_int8/121-121726-0006_generated.wav | RTF: 0.0564(0.219s / 3.895s) | Generator RTF: 0.0554(0.216s / 3.895s)
generated_audios/generated_H4_256C_pruned50_int8/121-121726-0007_generated.wav | RTF: 0.0573(0.385s / 6.730s) | Generator RTF: 0.0568(0.382s / 6.730s)
generated_audios/generated_H4_256C_pruned50_int8/121-121726-0008_generated.wav | RTF: 0.0576(0.287s / 4.990s) | Generator RTF: 0.0569(0.284s / 4.990s)
generated_audios/generated_H4_256C_pruned50_int8/121-121726-0009_generated.wav | RTF: 0.0577(0.419s / 7.260s) | Generator RTF: 0.0571(0.415s / 7.260s)
generated_audios/generated_H4_256C_pruned50_int8/121-121726-0010_generated.wav | RTF: 0.0579(0.568s / 9.810s) | Generator RTF: 0.0575(0.564s / 9.810s)
generated_audios/generated_H4_256C_pruned50_int8/121-121726-0011_generated.wav | RTF: 0.0594(0.240s / 4.035s) | Generator RTF: 0.0587(0.237s / 4.035s)
generated_audios/generated_H4_256C_pruned50_int8/121-121726-0012_generated.wav | RTF: 0.0560(0.227s / 4.045s) | Generator RTF: 0.0552(0.223s / 4.045s)
generated_audios/generated_H4_256C_pruned50_int8/121-121726-0013_generated.wav | RTF: 0.0585(0.146s / 2.490s) | Generator RTF: 0.0572(0.142s / 2.490s)
generated_audios/generated_H4_256C_pruned50_int8/121-121726-0014_generated.wav | RTF: 0.0574(0.182s / 3.165s) | Generator RTF: 0.0564(0.178s / 3.165s)
generated_audios/generated_H4_256C_pruned50_int8/121-123852-0000_generated.wav | RTF: 0.0719(1.272s / 17.695s) | Generator RTF: 0.0716(1.267s / 17.695s)
generated_audios/generated_H4_256C_pruned50_int8/121-123852-0001_generated.wav | RTF: 0.0609(0.114s / 1.870s) | Generator RTF: 0.0592(0.111s / 1.870s)
generated_audios/generated_H4_256C_pruned50_int8/121-123852-0002_generated.wav | RTF: 0.0731(1.263s / 17.285s) | Generator RTF: 0.0728(1.258s / 17.285s)
generated_audios/generated_H4_256C_pruned50_int8/121-123852-0003_generated.wav | RTF: 0.3022(7.104s / 23.505s) | Generator RTF: 0.3020(7.098s / 23.505s)
generated_audios/generated_H4_256C_pruned50_int8/121-123852-0004_generated.wav | RTF: 0.2760(4.495s / 16.290s) | Generator RTF: 0.2756(4.490s / 16.290s)
generated_audios/generated_H4_256C_pruned50_int8/121-123859-0000_generated.wav | RTF: 0.2847(4.951s / 17.390s) | Generator RTF: 0.2844(4.946s / 17.390s)
generated_audios/generated_H4_256C_pruned50_int8/121-123859-0001_generated.wav | RTF: 0.3110(7.899s / 25.395s) | Generator RTF: 0.3108(7.893s / 25.395s)
generated_audios/generated_H4_256C_pruned50_int8/121-123859-0002_generated.wav | RTF: 0.3087(9.273s / 30.040s) | Generator RTF: 0.3085(9.267s / 30.040s)
generated_audios/generated_H4_256C_pruned50_int8/121-123859-0003_generated.wav | RTF: 0.2529(2.738s / 10.825s) | Generator RTF: 0.2526(2.734s / 10.825s)
generated_audios/generated_H4_256C_pruned50_int8/121-123859-0004_generated.wav | RTF: 0.2592(2.464s / 9.505s) | Generator RTF: 0.2588(2.460s / 9.505s)
generated_audios/generated_H4_256C_pruned50_int8/121-127105-0000_generated.wav | RTF: 0.2598(2.565s / 9.875s) | Generator RTF: 0.2594(2.561s / 9.875s)
generated_audios/generated_H4_256C_pruned50_int8/121-127105-0001_generated.wav | RTF: 0.2456(1.234s / 5.025s) | Generator RTF: 0.2450(1.231s / 5.025s)
generated_audios/generated_H4_256C_pruned50_int8/121-127105-0002_generated.wav | RTF: 0.2505(1.878s / 7.495s) | Generator RTF: 0.2500(1.874s / 7.495s)
generated_audios/generated_H4_256C_pruned50_int8/121-127105-0003_generated.wav | RTF: 0.2505(1.935s / 7.725s) | Generator RTF: 0.2500(1.931s / 7.725s)
generated_audios/generated_H4_256C_pruned50_int8/121-127105-0004_generated.wav | RTF: 0.2542(0.536s / 2.110s) | Generator RTF: 0.2527(0.533s / 2.110s)
generated_audios/generated_H4_256C_pruned50_int8/121-127105-0005_generated.wav | RTF: 0.2429(1.414s / 5.820s) | Generator RTF: 0.2423(1.410s / 5.820s)
generated_audios/generated_H4_256C_pruned50_int8/121-127105-0006_generated.wav | RTF: 0.2416(1.142s / 4.725s) | Generator RTF: 0.2409(1.138s / 4.725s)
generated_audios/generated_H4_256C_pruned50_int8/121-127105-0007_generated.wav | RTF: 0.2418(1.400s / 5.790s) | Generator RTF: 0.2411(1.396s / 5.790s)
generated_audios/generated_H4_256C_pruned50_int8/121-127105-0008_generated.wav | RTF: 0.2424(0.669s / 2.760s) | Generator RTF: 0.2412(0.666s / 2.760s)
generated_audios/generated_H4_256C_pruned50_int8/121-127105-0009_generated.wav | RTF: 0.2558(0.586s / 2.290s) | Generator RTF: 0.2452(0.561s / 2.290s)
generated_audios/generated_H4_256C_pruned50_int8/121-127105-0010_generated.wav | RTF: 0.2498(0.712s / 2.850s) | Generator RTF: 0.2487(0.709s / 2.850s)
generated_audios/generated_H4_256C_pruned50_int8/121-127105-0011_generated.wav | RTF: 0.2512(1.452s / 5.780s) | Generator RTF: 0.2505(1.448s / 5.780s)
generated_audios/generated_H4_256C_pruned50_int8/121-127105-0012_generated.wav | RTF: 0.2493(1.204s / 4.830s) | Generator RTF: 0.2485(1.200s / 4.830s)
generated_audios/generated_H4_256C_pruned50_int8/121-127105-0013_generated.wav | RTF: 0.2450(1.444s / 5.895s) | Generator RTF: 0.2444(1.441s / 5.895s)
generated_audios/generated_H4_256C_pruned50_int8/121-127105-0014_generated.wav | RTF: 0.2462(0.555s / 2.255s) | Generator RTF: 0.2449(0.552s / 2.255s)
generated_audios/generated_H4_256C_pruned50_int8/121-127105-0015_generated.wav | RTF: 0.2499(0.740s / 2.960s) | Generator RTF: 0.2486(0.736s / 2.960s)
generated_audios/generated_H4_256C_pruned50_int8/121-127105-0016_generated.wav | RTF: 0.2396(0.486s / 2.030s) | Generator RTF: 0.2380(0.483s / 2.030s)
generated_audios/generated_H4_256C_pruned50_int8/121-127105-0017_generated.wav | RTF: 0.2480(0.668s / 2.695s) | Generator RTF: 0.2467(0.665s / 2.695s)
generated_audios/generated_H4_256C_pruned50_int8/121-127105-0018_generated.wav | RTF: 0.2530(0.701s / 2.770s) | Generator RTF: 0.2519(0.698s / 2.770s)
generated_audios/generated_H4_256C_pruned50_int8/121-127105-0019_generated.wav | RTF: 0.2411(0.850s / 3.525s) | Generator RTF: 0.2401(0.846s / 3.525s)
generated_audios/generated_H4_256C_pruned50_int8/121-127105-0020_generated.wav | RTF: 0.2779(3.989s / 14.355s) | Generator RTF: 0.2775(3.984s / 14.355s)
generated_audios/generated_H4_256C_pruned50_int8/121-127105-0021_generated.wav | RTF: 0.2541(0.508s / 2.000s) | Generator RTF: 0.2525(0.505s / 2.000s)
generated_audios/generated_H4_256C_pruned50_int8/121-127105-0022_generated.wav | RTF: 0.2469(1.253s / 5.075s) | Generator RTF: 0.2463(1.250s / 5.075s)
generated_audios/generated_H4_256C_pruned50_int8/121-127105-0023_generated.wav | RTF: 0.2496(2.724s / 10.910s) | Generator RTF: 0.2493(2.720s / 10.910s)
generated_audios/generated_H4_256C_pruned50_int8/121-127105-0024_generated.wav | RTF: 0.2794(4.038s / 14.450s) | Generator RTF: 0.2792(4.034s / 14.450s)
generated_audios/generated_H4_256C_pruned50_int8/121-127105-0025_generated.wav | RTF: 0.2811(4.516s / 16.065s) | Generator RTF: 0.2808(4.512s / 16.065s)
generated_audios/generated_H4_256C_pruned50_int8/121-127105-0026_generated.wav | RTF: 0.2469(1.859s / 7.530s) | Generator RTF: 0.2464(1.856s / 7.530s)
generated_audios/generated_H4_256C_pruned50_int8/121-127105-0027_generated.wav | RTF: 0.2786(3.865s / 13.870s) | Generator RTF: 0.2783(3.860s / 13.870s)
generated_audios/generated_H4_256C_pruned50_int8/121-127105-0028_generated.wav | RTF: 0.0583(0.394s / 6.750s) | Generator RTF: 0.0579(0.391s / 6.750s)
generated_audios/generated_H4_256C_pruned50_int8/121-127105-0029_generated.wav | RTF: 0.2479(1.812s / 7.310s) | Generator RTF: 0.2475(1.809s / 7.310s)
generated_audios/generated_H4_256C_pruned50_int8/121-127105-0030_generated.wav | RTF: 0.2546(0.554s / 2.175s) | Generator RTF: 0.2532(0.551s / 2.175s)
generated_audios/generated_H4_256C_pruned50_int8/121-127105-0031_generated.wav | RTF: 0.2600(2.799s / 10.765s) | Generator RTF: 0.2596(2.795s / 10.765s)
generated_audios/generated_H4_256C_pruned50_int8/121-127105-0032_generated.wav | RTF: 0.2422(0.768s / 3.170s) | Generator RTF: 0.2412(0.765s / 3.170s)
generated_audios/generated_H4_256C_pruned50_int8/121-127105-0033_generated.wav | RTF: 0.2547(0.600s / 2.355s) | Generator RTF: 0.2534(0.597s / 2.355s)
generated_audios/generated_H4_256C_pruned50_int8/121-127105-0034_generated.wav | RTF: 0.2495(1.849s / 7.410s) | Generator RTF: 0.2490(1.845s / 7.410s)
generated_audios/generated_H4_256C_pruned50_int8/121-127105-0035_generated.wav | RTF: 0.2784(3.940s / 14.150s) | Generator RTF: 0.2781(3.935s / 14.150s)
generated_audios/generated_H4_256C_pruned50_int8/121-127105-0036_generated.wav | RTF: 0.2449(1.016s / 4.150s) | Generator RTF: 0.2441(1.013s / 4.150s)
generated_audios/generated_H4_256C_pruned50_int8/237-126133-0000_generated.wav | RTF: 0.2815(3.741s / 13.290s) | Generator RTF: 0.2812(3.737s / 13.290s)
generated_audios/generated_H4_256C_pruned50_int8/237-126133-0001_generated.wav | RTF: 0.2795(3.345s / 11.965s) | Generator RTF: 0.2793(3.342s / 11.965s)
generated_audios/generated_H4_256C_pruned50_int8/237-126133-0002_generated.wav | RTF: 0.2552(2.276s / 8.920s) | Generator RTF: 0.2548(2.273s / 8.920s)
generated_audios/generated_H4_256C_pruned50_int8/237-126133-0003_generated.wav | RTF: 0.2721(1.785s / 6.560s) | Generator RTF: 0.2716(1.782s / 6.560s)
generated_audios/generated_H4_256C_pruned50_int8/237-126133-0004_generated.wav | RTF: 0.2481(0.818s / 3.295s) | Generator RTF: 0.2471(0.814s / 3.295s)
generated_audios/generated_H4_256C_pruned50_int8/237-126133-0005_generated.wav | RTF: 0.2524(1.643s / 6.510s) | Generator RTF: 0.2518(1.639s / 6.510s)
generated_audios/generated_H4_256C_pruned50_int8/237-126133-0006_generated.wav | RTF: 0.2482(1.526s / 6.150s) | Generator RTF: 0.2475(1.522s / 6.150s)
generated_audios/generated_H4_256C_pruned50_int8/237-126133-0007_generated.wav | RTF: 0.2529(2.195s / 8.680s) | Generator RTF: 0.2524(2.191s / 8.680s)
generated_audios/generated_H4_256C_pruned50_int8/237-126133-0008_generated.wav | RTF: 0.2504(0.968s / 3.865s) | Generator RTF: 0.2495(0.964s / 3.865s)
generated_audios/generated_H4_256C_pruned50_int8/237-126133-0009_generated.wav | RTF: 0.2500(0.993s / 3.970s) | Generator RTF: 0.2492(0.989s / 3.970s)
generated_audios/generated_H4_256C_pruned50_int8/237-126133-0010_generated.wav | RTF: 0.2461(1.536s / 6.240s) | Generator RTF: 0.2455(1.532s / 6.240s)
generated_audios/generated_H4_256C_pruned50_int8/237-126133-0011_generated.wav | RTF: 0.2454(1.647s / 6.710s) | Generator RTF: 0.2448(1.643s / 6.710s)
generated_audios/generated_H4_256C_pruned50_int8/237-126133-0012_generated.wav | RTF: 0.2508(1.116s / 4.450s) | Generator RTF: 0.2500(1.112s / 4.450s)
generated_audios/generated_H4_256C_pruned50_int8/237-126133-0013_generated.wav | RTF: 0.2502(1.705s / 6.815s) | Generator RTF: 0.2497(1.701s / 6.815s)
generated_audios/generated_H4_256C_pruned50_int8/237-126133-0014_generated.wav | RTF: 0.2510(1.704s / 6.790s) | Generator RTF: 0.2504(1.700s / 6.790s)
generated_audios/generated_H4_256C_pruned50_int8/237-126133-0015_generated.wav | RTF: 0.2522(2.356s / 9.340s) | Generator RTF: 0.2518(2.352s / 9.340s)
generated_audios/generated_H4_256C_pruned50_int8/237-126133-0016_generated.wav | RTF: 0.2458(1.044s / 4.250s) | Generator RTF: 0.2450(1.041s / 4.250s)
generated_audios/generated_H4_256C_pruned50_int8/237-126133-0017_generated.wav | RTF: 0.2495(1.549s / 6.210s) | Generator RTF: 0.2489(1.546s / 6.210s)
generated_audios/generated_H4_256C_pruned50_int8/237-126133-0018_generated.wav | RTF: 0.2532(1.037s / 4.095s) | Generator RTF: 0.2525(1.034s / 4.095s)
generated_audios/generated_H4_256C_pruned50_int8/237-126133-0019_generated.wav | RTF: 0.2521(1.795s / 7.120s) | Generator RTF: 0.2517(1.792s / 7.120s)
generated_audios/generated_H4_256C_pruned50_int8/237-126133-0020_generated.wav | RTF: 0.2532(0.567s / 2.240s) | Generator RTF: 0.2519(0.564s / 2.240s)
generated_audios/generated_H4_256C_pruned50_int8/237-126133-0021_generated.wav | RTF: 0.2456(1.072s / 4.365s) | Generator RTF: 0.2448(1.069s / 4.365s)
generated_audios/generated_H4_256C_pruned50_int8/237-126133-0022_generated.wav | RTF: 0.2481(1.250s / 5.040s) | Generator RTF: 0.2474(1.247s / 5.040s)
generated_audios/generated_H4_256C_pruned50_int8/237-126133-0023_generated.wav | RTF: 0.2500(1.669s / 6.675s) | Generator RTF: 0.2495(1.665s / 6.675s)
generated_audios/generated_H4_256C_pruned50_int8/237-126133-0024_generated.wav | RTF: 0.2594(2.507s / 9.665s) | Generator RTF: 0.2590(2.503s / 9.665s)
generated_audios/generated_H4_256C_pruned50_int8/237-126133-0025_generated.wav | RTF: 0.2525(0.948s / 3.755s) | Generator RTF: 0.2516(0.945s / 3.755s)
generated_audios/generated_H4_256C_pruned50_int8/237-134493-0000_generated.wav | RTF: 0.2499(1.026s / 4.105s) | Generator RTF: 0.2490(1.022s / 4.105s)
generated_audios/generated_H4_256C_pruned50_int8/237-134493-0001_generated.wav | RTF: 0.2505(1.849s / 7.380s) | Generator RTF: 0.2500(1.845s / 7.380s)
generated_audios/generated_H4_256C_pruned50_int8/237-134493-0002_generated.wav | RTF: 0.2553(2.909s / 11.395s) | Generator RTF: 0.2549(2.905s / 11.395s)
generated_audios/generated_H4_256C_pruned50_int8/237-134493-0003_generated.wav | RTF: 0.2842(3.627s / 12.765s) | Generator RTF: 0.2839(3.624s / 12.765s)
generated_audios/generated_H4_256C_pruned50_int8/237-134493-0004_generated.wav | RTF: 0.3064(2.091s / 6.825s) | Generator RTF: 0.2961(2.021s / 6.825s)
generated_audios/generated_H4_256C_pruned50_int8/237-134493-0005_generated.wav | RTF: 0.2550(2.791s / 10.945s) | Generator RTF: 0.2547(2.787s / 10.945s)
generated_audios/generated_H4_256C_pruned50_int8/237-134493-0006_generated.wav | RTF: 0.2450(1.077s / 4.395s) | Generator RTF: 0.2442(1.073s / 4.395s)
generated_audios/generated_H4_256C_pruned50_int8/237-134493-0007_generated.wav | RTF: 0.2569(0.523s / 2.035s) | Generator RTF: 0.2554(0.520s / 2.035s)
generated_audios/generated_H4_256C_pruned50_int8/237-134493-0008_generated.wav | RTF: 0.2449(0.565s / 2.305s) | Generator RTF: 0.2436(0.561s / 2.305s)
generated_audios/generated_H4_256C_pruned50_int8/237-134493-0009_generated.wav | RTF: 0.2577(0.767s / 2.975s) | Generator RTF: 0.2570(0.765s / 2.975s)
generated_audios/generated_H4_256C_pruned50_int8/237-134493-0010_generated.wav | RTF: 0.2471(0.710s / 2.875s) | Generator RTF: 0.2460(0.707s / 2.875s)
generated_audios/generated_H4_256C_pruned50_int8/237-134493-0011_generated.wav | RTF: 0.2502(1.260s / 5.035s) | Generator RTF: 0.2495(1.256s / 5.035s)
generated_audios/generated_H4_256C_pruned50_int8/237-134493-0012_generated.wav | RTF: 0.2432(0.890s / 3.660s) | Generator RTF: 0.2422(0.887s / 3.660s)
generated_audios/generated_H4_256C_pruned50_int8/237-134493-0013_generated.wav | RTF: 0.0563(0.230s / 4.090s) | Generator RTF: 0.0555(0.227s / 4.090s)
generated_audios/generated_H4_256C_pruned50_int8/237-134493-0014_generated.wav | RTF: 0.2456(0.909s / 3.700s) | Generator RTF: 0.2447(0.905s / 3.700s)
generated_audios/generated_H4_256C_pruned50_int8/237-134493-0015_generated.wav | RTF: 0.0603(0.395s / 6.550s) | Generator RTF: 0.0598(0.392s / 6.550s)
generated_audios/generated_H4_256C_pruned50_int8/237-134493-0016_generated.wav | RTF: 0.2568(2.590s / 10.085s) | Generator RTF: 0.2564(2.586s / 10.085s)
generated_audios/generated_H4_256C_pruned50_int8/237-134493-0017_generated.wav | RTF: 0.2589(2.357s / 9.105s) | Generator RTF: 0.2584(2.353s / 9.105s)
generated_audios/generated_H4_256C_pruned50_int8/237-134493-0018_generated.wav | RTF: 0.2465(1.181s / 4.790s) | Generator RTF: 0.2458(1.177s / 4.790s)
generated_audios/generated_H4_256C_pruned50_int8/237-134500-0000_generated.wav | RTF: 0.2501(1.533s / 6.130s) | Generator RTF: 0.2495(1.529s / 6.130s)
generated_audios/generated_H4_256C_pruned50_int8/237-134500-0001_generated.wav | RTF: 0.2538(0.459s / 1.810s) | Generator RTF: 0.2521(0.456s / 1.810s)
generated_audios/generated_H4_256C_pruned50_int8/237-134500-0002_generated.wav | RTF: 0.2470(1.252s / 5.070s) | Generator RTF: 0.2464(1.249s / 5.070s)
generated_audios/generated_H4_256C_pruned50_int8/237-134500-0003_generated.wav | RTF: 0.0586(0.186s / 3.170s) | Generator RTF: 0.0579(0.184s / 3.170s)
generated_audios/generated_H4_256C_pruned50_int8/237-134500-0004_generated.wav | RTF: 0.0599(0.133s / 2.225s) | Generator RTF: 0.0584(0.130s / 2.225s)
generated_audios/generated_H4_256C_pruned50_int8/237-134500-0005_generated.wav | RTF: 0.2529(0.604s / 2.390s) | Generator RTF: 0.2515(0.601s / 2.390s)
generated_audios/generated_H4_256C_pruned50_int8/237-134500-0006_generated.wav | RTF: 0.2437(1.030s / 4.225s) | Generator RTF: 0.2429(1.026s / 4.225s)
generated_audios/generated_H4_256C_pruned50_int8/237-134500-0007_generated.wav | RTF: 0.0537(0.128s / 2.390s) | Generator RTF: 0.0524(0.125s / 2.390s)
generated_audios/generated_H4_256C_pruned50_int8/237-134500-0008_generated.wav | RTF: 0.0565(0.212s / 3.760s) | Generator RTF: 0.0556(0.209s / 3.760s)
generated_audios/generated_H4_256C_pruned50_int8/237-134500-0009_generated.wav | RTF: 0.0547(0.121s / 2.220s) | Generator RTF: 0.0532(0.118s / 2.220s)
generated_audios/generated_H4_256C_pruned50_int8/237-134500-0010_generated.wav | RTF: 0.2537(1.013s / 3.995s) | Generator RTF: 0.2528(1.010s / 3.995s)
generated_audios/generated_H4_256C_pruned50_int8/237-134500-0011_generated.wav | RTF: 0.2451(0.821s / 3.350s) | Generator RTF: 0.2441(0.818s / 3.350s)
generated_audios/generated_H4_256C_pruned50_int8/237-134500-0012_generated.wav | RTF: 0.2547(2.785s / 10.935s) | Generator RTF: 0.2543(2.781s / 10.935s)
generated_audios/generated_H4_256C_pruned50_int8/237-134500-0013_generated.wav | RTF: 0.0592(0.625s / 10.560s) | Generator RTF: 0.0588(0.621s / 10.560s)
generated_audios/generated_H4_256C_pruned50_int8/237-134500-0014_generated.wav | RTF: 0.0593(0.252s / 4.250s) | Generator RTF: 0.0585(0.248s / 4.250s)
generated_audios/generated_H4_256C_pruned50_int8/237-134500-0015_generated.wav | RTF: 0.2570(2.779s / 10.815s) | Generator RTF: 0.2566(2.775s / 10.815s)
generated_audios/generated_H4_256C_pruned50_int8/237-134500-0016_generated.wav | RTF: 0.0607(0.192s / 3.160s) | Generator RTF: 0.0597(0.189s / 3.160s)
generated_audios/generated_H4_256C_pruned50_int8/237-134500-0017_generated.wav | RTF: 0.0629(0.137s / 2.180s) | Generator RTF: 0.0615(0.134s / 2.180s)
generated_audios/generated_H4_256C_pruned50_int8/237-134500-0018_generated.wav | RTF: 0.2845(3.655s / 12.845s) | Generator RTF: 0.2842(3.650s / 12.845s)
generated_audios/generated_H4_256C_pruned50_int8/237-134500-0019_generated.wav | RTF: 0.2446(0.699s / 2.860s) | Generator RTF: 0.2435(0.696s / 2.860s)
generated_audios/generated_H4_256C_pruned50_int8/237-134500-0020_generated.wav | RTF: 0.0547(0.119s / 2.180s) | Generator RTF: 0.0532(0.116s / 2.180s)
generated_audios/generated_H4_256C_pruned50_int8/237-134500-0021_generated.wav | RTF: 0.2462(1.260s / 5.120s) | Generator RTF: 0.2457(1.258s / 5.120s)
generated_audios/generated_H4_256C_pruned50_int8/237-134500-0022_generated.wav | RTF: 0.2443(1.262s / 5.165s) | Generator RTF: 0.2436(1.258s / 5.165s)
generated_audios/generated_H4_256C_pruned50_int8/237-134500-0023_generated.wav | RTF: 0.2524(0.772s / 3.060s) | Generator RTF: 0.2512(0.769s / 3.060s)
generated_audios/generated_H4_256C_pruned50_int8/237-134500-0024_generated.wav | RTF: 0.0570(0.251s / 4.410s) | Generator RTF: 0.0563(0.248s / 4.410s)
generated_audios/generated_H4_256C_pruned50_int8/237-134500-0025_generated.wav | RTF: 0.2567(0.418s / 1.630s) | Generator RTF: 0.2549(0.416s / 1.630s)
generated_audios/generated_H4_256C_pruned50_int8/237-134500-0026_generated.wav | RTF: 0.2501(0.763s / 3.050s) | Generator RTF: 0.2490(0.760s / 3.050s)
generated_audios/generated_H4_256C_pruned50_int8/237-134500-0027_generated.wav | RTF: 0.2512(0.821s / 3.270s) | Generator RTF: 0.2502(0.818s / 3.270s)
generated_audios/generated_H4_256C_pruned50_int8/237-134500-0028_generated.wav | RTF: 0.2525(1.142s / 4.525s) | Generator RTF: 0.2517(1.139s / 4.525s)
generated_audios/generated_H4_256C_pruned50_int8/237-134500-0029_generated.wav | RTF: 0.2458(0.508s / 2.065s) | Generator RTF: 0.2448(0.506s / 2.065s)
generated_audios/generated_H4_256C_pruned50_int8/237-134500-0030_generated.wav | RTF: 0.2499(0.695s / 2.780s) | Generator RTF: 0.2488(0.692s / 2.780s)
generated_audios/generated_H4_256C_pruned50_int8/237-134500-0031_generated.wav | RTF: 0.2594(2.752s / 10.610s) | Generator RTF: 0.2590(2.748s / 10.610s)
generated_audios/generated_H4_256C_pruned50_int8/237-134500-0032_generated.wav | RTF: 0.0602(0.303s / 5.025s) | Generator RTF: 0.0595(0.299s / 5.025s)
generated_audios/generated_H4_256C_pruned50_int8/237-134500-0033_generated.wav | RTF: 0.2533(1.608s / 6.350s) | Generator RTF: 0.2527(1.605s / 6.350s)
generated_audios/generated_H4_256C_pruned50_int8/237-134500-0034_generated.wav | RTF: 0.2504(0.770s / 3.075s) | Generator RTF: 0.2494(0.767s / 3.075s)
generated_audios/generated_H4_256C_pruned50_int8/237-134500-0035_generated.wav | RTF: 0.2583(0.660s / 2.555s) | Generator RTF: 0.2571(0.657s / 2.555s)
generated_audios/generated_H4_256C_pruned50_int8/237-134500-0036_generated.wav | RTF: 0.2547(1.681s / 6.600s) | Generator RTF: 0.2541(1.677s / 6.600s)
generated_audios/generated_H4_256C_pruned50_int8/237-134500-0037_generated.wav | RTF: 0.2552(1.814s / 7.105s) | Generator RTF: 0.2547(1.810s / 7.105s)
generated_audios/generated_H4_256C_pruned50_int8/237-134500-0038_generated.wav | RTF: 0.2529(0.616s / 2.435s) | Generator RTF: 0.2517(0.613s / 2.435s)
generated_audios/generated_H4_256C_pruned50_int8/237-134500-0039_generated.wav | RTF: 0.2529(1.171s / 4.630s) | Generator RTF: 0.2521(1.167s / 4.630s)
generated_audios/generated_H4_256C_pruned50_int8/237-134500-0040_generated.wav | RTF: 0.0585(0.236s / 4.030s) | Generator RTF: 0.0576(0.232s / 4.030s)
generated_audios/generated_H4_256C_pruned50_int8/237-134500-0041_generated.wav | RTF: 0.0715(0.638s / 8.920s) | Generator RTF: 0.0711(0.634s / 8.920s)
generated_audios/generated_H4_256C_pruned50_int8/237-134500-0042_generated.wav | RTF: 0.2516(0.648s / 2.575s) | Generator RTF: 0.2508(0.646s / 2.575s)
generated_audios/generated_H4_256C_pruned50_int8/260-123286-0000_generated.wav | RTF: 0.2590(1.824s / 7.040s) | Generator RTF: 0.2586(1.820s / 7.040s)
generated_audios/generated_H4_256C_pruned50_int8/260-123286-0001_generated.wav | RTF: 0.0555(0.170s / 3.070s) | Generator RTF: 0.0544(0.167s / 3.070s)
generated_audios/generated_H4_256C_pruned50_int8/260-123286-0002_generated.wav | RTF: 0.2594(2.590s / 9.985s) | Generator RTF: 0.2590(2.586s / 9.985s)
generated_audios/generated_H4_256C_pruned50_int8/260-123286-0003_generated.wav | RTF: 0.2530(1.865s / 7.370s) | Generator RTF: 0.2525(1.861s / 7.370s)
generated_audios/generated_H4_256C_pruned50_int8/260-123286-0004_generated.wav | RTF: 0.2543(0.881s / 3.465s) | Generator RTF: 0.2533(0.878s / 3.465s)
generated_audios/generated_H4_256C_pruned50_int8/260-123286-0005_generated.wav | RTF: 0.2484(1.195s / 4.810s) | Generator RTF: 0.2477(1.191s / 4.810s)
generated_audios/generated_H4_256C_pruned50_int8/260-123286-0006_generated.wav | RTF: 0.2621(1.941s / 7.405s) | Generator RTF: 0.2615(1.937s / 7.405s)
generated_audios/generated_H4_256C_pruned50_int8/260-123286-0007_generated.wav | RTF: 0.2507(1.141s / 4.550s) | Generator RTF: 0.2500(1.137s / 4.550s)
generated_audios/generated_H4_256C_pruned50_int8/260-123286-0008_generated.wav | RTF: 0.2506(0.936s / 3.735s) | Generator RTF: 0.2497(0.933s / 3.735s)
generated_audios/generated_H4_256C_pruned50_int8/260-123286-0009_generated.wav | RTF: 0.2543(1.474s / 5.795s) | Generator RTF: 0.2537(1.470s / 5.795s)
generated_audios/generated_H4_256C_pruned50_int8/260-123286-0010_generated.wav | RTF: 0.0545(0.140s / 2.575s) | Generator RTF: 0.0537(0.138s / 2.575s)
generated_audios/generated_H4_256C_pruned50_int8/260-123286-0011_generated.wav | RTF: 0.0583(0.248s / 4.255s) | Generator RTF: 0.0575(0.245s / 4.255s)
generated_audios/generated_H4_256C_pruned50_int8/260-123286-0012_generated.wav | RTF: 0.0550(0.134s / 2.430s) | Generator RTF: 0.0537(0.131s / 2.430s)
generated_audios/generated_H4_256C_pruned50_int8/260-123286-0013_generated.wav | RTF: 0.2546(1.204s / 4.730s) | Generator RTF: 0.2539(1.201s / 4.730s)
generated_audios/generated_H4_256C_pruned50_int8/260-123286-0014_generated.wav | RTF: 0.0692(0.206s / 2.980s) | Generator RTF: 0.0681(0.203s / 2.980s)
generated_audios/generated_H4_256C_pruned50_int8/260-123286-0015_generated.wav | RTF: 0.2617(1.363s / 5.210s) | Generator RTF: 0.2610(1.360s / 5.210s)
generated_audios/generated_H4_256C_pruned50_int8/260-123286-0016_generated.wav | RTF: 0.2556(1.789s / 7.000s) | Generator RTF: 0.2551(1.785s / 7.000s)
generated_audios/generated_H4_256C_pruned50_int8/260-123286-0017_generated.wav | RTF: 0.2498(0.993s / 3.975s) | Generator RTF: 0.2490(0.990s / 3.975s)
generated_audios/generated_H4_256C_pruned50_int8/260-123286-0018_generated.wav | RTF: 0.2563(1.453s / 5.670s) | Generator RTF: 0.2557(1.450s / 5.670s)
generated_audios/generated_H4_256C_pruned50_int8/260-123286-0019_generated.wav | RTF: 0.2862(3.407s / 11.905s) | Generator RTF: 0.2858(3.403s / 11.905s)
generated_audios/generated_H4_256C_pruned50_int8/260-123286-0020_generated.wav | RTF: 0.0578(0.177s / 3.060s) | Generator RTF: 0.0567(0.174s / 3.060s)
generated_audios/generated_H4_256C_pruned50_int8/260-123286-0021_generated.wav | RTF: 0.2494(0.636s / 2.550s) | Generator RTF: 0.2482(0.633s / 2.550s)
generated_audios/generated_H4_256C_pruned50_int8/260-123286-0022_generated.wav | RTF: 0.2579(0.834s / 3.235s) | Generator RTF: 0.2569(0.831s / 3.235s)
generated_audios/generated_H4_256C_pruned50_int8/260-123286-0023_generated.wav | RTF: 0.2543(1.494s / 5.875s) | Generator RTF: 0.2537(1.491s / 5.875s)
generated_audios/generated_H4_256C_pruned50_int8/260-123286-0024_generated.wav | RTF: 0.2484(0.755s / 3.040s) | Generator RTF: 0.2474(0.752s / 3.040s)
generated_audios/generated_H4_256C_pruned50_int8/260-123286-0025_generated.wav | RTF: 0.2608(2.401s / 9.205s) | Generator RTF: 0.2604(2.397s / 9.205s)
generated_audios/generated_H4_256C_pruned50_int8/260-123286-0026_generated.wav | RTF: 0.2521(1.750s / 6.940s) | Generator RTF: 0.2516(1.746s / 6.940s)
generated_audios/generated_H4_256C_pruned50_int8/260-123286-0027_generated.wav | RTF: 0.2534(1.817s / 7.170s) | Generator RTF: 0.2529(1.813s / 7.170s)
generated_audios/generated_H4_256C_pruned50_int8/260-123286-0028_generated.wav | RTF: 0.2542(1.898s / 7.465s) | Generator RTF: 0.2537(1.894s / 7.465s)
generated_audios/generated_H4_256C_pruned50_int8/260-123286-0029_generated.wav | RTF: 0.0527(0.240s / 4.545s) | Generator RTF: 0.0520(0.236s / 4.545s)
generated_audios/generated_H4_256C_pruned50_int8/260-123286-0030_generated.wav | RTF: 0.0583(0.439s / 7.530s) | Generator RTF: 0.0580(0.437s / 7.530s)
generated_audios/generated_H4_256C_pruned50_int8/260-123286-0031_generated.wav | RTF: 0.2504(1.267s / 5.060s) | Generator RTF: 0.2499(1.265s / 5.060s)
generated_audios/generated_H4_256C_pruned50_int8/260-123288-0000_generated.wav | RTF: 0.0525(0.160s / 3.040s) | Generator RTF: 0.0514(0.156s / 3.040s)
generated_audios/generated_H4_256C_pruned50_int8/260-123288-0001_generated.wav | RTF: 0.0570(0.290s / 5.080s) | Generator RTF: 0.0563(0.286s / 5.080s)
generated_audios/generated_H4_256C_pruned50_int8/260-123288-0002_generated.wav | RTF: 0.2653(1.924s / 7.250s) | Generator RTF: 0.2648(1.920s / 7.250s)
generated_audios/generated_H4_256C_pruned50_int8/260-123288-0003_generated.wav | RTF: 0.2698(2.403s / 8.905s) | Generator RTF: 0.2694(2.399s / 8.905s)
generated_audios/generated_H4_256C_pruned50_int8/260-123288-0004_generated.wav | RTF: 0.2627(1.132s / 4.310s) | Generator RTF: 0.2618(1.128s / 4.310s)
generated_audios/generated_H4_256C_pruned50_int8/260-123288-0005_generated.wav | RTF: 0.2904(3.645s / 12.550s) | Generator RTF: 0.2901(3.640s / 12.550s)
generated_audios/generated_H4_256C_pruned50_int8/260-123288-0006_generated.wav | RTF: 0.2605(1.271s / 4.880s) | Generator RTF: 0.2598(1.268s / 4.880s)
generated_audios/generated_H4_256C_pruned50_int8/260-123288-0007_generated.wav | RTF: 0.2706(3.031s / 11.200s) | Generator RTF: 0.2702(3.027s / 11.200s)
generated_audios/generated_H4_256C_pruned50_int8/260-123288-0008_generated.wav | RTF: 0.2661(1.468s / 5.515s) | Generator RTF: 0.2654(1.464s / 5.515s)
generated_audios/generated_H4_256C_pruned50_int8/260-123288-0009_generated.wav | RTF: 0.2630(0.903s / 3.435s) | Generator RTF: 0.2621(0.900s / 3.435s)
generated_audios/generated_H4_256C_pruned50_int8/260-123288-0010_generated.wav | RTF: 0.0637(0.637s / 9.995s) | Generator RTF: 0.0633(0.632s / 9.995s)
generated_audios/generated_H4_256C_pruned50_int8/260-123288-0011_generated.wav | RTF: 0.2689(2.414s / 8.980s) | Generator RTF: 0.2684(2.410s / 8.980s)
generated_audios/generated_H4_256C_pruned50_int8/260-123288-0012_generated.wav | RTF: 0.2638(0.935s / 3.545s) | Generator RTF: 0.2629(0.932s / 3.545s)
generated_audios/generated_H4_256C_pruned50_int8/260-123288-0013_generated.wav | RTF: 0.2718(3.094s / 11.385s) | Generator RTF: 0.2715(3.091s / 11.385s)
generated_audios/generated_H4_256C_pruned50_int8/260-123288-0014_generated.wav | RTF: 0.0666(0.120s / 1.805s) | Generator RTF: 0.0649(0.117s / 1.805s)
generated_audios/generated_H4_256C_pruned50_int8/260-123288-0015_generated.wav | RTF: 0.2924(6.194s / 21.185s) | Generator RTF: 0.2921(6.189s / 21.185s)
generated_audios/generated_H4_256C_pruned50_int8/260-123288-0016_generated.wav | RTF: 0.2680(1.304s / 4.865s) | Generator RTF: 0.2673(1.300s / 4.865s)
generated_audios/generated_H4_256C_pruned50_int8/260-123288-0017_generated.wav | RTF: 0.2611(1.364s / 5.225s) | Generator RTF: 0.2604(1.361s / 5.225s)
generated_audios/generated_H4_256C_pruned50_int8/260-123288-0018_generated.wav | RTF: 0.2625(0.852s / 3.245s) | Generator RTF: 0.2615(0.849s / 3.245s)
generated_audios/generated_H4_256C_pruned50_int8/260-123288-0019_generated.wav | RTF: 0.0601(0.178s / 2.955s) | Generator RTF: 0.0591(0.175s / 2.955s)
generated_audios/generated_H4_256C_pruned50_int8/260-123288-0020_generated.wav | RTF: 0.2610(0.757s / 2.900s) | Generator RTF: 0.2599(0.754s / 2.900s)
generated_audios/generated_H4_256C_pruned50_int8/260-123288-0021_generated.wav | RTF: 0.0588(0.159s / 2.710s) | Generator RTF: 0.0575(0.156s / 2.710s)
generated_audios/generated_H4_256C_pruned50_int8/260-123288-0022_generated.wav | RTF: 0.2664(0.987s / 3.705s) | Generator RTF: 0.2654(0.983s / 3.705s)
generated_audios/generated_H4_256C_pruned50_int8/260-123288-0023_generated.wav | RTF: 0.0597(0.142s / 2.385s) | Generator RTF: 0.0583(0.139s / 2.385s)
generated_audios/generated_H4_256C_pruned50_int8/260-123288-0024_generated.wav | RTF: 0.2932(4.279s / 14.595s) | Generator RTF: 0.2929(4.275s / 14.595s)
generated_audios/generated_H4_256C_pruned50_int8/260-123288-0025_generated.wav | RTF: 0.2893(3.890s / 13.445s) | Generator RTF: 0.2890(3.886s / 13.445s)
generated_audios/generated_H4_256C_pruned50_int8/260-123288-0026_generated.wav | RTF: 0.2934(4.705s / 16.040s) | Generator RTF: 0.2931(4.701s / 16.040s)
generated_audios/generated_H4_256C_pruned50_int8/260-123288-0027_generated.wav | RTF: 0.2643(1.666s / 6.305s) | Generator RTF: 0.2637(1.663s / 6.305s)
generated_audios/generated_H4_256C_pruned50_int8/260-123288-0028_generated.wav | RTF: 0.2715(0.709s / 2.610s) | Generator RTF: 0.2703(0.706s / 2.610s)
generated_audios/generated_H4_256C_pruned50_int8/260-123440-0000_generated.wav | RTF: 0.3682(0.797s / 2.165s) | Generator RTF: 0.3668(0.794s / 2.165s)
generated_audios/generated_H4_256C_pruned50_int8/260-123440-0001_generated.wav | RTF: 0.2675(0.465s / 1.740s) | Generator RTF: 0.2658(0.462s / 1.740s)
generated_audios/generated_H4_256C_pruned50_int8/260-123440-0002_generated.wav | RTF: 0.2938(4.323s / 14.715s) | Generator RTF: 0.2935(4.318s / 14.715s)
generated_audios/generated_H4_256C_pruned50_int8/260-123440-0003_generated.wav | RTF: 0.2663(0.955s / 3.585s) | Generator RTF: 0.2653(0.951s / 3.585s)
generated_audios/generated_H4_256C_pruned50_int8/260-123440-0004_generated.wav | RTF: 0.2979(3.581s / 12.020s) | Generator RTF: 0.2976(3.577s / 12.020s)
generated_audios/generated_H4_256C_pruned50_int8/260-123440-0005_generated.wav | RTF: 0.0596(0.185s / 3.105s) | Generator RTF: 0.0585(0.182s / 3.105s)
generated_audios/generated_H4_256C_pruned50_int8/260-123440-0006_generated.wav | RTF: 0.0522(0.142s / 2.715s) | Generator RTF: 0.0511(0.139s / 2.715s)
generated_audios/generated_H4_256C_pruned50_int8/260-123440-0007_generated.wav | RTF: 0.2595(0.878s / 3.385s) | Generator RTF: 0.2585(0.875s / 3.385s)
generated_audios/generated_H4_256C_pruned50_int8/260-123440-0008_generated.wav | RTF: 0.2700(1.011s / 3.745s) | Generator RTF: 0.2690(1.008s / 3.745s)
generated_audios/generated_H4_256C_pruned50_int8/260-123440-0009_generated.wav | RTF: 0.2681(0.835s / 3.115s) | Generator RTF: 0.2670(0.832s / 3.115s)
generated_audios/generated_H4_256C_pruned50_int8/260-123440-0010_generated.wav | RTF: 0.2791(2.321s / 8.315s) | Generator RTF: 0.2786(2.317s / 8.315s)
generated_audios/generated_H4_256C_pruned50_int8/260-123440-0011_generated.wav | RTF: 0.0532(0.259s / 4.870s) | Generator RTF: 0.0525(0.256s / 4.870s)
generated_audios/generated_H4_256C_pruned50_int8/260-123440-0012_generated.wav | RTF: 0.2720(1.426s / 5.245s) | Generator RTF: 0.2713(1.423s / 5.245s)
generated_audios/generated_H4_256C_pruned50_int8/260-123440-0013_generated.wav | RTF: 0.2676(0.930s / 3.475s) | Generator RTF: 0.2666(0.926s / 3.475s)
generated_audios/generated_H4_256C_pruned50_int8/260-123440-0014_generated.wav | RTF: 0.2659(1.014s / 3.815s) | Generator RTF: 0.2651(1.011s / 3.815s)
generated_audios/generated_H4_256C_pruned50_int8/260-123440-0015_generated.wav | RTF: 0.0590(0.366s / 6.200s) | Generator RTF: 0.0584(0.362s / 6.200s)
generated_audios/generated_H4_256C_pruned50_int8/260-123440-0016_generated.wav | RTF: 0.2712(1.328s / 4.895s) | Generator RTF: 0.2705(1.324s / 4.895s)
generated_audios/generated_H4_256C_pruned50_int8/260-123440-0017_generated.wav | RTF: 0.0625(0.192s / 3.070s) | Generator RTF: 0.0615(0.189s / 3.070s)
generated_audios/generated_H4_256C_pruned50_int8/260-123440-0018_generated.wav | RTF: 0.2661(0.969s / 3.640s) | Generator RTF: 0.2652(0.965s / 3.640s)
generated_audios/generated_H4_256C_pruned50_int8/260-123440-0019_generated.wav | RTF: 0.2665(1.767s / 6.630s) | Generator RTF: 0.2660(1.763s / 6.630s)
generated_audios/generated_H4_256C_pruned50_int8/260-123440-0020_generated.wav | RTF: 0.2692(1.345s / 4.995s) | Generator RTF: 0.2685(1.341s / 4.995s)
generated_audios/generated_H4_256C_pruned50_int8/61-70968-0000_generated.wav | RTF: 0.2692(1.321s / 4.905s) | Generator RTF: 0.2685(1.317s / 4.905s)
generated_audios/generated_H4_256C_pruned50_int8/61-70968-0001_generated.wav | RTF: 0.2685(0.969s / 3.610s) | Generator RTF: 0.2676(0.966s / 3.610s)
generated_audios/generated_H4_256C_pruned50_int8/61-70968-0002_generated.wav | RTF: 0.2609(0.775s / 2.970s) | Generator RTF: 0.2598(0.772s / 2.970s)
generated_audios/generated_H4_256C_pruned50_int8/61-70968-0003_generated.wav | RTF: 0.0560(0.242s / 4.315s) | Generator RTF: 0.0552(0.238s / 4.315s)
generated_audios/generated_H4_256C_pruned50_int8/61-70968-0004_generated.wav | RTF: 0.2731(1.061s / 3.885s) | Generator RTF: 0.2722(1.058s / 3.885s)
generated_audios/generated_H4_256C_pruned50_int8/61-70968-0005_generated.wav | RTF: 0.0591(0.300s / 5.070s) | Generator RTF: 0.0584(0.296s / 5.070s)
generated_audios/generated_H4_256C_pruned50_int8/61-70968-0006_generated.wav | RTF: 0.2623(0.770s / 2.935s) | Generator RTF: 0.2613(0.767s / 2.935s)
generated_audios/generated_H4_256C_pruned50_int8/61-70968-0007_generated.wav | RTF: 0.0589(0.209s / 3.550s) | Generator RTF: 0.0580(0.206s / 3.550s)
generated_audios/generated_H4_256C_pruned50_int8/61-70968-0008_generated.wav | RTF: 0.0602(0.213s / 3.535s) | Generator RTF: 0.0593(0.210s / 3.535s)
generated_audios/generated_H4_256C_pruned50_int8/61-70968-0009_generated.wav | RTF: 0.2704(1.220s / 4.510s) | Generator RTF: 0.2696(1.216s / 4.510s)
generated_audios/generated_H4_256C_pruned50_int8/61-70968-0010_generated.wav | RTF: 0.2781(2.307s / 8.295s) | Generator RTF: 0.2776(2.303s / 8.295s)
generated_audios/generated_H4_256C_pruned50_int8/61-70968-0011_generated.wav | RTF: 0.2718(1.733s / 6.375s) | Generator RTF: 0.2714(1.730s / 6.375s)
generated_audios/generated_H4_256C_pruned50_int8/61-70968-0012_generated.wav | RTF: 0.0621(0.162s / 2.610s) | Generator RTF: 0.0609(0.159s / 2.610s)
generated_audios/generated_H4_256C_pruned50_int8/61-70968-0013_generated.wav | RTF: 0.0575(0.256s / 4.450s) | Generator RTF: 0.0566(0.252s / 4.450s)
generated_audios/generated_H4_256C_pruned50_int8/61-70968-0014_generated.wav | RTF: 0.2744(2.054s / 7.485s) | Generator RTF: 0.2739(2.050s / 7.485s)
generated_audios/generated_H4_256C_pruned50_int8/61-70968-0015_generated.wav | RTF: 0.2689(1.446s / 5.375s) | Generator RTF: 0.2683(1.442s / 5.375s)
generated_audios/generated_H4_256C_pruned50_int8/61-70968-0016_generated.wav | RTF: 0.2779(1.034s / 3.720s) | Generator RTF: 0.2770(1.031s / 3.720s)
generated_audios/generated_H4_256C_pruned50_int8/61-70968-0017_generated.wav | RTF: 0.2769(1.415s / 5.110s) | Generator RTF: 0.2761(1.411s / 5.110s)
generated_audios/generated_H4_256C_pruned50_int8/61-70968-0018_generated.wav | RTF: 0.2655(0.639s / 2.405s) | Generator RTF: 0.2641(0.635s / 2.405s)
generated_audios/generated_H4_256C_pruned50_int8/61-70968-0019_generated.wav | RTF: 0.2698(1.477s / 5.475s) | Generator RTF: 0.2692(1.474s / 5.475s)
generated_audios/generated_H4_256C_pruned50_int8/61-70968-0020_generated.wav | RTF: 0.2756(1.407s / 5.105s) | Generator RTF: 0.2749(1.403s / 5.105s)
generated_audios/generated_H4_256C_pruned50_int8/61-70968-0021_generated.wav | RTF: 0.2652(0.713s / 2.690s) | Generator RTF: 0.2641(0.710s / 2.690s)
generated_audios/generated_H4_256C_pruned50_int8/61-70968-0022_generated.wav | RTF: 0.0590(0.275s / 4.670s) | Generator RTF: 0.0583(0.272s / 4.670s)
generated_audios/generated_H4_256C_pruned50_int8/61-70968-0023_generated.wav | RTF: 0.0612(0.308s / 5.025s) | Generator RTF: 0.0606(0.304s / 5.025s)
generated_audios/generated_H4_256C_pruned50_int8/61-70968-0024_generated.wav | RTF: 0.2787(1.679s / 6.025s) | Generator RTF: 0.2781(1.675s / 6.025s)
generated_audios/generated_H4_256C_pruned50_int8/61-70968-0025_generated.wav | RTF: 0.0570(0.251s / 4.410s) | Generator RTF: 0.0563(0.248s / 4.410s)
generated_audios/generated_H4_256C_pruned50_int8/61-70968-0026_generated.wav | RTF: 0.2681(1.319s / 4.920s) | Generator RTF: 0.2674(1.316s / 4.920s)
generated_audios/generated_H4_256C_pruned50_int8/61-70968-0027_generated.wav | RTF: 0.2820(1.937s / 6.870s) | Generator RTF: 0.2814(1.933s / 6.870s)
generated_audios/generated_H4_256C_pruned50_int8/61-70968-0028_generated.wav | RTF: 0.2726(1.460s / 5.355s) | Generator RTF: 0.2719(1.456s / 5.355s)
generated_audios/generated_H4_256C_pruned50_int8/61-70968-0029_generated.wav | RTF: 0.2749(0.961s / 3.495s) | Generator RTF: 0.2743(0.959s / 3.495s)
generated_audios/generated_H4_256C_pruned50_int8/61-70968-0030_generated.wav | RTF: 0.2710(1.541s / 5.685s) | Generator RTF: 0.2704(1.537s / 5.685s)
generated_audios/generated_H4_256C_pruned50_int8/61-70968-0031_generated.wav | RTF: 0.2735(0.800s / 2.925s) | Generator RTF: 0.2723(0.797s / 2.925s)
generated_audios/generated_H4_256C_pruned50_int8/61-70968-0032_generated.wav | RTF: 0.0585(0.250s / 4.280s) | Generator RTF: 0.0577(0.247s / 4.280s)
generated_audios/generated_H4_256C_pruned50_int8/61-70968-0033_generated.wav | RTF: 0.0546(0.310s / 5.685s) | Generator RTF: 0.0540(0.307s / 5.685s)
generated_audios/generated_H4_256C_pruned50_int8/61-70968-0034_generated.wav | RTF: 0.2767(1.170s / 4.230s) | Generator RTF: 0.2759(1.167s / 4.230s)
generated_audios/generated_H4_256C_pruned50_int8/61-70968-0035_generated.wav | RTF: 0.2831(2.251s / 7.950s) | Generator RTF: 0.2826(2.247s / 7.950s)
generated_audios/generated_H4_256C_pruned50_int8/61-70968-0036_generated.wav | RTF: 0.0603(0.177s / 2.935s) | Generator RTF: 0.0593(0.174s / 2.935s)
generated_audios/generated_H4_256C_pruned50_int8/61-70968-0037_generated.wav | RTF: 0.0577(0.249s / 4.315s) | Generator RTF: 0.0569(0.246s / 4.315s)
generated_audios/generated_H4_256C_pruned50_int8/61-70968-0038_generated.wav | RTF: 0.2840(0.582s / 2.050s) | Generator RTF: 0.2824(0.579s / 2.050s)
generated_audios/generated_H4_256C_pruned50_int8/61-70968-0039_generated.wav | RTF: 0.2711(1.032s / 3.805s) | Generator RTF: 0.2703(1.028s / 3.805s)
generated_audios/generated_H4_256C_pruned50_int8/61-70968-0040_generated.wav | RTF: 0.2777(1.097s / 3.950s) | Generator RTF: 0.2768(1.093s / 3.950s)
generated_audios/generated_H4_256C_pruned50_int8/61-70968-0041_generated.wav | RTF: 0.0600(0.409s / 6.825s) | Generator RTF: 0.0594(0.405s / 6.825s)
generated_audios/generated_H4_256C_pruned50_int8/61-70968-0042_generated.wav | RTF: 0.0608(0.169s / 2.785s) | Generator RTF: 0.0597(0.166s / 2.785s)
generated_audios/generated_H4_256C_pruned50_int8/61-70968-0043_generated.wav | RTF: 0.2797(1.884s / 6.735s) | Generator RTF: 0.2792(1.880s / 6.735s)
generated_audios/generated_H4_256C_pruned50_int8/61-70968-0044_generated.wav | RTF: 0.0588(0.163s / 2.770s) | Generator RTF: 0.0577(0.160s / 2.770s)
generated_audios/generated_H4_256C_pruned50_int8/61-70968-0045_generated.wav | RTF: 0.0589(0.205s / 3.475s) | Generator RTF: 0.0580(0.202s / 3.475s)
generated_audios/generated_H4_256C_pruned50_int8/61-70968-0046_generated.wav | RTF: 0.0603(0.214s / 3.550s) | Generator RTF: 0.0594(0.211s / 3.550s)
generated_audios/generated_H4_256C_pruned50_int8/61-70968-0047_generated.wav | RTF: 0.2682(1.281s / 4.775s) | Generator RTF: 0.2675(1.277s / 4.775s)
generated_audios/generated_H4_256C_pruned50_int8/61-70968-0048_generated.wav | RTF: 0.2755(0.832s / 3.020s) | Generator RTF: 0.2745(0.829s / 3.020s)
generated_audios/generated_H4_256C_pruned50_int8/61-70968-0049_generated.wav | RTF: 0.2852(2.353s / 8.250s) | Generator RTF: 0.2847(2.349s / 8.250s)
generated_audios/generated_H4_256C_pruned50_int8/61-70968-0050_generated.wav | RTF: 0.2943(1.642s / 5.580s) | Generator RTF: 0.2936(1.638s / 5.580s)
generated_audios/generated_H4_256C_pruned50_int8/61-70968-0051_generated.wav | RTF: 0.2752(0.863s / 3.135s) | Generator RTF: 0.2740(0.859s / 3.135s)
generated_audios/generated_H4_256C_pruned50_int8/61-70968-0052_generated.wav | RTF: 0.2573(0.682s / 2.650s) | Generator RTF: 0.2561(0.679s / 2.650s)
generated_audios/generated_H4_256C_pruned50_int8/61-70968-0053_generated.wav | RTF: 0.0567(0.239s / 4.220s) | Generator RTF: 0.0559(0.236s / 4.220s)
generated_audios/generated_H4_256C_pruned50_int8/61-70968-0054_generated.wav | RTF: 0.2716(2.135s / 7.860s) | Generator RTF: 0.2712(2.131s / 7.860s)
generated_audios/generated_H4_256C_pruned50_int8/61-70968-0055_generated.wav | RTF: 0.0562(0.223s / 3.965s) | Generator RTF: 0.0553(0.219s / 3.965s)
generated_audios/generated_H4_256C_pruned50_int8/61-70968-0056_generated.wav | RTF: 0.2673(0.953s / 3.565s) | Generator RTF: 0.2663(0.949s / 3.565s)
generated_audios/generated_H4_256C_pruned50_int8/61-70968-0057_generated.wav | RTF: 0.0567(0.287s / 5.065s) | Generator RTF: 0.0559(0.283s / 5.065s)
generated_audios/generated_H4_256C_pruned50_int8/61-70968-0058_generated.wav | RTF: 0.2659(0.484s / 1.820s) | Generator RTF: 0.2641(0.481s / 1.820s)
generated_audios/generated_H4_256C_pruned50_int8/61-70968-0059_generated.wav | RTF: 0.0606(0.131s / 2.170s) | Generator RTF: 0.0591(0.128s / 2.170s)
generated_audios/generated_H4_256C_pruned50_int8/61-70968-0060_generated.wav | RTF: 0.0568(0.212s / 3.735s) | Generator RTF: 0.0558(0.209s / 3.735s)
generated_audios/generated_H4_256C_pruned50_int8/61-70968-0061_generated.wav | RTF: 0.2754(1.523s / 5.530s) | Generator RTF: 0.2748(1.519s / 5.530s)
generated_audios/generated_H4_256C_pruned50_int8/61-70968-0062_generated.wav | RTF: 0.0583(0.149s / 2.555s) | Generator RTF: 0.0570(0.146s / 2.555s)
generated_audios/generated_H4_256C_pruned50_int8/61-70970-0000_generated.wav | RTF: 0.2736(1.662s / 6.075s) | Generator RTF: 0.2731(1.659s / 6.075s)
generated_audios/generated_H4_256C_pruned50_int8/61-70970-0001_generated.wav | RTF: 0.2749(1.692s / 6.155s) | Generator RTF: 0.2743(1.688s / 6.155s)
generated_audios/generated_H4_256C_pruned50_int8/61-70970-0002_generated.wav | RTF: 0.2753(1.147s / 4.165s) | Generator RTF: 0.2744(1.143s / 4.165s)
generated_audios/generated_H4_256C_pruned50_int8/61-70970-0003_generated.wav | RTF: 0.2690(1.032s / 3.835s) | Generator RTF: 0.2682(1.029s / 3.835s)
generated_audios/generated_H4_256C_pruned50_int8/61-70970-0004_generated.wav | RTF: 0.2789(2.933s / 10.515s) | Generator RTF: 0.2786(2.929s / 10.515s)
generated_audios/generated_H4_256C_pruned50_int8/61-70970-0005_generated.wav | RTF: 0.2903(0.586s / 2.020s) | Generator RTF: 0.2886(0.583s / 2.020s)
generated_audios/generated_H4_256C_pruned50_int8/61-70970-0006_generated.wav | RTF: 0.2865(0.669s / 2.335s) | Generator RTF: 0.2850(0.666s / 2.335s)
generated_audios/generated_H4_256C_pruned50_int8/61-70970-0007_generated.wav | RTF: 0.2885(1.294s / 4.485s) | Generator RTF: 0.2876(1.290s / 4.485s)
generated_audios/generated_H4_256C_pruned50_int8/61-70970-0008_generated.wav | RTF: 0.3025(0.650s / 2.150s) | Generator RTF: 0.3010(0.647s / 2.150s)
generated_audios/generated_H4_256C_pruned50_int8/61-70970-0009_generated.wav | RTF: 0.2856(0.972s / 3.405s) | Generator RTF: 0.2846(0.969s / 3.405s)
generated_audios/generated_H4_256C_pruned50_int8/61-70970-0010_generated.wav | RTF: 0.0565(0.172s / 3.045s) | Generator RTF: 0.0554(0.169s / 3.045s)
generated_audios/generated_H4_256C_pruned50_int8/61-70970-0011_generated.wav | RTF: 0.0523(0.318s / 6.075s) | Generator RTF: 0.0517(0.314s / 6.075s)
generated_audios/generated_H4_256C_pruned50_int8/61-70970-0012_generated.wav | RTF: 0.0515(0.161s / 3.135s) | Generator RTF: 0.0504(0.158s / 3.135s)
generated_audios/generated_H4_256C_pruned50_int8/61-70970-0013_generated.wav | RTF: 0.2884(1.255s / 4.350s) | Generator RTF: 0.2876(1.251s / 4.350s)
generated_audios/generated_H4_256C_pruned50_int8/61-70970-0014_generated.wav | RTF: 0.0508(0.173s / 3.405s) | Generator RTF: 0.0498(0.170s / 3.405s)
generated_audios/generated_H4_256C_pruned50_int8/61-70970-0015_generated.wav | RTF: 0.2848(2.396s / 8.415s) | Generator RTF: 0.2843(2.392s / 8.415s)
generated_audios/generated_H4_256C_pruned50_int8/61-70970-0016_generated.wav | RTF: 0.2799(1.223s / 4.370s) | Generator RTF: 0.2791(1.220s / 4.370s)
generated_audios/generated_H4_256C_pruned50_int8/61-70970-0017_generated.wav | RTF: 0.0582(0.148s / 2.550s) | Generator RTF: 0.0570(0.145s / 2.550s)
generated_audios/generated_H4_256C_pruned50_int8/61-70970-0018_generated.wav | RTF: 0.2758(1.269s / 4.600s) | Generator RTF: 0.2750(1.265s / 4.600s)
generated_audios/generated_H4_256C_pruned50_int8/61-70970-0019_generated.wav | RTF: 0.2794(1.056s / 3.780s) | Generator RTF: 0.2786(1.053s / 3.780s)
generated_audios/generated_H4_256C_pruned50_int8/61-70970-0020_generated.wav | RTF: 0.0580(0.291s / 5.025s) | Generator RTF: 0.0573(0.288s / 5.025s)
generated_audios/generated_H4_256C_pruned50_int8/61-70970-0021_generated.wav | RTF: 0.2770(1.497s / 5.405s) | Generator RTF: 0.2763(1.494s / 5.405s)
generated_audios/generated_H4_256C_pruned50_int8/61-70970-0022_generated.wav | RTF: 0.0563(0.224s / 3.970s) | Generator RTF: 0.0555(0.220s / 3.970s)
generated_audios/generated_H4_256C_pruned50_int8/61-70970-0023_generated.wav | RTF: 0.0562(0.208s / 3.705s) | Generator RTF: 0.0553(0.205s / 3.705s)
generated_audios/generated_H4_256C_pruned50_int8/61-70970-0024_generated.wav | RTF: 0.2805(2.030s / 7.235s) | Generator RTF: 0.2800(2.026s / 7.235s)
generated_audios/generated_H4_256C_pruned50_int8/61-70970-0025_generated.wav | RTF: 0.2865(2.130s / 7.435s) | Generator RTF: 0.2859(2.126s / 7.435s)
generated_audios/generated_H4_256C_pruned50_int8/61-70970-0026_generated.wav | RTF: 0.0579(0.317s / 5.475s) | Generator RTF: 0.0573(0.314s / 5.475s)
generated_audios/generated_H4_256C_pruned50_int8/61-70970-0027_generated.wav | RTF: 0.0585(0.297s / 5.080s) | Generator RTF: 0.0578(0.294s / 5.080s)
generated_audios/generated_H4_256C_pruned50_int8/61-70970-0028_generated.wav | RTF: 0.0570(0.373s / 6.550s) | Generator RTF: 0.0565(0.370s / 6.550s)
generated_audios/generated_H4_256C_pruned50_int8/61-70970-0029_generated.wav | RTF: 0.0578(0.233s / 4.030s) | Generator RTF: 0.0570(0.230s / 4.030s)
generated_audios/generated_H4_256C_pruned50_int8/61-70970-0030_generated.wav | RTF: 0.0575(0.186s / 3.240s) | Generator RTF: 0.0565(0.183s / 3.240s)
generated_audios/generated_H4_256C_pruned50_int8/61-70970-0031_generated.wav | RTF: 0.2783(1.429s / 5.135s) | Generator RTF: 0.2777(1.426s / 5.135s)
generated_audios/generated_H4_256C_pruned50_int8/61-70970-0032_generated.wav | RTF: 0.0517(0.162s / 3.135s) | Generator RTF: 0.0507(0.159s / 3.135s)
generated_audios/generated_H4_256C_pruned50_int8/61-70970-0033_generated.wav | RTF: 0.2708(0.926s / 3.420s) | Generator RTF: 0.2698(0.923s / 3.420s)
generated_audios/generated_H4_256C_pruned50_int8/61-70970-0034_generated.wav | RTF: 0.0563(0.252s / 4.485s) | Generator RTF: 0.0556(0.249s / 4.485s)
generated_audios/generated_H4_256C_pruned50_int8/61-70970-0035_generated.wav | RTF: 0.0568(0.421s / 7.405s) | Generator RTF: 0.0564(0.417s / 7.405s)
generated_audios/generated_H4_256C_pruned50_int8/61-70970-0036_generated.wav | RTF: 0.0571(0.388s / 6.785s) | Generator RTF: 0.0566(0.384s / 6.785s)
generated_audios/generated_H4_256C_pruned50_int8/61-70970-0037_generated.wav | RTF: 0.2760(1.651s / 5.980s) | Generator RTF: 0.2754(1.647s / 5.980s)
generated_audios/generated_H4_256C_pruned50_int8/61-70970-0038_generated.wav | RTF: 0.2807(2.920s / 10.400s) | Generator RTF: 0.2803(2.916s / 10.400s)
generated_audios/generated_H4_256C_pruned50_int8/61-70970-0039_generated.wav | RTF: 0.0566(0.377s / 6.665s) | Generator RTF: 0.0561(0.374s / 6.665s)
generated_audios/generated_H4_256C_pruned50_int8/61-70970-0040_generated.wav | RTF: 0.0569(0.237s / 4.165s) | Generator RTF: 0.0561(0.234s / 4.165s)
generated_audios/generated_H4_256C_pruned50_int8/672-122797-0000_generated.wav | RTF: 0.2841(1.156s / 4.070s) | Generator RTF: 0.2833(1.153s / 4.070s)
generated_audios/generated_H4_256C_pruned50_int8/672-122797-0001_generated.wav | RTF: 0.2804(4.242s / 15.130s) | Generator RTF: 0.2801(4.238s / 15.130s)
generated_audios/generated_H4_256C_pruned50_int8/672-122797-0002_generated.wav | RTF: 0.2787(3.797s / 13.620s) | Generator RTF: 0.2784(3.792s / 13.620s)
generated_audios/generated_H4_256C_pruned50_int8/672-122797-0003_generated.wav | RTF: 0.2882(1.372s / 4.760s) | Generator RTF: 0.2875(1.369s / 4.760s)
generated_audios/generated_H4_256C_pruned50_int8/672-122797-0004_generated.wav | RTF: 0.2797(2.867s / 10.250s) | Generator RTF: 0.2793(2.863s / 10.250s)
generated_audios/generated_H4_256C_pruned50_int8/672-122797-0005_generated.wav | RTF: 0.2918(0.951s / 3.260s) | Generator RTF: 0.2908(0.948s / 3.260s)
generated_audios/generated_H4_256C_pruned50_int8/672-122797-0006_generated.wav | RTF: 0.2820(3.934s / 13.950s) | Generator RTF: 0.2817(3.929s / 13.950s)
generated_audios/generated_H4_256C_pruned50_int8/672-122797-0007_generated.wav | RTF: 0.2910(1.869s / 6.420s) | Generator RTF: 0.2905(1.865s / 6.420s)
generated_audios/generated_H4_256C_pruned50_int8/672-122797-0008_generated.wav | RTF: 0.2958(9.113s / 30.810s) | Generator RTF: 0.2956(9.107s / 30.810s)
generated_audios/generated_H4_256C_pruned50_int8/672-122797-0009_generated.wav | RTF: 0.0590(0.163s / 2.765s) | Generator RTF: 0.0577(0.160s / 2.765s)
generated_audios/generated_H4_256C_pruned50_int8/672-122797-0010_generated.wav | RTF: 0.0564(0.215s / 3.815s) | Generator RTF: 0.0555(0.212s / 3.815s)
generated_audios/generated_H4_256C_pruned50_int8/672-122797-0011_generated.wav | RTF: 0.2846(0.723s / 2.540s) | Generator RTF: 0.2833(0.720s / 2.540s)
generated_audios/generated_H4_256C_pruned50_int8/672-122797-0012_generated.wav | RTF: 0.2823(2.192s / 7.765s) | Generator RTF: 0.2818(2.188s / 7.765s)
generated_audios/generated_H4_256C_pruned50_int8/672-122797-0013_generated.wav | RTF: 0.2784(2.424s / 8.705s) | Generator RTF: 0.2780(2.420s / 8.705s)
generated_audios/generated_H4_256C_pruned50_int8/672-122797-0014_generated.wav | RTF: 0.0593(0.151s / 2.555s) | Generator RTF: 0.0580(0.148s / 2.555s)
generated_audios/generated_H4_256C_pruned50_int8/672-122797-0015_generated.wav | RTF: 0.0571(0.254s / 4.455s) | Generator RTF: 0.0563(0.251s / 4.455s)
generated_audios/generated_H4_256C_pruned50_int8/672-122797-0016_generated.wav | RTF: 0.2786(2.568s / 9.215s) | Generator RTF: 0.2782(2.564s / 9.215s)
generated_audios/generated_H4_256C_pruned50_int8/672-122797-0017_generated.wav | RTF: 0.3202(1.544s / 4.820s) | Generator RTF: 0.3195(1.540s / 4.820s)
generated_audios/generated_H4_256C_pruned50_int8/672-122797-0018_generated.wav | RTF: 0.2763(1.362s / 4.930s) | Generator RTF: 0.2756(1.359s / 4.930s)
generated_audios/generated_H4_256C_pruned50_int8/672-122797-0019_generated.wav | RTF: 0.2716(1.116s / 4.110s) | Generator RTF: 0.2707(1.113s / 4.110s)
generated_audios/generated_H4_256C_pruned50_int8/672-122797-0020_generated.wav | RTF: 0.2799(2.470s / 8.825s) | Generator RTF: 0.2794(2.466s / 8.825s)
generated_audios/generated_H4_256C_pruned50_int8/672-122797-0021_generated.wav | RTF: 0.0564(0.234s / 4.150s) | Generator RTF: 0.0556(0.231s / 4.150s)
generated_audios/generated_H4_256C_pruned50_int8/672-122797-0022_generated.wav | RTF: 0.2831(5.380s / 19.005s) | Generator RTF: 0.2828(5.375s / 19.005s)
generated_audios/generated_H4_256C_pruned50_int8/672-122797-0023_generated.wav | RTF: 0.3196(3.098s / 9.695s) | Generator RTF: 0.3130(3.034s / 9.695s)
generated_audios/generated_H4_256C_pruned50_int8/672-122797-0024_generated.wav | RTF: 0.2786(1.150s / 4.130s) | Generator RTF: 0.2777(1.147s / 4.130s)
generated_audios/generated_H4_256C_pruned50_int8/672-122797-0025_generated.wav | RTF: 0.2825(3.020s / 10.690s) | Generator RTF: 0.2821(3.016s / 10.690s)
generated_audios/generated_H4_256C_pruned50_int8/672-122797-0026_generated.wav | RTF: 0.2820(3.937s / 13.960s) | Generator RTF: 0.2817(3.932s / 13.960s)
generated_audios/generated_H4_256C_pruned50_int8/672-122797-0027_generated.wav | RTF: 0.0575(0.275s / 4.790s) | Generator RTF: 0.0567(0.272s / 4.790s)
generated_audios/generated_H4_256C_pruned50_int8/672-122797-0028_generated.wav | RTF: 0.0625(0.163s / 2.610s) | Generator RTF: 0.0613(0.160s / 2.610s)
generated_audios/generated_H4_256C_pruned50_int8/672-122797-0029_generated.wav | RTF: 0.0587(0.179s / 3.050s) | Generator RTF: 0.0576(0.176s / 3.050s)
generated_audios/generated_H4_256C_pruned50_int8/672-122797-0030_generated.wav | RTF: 0.2750(1.258s / 4.575s) | Generator RTF: 0.2743(1.255s / 4.575s)
generated_audios/generated_H4_256C_pruned50_int8/672-122797-0031_generated.wav | RTF: 0.0571(0.227s / 3.980s) | Generator RTF: 0.0562(0.224s / 3.980s)
generated_audios/generated_H4_256C_pruned50_int8/672-122797-0032_generated.wav | RTF: 0.0565(0.226s / 4.000s) | Generator RTF: 0.0556(0.222s / 4.000s)
generated_audios/generated_H4_256C_pruned50_int8/672-122797-0033_generated.wav | RTF: 0.2731(0.351s / 1.285s) | Generator RTF: 0.2709(0.348s / 1.285s)
generated_audios/generated_H4_256C_pruned50_int8/672-122797-0034_generated.wav | RTF: 0.0571(0.292s / 5.110s) | Generator RTF: 0.0564(0.288s / 5.110s)
generated_audios/generated_H4_256C_pruned50_int8/672-122797-0035_generated.wav | RTF: 0.0592(0.172s / 2.900s) | Generator RTF: 0.0581(0.169s / 2.900s)
generated_audios/generated_H4_256C_pruned50_int8/672-122797-0036_generated.wav | RTF: 0.0587(0.315s / 5.365s) | Generator RTF: 0.0580(0.311s / 5.365s)
generated_audios/generated_H4_256C_pruned50_int8/672-122797-0037_generated.wav | RTF: 0.2651(0.520s / 1.960s) | Generator RTF: 0.2635(0.516s / 1.960s)
generated_audios/generated_H4_256C_pruned50_int8/672-122797-0038_generated.wav | RTF: 0.2779(2.445s / 8.800s) | Generator RTF: 0.2774(2.441s / 8.800s)
generated_audios/generated_H4_256C_pruned50_int8/672-122797-0039_generated.wav | RTF: 0.2792(1.124s / 4.025s) | Generator RTF: 0.2784(1.121s / 4.025s)
generated_audios/generated_H4_256C_pruned50_int8/672-122797-0040_generated.wav | RTF: 0.0570(0.292s / 5.125s) | Generator RTF: 0.0563(0.289s / 5.125s)
generated_audios/generated_H4_256C_pruned50_int8/672-122797-0041_generated.wav | RTF: 0.0569(0.221s / 3.880s) | Generator RTF: 0.0561(0.218s / 3.880s)
generated_audios/generated_H4_256C_pruned50_int8/672-122797-0042_generated.wav | RTF: 0.2827(4.328s / 15.310s) | Generator RTF: 0.2824(4.323s / 15.310s)
generated_audios/generated_H4_256C_pruned50_int8/672-122797-0043_generated.wav | RTF: 0.0575(0.217s / 3.780s) | Generator RTF: 0.0566(0.214s / 3.780s)
generated_audios/generated_H4_256C_pruned50_int8/672-122797-0044_generated.wav | RTF: 0.0575(0.215s / 3.740s) | Generator RTF: 0.0567(0.212s / 3.740s)
generated_audios/generated_H4_256C_pruned50_int8/672-122797-0045_generated.wav | RTF: 0.0554(0.774s / 13.960s) | Generator RTF: 0.0551(0.770s / 13.960s)
generated_audios/generated_H4_256C_pruned50_int8/672-122797-0046_generated.wav | RTF: 0.2764(1.303s / 4.715s) | Generator RTF: 0.2757(1.300s / 4.715s)
generated_audios/generated_H4_256C_pruned50_int8/672-122797-0047_generated.wav | RTF: 0.2759(0.917s / 3.325s) | Generator RTF: 0.2750(0.914s / 3.325s)
generated_audios/generated_H4_256C_pruned50_int8/672-122797-0048_generated.wav | RTF: 0.0570(0.373s / 6.555s) | Generator RTF: 0.0564(0.370s / 6.555s)
generated_audios/generated_H4_256C_pruned50_int8/672-122797-0049_generated.wav | RTF: 0.0602(0.122s / 2.020s) | Generator RTF: 0.0587(0.119s / 2.020s)
generated_audios/generated_H4_256C_pruned50_int8/672-122797-0050_generated.wav | RTF: 0.2807(1.363s / 4.855s) | Generator RTF: 0.2800(1.359s / 4.855s)
generated_audios/generated_H4_256C_pruned50_int8/672-122797-0051_generated.wav | RTF: 0.2794(1.303s / 4.665s) | Generator RTF: 0.2786(1.300s / 4.665s)
generated_audios/generated_H4_256C_pruned50_int8/672-122797-0052_generated.wav | RTF: 0.2739(1.174s / 4.285s) | Generator RTF: 0.2731(1.170s / 4.285s)
generated_audios/generated_H4_256C_pruned50_int8/672-122797-0053_generated.wav | RTF: 0.0581(0.172s / 2.955s) | Generator RTF: 0.0570(0.168s / 2.955s)
generated_audios/generated_H4_256C_pruned50_int8/672-122797-0054_generated.wav | RTF: 0.0578(0.245s / 4.250s) | Generator RTF: 0.0570(0.242s / 4.250s)
generated_audios/generated_H4_256C_pruned50_int8/672-122797-0055_generated.wav | RTF: 0.2787(2.294s / 8.230s) | Generator RTF: 0.2783(2.290s / 8.230s)
generated_audios/generated_H4_256C_pruned50_int8/672-122797-0056_generated.wav | RTF: 0.0579(0.303s / 5.225s) | Generator RTF: 0.0573(0.299s / 5.225s)
generated_audios/generated_H4_256C_pruned50_int8/672-122797-0057_generated.wav | RTF: 0.0574(0.377s / 6.560s) | Generator RTF: 0.0568(0.373s / 6.560s)
generated_audios/generated_H4_256C_pruned50_int8/672-122797-0058_generated.wav | RTF: 0.2821(1.261s / 4.470s) | Generator RTF: 0.2813(1.258s / 4.470s)
generated_audios/generated_H4_256C_pruned50_int8/672-122797-0059_generated.wav | RTF: 0.2744(0.966s / 3.520s) | Generator RTF: 0.2735(0.963s / 3.520s)
generated_audios/generated_H4_256C_pruned50_int8/672-122797-0060_generated.wav | RTF: 0.0595(0.199s / 3.350s) | Generator RTF: 0.0585(0.196s / 3.350s)
generated_audios/generated_H4_256C_pruned50_int8/672-122797-0061_generated.wav | RTF: 0.2792(2.119s / 7.590s) | Generator RTF: 0.2787(2.115s / 7.590s)
generated_audios/generated_H4_256C_pruned50_int8/672-122797-0062_generated.wav | RTF: 0.2809(0.751s / 2.675s) | Generator RTF: 0.2796(0.748s / 2.675s)
generated_audios/generated_H4_256C_pruned50_int8/672-122797-0063_generated.wav | RTF: 0.0576(0.292s / 5.075s) | Generator RTF: 0.0569(0.289s / 5.075s)
generated_audios/generated_H4_256C_pruned50_int8/672-122797-0064_generated.wav | RTF: 0.3091(4.721s / 15.270s) | Generator RTF: 0.3089(4.716s / 15.270s)
generated_audios/generated_H4_256C_pruned50_int8/672-122797-0065_generated.wav | RTF: 0.0586(0.178s / 3.030s) | Generator RTF: 0.0574(0.174s / 3.030s)
generated_audios/generated_H4_256C_pruned50_int8/672-122797-0066_generated.wav | RTF: 0.0573(0.276s / 4.815s) | Generator RTF: 0.0565(0.272s / 4.815s)
generated_audios/generated_H4_256C_pruned50_int8/672-122797-0067_generated.wav | RTF: 0.2797(3.646s / 13.035s) | Generator RTF: 0.2794(3.642s / 13.035s)
generated_audios/generated_H4_256C_pruned50_int8/672-122797-0068_generated.wav | RTF: 0.0568(0.228s / 4.020s) | Generator RTF: 0.0560(0.225s / 4.020s)
generated_audios/generated_H4_256C_pruned50_int8/672-122797-0069_generated.wav | RTF: 0.2779(1.392s / 5.010s) | Generator RTF: 0.2772(1.389s / 5.010s)
generated_audios/generated_H4_256C_pruned50_int8/672-122797-0070_generated.wav | RTF: 0.2785(1.746s / 6.270s) | Generator RTF: 0.2779(1.742s / 6.270s)
generated_audios/generated_H4_256C_pruned50_int8/672-122797-0071_generated.wav | RTF: 0.2817(2.500s / 8.875s) | Generator RTF: 0.2813(2.497s / 8.875s)
generated_audios/generated_H4_256C_pruned50_int8/672-122797-0072_generated.wav | RTF: 0.2783(2.210s / 7.940s) | Generator RTF: 0.2778(2.206s / 7.940s)
generated_audios/generated_H4_256C_pruned50_int8/672-122797-0073_generated.wav | RTF: 0.2810(2.306s / 8.205s) | Generator RTF: 0.2806(2.302s / 8.205s)
generated_audios/generated_H4_256C_pruned50_int8/672-122797-0074_generated.wav | RTF: 0.2798(2.443s / 8.730s) | Generator RTF: 0.2794(2.439s / 8.730s)
generated_audios/generated_H4_256C_pruned50_int8/908-157963-0000_generated.wav | RTF: 0.2800(3.534s / 12.620s) | Generator RTF: 0.2797(3.530s / 12.620s)
generated_audios/generated_H4_256C_pruned50_int8/908-157963-0001_generated.wav | RTF: 0.2765(0.798s / 2.885s) | Generator RTF: 0.2753(0.794s / 2.885s)
generated_audios/generated_H4_256C_pruned50_int8/908-157963-0002_generated.wav | RTF: 0.2672(0.736s / 2.755s) | Generator RTF: 0.2661(0.733s / 2.755s)
generated_audios/generated_H4_256C_pruned50_int8/908-157963-0003_generated.wav | RTF: 0.2765(0.852s / 3.080s) | Generator RTF: 0.2754(0.848s / 3.080s)
generated_audios/generated_H4_256C_pruned50_int8/908-157963-0004_generated.wav | RTF: 0.2835(3.966s / 13.990s) | Generator RTF: 0.2831(3.961s / 13.990s)
generated_audios/generated_H4_256C_pruned50_int8/908-157963-0005_generated.wav | RTF: 0.2808(1.975s / 7.035s) | Generator RTF: 0.2802(1.972s / 7.035s)
generated_audios/generated_H4_256C_pruned50_int8/908-157963-0006_generated.wav | RTF: 0.2828(2.294s / 8.110s) | Generator RTF: 0.2824(2.290s / 8.110s)
generated_audios/generated_H4_256C_pruned50_int8/908-157963-0007_generated.wav | RTF: 0.2873(9.414s / 32.770s) | Generator RTF: 0.2871(9.408s / 32.770s)
generated_audios/generated_H4_256C_pruned50_int8/908-157963-0008_generated.wav | RTF: 0.3029(6.042s / 19.950s) | Generator RTF: 0.3026(6.037s / 19.950s)
generated_audios/generated_H4_256C_pruned50_int8/908-157963-0009_generated.wav | RTF: 0.2798(1.136s / 4.060s) | Generator RTF: 0.2791(1.133s / 4.060s)
generated_audios/generated_H4_256C_pruned50_int8/908-157963-0010_generated.wav | RTF: 0.0523(0.329s / 6.280s) | Generator RTF: 0.0518(0.325s / 6.280s)
generated_audios/generated_H4_256C_pruned50_int8/908-157963-0011_generated.wav | RTF: 0.0580(0.603s / 10.395s) | Generator RTF: 0.0576(0.599s / 10.395s)
generated_audios/generated_H4_256C_pruned50_int8/908-157963-0012_generated.wav | RTF: 0.2838(2.863s / 10.090s) | Generator RTF: 0.2834(2.859s / 10.090s)
generated_audios/generated_H4_256C_pruned50_int8/908-157963-0013_generated.wav | RTF: 0.0559(0.241s / 4.315s) | Generator RTF: 0.0552(0.238s / 4.315s)
generated_audios/generated_H4_256C_pruned50_int8/908-157963-0014_generated.wav | RTF: 0.0554(0.250s / 4.520s) | Generator RTF: 0.0546(0.247s / 4.520s)
generated_audios/generated_H4_256C_pruned50_int8/908-157963-0015_generated.wav | RTF: 0.2827(4.089s / 14.465s) | Generator RTF: 0.2825(4.086s / 14.465s)
generated_audios/generated_H4_256C_pruned50_int8/908-157963-0016_generated.wav | RTF: 0.0575(0.294s / 5.105s) | Generator RTF: 0.0568(0.290s / 5.105s)
generated_audios/generated_H4_256C_pruned50_int8/908-157963-0017_generated.wav | RTF: 0.2746(1.359s / 4.950s) | Generator RTF: 0.2739(1.356s / 4.950s)
generated_audios/generated_H4_256C_pruned50_int8/908-157963-0018_generated.wav | RTF: 0.0558(0.238s / 4.255s) | Generator RTF: 0.0551(0.234s / 4.255s)
generated_audios/generated_H4_256C_pruned50_int8/908-157963-0019_generated.wav | RTF: 0.2875(6.164s / 21.440s) | Generator RTF: 0.2872(6.158s / 21.440s)
generated_audios/generated_H4_256C_pruned50_int8/908-157963-0020_generated.wav | RTF: 0.2825(2.768s / 9.800s) | Generator RTF: 0.2820(2.764s / 9.800s)
generated_audios/generated_H4_256C_pruned50_int8/908-157963-0021_generated.wav | RTF: 0.0580(0.594s / 10.240s) | Generator RTF: 0.0576(0.589s / 10.240s)
generated_audios/generated_H4_256C_pruned50_int8/908-157963-0022_generated.wav | RTF: 0.2832(1.305s / 4.610s) | Generator RTF: 0.2825(1.302s / 4.610s)
generated_audios/generated_H4_256C_pruned50_int8/908-157963-0023_generated.wav | RTF: 0.2821(2.715s / 9.625s) | Generator RTF: 0.2817(2.711s / 9.625s)
generated_audios/generated_H4_256C_pruned50_int8/908-157963-0024_generated.wav | RTF: 0.2790(0.960s / 3.440s) | Generator RTF: 0.2779(0.956s / 3.440s)
generated_audios/generated_H4_256C_pruned50_int8/908-157963-0025_generated.wav | RTF: 0.2812(2.606s / 9.265s) | Generator RTF: 0.2807(2.601s / 9.265s)
generated_audios/generated_H4_256C_pruned50_int8/908-157963-0026_generated.wav | RTF: 0.2840(2.300s / 8.100s) | Generator RTF: 0.2835(2.296s / 8.100s)
generated_audios/generated_H4_256C_pruned50_int8/908-157963-0027_generated.wav | RTF: 0.0572(0.299s / 5.225s) | Generator RTF: 0.0566(0.296s / 5.225s)
generated_audios/generated_H4_256C_pruned50_int8/908-157963-0028_generated.wav | RTF: 0.0520(0.258s / 4.955s) | Generator RTF: 0.0514(0.254s / 4.955s)
generated_audios/generated_H4_256C_pruned50_int8/908-157963-0029_generated.wav | RTF: 0.2740(0.995s / 3.630s) | Generator RTF: 0.2731(0.991s / 3.630s)
generated_audios/generated_H4_256C_pruned50_int8/908-157963-0030_generated.wav | RTF: 0.0521(0.235s / 4.520s) | Generator RTF: 0.0513(0.232s / 4.520s)
generated_audios/generated_H4_256C_pruned50_int8/908-31957-0000_generated.wav | RTF: 0.2710(0.576s / 2.125s) | Generator RTF: 0.2695(0.573s / 2.125s)
generated_audios/generated_H4_256C_pruned50_int8/908-31957-0001_generated.wav | RTF: 0.2812(3.182s / 11.315s) | Generator RTF: 0.2809(3.178s / 11.315s)
generated_audios/generated_H4_256C_pruned50_int8/908-31957-0002_generated.wav | RTF: 0.0568(0.272s / 4.790s) | Generator RTF: 0.0561(0.269s / 4.790s)
generated_audios/generated_H4_256C_pruned50_int8/908-31957-0003_generated.wav | RTF: 0.0569(0.373s / 6.565s) | Generator RTF: 0.0564(0.370s / 6.565s)
generated_audios/generated_H4_256C_pruned50_int8/908-31957-0004_generated.wav | RTF: 0.2864(4.226s / 14.755s) | Generator RTF: 0.2861(4.222s / 14.755s)
generated_audios/generated_H4_256C_pruned50_int8/908-31957-0005_generated.wav | RTF: 0.0574(0.258s / 4.490s) | Generator RTF: 0.0569(0.255s / 4.490s)
generated_audios/generated_H4_256C_pruned50_int8/908-31957-0006_generated.wav | RTF: 0.2789(1.643s / 5.890s) | Generator RTF: 0.2783(1.639s / 5.890s)
generated_audios/generated_H4_256C_pruned50_int8/908-31957-0007_generated.wav | RTF: 0.0572(0.332s / 5.800s) | Generator RTF: 0.0565(0.328s / 5.800s)
generated_audios/generated_H4_256C_pruned50_int8/908-31957-0008_generated.wav | RTF: 0.2814(2.815s / 10.005s) | Generator RTF: 0.2810(2.811s / 10.005s)
generated_audios/generated_H4_256C_pruned50_int8/908-31957-0009_generated.wav | RTF: 0.2789(2.149s / 7.705s) | Generator RTF: 0.2785(2.146s / 7.705s)
generated_audios/generated_H4_256C_pruned50_int8/908-31957-0010_generated.wav | RTF: 0.2745(0.689s / 2.510s) | Generator RTF: 0.2733(0.686s / 2.510s)
generated_audios/generated_H4_256C_pruned50_int8/908-31957-0011_generated.wav | RTF: 0.0603(0.141s / 2.335s) | Generator RTF: 0.0591(0.138s / 2.335s)
generated_audios/generated_H4_256C_pruned50_int8/908-31957-0012_generated.wav | RTF: 0.2842(2.164s / 7.615s) | Generator RTF: 0.2837(2.160s / 7.615s)
generated_audios/generated_H4_256C_pruned50_int8/908-31957-0013_generated.wav | RTF: 0.2825(1.746s / 6.180s) | Generator RTF: 0.2819(1.742s / 6.180s)
generated_audios/generated_H4_256C_pruned50_int8/908-31957-0014_generated.wav | RTF: 0.2812(2.126s / 7.560s) | Generator RTF: 0.2808(2.123s / 7.560s)
generated_audios/generated_H4_256C_pruned50_int8/908-31957-0015_generated.wav | RTF: 0.2928(6.286s / 21.465s) | Generator RTF: 0.2926(6.281s / 21.465s)
generated_audios/generated_H4_256C_pruned50_int8/908-31957-0016_generated.wav | RTF: 0.2853(1.849s / 6.480s) | Generator RTF: 0.2847(1.845s / 6.480s)
generated_audios/generated_H4_256C_pruned50_int8/908-31957-0017_generated.wav | RTF: 0.2859(2.228s / 7.795s) | Generator RTF: 0.2854(2.224s / 7.795s)
generated_audios/generated_H4_256C_pruned50_int8/908-31957-0018_generated.wav | RTF: 0.2825(1.106s / 3.915s) | Generator RTF: 0.2816(1.102s / 3.915s)
generated_audios/generated_H4_256C_pruned50_int8/908-31957-0019_generated.wav | RTF: 0.2860(2.729s / 9.540s) | Generator RTF: 0.2856(2.725s / 9.540s)
generated_audios/generated_H4_256C_pruned50_int8/908-31957-0020_generated.wav | RTF: 0.0535(0.316s / 5.895s) | Generator RTF: 0.0529(0.312s / 5.895s)
generated_audios/generated_H4_256C_pruned50_int8/908-31957-0021_generated.wav | RTF: 0.2827(3.083s / 10.905s) | Generator RTF: 0.2823(3.078s / 10.905s)
generated_audios/generated_H4_256C_pruned50_int8/908-31957-0022_generated.wav | RTF: 0.2843(4.009s / 14.100s) | Generator RTF: 0.2840(4.004s / 14.100s)
generated_audios/generated_H4_256C_pruned50_int8/908-31957-0023_generated.wav | RTF: 0.2824(2.405s / 8.515s) | Generator RTF: 0.2819(2.401s / 8.515s)
generated_audios/generated_H4_256C_pruned50_int8/908-31957-0024_generated.wav | RTF: 0.2828(2.133s / 7.540s) | Generator RTF: 0.2824(2.129s / 7.540s)
generated_audios/generated_H4_256C_pruned50_int8/908-31957-0025_generated.wav | RTF: 0.3100(6.374s / 20.560s) | Generator RTF: 0.3098(6.369s / 20.560s)
Average RTF: 0.2112(667.503s / 3159.849s)
Average Generator RTF: 0.2106(665.493s / 3159.849s)
Evaluation summary:
  Mel-spectrogram L1: 0.909031
  PESQ: 2.056890
  STOI: 0.899603
Appended per-audio metrics to CSV: per_audio_results/H4_256C_int8_Mask_pruning

Appended metrics to CSV: experiments_results.csv
========== H4: pruning 70% + quantize ==========
Initializing Inference Process..
Using device: cpu (baseline and quantized inference both run on CPU)
Quantization enabled: forcing CPU inference for INT8 model.
Loading '/home/hpc/vlbi/vlbi107v/hifi-gan/cp_hifigan/v1_c256_ft70/g_00265000'
Complete.
Checkpoint contains masked pruning parameters. Preparing masked model before loading...
Removing weight norm...
Skipping ConvTranspose1d pruning for ups.0
Skipping ConvTranspose1d pruning for ups.1
Skipping ConvTranspose1d pruning for ups.2
Skipping ConvTranspose1d pruning for ups.3
Pruning (with mask) resblocks.0.convs1.0 (Conv1d): out_channels=128, dim=0, amount=0.0
Done pruning (with mask) resblocks.0.convs1.0 (Conv1d)
Pruning (with mask) resblocks.0.convs1.1 (Conv1d): out_channels=128, dim=0, amount=0.0
Done pruning (with mask) resblocks.0.convs1.1 (Conv1d)
Pruning (with mask) resblocks.0.convs1.2 (Conv1d): out_channels=128, dim=0, amount=0.0
Done pruning (with mask) resblocks.0.convs1.2 (Conv1d)
Pruning (with mask) resblocks.0.convs2.0 (Conv1d): out_channels=128, dim=0, amount=0.0
Done pruning (with mask) resblocks.0.convs2.0 (Conv1d)
Pruning (with mask) resblocks.0.convs2.1 (Conv1d): out_channels=128, dim=0, amount=0.0
Done pruning (with mask) resblocks.0.convs2.1 (Conv1d)
Pruning (with mask) resblocks.0.convs2.2 (Conv1d): out_channels=128, dim=0, amount=0.0
Done pruning (with mask) resblocks.0.convs2.2 (Conv1d)
Pruning (with mask) resblocks.1.convs1.0 (Conv1d): out_channels=128, dim=0, amount=0.0
Done pruning (with mask) resblocks.1.convs1.0 (Conv1d)
Pruning (with mask) resblocks.1.convs1.1 (Conv1d): out_channels=128, dim=0, amount=0.0
Done pruning (with mask) resblocks.1.convs1.1 (Conv1d)
Pruning (with mask) resblocks.1.convs1.2 (Conv1d): out_channels=128, dim=0, amount=0.0
Done pruning (with mask) resblocks.1.convs1.2 (Conv1d)
Pruning (with mask) resblocks.1.convs2.0 (Conv1d): out_channels=128, dim=0, amount=0.0
Done pruning (with mask) resblocks.1.convs2.0 (Conv1d)
Pruning (with mask) resblocks.1.convs2.1 (Conv1d): out_channels=128, dim=0, amount=0.0
Done pruning (with mask) resblocks.1.convs2.1 (Conv1d)
Pruning (with mask) resblocks.1.convs2.2 (Conv1d): out_channels=128, dim=0, amount=0.0
Done pruning (with mask) resblocks.1.convs2.2 (Conv1d)
Pruning (with mask) resblocks.2.convs1.0 (Conv1d): out_channels=128, dim=0, amount=0.0
Done pruning (with mask) resblocks.2.convs1.0 (Conv1d)
Pruning (with mask) resblocks.2.convs1.1 (Conv1d): out_channels=128, dim=0, amount=0.0
Done pruning (with mask) resblocks.2.convs1.1 (Conv1d)
Pruning (with mask) resblocks.2.convs1.2 (Conv1d): out_channels=128, dim=0, amount=0.0
Done pruning (with mask) resblocks.2.convs1.2 (Conv1d)
Pruning (with mask) resblocks.2.convs2.0 (Conv1d): out_channels=128, dim=0, amount=0.0
Done pruning (with mask) resblocks.2.convs2.0 (Conv1d)
Pruning (with mask) resblocks.2.convs2.1 (Conv1d): out_channels=128, dim=0, amount=0.0
Done pruning (with mask) resblocks.2.convs2.1 (Conv1d)
Pruning (with mask) resblocks.2.convs2.2 (Conv1d): out_channels=128, dim=0, amount=0.0
Done pruning (with mask) resblocks.2.convs2.2 (Conv1d)
Pruning (with mask) resblocks.3.convs1.0 (Conv1d): out_channels=64, dim=0, amount=0.0
Done pruning (with mask) resblocks.3.convs1.0 (Conv1d)
Pruning (with mask) resblocks.3.convs1.1 (Conv1d): out_channels=64, dim=0, amount=0.0
Done pruning (with mask) resblocks.3.convs1.1 (Conv1d)
Pruning (with mask) resblocks.3.convs1.2 (Conv1d): out_channels=64, dim=0, amount=0.0
Done pruning (with mask) resblocks.3.convs1.2 (Conv1d)
Pruning (with mask) resblocks.3.convs2.0 (Conv1d): out_channels=64, dim=0, amount=0.0
Done pruning (with mask) resblocks.3.convs2.0 (Conv1d)
Pruning (with mask) resblocks.3.convs2.1 (Conv1d): out_channels=64, dim=0, amount=0.0
Done pruning (with mask) resblocks.3.convs2.1 (Conv1d)
Pruning (with mask) resblocks.3.convs2.2 (Conv1d): out_channels=64, dim=0, amount=0.0
Done pruning (with mask) resblocks.3.convs2.2 (Conv1d)
Pruning (with mask) resblocks.4.convs1.0 (Conv1d): out_channels=64, dim=0, amount=0.0
Done pruning (with mask) resblocks.4.convs1.0 (Conv1d)
Pruning (with mask) resblocks.4.convs1.1 (Conv1d): out_channels=64, dim=0, amount=0.0
Done pruning (with mask) resblocks.4.convs1.1 (Conv1d)
Pruning (with mask) resblocks.4.convs1.2 (Conv1d): out_channels=64, dim=0, amount=0.0
Done pruning (with mask) resblocks.4.convs1.2 (Conv1d)
Pruning (with mask) resblocks.4.convs2.0 (Conv1d): out_channels=64, dim=0, amount=0.0
Done pruning (with mask) resblocks.4.convs2.0 (Conv1d)
Pruning (with mask) resblocks.4.convs2.1 (Conv1d): out_channels=64, dim=0, amount=0.0
Done pruning (with mask) resblocks.4.convs2.1 (Conv1d)
Pruning (with mask) resblocks.4.convs2.2 (Conv1d): out_channels=64, dim=0, amount=0.0
Done pruning (with mask) resblocks.4.convs2.2 (Conv1d)
Pruning (with mask) resblocks.5.convs1.0 (Conv1d): out_channels=64, dim=0, amount=0.0
Done pruning (with mask) resblocks.5.convs1.0 (Conv1d)
Pruning (with mask) resblocks.5.convs1.1 (Conv1d): out_channels=64, dim=0, amount=0.0
Done pruning (with mask) resblocks.5.convs1.1 (Conv1d)
Pruning (with mask) resblocks.5.convs1.2 (Conv1d): out_channels=64, dim=0, amount=0.0
Done pruning (with mask) resblocks.5.convs1.2 (Conv1d)
Pruning (with mask) resblocks.5.convs2.0 (Conv1d): out_channels=64, dim=0, amount=0.0
Done pruning (with mask) resblocks.5.convs2.0 (Conv1d)
Pruning (with mask) resblocks.5.convs2.1 (Conv1d): out_channels=64, dim=0, amount=0.0
Done pruning (with mask) resblocks.5.convs2.1 (Conv1d)
Pruning (with mask) resblocks.5.convs2.2 (Conv1d): out_channels=64, dim=0, amount=0.0
Done pruning (with mask) resblocks.5.convs2.2 (Conv1d)
Pruning (with mask) resblocks.6.convs1.0 (Conv1d): out_channels=32, dim=0, amount=0.0
Done pruning (with mask) resblocks.6.convs1.0 (Conv1d)
Pruning (with mask) resblocks.6.convs1.1 (Conv1d): out_channels=32, dim=0, amount=0.0
Done pruning (with mask) resblocks.6.convs1.1 (Conv1d)
Pruning (with mask) resblocks.6.convs1.2 (Conv1d): out_channels=32, dim=0, amount=0.0
Done pruning (with mask) resblocks.6.convs1.2 (Conv1d)
Pruning (with mask) resblocks.6.convs2.0 (Conv1d): out_channels=32, dim=0, amount=0.0
Done pruning (with mask) resblocks.6.convs2.0 (Conv1d)
Pruning (with mask) resblocks.6.convs2.1 (Conv1d): out_channels=32, dim=0, amount=0.0
Done pruning (with mask) resblocks.6.convs2.1 (Conv1d)
Pruning (with mask) resblocks.6.convs2.2 (Conv1d): out_channels=32, dim=0, amount=0.0
Done pruning (with mask) resblocks.6.convs2.2 (Conv1d)
Pruning (with mask) resblocks.7.convs1.0 (Conv1d): out_channels=32, dim=0, amount=0.0
Done pruning (with mask) resblocks.7.convs1.0 (Conv1d)
Pruning (with mask) resblocks.7.convs1.1 (Conv1d): out_channels=32, dim=0, amount=0.0
Done pruning (with mask) resblocks.7.convs1.1 (Conv1d)
Pruning (with mask) resblocks.7.convs1.2 (Conv1d): out_channels=32, dim=0, amount=0.0
Done pruning (with mask) resblocks.7.convs1.2 (Conv1d)
Pruning (with mask) resblocks.7.convs2.0 (Conv1d): out_channels=32, dim=0, amount=0.0
Done pruning (with mask) resblocks.7.convs2.0 (Conv1d)
Pruning (with mask) resblocks.7.convs2.1 (Conv1d): out_channels=32, dim=0, amount=0.0
Done pruning (with mask) resblocks.7.convs2.1 (Conv1d)
Pruning (with mask) resblocks.7.convs2.2 (Conv1d): out_channels=32, dim=0, amount=0.0
Done pruning (with mask) resblocks.7.convs2.2 (Conv1d)
Pruning (with mask) resblocks.8.convs1.0 (Conv1d): out_channels=32, dim=0, amount=0.0
Done pruning (with mask) resblocks.8.convs1.0 (Conv1d)
Pruning (with mask) resblocks.8.convs1.1 (Conv1d): out_channels=32, dim=0, amount=0.0
Done pruning (with mask) resblocks.8.convs1.1 (Conv1d)
Pruning (with mask) resblocks.8.convs1.2 (Conv1d): out_channels=32, dim=0, amount=0.0
Done pruning (with mask) resblocks.8.convs1.2 (Conv1d)
Pruning (with mask) resblocks.8.convs2.0 (Conv1d): out_channels=32, dim=0, amount=0.0
Done pruning (with mask) resblocks.8.convs2.0 (Conv1d)
Pruning (with mask) resblocks.8.convs2.1 (Conv1d): out_channels=32, dim=0, amount=0.0
Done pruning (with mask) resblocks.8.convs2.1 (Conv1d)
Pruning (with mask) resblocks.8.convs2.2 (Conv1d): out_channels=32, dim=0, amount=0.0
Done pruning (with mask) resblocks.8.convs2.2 (Conv1d)
Pruning (with mask) resblocks.9.convs1.0 (Conv1d): out_channels=16, dim=0, amount=0.0
Done pruning (with mask) resblocks.9.convs1.0 (Conv1d)
Pruning (with mask) resblocks.9.convs1.1 (Conv1d): out_channels=16, dim=0, amount=0.0
Done pruning (with mask) resblocks.9.convs1.1 (Conv1d)
Pruning (with mask) resblocks.9.convs1.2 (Conv1d): out_channels=16, dim=0, amount=0.0
Done pruning (with mask) resblocks.9.convs1.2 (Conv1d)
Pruning (with mask) resblocks.9.convs2.0 (Conv1d): out_channels=16, dim=0, amount=0.0
Done pruning (with mask) resblocks.9.convs2.0 (Conv1d)
Pruning (with mask) resblocks.9.convs2.1 (Conv1d): out_channels=16, dim=0, amount=0.0
Done pruning (with mask) resblocks.9.convs2.1 (Conv1d)
Pruning (with mask) resblocks.9.convs2.2 (Conv1d): out_channels=16, dim=0, amount=0.0
Done pruning (with mask) resblocks.9.convs2.2 (Conv1d)
Pruning (with mask) resblocks.10.convs1.0 (Conv1d): out_channels=16, dim=0, amount=0.0
Done pruning (with mask) resblocks.10.convs1.0 (Conv1d)
Pruning (with mask) resblocks.10.convs1.1 (Conv1d): out_channels=16, dim=0, amount=0.0
Done pruning (with mask) resblocks.10.convs1.1 (Conv1d)
Pruning (with mask) resblocks.10.convs1.2 (Conv1d): out_channels=16, dim=0, amount=0.0
Done pruning (with mask) resblocks.10.convs1.2 (Conv1d)
Pruning (with mask) resblocks.10.convs2.0 (Conv1d): out_channels=16, dim=0, amount=0.0
Done pruning (with mask) resblocks.10.convs2.0 (Conv1d)
Pruning (with mask) resblocks.10.convs2.1 (Conv1d): out_channels=16, dim=0, amount=0.0
Done pruning (with mask) resblocks.10.convs2.1 (Conv1d)
Pruning (with mask) resblocks.10.convs2.2 (Conv1d): out_channels=16, dim=0, amount=0.0
Done pruning (with mask) resblocks.10.convs2.2 (Conv1d)
Pruning (with mask) resblocks.11.convs1.0 (Conv1d): out_channels=16, dim=0, amount=0.0
Done pruning (with mask) resblocks.11.convs1.0 (Conv1d)
Pruning (with mask) resblocks.11.convs1.1 (Conv1d): out_channels=16, dim=0, amount=0.0
Done pruning (with mask) resblocks.11.convs1.1 (Conv1d)
Pruning (with mask) resblocks.11.convs1.2 (Conv1d): out_channels=16, dim=0, amount=0.0
Done pruning (with mask) resblocks.11.convs1.2 (Conv1d)
Pruning (with mask) resblocks.11.convs2.0 (Conv1d): out_channels=16, dim=0, amount=0.0
Done pruning (with mask) resblocks.11.convs2.0 (Conv1d)
Pruning (with mask) resblocks.11.convs2.1 (Conv1d): out_channels=16, dim=0, amount=0.0
Done pruning (with mask) resblocks.11.convs2.1 (Conv1d)
Pruning (with mask) resblocks.11.convs2.2 (Conv1d): out_channels=16, dim=0, amount=0.0
Done pruning (with mask) resblocks.11.convs2.2 (Conv1d)
Removing pruning masks from masked checkpoint before inference...
Removed pruning masks from 72 modules
Removing weight norm...
Calibrating static quantization using 50 samples...
INT8 quantization scope: resblocks_range
Quantizing residual blocks 3..8; all other layers stay FP32.
Checking quantized modules after static quantization:
Quantized module: resblocks.3.convs1.0 (torch.ao.nn.quantized.modules.conv.Conv1d)
Quantized module: resblocks.3.convs1.1 (torch.ao.nn.quantized.modules.conv.Conv1d)
Quantized module: resblocks.3.convs1.2 (torch.ao.nn.quantized.modules.conv.Conv1d)
Quantized module: resblocks.3.convs2.0 (torch.ao.nn.quantized.modules.conv.Conv1d)
Quantized module: resblocks.3.convs2.1 (torch.ao.nn.quantized.modules.conv.Conv1d)
Quantized module: resblocks.3.convs2.2 (torch.ao.nn.quantized.modules.conv.Conv1d)
Quantized module: resblocks.4.convs1.0 (torch.ao.nn.quantized.modules.conv.Conv1d)
Quantized module: resblocks.4.convs1.1 (torch.ao.nn.quantized.modules.conv.Conv1d)
Quantized module: resblocks.4.convs1.2 (torch.ao.nn.quantized.modules.conv.Conv1d)
Quantized module: resblocks.4.convs2.0 (torch.ao.nn.quantized.modules.conv.Conv1d)
Quantized module: resblocks.4.convs2.1 (torch.ao.nn.quantized.modules.conv.Conv1d)
Quantized module: resblocks.4.convs2.2 (torch.ao.nn.quantized.modules.conv.Conv1d)
Quantized module: resblocks.5.convs1.0 (torch.ao.nn.quantized.modules.conv.Conv1d)
Quantized module: resblocks.5.convs1.1 (torch.ao.nn.quantized.modules.conv.Conv1d)
Quantized module: resblocks.5.convs1.2 (torch.ao.nn.quantized.modules.conv.Conv1d)
Quantized module: resblocks.5.convs2.0 (torch.ao.nn.quantized.modules.conv.Conv1d)
Quantized module: resblocks.5.convs2.1 (torch.ao.nn.quantized.modules.conv.Conv1d)
Quantized module: resblocks.5.convs2.2 (torch.ao.nn.quantized.modules.conv.Conv1d)
Quantized module: resblocks.6.convs1.0 (torch.ao.nn.quantized.modules.conv.Conv1d)
Quantized module: resblocks.6.convs1.1 (torch.ao.nn.quantized.modules.conv.Conv1d)
Quantized module: resblocks.6.convs1.2 (torch.ao.nn.quantized.modules.conv.Conv1d)
Quantized module: resblocks.6.convs2.0 (torch.ao.nn.quantized.modules.conv.Conv1d)
Quantized module: resblocks.6.convs2.1 (torch.ao.nn.quantized.modules.conv.Conv1d)
Quantized module: resblocks.6.convs2.2 (torch.ao.nn.quantized.modules.conv.Conv1d)
Quantized module: resblocks.7.convs1.0 (torch.ao.nn.quantized.modules.conv.Conv1d)
Quantized module: resblocks.7.convs1.1 (torch.ao.nn.quantized.modules.conv.Conv1d)
Quantized module: resblocks.7.convs1.2 (torch.ao.nn.quantized.modules.conv.Conv1d)
Quantized module: resblocks.7.convs2.0 (torch.ao.nn.quantized.modules.conv.Conv1d)
Quantized module: resblocks.7.convs2.1 (torch.ao.nn.quantized.modules.conv.Conv1d)
Quantized module: resblocks.7.convs2.2 (torch.ao.nn.quantized.modules.conv.Conv1d)
Quantized module: resblocks.8.convs1.0 (torch.ao.nn.quantized.modules.conv.Conv1d)
Quantized module: resblocks.8.convs1.1 (torch.ao.nn.quantized.modules.conv.Conv1d)
Quantized module: resblocks.8.convs1.2 (torch.ao.nn.quantized.modules.conv.Conv1d)
Quantized module: resblocks.8.convs2.0 (torch.ao.nn.quantized.modules.conv.Conv1d)
Quantized module: resblocks.8.convs2.1 (torch.ao.nn.quantized.modules.conv.Conv1d)
Quantized module: resblocks.8.convs2.2 (torch.ao.nn.quantized.modules.conv.Conv1d)
Saving checkpoint to /home/hpc/vlbi/vlbi107v/hifi-gan/cp_hifigan/v1_c256_ft70/compressed_checkpoint_int8
Complete.
Saved compressed checkpoint: /home/hpc/vlbi/vlbi107v/hifi-gan/cp_hifigan/v1_c256_ft70/compressed_checkpoint_int8 (11.861 MB)
Compressed checkpoint parameters: 3,555,793
Loaded checkpoint: /home/hpc/vlbi/vlbi107v/hifi-gan/cp_hifigan/v1_c256_ft70/g_00265000 (24.098 MB)
Generator parameters: 3,555,793
generated_audios/generated_H4_256C_pruned70_int8/1089-134686-0000_generated.wav | RTF: 0.0578(0.603s / 10.435s) | Generator RTF: 0.0575(0.600s / 10.435s)
generated_audios/generated_H4_256C_pruned70_int8/1089-134686-0001_generated.wav | RTF: 0.0586(0.192s / 3.275s) | Generator RTF: 0.0576(0.189s / 3.275s)
generated_audios/generated_H4_256C_pruned70_int8/1089-134686-0002_generated.wav | RTF: 0.0592(0.392s / 6.625s) | Generator RTF: 0.0586(0.388s / 6.625s)
generated_audios/generated_H4_256C_pruned70_int8/1089-134686-0003_generated.wav | RTF: 0.0587(0.157s / 2.680s) | Generator RTF: 0.0575(0.154s / 2.680s)
generated_audios/generated_H4_256C_pruned70_int8/1089-134686-0004_generated.wav | RTF: 0.0578(0.302s / 5.215s) | Generator RTF: 0.0571(0.298s / 5.215s)
generated_audios/generated_H4_256C_pruned70_int8/1089-134686-0005_generated.wav | RTF: 0.0579(0.558s / 9.635s) | Generator RTF: 0.0575(0.554s / 9.635s)
generated_audios/generated_H4_256C_pruned70_int8/1089-134686-0006_generated.wav | RTF: 0.0576(0.608s / 10.555s) | Generator RTF: 0.0572(0.604s / 10.555s)
generated_audios/generated_H4_256C_pruned70_int8/1089-134686-0007_generated.wav | RTF: 0.0575(0.246s / 4.275s) | Generator RTF: 0.0569(0.243s / 4.275s)
generated_audios/generated_H4_256C_pruned70_int8/1089-134686-0008_generated.wav | RTF: 0.0577(0.388s / 6.730s) | Generator RTF: 0.0572(0.385s / 6.730s)
generated_audios/generated_H4_256C_pruned70_int8/1089-134686-0009_generated.wav | RTF: 0.0570(0.603s / 10.575s) | Generator RTF: 0.0566(0.599s / 10.575s)
generated_audios/generated_H4_256C_pruned70_int8/1089-134686-0010_generated.wav | RTF: 0.0576(0.254s / 4.405s) | Generator RTF: 0.0568(0.250s / 4.405s)
generated_audios/generated_H4_256C_pruned70_int8/1089-134686-0011_generated.wav | RTF: 0.0628(0.782s / 12.445s) | Generator RTF: 0.0625(0.778s / 12.445s)
generated_audios/generated_H4_256C_pruned70_int8/1089-134686-0012_generated.wav | RTF: 0.0590(0.686s / 11.640s) | Generator RTF: 0.0586(0.682s / 11.640s)
generated_audios/generated_H4_256C_pruned70_int8/1089-134686-0013_generated.wav | RTF: 0.0588(0.466s / 7.915s) | Generator RTF: 0.0584(0.462s / 7.915s)
generated_audios/generated_H4_256C_pruned70_int8/1089-134686-0014_generated.wav | RTF: 0.0605(0.135s / 2.225s) | Generator RTF: 0.0590(0.131s / 2.225s)
generated_audios/generated_H4_256C_pruned70_int8/1089-134686-0015_generated.wav | RTF: 0.0576(0.335s / 5.815s) | Generator RTF: 0.0570(0.331s / 5.815s)
generated_audios/generated_H4_256C_pruned70_int8/1089-134686-0016_generated.wav | RTF: 0.0590(0.209s / 3.540s) | Generator RTF: 0.0581(0.206s / 3.540s)
generated_audios/generated_H4_256C_pruned70_int8/1089-134686-0017_generated.wav | RTF: 0.0573(0.508s / 8.870s) | Generator RTF: 0.0568(0.504s / 8.870s)
generated_audios/generated_H4_256C_pruned70_int8/1089-134686-0018_generated.wav | RTF: 0.0722(1.135s / 15.720s) | Generator RTF: 0.0719(1.130s / 15.720s)
generated_audios/generated_H4_256C_pruned70_int8/1089-134686-0019_generated.wav | RTF: 0.0642(0.893s / 13.895s) | Generator RTF: 0.0639(0.888s / 13.895s)
generated_audios/generated_H4_256C_pruned70_int8/1089-134686-0020_generated.wav | RTF: 0.0715(1.200s / 16.790s) | Generator RTF: 0.0712(1.195s / 16.790s)
generated_audios/generated_H4_256C_pruned70_int8/1089-134686-0021_generated.wav | RTF: 0.0581(0.381s / 6.550s) | Generator RTF: 0.0576(0.377s / 6.550s)
generated_audios/generated_H4_256C_pruned70_int8/1089-134686-0022_generated.wav | RTF: 0.0581(0.649s / 11.175s) | Generator RTF: 0.0577(0.645s / 11.175s)
generated_audios/generated_H4_256C_pruned70_int8/1089-134686-0023_generated.wav | RTF: 0.0640(0.850s / 13.275s) | Generator RTF: 0.0637(0.845s / 13.275s)
generated_audios/generated_H4_256C_pruned70_int8/1089-134686-0024_generated.wav | RTF: 0.0584(0.681s / 11.655s) | Generator RTF: 0.0580(0.676s / 11.655s)
generated_audios/generated_H4_256C_pruned70_int8/1089-134686-0025_generated.wav | RTF: 0.0586(0.388s / 6.610s) | Generator RTF: 0.0580(0.383s / 6.610s)
generated_audios/generated_H4_256C_pruned70_int8/1089-134686-0026_generated.wav | RTF: 0.0577(0.232s / 4.010s) | Generator RTF: 0.0569(0.228s / 4.010s)
generated_audios/generated_H4_256C_pruned70_int8/1089-134686-0027_generated.wav | RTF: 0.0589(0.160s / 2.710s) | Generator RTF: 0.0577(0.156s / 2.710s)
generated_audios/generated_H4_256C_pruned70_int8/1089-134686-0028_generated.wav | RTF: 0.0578(0.452s / 7.830s) | Generator RTF: 0.0573(0.448s / 7.830s)
generated_audios/generated_H4_256C_pruned70_int8/1089-134686-0029_generated.wav | RTF: 0.0564(0.264s / 4.670s) | Generator RTF: 0.0557(0.260s / 4.670s)
generated_audios/generated_H4_256C_pruned70_int8/1089-134686-0030_generated.wav | RTF: 0.0518(0.141s / 2.715s) | Generator RTF: 0.0506(0.137s / 2.715s)
generated_audios/generated_H4_256C_pruned70_int8/1089-134686-0031_generated.wav | RTF: 0.0547(0.362s / 6.615s) | Generator RTF: 0.0542(0.358s / 6.615s)
generated_audios/generated_H4_256C_pruned70_int8/121-121726-0000_generated.wav | RTF: 0.0571(0.483s / 8.460s) | Generator RTF: 0.0566(0.479s / 8.460s)
generated_audios/generated_H4_256C_pruned70_int8/121-121726-0001_generated.wav | RTF: 0.0585(0.347s / 5.925s) | Generator RTF: 0.0579(0.343s / 5.925s)
generated_audios/generated_H4_256C_pruned70_int8/121-121726-0002_generated.wav | RTF: 0.0514(0.227s / 4.410s) | Generator RTF: 0.0506(0.223s / 4.410s)
generated_audios/generated_H4_256C_pruned70_int8/121-121726-0003_generated.wav | RTF: 0.0574(0.388s / 6.755s) | Generator RTF: 0.0568(0.384s / 6.755s)
generated_audios/generated_H4_256C_pruned70_int8/121-121726-0004_generated.wav | RTF: 0.0566(0.228s / 4.020s) | Generator RTF: 0.0557(0.224s / 4.020s)
generated_audios/generated_H4_256C_pruned70_int8/121-121726-0005_generated.wav | RTF: 0.0601(0.186s / 3.100s) | Generator RTF: 0.0590(0.183s / 3.100s)
generated_audios/generated_H4_256C_pruned70_int8/121-121726-0006_generated.wav | RTF: 0.0580(0.226s / 3.895s) | Generator RTF: 0.0572(0.223s / 3.895s)
generated_audios/generated_H4_256C_pruned70_int8/121-121726-0007_generated.wav | RTF: 0.0570(0.383s / 6.730s) | Generator RTF: 0.0564(0.380s / 6.730s)
generated_audios/generated_H4_256C_pruned70_int8/121-121726-0008_generated.wav | RTF: 0.0568(0.283s / 4.990s) | Generator RTF: 0.0561(0.280s / 4.990s)
generated_audios/generated_H4_256C_pruned70_int8/121-121726-0009_generated.wav | RTF: 0.0584(0.424s / 7.260s) | Generator RTF: 0.0579(0.421s / 7.260s)
generated_audios/generated_H4_256C_pruned70_int8/121-121726-0010_generated.wav | RTF: 0.0577(0.566s / 9.810s) | Generator RTF: 0.0573(0.562s / 9.810s)
generated_audios/generated_H4_256C_pruned70_int8/121-121726-0011_generated.wav | RTF: 0.0572(0.231s / 4.035s) | Generator RTF: 0.0564(0.228s / 4.035s)
generated_audios/generated_H4_256C_pruned70_int8/121-121726-0012_generated.wav | RTF: 0.0560(0.226s / 4.045s) | Generator RTF: 0.0552(0.223s / 4.045s)
generated_audios/generated_H4_256C_pruned70_int8/121-121726-0013_generated.wav | RTF: 0.0585(0.146s / 2.490s) | Generator RTF: 0.0573(0.143s / 2.490s)
generated_audios/generated_H4_256C_pruned70_int8/121-121726-0014_generated.wav | RTF: 0.0576(0.182s / 3.165s) | Generator RTF: 0.0566(0.179s / 3.165s)
generated_audios/generated_H4_256C_pruned70_int8/121-123852-0000_generated.wav | RTF: 0.0714(1.264s / 17.695s) | Generator RTF: 0.0712(1.260s / 17.695s)
generated_audios/generated_H4_256C_pruned70_int8/121-123852-0001_generated.wav | RTF: 0.0606(0.113s / 1.870s) | Generator RTF: 0.0589(0.110s / 1.870s)
generated_audios/generated_H4_256C_pruned70_int8/121-123852-0002_generated.wav | RTF: 0.0736(1.272s / 17.285s) | Generator RTF: 0.0733(1.267s / 17.285s)
generated_audios/generated_H4_256C_pruned70_int8/121-123852-0003_generated.wav | RTF: 0.2962(6.961s / 23.505s) | Generator RTF: 0.2959(6.955s / 23.505s)
generated_audios/generated_H4_256C_pruned70_int8/121-123852-0004_generated.wav | RTF: 0.2759(4.495s / 16.290s) | Generator RTF: 0.2756(4.490s / 16.290s)
generated_audios/generated_H4_256C_pruned70_int8/121-123859-0000_generated.wav | RTF: 0.2792(4.856s / 17.390s) | Generator RTF: 0.2790(4.851s / 17.390s)
generated_audios/generated_H4_256C_pruned70_int8/121-123859-0001_generated.wav | RTF: 0.3115(7.910s / 25.395s) | Generator RTF: 0.3113(7.904s / 25.395s)
generated_audios/generated_H4_256C_pruned70_int8/121-123859-0002_generated.wav | RTF: 0.3087(9.273s / 30.040s) | Generator RTF: 0.3085(9.266s / 30.040s)
generated_audios/generated_H4_256C_pruned70_int8/121-123859-0003_generated.wav | RTF: 0.2542(2.752s / 10.825s) | Generator RTF: 0.2538(2.748s / 10.825s)
generated_audios/generated_H4_256C_pruned70_int8/121-123859-0004_generated.wav | RTF: 0.2526(2.401s / 9.505s) | Generator RTF: 0.2522(2.397s / 9.505s)
generated_audios/generated_H4_256C_pruned70_int8/121-127105-0000_generated.wav | RTF: 0.2591(2.559s / 9.875s) | Generator RTF: 0.2587(2.555s / 9.875s)
generated_audios/generated_H4_256C_pruned70_int8/121-127105-0001_generated.wav | RTF: 0.2458(1.235s / 5.025s) | Generator RTF: 0.2452(1.232s / 5.025s)
generated_audios/generated_H4_256C_pruned70_int8/121-127105-0002_generated.wav | RTF: 0.2543(1.906s / 7.495s) | Generator RTF: 0.2538(1.902s / 7.495s)
generated_audios/generated_H4_256C_pruned70_int8/121-127105-0003_generated.wav | RTF: 0.2544(1.965s / 7.725s) | Generator RTF: 0.2539(1.961s / 7.725s)
generated_audios/generated_H4_256C_pruned70_int8/121-127105-0004_generated.wav | RTF: 0.2576(0.543s / 2.110s) | Generator RTF: 0.2561(0.540s / 2.110s)
generated_audios/generated_H4_256C_pruned70_int8/121-127105-0005_generated.wav | RTF: 0.2480(1.443s / 5.820s) | Generator RTF: 0.2474(1.440s / 5.820s)
generated_audios/generated_H4_256C_pruned70_int8/121-127105-0006_generated.wav | RTF: 0.2483(1.173s / 4.725s) | Generator RTF: 0.2477(1.170s / 4.725s)
generated_audios/generated_H4_256C_pruned70_int8/121-127105-0007_generated.wav | RTF: 0.2476(1.434s / 5.790s) | Generator RTF: 0.2471(1.430s / 5.790s)
generated_audios/generated_H4_256C_pruned70_int8/121-127105-0008_generated.wav | RTF: 0.2432(0.671s / 2.760s) | Generator RTF: 0.2421(0.668s / 2.760s)
generated_audios/generated_H4_256C_pruned70_int8/121-127105-0009_generated.wav | RTF: 0.2508(0.574s / 2.290s) | Generator RTF: 0.2495(0.571s / 2.290s)
generated_audios/generated_H4_256C_pruned70_int8/121-127105-0010_generated.wav | RTF: 0.2522(0.719s / 2.850s) | Generator RTF: 0.2510(0.715s / 2.850s)
generated_audios/generated_H4_256C_pruned70_int8/121-127105-0011_generated.wav | RTF: 0.2533(1.464s / 5.780s) | Generator RTF: 0.2527(1.461s / 5.780s)
generated_audios/generated_H4_256C_pruned70_int8/121-127105-0012_generated.wav | RTF: 0.2522(1.218s / 4.830s) | Generator RTF: 0.2515(1.215s / 4.830s)
generated_audios/generated_H4_256C_pruned70_int8/121-127105-0013_generated.wav | RTF: 0.2469(1.456s / 5.895s) | Generator RTF: 0.2463(1.452s / 5.895s)
generated_audios/generated_H4_256C_pruned70_int8/121-127105-0014_generated.wav | RTF: 0.2499(0.563s / 2.255s) | Generator RTF: 0.2486(0.561s / 2.255s)
generated_audios/generated_H4_256C_pruned70_int8/121-127105-0015_generated.wav | RTF: 0.2509(0.743s / 2.960s) | Generator RTF: 0.2498(0.739s / 2.960s)
generated_audios/generated_H4_256C_pruned70_int8/121-127105-0016_generated.wav | RTF: 0.2443(0.496s / 2.030s) | Generator RTF: 0.2427(0.493s / 2.030s)
generated_audios/generated_H4_256C_pruned70_int8/121-127105-0017_generated.wav | RTF: 0.2505(0.675s / 2.695s) | Generator RTF: 0.2494(0.672s / 2.695s)
generated_audios/generated_H4_256C_pruned70_int8/121-127105-0018_generated.wav | RTF: 0.2507(0.694s / 2.770s) | Generator RTF: 0.2496(0.691s / 2.770s)
generated_audios/generated_H4_256C_pruned70_int8/121-127105-0019_generated.wav | RTF: 0.2439(0.860s / 3.525s) | Generator RTF: 0.2430(0.857s / 3.525s)
generated_audios/generated_H4_256C_pruned70_int8/121-127105-0020_generated.wav | RTF: 0.2882(4.138s / 14.355s) | Generator RTF: 0.2880(4.134s / 14.355s)
generated_audios/generated_H4_256C_pruned70_int8/121-127105-0021_generated.wav | RTF: 0.2586(0.517s / 2.000s) | Generator RTF: 0.2571(0.514s / 2.000s)
generated_audios/generated_H4_256C_pruned70_int8/121-127105-0022_generated.wav | RTF: 0.2504(1.271s / 5.075s) | Generator RTF: 0.2497(1.267s / 5.075s)
generated_audios/generated_H4_256C_pruned70_int8/121-127105-0023_generated.wav | RTF: 0.2554(2.786s / 10.910s) | Generator RTF: 0.2550(2.782s / 10.910s)
generated_audios/generated_H4_256C_pruned70_int8/121-127105-0024_generated.wav | RTF: 0.2833(4.093s / 14.450s) | Generator RTF: 0.2830(4.089s / 14.450s)
generated_audios/generated_H4_256C_pruned70_int8/121-127105-0025_generated.wav | RTF: 0.2859(4.593s / 16.065s) | Generator RTF: 0.2856(4.587s / 16.065s)
generated_audios/generated_H4_256C_pruned70_int8/121-127105-0026_generated.wav | RTF: 0.2499(1.882s / 7.530s) | Generator RTF: 0.2494(1.878s / 7.530s)
generated_audios/generated_H4_256C_pruned70_int8/121-127105-0027_generated.wav | RTF: 0.2813(3.902s / 13.870s) | Generator RTF: 0.2810(3.898s / 13.870s)
generated_audios/generated_H4_256C_pruned70_int8/121-127105-0028_generated.wav | RTF: 0.0572(0.386s / 6.750s) | Generator RTF: 0.0567(0.383s / 6.750s)
generated_audios/generated_H4_256C_pruned70_int8/121-127105-0029_generated.wav | RTF: 0.2519(1.842s / 7.310s) | Generator RTF: 0.2514(1.838s / 7.310s)
generated_audios/generated_H4_256C_pruned70_int8/121-127105-0030_generated.wav | RTF: 0.2598(0.565s / 2.175s) | Generator RTF: 0.2584(0.562s / 2.175s)
generated_audios/generated_H4_256C_pruned70_int8/121-127105-0031_generated.wav | RTF: 0.2547(2.742s / 10.765s) | Generator RTF: 0.2544(2.738s / 10.765s)
generated_audios/generated_H4_256C_pruned70_int8/121-127105-0032_generated.wav | RTF: 0.2436(0.772s / 3.170s) | Generator RTF: 0.2425(0.769s / 3.170s)
generated_audios/generated_H4_256C_pruned70_int8/121-127105-0033_generated.wav | RTF: 0.2578(0.607s / 2.355s) | Generator RTF: 0.2565(0.604s / 2.355s)
generated_audios/generated_H4_256C_pruned70_int8/121-127105-0034_generated.wav | RTF: 0.2517(1.865s / 7.410s) | Generator RTF: 0.2511(1.861s / 7.410s)
generated_audios/generated_H4_256C_pruned70_int8/121-127105-0035_generated.wav | RTF: 0.2798(3.958s / 14.150s) | Generator RTF: 0.2794(3.954s / 14.150s)
generated_audios/generated_H4_256C_pruned70_int8/121-127105-0036_generated.wav | RTF: 0.2455(1.019s / 4.150s) | Generator RTF: 0.2448(1.016s / 4.150s)
generated_audios/generated_H4_256C_pruned70_int8/237-126133-0000_generated.wav | RTF: 0.2828(3.759s / 13.290s) | Generator RTF: 0.2825(3.755s / 13.290s)
generated_audios/generated_H4_256C_pruned70_int8/237-126133-0001_generated.wav | RTF: 0.2811(3.364s / 11.965s) | Generator RTF: 0.2808(3.359s / 11.965s)
generated_audios/generated_H4_256C_pruned70_int8/237-126133-0002_generated.wav | RTF: 0.2603(2.322s / 8.920s) | Generator RTF: 0.2598(2.318s / 8.920s)
generated_audios/generated_H4_256C_pruned70_int8/237-126133-0003_generated.wav | RTF: 0.2498(1.639s / 6.560s) | Generator RTF: 0.2493(1.635s / 6.560s)
generated_audios/generated_H4_256C_pruned70_int8/237-126133-0004_generated.wav | RTF: 0.2514(0.828s / 3.295s) | Generator RTF: 0.2504(0.825s / 3.295s)
generated_audios/generated_H4_256C_pruned70_int8/237-126133-0005_generated.wav | RTF: 0.2543(1.655s / 6.510s) | Generator RTF: 0.2537(1.652s / 6.510s)
generated_audios/generated_H4_256C_pruned70_int8/237-126133-0006_generated.wav | RTF: 0.2502(1.539s / 6.150s) | Generator RTF: 0.2496(1.535s / 6.150s)
generated_audios/generated_H4_256C_pruned70_int8/237-126133-0007_generated.wav | RTF: 0.2565(2.226s / 8.680s) | Generator RTF: 0.2560(2.222s / 8.680s)
generated_audios/generated_H4_256C_pruned70_int8/237-126133-0008_generated.wav | RTF: 0.2546(0.984s / 3.865s) | Generator RTF: 0.2537(0.981s / 3.865s)
generated_audios/generated_H4_256C_pruned70_int8/237-126133-0009_generated.wav | RTF: 0.2526(1.003s / 3.970s) | Generator RTF: 0.2517(0.999s / 3.970s)
generated_audios/generated_H4_256C_pruned70_int8/237-126133-0010_generated.wav | RTF: 0.2482(1.549s / 6.240s) | Generator RTF: 0.2476(1.545s / 6.240s)
generated_audios/generated_H4_256C_pruned70_int8/237-126133-0011_generated.wav | RTF: 0.2485(1.668s / 6.710s) | Generator RTF: 0.2480(1.664s / 6.710s)
generated_audios/generated_H4_256C_pruned70_int8/237-126133-0012_generated.wav | RTF: 0.2522(1.122s / 4.450s) | Generator RTF: 0.2517(1.120s / 4.450s)
generated_audios/generated_H4_256C_pruned70_int8/237-126133-0013_generated.wav | RTF: 0.2545(1.734s / 6.815s) | Generator RTF: 0.2539(1.730s / 6.815s)
generated_audios/generated_H4_256C_pruned70_int8/237-126133-0014_generated.wav | RTF: 0.2540(1.725s / 6.790s) | Generator RTF: 0.2535(1.721s / 6.790s)
generated_audios/generated_H4_256C_pruned70_int8/237-126133-0015_generated.wav | RTF: 0.2560(2.391s / 9.340s) | Generator RTF: 0.2556(2.387s / 9.340s)
generated_audios/generated_H4_256C_pruned70_int8/237-126133-0016_generated.wav | RTF: 0.2483(1.055s / 4.250s) | Generator RTF: 0.2474(1.051s / 4.250s)
generated_audios/generated_H4_256C_pruned70_int8/237-126133-0017_generated.wav | RTF: 0.2496(1.550s / 6.210s) | Generator RTF: 0.2492(1.547s / 6.210s)
generated_audios/generated_H4_256C_pruned70_int8/237-126133-0018_generated.wav | RTF: 0.2573(1.054s / 4.095s) | Generator RTF: 0.2565(1.050s / 4.095s)
generated_audios/generated_H4_256C_pruned70_int8/237-126133-0019_generated.wav | RTF: 0.2581(1.837s / 7.120s) | Generator RTF: 0.2575(1.834s / 7.120s)
generated_audios/generated_H4_256C_pruned70_int8/237-126133-0020_generated.wav | RTF: 0.2528(0.566s / 2.240s) | Generator RTF: 0.2514(0.563s / 2.240s)
generated_audios/generated_H4_256C_pruned70_int8/237-126133-0021_generated.wav | RTF: 0.2458(1.073s / 4.365s) | Generator RTF: 0.2450(1.069s / 4.365s)
generated_audios/generated_H4_256C_pruned70_int8/237-126133-0022_generated.wav | RTF: 0.2526(1.273s / 5.040s) | Generator RTF: 0.2519(1.269s / 5.040s)
generated_audios/generated_H4_256C_pruned70_int8/237-126133-0023_generated.wav | RTF: 0.2542(1.697s / 6.675s) | Generator RTF: 0.2536(1.693s / 6.675s)
generated_audios/generated_H4_256C_pruned70_int8/237-126133-0024_generated.wav | RTF: 0.2633(2.544s / 9.665s) | Generator RTF: 0.2630(2.541s / 9.665s)
generated_audios/generated_H4_256C_pruned70_int8/237-126133-0025_generated.wav | RTF: 0.2569(0.965s / 3.755s) | Generator RTF: 0.2564(0.963s / 3.755s)
generated_audios/generated_H4_256C_pruned70_int8/237-134493-0000_generated.wav | RTF: 0.2525(1.036s / 4.105s) | Generator RTF: 0.2517(1.033s / 4.105s)
generated_audios/generated_H4_256C_pruned70_int8/237-134493-0001_generated.wav | RTF: 0.2542(1.876s / 7.380s) | Generator RTF: 0.2537(1.872s / 7.380s)
generated_audios/generated_H4_256C_pruned70_int8/237-134493-0002_generated.wav | RTF: 0.2586(2.947s / 11.395s) | Generator RTF: 0.2582(2.942s / 11.395s)
generated_audios/generated_H4_256C_pruned70_int8/237-134493-0003_generated.wav | RTF: 0.2825(3.606s / 12.765s) | Generator RTF: 0.2821(3.602s / 12.765s)
generated_audios/generated_H4_256C_pruned70_int8/237-134493-0004_generated.wav | RTF: 0.2507(1.711s / 6.825s) | Generator RTF: 0.2503(1.709s / 6.825s)
generated_audios/generated_H4_256C_pruned70_int8/237-134493-0005_generated.wav | RTF: 0.2567(2.810s / 10.945s) | Generator RTF: 0.2564(2.806s / 10.945s)
generated_audios/generated_H4_256C_pruned70_int8/237-134493-0006_generated.wav | RTF: 0.2492(1.095s / 4.395s) | Generator RTF: 0.2484(1.092s / 4.395s)
generated_audios/generated_H4_256C_pruned70_int8/237-134493-0007_generated.wav | RTF: 0.2613(0.532s / 2.035s) | Generator RTF: 0.2597(0.529s / 2.035s)
generated_audios/generated_H4_256C_pruned70_int8/237-134493-0008_generated.wav | RTF: 0.2473(0.570s / 2.305s) | Generator RTF: 0.2459(0.567s / 2.305s)
generated_audios/generated_H4_256C_pruned70_int8/237-134493-0009_generated.wav | RTF: 0.2664(0.793s / 2.975s) | Generator RTF: 0.2654(0.789s / 2.975s)
generated_audios/generated_H4_256C_pruned70_int8/237-134493-0010_generated.wav | RTF: 0.2489(0.716s / 2.875s) | Generator RTF: 0.2478(0.713s / 2.875s)
generated_audios/generated_H4_256C_pruned70_int8/237-134493-0011_generated.wav | RTF: 0.2557(1.287s / 5.035s) | Generator RTF: 0.2550(1.284s / 5.035s)
generated_audios/generated_H4_256C_pruned70_int8/237-134493-0012_generated.wav | RTF: 0.2478(0.907s / 3.660s) | Generator RTF: 0.2470(0.904s / 3.660s)
generated_audios/generated_H4_256C_pruned70_int8/237-134493-0013_generated.wav | RTF: 0.0567(0.232s / 4.090s) | Generator RTF: 0.0559(0.229s / 4.090s)
generated_audios/generated_H4_256C_pruned70_int8/237-134493-0014_generated.wav | RTF: 0.2476(0.916s / 3.700s) | Generator RTF: 0.2467(0.913s / 3.700s)
generated_audios/generated_H4_256C_pruned70_int8/237-134493-0015_generated.wav | RTF: 0.0578(0.378s / 6.550s) | Generator RTF: 0.0572(0.375s / 6.550s)
generated_audios/generated_H4_256C_pruned70_int8/237-134493-0016_generated.wav | RTF: 0.2600(2.623s / 10.085s) | Generator RTF: 0.2596(2.619s / 10.085s)
generated_audios/generated_H4_256C_pruned70_int8/237-134493-0017_generated.wav | RTF: 0.2609(2.375s / 9.105s) | Generator RTF: 0.2605(2.371s / 9.105s)
generated_audios/generated_H4_256C_pruned70_int8/237-134493-0018_generated.wav | RTF: 0.2516(1.205s / 4.790s) | Generator RTF: 0.2509(1.202s / 4.790s)
generated_audios/generated_H4_256C_pruned70_int8/237-134500-0000_generated.wav | RTF: 0.2541(1.558s / 6.130s) | Generator RTF: 0.2535(1.554s / 6.130s)
generated_audios/generated_H4_256C_pruned70_int8/237-134500-0001_generated.wav | RTF: 0.2571(0.465s / 1.810s) | Generator RTF: 0.2554(0.462s / 1.810s)
generated_audios/generated_H4_256C_pruned70_int8/237-134500-0002_generated.wav | RTF: 0.2530(1.282s / 5.070s) | Generator RTF: 0.2523(1.279s / 5.070s)
generated_audios/generated_H4_256C_pruned70_int8/237-134500-0003_generated.wav | RTF: 0.0589(0.187s / 3.170s) | Generator RTF: 0.0579(0.183s / 3.170s)
generated_audios/generated_H4_256C_pruned70_int8/237-134500-0004_generated.wav | RTF: 0.0597(0.133s / 2.225s) | Generator RTF: 0.0583(0.130s / 2.225s)
generated_audios/generated_H4_256C_pruned70_int8/237-134500-0005_generated.wav | RTF: 0.2587(0.618s / 2.390s) | Generator RTF: 0.2574(0.615s / 2.390s)
generated_audios/generated_H4_256C_pruned70_int8/237-134500-0006_generated.wav | RTF: 0.2457(1.038s / 4.225s) | Generator RTF: 0.2449(1.035s / 4.225s)
generated_audios/generated_H4_256C_pruned70_int8/237-134500-0007_generated.wav | RTF: 0.0528(0.126s / 2.390s) | Generator RTF: 0.0515(0.123s / 2.390s)
generated_audios/generated_H4_256C_pruned70_int8/237-134500-0008_generated.wav | RTF: 0.0567(0.213s / 3.760s) | Generator RTF: 0.0558(0.210s / 3.760s)
generated_audios/generated_H4_256C_pruned70_int8/237-134500-0009_generated.wav | RTF: 0.0535(0.119s / 2.220s) | Generator RTF: 0.0521(0.116s / 2.220s)
generated_audios/generated_H4_256C_pruned70_int8/237-134500-0010_generated.wav | RTF: 0.2557(1.022s / 3.995s) | Generator RTF: 0.2548(1.018s / 3.995s)
generated_audios/generated_H4_256C_pruned70_int8/237-134500-0011_generated.wav | RTF: 0.2500(0.838s / 3.350s) | Generator RTF: 0.2491(0.834s / 3.350s)
generated_audios/generated_H4_256C_pruned70_int8/237-134500-0012_generated.wav | RTF: 0.2573(2.813s / 10.935s) | Generator RTF: 0.2569(2.810s / 10.935s)
generated_audios/generated_H4_256C_pruned70_int8/237-134500-0013_generated.wav | RTF: 0.0585(0.618s / 10.560s) | Generator RTF: 0.0581(0.614s / 10.560s)
generated_audios/generated_H4_256C_pruned70_int8/237-134500-0014_generated.wav | RTF: 0.0589(0.250s / 4.250s) | Generator RTF: 0.0580(0.247s / 4.250s)
generated_audios/generated_H4_256C_pruned70_int8/237-134500-0015_generated.wav | RTF: 0.2628(2.842s / 10.815s) | Generator RTF: 0.2624(2.838s / 10.815s)
generated_audios/generated_H4_256C_pruned70_int8/237-134500-0016_generated.wav | RTF: 0.0591(0.187s / 3.160s) | Generator RTF: 0.0581(0.184s / 3.160s)
generated_audios/generated_H4_256C_pruned70_int8/237-134500-0017_generated.wav | RTF: 0.0611(0.133s / 2.180s) | Generator RTF: 0.0596(0.130s / 2.180s)
generated_audios/generated_H4_256C_pruned70_int8/237-134500-0018_generated.wav | RTF: 0.2880(3.699s / 12.845s) | Generator RTF: 0.2876(3.695s / 12.845s)
generated_audios/generated_H4_256C_pruned70_int8/237-134500-0019_generated.wav | RTF: 0.2497(0.714s / 2.860s) | Generator RTF: 0.2486(0.711s / 2.860s)
generated_audios/generated_H4_256C_pruned70_int8/237-134500-0020_generated.wav | RTF: 0.0542(0.118s / 2.180s) | Generator RTF: 0.0528(0.115s / 2.180s)
generated_audios/generated_H4_256C_pruned70_int8/237-134500-0021_generated.wav | RTF: 0.2522(1.291s / 5.120s) | Generator RTF: 0.2515(1.288s / 5.120s)
generated_audios/generated_H4_256C_pruned70_int8/237-134500-0022_generated.wav | RTF: 0.2495(1.289s / 5.165s) | Generator RTF: 0.2488(1.285s / 5.165s)
generated_audios/generated_H4_256C_pruned70_int8/237-134500-0023_generated.wav | RTF: 0.2584(0.791s / 3.060s) | Generator RTF: 0.2573(0.787s / 3.060s)
generated_audios/generated_H4_256C_pruned70_int8/237-134500-0024_generated.wav | RTF: 0.0588(0.259s / 4.410s) | Generator RTF: 0.0580(0.256s / 4.410s)
generated_audios/generated_H4_256C_pruned70_int8/237-134500-0025_generated.wav | RTF: 0.2619(0.427s / 1.630s) | Generator RTF: 0.2599(0.424s / 1.630s)
generated_audios/generated_H4_256C_pruned70_int8/237-134500-0026_generated.wav | RTF: 0.2536(0.774s / 3.050s) | Generator RTF: 0.2527(0.771s / 3.050s)
generated_audios/generated_H4_256C_pruned70_int8/237-134500-0027_generated.wav | RTF: 0.2563(0.838s / 3.270s) | Generator RTF: 0.2554(0.835s / 3.270s)
generated_audios/generated_H4_256C_pruned70_int8/237-134500-0028_generated.wav | RTF: 0.2578(1.167s / 4.525s) | Generator RTF: 0.2571(1.163s / 4.525s)
generated_audios/generated_H4_256C_pruned70_int8/237-134500-0029_generated.wav | RTF: 0.2511(0.519s / 2.065s) | Generator RTF: 0.2496(0.515s / 2.065s)
generated_audios/generated_H4_256C_pruned70_int8/237-134500-0030_generated.wav | RTF: 0.2571(0.715s / 2.780s) | Generator RTF: 0.2559(0.711s / 2.780s)
generated_audios/generated_H4_256C_pruned70_int8/237-134500-0031_generated.wav | RTF: 0.2662(2.825s / 10.610s) | Generator RTF: 0.2658(2.820s / 10.610s)
generated_audios/generated_H4_256C_pruned70_int8/237-134500-0032_generated.wav | RTF: 0.0605(0.304s / 5.025s) | Generator RTF: 0.0597(0.300s / 5.025s)
generated_audios/generated_H4_256C_pruned70_int8/237-134500-0033_generated.wav | RTF: 0.2562(1.627s / 6.350s) | Generator RTF: 0.2556(1.623s / 6.350s)
generated_audios/generated_H4_256C_pruned70_int8/237-134500-0034_generated.wav | RTF: 0.2543(0.782s / 3.075s) | Generator RTF: 0.2532(0.779s / 3.075s)
generated_audios/generated_H4_256C_pruned70_int8/237-134500-0035_generated.wav | RTF: 0.2649(0.677s / 2.555s) | Generator RTF: 0.2637(0.674s / 2.555s)
generated_audios/generated_H4_256C_pruned70_int8/237-134500-0036_generated.wav | RTF: 0.2621(1.730s / 6.600s) | Generator RTF: 0.2615(1.726s / 6.600s)
generated_audios/generated_H4_256C_pruned70_int8/237-134500-0037_generated.wav | RTF: 0.2635(1.872s / 7.105s) | Generator RTF: 0.2630(1.869s / 7.105s)
generated_audios/generated_H4_256C_pruned70_int8/237-134500-0038_generated.wav | RTF: 0.2587(0.630s / 2.435s) | Generator RTF: 0.2574(0.627s / 2.435s)
generated_audios/generated_H4_256C_pruned70_int8/237-134500-0039_generated.wav | RTF: 0.2600(1.204s / 4.630s) | Generator RTF: 0.2592(1.200s / 4.630s)
generated_audios/generated_H4_256C_pruned70_int8/237-134500-0040_generated.wav | RTF: 0.0582(0.234s / 4.030s) | Generator RTF: 0.0573(0.231s / 4.030s)
generated_audios/generated_H4_256C_pruned70_int8/237-134500-0041_generated.wav | RTF: 0.0694(0.619s / 8.920s) | Generator RTF: 0.0690(0.615s / 8.920s)
generated_audios/generated_H4_256C_pruned70_int8/237-134500-0042_generated.wav | RTF: 0.2568(0.661s / 2.575s) | Generator RTF: 0.2558(0.659s / 2.575s)
generated_audios/generated_H4_256C_pruned70_int8/260-123286-0000_generated.wav | RTF: 0.2629(1.851s / 7.040s) | Generator RTF: 0.2624(1.848s / 7.040s)
generated_audios/generated_H4_256C_pruned70_int8/260-123286-0001_generated.wav | RTF: 0.0553(0.170s / 3.070s) | Generator RTF: 0.0542(0.167s / 3.070s)
generated_audios/generated_H4_256C_pruned70_int8/260-123286-0002_generated.wav | RTF: 0.2667(2.663s / 9.985s) | Generator RTF: 0.2663(2.659s / 9.985s)
generated_audios/generated_H4_256C_pruned70_int8/260-123286-0003_generated.wav | RTF: 0.2634(1.941s / 7.370s) | Generator RTF: 0.2629(1.938s / 7.370s)
generated_audios/generated_H4_256C_pruned70_int8/260-123286-0004_generated.wav | RTF: 0.2601(0.901s / 3.465s) | Generator RTF: 0.2592(0.898s / 3.465s)
generated_audios/generated_H4_256C_pruned70_int8/260-123286-0005_generated.wav | RTF: 0.2561(1.232s / 4.810s) | Generator RTF: 0.2554(1.229s / 4.810s)
generated_audios/generated_H4_256C_pruned70_int8/260-123286-0006_generated.wav | RTF: 0.2705(2.003s / 7.405s) | Generator RTF: 0.2700(1.999s / 7.405s)
generated_audios/generated_H4_256C_pruned70_int8/260-123286-0007_generated.wav | RTF: 0.2619(1.192s / 4.550s) | Generator RTF: 0.2612(1.188s / 4.550s)
generated_audios/generated_H4_256C_pruned70_int8/260-123286-0008_generated.wav | RTF: 0.2567(0.959s / 3.735s) | Generator RTF: 0.2558(0.955s / 3.735s)
generated_audios/generated_H4_256C_pruned70_int8/260-123286-0009_generated.wav | RTF: 0.2613(1.514s / 5.795s) | Generator RTF: 0.2606(1.510s / 5.795s)
generated_audios/generated_H4_256C_pruned70_int8/260-123286-0010_generated.wav | RTF: 0.0529(0.136s / 2.575s) | Generator RTF: 0.0516(0.133s / 2.575s)
generated_audios/generated_H4_256C_pruned70_int8/260-123286-0011_generated.wav | RTF: 0.0582(0.247s / 4.255s) | Generator RTF: 0.0573(0.244s / 4.255s)
generated_audios/generated_H4_256C_pruned70_int8/260-123286-0012_generated.wav | RTF: 0.0540(0.131s / 2.430s) | Generator RTF: 0.0526(0.128s / 2.430s)
generated_audios/generated_H4_256C_pruned70_int8/260-123286-0013_generated.wav | RTF: 0.2624(1.241s / 4.730s) | Generator RTF: 0.2617(1.238s / 4.730s)
generated_audios/generated_H4_256C_pruned70_int8/260-123286-0014_generated.wav | RTF: 0.0668(0.199s / 2.980s) | Generator RTF: 0.0658(0.196s / 2.980s)
generated_audios/generated_H4_256C_pruned70_int8/260-123286-0015_generated.wav | RTF: 0.2682(1.397s / 5.210s) | Generator RTF: 0.2675(1.394s / 5.210s)
generated_audios/generated_H4_256C_pruned70_int8/260-123286-0016_generated.wav | RTF: 0.2659(1.861s / 7.000s) | Generator RTF: 0.2653(1.857s / 7.000s)
generated_audios/generated_H4_256C_pruned70_int8/260-123286-0017_generated.wav | RTF: 0.2576(1.024s / 3.975s) | Generator RTF: 0.2567(1.021s / 3.975s)
generated_audios/generated_H4_256C_pruned70_int8/260-123286-0018_generated.wav | RTF: 0.2795(1.585s / 5.670s) | Generator RTF: 0.2789(1.581s / 5.670s)
generated_audios/generated_H4_256C_pruned70_int8/260-123286-0019_generated.wav | RTF: 0.2974(3.540s / 11.905s) | Generator RTF: 0.2970(3.536s / 11.905s)
generated_audios/generated_H4_256C_pruned70_int8/260-123286-0020_generated.wav | RTF: 0.0582(0.178s / 3.060s) | Generator RTF: 0.0571(0.175s / 3.060s)
generated_audios/generated_H4_256C_pruned70_int8/260-123286-0021_generated.wav | RTF: 0.2572(0.656s / 2.550s) | Generator RTF: 0.2558(0.652s / 2.550s)
generated_audios/generated_H4_256C_pruned70_int8/260-123286-0022_generated.wav | RTF: 0.2639(0.854s / 3.235s) | Generator RTF: 0.2630(0.851s / 3.235s)
generated_audios/generated_H4_256C_pruned70_int8/260-123286-0023_generated.wav | RTF: 0.2684(1.577s / 5.875s) | Generator RTF: 0.2679(1.574s / 5.875s)
generated_audios/generated_H4_256C_pruned70_int8/260-123286-0024_generated.wav | RTF: 0.2576(0.783s / 3.040s) | Generator RTF: 0.2565(0.780s / 3.040s)
generated_audios/generated_H4_256C_pruned70_int8/260-123286-0025_generated.wav | RTF: 0.2724(2.508s / 9.205s) | Generator RTF: 0.2720(2.504s / 9.205s)
generated_audios/generated_H4_256C_pruned70_int8/260-123286-0026_generated.wav | RTF: 0.2658(1.845s / 6.940s) | Generator RTF: 0.2653(1.841s / 6.940s)
generated_audios/generated_H4_256C_pruned70_int8/260-123286-0027_generated.wav | RTF: 0.2665(1.911s / 7.170s) | Generator RTF: 0.2660(1.907s / 7.170s)
generated_audios/generated_H4_256C_pruned70_int8/260-123286-0028_generated.wav | RTF: 0.2687(2.006s / 7.465s) | Generator RTF: 0.2681(2.002s / 7.465s)
generated_audios/generated_H4_256C_pruned70_int8/260-123286-0029_generated.wav | RTF: 0.0533(0.242s / 4.545s) | Generator RTF: 0.0525(0.239s / 4.545s)
generated_audios/generated_H4_256C_pruned70_int8/260-123286-0030_generated.wav | RTF: 0.0575(0.433s / 7.530s) | Generator RTF: 0.0570(0.429s / 7.530s)
generated_audios/generated_H4_256C_pruned70_int8/260-123286-0031_generated.wav | RTF: 0.2626(1.329s / 5.060s) | Generator RTF: 0.2620(1.326s / 5.060s)
generated_audios/generated_H4_256C_pruned70_int8/260-123288-0000_generated.wav | RTF: 0.0533(0.162s / 3.040s) | Generator RTF: 0.0522(0.159s / 3.040s)
generated_audios/generated_H4_256C_pruned70_int8/260-123288-0001_generated.wav | RTF: 0.0577(0.293s / 5.080s) | Generator RTF: 0.0570(0.289s / 5.080s)
generated_audios/generated_H4_256C_pruned70_int8/260-123288-0002_generated.wav | RTF: 0.2780(2.016s / 7.250s) | Generator RTF: 0.2775(2.012s / 7.250s)
generated_audios/generated_H4_256C_pruned70_int8/260-123288-0003_generated.wav | RTF: 0.2805(2.498s / 8.905s) | Generator RTF: 0.2801(2.494s / 8.905s)
generated_audios/generated_H4_256C_pruned70_int8/260-123288-0004_generated.wav | RTF: 0.2733(1.178s / 4.310s) | Generator RTF: 0.2726(1.175s / 4.310s)
generated_audios/generated_H4_256C_pruned70_int8/260-123288-0005_generated.wav | RTF: 0.2993(3.756s / 12.550s) | Generator RTF: 0.2989(3.752s / 12.550s)
generated_audios/generated_H4_256C_pruned70_int8/260-123288-0006_generated.wav | RTF: 0.2703(1.319s / 4.880s) | Generator RTF: 0.2695(1.315s / 4.880s)
generated_audios/generated_H4_256C_pruned70_int8/260-123288-0007_generated.wav | RTF: 0.2855(3.197s / 11.200s) | Generator RTF: 0.2851(3.193s / 11.200s)
generated_audios/generated_H4_256C_pruned70_int8/260-123288-0008_generated.wav | RTF: 0.2764(1.524s / 5.515s) | Generator RTF: 0.2757(1.521s / 5.515s)
generated_audios/generated_H4_256C_pruned70_int8/260-123288-0009_generated.wav | RTF: 0.2717(0.933s / 3.435s) | Generator RTF: 0.2707(0.930s / 3.435s)
generated_audios/generated_H4_256C_pruned70_int8/260-123288-0010_generated.wav | RTF: 0.0646(0.646s / 9.995s) | Generator RTF: 0.0642(0.642s / 9.995s)
generated_audios/generated_H4_256C_pruned70_int8/260-123288-0011_generated.wav | RTF: 0.2785(2.501s / 8.980s) | Generator RTF: 0.2781(2.497s / 8.980s)
generated_audios/generated_H4_256C_pruned70_int8/260-123288-0012_generated.wav | RTF: 0.2760(0.978s / 3.545s) | Generator RTF: 0.2750(0.975s / 3.545s)
generated_audios/generated_H4_256C_pruned70_int8/260-123288-0013_generated.wav | RTF: 0.2827(3.218s / 11.385s) | Generator RTF: 0.2823(3.214s / 11.385s)
generated_audios/generated_H4_256C_pruned70_int8/260-123288-0014_generated.wav | RTF: 0.0624(0.113s / 1.805s) | Generator RTF: 0.0607(0.110s / 1.805s)
generated_audios/generated_H4_256C_pruned70_int8/260-123288-0015_generated.wav | RTF: 0.3022(6.403s / 21.185s) | Generator RTF: 0.3020(6.397s / 21.185s)
generated_audios/generated_H4_256C_pruned70_int8/260-123288-0016_generated.wav | RTF: 0.2785(1.355s / 4.865s) | Generator RTF: 0.2777(1.351s / 4.865s)
generated_audios/generated_H4_256C_pruned70_int8/260-123288-0017_generated.wav | RTF: 0.2743(1.433s / 5.225s) | Generator RTF: 0.2736(1.430s / 5.225s)
generated_audios/generated_H4_256C_pruned70_int8/260-123288-0018_generated.wav | RTF: 0.2692(0.874s / 3.245s) | Generator RTF: 0.2682(0.870s / 3.245s)
generated_audios/generated_H4_256C_pruned70_int8/260-123288-0019_generated.wav | RTF: 0.0585(0.173s / 2.955s) | Generator RTF: 0.0574(0.170s / 2.955s)
generated_audios/generated_H4_256C_pruned70_int8/260-123288-0020_generated.wav | RTF: 0.2690(0.780s / 2.900s) | Generator RTF: 0.2679(0.777s / 2.900s)
generated_audios/generated_H4_256C_pruned70_int8/260-123288-0021_generated.wav | RTF: 0.0593(0.161s / 2.710s) | Generator RTF: 0.0581(0.157s / 2.710s)
generated_audios/generated_H4_256C_pruned70_int8/260-123288-0022_generated.wav | RTF: 0.2812(1.042s / 3.705s) | Generator RTF: 0.2803(1.039s / 3.705s)
generated_audios/generated_H4_256C_pruned70_int8/260-123288-0023_generated.wav | RTF: 0.0604(0.144s / 2.385s) | Generator RTF: 0.0590(0.141s / 2.385s)
generated_audios/generated_H4_256C_pruned70_int8/260-123288-0024_generated.wav | RTF: 0.3015(4.400s / 14.595s) | Generator RTF: 0.3012(4.396s / 14.595s)
generated_audios/generated_H4_256C_pruned70_int8/260-123288-0025_generated.wav | RTF: 0.2997(4.030s / 13.445s) | Generator RTF: 0.2994(4.025s / 13.445s)
generated_audios/generated_H4_256C_pruned70_int8/260-123288-0026_generated.wav | RTF: 0.3032(4.863s / 16.040s) | Generator RTF: 0.3029(4.859s / 16.040s)
generated_audios/generated_H4_256C_pruned70_int8/260-123288-0027_generated.wav | RTF: 0.2783(1.755s / 6.305s) | Generator RTF: 0.2778(1.751s / 6.305s)
generated_audios/generated_H4_256C_pruned70_int8/260-123288-0028_generated.wav | RTF: 0.2779(0.725s / 2.610s) | Generator RTF: 0.2768(0.722s / 2.610s)
generated_audios/generated_H4_256C_pruned70_int8/260-123440-0000_generated.wav | RTF: 0.2699(0.584s / 2.165s) | Generator RTF: 0.2685(0.581s / 2.165s)
generated_audios/generated_H4_256C_pruned70_int8/260-123440-0001_generated.wav | RTF: 0.2821(0.491s / 1.740s) | Generator RTF: 0.2803(0.488s / 1.740s)
generated_audios/generated_H4_256C_pruned70_int8/260-123440-0002_generated.wav | RTF: 0.3032(4.462s / 14.715s) | Generator RTF: 0.3029(4.457s / 14.715s)
generated_audios/generated_H4_256C_pruned70_int8/260-123440-0003_generated.wav | RTF: 0.2777(0.996s / 3.585s) | Generator RTF: 0.2768(0.992s / 3.585s)
generated_audios/generated_H4_256C_pruned70_int8/260-123440-0004_generated.wav | RTF: 0.3086(3.710s / 12.020s) | Generator RTF: 0.3083(3.706s / 12.020s)
generated_audios/generated_H4_256C_pruned70_int8/260-123440-0005_generated.wav | RTF: 0.0608(0.189s / 3.105s) | Generator RTF: 0.0597(0.185s / 3.105s)
generated_audios/generated_H4_256C_pruned70_int8/260-123440-0006_generated.wav | RTF: 0.0532(0.144s / 2.715s) | Generator RTF: 0.0521(0.141s / 2.715s)
generated_audios/generated_H4_256C_pruned70_int8/260-123440-0007_generated.wav | RTF: 0.2716(0.919s / 3.385s) | Generator RTF: 0.2706(0.916s / 3.385s)
generated_audios/generated_H4_256C_pruned70_int8/260-123440-0008_generated.wav | RTF: 0.2812(1.053s / 3.745s) | Generator RTF: 0.2804(1.050s / 3.745s)
generated_audios/generated_H4_256C_pruned70_int8/260-123440-0009_generated.wav | RTF: 0.2768(0.862s / 3.115s) | Generator RTF: 0.2757(0.859s / 3.115s)
generated_audios/generated_H4_256C_pruned70_int8/260-123440-0010_generated.wav | RTF: 0.2914(2.423s / 8.315s) | Generator RTF: 0.2910(2.419s / 8.315s)
generated_audios/generated_H4_256C_pruned70_int8/260-123440-0011_generated.wav | RTF: 0.0538(0.262s / 4.870s) | Generator RTF: 0.0531(0.259s / 4.870s)
generated_audios/generated_H4_256C_pruned70_int8/260-123440-0012_generated.wav | RTF: 0.2811(1.474s / 5.245s) | Generator RTF: 0.2805(1.471s / 5.245s)
generated_audios/generated_H4_256C_pruned70_int8/260-123440-0013_generated.wav | RTF: 0.2792(0.970s / 3.475s) | Generator RTF: 0.2782(0.967s / 3.475s)
generated_audios/generated_H4_256C_pruned70_int8/260-123440-0014_generated.wav | RTF: 0.2793(1.066s / 3.815s) | Generator RTF: 0.2785(1.062s / 3.815s)
generated_audios/generated_H4_256C_pruned70_int8/260-123440-0015_generated.wav | RTF: 0.0620(0.384s / 6.200s) | Generator RTF: 0.0614(0.381s / 6.200s)
generated_audios/generated_H4_256C_pruned70_int8/260-123440-0016_generated.wav | RTF: 0.2811(1.376s / 4.895s) | Generator RTF: 0.2803(1.372s / 4.895s)
generated_audios/generated_H4_256C_pruned70_int8/260-123440-0017_generated.wav | RTF: 0.0596(0.183s / 3.070s) | Generator RTF: 0.0586(0.180s / 3.070s)
generated_audios/generated_H4_256C_pruned70_int8/260-123440-0018_generated.wav | RTF: 0.2758(1.004s / 3.640s) | Generator RTF: 0.2749(1.001s / 3.640s)
generated_audios/generated_H4_256C_pruned70_int8/260-123440-0019_generated.wav | RTF: 0.2772(1.838s / 6.630s) | Generator RTF: 0.2767(1.835s / 6.630s)
generated_audios/generated_H4_256C_pruned70_int8/260-123440-0020_generated.wav | RTF: 0.2803(1.400s / 4.995s) | Generator RTF: 0.2796(1.397s / 4.995s)
generated_audios/generated_H4_256C_pruned70_int8/61-70968-0000_generated.wav | RTF: 0.2809(1.378s / 4.905s) | Generator RTF: 0.2803(1.375s / 4.905s)
generated_audios/generated_H4_256C_pruned70_int8/61-70968-0001_generated.wav | RTF: 0.2776(1.002s / 3.610s) | Generator RTF: 0.2765(0.998s / 3.610s)
generated_audios/generated_H4_256C_pruned70_int8/61-70968-0002_generated.wav | RTF: 0.2732(0.812s / 2.970s) | Generator RTF: 0.2723(0.809s / 2.970s)
generated_audios/generated_H4_256C_pruned70_int8/61-70968-0003_generated.wav | RTF: 0.0575(0.248s / 4.315s) | Generator RTF: 0.0567(0.245s / 4.315s)
generated_audios/generated_H4_256C_pruned70_int8/61-70968-0004_generated.wav | RTF: 0.2810(1.092s / 3.885s) | Generator RTF: 0.2802(1.089s / 3.885s)
generated_audios/generated_H4_256C_pruned70_int8/61-70968-0005_generated.wav | RTF: 0.0592(0.300s / 5.070s) | Generator RTF: 0.0585(0.297s / 5.070s)
generated_audios/generated_H4_256C_pruned70_int8/61-70968-0006_generated.wav | RTF: 0.2715(0.797s / 2.935s) | Generator RTF: 0.2704(0.794s / 2.935s)
generated_audios/generated_H4_256C_pruned70_int8/61-70968-0007_generated.wav | RTF: 0.0596(0.212s / 3.550s) | Generator RTF: 0.0588(0.209s / 3.550s)
generated_audios/generated_H4_256C_pruned70_int8/61-70968-0008_generated.wav | RTF: 0.0605(0.214s / 3.535s) | Generator RTF: 0.0596(0.211s / 3.535s)
generated_audios/generated_H4_256C_pruned70_int8/61-70968-0009_generated.wav | RTF: 0.2802(1.264s / 4.510s) | Generator RTF: 0.2794(1.260s / 4.510s)
generated_audios/generated_H4_256C_pruned70_int8/61-70968-0010_generated.wav | RTF: 0.2866(2.377s / 8.295s) | Generator RTF: 0.2861(2.373s / 8.295s)
generated_audios/generated_H4_256C_pruned70_int8/61-70968-0011_generated.wav | RTF: 0.2966(1.891s / 6.375s) | Generator RTF: 0.2850(1.817s / 6.375s)
generated_audios/generated_H4_256C_pruned70_int8/61-70968-0012_generated.wav | RTF: 0.0608(0.159s / 2.610s) | Generator RTF: 0.0595(0.155s / 2.610s)
generated_audios/generated_H4_256C_pruned70_int8/61-70968-0013_generated.wav | RTF: 0.0580(0.258s / 4.450s) | Generator RTF: 0.0573(0.255s / 4.450s)
generated_audios/generated_H4_256C_pruned70_int8/61-70968-0014_generated.wav | RTF: 0.2833(2.120s / 7.485s) | Generator RTF: 0.2828(2.116s / 7.485s)
generated_audios/generated_H4_256C_pruned70_int8/61-70968-0015_generated.wav | RTF: 0.3164(1.701s / 5.375s) | Generator RTF: 0.3158(1.697s / 5.375s)
generated_audios/generated_H4_256C_pruned70_int8/61-70968-0016_generated.wav | RTF: 0.3670(1.365s / 3.720s) | Generator RTF: 0.3525(1.311s / 3.720s)
generated_audios/generated_H4_256C_pruned70_int8/61-70968-0017_generated.wav | RTF: 0.2831(1.446s / 5.110s) | Generator RTF: 0.2823(1.442s / 5.110s)
generated_audios/generated_H4_256C_pruned70_int8/61-70968-0018_generated.wav | RTF: 0.2723(0.655s / 2.405s) | Generator RTF: 0.2709(0.652s / 2.405s)
generated_audios/generated_H4_256C_pruned70_int8/61-70968-0019_generated.wav | RTF: 0.2772(1.517s / 5.475s) | Generator RTF: 0.2765(1.514s / 5.475s)
generated_audios/generated_H4_256C_pruned70_int8/61-70968-0020_generated.wav | RTF: 0.2834(1.447s / 5.105s) | Generator RTF: 0.2827(1.443s / 5.105s)
generated_audios/generated_H4_256C_pruned70_int8/61-70968-0021_generated.wav | RTF: 0.2742(0.738s / 2.690s) | Generator RTF: 0.2730(0.734s / 2.690s)
generated_audios/generated_H4_256C_pruned70_int8/61-70968-0022_generated.wav | RTF: 0.0586(0.274s / 4.670s) | Generator RTF: 0.0578(0.270s / 4.670s)
generated_audios/generated_H4_256C_pruned70_int8/61-70968-0023_generated.wav | RTF: 0.0606(0.305s / 5.025s) | Generator RTF: 0.0599(0.301s / 5.025s)
generated_audios/generated_H4_256C_pruned70_int8/61-70968-0024_generated.wav | RTF: 0.2852(1.718s / 6.025s) | Generator RTF: 0.2846(1.715s / 6.025s)
generated_audios/generated_H4_256C_pruned70_int8/61-70968-0025_generated.wav | RTF: 0.0579(0.255s / 4.410s) | Generator RTF: 0.0571(0.252s / 4.410s)
generated_audios/generated_H4_256C_pruned70_int8/61-70968-0026_generated.wav | RTF: 0.2755(1.355s / 4.920s) | Generator RTF: 0.2748(1.352s / 4.920s)
generated_audios/generated_H4_256C_pruned70_int8/61-70968-0027_generated.wav | RTF: 0.2864(1.968s / 6.870s) | Generator RTF: 0.2859(1.964s / 6.870s)
generated_audios/generated_H4_256C_pruned70_int8/61-70968-0028_generated.wav | RTF: 0.2782(1.490s / 5.355s) | Generator RTF: 0.2775(1.486s / 5.355s)
generated_audios/generated_H4_256C_pruned70_int8/61-70968-0029_generated.wav | RTF: 0.2818(0.985s / 3.495s) | Generator RTF: 0.2808(0.981s / 3.495s)
generated_audios/generated_H4_256C_pruned70_int8/61-70968-0030_generated.wav | RTF: 0.2806(1.595s / 5.685s) | Generator RTF: 0.2800(1.592s / 5.685s)
generated_audios/generated_H4_256C_pruned70_int8/61-70968-0031_generated.wav | RTF: 0.2806(0.821s / 2.925s) | Generator RTF: 0.2795(0.818s / 2.925s)
generated_audios/generated_H4_256C_pruned70_int8/61-70968-0032_generated.wav | RTF: 0.0586(0.251s / 4.280s) | Generator RTF: 0.0578(0.247s / 4.280s)
generated_audios/generated_H4_256C_pruned70_int8/61-70968-0033_generated.wav | RTF: 0.0530(0.302s / 5.685s) | Generator RTF: 0.0524(0.298s / 5.685s)
generated_audios/generated_H4_256C_pruned70_int8/61-70968-0034_generated.wav | RTF: 0.2822(1.194s / 4.230s) | Generator RTF: 0.2813(1.190s / 4.230s)
generated_audios/generated_H4_256C_pruned70_int8/61-70968-0035_generated.wav | RTF: 0.2881(2.290s / 7.950s) | Generator RTF: 0.2876(2.287s / 7.950s)
generated_audios/generated_H4_256C_pruned70_int8/61-70968-0036_generated.wav | RTF: 0.0596(0.175s / 2.935s) | Generator RTF: 0.0586(0.172s / 2.935s)
generated_audios/generated_H4_256C_pruned70_int8/61-70968-0037_generated.wav | RTF: 0.0581(0.251s / 4.315s) | Generator RTF: 0.0576(0.249s / 4.315s)
generated_audios/generated_H4_256C_pruned70_int8/61-70968-0038_generated.wav | RTF: 0.2887(0.592s / 2.050s) | Generator RTF: 0.2871(0.589s / 2.050s)
generated_audios/generated_H4_256C_pruned70_int8/61-70968-0039_generated.wav | RTF: 0.2767(1.053s / 3.805s) | Generator RTF: 0.2758(1.049s / 3.805s)
generated_audios/generated_H4_256C_pruned70_int8/61-70968-0040_generated.wav | RTF: 0.2845(1.124s / 3.950s) | Generator RTF: 0.2837(1.120s / 3.950s)
generated_audios/generated_H4_256C_pruned70_int8/61-70968-0041_generated.wav | RTF: 0.0593(0.405s / 6.825s) | Generator RTF: 0.0588(0.401s / 6.825s)
generated_audios/generated_H4_256C_pruned70_int8/61-70968-0042_generated.wav | RTF: 0.0593(0.165s / 2.785s) | Generator RTF: 0.0581(0.162s / 2.785s)
generated_audios/generated_H4_256C_pruned70_int8/61-70968-0043_generated.wav | RTF: 0.2856(1.923s / 6.735s) | Generator RTF: 0.2850(1.920s / 6.735s)
generated_audios/generated_H4_256C_pruned70_int8/61-70968-0044_generated.wav | RTF: 0.0597(0.165s / 2.770s) | Generator RTF: 0.0585(0.162s / 2.770s)
generated_audios/generated_H4_256C_pruned70_int8/61-70968-0045_generated.wav | RTF: 0.0576(0.200s / 3.475s) | Generator RTF: 0.0567(0.197s / 3.475s)
generated_audios/generated_H4_256C_pruned70_int8/61-70968-0046_generated.wav | RTF: 0.0589(0.209s / 3.550s) | Generator RTF: 0.0580(0.206s / 3.550s)
generated_audios/generated_H4_256C_pruned70_int8/61-70968-0047_generated.wav | RTF: 0.2765(1.320s / 4.775s) | Generator RTF: 0.2758(1.317s / 4.775s)
generated_audios/generated_H4_256C_pruned70_int8/61-70968-0048_generated.wav | RTF: 0.2812(0.849s / 3.020s) | Generator RTF: 0.2801(0.846s / 3.020s)
generated_audios/generated_H4_256C_pruned70_int8/61-70968-0049_generated.wav | RTF: 0.2919(2.408s / 8.250s) | Generator RTF: 0.2914(2.404s / 8.250s)
generated_audios/generated_H4_256C_pruned70_int8/61-70968-0050_generated.wav | RTF: 0.2831(1.580s / 5.580s) | Generator RTF: 0.2826(1.577s / 5.580s)
generated_audios/generated_H4_256C_pruned70_int8/61-70968-0051_generated.wav | RTF: 0.2718(0.852s / 3.135s) | Generator RTF: 0.2708(0.849s / 3.135s)
generated_audios/generated_H4_256C_pruned70_int8/61-70968-0052_generated.wav | RTF: 0.2605(0.690s / 2.650s) | Generator RTF: 0.2592(0.687s / 2.650s)
generated_audios/generated_H4_256C_pruned70_int8/61-70968-0053_generated.wav | RTF: 0.0567(0.239s / 4.220s) | Generator RTF: 0.0558(0.236s / 4.220s)
generated_audios/generated_H4_256C_pruned70_int8/61-70968-0054_generated.wav | RTF: 0.2747(2.159s / 7.860s) | Generator RTF: 0.2742(2.155s / 7.860s)
generated_audios/generated_H4_256C_pruned70_int8/61-70968-0055_generated.wav | RTF: 0.0580(0.230s / 3.965s) | Generator RTF: 0.0572(0.227s / 3.965s)
generated_audios/generated_H4_256C_pruned70_int8/61-70968-0056_generated.wav | RTF: 0.2676(0.954s / 3.565s) | Generator RTF: 0.2666(0.950s / 3.565s)
generated_audios/generated_H4_256C_pruned70_int8/61-70968-0057_generated.wav | RTF: 0.0561(0.284s / 5.065s) | Generator RTF: 0.0554(0.281s / 5.065s)
generated_audios/generated_H4_256C_pruned70_int8/61-70968-0058_generated.wav | RTF: 0.2604(0.474s / 1.820s) | Generator RTF: 0.2586(0.471s / 1.820s)
generated_audios/generated_H4_256C_pruned70_int8/61-70968-0059_generated.wav | RTF: 0.0603(0.131s / 2.170s) | Generator RTF: 0.0589(0.128s / 2.170s)
generated_audios/generated_H4_256C_pruned70_int8/61-70968-0060_generated.wav | RTF: 0.0573(0.214s / 3.735s) | Generator RTF: 0.0564(0.211s / 3.735s)
generated_audios/generated_H4_256C_pruned70_int8/61-70968-0061_generated.wav | RTF: 0.2776(1.535s / 5.530s) | Generator RTF: 0.2770(1.532s / 5.530s)
generated_audios/generated_H4_256C_pruned70_int8/61-70968-0062_generated.wav | RTF: 0.0588(0.150s / 2.555s) | Generator RTF: 0.0575(0.147s / 2.555s)
generated_audios/generated_H4_256C_pruned70_int8/61-70970-0000_generated.wav | RTF: 0.2762(1.678s / 6.075s) | Generator RTF: 0.2756(1.674s / 6.075s)
generated_audios/generated_H4_256C_pruned70_int8/61-70970-0001_generated.wav | RTF: 0.2802(1.725s / 6.155s) | Generator RTF: 0.2796(1.721s / 6.155s)
generated_audios/generated_H4_256C_pruned70_int8/61-70970-0002_generated.wav | RTF: 0.2818(1.174s / 4.165s) | Generator RTF: 0.2809(1.170s / 4.165s)
generated_audios/generated_H4_256C_pruned70_int8/61-70970-0003_generated.wav | RTF: 0.2765(1.061s / 3.835s) | Generator RTF: 0.2756(1.057s / 3.835s)
generated_audios/generated_H4_256C_pruned70_int8/61-70970-0004_generated.wav | RTF: 0.2845(2.992s / 10.515s) | Generator RTF: 0.2841(2.988s / 10.515s)
generated_audios/generated_H4_256C_pruned70_int8/61-70970-0005_generated.wav | RTF: 0.2887(0.583s / 2.020s) | Generator RTF: 0.2871(0.580s / 2.020s)
generated_audios/generated_H4_256C_pruned70_int8/61-70970-0006_generated.wav | RTF: 0.2804(0.655s / 2.335s) | Generator RTF: 0.2791(0.652s / 2.335s)
generated_audios/generated_H4_256C_pruned70_int8/61-70970-0007_generated.wav | RTF: 0.2861(1.283s / 4.485s) | Generator RTF: 0.2853(1.280s / 4.485s)
generated_audios/generated_H4_256C_pruned70_int8/61-70970-0008_generated.wav | RTF: 0.2940(0.632s / 2.150s) | Generator RTF: 0.2926(0.629s / 2.150s)
generated_audios/generated_H4_256C_pruned70_int8/61-70970-0009_generated.wav | RTF: 0.2853(0.971s / 3.405s) | Generator RTF: 0.2844(0.968s / 3.405s)
generated_audios/generated_H4_256C_pruned70_int8/61-70970-0010_generated.wav | RTF: 0.0599(0.183s / 3.045s) | Generator RTF: 0.0588(0.179s / 3.045s)
generated_audios/generated_H4_256C_pruned70_int8/61-70970-0011_generated.wav | RTF: 0.0531(0.323s / 6.075s) | Generator RTF: 0.0526(0.319s / 6.075s)
generated_audios/generated_H4_256C_pruned70_int8/61-70970-0012_generated.wav | RTF: 0.0529(0.166s / 3.135s) | Generator RTF: 0.0518(0.162s / 3.135s)
generated_audios/generated_H4_256C_pruned70_int8/61-70970-0013_generated.wav | RTF: 0.2858(1.243s / 4.350s) | Generator RTF: 0.2850(1.240s / 4.350s)
generated_audios/generated_H4_256C_pruned70_int8/61-70970-0014_generated.wav | RTF: 0.0514(0.175s / 3.405s) | Generator RTF: 0.0508(0.173s / 3.405s)
generated_audios/generated_H4_256C_pruned70_int8/61-70970-0015_generated.wav | RTF: 0.2853(2.401s / 8.415s) | Generator RTF: 0.2848(2.397s / 8.415s)
generated_audios/generated_H4_256C_pruned70_int8/61-70970-0016_generated.wav | RTF: 0.2841(1.242s / 4.370s) | Generator RTF: 0.2833(1.238s / 4.370s)
generated_audios/generated_H4_256C_pruned70_int8/61-70970-0017_generated.wav | RTF: 0.0592(0.151s / 2.550s) | Generator RTF: 0.0580(0.148s / 2.550s)
generated_audios/generated_H4_256C_pruned70_int8/61-70970-0018_generated.wav | RTF: 0.2780(1.279s / 4.600s) | Generator RTF: 0.2773(1.275s / 4.600s)
generated_audios/generated_H4_256C_pruned70_int8/61-70970-0019_generated.wav | RTF: 0.2802(1.059s / 3.780s) | Generator RTF: 0.2792(1.055s / 3.780s)
generated_audios/generated_H4_256C_pruned70_int8/61-70970-0020_generated.wav | RTF: 0.0573(0.288s / 5.025s) | Generator RTF: 0.0566(0.285s / 5.025s)
generated_audios/generated_H4_256C_pruned70_int8/61-70970-0021_generated.wav | RTF: 0.2793(1.509s / 5.405s) | Generator RTF: 0.2786(1.506s / 5.405s)
generated_audios/generated_H4_256C_pruned70_int8/61-70970-0022_generated.wav | RTF: 0.0562(0.223s / 3.970s) | Generator RTF: 0.0554(0.220s / 3.970s)
generated_audios/generated_H4_256C_pruned70_int8/61-70970-0023_generated.wav | RTF: 0.0566(0.210s / 3.705s) | Generator RTF: 0.0557(0.206s / 3.705s)
generated_audios/generated_H4_256C_pruned70_int8/61-70970-0024_generated.wav | RTF: 0.2843(2.057s / 7.235s) | Generator RTF: 0.2838(2.053s / 7.235s)
generated_audios/generated_H4_256C_pruned70_int8/61-70970-0025_generated.wav | RTF: 0.2913(2.166s / 7.435s) | Generator RTF: 0.2908(2.162s / 7.435s)
generated_audios/generated_H4_256C_pruned70_int8/61-70970-0026_generated.wav | RTF: 0.0566(0.310s / 5.475s) | Generator RTF: 0.0559(0.306s / 5.475s)
generated_audios/generated_H4_256C_pruned70_int8/61-70970-0027_generated.wav | RTF: 0.0560(0.285s / 5.080s) | Generator RTF: 0.0552(0.281s / 5.080s)
generated_audios/generated_H4_256C_pruned70_int8/61-70970-0028_generated.wav | RTF: 0.0572(0.375s / 6.550s) | Generator RTF: 0.0567(0.371s / 6.550s)
generated_audios/generated_H4_256C_pruned70_int8/61-70970-0029_generated.wav | RTF: 0.0574(0.231s / 4.030s) | Generator RTF: 0.0566(0.228s / 4.030s)
generated_audios/generated_H4_256C_pruned70_int8/61-70970-0030_generated.wav | RTF: 0.0579(0.187s / 3.240s) | Generator RTF: 0.0569(0.184s / 3.240s)
generated_audios/generated_H4_256C_pruned70_int8/61-70970-0031_generated.wav | RTF: 0.2823(1.450s / 5.135s) | Generator RTF: 0.2816(1.446s / 5.135s)
generated_audios/generated_H4_256C_pruned70_int8/61-70970-0032_generated.wav | RTF: 0.0518(0.162s / 3.135s) | Generator RTF: 0.0507(0.159s / 3.135s)
generated_audios/generated_H4_256C_pruned70_int8/61-70970-0033_generated.wav | RTF: 0.2742(0.938s / 3.420s) | Generator RTF: 0.2733(0.935s / 3.420s)
generated_audios/generated_H4_256C_pruned70_int8/61-70970-0034_generated.wav | RTF: 0.0565(0.253s / 4.485s) | Generator RTF: 0.0557(0.250s / 4.485s)
generated_audios/generated_H4_256C_pruned70_int8/61-70970-0035_generated.wav | RTF: 0.0578(0.428s / 7.405s) | Generator RTF: 0.0573(0.424s / 7.405s)
generated_audios/generated_H4_256C_pruned70_int8/61-70970-0036_generated.wav | RTF: 0.0575(0.390s / 6.785s) | Generator RTF: 0.0570(0.386s / 6.785s)
generated_audios/generated_H4_256C_pruned70_int8/61-70970-0037_generated.wav | RTF: 0.2768(1.655s / 5.980s) | Generator RTF: 0.2761(1.651s / 5.980s)
generated_audios/generated_H4_256C_pruned70_int8/61-70970-0038_generated.wav | RTF: 0.2839(2.952s / 10.400s) | Generator RTF: 0.2835(2.948s / 10.400s)
generated_audios/generated_H4_256C_pruned70_int8/61-70970-0039_generated.wav | RTF: 0.0570(0.380s / 6.665s) | Generator RTF: 0.0565(0.376s / 6.665s)
generated_audios/generated_H4_256C_pruned70_int8/61-70970-0040_generated.wav | RTF: 0.0567(0.236s / 4.165s) | Generator RTF: 0.0559(0.233s / 4.165s)
generated_audios/generated_H4_256C_pruned70_int8/672-122797-0000_generated.wav | RTF: 0.2819(1.147s / 4.070s) | Generator RTF: 0.2811(1.144s / 4.070s)
generated_audios/generated_H4_256C_pruned70_int8/672-122797-0001_generated.wav | RTF: 0.2857(4.322s / 15.130s) | Generator RTF: 0.2854(4.318s / 15.130s)
generated_audios/generated_H4_256C_pruned70_int8/672-122797-0002_generated.wav | RTF: 0.2842(3.871s / 13.620s) | Generator RTF: 0.2840(3.868s / 13.620s)
generated_audios/generated_H4_256C_pruned70_int8/672-122797-0003_generated.wav | RTF: 0.2862(1.363s / 4.760s) | Generator RTF: 0.2855(1.359s / 4.760s)
generated_audios/generated_H4_256C_pruned70_int8/672-122797-0004_generated.wav | RTF: 0.2815(2.886s / 10.250s) | Generator RTF: 0.2811(2.882s / 10.250s)
generated_audios/generated_H4_256C_pruned70_int8/672-122797-0005_generated.wav | RTF: 0.2874(0.937s / 3.260s) | Generator RTF: 0.2864(0.934s / 3.260s)
generated_audios/generated_H4_256C_pruned70_int8/672-122797-0006_generated.wav | RTF: 0.2863(3.994s / 13.950s) | Generator RTF: 0.2860(3.990s / 13.950s)
generated_audios/generated_H4_256C_pruned70_int8/672-122797-0007_generated.wav | RTF: 0.2815(1.807s / 6.420s) | Generator RTF: 0.2809(1.804s / 6.420s)
generated_audios/generated_H4_256C_pruned70_int8/672-122797-0008_generated.wav | RTF: 0.2888(8.897s / 30.810s) | Generator RTF: 0.2886(8.890s / 30.810s)
generated_audios/generated_H4_256C_pruned70_int8/672-122797-0009_generated.wav | RTF: 0.0582(0.161s / 2.765s) | Generator RTF: 0.0576(0.159s / 2.765s)
generated_audios/generated_H4_256C_pruned70_int8/672-122797-0010_generated.wav | RTF: 0.0575(0.219s / 3.815s) | Generator RTF: 0.0566(0.216s / 3.815s)
generated_audios/generated_H4_256C_pruned70_int8/672-122797-0011_generated.wav | RTF: 0.2899(0.736s / 2.540s) | Generator RTF: 0.2886(0.733s / 2.540s)
generated_audios/generated_H4_256C_pruned70_int8/672-122797-0012_generated.wav | RTF: 0.3064(2.379s / 7.765s) | Generator RTF: 0.3059(2.375s / 7.765s)
generated_audios/generated_H4_256C_pruned70_int8/672-122797-0013_generated.wav | RTF: 0.2825(2.459s / 8.705s) | Generator RTF: 0.2821(2.455s / 8.705s)
generated_audios/generated_H4_256C_pruned70_int8/672-122797-0014_generated.wav | RTF: 0.0607(0.155s / 2.555s) | Generator RTF: 0.0594(0.152s / 2.555s)
generated_audios/generated_H4_256C_pruned70_int8/672-122797-0015_generated.wav | RTF: 0.0569(0.254s / 4.455s) | Generator RTF: 0.0562(0.250s / 4.455s)
generated_audios/generated_H4_256C_pruned70_int8/672-122797-0016_generated.wav | RTF: 0.2832(2.610s / 9.215s) | Generator RTF: 0.2828(2.606s / 9.215s)
generated_audios/generated_H4_256C_pruned70_int8/672-122797-0017_generated.wav | RTF: 0.2822(1.360s / 4.820s) | Generator RTF: 0.2818(1.358s / 4.820s)
generated_audios/generated_H4_256C_pruned70_int8/672-122797-0018_generated.wav | RTF: 0.2817(1.389s / 4.930s) | Generator RTF: 0.2810(1.385s / 4.930s)
generated_audios/generated_H4_256C_pruned70_int8/672-122797-0019_generated.wav | RTF: 0.2781(1.143s / 4.110s) | Generator RTF: 0.2773(1.140s / 4.110s)
generated_audios/generated_H4_256C_pruned70_int8/672-122797-0020_generated.wav | RTF: 0.2856(2.520s / 8.825s) | Generator RTF: 0.2852(2.517s / 8.825s)
generated_audios/generated_H4_256C_pruned70_int8/672-122797-0021_generated.wav | RTF: 0.0571(0.237s / 4.150s) | Generator RTF: 0.0566(0.235s / 4.150s)
generated_audios/generated_H4_256C_pruned70_int8/672-122797-0022_generated.wav | RTF: 0.2895(5.501s / 19.005s) | Generator RTF: 0.2892(5.496s / 19.005s)
generated_audios/generated_H4_256C_pruned70_int8/672-122797-0023_generated.wav | RTF: 0.2874(2.787s / 9.695s) | Generator RTF: 0.2870(2.782s / 9.695s)
generated_audios/generated_H4_256C_pruned70_int8/672-122797-0024_generated.wav | RTF: 0.2856(1.180s / 4.130s) | Generator RTF: 0.2847(1.176s / 4.130s)
generated_audios/generated_H4_256C_pruned70_int8/672-122797-0025_generated.wav | RTF: 0.2890(3.089s / 10.690s) | Generator RTF: 0.2886(3.085s / 10.690s)
generated_audios/generated_H4_256C_pruned70_int8/672-122797-0026_generated.wav | RTF: 0.2880(4.020s / 13.960s) | Generator RTF: 0.2877(4.016s / 13.960s)
generated_audios/generated_H4_256C_pruned70_int8/672-122797-0027_generated.wav | RTF: 0.0568(0.272s / 4.790s) | Generator RTF: 0.0561(0.269s / 4.790s)
generated_audios/generated_H4_256C_pruned70_int8/672-122797-0028_generated.wav | RTF: 0.0607(0.159s / 2.610s) | Generator RTF: 0.0595(0.155s / 2.610s)
generated_audios/generated_H4_256C_pruned70_int8/672-122797-0029_generated.wav | RTF: 0.0572(0.174s / 3.050s) | Generator RTF: 0.0561(0.171s / 3.050s)
generated_audios/generated_H4_256C_pruned70_int8/672-122797-0030_generated.wav | RTF: 0.2802(1.282s / 4.575s) | Generator RTF: 0.2795(1.279s / 4.575s)
generated_audios/generated_H4_256C_pruned70_int8/672-122797-0031_generated.wav | RTF: 0.0573(0.228s / 3.980s) | Generator RTF: 0.0565(0.225s / 3.980s)
generated_audios/generated_H4_256C_pruned70_int8/672-122797-0032_generated.wav | RTF: 0.0570(0.228s / 4.000s) | Generator RTF: 0.0561(0.224s / 4.000s)
generated_audios/generated_H4_256C_pruned70_int8/672-122797-0033_generated.wav | RTF: 0.2789(0.358s / 1.285s) | Generator RTF: 0.2767(0.356s / 1.285s)
generated_audios/generated_H4_256C_pruned70_int8/672-122797-0034_generated.wav | RTF: 0.0569(0.291s / 5.110s) | Generator RTF: 0.0565(0.289s / 5.110s)
generated_audios/generated_H4_256C_pruned70_int8/672-122797-0035_generated.wav | RTF: 0.0584(0.169s / 2.900s) | Generator RTF: 0.0573(0.166s / 2.900s)
generated_audios/generated_H4_256C_pruned70_int8/672-122797-0036_generated.wav | RTF: 0.0583(0.313s / 5.365s) | Generator RTF: 0.0576(0.309s / 5.365s)
generated_audios/generated_H4_256C_pruned70_int8/672-122797-0037_generated.wav | RTF: 0.2704(0.530s / 1.960s) | Generator RTF: 0.2688(0.527s / 1.960s)
generated_audios/generated_H4_256C_pruned70_int8/672-122797-0038_generated.wav | RTF: 0.2820(2.481s / 8.800s) | Generator RTF: 0.2815(2.477s / 8.800s)
generated_audios/generated_H4_256C_pruned70_int8/672-122797-0039_generated.wav | RTF: 0.2830(1.139s / 4.025s) | Generator RTF: 0.2821(1.136s / 4.025s)
generated_audios/generated_H4_256C_pruned70_int8/672-122797-0040_generated.wav | RTF: 0.0584(0.299s / 5.125s) | Generator RTF: 0.0577(0.296s / 5.125s)
generated_audios/generated_H4_256C_pruned70_int8/672-122797-0041_generated.wav | RTF: 0.0586(0.227s / 3.880s) | Generator RTF: 0.0578(0.224s / 3.880s)
generated_audios/generated_H4_256C_pruned70_int8/672-122797-0042_generated.wav | RTF: 0.2872(4.397s / 15.310s) | Generator RTF: 0.2869(4.392s / 15.310s)
generated_audios/generated_H4_256C_pruned70_int8/672-122797-0043_generated.wav | RTF: 0.0584(0.221s / 3.780s) | Generator RTF: 0.0575(0.217s / 3.780s)
generated_audios/generated_H4_256C_pruned70_int8/672-122797-0044_generated.wav | RTF: 0.0575(0.215s / 3.740s) | Generator RTF: 0.0566(0.212s / 3.740s)
generated_audios/generated_H4_256C_pruned70_int8/672-122797-0045_generated.wav | RTF: 0.0555(0.775s / 13.960s) | Generator RTF: 0.0552(0.771s / 13.960s)
generated_audios/generated_H4_256C_pruned70_int8/672-122797-0046_generated.wav | RTF: 0.2811(1.325s / 4.715s) | Generator RTF: 0.2804(1.322s / 4.715s)
generated_audios/generated_H4_256C_pruned70_int8/672-122797-0047_generated.wav | RTF: 0.2804(0.932s / 3.325s) | Generator RTF: 0.2794(0.929s / 3.325s)
generated_audios/generated_H4_256C_pruned70_int8/672-122797-0048_generated.wav | RTF: 0.0590(0.386s / 6.555s) | Generator RTF: 0.0584(0.383s / 6.555s)
generated_audios/generated_H4_256C_pruned70_int8/672-122797-0049_generated.wav | RTF: 0.0619(0.125s / 2.020s) | Generator RTF: 0.0604(0.122s / 2.020s)
generated_audios/generated_H4_256C_pruned70_int8/672-122797-0050_generated.wav | RTF: 0.2846(1.382s / 4.855s) | Generator RTF: 0.2838(1.378s / 4.855s)
generated_audios/generated_H4_256C_pruned70_int8/672-122797-0051_generated.wav | RTF: 0.2852(1.330s / 4.665s) | Generator RTF: 0.2845(1.327s / 4.665s)
generated_audios/generated_H4_256C_pruned70_int8/672-122797-0052_generated.wav | RTF: 0.2803(1.201s / 4.285s) | Generator RTF: 0.2796(1.198s / 4.285s)
generated_audios/generated_H4_256C_pruned70_int8/672-122797-0053_generated.wav | RTF: 0.0604(0.179s / 2.955s) | Generator RTF: 0.0593(0.175s / 2.955s)
generated_audios/generated_H4_256C_pruned70_int8/672-122797-0054_generated.wav | RTF: 0.0572(0.243s / 4.250s) | Generator RTF: 0.0564(0.240s / 4.250s)
generated_audios/generated_H4_256C_pruned70_int8/672-122797-0055_generated.wav | RTF: 0.2850(2.345s / 8.230s) | Generator RTF: 0.2845(2.341s / 8.230s)
generated_audios/generated_H4_256C_pruned70_int8/672-122797-0056_generated.wav | RTF: 0.0575(0.300s / 5.225s) | Generator RTF: 0.0568(0.297s / 5.225s)
generated_audios/generated_H4_256C_pruned70_int8/672-122797-0057_generated.wav | RTF: 0.0569(0.373s / 6.560s) | Generator RTF: 0.0564(0.370s / 6.560s)
generated_audios/generated_H4_256C_pruned70_int8/672-122797-0058_generated.wav | RTF: 0.2864(1.280s / 4.470s) | Generator RTF: 0.2857(1.277s / 4.470s)
generated_audios/generated_H4_256C_pruned70_int8/672-122797-0059_generated.wav | RTF: 0.2791(0.983s / 3.520s) | Generator RTF: 0.2782(0.979s / 3.520s)
generated_audios/generated_H4_256C_pruned70_int8/672-122797-0060_generated.wav | RTF: 0.0601(0.201s / 3.350s) | Generator RTF: 0.0591(0.198s / 3.350s)
generated_audios/generated_H4_256C_pruned70_int8/672-122797-0061_generated.wav | RTF: 0.2836(2.153s / 7.590s) | Generator RTF: 0.2831(2.149s / 7.590s)
generated_audios/generated_H4_256C_pruned70_int8/672-122797-0062_generated.wav | RTF: 0.2856(0.764s / 2.675s) | Generator RTF: 0.2844(0.761s / 2.675s)
generated_audios/generated_H4_256C_pruned70_int8/672-122797-0063_generated.wav | RTF: 0.0566(0.287s / 5.075s) | Generator RTF: 0.0560(0.284s / 5.075s)
generated_audios/generated_H4_256C_pruned70_int8/672-122797-0064_generated.wav | RTF: 0.2875(4.391s / 15.270s) | Generator RTF: 0.2873(4.386s / 15.270s)
generated_audios/generated_H4_256C_pruned70_int8/672-122797-0065_generated.wav | RTF: 0.0576(0.175s / 3.030s) | Generator RTF: 0.0565(0.171s / 3.030s)
generated_audios/generated_H4_256C_pruned70_int8/672-122797-0066_generated.wav | RTF: 0.0576(0.278s / 4.815s) | Generator RTF: 0.0569(0.274s / 4.815s)
generated_audios/generated_H4_256C_pruned70_int8/672-122797-0067_generated.wav | RTF: 0.2845(3.709s / 13.035s) | Generator RTF: 0.2842(3.705s / 13.035s)
generated_audios/generated_H4_256C_pruned70_int8/672-122797-0068_generated.wav | RTF: 0.0570(0.229s / 4.020s) | Generator RTF: 0.0563(0.226s / 4.020s)
generated_audios/generated_H4_256C_pruned70_int8/672-122797-0069_generated.wav | RTF: 0.2852(1.429s / 5.010s) | Generator RTF: 0.2844(1.425s / 5.010s)
generated_audios/generated_H4_256C_pruned70_int8/672-122797-0070_generated.wav | RTF: 0.2837(1.779s / 6.270s) | Generator RTF: 0.2831(1.775s / 6.270s)
generated_audios/generated_H4_256C_pruned70_int8/672-122797-0071_generated.wav | RTF: 0.2875(2.551s / 8.875s) | Generator RTF: 0.2870(2.547s / 8.875s)
generated_audios/generated_H4_256C_pruned70_int8/672-122797-0072_generated.wav | RTF: 0.2853(2.265s / 7.940s) | Generator RTF: 0.2848(2.261s / 7.940s)
generated_audios/generated_H4_256C_pruned70_int8/672-122797-0073_generated.wav | RTF: 0.2868(2.354s / 8.205s) | Generator RTF: 0.2864(2.350s / 8.205s)
generated_audios/generated_H4_256C_pruned70_int8/672-122797-0074_generated.wav | RTF: 0.2839(2.479s / 8.730s) | Generator RTF: 0.2835(2.475s / 8.730s)
generated_audios/generated_H4_256C_pruned70_int8/908-157963-0000_generated.wav | RTF: 0.2856(3.604s / 12.620s) | Generator RTF: 0.2853(3.600s / 12.620s)
generated_audios/generated_H4_256C_pruned70_int8/908-157963-0001_generated.wav | RTF: 0.2832(0.817s / 2.885s) | Generator RTF: 0.2821(0.814s / 2.885s)
generated_audios/generated_H4_256C_pruned70_int8/908-157963-0002_generated.wav | RTF: 0.2736(0.754s / 2.755s) | Generator RTF: 0.2724(0.751s / 2.755s)
generated_audios/generated_H4_256C_pruned70_int8/908-157963-0003_generated.wav | RTF: 0.2820(0.868s / 3.080s) | Generator RTF: 0.2810(0.865s / 3.080s)
generated_audios/generated_H4_256C_pruned70_int8/908-157963-0004_generated.wav | RTF: 0.2899(4.056s / 13.990s) | Generator RTF: 0.2896(4.052s / 13.990s)
generated_audios/generated_H4_256C_pruned70_int8/908-157963-0005_generated.wav | RTF: 0.2858(2.010s / 7.035s) | Generator RTF: 0.2853(2.007s / 7.035s)
generated_audios/generated_H4_256C_pruned70_int8/908-157963-0006_generated.wav | RTF: 0.2863(2.322s / 8.110s) | Generator RTF: 0.2858(2.318s / 8.110s)
generated_audios/generated_H4_256C_pruned70_int8/908-157963-0007_generated.wav | RTF: 0.2892(9.478s / 32.770s) | Generator RTF: 0.2890(9.471s / 32.770s)
generated_audios/generated_H4_256C_pruned70_int8/908-157963-0008_generated.wav | RTF: 0.2870(5.725s / 19.950s) | Generator RTF: 0.2867(5.720s / 19.950s)
generated_audios/generated_H4_256C_pruned70_int8/908-157963-0009_generated.wav | RTF: 0.2835(1.151s / 4.060s) | Generator RTF: 0.2827(1.148s / 4.060s)
generated_audios/generated_H4_256C_pruned70_int8/908-157963-0010_generated.wav | RTF: 0.0526(0.330s / 6.280s) | Generator RTF: 0.0520(0.327s / 6.280s)
generated_audios/generated_H4_256C_pruned70_int8/908-157963-0011_generated.wav | RTF: 0.0571(0.594s / 10.395s) | Generator RTF: 0.0567(0.590s / 10.395s)
generated_audios/generated_H4_256C_pruned70_int8/908-157963-0012_generated.wav | RTF: 0.2866(2.892s / 10.090s) | Generator RTF: 0.2862(2.887s / 10.090s)
generated_audios/generated_H4_256C_pruned70_int8/908-157963-0013_generated.wav | RTF: 0.0568(0.245s / 4.315s) | Generator RTF: 0.0560(0.242s / 4.315s)
generated_audios/generated_H4_256C_pruned70_int8/908-157963-0014_generated.wav | RTF: 0.0559(0.253s / 4.520s) | Generator RTF: 0.0553(0.250s / 4.520s)
generated_audios/generated_H4_256C_pruned70_int8/908-157963-0015_generated.wav | RTF: 0.2853(4.127s / 14.465s) | Generator RTF: 0.2850(4.123s / 14.465s)
generated_audios/generated_H4_256C_pruned70_int8/908-157963-0016_generated.wav | RTF: 0.0567(0.289s / 5.105s) | Generator RTF: 0.0560(0.286s / 5.105s)
generated_audios/generated_H4_256C_pruned70_int8/908-157963-0017_generated.wav | RTF: 0.2760(1.366s / 4.950s) | Generator RTF: 0.2753(1.363s / 4.950s)
generated_audios/generated_H4_256C_pruned70_int8/908-157963-0018_generated.wav | RTF: 0.0560(0.238s / 4.255s) | Generator RTF: 0.0552(0.235s / 4.255s)
generated_audios/generated_H4_256C_pruned70_int8/908-157963-0019_generated.wav | RTF: 0.2926(6.272s / 21.440s) | Generator RTF: 0.2923(6.267s / 21.440s)
generated_audios/generated_H4_256C_pruned70_int8/908-157963-0020_generated.wav | RTF: 0.2844(2.787s / 9.800s) | Generator RTF: 0.2840(2.783s / 9.800s)
generated_audios/generated_H4_256C_pruned70_int8/908-157963-0021_generated.wav | RTF: 0.0576(0.590s / 10.240s) | Generator RTF: 0.0572(0.586s / 10.240s)
generated_audios/generated_H4_256C_pruned70_int8/908-157963-0022_generated.wav | RTF: 0.2849(1.313s / 4.610s) | Generator RTF: 0.2841(1.310s / 4.610s)
generated_audios/generated_H4_256C_pruned70_int8/908-157963-0023_generated.wav | RTF: 0.2821(2.715s / 9.625s) | Generator RTF: 0.2817(2.711s / 9.625s)
generated_audios/generated_H4_256C_pruned70_int8/908-157963-0024_generated.wav | RTF: 0.2824(0.971s / 3.440s) | Generator RTF: 0.2814(0.968s / 3.440s)
generated_audios/generated_H4_256C_pruned70_int8/908-157963-0025_generated.wav | RTF: 0.2833(2.625s / 9.265s) | Generator RTF: 0.2829(2.621s / 9.265s)
generated_audios/generated_H4_256C_pruned70_int8/908-157963-0026_generated.wav | RTF: 0.2851(2.309s / 8.100s) | Generator RTF: 0.2846(2.305s / 8.100s)
generated_audios/generated_H4_256C_pruned70_int8/908-157963-0027_generated.wav | RTF: 0.0571(0.299s / 5.225s) | Generator RTF: 0.0565(0.295s / 5.225s)
generated_audios/generated_H4_256C_pruned70_int8/908-157963-0028_generated.wav | RTF: 0.0515(0.255s / 4.955s) | Generator RTF: 0.0508(0.251s / 4.955s)
generated_audios/generated_H4_256C_pruned70_int8/908-157963-0029_generated.wav | RTF: 0.2766(1.004s / 3.630s) | Generator RTF: 0.2756(1.000s / 3.630s)
generated_audios/generated_H4_256C_pruned70_int8/908-157963-0030_generated.wav | RTF: 0.0515(0.233s / 4.520s) | Generator RTF: 0.0508(0.230s / 4.520s)
generated_audios/generated_H4_256C_pruned70_int8/908-31957-0000_generated.wav | RTF: 0.3093(0.657s / 2.125s) | Generator RTF: 0.3077(0.654s / 2.125s)
generated_audios/generated_H4_256C_pruned70_int8/908-31957-0001_generated.wav | RTF: 0.2831(3.203s / 11.315s) | Generator RTF: 0.2827(3.199s / 11.315s)
generated_audios/generated_H4_256C_pruned70_int8/908-31957-0002_generated.wav | RTF: 0.0567(0.271s / 4.790s) | Generator RTF: 0.0560(0.268s / 4.790s)
generated_audios/generated_H4_256C_pruned70_int8/908-31957-0003_generated.wav | RTF: 0.0625(0.410s / 6.565s) | Generator RTF: 0.0620(0.407s / 6.565s)
generated_audios/generated_H4_256C_pruned70_int8/908-31957-0004_generated.wav | RTF: 0.2852(4.209s / 14.755s) | Generator RTF: 0.2849(4.204s / 14.755s)
generated_audios/generated_H4_256C_pruned70_int8/908-31957-0005_generated.wav | RTF: 0.0558(0.250s / 4.490s) | Generator RTF: 0.0549(0.247s / 4.490s)
generated_audios/generated_H4_256C_pruned70_int8/908-31957-0006_generated.wav | RTF: 0.2772(1.633s / 5.890s) | Generator RTF: 0.2766(1.629s / 5.890s)
generated_audios/generated_H4_256C_pruned70_int8/908-31957-0007_generated.wav | RTF: 0.0568(0.329s / 5.800s) | Generator RTF: 0.0561(0.325s / 5.800s)
generated_audios/generated_H4_256C_pruned70_int8/908-31957-0008_generated.wav | RTF: 0.2816(2.817s / 10.005s) | Generator RTF: 0.2812(2.813s / 10.005s)
generated_audios/generated_H4_256C_pruned70_int8/908-31957-0009_generated.wav | RTF: 0.2894(2.230s / 7.705s) | Generator RTF: 0.2889(2.226s / 7.705s)
generated_audios/generated_H4_256C_pruned70_int8/908-31957-0010_generated.wav | RTF: 0.2751(0.691s / 2.510s) | Generator RTF: 0.2738(0.687s / 2.510s)
generated_audios/generated_H4_256C_pruned70_int8/908-31957-0011_generated.wav | RTF: 0.0603(0.141s / 2.335s) | Generator RTF: 0.0589(0.137s / 2.335s)
generated_audios/generated_H4_256C_pruned70_int8/908-31957-0012_generated.wav | RTF: 0.2829(2.154s / 7.615s) | Generator RTF: 0.2824(2.150s / 7.615s)
generated_audios/generated_H4_256C_pruned70_int8/908-31957-0013_generated.wav | RTF: 0.2842(1.757s / 6.180s) | Generator RTF: 0.2837(1.753s / 6.180s)
generated_audios/generated_H4_256C_pruned70_int8/908-31957-0014_generated.wav | RTF: 0.2821(2.133s / 7.560s) | Generator RTF: 0.2818(2.130s / 7.560s)
generated_audios/generated_H4_256C_pruned70_int8/908-31957-0015_generated.wav | RTF: 0.2896(6.216s / 21.465s) | Generator RTF: 0.2894(6.211s / 21.465s)
generated_audios/generated_H4_256C_pruned70_int8/908-31957-0016_generated.wav | RTF: 0.2795(1.811s / 6.480s) | Generator RTF: 0.2790(1.808s / 6.480s)
generated_audios/generated_H4_256C_pruned70_int8/908-31957-0017_generated.wav | RTF: 0.2840(2.214s / 7.795s) | Generator RTF: 0.2835(2.210s / 7.795s)
generated_audios/generated_H4_256C_pruned70_int8/908-31957-0018_generated.wav | RTF: 0.2828(1.107s / 3.915s) | Generator RTF: 0.2819(1.104s / 3.915s)
generated_audios/generated_H4_256C_pruned70_int8/908-31957-0019_generated.wav | RTF: 0.2849(2.718s / 9.540s) | Generator RTF: 0.2845(2.714s / 9.540s)
generated_audios/generated_H4_256C_pruned70_int8/908-31957-0020_generated.wav | RTF: 0.0524(0.309s / 5.895s) | Generator RTF: 0.0519(0.306s / 5.895s)
generated_audios/generated_H4_256C_pruned70_int8/908-31957-0021_generated.wav | RTF: 0.2837(3.094s / 10.905s) | Generator RTF: 0.2833(3.089s / 10.905s)
generated_audios/generated_H4_256C_pruned70_int8/908-31957-0022_generated.wav | RTF: 0.2865(4.040s / 14.100s) | Generator RTF: 0.2862(4.036s / 14.100s)
generated_audios/generated_H4_256C_pruned70_int8/908-31957-0023_generated.wav | RTF: 0.2813(2.395s / 8.515s) | Generator RTF: 0.2810(2.393s / 8.515s)
generated_audios/generated_H4_256C_pruned70_int8/908-31957-0024_generated.wav | RTF: 0.3002(2.264s / 7.540s) | Generator RTF: 0.2997(2.260s / 7.540s)
generated_audios/generated_H4_256C_pruned70_int8/908-31957-0025_generated.wav | RTF: 0.3143(6.463s / 20.560s) | Generator RTF: 0.3141(6.458s / 20.560s)
Average RTF: 0.2140(676.083s / 3159.849s)
Average Generator RTF: 0.2134(674.167s / 3159.849s)
Evaluation summary:
  Mel-spectrogram L1: 0.712349
  PESQ: 1.865797
  STOI: 0.891470
Appended per-audio metrics to CSV: per_audio_results/H4_256C_int8_Mask_pruning

Appended metrics to CSV: experiments_results.csv
Appended to experiments_results.csv:
H4_256C_pruned70_int8_Mask_pruning_resblocks_range_3_8,3555793,11.861,0.214,0.2134,1.8657974488735198,0.8914698820918041,0.7123489978313446
========== Done ==========
=== JOB_STATISTICS ===
=== current date     : Sun Jul  5 03:22:18 PM CEST 2026
= Job-ID             : 1428690 on tinyfat
= Job-Name           : inference_256ch_h1-4
= Job-Command        : /home/hpc/vlbi/vlbi107v/hifi-gan/inference_Test.sh
= Initial workdir    : /home/hpc/vlbi/vlbi107v/hifi-gan
= Queue/Partition    : work
= Slurm account      : vlbi with QOS=normal
= Requested resources:  for 1-00:00:00
= Elapsed runtime    : 01:28:10
= Total RAM usage    : 13.2 GiB of requested  GiB (%)   
= Node list          : tf061
= Subm/Elig/Start/End: 2026-07-05T13:54:08 / 2026-07-05T13:54:08 / 2026-07-05T13:54:08 / 2026-07-05T15:22:18
======================
=== Quota infos ======
    Path                 Used     SoftQ    HardQ    Gracetime  Filec    FileQ    FiHaQ    FileGrace    
    /home/woody           281.2G  1000.0G  1500.0G        N/A     118K   5,000K   7,500K        N/A    
    /home/hpc              94.8G   104.9G   209.7G        N/A      91K     500K   1,000K        N/A    
======================
