### Starting TaskPrologue of job 1428663 on tf093 at Sun Jul  5 01:38:39 PM CEST 2026
Running on cores 0-7,64-71 with governor ondemand
No GPU known
### Finished TaskPrologue

==========(sbatch.tinyfat) Inference: 256 Channels (g_07960000) ==========
========== H1: baseline (no compression) ==========
Initializing Inference Process..
Using device: cpu (baseline and quantized inference both run on CPU)
Loading '/home/hpc/vlbi/vlbi107v/hifi-gan/cp_hifigan/v1_c256/g_07960000'
Complete.
Checkpoint contains weight_norm parameters. Keeping weight_norm wrappers for loading...
Loaded checkpoint: /home/hpc/vlbi/vlbi107v/hifi-gan/cp_hifigan/v1_c256/g_07960000 (13.660 MB)
Generator parameters: 3,560,706
generated_audios/generated_H1_256C/1089-134686-0000_generated.wav | RTF: 0.2962(3.091s / 10.435s) | Generator RTF: 0.2890(3.015s / 10.435s)
generated_audios/generated_H1_256C/1089-134686-0001_generated.wav | RTF: 0.2582(0.846s / 3.275s) | Generator RTF: 0.2568(0.841s / 3.275s)
generated_audios/generated_H1_256C/1089-134686-0002_generated.wav | RTF: 0.2598(1.721s / 6.625s) | Generator RTF: 0.2592(1.717s / 6.625s)
generated_audios/generated_H1_256C/1089-134686-0003_generated.wav | RTF: 0.2721(0.729s / 2.680s) | Generator RTF: 0.2708(0.726s / 2.680s)
generated_audios/generated_H1_256C/1089-134686-0004_generated.wav | RTF: 0.2669(1.392s / 5.215s) | Generator RTF: 0.2661(1.388s / 5.215s)
generated_audios/generated_H1_256C/1089-134686-0005_generated.wav | RTF: 0.2687(2.589s / 9.635s) | Generator RTF: 0.2682(2.584s / 9.635s)
generated_audios/generated_H1_256C/1089-134686-0006_generated.wav | RTF: 0.2772(2.926s / 10.555s) | Generator RTF: 0.2768(2.921s / 10.555s)
generated_audios/generated_H1_256C/1089-134686-0007_generated.wav | RTF: 0.2660(1.137s / 4.275s) | Generator RTF: 0.2650(1.133s / 4.275s)
generated_audios/generated_H1_256C/1089-134686-0008_generated.wav | RTF: 0.2604(1.753s / 6.730s) | Generator RTF: 0.2598(1.749s / 6.730s)
generated_audios/generated_H1_256C/1089-134686-0009_generated.wav | RTF: 0.2719(2.875s / 10.575s) | Generator RTF: 0.2715(2.871s / 10.575s)
generated_audios/generated_H1_256C/1089-134686-0010_generated.wav | RTF: 0.2641(1.163s / 4.405s) | Generator RTF: 0.2633(1.160s / 4.405s)
generated_audios/generated_H1_256C/1089-134686-0011_generated.wav | RTF: 0.2988(3.718s / 12.445s) | Generator RTF: 0.2984(3.714s / 12.445s)
generated_audios/generated_H1_256C/1089-134686-0012_generated.wav | RTF: 0.2726(3.173s / 11.640s) | Generator RTF: 0.2722(3.168s / 11.640s)
generated_audios/generated_H1_256C/1089-134686-0013_generated.wav | RTF: 0.2636(2.086s / 7.915s) | Generator RTF: 0.2630(2.082s / 7.915s)
generated_audios/generated_H1_256C/1089-134686-0014_generated.wav | RTF: 0.2710(0.603s / 2.225s) | Generator RTF: 0.2696(0.600s / 2.225s)
generated_audios/generated_H1_256C/1089-134686-0015_generated.wav | RTF: 0.2703(1.572s / 5.815s) | Generator RTF: 0.2697(1.568s / 5.815s)
generated_audios/generated_H1_256C/1089-134686-0016_generated.wav | RTF: 0.2653(0.939s / 3.540s) | Generator RTF: 0.2643(0.936s / 3.540s)
generated_audios/generated_H1_256C/1089-134686-0017_generated.wav | RTF: 0.2752(2.441s / 8.870s) | Generator RTF: 0.2748(2.437s / 8.870s)
generated_audios/generated_H1_256C/1089-134686-0018_generated.wav | RTF: 0.3071(4.828s / 15.720s) | Generator RTF: 0.3068(4.822s / 15.720s)
generated_audios/generated_H1_256C/1089-134686-0019_generated.wav | RTF: 0.3023(4.201s / 13.895s) | Generator RTF: 0.3020(4.197s / 13.895s)
generated_audios/generated_H1_256C/1089-134686-0020_generated.wav | RTF: 0.3063(5.143s / 16.790s) | Generator RTF: 0.3060(5.138s / 16.790s)
generated_audios/generated_H1_256C/1089-134686-0021_generated.wav | RTF: 0.2670(1.749s / 6.550s) | Generator RTF: 0.2665(1.745s / 6.550s)
generated_audios/generated_H1_256C/1089-134686-0022_generated.wav | RTF: 0.2825(3.157s / 11.175s) | Generator RTF: 0.2822(3.153s / 11.175s)
generated_audios/generated_H1_256C/1089-134686-0023_generated.wav | RTF: 0.3029(4.021s / 13.275s) | Generator RTF: 0.3026(4.017s / 13.275s)
generated_audios/generated_H1_256C/1089-134686-0024_generated.wav | RTF: 0.2800(3.264s / 11.655s) | Generator RTF: 0.2797(3.259s / 11.655s)
generated_audios/generated_H1_256C/1089-134686-0025_generated.wav | RTF: 0.2667(1.763s / 6.610s) | Generator RTF: 0.2661(1.759s / 6.610s)
generated_audios/generated_H1_256C/1089-134686-0026_generated.wav | RTF: 0.2638(1.058s / 4.010s) | Generator RTF: 0.2629(1.054s / 4.010s)
generated_audios/generated_H1_256C/1089-134686-0027_generated.wav | RTF: 0.2655(0.720s / 2.710s) | Generator RTF: 0.2643(0.716s / 2.710s)
generated_audios/generated_H1_256C/1089-134686-0028_generated.wav | RTF: 0.2781(2.178s / 7.830s) | Generator RTF: 0.2776(2.174s / 7.830s)
generated_audios/generated_H1_256C/1089-134686-0029_generated.wav | RTF: 0.2642(1.234s / 4.670s) | Generator RTF: 0.2635(1.230s / 4.670s)
generated_audios/generated_H1_256C/1089-134686-0030_generated.wav | RTF: 0.0694(0.188s / 2.715s) | Generator RTF: 0.0682(0.185s / 2.715s)
generated_audios/generated_H1_256C/1089-134686-0031_generated.wav | RTF: 0.0736(0.487s / 6.615s) | Generator RTF: 0.0731(0.484s / 6.615s)
generated_audios/generated_H1_256C/121-121726-0000_generated.wav | RTF: 0.2744(2.322s / 8.460s) | Generator RTF: 0.2740(2.318s / 8.460s)
generated_audios/generated_H1_256C/121-121726-0001_generated.wav | RTF: 0.2681(1.589s / 5.925s) | Generator RTF: 0.2675(1.585s / 5.925s)
generated_audios/generated_H1_256C/121-121726-0002_generated.wav | RTF: 0.0780(0.344s / 4.410s) | Generator RTF: 0.0772(0.340s / 4.410s)
generated_audios/generated_H1_256C/121-121726-0003_generated.wav | RTF: 0.2731(1.845s / 6.755s) | Generator RTF: 0.2725(1.841s / 6.755s)
generated_audios/generated_H1_256C/121-121726-0004_generated.wav | RTF: 0.2710(1.089s / 4.020s) | Generator RTF: 0.2702(1.086s / 4.020s)
generated_audios/generated_H1_256C/121-121726-0005_generated.wav | RTF: 0.2655(0.823s / 3.100s) | Generator RTF: 0.2644(0.820s / 3.100s)
generated_audios/generated_H1_256C/121-121726-0006_generated.wav | RTF: 0.2694(1.049s / 3.895s) | Generator RTF: 0.2685(1.046s / 3.895s)
generated_audios/generated_H1_256C/121-121726-0007_generated.wav | RTF: 0.0822(0.553s / 6.730s) | Generator RTF: 0.0816(0.549s / 6.730s)
generated_audios/generated_H1_256C/121-121726-0008_generated.wav | RTF: 0.2688(1.341s / 4.990s) | Generator RTF: 0.2681(1.338s / 4.990s)
generated_audios/generated_H1_256C/121-121726-0009_generated.wav | RTF: 0.2739(1.988s / 7.260s) | Generator RTF: 0.2734(1.985s / 7.260s)
generated_audios/generated_H1_256C/121-121726-0010_generated.wav | RTF: 0.2808(2.755s / 9.810s) | Generator RTF: 0.2803(2.750s / 9.810s)
generated_audios/generated_H1_256C/121-121726-0011_generated.wav | RTF: 0.2715(1.095s / 4.035s) | Generator RTF: 0.2706(1.092s / 4.035s)
generated_audios/generated_H1_256C/121-121726-0012_generated.wav | RTF: 0.2649(1.071s / 4.045s) | Generator RTF: 0.2640(1.068s / 4.045s)
generated_audios/generated_H1_256C/121-121726-0013_generated.wav | RTF: 0.2759(0.687s / 2.490s) | Generator RTF: 0.2746(0.684s / 2.490s)
generated_audios/generated_H1_256C/121-121726-0014_generated.wav | RTF: 0.2733(0.865s / 3.165s) | Generator RTF: 0.2722(0.862s / 3.165s)
generated_audios/generated_H1_256C/121-123852-0000_generated.wav | RTF: 0.2891(5.116s / 17.695s) | Generator RTF: 0.2888(5.111s / 17.695s)
generated_audios/generated_H1_256C/121-123852-0001_generated.wav | RTF: 0.2795(0.523s / 1.870s) | Generator RTF: 0.2779(0.520s / 1.870s)
generated_audios/generated_H1_256C/121-123852-0002_generated.wav | RTF: 0.2869(4.959s / 17.285s) | Generator RTF: 0.2866(4.954s / 17.285s)
generated_audios/generated_H1_256C/121-123852-0003_generated.wav | RTF: 0.3233(7.599s / 23.505s) | Generator RTF: 0.3230(7.592s / 23.505s)
generated_audios/generated_H1_256C/121-123852-0004_generated.wav | RTF: 0.3026(4.929s / 16.290s) | Generator RTF: 0.3023(4.924s / 16.290s)
generated_audios/generated_H1_256C/121-123859-0000_generated.wav | RTF: 0.2884(5.014s / 17.390s) | Generator RTF: 0.2881(5.009s / 17.390s)
generated_audios/generated_H1_256C/121-123859-0001_generated.wav | RTF: 0.3651(9.272s / 25.395s) | Generator RTF: 0.3647(9.262s / 25.395s)
generated_audios/generated_H1_256C/121-123859-0002_generated.wav | RTF: 0.3618(10.869s / 30.040s) | Generator RTF: 0.3616(10.862s / 30.040s)
generated_audios/generated_H1_256C/121-123859-0003_generated.wav | RTF: 0.2773(3.002s / 10.825s) | Generator RTF: 0.2769(2.997s / 10.825s)
generated_audios/generated_H1_256C/121-123859-0004_generated.wav | RTF: 0.2865(2.723s / 9.505s) | Generator RTF: 0.2861(2.719s / 9.505s)
generated_audios/generated_H1_256C/121-127105-0000_generated.wav | RTF: 0.2884(2.848s / 9.875s) | Generator RTF: 0.2880(2.844s / 9.875s)
generated_audios/generated_H1_256C/121-127105-0001_generated.wav | RTF: 0.2703(1.358s / 5.025s) | Generator RTF: 0.2696(1.355s / 5.025s)
generated_audios/generated_H1_256C/121-127105-0002_generated.wav | RTF: 0.2719(2.038s / 7.495s) | Generator RTF: 0.2714(2.034s / 7.495s)
generated_audios/generated_H1_256C/121-127105-0003_generated.wav | RTF: 0.2795(2.159s / 7.725s) | Generator RTF: 0.2790(2.155s / 7.725s)
generated_audios/generated_H1_256C/121-127105-0004_generated.wav | RTF: 0.2809(0.593s / 2.110s) | Generator RTF: 0.2794(0.590s / 2.110s)
generated_audios/generated_H1_256C/121-127105-0005_generated.wav | RTF: 0.2708(1.576s / 5.820s) | Generator RTF: 0.2702(1.573s / 5.820s)
generated_audios/generated_H1_256C/121-127105-0006_generated.wav | RTF: 0.2727(1.289s / 4.725s) | Generator RTF: 0.2720(1.285s / 4.725s)
generated_audios/generated_H1_256C/121-127105-0007_generated.wav | RTF: 0.2705(1.566s / 5.790s) | Generator RTF: 0.2698(1.562s / 5.790s)
generated_audios/generated_H1_256C/121-127105-0008_generated.wav | RTF: 0.2657(0.733s / 2.760s) | Generator RTF: 0.2645(0.730s / 2.760s)
generated_audios/generated_H1_256C/121-127105-0009_generated.wav | RTF: 0.2722(0.623s / 2.290s) | Generator RTF: 0.2707(0.620s / 2.290s)
generated_audios/generated_H1_256C/121-127105-0010_generated.wav | RTF: 0.2754(0.785s / 2.850s) | Generator RTF: 0.2743(0.782s / 2.850s)
generated_audios/generated_H1_256C/121-127105-0011_generated.wav | RTF: 0.2767(1.600s / 5.780s) | Generator RTF: 0.2761(1.596s / 5.780s)
generated_audios/generated_H1_256C/121-127105-0012_generated.wav | RTF: 0.2772(1.339s / 4.830s) | Generator RTF: 0.2765(1.336s / 4.830s)
generated_audios/generated_H1_256C/121-127105-0013_generated.wav | RTF: 0.2725(1.606s / 5.895s) | Generator RTF: 0.2719(1.603s / 5.895s)
generated_audios/generated_H1_256C/121-127105-0014_generated.wav | RTF: 0.2739(0.618s / 2.255s) | Generator RTF: 0.2725(0.615s / 2.255s)
generated_audios/generated_H1_256C/121-127105-0015_generated.wav | RTF: 0.2754(0.815s / 2.960s) | Generator RTF: 0.2743(0.812s / 2.960s)
generated_audios/generated_H1_256C/121-127105-0016_generated.wav | RTF: 0.2677(0.543s / 2.030s) | Generator RTF: 0.2661(0.540s / 2.030s)
generated_audios/generated_H1_256C/121-127105-0017_generated.wav | RTF: 0.2720(0.733s / 2.695s) | Generator RTF: 0.2708(0.730s / 2.695s)
generated_audios/generated_H1_256C/121-127105-0018_generated.wav | RTF: 0.2739(0.759s / 2.770s) | Generator RTF: 0.2728(0.756s / 2.770s)
generated_audios/generated_H1_256C/121-127105-0019_generated.wav | RTF: 0.2664(0.939s / 3.525s) | Generator RTF: 0.2655(0.936s / 3.525s)
generated_audios/generated_H1_256C/121-127105-0020_generated.wav | RTF: 0.3044(4.370s / 14.355s) | Generator RTF: 0.3041(4.366s / 14.355s)
generated_audios/generated_H1_256C/121-127105-0021_generated.wav | RTF: 0.2792(0.558s / 2.000s) | Generator RTF: 0.2776(0.555s / 2.000s)
generated_audios/generated_H1_256C/121-127105-0022_generated.wav | RTF: 0.2725(1.383s / 5.075s) | Generator RTF: 0.2718(1.379s / 5.075s)
generated_audios/generated_H1_256C/121-127105-0023_generated.wav | RTF: 0.2809(3.065s / 10.910s) | Generator RTF: 0.2806(3.061s / 10.910s)
generated_audios/generated_H1_256C/121-127105-0024_generated.wav | RTF: 0.3081(4.453s / 14.450s) | Generator RTF: 0.3078(4.448s / 14.450s)
generated_audios/generated_H1_256C/121-127105-0025_generated.wav | RTF: 0.2894(4.649s / 16.065s) | Generator RTF: 0.2891(4.645s / 16.065s)
generated_audios/generated_H1_256C/121-127105-0026_generated.wav | RTF: 0.2748(2.069s / 7.530s) | Generator RTF: 0.2743(2.066s / 7.530s)
generated_audios/generated_H1_256C/121-127105-0027_generated.wav | RTF: 0.3078(4.270s / 13.870s) | Generator RTF: 0.3075(4.265s / 13.870s)
generated_audios/generated_H1_256C/121-127105-0028_generated.wav | RTF: 0.0802(0.541s / 6.750s) | Generator RTF: 0.0796(0.538s / 6.750s)
generated_audios/generated_H1_256C/121-127105-0029_generated.wav | RTF: 0.2782(2.033s / 7.310s) | Generator RTF: 0.2777(2.030s / 7.310s)
generated_audios/generated_H1_256C/121-127105-0030_generated.wav | RTF: 0.2840(0.618s / 2.175s) | Generator RTF: 0.2825(0.615s / 2.175s)
generated_audios/generated_H1_256C/121-127105-0031_generated.wav | RTF: 0.2798(3.012s / 10.765s) | Generator RTF: 0.2794(3.007s / 10.765s)
generated_audios/generated_H1_256C/121-127105-0032_generated.wav | RTF: 0.2671(0.847s / 3.170s) | Generator RTF: 0.2660(0.843s / 3.170s)
generated_audios/generated_H1_256C/121-127105-0033_generated.wav | RTF: 0.2805(0.661s / 2.355s) | Generator RTF: 0.2792(0.657s / 2.355s)
generated_audios/generated_H1_256C/121-127105-0034_generated.wav | RTF: 0.2775(2.056s / 7.410s) | Generator RTF: 0.2770(2.052s / 7.410s)
generated_audios/generated_H1_256C/121-127105-0035_generated.wav | RTF: 0.3055(4.322s / 14.150s) | Generator RTF: 0.3051(4.318s / 14.150s)
generated_audios/generated_H1_256C/121-127105-0036_generated.wav | RTF: 0.2680(1.112s / 4.150s) | Generator RTF: 0.2671(1.109s / 4.150s)
generated_audios/generated_H1_256C/237-126133-0000_generated.wav | RTF: 0.3110(4.133s / 13.290s) | Generator RTF: 0.3106(4.128s / 13.290s)
generated_audios/generated_H1_256C/237-126133-0001_generated.wav | RTF: 0.3131(3.746s / 11.965s) | Generator RTF: 0.3127(3.741s / 11.965s)
generated_audios/generated_H1_256C/237-126133-0002_generated.wav | RTF: 0.2783(2.482s / 8.920s) | Generator RTF: 0.2778(2.478s / 8.920s)
generated_audios/generated_H1_256C/237-126133-0003_generated.wav | RTF: 0.2787(1.829s / 6.560s) | Generator RTF: 0.2781(1.825s / 6.560s)
generated_audios/generated_H1_256C/237-126133-0004_generated.wav | RTF: 0.2744(0.904s / 3.295s) | Generator RTF: 0.2734(0.901s / 3.295s)
generated_audios/generated_H1_256C/237-126133-0005_generated.wav | RTF: 0.2792(1.818s / 6.510s) | Generator RTF: 0.2787(1.814s / 6.510s)
generated_audios/generated_H1_256C/237-126133-0006_generated.wav | RTF: 0.2761(1.698s / 6.150s) | Generator RTF: 0.2755(1.694s / 6.150s)
generated_audios/generated_H1_256C/237-126133-0007_generated.wav | RTF: 0.2832(2.458s / 8.680s) | Generator RTF: 0.2827(2.454s / 8.680s)
generated_audios/generated_H1_256C/237-126133-0008_generated.wav | RTF: 0.2773(1.072s / 3.865s) | Generator RTF: 0.2764(1.068s / 3.865s)
generated_audios/generated_H1_256C/237-126133-0009_generated.wav | RTF: 0.2750(1.092s / 3.970s) | Generator RTF: 0.2741(1.088s / 3.970s)
generated_audios/generated_H1_256C/237-126133-0010_generated.wav | RTF: 0.2757(1.720s / 6.240s) | Generator RTF: 0.2751(1.717s / 6.240s)
generated_audios/generated_H1_256C/237-126133-0011_generated.wav | RTF: 0.2762(1.853s / 6.710s) | Generator RTF: 0.2756(1.849s / 6.710s)
generated_audios/generated_H1_256C/237-126133-0012_generated.wav | RTF: 0.2759(1.228s / 4.450s) | Generator RTF: 0.2752(1.224s / 4.450s)
generated_audios/generated_H1_256C/237-126133-0013_generated.wav | RTF: 0.2792(1.903s / 6.815s) | Generator RTF: 0.2786(1.899s / 6.815s)
generated_audios/generated_H1_256C/237-126133-0014_generated.wav | RTF: 0.2777(1.886s / 6.790s) | Generator RTF: 0.2772(1.882s / 6.790s)
generated_audios/generated_H1_256C/237-126133-0015_generated.wav | RTF: 0.2873(2.683s / 9.340s) | Generator RTF: 0.2869(2.679s / 9.340s)
generated_audios/generated_H1_256C/237-126133-0016_generated.wav | RTF: 0.2703(1.149s / 4.250s) | Generator RTF: 0.2695(1.145s / 4.250s)
generated_audios/generated_H1_256C/237-126133-0017_generated.wav | RTF: 0.2749(1.707s / 6.210s) | Generator RTF: 0.2743(1.703s / 6.210s)
generated_audios/generated_H1_256C/237-126133-0018_generated.wav | RTF: 0.2855(1.169s / 4.095s) | Generator RTF: 0.2846(1.166s / 4.095s)
generated_audios/generated_H1_256C/237-126133-0019_generated.wav | RTF: 0.2764(1.968s / 7.120s) | Generator RTF: 0.2759(1.964s / 7.120s)
generated_audios/generated_H1_256C/237-126133-0020_generated.wav | RTF: 0.2669(0.598s / 2.240s) | Generator RTF: 0.2655(0.595s / 2.240s)
generated_audios/generated_H1_256C/237-126133-0021_generated.wav | RTF: 0.2742(1.197s / 4.365s) | Generator RTF: 0.2734(1.193s / 4.365s)
generated_audios/generated_H1_256C/237-126133-0022_generated.wav | RTF: 0.2759(1.390s / 5.040s) | Generator RTF: 0.2752(1.387s / 5.040s)
generated_audios/generated_H1_256C/237-126133-0023_generated.wav | RTF: 0.2801(1.870s / 6.675s) | Generator RTF: 0.2796(1.866s / 6.675s)
generated_audios/generated_H1_256C/237-126133-0024_generated.wav | RTF: 0.2870(2.774s / 9.665s) | Generator RTF: 0.2866(2.770s / 9.665s)
generated_audios/generated_H1_256C/237-126133-0025_generated.wav | RTF: 0.2789(1.047s / 3.755s) | Generator RTF: 0.2779(1.044s / 3.755s)
generated_audios/generated_H1_256C/237-134493-0000_generated.wav | RTF: 0.2762(1.134s / 4.105s) | Generator RTF: 0.2754(1.131s / 4.105s)
generated_audios/generated_H1_256C/237-134493-0001_generated.wav | RTF: 0.2790(2.059s / 7.380s) | Generator RTF: 0.2785(2.055s / 7.380s)
generated_audios/generated_H1_256C/237-134493-0002_generated.wav | RTF: 0.3123(3.559s / 11.395s) | Generator RTF: 0.3119(3.555s / 11.395s)
generated_audios/generated_H1_256C/237-134493-0003_generated.wav | RTF: 0.2891(3.690s / 12.765s) | Generator RTF: 0.2888(3.686s / 12.765s)
generated_audios/generated_H1_256C/237-134493-0004_generated.wav | RTF: 0.2789(1.903s / 6.825s) | Generator RTF: 0.2783(1.900s / 6.825s)
generated_audios/generated_H1_256C/237-134493-0005_generated.wav | RTF: 0.2874(3.146s / 10.945s) | Generator RTF: 0.2871(3.142s / 10.945s)
generated_audios/generated_H1_256C/237-134493-0006_generated.wav | RTF: 0.2751(1.209s / 4.395s) | Generator RTF: 0.2743(1.205s / 4.395s)
generated_audios/generated_H1_256C/237-134493-0007_generated.wav | RTF: 0.2880(0.586s / 2.035s) | Generator RTF: 0.2865(0.583s / 2.035s)
generated_audios/generated_H1_256C/237-134493-0008_generated.wav | RTF: 0.2736(0.631s / 2.305s) | Generator RTF: 0.2722(0.628s / 2.305s)
generated_audios/generated_H1_256C/237-134493-0009_generated.wav | RTF: 0.2833(0.843s / 2.975s) | Generator RTF: 0.2822(0.840s / 2.975s)
generated_audios/generated_H1_256C/237-134493-0010_generated.wav | RTF: 0.2799(0.805s / 2.875s) | Generator RTF: 0.2788(0.802s / 2.875s)
generated_audios/generated_H1_256C/237-134493-0011_generated.wav | RTF: 0.2881(1.451s / 5.035s) | Generator RTF: 0.2874(1.447s / 5.035s)
generated_audios/generated_H1_256C/237-134493-0012_generated.wav | RTF: 0.2794(1.022s / 3.660s) | Generator RTF: 0.2784(1.019s / 3.660s)
generated_audios/generated_H1_256C/237-134493-0013_generated.wav | RTF: 0.0818(0.335s / 4.090s) | Generator RTF: 0.0809(0.331s / 4.090s)
generated_audios/generated_H1_256C/237-134493-0014_generated.wav | RTF: 0.2737(1.013s / 3.700s) | Generator RTF: 0.2728(1.009s / 3.700s)
generated_audios/generated_H1_256C/237-134493-0015_generated.wav | RTF: 0.0836(0.548s / 6.550s) | Generator RTF: 0.0831(0.544s / 6.550s)
generated_audios/generated_H1_256C/237-134493-0016_generated.wav | RTF: 0.3019(3.045s / 10.085s) | Generator RTF: 0.3015(3.040s / 10.085s)
generated_audios/generated_H1_256C/237-134493-0017_generated.wav | RTF: 0.2966(2.701s / 9.105s) | Generator RTF: 0.2962(2.697s / 9.105s)
generated_audios/generated_H1_256C/237-134493-0018_generated.wav | RTF: 0.2836(1.358s / 4.790s) | Generator RTF: 0.2829(1.355s / 4.790s)
generated_audios/generated_H1_256C/237-134500-0000_generated.wav | RTF: 0.2859(1.752s / 6.130s) | Generator RTF: 0.2853(1.749s / 6.130s)
generated_audios/generated_H1_256C/237-134500-0001_generated.wav | RTF: 0.2846(0.515s / 1.810s) | Generator RTF: 0.2829(0.512s / 1.810s)
generated_audios/generated_H1_256C/237-134500-0002_generated.wav | RTF: 0.2817(1.428s / 5.070s) | Generator RTF: 0.2810(1.425s / 5.070s)
generated_audios/generated_H1_256C/237-134500-0003_generated.wav | RTF: 0.0774(0.245s / 3.170s) | Generator RTF: 0.0764(0.242s / 3.170s)
generated_audios/generated_H1_256C/237-134500-0004_generated.wav | RTF: 0.0791(0.176s / 2.225s) | Generator RTF: 0.0776(0.173s / 2.225s)
generated_audios/generated_H1_256C/237-134500-0005_generated.wav | RTF: 0.2832(0.677s / 2.390s) | Generator RTF: 0.2819(0.674s / 2.390s)
generated_audios/generated_H1_256C/237-134500-0006_generated.wav | RTF: 0.2783(1.176s / 4.225s) | Generator RTF: 0.2778(1.174s / 4.225s)
generated_audios/generated_H1_256C/237-134500-0007_generated.wav | RTF: 0.0710(0.170s / 2.390s) | Generator RTF: 0.0697(0.167s / 2.390s)
generated_audios/generated_H1_256C/237-134500-0008_generated.wav | RTF: 0.0742(0.279s / 3.760s) | Generator RTF: 0.0732(0.275s / 3.760s)
generated_audios/generated_H1_256C/237-134500-0009_generated.wav | RTF: 0.0728(0.162s / 2.220s) | Generator RTF: 0.0714(0.158s / 2.220s)
generated_audios/generated_H1_256C/237-134500-0010_generated.wav | RTF: 0.2828(1.130s / 3.995s) | Generator RTF: 0.2820(1.127s / 3.995s)
generated_audios/generated_H1_256C/237-134500-0011_generated.wav | RTF: 0.2756(0.923s / 3.350s) | Generator RTF: 0.2746(0.920s / 3.350s)
generated_audios/generated_H1_256C/237-134500-0012_generated.wav | RTF: 0.2945(3.221s / 10.935s) | Generator RTF: 0.2941(3.216s / 10.935s)
generated_audios/generated_H1_256C/237-134500-0013_generated.wav | RTF: 0.0821(0.866s / 10.560s) | Generator RTF: 0.0817(0.862s / 10.560s)
generated_audios/generated_H1_256C/237-134500-0014_generated.wav | RTF: 0.0803(0.341s / 4.250s) | Generator RTF: 0.0795(0.338s / 4.250s)
generated_audios/generated_H1_256C/237-134500-0015_generated.wav | RTF: 0.2931(3.170s / 10.815s) | Generator RTF: 0.2927(3.166s / 10.815s)
generated_audios/generated_H1_256C/237-134500-0016_generated.wav | RTF: 0.0778(0.246s / 3.160s) | Generator RTF: 0.0767(0.242s / 3.160s)
generated_audios/generated_H1_256C/237-134500-0017_generated.wav | RTF: 0.0813(0.177s / 2.180s) | Generator RTF: 0.0798(0.174s / 2.180s)
generated_audios/generated_H1_256C/237-134500-0018_generated.wav | RTF: 0.3192(4.101s / 12.845s) | Generator RTF: 0.3189(4.096s / 12.845s)
generated_audios/generated_H1_256C/237-134500-0019_generated.wav | RTF: 0.2798(0.800s / 2.860s) | Generator RTF: 0.2787(0.797s / 2.860s)
generated_audios/generated_H1_256C/237-134500-0020_generated.wav | RTF: 0.0745(0.162s / 2.180s) | Generator RTF: 0.0728(0.159s / 2.180s)
generated_audios/generated_H1_256C/237-134500-0021_generated.wav | RTF: 0.2864(1.466s / 5.120s) | Generator RTF: 0.2857(1.463s / 5.120s)
generated_audios/generated_H1_256C/237-134500-0022_generated.wav | RTF: 0.2837(1.465s / 5.165s) | Generator RTF: 0.2830(1.462s / 5.165s)
generated_audios/generated_H1_256C/237-134500-0023_generated.wav | RTF: 0.2845(0.871s / 3.060s) | Generator RTF: 0.2834(0.867s / 3.060s)
generated_audios/generated_H1_256C/237-134500-0024_generated.wav | RTF: 0.0797(0.351s / 4.410s) | Generator RTF: 0.0789(0.348s / 4.410s)
generated_audios/generated_H1_256C/237-134500-0025_generated.wav | RTF: 0.2918(0.476s / 1.630s) | Generator RTF: 0.2899(0.473s / 1.630s)
generated_audios/generated_H1_256C/237-134500-0026_generated.wav | RTF: 0.2855(0.871s / 3.050s) | Generator RTF: 0.2845(0.868s / 3.050s)
generated_audios/generated_H1_256C/237-134500-0027_generated.wav | RTF: 0.2877(0.941s / 3.270s) | Generator RTF: 0.2867(0.938s / 3.270s)
generated_audios/generated_H1_256C/237-134500-0028_generated.wav | RTF: 0.2880(1.303s / 4.525s) | Generator RTF: 0.2873(1.300s / 4.525s)
generated_audios/generated_H1_256C/237-134500-0029_generated.wav | RTF: 0.2793(0.577s / 2.065s) | Generator RTF: 0.2778(0.574s / 2.065s)
generated_audios/generated_H1_256C/237-134500-0030_generated.wav | RTF: 0.2841(0.790s / 2.780s) | Generator RTF: 0.2829(0.786s / 2.780s)
generated_audios/generated_H1_256C/237-134500-0031_generated.wav | RTF: 0.2998(3.181s / 10.610s) | Generator RTF: 0.2994(3.177s / 10.610s)
generated_audios/generated_H1_256C/237-134500-0032_generated.wav | RTF: 0.0893(0.449s / 5.025s) | Generator RTF: 0.0886(0.445s / 5.025s)
generated_audios/generated_H1_256C/237-134500-0033_generated.wav | RTF: 0.2872(1.823s / 6.350s) | Generator RTF: 0.2866(1.820s / 6.350s)
generated_audios/generated_H1_256C/237-134500-0034_generated.wav | RTF: 0.2854(0.877s / 3.075s) | Generator RTF: 0.2842(0.874s / 3.075s)
generated_audios/generated_H1_256C/237-134500-0035_generated.wav | RTF: 0.2904(0.742s / 2.555s) | Generator RTF: 0.2891(0.739s / 2.555s)
generated_audios/generated_H1_256C/237-134500-0036_generated.wav | RTF: 0.2914(1.923s / 6.600s) | Generator RTF: 0.2908(1.919s / 6.600s)
generated_audios/generated_H1_256C/237-134500-0037_generated.wav | RTF: 0.2952(2.097s / 7.105s) | Generator RTF: 0.2946(2.093s / 7.105s)
generated_audios/generated_H1_256C/237-134500-0038_generated.wav | RTF: 0.2870(0.699s / 2.435s) | Generator RTF: 0.2857(0.696s / 2.435s)
generated_audios/generated_H1_256C/237-134500-0039_generated.wav | RTF: 0.2899(1.342s / 4.630s) | Generator RTF: 0.2892(1.339s / 4.630s)
generated_audios/generated_H1_256C/237-134500-0040_generated.wav | RTF: 0.0783(0.316s / 4.030s) | Generator RTF: 0.0774(0.312s / 4.030s)
generated_audios/generated_H1_256C/237-134500-0041_generated.wav | RTF: 0.0844(0.753s / 8.920s) | Generator RTF: 0.0839(0.749s / 8.920s)
generated_audios/generated_H1_256C/237-134500-0042_generated.wav | RTF: 0.2854(0.735s / 2.575s) | Generator RTF: 0.2841(0.732s / 2.575s)
generated_audios/generated_H1_256C/260-123286-0000_generated.wav | RTF: 0.2898(2.040s / 7.040s) | Generator RTF: 0.2893(2.036s / 7.040s)
generated_audios/generated_H1_256C/260-123286-0001_generated.wav | RTF: 0.0780(0.239s / 3.070s) | Generator RTF: 0.0769(0.236s / 3.070s)
generated_audios/generated_H1_256C/260-123286-0002_generated.wav | RTF: 0.3002(2.997s / 9.985s) | Generator RTF: 0.2998(2.993s / 9.985s)
generated_audios/generated_H1_256C/260-123286-0003_generated.wav | RTF: 0.2928(2.158s / 7.370s) | Generator RTF: 0.2922(2.154s / 7.370s)
generated_audios/generated_H1_256C/260-123286-0004_generated.wav | RTF: 0.2917(1.011s / 3.465s) | Generator RTF: 0.2907(1.007s / 3.465s)
generated_audios/generated_H1_256C/260-123286-0005_generated.wav | RTF: 0.2839(1.366s / 4.810s) | Generator RTF: 0.2832(1.362s / 4.810s)
generated_audios/generated_H1_256C/260-123286-0006_generated.wav | RTF: 0.2944(2.180s / 7.405s) | Generator RTF: 0.2938(2.176s / 7.405s)
generated_audios/generated_H1_256C/260-123286-0007_generated.wav | RTF: 0.2880(1.310s / 4.550s) | Generator RTF: 0.2872(1.307s / 4.550s)
generated_audios/generated_H1_256C/260-123286-0008_generated.wav | RTF: 0.2806(1.048s / 3.735s) | Generator RTF: 0.2797(1.045s / 3.735s)
generated_audios/generated_H1_256C/260-123286-0009_generated.wav | RTF: 0.2906(1.684s / 5.795s) | Generator RTF: 0.2899(1.680s / 5.795s)
generated_audios/generated_H1_256C/260-123286-0010_generated.wav | RTF: 0.0731(0.188s / 2.575s) | Generator RTF: 0.0719(0.185s / 2.575s)
generated_audios/generated_H1_256C/260-123286-0011_generated.wav | RTF: 0.0799(0.340s / 4.255s) | Generator RTF: 0.0791(0.337s / 4.255s)
generated_audios/generated_H1_256C/260-123286-0012_generated.wav | RTF: 0.0795(0.193s / 2.430s) | Generator RTF: 0.0781(0.190s / 2.430s)
generated_audios/generated_H1_256C/260-123286-0013_generated.wav | RTF: 0.2889(1.366s / 4.730s) | Generator RTF: 0.2882(1.363s / 4.730s)
generated_audios/generated_H1_256C/260-123286-0014_generated.wav | RTF: 0.0790(0.235s / 2.980s) | Generator RTF: 0.0779(0.232s / 2.980s)
generated_audios/generated_H1_256C/260-123286-0015_generated.wav | RTF: 0.2874(1.497s / 5.210s) | Generator RTF: 0.2867(1.494s / 5.210s)
generated_audios/generated_H1_256C/260-123286-0016_generated.wav | RTF: 0.2934(2.054s / 7.000s) | Generator RTF: 0.2928(2.050s / 7.000s)
generated_audios/generated_H1_256C/260-123286-0017_generated.wav | RTF: 0.2833(1.126s / 3.975s) | Generator RTF: 0.2825(1.123s / 3.975s)
generated_audios/generated_H1_256C/260-123286-0018_generated.wav | RTF: 0.2908(1.649s / 5.670s) | Generator RTF: 0.2901(1.645s / 5.670s)
generated_audios/generated_H1_256C/260-123286-0019_generated.wav | RTF: 0.3237(3.854s / 11.905s) | Generator RTF: 0.3234(3.850s / 11.905s)
generated_audios/generated_H1_256C/260-123286-0020_generated.wav | RTF: 0.0798(0.244s / 3.060s) | Generator RTF: 0.0787(0.241s / 3.060s)
generated_audios/generated_H1_256C/260-123286-0021_generated.wav | RTF: 0.2809(0.716s / 2.550s) | Generator RTF: 0.2796(0.713s / 2.550s)
generated_audios/generated_H1_256C/260-123286-0022_generated.wav | RTF: 0.2932(0.949s / 3.235s) | Generator RTF: 0.2921(0.945s / 3.235s)
generated_audios/generated_H1_256C/260-123286-0023_generated.wav | RTF: 0.2960(1.739s / 5.875s) | Generator RTF: 0.2953(1.735s / 5.875s)
generated_audios/generated_H1_256C/260-123286-0024_generated.wav | RTF: 0.2833(0.861s / 3.040s) | Generator RTF: 0.2822(0.858s / 3.040s)
generated_audios/generated_H1_256C/260-123286-0025_generated.wav | RTF: 0.3003(2.765s / 9.205s) | Generator RTF: 0.2999(2.761s / 9.205s)
generated_audios/generated_H1_256C/260-123286-0026_generated.wav | RTF: 0.2914(2.022s / 6.940s) | Generator RTF: 0.2909(2.019s / 6.940s)
generated_audios/generated_H1_256C/260-123286-0027_generated.wav | RTF: 0.2929(2.100s / 7.170s) | Generator RTF: 0.2923(2.096s / 7.170s)
generated_audios/generated_H1_256C/260-123286-0028_generated.wav | RTF: 0.2927(2.185s / 7.465s) | Generator RTF: 0.2922(2.181s / 7.465s)
generated_audios/generated_H1_256C/260-123286-0029_generated.wav | RTF: 0.0801(0.364s / 4.545s) | Generator RTF: 0.0792(0.360s / 4.545s)
generated_audios/generated_H1_256C/260-123286-0030_generated.wav | RTF: 0.0793(0.597s / 7.530s) | Generator RTF: 0.0788(0.594s / 7.530s)
generated_audios/generated_H1_256C/260-123286-0031_generated.wav | RTF: 0.2882(1.458s / 5.060s) | Generator RTF: 0.2875(1.455s / 5.060s)
generated_audios/generated_H1_256C/260-123288-0000_generated.wav | RTF: 0.0722(0.219s / 3.040s) | Generator RTF: 0.0711(0.216s / 3.040s)
generated_audios/generated_H1_256C/260-123288-0001_generated.wav | RTF: 0.0800(0.406s / 5.080s) | Generator RTF: 0.0793(0.403s / 5.080s)
generated_audios/generated_H1_256C/260-123288-0002_generated.wav | RTF: 0.2954(2.142s / 7.250s) | Generator RTF: 0.2949(2.138s / 7.250s)
generated_audios/generated_H1_256C/260-123288-0003_generated.wav | RTF: 0.3014(2.684s / 8.905s) | Generator RTF: 0.3010(2.680s / 8.905s)
generated_audios/generated_H1_256C/260-123288-0004_generated.wav | RTF: 0.2957(1.275s / 4.310s) | Generator RTF: 0.2949(1.271s / 4.310s)
generated_audios/generated_H1_256C/260-123288-0005_generated.wav | RTF: 0.3251(4.080s / 12.550s) | Generator RTF: 0.3247(4.075s / 12.550s)
generated_audios/generated_H1_256C/260-123288-0006_generated.wav | RTF: 0.2912(1.421s / 4.880s) | Generator RTF: 0.2904(1.417s / 4.880s)
generated_audios/generated_H1_256C/260-123288-0007_generated.wav | RTF: 0.3063(3.431s / 11.200s) | Generator RTF: 0.3059(3.427s / 11.200s)
generated_audios/generated_H1_256C/260-123288-0008_generated.wav | RTF: 0.3004(1.657s / 5.515s) | Generator RTF: 0.2998(1.653s / 5.515s)
generated_audios/generated_H1_256C/260-123288-0009_generated.wav | RTF: 0.2951(1.014s / 3.435s) | Generator RTF: 0.2941(1.010s / 3.435s)
generated_audios/generated_H1_256C/260-123288-0010_generated.wav | RTF: 0.0838(0.838s / 9.995s) | Generator RTF: 0.0834(0.834s / 9.995s)
generated_audios/generated_H1_256C/260-123288-0011_generated.wav | RTF: 0.3117(2.799s / 8.980s) | Generator RTF: 0.3112(2.795s / 8.980s)
generated_audios/generated_H1_256C/260-123288-0012_generated.wav | RTF: 0.2933(1.040s / 3.545s) | Generator RTF: 0.2923(1.036s / 3.545s)
generated_audios/generated_H1_256C/260-123288-0013_generated.wav | RTF: 0.3267(3.720s / 11.385s) | Generator RTF: 0.3264(3.716s / 11.385s)
generated_audios/generated_H1_256C/260-123288-0014_generated.wav | RTF: 0.0855(0.154s / 1.805s) | Generator RTF: 0.0838(0.151s / 1.805s)
generated_audios/generated_H1_256C/260-123288-0015_generated.wav | RTF: 0.3138(6.647s / 21.185s) | Generator RTF: 0.3135(6.641s / 21.185s)
generated_audios/generated_H1_256C/260-123288-0016_generated.wav | RTF: 0.3009(1.464s / 4.865s) | Generator RTF: 0.3000(1.460s / 4.865s)
generated_audios/generated_H1_256C/260-123288-0017_generated.wav | RTF: 0.2934(1.533s / 5.225s) | Generator RTF: 0.2926(1.529s / 5.225s)
generated_audios/generated_H1_256C/260-123288-0018_generated.wav | RTF: 0.2881(0.935s / 3.245s) | Generator RTF: 0.2870(0.931s / 3.245s)
generated_audios/generated_H1_256C/260-123288-0019_generated.wav | RTF: 0.0771(0.228s / 2.955s) | Generator RTF: 0.0759(0.224s / 2.955s)
generated_audios/generated_H1_256C/260-123288-0020_generated.wav | RTF: 0.2877(0.834s / 2.900s) | Generator RTF: 0.2866(0.831s / 2.900s)
generated_audios/generated_H1_256C/260-123288-0021_generated.wav | RTF: 0.0784(0.213s / 2.710s) | Generator RTF: 0.0772(0.209s / 2.710s)
generated_audios/generated_H1_256C/260-123288-0022_generated.wav | RTF: 0.2975(1.102s / 3.705s) | Generator RTF: 0.2966(1.099s / 3.705s)
generated_audios/generated_H1_256C/260-123288-0023_generated.wav | RTF: 0.0789(0.188s / 2.385s) | Generator RTF: 0.0776(0.185s / 2.385s)
generated_audios/generated_H1_256C/260-123288-0024_generated.wav | RTF: 0.3233(4.718s / 14.595s) | Generator RTF: 0.3229(4.713s / 14.595s)
generated_audios/generated_H1_256C/260-123288-0025_generated.wav | RTF: 0.3271(4.397s / 13.445s) | Generator RTF: 0.3267(4.392s / 13.445s)
generated_audios/generated_H1_256C/260-123288-0026_generated.wav | RTF: 0.3312(5.313s / 16.040s) | Generator RTF: 0.3309(5.308s / 16.040s)
generated_audios/generated_H1_256C/260-123288-0027_generated.wav | RTF: 0.2979(1.878s / 6.305s) | Generator RTF: 0.2972(1.874s / 6.305s)
generated_audios/generated_H1_256C/260-123288-0028_generated.wav | RTF: 0.2945(0.769s / 2.610s) | Generator RTF: 0.2932(0.765s / 2.610s)
generated_audios/generated_H1_256C/260-123440-0000_generated.wav | RTF: 0.2882(0.624s / 2.165s) | Generator RTF: 0.2867(0.621s / 2.165s)
generated_audios/generated_H1_256C/260-123440-0001_generated.wav | RTF: 0.2998(0.522s / 1.740s) | Generator RTF: 0.2980(0.519s / 1.740s)
generated_audios/generated_H1_256C/260-123440-0002_generated.wav | RTF: 0.3130(4.605s / 14.715s) | Generator RTF: 0.3126(4.601s / 14.715s)
generated_audios/generated_H1_256C/260-123440-0003_generated.wav | RTF: 0.2983(1.070s / 3.585s) | Generator RTF: 0.2974(1.066s / 3.585s)
generated_audios/generated_H1_256C/260-123440-0004_generated.wav | RTF: 0.3070(3.690s / 12.020s) | Generator RTF: 0.3066(3.686s / 12.020s)
generated_audios/generated_H1_256C/260-123440-0005_generated.wav | RTF: 0.0787(0.244s / 3.105s) | Generator RTF: 0.0776(0.241s / 3.105s)
generated_audios/generated_H1_256C/260-123440-0006_generated.wav | RTF: 0.0698(0.189s / 2.715s) | Generator RTF: 0.0685(0.186s / 2.715s)
generated_audios/generated_H1_256C/260-123440-0007_generated.wav | RTF: 0.2888(0.978s / 3.385s) | Generator RTF: 0.2878(0.974s / 3.385s)
generated_audios/generated_H1_256C/260-123440-0008_generated.wav | RTF: 0.2991(1.120s / 3.745s) | Generator RTF: 0.2982(1.117s / 3.745s)
generated_audios/generated_H1_256C/260-123440-0009_generated.wav | RTF: 0.2978(0.928s / 3.115s) | Generator RTF: 0.2967(0.924s / 3.115s)
generated_audios/generated_H1_256C/260-123440-0010_generated.wav | RTF: 0.3091(2.570s / 8.315s) | Generator RTF: 0.3086(2.566s / 8.315s)
generated_audios/generated_H1_256C/260-123440-0011_generated.wav | RTF: 0.0788(0.384s / 4.870s) | Generator RTF: 0.0781(0.380s / 4.870s)
generated_audios/generated_H1_256C/260-123440-0012_generated.wav | RTF: 0.3003(1.575s / 5.245s) | Generator RTF: 0.2996(1.571s / 5.245s)
generated_audios/generated_H1_256C/260-123440-0013_generated.wav | RTF: 0.2951(1.026s / 3.475s) | Generator RTF: 0.2942(1.022s / 3.475s)
generated_audios/generated_H1_256C/260-123440-0014_generated.wav | RTF: 0.2973(1.134s / 3.815s) | Generator RTF: 0.2964(1.131s / 3.815s)
generated_audios/generated_H1_256C/260-123440-0015_generated.wav | RTF: 0.0812(0.503s / 6.200s) | Generator RTF: 0.0805(0.499s / 6.200s)
generated_audios/generated_H1_256C/260-123440-0016_generated.wav | RTF: 0.3010(1.473s / 4.895s) | Generator RTF: 0.3003(1.470s / 4.895s)
generated_audios/generated_H1_256C/260-123440-0017_generated.wav | RTF: 0.0837(0.257s / 3.070s) | Generator RTF: 0.0826(0.254s / 3.070s)
generated_audios/generated_H1_256C/260-123440-0018_generated.wav | RTF: 0.2956(1.076s / 3.640s) | Generator RTF: 0.2947(1.073s / 3.640s)
generated_audios/generated_H1_256C/260-123440-0019_generated.wav | RTF: 0.2997(1.987s / 6.630s) | Generator RTF: 0.2991(1.983s / 6.630s)
generated_audios/generated_H1_256C/260-123440-0020_generated.wav | RTF: 0.3019(1.508s / 4.995s) | Generator RTF: 0.3011(1.504s / 4.995s)
generated_audios/generated_H1_256C/61-70968-0000_generated.wav | RTF: 0.3016(1.479s / 4.905s) | Generator RTF: 0.3008(1.475s / 4.905s)
generated_audios/generated_H1_256C/61-70968-0001_generated.wav | RTF: 0.2982(1.077s / 3.610s) | Generator RTF: 0.2973(1.073s / 3.610s)
generated_audios/generated_H1_256C/61-70968-0002_generated.wav | RTF: 0.2901(0.862s / 2.970s) | Generator RTF: 0.2889(0.858s / 2.970s)
generated_audios/generated_H1_256C/61-70968-0003_generated.wav | RTF: 0.0784(0.338s / 4.315s) | Generator RTF: 0.0776(0.335s / 4.315s)
generated_audios/generated_H1_256C/61-70968-0004_generated.wav | RTF: 0.3007(1.168s / 3.885s) | Generator RTF: 0.2998(1.165s / 3.885s)
generated_audios/generated_H1_256C/61-70968-0005_generated.wav | RTF: 0.0808(0.410s / 5.070s) | Generator RTF: 0.0801(0.406s / 5.070s)
generated_audios/generated_H1_256C/61-70968-0006_generated.wav | RTF: 0.2902(0.852s / 2.935s) | Generator RTF: 0.2891(0.848s / 2.935s)
generated_audios/generated_H1_256C/61-70968-0007_generated.wav | RTF: 0.0775(0.275s / 3.550s) | Generator RTF: 0.0764(0.271s / 3.550s)
generated_audios/generated_H1_256C/61-70968-0008_generated.wav | RTF: 0.0788(0.278s / 3.535s) | Generator RTF: 0.0778(0.275s / 3.535s)
generated_audios/generated_H1_256C/61-70968-0009_generated.wav | RTF: 0.2994(1.350s / 4.510s) | Generator RTF: 0.2987(1.347s / 4.510s)
generated_audios/generated_H1_256C/61-70968-0010_generated.wav | RTF: 0.3054(2.533s / 8.295s) | Generator RTF: 0.3049(2.529s / 8.295s)
generated_audios/generated_H1_256C/61-70968-0011_generated.wav | RTF: 0.2989(1.905s / 6.375s) | Generator RTF: 0.2983(1.902s / 6.375s)
generated_audios/generated_H1_256C/61-70968-0012_generated.wav | RTF: 0.0798(0.208s / 2.610s) | Generator RTF: 0.0786(0.205s / 2.610s)
generated_audios/generated_H1_256C/61-70968-0013_generated.wav | RTF: 0.0759(0.338s / 4.450s) | Generator RTF: 0.0752(0.334s / 4.450s)
generated_audios/generated_H1_256C/61-70968-0014_generated.wav | RTF: 0.3047(2.280s / 7.485s) | Generator RTF: 0.3041(2.276s / 7.485s)
generated_audios/generated_H1_256C/61-70968-0015_generated.wav | RTF: 0.2953(1.587s / 5.375s) | Generator RTF: 0.2947(1.584s / 5.375s)
generated_audios/generated_H1_256C/61-70968-0016_generated.wav | RTF: 0.2990(1.112s / 3.720s) | Generator RTF: 0.2981(1.109s / 3.720s)
generated_audios/generated_H1_256C/61-70968-0017_generated.wav | RTF: 0.3030(1.548s / 5.110s) | Generator RTF: 0.3023(1.545s / 5.110s)
generated_audios/generated_H1_256C/61-70968-0018_generated.wav | RTF: 0.2926(0.704s / 2.405s) | Generator RTF: 0.2911(0.700s / 2.405s)
generated_audios/generated_H1_256C/61-70968-0019_generated.wav | RTF: 0.2981(1.632s / 5.475s) | Generator RTF: 0.2974(1.628s / 5.475s)
generated_audios/generated_H1_256C/61-70968-0020_generated.wav | RTF: 0.3050(1.557s / 5.105s) | Generator RTF: 0.3042(1.553s / 5.105s)
generated_audios/generated_H1_256C/61-70968-0021_generated.wav | RTF: 0.2900(0.780s / 2.690s) | Generator RTF: 0.2887(0.777s / 2.690s)
generated_audios/generated_H1_256C/61-70968-0022_generated.wav | RTF: 0.0796(0.372s / 4.670s) | Generator RTF: 0.0788(0.368s / 4.670s)
generated_audios/generated_H1_256C/61-70968-0023_generated.wav | RTF: 0.0792(0.398s / 5.025s) | Generator RTF: 0.0785(0.394s / 5.025s)
generated_audios/generated_H1_256C/61-70968-0024_generated.wav | RTF: 0.3004(1.810s / 6.025s) | Generator RTF: 0.2998(1.806s / 6.025s)
generated_audios/generated_H1_256C/61-70968-0025_generated.wav | RTF: 0.0793(0.350s / 4.410s) | Generator RTF: 0.0784(0.346s / 4.410s)
generated_audios/generated_H1_256C/61-70968-0026_generated.wav | RTF: 0.2945(1.449s / 4.920s) | Generator RTF: 0.2938(1.445s / 4.920s)
generated_audios/generated_H1_256C/61-70968-0027_generated.wav | RTF: 0.3016(2.072s / 6.870s) | Generator RTF: 0.3010(2.068s / 6.870s)
generated_audios/generated_H1_256C/61-70968-0028_generated.wav | RTF: 0.2966(1.588s / 5.355s) | Generator RTF: 0.2959(1.585s / 5.355s)
generated_audios/generated_H1_256C/61-70968-0029_generated.wav | RTF: 0.2989(1.045s / 3.495s) | Generator RTF: 0.2979(1.041s / 3.495s)
generated_audios/generated_H1_256C/61-70968-0030_generated.wav | RTF: 0.3007(1.709s / 5.685s) | Generator RTF: 0.2999(1.705s / 5.685s)
generated_audios/generated_H1_256C/61-70968-0031_generated.wav | RTF: 0.3001(0.878s / 2.925s) | Generator RTF: 0.2990(0.875s / 2.925s)
generated_audios/generated_H1_256C/61-70968-0032_generated.wav | RTF: 0.0805(0.344s / 4.280s) | Generator RTF: 0.0797(0.341s / 4.280s)
generated_audios/generated_H1_256C/61-70968-0033_generated.wav | RTF: 0.0746(0.424s / 5.685s) | Generator RTF: 0.0740(0.420s / 5.685s)
generated_audios/generated_H1_256C/61-70968-0034_generated.wav | RTF: 0.3011(1.274s / 4.230s) | Generator RTF: 0.3002(1.270s / 4.230s)
generated_audios/generated_H1_256C/61-70968-0035_generated.wav | RTF: 0.3046(2.422s / 7.950s) | Generator RTF: 0.3041(2.418s / 7.950s)
generated_audios/generated_H1_256C/61-70968-0036_generated.wav | RTF: 0.0775(0.227s / 2.935s) | Generator RTF: 0.0763(0.224s / 2.935s)
generated_audios/generated_H1_256C/61-70968-0037_generated.wav | RTF: 0.0768(0.331s / 4.315s) | Generator RTF: 0.0760(0.328s / 4.315s)
generated_audios/generated_H1_256C/61-70968-0038_generated.wav | RTF: 0.3071(0.630s / 2.050s) | Generator RTF: 0.3056(0.626s / 2.050s)
generated_audios/generated_H1_256C/61-70968-0039_generated.wav | RTF: 0.2930(1.115s / 3.805s) | Generator RTF: 0.2921(1.111s / 3.805s)
generated_audios/generated_H1_256C/61-70968-0040_generated.wav | RTF: 0.3014(1.191s / 3.950s) | Generator RTF: 0.3005(1.187s / 3.950s)
generated_audios/generated_H1_256C/61-70968-0041_generated.wav | RTF: 0.0834(0.569s / 6.825s) | Generator RTF: 0.0829(0.566s / 6.825s)
generated_audios/generated_H1_256C/61-70968-0042_generated.wav | RTF: 0.0759(0.211s / 2.785s) | Generator RTF: 0.0747(0.208s / 2.785s)
generated_audios/generated_H1_256C/61-70968-0043_generated.wav | RTF: 0.3048(2.053s / 6.735s) | Generator RTF: 0.3042(2.049s / 6.735s)
generated_audios/generated_H1_256C/61-70968-0044_generated.wav | RTF: 0.0785(0.217s / 2.770s) | Generator RTF: 0.0773(0.214s / 2.770s)
generated_audios/generated_H1_256C/61-70968-0045_generated.wav | RTF: 0.0765(0.266s / 3.475s) | Generator RTF: 0.0755(0.263s / 3.475s)
generated_audios/generated_H1_256C/61-70968-0046_generated.wav | RTF: 0.0771(0.274s / 3.550s) | Generator RTF: 0.0762(0.270s / 3.550s)
generated_audios/generated_H1_256C/61-70968-0047_generated.wav | RTF: 0.2954(1.411s / 4.775s) | Generator RTF: 0.2946(1.407s / 4.775s)
generated_audios/generated_H1_256C/61-70968-0048_generated.wav | RTF: 0.2978(0.899s / 3.020s) | Generator RTF: 0.2968(0.896s / 3.020s)
generated_audios/generated_H1_256C/61-70968-0049_generated.wav | RTF: 0.3082(2.543s / 8.250s) | Generator RTF: 0.3077(2.539s / 8.250s)
generated_audios/generated_H1_256C/61-70968-0050_generated.wav | RTF: 0.2986(1.666s / 5.580s) | Generator RTF: 0.2978(1.662s / 5.580s)
generated_audios/generated_H1_256C/61-70968-0051_generated.wav | RTF: 0.2981(0.935s / 3.135s) | Generator RTF: 0.2971(0.931s / 3.135s)
generated_audios/generated_H1_256C/61-70968-0052_generated.wav | RTF: 0.2705(0.717s / 2.650s) | Generator RTF: 0.2692(0.713s / 2.650s)
generated_audios/generated_H1_256C/61-70968-0053_generated.wav | RTF: 0.0787(0.332s / 4.220s) | Generator RTF: 0.0778(0.328s / 4.220s)
generated_audios/generated_H1_256C/61-70968-0054_generated.wav | RTF: 0.2966(2.331s / 7.860s) | Generator RTF: 0.2961(2.327s / 7.860s)
generated_audios/generated_H1_256C/61-70968-0055_generated.wav | RTF: 0.0803(0.319s / 3.965s) | Generator RTF: 0.0794(0.315s / 3.965s)
generated_audios/generated_H1_256C/61-70968-0056_generated.wav | RTF: 0.2723(0.971s / 3.565s) | Generator RTF: 0.2713(0.967s / 3.565s)
generated_audios/generated_H1_256C/61-70968-0057_generated.wav | RTF: 0.0814(0.412s / 5.065s) | Generator RTF: 0.0807(0.409s / 5.065s)
generated_audios/generated_H1_256C/61-70968-0058_generated.wav | RTF: 0.2692(0.490s / 1.820s) | Generator RTF: 0.2675(0.487s / 1.820s)
generated_audios/generated_H1_256C/61-70968-0059_generated.wav | RTF: 0.0793(0.172s / 2.170s) | Generator RTF: 0.0778(0.169s / 2.170s)
generated_audios/generated_H1_256C/61-70968-0060_generated.wav | RTF: 0.0760(0.284s / 3.735s) | Generator RTF: 0.0751(0.280s / 3.735s)
generated_audios/generated_H1_256C/61-70968-0061_generated.wav | RTF: 0.2936(1.623s / 5.530s) | Generator RTF: 0.2929(1.620s / 5.530s)
generated_audios/generated_H1_256C/61-70968-0062_generated.wav | RTF: 0.0767(0.196s / 2.555s) | Generator RTF: 0.0754(0.193s / 2.555s)
generated_audios/generated_H1_256C/61-70970-0000_generated.wav | RTF: 0.3011(1.829s / 6.075s) | Generator RTF: 0.3005(1.826s / 6.075s)
generated_audios/generated_H1_256C/61-70970-0001_generated.wav | RTF: 0.3013(1.854s / 6.155s) | Generator RTF: 0.3007(1.851s / 6.155s)
generated_audios/generated_H1_256C/61-70970-0002_generated.wav | RTF: 0.3027(1.261s / 4.165s) | Generator RTF: 0.3019(1.257s / 4.165s)
generated_audios/generated_H1_256C/61-70970-0003_generated.wav | RTF: 0.2963(1.136s / 3.835s) | Generator RTF: 0.2954(1.133s / 3.835s)
generated_audios/generated_H1_256C/61-70970-0004_generated.wav | RTF: 0.3063(3.220s / 10.515s) | Generator RTF: 0.3058(3.216s / 10.515s)
generated_audios/generated_H1_256C/61-70970-0005_generated.wav | RTF: 0.3186(0.644s / 2.020s) | Generator RTF: 0.3170(0.640s / 2.020s)
generated_audios/generated_H1_256C/61-70970-0006_generated.wav | RTF: 0.3070(0.717s / 2.335s) | Generator RTF: 0.3056(0.714s / 2.335s)
generated_audios/generated_H1_256C/61-70970-0007_generated.wav | RTF: 0.3108(1.394s / 4.485s) | Generator RTF: 0.3101(1.391s / 4.485s)
generated_audios/generated_H1_256C/61-70970-0008_generated.wav | RTF: 0.3271(0.703s / 2.150s) | Generator RTF: 0.3256(0.700s / 2.150s)
generated_audios/generated_H1_256C/61-70970-0009_generated.wav | RTF: 0.3093(1.053s / 3.405s) | Generator RTF: 0.3083(1.050s / 3.405s)
generated_audios/generated_H1_256C/61-70970-0010_generated.wav | RTF: 0.0746(0.227s / 3.045s) | Generator RTF: 0.0735(0.224s / 3.045s)
generated_audios/generated_H1_256C/61-70970-0011_generated.wav | RTF: 0.0723(0.439s / 6.075s) | Generator RTF: 0.0717(0.435s / 6.075s)
generated_audios/generated_H1_256C/61-70970-0012_generated.wav | RTF: 0.0752(0.236s / 3.135s) | Generator RTF: 0.0740(0.232s / 3.135s)
generated_audios/generated_H1_256C/61-70970-0013_generated.wav | RTF: 0.3075(1.338s / 4.350s) | Generator RTF: 0.3067(1.334s / 4.350s)
generated_audios/generated_H1_256C/61-70970-0014_generated.wav | RTF: 0.0684(0.233s / 3.405s) | Generator RTF: 0.0674(0.229s / 3.405s)
generated_audios/generated_H1_256C/61-70970-0015_generated.wav | RTF: 0.3119(2.625s / 8.415s) | Generator RTF: 0.3114(2.621s / 8.415s)
generated_audios/generated_H1_256C/61-70970-0016_generated.wav | RTF: 0.3023(1.321s / 4.370s) | Generator RTF: 0.3015(1.317s / 4.370s)
generated_audios/generated_H1_256C/61-70970-0017_generated.wav | RTF: 0.0781(0.199s / 2.550s) | Generator RTF: 0.0768(0.196s / 2.550s)
generated_audios/generated_H1_256C/61-70970-0018_generated.wav | RTF: 0.3009(1.384s / 4.600s) | Generator RTF: 0.3001(1.381s / 4.600s)
generated_audios/generated_H1_256C/61-70970-0019_generated.wav | RTF: 0.3009(1.137s / 3.780s) | Generator RTF: 0.2999(1.134s / 3.780s)
generated_audios/generated_H1_256C/61-70970-0020_generated.wav | RTF: 0.0778(0.391s / 5.025s) | Generator RTF: 0.0771(0.387s / 5.025s)
generated_audios/generated_H1_256C/61-70970-0021_generated.wav | RTF: 0.2989(1.615s / 5.405s) | Generator RTF: 0.2982(1.612s / 5.405s)
generated_audios/generated_H1_256C/61-70970-0022_generated.wav | RTF: 0.0757(0.300s / 3.970s) | Generator RTF: 0.0748(0.297s / 3.970s)
generated_audios/generated_H1_256C/61-70970-0023_generated.wav | RTF: 0.0748(0.277s / 3.705s) | Generator RTF: 0.0739(0.274s / 3.705s)
generated_audios/generated_H1_256C/61-70970-0024_generated.wav | RTF: 0.3041(2.200s / 7.235s) | Generator RTF: 0.3036(2.197s / 7.235s)
generated_audios/generated_H1_256C/61-70970-0025_generated.wav | RTF: 0.3049(2.267s / 7.435s) | Generator RTF: 0.3044(2.263s / 7.435s)
generated_audios/generated_H1_256C/61-70970-0026_generated.wav | RTF: 0.0790(0.432s / 5.475s) | Generator RTF: 0.0783(0.429s / 5.475s)
generated_audios/generated_H1_256C/61-70970-0027_generated.wav | RTF: 0.0780(0.396s / 5.080s) | Generator RTF: 0.0773(0.393s / 5.080s)
generated_audios/generated_H1_256C/61-70970-0028_generated.wav | RTF: 0.0788(0.516s / 6.550s) | Generator RTF: 0.0782(0.512s / 6.550s)
generated_audios/generated_H1_256C/61-70970-0029_generated.wav | RTF: 0.0790(0.318s / 4.030s) | Generator RTF: 0.0781(0.315s / 4.030s)
generated_audios/generated_H1_256C/61-70970-0030_generated.wav | RTF: 0.0808(0.262s / 3.240s) | Generator RTF: 0.0798(0.258s / 3.240s)
generated_audios/generated_H1_256C/61-70970-0031_generated.wav | RTF: 0.3001(1.541s / 5.135s) | Generator RTF: 0.2994(1.537s / 5.135s)
generated_audios/generated_H1_256C/61-70970-0032_generated.wav | RTF: 0.0750(0.235s / 3.135s) | Generator RTF: 0.0740(0.232s / 3.135s)
generated_audios/generated_H1_256C/61-70970-0033_generated.wav | RTF: 0.2971(1.016s / 3.420s) | Generator RTF: 0.2961(1.013s / 3.420s)
generated_audios/generated_H1_256C/61-70970-0034_generated.wav | RTF: 0.0776(0.348s / 4.485s) | Generator RTF: 0.0768(0.345s / 4.485s)
generated_audios/generated_H1_256C/61-70970-0035_generated.wav | RTF: 0.0783(0.580s / 7.405s) | Generator RTF: 0.0778(0.576s / 7.405s)
generated_audios/generated_H1_256C/61-70970-0036_generated.wav | RTF: 0.0784(0.532s / 6.785s) | Generator RTF: 0.0778(0.528s / 6.785s)
generated_audios/generated_H1_256C/61-70970-0037_generated.wav | RTF: 0.3029(1.811s / 5.980s) | Generator RTF: 0.3022(1.807s / 5.980s)
generated_audios/generated_H1_256C/61-70970-0038_generated.wav | RTF: 0.3069(3.192s / 10.400s) | Generator RTF: 0.3065(3.188s / 10.400s)
generated_audios/generated_H1_256C/61-70970-0039_generated.wav | RTF: 0.0795(0.530s / 6.665s) | Generator RTF: 0.0790(0.526s / 6.665s)
generated_audios/generated_H1_256C/61-70970-0040_generated.wav | RTF: 0.0777(0.324s / 4.165s) | Generator RTF: 0.0769(0.320s / 4.165s)
generated_audios/generated_H1_256C/672-122797-0000_generated.wav | RTF: 0.3075(1.251s / 4.070s) | Generator RTF: 0.3066(1.248s / 4.070s)
generated_audios/generated_H1_256C/672-122797-0001_generated.wav | RTF: 0.3083(4.665s / 15.130s) | Generator RTF: 0.3080(4.660s / 15.130s)
generated_audios/generated_H1_256C/672-122797-0002_generated.wav | RTF: 0.3067(4.178s / 13.620s) | Generator RTF: 0.3064(4.173s / 13.620s)
generated_audios/generated_H1_256C/672-122797-0003_generated.wav | RTF: 0.3115(1.483s / 4.760s) | Generator RTF: 0.3107(1.479s / 4.760s)
generated_audios/generated_H1_256C/672-122797-0004_generated.wav | RTF: 0.3043(3.119s / 10.250s) | Generator RTF: 0.3039(3.115s / 10.250s)
generated_audios/generated_H1_256C/672-122797-0005_generated.wav | RTF: 0.3163(1.031s / 3.260s) | Generator RTF: 0.3153(1.028s / 3.260s)
generated_audios/generated_H1_256C/672-122797-0006_generated.wav | RTF: 0.3113(4.342s / 13.950s) | Generator RTF: 0.3110(4.338s / 13.950s)
generated_audios/generated_H1_256C/672-122797-0007_generated.wav | RTF: 0.3060(1.965s / 6.420s) | Generator RTF: 0.3054(1.961s / 6.420s)
generated_audios/generated_H1_256C/672-122797-0008_generated.wav | RTF: 0.3205(9.875s / 30.810s) | Generator RTF: 0.3203(9.869s / 30.810s)
generated_audios/generated_H1_256C/672-122797-0009_generated.wav | RTF: 0.0782(0.216s / 2.765s) | Generator RTF: 0.0770(0.213s / 2.765s)
generated_audios/generated_H1_256C/672-122797-0010_generated.wav | RTF: 0.0765(0.292s / 3.815s) | Generator RTF: 0.0756(0.288s / 3.815s)
generated_audios/generated_H1_256C/672-122797-0011_generated.wav | RTF: 0.3241(0.823s / 2.540s) | Generator RTF: 0.3228(0.820s / 2.540s)
generated_audios/generated_H1_256C/672-122797-0012_generated.wav | RTF: 0.3154(2.449s / 7.765s) | Generator RTF: 0.3149(2.445s / 7.765s)
generated_audios/generated_H1_256C/672-122797-0013_generated.wav | RTF: 0.3057(2.661s / 8.705s) | Generator RTF: 0.3052(2.657s / 8.705s)
generated_audios/generated_H1_256C/672-122797-0014_generated.wav | RTF: 0.0803(0.205s / 2.555s) | Generator RTF: 0.0790(0.202s / 2.555s)
generated_audios/generated_H1_256C/672-122797-0015_generated.wav | RTF: 0.0785(0.350s / 4.455s) | Generator RTF: 0.0777(0.346s / 4.455s)
generated_audios/generated_H1_256C/672-122797-0016_generated.wav | RTF: 0.3064(2.823s / 9.215s) | Generator RTF: 0.3059(2.819s / 9.215s)
generated_audios/generated_H1_256C/672-122797-0017_generated.wav | RTF: 0.3065(1.477s / 4.820s) | Generator RTF: 0.3058(1.474s / 4.820s)
generated_audios/generated_H1_256C/672-122797-0018_generated.wav | RTF: 0.3051(1.504s / 4.930s) | Generator RTF: 0.3044(1.501s / 4.930s)
generated_audios/generated_H1_256C/672-122797-0019_generated.wav | RTF: 0.2981(1.225s / 4.110s) | Generator RTF: 0.2973(1.222s / 4.110s)
generated_audios/generated_H1_256C/672-122797-0020_generated.wav | RTF: 0.3052(2.694s / 8.825s) | Generator RTF: 0.3048(2.690s / 8.825s)
generated_audios/generated_H1_256C/672-122797-0021_generated.wav | RTF: 0.0808(0.335s / 4.150s) | Generator RTF: 0.0800(0.332s / 4.150s)
generated_audios/generated_H1_256C/672-122797-0022_generated.wav | RTF: 0.3110(5.910s / 19.005s) | Generator RTF: 0.3107(5.904s / 19.005s)
generated_audios/generated_H1_256C/672-122797-0023_generated.wav | RTF: 0.3066(2.972s / 9.695s) | Generator RTF: 0.3061(2.968s / 9.695s)
generated_audios/generated_H1_256C/672-122797-0024_generated.wav | RTF: 0.3024(1.249s / 4.130s) | Generator RTF: 0.3016(1.246s / 4.130s)
generated_audios/generated_H1_256C/672-122797-0025_generated.wav | RTF: 0.3058(3.269s / 10.690s) | Generator RTF: 0.3054(3.265s / 10.690s)
generated_audios/generated_H1_256C/672-122797-0026_generated.wav | RTF: 0.3280(4.579s / 13.960s) | Generator RTF: 0.3277(4.574s / 13.960s)
generated_audios/generated_H1_256C/672-122797-0027_generated.wav | RTF: 0.2315(1.109s / 4.790s) | Generator RTF: 0.2173(1.041s / 4.790s)
generated_audios/generated_H1_256C/672-122797-0028_generated.wav | RTF: 0.0764(0.199s / 2.610s) | Generator RTF: 0.0751(0.196s / 2.610s)
generated_audios/generated_H1_256C/672-122797-0029_generated.wav | RTF: 0.0768(0.234s / 3.050s) | Generator RTF: 0.0758(0.231s / 3.050s)
generated_audios/generated_H1_256C/672-122797-0030_generated.wav | RTF: 0.2955(1.352s / 4.575s) | Generator RTF: 0.2948(1.349s / 4.575s)
generated_audios/generated_H1_256C/672-122797-0031_generated.wav | RTF: 0.0755(0.301s / 3.980s) | Generator RTF: 0.0747(0.297s / 3.980s)
generated_audios/generated_H1_256C/672-122797-0032_generated.wav | RTF: 0.0768(0.307s / 4.000s) | Generator RTF: 0.0760(0.304s / 4.000s)
generated_audios/generated_H1_256C/672-122797-0033_generated.wav | RTF: 0.3077(0.395s / 1.285s) | Generator RTF: 0.3056(0.393s / 1.285s)
generated_audios/generated_H1_256C/672-122797-0034_generated.wav | RTF: 0.0763(0.390s / 5.110s) | Generator RTF: 0.0757(0.387s / 5.110s)
generated_audios/generated_H1_256C/672-122797-0035_generated.wav | RTF: 0.0766(0.222s / 2.900s) | Generator RTF: 0.0754(0.219s / 2.900s)
generated_audios/generated_H1_256C/672-122797-0036_generated.wav | RTF: 0.0770(0.413s / 5.365s) | Generator RTF: 0.0763(0.409s / 5.365s)
generated_audios/generated_H1_256C/672-122797-0037_generated.wav | RTF: 0.2897(0.568s / 1.960s) | Generator RTF: 0.2881(0.565s / 1.960s)
generated_audios/generated_H1_256C/672-122797-0038_generated.wav | RTF: 0.3043(2.678s / 8.800s) | Generator RTF: 0.3038(2.673s / 8.800s)
generated_audios/generated_H1_256C/672-122797-0039_generated.wav | RTF: 0.2980(1.199s / 4.025s) | Generator RTF: 0.2971(1.196s / 4.025s)
generated_audios/generated_H1_256C/672-122797-0040_generated.wav | RTF: 0.0782(0.401s / 5.125s) | Generator RTF: 0.0775(0.397s / 5.125s)
generated_audios/generated_H1_256C/672-122797-0041_generated.wav | RTF: 0.0779(0.302s / 3.880s) | Generator RTF: 0.0770(0.299s / 3.880s)
generated_audios/generated_H1_256C/672-122797-0042_generated.wav | RTF: 0.3081(4.718s / 15.310s) | Generator RTF: 0.3079(4.714s / 15.310s)
generated_audios/generated_H1_256C/672-122797-0043_generated.wav | RTF: 0.0764(0.289s / 3.780s) | Generator RTF: 0.0754(0.285s / 3.780s)
generated_audios/generated_H1_256C/672-122797-0044_generated.wav | RTF: 0.0755(0.282s / 3.740s) | Generator RTF: 0.0746(0.279s / 3.740s)
generated_audios/generated_H1_256C/672-122797-0045_generated.wav | RTF: 0.0814(1.136s / 13.960s) | Generator RTF: 0.0811(1.132s / 13.960s)
generated_audios/generated_H1_256C/672-122797-0046_generated.wav | RTF: 0.2997(1.413s / 4.715s) | Generator RTF: 0.2989(1.409s / 4.715s)
generated_audios/generated_H1_256C/672-122797-0047_generated.wav | RTF: 0.2955(0.983s / 3.325s) | Generator RTF: 0.2945(0.979s / 3.325s)
generated_audios/generated_H1_256C/672-122797-0048_generated.wav | RTF: 0.0787(0.516s / 6.555s) | Generator RTF: 0.0781(0.512s / 6.555s)
generated_audios/generated_H1_256C/672-122797-0049_generated.wav | RTF: 0.0783(0.158s / 2.020s) | Generator RTF: 0.0767(0.155s / 2.020s)
generated_audios/generated_H1_256C/672-122797-0050_generated.wav | RTF: 0.3088(1.499s / 4.855s) | Generator RTF: 0.3080(1.496s / 4.855s)
generated_audios/generated_H1_256C/672-122797-0051_generated.wav | RTF: 0.3068(1.431s / 4.665s) | Generator RTF: 0.3061(1.428s / 4.665s)
generated_audios/generated_H1_256C/672-122797-0052_generated.wav | RTF: 0.2985(1.279s / 4.285s) | Generator RTF: 0.2977(1.276s / 4.285s)
generated_audios/generated_H1_256C/672-122797-0053_generated.wav | RTF: 0.0795(0.235s / 2.955s) | Generator RTF: 0.0784(0.232s / 2.955s)
generated_audios/generated_H1_256C/672-122797-0054_generated.wav | RTF: 0.0777(0.330s / 4.250s) | Generator RTF: 0.0770(0.327s / 4.250s)
generated_audios/generated_H1_256C/672-122797-0055_generated.wav | RTF: 0.3065(2.523s / 8.230s) | Generator RTF: 0.3060(2.519s / 8.230s)
generated_audios/generated_H1_256C/672-122797-0056_generated.wav | RTF: 0.0784(0.410s / 5.225s) | Generator RTF: 0.0777(0.406s / 5.225s)
generated_audios/generated_H1_256C/672-122797-0057_generated.wav | RTF: 0.0782(0.513s / 6.560s) | Generator RTF: 0.0776(0.509s / 6.560s)
generated_audios/generated_H1_256C/672-122797-0058_generated.wav | RTF: 0.3124(1.396s / 4.470s) | Generator RTF: 0.3116(1.393s / 4.470s)
generated_audios/generated_H1_256C/672-122797-0059_generated.wav | RTF: 0.3045(1.072s / 3.520s) | Generator RTF: 0.3035(1.068s / 3.520s)
generated_audios/generated_H1_256C/672-122797-0060_generated.wav | RTF: 0.0792(0.265s / 3.350s) | Generator RTF: 0.0781(0.262s / 3.350s)
generated_audios/generated_H1_256C/672-122797-0061_generated.wav | RTF: 0.3035(2.304s / 7.590s) | Generator RTF: 0.3030(2.300s / 7.590s)
generated_audios/generated_H1_256C/672-122797-0062_generated.wav | RTF: 0.3043(0.814s / 2.675s) | Generator RTF: 0.3030(0.811s / 2.675s)
generated_audios/generated_H1_256C/672-122797-0063_generated.wav | RTF: 0.0783(0.398s / 5.075s) | Generator RTF: 0.0776(0.394s / 5.075s)
generated_audios/generated_H1_256C/672-122797-0064_generated.wav | RTF: 0.3105(4.742s / 15.270s) | Generator RTF: 0.3102(4.737s / 15.270s)
generated_audios/generated_H1_256C/672-122797-0065_generated.wav | RTF: 0.0817(0.247s / 3.030s) | Generator RTF: 0.0806(0.244s / 3.030s)
generated_audios/generated_H1_256C/672-122797-0066_generated.wav | RTF: 0.0765(0.368s / 4.815s) | Generator RTF: 0.0757(0.365s / 4.815s)
generated_audios/generated_H1_256C/672-122797-0067_generated.wav | RTF: 0.3073(4.006s / 13.035s) | Generator RTF: 0.3070(4.001s / 13.035s)
generated_audios/generated_H1_256C/672-122797-0068_generated.wav | RTF: 0.0781(0.314s / 4.020s) | Generator RTF: 0.0773(0.311s / 4.020s)
generated_audios/generated_H1_256C/672-122797-0069_generated.wav | RTF: 0.3083(1.545s / 5.010s) | Generator RTF: 0.3076(1.541s / 5.010s)
generated_audios/generated_H1_256C/672-122797-0070_generated.wav | RTF: 0.3095(1.940s / 6.270s) | Generator RTF: 0.3089(1.936s / 6.270s)
generated_audios/generated_H1_256C/672-122797-0071_generated.wav | RTF: 0.3110(2.760s / 8.875s) | Generator RTF: 0.3105(2.756s / 8.875s)
generated_audios/generated_H1_256C/672-122797-0072_generated.wav | RTF: 0.3046(2.418s / 7.940s) | Generator RTF: 0.3041(2.414s / 7.940s)
generated_audios/generated_H1_256C/672-122797-0073_generated.wav | RTF: 0.3036(2.491s / 8.205s) | Generator RTF: 0.3032(2.487s / 8.205s)
generated_audios/generated_H1_256C/672-122797-0074_generated.wav | RTF: 0.3026(2.642s / 8.730s) | Generator RTF: 0.3022(2.638s / 8.730s)
generated_audios/generated_H1_256C/908-157963-0000_generated.wav | RTF: 0.3051(3.851s / 12.620s) | Generator RTF: 0.3048(3.847s / 12.620s)
generated_audios/generated_H1_256C/908-157963-0001_generated.wav | RTF: 0.3074(0.887s / 2.885s) | Generator RTF: 0.3062(0.883s / 2.885s)
generated_audios/generated_H1_256C/908-157963-0002_generated.wav | RTF: 0.2885(0.795s / 2.755s) | Generator RTF: 0.2873(0.792s / 2.755s)
generated_audios/generated_H1_256C/908-157963-0003_generated.wav | RTF: 0.2995(0.923s / 3.080s) | Generator RTF: 0.2984(0.919s / 3.080s)
generated_audios/generated_H1_256C/908-157963-0004_generated.wav | RTF: 0.3101(4.338s / 13.990s) | Generator RTF: 0.3098(4.334s / 13.990s)
generated_audios/generated_H1_256C/908-157963-0005_generated.wav | RTF: 0.3028(2.130s / 7.035s) | Generator RTF: 0.3023(2.127s / 7.035s)
generated_audios/generated_H1_256C/908-157963-0006_generated.wav | RTF: 0.3199(2.594s / 8.110s) | Generator RTF: 0.3115(2.526s / 8.110s)
generated_audios/generated_H1_256C/908-157963-0007_generated.wav | RTF: 0.3137(10.280s / 32.770s) | Generator RTF: 0.3135(10.273s / 32.770s)
generated_audios/generated_H1_256C/908-157963-0008_generated.wav | RTF: 0.3093(6.172s / 19.950s) | Generator RTF: 0.3091(6.166s / 19.950s)
generated_audios/generated_H1_256C/908-157963-0009_generated.wav | RTF: 0.2998(1.217s / 4.060s) | Generator RTF: 0.2989(1.214s / 4.060s)
generated_audios/generated_H1_256C/908-157963-0010_generated.wav | RTF: 0.0771(0.484s / 6.280s) | Generator RTF: 0.0765(0.480s / 6.280s)
generated_audios/generated_H1_256C/908-157963-0011_generated.wav | RTF: 0.0813(0.845s / 10.395s) | Generator RTF: 0.0809(0.841s / 10.395s)
generated_audios/generated_H1_256C/908-157963-0012_generated.wav | RTF: 0.3127(3.155s / 10.090s) | Generator RTF: 0.3110(3.138s / 10.090s)
generated_audios/generated_H1_256C/908-157963-0013_generated.wav | RTF: 0.0752(0.324s / 4.315s) | Generator RTF: 0.0744(0.321s / 4.315s)
generated_audios/generated_H1_256C/908-157963-0014_generated.wav | RTF: 0.0759(0.343s / 4.520s) | Generator RTF: 0.0752(0.340s / 4.520s)
generated_audios/generated_H1_256C/908-157963-0015_generated.wav | RTF: 0.3069(4.440s / 14.465s) | Generator RTF: 0.3066(4.435s / 14.465s)
generated_audios/generated_H1_256C/908-157963-0016_generated.wav | RTF: 0.0914(0.467s / 5.105s) | Generator RTF: 0.0798(0.407s / 5.105s)
generated_audios/generated_H1_256C/908-157963-0017_generated.wav | RTF: 0.2980(1.475s / 4.950s) | Generator RTF: 0.2973(1.472s / 4.950s)
generated_audios/generated_H1_256C/908-157963-0018_generated.wav | RTF: 0.0770(0.328s / 4.255s) | Generator RTF: 0.0761(0.324s / 4.255s)
generated_audios/generated_H1_256C/908-157963-0019_generated.wav | RTF: 0.3132(6.715s / 21.440s) | Generator RTF: 0.3129(6.709s / 21.440s)
generated_audios/generated_H1_256C/908-157963-0020_generated.wav | RTF: 0.3091(3.029s / 9.800s) | Generator RTF: 0.3087(3.025s / 9.800s)
generated_audios/generated_H1_256C/908-157963-0021_generated.wav | RTF: 0.0807(0.826s / 10.240s) | Generator RTF: 0.0803(0.822s / 10.240s)
generated_audios/generated_H1_256C/908-157963-0022_generated.wav | RTF: 0.3120(1.439s / 4.610s) | Generator RTF: 0.3113(1.435s / 4.610s)
generated_audios/generated_H1_256C/908-157963-0023_generated.wav | RTF: 0.3079(2.963s / 9.625s) | Generator RTF: 0.3074(2.959s / 9.625s)
generated_audios/generated_H1_256C/908-157963-0024_generated.wav | RTF: 0.3026(1.041s / 3.440s) | Generator RTF: 0.3015(1.037s / 3.440s)
generated_audios/generated_H1_256C/908-157963-0025_generated.wav | RTF: 0.3060(2.835s / 9.265s) | Generator RTF: 0.3056(2.831s / 9.265s)
generated_audios/generated_H1_256C/908-157963-0026_generated.wav | RTF: 0.3056(2.475s / 8.100s) | Generator RTF: 0.3051(2.471s / 8.100s)
generated_audios/generated_H1_256C/908-157963-0027_generated.wav | RTF: 0.0800(0.418s / 5.225s) | Generator RTF: 0.0794(0.415s / 5.225s)
generated_audios/generated_H1_256C/908-157963-0028_generated.wav | RTF: 0.0722(0.358s / 4.955s) | Generator RTF: 0.0714(0.354s / 4.955s)
generated_audios/generated_H1_256C/908-157963-0029_generated.wav | RTF: 0.2947(1.070s / 3.630s) | Generator RTF: 0.2937(1.066s / 3.630s)
generated_audios/generated_H1_256C/908-157963-0030_generated.wav | RTF: 0.0750(0.339s / 4.520s) | Generator RTF: 0.0743(0.336s / 4.520s)
generated_audios/generated_H1_256C/908-31957-0000_generated.wav | RTF: 0.2908(0.618s / 2.125s) | Generator RTF: 0.2893(0.615s / 2.125s)
generated_audios/generated_H1_256C/908-31957-0001_generated.wav | RTF: 0.3056(3.458s / 11.315s) | Generator RTF: 0.3053(3.454s / 11.315s)
generated_audios/generated_H1_256C/908-31957-0002_generated.wav | RTF: 0.0794(0.380s / 4.790s) | Generator RTF: 0.0786(0.377s / 4.790s)
generated_audios/generated_H1_256C/908-31957-0003_generated.wav | RTF: 0.0789(0.518s / 6.565s) | Generator RTF: 0.0784(0.515s / 6.565s)
generated_audios/generated_H1_256C/908-31957-0004_generated.wav | RTF: 0.3084(4.551s / 14.755s) | Generator RTF: 0.3081(4.546s / 14.755s)
generated_audios/generated_H1_256C/908-31957-0005_generated.wav | RTF: 0.0772(0.347s / 4.490s) | Generator RTF: 0.0764(0.343s / 4.490s)
generated_audios/generated_H1_256C/908-31957-0006_generated.wav | RTF: 0.2986(1.759s / 5.890s) | Generator RTF: 0.2979(1.755s / 5.890s)
generated_audios/generated_H1_256C/908-31957-0007_generated.wav | RTF: 0.0793(0.460s / 5.800s) | Generator RTF: 0.0787(0.456s / 5.800s)
generated_audios/generated_H1_256C/908-31957-0008_generated.wav | RTF: 0.3035(3.037s / 10.005s) | Generator RTF: 0.3031(3.033s / 10.005s)
generated_audios/generated_H1_256C/908-31957-0009_generated.wav | RTF: 0.3029(2.334s / 7.705s) | Generator RTF: 0.3024(2.330s / 7.705s)
generated_audios/generated_H1_256C/908-31957-0010_generated.wav | RTF: 0.2953(0.741s / 2.510s) | Generator RTF: 0.2940(0.738s / 2.510s)
generated_audios/generated_H1_256C/908-31957-0011_generated.wav | RTF: 0.0810(0.189s / 2.335s) | Generator RTF: 0.0795(0.186s / 2.335s)
generated_audios/generated_H1_256C/908-31957-0012_generated.wav | RTF: 0.3010(2.292s / 7.615s) | Generator RTF: 0.3005(2.288s / 7.615s)
generated_audios/generated_H1_256C/908-31957-0013_generated.wav | RTF: 0.3026(1.870s / 6.180s) | Generator RTF: 0.3019(1.866s / 6.180s)
generated_audios/generated_H1_256C/908-31957-0014_generated.wav | RTF: 0.3018(2.282s / 7.560s) | Generator RTF: 0.3013(2.278s / 7.560s)
generated_audios/generated_H1_256C/908-31957-0015_generated.wav | RTF: 0.3117(6.691s / 21.465s) | Generator RTF: 0.3114(6.685s / 21.465s)
generated_audios/generated_H1_256C/908-31957-0016_generated.wav | RTF: 0.3005(1.947s / 6.480s) | Generator RTF: 0.2999(1.944s / 6.480s)
generated_audios/generated_H1_256C/908-31957-0017_generated.wav | RTF: 0.2966(2.312s / 7.795s) | Generator RTF: 0.2961(2.308s / 7.795s)
generated_audios/generated_H1_256C/908-31957-0018_generated.wav | RTF: 0.2899(1.135s / 3.915s) | Generator RTF: 0.2890(1.131s / 3.915s)
generated_audios/generated_H1_256C/908-31957-0019_generated.wav | RTF: 0.3066(2.925s / 9.540s) | Generator RTF: 0.3062(2.921s / 9.540s)
generated_audios/generated_H1_256C/908-31957-0020_generated.wav | RTF: 0.0735(0.433s / 5.895s) | Generator RTF: 0.0729(0.430s / 5.895s)
generated_audios/generated_H1_256C/908-31957-0021_generated.wav | RTF: 0.3016(3.289s / 10.905s) | Generator RTF: 0.3012(3.285s / 10.905s)
generated_audios/generated_H1_256C/908-31957-0022_generated.wav | RTF: 0.3064(4.320s / 14.100s) | Generator RTF: 0.3060(4.315s / 14.100s)
generated_audios/generated_H1_256C/908-31957-0023_generated.wav | RTF: 0.3033(2.583s / 8.515s) | Generator RTF: 0.3028(2.579s / 8.515s)
generated_audios/generated_H1_256C/908-31957-0024_generated.wav | RTF: 0.3025(2.281s / 7.540s) | Generator RTF: 0.3020(2.277s / 7.540s)
generated_audios/generated_H1_256C/908-31957-0025_generated.wav | RTF: 0.3344(6.876s / 20.560s) | Generator RTF: 0.3342(6.871s / 20.560s)
Average RTF: 0.2587(817.446s / 3159.849s)
Average Generator RTF: 0.2580(815.302s / 3159.849s)
Evaluation summary:
  Mel-spectrogram L1: 0.254826
  PESQ: 2.815303
  STOI: 0.951450
Appended per-audio metrics to CSV: per_audio_results/H1_baseline

Appended metrics to CSV: experiments_results.csv
========== H2: quantized (INT8 dynamic quantization) ==========
Initializing Inference Process..
Using device: cpu (baseline and quantized inference both run on CPU)
Quantization enabled: forcing CPU inference for INT8 model.
Loading '/home/hpc/vlbi/vlbi107v/hifi-gan/cp_hifigan/v1_c256/g_07960000'
Complete.
Checkpoint contains weight_norm parameters. Keeping weight_norm wrappers for loading...
Removing weight norm...
Calibrating static quantization using 50 samples...
INT8 quantization scope: resblocks_range
Quantizing residual blocks 3..8; all other layers stay FP32.
Checking quantized modules after static quantization:
Quantized module: resblocks.3.convs1.0 (torch.ao.nn.quantized.modules.conv.Conv1d)
Quantized module: resblocks.3.convs1.1 (torch.ao.nn.quantized.modules.conv.Conv1d)
Quantized module: resblocks.3.convs1.2 (torch.ao.nn.quantized.modules.conv.Conv1d)
Quantized module: resblocks.3.convs2.0 (torch.ao.nn.quantized.modules.conv.Conv1d)
Quantized module: resblocks.3.convs2.1 (torch.ao.nn.quantized.modules.conv.Conv1d)
Quantized module: resblocks.3.convs2.2 (torch.ao.nn.quantized.modules.conv.Conv1d)
Quantized module: resblocks.4.convs1.0 (torch.ao.nn.quantized.modules.conv.Conv1d)
Quantized module: resblocks.4.convs1.1 (torch.ao.nn.quantized.modules.conv.Conv1d)
Quantized module: resblocks.4.convs1.2 (torch.ao.nn.quantized.modules.conv.Conv1d)
Quantized module: resblocks.4.convs2.0 (torch.ao.nn.quantized.modules.conv.Conv1d)
Quantized module: resblocks.4.convs2.1 (torch.ao.nn.quantized.modules.conv.Conv1d)
Quantized module: resblocks.4.convs2.2 (torch.ao.nn.quantized.modules.conv.Conv1d)
Quantized module: resblocks.5.convs1.0 (torch.ao.nn.quantized.modules.conv.Conv1d)
Quantized module: resblocks.5.convs1.1 (torch.ao.nn.quantized.modules.conv.Conv1d)
Quantized module: resblocks.5.convs1.2 (torch.ao.nn.quantized.modules.conv.Conv1d)
Quantized module: resblocks.5.convs2.0 (torch.ao.nn.quantized.modules.conv.Conv1d)
Quantized module: resblocks.5.convs2.1 (torch.ao.nn.quantized.modules.conv.Conv1d)
Quantized module: resblocks.5.convs2.2 (torch.ao.nn.quantized.modules.conv.Conv1d)
Quantized module: resblocks.6.convs1.0 (torch.ao.nn.quantized.modules.conv.Conv1d)
Quantized module: resblocks.6.convs1.1 (torch.ao.nn.quantized.modules.conv.Conv1d)
Quantized module: resblocks.6.convs1.2 (torch.ao.nn.quantized.modules.conv.Conv1d)
Quantized module: resblocks.6.convs2.0 (torch.ao.nn.quantized.modules.conv.Conv1d)
Quantized module: resblocks.6.convs2.1 (torch.ao.nn.quantized.modules.conv.Conv1d)
Quantized module: resblocks.6.convs2.2 (torch.ao.nn.quantized.modules.conv.Conv1d)
Quantized module: resblocks.7.convs1.0 (torch.ao.nn.quantized.modules.conv.Conv1d)
Quantized module: resblocks.7.convs1.1 (torch.ao.nn.quantized.modules.conv.Conv1d)
Quantized module: resblocks.7.convs1.2 (torch.ao.nn.quantized.modules.conv.Conv1d)
Quantized module: resblocks.7.convs2.0 (torch.ao.nn.quantized.modules.conv.Conv1d)
Quantized module: resblocks.7.convs2.1 (torch.ao.nn.quantized.modules.conv.Conv1d)
Quantized module: resblocks.7.convs2.2 (torch.ao.nn.quantized.modules.conv.Conv1d)
Quantized module: resblocks.8.convs1.0 (torch.ao.nn.quantized.modules.conv.Conv1d)
Quantized module: resblocks.8.convs1.1 (torch.ao.nn.quantized.modules.conv.Conv1d)
Quantized module: resblocks.8.convs1.2 (torch.ao.nn.quantized.modules.conv.Conv1d)
Quantized module: resblocks.8.convs2.0 (torch.ao.nn.quantized.modules.conv.Conv1d)
Quantized module: resblocks.8.convs2.1 (torch.ao.nn.quantized.modules.conv.Conv1d)
Quantized module: resblocks.8.convs2.2 (torch.ao.nn.quantized.modules.conv.Conv1d)
Saving checkpoint to /home/hpc/vlbi/vlbi107v/hifi-gan/cp_hifigan/v1_c256/compressed_checkpoint_int8
Complete.
Saved compressed checkpoint: /home/hpc/vlbi/vlbi107v/hifi-gan/cp_hifigan/v1_c256/compressed_checkpoint_int8 (11.861 MB)
Compressed checkpoint parameters: 3,555,793
Loaded checkpoint: /home/hpc/vlbi/vlbi107v/hifi-gan/cp_hifigan/v1_c256/g_07960000 (13.660 MB)
Generator parameters: 3,555,793
generated_audios/generated_H2_256C_int8/1089-134686-0000_generated.wav | RTF: 0.0599(0.625s / 10.435s) | Generator RTF: 0.0595(0.621s / 10.435s)
generated_audios/generated_H2_256C_int8/1089-134686-0001_generated.wav | RTF: 0.0572(0.187s / 3.275s) | Generator RTF: 0.0563(0.184s / 3.275s)
generated_audios/generated_H2_256C_int8/1089-134686-0002_generated.wav | RTF: 0.0600(0.398s / 6.625s) | Generator RTF: 0.0595(0.394s / 6.625s)
generated_audios/generated_H2_256C_int8/1089-134686-0003_generated.wav | RTF: 0.0583(0.156s / 2.680s) | Generator RTF: 0.0570(0.153s / 2.680s)
generated_audios/generated_H2_256C_int8/1089-134686-0004_generated.wav | RTF: 0.0583(0.304s / 5.215s) | Generator RTF: 0.0576(0.301s / 5.215s)
generated_audios/generated_H2_256C_int8/1089-134686-0005_generated.wav | RTF: 0.0594(0.573s / 9.635s) | Generator RTF: 0.0590(0.569s / 9.635s)
generated_audios/generated_H2_256C_int8/1089-134686-0006_generated.wav | RTF: 0.0591(0.623s / 10.555s) | Generator RTF: 0.0586(0.618s / 10.555s)
generated_audios/generated_H2_256C_int8/1089-134686-0007_generated.wav | RTF: 0.0575(0.246s / 4.275s) | Generator RTF: 0.0567(0.242s / 4.275s)
generated_audios/generated_H2_256C_int8/1089-134686-0008_generated.wav | RTF: 0.0578(0.389s / 6.730s) | Generator RTF: 0.0572(0.385s / 6.730s)
generated_audios/generated_H2_256C_int8/1089-134686-0009_generated.wav | RTF: 0.0597(0.632s / 10.575s) | Generator RTF: 0.0593(0.627s / 10.575s)
generated_audios/generated_H2_256C_int8/1089-134686-0010_generated.wav | RTF: 0.0562(0.247s / 4.405s) | Generator RTF: 0.0555(0.244s / 4.405s)
generated_audios/generated_H2_256C_int8/1089-134686-0011_generated.wav | RTF: 0.0645(0.802s / 12.445s) | Generator RTF: 0.0641(0.798s / 12.445s)
generated_audios/generated_H2_256C_int8/1089-134686-0012_generated.wav | RTF: 0.0608(0.708s / 11.640s) | Generator RTF: 0.0604(0.703s / 11.640s)
generated_audios/generated_H2_256C_int8/1089-134686-0013_generated.wav | RTF: 0.0593(0.469s / 7.915s) | Generator RTF: 0.0588(0.465s / 7.915s)
generated_audios/generated_H2_256C_int8/1089-134686-0014_generated.wav | RTF: 0.0590(0.131s / 2.225s) | Generator RTF: 0.0577(0.128s / 2.225s)
generated_audios/generated_H2_256C_int8/1089-134686-0015_generated.wav | RTF: 0.0572(0.333s / 5.815s) | Generator RTF: 0.0566(0.329s / 5.815s)
generated_audios/generated_H2_256C_int8/1089-134686-0016_generated.wav | RTF: 0.0579(0.205s / 3.540s) | Generator RTF: 0.0570(0.202s / 3.540s)
generated_audios/generated_H2_256C_int8/1089-134686-0017_generated.wav | RTF: 0.0582(0.516s / 8.870s) | Generator RTF: 0.0577(0.512s / 8.870s)
generated_audios/generated_H2_256C_int8/1089-134686-0018_generated.wav | RTF: 0.0692(1.088s / 15.720s) | Generator RTF: 0.0689(1.084s / 15.720s)
generated_audios/generated_H2_256C_int8/1089-134686-0019_generated.wav | RTF: 0.0666(0.925s / 13.895s) | Generator RTF: 0.0662(0.920s / 13.895s)
generated_audios/generated_H2_256C_int8/1089-134686-0020_generated.wav | RTF: 0.0744(1.250s / 16.790s) | Generator RTF: 0.0741(1.244s / 16.790s)
generated_audios/generated_H2_256C_int8/1089-134686-0021_generated.wav | RTF: 0.0582(0.381s / 6.550s) | Generator RTF: 0.0576(0.377s / 6.550s)
generated_audios/generated_H2_256C_int8/1089-134686-0022_generated.wav | RTF: 0.0638(0.713s / 11.175s) | Generator RTF: 0.0634(0.709s / 11.175s)
generated_audios/generated_H2_256C_int8/1089-134686-0023_generated.wav | RTF: 0.0662(0.879s / 13.275s) | Generator RTF: 0.0659(0.875s / 13.275s)
generated_audios/generated_H2_256C_int8/1089-134686-0024_generated.wav | RTF: 0.0648(0.755s / 11.655s) | Generator RTF: 0.0644(0.751s / 11.655s)
generated_audios/generated_H2_256C_int8/1089-134686-0025_generated.wav | RTF: 0.0591(0.391s / 6.610s) | Generator RTF: 0.0585(0.387s / 6.610s)
generated_audios/generated_H2_256C_int8/1089-134686-0026_generated.wav | RTF: 0.0558(0.224s / 4.010s) | Generator RTF: 0.0550(0.221s / 4.010s)
generated_audios/generated_H2_256C_int8/1089-134686-0027_generated.wav | RTF: 0.0566(0.153s / 2.710s) | Generator RTF: 0.0554(0.150s / 2.710s)
generated_audios/generated_H2_256C_int8/1089-134686-0028_generated.wav | RTF: 0.0584(0.457s / 7.830s) | Generator RTF: 0.0580(0.454s / 7.830s)
generated_audios/generated_H2_256C_int8/1089-134686-0029_generated.wav | RTF: 0.0563(0.263s / 4.670s) | Generator RTF: 0.0556(0.260s / 4.670s)
generated_audios/generated_H2_256C_int8/1089-134686-0030_generated.wav | RTF: 0.0516(0.140s / 2.715s) | Generator RTF: 0.0505(0.137s / 2.715s)
generated_audios/generated_H2_256C_int8/1089-134686-0031_generated.wav | RTF: 0.0532(0.352s / 6.615s) | Generator RTF: 0.0527(0.349s / 6.615s)
generated_audios/generated_H2_256C_int8/121-121726-0000_generated.wav | RTF: 0.0592(0.501s / 8.460s) | Generator RTF: 0.0588(0.497s / 8.460s)
generated_audios/generated_H2_256C_int8/121-121726-0001_generated.wav | RTF: 0.0575(0.340s / 5.925s) | Generator RTF: 0.0569(0.337s / 5.925s)
generated_audios/generated_H2_256C_int8/121-121726-0002_generated.wav | RTF: 0.0509(0.224s / 4.410s) | Generator RTF: 0.0501(0.221s / 4.410s)
generated_audios/generated_H2_256C_int8/121-121726-0003_generated.wav | RTF: 0.0570(0.385s / 6.755s) | Generator RTF: 0.0564(0.381s / 6.755s)
generated_audios/generated_H2_256C_int8/121-121726-0004_generated.wav | RTF: 0.0558(0.224s / 4.020s) | Generator RTF: 0.0550(0.221s / 4.020s)
generated_audios/generated_H2_256C_int8/121-121726-0005_generated.wav | RTF: 0.0569(0.176s / 3.100s) | Generator RTF: 0.0559(0.173s / 3.100s)
generated_audios/generated_H2_256C_int8/121-121726-0006_generated.wav | RTF: 0.0557(0.217s / 3.895s) | Generator RTF: 0.0548(0.214s / 3.895s)
generated_audios/generated_H2_256C_int8/121-121726-0007_generated.wav | RTF: 0.0571(0.384s / 6.730s) | Generator RTF: 0.0565(0.380s / 6.730s)
generated_audios/generated_H2_256C_int8/121-121726-0008_generated.wav | RTF: 0.0556(0.278s / 4.990s) | Generator RTF: 0.0550(0.274s / 4.990s)
generated_audios/generated_H2_256C_int8/121-121726-0009_generated.wav | RTF: 0.0577(0.419s / 7.260s) | Generator RTF: 0.0571(0.415s / 7.260s)
generated_audios/generated_H2_256C_int8/121-121726-0010_generated.wav | RTF: 0.0644(0.632s / 9.810s) | Generator RTF: 0.0640(0.628s / 9.810s)
generated_audios/generated_H2_256C_int8/121-121726-0011_generated.wav | RTF: 0.0563(0.227s / 4.035s) | Generator RTF: 0.0555(0.224s / 4.035s)
generated_audios/generated_H2_256C_int8/121-121726-0012_generated.wav | RTF: 0.0561(0.227s / 4.045s) | Generator RTF: 0.0553(0.224s / 4.045s)
generated_audios/generated_H2_256C_int8/121-121726-0013_generated.wav | RTF: 0.0590(0.147s / 2.490s) | Generator RTF: 0.0577(0.144s / 2.490s)
generated_audios/generated_H2_256C_int8/121-121726-0014_generated.wav | RTF: 0.0568(0.180s / 3.165s) | Generator RTF: 0.0558(0.176s / 3.165s)
generated_audios/generated_H2_256C_int8/121-123852-0000_generated.wav | RTF: 0.0677(1.198s / 17.695s) | Generator RTF: 0.0674(1.193s / 17.695s)
generated_audios/generated_H2_256C_int8/121-123852-0001_generated.wav | RTF: 0.0597(0.112s / 1.870s) | Generator RTF: 0.0580(0.108s / 1.870s)
generated_audios/generated_H2_256C_int8/121-123852-0002_generated.wav | RTF: 0.0759(1.312s / 17.285s) | Generator RTF: 0.0756(1.307s / 17.285s)
generated_audios/generated_H2_256C_int8/121-123852-0003_generated.wav | RTF: 0.2966(6.972s / 23.505s) | Generator RTF: 0.2963(6.966s / 23.505s)
generated_audios/generated_H2_256C_int8/121-123852-0004_generated.wav | RTF: 0.2765(4.505s / 16.290s) | Generator RTF: 0.2763(4.500s / 16.290s)
generated_audios/generated_H2_256C_int8/121-123859-0000_generated.wav | RTF: 0.2795(4.861s / 17.390s) | Generator RTF: 0.2792(4.856s / 17.390s)
generated_audios/generated_H2_256C_int8/121-123859-0001_generated.wav | RTF: 0.3098(7.868s / 25.395s) | Generator RTF: 0.3096(7.862s / 25.395s)
generated_audios/generated_H2_256C_int8/121-123859-0002_generated.wav | RTF: 0.3096(9.299s / 30.040s) | Generator RTF: 0.3093(9.292s / 30.040s)
generated_audios/generated_H2_256C_int8/121-123859-0003_generated.wav | RTF: 0.2570(2.782s / 10.825s) | Generator RTF: 0.2566(2.778s / 10.825s)
generated_audios/generated_H2_256C_int8/121-123859-0004_generated.wav | RTF: 0.2579(2.451s / 9.505s) | Generator RTF: 0.2575(2.448s / 9.505s)
generated_audios/generated_H2_256C_int8/121-127105-0000_generated.wav | RTF: 0.2637(2.604s / 9.875s) | Generator RTF: 0.2633(2.600s / 9.875s)
generated_audios/generated_H2_256C_int8/121-127105-0001_generated.wav | RTF: 0.2483(1.248s / 5.025s) | Generator RTF: 0.2477(1.244s / 5.025s)
generated_audios/generated_H2_256C_int8/121-127105-0002_generated.wav | RTF: 0.2551(1.912s / 7.495s) | Generator RTF: 0.2546(1.908s / 7.495s)
generated_audios/generated_H2_256C_int8/121-127105-0003_generated.wav | RTF: 0.2543(1.964s / 7.725s) | Generator RTF: 0.2537(1.960s / 7.725s)
generated_audios/generated_H2_256C_int8/121-127105-0004_generated.wav | RTF: 0.2565(0.541s / 2.110s) | Generator RTF: 0.2550(0.538s / 2.110s)
generated_audios/generated_H2_256C_int8/121-127105-0005_generated.wav | RTF: 0.2457(1.430s / 5.820s) | Generator RTF: 0.2451(1.427s / 5.820s)
generated_audios/generated_H2_256C_int8/121-127105-0006_generated.wav | RTF: 0.2479(1.171s / 4.725s) | Generator RTF: 0.2471(1.168s / 4.725s)
generated_audios/generated_H2_256C_int8/121-127105-0007_generated.wav | RTF: 0.2459(1.424s / 5.790s) | Generator RTF: 0.2453(1.420s / 5.790s)
generated_audios/generated_H2_256C_int8/121-127105-0008_generated.wav | RTF: 0.2418(0.667s / 2.760s) | Generator RTF: 0.2407(0.664s / 2.760s)
generated_audios/generated_H2_256C_int8/121-127105-0009_generated.wav | RTF: 0.2474(0.567s / 2.290s) | Generator RTF: 0.2460(0.563s / 2.290s)
generated_audios/generated_H2_256C_int8/121-127105-0010_generated.wav | RTF: 0.2475(0.705s / 2.850s) | Generator RTF: 0.2464(0.702s / 2.850s)
generated_audios/generated_H2_256C_int8/121-127105-0011_generated.wav | RTF: 0.2480(1.433s / 5.780s) | Generator RTF: 0.2474(1.430s / 5.780s)
generated_audios/generated_H2_256C_int8/121-127105-0012_generated.wav | RTF: 0.2532(1.223s / 4.830s) | Generator RTF: 0.2525(1.220s / 4.830s)
generated_audios/generated_H2_256C_int8/121-127105-0013_generated.wav | RTF: 0.2463(1.452s / 5.895s) | Generator RTF: 0.2457(1.448s / 5.895s)
generated_audios/generated_H2_256C_int8/121-127105-0014_generated.wav | RTF: 0.2490(0.562s / 2.255s) | Generator RTF: 0.2476(0.558s / 2.255s)
generated_audios/generated_H2_256C_int8/121-127105-0015_generated.wav | RTF: 0.2459(0.728s / 2.960s) | Generator RTF: 0.2448(0.725s / 2.960s)
generated_audios/generated_H2_256C_int8/121-127105-0016_generated.wav | RTF: 0.2411(0.489s / 2.030s) | Generator RTF: 0.2396(0.486s / 2.030s)
generated_audios/generated_H2_256C_int8/121-127105-0017_generated.wav | RTF: 0.2506(0.675s / 2.695s) | Generator RTF: 0.2495(0.672s / 2.695s)
generated_audios/generated_H2_256C_int8/121-127105-0018_generated.wav | RTF: 0.2503(0.693s / 2.770s) | Generator RTF: 0.2492(0.690s / 2.770s)
generated_audios/generated_H2_256C_int8/121-127105-0019_generated.wav | RTF: 0.2420(0.853s / 3.525s) | Generator RTF: 0.2411(0.850s / 3.525s)
generated_audios/generated_H2_256C_int8/121-127105-0020_generated.wav | RTF: 0.2815(4.042s / 14.355s) | Generator RTF: 0.2812(4.037s / 14.355s)
generated_audios/generated_H2_256C_int8/121-127105-0021_generated.wav | RTF: 0.2578(0.516s / 2.000s) | Generator RTF: 0.2562(0.512s / 2.000s)
generated_audios/generated_H2_256C_int8/121-127105-0022_generated.wav | RTF: 0.2472(1.254s / 5.075s) | Generator RTF: 0.2465(1.251s / 5.075s)
generated_audios/generated_H2_256C_int8/121-127105-0023_generated.wav | RTF: 0.2561(2.794s / 10.910s) | Generator RTF: 0.2557(2.790s / 10.910s)
generated_audios/generated_H2_256C_int8/121-127105-0024_generated.wav | RTF: 0.2824(4.081s / 14.450s) | Generator RTF: 0.2821(4.076s / 14.450s)
generated_audios/generated_H2_256C_int8/121-127105-0025_generated.wav | RTF: 0.2863(4.599s / 16.065s) | Generator RTF: 0.2860(4.594s / 16.065s)
generated_audios/generated_H2_256C_int8/121-127105-0026_generated.wav | RTF: 0.2487(1.873s / 7.530s) | Generator RTF: 0.2482(1.869s / 7.530s)
generated_audios/generated_H2_256C_int8/121-127105-0027_generated.wav | RTF: 0.2813(3.902s / 13.870s) | Generator RTF: 0.2810(3.898s / 13.870s)
generated_audios/generated_H2_256C_int8/121-127105-0028_generated.wav | RTF: 0.0597(0.403s / 6.750s) | Generator RTF: 0.0592(0.400s / 6.750s)
generated_audios/generated_H2_256C_int8/121-127105-0029_generated.wav | RTF: 0.2503(1.830s / 7.310s) | Generator RTF: 0.2498(1.826s / 7.310s)
generated_audios/generated_H2_256C_int8/121-127105-0030_generated.wav | RTF: 0.2539(0.552s / 2.175s) | Generator RTF: 0.2525(0.549s / 2.175s)
generated_audios/generated_H2_256C_int8/121-127105-0031_generated.wav | RTF: 0.2540(2.734s / 10.765s) | Generator RTF: 0.2536(2.730s / 10.765s)
generated_audios/generated_H2_256C_int8/121-127105-0032_generated.wav | RTF: 0.2425(0.769s / 3.170s) | Generator RTF: 0.2415(0.766s / 3.170s)
generated_audios/generated_H2_256C_int8/121-127105-0033_generated.wav | RTF: 0.2553(0.601s / 2.355s) | Generator RTF: 0.2541(0.598s / 2.355s)
generated_audios/generated_H2_256C_int8/121-127105-0034_generated.wav | RTF: 0.2579(1.911s / 7.410s) | Generator RTF: 0.2574(1.908s / 7.410s)
generated_audios/generated_H2_256C_int8/121-127105-0035_generated.wav | RTF: 0.2774(3.926s / 14.150s) | Generator RTF: 0.2771(3.921s / 14.150s)
generated_audios/generated_H2_256C_int8/121-127105-0036_generated.wav | RTF: 0.2421(1.005s / 4.150s) | Generator RTF: 0.2413(1.001s / 4.150s)
generated_audios/generated_H2_256C_int8/237-126133-0000_generated.wav | RTF: 0.2853(3.791s / 13.290s) | Generator RTF: 0.2850(3.787s / 13.290s)
generated_audios/generated_H2_256C_int8/237-126133-0001_generated.wav | RTF: 0.2808(3.360s / 11.965s) | Generator RTF: 0.2805(3.356s / 11.965s)
generated_audios/generated_H2_256C_int8/237-126133-0002_generated.wav | RTF: 0.2780(2.480s / 8.920s) | Generator RTF: 0.2776(2.476s / 8.920s)
generated_audios/generated_H2_256C_int8/237-126133-0003_generated.wav | RTF: 0.2493(1.636s / 6.560s) | Generator RTF: 0.2488(1.632s / 6.560s)
generated_audios/generated_H2_256C_int8/237-126133-0004_generated.wav | RTF: 0.2506(0.826s / 3.295s) | Generator RTF: 0.2496(0.823s / 3.295s)
generated_audios/generated_H2_256C_int8/237-126133-0005_generated.wav | RTF: 0.2553(1.662s / 6.510s) | Generator RTF: 0.2548(1.659s / 6.510s)
generated_audios/generated_H2_256C_int8/237-126133-0006_generated.wav | RTF: 0.2506(1.541s / 6.150s) | Generator RTF: 0.2500(1.538s / 6.150s)
generated_audios/generated_H2_256C_int8/237-126133-0007_generated.wav | RTF: 0.2606(2.262s / 8.680s) | Generator RTF: 0.2601(2.258s / 8.680s)
generated_audios/generated_H2_256C_int8/237-126133-0008_generated.wav | RTF: 0.2509(0.970s / 3.865s) | Generator RTF: 0.2500(0.966s / 3.865s)
generated_audios/generated_H2_256C_int8/237-126133-0009_generated.wav | RTF: 0.2489(0.988s / 3.970s) | Generator RTF: 0.2481(0.985s / 3.970s)
generated_audios/generated_H2_256C_int8/237-126133-0010_generated.wav | RTF: 0.2476(1.545s / 6.240s) | Generator RTF: 0.2470(1.542s / 6.240s)
generated_audios/generated_H2_256C_int8/237-126133-0011_generated.wav | RTF: 0.2522(1.692s / 6.710s) | Generator RTF: 0.2516(1.688s / 6.710s)
generated_audios/generated_H2_256C_int8/237-126133-0012_generated.wav | RTF: 0.2515(1.119s / 4.450s) | Generator RTF: 0.2508(1.116s / 4.450s)
generated_audios/generated_H2_256C_int8/237-126133-0013_generated.wav | RTF: 0.2509(1.710s / 6.815s) | Generator RTF: 0.2504(1.707s / 6.815s)
generated_audios/generated_H2_256C_int8/237-126133-0014_generated.wav | RTF: 0.2509(1.704s / 6.790s) | Generator RTF: 0.2504(1.700s / 6.790s)
generated_audios/generated_H2_256C_int8/237-126133-0015_generated.wav | RTF: 0.2559(2.391s / 9.340s) | Generator RTF: 0.2555(2.387s / 9.340s)
generated_audios/generated_H2_256C_int8/237-126133-0016_generated.wav | RTF: 0.2456(1.044s / 4.250s) | Generator RTF: 0.2448(1.040s / 4.250s)
generated_audios/generated_H2_256C_int8/237-126133-0017_generated.wav | RTF: 0.2490(1.546s / 6.210s) | Generator RTF: 0.2483(1.542s / 6.210s)
generated_audios/generated_H2_256C_int8/237-126133-0018_generated.wav | RTF: 0.2539(1.040s / 4.095s) | Generator RTF: 0.2531(1.036s / 4.095s)
generated_audios/generated_H2_256C_int8/237-126133-0019_generated.wav | RTF: 0.2523(1.796s / 7.120s) | Generator RTF: 0.2517(1.792s / 7.120s)
generated_audios/generated_H2_256C_int8/237-126133-0020_generated.wav | RTF: 0.2524(0.565s / 2.240s) | Generator RTF: 0.2510(0.562s / 2.240s)
generated_audios/generated_H2_256C_int8/237-126133-0021_generated.wav | RTF: 0.2426(1.059s / 4.365s) | Generator RTF: 0.2418(1.056s / 4.365s)
generated_audios/generated_H2_256C_int8/237-126133-0022_generated.wav | RTF: 0.2500(1.260s / 5.040s) | Generator RTF: 0.2493(1.257s / 5.040s)
generated_audios/generated_H2_256C_int8/237-126133-0023_generated.wav | RTF: 0.2505(1.672s / 6.675s) | Generator RTF: 0.2499(1.668s / 6.675s)
generated_audios/generated_H2_256C_int8/237-126133-0024_generated.wav | RTF: 0.2628(2.540s / 9.665s) | Generator RTF: 0.2624(2.536s / 9.665s)
generated_audios/generated_H2_256C_int8/237-126133-0025_generated.wav | RTF: 0.2527(0.949s / 3.755s) | Generator RTF: 0.2520(0.946s / 3.755s)
generated_audios/generated_H2_256C_int8/237-134493-0000_generated.wav | RTF: 0.2494(1.024s / 4.105s) | Generator RTF: 0.2485(1.020s / 4.105s)
generated_audios/generated_H2_256C_int8/237-134493-0001_generated.wav | RTF: 0.2553(1.884s / 7.380s) | Generator RTF: 0.2548(1.881s / 7.380s)
generated_audios/generated_H2_256C_int8/237-134493-0002_generated.wav | RTF: 0.2573(2.932s / 11.395s) | Generator RTF: 0.2569(2.928s / 11.395s)
generated_audios/generated_H2_256C_int8/237-134493-0003_generated.wav | RTF: 0.2885(3.683s / 12.765s) | Generator RTF: 0.2882(3.679s / 12.765s)
generated_audios/generated_H2_256C_int8/237-134493-0004_generated.wav | RTF: 0.2512(1.714s / 6.825s) | Generator RTF: 0.2507(1.711s / 6.825s)
generated_audios/generated_H2_256C_int8/237-134493-0005_generated.wav | RTF: 0.2577(2.820s / 10.945s) | Generator RTF: 0.2574(2.817s / 10.945s)
generated_audios/generated_H2_256C_int8/237-134493-0006_generated.wav | RTF: 0.2458(1.080s / 4.395s) | Generator RTF: 0.2451(1.077s / 4.395s)
generated_audios/generated_H2_256C_int8/237-134493-0007_generated.wav | RTF: 0.2604(0.530s / 2.035s) | Generator RTF: 0.2590(0.527s / 2.035s)
generated_audios/generated_H2_256C_int8/237-134493-0008_generated.wav | RTF: 0.2463(0.568s / 2.305s) | Generator RTF: 0.2450(0.565s / 2.305s)
generated_audios/generated_H2_256C_int8/237-134493-0009_generated.wav | RTF: 0.2842(0.845s / 2.975s) | Generator RTF: 0.2831(0.842s / 2.975s)
generated_audios/generated_H2_256C_int8/237-134493-0010_generated.wav | RTF: 0.2480(0.713s / 2.875s) | Generator RTF: 0.2469(0.710s / 2.875s)
generated_audios/generated_H2_256C_int8/237-134493-0011_generated.wav | RTF: 0.2515(1.267s / 5.035s) | Generator RTF: 0.2508(1.263s / 5.035s)
generated_audios/generated_H2_256C_int8/237-134493-0012_generated.wav | RTF: 0.2443(0.894s / 3.660s) | Generator RTF: 0.2434(0.891s / 3.660s)
generated_audios/generated_H2_256C_int8/237-134493-0013_generated.wav | RTF: 0.0553(0.226s / 4.090s) | Generator RTF: 0.0546(0.223s / 4.090s)
generated_audios/generated_H2_256C_int8/237-134493-0014_generated.wav | RTF: 0.2478(0.917s / 3.700s) | Generator RTF: 0.2469(0.914s / 3.700s)
generated_audios/generated_H2_256C_int8/237-134493-0015_generated.wav | RTF: 0.0589(0.386s / 6.550s) | Generator RTF: 0.0584(0.382s / 6.550s)
generated_audios/generated_H2_256C_int8/237-134493-0016_generated.wav | RTF: 0.2614(2.636s / 10.085s) | Generator RTF: 0.2610(2.632s / 10.085s)
generated_audios/generated_H2_256C_int8/237-134493-0017_generated.wav | RTF: 0.2605(2.372s / 9.105s) | Generator RTF: 0.2600(2.368s / 9.105s)
generated_audios/generated_H2_256C_int8/237-134493-0018_generated.wav | RTF: 0.2479(1.188s / 4.790s) | Generator RTF: 0.2472(1.184s / 4.790s)
generated_audios/generated_H2_256C_int8/237-134500-0000_generated.wav | RTF: 0.2519(1.544s / 6.130s) | Generator RTF: 0.2513(1.540s / 6.130s)
generated_audios/generated_H2_256C_int8/237-134500-0001_generated.wav | RTF: 0.2546(0.461s / 1.810s) | Generator RTF: 0.2529(0.458s / 1.810s)
generated_audios/generated_H2_256C_int8/237-134500-0002_generated.wav | RTF: 0.2507(1.271s / 5.070s) | Generator RTF: 0.2501(1.268s / 5.070s)
generated_audios/generated_H2_256C_int8/237-134500-0003_generated.wav | RTF: 0.0591(0.187s / 3.170s) | Generator RTF: 0.0581(0.184s / 3.170s)
generated_audios/generated_H2_256C_int8/237-134500-0004_generated.wav | RTF: 0.0594(0.132s / 2.225s) | Generator RTF: 0.0585(0.130s / 2.225s)
generated_audios/generated_H2_256C_int8/237-134500-0005_generated.wav | RTF: 0.2530(0.605s / 2.390s) | Generator RTF: 0.2516(0.601s / 2.390s)
generated_audios/generated_H2_256C_int8/237-134500-0006_generated.wav | RTF: 0.2460(1.039s / 4.225s) | Generator RTF: 0.2452(1.036s / 4.225s)
generated_audios/generated_H2_256C_int8/237-134500-0007_generated.wav | RTF: 0.0520(0.124s / 2.390s) | Generator RTF: 0.0507(0.121s / 2.390s)
generated_audios/generated_H2_256C_int8/237-134500-0008_generated.wav | RTF: 0.0556(0.209s / 3.760s) | Generator RTF: 0.0547(0.206s / 3.760s)
generated_audios/generated_H2_256C_int8/237-134500-0009_generated.wav | RTF: 0.0526(0.117s / 2.220s) | Generator RTF: 0.0511(0.113s / 2.220s)
generated_audios/generated_H2_256C_int8/237-134500-0010_generated.wav | RTF: 0.2504(1.000s / 3.995s) | Generator RTF: 0.2495(0.997s / 3.995s)
generated_audios/generated_H2_256C_int8/237-134500-0011_generated.wav | RTF: 0.2469(0.827s / 3.350s) | Generator RTF: 0.2461(0.824s / 3.350s)
generated_audios/generated_H2_256C_int8/237-134500-0012_generated.wav | RTF: 0.2596(2.839s / 10.935s) | Generator RTF: 0.2593(2.835s / 10.935s)
generated_audios/generated_H2_256C_int8/237-134500-0013_generated.wav | RTF: 0.0605(0.639s / 10.560s) | Generator RTF: 0.0601(0.635s / 10.560s)
generated_audios/generated_H2_256C_int8/237-134500-0014_generated.wav | RTF: 0.0576(0.245s / 4.250s) | Generator RTF: 0.0568(0.241s / 4.250s)
generated_audios/generated_H2_256C_int8/237-134500-0015_generated.wav | RTF: 0.2627(2.841s / 10.815s) | Generator RTF: 0.2613(2.825s / 10.815s)
generated_audios/generated_H2_256C_int8/237-134500-0016_generated.wav | RTF: 0.0578(0.183s / 3.160s) | Generator RTF: 0.0568(0.180s / 3.160s)
generated_audios/generated_H2_256C_int8/237-134500-0017_generated.wav | RTF: 0.0594(0.129s / 2.180s) | Generator RTF: 0.0578(0.126s / 2.180s)
generated_audios/generated_H2_256C_int8/237-134500-0018_generated.wav | RTF: 0.2873(3.690s / 12.845s) | Generator RTF: 0.2869(3.686s / 12.845s)
generated_audios/generated_H2_256C_int8/237-134500-0019_generated.wav | RTF: 0.2468(0.706s / 2.860s) | Generator RTF: 0.2458(0.703s / 2.860s)
generated_audios/generated_H2_256C_int8/237-134500-0020_generated.wav | RTF: 0.0535(0.117s / 2.180s) | Generator RTF: 0.0522(0.114s / 2.180s)
generated_audios/generated_H2_256C_int8/237-134500-0021_generated.wav | RTF: 0.2483(1.272s / 5.120s) | Generator RTF: 0.2477(1.268s / 5.120s)
generated_audios/generated_H2_256C_int8/237-134500-0022_generated.wav | RTF: 0.2456(1.269s / 5.165s) | Generator RTF: 0.2450(1.265s / 5.165s)
generated_audios/generated_H2_256C_int8/237-134500-0023_generated.wav | RTF: 0.2530(0.774s / 3.060s) | Generator RTF: 0.2520(0.771s / 3.060s)
generated_audios/generated_H2_256C_int8/237-134500-0024_generated.wav | RTF: 0.0579(0.255s / 4.410s) | Generator RTF: 0.0571(0.252s / 4.410s)
generated_audios/generated_H2_256C_int8/237-134500-0025_generated.wav | RTF: 0.2566(0.418s / 1.630s) | Generator RTF: 0.2549(0.415s / 1.630s)
generated_audios/generated_H2_256C_int8/237-134500-0026_generated.wav | RTF: 0.2528(0.771s / 3.050s) | Generator RTF: 0.2517(0.768s / 3.050s)
generated_audios/generated_H2_256C_int8/237-134500-0027_generated.wav | RTF: 0.2526(0.826s / 3.270s) | Generator RTF: 0.2515(0.822s / 3.270s)
generated_audios/generated_H2_256C_int8/237-134500-0028_generated.wav | RTF: 0.2533(1.146s / 4.525s) | Generator RTF: 0.2526(1.143s / 4.525s)
generated_audios/generated_H2_256C_int8/237-134500-0029_generated.wav | RTF: 0.2491(0.515s / 2.065s) | Generator RTF: 0.2476(0.511s / 2.065s)
generated_audios/generated_H2_256C_int8/237-134500-0030_generated.wav | RTF: 0.2503(0.696s / 2.780s) | Generator RTF: 0.2492(0.693s / 2.780s)
generated_audios/generated_H2_256C_int8/237-134500-0031_generated.wav | RTF: 0.2656(2.818s / 10.610s) | Generator RTF: 0.2652(2.814s / 10.610s)
generated_audios/generated_H2_256C_int8/237-134500-0032_generated.wav | RTF: 0.0586(0.294s / 5.025s) | Generator RTF: 0.0579(0.291s / 5.025s)
generated_audios/generated_H2_256C_int8/237-134500-0033_generated.wav | RTF: 0.2510(1.594s / 6.350s) | Generator RTF: 0.2504(1.590s / 6.350s)
generated_audios/generated_H2_256C_int8/237-134500-0034_generated.wav | RTF: 0.2535(0.780s / 3.075s) | Generator RTF: 0.2524(0.776s / 3.075s)
generated_audios/generated_H2_256C_int8/237-134500-0035_generated.wav | RTF: 0.2602(0.665s / 2.555s) | Generator RTF: 0.2590(0.662s / 2.555s)
generated_audios/generated_H2_256C_int8/237-134500-0036_generated.wav | RTF: 0.2574(1.699s / 6.600s) | Generator RTF: 0.2569(1.696s / 6.600s)
generated_audios/generated_H2_256C_int8/237-134500-0037_generated.wav | RTF: 0.2596(1.844s / 7.105s) | Generator RTF: 0.2590(1.840s / 7.105s)
generated_audios/generated_H2_256C_int8/237-134500-0038_generated.wav | RTF: 0.2552(0.621s / 2.435s) | Generator RTF: 0.2540(0.619s / 2.435s)
generated_audios/generated_H2_256C_int8/237-134500-0039_generated.wav | RTF: 0.2588(1.198s / 4.630s) | Generator RTF: 0.2581(1.195s / 4.630s)
generated_audios/generated_H2_256C_int8/237-134500-0040_generated.wav | RTF: 0.0575(0.232s / 4.030s) | Generator RTF: 0.0567(0.229s / 4.030s)
generated_audios/generated_H2_256C_int8/237-134500-0041_generated.wav | RTF: 0.0781(0.697s / 8.920s) | Generator RTF: 0.0777(0.693s / 8.920s)
generated_audios/generated_H2_256C_int8/237-134500-0042_generated.wav | RTF: 0.2531(0.652s / 2.575s) | Generator RTF: 0.2518(0.649s / 2.575s)
generated_audios/generated_H2_256C_int8/260-123286-0000_generated.wav | RTF: 0.2598(1.829s / 7.040s) | Generator RTF: 0.2592(1.825s / 7.040s)
generated_audios/generated_H2_256C_int8/260-123286-0001_generated.wav | RTF: 0.0562(0.173s / 3.070s) | Generator RTF: 0.0551(0.169s / 3.070s)
generated_audios/generated_H2_256C_int8/260-123286-0002_generated.wav | RTF: 0.2604(2.600s / 9.985s) | Generator RTF: 0.2599(2.596s / 9.985s)
generated_audios/generated_H2_256C_int8/260-123286-0003_generated.wav | RTF: 0.2553(1.881s / 7.370s) | Generator RTF: 0.2548(1.878s / 7.370s)
generated_audios/generated_H2_256C_int8/260-123286-0004_generated.wav | RTF: 0.2559(0.887s / 3.465s) | Generator RTF: 0.2550(0.884s / 3.465s)
generated_audios/generated_H2_256C_int8/260-123286-0005_generated.wav | RTF: 0.2494(1.200s / 4.810s) | Generator RTF: 0.2487(1.196s / 4.810s)
generated_audios/generated_H2_256C_int8/260-123286-0006_generated.wav | RTF: 0.2628(1.946s / 7.405s) | Generator RTF: 0.2624(1.943s / 7.405s)
generated_audios/generated_H2_256C_int8/260-123286-0007_generated.wav | RTF: 0.2513(1.144s / 4.550s) | Generator RTF: 0.2506(1.140s / 4.550s)
generated_audios/generated_H2_256C_int8/260-123286-0008_generated.wav | RTF: 0.2488(0.929s / 3.735s) | Generator RTF: 0.2479(0.926s / 3.735s)
generated_audios/generated_H2_256C_int8/260-123286-0009_generated.wav | RTF: 0.2519(1.460s / 5.795s) | Generator RTF: 0.2512(1.456s / 5.795s)
generated_audios/generated_H2_256C_int8/260-123286-0010_generated.wav | RTF: 0.0521(0.134s / 2.575s) | Generator RTF: 0.0509(0.131s / 2.575s)
generated_audios/generated_H2_256C_int8/260-123286-0011_generated.wav | RTF: 0.0574(0.244s / 4.255s) | Generator RTF: 0.0565(0.240s / 4.255s)
generated_audios/generated_H2_256C_int8/260-123286-0012_generated.wav | RTF: 0.0531(0.129s / 2.430s) | Generator RTF: 0.0518(0.126s / 2.430s)
generated_audios/generated_H2_256C_int8/260-123286-0013_generated.wav | RTF: 0.2548(1.205s / 4.730s) | Generator RTF: 0.2542(1.202s / 4.730s)
generated_audios/generated_H2_256C_int8/260-123286-0014_generated.wav | RTF: 0.0819(0.244s / 2.980s) | Generator RTF: 0.0808(0.241s / 2.980s)
generated_audios/generated_H2_256C_int8/260-123286-0015_generated.wav | RTF: 0.2583(1.346s / 5.210s) | Generator RTF: 0.2577(1.343s / 5.210s)
generated_audios/generated_H2_256C_int8/260-123286-0016_generated.wav | RTF: 0.2601(1.821s / 7.000s) | Generator RTF: 0.2595(1.817s / 7.000s)
generated_audios/generated_H2_256C_int8/260-123286-0017_generated.wav | RTF: 0.2510(0.998s / 3.975s) | Generator RTF: 0.2501(0.994s / 3.975s)
generated_audios/generated_H2_256C_int8/260-123286-0018_generated.wav | RTF: 0.2547(1.444s / 5.670s) | Generator RTF: 0.2541(1.441s / 5.670s)
generated_audios/generated_H2_256C_int8/260-123286-0019_generated.wav | RTF: 0.2909(3.463s / 11.905s) | Generator RTF: 0.2905(3.458s / 11.905s)
generated_audios/generated_H2_256C_int8/260-123286-0020_generated.wav | RTF: 0.0564(0.172s / 3.060s) | Generator RTF: 0.0553(0.169s / 3.060s)
generated_audios/generated_H2_256C_int8/260-123286-0021_generated.wav | RTF: 0.2474(0.631s / 2.550s) | Generator RTF: 0.2462(0.628s / 2.550s)
generated_audios/generated_H2_256C_int8/260-123286-0022_generated.wav | RTF: 0.2568(0.831s / 3.235s) | Generator RTF: 0.2558(0.827s / 3.235s)
generated_audios/generated_H2_256C_int8/260-123286-0023_generated.wav | RTF: 0.2594(1.524s / 5.875s) | Generator RTF: 0.2588(1.520s / 5.875s)
generated_audios/generated_H2_256C_int8/260-123286-0024_generated.wav | RTF: 0.2493(0.758s / 3.040s) | Generator RTF: 0.2482(0.755s / 3.040s)
generated_audios/generated_H2_256C_int8/260-123286-0025_generated.wav | RTF: 0.2623(2.414s / 9.205s) | Generator RTF: 0.2618(2.410s / 9.205s)
generated_audios/generated_H2_256C_int8/260-123286-0026_generated.wav | RTF: 0.2549(1.769s / 6.940s) | Generator RTF: 0.2545(1.766s / 6.940s)
generated_audios/generated_H2_256C_int8/260-123286-0027_generated.wav | RTF: 0.2558(1.834s / 7.170s) | Generator RTF: 0.2553(1.830s / 7.170s)
generated_audios/generated_H2_256C_int8/260-123286-0028_generated.wav | RTF: 0.2577(1.924s / 7.465s) | Generator RTF: 0.2572(1.920s / 7.465s)
generated_audios/generated_H2_256C_int8/260-123286-0029_generated.wav | RTF: 0.0524(0.238s / 4.545s) | Generator RTF: 0.0516(0.235s / 4.545s)
generated_audios/generated_H2_256C_int8/260-123286-0030_generated.wav | RTF: 0.0595(0.448s / 7.530s) | Generator RTF: 0.0590(0.445s / 7.530s)
generated_audios/generated_H2_256C_int8/260-123286-0031_generated.wav | RTF: 0.2521(1.276s / 5.060s) | Generator RTF: 0.2515(1.273s / 5.060s)
generated_audios/generated_H2_256C_int8/260-123288-0000_generated.wav | RTF: 0.0525(0.159s / 3.040s) | Generator RTF: 0.0515(0.156s / 3.040s)
generated_audios/generated_H2_256C_int8/260-123288-0001_generated.wav | RTF: 0.0576(0.293s / 5.080s) | Generator RTF: 0.0569(0.289s / 5.080s)
generated_audios/generated_H2_256C_int8/260-123288-0002_generated.wav | RTF: 0.2693(1.952s / 7.250s) | Generator RTF: 0.2687(1.948s / 7.250s)
generated_audios/generated_H2_256C_int8/260-123288-0003_generated.wav | RTF: 0.2690(2.395s / 8.905s) | Generator RTF: 0.2685(2.391s / 8.905s)
generated_audios/generated_H2_256C_int8/260-123288-0004_generated.wav | RTF: 0.2635(1.136s / 4.310s) | Generator RTF: 0.2628(1.133s / 4.310s)
generated_audios/generated_H2_256C_int8/260-123288-0005_generated.wav | RTF: 0.2942(3.692s / 12.550s) | Generator RTF: 0.2938(3.688s / 12.550s)
generated_audios/generated_H2_256C_int8/260-123288-0006_generated.wav | RTF: 0.2623(1.280s / 4.880s) | Generator RTF: 0.2616(1.277s / 4.880s)
generated_audios/generated_H2_256C_int8/260-123288-0007_generated.wav | RTF: 0.2747(3.077s / 11.200s) | Generator RTF: 0.2744(3.073s / 11.200s)
generated_audios/generated_H2_256C_int8/260-123288-0008_generated.wav | RTF: 0.2672(1.474s / 5.515s) | Generator RTF: 0.2666(1.470s / 5.515s)
generated_audios/generated_H2_256C_int8/260-123288-0009_generated.wav | RTF: 0.2650(0.910s / 3.435s) | Generator RTF: 0.2641(0.907s / 3.435s)
generated_audios/generated_H2_256C_int8/260-123288-0010_generated.wav | RTF: 0.0652(0.652s / 9.995s) | Generator RTF: 0.0648(0.648s / 9.995s)
generated_audios/generated_H2_256C_int8/260-123288-0011_generated.wav | RTF: 0.2752(2.471s / 8.980s) | Generator RTF: 0.2747(2.467s / 8.980s)
generated_audios/generated_H2_256C_int8/260-123288-0012_generated.wav | RTF: 0.2676(0.949s / 3.545s) | Generator RTF: 0.2667(0.945s / 3.545s)
generated_audios/generated_H2_256C_int8/260-123288-0013_generated.wav | RTF: 0.2756(3.137s / 11.385s) | Generator RTF: 0.2752(3.133s / 11.385s)
generated_audios/generated_H2_256C_int8/260-123288-0014_generated.wav | RTF: 0.0617(0.111s / 1.805s) | Generator RTF: 0.0600(0.108s / 1.805s)
generated_audios/generated_H2_256C_int8/260-123288-0015_generated.wav | RTF: 0.2988(6.331s / 21.185s) | Generator RTF: 0.2986(6.325s / 21.185s)
generated_audios/generated_H2_256C_int8/260-123288-0016_generated.wav | RTF: 0.2680(1.304s / 4.865s) | Generator RTF: 0.2673(1.301s / 4.865s)
generated_audios/generated_H2_256C_int8/260-123288-0017_generated.wav | RTF: 0.2642(1.380s / 5.225s) | Generator RTF: 0.2630(1.374s / 5.225s)
generated_audios/generated_H2_256C_int8/260-123288-0018_generated.wav | RTF: 0.2615(0.849s / 3.245s) | Generator RTF: 0.2606(0.846s / 3.245s)
generated_audios/generated_H2_256C_int8/260-123288-0019_generated.wav | RTF: 0.0597(0.176s / 2.955s) | Generator RTF: 0.0586(0.173s / 2.955s)
generated_audios/generated_H2_256C_int8/260-123288-0020_generated.wav | RTF: 0.2608(0.756s / 2.900s) | Generator RTF: 0.2597(0.753s / 2.900s)
generated_audios/generated_H2_256C_int8/260-123288-0021_generated.wav | RTF: 0.0570(0.154s / 2.710s) | Generator RTF: 0.0559(0.151s / 2.710s)
generated_audios/generated_H2_256C_int8/260-123288-0022_generated.wav | RTF: 0.2683(0.994s / 3.705s) | Generator RTF: 0.2674(0.991s / 3.705s)
generated_audios/generated_H2_256C_int8/260-123288-0023_generated.wav | RTF: 0.0586(0.140s / 2.385s) | Generator RTF: 0.0572(0.136s / 2.385s)
generated_audios/generated_H2_256C_int8/260-123288-0024_generated.wav | RTF: 0.2941(4.293s / 14.595s) | Generator RTF: 0.2938(4.288s / 14.595s)
generated_audios/generated_H2_256C_int8/260-123288-0025_generated.wav | RTF: 0.2934(3.944s / 13.445s) | Generator RTF: 0.2930(3.940s / 13.445s)
generated_audios/generated_H2_256C_int8/260-123288-0026_generated.wav | RTF: 0.2964(4.755s / 16.040s) | Generator RTF: 0.2961(4.750s / 16.040s)
generated_audios/generated_H2_256C_int8/260-123288-0027_generated.wav | RTF: 0.2679(1.689s / 6.305s) | Generator RTF: 0.2673(1.686s / 6.305s)
generated_audios/generated_H2_256C_int8/260-123288-0028_generated.wav | RTF: 0.2716(0.709s / 2.610s) | Generator RTF: 0.2705(0.706s / 2.610s)
generated_audios/generated_H2_256C_int8/260-123440-0000_generated.wav | RTF: 0.2598(0.563s / 2.165s) | Generator RTF: 0.2584(0.559s / 2.165s)
generated_audios/generated_H2_256C_int8/260-123440-0001_generated.wav | RTF: 0.2783(0.484s / 1.740s) | Generator RTF: 0.2766(0.481s / 1.740s)
generated_audios/generated_H2_256C_int8/260-123440-0002_generated.wav | RTF: 0.2965(4.362s / 14.715s) | Generator RTF: 0.2962(4.359s / 14.715s)
generated_audios/generated_H2_256C_int8/260-123440-0003_generated.wav | RTF: 0.2688(0.964s / 3.585s) | Generator RTF: 0.2679(0.961s / 3.585s)
generated_audios/generated_H2_256C_int8/260-123440-0004_generated.wav | RTF: 0.3010(3.618s / 12.020s) | Generator RTF: 0.3006(3.613s / 12.020s)
generated_audios/generated_H2_256C_int8/260-123440-0005_generated.wav | RTF: 0.0585(0.182s / 3.105s) | Generator RTF: 0.0575(0.178s / 3.105s)
generated_audios/generated_H2_256C_int8/260-123440-0006_generated.wav | RTF: 0.0522(0.142s / 2.715s) | Generator RTF: 0.0511(0.139s / 2.715s)
generated_audios/generated_H2_256C_int8/260-123440-0007_generated.wav | RTF: 0.2631(0.891s / 3.385s) | Generator RTF: 0.2622(0.887s / 3.385s)
generated_audios/generated_H2_256C_int8/260-123440-0008_generated.wav | RTF: 0.2726(1.021s / 3.745s) | Generator RTF: 0.2717(1.018s / 3.745s)
generated_audios/generated_H2_256C_int8/260-123440-0009_generated.wav | RTF: 0.2705(0.843s / 3.115s) | Generator RTF: 0.2695(0.839s / 3.115s)
generated_audios/generated_H2_256C_int8/260-123440-0010_generated.wav | RTF: 0.2816(2.341s / 8.315s) | Generator RTF: 0.2811(2.338s / 8.315s)
generated_audios/generated_H2_256C_int8/260-123440-0011_generated.wav | RTF: 0.0536(0.261s / 4.870s) | Generator RTF: 0.0529(0.257s / 4.870s)
generated_audios/generated_H2_256C_int8/260-123440-0012_generated.wav | RTF: 0.2722(1.428s / 5.245s) | Generator RTF: 0.2715(1.424s / 5.245s)
generated_audios/generated_H2_256C_int8/260-123440-0013_generated.wav | RTF: 0.2690(0.935s / 3.475s) | Generator RTF: 0.2680(0.931s / 3.475s)
generated_audios/generated_H2_256C_int8/260-123440-0014_generated.wav | RTF: 0.2714(1.035s / 3.815s) | Generator RTF: 0.2705(1.032s / 3.815s)
generated_audios/generated_H2_256C_int8/260-123440-0015_generated.wav | RTF: 0.0591(0.367s / 6.200s) | Generator RTF: 0.0585(0.363s / 6.200s)
generated_audios/generated_H2_256C_int8/260-123440-0016_generated.wav | RTF: 0.2732(1.337s / 4.895s) | Generator RTF: 0.2725(1.334s / 4.895s)
generated_audios/generated_H2_256C_int8/260-123440-0017_generated.wav | RTF: 0.0600(0.184s / 3.070s) | Generator RTF: 0.0589(0.181s / 3.070s)
generated_audios/generated_H2_256C_int8/260-123440-0018_generated.wav | RTF: 0.2706(0.985s / 3.640s) | Generator RTF: 0.2698(0.982s / 3.640s)
generated_audios/generated_H2_256C_int8/260-123440-0019_generated.wav | RTF: 0.2709(1.796s / 6.630s) | Generator RTF: 0.2704(1.793s / 6.630s)
generated_audios/generated_H2_256C_int8/260-123440-0020_generated.wav | RTF: 0.2716(1.357s / 4.995s) | Generator RTF: 0.2709(1.353s / 4.995s)
generated_audios/generated_H2_256C_int8/61-70968-0000_generated.wav | RTF: 0.2717(1.333s / 4.905s) | Generator RTF: 0.2710(1.329s / 4.905s)
generated_audios/generated_H2_256C_int8/61-70968-0001_generated.wav | RTF: 0.2700(0.975s / 3.610s) | Generator RTF: 0.2691(0.971s / 3.610s)
generated_audios/generated_H2_256C_int8/61-70968-0002_generated.wav | RTF: 0.2644(0.785s / 2.970s) | Generator RTF: 0.2633(0.782s / 2.970s)
generated_audios/generated_H2_256C_int8/61-70968-0003_generated.wav | RTF: 0.0578(0.250s / 4.315s) | Generator RTF: 0.0571(0.246s / 4.315s)
generated_audios/generated_H2_256C_int8/61-70968-0004_generated.wav | RTF: 0.2729(1.060s / 3.885s) | Generator RTF: 0.2720(1.057s / 3.885s)
generated_audios/generated_H2_256C_int8/61-70968-0005_generated.wav | RTF: 0.0584(0.296s / 5.070s) | Generator RTF: 0.0577(0.293s / 5.070s)
generated_audios/generated_H2_256C_int8/61-70968-0006_generated.wav | RTF: 0.2645(0.776s / 2.935s) | Generator RTF: 0.2635(0.773s / 2.935s)
generated_audios/generated_H2_256C_int8/61-70968-0007_generated.wav | RTF: 0.0591(0.210s / 3.550s) | Generator RTF: 0.0582(0.207s / 3.550s)
generated_audios/generated_H2_256C_int8/61-70968-0008_generated.wav | RTF: 0.0586(0.207s / 3.535s) | Generator RTF: 0.0576(0.204s / 3.535s)
generated_audios/generated_H2_256C_int8/61-70968-0009_generated.wav | RTF: 0.2696(1.216s / 4.510s) | Generator RTF: 0.2688(1.212s / 4.510s)
generated_audios/generated_H2_256C_int8/61-70968-0010_generated.wav | RTF: 0.2802(2.324s / 8.295s) | Generator RTF: 0.2797(2.320s / 8.295s)
generated_audios/generated_H2_256C_int8/61-70968-0011_generated.wav | RTF: 0.2724(1.737s / 6.375s) | Generator RTF: 0.2718(1.733s / 6.375s)
generated_audios/generated_H2_256C_int8/61-70968-0012_generated.wav | RTF: 0.0604(0.158s / 2.610s) | Generator RTF: 0.0592(0.154s / 2.610s)
generated_audios/generated_H2_256C_int8/61-70968-0013_generated.wav | RTF: 0.0583(0.259s / 4.450s) | Generator RTF: 0.0575(0.256s / 4.450s)
generated_audios/generated_H2_256C_int8/61-70968-0014_generated.wav | RTF: 0.2779(2.080s / 7.485s) | Generator RTF: 0.2773(2.076s / 7.485s)
generated_audios/generated_H2_256C_int8/61-70968-0015_generated.wav | RTF: 0.2688(1.445s / 5.375s) | Generator RTF: 0.2682(1.441s / 5.375s)
generated_audios/generated_H2_256C_int8/61-70968-0016_generated.wav | RTF: 0.2779(1.034s / 3.720s) | Generator RTF: 0.2770(1.030s / 3.720s)
generated_audios/generated_H2_256C_int8/61-70968-0017_generated.wav | RTF: 0.2768(1.414s / 5.110s) | Generator RTF: 0.2761(1.411s / 5.110s)
generated_audios/generated_H2_256C_int8/61-70968-0018_generated.wav | RTF: 0.2667(0.641s / 2.405s) | Generator RTF: 0.2654(0.638s / 2.405s)
generated_audios/generated_H2_256C_int8/61-70968-0019_generated.wav | RTF: 0.2725(1.492s / 5.475s) | Generator RTF: 0.2718(1.488s / 5.475s)
generated_audios/generated_H2_256C_int8/61-70968-0020_generated.wav | RTF: 0.2787(1.423s / 5.105s) | Generator RTF: 0.2780(1.419s / 5.105s)
generated_audios/generated_H2_256C_int8/61-70968-0021_generated.wav | RTF: 0.2682(0.722s / 2.690s) | Generator RTF: 0.2671(0.719s / 2.690s)
generated_audios/generated_H2_256C_int8/61-70968-0022_generated.wav | RTF: 0.0589(0.275s / 4.670s) | Generator RTF: 0.0582(0.272s / 4.670s)
generated_audios/generated_H2_256C_int8/61-70968-0023_generated.wav | RTF: 0.0604(0.304s / 5.025s) | Generator RTF: 0.0597(0.300s / 5.025s)
generated_audios/generated_H2_256C_int8/61-70968-0024_generated.wav | RTF: 0.2800(1.687s / 6.025s) | Generator RTF: 0.2794(1.683s / 6.025s)
generated_audios/generated_H2_256C_int8/61-70968-0025_generated.wav | RTF: 0.0569(0.251s / 4.410s) | Generator RTF: 0.0561(0.247s / 4.410s)
generated_audios/generated_H2_256C_int8/61-70968-0026_generated.wav | RTF: 0.2719(1.338s / 4.920s) | Generator RTF: 0.2713(1.335s / 4.920s)
generated_audios/generated_H2_256C_int8/61-70968-0027_generated.wav | RTF: 0.2809(1.930s / 6.870s) | Generator RTF: 0.2804(1.926s / 6.870s)
generated_audios/generated_H2_256C_int8/61-70968-0028_generated.wav | RTF: 0.2720(1.456s / 5.355s) | Generator RTF: 0.2713(1.453s / 5.355s)
generated_audios/generated_H2_256C_int8/61-70968-0029_generated.wav | RTF: 0.2785(0.973s / 3.495s) | Generator RTF: 0.2775(0.970s / 3.495s)
generated_audios/generated_H2_256C_int8/61-70968-0030_generated.wav | RTF: 0.2732(1.553s / 5.685s) | Generator RTF: 0.2726(1.550s / 5.685s)
generated_audios/generated_H2_256C_int8/61-70968-0031_generated.wav | RTF: 0.2743(0.802s / 2.925s) | Generator RTF: 0.2733(0.799s / 2.925s)
generated_audios/generated_H2_256C_int8/61-70968-0032_generated.wav | RTF: 0.0575(0.246s / 4.280s) | Generator RTF: 0.0567(0.243s / 4.280s)
generated_audios/generated_H2_256C_int8/61-70968-0033_generated.wav | RTF: 0.0519(0.295s / 5.685s) | Generator RTF: 0.0513(0.292s / 5.685s)
generated_audios/generated_H2_256C_int8/61-70968-0034_generated.wav | RTF: 0.2786(1.178s / 4.230s) | Generator RTF: 0.2779(1.176s / 4.230s)
generated_audios/generated_H2_256C_int8/61-70968-0035_generated.wav | RTF: 0.2836(2.254s / 7.950s) | Generator RTF: 0.2831(2.251s / 7.950s)
generated_audios/generated_H2_256C_int8/61-70968-0036_generated.wav | RTF: 0.0579(0.170s / 2.935s) | Generator RTF: 0.0568(0.167s / 2.935s)
generated_audios/generated_H2_256C_int8/61-70968-0037_generated.wav | RTF: 0.0577(0.249s / 4.315s) | Generator RTF: 0.0569(0.246s / 4.315s)
generated_audios/generated_H2_256C_int8/61-70968-0038_generated.wav | RTF: 0.2860(0.586s / 2.050s) | Generator RTF: 0.2845(0.583s / 2.050s)
generated_audios/generated_H2_256C_int8/61-70968-0039_generated.wav | RTF: 0.2712(1.032s / 3.805s) | Generator RTF: 0.2703(1.029s / 3.805s)
generated_audios/generated_H2_256C_int8/61-70968-0040_generated.wav | RTF: 0.2780(1.098s / 3.950s) | Generator RTF: 0.2771(1.094s / 3.950s)
generated_audios/generated_H2_256C_int8/61-70968-0041_generated.wav | RTF: 0.0590(0.403s / 6.825s) | Generator RTF: 0.0585(0.399s / 6.825s)
generated_audios/generated_H2_256C_int8/61-70968-0042_generated.wav | RTF: 0.0585(0.163s / 2.785s) | Generator RTF: 0.0573(0.160s / 2.785s)
generated_audios/generated_H2_256C_int8/61-70968-0043_generated.wav | RTF: 0.2806(1.890s / 6.735s) | Generator RTF: 0.2802(1.887s / 6.735s)
generated_audios/generated_H2_256C_int8/61-70968-0044_generated.wav | RTF: 0.0578(0.160s / 2.770s) | Generator RTF: 0.0566(0.157s / 2.770s)
generated_audios/generated_H2_256C_int8/61-70968-0045_generated.wav | RTF: 0.0578(0.201s / 3.475s) | Generator RTF: 0.0568(0.197s / 3.475s)
generated_audios/generated_H2_256C_int8/61-70968-0046_generated.wav | RTF: 0.0568(0.202s / 3.550s) | Generator RTF: 0.0559(0.198s / 3.550s)
generated_audios/generated_H2_256C_int8/61-70968-0047_generated.wav | RTF: 0.2710(1.294s / 4.775s) | Generator RTF: 0.2703(1.291s / 4.775s)
generated_audios/generated_H2_256C_int8/61-70968-0048_generated.wav | RTF: 0.2774(0.838s / 3.020s) | Generator RTF: 0.2763(0.834s / 3.020s)
generated_audios/generated_H2_256C_int8/61-70968-0049_generated.wav | RTF: 0.2870(2.368s / 8.250s) | Generator RTF: 0.2866(2.364s / 8.250s)
generated_audios/generated_H2_256C_int8/61-70968-0050_generated.wav | RTF: 0.2775(1.549s / 5.580s) | Generator RTF: 0.2769(1.545s / 5.580s)
generated_audios/generated_H2_256C_int8/61-70968-0051_generated.wav | RTF: 0.2694(0.845s / 3.135s) | Generator RTF: 0.2683(0.841s / 3.135s)
generated_audios/generated_H2_256C_int8/61-70968-0052_generated.wav | RTF: 0.2592(0.687s / 2.650s) | Generator RTF: 0.2579(0.684s / 2.650s)
generated_audios/generated_H2_256C_int8/61-70968-0053_generated.wav | RTF: 0.0566(0.239s / 4.220s) | Generator RTF: 0.0558(0.235s / 4.220s)
generated_audios/generated_H2_256C_int8/61-70968-0054_generated.wav | RTF: 0.2758(2.168s / 7.860s) | Generator RTF: 0.2753(2.164s / 7.860s)
generated_audios/generated_H2_256C_int8/61-70968-0055_generated.wav | RTF: 0.0561(0.223s / 3.965s) | Generator RTF: 0.0553(0.219s / 3.965s)
generated_audios/generated_H2_256C_int8/61-70968-0056_generated.wav | RTF: 0.2704(0.964s / 3.565s) | Generator RTF: 0.2695(0.961s / 3.565s)
generated_audios/generated_H2_256C_int8/61-70968-0057_generated.wav | RTF: 0.0551(0.279s / 5.065s) | Generator RTF: 0.0544(0.276s / 5.065s)
generated_audios/generated_H2_256C_int8/61-70968-0058_generated.wav | RTF: 0.2623(0.477s / 1.820s) | Generator RTF: 0.2606(0.474s / 1.820s)
generated_audios/generated_H2_256C_int8/61-70968-0059_generated.wav | RTF: 0.0588(0.128s / 2.170s) | Generator RTF: 0.0573(0.124s / 2.170s)
generated_audios/generated_H2_256C_int8/61-70968-0060_generated.wav | RTF: 0.0545(0.204s / 3.735s) | Generator RTF: 0.0536(0.200s / 3.735s)
generated_audios/generated_H2_256C_int8/61-70968-0061_generated.wav | RTF: 0.2752(1.522s / 5.530s) | Generator RTF: 0.2746(1.518s / 5.530s)
generated_audios/generated_H2_256C_int8/61-70968-0062_generated.wav | RTF: 0.0579(0.148s / 2.555s) | Generator RTF: 0.0565(0.144s / 2.555s)
generated_audios/generated_H2_256C_int8/61-70970-0000_generated.wav | RTF: 0.2716(1.650s / 6.075s) | Generator RTF: 0.2710(1.646s / 6.075s)
generated_audios/generated_H2_256C_int8/61-70970-0001_generated.wav | RTF: 0.2782(1.712s / 6.155s) | Generator RTF: 0.2776(1.709s / 6.155s)
generated_audios/generated_H2_256C_int8/61-70970-0002_generated.wav | RTF: 0.2761(1.150s / 4.165s) | Generator RTF: 0.2753(1.147s / 4.165s)
generated_audios/generated_H2_256C_int8/61-70970-0003_generated.wav | RTF: 0.2730(1.047s / 3.835s) | Generator RTF: 0.2721(1.044s / 3.835s)
generated_audios/generated_H2_256C_int8/61-70970-0004_generated.wav | RTF: 0.2811(2.956s / 10.515s) | Generator RTF: 0.2807(2.952s / 10.515s)
generated_audios/generated_H2_256C_int8/61-70970-0005_generated.wav | RTF: 0.2842(0.574s / 2.020s) | Generator RTF: 0.2825(0.571s / 2.020s)
generated_audios/generated_H2_256C_int8/61-70970-0006_generated.wav | RTF: 0.2751(0.642s / 2.335s) | Generator RTF: 0.2738(0.639s / 2.335s)
generated_audios/generated_H2_256C_int8/61-70970-0007_generated.wav | RTF: 0.2784(1.248s / 4.485s) | Generator RTF: 0.2776(1.245s / 4.485s)
generated_audios/generated_H2_256C_int8/61-70970-0008_generated.wav | RTF: 0.2870(0.617s / 2.150s) | Generator RTF: 0.2855(0.614s / 2.150s)
generated_audios/generated_H2_256C_int8/61-70970-0009_generated.wav | RTF: 0.2780(0.947s / 3.405s) | Generator RTF: 0.2771(0.944s / 3.405s)
generated_audios/generated_H2_256C_int8/61-70970-0010_generated.wav | RTF: 0.0572(0.174s / 3.045s) | Generator RTF: 0.0563(0.171s / 3.045s)
generated_audios/generated_H2_256C_int8/61-70970-0011_generated.wav | RTF: 0.0524(0.318s / 6.075s) | Generator RTF: 0.0517(0.314s / 6.075s)
generated_audios/generated_H2_256C_int8/61-70970-0012_generated.wav | RTF: 0.0516(0.162s / 3.135s) | Generator RTF: 0.0505(0.158s / 3.135s)
generated_audios/generated_H2_256C_int8/61-70970-0013_generated.wav | RTF: 0.2792(1.215s / 4.350s) | Generator RTF: 0.2785(1.211s / 4.350s)
generated_audios/generated_H2_256C_int8/61-70970-0014_generated.wav | RTF: 0.0504(0.172s / 3.405s) | Generator RTF: 0.0494(0.168s / 3.405s)
generated_audios/generated_H2_256C_int8/61-70970-0015_generated.wav | RTF: 0.2809(2.364s / 8.415s) | Generator RTF: 0.2804(2.360s / 8.415s)
generated_audios/generated_H2_256C_int8/61-70970-0016_generated.wav | RTF: 0.2778(1.214s / 4.370s) | Generator RTF: 0.2770(1.211s / 4.370s)
generated_audios/generated_H2_256C_int8/61-70970-0017_generated.wav | RTF: 0.0577(0.147s / 2.550s) | Generator RTF: 0.0565(0.144s / 2.550s)
generated_audios/generated_H2_256C_int8/61-70970-0018_generated.wav | RTF: 0.2703(1.244s / 4.600s) | Generator RTF: 0.2696(1.240s / 4.600s)
generated_audios/generated_H2_256C_int8/61-70970-0019_generated.wav | RTF: 0.2741(1.036s / 3.780s) | Generator RTF: 0.2732(1.033s / 3.780s)
generated_audios/generated_H2_256C_int8/61-70970-0020_generated.wav | RTF: 0.0572(0.287s / 5.025s) | Generator RTF: 0.0565(0.284s / 5.025s)
generated_audios/generated_H2_256C_int8/61-70970-0021_generated.wav | RTF: 0.2703(1.461s / 5.405s) | Generator RTF: 0.2697(1.458s / 5.405s)
generated_audios/generated_H2_256C_int8/61-70970-0022_generated.wav | RTF: 0.0551(0.219s / 3.970s) | Generator RTF: 0.0542(0.215s / 3.970s)
generated_audios/generated_H2_256C_int8/61-70970-0023_generated.wav | RTF: 0.0562(0.208s / 3.705s) | Generator RTF: 0.0553(0.205s / 3.705s)
generated_audios/generated_H2_256C_int8/61-70970-0024_generated.wav | RTF: 0.2781(2.012s / 7.235s) | Generator RTF: 0.2776(2.008s / 7.235s)
generated_audios/generated_H2_256C_int8/61-70970-0025_generated.wav | RTF: 0.2842(2.113s / 7.435s) | Generator RTF: 0.2837(2.109s / 7.435s)
generated_audios/generated_H2_256C_int8/61-70970-0026_generated.wav | RTF: 0.0579(0.317s / 5.475s) | Generator RTF: 0.0572(0.313s / 5.475s)
generated_audios/generated_H2_256C_int8/61-70970-0027_generated.wav | RTF: 0.0571(0.290s / 5.080s) | Generator RTF: 0.0564(0.286s / 5.080s)
generated_audios/generated_H2_256C_int8/61-70970-0028_generated.wav | RTF: 0.0579(0.379s / 6.550s) | Generator RTF: 0.0573(0.375s / 6.550s)
generated_audios/generated_H2_256C_int8/61-70970-0029_generated.wav | RTF: 0.0577(0.233s / 4.030s) | Generator RTF: 0.0569(0.229s / 4.030s)
generated_audios/generated_H2_256C_int8/61-70970-0030_generated.wav | RTF: 0.0582(0.188s / 3.240s) | Generator RTF: 0.0572(0.185s / 3.240s)
generated_audios/generated_H2_256C_int8/61-70970-0031_generated.wav | RTF: 0.2754(1.414s / 5.135s) | Generator RTF: 0.2747(1.411s / 5.135s)
generated_audios/generated_H2_256C_int8/61-70970-0032_generated.wav | RTF: 0.0516(0.162s / 3.135s) | Generator RTF: 0.0505(0.158s / 3.135s)
generated_audios/generated_H2_256C_int8/61-70970-0033_generated.wav | RTF: 0.2697(0.922s / 3.420s) | Generator RTF: 0.2688(0.919s / 3.420s)
generated_audios/generated_H2_256C_int8/61-70970-0034_generated.wav | RTF: 0.0569(0.255s / 4.485s) | Generator RTF: 0.0562(0.252s / 4.485s)
generated_audios/generated_H2_256C_int8/61-70970-0035_generated.wav | RTF: 0.0583(0.432s / 7.405s) | Generator RTF: 0.0577(0.428s / 7.405s)
generated_audios/generated_H2_256C_int8/61-70970-0036_generated.wav | RTF: 0.0570(0.387s / 6.785s) | Generator RTF: 0.0564(0.383s / 6.785s)
generated_audios/generated_H2_256C_int8/61-70970-0037_generated.wav | RTF: 0.2659(1.590s / 5.980s) | Generator RTF: 0.2653(1.587s / 5.980s)
generated_audios/generated_H2_256C_int8/61-70970-0038_generated.wav | RTF: 0.2783(2.894s / 10.400s) | Generator RTF: 0.2779(2.890s / 10.400s)
generated_audios/generated_H2_256C_int8/61-70970-0039_generated.wav | RTF: 0.0576(0.384s / 6.665s) | Generator RTF: 0.0570(0.380s / 6.665s)
generated_audios/generated_H2_256C_int8/61-70970-0040_generated.wav | RTF: 0.0563(0.234s / 4.165s) | Generator RTF: 0.0555(0.231s / 4.165s)
generated_audios/generated_H2_256C_int8/672-122797-0000_generated.wav | RTF: 0.2767(1.126s / 4.070s) | Generator RTF: 0.2758(1.123s / 4.070s)
generated_audios/generated_H2_256C_int8/672-122797-0001_generated.wav | RTF: 0.2824(4.272s / 15.130s) | Generator RTF: 0.2820(4.267s / 15.130s)
generated_audios/generated_H2_256C_int8/672-122797-0002_generated.wav | RTF: 0.2813(3.831s / 13.620s) | Generator RTF: 0.2809(3.826s / 13.620s)
generated_audios/generated_H2_256C_int8/672-122797-0003_generated.wav | RTF: 0.2781(1.324s / 4.760s) | Generator RTF: 0.2774(1.320s / 4.760s)
generated_audios/generated_H2_256C_int8/672-122797-0004_generated.wav | RTF: 0.2792(2.862s / 10.250s) | Generator RTF: 0.2788(2.858s / 10.250s)
generated_audios/generated_H2_256C_int8/672-122797-0005_generated.wav | RTF: 0.2807(0.915s / 3.260s) | Generator RTF: 0.2797(0.912s / 3.260s)
generated_audios/generated_H2_256C_int8/672-122797-0006_generated.wav | RTF: 0.2833(3.951s / 13.950s) | Generator RTF: 0.2829(3.947s / 13.950s)
generated_audios/generated_H2_256C_int8/672-122797-0007_generated.wav | RTF: 0.2765(1.775s / 6.420s) | Generator RTF: 0.2759(1.771s / 6.420s)
generated_audios/generated_H2_256C_int8/672-122797-0008_generated.wav | RTF: 0.2894(8.917s / 30.810s) | Generator RTF: 0.2892(8.910s / 30.810s)
generated_audios/generated_H2_256C_int8/672-122797-0009_generated.wav | RTF: 0.0578(0.160s / 2.765s) | Generator RTF: 0.0567(0.157s / 2.765s)
generated_audios/generated_H2_256C_int8/672-122797-0010_generated.wav | RTF: 0.0570(0.217s / 3.815s) | Generator RTF: 0.0561(0.214s / 3.815s)
generated_audios/generated_H2_256C_int8/672-122797-0011_generated.wav | RTF: 0.2800(0.711s / 2.540s) | Generator RTF: 0.2788(0.708s / 2.540s)
generated_audios/generated_H2_256C_int8/672-122797-0012_generated.wav | RTF: 0.2832(2.199s / 7.765s) | Generator RTF: 0.2827(2.196s / 7.765s)
generated_audios/generated_H2_256C_int8/672-122797-0013_generated.wav | RTF: 0.2807(2.443s / 8.705s) | Generator RTF: 0.2802(2.439s / 8.705s)
generated_audios/generated_H2_256C_int8/672-122797-0014_generated.wav | RTF: 0.0589(0.151s / 2.555s) | Generator RTF: 0.0577(0.148s / 2.555s)
generated_audios/generated_H2_256C_int8/672-122797-0015_generated.wav | RTF: 0.0565(0.252s / 4.455s) | Generator RTF: 0.0557(0.248s / 4.455s)
generated_audios/generated_H2_256C_int8/672-122797-0016_generated.wav | RTF: 0.2798(2.579s / 9.215s) | Generator RTF: 0.2794(2.575s / 9.215s)
generated_audios/generated_H2_256C_int8/672-122797-0017_generated.wav | RTF: 0.2790(1.345s / 4.820s) | Generator RTF: 0.2782(1.341s / 4.820s)
generated_audios/generated_H2_256C_int8/672-122797-0018_generated.wav | RTF: 0.2755(1.358s / 4.930s) | Generator RTF: 0.2749(1.355s / 4.930s)
generated_audios/generated_H2_256C_int8/672-122797-0019_generated.wav | RTF: 0.2704(1.111s / 4.110s) | Generator RTF: 0.2696(1.108s / 4.110s)
generated_audios/generated_H2_256C_int8/672-122797-0020_generated.wav | RTF: 0.2835(2.502s / 8.825s) | Generator RTF: 0.2830(2.498s / 8.825s)
generated_audios/generated_H2_256C_int8/672-122797-0021_generated.wav | RTF: 0.0555(0.230s / 4.150s) | Generator RTF: 0.0547(0.227s / 4.150s)
generated_audios/generated_H2_256C_int8/672-122797-0022_generated.wav | RTF: 0.2888(5.488s / 19.005s) | Generator RTF: 0.2885(5.483s / 19.005s)
generated_audios/generated_H2_256C_int8/672-122797-0023_generated.wav | RTF: 0.2836(2.749s / 9.695s) | Generator RTF: 0.2832(2.746s / 9.695s)
generated_audios/generated_H2_256C_int8/672-122797-0024_generated.wav | RTF: 0.2779(1.148s / 4.130s) | Generator RTF: 0.2772(1.145s / 4.130s)
generated_audios/generated_H2_256C_int8/672-122797-0025_generated.wav | RTF: 0.2858(3.055s / 10.690s) | Generator RTF: 0.2854(3.051s / 10.690s)
generated_audios/generated_H2_256C_int8/672-122797-0026_generated.wav | RTF: 0.2854(3.984s / 13.960s) | Generator RTF: 0.2850(3.979s / 13.960s)
generated_audios/generated_H2_256C_int8/672-122797-0027_generated.wav | RTF: 0.0571(0.274s / 4.790s) | Generator RTF: 0.0564(0.270s / 4.790s)
generated_audios/generated_H2_256C_int8/672-122797-0028_generated.wav | RTF: 0.0610(0.159s / 2.610s) | Generator RTF: 0.0596(0.156s / 2.610s)
generated_audios/generated_H2_256C_int8/672-122797-0029_generated.wav | RTF: 0.0585(0.178s / 3.050s) | Generator RTF: 0.0573(0.175s / 3.050s)
generated_audios/generated_H2_256C_int8/672-122797-0030_generated.wav | RTF: 0.2744(1.255s / 4.575s) | Generator RTF: 0.2736(1.252s / 4.575s)
generated_audios/generated_H2_256C_int8/672-122797-0031_generated.wav | RTF: 0.0569(0.226s / 3.980s) | Generator RTF: 0.0560(0.223s / 3.980s)
generated_audios/generated_H2_256C_int8/672-122797-0032_generated.wav | RTF: 0.0565(0.226s / 4.000s) | Generator RTF: 0.0556(0.223s / 4.000s)
generated_audios/generated_H2_256C_int8/672-122797-0033_generated.wav | RTF: 0.2765(0.355s / 1.285s) | Generator RTF: 0.2740(0.352s / 1.285s)
generated_audios/generated_H2_256C_int8/672-122797-0034_generated.wav | RTF: 0.0724(0.370s / 5.110s) | Generator RTF: 0.0717(0.366s / 5.110s)
generated_audios/generated_H2_256C_int8/672-122797-0035_generated.wav | RTF: 0.0581(0.168s / 2.900s) | Generator RTF: 0.0570(0.165s / 2.900s)
generated_audios/generated_H2_256C_int8/672-122797-0036_generated.wav | RTF: 0.0579(0.311s / 5.365s) | Generator RTF: 0.0573(0.307s / 5.365s)
generated_audios/generated_H2_256C_int8/672-122797-0037_generated.wav | RTF: 0.2683(0.526s / 1.960s) | Generator RTF: 0.2667(0.523s / 1.960s)
generated_audios/generated_H2_256C_int8/672-122797-0038_generated.wav | RTF: 0.2784(2.450s / 8.800s) | Generator RTF: 0.2779(2.446s / 8.800s)
generated_audios/generated_H2_256C_int8/672-122797-0039_generated.wav | RTF: 0.2766(1.113s / 4.025s) | Generator RTF: 0.2757(1.110s / 4.025s)
generated_audios/generated_H2_256C_int8/672-122797-0040_generated.wav | RTF: 0.0581(0.298s / 5.125s) | Generator RTF: 0.0574(0.294s / 5.125s)
generated_audios/generated_H2_256C_int8/672-122797-0041_generated.wav | RTF: 0.0566(0.220s / 3.880s) | Generator RTF: 0.0557(0.216s / 3.880s)
generated_audios/generated_H2_256C_int8/672-122797-0042_generated.wav | RTF: 0.2860(4.379s / 15.310s) | Generator RTF: 0.2857(4.374s / 15.310s)
generated_audios/generated_H2_256C_int8/672-122797-0043_generated.wav | RTF: 0.0559(0.211s / 3.780s) | Generator RTF: 0.0551(0.208s / 3.780s)
generated_audios/generated_H2_256C_int8/672-122797-0044_generated.wav | RTF: 0.0562(0.210s / 3.740s) | Generator RTF: 0.0553(0.207s / 3.740s)
generated_audios/generated_H2_256C_int8/672-122797-0045_generated.wav | RTF: 0.0583(0.814s / 13.960s) | Generator RTF: 0.0580(0.810s / 13.960s)
generated_audios/generated_H2_256C_int8/672-122797-0046_generated.wav | RTF: 0.2736(1.290s / 4.715s) | Generator RTF: 0.2729(1.287s / 4.715s)
generated_audios/generated_H2_256C_int8/672-122797-0047_generated.wav | RTF: 0.2738(0.910s / 3.325s) | Generator RTF: 0.2727(0.907s / 3.325s)
generated_audios/generated_H2_256C_int8/672-122797-0048_generated.wav | RTF: 0.0578(0.379s / 6.555s) | Generator RTF: 0.0572(0.375s / 6.555s)
generated_audios/generated_H2_256C_int8/672-122797-0049_generated.wav | RTF: 0.0617(0.125s / 2.020s) | Generator RTF: 0.0601(0.121s / 2.020s)
generated_audios/generated_H2_256C_int8/672-122797-0050_generated.wav | RTF: 0.2782(1.351s / 4.855s) | Generator RTF: 0.2775(1.347s / 4.855s)
generated_audios/generated_H2_256C_int8/672-122797-0051_generated.wav | RTF: 0.2788(1.301s / 4.665s) | Generator RTF: 0.2781(1.298s / 4.665s)
generated_audios/generated_H2_256C_int8/672-122797-0052_generated.wav | RTF: 0.2737(1.173s / 4.285s) | Generator RTF: 0.2729(1.169s / 4.285s)
generated_audios/generated_H2_256C_int8/672-122797-0053_generated.wav | RTF: 0.0581(0.172s / 2.955s) | Generator RTF: 0.0569(0.168s / 2.955s)
generated_audios/generated_H2_256C_int8/672-122797-0054_generated.wav | RTF: 0.0562(0.239s / 4.250s) | Generator RTF: 0.0553(0.235s / 4.250s)
generated_audios/generated_H2_256C_int8/672-122797-0055_generated.wav | RTF: 0.2798(2.302s / 8.230s) | Generator RTF: 0.2793(2.299s / 8.230s)
generated_audios/generated_H2_256C_int8/672-122797-0056_generated.wav | RTF: 0.0582(0.304s / 5.225s) | Generator RTF: 0.0575(0.300s / 5.225s)
generated_audios/generated_H2_256C_int8/672-122797-0057_generated.wav | RTF: 0.0585(0.384s / 6.560s) | Generator RTF: 0.0579(0.380s / 6.560s)
generated_audios/generated_H2_256C_int8/672-122797-0058_generated.wav | RTF: 0.2795(1.250s / 4.470s) | Generator RTF: 0.2788(1.246s / 4.470s)
generated_audios/generated_H2_256C_int8/672-122797-0059_generated.wav | RTF: 0.2736(0.963s / 3.520s) | Generator RTF: 0.2725(0.959s / 3.520s)
generated_audios/generated_H2_256C_int8/672-122797-0060_generated.wav | RTF: 0.0589(0.197s / 3.350s) | Generator RTF: 0.0579(0.194s / 3.350s)
generated_audios/generated_H2_256C_int8/672-122797-0061_generated.wav | RTF: 0.2785(2.114s / 7.590s) | Generator RTF: 0.2780(2.110s / 7.590s)
generated_audios/generated_H2_256C_int8/672-122797-0062_generated.wav | RTF: 0.2802(0.750s / 2.675s) | Generator RTF: 0.2790(0.746s / 2.675s)
generated_audios/generated_H2_256C_int8/672-122797-0063_generated.wav | RTF: 0.0557(0.283s / 5.075s) | Generator RTF: 0.0551(0.279s / 5.075s)
generated_audios/generated_H2_256C_int8/672-122797-0064_generated.wav | RTF: 0.2861(4.369s / 15.270s) | Generator RTF: 0.2858(4.364s / 15.270s)
generated_audios/generated_H2_256C_int8/672-122797-0065_generated.wav | RTF: 0.0569(0.172s / 3.030s) | Generator RTF: 0.0559(0.169s / 3.030s)
generated_audios/generated_H2_256C_int8/672-122797-0066_generated.wav | RTF: 0.0553(0.267s / 4.815s) | Generator RTF: 0.0546(0.263s / 4.815s)
generated_audios/generated_H2_256C_int8/672-122797-0067_generated.wav | RTF: 0.2836(3.697s / 13.035s) | Generator RTF: 0.2832(3.692s / 13.035s)
generated_audios/generated_H2_256C_int8/672-122797-0068_generated.wav | RTF: 0.0559(0.225s / 4.020s) | Generator RTF: 0.0550(0.221s / 4.020s)
generated_audios/generated_H2_256C_int8/672-122797-0069_generated.wav | RTF: 0.2807(1.406s / 5.010s) | Generator RTF: 0.2800(1.403s / 5.010s)
generated_audios/generated_H2_256C_int8/672-122797-0070_generated.wav | RTF: 0.2779(1.742s / 6.270s) | Generator RTF: 0.2773(1.739s / 6.270s)
generated_audios/generated_H2_256C_int8/672-122797-0071_generated.wav | RTF: 0.2832(2.513s / 8.875s) | Generator RTF: 0.2827(2.509s / 8.875s)
generated_audios/generated_H2_256C_int8/672-122797-0072_generated.wav | RTF: 0.2789(2.214s / 7.940s) | Generator RTF: 0.2784(2.210s / 7.940s)
generated_audios/generated_H2_256C_int8/672-122797-0073_generated.wav | RTF: 0.2809(2.305s / 8.205s) | Generator RTF: 0.2805(2.301s / 8.205s)
generated_audios/generated_H2_256C_int8/672-122797-0074_generated.wav | RTF: 0.2872(2.507s / 8.730s) | Generator RTF: 0.2867(2.503s / 8.730s)
generated_audios/generated_H2_256C_int8/908-157963-0000_generated.wav | RTF: 0.2846(3.592s / 12.620s) | Generator RTF: 0.2843(3.587s / 12.620s)
generated_audios/generated_H2_256C_int8/908-157963-0001_generated.wav | RTF: 0.2757(0.795s / 2.885s) | Generator RTF: 0.2747(0.792s / 2.885s)
generated_audios/generated_H2_256C_int8/908-157963-0002_generated.wav | RTF: 0.2684(0.740s / 2.755s) | Generator RTF: 0.2673(0.736s / 2.755s)
generated_audios/generated_H2_256C_int8/908-157963-0003_generated.wav | RTF: 0.2763(0.851s / 3.080s) | Generator RTF: 0.2751(0.847s / 3.080s)
generated_audios/generated_H2_256C_int8/908-157963-0004_generated.wav | RTF: 0.2862(4.004s / 13.990s) | Generator RTF: 0.2859(3.999s / 13.990s)
generated_audios/generated_H2_256C_int8/908-157963-0005_generated.wav | RTF: 0.2808(1.976s / 7.035s) | Generator RTF: 0.2803(1.972s / 7.035s)
generated_audios/generated_H2_256C_int8/908-157963-0006_generated.wav | RTF: 0.2844(2.306s / 8.110s) | Generator RTF: 0.2839(2.302s / 8.110s)
generated_audios/generated_H2_256C_int8/908-157963-0007_generated.wav | RTF: 0.2904(9.515s / 32.770s) | Generator RTF: 0.2902(9.508s / 32.770s)
generated_audios/generated_H2_256C_int8/908-157963-0008_generated.wav | RTF: 0.2879(5.743s / 19.950s) | Generator RTF: 0.2876(5.738s / 19.950s)
generated_audios/generated_H2_256C_int8/908-157963-0009_generated.wav | RTF: 0.2797(1.136s / 4.060s) | Generator RTF: 0.2788(1.132s / 4.060s)
generated_audios/generated_H2_256C_int8/908-157963-0010_generated.wav | RTF: 0.0539(0.339s / 6.280s) | Generator RTF: 0.0534(0.336s / 6.280s)
generated_audios/generated_H2_256C_int8/908-157963-0011_generated.wav | RTF: 0.0595(0.619s / 10.395s) | Generator RTF: 0.0592(0.615s / 10.395s)
generated_audios/generated_H2_256C_int8/908-157963-0012_generated.wav | RTF: 0.2834(2.859s / 10.090s) | Generator RTF: 0.2830(2.855s / 10.090s)
generated_audios/generated_H2_256C_int8/908-157963-0013_generated.wav | RTF: 0.0560(0.242s / 4.315s) | Generator RTF: 0.0552(0.238s / 4.315s)
generated_audios/generated_H2_256C_int8/908-157963-0014_generated.wav | RTF: 0.0559(0.252s / 4.520s) | Generator RTF: 0.0551(0.249s / 4.520s)
generated_audios/generated_H2_256C_int8/908-157963-0015_generated.wav | RTF: 0.2847(4.118s / 14.465s) | Generator RTF: 0.2844(4.113s / 14.465s)
generated_audios/generated_H2_256C_int8/908-157963-0016_generated.wav | RTF: 0.0566(0.289s / 5.105s) | Generator RTF: 0.0559(0.286s / 5.105s)
generated_audios/generated_H2_256C_int8/908-157963-0017_generated.wav | RTF: 0.2715(1.344s / 4.950s) | Generator RTF: 0.2708(1.341s / 4.950s)
generated_audios/generated_H2_256C_int8/908-157963-0018_generated.wav | RTF: 0.0549(0.234s / 4.255s) | Generator RTF: 0.0541(0.230s / 4.255s)
generated_audios/generated_H2_256C_int8/908-157963-0019_generated.wav | RTF: 0.2878(6.170s / 21.440s) | Generator RTF: 0.2875(6.164s / 21.440s)
generated_audios/generated_H2_256C_int8/908-157963-0020_generated.wav | RTF: 0.2819(2.763s / 9.800s) | Generator RTF: 0.2815(2.759s / 9.800s)
generated_audios/generated_H2_256C_int8/908-157963-0021_generated.wav | RTF: 0.0594(0.608s / 10.240s) | Generator RTF: 0.0590(0.604s / 10.240s)
generated_audios/generated_H2_256C_int8/908-157963-0022_generated.wav | RTF: 0.2808(1.294s / 4.610s) | Generator RTF: 0.2800(1.291s / 4.610s)
generated_audios/generated_H2_256C_int8/908-157963-0023_generated.wav | RTF: 0.2804(2.699s / 9.625s) | Generator RTF: 0.2800(2.695s / 9.625s)
generated_audios/generated_H2_256C_int8/908-157963-0024_generated.wav | RTF: 0.2786(0.958s / 3.440s) | Generator RTF: 0.2776(0.955s / 3.440s)
generated_audios/generated_H2_256C_int8/908-157963-0025_generated.wav | RTF: 0.2804(2.598s / 9.265s) | Generator RTF: 0.2799(2.593s / 9.265s)
generated_audios/generated_H2_256C_int8/908-157963-0026_generated.wav | RTF: 0.2820(2.284s / 8.100s) | Generator RTF: 0.2815(2.280s / 8.100s)
generated_audios/generated_H2_256C_int8/908-157963-0027_generated.wav | RTF: 0.0561(0.293s / 5.225s) | Generator RTF: 0.0554(0.290s / 5.225s)
generated_audios/generated_H2_256C_int8/908-157963-0028_generated.wav | RTF: 0.0508(0.252s / 4.955s) | Generator RTF: 0.0501(0.248s / 4.955s)
generated_audios/generated_H2_256C_int8/908-157963-0029_generated.wav | RTF: 0.2732(0.992s / 3.630s) | Generator RTF: 0.2723(0.988s / 3.630s)
generated_audios/generated_H2_256C_int8/908-157963-0030_generated.wav | RTF: 0.0514(0.232s / 4.520s) | Generator RTF: 0.0506(0.229s / 4.520s)
generated_audios/generated_H2_256C_int8/908-31957-0000_generated.wav | RTF: 0.2702(0.574s / 2.125s) | Generator RTF: 0.2688(0.571s / 2.125s)
generated_audios/generated_H2_256C_int8/908-31957-0001_generated.wav | RTF: 0.2825(3.196s / 11.315s) | Generator RTF: 0.2821(3.192s / 11.315s)
generated_audios/generated_H2_256C_int8/908-31957-0002_generated.wav | RTF: 0.0563(0.269s / 4.790s) | Generator RTF: 0.0555(0.266s / 4.790s)
generated_audios/generated_H2_256C_int8/908-31957-0003_generated.wav | RTF: 0.0579(0.380s / 6.565s) | Generator RTF: 0.0573(0.376s / 6.565s)
generated_audios/generated_H2_256C_int8/908-31957-0004_generated.wav | RTF: 0.2859(4.219s / 14.755s) | Generator RTF: 0.2856(4.214s / 14.755s)
generated_audios/generated_H2_256C_int8/908-31957-0005_generated.wav | RTF: 0.0566(0.254s / 4.490s) | Generator RTF: 0.0559(0.251s / 4.490s)
generated_audios/generated_H2_256C_int8/908-31957-0006_generated.wav | RTF: 0.2738(1.612s / 5.890s) | Generator RTF: 0.2731(1.609s / 5.890s)
generated_audios/generated_H2_256C_int8/908-31957-0007_generated.wav | RTF: 0.0570(0.331s / 5.800s) | Generator RTF: 0.0565(0.327s / 5.800s)
generated_audios/generated_H2_256C_int8/908-31957-0008_generated.wav | RTF: 0.2805(2.806s / 10.005s) | Generator RTF: 0.2800(2.802s / 10.005s)
generated_audios/generated_H2_256C_int8/908-31957-0009_generated.wav | RTF: 0.2789(2.149s / 7.705s) | Generator RTF: 0.2783(2.145s / 7.705s)
generated_audios/generated_H2_256C_int8/908-31957-0010_generated.wav | RTF: 0.2671(0.670s / 2.510s) | Generator RTF: 0.2659(0.667s / 2.510s)
generated_audios/generated_H2_256C_int8/908-31957-0011_generated.wav | RTF: 0.0580(0.135s / 2.335s) | Generator RTF: 0.0566(0.132s / 2.335s)
generated_audios/generated_H2_256C_int8/908-31957-0012_generated.wav | RTF: 0.2792(2.126s / 7.615s) | Generator RTF: 0.2787(2.122s / 7.615s)
generated_audios/generated_H2_256C_int8/908-31957-0013_generated.wav | RTF: 0.2801(1.731s / 6.180s) | Generator RTF: 0.2794(1.727s / 6.180s)
generated_audios/generated_H2_256C_int8/908-31957-0014_generated.wav | RTF: 0.2779(2.101s / 7.560s) | Generator RTF: 0.2774(2.097s / 7.560s)
generated_audios/generated_H2_256C_int8/908-31957-0015_generated.wav | RTF: 0.2911(6.248s / 21.465s) | Generator RTF: 0.2908(6.243s / 21.465s)
generated_audios/generated_H2_256C_int8/908-31957-0016_generated.wav | RTF: 0.2755(1.786s / 6.480s) | Generator RTF: 0.2750(1.782s / 6.480s)
generated_audios/generated_H2_256C_int8/908-31957-0017_generated.wav | RTF: 0.2802(2.184s / 7.795s) | Generator RTF: 0.2798(2.181s / 7.795s)
generated_audios/generated_H2_256C_int8/908-31957-0018_generated.wav | RTF: 0.2771(1.085s / 3.915s) | Generator RTF: 0.2762(1.081s / 3.915s)
generated_audios/generated_H2_256C_int8/908-31957-0019_generated.wav | RTF: 0.2830(2.699s / 9.540s) | Generator RTF: 0.2825(2.695s / 9.540s)
generated_audios/generated_H2_256C_int8/908-31957-0020_generated.wav | RTF: 0.0560(0.330s / 5.895s) | Generator RTF: 0.0554(0.327s / 5.895s)
generated_audios/generated_H2_256C_int8/908-31957-0021_generated.wav | RTF: 0.2827(3.082s / 10.905s) | Generator RTF: 0.2823(3.078s / 10.905s)
generated_audios/generated_H2_256C_int8/908-31957-0022_generated.wav | RTF: 0.2863(4.037s / 14.100s) | Generator RTF: 0.2860(4.033s / 14.100s)
generated_audios/generated_H2_256C_int8/908-31957-0023_generated.wav | RTF: 0.2797(2.381s / 8.515s) | Generator RTF: 0.2792(2.377s / 8.515s)
generated_audios/generated_H2_256C_int8/908-31957-0024_generated.wav | RTF: 0.2810(2.119s / 7.540s) | Generator RTF: 0.2805(2.115s / 7.540s)
generated_audios/generated_H2_256C_int8/908-31957-0025_generated.wav | RTF: 0.3087(6.347s / 20.560s) | Generator RTF: 0.3085(6.342s / 20.560s)
Average RTF: 0.2115(668.178s / 3159.849s)
Average Generator RTF: 0.2109(666.356s / 3159.849s)
Evaluation summary:
  Mel-spectrogram L1: 0.337295
  PESQ: 2.667206
  STOI: 0.945110
Appended per-audio metrics to CSV: per_audio_results/H2_quantized_resblocks_range_3_8

Appended metrics to CSV: experiments_results.csv
========== H3: pruning 30% ==========
Initializing Inference Process..
Using device: cpu (baseline and quantized inference both run on CPU)
Loading '/home/hpc/vlbi/vlbi107v/hifi-gan/cp_hifigan/v1_c256_physical30/g_00265000'
Complete.
Checkpoint contains plain conv weights. Removing weight_norm wrappers before loading...
Removing weight norm...
Loaded checkpoint: /home/hpc/vlbi/vlbi107v/hifi-gan/cp_hifigan/v1_c256_physical30/g_00265000 (10.497 MB)
Generator parameters: 2,738,521
generated_audios/generated_H3_256C_pruned30/1089-134686-0000_generated.wav | RTF: 0.2581(2.694s / 10.435s) | Generator RTF: 0.2574(2.686s / 10.435s)
generated_audios/generated_H3_256C_pruned30/1089-134686-0001_generated.wav | RTF: 0.2537(0.831s / 3.275s) | Generator RTF: 0.2524(0.827s / 3.275s)
generated_audios/generated_H3_256C_pruned30/1089-134686-0002_generated.wav | RTF: 0.2566(1.700s / 6.625s) | Generator RTF: 0.2560(1.696s / 6.625s)
generated_audios/generated_H3_256C_pruned30/1089-134686-0003_generated.wav | RTF: 0.2582(0.692s / 2.680s) | Generator RTF: 0.2569(0.689s / 2.680s)
generated_audios/generated_H3_256C_pruned30/1089-134686-0004_generated.wav | RTF: 0.2537(1.323s / 5.215s) | Generator RTF: 0.2530(1.320s / 5.215s)
generated_audios/generated_H3_256C_pruned30/1089-134686-0005_generated.wav | RTF: 0.2552(2.459s / 9.635s) | Generator RTF: 0.2548(2.455s / 9.635s)
generated_audios/generated_H3_256C_pruned30/1089-134686-0006_generated.wav | RTF: 0.2596(2.740s / 10.555s) | Generator RTF: 0.2592(2.736s / 10.555s)
generated_audios/generated_H3_256C_pruned30/1089-134686-0007_generated.wav | RTF: 0.2610(1.116s / 4.275s) | Generator RTF: 0.2601(1.112s / 4.275s)
generated_audios/generated_H3_256C_pruned30/1089-134686-0008_generated.wav | RTF: 0.2719(1.830s / 6.730s) | Generator RTF: 0.2713(1.826s / 6.730s)
generated_audios/generated_H3_256C_pruned30/1089-134686-0009_generated.wav | RTF: 0.2614(2.764s / 10.575s) | Generator RTF: 0.2610(2.760s / 10.575s)
generated_audios/generated_H3_256C_pruned30/1089-134686-0010_generated.wav | RTF: 0.2574(1.134s / 4.405s) | Generator RTF: 0.2567(1.131s / 4.405s)
generated_audios/generated_H3_256C_pruned30/1089-134686-0011_generated.wav | RTF: 0.2584(3.216s / 12.445s) | Generator RTF: 0.2580(3.211s / 12.445s)
generated_audios/generated_H3_256C_pruned30/1089-134686-0012_generated.wav | RTF: 0.2547(2.965s / 11.640s) | Generator RTF: 0.2543(2.960s / 11.640s)
generated_audios/generated_H3_256C_pruned30/1089-134686-0013_generated.wav | RTF: 0.2548(2.017s / 7.915s) | Generator RTF: 0.2543(2.013s / 7.915s)
generated_audios/generated_H3_256C_pruned30/1089-134686-0014_generated.wav | RTF: 0.2599(0.578s / 2.225s) | Generator RTF: 0.2584(0.575s / 2.225s)
generated_audios/generated_H3_256C_pruned30/1089-134686-0015_generated.wav | RTF: 0.2526(1.469s / 5.815s) | Generator RTF: 0.2520(1.466s / 5.815s)
generated_audios/generated_H3_256C_pruned30/1089-134686-0016_generated.wav | RTF: 0.2555(0.904s / 3.540s) | Generator RTF: 0.2546(0.901s / 3.540s)
generated_audios/generated_H3_256C_pruned30/1089-134686-0017_generated.wav | RTF: 0.2599(2.305s / 8.870s) | Generator RTF: 0.2594(2.301s / 8.870s)
generated_audios/generated_H3_256C_pruned30/1089-134686-0018_generated.wav | RTF: 0.2847(4.476s / 15.720s) | Generator RTF: 0.2844(4.471s / 15.720s)
generated_audios/generated_H3_256C_pruned30/1089-134686-0019_generated.wav | RTF: 0.2818(3.916s / 13.895s) | Generator RTF: 0.2815(3.912s / 13.895s)
generated_audios/generated_H3_256C_pruned30/1089-134686-0020_generated.wav | RTF: 0.2623(4.403s / 16.790s) | Generator RTF: 0.2620(4.399s / 16.790s)
generated_audios/generated_H3_256C_pruned30/1089-134686-0021_generated.wav | RTF: 0.2549(1.670s / 6.550s) | Generator RTF: 0.2544(1.666s / 6.550s)
generated_audios/generated_H3_256C_pruned30/1089-134686-0022_generated.wav | RTF: 0.2612(2.919s / 11.175s) | Generator RTF: 0.2609(2.915s / 11.175s)
generated_audios/generated_H3_256C_pruned30/1089-134686-0023_generated.wav | RTF: 0.2613(3.469s / 13.275s) | Generator RTF: 0.2610(3.465s / 13.275s)
generated_audios/generated_H3_256C_pruned30/1089-134686-0024_generated.wav | RTF: 0.2586(3.014s / 11.655s) | Generator RTF: 0.2582(3.010s / 11.655s)
generated_audios/generated_H3_256C_pruned30/1089-134686-0025_generated.wav | RTF: 0.2564(1.695s / 6.610s) | Generator RTF: 0.2558(1.691s / 6.610s)
generated_audios/generated_H3_256C_pruned30/1089-134686-0026_generated.wav | RTF: 0.2504(1.004s / 4.010s) | Generator RTF: 0.2496(1.001s / 4.010s)
generated_audios/generated_H3_256C_pruned30/1089-134686-0027_generated.wav | RTF: 0.2562(0.694s / 2.710s) | Generator RTF: 0.2550(0.691s / 2.710s)
generated_audios/generated_H3_256C_pruned30/1089-134686-0028_generated.wav | RTF: 0.2597(2.034s / 7.830s) | Generator RTF: 0.2593(2.030s / 7.830s)
generated_audios/generated_H3_256C_pruned30/1089-134686-0029_generated.wav | RTF: 0.2523(1.178s / 4.670s) | Generator RTF: 0.2516(1.175s / 4.670s)
generated_audios/generated_H3_256C_pruned30/1089-134686-0030_generated.wav | RTF: 0.0590(0.160s / 2.715s) | Generator RTF: 0.0578(0.157s / 2.715s)
generated_audios/generated_H3_256C_pruned30/1089-134686-0031_generated.wav | RTF: 0.0647(0.428s / 6.615s) | Generator RTF: 0.0641(0.424s / 6.615s)
generated_audios/generated_H3_256C_pruned30/121-121726-0000_generated.wav | RTF: 0.2646(2.239s / 8.460s) | Generator RTF: 0.2642(2.235s / 8.460s)
generated_audios/generated_H3_256C_pruned30/121-121726-0001_generated.wav | RTF: 0.2530(1.499s / 5.925s) | Generator RTF: 0.2523(1.495s / 5.925s)
generated_audios/generated_H3_256C_pruned30/121-121726-0002_generated.wav | RTF: 0.0663(0.293s / 4.410s) | Generator RTF: 0.0655(0.289s / 4.410s)
generated_audios/generated_H3_256C_pruned30/121-121726-0003_generated.wav | RTF: 0.2575(1.739s / 6.755s) | Generator RTF: 0.2569(1.735s / 6.755s)
generated_audios/generated_H3_256C_pruned30/121-121726-0004_generated.wav | RTF: 0.2584(1.039s / 4.020s) | Generator RTF: 0.2576(1.035s / 4.020s)
generated_audios/generated_H3_256C_pruned30/121-121726-0005_generated.wav | RTF: 0.2500(0.775s / 3.100s) | Generator RTF: 0.2489(0.772s / 3.100s)
generated_audios/generated_H3_256C_pruned30/121-121726-0006_generated.wav | RTF: 0.2561(0.997s / 3.895s) | Generator RTF: 0.2552(0.994s / 3.895s)
generated_audios/generated_H3_256C_pruned30/121-121726-0007_generated.wav | RTF: 0.0691(0.465s / 6.730s) | Generator RTF: 0.0685(0.461s / 6.730s)
generated_audios/generated_H3_256C_pruned30/121-121726-0008_generated.wav | RTF: 0.2521(1.258s / 4.990s) | Generator RTF: 0.2514(1.255s / 4.990s)
generated_audios/generated_H3_256C_pruned30/121-121726-0009_generated.wav | RTF: 0.2603(1.889s / 7.260s) | Generator RTF: 0.2598(1.886s / 7.260s)
generated_audios/generated_H3_256C_pruned30/121-121726-0010_generated.wav | RTF: 0.2592(2.543s / 9.810s) | Generator RTF: 0.2588(2.539s / 9.810s)
generated_audios/generated_H3_256C_pruned30/121-121726-0011_generated.wav | RTF: 0.2566(1.035s / 4.035s) | Generator RTF: 0.2558(1.032s / 4.035s)
generated_audios/generated_H3_256C_pruned30/121-121726-0012_generated.wav | RTF: 0.2481(1.003s / 4.045s) | Generator RTF: 0.2473(1.000s / 4.045s)
generated_audios/generated_H3_256C_pruned30/121-121726-0013_generated.wav | RTF: 0.2626(0.654s / 2.490s) | Generator RTF: 0.2613(0.651s / 2.490s)
generated_audios/generated_H3_256C_pruned30/121-121726-0014_generated.wav | RTF: 0.2593(0.821s / 3.165s) | Generator RTF: 0.2582(0.817s / 3.165s)
generated_audios/generated_H3_256C_pruned30/121-123852-0000_generated.wav | RTF: 0.2649(4.687s / 17.695s) | Generator RTF: 0.2646(4.682s / 17.695s)
generated_audios/generated_H3_256C_pruned30/121-123852-0001_generated.wav | RTF: 0.2631(0.492s / 1.870s) | Generator RTF: 0.2615(0.489s / 1.870s)
generated_audios/generated_H3_256C_pruned30/121-123852-0002_generated.wav | RTF: 0.2607(4.506s / 17.285s) | Generator RTF: 0.2604(4.501s / 17.285s)
generated_audios/generated_H3_256C_pruned30/121-123852-0003_generated.wav | RTF: 0.3039(7.143s / 23.505s) | Generator RTF: 0.3037(7.138s / 23.505s)
generated_audios/generated_H3_256C_pruned30/121-123852-0004_generated.wav | RTF: 0.2638(4.298s / 16.290s) | Generator RTF: 0.2636(4.294s / 16.290s)
generated_audios/generated_H3_256C_pruned30/121-123859-0000_generated.wav | RTF: 0.2817(4.899s / 17.390s) | Generator RTF: 0.2815(4.895s / 17.390s)
generated_audios/generated_H3_256C_pruned30/121-123859-0001_generated.wav | RTF: 0.3232(8.207s / 25.395s) | Generator RTF: 0.3229(8.201s / 25.395s)
generated_audios/generated_H3_256C_pruned30/121-123859-0002_generated.wav | RTF: 0.3236(9.721s / 30.040s) | Generator RTF: 0.3234(9.714s / 30.040s)
generated_audios/generated_H3_256C_pruned30/121-123859-0003_generated.wav | RTF: 0.2574(2.787s / 10.825s) | Generator RTF: 0.2571(2.783s / 10.825s)
generated_audios/generated_H3_256C_pruned30/121-123859-0004_generated.wav | RTF: 0.2600(2.472s / 9.505s) | Generator RTF: 0.2596(2.468s / 9.505s)
generated_audios/generated_H3_256C_pruned30/121-127105-0000_generated.wav | RTF: 0.2710(2.676s / 9.875s) | Generator RTF: 0.2706(2.672s / 9.875s)
generated_audios/generated_H3_256C_pruned30/121-127105-0001_generated.wav | RTF: 0.2524(1.268s / 5.025s) | Generator RTF: 0.2517(1.265s / 5.025s)
generated_audios/generated_H3_256C_pruned30/121-127105-0002_generated.wav | RTF: 0.2531(1.897s / 7.495s) | Generator RTF: 0.2526(1.893s / 7.495s)
generated_audios/generated_H3_256C_pruned30/121-127105-0003_generated.wav | RTF: 0.2595(2.004s / 7.725s) | Generator RTF: 0.2590(2.001s / 7.725s)
generated_audios/generated_H3_256C_pruned30/121-127105-0004_generated.wav | RTF: 0.2628(0.555s / 2.110s) | Generator RTF: 0.2614(0.551s / 2.110s)
generated_audios/generated_H3_256C_pruned30/121-127105-0005_generated.wav | RTF: 0.2520(1.467s / 5.820s) | Generator RTF: 0.2514(1.463s / 5.820s)
generated_audios/generated_H3_256C_pruned30/121-127105-0006_generated.wav | RTF: 0.2571(1.215s / 4.725s) | Generator RTF: 0.2563(1.211s / 4.725s)
generated_audios/generated_H3_256C_pruned30/121-127105-0007_generated.wav | RTF: 0.2543(1.472s / 5.790s) | Generator RTF: 0.2536(1.469s / 5.790s)
generated_audios/generated_H3_256C_pruned30/121-127105-0008_generated.wav | RTF: 0.2486(0.686s / 2.760s) | Generator RTF: 0.2475(0.683s / 2.760s)
generated_audios/generated_H3_256C_pruned30/121-127105-0009_generated.wav | RTF: 0.2550(0.584s / 2.290s) | Generator RTF: 0.2536(0.581s / 2.290s)
generated_audios/generated_H3_256C_pruned30/121-127105-0010_generated.wav | RTF: 0.2544(0.725s / 2.850s) | Generator RTF: 0.2532(0.722s / 2.850s)
generated_audios/generated_H3_256C_pruned30/121-127105-0011_generated.wav | RTF: 0.2576(1.489s / 5.780s) | Generator RTF: 0.2571(1.486s / 5.780s)
generated_audios/generated_H3_256C_pruned30/121-127105-0012_generated.wav | RTF: 0.2565(1.239s / 4.830s) | Generator RTF: 0.2557(1.235s / 4.830s)
generated_audios/generated_H3_256C_pruned30/121-127105-0013_generated.wav | RTF: 0.2554(1.506s / 5.895s) | Generator RTF: 0.2548(1.502s / 5.895s)
generated_audios/generated_H3_256C_pruned30/121-127105-0014_generated.wav | RTF: 0.2572(0.580s / 2.255s) | Generator RTF: 0.2558(0.577s / 2.255s)
generated_audios/generated_H3_256C_pruned30/121-127105-0015_generated.wav | RTF: 0.2575(0.762s / 2.960s) | Generator RTF: 0.2564(0.759s / 2.960s)
generated_audios/generated_H3_256C_pruned30/121-127105-0016_generated.wav | RTF: 0.2505(0.509s / 2.030s) | Generator RTF: 0.2489(0.505s / 2.030s)
generated_audios/generated_H3_256C_pruned30/121-127105-0017_generated.wav | RTF: 0.2599(0.700s / 2.695s) | Generator RTF: 0.2586(0.697s / 2.695s)
generated_audios/generated_H3_256C_pruned30/121-127105-0018_generated.wav | RTF: 0.2570(0.712s / 2.770s) | Generator RTF: 0.2559(0.709s / 2.770s)
generated_audios/generated_H3_256C_pruned30/121-127105-0019_generated.wav | RTF: 0.2505(0.883s / 3.525s) | Generator RTF: 0.2496(0.880s / 3.525s)
generated_audios/generated_H3_256C_pruned30/121-127105-0020_generated.wav | RTF: 0.2850(4.092s / 14.355s) | Generator RTF: 0.2847(4.087s / 14.355s)
generated_audios/generated_H3_256C_pruned30/121-127105-0021_generated.wav | RTF: 0.2622(0.524s / 2.000s) | Generator RTF: 0.2606(0.521s / 2.000s)
generated_audios/generated_H3_256C_pruned30/121-127105-0022_generated.wav | RTF: 0.2567(1.303s / 5.075s) | Generator RTF: 0.2560(1.299s / 5.075s)
generated_audios/generated_H3_256C_pruned30/121-127105-0023_generated.wav | RTF: 0.2590(2.826s / 10.910s) | Generator RTF: 0.2587(2.822s / 10.910s)
generated_audios/generated_H3_256C_pruned30/121-127105-0024_generated.wav | RTF: 0.2881(4.163s / 14.450s) | Generator RTF: 0.2878(4.158s / 14.450s)
generated_audios/generated_H3_256C_pruned30/121-127105-0025_generated.wav | RTF: 0.2875(4.618s / 16.065s) | Generator RTF: 0.2871(4.613s / 16.065s)
generated_audios/generated_H3_256C_pruned30/121-127105-0026_generated.wav | RTF: 0.2579(1.942s / 7.530s) | Generator RTF: 0.2574(1.938s / 7.530s)
generated_audios/generated_H3_256C_pruned30/121-127105-0027_generated.wav | RTF: 0.2853(3.957s / 13.870s) | Generator RTF: 0.2850(3.952s / 13.870s)
generated_audios/generated_H3_256C_pruned30/121-127105-0028_generated.wav | RTF: 0.0700(0.472s / 6.750s) | Generator RTF: 0.0694(0.468s / 6.750s)
generated_audios/generated_H3_256C_pruned30/121-127105-0029_generated.wav | RTF: 0.2594(1.896s / 7.310s) | Generator RTF: 0.2589(1.892s / 7.310s)
generated_audios/generated_H3_256C_pruned30/121-127105-0030_generated.wav | RTF: 0.2651(0.577s / 2.175s) | Generator RTF: 0.2637(0.574s / 2.175s)
generated_audios/generated_H3_256C_pruned30/121-127105-0031_generated.wav | RTF: 0.2663(2.866s / 10.765s) | Generator RTF: 0.2659(2.862s / 10.765s)
generated_audios/generated_H3_256C_pruned30/121-127105-0032_generated.wav | RTF: 0.2528(0.801s / 3.170s) | Generator RTF: 0.2519(0.798s / 3.170s)
generated_audios/generated_H3_256C_pruned30/121-127105-0033_generated.wav | RTF: 0.2650(0.624s / 2.355s) | Generator RTF: 0.2636(0.621s / 2.355s)
generated_audios/generated_H3_256C_pruned30/121-127105-0034_generated.wav | RTF: 0.2606(1.931s / 7.410s) | Generator RTF: 0.2602(1.928s / 7.410s)
generated_audios/generated_H3_256C_pruned30/121-127105-0035_generated.wav | RTF: 0.2853(4.036s / 14.150s) | Generator RTF: 0.2849(4.032s / 14.150s)
generated_audios/generated_H3_256C_pruned30/121-127105-0036_generated.wav | RTF: 0.2518(1.045s / 4.150s) | Generator RTF: 0.2511(1.042s / 4.150s)
generated_audios/generated_H3_256C_pruned30/237-126133-0000_generated.wav | RTF: 0.2890(3.841s / 13.290s) | Generator RTF: 0.2887(3.837s / 13.290s)
generated_audios/generated_H3_256C_pruned30/237-126133-0001_generated.wav | RTF: 0.2907(3.478s / 11.965s) | Generator RTF: 0.2904(3.474s / 11.965s)
generated_audios/generated_H3_256C_pruned30/237-126133-0002_generated.wav | RTF: 0.2574(2.296s / 8.920s) | Generator RTF: 0.2570(2.292s / 8.920s)
generated_audios/generated_H3_256C_pruned30/237-126133-0003_generated.wav | RTF: 0.2569(1.685s / 6.560s) | Generator RTF: 0.2563(1.682s / 6.560s)
generated_audios/generated_H3_256C_pruned30/237-126133-0004_generated.wav | RTF: 0.2597(0.856s / 3.295s) | Generator RTF: 0.2587(0.852s / 3.295s)
generated_audios/generated_H3_256C_pruned30/237-126133-0005_generated.wav | RTF: 0.2605(1.696s / 6.510s) | Generator RTF: 0.2600(1.692s / 6.510s)
generated_audios/generated_H3_256C_pruned30/237-126133-0006_generated.wav | RTF: 0.2557(1.573s / 6.150s) | Generator RTF: 0.2551(1.569s / 6.150s)
generated_audios/generated_H3_256C_pruned30/237-126133-0007_generated.wav | RTF: 0.2550(2.214s / 8.680s) | Generator RTF: 0.2546(2.210s / 8.680s)
generated_audios/generated_H3_256C_pruned30/237-126133-0008_generated.wav | RTF: 0.2589(1.001s / 3.865s) | Generator RTF: 0.2580(0.997s / 3.865s)
generated_audios/generated_H3_256C_pruned30/237-126133-0009_generated.wav | RTF: 0.2556(1.015s / 3.970s) | Generator RTF: 0.2548(1.011s / 3.970s)
generated_audios/generated_H3_256C_pruned30/237-126133-0010_generated.wav | RTF: 0.2571(1.604s / 6.240s) | Generator RTF: 0.2565(1.601s / 6.240s)
generated_audios/generated_H3_256C_pruned30/237-126133-0011_generated.wav | RTF: 0.2578(1.730s / 6.710s) | Generator RTF: 0.2572(1.726s / 6.710s)
generated_audios/generated_H3_256C_pruned30/237-126133-0012_generated.wav | RTF: 0.2560(1.139s / 4.450s) | Generator RTF: 0.2552(1.136s / 4.450s)
generated_audios/generated_H3_256C_pruned30/237-126133-0013_generated.wav | RTF: 0.2598(1.770s / 6.815s) | Generator RTF: 0.2592(1.767s / 6.815s)
generated_audios/generated_H3_256C_pruned30/237-126133-0014_generated.wav | RTF: 0.2575(1.749s / 6.790s) | Generator RTF: 0.2570(1.745s / 6.790s)
generated_audios/generated_H3_256C_pruned30/237-126133-0015_generated.wav | RTF: 0.2578(2.408s / 9.340s) | Generator RTF: 0.2573(2.404s / 9.340s)
generated_audios/generated_H3_256C_pruned30/237-126133-0016_generated.wav | RTF: 0.2532(1.076s / 4.250s) | Generator RTF: 0.2525(1.073s / 4.250s)
generated_audios/generated_H3_256C_pruned30/237-126133-0017_generated.wav | RTF: 0.2571(1.597s / 6.210s) | Generator RTF: 0.2566(1.593s / 6.210s)
generated_audios/generated_H3_256C_pruned30/237-126133-0018_generated.wav | RTF: 0.2621(1.073s / 4.095s) | Generator RTF: 0.2612(1.070s / 4.095s)
generated_audios/generated_H3_256C_pruned30/237-126133-0019_generated.wav | RTF: 0.2622(1.867s / 7.120s) | Generator RTF: 0.2617(1.863s / 7.120s)
generated_audios/generated_H3_256C_pruned30/237-126133-0020_generated.wav | RTF: 0.2541(0.569s / 2.240s) | Generator RTF: 0.2527(0.566s / 2.240s)
generated_audios/generated_H3_256C_pruned30/237-126133-0021_generated.wav | RTF: 0.2546(1.111s / 4.365s) | Generator RTF: 0.2538(1.108s / 4.365s)
generated_audios/generated_H3_256C_pruned30/237-126133-0022_generated.wav | RTF: 0.2581(1.301s / 5.040s) | Generator RTF: 0.2573(1.297s / 5.040s)
generated_audios/generated_H3_256C_pruned30/237-126133-0023_generated.wav | RTF: 0.2607(1.740s / 6.675s) | Generator RTF: 0.2601(1.736s / 6.675s)
generated_audios/generated_H3_256C_pruned30/237-126133-0024_generated.wav | RTF: 0.2619(2.532s / 9.665s) | Generator RTF: 0.2615(2.528s / 9.665s)
generated_audios/generated_H3_256C_pruned30/237-126133-0025_generated.wav | RTF: 0.2593(0.974s / 3.755s) | Generator RTF: 0.2584(0.970s / 3.755s)
generated_audios/generated_H3_256C_pruned30/237-134493-0000_generated.wav | RTF: 0.2578(1.058s / 4.105s) | Generator RTF: 0.2570(1.055s / 4.105s)
generated_audios/generated_H3_256C_pruned30/237-134493-0001_generated.wav | RTF: 0.2620(1.933s / 7.380s) | Generator RTF: 0.2615(1.930s / 7.380s)
generated_audios/generated_H3_256C_pruned30/237-134493-0002_generated.wav | RTF: 0.2662(3.033s / 11.395s) | Generator RTF: 0.2658(3.029s / 11.395s)
generated_audios/generated_H3_256C_pruned30/237-134493-0003_generated.wav | RTF: 0.2909(3.714s / 12.765s) | Generator RTF: 0.2906(3.709s / 12.765s)
generated_audios/generated_H3_256C_pruned30/237-134493-0004_generated.wav | RTF: 0.2573(1.756s / 6.825s) | Generator RTF: 0.2568(1.753s / 6.825s)
generated_audios/generated_H3_256C_pruned30/237-134493-0005_generated.wav | RTF: 0.2598(2.844s / 10.945s) | Generator RTF: 0.2594(2.839s / 10.945s)
generated_audios/generated_H3_256C_pruned30/237-134493-0006_generated.wav | RTF: 0.2555(1.123s / 4.395s) | Generator RTF: 0.2547(1.119s / 4.395s)
generated_audios/generated_H3_256C_pruned30/237-134493-0007_generated.wav | RTF: 0.2715(0.553s / 2.035s) | Generator RTF: 0.2699(0.549s / 2.035s)
generated_audios/generated_H3_256C_pruned30/237-134493-0008_generated.wav | RTF: 0.2553(0.588s / 2.305s) | Generator RTF: 0.2539(0.585s / 2.305s)
generated_audios/generated_H3_256C_pruned30/237-134493-0009_generated.wav | RTF: 0.2606(0.775s / 2.975s) | Generator RTF: 0.2595(0.772s / 2.975s)
generated_audios/generated_H3_256C_pruned30/237-134493-0010_generated.wav | RTF: 0.2568(0.738s / 2.875s) | Generator RTF: 0.2557(0.735s / 2.875s)
generated_audios/generated_H3_256C_pruned30/237-134493-0011_generated.wav | RTF: 0.2645(1.332s / 5.035s) | Generator RTF: 0.2638(1.328s / 5.035s)
generated_audios/generated_H3_256C_pruned30/237-134493-0012_generated.wav | RTF: 0.2552(0.934s / 3.660s) | Generator RTF: 0.2543(0.931s / 3.660s)
generated_audios/generated_H3_256C_pruned30/237-134493-0013_generated.wav | RTF: 0.0682(0.279s / 4.090s) | Generator RTF: 0.0674(0.276s / 4.090s)
generated_audios/generated_H3_256C_pruned30/237-134493-0014_generated.wav | RTF: 0.2555(0.945s / 3.700s) | Generator RTF: 0.2545(0.942s / 3.700s)
generated_audios/generated_H3_256C_pruned30/237-134493-0015_generated.wav | RTF: 0.0716(0.469s / 6.550s) | Generator RTF: 0.0711(0.466s / 6.550s)
generated_audios/generated_H3_256C_pruned30/237-134493-0016_generated.wav | RTF: 0.2765(2.788s / 10.085s) | Generator RTF: 0.2760(2.784s / 10.085s)
generated_audios/generated_H3_256C_pruned30/237-134493-0017_generated.wav | RTF: 0.2649(2.412s / 9.105s) | Generator RTF: 0.2645(2.409s / 9.105s)
generated_audios/generated_H3_256C_pruned30/237-134493-0018_generated.wav | RTF: 0.2597(1.244s / 4.790s) | Generator RTF: 0.2590(1.240s / 4.790s)
generated_audios/generated_H3_256C_pruned30/237-134500-0000_generated.wav | RTF: 0.2609(1.599s / 6.130s) | Generator RTF: 0.2603(1.595s / 6.130s)
generated_audios/generated_H3_256C_pruned30/237-134500-0001_generated.wav | RTF: 0.2660(0.481s / 1.810s) | Generator RTF: 0.2642(0.478s / 1.810s)
generated_audios/generated_H3_256C_pruned30/237-134500-0002_generated.wav | RTF: 0.2578(1.307s / 5.070s) | Generator RTF: 0.2571(1.303s / 5.070s)
generated_audios/generated_H3_256C_pruned30/237-134500-0003_generated.wav | RTF: 0.0676(0.214s / 3.170s) | Generator RTF: 0.0666(0.211s / 3.170s)
generated_audios/generated_H3_256C_pruned30/237-134500-0004_generated.wav | RTF: 0.0686(0.153s / 2.225s) | Generator RTF: 0.0671(0.149s / 2.225s)
generated_audios/generated_H3_256C_pruned30/237-134500-0005_generated.wav | RTF: 0.2684(0.641s / 2.390s) | Generator RTF: 0.2669(0.638s / 2.390s)
generated_audios/generated_H3_256C_pruned30/237-134500-0006_generated.wav | RTF: 0.2538(1.072s / 4.225s) | Generator RTF: 0.2530(1.069s / 4.225s)
generated_audios/generated_H3_256C_pruned30/237-134500-0007_generated.wav | RTF: 0.0594(0.142s / 2.390s) | Generator RTF: 0.0581(0.139s / 2.390s)
generated_audios/generated_H3_256C_pruned30/237-134500-0008_generated.wav | RTF: 0.0671(0.252s / 3.760s) | Generator RTF: 0.0662(0.249s / 3.760s)
generated_audios/generated_H3_256C_pruned30/237-134500-0009_generated.wav | RTF: 0.0604(0.134s / 2.220s) | Generator RTF: 0.0589(0.131s / 2.220s)
generated_audios/generated_H3_256C_pruned30/237-134500-0010_generated.wav | RTF: 0.2625(1.049s / 3.995s) | Generator RTF: 0.2616(1.045s / 3.995s)
generated_audios/generated_H3_256C_pruned30/237-134500-0011_generated.wav | RTF: 0.2560(0.858s / 3.350s) | Generator RTF: 0.2550(0.854s / 3.350s)
generated_audios/generated_H3_256C_pruned30/237-134500-0012_generated.wav | RTF: 0.2743(2.999s / 10.935s) | Generator RTF: 0.2739(2.995s / 10.935s)
generated_audios/generated_H3_256C_pruned30/237-134500-0013_generated.wav | RTF: 0.0704(0.744s / 10.560s) | Generator RTF: 0.0701(0.740s / 10.560s)
generated_audios/generated_H3_256C_pruned30/237-134500-0014_generated.wav | RTF: 0.0665(0.283s / 4.250s) | Generator RTF: 0.0657(0.279s / 4.250s)
generated_audios/generated_H3_256C_pruned30/237-134500-0015_generated.wav | RTF: 0.2799(3.027s / 10.815s) | Generator RTF: 0.2795(3.023s / 10.815s)
generated_audios/generated_H3_256C_pruned30/237-134500-0016_generated.wav | RTF: 0.0664(0.210s / 3.160s) | Generator RTF: 0.0654(0.207s / 3.160s)
generated_audios/generated_H3_256C_pruned30/237-134500-0017_generated.wav | RTF: 0.0705(0.154s / 2.180s) | Generator RTF: 0.0692(0.151s / 2.180s)
generated_audios/generated_H3_256C_pruned30/237-134500-0018_generated.wav | RTF: 0.2948(3.786s / 12.845s) | Generator RTF: 0.2944(3.782s / 12.845s)
generated_audios/generated_H3_256C_pruned30/237-134500-0019_generated.wav | RTF: 0.2562(0.733s / 2.860s) | Generator RTF: 0.2552(0.730s / 2.860s)
generated_audios/generated_H3_256C_pruned30/237-134500-0020_generated.wav | RTF: 0.0609(0.133s / 2.180s) | Generator RTF: 0.0594(0.130s / 2.180s)
generated_audios/generated_H3_256C_pruned30/237-134500-0021_generated.wav | RTF: 0.2602(1.332s / 5.120s) | Generator RTF: 0.2595(1.328s / 5.120s)
generated_audios/generated_H3_256C_pruned30/237-134500-0022_generated.wav | RTF: 0.2634(1.361s / 5.165s) | Generator RTF: 0.2627(1.357s / 5.165s)
generated_audios/generated_H3_256C_pruned30/237-134500-0023_generated.wav | RTF: 0.2678(0.819s / 3.060s) | Generator RTF: 0.2667(0.816s / 3.060s)
generated_audios/generated_H3_256C_pruned30/237-134500-0024_generated.wav | RTF: 0.0670(0.295s / 4.410s) | Generator RTF: 0.0662(0.292s / 4.410s)
generated_audios/generated_H3_256C_pruned30/237-134500-0025_generated.wav | RTF: 0.2697(0.440s / 1.630s) | Generator RTF: 0.2678(0.437s / 1.630s)
generated_audios/generated_H3_256C_pruned30/237-134500-0026_generated.wav | RTF: 0.2633(0.803s / 3.050s) | Generator RTF: 0.2622(0.800s / 3.050s)
generated_audios/generated_H3_256C_pruned30/237-134500-0027_generated.wav | RTF: 0.2660(0.870s / 3.270s) | Generator RTF: 0.2650(0.866s / 3.270s)
generated_audios/generated_H3_256C_pruned30/237-134500-0028_generated.wav | RTF: 0.2684(1.215s / 4.525s) | Generator RTF: 0.2677(1.211s / 4.525s)
generated_audios/generated_H3_256C_pruned30/237-134500-0029_generated.wav | RTF: 0.2599(0.537s / 2.065s) | Generator RTF: 0.2584(0.534s / 2.065s)
generated_audios/generated_H3_256C_pruned30/237-134500-0030_generated.wav | RTF: 0.2677(0.744s / 2.780s) | Generator RTF: 0.2667(0.741s / 2.780s)
generated_audios/generated_H3_256C_pruned30/237-134500-0031_generated.wav | RTF: 0.2777(2.946s / 10.610s) | Generator RTF: 0.2773(2.942s / 10.610s)
generated_audios/generated_H3_256C_pruned30/237-134500-0032_generated.wav | RTF: 0.0664(0.334s / 5.025s) | Generator RTF: 0.0657(0.330s / 5.025s)
generated_audios/generated_H3_256C_pruned30/237-134500-0033_generated.wav | RTF: 0.2661(1.690s / 6.350s) | Generator RTF: 0.2655(1.686s / 6.350s)
generated_audios/generated_H3_256C_pruned30/237-134500-0034_generated.wav | RTF: 0.2665(0.819s / 3.075s) | Generator RTF: 0.2655(0.816s / 3.075s)
generated_audios/generated_H3_256C_pruned30/237-134500-0035_generated.wav | RTF: 0.2726(0.696s / 2.555s) | Generator RTF: 0.2714(0.693s / 2.555s)
generated_audios/generated_H3_256C_pruned30/237-134500-0036_generated.wav | RTF: 0.2720(1.795s / 6.600s) | Generator RTF: 0.2714(1.792s / 6.600s)
generated_audios/generated_H3_256C_pruned30/237-134500-0037_generated.wav | RTF: 0.2731(1.941s / 7.105s) | Generator RTF: 0.2726(1.937s / 7.105s)
generated_audios/generated_H3_256C_pruned30/237-134500-0038_generated.wav | RTF: 0.2711(0.660s / 2.435s) | Generator RTF: 0.2698(0.657s / 2.435s)
generated_audios/generated_H3_256C_pruned30/237-134500-0039_generated.wav | RTF: 0.2733(1.265s / 4.630s) | Generator RTF: 0.2725(1.262s / 4.630s)
generated_audios/generated_H3_256C_pruned30/237-134500-0040_generated.wav | RTF: 0.0661(0.267s / 4.030s) | Generator RTF: 0.0653(0.263s / 4.030s)
generated_audios/generated_H3_256C_pruned30/237-134500-0041_generated.wav | RTF: 0.0694(0.619s / 8.920s) | Generator RTF: 0.0690(0.616s / 8.920s)
generated_audios/generated_H3_256C_pruned30/237-134500-0042_generated.wav | RTF: 0.2704(0.696s / 2.575s) | Generator RTF: 0.2691(0.693s / 2.575s)
generated_audios/generated_H3_256C_pruned30/260-123286-0000_generated.wav | RTF: 0.2716(1.912s / 7.040s) | Generator RTF: 0.2710(1.908s / 7.040s)
generated_audios/generated_H3_256C_pruned30/260-123286-0001_generated.wav | RTF: 0.0637(0.196s / 3.070s) | Generator RTF: 0.0626(0.192s / 3.070s)
generated_audios/generated_H3_256C_pruned30/260-123286-0002_generated.wav | RTF: 0.2743(2.739s / 9.985s) | Generator RTF: 0.2739(2.734s / 9.985s)
generated_audios/generated_H3_256C_pruned30/260-123286-0003_generated.wav | RTF: 0.2718(2.004s / 7.370s) | Generator RTF: 0.2713(2.000s / 7.370s)
generated_audios/generated_H3_256C_pruned30/260-123286-0004_generated.wav | RTF: 0.2714(0.940s / 3.465s) | Generator RTF: 0.2705(0.937s / 3.465s)
generated_audios/generated_H3_256C_pruned30/260-123286-0005_generated.wav | RTF: 0.2692(1.295s / 4.810s) | Generator RTF: 0.2685(1.292s / 4.810s)
generated_audios/generated_H3_256C_pruned30/260-123286-0006_generated.wav | RTF: 0.2792(2.067s / 7.405s) | Generator RTF: 0.2787(2.064s / 7.405s)
generated_audios/generated_H3_256C_pruned30/260-123286-0007_generated.wav | RTF: 0.2688(1.223s / 4.550s) | Generator RTF: 0.2680(1.220s / 4.550s)
generated_audios/generated_H3_256C_pruned30/260-123286-0008_generated.wav | RTF: 0.2674(0.999s / 3.735s) | Generator RTF: 0.2665(0.995s / 3.735s)
generated_audios/generated_H3_256C_pruned30/260-123286-0009_generated.wav | RTF: 0.2741(1.588s / 5.795s) | Generator RTF: 0.2735(1.585s / 5.795s)
generated_audios/generated_H3_256C_pruned30/260-123286-0010_generated.wav | RTF: 0.0673(0.173s / 2.575s) | Generator RTF: 0.0660(0.170s / 2.575s)
generated_audios/generated_H3_256C_pruned30/260-123286-0011_generated.wav | RTF: 0.0670(0.285s / 4.255s) | Generator RTF: 0.0662(0.282s / 4.255s)
generated_audios/generated_H3_256C_pruned30/260-123286-0012_generated.wav | RTF: 0.0677(0.165s / 2.430s) | Generator RTF: 0.0664(0.161s / 2.430s)
generated_audios/generated_H3_256C_pruned30/260-123286-0013_generated.wav | RTF: 0.2707(1.280s / 4.730s) | Generator RTF: 0.2700(1.277s / 4.730s)
generated_audios/generated_H3_256C_pruned30/260-123286-0014_generated.wav | RTF: 0.0704(0.210s / 2.980s) | Generator RTF: 0.0693(0.207s / 2.980s)
generated_audios/generated_H3_256C_pruned30/260-123286-0015_generated.wav | RTF: 0.2709(1.411s / 5.210s) | Generator RTF: 0.2702(1.408s / 5.210s)
generated_audios/generated_H3_256C_pruned30/260-123286-0016_generated.wav | RTF: 0.2752(1.926s / 7.000s) | Generator RTF: 0.2746(1.922s / 7.000s)
generated_audios/generated_H3_256C_pruned30/260-123286-0017_generated.wav | RTF: 0.2663(1.059s / 3.975s) | Generator RTF: 0.2655(1.055s / 3.975s)
generated_audios/generated_H3_256C_pruned30/260-123286-0018_generated.wav | RTF: 0.2748(1.558s / 5.670s) | Generator RTF: 0.2742(1.555s / 5.670s)
generated_audios/generated_H3_256C_pruned30/260-123286-0019_generated.wav | RTF: 0.3042(3.622s / 11.905s) | Generator RTF: 0.3038(3.617s / 11.905s)
generated_audios/generated_H3_256C_pruned30/260-123286-0020_generated.wav | RTF: 0.0676(0.207s / 3.060s) | Generator RTF: 0.0665(0.204s / 3.060s)
generated_audios/generated_H3_256C_pruned30/260-123286-0021_generated.wav | RTF: 0.2668(0.680s / 2.550s) | Generator RTF: 0.2655(0.677s / 2.550s)
generated_audios/generated_H3_256C_pruned30/260-123286-0022_generated.wav | RTF: 0.2729(0.883s / 3.235s) | Generator RTF: 0.2719(0.880s / 3.235s)
generated_audios/generated_H3_256C_pruned30/260-123286-0023_generated.wav | RTF: 0.2783(1.635s / 5.875s) | Generator RTF: 0.2777(1.632s / 5.875s)
generated_audios/generated_H3_256C_pruned30/260-123286-0024_generated.wav | RTF: 0.2691(0.818s / 3.040s) | Generator RTF: 0.2680(0.815s / 3.040s)
generated_audios/generated_H3_256C_pruned30/260-123286-0025_generated.wav | RTF: 0.2790(2.568s / 9.205s) | Generator RTF: 0.2785(2.564s / 9.205s)
generated_audios/generated_H3_256C_pruned30/260-123286-0026_generated.wav | RTF: 0.2759(1.915s / 6.940s) | Generator RTF: 0.2753(1.910s / 6.940s)
generated_audios/generated_H3_256C_pruned30/260-123286-0027_generated.wav | RTF: 0.2781(1.994s / 7.170s) | Generator RTF: 0.2776(1.990s / 7.170s)
generated_audios/generated_H3_256C_pruned30/260-123286-0028_generated.wav | RTF: 0.2789(2.082s / 7.465s) | Generator RTF: 0.2783(2.078s / 7.465s)
generated_audios/generated_H3_256C_pruned30/260-123286-0029_generated.wav | RTF: 0.0685(0.311s / 4.545s) | Generator RTF: 0.0677(0.308s / 4.545s)
generated_audios/generated_H3_256C_pruned30/260-123286-0030_generated.wav | RTF: 0.0690(0.519s / 7.530s) | Generator RTF: 0.0684(0.515s / 7.530s)
generated_audios/generated_H3_256C_pruned30/260-123286-0031_generated.wav | RTF: 0.2751(1.392s / 5.060s) | Generator RTF: 0.2744(1.389s / 5.060s)
generated_audios/generated_H3_256C_pruned30/260-123288-0000_generated.wav | RTF: 0.0593(0.180s / 3.040s) | Generator RTF: 0.0583(0.177s / 3.040s)
generated_audios/generated_H3_256C_pruned30/260-123288-0001_generated.wav | RTF: 0.0683(0.347s / 5.080s) | Generator RTF: 0.0678(0.344s / 5.080s)
generated_audios/generated_H3_256C_pruned30/260-123288-0002_generated.wav | RTF: 0.2800(2.030s / 7.250s) | Generator RTF: 0.2795(2.026s / 7.250s)
generated_audios/generated_H3_256C_pruned30/260-123288-0003_generated.wav | RTF: 0.2833(2.523s / 8.905s) | Generator RTF: 0.2828(2.518s / 8.905s)
generated_audios/generated_H3_256C_pruned30/260-123288-0004_generated.wav | RTF: 0.2811(1.211s / 4.310s) | Generator RTF: 0.2803(1.208s / 4.310s)
generated_audios/generated_H3_256C_pruned30/260-123288-0005_generated.wav | RTF: 0.3068(3.851s / 12.550s) | Generator RTF: 0.3065(3.846s / 12.550s)
generated_audios/generated_H3_256C_pruned30/260-123288-0006_generated.wav | RTF: 0.2775(1.354s / 4.880s) | Generator RTF: 0.2768(1.351s / 4.880s)
generated_audios/generated_H3_256C_pruned30/260-123288-0007_generated.wav | RTF: 0.2842(3.183s / 11.200s) | Generator RTF: 0.2838(3.179s / 11.200s)
generated_audios/generated_H3_256C_pruned30/260-123288-0008_generated.wav | RTF: 0.2884(1.590s / 5.515s) | Generator RTF: 0.2877(1.587s / 5.515s)
generated_audios/generated_H3_256C_pruned30/260-123288-0009_generated.wav | RTF: 0.2790(0.958s / 3.435s) | Generator RTF: 0.2782(0.956s / 3.435s)
generated_audios/generated_H3_256C_pruned30/260-123288-0010_generated.wav | RTF: 0.0721(0.721s / 9.995s) | Generator RTF: 0.0717(0.717s / 9.995s)
generated_audios/generated_H3_256C_pruned30/260-123288-0011_generated.wav | RTF: 0.2815(2.528s / 8.980s) | Generator RTF: 0.2810(2.524s / 8.980s)
generated_audios/generated_H3_256C_pruned30/260-123288-0012_generated.wav | RTF: 0.2797(0.992s / 3.545s) | Generator RTF: 0.2788(0.988s / 3.545s)
generated_audios/generated_H3_256C_pruned30/260-123288-0013_generated.wav | RTF: 0.2872(3.270s / 11.385s) | Generator RTF: 0.2868(3.266s / 11.385s)
generated_audios/generated_H3_256C_pruned30/260-123288-0014_generated.wav | RTF: 0.0729(0.132s / 1.805s) | Generator RTF: 0.0711(0.128s / 1.805s)
generated_audios/generated_H3_256C_pruned30/260-123288-0015_generated.wav | RTF: 0.3042(6.444s / 21.185s) | Generator RTF: 0.3039(6.439s / 21.185s)
generated_audios/generated_H3_256C_pruned30/260-123288-0016_generated.wav | RTF: 0.2822(1.373s / 4.865s) | Generator RTF: 0.2815(1.370s / 4.865s)
generated_audios/generated_H3_256C_pruned30/260-123288-0017_generated.wav | RTF: 0.2754(1.439s / 5.225s) | Generator RTF: 0.2747(1.435s / 5.225s)
generated_audios/generated_H3_256C_pruned30/260-123288-0018_generated.wav | RTF: 0.2710(0.880s / 3.245s) | Generator RTF: 0.2698(0.876s / 3.245s)
generated_audios/generated_H3_256C_pruned30/260-123288-0019_generated.wav | RTF: 0.0698(0.206s / 2.955s) | Generator RTF: 0.0688(0.203s / 2.955s)
generated_audios/generated_H3_256C_pruned30/260-123288-0020_generated.wav | RTF: 0.2718(0.788s / 2.900s) | Generator RTF: 0.2707(0.785s / 2.900s)
generated_audios/generated_H3_256C_pruned30/260-123288-0021_generated.wav | RTF: 0.0679(0.184s / 2.710s) | Generator RTF: 0.0668(0.181s / 2.710s)
generated_audios/generated_H3_256C_pruned30/260-123288-0022_generated.wav | RTF: 0.2848(1.055s / 3.705s) | Generator RTF: 0.2838(1.052s / 3.705s)
generated_audios/generated_H3_256C_pruned30/260-123288-0023_generated.wav | RTF: 0.0681(0.163s / 2.385s) | Generator RTF: 0.0668(0.159s / 2.385s)
generated_audios/generated_H3_256C_pruned30/260-123288-0024_generated.wav | RTF: 0.3076(4.489s / 14.595s) | Generator RTF: 0.3073(4.484s / 14.595s)
generated_audios/generated_H3_256C_pruned30/260-123288-0025_generated.wav | RTF: 0.3077(4.137s / 13.445s) | Generator RTF: 0.3073(4.132s / 13.445s)
generated_audios/generated_H3_256C_pruned30/260-123288-0026_generated.wav | RTF: 0.3105(4.981s / 16.040s) | Generator RTF: 0.3102(4.976s / 16.040s)
generated_audios/generated_H3_256C_pruned30/260-123288-0027_generated.wav | RTF: 0.2828(1.783s / 6.305s) | Generator RTF: 0.2821(1.779s / 6.305s)
generated_audios/generated_H3_256C_pruned30/260-123288-0028_generated.wav | RTF: 0.2832(0.739s / 2.610s) | Generator RTF: 0.2820(0.736s / 2.610s)
generated_audios/generated_H3_256C_pruned30/260-123440-0000_generated.wav | RTF: 0.2787(0.603s / 2.165s) | Generator RTF: 0.2772(0.600s / 2.165s)
generated_audios/generated_H3_256C_pruned30/260-123440-0001_generated.wav | RTF: 0.2896(0.504s / 1.740s) | Generator RTF: 0.2878(0.501s / 1.740s)
generated_audios/generated_H3_256C_pruned30/260-123440-0002_generated.wav | RTF: 0.3128(4.602s / 14.715s) | Generator RTF: 0.3125(4.598s / 14.715s)
generated_audios/generated_H3_256C_pruned30/260-123440-0003_generated.wav | RTF: 0.2850(1.022s / 3.585s) | Generator RTF: 0.2841(1.019s / 3.585s)
generated_audios/generated_H3_256C_pruned30/260-123440-0004_generated.wav | RTF: 0.2887(3.470s / 12.020s) | Generator RTF: 0.2883(3.465s / 12.020s)
generated_audios/generated_H3_256C_pruned30/260-123440-0005_generated.wav | RTF: 0.0696(0.216s / 3.105s) | Generator RTF: 0.0685(0.213s / 3.105s)
generated_audios/generated_H3_256C_pruned30/260-123440-0006_generated.wav | RTF: 0.0666(0.181s / 2.715s) | Generator RTF: 0.0655(0.178s / 2.715s)
generated_audios/generated_H3_256C_pruned30/260-123440-0007_generated.wav | RTF: 0.2770(0.938s / 3.385s) | Generator RTF: 0.2760(0.934s / 3.385s)
generated_audios/generated_H3_256C_pruned30/260-123440-0008_generated.wav | RTF: 0.2841(1.064s / 3.745s) | Generator RTF: 0.2832(1.061s / 3.745s)
generated_audios/generated_H3_256C_pruned30/260-123440-0009_generated.wav | RTF: 0.2840(0.885s / 3.115s) | Generator RTF: 0.2829(0.881s / 3.115s)
generated_audios/generated_H3_256C_pruned30/260-123440-0010_generated.wav | RTF: 0.2878(2.393s / 8.315s) | Generator RTF: 0.2873(2.389s / 8.315s)
generated_audios/generated_H3_256C_pruned30/260-123440-0011_generated.wav | RTF: 0.0682(0.332s / 4.870s) | Generator RTF: 0.0675(0.329s / 4.870s)
generated_audios/generated_H3_256C_pruned30/260-123440-0012_generated.wav | RTF: 0.2833(1.486s / 5.245s) | Generator RTF: 0.2826(1.482s / 5.245s)
generated_audios/generated_H3_256C_pruned30/260-123440-0013_generated.wav | RTF: 0.2840(0.987s / 3.475s) | Generator RTF: 0.2830(0.983s / 3.475s)
generated_audios/generated_H3_256C_pruned30/260-123440-0014_generated.wav | RTF: 0.2829(1.079s / 3.815s) | Generator RTF: 0.2819(1.076s / 3.815s)
generated_audios/generated_H3_256C_pruned30/260-123440-0015_generated.wav | RTF: 0.0689(0.427s / 6.200s) | Generator RTF: 0.0683(0.424s / 6.200s)
generated_audios/generated_H3_256C_pruned30/260-123440-0016_generated.wav | RTF: 0.2856(1.398s / 4.895s) | Generator RTF: 0.2849(1.395s / 4.895s)
generated_audios/generated_H3_256C_pruned30/260-123440-0017_generated.wav | RTF: 0.0722(0.222s / 3.070s) | Generator RTF: 0.0711(0.218s / 3.070s)
generated_audios/generated_H3_256C_pruned30/260-123440-0018_generated.wav | RTF: 0.2825(1.028s / 3.640s) | Generator RTF: 0.2817(1.025s / 3.640s)
generated_audios/generated_H3_256C_pruned30/260-123440-0019_generated.wav | RTF: 0.2832(1.878s / 6.630s) | Generator RTF: 0.2827(1.874s / 6.630s)
generated_audios/generated_H3_256C_pruned30/260-123440-0020_generated.wav | RTF: 0.2860(1.428s / 4.995s) | Generator RTF: 0.2852(1.425s / 4.995s)
generated_audios/generated_H3_256C_pruned30/61-70968-0000_generated.wav | RTF: 0.2875(1.410s / 4.905s) | Generator RTF: 0.2868(1.407s / 4.905s)
generated_audios/generated_H3_256C_pruned30/61-70968-0001_generated.wav | RTF: 0.2814(1.016s / 3.610s) | Generator RTF: 0.2805(1.013s / 3.610s)
generated_audios/generated_H3_256C_pruned30/61-70968-0002_generated.wav | RTF: 0.2785(0.827s / 2.970s) | Generator RTF: 0.2775(0.824s / 2.970s)
generated_audios/generated_H3_256C_pruned30/61-70968-0003_generated.wav | RTF: 0.0684(0.295s / 4.315s) | Generator RTF: 0.0677(0.292s / 4.315s)
generated_audios/generated_H3_256C_pruned30/61-70968-0004_generated.wav | RTF: 0.2849(1.107s / 3.885s) | Generator RTF: 0.2841(1.104s / 3.885s)
generated_audios/generated_H3_256C_pruned30/61-70968-0005_generated.wav | RTF: 0.0667(0.338s / 5.070s) | Generator RTF: 0.0661(0.335s / 5.070s)
generated_audios/generated_H3_256C_pruned30/61-70968-0006_generated.wav | RTF: 0.2769(0.813s / 2.935s) | Generator RTF: 0.2758(0.809s / 2.935s)
generated_audios/generated_H3_256C_pruned30/61-70968-0007_generated.wav | RTF: 0.0676(0.240s / 3.550s) | Generator RTF: 0.0667(0.237s / 3.550s)
generated_audios/generated_H3_256C_pruned30/61-70968-0008_generated.wav | RTF: 0.0690(0.244s / 3.535s) | Generator RTF: 0.0681(0.241s / 3.535s)
generated_audios/generated_H3_256C_pruned30/61-70968-0009_generated.wav | RTF: 0.2847(1.284s / 4.510s) | Generator RTF: 0.2840(1.281s / 4.510s)
generated_audios/generated_H3_256C_pruned30/61-70968-0010_generated.wav | RTF: 0.2870(2.380s / 8.295s) | Generator RTF: 0.2865(2.376s / 8.295s)
generated_audios/generated_H3_256C_pruned30/61-70968-0011_generated.wav | RTF: 0.2863(1.825s / 6.375s) | Generator RTF: 0.2857(1.821s / 6.375s)
generated_audios/generated_H3_256C_pruned30/61-70968-0012_generated.wav | RTF: 0.0673(0.176s / 2.610s) | Generator RTF: 0.0661(0.173s / 2.610s)
generated_audios/generated_H3_256C_pruned30/61-70968-0013_generated.wav | RTF: 0.0648(0.288s / 4.450s) | Generator RTF: 0.0641(0.285s / 4.450s)
generated_audios/generated_H3_256C_pruned30/61-70968-0014_generated.wav | RTF: 0.2901(2.172s / 7.485s) | Generator RTF: 0.2897(2.168s / 7.485s)
generated_audios/generated_H3_256C_pruned30/61-70968-0015_generated.wav | RTF: 0.2833(1.523s / 5.375s) | Generator RTF: 0.2827(1.520s / 5.375s)
generated_audios/generated_H3_256C_pruned30/61-70968-0016_generated.wav | RTF: 0.2866(1.066s / 3.720s) | Generator RTF: 0.2858(1.063s / 3.720s)
generated_audios/generated_H3_256C_pruned30/61-70968-0017_generated.wav | RTF: 0.2885(1.474s / 5.110s) | Generator RTF: 0.2879(1.471s / 5.110s)
generated_audios/generated_H3_256C_pruned30/61-70968-0018_generated.wav | RTF: 0.2796(0.672s / 2.405s) | Generator RTF: 0.2784(0.670s / 2.405s)
generated_audios/generated_H3_256C_pruned30/61-70968-0019_generated.wav | RTF: 0.2857(1.564s / 5.475s) | Generator RTF: 0.2851(1.561s / 5.475s)
generated_audios/generated_H3_256C_pruned30/61-70968-0020_generated.wav | RTF: 0.2915(1.488s / 5.105s) | Generator RTF: 0.2909(1.485s / 5.105s)
generated_audios/generated_H3_256C_pruned30/61-70968-0021_generated.wav | RTF: 0.2787(0.750s / 2.690s) | Generator RTF: 0.2775(0.746s / 2.690s)
generated_audios/generated_H3_256C_pruned30/61-70968-0022_generated.wav | RTF: 0.0684(0.319s / 4.670s) | Generator RTF: 0.0677(0.316s / 4.670s)
generated_audios/generated_H3_256C_pruned30/61-70968-0023_generated.wav | RTF: 0.0680(0.342s / 5.025s) | Generator RTF: 0.0672(0.338s / 5.025s)
generated_audios/generated_H3_256C_pruned30/61-70968-0024_generated.wav | RTF: 0.2899(1.747s / 6.025s) | Generator RTF: 0.2893(1.743s / 6.025s)
generated_audios/generated_H3_256C_pruned30/61-70968-0025_generated.wav | RTF: 0.0680(0.300s / 4.410s) | Generator RTF: 0.0672(0.296s / 4.410s)
generated_audios/generated_H3_256C_pruned30/61-70968-0026_generated.wav | RTF: 0.2842(1.398s / 4.920s) | Generator RTF: 0.2835(1.395s / 4.920s)
generated_audios/generated_H3_256C_pruned30/61-70968-0027_generated.wav | RTF: 0.2893(1.988s / 6.870s) | Generator RTF: 0.2888(1.984s / 6.870s)
generated_audios/generated_H3_256C_pruned30/61-70968-0028_generated.wav | RTF: 0.2861(1.532s / 5.355s) | Generator RTF: 0.2856(1.529s / 5.355s)
generated_audios/generated_H3_256C_pruned30/61-70968-0029_generated.wav | RTF: 0.2977(1.041s / 3.495s) | Generator RTF: 0.2968(1.037s / 3.495s)
generated_audios/generated_H3_256C_pruned30/61-70968-0030_generated.wav | RTF: 0.2880(1.637s / 5.685s) | Generator RTF: 0.2874(1.634s / 5.685s)
generated_audios/generated_H3_256C_pruned30/61-70968-0031_generated.wav | RTF: 0.2891(0.846s / 2.925s) | Generator RTF: 0.2879(0.842s / 2.925s)
generated_audios/generated_H3_256C_pruned30/61-70968-0032_generated.wav | RTF: 0.0654(0.280s / 4.280s) | Generator RTF: 0.0646(0.277s / 4.280s)
generated_audios/generated_H3_256C_pruned30/61-70968-0033_generated.wav | RTF: 0.0630(0.358s / 5.685s) | Generator RTF: 0.0624(0.355s / 5.685s)
generated_audios/generated_H3_256C_pruned30/61-70968-0034_generated.wav | RTF: 0.2875(1.216s / 4.230s) | Generator RTF: 0.2868(1.213s / 4.230s)
generated_audios/generated_H3_256C_pruned30/61-70968-0035_generated.wav | RTF: 0.2904(2.308s / 7.950s) | Generator RTF: 0.2899(2.305s / 7.950s)
generated_audios/generated_H3_256C_pruned30/61-70968-0036_generated.wav | RTF: 0.0681(0.200s / 2.935s) | Generator RTF: 0.0671(0.197s / 2.935s)
generated_audios/generated_H3_256C_pruned30/61-70968-0037_generated.wav | RTF: 0.0668(0.288s / 4.315s) | Generator RTF: 0.0660(0.285s / 4.315s)
generated_audios/generated_H3_256C_pruned30/61-70968-0038_generated.wav | RTF: 0.2956(0.606s / 2.050s) | Generator RTF: 0.2941(0.603s / 2.050s)
generated_audios/generated_H3_256C_pruned30/61-70968-0039_generated.wav | RTF: 0.2817(1.072s / 3.805s) | Generator RTF: 0.2809(1.069s / 3.805s)
generated_audios/generated_H3_256C_pruned30/61-70968-0040_generated.wav | RTF: 0.2871(1.134s / 3.950s) | Generator RTF: 0.2863(1.131s / 3.950s)
generated_audios/generated_H3_256C_pruned30/61-70968-0041_generated.wav | RTF: 0.0682(0.465s / 6.825s) | Generator RTF: 0.0676(0.462s / 6.825s)
generated_audios/generated_H3_256C_pruned30/61-70968-0042_generated.wav | RTF: 0.0679(0.189s / 2.785s) | Generator RTF: 0.0669(0.186s / 2.785s)
generated_audios/generated_H3_256C_pruned30/61-70968-0043_generated.wav | RTF: 0.2920(1.967s / 6.735s) | Generator RTF: 0.2914(1.963s / 6.735s)
generated_audios/generated_H3_256C_pruned30/61-70968-0044_generated.wav | RTF: 0.0677(0.187s / 2.770s) | Generator RTF: 0.0665(0.184s / 2.770s)
generated_audios/generated_H3_256C_pruned30/61-70968-0045_generated.wav | RTF: 0.0665(0.231s / 3.475s) | Generator RTF: 0.0656(0.228s / 3.475s)
generated_audios/generated_H3_256C_pruned30/61-70968-0046_generated.wav | RTF: 0.0671(0.238s / 3.550s) | Generator RTF: 0.0662(0.235s / 3.550s)
generated_audios/generated_H3_256C_pruned30/61-70968-0047_generated.wav | RTF: 0.2813(1.343s / 4.775s) | Generator RTF: 0.2805(1.339s / 4.775s)
generated_audios/generated_H3_256C_pruned30/61-70968-0048_generated.wav | RTF: 0.2868(0.866s / 3.020s) | Generator RTF: 0.2857(0.863s / 3.020s)
generated_audios/generated_H3_256C_pruned30/61-70968-0049_generated.wav | RTF: 0.3035(2.504s / 8.250s) | Generator RTF: 0.3030(2.500s / 8.250s)
generated_audios/generated_H3_256C_pruned30/61-70968-0050_generated.wav | RTF: 0.2865(1.599s / 5.580s) | Generator RTF: 0.2858(1.595s / 5.580s)
generated_audios/generated_H3_256C_pruned30/61-70968-0051_generated.wav | RTF: 0.2859(0.896s / 3.135s) | Generator RTF: 0.2849(0.893s / 3.135s)
generated_audios/generated_H3_256C_pruned30/61-70968-0052_generated.wav | RTF: 0.2671(0.708s / 2.650s) | Generator RTF: 0.2659(0.705s / 2.650s)
generated_audios/generated_H3_256C_pruned30/61-70968-0053_generated.wav | RTF: 0.0668(0.282s / 4.220s) | Generator RTF: 0.0659(0.278s / 4.220s)
generated_audios/generated_H3_256C_pruned30/61-70968-0054_generated.wav | RTF: 0.2848(2.238s / 7.860s) | Generator RTF: 0.2843(2.234s / 7.860s)
generated_audios/generated_H3_256C_pruned30/61-70968-0055_generated.wav | RTF: 0.0675(0.268s / 3.965s) | Generator RTF: 0.0666(0.264s / 3.965s)
generated_audios/generated_H3_256C_pruned30/61-70968-0056_generated.wav | RTF: 0.2800(0.998s / 3.565s) | Generator RTF: 0.2791(0.995s / 3.565s)
generated_audios/generated_H3_256C_pruned30/61-70968-0057_generated.wav | RTF: 0.0670(0.340s / 5.065s) | Generator RTF: 0.0664(0.336s / 5.065s)
generated_audios/generated_H3_256C_pruned30/61-70968-0058_generated.wav | RTF: 0.2747(0.500s / 1.820s) | Generator RTF: 0.2730(0.497s / 1.820s)
generated_audios/generated_H3_256C_pruned30/61-70968-0059_generated.wav | RTF: 0.0701(0.152s / 2.170s) | Generator RTF: 0.0686(0.149s / 2.170s)
generated_audios/generated_H3_256C_pruned30/61-70968-0060_generated.wav | RTF: 0.0663(0.248s / 3.735s) | Generator RTF: 0.0654(0.244s / 3.735s)
generated_audios/generated_H3_256C_pruned30/61-70968-0061_generated.wav | RTF: 0.2818(1.559s / 5.530s) | Generator RTF: 0.2812(1.555s / 5.530s)
generated_audios/generated_H3_256C_pruned30/61-70968-0062_generated.wav | RTF: 0.0672(0.172s / 2.555s) | Generator RTF: 0.0661(0.169s / 2.555s)
generated_audios/generated_H3_256C_pruned30/61-70970-0000_generated.wav | RTF: 0.2828(1.718s / 6.075s) | Generator RTF: 0.2822(1.714s / 6.075s)
generated_audios/generated_H3_256C_pruned30/61-70970-0001_generated.wav | RTF: 0.2896(1.782s / 6.155s) | Generator RTF: 0.2890(1.779s / 6.155s)
generated_audios/generated_H3_256C_pruned30/61-70970-0002_generated.wav | RTF: 0.2923(1.217s / 4.165s) | Generator RTF: 0.2915(1.214s / 4.165s)
generated_audios/generated_H3_256C_pruned30/61-70970-0003_generated.wav | RTF: 0.2850(1.093s / 3.835s) | Generator RTF: 0.2841(1.090s / 3.835s)
generated_audios/generated_H3_256C_pruned30/61-70970-0004_generated.wav | RTF: 0.2943(3.095s / 10.515s) | Generator RTF: 0.2940(3.091s / 10.515s)
generated_audios/generated_H3_256C_pruned30/61-70970-0005_generated.wav | RTF: 0.3028(0.612s / 2.020s) | Generator RTF: 0.3013(0.609s / 2.020s)
generated_audios/generated_H3_256C_pruned30/61-70970-0006_generated.wav | RTF: 0.2981(0.696s / 2.335s) | Generator RTF: 0.2969(0.693s / 2.335s)
generated_audios/generated_H3_256C_pruned30/61-70970-0007_generated.wav | RTF: 0.2990(1.341s / 4.485s) | Generator RTF: 0.2982(1.338s / 4.485s)
generated_audios/generated_H3_256C_pruned30/61-70970-0008_generated.wav | RTF: 0.3156(0.679s / 2.150s) | Generator RTF: 0.3143(0.676s / 2.150s)
generated_audios/generated_H3_256C_pruned30/61-70970-0009_generated.wav | RTF: 0.3004(1.023s / 3.405s) | Generator RTF: 0.2994(1.020s / 3.405s)
generated_audios/generated_H3_256C_pruned30/61-70970-0010_generated.wav | RTF: 0.0665(0.202s / 3.045s) | Generator RTF: 0.0655(0.199s / 3.045s)
generated_audios/generated_H3_256C_pruned30/61-70970-0011_generated.wav | RTF: 0.0666(0.405s / 6.075s) | Generator RTF: 0.0661(0.402s / 6.075s)
generated_audios/generated_H3_256C_pruned30/61-70970-0012_generated.wav | RTF: 0.0666(0.209s / 3.135s) | Generator RTF: 0.0655(0.205s / 3.135s)
generated_audios/generated_H3_256C_pruned30/61-70970-0013_generated.wav | RTF: 0.2995(1.303s / 4.350s) | Generator RTF: 0.2987(1.299s / 4.350s)
generated_audios/generated_H3_256C_pruned30/61-70970-0014_generated.wav | RTF: 0.0569(0.194s / 3.405s) | Generator RTF: 0.0559(0.190s / 3.405s)
generated_audios/generated_H3_256C_pruned30/61-70970-0015_generated.wav | RTF: 0.2953(2.485s / 8.415s) | Generator RTF: 0.2948(2.481s / 8.415s)
generated_audios/generated_H3_256C_pruned30/61-70970-0016_generated.wav | RTF: 0.2920(1.276s / 4.370s) | Generator RTF: 0.2913(1.273s / 4.370s)
generated_audios/generated_H3_256C_pruned30/61-70970-0017_generated.wav | RTF: 0.0678(0.173s / 2.550s) | Generator RTF: 0.0665(0.170s / 2.550s)
generated_audios/generated_H3_256C_pruned30/61-70970-0018_generated.wav | RTF: 0.2888(1.329s / 4.600s) | Generator RTF: 0.2881(1.325s / 4.600s)
generated_audios/generated_H3_256C_pruned30/61-70970-0019_generated.wav | RTF: 0.2909(1.099s / 3.780s) | Generator RTF: 0.2901(1.096s / 3.780s)
generated_audios/generated_H3_256C_pruned30/61-70970-0020_generated.wav | RTF: 0.0672(0.338s / 5.025s) | Generator RTF: 0.0666(0.335s / 5.025s)
generated_audios/generated_H3_256C_pruned30/61-70970-0021_generated.wav | RTF: 0.2913(1.575s / 5.405s) | Generator RTF: 0.2906(1.571s / 5.405s)
generated_audios/generated_H3_256C_pruned30/61-70970-0022_generated.wav | RTF: 0.0660(0.262s / 3.970s) | Generator RTF: 0.0650(0.258s / 3.970s)
generated_audios/generated_H3_256C_pruned30/61-70970-0023_generated.wav | RTF: 0.0670(0.248s / 3.705s) | Generator RTF: 0.0660(0.245s / 3.705s)
generated_audios/generated_H3_256C_pruned30/61-70970-0024_generated.wav | RTF: 0.2954(2.137s / 7.235s) | Generator RTF: 0.2950(2.134s / 7.235s)
generated_audios/generated_H3_256C_pruned30/61-70970-0025_generated.wav | RTF: 0.2965(2.205s / 7.435s) | Generator RTF: 0.2961(2.201s / 7.435s)
generated_audios/generated_H3_256C_pruned30/61-70970-0026_generated.wav | RTF: 0.0677(0.371s / 5.475s) | Generator RTF: 0.0671(0.367s / 5.475s)
generated_audios/generated_H3_256C_pruned30/61-70970-0027_generated.wav | RTF: 0.0668(0.340s / 5.080s) | Generator RTF: 0.0662(0.336s / 5.080s)
generated_audios/generated_H3_256C_pruned30/61-70970-0028_generated.wav | RTF: 0.0698(0.457s / 6.550s) | Generator RTF: 0.0692(0.453s / 6.550s)
generated_audios/generated_H3_256C_pruned30/61-70970-0029_generated.wav | RTF: 0.0689(0.278s / 4.030s) | Generator RTF: 0.0681(0.274s / 4.030s)
generated_audios/generated_H3_256C_pruned30/61-70970-0030_generated.wav | RTF: 0.0673(0.218s / 3.240s) | Generator RTF: 0.0662(0.214s / 3.240s)
generated_audios/generated_H3_256C_pruned30/61-70970-0031_generated.wav | RTF: 0.2921(1.500s / 5.135s) | Generator RTF: 0.2914(1.497s / 5.135s)
generated_audios/generated_H3_256C_pruned30/61-70970-0032_generated.wav | RTF: 0.0670(0.210s / 3.135s) | Generator RTF: 0.0660(0.207s / 3.135s)
generated_audios/generated_H3_256C_pruned30/61-70970-0033_generated.wav | RTF: 0.2906(0.994s / 3.420s) | Generator RTF: 0.2896(0.991s / 3.420s)
generated_audios/generated_H3_256C_pruned30/61-70970-0034_generated.wav | RTF: 0.0688(0.309s / 4.485s) | Generator RTF: 0.0681(0.305s / 4.485s)
generated_audios/generated_H3_256C_pruned30/61-70970-0035_generated.wav | RTF: 0.0661(0.490s / 7.405s) | Generator RTF: 0.0656(0.486s / 7.405s)
generated_audios/generated_H3_256C_pruned30/61-70970-0036_generated.wav | RTF: 0.0683(0.463s / 6.785s) | Generator RTF: 0.0677(0.460s / 6.785s)
generated_audios/generated_H3_256C_pruned30/61-70970-0037_generated.wav | RTF: 0.2913(1.742s / 5.980s) | Generator RTF: 0.2907(1.738s / 5.980s)
generated_audios/generated_H3_256C_pruned30/61-70970-0038_generated.wav | RTF: 0.2951(3.069s / 10.400s) | Generator RTF: 0.2947(3.065s / 10.400s)
generated_audios/generated_H3_256C_pruned30/61-70970-0039_generated.wav | RTF: 0.0678(0.452s / 6.665s) | Generator RTF: 0.0673(0.449s / 6.665s)
generated_audios/generated_H3_256C_pruned30/61-70970-0040_generated.wav | RTF: 0.0646(0.269s / 4.165s) | Generator RTF: 0.0638(0.266s / 4.165s)
generated_audios/generated_H3_256C_pruned30/672-122797-0000_generated.wav | RTF: 0.2968(1.208s / 4.070s) | Generator RTF: 0.2960(1.205s / 4.070s)
generated_audios/generated_H3_256C_pruned30/672-122797-0001_generated.wav | RTF: 0.2951(4.465s / 15.130s) | Generator RTF: 0.2948(4.460s / 15.130s)
generated_audios/generated_H3_256C_pruned30/672-122797-0002_generated.wav | RTF: 0.2948(4.016s / 13.620s) | Generator RTF: 0.2945(4.012s / 13.620s)
generated_audios/generated_H3_256C_pruned30/672-122797-0003_generated.wav | RTF: 0.3014(1.435s / 4.760s) | Generator RTF: 0.3007(1.431s / 4.760s)
generated_audios/generated_H3_256C_pruned30/672-122797-0004_generated.wav | RTF: 0.2926(2.999s / 10.250s) | Generator RTF: 0.2922(2.995s / 10.250s)
generated_audios/generated_H3_256C_pruned30/672-122797-0005_generated.wav | RTF: 0.3071(1.001s / 3.260s) | Generator RTF: 0.3060(0.997s / 3.260s)
generated_audios/generated_H3_256C_pruned30/672-122797-0006_generated.wav | RTF: 0.2994(4.176s / 13.950s) | Generator RTF: 0.2990(4.171s / 13.950s)
generated_audios/generated_H3_256C_pruned30/672-122797-0007_generated.wav | RTF: 0.2966(1.904s / 6.420s) | Generator RTF: 0.2960(1.901s / 6.420s)
generated_audios/generated_H3_256C_pruned30/672-122797-0008_generated.wav | RTF: 0.3012(9.281s / 30.810s) | Generator RTF: 0.3010(9.275s / 30.810s)
generated_audios/generated_H3_256C_pruned30/672-122797-0009_generated.wav | RTF: 0.0692(0.191s / 2.765s) | Generator RTF: 0.0680(0.188s / 2.765s)
generated_audios/generated_H3_256C_pruned30/672-122797-0010_generated.wav | RTF: 0.0684(0.261s / 3.815s) | Generator RTF: 0.0675(0.257s / 3.815s)
generated_audios/generated_H3_256C_pruned30/672-122797-0011_generated.wav | RTF: 0.3173(0.806s / 2.540s) | Generator RTF: 0.3161(0.803s / 2.540s)
generated_audios/generated_H3_256C_pruned30/672-122797-0012_generated.wav | RTF: 0.3060(2.376s / 7.765s) | Generator RTF: 0.3055(2.372s / 7.765s)
generated_audios/generated_H3_256C_pruned30/672-122797-0013_generated.wav | RTF: 0.2947(2.565s / 8.705s) | Generator RTF: 0.2942(2.561s / 8.705s)
generated_audios/generated_H3_256C_pruned30/672-122797-0014_generated.wav | RTF: 0.0691(0.177s / 2.555s) | Generator RTF: 0.0678(0.173s / 2.555s)
generated_audios/generated_H3_256C_pruned30/672-122797-0015_generated.wav | RTF: 0.0674(0.300s / 4.455s) | Generator RTF: 0.0666(0.297s / 4.455s)
generated_audios/generated_H3_256C_pruned30/672-122797-0016_generated.wav | RTF: 0.2955(2.723s / 9.215s) | Generator RTF: 0.2951(2.719s / 9.215s)
generated_audios/generated_H3_256C_pruned30/672-122797-0017_generated.wav | RTF: 0.2957(1.425s / 4.820s) | Generator RTF: 0.2950(1.422s / 4.820s)
generated_audios/generated_H3_256C_pruned30/672-122797-0018_generated.wav | RTF: 0.2957(1.458s / 4.930s) | Generator RTF: 0.2950(1.454s / 4.930s)
generated_audios/generated_H3_256C_pruned30/672-122797-0019_generated.wav | RTF: 0.2893(1.189s / 4.110s) | Generator RTF: 0.2884(1.185s / 4.110s)
generated_audios/generated_H3_256C_pruned30/672-122797-0020_generated.wav | RTF: 0.2935(2.590s / 8.825s) | Generator RTF: 0.2930(2.586s / 8.825s)
generated_audios/generated_H3_256C_pruned30/672-122797-0021_generated.wav | RTF: 0.0682(0.283s / 4.150s) | Generator RTF: 0.0673(0.279s / 4.150s)
generated_audios/generated_H3_256C_pruned30/672-122797-0022_generated.wav | RTF: 0.3011(5.723s / 19.005s) | Generator RTF: 0.3009(5.718s / 19.005s)
generated_audios/generated_H3_256C_pruned30/672-122797-0023_generated.wav | RTF: 0.2940(2.851s / 9.695s) | Generator RTF: 0.2937(2.847s / 9.695s)
generated_audios/generated_H3_256C_pruned30/672-122797-0024_generated.wav | RTF: 0.2921(1.206s / 4.130s) | Generator RTF: 0.2913(1.203s / 4.130s)
generated_audios/generated_H3_256C_pruned30/672-122797-0025_generated.wav | RTF: 0.2954(3.158s / 10.690s) | Generator RTF: 0.2950(3.153s / 10.690s)
generated_audios/generated_H3_256C_pruned30/672-122797-0026_generated.wav | RTF: 0.2947(4.115s / 13.960s) | Generator RTF: 0.2944(4.110s / 13.960s)
generated_audios/generated_H3_256C_pruned30/672-122797-0027_generated.wav | RTF: 0.0677(0.324s / 4.790s) | Generator RTF: 0.0669(0.321s / 4.790s)
generated_audios/generated_H3_256C_pruned30/672-122797-0028_generated.wav | RTF: 0.0694(0.181s / 2.610s) | Generator RTF: 0.0682(0.178s / 2.610s)
generated_audios/generated_H3_256C_pruned30/672-122797-0029_generated.wav | RTF: 0.0696(0.212s / 3.050s) | Generator RTF: 0.0686(0.209s / 3.050s)
generated_audios/generated_H3_256C_pruned30/672-122797-0030_generated.wav | RTF: 0.2858(1.308s / 4.575s) | Generator RTF: 0.2850(1.304s / 4.575s)
generated_audios/generated_H3_256C_pruned30/672-122797-0031_generated.wav | RTF: 0.0691(0.275s / 3.980s) | Generator RTF: 0.0683(0.272s / 3.980s)
generated_audios/generated_H3_256C_pruned30/672-122797-0032_generated.wav | RTF: 0.0674(0.270s / 4.000s) | Generator RTF: 0.0666(0.266s / 4.000s)
generated_audios/generated_H3_256C_pruned30/672-122797-0033_generated.wav | RTF: 0.2996(0.385s / 1.285s) | Generator RTF: 0.2974(0.382s / 1.285s)
generated_audios/generated_H3_256C_pruned30/672-122797-0034_generated.wav | RTF: 0.0655(0.335s / 5.110s) | Generator RTF: 0.0648(0.331s / 5.110s)
generated_audios/generated_H3_256C_pruned30/672-122797-0035_generated.wav | RTF: 0.0688(0.199s / 2.900s) | Generator RTF: 0.0677(0.196s / 2.900s)
generated_audios/generated_H3_256C_pruned30/672-122797-0036_generated.wav | RTF: 0.0674(0.362s / 5.365s) | Generator RTF: 0.0668(0.358s / 5.365s)
generated_audios/generated_H3_256C_pruned30/672-122797-0037_generated.wav | RTF: 0.2810(0.551s / 1.960s) | Generator RTF: 0.2791(0.547s / 1.960s)
generated_audios/generated_H3_256C_pruned30/672-122797-0038_generated.wav | RTF: 0.2911(2.562s / 8.800s) | Generator RTF: 0.2906(2.557s / 8.800s)
generated_audios/generated_H3_256C_pruned30/672-122797-0039_generated.wav | RTF: 0.2917(1.174s / 4.025s) | Generator RTF: 0.2908(1.170s / 4.025s)
generated_audios/generated_H3_256C_pruned30/672-122797-0040_generated.wav | RTF: 0.0663(0.340s / 5.125s) | Generator RTF: 0.0657(0.337s / 5.125s)
generated_audios/generated_H3_256C_pruned30/672-122797-0041_generated.wav | RTF: 0.0682(0.265s / 3.880s) | Generator RTF: 0.0674(0.262s / 3.880s)
generated_audios/generated_H3_256C_pruned30/672-122797-0042_generated.wav | RTF: 0.2950(4.517s / 15.310s) | Generator RTF: 0.2947(4.513s / 15.310s)
generated_audios/generated_H3_256C_pruned30/672-122797-0043_generated.wav | RTF: 0.0652(0.246s / 3.780s) | Generator RTF: 0.0644(0.243s / 3.780s)
generated_audios/generated_H3_256C_pruned30/672-122797-0044_generated.wav | RTF: 0.0664(0.248s / 3.740s) | Generator RTF: 0.0655(0.245s / 3.740s)
generated_audios/generated_H3_256C_pruned30/672-122797-0045_generated.wav | RTF: 0.0683(0.953s / 13.960s) | Generator RTF: 0.0680(0.949s / 13.960s)
generated_audios/generated_H3_256C_pruned30/672-122797-0046_generated.wav | RTF: 0.2896(1.365s / 4.715s) | Generator RTF: 0.2888(1.362s / 4.715s)
generated_audios/generated_H3_256C_pruned30/672-122797-0047_generated.wav | RTF: 0.2868(0.954s / 3.325s) | Generator RTF: 0.2858(0.950s / 3.325s)
generated_audios/generated_H3_256C_pruned30/672-122797-0048_generated.wav | RTF: 0.0681(0.446s / 6.555s) | Generator RTF: 0.0676(0.443s / 6.555s)
generated_audios/generated_H3_256C_pruned30/672-122797-0049_generated.wav | RTF: 0.0722(0.146s / 2.020s) | Generator RTF: 0.0706(0.143s / 2.020s)
generated_audios/generated_H3_256C_pruned30/672-122797-0050_generated.wav | RTF: 0.2974(1.444s / 4.855s) | Generator RTF: 0.2967(1.440s / 4.855s)
generated_audios/generated_H3_256C_pruned30/672-122797-0051_generated.wav | RTF: 0.2942(1.373s / 4.665s) | Generator RTF: 0.2934(1.369s / 4.665s)
generated_audios/generated_H3_256C_pruned30/672-122797-0052_generated.wav | RTF: 0.2914(1.248s / 4.285s) | Generator RTF: 0.2906(1.245s / 4.285s)
generated_audios/generated_H3_256C_pruned30/672-122797-0053_generated.wav | RTF: 0.0684(0.202s / 2.955s) | Generator RTF: 0.0673(0.199s / 2.955s)
generated_audios/generated_H3_256C_pruned30/672-122797-0054_generated.wav | RTF: 0.0657(0.279s / 4.250s) | Generator RTF: 0.0649(0.276s / 4.250s)
generated_audios/generated_H3_256C_pruned30/672-122797-0055_generated.wav | RTF: 0.2929(2.411s / 8.230s) | Generator RTF: 0.2925(2.407s / 8.230s)
generated_audios/generated_H3_256C_pruned30/672-122797-0056_generated.wav | RTF: 0.0668(0.349s / 5.225s) | Generator RTF: 0.0661(0.346s / 5.225s)
generated_audios/generated_H3_256C_pruned30/672-122797-0057_generated.wav | RTF: 0.0679(0.445s / 6.560s) | Generator RTF: 0.0671(0.440s / 6.560s)
generated_audios/generated_H3_256C_pruned30/672-122797-0058_generated.wav | RTF: 0.3015(1.348s / 4.470s) | Generator RTF: 0.3008(1.345s / 4.470s)
generated_audios/generated_H3_256C_pruned30/672-122797-0059_generated.wav | RTF: 0.2952(1.039s / 3.520s) | Generator RTF: 0.2942(1.036s / 3.520s)
generated_audios/generated_H3_256C_pruned30/672-122797-0060_generated.wav | RTF: 0.0659(0.221s / 3.350s) | Generator RTF: 0.0650(0.218s / 3.350s)
generated_audios/generated_H3_256C_pruned30/672-122797-0061_generated.wav | RTF: 0.2919(2.216s / 7.590s) | Generator RTF: 0.2914(2.212s / 7.590s)
generated_audios/generated_H3_256C_pruned30/672-122797-0062_generated.wav | RTF: 0.2960(0.792s / 2.675s) | Generator RTF: 0.2948(0.789s / 2.675s)
generated_audios/generated_H3_256C_pruned30/672-122797-0063_generated.wav | RTF: 0.0666(0.338s / 5.075s) | Generator RTF: 0.0659(0.334s / 5.075s)
generated_audios/generated_H3_256C_pruned30/672-122797-0064_generated.wav | RTF: 0.2973(4.540s / 15.270s) | Generator RTF: 0.2970(4.535s / 15.270s)
generated_audios/generated_H3_256C_pruned30/672-122797-0065_generated.wav | RTF: 0.0651(0.197s / 3.030s) | Generator RTF: 0.0641(0.194s / 3.030s)
generated_audios/generated_H3_256C_pruned30/672-122797-0066_generated.wav | RTF: 0.0666(0.321s / 4.815s) | Generator RTF: 0.0659(0.317s / 4.815s)
generated_audios/generated_H3_256C_pruned30/672-122797-0067_generated.wav | RTF: 0.2935(3.825s / 13.035s) | Generator RTF: 0.2931(3.821s / 13.035s)
generated_audios/generated_H3_256C_pruned30/672-122797-0068_generated.wav | RTF: 0.0674(0.271s / 4.020s) | Generator RTF: 0.0664(0.267s / 4.020s)
generated_audios/generated_H3_256C_pruned30/672-122797-0069_generated.wav | RTF: 0.2973(1.489s / 5.010s) | Generator RTF: 0.2966(1.486s / 5.010s)
generated_audios/generated_H3_256C_pruned30/672-122797-0070_generated.wav | RTF: 0.2994(1.877s / 6.270s) | Generator RTF: 0.2988(1.874s / 6.270s)
generated_audios/generated_H3_256C_pruned30/672-122797-0071_generated.wav | RTF: 0.2987(2.651s / 8.875s) | Generator RTF: 0.2983(2.647s / 8.875s)
generated_audios/generated_H3_256C_pruned30/672-122797-0072_generated.wav | RTF: 0.2960(2.350s / 7.940s) | Generator RTF: 0.2955(2.346s / 7.940s)
generated_audios/generated_H3_256C_pruned30/672-122797-0073_generated.wav | RTF: 0.2954(2.424s / 8.205s) | Generator RTF: 0.2949(2.420s / 8.205s)
generated_audios/generated_H3_256C_pruned30/672-122797-0074_generated.wav | RTF: 0.2952(2.577s / 8.730s) | Generator RTF: 0.2947(2.573s / 8.730s)
generated_audios/generated_H3_256C_pruned30/908-157963-0000_generated.wav | RTF: 0.2919(3.683s / 12.620s) | Generator RTF: 0.2915(3.679s / 12.620s)
generated_audios/generated_H3_256C_pruned30/908-157963-0001_generated.wav | RTF: 0.2972(0.857s / 2.885s) | Generator RTF: 0.2960(0.854s / 2.885s)
generated_audios/generated_H3_256C_pruned30/908-157963-0002_generated.wav | RTF: 0.2837(0.782s / 2.755s) | Generator RTF: 0.2825(0.778s / 2.755s)
generated_audios/generated_H3_256C_pruned30/908-157963-0003_generated.wav | RTF: 0.2948(0.908s / 3.080s) | Generator RTF: 0.2937(0.905s / 3.080s)
generated_audios/generated_H3_256C_pruned30/908-157963-0004_generated.wav | RTF: 0.2976(4.163s / 13.990s) | Generator RTF: 0.2972(4.159s / 13.990s)
generated_audios/generated_H3_256C_pruned30/908-157963-0005_generated.wav | RTF: 0.2945(2.072s / 7.035s) | Generator RTF: 0.2939(2.068s / 7.035s)
generated_audios/generated_H3_256C_pruned30/908-157963-0006_generated.wav | RTF: 0.2985(2.421s / 8.110s) | Generator RTF: 0.2980(2.416s / 8.110s)
generated_audios/generated_H3_256C_pruned30/908-157963-0007_generated.wav | RTF: 0.3018(9.890s / 32.770s) | Generator RTF: 0.3016(9.882s / 32.770s)
generated_audios/generated_H3_256C_pruned30/908-157963-0008_generated.wav | RTF: 0.2959(5.903s / 19.950s) | Generator RTF: 0.2956(5.897s / 19.950s)
generated_audios/generated_H3_256C_pruned30/908-157963-0009_generated.wav | RTF: 0.2961(1.202s / 4.060s) | Generator RTF: 0.2952(1.198s / 4.060s)
generated_audios/generated_H3_256C_pruned30/908-157963-0010_generated.wav | RTF: 0.0672(0.422s / 6.280s) | Generator RTF: 0.0666(0.419s / 6.280s)
generated_audios/generated_H3_256C_pruned30/908-157963-0011_generated.wav | RTF: 0.0677(0.704s / 10.395s) | Generator RTF: 0.0673(0.700s / 10.395s)
generated_audios/generated_H3_256C_pruned30/908-157963-0012_generated.wav | RTF: 0.2976(3.003s / 10.090s) | Generator RTF: 0.2972(2.998s / 10.090s)
generated_audios/generated_H3_256C_pruned30/908-157963-0013_generated.wav | RTF: 0.0693(0.299s / 4.315s) | Generator RTF: 0.0684(0.295s / 4.315s)
generated_audios/generated_H3_256C_pruned30/908-157963-0014_generated.wav | RTF: 0.0705(0.319s / 4.520s) | Generator RTF: 0.0697(0.315s / 4.520s)
generated_audios/generated_H3_256C_pruned30/908-157963-0015_generated.wav | RTF: 0.2950(4.267s / 14.465s) | Generator RTF: 0.2947(4.262s / 14.465s)
generated_audios/generated_H3_256C_pruned30/908-157963-0016_generated.wav | RTF: 0.0677(0.345s / 5.105s) | Generator RTF: 0.0670(0.342s / 5.105s)
generated_audios/generated_H3_256C_pruned30/908-157963-0017_generated.wav | RTF: 0.2849(1.410s / 4.950s) | Generator RTF: 0.2841(1.406s / 4.950s)
generated_audios/generated_H3_256C_pruned30/908-157963-0018_generated.wav | RTF: 0.0672(0.286s / 4.255s) | Generator RTF: 0.0663(0.282s / 4.255s)
generated_audios/generated_H3_256C_pruned30/908-157963-0019_generated.wav | RTF: 0.2972(6.371s / 21.440s) | Generator RTF: 0.2969(6.366s / 21.440s)
generated_audios/generated_H3_256C_pruned30/908-157963-0020_generated.wav | RTF: 0.2953(2.894s / 9.800s) | Generator RTF: 0.2949(2.890s / 9.800s)
generated_audios/generated_H3_256C_pruned30/908-157963-0021_generated.wav | RTF: 0.0670(0.686s / 10.240s) | Generator RTF: 0.0666(0.682s / 10.240s)
generated_audios/generated_H3_256C_pruned30/908-157963-0022_generated.wav | RTF: 0.2989(1.378s / 4.610s) | Generator RTF: 0.2981(1.374s / 4.610s)
generated_audios/generated_H3_256C_pruned30/908-157963-0023_generated.wav | RTF: 0.2937(2.827s / 9.625s) | Generator RTF: 0.2933(2.823s / 9.625s)
generated_audios/generated_H3_256C_pruned30/908-157963-0024_generated.wav | RTF: 0.2916(1.003s / 3.440s) | Generator RTF: 0.2907(1.000s / 3.440s)
generated_audios/generated_H3_256C_pruned30/908-157963-0025_generated.wav | RTF: 0.2922(2.708s / 9.265s) | Generator RTF: 0.2918(2.704s / 9.265s)
generated_audios/generated_H3_256C_pruned30/908-157963-0026_generated.wav | RTF: 0.2945(2.385s / 8.100s) | Generator RTF: 0.2940(2.381s / 8.100s)
generated_audios/generated_H3_256C_pruned30/908-157963-0027_generated.wav | RTF: 0.0672(0.351s / 5.225s) | Generator RTF: 0.0665(0.348s / 5.225s)
generated_audios/generated_H3_256C_pruned30/908-157963-0028_generated.wav | RTF: 0.0659(0.326s / 4.955s) | Generator RTF: 0.0652(0.323s / 4.955s)
generated_audios/generated_H3_256C_pruned30/908-157963-0029_generated.wav | RTF: 0.2855(1.036s / 3.630s) | Generator RTF: 0.2845(1.033s / 3.630s)
generated_audios/generated_H3_256C_pruned30/908-157963-0030_generated.wav | RTF: 0.0658(0.297s / 4.520s) | Generator RTF: 0.0651(0.294s / 4.520s)
generated_audios/generated_H3_256C_pruned30/908-31957-0000_generated.wav | RTF: 0.2849(0.605s / 2.125s) | Generator RTF: 0.2834(0.602s / 2.125s)
generated_audios/generated_H3_256C_pruned30/908-31957-0001_generated.wav | RTF: 0.2936(3.322s / 11.315s) | Generator RTF: 0.2931(3.317s / 11.315s)
generated_audios/generated_H3_256C_pruned30/908-31957-0002_generated.wav | RTF: 0.0664(0.318s / 4.790s) | Generator RTF: 0.0656(0.314s / 4.790s)
generated_audios/generated_H3_256C_pruned30/908-31957-0003_generated.wav | RTF: 0.0684(0.449s / 6.565s) | Generator RTF: 0.0678(0.445s / 6.565s)
generated_audios/generated_H3_256C_pruned30/908-31957-0004_generated.wav | RTF: 0.2971(4.384s / 14.755s) | Generator RTF: 0.2968(4.379s / 14.755s)
generated_audios/generated_H3_256C_pruned30/908-31957-0005_generated.wav | RTF: 0.0662(0.297s / 4.490s) | Generator RTF: 0.0654(0.294s / 4.490s)
generated_audios/generated_H3_256C_pruned30/908-31957-0006_generated.wav | RTF: 0.2892(1.703s / 5.890s) | Generator RTF: 0.2885(1.699s / 5.890s)
generated_audios/generated_H3_256C_pruned30/908-31957-0007_generated.wav | RTF: 0.0682(0.396s / 5.800s) | Generator RTF: 0.0675(0.392s / 5.800s)
generated_audios/generated_H3_256C_pruned30/908-31957-0008_generated.wav | RTF: 0.2914(2.916s / 10.005s) | Generator RTF: 0.2910(2.912s / 10.005s)
generated_audios/generated_H3_256C_pruned30/908-31957-0009_generated.wav | RTF: 0.2922(2.252s / 7.705s) | Generator RTF: 0.2918(2.248s / 7.705s)
generated_audios/generated_H3_256C_pruned30/908-31957-0010_generated.wav | RTF: 0.2858(0.717s / 2.510s) | Generator RTF: 0.2847(0.715s / 2.510s)
generated_audios/generated_H3_256C_pruned30/908-31957-0011_generated.wav | RTF: 0.0691(0.161s / 2.335s) | Generator RTF: 0.0677(0.158s / 2.335s)
generated_audios/generated_H3_256C_pruned30/908-31957-0012_generated.wav | RTF: 0.2926(2.228s / 7.615s) | Generator RTF: 0.2921(2.224s / 7.615s)
generated_audios/generated_H3_256C_pruned30/908-31957-0013_generated.wav | RTF: 0.2934(1.813s / 6.180s) | Generator RTF: 0.2927(1.809s / 6.180s)
generated_audios/generated_H3_256C_pruned30/908-31957-0014_generated.wav | RTF: 0.2914(2.203s / 7.560s) | Generator RTF: 0.2909(2.199s / 7.560s)
generated_audios/generated_H3_256C_pruned30/908-31957-0015_generated.wav | RTF: 0.2968(6.370s / 21.465s) | Generator RTF: 0.2965(6.365s / 21.465s)
generated_audios/generated_H3_256C_pruned30/908-31957-0016_generated.wav | RTF: 0.2932(1.900s / 6.480s) | Generator RTF: 0.2927(1.897s / 6.480s)
generated_audios/generated_H3_256C_pruned30/908-31957-0017_generated.wav | RTF: 0.2946(2.297s / 7.795s) | Generator RTF: 0.2942(2.293s / 7.795s)
generated_audios/generated_H3_256C_pruned30/908-31957-0018_generated.wav | RTF: 0.2918(1.142s / 3.915s) | Generator RTF: 0.2909(1.139s / 3.915s)
generated_audios/generated_H3_256C_pruned30/908-31957-0019_generated.wav | RTF: 0.2989(2.851s / 9.540s) | Generator RTF: 0.2984(2.847s / 9.540s)
generated_audios/generated_H3_256C_pruned30/908-31957-0020_generated.wav | RTF: 0.0688(0.406s / 5.895s) | Generator RTF: 0.0682(0.402s / 5.895s)
generated_audios/generated_H3_256C_pruned30/908-31957-0021_generated.wav | RTF: 0.2917(3.181s / 10.905s) | Generator RTF: 0.2914(3.177s / 10.905s)
generated_audios/generated_H3_256C_pruned30/908-31957-0022_generated.wav | RTF: 0.2919(4.116s / 14.100s) | Generator RTF: 0.2916(4.111s / 14.100s)
generated_audios/generated_H3_256C_pruned30/908-31957-0023_generated.wav | RTF: 0.2905(2.473s / 8.515s) | Generator RTF: 0.2900(2.470s / 8.515s)
generated_audios/generated_H3_256C_pruned30/908-31957-0024_generated.wav | RTF: 0.2918(2.200s / 7.540s) | Generator RTF: 0.2912(2.196s / 7.540s)
generated_audios/generated_H3_256C_pruned30/908-31957-0025_generated.wav | RTF: 0.3105(6.384s / 20.560s) | Generator RTF: 0.3103(6.379s / 20.560s)
Average RTF: 0.2428(767.098s / 3159.849s)
Average Generator RTF: 0.2422(765.279s / 3159.849s)
Evaluation summary:
  Mel-spectrogram L1: 0.320987
  PESQ: 2.360519
  STOI: 0.930383
Appended per-audio metrics to CSV: per_audio_results/H3_256C_Physical_pruning

Appended metrics to CSV: experiments_results.csv
========== H3: pruning 50% ==========
Initializing Inference Process..
Using device: cpu (baseline and quantized inference both run on CPU)
Loading '/home/hpc/vlbi/vlbi107v/hifi-gan/cp_hifigan/v1_c256_physical50/g_00265000'
Complete.
Checkpoint contains plain conv weights. Removing weight_norm wrappers before loading...
Removing weight norm...
Loaded checkpoint: /home/hpc/vlbi/vlbi107v/hifi-gan/cp_hifigan/v1_c256_physical50/g_00265000 (8.382 MB)
Generator parameters: 2,183,689
generated_audios/generated_H3_256C_pruned50/1089-134686-0000_generated.wav | RTF: 0.2496(2.604s / 10.435s) | Generator RTF: 0.2488(2.597s / 10.435s)
generated_audios/generated_H3_256C_pruned50/1089-134686-0001_generated.wav | RTF: 0.2423(0.794s / 3.275s) | Generator RTF: 0.2408(0.789s / 3.275s)
generated_audios/generated_H3_256C_pruned50/1089-134686-0002_generated.wav | RTF: 0.2410(1.597s / 6.625s) | Generator RTF: 0.2405(1.593s / 6.625s)
generated_audios/generated_H3_256C_pruned50/1089-134686-0003_generated.wav | RTF: 0.2436(0.653s / 2.680s) | Generator RTF: 0.2424(0.650s / 2.680s)
generated_audios/generated_H3_256C_pruned50/1089-134686-0004_generated.wav | RTF: 0.2379(1.241s / 5.215s) | Generator RTF: 0.2371(1.237s / 5.215s)
generated_audios/generated_H3_256C_pruned50/1089-134686-0005_generated.wav | RTF: 0.2414(2.326s / 9.635s) | Generator RTF: 0.2410(2.322s / 9.635s)
generated_audios/generated_H3_256C_pruned50/1089-134686-0006_generated.wav | RTF: 0.2460(2.597s / 10.555s) | Generator RTF: 0.2456(2.592s / 10.555s)
generated_audios/generated_H3_256C_pruned50/1089-134686-0007_generated.wav | RTF: 0.2420(1.035s / 4.275s) | Generator RTF: 0.2411(1.031s / 4.275s)
generated_audios/generated_H3_256C_pruned50/1089-134686-0008_generated.wav | RTF: 0.2396(1.613s / 6.730s) | Generator RTF: 0.2391(1.609s / 6.730s)
generated_audios/generated_H3_256C_pruned50/1089-134686-0009_generated.wav | RTF: 0.2440(2.580s / 10.575s) | Generator RTF: 0.2436(2.576s / 10.575s)
generated_audios/generated_H3_256C_pruned50/1089-134686-0010_generated.wav | RTF: 0.2437(1.074s / 4.405s) | Generator RTF: 0.2429(1.070s / 4.405s)
generated_audios/generated_H3_256C_pruned50/1089-134686-0011_generated.wav | RTF: 0.2683(3.339s / 12.445s) | Generator RTF: 0.2679(3.334s / 12.445s)
generated_audios/generated_H3_256C_pruned50/1089-134686-0012_generated.wav | RTF: 0.2760(3.213s / 11.640s) | Generator RTF: 0.2756(3.208s / 11.640s)
generated_audios/generated_H3_256C_pruned50/1089-134686-0013_generated.wav | RTF: 0.2403(1.902s / 7.915s) | Generator RTF: 0.2398(1.898s / 7.915s)
generated_audios/generated_H3_256C_pruned50/1089-134686-0014_generated.wav | RTF: 0.2507(0.558s / 2.225s) | Generator RTF: 0.2493(0.555s / 2.225s)
generated_audios/generated_H3_256C_pruned50/1089-134686-0015_generated.wav | RTF: 0.2452(1.426s / 5.815s) | Generator RTF: 0.2446(1.422s / 5.815s)
generated_audios/generated_H3_256C_pruned50/1089-134686-0016_generated.wav | RTF: 0.2450(0.867s / 3.540s) | Generator RTF: 0.2441(0.864s / 3.540s)
generated_audios/generated_H3_256C_pruned50/1089-134686-0017_generated.wav | RTF: 0.2583(2.291s / 8.870s) | Generator RTF: 0.2578(2.287s / 8.870s)
generated_audios/generated_H3_256C_pruned50/1089-134686-0018_generated.wav | RTF: 0.2509(3.943s / 15.720s) | Generator RTF: 0.2505(3.938s / 15.720s)
generated_audios/generated_H3_256C_pruned50/1089-134686-0019_generated.wav | RTF: 0.2516(3.496s / 13.895s) | Generator RTF: 0.2512(3.491s / 13.895s)
generated_audios/generated_H3_256C_pruned50/1089-134686-0020_generated.wav | RTF: 0.2725(4.575s / 16.790s) | Generator RTF: 0.2722(4.570s / 16.790s)
generated_audios/generated_H3_256C_pruned50/1089-134686-0021_generated.wav | RTF: 0.2426(1.589s / 6.550s) | Generator RTF: 0.2420(1.585s / 6.550s)
generated_audios/generated_H3_256C_pruned50/1089-134686-0022_generated.wav | RTF: 0.2776(3.102s / 11.175s) | Generator RTF: 0.2772(3.097s / 11.175s)
generated_audios/generated_H3_256C_pruned50/1089-134686-0023_generated.wav | RTF: 0.2698(3.582s / 13.275s) | Generator RTF: 0.2695(3.578s / 13.275s)
generated_audios/generated_H3_256C_pruned50/1089-134686-0024_generated.wav | RTF: 0.2735(3.187s / 11.655s) | Generator RTF: 0.2731(3.183s / 11.655s)
generated_audios/generated_H3_256C_pruned50/1089-134686-0025_generated.wav | RTF: 0.2443(1.615s / 6.610s) | Generator RTF: 0.2437(1.611s / 6.610s)
generated_audios/generated_H3_256C_pruned50/1089-134686-0026_generated.wav | RTF: 0.2416(0.969s / 4.010s) | Generator RTF: 0.2408(0.965s / 4.010s)
generated_audios/generated_H3_256C_pruned50/1089-134686-0027_generated.wav | RTF: 0.2416(0.655s / 2.710s) | Generator RTF: 0.2404(0.652s / 2.710s)
generated_audios/generated_H3_256C_pruned50/1089-134686-0028_generated.wav | RTF: 0.2484(1.945s / 7.830s) | Generator RTF: 0.2479(1.941s / 7.830s)
generated_audios/generated_H3_256C_pruned50/1089-134686-0029_generated.wav | RTF: 0.2414(1.127s / 4.670s) | Generator RTF: 0.2406(1.124s / 4.670s)
generated_audios/generated_H3_256C_pruned50/1089-134686-0030_generated.wav | RTF: 0.0462(0.125s / 2.715s) | Generator RTF: 0.0450(0.122s / 2.715s)
generated_audios/generated_H3_256C_pruned50/1089-134686-0031_generated.wav | RTF: 0.0490(0.324s / 6.615s) | Generator RTF: 0.0484(0.320s / 6.615s)
generated_audios/generated_H3_256C_pruned50/121-121726-0000_generated.wav | RTF: 0.2480(2.098s / 8.460s) | Generator RTF: 0.2476(2.094s / 8.460s)
generated_audios/generated_H3_256C_pruned50/121-121726-0001_generated.wav | RTF: 0.2401(1.423s / 5.925s) | Generator RTF: 0.2395(1.419s / 5.925s)
generated_audios/generated_H3_256C_pruned50/121-121726-0002_generated.wav | RTF: 0.0529(0.233s / 4.410s) | Generator RTF: 0.0521(0.230s / 4.410s)
generated_audios/generated_H3_256C_pruned50/121-121726-0003_generated.wav | RTF: 0.2455(1.659s / 6.755s) | Generator RTF: 0.2450(1.655s / 6.755s)
generated_audios/generated_H3_256C_pruned50/121-121726-0004_generated.wav | RTF: 0.2463(0.990s / 4.020s) | Generator RTF: 0.2454(0.986s / 4.020s)
generated_audios/generated_H3_256C_pruned50/121-121726-0005_generated.wav | RTF: 0.2367(0.734s / 3.100s) | Generator RTF: 0.2357(0.731s / 3.100s)
generated_audios/generated_H3_256C_pruned50/121-121726-0006_generated.wav | RTF: 0.2466(0.960s / 3.895s) | Generator RTF: 0.2457(0.957s / 3.895s)
generated_audios/generated_H3_256C_pruned50/121-121726-0007_generated.wav | RTF: 0.0546(0.367s / 6.730s) | Generator RTF: 0.0540(0.363s / 6.730s)
generated_audios/generated_H3_256C_pruned50/121-121726-0008_generated.wav | RTF: 0.2402(1.198s / 4.990s) | Generator RTF: 0.2395(1.195s / 4.990s)
generated_audios/generated_H3_256C_pruned50/121-121726-0009_generated.wav | RTF: 0.2485(1.804s / 7.260s) | Generator RTF: 0.2480(1.801s / 7.260s)
generated_audios/generated_H3_256C_pruned50/121-121726-0010_generated.wav | RTF: 0.2489(2.442s / 9.810s) | Generator RTF: 0.2485(2.438s / 9.810s)
generated_audios/generated_H3_256C_pruned50/121-121726-0011_generated.wav | RTF: 0.2449(0.988s / 4.035s) | Generator RTF: 0.2440(0.984s / 4.035s)
generated_audios/generated_H3_256C_pruned50/121-121726-0012_generated.wav | RTF: 0.2366(0.957s / 4.045s) | Generator RTF: 0.2358(0.954s / 4.045s)
generated_audios/generated_H3_256C_pruned50/121-121726-0013_generated.wav | RTF: 0.2517(0.627s / 2.490s) | Generator RTF: 0.2504(0.624s / 2.490s)
generated_audios/generated_H3_256C_pruned50/121-121726-0014_generated.wav | RTF: 0.2461(0.779s / 3.165s) | Generator RTF: 0.2452(0.776s / 3.165s)
generated_audios/generated_H3_256C_pruned50/121-123852-0000_generated.wav | RTF: 0.2691(4.762s / 17.695s) | Generator RTF: 0.2688(4.756s / 17.695s)
generated_audios/generated_H3_256C_pruned50/121-123852-0001_generated.wav | RTF: 0.2510(0.469s / 1.870s) | Generator RTF: 0.2494(0.466s / 1.870s)
generated_audios/generated_H3_256C_pruned50/121-123852-0002_generated.wav | RTF: 0.2738(4.733s / 17.285s) | Generator RTF: 0.2736(4.728s / 17.285s)
generated_audios/generated_H3_256C_pruned50/121-123852-0003_generated.wav | RTF: 0.2847(6.691s / 23.505s) | Generator RTF: 0.2844(6.686s / 23.505s)
generated_audios/generated_H3_256C_pruned50/121-123852-0004_generated.wav | RTF: 0.2721(4.433s / 16.290s) | Generator RTF: 0.2719(4.429s / 16.290s)
generated_audios/generated_H3_256C_pruned50/121-123859-0000_generated.wav | RTF: 0.2726(4.741s / 17.390s) | Generator RTF: 0.2724(4.736s / 17.390s)
generated_audios/generated_H3_256C_pruned50/121-123859-0001_generated.wav | RTF: 0.2978(7.563s / 25.395s) | Generator RTF: 0.2976(7.557s / 25.395s)
generated_audios/generated_H3_256C_pruned50/121-123859-0002_generated.wav | RTF: 0.2866(8.610s / 30.040s) | Generator RTF: 0.2864(8.603s / 30.040s)
generated_audios/generated_H3_256C_pruned50/121-123859-0003_generated.wav | RTF: 0.2486(2.691s / 10.825s) | Generator RTF: 0.2482(2.687s / 10.825s)
generated_audios/generated_H3_256C_pruned50/121-123859-0004_generated.wav | RTF: 0.2502(2.379s / 9.505s) | Generator RTF: 0.2498(2.374s / 9.505s)
generated_audios/generated_H3_256C_pruned50/121-127105-0000_generated.wav | RTF: 0.2599(2.567s / 9.875s) | Generator RTF: 0.2595(2.563s / 9.875s)
generated_audios/generated_H3_256C_pruned50/121-127105-0001_generated.wav | RTF: 0.2411(1.212s / 5.025s) | Generator RTF: 0.2404(1.208s / 5.025s)
generated_audios/generated_H3_256C_pruned50/121-127105-0002_generated.wav | RTF: 0.2458(1.842s / 7.495s) | Generator RTF: 0.2453(1.838s / 7.495s)
generated_audios/generated_H3_256C_pruned50/121-127105-0003_generated.wav | RTF: 0.2483(1.919s / 7.725s) | Generator RTF: 0.2479(1.915s / 7.725s)
generated_audios/generated_H3_256C_pruned50/121-127105-0004_generated.wav | RTF: 0.2493(0.526s / 2.110s) | Generator RTF: 0.2477(0.523s / 2.110s)
generated_audios/generated_H3_256C_pruned50/121-127105-0005_generated.wav | RTF: 0.2400(1.397s / 5.820s) | Generator RTF: 0.2394(1.394s / 5.820s)
generated_audios/generated_H3_256C_pruned50/121-127105-0006_generated.wav | RTF: 0.2420(1.143s / 4.725s) | Generator RTF: 0.2413(1.140s / 4.725s)
generated_audios/generated_H3_256C_pruned50/121-127105-0007_generated.wav | RTF: 0.2404(1.392s / 5.790s) | Generator RTF: 0.2398(1.388s / 5.790s)
generated_audios/generated_H3_256C_pruned50/121-127105-0008_generated.wav | RTF: 0.2362(0.652s / 2.760s) | Generator RTF: 0.2350(0.649s / 2.760s)
generated_audios/generated_H3_256C_pruned50/121-127105-0009_generated.wav | RTF: 0.2431(0.557s / 2.290s) | Generator RTF: 0.2416(0.553s / 2.290s)
generated_audios/generated_H3_256C_pruned50/121-127105-0010_generated.wav | RTF: 0.2444(0.697s / 2.850s) | Generator RTF: 0.2433(0.693s / 2.850s)
generated_audios/generated_H3_256C_pruned50/121-127105-0011_generated.wav | RTF: 0.2475(1.430s / 5.780s) | Generator RTF: 0.2469(1.427s / 5.780s)
generated_audios/generated_H3_256C_pruned50/121-127105-0012_generated.wav | RTF: 0.2452(1.184s / 4.830s) | Generator RTF: 0.2444(1.181s / 4.830s)
generated_audios/generated_H3_256C_pruned50/121-127105-0013_generated.wav | RTF: 0.2418(1.425s / 5.895s) | Generator RTF: 0.2412(1.422s / 5.895s)
generated_audios/generated_H3_256C_pruned50/121-127105-0014_generated.wav | RTF: 0.2451(0.553s / 2.255s) | Generator RTF: 0.2437(0.550s / 2.255s)
generated_audios/generated_H3_256C_pruned50/121-127105-0015_generated.wav | RTF: 0.2450(0.725s / 2.960s) | Generator RTF: 0.2439(0.722s / 2.960s)
generated_audios/generated_H3_256C_pruned50/121-127105-0016_generated.wav | RTF: 0.2388(0.485s / 2.030s) | Generator RTF: 0.2372(0.481s / 2.030s)
generated_audios/generated_H3_256C_pruned50/121-127105-0017_generated.wav | RTF: 0.2460(0.663s / 2.695s) | Generator RTF: 0.2449(0.660s / 2.695s)
generated_audios/generated_H3_256C_pruned50/121-127105-0018_generated.wav | RTF: 0.2479(0.687s / 2.770s) | Generator RTF: 0.2467(0.683s / 2.770s)
generated_audios/generated_H3_256C_pruned50/121-127105-0019_generated.wav | RTF: 0.2355(0.830s / 3.525s) | Generator RTF: 0.2346(0.827s / 3.525s)
generated_audios/generated_H3_256C_pruned50/121-127105-0020_generated.wav | RTF: 0.2713(3.894s / 14.355s) | Generator RTF: 0.2710(3.890s / 14.355s)
generated_audios/generated_H3_256C_pruned50/121-127105-0021_generated.wav | RTF: 0.2520(0.504s / 2.000s) | Generator RTF: 0.2509(0.502s / 2.000s)
generated_audios/generated_H3_256C_pruned50/121-127105-0022_generated.wav | RTF: 0.2454(1.245s / 5.075s) | Generator RTF: 0.2448(1.242s / 5.075s)
generated_audios/generated_H3_256C_pruned50/121-127105-0023_generated.wav | RTF: 0.2499(2.726s / 10.910s) | Generator RTF: 0.2495(2.722s / 10.910s)
generated_audios/generated_H3_256C_pruned50/121-127105-0024_generated.wav | RTF: 0.2731(3.946s / 14.450s) | Generator RTF: 0.2728(3.941s / 14.450s)
generated_audios/generated_H3_256C_pruned50/121-127105-0025_generated.wav | RTF: 0.2716(4.363s / 16.065s) | Generator RTF: 0.2713(4.359s / 16.065s)
generated_audios/generated_H3_256C_pruned50/121-127105-0026_generated.wav | RTF: 0.2454(1.848s / 7.530s) | Generator RTF: 0.2449(1.844s / 7.530s)
generated_audios/generated_H3_256C_pruned50/121-127105-0027_generated.wav | RTF: 0.2517(3.491s / 13.870s) | Generator RTF: 0.2513(3.486s / 13.870s)
generated_audios/generated_H3_256C_pruned50/121-127105-0028_generated.wav | RTF: 0.0563(0.380s / 6.750s) | Generator RTF: 0.0558(0.376s / 6.750s)
generated_audios/generated_H3_256C_pruned50/121-127105-0029_generated.wav | RTF: 0.2486(1.817s / 7.310s) | Generator RTF: 0.2481(1.814s / 7.310s)
generated_audios/generated_H3_256C_pruned50/121-127105-0030_generated.wav | RTF: 0.2546(0.554s / 2.175s) | Generator RTF: 0.2531(0.550s / 2.175s)
generated_audios/generated_H3_256C_pruned50/121-127105-0031_generated.wav | RTF: 0.2470(2.659s / 10.765s) | Generator RTF: 0.2467(2.656s / 10.765s)
generated_audios/generated_H3_256C_pruned50/121-127105-0032_generated.wav | RTF: 0.2444(0.775s / 3.170s) | Generator RTF: 0.2433(0.771s / 3.170s)
generated_audios/generated_H3_256C_pruned50/121-127105-0033_generated.wav | RTF: 0.2521(0.594s / 2.355s) | Generator RTF: 0.2508(0.591s / 2.355s)
generated_audios/generated_H3_256C_pruned50/121-127105-0034_generated.wav | RTF: 0.2476(1.835s / 7.410s) | Generator RTF: 0.2472(1.831s / 7.410s)
generated_audios/generated_H3_256C_pruned50/121-127105-0035_generated.wav | RTF: 0.2728(3.860s / 14.150s) | Generator RTF: 0.2725(3.856s / 14.150s)
generated_audios/generated_H3_256C_pruned50/121-127105-0036_generated.wav | RTF: 0.2398(0.995s / 4.150s) | Generator RTF: 0.2390(0.992s / 4.150s)
generated_audios/generated_H3_256C_pruned50/237-126133-0000_generated.wav | RTF: 0.2780(3.695s / 13.290s) | Generator RTF: 0.2777(3.691s / 13.290s)
generated_audios/generated_H3_256C_pruned50/237-126133-0001_generated.wav | RTF: 0.2526(3.022s / 11.965s) | Generator RTF: 0.2522(3.018s / 11.965s)
generated_audios/generated_H3_256C_pruned50/237-126133-0002_generated.wav | RTF: 0.2449(2.184s / 8.920s) | Generator RTF: 0.2445(2.181s / 8.920s)
generated_audios/generated_H3_256C_pruned50/237-126133-0003_generated.wav | RTF: 0.2478(1.626s / 6.560s) | Generator RTF: 0.2473(1.622s / 6.560s)
generated_audios/generated_H3_256C_pruned50/237-126133-0004_generated.wav | RTF: 0.2460(0.811s / 3.295s) | Generator RTF: 0.2451(0.808s / 3.295s)
generated_audios/generated_H3_256C_pruned50/237-126133-0005_generated.wav | RTF: 0.2497(1.626s / 6.510s) | Generator RTF: 0.2492(1.622s / 6.510s)
generated_audios/generated_H3_256C_pruned50/237-126133-0006_generated.wav | RTF: 0.2449(1.506s / 6.150s) | Generator RTF: 0.2443(1.502s / 6.150s)
generated_audios/generated_H3_256C_pruned50/237-126133-0007_generated.wav | RTF: 0.2482(2.154s / 8.680s) | Generator RTF: 0.2478(2.151s / 8.680s)
generated_audios/generated_H3_256C_pruned50/237-126133-0008_generated.wav | RTF: 0.2448(0.946s / 3.865s) | Generator RTF: 0.2439(0.943s / 3.865s)
generated_audios/generated_H3_256C_pruned50/237-126133-0009_generated.wav | RTF: 0.2441(0.969s / 3.970s) | Generator RTF: 0.2433(0.966s / 3.970s)
generated_audios/generated_H3_256C_pruned50/237-126133-0010_generated.wav | RTF: 0.2412(1.505s / 6.240s) | Generator RTF: 0.2406(1.501s / 6.240s)
generated_audios/generated_H3_256C_pruned50/237-126133-0011_generated.wav | RTF: 0.2427(1.629s / 6.710s) | Generator RTF: 0.2421(1.625s / 6.710s)
generated_audios/generated_H3_256C_pruned50/237-126133-0012_generated.wav | RTF: 0.2447(1.089s / 4.450s) | Generator RTF: 0.2440(1.086s / 4.450s)
generated_audios/generated_H3_256C_pruned50/237-126133-0013_generated.wav | RTF: 0.2489(1.696s / 6.815s) | Generator RTF: 0.2483(1.692s / 6.815s)
generated_audios/generated_H3_256C_pruned50/237-126133-0014_generated.wav | RTF: 0.2470(1.677s / 6.790s) | Generator RTF: 0.2465(1.673s / 6.790s)
generated_audios/generated_H3_256C_pruned50/237-126133-0015_generated.wav | RTF: 0.2468(2.305s / 9.340s) | Generator RTF: 0.2464(2.302s / 9.340s)
generated_audios/generated_H3_256C_pruned50/237-126133-0016_generated.wav | RTF: 0.2407(1.023s / 4.250s) | Generator RTF: 0.2399(1.020s / 4.250s)
generated_audios/generated_H3_256C_pruned50/237-126133-0017_generated.wav | RTF: 0.2429(1.509s / 6.210s) | Generator RTF: 0.2424(1.505s / 6.210s)
generated_audios/generated_H3_256C_pruned50/237-126133-0018_generated.wav | RTF: 0.2488(1.019s / 4.095s) | Generator RTF: 0.2479(1.015s / 4.095s)
generated_audios/generated_H3_256C_pruned50/237-126133-0019_generated.wav | RTF: 0.2457(1.749s / 7.120s) | Generator RTF: 0.2452(1.746s / 7.120s)
generated_audios/generated_H3_256C_pruned50/237-126133-0020_generated.wav | RTF: 0.2382(0.534s / 2.240s) | Generator RTF: 0.2369(0.531s / 2.240s)
generated_audios/generated_H3_256C_pruned50/237-126133-0021_generated.wav | RTF: 0.2402(1.049s / 4.365s) | Generator RTF: 0.2394(1.045s / 4.365s)
generated_audios/generated_H3_256C_pruned50/237-126133-0022_generated.wav | RTF: 0.2483(1.252s / 5.040s) | Generator RTF: 0.2476(1.248s / 5.040s)
generated_audios/generated_H3_256C_pruned50/237-126133-0023_generated.wav | RTF: 0.2479(1.655s / 6.675s) | Generator RTF: 0.2473(1.651s / 6.675s)
generated_audios/generated_H3_256C_pruned50/237-126133-0024_generated.wav | RTF: 0.2523(2.438s / 9.665s) | Generator RTF: 0.2518(2.434s / 9.665s)
generated_audios/generated_H3_256C_pruned50/237-126133-0025_generated.wav | RTF: 0.2472(0.928s / 3.755s) | Generator RTF: 0.2463(0.925s / 3.755s)
generated_audios/generated_H3_256C_pruned50/237-134493-0000_generated.wav | RTF: 0.2488(1.021s / 4.105s) | Generator RTF: 0.2480(1.018s / 4.105s)
generated_audios/generated_H3_256C_pruned50/237-134493-0001_generated.wav | RTF: 0.2480(1.830s / 7.380s) | Generator RTF: 0.2475(1.826s / 7.380s)
generated_audios/generated_H3_256C_pruned50/237-134493-0002_generated.wav | RTF: 0.2792(3.182s / 11.395s) | Generator RTF: 0.2789(3.178s / 11.395s)
generated_audios/generated_H3_256C_pruned50/237-134493-0003_generated.wav | RTF: 0.2781(3.550s / 12.765s) | Generator RTF: 0.2777(3.545s / 12.765s)
generated_audios/generated_H3_256C_pruned50/237-134493-0004_generated.wav | RTF: 0.2465(1.682s / 6.825s) | Generator RTF: 0.2459(1.678s / 6.825s)
generated_audios/generated_H3_256C_pruned50/237-134493-0005_generated.wav | RTF: 0.2512(2.749s / 10.945s) | Generator RTF: 0.2508(2.745s / 10.945s)
generated_audios/generated_H3_256C_pruned50/237-134493-0006_generated.wav | RTF: 0.2451(1.077s / 4.395s) | Generator RTF: 0.2443(1.074s / 4.395s)
generated_audios/generated_H3_256C_pruned50/237-134493-0007_generated.wav | RTF: 0.2581(0.525s / 2.035s) | Generator RTF: 0.2566(0.522s / 2.035s)
generated_audios/generated_H3_256C_pruned50/237-134493-0008_generated.wav | RTF: 0.2424(0.559s / 2.305s) | Generator RTF: 0.2411(0.556s / 2.305s)
generated_audios/generated_H3_256C_pruned50/237-134493-0009_generated.wav | RTF: 0.2565(0.763s / 2.975s) | Generator RTF: 0.2555(0.760s / 2.975s)
generated_audios/generated_H3_256C_pruned50/237-134493-0010_generated.wav | RTF: 0.2452(0.705s / 2.875s) | Generator RTF: 0.2440(0.702s / 2.875s)
generated_audios/generated_H3_256C_pruned50/237-134493-0011_generated.wav | RTF: 0.2519(1.268s / 5.035s) | Generator RTF: 0.2512(1.265s / 5.035s)
generated_audios/generated_H3_256C_pruned50/237-134493-0012_generated.wav | RTF: 0.2425(0.887s / 3.660s) | Generator RTF: 0.2415(0.884s / 3.660s)
generated_audios/generated_H3_256C_pruned50/237-134493-0013_generated.wav | RTF: 0.0550(0.225s / 4.090s) | Generator RTF: 0.0542(0.221s / 4.090s)
generated_audios/generated_H3_256C_pruned50/237-134493-0014_generated.wav | RTF: 0.2411(0.892s / 3.700s) | Generator RTF: 0.2401(0.888s / 3.700s)
generated_audios/generated_H3_256C_pruned50/237-134493-0015_generated.wav | RTF: 0.0584(0.383s / 6.550s) | Generator RTF: 0.0579(0.379s / 6.550s)
generated_audios/generated_H3_256C_pruned50/237-134493-0016_generated.wav | RTF: 0.2638(2.661s / 10.085s) | Generator RTF: 0.2635(2.657s / 10.085s)
generated_audios/generated_H3_256C_pruned50/237-134493-0017_generated.wav | RTF: 0.2537(2.310s / 9.105s) | Generator RTF: 0.2532(2.306s / 9.105s)
generated_audios/generated_H3_256C_pruned50/237-134493-0018_generated.wav | RTF: 0.2492(1.193s / 4.790s) | Generator RTF: 0.2484(1.190s / 4.790s)
generated_audios/generated_H3_256C_pruned50/237-134500-0000_generated.wav | RTF: 0.2503(1.534s / 6.130s) | Generator RTF: 0.2497(1.531s / 6.130s)
generated_audios/generated_H3_256C_pruned50/237-134500-0001_generated.wav | RTF: 0.2548(0.461s / 1.810s) | Generator RTF: 0.2531(0.458s / 1.810s)
generated_audios/generated_H3_256C_pruned50/237-134500-0002_generated.wav | RTF: 0.2478(1.256s / 5.070s) | Generator RTF: 0.2471(1.253s / 5.070s)
generated_audios/generated_H3_256C_pruned50/237-134500-0003_generated.wav | RTF: 0.0563(0.179s / 3.170s) | Generator RTF: 0.0553(0.175s / 3.170s)
generated_audios/generated_H3_256C_pruned50/237-134500-0004_generated.wav | RTF: 0.0558(0.124s / 2.225s) | Generator RTF: 0.0545(0.121s / 2.225s)
generated_audios/generated_H3_256C_pruned50/237-134500-0005_generated.wav | RTF: 0.2528(0.604s / 2.390s) | Generator RTF: 0.2516(0.601s / 2.390s)
generated_audios/generated_H3_256C_pruned50/237-134500-0006_generated.wav | RTF: 0.2445(1.033s / 4.225s) | Generator RTF: 0.2437(1.030s / 4.225s)
generated_audios/generated_H3_256C_pruned50/237-134500-0007_generated.wav | RTF: 0.0476(0.114s / 2.390s) | Generator RTF: 0.0462(0.110s / 2.390s)
generated_audios/generated_H3_256C_pruned50/237-134500-0008_generated.wav | RTF: 0.0548(0.206s / 3.760s) | Generator RTF: 0.0535(0.201s / 3.760s)
generated_audios/generated_H3_256C_pruned50/237-134500-0009_generated.wav | RTF: 0.0485(0.108s / 2.220s) | Generator RTF: 0.0471(0.104s / 2.220s)
generated_audios/generated_H3_256C_pruned50/237-134500-0010_generated.wav | RTF: 0.2495(0.997s / 3.995s) | Generator RTF: 0.2487(0.994s / 3.995s)
generated_audios/generated_H3_256C_pruned50/237-134500-0011_generated.wav | RTF: 0.2418(0.810s / 3.350s) | Generator RTF: 0.2408(0.807s / 3.350s)
generated_audios/generated_H3_256C_pruned50/237-134500-0012_generated.wav | RTF: 0.2622(2.867s / 10.935s) | Generator RTF: 0.2618(2.863s / 10.935s)
generated_audios/generated_H3_256C_pruned50/237-134500-0013_generated.wav | RTF: 0.0567(0.599s / 10.560s) | Generator RTF: 0.0563(0.595s / 10.560s)
generated_audios/generated_H3_256C_pruned50/237-134500-0014_generated.wav | RTF: 0.0545(0.232s / 4.250s) | Generator RTF: 0.0537(0.228s / 4.250s)
generated_audios/generated_H3_256C_pruned50/237-134500-0015_generated.wav | RTF: 0.2637(2.852s / 10.815s) | Generator RTF: 0.2634(2.848s / 10.815s)
generated_audios/generated_H3_256C_pruned50/237-134500-0016_generated.wav | RTF: 0.0539(0.170s / 3.160s) | Generator RTF: 0.0529(0.167s / 3.160s)
generated_audios/generated_H3_256C_pruned50/237-134500-0017_generated.wav | RTF: 0.0586(0.128s / 2.180s) | Generator RTF: 0.0572(0.125s / 2.180s)
generated_audios/generated_H3_256C_pruned50/237-134500-0018_generated.wav | RTF: 0.2823(3.626s / 12.845s) | Generator RTF: 0.2819(3.622s / 12.845s)
generated_audios/generated_H3_256C_pruned50/237-134500-0019_generated.wav | RTF: 0.2466(0.705s / 2.860s) | Generator RTF: 0.2454(0.702s / 2.860s)
generated_audios/generated_H3_256C_pruned50/237-134500-0020_generated.wav | RTF: 0.0467(0.102s / 2.180s) | Generator RTF: 0.0453(0.099s / 2.180s)
generated_audios/generated_H3_256C_pruned50/237-134500-0021_generated.wav | RTF: 0.2507(1.283s / 5.120s) | Generator RTF: 0.2500(1.280s / 5.120s)
generated_audios/generated_H3_256C_pruned50/237-134500-0022_generated.wav | RTF: 0.2509(1.296s / 5.165s) | Generator RTF: 0.2503(1.293s / 5.165s)
generated_audios/generated_H3_256C_pruned50/237-134500-0023_generated.wav | RTF: 0.2535(0.776s / 3.060s) | Generator RTF: 0.2525(0.773s / 3.060s)
generated_audios/generated_H3_256C_pruned50/237-134500-0024_generated.wav | RTF: 0.0548(0.242s / 4.410s) | Generator RTF: 0.0541(0.239s / 4.410s)
generated_audios/generated_H3_256C_pruned50/237-134500-0025_generated.wav | RTF: 0.2586(0.422s / 1.630s) | Generator RTF: 0.2566(0.418s / 1.630s)
generated_audios/generated_H3_256C_pruned50/237-134500-0026_generated.wav | RTF: 0.2522(0.769s / 3.050s) | Generator RTF: 0.2511(0.766s / 3.050s)
generated_audios/generated_H3_256C_pruned50/237-134500-0027_generated.wav | RTF: 0.2526(0.826s / 3.270s) | Generator RTF: 0.2516(0.823s / 3.270s)
generated_audios/generated_H3_256C_pruned50/237-134500-0028_generated.wav | RTF: 0.2565(1.161s / 4.525s) | Generator RTF: 0.2557(1.157s / 4.525s)
generated_audios/generated_H3_256C_pruned50/237-134500-0029_generated.wav | RTF: 0.2461(0.508s / 2.065s) | Generator RTF: 0.2444(0.505s / 2.065s)
generated_audios/generated_H3_256C_pruned50/237-134500-0030_generated.wav | RTF: 0.2539(0.706s / 2.780s) | Generator RTF: 0.2527(0.703s / 2.780s)
generated_audios/generated_H3_256C_pruned50/237-134500-0031_generated.wav | RTF: 0.2570(2.726s / 10.610s) | Generator RTF: 0.2566(2.722s / 10.610s)
generated_audios/generated_H3_256C_pruned50/237-134500-0032_generated.wav | RTF: 0.0551(0.277s / 5.025s) | Generator RTF: 0.0544(0.273s / 5.025s)
generated_audios/generated_H3_256C_pruned50/237-134500-0033_generated.wav | RTF: 0.2544(1.616s / 6.350s) | Generator RTF: 0.2539(1.612s / 6.350s)
generated_audios/generated_H3_256C_pruned50/237-134500-0034_generated.wav | RTF: 0.2515(0.774s / 3.075s) | Generator RTF: 0.2505(0.770s / 3.075s)
generated_audios/generated_H3_256C_pruned50/237-134500-0035_generated.wav | RTF: 0.2586(0.661s / 2.555s) | Generator RTF: 0.2573(0.657s / 2.555s)
generated_audios/generated_H3_256C_pruned50/237-134500-0036_generated.wav | RTF: 0.2581(1.703s / 6.600s) | Generator RTF: 0.2575(1.700s / 6.600s)
generated_audios/generated_H3_256C_pruned50/237-134500-0037_generated.wav | RTF: 0.2638(1.874s / 7.105s) | Generator RTF: 0.2633(1.871s / 7.105s)
generated_audios/generated_H3_256C_pruned50/237-134500-0038_generated.wav | RTF: 0.2573(0.627s / 2.435s) | Generator RTF: 0.2560(0.623s / 2.435s)
generated_audios/generated_H3_256C_pruned50/237-134500-0039_generated.wav | RTF: 0.2596(1.202s / 4.630s) | Generator RTF: 0.2589(1.199s / 4.630s)
generated_audios/generated_H3_256C_pruned50/237-134500-0040_generated.wav | RTF: 0.0549(0.221s / 4.030s) | Generator RTF: 0.0541(0.218s / 4.030s)
generated_audios/generated_H3_256C_pruned50/237-134500-0041_generated.wav | RTF: 0.0574(0.512s / 8.920s) | Generator RTF: 0.0570(0.508s / 8.920s)
generated_audios/generated_H3_256C_pruned50/237-134500-0042_generated.wav | RTF: 0.2581(0.665s / 2.575s) | Generator RTF: 0.2568(0.661s / 2.575s)
generated_audios/generated_H3_256C_pruned50/260-123286-0000_generated.wav | RTF: 0.2569(1.809s / 7.040s) | Generator RTF: 0.2564(1.805s / 7.040s)
generated_audios/generated_H3_256C_pruned50/260-123286-0001_generated.wav | RTF: 0.0514(0.158s / 3.070s) | Generator RTF: 0.0503(0.155s / 3.070s)
generated_audios/generated_H3_256C_pruned50/260-123286-0002_generated.wav | RTF: 0.2647(2.643s / 9.985s) | Generator RTF: 0.2642(2.638s / 9.985s)
generated_audios/generated_H3_256C_pruned50/260-123286-0003_generated.wav | RTF: 0.2589(1.908s / 7.370s) | Generator RTF: 0.2584(1.905s / 7.370s)
generated_audios/generated_H3_256C_pruned50/260-123286-0004_generated.wav | RTF: 0.2595(0.899s / 3.465s) | Generator RTF: 0.2585(0.896s / 3.465s)
generated_audios/generated_H3_256C_pruned50/260-123286-0005_generated.wav | RTF: 0.2565(1.234s / 4.810s) | Generator RTF: 0.2557(1.230s / 4.810s)
generated_audios/generated_H3_256C_pruned50/260-123286-0006_generated.wav | RTF: 0.2662(1.971s / 7.405s) | Generator RTF: 0.2656(1.967s / 7.405s)
generated_audios/generated_H3_256C_pruned50/260-123286-0007_generated.wav | RTF: 0.2600(1.183s / 4.550s) | Generator RTF: 0.2592(1.180s / 4.550s)
generated_audios/generated_H3_256C_pruned50/260-123286-0008_generated.wav | RTF: 0.2549(0.952s / 3.735s) | Generator RTF: 0.2539(0.948s / 3.735s)
generated_audios/generated_H3_256C_pruned50/260-123286-0009_generated.wav | RTF: 0.2619(1.518s / 5.795s) | Generator RTF: 0.2613(1.514s / 5.795s)
generated_audios/generated_H3_256C_pruned50/260-123286-0010_generated.wav | RTF: 0.0555(0.143s / 2.575s) | Generator RTF: 0.0542(0.139s / 2.575s)
generated_audios/generated_H3_256C_pruned50/260-123286-0011_generated.wav | RTF: 0.0563(0.240s / 4.255s) | Generator RTF: 0.0555(0.236s / 4.255s)
generated_audios/generated_H3_256C_pruned50/260-123286-0012_generated.wav | RTF: 0.0554(0.135s / 2.430s) | Generator RTF: 0.0541(0.131s / 2.430s)
generated_audios/generated_H3_256C_pruned50/260-123286-0013_generated.wav | RTF: 0.2620(1.239s / 4.730s) | Generator RTF: 0.2613(1.236s / 4.730s)
generated_audios/generated_H3_256C_pruned50/260-123286-0014_generated.wav | RTF: 0.0555(0.165s / 2.980s) | Generator RTF: 0.0544(0.162s / 2.980s)
generated_audios/generated_H3_256C_pruned50/260-123286-0015_generated.wav | RTF: 0.2590(1.350s / 5.210s) | Generator RTF: 0.2584(1.346s / 5.210s)
generated_audios/generated_H3_256C_pruned50/260-123286-0016_generated.wav | RTF: 0.2619(1.833s / 7.000s) | Generator RTF: 0.2613(1.829s / 7.000s)
generated_audios/generated_H3_256C_pruned50/260-123286-0017_generated.wav | RTF: 0.2543(1.011s / 3.975s) | Generator RTF: 0.2535(1.008s / 3.975s)
generated_audios/generated_H3_256C_pruned50/260-123286-0018_generated.wav | RTF: 0.2641(1.498s / 5.670s) | Generator RTF: 0.2635(1.494s / 5.670s)
generated_audios/generated_H3_256C_pruned50/260-123286-0019_generated.wav | RTF: 0.2890(3.441s / 11.905s) | Generator RTF: 0.2886(3.436s / 11.905s)
generated_audios/generated_H3_256C_pruned50/260-123286-0020_generated.wav | RTF: 0.0550(0.168s / 3.060s) | Generator RTF: 0.0539(0.165s / 3.060s)
generated_audios/generated_H3_256C_pruned50/260-123286-0021_generated.wav | RTF: 0.2546(0.649s / 2.550s) | Generator RTF: 0.2534(0.646s / 2.550s)
generated_audios/generated_H3_256C_pruned50/260-123286-0022_generated.wav | RTF: 0.2630(0.851s / 3.235s) | Generator RTF: 0.2620(0.848s / 3.235s)
generated_audios/generated_H3_256C_pruned50/260-123286-0023_generated.wav | RTF: 0.2682(1.576s / 5.875s) | Generator RTF: 0.2675(1.572s / 5.875s)
generated_audios/generated_H3_256C_pruned50/260-123286-0024_generated.wav | RTF: 0.2566(0.780s / 3.040s) | Generator RTF: 0.2555(0.777s / 3.040s)
generated_audios/generated_H3_256C_pruned50/260-123286-0025_generated.wav | RTF: 0.2674(2.461s / 9.205s) | Generator RTF: 0.2670(2.458s / 9.205s)
generated_audios/generated_H3_256C_pruned50/260-123286-0026_generated.wav | RTF: 0.2644(1.835s / 6.940s) | Generator RTF: 0.2638(1.831s / 6.940s)
generated_audios/generated_H3_256C_pruned50/260-123286-0027_generated.wav | RTF: 0.2702(1.937s / 7.170s) | Generator RTF: 0.2696(1.933s / 7.170s)
generated_audios/generated_H3_256C_pruned50/260-123286-0028_generated.wav | RTF: 0.2685(2.004s / 7.465s) | Generator RTF: 0.2680(2.001s / 7.465s)
generated_audios/generated_H3_256C_pruned50/260-123286-0029_generated.wav | RTF: 0.0570(0.259s / 4.545s) | Generator RTF: 0.0562(0.256s / 4.545s)
generated_audios/generated_H3_256C_pruned50/260-123286-0030_generated.wav | RTF: 0.0561(0.423s / 7.530s) | Generator RTF: 0.0556(0.419s / 7.530s)
generated_audios/generated_H3_256C_pruned50/260-123286-0031_generated.wav | RTF: 0.2639(1.335s / 5.060s) | Generator RTF: 0.2632(1.332s / 5.060s)
generated_audios/generated_H3_256C_pruned50/260-123288-0000_generated.wav | RTF: 0.0466(0.142s / 3.040s) | Generator RTF: 0.0456(0.139s / 3.040s)
generated_audios/generated_H3_256C_pruned50/260-123288-0001_generated.wav | RTF: 0.0542(0.275s / 5.080s) | Generator RTF: 0.0535(0.272s / 5.080s)
generated_audios/generated_H3_256C_pruned50/260-123288-0002_generated.wav | RTF: 0.2665(1.932s / 7.250s) | Generator RTF: 0.2660(1.929s / 7.250s)
generated_audios/generated_H3_256C_pruned50/260-123288-0003_generated.wav | RTF: 0.2736(2.436s / 8.905s) | Generator RTF: 0.2731(2.432s / 8.905s)
generated_audios/generated_H3_256C_pruned50/260-123288-0004_generated.wav | RTF: 0.2711(1.168s / 4.310s) | Generator RTF: 0.2703(1.165s / 4.310s)
generated_audios/generated_H3_256C_pruned50/260-123288-0005_generated.wav | RTF: 0.2926(3.672s / 12.550s) | Generator RTF: 0.2922(3.667s / 12.550s)
generated_audios/generated_H3_256C_pruned50/260-123288-0006_generated.wav | RTF: 0.2674(1.305s / 4.880s) | Generator RTF: 0.2667(1.301s / 4.880s)
generated_audios/generated_H3_256C_pruned50/260-123288-0007_generated.wav | RTF: 0.2748(3.078s / 11.200s) | Generator RTF: 0.2744(3.073s / 11.200s)
generated_audios/generated_H3_256C_pruned50/260-123288-0008_generated.wav | RTF: 0.2737(1.510s / 5.515s) | Generator RTF: 0.2732(1.506s / 5.515s)
generated_audios/generated_H3_256C_pruned50/260-123288-0009_generated.wav | RTF: 0.2673(0.918s / 3.435s) | Generator RTF: 0.2663(0.915s / 3.435s)
generated_audios/generated_H3_256C_pruned50/260-123288-0010_generated.wav | RTF: 0.0606(0.606s / 9.995s) | Generator RTF: 0.0602(0.602s / 9.995s)
generated_audios/generated_H3_256C_pruned50/260-123288-0011_generated.wav | RTF: 0.2682(2.409s / 8.980s) | Generator RTF: 0.2678(2.405s / 8.980s)
generated_audios/generated_H3_256C_pruned50/260-123288-0012_generated.wav | RTF: 0.2671(0.947s / 3.545s) | Generator RTF: 0.2662(0.944s / 3.545s)
generated_audios/generated_H3_256C_pruned50/260-123288-0013_generated.wav | RTF: 0.2713(3.089s / 11.385s) | Generator RTF: 0.2709(3.085s / 11.385s)
generated_audios/generated_H3_256C_pruned50/260-123288-0014_generated.wav | RTF: 0.0621(0.112s / 1.805s) | Generator RTF: 0.0604(0.109s / 1.805s)
generated_audios/generated_H3_256C_pruned50/260-123288-0015_generated.wav | RTF: 0.2880(6.102s / 21.185s) | Generator RTF: 0.2878(6.097s / 21.185s)
generated_audios/generated_H3_256C_pruned50/260-123288-0016_generated.wav | RTF: 0.2698(1.313s / 4.865s) | Generator RTF: 0.2694(1.311s / 4.865s)
generated_audios/generated_H3_256C_pruned50/260-123288-0017_generated.wav | RTF: 0.2668(1.394s / 5.225s) | Generator RTF: 0.2661(1.390s / 5.225s)
generated_audios/generated_H3_256C_pruned50/260-123288-0018_generated.wav | RTF: 0.2615(0.849s / 3.245s) | Generator RTF: 0.2606(0.845s / 3.245s)
generated_audios/generated_H3_256C_pruned50/260-123288-0019_generated.wav | RTF: 0.0551(0.163s / 2.955s) | Generator RTF: 0.0541(0.160s / 2.955s)
generated_audios/generated_H3_256C_pruned50/260-123288-0020_generated.wav | RTF: 0.2615(0.758s / 2.900s) | Generator RTF: 0.2604(0.755s / 2.900s)
generated_audios/generated_H3_256C_pruned50/260-123288-0021_generated.wav | RTF: 0.0559(0.151s / 2.710s) | Generator RTF: 0.0547(0.148s / 2.710s)
generated_audios/generated_H3_256C_pruned50/260-123288-0022_generated.wav | RTF: 0.2733(1.013s / 3.705s) | Generator RTF: 0.2725(1.010s / 3.705s)
generated_audios/generated_H3_256C_pruned50/260-123288-0023_generated.wav | RTF: 0.0572(0.137s / 2.385s) | Generator RTF: 0.0559(0.133s / 2.385s)
generated_audios/generated_H3_256C_pruned50/260-123288-0024_generated.wav | RTF: 0.2951(4.307s / 14.595s) | Generator RTF: 0.2947(4.302s / 14.595s)
generated_audios/generated_H3_256C_pruned50/260-123288-0025_generated.wav | RTF: 0.2960(3.979s / 13.445s) | Generator RTF: 0.2956(3.975s / 13.445s)
generated_audios/generated_H3_256C_pruned50/260-123288-0026_generated.wav | RTF: 0.2945(4.723s / 16.040s) | Generator RTF: 0.2942(4.719s / 16.040s)
generated_audios/generated_H3_256C_pruned50/260-123288-0027_generated.wav | RTF: 0.2756(1.738s / 6.305s) | Generator RTF: 0.2751(1.734s / 6.305s)
generated_audios/generated_H3_256C_pruned50/260-123288-0028_generated.wav | RTF: 0.2710(0.707s / 2.610s) | Generator RTF: 0.2698(0.704s / 2.610s)
generated_audios/generated_H3_256C_pruned50/260-123440-0000_generated.wav | RTF: 0.2668(0.578s / 2.165s) | Generator RTF: 0.2653(0.574s / 2.165s)
generated_audios/generated_H3_256C_pruned50/260-123440-0001_generated.wav | RTF: 0.2840(0.494s / 1.740s) | Generator RTF: 0.2822(0.491s / 1.740s)
generated_audios/generated_H3_256C_pruned50/260-123440-0002_generated.wav | RTF: 0.3007(4.424s / 14.715s) | Generator RTF: 0.3004(4.420s / 14.715s)
generated_audios/generated_H3_256C_pruned50/260-123440-0003_generated.wav | RTF: 0.2762(0.990s / 3.585s) | Generator RTF: 0.2753(0.987s / 3.585s)
generated_audios/generated_H3_256C_pruned50/260-123440-0004_generated.wav | RTF: 0.2979(3.580s / 12.020s) | Generator RTF: 0.2975(3.576s / 12.020s)
generated_audios/generated_H3_256C_pruned50/260-123440-0005_generated.wav | RTF: 0.0551(0.171s / 3.105s) | Generator RTF: 0.0542(0.168s / 3.105s)
generated_audios/generated_H3_256C_pruned50/260-123440-0006_generated.wav | RTF: 0.0547(0.149s / 2.715s) | Generator RTF: 0.0535(0.145s / 2.715s)
generated_audios/generated_H3_256C_pruned50/260-123440-0007_generated.wav | RTF: 0.2677(0.906s / 3.385s) | Generator RTF: 0.2667(0.903s / 3.385s)
generated_audios/generated_H3_256C_pruned50/260-123440-0008_generated.wav | RTF: 0.2751(1.030s / 3.745s) | Generator RTF: 0.2742(1.027s / 3.745s)
generated_audios/generated_H3_256C_pruned50/260-123440-0009_generated.wav | RTF: 0.2730(0.851s / 3.115s) | Generator RTF: 0.2720(0.847s / 3.115s)
generated_audios/generated_H3_256C_pruned50/260-123440-0010_generated.wav | RTF: 0.2800(2.328s / 8.315s) | Generator RTF: 0.2795(2.324s / 8.315s)
generated_audios/generated_H3_256C_pruned50/260-123440-0011_generated.wav | RTF: 0.0565(0.275s / 4.870s) | Generator RTF: 0.0557(0.271s / 4.870s)
generated_audios/generated_H3_256C_pruned50/260-123440-0012_generated.wav | RTF: 0.2750(1.443s / 5.245s) | Generator RTF: 0.2743(1.439s / 5.245s)
generated_audios/generated_H3_256C_pruned50/260-123440-0013_generated.wav | RTF: 0.2738(0.951s / 3.475s) | Generator RTF: 0.2728(0.948s / 3.475s)
generated_audios/generated_H3_256C_pruned50/260-123440-0014_generated.wav | RTF: 0.2753(1.050s / 3.815s) | Generator RTF: 0.2744(1.047s / 3.815s)
generated_audios/generated_H3_256C_pruned50/260-123440-0015_generated.wav | RTF: 0.0569(0.352s / 6.200s) | Generator RTF: 0.0563(0.349s / 6.200s)
generated_audios/generated_H3_256C_pruned50/260-123440-0016_generated.wav | RTF: 0.2769(1.356s / 4.895s) | Generator RTF: 0.2763(1.352s / 4.895s)
generated_audios/generated_H3_256C_pruned50/260-123440-0017_generated.wav | RTF: 0.0579(0.178s / 3.070s) | Generator RTF: 0.0569(0.175s / 3.070s)
generated_audios/generated_H3_256C_pruned50/260-123440-0018_generated.wav | RTF: 0.2706(0.985s / 3.640s) | Generator RTF: 0.2697(0.982s / 3.640s)
generated_audios/generated_H3_256C_pruned50/260-123440-0019_generated.wav | RTF: 0.2760(1.830s / 6.630s) | Generator RTF: 0.2755(1.826s / 6.630s)
generated_audios/generated_H3_256C_pruned50/260-123440-0020_generated.wav | RTF: 0.2745(1.371s / 4.995s) | Generator RTF: 0.2735(1.366s / 4.995s)
generated_audios/generated_H3_256C_pruned50/61-70968-0000_generated.wav | RTF: 0.2744(1.346s / 4.905s) | Generator RTF: 0.2737(1.342s / 4.905s)
generated_audios/generated_H3_256C_pruned50/61-70968-0001_generated.wav | RTF: 0.2748(0.992s / 3.610s) | Generator RTF: 0.2739(0.989s / 3.610s)
generated_audios/generated_H3_256C_pruned50/61-70968-0002_generated.wav | RTF: 0.2674(0.794s / 2.970s) | Generator RTF: 0.2663(0.791s / 2.970s)
generated_audios/generated_H3_256C_pruned50/61-70968-0003_generated.wav | RTF: 0.0559(0.241s / 4.315s) | Generator RTF: 0.0551(0.238s / 4.315s)
generated_audios/generated_H3_256C_pruned50/61-70968-0004_generated.wav | RTF: 0.2763(1.073s / 3.885s) | Generator RTF: 0.2754(1.070s / 3.885s)
generated_audios/generated_H3_256C_pruned50/61-70968-0005_generated.wav | RTF: 0.0540(0.274s / 5.070s) | Generator RTF: 0.0533(0.270s / 5.070s)
generated_audios/generated_H3_256C_pruned50/61-70968-0006_generated.wav | RTF: 0.2650(0.778s / 2.935s) | Generator RTF: 0.2639(0.775s / 2.935s)
generated_audios/generated_H3_256C_pruned50/61-70968-0007_generated.wav | RTF: 0.0532(0.189s / 3.550s) | Generator RTF: 0.0522(0.185s / 3.550s)
generated_audios/generated_H3_256C_pruned50/61-70968-0008_generated.wav | RTF: 0.0542(0.191s / 3.535s) | Generator RTF: 0.0532(0.188s / 3.535s)
generated_audios/generated_H3_256C_pruned50/61-70968-0009_generated.wav | RTF: 0.2722(1.228s / 4.510s) | Generator RTF: 0.2716(1.225s / 4.510s)
generated_audios/generated_H3_256C_pruned50/61-70968-0010_generated.wav | RTF: 0.2816(2.336s / 8.295s) | Generator RTF: 0.2765(2.294s / 8.295s)
generated_audios/generated_H3_256C_pruned50/61-70968-0011_generated.wav | RTF: 0.2738(1.746s / 6.375s) | Generator RTF: 0.2732(1.742s / 6.375s)
generated_audios/generated_H3_256C_pruned50/61-70968-0012_generated.wav | RTF: 0.0561(0.146s / 2.610s) | Generator RTF: 0.0549(0.143s / 2.610s)
generated_audios/generated_H3_256C_pruned50/61-70968-0013_generated.wav | RTF: 0.0568(0.253s / 4.450s) | Generator RTF: 0.0561(0.250s / 4.450s)
generated_audios/generated_H3_256C_pruned50/61-70968-0014_generated.wav | RTF: 0.2795(2.092s / 7.485s) | Generator RTF: 0.2789(2.088s / 7.485s)
generated_audios/generated_H3_256C_pruned50/61-70968-0015_generated.wav | RTF: 0.2723(1.464s / 5.375s) | Generator RTF: 0.2716(1.460s / 5.375s)
generated_audios/generated_H3_256C_pruned50/61-70968-0016_generated.wav | RTF: 0.2755(1.025s / 3.720s) | Generator RTF: 0.2747(1.022s / 3.720s)
generated_audios/generated_H3_256C_pruned50/61-70968-0017_generated.wav | RTF: 0.2802(1.432s / 5.110s) | Generator RTF: 0.2794(1.428s / 5.110s)
generated_audios/generated_H3_256C_pruned50/61-70968-0018_generated.wav | RTF: 0.2679(0.644s / 2.405s) | Generator RTF: 0.2665(0.641s / 2.405s)
generated_audios/generated_H3_256C_pruned50/61-70968-0019_generated.wav | RTF: 0.2758(1.510s / 5.475s) | Generator RTF: 0.2752(1.507s / 5.475s)
generated_audios/generated_H3_256C_pruned50/61-70968-0020_generated.wav | RTF: 0.2798(1.428s / 5.105s) | Generator RTF: 0.2790(1.425s / 5.105s)
generated_audios/generated_H3_256C_pruned50/61-70968-0021_generated.wav | RTF: 0.2714(0.730s / 2.690s) | Generator RTF: 0.2702(0.727s / 2.690s)
generated_audios/generated_H3_256C_pruned50/61-70968-0022_generated.wav | RTF: 0.0561(0.262s / 4.670s) | Generator RTF: 0.0554(0.259s / 4.670s)
generated_audios/generated_H3_256C_pruned50/61-70968-0023_generated.wav | RTF: 0.0568(0.285s / 5.025s) | Generator RTF: 0.0561(0.282s / 5.025s)
generated_audios/generated_H3_256C_pruned50/61-70968-0024_generated.wav | RTF: 0.2791(1.682s / 6.025s) | Generator RTF: 0.2785(1.678s / 6.025s)
generated_audios/generated_H3_256C_pruned50/61-70968-0025_generated.wav | RTF: 0.0547(0.241s / 4.410s) | Generator RTF: 0.0539(0.238s / 4.410s)
generated_audios/generated_H3_256C_pruned50/61-70968-0026_generated.wav | RTF: 0.2740(1.348s / 4.920s) | Generator RTF: 0.2733(1.344s / 4.920s)
generated_audios/generated_H3_256C_pruned50/61-70968-0027_generated.wav | RTF: 0.2777(1.907s / 6.870s) | Generator RTF: 0.2771(1.904s / 6.870s)
generated_audios/generated_H3_256C_pruned50/61-70968-0028_generated.wav | RTF: 0.2751(1.473s / 5.355s) | Generator RTF: 0.2744(1.469s / 5.355s)
generated_audios/generated_H3_256C_pruned50/61-70968-0029_generated.wav | RTF: 0.2774(0.970s / 3.495s) | Generator RTF: 0.2764(0.966s / 3.495s)
generated_audios/generated_H3_256C_pruned50/61-70968-0030_generated.wav | RTF: 0.2755(1.566s / 5.685s) | Generator RTF: 0.2749(1.563s / 5.685s)
generated_audios/generated_H3_256C_pruned50/61-70968-0031_generated.wav | RTF: 0.3462(1.013s / 2.925s) | Generator RTF: 0.3450(1.009s / 2.925s)
generated_audios/generated_H3_256C_pruned50/61-70968-0032_generated.wav | RTF: 0.0530(0.227s / 4.280s) | Generator RTF: 0.0522(0.224s / 4.280s)
generated_audios/generated_H3_256C_pruned50/61-70968-0033_generated.wav | RTF: 0.0526(0.299s / 5.685s) | Generator RTF: 0.0520(0.296s / 5.685s)
generated_audios/generated_H3_256C_pruned50/61-70968-0034_generated.wav | RTF: 0.2767(1.171s / 4.230s) | Generator RTF: 0.2759(1.167s / 4.230s)
generated_audios/generated_H3_256C_pruned50/61-70968-0035_generated.wav | RTF: 0.2773(2.205s / 7.950s) | Generator RTF: 0.2768(2.201s / 7.950s)
generated_audios/generated_H3_256C_pruned50/61-70968-0036_generated.wav | RTF: 0.0575(0.169s / 2.935s) | Generator RTF: 0.0564(0.165s / 2.935s)
generated_audios/generated_H3_256C_pruned50/61-70968-0037_generated.wav | RTF: 0.0566(0.244s / 4.315s) | Generator RTF: 0.0558(0.241s / 4.315s)
generated_audios/generated_H3_256C_pruned50/61-70968-0038_generated.wav | RTF: 0.2844(0.583s / 2.050s) | Generator RTF: 0.2829(0.580s / 2.050s)
generated_audios/generated_H3_256C_pruned50/61-70968-0039_generated.wav | RTF: 0.2681(1.020s / 3.805s) | Generator RTF: 0.2672(1.017s / 3.805s)
generated_audios/generated_H3_256C_pruned50/61-70968-0040_generated.wav | RTF: 0.2775(1.096s / 3.950s) | Generator RTF: 0.2767(1.093s / 3.950s)
generated_audios/generated_H3_256C_pruned50/61-70968-0041_generated.wav | RTF: 0.0559(0.381s / 6.825s) | Generator RTF: 0.0553(0.377s / 6.825s)
generated_audios/generated_H3_256C_pruned50/61-70968-0042_generated.wav | RTF: 0.0556(0.155s / 2.785s) | Generator RTF: 0.0544(0.152s / 2.785s)
generated_audios/generated_H3_256C_pruned50/61-70968-0043_generated.wav | RTF: 0.2816(1.896s / 6.735s) | Generator RTF: 0.2810(1.893s / 6.735s)
generated_audios/generated_H3_256C_pruned50/61-70968-0044_generated.wav | RTF: 0.0553(0.153s / 2.770s) | Generator RTF: 0.0542(0.150s / 2.770s)
generated_audios/generated_H3_256C_pruned50/61-70968-0045_generated.wav | RTF: 0.0563(0.196s / 3.475s) | Generator RTF: 0.0553(0.192s / 3.475s)
generated_audios/generated_H3_256C_pruned50/61-70968-0046_generated.wav | RTF: 0.0555(0.197s / 3.550s) | Generator RTF: 0.0546(0.194s / 3.550s)
generated_audios/generated_H3_256C_pruned50/61-70968-0047_generated.wav | RTF: 0.2717(1.298s / 4.775s) | Generator RTF: 0.2710(1.294s / 4.775s)
generated_audios/generated_H3_256C_pruned50/61-70968-0048_generated.wav | RTF: 0.2761(0.834s / 3.020s) | Generator RTF: 0.2750(0.831s / 3.020s)
generated_audios/generated_H3_256C_pruned50/61-70968-0049_generated.wav | RTF: 0.2817(2.324s / 8.250s) | Generator RTF: 0.2813(2.321s / 8.250s)
generated_audios/generated_H3_256C_pruned50/61-70968-0050_generated.wav | RTF: 0.2754(1.537s / 5.580s) | Generator RTF: 0.2748(1.533s / 5.580s)
generated_audios/generated_H3_256C_pruned50/61-70968-0051_generated.wav | RTF: 0.2770(0.868s / 3.135s) | Generator RTF: 0.2760(0.865s / 3.135s)
generated_audios/generated_H3_256C_pruned50/61-70968-0052_generated.wav | RTF: 0.2630(0.697s / 2.650s) | Generator RTF: 0.2617(0.694s / 2.650s)
generated_audios/generated_H3_256C_pruned50/61-70968-0053_generated.wav | RTF: 0.0534(0.226s / 4.220s) | Generator RTF: 0.0526(0.222s / 4.220s)
generated_audios/generated_H3_256C_pruned50/61-70968-0054_generated.wav | RTF: 0.2777(2.182s / 7.860s) | Generator RTF: 0.2771(2.178s / 7.860s)
generated_audios/generated_H3_256C_pruned50/61-70968-0055_generated.wav | RTF: 0.0560(0.222s / 3.965s) | Generator RTF: 0.0551(0.218s / 3.965s)
generated_audios/generated_H3_256C_pruned50/61-70968-0056_generated.wav | RTF: 0.2750(0.981s / 3.565s) | Generator RTF: 0.2741(0.977s / 3.565s)
generated_audios/generated_H3_256C_pruned50/61-70968-0057_generated.wav | RTF: 0.0535(0.271s / 5.065s) | Generator RTF: 0.0529(0.268s / 5.065s)
generated_audios/generated_H3_256C_pruned50/61-70968-0058_generated.wav | RTF: 0.2677(0.487s / 1.820s) | Generator RTF: 0.2659(0.484s / 1.820s)
generated_audios/generated_H3_256C_pruned50/61-70968-0059_generated.wav | RTF: 0.0568(0.123s / 2.170s) | Generator RTF: 0.0554(0.120s / 2.170s)
generated_audios/generated_H3_256C_pruned50/61-70968-0060_generated.wav | RTF: 0.0533(0.199s / 3.735s) | Generator RTF: 0.0525(0.196s / 3.735s)
generated_audios/generated_H3_256C_pruned50/61-70968-0061_generated.wav | RTF: 0.2798(1.547s / 5.530s) | Generator RTF: 0.2792(1.544s / 5.530s)
generated_audios/generated_H3_256C_pruned50/61-70968-0062_generated.wav | RTF: 0.0551(0.141s / 2.555s) | Generator RTF: 0.0538(0.137s / 2.555s)
generated_audios/generated_H3_256C_pruned50/61-70970-0000_generated.wav | RTF: 0.2650(1.610s / 6.075s) | Generator RTF: 0.2645(1.607s / 6.075s)
generated_audios/generated_H3_256C_pruned50/61-70970-0001_generated.wav | RTF: 0.2727(1.679s / 6.155s) | Generator RTF: 0.2721(1.675s / 6.155s)
generated_audios/generated_H3_256C_pruned50/61-70970-0002_generated.wav | RTF: 0.2764(1.151s / 4.165s) | Generator RTF: 0.2756(1.148s / 4.165s)
generated_audios/generated_H3_256C_pruned50/61-70970-0003_generated.wav | RTF: 0.2703(1.036s / 3.835s) | Generator RTF: 0.2693(1.033s / 3.835s)
generated_audios/generated_H3_256C_pruned50/61-70970-0004_generated.wav | RTF: 0.2791(2.935s / 10.515s) | Generator RTF: 0.2787(2.931s / 10.515s)
generated_audios/generated_H3_256C_pruned50/61-70970-0005_generated.wav | RTF: 0.2901(0.586s / 2.020s) | Generator RTF: 0.2885(0.583s / 2.020s)
generated_audios/generated_H3_256C_pruned50/61-70970-0006_generated.wav | RTF: 0.2859(0.668s / 2.335s) | Generator RTF: 0.2845(0.664s / 2.335s)
generated_audios/generated_H3_256C_pruned50/61-70970-0007_generated.wav | RTF: 0.2839(1.273s / 4.485s) | Generator RTF: 0.2831(1.270s / 4.485s)
generated_audios/generated_H3_256C_pruned50/61-70970-0008_generated.wav | RTF: 0.3012(0.648s / 2.150s) | Generator RTF: 0.2996(0.644s / 2.150s)
generated_audios/generated_H3_256C_pruned50/61-70970-0009_generated.wav | RTF: 0.2834(0.965s / 3.405s) | Generator RTF: 0.2824(0.961s / 3.405s)
generated_audios/generated_H3_256C_pruned50/61-70970-0010_generated.wav | RTF: 0.0542(0.165s / 3.045s) | Generator RTF: 0.0531(0.162s / 3.045s)
generated_audios/generated_H3_256C_pruned50/61-70970-0011_generated.wav | RTF: 0.0534(0.324s / 6.075s) | Generator RTF: 0.0528(0.321s / 6.075s)
generated_audios/generated_H3_256C_pruned50/61-70970-0012_generated.wav | RTF: 0.0543(0.170s / 3.135s) | Generator RTF: 0.0532(0.167s / 3.135s)
generated_audios/generated_H3_256C_pruned50/61-70970-0013_generated.wav | RTF: 0.2850(1.240s / 4.350s) | Generator RTF: 0.2842(1.236s / 4.350s)
generated_audios/generated_H3_256C_pruned50/61-70970-0014_generated.wav | RTF: 0.0454(0.155s / 3.405s) | Generator RTF: 0.0444(0.151s / 3.405s)
generated_audios/generated_H3_256C_pruned50/61-70970-0015_generated.wav | RTF: 0.2837(2.387s / 8.415s) | Generator RTF: 0.2832(2.383s / 8.415s)
generated_audios/generated_H3_256C_pruned50/61-70970-0016_generated.wav | RTF: 0.2779(1.214s / 4.370s) | Generator RTF: 0.2770(1.210s / 4.370s)
generated_audios/generated_H3_256C_pruned50/61-70970-0017_generated.wav | RTF: 0.0561(0.143s / 2.550s) | Generator RTF: 0.0547(0.140s / 2.550s)
generated_audios/generated_H3_256C_pruned50/61-70970-0018_generated.wav | RTF: 0.2745(1.263s / 4.600s) | Generator RTF: 0.2737(1.259s / 4.600s)
generated_audios/generated_H3_256C_pruned50/61-70970-0019_generated.wav | RTF: 0.2768(1.046s / 3.780s) | Generator RTF: 0.2758(1.043s / 3.780s)
generated_audios/generated_H3_256C_pruned50/61-70970-0020_generated.wav | RTF: 0.0543(0.273s / 5.025s) | Generator RTF: 0.0535(0.269s / 5.025s)
generated_audios/generated_H3_256C_pruned50/61-70970-0021_generated.wav | RTF: 0.2768(1.496s / 5.405s) | Generator RTF: 0.2762(1.493s / 5.405s)
generated_audios/generated_H3_256C_pruned50/61-70970-0022_generated.wav | RTF: 0.0529(0.210s / 3.970s) | Generator RTF: 0.0520(0.206s / 3.970s)
generated_audios/generated_H3_256C_pruned50/61-70970-0023_generated.wav | RTF: 0.0531(0.197s / 3.705s) | Generator RTF: 0.0521(0.193s / 3.705s)
generated_audios/generated_H3_256C_pruned50/61-70970-0024_generated.wav | RTF: 0.2789(2.018s / 7.235s) | Generator RTF: 0.2783(2.013s / 7.235s)
generated_audios/generated_H3_256C_pruned50/61-70970-0025_generated.wav | RTF: 0.2779(2.066s / 7.435s) | Generator RTF: 0.2773(2.062s / 7.435s)
generated_audios/generated_H3_256C_pruned50/61-70970-0026_generated.wav | RTF: 0.0539(0.295s / 5.475s) | Generator RTF: 0.0533(0.292s / 5.475s)
generated_audios/generated_H3_256C_pruned50/61-70970-0027_generated.wav | RTF: 0.0537(0.273s / 5.080s) | Generator RTF: 0.0530(0.269s / 5.080s)
generated_audios/generated_H3_256C_pruned50/61-70970-0028_generated.wav | RTF: 0.0554(0.363s / 6.550s) | Generator RTF: 0.0549(0.359s / 6.550s)
generated_audios/generated_H3_256C_pruned50/61-70970-0029_generated.wav | RTF: 0.0551(0.222s / 4.030s) | Generator RTF: 0.0543(0.219s / 4.030s)
generated_audios/generated_H3_256C_pruned50/61-70970-0030_generated.wav | RTF: 0.0540(0.175s / 3.240s) | Generator RTF: 0.0529(0.171s / 3.240s)
generated_audios/generated_H3_256C_pruned50/61-70970-0031_generated.wav | RTF: 0.2757(1.416s / 5.135s) | Generator RTF: 0.2750(1.412s / 5.135s)
generated_audios/generated_H3_256C_pruned50/61-70970-0032_generated.wav | RTF: 0.0529(0.166s / 3.135s) | Generator RTF: 0.0518(0.162s / 3.135s)
generated_audios/generated_H3_256C_pruned50/61-70970-0033_generated.wav | RTF: 0.2723(0.931s / 3.420s) | Generator RTF: 0.2713(0.928s / 3.420s)
generated_audios/generated_H3_256C_pruned50/61-70970-0034_generated.wav | RTF: 0.0548(0.246s / 4.485s) | Generator RTF: 0.0540(0.242s / 4.485s)
generated_audios/generated_H3_256C_pruned50/61-70970-0035_generated.wav | RTF: 0.0541(0.401s / 7.405s) | Generator RTF: 0.0536(0.397s / 7.405s)
generated_audios/generated_H3_256C_pruned50/61-70970-0036_generated.wav | RTF: 0.0541(0.367s / 6.785s) | Generator RTF: 0.0536(0.364s / 6.785s)
generated_audios/generated_H3_256C_pruned50/61-70970-0037_generated.wav | RTF: 0.2768(1.655s / 5.980s) | Generator RTF: 0.2762(1.651s / 5.980s)
generated_audios/generated_H3_256C_pruned50/61-70970-0038_generated.wav | RTF: 0.2810(2.922s / 10.400s) | Generator RTF: 0.2806(2.918s / 10.400s)
generated_audios/generated_H3_256C_pruned50/61-70970-0039_generated.wav | RTF: 0.0549(0.366s / 6.665s) | Generator RTF: 0.0543(0.362s / 6.665s)
generated_audios/generated_H3_256C_pruned50/61-70970-0040_generated.wav | RTF: 0.0547(0.228s / 4.165s) | Generator RTF: 0.0538(0.224s / 4.165s)
generated_audios/generated_H3_256C_pruned50/672-122797-0000_generated.wav | RTF: 0.2849(1.159s / 4.070s) | Generator RTF: 0.2841(1.156s / 4.070s)
generated_audios/generated_H3_256C_pruned50/672-122797-0001_generated.wav | RTF: 0.2790(4.222s / 15.130s) | Generator RTF: 0.2787(4.217s / 15.130s)
generated_audios/generated_H3_256C_pruned50/672-122797-0002_generated.wav | RTF: 0.2784(3.792s / 13.620s) | Generator RTF: 0.2781(3.788s / 13.620s)
generated_audios/generated_H3_256C_pruned50/672-122797-0003_generated.wav | RTF: 0.2858(1.360s / 4.760s) | Generator RTF: 0.2850(1.357s / 4.760s)
generated_audios/generated_H3_256C_pruned50/672-122797-0004_generated.wav | RTF: 0.2758(2.827s / 10.250s) | Generator RTF: 0.2754(2.823s / 10.250s)
generated_audios/generated_H3_256C_pruned50/672-122797-0005_generated.wav | RTF: 0.2899(0.945s / 3.260s) | Generator RTF: 0.2892(0.943s / 3.260s)
generated_audios/generated_H3_256C_pruned50/672-122797-0006_generated.wav | RTF: 0.2848(3.973s / 13.950s) | Generator RTF: 0.2845(3.968s / 13.950s)
generated_audios/generated_H3_256C_pruned50/672-122797-0007_generated.wav | RTF: 0.2811(1.805s / 6.420s) | Generator RTF: 0.2806(1.801s / 6.420s)
generated_audios/generated_H3_256C_pruned50/672-122797-0008_generated.wav | RTF: 0.2862(8.819s / 30.810s) | Generator RTF: 0.2860(8.812s / 30.810s)
generated_audios/generated_H3_256C_pruned50/672-122797-0009_generated.wav | RTF: 0.0551(0.152s / 2.765s) | Generator RTF: 0.0540(0.149s / 2.765s)
generated_audios/generated_H3_256C_pruned50/672-122797-0010_generated.wav | RTF: 0.0551(0.210s / 3.815s) | Generator RTF: 0.0542(0.207s / 3.815s)
generated_audios/generated_H3_256C_pruned50/672-122797-0011_generated.wav | RTF: 0.3018(0.767s / 2.540s) | Generator RTF: 0.3005(0.763s / 2.540s)
generated_audios/generated_H3_256C_pruned50/672-122797-0012_generated.wav | RTF: 0.2885(2.241s / 7.765s) | Generator RTF: 0.2880(2.237s / 7.765s)
generated_audios/generated_H3_256C_pruned50/672-122797-0013_generated.wav | RTF: 0.2805(2.442s / 8.705s) | Generator RTF: 0.2801(2.438s / 8.705s)
generated_audios/generated_H3_256C_pruned50/672-122797-0014_generated.wav | RTF: 0.0571(0.146s / 2.555s) | Generator RTF: 0.0559(0.143s / 2.555s)
generated_audios/generated_H3_256C_pruned50/672-122797-0015_generated.wav | RTF: 0.0543(0.242s / 4.455s) | Generator RTF: 0.0535(0.239s / 4.455s)
generated_audios/generated_H3_256C_pruned50/672-122797-0016_generated.wav | RTF: 0.2814(2.593s / 9.215s) | Generator RTF: 0.2810(2.589s / 9.215s)
generated_audios/generated_H3_256C_pruned50/672-122797-0017_generated.wav | RTF: 0.2807(1.353s / 4.820s) | Generator RTF: 0.2800(1.349s / 4.820s)
generated_audios/generated_H3_256C_pruned50/672-122797-0018_generated.wav | RTF: 0.2760(1.361s / 4.930s) | Generator RTF: 0.2752(1.357s / 4.930s)
generated_audios/generated_H3_256C_pruned50/672-122797-0019_generated.wav | RTF: 0.2740(1.126s / 4.110s) | Generator RTF: 0.2731(1.123s / 4.110s)
generated_audios/generated_H3_256C_pruned50/672-122797-0020_generated.wav | RTF: 0.2813(2.483s / 8.825s) | Generator RTF: 0.2809(2.479s / 8.825s)
generated_audios/generated_H3_256C_pruned50/672-122797-0021_generated.wav | RTF: 0.0555(0.231s / 4.150s) | Generator RTF: 0.0547(0.227s / 4.150s)
generated_audios/generated_H3_256C_pruned50/672-122797-0022_generated.wav | RTF: 0.2843(5.403s / 19.005s) | Generator RTF: 0.2840(5.398s / 19.005s)
generated_audios/generated_H3_256C_pruned50/672-122797-0023_generated.wav | RTF: 0.2800(2.715s / 9.695s) | Generator RTF: 0.2797(2.711s / 9.695s)
generated_audios/generated_H3_256C_pruned50/672-122797-0024_generated.wav | RTF: 0.2812(1.161s / 4.130s) | Generator RTF: 0.2803(1.158s / 4.130s)
generated_audios/generated_H3_256C_pruned50/672-122797-0025_generated.wav | RTF: 0.2827(3.022s / 10.690s) | Generator RTF: 0.2823(3.018s / 10.690s)
generated_audios/generated_H3_256C_pruned50/672-122797-0026_generated.wav | RTF: 0.2830(3.951s / 13.960s) | Generator RTF: 0.2827(3.947s / 13.960s)
generated_audios/generated_H3_256C_pruned50/672-122797-0027_generated.wav | RTF: 0.0549(0.263s / 4.790s) | Generator RTF: 0.0541(0.259s / 4.790s)
generated_audios/generated_H3_256C_pruned50/672-122797-0028_generated.wav | RTF: 0.0554(0.144s / 2.610s) | Generator RTF: 0.0541(0.141s / 2.610s)
generated_audios/generated_H3_256C_pruned50/672-122797-0029_generated.wav | RTF: 0.0538(0.164s / 3.050s) | Generator RTF: 0.0527(0.161s / 3.050s)
generated_audios/generated_H3_256C_pruned50/672-122797-0030_generated.wav | RTF: 0.2741(1.254s / 4.575s) | Generator RTF: 0.2733(1.251s / 4.575s)
generated_audios/generated_H3_256C_pruned50/672-122797-0031_generated.wav | RTF: 0.0528(0.210s / 3.980s) | Generator RTF: 0.0520(0.207s / 3.980s)
generated_audios/generated_H3_256C_pruned50/672-122797-0032_generated.wav | RTF: 0.0533(0.213s / 4.000s) | Generator RTF: 0.0525(0.210s / 4.000s)
generated_audios/generated_H3_256C_pruned50/672-122797-0033_generated.wav | RTF: 0.2885(0.371s / 1.285s) | Generator RTF: 0.2860(0.368s / 1.285s)
generated_audios/generated_H3_256C_pruned50/672-122797-0034_generated.wav | RTF: 0.0551(0.282s / 5.110s) | Generator RTF: 0.0544(0.278s / 5.110s)
generated_audios/generated_H3_256C_pruned50/672-122797-0035_generated.wav | RTF: 0.0539(0.156s / 2.900s) | Generator RTF: 0.0526(0.153s / 2.900s)
generated_audios/generated_H3_256C_pruned50/672-122797-0036_generated.wav | RTF: 0.0559(0.300s / 5.365s) | Generator RTF: 0.0552(0.296s / 5.365s)
generated_audios/generated_H3_256C_pruned50/672-122797-0037_generated.wav | RTF: 0.2718(0.533s / 1.960s) | Generator RTF: 0.2702(0.530s / 1.960s)
generated_audios/generated_H3_256C_pruned50/672-122797-0038_generated.wav | RTF: 0.2788(2.453s / 8.800s) | Generator RTF: 0.2783(2.449s / 8.800s)
generated_audios/generated_H3_256C_pruned50/672-122797-0039_generated.wav | RTF: 0.2771(1.115s / 4.025s) | Generator RTF: 0.2761(1.112s / 4.025s)
generated_audios/generated_H3_256C_pruned50/672-122797-0040_generated.wav | RTF: 0.0567(0.291s / 5.125s) | Generator RTF: 0.0560(0.287s / 5.125s)
generated_audios/generated_H3_256C_pruned50/672-122797-0041_generated.wav | RTF: 0.0550(0.213s / 3.880s) | Generator RTF: 0.0541(0.210s / 3.880s)
generated_audios/generated_H3_256C_pruned50/672-122797-0042_generated.wav | RTF: 0.2813(4.306s / 15.310s) | Generator RTF: 0.2810(4.301s / 15.310s)
generated_audios/generated_H3_256C_pruned50/672-122797-0043_generated.wav | RTF: 0.0533(0.202s / 3.780s) | Generator RTF: 0.0525(0.198s / 3.780s)
generated_audios/generated_H3_256C_pruned50/672-122797-0044_generated.wav | RTF: 0.0529(0.198s / 3.740s) | Generator RTF: 0.0520(0.195s / 3.740s)
generated_audios/generated_H3_256C_pruned50/672-122797-0045_generated.wav | RTF: 0.0561(0.783s / 13.960s) | Generator RTF: 0.0558(0.779s / 13.960s)
generated_audios/generated_H3_256C_pruned50/672-122797-0046_generated.wav | RTF: 0.2751(1.297s / 4.715s) | Generator RTF: 0.2743(1.293s / 4.715s)
generated_audios/generated_H3_256C_pruned50/672-122797-0047_generated.wav | RTF: 0.2751(0.915s / 3.325s) | Generator RTF: 0.2740(0.911s / 3.325s)
generated_audios/generated_H3_256C_pruned50/672-122797-0048_generated.wav | RTF: 0.0553(0.362s / 6.555s) | Generator RTF: 0.0547(0.359s / 6.555s)
generated_audios/generated_H3_256C_pruned50/672-122797-0049_generated.wav | RTF: 0.0583(0.118s / 2.020s) | Generator RTF: 0.0568(0.115s / 2.020s)
generated_audios/generated_H3_256C_pruned50/672-122797-0050_generated.wav | RTF: 0.2838(1.378s / 4.855s) | Generator RTF: 0.2831(1.375s / 4.855s)
generated_audios/generated_H3_256C_pruned50/672-122797-0051_generated.wav | RTF: 0.2787(1.300s / 4.665s) | Generator RTF: 0.2779(1.296s / 4.665s)
generated_audios/generated_H3_256C_pruned50/672-122797-0052_generated.wav | RTF: 0.2774(1.189s / 4.285s) | Generator RTF: 0.2766(1.185s / 4.285s)
generated_audios/generated_H3_256C_pruned50/672-122797-0053_generated.wav | RTF: 0.0541(0.160s / 2.955s) | Generator RTF: 0.0529(0.156s / 2.955s)
generated_audios/generated_H3_256C_pruned50/672-122797-0054_generated.wav | RTF: 0.0552(0.235s / 4.250s) | Generator RTF: 0.0544(0.231s / 4.250s)
generated_audios/generated_H3_256C_pruned50/672-122797-0055_generated.wav | RTF: 0.2829(2.328s / 8.230s) | Generator RTF: 0.2824(2.324s / 8.230s)
generated_audios/generated_H3_256C_pruned50/672-122797-0056_generated.wav | RTF: 0.0550(0.287s / 5.225s) | Generator RTF: 0.0542(0.283s / 5.225s)
generated_audios/generated_H3_256C_pruned50/672-122797-0057_generated.wav | RTF: 0.0553(0.363s / 6.560s) | Generator RTF: 0.0547(0.359s / 6.560s)
generated_audios/generated_H3_256C_pruned50/672-122797-0058_generated.wav | RTF: 0.2871(1.283s / 4.470s) | Generator RTF: 0.2864(1.280s / 4.470s)
generated_audios/generated_H3_256C_pruned50/672-122797-0059_generated.wav | RTF: 0.2806(0.988s / 3.520s) | Generator RTF: 0.2796(0.984s / 3.520s)
generated_audios/generated_H3_256C_pruned50/672-122797-0060_generated.wav | RTF: 0.0537(0.180s / 3.350s) | Generator RTF: 0.0527(0.177s / 3.350s)
generated_audios/generated_H3_256C_pruned50/672-122797-0061_generated.wav | RTF: 0.2783(2.112s / 7.590s) | Generator RTF: 0.2778(2.108s / 7.590s)
generated_audios/generated_H3_256C_pruned50/672-122797-0062_generated.wav | RTF: 0.2821(0.755s / 2.675s) | Generator RTF: 0.2809(0.751s / 2.675s)
generated_audios/generated_H3_256C_pruned50/672-122797-0063_generated.wav | RTF: 0.0541(0.275s / 5.075s) | Generator RTF: 0.0533(0.271s / 5.075s)
generated_audios/generated_H3_256C_pruned50/672-122797-0064_generated.wav | RTF: 0.2840(4.336s / 15.270s) | Generator RTF: 0.2837(4.332s / 15.270s)
generated_audios/generated_H3_256C_pruned50/672-122797-0065_generated.wav | RTF: 0.0545(0.165s / 3.030s) | Generator RTF: 0.0535(0.162s / 3.030s)
generated_audios/generated_H3_256C_pruned50/672-122797-0066_generated.wav | RTF: 0.0536(0.258s / 4.815s) | Generator RTF: 0.0529(0.255s / 4.815s)
generated_audios/generated_H3_256C_pruned50/672-122797-0067_generated.wav | RTF: 0.2785(3.631s / 13.035s) | Generator RTF: 0.2782(3.626s / 13.035s)
generated_audios/generated_H3_256C_pruned50/672-122797-0068_generated.wav | RTF: 0.0532(0.214s / 4.020s) | Generator RTF: 0.0523(0.210s / 4.020s)
generated_audios/generated_H3_256C_pruned50/672-122797-0069_generated.wav | RTF: 0.2807(1.407s / 5.010s) | Generator RTF: 0.2800(1.403s / 5.010s)
generated_audios/generated_H3_256C_pruned50/672-122797-0070_generated.wav | RTF: 0.2803(1.758s / 6.270s) | Generator RTF: 0.2797(1.754s / 6.270s)
generated_audios/generated_H3_256C_pruned50/672-122797-0071_generated.wav | RTF: 0.2844(2.524s / 8.875s) | Generator RTF: 0.2840(2.520s / 8.875s)
generated_audios/generated_H3_256C_pruned50/672-122797-0072_generated.wav | RTF: 0.2798(2.222s / 7.940s) | Generator RTF: 0.2793(2.218s / 7.940s)
generated_audios/generated_H3_256C_pruned50/672-122797-0073_generated.wav | RTF: 0.2820(2.314s / 8.205s) | Generator RTF: 0.2816(2.311s / 8.205s)
generated_audios/generated_H3_256C_pruned50/672-122797-0074_generated.wav | RTF: 0.2787(2.433s / 8.730s) | Generator RTF: 0.2782(2.429s / 8.730s)
generated_audios/generated_H3_256C_pruned50/908-157963-0000_generated.wav | RTF: 0.2807(3.542s / 12.620s) | Generator RTF: 0.2803(3.537s / 12.620s)
generated_audios/generated_H3_256C_pruned50/908-157963-0001_generated.wav | RTF: 0.2827(0.816s / 2.885s) | Generator RTF: 0.2815(0.812s / 2.885s)
generated_audios/generated_H3_256C_pruned50/908-157963-0002_generated.wav | RTF: 0.2674(0.737s / 2.755s) | Generator RTF: 0.2662(0.733s / 2.755s)
generated_audios/generated_H3_256C_pruned50/908-157963-0003_generated.wav | RTF: 0.2777(0.855s / 3.080s) | Generator RTF: 0.2766(0.852s / 3.080s)
generated_audios/generated_H3_256C_pruned50/908-157963-0004_generated.wav | RTF: 0.2828(3.956s / 13.990s) | Generator RTF: 0.2825(3.952s / 13.990s)
generated_audios/generated_H3_256C_pruned50/908-157963-0005_generated.wav | RTF: 0.2820(1.984s / 7.035s) | Generator RTF: 0.2815(1.980s / 7.035s)
generated_audios/generated_H3_256C_pruned50/908-157963-0006_generated.wav | RTF: 0.2846(2.308s / 8.110s) | Generator RTF: 0.2841(2.304s / 8.110s)
generated_audios/generated_H3_256C_pruned50/908-157963-0007_generated.wav | RTF: 0.2871(9.409s / 32.770s) | Generator RTF: 0.2869(9.402s / 32.770s)
generated_audios/generated_H3_256C_pruned50/908-157963-0008_generated.wav | RTF: 0.2839(5.664s / 19.950s) | Generator RTF: 0.2836(5.658s / 19.950s)
generated_audios/generated_H3_256C_pruned50/908-157963-0009_generated.wav | RTF: 0.2777(1.128s / 4.060s) | Generator RTF: 0.2769(1.124s / 4.060s)
generated_audios/generated_H3_256C_pruned50/908-157963-0010_generated.wav | RTF: 0.0532(0.334s / 6.280s) | Generator RTF: 0.0527(0.331s / 6.280s)
generated_audios/generated_H3_256C_pruned50/908-157963-0011_generated.wav | RTF: 0.0553(0.575s / 10.395s) | Generator RTF: 0.0549(0.571s / 10.395s)
generated_audios/generated_H3_256C_pruned50/908-157963-0012_generated.wav | RTF: 0.2822(2.847s / 10.090s) | Generator RTF: 0.2818(2.843s / 10.090s)
generated_audios/generated_H3_256C_pruned50/908-157963-0013_generated.wav | RTF: 0.0538(0.232s / 4.315s) | Generator RTF: 0.0530(0.229s / 4.315s)
generated_audios/generated_H3_256C_pruned50/908-157963-0014_generated.wav | RTF: 0.0530(0.240s / 4.520s) | Generator RTF: 0.0522(0.236s / 4.520s)
generated_audios/generated_H3_256C_pruned50/908-157963-0015_generated.wav | RTF: 0.2808(4.061s / 14.465s) | Generator RTF: 0.2804(4.056s / 14.465s)
generated_audios/generated_H3_256C_pruned50/908-157963-0016_generated.wav | RTF: 0.0550(0.281s / 5.105s) | Generator RTF: 0.0543(0.277s / 5.105s)
generated_audios/generated_H3_256C_pruned50/908-157963-0017_generated.wav | RTF: 0.2704(1.339s / 4.950s) | Generator RTF: 0.2697(1.335s / 4.950s)
generated_audios/generated_H3_256C_pruned50/908-157963-0018_generated.wav | RTF: 0.0553(0.235s / 4.255s) | Generator RTF: 0.0544(0.232s / 4.255s)
generated_audios/generated_H3_256C_pruned50/908-157963-0019_generated.wav | RTF: 0.2864(6.141s / 21.440s) | Generator RTF: 0.2862(6.135s / 21.440s)
generated_audios/generated_H3_256C_pruned50/908-157963-0020_generated.wav | RTF: 0.2814(2.758s / 9.800s) | Generator RTF: 0.2809(2.753s / 9.800s)
generated_audios/generated_H3_256C_pruned50/908-157963-0021_generated.wav | RTF: 0.0564(0.577s / 10.240s) | Generator RTF: 0.0560(0.573s / 10.240s)
generated_audios/generated_H3_256C_pruned50/908-157963-0022_generated.wav | RTF: 0.2801(1.291s / 4.610s) | Generator RTF: 0.2794(1.288s / 4.610s)
generated_audios/generated_H3_256C_pruned50/908-157963-0023_generated.wav | RTF: 0.2800(2.695s / 9.625s) | Generator RTF: 0.2796(2.691s / 9.625s)
generated_audios/generated_H3_256C_pruned50/908-157963-0024_generated.wav | RTF: 0.2773(0.954s / 3.440s) | Generator RTF: 0.2763(0.950s / 3.440s)
generated_audios/generated_H3_256C_pruned50/908-157963-0025_generated.wav | RTF: 0.2800(2.594s / 9.265s) | Generator RTF: 0.2796(2.590s / 9.265s)
generated_audios/generated_H3_256C_pruned50/908-157963-0026_generated.wav | RTF: 0.2809(2.275s / 8.100s) | Generator RTF: 0.2804(2.271s / 8.100s)
generated_audios/generated_H3_256C_pruned50/908-157963-0027_generated.wav | RTF: 0.0554(0.290s / 5.225s) | Generator RTF: 0.0548(0.287s / 5.225s)
generated_audios/generated_H3_256C_pruned50/908-157963-0028_generated.wav | RTF: 0.0536(0.266s / 4.955s) | Generator RTF: 0.0529(0.262s / 4.955s)
generated_audios/generated_H3_256C_pruned50/908-157963-0029_generated.wav | RTF: 0.2692(0.977s / 3.630s) | Generator RTF: 0.2682(0.974s / 3.630s)
generated_audios/generated_H3_256C_pruned50/908-157963-0030_generated.wav | RTF: 0.0544(0.246s / 4.520s) | Generator RTF: 0.0536(0.242s / 4.520s)
generated_audios/generated_H3_256C_pruned50/908-31957-0000_generated.wav | RTF: 0.2677(0.569s / 2.125s) | Generator RTF: 0.2661(0.566s / 2.125s)
generated_audios/generated_H3_256C_pruned50/908-31957-0001_generated.wav | RTF: 0.2804(3.173s / 11.315s) | Generator RTF: 0.2801(3.169s / 11.315s)
generated_audios/generated_H3_256C_pruned50/908-31957-0002_generated.wav | RTF: 0.0544(0.261s / 4.790s) | Generator RTF: 0.0537(0.257s / 4.790s)
generated_audios/generated_H3_256C_pruned50/908-31957-0003_generated.wav | RTF: 0.0554(0.363s / 6.565s) | Generator RTF: 0.0548(0.360s / 6.565s)
generated_audios/generated_H3_256C_pruned50/908-31957-0004_generated.wav | RTF: 0.2837(4.187s / 14.755s) | Generator RTF: 0.2834(4.182s / 14.755s)
generated_audios/generated_H3_256C_pruned50/908-31957-0005_generated.wav | RTF: 0.0535(0.240s / 4.490s) | Generator RTF: 0.0526(0.236s / 4.490s)
generated_audios/generated_H3_256C_pruned50/908-31957-0006_generated.wav | RTF: 0.2746(1.617s / 5.890s) | Generator RTF: 0.2739(1.613s / 5.890s)
generated_audios/generated_H3_256C_pruned50/908-31957-0007_generated.wav | RTF: 0.0555(0.322s / 5.800s) | Generator RTF: 0.0549(0.318s / 5.800s)
generated_audios/generated_H3_256C_pruned50/908-31957-0008_generated.wav | RTF: 0.2812(2.814s / 10.005s) | Generator RTF: 0.2805(2.806s / 10.005s)
generated_audios/generated_H3_256C_pruned50/908-31957-0009_generated.wav | RTF: 0.2750(2.119s / 7.705s) | Generator RTF: 0.2745(2.115s / 7.705s)
generated_audios/generated_H3_256C_pruned50/908-31957-0010_generated.wav | RTF: 0.2713(0.681s / 2.510s) | Generator RTF: 0.2700(0.678s / 2.510s)
generated_audios/generated_H3_256C_pruned50/908-31957-0011_generated.wav | RTF: 0.0571(0.133s / 2.335s) | Generator RTF: 0.0556(0.130s / 2.335s)
generated_audios/generated_H3_256C_pruned50/908-31957-0012_generated.wav | RTF: 0.2795(2.129s / 7.615s) | Generator RTF: 0.2791(2.125s / 7.615s)
generated_audios/generated_H3_256C_pruned50/908-31957-0013_generated.wav | RTF: 0.2811(1.737s / 6.180s) | Generator RTF: 0.2805(1.734s / 6.180s)
generated_audios/generated_H3_256C_pruned50/908-31957-0014_generated.wav | RTF: 0.2799(2.116s / 7.560s) | Generator RTF: 0.2794(2.112s / 7.560s)
generated_audios/generated_H3_256C_pruned50/908-31957-0015_generated.wav | RTF: 0.2851(6.120s / 21.465s) | Generator RTF: 0.2849(6.115s / 21.465s)
generated_audios/generated_H3_256C_pruned50/908-31957-0016_generated.wav | RTF: 0.2797(1.813s / 6.480s) | Generator RTF: 0.2792(1.809s / 6.480s)
generated_audios/generated_H3_256C_pruned50/908-31957-0017_generated.wav | RTF: 0.2712(2.114s / 7.795s) | Generator RTF: 0.2707(2.110s / 7.795s)
generated_audios/generated_H3_256C_pruned50/908-31957-0018_generated.wav | RTF: 0.2661(1.042s / 3.915s) | Generator RTF: 0.2652(1.038s / 3.915s)
generated_audios/generated_H3_256C_pruned50/908-31957-0019_generated.wav | RTF: 0.2800(2.672s / 9.540s) | Generator RTF: 0.2796(2.668s / 9.540s)
generated_audios/generated_H3_256C_pruned50/908-31957-0020_generated.wav | RTF: 0.0553(0.326s / 5.895s) | Generator RTF: 0.0538(0.317s / 5.895s)
generated_audios/generated_H3_256C_pruned50/908-31957-0021_generated.wav | RTF: 0.2776(3.027s / 10.905s) | Generator RTF: 0.2772(3.023s / 10.905s)
generated_audios/generated_H3_256C_pruned50/908-31957-0022_generated.wav | RTF: 0.2821(3.977s / 14.100s) | Generator RTF: 0.2818(3.973s / 14.100s)
generated_audios/generated_H3_256C_pruned50/908-31957-0023_generated.wav | RTF: 0.2797(2.381s / 8.515s) | Generator RTF: 0.2792(2.377s / 8.515s)
generated_audios/generated_H3_256C_pruned50/908-31957-0024_generated.wav | RTF: 0.2822(2.128s / 7.540s) | Generator RTF: 0.2817(2.124s / 7.540s)
generated_audios/generated_H3_256C_pruned50/908-31957-0025_generated.wav | RTF: 0.3027(6.224s / 20.560s) | Generator RTF: 0.3025(6.219s / 20.560s)
Average RTF: 0.2305(728.248s / 3159.849s)
Average Generator RTF: 0.2299(726.357s / 3159.849s)
Evaluation summary:
  Mel-spectrogram L1: 0.324985
  PESQ: 2.272067
  STOI: 0.928384
Appended per-audio metrics to CSV: per_audio_results/H3_256C_Physical_pruning

Appended metrics to CSV: experiments_results.csv
========== H3: pruning 70% ==========
Initializing Inference Process..
Using device: cpu (baseline and quantized inference both run on CPU)
Loading '/home/hpc/vlbi/vlbi107v/hifi-gan/cp_hifigan/v1_c256_physical70/g_00265000'
Complete.
Checkpoint contains plain conv weights. Removing weight_norm wrappers before loading...
Removing weight norm...
Loaded checkpoint: /home/hpc/vlbi/vlbi107v/hifi-gan/cp_hifigan/v1_c256_physical70/g_00265000 (6.265 MB)
Generator parameters: 1,628,857
generated_audios/generated_H3_256C_pruned70/1089-134686-0000_generated.wav | RTF: 0.2478(2.586s / 10.435s) | Generator RTF: 0.2464(2.571s / 10.435s)
generated_audios/generated_H3_256C_pruned70/1089-134686-0001_generated.wav | RTF: 0.2276(0.746s / 3.275s) | Generator RTF: 0.2265(0.742s / 3.275s)
generated_audios/generated_H3_256C_pruned70/1089-134686-0002_generated.wav | RTF: 0.2316(1.534s / 6.625s) | Generator RTF: 0.2310(1.531s / 6.625s)
generated_audios/generated_H3_256C_pruned70/1089-134686-0003_generated.wav | RTF: 0.2376(0.637s / 2.680s) | Generator RTF: 0.2365(0.634s / 2.680s)
generated_audios/generated_H3_256C_pruned70/1089-134686-0004_generated.wav | RTF: 0.2309(1.204s / 5.215s) | Generator RTF: 0.2304(1.201s / 5.215s)
generated_audios/generated_H3_256C_pruned70/1089-134686-0005_generated.wav | RTF: 0.2439(2.350s / 9.635s) | Generator RTF: 0.2434(2.345s / 9.635s)
generated_audios/generated_H3_256C_pruned70/1089-134686-0006_generated.wav | RTF: 0.2382(2.514s / 10.555s) | Generator RTF: 0.2378(2.510s / 10.555s)
generated_audios/generated_H3_256C_pruned70/1089-134686-0007_generated.wav | RTF: 0.2397(1.025s / 4.275s) | Generator RTF: 0.2388(1.021s / 4.275s)
generated_audios/generated_H3_256C_pruned70/1089-134686-0008_generated.wav | RTF: 0.2381(1.603s / 6.730s) | Generator RTF: 0.2376(1.599s / 6.730s)
generated_audios/generated_H3_256C_pruned70/1089-134686-0009_generated.wav | RTF: 0.2367(2.503s / 10.575s) | Generator RTF: 0.2363(2.499s / 10.575s)
generated_audios/generated_H3_256C_pruned70/1089-134686-0010_generated.wav | RTF: 0.2352(1.036s / 4.405s) | Generator RTF: 0.2345(1.033s / 4.405s)
generated_audios/generated_H3_256C_pruned70/1089-134686-0011_generated.wav | RTF: 0.2417(3.008s / 12.445s) | Generator RTF: 0.2413(3.004s / 12.445s)
generated_audios/generated_H3_256C_pruned70/1089-134686-0012_generated.wav | RTF: 0.2656(3.091s / 11.640s) | Generator RTF: 0.2652(3.087s / 11.640s)
generated_audios/generated_H3_256C_pruned70/1089-134686-0013_generated.wav | RTF: 0.2326(1.841s / 7.915s) | Generator RTF: 0.2321(1.837s / 7.915s)
generated_audios/generated_H3_256C_pruned70/1089-134686-0014_generated.wav | RTF: 0.2433(0.541s / 2.225s) | Generator RTF: 0.2418(0.538s / 2.225s)
generated_audios/generated_H3_256C_pruned70/1089-134686-0015_generated.wav | RTF: 0.2355(1.369s / 5.815s) | Generator RTF: 0.2349(1.366s / 5.815s)
generated_audios/generated_H3_256C_pruned70/1089-134686-0016_generated.wav | RTF: 0.2382(0.843s / 3.540s) | Generator RTF: 0.2373(0.840s / 3.540s)
generated_audios/generated_H3_256C_pruned70/1089-134686-0017_generated.wav | RTF: 0.2423(2.149s / 8.870s) | Generator RTF: 0.2418(2.145s / 8.870s)
generated_audios/generated_H3_256C_pruned70/1089-134686-0018_generated.wav | RTF: 0.2478(3.896s / 15.720s) | Generator RTF: 0.2475(3.891s / 15.720s)
generated_audios/generated_H3_256C_pruned70/1089-134686-0019_generated.wav | RTF: 0.2451(3.406s / 13.895s) | Generator RTF: 0.2448(3.402s / 13.895s)
generated_audios/generated_H3_256C_pruned70/1089-134686-0020_generated.wav | RTF: 0.2443(4.101s / 16.790s) | Generator RTF: 0.2440(4.096s / 16.790s)
generated_audios/generated_H3_256C_pruned70/1089-134686-0021_generated.wav | RTF: 0.2347(1.537s / 6.550s) | Generator RTF: 0.2342(1.534s / 6.550s)
generated_audios/generated_H3_256C_pruned70/1089-134686-0022_generated.wav | RTF: 0.2693(3.009s / 11.175s) | Generator RTF: 0.2690(3.006s / 11.175s)
generated_audios/generated_H3_256C_pruned70/1089-134686-0023_generated.wav | RTF: 0.2651(3.519s / 13.275s) | Generator RTF: 0.2647(3.514s / 13.275s)
generated_audios/generated_H3_256C_pruned70/1089-134686-0024_generated.wav | RTF: 0.2447(2.851s / 11.655s) | Generator RTF: 0.2443(2.847s / 11.655s)
generated_audios/generated_H3_256C_pruned70/1089-134686-0025_generated.wav | RTF: 0.2348(1.552s / 6.610s) | Generator RTF: 0.2343(1.549s / 6.610s)
generated_audios/generated_H3_256C_pruned70/1089-134686-0026_generated.wav | RTF: 0.2321(0.931s / 4.010s) | Generator RTF: 0.2313(0.928s / 4.010s)
generated_audios/generated_H3_256C_pruned70/1089-134686-0027_generated.wav | RTF: 0.2383(0.646s / 2.710s) | Generator RTF: 0.2371(0.643s / 2.710s)
generated_audios/generated_H3_256C_pruned70/1089-134686-0028_generated.wav | RTF: 0.2405(1.883s / 7.830s) | Generator RTF: 0.2401(1.880s / 7.830s)
generated_audios/generated_H3_256C_pruned70/1089-134686-0029_generated.wav | RTF: 0.2330(1.088s / 4.670s) | Generator RTF: 0.2323(1.085s / 4.670s)
generated_audios/generated_H3_256C_pruned70/1089-134686-0030_generated.wav | RTF: 0.0385(0.105s / 2.715s) | Generator RTF: 0.0373(0.101s / 2.715s)
generated_audios/generated_H3_256C_pruned70/1089-134686-0031_generated.wav | RTF: 0.0424(0.281s / 6.615s) | Generator RTF: 0.0419(0.277s / 6.615s)
generated_audios/generated_H3_256C_pruned70/121-121726-0000_generated.wav | RTF: 0.2409(2.038s / 8.460s) | Generator RTF: 0.2405(2.034s / 8.460s)
generated_audios/generated_H3_256C_pruned70/121-121726-0001_generated.wav | RTF: 0.2333(1.382s / 5.925s) | Generator RTF: 0.2327(1.379s / 5.925s)
generated_audios/generated_H3_256C_pruned70/121-121726-0002_generated.wav | RTF: 0.0448(0.198s / 4.410s) | Generator RTF: 0.0440(0.194s / 4.410s)
generated_audios/generated_H3_256C_pruned70/121-121726-0003_generated.wav | RTF: 0.2387(1.612s / 6.755s) | Generator RTF: 0.2382(1.609s / 6.755s)
generated_audios/generated_H3_256C_pruned70/121-121726-0004_generated.wav | RTF: 0.2397(0.964s / 4.020s) | Generator RTF: 0.2389(0.960s / 4.020s)
generated_audios/generated_H3_256C_pruned70/121-121726-0005_generated.wav | RTF: 0.2330(0.722s / 3.100s) | Generator RTF: 0.2319(0.719s / 3.100s)
generated_audios/generated_H3_256C_pruned70/121-121726-0006_generated.wav | RTF: 0.2580(1.005s / 3.895s) | Generator RTF: 0.2436(0.949s / 3.895s)
generated_audios/generated_H3_256C_pruned70/121-121726-0007_generated.wav | RTF: 0.0458(0.308s / 6.730s) | Generator RTF: 0.0453(0.305s / 6.730s)
generated_audios/generated_H3_256C_pruned70/121-121726-0008_generated.wav | RTF: 0.2328(1.162s / 4.990s) | Generator RTF: 0.2321(1.158s / 4.990s)
generated_audios/generated_H3_256C_pruned70/121-121726-0009_generated.wav | RTF: 0.2384(1.731s / 7.260s) | Generator RTF: 0.2379(1.727s / 7.260s)
generated_audios/generated_H3_256C_pruned70/121-121726-0010_generated.wav | RTF: 0.2474(2.427s / 9.810s) | Generator RTF: 0.2470(2.423s / 9.810s)
generated_audios/generated_H3_256C_pruned70/121-121726-0011_generated.wav | RTF: 0.2386(0.963s / 4.035s) | Generator RTF: 0.2377(0.959s / 4.035s)
generated_audios/generated_H3_256C_pruned70/121-121726-0012_generated.wav | RTF: 0.2295(0.928s / 4.045s) | Generator RTF: 0.2286(0.925s / 4.045s)
generated_audios/generated_H3_256C_pruned70/121-121726-0013_generated.wav | RTF: 0.2427(0.604s / 2.490s) | Generator RTF: 0.2414(0.601s / 2.490s)
generated_audios/generated_H3_256C_pruned70/121-121726-0014_generated.wav | RTF: 0.2386(0.755s / 3.165s) | Generator RTF: 0.2376(0.752s / 3.165s)
generated_audios/generated_H3_256C_pruned70/121-123852-0000_generated.wav | RTF: 0.2661(4.708s / 17.695s) | Generator RTF: 0.2658(4.703s / 17.695s)
generated_audios/generated_H3_256C_pruned70/121-123852-0001_generated.wav | RTF: 0.2447(0.458s / 1.870s) | Generator RTF: 0.2430(0.455s / 1.870s)
generated_audios/generated_H3_256C_pruned70/121-123852-0002_generated.wav | RTF: 0.2680(4.632s / 17.285s) | Generator RTF: 0.2676(4.626s / 17.285s)
generated_audios/generated_H3_256C_pruned70/121-123852-0003_generated.wav | RTF: 0.2737(6.434s / 23.505s) | Generator RTF: 0.2735(6.428s / 23.505s)
generated_audios/generated_H3_256C_pruned70/121-123852-0004_generated.wav | RTF: 0.2467(4.019s / 16.290s) | Generator RTF: 0.2464(4.014s / 16.290s)
generated_audios/generated_H3_256C_pruned70/121-123859-0000_generated.wav | RTF: 0.2672(4.647s / 17.390s) | Generator RTF: 0.2669(4.642s / 17.390s)
generated_audios/generated_H3_256C_pruned70/121-123859-0001_generated.wav | RTF: 0.2999(7.616s / 25.395s) | Generator RTF: 0.2997(7.610s / 25.395s)
generated_audios/generated_H3_256C_pruned70/121-123859-0002_generated.wav | RTF: 0.2946(8.849s / 30.040s) | Generator RTF: 0.2944(8.843s / 30.040s)
generated_audios/generated_H3_256C_pruned70/121-123859-0003_generated.wav | RTF: 0.2430(2.630s / 10.825s) | Generator RTF: 0.2425(2.625s / 10.825s)
generated_audios/generated_H3_256C_pruned70/121-123859-0004_generated.wav | RTF: 0.2430(2.309s / 9.505s) | Generator RTF: 0.2425(2.305s / 9.505s)
generated_audios/generated_H3_256C_pruned70/121-127105-0000_generated.wav | RTF: 0.2473(2.442s / 9.875s) | Generator RTF: 0.2469(2.438s / 9.875s)
generated_audios/generated_H3_256C_pruned70/121-127105-0001_generated.wav | RTF: 0.2350(1.181s / 5.025s) | Generator RTF: 0.2342(1.177s / 5.025s)
generated_audios/generated_H3_256C_pruned70/121-127105-0002_generated.wav | RTF: 0.2383(1.786s / 7.495s) | Generator RTF: 0.2379(1.783s / 7.495s)
generated_audios/generated_H3_256C_pruned70/121-127105-0003_generated.wav | RTF: 0.2417(1.867s / 7.725s) | Generator RTF: 0.2411(1.863s / 7.725s)
generated_audios/generated_H3_256C_pruned70/121-127105-0004_generated.wav | RTF: 0.2468(0.521s / 2.110s) | Generator RTF: 0.2454(0.518s / 2.110s)
generated_audios/generated_H3_256C_pruned70/121-127105-0005_generated.wav | RTF: 0.2348(1.366s / 5.820s) | Generator RTF: 0.2341(1.363s / 5.820s)
generated_audios/generated_H3_256C_pruned70/121-127105-0006_generated.wav | RTF: 0.2362(1.116s / 4.725s) | Generator RTF: 0.2355(1.113s / 4.725s)
generated_audios/generated_H3_256C_pruned70/121-127105-0007_generated.wav | RTF: 0.2372(1.373s / 5.790s) | Generator RTF: 0.2366(1.370s / 5.790s)
generated_audios/generated_H3_256C_pruned70/121-127105-0008_generated.wav | RTF: 0.2306(0.637s / 2.760s) | Generator RTF: 0.2294(0.633s / 2.760s)
generated_audios/generated_H3_256C_pruned70/121-127105-0009_generated.wav | RTF: 0.2388(0.547s / 2.290s) | Generator RTF: 0.2376(0.544s / 2.290s)
generated_audios/generated_H3_256C_pruned70/121-127105-0010_generated.wav | RTF: 0.2420(0.690s / 2.850s) | Generator RTF: 0.2410(0.687s / 2.850s)
generated_audios/generated_H3_256C_pruned70/121-127105-0011_generated.wav | RTF: 0.2372(1.371s / 5.780s) | Generator RTF: 0.2365(1.367s / 5.780s)
generated_audios/generated_H3_256C_pruned70/121-127105-0012_generated.wav | RTF: 0.2395(1.157s / 4.830s) | Generator RTF: 0.2388(1.153s / 4.830s)
generated_audios/generated_H3_256C_pruned70/121-127105-0013_generated.wav | RTF: 0.2359(1.391s / 5.895s) | Generator RTF: 0.2353(1.387s / 5.895s)
generated_audios/generated_H3_256C_pruned70/121-127105-0014_generated.wav | RTF: 0.2383(0.537s / 2.255s) | Generator RTF: 0.2369(0.534s / 2.255s)
generated_audios/generated_H3_256C_pruned70/121-127105-0015_generated.wav | RTF: 0.2393(0.708s / 2.960s) | Generator RTF: 0.2382(0.705s / 2.960s)
generated_audios/generated_H3_256C_pruned70/121-127105-0016_generated.wav | RTF: 0.2351(0.477s / 2.030s) | Generator RTF: 0.2335(0.474s / 2.030s)
generated_audios/generated_H3_256C_pruned70/121-127105-0017_generated.wav | RTF: 0.2414(0.651s / 2.695s) | Generator RTF: 0.2403(0.648s / 2.695s)
generated_audios/generated_H3_256C_pruned70/121-127105-0018_generated.wav | RTF: 0.2394(0.663s / 2.770s) | Generator RTF: 0.2382(0.660s / 2.770s)
generated_audios/generated_H3_256C_pruned70/121-127105-0019_generated.wav | RTF: 0.2333(0.822s / 3.525s) | Generator RTF: 0.2322(0.819s / 3.525s)
generated_audios/generated_H3_256C_pruned70/121-127105-0020_generated.wav | RTF: 0.2662(3.822s / 14.355s) | Generator RTF: 0.2658(3.816s / 14.355s)
generated_audios/generated_H3_256C_pruned70/121-127105-0021_generated.wav | RTF: 0.2483(0.497s / 2.000s) | Generator RTF: 0.2469(0.494s / 2.000s)
generated_audios/generated_H3_256C_pruned70/121-127105-0022_generated.wav | RTF: 0.2367(1.202s / 5.075s) | Generator RTF: 0.2360(1.198s / 5.075s)
generated_audios/generated_H3_256C_pruned70/121-127105-0023_generated.wav | RTF: 0.2442(2.664s / 10.910s) | Generator RTF: 0.2438(2.660s / 10.910s)
generated_audios/generated_H3_256C_pruned70/121-127105-0024_generated.wav | RTF: 0.2694(3.893s / 14.450s) | Generator RTF: 0.2691(3.888s / 14.450s)
generated_audios/generated_H3_256C_pruned70/121-127105-0025_generated.wav | RTF: 0.2645(4.249s / 16.065s) | Generator RTF: 0.2642(4.245s / 16.065s)
generated_audios/generated_H3_256C_pruned70/121-127105-0026_generated.wav | RTF: 0.2376(1.789s / 7.530s) | Generator RTF: 0.2372(1.786s / 7.530s)
generated_audios/generated_H3_256C_pruned70/121-127105-0027_generated.wav | RTF: 0.2688(3.728s / 13.870s) | Generator RTF: 0.2684(3.723s / 13.870s)
generated_audios/generated_H3_256C_pruned70/121-127105-0028_generated.wav | RTF: 0.0497(0.335s / 6.750s) | Generator RTF: 0.0491(0.331s / 6.750s)
generated_audios/generated_H3_256C_pruned70/121-127105-0029_generated.wav | RTF: 0.2403(1.757s / 7.310s) | Generator RTF: 0.2398(1.753s / 7.310s)
generated_audios/generated_H3_256C_pruned70/121-127105-0030_generated.wav | RTF: 0.2496(0.543s / 2.175s) | Generator RTF: 0.2482(0.540s / 2.175s)
generated_audios/generated_H3_256C_pruned70/121-127105-0031_generated.wav | RTF: 0.2411(2.596s / 10.765s) | Generator RTF: 0.2407(2.592s / 10.765s)
generated_audios/generated_H3_256C_pruned70/121-127105-0032_generated.wav | RTF: 0.2335(0.740s / 3.170s) | Generator RTF: 0.2324(0.737s / 3.170s)
generated_audios/generated_H3_256C_pruned70/121-127105-0033_generated.wav | RTF: 0.2462(0.580s / 2.355s) | Generator RTF: 0.2449(0.577s / 2.355s)
generated_audios/generated_H3_256C_pruned70/121-127105-0034_generated.wav | RTF: 0.2405(1.782s / 7.410s) | Generator RTF: 0.2400(1.778s / 7.410s)
generated_audios/generated_H3_256C_pruned70/121-127105-0035_generated.wav | RTF: 0.2649(3.749s / 14.150s) | Generator RTF: 0.2646(3.744s / 14.150s)
generated_audios/generated_H3_256C_pruned70/121-127105-0036_generated.wav | RTF: 0.2343(0.973s / 4.150s) | Generator RTF: 0.2335(0.969s / 4.150s)
generated_audios/generated_H3_256C_pruned70/237-126133-0000_generated.wav | RTF: 0.2669(3.547s / 13.290s) | Generator RTF: 0.2666(3.543s / 13.290s)
generated_audios/generated_H3_256C_pruned70/237-126133-0001_generated.wav | RTF: 0.2679(3.205s / 11.965s) | Generator RTF: 0.2675(3.201s / 11.965s)
generated_audios/generated_H3_256C_pruned70/237-126133-0002_generated.wav | RTF: 0.2358(2.104s / 8.920s) | Generator RTF: 0.2354(2.100s / 8.920s)
generated_audios/generated_H3_256C_pruned70/237-126133-0003_generated.wav | RTF: 0.2400(1.574s / 6.560s) | Generator RTF: 0.2394(1.570s / 6.560s)
generated_audios/generated_H3_256C_pruned70/237-126133-0004_generated.wav | RTF: 0.2374(0.782s / 3.295s) | Generator RTF: 0.2365(0.779s / 3.295s)
generated_audios/generated_H3_256C_pruned70/237-126133-0005_generated.wav | RTF: 0.2405(1.566s / 6.510s) | Generator RTF: 0.2400(1.562s / 6.510s)
generated_audios/generated_H3_256C_pruned70/237-126133-0006_generated.wav | RTF: 0.2381(1.464s / 6.150s) | Generator RTF: 0.2375(1.461s / 6.150s)
generated_audios/generated_H3_256C_pruned70/237-126133-0007_generated.wav | RTF: 0.2353(2.043s / 8.680s) | Generator RTF: 0.2349(2.039s / 8.680s)
generated_audios/generated_H3_256C_pruned70/237-126133-0008_generated.wav | RTF: 0.2384(0.921s / 3.865s) | Generator RTF: 0.2375(0.918s / 3.865s)
generated_audios/generated_H3_256C_pruned70/237-126133-0009_generated.wav | RTF: 0.2375(0.943s / 3.970s) | Generator RTF: 0.2366(0.939s / 3.970s)
generated_audios/generated_H3_256C_pruned70/237-126133-0010_generated.wav | RTF: 0.2341(1.461s / 6.240s) | Generator RTF: 0.2335(1.457s / 6.240s)
generated_audios/generated_H3_256C_pruned70/237-126133-0011_generated.wav | RTF: 0.2334(1.566s / 6.710s) | Generator RTF: 0.2329(1.563s / 6.710s)
generated_audios/generated_H3_256C_pruned70/237-126133-0012_generated.wav | RTF: 0.2411(1.073s / 4.450s) | Generator RTF: 0.2403(1.069s / 4.450s)
generated_audios/generated_H3_256C_pruned70/237-126133-0013_generated.wav | RTF: 0.2384(1.625s / 6.815s) | Generator RTF: 0.2378(1.621s / 6.815s)
generated_audios/generated_H3_256C_pruned70/237-126133-0014_generated.wav | RTF: 0.2349(1.595s / 6.790s) | Generator RTF: 0.2346(1.593s / 6.790s)
generated_audios/generated_H3_256C_pruned70/237-126133-0015_generated.wav | RTF: 0.2412(2.253s / 9.340s) | Generator RTF: 0.2408(2.249s / 9.340s)
generated_audios/generated_H3_256C_pruned70/237-126133-0016_generated.wav | RTF: 0.2351(0.999s / 4.250s) | Generator RTF: 0.2343(0.996s / 4.250s)
generated_audios/generated_H3_256C_pruned70/237-126133-0017_generated.wav | RTF: 0.2510(1.559s / 6.210s) | Generator RTF: 0.2506(1.556s / 6.210s)
generated_audios/generated_H3_256C_pruned70/237-126133-0018_generated.wav | RTF: 0.2369(0.970s / 4.095s) | Generator RTF: 0.2361(0.967s / 4.095s)
generated_audios/generated_H3_256C_pruned70/237-126133-0019_generated.wav | RTF: 0.2377(1.693s / 7.120s) | Generator RTF: 0.2372(1.689s / 7.120s)
generated_audios/generated_H3_256C_pruned70/237-126133-0020_generated.wav | RTF: 0.2315(0.519s / 2.240s) | Generator RTF: 0.2302(0.516s / 2.240s)
generated_audios/generated_H3_256C_pruned70/237-126133-0021_generated.wav | RTF: 0.2345(1.023s / 4.365s) | Generator RTF: 0.2337(1.020s / 4.365s)
generated_audios/generated_H3_256C_pruned70/237-126133-0022_generated.wav | RTF: 0.2370(1.194s / 5.040s) | Generator RTF: 0.2363(1.191s / 5.040s)
generated_audios/generated_H3_256C_pruned70/237-126133-0023_generated.wav | RTF: 0.2425(1.619s / 6.675s) | Generator RTF: 0.2419(1.615s / 6.675s)
generated_audios/generated_H3_256C_pruned70/237-126133-0024_generated.wav | RTF: 0.2448(2.366s / 9.665s) | Generator RTF: 0.2444(2.362s / 9.665s)
generated_audios/generated_H3_256C_pruned70/237-126133-0025_generated.wav | RTF: 0.2402(0.902s / 3.755s) | Generator RTF: 0.2394(0.899s / 3.755s)
generated_audios/generated_H3_256C_pruned70/237-134493-0000_generated.wav | RTF: 0.2413(0.990s / 4.105s) | Generator RTF: 0.2404(0.987s / 4.105s)
generated_audios/generated_H3_256C_pruned70/237-134493-0001_generated.wav | RTF: 0.2405(1.775s / 7.380s) | Generator RTF: 0.2401(1.772s / 7.380s)
generated_audios/generated_H3_256C_pruned70/237-134493-0002_generated.wav | RTF: 0.2456(2.798s / 11.395s) | Generator RTF: 0.2452(2.794s / 11.395s)
generated_audios/generated_H3_256C_pruned70/237-134493-0003_generated.wav | RTF: 0.2699(3.446s / 12.765s) | Generator RTF: 0.2696(3.441s / 12.765s)
generated_audios/generated_H3_256C_pruned70/237-134493-0004_generated.wav | RTF: 0.2382(1.626s / 6.825s) | Generator RTF: 0.2376(1.622s / 6.825s)
generated_audios/generated_H3_256C_pruned70/237-134493-0005_generated.wav | RTF: 0.2418(2.647s / 10.945s) | Generator RTF: 0.2414(2.642s / 10.945s)
generated_audios/generated_H3_256C_pruned70/237-134493-0006_generated.wav | RTF: 0.2357(1.036s / 4.395s) | Generator RTF: 0.2349(1.032s / 4.395s)
generated_audios/generated_H3_256C_pruned70/237-134493-0007_generated.wav | RTF: 0.2490(0.507s / 2.035s) | Generator RTF: 0.2475(0.504s / 2.035s)
generated_audios/generated_H3_256C_pruned70/237-134493-0008_generated.wav | RTF: 0.2346(0.541s / 2.305s) | Generator RTF: 0.2332(0.537s / 2.305s)
generated_audios/generated_H3_256C_pruned70/237-134493-0009_generated.wav | RTF: 0.2452(0.730s / 2.975s) | Generator RTF: 0.2442(0.726s / 2.975s)
generated_audios/generated_H3_256C_pruned70/237-134493-0010_generated.wav | RTF: 0.2390(0.687s / 2.875s) | Generator RTF: 0.2379(0.684s / 2.875s)
generated_audios/generated_H3_256C_pruned70/237-134493-0011_generated.wav | RTF: 0.2423(1.220s / 5.035s) | Generator RTF: 0.2416(1.216s / 5.035s)
generated_audios/generated_H3_256C_pruned70/237-134493-0012_generated.wav | RTF: 0.2335(0.855s / 3.660s) | Generator RTF: 0.2326(0.851s / 3.660s)
generated_audios/generated_H3_256C_pruned70/237-134493-0013_generated.wav | RTF: 0.0471(0.192s / 4.090s) | Generator RTF: 0.0463(0.189s / 4.090s)
generated_audios/generated_H3_256C_pruned70/237-134493-0014_generated.wav | RTF: 0.2334(0.864s / 3.700s) | Generator RTF: 0.2325(0.860s / 3.700s)
generated_audios/generated_H3_256C_pruned70/237-134493-0015_generated.wav | RTF: 0.0504(0.330s / 6.550s) | Generator RTF: 0.0499(0.327s / 6.550s)
generated_audios/generated_H3_256C_pruned70/237-134493-0016_generated.wav | RTF: 0.2447(2.468s / 10.085s) | Generator RTF: 0.2443(2.464s / 10.085s)
generated_audios/generated_H3_256C_pruned70/237-134493-0017_generated.wav | RTF: 0.2418(2.202s / 9.105s) | Generator RTF: 0.2414(2.198s / 9.105s)
generated_audios/generated_H3_256C_pruned70/237-134493-0018_generated.wav | RTF: 0.2348(1.125s / 4.790s) | Generator RTF: 0.2340(1.121s / 4.790s)
generated_audios/generated_H3_256C_pruned70/237-134500-0000_generated.wav | RTF: 0.2408(1.476s / 6.130s) | Generator RTF: 0.2402(1.472s / 6.130s)
generated_audios/generated_H3_256C_pruned70/237-134500-0001_generated.wav | RTF: 0.2447(0.443s / 1.810s) | Generator RTF: 0.2429(0.440s / 1.810s)
generated_audios/generated_H3_256C_pruned70/237-134500-0002_generated.wav | RTF: 0.2402(1.218s / 5.070s) | Generator RTF: 0.2395(1.214s / 5.070s)
generated_audios/generated_H3_256C_pruned70/237-134500-0003_generated.wav | RTF: 0.0485(0.154s / 3.170s) | Generator RTF: 0.0474(0.150s / 3.170s)
generated_audios/generated_H3_256C_pruned70/237-134500-0004_generated.wav | RTF: 0.0502(0.112s / 2.225s) | Generator RTF: 0.0486(0.108s / 2.225s)
generated_audios/generated_H3_256C_pruned70/237-134500-0005_generated.wav | RTF: 0.2454(0.587s / 2.390s) | Generator RTF: 0.2440(0.583s / 2.390s)
generated_audios/generated_H3_256C_pruned70/237-134500-0006_generated.wav | RTF: 0.2350(0.993s / 4.225s) | Generator RTF: 0.2341(0.989s / 4.225s)
generated_audios/generated_H3_256C_pruned70/237-134500-0007_generated.wav | RTF: 0.0407(0.097s / 2.390s) | Generator RTF: 0.0394(0.094s / 2.390s)
generated_audios/generated_H3_256C_pruned70/237-134500-0008_generated.wav | RTF: 0.0478(0.180s / 3.760s) | Generator RTF: 0.0469(0.176s / 3.760s)
generated_audios/generated_H3_256C_pruned70/237-134500-0009_generated.wav | RTF: 0.0406(0.090s / 2.220s) | Generator RTF: 0.0392(0.087s / 2.220s)
generated_audios/generated_H3_256C_pruned70/237-134500-0010_generated.wav | RTF: 0.2417(0.965s / 3.995s) | Generator RTF: 0.2409(0.963s / 3.995s)
generated_audios/generated_H3_256C_pruned70/237-134500-0011_generated.wav | RTF: 0.2373(0.795s / 3.350s) | Generator RTF: 0.2363(0.792s / 3.350s)
generated_audios/generated_H3_256C_pruned70/237-134500-0012_generated.wav | RTF: 0.2416(2.642s / 10.935s) | Generator RTF: 0.2412(2.638s / 10.935s)
generated_audios/generated_H3_256C_pruned70/237-134500-0013_generated.wav | RTF: 0.0489(0.516s / 10.560s) | Generator RTF: 0.0485(0.512s / 10.560s)
generated_audios/generated_H3_256C_pruned70/237-134500-0014_generated.wav | RTF: 0.0474(0.202s / 4.250s) | Generator RTF: 0.0467(0.198s / 4.250s)
generated_audios/generated_H3_256C_pruned70/237-134500-0015_generated.wav | RTF: 0.2543(2.750s / 10.815s) | Generator RTF: 0.2539(2.746s / 10.815s)
generated_audios/generated_H3_256C_pruned70/237-134500-0016_generated.wav | RTF: 0.0482(0.152s / 3.160s) | Generator RTF: 0.0472(0.149s / 3.160s)
generated_audios/generated_H3_256C_pruned70/237-134500-0017_generated.wav | RTF: 0.0516(0.112s / 2.180s) | Generator RTF: 0.0501(0.109s / 2.180s)
generated_audios/generated_H3_256C_pruned70/237-134500-0018_generated.wav | RTF: 0.2727(3.502s / 12.845s) | Generator RTF: 0.2723(3.498s / 12.845s)
generated_audios/generated_H3_256C_pruned70/237-134500-0019_generated.wav | RTF: 0.2386(0.682s / 2.860s) | Generator RTF: 0.2375(0.679s / 2.860s)
generated_audios/generated_H3_256C_pruned70/237-134500-0020_generated.wav | RTF: 0.0430(0.094s / 2.180s) | Generator RTF: 0.0416(0.091s / 2.180s)
generated_audios/generated_H3_256C_pruned70/237-134500-0021_generated.wav | RTF: 0.2398(1.228s / 5.120s) | Generator RTF: 0.2391(1.224s / 5.120s)
generated_audios/generated_H3_256C_pruned70/237-134500-0022_generated.wav | RTF: 0.2392(1.235s / 5.165s) | Generator RTF: 0.2385(1.232s / 5.165s)
generated_audios/generated_H3_256C_pruned70/237-134500-0023_generated.wav | RTF: 0.2429(0.743s / 3.060s) | Generator RTF: 0.2418(0.740s / 3.060s)
generated_audios/generated_H3_256C_pruned70/237-134500-0024_generated.wav | RTF: 0.0490(0.216s / 4.410s) | Generator RTF: 0.0483(0.213s / 4.410s)
generated_audios/generated_H3_256C_pruned70/237-134500-0025_generated.wav | RTF: 0.2473(0.403s / 1.630s) | Generator RTF: 0.2454(0.400s / 1.630s)
generated_audios/generated_H3_256C_pruned70/237-134500-0026_generated.wav | RTF: 0.2420(0.738s / 3.050s) | Generator RTF: 0.2410(0.735s / 3.050s)
generated_audios/generated_H3_256C_pruned70/237-134500-0027_generated.wav | RTF: 0.2425(0.793s / 3.270s) | Generator RTF: 0.2415(0.790s / 3.270s)
generated_audios/generated_H3_256C_pruned70/237-134500-0028_generated.wav | RTF: 0.2460(1.113s / 4.525s) | Generator RTF: 0.2453(1.110s / 4.525s)
generated_audios/generated_H3_256C_pruned70/237-134500-0029_generated.wav | RTF: 0.2364(0.488s / 2.065s) | Generator RTF: 0.2348(0.485s / 2.065s)
generated_audios/generated_H3_256C_pruned70/237-134500-0030_generated.wav | RTF: 0.2414(0.671s / 2.780s) | Generator RTF: 0.2403(0.668s / 2.780s)
generated_audios/generated_H3_256C_pruned70/237-134500-0031_generated.wav | RTF: 0.2454(2.603s / 10.610s) | Generator RTF: 0.2450(2.599s / 10.610s)
generated_audios/generated_H3_256C_pruned70/237-134500-0032_generated.wav | RTF: 0.0486(0.244s / 5.025s) | Generator RTF: 0.0479(0.241s / 5.025s)
generated_audios/generated_H3_256C_pruned70/237-134500-0033_generated.wav | RTF: 0.2387(1.516s / 6.350s) | Generator RTF: 0.2381(1.512s / 6.350s)
generated_audios/generated_H3_256C_pruned70/237-134500-0034_generated.wav | RTF: 0.2401(0.738s / 3.075s) | Generator RTF: 0.2390(0.735s / 3.075s)
generated_audios/generated_H3_256C_pruned70/237-134500-0035_generated.wav | RTF: 0.2471(0.631s / 2.555s) | Generator RTF: 0.2459(0.628s / 2.555s)
generated_audios/generated_H3_256C_pruned70/237-134500-0036_generated.wav | RTF: 0.2453(1.619s / 6.600s) | Generator RTF: 0.2447(1.615s / 6.600s)
generated_audios/generated_H3_256C_pruned70/237-134500-0037_generated.wav | RTF: 0.2456(1.745s / 7.105s) | Generator RTF: 0.2450(1.740s / 7.105s)
generated_audios/generated_H3_256C_pruned70/237-134500-0038_generated.wav | RTF: 0.2454(0.598s / 2.435s) | Generator RTF: 0.2442(0.595s / 2.435s)
generated_audios/generated_H3_256C_pruned70/237-134500-0039_generated.wav | RTF: 0.2452(1.135s / 4.630s) | Generator RTF: 0.2445(1.132s / 4.630s)
generated_audios/generated_H3_256C_pruned70/237-134500-0040_generated.wav | RTF: 0.0470(0.190s / 4.030s) | Generator RTF: 0.0462(0.186s / 4.030s)
generated_audios/generated_H3_256C_pruned70/237-134500-0041_generated.wav | RTF: 0.0511(0.456s / 8.920s) | Generator RTF: 0.0507(0.452s / 8.920s)
generated_audios/generated_H3_256C_pruned70/237-134500-0042_generated.wav | RTF: 0.2440(0.628s / 2.575s) | Generator RTF: 0.2428(0.625s / 2.575s)
generated_audios/generated_H3_256C_pruned70/260-123286-0000_generated.wav | RTF: 0.2420(1.704s / 7.040s) | Generator RTF: 0.2415(1.700s / 7.040s)
generated_audios/generated_H3_256C_pruned70/260-123286-0001_generated.wav | RTF: 0.0447(0.137s / 3.070s) | Generator RTF: 0.0436(0.134s / 3.070s)
generated_audios/generated_H3_256C_pruned70/260-123286-0002_generated.wav | RTF: 0.2511(2.507s / 9.985s) | Generator RTF: 0.2507(2.503s / 9.985s)
generated_audios/generated_H3_256C_pruned70/260-123286-0003_generated.wav | RTF: 0.2461(1.814s / 7.370s) | Generator RTF: 0.2456(1.810s / 7.370s)
generated_audios/generated_H3_256C_pruned70/260-123286-0004_generated.wav | RTF: 0.2425(0.840s / 3.465s) | Generator RTF: 0.2416(0.837s / 3.465s)
generated_audios/generated_H3_256C_pruned70/260-123286-0005_generated.wav | RTF: 0.2390(1.149s / 4.810s) | Generator RTF: 0.2382(1.146s / 4.810s)
generated_audios/generated_H3_256C_pruned70/260-123286-0006_generated.wav | RTF: 0.2541(1.882s / 7.405s) | Generator RTF: 0.2536(1.878s / 7.405s)
generated_audios/generated_H3_256C_pruned70/260-123286-0007_generated.wav | RTF: 0.2455(1.117s / 4.550s) | Generator RTF: 0.2448(1.114s / 4.550s)
generated_audios/generated_H3_256C_pruned70/260-123286-0008_generated.wav | RTF: 0.2406(0.899s / 3.735s) | Generator RTF: 0.2397(0.895s / 3.735s)
generated_audios/generated_H3_256C_pruned70/260-123286-0009_generated.wav | RTF: 0.2460(1.426s / 5.795s) | Generator RTF: 0.2453(1.422s / 5.795s)
generated_audios/generated_H3_256C_pruned70/260-123286-0010_generated.wav | RTF: 0.0477(0.123s / 2.575s) | Generator RTF: 0.0464(0.120s / 2.575s)
generated_audios/generated_H3_256C_pruned70/260-123286-0011_generated.wav | RTF: 0.0492(0.209s / 4.255s) | Generator RTF: 0.0484(0.206s / 4.255s)
generated_audios/generated_H3_256C_pruned70/260-123286-0012_generated.wav | RTF: 0.0473(0.115s / 2.430s) | Generator RTF: 0.0460(0.112s / 2.430s)
generated_audios/generated_H3_256C_pruned70/260-123286-0013_generated.wav | RTF: 0.2432(1.150s / 4.730s) | Generator RTF: 0.2425(1.147s / 4.730s)
generated_audios/generated_H3_256C_pruned70/260-123286-0014_generated.wav | RTF: 0.0518(0.154s / 2.980s) | Generator RTF: 0.0506(0.151s / 2.980s)
generated_audios/generated_H3_256C_pruned70/260-123286-0015_generated.wav | RTF: 0.2425(1.263s / 5.210s) | Generator RTF: 0.2419(1.260s / 5.210s)
generated_audios/generated_H3_256C_pruned70/260-123286-0016_generated.wav | RTF: 0.2482(1.737s / 7.000s) | Generator RTF: 0.2476(1.733s / 7.000s)
generated_audios/generated_H3_256C_pruned70/260-123286-0017_generated.wav | RTF: 0.2397(0.953s / 3.975s) | Generator RTF: 0.2388(0.949s / 3.975s)
generated_audios/generated_H3_256C_pruned70/260-123286-0018_generated.wav | RTF: 0.2458(1.393s / 5.670s) | Generator RTF: 0.2452(1.390s / 5.670s)
generated_audios/generated_H3_256C_pruned70/260-123286-0019_generated.wav | RTF: 0.2767(3.294s / 11.905s) | Generator RTF: 0.2763(3.289s / 11.905s)
generated_audios/generated_H3_256C_pruned70/260-123286-0020_generated.wav | RTF: 0.0473(0.145s / 3.060s) | Generator RTF: 0.0462(0.141s / 3.060s)
generated_audios/generated_H3_256C_pruned70/260-123286-0021_generated.wav | RTF: 0.2367(0.604s / 2.550s) | Generator RTF: 0.2354(0.600s / 2.550s)
generated_audios/generated_H3_256C_pruned70/260-123286-0022_generated.wav | RTF: 0.2449(0.792s / 3.235s) | Generator RTF: 0.2439(0.789s / 3.235s)
generated_audios/generated_H3_256C_pruned70/260-123286-0023_generated.wav | RTF: 0.2465(1.448s / 5.875s) | Generator RTF: 0.2459(1.445s / 5.875s)
generated_audios/generated_H3_256C_pruned70/260-123286-0024_generated.wav | RTF: 0.2422(0.736s / 3.040s) | Generator RTF: 0.2411(0.733s / 3.040s)
generated_audios/generated_H3_256C_pruned70/260-123286-0025_generated.wav | RTF: 0.2504(2.304s / 9.205s) | Generator RTF: 0.2499(2.300s / 9.205s)
generated_audios/generated_H3_256C_pruned70/260-123286-0026_generated.wav | RTF: 0.2489(1.728s / 6.940s) | Generator RTF: 0.2483(1.723s / 6.940s)
generated_audios/generated_H3_256C_pruned70/260-123286-0027_generated.wav | RTF: 0.2501(1.793s / 7.170s) | Generator RTF: 0.2495(1.789s / 7.170s)
generated_audios/generated_H3_256C_pruned70/260-123286-0028_generated.wav | RTF: 0.2526(1.886s / 7.465s) | Generator RTF: 0.2521(1.882s / 7.465s)
generated_audios/generated_H3_256C_pruned70/260-123286-0029_generated.wav | RTF: 0.0491(0.223s / 4.545s) | Generator RTF: 0.0483(0.220s / 4.545s)
generated_audios/generated_H3_256C_pruned70/260-123286-0030_generated.wav | RTF: 0.0493(0.372s / 7.530s) | Generator RTF: 0.0488(0.368s / 7.530s)
generated_audios/generated_H3_256C_pruned70/260-123286-0031_generated.wav | RTF: 0.2486(1.258s / 5.060s) | Generator RTF: 0.2479(1.254s / 5.060s)
generated_audios/generated_H3_256C_pruned70/260-123288-0000_generated.wav | RTF: 0.0405(0.123s / 3.040s) | Generator RTF: 0.0394(0.120s / 3.040s)
generated_audios/generated_H3_256C_pruned70/260-123288-0001_generated.wav | RTF: 0.0490(0.249s / 5.080s) | Generator RTF: 0.0482(0.245s / 5.080s)
generated_audios/generated_H3_256C_pruned70/260-123288-0002_generated.wav | RTF: 0.2542(1.843s / 7.250s) | Generator RTF: 0.2536(1.839s / 7.250s)
generated_audios/generated_H3_256C_pruned70/260-123288-0003_generated.wav | RTF: 0.2606(2.320s / 8.905s) | Generator RTF: 0.2601(2.316s / 8.905s)
generated_audios/generated_H3_256C_pruned70/260-123288-0004_generated.wav | RTF: 0.2556(1.102s / 4.310s) | Generator RTF: 0.2548(1.098s / 4.310s)
generated_audios/generated_H3_256C_pruned70/260-123288-0005_generated.wav | RTF: 0.2821(3.541s / 12.550s) | Generator RTF: 0.2818(3.536s / 12.550s)
generated_audios/generated_H3_256C_pruned70/260-123288-0006_generated.wav | RTF: 0.2528(1.234s / 4.880s) | Generator RTF: 0.2522(1.231s / 4.880s)
generated_audios/generated_H3_256C_pruned70/260-123288-0007_generated.wav | RTF: 0.2701(3.025s / 11.200s) | Generator RTF: 0.2697(3.021s / 11.200s)
generated_audios/generated_H3_256C_pruned70/260-123288-0008_generated.wav | RTF: 0.2591(1.429s / 5.515s) | Generator RTF: 0.2585(1.426s / 5.515s)
generated_audios/generated_H3_256C_pruned70/260-123288-0009_generated.wav | RTF: 0.2563(0.880s / 3.435s) | Generator RTF: 0.2553(0.877s / 3.435s)
generated_audios/generated_H3_256C_pruned70/260-123288-0010_generated.wav | RTF: 0.0532(0.532s / 9.995s) | Generator RTF: 0.0528(0.527s / 9.995s)
generated_audios/generated_H3_256C_pruned70/260-123288-0011_generated.wav | RTF: 0.2583(2.320s / 8.980s) | Generator RTF: 0.2579(2.316s / 8.980s)
generated_audios/generated_H3_256C_pruned70/260-123288-0012_generated.wav | RTF: 0.2555(0.906s / 3.545s) | Generator RTF: 0.2546(0.903s / 3.545s)
generated_audios/generated_H3_256C_pruned70/260-123288-0013_generated.wav | RTF: 0.2571(2.928s / 11.385s) | Generator RTF: 0.2568(2.923s / 11.385s)
generated_audios/generated_H3_256C_pruned70/260-123288-0014_generated.wav | RTF: 0.0554(0.100s / 1.805s) | Generator RTF: 0.0536(0.097s / 1.805s)
generated_audios/generated_H3_256C_pruned70/260-123288-0015_generated.wav | RTF: 0.2756(5.838s / 21.185s) | Generator RTF: 0.2753(5.833s / 21.185s)
generated_audios/generated_H3_256C_pruned70/260-123288-0016_generated.wav | RTF: 0.2561(1.246s / 4.865s) | Generator RTF: 0.2556(1.244s / 4.865s)
generated_audios/generated_H3_256C_pruned70/260-123288-0017_generated.wav | RTF: 0.2508(1.310s / 5.225s) | Generator RTF: 0.2501(1.307s / 5.225s)
generated_audios/generated_H3_256C_pruned70/260-123288-0018_generated.wav | RTF: 0.2481(0.805s / 3.245s) | Generator RTF: 0.2471(0.802s / 3.245s)
generated_audios/generated_H3_256C_pruned70/260-123288-0019_generated.wav | RTF: 0.0484(0.143s / 2.955s) | Generator RTF: 0.0473(0.140s / 2.955s)
generated_audios/generated_H3_256C_pruned70/260-123288-0020_generated.wav | RTF: 0.2464(0.715s / 2.900s) | Generator RTF: 0.2452(0.711s / 2.900s)
generated_audios/generated_H3_256C_pruned70/260-123288-0021_generated.wav | RTF: 0.0488(0.132s / 2.710s) | Generator RTF: 0.0477(0.129s / 2.710s)
generated_audios/generated_H3_256C_pruned70/260-123288-0022_generated.wav | RTF: 0.2589(0.959s / 3.705s) | Generator RTF: 0.2579(0.956s / 3.705s)
generated_audios/generated_H3_256C_pruned70/260-123288-0023_generated.wav | RTF: 0.0505(0.121s / 2.385s) | Generator RTF: 0.0493(0.118s / 2.385s)
generated_audios/generated_H3_256C_pruned70/260-123288-0024_generated.wav | RTF: 0.2808(4.098s / 14.595s) | Generator RTF: 0.2805(4.094s / 14.595s)
generated_audios/generated_H3_256C_pruned70/260-123288-0025_generated.wav | RTF: 0.2673(3.593s / 13.445s) | Generator RTF: 0.2669(3.589s / 13.445s)
generated_audios/generated_H3_256C_pruned70/260-123288-0026_generated.wav | RTF: 0.2853(4.576s / 16.040s) | Generator RTF: 0.2849(4.570s / 16.040s)
generated_audios/generated_H3_256C_pruned70/260-123288-0027_generated.wav | RTF: 0.2564(1.617s / 6.305s) | Generator RTF: 0.2559(1.613s / 6.305s)
generated_audios/generated_H3_256C_pruned70/260-123288-0028_generated.wav | RTF: 0.2627(0.686s / 2.610s) | Generator RTF: 0.2614(0.682s / 2.610s)
generated_audios/generated_H3_256C_pruned70/260-123440-0000_generated.wav | RTF: 0.2558(0.554s / 2.165s) | Generator RTF: 0.2544(0.551s / 2.165s)
generated_audios/generated_H3_256C_pruned70/260-123440-0001_generated.wav | RTF: 0.2704(0.471s / 1.740s) | Generator RTF: 0.2687(0.468s / 1.740s)
generated_audios/generated_H3_256C_pruned70/260-123440-0002_generated.wav | RTF: 0.2888(4.250s / 14.715s) | Generator RTF: 0.2885(4.245s / 14.715s)
generated_audios/generated_H3_256C_pruned70/260-123440-0003_generated.wav | RTF: 0.2652(0.951s / 3.585s) | Generator RTF: 0.2642(0.947s / 3.585s)
generated_audios/generated_H3_256C_pruned70/260-123440-0004_generated.wav | RTF: 0.2661(3.198s / 12.020s) | Generator RTF: 0.2658(3.194s / 12.020s)
generated_audios/generated_H3_256C_pruned70/260-123440-0005_generated.wav | RTF: 0.0497(0.154s / 3.105s) | Generator RTF: 0.0486(0.151s / 3.105s)
generated_audios/generated_H3_256C_pruned70/260-123440-0006_generated.wav | RTF: 0.0486(0.132s / 2.715s) | Generator RTF: 0.0473(0.128s / 2.715s)
generated_audios/generated_H3_256C_pruned70/260-123440-0007_generated.wav | RTF: 0.2554(0.864s / 3.385s) | Generator RTF: 0.2544(0.861s / 3.385s)
generated_audios/generated_H3_256C_pruned70/260-123440-0008_generated.wav | RTF: 0.2656(0.995s / 3.745s) | Generator RTF: 0.2647(0.991s / 3.745s)
generated_audios/generated_H3_256C_pruned70/260-123440-0009_generated.wav | RTF: 0.2628(0.819s / 3.115s) | Generator RTF: 0.2618(0.816s / 3.115s)
generated_audios/generated_H3_256C_pruned70/260-123440-0010_generated.wav | RTF: 0.2659(2.211s / 8.315s) | Generator RTF: 0.2654(2.207s / 8.315s)
generated_audios/generated_H3_256C_pruned70/260-123440-0011_generated.wav | RTF: 0.0476(0.232s / 4.870s) | Generator RTF: 0.0467(0.227s / 4.870s)
generated_audios/generated_H3_256C_pruned70/260-123440-0012_generated.wav | RTF: 0.2676(1.404s / 5.245s) | Generator RTF: 0.2669(1.400s / 5.245s)
generated_audios/generated_H3_256C_pruned70/260-123440-0013_generated.wav | RTF: 0.2621(0.911s / 3.475s) | Generator RTF: 0.2611(0.907s / 3.475s)
generated_audios/generated_H3_256C_pruned70/260-123440-0014_generated.wav | RTF: 0.2659(1.014s / 3.815s) | Generator RTF: 0.2650(1.011s / 3.815s)
generated_audios/generated_H3_256C_pruned70/260-123440-0015_generated.wav | RTF: 0.0510(0.316s / 6.200s) | Generator RTF: 0.0505(0.313s / 6.200s)
generated_audios/generated_H3_256C_pruned70/260-123440-0016_generated.wav | RTF: 0.2657(1.301s / 4.895s) | Generator RTF: 0.2650(1.297s / 4.895s)
generated_audios/generated_H3_256C_pruned70/260-123440-0017_generated.wav | RTF: 0.0510(0.157s / 3.070s) | Generator RTF: 0.0497(0.153s / 3.070s)
generated_audios/generated_H3_256C_pruned70/260-123440-0018_generated.wav | RTF: 0.2637(0.960s / 3.640s) | Generator RTF: 0.2628(0.957s / 3.640s)
generated_audios/generated_H3_256C_pruned70/260-123440-0019_generated.wav | RTF: 0.2646(1.754s / 6.630s) | Generator RTF: 0.2641(1.751s / 6.630s)
generated_audios/generated_H3_256C_pruned70/260-123440-0020_generated.wav | RTF: 0.2654(1.325s / 4.995s) | Generator RTF: 0.2646(1.322s / 4.995s)
generated_audios/generated_H3_256C_pruned70/61-70968-0000_generated.wav | RTF: 0.2660(1.305s / 4.905s) | Generator RTF: 0.2652(1.301s / 4.905s)
generated_audios/generated_H3_256C_pruned70/61-70968-0001_generated.wav | RTF: 0.2645(0.955s / 3.610s) | Generator RTF: 0.2635(0.951s / 3.610s)
generated_audios/generated_H3_256C_pruned70/61-70968-0002_generated.wav | RTF: 0.2595(0.771s / 2.970s) | Generator RTF: 0.2584(0.767s / 2.970s)
generated_audios/generated_H3_256C_pruned70/61-70968-0003_generated.wav | RTF: 0.0481(0.208s / 4.315s) | Generator RTF: 0.0474(0.204s / 4.315s)
generated_audios/generated_H3_256C_pruned70/61-70968-0004_generated.wav | RTF: 0.2681(1.041s / 3.885s) | Generator RTF: 0.2672(1.038s / 3.885s)
generated_audios/generated_H3_256C_pruned70/61-70968-0005_generated.wav | RTF: 0.0468(0.237s / 5.070s) | Generator RTF: 0.0461(0.234s / 5.070s)
generated_audios/generated_H3_256C_pruned70/61-70968-0006_generated.wav | RTF: 0.2583(0.758s / 2.935s) | Generator RTF: 0.2572(0.755s / 2.935s)
generated_audios/generated_H3_256C_pruned70/61-70968-0007_generated.wav | RTF: 0.0488(0.173s / 3.550s) | Generator RTF: 0.0478(0.170s / 3.550s)
generated_audios/generated_H3_256C_pruned70/61-70968-0008_generated.wav | RTF: 0.0495(0.175s / 3.535s) | Generator RTF: 0.0486(0.172s / 3.535s)
generated_audios/generated_H3_256C_pruned70/61-70968-0009_generated.wav | RTF: 0.2652(1.196s / 4.510s) | Generator RTF: 0.2645(1.193s / 4.510s)
generated_audios/generated_H3_256C_pruned70/61-70968-0010_generated.wav | RTF: 0.2673(2.217s / 8.295s) | Generator RTF: 0.2668(2.213s / 8.295s)
generated_audios/generated_H3_256C_pruned70/61-70968-0011_generated.wav | RTF: 0.2646(1.687s / 6.375s) | Generator RTF: 0.2640(1.683s / 6.375s)
generated_audios/generated_H3_256C_pruned70/61-70968-0012_generated.wav | RTF: 0.0495(0.129s / 2.610s) | Generator RTF: 0.0483(0.126s / 2.610s)
generated_audios/generated_H3_256C_pruned70/61-70968-0013_generated.wav | RTF: 0.0466(0.207s / 4.450s) | Generator RTF: 0.0458(0.204s / 4.450s)
generated_audios/generated_H3_256C_pruned70/61-70968-0014_generated.wav | RTF: 0.2695(2.017s / 7.485s) | Generator RTF: 0.2690(2.013s / 7.485s)
generated_audios/generated_H3_256C_pruned70/61-70968-0015_generated.wav | RTF: 0.2615(1.406s / 5.375s) | Generator RTF: 0.2609(1.402s / 5.375s)
generated_audios/generated_H3_256C_pruned70/61-70968-0016_generated.wav | RTF: 0.2677(0.996s / 3.720s) | Generator RTF: 0.2668(0.993s / 3.720s)
generated_audios/generated_H3_256C_pruned70/61-70968-0017_generated.wav | RTF: 0.2709(1.384s / 5.110s) | Generator RTF: 0.2702(1.381s / 5.110s)
generated_audios/generated_H3_256C_pruned70/61-70968-0018_generated.wav | RTF: 0.2599(0.625s / 2.405s) | Generator RTF: 0.2585(0.622s / 2.405s)
generated_audios/generated_H3_256C_pruned70/61-70968-0019_generated.wav | RTF: 0.2635(1.443s / 5.475s) | Generator RTF: 0.2629(1.439s / 5.475s)
generated_audios/generated_H3_256C_pruned70/61-70968-0020_generated.wav | RTF: 0.2711(1.384s / 5.105s) | Generator RTF: 0.2704(1.380s / 5.105s)
generated_audios/generated_H3_256C_pruned70/61-70968-0021_generated.wav | RTF: 0.2602(0.700s / 2.690s) | Generator RTF: 0.2589(0.696s / 2.690s)
generated_audios/generated_H3_256C_pruned70/61-70968-0022_generated.wav | RTF: 0.0498(0.233s / 4.670s) | Generator RTF: 0.0490(0.229s / 4.670s)
generated_audios/generated_H3_256C_pruned70/61-70968-0023_generated.wav | RTF: 0.0492(0.247s / 5.025s) | Generator RTF: 0.0484(0.243s / 5.025s)
generated_audios/generated_H3_256C_pruned70/61-70968-0024_generated.wav | RTF: 0.2697(1.625s / 6.025s) | Generator RTF: 0.2691(1.621s / 6.025s)
generated_audios/generated_H3_256C_pruned70/61-70968-0025_generated.wav | RTF: 0.0489(0.216s / 4.410s) | Generator RTF: 0.0481(0.212s / 4.410s)
generated_audios/generated_H3_256C_pruned70/61-70968-0026_generated.wav | RTF: 0.2648(1.303s / 4.920s) | Generator RTF: 0.2640(1.299s / 4.920s)
generated_audios/generated_H3_256C_pruned70/61-70968-0027_generated.wav | RTF: 0.2699(1.854s / 6.870s) | Generator RTF: 0.2693(1.850s / 6.870s)
generated_audios/generated_H3_256C_pruned70/61-70968-0028_generated.wav | RTF: 0.2653(1.420s / 5.355s) | Generator RTF: 0.2646(1.417s / 5.355s)
generated_audios/generated_H3_256C_pruned70/61-70968-0029_generated.wav | RTF: 0.2696(0.942s / 3.495s) | Generator RTF: 0.2687(0.939s / 3.495s)
generated_audios/generated_H3_256C_pruned70/61-70968-0030_generated.wav | RTF: 0.2672(1.519s / 5.685s) | Generator RTF: 0.2666(1.515s / 5.685s)
generated_audios/generated_H3_256C_pruned70/61-70968-0031_generated.wav | RTF: 0.2664(0.779s / 2.925s) | Generator RTF: 0.2653(0.776s / 2.925s)
generated_audios/generated_H3_256C_pruned70/61-70968-0032_generated.wav | RTF: 0.0483(0.207s / 4.280s) | Generator RTF: 0.0475(0.203s / 4.280s)
generated_audios/generated_H3_256C_pruned70/61-70968-0033_generated.wav | RTF: 0.0420(0.239s / 5.685s) | Generator RTF: 0.0414(0.235s / 5.685s)
generated_audios/generated_H3_256C_pruned70/61-70968-0034_generated.wav | RTF: 0.2668(1.129s / 4.230s) | Generator RTF: 0.2660(1.125s / 4.230s)
generated_audios/generated_H3_256C_pruned70/61-70968-0035_generated.wav | RTF: 0.2706(2.151s / 7.950s) | Generator RTF: 0.2701(2.147s / 7.950s)
generated_audios/generated_H3_256C_pruned70/61-70968-0036_generated.wav | RTF: 0.0480(0.141s / 2.935s) | Generator RTF: 0.0469(0.138s / 2.935s)
generated_audios/generated_H3_256C_pruned70/61-70968-0037_generated.wav | RTF: 0.0492(0.212s / 4.315s) | Generator RTF: 0.0483(0.209s / 4.315s)
generated_audios/generated_H3_256C_pruned70/61-70968-0038_generated.wav | RTF: 0.2781(0.570s / 2.050s) | Generator RTF: 0.2765(0.567s / 2.050s)
generated_audios/generated_H3_256C_pruned70/61-70968-0039_generated.wav | RTF: 0.2605(0.991s / 3.805s) | Generator RTF: 0.2595(0.988s / 3.805s)
generated_audios/generated_H3_256C_pruned70/61-70968-0040_generated.wav | RTF: 0.2665(1.053s / 3.950s) | Generator RTF: 0.2658(1.050s / 3.950s)
generated_audios/generated_H3_256C_pruned70/61-70968-0041_generated.wav | RTF: 0.0492(0.336s / 6.825s) | Generator RTF: 0.0486(0.332s / 6.825s)
generated_audios/generated_H3_256C_pruned70/61-70968-0042_generated.wav | RTF: 0.0493(0.137s / 2.785s) | Generator RTF: 0.0481(0.134s / 2.785s)
generated_audios/generated_H3_256C_pruned70/61-70968-0043_generated.wav | RTF: 0.2720(1.832s / 6.735s) | Generator RTF: 0.2715(1.828s / 6.735s)
generated_audios/generated_H3_256C_pruned70/61-70968-0044_generated.wav | RTF: 0.0503(0.139s / 2.770s) | Generator RTF: 0.0489(0.135s / 2.770s)
generated_audios/generated_H3_256C_pruned70/61-70968-0045_generated.wav | RTF: 0.0484(0.168s / 3.475s) | Generator RTF: 0.0474(0.165s / 3.475s)
generated_audios/generated_H3_256C_pruned70/61-70968-0046_generated.wav | RTF: 0.0475(0.169s / 3.550s) | Generator RTF: 0.0466(0.165s / 3.550s)
generated_audios/generated_H3_256C_pruned70/61-70968-0047_generated.wav | RTF: 0.2619(1.250s / 4.775s) | Generator RTF: 0.2612(1.247s / 4.775s)
generated_audios/generated_H3_256C_pruned70/61-70968-0048_generated.wav | RTF: 0.2678(0.809s / 3.020s) | Generator RTF: 0.2666(0.805s / 3.020s)
generated_audios/generated_H3_256C_pruned70/61-70968-0049_generated.wav | RTF: 0.2727(2.250s / 8.250s) | Generator RTF: 0.2723(2.246s / 8.250s)
generated_audios/generated_H3_256C_pruned70/61-70968-0050_generated.wav | RTF: 0.2668(1.489s / 5.580s) | Generator RTF: 0.2662(1.486s / 5.580s)
generated_audios/generated_H3_256C_pruned70/61-70968-0051_generated.wav | RTF: 0.2645(0.829s / 3.135s) | Generator RTF: 0.2634(0.826s / 3.135s)
generated_audios/generated_H3_256C_pruned70/61-70968-0052_generated.wav | RTF: 0.2468(0.654s / 2.650s) | Generator RTF: 0.2456(0.651s / 2.650s)
generated_audios/generated_H3_256C_pruned70/61-70968-0053_generated.wav | RTF: 0.0488(0.206s / 4.220s) | Generator RTF: 0.0480(0.202s / 4.220s)
generated_audios/generated_H3_256C_pruned70/61-70968-0054_generated.wav | RTF: 0.2675(2.103s / 7.860s) | Generator RTF: 0.2670(2.099s / 7.860s)
generated_audios/generated_H3_256C_pruned70/61-70968-0055_generated.wav | RTF: 0.0468(0.186s / 3.965s) | Generator RTF: 0.0459(0.182s / 3.965s)
generated_audios/generated_H3_256C_pruned70/61-70968-0056_generated.wav | RTF: 0.2617(0.933s / 3.565s) | Generator RTF: 0.2607(0.929s / 3.565s)
generated_audios/generated_H3_256C_pruned70/61-70968-0057_generated.wav | RTF: 0.0499(0.253s / 5.065s) | Generator RTF: 0.0492(0.249s / 5.065s)
generated_audios/generated_H3_256C_pruned70/61-70968-0058_generated.wav | RTF: 0.2586(0.471s / 1.820s) | Generator RTF: 0.2569(0.468s / 1.820s)
generated_audios/generated_H3_256C_pruned70/61-70968-0059_generated.wav | RTF: 0.0505(0.110s / 2.170s) | Generator RTF: 0.0490(0.106s / 2.170s)
generated_audios/generated_H3_256C_pruned70/61-70968-0060_generated.wav | RTF: 0.0496(0.185s / 3.735s) | Generator RTF: 0.0487(0.182s / 3.735s)
generated_audios/generated_H3_256C_pruned70/61-70968-0061_generated.wav | RTF: 0.2737(1.514s / 5.530s) | Generator RTF: 0.2731(1.510s / 5.530s)
generated_audios/generated_H3_256C_pruned70/61-70968-0062_generated.wav | RTF: 0.0506(0.129s / 2.555s) | Generator RTF: 0.0493(0.126s / 2.555s)
generated_audios/generated_H3_256C_pruned70/61-70970-0000_generated.wav | RTF: 0.2563(1.557s / 6.075s) | Generator RTF: 0.2557(1.554s / 6.075s)
generated_audios/generated_H3_256C_pruned70/61-70970-0001_generated.wav | RTF: 0.2687(1.654s / 6.155s) | Generator RTF: 0.2681(1.650s / 6.155s)
generated_audios/generated_H3_256C_pruned70/61-70970-0002_generated.wav | RTF: 0.2714(1.130s / 4.165s) | Generator RTF: 0.2704(1.126s / 4.165s)
generated_audios/generated_H3_256C_pruned70/61-70970-0003_generated.wav | RTF: 0.2632(1.009s / 3.835s) | Generator RTF: 0.2622(1.006s / 3.835s)
generated_audios/generated_H3_256C_pruned70/61-70970-0004_generated.wav | RTF: 0.2740(2.881s / 10.515s) | Generator RTF: 0.2736(2.877s / 10.515s)
generated_audios/generated_H3_256C_pruned70/61-70970-0005_generated.wav | RTF: 0.2816(0.569s / 2.020s) | Generator RTF: 0.2800(0.566s / 2.020s)
generated_audios/generated_H3_256C_pruned70/61-70970-0006_generated.wav | RTF: 0.2780(0.649s / 2.335s) | Generator RTF: 0.2766(0.646s / 2.335s)
generated_audios/generated_H3_256C_pruned70/61-70970-0007_generated.wav | RTF: 0.2774(1.244s / 4.485s) | Generator RTF: 0.2766(1.241s / 4.485s)
generated_audios/generated_H3_256C_pruned70/61-70970-0008_generated.wav | RTF: 0.2946(0.633s / 2.150s) | Generator RTF: 0.2930(0.630s / 2.150s)
generated_audios/generated_H3_256C_pruned70/61-70970-0009_generated.wav | RTF: 0.2768(0.943s / 3.405s) | Generator RTF: 0.2758(0.939s / 3.405s)
generated_audios/generated_H3_256C_pruned70/61-70970-0010_generated.wav | RTF: 0.0470(0.143s / 3.045s) | Generator RTF: 0.0460(0.140s / 3.045s)
generated_audios/generated_H3_256C_pruned70/61-70970-0011_generated.wav | RTF: 0.0447(0.271s / 6.075s) | Generator RTF: 0.0441(0.268s / 6.075s)
generated_audios/generated_H3_256C_pruned70/61-70970-0012_generated.wav | RTF: 0.0471(0.148s / 3.135s) | Generator RTF: 0.0465(0.146s / 3.135s)
generated_audios/generated_H3_256C_pruned70/61-70970-0013_generated.wav | RTF: 0.2777(1.208s / 4.350s) | Generator RTF: 0.2769(1.205s / 4.350s)
generated_audios/generated_H3_256C_pruned70/61-70970-0014_generated.wav | RTF: 0.0391(0.133s / 3.405s) | Generator RTF: 0.0381(0.130s / 3.405s)
generated_audios/generated_H3_256C_pruned70/61-70970-0015_generated.wav | RTF: 0.2765(2.326s / 8.415s) | Generator RTF: 0.2760(2.322s / 8.415s)
generated_audios/generated_H3_256C_pruned70/61-70970-0016_generated.wav | RTF: 0.2720(1.189s / 4.370s) | Generator RTF: 0.2712(1.185s / 4.370s)
generated_audios/generated_H3_256C_pruned70/61-70970-0017_generated.wav | RTF: 0.0495(0.126s / 2.550s) | Generator RTF: 0.0481(0.123s / 2.550s)
generated_audios/generated_H3_256C_pruned70/61-70970-0018_generated.wav | RTF: 0.2696(1.240s / 4.600s) | Generator RTF: 0.2688(1.237s / 4.600s)
generated_audios/generated_H3_256C_pruned70/61-70970-0019_generated.wav | RTF: 0.2726(1.030s / 3.780s) | Generator RTF: 0.2717(1.027s / 3.780s)
generated_audios/generated_H3_256C_pruned70/61-70970-0020_generated.wav | RTF: 0.0462(0.232s / 5.025s) | Generator RTF: 0.0455(0.229s / 5.025s)
generated_audios/generated_H3_256C_pruned70/61-70970-0021_generated.wav | RTF: 0.2687(1.452s / 5.405s) | Generator RTF: 0.2680(1.449s / 5.405s)
generated_audios/generated_H3_256C_pruned70/61-70970-0022_generated.wav | RTF: 0.0475(0.189s / 3.970s) | Generator RTF: 0.0463(0.184s / 3.970s)
generated_audios/generated_H3_256C_pruned70/61-70970-0023_generated.wav | RTF: 0.0464(0.172s / 3.705s) | Generator RTF: 0.0454(0.168s / 3.705s)
generated_audios/generated_H3_256C_pruned70/61-70970-0024_generated.wav | RTF: 0.2726(1.972s / 7.235s) | Generator RTF: 0.2720(1.968s / 7.235s)
generated_audios/generated_H3_256C_pruned70/61-70970-0025_generated.wav | RTF: 0.2722(2.024s / 7.435s) | Generator RTF: 0.2717(2.020s / 7.435s)
generated_audios/generated_H3_256C_pruned70/61-70970-0026_generated.wav | RTF: 0.0476(0.260s / 5.475s) | Generator RTF: 0.0469(0.257s / 5.475s)
generated_audios/generated_H3_256C_pruned70/61-70970-0027_generated.wav | RTF: 0.0469(0.238s / 5.080s) | Generator RTF: 0.0462(0.234s / 5.080s)
generated_audios/generated_H3_256C_pruned70/61-70970-0028_generated.wav | RTF: 0.0463(0.303s / 6.550s) | Generator RTF: 0.0457(0.300s / 6.550s)
generated_audios/generated_H3_256C_pruned70/61-70970-0029_generated.wav | RTF: 0.0467(0.188s / 4.030s) | Generator RTF: 0.0459(0.185s / 4.030s)
generated_audios/generated_H3_256C_pruned70/61-70970-0030_generated.wav | RTF: 0.0488(0.158s / 3.240s) | Generator RTF: 0.0478(0.155s / 3.240s)
generated_audios/generated_H3_256C_pruned70/61-70970-0031_generated.wav | RTF: 0.2702(1.388s / 5.135s) | Generator RTF: 0.2695(1.384s / 5.135s)
generated_audios/generated_H3_256C_pruned70/61-70970-0032_generated.wav | RTF: 0.0486(0.152s / 3.135s) | Generator RTF: 0.0475(0.149s / 3.135s)
generated_audios/generated_H3_256C_pruned70/61-70970-0033_generated.wav | RTF: 0.2648(0.906s / 3.420s) | Generator RTF: 0.2639(0.902s / 3.420s)
generated_audios/generated_H3_256C_pruned70/61-70970-0034_generated.wav | RTF: 0.0476(0.214s / 4.485s) | Generator RTF: 0.0468(0.210s / 4.485s)
generated_audios/generated_H3_256C_pruned70/61-70970-0035_generated.wav | RTF: 0.0467(0.346s / 7.405s) | Generator RTF: 0.0461(0.342s / 7.405s)
generated_audios/generated_H3_256C_pruned70/61-70970-0036_generated.wav | RTF: 0.0468(0.318s / 6.785s) | Generator RTF: 0.0463(0.314s / 6.785s)
generated_audios/generated_H3_256C_pruned70/61-70970-0037_generated.wav | RTF: 0.2652(1.586s / 5.980s) | Generator RTF: 0.2646(1.582s / 5.980s)
generated_audios/generated_H3_256C_pruned70/61-70970-0038_generated.wav | RTF: 0.2724(2.833s / 10.400s) | Generator RTF: 0.2719(2.828s / 10.400s)
generated_audios/generated_H3_256C_pruned70/61-70970-0039_generated.wav | RTF: 0.0478(0.318s / 6.665s) | Generator RTF: 0.0472(0.314s / 6.665s)
generated_audios/generated_H3_256C_pruned70/61-70970-0040_generated.wav | RTF: 0.0466(0.194s / 4.165s) | Generator RTF: 0.0458(0.191s / 4.165s)
generated_audios/generated_H3_256C_pruned70/672-122797-0000_generated.wav | RTF: 0.2748(1.118s / 4.070s) | Generator RTF: 0.2739(1.115s / 4.070s)
generated_audios/generated_H3_256C_pruned70/672-122797-0001_generated.wav | RTF: 0.2747(4.156s / 15.130s) | Generator RTF: 0.2744(4.151s / 15.130s)
generated_audios/generated_H3_256C_pruned70/672-122797-0002_generated.wav | RTF: 0.2730(3.718s / 13.620s) | Generator RTF: 0.2727(3.714s / 13.620s)
generated_audios/generated_H3_256C_pruned70/672-122797-0003_generated.wav | RTF: 0.2831(1.348s / 4.760s) | Generator RTF: 0.2823(1.344s / 4.760s)
generated_audios/generated_H3_256C_pruned70/672-122797-0004_generated.wav | RTF: 0.2710(2.778s / 10.250s) | Generator RTF: 0.2706(2.774s / 10.250s)
generated_audios/generated_H3_256C_pruned70/672-122797-0005_generated.wav | RTF: 0.2866(0.934s / 3.260s) | Generator RTF: 0.2855(0.931s / 3.260s)
generated_audios/generated_H3_256C_pruned70/672-122797-0006_generated.wav | RTF: 0.2805(3.913s / 13.950s) | Generator RTF: 0.2802(3.909s / 13.950s)
generated_audios/generated_H3_256C_pruned70/672-122797-0007_generated.wav | RTF: 0.2740(1.759s / 6.420s) | Generator RTF: 0.2734(1.755s / 6.420s)
generated_audios/generated_H3_256C_pruned70/672-122797-0008_generated.wav | RTF: 0.2801(8.630s / 30.810s) | Generator RTF: 0.2799(8.623s / 30.810s)
generated_audios/generated_H3_256C_pruned70/672-122797-0009_generated.wav | RTF: 0.0503(0.139s / 2.765s) | Generator RTF: 0.0491(0.136s / 2.765s)
generated_audios/generated_H3_256C_pruned70/672-122797-0010_generated.wav | RTF: 0.0462(0.176s / 3.815s) | Generator RTF: 0.0453(0.173s / 3.815s)
generated_audios/generated_H3_256C_pruned70/672-122797-0011_generated.wav | RTF: 0.2949(0.749s / 2.540s) | Generator RTF: 0.2936(0.746s / 2.540s)
generated_audios/generated_H3_256C_pruned70/672-122797-0012_generated.wav | RTF: 0.2845(2.209s / 7.765s) | Generator RTF: 0.2840(2.205s / 7.765s)
generated_audios/generated_H3_256C_pruned70/672-122797-0013_generated.wav | RTF: 0.2735(2.381s / 8.705s) | Generator RTF: 0.2730(2.376s / 8.705s)
generated_audios/generated_H3_256C_pruned70/672-122797-0014_generated.wav | RTF: 0.0506(0.129s / 2.555s) | Generator RTF: 0.0493(0.126s / 2.555s)
generated_audios/generated_H3_256C_pruned70/672-122797-0015_generated.wav | RTF: 0.0463(0.206s / 4.455s) | Generator RTF: 0.0455(0.203s / 4.455s)
generated_audios/generated_H3_256C_pruned70/672-122797-0016_generated.wav | RTF: 0.2718(2.504s / 9.215s) | Generator RTF: 0.2713(2.500s / 9.215s)
generated_audios/generated_H3_256C_pruned70/672-122797-0017_generated.wav | RTF: 0.2735(1.318s / 4.820s) | Generator RTF: 0.2728(1.315s / 4.820s)
generated_audios/generated_H3_256C_pruned70/672-122797-0018_generated.wav | RTF: 0.2708(1.335s / 4.930s) | Generator RTF: 0.2701(1.331s / 4.930s)
generated_audios/generated_H3_256C_pruned70/672-122797-0019_generated.wav | RTF: 0.2664(1.095s / 4.110s) | Generator RTF: 0.2655(1.091s / 4.110s)
generated_audios/generated_H3_256C_pruned70/672-122797-0020_generated.wav | RTF: 0.2729(2.408s / 8.825s) | Generator RTF: 0.2724(2.404s / 8.825s)
generated_audios/generated_H3_256C_pruned70/672-122797-0021_generated.wav | RTF: 0.0464(0.193s / 4.150s) | Generator RTF: 0.0456(0.189s / 4.150s)
generated_audios/generated_H3_256C_pruned70/672-122797-0022_generated.wav | RTF: 0.2774(5.272s / 19.005s) | Generator RTF: 0.2772(5.267s / 19.005s)
generated_audios/generated_H3_256C_pruned70/672-122797-0023_generated.wav | RTF: 0.2760(2.676s / 9.695s) | Generator RTF: 0.2756(2.672s / 9.695s)
generated_audios/generated_H3_256C_pruned70/672-122797-0024_generated.wav | RTF: 0.2711(1.120s / 4.130s) | Generator RTF: 0.2702(1.116s / 4.130s)
generated_audios/generated_H3_256C_pruned70/672-122797-0025_generated.wav | RTF: 0.2755(2.945s / 10.690s) | Generator RTF: 0.2751(2.941s / 10.690s)
generated_audios/generated_H3_256C_pruned70/672-122797-0026_generated.wav | RTF: 0.2744(3.830s / 13.960s) | Generator RTF: 0.2740(3.825s / 13.960s)
generated_audios/generated_H3_256C_pruned70/672-122797-0027_generated.wav | RTF: 0.0497(0.238s / 4.790s) | Generator RTF: 0.0490(0.234s / 4.790s)
generated_audios/generated_H3_256C_pruned70/672-122797-0028_generated.wav | RTF: 0.0492(0.128s / 2.610s) | Generator RTF: 0.0480(0.125s / 2.610s)
generated_audios/generated_H3_256C_pruned70/672-122797-0029_generated.wav | RTF: 0.0493(0.150s / 3.050s) | Generator RTF: 0.0482(0.147s / 3.050s)
generated_audios/generated_H3_256C_pruned70/672-122797-0030_generated.wav | RTF: 0.2670(1.221s / 4.575s) | Generator RTF: 0.2662(1.218s / 4.575s)
generated_audios/generated_H3_256C_pruned70/672-122797-0031_generated.wav | RTF: 0.0463(0.184s / 3.980s) | Generator RTF: 0.0455(0.181s / 3.980s)
generated_audios/generated_H3_256C_pruned70/672-122797-0032_generated.wav | RTF: 0.0466(0.187s / 4.000s) | Generator RTF: 0.0458(0.183s / 4.000s)
generated_audios/generated_H3_256C_pruned70/672-122797-0033_generated.wav | RTF: 0.2808(0.361s / 1.285s) | Generator RTF: 0.2784(0.358s / 1.285s)
generated_audios/generated_H3_256C_pruned70/672-122797-0034_generated.wav | RTF: 0.0481(0.246s / 5.110s) | Generator RTF: 0.0475(0.243s / 5.110s)
generated_audios/generated_H3_256C_pruned70/672-122797-0035_generated.wav | RTF: 0.0470(0.136s / 2.900s) | Generator RTF: 0.0458(0.133s / 2.900s)
generated_audios/generated_H3_256C_pruned70/672-122797-0036_generated.wav | RTF: 0.0477(0.256s / 5.365s) | Generator RTF: 0.0471(0.252s / 5.365s)
generated_audios/generated_H3_256C_pruned70/672-122797-0037_generated.wav | RTF: 0.2648(0.519s / 1.960s) | Generator RTF: 0.2632(0.516s / 1.960s)
generated_audios/generated_H3_256C_pruned70/672-122797-0038_generated.wav | RTF: 0.2702(2.378s / 8.800s) | Generator RTF: 0.2698(2.374s / 8.800s)
generated_audios/generated_H3_256C_pruned70/672-122797-0039_generated.wav | RTF: 0.2702(1.088s / 4.025s) | Generator RTF: 0.2694(1.084s / 4.025s)
generated_audios/generated_H3_256C_pruned70/672-122797-0040_generated.wav | RTF: 0.0485(0.248s / 5.125s) | Generator RTF: 0.0478(0.245s / 5.125s)
generated_audios/generated_H3_256C_pruned70/672-122797-0041_generated.wav | RTF: 0.0483(0.188s / 3.880s) | Generator RTF: 0.0474(0.184s / 3.880s)
generated_audios/generated_H3_256C_pruned70/672-122797-0042_generated.wav | RTF: 0.2743(4.199s / 15.310s) | Generator RTF: 0.2740(4.194s / 15.310s)
generated_audios/generated_H3_256C_pruned70/672-122797-0043_generated.wav | RTF: 0.0465(0.176s / 3.780s) | Generator RTF: 0.0458(0.173s / 3.780s)
generated_audios/generated_H3_256C_pruned70/672-122797-0044_generated.wav | RTF: 0.0469(0.175s / 3.740s) | Generator RTF: 0.0460(0.172s / 3.740s)
generated_audios/generated_H3_256C_pruned70/672-122797-0045_generated.wav | RTF: 0.0499(0.697s / 13.960s) | Generator RTF: 0.0496(0.692s / 13.960s)
generated_audios/generated_H3_256C_pruned70/672-122797-0046_generated.wav | RTF: 0.2672(1.260s / 4.715s) | Generator RTF: 0.2665(1.257s / 4.715s)
generated_audios/generated_H3_256C_pruned70/672-122797-0047_generated.wav | RTF: 0.2682(0.892s / 3.325s) | Generator RTF: 0.2671(0.888s / 3.325s)
generated_audios/generated_H3_256C_pruned70/672-122797-0048_generated.wav | RTF: 0.0488(0.320s / 6.555s) | Generator RTF: 0.0483(0.317s / 6.555s)
generated_audios/generated_H3_256C_pruned70/672-122797-0049_generated.wav | RTF: 0.0521(0.105s / 2.020s) | Generator RTF: 0.0507(0.102s / 2.020s)
generated_audios/generated_H3_256C_pruned70/672-122797-0050_generated.wav | RTF: 0.2770(1.345s / 4.855s) | Generator RTF: 0.2762(1.341s / 4.855s)
generated_audios/generated_H3_256C_pruned70/672-122797-0051_generated.wav | RTF: 0.2728(1.273s / 4.665s) | Generator RTF: 0.2721(1.269s / 4.665s)
generated_audios/generated_H3_256C_pruned70/672-122797-0052_generated.wav | RTF: 0.2718(1.165s / 4.285s) | Generator RTF: 0.2709(1.161s / 4.285s)
generated_audios/generated_H3_256C_pruned70/672-122797-0053_generated.wav | RTF: 0.0480(0.142s / 2.955s) | Generator RTF: 0.0469(0.139s / 2.955s)
generated_audios/generated_H3_256C_pruned70/672-122797-0054_generated.wav | RTF: 0.0464(0.197s / 4.250s) | Generator RTF: 0.0456(0.194s / 4.250s)
generated_audios/generated_H3_256C_pruned70/672-122797-0055_generated.wav | RTF: 0.2744(2.259s / 8.230s) | Generator RTF: 0.2740(2.255s / 8.230s)
generated_audios/generated_H3_256C_pruned70/672-122797-0056_generated.wav | RTF: 0.0489(0.255s / 5.225s) | Generator RTF: 0.0482(0.252s / 5.225s)
generated_audios/generated_H3_256C_pruned70/672-122797-0057_generated.wav | RTF: 0.0462(0.303s / 6.560s) | Generator RTF: 0.0457(0.300s / 6.560s)
generated_audios/generated_H3_256C_pruned70/672-122797-0058_generated.wav | RTF: 0.2809(1.256s / 4.470s) | Generator RTF: 0.2802(1.252s / 4.470s)
generated_audios/generated_H3_256C_pruned70/672-122797-0059_generated.wav | RTF: 0.2744(0.966s / 3.520s) | Generator RTF: 0.2734(0.963s / 3.520s)
generated_audios/generated_H3_256C_pruned70/672-122797-0060_generated.wav | RTF: 0.0494(0.165s / 3.350s) | Generator RTF: 0.0485(0.162s / 3.350s)
generated_audios/generated_H3_256C_pruned70/672-122797-0061_generated.wav | RTF: 0.2714(2.060s / 7.590s) | Generator RTF: 0.2709(2.056s / 7.590s)
generated_audios/generated_H3_256C_pruned70/672-122797-0062_generated.wav | RTF: 0.2761(0.739s / 2.675s) | Generator RTF: 0.2748(0.735s / 2.675s)
generated_audios/generated_H3_256C_pruned70/672-122797-0063_generated.wav | RTF: 0.0468(0.237s / 5.075s) | Generator RTF: 0.0460(0.233s / 5.075s)
generated_audios/generated_H3_256C_pruned70/672-122797-0064_generated.wav | RTF: 0.2768(4.227s / 15.270s) | Generator RTF: 0.2765(4.222s / 15.270s)
generated_audios/generated_H3_256C_pruned70/672-122797-0065_generated.wav | RTF: 0.0475(0.144s / 3.030s) | Generator RTF: 0.0466(0.141s / 3.030s)
generated_audios/generated_H3_256C_pruned70/672-122797-0066_generated.wav | RTF: 0.0467(0.225s / 4.815s) | Generator RTF: 0.0461(0.222s / 4.815s)
generated_audios/generated_H3_256C_pruned70/672-122797-0067_generated.wav | RTF: 0.2743(3.576s / 13.035s) | Generator RTF: 0.2740(3.571s / 13.035s)
generated_audios/generated_H3_256C_pruned70/672-122797-0068_generated.wav | RTF: 0.0485(0.195s / 4.020s) | Generator RTF: 0.0478(0.192s / 4.020s)
generated_audios/generated_H3_256C_pruned70/672-122797-0069_generated.wav | RTF: 0.2748(1.377s / 5.010s) | Generator RTF: 0.2742(1.374s / 5.010s)
generated_audios/generated_H3_256C_pruned70/672-122797-0070_generated.wav | RTF: 0.2732(1.713s / 6.270s) | Generator RTF: 0.2726(1.709s / 6.270s)
generated_audios/generated_H3_256C_pruned70/672-122797-0071_generated.wav | RTF: 0.2769(2.457s / 8.875s) | Generator RTF: 0.2764(2.453s / 8.875s)
generated_audios/generated_H3_256C_pruned70/672-122797-0072_generated.wav | RTF: 0.2717(2.158s / 7.940s) | Generator RTF: 0.2712(2.154s / 7.940s)
generated_audios/generated_H3_256C_pruned70/672-122797-0073_generated.wav | RTF: 0.2734(2.244s / 8.205s) | Generator RTF: 0.2729(2.240s / 8.205s)
generated_audios/generated_H3_256C_pruned70/672-122797-0074_generated.wav | RTF: 0.2719(2.373s / 8.730s) | Generator RTF: 0.2714(2.369s / 8.730s)
generated_audios/generated_H3_256C_pruned70/908-157963-0000_generated.wav | RTF: 0.2723(3.436s / 12.620s) | Generator RTF: 0.2720(3.432s / 12.620s)
generated_audios/generated_H3_256C_pruned70/908-157963-0001_generated.wav | RTF: 0.2759(0.796s / 2.885s) | Generator RTF: 0.2749(0.793s / 2.885s)
generated_audios/generated_H3_256C_pruned70/908-157963-0002_generated.wav | RTF: 0.2614(0.720s / 2.755s) | Generator RTF: 0.2604(0.717s / 2.755s)
generated_audios/generated_H3_256C_pruned70/908-157963-0003_generated.wav | RTF: 0.2713(0.836s / 3.080s) | Generator RTF: 0.2701(0.832s / 3.080s)
generated_audios/generated_H3_256C_pruned70/908-157963-0004_generated.wav | RTF: 0.2752(3.851s / 13.990s) | Generator RTF: 0.2749(3.846s / 13.990s)
generated_audios/generated_H3_256C_pruned70/908-157963-0005_generated.wav | RTF: 0.2732(1.922s / 7.035s) | Generator RTF: 0.2727(1.919s / 7.035s)
generated_audios/generated_H3_256C_pruned70/908-157963-0006_generated.wav | RTF: 0.2742(2.224s / 8.110s) | Generator RTF: 0.2737(2.220s / 8.110s)
generated_audios/generated_H3_256C_pruned70/908-157963-0007_generated.wav | RTF: 0.2789(9.138s / 32.770s) | Generator RTF: 0.2786(9.130s / 32.770s)
generated_audios/generated_H3_256C_pruned70/908-157963-0008_generated.wav | RTF: 0.2756(5.499s / 19.950s) | Generator RTF: 0.2754(5.493s / 19.950s)
generated_audios/generated_H3_256C_pruned70/908-157963-0009_generated.wav | RTF: 0.2715(1.102s / 4.060s) | Generator RTF: 0.2708(1.099s / 4.060s)
generated_audios/generated_H3_256C_pruned70/908-157963-0010_generated.wav | RTF: 0.0467(0.293s / 6.280s) | Generator RTF: 0.0461(0.289s / 6.280s)
generated_audios/generated_H3_256C_pruned70/908-157963-0011_generated.wav | RTF: 0.0474(0.493s / 10.395s) | Generator RTF: 0.0470(0.489s / 10.395s)
generated_audios/generated_H3_256C_pruned70/908-157963-0012_generated.wav | RTF: 0.2750(2.775s / 10.090s) | Generator RTF: 0.2746(2.770s / 10.090s)
generated_audios/generated_H3_256C_pruned70/908-157963-0013_generated.wav | RTF: 0.0463(0.200s / 4.315s) | Generator RTF: 0.0455(0.196s / 4.315s)
generated_audios/generated_H3_256C_pruned70/908-157963-0014_generated.wav | RTF: 0.0472(0.213s / 4.520s) | Generator RTF: 0.0463(0.209s / 4.520s)
generated_audios/generated_H3_256C_pruned70/908-157963-0015_generated.wav | RTF: 0.2747(3.973s / 14.465s) | Generator RTF: 0.2744(3.969s / 14.465s)
generated_audios/generated_H3_256C_pruned70/908-157963-0016_generated.wav | RTF: 0.0476(0.243s / 5.105s) | Generator RTF: 0.0469(0.239s / 5.105s)
generated_audios/generated_H3_256C_pruned70/908-157963-0017_generated.wav | RTF: 0.2665(1.319s / 4.950s) | Generator RTF: 0.2658(1.316s / 4.950s)
generated_audios/generated_H3_256C_pruned70/908-157963-0018_generated.wav | RTF: 0.0491(0.209s / 4.255s) | Generator RTF: 0.0483(0.206s / 4.255s)
generated_audios/generated_H3_256C_pruned70/908-157963-0019_generated.wav | RTF: 0.2783(5.967s / 21.440s) | Generator RTF: 0.2781(5.962s / 21.440s)
generated_audios/generated_H3_256C_pruned70/908-157963-0020_generated.wav | RTF: 0.2762(2.707s / 9.800s) | Generator RTF: 0.2758(2.703s / 9.800s)
generated_audios/generated_H3_256C_pruned70/908-157963-0021_generated.wav | RTF: 0.0501(0.513s / 10.240s) | Generator RTF: 0.0496(0.508s / 10.240s)
generated_audios/generated_H3_256C_pruned70/908-157963-0022_generated.wav | RTF: 0.2805(1.293s / 4.610s) | Generator RTF: 0.2798(1.290s / 4.610s)
generated_audios/generated_H3_256C_pruned70/908-157963-0023_generated.wav | RTF: 0.2763(2.659s / 9.625s) | Generator RTF: 0.2759(2.655s / 9.625s)
generated_audios/generated_H3_256C_pruned70/908-157963-0024_generated.wav | RTF: 0.2733(0.940s / 3.440s) | Generator RTF: 0.2723(0.937s / 3.440s)
generated_audios/generated_H3_256C_pruned70/908-157963-0025_generated.wav | RTF: 0.2728(2.527s / 9.265s) | Generator RTF: 0.2724(2.523s / 9.265s)
generated_audios/generated_H3_256C_pruned70/908-157963-0026_generated.wav | RTF: 0.2753(2.230s / 8.100s) | Generator RTF: 0.2748(2.226s / 8.100s)
generated_audios/generated_H3_256C_pruned70/908-157963-0027_generated.wav | RTF: 0.0473(0.247s / 5.225s) | Generator RTF: 0.0465(0.243s / 5.225s)
generated_audios/generated_H3_256C_pruned70/908-157963-0028_generated.wav | RTF: 0.0456(0.226s / 4.955s) | Generator RTF: 0.0449(0.222s / 4.955s)
generated_audios/generated_H3_256C_pruned70/908-157963-0029_generated.wav | RTF: 0.2697(0.979s / 3.630s) | Generator RTF: 0.2688(0.976s / 3.630s)
generated_audios/generated_H3_256C_pruned70/908-157963-0030_generated.wav | RTF: 0.0466(0.210s / 4.520s) | Generator RTF: 0.0458(0.207s / 4.520s)
generated_audios/generated_H3_256C_pruned70/908-31957-0000_generated.wav | RTF: 0.2685(0.571s / 2.125s) | Generator RTF: 0.2671(0.568s / 2.125s)
generated_audios/generated_H3_256C_pruned70/908-31957-0001_generated.wav | RTF: 0.2743(3.104s / 11.315s) | Generator RTF: 0.2739(3.100s / 11.315s)
generated_audios/generated_H3_256C_pruned70/908-31957-0002_generated.wav | RTF: 0.0466(0.223s / 4.790s) | Generator RTF: 0.0458(0.220s / 4.790s)
generated_audios/generated_H3_256C_pruned70/908-31957-0003_generated.wav | RTF: 0.0475(0.312s / 6.565s) | Generator RTF: 0.0469(0.308s / 6.565s)
generated_audios/generated_H3_256C_pruned70/908-31957-0004_generated.wav | RTF: 0.2780(4.101s / 14.755s) | Generator RTF: 0.2777(4.097s / 14.755s)
generated_audios/generated_H3_256C_pruned70/908-31957-0005_generated.wav | RTF: 0.0471(0.212s / 4.490s) | Generator RTF: 0.0464(0.208s / 4.490s)
generated_audios/generated_H3_256C_pruned70/908-31957-0006_generated.wav | RTF: 0.2657(1.565s / 5.890s) | Generator RTF: 0.2650(1.561s / 5.890s)
generated_audios/generated_H3_256C_pruned70/908-31957-0007_generated.wav | RTF: 0.0459(0.266s / 5.800s) | Generator RTF: 0.0453(0.263s / 5.800s)
generated_audios/generated_H3_256C_pruned70/908-31957-0008_generated.wav | RTF: 0.2730(2.731s / 10.005s) | Generator RTF: 0.2725(2.727s / 10.005s)
generated_audios/generated_H3_256C_pruned70/908-31957-0009_generated.wav | RTF: 0.2698(2.079s / 7.705s) | Generator RTF: 0.2692(2.074s / 7.705s)
generated_audios/generated_H3_256C_pruned70/908-31957-0010_generated.wav | RTF: 0.2663(0.668s / 2.510s) | Generator RTF: 0.2650(0.665s / 2.510s)
generated_audios/generated_H3_256C_pruned70/908-31957-0011_generated.wav | RTF: 0.0508(0.119s / 2.335s) | Generator RTF: 0.0494(0.115s / 2.335s)
generated_audios/generated_H3_256C_pruned70/908-31957-0012_generated.wav | RTF: 0.2729(2.078s / 7.615s) | Generator RTF: 0.2724(2.074s / 7.615s)
generated_audios/generated_H3_256C_pruned70/908-31957-0013_generated.wav | RTF: 0.2749(1.699s / 6.180s) | Generator RTF: 0.2742(1.695s / 6.180s)
generated_audios/generated_H3_256C_pruned70/908-31957-0014_generated.wav | RTF: 0.2708(2.047s / 7.560s) | Generator RTF: 0.2702(2.043s / 7.560s)
generated_audios/generated_H3_256C_pruned70/908-31957-0015_generated.wav | RTF: 0.2795(5.999s / 21.465s) | Generator RTF: 0.2792(5.993s / 21.465s)
generated_audios/generated_H3_256C_pruned70/908-31957-0016_generated.wav | RTF: 0.2695(1.746s / 6.480s) | Generator RTF: 0.2689(1.743s / 6.480s)
generated_audios/generated_H3_256C_pruned70/908-31957-0017_generated.wav | RTF: 0.2634(2.053s / 7.795s) | Generator RTF: 0.2630(2.050s / 7.795s)
generated_audios/generated_H3_256C_pruned70/908-31957-0018_generated.wav | RTF: 0.2590(1.014s / 3.915s) | Generator RTF: 0.2581(1.010s / 3.915s)
generated_audios/generated_H3_256C_pruned70/908-31957-0019_generated.wav | RTF: 0.2713(2.588s / 9.540s) | Generator RTF: 0.2709(2.584s / 9.540s)
generated_audios/generated_H3_256C_pruned70/908-31957-0020_generated.wav | RTF: 0.0489(0.289s / 5.895s) | Generator RTF: 0.0483(0.285s / 5.895s)
generated_audios/generated_H3_256C_pruned70/908-31957-0021_generated.wav | RTF: 0.2690(2.934s / 10.905s) | Generator RTF: 0.2686(2.929s / 10.905s)
generated_audios/generated_H3_256C_pruned70/908-31957-0022_generated.wav | RTF: 0.2735(3.856s / 14.100s) | Generator RTF: 0.2731(3.851s / 14.100s)
generated_audios/generated_H3_256C_pruned70/908-31957-0023_generated.wav | RTF: 0.2701(2.300s / 8.515s) | Generator RTF: 0.2696(2.296s / 8.515s)
generated_audios/generated_H3_256C_pruned70/908-31957-0024_generated.wav | RTF: 0.2712(2.045s / 7.540s) | Generator RTF: 0.2706(2.040s / 7.540s)
generated_audios/generated_H3_256C_pruned70/908-31957-0025_generated.wav | RTF: 0.2952(6.069s / 20.560s) | Generator RTF: 0.2949(6.064s / 20.560s)
Average RTF: 0.2221(701.657s / 3159.849s)
Average Generator RTF: 0.2215(699.756s / 3159.849s)
Evaluation summary:
  Mel-spectrogram L1: 0.341317
  PESQ: 2.088202
  STOI: 0.918623
Appended per-audio metrics to CSV: per_audio_results/H3_256C_Physical_pruning

Appended metrics to CSV: experiments_results.csv
========== H4: pruning 30% + quantize ==========
Initializing Inference Process..
Using device: cpu (baseline and quantized inference both run on CPU)
Quantization enabled: forcing CPU inference for INT8 model.
Loading '/home/hpc/vlbi/vlbi107v/hifi-gan/cp_hifigan/v1_c256_physical30/g_00265000'
Complete.
Checkpoint contains plain conv weights. Removing weight_norm wrappers before loading...
Removing weight norm...
Removing weight norm...
Calibrating static quantization using 50 samples...
INT8 quantization scope: resblocks_range
Quantizing residual blocks 3..8; all other layers stay FP32.
Checking quantized modules after static quantization:
Quantized module: resblocks.3.convs1.0 (torch.ao.nn.quantized.modules.conv.Conv1d)
Quantized module: resblocks.3.convs1.1 (torch.ao.nn.quantized.modules.conv.Conv1d)
Quantized module: resblocks.3.convs1.2 (torch.ao.nn.quantized.modules.conv.Conv1d)
Quantized module: resblocks.3.convs2.0 (torch.ao.nn.quantized.modules.conv.Conv1d)
Quantized module: resblocks.3.convs2.1 (torch.ao.nn.quantized.modules.conv.Conv1d)
Quantized module: resblocks.3.convs2.2 (torch.ao.nn.quantized.modules.conv.Conv1d)
Quantized module: resblocks.4.convs1.0 (torch.ao.nn.quantized.modules.conv.Conv1d)
Quantized module: resblocks.4.convs1.1 (torch.ao.nn.quantized.modules.conv.Conv1d)
Quantized module: resblocks.4.convs1.2 (torch.ao.nn.quantized.modules.conv.Conv1d)
Quantized module: resblocks.4.convs2.0 (torch.ao.nn.quantized.modules.conv.Conv1d)
Quantized module: resblocks.4.convs2.1 (torch.ao.nn.quantized.modules.conv.Conv1d)
Quantized module: resblocks.4.convs2.2 (torch.ao.nn.quantized.modules.conv.Conv1d)
Quantized module: resblocks.5.convs1.0 (torch.ao.nn.quantized.modules.conv.Conv1d)
Quantized module: resblocks.5.convs1.1 (torch.ao.nn.quantized.modules.conv.Conv1d)
Quantized module: resblocks.5.convs1.2 (torch.ao.nn.quantized.modules.conv.Conv1d)
Quantized module: resblocks.5.convs2.0 (torch.ao.nn.quantized.modules.conv.Conv1d)
Quantized module: resblocks.5.convs2.1 (torch.ao.nn.quantized.modules.conv.Conv1d)
Quantized module: resblocks.5.convs2.2 (torch.ao.nn.quantized.modules.conv.Conv1d)
Quantized module: resblocks.6.convs1.0 (torch.ao.nn.quantized.modules.conv.Conv1d)
Quantized module: resblocks.6.convs1.1 (torch.ao.nn.quantized.modules.conv.Conv1d)
Quantized module: resblocks.6.convs1.2 (torch.ao.nn.quantized.modules.conv.Conv1d)
Quantized module: resblocks.6.convs2.0 (torch.ao.nn.quantized.modules.conv.Conv1d)
Quantized module: resblocks.6.convs2.1 (torch.ao.nn.quantized.modules.conv.Conv1d)
Quantized module: resblocks.6.convs2.2 (torch.ao.nn.quantized.modules.conv.Conv1d)
Quantized module: resblocks.7.convs1.0 (torch.ao.nn.quantized.modules.conv.Conv1d)
Quantized module: resblocks.7.convs1.1 (torch.ao.nn.quantized.modules.conv.Conv1d)
Quantized module: resblocks.7.convs1.2 (torch.ao.nn.quantized.modules.conv.Conv1d)
Quantized module: resblocks.7.convs2.0 (torch.ao.nn.quantized.modules.conv.Conv1d)
Quantized module: resblocks.7.convs2.1 (torch.ao.nn.quantized.modules.conv.Conv1d)
Quantized module: resblocks.7.convs2.2 (torch.ao.nn.quantized.modules.conv.Conv1d)
Quantized module: resblocks.8.convs1.0 (torch.ao.nn.quantized.modules.conv.Conv1d)
Quantized module: resblocks.8.convs1.1 (torch.ao.nn.quantized.modules.conv.Conv1d)
Quantized module: resblocks.8.convs1.2 (torch.ao.nn.quantized.modules.conv.Conv1d)
Quantized module: resblocks.8.convs2.0 (torch.ao.nn.quantized.modules.conv.Conv1d)
Quantized module: resblocks.8.convs2.1 (torch.ao.nn.quantized.modules.conv.Conv1d)
Quantized module: resblocks.8.convs2.2 (torch.ao.nn.quantized.modules.conv.Conv1d)
Saving checkpoint to /home/hpc/vlbi/vlbi107v/hifi-gan/cp_hifigan/v1_c256_physical30/compressed_checkpoint_int8
Complete.
Saved compressed checkpoint: /home/hpc/vlbi/vlbi107v/hifi-gan/cp_hifigan/v1_c256_physical30/compressed_checkpoint_int8 (9.293 MB)
Compressed checkpoint parameters: 2,738,665
Loaded checkpoint: /home/hpc/vlbi/vlbi107v/hifi-gan/cp_hifigan/v1_c256_physical30/g_00265000 (10.497 MB)
Generator parameters: 2,738,665
generated_audios/generated_H4_256C_pruned30_int8/1089-134686-0000_generated.wav | RTF: 0.0538(0.561s / 10.435s) | Generator RTF: 0.0534(0.557s / 10.435s)
generated_audios/generated_H4_256C_pruned30_int8/1089-134686-0001_generated.wav | RTF: 0.0505(0.165s / 3.275s) | Generator RTF: 0.0495(0.162s / 3.275s)
generated_audios/generated_H4_256C_pruned30_int8/1089-134686-0002_generated.wav | RTF: 0.0529(0.350s / 6.625s) | Generator RTF: 0.0523(0.347s / 6.625s)
generated_audios/generated_H4_256C_pruned30_int8/1089-134686-0003_generated.wav | RTF: 0.0526(0.141s / 2.680s) | Generator RTF: 0.0513(0.138s / 2.680s)
generated_audios/generated_H4_256C_pruned30_int8/1089-134686-0004_generated.wav | RTF: 0.0506(0.264s / 5.215s) | Generator RTF: 0.0499(0.260s / 5.215s)
generated_audios/generated_H4_256C_pruned30_int8/1089-134686-0005_generated.wav | RTF: 0.0533(0.513s / 9.635s) | Generator RTF: 0.0528(0.509s / 9.635s)
generated_audios/generated_H4_256C_pruned30_int8/1089-134686-0006_generated.wav | RTF: 0.0545(0.575s / 10.555s) | Generator RTF: 0.0541(0.571s / 10.555s)
generated_audios/generated_H4_256C_pruned30_int8/1089-134686-0007_generated.wav | RTF: 0.0508(0.217s / 4.275s) | Generator RTF: 0.0500(0.214s / 4.275s)
generated_audios/generated_H4_256C_pruned30_int8/1089-134686-0008_generated.wav | RTF: 0.0509(0.343s / 6.730s) | Generator RTF: 0.0504(0.339s / 6.730s)
generated_audios/generated_H4_256C_pruned30_int8/1089-134686-0009_generated.wav | RTF: 0.0522(0.552s / 10.575s) | Generator RTF: 0.0519(0.549s / 10.575s)
generated_audios/generated_H4_256C_pruned30_int8/1089-134686-0010_generated.wav | RTF: 0.0518(0.228s / 4.405s) | Generator RTF: 0.0511(0.225s / 4.405s)
generated_audios/generated_H4_256C_pruned30_int8/1089-134686-0011_generated.wav | RTF: 0.0542(0.674s / 12.445s) | Generator RTF: 0.0539(0.670s / 12.445s)
generated_audios/generated_H4_256C_pruned30_int8/1089-134686-0012_generated.wav | RTF: 0.0530(0.617s / 11.640s) | Generator RTF: 0.0527(0.613s / 11.640s)
generated_audios/generated_H4_256C_pruned30_int8/1089-134686-0013_generated.wav | RTF: 0.0515(0.408s / 7.915s) | Generator RTF: 0.0510(0.404s / 7.915s)
generated_audios/generated_H4_256C_pruned30_int8/1089-134686-0014_generated.wav | RTF: 0.0532(0.118s / 2.225s) | Generator RTF: 0.0517(0.115s / 2.225s)
generated_audios/generated_H4_256C_pruned30_int8/1089-134686-0015_generated.wav | RTF: 0.0505(0.293s / 5.815s) | Generator RTF: 0.0499(0.290s / 5.815s)
generated_audios/generated_H4_256C_pruned30_int8/1089-134686-0016_generated.wav | RTF: 0.0513(0.181s / 3.540s) | Generator RTF: 0.0503(0.178s / 3.540s)
generated_audios/generated_H4_256C_pruned30_int8/1089-134686-0017_generated.wav | RTF: 0.0517(0.459s / 8.870s) | Generator RTF: 0.0513(0.455s / 8.870s)
generated_audios/generated_H4_256C_pruned30_int8/1089-134686-0018_generated.wav | RTF: 0.0617(0.970s / 15.720s) | Generator RTF: 0.0614(0.965s / 15.720s)
generated_audios/generated_H4_256C_pruned30_int8/1089-134686-0019_generated.wav | RTF: 0.0606(0.842s / 13.895s) | Generator RTF: 0.0603(0.838s / 13.895s)
generated_audios/generated_H4_256C_pruned30_int8/1089-134686-0020_generated.wav | RTF: 0.0620(1.041s / 16.790s) | Generator RTF: 0.0617(1.036s / 16.790s)
generated_audios/generated_H4_256C_pruned30_int8/1089-134686-0021_generated.wav | RTF: 0.0520(0.341s / 6.550s) | Generator RTF: 0.0515(0.338s / 6.550s)
generated_audios/generated_H4_256C_pruned30_int8/1089-134686-0022_generated.wav | RTF: 0.0532(0.595s / 11.175s) | Generator RTF: 0.0529(0.591s / 11.175s)
generated_audios/generated_H4_256C_pruned30_int8/1089-134686-0023_generated.wav | RTF: 0.0600(0.796s / 13.275s) | Generator RTF: 0.0597(0.792s / 13.275s)
generated_audios/generated_H4_256C_pruned30_int8/1089-134686-0024_generated.wav | RTF: 0.0540(0.629s / 11.655s) | Generator RTF: 0.0536(0.625s / 11.655s)
generated_audios/generated_H4_256C_pruned30_int8/1089-134686-0025_generated.wav | RTF: 0.0515(0.341s / 6.610s) | Generator RTF: 0.0510(0.337s / 6.610s)
generated_audios/generated_H4_256C_pruned30_int8/1089-134686-0026_generated.wav | RTF: 0.0503(0.202s / 4.010s) | Generator RTF: 0.0494(0.198s / 4.010s)
generated_audios/generated_H4_256C_pruned30_int8/1089-134686-0027_generated.wav | RTF: 0.0529(0.143s / 2.710s) | Generator RTF: 0.0518(0.140s / 2.710s)
generated_audios/generated_H4_256C_pruned30_int8/1089-134686-0028_generated.wav | RTF: 0.0520(0.407s / 7.830s) | Generator RTF: 0.0515(0.403s / 7.830s)
generated_audios/generated_H4_256C_pruned30_int8/1089-134686-0029_generated.wav | RTF: 0.0517(0.242s / 4.670s) | Generator RTF: 0.0510(0.238s / 4.670s)
generated_audios/generated_H4_256C_pruned30_int8/1089-134686-0030_generated.wav | RTF: 0.0468(0.127s / 2.715s) | Generator RTF: 0.0457(0.124s / 2.715s)
generated_audios/generated_H4_256C_pruned30_int8/1089-134686-0031_generated.wav | RTF: 0.0464(0.307s / 6.615s) | Generator RTF: 0.0459(0.303s / 6.615s)
generated_audios/generated_H4_256C_pruned30_int8/121-121726-0000_generated.wav | RTF: 0.0522(0.442s / 8.460s) | Generator RTF: 0.0518(0.438s / 8.460s)
generated_audios/generated_H4_256C_pruned30_int8/121-121726-0001_generated.wav | RTF: 0.0517(0.306s / 5.925s) | Generator RTF: 0.0511(0.303s / 5.925s)
generated_audios/generated_H4_256C_pruned30_int8/121-121726-0002_generated.wav | RTF: 0.0494(0.218s / 4.410s) | Generator RTF: 0.0486(0.214s / 4.410s)
generated_audios/generated_H4_256C_pruned30_int8/121-121726-0003_generated.wav | RTF: 0.0513(0.347s / 6.755s) | Generator RTF: 0.0508(0.343s / 6.755s)
generated_audios/generated_H4_256C_pruned30_int8/121-121726-0004_generated.wav | RTF: 0.0510(0.205s / 4.020s) | Generator RTF: 0.0502(0.202s / 4.020s)
generated_audios/generated_H4_256C_pruned30_int8/121-121726-0005_generated.wav | RTF: 0.0516(0.160s / 3.100s) | Generator RTF: 0.0505(0.156s / 3.100s)
generated_audios/generated_H4_256C_pruned30_int8/121-121726-0006_generated.wav | RTF: 0.0501(0.195s / 3.895s) | Generator RTF: 0.0492(0.192s / 3.895s)
generated_audios/generated_H4_256C_pruned30_int8/121-121726-0007_generated.wav | RTF: 0.0509(0.343s / 6.730s) | Generator RTF: 0.0506(0.340s / 6.730s)
generated_audios/generated_H4_256C_pruned30_int8/121-121726-0008_generated.wav | RTF: 0.0528(0.263s / 4.990s) | Generator RTF: 0.0521(0.260s / 4.990s)
generated_audios/generated_H4_256C_pruned30_int8/121-121726-0009_generated.wav | RTF: 0.0522(0.379s / 7.260s) | Generator RTF: 0.0517(0.376s / 7.260s)
generated_audios/generated_H4_256C_pruned30_int8/121-121726-0010_generated.wav | RTF: 0.0547(0.536s / 9.810s) | Generator RTF: 0.0542(0.532s / 9.810s)
generated_audios/generated_H4_256C_pruned30_int8/121-121726-0011_generated.wav | RTF: 0.0502(0.202s / 4.035s) | Generator RTF: 0.0494(0.199s / 4.035s)
generated_audios/generated_H4_256C_pruned30_int8/121-121726-0012_generated.wav | RTF: 0.0505(0.204s / 4.045s) | Generator RTF: 0.0497(0.201s / 4.045s)
generated_audios/generated_H4_256C_pruned30_int8/121-121726-0013_generated.wav | RTF: 0.0527(0.131s / 2.490s) | Generator RTF: 0.0515(0.128s / 2.490s)
generated_audios/generated_H4_256C_pruned30_int8/121-121726-0014_generated.wav | RTF: 0.0516(0.163s / 3.165s) | Generator RTF: 0.0506(0.160s / 3.165s)
generated_audios/generated_H4_256C_pruned30_int8/121-123852-0000_generated.wav | RTF: 0.0614(1.086s / 17.695s) | Generator RTF: 0.0611(1.081s / 17.695s)
generated_audios/generated_H4_256C_pruned30_int8/121-123852-0001_generated.wav | RTF: 0.0551(0.103s / 1.870s) | Generator RTF: 0.0532(0.100s / 1.870s)
generated_audios/generated_H4_256C_pruned30_int8/121-123852-0002_generated.wav | RTF: 0.0603(1.042s / 17.285s) | Generator RTF: 0.0600(1.037s / 17.285s)
generated_audios/generated_H4_256C_pruned30_int8/121-123852-0003_generated.wav | RTF: 0.2750(6.463s / 23.505s) | Generator RTF: 0.2747(6.457s / 23.505s)
generated_audios/generated_H4_256C_pruned30_int8/121-123852-0004_generated.wav | RTF: 0.2732(4.451s / 16.290s) | Generator RTF: 0.2730(4.446s / 16.290s)
generated_audios/generated_H4_256C_pruned30_int8/121-123859-0000_generated.wav | RTF: 0.2729(4.745s / 17.390s) | Generator RTF: 0.2726(4.740s / 17.390s)
generated_audios/generated_H4_256C_pruned30_int8/121-123859-0001_generated.wav | RTF: 0.2923(7.422s / 25.395s) | Generator RTF: 0.2920(7.417s / 25.395s)
generated_audios/generated_H4_256C_pruned30_int8/121-123859-0002_generated.wav | RTF: 0.2981(8.954s / 30.040s) | Generator RTF: 0.2978(8.947s / 30.040s)
generated_audios/generated_H4_256C_pruned30_int8/121-123859-0003_generated.wav | RTF: 0.2475(2.680s / 10.825s) | Generator RTF: 0.2472(2.676s / 10.825s)
generated_audios/generated_H4_256C_pruned30_int8/121-123859-0004_generated.wav | RTF: 0.2482(2.359s / 9.505s) | Generator RTF: 0.2478(2.355s / 9.505s)
generated_audios/generated_H4_256C_pruned30_int8/121-127105-0000_generated.wav | RTF: 0.2580(2.548s / 9.875s) | Generator RTF: 0.2576(2.544s / 9.875s)
generated_audios/generated_H4_256C_pruned30_int8/121-127105-0001_generated.wav | RTF: 0.2386(1.199s / 5.025s) | Generator RTF: 0.2379(1.195s / 5.025s)
generated_audios/generated_H4_256C_pruned30_int8/121-127105-0002_generated.wav | RTF: 0.2413(1.808s / 7.495s) | Generator RTF: 0.2407(1.804s / 7.495s)
generated_audios/generated_H4_256C_pruned30_int8/121-127105-0003_generated.wav | RTF: 0.2467(1.906s / 7.725s) | Generator RTF: 0.2462(1.902s / 7.725s)
generated_audios/generated_H4_256C_pruned30_int8/121-127105-0004_generated.wav | RTF: 0.2494(0.526s / 2.110s) | Generator RTF: 0.2480(0.523s / 2.110s)
generated_audios/generated_H4_256C_pruned30_int8/121-127105-0005_generated.wav | RTF: 0.2439(1.420s / 5.820s) | Generator RTF: 0.2433(1.416s / 5.820s)
generated_audios/generated_H4_256C_pruned30_int8/121-127105-0006_generated.wav | RTF: 0.2389(1.129s / 4.725s) | Generator RTF: 0.2381(1.125s / 4.725s)
generated_audios/generated_H4_256C_pruned30_int8/121-127105-0007_generated.wav | RTF: 0.2413(1.397s / 5.790s) | Generator RTF: 0.2407(1.394s / 5.790s)
generated_audios/generated_H4_256C_pruned30_int8/121-127105-0008_generated.wav | RTF: 0.2378(0.656s / 2.760s) | Generator RTF: 0.2366(0.653s / 2.760s)
generated_audios/generated_H4_256C_pruned30_int8/121-127105-0009_generated.wav | RTF: 0.2426(0.556s / 2.290s) | Generator RTF: 0.2413(0.553s / 2.290s)
generated_audios/generated_H4_256C_pruned30_int8/121-127105-0010_generated.wav | RTF: 0.2446(0.697s / 2.850s) | Generator RTF: 0.2435(0.694s / 2.850s)
generated_audios/generated_H4_256C_pruned30_int8/121-127105-0011_generated.wav | RTF: 0.2426(1.402s / 5.780s) | Generator RTF: 0.2420(1.399s / 5.780s)
generated_audios/generated_H4_256C_pruned30_int8/121-127105-0012_generated.wav | RTF: 0.2407(1.163s / 4.830s) | Generator RTF: 0.2401(1.160s / 4.830s)
generated_audios/generated_H4_256C_pruned30_int8/121-127105-0013_generated.wav | RTF: 0.2411(1.421s / 5.895s) | Generator RTF: 0.2405(1.418s / 5.895s)
generated_audios/generated_H4_256C_pruned30_int8/121-127105-0014_generated.wav | RTF: 0.2465(0.556s / 2.255s) | Generator RTF: 0.2451(0.553s / 2.255s)
generated_audios/generated_H4_256C_pruned30_int8/121-127105-0015_generated.wav | RTF: 0.2426(0.718s / 2.960s) | Generator RTF: 0.2415(0.715s / 2.960s)
generated_audios/generated_H4_256C_pruned30_int8/121-127105-0016_generated.wav | RTF: 0.2363(0.480s / 2.030s) | Generator RTF: 0.2347(0.476s / 2.030s)
generated_audios/generated_H4_256C_pruned30_int8/121-127105-0017_generated.wav | RTF: 0.2479(0.668s / 2.695s) | Generator RTF: 0.2468(0.665s / 2.695s)
generated_audios/generated_H4_256C_pruned30_int8/121-127105-0018_generated.wav | RTF: 0.2431(0.673s / 2.770s) | Generator RTF: 0.2420(0.670s / 2.770s)
generated_audios/generated_H4_256C_pruned30_int8/121-127105-0019_generated.wav | RTF: 0.2370(0.835s / 3.525s) | Generator RTF: 0.2361(0.832s / 3.525s)
generated_audios/generated_H4_256C_pruned30_int8/121-127105-0020_generated.wav | RTF: 0.2722(3.908s / 14.355s) | Generator RTF: 0.2719(3.903s / 14.355s)
generated_audios/generated_H4_256C_pruned30_int8/121-127105-0021_generated.wav | RTF: 0.2519(0.504s / 2.000s) | Generator RTF: 0.2503(0.501s / 2.000s)
generated_audios/generated_H4_256C_pruned30_int8/121-127105-0022_generated.wav | RTF: 0.2403(1.220s / 5.075s) | Generator RTF: 0.2396(1.216s / 5.075s)
generated_audios/generated_H4_256C_pruned30_int8/121-127105-0023_generated.wav | RTF: 0.2569(2.802s / 10.910s) | Generator RTF: 0.2565(2.798s / 10.910s)
generated_audios/generated_H4_256C_pruned30_int8/121-127105-0024_generated.wav | RTF: 0.2755(3.981s / 14.450s) | Generator RTF: 0.2752(3.977s / 14.450s)
generated_audios/generated_H4_256C_pruned30_int8/121-127105-0025_generated.wav | RTF: 0.2713(4.358s / 16.065s) | Generator RTF: 0.2710(4.354s / 16.065s)
generated_audios/generated_H4_256C_pruned30_int8/121-127105-0026_generated.wav | RTF: 0.2418(1.821s / 7.530s) | Generator RTF: 0.2414(1.817s / 7.530s)
generated_audios/generated_H4_256C_pruned30_int8/121-127105-0027_generated.wav | RTF: 0.2722(3.776s / 13.870s) | Generator RTF: 0.2719(3.771s / 13.870s)
generated_audios/generated_H4_256C_pruned30_int8/121-127105-0028_generated.wav | RTF: 0.0529(0.357s / 6.750s) | Generator RTF: 0.0524(0.353s / 6.750s)
generated_audios/generated_H4_256C_pruned30_int8/121-127105-0029_generated.wav | RTF: 0.2450(1.791s / 7.310s) | Generator RTF: 0.2445(1.787s / 7.310s)
generated_audios/generated_H4_256C_pruned30_int8/121-127105-0030_generated.wav | RTF: 0.2520(0.548s / 2.175s) | Generator RTF: 0.2505(0.545s / 2.175s)
generated_audios/generated_H4_256C_pruned30_int8/121-127105-0031_generated.wav | RTF: 0.2502(2.694s / 10.765s) | Generator RTF: 0.2498(2.689s / 10.765s)
generated_audios/generated_H4_256C_pruned30_int8/121-127105-0032_generated.wav | RTF: 0.2378(0.754s / 3.170s) | Generator RTF: 0.2367(0.750s / 3.170s)
generated_audios/generated_H4_256C_pruned30_int8/121-127105-0033_generated.wav | RTF: 0.2512(0.592s / 2.355s) | Generator RTF: 0.2498(0.588s / 2.355s)
generated_audios/generated_H4_256C_pruned30_int8/121-127105-0034_generated.wav | RTF: 0.2497(1.850s / 7.410s) | Generator RTF: 0.2492(1.847s / 7.410s)
generated_audios/generated_H4_256C_pruned30_int8/121-127105-0035_generated.wav | RTF: 0.2716(3.844s / 14.150s) | Generator RTF: 0.2713(3.839s / 14.150s)
generated_audios/generated_H4_256C_pruned30_int8/121-127105-0036_generated.wav | RTF: 0.2387(0.991s / 4.150s) | Generator RTF: 0.2378(0.987s / 4.150s)
generated_audios/generated_H4_256C_pruned30_int8/237-126133-0000_generated.wav | RTF: 0.2764(3.673s / 13.290s) | Generator RTF: 0.2761(3.669s / 13.290s)
generated_audios/generated_H4_256C_pruned30_int8/237-126133-0001_generated.wav | RTF: 0.2736(3.273s / 11.965s) | Generator RTF: 0.2732(3.269s / 11.965s)
generated_audios/generated_H4_256C_pruned30_int8/237-126133-0002_generated.wav | RTF: 0.2506(2.236s / 8.920s) | Generator RTF: 0.2502(2.231s / 8.920s)
generated_audios/generated_H4_256C_pruned30_int8/237-126133-0003_generated.wav | RTF: 0.2462(1.615s / 6.560s) | Generator RTF: 0.2456(1.611s / 6.560s)
generated_audios/generated_H4_256C_pruned30_int8/237-126133-0004_generated.wav | RTF: 0.2430(0.801s / 3.295s) | Generator RTF: 0.2420(0.797s / 3.295s)
generated_audios/generated_H4_256C_pruned30_int8/237-126133-0005_generated.wav | RTF: 0.2495(1.624s / 6.510s) | Generator RTF: 0.2490(1.621s / 6.510s)
generated_audios/generated_H4_256C_pruned30_int8/237-126133-0006_generated.wav | RTF: 0.2421(1.489s / 6.150s) | Generator RTF: 0.2416(1.486s / 6.150s)
generated_audios/generated_H4_256C_pruned30_int8/237-126133-0007_generated.wav | RTF: 0.2473(2.146s / 8.680s) | Generator RTF: 0.2468(2.142s / 8.680s)
generated_audios/generated_H4_256C_pruned30_int8/237-126133-0008_generated.wav | RTF: 0.2449(0.947s / 3.865s) | Generator RTF: 0.2441(0.943s / 3.865s)
generated_audios/generated_H4_256C_pruned30_int8/237-126133-0009_generated.wav | RTF: 0.2449(0.972s / 3.970s) | Generator RTF: 0.2440(0.969s / 3.970s)
generated_audios/generated_H4_256C_pruned30_int8/237-126133-0010_generated.wav | RTF: 0.2399(1.497s / 6.240s) | Generator RTF: 0.2393(1.493s / 6.240s)
generated_audios/generated_H4_256C_pruned30_int8/237-126133-0011_generated.wav | RTF: 0.2425(1.627s / 6.710s) | Generator RTF: 0.2420(1.624s / 6.710s)
generated_audios/generated_H4_256C_pruned30_int8/237-126133-0012_generated.wav | RTF: 0.2449(1.090s / 4.450s) | Generator RTF: 0.2441(1.086s / 4.450s)
generated_audios/generated_H4_256C_pruned30_int8/237-126133-0013_generated.wav | RTF: 0.2519(1.717s / 6.815s) | Generator RTF: 0.2514(1.713s / 6.815s)
generated_audios/generated_H4_256C_pruned30_int8/237-126133-0014_generated.wav | RTF: 0.2479(1.683s / 6.790s) | Generator RTF: 0.2474(1.680s / 6.790s)
generated_audios/generated_H4_256C_pruned30_int8/237-126133-0015_generated.wav | RTF: 0.2483(2.319s / 9.340s) | Generator RTF: 0.2478(2.315s / 9.340s)
generated_audios/generated_H4_256C_pruned30_int8/237-126133-0016_generated.wav | RTF: 0.2378(1.011s / 4.250s) | Generator RTF: 0.2371(1.007s / 4.250s)
generated_audios/generated_H4_256C_pruned30_int8/237-126133-0017_generated.wav | RTF: 0.2406(1.494s / 6.210s) | Generator RTF: 0.2401(1.491s / 6.210s)
generated_audios/generated_H4_256C_pruned30_int8/237-126133-0018_generated.wav | RTF: 0.2457(1.006s / 4.095s) | Generator RTF: 0.2448(1.003s / 4.095s)
generated_audios/generated_H4_256C_pruned30_int8/237-126133-0019_generated.wav | RTF: 0.2482(1.767s / 7.120s) | Generator RTF: 0.2477(1.763s / 7.120s)
generated_audios/generated_H4_256C_pruned30_int8/237-126133-0020_generated.wav | RTF: 0.2395(0.537s / 2.240s) | Generator RTF: 0.2381(0.533s / 2.240s)
generated_audios/generated_H4_256C_pruned30_int8/237-126133-0021_generated.wav | RTF: 0.2351(1.026s / 4.365s) | Generator RTF: 0.2342(1.022s / 4.365s)
generated_audios/generated_H4_256C_pruned30_int8/237-126133-0022_generated.wav | RTF: 0.2450(1.235s / 5.040s) | Generator RTF: 0.2443(1.231s / 5.040s)
generated_audios/generated_H4_256C_pruned30_int8/237-126133-0023_generated.wav | RTF: 0.2457(1.640s / 6.675s) | Generator RTF: 0.2452(1.637s / 6.675s)
generated_audios/generated_H4_256C_pruned30_int8/237-126133-0024_generated.wav | RTF: 0.2544(2.458s / 9.665s) | Generator RTF: 0.2540(2.454s / 9.665s)
generated_audios/generated_H4_256C_pruned30_int8/237-126133-0025_generated.wav | RTF: 0.2458(0.923s / 3.755s) | Generator RTF: 0.2449(0.920s / 3.755s)
generated_audios/generated_H4_256C_pruned30_int8/237-134493-0000_generated.wav | RTF: 0.2447(1.004s / 4.105s) | Generator RTF: 0.2439(1.001s / 4.105s)
generated_audios/generated_H4_256C_pruned30_int8/237-134493-0001_generated.wav | RTF: 0.2535(1.871s / 7.380s) | Generator RTF: 0.2530(1.867s / 7.380s)
generated_audios/generated_H4_256C_pruned30_int8/237-134493-0002_generated.wav | RTF: 0.2522(2.874s / 11.395s) | Generator RTF: 0.2519(2.870s / 11.395s)
generated_audios/generated_H4_256C_pruned30_int8/237-134493-0003_generated.wav | RTF: 0.2784(3.554s / 12.765s) | Generator RTF: 0.2781(3.550s / 12.765s)
generated_audios/generated_H4_256C_pruned30_int8/237-134493-0004_generated.wav | RTF: 0.2435(1.662s / 6.825s) | Generator RTF: 0.2430(1.658s / 6.825s)
generated_audios/generated_H4_256C_pruned30_int8/237-134493-0005_generated.wav | RTF: 0.2517(2.755s / 10.945s) | Generator RTF: 0.2513(2.751s / 10.945s)
generated_audios/generated_H4_256C_pruned30_int8/237-134493-0006_generated.wav | RTF: 0.2404(1.056s / 4.395s) | Generator RTF: 0.2396(1.053s / 4.395s)
generated_audios/generated_H4_256C_pruned30_int8/237-134493-0007_generated.wav | RTF: 0.2535(0.516s / 2.035s) | Generator RTF: 0.2520(0.513s / 2.035s)
generated_audios/generated_H4_256C_pruned30_int8/237-134493-0008_generated.wav | RTF: 0.2379(0.548s / 2.305s) | Generator RTF: 0.2366(0.545s / 2.305s)
generated_audios/generated_H4_256C_pruned30_int8/237-134493-0009_generated.wav | RTF: 0.2652(0.789s / 2.975s) | Generator RTF: 0.2642(0.786s / 2.975s)
generated_audios/generated_H4_256C_pruned30_int8/237-134493-0010_generated.wav | RTF: 0.2425(0.697s / 2.875s) | Generator RTF: 0.2414(0.694s / 2.875s)
generated_audios/generated_H4_256C_pruned30_int8/237-134493-0011_generated.wav | RTF: 0.2467(1.242s / 5.035s) | Generator RTF: 0.2460(1.239s / 5.035s)
generated_audios/generated_H4_256C_pruned30_int8/237-134493-0012_generated.wav | RTF: 0.2412(0.883s / 3.660s) | Generator RTF: 0.2403(0.879s / 3.660s)
generated_audios/generated_H4_256C_pruned30_int8/237-134493-0013_generated.wav | RTF: 0.0524(0.214s / 4.090s) | Generator RTF: 0.0517(0.211s / 4.090s)
generated_audios/generated_H4_256C_pruned30_int8/237-134493-0014_generated.wav | RTF: 0.2395(0.886s / 3.700s) | Generator RTF: 0.2385(0.882s / 3.700s)
generated_audios/generated_H4_256C_pruned30_int8/237-134493-0015_generated.wav | RTF: 0.0516(0.338s / 6.550s) | Generator RTF: 0.0511(0.334s / 6.550s)
generated_audios/generated_H4_256C_pruned30_int8/237-134493-0016_generated.wav | RTF: 0.2521(2.542s / 10.085s) | Generator RTF: 0.2517(2.538s / 10.085s)
generated_audios/generated_H4_256C_pruned30_int8/237-134493-0017_generated.wav | RTF: 0.2535(2.308s / 9.105s) | Generator RTF: 0.2530(2.304s / 9.105s)
generated_audios/generated_H4_256C_pruned30_int8/237-134493-0018_generated.wav | RTF: 0.2420(1.159s / 4.790s) | Generator RTF: 0.2413(1.156s / 4.790s)
generated_audios/generated_H4_256C_pruned30_int8/237-134500-0000_generated.wav | RTF: 0.2465(1.511s / 6.130s) | Generator RTF: 0.2459(1.507s / 6.130s)
generated_audios/generated_H4_256C_pruned30_int8/237-134500-0001_generated.wav | RTF: 0.2494(0.451s / 1.810s) | Generator RTF: 0.2476(0.448s / 1.810s)
generated_audios/generated_H4_256C_pruned30_int8/237-134500-0002_generated.wav | RTF: 0.2443(1.239s / 5.070s) | Generator RTF: 0.2436(1.235s / 5.070s)
generated_audios/generated_H4_256C_pruned30_int8/237-134500-0003_generated.wav | RTF: 0.0518(0.164s / 3.170s) | Generator RTF: 0.0508(0.161s / 3.170s)
generated_audios/generated_H4_256C_pruned30_int8/237-134500-0004_generated.wav | RTF: 0.0542(0.120s / 2.225s) | Generator RTF: 0.0527(0.117s / 2.225s)
generated_audios/generated_H4_256C_pruned30_int8/237-134500-0005_generated.wav | RTF: 0.2496(0.596s / 2.390s) | Generator RTF: 0.2482(0.593s / 2.390s)
generated_audios/generated_H4_256C_pruned30_int8/237-134500-0006_generated.wav | RTF: 0.2425(1.024s / 4.225s) | Generator RTF: 0.2417(1.021s / 4.225s)
generated_audios/generated_H4_256C_pruned30_int8/237-134500-0007_generated.wav | RTF: 0.0466(0.111s / 2.390s) | Generator RTF: 0.0453(0.108s / 2.390s)
generated_audios/generated_H4_256C_pruned30_int8/237-134500-0008_generated.wav | RTF: 0.0507(0.190s / 3.760s) | Generator RTF: 0.0498(0.187s / 3.760s)
generated_audios/generated_H4_256C_pruned30_int8/237-134500-0009_generated.wav | RTF: 0.0472(0.105s / 2.220s) | Generator RTF: 0.0458(0.102s / 2.220s)
generated_audios/generated_H4_256C_pruned30_int8/237-134500-0010_generated.wav | RTF: 0.2488(0.994s / 3.995s) | Generator RTF: 0.2480(0.991s / 3.995s)
generated_audios/generated_H4_256C_pruned30_int8/237-134500-0011_generated.wav | RTF: 0.2433(0.815s / 3.350s) | Generator RTF: 0.2423(0.812s / 3.350s)
generated_audios/generated_H4_256C_pruned30_int8/237-134500-0012_generated.wav | RTF: 0.2516(2.751s / 10.935s) | Generator RTF: 0.2512(2.746s / 10.935s)
generated_audios/generated_H4_256C_pruned30_int8/237-134500-0013_generated.wav | RTF: 0.0558(0.589s / 10.560s) | Generator RTF: 0.0554(0.585s / 10.560s)
generated_audios/generated_H4_256C_pruned30_int8/237-134500-0014_generated.wav | RTF: 0.0516(0.219s / 4.250s) | Generator RTF: 0.0507(0.216s / 4.250s)
generated_audios/generated_H4_256C_pruned30_int8/237-134500-0015_generated.wav | RTF: 0.2551(2.759s / 10.815s) | Generator RTF: 0.2547(2.755s / 10.815s)
generated_audios/generated_H4_256C_pruned30_int8/237-134500-0016_generated.wav | RTF: 0.0534(0.169s / 3.160s) | Generator RTF: 0.0524(0.165s / 3.160s)
generated_audios/generated_H4_256C_pruned30_int8/237-134500-0017_generated.wav | RTF: 0.0542(0.118s / 2.180s) | Generator RTF: 0.0528(0.115s / 2.180s)
generated_audios/generated_H4_256C_pruned30_int8/237-134500-0018_generated.wav | RTF: 0.2806(3.604s / 12.845s) | Generator RTF: 0.2802(3.600s / 12.845s)
generated_audios/generated_H4_256C_pruned30_int8/237-134500-0019_generated.wav | RTF: 0.2412(0.690s / 2.860s) | Generator RTF: 0.2401(0.687s / 2.860s)
generated_audios/generated_H4_256C_pruned30_int8/237-134500-0020_generated.wav | RTF: 0.0484(0.106s / 2.180s) | Generator RTF: 0.0470(0.102s / 2.180s)
generated_audios/generated_H4_256C_pruned30_int8/237-134500-0021_generated.wav | RTF: 0.2402(1.230s / 5.120s) | Generator RTF: 0.2395(1.226s / 5.120s)
generated_audios/generated_H4_256C_pruned30_int8/237-134500-0022_generated.wav | RTF: 0.2456(1.268s / 5.165s) | Generator RTF: 0.2449(1.265s / 5.165s)
generated_audios/generated_H4_256C_pruned30_int8/237-134500-0023_generated.wav | RTF: 0.2526(0.773s / 3.060s) | Generator RTF: 0.2516(0.770s / 3.060s)
generated_audios/generated_H4_256C_pruned30_int8/237-134500-0024_generated.wav | RTF: 0.0516(0.228s / 4.410s) | Generator RTF: 0.0509(0.224s / 4.410s)
generated_audios/generated_H4_256C_pruned30_int8/237-134500-0025_generated.wav | RTF: 0.2535(0.413s / 1.630s) | Generator RTF: 0.2516(0.410s / 1.630s)
generated_audios/generated_H4_256C_pruned30_int8/237-134500-0026_generated.wav | RTF: 0.2498(0.762s / 3.050s) | Generator RTF: 0.2487(0.759s / 3.050s)
generated_audios/generated_H4_256C_pruned30_int8/237-134500-0027_generated.wav | RTF: 0.2493(0.815s / 3.270s) | Generator RTF: 0.2483(0.812s / 3.270s)
generated_audios/generated_H4_256C_pruned30_int8/237-134500-0028_generated.wav | RTF: 0.2528(1.144s / 4.525s) | Generator RTF: 0.2521(1.141s / 4.525s)
generated_audios/generated_H4_256C_pruned30_int8/237-134500-0029_generated.wav | RTF: 0.2469(0.510s / 2.065s) | Generator RTF: 0.2454(0.507s / 2.065s)
generated_audios/generated_H4_256C_pruned30_int8/237-134500-0030_generated.wav | RTF: 0.2537(0.705s / 2.780s) | Generator RTF: 0.2525(0.702s / 2.780s)
generated_audios/generated_H4_256C_pruned30_int8/237-134500-0031_generated.wav | RTF: 0.2553(2.709s / 10.610s) | Generator RTF: 0.2549(2.704s / 10.610s)
generated_audios/generated_H4_256C_pruned30_int8/237-134500-0032_generated.wav | RTF: 0.0523(0.263s / 5.025s) | Generator RTF: 0.0516(0.259s / 5.025s)
generated_audios/generated_H4_256C_pruned30_int8/237-134500-0033_generated.wav | RTF: 0.2457(1.560s / 6.350s) | Generator RTF: 0.2451(1.557s / 6.350s)
generated_audios/generated_H4_256C_pruned30_int8/237-134500-0034_generated.wav | RTF: 0.2462(0.757s / 3.075s) | Generator RTF: 0.2452(0.754s / 3.075s)
generated_audios/generated_H4_256C_pruned30_int8/237-134500-0035_generated.wav | RTF: 0.2562(0.655s / 2.555s) | Generator RTF: 0.2550(0.651s / 2.555s)
generated_audios/generated_H4_256C_pruned30_int8/237-134500-0036_generated.wav | RTF: 0.2524(1.666s / 6.600s) | Generator RTF: 0.2519(1.662s / 6.600s)
generated_audios/generated_H4_256C_pruned30_int8/237-134500-0037_generated.wav | RTF: 0.2536(1.802s / 7.105s) | Generator RTF: 0.2531(1.798s / 7.105s)
generated_audios/generated_H4_256C_pruned30_int8/237-134500-0038_generated.wav | RTF: 0.2493(0.607s / 2.435s) | Generator RTF: 0.2480(0.604s / 2.435s)
generated_audios/generated_H4_256C_pruned30_int8/237-134500-0039_generated.wav | RTF: 0.2539(1.176s / 4.630s) | Generator RTF: 0.2532(1.172s / 4.630s)
generated_audios/generated_H4_256C_pruned30_int8/237-134500-0040_generated.wav | RTF: 0.0522(0.210s / 4.030s) | Generator RTF: 0.0514(0.207s / 4.030s)
generated_audios/generated_H4_256C_pruned30_int8/237-134500-0041_generated.wav | RTF: 0.0613(0.546s / 8.920s) | Generator RTF: 0.0608(0.543s / 8.920s)
generated_audios/generated_H4_256C_pruned30_int8/237-134500-0042_generated.wav | RTF: 0.2497(0.643s / 2.575s) | Generator RTF: 0.2484(0.640s / 2.575s)
generated_audios/generated_H4_256C_pruned30_int8/260-123286-0000_generated.wav | RTF: 0.2533(1.783s / 7.040s) | Generator RTF: 0.2527(1.779s / 7.040s)
generated_audios/generated_H4_256C_pruned30_int8/260-123286-0001_generated.wav | RTF: 0.0491(0.151s / 3.070s) | Generator RTF: 0.0480(0.147s / 3.070s)
generated_audios/generated_H4_256C_pruned30_int8/260-123286-0002_generated.wav | RTF: 0.2564(2.560s / 9.985s) | Generator RTF: 0.2560(2.556s / 9.985s)
generated_audios/generated_H4_256C_pruned30_int8/260-123286-0003_generated.wav | RTF: 0.2511(1.851s / 7.370s) | Generator RTF: 0.2506(1.847s / 7.370s)
generated_audios/generated_H4_256C_pruned30_int8/260-123286-0004_generated.wav | RTF: 0.2495(0.864s / 3.465s) | Generator RTF: 0.2486(0.861s / 3.465s)
generated_audios/generated_H4_256C_pruned30_int8/260-123286-0005_generated.wav | RTF: 0.2450(1.179s / 4.810s) | Generator RTF: 0.2443(1.175s / 4.810s)
generated_audios/generated_H4_256C_pruned30_int8/260-123286-0006_generated.wav | RTF: 0.2625(1.944s / 7.405s) | Generator RTF: 0.2620(1.940s / 7.405s)
generated_audios/generated_H4_256C_pruned30_int8/260-123286-0007_generated.wav | RTF: 0.2498(1.137s / 4.550s) | Generator RTF: 0.2491(1.133s / 4.550s)
generated_audios/generated_H4_256C_pruned30_int8/260-123286-0008_generated.wav | RTF: 0.2499(0.933s / 3.735s) | Generator RTF: 0.2490(0.930s / 3.735s)
generated_audios/generated_H4_256C_pruned30_int8/260-123286-0009_generated.wav | RTF: 0.2512(1.456s / 5.795s) | Generator RTF: 0.2506(1.452s / 5.795s)
generated_audios/generated_H4_256C_pruned30_int8/260-123286-0010_generated.wav | RTF: 0.0465(0.120s / 2.575s) | Generator RTF: 0.0452(0.116s / 2.575s)
generated_audios/generated_H4_256C_pruned30_int8/260-123286-0011_generated.wav | RTF: 0.0516(0.220s / 4.255s) | Generator RTF: 0.0508(0.216s / 4.255s)
generated_audios/generated_H4_256C_pruned30_int8/260-123286-0012_generated.wav | RTF: 0.0470(0.114s / 2.430s) | Generator RTF: 0.0458(0.111s / 2.430s)
generated_audios/generated_H4_256C_pruned30_int8/260-123286-0013_generated.wav | RTF: 0.2553(1.208s / 4.730s) | Generator RTF: 0.2546(1.204s / 4.730s)
generated_audios/generated_H4_256C_pruned30_int8/260-123286-0014_generated.wav | RTF: 0.0820(0.244s / 2.980s) | Generator RTF: 0.0808(0.241s / 2.980s)
generated_audios/generated_H4_256C_pruned30_int8/260-123286-0015_generated.wav | RTF: 0.2577(1.343s / 5.210s) | Generator RTF: 0.2570(1.339s / 5.210s)
generated_audios/generated_H4_256C_pruned30_int8/260-123286-0016_generated.wav | RTF: 0.2553(1.787s / 7.000s) | Generator RTF: 0.2547(1.783s / 7.000s)
generated_audios/generated_H4_256C_pruned30_int8/260-123286-0017_generated.wav | RTF: 0.2492(0.991s / 3.975s) | Generator RTF: 0.2484(0.987s / 3.975s)
generated_audios/generated_H4_256C_pruned30_int8/260-123286-0018_generated.wav | RTF: 0.2509(1.423s / 5.670s) | Generator RTF: 0.2502(1.419s / 5.670s)
generated_audios/generated_H4_256C_pruned30_int8/260-123286-0019_generated.wav | RTF: 0.2840(3.381s / 11.905s) | Generator RTF: 0.2836(3.376s / 11.905s)
generated_audios/generated_H4_256C_pruned30_int8/260-123286-0020_generated.wav | RTF: 0.0513(0.157s / 3.060s) | Generator RTF: 0.0502(0.154s / 3.060s)
generated_audios/generated_H4_256C_pruned30_int8/260-123286-0021_generated.wav | RTF: 0.2445(0.624s / 2.550s) | Generator RTF: 0.2434(0.621s / 2.550s)
generated_audios/generated_H4_256C_pruned30_int8/260-123286-0022_generated.wav | RTF: 0.2545(0.823s / 3.235s) | Generator RTF: 0.2535(0.820s / 3.235s)
generated_audios/generated_H4_256C_pruned30_int8/260-123286-0023_generated.wav | RTF: 0.2559(1.503s / 5.875s) | Generator RTF: 0.2553(1.500s / 5.875s)
generated_audios/generated_H4_256C_pruned30_int8/260-123286-0024_generated.wav | RTF: 0.2460(0.748s / 3.040s) | Generator RTF: 0.2449(0.744s / 3.040s)
generated_audios/generated_H4_256C_pruned30_int8/260-123286-0025_generated.wav | RTF: 0.2622(2.414s / 9.205s) | Generator RTF: 0.2617(2.409s / 9.205s)
generated_audios/generated_H4_256C_pruned30_int8/260-123286-0026_generated.wav | RTF: 0.2529(1.755s / 6.940s) | Generator RTF: 0.2524(1.752s / 6.940s)
generated_audios/generated_H4_256C_pruned30_int8/260-123286-0027_generated.wav | RTF: 0.2544(1.824s / 7.170s) | Generator RTF: 0.2539(1.820s / 7.170s)
generated_audios/generated_H4_256C_pruned30_int8/260-123286-0028_generated.wav | RTF: 0.2580(1.926s / 7.465s) | Generator RTF: 0.2574(1.922s / 7.465s)
generated_audios/generated_H4_256C_pruned30_int8/260-123286-0029_generated.wav | RTF: 0.0523(0.238s / 4.545s) | Generator RTF: 0.0515(0.234s / 4.545s)
generated_audios/generated_H4_256C_pruned30_int8/260-123286-0030_generated.wav | RTF: 0.0513(0.386s / 7.530s) | Generator RTF: 0.0508(0.383s / 7.530s)
generated_audios/generated_H4_256C_pruned30_int8/260-123286-0031_generated.wav | RTF: 0.2540(1.285s / 5.060s) | Generator RTF: 0.2533(1.282s / 5.060s)
generated_audios/generated_H4_256C_pruned30_int8/260-123288-0000_generated.wav | RTF: 0.0461(0.140s / 3.040s) | Generator RTF: 0.0450(0.137s / 3.040s)
generated_audios/generated_H4_256C_pruned30_int8/260-123288-0001_generated.wav | RTF: 0.0504(0.256s / 5.080s) | Generator RTF: 0.0497(0.252s / 5.080s)
generated_audios/generated_H4_256C_pruned30_int8/260-123288-0002_generated.wav | RTF: 0.2664(1.932s / 7.250s) | Generator RTF: 0.2660(1.928s / 7.250s)
generated_audios/generated_H4_256C_pruned30_int8/260-123288-0003_generated.wav | RTF: 0.2733(2.434s / 8.905s) | Generator RTF: 0.2728(2.429s / 8.905s)
generated_audios/generated_H4_256C_pruned30_int8/260-123288-0004_generated.wav | RTF: 0.2624(1.131s / 4.310s) | Generator RTF: 0.2616(1.127s / 4.310s)
generated_audios/generated_H4_256C_pruned30_int8/260-123288-0005_generated.wav | RTF: 0.2903(3.643s / 12.550s) | Generator RTF: 0.2899(3.639s / 12.550s)
generated_audios/generated_H4_256C_pruned30_int8/260-123288-0006_generated.wav | RTF: 0.2599(1.268s / 4.880s) | Generator RTF: 0.2592(1.265s / 4.880s)
generated_audios/generated_H4_256C_pruned30_int8/260-123288-0007_generated.wav | RTF: 0.2709(3.034s / 11.200s) | Generator RTF: 0.2706(3.030s / 11.200s)
generated_audios/generated_H4_256C_pruned30_int8/260-123288-0008_generated.wav | RTF: 0.2647(1.460s / 5.515s) | Generator RTF: 0.2641(1.457s / 5.515s)
generated_audios/generated_H4_256C_pruned30_int8/260-123288-0009_generated.wav | RTF: 0.2636(0.905s / 3.435s) | Generator RTF: 0.2625(0.902s / 3.435s)
generated_audios/generated_H4_256C_pruned30_int8/260-123288-0010_generated.wav | RTF: 0.0577(0.576s / 9.995s) | Generator RTF: 0.0572(0.572s / 9.995s)
generated_audios/generated_H4_256C_pruned30_int8/260-123288-0011_generated.wav | RTF: 0.2713(2.437s / 8.980s) | Generator RTF: 0.2709(2.433s / 8.980s)
generated_audios/generated_H4_256C_pruned30_int8/260-123288-0012_generated.wav | RTF: 0.2640(0.936s / 3.545s) | Generator RTF: 0.2630(0.932s / 3.545s)
generated_audios/generated_H4_256C_pruned30_int8/260-123288-0013_generated.wav | RTF: 0.2714(3.090s / 11.385s) | Generator RTF: 0.2710(3.085s / 11.385s)
generated_audios/generated_H4_256C_pruned30_int8/260-123288-0014_generated.wav | RTF: 0.0557(0.101s / 1.805s) | Generator RTF: 0.0543(0.098s / 1.805s)
generated_audios/generated_H4_256C_pruned30_int8/260-123288-0015_generated.wav | RTF: 0.2889(6.120s / 21.185s) | Generator RTF: 0.2886(6.114s / 21.185s)
generated_audios/generated_H4_256C_pruned30_int8/260-123288-0016_generated.wav | RTF: 0.2659(1.293s / 4.865s) | Generator RTF: 0.2654(1.291s / 4.865s)
generated_audios/generated_H4_256C_pruned30_int8/260-123288-0017_generated.wav | RTF: 0.2606(1.362s / 5.225s) | Generator RTF: 0.2599(1.358s / 5.225s)
generated_audios/generated_H4_256C_pruned30_int8/260-123288-0018_generated.wav | RTF: 0.2566(0.833s / 3.245s) | Generator RTF: 0.2556(0.829s / 3.245s)
generated_audios/generated_H4_256C_pruned30_int8/260-123288-0019_generated.wav | RTF: 0.0540(0.160s / 2.955s) | Generator RTF: 0.0530(0.156s / 2.955s)
generated_audios/generated_H4_256C_pruned30_int8/260-123288-0020_generated.wav | RTF: 0.2568(0.745s / 2.900s) | Generator RTF: 0.2556(0.741s / 2.900s)
generated_audios/generated_H4_256C_pruned30_int8/260-123288-0021_generated.wav | RTF: 0.0528(0.143s / 2.710s) | Generator RTF: 0.0516(0.140s / 2.710s)
generated_audios/generated_H4_256C_pruned30_int8/260-123288-0022_generated.wav | RTF: 0.2652(0.982s / 3.705s) | Generator RTF: 0.2642(0.979s / 3.705s)
generated_audios/generated_H4_256C_pruned30_int8/260-123288-0023_generated.wav | RTF: 0.0530(0.126s / 2.385s) | Generator RTF: 0.0516(0.123s / 2.385s)
generated_audios/generated_H4_256C_pruned30_int8/260-123288-0024_generated.wav | RTF: 0.2908(4.244s / 14.595s) | Generator RTF: 0.2905(4.239s / 14.595s)
generated_audios/generated_H4_256C_pruned30_int8/260-123288-0025_generated.wav | RTF: 0.2889(3.884s / 13.445s) | Generator RTF: 0.2885(3.879s / 13.445s)
generated_audios/generated_H4_256C_pruned30_int8/260-123288-0026_generated.wav | RTF: 0.2906(4.661s / 16.040s) | Generator RTF: 0.2903(4.656s / 16.040s)
generated_audios/generated_H4_256C_pruned30_int8/260-123288-0027_generated.wav | RTF: 0.2622(1.653s / 6.305s) | Generator RTF: 0.2616(1.649s / 6.305s)
generated_audios/generated_H4_256C_pruned30_int8/260-123288-0028_generated.wav | RTF: 0.2664(0.695s / 2.610s) | Generator RTF: 0.2653(0.692s / 2.610s)
generated_audios/generated_H4_256C_pruned30_int8/260-123440-0000_generated.wav | RTF: 0.2577(0.558s / 2.165s) | Generator RTF: 0.2562(0.555s / 2.165s)
generated_audios/generated_H4_256C_pruned30_int8/260-123440-0001_generated.wav | RTF: 0.2727(0.475s / 1.740s) | Generator RTF: 0.2709(0.471s / 1.740s)
generated_audios/generated_H4_256C_pruned30_int8/260-123440-0002_generated.wav | RTF: 0.2946(4.334s / 14.715s) | Generator RTF: 0.2943(4.330s / 14.715s)
generated_audios/generated_H4_256C_pruned30_int8/260-123440-0003_generated.wav | RTF: 0.2655(0.952s / 3.585s) | Generator RTF: 0.2646(0.949s / 3.585s)
generated_audios/generated_H4_256C_pruned30_int8/260-123440-0004_generated.wav | RTF: 0.2983(3.586s / 12.020s) | Generator RTF: 0.2980(3.581s / 12.020s)
generated_audios/generated_H4_256C_pruned30_int8/260-123440-0005_generated.wav | RTF: 0.0512(0.159s / 3.105s) | Generator RTF: 0.0502(0.156s / 3.105s)
generated_audios/generated_H4_256C_pruned30_int8/260-123440-0006_generated.wav | RTF: 0.0460(0.125s / 2.715s) | Generator RTF: 0.0448(0.122s / 2.715s)
generated_audios/generated_H4_256C_pruned30_int8/260-123440-0007_generated.wav | RTF: 0.2584(0.875s / 3.385s) | Generator RTF: 0.2574(0.871s / 3.385s)
generated_audios/generated_H4_256C_pruned30_int8/260-123440-0008_generated.wav | RTF: 0.2681(1.004s / 3.745s) | Generator RTF: 0.2672(1.001s / 3.745s)
generated_audios/generated_H4_256C_pruned30_int8/260-123440-0009_generated.wav | RTF: 0.2688(0.837s / 3.115s) | Generator RTF: 0.2678(0.834s / 3.115s)
generated_audios/generated_H4_256C_pruned30_int8/260-123440-0010_generated.wav | RTF: 0.2794(2.323s / 8.315s) | Generator RTF: 0.2789(2.319s / 8.315s)
generated_audios/generated_H4_256C_pruned30_int8/260-123440-0011_generated.wav | RTF: 0.0521(0.254s / 4.870s) | Generator RTF: 0.0513(0.250s / 4.870s)
generated_audios/generated_H4_256C_pruned30_int8/260-123440-0012_generated.wav | RTF: 0.2705(1.419s / 5.245s) | Generator RTF: 0.2698(1.415s / 5.245s)
generated_audios/generated_H4_256C_pruned30_int8/260-123440-0013_generated.wav | RTF: 0.2665(0.926s / 3.475s) | Generator RTF: 0.2656(0.923s / 3.475s)
generated_audios/generated_H4_256C_pruned30_int8/260-123440-0014_generated.wav | RTF: 0.2698(1.029s / 3.815s) | Generator RTF: 0.2689(1.026s / 3.815s)
generated_audios/generated_H4_256C_pruned30_int8/260-123440-0015_generated.wav | RTF: 0.0523(0.325s / 6.200s) | Generator RTF: 0.0518(0.321s / 6.200s)
generated_audios/generated_H4_256C_pruned30_int8/260-123440-0016_generated.wav | RTF: 0.2709(1.326s / 4.895s) | Generator RTF: 0.2702(1.323s / 4.895s)
generated_audios/generated_H4_256C_pruned30_int8/260-123440-0017_generated.wav | RTF: 0.0537(0.165s / 3.070s) | Generator RTF: 0.0526(0.162s / 3.070s)
generated_audios/generated_H4_256C_pruned30_int8/260-123440-0018_generated.wav | RTF: 0.2709(0.986s / 3.640s) | Generator RTF: 0.2700(0.983s / 3.640s)
generated_audios/generated_H4_256C_pruned30_int8/260-123440-0019_generated.wav | RTF: 0.2704(1.793s / 6.630s) | Generator RTF: 0.2698(1.789s / 6.630s)
generated_audios/generated_H4_256C_pruned30_int8/260-123440-0020_generated.wav | RTF: 0.2722(1.360s / 4.995s) | Generator RTF: 0.2716(1.357s / 4.995s)
generated_audios/generated_H4_256C_pruned30_int8/61-70968-0000_generated.wav | RTF: 0.2744(1.346s / 4.905s) | Generator RTF: 0.2737(1.343s / 4.905s)
generated_audios/generated_H4_256C_pruned30_int8/61-70968-0001_generated.wav | RTF: 0.2703(0.976s / 3.610s) | Generator RTF: 0.2694(0.973s / 3.610s)
generated_audios/generated_H4_256C_pruned30_int8/61-70968-0002_generated.wav | RTF: 0.2663(0.791s / 2.970s) | Generator RTF: 0.2652(0.788s / 2.970s)
generated_audios/generated_H4_256C_pruned30_int8/61-70968-0003_generated.wav | RTF: 0.0504(0.217s / 4.315s) | Generator RTF: 0.0496(0.214s / 4.315s)
generated_audios/generated_H4_256C_pruned30_int8/61-70968-0004_generated.wav | RTF: 0.2730(1.060s / 3.885s) | Generator RTF: 0.2720(1.057s / 3.885s)
generated_audios/generated_H4_256C_pruned30_int8/61-70968-0005_generated.wav | RTF: 0.0525(0.266s / 5.070s) | Generator RTF: 0.0518(0.263s / 5.070s)
generated_audios/generated_H4_256C_pruned30_int8/61-70968-0006_generated.wav | RTF: 0.2639(0.775s / 2.935s) | Generator RTF: 0.2628(0.771s / 2.935s)
generated_audios/generated_H4_256C_pruned30_int8/61-70968-0007_generated.wav | RTF: 0.0521(0.185s / 3.550s) | Generator RTF: 0.0512(0.182s / 3.550s)
generated_audios/generated_H4_256C_pruned30_int8/61-70968-0008_generated.wav | RTF: 0.0520(0.184s / 3.535s) | Generator RTF: 0.0511(0.181s / 3.535s)
generated_audios/generated_H4_256C_pruned30_int8/61-70968-0009_generated.wav | RTF: 0.2703(1.219s / 4.510s) | Generator RTF: 0.2696(1.216s / 4.510s)
generated_audios/generated_H4_256C_pruned30_int8/61-70968-0010_generated.wav | RTF: 0.2767(2.296s / 8.295s) | Generator RTF: 0.2763(2.292s / 8.295s)
generated_audios/generated_H4_256C_pruned30_int8/61-70968-0011_generated.wav | RTF: 0.2713(1.729s / 6.375s) | Generator RTF: 0.2707(1.725s / 6.375s)
generated_audios/generated_H4_256C_pruned30_int8/61-70968-0012_generated.wav | RTF: 0.0542(0.141s / 2.610s) | Generator RTF: 0.0530(0.138s / 2.610s)
generated_audios/generated_H4_256C_pruned30_int8/61-70968-0013_generated.wav | RTF: 0.0534(0.238s / 4.450s) | Generator RTF: 0.0526(0.234s / 4.450s)
generated_audios/generated_H4_256C_pruned30_int8/61-70968-0014_generated.wav | RTF: 0.2757(2.064s / 7.485s) | Generator RTF: 0.2752(2.060s / 7.485s)
generated_audios/generated_H4_256C_pruned30_int8/61-70968-0015_generated.wav | RTF: 0.2676(1.439s / 5.375s) | Generator RTF: 0.2670(1.435s / 5.375s)
generated_audios/generated_H4_256C_pruned30_int8/61-70968-0016_generated.wav | RTF: 0.2755(1.025s / 3.720s) | Generator RTF: 0.2746(1.021s / 3.720s)
generated_audios/generated_H4_256C_pruned30_int8/61-70968-0017_generated.wav | RTF: 0.2747(1.404s / 5.110s) | Generator RTF: 0.2740(1.400s / 5.110s)
generated_audios/generated_H4_256C_pruned30_int8/61-70968-0018_generated.wav | RTF: 0.2637(0.634s / 2.405s) | Generator RTF: 0.2623(0.631s / 2.405s)
generated_audios/generated_H4_256C_pruned30_int8/61-70968-0019_generated.wav | RTF: 0.2689(1.472s / 5.475s) | Generator RTF: 0.2682(1.468s / 5.475s)
generated_audios/generated_H4_256C_pruned30_int8/61-70968-0020_generated.wav | RTF: 0.2752(1.405s / 5.105s) | Generator RTF: 0.2745(1.401s / 5.105s)
generated_audios/generated_H4_256C_pruned30_int8/61-70968-0021_generated.wav | RTF: 0.2656(0.714s / 2.690s) | Generator RTF: 0.2644(0.711s / 2.690s)
generated_audios/generated_H4_256C_pruned30_int8/61-70968-0022_generated.wav | RTF: 0.0528(0.247s / 4.670s) | Generator RTF: 0.0521(0.243s / 4.670s)
generated_audios/generated_H4_256C_pruned30_int8/61-70968-0023_generated.wav | RTF: 0.0539(0.271s / 5.025s) | Generator RTF: 0.0532(0.267s / 5.025s)
generated_audios/generated_H4_256C_pruned30_int8/61-70968-0024_generated.wav | RTF: 0.2758(1.662s / 6.025s) | Generator RTF: 0.2752(1.658s / 6.025s)
generated_audios/generated_H4_256C_pruned30_int8/61-70968-0025_generated.wav | RTF: 0.0533(0.235s / 4.410s) | Generator RTF: 0.0525(0.231s / 4.410s)
generated_audios/generated_H4_256C_pruned30_int8/61-70968-0026_generated.wav | RTF: 0.2695(1.326s / 4.920s) | Generator RTF: 0.2687(1.322s / 4.920s)
generated_audios/generated_H4_256C_pruned30_int8/61-70968-0027_generated.wav | RTF: 0.2779(1.909s / 6.870s) | Generator RTF: 0.2773(1.905s / 6.870s)
generated_audios/generated_H4_256C_pruned30_int8/61-70968-0028_generated.wav | RTF: 0.2680(1.435s / 5.355s) | Generator RTF: 0.2674(1.432s / 5.355s)
generated_audios/generated_H4_256C_pruned30_int8/61-70968-0029_generated.wav | RTF: 0.2727(0.953s / 3.495s) | Generator RTF: 0.2717(0.949s / 3.495s)
generated_audios/generated_H4_256C_pruned30_int8/61-70968-0030_generated.wav | RTF: 0.2690(1.529s / 5.685s) | Generator RTF: 0.2683(1.525s / 5.685s)
generated_audios/generated_H4_256C_pruned30_int8/61-70968-0031_generated.wav | RTF: 0.2736(0.800s / 2.925s) | Generator RTF: 0.2724(0.797s / 2.925s)
generated_audios/generated_H4_256C_pruned30_int8/61-70968-0032_generated.wav | RTF: 0.0512(0.219s / 4.280s) | Generator RTF: 0.0504(0.216s / 4.280s)
generated_audios/generated_H4_256C_pruned30_int8/61-70968-0033_generated.wav | RTF: 0.0472(0.268s / 5.685s) | Generator RTF: 0.0466(0.265s / 5.685s)
generated_audios/generated_H4_256C_pruned30_int8/61-70968-0034_generated.wav | RTF: 0.2751(1.164s / 4.230s) | Generator RTF: 0.2743(1.160s / 4.230s)
generated_audios/generated_H4_256C_pruned30_int8/61-70968-0035_generated.wav | RTF: 0.2800(2.226s / 7.950s) | Generator RTF: 0.2796(2.223s / 7.950s)
generated_audios/generated_H4_256C_pruned30_int8/61-70968-0036_generated.wav | RTF: 0.0522(0.153s / 2.935s) | Generator RTF: 0.0510(0.150s / 2.935s)
generated_audios/generated_H4_256C_pruned30_int8/61-70968-0037_generated.wav | RTF: 0.0515(0.222s / 4.315s) | Generator RTF: 0.0507(0.219s / 4.315s)
generated_audios/generated_H4_256C_pruned30_int8/61-70968-0038_generated.wav | RTF: 0.2831(0.580s / 2.050s) | Generator RTF: 0.2816(0.577s / 2.050s)
generated_audios/generated_H4_256C_pruned30_int8/61-70968-0039_generated.wav | RTF: 0.2665(1.014s / 3.805s) | Generator RTF: 0.2656(1.011s / 3.805s)
generated_audios/generated_H4_256C_pruned30_int8/61-70968-0040_generated.wav | RTF: 0.2776(1.097s / 3.950s) | Generator RTF: 0.2767(1.093s / 3.950s)
generated_audios/generated_H4_256C_pruned30_int8/61-70968-0041_generated.wav | RTF: 0.0529(0.361s / 6.825s) | Generator RTF: 0.0524(0.358s / 6.825s)
generated_audios/generated_H4_256C_pruned30_int8/61-70968-0042_generated.wav | RTF: 0.0537(0.150s / 2.785s) | Generator RTF: 0.0526(0.146s / 2.785s)
generated_audios/generated_H4_256C_pruned30_int8/61-70968-0043_generated.wav | RTF: 0.2762(1.860s / 6.735s) | Generator RTF: 0.2756(1.856s / 6.735s)
generated_audios/generated_H4_256C_pruned30_int8/61-70968-0044_generated.wav | RTF: 0.0536(0.148s / 2.770s) | Generator RTF: 0.0525(0.145s / 2.770s)
generated_audios/generated_H4_256C_pruned30_int8/61-70968-0045_generated.wav | RTF: 0.0520(0.181s / 3.475s) | Generator RTF: 0.0511(0.177s / 3.475s)
generated_audios/generated_H4_256C_pruned30_int8/61-70968-0046_generated.wav | RTF: 0.0518(0.184s / 3.550s) | Generator RTF: 0.0508(0.180s / 3.550s)
generated_audios/generated_H4_256C_pruned30_int8/61-70968-0047_generated.wav | RTF: 0.2696(1.287s / 4.775s) | Generator RTF: 0.2689(1.284s / 4.775s)
generated_audios/generated_H4_256C_pruned30_int8/61-70968-0048_generated.wav | RTF: 0.2746(0.829s / 3.020s) | Generator RTF: 0.2735(0.826s / 3.020s)
generated_audios/generated_H4_256C_pruned30_int8/61-70968-0049_generated.wav | RTF: 0.2839(2.342s / 8.250s) | Generator RTF: 0.2835(2.338s / 8.250s)
generated_audios/generated_H4_256C_pruned30_int8/61-70968-0050_generated.wav | RTF: 0.2745(1.532s / 5.580s) | Generator RTF: 0.2738(1.528s / 5.580s)
generated_audios/generated_H4_256C_pruned30_int8/61-70968-0051_generated.wav | RTF: 0.2667(0.836s / 3.135s) | Generator RTF: 0.2656(0.833s / 3.135s)
generated_audios/generated_H4_256C_pruned30_int8/61-70968-0052_generated.wav | RTF: 0.2533(0.671s / 2.650s) | Generator RTF: 0.2521(0.668s / 2.650s)
generated_audios/generated_H4_256C_pruned30_int8/61-70968-0053_generated.wav | RTF: 0.0502(0.212s / 4.220s) | Generator RTF: 0.0494(0.208s / 4.220s)
generated_audios/generated_H4_256C_pruned30_int8/61-70968-0054_generated.wav | RTF: 0.2688(2.113s / 7.860s) | Generator RTF: 0.2683(2.109s / 7.860s)
generated_audios/generated_H4_256C_pruned30_int8/61-70968-0055_generated.wav | RTF: 0.0507(0.201s / 3.965s) | Generator RTF: 0.0498(0.198s / 3.965s)
generated_audios/generated_H4_256C_pruned30_int8/61-70968-0056_generated.wav | RTF: 0.2650(0.945s / 3.565s) | Generator RTF: 0.2640(0.941s / 3.565s)
generated_audios/generated_H4_256C_pruned30_int8/61-70968-0057_generated.wav | RTF: 0.0517(0.262s / 5.065s) | Generator RTF: 0.0509(0.258s / 5.065s)
generated_audios/generated_H4_256C_pruned30_int8/61-70968-0058_generated.wav | RTF: 0.2546(0.463s / 1.820s) | Generator RTF: 0.2529(0.460s / 1.820s)
generated_audios/generated_H4_256C_pruned30_int8/61-70968-0059_generated.wav | RTF: 0.0534(0.116s / 2.170s) | Generator RTF: 0.0519(0.113s / 2.170s)
generated_audios/generated_H4_256C_pruned30_int8/61-70968-0060_generated.wav | RTF: 0.0516(0.193s / 3.735s) | Generator RTF: 0.0508(0.190s / 3.735s)
generated_audios/generated_H4_256C_pruned30_int8/61-70968-0061_generated.wav | RTF: 0.2711(1.499s / 5.530s) | Generator RTF: 0.2705(1.496s / 5.530s)
generated_audios/generated_H4_256C_pruned30_int8/61-70968-0062_generated.wav | RTF: 0.0530(0.135s / 2.555s) | Generator RTF: 0.0516(0.132s / 2.555s)
generated_audios/generated_H4_256C_pruned30_int8/61-70970-0000_generated.wav | RTF: 0.2683(1.630s / 6.075s) | Generator RTF: 0.2677(1.626s / 6.075s)
generated_audios/generated_H4_256C_pruned30_int8/61-70970-0001_generated.wav | RTF: 0.2721(1.675s / 6.155s) | Generator RTF: 0.2715(1.671s / 6.155s)
generated_audios/generated_H4_256C_pruned30_int8/61-70970-0002_generated.wav | RTF: 0.2731(1.138s / 4.165s) | Generator RTF: 0.2723(1.134s / 4.165s)
generated_audios/generated_H4_256C_pruned30_int8/61-70970-0003_generated.wav | RTF: 0.2663(1.021s / 3.835s) | Generator RTF: 0.2655(1.018s / 3.835s)
generated_audios/generated_H4_256C_pruned30_int8/61-70970-0004_generated.wav | RTF: 0.2769(2.912s / 10.515s) | Generator RTF: 0.2765(2.908s / 10.515s)
generated_audios/generated_H4_256C_pruned30_int8/61-70970-0005_generated.wav | RTF: 0.2799(0.565s / 2.020s) | Generator RTF: 0.2783(0.562s / 2.020s)
generated_audios/generated_H4_256C_pruned30_int8/61-70970-0006_generated.wav | RTF: 0.2697(0.630s / 2.335s) | Generator RTF: 0.2683(0.627s / 2.335s)
generated_audios/generated_H4_256C_pruned30_int8/61-70970-0007_generated.wav | RTF: 0.2747(1.232s / 4.485s) | Generator RTF: 0.2739(1.229s / 4.485s)
generated_audios/generated_H4_256C_pruned30_int8/61-70970-0008_generated.wav | RTF: 0.2841(0.611s / 2.150s) | Generator RTF: 0.2826(0.607s / 2.150s)
generated_audios/generated_H4_256C_pruned30_int8/61-70970-0009_generated.wav | RTF: 0.2764(0.941s / 3.405s) | Generator RTF: 0.2753(0.938s / 3.405s)
generated_audios/generated_H4_256C_pruned30_int8/61-70970-0010_generated.wav | RTF: 0.0518(0.158s / 3.045s) | Generator RTF: 0.0506(0.154s / 3.045s)
generated_audios/generated_H4_256C_pruned30_int8/61-70970-0011_generated.wav | RTF: 0.0618(0.375s / 6.075s) | Generator RTF: 0.0612(0.372s / 6.075s)
generated_audios/generated_H4_256C_pruned30_int8/61-70970-0012_generated.wav | RTF: 0.0509(0.160s / 3.135s) | Generator RTF: 0.0499(0.156s / 3.135s)
generated_audios/generated_H4_256C_pruned30_int8/61-70970-0013_generated.wav | RTF: 0.2749(1.196s / 4.350s) | Generator RTF: 0.2741(1.192s / 4.350s)
generated_audios/generated_H4_256C_pruned30_int8/61-70970-0014_generated.wav | RTF: 0.0448(0.152s / 3.405s) | Generator RTF: 0.0438(0.149s / 3.405s)
generated_audios/generated_H4_256C_pruned30_int8/61-70970-0015_generated.wav | RTF: 0.2767(2.329s / 8.415s) | Generator RTF: 0.2762(2.324s / 8.415s)
generated_audios/generated_H4_256C_pruned30_int8/61-70970-0016_generated.wav | RTF: 0.2723(1.190s / 4.370s) | Generator RTF: 0.2715(1.186s / 4.370s)
generated_audios/generated_H4_256C_pruned30_int8/61-70970-0017_generated.wav | RTF: 0.0541(0.138s / 2.550s) | Generator RTF: 0.0528(0.135s / 2.550s)
generated_audios/generated_H4_256C_pruned30_int8/61-70970-0018_generated.wav | RTF: 0.2670(1.228s / 4.600s) | Generator RTF: 0.2662(1.225s / 4.600s)
generated_audios/generated_H4_256C_pruned30_int8/61-70970-0019_generated.wav | RTF: 0.2715(1.026s / 3.780s) | Generator RTF: 0.2705(1.023s / 3.780s)
generated_audios/generated_H4_256C_pruned30_int8/61-70970-0020_generated.wav | RTF: 0.0517(0.260s / 5.025s) | Generator RTF: 0.0510(0.256s / 5.025s)
generated_audios/generated_H4_256C_pruned30_int8/61-70970-0021_generated.wav | RTF: 0.2708(1.463s / 5.405s) | Generator RTF: 0.2700(1.460s / 5.405s)
generated_audios/generated_H4_256C_pruned30_int8/61-70970-0022_generated.wav | RTF: 0.0510(0.202s / 3.970s) | Generator RTF: 0.0501(0.199s / 3.970s)
generated_audios/generated_H4_256C_pruned30_int8/61-70970-0023_generated.wav | RTF: 0.0511(0.189s / 3.705s) | Generator RTF: 0.0502(0.186s / 3.705s)
generated_audios/generated_H4_256C_pruned30_int8/61-70970-0024_generated.wav | RTF: 0.2763(1.999s / 7.235s) | Generator RTF: 0.2758(1.995s / 7.235s)
generated_audios/generated_H4_256C_pruned30_int8/61-70970-0025_generated.wav | RTF: 0.2808(2.088s / 7.435s) | Generator RTF: 0.2803(2.084s / 7.435s)
generated_audios/generated_H4_256C_pruned30_int8/61-70970-0026_generated.wav | RTF: 0.0517(0.283s / 5.475s) | Generator RTF: 0.0510(0.279s / 5.475s)
generated_audios/generated_H4_256C_pruned30_int8/61-70970-0027_generated.wav | RTF: 0.0520(0.264s / 5.080s) | Generator RTF: 0.0513(0.261s / 5.080s)
generated_audios/generated_H4_256C_pruned30_int8/61-70970-0028_generated.wav | RTF: 0.0523(0.343s / 6.550s) | Generator RTF: 0.0517(0.339s / 6.550s)
generated_audios/generated_H4_256C_pruned30_int8/61-70970-0029_generated.wav | RTF: 0.0523(0.211s / 4.030s) | Generator RTF: 0.0514(0.207s / 4.030s)
generated_audios/generated_H4_256C_pruned30_int8/61-70970-0030_generated.wav | RTF: 0.0520(0.169s / 3.240s) | Generator RTF: 0.0510(0.165s / 3.240s)
generated_audios/generated_H4_256C_pruned30_int8/61-70970-0031_generated.wav | RTF: 0.2727(1.400s / 5.135s) | Generator RTF: 0.2720(1.397s / 5.135s)
generated_audios/generated_H4_256C_pruned30_int8/61-70970-0032_generated.wav | RTF: 0.0516(0.162s / 3.135s) | Generator RTF: 0.0506(0.158s / 3.135s)
generated_audios/generated_H4_256C_pruned30_int8/61-70970-0033_generated.wav | RTF: 0.2661(0.910s / 3.420s) | Generator RTF: 0.2652(0.907s / 3.420s)
generated_audios/generated_H4_256C_pruned30_int8/61-70970-0034_generated.wav | RTF: 0.0496(0.223s / 4.485s) | Generator RTF: 0.0488(0.219s / 4.485s)
generated_audios/generated_H4_256C_pruned30_int8/61-70970-0035_generated.wav | RTF: 0.0511(0.379s / 7.405s) | Generator RTF: 0.0506(0.375s / 7.405s)
generated_audios/generated_H4_256C_pruned30_int8/61-70970-0036_generated.wav | RTF: 0.0526(0.357s / 6.785s) | Generator RTF: 0.0521(0.353s / 6.785s)
generated_audios/generated_H4_256C_pruned30_int8/61-70970-0037_generated.wav | RTF: 0.2672(1.598s / 5.980s) | Generator RTF: 0.2666(1.594s / 5.980s)
generated_audios/generated_H4_256C_pruned30_int8/61-70970-0038_generated.wav | RTF: 0.2757(2.867s / 10.400s) | Generator RTF: 0.2752(2.862s / 10.400s)
generated_audios/generated_H4_256C_pruned30_int8/61-70970-0039_generated.wav | RTF: 0.0521(0.347s / 6.665s) | Generator RTF: 0.0515(0.343s / 6.665s)
generated_audios/generated_H4_256C_pruned30_int8/61-70970-0040_generated.wav | RTF: 0.0507(0.211s / 4.165s) | Generator RTF: 0.0499(0.208s / 4.165s)
generated_audios/generated_H4_256C_pruned30_int8/672-122797-0000_generated.wav | RTF: 0.2713(1.104s / 4.070s) | Generator RTF: 0.2704(1.101s / 4.070s)
generated_audios/generated_H4_256C_pruned30_int8/672-122797-0001_generated.wav | RTF: 0.2782(4.209s / 15.130s) | Generator RTF: 0.2778(4.204s / 15.130s)
generated_audios/generated_H4_256C_pruned30_int8/672-122797-0002_generated.wav | RTF: 0.2766(3.768s / 13.620s) | Generator RTF: 0.2763(3.763s / 13.620s)
generated_audios/generated_H4_256C_pruned30_int8/672-122797-0003_generated.wav | RTF: 0.2743(1.306s / 4.760s) | Generator RTF: 0.2735(1.302s / 4.760s)
generated_audios/generated_H4_256C_pruned30_int8/672-122797-0004_generated.wav | RTF: 0.2739(2.808s / 10.250s) | Generator RTF: 0.2735(2.804s / 10.250s)
generated_audios/generated_H4_256C_pruned30_int8/672-122797-0005_generated.wav | RTF: 0.2758(0.899s / 3.260s) | Generator RTF: 0.2748(0.896s / 3.260s)
generated_audios/generated_H4_256C_pruned30_int8/672-122797-0006_generated.wav | RTF: 0.2777(3.874s / 13.950s) | Generator RTF: 0.2774(3.870s / 13.950s)
generated_audios/generated_H4_256C_pruned30_int8/672-122797-0007_generated.wav | RTF: 0.2687(1.725s / 6.420s) | Generator RTF: 0.2681(1.721s / 6.420s)
generated_audios/generated_H4_256C_pruned30_int8/672-122797-0008_generated.wav | RTF: 0.2812(8.665s / 30.810s) | Generator RTF: 0.2810(8.659s / 30.810s)
generated_audios/generated_H4_256C_pruned30_int8/672-122797-0009_generated.wav | RTF: 0.0517(0.143s / 2.765s) | Generator RTF: 0.0507(0.140s / 2.765s)
generated_audios/generated_H4_256C_pruned30_int8/672-122797-0010_generated.wav | RTF: 0.0515(0.197s / 3.815s) | Generator RTF: 0.0507(0.193s / 3.815s)
generated_audios/generated_H4_256C_pruned30_int8/672-122797-0011_generated.wav | RTF: 0.2760(0.701s / 2.540s) | Generator RTF: 0.2747(0.698s / 2.540s)
generated_audios/generated_H4_256C_pruned30_int8/672-122797-0012_generated.wav | RTF: 0.2779(2.158s / 7.765s) | Generator RTF: 0.2774(2.154s / 7.765s)
generated_audios/generated_H4_256C_pruned30_int8/672-122797-0013_generated.wav | RTF: 0.2734(2.380s / 8.705s) | Generator RTF: 0.2729(2.376s / 8.705s)
generated_audios/generated_H4_256C_pruned30_int8/672-122797-0014_generated.wav | RTF: 0.0536(0.137s / 2.555s) | Generator RTF: 0.0523(0.134s / 2.555s)
generated_audios/generated_H4_256C_pruned30_int8/672-122797-0015_generated.wav | RTF: 0.0505(0.225s / 4.455s) | Generator RTF: 0.0497(0.221s / 4.455s)
generated_audios/generated_H4_256C_pruned30_int8/672-122797-0016_generated.wav | RTF: 0.2737(2.522s / 9.215s) | Generator RTF: 0.2733(2.519s / 9.215s)
generated_audios/generated_H4_256C_pruned30_int8/672-122797-0017_generated.wav | RTF: 0.2718(1.310s / 4.820s) | Generator RTF: 0.2711(1.307s / 4.820s)
generated_audios/generated_H4_256C_pruned30_int8/672-122797-0018_generated.wav | RTF: 0.2701(1.332s / 4.930s) | Generator RTF: 0.2694(1.328s / 4.930s)
generated_audios/generated_H4_256C_pruned30_int8/672-122797-0019_generated.wav | RTF: 0.2650(1.089s / 4.110s) | Generator RTF: 0.2642(1.086s / 4.110s)
generated_audios/generated_H4_256C_pruned30_int8/672-122797-0020_generated.wav | RTF: 0.2776(2.449s / 8.825s) | Generator RTF: 0.2771(2.446s / 8.825s)
generated_audios/generated_H4_256C_pruned30_int8/672-122797-0021_generated.wav | RTF: 0.0521(0.216s / 4.150s) | Generator RTF: 0.0512(0.213s / 4.150s)
generated_audios/generated_H4_256C_pruned30_int8/672-122797-0022_generated.wav | RTF: 0.2823(5.365s / 19.005s) | Generator RTF: 0.2820(5.360s / 19.005s)
generated_audios/generated_H4_256C_pruned30_int8/672-122797-0023_generated.wav | RTF: 0.2781(2.696s / 9.695s) | Generator RTF: 0.2777(2.692s / 9.695s)
generated_audios/generated_H4_256C_pruned30_int8/672-122797-0024_generated.wav | RTF: 0.2741(1.132s / 4.130s) | Generator RTF: 0.2732(1.128s / 4.130s)
generated_audios/generated_H4_256C_pruned30_int8/672-122797-0025_generated.wav | RTF: 0.2799(2.993s / 10.690s) | Generator RTF: 0.2796(2.989s / 10.690s)
generated_audios/generated_H4_256C_pruned30_int8/672-122797-0026_generated.wav | RTF: 0.2798(3.906s / 13.960s) | Generator RTF: 0.2795(3.902s / 13.960s)
generated_audios/generated_H4_256C_pruned30_int8/672-122797-0027_generated.wav | RTF: 0.0512(0.245s / 4.790s) | Generator RTF: 0.0505(0.242s / 4.790s)
generated_audios/generated_H4_256C_pruned30_int8/672-122797-0028_generated.wav | RTF: 0.0538(0.140s / 2.610s) | Generator RTF: 0.0525(0.137s / 2.610s)
generated_audios/generated_H4_256C_pruned30_int8/672-122797-0029_generated.wav | RTF: 0.0521(0.159s / 3.050s) | Generator RTF: 0.0510(0.155s / 3.050s)
generated_audios/generated_H4_256C_pruned30_int8/672-122797-0030_generated.wav | RTF: 0.2691(1.231s / 4.575s) | Generator RTF: 0.2684(1.228s / 4.575s)
generated_audios/generated_H4_256C_pruned30_int8/672-122797-0031_generated.wav | RTF: 0.0509(0.203s / 3.980s) | Generator RTF: 0.0501(0.199s / 3.980s)
generated_audios/generated_H4_256C_pruned30_int8/672-122797-0032_generated.wav | RTF: 0.0502(0.201s / 4.000s) | Generator RTF: 0.0494(0.197s / 4.000s)
generated_audios/generated_H4_256C_pruned30_int8/672-122797-0033_generated.wav | RTF: 0.2720(0.350s / 1.285s) | Generator RTF: 0.2694(0.346s / 1.285s)
generated_audios/generated_H4_256C_pruned30_int8/672-122797-0034_generated.wav | RTF: 0.0511(0.261s / 5.110s) | Generator RTF: 0.0506(0.258s / 5.110s)
generated_audios/generated_H4_256C_pruned30_int8/672-122797-0035_generated.wav | RTF: 0.0516(0.150s / 2.900s) | Generator RTF: 0.0505(0.147s / 2.900s)
generated_audios/generated_H4_256C_pruned30_int8/672-122797-0036_generated.wav | RTF: 0.0523(0.280s / 5.365s) | Generator RTF: 0.0516(0.277s / 5.365s)
generated_audios/generated_H4_256C_pruned30_int8/672-122797-0037_generated.wav | RTF: 0.2609(0.511s / 1.960s) | Generator RTF: 0.2593(0.508s / 1.960s)
generated_audios/generated_H4_256C_pruned30_int8/672-122797-0038_generated.wav | RTF: 0.2738(2.409s / 8.800s) | Generator RTF: 0.2733(2.405s / 8.800s)
generated_audios/generated_H4_256C_pruned30_int8/672-122797-0039_generated.wav | RTF: 0.2745(1.105s / 4.025s) | Generator RTF: 0.2736(1.101s / 4.025s)
generated_audios/generated_H4_256C_pruned30_int8/672-122797-0040_generated.wav | RTF: 0.0537(0.275s / 5.125s) | Generator RTF: 0.0531(0.272s / 5.125s)
generated_audios/generated_H4_256C_pruned30_int8/672-122797-0041_generated.wav | RTF: 0.0519(0.201s / 3.880s) | Generator RTF: 0.0511(0.198s / 3.880s)
generated_audios/generated_H4_256C_pruned30_int8/672-122797-0042_generated.wav | RTF: 0.2801(4.289s / 15.310s) | Generator RTF: 0.2798(4.284s / 15.310s)
generated_audios/generated_H4_256C_pruned30_int8/672-122797-0043_generated.wav | RTF: 0.0514(0.194s / 3.780s) | Generator RTF: 0.0508(0.192s / 3.780s)
generated_audios/generated_H4_256C_pruned30_int8/672-122797-0044_generated.wav | RTF: 0.0519(0.194s / 3.740s) | Generator RTF: 0.0509(0.190s / 3.740s)
generated_audios/generated_H4_256C_pruned30_int8/672-122797-0045_generated.wav | RTF: 0.0559(0.780s / 13.960s) | Generator RTF: 0.0555(0.775s / 13.960s)
generated_audios/generated_H4_256C_pruned30_int8/672-122797-0046_generated.wav | RTF: 0.2701(1.274s / 4.715s) | Generator RTF: 0.2694(1.270s / 4.715s)
generated_audios/generated_H4_256C_pruned30_int8/672-122797-0047_generated.wav | RTF: 0.2701(0.898s / 3.325s) | Generator RTF: 0.2690(0.895s / 3.325s)
generated_audios/generated_H4_256C_pruned30_int8/672-122797-0048_generated.wav | RTF: 0.0514(0.337s / 6.555s) | Generator RTF: 0.0509(0.333s / 6.555s)
generated_audios/generated_H4_256C_pruned30_int8/672-122797-0049_generated.wav | RTF: 0.0549(0.111s / 2.020s) | Generator RTF: 0.0534(0.108s / 2.020s)
generated_audios/generated_H4_256C_pruned30_int8/672-122797-0050_generated.wav | RTF: 0.2749(1.335s / 4.855s) | Generator RTF: 0.2742(1.331s / 4.855s)
generated_audios/generated_H4_256C_pruned30_int8/672-122797-0051_generated.wav | RTF: 0.2741(1.279s / 4.665s) | Generator RTF: 0.2735(1.276s / 4.665s)
generated_audios/generated_H4_256C_pruned30_int8/672-122797-0052_generated.wav | RTF: 0.2671(1.145s / 4.285s) | Generator RTF: 0.2665(1.142s / 4.285s)
generated_audios/generated_H4_256C_pruned30_int8/672-122797-0053_generated.wav | RTF: 0.0519(0.153s / 2.955s) | Generator RTF: 0.0509(0.150s / 2.955s)
generated_audios/generated_H4_256C_pruned30_int8/672-122797-0054_generated.wav | RTF: 0.0497(0.211s / 4.250s) | Generator RTF: 0.0489(0.208s / 4.250s)
generated_audios/generated_H4_256C_pruned30_int8/672-122797-0055_generated.wav | RTF: 0.2742(2.257s / 8.230s) | Generator RTF: 0.2737(2.253s / 8.230s)
generated_audios/generated_H4_256C_pruned30_int8/672-122797-0056_generated.wav | RTF: 0.0519(0.271s / 5.225s) | Generator RTF: 0.0512(0.268s / 5.225s)
generated_audios/generated_H4_256C_pruned30_int8/672-122797-0057_generated.wav | RTF: 0.0527(0.346s / 6.560s) | Generator RTF: 0.0522(0.343s / 6.560s)
generated_audios/generated_H4_256C_pruned30_int8/672-122797-0058_generated.wav | RTF: 0.2749(1.229s / 4.470s) | Generator RTF: 0.2742(1.226s / 4.470s)
generated_audios/generated_H4_256C_pruned30_int8/672-122797-0059_generated.wav | RTF: 0.2682(0.944s / 3.520s) | Generator RTF: 0.2673(0.941s / 3.520s)
generated_audios/generated_H4_256C_pruned30_int8/672-122797-0060_generated.wav | RTF: 0.0530(0.178s / 3.350s) | Generator RTF: 0.0521(0.175s / 3.350s)
generated_audios/generated_H4_256C_pruned30_int8/672-122797-0061_generated.wav | RTF: 0.2724(2.068s / 7.590s) | Generator RTF: 0.2720(2.064s / 7.590s)
generated_audios/generated_H4_256C_pruned30_int8/672-122797-0062_generated.wav | RTF: 0.2755(0.737s / 2.675s) | Generator RTF: 0.2744(0.734s / 2.675s)
generated_audios/generated_H4_256C_pruned30_int8/672-122797-0063_generated.wav | RTF: 0.0525(0.266s / 5.075s) | Generator RTF: 0.0519(0.263s / 5.075s)
generated_audios/generated_H4_256C_pruned30_int8/672-122797-0064_generated.wav | RTF: 0.2806(4.284s / 15.270s) | Generator RTF: 0.2803(4.280s / 15.270s)
generated_audios/generated_H4_256C_pruned30_int8/672-122797-0065_generated.wav | RTF: 0.0527(0.160s / 3.030s) | Generator RTF: 0.0516(0.156s / 3.030s)
generated_audios/generated_H4_256C_pruned30_int8/672-122797-0066_generated.wav | RTF: 0.0502(0.242s / 4.815s) | Generator RTF: 0.0495(0.238s / 4.815s)
generated_audios/generated_H4_256C_pruned30_int8/672-122797-0067_generated.wav | RTF: 0.2784(3.629s / 13.035s) | Generator RTF: 0.2781(3.625s / 13.035s)
generated_audios/generated_H4_256C_pruned30_int8/672-122797-0068_generated.wav | RTF: 0.0502(0.202s / 4.020s) | Generator RTF: 0.0493(0.198s / 4.020s)
generated_audios/generated_H4_256C_pruned30_int8/672-122797-0069_generated.wav | RTF: 0.2747(1.376s / 5.010s) | Generator RTF: 0.2741(1.373s / 5.010s)
generated_audios/generated_H4_256C_pruned30_int8/672-122797-0070_generated.wav | RTF: 0.2750(1.724s / 6.270s) | Generator RTF: 0.2744(1.721s / 6.270s)
generated_audios/generated_H4_256C_pruned30_int8/672-122797-0071_generated.wav | RTF: 0.2788(2.474s / 8.875s) | Generator RTF: 0.2783(2.470s / 8.875s)
generated_audios/generated_H4_256C_pruned30_int8/672-122797-0072_generated.wav | RTF: 0.2739(2.175s / 7.940s) | Generator RTF: 0.2735(2.172s / 7.940s)
generated_audios/generated_H4_256C_pruned30_int8/672-122797-0073_generated.wav | RTF: 0.2765(2.268s / 8.205s) | Generator RTF: 0.2760(2.264s / 8.205s)
generated_audios/generated_H4_256C_pruned30_int8/672-122797-0074_generated.wav | RTF: 0.2742(2.393s / 8.730s) | Generator RTF: 0.2737(2.390s / 8.730s)
generated_audios/generated_H4_256C_pruned30_int8/908-157963-0000_generated.wav | RTF: 0.2759(3.482s / 12.620s) | Generator RTF: 0.2756(3.478s / 12.620s)
generated_audios/generated_H4_256C_pruned30_int8/908-157963-0001_generated.wav | RTF: 0.2701(0.779s / 2.885s) | Generator RTF: 0.2689(0.776s / 2.885s)
generated_audios/generated_H4_256C_pruned30_int8/908-157963-0002_generated.wav | RTF: 0.2627(0.724s / 2.755s) | Generator RTF: 0.2615(0.720s / 2.755s)
generated_audios/generated_H4_256C_pruned30_int8/908-157963-0003_generated.wav | RTF: 0.2726(0.839s / 3.080s) | Generator RTF: 0.2716(0.836s / 3.080s)
generated_audios/generated_H4_256C_pruned30_int8/908-157963-0004_generated.wav | RTF: 0.2799(3.916s / 13.990s) | Generator RTF: 0.2796(3.912s / 13.990s)
generated_audios/generated_H4_256C_pruned30_int8/908-157963-0005_generated.wav | RTF: 0.2753(1.937s / 7.035s) | Generator RTF: 0.2747(1.933s / 7.035s)
generated_audios/generated_H4_256C_pruned30_int8/908-157963-0006_generated.wav | RTF: 0.2778(2.253s / 8.110s) | Generator RTF: 0.2773(2.249s / 8.110s)
generated_audios/generated_H4_256C_pruned30_int8/908-157963-0007_generated.wav | RTF: 0.2835(9.289s / 32.770s) | Generator RTF: 0.2833(9.283s / 32.770s)
generated_audios/generated_H4_256C_pruned30_int8/908-157963-0008_generated.wav | RTF: 0.2826(5.638s / 19.950s) | Generator RTF: 0.2823(5.632s / 19.950s)
generated_audios/generated_H4_256C_pruned30_int8/908-157963-0009_generated.wav | RTF: 0.2718(1.104s / 4.060s) | Generator RTF: 0.2710(1.100s / 4.060s)
generated_audios/generated_H4_256C_pruned30_int8/908-157963-0010_generated.wav | RTF: 0.0459(0.288s / 6.280s) | Generator RTF: 0.0453(0.285s / 6.280s)
generated_audios/generated_H4_256C_pruned30_int8/908-157963-0011_generated.wav | RTF: 0.0542(0.564s / 10.395s) | Generator RTF: 0.0539(0.560s / 10.395s)
generated_audios/generated_H4_256C_pruned30_int8/908-157963-0012_generated.wav | RTF: 0.2780(2.805s / 10.090s) | Generator RTF: 0.2776(2.801s / 10.090s)
generated_audios/generated_H4_256C_pruned30_int8/908-157963-0013_generated.wav | RTF: 0.0502(0.216s / 4.315s) | Generator RTF: 0.0494(0.213s / 4.315s)
generated_audios/generated_H4_256C_pruned30_int8/908-157963-0014_generated.wav | RTF: 0.0495(0.224s / 4.520s) | Generator RTF: 0.0487(0.220s / 4.520s)
generated_audios/generated_H4_256C_pruned30_int8/908-157963-0015_generated.wav | RTF: 0.2787(4.031s / 14.465s) | Generator RTF: 0.2784(4.027s / 14.465s)
generated_audios/generated_H4_256C_pruned30_int8/908-157963-0016_generated.wav | RTF: 0.0502(0.256s / 5.105s) | Generator RTF: 0.0495(0.253s / 5.105s)
generated_audios/generated_H4_256C_pruned30_int8/908-157963-0017_generated.wav | RTF: 0.2644(1.309s / 4.950s) | Generator RTF: 0.2637(1.305s / 4.950s)
generated_audios/generated_H4_256C_pruned30_int8/908-157963-0018_generated.wav | RTF: 0.0501(0.213s / 4.255s) | Generator RTF: 0.0493(0.210s / 4.255s)
generated_audios/generated_H4_256C_pruned30_int8/908-157963-0019_generated.wav | RTF: 0.2817(6.039s / 21.440s) | Generator RTF: 0.2814(6.034s / 21.440s)
generated_audios/generated_H4_256C_pruned30_int8/908-157963-0020_generated.wav | RTF: 0.2768(2.713s / 9.800s) | Generator RTF: 0.2764(2.709s / 9.800s)
generated_audios/generated_H4_256C_pruned30_int8/908-157963-0021_generated.wav | RTF: 0.0536(0.548s / 10.240s) | Generator RTF: 0.0531(0.544s / 10.240s)
generated_audios/generated_H4_256C_pruned30_int8/908-157963-0022_generated.wav | RTF: 0.2751(1.268s / 4.610s) | Generator RTF: 0.2743(1.265s / 4.610s)
generated_audios/generated_H4_256C_pruned30_int8/908-157963-0023_generated.wav | RTF: 0.2762(2.658s / 9.625s) | Generator RTF: 0.2758(2.655s / 9.625s)
generated_audios/generated_H4_256C_pruned30_int8/908-157963-0024_generated.wav | RTF: 0.2713(0.933s / 3.440s) | Generator RTF: 0.2704(0.930s / 3.440s)
generated_audios/generated_H4_256C_pruned30_int8/908-157963-0025_generated.wav | RTF: 0.2763(2.560s / 9.265s) | Generator RTF: 0.2759(2.556s / 9.265s)
generated_audios/generated_H4_256C_pruned30_int8/908-157963-0026_generated.wav | RTF: 0.2767(2.241s / 8.100s) | Generator RTF: 0.2762(2.237s / 8.100s)
generated_audios/generated_H4_256C_pruned30_int8/908-157963-0027_generated.wav | RTF: 0.0535(0.280s / 5.225s) | Generator RTF: 0.0529(0.276s / 5.225s)
generated_audios/generated_H4_256C_pruned30_int8/908-157963-0028_generated.wav | RTF: 0.0463(0.229s / 4.955s) | Generator RTF: 0.0456(0.226s / 4.955s)
generated_audios/generated_H4_256C_pruned30_int8/908-157963-0029_generated.wav | RTF: 0.2683(0.974s / 3.630s) | Generator RTF: 0.2674(0.971s / 3.630s)
generated_audios/generated_H4_256C_pruned30_int8/908-157963-0030_generated.wav | RTF: 0.0452(0.204s / 4.520s) | Generator RTF: 0.0445(0.201s / 4.520s)
generated_audios/generated_H4_256C_pruned30_int8/908-31957-0000_generated.wav | RTF: 0.2662(0.566s / 2.125s) | Generator RTF: 0.2647(0.563s / 2.125s)
generated_audios/generated_H4_256C_pruned30_int8/908-31957-0001_generated.wav | RTF: 0.2768(3.132s / 11.315s) | Generator RTF: 0.2765(3.128s / 11.315s)
generated_audios/generated_H4_256C_pruned30_int8/908-31957-0002_generated.wav | RTF: 0.0512(0.245s / 4.790s) | Generator RTF: 0.0505(0.242s / 4.790s)
generated_audios/generated_H4_256C_pruned30_int8/908-31957-0003_generated.wav | RTF: 0.0523(0.343s / 6.565s) | Generator RTF: 0.0517(0.340s / 6.565s)
generated_audios/generated_H4_256C_pruned30_int8/908-31957-0004_generated.wav | RTF: 0.2791(4.118s / 14.755s) | Generator RTF: 0.2788(4.114s / 14.755s)
generated_audios/generated_H4_256C_pruned30_int8/908-31957-0005_generated.wav | RTF: 0.0509(0.229s / 4.490s) | Generator RTF: 0.0502(0.225s / 4.490s)
generated_audios/generated_H4_256C_pruned30_int8/908-31957-0006_generated.wav | RTF: 0.2701(1.591s / 5.890s) | Generator RTF: 0.2695(1.588s / 5.890s)
generated_audios/generated_H4_256C_pruned30_int8/908-31957-0007_generated.wav | RTF: 0.0520(0.302s / 5.800s) | Generator RTF: 0.0514(0.298s / 5.800s)
generated_audios/generated_H4_256C_pruned30_int8/908-31957-0008_generated.wav | RTF: 0.2753(2.755s / 10.005s) | Generator RTF: 0.2750(2.751s / 10.005s)
generated_audios/generated_H4_256C_pruned30_int8/908-31957-0009_generated.wav | RTF: 0.2729(2.103s / 7.705s) | Generator RTF: 0.2724(2.099s / 7.705s)
generated_audios/generated_H4_256C_pruned30_int8/908-31957-0010_generated.wav | RTF: 0.2629(0.660s / 2.510s) | Generator RTF: 0.2616(0.657s / 2.510s)
generated_audios/generated_H4_256C_pruned30_int8/908-31957-0011_generated.wav | RTF: 0.0536(0.125s / 2.335s) | Generator RTF: 0.0524(0.122s / 2.335s)
generated_audios/generated_H4_256C_pruned30_int8/908-31957-0012_generated.wav | RTF: 0.2740(2.086s / 7.615s) | Generator RTF: 0.2735(2.083s / 7.615s)
generated_audios/generated_H4_256C_pruned30_int8/908-31957-0013_generated.wav | RTF: 0.2756(1.703s / 6.180s) | Generator RTF: 0.2751(1.700s / 6.180s)
generated_audios/generated_H4_256C_pruned30_int8/908-31957-0014_generated.wav | RTF: 0.2732(2.066s / 7.560s) | Generator RTF: 0.2728(2.062s / 7.560s)
generated_audios/generated_H4_256C_pruned30_int8/908-31957-0015_generated.wav | RTF: 0.2827(6.069s / 21.465s) | Generator RTF: 0.2825(6.064s / 21.465s)
generated_audios/generated_H4_256C_pruned30_int8/908-31957-0016_generated.wav | RTF: 0.2702(1.751s / 6.480s) | Generator RTF: 0.2696(1.747s / 6.480s)
generated_audios/generated_H4_256C_pruned30_int8/908-31957-0017_generated.wav | RTF: 0.2667(2.079s / 7.795s) | Generator RTF: 0.2662(2.075s / 7.795s)
generated_audios/generated_H4_256C_pruned30_int8/908-31957-0018_generated.wav | RTF: 0.2661(1.042s / 3.915s) | Generator RTF: 0.2652(1.038s / 3.915s)
generated_audios/generated_H4_256C_pruned30_int8/908-31957-0019_generated.wav | RTF: 0.2727(2.601s / 9.540s) | Generator RTF: 0.2723(2.597s / 9.540s)
generated_audios/generated_H4_256C_pruned30_int8/908-31957-0020_generated.wav | RTF: 0.0471(0.278s / 5.895s) | Generator RTF: 0.0465(0.274s / 5.895s)
generated_audios/generated_H4_256C_pruned30_int8/908-31957-0021_generated.wav | RTF: 0.2721(2.967s / 10.905s) | Generator RTF: 0.2718(2.964s / 10.905s)
generated_audios/generated_H4_256C_pruned30_int8/908-31957-0022_generated.wav | RTF: 0.2781(3.921s / 14.100s) | Generator RTF: 0.2778(3.917s / 14.100s)
generated_audios/generated_H4_256C_pruned30_int8/908-31957-0023_generated.wav | RTF: 0.2720(2.316s / 8.515s) | Generator RTF: 0.2715(2.312s / 8.515s)
generated_audios/generated_H4_256C_pruned30_int8/908-31957-0024_generated.wav | RTF: 0.2793(2.106s / 7.540s) | Generator RTF: 0.2788(2.102s / 7.540s)
generated_audios/generated_H4_256C_pruned30_int8/908-31957-0025_generated.wav | RTF: 0.2977(6.121s / 20.560s) | Generator RTF: 0.2975(6.116s / 20.560s)
Average RTF: 0.2055(649.377s / 3159.849s)
Average Generator RTF: 0.2049(647.566s / 3159.849s)
Evaluation summary:
  Mel-spectrogram L1: 0.481416
  PESQ: 2.175376
  STOI: 0.921835
Appended per-audio metrics to CSV: per_audio_results/H4_256C_int8_Physical_pruning

Appended metrics to CSV: experiments_results.csv
========== H4: pruning 50% + quantize ==========
Initializing Inference Process..
Using device: cpu (baseline and quantized inference both run on CPU)
Quantization enabled: forcing CPU inference for INT8 model.
Loading '/home/hpc/vlbi/vlbi107v/hifi-gan/cp_hifigan/v1_c256_physical50/g_00265000'
Complete.
Checkpoint contains plain conv weights. Removing weight_norm wrappers before loading...
Removing weight norm...
Removing weight norm...
Calibrating static quantization using 50 samples...
INT8 quantization scope: resblocks_range
Quantizing residual blocks 3..8; all other layers stay FP32.
Checking quantized modules after static quantization:
Quantized module: resblocks.3.convs1.0 (torch.ao.nn.quantized.modules.conv.Conv1d)
Quantized module: resblocks.3.convs1.1 (torch.ao.nn.quantized.modules.conv.Conv1d)
Quantized module: resblocks.3.convs1.2 (torch.ao.nn.quantized.modules.conv.Conv1d)
Quantized module: resblocks.3.convs2.0 (torch.ao.nn.quantized.modules.conv.Conv1d)
Quantized module: resblocks.3.convs2.1 (torch.ao.nn.quantized.modules.conv.Conv1d)
Quantized module: resblocks.3.convs2.2 (torch.ao.nn.quantized.modules.conv.Conv1d)
Quantized module: resblocks.4.convs1.0 (torch.ao.nn.quantized.modules.conv.Conv1d)
Quantized module: resblocks.4.convs1.1 (torch.ao.nn.quantized.modules.conv.Conv1d)
Quantized module: resblocks.4.convs1.2 (torch.ao.nn.quantized.modules.conv.Conv1d)
Quantized module: resblocks.4.convs2.0 (torch.ao.nn.quantized.modules.conv.Conv1d)
Quantized module: resblocks.4.convs2.1 (torch.ao.nn.quantized.modules.conv.Conv1d)
Quantized module: resblocks.4.convs2.2 (torch.ao.nn.quantized.modules.conv.Conv1d)
Quantized module: resblocks.5.convs1.0 (torch.ao.nn.quantized.modules.conv.Conv1d)
Quantized module: resblocks.5.convs1.1 (torch.ao.nn.quantized.modules.conv.Conv1d)
Quantized module: resblocks.5.convs1.2 (torch.ao.nn.quantized.modules.conv.Conv1d)
Quantized module: resblocks.5.convs2.0 (torch.ao.nn.quantized.modules.conv.Conv1d)
Quantized module: resblocks.5.convs2.1 (torch.ao.nn.quantized.modules.conv.Conv1d)
Quantized module: resblocks.5.convs2.2 (torch.ao.nn.quantized.modules.conv.Conv1d)
Quantized module: resblocks.6.convs1.0 (torch.ao.nn.quantized.modules.conv.Conv1d)
Quantized module: resblocks.6.convs1.1 (torch.ao.nn.quantized.modules.conv.Conv1d)
Quantized module: resblocks.6.convs1.2 (torch.ao.nn.quantized.modules.conv.Conv1d)
Quantized module: resblocks.6.convs2.0 (torch.ao.nn.quantized.modules.conv.Conv1d)
Quantized module: resblocks.6.convs2.1 (torch.ao.nn.quantized.modules.conv.Conv1d)
Quantized module: resblocks.6.convs2.2 (torch.ao.nn.quantized.modules.conv.Conv1d)
Quantized module: resblocks.7.convs1.0 (torch.ao.nn.quantized.modules.conv.Conv1d)
Quantized module: resblocks.7.convs1.1 (torch.ao.nn.quantized.modules.conv.Conv1d)
Quantized module: resblocks.7.convs1.2 (torch.ao.nn.quantized.modules.conv.Conv1d)
Quantized module: resblocks.7.convs2.0 (torch.ao.nn.quantized.modules.conv.Conv1d)
Quantized module: resblocks.7.convs2.1 (torch.ao.nn.quantized.modules.conv.Conv1d)
Quantized module: resblocks.7.convs2.2 (torch.ao.nn.quantized.modules.conv.Conv1d)
Quantized module: resblocks.8.convs1.0 (torch.ao.nn.quantized.modules.conv.Conv1d)
Quantized module: resblocks.8.convs1.1 (torch.ao.nn.quantized.modules.conv.Conv1d)
Quantized module: resblocks.8.convs1.2 (torch.ao.nn.quantized.modules.conv.Conv1d)
Quantized module: resblocks.8.convs2.0 (torch.ao.nn.quantized.modules.conv.Conv1d)
Quantized module: resblocks.8.convs2.1 (torch.ao.nn.quantized.modules.conv.Conv1d)
Quantized module: resblocks.8.convs2.2 (torch.ao.nn.quantized.modules.conv.Conv1d)
Saving checkpoint to /home/hpc/vlbi/vlbi107v/hifi-gan/cp_hifigan/v1_c256_physical50/compressed_checkpoint_int8
Complete.
Saved compressed checkpoint: /home/hpc/vlbi/vlbi107v/hifi-gan/cp_hifigan/v1_c256_physical50/compressed_checkpoint_int8 (7.543 MB)
Compressed checkpoint parameters: 2,183,833
Loaded checkpoint: /home/hpc/vlbi/vlbi107v/hifi-gan/cp_hifigan/v1_c256_physical50/g_00265000 (8.382 MB)
Generator parameters: 2,183,833
generated_audios/generated_H4_256C_pruned50_int8/1089-134686-0000_generated.wav | RTF: 0.0445(0.465s / 10.435s) | Generator RTF: 0.0442(0.461s / 10.435s)
generated_audios/generated_H4_256C_pruned50_int8/1089-134686-0001_generated.wav | RTF: 0.0444(0.146s / 3.275s) | Generator RTF: 0.0435(0.142s / 3.275s)
generated_audios/generated_H4_256C_pruned50_int8/1089-134686-0002_generated.wav | RTF: 0.0442(0.293s / 6.625s) | Generator RTF: 0.0436(0.289s / 6.625s)
generated_audios/generated_H4_256C_pruned50_int8/1089-134686-0003_generated.wav | RTF: 0.0430(0.115s / 2.680s) | Generator RTF: 0.0419(0.112s / 2.680s)
generated_audios/generated_H4_256C_pruned50_int8/1089-134686-0004_generated.wav | RTF: 0.0420(0.219s / 5.215s) | Generator RTF: 0.0413(0.215s / 5.215s)
generated_audios/generated_H4_256C_pruned50_int8/1089-134686-0005_generated.wav | RTF: 0.0460(0.443s / 9.635s) | Generator RTF: 0.0456(0.439s / 9.635s)
generated_audios/generated_H4_256C_pruned50_int8/1089-134686-0006_generated.wav | RTF: 0.0458(0.483s / 10.555s) | Generator RTF: 0.0454(0.480s / 10.555s)
generated_audios/generated_H4_256C_pruned50_int8/1089-134686-0007_generated.wav | RTF: 0.0445(0.190s / 4.275s) | Generator RTF: 0.0436(0.187s / 4.275s)
generated_audios/generated_H4_256C_pruned50_int8/1089-134686-0008_generated.wav | RTF: 0.0422(0.284s / 6.730s) | Generator RTF: 0.0417(0.280s / 6.730s)
generated_audios/generated_H4_256C_pruned50_int8/1089-134686-0009_generated.wav | RTF: 0.0465(0.492s / 10.575s) | Generator RTF: 0.0461(0.488s / 10.575s)
generated_audios/generated_H4_256C_pruned50_int8/1089-134686-0010_generated.wav | RTF: 0.0426(0.188s / 4.405s) | Generator RTF: 0.0419(0.184s / 4.405s)
generated_audios/generated_H4_256C_pruned50_int8/1089-134686-0011_generated.wav | RTF: 0.0478(0.595s / 12.445s) | Generator RTF: 0.0475(0.591s / 12.445s)
generated_audios/generated_H4_256C_pruned50_int8/1089-134686-0012_generated.wav | RTF: 0.0474(0.552s / 11.640s) | Generator RTF: 0.0471(0.548s / 11.640s)
generated_audios/generated_H4_256C_pruned50_int8/1089-134686-0013_generated.wav | RTF: 0.0428(0.339s / 7.915s) | Generator RTF: 0.0423(0.335s / 7.915s)
generated_audios/generated_H4_256C_pruned50_int8/1089-134686-0014_generated.wav | RTF: 0.0439(0.098s / 2.225s) | Generator RTF: 0.0424(0.094s / 2.225s)
generated_audios/generated_H4_256C_pruned50_int8/1089-134686-0015_generated.wav | RTF: 0.0423(0.246s / 5.815s) | Generator RTF: 0.0418(0.243s / 5.815s)
generated_audios/generated_H4_256C_pruned50_int8/1089-134686-0016_generated.wav | RTF: 0.0440(0.156s / 3.540s) | Generator RTF: 0.0431(0.153s / 3.540s)
generated_audios/generated_H4_256C_pruned50_int8/1089-134686-0017_generated.wav | RTF: 0.0441(0.391s / 8.870s) | Generator RTF: 0.0436(0.387s / 8.870s)
generated_audios/generated_H4_256C_pruned50_int8/1089-134686-0018_generated.wav | RTF: 0.0511(0.804s / 15.720s) | Generator RTF: 0.0508(0.799s / 15.720s)
generated_audios/generated_H4_256C_pruned50_int8/1089-134686-0019_generated.wav | RTF: 0.0489(0.680s / 13.895s) | Generator RTF: 0.0486(0.676s / 13.895s)
generated_audios/generated_H4_256C_pruned50_int8/1089-134686-0020_generated.wav | RTF: 0.0515(0.865s / 16.790s) | Generator RTF: 0.0512(0.860s / 16.790s)
generated_audios/generated_H4_256C_pruned50_int8/1089-134686-0021_generated.wav | RTF: 0.0427(0.280s / 6.550s) | Generator RTF: 0.0422(0.276s / 6.550s)
generated_audios/generated_H4_256C_pruned50_int8/1089-134686-0022_generated.wav | RTF: 0.0446(0.499s / 11.175s) | Generator RTF: 0.0443(0.495s / 11.175s)
generated_audios/generated_H4_256C_pruned50_int8/1089-134686-0023_generated.wav | RTF: 0.0505(0.670s / 13.275s) | Generator RTF: 0.0501(0.666s / 13.275s)
generated_audios/generated_H4_256C_pruned50_int8/1089-134686-0024_generated.wav | RTF: 0.0475(0.554s / 11.655s) | Generator RTF: 0.0472(0.550s / 11.655s)
generated_audios/generated_H4_256C_pruned50_int8/1089-134686-0025_generated.wav | RTF: 0.0429(0.284s / 6.610s) | Generator RTF: 0.0424(0.280s / 6.610s)
generated_audios/generated_H4_256C_pruned50_int8/1089-134686-0026_generated.wav | RTF: 0.0438(0.176s / 4.010s) | Generator RTF: 0.0431(0.173s / 4.010s)
generated_audios/generated_H4_256C_pruned50_int8/1089-134686-0027_generated.wav | RTF: 0.0436(0.118s / 2.710s) | Generator RTF: 0.0423(0.115s / 2.710s)
generated_audios/generated_H4_256C_pruned50_int8/1089-134686-0028_generated.wav | RTF: 0.0441(0.345s / 7.830s) | Generator RTF: 0.0436(0.341s / 7.830s)
generated_audios/generated_H4_256C_pruned50_int8/1089-134686-0029_generated.wav | RTF: 0.0439(0.205s / 4.670s) | Generator RTF: 0.0431(0.201s / 4.670s)
generated_audios/generated_H4_256C_pruned50_int8/1089-134686-0030_generated.wav | RTF: 0.0378(0.103s / 2.715s) | Generator RTF: 0.0367(0.100s / 2.715s)
generated_audios/generated_H4_256C_pruned50_int8/1089-134686-0031_generated.wav | RTF: 0.0370(0.245s / 6.615s) | Generator RTF: 0.0364(0.241s / 6.615s)
generated_audios/generated_H4_256C_pruned50_int8/121-121726-0000_generated.wav | RTF: 0.0428(0.362s / 8.460s) | Generator RTF: 0.0424(0.358s / 8.460s)
generated_audios/generated_H4_256C_pruned50_int8/121-121726-0001_generated.wav | RTF: 0.0422(0.250s / 5.925s) | Generator RTF: 0.0416(0.247s / 5.925s)
generated_audios/generated_H4_256C_pruned50_int8/121-121726-0002_generated.wav | RTF: 0.0415(0.183s / 4.410s) | Generator RTF: 0.0407(0.179s / 4.410s)
generated_audios/generated_H4_256C_pruned50_int8/121-121726-0003_generated.wav | RTF: 0.0426(0.288s / 6.755s) | Generator RTF: 0.0421(0.284s / 6.755s)
generated_audios/generated_H4_256C_pruned50_int8/121-121726-0004_generated.wav | RTF: 0.0423(0.170s / 4.020s) | Generator RTF: 0.0414(0.167s / 4.020s)
generated_audios/generated_H4_256C_pruned50_int8/121-121726-0005_generated.wav | RTF: 0.0429(0.133s / 3.100s) | Generator RTF: 0.0419(0.130s / 3.100s)
generated_audios/generated_H4_256C_pruned50_int8/121-121726-0006_generated.wav | RTF: 0.0419(0.163s / 3.895s) | Generator RTF: 0.0411(0.160s / 3.895s)
generated_audios/generated_H4_256C_pruned50_int8/121-121726-0007_generated.wav | RTF: 0.0423(0.285s / 6.730s) | Generator RTF: 0.0418(0.281s / 6.730s)
generated_audios/generated_H4_256C_pruned50_int8/121-121726-0008_generated.wav | RTF: 0.0416(0.208s / 4.990s) | Generator RTF: 0.0409(0.204s / 4.990s)
generated_audios/generated_H4_256C_pruned50_int8/121-121726-0009_generated.wav | RTF: 0.0425(0.309s / 7.260s) | Generator RTF: 0.0420(0.305s / 7.260s)
generated_audios/generated_H4_256C_pruned50_int8/121-121726-0010_generated.wav | RTF: 0.0463(0.454s / 9.810s) | Generator RTF: 0.0459(0.450s / 9.810s)
generated_audios/generated_H4_256C_pruned50_int8/121-121726-0011_generated.wav | RTF: 0.0422(0.170s / 4.035s) | Generator RTF: 0.0413(0.167s / 4.035s)
generated_audios/generated_H4_256C_pruned50_int8/121-121726-0012_generated.wav | RTF: 0.0421(0.170s / 4.045s) | Generator RTF: 0.0412(0.167s / 4.045s)
generated_audios/generated_H4_256C_pruned50_int8/121-121726-0013_generated.wav | RTF: 0.0427(0.106s / 2.490s) | Generator RTF: 0.0414(0.103s / 2.490s)
generated_audios/generated_H4_256C_pruned50_int8/121-121726-0014_generated.wav | RTF: 0.0429(0.136s / 3.165s) | Generator RTF: 0.0419(0.133s / 3.165s)
generated_audios/generated_H4_256C_pruned50_int8/121-123852-0000_generated.wav | RTF: 0.0525(0.928s / 17.695s) | Generator RTF: 0.0522(0.923s / 17.695s)
generated_audios/generated_H4_256C_pruned50_int8/121-123852-0001_generated.wav | RTF: 0.0453(0.085s / 1.870s) | Generator RTF: 0.0436(0.082s / 1.870s)
generated_audios/generated_H4_256C_pruned50_int8/121-123852-0002_generated.wav | RTF: 0.0502(0.868s / 17.285s) | Generator RTF: 0.0499(0.863s / 17.285s)
generated_audios/generated_H4_256C_pruned50_int8/121-123852-0003_generated.wav | RTF: 0.2591(6.090s / 23.505s) | Generator RTF: 0.2588(6.084s / 23.505s)
generated_audios/generated_H4_256C_pruned50_int8/121-123852-0004_generated.wav | RTF: 0.2619(4.267s / 16.290s) | Generator RTF: 0.2616(4.262s / 16.290s)
generated_audios/generated_H4_256C_pruned50_int8/121-123859-0000_generated.wav | RTF: 0.2619(4.554s / 17.390s) | Generator RTF: 0.2616(4.550s / 17.390s)
generated_audios/generated_H4_256C_pruned50_int8/121-123859-0001_generated.wav | RTF: 0.2801(7.113s / 25.395s) | Generator RTF: 0.2799(7.108s / 25.395s)
generated_audios/generated_H4_256C_pruned50_int8/121-123859-0002_generated.wav | RTF: 0.2832(8.507s / 30.040s) | Generator RTF: 0.2830(8.501s / 30.040s)
generated_audios/generated_H4_256C_pruned50_int8/121-123859-0003_generated.wav | RTF: 0.2366(2.561s / 10.825s) | Generator RTF: 0.2362(2.557s / 10.825s)
generated_audios/generated_H4_256C_pruned50_int8/121-123859-0004_generated.wav | RTF: 0.2391(2.273s / 9.505s) | Generator RTF: 0.2386(2.268s / 9.505s)
generated_audios/generated_H4_256C_pruned50_int8/121-127105-0000_generated.wav | RTF: 0.2420(2.390s / 9.875s) | Generator RTF: 0.2416(2.386s / 9.875s)
generated_audios/generated_H4_256C_pruned50_int8/121-127105-0001_generated.wav | RTF: 0.2297(1.154s / 5.025s) | Generator RTF: 0.2290(1.151s / 5.025s)
generated_audios/generated_H4_256C_pruned50_int8/121-127105-0002_generated.wav | RTF: 0.2374(1.780s / 7.495s) | Generator RTF: 0.2369(1.776s / 7.495s)
generated_audios/generated_H4_256C_pruned50_int8/121-127105-0003_generated.wav | RTF: 0.2369(1.830s / 7.725s) | Generator RTF: 0.2364(1.826s / 7.725s)
generated_audios/generated_H4_256C_pruned50_int8/121-127105-0004_generated.wav | RTF: 0.2418(0.510s / 2.110s) | Generator RTF: 0.2403(0.507s / 2.110s)
generated_audios/generated_H4_256C_pruned50_int8/121-127105-0005_generated.wav | RTF: 0.2292(1.334s / 5.820s) | Generator RTF: 0.2286(1.330s / 5.820s)
generated_audios/generated_H4_256C_pruned50_int8/121-127105-0006_generated.wav | RTF: 0.2315(1.094s / 4.725s) | Generator RTF: 0.2308(1.090s / 4.725s)
generated_audios/generated_H4_256C_pruned50_int8/121-127105-0007_generated.wav | RTF: 0.2282(1.321s / 5.790s) | Generator RTF: 0.2276(1.318s / 5.790s)
generated_audios/generated_H4_256C_pruned50_int8/121-127105-0008_generated.wav | RTF: 0.2263(0.625s / 2.760s) | Generator RTF: 0.2252(0.622s / 2.760s)
generated_audios/generated_H4_256C_pruned50_int8/121-127105-0009_generated.wav | RTF: 0.2338(0.535s / 2.290s) | Generator RTF: 0.2324(0.532s / 2.290s)
generated_audios/generated_H4_256C_pruned50_int8/121-127105-0010_generated.wav | RTF: 0.2326(0.663s / 2.850s) | Generator RTF: 0.2315(0.660s / 2.850s)
generated_audios/generated_H4_256C_pruned50_int8/121-127105-0011_generated.wav | RTF: 0.2340(1.352s / 5.780s) | Generator RTF: 0.2333(1.349s / 5.780s)
generated_audios/generated_H4_256C_pruned50_int8/121-127105-0012_generated.wav | RTF: 0.2346(1.133s / 4.830s) | Generator RTF: 0.2339(1.130s / 4.830s)
generated_audios/generated_H4_256C_pruned50_int8/121-127105-0013_generated.wav | RTF: 0.2308(1.361s / 5.895s) | Generator RTF: 0.2302(1.357s / 5.895s)
generated_audios/generated_H4_256C_pruned50_int8/121-127105-0014_generated.wav | RTF: 0.2340(0.528s / 2.255s) | Generator RTF: 0.2327(0.525s / 2.255s)
generated_audios/generated_H4_256C_pruned50_int8/121-127105-0015_generated.wav | RTF: 0.2328(0.689s / 2.960s) | Generator RTF: 0.2317(0.686s / 2.960s)
generated_audios/generated_H4_256C_pruned50_int8/121-127105-0016_generated.wav | RTF: 0.2270(0.461s / 2.030s) | Generator RTF: 0.2253(0.457s / 2.030s)
generated_audios/generated_H4_256C_pruned50_int8/121-127105-0017_generated.wav | RTF: 0.2342(0.631s / 2.695s) | Generator RTF: 0.2331(0.628s / 2.695s)
generated_audios/generated_H4_256C_pruned50_int8/121-127105-0018_generated.wav | RTF: 0.2341(0.648s / 2.770s) | Generator RTF: 0.2330(0.645s / 2.770s)
generated_audios/generated_H4_256C_pruned50_int8/121-127105-0019_generated.wav | RTF: 0.2276(0.802s / 3.525s) | Generator RTF: 0.2267(0.799s / 3.525s)
generated_audios/generated_H4_256C_pruned50_int8/121-127105-0020_generated.wav | RTF: 0.2644(3.796s / 14.355s) | Generator RTF: 0.2641(3.791s / 14.355s)
generated_audios/generated_H4_256C_pruned50_int8/121-127105-0021_generated.wav | RTF: 0.2413(0.483s / 2.000s) | Generator RTF: 0.2397(0.479s / 2.000s)
generated_audios/generated_H4_256C_pruned50_int8/121-127105-0022_generated.wav | RTF: 0.2314(1.174s / 5.075s) | Generator RTF: 0.2307(1.171s / 5.075s)
generated_audios/generated_H4_256C_pruned50_int8/121-127105-0023_generated.wav | RTF: 0.2389(2.606s / 10.910s) | Generator RTF: 0.2385(2.602s / 10.910s)
generated_audios/generated_H4_256C_pruned50_int8/121-127105-0024_generated.wav | RTF: 0.2661(3.845s / 14.450s) | Generator RTF: 0.2658(3.840s / 14.450s)
generated_audios/generated_H4_256C_pruned50_int8/121-127105-0025_generated.wav | RTF: 0.2615(4.201s / 16.065s) | Generator RTF: 0.2612(4.196s / 16.065s)
generated_audios/generated_H4_256C_pruned50_int8/121-127105-0026_generated.wav | RTF: 0.2322(1.749s / 7.530s) | Generator RTF: 0.2317(1.745s / 7.530s)
generated_audios/generated_H4_256C_pruned50_int8/121-127105-0027_generated.wav | RTF: 0.2636(3.656s / 13.870s) | Generator RTF: 0.2632(3.651s / 13.870s)
generated_audios/generated_H4_256C_pruned50_int8/121-127105-0028_generated.wav | RTF: 0.0438(0.296s / 6.750s) | Generator RTF: 0.0434(0.293s / 6.750s)
generated_audios/generated_H4_256C_pruned50_int8/121-127105-0029_generated.wav | RTF: 0.2367(1.731s / 7.310s) | Generator RTF: 0.2362(1.727s / 7.310s)
generated_audios/generated_H4_256C_pruned50_int8/121-127105-0030_generated.wav | RTF: 0.2444(0.532s / 2.175s) | Generator RTF: 0.2430(0.529s / 2.175s)
generated_audios/generated_H4_256C_pruned50_int8/121-127105-0031_generated.wav | RTF: 0.2397(2.581s / 10.765s) | Generator RTF: 0.2393(2.577s / 10.765s)
generated_audios/generated_H4_256C_pruned50_int8/121-127105-0032_generated.wav | RTF: 0.2276(0.722s / 3.170s) | Generator RTF: 0.2266(0.718s / 3.170s)
generated_audios/generated_H4_256C_pruned50_int8/121-127105-0033_generated.wav | RTF: 0.2426(0.571s / 2.355s) | Generator RTF: 0.2413(0.568s / 2.355s)
generated_audios/generated_H4_256C_pruned50_int8/121-127105-0034_generated.wav | RTF: 0.2420(1.793s / 7.410s) | Generator RTF: 0.2414(1.789s / 7.410s)
generated_audios/generated_H4_256C_pruned50_int8/121-127105-0035_generated.wav | RTF: 0.2622(3.710s / 14.150s) | Generator RTF: 0.2618(3.705s / 14.150s)
generated_audios/generated_H4_256C_pruned50_int8/121-127105-0036_generated.wav | RTF: 0.2274(0.944s / 4.150s) | Generator RTF: 0.2265(0.940s / 4.150s)
generated_audios/generated_H4_256C_pruned50_int8/237-126133-0000_generated.wav | RTF: 0.2680(3.562s / 13.290s) | Generator RTF: 0.2677(3.558s / 13.290s)
generated_audios/generated_H4_256C_pruned50_int8/237-126133-0001_generated.wav | RTF: 0.2651(3.172s / 11.965s) | Generator RTF: 0.2647(3.167s / 11.965s)
generated_audios/generated_H4_256C_pruned50_int8/237-126133-0002_generated.wav | RTF: 0.2367(2.111s / 8.920s) | Generator RTF: 0.2362(2.107s / 8.920s)
generated_audios/generated_H4_256C_pruned50_int8/237-126133-0003_generated.wav | RTF: 0.2335(1.532s / 6.560s) | Generator RTF: 0.2330(1.528s / 6.560s)
generated_audios/generated_H4_256C_pruned50_int8/237-126133-0004_generated.wav | RTF: 0.2337(0.770s / 3.295s) | Generator RTF: 0.2325(0.766s / 3.295s)
generated_audios/generated_H4_256C_pruned50_int8/237-126133-0005_generated.wav | RTF: 0.2392(1.557s / 6.510s) | Generator RTF: 0.2387(1.554s / 6.510s)
generated_audios/generated_H4_256C_pruned50_int8/237-126133-0006_generated.wav | RTF: 0.2347(1.443s / 6.150s) | Generator RTF: 0.2341(1.440s / 6.150s)
generated_audios/generated_H4_256C_pruned50_int8/237-126133-0007_generated.wav | RTF: 0.2389(2.074s / 8.680s) | Generator RTF: 0.2385(2.070s / 8.680s)
generated_audios/generated_H4_256C_pruned50_int8/237-126133-0008_generated.wav | RTF: 0.2356(0.911s / 3.865s) | Generator RTF: 0.2348(0.908s / 3.865s)
generated_audios/generated_H4_256C_pruned50_int8/237-126133-0009_generated.wav | RTF: 0.2374(0.943s / 3.970s) | Generator RTF: 0.2366(0.939s / 3.970s)
generated_audios/generated_H4_256C_pruned50_int8/237-126133-0010_generated.wav | RTF: 0.2326(1.452s / 6.240s) | Generator RTF: 0.2321(1.448s / 6.240s)
generated_audios/generated_H4_256C_pruned50_int8/237-126133-0011_generated.wav | RTF: 0.2344(1.573s / 6.710s) | Generator RTF: 0.2339(1.569s / 6.710s)
generated_audios/generated_H4_256C_pruned50_int8/237-126133-0012_generated.wav | RTF: 0.2370(1.055s / 4.450s) | Generator RTF: 0.2362(1.051s / 4.450s)
generated_audios/generated_H4_256C_pruned50_int8/237-126133-0013_generated.wav | RTF: 0.2430(1.656s / 6.815s) | Generator RTF: 0.2424(1.652s / 6.815s)
generated_audios/generated_H4_256C_pruned50_int8/237-126133-0014_generated.wav | RTF: 0.2384(1.619s / 6.790s) | Generator RTF: 0.2379(1.615s / 6.790s)
generated_audios/generated_H4_256C_pruned50_int8/237-126133-0015_generated.wav | RTF: 0.2383(2.226s / 9.340s) | Generator RTF: 0.2379(2.222s / 9.340s)
generated_audios/generated_H4_256C_pruned50_int8/237-126133-0016_generated.wav | RTF: 0.2337(0.993s / 4.250s) | Generator RTF: 0.2329(0.990s / 4.250s)
generated_audios/generated_H4_256C_pruned50_int8/237-126133-0017_generated.wav | RTF: 0.2321(1.441s / 6.210s) | Generator RTF: 0.2316(1.438s / 6.210s)
generated_audios/generated_H4_256C_pruned50_int8/237-126133-0018_generated.wav | RTF: 0.2395(0.981s / 4.095s) | Generator RTF: 0.2386(0.977s / 4.095s)
generated_audios/generated_H4_256C_pruned50_int8/237-126133-0019_generated.wav | RTF: 0.2397(1.707s / 7.120s) | Generator RTF: 0.2392(1.703s / 7.120s)
generated_audios/generated_H4_256C_pruned50_int8/237-126133-0020_generated.wav | RTF: 0.2344(0.525s / 2.240s) | Generator RTF: 0.2330(0.522s / 2.240s)
generated_audios/generated_H4_256C_pruned50_int8/237-126133-0021_generated.wav | RTF: 0.2304(1.006s / 4.365s) | Generator RTF: 0.2296(1.002s / 4.365s)
generated_audios/generated_H4_256C_pruned50_int8/237-126133-0022_generated.wav | RTF: 0.2333(1.176s / 5.040s) | Generator RTF: 0.2326(1.172s / 5.040s)
generated_audios/generated_H4_256C_pruned50_int8/237-126133-0023_generated.wav | RTF: 0.2369(1.581s / 6.675s) | Generator RTF: 0.2363(1.578s / 6.675s)
generated_audios/generated_H4_256C_pruned50_int8/237-126133-0024_generated.wav | RTF: 0.2436(2.354s / 9.665s) | Generator RTF: 0.2432(2.350s / 9.665s)
generated_audios/generated_H4_256C_pruned50_int8/237-126133-0025_generated.wav | RTF: 0.2380(0.894s / 3.755s) | Generator RTF: 0.2371(0.890s / 3.755s)
generated_audios/generated_H4_256C_pruned50_int8/237-134493-0000_generated.wav | RTF: 0.2356(0.967s / 4.105s) | Generator RTF: 0.2348(0.964s / 4.105s)
generated_audios/generated_H4_256C_pruned50_int8/237-134493-0001_generated.wav | RTF: 0.2426(1.790s / 7.380s) | Generator RTF: 0.2421(1.786s / 7.380s)
generated_audios/generated_H4_256C_pruned50_int8/237-134493-0002_generated.wav | RTF: 0.2389(2.723s / 11.395s) | Generator RTF: 0.2386(2.719s / 11.395s)
generated_audios/generated_H4_256C_pruned50_int8/237-134493-0003_generated.wav | RTF: 0.2675(3.415s / 12.765s) | Generator RTF: 0.2672(3.411s / 12.765s)
generated_audios/generated_H4_256C_pruned50_int8/237-134493-0004_generated.wav | RTF: 0.2336(1.595s / 6.825s) | Generator RTF: 0.2331(1.591s / 6.825s)
generated_audios/generated_H4_256C_pruned50_int8/237-134493-0005_generated.wav | RTF: 0.2421(2.650s / 10.945s) | Generator RTF: 0.2417(2.646s / 10.945s)
generated_audios/generated_H4_256C_pruned50_int8/237-134493-0006_generated.wav | RTF: 0.2322(1.020s / 4.395s) | Generator RTF: 0.2315(1.017s / 4.395s)
generated_audios/generated_H4_256C_pruned50_int8/237-134493-0007_generated.wav | RTF: 0.2450(0.499s / 2.035s) | Generator RTF: 0.2435(0.495s / 2.035s)
generated_audios/generated_H4_256C_pruned50_int8/237-134493-0008_generated.wav | RTF: 0.2315(0.534s / 2.305s) | Generator RTF: 0.2301(0.530s / 2.305s)
generated_audios/generated_H4_256C_pruned50_int8/237-134493-0009_generated.wav | RTF: 0.2460(0.732s / 2.975s) | Generator RTF: 0.2448(0.728s / 2.975s)
generated_audios/generated_H4_256C_pruned50_int8/237-134493-0010_generated.wav | RTF: 0.2342(0.673s / 2.875s) | Generator RTF: 0.2332(0.670s / 2.875s)
generated_audios/generated_H4_256C_pruned50_int8/237-134493-0011_generated.wav | RTF: 0.2374(1.195s / 5.035s) | Generator RTF: 0.2367(1.192s / 5.035s)
generated_audios/generated_H4_256C_pruned50_int8/237-134493-0012_generated.wav | RTF: 0.2320(0.849s / 3.660s) | Generator RTF: 0.2311(0.846s / 3.660s)
generated_audios/generated_H4_256C_pruned50_int8/237-134493-0013_generated.wav | RTF: 0.0426(0.174s / 4.090s) | Generator RTF: 0.0418(0.171s / 4.090s)
generated_audios/generated_H4_256C_pruned50_int8/237-134493-0014_generated.wav | RTF: 0.2300(0.851s / 3.700s) | Generator RTF: 0.2291(0.848s / 3.700s)
generated_audios/generated_H4_256C_pruned50_int8/237-134493-0015_generated.wav | RTF: 0.0432(0.283s / 6.550s) | Generator RTF: 0.0426(0.279s / 6.550s)
generated_audios/generated_H4_256C_pruned50_int8/237-134493-0016_generated.wav | RTF: 0.2440(2.461s / 10.085s) | Generator RTF: 0.2436(2.457s / 10.085s)
generated_audios/generated_H4_256C_pruned50_int8/237-134493-0017_generated.wav | RTF: 0.2442(2.224s / 9.105s) | Generator RTF: 0.2438(2.220s / 9.105s)
generated_audios/generated_H4_256C_pruned50_int8/237-134493-0018_generated.wav | RTF: 0.2340(1.121s / 4.790s) | Generator RTF: 0.2333(1.118s / 4.790s)
generated_audios/generated_H4_256C_pruned50_int8/237-134500-0000_generated.wav | RTF: 0.2364(1.449s / 6.130s) | Generator RTF: 0.2358(1.446s / 6.130s)
generated_audios/generated_H4_256C_pruned50_int8/237-134500-0001_generated.wav | RTF: 0.2409(0.436s / 1.810s) | Generator RTF: 0.2392(0.433s / 1.810s)
generated_audios/generated_H4_256C_pruned50_int8/237-134500-0002_generated.wav | RTF: 0.2341(1.187s / 5.070s) | Generator RTF: 0.2334(1.183s / 5.070s)
generated_audios/generated_H4_256C_pruned50_int8/237-134500-0003_generated.wav | RTF: 0.0441(0.140s / 3.170s) | Generator RTF: 0.0431(0.136s / 3.170s)
generated_audios/generated_H4_256C_pruned50_int8/237-134500-0004_generated.wav | RTF: 0.0459(0.102s / 2.225s) | Generator RTF: 0.0444(0.099s / 2.225s)
generated_audios/generated_H4_256C_pruned50_int8/237-134500-0005_generated.wav | RTF: 0.2404(0.575s / 2.390s) | Generator RTF: 0.2391(0.572s / 2.390s)
generated_audios/generated_H4_256C_pruned50_int8/237-134500-0006_generated.wav | RTF: 0.2326(0.983s / 4.225s) | Generator RTF: 0.2318(0.979s / 4.225s)
generated_audios/generated_H4_256C_pruned50_int8/237-134500-0007_generated.wav | RTF: 0.0391(0.093s / 2.390s) | Generator RTF: 0.0377(0.090s / 2.390s)
generated_audios/generated_H4_256C_pruned50_int8/237-134500-0008_generated.wav | RTF: 0.0416(0.157s / 3.760s) | Generator RTF: 0.0407(0.153s / 3.760s)
generated_audios/generated_H4_256C_pruned50_int8/237-134500-0009_generated.wav | RTF: 0.0397(0.088s / 2.220s) | Generator RTF: 0.0383(0.085s / 2.220s)
generated_audios/generated_H4_256C_pruned50_int8/237-134500-0010_generated.wav | RTF: 0.2362(0.943s / 3.995s) | Generator RTF: 0.2353(0.940s / 3.995s)
generated_audios/generated_H4_256C_pruned50_int8/237-134500-0011_generated.wav | RTF: 0.2321(0.778s / 3.350s) | Generator RTF: 0.2311(0.774s / 3.350s)
generated_audios/generated_H4_256C_pruned50_int8/237-134500-0012_generated.wav | RTF: 0.2418(2.644s / 10.935s) | Generator RTF: 0.2414(2.639s / 10.935s)
generated_audios/generated_H4_256C_pruned50_int8/237-134500-0013_generated.wav | RTF: 0.0469(0.495s / 10.560s) | Generator RTF: 0.0466(0.492s / 10.560s)
generated_audios/generated_H4_256C_pruned50_int8/237-134500-0014_generated.wav | RTF: 0.0435(0.185s / 4.250s) | Generator RTF: 0.0427(0.181s / 4.250s)
generated_audios/generated_H4_256C_pruned50_int8/237-134500-0015_generated.wav | RTF: 0.2432(2.631s / 10.815s) | Generator RTF: 0.2428(2.626s / 10.815s)
generated_audios/generated_H4_256C_pruned50_int8/237-134500-0016_generated.wav | RTF: 0.0446(0.141s / 3.160s) | Generator RTF: 0.0436(0.138s / 3.160s)
generated_audios/generated_H4_256C_pruned50_int8/237-134500-0017_generated.wav | RTF: 0.0470(0.103s / 2.180s) | Generator RTF: 0.0456(0.099s / 2.180s)
generated_audios/generated_H4_256C_pruned50_int8/237-134500-0018_generated.wav | RTF: 0.2701(3.469s / 12.845s) | Generator RTF: 0.2697(3.465s / 12.845s)
generated_audios/generated_H4_256C_pruned50_int8/237-134500-0019_generated.wav | RTF: 0.2320(0.664s / 2.860s) | Generator RTF: 0.2309(0.660s / 2.860s)
generated_audios/generated_H4_256C_pruned50_int8/237-134500-0020_generated.wav | RTF: 0.0405(0.088s / 2.180s) | Generator RTF: 0.0390(0.085s / 2.180s)
generated_audios/generated_H4_256C_pruned50_int8/237-134500-0021_generated.wav | RTF: 0.2315(1.185s / 5.120s) | Generator RTF: 0.2308(1.182s / 5.120s)
generated_audios/generated_H4_256C_pruned50_int8/237-134500-0022_generated.wav | RTF: 0.2353(1.216s / 5.165s) | Generator RTF: 0.2347(1.212s / 5.165s)
generated_audios/generated_H4_256C_pruned50_int8/237-134500-0023_generated.wav | RTF: 0.2414(0.739s / 3.060s) | Generator RTF: 0.2403(0.735s / 3.060s)
generated_audios/generated_H4_256C_pruned50_int8/237-134500-0024_generated.wav | RTF: 0.0444(0.196s / 4.410s) | Generator RTF: 0.0436(0.192s / 4.410s)
generated_audios/generated_H4_256C_pruned50_int8/237-134500-0025_generated.wav | RTF: 0.2426(0.396s / 1.630s) | Generator RTF: 0.2407(0.392s / 1.630s)
generated_audios/generated_H4_256C_pruned50_int8/237-134500-0026_generated.wav | RTF: 0.2355(0.718s / 3.050s) | Generator RTF: 0.2344(0.715s / 3.050s)
generated_audios/generated_H4_256C_pruned50_int8/237-134500-0027_generated.wav | RTF: 0.2377(0.777s / 3.270s) | Generator RTF: 0.2367(0.774s / 3.270s)
generated_audios/generated_H4_256C_pruned50_int8/237-134500-0028_generated.wav | RTF: 0.2395(1.084s / 4.525s) | Generator RTF: 0.2388(1.080s / 4.525s)
generated_audios/generated_H4_256C_pruned50_int8/237-134500-0029_generated.wav | RTF: 0.2334(0.482s / 2.065s) | Generator RTF: 0.2319(0.479s / 2.065s)
generated_audios/generated_H4_256C_pruned50_int8/237-134500-0030_generated.wav | RTF: 0.2374(0.660s / 2.780s) | Generator RTF: 0.2362(0.657s / 2.780s)
generated_audios/generated_H4_256C_pruned50_int8/237-134500-0031_generated.wav | RTF: 0.2452(2.601s / 10.610s) | Generator RTF: 0.2447(2.597s / 10.610s)
generated_audios/generated_H4_256C_pruned50_int8/237-134500-0032_generated.wav | RTF: 0.0456(0.229s / 5.025s) | Generator RTF: 0.0449(0.226s / 5.025s)
generated_audios/generated_H4_256C_pruned50_int8/237-134500-0033_generated.wav | RTF: 0.2350(1.492s / 6.350s) | Generator RTF: 0.2345(1.489s / 6.350s)
generated_audios/generated_H4_256C_pruned50_int8/237-134500-0034_generated.wav | RTF: 0.2337(0.719s / 3.075s) | Generator RTF: 0.2326(0.715s / 3.075s)
generated_audios/generated_H4_256C_pruned50_int8/237-134500-0035_generated.wav | RTF: 0.2447(0.625s / 2.555s) | Generator RTF: 0.2435(0.622s / 2.555s)
generated_audios/generated_H4_256C_pruned50_int8/237-134500-0036_generated.wav | RTF: 0.2387(1.576s / 6.600s) | Generator RTF: 0.2382(1.572s / 6.600s)
generated_audios/generated_H4_256C_pruned50_int8/237-134500-0037_generated.wav | RTF: 0.2409(1.711s / 7.105s) | Generator RTF: 0.2403(1.707s / 7.105s)
generated_audios/generated_H4_256C_pruned50_int8/237-134500-0038_generated.wav | RTF: 0.2412(0.587s / 2.435s) | Generator RTF: 0.2398(0.584s / 2.435s)
generated_audios/generated_H4_256C_pruned50_int8/237-134500-0039_generated.wav | RTF: 0.2409(1.115s / 4.630s) | Generator RTF: 0.2402(1.112s / 4.630s)
generated_audios/generated_H4_256C_pruned50_int8/237-134500-0040_generated.wav | RTF: 0.0447(0.180s / 4.030s) | Generator RTF: 0.0438(0.177s / 4.030s)
generated_audios/generated_H4_256C_pruned50_int8/237-134500-0041_generated.wav | RTF: 0.0507(0.453s / 8.920s) | Generator RTF: 0.0503(0.449s / 8.920s)
generated_audios/generated_H4_256C_pruned50_int8/237-134500-0042_generated.wav | RTF: 0.2392(0.616s / 2.575s) | Generator RTF: 0.2379(0.613s / 2.575s)
generated_audios/generated_H4_256C_pruned50_int8/260-123286-0000_generated.wav | RTF: 0.2449(1.724s / 7.040s) | Generator RTF: 0.2443(1.720s / 7.040s)
generated_audios/generated_H4_256C_pruned50_int8/260-123286-0001_generated.wav | RTF: 0.0402(0.124s / 3.070s) | Generator RTF: 0.0391(0.120s / 3.070s)
generated_audios/generated_H4_256C_pruned50_int8/260-123286-0002_generated.wav | RTF: 0.2480(2.476s / 9.985s) | Generator RTF: 0.2476(2.472s / 9.985s)
generated_audios/generated_H4_256C_pruned50_int8/260-123286-0003_generated.wav | RTF: 0.2437(1.796s / 7.370s) | Generator RTF: 0.2431(1.792s / 7.370s)
generated_audios/generated_H4_256C_pruned50_int8/260-123286-0004_generated.wav | RTF: 0.2433(0.843s / 3.465s) | Generator RTF: 0.2423(0.840s / 3.465s)
generated_audios/generated_H4_256C_pruned50_int8/260-123286-0005_generated.wav | RTF: 0.2373(1.142s / 4.810s) | Generator RTF: 0.2366(1.138s / 4.810s)
generated_audios/generated_H4_256C_pruned50_int8/260-123286-0006_generated.wav | RTF: 0.2527(1.872s / 7.405s) | Generator RTF: 0.2522(1.868s / 7.405s)
generated_audios/generated_H4_256C_pruned50_int8/260-123286-0007_generated.wav | RTF: 0.2403(1.093s / 4.550s) | Generator RTF: 0.2395(1.090s / 4.550s)
generated_audios/generated_H4_256C_pruned50_int8/260-123286-0008_generated.wav | RTF: 0.2389(0.892s / 3.735s) | Generator RTF: 0.2379(0.889s / 3.735s)
generated_audios/generated_H4_256C_pruned50_int8/260-123286-0009_generated.wav | RTF: 0.2412(1.398s / 5.795s) | Generator RTF: 0.2406(1.394s / 5.795s)
generated_audios/generated_H4_256C_pruned50_int8/260-123286-0010_generated.wav | RTF: 0.0376(0.097s / 2.575s) | Generator RTF: 0.0364(0.094s / 2.575s)
generated_audios/generated_H4_256C_pruned50_int8/260-123286-0011_generated.wav | RTF: 0.0437(0.186s / 4.255s) | Generator RTF: 0.0430(0.183s / 4.255s)
generated_audios/generated_H4_256C_pruned50_int8/260-123286-0012_generated.wav | RTF: 0.0374(0.091s / 2.430s) | Generator RTF: 0.0360(0.088s / 2.430s)
generated_audios/generated_H4_256C_pruned50_int8/260-123286-0013_generated.wav | RTF: 0.2436(1.152s / 4.730s) | Generator RTF: 0.2429(1.149s / 4.730s)
generated_audios/generated_H4_256C_pruned50_int8/260-123286-0014_generated.wav | RTF: 0.0523(0.156s / 2.980s) | Generator RTF: 0.0513(0.153s / 2.980s)
generated_audios/generated_H4_256C_pruned50_int8/260-123286-0015_generated.wav | RTF: 0.2417(1.259s / 5.210s) | Generator RTF: 0.2410(1.256s / 5.210s)
generated_audios/generated_H4_256C_pruned50_int8/260-123286-0016_generated.wav | RTF: 0.2459(1.721s / 7.000s) | Generator RTF: 0.2454(1.718s / 7.000s)
generated_audios/generated_H4_256C_pruned50_int8/260-123286-0017_generated.wav | RTF: 0.2389(0.949s / 3.975s) | Generator RTF: 0.2380(0.946s / 3.975s)
generated_audios/generated_H4_256C_pruned50_int8/260-123286-0018_generated.wav | RTF: 0.2411(1.367s / 5.670s) | Generator RTF: 0.2404(1.363s / 5.670s)
generated_audios/generated_H4_256C_pruned50_int8/260-123286-0019_generated.wav | RTF: 0.2754(3.279s / 11.905s) | Generator RTF: 0.2751(3.275s / 11.905s)
generated_audios/generated_H4_256C_pruned50_int8/260-123286-0020_generated.wav | RTF: 0.0445(0.136s / 3.060s) | Generator RTF: 0.0428(0.131s / 3.060s)
generated_audios/generated_H4_256C_pruned50_int8/260-123286-0021_generated.wav | RTF: 0.2359(0.602s / 2.550s) | Generator RTF: 0.2346(0.598s / 2.550s)
generated_audios/generated_H4_256C_pruned50_int8/260-123286-0022_generated.wav | RTF: 0.2425(0.784s / 3.235s) | Generator RTF: 0.2415(0.781s / 3.235s)
generated_audios/generated_H4_256C_pruned50_int8/260-123286-0023_generated.wav | RTF: 0.2456(1.443s / 5.875s) | Generator RTF: 0.2449(1.439s / 5.875s)
generated_audios/generated_H4_256C_pruned50_int8/260-123286-0024_generated.wav | RTF: 0.2383(0.724s / 3.040s) | Generator RTF: 0.2372(0.721s / 3.040s)
generated_audios/generated_H4_256C_pruned50_int8/260-123286-0025_generated.wav | RTF: 0.2489(2.291s / 9.205s) | Generator RTF: 0.2485(2.287s / 9.205s)
generated_audios/generated_H4_256C_pruned50_int8/260-123286-0026_generated.wav | RTF: 0.2392(1.660s / 6.940s) | Generator RTF: 0.2386(1.656s / 6.940s)
generated_audios/generated_H4_256C_pruned50_int8/260-123286-0027_generated.wav | RTF: 0.2422(1.737s / 7.170s) | Generator RTF: 0.2418(1.733s / 7.170s)
generated_audios/generated_H4_256C_pruned50_int8/260-123286-0028_generated.wav | RTF: 0.2473(1.846s / 7.465s) | Generator RTF: 0.2467(1.842s / 7.465s)
generated_audios/generated_H4_256C_pruned50_int8/260-123286-0029_generated.wav | RTF: 0.0429(0.195s / 4.545s) | Generator RTF: 0.0422(0.192s / 4.545s)
generated_audios/generated_H4_256C_pruned50_int8/260-123286-0030_generated.wav | RTF: 0.0448(0.337s / 7.530s) | Generator RTF: 0.0443(0.334s / 7.530s)
generated_audios/generated_H4_256C_pruned50_int8/260-123286-0031_generated.wav | RTF: 0.2411(1.220s / 5.060s) | Generator RTF: 0.2404(1.216s / 5.060s)
generated_audios/generated_H4_256C_pruned50_int8/260-123288-0000_generated.wav | RTF: 0.0384(0.117s / 3.040s) | Generator RTF: 0.0373(0.113s / 3.040s)
generated_audios/generated_H4_256C_pruned50_int8/260-123288-0001_generated.wav | RTF: 0.0422(0.214s / 5.080s) | Generator RTF: 0.0415(0.211s / 5.080s)
generated_audios/generated_H4_256C_pruned50_int8/260-123288-0002_generated.wav | RTF: 0.2537(1.839s / 7.250s) | Generator RTF: 0.2532(1.836s / 7.250s)
generated_audios/generated_H4_256C_pruned50_int8/260-123288-0003_generated.wav | RTF: 0.2604(2.319s / 8.905s) | Generator RTF: 0.2600(2.315s / 8.905s)
generated_audios/generated_H4_256C_pruned50_int8/260-123288-0004_generated.wav | RTF: 0.2523(1.088s / 4.310s) | Generator RTF: 0.2515(1.084s / 4.310s)
generated_audios/generated_H4_256C_pruned50_int8/260-123288-0005_generated.wav | RTF: 0.2791(3.503s / 12.550s) | Generator RTF: 0.2788(3.499s / 12.550s)
generated_audios/generated_H4_256C_pruned50_int8/260-123288-0006_generated.wav | RTF: 0.2490(1.215s / 4.880s) | Generator RTF: 0.2483(1.212s / 4.880s)
generated_audios/generated_H4_256C_pruned50_int8/260-123288-0007_generated.wav | RTF: 0.2585(2.895s / 11.200s) | Generator RTF: 0.2581(2.891s / 11.200s)
generated_audios/generated_H4_256C_pruned50_int8/260-123288-0008_generated.wav | RTF: 0.2571(1.418s / 5.515s) | Generator RTF: 0.2565(1.415s / 5.515s)
generated_audios/generated_H4_256C_pruned50_int8/260-123288-0009_generated.wav | RTF: 0.2531(0.869s / 3.435s) | Generator RTF: 0.2522(0.866s / 3.435s)
generated_audios/generated_H4_256C_pruned50_int8/260-123288-0010_generated.wav | RTF: 0.0490(0.490s / 9.995s) | Generator RTF: 0.0486(0.486s / 9.995s)
generated_audios/generated_H4_256C_pruned50_int8/260-123288-0011_generated.wav | RTF: 0.2588(2.324s / 8.980s) | Generator RTF: 0.2584(2.320s / 8.980s)
generated_audios/generated_H4_256C_pruned50_int8/260-123288-0012_generated.wav | RTF: 0.2542(0.901s / 3.545s) | Generator RTF: 0.2532(0.898s / 3.545s)
generated_audios/generated_H4_256C_pruned50_int8/260-123288-0013_generated.wav | RTF: 0.2591(2.950s / 11.385s) | Generator RTF: 0.2588(2.946s / 11.385s)
generated_audios/generated_H4_256C_pruned50_int8/260-123288-0014_generated.wav | RTF: 0.0496(0.090s / 1.805s) | Generator RTF: 0.0478(0.086s / 1.805s)
generated_audios/generated_H4_256C_pruned50_int8/260-123288-0015_generated.wav | RTF: 0.2764(5.855s / 21.185s) | Generator RTF: 0.2762(5.850s / 21.185s)
generated_audios/generated_H4_256C_pruned50_int8/260-123288-0016_generated.wav | RTF: 0.2541(1.236s / 4.865s) | Generator RTF: 0.2534(1.233s / 4.865s)
generated_audios/generated_H4_256C_pruned50_int8/260-123288-0017_generated.wav | RTF: 0.2478(1.295s / 5.225s) | Generator RTF: 0.2471(1.291s / 5.225s)
generated_audios/generated_H4_256C_pruned50_int8/260-123288-0018_generated.wav | RTF: 0.2478(0.804s / 3.245s) | Generator RTF: 0.2468(0.801s / 3.245s)
generated_audios/generated_H4_256C_pruned50_int8/260-123288-0019_generated.wav | RTF: 0.0450(0.133s / 2.955s) | Generator RTF: 0.0439(0.130s / 2.955s)
generated_audios/generated_H4_256C_pruned50_int8/260-123288-0020_generated.wav | RTF: 0.2463(0.714s / 2.900s) | Generator RTF: 0.2452(0.711s / 2.900s)
generated_audios/generated_H4_256C_pruned50_int8/260-123288-0021_generated.wav | RTF: 0.0429(0.116s / 2.710s) | Generator RTF: 0.0417(0.113s / 2.710s)
generated_audios/generated_H4_256C_pruned50_int8/260-123288-0022_generated.wav | RTF: 0.2550(0.945s / 3.705s) | Generator RTF: 0.2541(0.942s / 3.705s)
generated_audios/generated_H4_256C_pruned50_int8/260-123288-0023_generated.wav | RTF: 0.0454(0.108s / 2.385s) | Generator RTF: 0.0441(0.105s / 2.385s)
generated_audios/generated_H4_256C_pruned50_int8/260-123288-0024_generated.wav | RTF: 0.2796(4.081s / 14.595s) | Generator RTF: 0.2793(4.077s / 14.595s)
generated_audios/generated_H4_256C_pruned50_int8/260-123288-0025_generated.wav | RTF: 0.2765(3.717s / 13.445s) | Generator RTF: 0.2762(3.713s / 13.445s)
generated_audios/generated_H4_256C_pruned50_int8/260-123288-0026_generated.wav | RTF: 0.2775(4.451s / 16.040s) | Generator RTF: 0.2772(4.446s / 16.040s)
generated_audios/generated_H4_256C_pruned50_int8/260-123288-0027_generated.wav | RTF: 0.2507(1.580s / 6.305s) | Generator RTF: 0.2501(1.577s / 6.305s)
generated_audios/generated_H4_256C_pruned50_int8/260-123288-0028_generated.wav | RTF: 0.2568(0.670s / 2.610s) | Generator RTF: 0.2555(0.667s / 2.610s)
generated_audios/generated_H4_256C_pruned50_int8/260-123440-0000_generated.wav | RTF: 0.2502(0.542s / 2.165s) | Generator RTF: 0.2489(0.539s / 2.165s)
generated_audios/generated_H4_256C_pruned50_int8/260-123440-0001_generated.wav | RTF: 0.2645(0.460s / 1.740s) | Generator RTF: 0.2628(0.457s / 1.740s)
generated_audios/generated_H4_256C_pruned50_int8/260-123440-0002_generated.wav | RTF: 0.2835(4.171s / 14.715s) | Generator RTF: 0.2832(4.167s / 14.715s)
generated_audios/generated_H4_256C_pruned50_int8/260-123440-0003_generated.wav | RTF: 0.2599(0.932s / 3.585s) | Generator RTF: 0.2590(0.928s / 3.585s)
generated_audios/generated_H4_256C_pruned50_int8/260-123440-0004_generated.wav | RTF: 0.2849(3.424s / 12.020s) | Generator RTF: 0.2845(3.420s / 12.020s)
generated_audios/generated_H4_256C_pruned50_int8/260-123440-0005_generated.wav | RTF: 0.0451(0.140s / 3.105s) | Generator RTF: 0.0441(0.137s / 3.105s)
generated_audios/generated_H4_256C_pruned50_int8/260-123440-0006_generated.wav | RTF: 0.0385(0.104s / 2.715s) | Generator RTF: 0.0373(0.101s / 2.715s)
generated_audios/generated_H4_256C_pruned50_int8/260-123440-0007_generated.wav | RTF: 0.2513(0.851s / 3.385s) | Generator RTF: 0.2503(0.847s / 3.385s)
generated_audios/generated_H4_256C_pruned50_int8/260-123440-0008_generated.wav | RTF: 0.2597(0.973s / 3.745s) | Generator RTF: 0.2588(0.969s / 3.745s)
generated_audios/generated_H4_256C_pruned50_int8/260-123440-0009_generated.wav | RTF: 0.2584(0.805s / 3.115s) | Generator RTF: 0.2574(0.802s / 3.115s)
generated_audios/generated_H4_256C_pruned50_int8/260-123440-0010_generated.wav | RTF: 0.2682(2.230s / 8.315s) | Generator RTF: 0.2677(2.226s / 8.315s)
generated_audios/generated_H4_256C_pruned50_int8/260-123440-0011_generated.wav | RTF: 0.0440(0.214s / 4.870s) | Generator RTF: 0.0433(0.211s / 4.870s)
generated_audios/generated_H4_256C_pruned50_int8/260-123440-0012_generated.wav | RTF: 0.2603(1.365s / 5.245s) | Generator RTF: 0.2596(1.362s / 5.245s)
generated_audios/generated_H4_256C_pruned50_int8/260-123440-0013_generated.wav | RTF: 0.2582(0.897s / 3.475s) | Generator RTF: 0.2573(0.894s / 3.475s)
generated_audios/generated_H4_256C_pruned50_int8/260-123440-0014_generated.wav | RTF: 0.2574(0.982s / 3.815s) | Generator RTF: 0.2565(0.978s / 3.815s)
generated_audios/generated_H4_256C_pruned50_int8/260-123440-0015_generated.wav | RTF: 0.0438(0.272s / 6.200s) | Generator RTF: 0.0432(0.268s / 6.200s)
generated_audios/generated_H4_256C_pruned50_int8/260-123440-0016_generated.wav | RTF: 0.2588(1.267s / 4.895s) | Generator RTF: 0.2581(1.263s / 4.895s)
generated_audios/generated_H4_256C_pruned50_int8/260-123440-0017_generated.wav | RTF: 0.0452(0.139s / 3.070s) | Generator RTF: 0.0440(0.135s / 3.070s)
generated_audios/generated_H4_256C_pruned50_int8/260-123440-0018_generated.wav | RTF: 0.2601(0.947s / 3.640s) | Generator RTF: 0.2592(0.943s / 3.640s)
generated_audios/generated_H4_256C_pruned50_int8/260-123440-0019_generated.wav | RTF: 0.2586(1.714s / 6.630s) | Generator RTF: 0.2581(1.711s / 6.630s)
generated_audios/generated_H4_256C_pruned50_int8/260-123440-0020_generated.wav | RTF: 0.2601(1.299s / 4.995s) | Generator RTF: 0.2594(1.296s / 4.995s)
generated_audios/generated_H4_256C_pruned50_int8/61-70968-0000_generated.wav | RTF: 0.2634(1.292s / 4.905s) | Generator RTF: 0.2626(1.288s / 4.905s)
generated_audios/generated_H4_256C_pruned50_int8/61-70968-0001_generated.wav | RTF: 0.2585(0.933s / 3.610s) | Generator RTF: 0.2576(0.930s / 3.610s)
generated_audios/generated_H4_256C_pruned50_int8/61-70968-0002_generated.wav | RTF: 0.2535(0.753s / 2.970s) | Generator RTF: 0.2525(0.750s / 2.970s)
generated_audios/generated_H4_256C_pruned50_int8/61-70968-0003_generated.wav | RTF: 0.0412(0.178s / 4.315s) | Generator RTF: 0.0405(0.175s / 4.315s)
generated_audios/generated_H4_256C_pruned50_int8/61-70968-0004_generated.wav | RTF: 0.2617(1.017s / 3.885s) | Generator RTF: 0.2609(1.014s / 3.885s)
generated_audios/generated_H4_256C_pruned50_int8/61-70968-0005_generated.wav | RTF: 0.0443(0.225s / 5.070s) | Generator RTF: 0.0436(0.221s / 5.070s)
generated_audios/generated_H4_256C_pruned50_int8/61-70968-0006_generated.wav | RTF: 0.2548(0.748s / 2.935s) | Generator RTF: 0.2538(0.745s / 2.935s)
generated_audios/generated_H4_256C_pruned50_int8/61-70968-0007_generated.wav | RTF: 0.0419(0.149s / 3.550s) | Generator RTF: 0.0411(0.146s / 3.550s)
generated_audios/generated_H4_256C_pruned50_int8/61-70968-0008_generated.wav | RTF: 0.0428(0.151s / 3.535s) | Generator RTF: 0.0418(0.148s / 3.535s)
generated_audios/generated_H4_256C_pruned50_int8/61-70968-0009_generated.wav | RTF: 0.2579(1.163s / 4.510s) | Generator RTF: 0.2571(1.160s / 4.510s)
generated_audios/generated_H4_256C_pruned50_int8/61-70968-0010_generated.wav | RTF: 0.2672(2.217s / 8.295s) | Generator RTF: 0.2668(2.213s / 8.295s)
generated_audios/generated_H4_256C_pruned50_int8/61-70968-0011_generated.wav | RTF: 0.2607(1.662s / 6.375s) | Generator RTF: 0.2602(1.659s / 6.375s)
generated_audios/generated_H4_256C_pruned50_int8/61-70968-0012_generated.wav | RTF: 0.0465(0.121s / 2.610s) | Generator RTF: 0.0453(0.118s / 2.610s)
generated_audios/generated_H4_256C_pruned50_int8/61-70968-0013_generated.wav | RTF: 0.0440(0.196s / 4.450s) | Generator RTF: 0.0432(0.192s / 4.450s)
generated_audios/generated_H4_256C_pruned50_int8/61-70968-0014_generated.wav | RTF: 0.2635(1.972s / 7.485s) | Generator RTF: 0.2630(1.969s / 7.485s)
generated_audios/generated_H4_256C_pruned50_int8/61-70968-0015_generated.wav | RTF: 0.2571(1.382s / 5.375s) | Generator RTF: 0.2565(1.379s / 5.375s)
generated_audios/generated_H4_256C_pruned50_int8/61-70968-0016_generated.wav | RTF: 0.2649(0.985s / 3.720s) | Generator RTF: 0.2641(0.982s / 3.720s)
generated_audios/generated_H4_256C_pruned50_int8/61-70968-0017_generated.wav | RTF: 0.2652(1.355s / 5.110s) | Generator RTF: 0.2645(1.352s / 5.110s)
generated_audios/generated_H4_256C_pruned50_int8/61-70968-0018_generated.wav | RTF: 0.2543(0.611s / 2.405s) | Generator RTF: 0.2531(0.609s / 2.405s)
generated_audios/generated_H4_256C_pruned50_int8/61-70968-0019_generated.wav | RTF: 0.2588(1.417s / 5.475s) | Generator RTF: 0.2582(1.413s / 5.475s)
generated_audios/generated_H4_256C_pruned50_int8/61-70968-0020_generated.wav | RTF: 0.2655(1.355s / 5.105s) | Generator RTF: 0.2649(1.352s / 5.105s)
generated_audios/generated_H4_256C_pruned50_int8/61-70968-0021_generated.wav | RTF: 0.2559(0.688s / 2.690s) | Generator RTF: 0.2547(0.685s / 2.690s)
generated_audios/generated_H4_256C_pruned50_int8/61-70968-0022_generated.wav | RTF: 0.0438(0.205s / 4.670s) | Generator RTF: 0.0431(0.201s / 4.670s)
generated_audios/generated_H4_256C_pruned50_int8/61-70968-0023_generated.wav | RTF: 0.0452(0.227s / 5.025s) | Generator RTF: 0.0445(0.224s / 5.025s)
generated_audios/generated_H4_256C_pruned50_int8/61-70968-0024_generated.wav | RTF: 0.2661(1.603s / 6.025s) | Generator RTF: 0.2655(1.600s / 6.025s)
generated_audios/generated_H4_256C_pruned50_int8/61-70968-0025_generated.wav | RTF: 0.0446(0.197s / 4.410s) | Generator RTF: 0.0438(0.193s / 4.410s)
generated_audios/generated_H4_256C_pruned50_int8/61-70968-0026_generated.wav | RTF: 0.2589(1.274s / 4.920s) | Generator RTF: 0.2583(1.271s / 4.920s)
generated_audios/generated_H4_256C_pruned50_int8/61-70968-0027_generated.wav | RTF: 0.2669(1.834s / 6.870s) | Generator RTF: 0.2664(1.830s / 6.870s)
generated_audios/generated_H4_256C_pruned50_int8/61-70968-0028_generated.wav | RTF: 0.2594(1.389s / 5.355s) | Generator RTF: 0.2588(1.386s / 5.355s)
generated_audios/generated_H4_256C_pruned50_int8/61-70968-0029_generated.wav | RTF: 0.2638(0.922s / 3.495s) | Generator RTF: 0.2629(0.919s / 3.495s)
generated_audios/generated_H4_256C_pruned50_int8/61-70968-0030_generated.wav | RTF: 0.2606(1.481s / 5.685s) | Generator RTF: 0.2600(1.478s / 5.685s)
generated_audios/generated_H4_256C_pruned50_int8/61-70968-0031_generated.wav | RTF: 0.2634(0.770s / 2.925s) | Generator RTF: 0.2624(0.767s / 2.925s)
generated_audios/generated_H4_256C_pruned50_int8/61-70968-0032_generated.wav | RTF: 0.0422(0.181s / 4.280s) | Generator RTF: 0.0415(0.178s / 4.280s)
generated_audios/generated_H4_256C_pruned50_int8/61-70968-0033_generated.wav | RTF: 0.0373(0.212s / 5.685s) | Generator RTF: 0.0367(0.209s / 5.685s)
generated_audios/generated_H4_256C_pruned50_int8/61-70968-0034_generated.wav | RTF: 0.2613(1.105s / 4.230s) | Generator RTF: 0.2605(1.102s / 4.230s)
generated_audios/generated_H4_256C_pruned50_int8/61-70968-0035_generated.wav | RTF: 0.2707(2.152s / 7.950s) | Generator RTF: 0.2702(2.148s / 7.950s)
generated_audios/generated_H4_256C_pruned50_int8/61-70968-0036_generated.wav | RTF: 0.0435(0.128s / 2.935s) | Generator RTF: 0.0425(0.125s / 2.935s)
generated_audios/generated_H4_256C_pruned50_int8/61-70968-0037_generated.wav | RTF: 0.0439(0.189s / 4.315s) | Generator RTF: 0.0431(0.186s / 4.315s)
generated_audios/generated_H4_256C_pruned50_int8/61-70968-0038_generated.wav | RTF: 0.2728(0.559s / 2.050s) | Generator RTF: 0.2713(0.556s / 2.050s)
generated_audios/generated_H4_256C_pruned50_int8/61-70968-0039_generated.wav | RTF: 0.2564(0.976s / 3.805s) | Generator RTF: 0.2555(0.972s / 3.805s)
generated_audios/generated_H4_256C_pruned50_int8/61-70968-0040_generated.wav | RTF: 0.2637(1.042s / 3.950s) | Generator RTF: 0.2629(1.038s / 3.950s)
generated_audios/generated_H4_256C_pruned50_int8/61-70968-0041_generated.wav | RTF: 0.0440(0.300s / 6.825s) | Generator RTF: 0.0435(0.297s / 6.825s)
generated_audios/generated_H4_256C_pruned50_int8/61-70968-0042_generated.wav | RTF: 0.0442(0.123s / 2.785s) | Generator RTF: 0.0430(0.120s / 2.785s)
generated_audios/generated_H4_256C_pruned50_int8/61-70968-0043_generated.wav | RTF: 0.2666(1.796s / 6.735s) | Generator RTF: 0.2661(1.792s / 6.735s)
generated_audios/generated_H4_256C_pruned50_int8/61-70968-0044_generated.wav | RTF: 0.0451(0.125s / 2.770s) | Generator RTF: 0.0439(0.122s / 2.770s)
generated_audios/generated_H4_256C_pruned50_int8/61-70968-0045_generated.wav | RTF: 0.0430(0.150s / 3.475s) | Generator RTF: 0.0421(0.146s / 3.475s)
generated_audios/generated_H4_256C_pruned50_int8/61-70968-0046_generated.wav | RTF: 0.0417(0.148s / 3.550s) | Generator RTF: 0.0408(0.145s / 3.550s)
generated_audios/generated_H4_256C_pruned50_int8/61-70968-0047_generated.wav | RTF: 0.2580(1.232s / 4.775s) | Generator RTF: 0.2572(1.228s / 4.775s)
generated_audios/generated_H4_256C_pruned50_int8/61-70968-0048_generated.wav | RTF: 0.2638(0.797s / 3.020s) | Generator RTF: 0.2627(0.793s / 3.020s)
generated_audios/generated_H4_256C_pruned50_int8/61-70968-0049_generated.wav | RTF: 0.2723(2.247s / 8.250s) | Generator RTF: 0.2719(2.243s / 8.250s)
generated_audios/generated_H4_256C_pruned50_int8/61-70968-0050_generated.wav | RTF: 0.2626(1.465s / 5.580s) | Generator RTF: 0.2620(1.462s / 5.580s)
generated_audios/generated_H4_256C_pruned50_int8/61-70968-0051_generated.wav | RTF: 0.2660(0.834s / 3.135s) | Generator RTF: 0.2649(0.831s / 3.135s)
generated_audios/generated_H4_256C_pruned50_int8/61-70968-0052_generated.wav | RTF: 0.2451(0.650s / 2.650s) | Generator RTF: 0.2439(0.646s / 2.650s)
generated_audios/generated_H4_256C_pruned50_int8/61-70968-0053_generated.wav | RTF: 0.0425(0.179s / 4.220s) | Generator RTF: 0.0417(0.176s / 4.220s)
generated_audios/generated_H4_256C_pruned50_int8/61-70968-0054_generated.wav | RTF: 0.2614(2.054s / 7.860s) | Generator RTF: 0.2609(2.051s / 7.860s)
generated_audios/generated_H4_256C_pruned50_int8/61-70968-0055_generated.wav | RTF: 0.0427(0.169s / 3.965s) | Generator RTF: 0.0418(0.166s / 3.965s)
generated_audios/generated_H4_256C_pruned50_int8/61-70968-0056_generated.wav | RTF: 0.2582(0.920s / 3.565s) | Generator RTF: 0.2573(0.917s / 3.565s)
generated_audios/generated_H4_256C_pruned50_int8/61-70968-0057_generated.wav | RTF: 0.0431(0.218s / 5.065s) | Generator RTF: 0.0424(0.215s / 5.065s)
generated_audios/generated_H4_256C_pruned50_int8/61-70968-0058_generated.wav | RTF: 0.2542(0.463s / 1.820s) | Generator RTF: 0.2527(0.460s / 1.820s)
generated_audios/generated_H4_256C_pruned50_int8/61-70968-0059_generated.wav | RTF: 0.0443(0.096s / 2.170s) | Generator RTF: 0.0429(0.093s / 2.170s)
generated_audios/generated_H4_256C_pruned50_int8/61-70968-0060_generated.wav | RTF: 0.0413(0.154s / 3.735s) | Generator RTF: 0.0403(0.151s / 3.735s)
generated_audios/generated_H4_256C_pruned50_int8/61-70968-0061_generated.wav | RTF: 0.2631(1.455s / 5.530s) | Generator RTF: 0.2625(1.452s / 5.530s)
generated_audios/generated_H4_256C_pruned50_int8/61-70968-0062_generated.wav | RTF: 0.0434(0.111s / 2.555s) | Generator RTF: 0.0421(0.108s / 2.555s)
generated_audios/generated_H4_256C_pruned50_int8/61-70970-0000_generated.wav | RTF: 0.2525(1.534s / 6.075s) | Generator RTF: 0.2519(1.530s / 6.075s)
generated_audios/generated_H4_256C_pruned50_int8/61-70970-0001_generated.wav | RTF: 0.2600(1.600s / 6.155s) | Generator RTF: 0.2594(1.596s / 6.155s)
generated_audios/generated_H4_256C_pruned50_int8/61-70970-0002_generated.wav | RTF: 0.2634(1.097s / 4.165s) | Generator RTF: 0.2627(1.094s / 4.165s)
generated_audios/generated_H4_256C_pruned50_int8/61-70970-0003_generated.wav | RTF: 0.2590(0.993s / 3.835s) | Generator RTF: 0.2582(0.990s / 3.835s)
generated_audios/generated_H4_256C_pruned50_int8/61-70970-0004_generated.wav | RTF: 0.2696(2.834s / 10.515s) | Generator RTF: 0.2692(2.831s / 10.515s)
generated_audios/generated_H4_256C_pruned50_int8/61-70970-0005_generated.wav | RTF: 0.2814(0.568s / 2.020s) | Generator RTF: 0.2796(0.565s / 2.020s)
generated_audios/generated_H4_256C_pruned50_int8/61-70970-0006_generated.wav | RTF: 0.2753(0.643s / 2.335s) | Generator RTF: 0.2739(0.640s / 2.335s)
generated_audios/generated_H4_256C_pruned50_int8/61-70970-0007_generated.wav | RTF: 0.2761(1.238s / 4.485s) | Generator RTF: 0.2754(1.235s / 4.485s)
generated_audios/generated_H4_256C_pruned50_int8/61-70970-0008_generated.wav | RTF: 0.2968(0.638s / 2.150s) | Generator RTF: 0.2954(0.635s / 2.150s)
generated_audios/generated_H4_256C_pruned50_int8/61-70970-0009_generated.wav | RTF: 0.2752(0.937s / 3.405s) | Generator RTF: 0.2741(0.933s / 3.405s)
generated_audios/generated_H4_256C_pruned50_int8/61-70970-0010_generated.wav | RTF: 0.0437(0.133s / 3.045s) | Generator RTF: 0.0426(0.130s / 3.045s)
generated_audios/generated_H4_256C_pruned50_int8/61-70970-0011_generated.wav | RTF: 0.0377(0.229s / 6.075s) | Generator RTF: 0.0372(0.226s / 6.075s)
generated_audios/generated_H4_256C_pruned50_int8/61-70970-0012_generated.wav | RTF: 0.0423(0.133s / 3.135s) | Generator RTF: 0.0412(0.129s / 3.135s)
generated_audios/generated_H4_256C_pruned50_int8/61-70970-0013_generated.wav | RTF: 0.2747(1.195s / 4.350s) | Generator RTF: 0.2740(1.192s / 4.350s)
generated_audios/generated_H4_256C_pruned50_int8/61-70970-0014_generated.wav | RTF: 0.0361(0.123s / 3.405s) | Generator RTF: 0.0351(0.120s / 3.405s)
generated_audios/generated_H4_256C_pruned50_int8/61-70970-0015_generated.wav | RTF: 0.2717(2.286s / 8.415s) | Generator RTF: 0.2712(2.282s / 8.415s)
generated_audios/generated_H4_256C_pruned50_int8/61-70970-0016_generated.wav | RTF: 0.2666(1.165s / 4.370s) | Generator RTF: 0.2659(1.162s / 4.370s)
generated_audios/generated_H4_256C_pruned50_int8/61-70970-0017_generated.wav | RTF: 0.0450(0.115s / 2.550s) | Generator RTF: 0.0437(0.111s / 2.550s)
generated_audios/generated_H4_256C_pruned50_int8/61-70970-0018_generated.wav | RTF: 0.2654(1.221s / 4.600s) | Generator RTF: 0.2646(1.217s / 4.600s)
generated_audios/generated_H4_256C_pruned50_int8/61-70970-0019_generated.wav | RTF: 0.2702(1.021s / 3.780s) | Generator RTF: 0.2693(1.018s / 3.780s)
generated_audios/generated_H4_256C_pruned50_int8/61-70970-0020_generated.wav | RTF: 0.0430(0.216s / 5.025s) | Generator RTF: 0.0424(0.213s / 5.025s)
generated_audios/generated_H4_256C_pruned50_int8/61-70970-0021_generated.wav | RTF: 0.2634(1.424s / 5.405s) | Generator RTF: 0.2627(1.420s / 5.405s)
generated_audios/generated_H4_256C_pruned50_int8/61-70970-0022_generated.wav | RTF: 0.0424(0.168s / 3.970s) | Generator RTF: 0.0415(0.165s / 3.970s)
generated_audios/generated_H4_256C_pruned50_int8/61-70970-0023_generated.wav | RTF: 0.0438(0.162s / 3.705s) | Generator RTF: 0.0429(0.159s / 3.705s)
generated_audios/generated_H4_256C_pruned50_int8/61-70970-0024_generated.wav | RTF: 0.2689(1.946s / 7.235s) | Generator RTF: 0.2684(1.942s / 7.235s)
generated_audios/generated_H4_256C_pruned50_int8/61-70970-0025_generated.wav | RTF: 0.2707(2.012s / 7.435s) | Generator RTF: 0.2701(2.008s / 7.435s)
generated_audios/generated_H4_256C_pruned50_int8/61-70970-0026_generated.wav | RTF: 0.0439(0.240s / 5.475s) | Generator RTF: 0.0432(0.236s / 5.475s)
generated_audios/generated_H4_256C_pruned50_int8/61-70970-0027_generated.wav | RTF: 0.0442(0.225s / 5.080s) | Generator RTF: 0.0436(0.221s / 5.080s)
generated_audios/generated_H4_256C_pruned50_int8/61-70970-0028_generated.wav | RTF: 0.0430(0.282s / 6.550s) | Generator RTF: 0.0425(0.278s / 6.550s)
generated_audios/generated_H4_256C_pruned50_int8/61-70970-0029_generated.wav | RTF: 0.0443(0.178s / 4.030s) | Generator RTF: 0.0434(0.175s / 4.030s)
generated_audios/generated_H4_256C_pruned50_int8/61-70970-0030_generated.wav | RTF: 0.0438(0.142s / 3.240s) | Generator RTF: 0.0428(0.139s / 3.240s)
generated_audios/generated_H4_256C_pruned50_int8/61-70970-0031_generated.wav | RTF: 0.2682(1.377s / 5.135s) | Generator RTF: 0.2675(1.373s / 5.135s)
generated_audios/generated_H4_256C_pruned50_int8/61-70970-0032_generated.wav | RTF: 0.0442(0.139s / 3.135s) | Generator RTF: 0.0432(0.135s / 3.135s)
generated_audios/generated_H4_256C_pruned50_int8/61-70970-0033_generated.wav | RTF: 0.2610(0.893s / 3.420s) | Generator RTF: 0.2600(0.889s / 3.420s)
generated_audios/generated_H4_256C_pruned50_int8/61-70970-0034_generated.wav | RTF: 0.0422(0.189s / 4.485s) | Generator RTF: 0.0414(0.186s / 4.485s)
generated_audios/generated_H4_256C_pruned50_int8/61-70970-0035_generated.wav | RTF: 0.0433(0.321s / 7.405s) | Generator RTF: 0.0428(0.317s / 7.405s)
generated_audios/generated_H4_256C_pruned50_int8/61-70970-0036_generated.wav | RTF: 0.0429(0.291s / 6.785s) | Generator RTF: 0.0424(0.288s / 6.785s)
generated_audios/generated_H4_256C_pruned50_int8/61-70970-0037_generated.wav | RTF: 0.2646(1.582s / 5.980s) | Generator RTF: 0.2639(1.578s / 5.980s)
generated_audios/generated_H4_256C_pruned50_int8/61-70970-0038_generated.wav | RTF: 0.2716(2.824s / 10.400s) | Generator RTF: 0.2711(2.820s / 10.400s)
generated_audios/generated_H4_256C_pruned50_int8/61-70970-0039_generated.wav | RTF: 0.0449(0.299s / 6.665s) | Generator RTF: 0.0444(0.296s / 6.665s)
generated_audios/generated_H4_256C_pruned50_int8/61-70970-0040_generated.wav | RTF: 0.0416(0.173s / 4.165s) | Generator RTF: 0.0407(0.169s / 4.165s)
generated_audios/generated_H4_256C_pruned50_int8/672-122797-0000_generated.wav | RTF: 0.2718(1.106s / 4.070s) | Generator RTF: 0.2710(1.103s / 4.070s)
generated_audios/generated_H4_256C_pruned50_int8/672-122797-0001_generated.wav | RTF: 0.2709(4.099s / 15.130s) | Generator RTF: 0.2706(4.094s / 15.130s)
generated_audios/generated_H4_256C_pruned50_int8/672-122797-0002_generated.wav | RTF: 0.2706(3.685s / 13.620s) | Generator RTF: 0.2703(3.681s / 13.620s)
generated_audios/generated_H4_256C_pruned50_int8/672-122797-0003_generated.wav | RTF: 0.2769(1.318s / 4.760s) | Generator RTF: 0.2761(1.314s / 4.760s)
generated_audios/generated_H4_256C_pruned50_int8/672-122797-0004_generated.wav | RTF: 0.2694(2.762s / 10.250s) | Generator RTF: 0.2691(2.758s / 10.250s)
generated_audios/generated_H4_256C_pruned50_int8/672-122797-0005_generated.wav | RTF: 0.2825(0.921s / 3.260s) | Generator RTF: 0.2815(0.918s / 3.260s)
generated_audios/generated_H4_256C_pruned50_int8/672-122797-0006_generated.wav | RTF: 0.2747(3.833s / 13.950s) | Generator RTF: 0.2744(3.828s / 13.950s)
generated_audios/generated_H4_256C_pruned50_int8/672-122797-0007_generated.wav | RTF: 0.2692(1.728s / 6.420s) | Generator RTF: 0.2686(1.724s / 6.420s)
generated_audios/generated_H4_256C_pruned50_int8/672-122797-0008_generated.wav | RTF: 0.2766(8.522s / 30.810s) | Generator RTF: 0.2764(8.516s / 30.810s)
generated_audios/generated_H4_256C_pruned50_int8/672-122797-0009_generated.wav | RTF: 0.0433(0.120s / 2.765s) | Generator RTF: 0.0423(0.117s / 2.765s)
generated_audios/generated_H4_256C_pruned50_int8/672-122797-0010_generated.wav | RTF: 0.0463(0.176s / 3.815s) | Generator RTF: 0.0454(0.173s / 3.815s)
generated_audios/generated_H4_256C_pruned50_int8/672-122797-0011_generated.wav | RTF: 0.2887(0.733s / 2.540s) | Generator RTF: 0.2874(0.730s / 2.540s)
generated_audios/generated_H4_256C_pruned50_int8/672-122797-0012_generated.wav | RTF: 0.2784(2.162s / 7.765s) | Generator RTF: 0.2779(2.158s / 7.765s)
generated_audios/generated_H4_256C_pruned50_int8/672-122797-0013_generated.wav | RTF: 0.2713(2.362s / 8.705s) | Generator RTF: 0.2709(2.358s / 8.705s)
generated_audios/generated_H4_256C_pruned50_int8/672-122797-0014_generated.wav | RTF: 0.0442(0.113s / 2.555s) | Generator RTF: 0.0431(0.110s / 2.555s)
generated_audios/generated_H4_256C_pruned50_int8/672-122797-0015_generated.wav | RTF: 0.0437(0.195s / 4.455s) | Generator RTF: 0.0430(0.191s / 4.455s)
generated_audios/generated_H4_256C_pruned50_int8/672-122797-0016_generated.wav | RTF: 0.2692(2.480s / 9.215s) | Generator RTF: 0.2688(2.477s / 9.215s)
generated_audios/generated_H4_256C_pruned50_int8/672-122797-0017_generated.wav | RTF: 0.2691(1.297s / 4.820s) | Generator RTF: 0.2683(1.293s / 4.820s)
generated_audios/generated_H4_256C_pruned50_int8/672-122797-0018_generated.wav | RTF: 0.2668(1.315s / 4.930s) | Generator RTF: 0.2661(1.312s / 4.930s)
generated_audios/generated_H4_256C_pruned50_int8/672-122797-0019_generated.wav | RTF: 0.2631(1.081s / 4.110s) | Generator RTF: 0.2623(1.078s / 4.110s)
generated_audios/generated_H4_256C_pruned50_int8/672-122797-0020_generated.wav | RTF: 0.2702(2.385s / 8.825s) | Generator RTF: 0.2698(2.381s / 8.825s)
generated_audios/generated_H4_256C_pruned50_int8/672-122797-0021_generated.wav | RTF: 0.0427(0.177s / 4.150s) | Generator RTF: 0.0418(0.174s / 4.150s)
generated_audios/generated_H4_256C_pruned50_int8/672-122797-0022_generated.wav | RTF: 0.2751(5.229s / 19.005s) | Generator RTF: 0.2749(5.224s / 19.005s)
generated_audios/generated_H4_256C_pruned50_int8/672-122797-0023_generated.wav | RTF: 0.2712(2.629s / 9.695s) | Generator RTF: 0.2708(2.626s / 9.695s)
generated_audios/generated_H4_256C_pruned50_int8/672-122797-0024_generated.wav | RTF: 0.2675(1.105s / 4.130s) | Generator RTF: 0.2666(1.101s / 4.130s)
generated_audios/generated_H4_256C_pruned50_int8/672-122797-0025_generated.wav | RTF: 0.2726(2.914s / 10.690s) | Generator RTF: 0.2722(2.910s / 10.690s)
generated_audios/generated_H4_256C_pruned50_int8/672-122797-0026_generated.wav | RTF: 0.2717(3.793s / 13.960s) | Generator RTF: 0.2713(3.788s / 13.960s)
generated_audios/generated_H4_256C_pruned50_int8/672-122797-0027_generated.wav | RTF: 0.0427(0.205s / 4.790s) | Generator RTF: 0.0420(0.201s / 4.790s)
generated_audios/generated_H4_256C_pruned50_int8/672-122797-0028_generated.wav | RTF: 0.0464(0.121s / 2.610s) | Generator RTF: 0.0452(0.118s / 2.610s)
generated_audios/generated_H4_256C_pruned50_int8/672-122797-0029_generated.wav | RTF: 0.0432(0.132s / 3.050s) | Generator RTF: 0.0421(0.128s / 3.050s)
generated_audios/generated_H4_256C_pruned50_int8/672-122797-0030_generated.wav | RTF: 0.2621(1.199s / 4.575s) | Generator RTF: 0.2614(1.196s / 4.575s)
generated_audios/generated_H4_256C_pruned50_int8/672-122797-0031_generated.wav | RTF: 0.0437(0.174s / 3.980s) | Generator RTF: 0.0429(0.171s / 3.980s)
generated_audios/generated_H4_256C_pruned50_int8/672-122797-0032_generated.wav | RTF: 0.0433(0.173s / 4.000s) | Generator RTF: 0.0424(0.170s / 4.000s)
generated_audios/generated_H4_256C_pruned50_int8/672-122797-0033_generated.wav | RTF: 0.2736(0.352s / 1.285s) | Generator RTF: 0.2713(0.349s / 1.285s)
generated_audios/generated_H4_256C_pruned50_int8/672-122797-0034_generated.wav | RTF: 0.0427(0.218s / 5.110s) | Generator RTF: 0.0422(0.215s / 5.110s)
generated_audios/generated_H4_256C_pruned50_int8/672-122797-0035_generated.wav | RTF: 0.0440(0.128s / 2.900s) | Generator RTF: 0.0430(0.125s / 2.900s)
generated_audios/generated_H4_256C_pruned50_int8/672-122797-0036_generated.wav | RTF: 0.0437(0.234s / 5.365s) | Generator RTF: 0.0431(0.231s / 5.365s)
generated_audios/generated_H4_256C_pruned50_int8/672-122797-0037_generated.wav | RTF: 0.2594(0.508s / 1.960s) | Generator RTF: 0.2579(0.505s / 1.960s)
generated_audios/generated_H4_256C_pruned50_int8/672-122797-0038_generated.wav | RTF: 0.2666(2.346s / 8.800s) | Generator RTF: 0.2662(2.342s / 8.800s)
generated_audios/generated_H4_256C_pruned50_int8/672-122797-0039_generated.wav | RTF: 0.2664(1.072s / 4.025s) | Generator RTF: 0.2656(1.069s / 4.025s)
generated_audios/generated_H4_256C_pruned50_int8/672-122797-0040_generated.wav | RTF: 0.0440(0.226s / 5.125s) | Generator RTF: 0.0434(0.222s / 5.125s)
generated_audios/generated_H4_256C_pruned50_int8/672-122797-0041_generated.wav | RTF: 0.0440(0.171s / 3.880s) | Generator RTF: 0.0431(0.167s / 3.880s)
generated_audios/generated_H4_256C_pruned50_int8/672-122797-0042_generated.wav | RTF: 0.2727(4.175s / 15.310s) | Generator RTF: 0.2724(4.170s / 15.310s)
generated_audios/generated_H4_256C_pruned50_int8/672-122797-0043_generated.wav | RTF: 0.0437(0.165s / 3.780s) | Generator RTF: 0.0427(0.161s / 3.780s)
generated_audios/generated_H4_256C_pruned50_int8/672-122797-0044_generated.wav | RTF: 0.0424(0.159s / 3.740s) | Generator RTF: 0.0415(0.155s / 3.740s)
generated_audios/generated_H4_256C_pruned50_int8/672-122797-0045_generated.wav | RTF: 0.0467(0.651s / 13.960s) | Generator RTF: 0.0464(0.647s / 13.960s)
generated_audios/generated_H4_256C_pruned50_int8/672-122797-0046_generated.wav | RTF: 0.2639(1.244s / 4.715s) | Generator RTF: 0.2632(1.241s / 4.715s)
generated_audios/generated_H4_256C_pruned50_int8/672-122797-0047_generated.wav | RTF: 0.2664(0.886s / 3.325s) | Generator RTF: 0.2654(0.882s / 3.325s)
generated_audios/generated_H4_256C_pruned50_int8/672-122797-0048_generated.wav | RTF: 0.0431(0.283s / 6.555s) | Generator RTF: 0.0426(0.279s / 6.555s)
generated_audios/generated_H4_256C_pruned50_int8/672-122797-0049_generated.wav | RTF: 0.0456(0.092s / 2.020s) | Generator RTF: 0.0441(0.089s / 2.020s)
generated_audios/generated_H4_256C_pruned50_int8/672-122797-0050_generated.wav | RTF: 0.2722(1.321s / 4.855s) | Generator RTF: 0.2714(1.318s / 4.855s)
generated_audios/generated_H4_256C_pruned50_int8/672-122797-0051_generated.wav | RTF: 0.2687(1.253s / 4.665s) | Generator RTF: 0.2679(1.250s / 4.665s)
generated_audios/generated_H4_256C_pruned50_int8/672-122797-0052_generated.wav | RTF: 0.2652(1.136s / 4.285s) | Generator RTF: 0.2644(1.133s / 4.285s)
generated_audios/generated_H4_256C_pruned50_int8/672-122797-0053_generated.wav | RTF: 0.0434(0.128s / 2.955s) | Generator RTF: 0.0423(0.125s / 2.955s)
generated_audios/generated_H4_256C_pruned50_int8/672-122797-0054_generated.wav | RTF: 0.0423(0.180s / 4.250s) | Generator RTF: 0.0414(0.176s / 4.250s)
generated_audios/generated_H4_256C_pruned50_int8/672-122797-0055_generated.wav | RTF: 0.2687(2.211s / 8.230s) | Generator RTF: 0.2683(2.208s / 8.230s)
generated_audios/generated_H4_256C_pruned50_int8/672-122797-0056_generated.wav | RTF: 0.0426(0.223s / 5.225s) | Generator RTF: 0.0420(0.219s / 5.225s)
generated_audios/generated_H4_256C_pruned50_int8/672-122797-0057_generated.wav | RTF: 0.0428(0.281s / 6.560s) | Generator RTF: 0.0422(0.277s / 6.560s)
generated_audios/generated_H4_256C_pruned50_int8/672-122797-0058_generated.wav | RTF: 0.2742(1.226s / 4.470s) | Generator RTF: 0.2735(1.223s / 4.470s)
generated_audios/generated_H4_256C_pruned50_int8/672-122797-0059_generated.wav | RTF: 0.2710(0.954s / 3.520s) | Generator RTF: 0.2701(0.951s / 3.520s)
generated_audios/generated_H4_256C_pruned50_int8/672-122797-0060_generated.wav | RTF: 0.0441(0.148s / 3.350s) | Generator RTF: 0.0431(0.144s / 3.350s)
generated_audios/generated_H4_256C_pruned50_int8/672-122797-0061_generated.wav | RTF: 0.2665(2.023s / 7.590s) | Generator RTF: 0.2660(2.019s / 7.590s)
generated_audios/generated_H4_256C_pruned50_int8/672-122797-0062_generated.wav | RTF: 0.2722(0.728s / 2.675s) | Generator RTF: 0.2710(0.725s / 2.675s)
generated_audios/generated_H4_256C_pruned50_int8/672-122797-0063_generated.wav | RTF: 0.0429(0.218s / 5.075s) | Generator RTF: 0.0422(0.214s / 5.075s)
generated_audios/generated_H4_256C_pruned50_int8/672-122797-0064_generated.wav | RTF: 0.2732(4.172s / 15.270s) | Generator RTF: 0.2729(4.167s / 15.270s)
generated_audios/generated_H4_256C_pruned50_int8/672-122797-0065_generated.wav | RTF: 0.0430(0.130s / 3.030s) | Generator RTF: 0.0419(0.127s / 3.030s)
generated_audios/generated_H4_256C_pruned50_int8/672-122797-0066_generated.wav | RTF: 0.0417(0.201s / 4.815s) | Generator RTF: 0.0410(0.197s / 4.815s)
generated_audios/generated_H4_256C_pruned50_int8/672-122797-0067_generated.wav | RTF: 0.2691(3.508s / 13.035s) | Generator RTF: 0.2688(3.504s / 13.035s)
generated_audios/generated_H4_256C_pruned50_int8/672-122797-0068_generated.wav | RTF: 0.0417(0.168s / 4.020s) | Generator RTF: 0.0407(0.164s / 4.020s)
generated_audios/generated_H4_256C_pruned50_int8/672-122797-0069_generated.wav | RTF: 0.2706(1.356s / 5.010s) | Generator RTF: 0.2699(1.352s / 5.010s)
generated_audios/generated_H4_256C_pruned50_int8/672-122797-0070_generated.wav | RTF: 0.2692(1.688s / 6.270s) | Generator RTF: 0.2686(1.684s / 6.270s)
generated_audios/generated_H4_256C_pruned50_int8/672-122797-0071_generated.wav | RTF: 0.2749(2.440s / 8.875s) | Generator RTF: 0.2745(2.436s / 8.875s)
generated_audios/generated_H4_256C_pruned50_int8/672-122797-0072_generated.wav | RTF: 0.2713(2.154s / 7.940s) | Generator RTF: 0.2708(2.150s / 7.940s)
generated_audios/generated_H4_256C_pruned50_int8/672-122797-0073_generated.wav | RTF: 0.2702(2.217s / 8.205s) | Generator RTF: 0.2697(2.213s / 8.205s)
generated_audios/generated_H4_256C_pruned50_int8/672-122797-0074_generated.wav | RTF: 0.2676(2.336s / 8.730s) | Generator RTF: 0.2672(2.332s / 8.730s)
generated_audios/generated_H4_256C_pruned50_int8/908-157963-0000_generated.wav | RTF: 0.2690(3.395s / 12.620s) | Generator RTF: 0.2687(3.391s / 12.620s)
generated_audios/generated_H4_256C_pruned50_int8/908-157963-0001_generated.wav | RTF: 0.2702(0.780s / 2.885s) | Generator RTF: 0.2690(0.776s / 2.885s)
generated_audios/generated_H4_256C_pruned50_int8/908-157963-0002_generated.wav | RTF: 0.2583(0.712s / 2.755s) | Generator RTF: 0.2571(0.708s / 2.755s)
generated_audios/generated_H4_256C_pruned50_int8/908-157963-0003_generated.wav | RTF: 0.2681(0.826s / 3.080s) | Generator RTF: 0.2671(0.823s / 3.080s)
generated_audios/generated_H4_256C_pruned50_int8/908-157963-0004_generated.wav | RTF: 0.2728(3.816s / 13.990s) | Generator RTF: 0.2725(3.812s / 13.990s)
generated_audios/generated_H4_256C_pruned50_int8/908-157963-0005_generated.wav | RTF: 0.2685(1.889s / 7.035s) | Generator RTF: 0.2679(1.884s / 7.035s)
generated_audios/generated_H4_256C_pruned50_int8/908-157963-0006_generated.wav | RTF: 0.2735(2.218s / 8.110s) | Generator RTF: 0.2730(2.214s / 8.110s)
generated_audios/generated_H4_256C_pruned50_int8/908-157963-0007_generated.wav | RTF: 0.2775(9.095s / 32.770s) | Generator RTF: 0.2773(9.088s / 32.770s)
generated_audios/generated_H4_256C_pruned50_int8/908-157963-0008_generated.wav | RTF: 0.2750(5.487s / 19.950s) | Generator RTF: 0.2748(5.482s / 19.950s)
generated_audios/generated_H4_256C_pruned50_int8/908-157963-0009_generated.wav | RTF: 0.2685(1.090s / 4.060s) | Generator RTF: 0.2676(1.087s / 4.060s)
generated_audios/generated_H4_256C_pruned50_int8/908-157963-0010_generated.wav | RTF: 0.0378(0.237s / 6.280s) | Generator RTF: 0.0372(0.234s / 6.280s)
generated_audios/generated_H4_256C_pruned50_int8/908-157963-0011_generated.wav | RTF: 0.0443(0.460s / 10.395s) | Generator RTF: 0.0439(0.456s / 10.395s)
generated_audios/generated_H4_256C_pruned50_int8/908-157963-0012_generated.wav | RTF: 0.2724(2.749s / 10.090s) | Generator RTF: 0.2720(2.745s / 10.090s)
generated_audios/generated_H4_256C_pruned50_int8/908-157963-0013_generated.wav | RTF: 0.0424(0.183s / 4.315s) | Generator RTF: 0.0416(0.179s / 4.315s)
generated_audios/generated_H4_256C_pruned50_int8/908-157963-0014_generated.wav | RTF: 0.0429(0.194s / 4.520s) | Generator RTF: 0.0421(0.190s / 4.520s)
generated_audios/generated_H4_256C_pruned50_int8/908-157963-0015_generated.wav | RTF: 0.2728(3.946s / 14.465s) | Generator RTF: 0.2725(3.941s / 14.465s)
generated_audios/generated_H4_256C_pruned50_int8/908-157963-0016_generated.wav | RTF: 0.0422(0.215s / 5.105s) | Generator RTF: 0.0414(0.211s / 5.105s)
generated_audios/generated_H4_256C_pruned50_int8/908-157963-0017_generated.wav | RTF: 0.2624(1.299s / 4.950s) | Generator RTF: 0.2616(1.295s / 4.950s)
generated_audios/generated_H4_256C_pruned50_int8/908-157963-0018_generated.wav | RTF: 0.0418(0.178s / 4.255s) | Generator RTF: 0.0409(0.174s / 4.255s)
generated_audios/generated_H4_256C_pruned50_int8/908-157963-0019_generated.wav | RTF: 0.2755(5.908s / 21.440s) | Generator RTF: 0.2753(5.903s / 21.440s)
generated_audios/generated_H4_256C_pruned50_int8/908-157963-0020_generated.wav | RTF: 0.2712(2.658s / 9.800s) | Generator RTF: 0.2708(2.654s / 9.800s)
generated_audios/generated_H4_256C_pruned50_int8/908-157963-0021_generated.wav | RTF: 0.0450(0.461s / 10.240s) | Generator RTF: 0.0446(0.457s / 10.240s)
generated_audios/generated_H4_256C_pruned50_int8/908-157963-0022_generated.wav | RTF: 0.2730(1.258s / 4.610s) | Generator RTF: 0.2722(1.255s / 4.610s)
generated_audios/generated_H4_256C_pruned50_int8/908-157963-0023_generated.wav | RTF: 0.2688(2.588s / 9.625s) | Generator RTF: 0.2684(2.584s / 9.625s)
generated_audios/generated_H4_256C_pruned50_int8/908-157963-0024_generated.wav | RTF: 0.2685(0.924s / 3.440s) | Generator RTF: 0.2675(0.920s / 3.440s)
generated_audios/generated_H4_256C_pruned50_int8/908-157963-0025_generated.wav | RTF: 0.2670(2.473s / 9.265s) | Generator RTF: 0.2665(2.469s / 9.265s)
generated_audios/generated_H4_256C_pruned50_int8/908-157963-0026_generated.wav | RTF: 0.2689(2.178s / 8.100s) | Generator RTF: 0.2684(2.174s / 8.100s)
generated_audios/generated_H4_256C_pruned50_int8/908-157963-0027_generated.wav | RTF: 0.0457(0.239s / 5.225s) | Generator RTF: 0.0450(0.235s / 5.225s)
generated_audios/generated_H4_256C_pruned50_int8/908-157963-0028_generated.wav | RTF: 0.0393(0.195s / 4.955s) | Generator RTF: 0.0386(0.191s / 4.955s)
generated_audios/generated_H4_256C_pruned50_int8/908-157963-0029_generated.wav | RTF: 0.2602(0.945s / 3.630s) | Generator RTF: 0.2593(0.941s / 3.630s)
generated_audios/generated_H4_256C_pruned50_int8/908-157963-0030_generated.wav | RTF: 0.0384(0.174s / 4.520s) | Generator RTF: 0.0377(0.170s / 4.520s)
generated_audios/generated_H4_256C_pruned50_int8/908-31957-0000_generated.wav | RTF: 0.2632(0.559s / 2.125s) | Generator RTF: 0.2616(0.556s / 2.125s)
generated_audios/generated_H4_256C_pruned50_int8/908-31957-0001_generated.wav | RTF: 0.2701(3.056s / 11.315s) | Generator RTF: 0.2697(3.052s / 11.315s)
generated_audios/generated_H4_256C_pruned50_int8/908-31957-0002_generated.wav | RTF: 0.0418(0.200s / 4.790s) | Generator RTF: 0.0411(0.197s / 4.790s)
generated_audios/generated_H4_256C_pruned50_int8/908-31957-0003_generated.wav | RTF: 0.0434(0.285s / 6.565s) | Generator RTF: 0.0428(0.281s / 6.565s)
generated_audios/generated_H4_256C_pruned50_int8/908-31957-0004_generated.wav | RTF: 0.2722(4.017s / 14.755s) | Generator RTF: 0.2719(4.012s / 14.755s)
generated_audios/generated_H4_256C_pruned50_int8/908-31957-0005_generated.wav | RTF: 0.0418(0.188s / 4.490s) | Generator RTF: 0.0410(0.184s / 4.490s)
generated_audios/generated_H4_256C_pruned50_int8/908-31957-0006_generated.wav | RTF: 0.2605(1.535s / 5.890s) | Generator RTF: 0.2599(1.531s / 5.890s)
generated_audios/generated_H4_256C_pruned50_int8/908-31957-0007_generated.wav | RTF: 0.0419(0.243s / 5.800s) | Generator RTF: 0.0412(0.239s / 5.800s)
generated_audios/generated_H4_256C_pruned50_int8/908-31957-0008_generated.wav | RTF: 0.2687(2.688s / 10.005s) | Generator RTF: 0.2682(2.684s / 10.005s)
generated_audios/generated_H4_256C_pruned50_int8/908-31957-0009_generated.wav | RTF: 0.2672(2.059s / 7.705s) | Generator RTF: 0.2668(2.055s / 7.705s)
generated_audios/generated_H4_256C_pruned50_int8/908-31957-0010_generated.wav | RTF: 0.2608(0.655s / 2.510s) | Generator RTF: 0.2595(0.651s / 2.510s)
generated_audios/generated_H4_256C_pruned50_int8/908-31957-0011_generated.wav | RTF: 0.0445(0.104s / 2.335s) | Generator RTF: 0.0431(0.101s / 2.335s)
generated_audios/generated_H4_256C_pruned50_int8/908-31957-0012_generated.wav | RTF: 0.2675(2.037s / 7.615s) | Generator RTF: 0.2670(2.033s / 7.615s)
generated_audios/generated_H4_256C_pruned50_int8/908-31957-0013_generated.wav | RTF: 0.2674(1.653s / 6.180s) | Generator RTF: 0.2668(1.649s / 6.180s)
generated_audios/generated_H4_256C_pruned50_int8/908-31957-0014_generated.wav | RTF: 0.2653(2.006s / 7.560s) | Generator RTF: 0.2649(2.002s / 7.560s)
generated_audios/generated_H4_256C_pruned50_int8/908-31957-0015_generated.wav | RTF: 0.2756(5.916s / 21.465s) | Generator RTF: 0.2753(5.910s / 21.465s)
generated_audios/generated_H4_256C_pruned50_int8/908-31957-0016_generated.wav | RTF: 0.2688(1.742s / 6.480s) | Generator RTF: 0.2682(1.738s / 6.480s)
generated_audios/generated_H4_256C_pruned50_int8/908-31957-0017_generated.wav | RTF: 0.2729(2.127s / 7.795s) | Generator RTF: 0.2724(2.123s / 7.795s)
generated_audios/generated_H4_256C_pruned50_int8/908-31957-0018_generated.wav | RTF: 0.2682(1.050s / 3.915s) | Generator RTF: 0.2673(1.047s / 3.915s)
generated_audios/generated_H4_256C_pruned50_int8/908-31957-0019_generated.wav | RTF: 0.2708(2.583s / 9.540s) | Generator RTF: 0.2704(2.579s / 9.540s)
generated_audios/generated_H4_256C_pruned50_int8/908-31957-0020_generated.wav | RTF: 0.0392(0.231s / 5.895s) | Generator RTF: 0.0385(0.227s / 5.895s)
generated_audios/generated_H4_256C_pruned50_int8/908-31957-0021_generated.wav | RTF: 0.2666(2.907s / 10.905s) | Generator RTF: 0.2662(2.903s / 10.905s)
generated_audios/generated_H4_256C_pruned50_int8/908-31957-0022_generated.wav | RTF: 0.2718(3.832s / 14.100s) | Generator RTF: 0.2714(3.827s / 14.100s)
generated_audios/generated_H4_256C_pruned50_int8/908-31957-0023_generated.wav | RTF: 0.2655(2.261s / 8.515s) | Generator RTF: 0.2651(2.257s / 8.515s)
generated_audios/generated_H4_256C_pruned50_int8/908-31957-0024_generated.wav | RTF: 0.2679(2.020s / 7.540s) | Generator RTF: 0.2673(2.016s / 7.540s)
generated_audios/generated_H4_256C_pruned50_int8/908-31957-0025_generated.wav | RTF: 0.2896(5.954s / 20.560s) | Generator RTF: 0.2893(5.948s / 20.560s)
Average RTF: 0.1969(622.135s / 3159.849s)
Average Generator RTF: 0.1963(620.321s / 3159.849s)
Evaluation summary:
  Mel-spectrogram L1: 0.457141
  PESQ: 2.129441
  STOI: 0.921263
Appended per-audio metrics to CSV: per_audio_results/H4_256C_int8_Physical_pruning

Appended metrics to CSV: experiments_results.csv
========== H4: pruning 70% + quantize ==========
Initializing Inference Process..
Using device: cpu (baseline and quantized inference both run on CPU)
Quantization enabled: forcing CPU inference for INT8 model.
Loading '/home/hpc/vlbi/vlbi107v/hifi-gan/cp_hifigan/v1_c256_physical70/g_00265000'
Complete.
Checkpoint contains plain conv weights. Removing weight_norm wrappers before loading...
Removing weight norm...
Removing weight norm...
Calibrating static quantization using 50 samples...
INT8 quantization scope: resblocks_range
Quantizing residual blocks 3..8; all other layers stay FP32.
Checking quantized modules after static quantization:
Quantized module: resblocks.3.convs1.0 (torch.ao.nn.quantized.modules.conv.Conv1d)
Quantized module: resblocks.3.convs1.1 (torch.ao.nn.quantized.modules.conv.Conv1d)
Quantized module: resblocks.3.convs1.2 (torch.ao.nn.quantized.modules.conv.Conv1d)
Quantized module: resblocks.3.convs2.0 (torch.ao.nn.quantized.modules.conv.Conv1d)
Quantized module: resblocks.3.convs2.1 (torch.ao.nn.quantized.modules.conv.Conv1d)
Quantized module: resblocks.3.convs2.2 (torch.ao.nn.quantized.modules.conv.Conv1d)
Quantized module: resblocks.4.convs1.0 (torch.ao.nn.quantized.modules.conv.Conv1d)
Quantized module: resblocks.4.convs1.1 (torch.ao.nn.quantized.modules.conv.Conv1d)
Quantized module: resblocks.4.convs1.2 (torch.ao.nn.quantized.modules.conv.Conv1d)
Quantized module: resblocks.4.convs2.0 (torch.ao.nn.quantized.modules.conv.Conv1d)
Quantized module: resblocks.4.convs2.1 (torch.ao.nn.quantized.modules.conv.Conv1d)
Quantized module: resblocks.4.convs2.2 (torch.ao.nn.quantized.modules.conv.Conv1d)
Quantized module: resblocks.5.convs1.0 (torch.ao.nn.quantized.modules.conv.Conv1d)
Quantized module: resblocks.5.convs1.1 (torch.ao.nn.quantized.modules.conv.Conv1d)
Quantized module: resblocks.5.convs1.2 (torch.ao.nn.quantized.modules.conv.Conv1d)
Quantized module: resblocks.5.convs2.0 (torch.ao.nn.quantized.modules.conv.Conv1d)
Quantized module: resblocks.5.convs2.1 (torch.ao.nn.quantized.modules.conv.Conv1d)
Quantized module: resblocks.5.convs2.2 (torch.ao.nn.quantized.modules.conv.Conv1d)
Quantized module: resblocks.6.convs1.0 (torch.ao.nn.quantized.modules.conv.Conv1d)
Quantized module: resblocks.6.convs1.1 (torch.ao.nn.quantized.modules.conv.Conv1d)
Quantized module: resblocks.6.convs1.2 (torch.ao.nn.quantized.modules.conv.Conv1d)
Quantized module: resblocks.6.convs2.0 (torch.ao.nn.quantized.modules.conv.Conv1d)
Quantized module: resblocks.6.convs2.1 (torch.ao.nn.quantized.modules.conv.Conv1d)
Quantized module: resblocks.6.convs2.2 (torch.ao.nn.quantized.modules.conv.Conv1d)
Quantized module: resblocks.7.convs1.0 (torch.ao.nn.quantized.modules.conv.Conv1d)
Quantized module: resblocks.7.convs1.1 (torch.ao.nn.quantized.modules.conv.Conv1d)
Quantized module: resblocks.7.convs1.2 (torch.ao.nn.quantized.modules.conv.Conv1d)
Quantized module: resblocks.7.convs2.0 (torch.ao.nn.quantized.modules.conv.Conv1d)
Quantized module: resblocks.7.convs2.1 (torch.ao.nn.quantized.modules.conv.Conv1d)
Quantized module: resblocks.7.convs2.2 (torch.ao.nn.quantized.modules.conv.Conv1d)
Quantized module: resblocks.8.convs1.0 (torch.ao.nn.quantized.modules.conv.Conv1d)
Quantized module: resblocks.8.convs1.1 (torch.ao.nn.quantized.modules.conv.Conv1d)
Quantized module: resblocks.8.convs1.2 (torch.ao.nn.quantized.modules.conv.Conv1d)
Quantized module: resblocks.8.convs2.0 (torch.ao.nn.quantized.modules.conv.Conv1d)
Quantized module: resblocks.8.convs2.1 (torch.ao.nn.quantized.modules.conv.Conv1d)
Quantized module: resblocks.8.convs2.2 (torch.ao.nn.quantized.modules.conv.Conv1d)
Saving checkpoint to /home/hpc/vlbi/vlbi107v/hifi-gan/cp_hifigan/v1_c256_physical70/compressed_checkpoint_int8
Complete.
Saved compressed checkpoint: /home/hpc/vlbi/vlbi107v/hifi-gan/cp_hifigan/v1_c256_physical70/compressed_checkpoint_int8 (5.792 MB)
Compressed checkpoint parameters: 1,629,001
Loaded checkpoint: /home/hpc/vlbi/vlbi107v/hifi-gan/cp_hifigan/v1_c256_physical70/g_00265000 (6.265 MB)
Generator parameters: 1,629,001
generated_audios/generated_H4_256C_pruned70_int8/1089-134686-0000_generated.wav | RTF: 0.0391(0.408s / 10.435s) | Generator RTF: 0.0388(0.405s / 10.435s)
generated_audios/generated_H4_256C_pruned70_int8/1089-134686-0001_generated.wav | RTF: 0.0389(0.127s / 3.275s) | Generator RTF: 0.0379(0.124s / 3.275s)
generated_audios/generated_H4_256C_pruned70_int8/1089-134686-0002_generated.wav | RTF: 0.0373(0.247s / 6.625s) | Generator RTF: 0.0367(0.243s / 6.625s)
generated_audios/generated_H4_256C_pruned70_int8/1089-134686-0003_generated.wav | RTF: 0.0390(0.105s / 2.680s) | Generator RTF: 0.0378(0.101s / 2.680s)
generated_audios/generated_H4_256C_pruned70_int8/1089-134686-0004_generated.wav | RTF: 0.0382(0.199s / 5.215s) | Generator RTF: 0.0375(0.196s / 5.215s)
generated_audios/generated_H4_256C_pruned70_int8/1089-134686-0005_generated.wav | RTF: 0.0388(0.374s / 9.635s) | Generator RTF: 0.0384(0.370s / 9.635s)
generated_audios/generated_H4_256C_pruned70_int8/1089-134686-0006_generated.wav | RTF: 0.0392(0.414s / 10.555s) | Generator RTF: 0.0388(0.410s / 10.555s)
generated_audios/generated_H4_256C_pruned70_int8/1089-134686-0007_generated.wav | RTF: 0.0369(0.158s / 4.275s) | Generator RTF: 0.0361(0.154s / 4.275s)
generated_audios/generated_H4_256C_pruned70_int8/1089-134686-0008_generated.wav | RTF: 0.0360(0.242s / 6.730s) | Generator RTF: 0.0355(0.239s / 6.730s)
generated_audios/generated_H4_256C_pruned70_int8/1089-134686-0009_generated.wav | RTF: 0.0390(0.413s / 10.575s) | Generator RTF: 0.0386(0.408s / 10.575s)
generated_audios/generated_H4_256C_pruned70_int8/1089-134686-0010_generated.wav | RTF: 0.0356(0.157s / 4.405s) | Generator RTF: 0.0347(0.153s / 4.405s)
generated_audios/generated_H4_256C_pruned70_int8/1089-134686-0011_generated.wav | RTF: 0.0444(0.552s / 12.445s) | Generator RTF: 0.0440(0.548s / 12.445s)
generated_audios/generated_H4_256C_pruned70_int8/1089-134686-0012_generated.wav | RTF: 0.0440(0.512s / 11.640s) | Generator RTF: 0.0435(0.507s / 11.640s)
generated_audios/generated_H4_256C_pruned70_int8/1089-134686-0013_generated.wav | RTF: 0.0375(0.297s / 7.915s) | Generator RTF: 0.0370(0.293s / 7.915s)
generated_audios/generated_H4_256C_pruned70_int8/1089-134686-0014_generated.wav | RTF: 0.0385(0.086s / 2.225s) | Generator RTF: 0.0371(0.083s / 2.225s)
generated_audios/generated_H4_256C_pruned70_int8/1089-134686-0015_generated.wav | RTF: 0.0376(0.219s / 5.815s) | Generator RTF: 0.0370(0.215s / 5.815s)
generated_audios/generated_H4_256C_pruned70_int8/1089-134686-0016_generated.wav | RTF: 0.0366(0.130s / 3.540s) | Generator RTF: 0.0358(0.127s / 3.540s)
generated_audios/generated_H4_256C_pruned70_int8/1089-134686-0017_generated.wav | RTF: 0.0375(0.333s / 8.870s) | Generator RTF: 0.0371(0.329s / 8.870s)
generated_audios/generated_H4_256C_pruned70_int8/1089-134686-0018_generated.wav | RTF: 0.0450(0.707s / 15.720s) | Generator RTF: 0.0447(0.702s / 15.720s)
generated_audios/generated_H4_256C_pruned70_int8/1089-134686-0019_generated.wav | RTF: 0.0452(0.629s / 13.895s) | Generator RTF: 0.0449(0.624s / 13.895s)
generated_audios/generated_H4_256C_pruned70_int8/1089-134686-0020_generated.wav | RTF: 0.0455(0.763s / 16.790s) | Generator RTF: 0.0452(0.758s / 16.790s)
generated_audios/generated_H4_256C_pruned70_int8/1089-134686-0021_generated.wav | RTF: 0.0369(0.241s / 6.550s) | Generator RTF: 0.0363(0.238s / 6.550s)
generated_audios/generated_H4_256C_pruned70_int8/1089-134686-0022_generated.wav | RTF: 0.0403(0.450s / 11.175s) | Generator RTF: 0.0399(0.446s / 11.175s)
generated_audios/generated_H4_256C_pruned70_int8/1089-134686-0023_generated.wav | RTF: 0.0411(0.545s / 13.275s) | Generator RTF: 0.0407(0.541s / 13.275s)
generated_audios/generated_H4_256C_pruned70_int8/1089-134686-0024_generated.wav | RTF: 0.0404(0.471s / 11.655s) | Generator RTF: 0.0401(0.467s / 11.655s)
generated_audios/generated_H4_256C_pruned70_int8/1089-134686-0025_generated.wav | RTF: 0.0374(0.247s / 6.610s) | Generator RTF: 0.0368(0.243s / 6.610s)
generated_audios/generated_H4_256C_pruned70_int8/1089-134686-0026_generated.wav | RTF: 0.0385(0.154s / 4.010s) | Generator RTF: 0.0376(0.151s / 4.010s)
generated_audios/generated_H4_256C_pruned70_int8/1089-134686-0027_generated.wav | RTF: 0.0378(0.103s / 2.710s) | Generator RTF: 0.0367(0.099s / 2.710s)
generated_audios/generated_H4_256C_pruned70_int8/1089-134686-0028_generated.wav | RTF: 0.0366(0.286s / 7.830s) | Generator RTF: 0.0361(0.283s / 7.830s)
generated_audios/generated_H4_256C_pruned70_int8/1089-134686-0029_generated.wav | RTF: 0.0378(0.176s / 4.670s) | Generator RTF: 0.0370(0.173s / 4.670s)
generated_audios/generated_H4_256C_pruned70_int8/1089-134686-0030_generated.wav | RTF: 0.0321(0.087s / 2.715s) | Generator RTF: 0.0310(0.084s / 2.715s)
generated_audios/generated_H4_256C_pruned70_int8/1089-134686-0031_generated.wav | RTF: 0.0329(0.218s / 6.615s) | Generator RTF: 0.0324(0.214s / 6.615s)
generated_audios/generated_H4_256C_pruned70_int8/121-121726-0000_generated.wav | RTF: 0.0387(0.328s / 8.460s) | Generator RTF: 0.0383(0.324s / 8.460s)
generated_audios/generated_H4_256C_pruned70_int8/121-121726-0001_generated.wav | RTF: 0.0377(0.223s / 5.925s) | Generator RTF: 0.0371(0.220s / 5.925s)
generated_audios/generated_H4_256C_pruned70_int8/121-121726-0002_generated.wav | RTF: 0.0363(0.160s / 4.410s) | Generator RTF: 0.0355(0.157s / 4.410s)
generated_audios/generated_H4_256C_pruned70_int8/121-121726-0003_generated.wav | RTF: 0.0359(0.243s / 6.755s) | Generator RTF: 0.0354(0.239s / 6.755s)
generated_audios/generated_H4_256C_pruned70_int8/121-121726-0004_generated.wav | RTF: 0.0365(0.147s / 4.020s) | Generator RTF: 0.0357(0.143s / 4.020s)
generated_audios/generated_H4_256C_pruned70_int8/121-121726-0005_generated.wav | RTF: 0.0379(0.117s / 3.100s) | Generator RTF: 0.0368(0.114s / 3.100s)
generated_audios/generated_H4_256C_pruned70_int8/121-121726-0006_generated.wav | RTF: 0.0369(0.144s / 3.895s) | Generator RTF: 0.0360(0.140s / 3.895s)
generated_audios/generated_H4_256C_pruned70_int8/121-121726-0007_generated.wav | RTF: 0.0361(0.243s / 6.730s) | Generator RTF: 0.0356(0.239s / 6.730s)
generated_audios/generated_H4_256C_pruned70_int8/121-121726-0008_generated.wav | RTF: 0.0356(0.177s / 4.990s) | Generator RTF: 0.0348(0.174s / 4.990s)
generated_audios/generated_H4_256C_pruned70_int8/121-121726-0009_generated.wav | RTF: 0.0369(0.268s / 7.260s) | Generator RTF: 0.0364(0.264s / 7.260s)
generated_audios/generated_H4_256C_pruned70_int8/121-121726-0010_generated.wav | RTF: 0.0397(0.389s / 9.810s) | Generator RTF: 0.0392(0.385s / 9.810s)
generated_audios/generated_H4_256C_pruned70_int8/121-121726-0011_generated.wav | RTF: 0.0368(0.149s / 4.035s) | Generator RTF: 0.0359(0.145s / 4.035s)
generated_audios/generated_H4_256C_pruned70_int8/121-121726-0012_generated.wav | RTF: 0.0363(0.147s / 4.045s) | Generator RTF: 0.0355(0.144s / 4.045s)
generated_audios/generated_H4_256C_pruned70_int8/121-121726-0013_generated.wav | RTF: 0.0378(0.094s / 2.490s) | Generator RTF: 0.0365(0.091s / 2.490s)
generated_audios/generated_H4_256C_pruned70_int8/121-121726-0014_generated.wav | RTF: 0.0370(0.117s / 3.165s) | Generator RTF: 0.0360(0.114s / 3.165s)
generated_audios/generated_H4_256C_pruned70_int8/121-123852-0000_generated.wav | RTF: 0.0437(0.773s / 17.695s) | Generator RTF: 0.0435(0.769s / 17.695s)
generated_audios/generated_H4_256C_pruned70_int8/121-123852-0001_generated.wav | RTF: 0.0411(0.077s / 1.870s) | Generator RTF: 0.0394(0.074s / 1.870s)
generated_audios/generated_H4_256C_pruned70_int8/121-123852-0002_generated.wav | RTF: 0.0453(0.783s / 17.285s) | Generator RTF: 0.0450(0.778s / 17.285s)
generated_audios/generated_H4_256C_pruned70_int8/121-123852-0003_generated.wav | RTF: 0.2675(6.287s / 23.505s) | Generator RTF: 0.2672(6.281s / 23.505s)
generated_audios/generated_H4_256C_pruned70_int8/121-123852-0004_generated.wav | RTF: 0.2538(4.134s / 16.290s) | Generator RTF: 0.2535(4.129s / 16.290s)
generated_audios/generated_H4_256C_pruned70_int8/121-123859-0000_generated.wav | RTF: 0.2542(4.421s / 17.390s) | Generator RTF: 0.2539(4.416s / 17.390s)
generated_audios/generated_H4_256C_pruned70_int8/121-123859-0001_generated.wav | RTF: 0.2829(7.183s / 25.395s) | Generator RTF: 0.2826(7.177s / 25.395s)
generated_audios/generated_H4_256C_pruned70_int8/121-123859-0002_generated.wav | RTF: 0.2758(8.286s / 30.040s) | Generator RTF: 0.2756(8.279s / 30.040s)
generated_audios/generated_H4_256C_pruned70_int8/121-123859-0003_generated.wav | RTF: 0.2331(2.523s / 10.825s) | Generator RTF: 0.2327(2.519s / 10.825s)
generated_audios/generated_H4_256C_pruned70_int8/121-123859-0004_generated.wav | RTF: 0.2337(2.221s / 9.505s) | Generator RTF: 0.2333(2.217s / 9.505s)
generated_audios/generated_H4_256C_pruned70_int8/121-127105-0000_generated.wav | RTF: 0.2382(2.353s / 9.875s) | Generator RTF: 0.2379(2.349s / 9.875s)
generated_audios/generated_H4_256C_pruned70_int8/121-127105-0001_generated.wav | RTF: 0.2246(1.129s / 5.025s) | Generator RTF: 0.2240(1.126s / 5.025s)
generated_audios/generated_H4_256C_pruned70_int8/121-127105-0002_generated.wav | RTF: 0.2322(1.741s / 7.495s) | Generator RTF: 0.2317(1.737s / 7.495s)
generated_audios/generated_H4_256C_pruned70_int8/121-127105-0003_generated.wav | RTF: 0.2300(1.777s / 7.725s) | Generator RTF: 0.2295(1.773s / 7.725s)
generated_audios/generated_H4_256C_pruned70_int8/121-127105-0004_generated.wav | RTF: 0.2369(0.500s / 2.110s) | Generator RTF: 0.2352(0.496s / 2.110s)
generated_audios/generated_H4_256C_pruned70_int8/121-127105-0005_generated.wav | RTF: 0.2245(1.307s / 5.820s) | Generator RTF: 0.2239(1.303s / 5.820s)
generated_audios/generated_H4_256C_pruned70_int8/121-127105-0006_generated.wav | RTF: 0.2240(1.059s / 4.725s) | Generator RTF: 0.2233(1.055s / 4.725s)
generated_audios/generated_H4_256C_pruned70_int8/121-127105-0007_generated.wav | RTF: 0.2248(1.302s / 5.790s) | Generator RTF: 0.2242(1.298s / 5.790s)
generated_audios/generated_H4_256C_pruned70_int8/121-127105-0008_generated.wav | RTF: 0.2216(0.612s / 2.760s) | Generator RTF: 0.2204(0.608s / 2.760s)
generated_audios/generated_H4_256C_pruned70_int8/121-127105-0009_generated.wav | RTF: 0.2274(0.521s / 2.290s) | Generator RTF: 0.2259(0.517s / 2.290s)
generated_audios/generated_H4_256C_pruned70_int8/121-127105-0010_generated.wav | RTF: 0.2315(0.660s / 2.850s) | Generator RTF: 0.2303(0.656s / 2.850s)
generated_audios/generated_H4_256C_pruned70_int8/121-127105-0011_generated.wav | RTF: 0.2301(1.330s / 5.780s) | Generator RTF: 0.2294(1.326s / 5.780s)
generated_audios/generated_H4_256C_pruned70_int8/121-127105-0012_generated.wav | RTF: 0.2294(1.108s / 4.830s) | Generator RTF: 0.2286(1.104s / 4.830s)
generated_audios/generated_H4_256C_pruned70_int8/121-127105-0013_generated.wav | RTF: 0.2255(1.329s / 5.895s) | Generator RTF: 0.2249(1.326s / 5.895s)
generated_audios/generated_H4_256C_pruned70_int8/121-127105-0014_generated.wav | RTF: 0.2314(0.522s / 2.255s) | Generator RTF: 0.2300(0.519s / 2.255s)
generated_audios/generated_H4_256C_pruned70_int8/121-127105-0015_generated.wav | RTF: 0.2290(0.678s / 2.960s) | Generator RTF: 0.2279(0.675s / 2.960s)
generated_audios/generated_H4_256C_pruned70_int8/121-127105-0016_generated.wav | RTF: 0.2236(0.454s / 2.030s) | Generator RTF: 0.2221(0.451s / 2.030s)
generated_audios/generated_H4_256C_pruned70_int8/121-127105-0017_generated.wav | RTF: 0.2299(0.620s / 2.695s) | Generator RTF: 0.2287(0.616s / 2.695s)
generated_audios/generated_H4_256C_pruned70_int8/121-127105-0018_generated.wav | RTF: 0.2317(0.642s / 2.770s) | Generator RTF: 0.2306(0.639s / 2.770s)
generated_audios/generated_H4_256C_pruned70_int8/121-127105-0019_generated.wav | RTF: 0.2239(0.789s / 3.525s) | Generator RTF: 0.2230(0.786s / 3.525s)
generated_audios/generated_H4_256C_pruned70_int8/121-127105-0020_generated.wav | RTF: 0.2581(3.705s / 14.355s) | Generator RTF: 0.2577(3.700s / 14.355s)
generated_audios/generated_H4_256C_pruned70_int8/121-127105-0021_generated.wav | RTF: 0.2358(0.472s / 2.000s) | Generator RTF: 0.2343(0.469s / 2.000s)
generated_audios/generated_H4_256C_pruned70_int8/121-127105-0022_generated.wav | RTF: 0.2289(1.162s / 5.075s) | Generator RTF: 0.2282(1.158s / 5.075s)
generated_audios/generated_H4_256C_pruned70_int8/121-127105-0023_generated.wav | RTF: 0.2332(2.544s / 10.910s) | Generator RTF: 0.2328(2.540s / 10.910s)
generated_audios/generated_H4_256C_pruned70_int8/121-127105-0024_generated.wav | RTF: 0.2605(3.764s / 14.450s) | Generator RTF: 0.2601(3.759s / 14.450s)
generated_audios/generated_H4_256C_pruned70_int8/121-127105-0025_generated.wav | RTF: 0.2566(4.122s / 16.065s) | Generator RTF: 0.2563(4.117s / 16.065s)
generated_audios/generated_H4_256C_pruned70_int8/121-127105-0026_generated.wav | RTF: 0.2256(1.699s / 7.530s) | Generator RTF: 0.2251(1.695s / 7.530s)
generated_audios/generated_H4_256C_pruned70_int8/121-127105-0027_generated.wav | RTF: 0.2583(3.582s / 13.870s) | Generator RTF: 0.2579(3.577s / 13.870s)
generated_audios/generated_H4_256C_pruned70_int8/121-127105-0028_generated.wav | RTF: 0.0383(0.258s / 6.750s) | Generator RTF: 0.0377(0.254s / 6.750s)
generated_audios/generated_H4_256C_pruned70_int8/121-127105-0029_generated.wav | RTF: 0.2280(1.667s / 7.310s) | Generator RTF: 0.2274(1.663s / 7.310s)
generated_audios/generated_H4_256C_pruned70_int8/121-127105-0030_generated.wav | RTF: 0.2373(0.516s / 2.175s) | Generator RTF: 0.2359(0.513s / 2.175s)
generated_audios/generated_H4_256C_pruned70_int8/121-127105-0031_generated.wav | RTF: 0.2333(2.512s / 10.765s) | Generator RTF: 0.2330(2.508s / 10.765s)
generated_audios/generated_H4_256C_pruned70_int8/121-127105-0032_generated.wav | RTF: 0.2242(0.711s / 3.170s) | Generator RTF: 0.2231(0.707s / 3.170s)
generated_audios/generated_H4_256C_pruned70_int8/121-127105-0033_generated.wav | RTF: 0.2348(0.553s / 2.355s) | Generator RTF: 0.2334(0.550s / 2.355s)
generated_audios/generated_H4_256C_pruned70_int8/121-127105-0034_generated.wav | RTF: 0.2295(1.700s / 7.410s) | Generator RTF: 0.2289(1.696s / 7.410s)
generated_audios/generated_H4_256C_pruned70_int8/121-127105-0035_generated.wav | RTF: 0.2565(3.630s / 14.150s) | Generator RTF: 0.2562(3.626s / 14.150s)
generated_audios/generated_H4_256C_pruned70_int8/121-127105-0036_generated.wav | RTF: 0.2239(0.929s / 4.150s) | Generator RTF: 0.2230(0.926s / 4.150s)
generated_audios/generated_H4_256C_pruned70_int8/237-126133-0000_generated.wav | RTF: 0.2618(3.479s / 13.290s) | Generator RTF: 0.2614(3.474s / 13.290s)
generated_audios/generated_H4_256C_pruned70_int8/237-126133-0001_generated.wav | RTF: 0.2608(3.120s / 11.965s) | Generator RTF: 0.2604(3.116s / 11.965s)
generated_audios/generated_H4_256C_pruned70_int8/237-126133-0002_generated.wav | RTF: 0.2315(2.065s / 8.920s) | Generator RTF: 0.2311(2.061s / 8.920s)
generated_audios/generated_H4_256C_pruned70_int8/237-126133-0003_generated.wav | RTF: 0.2284(1.499s / 6.560s) | Generator RTF: 0.2279(1.495s / 6.560s)
generated_audios/generated_H4_256C_pruned70_int8/237-126133-0004_generated.wav | RTF: 0.2299(0.758s / 3.295s) | Generator RTF: 0.2289(0.754s / 3.295s)
generated_audios/generated_H4_256C_pruned70_int8/237-126133-0005_generated.wav | RTF: 0.2324(1.513s / 6.510s) | Generator RTF: 0.2318(1.509s / 6.510s)
generated_audios/generated_H4_256C_pruned70_int8/237-126133-0006_generated.wav | RTF: 0.2279(1.402s / 6.150s) | Generator RTF: 0.2273(1.398s / 6.150s)
generated_audios/generated_H4_256C_pruned70_int8/237-126133-0007_generated.wav | RTF: 0.2324(2.017s / 8.680s) | Generator RTF: 0.2319(2.013s / 8.680s)
generated_audios/generated_H4_256C_pruned70_int8/237-126133-0008_generated.wav | RTF: 0.2314(0.895s / 3.865s) | Generator RTF: 0.2306(0.891s / 3.865s)
generated_audios/generated_H4_256C_pruned70_int8/237-126133-0009_generated.wav | RTF: 0.2276(0.904s / 3.970s) | Generator RTF: 0.2268(0.900s / 3.970s)
generated_audios/generated_H4_256C_pruned70_int8/237-126133-0010_generated.wav | RTF: 0.2250(1.404s / 6.240s) | Generator RTF: 0.2245(1.401s / 6.240s)
generated_audios/generated_H4_256C_pruned70_int8/237-126133-0011_generated.wav | RTF: 0.2253(1.512s / 6.710s) | Generator RTF: 0.2248(1.508s / 6.710s)
generated_audios/generated_H4_256C_pruned70_int8/237-126133-0012_generated.wav | RTF: 0.2285(1.017s / 4.450s) | Generator RTF: 0.2279(1.014s / 4.450s)
generated_audios/generated_H4_256C_pruned70_int8/237-126133-0013_generated.wav | RTF: 0.2370(1.615s / 6.815s) | Generator RTF: 0.2365(1.612s / 6.815s)
generated_audios/generated_H4_256C_pruned70_int8/237-126133-0014_generated.wav | RTF: 0.2269(1.540s / 6.790s) | Generator RTF: 0.2263(1.537s / 6.790s)
generated_audios/generated_H4_256C_pruned70_int8/237-126133-0015_generated.wav | RTF: 0.2334(2.179s / 9.340s) | Generator RTF: 0.2329(2.175s / 9.340s)
generated_audios/generated_H4_256C_pruned70_int8/237-126133-0016_generated.wav | RTF: 0.2230(0.948s / 4.250s) | Generator RTF: 0.2222(0.945s / 4.250s)
generated_audios/generated_H4_256C_pruned70_int8/237-126133-0017_generated.wav | RTF: 0.2259(1.403s / 6.210s) | Generator RTF: 0.2253(1.399s / 6.210s)
generated_audios/generated_H4_256C_pruned70_int8/237-126133-0018_generated.wav | RTF: 0.2297(0.941s / 4.095s) | Generator RTF: 0.2289(0.937s / 4.095s)
generated_audios/generated_H4_256C_pruned70_int8/237-126133-0019_generated.wav | RTF: 0.2318(1.650s / 7.120s) | Generator RTF: 0.2313(1.647s / 7.120s)
generated_audios/generated_H4_256C_pruned70_int8/237-126133-0020_generated.wav | RTF: 0.2245(0.503s / 2.240s) | Generator RTF: 0.2231(0.500s / 2.240s)
generated_audios/generated_H4_256C_pruned70_int8/237-126133-0021_generated.wav | RTF: 0.2207(0.964s / 4.365s) | Generator RTF: 0.2199(0.960s / 4.365s)
generated_audios/generated_H4_256C_pruned70_int8/237-126133-0022_generated.wav | RTF: 0.2288(1.153s / 5.040s) | Generator RTF: 0.2281(1.150s / 5.040s)
generated_audios/generated_H4_256C_pruned70_int8/237-126133-0023_generated.wav | RTF: 0.2304(1.538s / 6.675s) | Generator RTF: 0.2298(1.534s / 6.675s)
generated_audios/generated_H4_256C_pruned70_int8/237-126133-0024_generated.wav | RTF: 0.2381(2.301s / 9.665s) | Generator RTF: 0.2377(2.297s / 9.665s)
generated_audios/generated_H4_256C_pruned70_int8/237-126133-0025_generated.wav | RTF: 0.2319(0.871s / 3.755s) | Generator RTF: 0.2310(0.867s / 3.755s)
generated_audios/generated_H4_256C_pruned70_int8/237-134493-0000_generated.wav | RTF: 0.2292(0.941s / 4.105s) | Generator RTF: 0.2284(0.938s / 4.105s)
generated_audios/generated_H4_256C_pruned70_int8/237-134493-0001_generated.wav | RTF: 0.2374(1.752s / 7.380s) | Generator RTF: 0.2368(1.748s / 7.380s)
generated_audios/generated_H4_256C_pruned70_int8/237-134493-0002_generated.wav | RTF: 0.2371(2.702s / 11.395s) | Generator RTF: 0.2368(2.698s / 11.395s)
generated_audios/generated_H4_256C_pruned70_int8/237-134493-0003_generated.wav | RTF: 0.2627(3.354s / 12.765s) | Generator RTF: 0.2624(3.349s / 12.765s)
generated_audios/generated_H4_256C_pruned70_int8/237-134493-0004_generated.wav | RTF: 0.2284(1.559s / 6.825s) | Generator RTF: 0.2278(1.555s / 6.825s)
generated_audios/generated_H4_256C_pruned70_int8/237-134493-0005_generated.wav | RTF: 0.2345(2.566s / 10.945s) | Generator RTF: 0.2341(2.562s / 10.945s)
generated_audios/generated_H4_256C_pruned70_int8/237-134493-0006_generated.wav | RTF: 0.2284(1.004s / 4.395s) | Generator RTF: 0.2276(1.000s / 4.395s)
generated_audios/generated_H4_256C_pruned70_int8/237-134493-0007_generated.wav | RTF: 0.2392(0.487s / 2.035s) | Generator RTF: 0.2377(0.484s / 2.035s)
generated_audios/generated_H4_256C_pruned70_int8/237-134493-0008_generated.wav | RTF: 0.2263(0.522s / 2.305s) | Generator RTF: 0.2250(0.519s / 2.305s)
generated_audios/generated_H4_256C_pruned70_int8/237-134493-0009_generated.wav | RTF: 0.2388(0.711s / 2.975s) | Generator RTF: 0.2378(0.707s / 2.975s)
generated_audios/generated_H4_256C_pruned70_int8/237-134493-0010_generated.wav | RTF: 0.2283(0.656s / 2.875s) | Generator RTF: 0.2272(0.653s / 2.875s)
generated_audios/generated_H4_256C_pruned70_int8/237-134493-0011_generated.wav | RTF: 0.2322(1.169s / 5.035s) | Generator RTF: 0.2315(1.166s / 5.035s)
generated_audios/generated_H4_256C_pruned70_int8/237-134493-0012_generated.wav | RTF: 0.2247(0.822s / 3.660s) | Generator RTF: 0.2238(0.819s / 3.660s)
generated_audios/generated_H4_256C_pruned70_int8/237-134493-0013_generated.wav | RTF: 0.0382(0.156s / 4.090s) | Generator RTF: 0.0373(0.153s / 4.090s)
generated_audios/generated_H4_256C_pruned70_int8/237-134493-0014_generated.wav | RTF: 0.2222(0.822s / 3.700s) | Generator RTF: 0.2213(0.819s / 3.700s)
generated_audios/generated_H4_256C_pruned70_int8/237-134493-0015_generated.wav | RTF: 0.0372(0.244s / 6.550s) | Generator RTF: 0.0367(0.240s / 6.550s)
generated_audios/generated_H4_256C_pruned70_int8/237-134493-0016_generated.wav | RTF: 0.2395(2.416s / 10.085s) | Generator RTF: 0.2391(2.412s / 10.085s)
generated_audios/generated_H4_256C_pruned70_int8/237-134493-0017_generated.wav | RTF: 0.2319(2.112s / 9.105s) | Generator RTF: 0.2315(2.108s / 9.105s)
generated_audios/generated_H4_256C_pruned70_int8/237-134493-0018_generated.wav | RTF: 0.2280(1.092s / 4.790s) | Generator RTF: 0.2273(1.089s / 4.790s)
generated_audios/generated_H4_256C_pruned70_int8/237-134500-0000_generated.wav | RTF: 0.2318(1.421s / 6.130s) | Generator RTF: 0.2312(1.417s / 6.130s)
generated_audios/generated_H4_256C_pruned70_int8/237-134500-0001_generated.wav | RTF: 0.2382(0.431s / 1.810s) | Generator RTF: 0.2365(0.428s / 1.810s)
generated_audios/generated_H4_256C_pruned70_int8/237-134500-0002_generated.wav | RTF: 0.2275(1.153s / 5.070s) | Generator RTF: 0.2268(1.150s / 5.070s)
generated_audios/generated_H4_256C_pruned70_int8/237-134500-0003_generated.wav | RTF: 0.0394(0.125s / 3.170s) | Generator RTF: 0.0384(0.122s / 3.170s)
generated_audios/generated_H4_256C_pruned70_int8/237-134500-0004_generated.wav | RTF: 0.0404(0.090s / 2.225s) | Generator RTF: 0.0390(0.087s / 2.225s)
generated_audios/generated_H4_256C_pruned70_int8/237-134500-0005_generated.wav | RTF: 0.2351(0.562s / 2.390s) | Generator RTF: 0.2338(0.559s / 2.390s)
generated_audios/generated_H4_256C_pruned70_int8/237-134500-0006_generated.wav | RTF: 0.2246(0.949s / 4.225s) | Generator RTF: 0.2238(0.945s / 4.225s)
generated_audios/generated_H4_256C_pruned70_int8/237-134500-0007_generated.wav | RTF: 0.0342(0.082s / 2.390s) | Generator RTF: 0.0328(0.078s / 2.390s)
generated_audios/generated_H4_256C_pruned70_int8/237-134500-0008_generated.wav | RTF: 0.0370(0.139s / 3.760s) | Generator RTF: 0.0361(0.136s / 3.760s)
generated_audios/generated_H4_256C_pruned70_int8/237-134500-0009_generated.wav | RTF: 0.0341(0.076s / 2.220s) | Generator RTF: 0.0326(0.072s / 2.220s)
generated_audios/generated_H4_256C_pruned70_int8/237-134500-0010_generated.wav | RTF: 0.2324(0.928s / 3.995s) | Generator RTF: 0.2316(0.925s / 3.995s)
generated_audios/generated_H4_256C_pruned70_int8/237-134500-0011_generated.wav | RTF: 0.2258(0.756s / 3.350s) | Generator RTF: 0.2248(0.753s / 3.350s)
generated_audios/generated_H4_256C_pruned70_int8/237-134500-0012_generated.wav | RTF: 0.2359(2.580s / 10.935s) | Generator RTF: 0.2356(2.576s / 10.935s)
generated_audios/generated_H4_256C_pruned70_int8/237-134500-0013_generated.wav | RTF: 0.0411(0.434s / 10.560s) | Generator RTF: 0.0407(0.429s / 10.560s)
generated_audios/generated_H4_256C_pruned70_int8/237-134500-0014_generated.wav | RTF: 0.0363(0.154s / 4.250s) | Generator RTF: 0.0355(0.151s / 4.250s)
generated_audios/generated_H4_256C_pruned70_int8/237-134500-0015_generated.wav | RTF: 0.2365(2.558s / 10.815s) | Generator RTF: 0.2361(2.554s / 10.815s)
generated_audios/generated_H4_256C_pruned70_int8/237-134500-0016_generated.wav | RTF: 0.0394(0.124s / 3.160s) | Generator RTF: 0.0384(0.121s / 3.160s)
generated_audios/generated_H4_256C_pruned70_int8/237-134500-0017_generated.wav | RTF: 0.0400(0.087s / 2.180s) | Generator RTF: 0.0386(0.084s / 2.180s)
generated_audios/generated_H4_256C_pruned70_int8/237-134500-0018_generated.wav | RTF: 0.2644(3.396s / 12.845s) | Generator RTF: 0.2641(3.392s / 12.845s)
generated_audios/generated_H4_256C_pruned70_int8/237-134500-0019_generated.wav | RTF: 0.2249(0.643s / 2.860s) | Generator RTF: 0.2238(0.640s / 2.860s)
generated_audios/generated_H4_256C_pruned70_int8/237-134500-0020_generated.wav | RTF: 0.0320(0.070s / 2.180s) | Generator RTF: 0.0308(0.067s / 2.180s)
generated_audios/generated_H4_256C_pruned70_int8/237-134500-0021_generated.wav | RTF: 0.2266(1.160s / 5.120s) | Generator RTF: 0.2258(1.156s / 5.120s)
generated_audios/generated_H4_256C_pruned70_int8/237-134500-0022_generated.wav | RTF: 0.2278(1.177s / 5.165s) | Generator RTF: 0.2272(1.173s / 5.165s)
generated_audios/generated_H4_256C_pruned70_int8/237-134500-0023_generated.wav | RTF: 0.2328(0.712s / 3.060s) | Generator RTF: 0.2317(0.709s / 3.060s)
generated_audios/generated_H4_256C_pruned70_int8/237-134500-0024_generated.wav | RTF: 0.0371(0.163s / 4.410s) | Generator RTF: 0.0363(0.160s / 4.410s)
generated_audios/generated_H4_256C_pruned70_int8/237-134500-0025_generated.wav | RTF: 0.2378(0.388s / 1.630s) | Generator RTF: 0.2358(0.384s / 1.630s)
generated_audios/generated_H4_256C_pruned70_int8/237-134500-0026_generated.wav | RTF: 0.2332(0.711s / 3.050s) | Generator RTF: 0.2322(0.708s / 3.050s)
generated_audios/generated_H4_256C_pruned70_int8/237-134500-0027_generated.wav | RTF: 0.2311(0.756s / 3.270s) | Generator RTF: 0.2301(0.752s / 3.270s)
generated_audios/generated_H4_256C_pruned70_int8/237-134500-0028_generated.wav | RTF: 0.2325(1.052s / 4.525s) | Generator RTF: 0.2318(1.049s / 4.525s)
generated_audios/generated_H4_256C_pruned70_int8/237-134500-0029_generated.wav | RTF: 0.2268(0.468s / 2.065s) | Generator RTF: 0.2251(0.465s / 2.065s)
generated_audios/generated_H4_256C_pruned70_int8/237-134500-0030_generated.wav | RTF: 0.2324(0.646s / 2.780s) | Generator RTF: 0.2312(0.643s / 2.780s)
generated_audios/generated_H4_256C_pruned70_int8/237-134500-0031_generated.wav | RTF: 0.2389(2.534s / 10.610s) | Generator RTF: 0.2385(2.530s / 10.610s)
generated_audios/generated_H4_256C_pruned70_int8/237-134500-0032_generated.wav | RTF: 0.0399(0.200s / 5.025s) | Generator RTF: 0.0392(0.197s / 5.025s)
generated_audios/generated_H4_256C_pruned70_int8/237-134500-0033_generated.wav | RTF: 0.2294(1.457s / 6.350s) | Generator RTF: 0.2289(1.453s / 6.350s)
generated_audios/generated_H4_256C_pruned70_int8/237-134500-0034_generated.wav | RTF: 0.2271(0.698s / 3.075s) | Generator RTF: 0.2258(0.694s / 3.075s)
generated_audios/generated_H4_256C_pruned70_int8/237-134500-0035_generated.wav | RTF: 0.2393(0.611s / 2.555s) | Generator RTF: 0.2380(0.608s / 2.555s)
generated_audios/generated_H4_256C_pruned70_int8/237-134500-0036_generated.wav | RTF: 0.2328(1.537s / 6.600s) | Generator RTF: 0.2323(1.533s / 6.600s)
generated_audios/generated_H4_256C_pruned70_int8/237-134500-0037_generated.wav | RTF: 0.2378(1.689s / 7.105s) | Generator RTF: 0.2373(1.686s / 7.105s)
generated_audios/generated_H4_256C_pruned70_int8/237-134500-0038_generated.wav | RTF: 0.2372(0.578s / 2.435s) | Generator RTF: 0.2359(0.574s / 2.435s)
generated_audios/generated_H4_256C_pruned70_int8/237-134500-0039_generated.wav | RTF: 0.2340(1.083s / 4.630s) | Generator RTF: 0.2332(1.080s / 4.630s)
generated_audios/generated_H4_256C_pruned70_int8/237-134500-0040_generated.wav | RTF: 0.0372(0.150s / 4.030s) | Generator RTF: 0.0364(0.147s / 4.030s)
generated_audios/generated_H4_256C_pruned70_int8/237-134500-0041_generated.wav | RTF: 0.0495(0.441s / 8.920s) | Generator RTF: 0.0491(0.438s / 8.920s)
generated_audios/generated_H4_256C_pruned70_int8/237-134500-0042_generated.wav | RTF: 0.2326(0.599s / 2.575s) | Generator RTF: 0.2313(0.596s / 2.575s)
generated_audios/generated_H4_256C_pruned70_int8/260-123286-0000_generated.wav | RTF: 0.2369(1.668s / 7.040s) | Generator RTF: 0.2364(1.664s / 7.040s)
generated_audios/generated_H4_256C_pruned70_int8/260-123286-0001_generated.wav | RTF: 0.0343(0.105s / 3.070s) | Generator RTF: 0.0332(0.102s / 3.070s)
generated_audios/generated_H4_256C_pruned70_int8/260-123286-0002_generated.wav | RTF: 0.2409(2.406s / 9.985s) | Generator RTF: 0.2405(2.401s / 9.985s)
generated_audios/generated_H4_256C_pruned70_int8/260-123286-0003_generated.wav | RTF: 0.2355(1.736s / 7.370s) | Generator RTF: 0.2350(1.732s / 7.370s)
generated_audios/generated_H4_256C_pruned70_int8/260-123286-0004_generated.wav | RTF: 0.2370(0.821s / 3.465s) | Generator RTF: 0.2360(0.818s / 3.465s)
generated_audios/generated_H4_256C_pruned70_int8/260-123286-0005_generated.wav | RTF: 0.2326(1.119s / 4.810s) | Generator RTF: 0.2319(1.115s / 4.810s)
generated_audios/generated_H4_256C_pruned70_int8/260-123286-0006_generated.wav | RTF: 0.2437(1.804s / 7.405s) | Generator RTF: 0.2431(1.800s / 7.405s)
generated_audios/generated_H4_256C_pruned70_int8/260-123286-0007_generated.wav | RTF: 0.2347(1.068s / 4.550s) | Generator RTF: 0.2340(1.064s / 4.550s)
generated_audios/generated_H4_256C_pruned70_int8/260-123286-0008_generated.wav | RTF: 0.2308(0.862s / 3.735s) | Generator RTF: 0.2299(0.859s / 3.735s)
generated_audios/generated_H4_256C_pruned70_int8/260-123286-0009_generated.wav | RTF: 0.2349(1.362s / 5.795s) | Generator RTF: 0.2344(1.358s / 5.795s)
generated_audios/generated_H4_256C_pruned70_int8/260-123286-0010_generated.wav | RTF: 0.0337(0.087s / 2.575s) | Generator RTF: 0.0325(0.084s / 2.575s)
generated_audios/generated_H4_256C_pruned70_int8/260-123286-0011_generated.wav | RTF: 0.0359(0.153s / 4.255s) | Generator RTF: 0.0350(0.149s / 4.255s)
generated_audios/generated_H4_256C_pruned70_int8/260-123286-0012_generated.wav | RTF: 0.0330(0.080s / 2.430s) | Generator RTF: 0.0316(0.077s / 2.430s)
generated_audios/generated_H4_256C_pruned70_int8/260-123286-0013_generated.wav | RTF: 0.2368(1.120s / 4.730s) | Generator RTF: 0.2361(1.117s / 4.730s)
generated_audios/generated_H4_256C_pruned70_int8/260-123286-0014_generated.wav | RTF: 0.0419(0.125s / 2.980s) | Generator RTF: 0.0408(0.121s / 2.980s)
generated_audios/generated_H4_256C_pruned70_int8/260-123286-0015_generated.wav | RTF: 0.2338(1.218s / 5.210s) | Generator RTF: 0.2331(1.215s / 5.210s)
generated_audios/generated_H4_256C_pruned70_int8/260-123286-0016_generated.wav | RTF: 0.2362(1.653s / 7.000s) | Generator RTF: 0.2357(1.650s / 7.000s)
generated_audios/generated_H4_256C_pruned70_int8/260-123286-0017_generated.wav | RTF: 0.2307(0.917s / 3.975s) | Generator RTF: 0.2300(0.914s / 3.975s)
generated_audios/generated_H4_256C_pruned70_int8/260-123286-0018_generated.wav | RTF: 0.2347(1.331s / 5.670s) | Generator RTF: 0.2341(1.327s / 5.670s)
generated_audios/generated_H4_256C_pruned70_int8/260-123286-0019_generated.wav | RTF: 0.2671(3.179s / 11.905s) | Generator RTF: 0.2667(3.175s / 11.905s)
generated_audios/generated_H4_256C_pruned70_int8/260-123286-0020_generated.wav | RTF: 0.0380(0.116s / 3.060s) | Generator RTF: 0.0369(0.113s / 3.060s)
generated_audios/generated_H4_256C_pruned70_int8/260-123286-0021_generated.wav | RTF: 0.2295(0.585s / 2.550s) | Generator RTF: 0.2282(0.582s / 2.550s)
generated_audios/generated_H4_256C_pruned70_int8/260-123286-0022_generated.wav | RTF: 0.2357(0.763s / 3.235s) | Generator RTF: 0.2347(0.759s / 3.235s)
generated_audios/generated_H4_256C_pruned70_int8/260-123286-0023_generated.wav | RTF: 0.2384(1.401s / 5.875s) | Generator RTF: 0.2378(1.397s / 5.875s)
generated_audios/generated_H4_256C_pruned70_int8/260-123286-0024_generated.wav | RTF: 0.2325(0.707s / 3.040s) | Generator RTF: 0.2314(0.703s / 3.040s)
generated_audios/generated_H4_256C_pruned70_int8/260-123286-0025_generated.wav | RTF: 0.2445(2.250s / 9.205s) | Generator RTF: 0.2440(2.246s / 9.205s)
generated_audios/generated_H4_256C_pruned70_int8/260-123286-0026_generated.wav | RTF: 0.2373(1.647s / 6.940s) | Generator RTF: 0.2367(1.643s / 6.940s)
generated_audios/generated_H4_256C_pruned70_int8/260-123286-0027_generated.wav | RTF: 0.2370(1.699s / 7.170s) | Generator RTF: 0.2365(1.696s / 7.170s)
generated_audios/generated_H4_256C_pruned70_int8/260-123286-0028_generated.wav | RTF: 0.2392(1.785s / 7.465s) | Generator RTF: 0.2386(1.781s / 7.465s)
generated_audios/generated_H4_256C_pruned70_int8/260-123286-0029_generated.wav | RTF: 0.0374(0.170s / 4.545s) | Generator RTF: 0.0367(0.167s / 4.545s)
generated_audios/generated_H4_256C_pruned70_int8/260-123286-0030_generated.wav | RTF: 0.0389(0.293s / 7.530s) | Generator RTF: 0.0384(0.289s / 7.530s)
generated_audios/generated_H4_256C_pruned70_int8/260-123286-0031_generated.wav | RTF: 0.2351(1.190s / 5.060s) | Generator RTF: 0.2344(1.186s / 5.060s)
generated_audios/generated_H4_256C_pruned70_int8/260-123288-0000_generated.wav | RTF: 0.0309(0.094s / 3.040s) | Generator RTF: 0.0299(0.091s / 3.040s)
generated_audios/generated_H4_256C_pruned70_int8/260-123288-0001_generated.wav | RTF: 0.0358(0.182s / 5.080s) | Generator RTF: 0.0351(0.178s / 5.080s)
generated_audios/generated_H4_256C_pruned70_int8/260-123288-0002_generated.wav | RTF: 0.2479(1.797s / 7.250s) | Generator RTF: 0.2474(1.794s / 7.250s)
generated_audios/generated_H4_256C_pruned70_int8/260-123288-0003_generated.wav | RTF: 0.2584(2.301s / 8.905s) | Generator RTF: 0.2579(2.297s / 8.905s)
generated_audios/generated_H4_256C_pruned70_int8/260-123288-0004_generated.wav | RTF: 0.2452(1.057s / 4.310s) | Generator RTF: 0.2443(1.053s / 4.310s)
generated_audios/generated_H4_256C_pruned70_int8/260-123288-0005_generated.wav | RTF: 0.2720(3.413s / 12.550s) | Generator RTF: 0.2716(3.409s / 12.550s)
generated_audios/generated_H4_256C_pruned70_int8/260-123288-0006_generated.wav | RTF: 0.2410(1.176s / 4.880s) | Generator RTF: 0.2403(1.172s / 4.880s)
generated_audios/generated_H4_256C_pruned70_int8/260-123288-0007_generated.wav | RTF: 0.2522(2.824s / 11.200s) | Generator RTF: 0.2518(2.820s / 11.200s)
generated_audios/generated_H4_256C_pruned70_int8/260-123288-0008_generated.wav | RTF: 0.2497(1.377s / 5.515s) | Generator RTF: 0.2490(1.373s / 5.515s)
generated_audios/generated_H4_256C_pruned70_int8/260-123288-0009_generated.wav | RTF: 0.2463(0.846s / 3.435s) | Generator RTF: 0.2454(0.843s / 3.435s)
generated_audios/generated_H4_256C_pruned70_int8/260-123288-0010_generated.wav | RTF: 0.0432(0.432s / 9.995s) | Generator RTF: 0.0428(0.427s / 9.995s)
generated_audios/generated_H4_256C_pruned70_int8/260-123288-0011_generated.wav | RTF: 0.2533(2.275s / 8.980s) | Generator RTF: 0.2529(2.271s / 8.980s)
generated_audios/generated_H4_256C_pruned70_int8/260-123288-0012_generated.wav | RTF: 0.2466(0.874s / 3.545s) | Generator RTF: 0.2457(0.871s / 3.545s)
generated_audios/generated_H4_256C_pruned70_int8/260-123288-0013_generated.wav | RTF: 0.2543(2.896s / 11.385s) | Generator RTF: 0.2540(2.892s / 11.385s)
generated_audios/generated_H4_256C_pruned70_int8/260-123288-0014_generated.wav | RTF: 0.0434(0.078s / 1.805s) | Generator RTF: 0.0416(0.075s / 1.805s)
generated_audios/generated_H4_256C_pruned70_int8/260-123288-0015_generated.wav | RTF: 0.2672(5.661s / 21.185s) | Generator RTF: 0.2670(5.657s / 21.185s)
generated_audios/generated_H4_256C_pruned70_int8/260-123288-0016_generated.wav | RTF: 0.2470(1.201s / 4.865s) | Generator RTF: 0.2463(1.198s / 4.865s)
generated_audios/generated_H4_256C_pruned70_int8/260-123288-0017_generated.wav | RTF: 0.2383(1.245s / 5.225s) | Generator RTF: 0.2377(1.242s / 5.225s)
generated_audios/generated_H4_256C_pruned70_int8/260-123288-0018_generated.wav | RTF: 0.2379(0.772s / 3.245s) | Generator RTF: 0.2368(0.768s / 3.245s)
generated_audios/generated_H4_256C_pruned70_int8/260-123288-0019_generated.wav | RTF: 0.0385(0.114s / 2.955s) | Generator RTF: 0.0374(0.110s / 2.955s)
generated_audios/generated_H4_256C_pruned70_int8/260-123288-0020_generated.wav | RTF: 0.2383(0.691s / 2.900s) | Generator RTF: 0.2372(0.688s / 2.900s)
generated_audios/generated_H4_256C_pruned70_int8/260-123288-0021_generated.wav | RTF: 0.0381(0.103s / 2.710s) | Generator RTF: 0.0369(0.100s / 2.710s)
generated_audios/generated_H4_256C_pruned70_int8/260-123288-0022_generated.wav | RTF: 0.2482(0.920s / 3.705s) | Generator RTF: 0.2474(0.916s / 3.705s)
generated_audios/generated_H4_256C_pruned70_int8/260-123288-0023_generated.wav | RTF: 0.0389(0.093s / 2.385s) | Generator RTF: 0.0376(0.090s / 2.385s)
generated_audios/generated_H4_256C_pruned70_int8/260-123288-0024_generated.wav | RTF: 0.2728(3.982s / 14.595s) | Generator RTF: 0.2725(3.977s / 14.595s)
generated_audios/generated_H4_256C_pruned70_int8/260-123288-0025_generated.wav | RTF: 0.2709(3.642s / 13.445s) | Generator RTF: 0.2706(3.638s / 13.445s)
generated_audios/generated_H4_256C_pruned70_int8/260-123288-0026_generated.wav | RTF: 0.2718(4.360s / 16.040s) | Generator RTF: 0.2715(4.355s / 16.040s)
generated_audios/generated_H4_256C_pruned70_int8/260-123288-0027_generated.wav | RTF: 0.2455(1.548s / 6.305s) | Generator RTF: 0.2449(1.544s / 6.305s)
generated_audios/generated_H4_256C_pruned70_int8/260-123288-0028_generated.wav | RTF: 0.2511(0.655s / 2.610s) | Generator RTF: 0.2499(0.652s / 2.610s)
generated_audios/generated_H4_256C_pruned70_int8/260-123440-0000_generated.wav | RTF: 0.2406(0.521s / 2.165s) | Generator RTF: 0.2392(0.518s / 2.165s)
generated_audios/generated_H4_256C_pruned70_int8/260-123440-0001_generated.wav | RTF: 0.2562(0.446s / 1.740s) | Generator RTF: 0.2543(0.443s / 1.740s)
generated_audios/generated_H4_256C_pruned70_int8/260-123440-0002_generated.wav | RTF: 0.2786(4.100s / 14.715s) | Generator RTF: 0.2783(4.095s / 14.715s)
generated_audios/generated_H4_256C_pruned70_int8/260-123440-0003_generated.wav | RTF: 0.2521(0.904s / 3.585s) | Generator RTF: 0.2511(0.900s / 3.585s)
generated_audios/generated_H4_256C_pruned70_int8/260-123440-0004_generated.wav | RTF: 0.2776(3.336s / 12.020s) | Generator RTF: 0.2772(3.332s / 12.020s)
generated_audios/generated_H4_256C_pruned70_int8/260-123440-0005_generated.wav | RTF: 0.0374(0.116s / 3.105s) | Generator RTF: 0.0364(0.113s / 3.105s)
generated_audios/generated_H4_256C_pruned70_int8/260-123440-0006_generated.wav | RTF: 0.0314(0.085s / 2.715s) | Generator RTF: 0.0302(0.082s / 2.715s)
generated_audios/generated_H4_256C_pruned70_int8/260-123440-0007_generated.wav | RTF: 0.2425(0.821s / 3.385s) | Generator RTF: 0.2416(0.818s / 3.385s)
generated_audios/generated_H4_256C_pruned70_int8/260-123440-0008_generated.wav | RTF: 0.2515(0.942s / 3.745s) | Generator RTF: 0.2505(0.938s / 3.745s)
generated_audios/generated_H4_256C_pruned70_int8/260-123440-0009_generated.wav | RTF: 0.2511(0.782s / 3.115s) | Generator RTF: 0.2500(0.779s / 3.115s)
generated_audios/generated_H4_256C_pruned70_int8/260-123440-0010_generated.wav | RTF: 0.2608(2.169s / 8.315s) | Generator RTF: 0.2603(2.165s / 8.315s)
generated_audios/generated_H4_256C_pruned70_int8/260-123440-0011_generated.wav | RTF: 0.0390(0.190s / 4.870s) | Generator RTF: 0.0383(0.187s / 4.870s)
generated_audios/generated_H4_256C_pruned70_int8/260-123440-0012_generated.wav | RTF: 0.2513(1.318s / 5.245s) | Generator RTF: 0.2506(1.314s / 5.245s)
generated_audios/generated_H4_256C_pruned70_int8/260-123440-0013_generated.wav | RTF: 0.2515(0.874s / 3.475s) | Generator RTF: 0.2506(0.871s / 3.475s)
generated_audios/generated_H4_256C_pruned70_int8/260-123440-0014_generated.wav | RTF: 0.2503(0.955s / 3.815s) | Generator RTF: 0.2494(0.952s / 3.815s)
generated_audios/generated_H4_256C_pruned70_int8/260-123440-0015_generated.wav | RTF: 0.0412(0.255s / 6.200s) | Generator RTF: 0.0406(0.252s / 6.200s)
generated_audios/generated_H4_256C_pruned70_int8/260-123440-0016_generated.wav | RTF: 0.2534(1.240s / 4.895s) | Generator RTF: 0.2527(1.237s / 4.895s)
generated_audios/generated_H4_256C_pruned70_int8/260-123440-0017_generated.wav | RTF: 0.0389(0.119s / 3.070s) | Generator RTF: 0.0378(0.116s / 3.070s)
generated_audios/generated_H4_256C_pruned70_int8/260-123440-0018_generated.wav | RTF: 0.2509(0.913s / 3.640s) | Generator RTF: 0.2500(0.910s / 3.640s)
generated_audios/generated_H4_256C_pruned70_int8/260-123440-0019_generated.wav | RTF: 0.2521(1.671s / 6.630s) | Generator RTF: 0.2516(1.668s / 6.630s)
generated_audios/generated_H4_256C_pruned70_int8/260-123440-0020_generated.wav | RTF: 0.2561(1.279s / 4.995s) | Generator RTF: 0.2554(1.276s / 4.995s)
generated_audios/generated_H4_256C_pruned70_int8/61-70968-0000_generated.wav | RTF: 0.2858(1.402s / 4.905s) | Generator RTF: 0.2851(1.398s / 4.905s)
generated_audios/generated_H4_256C_pruned70_int8/61-70968-0001_generated.wav | RTF: 0.2509(0.906s / 3.610s) | Generator RTF: 0.2501(0.903s / 3.610s)
generated_audios/generated_H4_256C_pruned70_int8/61-70968-0002_generated.wav | RTF: 0.2460(0.731s / 2.970s) | Generator RTF: 0.2449(0.727s / 2.970s)
generated_audios/generated_H4_256C_pruned70_int8/61-70968-0003_generated.wav | RTF: 0.0371(0.160s / 4.315s) | Generator RTF: 0.0363(0.157s / 4.315s)
generated_audios/generated_H4_256C_pruned70_int8/61-70968-0004_generated.wav | RTF: 0.2553(0.992s / 3.885s) | Generator RTF: 0.2544(0.988s / 3.885s)
generated_audios/generated_H4_256C_pruned70_int8/61-70968-0005_generated.wav | RTF: 0.0385(0.195s / 5.070s) | Generator RTF: 0.0378(0.192s / 5.070s)
generated_audios/generated_H4_256C_pruned70_int8/61-70968-0006_generated.wav | RTF: 0.2460(0.722s / 2.935s) | Generator RTF: 0.2449(0.719s / 2.935s)
generated_audios/generated_H4_256C_pruned70_int8/61-70968-0007_generated.wav | RTF: 0.0383(0.136s / 3.550s) | Generator RTF: 0.0373(0.132s / 3.550s)
generated_audios/generated_H4_256C_pruned70_int8/61-70968-0008_generated.wav | RTF: 0.0383(0.135s / 3.535s) | Generator RTF: 0.0373(0.132s / 3.535s)
generated_audios/generated_H4_256C_pruned70_int8/61-70968-0009_generated.wav | RTF: 0.2503(1.129s / 4.510s) | Generator RTF: 0.2496(1.126s / 4.510s)
generated_audios/generated_H4_256C_pruned70_int8/61-70968-0010_generated.wav | RTF: 0.2592(2.150s / 8.295s) | Generator RTF: 0.2588(2.146s / 8.295s)
generated_audios/generated_H4_256C_pruned70_int8/61-70968-0011_generated.wav | RTF: 0.2664(1.698s / 6.375s) | Generator RTF: 0.2548(1.624s / 6.375s)
generated_audios/generated_H4_256C_pruned70_int8/61-70968-0012_generated.wav | RTF: 0.0388(0.101s / 2.610s) | Generator RTF: 0.0375(0.098s / 2.610s)
generated_audios/generated_H4_256C_pruned70_int8/61-70968-0013_generated.wav | RTF: 0.0383(0.170s / 4.450s) | Generator RTF: 0.0375(0.167s / 4.450s)
generated_audios/generated_H4_256C_pruned70_int8/61-70968-0014_generated.wav | RTF: 0.2556(1.913s / 7.485s) | Generator RTF: 0.2551(1.910s / 7.485s)
generated_audios/generated_H4_256C_pruned70_int8/61-70968-0015_generated.wav | RTF: 0.2490(1.339s / 5.375s) | Generator RTF: 0.2484(1.335s / 5.375s)
generated_audios/generated_H4_256C_pruned70_int8/61-70968-0016_generated.wav | RTF: 0.2579(0.959s / 3.720s) | Generator RTF: 0.2569(0.956s / 3.720s)
generated_audios/generated_H4_256C_pruned70_int8/61-70968-0017_generated.wav | RTF: 0.2593(1.325s / 5.110s) | Generator RTF: 0.2586(1.321s / 5.110s)
generated_audios/generated_H4_256C_pruned70_int8/61-70968-0018_generated.wav | RTF: 0.2514(0.605s / 2.405s) | Generator RTF: 0.2501(0.601s / 2.405s)
generated_audios/generated_H4_256C_pruned70_int8/61-70968-0019_generated.wav | RTF: 0.2511(1.375s / 5.475s) | Generator RTF: 0.2504(1.371s / 5.475s)
generated_audios/generated_H4_256C_pruned70_int8/61-70968-0020_generated.wav | RTF: 0.2576(1.315s / 5.105s) | Generator RTF: 0.2569(1.311s / 5.105s)
generated_audios/generated_H4_256C_pruned70_int8/61-70968-0021_generated.wav | RTF: 0.2489(0.669s / 2.690s) | Generator RTF: 0.2477(0.666s / 2.690s)
generated_audios/generated_H4_256C_pruned70_int8/61-70968-0022_generated.wav | RTF: 0.0362(0.169s / 4.670s) | Generator RTF: 0.0354(0.166s / 4.670s)
generated_audios/generated_H4_256C_pruned70_int8/61-70968-0023_generated.wav | RTF: 0.0385(0.194s / 5.025s) | Generator RTF: 0.0378(0.190s / 5.025s)
generated_audios/generated_H4_256C_pruned70_int8/61-70968-0024_generated.wav | RTF: 0.2578(1.553s / 6.025s) | Generator RTF: 0.2572(1.549s / 6.025s)
generated_audios/generated_H4_256C_pruned70_int8/61-70968-0025_generated.wav | RTF: 0.0355(0.156s / 4.410s) | Generator RTF: 0.0347(0.153s / 4.410s)
generated_audios/generated_H4_256C_pruned70_int8/61-70968-0026_generated.wav | RTF: 0.2519(1.239s / 4.920s) | Generator RTF: 0.2511(1.235s / 4.920s)
generated_audios/generated_H4_256C_pruned70_int8/61-70968-0027_generated.wav | RTF: 0.2566(1.763s / 6.870s) | Generator RTF: 0.2560(1.759s / 6.870s)
generated_audios/generated_H4_256C_pruned70_int8/61-70968-0028_generated.wav | RTF: 0.2541(1.361s / 5.355s) | Generator RTF: 0.2536(1.358s / 5.355s)
generated_audios/generated_H4_256C_pruned70_int8/61-70968-0029_generated.wav | RTF: 0.2604(0.910s / 3.495s) | Generator RTF: 0.2595(0.907s / 3.495s)
generated_audios/generated_H4_256C_pruned70_int8/61-70968-0030_generated.wav | RTF: 0.2543(1.446s / 5.685s) | Generator RTF: 0.2537(1.442s / 5.685s)
generated_audios/generated_H4_256C_pruned70_int8/61-70968-0031_generated.wav | RTF: 0.2585(0.756s / 2.925s) | Generator RTF: 0.2574(0.753s / 2.925s)
generated_audios/generated_H4_256C_pruned70_int8/61-70968-0032_generated.wav | RTF: 0.0387(0.166s / 4.280s) | Generator RTF: 0.0379(0.162s / 4.280s)
generated_audios/generated_H4_256C_pruned70_int8/61-70968-0033_generated.wav | RTF: 0.0325(0.185s / 5.685s) | Generator RTF: 0.0318(0.181s / 5.685s)
generated_audios/generated_H4_256C_pruned70_int8/61-70968-0034_generated.wav | RTF: 0.2556(1.081s / 4.230s) | Generator RTF: 0.2548(1.078s / 4.230s)
generated_audios/generated_H4_256C_pruned70_int8/61-70968-0035_generated.wav | RTF: 0.2633(2.094s / 7.950s) | Generator RTF: 0.2629(2.090s / 7.950s)
generated_audios/generated_H4_256C_pruned70_int8/61-70968-0036_generated.wav | RTF: 0.0367(0.108s / 2.935s) | Generator RTF: 0.0357(0.105s / 2.935s)
generated_audios/generated_H4_256C_pruned70_int8/61-70968-0037_generated.wav | RTF: 0.0358(0.154s / 4.315s) | Generator RTF: 0.0349(0.150s / 4.315s)
generated_audios/generated_H4_256C_pruned70_int8/61-70968-0038_generated.wav | RTF: 0.2697(0.553s / 2.050s) | Generator RTF: 0.2681(0.550s / 2.050s)
generated_audios/generated_H4_256C_pruned70_int8/61-70968-0039_generated.wav | RTF: 0.2534(0.964s / 3.805s) | Generator RTF: 0.2525(0.961s / 3.805s)
generated_audios/generated_H4_256C_pruned70_int8/61-70968-0040_generated.wav | RTF: 0.2600(1.027s / 3.950s) | Generator RTF: 0.2592(1.024s / 3.950s)
generated_audios/generated_H4_256C_pruned70_int8/61-70968-0041_generated.wav | RTF: 0.0373(0.255s / 6.825s) | Generator RTF: 0.0368(0.251s / 6.825s)
generated_audios/generated_H4_256C_pruned70_int8/61-70968-0042_generated.wav | RTF: 0.0384(0.107s / 2.785s) | Generator RTF: 0.0372(0.104s / 2.785s)
generated_audios/generated_H4_256C_pruned70_int8/61-70968-0043_generated.wav | RTF: 0.2604(1.754s / 6.735s) | Generator RTF: 0.2598(1.750s / 6.735s)
generated_audios/generated_H4_256C_pruned70_int8/61-70968-0044_generated.wav | RTF: 0.0378(0.105s / 2.770s) | Generator RTF: 0.0366(0.101s / 2.770s)
generated_audios/generated_H4_256C_pruned70_int8/61-70968-0045_generated.wav | RTF: 0.0379(0.132s / 3.475s) | Generator RTF: 0.0369(0.128s / 3.475s)
generated_audios/generated_H4_256C_pruned70_int8/61-70968-0046_generated.wav | RTF: 0.0368(0.131s / 3.550s) | Generator RTF: 0.0359(0.127s / 3.550s)
generated_audios/generated_H4_256C_pruned70_int8/61-70968-0047_generated.wav | RTF: 0.2524(1.205s / 4.775s) | Generator RTF: 0.2517(1.202s / 4.775s)
generated_audios/generated_H4_256C_pruned70_int8/61-70968-0048_generated.wav | RTF: 0.2594(0.784s / 3.020s) | Generator RTF: 0.2583(0.780s / 3.020s)
generated_audios/generated_H4_256C_pruned70_int8/61-70968-0049_generated.wav | RTF: 0.2657(2.192s / 8.250s) | Generator RTF: 0.2652(2.188s / 8.250s)
generated_audios/generated_H4_256C_pruned70_int8/61-70968-0050_generated.wav | RTF: 0.2551(1.423s / 5.580s) | Generator RTF: 0.2544(1.420s / 5.580s)
generated_audios/generated_H4_256C_pruned70_int8/61-70968-0051_generated.wav | RTF: 0.2560(0.803s / 3.135s) | Generator RTF: 0.2550(0.799s / 3.135s)
generated_audios/generated_H4_256C_pruned70_int8/61-70968-0052_generated.wav | RTF: 0.2419(0.641s / 2.650s) | Generator RTF: 0.2407(0.638s / 2.650s)
generated_audios/generated_H4_256C_pruned70_int8/61-70968-0053_generated.wav | RTF: 0.0383(0.161s / 4.220s) | Generator RTF: 0.0374(0.158s / 4.220s)
generated_audios/generated_H4_256C_pruned70_int8/61-70968-0054_generated.wav | RTF: 0.2521(1.982s / 7.860s) | Generator RTF: 0.2516(1.978s / 7.860s)
generated_audios/generated_H4_256C_pruned70_int8/61-70968-0055_generated.wav | RTF: 0.0371(0.147s / 3.965s) | Generator RTF: 0.0362(0.143s / 3.965s)
generated_audios/generated_H4_256C_pruned70_int8/61-70968-0056_generated.wav | RTF: 0.2498(0.890s / 3.565s) | Generator RTF: 0.2488(0.887s / 3.565s)
generated_audios/generated_H4_256C_pruned70_int8/61-70968-0057_generated.wav | RTF: 0.0353(0.179s / 5.065s) | Generator RTF: 0.0346(0.175s / 5.065s)
generated_audios/generated_H4_256C_pruned70_int8/61-70968-0058_generated.wav | RTF: 0.2444(0.445s / 1.820s) | Generator RTF: 0.2427(0.442s / 1.820s)
generated_audios/generated_H4_256C_pruned70_int8/61-70968-0059_generated.wav | RTF: 0.0393(0.085s / 2.170s) | Generator RTF: 0.0379(0.082s / 2.170s)
generated_audios/generated_H4_256C_pruned70_int8/61-70968-0060_generated.wav | RTF: 0.0364(0.136s / 3.735s) | Generator RTF: 0.0356(0.133s / 3.735s)
generated_audios/generated_H4_256C_pruned70_int8/61-70968-0061_generated.wav | RTF: 0.2543(1.406s / 5.530s) | Generator RTF: 0.2537(1.403s / 5.530s)
generated_audios/generated_H4_256C_pruned70_int8/61-70968-0062_generated.wav | RTF: 0.0389(0.099s / 2.555s) | Generator RTF: 0.0377(0.096s / 2.555s)
generated_audios/generated_H4_256C_pruned70_int8/61-70970-0000_generated.wav | RTF: 0.2496(1.516s / 6.075s) | Generator RTF: 0.2490(1.513s / 6.075s)
generated_audios/generated_H4_256C_pruned70_int8/61-70970-0001_generated.wav | RTF: 0.2552(1.570s / 6.155s) | Generator RTF: 0.2546(1.567s / 6.155s)
generated_audios/generated_H4_256C_pruned70_int8/61-70970-0002_generated.wav | RTF: 0.2564(1.068s / 4.165s) | Generator RTF: 0.2555(1.064s / 4.165s)
generated_audios/generated_H4_256C_pruned70_int8/61-70970-0003_generated.wav | RTF: 0.2526(0.969s / 3.835s) | Generator RTF: 0.2518(0.966s / 3.835s)
generated_audios/generated_H4_256C_pruned70_int8/61-70970-0004_generated.wav | RTF: 0.2617(2.752s / 10.515s) | Generator RTF: 0.2613(2.747s / 10.515s)
generated_audios/generated_H4_256C_pruned70_int8/61-70970-0005_generated.wav | RTF: 0.2638(0.533s / 2.020s) | Generator RTF: 0.2621(0.529s / 2.020s)
generated_audios/generated_H4_256C_pruned70_int8/61-70970-0006_generated.wav | RTF: 0.2565(0.599s / 2.335s) | Generator RTF: 0.2552(0.596s / 2.335s)
generated_audios/generated_H4_256C_pruned70_int8/61-70970-0007_generated.wav | RTF: 0.2619(1.175s / 4.485s) | Generator RTF: 0.2612(1.171s / 4.485s)
generated_audios/generated_H4_256C_pruned70_int8/61-70970-0008_generated.wav | RTF: 0.2693(0.579s / 2.150s) | Generator RTF: 0.2678(0.576s / 2.150s)
generated_audios/generated_H4_256C_pruned70_int8/61-70970-0009_generated.wav | RTF: 0.2609(0.888s / 3.405s) | Generator RTF: 0.2599(0.885s / 3.405s)
generated_audios/generated_H4_256C_pruned70_int8/61-70970-0010_generated.wav | RTF: 0.0375(0.114s / 3.045s) | Generator RTF: 0.0364(0.111s / 3.045s)
generated_audios/generated_H4_256C_pruned70_int8/61-70970-0011_generated.wav | RTF: 0.0312(0.189s / 6.075s) | Generator RTF: 0.0306(0.186s / 6.075s)
generated_audios/generated_H4_256C_pruned70_int8/61-70970-0012_generated.wav | RTF: 0.0373(0.117s / 3.135s) | Generator RTF: 0.0363(0.114s / 3.135s)
generated_audios/generated_H4_256C_pruned70_int8/61-70970-0013_generated.wav | RTF: 0.2595(1.129s / 4.350s) | Generator RTF: 0.2587(1.125s / 4.350s)
generated_audios/generated_H4_256C_pruned70_int8/61-70970-0014_generated.wav | RTF: 0.0315(0.107s / 3.405s) | Generator RTF: 0.0305(0.104s / 3.405s)
generated_audios/generated_H4_256C_pruned70_int8/61-70970-0015_generated.wav | RTF: 0.2613(2.199s / 8.415s) | Generator RTF: 0.2608(2.195s / 8.415s)
generated_audios/generated_H4_256C_pruned70_int8/61-70970-0016_generated.wav | RTF: 0.2583(1.129s / 4.370s) | Generator RTF: 0.2574(1.125s / 4.370s)
generated_audios/generated_H4_256C_pruned70_int8/61-70970-0017_generated.wav | RTF: 0.0391(0.100s / 2.550s) | Generator RTF: 0.0378(0.096s / 2.550s)
generated_audios/generated_H4_256C_pruned70_int8/61-70970-0018_generated.wav | RTF: 0.2523(1.161s / 4.600s) | Generator RTF: 0.2517(1.158s / 4.600s)
generated_audios/generated_H4_256C_pruned70_int8/61-70970-0019_generated.wav | RTF: 0.2574(0.973s / 3.780s) | Generator RTF: 0.2564(0.969s / 3.780s)
generated_audios/generated_H4_256C_pruned70_int8/61-70970-0020_generated.wav | RTF: 0.0373(0.187s / 5.025s) | Generator RTF: 0.0366(0.184s / 5.025s)
generated_audios/generated_H4_256C_pruned70_int8/61-70970-0021_generated.wav | RTF: 0.2528(1.367s / 5.405s) | Generator RTF: 0.2522(1.363s / 5.405s)
generated_audios/generated_H4_256C_pruned70_int8/61-70970-0022_generated.wav | RTF: 0.0360(0.143s / 3.970s) | Generator RTF: 0.0351(0.139s / 3.970s)
generated_audios/generated_H4_256C_pruned70_int8/61-70970-0023_generated.wav | RTF: 0.0357(0.132s / 3.705s) | Generator RTF: 0.0348(0.129s / 3.705s)
generated_audios/generated_H4_256C_pruned70_int8/61-70970-0024_generated.wav | RTF: 0.2593(1.876s / 7.235s) | Generator RTF: 0.2588(1.873s / 7.235s)
generated_audios/generated_H4_256C_pruned70_int8/61-70970-0025_generated.wav | RTF: 0.2633(1.957s / 7.435s) | Generator RTF: 0.2628(1.954s / 7.435s)
generated_audios/generated_H4_256C_pruned70_int8/61-70970-0026_generated.wav | RTF: 0.0377(0.206s / 5.475s) | Generator RTF: 0.0370(0.203s / 5.475s)
generated_audios/generated_H4_256C_pruned70_int8/61-70970-0027_generated.wav | RTF: 0.0366(0.186s / 5.080s) | Generator RTF: 0.0359(0.182s / 5.080s)
generated_audios/generated_H4_256C_pruned70_int8/61-70970-0028_generated.wav | RTF: 0.0364(0.238s / 6.550s) | Generator RTF: 0.0358(0.235s / 6.550s)
generated_audios/generated_H4_256C_pruned70_int8/61-70970-0029_generated.wav | RTF: 0.0381(0.154s / 4.030s) | Generator RTF: 0.0372(0.150s / 4.030s)
generated_audios/generated_H4_256C_pruned70_int8/61-70970-0030_generated.wav | RTF: 0.0367(0.119s / 3.240s) | Generator RTF: 0.0357(0.116s / 3.240s)
generated_audios/generated_H4_256C_pruned70_int8/61-70970-0031_generated.wav | RTF: 0.2587(1.328s / 5.135s) | Generator RTF: 0.2580(1.325s / 5.135s)
generated_audios/generated_H4_256C_pruned70_int8/61-70970-0032_generated.wav | RTF: 0.0368(0.115s / 3.135s) | Generator RTF: 0.0357(0.112s / 3.135s)
generated_audios/generated_H4_256C_pruned70_int8/61-70970-0033_generated.wav | RTF: 0.2495(0.853s / 3.420s) | Generator RTF: 0.2485(0.850s / 3.420s)
generated_audios/generated_H4_256C_pruned70_int8/61-70970-0034_generated.wav | RTF: 0.0356(0.160s / 4.485s) | Generator RTF: 0.0351(0.157s / 4.485s)
generated_audios/generated_H4_256C_pruned70_int8/61-70970-0035_generated.wav | RTF: 0.0367(0.272s / 7.405s) | Generator RTF: 0.0363(0.269s / 7.405s)
generated_audios/generated_H4_256C_pruned70_int8/61-70970-0036_generated.wav | RTF: 0.0367(0.249s / 6.785s) | Generator RTF: 0.0361(0.245s / 6.785s)
generated_audios/generated_H4_256C_pruned70_int8/61-70970-0037_generated.wav | RTF: 0.2505(1.498s / 5.980s) | Generator RTF: 0.2501(1.496s / 5.980s)
generated_audios/generated_H4_256C_pruned70_int8/61-70970-0038_generated.wav | RTF: 0.2582(2.685s / 10.400s) | Generator RTF: 0.2578(2.681s / 10.400s)
generated_audios/generated_H4_256C_pruned70_int8/61-70970-0039_generated.wav | RTF: 0.0369(0.246s / 6.665s) | Generator RTF: 0.0364(0.242s / 6.665s)
generated_audios/generated_H4_256C_pruned70_int8/61-70970-0040_generated.wav | RTF: 0.0352(0.147s / 4.165s) | Generator RTF: 0.0344(0.143s / 4.165s)
generated_audios/generated_H4_256C_pruned70_int8/672-122797-0000_generated.wav | RTF: 0.2569(1.045s / 4.070s) | Generator RTF: 0.2560(1.042s / 4.070s)
generated_audios/generated_H4_256C_pruned70_int8/672-122797-0001_generated.wav | RTF: 0.2633(3.984s / 15.130s) | Generator RTF: 0.2630(3.979s / 15.130s)
generated_audios/generated_H4_256C_pruned70_int8/672-122797-0002_generated.wav | RTF: 0.2613(3.560s / 13.620s) | Generator RTF: 0.2610(3.555s / 13.620s)
generated_audios/generated_H4_256C_pruned70_int8/672-122797-0003_generated.wav | RTF: 0.2603(1.239s / 4.760s) | Generator RTF: 0.2595(1.235s / 4.760s)
generated_audios/generated_H4_256C_pruned70_int8/672-122797-0004_generated.wav | RTF: 0.2596(2.661s / 10.250s) | Generator RTF: 0.2592(2.657s / 10.250s)
generated_audios/generated_H4_256C_pruned70_int8/672-122797-0005_generated.wav | RTF: 0.2602(0.848s / 3.260s) | Generator RTF: 0.2591(0.845s / 3.260s)
generated_audios/generated_H4_256C_pruned70_int8/672-122797-0006_generated.wav | RTF: 0.2645(3.689s / 13.950s) | Generator RTF: 0.2641(3.685s / 13.950s)
generated_audios/generated_H4_256C_pruned70_int8/672-122797-0007_generated.wav | RTF: 0.2554(1.640s / 6.420s) | Generator RTF: 0.2549(1.636s / 6.420s)
generated_audios/generated_H4_256C_pruned70_int8/672-122797-0008_generated.wav | RTF: 0.2679(8.255s / 30.810s) | Generator RTF: 0.2677(8.248s / 30.810s)
generated_audios/generated_H4_256C_pruned70_int8/672-122797-0009_generated.wav | RTF: 0.0379(0.105s / 2.765s) | Generator RTF: 0.0367(0.101s / 2.765s)
generated_audios/generated_H4_256C_pruned70_int8/672-122797-0010_generated.wav | RTF: 0.0364(0.139s / 3.815s) | Generator RTF: 0.0355(0.136s / 3.815s)
generated_audios/generated_H4_256C_pruned70_int8/672-122797-0011_generated.wav | RTF: 0.2647(0.672s / 2.540s) | Generator RTF: 0.2626(0.667s / 2.540s)
generated_audios/generated_H4_256C_pruned70_int8/672-122797-0012_generated.wav | RTF: 0.2623(2.037s / 7.765s) | Generator RTF: 0.2618(2.033s / 7.765s)
generated_audios/generated_H4_256C_pruned70_int8/672-122797-0013_generated.wav | RTF: 0.2589(2.254s / 8.705s) | Generator RTF: 0.2584(2.249s / 8.705s)
generated_audios/generated_H4_256C_pruned70_int8/672-122797-0014_generated.wav | RTF: 0.0386(0.099s / 2.555s) | Generator RTF: 0.0373(0.095s / 2.555s)
generated_audios/generated_H4_256C_pruned70_int8/672-122797-0015_generated.wav | RTF: 0.0355(0.158s / 4.455s) | Generator RTF: 0.0347(0.155s / 4.455s)
generated_audios/generated_H4_256C_pruned70_int8/672-122797-0016_generated.wav | RTF: 0.2591(2.388s / 9.215s) | Generator RTF: 0.2587(2.384s / 9.215s)
generated_audios/generated_H4_256C_pruned70_int8/672-122797-0017_generated.wav | RTF: 0.2568(1.238s / 4.820s) | Generator RTF: 0.2562(1.235s / 4.820s)
generated_audios/generated_H4_256C_pruned70_int8/672-122797-0018_generated.wav | RTF: 0.2554(1.259s / 4.930s) | Generator RTF: 0.2547(1.256s / 4.930s)
generated_audios/generated_H4_256C_pruned70_int8/672-122797-0019_generated.wav | RTF: 0.2530(1.040s / 4.110s) | Generator RTF: 0.2522(1.036s / 4.110s)
generated_audios/generated_H4_256C_pruned70_int8/672-122797-0020_generated.wav | RTF: 0.2626(2.317s / 8.825s) | Generator RTF: 0.2621(2.313s / 8.825s)
generated_audios/generated_H4_256C_pruned70_int8/672-122797-0021_generated.wav | RTF: 0.0379(0.157s / 4.150s) | Generator RTF: 0.0371(0.154s / 4.150s)
generated_audios/generated_H4_256C_pruned70_int8/672-122797-0022_generated.wav | RTF: 0.2677(5.087s / 19.005s) | Generator RTF: 0.2674(5.082s / 19.005s)
generated_audios/generated_H4_256C_pruned70_int8/672-122797-0023_generated.wav | RTF: 0.2627(2.547s / 9.695s) | Generator RTF: 0.2623(2.543s / 9.695s)
generated_audios/generated_H4_256C_pruned70_int8/672-122797-0024_generated.wav | RTF: 0.2583(1.067s / 4.130s) | Generator RTF: 0.2576(1.064s / 4.130s)
generated_audios/generated_H4_256C_pruned70_int8/672-122797-0025_generated.wav | RTF: 0.2637(2.819s / 10.690s) | Generator RTF: 0.2633(2.815s / 10.690s)
generated_audios/generated_H4_256C_pruned70_int8/672-122797-0026_generated.wav | RTF: 0.2639(3.684s / 13.960s) | Generator RTF: 0.2635(3.679s / 13.960s)
generated_audios/generated_H4_256C_pruned70_int8/672-122797-0027_generated.wav | RTF: 0.0363(0.174s / 4.790s) | Generator RTF: 0.0356(0.170s / 4.790s)
generated_audios/generated_H4_256C_pruned70_int8/672-122797-0028_generated.wav | RTF: 0.0406(0.106s / 2.610s) | Generator RTF: 0.0392(0.102s / 2.610s)
generated_audios/generated_H4_256C_pruned70_int8/672-122797-0029_generated.wav | RTF: 0.0370(0.113s / 3.050s) | Generator RTF: 0.0360(0.110s / 3.050s)
generated_audios/generated_H4_256C_pruned70_int8/672-122797-0030_generated.wav | RTF: 0.2533(1.159s / 4.575s) | Generator RTF: 0.2525(1.155s / 4.575s)
generated_audios/generated_H4_256C_pruned70_int8/672-122797-0031_generated.wav | RTF: 0.0361(0.144s / 3.980s) | Generator RTF: 0.0352(0.140s / 3.980s)
generated_audios/generated_H4_256C_pruned70_int8/672-122797-0032_generated.wav | RTF: 0.0369(0.148s / 4.000s) | Generator RTF: 0.0361(0.144s / 4.000s)
generated_audios/generated_H4_256C_pruned70_int8/672-122797-0033_generated.wav | RTF: 0.2586(0.332s / 1.285s) | Generator RTF: 0.2562(0.329s / 1.285s)
generated_audios/generated_H4_256C_pruned70_int8/672-122797-0034_generated.wav | RTF: 0.0363(0.186s / 5.110s) | Generator RTF: 0.0356(0.182s / 5.110s)
generated_audios/generated_H4_256C_pruned70_int8/672-122797-0035_generated.wav | RTF: 0.0373(0.108s / 2.900s) | Generator RTF: 0.0362(0.105s / 2.900s)
generated_audios/generated_H4_256C_pruned70_int8/672-122797-0036_generated.wav | RTF: 0.0368(0.198s / 5.365s) | Generator RTF: 0.0362(0.194s / 5.365s)
generated_audios/generated_H4_256C_pruned70_int8/672-122797-0037_generated.wav | RTF: 0.2496(0.489s / 1.960s) | Generator RTF: 0.2481(0.486s / 1.960s)
generated_audios/generated_H4_256C_pruned70_int8/672-122797-0038_generated.wav | RTF: 0.2578(2.268s / 8.800s) | Generator RTF: 0.2573(2.265s / 8.800s)
generated_audios/generated_H4_256C_pruned70_int8/672-122797-0039_generated.wav | RTF: 0.2572(1.035s / 4.025s) | Generator RTF: 0.2563(1.032s / 4.025s)
generated_audios/generated_H4_256C_pruned70_int8/672-122797-0040_generated.wav | RTF: 0.0390(0.200s / 5.125s) | Generator RTF: 0.0383(0.196s / 5.125s)
generated_audios/generated_H4_256C_pruned70_int8/672-122797-0041_generated.wav | RTF: 0.0379(0.147s / 3.880s) | Generator RTF: 0.0370(0.144s / 3.880s)
generated_audios/generated_H4_256C_pruned70_int8/672-122797-0042_generated.wav | RTF: 0.2648(4.054s / 15.310s) | Generator RTF: 0.2645(4.049s / 15.310s)
generated_audios/generated_H4_256C_pruned70_int8/672-122797-0043_generated.wav | RTF: 0.0373(0.141s / 3.780s) | Generator RTF: 0.0364(0.138s / 3.780s)
generated_audios/generated_H4_256C_pruned70_int8/672-122797-0044_generated.wav | RTF: 0.0371(0.139s / 3.740s) | Generator RTF: 0.0361(0.135s / 3.740s)
generated_audios/generated_H4_256C_pruned70_int8/672-122797-0045_generated.wav | RTF: 0.0408(0.570s / 13.960s) | Generator RTF: 0.0405(0.566s / 13.960s)
generated_audios/generated_H4_256C_pruned70_int8/672-122797-0046_generated.wav | RTF: 0.2581(1.217s / 4.715s) | Generator RTF: 0.2574(1.214s / 4.715s)
generated_audios/generated_H4_256C_pruned70_int8/672-122797-0047_generated.wav | RTF: 0.2559(0.851s / 3.325s) | Generator RTF: 0.2549(0.848s / 3.325s)
generated_audios/generated_H4_256C_pruned70_int8/672-122797-0048_generated.wav | RTF: 0.0388(0.255s / 6.555s) | Generator RTF: 0.0383(0.251s / 6.555s)
generated_audios/generated_H4_256C_pruned70_int8/672-122797-0049_generated.wav | RTF: 0.0411(0.083s / 2.020s) | Generator RTF: 0.0396(0.080s / 2.020s)
generated_audios/generated_H4_256C_pruned70_int8/672-122797-0050_generated.wav | RTF: 0.2582(1.254s / 4.855s) | Generator RTF: 0.2575(1.250s / 4.855s)
generated_audios/generated_H4_256C_pruned70_int8/672-122797-0051_generated.wav | RTF: 0.2610(1.218s / 4.665s) | Generator RTF: 0.2603(1.214s / 4.665s)
generated_audios/generated_H4_256C_pruned70_int8/672-122797-0052_generated.wav | RTF: 0.2553(1.094s / 4.285s) | Generator RTF: 0.2546(1.091s / 4.285s)
generated_audios/generated_H4_256C_pruned70_int8/672-122797-0053_generated.wav | RTF: 0.0371(0.110s / 2.955s) | Generator RTF: 0.0362(0.107s / 2.955s)
generated_audios/generated_H4_256C_pruned70_int8/672-122797-0054_generated.wav | RTF: 0.0366(0.156s / 4.250s) | Generator RTF: 0.0358(0.152s / 4.250s)
generated_audios/generated_H4_256C_pruned70_int8/672-122797-0055_generated.wav | RTF: 0.2610(2.148s / 8.230s) | Generator RTF: 0.2605(2.144s / 8.230s)
generated_audios/generated_H4_256C_pruned70_int8/672-122797-0056_generated.wav | RTF: 0.0368(0.192s / 5.225s) | Generator RTF: 0.0361(0.189s / 5.225s)
generated_audios/generated_H4_256C_pruned70_int8/672-122797-0057_generated.wav | RTF: 0.0363(0.238s / 6.560s) | Generator RTF: 0.0357(0.234s / 6.560s)
generated_audios/generated_H4_256C_pruned70_int8/672-122797-0058_generated.wav | RTF: 0.2597(1.161s / 4.470s) | Generator RTF: 0.2589(1.157s / 4.470s)
generated_audios/generated_H4_256C_pruned70_int8/672-122797-0059_generated.wav | RTF: 0.2534(0.892s / 3.520s) | Generator RTF: 0.2524(0.889s / 3.520s)
generated_audios/generated_H4_256C_pruned70_int8/672-122797-0060_generated.wav | RTF: 0.0381(0.128s / 3.350s) | Generator RTF: 0.0371(0.124s / 3.350s)
generated_audios/generated_H4_256C_pruned70_int8/672-122797-0061_generated.wav | RTF: 0.2570(1.950s / 7.590s) | Generator RTF: 0.2564(1.946s / 7.590s)
generated_audios/generated_H4_256C_pruned70_int8/672-122797-0062_generated.wav | RTF: 0.2617(0.700s / 2.675s) | Generator RTF: 0.2604(0.697s / 2.675s)
generated_audios/generated_H4_256C_pruned70_int8/672-122797-0063_generated.wav | RTF: 0.0364(0.185s / 5.075s) | Generator RTF: 0.0357(0.181s / 5.075s)
generated_audios/generated_H4_256C_pruned70_int8/672-122797-0064_generated.wav | RTF: 0.2644(4.038s / 15.270s) | Generator RTF: 0.2641(4.033s / 15.270s)
generated_audios/generated_H4_256C_pruned70_int8/672-122797-0065_generated.wav | RTF: 0.0370(0.112s / 3.030s) | Generator RTF: 0.0360(0.109s / 3.030s)
generated_audios/generated_H4_256C_pruned70_int8/672-122797-0066_generated.wav | RTF: 0.0362(0.174s / 4.815s) | Generator RTF: 0.0355(0.171s / 4.815s)
generated_audios/generated_H4_256C_pruned70_int8/672-122797-0067_generated.wav | RTF: 0.2607(3.398s / 13.035s) | Generator RTF: 0.2603(3.393s / 13.035s)
generated_audios/generated_H4_256C_pruned70_int8/672-122797-0068_generated.wav | RTF: 0.0361(0.145s / 4.020s) | Generator RTF: 0.0352(0.141s / 4.020s)
generated_audios/generated_H4_256C_pruned70_int8/672-122797-0069_generated.wav | RTF: 0.2593(1.299s / 5.010s) | Generator RTF: 0.2585(1.295s / 5.010s)
generated_audios/generated_H4_256C_pruned70_int8/672-122797-0070_generated.wav | RTF: 0.2567(1.610s / 6.270s) | Generator RTF: 0.2561(1.606s / 6.270s)
generated_audios/generated_H4_256C_pruned70_int8/672-122797-0071_generated.wav | RTF: 0.2614(2.320s / 8.875s) | Generator RTF: 0.2609(2.316s / 8.875s)
generated_audios/generated_H4_256C_pruned70_int8/672-122797-0072_generated.wav | RTF: 0.2578(2.047s / 7.940s) | Generator RTF: 0.2574(2.044s / 7.940s)
generated_audios/generated_H4_256C_pruned70_int8/672-122797-0073_generated.wav | RTF: 0.2613(2.144s / 8.205s) | Generator RTF: 0.2608(2.140s / 8.205s)
generated_audios/generated_H4_256C_pruned70_int8/672-122797-0074_generated.wav | RTF: 0.2565(2.239s / 8.730s) | Generator RTF: 0.2560(2.235s / 8.730s)
generated_audios/generated_H4_256C_pruned70_int8/908-157963-0000_generated.wav | RTF: 0.2612(3.296s / 12.620s) | Generator RTF: 0.2608(3.292s / 12.620s)
generated_audios/generated_H4_256C_pruned70_int8/908-157963-0001_generated.wav | RTF: 0.2559(0.738s / 2.885s) | Generator RTF: 0.2547(0.735s / 2.885s)
generated_audios/generated_H4_256C_pruned70_int8/908-157963-0002_generated.wav | RTF: 0.2478(0.683s / 2.755s) | Generator RTF: 0.2465(0.679s / 2.755s)
generated_audios/generated_H4_256C_pruned70_int8/908-157963-0003_generated.wav | RTF: 0.2556(0.787s / 3.080s) | Generator RTF: 0.2546(0.784s / 3.080s)
generated_audios/generated_H4_256C_pruned70_int8/908-157963-0004_generated.wav | RTF: 0.2645(3.700s / 13.990s) | Generator RTF: 0.2642(3.696s / 13.990s)
generated_audios/generated_H4_256C_pruned70_int8/908-157963-0005_generated.wav | RTF: 0.2585(1.819s / 7.035s) | Generator RTF: 0.2580(1.815s / 7.035s)
generated_audios/generated_H4_256C_pruned70_int8/908-157963-0006_generated.wav | RTF: 0.2603(2.111s / 8.110s) | Generator RTF: 0.2598(2.107s / 8.110s)
generated_audios/generated_H4_256C_pruned70_int8/908-157963-0007_generated.wav | RTF: 0.2700(8.849s / 32.770s) | Generator RTF: 0.2698(8.841s / 32.770s)
generated_audios/generated_H4_256C_pruned70_int8/908-157963-0008_generated.wav | RTF: 0.2663(5.314s / 19.950s) | Generator RTF: 0.2661(5.308s / 19.950s)
generated_audios/generated_H4_256C_pruned70_int8/908-157963-0009_generated.wav | RTF: 0.2585(1.049s / 4.060s) | Generator RTF: 0.2576(1.046s / 4.060s)
generated_audios/generated_H4_256C_pruned70_int8/908-157963-0010_generated.wav | RTF: 0.0320(0.201s / 6.280s) | Generator RTF: 0.0315(0.198s / 6.280s)
generated_audios/generated_H4_256C_pruned70_int8/908-157963-0011_generated.wav | RTF: 0.0382(0.397s / 10.395s) | Generator RTF: 0.0377(0.392s / 10.395s)
generated_audios/generated_H4_256C_pruned70_int8/908-157963-0012_generated.wav | RTF: 0.2640(2.663s / 10.090s) | Generator RTF: 0.2635(2.659s / 10.090s)
generated_audios/generated_H4_256C_pruned70_int8/908-157963-0013_generated.wav | RTF: 0.0368(0.159s / 4.315s) | Generator RTF: 0.0360(0.155s / 4.315s)
generated_audios/generated_H4_256C_pruned70_int8/908-157963-0014_generated.wav | RTF: 0.0368(0.166s / 4.520s) | Generator RTF: 0.0360(0.163s / 4.520s)
generated_audios/generated_H4_256C_pruned70_int8/908-157963-0015_generated.wav | RTF: 0.2632(3.808s / 14.465s) | Generator RTF: 0.2629(3.803s / 14.465s)
generated_audios/generated_H4_256C_pruned70_int8/908-157963-0016_generated.wav | RTF: 0.0363(0.185s / 5.105s) | Generator RTF: 0.0357(0.182s / 5.105s)
generated_audios/generated_H4_256C_pruned70_int8/908-157963-0017_generated.wav | RTF: 0.2521(1.248s / 4.950s) | Generator RTF: 0.2514(1.245s / 4.950s)
generated_audios/generated_H4_256C_pruned70_int8/908-157963-0018_generated.wav | RTF: 0.0366(0.156s / 4.255s) | Generator RTF: 0.0358(0.152s / 4.255s)
generated_audios/generated_H4_256C_pruned70_int8/908-157963-0019_generated.wav | RTF: 0.2681(5.747s / 21.440s) | Generator RTF: 0.2678(5.741s / 21.440s)
generated_audios/generated_H4_256C_pruned70_int8/908-157963-0020_generated.wav | RTF: 0.2607(2.554s / 9.800s) | Generator RTF: 0.2603(2.550s / 9.800s)
generated_audios/generated_H4_256C_pruned70_int8/908-157963-0021_generated.wav | RTF: 0.0384(0.393s / 10.240s) | Generator RTF: 0.0380(0.389s / 10.240s)
generated_audios/generated_H4_256C_pruned70_int8/908-157963-0022_generated.wav | RTF: 0.2602(1.199s / 4.610s) | Generator RTF: 0.2595(1.196s / 4.610s)
generated_audios/generated_H4_256C_pruned70_int8/908-157963-0023_generated.wav | RTF: 0.2595(2.497s / 9.625s) | Generator RTF: 0.2591(2.493s / 9.625s)
generated_audios/generated_H4_256C_pruned70_int8/908-157963-0024_generated.wav | RTF: 0.2582(0.888s / 3.440s) | Generator RTF: 0.2573(0.885s / 3.440s)
generated_audios/generated_H4_256C_pruned70_int8/908-157963-0025_generated.wav | RTF: 0.2584(2.394s / 9.265s) | Generator RTF: 0.2580(2.391s / 9.265s)
generated_audios/generated_H4_256C_pruned70_int8/908-157963-0026_generated.wav | RTF: 0.2618(2.121s / 8.100s) | Generator RTF: 0.2614(2.117s / 8.100s)
generated_audios/generated_H4_256C_pruned70_int8/908-157963-0027_generated.wav | RTF: 0.0375(0.196s / 5.225s) | Generator RTF: 0.0369(0.193s / 5.225s)
generated_audios/generated_H4_256C_pruned70_int8/908-157963-0028_generated.wav | RTF: 0.0322(0.160s / 4.955s) | Generator RTF: 0.0315(0.156s / 4.955s)
generated_audios/generated_H4_256C_pruned70_int8/908-157963-0029_generated.wav | RTF: 0.2515(0.913s / 3.630s) | Generator RTF: 0.2505(0.909s / 3.630s)
generated_audios/generated_H4_256C_pruned70_int8/908-157963-0030_generated.wav | RTF: 0.0311(0.140s / 4.520s) | Generator RTF: 0.0304(0.137s / 4.520s)
generated_audios/generated_H4_256C_pruned70_int8/908-31957-0000_generated.wav | RTF: 0.2485(0.528s / 2.125s) | Generator RTF: 0.2471(0.525s / 2.125s)
generated_audios/generated_H4_256C_pruned70_int8/908-31957-0001_generated.wav | RTF: 0.2623(2.967s / 11.315s) | Generator RTF: 0.2619(2.963s / 11.315s)
generated_audios/generated_H4_256C_pruned70_int8/908-31957-0002_generated.wav | RTF: 0.0365(0.175s / 4.790s) | Generator RTF: 0.0359(0.172s / 4.790s)
generated_audios/generated_H4_256C_pruned70_int8/908-31957-0003_generated.wav | RTF: 0.0364(0.239s / 6.565s) | Generator RTF: 0.0358(0.235s / 6.565s)
generated_audios/generated_H4_256C_pruned70_int8/908-31957-0004_generated.wav | RTF: 0.2649(3.908s / 14.755s) | Generator RTF: 0.2646(3.904s / 14.755s)
generated_audios/generated_H4_256C_pruned70_int8/908-31957-0005_generated.wav | RTF: 0.0368(0.165s / 4.490s) | Generator RTF: 0.0362(0.162s / 4.490s)
generated_audios/generated_H4_256C_pruned70_int8/908-31957-0006_generated.wav | RTF: 0.2531(1.491s / 5.890s) | Generator RTF: 0.2525(1.487s / 5.890s)
generated_audios/generated_H4_256C_pruned70_int8/908-31957-0007_generated.wav | RTF: 0.0354(0.206s / 5.800s) | Generator RTF: 0.0348(0.202s / 5.800s)
generated_audios/generated_H4_256C_pruned70_int8/908-31957-0008_generated.wav | RTF: 0.2597(2.598s / 10.005s) | Generator RTF: 0.2593(2.594s / 10.005s)
generated_audios/generated_H4_256C_pruned70_int8/908-31957-0009_generated.wav | RTF: 0.2565(1.976s / 7.705s) | Generator RTF: 0.2560(1.972s / 7.705s)
generated_audios/generated_H4_256C_pruned70_int8/908-31957-0010_generated.wav | RTF: 0.2495(0.626s / 2.510s) | Generator RTF: 0.2484(0.624s / 2.510s)
generated_audios/generated_H4_256C_pruned70_int8/908-31957-0011_generated.wav | RTF: 0.0388(0.091s / 2.335s) | Generator RTF: 0.0375(0.087s / 2.335s)
generated_audios/generated_H4_256C_pruned70_int8/908-31957-0012_generated.wav | RTF: 0.2575(1.961s / 7.615s) | Generator RTF: 0.2570(1.957s / 7.615s)
generated_audios/generated_H4_256C_pruned70_int8/908-31957-0013_generated.wav | RTF: 0.2588(1.600s / 6.180s) | Generator RTF: 0.2583(1.596s / 6.180s)
generated_audios/generated_H4_256C_pruned70_int8/908-31957-0014_generated.wav | RTF: 0.2578(1.949s / 7.560s) | Generator RTF: 0.2573(1.945s / 7.560s)
generated_audios/generated_H4_256C_pruned70_int8/908-31957-0015_generated.wav | RTF: 0.2666(5.722s / 21.465s) | Generator RTF: 0.2664(5.717s / 21.465s)
generated_audios/generated_H4_256C_pruned70_int8/908-31957-0016_generated.wav | RTF: 0.2546(1.650s / 6.480s) | Generator RTF: 0.2542(1.647s / 6.480s)
generated_audios/generated_H4_256C_pruned70_int8/908-31957-0017_generated.wav | RTF: 0.2577(2.009s / 7.795s) | Generator RTF: 0.2573(2.006s / 7.795s)
generated_audios/generated_H4_256C_pruned70_int8/908-31957-0018_generated.wav | RTF: 0.2547(0.997s / 3.915s) | Generator RTF: 0.2538(0.994s / 3.915s)
generated_audios/generated_H4_256C_pruned70_int8/908-31957-0019_generated.wav | RTF: 0.2600(2.480s / 9.540s) | Generator RTF: 0.2596(2.477s / 9.540s)
generated_audios/generated_H4_256C_pruned70_int8/908-31957-0020_generated.wav | RTF: 0.0314(0.185s / 5.895s) | Generator RTF: 0.0308(0.182s / 5.895s)
generated_audios/generated_H4_256C_pruned70_int8/908-31957-0021_generated.wav | RTF: 0.2599(2.834s / 10.905s) | Generator RTF: 0.2595(2.830s / 10.905s)
generated_audios/generated_H4_256C_pruned70_int8/908-31957-0022_generated.wav | RTF: 0.2626(3.702s / 14.100s) | Generator RTF: 0.2622(3.698s / 14.100s)
generated_audios/generated_H4_256C_pruned70_int8/908-31957-0023_generated.wav | RTF: 0.2580(2.197s / 8.515s) | Generator RTF: 0.2575(2.192s / 8.515s)
generated_audios/generated_H4_256C_pruned70_int8/908-31957-0024_generated.wav | RTF: 0.2609(1.968s / 7.540s) | Generator RTF: 0.2604(1.963s / 7.540s)
generated_audios/generated_H4_256C_pruned70_int8/908-31957-0025_generated.wav | RTF: 0.2815(5.788s / 20.560s) | Generator RTF: 0.2813(5.783s / 20.560s)
Average RTF: 0.1899(600.205s / 3159.849s)
Average Generator RTF: 0.1893(598.311s / 3159.849s)
Evaluation summary:
  Mel-spectrogram L1: 0.415815
  PESQ: 2.014563
  STOI: 0.913924
Appended per-audio metrics to CSV: per_audio_results/H4_256C_int8_Physical_pruning

Appended metrics to CSV: experiments_results.csv
Appended to experiments_results.csv:
H4_256C_pruned70_int8_Physical_pruning_resblocks_range_3_8,1629001,5.792,0.1899,0.1893,2.0145633006095887,0.9139239456852333,0.41581520599126814
========== Done ==========
=== JOB_STATISTICS ===
=== current date     : Sun Jul  5 03:32:20 PM CEST 2026
= Job-ID             : 1428663 on tinyfat
= Job-Name           : inference_256ch_h1-4
= Job-Command        : /home/hpc/vlbi/vlbi107v/hifi-gan/inference.sh
= Initial workdir    : /home/hpc/vlbi/vlbi107v/hifi-gan
= Queue/Partition    : work
= Slurm account      : vlbi with QOS=normal
= Requested resources:  for 1-00:00:00
= Elapsed runtime    : 01:53:42
= Total RAM usage    : 13.5 GiB of requested  GiB (%)   
= Node list          : tf093
= Subm/Elig/Start/End: 2026-07-05T13:38:38 / 2026-07-05T13:38:38 / 2026-07-05T13:38:38 / 2026-07-05T15:32:20
======================
=== Quota infos ======
    Path                 Used     SoftQ    HardQ    Gracetime  Filec    FileQ    FiHaQ    FileGrace    
    /home/hpc              95.0G   104.9G   209.7G        N/A      91K     500K   1,000K        N/A    
    /home/woody           281.2G  1000.0G  1500.0G        N/A     118K   5,000K   7,500K        N/A    
======================
