### Starting TaskPrologue of job 1423831 on tf077 at Thu Jun 25 10:55:30 AM CEST 2026
Running on cores 49-56,113-120 with governor ondemand
No GPU known
### Finished TaskPrologue

==========(sbatch.tinyfat) Inference: 512 Channels (g_07960000) ==========
========== H1: baseline (no compression) ==========
Initializing Inference Process..
Using device: cpu (baseline and quantized inference both run on CPU)
Loading '/home/hpc/vlbi/vlbi107v/hifi-gan/cp_hifigan/v1_c512/g_07960000'
Complete.
Checkpoint contains weight_norm parameters. Keeping weight_norm wrappers for loading...
Loaded checkpoint: /home/hpc/vlbi/vlbi107v/hifi-gan/cp_hifigan/v1_c512/g_07960000 (53.239 MB)
Generator parameters: 13,936,130
generated_audios/generated_H1_512C/61-70968-0000_generated.wav | RTF: 0.3454(1.694s / 4.905s)
generated_audios/generated_H1_512C/61-70968-0001_generated.wav | RTF: 0.2782(1.004s / 3.610s)
generated_audios/generated_H1_512C/61-70968-0002_generated.wav | RTF: 0.2724(0.809s / 2.970s)
generated_audios/generated_H1_512C/61-70968-0003_generated.wav | RTF: 0.5516(2.380s / 4.315s)
generated_audios/generated_H1_512C/61-70968-0004_generated.wav | RTF: 0.8875(3.448s / 3.885s)
generated_audios/generated_H1_512C/61-70968-0005_generated.wav | RTF: 0.7477(3.791s / 5.070s)
generated_audios/generated_H1_512C/61-70968-0006_generated.wav | RTF: 1.0399(3.052s / 2.935s)
generated_audios/generated_H1_512C/61-70968-0007_generated.wav | RTF: 0.9079(3.223s / 3.550s)
generated_audios/generated_H1_512C/61-70968-0008_generated.wav | RTF: 0.9450(3.341s / 3.535s)
generated_audios/generated_H1_512C/61-70968-0009_generated.wav | RTF: 0.8064(3.637s / 4.510s)
generated_audios/generated_H1_512C/61-70968-0010_generated.wav | RTF: 0.5918(4.909s / 8.295s)
generated_audios/generated_H1_512C/61-70968-0011_generated.wav | RTF: 0.6562(4.183s / 6.375s)
generated_audios/generated_H1_512C/61-70968-0012_generated.wav | RTF: 1.1387(2.972s / 2.610s)
generated_audios/generated_H1_512C/61-70968-0013_generated.wav | RTF: 0.8155(3.629s / 4.450s)
generated_audios/generated_H1_512C/61-70968-0014_generated.wav | RTF: 0.6256(4.683s / 7.485s)
generated_audios/generated_H1_512C/61-70968-0015_generated.wav | RTF: 0.7194(3.867s / 5.375s)
generated_audios/generated_H1_512C/61-70968-0016_generated.wav | RTF: 0.8885(3.305s / 3.720s)
generated_audios/generated_H1_512C/61-70968-0017_generated.wav | RTF: 0.7374(3.768s / 5.110s)
generated_audios/generated_H1_512C/61-70968-0018_generated.wav | RTF: 1.1958(2.876s / 2.405s)
generated_audios/generated_H1_512C/61-70968-0019_generated.wav | RTF: 0.7357(4.028s / 5.475s)
Average RTF: 0.7131(64.600s / 90.585s)
Evaluation summary:
  Mel-spectrogram L1: 0.204555
  PESQ: 2.771301
  STOI: 0.959870

Appended metrics to CSV: experiments_results.csv
========== H3: pruning 30% ==========
Initializing Inference Process..
Using device: cpu (baseline and quantized inference both run on CPU)
Loading '/home/hpc/vlbi/vlbi107v/hifi-gan/cp_hifigan/v1_c512_ft30/g_00265000'
Complete.
Checkpoint contains masked pruning parameters. Preparing masked model before loading...
Removing weight norm...
Skipping ConvTranspose1d pruning for ups.0
Skipping ConvTranspose1d pruning for ups.1
Skipping ConvTranspose1d pruning for ups.2
Skipping ConvTranspose1d pruning for ups.3
Pruning (with mask) resblocks.0.convs1.0 (Conv1d): out_channels=256, dim=0, amount=0.0
Done pruning (with mask) resblocks.0.convs1.0 (Conv1d)
Pruning (with mask) resblocks.0.convs1.1 (Conv1d): out_channels=256, dim=0, amount=0.0
Done pruning (with mask) resblocks.0.convs1.1 (Conv1d)
Pruning (with mask) resblocks.0.convs1.2 (Conv1d): out_channels=256, dim=0, amount=0.0
Done pruning (with mask) resblocks.0.convs1.2 (Conv1d)
Pruning (with mask) resblocks.0.convs2.0 (Conv1d): out_channels=256, dim=0, amount=0.0
Done pruning (with mask) resblocks.0.convs2.0 (Conv1d)
Pruning (with mask) resblocks.0.convs2.1 (Conv1d): out_channels=256, dim=0, amount=0.0
Done pruning (with mask) resblocks.0.convs2.1 (Conv1d)
Pruning (with mask) resblocks.0.convs2.2 (Conv1d): out_channels=256, dim=0, amount=0.0
Done pruning (with mask) resblocks.0.convs2.2 (Conv1d)
Pruning (with mask) resblocks.1.convs1.0 (Conv1d): out_channels=256, dim=0, amount=0.0
Done pruning (with mask) resblocks.1.convs1.0 (Conv1d)
Pruning (with mask) resblocks.1.convs1.1 (Conv1d): out_channels=256, dim=0, amount=0.0
Done pruning (with mask) resblocks.1.convs1.1 (Conv1d)
Pruning (with mask) resblocks.1.convs1.2 (Conv1d): out_channels=256, dim=0, amount=0.0
Done pruning (with mask) resblocks.1.convs1.2 (Conv1d)
Pruning (with mask) resblocks.1.convs2.0 (Conv1d): out_channels=256, dim=0, amount=0.0
Done pruning (with mask) resblocks.1.convs2.0 (Conv1d)
Pruning (with mask) resblocks.1.convs2.1 (Conv1d): out_channels=256, dim=0, amount=0.0
Done pruning (with mask) resblocks.1.convs2.1 (Conv1d)
Pruning (with mask) resblocks.1.convs2.2 (Conv1d): out_channels=256, dim=0, amount=0.0
Done pruning (with mask) resblocks.1.convs2.2 (Conv1d)
Pruning (with mask) resblocks.2.convs1.0 (Conv1d): out_channels=256, dim=0, amount=0.0
Done pruning (with mask) resblocks.2.convs1.0 (Conv1d)
Pruning (with mask) resblocks.2.convs1.1 (Conv1d): out_channels=256, dim=0, amount=0.0
Done pruning (with mask) resblocks.2.convs1.1 (Conv1d)
Pruning (with mask) resblocks.2.convs1.2 (Conv1d): out_channels=256, dim=0, amount=0.0
Done pruning (with mask) resblocks.2.convs1.2 (Conv1d)
Pruning (with mask) resblocks.2.convs2.0 (Conv1d): out_channels=256, dim=0, amount=0.0
Done pruning (with mask) resblocks.2.convs2.0 (Conv1d)
Pruning (with mask) resblocks.2.convs2.1 (Conv1d): out_channels=256, dim=0, amount=0.0
Done pruning (with mask) resblocks.2.convs2.1 (Conv1d)
Pruning (with mask) resblocks.2.convs2.2 (Conv1d): out_channels=256, dim=0, amount=0.0
Done pruning (with mask) resblocks.2.convs2.2 (Conv1d)
Pruning (with mask) resblocks.3.convs1.0 (Conv1d): out_channels=128, dim=0, amount=0.0
Done pruning (with mask) resblocks.3.convs1.0 (Conv1d)
Pruning (with mask) resblocks.3.convs1.1 (Conv1d): out_channels=128, dim=0, amount=0.0
Done pruning (with mask) resblocks.3.convs1.1 (Conv1d)
Pruning (with mask) resblocks.3.convs1.2 (Conv1d): out_channels=128, dim=0, amount=0.0
Done pruning (with mask) resblocks.3.convs1.2 (Conv1d)
Pruning (with mask) resblocks.3.convs2.0 (Conv1d): out_channels=128, dim=0, amount=0.0
Done pruning (with mask) resblocks.3.convs2.0 (Conv1d)
Pruning (with mask) resblocks.3.convs2.1 (Conv1d): out_channels=128, dim=0, amount=0.0
Done pruning (with mask) resblocks.3.convs2.1 (Conv1d)
Pruning (with mask) resblocks.3.convs2.2 (Conv1d): out_channels=128, dim=0, amount=0.0
Done pruning (with mask) resblocks.3.convs2.2 (Conv1d)
Pruning (with mask) resblocks.4.convs1.0 (Conv1d): out_channels=128, dim=0, amount=0.0
Done pruning (with mask) resblocks.4.convs1.0 (Conv1d)
Pruning (with mask) resblocks.4.convs1.1 (Conv1d): out_channels=128, dim=0, amount=0.0
Done pruning (with mask) resblocks.4.convs1.1 (Conv1d)
Pruning (with mask) resblocks.4.convs1.2 (Conv1d): out_channels=128, dim=0, amount=0.0
Done pruning (with mask) resblocks.4.convs1.2 (Conv1d)
Pruning (with mask) resblocks.4.convs2.0 (Conv1d): out_channels=128, dim=0, amount=0.0
Done pruning (with mask) resblocks.4.convs2.0 (Conv1d)
Pruning (with mask) resblocks.4.convs2.1 (Conv1d): out_channels=128, dim=0, amount=0.0
Done pruning (with mask) resblocks.4.convs2.1 (Conv1d)
Pruning (with mask) resblocks.4.convs2.2 (Conv1d): out_channels=128, dim=0, amount=0.0
Done pruning (with mask) resblocks.4.convs2.2 (Conv1d)
Pruning (with mask) resblocks.5.convs1.0 (Conv1d): out_channels=128, dim=0, amount=0.0
Done pruning (with mask) resblocks.5.convs1.0 (Conv1d)
Pruning (with mask) resblocks.5.convs1.1 (Conv1d): out_channels=128, dim=0, amount=0.0
Done pruning (with mask) resblocks.5.convs1.1 (Conv1d)
Pruning (with mask) resblocks.5.convs1.2 (Conv1d): out_channels=128, dim=0, amount=0.0
Done pruning (with mask) resblocks.5.convs1.2 (Conv1d)
Pruning (with mask) resblocks.5.convs2.0 (Conv1d): out_channels=128, dim=0, amount=0.0
Done pruning (with mask) resblocks.5.convs2.0 (Conv1d)
Pruning (with mask) resblocks.5.convs2.1 (Conv1d): out_channels=128, dim=0, amount=0.0
Done pruning (with mask) resblocks.5.convs2.1 (Conv1d)
Pruning (with mask) resblocks.5.convs2.2 (Conv1d): out_channels=128, dim=0, amount=0.0
Done pruning (with mask) resblocks.5.convs2.2 (Conv1d)
Pruning (with mask) resblocks.6.convs1.0 (Conv1d): out_channels=64, dim=0, amount=0.0
Done pruning (with mask) resblocks.6.convs1.0 (Conv1d)
Pruning (with mask) resblocks.6.convs1.1 (Conv1d): out_channels=64, dim=0, amount=0.0
Done pruning (with mask) resblocks.6.convs1.1 (Conv1d)
Pruning (with mask) resblocks.6.convs1.2 (Conv1d): out_channels=64, dim=0, amount=0.0
Done pruning (with mask) resblocks.6.convs1.2 (Conv1d)
Pruning (with mask) resblocks.6.convs2.0 (Conv1d): out_channels=64, dim=0, amount=0.0
Done pruning (with mask) resblocks.6.convs2.0 (Conv1d)
Pruning (with mask) resblocks.6.convs2.1 (Conv1d): out_channels=64, dim=0, amount=0.0
Done pruning (with mask) resblocks.6.convs2.1 (Conv1d)
Pruning (with mask) resblocks.6.convs2.2 (Conv1d): out_channels=64, dim=0, amount=0.0
Done pruning (with mask) resblocks.6.convs2.2 (Conv1d)
Pruning (with mask) resblocks.7.convs1.0 (Conv1d): out_channels=64, dim=0, amount=0.0
Done pruning (with mask) resblocks.7.convs1.0 (Conv1d)
Pruning (with mask) resblocks.7.convs1.1 (Conv1d): out_channels=64, dim=0, amount=0.0
Done pruning (with mask) resblocks.7.convs1.1 (Conv1d)
Pruning (with mask) resblocks.7.convs1.2 (Conv1d): out_channels=64, dim=0, amount=0.0
Done pruning (with mask) resblocks.7.convs1.2 (Conv1d)
Pruning (with mask) resblocks.7.convs2.0 (Conv1d): out_channels=64, dim=0, amount=0.0
Done pruning (with mask) resblocks.7.convs2.0 (Conv1d)
Pruning (with mask) resblocks.7.convs2.1 (Conv1d): out_channels=64, dim=0, amount=0.0
Done pruning (with mask) resblocks.7.convs2.1 (Conv1d)
Pruning (with mask) resblocks.7.convs2.2 (Conv1d): out_channels=64, dim=0, amount=0.0
Done pruning (with mask) resblocks.7.convs2.2 (Conv1d)
Pruning (with mask) resblocks.8.convs1.0 (Conv1d): out_channels=64, dim=0, amount=0.0
Done pruning (with mask) resblocks.8.convs1.0 (Conv1d)
Pruning (with mask) resblocks.8.convs1.1 (Conv1d): out_channels=64, dim=0, amount=0.0
Done pruning (with mask) resblocks.8.convs1.1 (Conv1d)
Pruning (with mask) resblocks.8.convs1.2 (Conv1d): out_channels=64, dim=0, amount=0.0
Done pruning (with mask) resblocks.8.convs1.2 (Conv1d)
Pruning (with mask) resblocks.8.convs2.0 (Conv1d): out_channels=64, dim=0, amount=0.0
Done pruning (with mask) resblocks.8.convs2.0 (Conv1d)
Pruning (with mask) resblocks.8.convs2.1 (Conv1d): out_channels=64, dim=0, amount=0.0
Done pruning (with mask) resblocks.8.convs2.1 (Conv1d)
Pruning (with mask) resblocks.8.convs2.2 (Conv1d): out_channels=64, dim=0, amount=0.0
Done pruning (with mask) resblocks.8.convs2.2 (Conv1d)
Pruning (with mask) resblocks.9.convs1.0 (Conv1d): out_channels=32, dim=0, amount=0.0
Done pruning (with mask) resblocks.9.convs1.0 (Conv1d)
Pruning (with mask) resblocks.9.convs1.1 (Conv1d): out_channels=32, dim=0, amount=0.0
Done pruning (with mask) resblocks.9.convs1.1 (Conv1d)
Pruning (with mask) resblocks.9.convs1.2 (Conv1d): out_channels=32, dim=0, amount=0.0
Done pruning (with mask) resblocks.9.convs1.2 (Conv1d)
Pruning (with mask) resblocks.9.convs2.0 (Conv1d): out_channels=32, dim=0, amount=0.0
Done pruning (with mask) resblocks.9.convs2.0 (Conv1d)
Pruning (with mask) resblocks.9.convs2.1 (Conv1d): out_channels=32, dim=0, amount=0.0
Done pruning (with mask) resblocks.9.convs2.1 (Conv1d)
Pruning (with mask) resblocks.9.convs2.2 (Conv1d): out_channels=32, dim=0, amount=0.0
Done pruning (with mask) resblocks.9.convs2.2 (Conv1d)
Pruning (with mask) resblocks.10.convs1.0 (Conv1d): out_channels=32, dim=0, amount=0.0
Done pruning (with mask) resblocks.10.convs1.0 (Conv1d)
Pruning (with mask) resblocks.10.convs1.1 (Conv1d): out_channels=32, dim=0, amount=0.0
Done pruning (with mask) resblocks.10.convs1.1 (Conv1d)
Pruning (with mask) resblocks.10.convs1.2 (Conv1d): out_channels=32, dim=0, amount=0.0
Done pruning (with mask) resblocks.10.convs1.2 (Conv1d)
Pruning (with mask) resblocks.10.convs2.0 (Conv1d): out_channels=32, dim=0, amount=0.0
Done pruning (with mask) resblocks.10.convs2.0 (Conv1d)
Pruning (with mask) resblocks.10.convs2.1 (Conv1d): out_channels=32, dim=0, amount=0.0
Done pruning (with mask) resblocks.10.convs2.1 (Conv1d)
Pruning (with mask) resblocks.10.convs2.2 (Conv1d): out_channels=32, dim=0, amount=0.0
Done pruning (with mask) resblocks.10.convs2.2 (Conv1d)
Pruning (with mask) resblocks.11.convs1.0 (Conv1d): out_channels=32, dim=0, amount=0.0
Done pruning (with mask) resblocks.11.convs1.0 (Conv1d)
Pruning (with mask) resblocks.11.convs1.1 (Conv1d): out_channels=32, dim=0, amount=0.0
Done pruning (with mask) resblocks.11.convs1.1 (Conv1d)
Pruning (with mask) resblocks.11.convs1.2 (Conv1d): out_channels=32, dim=0, amount=0.0
Done pruning (with mask) resblocks.11.convs1.2 (Conv1d)
Pruning (with mask) resblocks.11.convs2.0 (Conv1d): out_channels=32, dim=0, amount=0.0
Done pruning (with mask) resblocks.11.convs2.0 (Conv1d)
Pruning (with mask) resblocks.11.convs2.1 (Conv1d): out_channels=32, dim=0, amount=0.0
Done pruning (with mask) resblocks.11.convs2.1 (Conv1d)
Pruning (with mask) resblocks.11.convs2.2 (Conv1d): out_channels=32, dim=0, amount=0.0
Done pruning (with mask) resblocks.11.convs2.2 (Conv1d)
Physically compacting masked residual channels before inference...
Compacted resblocks.0.convs pair 0: hidden channels 256 -> 179
Compacted resblocks.0.convs pair 1: hidden channels 256 -> 179
Compacted resblocks.0.convs pair 2: hidden channels 256 -> 179
Compacted resblocks.1.convs pair 0: hidden channels 256 -> 179
Compacted resblocks.1.convs pair 1: hidden channels 256 -> 179
Compacted resblocks.1.convs pair 2: hidden channels 256 -> 179
Compacted resblocks.2.convs pair 0: hidden channels 256 -> 179
Compacted resblocks.2.convs pair 1: hidden channels 256 -> 179
Compacted resblocks.2.convs pair 2: hidden channels 256 -> 179
Compacted resblocks.3.convs pair 0: hidden channels 128 -> 90
Compacted resblocks.3.convs pair 1: hidden channels 128 -> 90
Compacted resblocks.3.convs pair 2: hidden channels 128 -> 90
Compacted resblocks.4.convs pair 0: hidden channels 128 -> 90
Compacted resblocks.4.convs pair 1: hidden channels 128 -> 90
Compacted resblocks.4.convs pair 2: hidden channels 128 -> 90
Compacted resblocks.5.convs pair 0: hidden channels 128 -> 90
Compacted resblocks.5.convs pair 1: hidden channels 128 -> 90
Compacted resblocks.5.convs pair 2: hidden channels 128 -> 90
Compacted resblocks.6.convs pair 0: hidden channels 64 -> 45
Compacted resblocks.6.convs pair 1: hidden channels 64 -> 45
Compacted resblocks.6.convs pair 2: hidden channels 64 -> 45
Compacted resblocks.7.convs pair 0: hidden channels 64 -> 45
Compacted resblocks.7.convs pair 1: hidden channels 64 -> 45
Compacted resblocks.7.convs pair 2: hidden channels 64 -> 45
Compacted resblocks.8.convs pair 0: hidden channels 64 -> 45
Compacted resblocks.8.convs pair 1: hidden channels 64 -> 45
Compacted resblocks.8.convs pair 2: hidden channels 64 -> 45
Compacted resblocks.9.convs pair 0: hidden channels 32 -> 22
Compacted resblocks.9.convs pair 1: hidden channels 32 -> 22
Compacted resblocks.9.convs pair 2: hidden channels 32 -> 22
Compacted resblocks.10.convs pair 0: hidden channels 32 -> 22
Compacted resblocks.10.convs pair 1: hidden channels 32 -> 22
Compacted resblocks.10.convs pair 2: hidden channels 32 -> 22
Compacted resblocks.11.convs pair 0: hidden channels 32 -> 22
Compacted resblocks.11.convs pair 1: hidden channels 32 -> 22
Compacted resblocks.11.convs pair 2: hidden channels 32 -> 22
Structural mask compaction: 36 conv pairs, removed 3,291,408 / 10,975,680 pair parameters
Saving checkpoint to /home/hpc/vlbi/vlbi107v/hifi-gan/cp_hifigan/v1_c512_ft30/compressed_checkpoint
Complete.
Note: structurally compacted checkpoints cannot be reloaded by the standard Generator without a matching structural config.
Saved compressed checkpoint: /home/hpc/vlbi/vlbi107v/hifi-gan/cp_hifigan/v1_c512_ft30/compressed_checkpoint (40.619 MB)
Compressed checkpoint parameters: 10,634,609
Clean mask-free checkpoint saved: /home/hpc/vlbi/vlbi107v/hifi-gan/cp_hifigan/v1_c512_ft30/compressed_checkpoint (40.619 MB)
Loaded checkpoint: /home/hpc/vlbi/vlbi107v/hifi-gan/cp_hifigan/v1_c512_ft30/g_00265000 (95.035 MB)
Generator parameters: 10,634,609
generated_audios/generated_H3_512C_pruned30/61-70968-0000_generated.wav | RTF: 0.6398(3.138s / 4.905s)
generated_audios/generated_H3_512C_pruned30/61-70968-0001_generated.wav | RTF: 0.7643(2.759s / 3.610s)
generated_audios/generated_H3_512C_pruned30/61-70968-0002_generated.wav | RTF: 0.2834(0.842s / 2.970s)
generated_audios/generated_H3_512C_pruned30/61-70968-0003_generated.wav | RTF: 0.2386(1.030s / 4.315s)
generated_audios/generated_H3_512C_pruned30/61-70968-0004_generated.wav | RTF: 0.2492(0.968s / 3.885s)
generated_audios/generated_H3_512C_pruned30/61-70968-0005_generated.wav | RTF: 0.2371(1.202s / 5.070s)
generated_audios/generated_H3_512C_pruned30/61-70968-0006_generated.wav | RTF: 0.2420(0.710s / 2.935s)
generated_audios/generated_H3_512C_pruned30/61-70968-0007_generated.wav | RTF: 0.2583(0.917s / 3.550s)
generated_audios/generated_H3_512C_pruned30/61-70968-0008_generated.wav | RTF: 0.2492(0.881s / 3.535s)
generated_audios/generated_H3_512C_pruned30/61-70968-0009_generated.wav | RTF: 0.2396(1.081s / 4.510s)
generated_audios/generated_H3_512C_pruned30/61-70968-0010_generated.wav | RTF: 0.2468(2.047s / 8.295s)
generated_audios/generated_H3_512C_pruned30/61-70968-0011_generated.wav | RTF: 0.2376(1.515s / 6.375s)
generated_audios/generated_H3_512C_pruned30/61-70968-0012_generated.wav | RTF: 0.2422(0.632s / 2.610s)
generated_audios/generated_H3_512C_pruned30/61-70968-0013_generated.wav | RTF: 0.2432(1.082s / 4.450s)
generated_audios/generated_H3_512C_pruned30/61-70968-0014_generated.wav | RTF: 0.2449(1.833s / 7.485s)
generated_audios/generated_H3_512C_pruned30/61-70968-0015_generated.wav | RTF: 0.2401(1.290s / 5.375s)
generated_audios/generated_H3_512C_pruned30/61-70968-0016_generated.wav | RTF: 0.2474(0.920s / 3.720s)
generated_audios/generated_H3_512C_pruned30/61-70968-0017_generated.wav | RTF: 0.2406(1.230s / 5.110s)
generated_audios/generated_H3_512C_pruned30/61-70968-0018_generated.wav | RTF: 0.2380(0.572s / 2.405s)
generated_audios/generated_H3_512C_pruned30/61-70968-0019_generated.wav | RTF: 0.2477(1.356s / 5.475s)
Average RTF: 0.2871(26.006s / 90.585s)
Evaluation summary:
  Mel-spectrogram L1: 4.807811
  PESQ: 1.025996
  STOI: 0.335020

Appended metrics to CSV: experiments_results.csv
========== H3: pruning 50% ==========
Initializing Inference Process..
Using device: cpu (baseline and quantized inference both run on CPU)
Loading '/home/hpc/vlbi/vlbi107v/hifi-gan/cp_hifigan/v1_c512_ft50/g_00265000'
Complete.
Checkpoint contains masked pruning parameters. Preparing masked model before loading...
Removing weight norm...
Skipping ConvTranspose1d pruning for ups.0
Skipping ConvTranspose1d pruning for ups.1
Skipping ConvTranspose1d pruning for ups.2
Skipping ConvTranspose1d pruning for ups.3
Pruning (with mask) resblocks.0.convs1.0 (Conv1d): out_channels=256, dim=0, amount=0.0
Done pruning (with mask) resblocks.0.convs1.0 (Conv1d)
Pruning (with mask) resblocks.0.convs1.1 (Conv1d): out_channels=256, dim=0, amount=0.0
Done pruning (with mask) resblocks.0.convs1.1 (Conv1d)
Pruning (with mask) resblocks.0.convs1.2 (Conv1d): out_channels=256, dim=0, amount=0.0
Done pruning (with mask) resblocks.0.convs1.2 (Conv1d)
Pruning (with mask) resblocks.0.convs2.0 (Conv1d): out_channels=256, dim=0, amount=0.0
Done pruning (with mask) resblocks.0.convs2.0 (Conv1d)
Pruning (with mask) resblocks.0.convs2.1 (Conv1d): out_channels=256, dim=0, amount=0.0
Done pruning (with mask) resblocks.0.convs2.1 (Conv1d)
Pruning (with mask) resblocks.0.convs2.2 (Conv1d): out_channels=256, dim=0, amount=0.0
Done pruning (with mask) resblocks.0.convs2.2 (Conv1d)
Pruning (with mask) resblocks.1.convs1.0 (Conv1d): out_channels=256, dim=0, amount=0.0
Done pruning (with mask) resblocks.1.convs1.0 (Conv1d)
Pruning (with mask) resblocks.1.convs1.1 (Conv1d): out_channels=256, dim=0, amount=0.0
Done pruning (with mask) resblocks.1.convs1.1 (Conv1d)
Pruning (with mask) resblocks.1.convs1.2 (Conv1d): out_channels=256, dim=0, amount=0.0
Done pruning (with mask) resblocks.1.convs1.2 (Conv1d)
Pruning (with mask) resblocks.1.convs2.0 (Conv1d): out_channels=256, dim=0, amount=0.0
Done pruning (with mask) resblocks.1.convs2.0 (Conv1d)
Pruning (with mask) resblocks.1.convs2.1 (Conv1d): out_channels=256, dim=0, amount=0.0
Done pruning (with mask) resblocks.1.convs2.1 (Conv1d)
Pruning (with mask) resblocks.1.convs2.2 (Conv1d): out_channels=256, dim=0, amount=0.0
Done pruning (with mask) resblocks.1.convs2.2 (Conv1d)
Pruning (with mask) resblocks.2.convs1.0 (Conv1d): out_channels=256, dim=0, amount=0.0
Done pruning (with mask) resblocks.2.convs1.0 (Conv1d)
Pruning (with mask) resblocks.2.convs1.1 (Conv1d): out_channels=256, dim=0, amount=0.0
Done pruning (with mask) resblocks.2.convs1.1 (Conv1d)
Pruning (with mask) resblocks.2.convs1.2 (Conv1d): out_channels=256, dim=0, amount=0.0
Done pruning (with mask) resblocks.2.convs1.2 (Conv1d)
Pruning (with mask) resblocks.2.convs2.0 (Conv1d): out_channels=256, dim=0, amount=0.0
Done pruning (with mask) resblocks.2.convs2.0 (Conv1d)
Pruning (with mask) resblocks.2.convs2.1 (Conv1d): out_channels=256, dim=0, amount=0.0
Done pruning (with mask) resblocks.2.convs2.1 (Conv1d)
Pruning (with mask) resblocks.2.convs2.2 (Conv1d): out_channels=256, dim=0, amount=0.0
Done pruning (with mask) resblocks.2.convs2.2 (Conv1d)
Pruning (with mask) resblocks.3.convs1.0 (Conv1d): out_channels=128, dim=0, amount=0.0
Done pruning (with mask) resblocks.3.convs1.0 (Conv1d)
Pruning (with mask) resblocks.3.convs1.1 (Conv1d): out_channels=128, dim=0, amount=0.0
Done pruning (with mask) resblocks.3.convs1.1 (Conv1d)
Pruning (with mask) resblocks.3.convs1.2 (Conv1d): out_channels=128, dim=0, amount=0.0
Done pruning (with mask) resblocks.3.convs1.2 (Conv1d)
Pruning (with mask) resblocks.3.convs2.0 (Conv1d): out_channels=128, dim=0, amount=0.0
Done pruning (with mask) resblocks.3.convs2.0 (Conv1d)
Pruning (with mask) resblocks.3.convs2.1 (Conv1d): out_channels=128, dim=0, amount=0.0
Done pruning (with mask) resblocks.3.convs2.1 (Conv1d)
Pruning (with mask) resblocks.3.convs2.2 (Conv1d): out_channels=128, dim=0, amount=0.0
Done pruning (with mask) resblocks.3.convs2.2 (Conv1d)
Pruning (with mask) resblocks.4.convs1.0 (Conv1d): out_channels=128, dim=0, amount=0.0
Done pruning (with mask) resblocks.4.convs1.0 (Conv1d)
Pruning (with mask) resblocks.4.convs1.1 (Conv1d): out_channels=128, dim=0, amount=0.0
Done pruning (with mask) resblocks.4.convs1.1 (Conv1d)
Pruning (with mask) resblocks.4.convs1.2 (Conv1d): out_channels=128, dim=0, amount=0.0
Done pruning (with mask) resblocks.4.convs1.2 (Conv1d)
Pruning (with mask) resblocks.4.convs2.0 (Conv1d): out_channels=128, dim=0, amount=0.0
Done pruning (with mask) resblocks.4.convs2.0 (Conv1d)
Pruning (with mask) resblocks.4.convs2.1 (Conv1d): out_channels=128, dim=0, amount=0.0
Done pruning (with mask) resblocks.4.convs2.1 (Conv1d)
Pruning (with mask) resblocks.4.convs2.2 (Conv1d): out_channels=128, dim=0, amount=0.0
Done pruning (with mask) resblocks.4.convs2.2 (Conv1d)
Pruning (with mask) resblocks.5.convs1.0 (Conv1d): out_channels=128, dim=0, amount=0.0
Done pruning (with mask) resblocks.5.convs1.0 (Conv1d)
Pruning (with mask) resblocks.5.convs1.1 (Conv1d): out_channels=128, dim=0, amount=0.0
Done pruning (with mask) resblocks.5.convs1.1 (Conv1d)
Pruning (with mask) resblocks.5.convs1.2 (Conv1d): out_channels=128, dim=0, amount=0.0
Done pruning (with mask) resblocks.5.convs1.2 (Conv1d)
Pruning (with mask) resblocks.5.convs2.0 (Conv1d): out_channels=128, dim=0, amount=0.0
Done pruning (with mask) resblocks.5.convs2.0 (Conv1d)
Pruning (with mask) resblocks.5.convs2.1 (Conv1d): out_channels=128, dim=0, amount=0.0
Done pruning (with mask) resblocks.5.convs2.1 (Conv1d)
Pruning (with mask) resblocks.5.convs2.2 (Conv1d): out_channels=128, dim=0, amount=0.0
Done pruning (with mask) resblocks.5.convs2.2 (Conv1d)
Pruning (with mask) resblocks.6.convs1.0 (Conv1d): out_channels=64, dim=0, amount=0.0
Done pruning (with mask) resblocks.6.convs1.0 (Conv1d)
Pruning (with mask) resblocks.6.convs1.1 (Conv1d): out_channels=64, dim=0, amount=0.0
Done pruning (with mask) resblocks.6.convs1.1 (Conv1d)
Pruning (with mask) resblocks.6.convs1.2 (Conv1d): out_channels=64, dim=0, amount=0.0
Done pruning (with mask) resblocks.6.convs1.2 (Conv1d)
Pruning (with mask) resblocks.6.convs2.0 (Conv1d): out_channels=64, dim=0, amount=0.0
Done pruning (with mask) resblocks.6.convs2.0 (Conv1d)
Pruning (with mask) resblocks.6.convs2.1 (Conv1d): out_channels=64, dim=0, amount=0.0
Done pruning (with mask) resblocks.6.convs2.1 (Conv1d)
Pruning (with mask) resblocks.6.convs2.2 (Conv1d): out_channels=64, dim=0, amount=0.0
Done pruning (with mask) resblocks.6.convs2.2 (Conv1d)
Pruning (with mask) resblocks.7.convs1.0 (Conv1d): out_channels=64, dim=0, amount=0.0
Done pruning (with mask) resblocks.7.convs1.0 (Conv1d)
Pruning (with mask) resblocks.7.convs1.1 (Conv1d): out_channels=64, dim=0, amount=0.0
Done pruning (with mask) resblocks.7.convs1.1 (Conv1d)
Pruning (with mask) resblocks.7.convs1.2 (Conv1d): out_channels=64, dim=0, amount=0.0
Done pruning (with mask) resblocks.7.convs1.2 (Conv1d)
Pruning (with mask) resblocks.7.convs2.0 (Conv1d): out_channels=64, dim=0, amount=0.0
Done pruning (with mask) resblocks.7.convs2.0 (Conv1d)
Pruning (with mask) resblocks.7.convs2.1 (Conv1d): out_channels=64, dim=0, amount=0.0
Done pruning (with mask) resblocks.7.convs2.1 (Conv1d)
Pruning (with mask) resblocks.7.convs2.2 (Conv1d): out_channels=64, dim=0, amount=0.0
Done pruning (with mask) resblocks.7.convs2.2 (Conv1d)
Pruning (with mask) resblocks.8.convs1.0 (Conv1d): out_channels=64, dim=0, amount=0.0
Done pruning (with mask) resblocks.8.convs1.0 (Conv1d)
Pruning (with mask) resblocks.8.convs1.1 (Conv1d): out_channels=64, dim=0, amount=0.0
Done pruning (with mask) resblocks.8.convs1.1 (Conv1d)
Pruning (with mask) resblocks.8.convs1.2 (Conv1d): out_channels=64, dim=0, amount=0.0
Done pruning (with mask) resblocks.8.convs1.2 (Conv1d)
Pruning (with mask) resblocks.8.convs2.0 (Conv1d): out_channels=64, dim=0, amount=0.0
Done pruning (with mask) resblocks.8.convs2.0 (Conv1d)
Pruning (with mask) resblocks.8.convs2.1 (Conv1d): out_channels=64, dim=0, amount=0.0
Done pruning (with mask) resblocks.8.convs2.1 (Conv1d)
Pruning (with mask) resblocks.8.convs2.2 (Conv1d): out_channels=64, dim=0, amount=0.0
Done pruning (with mask) resblocks.8.convs2.2 (Conv1d)
Pruning (with mask) resblocks.9.convs1.0 (Conv1d): out_channels=32, dim=0, amount=0.0
Done pruning (with mask) resblocks.9.convs1.0 (Conv1d)
Pruning (with mask) resblocks.9.convs1.1 (Conv1d): out_channels=32, dim=0, amount=0.0
Done pruning (with mask) resblocks.9.convs1.1 (Conv1d)
Pruning (with mask) resblocks.9.convs1.2 (Conv1d): out_channels=32, dim=0, amount=0.0
Done pruning (with mask) resblocks.9.convs1.2 (Conv1d)
Pruning (with mask) resblocks.9.convs2.0 (Conv1d): out_channels=32, dim=0, amount=0.0
Done pruning (with mask) resblocks.9.convs2.0 (Conv1d)
Pruning (with mask) resblocks.9.convs2.1 (Conv1d): out_channels=32, dim=0, amount=0.0
Done pruning (with mask) resblocks.9.convs2.1 (Conv1d)
Pruning (with mask) resblocks.9.convs2.2 (Conv1d): out_channels=32, dim=0, amount=0.0
Done pruning (with mask) resblocks.9.convs2.2 (Conv1d)
Pruning (with mask) resblocks.10.convs1.0 (Conv1d): out_channels=32, dim=0, amount=0.0
Done pruning (with mask) resblocks.10.convs1.0 (Conv1d)
Pruning (with mask) resblocks.10.convs1.1 (Conv1d): out_channels=32, dim=0, amount=0.0
Done pruning (with mask) resblocks.10.convs1.1 (Conv1d)
Pruning (with mask) resblocks.10.convs1.2 (Conv1d): out_channels=32, dim=0, amount=0.0
Done pruning (with mask) resblocks.10.convs1.2 (Conv1d)
Pruning (with mask) resblocks.10.convs2.0 (Conv1d): out_channels=32, dim=0, amount=0.0
Done pruning (with mask) resblocks.10.convs2.0 (Conv1d)
Pruning (with mask) resblocks.10.convs2.1 (Conv1d): out_channels=32, dim=0, amount=0.0
Done pruning (with mask) resblocks.10.convs2.1 (Conv1d)
Pruning (with mask) resblocks.10.convs2.2 (Conv1d): out_channels=32, dim=0, amount=0.0
Done pruning (with mask) resblocks.10.convs2.2 (Conv1d)
Pruning (with mask) resblocks.11.convs1.0 (Conv1d): out_channels=32, dim=0, amount=0.0
Done pruning (with mask) resblocks.11.convs1.0 (Conv1d)
Pruning (with mask) resblocks.11.convs1.1 (Conv1d): out_channels=32, dim=0, amount=0.0
Done pruning (with mask) resblocks.11.convs1.1 (Conv1d)
Pruning (with mask) resblocks.11.convs1.2 (Conv1d): out_channels=32, dim=0, amount=0.0
Done pruning (with mask) resblocks.11.convs1.2 (Conv1d)
Pruning (with mask) resblocks.11.convs2.0 (Conv1d): out_channels=32, dim=0, amount=0.0
Done pruning (with mask) resblocks.11.convs2.0 (Conv1d)
Pruning (with mask) resblocks.11.convs2.1 (Conv1d): out_channels=32, dim=0, amount=0.0
Done pruning (with mask) resblocks.11.convs2.1 (Conv1d)
Pruning (with mask) resblocks.11.convs2.2 (Conv1d): out_channels=32, dim=0, amount=0.0
Done pruning (with mask) resblocks.11.convs2.2 (Conv1d)
Physically compacting masked residual channels before inference...
Compacted resblocks.0.convs pair 0: hidden channels 256 -> 128
Compacted resblocks.0.convs pair 1: hidden channels 256 -> 128
Compacted resblocks.0.convs pair 2: hidden channels 256 -> 128
Compacted resblocks.1.convs pair 0: hidden channels 256 -> 128
Compacted resblocks.1.convs pair 1: hidden channels 256 -> 128
Compacted resblocks.1.convs pair 2: hidden channels 256 -> 128
Compacted resblocks.2.convs pair 0: hidden channels 256 -> 128
Compacted resblocks.2.convs pair 1: hidden channels 256 -> 128
Compacted resblocks.2.convs pair 2: hidden channels 256 -> 128
Compacted resblocks.3.convs pair 0: hidden channels 128 -> 64
Compacted resblocks.3.convs pair 1: hidden channels 128 -> 64
Compacted resblocks.3.convs pair 2: hidden channels 128 -> 64
Compacted resblocks.4.convs pair 0: hidden channels 128 -> 64
Compacted resblocks.4.convs pair 1: hidden channels 128 -> 64
Compacted resblocks.4.convs pair 2: hidden channels 128 -> 64
Compacted resblocks.5.convs pair 0: hidden channels 128 -> 64
Compacted resblocks.5.convs pair 1: hidden channels 128 -> 64
Compacted resblocks.5.convs pair 2: hidden channels 128 -> 64
Compacted resblocks.6.convs pair 0: hidden channels 64 -> 32
Compacted resblocks.6.convs pair 1: hidden channels 64 -> 32
Compacted resblocks.6.convs pair 2: hidden channels 64 -> 32
Compacted resblocks.7.convs pair 0: hidden channels 64 -> 32
Compacted resblocks.7.convs pair 1: hidden channels 64 -> 32
Compacted resblocks.7.convs pair 2: hidden channels 64 -> 32
Compacted resblocks.8.convs pair 0: hidden channels 64 -> 32
Compacted resblocks.8.convs pair 1: hidden channels 64 -> 32
Compacted resblocks.8.convs pair 2: hidden channels 64 -> 32
Compacted resblocks.9.convs pair 0: hidden channels 32 -> 16
Compacted resblocks.9.convs pair 1: hidden channels 32 -> 16
Compacted resblocks.9.convs pair 2: hidden channels 32 -> 16
Compacted resblocks.10.convs pair 0: hidden channels 32 -> 16
Compacted resblocks.10.convs pair 1: hidden channels 32 -> 16
Compacted resblocks.10.convs pair 2: hidden channels 32 -> 16
Compacted resblocks.11.convs pair 0: hidden channels 32 -> 16
Compacted resblocks.11.convs pair 1: hidden channels 32 -> 16
Compacted resblocks.11.convs pair 2: hidden channels 32 -> 16
Structural mask compaction: 36 conv pairs, removed 5,485,680 / 10,975,680 pair parameters
Saving checkpoint to /home/hpc/vlbi/vlbi107v/hifi-gan/cp_hifigan/v1_c512_ft50/compressed_checkpoint
Complete.
Note: structurally compacted checkpoints cannot be reloaded by the standard Generator without a matching structural config.
Saved compressed checkpoint: /home/hpc/vlbi/vlbi107v/hifi-gan/cp_hifigan/v1_c512_ft50/compressed_checkpoint (32.249 MB)
Compressed checkpoint parameters: 8,440,337
Clean mask-free checkpoint saved: /home/hpc/vlbi/vlbi107v/hifi-gan/cp_hifigan/v1_c512_ft50/compressed_checkpoint (32.249 MB)
Loaded checkpoint: /home/hpc/vlbi/vlbi107v/hifi-gan/cp_hifigan/v1_c512_ft50/g_00265000 (95.035 MB)
Generator parameters: 8,440,337
generated_audios/generated_H3_512C_pruned50/61-70968-0000_generated.wav | RTF: 0.2708(1.328s / 4.905s)
generated_audios/generated_H3_512C_pruned50/61-70968-0001_generated.wav | RTF: 0.2155(0.778s / 3.610s)
generated_audios/generated_H3_512C_pruned50/61-70968-0002_generated.wav | RTF: 0.2114(0.628s / 2.970s)
generated_audios/generated_H3_512C_pruned50/61-70968-0003_generated.wav | RTF: 0.2169(0.936s / 4.315s)
generated_audios/generated_H3_512C_pruned50/61-70968-0004_generated.wav | RTF: 0.2273(0.883s / 3.885s)
generated_audios/generated_H3_512C_pruned50/61-70968-0005_generated.wav | RTF: 0.2337(1.185s / 5.070s)
generated_audios/generated_H3_512C_pruned50/61-70968-0006_generated.wav | RTF: 0.2054(0.603s / 2.935s)
generated_audios/generated_H3_512C_pruned50/61-70968-0007_generated.wav | RTF: 0.2141(0.760s / 3.550s)
generated_audios/generated_H3_512C_pruned50/61-70968-0008_generated.wav | RTF: 0.2165(0.765s / 3.535s)
generated_audios/generated_H3_512C_pruned50/61-70968-0009_generated.wav | RTF: 0.2160(0.974s / 4.510s)
generated_audios/generated_H3_512C_pruned50/61-70968-0010_generated.wav | RTF: 0.4490(3.724s / 8.295s)
generated_audios/generated_H3_512C_pruned50/61-70968-0011_generated.wav | RTF: 0.5151(3.284s / 6.375s)
generated_audios/generated_H3_512C_pruned50/61-70968-0012_generated.wav | RTF: 0.9303(2.428s / 2.610s)
generated_audios/generated_H3_512C_pruned50/61-70968-0013_generated.wav | RTF: 0.6528(2.905s / 4.450s)
generated_audios/generated_H3_512C_pruned50/61-70968-0014_generated.wav | RTF: 0.4760(3.563s / 7.485s)
generated_audios/generated_H3_512C_pruned50/61-70968-0015_generated.wav | RTF: 0.5617(3.019s / 5.375s)
generated_audios/generated_H3_512C_pruned50/61-70968-0016_generated.wav | RTF: 0.7167(2.666s / 3.720s)
generated_audios/generated_H3_512C_pruned50/61-70968-0017_generated.wav | RTF: 0.5998(3.065s / 5.110s)
generated_audios/generated_H3_512C_pruned50/61-70968-0018_generated.wav | RTF: 0.8577(2.063s / 2.405s)
generated_audios/generated_H3_512C_pruned50/61-70968-0019_generated.wav | RTF: 0.2241(1.227s / 5.475s)
Average RTF: 0.4061(36.784s / 90.585s)
Evaluation summary:
  Mel-spectrogram L1: 5.430664
  PESQ: 1.023547
  STOI: 0.574221

Appended metrics to CSV: experiments_results.csv
========== H3: pruning 70% ==========
Initializing Inference Process..
Using device: cpu (baseline and quantized inference both run on CPU)
Loading '/home/hpc/vlbi/vlbi107v/hifi-gan/cp_hifigan/v1_c512_ft70/g_00265000'
Complete.
Checkpoint contains masked pruning parameters. Preparing masked model before loading...
Removing weight norm...
Skipping ConvTranspose1d pruning for ups.0
Skipping ConvTranspose1d pruning for ups.1
Skipping ConvTranspose1d pruning for ups.2
Skipping ConvTranspose1d pruning for ups.3
Pruning (with mask) resblocks.0.convs1.0 (Conv1d): out_channels=256, dim=0, amount=0.0
Done pruning (with mask) resblocks.0.convs1.0 (Conv1d)
Pruning (with mask) resblocks.0.convs1.1 (Conv1d): out_channels=256, dim=0, amount=0.0
Done pruning (with mask) resblocks.0.convs1.1 (Conv1d)
Pruning (with mask) resblocks.0.convs1.2 (Conv1d): out_channels=256, dim=0, amount=0.0
Done pruning (with mask) resblocks.0.convs1.2 (Conv1d)
Pruning (with mask) resblocks.0.convs2.0 (Conv1d): out_channels=256, dim=0, amount=0.0
Done pruning (with mask) resblocks.0.convs2.0 (Conv1d)
Pruning (with mask) resblocks.0.convs2.1 (Conv1d): out_channels=256, dim=0, amount=0.0
Done pruning (with mask) resblocks.0.convs2.1 (Conv1d)
Pruning (with mask) resblocks.0.convs2.2 (Conv1d): out_channels=256, dim=0, amount=0.0
Done pruning (with mask) resblocks.0.convs2.2 (Conv1d)
Pruning (with mask) resblocks.1.convs1.0 (Conv1d): out_channels=256, dim=0, amount=0.0
Done pruning (with mask) resblocks.1.convs1.0 (Conv1d)
Pruning (with mask) resblocks.1.convs1.1 (Conv1d): out_channels=256, dim=0, amount=0.0
Done pruning (with mask) resblocks.1.convs1.1 (Conv1d)
Pruning (with mask) resblocks.1.convs1.2 (Conv1d): out_channels=256, dim=0, amount=0.0
Done pruning (with mask) resblocks.1.convs1.2 (Conv1d)
Pruning (with mask) resblocks.1.convs2.0 (Conv1d): out_channels=256, dim=0, amount=0.0
Done pruning (with mask) resblocks.1.convs2.0 (Conv1d)
Pruning (with mask) resblocks.1.convs2.1 (Conv1d): out_channels=256, dim=0, amount=0.0
Done pruning (with mask) resblocks.1.convs2.1 (Conv1d)
Pruning (with mask) resblocks.1.convs2.2 (Conv1d): out_channels=256, dim=0, amount=0.0
Done pruning (with mask) resblocks.1.convs2.2 (Conv1d)
Pruning (with mask) resblocks.2.convs1.0 (Conv1d): out_channels=256, dim=0, amount=0.0
Done pruning (with mask) resblocks.2.convs1.0 (Conv1d)
Pruning (with mask) resblocks.2.convs1.1 (Conv1d): out_channels=256, dim=0, amount=0.0
Done pruning (with mask) resblocks.2.convs1.1 (Conv1d)
Pruning (with mask) resblocks.2.convs1.2 (Conv1d): out_channels=256, dim=0, amount=0.0
Done pruning (with mask) resblocks.2.convs1.2 (Conv1d)
Pruning (with mask) resblocks.2.convs2.0 (Conv1d): out_channels=256, dim=0, amount=0.0
Done pruning (with mask) resblocks.2.convs2.0 (Conv1d)
Pruning (with mask) resblocks.2.convs2.1 (Conv1d): out_channels=256, dim=0, amount=0.0
Done pruning (with mask) resblocks.2.convs2.1 (Conv1d)
Pruning (with mask) resblocks.2.convs2.2 (Conv1d): out_channels=256, dim=0, amount=0.0
Done pruning (with mask) resblocks.2.convs2.2 (Conv1d)
Pruning (with mask) resblocks.3.convs1.0 (Conv1d): out_channels=128, dim=0, amount=0.0
Done pruning (with mask) resblocks.3.convs1.0 (Conv1d)
Pruning (with mask) resblocks.3.convs1.1 (Conv1d): out_channels=128, dim=0, amount=0.0
Done pruning (with mask) resblocks.3.convs1.1 (Conv1d)
Pruning (with mask) resblocks.3.convs1.2 (Conv1d): out_channels=128, dim=0, amount=0.0
Done pruning (with mask) resblocks.3.convs1.2 (Conv1d)
Pruning (with mask) resblocks.3.convs2.0 (Conv1d): out_channels=128, dim=0, amount=0.0
Done pruning (with mask) resblocks.3.convs2.0 (Conv1d)
Pruning (with mask) resblocks.3.convs2.1 (Conv1d): out_channels=128, dim=0, amount=0.0
Done pruning (with mask) resblocks.3.convs2.1 (Conv1d)
Pruning (with mask) resblocks.3.convs2.2 (Conv1d): out_channels=128, dim=0, amount=0.0
Done pruning (with mask) resblocks.3.convs2.2 (Conv1d)
Pruning (with mask) resblocks.4.convs1.0 (Conv1d): out_channels=128, dim=0, amount=0.0
Done pruning (with mask) resblocks.4.convs1.0 (Conv1d)
Pruning (with mask) resblocks.4.convs1.1 (Conv1d): out_channels=128, dim=0, amount=0.0
Done pruning (with mask) resblocks.4.convs1.1 (Conv1d)
Pruning (with mask) resblocks.4.convs1.2 (Conv1d): out_channels=128, dim=0, amount=0.0
Done pruning (with mask) resblocks.4.convs1.2 (Conv1d)
Pruning (with mask) resblocks.4.convs2.0 (Conv1d): out_channels=128, dim=0, amount=0.0
Done pruning (with mask) resblocks.4.convs2.0 (Conv1d)
Pruning (with mask) resblocks.4.convs2.1 (Conv1d): out_channels=128, dim=0, amount=0.0
Done pruning (with mask) resblocks.4.convs2.1 (Conv1d)
Pruning (with mask) resblocks.4.convs2.2 (Conv1d): out_channels=128, dim=0, amount=0.0
Done pruning (with mask) resblocks.4.convs2.2 (Conv1d)
Pruning (with mask) resblocks.5.convs1.0 (Conv1d): out_channels=128, dim=0, amount=0.0
Done pruning (with mask) resblocks.5.convs1.0 (Conv1d)
Pruning (with mask) resblocks.5.convs1.1 (Conv1d): out_channels=128, dim=0, amount=0.0
Done pruning (with mask) resblocks.5.convs1.1 (Conv1d)
Pruning (with mask) resblocks.5.convs1.2 (Conv1d): out_channels=128, dim=0, amount=0.0
Done pruning (with mask) resblocks.5.convs1.2 (Conv1d)
Pruning (with mask) resblocks.5.convs2.0 (Conv1d): out_channels=128, dim=0, amount=0.0
Done pruning (with mask) resblocks.5.convs2.0 (Conv1d)
Pruning (with mask) resblocks.5.convs2.1 (Conv1d): out_channels=128, dim=0, amount=0.0
Done pruning (with mask) resblocks.5.convs2.1 (Conv1d)
Pruning (with mask) resblocks.5.convs2.2 (Conv1d): out_channels=128, dim=0, amount=0.0
Done pruning (with mask) resblocks.5.convs2.2 (Conv1d)
Pruning (with mask) resblocks.6.convs1.0 (Conv1d): out_channels=64, dim=0, amount=0.0
Done pruning (with mask) resblocks.6.convs1.0 (Conv1d)
Pruning (with mask) resblocks.6.convs1.1 (Conv1d): out_channels=64, dim=0, amount=0.0
Done pruning (with mask) resblocks.6.convs1.1 (Conv1d)
Pruning (with mask) resblocks.6.convs1.2 (Conv1d): out_channels=64, dim=0, amount=0.0
Done pruning (with mask) resblocks.6.convs1.2 (Conv1d)
Pruning (with mask) resblocks.6.convs2.0 (Conv1d): out_channels=64, dim=0, amount=0.0
Done pruning (with mask) resblocks.6.convs2.0 (Conv1d)
Pruning (with mask) resblocks.6.convs2.1 (Conv1d): out_channels=64, dim=0, amount=0.0
Done pruning (with mask) resblocks.6.convs2.1 (Conv1d)
Pruning (with mask) resblocks.6.convs2.2 (Conv1d): out_channels=64, dim=0, amount=0.0
Done pruning (with mask) resblocks.6.convs2.2 (Conv1d)
Pruning (with mask) resblocks.7.convs1.0 (Conv1d): out_channels=64, dim=0, amount=0.0
Done pruning (with mask) resblocks.7.convs1.0 (Conv1d)
Pruning (with mask) resblocks.7.convs1.1 (Conv1d): out_channels=64, dim=0, amount=0.0
Done pruning (with mask) resblocks.7.convs1.1 (Conv1d)
Pruning (with mask) resblocks.7.convs1.2 (Conv1d): out_channels=64, dim=0, amount=0.0
Done pruning (with mask) resblocks.7.convs1.2 (Conv1d)
Pruning (with mask) resblocks.7.convs2.0 (Conv1d): out_channels=64, dim=0, amount=0.0
Done pruning (with mask) resblocks.7.convs2.0 (Conv1d)
Pruning (with mask) resblocks.7.convs2.1 (Conv1d): out_channels=64, dim=0, amount=0.0
Done pruning (with mask) resblocks.7.convs2.1 (Conv1d)
Pruning (with mask) resblocks.7.convs2.2 (Conv1d): out_channels=64, dim=0, amount=0.0
Done pruning (with mask) resblocks.7.convs2.2 (Conv1d)
Pruning (with mask) resblocks.8.convs1.0 (Conv1d): out_channels=64, dim=0, amount=0.0
Done pruning (with mask) resblocks.8.convs1.0 (Conv1d)
Pruning (with mask) resblocks.8.convs1.1 (Conv1d): out_channels=64, dim=0, amount=0.0
Done pruning (with mask) resblocks.8.convs1.1 (Conv1d)
Pruning (with mask) resblocks.8.convs1.2 (Conv1d): out_channels=64, dim=0, amount=0.0
Done pruning (with mask) resblocks.8.convs1.2 (Conv1d)
Pruning (with mask) resblocks.8.convs2.0 (Conv1d): out_channels=64, dim=0, amount=0.0
Done pruning (with mask) resblocks.8.convs2.0 (Conv1d)
Pruning (with mask) resblocks.8.convs2.1 (Conv1d): out_channels=64, dim=0, amount=0.0
Done pruning (with mask) resblocks.8.convs2.1 (Conv1d)
Pruning (with mask) resblocks.8.convs2.2 (Conv1d): out_channels=64, dim=0, amount=0.0
Done pruning (with mask) resblocks.8.convs2.2 (Conv1d)
Pruning (with mask) resblocks.9.convs1.0 (Conv1d): out_channels=32, dim=0, amount=0.0
Done pruning (with mask) resblocks.9.convs1.0 (Conv1d)
Pruning (with mask) resblocks.9.convs1.1 (Conv1d): out_channels=32, dim=0, amount=0.0
Done pruning (with mask) resblocks.9.convs1.1 (Conv1d)
Pruning (with mask) resblocks.9.convs1.2 (Conv1d): out_channels=32, dim=0, amount=0.0
Done pruning (with mask) resblocks.9.convs1.2 (Conv1d)
Pruning (with mask) resblocks.9.convs2.0 (Conv1d): out_channels=32, dim=0, amount=0.0
Done pruning (with mask) resblocks.9.convs2.0 (Conv1d)
Pruning (with mask) resblocks.9.convs2.1 (Conv1d): out_channels=32, dim=0, amount=0.0
Done pruning (with mask) resblocks.9.convs2.1 (Conv1d)
Pruning (with mask) resblocks.9.convs2.2 (Conv1d): out_channels=32, dim=0, amount=0.0
Done pruning (with mask) resblocks.9.convs2.2 (Conv1d)
Pruning (with mask) resblocks.10.convs1.0 (Conv1d): out_channels=32, dim=0, amount=0.0
Done pruning (with mask) resblocks.10.convs1.0 (Conv1d)
Pruning (with mask) resblocks.10.convs1.1 (Conv1d): out_channels=32, dim=0, amount=0.0
Done pruning (with mask) resblocks.10.convs1.1 (Conv1d)
Pruning (with mask) resblocks.10.convs1.2 (Conv1d): out_channels=32, dim=0, amount=0.0
Done pruning (with mask) resblocks.10.convs1.2 (Conv1d)
Pruning (with mask) resblocks.10.convs2.0 (Conv1d): out_channels=32, dim=0, amount=0.0
Done pruning (with mask) resblocks.10.convs2.0 (Conv1d)
Pruning (with mask) resblocks.10.convs2.1 (Conv1d): out_channels=32, dim=0, amount=0.0
Done pruning (with mask) resblocks.10.convs2.1 (Conv1d)
Pruning (with mask) resblocks.10.convs2.2 (Conv1d): out_channels=32, dim=0, amount=0.0
Done pruning (with mask) resblocks.10.convs2.2 (Conv1d)
Pruning (with mask) resblocks.11.convs1.0 (Conv1d): out_channels=32, dim=0, amount=0.0
Done pruning (with mask) resblocks.11.convs1.0 (Conv1d)
Pruning (with mask) resblocks.11.convs1.1 (Conv1d): out_channels=32, dim=0, amount=0.0
Done pruning (with mask) resblocks.11.convs1.1 (Conv1d)
Pruning (with mask) resblocks.11.convs1.2 (Conv1d): out_channels=32, dim=0, amount=0.0
Done pruning (with mask) resblocks.11.convs1.2 (Conv1d)
Pruning (with mask) resblocks.11.convs2.0 (Conv1d): out_channels=32, dim=0, amount=0.0
Done pruning (with mask) resblocks.11.convs2.0 (Conv1d)
Pruning (with mask) resblocks.11.convs2.1 (Conv1d): out_channels=32, dim=0, amount=0.0
Done pruning (with mask) resblocks.11.convs2.1 (Conv1d)
Pruning (with mask) resblocks.11.convs2.2 (Conv1d): out_channels=32, dim=0, amount=0.0
Done pruning (with mask) resblocks.11.convs2.2 (Conv1d)
Physically compacting masked residual channels before inference...
Compacted resblocks.0.convs pair 0: hidden channels 256 -> 77
Compacted resblocks.0.convs pair 1: hidden channels 256 -> 77
Compacted resblocks.0.convs pair 2: hidden channels 256 -> 77
Compacted resblocks.1.convs pair 0: hidden channels 256 -> 77
Compacted resblocks.1.convs pair 1: hidden channels 256 -> 77
Compacted resblocks.1.convs pair 2: hidden channels 256 -> 77
Compacted resblocks.2.convs pair 0: hidden channels 256 -> 77
Compacted resblocks.2.convs pair 1: hidden channels 256 -> 77
Compacted resblocks.2.convs pair 2: hidden channels 256 -> 77
Compacted resblocks.3.convs pair 0: hidden channels 128 -> 38
Compacted resblocks.3.convs pair 1: hidden channels 128 -> 38
Compacted resblocks.3.convs pair 2: hidden channels 128 -> 38
Compacted resblocks.4.convs pair 0: hidden channels 128 -> 38
Compacted resblocks.4.convs pair 1: hidden channels 128 -> 38
Compacted resblocks.4.convs pair 2: hidden channels 128 -> 38
Compacted resblocks.5.convs pair 0: hidden channels 128 -> 38
Compacted resblocks.5.convs pair 1: hidden channels 128 -> 38
Compacted resblocks.5.convs pair 2: hidden channels 128 -> 38
Compacted resblocks.6.convs pair 0: hidden channels 64 -> 19
Compacted resblocks.6.convs pair 1: hidden channels 64 -> 19
Compacted resblocks.6.convs pair 2: hidden channels 64 -> 19
Compacted resblocks.7.convs pair 0: hidden channels 64 -> 19
Compacted resblocks.7.convs pair 1: hidden channels 64 -> 19
Compacted resblocks.7.convs pair 2: hidden channels 64 -> 19
Compacted resblocks.8.convs pair 0: hidden channels 64 -> 19
Compacted resblocks.8.convs pair 1: hidden channels 64 -> 19
Compacted resblocks.8.convs pair 2: hidden channels 64 -> 19
Compacted resblocks.9.convs pair 0: hidden channels 32 -> 10
Compacted resblocks.9.convs pair 1: hidden channels 32 -> 10
Compacted resblocks.9.convs pair 2: hidden channels 32 -> 10
Compacted resblocks.10.convs pair 0: hidden channels 32 -> 10
Compacted resblocks.10.convs pair 1: hidden channels 32 -> 10
Compacted resblocks.10.convs pair 2: hidden channels 32 -> 10
Compacted resblocks.11.convs pair 0: hidden channels 32 -> 10
Compacted resblocks.11.convs pair 1: hidden channels 32 -> 10
Compacted resblocks.11.convs pair 2: hidden channels 32 -> 10
Structural mask compaction: 36 conv pairs, removed 7,679,952 / 10,975,680 pair parameters
Saving checkpoint to /home/hpc/vlbi/vlbi107v/hifi-gan/cp_hifigan/v1_c512_ft70/compressed_checkpoint
Complete.
Note: structurally compacted checkpoints cannot be reloaded by the standard Generator without a matching structural config.
Saved compressed checkpoint: /home/hpc/vlbi/vlbi107v/hifi-gan/cp_hifigan/v1_c512_ft70/compressed_checkpoint (23.878 MB)
Compressed checkpoint parameters: 6,246,065
Clean mask-free checkpoint saved: /home/hpc/vlbi/vlbi107v/hifi-gan/cp_hifigan/v1_c512_ft70/compressed_checkpoint (23.878 MB)
Loaded checkpoint: /home/hpc/vlbi/vlbi107v/hifi-gan/cp_hifigan/v1_c512_ft70/g_00265000 (95.035 MB)
Generator parameters: 6,246,065
generated_audios/generated_H3_512C_pruned70/61-70968-0000_generated.wav | RTF: 0.2307(1.132s / 4.905s)
generated_audios/generated_H3_512C_pruned70/61-70968-0001_generated.wav | RTF: 0.2041(0.737s / 3.610s)
generated_audios/generated_H3_512C_pruned70/61-70968-0002_generated.wav | RTF: 0.1856(0.551s / 2.970s)
generated_audios/generated_H3_512C_pruned70/61-70968-0003_generated.wav | RTF: 0.1903(0.821s / 4.315s)
generated_audios/generated_H3_512C_pruned70/61-70968-0004_generated.wav | RTF: 0.1945(0.756s / 3.885s)
generated_audios/generated_H3_512C_pruned70/61-70968-0005_generated.wav | RTF: 0.1975(1.001s / 5.070s)
generated_audios/generated_H3_512C_pruned70/61-70968-0006_generated.wav | RTF: 0.1898(0.557s / 2.935s)
generated_audios/generated_H3_512C_pruned70/61-70968-0007_generated.wav | RTF: 0.1966(0.698s / 3.550s)
generated_audios/generated_H3_512C_pruned70/61-70968-0008_generated.wav | RTF: 0.1981(0.700s / 3.535s)
generated_audios/generated_H3_512C_pruned70/61-70968-0009_generated.wav | RTF: 0.2047(0.923s / 4.510s)
generated_audios/generated_H3_512C_pruned70/61-70968-0010_generated.wav | RTF: 0.2617(2.171s / 8.295s)
generated_audios/generated_H3_512C_pruned70/61-70968-0011_generated.wav | RTF: 0.1952(1.245s / 6.375s)
generated_audios/generated_H3_512C_pruned70/61-70968-0012_generated.wav | RTF: 0.1998(0.521s / 2.610s)
generated_audios/generated_H3_512C_pruned70/61-70968-0013_generated.wav | RTF: 0.1967(0.875s / 4.450s)
generated_audios/generated_H3_512C_pruned70/61-70968-0014_generated.wav | RTF: 0.2015(1.508s / 7.485s)
generated_audios/generated_H3_512C_pruned70/61-70968-0015_generated.wav | RTF: 0.1960(1.054s / 5.375s)
generated_audios/generated_H3_512C_pruned70/61-70968-0016_generated.wav | RTF: 0.2024(0.753s / 3.720s)
generated_audios/generated_H3_512C_pruned70/61-70968-0017_generated.wav | RTF: 0.1944(0.993s / 5.110s)
generated_audios/generated_H3_512C_pruned70/61-70968-0018_generated.wav | RTF: 0.1942(0.467s / 2.405s)
generated_audios/generated_H3_512C_pruned70/61-70968-0019_generated.wav | RTF: 0.1974(1.081s / 5.475s)
Average RTF: 0.2047(18.544s / 90.585s)
Evaluation summary:
  Mel-spectrogram L1: 3.824178
  PESQ: 1.038182
  STOI: 0.480417

Appended metrics to CSV: experiments_results.csv
========== H4: pruning 30% + quantize ==========
Initializing Inference Process..
Using device: cpu (baseline and quantized inference both run on CPU)
Quantization enabled: forcing CPU inference for INT8 model.
Loading '/home/hpc/vlbi/vlbi107v/hifi-gan/cp_hifigan/v1_c512_ft30/g_00265000'
Complete.
Checkpoint contains masked pruning parameters. Preparing masked model before loading...
Removing weight norm...
Skipping ConvTranspose1d pruning for ups.0
Skipping ConvTranspose1d pruning for ups.1
Skipping ConvTranspose1d pruning for ups.2
Skipping ConvTranspose1d pruning for ups.3
Pruning (with mask) resblocks.0.convs1.0 (Conv1d): out_channels=256, dim=0, amount=0.0
Done pruning (with mask) resblocks.0.convs1.0 (Conv1d)
Pruning (with mask) resblocks.0.convs1.1 (Conv1d): out_channels=256, dim=0, amount=0.0
Done pruning (with mask) resblocks.0.convs1.1 (Conv1d)
Pruning (with mask) resblocks.0.convs1.2 (Conv1d): out_channels=256, dim=0, amount=0.0
Done pruning (with mask) resblocks.0.convs1.2 (Conv1d)
Pruning (with mask) resblocks.0.convs2.0 (Conv1d): out_channels=256, dim=0, amount=0.0
Done pruning (with mask) resblocks.0.convs2.0 (Conv1d)
Pruning (with mask) resblocks.0.convs2.1 (Conv1d): out_channels=256, dim=0, amount=0.0
Done pruning (with mask) resblocks.0.convs2.1 (Conv1d)
Pruning (with mask) resblocks.0.convs2.2 (Conv1d): out_channels=256, dim=0, amount=0.0
Done pruning (with mask) resblocks.0.convs2.2 (Conv1d)
Pruning (with mask) resblocks.1.convs1.0 (Conv1d): out_channels=256, dim=0, amount=0.0
Done pruning (with mask) resblocks.1.convs1.0 (Conv1d)
Pruning (with mask) resblocks.1.convs1.1 (Conv1d): out_channels=256, dim=0, amount=0.0
Done pruning (with mask) resblocks.1.convs1.1 (Conv1d)
Pruning (with mask) resblocks.1.convs1.2 (Conv1d): out_channels=256, dim=0, amount=0.0
Done pruning (with mask) resblocks.1.convs1.2 (Conv1d)
Pruning (with mask) resblocks.1.convs2.0 (Conv1d): out_channels=256, dim=0, amount=0.0
Done pruning (with mask) resblocks.1.convs2.0 (Conv1d)
Pruning (with mask) resblocks.1.convs2.1 (Conv1d): out_channels=256, dim=0, amount=0.0
Done pruning (with mask) resblocks.1.convs2.1 (Conv1d)
Pruning (with mask) resblocks.1.convs2.2 (Conv1d): out_channels=256, dim=0, amount=0.0
Done pruning (with mask) resblocks.1.convs2.2 (Conv1d)
Pruning (with mask) resblocks.2.convs1.0 (Conv1d): out_channels=256, dim=0, amount=0.0
Done pruning (with mask) resblocks.2.convs1.0 (Conv1d)
Pruning (with mask) resblocks.2.convs1.1 (Conv1d): out_channels=256, dim=0, amount=0.0
Done pruning (with mask) resblocks.2.convs1.1 (Conv1d)
Pruning (with mask) resblocks.2.convs1.2 (Conv1d): out_channels=256, dim=0, amount=0.0
Done pruning (with mask) resblocks.2.convs1.2 (Conv1d)
Pruning (with mask) resblocks.2.convs2.0 (Conv1d): out_channels=256, dim=0, amount=0.0
Done pruning (with mask) resblocks.2.convs2.0 (Conv1d)
Pruning (with mask) resblocks.2.convs2.1 (Conv1d): out_channels=256, dim=0, amount=0.0
Done pruning (with mask) resblocks.2.convs2.1 (Conv1d)
Pruning (with mask) resblocks.2.convs2.2 (Conv1d): out_channels=256, dim=0, amount=0.0
Done pruning (with mask) resblocks.2.convs2.2 (Conv1d)
Pruning (with mask) resblocks.3.convs1.0 (Conv1d): out_channels=128, dim=0, amount=0.0
Done pruning (with mask) resblocks.3.convs1.0 (Conv1d)
Pruning (with mask) resblocks.3.convs1.1 (Conv1d): out_channels=128, dim=0, amount=0.0
Done pruning (with mask) resblocks.3.convs1.1 (Conv1d)
Pruning (with mask) resblocks.3.convs1.2 (Conv1d): out_channels=128, dim=0, amount=0.0
Done pruning (with mask) resblocks.3.convs1.2 (Conv1d)
Pruning (with mask) resblocks.3.convs2.0 (Conv1d): out_channels=128, dim=0, amount=0.0
Done pruning (with mask) resblocks.3.convs2.0 (Conv1d)
Pruning (with mask) resblocks.3.convs2.1 (Conv1d): out_channels=128, dim=0, amount=0.0
Done pruning (with mask) resblocks.3.convs2.1 (Conv1d)
Pruning (with mask) resblocks.3.convs2.2 (Conv1d): out_channels=128, dim=0, amount=0.0
Done pruning (with mask) resblocks.3.convs2.2 (Conv1d)
Pruning (with mask) resblocks.4.convs1.0 (Conv1d): out_channels=128, dim=0, amount=0.0
Done pruning (with mask) resblocks.4.convs1.0 (Conv1d)
Pruning (with mask) resblocks.4.convs1.1 (Conv1d): out_channels=128, dim=0, amount=0.0
Done pruning (with mask) resblocks.4.convs1.1 (Conv1d)
Pruning (with mask) resblocks.4.convs1.2 (Conv1d): out_channels=128, dim=0, amount=0.0
Done pruning (with mask) resblocks.4.convs1.2 (Conv1d)
Pruning (with mask) resblocks.4.convs2.0 (Conv1d): out_channels=128, dim=0, amount=0.0
Done pruning (with mask) resblocks.4.convs2.0 (Conv1d)
Pruning (with mask) resblocks.4.convs2.1 (Conv1d): out_channels=128, dim=0, amount=0.0
Done pruning (with mask) resblocks.4.convs2.1 (Conv1d)
Pruning (with mask) resblocks.4.convs2.2 (Conv1d): out_channels=128, dim=0, amount=0.0
Done pruning (with mask) resblocks.4.convs2.2 (Conv1d)
Pruning (with mask) resblocks.5.convs1.0 (Conv1d): out_channels=128, dim=0, amount=0.0
Done pruning (with mask) resblocks.5.convs1.0 (Conv1d)
Pruning (with mask) resblocks.5.convs1.1 (Conv1d): out_channels=128, dim=0, amount=0.0
Done pruning (with mask) resblocks.5.convs1.1 (Conv1d)
Pruning (with mask) resblocks.5.convs1.2 (Conv1d): out_channels=128, dim=0, amount=0.0
Done pruning (with mask) resblocks.5.convs1.2 (Conv1d)
Pruning (with mask) resblocks.5.convs2.0 (Conv1d): out_channels=128, dim=0, amount=0.0
Done pruning (with mask) resblocks.5.convs2.0 (Conv1d)
Pruning (with mask) resblocks.5.convs2.1 (Conv1d): out_channels=128, dim=0, amount=0.0
Done pruning (with mask) resblocks.5.convs2.1 (Conv1d)
Pruning (with mask) resblocks.5.convs2.2 (Conv1d): out_channels=128, dim=0, amount=0.0
Done pruning (with mask) resblocks.5.convs2.2 (Conv1d)
Pruning (with mask) resblocks.6.convs1.0 (Conv1d): out_channels=64, dim=0, amount=0.0
Done pruning (with mask) resblocks.6.convs1.0 (Conv1d)
Pruning (with mask) resblocks.6.convs1.1 (Conv1d): out_channels=64, dim=0, amount=0.0
Done pruning (with mask) resblocks.6.convs1.1 (Conv1d)
Pruning (with mask) resblocks.6.convs1.2 (Conv1d): out_channels=64, dim=0, amount=0.0
Done pruning (with mask) resblocks.6.convs1.2 (Conv1d)
Pruning (with mask) resblocks.6.convs2.0 (Conv1d): out_channels=64, dim=0, amount=0.0
Done pruning (with mask) resblocks.6.convs2.0 (Conv1d)
Pruning (with mask) resblocks.6.convs2.1 (Conv1d): out_channels=64, dim=0, amount=0.0
Done pruning (with mask) resblocks.6.convs2.1 (Conv1d)
Pruning (with mask) resblocks.6.convs2.2 (Conv1d): out_channels=64, dim=0, amount=0.0
Done pruning (with mask) resblocks.6.convs2.2 (Conv1d)
Pruning (with mask) resblocks.7.convs1.0 (Conv1d): out_channels=64, dim=0, amount=0.0
Done pruning (with mask) resblocks.7.convs1.0 (Conv1d)
Pruning (with mask) resblocks.7.convs1.1 (Conv1d): out_channels=64, dim=0, amount=0.0
Done pruning (with mask) resblocks.7.convs1.1 (Conv1d)
Pruning (with mask) resblocks.7.convs1.2 (Conv1d): out_channels=64, dim=0, amount=0.0
Done pruning (with mask) resblocks.7.convs1.2 (Conv1d)
Pruning (with mask) resblocks.7.convs2.0 (Conv1d): out_channels=64, dim=0, amount=0.0
Done pruning (with mask) resblocks.7.convs2.0 (Conv1d)
Pruning (with mask) resblocks.7.convs2.1 (Conv1d): out_channels=64, dim=0, amount=0.0
Done pruning (with mask) resblocks.7.convs2.1 (Conv1d)
Pruning (with mask) resblocks.7.convs2.2 (Conv1d): out_channels=64, dim=0, amount=0.0
Done pruning (with mask) resblocks.7.convs2.2 (Conv1d)
Pruning (with mask) resblocks.8.convs1.0 (Conv1d): out_channels=64, dim=0, amount=0.0
Done pruning (with mask) resblocks.8.convs1.0 (Conv1d)
Pruning (with mask) resblocks.8.convs1.1 (Conv1d): out_channels=64, dim=0, amount=0.0
Done pruning (with mask) resblocks.8.convs1.1 (Conv1d)
Pruning (with mask) resblocks.8.convs1.2 (Conv1d): out_channels=64, dim=0, amount=0.0
Done pruning (with mask) resblocks.8.convs1.2 (Conv1d)
Pruning (with mask) resblocks.8.convs2.0 (Conv1d): out_channels=64, dim=0, amount=0.0
Done pruning (with mask) resblocks.8.convs2.0 (Conv1d)
Pruning (with mask) resblocks.8.convs2.1 (Conv1d): out_channels=64, dim=0, amount=0.0
Done pruning (with mask) resblocks.8.convs2.1 (Conv1d)
Pruning (with mask) resblocks.8.convs2.2 (Conv1d): out_channels=64, dim=0, amount=0.0
Done pruning (with mask) resblocks.8.convs2.2 (Conv1d)
Pruning (with mask) resblocks.9.convs1.0 (Conv1d): out_channels=32, dim=0, amount=0.0
Done pruning (with mask) resblocks.9.convs1.0 (Conv1d)
Pruning (with mask) resblocks.9.convs1.1 (Conv1d): out_channels=32, dim=0, amount=0.0
Done pruning (with mask) resblocks.9.convs1.1 (Conv1d)
Pruning (with mask) resblocks.9.convs1.2 (Conv1d): out_channels=32, dim=0, amount=0.0
Done pruning (with mask) resblocks.9.convs1.2 (Conv1d)
Pruning (with mask) resblocks.9.convs2.0 (Conv1d): out_channels=32, dim=0, amount=0.0
Done pruning (with mask) resblocks.9.convs2.0 (Conv1d)
Pruning (with mask) resblocks.9.convs2.1 (Conv1d): out_channels=32, dim=0, amount=0.0
Done pruning (with mask) resblocks.9.convs2.1 (Conv1d)
Pruning (with mask) resblocks.9.convs2.2 (Conv1d): out_channels=32, dim=0, amount=0.0
Done pruning (with mask) resblocks.9.convs2.2 (Conv1d)
Pruning (with mask) resblocks.10.convs1.0 (Conv1d): out_channels=32, dim=0, amount=0.0
Done pruning (with mask) resblocks.10.convs1.0 (Conv1d)
Pruning (with mask) resblocks.10.convs1.1 (Conv1d): out_channels=32, dim=0, amount=0.0
Done pruning (with mask) resblocks.10.convs1.1 (Conv1d)
Pruning (with mask) resblocks.10.convs1.2 (Conv1d): out_channels=32, dim=0, amount=0.0
Done pruning (with mask) resblocks.10.convs1.2 (Conv1d)
Pruning (with mask) resblocks.10.convs2.0 (Conv1d): out_channels=32, dim=0, amount=0.0
Done pruning (with mask) resblocks.10.convs2.0 (Conv1d)
Pruning (with mask) resblocks.10.convs2.1 (Conv1d): out_channels=32, dim=0, amount=0.0
Done pruning (with mask) resblocks.10.convs2.1 (Conv1d)
Pruning (with mask) resblocks.10.convs2.2 (Conv1d): out_channels=32, dim=0, amount=0.0
Done pruning (with mask) resblocks.10.convs2.2 (Conv1d)
Pruning (with mask) resblocks.11.convs1.0 (Conv1d): out_channels=32, dim=0, amount=0.0
Done pruning (with mask) resblocks.11.convs1.0 (Conv1d)
Pruning (with mask) resblocks.11.convs1.1 (Conv1d): out_channels=32, dim=0, amount=0.0
Done pruning (with mask) resblocks.11.convs1.1 (Conv1d)
Pruning (with mask) resblocks.11.convs1.2 (Conv1d): out_channels=32, dim=0, amount=0.0
Done pruning (with mask) resblocks.11.convs1.2 (Conv1d)
Pruning (with mask) resblocks.11.convs2.0 (Conv1d): out_channels=32, dim=0, amount=0.0
Done pruning (with mask) resblocks.11.convs2.0 (Conv1d)
Pruning (with mask) resblocks.11.convs2.1 (Conv1d): out_channels=32, dim=0, amount=0.0
Done pruning (with mask) resblocks.11.convs2.1 (Conv1d)
Pruning (with mask) resblocks.11.convs2.2 (Conv1d): out_channels=32, dim=0, amount=0.0
Done pruning (with mask) resblocks.11.convs2.2 (Conv1d)
Physically compacting masked residual channels before inference...
Compacted resblocks.0.convs pair 0: hidden channels 256 -> 179
Compacted resblocks.0.convs pair 1: hidden channels 256 -> 179
Compacted resblocks.0.convs pair 2: hidden channels 256 -> 179
Compacted resblocks.1.convs pair 0: hidden channels 256 -> 179
Compacted resblocks.1.convs pair 1: hidden channels 256 -> 179
Compacted resblocks.1.convs pair 2: hidden channels 256 -> 179
Compacted resblocks.2.convs pair 0: hidden channels 256 -> 179
Compacted resblocks.2.convs pair 1: hidden channels 256 -> 179
Compacted resblocks.2.convs pair 2: hidden channels 256 -> 179
Compacted resblocks.3.convs pair 0: hidden channels 128 -> 90
Compacted resblocks.3.convs pair 1: hidden channels 128 -> 90
Compacted resblocks.3.convs pair 2: hidden channels 128 -> 90
Compacted resblocks.4.convs pair 0: hidden channels 128 -> 90
Compacted resblocks.4.convs pair 1: hidden channels 128 -> 90
Compacted resblocks.4.convs pair 2: hidden channels 128 -> 90
Compacted resblocks.5.convs pair 0: hidden channels 128 -> 90
Compacted resblocks.5.convs pair 1: hidden channels 128 -> 90
Compacted resblocks.5.convs pair 2: hidden channels 128 -> 90
Compacted resblocks.6.convs pair 0: hidden channels 64 -> 45
Compacted resblocks.6.convs pair 1: hidden channels 64 -> 45
Compacted resblocks.6.convs pair 2: hidden channels 64 -> 45
Compacted resblocks.7.convs pair 0: hidden channels 64 -> 45
Compacted resblocks.7.convs pair 1: hidden channels 64 -> 45
Compacted resblocks.7.convs pair 2: hidden channels 64 -> 45
Compacted resblocks.8.convs pair 0: hidden channels 64 -> 45
Compacted resblocks.8.convs pair 1: hidden channels 64 -> 45
Compacted resblocks.8.convs pair 2: hidden channels 64 -> 45
Compacted resblocks.9.convs pair 0: hidden channels 32 -> 22
Compacted resblocks.9.convs pair 1: hidden channels 32 -> 22
Compacted resblocks.9.convs pair 2: hidden channels 32 -> 22
Compacted resblocks.10.convs pair 0: hidden channels 32 -> 22
Compacted resblocks.10.convs pair 1: hidden channels 32 -> 22
Compacted resblocks.10.convs pair 2: hidden channels 32 -> 22
Compacted resblocks.11.convs pair 0: hidden channels 32 -> 22
Compacted resblocks.11.convs pair 1: hidden channels 32 -> 22
Compacted resblocks.11.convs pair 2: hidden channels 32 -> 22
Structural mask compaction: 36 conv pairs, removed 3,291,408 / 10,975,680 pair parameters
Removing weight norm...
Calibrating static quantization using 20 samples...
INT8 quantization scope: resblocks_range
Quantizing residual blocks 3..8; all other layers stay FP32.
Checking quantized modules after static quantization:
Quantized module: resblocks.3.convs1.0 (torch.ao.nn.quantized.modules.conv.Conv1d)
Quantized module: resblocks.3.convs1.1 (torch.ao.nn.quantized.modules.conv.Conv1d)
Quantized module: resblocks.3.convs1.2 (torch.ao.nn.quantized.modules.conv.Conv1d)
Quantized module: resblocks.3.convs2.0 (torch.ao.nn.quantized.modules.conv.Conv1d)
Quantized module: resblocks.3.convs2.1 (torch.ao.nn.quantized.modules.conv.Conv1d)
Quantized module: resblocks.3.convs2.2 (torch.ao.nn.quantized.modules.conv.Conv1d)
Quantized module: resblocks.4.convs1.0 (torch.ao.nn.quantized.modules.conv.Conv1d)
Quantized module: resblocks.4.convs1.1 (torch.ao.nn.quantized.modules.conv.Conv1d)
Quantized module: resblocks.4.convs1.2 (torch.ao.nn.quantized.modules.conv.Conv1d)
Quantized module: resblocks.4.convs2.0 (torch.ao.nn.quantized.modules.conv.Conv1d)
Quantized module: resblocks.4.convs2.1 (torch.ao.nn.quantized.modules.conv.Conv1d)
Quantized module: resblocks.4.convs2.2 (torch.ao.nn.quantized.modules.conv.Conv1d)
Quantized module: resblocks.5.convs1.0 (torch.ao.nn.quantized.modules.conv.Conv1d)
Quantized module: resblocks.5.convs1.1 (torch.ao.nn.quantized.modules.conv.Conv1d)
Quantized module: resblocks.5.convs1.2 (torch.ao.nn.quantized.modules.conv.Conv1d)
Quantized module: resblocks.5.convs2.0 (torch.ao.nn.quantized.modules.conv.Conv1d)
Quantized module: resblocks.5.convs2.1 (torch.ao.nn.quantized.modules.conv.Conv1d)
Quantized module: resblocks.5.convs2.2 (torch.ao.nn.quantized.modules.conv.Conv1d)
Quantized module: resblocks.6.convs1.0 (torch.ao.nn.quantized.modules.conv.Conv1d)
Quantized module: resblocks.6.convs1.1 (torch.ao.nn.quantized.modules.conv.Conv1d)
Quantized module: resblocks.6.convs1.2 (torch.ao.nn.quantized.modules.conv.Conv1d)
Quantized module: resblocks.6.convs2.0 (torch.ao.nn.quantized.modules.conv.Conv1d)
Quantized module: resblocks.6.convs2.1 (torch.ao.nn.quantized.modules.conv.Conv1d)
Quantized module: resblocks.6.convs2.2 (torch.ao.nn.quantized.modules.conv.Conv1d)
Quantized module: resblocks.7.convs1.0 (torch.ao.nn.quantized.modules.conv.Conv1d)
Quantized module: resblocks.7.convs1.1 (torch.ao.nn.quantized.modules.conv.Conv1d)
Quantized module: resblocks.7.convs1.2 (torch.ao.nn.quantized.modules.conv.Conv1d)
Quantized module: resblocks.7.convs2.0 (torch.ao.nn.quantized.modules.conv.Conv1d)
Quantized module: resblocks.7.convs2.1 (torch.ao.nn.quantized.modules.conv.Conv1d)
Quantized module: resblocks.7.convs2.2 (torch.ao.nn.quantized.modules.conv.Conv1d)
Quantized module: resblocks.8.convs1.0 (torch.ao.nn.quantized.modules.conv.Conv1d)
Quantized module: resblocks.8.convs1.1 (torch.ao.nn.quantized.modules.conv.Conv1d)
Quantized module: resblocks.8.convs1.2 (torch.ao.nn.quantized.modules.conv.Conv1d)
Quantized module: resblocks.8.convs2.0 (torch.ao.nn.quantized.modules.conv.Conv1d)
Quantized module: resblocks.8.convs2.1 (torch.ao.nn.quantized.modules.conv.Conv1d)
Quantized module: resblocks.8.convs2.2 (torch.ao.nn.quantized.modules.conv.Conv1d)
Saving checkpoint to /home/hpc/vlbi/vlbi107v/hifi-gan/cp_hifigan/v1_c512_ft30/compressed_checkpoint_int8
Complete.
Note: structurally compacted checkpoints cannot be reloaded by the standard Generator without a matching structural config.
Saved compressed checkpoint: /home/hpc/vlbi/vlbi107v/hifi-gan/cp_hifigan/v1_c512_ft30/compressed_checkpoint_int8 (35.537 MB)
Compressed checkpoint parameters: 10,634,753
Loaded checkpoint: /home/hpc/vlbi/vlbi107v/hifi-gan/cp_hifigan/v1_c512_ft30/g_00265000 (95.035 MB)
Generator parameters: 10,634,753
generated_audios/generated_H4_512C_pruned30_int8/61-70968-0000_generated.wav | RTF: 0.1364(0.669s / 4.905s)
generated_audios/generated_H4_512C_pruned30_int8/61-70968-0001_generated.wav | RTF: 0.1214(0.438s / 3.610s)
generated_audios/generated_H4_512C_pruned30_int8/61-70968-0002_generated.wav | RTF: 0.1238(0.368s / 2.970s)
generated_audios/generated_H4_512C_pruned30_int8/61-70968-0003_generated.wav | RTF: 0.1198(0.517s / 4.315s)
generated_audios/generated_H4_512C_pruned30_int8/61-70968-0004_generated.wav | RTF: 0.1210(0.470s / 3.885s)
generated_audios/generated_H4_512C_pruned30_int8/61-70968-0005_generated.wav | RTF: 0.5201(2.637s / 5.070s)
generated_audios/generated_H4_512C_pruned30_int8/61-70968-0006_generated.wav | RTF: 0.7680(2.254s / 2.935s)
generated_audios/generated_H4_512C_pruned30_int8/61-70968-0007_generated.wav | RTF: 0.1238(0.439s / 3.550s)
generated_audios/generated_H4_512C_pruned30_int8/61-70968-0008_generated.wav | RTF: 0.1230(0.435s / 3.535s)
generated_audios/generated_H4_512C_pruned30_int8/61-70968-0009_generated.wav | RTF: 0.1215(0.548s / 4.510s)
generated_audios/generated_H4_512C_pruned30_int8/61-70968-0010_generated.wav | RTF: 0.1344(1.115s / 8.295s)
generated_audios/generated_H4_512C_pruned30_int8/61-70968-0011_generated.wav | RTF: 0.1240(0.791s / 6.375s)
generated_audios/generated_H4_512C_pruned30_int8/61-70968-0012_generated.wav | RTF: 0.1227(0.320s / 2.610s)
generated_audios/generated_H4_512C_pruned30_int8/61-70968-0013_generated.wav | RTF: 0.1223(0.544s / 4.450s)
generated_audios/generated_H4_512C_pruned30_int8/61-70968-0014_generated.wav | RTF: 0.1314(0.984s / 7.485s)
generated_audios/generated_H4_512C_pruned30_int8/61-70968-0015_generated.wav | RTF: 0.1235(0.664s / 5.375s)
generated_audios/generated_H4_512C_pruned30_int8/61-70968-0016_generated.wav | RTF: 0.1286(0.478s / 3.720s)
generated_audios/generated_H4_512C_pruned30_int8/61-70968-0017_generated.wav | RTF: 0.1220(0.623s / 5.110s)
generated_audios/generated_H4_512C_pruned30_int8/61-70968-0018_generated.wav | RTF: 0.1234(0.297s / 2.405s)
generated_audios/generated_H4_512C_pruned30_int8/61-70968-0019_generated.wav | RTF: 0.1228(0.672s / 5.475s)
Average RTF: 0.1685(15.264s / 90.585s)
Evaluation summary:
  Mel-spectrogram L1: 4.361329
  PESQ: 1.047233
  STOI: 0.298588

Appended metrics to CSV: experiments_results.csv
========== H4: pruning 50% + quantize ==========
Initializing Inference Process..
Using device: cpu (baseline and quantized inference both run on CPU)
Quantization enabled: forcing CPU inference for INT8 model.
Loading '/home/hpc/vlbi/vlbi107v/hifi-gan/cp_hifigan/v1_c512_ft50/g_00265000'
Complete.
Checkpoint contains masked pruning parameters. Preparing masked model before loading...
Removing weight norm...
Skipping ConvTranspose1d pruning for ups.0
Skipping ConvTranspose1d pruning for ups.1
Skipping ConvTranspose1d pruning for ups.2
Skipping ConvTranspose1d pruning for ups.3
Pruning (with mask) resblocks.0.convs1.0 (Conv1d): out_channels=256, dim=0, amount=0.0
Done pruning (with mask) resblocks.0.convs1.0 (Conv1d)
Pruning (with mask) resblocks.0.convs1.1 (Conv1d): out_channels=256, dim=0, amount=0.0
Done pruning (with mask) resblocks.0.convs1.1 (Conv1d)
Pruning (with mask) resblocks.0.convs1.2 (Conv1d): out_channels=256, dim=0, amount=0.0
Done pruning (with mask) resblocks.0.convs1.2 (Conv1d)
Pruning (with mask) resblocks.0.convs2.0 (Conv1d): out_channels=256, dim=0, amount=0.0
Done pruning (with mask) resblocks.0.convs2.0 (Conv1d)
Pruning (with mask) resblocks.0.convs2.1 (Conv1d): out_channels=256, dim=0, amount=0.0
Done pruning (with mask) resblocks.0.convs2.1 (Conv1d)
Pruning (with mask) resblocks.0.convs2.2 (Conv1d): out_channels=256, dim=0, amount=0.0
Done pruning (with mask) resblocks.0.convs2.2 (Conv1d)
Pruning (with mask) resblocks.1.convs1.0 (Conv1d): out_channels=256, dim=0, amount=0.0
Done pruning (with mask) resblocks.1.convs1.0 (Conv1d)
Pruning (with mask) resblocks.1.convs1.1 (Conv1d): out_channels=256, dim=0, amount=0.0
Done pruning (with mask) resblocks.1.convs1.1 (Conv1d)
Pruning (with mask) resblocks.1.convs1.2 (Conv1d): out_channels=256, dim=0, amount=0.0
Done pruning (with mask) resblocks.1.convs1.2 (Conv1d)
Pruning (with mask) resblocks.1.convs2.0 (Conv1d): out_channels=256, dim=0, amount=0.0
Done pruning (with mask) resblocks.1.convs2.0 (Conv1d)
Pruning (with mask) resblocks.1.convs2.1 (Conv1d): out_channels=256, dim=0, amount=0.0
Done pruning (with mask) resblocks.1.convs2.1 (Conv1d)
Pruning (with mask) resblocks.1.convs2.2 (Conv1d): out_channels=256, dim=0, amount=0.0
Done pruning (with mask) resblocks.1.convs2.2 (Conv1d)
Pruning (with mask) resblocks.2.convs1.0 (Conv1d): out_channels=256, dim=0, amount=0.0
Done pruning (with mask) resblocks.2.convs1.0 (Conv1d)
Pruning (with mask) resblocks.2.convs1.1 (Conv1d): out_channels=256, dim=0, amount=0.0
Done pruning (with mask) resblocks.2.convs1.1 (Conv1d)
Pruning (with mask) resblocks.2.convs1.2 (Conv1d): out_channels=256, dim=0, amount=0.0
Done pruning (with mask) resblocks.2.convs1.2 (Conv1d)
Pruning (with mask) resblocks.2.convs2.0 (Conv1d): out_channels=256, dim=0, amount=0.0
Done pruning (with mask) resblocks.2.convs2.0 (Conv1d)
Pruning (with mask) resblocks.2.convs2.1 (Conv1d): out_channels=256, dim=0, amount=0.0
Done pruning (with mask) resblocks.2.convs2.1 (Conv1d)
Pruning (with mask) resblocks.2.convs2.2 (Conv1d): out_channels=256, dim=0, amount=0.0
Done pruning (with mask) resblocks.2.convs2.2 (Conv1d)
Pruning (with mask) resblocks.3.convs1.0 (Conv1d): out_channels=128, dim=0, amount=0.0
Done pruning (with mask) resblocks.3.convs1.0 (Conv1d)
Pruning (with mask) resblocks.3.convs1.1 (Conv1d): out_channels=128, dim=0, amount=0.0
Done pruning (with mask) resblocks.3.convs1.1 (Conv1d)
Pruning (with mask) resblocks.3.convs1.2 (Conv1d): out_channels=128, dim=0, amount=0.0
Done pruning (with mask) resblocks.3.convs1.2 (Conv1d)
Pruning (with mask) resblocks.3.convs2.0 (Conv1d): out_channels=128, dim=0, amount=0.0
Done pruning (with mask) resblocks.3.convs2.0 (Conv1d)
Pruning (with mask) resblocks.3.convs2.1 (Conv1d): out_channels=128, dim=0, amount=0.0
Done pruning (with mask) resblocks.3.convs2.1 (Conv1d)
Pruning (with mask) resblocks.3.convs2.2 (Conv1d): out_channels=128, dim=0, amount=0.0
Done pruning (with mask) resblocks.3.convs2.2 (Conv1d)
Pruning (with mask) resblocks.4.convs1.0 (Conv1d): out_channels=128, dim=0, amount=0.0
Done pruning (with mask) resblocks.4.convs1.0 (Conv1d)
Pruning (with mask) resblocks.4.convs1.1 (Conv1d): out_channels=128, dim=0, amount=0.0
Done pruning (with mask) resblocks.4.convs1.1 (Conv1d)
Pruning (with mask) resblocks.4.convs1.2 (Conv1d): out_channels=128, dim=0, amount=0.0
Done pruning (with mask) resblocks.4.convs1.2 (Conv1d)
Pruning (with mask) resblocks.4.convs2.0 (Conv1d): out_channels=128, dim=0, amount=0.0
Done pruning (with mask) resblocks.4.convs2.0 (Conv1d)
Pruning (with mask) resblocks.4.convs2.1 (Conv1d): out_channels=128, dim=0, amount=0.0
Done pruning (with mask) resblocks.4.convs2.1 (Conv1d)
Pruning (with mask) resblocks.4.convs2.2 (Conv1d): out_channels=128, dim=0, amount=0.0
Done pruning (with mask) resblocks.4.convs2.2 (Conv1d)
Pruning (with mask) resblocks.5.convs1.0 (Conv1d): out_channels=128, dim=0, amount=0.0
Done pruning (with mask) resblocks.5.convs1.0 (Conv1d)
Pruning (with mask) resblocks.5.convs1.1 (Conv1d): out_channels=128, dim=0, amount=0.0
Done pruning (with mask) resblocks.5.convs1.1 (Conv1d)
Pruning (with mask) resblocks.5.convs1.2 (Conv1d): out_channels=128, dim=0, amount=0.0
Done pruning (with mask) resblocks.5.convs1.2 (Conv1d)
Pruning (with mask) resblocks.5.convs2.0 (Conv1d): out_channels=128, dim=0, amount=0.0
Done pruning (with mask) resblocks.5.convs2.0 (Conv1d)
Pruning (with mask) resblocks.5.convs2.1 (Conv1d): out_channels=128, dim=0, amount=0.0
Done pruning (with mask) resblocks.5.convs2.1 (Conv1d)
Pruning (with mask) resblocks.5.convs2.2 (Conv1d): out_channels=128, dim=0, amount=0.0
Done pruning (with mask) resblocks.5.convs2.2 (Conv1d)
Pruning (with mask) resblocks.6.convs1.0 (Conv1d): out_channels=64, dim=0, amount=0.0
Done pruning (with mask) resblocks.6.convs1.0 (Conv1d)
Pruning (with mask) resblocks.6.convs1.1 (Conv1d): out_channels=64, dim=0, amount=0.0
Done pruning (with mask) resblocks.6.convs1.1 (Conv1d)
Pruning (with mask) resblocks.6.convs1.2 (Conv1d): out_channels=64, dim=0, amount=0.0
Done pruning (with mask) resblocks.6.convs1.2 (Conv1d)
Pruning (with mask) resblocks.6.convs2.0 (Conv1d): out_channels=64, dim=0, amount=0.0
Done pruning (with mask) resblocks.6.convs2.0 (Conv1d)
Pruning (with mask) resblocks.6.convs2.1 (Conv1d): out_channels=64, dim=0, amount=0.0
Done pruning (with mask) resblocks.6.convs2.1 (Conv1d)
Pruning (with mask) resblocks.6.convs2.2 (Conv1d): out_channels=64, dim=0, amount=0.0
Done pruning (with mask) resblocks.6.convs2.2 (Conv1d)
Pruning (with mask) resblocks.7.convs1.0 (Conv1d): out_channels=64, dim=0, amount=0.0
Done pruning (with mask) resblocks.7.convs1.0 (Conv1d)
Pruning (with mask) resblocks.7.convs1.1 (Conv1d): out_channels=64, dim=0, amount=0.0
Done pruning (with mask) resblocks.7.convs1.1 (Conv1d)
Pruning (with mask) resblocks.7.convs1.2 (Conv1d): out_channels=64, dim=0, amount=0.0
Done pruning (with mask) resblocks.7.convs1.2 (Conv1d)
Pruning (with mask) resblocks.7.convs2.0 (Conv1d): out_channels=64, dim=0, amount=0.0
Done pruning (with mask) resblocks.7.convs2.0 (Conv1d)
Pruning (with mask) resblocks.7.convs2.1 (Conv1d): out_channels=64, dim=0, amount=0.0
Done pruning (with mask) resblocks.7.convs2.1 (Conv1d)
Pruning (with mask) resblocks.7.convs2.2 (Conv1d): out_channels=64, dim=0, amount=0.0
Done pruning (with mask) resblocks.7.convs2.2 (Conv1d)
Pruning (with mask) resblocks.8.convs1.0 (Conv1d): out_channels=64, dim=0, amount=0.0
Done pruning (with mask) resblocks.8.convs1.0 (Conv1d)
Pruning (with mask) resblocks.8.convs1.1 (Conv1d): out_channels=64, dim=0, amount=0.0
Done pruning (with mask) resblocks.8.convs1.1 (Conv1d)
Pruning (with mask) resblocks.8.convs1.2 (Conv1d): out_channels=64, dim=0, amount=0.0
Done pruning (with mask) resblocks.8.convs1.2 (Conv1d)
Pruning (with mask) resblocks.8.convs2.0 (Conv1d): out_channels=64, dim=0, amount=0.0
Done pruning (with mask) resblocks.8.convs2.0 (Conv1d)
Pruning (with mask) resblocks.8.convs2.1 (Conv1d): out_channels=64, dim=0, amount=0.0
Done pruning (with mask) resblocks.8.convs2.1 (Conv1d)
Pruning (with mask) resblocks.8.convs2.2 (Conv1d): out_channels=64, dim=0, amount=0.0
Done pruning (with mask) resblocks.8.convs2.2 (Conv1d)
Pruning (with mask) resblocks.9.convs1.0 (Conv1d): out_channels=32, dim=0, amount=0.0
Done pruning (with mask) resblocks.9.convs1.0 (Conv1d)
Pruning (with mask) resblocks.9.convs1.1 (Conv1d): out_channels=32, dim=0, amount=0.0
Done pruning (with mask) resblocks.9.convs1.1 (Conv1d)
Pruning (with mask) resblocks.9.convs1.2 (Conv1d): out_channels=32, dim=0, amount=0.0
Done pruning (with mask) resblocks.9.convs1.2 (Conv1d)
Pruning (with mask) resblocks.9.convs2.0 (Conv1d): out_channels=32, dim=0, amount=0.0
Done pruning (with mask) resblocks.9.convs2.0 (Conv1d)
Pruning (with mask) resblocks.9.convs2.1 (Conv1d): out_channels=32, dim=0, amount=0.0
Done pruning (with mask) resblocks.9.convs2.1 (Conv1d)
Pruning (with mask) resblocks.9.convs2.2 (Conv1d): out_channels=32, dim=0, amount=0.0
Done pruning (with mask) resblocks.9.convs2.2 (Conv1d)
Pruning (with mask) resblocks.10.convs1.0 (Conv1d): out_channels=32, dim=0, amount=0.0
Done pruning (with mask) resblocks.10.convs1.0 (Conv1d)
Pruning (with mask) resblocks.10.convs1.1 (Conv1d): out_channels=32, dim=0, amount=0.0
Done pruning (with mask) resblocks.10.convs1.1 (Conv1d)
Pruning (with mask) resblocks.10.convs1.2 (Conv1d): out_channels=32, dim=0, amount=0.0
Done pruning (with mask) resblocks.10.convs1.2 (Conv1d)
Pruning (with mask) resblocks.10.convs2.0 (Conv1d): out_channels=32, dim=0, amount=0.0
Done pruning (with mask) resblocks.10.convs2.0 (Conv1d)
Pruning (with mask) resblocks.10.convs2.1 (Conv1d): out_channels=32, dim=0, amount=0.0
Done pruning (with mask) resblocks.10.convs2.1 (Conv1d)
Pruning (with mask) resblocks.10.convs2.2 (Conv1d): out_channels=32, dim=0, amount=0.0
Done pruning (with mask) resblocks.10.convs2.2 (Conv1d)
Pruning (with mask) resblocks.11.convs1.0 (Conv1d): out_channels=32, dim=0, amount=0.0
Done pruning (with mask) resblocks.11.convs1.0 (Conv1d)
Pruning (with mask) resblocks.11.convs1.1 (Conv1d): out_channels=32, dim=0, amount=0.0
Done pruning (with mask) resblocks.11.convs1.1 (Conv1d)
Pruning (with mask) resblocks.11.convs1.2 (Conv1d): out_channels=32, dim=0, amount=0.0
Done pruning (with mask) resblocks.11.convs1.2 (Conv1d)
Pruning (with mask) resblocks.11.convs2.0 (Conv1d): out_channels=32, dim=0, amount=0.0
Done pruning (with mask) resblocks.11.convs2.0 (Conv1d)
Pruning (with mask) resblocks.11.convs2.1 (Conv1d): out_channels=32, dim=0, amount=0.0
Done pruning (with mask) resblocks.11.convs2.1 (Conv1d)
Pruning (with mask) resblocks.11.convs2.2 (Conv1d): out_channels=32, dim=0, amount=0.0
Done pruning (with mask) resblocks.11.convs2.2 (Conv1d)
Physically compacting masked residual channels before inference...
Compacted resblocks.0.convs pair 0: hidden channels 256 -> 128
Compacted resblocks.0.convs pair 1: hidden channels 256 -> 128
Compacted resblocks.0.convs pair 2: hidden channels 256 -> 128
Compacted resblocks.1.convs pair 0: hidden channels 256 -> 128
Compacted resblocks.1.convs pair 1: hidden channels 256 -> 128
Compacted resblocks.1.convs pair 2: hidden channels 256 -> 128
Compacted resblocks.2.convs pair 0: hidden channels 256 -> 128
Compacted resblocks.2.convs pair 1: hidden channels 256 -> 128
Compacted resblocks.2.convs pair 2: hidden channels 256 -> 128
Compacted resblocks.3.convs pair 0: hidden channels 128 -> 64
Compacted resblocks.3.convs pair 1: hidden channels 128 -> 64
Compacted resblocks.3.convs pair 2: hidden channels 128 -> 64
Compacted resblocks.4.convs pair 0: hidden channels 128 -> 64
Compacted resblocks.4.convs pair 1: hidden channels 128 -> 64
Compacted resblocks.4.convs pair 2: hidden channels 128 -> 64
Compacted resblocks.5.convs pair 0: hidden channels 128 -> 64
Compacted resblocks.5.convs pair 1: hidden channels 128 -> 64
Compacted resblocks.5.convs pair 2: hidden channels 128 -> 64
Compacted resblocks.6.convs pair 0: hidden channels 64 -> 32
Compacted resblocks.6.convs pair 1: hidden channels 64 -> 32
Compacted resblocks.6.convs pair 2: hidden channels 64 -> 32
Compacted resblocks.7.convs pair 0: hidden channels 64 -> 32
Compacted resblocks.7.convs pair 1: hidden channels 64 -> 32
Compacted resblocks.7.convs pair 2: hidden channels 64 -> 32
Compacted resblocks.8.convs pair 0: hidden channels 64 -> 32
Compacted resblocks.8.convs pair 1: hidden channels 64 -> 32
Compacted resblocks.8.convs pair 2: hidden channels 64 -> 32
Compacted resblocks.9.convs pair 0: hidden channels 32 -> 16
Compacted resblocks.9.convs pair 1: hidden channels 32 -> 16
Compacted resblocks.9.convs pair 2: hidden channels 32 -> 16
Compacted resblocks.10.convs pair 0: hidden channels 32 -> 16
Compacted resblocks.10.convs pair 1: hidden channels 32 -> 16
Compacted resblocks.10.convs pair 2: hidden channels 32 -> 16
Compacted resblocks.11.convs pair 0: hidden channels 32 -> 16
Compacted resblocks.11.convs pair 1: hidden channels 32 -> 16
Compacted resblocks.11.convs pair 2: hidden channels 32 -> 16
Structural mask compaction: 36 conv pairs, removed 5,485,680 / 10,975,680 pair parameters
Removing weight norm...
Calibrating static quantization using 20 samples...
INT8 quantization scope: resblocks_range
Quantizing residual blocks 3..8; all other layers stay FP32.
Checking quantized modules after static quantization:
Quantized module: resblocks.3.convs1.0 (torch.ao.nn.quantized.modules.conv.Conv1d)
Quantized module: resblocks.3.convs1.1 (torch.ao.nn.quantized.modules.conv.Conv1d)
Quantized module: resblocks.3.convs1.2 (torch.ao.nn.quantized.modules.conv.Conv1d)
Quantized module: resblocks.3.convs2.0 (torch.ao.nn.quantized.modules.conv.Conv1d)
Quantized module: resblocks.3.convs2.1 (torch.ao.nn.quantized.modules.conv.Conv1d)
Quantized module: resblocks.3.convs2.2 (torch.ao.nn.quantized.modules.conv.Conv1d)
Quantized module: resblocks.4.convs1.0 (torch.ao.nn.quantized.modules.conv.Conv1d)
Quantized module: resblocks.4.convs1.1 (torch.ao.nn.quantized.modules.conv.Conv1d)
Quantized module: resblocks.4.convs1.2 (torch.ao.nn.quantized.modules.conv.Conv1d)
Quantized module: resblocks.4.convs2.0 (torch.ao.nn.quantized.modules.conv.Conv1d)
Quantized module: resblocks.4.convs2.1 (torch.ao.nn.quantized.modules.conv.Conv1d)
Quantized module: resblocks.4.convs2.2 (torch.ao.nn.quantized.modules.conv.Conv1d)
Quantized module: resblocks.5.convs1.0 (torch.ao.nn.quantized.modules.conv.Conv1d)
Quantized module: resblocks.5.convs1.1 (torch.ao.nn.quantized.modules.conv.Conv1d)
Quantized module: resblocks.5.convs1.2 (torch.ao.nn.quantized.modules.conv.Conv1d)
Quantized module: resblocks.5.convs2.0 (torch.ao.nn.quantized.modules.conv.Conv1d)
Quantized module: resblocks.5.convs2.1 (torch.ao.nn.quantized.modules.conv.Conv1d)
Quantized module: resblocks.5.convs2.2 (torch.ao.nn.quantized.modules.conv.Conv1d)
Quantized module: resblocks.6.convs1.0 (torch.ao.nn.quantized.modules.conv.Conv1d)
Quantized module: resblocks.6.convs1.1 (torch.ao.nn.quantized.modules.conv.Conv1d)
Quantized module: resblocks.6.convs1.2 (torch.ao.nn.quantized.modules.conv.Conv1d)
Quantized module: resblocks.6.convs2.0 (torch.ao.nn.quantized.modules.conv.Conv1d)
Quantized module: resblocks.6.convs2.1 (torch.ao.nn.quantized.modules.conv.Conv1d)
Quantized module: resblocks.6.convs2.2 (torch.ao.nn.quantized.modules.conv.Conv1d)
Quantized module: resblocks.7.convs1.0 (torch.ao.nn.quantized.modules.conv.Conv1d)
Quantized module: resblocks.7.convs1.1 (torch.ao.nn.quantized.modules.conv.Conv1d)
Quantized module: resblocks.7.convs1.2 (torch.ao.nn.quantized.modules.conv.Conv1d)
Quantized module: resblocks.7.convs2.0 (torch.ao.nn.quantized.modules.conv.Conv1d)
Quantized module: resblocks.7.convs2.1 (torch.ao.nn.quantized.modules.conv.Conv1d)
Quantized module: resblocks.7.convs2.2 (torch.ao.nn.quantized.modules.conv.Conv1d)
Quantized module: resblocks.8.convs1.0 (torch.ao.nn.quantized.modules.conv.Conv1d)
Quantized module: resblocks.8.convs1.1 (torch.ao.nn.quantized.modules.conv.Conv1d)
Quantized module: resblocks.8.convs1.2 (torch.ao.nn.quantized.modules.conv.Conv1d)
Quantized module: resblocks.8.convs2.0 (torch.ao.nn.quantized.modules.conv.Conv1d)
Quantized module: resblocks.8.convs2.1 (torch.ao.nn.quantized.modules.conv.Conv1d)
Quantized module: resblocks.8.convs2.2 (torch.ao.nn.quantized.modules.conv.Conv1d)
Saving checkpoint to /home/hpc/vlbi/vlbi107v/hifi-gan/cp_hifigan/v1_c512_ft50/compressed_checkpoint_int8
Complete.
Note: structurally compacted checkpoints cannot be reloaded by the standard Generator without a matching structural config.
Saved compressed checkpoint: /home/hpc/vlbi/vlbi107v/hifi-gan/cp_hifigan/v1_c512_ft50/compressed_checkpoint_int8 (28.662 MB)
Compressed checkpoint parameters: 8,440,481
Loaded checkpoint: /home/hpc/vlbi/vlbi107v/hifi-gan/cp_hifigan/v1_c512_ft50/g_00265000 (95.035 MB)
Generator parameters: 8,440,481
generated_audios/generated_H4_512C_pruned50_int8/61-70968-0000_generated.wav | RTF: 0.1152(0.565s / 4.905s)
generated_audios/generated_H4_512C_pruned50_int8/61-70968-0001_generated.wav | RTF: 0.1030(0.372s / 3.610s)
generated_audios/generated_H4_512C_pruned50_int8/61-70968-0002_generated.wav | RTF: 0.0960(0.285s / 2.970s)
generated_audios/generated_H4_512C_pruned50_int8/61-70968-0003_generated.wav | RTF: 0.1056(0.456s / 4.315s)
generated_audios/generated_H4_512C_pruned50_int8/61-70968-0004_generated.wav | RTF: 0.0986(0.383s / 3.885s)
generated_audios/generated_H4_512C_pruned50_int8/61-70968-0005_generated.wav | RTF: 0.0977(0.495s / 5.070s)
generated_audios/generated_H4_512C_pruned50_int8/61-70968-0006_generated.wav | RTF: 0.7588(2.227s / 2.935s)
generated_audios/generated_H4_512C_pruned50_int8/61-70968-0007_generated.wav | RTF: 0.6400(2.272s / 3.550s)
generated_audios/generated_H4_512C_pruned50_int8/61-70968-0008_generated.wav | RTF: 0.6407(2.265s / 3.535s)
generated_audios/generated_H4_512C_pruned50_int8/61-70968-0009_generated.wav | RTF: 0.5315(2.397s / 4.510s)
generated_audios/generated_H4_512C_pruned50_int8/61-70968-0010_generated.wav | RTF: 0.3589(2.977s / 8.295s)
generated_audios/generated_H4_512C_pruned50_int8/61-70968-0011_generated.wav | RTF: 0.4187(2.669s / 6.375s)
generated_audios/generated_H4_512C_pruned50_int8/61-70968-0012_generated.wav | RTF: 0.8740(2.281s / 2.610s)
generated_audios/generated_H4_512C_pruned50_int8/61-70968-0013_generated.wav | RTF: 0.5499(2.447s / 4.450s)
generated_audios/generated_H4_512C_pruned50_int8/61-70968-0014_generated.wav | RTF: 0.3812(2.853s / 7.485s)
generated_audios/generated_H4_512C_pruned50_int8/61-70968-0015_generated.wav | RTF: 0.4623(2.485s / 5.375s)
generated_audios/generated_H4_512C_pruned50_int8/61-70968-0016_generated.wav | RTF: 0.6083(2.263s / 3.720s)
generated_audios/generated_H4_512C_pruned50_int8/61-70968-0017_generated.wav | RTF: 0.4791(2.448s / 5.110s)
generated_audios/generated_H4_512C_pruned50_int8/61-70968-0018_generated.wav | RTF: 0.9056(2.178s / 2.405s)
generated_audios/generated_H4_512C_pruned50_int8/61-70968-0019_generated.wav | RTF: 0.4625(2.532s / 5.475s)
Average RTF: 0.4068(36.851s / 90.585s)
Evaluation summary:
  Mel-spectrogram L1: 4.918481
  PESQ: 1.021309
  STOI: 0.559418

Appended metrics to CSV: experiments_results.csv
========== H4: pruning 70% + quantize ==========
Initializing Inference Process..
Using device: cpu (baseline and quantized inference both run on CPU)
Quantization enabled: forcing CPU inference for INT8 model.
Loading '/home/hpc/vlbi/vlbi107v/hifi-gan/cp_hifigan/v1_c512_ft70/g_00265000'
Complete.
Checkpoint contains masked pruning parameters. Preparing masked model before loading...
Removing weight norm...
Skipping ConvTranspose1d pruning for ups.0
Skipping ConvTranspose1d pruning for ups.1
Skipping ConvTranspose1d pruning for ups.2
Skipping ConvTranspose1d pruning for ups.3
Pruning (with mask) resblocks.0.convs1.0 (Conv1d): out_channels=256, dim=0, amount=0.0
Done pruning (with mask) resblocks.0.convs1.0 (Conv1d)
Pruning (with mask) resblocks.0.convs1.1 (Conv1d): out_channels=256, dim=0, amount=0.0
Done pruning (with mask) resblocks.0.convs1.1 (Conv1d)
Pruning (with mask) resblocks.0.convs1.2 (Conv1d): out_channels=256, dim=0, amount=0.0
Done pruning (with mask) resblocks.0.convs1.2 (Conv1d)
Pruning (with mask) resblocks.0.convs2.0 (Conv1d): out_channels=256, dim=0, amount=0.0
Done pruning (with mask) resblocks.0.convs2.0 (Conv1d)
Pruning (with mask) resblocks.0.convs2.1 (Conv1d): out_channels=256, dim=0, amount=0.0
Done pruning (with mask) resblocks.0.convs2.1 (Conv1d)
Pruning (with mask) resblocks.0.convs2.2 (Conv1d): out_channels=256, dim=0, amount=0.0
Done pruning (with mask) resblocks.0.convs2.2 (Conv1d)
Pruning (with mask) resblocks.1.convs1.0 (Conv1d): out_channels=256, dim=0, amount=0.0
Done pruning (with mask) resblocks.1.convs1.0 (Conv1d)
Pruning (with mask) resblocks.1.convs1.1 (Conv1d): out_channels=256, dim=0, amount=0.0
Done pruning (with mask) resblocks.1.convs1.1 (Conv1d)
Pruning (with mask) resblocks.1.convs1.2 (Conv1d): out_channels=256, dim=0, amount=0.0
Done pruning (with mask) resblocks.1.convs1.2 (Conv1d)
Pruning (with mask) resblocks.1.convs2.0 (Conv1d): out_channels=256, dim=0, amount=0.0
Done pruning (with mask) resblocks.1.convs2.0 (Conv1d)
Pruning (with mask) resblocks.1.convs2.1 (Conv1d): out_channels=256, dim=0, amount=0.0
Done pruning (with mask) resblocks.1.convs2.1 (Conv1d)
Pruning (with mask) resblocks.1.convs2.2 (Conv1d): out_channels=256, dim=0, amount=0.0
Done pruning (with mask) resblocks.1.convs2.2 (Conv1d)
Pruning (with mask) resblocks.2.convs1.0 (Conv1d): out_channels=256, dim=0, amount=0.0
Done pruning (with mask) resblocks.2.convs1.0 (Conv1d)
Pruning (with mask) resblocks.2.convs1.1 (Conv1d): out_channels=256, dim=0, amount=0.0
Done pruning (with mask) resblocks.2.convs1.1 (Conv1d)
Pruning (with mask) resblocks.2.convs1.2 (Conv1d): out_channels=256, dim=0, amount=0.0
Done pruning (with mask) resblocks.2.convs1.2 (Conv1d)
Pruning (with mask) resblocks.2.convs2.0 (Conv1d): out_channels=256, dim=0, amount=0.0
Done pruning (with mask) resblocks.2.convs2.0 (Conv1d)
Pruning (with mask) resblocks.2.convs2.1 (Conv1d): out_channels=256, dim=0, amount=0.0
Done pruning (with mask) resblocks.2.convs2.1 (Conv1d)
Pruning (with mask) resblocks.2.convs2.2 (Conv1d): out_channels=256, dim=0, amount=0.0
Done pruning (with mask) resblocks.2.convs2.2 (Conv1d)
Pruning (with mask) resblocks.3.convs1.0 (Conv1d): out_channels=128, dim=0, amount=0.0
Done pruning (with mask) resblocks.3.convs1.0 (Conv1d)
Pruning (with mask) resblocks.3.convs1.1 (Conv1d): out_channels=128, dim=0, amount=0.0
Done pruning (with mask) resblocks.3.convs1.1 (Conv1d)
Pruning (with mask) resblocks.3.convs1.2 (Conv1d): out_channels=128, dim=0, amount=0.0
Done pruning (with mask) resblocks.3.convs1.2 (Conv1d)
Pruning (with mask) resblocks.3.convs2.0 (Conv1d): out_channels=128, dim=0, amount=0.0
Done pruning (with mask) resblocks.3.convs2.0 (Conv1d)
Pruning (with mask) resblocks.3.convs2.1 (Conv1d): out_channels=128, dim=0, amount=0.0
Done pruning (with mask) resblocks.3.convs2.1 (Conv1d)
Pruning (with mask) resblocks.3.convs2.2 (Conv1d): out_channels=128, dim=0, amount=0.0
Done pruning (with mask) resblocks.3.convs2.2 (Conv1d)
Pruning (with mask) resblocks.4.convs1.0 (Conv1d): out_channels=128, dim=0, amount=0.0
Done pruning (with mask) resblocks.4.convs1.0 (Conv1d)
Pruning (with mask) resblocks.4.convs1.1 (Conv1d): out_channels=128, dim=0, amount=0.0
Done pruning (with mask) resblocks.4.convs1.1 (Conv1d)
Pruning (with mask) resblocks.4.convs1.2 (Conv1d): out_channels=128, dim=0, amount=0.0
Done pruning (with mask) resblocks.4.convs1.2 (Conv1d)
Pruning (with mask) resblocks.4.convs2.0 (Conv1d): out_channels=128, dim=0, amount=0.0
Done pruning (with mask) resblocks.4.convs2.0 (Conv1d)
Pruning (with mask) resblocks.4.convs2.1 (Conv1d): out_channels=128, dim=0, amount=0.0
Done pruning (with mask) resblocks.4.convs2.1 (Conv1d)
Pruning (with mask) resblocks.4.convs2.2 (Conv1d): out_channels=128, dim=0, amount=0.0
Done pruning (with mask) resblocks.4.convs2.2 (Conv1d)
Pruning (with mask) resblocks.5.convs1.0 (Conv1d): out_channels=128, dim=0, amount=0.0
Done pruning (with mask) resblocks.5.convs1.0 (Conv1d)
Pruning (with mask) resblocks.5.convs1.1 (Conv1d): out_channels=128, dim=0, amount=0.0
Done pruning (with mask) resblocks.5.convs1.1 (Conv1d)
Pruning (with mask) resblocks.5.convs1.2 (Conv1d): out_channels=128, dim=0, amount=0.0
Done pruning (with mask) resblocks.5.convs1.2 (Conv1d)
Pruning (with mask) resblocks.5.convs2.0 (Conv1d): out_channels=128, dim=0, amount=0.0
Done pruning (with mask) resblocks.5.convs2.0 (Conv1d)
Pruning (with mask) resblocks.5.convs2.1 (Conv1d): out_channels=128, dim=0, amount=0.0
Done pruning (with mask) resblocks.5.convs2.1 (Conv1d)
Pruning (with mask) resblocks.5.convs2.2 (Conv1d): out_channels=128, dim=0, amount=0.0
Done pruning (with mask) resblocks.5.convs2.2 (Conv1d)
Pruning (with mask) resblocks.6.convs1.0 (Conv1d): out_channels=64, dim=0, amount=0.0
Done pruning (with mask) resblocks.6.convs1.0 (Conv1d)
Pruning (with mask) resblocks.6.convs1.1 (Conv1d): out_channels=64, dim=0, amount=0.0
Done pruning (with mask) resblocks.6.convs1.1 (Conv1d)
Pruning (with mask) resblocks.6.convs1.2 (Conv1d): out_channels=64, dim=0, amount=0.0
Done pruning (with mask) resblocks.6.convs1.2 (Conv1d)
Pruning (with mask) resblocks.6.convs2.0 (Conv1d): out_channels=64, dim=0, amount=0.0
Done pruning (with mask) resblocks.6.convs2.0 (Conv1d)
Pruning (with mask) resblocks.6.convs2.1 (Conv1d): out_channels=64, dim=0, amount=0.0
Done pruning (with mask) resblocks.6.convs2.1 (Conv1d)
Pruning (with mask) resblocks.6.convs2.2 (Conv1d): out_channels=64, dim=0, amount=0.0
Done pruning (with mask) resblocks.6.convs2.2 (Conv1d)
Pruning (with mask) resblocks.7.convs1.0 (Conv1d): out_channels=64, dim=0, amount=0.0
Done pruning (with mask) resblocks.7.convs1.0 (Conv1d)
Pruning (with mask) resblocks.7.convs1.1 (Conv1d): out_channels=64, dim=0, amount=0.0
Done pruning (with mask) resblocks.7.convs1.1 (Conv1d)
Pruning (with mask) resblocks.7.convs1.2 (Conv1d): out_channels=64, dim=0, amount=0.0
Done pruning (with mask) resblocks.7.convs1.2 (Conv1d)
Pruning (with mask) resblocks.7.convs2.0 (Conv1d): out_channels=64, dim=0, amount=0.0
Done pruning (with mask) resblocks.7.convs2.0 (Conv1d)
Pruning (with mask) resblocks.7.convs2.1 (Conv1d): out_channels=64, dim=0, amount=0.0
Done pruning (with mask) resblocks.7.convs2.1 (Conv1d)
Pruning (with mask) resblocks.7.convs2.2 (Conv1d): out_channels=64, dim=0, amount=0.0
Done pruning (with mask) resblocks.7.convs2.2 (Conv1d)
Pruning (with mask) resblocks.8.convs1.0 (Conv1d): out_channels=64, dim=0, amount=0.0
Done pruning (with mask) resblocks.8.convs1.0 (Conv1d)
Pruning (with mask) resblocks.8.convs1.1 (Conv1d): out_channels=64, dim=0, amount=0.0
Done pruning (with mask) resblocks.8.convs1.1 (Conv1d)
Pruning (with mask) resblocks.8.convs1.2 (Conv1d): out_channels=64, dim=0, amount=0.0
Done pruning (with mask) resblocks.8.convs1.2 (Conv1d)
Pruning (with mask) resblocks.8.convs2.0 (Conv1d): out_channels=64, dim=0, amount=0.0
Done pruning (with mask) resblocks.8.convs2.0 (Conv1d)
Pruning (with mask) resblocks.8.convs2.1 (Conv1d): out_channels=64, dim=0, amount=0.0
Done pruning (with mask) resblocks.8.convs2.1 (Conv1d)
Pruning (with mask) resblocks.8.convs2.2 (Conv1d): out_channels=64, dim=0, amount=0.0
Done pruning (with mask) resblocks.8.convs2.2 (Conv1d)
Pruning (with mask) resblocks.9.convs1.0 (Conv1d): out_channels=32, dim=0, amount=0.0
Done pruning (with mask) resblocks.9.convs1.0 (Conv1d)
Pruning (with mask) resblocks.9.convs1.1 (Conv1d): out_channels=32, dim=0, amount=0.0
Done pruning (with mask) resblocks.9.convs1.1 (Conv1d)
Pruning (with mask) resblocks.9.convs1.2 (Conv1d): out_channels=32, dim=0, amount=0.0
Done pruning (with mask) resblocks.9.convs1.2 (Conv1d)
Pruning (with mask) resblocks.9.convs2.0 (Conv1d): out_channels=32, dim=0, amount=0.0
Done pruning (with mask) resblocks.9.convs2.0 (Conv1d)
Pruning (with mask) resblocks.9.convs2.1 (Conv1d): out_channels=32, dim=0, amount=0.0
Done pruning (with mask) resblocks.9.convs2.1 (Conv1d)
Pruning (with mask) resblocks.9.convs2.2 (Conv1d): out_channels=32, dim=0, amount=0.0
Done pruning (with mask) resblocks.9.convs2.2 (Conv1d)
Pruning (with mask) resblocks.10.convs1.0 (Conv1d): out_channels=32, dim=0, amount=0.0
Done pruning (with mask) resblocks.10.convs1.0 (Conv1d)
Pruning (with mask) resblocks.10.convs1.1 (Conv1d): out_channels=32, dim=0, amount=0.0
Done pruning (with mask) resblocks.10.convs1.1 (Conv1d)
Pruning (with mask) resblocks.10.convs1.2 (Conv1d): out_channels=32, dim=0, amount=0.0
Done pruning (with mask) resblocks.10.convs1.2 (Conv1d)
Pruning (with mask) resblocks.10.convs2.0 (Conv1d): out_channels=32, dim=0, amount=0.0
Done pruning (with mask) resblocks.10.convs2.0 (Conv1d)
Pruning (with mask) resblocks.10.convs2.1 (Conv1d): out_channels=32, dim=0, amount=0.0
Done pruning (with mask) resblocks.10.convs2.1 (Conv1d)
Pruning (with mask) resblocks.10.convs2.2 (Conv1d): out_channels=32, dim=0, amount=0.0
Done pruning (with mask) resblocks.10.convs2.2 (Conv1d)
Pruning (with mask) resblocks.11.convs1.0 (Conv1d): out_channels=32, dim=0, amount=0.0
Done pruning (with mask) resblocks.11.convs1.0 (Conv1d)
Pruning (with mask) resblocks.11.convs1.1 (Conv1d): out_channels=32, dim=0, amount=0.0
Done pruning (with mask) resblocks.11.convs1.1 (Conv1d)
Pruning (with mask) resblocks.11.convs1.2 (Conv1d): out_channels=32, dim=0, amount=0.0
Done pruning (with mask) resblocks.11.convs1.2 (Conv1d)
Pruning (with mask) resblocks.11.convs2.0 (Conv1d): out_channels=32, dim=0, amount=0.0
Done pruning (with mask) resblocks.11.convs2.0 (Conv1d)
Pruning (with mask) resblocks.11.convs2.1 (Conv1d): out_channels=32, dim=0, amount=0.0
Done pruning (with mask) resblocks.11.convs2.1 (Conv1d)
Pruning (with mask) resblocks.11.convs2.2 (Conv1d): out_channels=32, dim=0, amount=0.0
Done pruning (with mask) resblocks.11.convs2.2 (Conv1d)
Physically compacting masked residual channels before inference...
Compacted resblocks.0.convs pair 0: hidden channels 256 -> 77
Compacted resblocks.0.convs pair 1: hidden channels 256 -> 77
Compacted resblocks.0.convs pair 2: hidden channels 256 -> 77
Compacted resblocks.1.convs pair 0: hidden channels 256 -> 77
Compacted resblocks.1.convs pair 1: hidden channels 256 -> 77
Compacted resblocks.1.convs pair 2: hidden channels 256 -> 77
Compacted resblocks.2.convs pair 0: hidden channels 256 -> 77
Compacted resblocks.2.convs pair 1: hidden channels 256 -> 77
Compacted resblocks.2.convs pair 2: hidden channels 256 -> 77
Compacted resblocks.3.convs pair 0: hidden channels 128 -> 38
Compacted resblocks.3.convs pair 1: hidden channels 128 -> 38
Compacted resblocks.3.convs pair 2: hidden channels 128 -> 38
Compacted resblocks.4.convs pair 0: hidden channels 128 -> 38
Compacted resblocks.4.convs pair 1: hidden channels 128 -> 38
Compacted resblocks.4.convs pair 2: hidden channels 128 -> 38
Compacted resblocks.5.convs pair 0: hidden channels 128 -> 38
Compacted resblocks.5.convs pair 1: hidden channels 128 -> 38
Compacted resblocks.5.convs pair 2: hidden channels 128 -> 38
Compacted resblocks.6.convs pair 0: hidden channels 64 -> 19
Compacted resblocks.6.convs pair 1: hidden channels 64 -> 19
Compacted resblocks.6.convs pair 2: hidden channels 64 -> 19
Compacted resblocks.7.convs pair 0: hidden channels 64 -> 19
Compacted resblocks.7.convs pair 1: hidden channels 64 -> 19
Compacted resblocks.7.convs pair 2: hidden channels 64 -> 19
Compacted resblocks.8.convs pair 0: hidden channels 64 -> 19
Compacted resblocks.8.convs pair 1: hidden channels 64 -> 19
Compacted resblocks.8.convs pair 2: hidden channels 64 -> 19
Compacted resblocks.9.convs pair 0: hidden channels 32 -> 10
Compacted resblocks.9.convs pair 1: hidden channels 32 -> 10
Compacted resblocks.9.convs pair 2: hidden channels 32 -> 10
Compacted resblocks.10.convs pair 0: hidden channels 32 -> 10
Compacted resblocks.10.convs pair 1: hidden channels 32 -> 10
Compacted resblocks.10.convs pair 2: hidden channels 32 -> 10
Compacted resblocks.11.convs pair 0: hidden channels 32 -> 10
Compacted resblocks.11.convs pair 1: hidden channels 32 -> 10
Compacted resblocks.11.convs pair 2: hidden channels 32 -> 10
Structural mask compaction: 36 conv pairs, removed 7,679,952 / 10,975,680 pair parameters
Removing weight norm...
Calibrating static quantization using 20 samples...
INT8 quantization scope: resblocks_range
Quantizing residual blocks 3..8; all other layers stay FP32.
Checking quantized modules after static quantization:
Quantized module: resblocks.3.convs1.0 (torch.ao.nn.quantized.modules.conv.Conv1d)
Quantized module: resblocks.3.convs1.1 (torch.ao.nn.quantized.modules.conv.Conv1d)
Quantized module: resblocks.3.convs1.2 (torch.ao.nn.quantized.modules.conv.Conv1d)
Quantized module: resblocks.3.convs2.0 (torch.ao.nn.quantized.modules.conv.Conv1d)
Quantized module: resblocks.3.convs2.1 (torch.ao.nn.quantized.modules.conv.Conv1d)
Quantized module: resblocks.3.convs2.2 (torch.ao.nn.quantized.modules.conv.Conv1d)
Quantized module: resblocks.4.convs1.0 (torch.ao.nn.quantized.modules.conv.Conv1d)
Quantized module: resblocks.4.convs1.1 (torch.ao.nn.quantized.modules.conv.Conv1d)
Quantized module: resblocks.4.convs1.2 (torch.ao.nn.quantized.modules.conv.Conv1d)
Quantized module: resblocks.4.convs2.0 (torch.ao.nn.quantized.modules.conv.Conv1d)
Quantized module: resblocks.4.convs2.1 (torch.ao.nn.quantized.modules.conv.Conv1d)
Quantized module: resblocks.4.convs2.2 (torch.ao.nn.quantized.modules.conv.Conv1d)
Quantized module: resblocks.5.convs1.0 (torch.ao.nn.quantized.modules.conv.Conv1d)
Quantized module: resblocks.5.convs1.1 (torch.ao.nn.quantized.modules.conv.Conv1d)
Quantized module: resblocks.5.convs1.2 (torch.ao.nn.quantized.modules.conv.Conv1d)
Quantized module: resblocks.5.convs2.0 (torch.ao.nn.quantized.modules.conv.Conv1d)
Quantized module: resblocks.5.convs2.1 (torch.ao.nn.quantized.modules.conv.Conv1d)
Quantized module: resblocks.5.convs2.2 (torch.ao.nn.quantized.modules.conv.Conv1d)
Quantized module: resblocks.6.convs1.0 (torch.ao.nn.quantized.modules.conv.Conv1d)
Quantized module: resblocks.6.convs1.1 (torch.ao.nn.quantized.modules.conv.Conv1d)
Quantized module: resblocks.6.convs1.2 (torch.ao.nn.quantized.modules.conv.Conv1d)
Quantized module: resblocks.6.convs2.0 (torch.ao.nn.quantized.modules.conv.Conv1d)
Quantized module: resblocks.6.convs2.1 (torch.ao.nn.quantized.modules.conv.Conv1d)
Quantized module: resblocks.6.convs2.2 (torch.ao.nn.quantized.modules.conv.Conv1d)
Quantized module: resblocks.7.convs1.0 (torch.ao.nn.quantized.modules.conv.Conv1d)
Quantized module: resblocks.7.convs1.1 (torch.ao.nn.quantized.modules.conv.Conv1d)
Quantized module: resblocks.7.convs1.2 (torch.ao.nn.quantized.modules.conv.Conv1d)
Quantized module: resblocks.7.convs2.0 (torch.ao.nn.quantized.modules.conv.Conv1d)
Quantized module: resblocks.7.convs2.1 (torch.ao.nn.quantized.modules.conv.Conv1d)
Quantized module: resblocks.7.convs2.2 (torch.ao.nn.quantized.modules.conv.Conv1d)
Quantized module: resblocks.8.convs1.0 (torch.ao.nn.quantized.modules.conv.Conv1d)
Quantized module: resblocks.8.convs1.1 (torch.ao.nn.quantized.modules.conv.Conv1d)
Quantized module: resblocks.8.convs1.2 (torch.ao.nn.quantized.modules.conv.Conv1d)
Quantized module: resblocks.8.convs2.0 (torch.ao.nn.quantized.modules.conv.Conv1d)
Quantized module: resblocks.8.convs2.1 (torch.ao.nn.quantized.modules.conv.Conv1d)
Quantized module: resblocks.8.convs2.2 (torch.ao.nn.quantized.modules.conv.Conv1d)
Saving checkpoint to /home/hpc/vlbi/vlbi107v/hifi-gan/cp_hifigan/v1_c512_ft70/compressed_checkpoint_int8
Complete.
Note: structurally compacted checkpoints cannot be reloaded by the standard Generator without a matching structural config.
Saved compressed checkpoint: /home/hpc/vlbi/vlbi107v/hifi-gan/cp_hifigan/v1_c512_ft70/compressed_checkpoint_int8 (21.785 MB)
Compressed checkpoint parameters: 6,246,209
Loaded checkpoint: /home/hpc/vlbi/vlbi107v/hifi-gan/cp_hifigan/v1_c512_ft70/g_00265000 (95.035 MB)
Generator parameters: 6,246,209
generated_audios/generated_H4_512C_pruned70_int8/61-70968-0000_generated.wav | RTF: 0.0908(0.445s / 4.905s)
generated_audios/generated_H4_512C_pruned70_int8/61-70968-0001_generated.wav | RTF: 0.0787(0.284s / 3.610s)
generated_audios/generated_H4_512C_pruned70_int8/61-70968-0002_generated.wav | RTF: 0.0817(0.243s / 2.970s)
generated_audios/generated_H4_512C_pruned70_int8/61-70968-0003_generated.wav | RTF: 0.0909(0.392s / 4.315s)
generated_audios/generated_H4_512C_pruned70_int8/61-70968-0004_generated.wav | RTF: 0.0918(0.357s / 3.885s)
generated_audios/generated_H4_512C_pruned70_int8/61-70968-0005_generated.wav | RTF: 0.0879(0.446s / 5.070s)
generated_audios/generated_H4_512C_pruned70_int8/61-70968-0006_generated.wav | RTF: 0.0842(0.247s / 2.935s)
generated_audios/generated_H4_512C_pruned70_int8/61-70968-0007_generated.wav | RTF: 0.0816(0.290s / 3.550s)
generated_audios/generated_H4_512C_pruned70_int8/61-70968-0008_generated.wav | RTF: 0.0793(0.280s / 3.535s)
generated_audios/generated_H4_512C_pruned70_int8/61-70968-0009_generated.wav | RTF: 0.0847(0.382s / 4.510s)
generated_audios/generated_H4_512C_pruned70_int8/61-70968-0010_generated.wav | RTF: 0.3262(2.706s / 8.295s)
generated_audios/generated_H4_512C_pruned70_int8/61-70968-0011_generated.wav | RTF: 0.3843(2.450s / 6.375s)
generated_audios/generated_H4_512C_pruned70_int8/61-70968-0012_generated.wav | RTF: 0.8096(2.113s / 2.610s)
generated_audios/generated_H4_512C_pruned70_int8/61-70968-0013_generated.wav | RTF: 0.5232(2.328s / 4.450s)
generated_audios/generated_H4_512C_pruned70_int8/61-70968-0014_generated.wav | RTF: 0.3450(2.582s / 7.485s)
generated_audios/generated_H4_512C_pruned70_int8/61-70968-0015_generated.wav | RTF: 0.4595(2.470s / 5.375s)
generated_audios/generated_H4_512C_pruned70_int8/61-70968-0016_generated.wav | RTF: 0.5685(2.115s / 3.720s)
generated_audios/generated_H4_512C_pruned70_int8/61-70968-0017_generated.wav | RTF: 0.4638(2.370s / 5.110s)
generated_audios/generated_H4_512C_pruned70_int8/61-70968-0018_generated.wav | RTF: 0.9380(2.256s / 2.405s)
generated_audios/generated_H4_512C_pruned70_int8/61-70968-0019_generated.wav | RTF: 0.4453(2.438s / 5.475s)
Average RTF: 0.3002(27.194s / 90.585s)
Evaluation summary:
  Mel-spectrogram L1: 3.763475
  PESQ: 1.036632
  STOI: 0.485118

Appended metrics to CSV: experiments_results.csv
Appended to experiments_results.csv:
H4_512C_pruned70_int8_Physical_pruning_resblocks_range_3_8,6246209,21.785,0.3002,1.036631739139557,0.485117546136571,3.763475012779236
========== Done ==========
=== JOB_STATISTICS ===
=== current date     : Thu Jun 25 11:03:27 AM CEST 2026
= Job-ID             : 1423831 on tinyfat
= Job-Name           : inference_512ch_h1-4
= Job-Command        : /home/hpc/vlbi/vlbi107v/hifi-gan/inference_Test.sh
= Initial workdir    : /home/hpc/vlbi/vlbi107v/hifi-gan
= Queue/Partition    : work
= Slurm account      : vlbi with QOS=normal
= Requested resources:  for 02:00:00
= Elapsed runtime    : 00:08:10
= Total RAM usage    : 1.4 GiB of requested  GiB (%)   
= Node list          : tf077
= Subm/Elig/Start/End: 2026-06-25T10:55:17 / 2026-06-25T10:55:17 / 2026-06-25T10:55:17 / 2026-06-25T11:03:27
======================
=== Quota infos ======
    Path                 Used     SoftQ    HardQ    Gracetime  Filec    FileQ    FiHaQ    FileGrace    
    /home/woody           327.8G  1000.0G  1500.0G        N/A     117K   5,000K   7,500K        N/A    
    /home/hpc              70.2G   104.9G   209.7G        N/A      81K     500K   1,000K        N/A    
======================
