### Starting TaskPrologue of job 1424560 on tf079 at Fri Jun 26 01:21:57 PM CEST 2026
Running on cores 0-7,64-71 with governor ondemand
No GPU known
### Finished TaskPrologue

==========(sbatch.tinyfat) Inference: 256 Channels (g_07960000) ==========
========== H1: baseline (no compression) ==========
Initializing Inference Process..
Using device: cpu (baseline and quantized inference both run on CPU)
Loading '/home/hpc/vlbi/vlbi107v/hifi-gan/cp_hifigan/v1_c256/g_07960000'
Complete.
Checkpoint contains weight_norm parameters. Keeping weight_norm wrappers for loading...
Loaded checkpoint: /home/hpc/vlbi/vlbi107v/hifi-gan/cp_hifigan/v1_c256/g_07960000 (13.660 MB)
Generator parameters: 3,560,706
generated_audios/generated_H1_256C/61-70968-0000_generated.wav | RTF: 0.3387(1.661s / 4.905s) | Generator RTF: 0.3255(1.597s / 4.905s)
generated_audios/generated_H1_256C/61-70968-0001_generated.wav | RTF: 0.2634(0.951s / 3.610s) | Generator RTF: 0.2622(0.947s / 3.610s)
generated_audios/generated_H1_256C/61-70968-0002_generated.wav | RTF: 0.2556(0.759s / 2.970s) | Generator RTF: 0.2545(0.756s / 2.970s)
generated_audios/generated_H1_256C/61-70968-0003_generated.wav | RTF: 0.2656(1.146s / 4.315s) | Generator RTF: 0.2646(1.142s / 4.315s)
generated_audios/generated_H1_256C/61-70968-0004_generated.wav | RTF: 0.2613(1.015s / 3.885s) | Generator RTF: 0.2604(1.012s / 3.885s)
generated_audios/generated_H1_256C/61-70968-0005_generated.wav | RTF: 0.2732(1.385s / 5.070s) | Generator RTF: 0.2724(1.381s / 5.070s)
generated_audios/generated_H1_256C/61-70968-0006_generated.wav | RTF: 0.2551(0.749s / 2.935s) | Generator RTF: 0.2539(0.745s / 2.935s)
generated_audios/generated_H1_256C/61-70968-0007_generated.wav | RTF: 0.2588(0.919s / 3.550s) | Generator RTF: 0.2579(0.915s / 3.550s)
generated_audios/generated_H1_256C/61-70968-0008_generated.wav | RTF: 0.2637(0.932s / 3.535s) | Generator RTF: 0.2623(0.927s / 3.535s)
generated_audios/generated_H1_256C/61-70968-0009_generated.wav | RTF: 0.2635(1.188s / 4.510s) | Generator RTF: 0.2627(1.185s / 4.510s)
generated_audios/generated_H1_256C/61-70968-0010_generated.wav | RTF: 0.2669(2.214s / 8.295s) | Generator RTF: 0.2664(2.210s / 8.295s)
generated_audios/generated_H1_256C/61-70968-0011_generated.wav | RTF: 0.2627(1.675s / 6.375s) | Generator RTF: 0.2620(1.671s / 6.375s)
generated_audios/generated_H1_256C/61-70968-0012_generated.wav | RTF: 0.2599(0.678s / 2.610s) | Generator RTF: 0.2586(0.675s / 2.610s)
generated_audios/generated_H1_256C/61-70968-0013_generated.wav | RTF: 0.2648(1.178s / 4.450s) | Generator RTF: 0.2640(1.175s / 4.450s)
generated_audios/generated_H1_256C/61-70968-0014_generated.wav | RTF: 0.2698(2.019s / 7.485s) | Generator RTF: 0.2692(2.015s / 7.485s)
generated_audios/generated_H1_256C/61-70968-0015_generated.wav | RTF: 0.2662(1.431s / 5.375s) | Generator RTF: 0.2656(1.427s / 5.375s)
generated_audios/generated_H1_256C/61-70968-0016_generated.wav | RTF: 0.2682(0.998s / 3.720s) | Generator RTF: 0.2673(0.994s / 3.720s)
generated_audios/generated_H1_256C/61-70968-0017_generated.wav | RTF: 0.2735(1.397s / 5.110s) | Generator RTF: 0.2728(1.394s / 5.110s)
generated_audios/generated_H1_256C/61-70968-0018_generated.wav | RTF: 0.2603(0.626s / 2.405s) | Generator RTF: 0.2589(0.623s / 2.405s)
generated_audios/generated_H1_256C/61-70968-0019_generated.wav | RTF: 0.2640(1.445s / 5.475s) | Generator RTF: 0.2633(1.442s / 5.475s)
Average RTF: 0.2690(24.367s / 90.585s)
Average Generator RTF: 0.2675(24.232s / 90.585s)
Evaluation summary:
  Mel-spectrogram L1: 0.251747
  PESQ: 2.555924
  STOI: 0.947582

Appended metrics to CSV: experiments_results.csv
========== H2: quantized (INT8 dynamic quantization) ==========
Initializing Inference Process..
Using device: cpu (baseline and quantized inference both run on CPU)
Quantization enabled: forcing CPU inference for INT8 model.
Loading '/home/hpc/vlbi/vlbi107v/hifi-gan/cp_hifigan/v1_c256/g_07960000'
Complete.
Checkpoint contains weight_norm parameters. Keeping weight_norm wrappers for loading...
Removing weight norm...
Calibrating static quantization using 20 samples...
INT8 quantization scope: resblocks_range
Quantizing residual blocks 3..8; all other layers stay FP32.
Checking quantized modules after static quantization:
Quantized module: resblocks.3.convs1.0 (torch.ao.nn.quantized.modules.conv.Conv1d)
Quantized module: resblocks.3.convs1.1 (torch.ao.nn.quantized.modules.conv.Conv1d)
Quantized module: resblocks.3.convs1.2 (torch.ao.nn.quantized.modules.conv.Conv1d)
Quantized module: resblocks.3.convs2.0 (torch.ao.nn.quantized.modules.conv.Conv1d)
Quantized module: resblocks.3.convs2.1 (torch.ao.nn.quantized.modules.conv.Conv1d)
Quantized module: resblocks.3.convs2.2 (torch.ao.nn.quantized.modules.conv.Conv1d)
Quantized module: resblocks.4.convs1.0 (torch.ao.nn.quantized.modules.conv.Conv1d)
Quantized module: resblocks.4.convs1.1 (torch.ao.nn.quantized.modules.conv.Conv1d)
Quantized module: resblocks.4.convs1.2 (torch.ao.nn.quantized.modules.conv.Conv1d)
Quantized module: resblocks.4.convs2.0 (torch.ao.nn.quantized.modules.conv.Conv1d)
Quantized module: resblocks.4.convs2.1 (torch.ao.nn.quantized.modules.conv.Conv1d)
Quantized module: resblocks.4.convs2.2 (torch.ao.nn.quantized.modules.conv.Conv1d)
Quantized module: resblocks.5.convs1.0 (torch.ao.nn.quantized.modules.conv.Conv1d)
Quantized module: resblocks.5.convs1.1 (torch.ao.nn.quantized.modules.conv.Conv1d)
Quantized module: resblocks.5.convs1.2 (torch.ao.nn.quantized.modules.conv.Conv1d)
Quantized module: resblocks.5.convs2.0 (torch.ao.nn.quantized.modules.conv.Conv1d)
Quantized module: resblocks.5.convs2.1 (torch.ao.nn.quantized.modules.conv.Conv1d)
Quantized module: resblocks.5.convs2.2 (torch.ao.nn.quantized.modules.conv.Conv1d)
Quantized module: resblocks.6.convs1.0 (torch.ao.nn.quantized.modules.conv.Conv1d)
Quantized module: resblocks.6.convs1.1 (torch.ao.nn.quantized.modules.conv.Conv1d)
Quantized module: resblocks.6.convs1.2 (torch.ao.nn.quantized.modules.conv.Conv1d)
Quantized module: resblocks.6.convs2.0 (torch.ao.nn.quantized.modules.conv.Conv1d)
Quantized module: resblocks.6.convs2.1 (torch.ao.nn.quantized.modules.conv.Conv1d)
Quantized module: resblocks.6.convs2.2 (torch.ao.nn.quantized.modules.conv.Conv1d)
Quantized module: resblocks.7.convs1.0 (torch.ao.nn.quantized.modules.conv.Conv1d)
Quantized module: resblocks.7.convs1.1 (torch.ao.nn.quantized.modules.conv.Conv1d)
Quantized module: resblocks.7.convs1.2 (torch.ao.nn.quantized.modules.conv.Conv1d)
Quantized module: resblocks.7.convs2.0 (torch.ao.nn.quantized.modules.conv.Conv1d)
Quantized module: resblocks.7.convs2.1 (torch.ao.nn.quantized.modules.conv.Conv1d)
Quantized module: resblocks.7.convs2.2 (torch.ao.nn.quantized.modules.conv.Conv1d)
Quantized module: resblocks.8.convs1.0 (torch.ao.nn.quantized.modules.conv.Conv1d)
Quantized module: resblocks.8.convs1.1 (torch.ao.nn.quantized.modules.conv.Conv1d)
Quantized module: resblocks.8.convs1.2 (torch.ao.nn.quantized.modules.conv.Conv1d)
Quantized module: resblocks.8.convs2.0 (torch.ao.nn.quantized.modules.conv.Conv1d)
Quantized module: resblocks.8.convs2.1 (torch.ao.nn.quantized.modules.conv.Conv1d)
Quantized module: resblocks.8.convs2.2 (torch.ao.nn.quantized.modules.conv.Conv1d)
Saving checkpoint to /home/hpc/vlbi/vlbi107v/hifi-gan/cp_hifigan/v1_c256/compressed_checkpoint_int8
Complete.
Saved compressed checkpoint: /home/hpc/vlbi/vlbi107v/hifi-gan/cp_hifigan/v1_c256/compressed_checkpoint_int8 (11.861 MB)
Compressed checkpoint parameters: 3,555,793
Loaded checkpoint: /home/hpc/vlbi/vlbi107v/hifi-gan/cp_hifigan/v1_c256/g_07960000 (13.660 MB)
Generator parameters: 3,555,793
generated_audios/generated_H2_256C_int8/61-70968-0000_generated.wav | RTF: 0.0573(0.281s / 4.905s) | Generator RTF: 0.0567(0.278s / 4.905s)
generated_audios/generated_H2_256C_int8/61-70968-0001_generated.wav | RTF: 0.0568(0.205s / 3.610s) | Generator RTF: 0.0559(0.202s / 3.610s)
generated_audios/generated_H2_256C_int8/61-70968-0002_generated.wav | RTF: 0.0551(0.164s / 2.970s) | Generator RTF: 0.0541(0.161s / 2.970s)
generated_audios/generated_H2_256C_int8/61-70968-0003_generated.wav | RTF: 0.0570(0.246s / 4.315s) | Generator RTF: 0.0563(0.243s / 4.315s)
generated_audios/generated_H2_256C_int8/61-70968-0004_generated.wav | RTF: 0.0555(0.216s / 3.885s) | Generator RTF: 0.0547(0.212s / 3.885s)
generated_audios/generated_H2_256C_int8/61-70968-0005_generated.wav | RTF: 0.0573(0.290s / 5.070s) | Generator RTF: 0.0566(0.287s / 5.070s)
generated_audios/generated_H2_256C_int8/61-70968-0006_generated.wav | RTF: 0.0559(0.164s / 2.935s) | Generator RTF: 0.0548(0.161s / 2.935s)
generated_audios/generated_H2_256C_int8/61-70968-0007_generated.wav | RTF: 0.0553(0.196s / 3.550s) | Generator RTF: 0.0543(0.193s / 3.550s)
generated_audios/generated_H2_256C_int8/61-70968-0008_generated.wav | RTF: 0.0554(0.196s / 3.535s) | Generator RTF: 0.0544(0.192s / 3.535s)
generated_audios/generated_H2_256C_int8/61-70968-0009_generated.wav | RTF: 0.0554(0.250s / 4.510s) | Generator RTF: 0.0547(0.247s / 4.510s)
generated_audios/generated_H2_256C_int8/61-70968-0010_generated.wav | RTF: 0.0625(0.518s / 8.295s) | Generator RTF: 0.0620(0.514s / 8.295s)
generated_audios/generated_H2_256C_int8/61-70968-0011_generated.wav | RTF: 0.0574(0.366s / 6.375s) | Generator RTF: 0.0568(0.362s / 6.375s)
generated_audios/generated_H2_256C_int8/61-70968-0012_generated.wav | RTF: 0.0586(0.153s / 2.610s) | Generator RTF: 0.0573(0.150s / 2.610s)
generated_audios/generated_H2_256C_int8/61-70968-0013_generated.wav | RTF: 0.0553(0.246s / 4.450s) | Generator RTF: 0.0546(0.243s / 4.450s)
generated_audios/generated_H2_256C_int8/61-70968-0014_generated.wav | RTF: 0.0562(0.421s / 7.485s) | Generator RTF: 0.0557(0.417s / 7.485s)
generated_audios/generated_H2_256C_int8/61-70968-0015_generated.wav | RTF: 0.0517(0.278s / 5.375s) | Generator RTF: 0.0511(0.275s / 5.375s)
generated_audios/generated_H2_256C_int8/61-70968-0016_generated.wav | RTF: 0.0562(0.209s / 3.720s) | Generator RTF: 0.0554(0.206s / 3.720s)
generated_audios/generated_H2_256C_int8/61-70968-0017_generated.wav | RTF: 0.0514(0.263s / 5.110s) | Generator RTF: 0.0508(0.260s / 5.110s)
generated_audios/generated_H2_256C_int8/61-70968-0018_generated.wav | RTF: 0.0527(0.127s / 2.405s) | Generator RTF: 0.0516(0.124s / 2.405s)
generated_audios/generated_H2_256C_int8/61-70968-0019_generated.wav | RTF: 0.0516(0.282s / 5.475s) | Generator RTF: 0.0509(0.279s / 5.475s)
Average RTF: 0.0560(5.071s / 90.585s)
Average Generator RTF: 0.0552(5.004s / 90.585s)
Evaluation summary:
  Mel-spectrogram L1: 0.279338
  PESQ: 2.408597
  STOI: 0.942408

Appended metrics to CSV: experiments_results.csv
========== H3: pruning 30% ==========
Initializing Inference Process..
Using device: cpu (baseline and quantized inference both run on CPU)
Loading '/home/hpc/vlbi/vlbi107v/hifi-gan/cp_hifigan/v1_c256_ft30/g_00265000'
Complete.
Checkpoint contains masked pruning parameters. Preparing masked model before loading...
Removing weight norm...
Skipping ConvTranspose1d pruning for ups.0
Skipping ConvTranspose1d pruning for ups.1
Skipping ConvTranspose1d pruning for ups.2
Skipping ConvTranspose1d pruning for ups.3
Pruning (with mask) resblocks.0.convs1.0 (Conv1d): out_channels=128, dim=0, amount=0.0
Done pruning (with mask) resblocks.0.convs1.0 (Conv1d)
Pruning (with mask) resblocks.0.convs1.1 (Conv1d): out_channels=128, dim=0, amount=0.0
Done pruning (with mask) resblocks.0.convs1.1 (Conv1d)
Pruning (with mask) resblocks.0.convs1.2 (Conv1d): out_channels=128, dim=0, amount=0.0
Done pruning (with mask) resblocks.0.convs1.2 (Conv1d)
Pruning (with mask) resblocks.0.convs2.0 (Conv1d): out_channels=128, dim=0, amount=0.0
Done pruning (with mask) resblocks.0.convs2.0 (Conv1d)
Pruning (with mask) resblocks.0.convs2.1 (Conv1d): out_channels=128, dim=0, amount=0.0
Done pruning (with mask) resblocks.0.convs2.1 (Conv1d)
Pruning (with mask) resblocks.0.convs2.2 (Conv1d): out_channels=128, dim=0, amount=0.0
Done pruning (with mask) resblocks.0.convs2.2 (Conv1d)
Pruning (with mask) resblocks.1.convs1.0 (Conv1d): out_channels=128, dim=0, amount=0.0
Done pruning (with mask) resblocks.1.convs1.0 (Conv1d)
Pruning (with mask) resblocks.1.convs1.1 (Conv1d): out_channels=128, dim=0, amount=0.0
Done pruning (with mask) resblocks.1.convs1.1 (Conv1d)
Pruning (with mask) resblocks.1.convs1.2 (Conv1d): out_channels=128, dim=0, amount=0.0
Done pruning (with mask) resblocks.1.convs1.2 (Conv1d)
Pruning (with mask) resblocks.1.convs2.0 (Conv1d): out_channels=128, dim=0, amount=0.0
Done pruning (with mask) resblocks.1.convs2.0 (Conv1d)
Pruning (with mask) resblocks.1.convs2.1 (Conv1d): out_channels=128, dim=0, amount=0.0
Done pruning (with mask) resblocks.1.convs2.1 (Conv1d)
Pruning (with mask) resblocks.1.convs2.2 (Conv1d): out_channels=128, dim=0, amount=0.0
Done pruning (with mask) resblocks.1.convs2.2 (Conv1d)
Pruning (with mask) resblocks.2.convs1.0 (Conv1d): out_channels=128, dim=0, amount=0.0
Done pruning (with mask) resblocks.2.convs1.0 (Conv1d)
Pruning (with mask) resblocks.2.convs1.1 (Conv1d): out_channels=128, dim=0, amount=0.0
Done pruning (with mask) resblocks.2.convs1.1 (Conv1d)
Pruning (with mask) resblocks.2.convs1.2 (Conv1d): out_channels=128, dim=0, amount=0.0
Done pruning (with mask) resblocks.2.convs1.2 (Conv1d)
Pruning (with mask) resblocks.2.convs2.0 (Conv1d): out_channels=128, dim=0, amount=0.0
Done pruning (with mask) resblocks.2.convs2.0 (Conv1d)
Pruning (with mask) resblocks.2.convs2.1 (Conv1d): out_channels=128, dim=0, amount=0.0
Done pruning (with mask) resblocks.2.convs2.1 (Conv1d)
Pruning (with mask) resblocks.2.convs2.2 (Conv1d): out_channels=128, dim=0, amount=0.0
Done pruning (with mask) resblocks.2.convs2.2 (Conv1d)
Pruning (with mask) resblocks.3.convs1.0 (Conv1d): out_channels=64, dim=0, amount=0.0
Done pruning (with mask) resblocks.3.convs1.0 (Conv1d)
Pruning (with mask) resblocks.3.convs1.1 (Conv1d): out_channels=64, dim=0, amount=0.0
Done pruning (with mask) resblocks.3.convs1.1 (Conv1d)
Pruning (with mask) resblocks.3.convs1.2 (Conv1d): out_channels=64, dim=0, amount=0.0
Done pruning (with mask) resblocks.3.convs1.2 (Conv1d)
Pruning (with mask) resblocks.3.convs2.0 (Conv1d): out_channels=64, dim=0, amount=0.0
Done pruning (with mask) resblocks.3.convs2.0 (Conv1d)
Pruning (with mask) resblocks.3.convs2.1 (Conv1d): out_channels=64, dim=0, amount=0.0
Done pruning (with mask) resblocks.3.convs2.1 (Conv1d)
Pruning (with mask) resblocks.3.convs2.2 (Conv1d): out_channels=64, dim=0, amount=0.0
Done pruning (with mask) resblocks.3.convs2.2 (Conv1d)
Pruning (with mask) resblocks.4.convs1.0 (Conv1d): out_channels=64, dim=0, amount=0.0
Done pruning (with mask) resblocks.4.convs1.0 (Conv1d)
Pruning (with mask) resblocks.4.convs1.1 (Conv1d): out_channels=64, dim=0, amount=0.0
Done pruning (with mask) resblocks.4.convs1.1 (Conv1d)
Pruning (with mask) resblocks.4.convs1.2 (Conv1d): out_channels=64, dim=0, amount=0.0
Done pruning (with mask) resblocks.4.convs1.2 (Conv1d)
Pruning (with mask) resblocks.4.convs2.0 (Conv1d): out_channels=64, dim=0, amount=0.0
Done pruning (with mask) resblocks.4.convs2.0 (Conv1d)
Pruning (with mask) resblocks.4.convs2.1 (Conv1d): out_channels=64, dim=0, amount=0.0
Done pruning (with mask) resblocks.4.convs2.1 (Conv1d)
Pruning (with mask) resblocks.4.convs2.2 (Conv1d): out_channels=64, dim=0, amount=0.0
Done pruning (with mask) resblocks.4.convs2.2 (Conv1d)
Pruning (with mask) resblocks.5.convs1.0 (Conv1d): out_channels=64, dim=0, amount=0.0
Done pruning (with mask) resblocks.5.convs1.0 (Conv1d)
Pruning (with mask) resblocks.5.convs1.1 (Conv1d): out_channels=64, dim=0, amount=0.0
Done pruning (with mask) resblocks.5.convs1.1 (Conv1d)
Pruning (with mask) resblocks.5.convs1.2 (Conv1d): out_channels=64, dim=0, amount=0.0
Done pruning (with mask) resblocks.5.convs1.2 (Conv1d)
Pruning (with mask) resblocks.5.convs2.0 (Conv1d): out_channels=64, dim=0, amount=0.0
Done pruning (with mask) resblocks.5.convs2.0 (Conv1d)
Pruning (with mask) resblocks.5.convs2.1 (Conv1d): out_channels=64, dim=0, amount=0.0
Done pruning (with mask) resblocks.5.convs2.1 (Conv1d)
Pruning (with mask) resblocks.5.convs2.2 (Conv1d): out_channels=64, dim=0, amount=0.0
Done pruning (with mask) resblocks.5.convs2.2 (Conv1d)
Pruning (with mask) resblocks.6.convs1.0 (Conv1d): out_channels=32, dim=0, amount=0.0
Done pruning (with mask) resblocks.6.convs1.0 (Conv1d)
Pruning (with mask) resblocks.6.convs1.1 (Conv1d): out_channels=32, dim=0, amount=0.0
Done pruning (with mask) resblocks.6.convs1.1 (Conv1d)
Pruning (with mask) resblocks.6.convs1.2 (Conv1d): out_channels=32, dim=0, amount=0.0
Done pruning (with mask) resblocks.6.convs1.2 (Conv1d)
Pruning (with mask) resblocks.6.convs2.0 (Conv1d): out_channels=32, dim=0, amount=0.0
Done pruning (with mask) resblocks.6.convs2.0 (Conv1d)
Pruning (with mask) resblocks.6.convs2.1 (Conv1d): out_channels=32, dim=0, amount=0.0
Done pruning (with mask) resblocks.6.convs2.1 (Conv1d)
Pruning (with mask) resblocks.6.convs2.2 (Conv1d): out_channels=32, dim=0, amount=0.0
Done pruning (with mask) resblocks.6.convs2.2 (Conv1d)
Pruning (with mask) resblocks.7.convs1.0 (Conv1d): out_channels=32, dim=0, amount=0.0
Done pruning (with mask) resblocks.7.convs1.0 (Conv1d)
Pruning (with mask) resblocks.7.convs1.1 (Conv1d): out_channels=32, dim=0, amount=0.0
Done pruning (with mask) resblocks.7.convs1.1 (Conv1d)
Pruning (with mask) resblocks.7.convs1.2 (Conv1d): out_channels=32, dim=0, amount=0.0
Done pruning (with mask) resblocks.7.convs1.2 (Conv1d)
Pruning (with mask) resblocks.7.convs2.0 (Conv1d): out_channels=32, dim=0, amount=0.0
Done pruning (with mask) resblocks.7.convs2.0 (Conv1d)
Pruning (with mask) resblocks.7.convs2.1 (Conv1d): out_channels=32, dim=0, amount=0.0
Done pruning (with mask) resblocks.7.convs2.1 (Conv1d)
Pruning (with mask) resblocks.7.convs2.2 (Conv1d): out_channels=32, dim=0, amount=0.0
Done pruning (with mask) resblocks.7.convs2.2 (Conv1d)
Pruning (with mask) resblocks.8.convs1.0 (Conv1d): out_channels=32, dim=0, amount=0.0
Done pruning (with mask) resblocks.8.convs1.0 (Conv1d)
Pruning (with mask) resblocks.8.convs1.1 (Conv1d): out_channels=32, dim=0, amount=0.0
Done pruning (with mask) resblocks.8.convs1.1 (Conv1d)
Pruning (with mask) resblocks.8.convs1.2 (Conv1d): out_channels=32, dim=0, amount=0.0
Done pruning (with mask) resblocks.8.convs1.2 (Conv1d)
Pruning (with mask) resblocks.8.convs2.0 (Conv1d): out_channels=32, dim=0, amount=0.0
Done pruning (with mask) resblocks.8.convs2.0 (Conv1d)
Pruning (with mask) resblocks.8.convs2.1 (Conv1d): out_channels=32, dim=0, amount=0.0
Done pruning (with mask) resblocks.8.convs2.1 (Conv1d)
Pruning (with mask) resblocks.8.convs2.2 (Conv1d): out_channels=32, dim=0, amount=0.0
Done pruning (with mask) resblocks.8.convs2.2 (Conv1d)
Pruning (with mask) resblocks.9.convs1.0 (Conv1d): out_channels=16, dim=0, amount=0.0
Done pruning (with mask) resblocks.9.convs1.0 (Conv1d)
Pruning (with mask) resblocks.9.convs1.1 (Conv1d): out_channels=16, dim=0, amount=0.0
Done pruning (with mask) resblocks.9.convs1.1 (Conv1d)
Pruning (with mask) resblocks.9.convs1.2 (Conv1d): out_channels=16, dim=0, amount=0.0
Done pruning (with mask) resblocks.9.convs1.2 (Conv1d)
Pruning (with mask) resblocks.9.convs2.0 (Conv1d): out_channels=16, dim=0, amount=0.0
Done pruning (with mask) resblocks.9.convs2.0 (Conv1d)
Pruning (with mask) resblocks.9.convs2.1 (Conv1d): out_channels=16, dim=0, amount=0.0
Done pruning (with mask) resblocks.9.convs2.1 (Conv1d)
Pruning (with mask) resblocks.9.convs2.2 (Conv1d): out_channels=16, dim=0, amount=0.0
Done pruning (with mask) resblocks.9.convs2.2 (Conv1d)
Pruning (with mask) resblocks.10.convs1.0 (Conv1d): out_channels=16, dim=0, amount=0.0
Done pruning (with mask) resblocks.10.convs1.0 (Conv1d)
Pruning (with mask) resblocks.10.convs1.1 (Conv1d): out_channels=16, dim=0, amount=0.0
Done pruning (with mask) resblocks.10.convs1.1 (Conv1d)
Pruning (with mask) resblocks.10.convs1.2 (Conv1d): out_channels=16, dim=0, amount=0.0
Done pruning (with mask) resblocks.10.convs1.2 (Conv1d)
Pruning (with mask) resblocks.10.convs2.0 (Conv1d): out_channels=16, dim=0, amount=0.0
Done pruning (with mask) resblocks.10.convs2.0 (Conv1d)
Pruning (with mask) resblocks.10.convs2.1 (Conv1d): out_channels=16, dim=0, amount=0.0
Done pruning (with mask) resblocks.10.convs2.1 (Conv1d)
Pruning (with mask) resblocks.10.convs2.2 (Conv1d): out_channels=16, dim=0, amount=0.0
Done pruning (with mask) resblocks.10.convs2.2 (Conv1d)
Pruning (with mask) resblocks.11.convs1.0 (Conv1d): out_channels=16, dim=0, amount=0.0
Done pruning (with mask) resblocks.11.convs1.0 (Conv1d)
Pruning (with mask) resblocks.11.convs1.1 (Conv1d): out_channels=16, dim=0, amount=0.0
Done pruning (with mask) resblocks.11.convs1.1 (Conv1d)
Pruning (with mask) resblocks.11.convs1.2 (Conv1d): out_channels=16, dim=0, amount=0.0
Done pruning (with mask) resblocks.11.convs1.2 (Conv1d)
Pruning (with mask) resblocks.11.convs2.0 (Conv1d): out_channels=16, dim=0, amount=0.0
Done pruning (with mask) resblocks.11.convs2.0 (Conv1d)
Pruning (with mask) resblocks.11.convs2.1 (Conv1d): out_channels=16, dim=0, amount=0.0
Done pruning (with mask) resblocks.11.convs2.1 (Conv1d)
Pruning (with mask) resblocks.11.convs2.2 (Conv1d): out_channels=16, dim=0, amount=0.0
Done pruning (with mask) resblocks.11.convs2.2 (Conv1d)
Removing pruning masks from masked checkpoint before inference...
Removed pruning masks from 72 modules
Saving checkpoint to /home/hpc/vlbi/vlbi107v/hifi-gan/cp_hifigan/v1_c256_ft30/compressed_checkpoint
Complete.
Saved compressed checkpoint: /home/hpc/vlbi/vlbi107v/hifi-gan/cp_hifigan/v1_c256_ft30/compressed_checkpoint (13.616 MB)
Compressed checkpoint parameters: 3,555,649
Clean mask-free checkpoint saved: /home/hpc/vlbi/vlbi107v/hifi-gan/cp_hifigan/v1_c256_ft30/compressed_checkpoint (13.616 MB)
Loaded checkpoint: /home/hpc/vlbi/vlbi107v/hifi-gan/cp_hifigan/v1_c256_ft30/g_00265000 (24.098 MB)
Generator parameters: 3,555,649
generated_audios/generated_H3_256C_pruned30/61-70968-0000_generated.wav | RTF: 0.2729(1.339s / 4.905s) | Generator RTF: 0.2721(1.334s / 4.905s)
generated_audios/generated_H3_256C_pruned30/61-70968-0001_generated.wav | RTF: 0.2610(0.942s / 3.610s) | Generator RTF: 0.2599(0.938s / 3.610s)
generated_audios/generated_H3_256C_pruned30/61-70968-0002_generated.wav | RTF: 0.2542(0.755s / 2.970s) | Generator RTF: 0.2530(0.751s / 2.970s)
generated_audios/generated_H3_256C_pruned30/61-70968-0003_generated.wav | RTF: 0.2699(1.165s / 4.315s) | Generator RTF: 0.2692(1.162s / 4.315s)
generated_audios/generated_H3_256C_pruned30/61-70968-0004_generated.wav | RTF: 0.2623(1.019s / 3.885s) | Generator RTF: 0.2615(1.016s / 3.885s)
generated_audios/generated_H3_256C_pruned30/61-70968-0005_generated.wav | RTF: 0.2718(1.378s / 5.070s) | Generator RTF: 0.2711(1.374s / 5.070s)
generated_audios/generated_H3_256C_pruned30/61-70968-0006_generated.wav | RTF: 0.2577(0.756s / 2.935s) | Generator RTF: 0.2563(0.752s / 2.935s)
generated_audios/generated_H3_256C_pruned30/61-70968-0007_generated.wav | RTF: 0.2650(0.941s / 3.550s) | Generator RTF: 0.2640(0.937s / 3.550s)
generated_audios/generated_H3_256C_pruned30/61-70968-0008_generated.wav | RTF: 0.2629(0.929s / 3.535s) | Generator RTF: 0.2620(0.926s / 3.535s)
generated_audios/generated_H3_256C_pruned30/61-70968-0009_generated.wav | RTF: 0.2659(1.199s / 4.510s) | Generator RTF: 0.2651(1.196s / 4.510s)
generated_audios/generated_H3_256C_pruned30/61-70968-0010_generated.wav | RTF: 0.2650(2.199s / 8.295s) | Generator RTF: 0.2645(2.194s / 8.295s)
generated_audios/generated_H3_256C_pruned30/61-70968-0011_generated.wav | RTF: 0.2625(1.673s / 6.375s) | Generator RTF: 0.2619(1.670s / 6.375s)
generated_audios/generated_H3_256C_pruned30/61-70968-0012_generated.wav | RTF: 0.2716(0.709s / 2.610s) | Generator RTF: 0.2702(0.705s / 2.610s)
generated_audios/generated_H3_256C_pruned30/61-70968-0013_generated.wav | RTF: 0.2835(1.262s / 4.450s) | Generator RTF: 0.2827(1.258s / 4.450s)
generated_audios/generated_H3_256C_pruned30/61-70968-0014_generated.wav | RTF: 0.2762(2.067s / 7.485s) | Generator RTF: 0.2757(2.063s / 7.485s)
generated_audios/generated_H3_256C_pruned30/61-70968-0015_generated.wav | RTF: 0.2612(1.404s / 5.375s) | Generator RTF: 0.2605(1.400s / 5.375s)
generated_audios/generated_H3_256C_pruned30/61-70968-0016_generated.wav | RTF: 0.3058(1.138s / 3.720s) | Generator RTF: 0.3050(1.135s / 3.720s)
generated_audios/generated_H3_256C_pruned30/61-70968-0017_generated.wav | RTF: 0.2654(1.356s / 5.110s) | Generator RTF: 0.2646(1.352s / 5.110s)
generated_audios/generated_H3_256C_pruned30/61-70968-0018_generated.wav | RTF: 0.2568(0.618s / 2.405s) | Generator RTF: 0.2555(0.614s / 2.405s)
generated_audios/generated_H3_256C_pruned30/61-70968-0019_generated.wav | RTF: 0.2623(1.436s / 5.475s) | Generator RTF: 0.2617(1.433s / 5.475s)
Average RTF: 0.2681(24.285s / 90.585s)
Average Generator RTF: 0.2673(24.212s / 90.585s)
Evaluation summary:
  Mel-spectrogram L1: 0.314961
  PESQ: 2.025317
  STOI: 0.919420

Appended metrics to CSV: experiments_results.csv
========== H3: pruning 50% ==========
Initializing Inference Process..
Using device: cpu (baseline and quantized inference both run on CPU)
Loading '/home/hpc/vlbi/vlbi107v/hifi-gan/cp_hifigan/v1_c256_ft50/g_00265000'
Complete.
Checkpoint contains masked pruning parameters. Preparing masked model before loading...
Removing weight norm...
Skipping ConvTranspose1d pruning for ups.0
Skipping ConvTranspose1d pruning for ups.1
Skipping ConvTranspose1d pruning for ups.2
Skipping ConvTranspose1d pruning for ups.3
Pruning (with mask) resblocks.0.convs1.0 (Conv1d): out_channels=128, dim=0, amount=0.0
Done pruning (with mask) resblocks.0.convs1.0 (Conv1d)
Pruning (with mask) resblocks.0.convs1.1 (Conv1d): out_channels=128, dim=0, amount=0.0
Done pruning (with mask) resblocks.0.convs1.1 (Conv1d)
Pruning (with mask) resblocks.0.convs1.2 (Conv1d): out_channels=128, dim=0, amount=0.0
Done pruning (with mask) resblocks.0.convs1.2 (Conv1d)
Pruning (with mask) resblocks.0.convs2.0 (Conv1d): out_channels=128, dim=0, amount=0.0
Done pruning (with mask) resblocks.0.convs2.0 (Conv1d)
Pruning (with mask) resblocks.0.convs2.1 (Conv1d): out_channels=128, dim=0, amount=0.0
Done pruning (with mask) resblocks.0.convs2.1 (Conv1d)
Pruning (with mask) resblocks.0.convs2.2 (Conv1d): out_channels=128, dim=0, amount=0.0
Done pruning (with mask) resblocks.0.convs2.2 (Conv1d)
Pruning (with mask) resblocks.1.convs1.0 (Conv1d): out_channels=128, dim=0, amount=0.0
Done pruning (with mask) resblocks.1.convs1.0 (Conv1d)
Pruning (with mask) resblocks.1.convs1.1 (Conv1d): out_channels=128, dim=0, amount=0.0
Done pruning (with mask) resblocks.1.convs1.1 (Conv1d)
Pruning (with mask) resblocks.1.convs1.2 (Conv1d): out_channels=128, dim=0, amount=0.0
Done pruning (with mask) resblocks.1.convs1.2 (Conv1d)
Pruning (with mask) resblocks.1.convs2.0 (Conv1d): out_channels=128, dim=0, amount=0.0
Done pruning (with mask) resblocks.1.convs2.0 (Conv1d)
Pruning (with mask) resblocks.1.convs2.1 (Conv1d): out_channels=128, dim=0, amount=0.0
Done pruning (with mask) resblocks.1.convs2.1 (Conv1d)
Pruning (with mask) resblocks.1.convs2.2 (Conv1d): out_channels=128, dim=0, amount=0.0
Done pruning (with mask) resblocks.1.convs2.2 (Conv1d)
Pruning (with mask) resblocks.2.convs1.0 (Conv1d): out_channels=128, dim=0, amount=0.0
Done pruning (with mask) resblocks.2.convs1.0 (Conv1d)
Pruning (with mask) resblocks.2.convs1.1 (Conv1d): out_channels=128, dim=0, amount=0.0
Done pruning (with mask) resblocks.2.convs1.1 (Conv1d)
Pruning (with mask) resblocks.2.convs1.2 (Conv1d): out_channels=128, dim=0, amount=0.0
Done pruning (with mask) resblocks.2.convs1.2 (Conv1d)
Pruning (with mask) resblocks.2.convs2.0 (Conv1d): out_channels=128, dim=0, amount=0.0
Done pruning (with mask) resblocks.2.convs2.0 (Conv1d)
Pruning (with mask) resblocks.2.convs2.1 (Conv1d): out_channels=128, dim=0, amount=0.0
Done pruning (with mask) resblocks.2.convs2.1 (Conv1d)
Pruning (with mask) resblocks.2.convs2.2 (Conv1d): out_channels=128, dim=0, amount=0.0
Done pruning (with mask) resblocks.2.convs2.2 (Conv1d)
Pruning (with mask) resblocks.3.convs1.0 (Conv1d): out_channels=64, dim=0, amount=0.0
Done pruning (with mask) resblocks.3.convs1.0 (Conv1d)
Pruning (with mask) resblocks.3.convs1.1 (Conv1d): out_channels=64, dim=0, amount=0.0
Done pruning (with mask) resblocks.3.convs1.1 (Conv1d)
Pruning (with mask) resblocks.3.convs1.2 (Conv1d): out_channels=64, dim=0, amount=0.0
Done pruning (with mask) resblocks.3.convs1.2 (Conv1d)
Pruning (with mask) resblocks.3.convs2.0 (Conv1d): out_channels=64, dim=0, amount=0.0
Done pruning (with mask) resblocks.3.convs2.0 (Conv1d)
Pruning (with mask) resblocks.3.convs2.1 (Conv1d): out_channels=64, dim=0, amount=0.0
Done pruning (with mask) resblocks.3.convs2.1 (Conv1d)
Pruning (with mask) resblocks.3.convs2.2 (Conv1d): out_channels=64, dim=0, amount=0.0
Done pruning (with mask) resblocks.3.convs2.2 (Conv1d)
Pruning (with mask) resblocks.4.convs1.0 (Conv1d): out_channels=64, dim=0, amount=0.0
Done pruning (with mask) resblocks.4.convs1.0 (Conv1d)
Pruning (with mask) resblocks.4.convs1.1 (Conv1d): out_channels=64, dim=0, amount=0.0
Done pruning (with mask) resblocks.4.convs1.1 (Conv1d)
Pruning (with mask) resblocks.4.convs1.2 (Conv1d): out_channels=64, dim=0, amount=0.0
Done pruning (with mask) resblocks.4.convs1.2 (Conv1d)
Pruning (with mask) resblocks.4.convs2.0 (Conv1d): out_channels=64, dim=0, amount=0.0
Done pruning (with mask) resblocks.4.convs2.0 (Conv1d)
Pruning (with mask) resblocks.4.convs2.1 (Conv1d): out_channels=64, dim=0, amount=0.0
Done pruning (with mask) resblocks.4.convs2.1 (Conv1d)
Pruning (with mask) resblocks.4.convs2.2 (Conv1d): out_channels=64, dim=0, amount=0.0
Done pruning (with mask) resblocks.4.convs2.2 (Conv1d)
Pruning (with mask) resblocks.5.convs1.0 (Conv1d): out_channels=64, dim=0, amount=0.0
Done pruning (with mask) resblocks.5.convs1.0 (Conv1d)
Pruning (with mask) resblocks.5.convs1.1 (Conv1d): out_channels=64, dim=0, amount=0.0
Done pruning (with mask) resblocks.5.convs1.1 (Conv1d)
Pruning (with mask) resblocks.5.convs1.2 (Conv1d): out_channels=64, dim=0, amount=0.0
Done pruning (with mask) resblocks.5.convs1.2 (Conv1d)
Pruning (with mask) resblocks.5.convs2.0 (Conv1d): out_channels=64, dim=0, amount=0.0
Done pruning (with mask) resblocks.5.convs2.0 (Conv1d)
Pruning (with mask) resblocks.5.convs2.1 (Conv1d): out_channels=64, dim=0, amount=0.0
Done pruning (with mask) resblocks.5.convs2.1 (Conv1d)
Pruning (with mask) resblocks.5.convs2.2 (Conv1d): out_channels=64, dim=0, amount=0.0
Done pruning (with mask) resblocks.5.convs2.2 (Conv1d)
Pruning (with mask) resblocks.6.convs1.0 (Conv1d): out_channels=32, dim=0, amount=0.0
Done pruning (with mask) resblocks.6.convs1.0 (Conv1d)
Pruning (with mask) resblocks.6.convs1.1 (Conv1d): out_channels=32, dim=0, amount=0.0
Done pruning (with mask) resblocks.6.convs1.1 (Conv1d)
Pruning (with mask) resblocks.6.convs1.2 (Conv1d): out_channels=32, dim=0, amount=0.0
Done pruning (with mask) resblocks.6.convs1.2 (Conv1d)
Pruning (with mask) resblocks.6.convs2.0 (Conv1d): out_channels=32, dim=0, amount=0.0
Done pruning (with mask) resblocks.6.convs2.0 (Conv1d)
Pruning (with mask) resblocks.6.convs2.1 (Conv1d): out_channels=32, dim=0, amount=0.0
Done pruning (with mask) resblocks.6.convs2.1 (Conv1d)
Pruning (with mask) resblocks.6.convs2.2 (Conv1d): out_channels=32, dim=0, amount=0.0
Done pruning (with mask) resblocks.6.convs2.2 (Conv1d)
Pruning (with mask) resblocks.7.convs1.0 (Conv1d): out_channels=32, dim=0, amount=0.0
Done pruning (with mask) resblocks.7.convs1.0 (Conv1d)
Pruning (with mask) resblocks.7.convs1.1 (Conv1d): out_channels=32, dim=0, amount=0.0
Done pruning (with mask) resblocks.7.convs1.1 (Conv1d)
Pruning (with mask) resblocks.7.convs1.2 (Conv1d): out_channels=32, dim=0, amount=0.0
Done pruning (with mask) resblocks.7.convs1.2 (Conv1d)
Pruning (with mask) resblocks.7.convs2.0 (Conv1d): out_channels=32, dim=0, amount=0.0
Done pruning (with mask) resblocks.7.convs2.0 (Conv1d)
Pruning (with mask) resblocks.7.convs2.1 (Conv1d): out_channels=32, dim=0, amount=0.0
Done pruning (with mask) resblocks.7.convs2.1 (Conv1d)
Pruning (with mask) resblocks.7.convs2.2 (Conv1d): out_channels=32, dim=0, amount=0.0
Done pruning (with mask) resblocks.7.convs2.2 (Conv1d)
Pruning (with mask) resblocks.8.convs1.0 (Conv1d): out_channels=32, dim=0, amount=0.0
Done pruning (with mask) resblocks.8.convs1.0 (Conv1d)
Pruning (with mask) resblocks.8.convs1.1 (Conv1d): out_channels=32, dim=0, amount=0.0
Done pruning (with mask) resblocks.8.convs1.1 (Conv1d)
Pruning (with mask) resblocks.8.convs1.2 (Conv1d): out_channels=32, dim=0, amount=0.0
Done pruning (with mask) resblocks.8.convs1.2 (Conv1d)
Pruning (with mask) resblocks.8.convs2.0 (Conv1d): out_channels=32, dim=0, amount=0.0
Done pruning (with mask) resblocks.8.convs2.0 (Conv1d)
Pruning (with mask) resblocks.8.convs2.1 (Conv1d): out_channels=32, dim=0, amount=0.0
Done pruning (with mask) resblocks.8.convs2.1 (Conv1d)
Pruning (with mask) resblocks.8.convs2.2 (Conv1d): out_channels=32, dim=0, amount=0.0
Done pruning (with mask) resblocks.8.convs2.2 (Conv1d)
Pruning (with mask) resblocks.9.convs1.0 (Conv1d): out_channels=16, dim=0, amount=0.0
Done pruning (with mask) resblocks.9.convs1.0 (Conv1d)
Pruning (with mask) resblocks.9.convs1.1 (Conv1d): out_channels=16, dim=0, amount=0.0
Done pruning (with mask) resblocks.9.convs1.1 (Conv1d)
Pruning (with mask) resblocks.9.convs1.2 (Conv1d): out_channels=16, dim=0, amount=0.0
Done pruning (with mask) resblocks.9.convs1.2 (Conv1d)
Pruning (with mask) resblocks.9.convs2.0 (Conv1d): out_channels=16, dim=0, amount=0.0
Done pruning (with mask) resblocks.9.convs2.0 (Conv1d)
Pruning (with mask) resblocks.9.convs2.1 (Conv1d): out_channels=16, dim=0, amount=0.0
Done pruning (with mask) resblocks.9.convs2.1 (Conv1d)
Pruning (with mask) resblocks.9.convs2.2 (Conv1d): out_channels=16, dim=0, amount=0.0
Done pruning (with mask) resblocks.9.convs2.2 (Conv1d)
Pruning (with mask) resblocks.10.convs1.0 (Conv1d): out_channels=16, dim=0, amount=0.0
Done pruning (with mask) resblocks.10.convs1.0 (Conv1d)
Pruning (with mask) resblocks.10.convs1.1 (Conv1d): out_channels=16, dim=0, amount=0.0
Done pruning (with mask) resblocks.10.convs1.1 (Conv1d)
Pruning (with mask) resblocks.10.convs1.2 (Conv1d): out_channels=16, dim=0, amount=0.0
Done pruning (with mask) resblocks.10.convs1.2 (Conv1d)
Pruning (with mask) resblocks.10.convs2.0 (Conv1d): out_channels=16, dim=0, amount=0.0
Done pruning (with mask) resblocks.10.convs2.0 (Conv1d)
Pruning (with mask) resblocks.10.convs2.1 (Conv1d): out_channels=16, dim=0, amount=0.0
Done pruning (with mask) resblocks.10.convs2.1 (Conv1d)
Pruning (with mask) resblocks.10.convs2.2 (Conv1d): out_channels=16, dim=0, amount=0.0
Done pruning (with mask) resblocks.10.convs2.2 (Conv1d)
Pruning (with mask) resblocks.11.convs1.0 (Conv1d): out_channels=16, dim=0, amount=0.0
Done pruning (with mask) resblocks.11.convs1.0 (Conv1d)
Pruning (with mask) resblocks.11.convs1.1 (Conv1d): out_channels=16, dim=0, amount=0.0
Done pruning (with mask) resblocks.11.convs1.1 (Conv1d)
Pruning (with mask) resblocks.11.convs1.2 (Conv1d): out_channels=16, dim=0, amount=0.0
Done pruning (with mask) resblocks.11.convs1.2 (Conv1d)
Pruning (with mask) resblocks.11.convs2.0 (Conv1d): out_channels=16, dim=0, amount=0.0
Done pruning (with mask) resblocks.11.convs2.0 (Conv1d)
Pruning (with mask) resblocks.11.convs2.1 (Conv1d): out_channels=16, dim=0, amount=0.0
Done pruning (with mask) resblocks.11.convs2.1 (Conv1d)
Pruning (with mask) resblocks.11.convs2.2 (Conv1d): out_channels=16, dim=0, amount=0.0
Done pruning (with mask) resblocks.11.convs2.2 (Conv1d)
Removing pruning masks from masked checkpoint before inference...
Removed pruning masks from 72 modules
Saving checkpoint to /home/hpc/vlbi/vlbi107v/hifi-gan/cp_hifigan/v1_c256_ft50/compressed_checkpoint
Complete.
Saved compressed checkpoint: /home/hpc/vlbi/vlbi107v/hifi-gan/cp_hifigan/v1_c256_ft50/compressed_checkpoint (13.616 MB)
Compressed checkpoint parameters: 3,555,649
Clean mask-free checkpoint saved: /home/hpc/vlbi/vlbi107v/hifi-gan/cp_hifigan/v1_c256_ft50/compressed_checkpoint (13.616 MB)
Loaded checkpoint: /home/hpc/vlbi/vlbi107v/hifi-gan/cp_hifigan/v1_c256_ft50/g_00265000 (24.098 MB)
Generator parameters: 3,555,649
generated_audios/generated_H3_256C_pruned50/61-70968-0000_generated.wav | RTF: 0.2750(1.349s / 4.905s) | Generator RTF: 0.2741(1.344s / 4.905s)
generated_audios/generated_H3_256C_pruned50/61-70968-0001_generated.wav | RTF: 0.2597(0.938s / 3.610s) | Generator RTF: 0.2587(0.934s / 3.610s)
generated_audios/generated_H3_256C_pruned50/61-70968-0002_generated.wav | RTF: 0.2551(0.758s / 2.970s) | Generator RTF: 0.2538(0.754s / 2.970s)
generated_audios/generated_H3_256C_pruned50/61-70968-0003_generated.wav | RTF: 0.2689(1.160s / 4.315s) | Generator RTF: 0.2680(1.157s / 4.315s)
generated_audios/generated_H3_256C_pruned50/61-70968-0004_generated.wav | RTF: 0.2623(1.019s / 3.885s) | Generator RTF: 0.2614(1.016s / 3.885s)
generated_audios/generated_H3_256C_pruned50/61-70968-0005_generated.wav | RTF: 0.2691(1.364s / 5.070s) | Generator RTF: 0.2683(1.360s / 5.070s)
generated_audios/generated_H3_256C_pruned50/61-70968-0006_generated.wav | RTF: 0.2572(0.755s / 2.935s) | Generator RTF: 0.2560(0.751s / 2.935s)
generated_audios/generated_H3_256C_pruned50/61-70968-0007_generated.wav | RTF: 0.2621(0.930s / 3.550s) | Generator RTF: 0.2611(0.927s / 3.550s)
generated_audios/generated_H3_256C_pruned50/61-70968-0008_generated.wav | RTF: 0.2592(0.916s / 3.535s) | Generator RTF: 0.2583(0.913s / 3.535s)
generated_audios/generated_H3_256C_pruned50/61-70968-0009_generated.wav | RTF: 0.2616(1.180s / 4.510s) | Generator RTF: 0.2609(1.177s / 4.510s)
generated_audios/generated_H3_256C_pruned50/61-70968-0010_generated.wav | RTF: 0.2654(2.201s / 8.295s) | Generator RTF: 0.2649(2.197s / 8.295s)
generated_audios/generated_H3_256C_pruned50/61-70968-0011_generated.wav | RTF: 0.2640(1.683s / 6.375s) | Generator RTF: 0.2634(1.679s / 6.375s)
generated_audios/generated_H3_256C_pruned50/61-70968-0012_generated.wav | RTF: 0.2638(0.688s / 2.610s) | Generator RTF: 0.2625(0.685s / 2.610s)
generated_audios/generated_H3_256C_pruned50/61-70968-0013_generated.wav | RTF: 0.2693(1.198s / 4.450s) | Generator RTF: 0.2685(1.195s / 4.450s)
generated_audios/generated_H3_256C_pruned50/61-70968-0014_generated.wav | RTF: 0.2759(2.065s / 7.485s) | Generator RTF: 0.2754(2.061s / 7.485s)
generated_audios/generated_H3_256C_pruned50/61-70968-0015_generated.wav | RTF: 0.2596(1.395s / 5.375s) | Generator RTF: 0.2590(1.392s / 5.375s)
generated_audios/generated_H3_256C_pruned50/61-70968-0016_generated.wav | RTF: 0.2594(0.965s / 3.720s) | Generator RTF: 0.2586(0.962s / 3.720s)
generated_audios/generated_H3_256C_pruned50/61-70968-0017_generated.wav | RTF: 0.2674(1.366s / 5.110s) | Generator RTF: 0.2667(1.363s / 5.110s)
generated_audios/generated_H3_256C_pruned50/61-70968-0018_generated.wav | RTF: 0.2558(0.615s / 2.405s) | Generator RTF: 0.2546(0.612s / 2.405s)
generated_audios/generated_H3_256C_pruned50/61-70968-0019_generated.wav | RTF: 0.2650(1.451s / 5.475s) | Generator RTF: 0.2644(1.447s / 5.475s)
Average RTF: 0.2649(23.998s / 90.585s)
Average Generator RTF: 0.2641(23.926s / 90.585s)
Evaluation summary:
  Mel-spectrogram L1: 0.330270
  PESQ: 1.881946
  STOI: 0.919233

Appended metrics to CSV: experiments_results.csv
========== H3: pruning 70% ==========
Initializing Inference Process..
Using device: cpu (baseline and quantized inference both run on CPU)
Loading '/home/hpc/vlbi/vlbi107v/hifi-gan/cp_hifigan/v1_c256_ft70/g_00265000'
Complete.
Checkpoint contains masked pruning parameters. Preparing masked model before loading...
Removing weight norm...
Skipping ConvTranspose1d pruning for ups.0
Skipping ConvTranspose1d pruning for ups.1
Skipping ConvTranspose1d pruning for ups.2
Skipping ConvTranspose1d pruning for ups.3
Pruning (with mask) resblocks.0.convs1.0 (Conv1d): out_channels=128, dim=0, amount=0.0
Done pruning (with mask) resblocks.0.convs1.0 (Conv1d)
Pruning (with mask) resblocks.0.convs1.1 (Conv1d): out_channels=128, dim=0, amount=0.0
Done pruning (with mask) resblocks.0.convs1.1 (Conv1d)
Pruning (with mask) resblocks.0.convs1.2 (Conv1d): out_channels=128, dim=0, amount=0.0
Done pruning (with mask) resblocks.0.convs1.2 (Conv1d)
Pruning (with mask) resblocks.0.convs2.0 (Conv1d): out_channels=128, dim=0, amount=0.0
Done pruning (with mask) resblocks.0.convs2.0 (Conv1d)
Pruning (with mask) resblocks.0.convs2.1 (Conv1d): out_channels=128, dim=0, amount=0.0
Done pruning (with mask) resblocks.0.convs2.1 (Conv1d)
Pruning (with mask) resblocks.0.convs2.2 (Conv1d): out_channels=128, dim=0, amount=0.0
Done pruning (with mask) resblocks.0.convs2.2 (Conv1d)
Pruning (with mask) resblocks.1.convs1.0 (Conv1d): out_channels=128, dim=0, amount=0.0
Done pruning (with mask) resblocks.1.convs1.0 (Conv1d)
Pruning (with mask) resblocks.1.convs1.1 (Conv1d): out_channels=128, dim=0, amount=0.0
Done pruning (with mask) resblocks.1.convs1.1 (Conv1d)
Pruning (with mask) resblocks.1.convs1.2 (Conv1d): out_channels=128, dim=0, amount=0.0
Done pruning (with mask) resblocks.1.convs1.2 (Conv1d)
Pruning (with mask) resblocks.1.convs2.0 (Conv1d): out_channels=128, dim=0, amount=0.0
Done pruning (with mask) resblocks.1.convs2.0 (Conv1d)
Pruning (with mask) resblocks.1.convs2.1 (Conv1d): out_channels=128, dim=0, amount=0.0
Done pruning (with mask) resblocks.1.convs2.1 (Conv1d)
Pruning (with mask) resblocks.1.convs2.2 (Conv1d): out_channels=128, dim=0, amount=0.0
Done pruning (with mask) resblocks.1.convs2.2 (Conv1d)
Pruning (with mask) resblocks.2.convs1.0 (Conv1d): out_channels=128, dim=0, amount=0.0
Done pruning (with mask) resblocks.2.convs1.0 (Conv1d)
Pruning (with mask) resblocks.2.convs1.1 (Conv1d): out_channels=128, dim=0, amount=0.0
Done pruning (with mask) resblocks.2.convs1.1 (Conv1d)
Pruning (with mask) resblocks.2.convs1.2 (Conv1d): out_channels=128, dim=0, amount=0.0
Done pruning (with mask) resblocks.2.convs1.2 (Conv1d)
Pruning (with mask) resblocks.2.convs2.0 (Conv1d): out_channels=128, dim=0, amount=0.0
Done pruning (with mask) resblocks.2.convs2.0 (Conv1d)
Pruning (with mask) resblocks.2.convs2.1 (Conv1d): out_channels=128, dim=0, amount=0.0
Done pruning (with mask) resblocks.2.convs2.1 (Conv1d)
Pruning (with mask) resblocks.2.convs2.2 (Conv1d): out_channels=128, dim=0, amount=0.0
Done pruning (with mask) resblocks.2.convs2.2 (Conv1d)
Pruning (with mask) resblocks.3.convs1.0 (Conv1d): out_channels=64, dim=0, amount=0.0
Done pruning (with mask) resblocks.3.convs1.0 (Conv1d)
Pruning (with mask) resblocks.3.convs1.1 (Conv1d): out_channels=64, dim=0, amount=0.0
Done pruning (with mask) resblocks.3.convs1.1 (Conv1d)
Pruning (with mask) resblocks.3.convs1.2 (Conv1d): out_channels=64, dim=0, amount=0.0
Done pruning (with mask) resblocks.3.convs1.2 (Conv1d)
Pruning (with mask) resblocks.3.convs2.0 (Conv1d): out_channels=64, dim=0, amount=0.0
Done pruning (with mask) resblocks.3.convs2.0 (Conv1d)
Pruning (with mask) resblocks.3.convs2.1 (Conv1d): out_channels=64, dim=0, amount=0.0
Done pruning (with mask) resblocks.3.convs2.1 (Conv1d)
Pruning (with mask) resblocks.3.convs2.2 (Conv1d): out_channels=64, dim=0, amount=0.0
Done pruning (with mask) resblocks.3.convs2.2 (Conv1d)
Pruning (with mask) resblocks.4.convs1.0 (Conv1d): out_channels=64, dim=0, amount=0.0
Done pruning (with mask) resblocks.4.convs1.0 (Conv1d)
Pruning (with mask) resblocks.4.convs1.1 (Conv1d): out_channels=64, dim=0, amount=0.0
Done pruning (with mask) resblocks.4.convs1.1 (Conv1d)
Pruning (with mask) resblocks.4.convs1.2 (Conv1d): out_channels=64, dim=0, amount=0.0
Done pruning (with mask) resblocks.4.convs1.2 (Conv1d)
Pruning (with mask) resblocks.4.convs2.0 (Conv1d): out_channels=64, dim=0, amount=0.0
Done pruning (with mask) resblocks.4.convs2.0 (Conv1d)
Pruning (with mask) resblocks.4.convs2.1 (Conv1d): out_channels=64, dim=0, amount=0.0
Done pruning (with mask) resblocks.4.convs2.1 (Conv1d)
Pruning (with mask) resblocks.4.convs2.2 (Conv1d): out_channels=64, dim=0, amount=0.0
Done pruning (with mask) resblocks.4.convs2.2 (Conv1d)
Pruning (with mask) resblocks.5.convs1.0 (Conv1d): out_channels=64, dim=0, amount=0.0
Done pruning (with mask) resblocks.5.convs1.0 (Conv1d)
Pruning (with mask) resblocks.5.convs1.1 (Conv1d): out_channels=64, dim=0, amount=0.0
Done pruning (with mask) resblocks.5.convs1.1 (Conv1d)
Pruning (with mask) resblocks.5.convs1.2 (Conv1d): out_channels=64, dim=0, amount=0.0
Done pruning (with mask) resblocks.5.convs1.2 (Conv1d)
Pruning (with mask) resblocks.5.convs2.0 (Conv1d): out_channels=64, dim=0, amount=0.0
Done pruning (with mask) resblocks.5.convs2.0 (Conv1d)
Pruning (with mask) resblocks.5.convs2.1 (Conv1d): out_channels=64, dim=0, amount=0.0
Done pruning (with mask) resblocks.5.convs2.1 (Conv1d)
Pruning (with mask) resblocks.5.convs2.2 (Conv1d): out_channels=64, dim=0, amount=0.0
Done pruning (with mask) resblocks.5.convs2.2 (Conv1d)
Pruning (with mask) resblocks.6.convs1.0 (Conv1d): out_channels=32, dim=0, amount=0.0
Done pruning (with mask) resblocks.6.convs1.0 (Conv1d)
Pruning (with mask) resblocks.6.convs1.1 (Conv1d): out_channels=32, dim=0, amount=0.0
Done pruning (with mask) resblocks.6.convs1.1 (Conv1d)
Pruning (with mask) resblocks.6.convs1.2 (Conv1d): out_channels=32, dim=0, amount=0.0
Done pruning (with mask) resblocks.6.convs1.2 (Conv1d)
Pruning (with mask) resblocks.6.convs2.0 (Conv1d): out_channels=32, dim=0, amount=0.0
Done pruning (with mask) resblocks.6.convs2.0 (Conv1d)
Pruning (with mask) resblocks.6.convs2.1 (Conv1d): out_channels=32, dim=0, amount=0.0
Done pruning (with mask) resblocks.6.convs2.1 (Conv1d)
Pruning (with mask) resblocks.6.convs2.2 (Conv1d): out_channels=32, dim=0, amount=0.0
Done pruning (with mask) resblocks.6.convs2.2 (Conv1d)
Pruning (with mask) resblocks.7.convs1.0 (Conv1d): out_channels=32, dim=0, amount=0.0
Done pruning (with mask) resblocks.7.convs1.0 (Conv1d)
Pruning (with mask) resblocks.7.convs1.1 (Conv1d): out_channels=32, dim=0, amount=0.0
Done pruning (with mask) resblocks.7.convs1.1 (Conv1d)
Pruning (with mask) resblocks.7.convs1.2 (Conv1d): out_channels=32, dim=0, amount=0.0
Done pruning (with mask) resblocks.7.convs1.2 (Conv1d)
Pruning (with mask) resblocks.7.convs2.0 (Conv1d): out_channels=32, dim=0, amount=0.0
Done pruning (with mask) resblocks.7.convs2.0 (Conv1d)
Pruning (with mask) resblocks.7.convs2.1 (Conv1d): out_channels=32, dim=0, amount=0.0
Done pruning (with mask) resblocks.7.convs2.1 (Conv1d)
Pruning (with mask) resblocks.7.convs2.2 (Conv1d): out_channels=32, dim=0, amount=0.0
Done pruning (with mask) resblocks.7.convs2.2 (Conv1d)
Pruning (with mask) resblocks.8.convs1.0 (Conv1d): out_channels=32, dim=0, amount=0.0
Done pruning (with mask) resblocks.8.convs1.0 (Conv1d)
Pruning (with mask) resblocks.8.convs1.1 (Conv1d): out_channels=32, dim=0, amount=0.0
Done pruning (with mask) resblocks.8.convs1.1 (Conv1d)
Pruning (with mask) resblocks.8.convs1.2 (Conv1d): out_channels=32, dim=0, amount=0.0
Done pruning (with mask) resblocks.8.convs1.2 (Conv1d)
Pruning (with mask) resblocks.8.convs2.0 (Conv1d): out_channels=32, dim=0, amount=0.0
Done pruning (with mask) resblocks.8.convs2.0 (Conv1d)
Pruning (with mask) resblocks.8.convs2.1 (Conv1d): out_channels=32, dim=0, amount=0.0
Done pruning (with mask) resblocks.8.convs2.1 (Conv1d)
Pruning (with mask) resblocks.8.convs2.2 (Conv1d): out_channels=32, dim=0, amount=0.0
Done pruning (with mask) resblocks.8.convs2.2 (Conv1d)
Pruning (with mask) resblocks.9.convs1.0 (Conv1d): out_channels=16, dim=0, amount=0.0
Done pruning (with mask) resblocks.9.convs1.0 (Conv1d)
Pruning (with mask) resblocks.9.convs1.1 (Conv1d): out_channels=16, dim=0, amount=0.0
Done pruning (with mask) resblocks.9.convs1.1 (Conv1d)
Pruning (with mask) resblocks.9.convs1.2 (Conv1d): out_channels=16, dim=0, amount=0.0
Done pruning (with mask) resblocks.9.convs1.2 (Conv1d)
Pruning (with mask) resblocks.9.convs2.0 (Conv1d): out_channels=16, dim=0, amount=0.0
Done pruning (with mask) resblocks.9.convs2.0 (Conv1d)
Pruning (with mask) resblocks.9.convs2.1 (Conv1d): out_channels=16, dim=0, amount=0.0
Done pruning (with mask) resblocks.9.convs2.1 (Conv1d)
Pruning (with mask) resblocks.9.convs2.2 (Conv1d): out_channels=16, dim=0, amount=0.0
Done pruning (with mask) resblocks.9.convs2.2 (Conv1d)
Pruning (with mask) resblocks.10.convs1.0 (Conv1d): out_channels=16, dim=0, amount=0.0
Done pruning (with mask) resblocks.10.convs1.0 (Conv1d)
Pruning (with mask) resblocks.10.convs1.1 (Conv1d): out_channels=16, dim=0, amount=0.0
Done pruning (with mask) resblocks.10.convs1.1 (Conv1d)
Pruning (with mask) resblocks.10.convs1.2 (Conv1d): out_channels=16, dim=0, amount=0.0
Done pruning (with mask) resblocks.10.convs1.2 (Conv1d)
Pruning (with mask) resblocks.10.convs2.0 (Conv1d): out_channels=16, dim=0, amount=0.0
Done pruning (with mask) resblocks.10.convs2.0 (Conv1d)
Pruning (with mask) resblocks.10.convs2.1 (Conv1d): out_channels=16, dim=0, amount=0.0
Done pruning (with mask) resblocks.10.convs2.1 (Conv1d)
Pruning (with mask) resblocks.10.convs2.2 (Conv1d): out_channels=16, dim=0, amount=0.0
Done pruning (with mask) resblocks.10.convs2.2 (Conv1d)
Pruning (with mask) resblocks.11.convs1.0 (Conv1d): out_channels=16, dim=0, amount=0.0
Done pruning (with mask) resblocks.11.convs1.0 (Conv1d)
Pruning (with mask) resblocks.11.convs1.1 (Conv1d): out_channels=16, dim=0, amount=0.0
Done pruning (with mask) resblocks.11.convs1.1 (Conv1d)
Pruning (with mask) resblocks.11.convs1.2 (Conv1d): out_channels=16, dim=0, amount=0.0
Done pruning (with mask) resblocks.11.convs1.2 (Conv1d)
Pruning (with mask) resblocks.11.convs2.0 (Conv1d): out_channels=16, dim=0, amount=0.0
Done pruning (with mask) resblocks.11.convs2.0 (Conv1d)
Pruning (with mask) resblocks.11.convs2.1 (Conv1d): out_channels=16, dim=0, amount=0.0
Done pruning (with mask) resblocks.11.convs2.1 (Conv1d)
Pruning (with mask) resblocks.11.convs2.2 (Conv1d): out_channels=16, dim=0, amount=0.0
Done pruning (with mask) resblocks.11.convs2.2 (Conv1d)
Removing pruning masks from masked checkpoint before inference...
Removed pruning masks from 72 modules
Saving checkpoint to /home/hpc/vlbi/vlbi107v/hifi-gan/cp_hifigan/v1_c256_ft70/compressed_checkpoint
Complete.
Saved compressed checkpoint: /home/hpc/vlbi/vlbi107v/hifi-gan/cp_hifigan/v1_c256_ft70/compressed_checkpoint (13.616 MB)
Compressed checkpoint parameters: 3,555,649
Clean mask-free checkpoint saved: /home/hpc/vlbi/vlbi107v/hifi-gan/cp_hifigan/v1_c256_ft70/compressed_checkpoint (13.616 MB)
Loaded checkpoint: /home/hpc/vlbi/vlbi107v/hifi-gan/cp_hifigan/v1_c256_ft70/g_00265000 (24.098 MB)
Generator parameters: 3,555,649
generated_audios/generated_H3_256C_pruned70/61-70968-0000_generated.wav | RTF: 0.2736(1.342s / 4.905s) | Generator RTF: 0.2725(1.337s / 4.905s)
generated_audios/generated_H3_256C_pruned70/61-70968-0001_generated.wav | RTF: 0.2585(0.933s / 3.610s) | Generator RTF: 0.2576(0.930s / 3.610s)
generated_audios/generated_H3_256C_pruned70/61-70968-0002_generated.wav | RTF: 0.2512(0.746s / 2.970s) | Generator RTF: 0.2499(0.742s / 2.970s)
generated_audios/generated_H3_256C_pruned70/61-70968-0003_generated.wav | RTF: 0.2753(1.188s / 4.315s) | Generator RTF: 0.2746(1.185s / 4.315s)
generated_audios/generated_H3_256C_pruned70/61-70968-0004_generated.wav | RTF: 0.2645(1.028s / 3.885s) | Generator RTF: 0.2636(1.024s / 3.885s)
generated_audios/generated_H3_256C_pruned70/61-70968-0005_generated.wav | RTF: 0.2759(1.399s / 5.070s) | Generator RTF: 0.2752(1.396s / 5.070s)
generated_audios/generated_H3_256C_pruned70/61-70968-0006_generated.wav | RTF: 0.2533(0.743s / 2.935s) | Generator RTF: 0.2521(0.740s / 2.935s)
generated_audios/generated_H3_256C_pruned70/61-70968-0007_generated.wav | RTF: 0.2586(0.918s / 3.550s) | Generator RTF: 0.2577(0.915s / 3.550s)
generated_audios/generated_H3_256C_pruned70/61-70968-0008_generated.wav | RTF: 0.2600(0.919s / 3.535s) | Generator RTF: 0.2590(0.916s / 3.535s)
generated_audios/generated_H3_256C_pruned70/61-70968-0009_generated.wav | RTF: 0.2612(1.178s / 4.510s) | Generator RTF: 0.2605(1.175s / 4.510s)
generated_audios/generated_H3_256C_pruned70/61-70968-0010_generated.wav | RTF: 0.2629(2.181s / 8.295s) | Generator RTF: 0.2625(2.177s / 8.295s)
generated_audios/generated_H3_256C_pruned70/61-70968-0011_generated.wav | RTF: 0.2631(1.678s / 6.375s) | Generator RTF: 0.2625(1.674s / 6.375s)
generated_audios/generated_H3_256C_pruned70/61-70968-0012_generated.wav | RTF: 0.2666(0.696s / 2.610s) | Generator RTF: 0.2655(0.693s / 2.610s)
generated_audios/generated_H3_256C_pruned70/61-70968-0013_generated.wav | RTF: 0.2804(1.248s / 4.450s) | Generator RTF: 0.2797(1.245s / 4.450s)
generated_audios/generated_H3_256C_pruned70/61-70968-0014_generated.wav | RTF: 0.2706(2.026s / 7.485s) | Generator RTF: 0.2700(2.021s / 7.485s)
generated_audios/generated_H3_256C_pruned70/61-70968-0015_generated.wav | RTF: 0.2606(1.401s / 5.375s) | Generator RTF: 0.2600(1.397s / 5.375s)
generated_audios/generated_H3_256C_pruned70/61-70968-0016_generated.wav | RTF: 0.2619(0.974s / 3.720s) | Generator RTF: 0.2609(0.971s / 3.720s)
generated_audios/generated_H3_256C_pruned70/61-70968-0017_generated.wav | RTF: 0.2670(1.364s / 5.110s) | Generator RTF: 0.2664(1.361s / 5.110s)
generated_audios/generated_H3_256C_pruned70/61-70968-0018_generated.wav | RTF: 0.2543(0.612s / 2.405s) | Generator RTF: 0.2531(0.609s / 2.405s)
generated_audios/generated_H3_256C_pruned70/61-70968-0019_generated.wav | RTF: 0.2590(1.418s / 5.475s) | Generator RTF: 0.2584(1.415s / 5.475s)
Average RTF: 0.2648(23.991s / 90.585s)
Average Generator RTF: 0.2641(23.920s / 90.585s)
Evaluation summary:
  Mel-spectrogram L1: 0.365620
  PESQ: 1.719283
  STOI: 0.901482

Appended metrics to CSV: experiments_results.csv
========== H4: pruning 30% + quantize ==========
Initializing Inference Process..
Using device: cpu (baseline and quantized inference both run on CPU)
Quantization enabled: forcing CPU inference for INT8 model.
Loading '/home/hpc/vlbi/vlbi107v/hifi-gan/cp_hifigan/v1_c256_ft30/g_00265000'
Complete.
Checkpoint contains masked pruning parameters. Preparing masked model before loading...
Removing weight norm...
Skipping ConvTranspose1d pruning for ups.0
Skipping ConvTranspose1d pruning for ups.1
Skipping ConvTranspose1d pruning for ups.2
Skipping ConvTranspose1d pruning for ups.3
Pruning (with mask) resblocks.0.convs1.0 (Conv1d): out_channels=128, dim=0, amount=0.0
Done pruning (with mask) resblocks.0.convs1.0 (Conv1d)
Pruning (with mask) resblocks.0.convs1.1 (Conv1d): out_channels=128, dim=0, amount=0.0
Done pruning (with mask) resblocks.0.convs1.1 (Conv1d)
Pruning (with mask) resblocks.0.convs1.2 (Conv1d): out_channels=128, dim=0, amount=0.0
Done pruning (with mask) resblocks.0.convs1.2 (Conv1d)
Pruning (with mask) resblocks.0.convs2.0 (Conv1d): out_channels=128, dim=0, amount=0.0
Done pruning (with mask) resblocks.0.convs2.0 (Conv1d)
Pruning (with mask) resblocks.0.convs2.1 (Conv1d): out_channels=128, dim=0, amount=0.0
Done pruning (with mask) resblocks.0.convs2.1 (Conv1d)
Pruning (with mask) resblocks.0.convs2.2 (Conv1d): out_channels=128, dim=0, amount=0.0
Done pruning (with mask) resblocks.0.convs2.2 (Conv1d)
Pruning (with mask) resblocks.1.convs1.0 (Conv1d): out_channels=128, dim=0, amount=0.0
Done pruning (with mask) resblocks.1.convs1.0 (Conv1d)
Pruning (with mask) resblocks.1.convs1.1 (Conv1d): out_channels=128, dim=0, amount=0.0
Done pruning (with mask) resblocks.1.convs1.1 (Conv1d)
Pruning (with mask) resblocks.1.convs1.2 (Conv1d): out_channels=128, dim=0, amount=0.0
Done pruning (with mask) resblocks.1.convs1.2 (Conv1d)
Pruning (with mask) resblocks.1.convs2.0 (Conv1d): out_channels=128, dim=0, amount=0.0
Done pruning (with mask) resblocks.1.convs2.0 (Conv1d)
Pruning (with mask) resblocks.1.convs2.1 (Conv1d): out_channels=128, dim=0, amount=0.0
Done pruning (with mask) resblocks.1.convs2.1 (Conv1d)
Pruning (with mask) resblocks.1.convs2.2 (Conv1d): out_channels=128, dim=0, amount=0.0
Done pruning (with mask) resblocks.1.convs2.2 (Conv1d)
Pruning (with mask) resblocks.2.convs1.0 (Conv1d): out_channels=128, dim=0, amount=0.0
Done pruning (with mask) resblocks.2.convs1.0 (Conv1d)
Pruning (with mask) resblocks.2.convs1.1 (Conv1d): out_channels=128, dim=0, amount=0.0
Done pruning (with mask) resblocks.2.convs1.1 (Conv1d)
Pruning (with mask) resblocks.2.convs1.2 (Conv1d): out_channels=128, dim=0, amount=0.0
Done pruning (with mask) resblocks.2.convs1.2 (Conv1d)
Pruning (with mask) resblocks.2.convs2.0 (Conv1d): out_channels=128, dim=0, amount=0.0
Done pruning (with mask) resblocks.2.convs2.0 (Conv1d)
Pruning (with mask) resblocks.2.convs2.1 (Conv1d): out_channels=128, dim=0, amount=0.0
Done pruning (with mask) resblocks.2.convs2.1 (Conv1d)
Pruning (with mask) resblocks.2.convs2.2 (Conv1d): out_channels=128, dim=0, amount=0.0
Done pruning (with mask) resblocks.2.convs2.2 (Conv1d)
Pruning (with mask) resblocks.3.convs1.0 (Conv1d): out_channels=64, dim=0, amount=0.0
Done pruning (with mask) resblocks.3.convs1.0 (Conv1d)
Pruning (with mask) resblocks.3.convs1.1 (Conv1d): out_channels=64, dim=0, amount=0.0
Done pruning (with mask) resblocks.3.convs1.1 (Conv1d)
Pruning (with mask) resblocks.3.convs1.2 (Conv1d): out_channels=64, dim=0, amount=0.0
Done pruning (with mask) resblocks.3.convs1.2 (Conv1d)
Pruning (with mask) resblocks.3.convs2.0 (Conv1d): out_channels=64, dim=0, amount=0.0
Done pruning (with mask) resblocks.3.convs2.0 (Conv1d)
Pruning (with mask) resblocks.3.convs2.1 (Conv1d): out_channels=64, dim=0, amount=0.0
Done pruning (with mask) resblocks.3.convs2.1 (Conv1d)
Pruning (with mask) resblocks.3.convs2.2 (Conv1d): out_channels=64, dim=0, amount=0.0
Done pruning (with mask) resblocks.3.convs2.2 (Conv1d)
Pruning (with mask) resblocks.4.convs1.0 (Conv1d): out_channels=64, dim=0, amount=0.0
Done pruning (with mask) resblocks.4.convs1.0 (Conv1d)
Pruning (with mask) resblocks.4.convs1.1 (Conv1d): out_channels=64, dim=0, amount=0.0
Done pruning (with mask) resblocks.4.convs1.1 (Conv1d)
Pruning (with mask) resblocks.4.convs1.2 (Conv1d): out_channels=64, dim=0, amount=0.0
Done pruning (with mask) resblocks.4.convs1.2 (Conv1d)
Pruning (with mask) resblocks.4.convs2.0 (Conv1d): out_channels=64, dim=0, amount=0.0
Done pruning (with mask) resblocks.4.convs2.0 (Conv1d)
Pruning (with mask) resblocks.4.convs2.1 (Conv1d): out_channels=64, dim=0, amount=0.0
Done pruning (with mask) resblocks.4.convs2.1 (Conv1d)
Pruning (with mask) resblocks.4.convs2.2 (Conv1d): out_channels=64, dim=0, amount=0.0
Done pruning (with mask) resblocks.4.convs2.2 (Conv1d)
Pruning (with mask) resblocks.5.convs1.0 (Conv1d): out_channels=64, dim=0, amount=0.0
Done pruning (with mask) resblocks.5.convs1.0 (Conv1d)
Pruning (with mask) resblocks.5.convs1.1 (Conv1d): out_channels=64, dim=0, amount=0.0
Done pruning (with mask) resblocks.5.convs1.1 (Conv1d)
Pruning (with mask) resblocks.5.convs1.2 (Conv1d): out_channels=64, dim=0, amount=0.0
Done pruning (with mask) resblocks.5.convs1.2 (Conv1d)
Pruning (with mask) resblocks.5.convs2.0 (Conv1d): out_channels=64, dim=0, amount=0.0
Done pruning (with mask) resblocks.5.convs2.0 (Conv1d)
Pruning (with mask) resblocks.5.convs2.1 (Conv1d): out_channels=64, dim=0, amount=0.0
Done pruning (with mask) resblocks.5.convs2.1 (Conv1d)
Pruning (with mask) resblocks.5.convs2.2 (Conv1d): out_channels=64, dim=0, amount=0.0
Done pruning (with mask) resblocks.5.convs2.2 (Conv1d)
Pruning (with mask) resblocks.6.convs1.0 (Conv1d): out_channels=32, dim=0, amount=0.0
Done pruning (with mask) resblocks.6.convs1.0 (Conv1d)
Pruning (with mask) resblocks.6.convs1.1 (Conv1d): out_channels=32, dim=0, amount=0.0
Done pruning (with mask) resblocks.6.convs1.1 (Conv1d)
Pruning (with mask) resblocks.6.convs1.2 (Conv1d): out_channels=32, dim=0, amount=0.0
Done pruning (with mask) resblocks.6.convs1.2 (Conv1d)
Pruning (with mask) resblocks.6.convs2.0 (Conv1d): out_channels=32, dim=0, amount=0.0
Done pruning (with mask) resblocks.6.convs2.0 (Conv1d)
Pruning (with mask) resblocks.6.convs2.1 (Conv1d): out_channels=32, dim=0, amount=0.0
Done pruning (with mask) resblocks.6.convs2.1 (Conv1d)
Pruning (with mask) resblocks.6.convs2.2 (Conv1d): out_channels=32, dim=0, amount=0.0
Done pruning (with mask) resblocks.6.convs2.2 (Conv1d)
Pruning (with mask) resblocks.7.convs1.0 (Conv1d): out_channels=32, dim=0, amount=0.0
Done pruning (with mask) resblocks.7.convs1.0 (Conv1d)
Pruning (with mask) resblocks.7.convs1.1 (Conv1d): out_channels=32, dim=0, amount=0.0
Done pruning (with mask) resblocks.7.convs1.1 (Conv1d)
Pruning (with mask) resblocks.7.convs1.2 (Conv1d): out_channels=32, dim=0, amount=0.0
Done pruning (with mask) resblocks.7.convs1.2 (Conv1d)
Pruning (with mask) resblocks.7.convs2.0 (Conv1d): out_channels=32, dim=0, amount=0.0
Done pruning (with mask) resblocks.7.convs2.0 (Conv1d)
Pruning (with mask) resblocks.7.convs2.1 (Conv1d): out_channels=32, dim=0, amount=0.0
Done pruning (with mask) resblocks.7.convs2.1 (Conv1d)
Pruning (with mask) resblocks.7.convs2.2 (Conv1d): out_channels=32, dim=0, amount=0.0
Done pruning (with mask) resblocks.7.convs2.2 (Conv1d)
Pruning (with mask) resblocks.8.convs1.0 (Conv1d): out_channels=32, dim=0, amount=0.0
Done pruning (with mask) resblocks.8.convs1.0 (Conv1d)
Pruning (with mask) resblocks.8.convs1.1 (Conv1d): out_channels=32, dim=0, amount=0.0
Done pruning (with mask) resblocks.8.convs1.1 (Conv1d)
Pruning (with mask) resblocks.8.convs1.2 (Conv1d): out_channels=32, dim=0, amount=0.0
Done pruning (with mask) resblocks.8.convs1.2 (Conv1d)
Pruning (with mask) resblocks.8.convs2.0 (Conv1d): out_channels=32, dim=0, amount=0.0
Done pruning (with mask) resblocks.8.convs2.0 (Conv1d)
Pruning (with mask) resblocks.8.convs2.1 (Conv1d): out_channels=32, dim=0, amount=0.0
Done pruning (with mask) resblocks.8.convs2.1 (Conv1d)
Pruning (with mask) resblocks.8.convs2.2 (Conv1d): out_channels=32, dim=0, amount=0.0
Done pruning (with mask) resblocks.8.convs2.2 (Conv1d)
Pruning (with mask) resblocks.9.convs1.0 (Conv1d): out_channels=16, dim=0, amount=0.0
Done pruning (with mask) resblocks.9.convs1.0 (Conv1d)
Pruning (with mask) resblocks.9.convs1.1 (Conv1d): out_channels=16, dim=0, amount=0.0
Done pruning (with mask) resblocks.9.convs1.1 (Conv1d)
Pruning (with mask) resblocks.9.convs1.2 (Conv1d): out_channels=16, dim=0, amount=0.0
Done pruning (with mask) resblocks.9.convs1.2 (Conv1d)
Pruning (with mask) resblocks.9.convs2.0 (Conv1d): out_channels=16, dim=0, amount=0.0
Done pruning (with mask) resblocks.9.convs2.0 (Conv1d)
Pruning (with mask) resblocks.9.convs2.1 (Conv1d): out_channels=16, dim=0, amount=0.0
Done pruning (with mask) resblocks.9.convs2.1 (Conv1d)
Pruning (with mask) resblocks.9.convs2.2 (Conv1d): out_channels=16, dim=0, amount=0.0
Done pruning (with mask) resblocks.9.convs2.2 (Conv1d)
Pruning (with mask) resblocks.10.convs1.0 (Conv1d): out_channels=16, dim=0, amount=0.0
Done pruning (with mask) resblocks.10.convs1.0 (Conv1d)
Pruning (with mask) resblocks.10.convs1.1 (Conv1d): out_channels=16, dim=0, amount=0.0
Done pruning (with mask) resblocks.10.convs1.1 (Conv1d)
Pruning (with mask) resblocks.10.convs1.2 (Conv1d): out_channels=16, dim=0, amount=0.0
Done pruning (with mask) resblocks.10.convs1.2 (Conv1d)
Pruning (with mask) resblocks.10.convs2.0 (Conv1d): out_channels=16, dim=0, amount=0.0
Done pruning (with mask) resblocks.10.convs2.0 (Conv1d)
Pruning (with mask) resblocks.10.convs2.1 (Conv1d): out_channels=16, dim=0, amount=0.0
Done pruning (with mask) resblocks.10.convs2.1 (Conv1d)
Pruning (with mask) resblocks.10.convs2.2 (Conv1d): out_channels=16, dim=0, amount=0.0
Done pruning (with mask) resblocks.10.convs2.2 (Conv1d)
Pruning (with mask) resblocks.11.convs1.0 (Conv1d): out_channels=16, dim=0, amount=0.0
Done pruning (with mask) resblocks.11.convs1.0 (Conv1d)
Pruning (with mask) resblocks.11.convs1.1 (Conv1d): out_channels=16, dim=0, amount=0.0
Done pruning (with mask) resblocks.11.convs1.1 (Conv1d)
Pruning (with mask) resblocks.11.convs1.2 (Conv1d): out_channels=16, dim=0, amount=0.0
Done pruning (with mask) resblocks.11.convs1.2 (Conv1d)
Pruning (with mask) resblocks.11.convs2.0 (Conv1d): out_channels=16, dim=0, amount=0.0
Done pruning (with mask) resblocks.11.convs2.0 (Conv1d)
Pruning (with mask) resblocks.11.convs2.1 (Conv1d): out_channels=16, dim=0, amount=0.0
Done pruning (with mask) resblocks.11.convs2.1 (Conv1d)
Pruning (with mask) resblocks.11.convs2.2 (Conv1d): out_channels=16, dim=0, amount=0.0
Done pruning (with mask) resblocks.11.convs2.2 (Conv1d)
Removing pruning masks from masked checkpoint before inference...
Removed pruning masks from 72 modules
Removing weight norm...
Calibrating static quantization using 20 samples...
INT8 quantization scope: resblocks_range
Quantizing residual blocks 3..8; all other layers stay FP32.
Checking quantized modules after static quantization:
Quantized module: resblocks.3.convs1.0 (torch.ao.nn.quantized.modules.conv.Conv1d)
Quantized module: resblocks.3.convs1.1 (torch.ao.nn.quantized.modules.conv.Conv1d)
Quantized module: resblocks.3.convs1.2 (torch.ao.nn.quantized.modules.conv.Conv1d)
Quantized module: resblocks.3.convs2.0 (torch.ao.nn.quantized.modules.conv.Conv1d)
Quantized module: resblocks.3.convs2.1 (torch.ao.nn.quantized.modules.conv.Conv1d)
Quantized module: resblocks.3.convs2.2 (torch.ao.nn.quantized.modules.conv.Conv1d)
Quantized module: resblocks.4.convs1.0 (torch.ao.nn.quantized.modules.conv.Conv1d)
Quantized module: resblocks.4.convs1.1 (torch.ao.nn.quantized.modules.conv.Conv1d)
Quantized module: resblocks.4.convs1.2 (torch.ao.nn.quantized.modules.conv.Conv1d)
Quantized module: resblocks.4.convs2.0 (torch.ao.nn.quantized.modules.conv.Conv1d)
Quantized module: resblocks.4.convs2.1 (torch.ao.nn.quantized.modules.conv.Conv1d)
Quantized module: resblocks.4.convs2.2 (torch.ao.nn.quantized.modules.conv.Conv1d)
Quantized module: resblocks.5.convs1.0 (torch.ao.nn.quantized.modules.conv.Conv1d)
Quantized module: resblocks.5.convs1.1 (torch.ao.nn.quantized.modules.conv.Conv1d)
Quantized module: resblocks.5.convs1.2 (torch.ao.nn.quantized.modules.conv.Conv1d)
Quantized module: resblocks.5.convs2.0 (torch.ao.nn.quantized.modules.conv.Conv1d)
Quantized module: resblocks.5.convs2.1 (torch.ao.nn.quantized.modules.conv.Conv1d)
Quantized module: resblocks.5.convs2.2 (torch.ao.nn.quantized.modules.conv.Conv1d)
Quantized module: resblocks.6.convs1.0 (torch.ao.nn.quantized.modules.conv.Conv1d)
Quantized module: resblocks.6.convs1.1 (torch.ao.nn.quantized.modules.conv.Conv1d)
Quantized module: resblocks.6.convs1.2 (torch.ao.nn.quantized.modules.conv.Conv1d)
Quantized module: resblocks.6.convs2.0 (torch.ao.nn.quantized.modules.conv.Conv1d)
Quantized module: resblocks.6.convs2.1 (torch.ao.nn.quantized.modules.conv.Conv1d)
Quantized module: resblocks.6.convs2.2 (torch.ao.nn.quantized.modules.conv.Conv1d)
Quantized module: resblocks.7.convs1.0 (torch.ao.nn.quantized.modules.conv.Conv1d)
Quantized module: resblocks.7.convs1.1 (torch.ao.nn.quantized.modules.conv.Conv1d)
Quantized module: resblocks.7.convs1.2 (torch.ao.nn.quantized.modules.conv.Conv1d)
Quantized module: resblocks.7.convs2.0 (torch.ao.nn.quantized.modules.conv.Conv1d)
Quantized module: resblocks.7.convs2.1 (torch.ao.nn.quantized.modules.conv.Conv1d)
Quantized module: resblocks.7.convs2.2 (torch.ao.nn.quantized.modules.conv.Conv1d)
Quantized module: resblocks.8.convs1.0 (torch.ao.nn.quantized.modules.conv.Conv1d)
Quantized module: resblocks.8.convs1.1 (torch.ao.nn.quantized.modules.conv.Conv1d)
Quantized module: resblocks.8.convs1.2 (torch.ao.nn.quantized.modules.conv.Conv1d)
Quantized module: resblocks.8.convs2.0 (torch.ao.nn.quantized.modules.conv.Conv1d)
Quantized module: resblocks.8.convs2.1 (torch.ao.nn.quantized.modules.conv.Conv1d)
Quantized module: resblocks.8.convs2.2 (torch.ao.nn.quantized.modules.conv.Conv1d)
Saving checkpoint to /home/hpc/vlbi/vlbi107v/hifi-gan/cp_hifigan/v1_c256_ft30/compressed_checkpoint_int8
Complete.
Saved compressed checkpoint: /home/hpc/vlbi/vlbi107v/hifi-gan/cp_hifigan/v1_c256_ft30/compressed_checkpoint_int8 (11.861 MB)
Compressed checkpoint parameters: 3,555,793
Loaded checkpoint: /home/hpc/vlbi/vlbi107v/hifi-gan/cp_hifigan/v1_c256_ft30/g_00265000 (24.098 MB)
Generator parameters: 3,555,793
generated_audios/generated_H4_256C_pruned30_int8/61-70968-0000_generated.wav | RTF: 0.0559(0.274s / 4.905s) | Generator RTF: 0.0554(0.272s / 4.905s)
generated_audios/generated_H4_256C_pruned30_int8/61-70968-0001_generated.wav | RTF: 0.0563(0.203s / 3.610s) | Generator RTF: 0.0553(0.200s / 3.610s)
generated_audios/generated_H4_256C_pruned30_int8/61-70968-0002_generated.wav | RTF: 0.0555(0.165s / 2.970s) | Generator RTF: 0.0544(0.162s / 2.970s)
generated_audios/generated_H4_256C_pruned30_int8/61-70968-0003_generated.wav | RTF: 0.0555(0.239s / 4.315s) | Generator RTF: 0.0547(0.236s / 4.315s)
generated_audios/generated_H4_256C_pruned30_int8/61-70968-0004_generated.wav | RTF: 0.0556(0.216s / 3.885s) | Generator RTF: 0.0548(0.213s / 3.885s)
generated_audios/generated_H4_256C_pruned30_int8/61-70968-0005_generated.wav | RTF: 0.0564(0.286s / 5.070s) | Generator RTF: 0.0557(0.282s / 5.070s)
generated_audios/generated_H4_256C_pruned30_int8/61-70968-0006_generated.wav | RTF: 0.0559(0.164s / 2.935s) | Generator RTF: 0.0549(0.161s / 2.935s)
generated_audios/generated_H4_256C_pruned30_int8/61-70968-0007_generated.wav | RTF: 0.0557(0.198s / 3.550s) | Generator RTF: 0.0547(0.194s / 3.550s)
generated_audios/generated_H4_256C_pruned30_int8/61-70968-0008_generated.wav | RTF: 0.0560(0.198s / 3.535s) | Generator RTF: 0.0550(0.195s / 3.535s)
generated_audios/generated_H4_256C_pruned30_int8/61-70968-0009_generated.wav | RTF: 0.0587(0.265s / 4.510s) | Generator RTF: 0.0579(0.261s / 4.510s)
generated_audios/generated_H4_256C_pruned30_int8/61-70968-0010_generated.wav | RTF: 0.0645(0.535s / 8.295s) | Generator RTF: 0.0640(0.531s / 8.295s)
generated_audios/generated_H4_256C_pruned30_int8/61-70968-0011_generated.wav | RTF: 0.0576(0.367s / 6.375s) | Generator RTF: 0.0570(0.363s / 6.375s)
generated_audios/generated_H4_256C_pruned30_int8/61-70968-0012_generated.wav | RTF: 0.0589(0.154s / 2.610s) | Generator RTF: 0.0577(0.151s / 2.610s)
generated_audios/generated_H4_256C_pruned30_int8/61-70968-0013_generated.wav | RTF: 0.0551(0.245s / 4.450s) | Generator RTF: 0.0544(0.242s / 4.450s)
generated_audios/generated_H4_256C_pruned30_int8/61-70968-0014_generated.wav | RTF: 0.0556(0.416s / 7.485s) | Generator RTF: 0.0551(0.412s / 7.485s)
generated_audios/generated_H4_256C_pruned30_int8/61-70968-0015_generated.wav | RTF: 0.0551(0.296s / 5.375s) | Generator RTF: 0.0544(0.292s / 5.375s)
generated_audios/generated_H4_256C_pruned30_int8/61-70968-0016_generated.wav | RTF: 0.0548(0.204s / 3.720s) | Generator RTF: 0.0540(0.201s / 3.720s)
generated_audios/generated_H4_256C_pruned30_int8/61-70968-0017_generated.wav | RTF: 0.0511(0.261s / 5.110s) | Generator RTF: 0.0503(0.257s / 5.110s)
generated_audios/generated_H4_256C_pruned30_int8/61-70968-0018_generated.wav | RTF: 0.0513(0.123s / 2.405s) | Generator RTF: 0.0501(0.121s / 2.405s)
generated_audios/generated_H4_256C_pruned30_int8/61-70968-0019_generated.wav | RTF: 0.0514(0.281s / 5.475s) | Generator RTF: 0.0507(0.278s / 5.475s)
Average RTF: 0.0562(5.090s / 90.585s)
Average Generator RTF: 0.0554(5.023s / 90.585s)
Evaluation summary:
  Mel-spectrogram L1: 0.582272
  PESQ: 2.097885
  STOI: 0.908521

Appended metrics to CSV: experiments_results.csv
========== H4: pruning 50% + quantize ==========
Initializing Inference Process..
Using device: cpu (baseline and quantized inference both run on CPU)
Quantization enabled: forcing CPU inference for INT8 model.
Loading '/home/hpc/vlbi/vlbi107v/hifi-gan/cp_hifigan/v1_c256_ft50/g_00265000'
Complete.
Checkpoint contains masked pruning parameters. Preparing masked model before loading...
Removing weight norm...
Skipping ConvTranspose1d pruning for ups.0
Skipping ConvTranspose1d pruning for ups.1
Skipping ConvTranspose1d pruning for ups.2
Skipping ConvTranspose1d pruning for ups.3
Pruning (with mask) resblocks.0.convs1.0 (Conv1d): out_channels=128, dim=0, amount=0.0
Done pruning (with mask) resblocks.0.convs1.0 (Conv1d)
Pruning (with mask) resblocks.0.convs1.1 (Conv1d): out_channels=128, dim=0, amount=0.0
Done pruning (with mask) resblocks.0.convs1.1 (Conv1d)
Pruning (with mask) resblocks.0.convs1.2 (Conv1d): out_channels=128, dim=0, amount=0.0
Done pruning (with mask) resblocks.0.convs1.2 (Conv1d)
Pruning (with mask) resblocks.0.convs2.0 (Conv1d): out_channels=128, dim=0, amount=0.0
Done pruning (with mask) resblocks.0.convs2.0 (Conv1d)
Pruning (with mask) resblocks.0.convs2.1 (Conv1d): out_channels=128, dim=0, amount=0.0
Done pruning (with mask) resblocks.0.convs2.1 (Conv1d)
Pruning (with mask) resblocks.0.convs2.2 (Conv1d): out_channels=128, dim=0, amount=0.0
Done pruning (with mask) resblocks.0.convs2.2 (Conv1d)
Pruning (with mask) resblocks.1.convs1.0 (Conv1d): out_channels=128, dim=0, amount=0.0
Done pruning (with mask) resblocks.1.convs1.0 (Conv1d)
Pruning (with mask) resblocks.1.convs1.1 (Conv1d): out_channels=128, dim=0, amount=0.0
Done pruning (with mask) resblocks.1.convs1.1 (Conv1d)
Pruning (with mask) resblocks.1.convs1.2 (Conv1d): out_channels=128, dim=0, amount=0.0
Done pruning (with mask) resblocks.1.convs1.2 (Conv1d)
Pruning (with mask) resblocks.1.convs2.0 (Conv1d): out_channels=128, dim=0, amount=0.0
Done pruning (with mask) resblocks.1.convs2.0 (Conv1d)
Pruning (with mask) resblocks.1.convs2.1 (Conv1d): out_channels=128, dim=0, amount=0.0
Done pruning (with mask) resblocks.1.convs2.1 (Conv1d)
Pruning (with mask) resblocks.1.convs2.2 (Conv1d): out_channels=128, dim=0, amount=0.0
Done pruning (with mask) resblocks.1.convs2.2 (Conv1d)
Pruning (with mask) resblocks.2.convs1.0 (Conv1d): out_channels=128, dim=0, amount=0.0
Done pruning (with mask) resblocks.2.convs1.0 (Conv1d)
Pruning (with mask) resblocks.2.convs1.1 (Conv1d): out_channels=128, dim=0, amount=0.0
Done pruning (with mask) resblocks.2.convs1.1 (Conv1d)
Pruning (with mask) resblocks.2.convs1.2 (Conv1d): out_channels=128, dim=0, amount=0.0
Done pruning (with mask) resblocks.2.convs1.2 (Conv1d)
Pruning (with mask) resblocks.2.convs2.0 (Conv1d): out_channels=128, dim=0, amount=0.0
Done pruning (with mask) resblocks.2.convs2.0 (Conv1d)
Pruning (with mask) resblocks.2.convs2.1 (Conv1d): out_channels=128, dim=0, amount=0.0
Done pruning (with mask) resblocks.2.convs2.1 (Conv1d)
Pruning (with mask) resblocks.2.convs2.2 (Conv1d): out_channels=128, dim=0, amount=0.0
Done pruning (with mask) resblocks.2.convs2.2 (Conv1d)
Pruning (with mask) resblocks.3.convs1.0 (Conv1d): out_channels=64, dim=0, amount=0.0
Done pruning (with mask) resblocks.3.convs1.0 (Conv1d)
Pruning (with mask) resblocks.3.convs1.1 (Conv1d): out_channels=64, dim=0, amount=0.0
Done pruning (with mask) resblocks.3.convs1.1 (Conv1d)
Pruning (with mask) resblocks.3.convs1.2 (Conv1d): out_channels=64, dim=0, amount=0.0
Done pruning (with mask) resblocks.3.convs1.2 (Conv1d)
Pruning (with mask) resblocks.3.convs2.0 (Conv1d): out_channels=64, dim=0, amount=0.0
Done pruning (with mask) resblocks.3.convs2.0 (Conv1d)
Pruning (with mask) resblocks.3.convs2.1 (Conv1d): out_channels=64, dim=0, amount=0.0
Done pruning (with mask) resblocks.3.convs2.1 (Conv1d)
Pruning (with mask) resblocks.3.convs2.2 (Conv1d): out_channels=64, dim=0, amount=0.0
Done pruning (with mask) resblocks.3.convs2.2 (Conv1d)
Pruning (with mask) resblocks.4.convs1.0 (Conv1d): out_channels=64, dim=0, amount=0.0
Done pruning (with mask) resblocks.4.convs1.0 (Conv1d)
Pruning (with mask) resblocks.4.convs1.1 (Conv1d): out_channels=64, dim=0, amount=0.0
Done pruning (with mask) resblocks.4.convs1.1 (Conv1d)
Pruning (with mask) resblocks.4.convs1.2 (Conv1d): out_channels=64, dim=0, amount=0.0
Done pruning (with mask) resblocks.4.convs1.2 (Conv1d)
Pruning (with mask) resblocks.4.convs2.0 (Conv1d): out_channels=64, dim=0, amount=0.0
Done pruning (with mask) resblocks.4.convs2.0 (Conv1d)
Pruning (with mask) resblocks.4.convs2.1 (Conv1d): out_channels=64, dim=0, amount=0.0
Done pruning (with mask) resblocks.4.convs2.1 (Conv1d)
Pruning (with mask) resblocks.4.convs2.2 (Conv1d): out_channels=64, dim=0, amount=0.0
Done pruning (with mask) resblocks.4.convs2.2 (Conv1d)
Pruning (with mask) resblocks.5.convs1.0 (Conv1d): out_channels=64, dim=0, amount=0.0
Done pruning (with mask) resblocks.5.convs1.0 (Conv1d)
Pruning (with mask) resblocks.5.convs1.1 (Conv1d): out_channels=64, dim=0, amount=0.0
Done pruning (with mask) resblocks.5.convs1.1 (Conv1d)
Pruning (with mask) resblocks.5.convs1.2 (Conv1d): out_channels=64, dim=0, amount=0.0
Done pruning (with mask) resblocks.5.convs1.2 (Conv1d)
Pruning (with mask) resblocks.5.convs2.0 (Conv1d): out_channels=64, dim=0, amount=0.0
Done pruning (with mask) resblocks.5.convs2.0 (Conv1d)
Pruning (with mask) resblocks.5.convs2.1 (Conv1d): out_channels=64, dim=0, amount=0.0
Done pruning (with mask) resblocks.5.convs2.1 (Conv1d)
Pruning (with mask) resblocks.5.convs2.2 (Conv1d): out_channels=64, dim=0, amount=0.0
Done pruning (with mask) resblocks.5.convs2.2 (Conv1d)
Pruning (with mask) resblocks.6.convs1.0 (Conv1d): out_channels=32, dim=0, amount=0.0
Done pruning (with mask) resblocks.6.convs1.0 (Conv1d)
Pruning (with mask) resblocks.6.convs1.1 (Conv1d): out_channels=32, dim=0, amount=0.0
Done pruning (with mask) resblocks.6.convs1.1 (Conv1d)
Pruning (with mask) resblocks.6.convs1.2 (Conv1d): out_channels=32, dim=0, amount=0.0
Done pruning (with mask) resblocks.6.convs1.2 (Conv1d)
Pruning (with mask) resblocks.6.convs2.0 (Conv1d): out_channels=32, dim=0, amount=0.0
Done pruning (with mask) resblocks.6.convs2.0 (Conv1d)
Pruning (with mask) resblocks.6.convs2.1 (Conv1d): out_channels=32, dim=0, amount=0.0
Done pruning (with mask) resblocks.6.convs2.1 (Conv1d)
Pruning (with mask) resblocks.6.convs2.2 (Conv1d): out_channels=32, dim=0, amount=0.0
Done pruning (with mask) resblocks.6.convs2.2 (Conv1d)
Pruning (with mask) resblocks.7.convs1.0 (Conv1d): out_channels=32, dim=0, amount=0.0
Done pruning (with mask) resblocks.7.convs1.0 (Conv1d)
Pruning (with mask) resblocks.7.convs1.1 (Conv1d): out_channels=32, dim=0, amount=0.0
Done pruning (with mask) resblocks.7.convs1.1 (Conv1d)
Pruning (with mask) resblocks.7.convs1.2 (Conv1d): out_channels=32, dim=0, amount=0.0
Done pruning (with mask) resblocks.7.convs1.2 (Conv1d)
Pruning (with mask) resblocks.7.convs2.0 (Conv1d): out_channels=32, dim=0, amount=0.0
Done pruning (with mask) resblocks.7.convs2.0 (Conv1d)
Pruning (with mask) resblocks.7.convs2.1 (Conv1d): out_channels=32, dim=0, amount=0.0
Done pruning (with mask) resblocks.7.convs2.1 (Conv1d)
Pruning (with mask) resblocks.7.convs2.2 (Conv1d): out_channels=32, dim=0, amount=0.0
Done pruning (with mask) resblocks.7.convs2.2 (Conv1d)
Pruning (with mask) resblocks.8.convs1.0 (Conv1d): out_channels=32, dim=0, amount=0.0
Done pruning (with mask) resblocks.8.convs1.0 (Conv1d)
Pruning (with mask) resblocks.8.convs1.1 (Conv1d): out_channels=32, dim=0, amount=0.0
Done pruning (with mask) resblocks.8.convs1.1 (Conv1d)
Pruning (with mask) resblocks.8.convs1.2 (Conv1d): out_channels=32, dim=0, amount=0.0
Done pruning (with mask) resblocks.8.convs1.2 (Conv1d)
Pruning (with mask) resblocks.8.convs2.0 (Conv1d): out_channels=32, dim=0, amount=0.0
Done pruning (with mask) resblocks.8.convs2.0 (Conv1d)
Pruning (with mask) resblocks.8.convs2.1 (Conv1d): out_channels=32, dim=0, amount=0.0
Done pruning (with mask) resblocks.8.convs2.1 (Conv1d)
Pruning (with mask) resblocks.8.convs2.2 (Conv1d): out_channels=32, dim=0, amount=0.0
Done pruning (with mask) resblocks.8.convs2.2 (Conv1d)
Pruning (with mask) resblocks.9.convs1.0 (Conv1d): out_channels=16, dim=0, amount=0.0
Done pruning (with mask) resblocks.9.convs1.0 (Conv1d)
Pruning (with mask) resblocks.9.convs1.1 (Conv1d): out_channels=16, dim=0, amount=0.0
Done pruning (with mask) resblocks.9.convs1.1 (Conv1d)
Pruning (with mask) resblocks.9.convs1.2 (Conv1d): out_channels=16, dim=0, amount=0.0
Done pruning (with mask) resblocks.9.convs1.2 (Conv1d)
Pruning (with mask) resblocks.9.convs2.0 (Conv1d): out_channels=16, dim=0, amount=0.0
Done pruning (with mask) resblocks.9.convs2.0 (Conv1d)
Pruning (with mask) resblocks.9.convs2.1 (Conv1d): out_channels=16, dim=0, amount=0.0
Done pruning (with mask) resblocks.9.convs2.1 (Conv1d)
Pruning (with mask) resblocks.9.convs2.2 (Conv1d): out_channels=16, dim=0, amount=0.0
Done pruning (with mask) resblocks.9.convs2.2 (Conv1d)
Pruning (with mask) resblocks.10.convs1.0 (Conv1d): out_channels=16, dim=0, amount=0.0
Done pruning (with mask) resblocks.10.convs1.0 (Conv1d)
Pruning (with mask) resblocks.10.convs1.1 (Conv1d): out_channels=16, dim=0, amount=0.0
Done pruning (with mask) resblocks.10.convs1.1 (Conv1d)
Pruning (with mask) resblocks.10.convs1.2 (Conv1d): out_channels=16, dim=0, amount=0.0
Done pruning (with mask) resblocks.10.convs1.2 (Conv1d)
Pruning (with mask) resblocks.10.convs2.0 (Conv1d): out_channels=16, dim=0, amount=0.0
Done pruning (with mask) resblocks.10.convs2.0 (Conv1d)
Pruning (with mask) resblocks.10.convs2.1 (Conv1d): out_channels=16, dim=0, amount=0.0
Done pruning (with mask) resblocks.10.convs2.1 (Conv1d)
Pruning (with mask) resblocks.10.convs2.2 (Conv1d): out_channels=16, dim=0, amount=0.0
Done pruning (with mask) resblocks.10.convs2.2 (Conv1d)
Pruning (with mask) resblocks.11.convs1.0 (Conv1d): out_channels=16, dim=0, amount=0.0
Done pruning (with mask) resblocks.11.convs1.0 (Conv1d)
Pruning (with mask) resblocks.11.convs1.1 (Conv1d): out_channels=16, dim=0, amount=0.0
Done pruning (with mask) resblocks.11.convs1.1 (Conv1d)
Pruning (with mask) resblocks.11.convs1.2 (Conv1d): out_channels=16, dim=0, amount=0.0
Done pruning (with mask) resblocks.11.convs1.2 (Conv1d)
Pruning (with mask) resblocks.11.convs2.0 (Conv1d): out_channels=16, dim=0, amount=0.0
Done pruning (with mask) resblocks.11.convs2.0 (Conv1d)
Pruning (with mask) resblocks.11.convs2.1 (Conv1d): out_channels=16, dim=0, amount=0.0
Done pruning (with mask) resblocks.11.convs2.1 (Conv1d)
Pruning (with mask) resblocks.11.convs2.2 (Conv1d): out_channels=16, dim=0, amount=0.0
Done pruning (with mask) resblocks.11.convs2.2 (Conv1d)
Removing pruning masks from masked checkpoint before inference...
Removed pruning masks from 72 modules
Removing weight norm...
Calibrating static quantization using 20 samples...
INT8 quantization scope: resblocks_range
Quantizing residual blocks 3..8; all other layers stay FP32.
Checking quantized modules after static quantization:
Quantized module: resblocks.3.convs1.0 (torch.ao.nn.quantized.modules.conv.Conv1d)
Quantized module: resblocks.3.convs1.1 (torch.ao.nn.quantized.modules.conv.Conv1d)
Quantized module: resblocks.3.convs1.2 (torch.ao.nn.quantized.modules.conv.Conv1d)
Quantized module: resblocks.3.convs2.0 (torch.ao.nn.quantized.modules.conv.Conv1d)
Quantized module: resblocks.3.convs2.1 (torch.ao.nn.quantized.modules.conv.Conv1d)
Quantized module: resblocks.3.convs2.2 (torch.ao.nn.quantized.modules.conv.Conv1d)
Quantized module: resblocks.4.convs1.0 (torch.ao.nn.quantized.modules.conv.Conv1d)
Quantized module: resblocks.4.convs1.1 (torch.ao.nn.quantized.modules.conv.Conv1d)
Quantized module: resblocks.4.convs1.2 (torch.ao.nn.quantized.modules.conv.Conv1d)
Quantized module: resblocks.4.convs2.0 (torch.ao.nn.quantized.modules.conv.Conv1d)
Quantized module: resblocks.4.convs2.1 (torch.ao.nn.quantized.modules.conv.Conv1d)
Quantized module: resblocks.4.convs2.2 (torch.ao.nn.quantized.modules.conv.Conv1d)
Quantized module: resblocks.5.convs1.0 (torch.ao.nn.quantized.modules.conv.Conv1d)
Quantized module: resblocks.5.convs1.1 (torch.ao.nn.quantized.modules.conv.Conv1d)
Quantized module: resblocks.5.convs1.2 (torch.ao.nn.quantized.modules.conv.Conv1d)
Quantized module: resblocks.5.convs2.0 (torch.ao.nn.quantized.modules.conv.Conv1d)
Quantized module: resblocks.5.convs2.1 (torch.ao.nn.quantized.modules.conv.Conv1d)
Quantized module: resblocks.5.convs2.2 (torch.ao.nn.quantized.modules.conv.Conv1d)
Quantized module: resblocks.6.convs1.0 (torch.ao.nn.quantized.modules.conv.Conv1d)
Quantized module: resblocks.6.convs1.1 (torch.ao.nn.quantized.modules.conv.Conv1d)
Quantized module: resblocks.6.convs1.2 (torch.ao.nn.quantized.modules.conv.Conv1d)
Quantized module: resblocks.6.convs2.0 (torch.ao.nn.quantized.modules.conv.Conv1d)
Quantized module: resblocks.6.convs2.1 (torch.ao.nn.quantized.modules.conv.Conv1d)
Quantized module: resblocks.6.convs2.2 (torch.ao.nn.quantized.modules.conv.Conv1d)
Quantized module: resblocks.7.convs1.0 (torch.ao.nn.quantized.modules.conv.Conv1d)
Quantized module: resblocks.7.convs1.1 (torch.ao.nn.quantized.modules.conv.Conv1d)
Quantized module: resblocks.7.convs1.2 (torch.ao.nn.quantized.modules.conv.Conv1d)
Quantized module: resblocks.7.convs2.0 (torch.ao.nn.quantized.modules.conv.Conv1d)
Quantized module: resblocks.7.convs2.1 (torch.ao.nn.quantized.modules.conv.Conv1d)
Quantized module: resblocks.7.convs2.2 (torch.ao.nn.quantized.modules.conv.Conv1d)
Quantized module: resblocks.8.convs1.0 (torch.ao.nn.quantized.modules.conv.Conv1d)
Quantized module: resblocks.8.convs1.1 (torch.ao.nn.quantized.modules.conv.Conv1d)
Quantized module: resblocks.8.convs1.2 (torch.ao.nn.quantized.modules.conv.Conv1d)
Quantized module: resblocks.8.convs2.0 (torch.ao.nn.quantized.modules.conv.Conv1d)
Quantized module: resblocks.8.convs2.1 (torch.ao.nn.quantized.modules.conv.Conv1d)
Quantized module: resblocks.8.convs2.2 (torch.ao.nn.quantized.modules.conv.Conv1d)
Saving checkpoint to /home/hpc/vlbi/vlbi107v/hifi-gan/cp_hifigan/v1_c256_ft50/compressed_checkpoint_int8
Complete.
Saved compressed checkpoint: /home/hpc/vlbi/vlbi107v/hifi-gan/cp_hifigan/v1_c256_ft50/compressed_checkpoint_int8 (11.861 MB)
Compressed checkpoint parameters: 3,555,793
Loaded checkpoint: /home/hpc/vlbi/vlbi107v/hifi-gan/cp_hifigan/v1_c256_ft50/g_00265000 (24.098 MB)
Generator parameters: 3,555,793
generated_audios/generated_H4_256C_pruned50_int8/61-70968-0000_generated.wav | RTF: 0.0607(0.298s / 4.905s) | Generator RTF: 0.0600(0.294s / 4.905s)
generated_audios/generated_H4_256C_pruned50_int8/61-70968-0001_generated.wav | RTF: 0.0566(0.204s / 3.610s) | Generator RTF: 0.0557(0.201s / 3.610s)
generated_audios/generated_H4_256C_pruned50_int8/61-70968-0002_generated.wav | RTF: 0.0555(0.165s / 2.970s) | Generator RTF: 0.0545(0.162s / 2.970s)
generated_audios/generated_H4_256C_pruned50_int8/61-70968-0003_generated.wav | RTF: 0.0558(0.241s / 4.315s) | Generator RTF: 0.0551(0.238s / 4.315s)
generated_audios/generated_H4_256C_pruned50_int8/61-70968-0004_generated.wav | RTF: 0.0550(0.214s / 3.885s) | Generator RTF: 0.0542(0.211s / 3.885s)
generated_audios/generated_H4_256C_pruned50_int8/61-70968-0005_generated.wav | RTF: 0.0561(0.284s / 5.070s) | Generator RTF: 0.0554(0.281s / 5.070s)
generated_audios/generated_H4_256C_pruned50_int8/61-70968-0006_generated.wav | RTF: 0.0580(0.170s / 2.935s) | Generator RTF: 0.0569(0.167s / 2.935s)
generated_audios/generated_H4_256C_pruned50_int8/61-70968-0007_generated.wav | RTF: 0.0558(0.198s / 3.550s) | Generator RTF: 0.0548(0.195s / 3.550s)
generated_audios/generated_H4_256C_pruned50_int8/61-70968-0008_generated.wav | RTF: 0.0574(0.203s / 3.535s) | Generator RTF: 0.0565(0.200s / 3.535s)
generated_audios/generated_H4_256C_pruned50_int8/61-70968-0009_generated.wav | RTF: 0.0565(0.255s / 4.510s) | Generator RTF: 0.0558(0.252s / 4.510s)
generated_audios/generated_H4_256C_pruned50_int8/61-70968-0010_generated.wav | RTF: 0.0610(0.506s / 8.295s) | Generator RTF: 0.0605(0.502s / 8.295s)
generated_audios/generated_H4_256C_pruned50_int8/61-70968-0011_generated.wav | RTF: 0.0591(0.377s / 6.375s) | Generator RTF: 0.0585(0.373s / 6.375s)
generated_audios/generated_H4_256C_pruned50_int8/61-70968-0012_generated.wav | RTF: 0.0612(0.160s / 2.610s) | Generator RTF: 0.0601(0.157s / 2.610s)
generated_audios/generated_H4_256C_pruned50_int8/61-70968-0013_generated.wav | RTF: 0.0565(0.251s / 4.450s) | Generator RTF: 0.0557(0.248s / 4.450s)
generated_audios/generated_H4_256C_pruned50_int8/61-70968-0014_generated.wav | RTF: 0.0558(0.418s / 7.485s) | Generator RTF: 0.0553(0.414s / 7.485s)
generated_audios/generated_H4_256C_pruned50_int8/61-70968-0015_generated.wav | RTF: 0.0534(0.287s / 5.375s) | Generator RTF: 0.0527(0.283s / 5.375s)
generated_audios/generated_H4_256C_pruned50_int8/61-70968-0016_generated.wav | RTF: 0.0572(0.213s / 3.720s) | Generator RTF: 0.0563(0.209s / 3.720s)
generated_audios/generated_H4_256C_pruned50_int8/61-70968-0017_generated.wav | RTF: 0.0524(0.268s / 5.110s) | Generator RTF: 0.0517(0.264s / 5.110s)
generated_audios/generated_H4_256C_pruned50_int8/61-70968-0018_generated.wav | RTF: 0.0523(0.126s / 2.405s) | Generator RTF: 0.0509(0.123s / 2.405s)
generated_audios/generated_H4_256C_pruned50_int8/61-70968-0019_generated.wav | RTF: 0.0527(0.289s / 5.475s) | Generator RTF: 0.0520(0.285s / 5.475s)
Average RTF: 0.0566(5.126s / 90.585s)
Average Generator RTF: 0.0558(5.057s / 90.585s)
Evaluation summary:
  Mel-spectrogram L1: 0.872152
  PESQ: 1.884032
  STOI: 0.900422

Appended metrics to CSV: experiments_results.csv
========== H4: pruning 70% + quantize ==========
Initializing Inference Process..
Using device: cpu (baseline and quantized inference both run on CPU)
Quantization enabled: forcing CPU inference for INT8 model.
Loading '/home/hpc/vlbi/vlbi107v/hifi-gan/cp_hifigan/v1_c256_ft70/g_00265000'
Complete.
Checkpoint contains masked pruning parameters. Preparing masked model before loading...
Removing weight norm...
Skipping ConvTranspose1d pruning for ups.0
Skipping ConvTranspose1d pruning for ups.1
Skipping ConvTranspose1d pruning for ups.2
Skipping ConvTranspose1d pruning for ups.3
Pruning (with mask) resblocks.0.convs1.0 (Conv1d): out_channels=128, dim=0, amount=0.0
Done pruning (with mask) resblocks.0.convs1.0 (Conv1d)
Pruning (with mask) resblocks.0.convs1.1 (Conv1d): out_channels=128, dim=0, amount=0.0
Done pruning (with mask) resblocks.0.convs1.1 (Conv1d)
Pruning (with mask) resblocks.0.convs1.2 (Conv1d): out_channels=128, dim=0, amount=0.0
Done pruning (with mask) resblocks.0.convs1.2 (Conv1d)
Pruning (with mask) resblocks.0.convs2.0 (Conv1d): out_channels=128, dim=0, amount=0.0
Done pruning (with mask) resblocks.0.convs2.0 (Conv1d)
Pruning (with mask) resblocks.0.convs2.1 (Conv1d): out_channels=128, dim=0, amount=0.0
Done pruning (with mask) resblocks.0.convs2.1 (Conv1d)
Pruning (with mask) resblocks.0.convs2.2 (Conv1d): out_channels=128, dim=0, amount=0.0
Done pruning (with mask) resblocks.0.convs2.2 (Conv1d)
Pruning (with mask) resblocks.1.convs1.0 (Conv1d): out_channels=128, dim=0, amount=0.0
Done pruning (with mask) resblocks.1.convs1.0 (Conv1d)
Pruning (with mask) resblocks.1.convs1.1 (Conv1d): out_channels=128, dim=0, amount=0.0
Done pruning (with mask) resblocks.1.convs1.1 (Conv1d)
Pruning (with mask) resblocks.1.convs1.2 (Conv1d): out_channels=128, dim=0, amount=0.0
Done pruning (with mask) resblocks.1.convs1.2 (Conv1d)
Pruning (with mask) resblocks.1.convs2.0 (Conv1d): out_channels=128, dim=0, amount=0.0
Done pruning (with mask) resblocks.1.convs2.0 (Conv1d)
Pruning (with mask) resblocks.1.convs2.1 (Conv1d): out_channels=128, dim=0, amount=0.0
Done pruning (with mask) resblocks.1.convs2.1 (Conv1d)
Pruning (with mask) resblocks.1.convs2.2 (Conv1d): out_channels=128, dim=0, amount=0.0
Done pruning (with mask) resblocks.1.convs2.2 (Conv1d)
Pruning (with mask) resblocks.2.convs1.0 (Conv1d): out_channels=128, dim=0, amount=0.0
Done pruning (with mask) resblocks.2.convs1.0 (Conv1d)
Pruning (with mask) resblocks.2.convs1.1 (Conv1d): out_channels=128, dim=0, amount=0.0
Done pruning (with mask) resblocks.2.convs1.1 (Conv1d)
Pruning (with mask) resblocks.2.convs1.2 (Conv1d): out_channels=128, dim=0, amount=0.0
Done pruning (with mask) resblocks.2.convs1.2 (Conv1d)
Pruning (with mask) resblocks.2.convs2.0 (Conv1d): out_channels=128, dim=0, amount=0.0
Done pruning (with mask) resblocks.2.convs2.0 (Conv1d)
Pruning (with mask) resblocks.2.convs2.1 (Conv1d): out_channels=128, dim=0, amount=0.0
Done pruning (with mask) resblocks.2.convs2.1 (Conv1d)
Pruning (with mask) resblocks.2.convs2.2 (Conv1d): out_channels=128, dim=0, amount=0.0
Done pruning (with mask) resblocks.2.convs2.2 (Conv1d)
Pruning (with mask) resblocks.3.convs1.0 (Conv1d): out_channels=64, dim=0, amount=0.0
Done pruning (with mask) resblocks.3.convs1.0 (Conv1d)
Pruning (with mask) resblocks.3.convs1.1 (Conv1d): out_channels=64, dim=0, amount=0.0
Done pruning (with mask) resblocks.3.convs1.1 (Conv1d)
Pruning (with mask) resblocks.3.convs1.2 (Conv1d): out_channels=64, dim=0, amount=0.0
Done pruning (with mask) resblocks.3.convs1.2 (Conv1d)
Pruning (with mask) resblocks.3.convs2.0 (Conv1d): out_channels=64, dim=0, amount=0.0
Done pruning (with mask) resblocks.3.convs2.0 (Conv1d)
Pruning (with mask) resblocks.3.convs2.1 (Conv1d): out_channels=64, dim=0, amount=0.0
Done pruning (with mask) resblocks.3.convs2.1 (Conv1d)
Pruning (with mask) resblocks.3.convs2.2 (Conv1d): out_channels=64, dim=0, amount=0.0
Done pruning (with mask) resblocks.3.convs2.2 (Conv1d)
Pruning (with mask) resblocks.4.convs1.0 (Conv1d): out_channels=64, dim=0, amount=0.0
Done pruning (with mask) resblocks.4.convs1.0 (Conv1d)
Pruning (with mask) resblocks.4.convs1.1 (Conv1d): out_channels=64, dim=0, amount=0.0
Done pruning (with mask) resblocks.4.convs1.1 (Conv1d)
Pruning (with mask) resblocks.4.convs1.2 (Conv1d): out_channels=64, dim=0, amount=0.0
Done pruning (with mask) resblocks.4.convs1.2 (Conv1d)
Pruning (with mask) resblocks.4.convs2.0 (Conv1d): out_channels=64, dim=0, amount=0.0
Done pruning (with mask) resblocks.4.convs2.0 (Conv1d)
Pruning (with mask) resblocks.4.convs2.1 (Conv1d): out_channels=64, dim=0, amount=0.0
Done pruning (with mask) resblocks.4.convs2.1 (Conv1d)
Pruning (with mask) resblocks.4.convs2.2 (Conv1d): out_channels=64, dim=0, amount=0.0
Done pruning (with mask) resblocks.4.convs2.2 (Conv1d)
Pruning (with mask) resblocks.5.convs1.0 (Conv1d): out_channels=64, dim=0, amount=0.0
Done pruning (with mask) resblocks.5.convs1.0 (Conv1d)
Pruning (with mask) resblocks.5.convs1.1 (Conv1d): out_channels=64, dim=0, amount=0.0
Done pruning (with mask) resblocks.5.convs1.1 (Conv1d)
Pruning (with mask) resblocks.5.convs1.2 (Conv1d): out_channels=64, dim=0, amount=0.0
Done pruning (with mask) resblocks.5.convs1.2 (Conv1d)
Pruning (with mask) resblocks.5.convs2.0 (Conv1d): out_channels=64, dim=0, amount=0.0
Done pruning (with mask) resblocks.5.convs2.0 (Conv1d)
Pruning (with mask) resblocks.5.convs2.1 (Conv1d): out_channels=64, dim=0, amount=0.0
Done pruning (with mask) resblocks.5.convs2.1 (Conv1d)
Pruning (with mask) resblocks.5.convs2.2 (Conv1d): out_channels=64, dim=0, amount=0.0
Done pruning (with mask) resblocks.5.convs2.2 (Conv1d)
Pruning (with mask) resblocks.6.convs1.0 (Conv1d): out_channels=32, dim=0, amount=0.0
Done pruning (with mask) resblocks.6.convs1.0 (Conv1d)
Pruning (with mask) resblocks.6.convs1.1 (Conv1d): out_channels=32, dim=0, amount=0.0
Done pruning (with mask) resblocks.6.convs1.1 (Conv1d)
Pruning (with mask) resblocks.6.convs1.2 (Conv1d): out_channels=32, dim=0, amount=0.0
Done pruning (with mask) resblocks.6.convs1.2 (Conv1d)
Pruning (with mask) resblocks.6.convs2.0 (Conv1d): out_channels=32, dim=0, amount=0.0
Done pruning (with mask) resblocks.6.convs2.0 (Conv1d)
Pruning (with mask) resblocks.6.convs2.1 (Conv1d): out_channels=32, dim=0, amount=0.0
Done pruning (with mask) resblocks.6.convs2.1 (Conv1d)
Pruning (with mask) resblocks.6.convs2.2 (Conv1d): out_channels=32, dim=0, amount=0.0
Done pruning (with mask) resblocks.6.convs2.2 (Conv1d)
Pruning (with mask) resblocks.7.convs1.0 (Conv1d): out_channels=32, dim=0, amount=0.0
Done pruning (with mask) resblocks.7.convs1.0 (Conv1d)
Pruning (with mask) resblocks.7.convs1.1 (Conv1d): out_channels=32, dim=0, amount=0.0
Done pruning (with mask) resblocks.7.convs1.1 (Conv1d)
Pruning (with mask) resblocks.7.convs1.2 (Conv1d): out_channels=32, dim=0, amount=0.0
Done pruning (with mask) resblocks.7.convs1.2 (Conv1d)
Pruning (with mask) resblocks.7.convs2.0 (Conv1d): out_channels=32, dim=0, amount=0.0
Done pruning (with mask) resblocks.7.convs2.0 (Conv1d)
Pruning (with mask) resblocks.7.convs2.1 (Conv1d): out_channels=32, dim=0, amount=0.0
Done pruning (with mask) resblocks.7.convs2.1 (Conv1d)
Pruning (with mask) resblocks.7.convs2.2 (Conv1d): out_channels=32, dim=0, amount=0.0
Done pruning (with mask) resblocks.7.convs2.2 (Conv1d)
Pruning (with mask) resblocks.8.convs1.0 (Conv1d): out_channels=32, dim=0, amount=0.0
Done pruning (with mask) resblocks.8.convs1.0 (Conv1d)
Pruning (with mask) resblocks.8.convs1.1 (Conv1d): out_channels=32, dim=0, amount=0.0
Done pruning (with mask) resblocks.8.convs1.1 (Conv1d)
Pruning (with mask) resblocks.8.convs1.2 (Conv1d): out_channels=32, dim=0, amount=0.0
Done pruning (with mask) resblocks.8.convs1.2 (Conv1d)
Pruning (with mask) resblocks.8.convs2.0 (Conv1d): out_channels=32, dim=0, amount=0.0
Done pruning (with mask) resblocks.8.convs2.0 (Conv1d)
Pruning (with mask) resblocks.8.convs2.1 (Conv1d): out_channels=32, dim=0, amount=0.0
Done pruning (with mask) resblocks.8.convs2.1 (Conv1d)
Pruning (with mask) resblocks.8.convs2.2 (Conv1d): out_channels=32, dim=0, amount=0.0
Done pruning (with mask) resblocks.8.convs2.2 (Conv1d)
Pruning (with mask) resblocks.9.convs1.0 (Conv1d): out_channels=16, dim=0, amount=0.0
Done pruning (with mask) resblocks.9.convs1.0 (Conv1d)
Pruning (with mask) resblocks.9.convs1.1 (Conv1d): out_channels=16, dim=0, amount=0.0
Done pruning (with mask) resblocks.9.convs1.1 (Conv1d)
Pruning (with mask) resblocks.9.convs1.2 (Conv1d): out_channels=16, dim=0, amount=0.0
Done pruning (with mask) resblocks.9.convs1.2 (Conv1d)
Pruning (with mask) resblocks.9.convs2.0 (Conv1d): out_channels=16, dim=0, amount=0.0
Done pruning (with mask) resblocks.9.convs2.0 (Conv1d)
Pruning (with mask) resblocks.9.convs2.1 (Conv1d): out_channels=16, dim=0, amount=0.0
Done pruning (with mask) resblocks.9.convs2.1 (Conv1d)
Pruning (with mask) resblocks.9.convs2.2 (Conv1d): out_channels=16, dim=0, amount=0.0
Done pruning (with mask) resblocks.9.convs2.2 (Conv1d)
Pruning (with mask) resblocks.10.convs1.0 (Conv1d): out_channels=16, dim=0, amount=0.0
Done pruning (with mask) resblocks.10.convs1.0 (Conv1d)
Pruning (with mask) resblocks.10.convs1.1 (Conv1d): out_channels=16, dim=0, amount=0.0
Done pruning (with mask) resblocks.10.convs1.1 (Conv1d)
Pruning (with mask) resblocks.10.convs1.2 (Conv1d): out_channels=16, dim=0, amount=0.0
Done pruning (with mask) resblocks.10.convs1.2 (Conv1d)
Pruning (with mask) resblocks.10.convs2.0 (Conv1d): out_channels=16, dim=0, amount=0.0
Done pruning (with mask) resblocks.10.convs2.0 (Conv1d)
Pruning (with mask) resblocks.10.convs2.1 (Conv1d): out_channels=16, dim=0, amount=0.0
Done pruning (with mask) resblocks.10.convs2.1 (Conv1d)
Pruning (with mask) resblocks.10.convs2.2 (Conv1d): out_channels=16, dim=0, amount=0.0
Done pruning (with mask) resblocks.10.convs2.2 (Conv1d)
Pruning (with mask) resblocks.11.convs1.0 (Conv1d): out_channels=16, dim=0, amount=0.0
Done pruning (with mask) resblocks.11.convs1.0 (Conv1d)
Pruning (with mask) resblocks.11.convs1.1 (Conv1d): out_channels=16, dim=0, amount=0.0
Done pruning (with mask) resblocks.11.convs1.1 (Conv1d)
Pruning (with mask) resblocks.11.convs1.2 (Conv1d): out_channels=16, dim=0, amount=0.0
Done pruning (with mask) resblocks.11.convs1.2 (Conv1d)
Pruning (with mask) resblocks.11.convs2.0 (Conv1d): out_channels=16, dim=0, amount=0.0
Done pruning (with mask) resblocks.11.convs2.0 (Conv1d)
Pruning (with mask) resblocks.11.convs2.1 (Conv1d): out_channels=16, dim=0, amount=0.0
Done pruning (with mask) resblocks.11.convs2.1 (Conv1d)
Pruning (with mask) resblocks.11.convs2.2 (Conv1d): out_channels=16, dim=0, amount=0.0
Done pruning (with mask) resblocks.11.convs2.2 (Conv1d)
Removing pruning masks from masked checkpoint before inference...
Removed pruning masks from 72 modules
Removing weight norm...
Calibrating static quantization using 20 samples...
INT8 quantization scope: resblocks_range
Quantizing residual blocks 3..8; all other layers stay FP32.
Checking quantized modules after static quantization:
Quantized module: resblocks.3.convs1.0 (torch.ao.nn.quantized.modules.conv.Conv1d)
Quantized module: resblocks.3.convs1.1 (torch.ao.nn.quantized.modules.conv.Conv1d)
Quantized module: resblocks.3.convs1.2 (torch.ao.nn.quantized.modules.conv.Conv1d)
Quantized module: resblocks.3.convs2.0 (torch.ao.nn.quantized.modules.conv.Conv1d)
Quantized module: resblocks.3.convs2.1 (torch.ao.nn.quantized.modules.conv.Conv1d)
Quantized module: resblocks.3.convs2.2 (torch.ao.nn.quantized.modules.conv.Conv1d)
Quantized module: resblocks.4.convs1.0 (torch.ao.nn.quantized.modules.conv.Conv1d)
Quantized module: resblocks.4.convs1.1 (torch.ao.nn.quantized.modules.conv.Conv1d)
Quantized module: resblocks.4.convs1.2 (torch.ao.nn.quantized.modules.conv.Conv1d)
Quantized module: resblocks.4.convs2.0 (torch.ao.nn.quantized.modules.conv.Conv1d)
Quantized module: resblocks.4.convs2.1 (torch.ao.nn.quantized.modules.conv.Conv1d)
Quantized module: resblocks.4.convs2.2 (torch.ao.nn.quantized.modules.conv.Conv1d)
Quantized module: resblocks.5.convs1.0 (torch.ao.nn.quantized.modules.conv.Conv1d)
Quantized module: resblocks.5.convs1.1 (torch.ao.nn.quantized.modules.conv.Conv1d)
Quantized module: resblocks.5.convs1.2 (torch.ao.nn.quantized.modules.conv.Conv1d)
Quantized module: resblocks.5.convs2.0 (torch.ao.nn.quantized.modules.conv.Conv1d)
Quantized module: resblocks.5.convs2.1 (torch.ao.nn.quantized.modules.conv.Conv1d)
Quantized module: resblocks.5.convs2.2 (torch.ao.nn.quantized.modules.conv.Conv1d)
Quantized module: resblocks.6.convs1.0 (torch.ao.nn.quantized.modules.conv.Conv1d)
Quantized module: resblocks.6.convs1.1 (torch.ao.nn.quantized.modules.conv.Conv1d)
Quantized module: resblocks.6.convs1.2 (torch.ao.nn.quantized.modules.conv.Conv1d)
Quantized module: resblocks.6.convs2.0 (torch.ao.nn.quantized.modules.conv.Conv1d)
Quantized module: resblocks.6.convs2.1 (torch.ao.nn.quantized.modules.conv.Conv1d)
Quantized module: resblocks.6.convs2.2 (torch.ao.nn.quantized.modules.conv.Conv1d)
Quantized module: resblocks.7.convs1.0 (torch.ao.nn.quantized.modules.conv.Conv1d)
Quantized module: resblocks.7.convs1.1 (torch.ao.nn.quantized.modules.conv.Conv1d)
Quantized module: resblocks.7.convs1.2 (torch.ao.nn.quantized.modules.conv.Conv1d)
Quantized module: resblocks.7.convs2.0 (torch.ao.nn.quantized.modules.conv.Conv1d)
Quantized module: resblocks.7.convs2.1 (torch.ao.nn.quantized.modules.conv.Conv1d)
Quantized module: resblocks.7.convs2.2 (torch.ao.nn.quantized.modules.conv.Conv1d)
Quantized module: resblocks.8.convs1.0 (torch.ao.nn.quantized.modules.conv.Conv1d)
Quantized module: resblocks.8.convs1.1 (torch.ao.nn.quantized.modules.conv.Conv1d)
Quantized module: resblocks.8.convs1.2 (torch.ao.nn.quantized.modules.conv.Conv1d)
Quantized module: resblocks.8.convs2.0 (torch.ao.nn.quantized.modules.conv.Conv1d)
Quantized module: resblocks.8.convs2.1 (torch.ao.nn.quantized.modules.conv.Conv1d)
Quantized module: resblocks.8.convs2.2 (torch.ao.nn.quantized.modules.conv.Conv1d)
Saving checkpoint to /home/hpc/vlbi/vlbi107v/hifi-gan/cp_hifigan/v1_c256_ft70/compressed_checkpoint_int8
Complete.
Saved compressed checkpoint: /home/hpc/vlbi/vlbi107v/hifi-gan/cp_hifigan/v1_c256_ft70/compressed_checkpoint_int8 (11.861 MB)
Compressed checkpoint parameters: 3,555,793
Loaded checkpoint: /home/hpc/vlbi/vlbi107v/hifi-gan/cp_hifigan/v1_c256_ft70/g_00265000 (24.098 MB)
Generator parameters: 3,555,793
generated_audios/generated_H4_256C_pruned70_int8/61-70968-0000_generated.wav | RTF: 0.0566(0.278s / 4.905s) | Generator RTF: 0.0559(0.274s / 4.905s)
generated_audios/generated_H4_256C_pruned70_int8/61-70968-0001_generated.wav | RTF: 0.0563(0.203s / 3.610s) | Generator RTF: 0.0554(0.200s / 3.610s)
generated_audios/generated_H4_256C_pruned70_int8/61-70968-0002_generated.wav | RTF: 0.0558(0.166s / 2.970s) | Generator RTF: 0.0547(0.163s / 2.970s)
generated_audios/generated_H4_256C_pruned70_int8/61-70968-0003_generated.wav | RTF: 0.0554(0.239s / 4.315s) | Generator RTF: 0.0547(0.236s / 4.315s)
generated_audios/generated_H4_256C_pruned70_int8/61-70968-0004_generated.wav | RTF: 0.0564(0.219s / 3.885s) | Generator RTF: 0.0556(0.216s / 3.885s)
generated_audios/generated_H4_256C_pruned70_int8/61-70968-0005_generated.wav | RTF: 0.0582(0.295s / 5.070s) | Generator RTF: 0.0574(0.291s / 5.070s)
generated_audios/generated_H4_256C_pruned70_int8/61-70968-0006_generated.wav | RTF: 0.0557(0.163s / 2.935s) | Generator RTF: 0.0545(0.160s / 2.935s)
generated_audios/generated_H4_256C_pruned70_int8/61-70968-0007_generated.wav | RTF: 0.0568(0.202s / 3.550s) | Generator RTF: 0.0559(0.199s / 3.550s)
generated_audios/generated_H4_256C_pruned70_int8/61-70968-0008_generated.wav | RTF: 0.0563(0.199s / 3.535s) | Generator RTF: 0.0555(0.196s / 3.535s)
generated_audios/generated_H4_256C_pruned70_int8/61-70968-0009_generated.wav | RTF: 0.0584(0.263s / 4.510s) | Generator RTF: 0.0577(0.260s / 4.510s)
generated_audios/generated_H4_256C_pruned70_int8/61-70968-0010_generated.wav | RTF: 0.0642(0.533s / 8.295s) | Generator RTF: 0.0637(0.528s / 8.295s)
generated_audios/generated_H4_256C_pruned70_int8/61-70968-0011_generated.wav | RTF: 0.0591(0.377s / 6.375s) | Generator RTF: 0.0585(0.373s / 6.375s)
generated_audios/generated_H4_256C_pruned70_int8/61-70968-0012_generated.wav | RTF: 0.0695(0.181s / 2.610s) | Generator RTF: 0.0684(0.178s / 2.610s)
generated_audios/generated_H4_256C_pruned70_int8/61-70968-0013_generated.wav | RTF: 0.0573(0.255s / 4.450s) | Generator RTF: 0.0565(0.251s / 4.450s)
generated_audios/generated_H4_256C_pruned70_int8/61-70968-0014_generated.wav | RTF: 0.0618(0.462s / 7.485s) | Generator RTF: 0.0613(0.459s / 7.485s)
generated_audios/generated_H4_256C_pruned70_int8/61-70968-0015_generated.wav | RTF: 0.0529(0.284s / 5.375s) | Generator RTF: 0.0522(0.280s / 5.375s)
generated_audios/generated_H4_256C_pruned70_int8/61-70968-0016_generated.wav | RTF: 0.0572(0.213s / 3.720s) | Generator RTF: 0.0564(0.210s / 3.720s)
generated_audios/generated_H4_256C_pruned70_int8/61-70968-0017_generated.wav | RTF: 0.0527(0.269s / 5.110s) | Generator RTF: 0.0521(0.266s / 5.110s)
generated_audios/generated_H4_256C_pruned70_int8/61-70968-0018_generated.wav | RTF: 0.0518(0.125s / 2.405s) | Generator RTF: 0.0504(0.121s / 2.405s)
generated_audios/generated_H4_256C_pruned70_int8/61-70968-0019_generated.wav | RTF: 0.0527(0.288s / 5.475s) | Generator RTF: 0.0521(0.285s / 5.475s)
Average RTF: 0.0576(5.215s / 90.585s)
Average Generator RTF: 0.0568(5.147s / 90.585s)
Evaluation summary:
  Mel-spectrogram L1: 0.711605
  PESQ: 1.681437
  STOI: 0.892875

Appended metrics to CSV: experiments_results.csv
Appended to experiments_results.csv:
H4_256C_pruned70_int8_Mask_pruning_resblocks_range_3_8,3555793,11.861,0.0576,1.681436651945114,0.8928750063345466,0.7116053253412247,0.0568
========== Done ==========
=== JOB_STATISTICS ===
=== current date     : Fri Jun 26 01:28:00 PM CEST 2026
= Job-ID             : 1424560 on tinyfat
= Job-Name           : inference_256ch_h1-4
= Job-Command        : /home/hpc/vlbi/vlbi107v/hifi-gan/inference.sh
= Initial workdir    : /home/hpc/vlbi/vlbi107v/hifi-gan
= Queue/Partition    : work
= Slurm account      : vlbi with QOS=normal
= Requested resources:  for 02:00:00
= Elapsed runtime    : 00:06:04
= Total RAM usage    : 1.3 GiB of requested  GiB (%)   
= Node list          : tf079
= Subm/Elig/Start/End: 2026-06-26T13:21:56 / 2026-06-26T13:21:56 / 2026-06-26T13:21:56 / 2026-06-26T13:28:00
======================
=== Quota infos ======
    Path                 Used     SoftQ    HardQ    Gracetime  Filec    FileQ    FiHaQ    FileGrace    
    /home/hpc              74.6G   104.9G   209.7G        N/A      80K     500K   1,000K        N/A    
    /home/woody           453.9G  1000.0G  1500.0G        N/A     118K   5,000K   7,500K        N/A    
======================
