### Starting TaskPrologue of job 1424720 on tf077 at Sun Jun 28 04:19:03 PM CEST 2026
Running on cores 0-7,64-71 with governor ondemand
No GPU known
### Finished TaskPrologue

==========(sbatch.tinyfat) Inference: 512 Channels (g_07960000) ==========
========== H1: baseline (no compression) ==========
Initializing Inference Process..
Using device: cpu (baseline and quantized inference both run on CPU)
Loading '/home/hpc/vlbi/vlbi107v/hifi-gan/cp_hifigan/v1_c512/g_07960000'
Complete.
Checkpoint contains weight_norm parameters. Keeping weight_norm wrappers for loading...
Loaded checkpoint: /home/hpc/vlbi/vlbi107v/hifi-gan/cp_hifigan/v1_c512/g_07960000 (53.239 MB)
Generator parameters: 13,936,130
generated_audios/generated_H1_512C/61-70968-0000_generated.wav | RTF: 0.3514(1.724s / 4.905s) | Generator RTF: 0.3225(1.582s / 4.905s)
generated_audios/generated_H1_512C/61-70968-0001_generated.wav | RTF: 0.2864(1.034s / 3.610s) | Generator RTF: 0.2852(1.030s / 3.610s)
generated_audios/generated_H1_512C/61-70968-0002_generated.wav | RTF: 0.2761(0.820s / 2.970s) | Generator RTF: 0.2747(0.816s / 2.970s)
generated_audios/generated_H1_512C/61-70968-0003_generated.wav | RTF: 0.2774(1.197s / 4.315s) | Generator RTF: 0.2765(1.193s / 4.315s)
generated_audios/generated_H1_512C/61-70968-0004_generated.wav | RTF: 0.2823(1.097s / 3.885s) | Generator RTF: 0.2815(1.094s / 3.885s)
generated_audios/generated_H1_512C/61-70968-0005_generated.wav | RTF: 0.2850(1.445s / 5.070s) | Generator RTF: 0.2843(1.441s / 5.070s)
generated_audios/generated_H1_512C/61-70968-0006_generated.wav | RTF: 0.2746(0.806s / 2.935s) | Generator RTF: 0.2733(0.802s / 2.935s)
generated_audios/generated_H1_512C/61-70968-0007_generated.wav | RTF: 0.2827(1.004s / 3.550s) | Generator RTF: 0.2818(1.000s / 3.550s)
generated_audios/generated_H1_512C/61-70968-0008_generated.wav | RTF: 0.2822(0.998s / 3.535s) | Generator RTF: 0.2813(0.994s / 3.535s)
generated_audios/generated_H1_512C/61-70968-0009_generated.wav | RTF: 0.2870(1.294s / 4.510s) | Generator RTF: 0.2861(1.290s / 4.510s)
generated_audios/generated_H1_512C/61-70968-0010_generated.wav | RTF: 0.3074(2.550s / 8.295s) | Generator RTF: 0.3069(2.546s / 8.295s)
generated_audios/generated_H1_512C/61-70968-0011_generated.wav | RTF: 0.2867(1.828s / 6.375s) | Generator RTF: 0.2861(1.824s / 6.375s)
generated_audios/generated_H1_512C/61-70968-0012_generated.wav | RTF: 0.2808(0.733s / 2.610s) | Generator RTF: 0.2794(0.729s / 2.610s)
generated_audios/generated_H1_512C/61-70968-0013_generated.wav | RTF: 0.2893(1.287s / 4.450s) | Generator RTF: 0.2885(1.284s / 4.450s)
generated_audios/generated_H1_512C/61-70968-0014_generated.wav | RTF: 0.3177(2.378s / 7.485s) | Generator RTF: 0.3172(2.374s / 7.485s)
generated_audios/generated_H1_512C/61-70968-0015_generated.wav | RTF: 0.2858(1.536s / 5.375s) | Generator RTF: 0.2851(1.532s / 5.375s)
generated_audios/generated_H1_512C/61-70968-0016_generated.wav | RTF: 0.2849(1.060s / 3.720s) | Generator RTF: 0.2840(1.056s / 3.720s)
generated_audios/generated_H1_512C/61-70968-0017_generated.wav | RTF: 0.2899(1.481s / 5.110s) | Generator RTF: 0.2892(1.478s / 5.110s)
generated_audios/generated_H1_512C/61-70968-0018_generated.wav | RTF: 0.2757(0.663s / 2.405s) | Generator RTF: 0.2743(0.660s / 2.405s)
generated_audios/generated_H1_512C/61-70968-0019_generated.wav | RTF: 0.2909(1.593s / 5.475s) | Generator RTF: 0.2902(1.589s / 5.475s)
Average RTF: 0.2928(26.527s / 90.585s)
Average Generator RTF: 0.2905(26.315s / 90.585s)
Evaluation summary:
  Mel-spectrogram L1: 0.204555
  PESQ: 2.771301
  STOI: 0.959870

Appended metrics to CSV: experiments_results.csv
========== H2: quantized (INT8 dynamic quantization) ==========
Initializing Inference Process..
Using device: cpu (baseline and quantized inference both run on CPU)
Quantization enabled: forcing CPU inference for INT8 model.
Loading '/home/hpc/vlbi/vlbi107v/hifi-gan/cp_hifigan/v1_c512/g_07960000'
Complete.
Checkpoint contains weight_norm parameters. Keeping weight_norm wrappers for loading...
Removing weight norm...
Calibrating static quantization using 20 samples...
INT8 quantization scope: resblocks_range
Quantizing residual blocks 3..8; all other layers stay FP32.
Checking quantized modules after static quantization:
Quantized module: resblocks.3.convs1.0 (torch.ao.nn.quantized.modules.conv.Conv1d)
Quantized module: resblocks.3.convs1.1 (torch.ao.nn.quantized.modules.conv.Conv1d)
Quantized module: resblocks.3.convs1.2 (torch.ao.nn.quantized.modules.conv.Conv1d)
Quantized module: resblocks.3.convs2.0 (torch.ao.nn.quantized.modules.conv.Conv1d)
Quantized module: resblocks.3.convs2.1 (torch.ao.nn.quantized.modules.conv.Conv1d)
Quantized module: resblocks.3.convs2.2 (torch.ao.nn.quantized.modules.conv.Conv1d)
Quantized module: resblocks.4.convs1.0 (torch.ao.nn.quantized.modules.conv.Conv1d)
Quantized module: resblocks.4.convs1.1 (torch.ao.nn.quantized.modules.conv.Conv1d)
Quantized module: resblocks.4.convs1.2 (torch.ao.nn.quantized.modules.conv.Conv1d)
Quantized module: resblocks.4.convs2.0 (torch.ao.nn.quantized.modules.conv.Conv1d)
Quantized module: resblocks.4.convs2.1 (torch.ao.nn.quantized.modules.conv.Conv1d)
Quantized module: resblocks.4.convs2.2 (torch.ao.nn.quantized.modules.conv.Conv1d)
Quantized module: resblocks.5.convs1.0 (torch.ao.nn.quantized.modules.conv.Conv1d)
Quantized module: resblocks.5.convs1.1 (torch.ao.nn.quantized.modules.conv.Conv1d)
Quantized module: resblocks.5.convs1.2 (torch.ao.nn.quantized.modules.conv.Conv1d)
Quantized module: resblocks.5.convs2.0 (torch.ao.nn.quantized.modules.conv.Conv1d)
Quantized module: resblocks.5.convs2.1 (torch.ao.nn.quantized.modules.conv.Conv1d)
Quantized module: resblocks.5.convs2.2 (torch.ao.nn.quantized.modules.conv.Conv1d)
Quantized module: resblocks.6.convs1.0 (torch.ao.nn.quantized.modules.conv.Conv1d)
Quantized module: resblocks.6.convs1.1 (torch.ao.nn.quantized.modules.conv.Conv1d)
Quantized module: resblocks.6.convs1.2 (torch.ao.nn.quantized.modules.conv.Conv1d)
Quantized module: resblocks.6.convs2.0 (torch.ao.nn.quantized.modules.conv.Conv1d)
Quantized module: resblocks.6.convs2.1 (torch.ao.nn.quantized.modules.conv.Conv1d)
Quantized module: resblocks.6.convs2.2 (torch.ao.nn.quantized.modules.conv.Conv1d)
Quantized module: resblocks.7.convs1.0 (torch.ao.nn.quantized.modules.conv.Conv1d)
Quantized module: resblocks.7.convs1.1 (torch.ao.nn.quantized.modules.conv.Conv1d)
Quantized module: resblocks.7.convs1.2 (torch.ao.nn.quantized.modules.conv.Conv1d)
Quantized module: resblocks.7.convs2.0 (torch.ao.nn.quantized.modules.conv.Conv1d)
Quantized module: resblocks.7.convs2.1 (torch.ao.nn.quantized.modules.conv.Conv1d)
Quantized module: resblocks.7.convs2.2 (torch.ao.nn.quantized.modules.conv.Conv1d)
Quantized module: resblocks.8.convs1.0 (torch.ao.nn.quantized.modules.conv.Conv1d)
Quantized module: resblocks.8.convs1.1 (torch.ao.nn.quantized.modules.conv.Conv1d)
Quantized module: resblocks.8.convs1.2 (torch.ao.nn.quantized.modules.conv.Conv1d)
Quantized module: resblocks.8.convs2.0 (torch.ao.nn.quantized.modules.conv.Conv1d)
Quantized module: resblocks.8.convs2.1 (torch.ao.nn.quantized.modules.conv.Conv1d)
Quantized module: resblocks.8.convs2.2 (torch.ao.nn.quantized.modules.conv.Conv1d)
Saving checkpoint to /home/hpc/vlbi/vlbi107v/hifi-gan/cp_hifigan/v1_c512/compressed_checkpoint_int8
Complete.
Saved compressed checkpoint: /home/hpc/vlbi/vlbi107v/hifi-gan/cp_hifigan/v1_c512/compressed_checkpoint_int8 (45.910 MB)
Compressed checkpoint parameters: 13,926,161
Loaded checkpoint: /home/hpc/vlbi/vlbi107v/hifi-gan/cp_hifigan/v1_c512/g_07960000 (53.239 MB)
Generator parameters: 13,926,161
generated_audios/generated_H2_512C_int8/61-70968-0000_generated.wav | RTF: 0.1553(0.762s / 4.905s) | Generator RTF: 0.1547(0.759s / 4.905s)
generated_audios/generated_H2_512C_int8/61-70968-0001_generated.wav | RTF: 0.1459(0.527s / 3.610s) | Generator RTF: 0.1450(0.523s / 3.610s)
generated_audios/generated_H2_512C_int8/61-70968-0002_generated.wav | RTF: 0.1508(0.448s / 2.970s) | Generator RTF: 0.1497(0.445s / 2.970s)
generated_audios/generated_H2_512C_int8/61-70968-0003_generated.wav | RTF: 0.1477(0.637s / 4.315s) | Generator RTF: 0.1470(0.634s / 4.315s)
generated_audios/generated_H2_512C_int8/61-70968-0004_generated.wav | RTF: 0.1495(0.581s / 3.885s) | Generator RTF: 0.1487(0.578s / 3.885s)
generated_audios/generated_H2_512C_int8/61-70968-0005_generated.wav | RTF: 0.1558(0.790s / 5.070s) | Generator RTF: 0.1551(0.786s / 5.070s)
generated_audios/generated_H2_512C_int8/61-70968-0006_generated.wav | RTF: 0.1503(0.441s / 2.935s) | Generator RTF: 0.1492(0.438s / 2.935s)
generated_audios/generated_H2_512C_int8/61-70968-0007_generated.wav | RTF: 0.1460(0.518s / 3.550s) | Generator RTF: 0.1451(0.515s / 3.550s)
generated_audios/generated_H2_512C_int8/61-70968-0008_generated.wav | RTF: 0.1482(0.524s / 3.535s) | Generator RTF: 0.1472(0.520s / 3.535s)
generated_audios/generated_H2_512C_int8/61-70968-0009_generated.wav | RTF: 0.1523(0.687s / 4.510s) | Generator RTF: 0.1515(0.683s / 4.510s)
generated_audios/generated_H2_512C_int8/61-70968-0010_generated.wav | RTF: 0.1803(1.496s / 8.295s) | Generator RTF: 0.1799(1.492s / 8.295s)
generated_audios/generated_H2_512C_int8/61-70968-0011_generated.wav | RTF: 0.1681(1.071s / 6.375s) | Generator RTF: 0.1675(1.068s / 6.375s)
generated_audios/generated_H2_512C_int8/61-70968-0012_generated.wav | RTF: 0.1526(0.398s / 2.610s) | Generator RTF: 0.1513(0.395s / 2.610s)
generated_audios/generated_H2_512C_int8/61-70968-0013_generated.wav | RTF: 0.1479(0.658s / 4.450s) | Generator RTF: 0.1471(0.655s / 4.450s)
generated_audios/generated_H2_512C_int8/61-70968-0014_generated.wav | RTF: 0.1741(1.303s / 7.485s) | Generator RTF: 0.1736(1.299s / 7.485s)
generated_audios/generated_H2_512C_int8/61-70968-0015_generated.wav | RTF: 0.1563(0.840s / 5.375s) | Generator RTF: 0.1555(0.836s / 5.375s)
generated_audios/generated_H2_512C_int8/61-70968-0016_generated.wav | RTF: 0.1577(0.586s / 3.720s) | Generator RTF: 0.1567(0.583s / 3.720s)
generated_audios/generated_H2_512C_int8/61-70968-0017_generated.wav | RTF: 0.1559(0.797s / 5.110s) | Generator RTF: 0.1552(0.793s / 5.110s)
generated_audios/generated_H2_512C_int8/61-70968-0018_generated.wav | RTF: 0.1449(0.348s / 2.405s) | Generator RTF: 0.1436(0.345s / 2.405s)
generated_audios/generated_H2_512C_int8/61-70968-0019_generated.wav | RTF: 0.1552(0.850s / 5.475s) | Generator RTF: 0.1546(0.846s / 5.475s)
Average RTF: 0.1575(14.263s / 90.585s)
Average Generator RTF: 0.1567(14.195s / 90.585s)
Evaluation summary:
  Mel-spectrogram L1: 0.268235
  PESQ: 2.631893
  STOI: 0.951376

Appended metrics to CSV: experiments_results.csv
========== H3: pruning 30% ==========
Initializing Inference Process..
Using device: cpu (baseline and quantized inference both run on CPU)
Loading '/home/hpc/vlbi/vlbi107v/hifi-gan/cp_hifigan/v1_c512_ft30/g_00265000'
Complete.
Checkpoint contains masked pruning parameters. Preparing masked model before loading...
Removing weight norm...
Skipping ConvTranspose1d pruning for ups.0
Skipping ConvTranspose1d pruning for ups.1
Skipping ConvTranspose1d pruning for ups.2
Skipping ConvTranspose1d pruning for ups.3
Pruning (with mask) resblocks.0.convs1.0 (Conv1d): out_channels=256, dim=0, amount=0.0
Done pruning (with mask) resblocks.0.convs1.0 (Conv1d)
Pruning (with mask) resblocks.0.convs1.1 (Conv1d): out_channels=256, dim=0, amount=0.0
Done pruning (with mask) resblocks.0.convs1.1 (Conv1d)
Pruning (with mask) resblocks.0.convs1.2 (Conv1d): out_channels=256, dim=0, amount=0.0
Done pruning (with mask) resblocks.0.convs1.2 (Conv1d)
Pruning (with mask) resblocks.0.convs2.0 (Conv1d): out_channels=256, dim=0, amount=0.0
Done pruning (with mask) resblocks.0.convs2.0 (Conv1d)
Pruning (with mask) resblocks.0.convs2.1 (Conv1d): out_channels=256, dim=0, amount=0.0
Done pruning (with mask) resblocks.0.convs2.1 (Conv1d)
Pruning (with mask) resblocks.0.convs2.2 (Conv1d): out_channels=256, dim=0, amount=0.0
Done pruning (with mask) resblocks.0.convs2.2 (Conv1d)
Pruning (with mask) resblocks.1.convs1.0 (Conv1d): out_channels=256, dim=0, amount=0.0
Done pruning (with mask) resblocks.1.convs1.0 (Conv1d)
Pruning (with mask) resblocks.1.convs1.1 (Conv1d): out_channels=256, dim=0, amount=0.0
Done pruning (with mask) resblocks.1.convs1.1 (Conv1d)
Pruning (with mask) resblocks.1.convs1.2 (Conv1d): out_channels=256, dim=0, amount=0.0
Done pruning (with mask) resblocks.1.convs1.2 (Conv1d)
Pruning (with mask) resblocks.1.convs2.0 (Conv1d): out_channels=256, dim=0, amount=0.0
Done pruning (with mask) resblocks.1.convs2.0 (Conv1d)
Pruning (with mask) resblocks.1.convs2.1 (Conv1d): out_channels=256, dim=0, amount=0.0
Done pruning (with mask) resblocks.1.convs2.1 (Conv1d)
Pruning (with mask) resblocks.1.convs2.2 (Conv1d): out_channels=256, dim=0, amount=0.0
Done pruning (with mask) resblocks.1.convs2.2 (Conv1d)
Pruning (with mask) resblocks.2.convs1.0 (Conv1d): out_channels=256, dim=0, amount=0.0
Done pruning (with mask) resblocks.2.convs1.0 (Conv1d)
Pruning (with mask) resblocks.2.convs1.1 (Conv1d): out_channels=256, dim=0, amount=0.0
Done pruning (with mask) resblocks.2.convs1.1 (Conv1d)
Pruning (with mask) resblocks.2.convs1.2 (Conv1d): out_channels=256, dim=0, amount=0.0
Done pruning (with mask) resblocks.2.convs1.2 (Conv1d)
Pruning (with mask) resblocks.2.convs2.0 (Conv1d): out_channels=256, dim=0, amount=0.0
Done pruning (with mask) resblocks.2.convs2.0 (Conv1d)
Pruning (with mask) resblocks.2.convs2.1 (Conv1d): out_channels=256, dim=0, amount=0.0
Done pruning (with mask) resblocks.2.convs2.1 (Conv1d)
Pruning (with mask) resblocks.2.convs2.2 (Conv1d): out_channels=256, dim=0, amount=0.0
Done pruning (with mask) resblocks.2.convs2.2 (Conv1d)
Pruning (with mask) resblocks.3.convs1.0 (Conv1d): out_channels=128, dim=0, amount=0.0
Done pruning (with mask) resblocks.3.convs1.0 (Conv1d)
Pruning (with mask) resblocks.3.convs1.1 (Conv1d): out_channels=128, dim=0, amount=0.0
Done pruning (with mask) resblocks.3.convs1.1 (Conv1d)
Pruning (with mask) resblocks.3.convs1.2 (Conv1d): out_channels=128, dim=0, amount=0.0
Done pruning (with mask) resblocks.3.convs1.2 (Conv1d)
Pruning (with mask) resblocks.3.convs2.0 (Conv1d): out_channels=128, dim=0, amount=0.0
Done pruning (with mask) resblocks.3.convs2.0 (Conv1d)
Pruning (with mask) resblocks.3.convs2.1 (Conv1d): out_channels=128, dim=0, amount=0.0
Done pruning (with mask) resblocks.3.convs2.1 (Conv1d)
Pruning (with mask) resblocks.3.convs2.2 (Conv1d): out_channels=128, dim=0, amount=0.0
Done pruning (with mask) resblocks.3.convs2.2 (Conv1d)
Pruning (with mask) resblocks.4.convs1.0 (Conv1d): out_channels=128, dim=0, amount=0.0
Done pruning (with mask) resblocks.4.convs1.0 (Conv1d)
Pruning (with mask) resblocks.4.convs1.1 (Conv1d): out_channels=128, dim=0, amount=0.0
Done pruning (with mask) resblocks.4.convs1.1 (Conv1d)
Pruning (with mask) resblocks.4.convs1.2 (Conv1d): out_channels=128, dim=0, amount=0.0
Done pruning (with mask) resblocks.4.convs1.2 (Conv1d)
Pruning (with mask) resblocks.4.convs2.0 (Conv1d): out_channels=128, dim=0, amount=0.0
Done pruning (with mask) resblocks.4.convs2.0 (Conv1d)
Pruning (with mask) resblocks.4.convs2.1 (Conv1d): out_channels=128, dim=0, amount=0.0
Done pruning (with mask) resblocks.4.convs2.1 (Conv1d)
Pruning (with mask) resblocks.4.convs2.2 (Conv1d): out_channels=128, dim=0, amount=0.0
Done pruning (with mask) resblocks.4.convs2.2 (Conv1d)
Pruning (with mask) resblocks.5.convs1.0 (Conv1d): out_channels=128, dim=0, amount=0.0
Done pruning (with mask) resblocks.5.convs1.0 (Conv1d)
Pruning (with mask) resblocks.5.convs1.1 (Conv1d): out_channels=128, dim=0, amount=0.0
Done pruning (with mask) resblocks.5.convs1.1 (Conv1d)
Pruning (with mask) resblocks.5.convs1.2 (Conv1d): out_channels=128, dim=0, amount=0.0
Done pruning (with mask) resblocks.5.convs1.2 (Conv1d)
Pruning (with mask) resblocks.5.convs2.0 (Conv1d): out_channels=128, dim=0, amount=0.0
Done pruning (with mask) resblocks.5.convs2.0 (Conv1d)
Pruning (with mask) resblocks.5.convs2.1 (Conv1d): out_channels=128, dim=0, amount=0.0
Done pruning (with mask) resblocks.5.convs2.1 (Conv1d)
Pruning (with mask) resblocks.5.convs2.2 (Conv1d): out_channels=128, dim=0, amount=0.0
Done pruning (with mask) resblocks.5.convs2.2 (Conv1d)
Pruning (with mask) resblocks.6.convs1.0 (Conv1d): out_channels=64, dim=0, amount=0.0
Done pruning (with mask) resblocks.6.convs1.0 (Conv1d)
Pruning (with mask) resblocks.6.convs1.1 (Conv1d): out_channels=64, dim=0, amount=0.0
Done pruning (with mask) resblocks.6.convs1.1 (Conv1d)
Pruning (with mask) resblocks.6.convs1.2 (Conv1d): out_channels=64, dim=0, amount=0.0
Done pruning (with mask) resblocks.6.convs1.2 (Conv1d)
Pruning (with mask) resblocks.6.convs2.0 (Conv1d): out_channels=64, dim=0, amount=0.0
Done pruning (with mask) resblocks.6.convs2.0 (Conv1d)
Pruning (with mask) resblocks.6.convs2.1 (Conv1d): out_channels=64, dim=0, amount=0.0
Done pruning (with mask) resblocks.6.convs2.1 (Conv1d)
Pruning (with mask) resblocks.6.convs2.2 (Conv1d): out_channels=64, dim=0, amount=0.0
Done pruning (with mask) resblocks.6.convs2.2 (Conv1d)
Pruning (with mask) resblocks.7.convs1.0 (Conv1d): out_channels=64, dim=0, amount=0.0
Done pruning (with mask) resblocks.7.convs1.0 (Conv1d)
Pruning (with mask) resblocks.7.convs1.1 (Conv1d): out_channels=64, dim=0, amount=0.0
Done pruning (with mask) resblocks.7.convs1.1 (Conv1d)
Pruning (with mask) resblocks.7.convs1.2 (Conv1d): out_channels=64, dim=0, amount=0.0
Done pruning (with mask) resblocks.7.convs1.2 (Conv1d)
Pruning (with mask) resblocks.7.convs2.0 (Conv1d): out_channels=64, dim=0, amount=0.0
Done pruning (with mask) resblocks.7.convs2.0 (Conv1d)
Pruning (with mask) resblocks.7.convs2.1 (Conv1d): out_channels=64, dim=0, amount=0.0
Done pruning (with mask) resblocks.7.convs2.1 (Conv1d)
Pruning (with mask) resblocks.7.convs2.2 (Conv1d): out_channels=64, dim=0, amount=0.0
Done pruning (with mask) resblocks.7.convs2.2 (Conv1d)
Pruning (with mask) resblocks.8.convs1.0 (Conv1d): out_channels=64, dim=0, amount=0.0
Done pruning (with mask) resblocks.8.convs1.0 (Conv1d)
Pruning (with mask) resblocks.8.convs1.1 (Conv1d): out_channels=64, dim=0, amount=0.0
Done pruning (with mask) resblocks.8.convs1.1 (Conv1d)
Pruning (with mask) resblocks.8.convs1.2 (Conv1d): out_channels=64, dim=0, amount=0.0
Done pruning (with mask) resblocks.8.convs1.2 (Conv1d)
Pruning (with mask) resblocks.8.convs2.0 (Conv1d): out_channels=64, dim=0, amount=0.0
Done pruning (with mask) resblocks.8.convs2.0 (Conv1d)
Pruning (with mask) resblocks.8.convs2.1 (Conv1d): out_channels=64, dim=0, amount=0.0
Done pruning (with mask) resblocks.8.convs2.1 (Conv1d)
Pruning (with mask) resblocks.8.convs2.2 (Conv1d): out_channels=64, dim=0, amount=0.0
Done pruning (with mask) resblocks.8.convs2.2 (Conv1d)
Pruning (with mask) resblocks.9.convs1.0 (Conv1d): out_channels=32, dim=0, amount=0.0
Done pruning (with mask) resblocks.9.convs1.0 (Conv1d)
Pruning (with mask) resblocks.9.convs1.1 (Conv1d): out_channels=32, dim=0, amount=0.0
Done pruning (with mask) resblocks.9.convs1.1 (Conv1d)
Pruning (with mask) resblocks.9.convs1.2 (Conv1d): out_channels=32, dim=0, amount=0.0
Done pruning (with mask) resblocks.9.convs1.2 (Conv1d)
Pruning (with mask) resblocks.9.convs2.0 (Conv1d): out_channels=32, dim=0, amount=0.0
Done pruning (with mask) resblocks.9.convs2.0 (Conv1d)
Pruning (with mask) resblocks.9.convs2.1 (Conv1d): out_channels=32, dim=0, amount=0.0
Done pruning (with mask) resblocks.9.convs2.1 (Conv1d)
Pruning (with mask) resblocks.9.convs2.2 (Conv1d): out_channels=32, dim=0, amount=0.0
Done pruning (with mask) resblocks.9.convs2.2 (Conv1d)
Pruning (with mask) resblocks.10.convs1.0 (Conv1d): out_channels=32, dim=0, amount=0.0
Done pruning (with mask) resblocks.10.convs1.0 (Conv1d)
Pruning (with mask) resblocks.10.convs1.1 (Conv1d): out_channels=32, dim=0, amount=0.0
Done pruning (with mask) resblocks.10.convs1.1 (Conv1d)
Pruning (with mask) resblocks.10.convs1.2 (Conv1d): out_channels=32, dim=0, amount=0.0
Done pruning (with mask) resblocks.10.convs1.2 (Conv1d)
Pruning (with mask) resblocks.10.convs2.0 (Conv1d): out_channels=32, dim=0, amount=0.0
Done pruning (with mask) resblocks.10.convs2.0 (Conv1d)
Pruning (with mask) resblocks.10.convs2.1 (Conv1d): out_channels=32, dim=0, amount=0.0
Done pruning (with mask) resblocks.10.convs2.1 (Conv1d)
Pruning (with mask) resblocks.10.convs2.2 (Conv1d): out_channels=32, dim=0, amount=0.0
Done pruning (with mask) resblocks.10.convs2.2 (Conv1d)
Pruning (with mask) resblocks.11.convs1.0 (Conv1d): out_channels=32, dim=0, amount=0.0
Done pruning (with mask) resblocks.11.convs1.0 (Conv1d)
Pruning (with mask) resblocks.11.convs1.1 (Conv1d): out_channels=32, dim=0, amount=0.0
Done pruning (with mask) resblocks.11.convs1.1 (Conv1d)
Pruning (with mask) resblocks.11.convs1.2 (Conv1d): out_channels=32, dim=0, amount=0.0
Done pruning (with mask) resblocks.11.convs1.2 (Conv1d)
Pruning (with mask) resblocks.11.convs2.0 (Conv1d): out_channels=32, dim=0, amount=0.0
Done pruning (with mask) resblocks.11.convs2.0 (Conv1d)
Pruning (with mask) resblocks.11.convs2.1 (Conv1d): out_channels=32, dim=0, amount=0.0
Done pruning (with mask) resblocks.11.convs2.1 (Conv1d)
Pruning (with mask) resblocks.11.convs2.2 (Conv1d): out_channels=32, dim=0, amount=0.0
Done pruning (with mask) resblocks.11.convs2.2 (Conv1d)
Removing pruning masks from masked checkpoint before inference...
Removed pruning masks from 72 modules
Saving checkpoint to /home/hpc/vlbi/vlbi107v/hifi-gan/cp_hifigan/v1_c512_ft30/compressed_checkpoint
Complete.
Saved compressed checkpoint: /home/hpc/vlbi/vlbi107v/hifi-gan/cp_hifigan/v1_c512_ft30/compressed_checkpoint (53.175 MB)
Compressed checkpoint parameters: 13,926,017
Clean mask-free checkpoint saved: /home/hpc/vlbi/vlbi107v/hifi-gan/cp_hifigan/v1_c512_ft30/compressed_checkpoint (53.175 MB)
Loaded checkpoint: /home/hpc/vlbi/vlbi107v/hifi-gan/cp_hifigan/v1_c512_ft30/g_00265000 (95.035 MB)
Generator parameters: 13,926,017
generated_audios/generated_H3_512C_pruned30/61-70968-0000_generated.wav | RTF: 0.3021(1.482s / 4.905s) | Generator RTF: 0.3009(1.476s / 4.905s)
generated_audios/generated_H3_512C_pruned30/61-70968-0001_generated.wav | RTF: 0.2764(0.998s / 3.610s) | Generator RTF: 0.2754(0.994s / 3.610s)
generated_audios/generated_H3_512C_pruned30/61-70968-0002_generated.wav | RTF: 0.2707(0.804s / 2.970s) | Generator RTF: 0.2694(0.800s / 2.970s)
generated_audios/generated_H3_512C_pruned30/61-70968-0003_generated.wav | RTF: 0.2781(1.200s / 4.315s) | Generator RTF: 0.2772(1.196s / 4.315s)
generated_audios/generated_H3_512C_pruned30/61-70968-0004_generated.wav | RTF: 0.2821(1.096s / 3.885s) | Generator RTF: 0.2813(1.093s / 3.885s)
generated_audios/generated_H3_512C_pruned30/61-70968-0005_generated.wav | RTF: 0.2905(1.473s / 5.070s) | Generator RTF: 0.2898(1.469s / 5.070s)
generated_audios/generated_H3_512C_pruned30/61-70968-0006_generated.wav | RTF: 0.2731(0.801s / 2.935s) | Generator RTF: 0.2717(0.797s / 2.935s)
generated_audios/generated_H3_512C_pruned30/61-70968-0007_generated.wav | RTF: 0.2790(0.990s / 3.550s) | Generator RTF: 0.2780(0.987s / 3.550s)
generated_audios/generated_H3_512C_pruned30/61-70968-0008_generated.wav | RTF: 0.2818(0.996s / 3.535s) | Generator RTF: 0.2801(0.990s / 3.535s)
generated_audios/generated_H3_512C_pruned30/61-70968-0009_generated.wav | RTF: 0.2839(1.281s / 4.510s) | Generator RTF: 0.2831(1.277s / 4.510s)
generated_audios/generated_H3_512C_pruned30/61-70968-0010_generated.wav | RTF: 0.2961(2.456s / 8.295s) | Generator RTF: 0.2956(2.452s / 8.295s)
generated_audios/generated_H3_512C_pruned30/61-70968-0011_generated.wav | RTF: 0.2827(1.802s / 6.375s) | Generator RTF: 0.2821(1.798s / 6.375s)
generated_audios/generated_H3_512C_pruned30/61-70968-0012_generated.wav | RTF: 0.2801(0.731s / 2.610s) | Generator RTF: 0.2789(0.728s / 2.610s)
generated_audios/generated_H3_512C_pruned30/61-70968-0013_generated.wav | RTF: 0.2853(1.270s / 4.450s) | Generator RTF: 0.2845(1.266s / 4.450s)
generated_audios/generated_H3_512C_pruned30/61-70968-0014_generated.wav | RTF: 0.3077(2.303s / 7.485s) | Generator RTF: 0.3071(2.299s / 7.485s)
generated_audios/generated_H3_512C_pruned30/61-70968-0015_generated.wav | RTF: 0.2851(1.533s / 5.375s) | Generator RTF: 0.2845(1.529s / 5.375s)
generated_audios/generated_H3_512C_pruned30/61-70968-0016_generated.wav | RTF: 0.2861(1.064s / 3.720s) | Generator RTF: 0.2853(1.061s / 3.720s)
generated_audios/generated_H3_512C_pruned30/61-70968-0017_generated.wav | RTF: 0.2880(1.472s / 5.110s) | Generator RTF: 0.2873(1.468s / 5.110s)
generated_audios/generated_H3_512C_pruned30/61-70968-0018_generated.wav | RTF: 0.2710(0.652s / 2.405s) | Generator RTF: 0.2696(0.648s / 2.405s)
generated_audios/generated_H3_512C_pruned30/61-70968-0019_generated.wav | RTF: 0.2873(1.573s / 5.475s) | Generator RTF: 0.2866(1.569s / 5.475s)
Average RTF: 0.2868(25.976s / 90.585s)
Average Generator RTF: 0.2859(25.899s / 90.585s)
Evaluation summary:
  Mel-spectrogram L1: 0.300634
  PESQ: 2.224957
  STOI: 0.932053

Appended metrics to CSV: experiments_results.csv
========== H3: pruning 50% ==========
Initializing Inference Process..
Using device: cpu (baseline and quantized inference both run on CPU)
Loading '/home/hpc/vlbi/vlbi107v/hifi-gan/cp_hifigan/v1_c512_ft50/g_00265000'
Complete.
Checkpoint contains masked pruning parameters. Preparing masked model before loading...
Removing weight norm...
Skipping ConvTranspose1d pruning for ups.0
Skipping ConvTranspose1d pruning for ups.1
Skipping ConvTranspose1d pruning for ups.2
Skipping ConvTranspose1d pruning for ups.3
Pruning (with mask) resblocks.0.convs1.0 (Conv1d): out_channels=256, dim=0, amount=0.0
Done pruning (with mask) resblocks.0.convs1.0 (Conv1d)
Pruning (with mask) resblocks.0.convs1.1 (Conv1d): out_channels=256, dim=0, amount=0.0
Done pruning (with mask) resblocks.0.convs1.1 (Conv1d)
Pruning (with mask) resblocks.0.convs1.2 (Conv1d): out_channels=256, dim=0, amount=0.0
Done pruning (with mask) resblocks.0.convs1.2 (Conv1d)
Pruning (with mask) resblocks.0.convs2.0 (Conv1d): out_channels=256, dim=0, amount=0.0
Done pruning (with mask) resblocks.0.convs2.0 (Conv1d)
Pruning (with mask) resblocks.0.convs2.1 (Conv1d): out_channels=256, dim=0, amount=0.0
Done pruning (with mask) resblocks.0.convs2.1 (Conv1d)
Pruning (with mask) resblocks.0.convs2.2 (Conv1d): out_channels=256, dim=0, amount=0.0
Done pruning (with mask) resblocks.0.convs2.2 (Conv1d)
Pruning (with mask) resblocks.1.convs1.0 (Conv1d): out_channels=256, dim=0, amount=0.0
Done pruning (with mask) resblocks.1.convs1.0 (Conv1d)
Pruning (with mask) resblocks.1.convs1.1 (Conv1d): out_channels=256, dim=0, amount=0.0
Done pruning (with mask) resblocks.1.convs1.1 (Conv1d)
Pruning (with mask) resblocks.1.convs1.2 (Conv1d): out_channels=256, dim=0, amount=0.0
Done pruning (with mask) resblocks.1.convs1.2 (Conv1d)
Pruning (with mask) resblocks.1.convs2.0 (Conv1d): out_channels=256, dim=0, amount=0.0
Done pruning (with mask) resblocks.1.convs2.0 (Conv1d)
Pruning (with mask) resblocks.1.convs2.1 (Conv1d): out_channels=256, dim=0, amount=0.0
Done pruning (with mask) resblocks.1.convs2.1 (Conv1d)
Pruning (with mask) resblocks.1.convs2.2 (Conv1d): out_channels=256, dim=0, amount=0.0
Done pruning (with mask) resblocks.1.convs2.2 (Conv1d)
Pruning (with mask) resblocks.2.convs1.0 (Conv1d): out_channels=256, dim=0, amount=0.0
Done pruning (with mask) resblocks.2.convs1.0 (Conv1d)
Pruning (with mask) resblocks.2.convs1.1 (Conv1d): out_channels=256, dim=0, amount=0.0
Done pruning (with mask) resblocks.2.convs1.1 (Conv1d)
Pruning (with mask) resblocks.2.convs1.2 (Conv1d): out_channels=256, dim=0, amount=0.0
Done pruning (with mask) resblocks.2.convs1.2 (Conv1d)
Pruning (with mask) resblocks.2.convs2.0 (Conv1d): out_channels=256, dim=0, amount=0.0
Done pruning (with mask) resblocks.2.convs2.0 (Conv1d)
Pruning (with mask) resblocks.2.convs2.1 (Conv1d): out_channels=256, dim=0, amount=0.0
Done pruning (with mask) resblocks.2.convs2.1 (Conv1d)
Pruning (with mask) resblocks.2.convs2.2 (Conv1d): out_channels=256, dim=0, amount=0.0
Done pruning (with mask) resblocks.2.convs2.2 (Conv1d)
Pruning (with mask) resblocks.3.convs1.0 (Conv1d): out_channels=128, dim=0, amount=0.0
Done pruning (with mask) resblocks.3.convs1.0 (Conv1d)
Pruning (with mask) resblocks.3.convs1.1 (Conv1d): out_channels=128, dim=0, amount=0.0
Done pruning (with mask) resblocks.3.convs1.1 (Conv1d)
Pruning (with mask) resblocks.3.convs1.2 (Conv1d): out_channels=128, dim=0, amount=0.0
Done pruning (with mask) resblocks.3.convs1.2 (Conv1d)
Pruning (with mask) resblocks.3.convs2.0 (Conv1d): out_channels=128, dim=0, amount=0.0
Done pruning (with mask) resblocks.3.convs2.0 (Conv1d)
Pruning (with mask) resblocks.3.convs2.1 (Conv1d): out_channels=128, dim=0, amount=0.0
Done pruning (with mask) resblocks.3.convs2.1 (Conv1d)
Pruning (with mask) resblocks.3.convs2.2 (Conv1d): out_channels=128, dim=0, amount=0.0
Done pruning (with mask) resblocks.3.convs2.2 (Conv1d)
Pruning (with mask) resblocks.4.convs1.0 (Conv1d): out_channels=128, dim=0, amount=0.0
Done pruning (with mask) resblocks.4.convs1.0 (Conv1d)
Pruning (with mask) resblocks.4.convs1.1 (Conv1d): out_channels=128, dim=0, amount=0.0
Done pruning (with mask) resblocks.4.convs1.1 (Conv1d)
Pruning (with mask) resblocks.4.convs1.2 (Conv1d): out_channels=128, dim=0, amount=0.0
Done pruning (with mask) resblocks.4.convs1.2 (Conv1d)
Pruning (with mask) resblocks.4.convs2.0 (Conv1d): out_channels=128, dim=0, amount=0.0
Done pruning (with mask) resblocks.4.convs2.0 (Conv1d)
Pruning (with mask) resblocks.4.convs2.1 (Conv1d): out_channels=128, dim=0, amount=0.0
Done pruning (with mask) resblocks.4.convs2.1 (Conv1d)
Pruning (with mask) resblocks.4.convs2.2 (Conv1d): out_channels=128, dim=0, amount=0.0
Done pruning (with mask) resblocks.4.convs2.2 (Conv1d)
Pruning (with mask) resblocks.5.convs1.0 (Conv1d): out_channels=128, dim=0, amount=0.0
Done pruning (with mask) resblocks.5.convs1.0 (Conv1d)
Pruning (with mask) resblocks.5.convs1.1 (Conv1d): out_channels=128, dim=0, amount=0.0
Done pruning (with mask) resblocks.5.convs1.1 (Conv1d)
Pruning (with mask) resblocks.5.convs1.2 (Conv1d): out_channels=128, dim=0, amount=0.0
Done pruning (with mask) resblocks.5.convs1.2 (Conv1d)
Pruning (with mask) resblocks.5.convs2.0 (Conv1d): out_channels=128, dim=0, amount=0.0
Done pruning (with mask) resblocks.5.convs2.0 (Conv1d)
Pruning (with mask) resblocks.5.convs2.1 (Conv1d): out_channels=128, dim=0, amount=0.0
Done pruning (with mask) resblocks.5.convs2.1 (Conv1d)
Pruning (with mask) resblocks.5.convs2.2 (Conv1d): out_channels=128, dim=0, amount=0.0
Done pruning (with mask) resblocks.5.convs2.2 (Conv1d)
Pruning (with mask) resblocks.6.convs1.0 (Conv1d): out_channels=64, dim=0, amount=0.0
Done pruning (with mask) resblocks.6.convs1.0 (Conv1d)
Pruning (with mask) resblocks.6.convs1.1 (Conv1d): out_channels=64, dim=0, amount=0.0
Done pruning (with mask) resblocks.6.convs1.1 (Conv1d)
Pruning (with mask) resblocks.6.convs1.2 (Conv1d): out_channels=64, dim=0, amount=0.0
Done pruning (with mask) resblocks.6.convs1.2 (Conv1d)
Pruning (with mask) resblocks.6.convs2.0 (Conv1d): out_channels=64, dim=0, amount=0.0
Done pruning (with mask) resblocks.6.convs2.0 (Conv1d)
Pruning (with mask) resblocks.6.convs2.1 (Conv1d): out_channels=64, dim=0, amount=0.0
Done pruning (with mask) resblocks.6.convs2.1 (Conv1d)
Pruning (with mask) resblocks.6.convs2.2 (Conv1d): out_channels=64, dim=0, amount=0.0
Done pruning (with mask) resblocks.6.convs2.2 (Conv1d)
Pruning (with mask) resblocks.7.convs1.0 (Conv1d): out_channels=64, dim=0, amount=0.0
Done pruning (with mask) resblocks.7.convs1.0 (Conv1d)
Pruning (with mask) resblocks.7.convs1.1 (Conv1d): out_channels=64, dim=0, amount=0.0
Done pruning (with mask) resblocks.7.convs1.1 (Conv1d)
Pruning (with mask) resblocks.7.convs1.2 (Conv1d): out_channels=64, dim=0, amount=0.0
Done pruning (with mask) resblocks.7.convs1.2 (Conv1d)
Pruning (with mask) resblocks.7.convs2.0 (Conv1d): out_channels=64, dim=0, amount=0.0
Done pruning (with mask) resblocks.7.convs2.0 (Conv1d)
Pruning (with mask) resblocks.7.convs2.1 (Conv1d): out_channels=64, dim=0, amount=0.0
Done pruning (with mask) resblocks.7.convs2.1 (Conv1d)
Pruning (with mask) resblocks.7.convs2.2 (Conv1d): out_channels=64, dim=0, amount=0.0
Done pruning (with mask) resblocks.7.convs2.2 (Conv1d)
Pruning (with mask) resblocks.8.convs1.0 (Conv1d): out_channels=64, dim=0, amount=0.0
Done pruning (with mask) resblocks.8.convs1.0 (Conv1d)
Pruning (with mask) resblocks.8.convs1.1 (Conv1d): out_channels=64, dim=0, amount=0.0
Done pruning (with mask) resblocks.8.convs1.1 (Conv1d)
Pruning (with mask) resblocks.8.convs1.2 (Conv1d): out_channels=64, dim=0, amount=0.0
Done pruning (with mask) resblocks.8.convs1.2 (Conv1d)
Pruning (with mask) resblocks.8.convs2.0 (Conv1d): out_channels=64, dim=0, amount=0.0
Done pruning (with mask) resblocks.8.convs2.0 (Conv1d)
Pruning (with mask) resblocks.8.convs2.1 (Conv1d): out_channels=64, dim=0, amount=0.0
Done pruning (with mask) resblocks.8.convs2.1 (Conv1d)
Pruning (with mask) resblocks.8.convs2.2 (Conv1d): out_channels=64, dim=0, amount=0.0
Done pruning (with mask) resblocks.8.convs2.2 (Conv1d)
Pruning (with mask) resblocks.9.convs1.0 (Conv1d): out_channels=32, dim=0, amount=0.0
Done pruning (with mask) resblocks.9.convs1.0 (Conv1d)
Pruning (with mask) resblocks.9.convs1.1 (Conv1d): out_channels=32, dim=0, amount=0.0
Done pruning (with mask) resblocks.9.convs1.1 (Conv1d)
Pruning (with mask) resblocks.9.convs1.2 (Conv1d): out_channels=32, dim=0, amount=0.0
Done pruning (with mask) resblocks.9.convs1.2 (Conv1d)
Pruning (with mask) resblocks.9.convs2.0 (Conv1d): out_channels=32, dim=0, amount=0.0
Done pruning (with mask) resblocks.9.convs2.0 (Conv1d)
Pruning (with mask) resblocks.9.convs2.1 (Conv1d): out_channels=32, dim=0, amount=0.0
Done pruning (with mask) resblocks.9.convs2.1 (Conv1d)
Pruning (with mask) resblocks.9.convs2.2 (Conv1d): out_channels=32, dim=0, amount=0.0
Done pruning (with mask) resblocks.9.convs2.2 (Conv1d)
Pruning (with mask) resblocks.10.convs1.0 (Conv1d): out_channels=32, dim=0, amount=0.0
Done pruning (with mask) resblocks.10.convs1.0 (Conv1d)
Pruning (with mask) resblocks.10.convs1.1 (Conv1d): out_channels=32, dim=0, amount=0.0
Done pruning (with mask) resblocks.10.convs1.1 (Conv1d)
Pruning (with mask) resblocks.10.convs1.2 (Conv1d): out_channels=32, dim=0, amount=0.0
Done pruning (with mask) resblocks.10.convs1.2 (Conv1d)
Pruning (with mask) resblocks.10.convs2.0 (Conv1d): out_channels=32, dim=0, amount=0.0
Done pruning (with mask) resblocks.10.convs2.0 (Conv1d)
Pruning (with mask) resblocks.10.convs2.1 (Conv1d): out_channels=32, dim=0, amount=0.0
Done pruning (with mask) resblocks.10.convs2.1 (Conv1d)
Pruning (with mask) resblocks.10.convs2.2 (Conv1d): out_channels=32, dim=0, amount=0.0
Done pruning (with mask) resblocks.10.convs2.2 (Conv1d)
Pruning (with mask) resblocks.11.convs1.0 (Conv1d): out_channels=32, dim=0, amount=0.0
Done pruning (with mask) resblocks.11.convs1.0 (Conv1d)
Pruning (with mask) resblocks.11.convs1.1 (Conv1d): out_channels=32, dim=0, amount=0.0
Done pruning (with mask) resblocks.11.convs1.1 (Conv1d)
Pruning (with mask) resblocks.11.convs1.2 (Conv1d): out_channels=32, dim=0, amount=0.0
Done pruning (with mask) resblocks.11.convs1.2 (Conv1d)
Pruning (with mask) resblocks.11.convs2.0 (Conv1d): out_channels=32, dim=0, amount=0.0
Done pruning (with mask) resblocks.11.convs2.0 (Conv1d)
Pruning (with mask) resblocks.11.convs2.1 (Conv1d): out_channels=32, dim=0, amount=0.0
Done pruning (with mask) resblocks.11.convs2.1 (Conv1d)
Pruning (with mask) resblocks.11.convs2.2 (Conv1d): out_channels=32, dim=0, amount=0.0
Done pruning (with mask) resblocks.11.convs2.2 (Conv1d)
Removing pruning masks from masked checkpoint before inference...
Removed pruning masks from 72 modules
Saving checkpoint to /home/hpc/vlbi/vlbi107v/hifi-gan/cp_hifigan/v1_c512_ft50/compressed_checkpoint
Complete.
Saved compressed checkpoint: /home/hpc/vlbi/vlbi107v/hifi-gan/cp_hifigan/v1_c512_ft50/compressed_checkpoint (53.175 MB)
Compressed checkpoint parameters: 13,926,017
Clean mask-free checkpoint saved: /home/hpc/vlbi/vlbi107v/hifi-gan/cp_hifigan/v1_c512_ft50/compressed_checkpoint (53.175 MB)
Loaded checkpoint: /home/hpc/vlbi/vlbi107v/hifi-gan/cp_hifigan/v1_c512_ft50/g_00265000 (95.035 MB)
Generator parameters: 13,926,017
generated_audios/generated_H3_512C_pruned50/61-70968-0000_generated.wav | RTF: 0.2939(1.441s / 4.905s) | Generator RTF: 0.2929(1.436s / 4.905s)
generated_audios/generated_H3_512C_pruned50/61-70968-0001_generated.wav | RTF: 0.2793(1.008s / 3.610s) | Generator RTF: 0.2783(1.005s / 3.610s)
generated_audios/generated_H3_512C_pruned50/61-70968-0002_generated.wav | RTF: 0.2701(0.802s / 2.970s) | Generator RTF: 0.2687(0.798s / 2.970s)
generated_audios/generated_H3_512C_pruned50/61-70968-0003_generated.wav | RTF: 0.2913(1.257s / 4.315s) | Generator RTF: 0.2905(1.254s / 4.315s)
generated_audios/generated_H3_512C_pruned50/61-70968-0004_generated.wav | RTF: 0.2833(1.101s / 3.885s) | Generator RTF: 0.2824(1.097s / 3.885s)
generated_audios/generated_H3_512C_pruned50/61-70968-0005_generated.wav | RTF: 0.2868(1.454s / 5.070s) | Generator RTF: 0.2862(1.451s / 5.070s)
generated_audios/generated_H3_512C_pruned50/61-70968-0006_generated.wav | RTF: 0.2725(0.800s / 2.935s) | Generator RTF: 0.2711(0.796s / 2.935s)
generated_audios/generated_H3_512C_pruned50/61-70968-0007_generated.wav | RTF: 0.2802(0.995s / 3.550s) | Generator RTF: 0.2792(0.991s / 3.550s)
generated_audios/generated_H3_512C_pruned50/61-70968-0008_generated.wav | RTF: 0.2800(0.990s / 3.535s) | Generator RTF: 0.2789(0.986s / 3.535s)
generated_audios/generated_H3_512C_pruned50/61-70968-0009_generated.wav | RTF: 0.2881(1.299s / 4.510s) | Generator RTF: 0.2873(1.296s / 4.510s)
generated_audios/generated_H3_512C_pruned50/61-70968-0010_generated.wav | RTF: 0.3011(2.498s / 8.295s) | Generator RTF: 0.3005(2.492s / 8.295s)
generated_audios/generated_H3_512C_pruned50/61-70968-0011_generated.wav | RTF: 0.2809(1.791s / 6.375s) | Generator RTF: 0.2803(1.787s / 6.375s)
generated_audios/generated_H3_512C_pruned50/61-70968-0012_generated.wav | RTF: 0.2811(0.734s / 2.610s) | Generator RTF: 0.2797(0.730s / 2.610s)
generated_audios/generated_H3_512C_pruned50/61-70968-0013_generated.wav | RTF: 0.2931(1.304s / 4.450s) | Generator RTF: 0.2923(1.301s / 4.450s)
generated_audios/generated_H3_512C_pruned50/61-70968-0014_generated.wav | RTF: 0.3041(2.276s / 7.485s) | Generator RTF: 0.3035(2.272s / 7.485s)
generated_audios/generated_H3_512C_pruned50/61-70968-0015_generated.wav | RTF: 0.2823(1.518s / 5.375s) | Generator RTF: 0.2818(1.514s / 5.375s)
generated_audios/generated_H3_512C_pruned50/61-70968-0016_generated.wav | RTF: 0.2841(1.057s / 3.720s) | Generator RTF: 0.2831(1.053s / 3.720s)
generated_audios/generated_H3_512C_pruned50/61-70968-0017_generated.wav | RTF: 0.2875(1.469s / 5.110s) | Generator RTF: 0.2868(1.466s / 5.110s)
generated_audios/generated_H3_512C_pruned50/61-70968-0018_generated.wav | RTF: 0.2743(0.660s / 2.405s) | Generator RTF: 0.2730(0.657s / 2.405s)
generated_audios/generated_H3_512C_pruned50/61-70968-0019_generated.wav | RTF: 0.2875(1.574s / 5.475s) | Generator RTF: 0.2868(1.570s / 5.475s)
Average RTF: 0.2873(26.027s / 90.585s)
Average Generator RTF: 0.2865(25.951s / 90.585s)
Evaluation summary:
  Mel-spectrogram L1: 0.269504
  PESQ: 2.197064
  STOI: 0.941538

Appended metrics to CSV: experiments_results.csv
========== H3: pruning 70% ==========
Initializing Inference Process..
Using device: cpu (baseline and quantized inference both run on CPU)
Loading '/home/hpc/vlbi/vlbi107v/hifi-gan/cp_hifigan/v1_c512_ft70/g_00265000'
Complete.
Checkpoint contains masked pruning parameters. Preparing masked model before loading...
Removing weight norm...
Skipping ConvTranspose1d pruning for ups.0
Skipping ConvTranspose1d pruning for ups.1
Skipping ConvTranspose1d pruning for ups.2
Skipping ConvTranspose1d pruning for ups.3
Pruning (with mask) resblocks.0.convs1.0 (Conv1d): out_channels=256, dim=0, amount=0.0
Done pruning (with mask) resblocks.0.convs1.0 (Conv1d)
Pruning (with mask) resblocks.0.convs1.1 (Conv1d): out_channels=256, dim=0, amount=0.0
Done pruning (with mask) resblocks.0.convs1.1 (Conv1d)
Pruning (with mask) resblocks.0.convs1.2 (Conv1d): out_channels=256, dim=0, amount=0.0
Done pruning (with mask) resblocks.0.convs1.2 (Conv1d)
Pruning (with mask) resblocks.0.convs2.0 (Conv1d): out_channels=256, dim=0, amount=0.0
Done pruning (with mask) resblocks.0.convs2.0 (Conv1d)
Pruning (with mask) resblocks.0.convs2.1 (Conv1d): out_channels=256, dim=0, amount=0.0
Done pruning (with mask) resblocks.0.convs2.1 (Conv1d)
Pruning (with mask) resblocks.0.convs2.2 (Conv1d): out_channels=256, dim=0, amount=0.0
Done pruning (with mask) resblocks.0.convs2.2 (Conv1d)
Pruning (with mask) resblocks.1.convs1.0 (Conv1d): out_channels=256, dim=0, amount=0.0
Done pruning (with mask) resblocks.1.convs1.0 (Conv1d)
Pruning (with mask) resblocks.1.convs1.1 (Conv1d): out_channels=256, dim=0, amount=0.0
Done pruning (with mask) resblocks.1.convs1.1 (Conv1d)
Pruning (with mask) resblocks.1.convs1.2 (Conv1d): out_channels=256, dim=0, amount=0.0
Done pruning (with mask) resblocks.1.convs1.2 (Conv1d)
Pruning (with mask) resblocks.1.convs2.0 (Conv1d): out_channels=256, dim=0, amount=0.0
Done pruning (with mask) resblocks.1.convs2.0 (Conv1d)
Pruning (with mask) resblocks.1.convs2.1 (Conv1d): out_channels=256, dim=0, amount=0.0
Done pruning (with mask) resblocks.1.convs2.1 (Conv1d)
Pruning (with mask) resblocks.1.convs2.2 (Conv1d): out_channels=256, dim=0, amount=0.0
Done pruning (with mask) resblocks.1.convs2.2 (Conv1d)
Pruning (with mask) resblocks.2.convs1.0 (Conv1d): out_channels=256, dim=0, amount=0.0
Done pruning (with mask) resblocks.2.convs1.0 (Conv1d)
Pruning (with mask) resblocks.2.convs1.1 (Conv1d): out_channels=256, dim=0, amount=0.0
Done pruning (with mask) resblocks.2.convs1.1 (Conv1d)
Pruning (with mask) resblocks.2.convs1.2 (Conv1d): out_channels=256, dim=0, amount=0.0
Done pruning (with mask) resblocks.2.convs1.2 (Conv1d)
Pruning (with mask) resblocks.2.convs2.0 (Conv1d): out_channels=256, dim=0, amount=0.0
Done pruning (with mask) resblocks.2.convs2.0 (Conv1d)
Pruning (with mask) resblocks.2.convs2.1 (Conv1d): out_channels=256, dim=0, amount=0.0
Done pruning (with mask) resblocks.2.convs2.1 (Conv1d)
Pruning (with mask) resblocks.2.convs2.2 (Conv1d): out_channels=256, dim=0, amount=0.0
Done pruning (with mask) resblocks.2.convs2.2 (Conv1d)
Pruning (with mask) resblocks.3.convs1.0 (Conv1d): out_channels=128, dim=0, amount=0.0
Done pruning (with mask) resblocks.3.convs1.0 (Conv1d)
Pruning (with mask) resblocks.3.convs1.1 (Conv1d): out_channels=128, dim=0, amount=0.0
Done pruning (with mask) resblocks.3.convs1.1 (Conv1d)
Pruning (with mask) resblocks.3.convs1.2 (Conv1d): out_channels=128, dim=0, amount=0.0
Done pruning (with mask) resblocks.3.convs1.2 (Conv1d)
Pruning (with mask) resblocks.3.convs2.0 (Conv1d): out_channels=128, dim=0, amount=0.0
Done pruning (with mask) resblocks.3.convs2.0 (Conv1d)
Pruning (with mask) resblocks.3.convs2.1 (Conv1d): out_channels=128, dim=0, amount=0.0
Done pruning (with mask) resblocks.3.convs2.1 (Conv1d)
Pruning (with mask) resblocks.3.convs2.2 (Conv1d): out_channels=128, dim=0, amount=0.0
Done pruning (with mask) resblocks.3.convs2.2 (Conv1d)
Pruning (with mask) resblocks.4.convs1.0 (Conv1d): out_channels=128, dim=0, amount=0.0
Done pruning (with mask) resblocks.4.convs1.0 (Conv1d)
Pruning (with mask) resblocks.4.convs1.1 (Conv1d): out_channels=128, dim=0, amount=0.0
Done pruning (with mask) resblocks.4.convs1.1 (Conv1d)
Pruning (with mask) resblocks.4.convs1.2 (Conv1d): out_channels=128, dim=0, amount=0.0
Done pruning (with mask) resblocks.4.convs1.2 (Conv1d)
Pruning (with mask) resblocks.4.convs2.0 (Conv1d): out_channels=128, dim=0, amount=0.0
Done pruning (with mask) resblocks.4.convs2.0 (Conv1d)
Pruning (with mask) resblocks.4.convs2.1 (Conv1d): out_channels=128, dim=0, amount=0.0
Done pruning (with mask) resblocks.4.convs2.1 (Conv1d)
Pruning (with mask) resblocks.4.convs2.2 (Conv1d): out_channels=128, dim=0, amount=0.0
Done pruning (with mask) resblocks.4.convs2.2 (Conv1d)
Pruning (with mask) resblocks.5.convs1.0 (Conv1d): out_channels=128, dim=0, amount=0.0
Done pruning (with mask) resblocks.5.convs1.0 (Conv1d)
Pruning (with mask) resblocks.5.convs1.1 (Conv1d): out_channels=128, dim=0, amount=0.0
Done pruning (with mask) resblocks.5.convs1.1 (Conv1d)
Pruning (with mask) resblocks.5.convs1.2 (Conv1d): out_channels=128, dim=0, amount=0.0
Done pruning (with mask) resblocks.5.convs1.2 (Conv1d)
Pruning (with mask) resblocks.5.convs2.0 (Conv1d): out_channels=128, dim=0, amount=0.0
Done pruning (with mask) resblocks.5.convs2.0 (Conv1d)
Pruning (with mask) resblocks.5.convs2.1 (Conv1d): out_channels=128, dim=0, amount=0.0
Done pruning (with mask) resblocks.5.convs2.1 (Conv1d)
Pruning (with mask) resblocks.5.convs2.2 (Conv1d): out_channels=128, dim=0, amount=0.0
Done pruning (with mask) resblocks.5.convs2.2 (Conv1d)
Pruning (with mask) resblocks.6.convs1.0 (Conv1d): out_channels=64, dim=0, amount=0.0
Done pruning (with mask) resblocks.6.convs1.0 (Conv1d)
Pruning (with mask) resblocks.6.convs1.1 (Conv1d): out_channels=64, dim=0, amount=0.0
Done pruning (with mask) resblocks.6.convs1.1 (Conv1d)
Pruning (with mask) resblocks.6.convs1.2 (Conv1d): out_channels=64, dim=0, amount=0.0
Done pruning (with mask) resblocks.6.convs1.2 (Conv1d)
Pruning (with mask) resblocks.6.convs2.0 (Conv1d): out_channels=64, dim=0, amount=0.0
Done pruning (with mask) resblocks.6.convs2.0 (Conv1d)
Pruning (with mask) resblocks.6.convs2.1 (Conv1d): out_channels=64, dim=0, amount=0.0
Done pruning (with mask) resblocks.6.convs2.1 (Conv1d)
Pruning (with mask) resblocks.6.convs2.2 (Conv1d): out_channels=64, dim=0, amount=0.0
Done pruning (with mask) resblocks.6.convs2.2 (Conv1d)
Pruning (with mask) resblocks.7.convs1.0 (Conv1d): out_channels=64, dim=0, amount=0.0
Done pruning (with mask) resblocks.7.convs1.0 (Conv1d)
Pruning (with mask) resblocks.7.convs1.1 (Conv1d): out_channels=64, dim=0, amount=0.0
Done pruning (with mask) resblocks.7.convs1.1 (Conv1d)
Pruning (with mask) resblocks.7.convs1.2 (Conv1d): out_channels=64, dim=0, amount=0.0
Done pruning (with mask) resblocks.7.convs1.2 (Conv1d)
Pruning (with mask) resblocks.7.convs2.0 (Conv1d): out_channels=64, dim=0, amount=0.0
Done pruning (with mask) resblocks.7.convs2.0 (Conv1d)
Pruning (with mask) resblocks.7.convs2.1 (Conv1d): out_channels=64, dim=0, amount=0.0
Done pruning (with mask) resblocks.7.convs2.1 (Conv1d)
Pruning (with mask) resblocks.7.convs2.2 (Conv1d): out_channels=64, dim=0, amount=0.0
Done pruning (with mask) resblocks.7.convs2.2 (Conv1d)
Pruning (with mask) resblocks.8.convs1.0 (Conv1d): out_channels=64, dim=0, amount=0.0
Done pruning (with mask) resblocks.8.convs1.0 (Conv1d)
Pruning (with mask) resblocks.8.convs1.1 (Conv1d): out_channels=64, dim=0, amount=0.0
Done pruning (with mask) resblocks.8.convs1.1 (Conv1d)
Pruning (with mask) resblocks.8.convs1.2 (Conv1d): out_channels=64, dim=0, amount=0.0
Done pruning (with mask) resblocks.8.convs1.2 (Conv1d)
Pruning (with mask) resblocks.8.convs2.0 (Conv1d): out_channels=64, dim=0, amount=0.0
Done pruning (with mask) resblocks.8.convs2.0 (Conv1d)
Pruning (with mask) resblocks.8.convs2.1 (Conv1d): out_channels=64, dim=0, amount=0.0
Done pruning (with mask) resblocks.8.convs2.1 (Conv1d)
Pruning (with mask) resblocks.8.convs2.2 (Conv1d): out_channels=64, dim=0, amount=0.0
Done pruning (with mask) resblocks.8.convs2.2 (Conv1d)
Pruning (with mask) resblocks.9.convs1.0 (Conv1d): out_channels=32, dim=0, amount=0.0
Done pruning (with mask) resblocks.9.convs1.0 (Conv1d)
Pruning (with mask) resblocks.9.convs1.1 (Conv1d): out_channels=32, dim=0, amount=0.0
Done pruning (with mask) resblocks.9.convs1.1 (Conv1d)
Pruning (with mask) resblocks.9.convs1.2 (Conv1d): out_channels=32, dim=0, amount=0.0
Done pruning (with mask) resblocks.9.convs1.2 (Conv1d)
Pruning (with mask) resblocks.9.convs2.0 (Conv1d): out_channels=32, dim=0, amount=0.0
Done pruning (with mask) resblocks.9.convs2.0 (Conv1d)
Pruning (with mask) resblocks.9.convs2.1 (Conv1d): out_channels=32, dim=0, amount=0.0
Done pruning (with mask) resblocks.9.convs2.1 (Conv1d)
Pruning (with mask) resblocks.9.convs2.2 (Conv1d): out_channels=32, dim=0, amount=0.0
Done pruning (with mask) resblocks.9.convs2.2 (Conv1d)
Pruning (with mask) resblocks.10.convs1.0 (Conv1d): out_channels=32, dim=0, amount=0.0
Done pruning (with mask) resblocks.10.convs1.0 (Conv1d)
Pruning (with mask) resblocks.10.convs1.1 (Conv1d): out_channels=32, dim=0, amount=0.0
Done pruning (with mask) resblocks.10.convs1.1 (Conv1d)
Pruning (with mask) resblocks.10.convs1.2 (Conv1d): out_channels=32, dim=0, amount=0.0
Done pruning (with mask) resblocks.10.convs1.2 (Conv1d)
Pruning (with mask) resblocks.10.convs2.0 (Conv1d): out_channels=32, dim=0, amount=0.0
Done pruning (with mask) resblocks.10.convs2.0 (Conv1d)
Pruning (with mask) resblocks.10.convs2.1 (Conv1d): out_channels=32, dim=0, amount=0.0
Done pruning (with mask) resblocks.10.convs2.1 (Conv1d)
Pruning (with mask) resblocks.10.convs2.2 (Conv1d): out_channels=32, dim=0, amount=0.0
Done pruning (with mask) resblocks.10.convs2.2 (Conv1d)
Pruning (with mask) resblocks.11.convs1.0 (Conv1d): out_channels=32, dim=0, amount=0.0
Done pruning (with mask) resblocks.11.convs1.0 (Conv1d)
Pruning (with mask) resblocks.11.convs1.1 (Conv1d): out_channels=32, dim=0, amount=0.0
Done pruning (with mask) resblocks.11.convs1.1 (Conv1d)
Pruning (with mask) resblocks.11.convs1.2 (Conv1d): out_channels=32, dim=0, amount=0.0
Done pruning (with mask) resblocks.11.convs1.2 (Conv1d)
Pruning (with mask) resblocks.11.convs2.0 (Conv1d): out_channels=32, dim=0, amount=0.0
Done pruning (with mask) resblocks.11.convs2.0 (Conv1d)
Pruning (with mask) resblocks.11.convs2.1 (Conv1d): out_channels=32, dim=0, amount=0.0
Done pruning (with mask) resblocks.11.convs2.1 (Conv1d)
Pruning (with mask) resblocks.11.convs2.2 (Conv1d): out_channels=32, dim=0, amount=0.0
Done pruning (with mask) resblocks.11.convs2.2 (Conv1d)
Removing pruning masks from masked checkpoint before inference...
Removed pruning masks from 72 modules
Saving checkpoint to /home/hpc/vlbi/vlbi107v/hifi-gan/cp_hifigan/v1_c512_ft70/compressed_checkpoint
Complete.
Saved compressed checkpoint: /home/hpc/vlbi/vlbi107v/hifi-gan/cp_hifigan/v1_c512_ft70/compressed_checkpoint (53.175 MB)
Compressed checkpoint parameters: 13,926,017
Clean mask-free checkpoint saved: /home/hpc/vlbi/vlbi107v/hifi-gan/cp_hifigan/v1_c512_ft70/compressed_checkpoint (53.175 MB)
Loaded checkpoint: /home/hpc/vlbi/vlbi107v/hifi-gan/cp_hifigan/v1_c512_ft70/g_00265000 (95.035 MB)
Generator parameters: 13,926,017
generated_audios/generated_H3_512C_pruned70/61-70968-0000_generated.wav | RTF: 0.3011(1.477s / 4.905s) | Generator RTF: 0.2983(1.463s / 4.905s)
generated_audios/generated_H3_512C_pruned70/61-70968-0001_generated.wav | RTF: 0.2778(1.003s / 3.610s) | Generator RTF: 0.2769(1.000s / 3.610s)
generated_audios/generated_H3_512C_pruned70/61-70968-0002_generated.wav | RTF: 0.2704(0.803s / 2.970s) | Generator RTF: 0.2692(0.800s / 2.970s)
generated_audios/generated_H3_512C_pruned70/61-70968-0003_generated.wav | RTF: 0.2819(1.216s / 4.315s) | Generator RTF: 0.2810(1.213s / 4.315s)
generated_audios/generated_H3_512C_pruned70/61-70968-0004_generated.wav | RTF: 0.2821(1.096s / 3.885s) | Generator RTF: 0.2812(1.092s / 3.885s)
generated_audios/generated_H3_512C_pruned70/61-70968-0005_generated.wav | RTF: 0.2793(1.416s / 5.070s) | Generator RTF: 0.2785(1.412s / 5.070s)
generated_audios/generated_H3_512C_pruned70/61-70968-0006_generated.wav | RTF: 0.2740(0.804s / 2.935s) | Generator RTF: 0.2730(0.801s / 2.935s)
generated_audios/generated_H3_512C_pruned70/61-70968-0007_generated.wav | RTF: 0.2882(1.023s / 3.550s) | Generator RTF: 0.2873(1.020s / 3.550s)
generated_audios/generated_H3_512C_pruned70/61-70968-0008_generated.wav | RTF: 0.2836(1.003s / 3.535s) | Generator RTF: 0.2827(0.999s / 3.535s)
generated_audios/generated_H3_512C_pruned70/61-70968-0009_generated.wav | RTF: 0.2877(1.298s / 4.510s) | Generator RTF: 0.2869(1.294s / 4.510s)
generated_audios/generated_H3_512C_pruned70/61-70968-0010_generated.wav | RTF: 0.2985(2.476s / 8.295s) | Generator RTF: 0.2980(2.472s / 8.295s)
generated_audios/generated_H3_512C_pruned70/61-70968-0011_generated.wav | RTF: 0.2807(1.789s / 6.375s) | Generator RTF: 0.2801(1.786s / 6.375s)
generated_audios/generated_H3_512C_pruned70/61-70968-0012_generated.wav | RTF: 0.2812(0.734s / 2.610s) | Generator RTF: 0.2799(0.731s / 2.610s)
generated_audios/generated_H3_512C_pruned70/61-70968-0013_generated.wav | RTF: 0.2835(1.262s / 4.450s) | Generator RTF: 0.2827(1.258s / 4.450s)
generated_audios/generated_H3_512C_pruned70/61-70968-0014_generated.wav | RTF: 0.3088(2.311s / 7.485s) | Generator RTF: 0.3082(2.307s / 7.485s)
generated_audios/generated_H3_512C_pruned70/61-70968-0015_generated.wav | RTF: 0.2830(1.521s / 5.375s) | Generator RTF: 0.2824(1.518s / 5.375s)
generated_audios/generated_H3_512C_pruned70/61-70968-0016_generated.wav | RTF: 0.2856(1.062s / 3.720s) | Generator RTF: 0.2847(1.059s / 3.720s)
generated_audios/generated_H3_512C_pruned70/61-70968-0017_generated.wav | RTF: 0.2923(1.494s / 5.110s) | Generator RTF: 0.2916(1.490s / 5.110s)
generated_audios/generated_H3_512C_pruned70/61-70968-0018_generated.wav | RTF: 0.2719(0.654s / 2.405s) | Generator RTF: 0.2707(0.651s / 2.405s)
generated_audios/generated_H3_512C_pruned70/61-70968-0019_generated.wav | RTF: 0.2872(1.573s / 5.475s) | Generator RTF: 0.2865(1.569s / 5.475s)
Average RTF: 0.2872(26.014s / 90.585s)
Average Generator RTF: 0.2863(25.934s / 90.585s)
Evaluation summary:
  Mel-spectrogram L1: 0.299897
  PESQ: 2.010886
  STOI: 0.929390

Appended metrics to CSV: experiments_results.csv
========== H4: pruning 30% + quantize ==========
Initializing Inference Process..
Using device: cpu (baseline and quantized inference both run on CPU)
Quantization enabled: forcing CPU inference for INT8 model.
Loading '/home/hpc/vlbi/vlbi107v/hifi-gan/cp_hifigan/v1_c512_ft30/g_00265000'
Complete.
Checkpoint contains masked pruning parameters. Preparing masked model before loading...
Removing weight norm...
Skipping ConvTranspose1d pruning for ups.0
Skipping ConvTranspose1d pruning for ups.1
Skipping ConvTranspose1d pruning for ups.2
Skipping ConvTranspose1d pruning for ups.3
Pruning (with mask) resblocks.0.convs1.0 (Conv1d): out_channels=256, dim=0, amount=0.0
Done pruning (with mask) resblocks.0.convs1.0 (Conv1d)
Pruning (with mask) resblocks.0.convs1.1 (Conv1d): out_channels=256, dim=0, amount=0.0
Done pruning (with mask) resblocks.0.convs1.1 (Conv1d)
Pruning (with mask) resblocks.0.convs1.2 (Conv1d): out_channels=256, dim=0, amount=0.0
Done pruning (with mask) resblocks.0.convs1.2 (Conv1d)
Pruning (with mask) resblocks.0.convs2.0 (Conv1d): out_channels=256, dim=0, amount=0.0
Done pruning (with mask) resblocks.0.convs2.0 (Conv1d)
Pruning (with mask) resblocks.0.convs2.1 (Conv1d): out_channels=256, dim=0, amount=0.0
Done pruning (with mask) resblocks.0.convs2.1 (Conv1d)
Pruning (with mask) resblocks.0.convs2.2 (Conv1d): out_channels=256, dim=0, amount=0.0
Done pruning (with mask) resblocks.0.convs2.2 (Conv1d)
Pruning (with mask) resblocks.1.convs1.0 (Conv1d): out_channels=256, dim=0, amount=0.0
Done pruning (with mask) resblocks.1.convs1.0 (Conv1d)
Pruning (with mask) resblocks.1.convs1.1 (Conv1d): out_channels=256, dim=0, amount=0.0
Done pruning (with mask) resblocks.1.convs1.1 (Conv1d)
Pruning (with mask) resblocks.1.convs1.2 (Conv1d): out_channels=256, dim=0, amount=0.0
Done pruning (with mask) resblocks.1.convs1.2 (Conv1d)
Pruning (with mask) resblocks.1.convs2.0 (Conv1d): out_channels=256, dim=0, amount=0.0
Done pruning (with mask) resblocks.1.convs2.0 (Conv1d)
Pruning (with mask) resblocks.1.convs2.1 (Conv1d): out_channels=256, dim=0, amount=0.0
Done pruning (with mask) resblocks.1.convs2.1 (Conv1d)
Pruning (with mask) resblocks.1.convs2.2 (Conv1d): out_channels=256, dim=0, amount=0.0
Done pruning (with mask) resblocks.1.convs2.2 (Conv1d)
Pruning (with mask) resblocks.2.convs1.0 (Conv1d): out_channels=256, dim=0, amount=0.0
Done pruning (with mask) resblocks.2.convs1.0 (Conv1d)
Pruning (with mask) resblocks.2.convs1.1 (Conv1d): out_channels=256, dim=0, amount=0.0
Done pruning (with mask) resblocks.2.convs1.1 (Conv1d)
Pruning (with mask) resblocks.2.convs1.2 (Conv1d): out_channels=256, dim=0, amount=0.0
Done pruning (with mask) resblocks.2.convs1.2 (Conv1d)
Pruning (with mask) resblocks.2.convs2.0 (Conv1d): out_channels=256, dim=0, amount=0.0
Done pruning (with mask) resblocks.2.convs2.0 (Conv1d)
Pruning (with mask) resblocks.2.convs2.1 (Conv1d): out_channels=256, dim=0, amount=0.0
Done pruning (with mask) resblocks.2.convs2.1 (Conv1d)
Pruning (with mask) resblocks.2.convs2.2 (Conv1d): out_channels=256, dim=0, amount=0.0
Done pruning (with mask) resblocks.2.convs2.2 (Conv1d)
Pruning (with mask) resblocks.3.convs1.0 (Conv1d): out_channels=128, dim=0, amount=0.0
Done pruning (with mask) resblocks.3.convs1.0 (Conv1d)
Pruning (with mask) resblocks.3.convs1.1 (Conv1d): out_channels=128, dim=0, amount=0.0
Done pruning (with mask) resblocks.3.convs1.1 (Conv1d)
Pruning (with mask) resblocks.3.convs1.2 (Conv1d): out_channels=128, dim=0, amount=0.0
Done pruning (with mask) resblocks.3.convs1.2 (Conv1d)
Pruning (with mask) resblocks.3.convs2.0 (Conv1d): out_channels=128, dim=0, amount=0.0
Done pruning (with mask) resblocks.3.convs2.0 (Conv1d)
Pruning (with mask) resblocks.3.convs2.1 (Conv1d): out_channels=128, dim=0, amount=0.0
Done pruning (with mask) resblocks.3.convs2.1 (Conv1d)
Pruning (with mask) resblocks.3.convs2.2 (Conv1d): out_channels=128, dim=0, amount=0.0
Done pruning (with mask) resblocks.3.convs2.2 (Conv1d)
Pruning (with mask) resblocks.4.convs1.0 (Conv1d): out_channels=128, dim=0, amount=0.0
Done pruning (with mask) resblocks.4.convs1.0 (Conv1d)
Pruning (with mask) resblocks.4.convs1.1 (Conv1d): out_channels=128, dim=0, amount=0.0
Done pruning (with mask) resblocks.4.convs1.1 (Conv1d)
Pruning (with mask) resblocks.4.convs1.2 (Conv1d): out_channels=128, dim=0, amount=0.0
Done pruning (with mask) resblocks.4.convs1.2 (Conv1d)
Pruning (with mask) resblocks.4.convs2.0 (Conv1d): out_channels=128, dim=0, amount=0.0
Done pruning (with mask) resblocks.4.convs2.0 (Conv1d)
Pruning (with mask) resblocks.4.convs2.1 (Conv1d): out_channels=128, dim=0, amount=0.0
Done pruning (with mask) resblocks.4.convs2.1 (Conv1d)
Pruning (with mask) resblocks.4.convs2.2 (Conv1d): out_channels=128, dim=0, amount=0.0
Done pruning (with mask) resblocks.4.convs2.2 (Conv1d)
Pruning (with mask) resblocks.5.convs1.0 (Conv1d): out_channels=128, dim=0, amount=0.0
Done pruning (with mask) resblocks.5.convs1.0 (Conv1d)
Pruning (with mask) resblocks.5.convs1.1 (Conv1d): out_channels=128, dim=0, amount=0.0
Done pruning (with mask) resblocks.5.convs1.1 (Conv1d)
Pruning (with mask) resblocks.5.convs1.2 (Conv1d): out_channels=128, dim=0, amount=0.0
Done pruning (with mask) resblocks.5.convs1.2 (Conv1d)
Pruning (with mask) resblocks.5.convs2.0 (Conv1d): out_channels=128, dim=0, amount=0.0
Done pruning (with mask) resblocks.5.convs2.0 (Conv1d)
Pruning (with mask) resblocks.5.convs2.1 (Conv1d): out_channels=128, dim=0, amount=0.0
Done pruning (with mask) resblocks.5.convs2.1 (Conv1d)
Pruning (with mask) resblocks.5.convs2.2 (Conv1d): out_channels=128, dim=0, amount=0.0
Done pruning (with mask) resblocks.5.convs2.2 (Conv1d)
Pruning (with mask) resblocks.6.convs1.0 (Conv1d): out_channels=64, dim=0, amount=0.0
Done pruning (with mask) resblocks.6.convs1.0 (Conv1d)
Pruning (with mask) resblocks.6.convs1.1 (Conv1d): out_channels=64, dim=0, amount=0.0
Done pruning (with mask) resblocks.6.convs1.1 (Conv1d)
Pruning (with mask) resblocks.6.convs1.2 (Conv1d): out_channels=64, dim=0, amount=0.0
Done pruning (with mask) resblocks.6.convs1.2 (Conv1d)
Pruning (with mask) resblocks.6.convs2.0 (Conv1d): out_channels=64, dim=0, amount=0.0
Done pruning (with mask) resblocks.6.convs2.0 (Conv1d)
Pruning (with mask) resblocks.6.convs2.1 (Conv1d): out_channels=64, dim=0, amount=0.0
Done pruning (with mask) resblocks.6.convs2.1 (Conv1d)
Pruning (with mask) resblocks.6.convs2.2 (Conv1d): out_channels=64, dim=0, amount=0.0
Done pruning (with mask) resblocks.6.convs2.2 (Conv1d)
Pruning (with mask) resblocks.7.convs1.0 (Conv1d): out_channels=64, dim=0, amount=0.0
Done pruning (with mask) resblocks.7.convs1.0 (Conv1d)
Pruning (with mask) resblocks.7.convs1.1 (Conv1d): out_channels=64, dim=0, amount=0.0
Done pruning (with mask) resblocks.7.convs1.1 (Conv1d)
Pruning (with mask) resblocks.7.convs1.2 (Conv1d): out_channels=64, dim=0, amount=0.0
Done pruning (with mask) resblocks.7.convs1.2 (Conv1d)
Pruning (with mask) resblocks.7.convs2.0 (Conv1d): out_channels=64, dim=0, amount=0.0
Done pruning (with mask) resblocks.7.convs2.0 (Conv1d)
Pruning (with mask) resblocks.7.convs2.1 (Conv1d): out_channels=64, dim=0, amount=0.0
Done pruning (with mask) resblocks.7.convs2.1 (Conv1d)
Pruning (with mask) resblocks.7.convs2.2 (Conv1d): out_channels=64, dim=0, amount=0.0
Done pruning (with mask) resblocks.7.convs2.2 (Conv1d)
Pruning (with mask) resblocks.8.convs1.0 (Conv1d): out_channels=64, dim=0, amount=0.0
Done pruning (with mask) resblocks.8.convs1.0 (Conv1d)
Pruning (with mask) resblocks.8.convs1.1 (Conv1d): out_channels=64, dim=0, amount=0.0
Done pruning (with mask) resblocks.8.convs1.1 (Conv1d)
Pruning (with mask) resblocks.8.convs1.2 (Conv1d): out_channels=64, dim=0, amount=0.0
Done pruning (with mask) resblocks.8.convs1.2 (Conv1d)
Pruning (with mask) resblocks.8.convs2.0 (Conv1d): out_channels=64, dim=0, amount=0.0
Done pruning (with mask) resblocks.8.convs2.0 (Conv1d)
Pruning (with mask) resblocks.8.convs2.1 (Conv1d): out_channels=64, dim=0, amount=0.0
Done pruning (with mask) resblocks.8.convs2.1 (Conv1d)
Pruning (with mask) resblocks.8.convs2.2 (Conv1d): out_channels=64, dim=0, amount=0.0
Done pruning (with mask) resblocks.8.convs2.2 (Conv1d)
Pruning (with mask) resblocks.9.convs1.0 (Conv1d): out_channels=32, dim=0, amount=0.0
Done pruning (with mask) resblocks.9.convs1.0 (Conv1d)
Pruning (with mask) resblocks.9.convs1.1 (Conv1d): out_channels=32, dim=0, amount=0.0
Done pruning (with mask) resblocks.9.convs1.1 (Conv1d)
Pruning (with mask) resblocks.9.convs1.2 (Conv1d): out_channels=32, dim=0, amount=0.0
Done pruning (with mask) resblocks.9.convs1.2 (Conv1d)
Pruning (with mask) resblocks.9.convs2.0 (Conv1d): out_channels=32, dim=0, amount=0.0
Done pruning (with mask) resblocks.9.convs2.0 (Conv1d)
Pruning (with mask) resblocks.9.convs2.1 (Conv1d): out_channels=32, dim=0, amount=0.0
Done pruning (with mask) resblocks.9.convs2.1 (Conv1d)
Pruning (with mask) resblocks.9.convs2.2 (Conv1d): out_channels=32, dim=0, amount=0.0
Done pruning (with mask) resblocks.9.convs2.2 (Conv1d)
Pruning (with mask) resblocks.10.convs1.0 (Conv1d): out_channels=32, dim=0, amount=0.0
Done pruning (with mask) resblocks.10.convs1.0 (Conv1d)
Pruning (with mask) resblocks.10.convs1.1 (Conv1d): out_channels=32, dim=0, amount=0.0
Done pruning (with mask) resblocks.10.convs1.1 (Conv1d)
Pruning (with mask) resblocks.10.convs1.2 (Conv1d): out_channels=32, dim=0, amount=0.0
Done pruning (with mask) resblocks.10.convs1.2 (Conv1d)
Pruning (with mask) resblocks.10.convs2.0 (Conv1d): out_channels=32, dim=0, amount=0.0
Done pruning (with mask) resblocks.10.convs2.0 (Conv1d)
Pruning (with mask) resblocks.10.convs2.1 (Conv1d): out_channels=32, dim=0, amount=0.0
Done pruning (with mask) resblocks.10.convs2.1 (Conv1d)
Pruning (with mask) resblocks.10.convs2.2 (Conv1d): out_channels=32, dim=0, amount=0.0
Done pruning (with mask) resblocks.10.convs2.2 (Conv1d)
Pruning (with mask) resblocks.11.convs1.0 (Conv1d): out_channels=32, dim=0, amount=0.0
Done pruning (with mask) resblocks.11.convs1.0 (Conv1d)
Pruning (with mask) resblocks.11.convs1.1 (Conv1d): out_channels=32, dim=0, amount=0.0
Done pruning (with mask) resblocks.11.convs1.1 (Conv1d)
Pruning (with mask) resblocks.11.convs1.2 (Conv1d): out_channels=32, dim=0, amount=0.0
Done pruning (with mask) resblocks.11.convs1.2 (Conv1d)
Pruning (with mask) resblocks.11.convs2.0 (Conv1d): out_channels=32, dim=0, amount=0.0
Done pruning (with mask) resblocks.11.convs2.0 (Conv1d)
Pruning (with mask) resblocks.11.convs2.1 (Conv1d): out_channels=32, dim=0, amount=0.0
Done pruning (with mask) resblocks.11.convs2.1 (Conv1d)
Pruning (with mask) resblocks.11.convs2.2 (Conv1d): out_channels=32, dim=0, amount=0.0
Done pruning (with mask) resblocks.11.convs2.2 (Conv1d)
Removing pruning masks from masked checkpoint before inference...
Removed pruning masks from 72 modules
Removing weight norm...
Calibrating static quantization using 20 samples...
INT8 quantization scope: resblocks_range
Quantizing residual blocks 3..8; all other layers stay FP32.
Checking quantized modules after static quantization:
Quantized module: resblocks.3.convs1.0 (torch.ao.nn.quantized.modules.conv.Conv1d)
Quantized module: resblocks.3.convs1.1 (torch.ao.nn.quantized.modules.conv.Conv1d)
Quantized module: resblocks.3.convs1.2 (torch.ao.nn.quantized.modules.conv.Conv1d)
Quantized module: resblocks.3.convs2.0 (torch.ao.nn.quantized.modules.conv.Conv1d)
Quantized module: resblocks.3.convs2.1 (torch.ao.nn.quantized.modules.conv.Conv1d)
Quantized module: resblocks.3.convs2.2 (torch.ao.nn.quantized.modules.conv.Conv1d)
Quantized module: resblocks.4.convs1.0 (torch.ao.nn.quantized.modules.conv.Conv1d)
Quantized module: resblocks.4.convs1.1 (torch.ao.nn.quantized.modules.conv.Conv1d)
Quantized module: resblocks.4.convs1.2 (torch.ao.nn.quantized.modules.conv.Conv1d)
Quantized module: resblocks.4.convs2.0 (torch.ao.nn.quantized.modules.conv.Conv1d)
Quantized module: resblocks.4.convs2.1 (torch.ao.nn.quantized.modules.conv.Conv1d)
Quantized module: resblocks.4.convs2.2 (torch.ao.nn.quantized.modules.conv.Conv1d)
Quantized module: resblocks.5.convs1.0 (torch.ao.nn.quantized.modules.conv.Conv1d)
Quantized module: resblocks.5.convs1.1 (torch.ao.nn.quantized.modules.conv.Conv1d)
Quantized module: resblocks.5.convs1.2 (torch.ao.nn.quantized.modules.conv.Conv1d)
Quantized module: resblocks.5.convs2.0 (torch.ao.nn.quantized.modules.conv.Conv1d)
Quantized module: resblocks.5.convs2.1 (torch.ao.nn.quantized.modules.conv.Conv1d)
Quantized module: resblocks.5.convs2.2 (torch.ao.nn.quantized.modules.conv.Conv1d)
Quantized module: resblocks.6.convs1.0 (torch.ao.nn.quantized.modules.conv.Conv1d)
Quantized module: resblocks.6.convs1.1 (torch.ao.nn.quantized.modules.conv.Conv1d)
Quantized module: resblocks.6.convs1.2 (torch.ao.nn.quantized.modules.conv.Conv1d)
Quantized module: resblocks.6.convs2.0 (torch.ao.nn.quantized.modules.conv.Conv1d)
Quantized module: resblocks.6.convs2.1 (torch.ao.nn.quantized.modules.conv.Conv1d)
Quantized module: resblocks.6.convs2.2 (torch.ao.nn.quantized.modules.conv.Conv1d)
Quantized module: resblocks.7.convs1.0 (torch.ao.nn.quantized.modules.conv.Conv1d)
Quantized module: resblocks.7.convs1.1 (torch.ao.nn.quantized.modules.conv.Conv1d)
Quantized module: resblocks.7.convs1.2 (torch.ao.nn.quantized.modules.conv.Conv1d)
Quantized module: resblocks.7.convs2.0 (torch.ao.nn.quantized.modules.conv.Conv1d)
Quantized module: resblocks.7.convs2.1 (torch.ao.nn.quantized.modules.conv.Conv1d)
Quantized module: resblocks.7.convs2.2 (torch.ao.nn.quantized.modules.conv.Conv1d)
Quantized module: resblocks.8.convs1.0 (torch.ao.nn.quantized.modules.conv.Conv1d)
Quantized module: resblocks.8.convs1.1 (torch.ao.nn.quantized.modules.conv.Conv1d)
Quantized module: resblocks.8.convs1.2 (torch.ao.nn.quantized.modules.conv.Conv1d)
Quantized module: resblocks.8.convs2.0 (torch.ao.nn.quantized.modules.conv.Conv1d)
Quantized module: resblocks.8.convs2.1 (torch.ao.nn.quantized.modules.conv.Conv1d)
Quantized module: resblocks.8.convs2.2 (torch.ao.nn.quantized.modules.conv.Conv1d)
Saving checkpoint to /home/hpc/vlbi/vlbi107v/hifi-gan/cp_hifigan/v1_c512_ft30/compressed_checkpoint_int8
Complete.
Saved compressed checkpoint: /home/hpc/vlbi/vlbi107v/hifi-gan/cp_hifigan/v1_c512_ft30/compressed_checkpoint_int8 (45.910 MB)
Compressed checkpoint parameters: 13,926,161
Loaded checkpoint: /home/hpc/vlbi/vlbi107v/hifi-gan/cp_hifigan/v1_c512_ft30/g_00265000 (95.035 MB)
Generator parameters: 13,926,161
generated_audios/generated_H4_512C_pruned30_int8/61-70968-0000_generated.wav | RTF: 0.1556(0.763s / 4.905s) | Generator RTF: 0.1551(0.761s / 4.905s)
generated_audios/generated_H4_512C_pruned30_int8/61-70968-0001_generated.wav | RTF: 0.1496(0.540s / 3.610s) | Generator RTF: 0.1487(0.537s / 3.610s)
generated_audios/generated_H4_512C_pruned30_int8/61-70968-0002_generated.wav | RTF: 0.1481(0.440s / 2.970s) | Generator RTF: 0.1471(0.437s / 2.970s)
generated_audios/generated_H4_512C_pruned30_int8/61-70968-0003_generated.wav | RTF: 0.1553(0.670s / 4.315s) | Generator RTF: 0.1545(0.667s / 4.315s)
generated_audios/generated_H4_512C_pruned30_int8/61-70968-0004_generated.wav | RTF: 0.1476(0.573s / 3.885s) | Generator RTF: 0.1468(0.570s / 3.885s)
generated_audios/generated_H4_512C_pruned30_int8/61-70968-0005_generated.wav | RTF: 0.1597(0.810s / 5.070s) | Generator RTF: 0.1589(0.806s / 5.070s)
generated_audios/generated_H4_512C_pruned30_int8/61-70968-0006_generated.wav | RTF: 0.1484(0.435s / 2.935s) | Generator RTF: 0.1473(0.432s / 2.935s)
generated_audios/generated_H4_512C_pruned30_int8/61-70968-0007_generated.wav | RTF: 0.1454(0.516s / 3.550s) | Generator RTF: 0.1444(0.513s / 3.550s)
generated_audios/generated_H4_512C_pruned30_int8/61-70968-0008_generated.wav | RTF: 0.1479(0.523s / 3.535s) | Generator RTF: 0.1470(0.520s / 3.535s)
generated_audios/generated_H4_512C_pruned30_int8/61-70968-0009_generated.wav | RTF: 0.1571(0.708s / 4.510s) | Generator RTF: 0.1563(0.705s / 4.510s)
generated_audios/generated_H4_512C_pruned30_int8/61-70968-0010_generated.wav | RTF: 0.1693(1.404s / 8.295s) | Generator RTF: 0.1688(1.400s / 8.295s)
generated_audios/generated_H4_512C_pruned30_int8/61-70968-0011_generated.wav | RTF: 0.1625(1.036s / 6.375s) | Generator RTF: 0.1619(1.032s / 6.375s)
generated_audios/generated_H4_512C_pruned30_int8/61-70968-0012_generated.wav | RTF: 0.1523(0.397s / 2.610s) | Generator RTF: 0.1510(0.394s / 2.610s)
generated_audios/generated_H4_512C_pruned30_int8/61-70968-0013_generated.wav | RTF: 0.1535(0.683s / 4.450s) | Generator RTF: 0.1526(0.679s / 4.450s)
generated_audios/generated_H4_512C_pruned30_int8/61-70968-0014_generated.wav | RTF: 0.1773(1.327s / 7.485s) | Generator RTF: 0.1768(1.324s / 7.485s)
generated_audios/generated_H4_512C_pruned30_int8/61-70968-0015_generated.wav | RTF: 0.1558(0.837s / 5.375s) | Generator RTF: 0.1551(0.834s / 5.375s)
generated_audios/generated_H4_512C_pruned30_int8/61-70968-0016_generated.wav | RTF: 0.1546(0.575s / 3.720s) | Generator RTF: 0.1537(0.572s / 3.720s)
generated_audios/generated_H4_512C_pruned30_int8/61-70968-0017_generated.wav | RTF: 0.1557(0.796s / 5.110s) | Generator RTF: 0.1551(0.792s / 5.110s)
generated_audios/generated_H4_512C_pruned30_int8/61-70968-0018_generated.wav | RTF: 0.1438(0.346s / 2.405s) | Generator RTF: 0.1425(0.343s / 2.405s)
generated_audios/generated_H4_512C_pruned30_int8/61-70968-0019_generated.wav | RTF: 0.1566(0.857s / 5.475s) | Generator RTF: 0.1558(0.853s / 5.475s)
Average RTF: 0.1572(14.238s / 90.585s)
Average Generator RTF: 0.1564(14.170s / 90.585s)
Evaluation summary:
  Mel-spectrogram L1: 1.381622
  PESQ: 1.795193
  STOI: 0.887799

Appended metrics to CSV: experiments_results.csv
========== H4: pruning 50% + quantize ==========
Initializing Inference Process..
Using device: cpu (baseline and quantized inference both run on CPU)
Quantization enabled: forcing CPU inference for INT8 model.
Loading '/home/hpc/vlbi/vlbi107v/hifi-gan/cp_hifigan/v1_c512_ft50/g_00265000'
Complete.
Checkpoint contains masked pruning parameters. Preparing masked model before loading...
Removing weight norm...
Skipping ConvTranspose1d pruning for ups.0
Skipping ConvTranspose1d pruning for ups.1
Skipping ConvTranspose1d pruning for ups.2
Skipping ConvTranspose1d pruning for ups.3
Pruning (with mask) resblocks.0.convs1.0 (Conv1d): out_channels=256, dim=0, amount=0.0
Done pruning (with mask) resblocks.0.convs1.0 (Conv1d)
Pruning (with mask) resblocks.0.convs1.1 (Conv1d): out_channels=256, dim=0, amount=0.0
Done pruning (with mask) resblocks.0.convs1.1 (Conv1d)
Pruning (with mask) resblocks.0.convs1.2 (Conv1d): out_channels=256, dim=0, amount=0.0
Done pruning (with mask) resblocks.0.convs1.2 (Conv1d)
Pruning (with mask) resblocks.0.convs2.0 (Conv1d): out_channels=256, dim=0, amount=0.0
Done pruning (with mask) resblocks.0.convs2.0 (Conv1d)
Pruning (with mask) resblocks.0.convs2.1 (Conv1d): out_channels=256, dim=0, amount=0.0
Done pruning (with mask) resblocks.0.convs2.1 (Conv1d)
Pruning (with mask) resblocks.0.convs2.2 (Conv1d): out_channels=256, dim=0, amount=0.0
Done pruning (with mask) resblocks.0.convs2.2 (Conv1d)
Pruning (with mask) resblocks.1.convs1.0 (Conv1d): out_channels=256, dim=0, amount=0.0
Done pruning (with mask) resblocks.1.convs1.0 (Conv1d)
Pruning (with mask) resblocks.1.convs1.1 (Conv1d): out_channels=256, dim=0, amount=0.0
Done pruning (with mask) resblocks.1.convs1.1 (Conv1d)
Pruning (with mask) resblocks.1.convs1.2 (Conv1d): out_channels=256, dim=0, amount=0.0
Done pruning (with mask) resblocks.1.convs1.2 (Conv1d)
Pruning (with mask) resblocks.1.convs2.0 (Conv1d): out_channels=256, dim=0, amount=0.0
Done pruning (with mask) resblocks.1.convs2.0 (Conv1d)
Pruning (with mask) resblocks.1.convs2.1 (Conv1d): out_channels=256, dim=0, amount=0.0
Done pruning (with mask) resblocks.1.convs2.1 (Conv1d)
Pruning (with mask) resblocks.1.convs2.2 (Conv1d): out_channels=256, dim=0, amount=0.0
Done pruning (with mask) resblocks.1.convs2.2 (Conv1d)
Pruning (with mask) resblocks.2.convs1.0 (Conv1d): out_channels=256, dim=0, amount=0.0
Done pruning (with mask) resblocks.2.convs1.0 (Conv1d)
Pruning (with mask) resblocks.2.convs1.1 (Conv1d): out_channels=256, dim=0, amount=0.0
Done pruning (with mask) resblocks.2.convs1.1 (Conv1d)
Pruning (with mask) resblocks.2.convs1.2 (Conv1d): out_channels=256, dim=0, amount=0.0
Done pruning (with mask) resblocks.2.convs1.2 (Conv1d)
Pruning (with mask) resblocks.2.convs2.0 (Conv1d): out_channels=256, dim=0, amount=0.0
Done pruning (with mask) resblocks.2.convs2.0 (Conv1d)
Pruning (with mask) resblocks.2.convs2.1 (Conv1d): out_channels=256, dim=0, amount=0.0
Done pruning (with mask) resblocks.2.convs2.1 (Conv1d)
Pruning (with mask) resblocks.2.convs2.2 (Conv1d): out_channels=256, dim=0, amount=0.0
Done pruning (with mask) resblocks.2.convs2.2 (Conv1d)
Pruning (with mask) resblocks.3.convs1.0 (Conv1d): out_channels=128, dim=0, amount=0.0
Done pruning (with mask) resblocks.3.convs1.0 (Conv1d)
Pruning (with mask) resblocks.3.convs1.1 (Conv1d): out_channels=128, dim=0, amount=0.0
Done pruning (with mask) resblocks.3.convs1.1 (Conv1d)
Pruning (with mask) resblocks.3.convs1.2 (Conv1d): out_channels=128, dim=0, amount=0.0
Done pruning (with mask) resblocks.3.convs1.2 (Conv1d)
Pruning (with mask) resblocks.3.convs2.0 (Conv1d): out_channels=128, dim=0, amount=0.0
Done pruning (with mask) resblocks.3.convs2.0 (Conv1d)
Pruning (with mask) resblocks.3.convs2.1 (Conv1d): out_channels=128, dim=0, amount=0.0
Done pruning (with mask) resblocks.3.convs2.1 (Conv1d)
Pruning (with mask) resblocks.3.convs2.2 (Conv1d): out_channels=128, dim=0, amount=0.0
Done pruning (with mask) resblocks.3.convs2.2 (Conv1d)
Pruning (with mask) resblocks.4.convs1.0 (Conv1d): out_channels=128, dim=0, amount=0.0
Done pruning (with mask) resblocks.4.convs1.0 (Conv1d)
Pruning (with mask) resblocks.4.convs1.1 (Conv1d): out_channels=128, dim=0, amount=0.0
Done pruning (with mask) resblocks.4.convs1.1 (Conv1d)
Pruning (with mask) resblocks.4.convs1.2 (Conv1d): out_channels=128, dim=0, amount=0.0
Done pruning (with mask) resblocks.4.convs1.2 (Conv1d)
Pruning (with mask) resblocks.4.convs2.0 (Conv1d): out_channels=128, dim=0, amount=0.0
Done pruning (with mask) resblocks.4.convs2.0 (Conv1d)
Pruning (with mask) resblocks.4.convs2.1 (Conv1d): out_channels=128, dim=0, amount=0.0
Done pruning (with mask) resblocks.4.convs2.1 (Conv1d)
Pruning (with mask) resblocks.4.convs2.2 (Conv1d): out_channels=128, dim=0, amount=0.0
Done pruning (with mask) resblocks.4.convs2.2 (Conv1d)
Pruning (with mask) resblocks.5.convs1.0 (Conv1d): out_channels=128, dim=0, amount=0.0
Done pruning (with mask) resblocks.5.convs1.0 (Conv1d)
Pruning (with mask) resblocks.5.convs1.1 (Conv1d): out_channels=128, dim=0, amount=0.0
Done pruning (with mask) resblocks.5.convs1.1 (Conv1d)
Pruning (with mask) resblocks.5.convs1.2 (Conv1d): out_channels=128, dim=0, amount=0.0
Done pruning (with mask) resblocks.5.convs1.2 (Conv1d)
Pruning (with mask) resblocks.5.convs2.0 (Conv1d): out_channels=128, dim=0, amount=0.0
Done pruning (with mask) resblocks.5.convs2.0 (Conv1d)
Pruning (with mask) resblocks.5.convs2.1 (Conv1d): out_channels=128, dim=0, amount=0.0
Done pruning (with mask) resblocks.5.convs2.1 (Conv1d)
Pruning (with mask) resblocks.5.convs2.2 (Conv1d): out_channels=128, dim=0, amount=0.0
Done pruning (with mask) resblocks.5.convs2.2 (Conv1d)
Pruning (with mask) resblocks.6.convs1.0 (Conv1d): out_channels=64, dim=0, amount=0.0
Done pruning (with mask) resblocks.6.convs1.0 (Conv1d)
Pruning (with mask) resblocks.6.convs1.1 (Conv1d): out_channels=64, dim=0, amount=0.0
Done pruning (with mask) resblocks.6.convs1.1 (Conv1d)
Pruning (with mask) resblocks.6.convs1.2 (Conv1d): out_channels=64, dim=0, amount=0.0
Done pruning (with mask) resblocks.6.convs1.2 (Conv1d)
Pruning (with mask) resblocks.6.convs2.0 (Conv1d): out_channels=64, dim=0, amount=0.0
Done pruning (with mask) resblocks.6.convs2.0 (Conv1d)
Pruning (with mask) resblocks.6.convs2.1 (Conv1d): out_channels=64, dim=0, amount=0.0
Done pruning (with mask) resblocks.6.convs2.1 (Conv1d)
Pruning (with mask) resblocks.6.convs2.2 (Conv1d): out_channels=64, dim=0, amount=0.0
Done pruning (with mask) resblocks.6.convs2.2 (Conv1d)
Pruning (with mask) resblocks.7.convs1.0 (Conv1d): out_channels=64, dim=0, amount=0.0
Done pruning (with mask) resblocks.7.convs1.0 (Conv1d)
Pruning (with mask) resblocks.7.convs1.1 (Conv1d): out_channels=64, dim=0, amount=0.0
Done pruning (with mask) resblocks.7.convs1.1 (Conv1d)
Pruning (with mask) resblocks.7.convs1.2 (Conv1d): out_channels=64, dim=0, amount=0.0
Done pruning (with mask) resblocks.7.convs1.2 (Conv1d)
Pruning (with mask) resblocks.7.convs2.0 (Conv1d): out_channels=64, dim=0, amount=0.0
Done pruning (with mask) resblocks.7.convs2.0 (Conv1d)
Pruning (with mask) resblocks.7.convs2.1 (Conv1d): out_channels=64, dim=0, amount=0.0
Done pruning (with mask) resblocks.7.convs2.1 (Conv1d)
Pruning (with mask) resblocks.7.convs2.2 (Conv1d): out_channels=64, dim=0, amount=0.0
Done pruning (with mask) resblocks.7.convs2.2 (Conv1d)
Pruning (with mask) resblocks.8.convs1.0 (Conv1d): out_channels=64, dim=0, amount=0.0
Done pruning (with mask) resblocks.8.convs1.0 (Conv1d)
Pruning (with mask) resblocks.8.convs1.1 (Conv1d): out_channels=64, dim=0, amount=0.0
Done pruning (with mask) resblocks.8.convs1.1 (Conv1d)
Pruning (with mask) resblocks.8.convs1.2 (Conv1d): out_channels=64, dim=0, amount=0.0
Done pruning (with mask) resblocks.8.convs1.2 (Conv1d)
Pruning (with mask) resblocks.8.convs2.0 (Conv1d): out_channels=64, dim=0, amount=0.0
Done pruning (with mask) resblocks.8.convs2.0 (Conv1d)
Pruning (with mask) resblocks.8.convs2.1 (Conv1d): out_channels=64, dim=0, amount=0.0
Done pruning (with mask) resblocks.8.convs2.1 (Conv1d)
Pruning (with mask) resblocks.8.convs2.2 (Conv1d): out_channels=64, dim=0, amount=0.0
Done pruning (with mask) resblocks.8.convs2.2 (Conv1d)
Pruning (with mask) resblocks.9.convs1.0 (Conv1d): out_channels=32, dim=0, amount=0.0
Done pruning (with mask) resblocks.9.convs1.0 (Conv1d)
Pruning (with mask) resblocks.9.convs1.1 (Conv1d): out_channels=32, dim=0, amount=0.0
Done pruning (with mask) resblocks.9.convs1.1 (Conv1d)
Pruning (with mask) resblocks.9.convs1.2 (Conv1d): out_channels=32, dim=0, amount=0.0
Done pruning (with mask) resblocks.9.convs1.2 (Conv1d)
Pruning (with mask) resblocks.9.convs2.0 (Conv1d): out_channels=32, dim=0, amount=0.0
Done pruning (with mask) resblocks.9.convs2.0 (Conv1d)
Pruning (with mask) resblocks.9.convs2.1 (Conv1d): out_channels=32, dim=0, amount=0.0
Done pruning (with mask) resblocks.9.convs2.1 (Conv1d)
Pruning (with mask) resblocks.9.convs2.2 (Conv1d): out_channels=32, dim=0, amount=0.0
Done pruning (with mask) resblocks.9.convs2.2 (Conv1d)
Pruning (with mask) resblocks.10.convs1.0 (Conv1d): out_channels=32, dim=0, amount=0.0
Done pruning (with mask) resblocks.10.convs1.0 (Conv1d)
Pruning (with mask) resblocks.10.convs1.1 (Conv1d): out_channels=32, dim=0, amount=0.0
Done pruning (with mask) resblocks.10.convs1.1 (Conv1d)
Pruning (with mask) resblocks.10.convs1.2 (Conv1d): out_channels=32, dim=0, amount=0.0
Done pruning (with mask) resblocks.10.convs1.2 (Conv1d)
Pruning (with mask) resblocks.10.convs2.0 (Conv1d): out_channels=32, dim=0, amount=0.0
Done pruning (with mask) resblocks.10.convs2.0 (Conv1d)
Pruning (with mask) resblocks.10.convs2.1 (Conv1d): out_channels=32, dim=0, amount=0.0
Done pruning (with mask) resblocks.10.convs2.1 (Conv1d)
Pruning (with mask) resblocks.10.convs2.2 (Conv1d): out_channels=32, dim=0, amount=0.0
Done pruning (with mask) resblocks.10.convs2.2 (Conv1d)
Pruning (with mask) resblocks.11.convs1.0 (Conv1d): out_channels=32, dim=0, amount=0.0
Done pruning (with mask) resblocks.11.convs1.0 (Conv1d)
Pruning (with mask) resblocks.11.convs1.1 (Conv1d): out_channels=32, dim=0, amount=0.0
Done pruning (with mask) resblocks.11.convs1.1 (Conv1d)
Pruning (with mask) resblocks.11.convs1.2 (Conv1d): out_channels=32, dim=0, amount=0.0
Done pruning (with mask) resblocks.11.convs1.2 (Conv1d)
Pruning (with mask) resblocks.11.convs2.0 (Conv1d): out_channels=32, dim=0, amount=0.0
Done pruning (with mask) resblocks.11.convs2.0 (Conv1d)
Pruning (with mask) resblocks.11.convs2.1 (Conv1d): out_channels=32, dim=0, amount=0.0
Done pruning (with mask) resblocks.11.convs2.1 (Conv1d)
Pruning (with mask) resblocks.11.convs2.2 (Conv1d): out_channels=32, dim=0, amount=0.0
Done pruning (with mask) resblocks.11.convs2.2 (Conv1d)
Removing pruning masks from masked checkpoint before inference...
Removed pruning masks from 72 modules
Removing weight norm...
Calibrating static quantization using 20 samples...
INT8 quantization scope: resblocks_range
Quantizing residual blocks 3..8; all other layers stay FP32.
Checking quantized modules after static quantization:
Quantized module: resblocks.3.convs1.0 (torch.ao.nn.quantized.modules.conv.Conv1d)
Quantized module: resblocks.3.convs1.1 (torch.ao.nn.quantized.modules.conv.Conv1d)
Quantized module: resblocks.3.convs1.2 (torch.ao.nn.quantized.modules.conv.Conv1d)
Quantized module: resblocks.3.convs2.0 (torch.ao.nn.quantized.modules.conv.Conv1d)
Quantized module: resblocks.3.convs2.1 (torch.ao.nn.quantized.modules.conv.Conv1d)
Quantized module: resblocks.3.convs2.2 (torch.ao.nn.quantized.modules.conv.Conv1d)
Quantized module: resblocks.4.convs1.0 (torch.ao.nn.quantized.modules.conv.Conv1d)
Quantized module: resblocks.4.convs1.1 (torch.ao.nn.quantized.modules.conv.Conv1d)
Quantized module: resblocks.4.convs1.2 (torch.ao.nn.quantized.modules.conv.Conv1d)
Quantized module: resblocks.4.convs2.0 (torch.ao.nn.quantized.modules.conv.Conv1d)
Quantized module: resblocks.4.convs2.1 (torch.ao.nn.quantized.modules.conv.Conv1d)
Quantized module: resblocks.4.convs2.2 (torch.ao.nn.quantized.modules.conv.Conv1d)
Quantized module: resblocks.5.convs1.0 (torch.ao.nn.quantized.modules.conv.Conv1d)
Quantized module: resblocks.5.convs1.1 (torch.ao.nn.quantized.modules.conv.Conv1d)
Quantized module: resblocks.5.convs1.2 (torch.ao.nn.quantized.modules.conv.Conv1d)
Quantized module: resblocks.5.convs2.0 (torch.ao.nn.quantized.modules.conv.Conv1d)
Quantized module: resblocks.5.convs2.1 (torch.ao.nn.quantized.modules.conv.Conv1d)
Quantized module: resblocks.5.convs2.2 (torch.ao.nn.quantized.modules.conv.Conv1d)
Quantized module: resblocks.6.convs1.0 (torch.ao.nn.quantized.modules.conv.Conv1d)
Quantized module: resblocks.6.convs1.1 (torch.ao.nn.quantized.modules.conv.Conv1d)
Quantized module: resblocks.6.convs1.2 (torch.ao.nn.quantized.modules.conv.Conv1d)
Quantized module: resblocks.6.convs2.0 (torch.ao.nn.quantized.modules.conv.Conv1d)
Quantized module: resblocks.6.convs2.1 (torch.ao.nn.quantized.modules.conv.Conv1d)
Quantized module: resblocks.6.convs2.2 (torch.ao.nn.quantized.modules.conv.Conv1d)
Quantized module: resblocks.7.convs1.0 (torch.ao.nn.quantized.modules.conv.Conv1d)
Quantized module: resblocks.7.convs1.1 (torch.ao.nn.quantized.modules.conv.Conv1d)
Quantized module: resblocks.7.convs1.2 (torch.ao.nn.quantized.modules.conv.Conv1d)
Quantized module: resblocks.7.convs2.0 (torch.ao.nn.quantized.modules.conv.Conv1d)
Quantized module: resblocks.7.convs2.1 (torch.ao.nn.quantized.modules.conv.Conv1d)
Quantized module: resblocks.7.convs2.2 (torch.ao.nn.quantized.modules.conv.Conv1d)
Quantized module: resblocks.8.convs1.0 (torch.ao.nn.quantized.modules.conv.Conv1d)
Quantized module: resblocks.8.convs1.1 (torch.ao.nn.quantized.modules.conv.Conv1d)
Quantized module: resblocks.8.convs1.2 (torch.ao.nn.quantized.modules.conv.Conv1d)
Quantized module: resblocks.8.convs2.0 (torch.ao.nn.quantized.modules.conv.Conv1d)
Quantized module: resblocks.8.convs2.1 (torch.ao.nn.quantized.modules.conv.Conv1d)
Quantized module: resblocks.8.convs2.2 (torch.ao.nn.quantized.modules.conv.Conv1d)
Saving checkpoint to /home/hpc/vlbi/vlbi107v/hifi-gan/cp_hifigan/v1_c512_ft50/compressed_checkpoint_int8
Complete.
Saved compressed checkpoint: /home/hpc/vlbi/vlbi107v/hifi-gan/cp_hifigan/v1_c512_ft50/compressed_checkpoint_int8 (45.910 MB)
Compressed checkpoint parameters: 13,926,161
Loaded checkpoint: /home/hpc/vlbi/vlbi107v/hifi-gan/cp_hifigan/v1_c512_ft50/g_00265000 (95.035 MB)
Generator parameters: 13,926,161
generated_audios/generated_H4_512C_pruned50_int8/61-70968-0000_generated.wav | RTF: 0.1485(0.728s / 4.905s) | Generator RTF: 0.1480(0.726s / 4.905s)
generated_audios/generated_H4_512C_pruned50_int8/61-70968-0001_generated.wav | RTF: 0.1462(0.528s / 3.610s) | Generator RTF: 0.1452(0.524s / 3.610s)
generated_audios/generated_H4_512C_pruned50_int8/61-70968-0002_generated.wav | RTF: 0.1494(0.444s / 2.970s) | Generator RTF: 0.1483(0.441s / 2.970s)
generated_audios/generated_H4_512C_pruned50_int8/61-70968-0003_generated.wav | RTF: 0.1457(0.629s / 4.315s) | Generator RTF: 0.1449(0.625s / 4.315s)
generated_audios/generated_H4_512C_pruned50_int8/61-70968-0004_generated.wav | RTF: 0.1444(0.561s / 3.885s) | Generator RTF: 0.1435(0.558s / 3.885s)
generated_audios/generated_H4_512C_pruned50_int8/61-70968-0005_generated.wav | RTF: 0.1474(0.747s / 5.070s) | Generator RTF: 0.1467(0.744s / 5.070s)
generated_audios/generated_H4_512C_pruned50_int8/61-70968-0006_generated.wav | RTF: 0.1467(0.431s / 2.935s) | Generator RTF: 0.1458(0.428s / 2.935s)
generated_audios/generated_H4_512C_pruned50_int8/61-70968-0007_generated.wav | RTF: 0.1443(0.512s / 3.550s) | Generator RTF: 0.1433(0.509s / 3.550s)
generated_audios/generated_H4_512C_pruned50_int8/61-70968-0008_generated.wav | RTF: 0.1451(0.513s / 3.535s) | Generator RTF: 0.1443(0.510s / 3.535s)
generated_audios/generated_H4_512C_pruned50_int8/61-70968-0009_generated.wav | RTF: 0.1515(0.683s / 4.510s) | Generator RTF: 0.1507(0.680s / 4.510s)
generated_audios/generated_H4_512C_pruned50_int8/61-70968-0010_generated.wav | RTF: 0.1803(1.495s / 8.295s) | Generator RTF: 0.1798(1.492s / 8.295s)
generated_audios/generated_H4_512C_pruned50_int8/61-70968-0011_generated.wav | RTF: 0.1640(1.045s / 6.375s) | Generator RTF: 0.1633(1.041s / 6.375s)
generated_audios/generated_H4_512C_pruned50_int8/61-70968-0012_generated.wav | RTF: 0.1552(0.405s / 2.610s) | Generator RTF: 0.1541(0.402s / 2.610s)
generated_audios/generated_H4_512C_pruned50_int8/61-70968-0013_generated.wav | RTF: 0.1530(0.681s / 4.450s) | Generator RTF: 0.1522(0.677s / 4.450s)
generated_audios/generated_H4_512C_pruned50_int8/61-70968-0014_generated.wav | RTF: 0.1768(1.324s / 7.485s) | Generator RTF: 0.1763(1.320s / 7.485s)
generated_audios/generated_H4_512C_pruned50_int8/61-70968-0015_generated.wav | RTF: 0.1536(0.826s / 5.375s) | Generator RTF: 0.1530(0.822s / 5.375s)
generated_audios/generated_H4_512C_pruned50_int8/61-70968-0016_generated.wav | RTF: 0.1791(0.666s / 3.720s) | Generator RTF: 0.1782(0.663s / 3.720s)
generated_audios/generated_H4_512C_pruned50_int8/61-70968-0017_generated.wav | RTF: 0.1544(0.789s / 5.110s) | Generator RTF: 0.1537(0.785s / 5.110s)
generated_audios/generated_H4_512C_pruned50_int8/61-70968-0018_generated.wav | RTF: 0.1403(0.337s / 2.405s) | Generator RTF: 0.1390(0.334s / 2.405s)
generated_audios/generated_H4_512C_pruned50_int8/61-70968-0019_generated.wav | RTF: 0.1521(0.833s / 5.475s) | Generator RTF: 0.1515(0.829s / 5.475s)
Average RTF: 0.1565(14.177s / 90.585s)
Average Generator RTF: 0.1558(14.109s / 90.585s)
Evaluation summary:
  Mel-spectrogram L1: 1.028774
  PESQ: 1.913306
  STOI: 0.911250

Appended metrics to CSV: experiments_results.csv
========== H4: pruning 70% + quantize ==========
Initializing Inference Process..
Using device: cpu (baseline and quantized inference both run on CPU)
Quantization enabled: forcing CPU inference for INT8 model.
Loading '/home/hpc/vlbi/vlbi107v/hifi-gan/cp_hifigan/v1_c512_ft70/g_00265000'
Complete.
Checkpoint contains masked pruning parameters. Preparing masked model before loading...
Removing weight norm...
Skipping ConvTranspose1d pruning for ups.0
Skipping ConvTranspose1d pruning for ups.1
Skipping ConvTranspose1d pruning for ups.2
Skipping ConvTranspose1d pruning for ups.3
Pruning (with mask) resblocks.0.convs1.0 (Conv1d): out_channels=256, dim=0, amount=0.0
Done pruning (with mask) resblocks.0.convs1.0 (Conv1d)
Pruning (with mask) resblocks.0.convs1.1 (Conv1d): out_channels=256, dim=0, amount=0.0
Done pruning (with mask) resblocks.0.convs1.1 (Conv1d)
Pruning (with mask) resblocks.0.convs1.2 (Conv1d): out_channels=256, dim=0, amount=0.0
Done pruning (with mask) resblocks.0.convs1.2 (Conv1d)
Pruning (with mask) resblocks.0.convs2.0 (Conv1d): out_channels=256, dim=0, amount=0.0
Done pruning (with mask) resblocks.0.convs2.0 (Conv1d)
Pruning (with mask) resblocks.0.convs2.1 (Conv1d): out_channels=256, dim=0, amount=0.0
Done pruning (with mask) resblocks.0.convs2.1 (Conv1d)
Pruning (with mask) resblocks.0.convs2.2 (Conv1d): out_channels=256, dim=0, amount=0.0
Done pruning (with mask) resblocks.0.convs2.2 (Conv1d)
Pruning (with mask) resblocks.1.convs1.0 (Conv1d): out_channels=256, dim=0, amount=0.0
Done pruning (with mask) resblocks.1.convs1.0 (Conv1d)
Pruning (with mask) resblocks.1.convs1.1 (Conv1d): out_channels=256, dim=0, amount=0.0
Done pruning (with mask) resblocks.1.convs1.1 (Conv1d)
Pruning (with mask) resblocks.1.convs1.2 (Conv1d): out_channels=256, dim=0, amount=0.0
Done pruning (with mask) resblocks.1.convs1.2 (Conv1d)
Pruning (with mask) resblocks.1.convs2.0 (Conv1d): out_channels=256, dim=0, amount=0.0
Done pruning (with mask) resblocks.1.convs2.0 (Conv1d)
Pruning (with mask) resblocks.1.convs2.1 (Conv1d): out_channels=256, dim=0, amount=0.0
Done pruning (with mask) resblocks.1.convs2.1 (Conv1d)
Pruning (with mask) resblocks.1.convs2.2 (Conv1d): out_channels=256, dim=0, amount=0.0
Done pruning (with mask) resblocks.1.convs2.2 (Conv1d)
Pruning (with mask) resblocks.2.convs1.0 (Conv1d): out_channels=256, dim=0, amount=0.0
Done pruning (with mask) resblocks.2.convs1.0 (Conv1d)
Pruning (with mask) resblocks.2.convs1.1 (Conv1d): out_channels=256, dim=0, amount=0.0
Done pruning (with mask) resblocks.2.convs1.1 (Conv1d)
Pruning (with mask) resblocks.2.convs1.2 (Conv1d): out_channels=256, dim=0, amount=0.0
Done pruning (with mask) resblocks.2.convs1.2 (Conv1d)
Pruning (with mask) resblocks.2.convs2.0 (Conv1d): out_channels=256, dim=0, amount=0.0
Done pruning (with mask) resblocks.2.convs2.0 (Conv1d)
Pruning (with mask) resblocks.2.convs2.1 (Conv1d): out_channels=256, dim=0, amount=0.0
Done pruning (with mask) resblocks.2.convs2.1 (Conv1d)
Pruning (with mask) resblocks.2.convs2.2 (Conv1d): out_channels=256, dim=0, amount=0.0
Done pruning (with mask) resblocks.2.convs2.2 (Conv1d)
Pruning (with mask) resblocks.3.convs1.0 (Conv1d): out_channels=128, dim=0, amount=0.0
Done pruning (with mask) resblocks.3.convs1.0 (Conv1d)
Pruning (with mask) resblocks.3.convs1.1 (Conv1d): out_channels=128, dim=0, amount=0.0
Done pruning (with mask) resblocks.3.convs1.1 (Conv1d)
Pruning (with mask) resblocks.3.convs1.2 (Conv1d): out_channels=128, dim=0, amount=0.0
Done pruning (with mask) resblocks.3.convs1.2 (Conv1d)
Pruning (with mask) resblocks.3.convs2.0 (Conv1d): out_channels=128, dim=0, amount=0.0
Done pruning (with mask) resblocks.3.convs2.0 (Conv1d)
Pruning (with mask) resblocks.3.convs2.1 (Conv1d): out_channels=128, dim=0, amount=0.0
Done pruning (with mask) resblocks.3.convs2.1 (Conv1d)
Pruning (with mask) resblocks.3.convs2.2 (Conv1d): out_channels=128, dim=0, amount=0.0
Done pruning (with mask) resblocks.3.convs2.2 (Conv1d)
Pruning (with mask) resblocks.4.convs1.0 (Conv1d): out_channels=128, dim=0, amount=0.0
Done pruning (with mask) resblocks.4.convs1.0 (Conv1d)
Pruning (with mask) resblocks.4.convs1.1 (Conv1d): out_channels=128, dim=0, amount=0.0
Done pruning (with mask) resblocks.4.convs1.1 (Conv1d)
Pruning (with mask) resblocks.4.convs1.2 (Conv1d): out_channels=128, dim=0, amount=0.0
Done pruning (with mask) resblocks.4.convs1.2 (Conv1d)
Pruning (with mask) resblocks.4.convs2.0 (Conv1d): out_channels=128, dim=0, amount=0.0
Done pruning (with mask) resblocks.4.convs2.0 (Conv1d)
Pruning (with mask) resblocks.4.convs2.1 (Conv1d): out_channels=128, dim=0, amount=0.0
Done pruning (with mask) resblocks.4.convs2.1 (Conv1d)
Pruning (with mask) resblocks.4.convs2.2 (Conv1d): out_channels=128, dim=0, amount=0.0
Done pruning (with mask) resblocks.4.convs2.2 (Conv1d)
Pruning (with mask) resblocks.5.convs1.0 (Conv1d): out_channels=128, dim=0, amount=0.0
Done pruning (with mask) resblocks.5.convs1.0 (Conv1d)
Pruning (with mask) resblocks.5.convs1.1 (Conv1d): out_channels=128, dim=0, amount=0.0
Done pruning (with mask) resblocks.5.convs1.1 (Conv1d)
Pruning (with mask) resblocks.5.convs1.2 (Conv1d): out_channels=128, dim=0, amount=0.0
Done pruning (with mask) resblocks.5.convs1.2 (Conv1d)
Pruning (with mask) resblocks.5.convs2.0 (Conv1d): out_channels=128, dim=0, amount=0.0
Done pruning (with mask) resblocks.5.convs2.0 (Conv1d)
Pruning (with mask) resblocks.5.convs2.1 (Conv1d): out_channels=128, dim=0, amount=0.0
Done pruning (with mask) resblocks.5.convs2.1 (Conv1d)
Pruning (with mask) resblocks.5.convs2.2 (Conv1d): out_channels=128, dim=0, amount=0.0
Done pruning (with mask) resblocks.5.convs2.2 (Conv1d)
Pruning (with mask) resblocks.6.convs1.0 (Conv1d): out_channels=64, dim=0, amount=0.0
Done pruning (with mask) resblocks.6.convs1.0 (Conv1d)
Pruning (with mask) resblocks.6.convs1.1 (Conv1d): out_channels=64, dim=0, amount=0.0
Done pruning (with mask) resblocks.6.convs1.1 (Conv1d)
Pruning (with mask) resblocks.6.convs1.2 (Conv1d): out_channels=64, dim=0, amount=0.0
Done pruning (with mask) resblocks.6.convs1.2 (Conv1d)
Pruning (with mask) resblocks.6.convs2.0 (Conv1d): out_channels=64, dim=0, amount=0.0
Done pruning (with mask) resblocks.6.convs2.0 (Conv1d)
Pruning (with mask) resblocks.6.convs2.1 (Conv1d): out_channels=64, dim=0, amount=0.0
Done pruning (with mask) resblocks.6.convs2.1 (Conv1d)
Pruning (with mask) resblocks.6.convs2.2 (Conv1d): out_channels=64, dim=0, amount=0.0
Done pruning (with mask) resblocks.6.convs2.2 (Conv1d)
Pruning (with mask) resblocks.7.convs1.0 (Conv1d): out_channels=64, dim=0, amount=0.0
Done pruning (with mask) resblocks.7.convs1.0 (Conv1d)
Pruning (with mask) resblocks.7.convs1.1 (Conv1d): out_channels=64, dim=0, amount=0.0
Done pruning (with mask) resblocks.7.convs1.1 (Conv1d)
Pruning (with mask) resblocks.7.convs1.2 (Conv1d): out_channels=64, dim=0, amount=0.0
Done pruning (with mask) resblocks.7.convs1.2 (Conv1d)
Pruning (with mask) resblocks.7.convs2.0 (Conv1d): out_channels=64, dim=0, amount=0.0
Done pruning (with mask) resblocks.7.convs2.0 (Conv1d)
Pruning (with mask) resblocks.7.convs2.1 (Conv1d): out_channels=64, dim=0, amount=0.0
Done pruning (with mask) resblocks.7.convs2.1 (Conv1d)
Pruning (with mask) resblocks.7.convs2.2 (Conv1d): out_channels=64, dim=0, amount=0.0
Done pruning (with mask) resblocks.7.convs2.2 (Conv1d)
Pruning (with mask) resblocks.8.convs1.0 (Conv1d): out_channels=64, dim=0, amount=0.0
Done pruning (with mask) resblocks.8.convs1.0 (Conv1d)
Pruning (with mask) resblocks.8.convs1.1 (Conv1d): out_channels=64, dim=0, amount=0.0
Done pruning (with mask) resblocks.8.convs1.1 (Conv1d)
Pruning (with mask) resblocks.8.convs1.2 (Conv1d): out_channels=64, dim=0, amount=0.0
Done pruning (with mask) resblocks.8.convs1.2 (Conv1d)
Pruning (with mask) resblocks.8.convs2.0 (Conv1d): out_channels=64, dim=0, amount=0.0
Done pruning (with mask) resblocks.8.convs2.0 (Conv1d)
Pruning (with mask) resblocks.8.convs2.1 (Conv1d): out_channels=64, dim=0, amount=0.0
Done pruning (with mask) resblocks.8.convs2.1 (Conv1d)
Pruning (with mask) resblocks.8.convs2.2 (Conv1d): out_channels=64, dim=0, amount=0.0
Done pruning (with mask) resblocks.8.convs2.2 (Conv1d)
Pruning (with mask) resblocks.9.convs1.0 (Conv1d): out_channels=32, dim=0, amount=0.0
Done pruning (with mask) resblocks.9.convs1.0 (Conv1d)
Pruning (with mask) resblocks.9.convs1.1 (Conv1d): out_channels=32, dim=0, amount=0.0
Done pruning (with mask) resblocks.9.convs1.1 (Conv1d)
Pruning (with mask) resblocks.9.convs1.2 (Conv1d): out_channels=32, dim=0, amount=0.0
Done pruning (with mask) resblocks.9.convs1.2 (Conv1d)
Pruning (with mask) resblocks.9.convs2.0 (Conv1d): out_channels=32, dim=0, amount=0.0
Done pruning (with mask) resblocks.9.convs2.0 (Conv1d)
Pruning (with mask) resblocks.9.convs2.1 (Conv1d): out_channels=32, dim=0, amount=0.0
Done pruning (with mask) resblocks.9.convs2.1 (Conv1d)
Pruning (with mask) resblocks.9.convs2.2 (Conv1d): out_channels=32, dim=0, amount=0.0
Done pruning (with mask) resblocks.9.convs2.2 (Conv1d)
Pruning (with mask) resblocks.10.convs1.0 (Conv1d): out_channels=32, dim=0, amount=0.0
Done pruning (with mask) resblocks.10.convs1.0 (Conv1d)
Pruning (with mask) resblocks.10.convs1.1 (Conv1d): out_channels=32, dim=0, amount=0.0
Done pruning (with mask) resblocks.10.convs1.1 (Conv1d)
Pruning (with mask) resblocks.10.convs1.2 (Conv1d): out_channels=32, dim=0, amount=0.0
Done pruning (with mask) resblocks.10.convs1.2 (Conv1d)
Pruning (with mask) resblocks.10.convs2.0 (Conv1d): out_channels=32, dim=0, amount=0.0
Done pruning (with mask) resblocks.10.convs2.0 (Conv1d)
Pruning (with mask) resblocks.10.convs2.1 (Conv1d): out_channels=32, dim=0, amount=0.0
Done pruning (with mask) resblocks.10.convs2.1 (Conv1d)
Pruning (with mask) resblocks.10.convs2.2 (Conv1d): out_channels=32, dim=0, amount=0.0
Done pruning (with mask) resblocks.10.convs2.2 (Conv1d)
Pruning (with mask) resblocks.11.convs1.0 (Conv1d): out_channels=32, dim=0, amount=0.0
Done pruning (with mask) resblocks.11.convs1.0 (Conv1d)
Pruning (with mask) resblocks.11.convs1.1 (Conv1d): out_channels=32, dim=0, amount=0.0
Done pruning (with mask) resblocks.11.convs1.1 (Conv1d)
Pruning (with mask) resblocks.11.convs1.2 (Conv1d): out_channels=32, dim=0, amount=0.0
Done pruning (with mask) resblocks.11.convs1.2 (Conv1d)
Pruning (with mask) resblocks.11.convs2.0 (Conv1d): out_channels=32, dim=0, amount=0.0
Done pruning (with mask) resblocks.11.convs2.0 (Conv1d)
Pruning (with mask) resblocks.11.convs2.1 (Conv1d): out_channels=32, dim=0, amount=0.0
Done pruning (with mask) resblocks.11.convs2.1 (Conv1d)
Pruning (with mask) resblocks.11.convs2.2 (Conv1d): out_channels=32, dim=0, amount=0.0
Done pruning (with mask) resblocks.11.convs2.2 (Conv1d)
Removing pruning masks from masked checkpoint before inference...
Removed pruning masks from 72 modules
Removing weight norm...
Calibrating static quantization using 20 samples...
INT8 quantization scope: resblocks_range
Quantizing residual blocks 3..8; all other layers stay FP32.
Checking quantized modules after static quantization:
Quantized module: resblocks.3.convs1.0 (torch.ao.nn.quantized.modules.conv.Conv1d)
Quantized module: resblocks.3.convs1.1 (torch.ao.nn.quantized.modules.conv.Conv1d)
Quantized module: resblocks.3.convs1.2 (torch.ao.nn.quantized.modules.conv.Conv1d)
Quantized module: resblocks.3.convs2.0 (torch.ao.nn.quantized.modules.conv.Conv1d)
Quantized module: resblocks.3.convs2.1 (torch.ao.nn.quantized.modules.conv.Conv1d)
Quantized module: resblocks.3.convs2.2 (torch.ao.nn.quantized.modules.conv.Conv1d)
Quantized module: resblocks.4.convs1.0 (torch.ao.nn.quantized.modules.conv.Conv1d)
Quantized module: resblocks.4.convs1.1 (torch.ao.nn.quantized.modules.conv.Conv1d)
Quantized module: resblocks.4.convs1.2 (torch.ao.nn.quantized.modules.conv.Conv1d)
Quantized module: resblocks.4.convs2.0 (torch.ao.nn.quantized.modules.conv.Conv1d)
Quantized module: resblocks.4.convs2.1 (torch.ao.nn.quantized.modules.conv.Conv1d)
Quantized module: resblocks.4.convs2.2 (torch.ao.nn.quantized.modules.conv.Conv1d)
Quantized module: resblocks.5.convs1.0 (torch.ao.nn.quantized.modules.conv.Conv1d)
Quantized module: resblocks.5.convs1.1 (torch.ao.nn.quantized.modules.conv.Conv1d)
Quantized module: resblocks.5.convs1.2 (torch.ao.nn.quantized.modules.conv.Conv1d)
Quantized module: resblocks.5.convs2.0 (torch.ao.nn.quantized.modules.conv.Conv1d)
Quantized module: resblocks.5.convs2.1 (torch.ao.nn.quantized.modules.conv.Conv1d)
Quantized module: resblocks.5.convs2.2 (torch.ao.nn.quantized.modules.conv.Conv1d)
Quantized module: resblocks.6.convs1.0 (torch.ao.nn.quantized.modules.conv.Conv1d)
Quantized module: resblocks.6.convs1.1 (torch.ao.nn.quantized.modules.conv.Conv1d)
Quantized module: resblocks.6.convs1.2 (torch.ao.nn.quantized.modules.conv.Conv1d)
Quantized module: resblocks.6.convs2.0 (torch.ao.nn.quantized.modules.conv.Conv1d)
Quantized module: resblocks.6.convs2.1 (torch.ao.nn.quantized.modules.conv.Conv1d)
Quantized module: resblocks.6.convs2.2 (torch.ao.nn.quantized.modules.conv.Conv1d)
Quantized module: resblocks.7.convs1.0 (torch.ao.nn.quantized.modules.conv.Conv1d)
Quantized module: resblocks.7.convs1.1 (torch.ao.nn.quantized.modules.conv.Conv1d)
Quantized module: resblocks.7.convs1.2 (torch.ao.nn.quantized.modules.conv.Conv1d)
Quantized module: resblocks.7.convs2.0 (torch.ao.nn.quantized.modules.conv.Conv1d)
Quantized module: resblocks.7.convs2.1 (torch.ao.nn.quantized.modules.conv.Conv1d)
Quantized module: resblocks.7.convs2.2 (torch.ao.nn.quantized.modules.conv.Conv1d)
Quantized module: resblocks.8.convs1.0 (torch.ao.nn.quantized.modules.conv.Conv1d)
Quantized module: resblocks.8.convs1.1 (torch.ao.nn.quantized.modules.conv.Conv1d)
Quantized module: resblocks.8.convs1.2 (torch.ao.nn.quantized.modules.conv.Conv1d)
Quantized module: resblocks.8.convs2.0 (torch.ao.nn.quantized.modules.conv.Conv1d)
Quantized module: resblocks.8.convs2.1 (torch.ao.nn.quantized.modules.conv.Conv1d)
Quantized module: resblocks.8.convs2.2 (torch.ao.nn.quantized.modules.conv.Conv1d)
Saving checkpoint to /home/hpc/vlbi/vlbi107v/hifi-gan/cp_hifigan/v1_c512_ft70/compressed_checkpoint_int8
Complete.
Saved compressed checkpoint: /home/hpc/vlbi/vlbi107v/hifi-gan/cp_hifigan/v1_c512_ft70/compressed_checkpoint_int8 (45.910 MB)
Compressed checkpoint parameters: 13,926,161
Loaded checkpoint: /home/hpc/vlbi/vlbi107v/hifi-gan/cp_hifigan/v1_c512_ft70/g_00265000 (95.035 MB)
Generator parameters: 13,926,161
generated_audios/generated_H4_512C_pruned70_int8/61-70968-0000_generated.wav | RTF: 0.1523(0.747s / 4.905s) | Generator RTF: 0.1515(0.743s / 4.905s)
generated_audios/generated_H4_512C_pruned70_int8/61-70968-0001_generated.wav | RTF: 0.1487(0.537s / 3.610s) | Generator RTF: 0.1478(0.533s / 3.610s)
generated_audios/generated_H4_512C_pruned70_int8/61-70968-0002_generated.wav | RTF: 0.1508(0.448s / 2.970s) | Generator RTF: 0.1497(0.445s / 2.970s)
generated_audios/generated_H4_512C_pruned70_int8/61-70968-0003_generated.wav | RTF: 0.1479(0.638s / 4.315s) | Generator RTF: 0.1471(0.635s / 4.315s)
generated_audios/generated_H4_512C_pruned70_int8/61-70968-0004_generated.wav | RTF: 0.1470(0.571s / 3.885s) | Generator RTF: 0.1462(0.568s / 3.885s)
generated_audios/generated_H4_512C_pruned70_int8/61-70968-0005_generated.wav | RTF: 0.1505(0.763s / 5.070s) | Generator RTF: 0.1499(0.760s / 5.070s)
generated_audios/generated_H4_512C_pruned70_int8/61-70968-0006_generated.wav | RTF: 0.1467(0.431s / 2.935s) | Generator RTF: 0.1457(0.428s / 2.935s)
generated_audios/generated_H4_512C_pruned70_int8/61-70968-0007_generated.wav | RTF: 0.1453(0.516s / 3.550s) | Generator RTF: 0.1444(0.513s / 3.550s)
generated_audios/generated_H4_512C_pruned70_int8/61-70968-0008_generated.wav | RTF: 0.1472(0.521s / 3.535s) | Generator RTF: 0.1464(0.518s / 3.535s)
generated_audios/generated_H4_512C_pruned70_int8/61-70968-0009_generated.wav | RTF: 0.1474(0.665s / 4.510s) | Generator RTF: 0.1467(0.661s / 4.510s)
generated_audios/generated_H4_512C_pruned70_int8/61-70968-0010_generated.wav | RTF: 0.1762(1.462s / 8.295s) | Generator RTF: 0.1758(1.458s / 8.295s)
generated_audios/generated_H4_512C_pruned70_int8/61-70968-0011_generated.wav | RTF: 0.1668(1.063s / 6.375s) | Generator RTF: 0.1662(1.060s / 6.375s)
generated_audios/generated_H4_512C_pruned70_int8/61-70968-0012_generated.wav | RTF: 0.1557(0.406s / 2.610s) | Generator RTF: 0.1546(0.403s / 2.610s)
generated_audios/generated_H4_512C_pruned70_int8/61-70968-0013_generated.wav | RTF: 0.1473(0.655s / 4.450s) | Generator RTF: 0.1465(0.652s / 4.450s)
generated_audios/generated_H4_512C_pruned70_int8/61-70968-0014_generated.wav | RTF: 0.1748(1.309s / 7.485s) | Generator RTF: 0.1744(1.305s / 7.485s)
generated_audios/generated_H4_512C_pruned70_int8/61-70968-0015_generated.wav | RTF: 0.1562(0.840s / 5.375s) | Generator RTF: 0.1557(0.837s / 5.375s)
generated_audios/generated_H4_512C_pruned70_int8/61-70968-0016_generated.wav | RTF: 0.1661(0.618s / 3.720s) | Generator RTF: 0.1651(0.614s / 3.720s)
generated_audios/generated_H4_512C_pruned70_int8/61-70968-0017_generated.wav | RTF: 0.1574(0.805s / 5.110s) | Generator RTF: 0.1567(0.801s / 5.110s)
generated_audios/generated_H4_512C_pruned70_int8/61-70968-0018_generated.wav | RTF: 0.1442(0.347s / 2.405s) | Generator RTF: 0.1429(0.344s / 2.405s)
generated_audios/generated_H4_512C_pruned70_int8/61-70968-0019_generated.wav | RTF: 0.1570(0.860s / 5.475s) | Generator RTF: 0.1564(0.856s / 5.475s)
Average RTF: 0.1568(14.200s / 90.585s)
Average Generator RTF: 0.1560(14.133s / 90.585s)
Evaluation summary:
  Mel-spectrogram L1: 1.205099
  PESQ: 1.927144
  STOI: 0.910081

Appended metrics to CSV: experiments_results.csv
Appended to experiments_results.csv:
H4_512C_pruned70_int8_Mask_pruning_resblocks_range_3_8,13926161,45.91,0.1568,0.156,1.9271439611911774,0.9100805452687479,1.2050990223884583
========== Done ==========
=== JOB_STATISTICS ===
=== current date     : Sun Jun 28 04:25:44 PM CEST 2026
= Job-ID             : 1424720 on tinyfat
= Job-Name           : inference_512ch_h1-4
= Job-Command        : /home/hpc/vlbi/vlbi107v/hifi-gan/inference.sh
= Initial workdir    : /home/hpc/vlbi/vlbi107v/hifi-gan
= Queue/Partition    : work
= Slurm account      : vlbi with QOS=normal
= Requested resources:  for 02:00:00
= Elapsed runtime    : 00:06:41
= Total RAM usage    : 1.5 GiB of requested  GiB (%)   
= Node list          : tf077
= Subm/Elig/Start/End: 2026-06-28T16:19:02 / 2026-06-28T16:19:02 / 2026-06-28T16:19:02 / 2026-06-28T16:25:43
======================
=== Quota infos ======
    Path                 Used     SoftQ    HardQ    Gracetime  Filec    FileQ    FiHaQ    FileGrace    
    /home/hpc              75.0G   104.9G   209.7G        N/A      80K     500K   1,000K        N/A    
    /home/woody           490.5G  1000.0G  1500.0G        N/A     118K   5,000K   7,500K        N/A    
======================
