### Starting TaskPrologue of job 1428691 on tf061 at Sun Jul  5 01:54:22 PM CEST 2026
Running on cores 16-23,80-87 with governor ondemand
No GPU known
### Finished TaskPrologue

==========(sbatch.tinyfat) Inference: 512 Channels (g_07960000) ==========
========== H3: pruning 30% ==========
Initializing Inference Process..
Using device: cpu (baseline and quantized inference both run on CPU)
Loading '/home/hpc/vlbi/vlbi107v/hifi-gan/cp_hifigan/v1_c512_ft30/g_00265000'
Complete.
Checkpoint contains masked pruning parameters. Preparing masked model before loading...
Removing weight norm...
Skipping ConvTranspose1d pruning for ups.0
Skipping ConvTranspose1d pruning for ups.1
Skipping ConvTranspose1d pruning for ups.2
Skipping ConvTranspose1d pruning for ups.3
Pruning (with mask) resblocks.0.convs1.0 (Conv1d): out_channels=256, dim=0, amount=0.0
Done pruning (with mask) resblocks.0.convs1.0 (Conv1d)
Pruning (with mask) resblocks.0.convs1.1 (Conv1d): out_channels=256, dim=0, amount=0.0
Done pruning (with mask) resblocks.0.convs1.1 (Conv1d)
Pruning (with mask) resblocks.0.convs1.2 (Conv1d): out_channels=256, dim=0, amount=0.0
Done pruning (with mask) resblocks.0.convs1.2 (Conv1d)
Pruning (with mask) resblocks.0.convs2.0 (Conv1d): out_channels=256, dim=0, amount=0.0
Done pruning (with mask) resblocks.0.convs2.0 (Conv1d)
Pruning (with mask) resblocks.0.convs2.1 (Conv1d): out_channels=256, dim=0, amount=0.0
Done pruning (with mask) resblocks.0.convs2.1 (Conv1d)
Pruning (with mask) resblocks.0.convs2.2 (Conv1d): out_channels=256, dim=0, amount=0.0
Done pruning (with mask) resblocks.0.convs2.2 (Conv1d)
Pruning (with mask) resblocks.1.convs1.0 (Conv1d): out_channels=256, dim=0, amount=0.0
Done pruning (with mask) resblocks.1.convs1.0 (Conv1d)
Pruning (with mask) resblocks.1.convs1.1 (Conv1d): out_channels=256, dim=0, amount=0.0
Done pruning (with mask) resblocks.1.convs1.1 (Conv1d)
Pruning (with mask) resblocks.1.convs1.2 (Conv1d): out_channels=256, dim=0, amount=0.0
Done pruning (with mask) resblocks.1.convs1.2 (Conv1d)
Pruning (with mask) resblocks.1.convs2.0 (Conv1d): out_channels=256, dim=0, amount=0.0
Done pruning (with mask) resblocks.1.convs2.0 (Conv1d)
Pruning (with mask) resblocks.1.convs2.1 (Conv1d): out_channels=256, dim=0, amount=0.0
Done pruning (with mask) resblocks.1.convs2.1 (Conv1d)
Pruning (with mask) resblocks.1.convs2.2 (Conv1d): out_channels=256, dim=0, amount=0.0
Done pruning (with mask) resblocks.1.convs2.2 (Conv1d)
Pruning (with mask) resblocks.2.convs1.0 (Conv1d): out_channels=256, dim=0, amount=0.0
Done pruning (with mask) resblocks.2.convs1.0 (Conv1d)
Pruning (with mask) resblocks.2.convs1.1 (Conv1d): out_channels=256, dim=0, amount=0.0
Done pruning (with mask) resblocks.2.convs1.1 (Conv1d)
Pruning (with mask) resblocks.2.convs1.2 (Conv1d): out_channels=256, dim=0, amount=0.0
Done pruning (with mask) resblocks.2.convs1.2 (Conv1d)
Pruning (with mask) resblocks.2.convs2.0 (Conv1d): out_channels=256, dim=0, amount=0.0
Done pruning (with mask) resblocks.2.convs2.0 (Conv1d)
Pruning (with mask) resblocks.2.convs2.1 (Conv1d): out_channels=256, dim=0, amount=0.0
Done pruning (with mask) resblocks.2.convs2.1 (Conv1d)
Pruning (with mask) resblocks.2.convs2.2 (Conv1d): out_channels=256, dim=0, amount=0.0
Done pruning (with mask) resblocks.2.convs2.2 (Conv1d)
Pruning (with mask) resblocks.3.convs1.0 (Conv1d): out_channels=128, dim=0, amount=0.0
Done pruning (with mask) resblocks.3.convs1.0 (Conv1d)
Pruning (with mask) resblocks.3.convs1.1 (Conv1d): out_channels=128, dim=0, amount=0.0
Done pruning (with mask) resblocks.3.convs1.1 (Conv1d)
Pruning (with mask) resblocks.3.convs1.2 (Conv1d): out_channels=128, dim=0, amount=0.0
Done pruning (with mask) resblocks.3.convs1.2 (Conv1d)
Pruning (with mask) resblocks.3.convs2.0 (Conv1d): out_channels=128, dim=0, amount=0.0
Done pruning (with mask) resblocks.3.convs2.0 (Conv1d)
Pruning (with mask) resblocks.3.convs2.1 (Conv1d): out_channels=128, dim=0, amount=0.0
Done pruning (with mask) resblocks.3.convs2.1 (Conv1d)
Pruning (with mask) resblocks.3.convs2.2 (Conv1d): out_channels=128, dim=0, amount=0.0
Done pruning (with mask) resblocks.3.convs2.2 (Conv1d)
Pruning (with mask) resblocks.4.convs1.0 (Conv1d): out_channels=128, dim=0, amount=0.0
Done pruning (with mask) resblocks.4.convs1.0 (Conv1d)
Pruning (with mask) resblocks.4.convs1.1 (Conv1d): out_channels=128, dim=0, amount=0.0
Done pruning (with mask) resblocks.4.convs1.1 (Conv1d)
Pruning (with mask) resblocks.4.convs1.2 (Conv1d): out_channels=128, dim=0, amount=0.0
Done pruning (with mask) resblocks.4.convs1.2 (Conv1d)
Pruning (with mask) resblocks.4.convs2.0 (Conv1d): out_channels=128, dim=0, amount=0.0
Done pruning (with mask) resblocks.4.convs2.0 (Conv1d)
Pruning (with mask) resblocks.4.convs2.1 (Conv1d): out_channels=128, dim=0, amount=0.0
Done pruning (with mask) resblocks.4.convs2.1 (Conv1d)
Pruning (with mask) resblocks.4.convs2.2 (Conv1d): out_channels=128, dim=0, amount=0.0
Done pruning (with mask) resblocks.4.convs2.2 (Conv1d)
Pruning (with mask) resblocks.5.convs1.0 (Conv1d): out_channels=128, dim=0, amount=0.0
Done pruning (with mask) resblocks.5.convs1.0 (Conv1d)
Pruning (with mask) resblocks.5.convs1.1 (Conv1d): out_channels=128, dim=0, amount=0.0
Done pruning (with mask) resblocks.5.convs1.1 (Conv1d)
Pruning (with mask) resblocks.5.convs1.2 (Conv1d): out_channels=128, dim=0, amount=0.0
Done pruning (with mask) resblocks.5.convs1.2 (Conv1d)
Pruning (with mask) resblocks.5.convs2.0 (Conv1d): out_channels=128, dim=0, amount=0.0
Done pruning (with mask) resblocks.5.convs2.0 (Conv1d)
Pruning (with mask) resblocks.5.convs2.1 (Conv1d): out_channels=128, dim=0, amount=0.0
Done pruning (with mask) resblocks.5.convs2.1 (Conv1d)
Pruning (with mask) resblocks.5.convs2.2 (Conv1d): out_channels=128, dim=0, amount=0.0
Done pruning (with mask) resblocks.5.convs2.2 (Conv1d)
Pruning (with mask) resblocks.6.convs1.0 (Conv1d): out_channels=64, dim=0, amount=0.0
Done pruning (with mask) resblocks.6.convs1.0 (Conv1d)
Pruning (with mask) resblocks.6.convs1.1 (Conv1d): out_channels=64, dim=0, amount=0.0
Done pruning (with mask) resblocks.6.convs1.1 (Conv1d)
Pruning (with mask) resblocks.6.convs1.2 (Conv1d): out_channels=64, dim=0, amount=0.0
Done pruning (with mask) resblocks.6.convs1.2 (Conv1d)
Pruning (with mask) resblocks.6.convs2.0 (Conv1d): out_channels=64, dim=0, amount=0.0
Done pruning (with mask) resblocks.6.convs2.0 (Conv1d)
Pruning (with mask) resblocks.6.convs2.1 (Conv1d): out_channels=64, dim=0, amount=0.0
Done pruning (with mask) resblocks.6.convs2.1 (Conv1d)
Pruning (with mask) resblocks.6.convs2.2 (Conv1d): out_channels=64, dim=0, amount=0.0
Done pruning (with mask) resblocks.6.convs2.2 (Conv1d)
Pruning (with mask) resblocks.7.convs1.0 (Conv1d): out_channels=64, dim=0, amount=0.0
Done pruning (with mask) resblocks.7.convs1.0 (Conv1d)
Pruning (with mask) resblocks.7.convs1.1 (Conv1d): out_channels=64, dim=0, amount=0.0
Done pruning (with mask) resblocks.7.convs1.1 (Conv1d)
Pruning (with mask) resblocks.7.convs1.2 (Conv1d): out_channels=64, dim=0, amount=0.0
Done pruning (with mask) resblocks.7.convs1.2 (Conv1d)
Pruning (with mask) resblocks.7.convs2.0 (Conv1d): out_channels=64, dim=0, amount=0.0
Done pruning (with mask) resblocks.7.convs2.0 (Conv1d)
Pruning (with mask) resblocks.7.convs2.1 (Conv1d): out_channels=64, dim=0, amount=0.0
Done pruning (with mask) resblocks.7.convs2.1 (Conv1d)
Pruning (with mask) resblocks.7.convs2.2 (Conv1d): out_channels=64, dim=0, amount=0.0
Done pruning (with mask) resblocks.7.convs2.2 (Conv1d)
Pruning (with mask) resblocks.8.convs1.0 (Conv1d): out_channels=64, dim=0, amount=0.0
Done pruning (with mask) resblocks.8.convs1.0 (Conv1d)
Pruning (with mask) resblocks.8.convs1.1 (Conv1d): out_channels=64, dim=0, amount=0.0
Done pruning (with mask) resblocks.8.convs1.1 (Conv1d)
Pruning (with mask) resblocks.8.convs1.2 (Conv1d): out_channels=64, dim=0, amount=0.0
Done pruning (with mask) resblocks.8.convs1.2 (Conv1d)
Pruning (with mask) resblocks.8.convs2.0 (Conv1d): out_channels=64, dim=0, amount=0.0
Done pruning (with mask) resblocks.8.convs2.0 (Conv1d)
Pruning (with mask) resblocks.8.convs2.1 (Conv1d): out_channels=64, dim=0, amount=0.0
Done pruning (with mask) resblocks.8.convs2.1 (Conv1d)
Pruning (with mask) resblocks.8.convs2.2 (Conv1d): out_channels=64, dim=0, amount=0.0
Done pruning (with mask) resblocks.8.convs2.2 (Conv1d)
Pruning (with mask) resblocks.9.convs1.0 (Conv1d): out_channels=32, dim=0, amount=0.0
Done pruning (with mask) resblocks.9.convs1.0 (Conv1d)
Pruning (with mask) resblocks.9.convs1.1 (Conv1d): out_channels=32, dim=0, amount=0.0
Done pruning (with mask) resblocks.9.convs1.1 (Conv1d)
Pruning (with mask) resblocks.9.convs1.2 (Conv1d): out_channels=32, dim=0, amount=0.0
Done pruning (with mask) resblocks.9.convs1.2 (Conv1d)
Pruning (with mask) resblocks.9.convs2.0 (Conv1d): out_channels=32, dim=0, amount=0.0
Done pruning (with mask) resblocks.9.convs2.0 (Conv1d)
Pruning (with mask) resblocks.9.convs2.1 (Conv1d): out_channels=32, dim=0, amount=0.0
Done pruning (with mask) resblocks.9.convs2.1 (Conv1d)
Pruning (with mask) resblocks.9.convs2.2 (Conv1d): out_channels=32, dim=0, amount=0.0
Done pruning (with mask) resblocks.9.convs2.2 (Conv1d)
Pruning (with mask) resblocks.10.convs1.0 (Conv1d): out_channels=32, dim=0, amount=0.0
Done pruning (with mask) resblocks.10.convs1.0 (Conv1d)
Pruning (with mask) resblocks.10.convs1.1 (Conv1d): out_channels=32, dim=0, amount=0.0
Done pruning (with mask) resblocks.10.convs1.1 (Conv1d)
Pruning (with mask) resblocks.10.convs1.2 (Conv1d): out_channels=32, dim=0, amount=0.0
Done pruning (with mask) resblocks.10.convs1.2 (Conv1d)
Pruning (with mask) resblocks.10.convs2.0 (Conv1d): out_channels=32, dim=0, amount=0.0
Done pruning (with mask) resblocks.10.convs2.0 (Conv1d)
Pruning (with mask) resblocks.10.convs2.1 (Conv1d): out_channels=32, dim=0, amount=0.0
Done pruning (with mask) resblocks.10.convs2.1 (Conv1d)
Pruning (with mask) resblocks.10.convs2.2 (Conv1d): out_channels=32, dim=0, amount=0.0
Done pruning (with mask) resblocks.10.convs2.2 (Conv1d)
Pruning (with mask) resblocks.11.convs1.0 (Conv1d): out_channels=32, dim=0, amount=0.0
Done pruning (with mask) resblocks.11.convs1.0 (Conv1d)
Pruning (with mask) resblocks.11.convs1.1 (Conv1d): out_channels=32, dim=0, amount=0.0
Done pruning (with mask) resblocks.11.convs1.1 (Conv1d)
Pruning (with mask) resblocks.11.convs1.2 (Conv1d): out_channels=32, dim=0, amount=0.0
Done pruning (with mask) resblocks.11.convs1.2 (Conv1d)
Pruning (with mask) resblocks.11.convs2.0 (Conv1d): out_channels=32, dim=0, amount=0.0
Done pruning (with mask) resblocks.11.convs2.0 (Conv1d)
Pruning (with mask) resblocks.11.convs2.1 (Conv1d): out_channels=32, dim=0, amount=0.0
Done pruning (with mask) resblocks.11.convs2.1 (Conv1d)
Pruning (with mask) resblocks.11.convs2.2 (Conv1d): out_channels=32, dim=0, amount=0.0
Done pruning (with mask) resblocks.11.convs2.2 (Conv1d)
Removing pruning masks from masked checkpoint before inference...
Removed pruning masks from 72 modules
Saving checkpoint to /home/hpc/vlbi/vlbi107v/hifi-gan/cp_hifigan/v1_c512_ft30/compressed_checkpoint
Complete.
Saved compressed checkpoint: /home/hpc/vlbi/vlbi107v/hifi-gan/cp_hifigan/v1_c512_ft30/compressed_checkpoint (53.175 MB)
Compressed checkpoint parameters: 13,926,017
Clean mask-free checkpoint saved: /home/hpc/vlbi/vlbi107v/hifi-gan/cp_hifigan/v1_c512_ft30/compressed_checkpoint (53.175 MB)
Loaded checkpoint: /home/hpc/vlbi/vlbi107v/hifi-gan/cp_hifigan/v1_c512_ft30/g_00265000 (95.035 MB)
Generator parameters: 13,926,017
generated_audios/generated_H3_512C_pruned30/1089-134686-0000_generated.wav | RTF: 0.3311(3.455s / 10.435s) | Generator RTF: 0.3272(3.415s / 10.435s)
generated_audios/generated_H3_512C_pruned30/1089-134686-0001_generated.wav | RTF: 0.2771(0.908s / 3.275s) | Generator RTF: 0.2759(0.904s / 3.275s)
generated_audios/generated_H3_512C_pruned30/1089-134686-0002_generated.wav | RTF: 0.2797(1.853s / 6.625s) | Generator RTF: 0.2791(1.849s / 6.625s)
generated_audios/generated_H3_512C_pruned30/1089-134686-0003_generated.wav | RTF: 0.2932(0.786s / 2.680s) | Generator RTF: 0.2917(0.782s / 2.680s)
generated_audios/generated_H3_512C_pruned30/1089-134686-0004_generated.wav | RTF: 0.2907(1.516s / 5.215s) | Generator RTF: 0.2901(1.513s / 5.215s)
generated_audios/generated_H3_512C_pruned30/1089-134686-0005_generated.wav | RTF: 0.3115(3.001s / 9.635s) | Generator RTF: 0.3111(2.997s / 9.635s)
generated_audios/generated_H3_512C_pruned30/1089-134686-0006_generated.wav | RTF: 0.3154(3.330s / 10.555s) | Generator RTF: 0.3150(3.325s / 10.555s)
generated_audios/generated_H3_512C_pruned30/1089-134686-0007_generated.wav | RTF: 0.2881(1.232s / 4.275s) | Generator RTF: 0.2873(1.228s / 4.275s)
generated_audios/generated_H3_512C_pruned30/1089-134686-0008_generated.wav | RTF: 0.2782(1.872s / 6.730s) | Generator RTF: 0.2776(1.868s / 6.730s)
generated_audios/generated_H3_512C_pruned30/1089-134686-0009_generated.wav | RTF: 0.3287(3.476s / 10.575s) | Generator RTF: 0.3283(3.472s / 10.575s)
generated_audios/generated_H3_512C_pruned30/1089-134686-0010_generated.wav | RTF: 0.2801(1.234s / 4.405s) | Generator RTF: 0.2793(1.230s / 4.405s)
generated_audios/generated_H3_512C_pruned30/1089-134686-0011_generated.wav | RTF: 0.3984(4.957s / 12.445s) | Generator RTF: 0.3980(4.953s / 12.445s)
generated_audios/generated_H3_512C_pruned30/1089-134686-0012_generated.wav | RTF: 0.3336(3.884s / 11.640s) | Generator RTF: 0.3332(3.879s / 11.640s)
generated_audios/generated_H3_512C_pruned30/1089-134686-0013_generated.wav | RTF: 0.2852(2.257s / 7.915s) | Generator RTF: 0.2847(2.253s / 7.915s)
generated_audios/generated_H3_512C_pruned30/1089-134686-0014_generated.wav | RTF: 0.2973(0.662s / 2.225s) | Generator RTF: 0.2959(0.658s / 2.225s)
generated_audios/generated_H3_512C_pruned30/1089-134686-0015_generated.wav | RTF: 0.2825(1.643s / 5.815s) | Generator RTF: 0.2819(1.639s / 5.815s)
generated_audios/generated_H3_512C_pruned30/1089-134686-0016_generated.wav | RTF: 0.2899(1.026s / 3.540s) | Generator RTF: 0.2890(1.023s / 3.540s)
generated_audios/generated_H3_512C_pruned30/1089-134686-0017_generated.wav | RTF: 0.3036(2.693s / 8.870s) | Generator RTF: 0.3032(2.689s / 8.870s)
generated_audios/generated_H3_512C_pruned30/1089-134686-0018_generated.wav | RTF: 0.4109(6.460s / 15.720s) | Generator RTF: 0.4106(6.455s / 15.720s)
generated_audios/generated_H3_512C_pruned30/1089-134686-0019_generated.wav | RTF: 0.4073(5.659s / 13.895s) | Generator RTF: 0.4069(5.654s / 13.895s)
generated_audios/generated_H3_512C_pruned30/1089-134686-0020_generated.wav | RTF: 0.4149(6.966s / 16.790s) | Generator RTF: 0.4146(6.962s / 16.790s)
generated_audios/generated_H3_512C_pruned30/1089-134686-0021_generated.wav | RTF: 0.2949(1.931s / 6.550s) | Generator RTF: 0.2943(1.927s / 6.550s)
generated_audios/generated_H3_512C_pruned30/1089-134686-0022_generated.wav | RTF: 0.3028(3.384s / 11.175s) | Generator RTF: 0.3025(3.380s / 11.175s)
generated_audios/generated_H3_512C_pruned30/1089-134686-0023_generated.wav | RTF: 0.3731(4.953s / 13.275s) | Generator RTF: 0.3727(4.948s / 13.275s)
generated_audios/generated_H3_512C_pruned30/1089-134686-0024_generated.wav | RTF: 0.3366(3.923s / 11.655s) | Generator RTF: 0.3363(3.919s / 11.655s)
generated_audios/generated_H3_512C_pruned30/1089-134686-0025_generated.wav | RTF: 0.2856(1.888s / 6.610s) | Generator RTF: 0.2851(1.884s / 6.610s)
generated_audios/generated_H3_512C_pruned30/1089-134686-0026_generated.wav | RTF: 0.2794(1.121s / 4.010s) | Generator RTF: 0.2786(1.117s / 4.010s)
generated_audios/generated_H3_512C_pruned30/1089-134686-0027_generated.wav | RTF: 0.2878(0.780s / 2.710s) | Generator RTF: 0.2866(0.777s / 2.710s)
generated_audios/generated_H3_512C_pruned30/1089-134686-0028_generated.wav | RTF: 0.3171(2.483s / 7.830s) | Generator RTF: 0.3166(2.479s / 7.830s)
generated_audios/generated_H3_512C_pruned30/1089-134686-0029_generated.wav | RTF: 0.2723(1.272s / 4.670s) | Generator RTF: 0.2715(1.268s / 4.670s)
generated_audios/generated_H3_512C_pruned30/1089-134686-0030_generated.wav | RTF: 0.1774(0.482s / 2.715s) | Generator RTF: 0.1763(0.479s / 2.715s)
generated_audios/generated_H3_512C_pruned30/1089-134686-0031_generated.wav | RTF: 0.1848(1.222s / 6.615s) | Generator RTF: 0.1842(1.218s / 6.615s)
generated_audios/generated_H3_512C_pruned30/121-121726-0000_generated.wav | RTF: 0.3198(2.706s / 8.460s) | Generator RTF: 0.3194(2.702s / 8.460s)
generated_audios/generated_H3_512C_pruned30/121-121726-0001_generated.wav | RTF: 0.2868(1.699s / 5.925s) | Generator RTF: 0.2861(1.695s / 5.925s)
generated_audios/generated_H3_512C_pruned30/121-121726-0002_generated.wav | RTF: 0.1803(0.795s / 4.410s) | Generator RTF: 0.1795(0.792s / 4.410s)
generated_audios/generated_H3_512C_pruned30/121-121726-0003_generated.wav | RTF: 0.3035(2.050s / 6.755s) | Generator RTF: 0.3030(2.047s / 6.755s)
generated_audios/generated_H3_512C_pruned30/121-121726-0004_generated.wav | RTF: 0.2947(1.185s / 4.020s) | Generator RTF: 0.2939(1.181s / 4.020s)
generated_audios/generated_H3_512C_pruned30/121-121726-0005_generated.wav | RTF: 0.2883(0.894s / 3.100s) | Generator RTF: 0.2872(0.890s / 3.100s)
generated_audios/generated_H3_512C_pruned30/121-121726-0006_generated.wav | RTF: 0.2853(1.111s / 3.895s) | Generator RTF: 0.2844(1.108s / 3.895s)
generated_audios/generated_H3_512C_pruned30/121-121726-0007_generated.wav | RTF: 0.1966(1.323s / 6.730s) | Generator RTF: 0.1962(1.320s / 6.730s)
generated_audios/generated_H3_512C_pruned30/121-121726-0008_generated.wav | RTF: 0.2806(1.400s / 4.990s) | Generator RTF: 0.2799(1.397s / 4.990s)
generated_audios/generated_H3_512C_pruned30/121-121726-0009_generated.wav | RTF: 0.2952(2.143s / 7.260s) | Generator RTF: 0.2947(2.139s / 7.260s)
generated_audios/generated_H3_512C_pruned30/121-121726-0010_generated.wav | RTF: 0.3032(2.975s / 9.810s) | Generator RTF: 0.3028(2.971s / 9.810s)
generated_audios/generated_H3_512C_pruned30/121-121726-0011_generated.wav | RTF: 0.2929(1.182s / 4.035s) | Generator RTF: 0.2922(1.179s / 4.035s)
generated_audios/generated_H3_512C_pruned30/121-121726-0012_generated.wav | RTF: 0.2835(1.147s / 4.045s) | Generator RTF: 0.2828(1.144s / 4.045s)
generated_audios/generated_H3_512C_pruned30/121-121726-0013_generated.wav | RTF: 0.2941(0.732s / 2.490s) | Generator RTF: 0.2929(0.729s / 2.490s)
generated_audios/generated_H3_512C_pruned30/121-121726-0014_generated.wav | RTF: 0.2810(0.889s / 3.165s) | Generator RTF: 0.2801(0.887s / 3.165s)
generated_audios/generated_H3_512C_pruned30/121-123852-0000_generated.wav | RTF: 0.4187(7.409s / 17.695s) | Generator RTF: 0.4184(7.404s / 17.695s)
generated_audios/generated_H3_512C_pruned30/121-123852-0001_generated.wav | RTF: 0.2920(0.546s / 1.870s) | Generator RTF: 0.2903(0.543s / 1.870s)
generated_audios/generated_H3_512C_pruned30/121-123852-0002_generated.wav | RTF: 0.4296(7.426s / 17.285s) | Generator RTF: 0.4294(7.421s / 17.285s)
generated_audios/generated_H3_512C_pruned30/121-123852-0003_generated.wav | RTF: 0.4407(10.359s / 23.505s) | Generator RTF: 0.4404(10.353s / 23.505s)
generated_audios/generated_H3_512C_pruned30/121-123852-0004_generated.wav | RTF: 0.4277(6.967s / 16.290s) | Generator RTF: 0.4274(6.962s / 16.290s)
generated_audios/generated_H3_512C_pruned30/121-123859-0000_generated.wav | RTF: 0.4209(7.319s / 17.390s) | Generator RTF: 0.4205(7.313s / 17.390s)
generated_audios/generated_H3_512C_pruned30/121-123859-0001_generated.wav | RTF: 0.4292(10.899s / 25.395s) | Generator RTF: 0.4289(10.893s / 25.395s)
generated_audios/generated_H3_512C_pruned30/121-123859-0002_generated.wav | RTF: 0.4132(12.414s / 30.040s) | Generator RTF: 0.4130(12.407s / 30.040s)
generated_audios/generated_H3_512C_pruned30/121-123859-0003_generated.wav | RTF: 0.3108(3.365s / 10.825s) | Generator RTF: 0.3105(3.361s / 10.825s)
generated_audios/generated_H3_512C_pruned30/121-123859-0004_generated.wav | RTF: 0.2996(2.847s / 9.505s) | Generator RTF: 0.2991(2.843s / 9.505s)
generated_audios/generated_H3_512C_pruned30/121-127105-0000_generated.wav | RTF: 0.3087(3.048s / 9.875s) | Generator RTF: 0.3082(3.044s / 9.875s)
generated_audios/generated_H3_512C_pruned30/121-127105-0001_generated.wav | RTF: 0.2762(1.388s / 5.025s) | Generator RTF: 0.2755(1.385s / 5.025s)
generated_audios/generated_H3_512C_pruned30/121-127105-0002_generated.wav | RTF: 0.2891(2.167s / 7.495s) | Generator RTF: 0.2886(2.163s / 7.495s)
generated_audios/generated_H3_512C_pruned30/121-127105-0003_generated.wav | RTF: 0.2935(2.267s / 7.725s) | Generator RTF: 0.2931(2.264s / 7.725s)
generated_audios/generated_H3_512C_pruned30/121-127105-0004_generated.wav | RTF: 0.2927(0.618s / 2.110s) | Generator RTF: 0.2910(0.614s / 2.110s)
generated_audios/generated_H3_512C_pruned30/121-127105-0005_generated.wav | RTF: 0.2884(1.679s / 5.820s) | Generator RTF: 0.2878(1.675s / 5.820s)
generated_audios/generated_H3_512C_pruned30/121-127105-0006_generated.wav | RTF: 0.2901(1.371s / 4.725s) | Generator RTF: 0.2893(1.367s / 4.725s)
generated_audios/generated_H3_512C_pruned30/121-127105-0007_generated.wav | RTF: 0.2834(1.641s / 5.790s) | Generator RTF: 0.2827(1.637s / 5.790s)
generated_audios/generated_H3_512C_pruned30/121-127105-0008_generated.wav | RTF: 0.2812(0.776s / 2.760s) | Generator RTF: 0.2805(0.774s / 2.760s)
generated_audios/generated_H3_512C_pruned30/121-127105-0009_generated.wav | RTF: 0.3013(0.690s / 2.290s) | Generator RTF: 0.2999(0.687s / 2.290s)
generated_audios/generated_H3_512C_pruned30/121-127105-0010_generated.wav | RTF: 0.2874(0.819s / 2.850s) | Generator RTF: 0.2862(0.816s / 2.850s)
generated_audios/generated_H3_512C_pruned30/121-127105-0011_generated.wav | RTF: 0.2945(1.702s / 5.780s) | Generator RTF: 0.2939(1.699s / 5.780s)
generated_audios/generated_H3_512C_pruned30/121-127105-0012_generated.wav | RTF: 0.2859(1.381s / 4.830s) | Generator RTF: 0.2852(1.377s / 4.830s)
generated_audios/generated_H3_512C_pruned30/121-127105-0013_generated.wav | RTF: 0.2881(1.699s / 5.895s) | Generator RTF: 0.2876(1.695s / 5.895s)
generated_audios/generated_H3_512C_pruned30/121-127105-0014_generated.wav | RTF: 0.2842(0.641s / 2.255s) | Generator RTF: 0.2828(0.638s / 2.255s)
generated_audios/generated_H3_512C_pruned30/121-127105-0015_generated.wav | RTF: 0.2885(0.854s / 2.960s) | Generator RTF: 0.2873(0.851s / 2.960s)
generated_audios/generated_H3_512C_pruned30/121-127105-0016_generated.wav | RTF: 0.2751(0.559s / 2.030s) | Generator RTF: 0.2736(0.555s / 2.030s)
generated_audios/generated_H3_512C_pruned30/121-127105-0017_generated.wav | RTF: 0.2847(0.767s / 2.695s) | Generator RTF: 0.2834(0.764s / 2.695s)
generated_audios/generated_H3_512C_pruned30/121-127105-0018_generated.wav | RTF: 0.2895(0.802s / 2.770s) | Generator RTF: 0.2883(0.799s / 2.770s)
generated_audios/generated_H3_512C_pruned30/121-127105-0019_generated.wav | RTF: 0.2785(0.982s / 3.525s) | Generator RTF: 0.2777(0.979s / 3.525s)
generated_audios/generated_H3_512C_pruned30/121-127105-0020_generated.wav | RTF: 0.4084(5.862s / 14.355s) | Generator RTF: 0.4081(5.858s / 14.355s)
generated_audios/generated_H3_512C_pruned30/121-127105-0021_generated.wav | RTF: 0.2929(0.586s / 2.000s) | Generator RTF: 0.2914(0.583s / 2.000s)
generated_audios/generated_H3_512C_pruned30/121-127105-0022_generated.wav | RTF: 0.2996(1.521s / 5.075s) | Generator RTF: 0.2989(1.517s / 5.075s)
generated_audios/generated_H3_512C_pruned30/121-127105-0023_generated.wav | RTF: 0.3085(3.365s / 10.910s) | Generator RTF: 0.3081(3.361s / 10.910s)
generated_audios/generated_H3_512C_pruned30/121-127105-0024_generated.wav | RTF: 0.4068(5.878s / 14.450s) | Generator RTF: 0.4065(5.873s / 14.450s)
generated_audios/generated_H3_512C_pruned30/121-127105-0025_generated.wav | RTF: 0.4090(6.571s / 16.065s) | Generator RTF: 0.4087(6.566s / 16.065s)
generated_audios/generated_H3_512C_pruned30/121-127105-0026_generated.wav | RTF: 0.2896(2.180s / 7.530s) | Generator RTF: 0.2891(2.177s / 7.530s)
generated_audios/generated_H3_512C_pruned30/121-127105-0027_generated.wav | RTF: 0.4150(5.756s / 13.870s) | Generator RTF: 0.4146(5.751s / 13.870s)
generated_audios/generated_H3_512C_pruned30/121-127105-0028_generated.wav | RTF: 0.1969(1.329s / 6.750s) | Generator RTF: 0.1963(1.325s / 6.750s)
generated_audios/generated_H3_512C_pruned30/121-127105-0029_generated.wav | RTF: 0.2929(2.141s / 7.310s) | Generator RTF: 0.2924(2.137s / 7.310s)
generated_audios/generated_H3_512C_pruned30/121-127105-0030_generated.wav | RTF: 0.2915(0.634s / 2.175s) | Generator RTF: 0.2899(0.631s / 2.175s)
generated_audios/generated_H3_512C_pruned30/121-127105-0031_generated.wav | RTF: 0.3024(3.255s / 10.765s) | Generator RTF: 0.3020(3.251s / 10.765s)
generated_audios/generated_H3_512C_pruned30/121-127105-0032_generated.wav | RTF: 0.2765(0.877s / 3.170s) | Generator RTF: 0.2755(0.873s / 3.170s)
generated_audios/generated_H3_512C_pruned30/121-127105-0033_generated.wav | RTF: 0.2901(0.683s / 2.355s) | Generator RTF: 0.2887(0.680s / 2.355s)
generated_audios/generated_H3_512C_pruned30/121-127105-0034_generated.wav | RTF: 0.2889(2.141s / 7.410s) | Generator RTF: 0.2884(2.137s / 7.410s)
generated_audios/generated_H3_512C_pruned30/121-127105-0035_generated.wav | RTF: 0.4086(5.781s / 14.150s) | Generator RTF: 0.4083(5.777s / 14.150s)
generated_audios/generated_H3_512C_pruned30/121-127105-0036_generated.wav | RTF: 0.2779(1.153s / 4.150s) | Generator RTF: 0.2770(1.150s / 4.150s)
generated_audios/generated_H3_512C_pruned30/237-126133-0000_generated.wav | RTF: 0.4164(5.534s / 13.290s) | Generator RTF: 0.4161(5.530s / 13.290s)
generated_audios/generated_H3_512C_pruned30/237-126133-0001_generated.wav | RTF: 0.4108(4.915s / 11.965s) | Generator RTF: 0.4104(4.911s / 11.965s)
generated_audios/generated_H3_512C_pruned30/237-126133-0002_generated.wav | RTF: 0.2978(2.657s / 8.920s) | Generator RTF: 0.2974(2.652s / 8.920s)
generated_audios/generated_H3_512C_pruned30/237-126133-0003_generated.wav | RTF: 0.2947(1.933s / 6.560s) | Generator RTF: 0.2942(1.930s / 6.560s)
generated_audios/generated_H3_512C_pruned30/237-126133-0004_generated.wav | RTF: 0.2788(0.919s / 3.295s) | Generator RTF: 0.2778(0.915s / 3.295s)
generated_audios/generated_H3_512C_pruned30/237-126133-0005_generated.wav | RTF: 0.2952(1.922s / 6.510s) | Generator RTF: 0.2946(1.918s / 6.510s)
generated_audios/generated_H3_512C_pruned30/237-126133-0006_generated.wav | RTF: 0.2939(1.808s / 6.150s) | Generator RTF: 0.2933(1.804s / 6.150s)
generated_audios/generated_H3_512C_pruned30/237-126133-0007_generated.wav | RTF: 0.2998(2.602s / 8.680s) | Generator RTF: 0.2994(2.599s / 8.680s)
generated_audios/generated_H3_512C_pruned30/237-126133-0008_generated.wav | RTF: 0.2892(1.118s / 3.865s) | Generator RTF: 0.2883(1.114s / 3.865s)
generated_audios/generated_H3_512C_pruned30/237-126133-0009_generated.wav | RTF: 0.2978(1.182s / 3.970s) | Generator RTF: 0.2970(1.179s / 3.970s)
generated_audios/generated_H3_512C_pruned30/237-126133-0010_generated.wav | RTF: 0.2895(1.806s / 6.240s) | Generator RTF: 0.2890(1.803s / 6.240s)
generated_audios/generated_H3_512C_pruned30/237-126133-0011_generated.wav | RTF: 0.2922(1.961s / 6.710s) | Generator RTF: 0.2917(1.957s / 6.710s)
generated_audios/generated_H3_512C_pruned30/237-126133-0012_generated.wav | RTF: 0.2920(1.299s / 4.450s) | Generator RTF: 0.2912(1.296s / 4.450s)
generated_audios/generated_H3_512C_pruned30/237-126133-0013_generated.wav | RTF: 0.2976(2.028s / 6.815s) | Generator RTF: 0.2971(2.024s / 6.815s)
generated_audios/generated_H3_512C_pruned30/237-126133-0014_generated.wav | RTF: 0.2943(1.998s / 6.790s) | Generator RTF: 0.2938(1.995s / 6.790s)
generated_audios/generated_H3_512C_pruned30/237-126133-0015_generated.wav | RTF: 0.2833(2.646s / 9.340s) | Generator RTF: 0.2829(2.642s / 9.340s)
generated_audios/generated_H3_512C_pruned30/237-126133-0016_generated.wav | RTF: 0.2700(1.148s / 4.250s) | Generator RTF: 0.2692(1.144s / 4.250s)
generated_audios/generated_H3_512C_pruned30/237-126133-0017_generated.wav | RTF: 0.2891(1.795s / 6.210s) | Generator RTF: 0.2885(1.792s / 6.210s)
generated_audios/generated_H3_512C_pruned30/237-126133-0018_generated.wav | RTF: 0.2833(1.160s / 4.095s) | Generator RTF: 0.2825(1.157s / 4.095s)
generated_audios/generated_H3_512C_pruned30/237-126133-0019_generated.wav | RTF: 0.2921(2.080s / 7.120s) | Generator RTF: 0.2916(2.076s / 7.120s)
generated_audios/generated_H3_512C_pruned30/237-126133-0020_generated.wav | RTF: 0.2719(0.609s / 2.240s) | Generator RTF: 0.2706(0.606s / 2.240s)
generated_audios/generated_H3_512C_pruned30/237-126133-0021_generated.wav | RTF: 0.3005(1.311s / 4.365s) | Generator RTF: 0.2997(1.308s / 4.365s)
generated_audios/generated_H3_512C_pruned30/237-126133-0022_generated.wav | RTF: 0.2897(1.460s / 5.040s) | Generator RTF: 0.2891(1.457s / 5.040s)
generated_audios/generated_H3_512C_pruned30/237-126133-0023_generated.wav | RTF: 0.3002(2.004s / 6.675s) | Generator RTF: 0.2997(2.000s / 6.675s)
generated_audios/generated_H3_512C_pruned30/237-126133-0024_generated.wav | RTF: 0.3075(2.972s / 9.665s) | Generator RTF: 0.3071(2.968s / 9.665s)
generated_audios/generated_H3_512C_pruned30/237-126133-0025_generated.wav | RTF: 0.2850(1.070s / 3.755s) | Generator RTF: 0.2842(1.067s / 3.755s)
generated_audios/generated_H3_512C_pruned30/237-134493-0000_generated.wav | RTF: 0.2925(1.201s / 4.105s) | Generator RTF: 0.2917(1.198s / 4.105s)
generated_audios/generated_H3_512C_pruned30/237-134493-0001_generated.wav | RTF: 0.2929(2.162s / 7.380s) | Generator RTF: 0.2924(2.158s / 7.380s)
generated_audios/generated_H3_512C_pruned30/237-134493-0002_generated.wav | RTF: 0.2947(3.358s / 11.395s) | Generator RTF: 0.2943(3.354s / 11.395s)
generated_audios/generated_H3_512C_pruned30/237-134493-0003_generated.wav | RTF: 0.4097(5.230s / 12.765s) | Generator RTF: 0.4094(5.226s / 12.765s)
generated_audios/generated_H3_512C_pruned30/237-134493-0004_generated.wav | RTF: 0.2909(1.985s / 6.825s) | Generator RTF: 0.2904(1.982s / 6.825s)
generated_audios/generated_H3_512C_pruned30/237-134493-0005_generated.wav | RTF: 0.3001(3.284s / 10.945s) | Generator RTF: 0.2997(3.280s / 10.945s)
generated_audios/generated_H3_512C_pruned30/237-134493-0006_generated.wav | RTF: 0.2897(1.273s / 4.395s) | Generator RTF: 0.2890(1.270s / 4.395s)
generated_audios/generated_H3_512C_pruned30/237-134493-0007_generated.wav | RTF: 0.2845(0.579s / 2.035s) | Generator RTF: 0.2829(0.576s / 2.035s)
generated_audios/generated_H3_512C_pruned30/237-134493-0008_generated.wav | RTF: 0.2808(0.647s / 2.305s) | Generator RTF: 0.2800(0.645s / 2.305s)
generated_audios/generated_H3_512C_pruned30/237-134493-0009_generated.wav | RTF: 0.2852(0.848s / 2.975s) | Generator RTF: 0.2841(0.845s / 2.975s)
generated_audios/generated_H3_512C_pruned30/237-134493-0010_generated.wav | RTF: 0.2866(0.824s / 2.875s) | Generator RTF: 0.2855(0.821s / 2.875s)
generated_audios/generated_H3_512C_pruned30/237-134493-0011_generated.wav | RTF: 0.2860(1.440s / 5.035s) | Generator RTF: 0.2853(1.437s / 5.035s)
generated_audios/generated_H3_512C_pruned30/237-134493-0012_generated.wav | RTF: 0.2740(1.003s / 3.660s) | Generator RTF: 0.2731(1.000s / 3.660s)
generated_audios/generated_H3_512C_pruned30/237-134493-0013_generated.wav | RTF: 0.1895(0.775s / 4.090s) | Generator RTF: 0.1886(0.772s / 4.090s)
generated_audios/generated_H3_512C_pruned30/237-134493-0014_generated.wav | RTF: 0.2753(1.019s / 3.700s) | Generator RTF: 0.2744(1.015s / 3.700s)
generated_audios/generated_H3_512C_pruned30/237-134493-0015_generated.wav | RTF: 0.1920(1.258s / 6.550s) | Generator RTF: 0.1914(1.254s / 6.550s)
generated_audios/generated_H3_512C_pruned30/237-134493-0016_generated.wav | RTF: 0.3070(3.096s / 10.085s) | Generator RTF: 0.3065(3.091s / 10.085s)
generated_audios/generated_H3_512C_pruned30/237-134493-0017_generated.wav | RTF: 0.3061(2.787s / 9.105s) | Generator RTF: 0.3041(2.769s / 9.105s)
generated_audios/generated_H3_512C_pruned30/237-134493-0018_generated.wav | RTF: 0.2893(1.386s / 4.790s) | Generator RTF: 0.2885(1.382s / 4.790s)
generated_audios/generated_H3_512C_pruned30/237-134500-0000_generated.wav | RTF: 0.2931(1.797s / 6.130s) | Generator RTF: 0.2926(1.793s / 6.130s)
generated_audios/generated_H3_512C_pruned30/237-134500-0001_generated.wav | RTF: 0.2875(0.520s / 1.810s) | Generator RTF: 0.2857(0.517s / 1.810s)
generated_audios/generated_H3_512C_pruned30/237-134500-0002_generated.wav | RTF: 0.2858(1.449s / 5.070s) | Generator RTF: 0.2851(1.446s / 5.070s)
generated_audios/generated_H3_512C_pruned30/237-134500-0003_generated.wav | RTF: 0.1851(0.587s / 3.170s) | Generator RTF: 0.1841(0.584s / 3.170s)
generated_audios/generated_H3_512C_pruned30/237-134500-0004_generated.wav | RTF: 0.1843(0.410s / 2.225s) | Generator RTF: 0.1830(0.407s / 2.225s)
generated_audios/generated_H3_512C_pruned30/237-134500-0005_generated.wav | RTF: 0.2852(0.682s / 2.390s) | Generator RTF: 0.2839(0.679s / 2.390s)
generated_audios/generated_H3_512C_pruned30/237-134500-0006_generated.wav | RTF: 0.2747(1.161s / 4.225s) | Generator RTF: 0.2738(1.157s / 4.225s)
generated_audios/generated_H3_512C_pruned30/237-134500-0007_generated.wav | RTF: 0.1795(0.429s / 2.390s) | Generator RTF: 0.1781(0.426s / 2.390s)
generated_audios/generated_H3_512C_pruned30/237-134500-0008_generated.wav | RTF: 0.1786(0.671s / 3.760s) | Generator RTF: 0.1777(0.668s / 3.760s)
generated_audios/generated_H3_512C_pruned30/237-134500-0009_generated.wav | RTF: 0.1756(0.390s / 2.220s) | Generator RTF: 0.1743(0.387s / 2.220s)
generated_audios/generated_H3_512C_pruned30/237-134500-0010_generated.wav | RTF: 0.2827(1.129s / 3.995s) | Generator RTF: 0.2818(1.126s / 3.995s)
generated_audios/generated_H3_512C_pruned30/237-134500-0011_generated.wav | RTF: 0.2710(0.908s / 3.350s) | Generator RTF: 0.2701(0.905s / 3.350s)
generated_audios/generated_H3_512C_pruned30/237-134500-0012_generated.wav | RTF: 0.2975(3.253s / 10.935s) | Generator RTF: 0.2971(3.249s / 10.935s)
generated_audios/generated_H3_512C_pruned30/237-134500-0013_generated.wav | RTF: 0.2038(2.152s / 10.560s) | Generator RTF: 0.2034(2.148s / 10.560s)
generated_audios/generated_H3_512C_pruned30/237-134500-0014_generated.wav | RTF: 0.1897(0.806s / 4.250s) | Generator RTF: 0.1889(0.803s / 4.250s)
generated_audios/generated_H3_512C_pruned30/237-134500-0015_generated.wav | RTF: 0.3015(3.260s / 10.815s) | Generator RTF: 0.3011(3.256s / 10.815s)
generated_audios/generated_H3_512C_pruned30/237-134500-0016_generated.wav | RTF: 0.1807(0.571s / 3.160s) | Generator RTF: 0.1799(0.568s / 3.160s)
generated_audios/generated_H3_512C_pruned30/237-134500-0017_generated.wav | RTF: 0.1835(0.400s / 2.180s) | Generator RTF: 0.1820(0.397s / 2.180s)
generated_audios/generated_H3_512C_pruned30/237-134500-0018_generated.wav | RTF: 0.4034(5.182s / 12.845s) | Generator RTF: 0.4031(5.177s / 12.845s)
generated_audios/generated_H3_512C_pruned30/237-134500-0019_generated.wav | RTF: 0.2736(0.783s / 2.860s) | Generator RTF: 0.2724(0.779s / 2.860s)
generated_audios/generated_H3_512C_pruned30/237-134500-0020_generated.wav | RTF: 0.1724(0.376s / 2.180s) | Generator RTF: 0.1709(0.373s / 2.180s)
generated_audios/generated_H3_512C_pruned30/237-134500-0021_generated.wav | RTF: 0.2723(1.394s / 5.120s) | Generator RTF: 0.2716(1.390s / 5.120s)
generated_audios/generated_H3_512C_pruned30/237-134500-0022_generated.wav | RTF: 0.2740(1.415s / 5.165s) | Generator RTF: 0.2733(1.412s / 5.165s)
generated_audios/generated_H3_512C_pruned30/237-134500-0023_generated.wav | RTF: 0.2848(0.872s / 3.060s) | Generator RTF: 0.2837(0.868s / 3.060s)
generated_audios/generated_H3_512C_pruned30/237-134500-0024_generated.wav | RTF: 0.1804(0.796s / 4.410s) | Generator RTF: 0.1795(0.792s / 4.410s)
generated_audios/generated_H3_512C_pruned30/237-134500-0025_generated.wav | RTF: 0.3003(0.489s / 1.630s) | Generator RTF: 0.2983(0.486s / 1.630s)
generated_audios/generated_H3_512C_pruned30/237-134500-0026_generated.wav | RTF: 0.2866(0.874s / 3.050s) | Generator RTF: 0.2856(0.871s / 3.050s)
generated_audios/generated_H3_512C_pruned30/237-134500-0027_generated.wav | RTF: 0.2810(0.919s / 3.270s) | Generator RTF: 0.2800(0.916s / 3.270s)
generated_audios/generated_H3_512C_pruned30/237-134500-0028_generated.wav | RTF: 0.2927(1.325s / 4.525s) | Generator RTF: 0.2920(1.321s / 4.525s)
generated_audios/generated_H3_512C_pruned30/237-134500-0029_generated.wav | RTF: 0.2756(0.569s / 2.065s) | Generator RTF: 0.2741(0.566s / 2.065s)
generated_audios/generated_H3_512C_pruned30/237-134500-0030_generated.wav | RTF: 0.2848(0.792s / 2.780s) | Generator RTF: 0.2836(0.788s / 2.780s)
generated_audios/generated_H3_512C_pruned30/237-134500-0031_generated.wav | RTF: 0.3013(3.196s / 10.610s) | Generator RTF: 0.3009(3.192s / 10.610s)
generated_audios/generated_H3_512C_pruned30/237-134500-0032_generated.wav | RTF: 0.1933(0.971s / 5.025s) | Generator RTF: 0.1926(0.968s / 5.025s)
generated_audios/generated_H3_512C_pruned30/237-134500-0033_generated.wav | RTF: 0.2894(1.838s / 6.350s) | Generator RTF: 0.2889(1.834s / 6.350s)
generated_audios/generated_H3_512C_pruned30/237-134500-0034_generated.wav | RTF: 0.2912(0.895s / 3.075s) | Generator RTF: 0.2901(0.892s / 3.075s)
generated_audios/generated_H3_512C_pruned30/237-134500-0035_generated.wav | RTF: 0.2940(0.751s / 2.555s) | Generator RTF: 0.2927(0.748s / 2.555s)
generated_audios/generated_H3_512C_pruned30/237-134500-0036_generated.wav | RTF: 0.2946(1.944s / 6.600s) | Generator RTF: 0.2940(1.940s / 6.600s)
generated_audios/generated_H3_512C_pruned30/237-134500-0037_generated.wav | RTF: 0.2983(2.119s / 7.105s) | Generator RTF: 0.2977(2.115s / 7.105s)
generated_audios/generated_H3_512C_pruned30/237-134500-0038_generated.wav | RTF: 0.2877(0.701s / 2.435s) | Generator RTF: 0.2864(0.697s / 2.435s)
generated_audios/generated_H3_512C_pruned30/237-134500-0039_generated.wav | RTF: 0.2860(1.324s / 4.630s) | Generator RTF: 0.2852(1.321s / 4.630s)
generated_audios/generated_H3_512C_pruned30/237-134500-0040_generated.wav | RTF: 0.1904(0.767s / 4.030s) | Generator RTF: 0.1896(0.764s / 4.030s)
generated_audios/generated_H3_512C_pruned30/237-134500-0041_generated.wav | RTF: 0.1978(1.765s / 8.920s) | Generator RTF: 0.1974(1.761s / 8.920s)
generated_audios/generated_H3_512C_pruned30/237-134500-0042_generated.wav | RTF: 0.2915(0.751s / 2.575s) | Generator RTF: 0.2903(0.748s / 2.575s)
generated_audios/generated_H3_512C_pruned30/260-123286-0000_generated.wav | RTF: 0.2862(2.015s / 7.040s) | Generator RTF: 0.2857(2.011s / 7.040s)
generated_audios/generated_H3_512C_pruned30/260-123286-0001_generated.wav | RTF: 0.1897(0.582s / 3.070s) | Generator RTF: 0.1886(0.579s / 3.070s)
generated_audios/generated_H3_512C_pruned30/260-123286-0002_generated.wav | RTF: 0.3147(3.142s / 9.985s) | Generator RTF: 0.3142(3.138s / 9.985s)
generated_audios/generated_H3_512C_pruned30/260-123286-0003_generated.wav | RTF: 0.2922(2.153s / 7.370s) | Generator RTF: 0.2917(2.150s / 7.370s)
generated_audios/generated_H3_512C_pruned30/260-123286-0004_generated.wav | RTF: 0.2883(0.999s / 3.465s) | Generator RTF: 0.2873(0.996s / 3.465s)
generated_audios/generated_H3_512C_pruned30/260-123286-0005_generated.wav | RTF: 0.2790(1.342s / 4.810s) | Generator RTF: 0.2783(1.339s / 4.810s)
generated_audios/generated_H3_512C_pruned30/260-123286-0006_generated.wav | RTF: 0.2953(2.186s / 7.405s) | Generator RTF: 0.2947(2.183s / 7.405s)
generated_audios/generated_H3_512C_pruned30/260-123286-0007_generated.wav | RTF: 0.2917(1.327s / 4.550s) | Generator RTF: 0.2910(1.324s / 4.550s)
generated_audios/generated_H3_512C_pruned30/260-123286-0008_generated.wav | RTF: 0.2808(1.049s / 3.735s) | Generator RTF: 0.2799(1.045s / 3.735s)
generated_audios/generated_H3_512C_pruned30/260-123286-0009_generated.wav | RTF: 0.2890(1.675s / 5.795s) | Generator RTF: 0.2884(1.671s / 5.795s)
generated_audios/generated_H3_512C_pruned30/260-123286-0010_generated.wav | RTF: 0.1749(0.450s / 2.575s) | Generator RTF: 0.1738(0.447s / 2.575s)
generated_audios/generated_H3_512C_pruned30/260-123286-0011_generated.wav | RTF: 0.1813(0.772s / 4.255s) | Generator RTF: 0.1805(0.768s / 4.255s)
generated_audios/generated_H3_512C_pruned30/260-123286-0012_generated.wav | RTF: 0.1827(0.444s / 2.430s) | Generator RTF: 0.1814(0.441s / 2.430s)
generated_audios/generated_H3_512C_pruned30/260-123286-0013_generated.wav | RTF: 0.2765(1.308s / 4.730s) | Generator RTF: 0.2758(1.305s / 4.730s)
generated_audios/generated_H3_512C_pruned30/260-123286-0014_generated.wav | RTF: 0.1913(0.570s / 2.980s) | Generator RTF: 0.1903(0.567s / 2.980s)
generated_audios/generated_H3_512C_pruned30/260-123286-0015_generated.wav | RTF: 0.2910(1.516s / 5.210s) | Generator RTF: 0.2903(1.513s / 5.210s)
generated_audios/generated_H3_512C_pruned30/260-123286-0016_generated.wav | RTF: 0.2923(2.046s / 7.000s) | Generator RTF: 0.2918(2.042s / 7.000s)
generated_audios/generated_H3_512C_pruned30/260-123286-0017_generated.wav | RTF: 0.2871(1.141s / 3.975s) | Generator RTF: 0.2862(1.138s / 3.975s)
generated_audios/generated_H3_512C_pruned30/260-123286-0018_generated.wav | RTF: 0.2906(1.648s / 5.670s) | Generator RTF: 0.2900(1.644s / 5.670s)
generated_audios/generated_H3_512C_pruned30/260-123286-0019_generated.wav | RTF: 0.3991(4.752s / 11.905s) | Generator RTF: 0.3988(4.748s / 11.905s)
generated_audios/generated_H3_512C_pruned30/260-123286-0020_generated.wav | RTF: 0.1852(0.567s / 3.060s) | Generator RTF: 0.1841(0.563s / 3.060s)
generated_audios/generated_H3_512C_pruned30/260-123286-0021_generated.wav | RTF: 0.2759(0.703s / 2.550s) | Generator RTF: 0.2746(0.700s / 2.550s)
generated_audios/generated_H3_512C_pruned30/260-123286-0022_generated.wav | RTF: 0.2853(0.923s / 3.235s) | Generator RTF: 0.2843(0.920s / 3.235s)
generated_audios/generated_H3_512C_pruned30/260-123286-0023_generated.wav | RTF: 0.2875(1.689s / 5.875s) | Generator RTF: 0.2868(1.685s / 5.875s)
generated_audios/generated_H3_512C_pruned30/260-123286-0024_generated.wav | RTF: 0.2839(0.863s / 3.040s) | Generator RTF: 0.2828(0.860s / 3.040s)
generated_audios/generated_H3_512C_pruned30/260-123286-0025_generated.wav | RTF: 0.2995(2.757s / 9.205s) | Generator RTF: 0.2990(2.752s / 9.205s)
generated_audios/generated_H3_512C_pruned30/260-123286-0026_generated.wav | RTF: 0.2907(2.017s / 6.940s) | Generator RTF: 0.2901(2.013s / 6.940s)
generated_audios/generated_H3_512C_pruned30/260-123286-0027_generated.wav | RTF: 0.2941(2.109s / 7.170s) | Generator RTF: 0.2936(2.105s / 7.170s)
generated_audios/generated_H3_512C_pruned30/260-123286-0028_generated.wav | RTF: 0.2914(2.175s / 7.465s) | Generator RTF: 0.2909(2.171s / 7.465s)
generated_audios/generated_H3_512C_pruned30/260-123286-0029_generated.wav | RTF: 0.2074(0.943s / 4.545s) | Generator RTF: 0.2067(0.940s / 4.545s)
generated_audios/generated_H3_512C_pruned30/260-123286-0030_generated.wav | RTF: 0.1950(1.468s / 7.530s) | Generator RTF: 0.1945(1.465s / 7.530s)
generated_audios/generated_H3_512C_pruned30/260-123286-0031_generated.wav | RTF: 0.2793(1.413s / 5.060s) | Generator RTF: 0.2786(1.409s / 5.060s)
generated_audios/generated_H3_512C_pruned30/260-123288-0000_generated.wav | RTF: 0.1860(0.565s / 3.040s) | Generator RTF: 0.1849(0.562s / 3.040s)
generated_audios/generated_H3_512C_pruned30/260-123288-0001_generated.wav | RTF: 0.1932(0.982s / 5.080s) | Generator RTF: 0.1925(0.978s / 5.080s)
generated_audios/generated_H3_512C_pruned30/260-123288-0002_generated.wav | RTF: 0.2893(2.097s / 7.250s) | Generator RTF: 0.2887(2.093s / 7.250s)
generated_audios/generated_H3_512C_pruned30/260-123288-0003_generated.wav | RTF: 0.3183(2.834s / 8.905s) | Generator RTF: 0.3178(2.830s / 8.905s)
generated_audios/generated_H3_512C_pruned30/260-123288-0004_generated.wav | RTF: 0.2880(1.241s / 4.310s) | Generator RTF: 0.2872(1.238s / 4.310s)
generated_audios/generated_H3_512C_pruned30/260-123288-0005_generated.wav | RTF: 0.4140(5.196s / 12.550s) | Generator RTF: 0.4136(5.191s / 12.550s)
generated_audios/generated_H3_512C_pruned30/260-123288-0006_generated.wav | RTF: 0.2961(1.445s / 4.880s) | Generator RTF: 0.2954(1.442s / 4.880s)
generated_audios/generated_H3_512C_pruned30/260-123288-0007_generated.wav | RTF: 0.2977(3.334s / 11.200s) | Generator RTF: 0.2973(3.330s / 11.200s)
generated_audios/generated_H3_512C_pruned30/260-123288-0008_generated.wav | RTF: 0.2938(1.620s / 5.515s) | Generator RTF: 0.2931(1.616s / 5.515s)
generated_audios/generated_H3_512C_pruned30/260-123288-0009_generated.wav | RTF: 0.2888(0.992s / 3.435s) | Generator RTF: 0.2878(0.988s / 3.435s)
generated_audios/generated_H3_512C_pruned30/260-123288-0010_generated.wav | RTF: 0.1993(1.992s / 9.995s) | Generator RTF: 0.1989(1.988s / 9.995s)
generated_audios/generated_H3_512C_pruned30/260-123288-0011_generated.wav | RTF: 0.3136(2.816s / 8.980s) | Generator RTF: 0.3131(2.811s / 8.980s)
generated_audios/generated_H3_512C_pruned30/260-123288-0012_generated.wav | RTF: 0.2859(1.013s / 3.545s) | Generator RTF: 0.2849(1.010s / 3.545s)
generated_audios/generated_H3_512C_pruned30/260-123288-0013_generated.wav | RTF: 0.3006(3.422s / 11.385s) | Generator RTF: 0.3002(3.418s / 11.385s)
generated_audios/generated_H3_512C_pruned30/260-123288-0014_generated.wav | RTF: 0.1844(0.333s / 1.805s) | Generator RTF: 0.1825(0.330s / 1.805s)
generated_audios/generated_H3_512C_pruned30/260-123288-0015_generated.wav | RTF: 0.4098(8.681s / 21.185s) | Generator RTF: 0.4095(8.675s / 21.185s)
generated_audios/generated_H3_512C_pruned30/260-123288-0016_generated.wav | RTF: 0.2960(1.440s / 4.865s) | Generator RTF: 0.2951(1.436s / 4.865s)
generated_audios/generated_H3_512C_pruned30/260-123288-0017_generated.wav | RTF: 0.2790(1.458s / 5.225s) | Generator RTF: 0.2784(1.454s / 5.225s)
generated_audios/generated_H3_512C_pruned30/260-123288-0018_generated.wav | RTF: 0.2761(0.896s / 3.245s) | Generator RTF: 0.2751(0.893s / 3.245s)
generated_audios/generated_H3_512C_pruned30/260-123288-0019_generated.wav | RTF: 0.1860(0.550s / 2.955s) | Generator RTF: 0.1849(0.546s / 2.955s)
generated_audios/generated_H3_512C_pruned30/260-123288-0020_generated.wav | RTF: 0.2754(0.799s / 2.900s) | Generator RTF: 0.2743(0.795s / 2.900s)
generated_audios/generated_H3_512C_pruned30/260-123288-0021_generated.wav | RTF: 0.1861(0.504s / 2.710s) | Generator RTF: 0.1849(0.501s / 2.710s)
generated_audios/generated_H3_512C_pruned30/260-123288-0022_generated.wav | RTF: 0.2838(1.051s / 3.705s) | Generator RTF: 0.2828(1.048s / 3.705s)
generated_audios/generated_H3_512C_pruned30/260-123288-0023_generated.wav | RTF: 0.1886(0.450s / 2.385s) | Generator RTF: 0.1872(0.447s / 2.385s)
generated_audios/generated_H3_512C_pruned30/260-123288-0024_generated.wav | RTF: 0.4126(6.022s / 14.595s) | Generator RTF: 0.4123(6.017s / 14.595s)
generated_audios/generated_H3_512C_pruned30/260-123288-0025_generated.wav | RTF: 0.4159(5.592s / 13.445s) | Generator RTF: 0.4156(5.588s / 13.445s)
generated_audios/generated_H3_512C_pruned30/260-123288-0026_generated.wav | RTF: 0.4094(6.566s / 16.040s) | Generator RTF: 0.4090(6.561s / 16.040s)
generated_audios/generated_H3_512C_pruned30/260-123288-0027_generated.wav | RTF: 0.2930(1.847s / 6.305s) | Generator RTF: 0.2924(1.843s / 6.305s)
generated_audios/generated_H3_512C_pruned30/260-123288-0028_generated.wav | RTF: 0.2885(0.753s / 2.610s) | Generator RTF: 0.2872(0.750s / 2.610s)
generated_audios/generated_H3_512C_pruned30/260-123440-0000_generated.wav | RTF: 0.2756(0.597s / 2.165s) | Generator RTF: 0.2741(0.593s / 2.165s)
generated_audios/generated_H3_512C_pruned30/260-123440-0001_generated.wav | RTF: 0.2912(0.507s / 1.740s) | Generator RTF: 0.2893(0.503s / 1.740s)
generated_audios/generated_H3_512C_pruned30/260-123440-0002_generated.wav | RTF: 0.4119(6.061s / 14.715s) | Generator RTF: 0.4116(6.057s / 14.715s)
generated_audios/generated_H3_512C_pruned30/260-123440-0003_generated.wav | RTF: 0.2940(1.054s / 3.585s) | Generator RTF: 0.2930(1.050s / 3.585s)
generated_audios/generated_H3_512C_pruned30/260-123440-0004_generated.wav | RTF: 0.4179(5.023s / 12.020s) | Generator RTF: 0.4176(5.019s / 12.020s)
generated_audios/generated_H3_512C_pruned30/260-123440-0005_generated.wav | RTF: 0.1838(0.571s / 3.105s) | Generator RTF: 0.1827(0.567s / 3.105s)
generated_audios/generated_H3_512C_pruned30/260-123440-0006_generated.wav | RTF: 0.1744(0.473s / 2.715s) | Generator RTF: 0.1732(0.470s / 2.715s)
generated_audios/generated_H3_512C_pruned30/260-123440-0007_generated.wav | RTF: 0.2733(0.925s / 3.385s) | Generator RTF: 0.2723(0.922s / 3.385s)
generated_audios/generated_H3_512C_pruned30/260-123440-0008_generated.wav | RTF: 0.2866(1.073s / 3.745s) | Generator RTF: 0.2856(1.070s / 3.745s)
generated_audios/generated_H3_512C_pruned30/260-123440-0009_generated.wav | RTF: 0.2934(0.914s / 3.115s) | Generator RTF: 0.2923(0.911s / 3.115s)
generated_audios/generated_H3_512C_pruned30/260-123440-0010_generated.wav | RTF: 0.3156(2.624s / 8.315s) | Generator RTF: 0.3151(2.620s / 8.315s)
generated_audios/generated_H3_512C_pruned30/260-123440-0011_generated.wav | RTF: 0.1963(0.956s / 4.870s) | Generator RTF: 0.1957(0.953s / 4.870s)
generated_audios/generated_H3_512C_pruned30/260-123440-0012_generated.wav | RTF: 0.2908(1.525s / 5.245s) | Generator RTF: 0.2901(1.522s / 5.245s)
generated_audios/generated_H3_512C_pruned30/260-123440-0013_generated.wav | RTF: 0.2934(1.020s / 3.475s) | Generator RTF: 0.2925(1.016s / 3.475s)
generated_audios/generated_H3_512C_pruned30/260-123440-0014_generated.wav | RTF: 0.2929(1.117s / 3.815s) | Generator RTF: 0.2920(1.114s / 3.815s)
generated_audios/generated_H3_512C_pruned30/260-123440-0015_generated.wav | RTF: 0.1935(1.199s / 6.200s) | Generator RTF: 0.1929(1.196s / 6.200s)
generated_audios/generated_H3_512C_pruned30/260-123440-0016_generated.wav | RTF: 0.2933(1.436s / 4.895s) | Generator RTF: 0.2926(1.432s / 4.895s)
generated_audios/generated_H3_512C_pruned30/260-123440-0017_generated.wav | RTF: 0.2000(0.614s / 3.070s) | Generator RTF: 0.1989(0.611s / 3.070s)
generated_audios/generated_H3_512C_pruned30/260-123440-0018_generated.wav | RTF: 0.2899(1.055s / 3.640s) | Generator RTF: 0.2890(1.052s / 3.640s)
generated_audios/generated_H3_512C_pruned30/260-123440-0019_generated.wav | RTF: 0.2977(1.974s / 6.630s) | Generator RTF: 0.2972(1.970s / 6.630s)
generated_audios/generated_H3_512C_pruned30/260-123440-0020_generated.wav | RTF: 0.2949(1.473s / 4.995s) | Generator RTF: 0.2942(1.469s / 4.995s)
generated_audios/generated_H3_512C_pruned30/61-70968-0000_generated.wav | RTF: 0.2946(1.445s / 4.905s) | Generator RTF: 0.2939(1.442s / 4.905s)
generated_audios/generated_H3_512C_pruned30/61-70968-0001_generated.wav | RTF: 0.2900(1.047s / 3.610s) | Generator RTF: 0.2891(1.044s / 3.610s)
generated_audios/generated_H3_512C_pruned30/61-70968-0002_generated.wav | RTF: 0.2853(0.847s / 2.970s) | Generator RTF: 0.2843(0.844s / 2.970s)
generated_audios/generated_H3_512C_pruned30/61-70968-0003_generated.wav | RTF: 0.1884(0.813s / 4.315s) | Generator RTF: 0.1876(0.809s / 4.315s)
generated_audios/generated_H3_512C_pruned30/61-70968-0004_generated.wav | RTF: 0.2916(1.133s / 3.885s) | Generator RTF: 0.2908(1.130s / 3.885s)
generated_audios/generated_H3_512C_pruned30/61-70968-0005_generated.wav | RTF: 0.1892(0.959s / 5.070s) | Generator RTF: 0.1885(0.956s / 5.070s)
generated_audios/generated_H3_512C_pruned30/61-70968-0006_generated.wav | RTF: 0.2894(0.849s / 2.935s) | Generator RTF: 0.2883(0.846s / 2.935s)
generated_audios/generated_H3_512C_pruned30/61-70968-0007_generated.wav | RTF: 0.1878(0.667s / 3.550s) | Generator RTF: 0.1868(0.663s / 3.550s)
generated_audios/generated_H3_512C_pruned30/61-70968-0008_generated.wav | RTF: 0.1873(0.662s / 3.535s) | Generator RTF: 0.1863(0.659s / 3.535s)
generated_audios/generated_H3_512C_pruned30/61-70968-0009_generated.wav | RTF: 0.2913(1.314s / 4.510s) | Generator RTF: 0.2905(1.310s / 4.510s)
generated_audios/generated_H3_512C_pruned30/61-70968-0010_generated.wav | RTF: 0.3056(2.535s / 8.295s) | Generator RTF: 0.3051(2.531s / 8.295s)
generated_audios/generated_H3_512C_pruned30/61-70968-0011_generated.wav | RTF: 0.2946(1.878s / 6.375s) | Generator RTF: 0.2941(1.875s / 6.375s)
generated_audios/generated_H3_512C_pruned30/61-70968-0012_generated.wav | RTF: 0.1865(0.487s / 2.610s) | Generator RTF: 0.1852(0.483s / 2.610s)
generated_audios/generated_H3_512C_pruned30/61-70968-0013_generated.wav | RTF: 0.1844(0.820s / 4.450s) | Generator RTF: 0.1836(0.817s / 4.450s)
generated_audios/generated_H3_512C_pruned30/61-70968-0014_generated.wav | RTF: 0.2998(2.244s / 7.485s) | Generator RTF: 0.2994(2.241s / 7.485s)
generated_audios/generated_H3_512C_pruned30/61-70968-0015_generated.wav | RTF: 0.2874(1.545s / 5.375s) | Generator RTF: 0.2867(1.541s / 5.375s)
generated_audios/generated_H3_512C_pruned30/61-70968-0016_generated.wav | RTF: 0.2906(1.081s / 3.720s) | Generator RTF: 0.2901(1.079s / 3.720s)
generated_audios/generated_H3_512C_pruned30/61-70968-0017_generated.wav | RTF: 0.2872(1.468s / 5.110s) | Generator RTF: 0.2866(1.464s / 5.110s)
generated_audios/generated_H3_512C_pruned30/61-70968-0018_generated.wav | RTF: 0.2809(0.676s / 2.405s) | Generator RTF: 0.2795(0.672s / 2.405s)
generated_audios/generated_H3_512C_pruned30/61-70968-0019_generated.wav | RTF: 0.2867(1.570s / 5.475s) | Generator RTF: 0.2860(1.566s / 5.475s)
generated_audios/generated_H3_512C_pruned30/61-70968-0020_generated.wav | RTF: 0.2891(1.476s / 5.105s) | Generator RTF: 0.2885(1.473s / 5.105s)
generated_audios/generated_H3_512C_pruned30/61-70968-0021_generated.wav | RTF: 0.2767(0.744s / 2.690s) | Generator RTF: 0.2755(0.741s / 2.690s)
generated_audios/generated_H3_512C_pruned30/61-70968-0022_generated.wav | RTF: 0.1833(0.856s / 4.670s) | Generator RTF: 0.1827(0.853s / 4.670s)
generated_audios/generated_H3_512C_pruned30/61-70968-0023_generated.wav | RTF: 0.1907(0.958s / 5.025s) | Generator RTF: 0.1900(0.955s / 5.025s)
generated_audios/generated_H3_512C_pruned30/61-70968-0024_generated.wav | RTF: 0.2994(1.804s / 6.025s) | Generator RTF: 0.2988(1.800s / 6.025s)
generated_audios/generated_H3_512C_pruned30/61-70968-0025_generated.wav | RTF: 0.1949(0.860s / 4.410s) | Generator RTF: 0.1941(0.856s / 4.410s)
generated_audios/generated_H3_512C_pruned30/61-70968-0026_generated.wav | RTF: 0.2893(1.424s / 4.920s) | Generator RTF: 0.2886(1.420s / 4.920s)
generated_audios/generated_H3_512C_pruned30/61-70968-0027_generated.wav | RTF: 0.2927(2.011s / 6.870s) | Generator RTF: 0.2921(2.007s / 6.870s)
generated_audios/generated_H3_512C_pruned30/61-70968-0028_generated.wav | RTF: 0.2909(1.558s / 5.355s) | Generator RTF: 0.2902(1.554s / 5.355s)
generated_audios/generated_H3_512C_pruned30/61-70968-0029_generated.wav | RTF: 0.2943(1.029s / 3.495s) | Generator RTF: 0.2934(1.025s / 3.495s)
generated_audios/generated_H3_512C_pruned30/61-70968-0030_generated.wav | RTF: 0.2916(1.658s / 5.685s) | Generator RTF: 0.2909(1.654s / 5.685s)
generated_audios/generated_H3_512C_pruned30/61-70968-0031_generated.wav | RTF: 0.2961(0.866s / 2.925s) | Generator RTF: 0.2949(0.863s / 2.925s)
generated_audios/generated_H3_512C_pruned30/61-70968-0032_generated.wav | RTF: 0.1920(0.822s / 4.280s) | Generator RTF: 0.1912(0.818s / 4.280s)
generated_audios/generated_H3_512C_pruned30/61-70968-0033_generated.wav | RTF: 0.1993(1.133s / 5.685s) | Generator RTF: 0.1987(1.129s / 5.685s)
generated_audios/generated_H3_512C_pruned30/61-70968-0034_generated.wav | RTF: 0.2971(1.257s / 4.230s) | Generator RTF: 0.2963(1.253s / 4.230s)
generated_audios/generated_H3_512C_pruned30/61-70968-0035_generated.wav | RTF: 0.3081(2.449s / 7.950s) | Generator RTF: 0.3076(2.445s / 7.950s)
generated_audios/generated_H3_512C_pruned30/61-70968-0036_generated.wav | RTF: 0.1912(0.561s / 2.935s) | Generator RTF: 0.1901(0.558s / 2.935s)
generated_audios/generated_H3_512C_pruned30/61-70968-0037_generated.wav | RTF: 0.1909(0.824s / 4.315s) | Generator RTF: 0.1901(0.820s / 4.315s)
generated_audios/generated_H3_512C_pruned30/61-70968-0038_generated.wav | RTF: 0.3018(0.619s / 2.050s) | Generator RTF: 0.3002(0.615s / 2.050s)
generated_audios/generated_H3_512C_pruned30/61-70968-0039_generated.wav | RTF: 0.2809(1.069s / 3.805s) | Generator RTF: 0.2801(1.066s / 3.805s)
generated_audios/generated_H3_512C_pruned30/61-70968-0040_generated.wav | RTF: 0.2933(1.158s / 3.950s) | Generator RTF: 0.2924(1.155s / 3.950s)
generated_audios/generated_H3_512C_pruned30/61-70968-0041_generated.wav | RTF: 0.1915(1.307s / 6.825s) | Generator RTF: 0.1910(1.304s / 6.825s)
generated_audios/generated_H3_512C_pruned30/61-70968-0042_generated.wav | RTF: 0.1921(0.535s / 2.785s) | Generator RTF: 0.1910(0.532s / 2.785s)
generated_audios/generated_H3_512C_pruned30/61-70968-0043_generated.wav | RTF: 0.3217(2.167s / 6.735s) | Generator RTF: 0.3211(2.163s / 6.735s)
generated_audios/generated_H3_512C_pruned30/61-70968-0044_generated.wav | RTF: 0.1887(0.523s / 2.770s) | Generator RTF: 0.1876(0.520s / 2.770s)
generated_audios/generated_H3_512C_pruned30/61-70968-0045_generated.wav | RTF: 0.1846(0.641s / 3.475s) | Generator RTF: 0.1836(0.638s / 3.475s)
generated_audios/generated_H3_512C_pruned30/61-70968-0046_generated.wav | RTF: 0.1857(0.659s / 3.550s) | Generator RTF: 0.1848(0.656s / 3.550s)
generated_audios/generated_H3_512C_pruned30/61-70968-0047_generated.wav | RTF: 0.2846(1.359s / 4.775s) | Generator RTF: 0.2839(1.356s / 4.775s)
generated_audios/generated_H3_512C_pruned30/61-70968-0048_generated.wav | RTF: 0.3030(0.915s / 3.020s) | Generator RTF: 0.3017(0.911s / 3.020s)
generated_audios/generated_H3_512C_pruned30/61-70968-0049_generated.wav | RTF: 0.3097(2.555s / 8.250s) | Generator RTF: 0.3092(2.551s / 8.250s)
generated_audios/generated_H3_512C_pruned30/61-70968-0050_generated.wav | RTF: 0.2908(1.623s / 5.580s) | Generator RTF: 0.2902(1.619s / 5.580s)
generated_audios/generated_H3_512C_pruned30/61-70968-0051_generated.wav | RTF: 0.2912(0.913s / 3.135s) | Generator RTF: 0.2901(0.909s / 3.135s)
generated_audios/generated_H3_512C_pruned30/61-70968-0052_generated.wav | RTF: 0.2809(0.744s / 2.650s) | Generator RTF: 0.2796(0.741s / 2.650s)
generated_audios/generated_H3_512C_pruned30/61-70968-0053_generated.wav | RTF: 0.1893(0.799s / 4.220s) | Generator RTF: 0.1884(0.795s / 4.220s)
generated_audios/generated_H3_512C_pruned30/61-70968-0054_generated.wav | RTF: 0.2935(2.307s / 7.860s) | Generator RTF: 0.2930(2.303s / 7.860s)
generated_audios/generated_H3_512C_pruned30/61-70968-0055_generated.wav | RTF: 0.1938(0.768s / 3.965s) | Generator RTF: 0.1929(0.765s / 3.965s)
generated_audios/generated_H3_512C_pruned30/61-70968-0056_generated.wav | RTF: 0.2831(1.009s / 3.565s) | Generator RTF: 0.2821(1.006s / 3.565s)
generated_audios/generated_H3_512C_pruned30/61-70968-0057_generated.wav | RTF: 0.1933(0.979s / 5.065s) | Generator RTF: 0.1926(0.976s / 5.065s)
generated_audios/generated_H3_512C_pruned30/61-70968-0058_generated.wav | RTF: 0.2748(0.500s / 1.820s) | Generator RTF: 0.2731(0.497s / 1.820s)
generated_audios/generated_H3_512C_pruned30/61-70968-0059_generated.wav | RTF: 0.1914(0.415s / 2.170s) | Generator RTF: 0.1899(0.412s / 2.170s)
generated_audios/generated_H3_512C_pruned30/61-70968-0060_generated.wav | RTF: 0.1838(0.687s / 3.735s) | Generator RTF: 0.1829(0.683s / 3.735s)
generated_audios/generated_H3_512C_pruned30/61-70968-0061_generated.wav | RTF: 0.2985(1.651s / 5.530s) | Generator RTF: 0.2978(1.647s / 5.530s)
generated_audios/generated_H3_512C_pruned30/61-70968-0062_generated.wav | RTF: 0.1861(0.475s / 2.555s) | Generator RTF: 0.1849(0.472s / 2.555s)
generated_audios/generated_H3_512C_pruned30/61-70970-0000_generated.wav | RTF: 0.2915(1.771s / 6.075s) | Generator RTF: 0.2909(1.767s / 6.075s)
generated_audios/generated_H3_512C_pruned30/61-70970-0001_generated.wav | RTF: 0.2929(1.803s / 6.155s) | Generator RTF: 0.2923(1.799s / 6.155s)
generated_audios/generated_H3_512C_pruned30/61-70970-0002_generated.wav | RTF: 0.2952(1.230s / 4.165s) | Generator RTF: 0.2944(1.226s / 4.165s)
generated_audios/generated_H3_512C_pruned30/61-70970-0003_generated.wav | RTF: 0.2826(1.084s / 3.835s) | Generator RTF: 0.2817(1.080s / 3.835s)
generated_audios/generated_H3_512C_pruned30/61-70970-0004_generated.wav | RTF: 0.2997(3.151s / 10.515s) | Generator RTF: 0.2993(3.147s / 10.515s)
generated_audios/generated_H3_512C_pruned30/61-70970-0005_generated.wav | RTF: 0.2950(0.596s / 2.020s) | Generator RTF: 0.2934(0.593s / 2.020s)
generated_audios/generated_H3_512C_pruned30/61-70970-0006_generated.wav | RTF: 0.2793(0.652s / 2.335s) | Generator RTF: 0.2779(0.649s / 2.335s)
generated_audios/generated_H3_512C_pruned30/61-70970-0007_generated.wav | RTF: 0.2972(1.333s / 4.485s) | Generator RTF: 0.2964(1.329s / 4.485s)
generated_audios/generated_H3_512C_pruned30/61-70970-0008_generated.wav | RTF: 0.2961(0.637s / 2.150s) | Generator RTF: 0.2946(0.633s / 2.150s)
generated_audios/generated_H3_512C_pruned30/61-70970-0009_generated.wav | RTF: 0.2889(0.984s / 3.405s) | Generator RTF: 0.2879(0.980s / 3.405s)
generated_audios/generated_H3_512C_pruned30/61-70970-0010_generated.wav | RTF: 0.1800(0.548s / 3.045s) | Generator RTF: 0.1790(0.545s / 3.045s)
generated_audios/generated_H3_512C_pruned30/61-70970-0011_generated.wav | RTF: 0.1854(1.126s / 6.075s) | Generator RTF: 0.1848(1.123s / 6.075s)
generated_audios/generated_H3_512C_pruned30/61-70970-0012_generated.wav | RTF: 0.1797(0.563s / 3.135s) | Generator RTF: 0.1786(0.560s / 3.135s)
generated_audios/generated_H3_512C_pruned30/61-70970-0013_generated.wav | RTF: 0.2932(1.275s / 4.350s) | Generator RTF: 0.2924(1.272s / 4.350s)
generated_audios/generated_H3_512C_pruned30/61-70970-0014_generated.wav | RTF: 0.1672(0.569s / 3.405s) | Generator RTF: 0.1662(0.566s / 3.405s)
generated_audios/generated_H3_512C_pruned30/61-70970-0015_generated.wav | RTF: 0.3159(2.658s / 8.415s) | Generator RTF: 0.3154(2.654s / 8.415s)
generated_audios/generated_H3_512C_pruned30/61-70970-0016_generated.wav | RTF: 0.2884(1.260s / 4.370s) | Generator RTF: 0.2876(1.257s / 4.370s)
generated_audios/generated_H3_512C_pruned30/61-70970-0017_generated.wav | RTF: 0.1817(0.463s / 2.550s) | Generator RTF: 0.1804(0.460s / 2.550s)
generated_audios/generated_H3_512C_pruned30/61-70970-0018_generated.wav | RTF: 0.2877(1.323s / 4.600s) | Generator RTF: 0.2869(1.320s / 4.600s)
generated_audios/generated_H3_512C_pruned30/61-70970-0019_generated.wav | RTF: 0.2874(1.086s / 3.780s) | Generator RTF: 0.2865(1.083s / 3.780s)
generated_audios/generated_H3_512C_pruned30/61-70970-0020_generated.wav | RTF: 0.1778(0.893s / 5.025s) | Generator RTF: 0.1771(0.890s / 5.025s)
generated_audios/generated_H3_512C_pruned30/61-70970-0021_generated.wav | RTF: 0.2836(1.533s / 5.405s) | Generator RTF: 0.2829(1.529s / 5.405s)
generated_audios/generated_H3_512C_pruned30/61-70970-0022_generated.wav | RTF: 0.1764(0.700s / 3.970s) | Generator RTF: 0.1756(0.697s / 3.970s)
generated_audios/generated_H3_512C_pruned30/61-70970-0023_generated.wav | RTF: 0.1755(0.650s / 3.705s) | Generator RTF: 0.1746(0.647s / 3.705s)
generated_audios/generated_H3_512C_pruned30/61-70970-0024_generated.wav | RTF: 0.3017(2.183s / 7.235s) | Generator RTF: 0.3012(2.179s / 7.235s)
generated_audios/generated_H3_512C_pruned30/61-70970-0025_generated.wav | RTF: 0.3012(2.239s / 7.435s) | Generator RTF: 0.3007(2.236s / 7.435s)
generated_audios/generated_H3_512C_pruned30/61-70970-0026_generated.wav | RTF: 0.1792(0.981s / 5.475s) | Generator RTF: 0.1786(0.978s / 5.475s)
generated_audios/generated_H3_512C_pruned30/61-70970-0027_generated.wav | RTF: 0.1766(0.897s / 5.080s) | Generator RTF: 0.1759(0.894s / 5.080s)
generated_audios/generated_H3_512C_pruned30/61-70970-0028_generated.wav | RTF: 0.1849(1.211s / 6.550s) | Generator RTF: 0.1843(1.207s / 6.550s)
generated_audios/generated_H3_512C_pruned30/61-70970-0029_generated.wav | RTF: 0.1762(0.710s / 4.030s) | Generator RTF: 0.1754(0.707s / 4.030s)
generated_audios/generated_H3_512C_pruned30/61-70970-0030_generated.wav | RTF: 0.1780(0.577s / 3.240s) | Generator RTF: 0.1771(0.574s / 3.240s)
generated_audios/generated_H3_512C_pruned30/61-70970-0031_generated.wav | RTF: 0.2880(1.479s / 5.135s) | Generator RTF: 0.2874(1.476s / 5.135s)
generated_audios/generated_H3_512C_pruned30/61-70970-0032_generated.wav | RTF: 0.1786(0.560s / 3.135s) | Generator RTF: 0.1776(0.557s / 3.135s)
generated_audios/generated_H3_512C_pruned30/61-70970-0033_generated.wav | RTF: 0.2797(0.957s / 3.420s) | Generator RTF: 0.2788(0.953s / 3.420s)
generated_audios/generated_H3_512C_pruned30/61-70970-0034_generated.wav | RTF: 0.1938(0.869s / 4.485s) | Generator RTF: 0.1930(0.866s / 4.485s)
generated_audios/generated_H3_512C_pruned30/61-70970-0035_generated.wav | RTF: 0.1807(1.338s / 7.405s) | Generator RTF: 0.1801(1.334s / 7.405s)
generated_audios/generated_H3_512C_pruned30/61-70970-0036_generated.wav | RTF: 0.1931(1.310s / 6.785s) | Generator RTF: 0.1925(1.306s / 6.785s)
generated_audios/generated_H3_512C_pruned30/61-70970-0037_generated.wav | RTF: 0.2879(1.722s / 5.980s) | Generator RTF: 0.2873(1.718s / 5.980s)
generated_audios/generated_H3_512C_pruned30/61-70970-0038_generated.wav | RTF: 0.3133(3.258s / 10.400s) | Generator RTF: 0.3129(3.254s / 10.400s)
generated_audios/generated_H3_512C_pruned30/61-70970-0039_generated.wav | RTF: 0.1814(1.209s / 6.665s) | Generator RTF: 0.1809(1.206s / 6.665s)
generated_audios/generated_H3_512C_pruned30/61-70970-0040_generated.wav | RTF: 0.1776(0.740s / 4.165s) | Generator RTF: 0.1768(0.736s / 4.165s)
generated_audios/generated_H3_512C_pruned30/672-122797-0000_generated.wav | RTF: 0.2912(1.185s / 4.070s) | Generator RTF: 0.2903(1.182s / 4.070s)
generated_audios/generated_H3_512C_pruned30/672-122797-0001_generated.wav | RTF: 0.4200(6.354s / 15.130s) | Generator RTF: 0.4197(6.350s / 15.130s)
generated_audios/generated_H3_512C_pruned30/672-122797-0002_generated.wav | RTF: 0.4075(5.550s / 13.620s) | Generator RTF: 0.4072(5.545s / 13.620s)
generated_audios/generated_H3_512C_pruned30/672-122797-0003_generated.wav | RTF: 0.2943(1.401s / 4.760s) | Generator RTF: 0.2935(1.397s / 4.760s)
generated_audios/generated_H3_512C_pruned30/672-122797-0004_generated.wav | RTF: 0.3106(3.184s / 10.250s) | Generator RTF: 0.3103(3.180s / 10.250s)
generated_audios/generated_H3_512C_pruned30/672-122797-0005_generated.wav | RTF: 0.2970(0.968s / 3.260s) | Generator RTF: 0.2960(0.965s / 3.260s)
generated_audios/generated_H3_512C_pruned30/672-122797-0006_generated.wav | RTF: 0.4264(5.948s / 13.950s) | Generator RTF: 0.4261(5.944s / 13.950s)
generated_audios/generated_H3_512C_pruned30/672-122797-0007_generated.wav | RTF: 0.2806(1.801s / 6.420s) | Generator RTF: 0.2800(1.797s / 6.420s)
generated_audios/generated_H3_512C_pruned30/672-122797-0008_generated.wav | RTF: 0.4207(12.963s / 30.810s) | Generator RTF: 0.4205(12.957s / 30.810s)
generated_audios/generated_H3_512C_pruned30/672-122797-0009_generated.wav | RTF: 0.1832(0.506s / 2.765s) | Generator RTF: 0.1821(0.503s / 2.765s)
generated_audios/generated_H3_512C_pruned30/672-122797-0010_generated.wav | RTF: 0.1776(0.678s / 3.815s) | Generator RTF: 0.1767(0.674s / 3.815s)
generated_audios/generated_H3_512C_pruned30/672-122797-0011_generated.wav | RTF: 0.2916(0.741s / 2.540s) | Generator RTF: 0.2903(0.737s / 2.540s)
generated_audios/generated_H3_512C_pruned30/672-122797-0012_generated.wav | RTF: 0.2934(2.278s / 7.765s) | Generator RTF: 0.2930(2.275s / 7.765s)
generated_audios/generated_H3_512C_pruned30/672-122797-0013_generated.wav | RTF: 0.2914(2.537s / 8.705s) | Generator RTF: 0.2909(2.533s / 8.705s)
generated_audios/generated_H3_512C_pruned30/672-122797-0014_generated.wav | RTF: 0.1792(0.458s / 2.555s) | Generator RTF: 0.1780(0.455s / 2.555s)
generated_audios/generated_H3_512C_pruned30/672-122797-0015_generated.wav | RTF: 0.1772(0.789s / 4.455s) | Generator RTF: 0.1765(0.786s / 4.455s)
generated_audios/generated_H3_512C_pruned30/672-122797-0016_generated.wav | RTF: 0.2917(2.688s / 9.215s) | Generator RTF: 0.2913(2.685s / 9.215s)
generated_audios/generated_H3_512C_pruned30/672-122797-0017_generated.wav | RTF: 0.2816(1.357s / 4.820s) | Generator RTF: 0.2808(1.354s / 4.820s)
generated_audios/generated_H3_512C_pruned30/672-122797-0018_generated.wav | RTF: 0.2870(1.415s / 4.930s) | Generator RTF: 0.2863(1.411s / 4.930s)
generated_audios/generated_H3_512C_pruned30/672-122797-0019_generated.wav | RTF: 0.2810(1.155s / 4.110s) | Generator RTF: 0.2801(1.151s / 4.110s)
generated_audios/generated_H3_512C_pruned30/672-122797-0020_generated.wav | RTF: 0.2926(2.582s / 8.825s) | Generator RTF: 0.2921(2.578s / 8.825s)
generated_audios/generated_H3_512C_pruned30/672-122797-0021_generated.wav | RTF: 0.1777(0.737s / 4.150s) | Generator RTF: 0.1768(0.734s / 4.150s)
generated_audios/generated_H3_512C_pruned30/672-122797-0022_generated.wav | RTF: 0.4075(7.745s / 19.005s) | Generator RTF: 0.4073(7.740s / 19.005s)
generated_audios/generated_H3_512C_pruned30/672-122797-0023_generated.wav | RTF: 0.2920(2.831s / 9.695s) | Generator RTF: 0.2916(2.827s / 9.695s)
generated_audios/generated_H3_512C_pruned30/672-122797-0024_generated.wav | RTF: 0.2884(1.191s / 4.130s) | Generator RTF: 0.2876(1.188s / 4.130s)
generated_audios/generated_H3_512C_pruned30/672-122797-0025_generated.wav | RTF: 0.2993(3.200s / 10.690s) | Generator RTF: 0.2990(3.196s / 10.690s)
generated_audios/generated_H3_512C_pruned30/672-122797-0026_generated.wav | RTF: 0.3775(5.270s / 13.960s) | Generator RTF: 0.3772(5.266s / 13.960s)
generated_audios/generated_H3_512C_pruned30/672-122797-0027_generated.wav | RTF: 0.1791(0.858s / 4.790s) | Generator RTF: 0.1784(0.854s / 4.790s)
generated_audios/generated_H3_512C_pruned30/672-122797-0028_generated.wav | RTF: 0.1835(0.479s / 2.610s) | Generator RTF: 0.1824(0.476s / 2.610s)
generated_audios/generated_H3_512C_pruned30/672-122797-0029_generated.wav | RTF: 0.1809(0.552s / 3.050s) | Generator RTF: 0.1798(0.549s / 3.050s)
generated_audios/generated_H3_512C_pruned30/672-122797-0030_generated.wav | RTF: 0.2880(1.318s / 4.575s) | Generator RTF: 0.2872(1.314s / 4.575s)
generated_audios/generated_H3_512C_pruned30/672-122797-0031_generated.wav | RTF: 0.1813(0.722s / 3.980s) | Generator RTF: 0.1805(0.718s / 3.980s)
generated_audios/generated_H3_512C_pruned30/672-122797-0032_generated.wav | RTF: 0.1787(0.715s / 4.000s) | Generator RTF: 0.1779(0.712s / 4.000s)
generated_audios/generated_H3_512C_pruned30/672-122797-0033_generated.wav | RTF: 0.3103(0.399s / 1.285s) | Generator RTF: 0.3079(0.396s / 1.285s)
generated_audios/generated_H3_512C_pruned30/672-122797-0034_generated.wav | RTF: 0.1796(0.918s / 5.110s) | Generator RTF: 0.1789(0.914s / 5.110s)
generated_audios/generated_H3_512C_pruned30/672-122797-0035_generated.wav | RTF: 0.1831(0.531s / 2.900s) | Generator RTF: 0.1820(0.528s / 2.900s)
generated_audios/generated_H3_512C_pruned30/672-122797-0036_generated.wav | RTF: 0.1805(0.968s / 5.365s) | Generator RTF: 0.1799(0.965s / 5.365s)
generated_audios/generated_H3_512C_pruned30/672-122797-0037_generated.wav | RTF: 0.2793(0.548s / 1.960s) | Generator RTF: 0.2777(0.544s / 1.960s)
generated_audios/generated_H3_512C_pruned30/672-122797-0038_generated.wav | RTF: 0.2908(2.559s / 8.800s) | Generator RTF: 0.2904(2.555s / 8.800s)
generated_audios/generated_H3_512C_pruned30/672-122797-0039_generated.wav | RTF: 0.2920(1.175s / 4.025s) | Generator RTF: 0.2911(1.172s / 4.025s)
generated_audios/generated_H3_512C_pruned30/672-122797-0040_generated.wav | RTF: 0.1795(0.920s / 5.125s) | Generator RTF: 0.1789(0.917s / 5.125s)
generated_audios/generated_H3_512C_pruned30/672-122797-0041_generated.wav | RTF: 0.1778(0.690s / 3.880s) | Generator RTF: 0.1769(0.686s / 3.880s)
generated_audios/generated_H3_512C_pruned30/672-122797-0042_generated.wav | RTF: 0.3561(5.452s / 15.310s) | Generator RTF: 0.3558(5.447s / 15.310s)
generated_audios/generated_H3_512C_pruned30/672-122797-0043_generated.wav | RTF: 0.1795(0.678s / 3.780s) | Generator RTF: 0.1785(0.675s / 3.780s)
generated_audios/generated_H3_512C_pruned30/672-122797-0044_generated.wav | RTF: 0.1784(0.667s / 3.740s) | Generator RTF: 0.1775(0.664s / 3.740s)
generated_audios/generated_H3_512C_pruned30/672-122797-0045_generated.wav | RTF: 0.2483(3.466s / 13.960s) | Generator RTF: 0.2480(3.462s / 13.960s)
generated_audios/generated_H3_512C_pruned30/672-122797-0046_generated.wav | RTF: 0.2870(1.353s / 4.715s) | Generator RTF: 0.2863(1.350s / 4.715s)
generated_audios/generated_H3_512C_pruned30/672-122797-0047_generated.wav | RTF: 0.2919(0.970s / 3.325s) | Generator RTF: 0.2909(0.967s / 3.325s)
generated_audios/generated_H3_512C_pruned30/672-122797-0048_generated.wav | RTF: 0.1824(1.196s / 6.555s) | Generator RTF: 0.1819(1.192s / 6.555s)
generated_audios/generated_H3_512C_pruned30/672-122797-0049_generated.wav | RTF: 0.1812(0.366s / 2.020s) | Generator RTF: 0.1799(0.363s / 2.020s)
generated_audios/generated_H3_512C_pruned30/672-122797-0050_generated.wav | RTF: 0.2911(1.413s / 4.855s) | Generator RTF: 0.2904(1.410s / 4.855s)
generated_audios/generated_H3_512C_pruned30/672-122797-0051_generated.wav | RTF: 0.2914(1.359s / 4.665s) | Generator RTF: 0.2907(1.356s / 4.665s)
generated_audios/generated_H3_512C_pruned30/672-122797-0052_generated.wav | RTF: 0.2778(1.190s / 4.285s) | Generator RTF: 0.2771(1.187s / 4.285s)
generated_audios/generated_H3_512C_pruned30/672-122797-0053_generated.wav | RTF: 0.1819(0.537s / 2.955s) | Generator RTF: 0.1808(0.534s / 2.955s)
generated_audios/generated_H3_512C_pruned30/672-122797-0054_generated.wav | RTF: 0.1792(0.762s / 4.250s) | Generator RTF: 0.1784(0.758s / 4.250s)
generated_audios/generated_H3_512C_pruned30/672-122797-0055_generated.wav | RTF: 0.2906(2.392s / 8.230s) | Generator RTF: 0.2902(2.388s / 8.230s)
generated_audios/generated_H3_512C_pruned30/672-122797-0056_generated.wav | RTF: 0.1818(0.950s / 5.225s) | Generator RTF: 0.1811(0.946s / 5.225s)
generated_audios/generated_H3_512C_pruned30/672-122797-0057_generated.wav | RTF: 0.2343(1.537s / 6.560s) | Generator RTF: 0.2238(1.468s / 6.560s)
generated_audios/generated_H3_512C_pruned30/672-122797-0058_generated.wav | RTF: 0.2902(1.297s / 4.470s) | Generator RTF: 0.2894(1.294s / 4.470s)
generated_audios/generated_H3_512C_pruned30/672-122797-0059_generated.wav | RTF: 0.2853(1.004s / 3.520s) | Generator RTF: 0.2844(1.001s / 3.520s)
generated_audios/generated_H3_512C_pruned30/672-122797-0060_generated.wav | RTF: 0.1806(0.605s / 3.350s) | Generator RTF: 0.1797(0.602s / 3.350s)
generated_audios/generated_H3_512C_pruned30/672-122797-0061_generated.wav | RTF: 0.2905(2.205s / 7.590s) | Generator RTF: 0.2901(2.202s / 7.590s)
generated_audios/generated_H3_512C_pruned30/672-122797-0062_generated.wav | RTF: 0.2981(0.797s / 2.675s) | Generator RTF: 0.2970(0.794s / 2.675s)
generated_audios/generated_H3_512C_pruned30/672-122797-0063_generated.wav | RTF: 0.1926(0.977s / 5.075s) | Generator RTF: 0.1919(0.974s / 5.075s)
generated_audios/generated_H3_512C_pruned30/672-122797-0064_generated.wav | RTF: 0.3570(5.452s / 15.270s) | Generator RTF: 0.3567(5.447s / 15.270s)
generated_audios/generated_H3_512C_pruned30/672-122797-0065_generated.wav | RTF: 0.1808(0.548s / 3.030s) | Generator RTF: 0.1797(0.545s / 3.030s)
generated_audios/generated_H3_512C_pruned30/672-122797-0066_generated.wav | RTF: 0.1791(0.862s / 4.815s) | Generator RTF: 0.1784(0.859s / 4.815s)
generated_audios/generated_H3_512C_pruned30/672-122797-0067_generated.wav | RTF: 0.3174(4.137s / 13.035s) | Generator RTF: 0.3170(4.132s / 13.035s)
generated_audios/generated_H3_512C_pruned30/672-122797-0068_generated.wav | RTF: 0.1772(0.712s / 4.020s) | Generator RTF: 0.1763(0.709s / 4.020s)
generated_audios/generated_H3_512C_pruned30/672-122797-0069_generated.wav | RTF: 0.2910(1.458s / 5.010s) | Generator RTF: 0.2903(1.454s / 5.010s)
generated_audios/generated_H3_512C_pruned30/672-122797-0070_generated.wav | RTF: 0.2865(1.796s / 6.270s) | Generator RTF: 0.2860(1.793s / 6.270s)
generated_audios/generated_H3_512C_pruned30/672-122797-0071_generated.wav | RTF: 0.2932(2.602s / 8.875s) | Generator RTF: 0.2928(2.598s / 8.875s)
generated_audios/generated_H3_512C_pruned30/672-122797-0072_generated.wav | RTF: 0.2903(2.305s / 7.940s) | Generator RTF: 0.2898(2.301s / 7.940s)
generated_audios/generated_H3_512C_pruned30/672-122797-0073_generated.wav | RTF: 0.2920(2.396s / 8.205s) | Generator RTF: 0.2915(2.392s / 8.205s)
generated_audios/generated_H3_512C_pruned30/672-122797-0074_generated.wav | RTF: 0.2901(2.532s / 8.730s) | Generator RTF: 0.2897(2.529s / 8.730s)
generated_audios/generated_H3_512C_pruned30/908-157963-0000_generated.wav | RTF: 0.3090(3.900s / 12.620s) | Generator RTF: 0.3087(3.895s / 12.620s)
generated_audios/generated_H3_512C_pruned30/908-157963-0001_generated.wav | RTF: 0.2987(0.862s / 2.885s) | Generator RTF: 0.2975(0.858s / 2.885s)
generated_audios/generated_H3_512C_pruned30/908-157963-0002_generated.wav | RTF: 0.2803(0.772s / 2.755s) | Generator RTF: 0.2791(0.769s / 2.755s)
generated_audios/generated_H3_512C_pruned30/908-157963-0003_generated.wav | RTF: 0.2892(0.891s / 3.080s) | Generator RTF: 0.2882(0.888s / 3.080s)
generated_audios/generated_H3_512C_pruned30/908-157963-0004_generated.wav | RTF: 0.3558(4.978s / 13.990s) | Generator RTF: 0.3555(4.973s / 13.990s)
generated_audios/generated_H3_512C_pruned30/908-157963-0005_generated.wav | RTF: 0.2915(2.051s / 7.035s) | Generator RTF: 0.2910(2.047s / 7.035s)
generated_audios/generated_H3_512C_pruned30/908-157963-0006_generated.wav | RTF: 0.2926(2.373s / 8.110s) | Generator RTF: 0.2921(2.369s / 8.110s)
generated_audios/generated_H3_512C_pruned30/908-157963-0007_generated.wav | RTF: 0.4133(13.545s / 32.770s) | Generator RTF: 0.4131(13.538s / 32.770s)
generated_audios/generated_H3_512C_pruned30/908-157963-0008_generated.wav | RTF: 0.3815(7.612s / 19.950s) | Generator RTF: 0.3813(7.606s / 19.950s)
generated_audios/generated_H3_512C_pruned30/908-157963-0009_generated.wav | RTF: 0.2879(1.169s / 4.060s) | Generator RTF: 0.2871(1.166s / 4.060s)
generated_audios/generated_H3_512C_pruned30/908-157963-0010_generated.wav | RTF: 0.1805(1.133s / 6.280s) | Generator RTF: 0.1799(1.130s / 6.280s)
generated_audios/generated_H3_512C_pruned30/908-157963-0011_generated.wav | RTF: 0.1824(1.896s / 10.395s) | Generator RTF: 0.1820(1.892s / 10.395s)
generated_audios/generated_H3_512C_pruned30/908-157963-0012_generated.wav | RTF: 0.2975(3.002s / 10.090s) | Generator RTF: 0.2971(2.998s / 10.090s)
generated_audios/generated_H3_512C_pruned30/908-157963-0013_generated.wav | RTF: 0.1779(0.768s / 4.315s) | Generator RTF: 0.1771(0.764s / 4.315s)
generated_audios/generated_H3_512C_pruned30/908-157963-0014_generated.wav | RTF: 0.1774(0.802s / 4.520s) | Generator RTF: 0.1767(0.799s / 4.520s)
generated_audios/generated_H3_512C_pruned30/908-157963-0015_generated.wav | RTF: 0.3175(4.592s / 14.465s) | Generator RTF: 0.3172(4.588s / 14.465s)
generated_audios/generated_H3_512C_pruned30/908-157963-0016_generated.wav | RTF: 0.1779(0.908s / 5.105s) | Generator RTF: 0.1771(0.904s / 5.105s)
generated_audios/generated_H3_512C_pruned30/908-157963-0017_generated.wav | RTF: 0.2832(1.402s / 4.950s) | Generator RTF: 0.2826(1.399s / 4.950s)
generated_audios/generated_H3_512C_pruned30/908-157963-0018_generated.wav | RTF: 0.1789(0.761s / 4.255s) | Generator RTF: 0.1781(0.758s / 4.255s)
generated_audios/generated_H3_512C_pruned30/908-157963-0019_generated.wav | RTF: 0.3894(8.348s / 21.440s) | Generator RTF: 0.3891(8.343s / 21.440s)
generated_audios/generated_H3_512C_pruned30/908-157963-0020_generated.wav | RTF: 0.3095(3.033s / 9.800s) | Generator RTF: 0.3091(3.029s / 9.800s)
generated_audios/generated_H3_512C_pruned30/908-157963-0021_generated.wav | RTF: 0.2012(2.061s / 10.240s) | Generator RTF: 0.2008(2.057s / 10.240s)
generated_audios/generated_H3_512C_pruned30/908-157963-0022_generated.wav | RTF: 0.2908(1.341s / 4.610s) | Generator RTF: 0.2900(1.337s / 4.610s)
generated_audios/generated_H3_512C_pruned30/908-157963-0023_generated.wav | RTF: 0.3076(2.961s / 9.625s) | Generator RTF: 0.3072(2.957s / 9.625s)
generated_audios/generated_H3_512C_pruned30/908-157963-0024_generated.wav | RTF: 0.2881(0.991s / 3.440s) | Generator RTF: 0.2871(0.988s / 3.440s)
generated_audios/generated_H3_512C_pruned30/908-157963-0025_generated.wav | RTF: 0.2982(2.763s / 9.265s) | Generator RTF: 0.2977(2.759s / 9.265s)
generated_audios/generated_H3_512C_pruned30/908-157963-0026_generated.wav | RTF: 0.2923(2.367s / 8.100s) | Generator RTF: 0.2918(2.363s / 8.100s)
generated_audios/generated_H3_512C_pruned30/908-157963-0027_generated.wav | RTF: 0.1788(0.934s / 5.225s) | Generator RTF: 0.1781(0.931s / 5.225s)
generated_audios/generated_H3_512C_pruned30/908-157963-0028_generated.wav | RTF: 0.1716(0.850s / 4.955s) | Generator RTF: 0.1709(0.847s / 4.955s)
generated_audios/generated_H3_512C_pruned30/908-157963-0029_generated.wav | RTF: 0.2821(1.024s / 3.630s) | Generator RTF: 0.2811(1.020s / 3.630s)
generated_audios/generated_H3_512C_pruned30/908-157963-0030_generated.wav | RTF: 0.1760(0.796s / 4.520s) | Generator RTF: 0.1753(0.792s / 4.520s)
generated_audios/generated_H3_512C_pruned30/908-31957-0000_generated.wav | RTF: 0.2858(0.607s / 2.125s) | Generator RTF: 0.2840(0.604s / 2.125s)
generated_audios/generated_H3_512C_pruned30/908-31957-0001_generated.wav | RTF: 0.3204(3.625s / 11.315s) | Generator RTF: 0.3200(3.621s / 11.315s)
generated_audios/generated_H3_512C_pruned30/908-31957-0002_generated.wav | RTF: 0.1800(0.862s / 4.790s) | Generator RTF: 0.1793(0.859s / 4.790s)
generated_audios/generated_H3_512C_pruned30/908-31957-0003_generated.wav | RTF: 0.1816(1.193s / 6.565s) | Generator RTF: 0.1811(1.189s / 6.565s)
generated_audios/generated_H3_512C_pruned30/908-31957-0004_generated.wav | RTF: 0.3785(5.584s / 14.755s) | Generator RTF: 0.3781(5.580s / 14.755s)
generated_audios/generated_H3_512C_pruned30/908-31957-0005_generated.wav | RTF: 0.1787(0.802s / 4.490s) | Generator RTF: 0.1779(0.799s / 4.490s)
generated_audios/generated_H3_512C_pruned30/908-31957-0006_generated.wav | RTF: 0.2878(1.695s / 5.890s) | Generator RTF: 0.2872(1.691s / 5.890s)
generated_audios/generated_H3_512C_pruned30/908-31957-0007_generated.wav | RTF: 0.1801(1.044s / 5.800s) | Generator RTF: 0.1794(1.041s / 5.800s)
generated_audios/generated_H3_512C_pruned30/908-31957-0008_generated.wav | RTF: 0.3073(3.075s / 10.005s) | Generator RTF: 0.3069(3.071s / 10.005s)
generated_audios/generated_H3_512C_pruned30/908-31957-0009_generated.wav | RTF: 0.2959(2.280s / 7.705s) | Generator RTF: 0.2953(2.275s / 7.705s)
generated_audios/generated_H3_512C_pruned30/908-31957-0010_generated.wav | RTF: 0.2864(0.719s / 2.510s) | Generator RTF: 0.2851(0.716s / 2.510s)
generated_audios/generated_H3_512C_pruned30/908-31957-0011_generated.wav | RTF: 0.1857(0.434s / 2.335s) | Generator RTF: 0.1843(0.430s / 2.335s)
generated_audios/generated_H3_512C_pruned30/908-31957-0012_generated.wav | RTF: 0.2960(2.254s / 7.615s) | Generator RTF: 0.2955(2.250s / 7.615s)
generated_audios/generated_H3_512C_pruned30/908-31957-0013_generated.wav | RTF: 0.2940(1.817s / 6.180s) | Generator RTF: 0.2934(1.813s / 6.180s)
generated_audios/generated_H3_512C_pruned30/908-31957-0014_generated.wav | RTF: 0.2959(2.237s / 7.560s) | Generator RTF: 0.2954(2.233s / 7.560s)
generated_audios/generated_H3_512C_pruned30/908-31957-0015_generated.wav | RTF: 0.4201(9.018s / 21.465s) | Generator RTF: 0.4198(9.011s / 21.465s)
generated_audios/generated_H3_512C_pruned30/908-31957-0016_generated.wav | RTF: 0.3153(2.043s / 6.480s) | Generator RTF: 0.3148(2.040s / 6.480s)
generated_audios/generated_H3_512C_pruned30/908-31957-0017_generated.wav | RTF: 0.3111(2.425s / 7.795s) | Generator RTF: 0.3105(2.421s / 7.795s)
generated_audios/generated_H3_512C_pruned30/908-31957-0018_generated.wav | RTF: 0.2863(1.121s / 3.915s) | Generator RTF: 0.2854(1.117s / 3.915s)
generated_audios/generated_H3_512C_pruned30/908-31957-0019_generated.wav | RTF: 0.3190(3.044s / 9.540s) | Generator RTF: 0.3186(3.040s / 9.540s)
generated_audios/generated_H3_512C_pruned30/908-31957-0020_generated.wav | RTF: 0.1747(1.030s / 5.895s) | Generator RTF: 0.1740(1.026s / 5.895s)
generated_audios/generated_H3_512C_pruned30/908-31957-0021_generated.wav | RTF: 0.3130(3.413s / 10.905s) | Generator RTF: 0.3126(3.409s / 10.905s)
generated_audios/generated_H3_512C_pruned30/908-31957-0022_generated.wav | RTF: 0.4257(6.003s / 14.100s) | Generator RTF: 0.4254(5.998s / 14.100s)
generated_audios/generated_H3_512C_pruned30/908-31957-0023_generated.wav | RTF: 0.3583(3.051s / 8.515s) | Generator RTF: 0.3578(3.047s / 8.515s)
generated_audios/generated_H3_512C_pruned30/908-31957-0024_generated.wav | RTF: 0.3065(2.311s / 7.540s) | Generator RTF: 0.3060(2.307s / 7.540s)
generated_audios/generated_H3_512C_pruned30/908-31957-0025_generated.wav | RTF: 0.4259(8.756s / 20.560s) | Generator RTF: 0.4256(8.751s / 20.560s)
Average RTF: 0.3030(957.563s / 3159.849s)
Average Generator RTF: 0.3024(955.622s / 3159.849s)
Evaluation summary:
  Mel-spectrogram L1: 0.304309
  PESQ: 2.471594
  STOI: 0.935938
Appended per-audio metrics to CSV: per_audio_results/H3_512C_Mask_pruning

Appended metrics to CSV: experiments_results.csv
========== H3: pruning 50% ==========
Initializing Inference Process..
Using device: cpu (baseline and quantized inference both run on CPU)
Loading '/home/hpc/vlbi/vlbi107v/hifi-gan/cp_hifigan/v1_c512_ft50/g_00265000'
Complete.
Checkpoint contains masked pruning parameters. Preparing masked model before loading...
Removing weight norm...
Skipping ConvTranspose1d pruning for ups.0
Skipping ConvTranspose1d pruning for ups.1
Skipping ConvTranspose1d pruning for ups.2
Skipping ConvTranspose1d pruning for ups.3
Pruning (with mask) resblocks.0.convs1.0 (Conv1d): out_channels=256, dim=0, amount=0.0
Done pruning (with mask) resblocks.0.convs1.0 (Conv1d)
Pruning (with mask) resblocks.0.convs1.1 (Conv1d): out_channels=256, dim=0, amount=0.0
Done pruning (with mask) resblocks.0.convs1.1 (Conv1d)
Pruning (with mask) resblocks.0.convs1.2 (Conv1d): out_channels=256, dim=0, amount=0.0
Done pruning (with mask) resblocks.0.convs1.2 (Conv1d)
Pruning (with mask) resblocks.0.convs2.0 (Conv1d): out_channels=256, dim=0, amount=0.0
Done pruning (with mask) resblocks.0.convs2.0 (Conv1d)
Pruning (with mask) resblocks.0.convs2.1 (Conv1d): out_channels=256, dim=0, amount=0.0
Done pruning (with mask) resblocks.0.convs2.1 (Conv1d)
Pruning (with mask) resblocks.0.convs2.2 (Conv1d): out_channels=256, dim=0, amount=0.0
Done pruning (with mask) resblocks.0.convs2.2 (Conv1d)
Pruning (with mask) resblocks.1.convs1.0 (Conv1d): out_channels=256, dim=0, amount=0.0
Done pruning (with mask) resblocks.1.convs1.0 (Conv1d)
Pruning (with mask) resblocks.1.convs1.1 (Conv1d): out_channels=256, dim=0, amount=0.0
Done pruning (with mask) resblocks.1.convs1.1 (Conv1d)
Pruning (with mask) resblocks.1.convs1.2 (Conv1d): out_channels=256, dim=0, amount=0.0
Done pruning (with mask) resblocks.1.convs1.2 (Conv1d)
Pruning (with mask) resblocks.1.convs2.0 (Conv1d): out_channels=256, dim=0, amount=0.0
Done pruning (with mask) resblocks.1.convs2.0 (Conv1d)
Pruning (with mask) resblocks.1.convs2.1 (Conv1d): out_channels=256, dim=0, amount=0.0
Done pruning (with mask) resblocks.1.convs2.1 (Conv1d)
Pruning (with mask) resblocks.1.convs2.2 (Conv1d): out_channels=256, dim=0, amount=0.0
Done pruning (with mask) resblocks.1.convs2.2 (Conv1d)
Pruning (with mask) resblocks.2.convs1.0 (Conv1d): out_channels=256, dim=0, amount=0.0
Done pruning (with mask) resblocks.2.convs1.0 (Conv1d)
Pruning (with mask) resblocks.2.convs1.1 (Conv1d): out_channels=256, dim=0, amount=0.0
Done pruning (with mask) resblocks.2.convs1.1 (Conv1d)
Pruning (with mask) resblocks.2.convs1.2 (Conv1d): out_channels=256, dim=0, amount=0.0
Done pruning (with mask) resblocks.2.convs1.2 (Conv1d)
Pruning (with mask) resblocks.2.convs2.0 (Conv1d): out_channels=256, dim=0, amount=0.0
Done pruning (with mask) resblocks.2.convs2.0 (Conv1d)
Pruning (with mask) resblocks.2.convs2.1 (Conv1d): out_channels=256, dim=0, amount=0.0
Done pruning (with mask) resblocks.2.convs2.1 (Conv1d)
Pruning (with mask) resblocks.2.convs2.2 (Conv1d): out_channels=256, dim=0, amount=0.0
Done pruning (with mask) resblocks.2.convs2.2 (Conv1d)
Pruning (with mask) resblocks.3.convs1.0 (Conv1d): out_channels=128, dim=0, amount=0.0
Done pruning (with mask) resblocks.3.convs1.0 (Conv1d)
Pruning (with mask) resblocks.3.convs1.1 (Conv1d): out_channels=128, dim=0, amount=0.0
Done pruning (with mask) resblocks.3.convs1.1 (Conv1d)
Pruning (with mask) resblocks.3.convs1.2 (Conv1d): out_channels=128, dim=0, amount=0.0
Done pruning (with mask) resblocks.3.convs1.2 (Conv1d)
Pruning (with mask) resblocks.3.convs2.0 (Conv1d): out_channels=128, dim=0, amount=0.0
Done pruning (with mask) resblocks.3.convs2.0 (Conv1d)
Pruning (with mask) resblocks.3.convs2.1 (Conv1d): out_channels=128, dim=0, amount=0.0
Done pruning (with mask) resblocks.3.convs2.1 (Conv1d)
Pruning (with mask) resblocks.3.convs2.2 (Conv1d): out_channels=128, dim=0, amount=0.0
Done pruning (with mask) resblocks.3.convs2.2 (Conv1d)
Pruning (with mask) resblocks.4.convs1.0 (Conv1d): out_channels=128, dim=0, amount=0.0
Done pruning (with mask) resblocks.4.convs1.0 (Conv1d)
Pruning (with mask) resblocks.4.convs1.1 (Conv1d): out_channels=128, dim=0, amount=0.0
Done pruning (with mask) resblocks.4.convs1.1 (Conv1d)
Pruning (with mask) resblocks.4.convs1.2 (Conv1d): out_channels=128, dim=0, amount=0.0
Done pruning (with mask) resblocks.4.convs1.2 (Conv1d)
Pruning (with mask) resblocks.4.convs2.0 (Conv1d): out_channels=128, dim=0, amount=0.0
Done pruning (with mask) resblocks.4.convs2.0 (Conv1d)
Pruning (with mask) resblocks.4.convs2.1 (Conv1d): out_channels=128, dim=0, amount=0.0
Done pruning (with mask) resblocks.4.convs2.1 (Conv1d)
Pruning (with mask) resblocks.4.convs2.2 (Conv1d): out_channels=128, dim=0, amount=0.0
Done pruning (with mask) resblocks.4.convs2.2 (Conv1d)
Pruning (with mask) resblocks.5.convs1.0 (Conv1d): out_channels=128, dim=0, amount=0.0
Done pruning (with mask) resblocks.5.convs1.0 (Conv1d)
Pruning (with mask) resblocks.5.convs1.1 (Conv1d): out_channels=128, dim=0, amount=0.0
Done pruning (with mask) resblocks.5.convs1.1 (Conv1d)
Pruning (with mask) resblocks.5.convs1.2 (Conv1d): out_channels=128, dim=0, amount=0.0
Done pruning (with mask) resblocks.5.convs1.2 (Conv1d)
Pruning (with mask) resblocks.5.convs2.0 (Conv1d): out_channels=128, dim=0, amount=0.0
Done pruning (with mask) resblocks.5.convs2.0 (Conv1d)
Pruning (with mask) resblocks.5.convs2.1 (Conv1d): out_channels=128, dim=0, amount=0.0
Done pruning (with mask) resblocks.5.convs2.1 (Conv1d)
Pruning (with mask) resblocks.5.convs2.2 (Conv1d): out_channels=128, dim=0, amount=0.0
Done pruning (with mask) resblocks.5.convs2.2 (Conv1d)
Pruning (with mask) resblocks.6.convs1.0 (Conv1d): out_channels=64, dim=0, amount=0.0
Done pruning (with mask) resblocks.6.convs1.0 (Conv1d)
Pruning (with mask) resblocks.6.convs1.1 (Conv1d): out_channels=64, dim=0, amount=0.0
Done pruning (with mask) resblocks.6.convs1.1 (Conv1d)
Pruning (with mask) resblocks.6.convs1.2 (Conv1d): out_channels=64, dim=0, amount=0.0
Done pruning (with mask) resblocks.6.convs1.2 (Conv1d)
Pruning (with mask) resblocks.6.convs2.0 (Conv1d): out_channels=64, dim=0, amount=0.0
Done pruning (with mask) resblocks.6.convs2.0 (Conv1d)
Pruning (with mask) resblocks.6.convs2.1 (Conv1d): out_channels=64, dim=0, amount=0.0
Done pruning (with mask) resblocks.6.convs2.1 (Conv1d)
Pruning (with mask) resblocks.6.convs2.2 (Conv1d): out_channels=64, dim=0, amount=0.0
Done pruning (with mask) resblocks.6.convs2.2 (Conv1d)
Pruning (with mask) resblocks.7.convs1.0 (Conv1d): out_channels=64, dim=0, amount=0.0
Done pruning (with mask) resblocks.7.convs1.0 (Conv1d)
Pruning (with mask) resblocks.7.convs1.1 (Conv1d): out_channels=64, dim=0, amount=0.0
Done pruning (with mask) resblocks.7.convs1.1 (Conv1d)
Pruning (with mask) resblocks.7.convs1.2 (Conv1d): out_channels=64, dim=0, amount=0.0
Done pruning (with mask) resblocks.7.convs1.2 (Conv1d)
Pruning (with mask) resblocks.7.convs2.0 (Conv1d): out_channels=64, dim=0, amount=0.0
Done pruning (with mask) resblocks.7.convs2.0 (Conv1d)
Pruning (with mask) resblocks.7.convs2.1 (Conv1d): out_channels=64, dim=0, amount=0.0
Done pruning (with mask) resblocks.7.convs2.1 (Conv1d)
Pruning (with mask) resblocks.7.convs2.2 (Conv1d): out_channels=64, dim=0, amount=0.0
Done pruning (with mask) resblocks.7.convs2.2 (Conv1d)
Pruning (with mask) resblocks.8.convs1.0 (Conv1d): out_channels=64, dim=0, amount=0.0
Done pruning (with mask) resblocks.8.convs1.0 (Conv1d)
Pruning (with mask) resblocks.8.convs1.1 (Conv1d): out_channels=64, dim=0, amount=0.0
Done pruning (with mask) resblocks.8.convs1.1 (Conv1d)
Pruning (with mask) resblocks.8.convs1.2 (Conv1d): out_channels=64, dim=0, amount=0.0
Done pruning (with mask) resblocks.8.convs1.2 (Conv1d)
Pruning (with mask) resblocks.8.convs2.0 (Conv1d): out_channels=64, dim=0, amount=0.0
Done pruning (with mask) resblocks.8.convs2.0 (Conv1d)
Pruning (with mask) resblocks.8.convs2.1 (Conv1d): out_channels=64, dim=0, amount=0.0
Done pruning (with mask) resblocks.8.convs2.1 (Conv1d)
Pruning (with mask) resblocks.8.convs2.2 (Conv1d): out_channels=64, dim=0, amount=0.0
Done pruning (with mask) resblocks.8.convs2.2 (Conv1d)
Pruning (with mask) resblocks.9.convs1.0 (Conv1d): out_channels=32, dim=0, amount=0.0
Done pruning (with mask) resblocks.9.convs1.0 (Conv1d)
Pruning (with mask) resblocks.9.convs1.1 (Conv1d): out_channels=32, dim=0, amount=0.0
Done pruning (with mask) resblocks.9.convs1.1 (Conv1d)
Pruning (with mask) resblocks.9.convs1.2 (Conv1d): out_channels=32, dim=0, amount=0.0
Done pruning (with mask) resblocks.9.convs1.2 (Conv1d)
Pruning (with mask) resblocks.9.convs2.0 (Conv1d): out_channels=32, dim=0, amount=0.0
Done pruning (with mask) resblocks.9.convs2.0 (Conv1d)
Pruning (with mask) resblocks.9.convs2.1 (Conv1d): out_channels=32, dim=0, amount=0.0
Done pruning (with mask) resblocks.9.convs2.1 (Conv1d)
Pruning (with mask) resblocks.9.convs2.2 (Conv1d): out_channels=32, dim=0, amount=0.0
Done pruning (with mask) resblocks.9.convs2.2 (Conv1d)
Pruning (with mask) resblocks.10.convs1.0 (Conv1d): out_channels=32, dim=0, amount=0.0
Done pruning (with mask) resblocks.10.convs1.0 (Conv1d)
Pruning (with mask) resblocks.10.convs1.1 (Conv1d): out_channels=32, dim=0, amount=0.0
Done pruning (with mask) resblocks.10.convs1.1 (Conv1d)
Pruning (with mask) resblocks.10.convs1.2 (Conv1d): out_channels=32, dim=0, amount=0.0
Done pruning (with mask) resblocks.10.convs1.2 (Conv1d)
Pruning (with mask) resblocks.10.convs2.0 (Conv1d): out_channels=32, dim=0, amount=0.0
Done pruning (with mask) resblocks.10.convs2.0 (Conv1d)
Pruning (with mask) resblocks.10.convs2.1 (Conv1d): out_channels=32, dim=0, amount=0.0
Done pruning (with mask) resblocks.10.convs2.1 (Conv1d)
Pruning (with mask) resblocks.10.convs2.2 (Conv1d): out_channels=32, dim=0, amount=0.0
Done pruning (with mask) resblocks.10.convs2.2 (Conv1d)
Pruning (with mask) resblocks.11.convs1.0 (Conv1d): out_channels=32, dim=0, amount=0.0
Done pruning (with mask) resblocks.11.convs1.0 (Conv1d)
Pruning (with mask) resblocks.11.convs1.1 (Conv1d): out_channels=32, dim=0, amount=0.0
Done pruning (with mask) resblocks.11.convs1.1 (Conv1d)
Pruning (with mask) resblocks.11.convs1.2 (Conv1d): out_channels=32, dim=0, amount=0.0
Done pruning (with mask) resblocks.11.convs1.2 (Conv1d)
Pruning (with mask) resblocks.11.convs2.0 (Conv1d): out_channels=32, dim=0, amount=0.0
Done pruning (with mask) resblocks.11.convs2.0 (Conv1d)
Pruning (with mask) resblocks.11.convs2.1 (Conv1d): out_channels=32, dim=0, amount=0.0
Done pruning (with mask) resblocks.11.convs2.1 (Conv1d)
Pruning (with mask) resblocks.11.convs2.2 (Conv1d): out_channels=32, dim=0, amount=0.0
Done pruning (with mask) resblocks.11.convs2.2 (Conv1d)
Removing pruning masks from masked checkpoint before inference...
Removed pruning masks from 72 modules
Saving checkpoint to /home/hpc/vlbi/vlbi107v/hifi-gan/cp_hifigan/v1_c512_ft50/compressed_checkpoint
Complete.
Saved compressed checkpoint: /home/hpc/vlbi/vlbi107v/hifi-gan/cp_hifigan/v1_c512_ft50/compressed_checkpoint (53.175 MB)
Compressed checkpoint parameters: 13,926,017
Clean mask-free checkpoint saved: /home/hpc/vlbi/vlbi107v/hifi-gan/cp_hifigan/v1_c512_ft50/compressed_checkpoint (53.175 MB)
Loaded checkpoint: /home/hpc/vlbi/vlbi107v/hifi-gan/cp_hifigan/v1_c512_ft50/g_00265000 (95.035 MB)
Generator parameters: 13,926,017
generated_audios/generated_H3_512C_pruned50/1089-134686-0000_generated.wav | RTF: 0.3138(3.275s / 10.435s) | Generator RTF: 0.3108(3.243s / 10.435s)
generated_audios/generated_H3_512C_pruned50/1089-134686-0001_generated.wav | RTF: 0.2692(0.882s / 3.275s) | Generator RTF: 0.2680(0.878s / 3.275s)
generated_audios/generated_H3_512C_pruned50/1089-134686-0002_generated.wav | RTF: 0.2738(1.814s / 6.625s) | Generator RTF: 0.2731(1.809s / 6.625s)
generated_audios/generated_H3_512C_pruned50/1089-134686-0003_generated.wav | RTF: 0.2892(0.775s / 2.680s) | Generator RTF: 0.2880(0.772s / 2.680s)
generated_audios/generated_H3_512C_pruned50/1089-134686-0004_generated.wav | RTF: 0.2807(1.464s / 5.215s) | Generator RTF: 0.2799(1.460s / 5.215s)
generated_audios/generated_H3_512C_pruned50/1089-134686-0005_generated.wav | RTF: 0.2789(2.687s / 9.635s) | Generator RTF: 0.2785(2.683s / 9.635s)
generated_audios/generated_H3_512C_pruned50/1089-134686-0006_generated.wav | RTF: 0.3086(3.258s / 10.555s) | Generator RTF: 0.3082(3.254s / 10.555s)
generated_audios/generated_H3_512C_pruned50/1089-134686-0007_generated.wav | RTF: 0.2799(1.196s / 4.275s) | Generator RTF: 0.2791(1.193s / 4.275s)
generated_audios/generated_H3_512C_pruned50/1089-134686-0008_generated.wav | RTF: 0.2765(1.861s / 6.730s) | Generator RTF: 0.2759(1.857s / 6.730s)
generated_audios/generated_H3_512C_pruned50/1089-134686-0009_generated.wav | RTF: 0.3061(3.237s / 10.575s) | Generator RTF: 0.3057(3.233s / 10.575s)
generated_audios/generated_H3_512C_pruned50/1089-134686-0010_generated.wav | RTF: 0.2759(1.215s / 4.405s) | Generator RTF: 0.2752(1.212s / 4.405s)
generated_audios/generated_H3_512C_pruned50/1089-134686-0011_generated.wav | RTF: 0.3319(4.130s / 12.445s) | Generator RTF: 0.3315(4.126s / 12.445s)
generated_audios/generated_H3_512C_pruned50/1089-134686-0012_generated.wav | RTF: 0.3195(3.719s / 11.640s) | Generator RTF: 0.3192(3.715s / 11.640s)
generated_audios/generated_H3_512C_pruned50/1089-134686-0013_generated.wav | RTF: 0.2836(2.245s / 7.915s) | Generator RTF: 0.2831(2.241s / 7.915s)
generated_audios/generated_H3_512C_pruned50/1089-134686-0014_generated.wav | RTF: 0.2868(0.638s / 2.225s) | Generator RTF: 0.2853(0.635s / 2.225s)
generated_audios/generated_H3_512C_pruned50/1089-134686-0015_generated.wav | RTF: 0.2783(1.618s / 5.815s) | Generator RTF: 0.2777(1.615s / 5.815s)
generated_audios/generated_H3_512C_pruned50/1089-134686-0016_generated.wav | RTF: 0.2783(0.985s / 3.540s) | Generator RTF: 0.2773(0.982s / 3.540s)
generated_audios/generated_H3_512C_pruned50/1089-134686-0017_generated.wav | RTF: 0.3032(2.689s / 8.870s) | Generator RTF: 0.3027(2.685s / 8.870s)
generated_audios/generated_H3_512C_pruned50/1089-134686-0018_generated.wav | RTF: 0.3660(5.754s / 15.720s) | Generator RTF: 0.3657(5.749s / 15.720s)
generated_audios/generated_H3_512C_pruned50/1089-134686-0019_generated.wav | RTF: 0.4046(5.622s / 13.895s) | Generator RTF: 0.4043(5.618s / 13.895s)
generated_audios/generated_H3_512C_pruned50/1089-134686-0020_generated.wav | RTF: 0.4072(6.837s / 16.790s) | Generator RTF: 0.4069(6.832s / 16.790s)
generated_audios/generated_H3_512C_pruned50/1089-134686-0021_generated.wav | RTF: 0.2893(1.895s / 6.550s) | Generator RTF: 0.2887(1.891s / 6.550s)
generated_audios/generated_H3_512C_pruned50/1089-134686-0022_generated.wav | RTF: 0.2911(3.253s / 11.175s) | Generator RTF: 0.2907(3.249s / 11.175s)
generated_audios/generated_H3_512C_pruned50/1089-134686-0023_generated.wav | RTF: 0.3690(4.899s / 13.275s) | Generator RTF: 0.3687(4.894s / 13.275s)
generated_audios/generated_H3_512C_pruned50/1089-134686-0024_generated.wav | RTF: 0.3249(3.787s / 11.655s) | Generator RTF: 0.3245(3.782s / 11.655s)
generated_audios/generated_H3_512C_pruned50/1089-134686-0025_generated.wav | RTF: 0.2797(1.849s / 6.610s) | Generator RTF: 0.2791(1.845s / 6.610s)
generated_audios/generated_H3_512C_pruned50/1089-134686-0026_generated.wav | RTF: 0.2727(1.094s / 4.010s) | Generator RTF: 0.2718(1.090s / 4.010s)
generated_audios/generated_H3_512C_pruned50/1089-134686-0027_generated.wav | RTF: 0.2819(0.764s / 2.710s) | Generator RTF: 0.2807(0.761s / 2.710s)
generated_audios/generated_H3_512C_pruned50/1089-134686-0028_generated.wav | RTF: 0.3001(2.350s / 7.830s) | Generator RTF: 0.2996(2.346s / 7.830s)
generated_audios/generated_H3_512C_pruned50/1089-134686-0029_generated.wav | RTF: 0.2683(1.253s / 4.670s) | Generator RTF: 0.2675(1.249s / 4.670s)
generated_audios/generated_H3_512C_pruned50/1089-134686-0030_generated.wav | RTF: 0.1788(0.486s / 2.715s) | Generator RTF: 0.1777(0.482s / 2.715s)
generated_audios/generated_H3_512C_pruned50/1089-134686-0031_generated.wav | RTF: 0.1774(1.173s / 6.615s) | Generator RTF: 0.1769(1.170s / 6.615s)
generated_audios/generated_H3_512C_pruned50/121-121726-0000_generated.wav | RTF: 0.3055(2.585s / 8.460s) | Generator RTF: 0.3051(2.581s / 8.460s)
generated_audios/generated_H3_512C_pruned50/121-121726-0001_generated.wav | RTF: 0.2761(1.636s / 5.925s) | Generator RTF: 0.2756(1.633s / 5.925s)
generated_audios/generated_H3_512C_pruned50/121-121726-0002_generated.wav | RTF: 0.1772(0.781s / 4.410s) | Generator RTF: 0.1767(0.779s / 4.410s)
generated_audios/generated_H3_512C_pruned50/121-121726-0003_generated.wav | RTF: 0.2851(1.926s / 6.755s) | Generator RTF: 0.2846(1.923s / 6.755s)
generated_audios/generated_H3_512C_pruned50/121-121726-0004_generated.wav | RTF: 0.2822(1.135s / 4.020s) | Generator RTF: 0.2814(1.131s / 4.020s)
generated_audios/generated_H3_512C_pruned50/121-121726-0005_generated.wav | RTF: 0.2762(0.856s / 3.100s) | Generator RTF: 0.2751(0.853s / 3.100s)
generated_audios/generated_H3_512C_pruned50/121-121726-0006_generated.wav | RTF: 0.2787(1.086s / 3.895s) | Generator RTF: 0.2779(1.082s / 3.895s)
generated_audios/generated_H3_512C_pruned50/121-121726-0007_generated.wav | RTF: 0.1950(1.312s / 6.730s) | Generator RTF: 0.1946(1.310s / 6.730s)
generated_audios/generated_H3_512C_pruned50/121-121726-0008_generated.wav | RTF: 0.2727(1.361s / 4.990s) | Generator RTF: 0.2719(1.357s / 4.990s)
generated_audios/generated_H3_512C_pruned50/121-121726-0009_generated.wav | RTF: 0.2939(2.133s / 7.260s) | Generator RTF: 0.2934(2.130s / 7.260s)
generated_audios/generated_H3_512C_pruned50/121-121726-0010_generated.wav | RTF: 0.2925(2.869s / 9.810s) | Generator RTF: 0.2921(2.865s / 9.810s)
generated_audios/generated_H3_512C_pruned50/121-121726-0011_generated.wav | RTF: 0.2800(1.130s / 4.035s) | Generator RTF: 0.2792(1.126s / 4.035s)
generated_audios/generated_H3_512C_pruned50/121-121726-0012_generated.wav | RTF: 0.2727(1.103s / 4.045s) | Generator RTF: 0.2719(1.100s / 4.045s)
generated_audios/generated_H3_512C_pruned50/121-121726-0013_generated.wav | RTF: 0.2927(0.729s / 2.490s) | Generator RTF: 0.2915(0.726s / 2.490s)
generated_audios/generated_H3_512C_pruned50/121-121726-0014_generated.wav | RTF: 0.2806(0.888s / 3.165s) | Generator RTF: 0.2796(0.885s / 3.165s)
generated_audios/generated_H3_512C_pruned50/121-123852-0000_generated.wav | RTF: 0.4019(7.111s / 17.695s) | Generator RTF: 0.4016(7.106s / 17.695s)
generated_audios/generated_H3_512C_pruned50/121-123852-0001_generated.wav | RTF: 0.2898(0.542s / 1.870s) | Generator RTF: 0.2880(0.539s / 1.870s)
generated_audios/generated_H3_512C_pruned50/121-123852-0002_generated.wav | RTF: 0.4078(7.049s / 17.285s) | Generator RTF: 0.4075(7.044s / 17.285s)
generated_audios/generated_H3_512C_pruned50/121-123852-0003_generated.wav | RTF: 0.4251(9.993s / 23.505s) | Generator RTF: 0.4249(9.987s / 23.505s)
generated_audios/generated_H3_512C_pruned50/121-123852-0004_generated.wav | RTF: 0.4161(6.778s / 16.290s) | Generator RTF: 0.4158(6.773s / 16.290s)
generated_audios/generated_H3_512C_pruned50/121-123859-0000_generated.wav | RTF: 0.4101(7.131s / 17.390s) | Generator RTF: 0.4098(7.127s / 17.390s)
generated_audios/generated_H3_512C_pruned50/121-123859-0001_generated.wav | RTF: 0.4190(10.640s / 25.395s) | Generator RTF: 0.4188(10.635s / 25.395s)
generated_audios/generated_H3_512C_pruned50/121-123859-0002_generated.wav | RTF: 0.4225(12.691s / 30.040s) | Generator RTF: 0.4223(12.685s / 30.040s)
generated_audios/generated_H3_512C_pruned50/121-123859-0003_generated.wav | RTF: 0.3042(3.293s / 10.825s) | Generator RTF: 0.3038(3.288s / 10.825s)
generated_audios/generated_H3_512C_pruned50/121-123859-0004_generated.wav | RTF: 0.3113(2.959s / 9.505s) | Generator RTF: 0.3109(2.955s / 9.505s)
generated_audios/generated_H3_512C_pruned50/121-127105-0000_generated.wav | RTF: 0.2947(2.910s / 9.875s) | Generator RTF: 0.2943(2.906s / 9.875s)
generated_audios/generated_H3_512C_pruned50/121-127105-0001_generated.wav | RTF: 0.2771(1.393s / 5.025s) | Generator RTF: 0.2764(1.389s / 5.025s)
generated_audios/generated_H3_512C_pruned50/121-127105-0002_generated.wav | RTF: 0.2853(2.138s / 7.495s) | Generator RTF: 0.2847(2.134s / 7.495s)
generated_audios/generated_H3_512C_pruned50/121-127105-0003_generated.wav | RTF: 0.2819(2.178s / 7.725s) | Generator RTF: 0.2814(2.174s / 7.725s)
generated_audios/generated_H3_512C_pruned50/121-127105-0004_generated.wav | RTF: 0.2935(0.619s / 2.110s) | Generator RTF: 0.2921(0.616s / 2.110s)
generated_audios/generated_H3_512C_pruned50/121-127105-0005_generated.wav | RTF: 0.2731(1.589s / 5.820s) | Generator RTF: 0.2725(1.586s / 5.820s)
generated_audios/generated_H3_512C_pruned50/121-127105-0006_generated.wav | RTF: 0.2777(1.312s / 4.725s) | Generator RTF: 0.2770(1.309s / 4.725s)
generated_audios/generated_H3_512C_pruned50/121-127105-0007_generated.wav | RTF: 0.2745(1.589s / 5.790s) | Generator RTF: 0.2739(1.586s / 5.790s)
generated_audios/generated_H3_512C_pruned50/121-127105-0008_generated.wav | RTF: 0.2734(0.755s / 2.760s) | Generator RTF: 0.2723(0.752s / 2.760s)
generated_audios/generated_H3_512C_pruned50/121-127105-0009_generated.wav | RTF: 0.2852(0.653s / 2.290s) | Generator RTF: 0.2839(0.650s / 2.290s)
generated_audios/generated_H3_512C_pruned50/121-127105-0010_generated.wav | RTF: 0.2823(0.805s / 2.850s) | Generator RTF: 0.2812(0.801s / 2.850s)
generated_audios/generated_H3_512C_pruned50/121-127105-0011_generated.wav | RTF: 0.2851(1.648s / 5.780s) | Generator RTF: 0.2845(1.644s / 5.780s)
generated_audios/generated_H3_512C_pruned50/121-127105-0012_generated.wav | RTF: 0.2829(1.366s / 4.830s) | Generator RTF: 0.2821(1.363s / 4.830s)
generated_audios/generated_H3_512C_pruned50/121-127105-0013_generated.wav | RTF: 0.2834(1.671s / 5.895s) | Generator RTF: 0.2828(1.667s / 5.895s)
generated_audios/generated_H3_512C_pruned50/121-127105-0014_generated.wav | RTF: 0.2842(0.641s / 2.255s) | Generator RTF: 0.2829(0.638s / 2.255s)
generated_audios/generated_H3_512C_pruned50/121-127105-0015_generated.wav | RTF: 0.2816(0.834s / 2.960s) | Generator RTF: 0.2805(0.830s / 2.960s)
generated_audios/generated_H3_512C_pruned50/121-127105-0016_generated.wav | RTF: 0.2680(0.544s / 2.030s) | Generator RTF: 0.2663(0.541s / 2.030s)
generated_audios/generated_H3_512C_pruned50/121-127105-0017_generated.wav | RTF: 0.2879(0.776s / 2.695s) | Generator RTF: 0.2867(0.773s / 2.695s)
generated_audios/generated_H3_512C_pruned50/121-127105-0018_generated.wav | RTF: 0.2872(0.796s / 2.770s) | Generator RTF: 0.2861(0.792s / 2.770s)
generated_audios/generated_H3_512C_pruned50/121-127105-0019_generated.wav | RTF: 0.2738(0.965s / 3.525s) | Generator RTF: 0.2729(0.962s / 3.525s)
generated_audios/generated_H3_512C_pruned50/121-127105-0020_generated.wav | RTF: 0.4073(5.847s / 14.355s) | Generator RTF: 0.4070(5.842s / 14.355s)
generated_audios/generated_H3_512C_pruned50/121-127105-0021_generated.wav | RTF: 0.2923(0.585s / 2.000s) | Generator RTF: 0.2906(0.581s / 2.000s)
generated_audios/generated_H3_512C_pruned50/121-127105-0022_generated.wav | RTF: 0.2922(1.483s / 5.075s) | Generator RTF: 0.2915(1.479s / 5.075s)
generated_audios/generated_H3_512C_pruned50/121-127105-0023_generated.wav | RTF: 0.2974(3.245s / 10.910s) | Generator RTF: 0.2970(3.241s / 10.910s)
generated_audios/generated_H3_512C_pruned50/121-127105-0024_generated.wav | RTF: 0.4125(5.960s / 14.450s) | Generator RTF: 0.4121(5.955s / 14.450s)
generated_audios/generated_H3_512C_pruned50/121-127105-0025_generated.wav | RTF: 0.4058(6.519s / 16.065s) | Generator RTF: 0.4054(6.513s / 16.065s)
generated_audios/generated_H3_512C_pruned50/121-127105-0026_generated.wav | RTF: 0.2878(2.167s / 7.530s) | Generator RTF: 0.2873(2.164s / 7.530s)
generated_audios/generated_H3_512C_pruned50/121-127105-0027_generated.wav | RTF: 0.4084(5.665s / 13.870s) | Generator RTF: 0.4081(5.661s / 13.870s)
generated_audios/generated_H3_512C_pruned50/121-127105-0028_generated.wav | RTF: 0.1955(1.320s / 6.750s) | Generator RTF: 0.1951(1.317s / 6.750s)
generated_audios/generated_H3_512C_pruned50/121-127105-0029_generated.wav | RTF: 0.2935(2.145s / 7.310s) | Generator RTF: 0.2930(2.142s / 7.310s)
generated_audios/generated_H3_512C_pruned50/121-127105-0030_generated.wav | RTF: 0.2918(0.635s / 2.175s) | Generator RTF: 0.2903(0.631s / 2.175s)
generated_audios/generated_H3_512C_pruned50/121-127105-0031_generated.wav | RTF: 0.2925(3.149s / 10.765s) | Generator RTF: 0.2921(3.145s / 10.765s)
generated_audios/generated_H3_512C_pruned50/121-127105-0032_generated.wav | RTF: 0.2760(0.875s / 3.170s) | Generator RTF: 0.2749(0.872s / 3.170s)
generated_audios/generated_H3_512C_pruned50/121-127105-0033_generated.wav | RTF: 0.2905(0.684s / 2.355s) | Generator RTF: 0.2891(0.681s / 2.355s)
generated_audios/generated_H3_512C_pruned50/121-127105-0034_generated.wav | RTF: 0.2876(2.131s / 7.410s) | Generator RTF: 0.2871(2.128s / 7.410s)
generated_audios/generated_H3_512C_pruned50/121-127105-0035_generated.wav | RTF: 0.4085(5.780s / 14.150s) | Generator RTF: 0.4082(5.776s / 14.150s)
generated_audios/generated_H3_512C_pruned50/121-127105-0036_generated.wav | RTF: 0.2966(1.231s / 4.150s) | Generator RTF: 0.2958(1.228s / 4.150s)
generated_audios/generated_H3_512C_pruned50/237-126133-0000_generated.wav | RTF: 0.4232(5.624s / 13.290s) | Generator RTF: 0.4228(5.620s / 13.290s)
generated_audios/generated_H3_512C_pruned50/237-126133-0001_generated.wav | RTF: 0.4187(5.010s / 11.965s) | Generator RTF: 0.4183(5.005s / 11.965s)
generated_audios/generated_H3_512C_pruned50/237-126133-0002_generated.wav | RTF: 0.2952(2.633s / 8.920s) | Generator RTF: 0.2947(2.629s / 8.920s)
generated_audios/generated_H3_512C_pruned50/237-126133-0003_generated.wav | RTF: 0.2938(1.927s / 6.560s) | Generator RTF: 0.2933(1.924s / 6.560s)
generated_audios/generated_H3_512C_pruned50/237-126133-0004_generated.wav | RTF: 0.2856(0.941s / 3.295s) | Generator RTF: 0.2846(0.938s / 3.295s)
generated_audios/generated_H3_512C_pruned50/237-126133-0005_generated.wav | RTF: 0.3019(1.965s / 6.510s) | Generator RTF: 0.3014(1.962s / 6.510s)
generated_audios/generated_H3_512C_pruned50/237-126133-0006_generated.wav | RTF: 0.2872(1.766s / 6.150s) | Generator RTF: 0.2867(1.763s / 6.150s)
generated_audios/generated_H3_512C_pruned50/237-126133-0007_generated.wav | RTF: 0.3072(2.667s / 8.680s) | Generator RTF: 0.3068(2.663s / 8.680s)
generated_audios/generated_H3_512C_pruned50/237-126133-0008_generated.wav | RTF: 0.2812(1.087s / 3.865s) | Generator RTF: 0.2803(1.083s / 3.865s)
generated_audios/generated_H3_512C_pruned50/237-126133-0009_generated.wav | RTF: 0.2801(1.112s / 3.970s) | Generator RTF: 0.2792(1.108s / 3.970s)
generated_audios/generated_H3_512C_pruned50/237-126133-0010_generated.wav | RTF: 0.2881(1.798s / 6.240s) | Generator RTF: 0.2875(1.794s / 6.240s)
generated_audios/generated_H3_512C_pruned50/237-126133-0011_generated.wav | RTF: 0.2844(1.908s / 6.710s) | Generator RTF: 0.2838(1.904s / 6.710s)
generated_audios/generated_H3_512C_pruned50/237-126133-0012_generated.wav | RTF: 0.2828(1.258s / 4.450s) | Generator RTF: 0.2819(1.255s / 4.450s)
generated_audios/generated_H3_512C_pruned50/237-126133-0013_generated.wav | RTF: 0.2953(2.013s / 6.815s) | Generator RTF: 0.2948(2.009s / 6.815s)
generated_audios/generated_H3_512C_pruned50/237-126133-0014_generated.wav | RTF: 0.2954(2.006s / 6.790s) | Generator RTF: 0.2949(2.002s / 6.790s)
generated_audios/generated_H3_512C_pruned50/237-126133-0015_generated.wav | RTF: 0.2941(2.747s / 9.340s) | Generator RTF: 0.2937(2.743s / 9.340s)
generated_audios/generated_H3_512C_pruned50/237-126133-0016_generated.wav | RTF: 0.2790(1.186s / 4.250s) | Generator RTF: 0.2781(1.182s / 4.250s)
generated_audios/generated_H3_512C_pruned50/237-126133-0017_generated.wav | RTF: 0.2851(1.771s / 6.210s) | Generator RTF: 0.2845(1.767s / 6.210s)
generated_audios/generated_H3_512C_pruned50/237-126133-0018_generated.wav | RTF: 0.2979(1.220s / 4.095s) | Generator RTF: 0.2971(1.217s / 4.095s)
generated_audios/generated_H3_512C_pruned50/237-126133-0019_generated.wav | RTF: 0.2954(2.103s / 7.120s) | Generator RTF: 0.2948(2.099s / 7.120s)
generated_audios/generated_H3_512C_pruned50/237-126133-0020_generated.wav | RTF: 0.2711(0.607s / 2.240s) | Generator RTF: 0.2698(0.604s / 2.240s)
generated_audios/generated_H3_512C_pruned50/237-126133-0021_generated.wav | RTF: 0.2882(1.258s / 4.365s) | Generator RTF: 0.2874(1.255s / 4.365s)
generated_audios/generated_H3_512C_pruned50/237-126133-0022_generated.wav | RTF: 0.2906(1.465s / 5.040s) | Generator RTF: 0.2900(1.461s / 5.040s)
generated_audios/generated_H3_512C_pruned50/237-126133-0023_generated.wav | RTF: 0.2935(1.959s / 6.675s) | Generator RTF: 0.2929(1.955s / 6.675s)
generated_audios/generated_H3_512C_pruned50/237-126133-0024_generated.wav | RTF: 0.3144(3.038s / 9.665s) | Generator RTF: 0.3139(3.034s / 9.665s)
generated_audios/generated_H3_512C_pruned50/237-126133-0025_generated.wav | RTF: 0.2851(1.071s / 3.755s) | Generator RTF: 0.2843(1.067s / 3.755s)
generated_audios/generated_H3_512C_pruned50/237-134493-0000_generated.wav | RTF: 0.2915(1.197s / 4.105s) | Generator RTF: 0.2910(1.195s / 4.105s)
generated_audios/generated_H3_512C_pruned50/237-134493-0001_generated.wav | RTF: 0.2910(2.148s / 7.380s) | Generator RTF: 0.2905(2.144s / 7.380s)
generated_audios/generated_H3_512C_pruned50/237-134493-0002_generated.wav | RTF: 0.3003(3.421s / 11.395s) | Generator RTF: 0.2999(3.417s / 11.395s)
generated_audios/generated_H3_512C_pruned50/237-134493-0003_generated.wav | RTF: 0.4037(5.154s / 12.765s) | Generator RTF: 0.4034(5.149s / 12.765s)
generated_audios/generated_H3_512C_pruned50/237-134493-0004_generated.wav | RTF: 0.2928(1.999s / 6.825s) | Generator RTF: 0.2923(1.995s / 6.825s)
generated_audios/generated_H3_512C_pruned50/237-134493-0005_generated.wav | RTF: 0.2935(3.212s / 10.945s) | Generator RTF: 0.2931(3.208s / 10.945s)
generated_audios/generated_H3_512C_pruned50/237-134493-0006_generated.wav | RTF: 0.2860(1.257s / 4.395s) | Generator RTF: 0.2852(1.253s / 4.395s)
generated_audios/generated_H3_512C_pruned50/237-134493-0007_generated.wav | RTF: 0.2845(0.579s / 2.035s) | Generator RTF: 0.2829(0.576s / 2.035s)
generated_audios/generated_H3_512C_pruned50/237-134493-0008_generated.wav | RTF: 0.2793(0.644s / 2.305s) | Generator RTF: 0.2780(0.641s / 2.305s)
generated_audios/generated_H3_512C_pruned50/237-134493-0009_generated.wav | RTF: 0.2890(0.860s / 2.975s) | Generator RTF: 0.2879(0.857s / 2.975s)
generated_audios/generated_H3_512C_pruned50/237-134493-0010_generated.wav | RTF: 0.2895(0.832s / 2.875s) | Generator RTF: 0.2884(0.829s / 2.875s)
generated_audios/generated_H3_512C_pruned50/237-134493-0011_generated.wav | RTF: 0.2870(1.445s / 5.035s) | Generator RTF: 0.2862(1.441s / 5.035s)
generated_audios/generated_H3_512C_pruned50/237-134493-0012_generated.wav | RTF: 0.2749(1.006s / 3.660s) | Generator RTF: 0.2740(1.003s / 3.660s)
generated_audios/generated_H3_512C_pruned50/237-134493-0013_generated.wav | RTF: 0.1836(0.751s / 4.090s) | Generator RTF: 0.1828(0.748s / 4.090s)
generated_audios/generated_H3_512C_pruned50/237-134493-0014_generated.wav | RTF: 0.2765(1.023s / 3.700s) | Generator RTF: 0.2755(1.020s / 3.700s)
generated_audios/generated_H3_512C_pruned50/237-134493-0015_generated.wav | RTF: 0.1949(1.277s / 6.550s) | Generator RTF: 0.1943(1.273s / 6.550s)
generated_audios/generated_H3_512C_pruned50/237-134493-0016_generated.wav | RTF: 0.3032(3.058s / 10.085s) | Generator RTF: 0.3028(3.054s / 10.085s)
generated_audios/generated_H3_512C_pruned50/237-134493-0017_generated.wav | RTF: 0.3052(2.779s / 9.105s) | Generator RTF: 0.3047(2.775s / 9.105s)
generated_audios/generated_H3_512C_pruned50/237-134493-0018_generated.wav | RTF: 0.2904(1.391s / 4.790s) | Generator RTF: 0.2896(1.387s / 4.790s)
generated_audios/generated_H3_512C_pruned50/237-134500-0000_generated.wav | RTF: 0.2931(1.796s / 6.130s) | Generator RTF: 0.2925(1.793s / 6.130s)
generated_audios/generated_H3_512C_pruned50/237-134500-0001_generated.wav | RTF: 0.2877(0.521s / 1.810s) | Generator RTF: 0.2860(0.518s / 1.810s)
generated_audios/generated_H3_512C_pruned50/237-134500-0002_generated.wav | RTF: 0.2871(1.456s / 5.070s) | Generator RTF: 0.2864(1.452s / 5.070s)
generated_audios/generated_H3_512C_pruned50/237-134500-0003_generated.wav | RTF: 0.1925(0.610s / 3.170s) | Generator RTF: 0.1915(0.607s / 3.170s)
generated_audios/generated_H3_512C_pruned50/237-134500-0004_generated.wav | RTF: 0.1858(0.414s / 2.225s) | Generator RTF: 0.1846(0.411s / 2.225s)
generated_audios/generated_H3_512C_pruned50/237-134500-0005_generated.wav | RTF: 0.2876(0.687s / 2.390s) | Generator RTF: 0.2863(0.684s / 2.390s)
generated_audios/generated_H3_512C_pruned50/237-134500-0006_generated.wav | RTF: 0.3154(1.333s / 4.225s) | Generator RTF: 0.3146(1.329s / 4.225s)
generated_audios/generated_H3_512C_pruned50/237-134500-0007_generated.wav | RTF: 0.1777(0.425s / 2.390s) | Generator RTF: 0.1764(0.422s / 2.390s)
generated_audios/generated_H3_512C_pruned50/237-134500-0008_generated.wav | RTF: 0.1796(0.675s / 3.760s) | Generator RTF: 0.1787(0.672s / 3.760s)
generated_audios/generated_H3_512C_pruned50/237-134500-0009_generated.wav | RTF: 0.1746(0.388s / 2.220s) | Generator RTF: 0.1731(0.384s / 2.220s)
generated_audios/generated_H3_512C_pruned50/237-134500-0010_generated.wav | RTF: 0.2845(1.136s / 3.995s) | Generator RTF: 0.2836(1.133s / 3.995s)
generated_audios/generated_H3_512C_pruned50/237-134500-0011_generated.wav | RTF: 0.2785(0.933s / 3.350s) | Generator RTF: 0.2775(0.930s / 3.350s)
generated_audios/generated_H3_512C_pruned50/237-134500-0012_generated.wav | RTF: 0.3016(3.298s / 10.935s) | Generator RTF: 0.3013(3.294s / 10.935s)
generated_audios/generated_H3_512C_pruned50/237-134500-0013_generated.wav | RTF: 0.2042(2.157s / 10.560s) | Generator RTF: 0.2038(2.152s / 10.560s)
generated_audios/generated_H3_512C_pruned50/237-134500-0014_generated.wav | RTF: 0.1874(0.796s / 4.250s) | Generator RTF: 0.1865(0.793s / 4.250s)
generated_audios/generated_H3_512C_pruned50/237-134500-0015_generated.wav | RTF: 0.3110(3.363s / 10.815s) | Generator RTF: 0.3106(3.359s / 10.815s)
generated_audios/generated_H3_512C_pruned50/237-134500-0016_generated.wav | RTF: 0.1864(0.589s / 3.160s) | Generator RTF: 0.1851(0.585s / 3.160s)
generated_audios/generated_H3_512C_pruned50/237-134500-0017_generated.wav | RTF: 0.1845(0.402s / 2.180s) | Generator RTF: 0.1830(0.399s / 2.180s)
generated_audios/generated_H3_512C_pruned50/237-134500-0018_generated.wav | RTF: 0.4052(5.204s / 12.845s) | Generator RTF: 0.4048(5.200s / 12.845s)
generated_audios/generated_H3_512C_pruned50/237-134500-0019_generated.wav | RTF: 0.2738(0.783s / 2.860s) | Generator RTF: 0.2726(0.780s / 2.860s)
generated_audios/generated_H3_512C_pruned50/237-134500-0020_generated.wav | RTF: 0.1747(0.381s / 2.180s) | Generator RTF: 0.1733(0.378s / 2.180s)
generated_audios/generated_H3_512C_pruned50/237-134500-0021_generated.wav | RTF: 0.2752(1.409s / 5.120s) | Generator RTF: 0.2745(1.405s / 5.120s)
generated_audios/generated_H3_512C_pruned50/237-134500-0022_generated.wav | RTF: 0.2852(1.473s / 5.165s) | Generator RTF: 0.2844(1.469s / 5.165s)
generated_audios/generated_H3_512C_pruned50/237-134500-0023_generated.wav | RTF: 0.2915(0.892s / 3.060s) | Generator RTF: 0.2904(0.889s / 3.060s)
generated_audios/generated_H3_512C_pruned50/237-134500-0024_generated.wav | RTF: 0.1941(0.856s / 4.410s) | Generator RTF: 0.1933(0.853s / 4.410s)
generated_audios/generated_H3_512C_pruned50/237-134500-0025_generated.wav | RTF: 0.2985(0.487s / 1.630s) | Generator RTF: 0.2966(0.483s / 1.630s)
generated_audios/generated_H3_512C_pruned50/237-134500-0026_generated.wav | RTF: 0.2886(0.880s / 3.050s) | Generator RTF: 0.2875(0.877s / 3.050s)
generated_audios/generated_H3_512C_pruned50/237-134500-0027_generated.wav | RTF: 0.2868(0.938s / 3.270s) | Generator RTF: 0.2858(0.935s / 3.270s)
generated_audios/generated_H3_512C_pruned50/237-134500-0028_generated.wav | RTF: 0.2912(1.318s / 4.525s) | Generator RTF: 0.2907(1.315s / 4.525s)
generated_audios/generated_H3_512C_pruned50/237-134500-0029_generated.wav | RTF: 0.2807(0.580s / 2.065s) | Generator RTF: 0.2791(0.576s / 2.065s)
generated_audios/generated_H3_512C_pruned50/237-134500-0030_generated.wav | RTF: 0.2883(0.801s / 2.780s) | Generator RTF: 0.2871(0.798s / 2.780s)
generated_audios/generated_H3_512C_pruned50/237-134500-0031_generated.wav | RTF: 0.3339(3.542s / 10.610s) | Generator RTF: 0.3276(3.475s / 10.610s)
generated_audios/generated_H3_512C_pruned50/237-134500-0032_generated.wav | RTF: 0.1876(0.942s / 5.025s) | Generator RTF: 0.1868(0.939s / 5.025s)
generated_audios/generated_H3_512C_pruned50/237-134500-0033_generated.wav | RTF: 0.2868(1.821s / 6.350s) | Generator RTF: 0.2862(1.818s / 6.350s)
generated_audios/generated_H3_512C_pruned50/237-134500-0034_generated.wav | RTF: 0.2848(0.876s / 3.075s) | Generator RTF: 0.2838(0.873s / 3.075s)
generated_audios/generated_H3_512C_pruned50/237-134500-0035_generated.wav | RTF: 0.2855(0.729s / 2.555s) | Generator RTF: 0.2842(0.726s / 2.555s)
generated_audios/generated_H3_512C_pruned50/237-134500-0036_generated.wav | RTF: 0.2934(1.936s / 6.600s) | Generator RTF: 0.2928(1.933s / 6.600s)
generated_audios/generated_H3_512C_pruned50/237-134500-0037_generated.wav | RTF: 0.2940(2.089s / 7.105s) | Generator RTF: 0.2934(2.085s / 7.105s)
generated_audios/generated_H3_512C_pruned50/237-134500-0038_generated.wav | RTF: 0.2854(0.695s / 2.435s) | Generator RTF: 0.2840(0.692s / 2.435s)
generated_audios/generated_H3_512C_pruned50/237-134500-0039_generated.wav | RTF: 0.2937(1.360s / 4.630s) | Generator RTF: 0.2930(1.356s / 4.630s)
generated_audios/generated_H3_512C_pruned50/237-134500-0040_generated.wav | RTF: 0.1934(0.779s / 4.030s) | Generator RTF: 0.1924(0.775s / 4.030s)
generated_audios/generated_H3_512C_pruned50/237-134500-0041_generated.wav | RTF: 0.1974(1.761s / 8.920s) | Generator RTF: 0.1970(1.757s / 8.920s)
generated_audios/generated_H3_512C_pruned50/237-134500-0042_generated.wav | RTF: 0.2938(0.757s / 2.575s) | Generator RTF: 0.2926(0.754s / 2.575s)
generated_audios/generated_H3_512C_pruned50/260-123286-0000_generated.wav | RTF: 0.2877(2.025s / 7.040s) | Generator RTF: 0.2871(2.021s / 7.040s)
generated_audios/generated_H3_512C_pruned50/260-123286-0001_generated.wav | RTF: 0.1871(0.574s / 3.070s) | Generator RTF: 0.1860(0.571s / 3.070s)
generated_audios/generated_H3_512C_pruned50/260-123286-0002_generated.wav | RTF: 0.3224(3.219s / 9.985s) | Generator RTF: 0.3220(3.215s / 9.985s)
generated_audios/generated_H3_512C_pruned50/260-123286-0003_generated.wav | RTF: 0.2909(2.144s / 7.370s) | Generator RTF: 0.2903(2.140s / 7.370s)
generated_audios/generated_H3_512C_pruned50/260-123286-0004_generated.wav | RTF: 0.2817(0.976s / 3.465s) | Generator RTF: 0.2808(0.973s / 3.465s)
generated_audios/generated_H3_512C_pruned50/260-123286-0005_generated.wav | RTF: 0.2724(1.310s / 4.810s) | Generator RTF: 0.2717(1.307s / 4.810s)
generated_audios/generated_H3_512C_pruned50/260-123286-0006_generated.wav | RTF: 0.2947(2.182s / 7.405s) | Generator RTF: 0.2942(2.179s / 7.405s)
generated_audios/generated_H3_512C_pruned50/260-123286-0007_generated.wav | RTF: 0.2827(1.286s / 4.550s) | Generator RTF: 0.2819(1.283s / 4.550s)
generated_audios/generated_H3_512C_pruned50/260-123286-0008_generated.wav | RTF: 0.2737(1.022s / 3.735s) | Generator RTF: 0.2728(1.019s / 3.735s)
generated_audios/generated_H3_512C_pruned50/260-123286-0009_generated.wav | RTF: 0.2898(1.679s / 5.795s) | Generator RTF: 0.2891(1.676s / 5.795s)
generated_audios/generated_H3_512C_pruned50/260-123286-0010_generated.wav | RTF: 0.1753(0.451s / 2.575s) | Generator RTF: 0.1741(0.448s / 2.575s)
generated_audios/generated_H3_512C_pruned50/260-123286-0011_generated.wav | RTF: 0.1834(0.781s / 4.255s) | Generator RTF: 0.1827(0.777s / 4.255s)
generated_audios/generated_H3_512C_pruned50/260-123286-0012_generated.wav | RTF: 0.1866(0.454s / 2.430s) | Generator RTF: 0.1853(0.450s / 2.430s)
generated_audios/generated_H3_512C_pruned50/260-123286-0013_generated.wav | RTF: 0.2876(1.360s / 4.730s) | Generator RTF: 0.2869(1.357s / 4.730s)
generated_audios/generated_H3_512C_pruned50/260-123286-0014_generated.wav | RTF: 0.1933(0.576s / 2.980s) | Generator RTF: 0.1922(0.573s / 2.980s)
generated_audios/generated_H3_512C_pruned50/260-123286-0015_generated.wav | RTF: 0.2859(1.490s / 5.210s) | Generator RTF: 0.2852(1.486s / 5.210s)
generated_audios/generated_H3_512C_pruned50/260-123286-0016_generated.wav | RTF: 0.2983(2.088s / 7.000s) | Generator RTF: 0.2978(2.084s / 7.000s)
generated_audios/generated_H3_512C_pruned50/260-123286-0017_generated.wav | RTF: 0.2851(1.133s / 3.975s) | Generator RTF: 0.2843(1.130s / 3.975s)
generated_audios/generated_H3_512C_pruned50/260-123286-0018_generated.wav | RTF: 0.2903(1.646s / 5.670s) | Generator RTF: 0.2897(1.643s / 5.670s)
generated_audios/generated_H3_512C_pruned50/260-123286-0019_generated.wav | RTF: 0.4047(4.818s / 11.905s) | Generator RTF: 0.4044(4.814s / 11.905s)
generated_audios/generated_H3_512C_pruned50/260-123286-0020_generated.wav | RTF: 0.1822(0.558s / 3.060s) | Generator RTF: 0.1811(0.554s / 3.060s)
generated_audios/generated_H3_512C_pruned50/260-123286-0021_generated.wav | RTF: 0.2758(0.703s / 2.550s) | Generator RTF: 0.2746(0.700s / 2.550s)
generated_audios/generated_H3_512C_pruned50/260-123286-0022_generated.wav | RTF: 0.2836(0.917s / 3.235s) | Generator RTF: 0.2826(0.914s / 3.235s)
generated_audios/generated_H3_512C_pruned50/260-123286-0023_generated.wav | RTF: 0.2902(1.705s / 5.875s) | Generator RTF: 0.2895(1.701s / 5.875s)
generated_audios/generated_H3_512C_pruned50/260-123286-0024_generated.wav | RTF: 0.2862(0.870s / 3.040s) | Generator RTF: 0.2852(0.867s / 3.040s)
generated_audios/generated_H3_512C_pruned50/260-123286-0025_generated.wav | RTF: 0.3005(2.766s / 9.205s) | Generator RTF: 0.3000(2.762s / 9.205s)
generated_audios/generated_H3_512C_pruned50/260-123286-0026_generated.wav | RTF: 0.2928(2.032s / 6.940s) | Generator RTF: 0.2923(2.029s / 6.940s)
generated_audios/generated_H3_512C_pruned50/260-123286-0027_generated.wav | RTF: 0.2940(2.108s / 7.170s) | Generator RTF: 0.2935(2.104s / 7.170s)
generated_audios/generated_H3_512C_pruned50/260-123286-0028_generated.wav | RTF: 0.2920(2.180s / 7.465s) | Generator RTF: 0.2915(2.176s / 7.465s)
generated_audios/generated_H3_512C_pruned50/260-123286-0029_generated.wav | RTF: 0.1894(0.861s / 4.545s) | Generator RTF: 0.1885(0.857s / 4.545s)
generated_audios/generated_H3_512C_pruned50/260-123286-0030_generated.wav | RTF: 0.2124(1.599s / 7.530s) | Generator RTF: 0.2119(1.596s / 7.530s)
generated_audios/generated_H3_512C_pruned50/260-123286-0031_generated.wav | RTF: 0.2789(1.411s / 5.060s) | Generator RTF: 0.2783(1.408s / 5.060s)
generated_audios/generated_H3_512C_pruned50/260-123288-0000_generated.wav | RTF: 0.1846(0.561s / 3.040s) | Generator RTF: 0.1836(0.558s / 3.040s)
generated_audios/generated_H3_512C_pruned50/260-123288-0001_generated.wav | RTF: 0.1888(0.959s / 5.080s) | Generator RTF: 0.1882(0.956s / 5.080s)
generated_audios/generated_H3_512C_pruned50/260-123288-0002_generated.wav | RTF: 0.2996(2.172s / 7.250s) | Generator RTF: 0.2991(2.169s / 7.250s)
generated_audios/generated_H3_512C_pruned50/260-123288-0003_generated.wav | RTF: 0.3059(2.724s / 8.905s) | Generator RTF: 0.3055(2.720s / 8.905s)
generated_audios/generated_H3_512C_pruned50/260-123288-0004_generated.wav | RTF: 0.2852(1.229s / 4.310s) | Generator RTF: 0.2844(1.226s / 4.310s)
generated_audios/generated_H3_512C_pruned50/260-123288-0005_generated.wav | RTF: 0.4144(5.201s / 12.550s) | Generator RTF: 0.4141(5.196s / 12.550s)
generated_audios/generated_H3_512C_pruned50/260-123288-0006_generated.wav | RTF: 0.2895(1.413s / 4.880s) | Generator RTF: 0.2887(1.409s / 4.880s)
generated_audios/generated_H3_512C_pruned50/260-123288-0007_generated.wav | RTF: 0.3053(3.419s / 11.200s) | Generator RTF: 0.3049(3.415s / 11.200s)
generated_audios/generated_H3_512C_pruned50/260-123288-0008_generated.wav | RTF: 0.2939(1.621s / 5.515s) | Generator RTF: 0.2932(1.617s / 5.515s)
generated_audios/generated_H3_512C_pruned50/260-123288-0009_generated.wav | RTF: 0.2890(0.993s / 3.435s) | Generator RTF: 0.2880(0.989s / 3.435s)
generated_audios/generated_H3_512C_pruned50/260-123288-0010_generated.wav | RTF: 0.1991(1.990s / 9.995s) | Generator RTF: 0.1987(1.986s / 9.995s)
generated_audios/generated_H3_512C_pruned50/260-123288-0011_generated.wav | RTF: 0.3064(2.751s / 8.980s) | Generator RTF: 0.3060(2.748s / 8.980s)
generated_audios/generated_H3_512C_pruned50/260-123288-0012_generated.wav | RTF: 0.2904(1.030s / 3.545s) | Generator RTF: 0.2894(1.026s / 3.545s)
generated_audios/generated_H3_512C_pruned50/260-123288-0013_generated.wav | RTF: 0.3038(3.459s / 11.385s) | Generator RTF: 0.3035(3.455s / 11.385s)
generated_audios/generated_H3_512C_pruned50/260-123288-0014_generated.wav | RTF: 0.1817(0.328s / 1.805s) | Generator RTF: 0.1798(0.325s / 1.805s)
generated_audios/generated_H3_512C_pruned50/260-123288-0015_generated.wav | RTF: 0.4102(8.689s / 21.185s) | Generator RTF: 0.4099(8.684s / 21.185s)
generated_audios/generated_H3_512C_pruned50/260-123288-0016_generated.wav | RTF: 0.2968(1.444s / 4.865s) | Generator RTF: 0.2962(1.441s / 4.865s)
generated_audios/generated_H3_512C_pruned50/260-123288-0017_generated.wav | RTF: 0.2827(1.477s / 5.225s) | Generator RTF: 0.2820(1.474s / 5.225s)
generated_audios/generated_H3_512C_pruned50/260-123288-0018_generated.wav | RTF: 0.2756(0.894s / 3.245s) | Generator RTF: 0.2746(0.891s / 3.245s)
generated_audios/generated_H3_512C_pruned50/260-123288-0019_generated.wav | RTF: 0.1847(0.546s / 2.955s) | Generator RTF: 0.1836(0.542s / 2.955s)
generated_audios/generated_H3_512C_pruned50/260-123288-0020_generated.wav | RTF: 0.2921(0.847s / 2.900s) | Generator RTF: 0.2910(0.844s / 2.900s)
generated_audios/generated_H3_512C_pruned50/260-123288-0021_generated.wav | RTF: 0.1836(0.497s / 2.710s) | Generator RTF: 0.1824(0.494s / 2.710s)
generated_audios/generated_H3_512C_pruned50/260-123288-0022_generated.wav | RTF: 0.3044(1.128s / 3.705s) | Generator RTF: 0.3035(1.124s / 3.705s)
generated_audios/generated_H3_512C_pruned50/260-123288-0023_generated.wav | RTF: 0.1868(0.445s / 2.385s) | Generator RTF: 0.1855(0.442s / 2.385s)
generated_audios/generated_H3_512C_pruned50/260-123288-0024_generated.wav | RTF: 0.4087(5.965s / 14.595s) | Generator RTF: 0.4084(5.961s / 14.595s)
generated_audios/generated_H3_512C_pruned50/260-123288-0025_generated.wav | RTF: 0.4142(5.570s / 13.445s) | Generator RTF: 0.4139(5.565s / 13.445s)
generated_audios/generated_H3_512C_pruned50/260-123288-0026_generated.wav | RTF: 0.4281(6.866s / 16.040s) | Generator RTF: 0.4278(6.862s / 16.040s)
generated_audios/generated_H3_512C_pruned50/260-123288-0027_generated.wav | RTF: 0.2927(1.846s / 6.305s) | Generator RTF: 0.2921(1.842s / 6.305s)
generated_audios/generated_H3_512C_pruned50/260-123288-0028_generated.wav | RTF: 0.2839(0.741s / 2.610s) | Generator RTF: 0.2828(0.738s / 2.610s)
generated_audios/generated_H3_512C_pruned50/260-123440-0000_generated.wav | RTF: 0.2763(0.598s / 2.165s) | Generator RTF: 0.2751(0.596s / 2.165s)
generated_audios/generated_H3_512C_pruned50/260-123440-0001_generated.wav | RTF: 0.2916(0.507s / 1.740s) | Generator RTF: 0.2898(0.504s / 1.740s)
generated_audios/generated_H3_512C_pruned50/260-123440-0002_generated.wav | RTF: 0.4186(6.160s / 14.715s) | Generator RTF: 0.4183(6.155s / 14.715s)
generated_audios/generated_H3_512C_pruned50/260-123440-0003_generated.wav | RTF: 0.2963(1.062s / 3.585s) | Generator RTF: 0.2953(1.059s / 3.585s)
generated_audios/generated_H3_512C_pruned50/260-123440-0004_generated.wav | RTF: 0.4225(5.079s / 12.020s) | Generator RTF: 0.4222(5.075s / 12.020s)
generated_audios/generated_H3_512C_pruned50/260-123440-0005_generated.wav | RTF: 0.1817(0.564s / 3.105s) | Generator RTF: 0.1806(0.561s / 3.105s)
generated_audios/generated_H3_512C_pruned50/260-123440-0006_generated.wav | RTF: 0.1708(0.464s / 2.715s) | Generator RTF: 0.1695(0.460s / 2.715s)
generated_audios/generated_H3_512C_pruned50/260-123440-0007_generated.wav | RTF: 0.2702(0.915s / 3.385s) | Generator RTF: 0.2692(0.911s / 3.385s)
generated_audios/generated_H3_512C_pruned50/260-123440-0008_generated.wav | RTF: 0.2867(1.074s / 3.745s) | Generator RTF: 0.2858(1.070s / 3.745s)
generated_audios/generated_H3_512C_pruned50/260-123440-0009_generated.wav | RTF: 0.2913(0.907s / 3.115s) | Generator RTF: 0.2903(0.904s / 3.115s)
generated_audios/generated_H3_512C_pruned50/260-123440-0010_generated.wav | RTF: 0.3104(2.581s / 8.315s) | Generator RTF: 0.3099(2.577s / 8.315s)
generated_audios/generated_H3_512C_pruned50/260-123440-0011_generated.wav | RTF: 0.1961(0.955s / 4.870s) | Generator RTF: 0.1954(0.952s / 4.870s)
generated_audios/generated_H3_512C_pruned50/260-123440-0012_generated.wav | RTF: 0.2889(1.515s / 5.245s) | Generator RTF: 0.2882(1.512s / 5.245s)
generated_audios/generated_H3_512C_pruned50/260-123440-0013_generated.wav | RTF: 0.2910(1.011s / 3.475s) | Generator RTF: 0.2902(1.009s / 3.475s)
generated_audios/generated_H3_512C_pruned50/260-123440-0014_generated.wav | RTF: 0.2904(1.108s / 3.815s) | Generator RTF: 0.2896(1.105s / 3.815s)
generated_audios/generated_H3_512C_pruned50/260-123440-0015_generated.wav | RTF: 0.1934(1.199s / 6.200s) | Generator RTF: 0.1928(1.195s / 6.200s)
generated_audios/generated_H3_512C_pruned50/260-123440-0016_generated.wav | RTF: 0.2912(1.425s / 4.895s) | Generator RTF: 0.2905(1.422s / 4.895s)
generated_audios/generated_H3_512C_pruned50/260-123440-0017_generated.wav | RTF: 0.2001(0.614s / 3.070s) | Generator RTF: 0.1991(0.611s / 3.070s)
generated_audios/generated_H3_512C_pruned50/260-123440-0018_generated.wav | RTF: 0.2880(1.048s / 3.640s) | Generator RTF: 0.2870(1.045s / 3.640s)
generated_audios/generated_H3_512C_pruned50/260-123440-0019_generated.wav | RTF: 0.2968(1.968s / 6.630s) | Generator RTF: 0.2963(1.964s / 6.630s)
generated_audios/generated_H3_512C_pruned50/260-123440-0020_generated.wav | RTF: 0.2928(1.462s / 4.995s) | Generator RTF: 0.2921(1.459s / 4.995s)
generated_audios/generated_H3_512C_pruned50/61-70968-0000_generated.wav | RTF: 0.2907(1.426s / 4.905s) | Generator RTF: 0.2900(1.423s / 4.905s)
generated_audios/generated_H3_512C_pruned50/61-70968-0001_generated.wav | RTF: 0.2878(1.039s / 3.610s) | Generator RTF: 0.2868(1.036s / 3.610s)
generated_audios/generated_H3_512C_pruned50/61-70968-0002_generated.wav | RTF: 0.2832(0.841s / 2.970s) | Generator RTF: 0.2821(0.838s / 2.970s)
generated_audios/generated_H3_512C_pruned50/61-70968-0003_generated.wav | RTF: 0.1918(0.828s / 4.315s) | Generator RTF: 0.1911(0.824s / 4.315s)
generated_audios/generated_H3_512C_pruned50/61-70968-0004_generated.wav | RTF: 0.2867(1.114s / 3.885s) | Generator RTF: 0.2858(1.111s / 3.885s)
generated_audios/generated_H3_512C_pruned50/61-70968-0005_generated.wav | RTF: 0.1934(0.980s / 5.070s) | Generator RTF: 0.1926(0.977s / 5.070s)
generated_audios/generated_H3_512C_pruned50/61-70968-0006_generated.wav | RTF: 0.2795(0.820s / 2.935s) | Generator RTF: 0.2785(0.817s / 2.935s)
generated_audios/generated_H3_512C_pruned50/61-70968-0007_generated.wav | RTF: 0.1874(0.665s / 3.550s) | Generator RTF: 0.1865(0.662s / 3.550s)
generated_audios/generated_H3_512C_pruned50/61-70968-0008_generated.wav | RTF: 0.1882(0.665s / 3.535s) | Generator RTF: 0.1873(0.662s / 3.535s)
generated_audios/generated_H3_512C_pruned50/61-70968-0009_generated.wav | RTF: 0.2911(1.313s / 4.510s) | Generator RTF: 0.2904(1.310s / 4.510s)
generated_audios/generated_H3_512C_pruned50/61-70968-0010_generated.wav | RTF: 0.3060(2.538s / 8.295s) | Generator RTF: 0.3056(2.535s / 8.295s)
generated_audios/generated_H3_512C_pruned50/61-70968-0011_generated.wav | RTF: 0.2936(1.872s / 6.375s) | Generator RTF: 0.2930(1.868s / 6.375s)
generated_audios/generated_H3_512C_pruned50/61-70968-0012_generated.wav | RTF: 0.1823(0.476s / 2.610s) | Generator RTF: 0.1810(0.472s / 2.610s)
generated_audios/generated_H3_512C_pruned50/61-70968-0013_generated.wav | RTF: 0.1852(0.824s / 4.450s) | Generator RTF: 0.1845(0.821s / 4.450s)
generated_audios/generated_H3_512C_pruned50/61-70968-0014_generated.wav | RTF: 0.2979(2.230s / 7.485s) | Generator RTF: 0.2975(2.226s / 7.485s)
generated_audios/generated_H3_512C_pruned50/61-70968-0015_generated.wav | RTF: 0.2868(1.541s / 5.375s) | Generator RTF: 0.2862(1.538s / 5.375s)
generated_audios/generated_H3_512C_pruned50/61-70968-0016_generated.wav | RTF: 0.2920(1.086s / 3.720s) | Generator RTF: 0.2911(1.083s / 3.720s)
generated_audios/generated_H3_512C_pruned50/61-70968-0017_generated.wav | RTF: 0.2884(1.474s / 5.110s) | Generator RTF: 0.2878(1.471s / 5.110s)
generated_audios/generated_H3_512C_pruned50/61-70968-0018_generated.wav | RTF: 0.2776(0.668s / 2.405s) | Generator RTF: 0.2764(0.665s / 2.405s)
generated_audios/generated_H3_512C_pruned50/61-70968-0019_generated.wav | RTF: 0.2865(1.569s / 5.475s) | Generator RTF: 0.2859(1.565s / 5.475s)
generated_audios/generated_H3_512C_pruned50/61-70968-0020_generated.wav | RTF: 0.2893(1.477s / 5.105s) | Generator RTF: 0.2889(1.475s / 5.105s)
generated_audios/generated_H3_512C_pruned50/61-70968-0021_generated.wav | RTF: 0.2854(0.768s / 2.690s) | Generator RTF: 0.2841(0.764s / 2.690s)
generated_audios/generated_H3_512C_pruned50/61-70968-0022_generated.wav | RTF: 0.1939(0.906s / 4.670s) | Generator RTF: 0.1932(0.902s / 4.670s)
generated_audios/generated_H3_512C_pruned50/61-70968-0023_generated.wav | RTF: 0.2034(1.022s / 5.025s) | Generator RTF: 0.2027(1.019s / 5.025s)
generated_audios/generated_H3_512C_pruned50/61-70968-0024_generated.wav | RTF: 0.3016(1.817s / 6.025s) | Generator RTF: 0.3010(1.813s / 6.025s)
generated_audios/generated_H3_512C_pruned50/61-70968-0025_generated.wav | RTF: 0.1965(0.867s / 4.410s) | Generator RTF: 0.1958(0.863s / 4.410s)
generated_audios/generated_H3_512C_pruned50/61-70968-0026_generated.wav | RTF: 0.2877(1.415s / 4.920s) | Generator RTF: 0.2870(1.412s / 4.920s)
generated_audios/generated_H3_512C_pruned50/61-70968-0027_generated.wav | RTF: 0.2960(2.034s / 6.870s) | Generator RTF: 0.2955(2.030s / 6.870s)
generated_audios/generated_H3_512C_pruned50/61-70968-0028_generated.wav | RTF: 0.2921(1.564s / 5.355s) | Generator RTF: 0.2915(1.561s / 5.355s)
generated_audios/generated_H3_512C_pruned50/61-70968-0029_generated.wav | RTF: 0.2954(1.033s / 3.495s) | Generator RTF: 0.2945(1.029s / 3.495s)
generated_audios/generated_H3_512C_pruned50/61-70968-0030_generated.wav | RTF: 0.2914(1.656s / 5.685s) | Generator RTF: 0.2907(1.653s / 5.685s)
generated_audios/generated_H3_512C_pruned50/61-70968-0031_generated.wav | RTF: 0.2944(0.861s / 2.925s) | Generator RTF: 0.2933(0.858s / 2.925s)
generated_audios/generated_H3_512C_pruned50/61-70968-0032_generated.wav | RTF: 0.1938(0.830s / 4.280s) | Generator RTF: 0.1930(0.826s / 4.280s)
generated_audios/generated_H3_512C_pruned50/61-70968-0033_generated.wav | RTF: 0.1852(1.053s / 5.685s) | Generator RTF: 0.1846(1.049s / 5.685s)
generated_audios/generated_H3_512C_pruned50/61-70968-0034_generated.wav | RTF: 0.2960(1.252s / 4.230s) | Generator RTF: 0.2953(1.249s / 4.230s)
generated_audios/generated_H3_512C_pruned50/61-70968-0035_generated.wav | RTF: 0.3065(2.437s / 7.950s) | Generator RTF: 0.3060(2.433s / 7.950s)
generated_audios/generated_H3_512C_pruned50/61-70968-0036_generated.wav | RTF: 0.1857(0.545s / 2.935s) | Generator RTF: 0.1845(0.542s / 2.935s)
generated_audios/generated_H3_512C_pruned50/61-70968-0037_generated.wav | RTF: 0.1923(0.830s / 4.315s) | Generator RTF: 0.1914(0.826s / 4.315s)
generated_audios/generated_H3_512C_pruned50/61-70968-0038_generated.wav | RTF: 0.3022(0.619s / 2.050s) | Generator RTF: 0.3006(0.616s / 2.050s)
generated_audios/generated_H3_512C_pruned50/61-70968-0039_generated.wav | RTF: 0.2828(1.076s / 3.805s) | Generator RTF: 0.2819(1.073s / 3.805s)
generated_audios/generated_H3_512C_pruned50/61-70968-0040_generated.wav | RTF: 0.2939(1.161s / 3.950s) | Generator RTF: 0.2931(1.158s / 3.950s)
generated_audios/generated_H3_512C_pruned50/61-70968-0041_generated.wav | RTF: 0.1913(1.306s / 6.825s) | Generator RTF: 0.1907(1.302s / 6.825s)
generated_audios/generated_H3_512C_pruned50/61-70968-0042_generated.wav | RTF: 0.1938(0.540s / 2.785s) | Generator RTF: 0.1926(0.536s / 2.785s)
generated_audios/generated_H3_512C_pruned50/61-70968-0043_generated.wav | RTF: 0.3015(2.031s / 6.735s) | Generator RTF: 0.3010(2.027s / 6.735s)
generated_audios/generated_H3_512C_pruned50/61-70968-0044_generated.wav | RTF: 0.1908(0.528s / 2.770s) | Generator RTF: 0.1899(0.526s / 2.770s)
generated_audios/generated_H3_512C_pruned50/61-70968-0045_generated.wav | RTF: 0.1870(0.650s / 3.475s) | Generator RTF: 0.1864(0.648s / 3.475s)
generated_audios/generated_H3_512C_pruned50/61-70968-0046_generated.wav | RTF: 0.1869(0.664s / 3.550s) | Generator RTF: 0.1860(0.660s / 3.550s)
generated_audios/generated_H3_512C_pruned50/61-70968-0047_generated.wav | RTF: 0.2825(1.349s / 4.775s) | Generator RTF: 0.2818(1.345s / 4.775s)
generated_audios/generated_H3_512C_pruned50/61-70968-0048_generated.wav | RTF: 0.3015(0.911s / 3.020s) | Generator RTF: 0.3004(0.907s / 3.020s)
generated_audios/generated_H3_512C_pruned50/61-70968-0049_generated.wav | RTF: 0.3107(2.563s / 8.250s) | Generator RTF: 0.3103(2.560s / 8.250s)
generated_audios/generated_H3_512C_pruned50/61-70968-0050_generated.wav | RTF: 0.2912(1.625s / 5.580s) | Generator RTF: 0.2905(1.621s / 5.580s)
generated_audios/generated_H3_512C_pruned50/61-70968-0051_generated.wav | RTF: 0.2945(0.923s / 3.135s) | Generator RTF: 0.2935(0.920s / 3.135s)
generated_audios/generated_H3_512C_pruned50/61-70968-0052_generated.wav | RTF: 0.2841(0.753s / 2.650s) | Generator RTF: 0.2830(0.750s / 2.650s)
generated_audios/generated_H3_512C_pruned50/61-70968-0053_generated.wav | RTF: 0.1911(0.806s / 4.220s) | Generator RTF: 0.1903(0.803s / 4.220s)
generated_audios/generated_H3_512C_pruned50/61-70968-0054_generated.wav | RTF: 0.2964(2.330s / 7.860s) | Generator RTF: 0.2959(2.326s / 7.860s)
generated_audios/generated_H3_512C_pruned50/61-70968-0055_generated.wav | RTF: 0.1923(0.763s / 3.965s) | Generator RTF: 0.1915(0.759s / 3.965s)
generated_audios/generated_H3_512C_pruned50/61-70968-0056_generated.wav | RTF: 0.2925(1.043s / 3.565s) | Generator RTF: 0.2915(1.039s / 3.565s)
generated_audios/generated_H3_512C_pruned50/61-70968-0057_generated.wav | RTF: 0.1905(0.965s / 5.065s) | Generator RTF: 0.1898(0.961s / 5.065s)
generated_audios/generated_H3_512C_pruned50/61-70968-0058_generated.wav | RTF: 0.5197(0.946s / 1.820s) | Generator RTF: 0.4950(0.901s / 1.820s)
generated_audios/generated_H3_512C_pruned50/61-70968-0059_generated.wav | RTF: 0.1904(0.413s / 2.170s) | Generator RTF: 0.1890(0.410s / 2.170s)
generated_audios/generated_H3_512C_pruned50/61-70968-0060_generated.wav | RTF: 0.1841(0.687s / 3.735s) | Generator RTF: 0.1832(0.684s / 3.735s)
generated_audios/generated_H3_512C_pruned50/61-70968-0061_generated.wav | RTF: 0.2984(1.650s / 5.530s) | Generator RTF: 0.2978(1.647s / 5.530s)
generated_audios/generated_H3_512C_pruned50/61-70968-0062_generated.wav | RTF: 0.1930(0.493s / 2.555s) | Generator RTF: 0.1918(0.490s / 2.555s)
generated_audios/generated_H3_512C_pruned50/61-70970-0000_generated.wav | RTF: 0.2976(1.808s / 6.075s) | Generator RTF: 0.2970(1.804s / 6.075s)
generated_audios/generated_H3_512C_pruned50/61-70970-0001_generated.wav | RTF: 0.3029(1.864s / 6.155s) | Generator RTF: 0.3023(1.861s / 6.155s)
generated_audios/generated_H3_512C_pruned50/61-70970-0002_generated.wav | RTF: 0.2972(1.238s / 4.165s) | Generator RTF: 0.2964(1.234s / 4.165s)
generated_audios/generated_H3_512C_pruned50/61-70970-0003_generated.wav | RTF: 0.2795(1.072s / 3.835s) | Generator RTF: 0.2786(1.068s / 3.835s)
generated_audios/generated_H3_512C_pruned50/61-70970-0004_generated.wav | RTF: 0.3090(3.250s / 10.515s) | Generator RTF: 0.3086(3.245s / 10.515s)
generated_audios/generated_H3_512C_pruned50/61-70970-0005_generated.wav | RTF: 0.2991(0.604s / 2.020s) | Generator RTF: 0.2975(0.601s / 2.020s)
generated_audios/generated_H3_512C_pruned50/61-70970-0006_generated.wav | RTF: 0.2846(0.665s / 2.335s) | Generator RTF: 0.2833(0.661s / 2.335s)
generated_audios/generated_H3_512C_pruned50/61-70970-0007_generated.wav | RTF: 0.2922(1.310s / 4.485s) | Generator RTF: 0.2914(1.307s / 4.485s)
generated_audios/generated_H3_512C_pruned50/61-70970-0008_generated.wav | RTF: 0.2996(0.644s / 2.150s) | Generator RTF: 0.2981(0.641s / 2.150s)
generated_audios/generated_H3_512C_pruned50/61-70970-0009_generated.wav | RTF: 0.2909(0.991s / 3.405s) | Generator RTF: 0.2900(0.987s / 3.405s)
generated_audios/generated_H3_512C_pruned50/61-70970-0010_generated.wav | RTF: 0.1794(0.546s / 3.045s) | Generator RTF: 0.1783(0.543s / 3.045s)
generated_audios/generated_H3_512C_pruned50/61-70970-0011_generated.wav | RTF: 0.1753(1.065s / 6.075s) | Generator RTF: 0.1747(1.061s / 6.075s)
generated_audios/generated_H3_512C_pruned50/61-70970-0012_generated.wav | RTF: 0.1817(0.570s / 3.135s) | Generator RTF: 0.1807(0.566s / 3.135s)
generated_audios/generated_H3_512C_pruned50/61-70970-0013_generated.wav | RTF: 0.2940(1.279s / 4.350s) | Generator RTF: 0.2932(1.276s / 4.350s)
generated_audios/generated_H3_512C_pruned50/61-70970-0014_generated.wav | RTF: 0.1697(0.578s / 3.405s) | Generator RTF: 0.1687(0.574s / 3.405s)
generated_audios/generated_H3_512C_pruned50/61-70970-0015_generated.wav | RTF: 0.3182(2.678s / 8.415s) | Generator RTF: 0.3177(2.674s / 8.415s)
generated_audios/generated_H3_512C_pruned50/61-70970-0016_generated.wav | RTF: 0.2912(1.273s / 4.370s) | Generator RTF: 0.2904(1.269s / 4.370s)
generated_audios/generated_H3_512C_pruned50/61-70970-0017_generated.wav | RTF: 0.1826(0.466s / 2.550s) | Generator RTF: 0.1813(0.462s / 2.550s)
generated_audios/generated_H3_512C_pruned50/61-70970-0018_generated.wav | RTF: 0.2891(1.330s / 4.600s) | Generator RTF: 0.2884(1.327s / 4.600s)
generated_audios/generated_H3_512C_pruned50/61-70970-0019_generated.wav | RTF: 0.2883(1.090s / 3.780s) | Generator RTF: 0.2874(1.087s / 3.780s)
generated_audios/generated_H3_512C_pruned50/61-70970-0020_generated.wav | RTF: 0.1795(0.902s / 5.025s) | Generator RTF: 0.1787(0.898s / 5.025s)
generated_audios/generated_H3_512C_pruned50/61-70970-0021_generated.wav | RTF: 0.2870(1.551s / 5.405s) | Generator RTF: 0.2863(1.548s / 5.405s)
generated_audios/generated_H3_512C_pruned50/61-70970-0022_generated.wav | RTF: 0.1781(0.707s / 3.970s) | Generator RTF: 0.1773(0.704s / 3.970s)
generated_audios/generated_H3_512C_pruned50/61-70970-0023_generated.wav | RTF: 0.1776(0.658s / 3.705s) | Generator RTF: 0.1767(0.655s / 3.705s)
generated_audios/generated_H3_512C_pruned50/61-70970-0024_generated.wav | RTF: 0.2934(2.123s / 7.235s) | Generator RTF: 0.2929(2.119s / 7.235s)
generated_audios/generated_H3_512C_pruned50/61-70970-0025_generated.wav | RTF: 0.2925(2.174s / 7.435s) | Generator RTF: 0.2919(2.170s / 7.435s)
generated_audios/generated_H3_512C_pruned50/61-70970-0026_generated.wav | RTF: 0.1794(0.982s / 5.475s) | Generator RTF: 0.1788(0.979s / 5.475s)
generated_audios/generated_H3_512C_pruned50/61-70970-0027_generated.wav | RTF: 0.1770(0.899s / 5.080s) | Generator RTF: 0.1764(0.896s / 5.080s)
generated_audios/generated_H3_512C_pruned50/61-70970-0028_generated.wav | RTF: 0.1812(1.187s / 6.550s) | Generator RTF: 0.1806(1.183s / 6.550s)
generated_audios/generated_H3_512C_pruned50/61-70970-0029_generated.wav | RTF: 0.1775(0.715s / 4.030s) | Generator RTF: 0.1767(0.712s / 4.030s)
generated_audios/generated_H3_512C_pruned50/61-70970-0030_generated.wav | RTF: 0.1816(0.589s / 3.240s) | Generator RTF: 0.1807(0.585s / 3.240s)
generated_audios/generated_H3_512C_pruned50/61-70970-0031_generated.wav | RTF: 0.2889(1.484s / 5.135s) | Generator RTF: 0.2883(1.480s / 5.135s)
generated_audios/generated_H3_512C_pruned50/61-70970-0032_generated.wav | RTF: 0.1802(0.565s / 3.135s) | Generator RTF: 0.1791(0.561s / 3.135s)
generated_audios/generated_H3_512C_pruned50/61-70970-0033_generated.wav | RTF: 0.2828(0.967s / 3.420s) | Generator RTF: 0.2818(0.964s / 3.420s)
generated_audios/generated_H3_512C_pruned50/61-70970-0034_generated.wav | RTF: 0.1783(0.800s / 4.485s) | Generator RTF: 0.1775(0.796s / 4.485s)
generated_audios/generated_H3_512C_pruned50/61-70970-0035_generated.wav | RTF: 0.1809(1.339s / 7.405s) | Generator RTF: 0.1803(1.335s / 7.405s)
generated_audios/generated_H3_512C_pruned50/61-70970-0036_generated.wav | RTF: 0.1820(1.235s / 6.785s) | Generator RTF: 0.1815(1.231s / 6.785s)
generated_audios/generated_H3_512C_pruned50/61-70970-0037_generated.wav | RTF: 0.2882(1.724s / 5.980s) | Generator RTF: 0.2876(1.720s / 5.980s)
generated_audios/generated_H3_512C_pruned50/61-70970-0038_generated.wav | RTF: 0.3114(3.238s / 10.400s) | Generator RTF: 0.3109(3.234s / 10.400s)
generated_audios/generated_H3_512C_pruned50/61-70970-0039_generated.wav | RTF: 0.1829(1.219s / 6.665s) | Generator RTF: 0.1824(1.215s / 6.665s)
generated_audios/generated_H3_512C_pruned50/61-70970-0040_generated.wav | RTF: 0.1786(0.744s / 4.165s) | Generator RTF: 0.1778(0.740s / 4.165s)
generated_audios/generated_H3_512C_pruned50/672-122797-0000_generated.wav | RTF: 0.2956(1.203s / 4.070s) | Generator RTF: 0.2947(1.199s / 4.070s)
generated_audios/generated_H3_512C_pruned50/672-122797-0001_generated.wav | RTF: 0.4206(6.364s / 15.130s) | Generator RTF: 0.4203(6.360s / 15.130s)
generated_audios/generated_H3_512C_pruned50/672-122797-0002_generated.wav | RTF: 0.4224(5.754s / 13.620s) | Generator RTF: 0.4221(5.749s / 13.620s)
generated_audios/generated_H3_512C_pruned50/672-122797-0003_generated.wav | RTF: 0.2971(1.414s / 4.760s) | Generator RTF: 0.2963(1.410s / 4.760s)
generated_audios/generated_H3_512C_pruned50/672-122797-0004_generated.wav | RTF: 0.3106(3.184s / 10.250s) | Generator RTF: 0.3102(3.180s / 10.250s)
generated_audios/generated_H3_512C_pruned50/672-122797-0005_generated.wav | RTF: 0.2995(0.976s / 3.260s) | Generator RTF: 0.2985(0.973s / 3.260s)
generated_audios/generated_H3_512C_pruned50/672-122797-0006_generated.wav | RTF: 0.4291(5.986s / 13.950s) | Generator RTF: 0.4288(5.981s / 13.950s)
generated_audios/generated_H3_512C_pruned50/672-122797-0007_generated.wav | RTF: 0.2849(1.829s / 6.420s) | Generator RTF: 0.2844(1.826s / 6.420s)
generated_audios/generated_H3_512C_pruned50/672-122797-0008_generated.wav | RTF: 0.4193(12.919s / 30.810s) | Generator RTF: 0.4191(12.913s / 30.810s)
generated_audios/generated_H3_512C_pruned50/672-122797-0009_generated.wav | RTF: 0.1809(0.500s / 2.765s) | Generator RTF: 0.1799(0.497s / 2.765s)
generated_audios/generated_H3_512C_pruned50/672-122797-0010_generated.wav | RTF: 0.1766(0.674s / 3.815s) | Generator RTF: 0.1757(0.670s / 3.815s)
generated_audios/generated_H3_512C_pruned50/672-122797-0011_generated.wav | RTF: 0.3021(0.767s / 2.540s) | Generator RTF: 0.3009(0.764s / 2.540s)
generated_audios/generated_H3_512C_pruned50/672-122797-0012_generated.wav | RTF: 0.2978(2.312s / 7.765s) | Generator RTF: 0.2973(2.309s / 7.765s)
generated_audios/generated_H3_512C_pruned50/672-122797-0013_generated.wav | RTF: 0.2931(2.552s / 8.705s) | Generator RTF: 0.2927(2.548s / 8.705s)
generated_audios/generated_H3_512C_pruned50/672-122797-0014_generated.wav | RTF: 0.1801(0.460s / 2.555s) | Generator RTF: 0.1790(0.457s / 2.555s)
generated_audios/generated_H3_512C_pruned50/672-122797-0015_generated.wav | RTF: 0.1759(0.784s / 4.455s) | Generator RTF: 0.1752(0.781s / 4.455s)
generated_audios/generated_H3_512C_pruned50/672-122797-0016_generated.wav | RTF: 0.2933(2.703s / 9.215s) | Generator RTF: 0.2929(2.699s / 9.215s)
generated_audios/generated_H3_512C_pruned50/672-122797-0017_generated.wav | RTF: 0.2849(1.373s / 4.820s) | Generator RTF: 0.2841(1.369s / 4.820s)
generated_audios/generated_H3_512C_pruned50/672-122797-0018_generated.wav | RTF: 0.2880(1.420s / 4.930s) | Generator RTF: 0.2873(1.416s / 4.930s)
generated_audios/generated_H3_512C_pruned50/672-122797-0019_generated.wav | RTF: 0.2834(1.165s / 4.110s) | Generator RTF: 0.2828(1.162s / 4.110s)
generated_audios/generated_H3_512C_pruned50/672-122797-0020_generated.wav | RTF: 0.2941(2.596s / 8.825s) | Generator RTF: 0.2937(2.592s / 8.825s)
generated_audios/generated_H3_512C_pruned50/672-122797-0021_generated.wav | RTF: 0.1786(0.741s / 4.150s) | Generator RTF: 0.1777(0.737s / 4.150s)
generated_audios/generated_H3_512C_pruned50/672-122797-0022_generated.wav | RTF: 0.4289(8.152s / 19.005s) | Generator RTF: 0.4287(8.147s / 19.005s)
generated_audios/generated_H3_512C_pruned50/672-122797-0023_generated.wav | RTF: 0.2956(2.866s / 9.695s) | Generator RTF: 0.2951(2.861s / 9.695s)
generated_audios/generated_H3_512C_pruned50/672-122797-0024_generated.wav | RTF: 0.2916(1.204s / 4.130s) | Generator RTF: 0.2907(1.201s / 4.130s)
generated_audios/generated_H3_512C_pruned50/672-122797-0025_generated.wav | RTF: 0.2959(3.163s / 10.690s) | Generator RTF: 0.2955(3.159s / 10.690s)
generated_audios/generated_H3_512C_pruned50/672-122797-0026_generated.wav | RTF: 0.4253(5.938s / 13.960s) | Generator RTF: 0.4250(5.934s / 13.960s)
generated_audios/generated_H3_512C_pruned50/672-122797-0027_generated.wav | RTF: 0.1788(0.856s / 4.790s) | Generator RTF: 0.1779(0.852s / 4.790s)
generated_audios/generated_H3_512C_pruned50/672-122797-0028_generated.wav | RTF: 0.1830(0.478s / 2.610s) | Generator RTF: 0.1818(0.474s / 2.610s)
generated_audios/generated_H3_512C_pruned50/672-122797-0029_generated.wav | RTF: 0.1823(0.556s / 3.050s) | Generator RTF: 0.1812(0.553s / 3.050s)
generated_audios/generated_H3_512C_pruned50/672-122797-0030_generated.wav | RTF: 0.2924(1.338s / 4.575s) | Generator RTF: 0.2916(1.334s / 4.575s)
generated_audios/generated_H3_512C_pruned50/672-122797-0031_generated.wav | RTF: 0.1823(0.725s / 3.980s) | Generator RTF: 0.1814(0.722s / 3.980s)
generated_audios/generated_H3_512C_pruned50/672-122797-0032_generated.wav | RTF: 0.1820(0.728s / 4.000s) | Generator RTF: 0.1811(0.725s / 4.000s)
generated_audios/generated_H3_512C_pruned50/672-122797-0033_generated.wav | RTF: 0.3145(0.404s / 1.285s) | Generator RTF: 0.3120(0.401s / 1.285s)
generated_audios/generated_H3_512C_pruned50/672-122797-0034_generated.wav | RTF: 0.1805(0.922s / 5.110s) | Generator RTF: 0.1798(0.919s / 5.110s)
generated_audios/generated_H3_512C_pruned50/672-122797-0035_generated.wav | RTF: 0.1836(0.532s / 2.900s) | Generator RTF: 0.1824(0.529s / 2.900s)
generated_audios/generated_H3_512C_pruned50/672-122797-0036_generated.wav | RTF: 0.1810(0.971s / 5.365s) | Generator RTF: 0.1803(0.968s / 5.365s)
generated_audios/generated_H3_512C_pruned50/672-122797-0037_generated.wav | RTF: 0.3014(0.591s / 1.960s) | Generator RTF: 0.2839(0.556s / 1.960s)
generated_audios/generated_H3_512C_pruned50/672-122797-0038_generated.wav | RTF: 0.2988(2.629s / 8.800s) | Generator RTF: 0.2983(2.625s / 8.800s)
generated_audios/generated_H3_512C_pruned50/672-122797-0039_generated.wav | RTF: 0.2957(1.190s / 4.025s) | Generator RTF: 0.2949(1.187s / 4.025s)
generated_audios/generated_H3_512C_pruned50/672-122797-0040_generated.wav | RTF: 0.1982(1.016s / 5.125s) | Generator RTF: 0.1975(1.012s / 5.125s)
generated_audios/generated_H3_512C_pruned50/672-122797-0041_generated.wav | RTF: 0.1810(0.702s / 3.880s) | Generator RTF: 0.1800(0.699s / 3.880s)
generated_audios/generated_H3_512C_pruned50/672-122797-0042_generated.wav | RTF: 0.4347(6.655s / 15.310s) | Generator RTF: 0.4344(6.651s / 15.310s)
generated_audios/generated_H3_512C_pruned50/672-122797-0043_generated.wav | RTF: 0.1787(0.675s / 3.780s) | Generator RTF: 0.1777(0.672s / 3.780s)
generated_audios/generated_H3_512C_pruned50/672-122797-0044_generated.wav | RTF: 0.1776(0.664s / 3.740s) | Generator RTF: 0.1766(0.661s / 3.740s)
generated_audios/generated_H3_512C_pruned50/672-122797-0045_generated.wav | RTF: 0.3104(4.334s / 13.960s) | Generator RTF: 0.3101(4.329s / 13.960s)
generated_audios/generated_H3_512C_pruned50/672-122797-0046_generated.wav | RTF: 0.2904(1.369s / 4.715s) | Generator RTF: 0.2896(1.366s / 4.715s)
generated_audios/generated_H3_512C_pruned50/672-122797-0047_generated.wav | RTF: 0.2983(0.992s / 3.325s) | Generator RTF: 0.2973(0.989s / 3.325s)
generated_audios/generated_H3_512C_pruned50/672-122797-0048_generated.wav | RTF: 0.1816(1.190s / 6.555s) | Generator RTF: 0.1812(1.188s / 6.555s)
generated_audios/generated_H3_512C_pruned50/672-122797-0049_generated.wav | RTF: 0.1892(0.382s / 2.020s) | Generator RTF: 0.1875(0.379s / 2.020s)
generated_audios/generated_H3_512C_pruned50/672-122797-0050_generated.wav | RTF: 0.2958(1.436s / 4.855s) | Generator RTF: 0.2950(1.432s / 4.855s)
generated_audios/generated_H3_512C_pruned50/672-122797-0051_generated.wav | RTF: 0.2956(1.379s / 4.665s) | Generator RTF: 0.2949(1.376s / 4.665s)
generated_audios/generated_H3_512C_pruned50/672-122797-0052_generated.wav | RTF: 0.2825(1.210s / 4.285s) | Generator RTF: 0.2816(1.207s / 4.285s)
generated_audios/generated_H3_512C_pruned50/672-122797-0053_generated.wav | RTF: 0.1856(0.549s / 2.955s) | Generator RTF: 0.1845(0.545s / 2.955s)
generated_audios/generated_H3_512C_pruned50/672-122797-0054_generated.wav | RTF: 0.1787(0.759s / 4.250s) | Generator RTF: 0.1778(0.756s / 4.250s)
generated_audios/generated_H3_512C_pruned50/672-122797-0055_generated.wav | RTF: 0.2938(2.418s / 8.230s) | Generator RTF: 0.2934(2.414s / 8.230s)
generated_audios/generated_H3_512C_pruned50/672-122797-0056_generated.wav | RTF: 0.1800(0.941s / 5.225s) | Generator RTF: 0.1793(0.937s / 5.225s)
generated_audios/generated_H3_512C_pruned50/672-122797-0057_generated.wav | RTF: 0.1815(1.190s / 6.560s) | Generator RTF: 0.1809(1.187s / 6.560s)
generated_audios/generated_H3_512C_pruned50/672-122797-0058_generated.wav | RTF: 0.2951(1.319s / 4.470s) | Generator RTF: 0.2943(1.315s / 4.470s)
generated_audios/generated_H3_512C_pruned50/672-122797-0059_generated.wav | RTF: 0.2875(1.012s / 3.520s) | Generator RTF: 0.2865(1.009s / 3.520s)
generated_audios/generated_H3_512C_pruned50/672-122797-0060_generated.wav | RTF: 0.1783(0.597s / 3.350s) | Generator RTF: 0.1773(0.594s / 3.350s)
generated_audios/generated_H3_512C_pruned50/672-122797-0061_generated.wav | RTF: 0.2913(2.211s / 7.590s) | Generator RTF: 0.2908(2.207s / 7.590s)
generated_audios/generated_H3_512C_pruned50/672-122797-0062_generated.wav | RTF: 0.2978(0.797s / 2.675s) | Generator RTF: 0.2965(0.793s / 2.675s)
generated_audios/generated_H3_512C_pruned50/672-122797-0063_generated.wav | RTF: 0.1779(0.903s / 5.075s) | Generator RTF: 0.1771(0.899s / 5.075s)
generated_audios/generated_H3_512C_pruned50/672-122797-0064_generated.wav | RTF: 0.4195(6.406s / 15.270s) | Generator RTF: 0.4192(6.401s / 15.270s)
generated_audios/generated_H3_512C_pruned50/672-122797-0065_generated.wav | RTF: 0.1824(0.553s / 3.030s) | Generator RTF: 0.1811(0.549s / 3.030s)
generated_audios/generated_H3_512C_pruned50/672-122797-0066_generated.wav | RTF: 0.1784(0.859s / 4.815s) | Generator RTF: 0.1776(0.855s / 4.815s)
generated_audios/generated_H3_512C_pruned50/672-122797-0067_generated.wav | RTF: 0.3823(4.983s / 13.035s) | Generator RTF: 0.3820(4.979s / 13.035s)
generated_audios/generated_H3_512C_pruned50/672-122797-0068_generated.wav | RTF: 0.1803(0.725s / 4.020s) | Generator RTF: 0.1794(0.721s / 4.020s)
generated_audios/generated_H3_512C_pruned50/672-122797-0069_generated.wav | RTF: 0.2936(1.471s / 5.010s) | Generator RTF: 0.2928(1.467s / 5.010s)
generated_audios/generated_H3_512C_pruned50/672-122797-0070_generated.wav | RTF: 0.2906(1.822s / 6.270s) | Generator RTF: 0.2900(1.818s / 6.270s)
generated_audios/generated_H3_512C_pruned50/672-122797-0071_generated.wav | RTF: 0.2967(2.633s / 8.875s) | Generator RTF: 0.2962(2.629s / 8.875s)
generated_audios/generated_H3_512C_pruned50/672-122797-0072_generated.wav | RTF: 0.2947(2.340s / 7.940s) | Generator RTF: 0.2941(2.335s / 7.940s)
generated_audios/generated_H3_512C_pruned50/672-122797-0073_generated.wav | RTF: 0.2937(2.410s / 8.205s) | Generator RTF: 0.2932(2.406s / 8.205s)
generated_audios/generated_H3_512C_pruned50/672-122797-0074_generated.wav | RTF: 0.2926(2.555s / 8.730s) | Generator RTF: 0.2922(2.551s / 8.730s)
generated_audios/generated_H3_512C_pruned50/908-157963-0000_generated.wav | RTF: 0.3336(4.210s / 12.620s) | Generator RTF: 0.3333(4.206s / 12.620s)
generated_audios/generated_H3_512C_pruned50/908-157963-0001_generated.wav | RTF: 0.3064(0.884s / 2.885s) | Generator RTF: 0.3052(0.881s / 2.885s)
generated_audios/generated_H3_512C_pruned50/908-157963-0002_generated.wav | RTF: 0.2892(0.797s / 2.755s) | Generator RTF: 0.2879(0.793s / 2.755s)
generated_audios/generated_H3_512C_pruned50/908-157963-0003_generated.wav | RTF: 0.2985(0.919s / 3.080s) | Generator RTF: 0.2974(0.916s / 3.080s)
generated_audios/generated_H3_512C_pruned50/908-157963-0004_generated.wav | RTF: 0.4151(5.807s / 13.990s) | Generator RTF: 0.4147(5.802s / 13.990s)
generated_audios/generated_H3_512C_pruned50/908-157963-0005_generated.wav | RTF: 0.2922(2.055s / 7.035s) | Generator RTF: 0.2916(2.052s / 7.035s)
generated_audios/generated_H3_512C_pruned50/908-157963-0006_generated.wav | RTF: 0.2965(2.404s / 8.110s) | Generator RTF: 0.2960(2.400s / 8.110s)
generated_audios/generated_H3_512C_pruned50/908-157963-0007_generated.wav | RTF: 0.4244(13.908s / 32.770s) | Generator RTF: 0.4242(13.901s / 32.770s)
generated_audios/generated_H3_512C_pruned50/908-157963-0008_generated.wav | RTF: 0.4206(8.390s / 19.950s) | Generator RTF: 0.4203(8.385s / 19.950s)
generated_audios/generated_H3_512C_pruned50/908-157963-0009_generated.wav | RTF: 0.2909(1.181s / 4.060s) | Generator RTF: 0.2900(1.178s / 4.060s)
generated_audios/generated_H3_512C_pruned50/908-157963-0010_generated.wav | RTF: 0.1813(1.139s / 6.280s) | Generator RTF: 0.1807(1.135s / 6.280s)
generated_audios/generated_H3_512C_pruned50/908-157963-0011_generated.wav | RTF: 0.1820(1.892s / 10.395s) | Generator RTF: 0.1816(1.888s / 10.395s)
generated_audios/generated_H3_512C_pruned50/908-157963-0012_generated.wav | RTF: 0.2939(2.965s / 10.090s) | Generator RTF: 0.2935(2.961s / 10.090s)
generated_audios/generated_H3_512C_pruned50/908-157963-0013_generated.wav | RTF: 0.1802(0.778s / 4.315s) | Generator RTF: 0.1795(0.775s / 4.315s)
generated_audios/generated_H3_512C_pruned50/908-157963-0014_generated.wav | RTF: 0.1790(0.809s / 4.520s) | Generator RTF: 0.1782(0.806s / 4.520s)
generated_audios/generated_H3_512C_pruned50/908-157963-0015_generated.wav | RTF: 0.4110(5.945s / 14.465s) | Generator RTF: 0.4107(5.941s / 14.465s)
generated_audios/generated_H3_512C_pruned50/908-157963-0016_generated.wav | RTF: 0.1797(0.918s / 5.105s) | Generator RTF: 0.1791(0.914s / 5.105s)
generated_audios/generated_H3_512C_pruned50/908-157963-0017_generated.wav | RTF: 0.2863(1.417s / 4.950s) | Generator RTF: 0.2856(1.414s / 4.950s)
generated_audios/generated_H3_512C_pruned50/908-157963-0018_generated.wav | RTF: 0.1781(0.758s / 4.255s) | Generator RTF: 0.1773(0.754s / 4.255s)
generated_audios/generated_H3_512C_pruned50/908-157963-0019_generated.wav | RTF: 0.4140(8.877s / 21.440s) | Generator RTF: 0.4138(8.872s / 21.440s)
generated_audios/generated_H3_512C_pruned50/908-157963-0020_generated.wav | RTF: 0.2973(2.913s / 9.800s) | Generator RTF: 0.2969(2.910s / 9.800s)
generated_audios/generated_H3_512C_pruned50/908-157963-0021_generated.wav | RTF: 0.1878(1.923s / 10.240s) | Generator RTF: 0.1874(1.919s / 10.240s)
generated_audios/generated_H3_512C_pruned50/908-157963-0022_generated.wav | RTF: 0.2979(1.373s / 4.610s) | Generator RTF: 0.2971(1.370s / 4.610s)
generated_audios/generated_H3_512C_pruned50/908-157963-0023_generated.wav | RTF: 0.3166(3.047s / 9.625s) | Generator RTF: 0.3161(3.043s / 9.625s)
generated_audios/generated_H3_512C_pruned50/908-157963-0024_generated.wav | RTF: 0.2887(0.993s / 3.440s) | Generator RTF: 0.2877(0.990s / 3.440s)
generated_audios/generated_H3_512C_pruned50/908-157963-0025_generated.wav | RTF: 0.2927(2.712s / 9.265s) | Generator RTF: 0.2923(2.708s / 9.265s)
generated_audios/generated_H3_512C_pruned50/908-157963-0026_generated.wav | RTF: 0.2945(2.385s / 8.100s) | Generator RTF: 0.2940(2.381s / 8.100s)
generated_audios/generated_H3_512C_pruned50/908-157963-0027_generated.wav | RTF: 0.1798(0.940s / 5.225s) | Generator RTF: 0.1791(0.936s / 5.225s)
generated_audios/generated_H3_512C_pruned50/908-157963-0028_generated.wav | RTF: 0.1729(0.857s / 4.955s) | Generator RTF: 0.1721(0.853s / 4.955s)
generated_audios/generated_H3_512C_pruned50/908-157963-0029_generated.wav | RTF: 0.2849(1.034s / 3.630s) | Generator RTF: 0.2840(1.031s / 3.630s)
generated_audios/generated_H3_512C_pruned50/908-157963-0030_generated.wav | RTF: 0.1788(0.808s / 4.520s) | Generator RTF: 0.1781(0.805s / 4.520s)
generated_audios/generated_H3_512C_pruned50/908-31957-0000_generated.wav | RTF: 0.2865(0.609s / 2.125s) | Generator RTF: 0.2850(0.606s / 2.125s)
generated_audios/generated_H3_512C_pruned50/908-31957-0001_generated.wav | RTF: 0.2967(3.358s / 11.315s) | Generator RTF: 0.2964(3.353s / 11.315s)
generated_audios/generated_H3_512C_pruned50/908-31957-0002_generated.wav | RTF: 0.1803(0.864s / 4.790s) | Generator RTF: 0.1795(0.860s / 4.790s)
generated_audios/generated_H3_512C_pruned50/908-31957-0003_generated.wav | RTF: 0.1821(1.196s / 6.565s) | Generator RTF: 0.1816(1.192s / 6.565s)
generated_audios/generated_H3_512C_pruned50/908-31957-0004_generated.wav | RTF: 0.3767(5.558s / 14.755s) | Generator RTF: 0.3764(5.554s / 14.755s)
generated_audios/generated_H3_512C_pruned50/908-31957-0005_generated.wav | RTF: 0.1799(0.808s / 4.490s) | Generator RTF: 0.1792(0.805s / 4.490s)
generated_audios/generated_H3_512C_pruned50/908-31957-0006_generated.wav | RTF: 0.2897(1.706s / 5.890s) | Generator RTF: 0.2891(1.703s / 5.890s)
generated_audios/generated_H3_512C_pruned50/908-31957-0007_generated.wav | RTF: 0.1817(1.054s / 5.800s) | Generator RTF: 0.1811(1.050s / 5.800s)
generated_audios/generated_H3_512C_pruned50/908-31957-0008_generated.wav | RTF: 0.3098(3.100s / 10.005s) | Generator RTF: 0.3094(3.096s / 10.005s)
generated_audios/generated_H3_512C_pruned50/908-31957-0009_generated.wav | RTF: 0.2934(2.261s / 7.705s) | Generator RTF: 0.2929(2.257s / 7.705s)
generated_audios/generated_H3_512C_pruned50/908-31957-0010_generated.wav | RTF: 0.3639(0.913s / 2.510s) | Generator RTF: 0.3340(0.838s / 2.510s)
generated_audios/generated_H3_512C_pruned50/908-31957-0011_generated.wav | RTF: 0.1878(0.439s / 2.335s) | Generator RTF: 0.1864(0.435s / 2.335s)
generated_audios/generated_H3_512C_pruned50/908-31957-0012_generated.wav | RTF: 0.3026(2.304s / 7.615s) | Generator RTF: 0.3021(2.300s / 7.615s)
generated_audios/generated_H3_512C_pruned50/908-31957-0013_generated.wav | RTF: 0.2967(1.833s / 6.180s) | Generator RTF: 0.2961(1.830s / 6.180s)
generated_audios/generated_H3_512C_pruned50/908-31957-0014_generated.wav | RTF: 0.2942(2.224s / 7.560s) | Generator RTF: 0.2937(2.220s / 7.560s)
generated_audios/generated_H3_512C_pruned50/908-31957-0015_generated.wav | RTF: 0.4376(9.394s / 21.465s) | Generator RTF: 0.4374(9.389s / 21.465s)
generated_audios/generated_H3_512C_pruned50/908-31957-0016_generated.wav | RTF: 0.3032(1.965s / 6.480s) | Generator RTF: 0.3026(1.961s / 6.480s)
generated_audios/generated_H3_512C_pruned50/908-31957-0017_generated.wav | RTF: 0.3054(2.381s / 7.795s) | Generator RTF: 0.3049(2.377s / 7.795s)
generated_audios/generated_H3_512C_pruned50/908-31957-0018_generated.wav | RTF: 0.2905(1.137s / 3.915s) | Generator RTF: 0.2897(1.134s / 3.915s)
generated_audios/generated_H3_512C_pruned50/908-31957-0019_generated.wav | RTF: 0.3207(3.059s / 9.540s) | Generator RTF: 0.3203(3.056s / 9.540s)
generated_audios/generated_H3_512C_pruned50/908-31957-0020_generated.wav | RTF: 0.1806(1.064s / 5.895s) | Generator RTF: 0.1800(1.061s / 5.895s)
generated_audios/generated_H3_512C_pruned50/908-31957-0021_generated.wav | RTF: 0.3161(3.447s / 10.905s) | Generator RTF: 0.3158(3.444s / 10.905s)
generated_audios/generated_H3_512C_pruned50/908-31957-0022_generated.wav | RTF: 0.4280(6.035s / 14.100s) | Generator RTF: 0.4277(6.030s / 14.100s)
generated_audios/generated_H3_512C_pruned50/908-31957-0023_generated.wav | RTF: 0.3190(2.716s / 8.515s) | Generator RTF: 0.3185(2.712s / 8.515s)
generated_audios/generated_H3_512C_pruned50/908-31957-0024_generated.wav | RTF: 0.3044(2.295s / 7.540s) | Generator RTF: 0.3039(2.292s / 7.540s)
generated_audios/generated_H3_512C_pruned50/908-31957-0025_generated.wav | RTF: 0.4250(8.737s / 20.560s) | Generator RTF: 0.4247(8.732s / 20.560s)
Average RTF: 0.3046(962.538s / 3159.849s)
Average Generator RTF: 0.3040(960.481s / 3159.849s)
Evaluation summary:
  Mel-spectrogram L1: 0.278109
  PESQ: 2.570052
  STOI: 0.942579
Appended per-audio metrics to CSV: per_audio_results/H3_512C_Mask_pruning

Appended metrics to CSV: experiments_results.csv
========== H3: pruning 70% ==========
Initializing Inference Process..
Using device: cpu (baseline and quantized inference both run on CPU)
Loading '/home/hpc/vlbi/vlbi107v/hifi-gan/cp_hifigan/v1_c512_ft70/g_00265000'
Complete.
Checkpoint contains masked pruning parameters. Preparing masked model before loading...
Removing weight norm...
Skipping ConvTranspose1d pruning for ups.0
Skipping ConvTranspose1d pruning for ups.1
Skipping ConvTranspose1d pruning for ups.2
Skipping ConvTranspose1d pruning for ups.3
Pruning (with mask) resblocks.0.convs1.0 (Conv1d): out_channels=256, dim=0, amount=0.0
Done pruning (with mask) resblocks.0.convs1.0 (Conv1d)
Pruning (with mask) resblocks.0.convs1.1 (Conv1d): out_channels=256, dim=0, amount=0.0
Done pruning (with mask) resblocks.0.convs1.1 (Conv1d)
Pruning (with mask) resblocks.0.convs1.2 (Conv1d): out_channels=256, dim=0, amount=0.0
Done pruning (with mask) resblocks.0.convs1.2 (Conv1d)
Pruning (with mask) resblocks.0.convs2.0 (Conv1d): out_channels=256, dim=0, amount=0.0
Done pruning (with mask) resblocks.0.convs2.0 (Conv1d)
Pruning (with mask) resblocks.0.convs2.1 (Conv1d): out_channels=256, dim=0, amount=0.0
Done pruning (with mask) resblocks.0.convs2.1 (Conv1d)
Pruning (with mask) resblocks.0.convs2.2 (Conv1d): out_channels=256, dim=0, amount=0.0
Done pruning (with mask) resblocks.0.convs2.2 (Conv1d)
Pruning (with mask) resblocks.1.convs1.0 (Conv1d): out_channels=256, dim=0, amount=0.0
Done pruning (with mask) resblocks.1.convs1.0 (Conv1d)
Pruning (with mask) resblocks.1.convs1.1 (Conv1d): out_channels=256, dim=0, amount=0.0
Done pruning (with mask) resblocks.1.convs1.1 (Conv1d)
Pruning (with mask) resblocks.1.convs1.2 (Conv1d): out_channels=256, dim=0, amount=0.0
Done pruning (with mask) resblocks.1.convs1.2 (Conv1d)
Pruning (with mask) resblocks.1.convs2.0 (Conv1d): out_channels=256, dim=0, amount=0.0
Done pruning (with mask) resblocks.1.convs2.0 (Conv1d)
Pruning (with mask) resblocks.1.convs2.1 (Conv1d): out_channels=256, dim=0, amount=0.0
Done pruning (with mask) resblocks.1.convs2.1 (Conv1d)
Pruning (with mask) resblocks.1.convs2.2 (Conv1d): out_channels=256, dim=0, amount=0.0
Done pruning (with mask) resblocks.1.convs2.2 (Conv1d)
Pruning (with mask) resblocks.2.convs1.0 (Conv1d): out_channels=256, dim=0, amount=0.0
Done pruning (with mask) resblocks.2.convs1.0 (Conv1d)
Pruning (with mask) resblocks.2.convs1.1 (Conv1d): out_channels=256, dim=0, amount=0.0
Done pruning (with mask) resblocks.2.convs1.1 (Conv1d)
Pruning (with mask) resblocks.2.convs1.2 (Conv1d): out_channels=256, dim=0, amount=0.0
Done pruning (with mask) resblocks.2.convs1.2 (Conv1d)
Pruning (with mask) resblocks.2.convs2.0 (Conv1d): out_channels=256, dim=0, amount=0.0
Done pruning (with mask) resblocks.2.convs2.0 (Conv1d)
Pruning (with mask) resblocks.2.convs2.1 (Conv1d): out_channels=256, dim=0, amount=0.0
Done pruning (with mask) resblocks.2.convs2.1 (Conv1d)
Pruning (with mask) resblocks.2.convs2.2 (Conv1d): out_channels=256, dim=0, amount=0.0
Done pruning (with mask) resblocks.2.convs2.2 (Conv1d)
Pruning (with mask) resblocks.3.convs1.0 (Conv1d): out_channels=128, dim=0, amount=0.0
Done pruning (with mask) resblocks.3.convs1.0 (Conv1d)
Pruning (with mask) resblocks.3.convs1.1 (Conv1d): out_channels=128, dim=0, amount=0.0
Done pruning (with mask) resblocks.3.convs1.1 (Conv1d)
Pruning (with mask) resblocks.3.convs1.2 (Conv1d): out_channels=128, dim=0, amount=0.0
Done pruning (with mask) resblocks.3.convs1.2 (Conv1d)
Pruning (with mask) resblocks.3.convs2.0 (Conv1d): out_channels=128, dim=0, amount=0.0
Done pruning (with mask) resblocks.3.convs2.0 (Conv1d)
Pruning (with mask) resblocks.3.convs2.1 (Conv1d): out_channels=128, dim=0, amount=0.0
Done pruning (with mask) resblocks.3.convs2.1 (Conv1d)
Pruning (with mask) resblocks.3.convs2.2 (Conv1d): out_channels=128, dim=0, amount=0.0
Done pruning (with mask) resblocks.3.convs2.2 (Conv1d)
Pruning (with mask) resblocks.4.convs1.0 (Conv1d): out_channels=128, dim=0, amount=0.0
Done pruning (with mask) resblocks.4.convs1.0 (Conv1d)
Pruning (with mask) resblocks.4.convs1.1 (Conv1d): out_channels=128, dim=0, amount=0.0
Done pruning (with mask) resblocks.4.convs1.1 (Conv1d)
Pruning (with mask) resblocks.4.convs1.2 (Conv1d): out_channels=128, dim=0, amount=0.0
Done pruning (with mask) resblocks.4.convs1.2 (Conv1d)
Pruning (with mask) resblocks.4.convs2.0 (Conv1d): out_channels=128, dim=0, amount=0.0
Done pruning (with mask) resblocks.4.convs2.0 (Conv1d)
Pruning (with mask) resblocks.4.convs2.1 (Conv1d): out_channels=128, dim=0, amount=0.0
Done pruning (with mask) resblocks.4.convs2.1 (Conv1d)
Pruning (with mask) resblocks.4.convs2.2 (Conv1d): out_channels=128, dim=0, amount=0.0
Done pruning (with mask) resblocks.4.convs2.2 (Conv1d)
Pruning (with mask) resblocks.5.convs1.0 (Conv1d): out_channels=128, dim=0, amount=0.0
Done pruning (with mask) resblocks.5.convs1.0 (Conv1d)
Pruning (with mask) resblocks.5.convs1.1 (Conv1d): out_channels=128, dim=0, amount=0.0
Done pruning (with mask) resblocks.5.convs1.1 (Conv1d)
Pruning (with mask) resblocks.5.convs1.2 (Conv1d): out_channels=128, dim=0, amount=0.0
Done pruning (with mask) resblocks.5.convs1.2 (Conv1d)
Pruning (with mask) resblocks.5.convs2.0 (Conv1d): out_channels=128, dim=0, amount=0.0
Done pruning (with mask) resblocks.5.convs2.0 (Conv1d)
Pruning (with mask) resblocks.5.convs2.1 (Conv1d): out_channels=128, dim=0, amount=0.0
Done pruning (with mask) resblocks.5.convs2.1 (Conv1d)
Pruning (with mask) resblocks.5.convs2.2 (Conv1d): out_channels=128, dim=0, amount=0.0
Done pruning (with mask) resblocks.5.convs2.2 (Conv1d)
Pruning (with mask) resblocks.6.convs1.0 (Conv1d): out_channels=64, dim=0, amount=0.0
Done pruning (with mask) resblocks.6.convs1.0 (Conv1d)
Pruning (with mask) resblocks.6.convs1.1 (Conv1d): out_channels=64, dim=0, amount=0.0
Done pruning (with mask) resblocks.6.convs1.1 (Conv1d)
Pruning (with mask) resblocks.6.convs1.2 (Conv1d): out_channels=64, dim=0, amount=0.0
Done pruning (with mask) resblocks.6.convs1.2 (Conv1d)
Pruning (with mask) resblocks.6.convs2.0 (Conv1d): out_channels=64, dim=0, amount=0.0
Done pruning (with mask) resblocks.6.convs2.0 (Conv1d)
Pruning (with mask) resblocks.6.convs2.1 (Conv1d): out_channels=64, dim=0, amount=0.0
Done pruning (with mask) resblocks.6.convs2.1 (Conv1d)
Pruning (with mask) resblocks.6.convs2.2 (Conv1d): out_channels=64, dim=0, amount=0.0
Done pruning (with mask) resblocks.6.convs2.2 (Conv1d)
Pruning (with mask) resblocks.7.convs1.0 (Conv1d): out_channels=64, dim=0, amount=0.0
Done pruning (with mask) resblocks.7.convs1.0 (Conv1d)
Pruning (with mask) resblocks.7.convs1.1 (Conv1d): out_channels=64, dim=0, amount=0.0
Done pruning (with mask) resblocks.7.convs1.1 (Conv1d)
Pruning (with mask) resblocks.7.convs1.2 (Conv1d): out_channels=64, dim=0, amount=0.0
Done pruning (with mask) resblocks.7.convs1.2 (Conv1d)
Pruning (with mask) resblocks.7.convs2.0 (Conv1d): out_channels=64, dim=0, amount=0.0
Done pruning (with mask) resblocks.7.convs2.0 (Conv1d)
Pruning (with mask) resblocks.7.convs2.1 (Conv1d): out_channels=64, dim=0, amount=0.0
Done pruning (with mask) resblocks.7.convs2.1 (Conv1d)
Pruning (with mask) resblocks.7.convs2.2 (Conv1d): out_channels=64, dim=0, amount=0.0
Done pruning (with mask) resblocks.7.convs2.2 (Conv1d)
Pruning (with mask) resblocks.8.convs1.0 (Conv1d): out_channels=64, dim=0, amount=0.0
Done pruning (with mask) resblocks.8.convs1.0 (Conv1d)
Pruning (with mask) resblocks.8.convs1.1 (Conv1d): out_channels=64, dim=0, amount=0.0
Done pruning (with mask) resblocks.8.convs1.1 (Conv1d)
Pruning (with mask) resblocks.8.convs1.2 (Conv1d): out_channels=64, dim=0, amount=0.0
Done pruning (with mask) resblocks.8.convs1.2 (Conv1d)
Pruning (with mask) resblocks.8.convs2.0 (Conv1d): out_channels=64, dim=0, amount=0.0
Done pruning (with mask) resblocks.8.convs2.0 (Conv1d)
Pruning (with mask) resblocks.8.convs2.1 (Conv1d): out_channels=64, dim=0, amount=0.0
Done pruning (with mask) resblocks.8.convs2.1 (Conv1d)
Pruning (with mask) resblocks.8.convs2.2 (Conv1d): out_channels=64, dim=0, amount=0.0
Done pruning (with mask) resblocks.8.convs2.2 (Conv1d)
Pruning (with mask) resblocks.9.convs1.0 (Conv1d): out_channels=32, dim=0, amount=0.0
Done pruning (with mask) resblocks.9.convs1.0 (Conv1d)
Pruning (with mask) resblocks.9.convs1.1 (Conv1d): out_channels=32, dim=0, amount=0.0
Done pruning (with mask) resblocks.9.convs1.1 (Conv1d)
Pruning (with mask) resblocks.9.convs1.2 (Conv1d): out_channels=32, dim=0, amount=0.0
Done pruning (with mask) resblocks.9.convs1.2 (Conv1d)
Pruning (with mask) resblocks.9.convs2.0 (Conv1d): out_channels=32, dim=0, amount=0.0
Done pruning (with mask) resblocks.9.convs2.0 (Conv1d)
Pruning (with mask) resblocks.9.convs2.1 (Conv1d): out_channels=32, dim=0, amount=0.0
Done pruning (with mask) resblocks.9.convs2.1 (Conv1d)
Pruning (with mask) resblocks.9.convs2.2 (Conv1d): out_channels=32, dim=0, amount=0.0
Done pruning (with mask) resblocks.9.convs2.2 (Conv1d)
Pruning (with mask) resblocks.10.convs1.0 (Conv1d): out_channels=32, dim=0, amount=0.0
Done pruning (with mask) resblocks.10.convs1.0 (Conv1d)
Pruning (with mask) resblocks.10.convs1.1 (Conv1d): out_channels=32, dim=0, amount=0.0
Done pruning (with mask) resblocks.10.convs1.1 (Conv1d)
Pruning (with mask) resblocks.10.convs1.2 (Conv1d): out_channels=32, dim=0, amount=0.0
Done pruning (with mask) resblocks.10.convs1.2 (Conv1d)
Pruning (with mask) resblocks.10.convs2.0 (Conv1d): out_channels=32, dim=0, amount=0.0
Done pruning (with mask) resblocks.10.convs2.0 (Conv1d)
Pruning (with mask) resblocks.10.convs2.1 (Conv1d): out_channels=32, dim=0, amount=0.0
Done pruning (with mask) resblocks.10.convs2.1 (Conv1d)
Pruning (with mask) resblocks.10.convs2.2 (Conv1d): out_channels=32, dim=0, amount=0.0
Done pruning (with mask) resblocks.10.convs2.2 (Conv1d)
Pruning (with mask) resblocks.11.convs1.0 (Conv1d): out_channels=32, dim=0, amount=0.0
Done pruning (with mask) resblocks.11.convs1.0 (Conv1d)
Pruning (with mask) resblocks.11.convs1.1 (Conv1d): out_channels=32, dim=0, amount=0.0
Done pruning (with mask) resblocks.11.convs1.1 (Conv1d)
Pruning (with mask) resblocks.11.convs1.2 (Conv1d): out_channels=32, dim=0, amount=0.0
Done pruning (with mask) resblocks.11.convs1.2 (Conv1d)
Pruning (with mask) resblocks.11.convs2.0 (Conv1d): out_channels=32, dim=0, amount=0.0
Done pruning (with mask) resblocks.11.convs2.0 (Conv1d)
Pruning (with mask) resblocks.11.convs2.1 (Conv1d): out_channels=32, dim=0, amount=0.0
Done pruning (with mask) resblocks.11.convs2.1 (Conv1d)
Pruning (with mask) resblocks.11.convs2.2 (Conv1d): out_channels=32, dim=0, amount=0.0
Done pruning (with mask) resblocks.11.convs2.2 (Conv1d)
Removing pruning masks from masked checkpoint before inference...
Removed pruning masks from 72 modules
Saving checkpoint to /home/hpc/vlbi/vlbi107v/hifi-gan/cp_hifigan/v1_c512_ft70/compressed_checkpoint
Complete.
Saved compressed checkpoint: /home/hpc/vlbi/vlbi107v/hifi-gan/cp_hifigan/v1_c512_ft70/compressed_checkpoint (53.175 MB)
Compressed checkpoint parameters: 13,926,017
Clean mask-free checkpoint saved: /home/hpc/vlbi/vlbi107v/hifi-gan/cp_hifigan/v1_c512_ft70/compressed_checkpoint (53.175 MB)
Loaded checkpoint: /home/hpc/vlbi/vlbi107v/hifi-gan/cp_hifigan/v1_c512_ft70/g_00265000 (95.035 MB)
Generator parameters: 13,926,017
generated_audios/generated_H3_512C_pruned70/1089-134686-0000_generated.wav | RTF: 0.3144(3.281s / 10.435s) | Generator RTF: 0.3139(3.275s / 10.435s)
generated_audios/generated_H3_512C_pruned70/1089-134686-0001_generated.wav | RTF: 0.2711(0.888s / 3.275s) | Generator RTF: 0.2698(0.884s / 3.275s)
generated_audios/generated_H3_512C_pruned70/1089-134686-0002_generated.wav | RTF: 0.2831(1.875s / 6.625s) | Generator RTF: 0.2825(1.872s / 6.625s)
generated_audios/generated_H3_512C_pruned70/1089-134686-0003_generated.wav | RTF: 0.2843(0.762s / 2.680s) | Generator RTF: 0.2830(0.758s / 2.680s)
generated_audios/generated_H3_512C_pruned70/1089-134686-0004_generated.wav | RTF: 0.2784(1.452s / 5.215s) | Generator RTF: 0.2778(1.449s / 5.215s)
generated_audios/generated_H3_512C_pruned70/1089-134686-0005_generated.wav | RTF: 0.2925(2.818s / 9.635s) | Generator RTF: 0.2920(2.813s / 9.635s)
generated_audios/generated_H3_512C_pruned70/1089-134686-0006_generated.wav | RTF: 0.3045(3.214s / 10.555s) | Generator RTF: 0.3041(3.210s / 10.555s)
generated_audios/generated_H3_512C_pruned70/1089-134686-0007_generated.wav | RTF: 0.2787(1.192s / 4.275s) | Generator RTF: 0.2779(1.188s / 4.275s)
generated_audios/generated_H3_512C_pruned70/1089-134686-0008_generated.wav | RTF: 0.2756(1.855s / 6.730s) | Generator RTF: 0.2752(1.852s / 6.730s)
generated_audios/generated_H3_512C_pruned70/1089-134686-0009_generated.wav | RTF: 0.3138(3.318s / 10.575s) | Generator RTF: 0.3133(3.313s / 10.575s)
generated_audios/generated_H3_512C_pruned70/1089-134686-0010_generated.wav | RTF: 0.2768(1.219s / 4.405s) | Generator RTF: 0.2760(1.216s / 4.405s)
generated_audios/generated_H3_512C_pruned70/1089-134686-0011_generated.wav | RTF: 0.3568(4.440s / 12.445s) | Generator RTF: 0.3564(4.436s / 12.445s)
generated_audios/generated_H3_512C_pruned70/1089-134686-0012_generated.wav | RTF: 0.3182(3.704s / 11.640s) | Generator RTF: 0.3179(3.700s / 11.640s)
generated_audios/generated_H3_512C_pruned70/1089-134686-0013_generated.wav | RTF: 0.2743(2.171s / 7.915s) | Generator RTF: 0.2739(2.168s / 7.915s)
generated_audios/generated_H3_512C_pruned70/1089-134686-0014_generated.wav | RTF: 0.2902(0.646s / 2.225s) | Generator RTF: 0.2888(0.642s / 2.225s)
generated_audios/generated_H3_512C_pruned70/1089-134686-0015_generated.wav | RTF: 0.2793(1.624s / 5.815s) | Generator RTF: 0.2787(1.621s / 5.815s)
generated_audios/generated_H3_512C_pruned70/1089-134686-0016_generated.wav | RTF: 0.2805(0.993s / 3.540s) | Generator RTF: 0.2795(0.990s / 3.540s)
generated_audios/generated_H3_512C_pruned70/1089-134686-0017_generated.wav | RTF: 0.2962(2.627s / 8.870s) | Generator RTF: 0.2959(2.625s / 8.870s)
generated_audios/generated_H3_512C_pruned70/1089-134686-0018_generated.wav | RTF: 0.3997(6.284s / 15.720s) | Generator RTF: 0.3995(6.279s / 15.720s)
generated_audios/generated_H3_512C_pruned70/1089-134686-0019_generated.wav | RTF: 0.4134(5.744s / 13.895s) | Generator RTF: 0.4131(5.739s / 13.895s)
generated_audios/generated_H3_512C_pruned70/1089-134686-0020_generated.wav | RTF: 0.4131(6.935s / 16.790s) | Generator RTF: 0.4127(6.930s / 16.790s)
generated_audios/generated_H3_512C_pruned70/1089-134686-0021_generated.wav | RTF: 0.2834(1.856s / 6.550s) | Generator RTF: 0.2828(1.853s / 6.550s)
generated_audios/generated_H3_512C_pruned70/1089-134686-0022_generated.wav | RTF: 0.3037(3.394s / 11.175s) | Generator RTF: 0.3033(3.389s / 11.175s)
generated_audios/generated_H3_512C_pruned70/1089-134686-0023_generated.wav | RTF: 0.4026(5.344s / 13.275s) | Generator RTF: 0.4023(5.340s / 13.275s)
generated_audios/generated_H3_512C_pruned70/1089-134686-0024_generated.wav | RTF: 0.3044(3.548s / 11.655s) | Generator RTF: 0.3041(3.544s / 11.655s)
generated_audios/generated_H3_512C_pruned70/1089-134686-0025_generated.wav | RTF: 0.2855(1.887s / 6.610s) | Generator RTF: 0.2850(1.884s / 6.610s)
generated_audios/generated_H3_512C_pruned70/1089-134686-0026_generated.wav | RTF: 0.2687(1.077s / 4.010s) | Generator RTF: 0.2678(1.074s / 4.010s)
generated_audios/generated_H3_512C_pruned70/1089-134686-0027_generated.wav | RTF: 0.2793(0.757s / 2.710s) | Generator RTF: 0.2782(0.754s / 2.710s)
generated_audios/generated_H3_512C_pruned70/1089-134686-0028_generated.wav | RTF: 0.2937(2.299s / 7.830s) | Generator RTF: 0.2932(2.296s / 7.830s)
generated_audios/generated_H3_512C_pruned70/1089-134686-0029_generated.wav | RTF: 0.2663(1.244s / 4.670s) | Generator RTF: 0.2656(1.240s / 4.670s)
generated_audios/generated_H3_512C_pruned70/1089-134686-0030_generated.wav | RTF: 0.1736(0.471s / 2.715s) | Generator RTF: 0.1725(0.468s / 2.715s)
generated_audios/generated_H3_512C_pruned70/1089-134686-0031_generated.wav | RTF: 0.1799(1.190s / 6.615s) | Generator RTF: 0.1793(1.186s / 6.615s)
generated_audios/generated_H3_512C_pruned70/121-121726-0000_generated.wav | RTF: 0.3088(2.613s / 8.460s) | Generator RTF: 0.3084(2.609s / 8.460s)
generated_audios/generated_H3_512C_pruned70/121-121726-0001_generated.wav | RTF: 0.2831(1.677s / 5.925s) | Generator RTF: 0.2824(1.673s / 5.925s)
generated_audios/generated_H3_512C_pruned70/121-121726-0002_generated.wav | RTF: 0.1764(0.778s / 4.410s) | Generator RTF: 0.1757(0.775s / 4.410s)
generated_audios/generated_H3_512C_pruned70/121-121726-0003_generated.wav | RTF: 0.2868(1.937s / 6.755s) | Generator RTF: 0.2862(1.933s / 6.755s)
generated_audios/generated_H3_512C_pruned70/121-121726-0004_generated.wav | RTF: 0.2904(1.168s / 4.020s) | Generator RTF: 0.2896(1.164s / 4.020s)
generated_audios/generated_H3_512C_pruned70/121-121726-0005_generated.wav | RTF: 0.2730(0.846s / 3.100s) | Generator RTF: 0.2720(0.843s / 3.100s)
generated_audios/generated_H3_512C_pruned70/121-121726-0006_generated.wav | RTF: 0.2908(1.133s / 3.895s) | Generator RTF: 0.2899(1.129s / 3.895s)
generated_audios/generated_H3_512C_pruned70/121-121726-0007_generated.wav | RTF: 0.1905(1.282s / 6.730s) | Generator RTF: 0.1900(1.278s / 6.730s)
generated_audios/generated_H3_512C_pruned70/121-121726-0008_generated.wav | RTF: 0.2839(1.416s / 4.990s) | Generator RTF: 0.2832(1.413s / 4.990s)
generated_audios/generated_H3_512C_pruned70/121-121726-0009_generated.wav | RTF: 0.2992(2.172s / 7.260s) | Generator RTF: 0.2987(2.168s / 7.260s)
generated_audios/generated_H3_512C_pruned70/121-121726-0010_generated.wav | RTF: 0.3345(3.282s / 9.810s) | Generator RTF: 0.3341(3.278s / 9.810s)
generated_audios/generated_H3_512C_pruned70/121-121726-0011_generated.wav | RTF: 0.2770(1.118s / 4.035s) | Generator RTF: 0.2761(1.114s / 4.035s)
generated_audios/generated_H3_512C_pruned70/121-121726-0012_generated.wav | RTF: 0.2692(1.089s / 4.045s) | Generator RTF: 0.2684(1.086s / 4.045s)
generated_audios/generated_H3_512C_pruned70/121-121726-0013_generated.wav | RTF: 0.2886(0.718s / 2.490s) | Generator RTF: 0.2873(0.715s / 2.490s)
generated_audios/generated_H3_512C_pruned70/121-121726-0014_generated.wav | RTF: 0.2780(0.880s / 3.165s) | Generator RTF: 0.2769(0.876s / 3.165s)
generated_audios/generated_H3_512C_pruned70/121-123852-0000_generated.wav | RTF: 0.4130(7.309s / 17.695s) | Generator RTF: 0.4128(7.304s / 17.695s)
generated_audios/generated_H3_512C_pruned70/121-123852-0001_generated.wav | RTF: 0.2888(0.540s / 1.870s) | Generator RTF: 0.2870(0.537s / 1.870s)
generated_audios/generated_H3_512C_pruned70/121-123852-0002_generated.wav | RTF: 0.4141(7.157s / 17.285s) | Generator RTF: 0.4138(7.153s / 17.285s)
generated_audios/generated_H3_512C_pruned70/121-123852-0003_generated.wav | RTF: 0.4274(10.047s / 23.505s) | Generator RTF: 0.4272(10.041s / 23.505s)
generated_audios/generated_H3_512C_pruned70/121-123852-0004_generated.wav | RTF: 0.4163(6.781s / 16.290s) | Generator RTF: 0.4160(6.777s / 16.290s)
generated_audios/generated_H3_512C_pruned70/121-123859-0000_generated.wav | RTF: 0.4166(7.245s / 17.390s) | Generator RTF: 0.4163(7.240s / 17.390s)
generated_audios/generated_H3_512C_pruned70/121-123859-0001_generated.wav | RTF: 0.4272(10.849s / 25.395s) | Generator RTF: 0.4270(10.843s / 25.395s)
generated_audios/generated_H3_512C_pruned70/121-123859-0002_generated.wav | RTF: 0.4090(12.287s / 30.040s) | Generator RTF: 0.4088(12.280s / 30.040s)
generated_audios/generated_H3_512C_pruned70/121-123859-0003_generated.wav | RTF: 0.3017(3.266s / 10.825s) | Generator RTF: 0.3014(3.262s / 10.825s)
generated_audios/generated_H3_512C_pruned70/121-123859-0004_generated.wav | RTF: 0.3112(2.958s / 9.505s) | Generator RTF: 0.3107(2.954s / 9.505s)
generated_audios/generated_H3_512C_pruned70/121-127105-0000_generated.wav | RTF: 0.3159(3.120s / 9.875s) | Generator RTF: 0.3155(3.115s / 9.875s)
generated_audios/generated_H3_512C_pruned70/121-127105-0001_generated.wav | RTF: 0.2862(1.438s / 5.025s) | Generator RTF: 0.2855(1.434s / 5.025s)
generated_audios/generated_H3_512C_pruned70/121-127105-0002_generated.wav | RTF: 0.2954(2.214s / 7.495s) | Generator RTF: 0.2949(2.210s / 7.495s)
generated_audios/generated_H3_512C_pruned70/121-127105-0003_generated.wav | RTF: 0.2896(2.237s / 7.725s) | Generator RTF: 0.2891(2.233s / 7.725s)
generated_audios/generated_H3_512C_pruned70/121-127105-0004_generated.wav | RTF: 0.2918(0.616s / 2.110s) | Generator RTF: 0.2903(0.612s / 2.110s)
generated_audios/generated_H3_512C_pruned70/121-127105-0005_generated.wav | RTF: 0.2758(1.605s / 5.820s) | Generator RTF: 0.2752(1.602s / 5.820s)
generated_audios/generated_H3_512C_pruned70/121-127105-0006_generated.wav | RTF: 0.2768(1.308s / 4.725s) | Generator RTF: 0.2760(1.304s / 4.725s)
generated_audios/generated_H3_512C_pruned70/121-127105-0007_generated.wav | RTF: 0.2749(1.592s / 5.790s) | Generator RTF: 0.2743(1.588s / 5.790s)
generated_audios/generated_H3_512C_pruned70/121-127105-0008_generated.wav | RTF: 0.2754(0.760s / 2.760s) | Generator RTF: 0.2743(0.757s / 2.760s)
generated_audios/generated_H3_512C_pruned70/121-127105-0009_generated.wav | RTF: 0.2851(0.653s / 2.290s) | Generator RTF: 0.2838(0.650s / 2.290s)
generated_audios/generated_H3_512C_pruned70/121-127105-0010_generated.wav | RTF: 0.2846(0.811s / 2.850s) | Generator RTF: 0.2834(0.808s / 2.850s)
generated_audios/generated_H3_512C_pruned70/121-127105-0011_generated.wav | RTF: 0.2830(1.636s / 5.780s) | Generator RTF: 0.2824(1.632s / 5.780s)
generated_audios/generated_H3_512C_pruned70/121-127105-0012_generated.wav | RTF: 0.2805(1.355s / 4.830s) | Generator RTF: 0.2798(1.351s / 4.830s)
generated_audios/generated_H3_512C_pruned70/121-127105-0013_generated.wav | RTF: 0.2870(1.692s / 5.895s) | Generator RTF: 0.2864(1.689s / 5.895s)
generated_audios/generated_H3_512C_pruned70/121-127105-0014_generated.wav | RTF: 0.2869(0.647s / 2.255s) | Generator RTF: 0.2854(0.644s / 2.255s)
generated_audios/generated_H3_512C_pruned70/121-127105-0015_generated.wav | RTF: 0.2832(0.838s / 2.960s) | Generator RTF: 0.2825(0.836s / 2.960s)
generated_audios/generated_H3_512C_pruned70/121-127105-0016_generated.wav | RTF: 0.2687(0.545s / 2.030s) | Generator RTF: 0.2671(0.542s / 2.030s)
generated_audios/generated_H3_512C_pruned70/121-127105-0017_generated.wav | RTF: 0.2853(0.769s / 2.695s) | Generator RTF: 0.2842(0.766s / 2.695s)
generated_audios/generated_H3_512C_pruned70/121-127105-0018_generated.wav | RTF: 0.2846(0.788s / 2.770s) | Generator RTF: 0.2835(0.785s / 2.770s)
generated_audios/generated_H3_512C_pruned70/121-127105-0019_generated.wav | RTF: 0.2791(0.984s / 3.525s) | Generator RTF: 0.2782(0.981s / 3.525s)
generated_audios/generated_H3_512C_pruned70/121-127105-0020_generated.wav | RTF: 0.4107(5.896s / 14.355s) | Generator RTF: 0.4104(5.891s / 14.355s)
generated_audios/generated_H3_512C_pruned70/121-127105-0021_generated.wav | RTF: 0.2870(0.574s / 2.000s) | Generator RTF: 0.2853(0.571s / 2.000s)
generated_audios/generated_H3_512C_pruned70/121-127105-0022_generated.wav | RTF: 0.2931(1.487s / 5.075s) | Generator RTF: 0.2923(1.484s / 5.075s)
generated_audios/generated_H3_512C_pruned70/121-127105-0023_generated.wav | RTF: 0.2995(3.268s / 10.910s) | Generator RTF: 0.2992(3.264s / 10.910s)
generated_audios/generated_H3_512C_pruned70/121-127105-0024_generated.wav | RTF: 0.4066(5.875s / 14.450s) | Generator RTF: 0.4063(5.871s / 14.450s)
generated_audios/generated_H3_512C_pruned70/121-127105-0025_generated.wav | RTF: 0.4012(6.445s / 16.065s) | Generator RTF: 0.4009(6.440s / 16.065s)
generated_audios/generated_H3_512C_pruned70/121-127105-0026_generated.wav | RTF: 0.2931(2.207s / 7.530s) | Generator RTF: 0.2926(2.203s / 7.530s)
generated_audios/generated_H3_512C_pruned70/121-127105-0027_generated.wav | RTF: 0.3942(5.467s / 13.870s) | Generator RTF: 0.3939(5.464s / 13.870s)
generated_audios/generated_H3_512C_pruned70/121-127105-0028_generated.wav | RTF: 0.1950(1.316s / 6.750s) | Generator RTF: 0.1944(1.313s / 6.750s)
generated_audios/generated_H3_512C_pruned70/121-127105-0029_generated.wav | RTF: 0.2972(2.172s / 7.310s) | Generator RTF: 0.2966(2.168s / 7.310s)
generated_audios/generated_H3_512C_pruned70/121-127105-0030_generated.wav | RTF: 0.2901(0.631s / 2.175s) | Generator RTF: 0.2886(0.628s / 2.175s)
generated_audios/generated_H3_512C_pruned70/121-127105-0031_generated.wav | RTF: 0.2987(3.215s / 10.765s) | Generator RTF: 0.2983(3.212s / 10.765s)
generated_audios/generated_H3_512C_pruned70/121-127105-0032_generated.wav | RTF: 0.2748(0.871s / 3.170s) | Generator RTF: 0.2739(0.868s / 3.170s)
generated_audios/generated_H3_512C_pruned70/121-127105-0033_generated.wav | RTF: 0.2849(0.671s / 2.355s) | Generator RTF: 0.2835(0.668s / 2.355s)
generated_audios/generated_H3_512C_pruned70/121-127105-0034_generated.wav | RTF: 0.2897(2.147s / 7.410s) | Generator RTF: 0.2894(2.144s / 7.410s)
generated_audios/generated_H3_512C_pruned70/121-127105-0035_generated.wav | RTF: 0.4116(5.824s / 14.150s) | Generator RTF: 0.4112(5.819s / 14.150s)
generated_audios/generated_H3_512C_pruned70/121-127105-0036_generated.wav | RTF: 0.2879(1.195s / 4.150s) | Generator RTF: 0.2872(1.192s / 4.150s)
generated_audios/generated_H3_512C_pruned70/237-126133-0000_generated.wav | RTF: 0.4130(5.489s / 13.290s) | Generator RTF: 0.4127(5.485s / 13.290s)
generated_audios/generated_H3_512C_pruned70/237-126133-0001_generated.wav | RTF: 0.4146(4.961s / 11.965s) | Generator RTF: 0.4143(4.957s / 11.965s)
generated_audios/generated_H3_512C_pruned70/237-126133-0002_generated.wav | RTF: 0.3244(2.893s / 8.920s) | Generator RTF: 0.3240(2.890s / 8.920s)
generated_audios/generated_H3_512C_pruned70/237-126133-0003_generated.wav | RTF: 0.2878(1.888s / 6.560s) | Generator RTF: 0.2872(1.884s / 6.560s)
generated_audios/generated_H3_512C_pruned70/237-126133-0004_generated.wav | RTF: 0.2781(0.916s / 3.295s) | Generator RTF: 0.2771(0.913s / 3.295s)
generated_audios/generated_H3_512C_pruned70/237-126133-0005_generated.wav | RTF: 0.2912(1.895s / 6.510s) | Generator RTF: 0.2906(1.892s / 6.510s)
generated_audios/generated_H3_512C_pruned70/237-126133-0006_generated.wav | RTF: 0.2936(1.806s / 6.150s) | Generator RTF: 0.2930(1.802s / 6.150s)
generated_audios/generated_H3_512C_pruned70/237-126133-0007_generated.wav | RTF: 0.3167(2.749s / 8.680s) | Generator RTF: 0.3163(2.746s / 8.680s)
generated_audios/generated_H3_512C_pruned70/237-126133-0008_generated.wav | RTF: 0.2866(1.108s / 3.865s) | Generator RTF: 0.2858(1.104s / 3.865s)
generated_audios/generated_H3_512C_pruned70/237-126133-0009_generated.wav | RTF: 0.3238(1.285s / 3.970s) | Generator RTF: 0.3230(1.282s / 3.970s)
generated_audios/generated_H3_512C_pruned70/237-126133-0010_generated.wav | RTF: 0.2893(1.805s / 6.240s) | Generator RTF: 0.2888(1.802s / 6.240s)
generated_audios/generated_H3_512C_pruned70/237-126133-0011_generated.wav | RTF: 0.2899(1.945s / 6.710s) | Generator RTF: 0.2894(1.942s / 6.710s)
generated_audios/generated_H3_512C_pruned70/237-126133-0012_generated.wav | RTF: 0.2932(1.305s / 4.450s) | Generator RTF: 0.2924(1.301s / 4.450s)
generated_audios/generated_H3_512C_pruned70/237-126133-0013_generated.wav | RTF: 0.2913(1.985s / 6.815s) | Generator RTF: 0.2908(1.982s / 6.815s)
generated_audios/generated_H3_512C_pruned70/237-126133-0014_generated.wav | RTF: 0.2889(1.962s / 6.790s) | Generator RTF: 0.2884(1.958s / 6.790s)
generated_audios/generated_H3_512C_pruned70/237-126133-0015_generated.wav | RTF: 0.3152(2.944s / 9.340s) | Generator RTF: 0.3148(2.940s / 9.340s)
generated_audios/generated_H3_512C_pruned70/237-126133-0016_generated.wav | RTF: 0.2665(1.133s / 4.250s) | Generator RTF: 0.2657(1.129s / 4.250s)
generated_audios/generated_H3_512C_pruned70/237-126133-0017_generated.wav | RTF: 0.2838(1.762s / 6.210s) | Generator RTF: 0.2832(1.759s / 6.210s)
generated_audios/generated_H3_512C_pruned70/237-126133-0018_generated.wav | RTF: 0.2822(1.156s / 4.095s) | Generator RTF: 0.2814(1.152s / 4.095s)
generated_audios/generated_H3_512C_pruned70/237-126133-0019_generated.wav | RTF: 0.2851(2.030s / 7.120s) | Generator RTF: 0.2846(2.027s / 7.120s)
generated_audios/generated_H3_512C_pruned70/237-126133-0020_generated.wav | RTF: 0.2669(0.598s / 2.240s) | Generator RTF: 0.2654(0.595s / 2.240s)
generated_audios/generated_H3_512C_pruned70/237-126133-0021_generated.wav | RTF: 0.2729(1.191s / 4.365s) | Generator RTF: 0.2722(1.188s / 4.365s)
generated_audios/generated_H3_512C_pruned70/237-126133-0022_generated.wav | RTF: 0.2892(1.458s / 5.040s) | Generator RTF: 0.2886(1.454s / 5.040s)
generated_audios/generated_H3_512C_pruned70/237-126133-0023_generated.wav | RTF: 0.2940(1.962s / 6.675s) | Generator RTF: 0.2935(1.959s / 6.675s)
generated_audios/generated_H3_512C_pruned70/237-126133-0024_generated.wav | RTF: 0.3111(3.007s / 9.665s) | Generator RTF: 0.3107(3.003s / 9.665s)
generated_audios/generated_H3_512C_pruned70/237-126133-0025_generated.wav | RTF: 0.3186(1.196s / 3.755s) | Generator RTF: 0.3181(1.194s / 3.755s)
generated_audios/generated_H3_512C_pruned70/237-134493-0000_generated.wav | RTF: 0.2795(1.147s / 4.105s) | Generator RTF: 0.2787(1.144s / 4.105s)
generated_audios/generated_H3_512C_pruned70/237-134493-0001_generated.wav | RTF: 0.2958(2.183s / 7.380s) | Generator RTF: 0.2953(2.179s / 7.380s)
generated_audios/generated_H3_512C_pruned70/237-134493-0002_generated.wav | RTF: 0.2984(3.400s / 11.395s) | Generator RTF: 0.2980(3.396s / 11.395s)
generated_audios/generated_H3_512C_pruned70/237-134493-0003_generated.wav | RTF: 0.4139(5.284s / 12.765s) | Generator RTF: 0.4136(5.279s / 12.765s)
generated_audios/generated_H3_512C_pruned70/237-134493-0004_generated.wav | RTF: 0.2940(2.006s / 6.825s) | Generator RTF: 0.2934(2.002s / 6.825s)
generated_audios/generated_H3_512C_pruned70/237-134493-0005_generated.wav | RTF: 0.2906(3.181s / 10.945s) | Generator RTF: 0.2902(3.176s / 10.945s)
generated_audios/generated_H3_512C_pruned70/237-134493-0006_generated.wav | RTF: 0.2871(1.262s / 4.395s) | Generator RTF: 0.2862(1.258s / 4.395s)
generated_audios/generated_H3_512C_pruned70/237-134493-0007_generated.wav | RTF: 0.2864(0.583s / 2.035s) | Generator RTF: 0.2848(0.580s / 2.035s)
generated_audios/generated_H3_512C_pruned70/237-134493-0008_generated.wav | RTF: 0.2795(0.644s / 2.305s) | Generator RTF: 0.2781(0.641s / 2.305s)
generated_audios/generated_H3_512C_pruned70/237-134493-0009_generated.wav | RTF: 0.2867(0.853s / 2.975s) | Generator RTF: 0.2856(0.850s / 2.975s)
generated_audios/generated_H3_512C_pruned70/237-134493-0010_generated.wav | RTF: 0.3355(0.964s / 2.875s) | Generator RTF: 0.3343(0.961s / 2.875s)
generated_audios/generated_H3_512C_pruned70/237-134493-0011_generated.wav | RTF: 0.2944(1.482s / 5.035s) | Generator RTF: 0.2937(1.479s / 5.035s)
generated_audios/generated_H3_512C_pruned70/237-134493-0012_generated.wav | RTF: 0.2719(0.995s / 3.660s) | Generator RTF: 0.2710(0.992s / 3.660s)
generated_audios/generated_H3_512C_pruned70/237-134493-0013_generated.wav | RTF: 0.1895(0.775s / 4.090s) | Generator RTF: 0.1887(0.772s / 4.090s)
generated_audios/generated_H3_512C_pruned70/237-134493-0014_generated.wav | RTF: 0.2763(1.022s / 3.700s) | Generator RTF: 0.2755(1.019s / 3.700s)
generated_audios/generated_H3_512C_pruned70/237-134493-0015_generated.wav | RTF: 0.2346(1.536s / 6.550s) | Generator RTF: 0.2245(1.470s / 6.550s)
generated_audios/generated_H3_512C_pruned70/237-134493-0016_generated.wav | RTF: 0.3038(3.064s / 10.085s) | Generator RTF: 0.3034(3.060s / 10.085s)
generated_audios/generated_H3_512C_pruned70/237-134493-0017_generated.wav | RTF: 0.3178(2.893s / 9.105s) | Generator RTF: 0.3173(2.889s / 9.105s)
generated_audios/generated_H3_512C_pruned70/237-134493-0018_generated.wav | RTF: 0.3131(1.500s / 4.790s) | Generator RTF: 0.3123(1.496s / 4.790s)
generated_audios/generated_H3_512C_pruned70/237-134500-0000_generated.wav | RTF: 0.2877(1.764s / 6.130s) | Generator RTF: 0.2871(1.760s / 6.130s)
generated_audios/generated_H3_512C_pruned70/237-134500-0001_generated.wav | RTF: 0.2849(0.516s / 1.810s) | Generator RTF: 0.2834(0.513s / 1.810s)
generated_audios/generated_H3_512C_pruned70/237-134500-0002_generated.wav | RTF: 0.2823(1.431s / 5.070s) | Generator RTF: 0.2816(1.428s / 5.070s)
generated_audios/generated_H3_512C_pruned70/237-134500-0003_generated.wav | RTF: 0.1850(0.586s / 3.170s) | Generator RTF: 0.1839(0.583s / 3.170s)
generated_audios/generated_H3_512C_pruned70/237-134500-0004_generated.wav | RTF: 0.1887(0.420s / 2.225s) | Generator RTF: 0.1872(0.416s / 2.225s)
generated_audios/generated_H3_512C_pruned70/237-134500-0005_generated.wav | RTF: 0.2917(0.697s / 2.390s) | Generator RTF: 0.2903(0.694s / 2.390s)
generated_audios/generated_H3_512C_pruned70/237-134500-0006_generated.wav | RTF: 0.2762(1.167s / 4.225s) | Generator RTF: 0.2754(1.164s / 4.225s)
generated_audios/generated_H3_512C_pruned70/237-134500-0007_generated.wav | RTF: 0.1758(0.420s / 2.390s) | Generator RTF: 0.1744(0.417s / 2.390s)
generated_audios/generated_H3_512C_pruned70/237-134500-0008_generated.wav | RTF: 0.1780(0.669s / 3.760s) | Generator RTF: 0.1771(0.666s / 3.760s)
generated_audios/generated_H3_512C_pruned70/237-134500-0009_generated.wav | RTF: 0.1766(0.392s / 2.220s) | Generator RTF: 0.1751(0.389s / 2.220s)
generated_audios/generated_H3_512C_pruned70/237-134500-0010_generated.wav | RTF: 0.2881(1.151s / 3.995s) | Generator RTF: 0.2871(1.147s / 3.995s)
generated_audios/generated_H3_512C_pruned70/237-134500-0011_generated.wav | RTF: 0.2789(0.934s / 3.350s) | Generator RTF: 0.2779(0.931s / 3.350s)
generated_audios/generated_H3_512C_pruned70/237-134500-0012_generated.wav | RTF: 0.3032(3.316s / 10.935s) | Generator RTF: 0.3028(3.312s / 10.935s)
generated_audios/generated_H3_512C_pruned70/237-134500-0013_generated.wav | RTF: 0.2040(2.154s / 10.560s) | Generator RTF: 0.2036(2.150s / 10.560s)
generated_audios/generated_H3_512C_pruned70/237-134500-0014_generated.wav | RTF: 0.1899(0.807s / 4.250s) | Generator RTF: 0.1891(0.804s / 4.250s)
generated_audios/generated_H3_512C_pruned70/237-134500-0015_generated.wav | RTF: 0.3044(3.292s / 10.815s) | Generator RTF: 0.3040(3.288s / 10.815s)
generated_audios/generated_H3_512C_pruned70/237-134500-0016_generated.wav | RTF: 0.1846(0.583s / 3.160s) | Generator RTF: 0.1835(0.580s / 3.160s)
generated_audios/generated_H3_512C_pruned70/237-134500-0017_generated.wav | RTF: 0.1828(0.399s / 2.180s) | Generator RTF: 0.1813(0.395s / 2.180s)
generated_audios/generated_H3_512C_pruned70/237-134500-0018_generated.wav | RTF: 0.4071(5.229s / 12.845s) | Generator RTF: 0.4067(5.224s / 12.845s)
generated_audios/generated_H3_512C_pruned70/237-134500-0019_generated.wav | RTF: 0.2749(0.786s / 2.860s) | Generator RTF: 0.2737(0.783s / 2.860s)
generated_audios/generated_H3_512C_pruned70/237-134500-0020_generated.wav | RTF: 0.1775(0.387s / 2.180s) | Generator RTF: 0.1760(0.384s / 2.180s)
generated_audios/generated_H3_512C_pruned70/237-134500-0021_generated.wav | RTF: 0.2781(1.424s / 5.120s) | Generator RTF: 0.2775(1.421s / 5.120s)
generated_audios/generated_H3_512C_pruned70/237-134500-0022_generated.wav | RTF: 0.2807(1.450s / 5.165s) | Generator RTF: 0.2800(1.446s / 5.165s)
generated_audios/generated_H3_512C_pruned70/237-134500-0023_generated.wav | RTF: 0.2831(0.866s / 3.060s) | Generator RTF: 0.2821(0.863s / 3.060s)
generated_audios/generated_H3_512C_pruned70/237-134500-0024_generated.wav | RTF: 0.1897(0.836s / 4.410s) | Generator RTF: 0.1888(0.833s / 4.410s)
generated_audios/generated_H3_512C_pruned70/237-134500-0025_generated.wav | RTF: 0.2994(0.488s / 1.630s) | Generator RTF: 0.2975(0.485s / 1.630s)
generated_audios/generated_H3_512C_pruned70/237-134500-0026_generated.wav | RTF: 0.2908(0.887s / 3.050s) | Generator RTF: 0.2898(0.884s / 3.050s)
generated_audios/generated_H3_512C_pruned70/237-134500-0027_generated.wav | RTF: 0.2863(0.936s / 3.270s) | Generator RTF: 0.2853(0.933s / 3.270s)
generated_audios/generated_H3_512C_pruned70/237-134500-0028_generated.wav | RTF: 0.2886(1.306s / 4.525s) | Generator RTF: 0.2878(1.302s / 4.525s)
generated_audios/generated_H3_512C_pruned70/237-134500-0029_generated.wav | RTF: 0.2814(0.581s / 2.065s) | Generator RTF: 0.2798(0.578s / 2.065s)
generated_audios/generated_H3_512C_pruned70/237-134500-0030_generated.wav | RTF: 0.2865(0.796s / 2.780s) | Generator RTF: 0.2853(0.793s / 2.780s)
generated_audios/generated_H3_512C_pruned70/237-134500-0031_generated.wav | RTF: 0.3059(3.245s / 10.610s) | Generator RTF: 0.3055(3.241s / 10.610s)
generated_audios/generated_H3_512C_pruned70/237-134500-0032_generated.wav | RTF: 0.1921(0.965s / 5.025s) | Generator RTF: 0.1913(0.961s / 5.025s)
generated_audios/generated_H3_512C_pruned70/237-134500-0033_generated.wav | RTF: 0.2907(1.846s / 6.350s) | Generator RTF: 0.2901(1.842s / 6.350s)
generated_audios/generated_H3_512C_pruned70/237-134500-0034_generated.wav | RTF: 0.2919(0.898s / 3.075s) | Generator RTF: 0.2908(0.894s / 3.075s)
generated_audios/generated_H3_512C_pruned70/237-134500-0035_generated.wav | RTF: 0.2945(0.752s / 2.555s) | Generator RTF: 0.2933(0.749s / 2.555s)
generated_audios/generated_H3_512C_pruned70/237-134500-0036_generated.wav | RTF: 0.2970(1.961s / 6.600s) | Generator RTF: 0.2966(1.957s / 6.600s)
generated_audios/generated_H3_512C_pruned70/237-134500-0037_generated.wav | RTF: 0.2963(2.105s / 7.105s) | Generator RTF: 0.2957(2.101s / 7.105s)
generated_audios/generated_H3_512C_pruned70/237-134500-0038_generated.wav | RTF: 0.2895(0.705s / 2.435s) | Generator RTF: 0.2882(0.702s / 2.435s)
generated_audios/generated_H3_512C_pruned70/237-134500-0039_generated.wav | RTF: 0.2859(1.324s / 4.630s) | Generator RTF: 0.2851(1.320s / 4.630s)
generated_audios/generated_H3_512C_pruned70/237-134500-0040_generated.wav | RTF: 0.1899(0.765s / 4.030s) | Generator RTF: 0.1891(0.762s / 4.030s)
generated_audios/generated_H3_512C_pruned70/237-134500-0041_generated.wav | RTF: 0.2095(1.869s / 8.920s) | Generator RTF: 0.2091(1.865s / 8.920s)
generated_audios/generated_H3_512C_pruned70/237-134500-0042_generated.wav | RTF: 0.2858(0.736s / 2.575s) | Generator RTF: 0.2846(0.733s / 2.575s)
generated_audios/generated_H3_512C_pruned70/260-123286-0000_generated.wav | RTF: 0.2883(2.030s / 7.040s) | Generator RTF: 0.2878(2.026s / 7.040s)
generated_audios/generated_H3_512C_pruned70/260-123286-0001_generated.wav | RTF: 0.1809(0.555s / 3.070s) | Generator RTF: 0.1799(0.552s / 3.070s)
generated_audios/generated_H3_512C_pruned70/260-123286-0002_generated.wav | RTF: 0.3054(3.050s / 9.985s) | Generator RTF: 0.3050(3.046s / 9.985s)
generated_audios/generated_H3_512C_pruned70/260-123286-0003_generated.wav | RTF: 0.2943(2.169s / 7.370s) | Generator RTF: 0.2938(2.165s / 7.370s)
generated_audios/generated_H3_512C_pruned70/260-123286-0004_generated.wav | RTF: 0.2878(0.997s / 3.465s) | Generator RTF: 0.2869(0.994s / 3.465s)
generated_audios/generated_H3_512C_pruned70/260-123286-0005_generated.wav | RTF: 0.2820(1.356s / 4.810s) | Generator RTF: 0.2813(1.353s / 4.810s)
generated_audios/generated_H3_512C_pruned70/260-123286-0006_generated.wav | RTF: 0.2986(2.211s / 7.405s) | Generator RTF: 0.2981(2.207s / 7.405s)
generated_audios/generated_H3_512C_pruned70/260-123286-0007_generated.wav | RTF: 0.2913(1.325s / 4.550s) | Generator RTF: 0.2905(1.322s / 4.550s)
generated_audios/generated_H3_512C_pruned70/260-123286-0008_generated.wav | RTF: 0.2807(1.048s / 3.735s) | Generator RTF: 0.2797(1.045s / 3.735s)
generated_audios/generated_H3_512C_pruned70/260-123286-0009_generated.wav | RTF: 0.2891(1.675s / 5.795s) | Generator RTF: 0.2885(1.672s / 5.795s)
generated_audios/generated_H3_512C_pruned70/260-123286-0010_generated.wav | RTF: 0.1786(0.460s / 2.575s) | Generator RTF: 0.1775(0.457s / 2.575s)
generated_audios/generated_H3_512C_pruned70/260-123286-0011_generated.wav | RTF: 0.1874(0.798s / 4.255s) | Generator RTF: 0.1866(0.794s / 4.255s)
generated_audios/generated_H3_512C_pruned70/260-123286-0012_generated.wav | RTF: 0.1903(0.462s / 2.430s) | Generator RTF: 0.1890(0.459s / 2.430s)
generated_audios/generated_H3_512C_pruned70/260-123286-0013_generated.wav | RTF: 0.2810(1.329s / 4.730s) | Generator RTF: 0.2803(1.326s / 4.730s)
generated_audios/generated_H3_512C_pruned70/260-123286-0014_generated.wav | RTF: 0.1952(0.582s / 2.980s) | Generator RTF: 0.1943(0.579s / 2.980s)
generated_audios/generated_H3_512C_pruned70/260-123286-0015_generated.wav | RTF: 0.2887(1.504s / 5.210s) | Generator RTF: 0.2880(1.501s / 5.210s)
generated_audios/generated_H3_512C_pruned70/260-123286-0016_generated.wav | RTF: 0.2970(2.079s / 7.000s) | Generator RTF: 0.2966(2.076s / 7.000s)
generated_audios/generated_H3_512C_pruned70/260-123286-0017_generated.wav | RTF: 0.2860(1.137s / 3.975s) | Generator RTF: 0.2851(1.133s / 3.975s)
generated_audios/generated_H3_512C_pruned70/260-123286-0018_generated.wav | RTF: 0.2918(1.655s / 5.670s) | Generator RTF: 0.2912(1.651s / 5.670s)
generated_audios/generated_H3_512C_pruned70/260-123286-0019_generated.wav | RTF: 0.4092(4.871s / 11.905s) | Generator RTF: 0.4088(4.867s / 11.905s)
generated_audios/generated_H3_512C_pruned70/260-123286-0020_generated.wav | RTF: 0.1832(0.561s / 3.060s) | Generator RTF: 0.1823(0.558s / 3.060s)
generated_audios/generated_H3_512C_pruned70/260-123286-0021_generated.wav | RTF: 0.2766(0.705s / 2.550s) | Generator RTF: 0.2753(0.702s / 2.550s)
generated_audios/generated_H3_512C_pruned70/260-123286-0022_generated.wav | RTF: 0.2841(0.919s / 3.235s) | Generator RTF: 0.2830(0.916s / 3.235s)
generated_audios/generated_H3_512C_pruned70/260-123286-0023_generated.wav | RTF: 0.2910(1.710s / 5.875s) | Generator RTF: 0.2904(1.706s / 5.875s)
generated_audios/generated_H3_512C_pruned70/260-123286-0024_generated.wav | RTF: 0.2850(0.866s / 3.040s) | Generator RTF: 0.2839(0.863s / 3.040s)
generated_audios/generated_H3_512C_pruned70/260-123286-0025_generated.wav | RTF: 0.3014(2.774s / 9.205s) | Generator RTF: 0.3009(2.770s / 9.205s)
generated_audios/generated_H3_512C_pruned70/260-123286-0026_generated.wav | RTF: 0.2908(2.018s / 6.940s) | Generator RTF: 0.2903(2.014s / 6.940s)
generated_audios/generated_H3_512C_pruned70/260-123286-0027_generated.wav | RTF: 0.2943(2.110s / 7.170s) | Generator RTF: 0.2937(2.106s / 7.170s)
generated_audios/generated_H3_512C_pruned70/260-123286-0028_generated.wav | RTF: 0.2920(2.180s / 7.465s) | Generator RTF: 0.2915(2.176s / 7.465s)
generated_audios/generated_H3_512C_pruned70/260-123286-0029_generated.wav | RTF: 0.1905(0.866s / 4.545s) | Generator RTF: 0.1897(0.862s / 4.545s)
generated_audios/generated_H3_512C_pruned70/260-123286-0030_generated.wav | RTF: 0.1944(1.464s / 7.530s) | Generator RTF: 0.1939(1.460s / 7.530s)
generated_audios/generated_H3_512C_pruned70/260-123286-0031_generated.wav | RTF: 0.2799(1.416s / 5.060s) | Generator RTF: 0.2793(1.413s / 5.060s)
generated_audios/generated_H3_512C_pruned70/260-123288-0000_generated.wav | RTF: 0.1854(0.564s / 3.040s) | Generator RTF: 0.1843(0.560s / 3.040s)
generated_audios/generated_H3_512C_pruned70/260-123288-0001_generated.wav | RTF: 0.1913(0.972s / 5.080s) | Generator RTF: 0.1906(0.968s / 5.080s)
generated_audios/generated_H3_512C_pruned70/260-123288-0002_generated.wav | RTF: 0.2913(2.112s / 7.250s) | Generator RTF: 0.2908(2.109s / 7.250s)
generated_audios/generated_H3_512C_pruned70/260-123288-0003_generated.wav | RTF: 0.2982(2.656s / 8.905s) | Generator RTF: 0.2978(2.652s / 8.905s)
generated_audios/generated_H3_512C_pruned70/260-123288-0004_generated.wav | RTF: 0.2880(1.241s / 4.310s) | Generator RTF: 0.2872(1.238s / 4.310s)
generated_audios/generated_H3_512C_pruned70/260-123288-0005_generated.wav | RTF: 0.4056(5.091s / 12.550s) | Generator RTF: 0.4053(5.087s / 12.550s)
generated_audios/generated_H3_512C_pruned70/260-123288-0006_generated.wav | RTF: 0.2899(1.415s / 4.880s) | Generator RTF: 0.2891(1.411s / 4.880s)
generated_audios/generated_H3_512C_pruned70/260-123288-0007_generated.wav | RTF: 0.3042(3.407s / 11.200s) | Generator RTF: 0.3038(3.403s / 11.200s)
generated_audios/generated_H3_512C_pruned70/260-123288-0008_generated.wav | RTF: 0.2965(1.635s / 5.515s) | Generator RTF: 0.2959(1.632s / 5.515s)
generated_audios/generated_H3_512C_pruned70/260-123288-0009_generated.wav | RTF: 0.2805(0.964s / 3.435s) | Generator RTF: 0.2795(0.960s / 3.435s)
generated_audios/generated_H3_512C_pruned70/260-123288-0010_generated.wav | RTF: 0.1969(1.968s / 9.995s) | Generator RTF: 0.1965(1.964s / 9.995s)
generated_audios/generated_H3_512C_pruned70/260-123288-0011_generated.wav | RTF: 0.3034(2.725s / 8.980s) | Generator RTF: 0.3030(2.721s / 8.980s)
generated_audios/generated_H3_512C_pruned70/260-123288-0012_generated.wav | RTF: 0.2902(1.029s / 3.545s) | Generator RTF: 0.2893(1.026s / 3.545s)
generated_audios/generated_H3_512C_pruned70/260-123288-0013_generated.wav | RTF: 0.3038(3.458s / 11.385s) | Generator RTF: 0.3034(3.454s / 11.385s)
generated_audios/generated_H3_512C_pruned70/260-123288-0014_generated.wav | RTF: 0.1834(0.331s / 1.805s) | Generator RTF: 0.1816(0.328s / 1.805s)
generated_audios/generated_H3_512C_pruned70/260-123288-0015_generated.wav | RTF: 0.4097(8.679s / 21.185s) | Generator RTF: 0.4094(8.673s / 21.185s)
generated_audios/generated_H3_512C_pruned70/260-123288-0016_generated.wav | RTF: 0.2968(1.444s / 4.865s) | Generator RTF: 0.2959(1.440s / 4.865s)
generated_audios/generated_H3_512C_pruned70/260-123288-0017_generated.wav | RTF: 0.2807(1.467s / 5.225s) | Generator RTF: 0.2801(1.463s / 5.225s)
generated_audios/generated_H3_512C_pruned70/260-123288-0018_generated.wav | RTF: 0.2774(0.900s / 3.245s) | Generator RTF: 0.2764(0.897s / 3.245s)
generated_audios/generated_H3_512C_pruned70/260-123288-0019_generated.wav | RTF: 0.1862(0.550s / 2.955s) | Generator RTF: 0.1852(0.547s / 2.955s)
generated_audios/generated_H3_512C_pruned70/260-123288-0020_generated.wav | RTF: 0.2760(0.800s / 2.900s) | Generator RTF: 0.2748(0.797s / 2.900s)
generated_audios/generated_H3_512C_pruned70/260-123288-0021_generated.wav | RTF: 0.1856(0.503s / 2.710s) | Generator RTF: 0.1844(0.500s / 2.710s)
generated_audios/generated_H3_512C_pruned70/260-123288-0022_generated.wav | RTF: 0.2838(1.052s / 3.705s) | Generator RTF: 0.2829(1.048s / 3.705s)
generated_audios/generated_H3_512C_pruned70/260-123288-0023_generated.wav | RTF: 0.1883(0.449s / 2.385s) | Generator RTF: 0.1869(0.446s / 2.385s)
generated_audios/generated_H3_512C_pruned70/260-123288-0024_generated.wav | RTF: 0.4081(5.956s / 14.595s) | Generator RTF: 0.4078(5.952s / 14.595s)
generated_audios/generated_H3_512C_pruned70/260-123288-0025_generated.wav | RTF: 0.4121(5.540s / 13.445s) | Generator RTF: 0.4117(5.536s / 13.445s)
generated_audios/generated_H3_512C_pruned70/260-123288-0026_generated.wav | RTF: 0.4053(6.500s / 16.040s) | Generator RTF: 0.4050(6.496s / 16.040s)
generated_audios/generated_H3_512C_pruned70/260-123288-0027_generated.wav | RTF: 0.3129(1.973s / 6.305s) | Generator RTF: 0.3122(1.968s / 6.305s)
generated_audios/generated_H3_512C_pruned70/260-123288-0028_generated.wav | RTF: 0.2880(0.752s / 2.610s) | Generator RTF: 0.2868(0.749s / 2.610s)
generated_audios/generated_H3_512C_pruned70/260-123440-0000_generated.wav | RTF: 0.2775(0.601s / 2.165s) | Generator RTF: 0.2763(0.598s / 2.165s)
generated_audios/generated_H3_512C_pruned70/260-123440-0001_generated.wav | RTF: 0.2921(0.508s / 1.740s) | Generator RTF: 0.2903(0.505s / 1.740s)
generated_audios/generated_H3_512C_pruned70/260-123440-0002_generated.wav | RTF: 0.4153(6.111s / 14.715s) | Generator RTF: 0.4150(6.106s / 14.715s)
generated_audios/generated_H3_512C_pruned70/260-123440-0003_generated.wav | RTF: 0.2928(1.050s / 3.585s) | Generator RTF: 0.2918(1.046s / 3.585s)
generated_audios/generated_H3_512C_pruned70/260-123440-0004_generated.wav | RTF: 0.4198(5.046s / 12.020s) | Generator RTF: 0.4194(5.042s / 12.020s)
generated_audios/generated_H3_512C_pruned70/260-123440-0005_generated.wav | RTF: 0.1898(0.589s / 3.105s) | Generator RTF: 0.1888(0.586s / 3.105s)
generated_audios/generated_H3_512C_pruned70/260-123440-0006_generated.wav | RTF: 0.1833(0.498s / 2.715s) | Generator RTF: 0.1821(0.494s / 2.715s)
generated_audios/generated_H3_512C_pruned70/260-123440-0007_generated.wav | RTF: 0.2791(0.945s / 3.385s) | Generator RTF: 0.2781(0.941s / 3.385s)
generated_audios/generated_H3_512C_pruned70/260-123440-0008_generated.wav | RTF: 0.2922(1.094s / 3.745s) | Generator RTF: 0.2913(1.091s / 3.745s)
generated_audios/generated_H3_512C_pruned70/260-123440-0009_generated.wav | RTF: 0.2949(0.919s / 3.115s) | Generator RTF: 0.2939(0.915s / 3.115s)
generated_audios/generated_H3_512C_pruned70/260-123440-0010_generated.wav | RTF: 0.3112(2.587s / 8.315s) | Generator RTF: 0.3107(2.583s / 8.315s)
generated_audios/generated_H3_512C_pruned70/260-123440-0011_generated.wav | RTF: 0.1978(0.963s / 4.870s) | Generator RTF: 0.1970(0.959s / 4.870s)
generated_audios/generated_H3_512C_pruned70/260-123440-0012_generated.wav | RTF: 0.2911(1.527s / 5.245s) | Generator RTF: 0.2904(1.523s / 5.245s)
generated_audios/generated_H3_512C_pruned70/260-123440-0013_generated.wav | RTF: 0.2928(1.017s / 3.475s) | Generator RTF: 0.2918(1.014s / 3.475s)
generated_audios/generated_H3_512C_pruned70/260-123440-0014_generated.wav | RTF: 0.2915(1.112s / 3.815s) | Generator RTF: 0.2906(1.109s / 3.815s)
generated_audios/generated_H3_512C_pruned70/260-123440-0015_generated.wav | RTF: 0.1945(1.206s / 6.200s) | Generator RTF: 0.1939(1.202s / 6.200s)
generated_audios/generated_H3_512C_pruned70/260-123440-0016_generated.wav | RTF: 0.2951(1.444s / 4.895s) | Generator RTF: 0.2943(1.441s / 4.895s)
generated_audios/generated_H3_512C_pruned70/260-123440-0017_generated.wav | RTF: 0.2008(0.617s / 3.070s) | Generator RTF: 0.1997(0.613s / 3.070s)
generated_audios/generated_H3_512C_pruned70/260-123440-0018_generated.wav | RTF: 0.2896(1.054s / 3.640s) | Generator RTF: 0.2887(1.051s / 3.640s)
generated_audios/generated_H3_512C_pruned70/260-123440-0019_generated.wav | RTF: 0.2958(1.961s / 6.630s) | Generator RTF: 0.2952(1.957s / 6.630s)
generated_audios/generated_H3_512C_pruned70/260-123440-0020_generated.wav | RTF: 0.2932(1.464s / 4.995s) | Generator RTF: 0.2925(1.461s / 4.995s)
generated_audios/generated_H3_512C_pruned70/61-70968-0000_generated.wav | RTF: 0.2940(1.442s / 4.905s) | Generator RTF: 0.2936(1.440s / 4.905s)
generated_audios/generated_H3_512C_pruned70/61-70968-0001_generated.wav | RTF: 0.2898(1.046s / 3.610s) | Generator RTF: 0.2889(1.043s / 3.610s)
generated_audios/generated_H3_512C_pruned70/61-70968-0002_generated.wav | RTF: 0.2851(0.847s / 2.970s) | Generator RTF: 0.2840(0.844s / 2.970s)
generated_audios/generated_H3_512C_pruned70/61-70968-0003_generated.wav | RTF: 0.1859(0.802s / 4.315s) | Generator RTF: 0.1851(0.799s / 4.315s)
generated_audios/generated_H3_512C_pruned70/61-70968-0004_generated.wav | RTF: 0.2901(1.127s / 3.885s) | Generator RTF: 0.2893(1.124s / 3.885s)
generated_audios/generated_H3_512C_pruned70/61-70968-0005_generated.wav | RTF: 0.1974(1.001s / 5.070s) | Generator RTF: 0.1967(0.997s / 5.070s)
generated_audios/generated_H3_512C_pruned70/61-70968-0006_generated.wav | RTF: 0.2798(0.821s / 2.935s) | Generator RTF: 0.2787(0.818s / 2.935s)
generated_audios/generated_H3_512C_pruned70/61-70968-0007_generated.wav | RTF: 0.1837(0.652s / 3.550s) | Generator RTF: 0.1827(0.649s / 3.550s)
generated_audios/generated_H3_512C_pruned70/61-70968-0008_generated.wav | RTF: 0.1895(0.670s / 3.535s) | Generator RTF: 0.1887(0.667s / 3.535s)
generated_audios/generated_H3_512C_pruned70/61-70968-0009_generated.wav | RTF: 0.2942(1.327s / 4.510s) | Generator RTF: 0.2935(1.323s / 4.510s)
generated_audios/generated_H3_512C_pruned70/61-70968-0010_generated.wav | RTF: 0.3053(2.533s / 8.295s) | Generator RTF: 0.3049(2.529s / 8.295s)
generated_audios/generated_H3_512C_pruned70/61-70968-0011_generated.wav | RTF: 0.2934(1.870s / 6.375s) | Generator RTF: 0.2929(1.867s / 6.375s)
generated_audios/generated_H3_512C_pruned70/61-70968-0012_generated.wav | RTF: 0.1841(0.480s / 2.610s) | Generator RTF: 0.1829(0.477s / 2.610s)
generated_audios/generated_H3_512C_pruned70/61-70968-0013_generated.wav | RTF: 0.1861(0.828s / 4.450s) | Generator RTF: 0.1853(0.825s / 4.450s)
generated_audios/generated_H3_512C_pruned70/61-70968-0014_generated.wav | RTF: 0.2987(2.236s / 7.485s) | Generator RTF: 0.2981(2.232s / 7.485s)
generated_audios/generated_H3_512C_pruned70/61-70968-0015_generated.wav | RTF: 0.2878(1.547s / 5.375s) | Generator RTF: 0.2871(1.543s / 5.375s)
generated_audios/generated_H3_512C_pruned70/61-70968-0016_generated.wav | RTF: 0.2924(1.088s / 3.720s) | Generator RTF: 0.2916(1.085s / 3.720s)
generated_audios/generated_H3_512C_pruned70/61-70968-0017_generated.wav | RTF: 0.2884(1.474s / 5.110s) | Generator RTF: 0.2877(1.470s / 5.110s)
generated_audios/generated_H3_512C_pruned70/61-70968-0018_generated.wav | RTF: 0.2816(0.677s / 2.405s) | Generator RTF: 0.2802(0.674s / 2.405s)
generated_audios/generated_H3_512C_pruned70/61-70968-0019_generated.wav | RTF: 0.2863(1.568s / 5.475s) | Generator RTF: 0.2856(1.564s / 5.475s)
generated_audios/generated_H3_512C_pruned70/61-70968-0020_generated.wav | RTF: 0.2905(1.483s / 5.105s) | Generator RTF: 0.2898(1.479s / 5.105s)
generated_audios/generated_H3_512C_pruned70/61-70968-0021_generated.wav | RTF: 0.2914(0.784s / 2.690s) | Generator RTF: 0.2903(0.781s / 2.690s)
generated_audios/generated_H3_512C_pruned70/61-70968-0022_generated.wav | RTF: 0.1975(0.922s / 4.670s) | Generator RTF: 0.1968(0.919s / 4.670s)
generated_audios/generated_H3_512C_pruned70/61-70968-0023_generated.wav | RTF: 0.1915(0.962s / 5.025s) | Generator RTF: 0.1908(0.959s / 5.025s)
generated_audios/generated_H3_512C_pruned70/61-70968-0024_generated.wav | RTF: 0.3065(1.847s / 6.025s) | Generator RTF: 0.3059(1.843s / 6.025s)
generated_audios/generated_H3_512C_pruned70/61-70968-0025_generated.wav | RTF: 0.1990(0.878s / 4.410s) | Generator RTF: 0.1983(0.874s / 4.410s)
generated_audios/generated_H3_512C_pruned70/61-70968-0026_generated.wav | RTF: 0.2886(1.420s / 4.920s) | Generator RTF: 0.2879(1.417s / 4.920s)
generated_audios/generated_H3_512C_pruned70/61-70968-0027_generated.wav | RTF: 0.2985(2.051s / 6.870s) | Generator RTF: 0.2980(2.047s / 6.870s)
generated_audios/generated_H3_512C_pruned70/61-70968-0028_generated.wav | RTF: 0.2942(1.575s / 5.355s) | Generator RTF: 0.2935(1.572s / 5.355s)
generated_audios/generated_H3_512C_pruned70/61-70968-0029_generated.wav | RTF: 0.2964(1.036s / 3.495s) | Generator RTF: 0.2955(1.033s / 3.495s)
generated_audios/generated_H3_512C_pruned70/61-70968-0030_generated.wav | RTF: 0.2924(1.663s / 5.685s) | Generator RTF: 0.2918(1.659s / 5.685s)
generated_audios/generated_H3_512C_pruned70/61-70968-0031_generated.wav | RTF: 0.2959(0.865s / 2.925s) | Generator RTF: 0.2950(0.863s / 2.925s)
generated_audios/generated_H3_512C_pruned70/61-70968-0032_generated.wav | RTF: 0.1947(0.833s / 4.280s) | Generator RTF: 0.1941(0.831s / 4.280s)
generated_audios/generated_H3_512C_pruned70/61-70968-0033_generated.wav | RTF: 0.1868(1.062s / 5.685s) | Generator RTF: 0.1861(1.058s / 5.685s)
generated_audios/generated_H3_512C_pruned70/61-70968-0034_generated.wav | RTF: 0.2956(1.250s / 4.230s) | Generator RTF: 0.2950(1.248s / 4.230s)
generated_audios/generated_H3_512C_pruned70/61-70968-0035_generated.wav | RTF: 0.3129(2.487s / 7.950s) | Generator RTF: 0.3124(2.484s / 7.950s)
generated_audios/generated_H3_512C_pruned70/61-70968-0036_generated.wav | RTF: 0.1957(0.574s / 2.935s) | Generator RTF: 0.1944(0.571s / 2.935s)
generated_audios/generated_H3_512C_pruned70/61-70968-0037_generated.wav | RTF: 0.1949(0.841s / 4.315s) | Generator RTF: 0.1941(0.838s / 4.315s)
generated_audios/generated_H3_512C_pruned70/61-70968-0038_generated.wav | RTF: 0.3034(0.622s / 2.050s) | Generator RTF: 0.3019(0.619s / 2.050s)
generated_audios/generated_H3_512C_pruned70/61-70968-0039_generated.wav | RTF: 0.2844(1.082s / 3.805s) | Generator RTF: 0.2835(1.079s / 3.805s)
generated_audios/generated_H3_512C_pruned70/61-70968-0040_generated.wav | RTF: 0.2986(1.179s / 3.950s) | Generator RTF: 0.2977(1.176s / 3.950s)
generated_audios/generated_H3_512C_pruned70/61-70968-0041_generated.wav | RTF: 0.1940(1.324s / 6.825s) | Generator RTF: 0.1935(1.320s / 6.825s)
generated_audios/generated_H3_512C_pruned70/61-70968-0042_generated.wav | RTF: 0.1986(0.553s / 2.785s) | Generator RTF: 0.1974(0.550s / 2.785s)
generated_audios/generated_H3_512C_pruned70/61-70968-0043_generated.wav | RTF: 0.3095(2.084s / 6.735s) | Generator RTF: 0.3089(2.080s / 6.735s)
generated_audios/generated_H3_512C_pruned70/61-70968-0044_generated.wav | RTF: 0.1870(0.518s / 2.770s) | Generator RTF: 0.1859(0.515s / 2.770s)
generated_audios/generated_H3_512C_pruned70/61-70968-0045_generated.wav | RTF: 0.1798(0.625s / 3.475s) | Generator RTF: 0.1788(0.621s / 3.475s)
generated_audios/generated_H3_512C_pruned70/61-70968-0046_generated.wav | RTF: 0.1794(0.637s / 3.550s) | Generator RTF: 0.1785(0.634s / 3.550s)
generated_audios/generated_H3_512C_pruned70/61-70968-0047_generated.wav | RTF: 0.2840(1.356s / 4.775s) | Generator RTF: 0.2833(1.353s / 4.775s)
generated_audios/generated_H3_512C_pruned70/61-70968-0048_generated.wav | RTF: 0.3033(0.916s / 3.020s) | Generator RTF: 0.3022(0.913s / 3.020s)
generated_audios/generated_H3_512C_pruned70/61-70968-0049_generated.wav | RTF: 0.3155(2.603s / 8.250s) | Generator RTF: 0.3151(2.600s / 8.250s)
generated_audios/generated_H3_512C_pruned70/61-70968-0050_generated.wav | RTF: 0.2940(1.641s / 5.580s) | Generator RTF: 0.2934(1.637s / 5.580s)
generated_audios/generated_H3_512C_pruned70/61-70968-0051_generated.wav | RTF: 0.2941(0.922s / 3.135s) | Generator RTF: 0.2931(0.919s / 3.135s)
generated_audios/generated_H3_512C_pruned70/61-70968-0052_generated.wav | RTF: 0.2860(0.758s / 2.650s) | Generator RTF: 0.2848(0.755s / 2.650s)
generated_audios/generated_H3_512C_pruned70/61-70968-0053_generated.wav | RTF: 0.1952(0.824s / 4.220s) | Generator RTF: 0.1942(0.820s / 4.220s)
generated_audios/generated_H3_512C_pruned70/61-70968-0054_generated.wav | RTF: 0.2990(2.350s / 7.860s) | Generator RTF: 0.2985(2.346s / 7.860s)
generated_audios/generated_H3_512C_pruned70/61-70968-0055_generated.wav | RTF: 0.1970(0.781s / 3.965s) | Generator RTF: 0.1961(0.778s / 3.965s)
generated_audios/generated_H3_512C_pruned70/61-70968-0056_generated.wav | RTF: 0.2882(1.028s / 3.565s) | Generator RTF: 0.2873(1.024s / 3.565s)
generated_audios/generated_H3_512C_pruned70/61-70968-0057_generated.wav | RTF: 0.1960(0.993s / 5.065s) | Generator RTF: 0.1953(0.989s / 5.065s)
generated_audios/generated_H3_512C_pruned70/61-70968-0058_generated.wav | RTF: 0.2755(0.501s / 1.820s) | Generator RTF: 0.2736(0.498s / 1.820s)
generated_audios/generated_H3_512C_pruned70/61-70968-0059_generated.wav | RTF: 0.1905(0.413s / 2.170s) | Generator RTF: 0.1890(0.410s / 2.170s)
generated_audios/generated_H3_512C_pruned70/61-70968-0060_generated.wav | RTF: 0.1860(0.695s / 3.735s) | Generator RTF: 0.1851(0.691s / 3.735s)
generated_audios/generated_H3_512C_pruned70/61-70968-0061_generated.wav | RTF: 0.3158(1.746s / 5.530s) | Generator RTF: 0.3032(1.676s / 5.530s)
generated_audios/generated_H3_512C_pruned70/61-70968-0062_generated.wav | RTF: 0.1908(0.487s / 2.555s) | Generator RTF: 0.1894(0.484s / 2.555s)
generated_audios/generated_H3_512C_pruned70/61-70970-0000_generated.wav | RTF: 0.3099(1.883s / 6.075s) | Generator RTF: 0.3093(1.879s / 6.075s)
generated_audios/generated_H3_512C_pruned70/61-70970-0001_generated.wav | RTF: 0.3035(1.868s / 6.155s) | Generator RTF: 0.3030(1.865s / 6.155s)
generated_audios/generated_H3_512C_pruned70/61-70970-0002_generated.wav | RTF: 0.3010(1.254s / 4.165s) | Generator RTF: 0.3002(1.250s / 4.165s)
generated_audios/generated_H3_512C_pruned70/61-70970-0003_generated.wav | RTF: 0.2791(1.070s / 3.835s) | Generator RTF: 0.2783(1.067s / 3.835s)
generated_audios/generated_H3_512C_pruned70/61-70970-0004_generated.wav | RTF: 0.3250(3.418s / 10.515s) | Generator RTF: 0.3247(3.414s / 10.515s)
generated_audios/generated_H3_512C_pruned70/61-70970-0005_generated.wav | RTF: 0.2960(0.598s / 2.020s) | Generator RTF: 0.2944(0.595s / 2.020s)
generated_audios/generated_H3_512C_pruned70/61-70970-0006_generated.wav | RTF: 0.2855(0.667s / 2.335s) | Generator RTF: 0.2842(0.664s / 2.335s)
generated_audios/generated_H3_512C_pruned70/61-70970-0007_generated.wav | RTF: 0.3000(1.345s / 4.485s) | Generator RTF: 0.2992(1.342s / 4.485s)
generated_audios/generated_H3_512C_pruned70/61-70970-0008_generated.wav | RTF: 0.3014(0.648s / 2.150s) | Generator RTF: 0.2999(0.645s / 2.150s)
generated_audios/generated_H3_512C_pruned70/61-70970-0009_generated.wav | RTF: 0.2919(0.994s / 3.405s) | Generator RTF: 0.2909(0.990s / 3.405s)
generated_audios/generated_H3_512C_pruned70/61-70970-0010_generated.wav | RTF: 0.1823(0.555s / 3.045s) | Generator RTF: 0.1812(0.552s / 3.045s)
generated_audios/generated_H3_512C_pruned70/61-70970-0011_generated.wav | RTF: 0.1881(1.143s / 6.075s) | Generator RTF: 0.1875(1.139s / 6.075s)
generated_audios/generated_H3_512C_pruned70/61-70970-0012_generated.wav | RTF: 0.1821(0.571s / 3.135s) | Generator RTF: 0.1810(0.567s / 3.135s)
generated_audios/generated_H3_512C_pruned70/61-70970-0013_generated.wav | RTF: 0.2950(1.283s / 4.350s) | Generator RTF: 0.2942(1.280s / 4.350s)
generated_audios/generated_H3_512C_pruned70/61-70970-0014_generated.wav | RTF: 0.1706(0.581s / 3.405s) | Generator RTF: 0.1696(0.578s / 3.405s)
generated_audios/generated_H3_512C_pruned70/61-70970-0015_generated.wav | RTF: 0.3192(2.686s / 8.415s) | Generator RTF: 0.3188(2.683s / 8.415s)
generated_audios/generated_H3_512C_pruned70/61-70970-0016_generated.wav | RTF: 0.2913(1.273s / 4.370s) | Generator RTF: 0.2905(1.270s / 4.370s)
generated_audios/generated_H3_512C_pruned70/61-70970-0017_generated.wav | RTF: 0.1849(0.472s / 2.550s) | Generator RTF: 0.1837(0.468s / 2.550s)
generated_audios/generated_H3_512C_pruned70/61-70970-0018_generated.wav | RTF: 0.2880(1.325s / 4.600s) | Generator RTF: 0.2872(1.321s / 4.600s)
generated_audios/generated_H3_512C_pruned70/61-70970-0019_generated.wav | RTF: 0.2893(1.094s / 3.780s) | Generator RTF: 0.2884(1.090s / 3.780s)
generated_audios/generated_H3_512C_pruned70/61-70970-0020_generated.wav | RTF: 0.1812(0.911s / 5.025s) | Generator RTF: 0.1805(0.907s / 5.025s)
generated_audios/generated_H3_512C_pruned70/61-70970-0021_generated.wav | RTF: 0.2849(1.540s / 5.405s) | Generator RTF: 0.2843(1.537s / 5.405s)
generated_audios/generated_H3_512C_pruned70/61-70970-0022_generated.wav | RTF: 0.1798(0.714s / 3.970s) | Generator RTF: 0.1790(0.711s / 3.970s)
generated_audios/generated_H3_512C_pruned70/61-70970-0023_generated.wav | RTF: 0.1783(0.660s / 3.705s) | Generator RTF: 0.1774(0.657s / 3.705s)
generated_audios/generated_H3_512C_pruned70/61-70970-0024_generated.wav | RTF: 0.3042(2.201s / 7.235s) | Generator RTF: 0.3037(2.197s / 7.235s)
generated_audios/generated_H3_512C_pruned70/61-70970-0025_generated.wav | RTF: 0.3046(2.264s / 7.435s) | Generator RTF: 0.3040(2.261s / 7.435s)
generated_audios/generated_H3_512C_pruned70/61-70970-0026_generated.wav | RTF: 0.1805(0.988s / 5.475s) | Generator RTF: 0.1799(0.985s / 5.475s)
generated_audios/generated_H3_512C_pruned70/61-70970-0027_generated.wav | RTF: 0.1796(0.912s / 5.080s) | Generator RTF: 0.1789(0.909s / 5.080s)
generated_audios/generated_H3_512C_pruned70/61-70970-0028_generated.wav | RTF: 0.1945(1.274s / 6.550s) | Generator RTF: 0.1939(1.270s / 6.550s)
generated_audios/generated_H3_512C_pruned70/61-70970-0029_generated.wav | RTF: 0.1785(0.719s / 4.030s) | Generator RTF: 0.1776(0.716s / 4.030s)
generated_audios/generated_H3_512C_pruned70/61-70970-0030_generated.wav | RTF: 0.1822(0.590s / 3.240s) | Generator RTF: 0.1812(0.587s / 3.240s)
generated_audios/generated_H3_512C_pruned70/61-70970-0031_generated.wav | RTF: 0.2897(1.487s / 5.135s) | Generator RTF: 0.2890(1.484s / 5.135s)
generated_audios/generated_H3_512C_pruned70/61-70970-0032_generated.wav | RTF: 0.1831(0.574s / 3.135s) | Generator RTF: 0.1821(0.571s / 3.135s)
generated_audios/generated_H3_512C_pruned70/61-70970-0033_generated.wav | RTF: 0.2823(0.965s / 3.420s) | Generator RTF: 0.2813(0.962s / 3.420s)
generated_audios/generated_H3_512C_pruned70/61-70970-0034_generated.wav | RTF: 0.1779(0.798s / 4.485s) | Generator RTF: 0.1771(0.794s / 4.485s)
generated_audios/generated_H3_512C_pruned70/61-70970-0035_generated.wav | RTF: 0.1934(1.432s / 7.405s) | Generator RTF: 0.1929(1.428s / 7.405s)
generated_audios/generated_H3_512C_pruned70/61-70970-0036_generated.wav | RTF: 0.1863(1.264s / 6.785s) | Generator RTF: 0.1858(1.261s / 6.785s)
generated_audios/generated_H3_512C_pruned70/61-70970-0037_generated.wav | RTF: 0.2893(1.730s / 5.980s) | Generator RTF: 0.2887(1.726s / 5.980s)
generated_audios/generated_H3_512C_pruned70/61-70970-0038_generated.wav | RTF: 0.3122(3.247s / 10.400s) | Generator RTF: 0.3118(3.243s / 10.400s)
generated_audios/generated_H3_512C_pruned70/61-70970-0039_generated.wav | RTF: 0.1823(1.215s / 6.665s) | Generator RTF: 0.1817(1.211s / 6.665s)
generated_audios/generated_H3_512C_pruned70/61-70970-0040_generated.wav | RTF: 0.1790(0.746s / 4.165s) | Generator RTF: 0.1782(0.742s / 4.165s)
generated_audios/generated_H3_512C_pruned70/672-122797-0000_generated.wav | RTF: 0.2932(1.193s / 4.070s) | Generator RTF: 0.2924(1.190s / 4.070s)
generated_audios/generated_H3_512C_pruned70/672-122797-0001_generated.wav | RTF: 0.4084(6.178s / 15.130s) | Generator RTF: 0.4081(6.174s / 15.130s)
generated_audios/generated_H3_512C_pruned70/672-122797-0002_generated.wav | RTF: 0.4141(5.640s / 13.620s) | Generator RTF: 0.4138(5.636s / 13.620s)
generated_audios/generated_H3_512C_pruned70/672-122797-0003_generated.wav | RTF: 0.2942(1.401s / 4.760s) | Generator RTF: 0.2935(1.397s / 4.760s)
generated_audios/generated_H3_512C_pruned70/672-122797-0004_generated.wav | RTF: 0.3108(3.185s / 10.250s) | Generator RTF: 0.3104(3.182s / 10.250s)
generated_audios/generated_H3_512C_pruned70/672-122797-0005_generated.wav | RTF: 0.2982(0.972s / 3.260s) | Generator RTF: 0.2972(0.969s / 3.260s)
generated_audios/generated_H3_512C_pruned70/672-122797-0006_generated.wav | RTF: 0.4159(5.802s / 13.950s) | Generator RTF: 0.4156(5.798s / 13.950s)
generated_audios/generated_H3_512C_pruned70/672-122797-0007_generated.wav | RTF: 0.2850(1.830s / 6.420s) | Generator RTF: 0.2845(1.826s / 6.420s)
generated_audios/generated_H3_512C_pruned70/672-122797-0008_generated.wav | RTF: 0.4253(13.104s / 30.810s) | Generator RTF: 0.4251(13.097s / 30.810s)
generated_audios/generated_H3_512C_pruned70/672-122797-0009_generated.wav | RTF: 0.1837(0.508s / 2.765s) | Generator RTF: 0.1825(0.505s / 2.765s)
generated_audios/generated_H3_512C_pruned70/672-122797-0010_generated.wav | RTF: 0.1799(0.686s / 3.815s) | Generator RTF: 0.1790(0.683s / 3.815s)
generated_audios/generated_H3_512C_pruned70/672-122797-0011_generated.wav | RTF: 0.2962(0.752s / 2.540s) | Generator RTF: 0.2949(0.749s / 2.540s)
generated_audios/generated_H3_512C_pruned70/672-122797-0012_generated.wav | RTF: 0.2984(2.317s / 7.765s) | Generator RTF: 0.2979(2.313s / 7.765s)
generated_audios/generated_H3_512C_pruned70/672-122797-0013_generated.wav | RTF: 0.2946(2.565s / 8.705s) | Generator RTF: 0.2942(2.561s / 8.705s)
generated_audios/generated_H3_512C_pruned70/672-122797-0014_generated.wav | RTF: 0.1900(0.486s / 2.555s) | Generator RTF: 0.1887(0.482s / 2.555s)
generated_audios/generated_H3_512C_pruned70/672-122797-0015_generated.wav | RTF: 0.1791(0.798s / 4.455s) | Generator RTF: 0.1783(0.794s / 4.455s)
generated_audios/generated_H3_512C_pruned70/672-122797-0016_generated.wav | RTF: 0.2940(2.710s / 9.215s) | Generator RTF: 0.2936(2.705s / 9.215s)
generated_audios/generated_H3_512C_pruned70/672-122797-0017_generated.wav | RTF: 0.2876(1.386s / 4.820s) | Generator RTF: 0.2869(1.383s / 4.820s)
generated_audios/generated_H3_512C_pruned70/672-122797-0018_generated.wav | RTF: 0.2902(1.431s / 4.930s) | Generator RTF: 0.2895(1.427s / 4.930s)
generated_audios/generated_H3_512C_pruned70/672-122797-0019_generated.wav | RTF: 0.2848(1.170s / 4.110s) | Generator RTF: 0.2839(1.167s / 4.110s)
generated_audios/generated_H3_512C_pruned70/672-122797-0020_generated.wav | RTF: 0.2943(2.597s / 8.825s) | Generator RTF: 0.2938(2.593s / 8.825s)
generated_audios/generated_H3_512C_pruned70/672-122797-0021_generated.wav | RTF: 0.1815(0.753s / 4.150s) | Generator RTF: 0.1806(0.750s / 4.150s)
generated_audios/generated_H3_512C_pruned70/672-122797-0022_generated.wav | RTF: 0.3935(7.478s / 19.005s) | Generator RTF: 0.3932(7.473s / 19.005s)
generated_audios/generated_H3_512C_pruned70/672-122797-0023_generated.wav | RTF: 0.2946(2.856s / 9.695s) | Generator RTF: 0.2942(2.852s / 9.695s)
generated_audios/generated_H3_512C_pruned70/672-122797-0024_generated.wav | RTF: 0.2949(1.218s / 4.130s) | Generator RTF: 0.2940(1.214s / 4.130s)
generated_audios/generated_H3_512C_pruned70/672-122797-0025_generated.wav | RTF: 0.2992(3.199s / 10.690s) | Generator RTF: 0.2988(3.195s / 10.690s)
generated_audios/generated_H3_512C_pruned70/672-122797-0026_generated.wav | RTF: 0.3578(4.994s / 13.960s) | Generator RTF: 0.3574(4.990s / 13.960s)
generated_audios/generated_H3_512C_pruned70/672-122797-0027_generated.wav | RTF: 0.1796(0.860s / 4.790s) | Generator RTF: 0.1788(0.856s / 4.790s)
generated_audios/generated_H3_512C_pruned70/672-122797-0028_generated.wav | RTF: 0.1850(0.483s / 2.610s) | Generator RTF: 0.1837(0.480s / 2.610s)
generated_audios/generated_H3_512C_pruned70/672-122797-0029_generated.wav | RTF: 0.1862(0.568s / 3.050s) | Generator RTF: 0.1852(0.565s / 3.050s)
generated_audios/generated_H3_512C_pruned70/672-122797-0030_generated.wav | RTF: 0.2868(1.312s / 4.575s) | Generator RTF: 0.2860(1.309s / 4.575s)
generated_audios/generated_H3_512C_pruned70/672-122797-0031_generated.wav | RTF: 0.1801(0.717s / 3.980s) | Generator RTF: 0.1793(0.713s / 3.980s)
generated_audios/generated_H3_512C_pruned70/672-122797-0032_generated.wav | RTF: 0.1785(0.714s / 4.000s) | Generator RTF: 0.1776(0.710s / 4.000s)
generated_audios/generated_H3_512C_pruned70/672-122797-0033_generated.wav | RTF: 0.3157(0.406s / 1.285s) | Generator RTF: 0.3133(0.403s / 1.285s)
generated_audios/generated_H3_512C_pruned70/672-122797-0034_generated.wav | RTF: 0.1782(0.910s / 5.110s) | Generator RTF: 0.1774(0.907s / 5.110s)
generated_audios/generated_H3_512C_pruned70/672-122797-0035_generated.wav | RTF: 0.1864(0.540s / 2.900s) | Generator RTF: 0.1852(0.537s / 2.900s)
generated_audios/generated_H3_512C_pruned70/672-122797-0036_generated.wav | RTF: 0.1806(0.969s / 5.365s) | Generator RTF: 0.1800(0.966s / 5.365s)
generated_audios/generated_H3_512C_pruned70/672-122797-0037_generated.wav | RTF: 0.2832(0.555s / 1.960s) | Generator RTF: 0.2816(0.552s / 1.960s)
generated_audios/generated_H3_512C_pruned70/672-122797-0038_generated.wav | RTF: 0.2915(2.565s / 8.800s) | Generator RTF: 0.2910(2.561s / 8.800s)
generated_audios/generated_H3_512C_pruned70/672-122797-0039_generated.wav | RTF: 0.2908(1.170s / 4.025s) | Generator RTF: 0.2900(1.167s / 4.025s)
generated_audios/generated_H3_512C_pruned70/672-122797-0040_generated.wav | RTF: 0.1799(0.922s / 5.125s) | Generator RTF: 0.1792(0.918s / 5.125s)
generated_audios/generated_H3_512C_pruned70/672-122797-0041_generated.wav | RTF: 0.1782(0.691s / 3.880s) | Generator RTF: 0.1773(0.688s / 3.880s)
generated_audios/generated_H3_512C_pruned70/672-122797-0042_generated.wav | RTF: 0.3569(5.463s / 15.310s) | Generator RTF: 0.3566(5.459s / 15.310s)
generated_audios/generated_H3_512C_pruned70/672-122797-0043_generated.wav | RTF: 0.1783(0.674s / 3.780s) | Generator RTF: 0.1774(0.670s / 3.780s)
generated_audios/generated_H3_512C_pruned70/672-122797-0044_generated.wav | RTF: 0.1783(0.667s / 3.740s) | Generator RTF: 0.1774(0.663s / 3.740s)
generated_audios/generated_H3_512C_pruned70/672-122797-0045_generated.wav | RTF: 0.2464(3.440s / 13.960s) | Generator RTF: 0.2461(3.436s / 13.960s)
generated_audios/generated_H3_512C_pruned70/672-122797-0046_generated.wav | RTF: 0.2877(1.357s / 4.715s) | Generator RTF: 0.2870(1.353s / 4.715s)
generated_audios/generated_H3_512C_pruned70/672-122797-0047_generated.wav | RTF: 0.2954(0.982s / 3.325s) | Generator RTF: 0.2944(0.979s / 3.325s)
generated_audios/generated_H3_512C_pruned70/672-122797-0048_generated.wav | RTF: 0.1818(1.192s / 6.555s) | Generator RTF: 0.1813(1.188s / 6.555s)
generated_audios/generated_H3_512C_pruned70/672-122797-0049_generated.wav | RTF: 0.1804(0.364s / 2.020s) | Generator RTF: 0.1788(0.361s / 2.020s)
generated_audios/generated_H3_512C_pruned70/672-122797-0050_generated.wav | RTF: 0.2949(1.432s / 4.855s) | Generator RTF: 0.2941(1.428s / 4.855s)
generated_audios/generated_H3_512C_pruned70/672-122797-0051_generated.wav | RTF: 0.2927(1.365s / 4.665s) | Generator RTF: 0.2920(1.362s / 4.665s)
generated_audios/generated_H3_512C_pruned70/672-122797-0052_generated.wav | RTF: 0.2806(1.203s / 4.285s) | Generator RTF: 0.2798(1.199s / 4.285s)
generated_audios/generated_H3_512C_pruned70/672-122797-0053_generated.wav | RTF: 0.1828(0.540s / 2.955s) | Generator RTF: 0.1817(0.537s / 2.955s)
generated_audios/generated_H3_512C_pruned70/672-122797-0054_generated.wav | RTF: 0.1785(0.759s / 4.250s) | Generator RTF: 0.1777(0.755s / 4.250s)
generated_audios/generated_H3_512C_pruned70/672-122797-0055_generated.wav | RTF: 0.2928(2.409s / 8.230s) | Generator RTF: 0.2923(2.405s / 8.230s)
generated_audios/generated_H3_512C_pruned70/672-122797-0056_generated.wav | RTF: 0.1795(0.938s / 5.225s) | Generator RTF: 0.1789(0.935s / 5.225s)
generated_audios/generated_H3_512C_pruned70/672-122797-0057_generated.wav | RTF: 0.1807(1.186s / 6.560s) | Generator RTF: 0.1802(1.182s / 6.560s)
generated_audios/generated_H3_512C_pruned70/672-122797-0058_generated.wav | RTF: 0.2953(1.320s / 4.470s) | Generator RTF: 0.2946(1.317s / 4.470s)
generated_audios/generated_H3_512C_pruned70/672-122797-0059_generated.wav | RTF: 0.2865(1.008s / 3.520s) | Generator RTF: 0.2855(1.005s / 3.520s)
generated_audios/generated_H3_512C_pruned70/672-122797-0060_generated.wav | RTF: 0.1784(0.598s / 3.350s) | Generator RTF: 0.1775(0.595s / 3.350s)
generated_audios/generated_H3_512C_pruned70/672-122797-0061_generated.wav | RTF: 0.2914(2.212s / 7.590s) | Generator RTF: 0.2909(2.208s / 7.590s)
generated_audios/generated_H3_512C_pruned70/672-122797-0062_generated.wav | RTF: 0.2970(0.795s / 2.675s) | Generator RTF: 0.2958(0.791s / 2.675s)
generated_audios/generated_H3_512C_pruned70/672-122797-0063_generated.wav | RTF: 0.1778(0.902s / 5.075s) | Generator RTF: 0.1770(0.899s / 5.075s)
generated_audios/generated_H3_512C_pruned70/672-122797-0064_generated.wav | RTF: 0.3585(5.475s / 15.270s) | Generator RTF: 0.3582(5.470s / 15.270s)
generated_audios/generated_H3_512C_pruned70/672-122797-0065_generated.wav | RTF: 0.1798(0.545s / 3.030s) | Generator RTF: 0.1788(0.542s / 3.030s)
generated_audios/generated_H3_512C_pruned70/672-122797-0066_generated.wav | RTF: 0.1794(0.864s / 4.815s) | Generator RTF: 0.1786(0.860s / 4.815s)
generated_audios/generated_H3_512C_pruned70/672-122797-0067_generated.wav | RTF: 0.3558(4.638s / 13.035s) | Generator RTF: 0.3554(4.633s / 13.035s)
generated_audios/generated_H3_512C_pruned70/672-122797-0068_generated.wav | RTF: 0.1809(0.727s / 4.020s) | Generator RTF: 0.1800(0.724s / 4.020s)
generated_audios/generated_H3_512C_pruned70/672-122797-0069_generated.wav | RTF: 0.2929(1.468s / 5.010s) | Generator RTF: 0.2922(1.464s / 5.010s)
generated_audios/generated_H3_512C_pruned70/672-122797-0070_generated.wav | RTF: 0.2897(1.817s / 6.270s) | Generator RTF: 0.2891(1.813s / 6.270s)
generated_audios/generated_H3_512C_pruned70/672-122797-0071_generated.wav | RTF: 0.2971(2.637s / 8.875s) | Generator RTF: 0.2966(2.633s / 8.875s)
generated_audios/generated_H3_512C_pruned70/672-122797-0072_generated.wav | RTF: 0.2925(2.323s / 7.940s) | Generator RTF: 0.2920(2.318s / 7.940s)
generated_audios/generated_H3_512C_pruned70/672-122797-0073_generated.wav | RTF: 0.2935(2.408s / 8.205s) | Generator RTF: 0.2930(2.404s / 8.205s)
generated_audios/generated_H3_512C_pruned70/672-122797-0074_generated.wav | RTF: 0.2916(2.546s / 8.730s) | Generator RTF: 0.2911(2.542s / 8.730s)
generated_audios/generated_H3_512C_pruned70/908-157963-0000_generated.wav | RTF: 0.3541(4.468s / 12.620s) | Generator RTF: 0.3537(4.464s / 12.620s)
generated_audios/generated_H3_512C_pruned70/908-157963-0001_generated.wav | RTF: 0.3093(0.892s / 2.885s) | Generator RTF: 0.3079(0.888s / 2.885s)
generated_audios/generated_H3_512C_pruned70/908-157963-0002_generated.wav | RTF: 0.2909(0.801s / 2.755s) | Generator RTF: 0.2897(0.798s / 2.755s)
generated_audios/generated_H3_512C_pruned70/908-157963-0003_generated.wav | RTF: 0.2958(0.911s / 3.080s) | Generator RTF: 0.2951(0.909s / 3.080s)
generated_audios/generated_H3_512C_pruned70/908-157963-0004_generated.wav | RTF: 0.3573(4.998s / 13.990s) | Generator RTF: 0.3569(4.993s / 13.990s)
generated_audios/generated_H3_512C_pruned70/908-157963-0005_generated.wav | RTF: 0.2937(2.066s / 7.035s) | Generator RTF: 0.2932(2.063s / 7.035s)
generated_audios/generated_H3_512C_pruned70/908-157963-0006_generated.wav | RTF: 0.3134(2.542s / 8.110s) | Generator RTF: 0.3037(2.463s / 8.110s)
generated_audios/generated_H3_512C_pruned70/908-157963-0007_generated.wav | RTF: 0.4204(13.776s / 32.770s) | Generator RTF: 0.4202(13.769s / 32.770s)
generated_audios/generated_H3_512C_pruned70/908-157963-0008_generated.wav | RTF: 0.3630(7.243s / 19.950s) | Generator RTF: 0.3628(7.237s / 19.950s)
generated_audios/generated_H3_512C_pruned70/908-157963-0009_generated.wav | RTF: 0.2958(1.201s / 4.060s) | Generator RTF: 0.2948(1.197s / 4.060s)
generated_audios/generated_H3_512C_pruned70/908-157963-0010_generated.wav | RTF: 0.1824(1.145s / 6.280s) | Generator RTF: 0.1818(1.142s / 6.280s)
generated_audios/generated_H3_512C_pruned70/908-157963-0011_generated.wav | RTF: 0.1905(1.980s / 10.395s) | Generator RTF: 0.1900(1.975s / 10.395s)
generated_audios/generated_H3_512C_pruned70/908-157963-0012_generated.wav | RTF: 0.2940(2.967s / 10.090s) | Generator RTF: 0.2936(2.962s / 10.090s)
generated_audios/generated_H3_512C_pruned70/908-157963-0013_generated.wav | RTF: 0.1823(0.787s / 4.315s) | Generator RTF: 0.1814(0.783s / 4.315s)
generated_audios/generated_H3_512C_pruned70/908-157963-0014_generated.wav | RTF: 0.1806(0.816s / 4.520s) | Generator RTF: 0.1798(0.813s / 4.520s)
generated_audios/generated_H3_512C_pruned70/908-157963-0015_generated.wav | RTF: 0.3588(5.190s / 14.465s) | Generator RTF: 0.3585(5.186s / 14.465s)
generated_audios/generated_H3_512C_pruned70/908-157963-0016_generated.wav | RTF: 0.1809(0.924s / 5.105s) | Generator RTF: 0.1801(0.919s / 5.105s)
generated_audios/generated_H3_512C_pruned70/908-157963-0017_generated.wav | RTF: 0.2889(1.430s / 4.950s) | Generator RTF: 0.2882(1.426s / 4.950s)
generated_audios/generated_H3_512C_pruned70/908-157963-0018_generated.wav | RTF: 0.1806(0.769s / 4.255s) | Generator RTF: 0.1798(0.765s / 4.255s)
generated_audios/generated_H3_512C_pruned70/908-157963-0019_generated.wav | RTF: 0.4167(8.934s / 21.440s) | Generator RTF: 0.4164(8.929s / 21.440s)
generated_audios/generated_H3_512C_pruned70/908-157963-0020_generated.wav | RTF: 0.3010(2.949s / 9.800s) | Generator RTF: 0.3006(2.946s / 9.800s)
generated_audios/generated_H3_512C_pruned70/908-157963-0021_generated.wav | RTF: 0.1920(1.966s / 10.240s) | Generator RTF: 0.1916(1.962s / 10.240s)
generated_audios/generated_H3_512C_pruned70/908-157963-0022_generated.wav | RTF: 0.2965(1.367s / 4.610s) | Generator RTF: 0.2957(1.363s / 4.610s)
generated_audios/generated_H3_512C_pruned70/908-157963-0023_generated.wav | RTF: 0.3003(2.891s / 9.625s) | Generator RTF: 0.2999(2.886s / 9.625s)
generated_audios/generated_H3_512C_pruned70/908-157963-0024_generated.wav | RTF: 0.2927(1.007s / 3.440s) | Generator RTF: 0.2917(1.003s / 3.440s)
generated_audios/generated_H3_512C_pruned70/908-157963-0025_generated.wav | RTF: 0.2982(2.763s / 9.265s) | Generator RTF: 0.2978(2.759s / 9.265s)
generated_audios/generated_H3_512C_pruned70/908-157963-0026_generated.wav | RTF: 0.2944(2.385s / 8.100s) | Generator RTF: 0.2939(2.381s / 8.100s)
generated_audios/generated_H3_512C_pruned70/908-157963-0027_generated.wav | RTF: 0.1802(0.942s / 5.225s) | Generator RTF: 0.1796(0.938s / 5.225s)
generated_audios/generated_H3_512C_pruned70/908-157963-0028_generated.wav | RTF: 0.1742(0.863s / 4.955s) | Generator RTF: 0.1735(0.859s / 4.955s)
generated_audios/generated_H3_512C_pruned70/908-157963-0029_generated.wav | RTF: 0.2874(1.043s / 3.630s) | Generator RTF: 0.2864(1.040s / 3.630s)
generated_audios/generated_H3_512C_pruned70/908-157963-0030_generated.wav | RTF: 0.1802(0.815s / 4.520s) | Generator RTF: 0.1794(0.811s / 4.520s)
generated_audios/generated_H3_512C_pruned70/908-31957-0000_generated.wav | RTF: 0.2871(0.610s / 2.125s) | Generator RTF: 0.2857(0.607s / 2.125s)
generated_audios/generated_H3_512C_pruned70/908-31957-0001_generated.wav | RTF: 0.3235(3.660s / 11.315s) | Generator RTF: 0.3182(3.601s / 11.315s)
generated_audios/generated_H3_512C_pruned70/908-31957-0002_generated.wav | RTF: 0.1803(0.864s / 4.790s) | Generator RTF: 0.1796(0.860s / 4.790s)
generated_audios/generated_H3_512C_pruned70/908-31957-0003_generated.wav | RTF: 0.1816(1.192s / 6.565s) | Generator RTF: 0.1810(1.188s / 6.565s)
generated_audios/generated_H3_512C_pruned70/908-31957-0004_generated.wav | RTF: 0.3768(5.559s / 14.755s) | Generator RTF: 0.3765(5.555s / 14.755s)
generated_audios/generated_H3_512C_pruned70/908-31957-0005_generated.wav | RTF: 0.1803(0.810s / 4.490s) | Generator RTF: 0.1795(0.806s / 4.490s)
generated_audios/generated_H3_512C_pruned70/908-31957-0006_generated.wav | RTF: 0.2880(1.696s / 5.890s) | Generator RTF: 0.2873(1.692s / 5.890s)
generated_audios/generated_H3_512C_pruned70/908-31957-0007_generated.wav | RTF: 0.1814(1.052s / 5.800s) | Generator RTF: 0.1808(1.048s / 5.800s)
generated_audios/generated_H3_512C_pruned70/908-31957-0008_generated.wav | RTF: 0.3067(3.069s / 10.005s) | Generator RTF: 0.3063(3.064s / 10.005s)
generated_audios/generated_H3_512C_pruned70/908-31957-0009_generated.wav | RTF: 0.2903(2.237s / 7.705s) | Generator RTF: 0.2898(2.233s / 7.705s)
generated_audios/generated_H3_512C_pruned70/908-31957-0010_generated.wav | RTF: 0.2827(0.710s / 2.510s) | Generator RTF: 0.2814(0.706s / 2.510s)
generated_audios/generated_H3_512C_pruned70/908-31957-0011_generated.wav | RTF: 0.1885(0.440s / 2.335s) | Generator RTF: 0.1871(0.437s / 2.335s)
generated_audios/generated_H3_512C_pruned70/908-31957-0012_generated.wav | RTF: 0.2921(2.224s / 7.615s) | Generator RTF: 0.2916(2.220s / 7.615s)
generated_audios/generated_H3_512C_pruned70/908-31957-0013_generated.wav | RTF: 0.2937(1.815s / 6.180s) | Generator RTF: 0.2932(1.812s / 6.180s)
generated_audios/generated_H3_512C_pruned70/908-31957-0014_generated.wav | RTF: 0.2904(2.195s / 7.560s) | Generator RTF: 0.2898(2.191s / 7.560s)
generated_audios/generated_H3_512C_pruned70/908-31957-0015_generated.wav | RTF: 0.4196(9.006s / 21.465s) | Generator RTF: 0.4193(9.000s / 21.465s)
generated_audios/generated_H3_512C_pruned70/908-31957-0016_generated.wav | RTF: 0.3001(1.945s / 6.480s) | Generator RTF: 0.2995(1.941s / 6.480s)
generated_audios/generated_H3_512C_pruned70/908-31957-0017_generated.wav | RTF: 0.3010(2.347s / 7.795s) | Generator RTF: 0.3005(2.343s / 7.795s)
generated_audios/generated_H3_512C_pruned70/908-31957-0018_generated.wav | RTF: 0.2831(1.108s / 3.915s) | Generator RTF: 0.2822(1.105s / 3.915s)
generated_audios/generated_H3_512C_pruned70/908-31957-0019_generated.wav | RTF: 0.3123(2.979s / 9.540s) | Generator RTF: 0.3119(2.975s / 9.540s)
generated_audios/generated_H3_512C_pruned70/908-31957-0020_generated.wav | RTF: 0.1829(1.078s / 5.895s) | Generator RTF: 0.1822(1.074s / 5.895s)
generated_audios/generated_H3_512C_pruned70/908-31957-0021_generated.wav | RTF: 0.3147(3.431s / 10.905s) | Generator RTF: 0.3143(3.427s / 10.905s)
generated_audios/generated_H3_512C_pruned70/908-31957-0022_generated.wav | RTF: 0.4221(5.952s / 14.100s) | Generator RTF: 0.4218(5.947s / 14.100s)
generated_audios/generated_H3_512C_pruned70/908-31957-0023_generated.wav | RTF: 0.3169(2.699s / 8.515s) | Generator RTF: 0.3165(2.695s / 8.515s)
generated_audios/generated_H3_512C_pruned70/908-31957-0024_generated.wav | RTF: 0.3069(2.314s / 7.540s) | Generator RTF: 0.3058(2.306s / 7.540s)
generated_audios/generated_H3_512C_pruned70/908-31957-0025_generated.wav | RTF: 0.4258(8.753s / 20.560s) | Generator RTF: 0.4255(8.748s / 20.560s)
Average RTF: 0.3030(957.499s / 3159.849s)
Average Generator RTF: 0.3024(955.409s / 3159.849s)
Evaluation summary:
  Mel-spectrogram L1: 0.307864
  PESQ: 2.308524
  STOI: 0.931882
Appended per-audio metrics to CSV: per_audio_results/H3_512C_Mask_pruning

Appended metrics to CSV: experiments_results.csv
========== H4: pruning 30% + quantize ==========
Initializing Inference Process..
Using device: cpu (baseline and quantized inference both run on CPU)
Quantization enabled: forcing CPU inference for INT8 model.
Loading '/home/hpc/vlbi/vlbi107v/hifi-gan/cp_hifigan/v1_c512_ft30/g_00265000'
Complete.
Checkpoint contains masked pruning parameters. Preparing masked model before loading...
Removing weight norm...
Skipping ConvTranspose1d pruning for ups.0
Skipping ConvTranspose1d pruning for ups.1
Skipping ConvTranspose1d pruning for ups.2
Skipping ConvTranspose1d pruning for ups.3
Pruning (with mask) resblocks.0.convs1.0 (Conv1d): out_channels=256, dim=0, amount=0.0
Done pruning (with mask) resblocks.0.convs1.0 (Conv1d)
Pruning (with mask) resblocks.0.convs1.1 (Conv1d): out_channels=256, dim=0, amount=0.0
Done pruning (with mask) resblocks.0.convs1.1 (Conv1d)
Pruning (with mask) resblocks.0.convs1.2 (Conv1d): out_channels=256, dim=0, amount=0.0
Done pruning (with mask) resblocks.0.convs1.2 (Conv1d)
Pruning (with mask) resblocks.0.convs2.0 (Conv1d): out_channels=256, dim=0, amount=0.0
Done pruning (with mask) resblocks.0.convs2.0 (Conv1d)
Pruning (with mask) resblocks.0.convs2.1 (Conv1d): out_channels=256, dim=0, amount=0.0
Done pruning (with mask) resblocks.0.convs2.1 (Conv1d)
Pruning (with mask) resblocks.0.convs2.2 (Conv1d): out_channels=256, dim=0, amount=0.0
Done pruning (with mask) resblocks.0.convs2.2 (Conv1d)
Pruning (with mask) resblocks.1.convs1.0 (Conv1d): out_channels=256, dim=0, amount=0.0
Done pruning (with mask) resblocks.1.convs1.0 (Conv1d)
Pruning (with mask) resblocks.1.convs1.1 (Conv1d): out_channels=256, dim=0, amount=0.0
Done pruning (with mask) resblocks.1.convs1.1 (Conv1d)
Pruning (with mask) resblocks.1.convs1.2 (Conv1d): out_channels=256, dim=0, amount=0.0
Done pruning (with mask) resblocks.1.convs1.2 (Conv1d)
Pruning (with mask) resblocks.1.convs2.0 (Conv1d): out_channels=256, dim=0, amount=0.0
Done pruning (with mask) resblocks.1.convs2.0 (Conv1d)
Pruning (with mask) resblocks.1.convs2.1 (Conv1d): out_channels=256, dim=0, amount=0.0
Done pruning (with mask) resblocks.1.convs2.1 (Conv1d)
Pruning (with mask) resblocks.1.convs2.2 (Conv1d): out_channels=256, dim=0, amount=0.0
Done pruning (with mask) resblocks.1.convs2.2 (Conv1d)
Pruning (with mask) resblocks.2.convs1.0 (Conv1d): out_channels=256, dim=0, amount=0.0
Done pruning (with mask) resblocks.2.convs1.0 (Conv1d)
Pruning (with mask) resblocks.2.convs1.1 (Conv1d): out_channels=256, dim=0, amount=0.0
Done pruning (with mask) resblocks.2.convs1.1 (Conv1d)
Pruning (with mask) resblocks.2.convs1.2 (Conv1d): out_channels=256, dim=0, amount=0.0
Done pruning (with mask) resblocks.2.convs1.2 (Conv1d)
Pruning (with mask) resblocks.2.convs2.0 (Conv1d): out_channels=256, dim=0, amount=0.0
Done pruning (with mask) resblocks.2.convs2.0 (Conv1d)
Pruning (with mask) resblocks.2.convs2.1 (Conv1d): out_channels=256, dim=0, amount=0.0
Done pruning (with mask) resblocks.2.convs2.1 (Conv1d)
Pruning (with mask) resblocks.2.convs2.2 (Conv1d): out_channels=256, dim=0, amount=0.0
Done pruning (with mask) resblocks.2.convs2.2 (Conv1d)
Pruning (with mask) resblocks.3.convs1.0 (Conv1d): out_channels=128, dim=0, amount=0.0
Done pruning (with mask) resblocks.3.convs1.0 (Conv1d)
Pruning (with mask) resblocks.3.convs1.1 (Conv1d): out_channels=128, dim=0, amount=0.0
Done pruning (with mask) resblocks.3.convs1.1 (Conv1d)
Pruning (with mask) resblocks.3.convs1.2 (Conv1d): out_channels=128, dim=0, amount=0.0
Done pruning (with mask) resblocks.3.convs1.2 (Conv1d)
Pruning (with mask) resblocks.3.convs2.0 (Conv1d): out_channels=128, dim=0, amount=0.0
Done pruning (with mask) resblocks.3.convs2.0 (Conv1d)
Pruning (with mask) resblocks.3.convs2.1 (Conv1d): out_channels=128, dim=0, amount=0.0
Done pruning (with mask) resblocks.3.convs2.1 (Conv1d)
Pruning (with mask) resblocks.3.convs2.2 (Conv1d): out_channels=128, dim=0, amount=0.0
Done pruning (with mask) resblocks.3.convs2.2 (Conv1d)
Pruning (with mask) resblocks.4.convs1.0 (Conv1d): out_channels=128, dim=0, amount=0.0
Done pruning (with mask) resblocks.4.convs1.0 (Conv1d)
Pruning (with mask) resblocks.4.convs1.1 (Conv1d): out_channels=128, dim=0, amount=0.0
Done pruning (with mask) resblocks.4.convs1.1 (Conv1d)
Pruning (with mask) resblocks.4.convs1.2 (Conv1d): out_channels=128, dim=0, amount=0.0
Done pruning (with mask) resblocks.4.convs1.2 (Conv1d)
Pruning (with mask) resblocks.4.convs2.0 (Conv1d): out_channels=128, dim=0, amount=0.0
Done pruning (with mask) resblocks.4.convs2.0 (Conv1d)
Pruning (with mask) resblocks.4.convs2.1 (Conv1d): out_channels=128, dim=0, amount=0.0
Done pruning (with mask) resblocks.4.convs2.1 (Conv1d)
Pruning (with mask) resblocks.4.convs2.2 (Conv1d): out_channels=128, dim=0, amount=0.0
Done pruning (with mask) resblocks.4.convs2.2 (Conv1d)
Pruning (with mask) resblocks.5.convs1.0 (Conv1d): out_channels=128, dim=0, amount=0.0
Done pruning (with mask) resblocks.5.convs1.0 (Conv1d)
Pruning (with mask) resblocks.5.convs1.1 (Conv1d): out_channels=128, dim=0, amount=0.0
Done pruning (with mask) resblocks.5.convs1.1 (Conv1d)
Pruning (with mask) resblocks.5.convs1.2 (Conv1d): out_channels=128, dim=0, amount=0.0
Done pruning (with mask) resblocks.5.convs1.2 (Conv1d)
Pruning (with mask) resblocks.5.convs2.0 (Conv1d): out_channels=128, dim=0, amount=0.0
Done pruning (with mask) resblocks.5.convs2.0 (Conv1d)
Pruning (with mask) resblocks.5.convs2.1 (Conv1d): out_channels=128, dim=0, amount=0.0
Done pruning (with mask) resblocks.5.convs2.1 (Conv1d)
Pruning (with mask) resblocks.5.convs2.2 (Conv1d): out_channels=128, dim=0, amount=0.0
Done pruning (with mask) resblocks.5.convs2.2 (Conv1d)
Pruning (with mask) resblocks.6.convs1.0 (Conv1d): out_channels=64, dim=0, amount=0.0
Done pruning (with mask) resblocks.6.convs1.0 (Conv1d)
Pruning (with mask) resblocks.6.convs1.1 (Conv1d): out_channels=64, dim=0, amount=0.0
Done pruning (with mask) resblocks.6.convs1.1 (Conv1d)
Pruning (with mask) resblocks.6.convs1.2 (Conv1d): out_channels=64, dim=0, amount=0.0
Done pruning (with mask) resblocks.6.convs1.2 (Conv1d)
Pruning (with mask) resblocks.6.convs2.0 (Conv1d): out_channels=64, dim=0, amount=0.0
Done pruning (with mask) resblocks.6.convs2.0 (Conv1d)
Pruning (with mask) resblocks.6.convs2.1 (Conv1d): out_channels=64, dim=0, amount=0.0
Done pruning (with mask) resblocks.6.convs2.1 (Conv1d)
Pruning (with mask) resblocks.6.convs2.2 (Conv1d): out_channels=64, dim=0, amount=0.0
Done pruning (with mask) resblocks.6.convs2.2 (Conv1d)
Pruning (with mask) resblocks.7.convs1.0 (Conv1d): out_channels=64, dim=0, amount=0.0
Done pruning (with mask) resblocks.7.convs1.0 (Conv1d)
Pruning (with mask) resblocks.7.convs1.1 (Conv1d): out_channels=64, dim=0, amount=0.0
Done pruning (with mask) resblocks.7.convs1.1 (Conv1d)
Pruning (with mask) resblocks.7.convs1.2 (Conv1d): out_channels=64, dim=0, amount=0.0
Done pruning (with mask) resblocks.7.convs1.2 (Conv1d)
Pruning (with mask) resblocks.7.convs2.0 (Conv1d): out_channels=64, dim=0, amount=0.0
Done pruning (with mask) resblocks.7.convs2.0 (Conv1d)
Pruning (with mask) resblocks.7.convs2.1 (Conv1d): out_channels=64, dim=0, amount=0.0
Done pruning (with mask) resblocks.7.convs2.1 (Conv1d)
Pruning (with mask) resblocks.7.convs2.2 (Conv1d): out_channels=64, dim=0, amount=0.0
Done pruning (with mask) resblocks.7.convs2.2 (Conv1d)
Pruning (with mask) resblocks.8.convs1.0 (Conv1d): out_channels=64, dim=0, amount=0.0
Done pruning (with mask) resblocks.8.convs1.0 (Conv1d)
Pruning (with mask) resblocks.8.convs1.1 (Conv1d): out_channels=64, dim=0, amount=0.0
Done pruning (with mask) resblocks.8.convs1.1 (Conv1d)
Pruning (with mask) resblocks.8.convs1.2 (Conv1d): out_channels=64, dim=0, amount=0.0
Done pruning (with mask) resblocks.8.convs1.2 (Conv1d)
Pruning (with mask) resblocks.8.convs2.0 (Conv1d): out_channels=64, dim=0, amount=0.0
Done pruning (with mask) resblocks.8.convs2.0 (Conv1d)
Pruning (with mask) resblocks.8.convs2.1 (Conv1d): out_channels=64, dim=0, amount=0.0
Done pruning (with mask) resblocks.8.convs2.1 (Conv1d)
Pruning (with mask) resblocks.8.convs2.2 (Conv1d): out_channels=64, dim=0, amount=0.0
Done pruning (with mask) resblocks.8.convs2.2 (Conv1d)
Pruning (with mask) resblocks.9.convs1.0 (Conv1d): out_channels=32, dim=0, amount=0.0
Done pruning (with mask) resblocks.9.convs1.0 (Conv1d)
Pruning (with mask) resblocks.9.convs1.1 (Conv1d): out_channels=32, dim=0, amount=0.0
Done pruning (with mask) resblocks.9.convs1.1 (Conv1d)
Pruning (with mask) resblocks.9.convs1.2 (Conv1d): out_channels=32, dim=0, amount=0.0
Done pruning (with mask) resblocks.9.convs1.2 (Conv1d)
Pruning (with mask) resblocks.9.convs2.0 (Conv1d): out_channels=32, dim=0, amount=0.0
Done pruning (with mask) resblocks.9.convs2.0 (Conv1d)
Pruning (with mask) resblocks.9.convs2.1 (Conv1d): out_channels=32, dim=0, amount=0.0
Done pruning (with mask) resblocks.9.convs2.1 (Conv1d)
Pruning (with mask) resblocks.9.convs2.2 (Conv1d): out_channels=32, dim=0, amount=0.0
Done pruning (with mask) resblocks.9.convs2.2 (Conv1d)
Pruning (with mask) resblocks.10.convs1.0 (Conv1d): out_channels=32, dim=0, amount=0.0
Done pruning (with mask) resblocks.10.convs1.0 (Conv1d)
Pruning (with mask) resblocks.10.convs1.1 (Conv1d): out_channels=32, dim=0, amount=0.0
Done pruning (with mask) resblocks.10.convs1.1 (Conv1d)
Pruning (with mask) resblocks.10.convs1.2 (Conv1d): out_channels=32, dim=0, amount=0.0
Done pruning (with mask) resblocks.10.convs1.2 (Conv1d)
Pruning (with mask) resblocks.10.convs2.0 (Conv1d): out_channels=32, dim=0, amount=0.0
Done pruning (with mask) resblocks.10.convs2.0 (Conv1d)
Pruning (with mask) resblocks.10.convs2.1 (Conv1d): out_channels=32, dim=0, amount=0.0
Done pruning (with mask) resblocks.10.convs2.1 (Conv1d)
Pruning (with mask) resblocks.10.convs2.2 (Conv1d): out_channels=32, dim=0, amount=0.0
Done pruning (with mask) resblocks.10.convs2.2 (Conv1d)
Pruning (with mask) resblocks.11.convs1.0 (Conv1d): out_channels=32, dim=0, amount=0.0
Done pruning (with mask) resblocks.11.convs1.0 (Conv1d)
Pruning (with mask) resblocks.11.convs1.1 (Conv1d): out_channels=32, dim=0, amount=0.0
Done pruning (with mask) resblocks.11.convs1.1 (Conv1d)
Pruning (with mask) resblocks.11.convs1.2 (Conv1d): out_channels=32, dim=0, amount=0.0
Done pruning (with mask) resblocks.11.convs1.2 (Conv1d)
Pruning (with mask) resblocks.11.convs2.0 (Conv1d): out_channels=32, dim=0, amount=0.0
Done pruning (with mask) resblocks.11.convs2.0 (Conv1d)
Pruning (with mask) resblocks.11.convs2.1 (Conv1d): out_channels=32, dim=0, amount=0.0
Done pruning (with mask) resblocks.11.convs2.1 (Conv1d)
Pruning (with mask) resblocks.11.convs2.2 (Conv1d): out_channels=32, dim=0, amount=0.0
Done pruning (with mask) resblocks.11.convs2.2 (Conv1d)
Removing pruning masks from masked checkpoint before inference...
Removed pruning masks from 72 modules
Removing weight norm...
Calibrating static quantization using 50 samples...
INT8 quantization scope: resblocks_range
Quantizing residual blocks 3..8; all other layers stay FP32.
Checking quantized modules after static quantization:
Quantized module: resblocks.3.convs1.0 (torch.ao.nn.quantized.modules.conv.Conv1d)
Quantized module: resblocks.3.convs1.1 (torch.ao.nn.quantized.modules.conv.Conv1d)
Quantized module: resblocks.3.convs1.2 (torch.ao.nn.quantized.modules.conv.Conv1d)
Quantized module: resblocks.3.convs2.0 (torch.ao.nn.quantized.modules.conv.Conv1d)
Quantized module: resblocks.3.convs2.1 (torch.ao.nn.quantized.modules.conv.Conv1d)
Quantized module: resblocks.3.convs2.2 (torch.ao.nn.quantized.modules.conv.Conv1d)
Quantized module: resblocks.4.convs1.0 (torch.ao.nn.quantized.modules.conv.Conv1d)
Quantized module: resblocks.4.convs1.1 (torch.ao.nn.quantized.modules.conv.Conv1d)
Quantized module: resblocks.4.convs1.2 (torch.ao.nn.quantized.modules.conv.Conv1d)
Quantized module: resblocks.4.convs2.0 (torch.ao.nn.quantized.modules.conv.Conv1d)
Quantized module: resblocks.4.convs2.1 (torch.ao.nn.quantized.modules.conv.Conv1d)
Quantized module: resblocks.4.convs2.2 (torch.ao.nn.quantized.modules.conv.Conv1d)
Quantized module: resblocks.5.convs1.0 (torch.ao.nn.quantized.modules.conv.Conv1d)
Quantized module: resblocks.5.convs1.1 (torch.ao.nn.quantized.modules.conv.Conv1d)
Quantized module: resblocks.5.convs1.2 (torch.ao.nn.quantized.modules.conv.Conv1d)
Quantized module: resblocks.5.convs2.0 (torch.ao.nn.quantized.modules.conv.Conv1d)
Quantized module: resblocks.5.convs2.1 (torch.ao.nn.quantized.modules.conv.Conv1d)
Quantized module: resblocks.5.convs2.2 (torch.ao.nn.quantized.modules.conv.Conv1d)
Quantized module: resblocks.6.convs1.0 (torch.ao.nn.quantized.modules.conv.Conv1d)
Quantized module: resblocks.6.convs1.1 (torch.ao.nn.quantized.modules.conv.Conv1d)
Quantized module: resblocks.6.convs1.2 (torch.ao.nn.quantized.modules.conv.Conv1d)
Quantized module: resblocks.6.convs2.0 (torch.ao.nn.quantized.modules.conv.Conv1d)
Quantized module: resblocks.6.convs2.1 (torch.ao.nn.quantized.modules.conv.Conv1d)
Quantized module: resblocks.6.convs2.2 (torch.ao.nn.quantized.modules.conv.Conv1d)
Quantized module: resblocks.7.convs1.0 (torch.ao.nn.quantized.modules.conv.Conv1d)
Quantized module: resblocks.7.convs1.1 (torch.ao.nn.quantized.modules.conv.Conv1d)
Quantized module: resblocks.7.convs1.2 (torch.ao.nn.quantized.modules.conv.Conv1d)
Quantized module: resblocks.7.convs2.0 (torch.ao.nn.quantized.modules.conv.Conv1d)
Quantized module: resblocks.7.convs2.1 (torch.ao.nn.quantized.modules.conv.Conv1d)
Quantized module: resblocks.7.convs2.2 (torch.ao.nn.quantized.modules.conv.Conv1d)
Quantized module: resblocks.8.convs1.0 (torch.ao.nn.quantized.modules.conv.Conv1d)
Quantized module: resblocks.8.convs1.1 (torch.ao.nn.quantized.modules.conv.Conv1d)
Quantized module: resblocks.8.convs1.2 (torch.ao.nn.quantized.modules.conv.Conv1d)
Quantized module: resblocks.8.convs2.0 (torch.ao.nn.quantized.modules.conv.Conv1d)
Quantized module: resblocks.8.convs2.1 (torch.ao.nn.quantized.modules.conv.Conv1d)
Quantized module: resblocks.8.convs2.2 (torch.ao.nn.quantized.modules.conv.Conv1d)
Saving checkpoint to /home/hpc/vlbi/vlbi107v/hifi-gan/cp_hifigan/v1_c512_ft30/compressed_checkpoint_int8
Complete.
Saved compressed checkpoint: /home/hpc/vlbi/vlbi107v/hifi-gan/cp_hifigan/v1_c512_ft30/compressed_checkpoint_int8 (45.910 MB)
Compressed checkpoint parameters: 13,926,161
Loaded checkpoint: /home/hpc/vlbi/vlbi107v/hifi-gan/cp_hifigan/v1_c512_ft30/g_00265000 (95.035 MB)
Generator parameters: 13,926,161
generated_audios/generated_H4_512C_pruned30_int8/1089-134686-0000_generated.wav | RTF: 0.1589(1.658s / 10.435s) | Generator RTF: 0.1586(1.655s / 10.435s)
generated_audios/generated_H4_512C_pruned30_int8/1089-134686-0001_generated.wav | RTF: 0.1485(0.486s / 3.275s) | Generator RTF: 0.1475(0.483s / 3.275s)
generated_audios/generated_H4_512C_pruned30_int8/1089-134686-0002_generated.wav | RTF: 0.1610(1.066s / 6.625s) | Generator RTF: 0.1604(1.063s / 6.625s)
generated_audios/generated_H4_512C_pruned30_int8/1089-134686-0003_generated.wav | RTF: 0.1477(0.396s / 2.680s) | Generator RTF: 0.1464(0.392s / 2.680s)
generated_audios/generated_H4_512C_pruned30_int8/1089-134686-0004_generated.wav | RTF: 0.1597(0.833s / 5.215s) | Generator RTF: 0.1590(0.829s / 5.215s)
generated_audios/generated_H4_512C_pruned30_int8/1089-134686-0005_generated.wav | RTF: 0.1596(1.538s / 9.635s) | Generator RTF: 0.1592(1.534s / 9.635s)
generated_audios/generated_H4_512C_pruned30_int8/1089-134686-0006_generated.wav | RTF: 0.1619(1.709s / 10.555s) | Generator RTF: 0.1615(1.705s / 10.555s)
generated_audios/generated_H4_512C_pruned30_int8/1089-134686-0007_generated.wav | RTF: 0.1475(0.630s / 4.275s) | Generator RTF: 0.1468(0.628s / 4.275s)
generated_audios/generated_H4_512C_pruned30_int8/1089-134686-0008_generated.wav | RTF: 0.1624(1.093s / 6.730s) | Generator RTF: 0.1619(1.089s / 6.730s)
generated_audios/generated_H4_512C_pruned30_int8/1089-134686-0009_generated.wav | RTF: 0.1601(1.693s / 10.575s) | Generator RTF: 0.1598(1.689s / 10.575s)
generated_audios/generated_H4_512C_pruned30_int8/1089-134686-0010_generated.wav | RTF: 0.1477(0.651s / 4.405s) | Generator RTF: 0.1470(0.648s / 4.405s)
generated_audios/generated_H4_512C_pruned30_int8/1089-134686-0011_generated.wav | RTF: 0.2087(2.597s / 12.445s) | Generator RTF: 0.2084(2.593s / 12.445s)
generated_audios/generated_H4_512C_pruned30_int8/1089-134686-0012_generated.wav | RTF: 0.1697(1.975s / 11.640s) | Generator RTF: 0.1693(1.970s / 11.640s)
generated_audios/generated_H4_512C_pruned30_int8/1089-134686-0013_generated.wav | RTF: 0.1575(1.246s / 7.915s) | Generator RTF: 0.1570(1.242s / 7.915s)
generated_audios/generated_H4_512C_pruned30_int8/1089-134686-0014_generated.wav | RTF: 0.1514(0.337s / 2.225s) | Generator RTF: 0.1500(0.334s / 2.225s)
generated_audios/generated_H4_512C_pruned30_int8/1089-134686-0015_generated.wav | RTF: 0.1584(0.921s / 5.815s) | Generator RTF: 0.1578(0.918s / 5.815s)
generated_audios/generated_H4_512C_pruned30_int8/1089-134686-0016_generated.wav | RTF: 0.1496(0.530s / 3.540s) | Generator RTF: 0.1487(0.526s / 3.540s)
generated_audios/generated_H4_512C_pruned30_int8/1089-134686-0017_generated.wav | RTF: 0.1734(1.538s / 8.870s) | Generator RTF: 0.1730(1.534s / 8.870s)
generated_audios/generated_H4_512C_pruned30_int8/1089-134686-0018_generated.wav | RTF: 0.2300(3.615s / 15.720s) | Generator RTF: 0.2297(3.611s / 15.720s)
generated_audios/generated_H4_512C_pruned30_int8/1089-134686-0019_generated.wav | RTF: 0.2335(3.244s / 13.895s) | Generator RTF: 0.2332(3.240s / 13.895s)
generated_audios/generated_H4_512C_pruned30_int8/1089-134686-0020_generated.wav | RTF: 0.2327(3.908s / 16.790s) | Generator RTF: 0.2325(3.904s / 16.790s)
generated_audios/generated_H4_512C_pruned30_int8/1089-134686-0021_generated.wav | RTF: 0.1645(1.078s / 6.550s) | Generator RTF: 0.1639(1.074s / 6.550s)
generated_audios/generated_H4_512C_pruned30_int8/1089-134686-0022_generated.wav | RTF: 0.1590(1.777s / 11.175s) | Generator RTF: 0.1586(1.772s / 11.175s)
generated_audios/generated_H4_512C_pruned30_int8/1089-134686-0023_generated.wav | RTF: 0.2338(3.104s / 13.275s) | Generator RTF: 0.2335(3.100s / 13.275s)
generated_audios/generated_H4_512C_pruned30_int8/1089-134686-0024_generated.wav | RTF: 0.1617(1.885s / 11.655s) | Generator RTF: 0.1613(1.880s / 11.655s)
generated_audios/generated_H4_512C_pruned30_int8/1089-134686-0025_generated.wav | RTF: 0.1590(1.051s / 6.610s) | Generator RTF: 0.1585(1.048s / 6.610s)
generated_audios/generated_H4_512C_pruned30_int8/1089-134686-0026_generated.wav | RTF: 0.1514(0.607s / 4.010s) | Generator RTF: 0.1505(0.604s / 4.010s)
generated_audios/generated_H4_512C_pruned30_int8/1089-134686-0027_generated.wav | RTF: 0.1504(0.408s / 2.710s) | Generator RTF: 0.1493(0.404s / 2.710s)
generated_audios/generated_H4_512C_pruned30_int8/1089-134686-0028_generated.wav | RTF: 0.1752(1.372s / 7.830s) | Generator RTF: 0.1747(1.368s / 7.830s)
generated_audios/generated_H4_512C_pruned30_int8/1089-134686-0029_generated.wav | RTF: 0.1480(0.691s / 4.670s) | Generator RTF: 0.1472(0.688s / 4.670s)
generated_audios/generated_H4_512C_pruned30_int8/1089-134686-0030_generated.wav | RTF: 0.1423(0.386s / 2.715s) | Generator RTF: 0.1410(0.383s / 2.715s)
generated_audios/generated_H4_512C_pruned30_int8/1089-134686-0031_generated.wav | RTF: 0.1607(1.063s / 6.615s) | Generator RTF: 0.1602(1.060s / 6.615s)
generated_audios/generated_H4_512C_pruned30_int8/121-121726-0000_generated.wav | RTF: 0.1760(1.489s / 8.460s) | Generator RTF: 0.1755(1.485s / 8.460s)
generated_audios/generated_H4_512C_pruned30_int8/121-121726-0001_generated.wav | RTF: 0.1501(0.889s / 5.925s) | Generator RTF: 0.1495(0.886s / 5.925s)
generated_audios/generated_H4_512C_pruned30_int8/121-121726-0002_generated.wav | RTF: 0.1432(0.631s / 4.410s) | Generator RTF: 0.1424(0.628s / 4.410s)
generated_audios/generated_H4_512C_pruned30_int8/121-121726-0003_generated.wav | RTF: 0.1513(1.022s / 6.755s) | Generator RTF: 0.1508(1.019s / 6.755s)
generated_audios/generated_H4_512C_pruned30_int8/121-121726-0004_generated.wav | RTF: 0.1459(0.586s / 4.020s) | Generator RTF: 0.1451(0.583s / 4.020s)
generated_audios/generated_H4_512C_pruned30_int8/121-121726-0005_generated.wav | RTF: 0.1489(0.462s / 3.100s) | Generator RTF: 0.1480(0.459s / 3.100s)
generated_audios/generated_H4_512C_pruned30_int8/121-121726-0006_generated.wav | RTF: 0.1466(0.571s / 3.895s) | Generator RTF: 0.1457(0.568s / 3.895s)
generated_audios/generated_H4_512C_pruned30_int8/121-121726-0007_generated.wav | RTF: 0.1520(1.023s / 6.730s) | Generator RTF: 0.1515(1.020s / 6.730s)
generated_audios/generated_H4_512C_pruned30_int8/121-121726-0008_generated.wav | RTF: 0.1486(0.742s / 4.990s) | Generator RTF: 0.1480(0.739s / 4.990s)
generated_audios/generated_H4_512C_pruned30_int8/121-121726-0009_generated.wav | RTF: 0.1496(1.086s / 7.260s) | Generator RTF: 0.1491(1.082s / 7.260s)
generated_audios/generated_H4_512C_pruned30_int8/121-121726-0010_generated.wav | RTF: 0.1523(1.494s / 9.810s) | Generator RTF: 0.1518(1.489s / 9.810s)
generated_audios/generated_H4_512C_pruned30_int8/121-121726-0011_generated.wav | RTF: 0.1464(0.591s / 4.035s) | Generator RTF: 0.1455(0.587s / 4.035s)
generated_audios/generated_H4_512C_pruned30_int8/121-121726-0012_generated.wav | RTF: 0.1460(0.591s / 4.045s) | Generator RTF: 0.1453(0.588s / 4.045s)
generated_audios/generated_H4_512C_pruned30_int8/121-121726-0013_generated.wav | RTF: 0.1520(0.378s / 2.490s) | Generator RTF: 0.1507(0.375s / 2.490s)
generated_audios/generated_H4_512C_pruned30_int8/121-121726-0014_generated.wav | RTF: 0.1501(0.475s / 3.165s) | Generator RTF: 0.1491(0.472s / 3.165s)
generated_audios/generated_H4_512C_pruned30_int8/121-123852-0000_generated.wav | RTF: 0.2076(3.673s / 17.695s) | Generator RTF: 0.2073(3.668s / 17.695s)
generated_audios/generated_H4_512C_pruned30_int8/121-123852-0001_generated.wav | RTF: 0.1520(0.284s / 1.870s) | Generator RTF: 0.1502(0.281s / 1.870s)
generated_audios/generated_H4_512C_pruned30_int8/121-123852-0002_generated.wav | RTF: 0.2103(3.635s / 17.285s) | Generator RTF: 0.2100(3.630s / 17.285s)
generated_audios/generated_H4_512C_pruned30_int8/121-123852-0003_generated.wav | RTF: 0.3372(7.927s / 23.505s) | Generator RTF: 0.3370(7.921s / 23.505s)
generated_audios/generated_H4_512C_pruned30_int8/121-123852-0004_generated.wav | RTF: 0.3286(5.353s / 16.290s) | Generator RTF: 0.3283(5.349s / 16.290s)
generated_audios/generated_H4_512C_pruned30_int8/121-123859-0000_generated.wav | RTF: 0.3260(5.669s / 17.390s) | Generator RTF: 0.3257(5.664s / 17.390s)
generated_audios/generated_H4_512C_pruned30_int8/121-123859-0001_generated.wav | RTF: 0.3548(9.010s / 25.395s) | Generator RTF: 0.3545(9.003s / 25.395s)
generated_audios/generated_H4_512C_pruned30_int8/121-123859-0002_generated.wav | RTF: 0.3524(10.587s / 30.040s) | Generator RTF: 0.3522(10.580s / 30.040s)
generated_audios/generated_H4_512C_pruned30_int8/121-123859-0003_generated.wav | RTF: 0.2727(2.952s / 10.825s) | Generator RTF: 0.2723(2.948s / 10.825s)
generated_audios/generated_H4_512C_pruned30_int8/121-123859-0004_generated.wav | RTF: 0.2595(2.467s / 9.505s) | Generator RTF: 0.2591(2.463s / 9.505s)
generated_audios/generated_H4_512C_pruned30_int8/121-127105-0000_generated.wav | RTF: 0.2536(2.504s / 9.875s) | Generator RTF: 0.2532(2.500s / 9.875s)
generated_audios/generated_H4_512C_pruned30_int8/121-127105-0001_generated.wav | RTF: 0.2461(1.237s / 5.025s) | Generator RTF: 0.2454(1.233s / 5.025s)
generated_audios/generated_H4_512C_pruned30_int8/121-127105-0002_generated.wav | RTF: 0.2524(1.891s / 7.495s) | Generator RTF: 0.2519(1.888s / 7.495s)
generated_audios/generated_H4_512C_pruned30_int8/121-127105-0003_generated.wav | RTF: 0.2592(2.002s / 7.725s) | Generator RTF: 0.2587(1.998s / 7.725s)
generated_audios/generated_H4_512C_pruned30_int8/121-127105-0004_generated.wav | RTF: 0.2600(0.549s / 2.110s) | Generator RTF: 0.2584(0.545s / 2.110s)
generated_audios/generated_H4_512C_pruned30_int8/121-127105-0005_generated.wav | RTF: 0.2506(1.459s / 5.820s) | Generator RTF: 0.2501(1.455s / 5.820s)
generated_audios/generated_H4_512C_pruned30_int8/121-127105-0006_generated.wav | RTF: 0.2492(1.178s / 4.725s) | Generator RTF: 0.2486(1.175s / 4.725s)
generated_audios/generated_H4_512C_pruned30_int8/121-127105-0007_generated.wav | RTF: 0.2547(1.475s / 5.790s) | Generator RTF: 0.2541(1.471s / 5.790s)
generated_audios/generated_H4_512C_pruned30_int8/121-127105-0008_generated.wav | RTF: 0.2451(0.677s / 2.760s) | Generator RTF: 0.2441(0.674s / 2.760s)
generated_audios/generated_H4_512C_pruned30_int8/121-127105-0009_generated.wav | RTF: 0.2576(0.590s / 2.290s) | Generator RTF: 0.2562(0.587s / 2.290s)
generated_audios/generated_H4_512C_pruned30_int8/121-127105-0010_generated.wav | RTF: 0.2516(0.717s / 2.850s) | Generator RTF: 0.2505(0.714s / 2.850s)
generated_audios/generated_H4_512C_pruned30_int8/121-127105-0011_generated.wav | RTF: 0.2569(1.485s / 5.780s) | Generator RTF: 0.2564(1.482s / 5.780s)
generated_audios/generated_H4_512C_pruned30_int8/121-127105-0012_generated.wav | RTF: 0.2608(1.260s / 4.830s) | Generator RTF: 0.2601(1.256s / 4.830s)
generated_audios/generated_H4_512C_pruned30_int8/121-127105-0013_generated.wav | RTF: 0.2507(1.478s / 5.895s) | Generator RTF: 0.2501(1.474s / 5.895s)
generated_audios/generated_H4_512C_pruned30_int8/121-127105-0014_generated.wav | RTF: 0.2558(0.577s / 2.255s) | Generator RTF: 0.2544(0.574s / 2.255s)
generated_audios/generated_H4_512C_pruned30_int8/121-127105-0015_generated.wav | RTF: 0.2649(0.784s / 2.960s) | Generator RTF: 0.2639(0.781s / 2.960s)
generated_audios/generated_H4_512C_pruned30_int8/121-127105-0016_generated.wav | RTF: 0.2362(0.480s / 2.030s) | Generator RTF: 0.2348(0.477s / 2.030s)
generated_audios/generated_H4_512C_pruned30_int8/121-127105-0017_generated.wav | RTF: 0.2557(0.689s / 2.695s) | Generator RTF: 0.2545(0.686s / 2.695s)
generated_audios/generated_H4_512C_pruned30_int8/121-127105-0018_generated.wav | RTF: 0.2528(0.700s / 2.770s) | Generator RTF: 0.2517(0.697s / 2.770s)
generated_audios/generated_H4_512C_pruned30_int8/121-127105-0019_generated.wav | RTF: 0.2457(0.866s / 3.525s) | Generator RTF: 0.2448(0.863s / 3.525s)
generated_audios/generated_H4_512C_pruned30_int8/121-127105-0020_generated.wav | RTF: 0.3317(4.762s / 14.355s) | Generator RTF: 0.3314(4.758s / 14.355s)
generated_audios/generated_H4_512C_pruned30_int8/121-127105-0021_generated.wav | RTF: 0.2596(0.519s / 2.000s) | Generator RTF: 0.2579(0.516s / 2.000s)
generated_audios/generated_H4_512C_pruned30_int8/121-127105-0022_generated.wav | RTF: 0.2659(1.349s / 5.075s) | Generator RTF: 0.2652(1.346s / 5.075s)
generated_audios/generated_H4_512C_pruned30_int8/121-127105-0023_generated.wav | RTF: 0.2567(2.800s / 10.910s) | Generator RTF: 0.2563(2.796s / 10.910s)
generated_audios/generated_H4_512C_pruned30_int8/121-127105-0024_generated.wav | RTF: 0.3291(4.756s / 14.450s) | Generator RTF: 0.3288(4.751s / 14.450s)
generated_audios/generated_H4_512C_pruned30_int8/121-127105-0025_generated.wav | RTF: 0.3229(5.187s / 16.065s) | Generator RTF: 0.3226(5.183s / 16.065s)
generated_audios/generated_H4_512C_pruned30_int8/121-127105-0026_generated.wav | RTF: 0.2554(1.923s / 7.530s) | Generator RTF: 0.2549(1.919s / 7.530s)
generated_audios/generated_H4_512C_pruned30_int8/121-127105-0027_generated.wav | RTF: 0.3284(4.555s / 13.870s) | Generator RTF: 0.3281(4.551s / 13.870s)
generated_audios/generated_H4_512C_pruned30_int8/121-127105-0028_generated.wav | RTF: 0.1609(1.086s / 6.750s) | Generator RTF: 0.1603(1.082s / 6.750s)
generated_audios/generated_H4_512C_pruned30_int8/121-127105-0029_generated.wav | RTF: 0.2587(1.891s / 7.310s) | Generator RTF: 0.2582(1.887s / 7.310s)
generated_audios/generated_H4_512C_pruned30_int8/121-127105-0030_generated.wav | RTF: 0.2588(0.563s / 2.175s) | Generator RTF: 0.2577(0.561s / 2.175s)
generated_audios/generated_H4_512C_pruned30_int8/121-127105-0031_generated.wav | RTF: 0.2544(2.738s / 10.765s) | Generator RTF: 0.2540(2.734s / 10.765s)
generated_audios/generated_H4_512C_pruned30_int8/121-127105-0032_generated.wav | RTF: 0.2437(0.773s / 3.170s) | Generator RTF: 0.2428(0.770s / 3.170s)
generated_audios/generated_H4_512C_pruned30_int8/121-127105-0033_generated.wav | RTF: 0.2568(0.605s / 2.355s) | Generator RTF: 0.2555(0.602s / 2.355s)
generated_audios/generated_H4_512C_pruned30_int8/121-127105-0034_generated.wav | RTF: 0.2616(1.938s / 7.410s) | Generator RTF: 0.2610(1.934s / 7.410s)
generated_audios/generated_H4_512C_pruned30_int8/121-127105-0035_generated.wav | RTF: 0.3289(4.654s / 14.150s) | Generator RTF: 0.3287(4.650s / 14.150s)
generated_audios/generated_H4_512C_pruned30_int8/121-127105-0036_generated.wav | RTF: 0.2535(1.052s / 4.150s) | Generator RTF: 0.2527(1.049s / 4.150s)
generated_audios/generated_H4_512C_pruned30_int8/237-126133-0000_generated.wav | RTF: 0.3346(4.447s / 13.290s) | Generator RTF: 0.3343(4.442s / 13.290s)
generated_audios/generated_H4_512C_pruned30_int8/237-126133-0001_generated.wav | RTF: 0.3313(3.964s / 11.965s) | Generator RTF: 0.3309(3.959s / 11.965s)
generated_audios/generated_H4_512C_pruned30_int8/237-126133-0002_generated.wav | RTF: 0.2717(2.424s / 8.920s) | Generator RTF: 0.2712(2.420s / 8.920s)
generated_audios/generated_H4_512C_pruned30_int8/237-126133-0003_generated.wav | RTF: 0.2599(1.705s / 6.560s) | Generator RTF: 0.2594(1.701s / 6.560s)
generated_audios/generated_H4_512C_pruned30_int8/237-126133-0004_generated.wav | RTF: 0.2510(0.827s / 3.295s) | Generator RTF: 0.2500(0.824s / 3.295s)
generated_audios/generated_H4_512C_pruned30_int8/237-126133-0005_generated.wav | RTF: 0.2670(1.738s / 6.510s) | Generator RTF: 0.2664(1.734s / 6.510s)
generated_audios/generated_H4_512C_pruned30_int8/237-126133-0006_generated.wav | RTF: 0.2620(1.611s / 6.150s) | Generator RTF: 0.2615(1.608s / 6.150s)
generated_audios/generated_H4_512C_pruned30_int8/237-126133-0007_generated.wav | RTF: 0.2547(2.211s / 8.680s) | Generator RTF: 0.2542(2.207s / 8.680s)
generated_audios/generated_H4_512C_pruned30_int8/237-126133-0008_generated.wav | RTF: 0.2634(1.018s / 3.865s) | Generator RTF: 0.2625(1.015s / 3.865s)
generated_audios/generated_H4_512C_pruned30_int8/237-126133-0009_generated.wav | RTF: 0.2679(1.064s / 3.970s) | Generator RTF: 0.2670(1.060s / 3.970s)
generated_audios/generated_H4_512C_pruned30_int8/237-126133-0010_generated.wav | RTF: 0.2578(1.609s / 6.240s) | Generator RTF: 0.2573(1.605s / 6.240s)
generated_audios/generated_H4_512C_pruned30_int8/237-126133-0011_generated.wav | RTF: 0.2562(1.719s / 6.710s) | Generator RTF: 0.2558(1.716s / 6.710s)
generated_audios/generated_H4_512C_pruned30_int8/237-126133-0012_generated.wav | RTF: 0.2569(1.143s / 4.450s) | Generator RTF: 0.2561(1.140s / 4.450s)
generated_audios/generated_H4_512C_pruned30_int8/237-126133-0013_generated.wav | RTF: 0.2551(1.738s / 6.815s) | Generator RTF: 0.2545(1.735s / 6.815s)
generated_audios/generated_H4_512C_pruned30_int8/237-126133-0014_generated.wav | RTF: 0.2622(1.780s / 6.790s) | Generator RTF: 0.2616(1.776s / 6.790s)
generated_audios/generated_H4_512C_pruned30_int8/237-126133-0015_generated.wav | RTF: 0.2509(2.344s / 9.340s) | Generator RTF: 0.2505(2.339s / 9.340s)
generated_audios/generated_H4_512C_pruned30_int8/237-126133-0016_generated.wav | RTF: 0.2371(1.008s / 4.250s) | Generator RTF: 0.2364(1.005s / 4.250s)
generated_audios/generated_H4_512C_pruned30_int8/237-126133-0017_generated.wav | RTF: 0.2549(1.583s / 6.210s) | Generator RTF: 0.2543(1.579s / 6.210s)
generated_audios/generated_H4_512C_pruned30_int8/237-126133-0018_generated.wav | RTF: 0.3032(1.242s / 4.095s) | Generator RTF: 0.3025(1.239s / 4.095s)
generated_audios/generated_H4_512C_pruned30_int8/237-126133-0019_generated.wav | RTF: 0.2593(1.846s / 7.120s) | Generator RTF: 0.2588(1.843s / 7.120s)
generated_audios/generated_H4_512C_pruned30_int8/237-126133-0020_generated.wav | RTF: 0.2494(0.559s / 2.240s) | Generator RTF: 0.2480(0.556s / 2.240s)
generated_audios/generated_H4_512C_pruned30_int8/237-126133-0021_generated.wav | RTF: 0.2570(1.122s / 4.365s) | Generator RTF: 0.2563(1.119s / 4.365s)
generated_audios/generated_H4_512C_pruned30_int8/237-126133-0022_generated.wav | RTF: 0.2635(1.328s / 5.040s) | Generator RTF: 0.2627(1.324s / 5.040s)
generated_audios/generated_H4_512C_pruned30_int8/237-126133-0023_generated.wav | RTF: 0.2621(1.750s / 6.675s) | Generator RTF: 0.2616(1.746s / 6.675s)
generated_audios/generated_H4_512C_pruned30_int8/237-126133-0024_generated.wav | RTF: 0.2730(2.639s / 9.665s) | Generator RTF: 0.2727(2.635s / 9.665s)
generated_audios/generated_H4_512C_pruned30_int8/237-126133-0025_generated.wav | RTF: 0.2699(1.013s / 3.755s) | Generator RTF: 0.2690(1.010s / 3.755s)
generated_audios/generated_H4_512C_pruned30_int8/237-134493-0000_generated.wav | RTF: 0.2672(1.097s / 4.105s) | Generator RTF: 0.2665(1.094s / 4.105s)
generated_audios/generated_H4_512C_pruned30_int8/237-134493-0001_generated.wav | RTF: 0.2626(1.938s / 7.380s) | Generator RTF: 0.2621(1.935s / 7.380s)
generated_audios/generated_H4_512C_pruned30_int8/237-134493-0002_generated.wav | RTF: 0.2580(2.940s / 11.395s) | Generator RTF: 0.2576(2.936s / 11.395s)
generated_audios/generated_H4_512C_pruned30_int8/237-134493-0003_generated.wav | RTF: 0.3301(4.214s / 12.765s) | Generator RTF: 0.3298(4.210s / 12.765s)
generated_audios/generated_H4_512C_pruned30_int8/237-134493-0004_generated.wav | RTF: 0.2595(1.771s / 6.825s) | Generator RTF: 0.2590(1.767s / 6.825s)
generated_audios/generated_H4_512C_pruned30_int8/237-134493-0005_generated.wav | RTF: 0.2575(2.818s / 10.945s) | Generator RTF: 0.2571(2.814s / 10.945s)
generated_audios/generated_H4_512C_pruned30_int8/237-134493-0006_generated.wav | RTF: 0.2606(1.145s / 4.395s) | Generator RTF: 0.2598(1.142s / 4.395s)
generated_audios/generated_H4_512C_pruned30_int8/237-134493-0007_generated.wav | RTF: 0.2581(0.525s / 2.035s) | Generator RTF: 0.2566(0.522s / 2.035s)
generated_audios/generated_H4_512C_pruned30_int8/237-134493-0008_generated.wav | RTF: 0.2470(0.569s / 2.305s) | Generator RTF: 0.2457(0.566s / 2.305s)
generated_audios/generated_H4_512C_pruned30_int8/237-134493-0009_generated.wav | RTF: 0.2785(0.828s / 2.975s) | Generator RTF: 0.2774(0.825s / 2.975s)
generated_audios/generated_H4_512C_pruned30_int8/237-134493-0010_generated.wav | RTF: 0.2617(0.752s / 2.875s) | Generator RTF: 0.2607(0.749s / 2.875s)
generated_audios/generated_H4_512C_pruned30_int8/237-134493-0011_generated.wav | RTF: 0.2630(1.324s / 5.035s) | Generator RTF: 0.2623(1.321s / 5.035s)
generated_audios/generated_H4_512C_pruned30_int8/237-134493-0012_generated.wav | RTF: 0.2537(0.929s / 3.660s) | Generator RTF: 0.2527(0.925s / 3.660s)
generated_audios/generated_H4_512C_pruned30_int8/237-134493-0013_generated.wav | RTF: 0.1550(0.634s / 4.090s) | Generator RTF: 0.1542(0.631s / 4.090s)
generated_audios/generated_H4_512C_pruned30_int8/237-134493-0014_generated.wav | RTF: 0.2451(0.907s / 3.700s) | Generator RTF: 0.2441(0.903s / 3.700s)
generated_audios/generated_H4_512C_pruned30_int8/237-134493-0015_generated.wav | RTF: 0.1582(1.036s / 6.550s) | Generator RTF: 0.1576(1.032s / 6.550s)
generated_audios/generated_H4_512C_pruned30_int8/237-134493-0016_generated.wav | RTF: 0.2614(2.636s / 10.085s) | Generator RTF: 0.2610(2.632s / 10.085s)
generated_audios/generated_H4_512C_pruned30_int8/237-134493-0017_generated.wav | RTF: 0.2653(2.416s / 9.105s) | Generator RTF: 0.2648(2.411s / 9.105s)
generated_audios/generated_H4_512C_pruned30_int8/237-134493-0018_generated.wav | RTF: 0.2663(1.276s / 4.790s) | Generator RTF: 0.2656(1.272s / 4.790s)
generated_audios/generated_H4_512C_pruned30_int8/237-134500-0000_generated.wav | RTF: 0.2671(1.638s / 6.130s) | Generator RTF: 0.2665(1.634s / 6.130s)
generated_audios/generated_H4_512C_pruned30_int8/237-134500-0001_generated.wav | RTF: 0.2565(0.464s / 1.810s) | Generator RTF: 0.2548(0.461s / 1.810s)
generated_audios/generated_H4_512C_pruned30_int8/237-134500-0002_generated.wav | RTF: 0.2622(1.329s / 5.070s) | Generator RTF: 0.2615(1.326s / 5.070s)
generated_audios/generated_H4_512C_pruned30_int8/237-134500-0003_generated.wav | RTF: 0.1609(0.510s / 3.170s) | Generator RTF: 0.1600(0.507s / 3.170s)
generated_audios/generated_H4_512C_pruned30_int8/237-134500-0004_generated.wav | RTF: 0.1530(0.341s / 2.225s) | Generator RTF: 0.1516(0.337s / 2.225s)
generated_audios/generated_H4_512C_pruned30_int8/237-134500-0005_generated.wav | RTF: 0.2595(0.620s / 2.390s) | Generator RTF: 0.2581(0.617s / 2.390s)
generated_audios/generated_H4_512C_pruned30_int8/237-134500-0006_generated.wav | RTF: 0.2598(1.098s / 4.225s) | Generator RTF: 0.2590(1.094s / 4.225s)
generated_audios/generated_H4_512C_pruned30_int8/237-134500-0007_generated.wav | RTF: 0.1522(0.364s / 2.390s) | Generator RTF: 0.1510(0.361s / 2.390s)
generated_audios/generated_H4_512C_pruned30_int8/237-134500-0008_generated.wav | RTF: 0.1615(0.607s / 3.760s) | Generator RTF: 0.1606(0.604s / 3.760s)
generated_audios/generated_H4_512C_pruned30_int8/237-134500-0009_generated.wav | RTF: 0.1484(0.330s / 2.220s) | Generator RTF: 0.1470(0.326s / 2.220s)
generated_audios/generated_H4_512C_pruned30_int8/237-134500-0010_generated.wav | RTF: 0.2686(1.073s / 3.995s) | Generator RTF: 0.2681(1.071s / 3.995s)
generated_audios/generated_H4_512C_pruned30_int8/237-134500-0011_generated.wav | RTF: 0.2683(0.899s / 3.350s) | Generator RTF: 0.2674(0.896s / 3.350s)
generated_audios/generated_H4_512C_pruned30_int8/237-134500-0012_generated.wav | RTF: 0.2794(3.055s / 10.935s) | Generator RTF: 0.2790(3.051s / 10.935s)
generated_audios/generated_H4_512C_pruned30_int8/237-134500-0013_generated.wav | RTF: 0.1796(1.897s / 10.560s) | Generator RTF: 0.1792(1.892s / 10.560s)
generated_audios/generated_H4_512C_pruned30_int8/237-134500-0014_generated.wav | RTF: 0.1631(0.693s / 4.250s) | Generator RTF: 0.1624(0.690s / 4.250s)
generated_audios/generated_H4_512C_pruned30_int8/237-134500-0015_generated.wav | RTF: 0.2625(2.839s / 10.815s) | Generator RTF: 0.2621(2.834s / 10.815s)
generated_audios/generated_H4_512C_pruned30_int8/237-134500-0016_generated.wav | RTF: 0.1597(0.505s / 3.160s) | Generator RTF: 0.1586(0.501s / 3.160s)
generated_audios/generated_H4_512C_pruned30_int8/237-134500-0017_generated.wav | RTF: 0.1532(0.334s / 2.180s) | Generator RTF: 0.1517(0.331s / 2.180s)
generated_audios/generated_H4_512C_pruned30_int8/237-134500-0018_generated.wav | RTF: 0.3374(4.333s / 12.845s) | Generator RTF: 0.3370(4.329s / 12.845s)
generated_audios/generated_H4_512C_pruned30_int8/237-134500-0019_generated.wav | RTF: 0.2398(0.686s / 2.860s) | Generator RTF: 0.2386(0.682s / 2.860s)
generated_audios/generated_H4_512C_pruned30_int8/237-134500-0020_generated.wav | RTF: 0.1471(0.321s / 2.180s) | Generator RTF: 0.1457(0.318s / 2.180s)
generated_audios/generated_H4_512C_pruned30_int8/237-134500-0021_generated.wav | RTF: 0.2511(1.286s / 5.120s) | Generator RTF: 0.2504(1.282s / 5.120s)
generated_audios/generated_H4_512C_pruned30_int8/237-134500-0022_generated.wav | RTF: 0.2580(1.332s / 5.165s) | Generator RTF: 0.2573(1.329s / 5.165s)
generated_audios/generated_H4_512C_pruned30_int8/237-134500-0023_generated.wav | RTF: 0.2530(0.774s / 3.060s) | Generator RTF: 0.2519(0.771s / 3.060s)
generated_audios/generated_H4_512C_pruned30_int8/237-134500-0024_generated.wav | RTF: 0.1644(0.725s / 4.410s) | Generator RTF: 0.1636(0.722s / 4.410s)
generated_audios/generated_H4_512C_pruned30_int8/237-134500-0025_generated.wav | RTF: 0.2744(0.447s / 1.630s) | Generator RTF: 0.2725(0.444s / 1.630s)
generated_audios/generated_H4_512C_pruned30_int8/237-134500-0026_generated.wav | RTF: 0.2596(0.792s / 3.050s) | Generator RTF: 0.2585(0.788s / 3.050s)
generated_audios/generated_H4_512C_pruned30_int8/237-134500-0027_generated.wav | RTF: 0.2583(0.845s / 3.270s) | Generator RTF: 0.2574(0.842s / 3.270s)
generated_audios/generated_H4_512C_pruned30_int8/237-134500-0028_generated.wav | RTF: 0.2850(1.290s / 4.525s) | Generator RTF: 0.2843(1.286s / 4.525s)
generated_audios/generated_H4_512C_pruned30_int8/237-134500-0029_generated.wav | RTF: 0.2513(0.519s / 2.065s) | Generator RTF: 0.2499(0.516s / 2.065s)
generated_audios/generated_H4_512C_pruned30_int8/237-134500-0030_generated.wav | RTF: 0.2532(0.704s / 2.780s) | Generator RTF: 0.2520(0.701s / 2.780s)
generated_audios/generated_H4_512C_pruned30_int8/237-134500-0031_generated.wav | RTF: 0.2611(2.770s / 10.610s) | Generator RTF: 0.2607(2.766s / 10.610s)
generated_audios/generated_H4_512C_pruned30_int8/237-134500-0032_generated.wav | RTF: 0.1628(0.818s / 5.025s) | Generator RTF: 0.1622(0.815s / 5.025s)
generated_audios/generated_H4_512C_pruned30_int8/237-134500-0033_generated.wav | RTF: 0.2553(1.621s / 6.350s) | Generator RTF: 0.2548(1.618s / 6.350s)
generated_audios/generated_H4_512C_pruned30_int8/237-134500-0034_generated.wav | RTF: 0.2539(0.781s / 3.075s) | Generator RTF: 0.2528(0.777s / 3.075s)
generated_audios/generated_H4_512C_pruned30_int8/237-134500-0035_generated.wav | RTF: 0.2599(0.664s / 2.555s) | Generator RTF: 0.2587(0.661s / 2.555s)
generated_audios/generated_H4_512C_pruned30_int8/237-134500-0036_generated.wav | RTF: 0.2616(1.726s / 6.600s) | Generator RTF: 0.2610(1.723s / 6.600s)
generated_audios/generated_H4_512C_pruned30_int8/237-134500-0037_generated.wav | RTF: 0.2641(1.877s / 7.105s) | Generator RTF: 0.2636(1.873s / 7.105s)
generated_audios/generated_H4_512C_pruned30_int8/237-134500-0038_generated.wav | RTF: 0.2549(0.621s / 2.435s) | Generator RTF: 0.2537(0.618s / 2.435s)
generated_audios/generated_H4_512C_pruned30_int8/237-134500-0039_generated.wav | RTF: 0.2613(1.210s / 4.630s) | Generator RTF: 0.2605(1.206s / 4.630s)
generated_audios/generated_H4_512C_pruned30_int8/237-134500-0040_generated.wav | RTF: 0.1668(0.672s / 4.030s) | Generator RTF: 0.1660(0.669s / 4.030s)
generated_audios/generated_H4_512C_pruned30_int8/237-134500-0041_generated.wav | RTF: 0.1764(1.573s / 8.920s) | Generator RTF: 0.1760(1.570s / 8.920s)
generated_audios/generated_H4_512C_pruned30_int8/237-134500-0042_generated.wav | RTF: 0.2642(0.680s / 2.575s) | Generator RTF: 0.2629(0.677s / 2.575s)
generated_audios/generated_H4_512C_pruned30_int8/260-123286-0000_generated.wav | RTF: 0.2521(1.775s / 7.040s) | Generator RTF: 0.2516(1.771s / 7.040s)
generated_audios/generated_H4_512C_pruned30_int8/260-123286-0001_generated.wav | RTF: 0.1522(0.467s / 3.070s) | Generator RTF: 0.1513(0.464s / 3.070s)
generated_audios/generated_H4_512C_pruned30_int8/260-123286-0002_generated.wav | RTF: 0.2605(2.601s / 9.985s) | Generator RTF: 0.2601(2.597s / 9.985s)
generated_audios/generated_H4_512C_pruned30_int8/260-123286-0003_generated.wav | RTF: 0.2605(1.920s / 7.370s) | Generator RTF: 0.2600(1.916s / 7.370s)
generated_audios/generated_H4_512C_pruned30_int8/260-123286-0004_generated.wav | RTF: 0.2588(0.897s / 3.465s) | Generator RTF: 0.2578(0.893s / 3.465s)
generated_audios/generated_H4_512C_pruned30_int8/260-123286-0005_generated.wav | RTF: 0.2551(1.227s / 4.810s) | Generator RTF: 0.2544(1.224s / 4.810s)
generated_audios/generated_H4_512C_pruned30_int8/260-123286-0006_generated.wav | RTF: 0.2637(1.953s / 7.405s) | Generator RTF: 0.2632(1.949s / 7.405s)
generated_audios/generated_H4_512C_pruned30_int8/260-123286-0007_generated.wav | RTF: 0.2627(1.195s / 4.550s) | Generator RTF: 0.2619(1.192s / 4.550s)
generated_audios/generated_H4_512C_pruned30_int8/260-123286-0008_generated.wav | RTF: 0.2575(0.962s / 3.735s) | Generator RTF: 0.2566(0.958s / 3.735s)
generated_audios/generated_H4_512C_pruned30_int8/260-123286-0009_generated.wav | RTF: 0.2603(1.509s / 5.795s) | Generator RTF: 0.2597(1.505s / 5.795s)
generated_audios/generated_H4_512C_pruned30_int8/260-123286-0010_generated.wav | RTF: 0.1450(0.374s / 2.575s) | Generator RTF: 0.1438(0.370s / 2.575s)
generated_audios/generated_H4_512C_pruned30_int8/260-123286-0011_generated.wav | RTF: 0.1647(0.701s / 4.255s) | Generator RTF: 0.1639(0.697s / 4.255s)
generated_audios/generated_H4_512C_pruned30_int8/260-123286-0012_generated.wav | RTF: 0.1513(0.368s / 2.430s) | Generator RTF: 0.1500(0.364s / 2.430s)
generated_audios/generated_H4_512C_pruned30_int8/260-123286-0013_generated.wav | RTF: 0.2576(1.218s / 4.730s) | Generator RTF: 0.2568(1.215s / 4.730s)
generated_audios/generated_H4_512C_pruned30_int8/260-123286-0014_generated.wav | RTF: 0.1689(0.503s / 2.980s) | Generator RTF: 0.1678(0.500s / 2.980s)
generated_audios/generated_H4_512C_pruned30_int8/260-123286-0015_generated.wav | RTF: 0.2744(1.430s / 5.210s) | Generator RTF: 0.2738(1.427s / 5.210s)
generated_audios/generated_H4_512C_pruned30_int8/260-123286-0016_generated.wav | RTF: 0.2626(1.838s / 7.000s) | Generator RTF: 0.2620(1.834s / 7.000s)
generated_audios/generated_H4_512C_pruned30_int8/260-123286-0017_generated.wav | RTF: 0.2575(1.024s / 3.975s) | Generator RTF: 0.2567(1.020s / 3.975s)
generated_audios/generated_H4_512C_pruned30_int8/260-123286-0018_generated.wav | RTF: 0.2664(1.510s / 5.670s) | Generator RTF: 0.2660(1.508s / 5.670s)
generated_audios/generated_H4_512C_pruned30_int8/260-123286-0019_generated.wav | RTF: 0.3363(4.003s / 11.905s) | Generator RTF: 0.3359(3.999s / 11.905s)
generated_audios/generated_H4_512C_pruned30_int8/260-123286-0020_generated.wav | RTF: 0.1495(0.458s / 3.060s) | Generator RTF: 0.1485(0.454s / 3.060s)
generated_audios/generated_H4_512C_pruned30_int8/260-123286-0021_generated.wav | RTF: 0.2452(0.625s / 2.550s) | Generator RTF: 0.2440(0.622s / 2.550s)
generated_audios/generated_H4_512C_pruned30_int8/260-123286-0022_generated.wav | RTF: 0.2539(0.821s / 3.235s) | Generator RTF: 0.2528(0.818s / 3.235s)
generated_audios/generated_H4_512C_pruned30_int8/260-123286-0023_generated.wav | RTF: 0.2634(1.547s / 5.875s) | Generator RTF: 0.2628(1.544s / 5.875s)
generated_audios/generated_H4_512C_pruned30_int8/260-123286-0024_generated.wav | RTF: 0.2492(0.758s / 3.040s) | Generator RTF: 0.2483(0.755s / 3.040s)
generated_audios/generated_H4_512C_pruned30_int8/260-123286-0025_generated.wav | RTF: 0.2574(2.369s / 9.205s) | Generator RTF: 0.2569(2.365s / 9.205s)
generated_audios/generated_H4_512C_pruned30_int8/260-123286-0026_generated.wav | RTF: 0.2599(1.804s / 6.940s) | Generator RTF: 0.2593(1.800s / 6.940s)
generated_audios/generated_H4_512C_pruned30_int8/260-123286-0027_generated.wav | RTF: 0.2591(1.858s / 7.170s) | Generator RTF: 0.2586(1.854s / 7.170s)
generated_audios/generated_H4_512C_pruned30_int8/260-123286-0028_generated.wav | RTF: 0.2562(1.912s / 7.465s) | Generator RTF: 0.2557(1.909s / 7.465s)
generated_audios/generated_H4_512C_pruned30_int8/260-123286-0029_generated.wav | RTF: 0.1468(0.667s / 4.545s) | Generator RTF: 0.1462(0.664s / 4.545s)
generated_audios/generated_H4_512C_pruned30_int8/260-123286-0030_generated.wav | RTF: 0.1671(1.258s / 7.530s) | Generator RTF: 0.1666(1.254s / 7.530s)
generated_audios/generated_H4_512C_pruned30_int8/260-123286-0031_generated.wav | RTF: 0.2496(1.263s / 5.060s) | Generator RTF: 0.2492(1.261s / 5.060s)
generated_audios/generated_H4_512C_pruned30_int8/260-123288-0000_generated.wav | RTF: 0.1499(0.456s / 3.040s) | Generator RTF: 0.1488(0.452s / 3.040s)
generated_audios/generated_H4_512C_pruned30_int8/260-123288-0001_generated.wav | RTF: 0.1908(0.969s / 5.080s) | Generator RTF: 0.1902(0.966s / 5.080s)
generated_audios/generated_H4_512C_pruned30_int8/260-123288-0002_generated.wav | RTF: 0.2613(1.895s / 7.250s) | Generator RTF: 0.2608(1.891s / 7.250s)
generated_audios/generated_H4_512C_pruned30_int8/260-123288-0003_generated.wav | RTF: 0.2683(2.390s / 8.905s) | Generator RTF: 0.2679(2.386s / 8.905s)
generated_audios/generated_H4_512C_pruned30_int8/260-123288-0004_generated.wav | RTF: 0.2645(1.140s / 4.310s) | Generator RTF: 0.2640(1.138s / 4.310s)
generated_audios/generated_H4_512C_pruned30_int8/260-123288-0005_generated.wav | RTF: 0.3411(4.281s / 12.550s) | Generator RTF: 0.3408(4.277s / 12.550s)
generated_audios/generated_H4_512C_pruned30_int8/260-123288-0006_generated.wav | RTF: 0.2591(1.264s / 4.880s) | Generator RTF: 0.2583(1.261s / 4.880s)
generated_audios/generated_H4_512C_pruned30_int8/260-123288-0007_generated.wav | RTF: 0.2619(2.933s / 11.200s) | Generator RTF: 0.2614(2.928s / 11.200s)
generated_audios/generated_H4_512C_pruned30_int8/260-123288-0008_generated.wav | RTF: 0.2675(1.475s / 5.515s) | Generator RTF: 0.2670(1.472s / 5.515s)
generated_audios/generated_H4_512C_pruned30_int8/260-123288-0009_generated.wav | RTF: 0.2646(0.909s / 3.435s) | Generator RTF: 0.2636(0.905s / 3.435s)
generated_audios/generated_H4_512C_pruned30_int8/260-123288-0010_generated.wav | RTF: 0.1727(1.726s / 9.995s) | Generator RTF: 0.1723(1.722s / 9.995s)
generated_audios/generated_H4_512C_pruned30_int8/260-123288-0011_generated.wav | RTF: 0.2822(2.534s / 8.980s) | Generator RTF: 0.2817(2.529s / 8.980s)
generated_audios/generated_H4_512C_pruned30_int8/260-123288-0012_generated.wav | RTF: 0.2685(0.952s / 3.545s) | Generator RTF: 0.2676(0.949s / 3.545s)
generated_audios/generated_H4_512C_pruned30_int8/260-123288-0013_generated.wav | RTF: 0.2635(3.000s / 11.385s) | Generator RTF: 0.2632(2.996s / 11.385s)
generated_audios/generated_H4_512C_pruned30_int8/260-123288-0014_generated.wav | RTF: 0.1547(0.279s / 1.805s) | Generator RTF: 0.1529(0.276s / 1.805s)
generated_audios/generated_H4_512C_pruned30_int8/260-123288-0015_generated.wav | RTF: 0.3485(7.383s / 21.185s) | Generator RTF: 0.3482(7.377s / 21.185s)
generated_audios/generated_H4_512C_pruned30_int8/260-123288-0016_generated.wav | RTF: 0.2663(1.296s / 4.865s) | Generator RTF: 0.2656(1.292s / 4.865s)
generated_audios/generated_H4_512C_pruned30_int8/260-123288-0017_generated.wav | RTF: 0.2529(1.321s / 5.225s) | Generator RTF: 0.2522(1.318s / 5.225s)
generated_audios/generated_H4_512C_pruned30_int8/260-123288-0018_generated.wav | RTF: 0.2458(0.798s / 3.245s) | Generator RTF: 0.2449(0.795s / 3.245s)
generated_audios/generated_H4_512C_pruned30_int8/260-123288-0019_generated.wav | RTF: 0.1506(0.445s / 2.955s) | Generator RTF: 0.1495(0.442s / 2.955s)
generated_audios/generated_H4_512C_pruned30_int8/260-123288-0020_generated.wav | RTF: 0.2430(0.705s / 2.900s) | Generator RTF: 0.2419(0.702s / 2.900s)
generated_audios/generated_H4_512C_pruned30_int8/260-123288-0021_generated.wav | RTF: 0.2313(0.627s / 2.710s) | Generator RTF: 0.2117(0.574s / 2.710s)
generated_audios/generated_H4_512C_pruned30_int8/260-123288-0022_generated.wav | RTF: 0.2573(0.953s / 3.705s) | Generator RTF: 0.2563(0.950s / 3.705s)
generated_audios/generated_H4_512C_pruned30_int8/260-123288-0023_generated.wav | RTF: 0.1558(0.371s / 2.385s) | Generator RTF: 0.1545(0.368s / 2.385s)
generated_audios/generated_H4_512C_pruned30_int8/260-123288-0024_generated.wav | RTF: 0.3055(4.459s / 14.595s) | Generator RTF: 0.3053(4.456s / 14.595s)
generated_audios/generated_H4_512C_pruned30_int8/260-123288-0025_generated.wav | RTF: 0.3016(4.055s / 13.445s) | Generator RTF: 0.3013(4.051s / 13.445s)
generated_audios/generated_H4_512C_pruned30_int8/260-123288-0026_generated.wav | RTF: 0.3305(5.301s / 16.040s) | Generator RTF: 0.3302(5.296s / 16.040s)
generated_audios/generated_H4_512C_pruned30_int8/260-123288-0027_generated.wav | RTF: 0.2615(1.649s / 6.305s) | Generator RTF: 0.2609(1.645s / 6.305s)
generated_audios/generated_H4_512C_pruned30_int8/260-123288-0028_generated.wav | RTF: 0.2631(0.687s / 2.610s) | Generator RTF: 0.2618(0.683s / 2.610s)
generated_audios/generated_H4_512C_pruned30_int8/260-123440-0000_generated.wav | RTF: 0.2423(0.524s / 2.165s) | Generator RTF: 0.2408(0.521s / 2.165s)
generated_audios/generated_H4_512C_pruned30_int8/260-123440-0001_generated.wav | RTF: 0.2630(0.458s / 1.740s) | Generator RTF: 0.2613(0.455s / 1.740s)
generated_audios/generated_H4_512C_pruned30_int8/260-123440-0002_generated.wav | RTF: 0.3037(4.469s / 14.715s) | Generator RTF: 0.3034(4.464s / 14.715s)
generated_audios/generated_H4_512C_pruned30_int8/260-123440-0003_generated.wav | RTF: 0.2576(0.923s / 3.585s) | Generator RTF: 0.2566(0.920s / 3.585s)
generated_audios/generated_H4_512C_pruned30_int8/260-123440-0004_generated.wav | RTF: 0.3309(3.977s / 12.020s) | Generator RTF: 0.3305(3.973s / 12.020s)
generated_audios/generated_H4_512C_pruned30_int8/260-123440-0005_generated.wav | RTF: 0.1512(0.469s / 3.105s) | Generator RTF: 0.1501(0.466s / 3.105s)
generated_audios/generated_H4_512C_pruned30_int8/260-123440-0006_generated.wav | RTF: 0.1455(0.395s / 2.715s) | Generator RTF: 0.1443(0.392s / 2.715s)
generated_audios/generated_H4_512C_pruned30_int8/260-123440-0007_generated.wav | RTF: 0.2472(0.837s / 3.385s) | Generator RTF: 0.2463(0.834s / 3.385s)
generated_audios/generated_H4_512C_pruned30_int8/260-123440-0008_generated.wav | RTF: 0.2706(1.014s / 3.745s) | Generator RTF: 0.2698(1.011s / 3.745s)
generated_audios/generated_H4_512C_pruned30_int8/260-123440-0009_generated.wav | RTF: 0.2596(0.809s / 3.115s) | Generator RTF: 0.2585(0.805s / 3.115s)
generated_audios/generated_H4_512C_pruned30_int8/260-123440-0010_generated.wav | RTF: 0.2855(2.374s / 8.315s) | Generator RTF: 0.2850(2.370s / 8.315s)
generated_audios/generated_H4_512C_pruned30_int8/260-123440-0011_generated.wav | RTF: 0.1587(0.773s / 4.870s) | Generator RTF: 0.1580(0.769s / 4.870s)
generated_audios/generated_H4_512C_pruned30_int8/260-123440-0012_generated.wav | RTF: 0.2634(1.382s / 5.245s) | Generator RTF: 0.2627(1.378s / 5.245s)
generated_audios/generated_H4_512C_pruned30_int8/260-123440-0013_generated.wav | RTF: 0.2668(0.927s / 3.475s) | Generator RTF: 0.2658(0.924s / 3.475s)
generated_audios/generated_H4_512C_pruned30_int8/260-123440-0014_generated.wav | RTF: 0.2706(1.033s / 3.815s) | Generator RTF: 0.2698(1.029s / 3.815s)
generated_audios/generated_H4_512C_pruned30_int8/260-123440-0015_generated.wav | RTF: 0.1627(1.009s / 6.200s) | Generator RTF: 0.1621(1.005s / 6.200s)
generated_audios/generated_H4_512C_pruned30_int8/260-123440-0016_generated.wav | RTF: 0.2661(1.303s / 4.895s) | Generator RTF: 0.2654(1.299s / 4.895s)
generated_audios/generated_H4_512C_pruned30_int8/260-123440-0017_generated.wav | RTF: 0.1600(0.491s / 3.070s) | Generator RTF: 0.1589(0.488s / 3.070s)
generated_audios/generated_H4_512C_pruned30_int8/260-123440-0018_generated.wav | RTF: 0.2584(0.941s / 3.640s) | Generator RTF: 0.2575(0.937s / 3.640s)
generated_audios/generated_H4_512C_pruned30_int8/260-123440-0019_generated.wav | RTF: 0.2621(1.738s / 6.630s) | Generator RTF: 0.2616(1.735s / 6.630s)
generated_audios/generated_H4_512C_pruned30_int8/260-123440-0020_generated.wav | RTF: 0.2632(1.315s / 4.995s) | Generator RTF: 0.2625(1.311s / 4.995s)
generated_audios/generated_H4_512C_pruned30_int8/61-70968-0000_generated.wav | RTF: 0.2653(1.302s / 4.905s) | Generator RTF: 0.2646(1.298s / 4.905s)
generated_audios/generated_H4_512C_pruned30_int8/61-70968-0001_generated.wav | RTF: 0.2633(0.950s / 3.610s) | Generator RTF: 0.2624(0.947s / 3.610s)
generated_audios/generated_H4_512C_pruned30_int8/61-70968-0002_generated.wav | RTF: 0.2534(0.753s / 2.970s) | Generator RTF: 0.2523(0.749s / 2.970s)
generated_audios/generated_H4_512C_pruned30_int8/61-70968-0003_generated.wav | RTF: 0.1640(0.708s / 4.315s) | Generator RTF: 0.1633(0.705s / 4.315s)
generated_audios/generated_H4_512C_pruned30_int8/61-70968-0004_generated.wav | RTF: 0.2652(1.030s / 3.885s) | Generator RTF: 0.2643(1.027s / 3.885s)
generated_audios/generated_H4_512C_pruned30_int8/61-70968-0005_generated.wav | RTF: 0.1627(0.825s / 5.070s) | Generator RTF: 0.1620(0.822s / 5.070s)
generated_audios/generated_H4_512C_pruned30_int8/61-70968-0006_generated.wav | RTF: 0.2502(0.734s / 2.935s) | Generator RTF: 0.2491(0.731s / 2.935s)
generated_audios/generated_H4_512C_pruned30_int8/61-70968-0007_generated.wav | RTF: 0.1588(0.564s / 3.550s) | Generator RTF: 0.1579(0.560s / 3.550s)
generated_audios/generated_H4_512C_pruned30_int8/61-70968-0008_generated.wav | RTF: 0.1614(0.570s / 3.535s) | Generator RTF: 0.1604(0.567s / 3.535s)
generated_audios/generated_H4_512C_pruned30_int8/61-70968-0009_generated.wav | RTF: 0.2677(1.207s / 4.510s) | Generator RTF: 0.2668(1.203s / 4.510s)
generated_audios/generated_H4_512C_pruned30_int8/61-70968-0010_generated.wav | RTF: 0.2611(2.166s / 8.295s) | Generator RTF: 0.2607(2.162s / 8.295s)
generated_audios/generated_H4_512C_pruned30_int8/61-70968-0011_generated.wav | RTF: 0.2611(1.665s / 6.375s) | Generator RTF: 0.2606(1.661s / 6.375s)
generated_audios/generated_H4_512C_pruned30_int8/61-70968-0012_generated.wav | RTF: 0.1578(0.412s / 2.610s) | Generator RTF: 0.1566(0.409s / 2.610s)
generated_audios/generated_H4_512C_pruned30_int8/61-70968-0013_generated.wav | RTF: 0.1577(0.702s / 4.450s) | Generator RTF: 0.1569(0.698s / 4.450s)
generated_audios/generated_H4_512C_pruned30_int8/61-70968-0014_generated.wav | RTF: 0.2649(1.982s / 7.485s) | Generator RTF: 0.2643(1.979s / 7.485s)
generated_audios/generated_H4_512C_pruned30_int8/61-70968-0015_generated.wav | RTF: 0.2565(1.379s / 5.375s) | Generator RTF: 0.2559(1.375s / 5.375s)
generated_audios/generated_H4_512C_pruned30_int8/61-70968-0016_generated.wav | RTF: 0.2819(1.049s / 3.720s) | Generator RTF: 0.2811(1.046s / 3.720s)
generated_audios/generated_H4_512C_pruned30_int8/61-70968-0017_generated.wav | RTF: 0.2619(1.338s / 5.110s) | Generator RTF: 0.2612(1.335s / 5.110s)
generated_audios/generated_H4_512C_pruned30_int8/61-70968-0018_generated.wav | RTF: 0.2454(0.590s / 2.405s) | Generator RTF: 0.2441(0.587s / 2.405s)
generated_audios/generated_H4_512C_pruned30_int8/61-70968-0019_generated.wav | RTF: 0.2600(1.423s / 5.475s) | Generator RTF: 0.2593(1.420s / 5.475s)
generated_audios/generated_H4_512C_pruned30_int8/61-70968-0020_generated.wav | RTF: 0.2615(1.335s / 5.105s) | Generator RTF: 0.2608(1.332s / 5.105s)
generated_audios/generated_H4_512C_pruned30_int8/61-70968-0021_generated.wav | RTF: 0.2513(0.676s / 2.690s) | Generator RTF: 0.2500(0.672s / 2.690s)
generated_audios/generated_H4_512C_pruned30_int8/61-70968-0022_generated.wav | RTF: 0.1605(0.750s / 4.670s) | Generator RTF: 0.1598(0.746s / 4.670s)
generated_audios/generated_H4_512C_pruned30_int8/61-70968-0023_generated.wav | RTF: 0.1650(0.829s / 5.025s) | Generator RTF: 0.1643(0.826s / 5.025s)
generated_audios/generated_H4_512C_pruned30_int8/61-70968-0024_generated.wav | RTF: 0.2660(1.603s / 6.025s) | Generator RTF: 0.2654(1.599s / 6.025s)
generated_audios/generated_H4_512C_pruned30_int8/61-70968-0025_generated.wav | RTF: 0.1637(0.722s / 4.410s) | Generator RTF: 0.1629(0.719s / 4.410s)
generated_audios/generated_H4_512C_pruned30_int8/61-70968-0026_generated.wav | RTF: 0.2972(1.462s / 4.920s) | Generator RTF: 0.2840(1.397s / 4.920s)
generated_audios/generated_H4_512C_pruned30_int8/61-70968-0027_generated.wav | RTF: 0.2621(1.800s / 6.870s) | Generator RTF: 0.2616(1.797s / 6.870s)
generated_audios/generated_H4_512C_pruned30_int8/61-70968-0028_generated.wav | RTF: 0.2622(1.404s / 5.355s) | Generator RTF: 0.2615(1.401s / 5.355s)
generated_audios/generated_H4_512C_pruned30_int8/61-70968-0029_generated.wav | RTF: 0.2659(0.929s / 3.495s) | Generator RTF: 0.2650(0.926s / 3.495s)
generated_audios/generated_H4_512C_pruned30_int8/61-70968-0030_generated.wav | RTF: 0.2650(1.507s / 5.685s) | Generator RTF: 0.2645(1.503s / 5.685s)
generated_audios/generated_H4_512C_pruned30_int8/61-70968-0031_generated.wav | RTF: 0.2602(0.761s / 2.925s) | Generator RTF: 0.2591(0.758s / 2.925s)
generated_audios/generated_H4_512C_pruned30_int8/61-70968-0032_generated.wav | RTF: 0.1609(0.689s / 4.280s) | Generator RTF: 0.1602(0.685s / 4.280s)
generated_audios/generated_H4_512C_pruned30_int8/61-70968-0033_generated.wav | RTF: 0.1608(0.914s / 5.685s) | Generator RTF: 0.1602(0.911s / 5.685s)
generated_audios/generated_H4_512C_pruned30_int8/61-70968-0034_generated.wav | RTF: 0.2691(1.138s / 4.230s) | Generator RTF: 0.2684(1.135s / 4.230s)
generated_audios/generated_H4_512C_pruned30_int8/61-70968-0035_generated.wav | RTF: 0.2653(2.109s / 7.950s) | Generator RTF: 0.2648(2.105s / 7.950s)
generated_audios/generated_H4_512C_pruned30_int8/61-70968-0036_generated.wav | RTF: 0.1603(0.470s / 2.935s) | Generator RTF: 0.1594(0.468s / 2.935s)
generated_audios/generated_H4_512C_pruned30_int8/61-70968-0037_generated.wav | RTF: 0.1591(0.687s / 4.315s) | Generator RTF: 0.1583(0.683s / 4.315s)
generated_audios/generated_H4_512C_pruned30_int8/61-70968-0038_generated.wav | RTF: 0.2703(0.554s / 2.050s) | Generator RTF: 0.2688(0.551s / 2.050s)
generated_audios/generated_H4_512C_pruned30_int8/61-70968-0039_generated.wav | RTF: 0.2611(0.993s / 3.805s) | Generator RTF: 0.2603(0.990s / 3.805s)
generated_audios/generated_H4_512C_pruned30_int8/61-70968-0040_generated.wav | RTF: 0.2689(1.062s / 3.950s) | Generator RTF: 0.2681(1.059s / 3.950s)
generated_audios/generated_H4_512C_pruned30_int8/61-70968-0041_generated.wav | RTF: 0.1621(1.106s / 6.825s) | Generator RTF: 0.1616(1.103s / 6.825s)
generated_audios/generated_H4_512C_pruned30_int8/61-70968-0042_generated.wav | RTF: 0.1544(0.430s / 2.785s) | Generator RTF: 0.1532(0.427s / 2.785s)
generated_audios/generated_H4_512C_pruned30_int8/61-70968-0043_generated.wav | RTF: 0.2634(1.774s / 6.735s) | Generator RTF: 0.2629(1.770s / 6.735s)
generated_audios/generated_H4_512C_pruned30_int8/61-70968-0044_generated.wav | RTF: 0.1544(0.428s / 2.770s) | Generator RTF: 0.1533(0.425s / 2.770s)
generated_audios/generated_H4_512C_pruned30_int8/61-70968-0045_generated.wav | RTF: 0.1524(0.530s / 3.475s) | Generator RTF: 0.1515(0.526s / 3.475s)
generated_audios/generated_H4_512C_pruned30_int8/61-70968-0046_generated.wav | RTF: 0.1513(0.537s / 3.550s) | Generator RTF: 0.1504(0.534s / 3.550s)
generated_audios/generated_H4_512C_pruned30_int8/61-70968-0047_generated.wav | RTF: 0.2545(1.215s / 4.775s) | Generator RTF: 0.2540(1.213s / 4.775s)
generated_audios/generated_H4_512C_pruned30_int8/61-70968-0048_generated.wav | RTF: 0.2680(0.809s / 3.020s) | Generator RTF: 0.2669(0.806s / 3.020s)
generated_audios/generated_H4_512C_pruned30_int8/61-70968-0049_generated.wav | RTF: 0.2873(2.370s / 8.250s) | Generator RTF: 0.2868(2.366s / 8.250s)
generated_audios/generated_H4_512C_pruned30_int8/61-70968-0050_generated.wav | RTF: 0.2697(1.505s / 5.580s) | Generator RTF: 0.2690(1.501s / 5.580s)
generated_audios/generated_H4_512C_pruned30_int8/61-70968-0051_generated.wav | RTF: 0.2579(0.809s / 3.135s) | Generator RTF: 0.2569(0.805s / 3.135s)
generated_audios/generated_H4_512C_pruned30_int8/61-70968-0052_generated.wav | RTF: 0.2459(0.652s / 2.650s) | Generator RTF: 0.2447(0.648s / 2.650s)
generated_audios/generated_H4_512C_pruned30_int8/61-70968-0053_generated.wav | RTF: 0.1633(0.689s / 4.220s) | Generator RTF: 0.1625(0.686s / 4.220s)
generated_audios/generated_H4_512C_pruned30_int8/61-70968-0054_generated.wav | RTF: 0.2769(2.177s / 7.860s) | Generator RTF: 0.2765(2.173s / 7.860s)
generated_audios/generated_H4_512C_pruned30_int8/61-70968-0055_generated.wav | RTF: 0.1667(0.661s / 3.965s) | Generator RTF: 0.1659(0.658s / 3.965s)
generated_audios/generated_H4_512C_pruned30_int8/61-70968-0056_generated.wav | RTF: 0.2717(0.969s / 3.565s) | Generator RTF: 0.2708(0.965s / 3.565s)
generated_audios/generated_H4_512C_pruned30_int8/61-70968-0057_generated.wav | RTF: 0.1618(0.819s / 5.065s) | Generator RTF: 0.1611(0.816s / 5.065s)
generated_audios/generated_H4_512C_pruned30_int8/61-70968-0058_generated.wav | RTF: 0.2424(0.441s / 1.820s) | Generator RTF: 0.2407(0.438s / 1.820s)
generated_audios/generated_H4_512C_pruned30_int8/61-70968-0059_generated.wav | RTF: 0.1562(0.339s / 2.170s) | Generator RTF: 0.1547(0.336s / 2.170s)
generated_audios/generated_H4_512C_pruned30_int8/61-70968-0060_generated.wav | RTF: 0.1578(0.589s / 3.735s) | Generator RTF: 0.1570(0.586s / 3.735s)
generated_audios/generated_H4_512C_pruned30_int8/61-70968-0061_generated.wav | RTF: 0.2740(1.515s / 5.530s) | Generator RTF: 0.2734(1.512s / 5.530s)
generated_audios/generated_H4_512C_pruned30_int8/61-70968-0062_generated.wav | RTF: 0.1533(0.392s / 2.555s) | Generator RTF: 0.1520(0.388s / 2.555s)
generated_audios/generated_H4_512C_pruned30_int8/61-70970-0000_generated.wav | RTF: 0.2635(1.601s / 6.075s) | Generator RTF: 0.2629(1.597s / 6.075s)
generated_audios/generated_H4_512C_pruned30_int8/61-70970-0001_generated.wav | RTF: 0.2643(1.627s / 6.155s) | Generator RTF: 0.2638(1.624s / 6.155s)
generated_audios/generated_H4_512C_pruned30_int8/61-70970-0002_generated.wav | RTF: 0.2623(1.093s / 4.165s) | Generator RTF: 0.2616(1.089s / 4.165s)
generated_audios/generated_H4_512C_pruned30_int8/61-70970-0003_generated.wav | RTF: 0.2531(0.971s / 3.835s) | Generator RTF: 0.2522(0.967s / 3.835s)
generated_audios/generated_H4_512C_pruned30_int8/61-70970-0004_generated.wav | RTF: 0.2707(2.847s / 10.515s) | Generator RTF: 0.2704(2.843s / 10.515s)
generated_audios/generated_H4_512C_pruned30_int8/61-70970-0005_generated.wav | RTF: 0.2713(0.548s / 2.020s) | Generator RTF: 0.2697(0.545s / 2.020s)
generated_audios/generated_H4_512C_pruned30_int8/61-70970-0006_generated.wav | RTF: 0.2527(0.590s / 2.335s) | Generator RTF: 0.2514(0.587s / 2.335s)
generated_audios/generated_H4_512C_pruned30_int8/61-70970-0007_generated.wav | RTF: 0.2617(1.174s / 4.485s) | Generator RTF: 0.2609(1.170s / 4.485s)
generated_audios/generated_H4_512C_pruned30_int8/61-70970-0008_generated.wav | RTF: 0.2691(0.579s / 2.150s) | Generator RTF: 0.2677(0.575s / 2.150s)
generated_audios/generated_H4_512C_pruned30_int8/61-70970-0009_generated.wav | RTF: 0.2641(0.899s / 3.405s) | Generator RTF: 0.2630(0.896s / 3.405s)
generated_audios/generated_H4_512C_pruned30_int8/61-70970-0010_generated.wav | RTF: 0.1477(0.450s / 3.045s) | Generator RTF: 0.1467(0.447s / 3.045s)
generated_audios/generated_H4_512C_pruned30_int8/61-70970-0011_generated.wav | RTF: 0.1539(0.935s / 6.075s) | Generator RTF: 0.1534(0.932s / 6.075s)
generated_audios/generated_H4_512C_pruned30_int8/61-70970-0012_generated.wav | RTF: 0.1434(0.450s / 3.135s) | Generator RTF: 0.1424(0.446s / 3.135s)
generated_audios/generated_H4_512C_pruned30_int8/61-70970-0013_generated.wav | RTF: 0.2629(1.144s / 4.350s) | Generator RTF: 0.2622(1.140s / 4.350s)
generated_audios/generated_H4_512C_pruned30_int8/61-70970-0014_generated.wav | RTF: 0.1417(0.482s / 3.405s) | Generator RTF: 0.1407(0.479s / 3.405s)
generated_audios/generated_H4_512C_pruned30_int8/61-70970-0015_generated.wav | RTF: 0.2770(2.331s / 8.415s) | Generator RTF: 0.2765(2.327s / 8.415s)
generated_audios/generated_H4_512C_pruned30_int8/61-70970-0016_generated.wav | RTF: 0.2622(1.146s / 4.370s) | Generator RTF: 0.2614(1.143s / 4.370s)
generated_audios/generated_H4_512C_pruned30_int8/61-70970-0017_generated.wav | RTF: 0.1509(0.385s / 2.550s) | Generator RTF: 0.1498(0.382s / 2.550s)
generated_audios/generated_H4_512C_pruned30_int8/61-70970-0018_generated.wav | RTF: 0.2571(1.183s / 4.600s) | Generator RTF: 0.2563(1.179s / 4.600s)
generated_audios/generated_H4_512C_pruned30_int8/61-70970-0019_generated.wav | RTF: 0.2590(0.979s / 3.780s) | Generator RTF: 0.2581(0.976s / 3.780s)
generated_audios/generated_H4_512C_pruned30_int8/61-70970-0020_generated.wav | RTF: 0.1490(0.749s / 5.025s) | Generator RTF: 0.1483(0.745s / 5.025s)
generated_audios/generated_H4_512C_pruned30_int8/61-70970-0021_generated.wav | RTF: 0.2560(1.384s / 5.405s) | Generator RTF: 0.2553(1.380s / 5.405s)
generated_audios/generated_H4_512C_pruned30_int8/61-70970-0022_generated.wav | RTF: 0.1468(0.583s / 3.970s) | Generator RTF: 0.1459(0.579s / 3.970s)
generated_audios/generated_H4_512C_pruned30_int8/61-70970-0023_generated.wav | RTF: 0.1466(0.543s / 3.705s) | Generator RTF: 0.1457(0.540s / 3.705s)
generated_audios/generated_H4_512C_pruned30_int8/61-70970-0024_generated.wav | RTF: 0.2621(1.896s / 7.235s) | Generator RTF: 0.2616(1.893s / 7.235s)
generated_audios/generated_H4_512C_pruned30_int8/61-70970-0025_generated.wav | RTF: 0.2773(2.062s / 7.435s) | Generator RTF: 0.2768(2.058s / 7.435s)
generated_audios/generated_H4_512C_pruned30_int8/61-70970-0026_generated.wav | RTF: 0.1474(0.807s / 5.475s) | Generator RTF: 0.1468(0.803s / 5.475s)
generated_audios/generated_H4_512C_pruned30_int8/61-70970-0027_generated.wav | RTF: 0.1469(0.746s / 5.080s) | Generator RTF: 0.1462(0.742s / 5.080s)
generated_audios/generated_H4_512C_pruned30_int8/61-70970-0028_generated.wav | RTF: 0.1516(0.993s / 6.550s) | Generator RTF: 0.1511(0.990s / 6.550s)
generated_audios/generated_H4_512C_pruned30_int8/61-70970-0029_generated.wav | RTF: 0.1477(0.595s / 4.030s) | Generator RTF: 0.1469(0.592s / 4.030s)
generated_audios/generated_H4_512C_pruned30_int8/61-70970-0030_generated.wav | RTF: 0.1481(0.480s / 3.240s) | Generator RTF: 0.1471(0.477s / 3.240s)
generated_audios/generated_H4_512C_pruned30_int8/61-70970-0031_generated.wav | RTF: 0.2584(1.327s / 5.135s) | Generator RTF: 0.2577(1.323s / 5.135s)
generated_audios/generated_H4_512C_pruned30_int8/61-70970-0032_generated.wav | RTF: 0.1436(0.450s / 3.135s) | Generator RTF: 0.1427(0.447s / 3.135s)
generated_audios/generated_H4_512C_pruned30_int8/61-70970-0033_generated.wav | RTF: 0.2514(0.860s / 3.420s) | Generator RTF: 0.2505(0.857s / 3.420s)
generated_audios/generated_H4_512C_pruned30_int8/61-70970-0034_generated.wav | RTF: 0.1453(0.652s / 4.485s) | Generator RTF: 0.1446(0.648s / 4.485s)
generated_audios/generated_H4_512C_pruned30_int8/61-70970-0035_generated.wav | RTF: 0.1510(1.118s / 7.405s) | Generator RTF: 0.1506(1.115s / 7.405s)
generated_audios/generated_H4_512C_pruned30_int8/61-70970-0036_generated.wav | RTF: 0.1519(1.031s / 6.785s) | Generator RTF: 0.1514(1.027s / 6.785s)
generated_audios/generated_H4_512C_pruned30_int8/61-70970-0037_generated.wav | RTF: 0.2607(1.559s / 5.980s) | Generator RTF: 0.2602(1.556s / 5.980s)
generated_audios/generated_H4_512C_pruned30_int8/61-70970-0038_generated.wav | RTF: 0.2647(2.753s / 10.400s) | Generator RTF: 0.2644(2.749s / 10.400s)
generated_audios/generated_H4_512C_pruned30_int8/61-70970-0039_generated.wav | RTF: 0.1509(1.006s / 6.665s) | Generator RTF: 0.1503(1.002s / 6.665s)
generated_audios/generated_H4_512C_pruned30_int8/61-70970-0040_generated.wav | RTF: 0.1461(0.609s / 4.165s) | Generator RTF: 0.1453(0.605s / 4.165s)
generated_audios/generated_H4_512C_pruned30_int8/672-122797-0000_generated.wav | RTF: 0.2641(1.075s / 4.070s) | Generator RTF: 0.2633(1.072s / 4.070s)
generated_audios/generated_H4_512C_pruned30_int8/672-122797-0001_generated.wav | RTF: 0.3370(5.099s / 15.130s) | Generator RTF: 0.3367(5.094s / 15.130s)
generated_audios/generated_H4_512C_pruned30_int8/672-122797-0002_generated.wav | RTF: 0.3167(4.313s / 13.620s) | Generator RTF: 0.3164(4.309s / 13.620s)
generated_audios/generated_H4_512C_pruned30_int8/672-122797-0003_generated.wav | RTF: 0.2629(1.251s / 4.760s) | Generator RTF: 0.2623(1.248s / 4.760s)
generated_audios/generated_H4_512C_pruned30_int8/672-122797-0004_generated.wav | RTF: 0.2602(2.667s / 10.250s) | Generator RTF: 0.2598(2.663s / 10.250s)
generated_audios/generated_H4_512C_pruned30_int8/672-122797-0005_generated.wav | RTF: 0.2680(0.874s / 3.260s) | Generator RTF: 0.2670(0.870s / 3.260s)
generated_audios/generated_H4_512C_pruned30_int8/672-122797-0006_generated.wav | RTF: 0.2972(4.146s / 13.950s) | Generator RTF: 0.2969(4.142s / 13.950s)
generated_audios/generated_H4_512C_pruned30_int8/672-122797-0007_generated.wav | RTF: 0.2513(1.613s / 6.420s) | Generator RTF: 0.2507(1.609s / 6.420s)
generated_audios/generated_H4_512C_pruned30_int8/672-122797-0008_generated.wav | RTF: 0.3557(10.960s / 30.810s) | Generator RTF: 0.3555(10.953s / 30.810s)
generated_audios/generated_H4_512C_pruned30_int8/672-122797-0009_generated.wav | RTF: 0.1474(0.408s / 2.765s) | Generator RTF: 0.1462(0.404s / 2.765s)
generated_audios/generated_H4_512C_pruned30_int8/672-122797-0010_generated.wav | RTF: 0.1483(0.566s / 3.815s) | Generator RTF: 0.1475(0.563s / 3.815s)
generated_audios/generated_H4_512C_pruned30_int8/672-122797-0011_generated.wav | RTF: 0.2614(0.664s / 2.540s) | Generator RTF: 0.2601(0.661s / 2.540s)
generated_audios/generated_H4_512C_pruned30_int8/672-122797-0012_generated.wav | RTF: 0.2620(2.034s / 7.765s) | Generator RTF: 0.2615(2.031s / 7.765s)
generated_audios/generated_H4_512C_pruned30_int8/672-122797-0013_generated.wav | RTF: 0.2593(2.257s / 8.705s) | Generator RTF: 0.2588(2.253s / 8.705s)
generated_audios/generated_H4_512C_pruned30_int8/672-122797-0014_generated.wav | RTF: 0.1497(0.383s / 2.555s) | Generator RTF: 0.1486(0.380s / 2.555s)
generated_audios/generated_H4_512C_pruned30_int8/672-122797-0015_generated.wav | RTF: 0.1456(0.649s / 4.455s) | Generator RTF: 0.1449(0.645s / 4.455s)
generated_audios/generated_H4_512C_pruned30_int8/672-122797-0016_generated.wav | RTF: 0.2610(2.406s / 9.215s) | Generator RTF: 0.2606(2.402s / 9.215s)
generated_audios/generated_H4_512C_pruned30_int8/672-122797-0017_generated.wav | RTF: 0.2522(1.216s / 4.820s) | Generator RTF: 0.2515(1.212s / 4.820s)
generated_audios/generated_H4_512C_pruned30_int8/672-122797-0018_generated.wav | RTF: 0.2591(1.277s / 4.930s) | Generator RTF: 0.2584(1.274s / 4.930s)
generated_audios/generated_H4_512C_pruned30_int8/672-122797-0019_generated.wav | RTF: 0.2524(1.037s / 4.110s) | Generator RTF: 0.2516(1.034s / 4.110s)
generated_audios/generated_H4_512C_pruned30_int8/672-122797-0020_generated.wav | RTF: 0.2630(2.321s / 8.825s) | Generator RTF: 0.2626(2.317s / 8.825s)
generated_audios/generated_H4_512C_pruned30_int8/672-122797-0021_generated.wav | RTF: 0.1480(0.614s / 4.150s) | Generator RTF: 0.1473(0.611s / 4.150s)
generated_audios/generated_H4_512C_pruned30_int8/672-122797-0022_generated.wav | RTF: 0.3054(5.805s / 19.005s) | Generator RTF: 0.3052(5.800s / 19.005s)
generated_audios/generated_H4_512C_pruned30_int8/672-122797-0023_generated.wav | RTF: 0.2595(2.516s / 9.695s) | Generator RTF: 0.2591(2.512s / 9.695s)
generated_audios/generated_H4_512C_pruned30_int8/672-122797-0024_generated.wav | RTF: 0.2574(1.063s / 4.130s) | Generator RTF: 0.2566(1.060s / 4.130s)
generated_audios/generated_H4_512C_pruned30_int8/672-122797-0025_generated.wav | RTF: 0.2628(2.810s / 10.690s) | Generator RTF: 0.2625(2.806s / 10.690s)
generated_audios/generated_H4_512C_pruned30_int8/672-122797-0026_generated.wav | RTF: 0.2629(3.670s / 13.960s) | Generator RTF: 0.2625(3.665s / 13.960s)
generated_audios/generated_H4_512C_pruned30_int8/672-122797-0027_generated.wav | RTF: 0.1455(0.697s / 4.790s) | Generator RTF: 0.1448(0.693s / 4.790s)
generated_audios/generated_H4_512C_pruned30_int8/672-122797-0028_generated.wav | RTF: 0.1573(0.411s / 2.610s) | Generator RTF: 0.1561(0.407s / 2.610s)
generated_audios/generated_H4_512C_pruned30_int8/672-122797-0029_generated.wav | RTF: 0.1505(0.459s / 3.050s) | Generator RTF: 0.1495(0.456s / 3.050s)
generated_audios/generated_H4_512C_pruned30_int8/672-122797-0030_generated.wav | RTF: 0.2565(1.174s / 4.575s) | Generator RTF: 0.2557(1.170s / 4.575s)
generated_audios/generated_H4_512C_pruned30_int8/672-122797-0031_generated.wav | RTF: 0.1464(0.583s / 3.980s) | Generator RTF: 0.1456(0.579s / 3.980s)
generated_audios/generated_H4_512C_pruned30_int8/672-122797-0032_generated.wav | RTF: 0.1469(0.588s / 4.000s) | Generator RTF: 0.1461(0.584s / 4.000s)
generated_audios/generated_H4_512C_pruned30_int8/672-122797-0033_generated.wav | RTF: 0.2793(0.359s / 1.285s) | Generator RTF: 0.2769(0.356s / 1.285s)
generated_audios/generated_H4_512C_pruned30_int8/672-122797-0034_generated.wav | RTF: 0.1470(0.751s / 5.110s) | Generator RTF: 0.1463(0.748s / 5.110s)
generated_audios/generated_H4_512C_pruned30_int8/672-122797-0035_generated.wav | RTF: 0.1516(0.439s / 2.900s) | Generator RTF: 0.1504(0.436s / 2.900s)
generated_audios/generated_H4_512C_pruned30_int8/672-122797-0036_generated.wav | RTF: 0.1467(0.787s / 5.365s) | Generator RTF: 0.1461(0.784s / 5.365s)
generated_audios/generated_H4_512C_pruned30_int8/672-122797-0037_generated.wav | RTF: 0.2492(0.488s / 1.960s) | Generator RTF: 0.2475(0.485s / 1.960s)
generated_audios/generated_H4_512C_pruned30_int8/672-122797-0038_generated.wav | RTF: 0.2570(2.262s / 8.800s) | Generator RTF: 0.2566(2.258s / 8.800s)
generated_audios/generated_H4_512C_pruned30_int8/672-122797-0039_generated.wav | RTF: 0.2602(1.047s / 4.025s) | Generator RTF: 0.2593(1.044s / 4.025s)
generated_audios/generated_H4_512C_pruned30_int8/672-122797-0040_generated.wav | RTF: 0.1475(0.756s / 5.125s) | Generator RTF: 0.1468(0.752s / 5.125s)
generated_audios/generated_H4_512C_pruned30_int8/672-122797-0041_generated.wav | RTF: 0.1470(0.570s / 3.880s) | Generator RTF: 0.1461(0.567s / 3.880s)
generated_audios/generated_H4_512C_pruned30_int8/672-122797-0042_generated.wav | RTF: 0.2779(4.254s / 15.310s) | Generator RTF: 0.2776(4.250s / 15.310s)
generated_audios/generated_H4_512C_pruned30_int8/672-122797-0043_generated.wav | RTF: 0.1475(0.558s / 3.780s) | Generator RTF: 0.1466(0.554s / 3.780s)
generated_audios/generated_H4_512C_pruned30_int8/672-122797-0044_generated.wav | RTF: 0.1484(0.555s / 3.740s) | Generator RTF: 0.1475(0.551s / 3.740s)
generated_audios/generated_H4_512C_pruned30_int8/672-122797-0045_generated.wav | RTF: 0.1509(2.106s / 13.960s) | Generator RTF: 0.1506(2.102s / 13.960s)
generated_audios/generated_H4_512C_pruned30_int8/672-122797-0046_generated.wav | RTF: 0.2577(1.215s / 4.715s) | Generator RTF: 0.2571(1.212s / 4.715s)
generated_audios/generated_H4_512C_pruned30_int8/672-122797-0047_generated.wav | RTF: 0.2669(0.887s / 3.325s) | Generator RTF: 0.2660(0.884s / 3.325s)
generated_audios/generated_H4_512C_pruned30_int8/672-122797-0048_generated.wav | RTF: 0.1480(0.970s / 6.555s) | Generator RTF: 0.1475(0.967s / 6.555s)
generated_audios/generated_H4_512C_pruned30_int8/672-122797-0049_generated.wav | RTF: 0.1471(0.297s / 2.020s) | Generator RTF: 0.1458(0.295s / 2.020s)
generated_audios/generated_H4_512C_pruned30_int8/672-122797-0050_generated.wav | RTF: 0.2616(1.270s / 4.855s) | Generator RTF: 0.2609(1.267s / 4.855s)
generated_audios/generated_H4_512C_pruned30_int8/672-122797-0051_generated.wav | RTF: 0.2608(1.217s / 4.665s) | Generator RTF: 0.2602(1.214s / 4.665s)
generated_audios/generated_H4_512C_pruned30_int8/672-122797-0052_generated.wav | RTF: 0.2474(1.060s / 4.285s) | Generator RTF: 0.2466(1.057s / 4.285s)
generated_audios/generated_H4_512C_pruned30_int8/672-122797-0053_generated.wav | RTF: 0.1494(0.442s / 2.955s) | Generator RTF: 0.1483(0.438s / 2.955s)
generated_audios/generated_H4_512C_pruned30_int8/672-122797-0054_generated.wav | RTF: 0.1468(0.624s / 4.250s) | Generator RTF: 0.1460(0.620s / 4.250s)
generated_audios/generated_H4_512C_pruned30_int8/672-122797-0055_generated.wav | RTF: 0.2564(2.110s / 8.230s) | Generator RTF: 0.2559(2.106s / 8.230s)
generated_audios/generated_H4_512C_pruned30_int8/672-122797-0056_generated.wav | RTF: 0.1485(0.776s / 5.225s) | Generator RTF: 0.1479(0.773s / 5.225s)
generated_audios/generated_H4_512C_pruned30_int8/672-122797-0057_generated.wav | RTF: 0.1474(0.967s / 6.560s) | Generator RTF: 0.1469(0.964s / 6.560s)
generated_audios/generated_H4_512C_pruned30_int8/672-122797-0058_generated.wav | RTF: 0.2600(1.162s / 4.470s) | Generator RTF: 0.2592(1.159s / 4.470s)
generated_audios/generated_H4_512C_pruned30_int8/672-122797-0059_generated.wav | RTF: 0.2525(0.889s / 3.520s) | Generator RTF: 0.2516(0.886s / 3.520s)
generated_audios/generated_H4_512C_pruned30_int8/672-122797-0060_generated.wav | RTF: 0.1549(0.519s / 3.350s) | Generator RTF: 0.1540(0.516s / 3.350s)
generated_audios/generated_H4_512C_pruned30_int8/672-122797-0061_generated.wav | RTF: 0.2580(1.958s / 7.590s) | Generator RTF: 0.2576(1.955s / 7.590s)
generated_audios/generated_H4_512C_pruned30_int8/672-122797-0062_generated.wav | RTF: 0.2627(0.703s / 2.675s) | Generator RTF: 0.2616(0.700s / 2.675s)
generated_audios/generated_H4_512C_pruned30_int8/672-122797-0063_generated.wav | RTF: 0.1456(0.739s / 5.075s) | Generator RTF: 0.1449(0.735s / 5.075s)
generated_audios/generated_H4_512C_pruned30_int8/672-122797-0064_generated.wav | RTF: 0.2791(4.263s / 15.270s) | Generator RTF: 0.2788(4.257s / 15.270s)
generated_audios/generated_H4_512C_pruned30_int8/672-122797-0065_generated.wav | RTF: 0.1470(0.445s / 3.030s) | Generator RTF: 0.1460(0.442s / 3.030s)
generated_audios/generated_H4_512C_pruned30_int8/672-122797-0066_generated.wav | RTF: 0.1463(0.704s / 4.815s) | Generator RTF: 0.1456(0.701s / 4.815s)
generated_audios/generated_H4_512C_pruned30_int8/672-122797-0067_generated.wav | RTF: 0.2623(3.419s / 13.035s) | Generator RTF: 0.2620(3.415s / 13.035s)
generated_audios/generated_H4_512C_pruned30_int8/672-122797-0068_generated.wav | RTF: 0.1466(0.589s / 4.020s) | Generator RTF: 0.1457(0.586s / 4.020s)
generated_audios/generated_H4_512C_pruned30_int8/672-122797-0069_generated.wav | RTF: 0.2591(1.298s / 5.010s) | Generator RTF: 0.2584(1.295s / 5.010s)
generated_audios/generated_H4_512C_pruned30_int8/672-122797-0070_generated.wav | RTF: 0.2547(1.597s / 6.270s) | Generator RTF: 0.2541(1.594s / 6.270s)
generated_audios/generated_H4_512C_pruned30_int8/672-122797-0071_generated.wav | RTF: 0.2623(2.328s / 8.875s) | Generator RTF: 0.2619(2.324s / 8.875s)
generated_audios/generated_H4_512C_pruned30_int8/672-122797-0072_generated.wav | RTF: 0.2590(2.056s / 7.940s) | Generator RTF: 0.2585(2.052s / 7.940s)
generated_audios/generated_H4_512C_pruned30_int8/672-122797-0073_generated.wav | RTF: 0.2615(2.146s / 8.205s) | Generator RTF: 0.2610(2.142s / 8.205s)
generated_audios/generated_H4_512C_pruned30_int8/672-122797-0074_generated.wav | RTF: 0.2585(2.257s / 8.730s) | Generator RTF: 0.2581(2.253s / 8.730s)
generated_audios/generated_H4_512C_pruned30_int8/908-157963-0000_generated.wav | RTF: 0.2614(3.299s / 12.620s) | Generator RTF: 0.2611(3.295s / 12.620s)
generated_audios/generated_H4_512C_pruned30_int8/908-157963-0001_generated.wav | RTF: 0.2652(0.765s / 2.885s) | Generator RTF: 0.2640(0.762s / 2.885s)
generated_audios/generated_H4_512C_pruned30_int8/908-157963-0002_generated.wav | RTF: 0.2647(0.729s / 2.755s) | Generator RTF: 0.2634(0.726s / 2.755s)
generated_audios/generated_H4_512C_pruned30_int8/908-157963-0003_generated.wav | RTF: 0.2590(0.798s / 3.080s) | Generator RTF: 0.2579(0.794s / 3.080s)
generated_audios/generated_H4_512C_pruned30_int8/908-157963-0004_generated.wav | RTF: 0.2637(3.689s / 13.990s) | Generator RTF: 0.2634(3.685s / 13.990s)
generated_audios/generated_H4_512C_pruned30_int8/908-157963-0005_generated.wav | RTF: 0.2595(1.826s / 7.035s) | Generator RTF: 0.2590(1.822s / 7.035s)
generated_audios/generated_H4_512C_pruned30_int8/908-157963-0006_generated.wav | RTF: 0.2612(2.119s / 8.110s) | Generator RTF: 0.2608(2.115s / 8.110s)
generated_audios/generated_H4_512C_pruned30_int8/908-157963-0007_generated.wav | RTF: 0.3509(11.500s / 32.770s) | Generator RTF: 0.3507(11.493s / 32.770s)
generated_audios/generated_H4_512C_pruned30_int8/908-157963-0008_generated.wav | RTF: 0.3220(6.424s / 19.950s) | Generator RTF: 0.3217(6.418s / 19.950s)
generated_audios/generated_H4_512C_pruned30_int8/908-157963-0009_generated.wav | RTF: 0.2614(1.061s / 4.060s) | Generator RTF: 0.2605(1.058s / 4.060s)
generated_audios/generated_H4_512C_pruned30_int8/908-157963-0010_generated.wav | RTF: 0.1437(0.902s / 6.280s) | Generator RTF: 0.1432(0.899s / 6.280s)
generated_audios/generated_H4_512C_pruned30_int8/908-157963-0011_generated.wav | RTF: 0.1488(1.547s / 10.395s) | Generator RTF: 0.1484(1.543s / 10.395s)
generated_audios/generated_H4_512C_pruned30_int8/908-157963-0012_generated.wav | RTF: 0.2599(2.622s / 10.090s) | Generator RTF: 0.2595(2.619s / 10.090s)
generated_audios/generated_H4_512C_pruned30_int8/908-157963-0013_generated.wav | RTF: 0.1498(0.646s / 4.315s) | Generator RTF: 0.1490(0.643s / 4.315s)
generated_audios/generated_H4_512C_pruned30_int8/908-157963-0014_generated.wav | RTF: 0.1464(0.662s / 4.520s) | Generator RTF: 0.1457(0.658s / 4.520s)
generated_audios/generated_H4_512C_pruned30_int8/908-157963-0015_generated.wav | RTF: 0.2779(4.020s / 14.465s) | Generator RTF: 0.2776(4.015s / 14.465s)
generated_audios/generated_H4_512C_pruned30_int8/908-157963-0016_generated.wav | RTF: 0.1459(0.745s / 5.105s) | Generator RTF: 0.1452(0.741s / 5.105s)
generated_audios/generated_H4_512C_pruned30_int8/908-157963-0017_generated.wav | RTF: 0.2530(1.252s / 4.950s) | Generator RTF: 0.2523(1.249s / 4.950s)
generated_audios/generated_H4_512C_pruned30_int8/908-157963-0018_generated.wav | RTF: 0.1485(0.632s / 4.255s) | Generator RTF: 0.1477(0.629s / 4.255s)
generated_audios/generated_H4_512C_pruned30_int8/908-157963-0019_generated.wav | RTF: 0.3180(6.818s / 21.440s) | Generator RTF: 0.3178(6.813s / 21.440s)
generated_audios/generated_H4_512C_pruned30_int8/908-157963-0020_generated.wav | RTF: 0.2624(2.572s / 9.800s) | Generator RTF: 0.2621(2.568s / 9.800s)
generated_audios/generated_H4_512C_pruned30_int8/908-157963-0021_generated.wav | RTF: 0.1547(1.585s / 10.240s) | Generator RTF: 0.1543(1.580s / 10.240s)
generated_audios/generated_H4_512C_pruned30_int8/908-157963-0022_generated.wav | RTF: 0.2616(1.206s / 4.610s) | Generator RTF: 0.2609(1.203s / 4.610s)
generated_audios/generated_H4_512C_pruned30_int8/908-157963-0023_generated.wav | RTF: 0.2622(2.524s / 9.625s) | Generator RTF: 0.2618(2.520s / 9.625s)
generated_audios/generated_H4_512C_pruned30_int8/908-157963-0024_generated.wav | RTF: 0.2574(0.885s / 3.440s) | Generator RTF: 0.2564(0.882s / 3.440s)
generated_audios/generated_H4_512C_pruned30_int8/908-157963-0025_generated.wav | RTF: 0.2581(2.392s / 9.265s) | Generator RTF: 0.2577(2.388s / 9.265s)
generated_audios/generated_H4_512C_pruned30_int8/908-157963-0026_generated.wav | RTF: 0.2599(2.105s / 8.100s) | Generator RTF: 0.2594(2.101s / 8.100s)
generated_audios/generated_H4_512C_pruned30_int8/908-157963-0027_generated.wav | RTF: 0.1467(0.767s / 5.225s) | Generator RTF: 0.1461(0.763s / 5.225s)
generated_audios/generated_H4_512C_pruned30_int8/908-157963-0028_generated.wav | RTF: 0.1448(0.717s / 4.955s) | Generator RTF: 0.1441(0.714s / 4.955s)
generated_audios/generated_H4_512C_pruned30_int8/908-157963-0029_generated.wav | RTF: 0.2529(0.918s / 3.630s) | Generator RTF: 0.2520(0.915s / 3.630s)
generated_audios/generated_H4_512C_pruned30_int8/908-157963-0030_generated.wav | RTF: 0.1427(0.645s / 4.520s) | Generator RTF: 0.1420(0.642s / 4.520s)
generated_audios/generated_H4_512C_pruned30_int8/908-31957-0000_generated.wav | RTF: 0.2544(0.541s / 2.125s) | Generator RTF: 0.2531(0.538s / 2.125s)
generated_audios/generated_H4_512C_pruned30_int8/908-31957-0001_generated.wav | RTF: 0.2636(2.983s / 11.315s) | Generator RTF: 0.2633(2.979s / 11.315s)
generated_audios/generated_H4_512C_pruned30_int8/908-31957-0002_generated.wav | RTF: 0.1487(0.712s / 4.790s) | Generator RTF: 0.1480(0.709s / 4.790s)
generated_audios/generated_H4_512C_pruned30_int8/908-31957-0003_generated.wav | RTF: 0.1494(0.981s / 6.565s) | Generator RTF: 0.1488(0.977s / 6.565s)
generated_audios/generated_H4_512C_pruned30_int8/908-31957-0004_generated.wav | RTF: 0.2833(4.180s / 14.755s) | Generator RTF: 0.2830(4.175s / 14.755s)
generated_audios/generated_H4_512C_pruned30_int8/908-31957-0005_generated.wav | RTF: 0.1471(0.660s / 4.490s) | Generator RTF: 0.1463(0.657s / 4.490s)
generated_audios/generated_H4_512C_pruned30_int8/908-31957-0006_generated.wav | RTF: 0.2561(1.508s / 5.890s) | Generator RTF: 0.2555(1.505s / 5.890s)
generated_audios/generated_H4_512C_pruned30_int8/908-31957-0007_generated.wav | RTF: 0.1488(0.863s / 5.800s) | Generator RTF: 0.1483(0.860s / 5.800s)
generated_audios/generated_H4_512C_pruned30_int8/908-31957-0008_generated.wav | RTF: 0.2798(2.799s / 10.005s) | Generator RTF: 0.2794(2.795s / 10.005s)
generated_audios/generated_H4_512C_pruned30_int8/908-31957-0009_generated.wav | RTF: 0.2580(1.988s / 7.705s) | Generator RTF: 0.2575(1.984s / 7.705s)
generated_audios/generated_H4_512C_pruned30_int8/908-31957-0010_generated.wav | RTF: 0.2467(0.619s / 2.510s) | Generator RTF: 0.2455(0.616s / 2.510s)
generated_audios/generated_H4_512C_pruned30_int8/908-31957-0011_generated.wav | RTF: 0.1505(0.352s / 2.335s) | Generator RTF: 0.1493(0.349s / 2.335s)
generated_audios/generated_H4_512C_pruned30_int8/908-31957-0012_generated.wav | RTF: 0.2588(1.971s / 7.615s) | Generator RTF: 0.2583(1.967s / 7.615s)
generated_audios/generated_H4_512C_pruned30_int8/908-31957-0013_generated.wav | RTF: 0.2607(1.611s / 6.180s) | Generator RTF: 0.2602(1.608s / 6.180s)
generated_audios/generated_H4_512C_pruned30_int8/908-31957-0014_generated.wav | RTF: 0.2582(1.952s / 7.560s) | Generator RTF: 0.2576(1.948s / 7.560s)
generated_audios/generated_H4_512C_pruned30_int8/908-31957-0015_generated.wav | RTF: 0.3417(7.334s / 21.465s) | Generator RTF: 0.3414(7.329s / 21.465s)
generated_audios/generated_H4_512C_pruned30_int8/908-31957-0016_generated.wav | RTF: 0.2660(1.724s / 6.480s) | Generator RTF: 0.2655(1.721s / 6.480s)
generated_audios/generated_H4_512C_pruned30_int8/908-31957-0017_generated.wav | RTF: 0.2626(2.047s / 7.795s) | Generator RTF: 0.2621(2.043s / 7.795s)
generated_audios/generated_H4_512C_pruned30_int8/908-31957-0018_generated.wav | RTF: 0.2579(1.010s / 3.915s) | Generator RTF: 0.2570(1.006s / 3.915s)
generated_audios/generated_H4_512C_pruned30_int8/908-31957-0019_generated.wav | RTF: 0.2835(2.705s / 9.540s) | Generator RTF: 0.2831(2.701s / 9.540s)
generated_audios/generated_H4_512C_pruned30_int8/908-31957-0020_generated.wav | RTF: 0.1445(0.852s / 5.895s) | Generator RTF: 0.1440(0.849s / 5.895s)
generated_audios/generated_H4_512C_pruned30_int8/908-31957-0021_generated.wav | RTF: 0.2802(3.056s / 10.905s) | Generator RTF: 0.2799(3.052s / 10.905s)
generated_audios/generated_H4_512C_pruned30_int8/908-31957-0022_generated.wav | RTF: 0.3436(4.845s / 14.100s) | Generator RTF: 0.3432(4.840s / 14.100s)
generated_audios/generated_H4_512C_pruned30_int8/908-31957-0023_generated.wav | RTF: 0.2832(2.411s / 8.515s) | Generator RTF: 0.2827(2.407s / 8.515s)
generated_audios/generated_H4_512C_pruned30_int8/908-31957-0024_generated.wav | RTF: 0.2750(2.073s / 7.540s) | Generator RTF: 0.2745(2.070s / 7.540s)
generated_audios/generated_H4_512C_pruned30_int8/908-31957-0025_generated.wav | RTF: 0.3490(7.174s / 20.560s) | Generator RTF: 0.3487(7.169s / 20.560s)
Average RTF: 0.2463(778.375s / 3159.849s)
Average Generator RTF: 0.2457(776.479s / 3159.849s)
Evaluation summary:
  Mel-spectrogram L1: 0.989631
  PESQ: 2.187972
  STOI: 0.912401
Appended per-audio metrics to CSV: per_audio_results/H4_512C_int8_Mask_pruning

Appended metrics to CSV: experiments_results.csv
========== H4: pruning 50% + quantize ==========
Initializing Inference Process..
Using device: cpu (baseline and quantized inference both run on CPU)
Quantization enabled: forcing CPU inference for INT8 model.
Loading '/home/hpc/vlbi/vlbi107v/hifi-gan/cp_hifigan/v1_c512_ft50/g_00265000'
Complete.
Checkpoint contains masked pruning parameters. Preparing masked model before loading...
Removing weight norm...
Skipping ConvTranspose1d pruning for ups.0
Skipping ConvTranspose1d pruning for ups.1
Skipping ConvTranspose1d pruning for ups.2
Skipping ConvTranspose1d pruning for ups.3
Pruning (with mask) resblocks.0.convs1.0 (Conv1d): out_channels=256, dim=0, amount=0.0
Done pruning (with mask) resblocks.0.convs1.0 (Conv1d)
Pruning (with mask) resblocks.0.convs1.1 (Conv1d): out_channels=256, dim=0, amount=0.0
Done pruning (with mask) resblocks.0.convs1.1 (Conv1d)
Pruning (with mask) resblocks.0.convs1.2 (Conv1d): out_channels=256, dim=0, amount=0.0
Done pruning (with mask) resblocks.0.convs1.2 (Conv1d)
Pruning (with mask) resblocks.0.convs2.0 (Conv1d): out_channels=256, dim=0, amount=0.0
Done pruning (with mask) resblocks.0.convs2.0 (Conv1d)
Pruning (with mask) resblocks.0.convs2.1 (Conv1d): out_channels=256, dim=0, amount=0.0
Done pruning (with mask) resblocks.0.convs2.1 (Conv1d)
Pruning (with mask) resblocks.0.convs2.2 (Conv1d): out_channels=256, dim=0, amount=0.0
Done pruning (with mask) resblocks.0.convs2.2 (Conv1d)
Pruning (with mask) resblocks.1.convs1.0 (Conv1d): out_channels=256, dim=0, amount=0.0
Done pruning (with mask) resblocks.1.convs1.0 (Conv1d)
Pruning (with mask) resblocks.1.convs1.1 (Conv1d): out_channels=256, dim=0, amount=0.0
Done pruning (with mask) resblocks.1.convs1.1 (Conv1d)
Pruning (with mask) resblocks.1.convs1.2 (Conv1d): out_channels=256, dim=0, amount=0.0
Done pruning (with mask) resblocks.1.convs1.2 (Conv1d)
Pruning (with mask) resblocks.1.convs2.0 (Conv1d): out_channels=256, dim=0, amount=0.0
Done pruning (with mask) resblocks.1.convs2.0 (Conv1d)
Pruning (with mask) resblocks.1.convs2.1 (Conv1d): out_channels=256, dim=0, amount=0.0
Done pruning (with mask) resblocks.1.convs2.1 (Conv1d)
Pruning (with mask) resblocks.1.convs2.2 (Conv1d): out_channels=256, dim=0, amount=0.0
Done pruning (with mask) resblocks.1.convs2.2 (Conv1d)
Pruning (with mask) resblocks.2.convs1.0 (Conv1d): out_channels=256, dim=0, amount=0.0
Done pruning (with mask) resblocks.2.convs1.0 (Conv1d)
Pruning (with mask) resblocks.2.convs1.1 (Conv1d): out_channels=256, dim=0, amount=0.0
Done pruning (with mask) resblocks.2.convs1.1 (Conv1d)
Pruning (with mask) resblocks.2.convs1.2 (Conv1d): out_channels=256, dim=0, amount=0.0
Done pruning (with mask) resblocks.2.convs1.2 (Conv1d)
Pruning (with mask) resblocks.2.convs2.0 (Conv1d): out_channels=256, dim=0, amount=0.0
Done pruning (with mask) resblocks.2.convs2.0 (Conv1d)
Pruning (with mask) resblocks.2.convs2.1 (Conv1d): out_channels=256, dim=0, amount=0.0
Done pruning (with mask) resblocks.2.convs2.1 (Conv1d)
Pruning (with mask) resblocks.2.convs2.2 (Conv1d): out_channels=256, dim=0, amount=0.0
Done pruning (with mask) resblocks.2.convs2.2 (Conv1d)
Pruning (with mask) resblocks.3.convs1.0 (Conv1d): out_channels=128, dim=0, amount=0.0
Done pruning (with mask) resblocks.3.convs1.0 (Conv1d)
Pruning (with mask) resblocks.3.convs1.1 (Conv1d): out_channels=128, dim=0, amount=0.0
Done pruning (with mask) resblocks.3.convs1.1 (Conv1d)
Pruning (with mask) resblocks.3.convs1.2 (Conv1d): out_channels=128, dim=0, amount=0.0
Done pruning (with mask) resblocks.3.convs1.2 (Conv1d)
Pruning (with mask) resblocks.3.convs2.0 (Conv1d): out_channels=128, dim=0, amount=0.0
Done pruning (with mask) resblocks.3.convs2.0 (Conv1d)
Pruning (with mask) resblocks.3.convs2.1 (Conv1d): out_channels=128, dim=0, amount=0.0
Done pruning (with mask) resblocks.3.convs2.1 (Conv1d)
Pruning (with mask) resblocks.3.convs2.2 (Conv1d): out_channels=128, dim=0, amount=0.0
Done pruning (with mask) resblocks.3.convs2.2 (Conv1d)
Pruning (with mask) resblocks.4.convs1.0 (Conv1d): out_channels=128, dim=0, amount=0.0
Done pruning (with mask) resblocks.4.convs1.0 (Conv1d)
Pruning (with mask) resblocks.4.convs1.1 (Conv1d): out_channels=128, dim=0, amount=0.0
Done pruning (with mask) resblocks.4.convs1.1 (Conv1d)
Pruning (with mask) resblocks.4.convs1.2 (Conv1d): out_channels=128, dim=0, amount=0.0
Done pruning (with mask) resblocks.4.convs1.2 (Conv1d)
Pruning (with mask) resblocks.4.convs2.0 (Conv1d): out_channels=128, dim=0, amount=0.0
Done pruning (with mask) resblocks.4.convs2.0 (Conv1d)
Pruning (with mask) resblocks.4.convs2.1 (Conv1d): out_channels=128, dim=0, amount=0.0
Done pruning (with mask) resblocks.4.convs2.1 (Conv1d)
Pruning (with mask) resblocks.4.convs2.2 (Conv1d): out_channels=128, dim=0, amount=0.0
Done pruning (with mask) resblocks.4.convs2.2 (Conv1d)
Pruning (with mask) resblocks.5.convs1.0 (Conv1d): out_channels=128, dim=0, amount=0.0
Done pruning (with mask) resblocks.5.convs1.0 (Conv1d)
Pruning (with mask) resblocks.5.convs1.1 (Conv1d): out_channels=128, dim=0, amount=0.0
Done pruning (with mask) resblocks.5.convs1.1 (Conv1d)
Pruning (with mask) resblocks.5.convs1.2 (Conv1d): out_channels=128, dim=0, amount=0.0
Done pruning (with mask) resblocks.5.convs1.2 (Conv1d)
Pruning (with mask) resblocks.5.convs2.0 (Conv1d): out_channels=128, dim=0, amount=0.0
Done pruning (with mask) resblocks.5.convs2.0 (Conv1d)
Pruning (with mask) resblocks.5.convs2.1 (Conv1d): out_channels=128, dim=0, amount=0.0
Done pruning (with mask) resblocks.5.convs2.1 (Conv1d)
Pruning (with mask) resblocks.5.convs2.2 (Conv1d): out_channels=128, dim=0, amount=0.0
Done pruning (with mask) resblocks.5.convs2.2 (Conv1d)
Pruning (with mask) resblocks.6.convs1.0 (Conv1d): out_channels=64, dim=0, amount=0.0
Done pruning (with mask) resblocks.6.convs1.0 (Conv1d)
Pruning (with mask) resblocks.6.convs1.1 (Conv1d): out_channels=64, dim=0, amount=0.0
Done pruning (with mask) resblocks.6.convs1.1 (Conv1d)
Pruning (with mask) resblocks.6.convs1.2 (Conv1d): out_channels=64, dim=0, amount=0.0
Done pruning (with mask) resblocks.6.convs1.2 (Conv1d)
Pruning (with mask) resblocks.6.convs2.0 (Conv1d): out_channels=64, dim=0, amount=0.0
Done pruning (with mask) resblocks.6.convs2.0 (Conv1d)
Pruning (with mask) resblocks.6.convs2.1 (Conv1d): out_channels=64, dim=0, amount=0.0
Done pruning (with mask) resblocks.6.convs2.1 (Conv1d)
Pruning (with mask) resblocks.6.convs2.2 (Conv1d): out_channels=64, dim=0, amount=0.0
Done pruning (with mask) resblocks.6.convs2.2 (Conv1d)
Pruning (with mask) resblocks.7.convs1.0 (Conv1d): out_channels=64, dim=0, amount=0.0
Done pruning (with mask) resblocks.7.convs1.0 (Conv1d)
Pruning (with mask) resblocks.7.convs1.1 (Conv1d): out_channels=64, dim=0, amount=0.0
Done pruning (with mask) resblocks.7.convs1.1 (Conv1d)
Pruning (with mask) resblocks.7.convs1.2 (Conv1d): out_channels=64, dim=0, amount=0.0
Done pruning (with mask) resblocks.7.convs1.2 (Conv1d)
Pruning (with mask) resblocks.7.convs2.0 (Conv1d): out_channels=64, dim=0, amount=0.0
Done pruning (with mask) resblocks.7.convs2.0 (Conv1d)
Pruning (with mask) resblocks.7.convs2.1 (Conv1d): out_channels=64, dim=0, amount=0.0
Done pruning (with mask) resblocks.7.convs2.1 (Conv1d)
Pruning (with mask) resblocks.7.convs2.2 (Conv1d): out_channels=64, dim=0, amount=0.0
Done pruning (with mask) resblocks.7.convs2.2 (Conv1d)
Pruning (with mask) resblocks.8.convs1.0 (Conv1d): out_channels=64, dim=0, amount=0.0
Done pruning (with mask) resblocks.8.convs1.0 (Conv1d)
Pruning (with mask) resblocks.8.convs1.1 (Conv1d): out_channels=64, dim=0, amount=0.0
Done pruning (with mask) resblocks.8.convs1.1 (Conv1d)
Pruning (with mask) resblocks.8.convs1.2 (Conv1d): out_channels=64, dim=0, amount=0.0
Done pruning (with mask) resblocks.8.convs1.2 (Conv1d)
Pruning (with mask) resblocks.8.convs2.0 (Conv1d): out_channels=64, dim=0, amount=0.0
Done pruning (with mask) resblocks.8.convs2.0 (Conv1d)
Pruning (with mask) resblocks.8.convs2.1 (Conv1d): out_channels=64, dim=0, amount=0.0
Done pruning (with mask) resblocks.8.convs2.1 (Conv1d)
Pruning (with mask) resblocks.8.convs2.2 (Conv1d): out_channels=64, dim=0, amount=0.0
Done pruning (with mask) resblocks.8.convs2.2 (Conv1d)
Pruning (with mask) resblocks.9.convs1.0 (Conv1d): out_channels=32, dim=0, amount=0.0
Done pruning (with mask) resblocks.9.convs1.0 (Conv1d)
Pruning (with mask) resblocks.9.convs1.1 (Conv1d): out_channels=32, dim=0, amount=0.0
Done pruning (with mask) resblocks.9.convs1.1 (Conv1d)
Pruning (with mask) resblocks.9.convs1.2 (Conv1d): out_channels=32, dim=0, amount=0.0
Done pruning (with mask) resblocks.9.convs1.2 (Conv1d)
Pruning (with mask) resblocks.9.convs2.0 (Conv1d): out_channels=32, dim=0, amount=0.0
Done pruning (with mask) resblocks.9.convs2.0 (Conv1d)
Pruning (with mask) resblocks.9.convs2.1 (Conv1d): out_channels=32, dim=0, amount=0.0
Done pruning (with mask) resblocks.9.convs2.1 (Conv1d)
Pruning (with mask) resblocks.9.convs2.2 (Conv1d): out_channels=32, dim=0, amount=0.0
Done pruning (with mask) resblocks.9.convs2.2 (Conv1d)
Pruning (with mask) resblocks.10.convs1.0 (Conv1d): out_channels=32, dim=0, amount=0.0
Done pruning (with mask) resblocks.10.convs1.0 (Conv1d)
Pruning (with mask) resblocks.10.convs1.1 (Conv1d): out_channels=32, dim=0, amount=0.0
Done pruning (with mask) resblocks.10.convs1.1 (Conv1d)
Pruning (with mask) resblocks.10.convs1.2 (Conv1d): out_channels=32, dim=0, amount=0.0
Done pruning (with mask) resblocks.10.convs1.2 (Conv1d)
Pruning (with mask) resblocks.10.convs2.0 (Conv1d): out_channels=32, dim=0, amount=0.0
Done pruning (with mask) resblocks.10.convs2.0 (Conv1d)
Pruning (with mask) resblocks.10.convs2.1 (Conv1d): out_channels=32, dim=0, amount=0.0
Done pruning (with mask) resblocks.10.convs2.1 (Conv1d)
Pruning (with mask) resblocks.10.convs2.2 (Conv1d): out_channels=32, dim=0, amount=0.0
Done pruning (with mask) resblocks.10.convs2.2 (Conv1d)
Pruning (with mask) resblocks.11.convs1.0 (Conv1d): out_channels=32, dim=0, amount=0.0
Done pruning (with mask) resblocks.11.convs1.0 (Conv1d)
Pruning (with mask) resblocks.11.convs1.1 (Conv1d): out_channels=32, dim=0, amount=0.0
Done pruning (with mask) resblocks.11.convs1.1 (Conv1d)
Pruning (with mask) resblocks.11.convs1.2 (Conv1d): out_channels=32, dim=0, amount=0.0
Done pruning (with mask) resblocks.11.convs1.2 (Conv1d)
Pruning (with mask) resblocks.11.convs2.0 (Conv1d): out_channels=32, dim=0, amount=0.0
Done pruning (with mask) resblocks.11.convs2.0 (Conv1d)
Pruning (with mask) resblocks.11.convs2.1 (Conv1d): out_channels=32, dim=0, amount=0.0
Done pruning (with mask) resblocks.11.convs2.1 (Conv1d)
Pruning (with mask) resblocks.11.convs2.2 (Conv1d): out_channels=32, dim=0, amount=0.0
Done pruning (with mask) resblocks.11.convs2.2 (Conv1d)
Removing pruning masks from masked checkpoint before inference...
Removed pruning masks from 72 modules
Removing weight norm...
Calibrating static quantization using 50 samples...
INT8 quantization scope: resblocks_range
Quantizing residual blocks 3..8; all other layers stay FP32.
Checking quantized modules after static quantization:
Quantized module: resblocks.3.convs1.0 (torch.ao.nn.quantized.modules.conv.Conv1d)
Quantized module: resblocks.3.convs1.1 (torch.ao.nn.quantized.modules.conv.Conv1d)
Quantized module: resblocks.3.convs1.2 (torch.ao.nn.quantized.modules.conv.Conv1d)
Quantized module: resblocks.3.convs2.0 (torch.ao.nn.quantized.modules.conv.Conv1d)
Quantized module: resblocks.3.convs2.1 (torch.ao.nn.quantized.modules.conv.Conv1d)
Quantized module: resblocks.3.convs2.2 (torch.ao.nn.quantized.modules.conv.Conv1d)
Quantized module: resblocks.4.convs1.0 (torch.ao.nn.quantized.modules.conv.Conv1d)
Quantized module: resblocks.4.convs1.1 (torch.ao.nn.quantized.modules.conv.Conv1d)
Quantized module: resblocks.4.convs1.2 (torch.ao.nn.quantized.modules.conv.Conv1d)
Quantized module: resblocks.4.convs2.0 (torch.ao.nn.quantized.modules.conv.Conv1d)
Quantized module: resblocks.4.convs2.1 (torch.ao.nn.quantized.modules.conv.Conv1d)
Quantized module: resblocks.4.convs2.2 (torch.ao.nn.quantized.modules.conv.Conv1d)
Quantized module: resblocks.5.convs1.0 (torch.ao.nn.quantized.modules.conv.Conv1d)
Quantized module: resblocks.5.convs1.1 (torch.ao.nn.quantized.modules.conv.Conv1d)
Quantized module: resblocks.5.convs1.2 (torch.ao.nn.quantized.modules.conv.Conv1d)
Quantized module: resblocks.5.convs2.0 (torch.ao.nn.quantized.modules.conv.Conv1d)
Quantized module: resblocks.5.convs2.1 (torch.ao.nn.quantized.modules.conv.Conv1d)
Quantized module: resblocks.5.convs2.2 (torch.ao.nn.quantized.modules.conv.Conv1d)
Quantized module: resblocks.6.convs1.0 (torch.ao.nn.quantized.modules.conv.Conv1d)
Quantized module: resblocks.6.convs1.1 (torch.ao.nn.quantized.modules.conv.Conv1d)
Quantized module: resblocks.6.convs1.2 (torch.ao.nn.quantized.modules.conv.Conv1d)
Quantized module: resblocks.6.convs2.0 (torch.ao.nn.quantized.modules.conv.Conv1d)
Quantized module: resblocks.6.convs2.1 (torch.ao.nn.quantized.modules.conv.Conv1d)
Quantized module: resblocks.6.convs2.2 (torch.ao.nn.quantized.modules.conv.Conv1d)
Quantized module: resblocks.7.convs1.0 (torch.ao.nn.quantized.modules.conv.Conv1d)
Quantized module: resblocks.7.convs1.1 (torch.ao.nn.quantized.modules.conv.Conv1d)
Quantized module: resblocks.7.convs1.2 (torch.ao.nn.quantized.modules.conv.Conv1d)
Quantized module: resblocks.7.convs2.0 (torch.ao.nn.quantized.modules.conv.Conv1d)
Quantized module: resblocks.7.convs2.1 (torch.ao.nn.quantized.modules.conv.Conv1d)
Quantized module: resblocks.7.convs2.2 (torch.ao.nn.quantized.modules.conv.Conv1d)
Quantized module: resblocks.8.convs1.0 (torch.ao.nn.quantized.modules.conv.Conv1d)
Quantized module: resblocks.8.convs1.1 (torch.ao.nn.quantized.modules.conv.Conv1d)
Quantized module: resblocks.8.convs1.2 (torch.ao.nn.quantized.modules.conv.Conv1d)
Quantized module: resblocks.8.convs2.0 (torch.ao.nn.quantized.modules.conv.Conv1d)
Quantized module: resblocks.8.convs2.1 (torch.ao.nn.quantized.modules.conv.Conv1d)
Quantized module: resblocks.8.convs2.2 (torch.ao.nn.quantized.modules.conv.Conv1d)
Saving checkpoint to /home/hpc/vlbi/vlbi107v/hifi-gan/cp_hifigan/v1_c512_ft50/compressed_checkpoint_int8
Complete.
Saved compressed checkpoint: /home/hpc/vlbi/vlbi107v/hifi-gan/cp_hifigan/v1_c512_ft50/compressed_checkpoint_int8 (45.910 MB)
Compressed checkpoint parameters: 13,926,161
Loaded checkpoint: /home/hpc/vlbi/vlbi107v/hifi-gan/cp_hifigan/v1_c512_ft50/g_00265000 (95.035 MB)
Generator parameters: 13,926,161
generated_audios/generated_H4_512C_pruned50_int8/1089-134686-0000_generated.wav | RTF: 0.1726(1.801s / 10.435s) | Generator RTF: 0.1723(1.798s / 10.435s)
generated_audios/generated_H4_512C_pruned50_int8/1089-134686-0001_generated.wav | RTF: 0.1514(0.496s / 3.275s) | Generator RTF: 0.1503(0.492s / 3.275s)
generated_audios/generated_H4_512C_pruned50_int8/1089-134686-0002_generated.wav | RTF: 0.1652(1.094s / 6.625s) | Generator RTF: 0.1647(1.091s / 6.625s)
generated_audios/generated_H4_512C_pruned50_int8/1089-134686-0003_generated.wav | RTF: 0.1517(0.407s / 2.680s) | Generator RTF: 0.1505(0.403s / 2.680s)
generated_audios/generated_H4_512C_pruned50_int8/1089-134686-0004_generated.wav | RTF: 0.1588(0.828s / 5.215s) | Generator RTF: 0.1581(0.825s / 5.215s)
generated_audios/generated_H4_512C_pruned50_int8/1089-134686-0005_generated.wav | RTF: 0.1666(1.606s / 9.635s) | Generator RTF: 0.1662(1.602s / 9.635s)
generated_audios/generated_H4_512C_pruned50_int8/1089-134686-0006_generated.wav | RTF: 0.1677(1.770s / 10.555s) | Generator RTF: 0.1672(1.765s / 10.555s)
generated_audios/generated_H4_512C_pruned50_int8/1089-134686-0007_generated.wav | RTF: 0.1511(0.646s / 4.275s) | Generator RTF: 0.1504(0.643s / 4.275s)
generated_audios/generated_H4_512C_pruned50_int8/1089-134686-0008_generated.wav | RTF: 0.1576(1.061s / 6.730s) | Generator RTF: 0.1571(1.057s / 6.730s)
generated_audios/generated_H4_512C_pruned50_int8/1089-134686-0009_generated.wav | RTF: 0.1746(1.846s / 10.575s) | Generator RTF: 0.1742(1.842s / 10.575s)
generated_audios/generated_H4_512C_pruned50_int8/1089-134686-0010_generated.wav | RTF: 0.1480(0.652s / 4.405s) | Generator RTF: 0.1472(0.648s / 4.405s)
generated_audios/generated_H4_512C_pruned50_int8/1089-134686-0011_generated.wav | RTF: 0.1915(2.383s / 12.445s) | Generator RTF: 0.1911(2.378s / 12.445s)
generated_audios/generated_H4_512C_pruned50_int8/1089-134686-0012_generated.wav | RTF: 0.1825(2.125s / 11.640s) | Generator RTF: 0.1822(2.120s / 11.640s)
generated_audios/generated_H4_512C_pruned50_int8/1089-134686-0013_generated.wav | RTF: 0.1753(1.388s / 7.915s) | Generator RTF: 0.1748(1.384s / 7.915s)
generated_audios/generated_H4_512C_pruned50_int8/1089-134686-0014_generated.wav | RTF: 0.1539(0.343s / 2.225s) | Generator RTF: 0.1525(0.339s / 2.225s)
generated_audios/generated_H4_512C_pruned50_int8/1089-134686-0015_generated.wav | RTF: 0.1525(0.887s / 5.815s) | Generator RTF: 0.1520(0.884s / 5.815s)
generated_audios/generated_H4_512C_pruned50_int8/1089-134686-0016_generated.wav | RTF: 0.1501(0.531s / 3.540s) | Generator RTF: 0.1492(0.528s / 3.540s)
generated_audios/generated_H4_512C_pruned50_int8/1089-134686-0017_generated.wav | RTF: 0.1765(1.565s / 8.870s) | Generator RTF: 0.1760(1.562s / 8.870s)
generated_audios/generated_H4_512C_pruned50_int8/1089-134686-0018_generated.wav | RTF: 0.2324(3.654s / 15.720s) | Generator RTF: 0.2322(3.650s / 15.720s)
generated_audios/generated_H4_512C_pruned50_int8/1089-134686-0019_generated.wav | RTF: 0.2358(3.277s / 13.895s) | Generator RTF: 0.2355(3.273s / 13.895s)
generated_audios/generated_H4_512C_pruned50_int8/1089-134686-0020_generated.wav | RTF: 0.2350(3.946s / 16.790s) | Generator RTF: 0.2347(3.940s / 16.790s)
generated_audios/generated_H4_512C_pruned50_int8/1089-134686-0021_generated.wav | RTF: 0.1568(1.027s / 6.550s) | Generator RTF: 0.1563(1.024s / 6.550s)
generated_audios/generated_H4_512C_pruned50_int8/1089-134686-0022_generated.wav | RTF: 0.1709(1.910s / 11.175s) | Generator RTF: 0.1705(1.905s / 11.175s)
generated_audios/generated_H4_512C_pruned50_int8/1089-134686-0023_generated.wav | RTF: 0.2108(2.798s / 13.275s) | Generator RTF: 0.2104(2.793s / 13.275s)
generated_audios/generated_H4_512C_pruned50_int8/1089-134686-0024_generated.wav | RTF: 0.1835(2.139s / 11.655s) | Generator RTF: 0.1831(2.134s / 11.655s)
generated_audios/generated_H4_512C_pruned50_int8/1089-134686-0025_generated.wav | RTF: 0.1563(1.033s / 6.610s) | Generator RTF: 0.1558(1.030s / 6.610s)
generated_audios/generated_H4_512C_pruned50_int8/1089-134686-0026_generated.wav | RTF: 0.1505(0.604s / 4.010s) | Generator RTF: 0.1497(0.600s / 4.010s)
generated_audios/generated_H4_512C_pruned50_int8/1089-134686-0027_generated.wav | RTF: 0.1509(0.409s / 2.710s) | Generator RTF: 0.1497(0.406s / 2.710s)
generated_audios/generated_H4_512C_pruned50_int8/1089-134686-0028_generated.wav | RTF: 0.1734(1.357s / 7.830s) | Generator RTF: 0.1729(1.354s / 7.830s)
generated_audios/generated_H4_512C_pruned50_int8/1089-134686-0029_generated.wav | RTF: 0.1482(0.692s / 4.670s) | Generator RTF: 0.1475(0.689s / 4.670s)
generated_audios/generated_H4_512C_pruned50_int8/1089-134686-0030_generated.wav | RTF: 0.1429(0.388s / 2.715s) | Generator RTF: 0.1418(0.385s / 2.715s)
generated_audios/generated_H4_512C_pruned50_int8/1089-134686-0031_generated.wav | RTF: 0.1451(0.960s / 6.615s) | Generator RTF: 0.1446(0.956s / 6.615s)
generated_audios/generated_H4_512C_pruned50_int8/121-121726-0000_generated.wav | RTF: 0.1602(1.356s / 8.460s) | Generator RTF: 0.1598(1.352s / 8.460s)
generated_audios/generated_H4_512C_pruned50_int8/121-121726-0001_generated.wav | RTF: 0.1499(0.888s / 5.925s) | Generator RTF: 0.1493(0.884s / 5.925s)
generated_audios/generated_H4_512C_pruned50_int8/121-121726-0002_generated.wav | RTF: 0.1451(0.640s / 4.410s) | Generator RTF: 0.1443(0.637s / 4.410s)
generated_audios/generated_H4_512C_pruned50_int8/121-121726-0003_generated.wav | RTF: 0.1490(1.007s / 6.755s) | Generator RTF: 0.1485(1.003s / 6.755s)
generated_audios/generated_H4_512C_pruned50_int8/121-121726-0004_generated.wav | RTF: 0.1499(0.602s / 4.020s) | Generator RTF: 0.1491(0.600s / 4.020s)
generated_audios/generated_H4_512C_pruned50_int8/121-121726-0005_generated.wav | RTF: 0.1956(0.606s / 3.100s) | Generator RTF: 0.1946(0.603s / 3.100s)
generated_audios/generated_H4_512C_pruned50_int8/121-121726-0006_generated.wav | RTF: 0.1467(0.571s / 3.895s) | Generator RTF: 0.1459(0.568s / 3.895s)
generated_audios/generated_H4_512C_pruned50_int8/121-121726-0007_generated.wav | RTF: 0.1557(1.048s / 6.730s) | Generator RTF: 0.1551(1.044s / 6.730s)
generated_audios/generated_H4_512C_pruned50_int8/121-121726-0008_generated.wav | RTF: 0.1475(0.736s / 4.990s) | Generator RTF: 0.1469(0.733s / 4.990s)
generated_audios/generated_H4_512C_pruned50_int8/121-121726-0009_generated.wav | RTF: 0.1553(1.127s / 7.260s) | Generator RTF: 0.1548(1.124s / 7.260s)
generated_audios/generated_H4_512C_pruned50_int8/121-121726-0010_generated.wav | RTF: 0.1731(1.698s / 9.810s) | Generator RTF: 0.1727(1.694s / 9.810s)
generated_audios/generated_H4_512C_pruned50_int8/121-121726-0011_generated.wav | RTF: 0.1489(0.601s / 4.035s) | Generator RTF: 0.1481(0.598s / 4.035s)
generated_audios/generated_H4_512C_pruned50_int8/121-121726-0012_generated.wav | RTF: 0.1483(0.600s / 4.045s) | Generator RTF: 0.1475(0.597s / 4.045s)
generated_audios/generated_H4_512C_pruned50_int8/121-121726-0013_generated.wav | RTF: 0.1508(0.375s / 2.490s) | Generator RTF: 0.1495(0.372s / 2.490s)
generated_audios/generated_H4_512C_pruned50_int8/121-121726-0014_generated.wav | RTF: 0.1509(0.478s / 3.165s) | Generator RTF: 0.1499(0.474s / 3.165s)
generated_audios/generated_H4_512C_pruned50_int8/121-123852-0000_generated.wav | RTF: 0.2104(3.724s / 17.695s) | Generator RTF: 0.2102(3.719s / 17.695s)
generated_audios/generated_H4_512C_pruned50_int8/121-123852-0001_generated.wav | RTF: 0.1502(0.281s / 1.870s) | Generator RTF: 0.1485(0.278s / 1.870s)
generated_audios/generated_H4_512C_pruned50_int8/121-123852-0002_generated.wav | RTF: 0.2142(3.702s / 17.285s) | Generator RTF: 0.2139(3.697s / 17.285s)
generated_audios/generated_H4_512C_pruned50_int8/121-123852-0003_generated.wav | RTF: 0.3420(8.039s / 23.505s) | Generator RTF: 0.3418(8.033s / 23.505s)
generated_audios/generated_H4_512C_pruned50_int8/121-123852-0004_generated.wav | RTF: 0.3304(5.382s / 16.290s) | Generator RTF: 0.3301(5.377s / 16.290s)
generated_audios/generated_H4_512C_pruned50_int8/121-123859-0000_generated.wav | RTF: 0.3449(5.998s / 17.390s) | Generator RTF: 0.3446(5.993s / 17.390s)
generated_audios/generated_H4_512C_pruned50_int8/121-123859-0001_generated.wav | RTF: 0.3534(8.975s / 25.395s) | Generator RTF: 0.3532(8.968s / 25.395s)
generated_audios/generated_H4_512C_pruned50_int8/121-123859-0002_generated.wav | RTF: 0.3651(10.968s / 30.040s) | Generator RTF: 0.3649(10.962s / 30.040s)
generated_audios/generated_H4_512C_pruned50_int8/121-123859-0003_generated.wav | RTF: 0.2807(3.039s / 10.825s) | Generator RTF: 0.2743(2.969s / 10.825s)
generated_audios/generated_H4_512C_pruned50_int8/121-123859-0004_generated.wav | RTF: 0.2669(2.537s / 9.505s) | Generator RTF: 0.2664(2.532s / 9.505s)
generated_audios/generated_H4_512C_pruned50_int8/121-127105-0000_generated.wav | RTF: 0.2679(2.645s / 9.875s) | Generator RTF: 0.2675(2.642s / 9.875s)
generated_audios/generated_H4_512C_pruned50_int8/121-127105-0001_generated.wav | RTF: 0.2756(1.385s / 5.025s) | Generator RTF: 0.2749(1.381s / 5.025s)
generated_audios/generated_H4_512C_pruned50_int8/121-127105-0002_generated.wav | RTF: 0.2565(1.922s / 7.495s) | Generator RTF: 0.2559(1.918s / 7.495s)
generated_audios/generated_H4_512C_pruned50_int8/121-127105-0003_generated.wav | RTF: 0.2600(2.008s / 7.725s) | Generator RTF: 0.2595(2.004s / 7.725s)
generated_audios/generated_H4_512C_pruned50_int8/121-127105-0004_generated.wav | RTF: 0.2605(0.550s / 2.110s) | Generator RTF: 0.2591(0.547s / 2.110s)
generated_audios/generated_H4_512C_pruned50_int8/121-127105-0005_generated.wav | RTF: 0.2510(1.461s / 5.820s) | Generator RTF: 0.2505(1.458s / 5.820s)
generated_audios/generated_H4_512C_pruned50_int8/121-127105-0006_generated.wav | RTF: 0.2459(1.162s / 4.725s) | Generator RTF: 0.2452(1.159s / 4.725s)
generated_audios/generated_H4_512C_pruned50_int8/121-127105-0007_generated.wav | RTF: 0.2485(1.439s / 5.790s) | Generator RTF: 0.2479(1.436s / 5.790s)
generated_audios/generated_H4_512C_pruned50_int8/121-127105-0008_generated.wav | RTF: 0.2408(0.665s / 2.760s) | Generator RTF: 0.2399(0.662s / 2.760s)
generated_audios/generated_H4_512C_pruned50_int8/121-127105-0009_generated.wav | RTF: 0.2593(0.594s / 2.290s) | Generator RTF: 0.2581(0.591s / 2.290s)
generated_audios/generated_H4_512C_pruned50_int8/121-127105-0010_generated.wav | RTF: 0.2551(0.727s / 2.850s) | Generator RTF: 0.2540(0.724s / 2.850s)
generated_audios/generated_H4_512C_pruned50_int8/121-127105-0011_generated.wav | RTF: 0.2645(1.529s / 5.780s) | Generator RTF: 0.2639(1.525s / 5.780s)
generated_audios/generated_H4_512C_pruned50_int8/121-127105-0012_generated.wav | RTF: 0.2593(1.252s / 4.830s) | Generator RTF: 0.2585(1.249s / 4.830s)
generated_audios/generated_H4_512C_pruned50_int8/121-127105-0013_generated.wav | RTF: 0.2548(1.502s / 5.895s) | Generator RTF: 0.2542(1.499s / 5.895s)
generated_audios/generated_H4_512C_pruned50_int8/121-127105-0014_generated.wav | RTF: 0.2492(0.562s / 2.255s) | Generator RTF: 0.2478(0.559s / 2.255s)
generated_audios/generated_H4_512C_pruned50_int8/121-127105-0015_generated.wav | RTF: 0.2494(0.738s / 2.960s) | Generator RTF: 0.2483(0.735s / 2.960s)
generated_audios/generated_H4_512C_pruned50_int8/121-127105-0016_generated.wav | RTF: 0.2353(0.478s / 2.030s) | Generator RTF: 0.2337(0.474s / 2.030s)
generated_audios/generated_H4_512C_pruned50_int8/121-127105-0017_generated.wav | RTF: 0.2512(0.677s / 2.695s) | Generator RTF: 0.2500(0.674s / 2.695s)
generated_audios/generated_H4_512C_pruned50_int8/121-127105-0018_generated.wav | RTF: 0.2526(0.700s / 2.770s) | Generator RTF: 0.2514(0.696s / 2.770s)
generated_audios/generated_H4_512C_pruned50_int8/121-127105-0019_generated.wav | RTF: 0.2411(0.850s / 3.525s) | Generator RTF: 0.2401(0.846s / 3.525s)
generated_audios/generated_H4_512C_pruned50_int8/121-127105-0020_generated.wav | RTF: 0.3265(4.687s / 14.355s) | Generator RTF: 0.3263(4.683s / 14.355s)
generated_audios/generated_H4_512C_pruned50_int8/121-127105-0021_generated.wav | RTF: 0.2587(0.517s / 2.000s) | Generator RTF: 0.2573(0.515s / 2.000s)
generated_audios/generated_H4_512C_pruned50_int8/121-127105-0022_generated.wav | RTF: 0.2661(1.351s / 5.075s) | Generator RTF: 0.2655(1.347s / 5.075s)
generated_audios/generated_H4_512C_pruned50_int8/121-127105-0023_generated.wav | RTF: 0.2564(2.797s / 10.910s) | Generator RTF: 0.2561(2.794s / 10.910s)
generated_audios/generated_H4_512C_pruned50_int8/121-127105-0024_generated.wav | RTF: 0.3311(4.784s / 14.450s) | Generator RTF: 0.3308(4.780s / 14.450s)
generated_audios/generated_H4_512C_pruned50_int8/121-127105-0025_generated.wav | RTF: 0.3331(5.351s / 16.065s) | Generator RTF: 0.3328(5.346s / 16.065s)
generated_audios/generated_H4_512C_pruned50_int8/121-127105-0026_generated.wav | RTF: 0.2536(1.910s / 7.530s) | Generator RTF: 0.2530(1.905s / 7.530s)
generated_audios/generated_H4_512C_pruned50_int8/121-127105-0027_generated.wav | RTF: 0.3330(4.619s / 13.870s) | Generator RTF: 0.3327(4.615s / 13.870s)
generated_audios/generated_H4_512C_pruned50_int8/121-127105-0028_generated.wav | RTF: 0.1625(1.097s / 6.750s) | Generator RTF: 0.1619(1.093s / 6.750s)
generated_audios/generated_H4_512C_pruned50_int8/121-127105-0029_generated.wav | RTF: 0.2603(1.903s / 7.310s) | Generator RTF: 0.2599(1.900s / 7.310s)
generated_audios/generated_H4_512C_pruned50_int8/121-127105-0030_generated.wav | RTF: 0.2597(0.565s / 2.175s) | Generator RTF: 0.2584(0.562s / 2.175s)
generated_audios/generated_H4_512C_pruned50_int8/121-127105-0031_generated.wav | RTF: 0.2572(2.769s / 10.765s) | Generator RTF: 0.2568(2.765s / 10.765s)
generated_audios/generated_H4_512C_pruned50_int8/121-127105-0032_generated.wav | RTF: 0.2452(0.777s / 3.170s) | Generator RTF: 0.2443(0.774s / 3.170s)
generated_audios/generated_H4_512C_pruned50_int8/121-127105-0033_generated.wav | RTF: 0.2633(0.620s / 2.355s) | Generator RTF: 0.2620(0.617s / 2.355s)
generated_audios/generated_H4_512C_pruned50_int8/121-127105-0034_generated.wav | RTF: 0.2612(1.935s / 7.410s) | Generator RTF: 0.2607(1.931s / 7.410s)
generated_audios/generated_H4_512C_pruned50_int8/121-127105-0035_generated.wav | RTF: 0.3319(4.696s / 14.150s) | Generator RTF: 0.3316(4.692s / 14.150s)
generated_audios/generated_H4_512C_pruned50_int8/121-127105-0036_generated.wav | RTF: 0.2564(1.064s / 4.150s) | Generator RTF: 0.2555(1.060s / 4.150s)
generated_audios/generated_H4_512C_pruned50_int8/237-126133-0000_generated.wav | RTF: 0.3345(4.446s / 13.290s) | Generator RTF: 0.3342(4.441s / 13.290s)
generated_audios/generated_H4_512C_pruned50_int8/237-126133-0001_generated.wav | RTF: 0.3412(4.082s / 11.965s) | Generator RTF: 0.3408(4.078s / 11.965s)
generated_audios/generated_H4_512C_pruned50_int8/237-126133-0002_generated.wav | RTF: 0.2809(2.506s / 8.920s) | Generator RTF: 0.2805(2.502s / 8.920s)
generated_audios/generated_H4_512C_pruned50_int8/237-126133-0003_generated.wav | RTF: 0.2612(1.714s / 6.560s) | Generator RTF: 0.2607(1.710s / 6.560s)
generated_audios/generated_H4_512C_pruned50_int8/237-126133-0004_generated.wav | RTF: 0.2530(0.834s / 3.295s) | Generator RTF: 0.2521(0.831s / 3.295s)
generated_audios/generated_H4_512C_pruned50_int8/237-126133-0005_generated.wav | RTF: 0.2671(1.739s / 6.510s) | Generator RTF: 0.2665(1.735s / 6.510s)
generated_audios/generated_H4_512C_pruned50_int8/237-126133-0006_generated.wav | RTF: 0.2641(1.624s / 6.150s) | Generator RTF: 0.2635(1.621s / 6.150s)
generated_audios/generated_H4_512C_pruned50_int8/237-126133-0007_generated.wav | RTF: 0.2566(2.227s / 8.680s) | Generator RTF: 0.2561(2.223s / 8.680s)
generated_audios/generated_H4_512C_pruned50_int8/237-126133-0008_generated.wav | RTF: 0.2647(1.023s / 3.865s) | Generator RTF: 0.2638(1.020s / 3.865s)
generated_audios/generated_H4_512C_pruned50_int8/237-126133-0009_generated.wav | RTF: 0.2630(1.044s / 3.970s) | Generator RTF: 0.2623(1.041s / 3.970s)
generated_audios/generated_H4_512C_pruned50_int8/237-126133-0010_generated.wav | RTF: 0.2580(1.610s / 6.240s) | Generator RTF: 0.2574(1.606s / 6.240s)
generated_audios/generated_H4_512C_pruned50_int8/237-126133-0011_generated.wav | RTF: 0.2628(1.763s / 6.710s) | Generator RTF: 0.2622(1.760s / 6.710s)
generated_audios/generated_H4_512C_pruned50_int8/237-126133-0012_generated.wav | RTF: 0.2627(1.169s / 4.450s) | Generator RTF: 0.2620(1.166s / 4.450s)
generated_audios/generated_H4_512C_pruned50_int8/237-126133-0013_generated.wav | RTF: 0.2633(1.794s / 6.815s) | Generator RTF: 0.2627(1.790s / 6.815s)
generated_audios/generated_H4_512C_pruned50_int8/237-126133-0014_generated.wav | RTF: 0.2651(1.800s / 6.790s) | Generator RTF: 0.2646(1.796s / 6.790s)
generated_audios/generated_H4_512C_pruned50_int8/237-126133-0015_generated.wav | RTF: 0.2588(2.417s / 9.340s) | Generator RTF: 0.2584(2.413s / 9.340s)
generated_audios/generated_H4_512C_pruned50_int8/237-126133-0016_generated.wav | RTF: 0.2560(1.088s / 4.250s) | Generator RTF: 0.2552(1.084s / 4.250s)
generated_audios/generated_H4_512C_pruned50_int8/237-126133-0017_generated.wav | RTF: 0.2574(1.599s / 6.210s) | Generator RTF: 0.2569(1.595s / 6.210s)
generated_audios/generated_H4_512C_pruned50_int8/237-126133-0018_generated.wav | RTF: 0.2720(1.114s / 4.095s) | Generator RTF: 0.2712(1.111s / 4.095s)
generated_audios/generated_H4_512C_pruned50_int8/237-126133-0019_generated.wav | RTF: 0.2605(1.855s / 7.120s) | Generator RTF: 0.2599(1.851s / 7.120s)
generated_audios/generated_H4_512C_pruned50_int8/237-126133-0020_generated.wav | RTF: 0.2497(0.559s / 2.240s) | Generator RTF: 0.2483(0.556s / 2.240s)
generated_audios/generated_H4_512C_pruned50_int8/237-126133-0021_generated.wav | RTF: 0.2557(1.116s / 4.365s) | Generator RTF: 0.2549(1.113s / 4.365s)
generated_audios/generated_H4_512C_pruned50_int8/237-126133-0022_generated.wav | RTF: 0.2640(1.331s / 5.040s) | Generator RTF: 0.2633(1.327s / 5.040s)
generated_audios/generated_H4_512C_pruned50_int8/237-126133-0023_generated.wav | RTF: 0.2626(1.753s / 6.675s) | Generator RTF: 0.2621(1.750s / 6.675s)
generated_audios/generated_H4_512C_pruned50_int8/237-126133-0024_generated.wav | RTF: 0.2752(2.660s / 9.665s) | Generator RTF: 0.2748(2.656s / 9.665s)
generated_audios/generated_H4_512C_pruned50_int8/237-126133-0025_generated.wav | RTF: 0.2671(1.003s / 3.755s) | Generator RTF: 0.2662(0.999s / 3.755s)
generated_audios/generated_H4_512C_pruned50_int8/237-134493-0000_generated.wav | RTF: 0.2657(1.091s / 4.105s) | Generator RTF: 0.2648(1.087s / 4.105s)
generated_audios/generated_H4_512C_pruned50_int8/237-134493-0001_generated.wav | RTF: 0.2623(1.936s / 7.380s) | Generator RTF: 0.2618(1.932s / 7.380s)
generated_audios/generated_H4_512C_pruned50_int8/237-134493-0002_generated.wav | RTF: 0.2574(2.933s / 11.395s) | Generator RTF: 0.2570(2.929s / 11.395s)
generated_audios/generated_H4_512C_pruned50_int8/237-134493-0003_generated.wav | RTF: 0.3360(4.289s / 12.765s) | Generator RTF: 0.3356(4.284s / 12.765s)
generated_audios/generated_H4_512C_pruned50_int8/237-134493-0004_generated.wav | RTF: 0.2588(1.766s / 6.825s) | Generator RTF: 0.2582(1.762s / 6.825s)
generated_audios/generated_H4_512C_pruned50_int8/237-134493-0005_generated.wav | RTF: 0.2557(2.798s / 10.945s) | Generator RTF: 0.2553(2.794s / 10.945s)
generated_audios/generated_H4_512C_pruned50_int8/237-134493-0006_generated.wav | RTF: 0.2612(1.148s / 4.395s) | Generator RTF: 0.2604(1.145s / 4.395s)
generated_audios/generated_H4_512C_pruned50_int8/237-134493-0007_generated.wav | RTF: 0.2556(0.520s / 2.035s) | Generator RTF: 0.2540(0.517s / 2.035s)
generated_audios/generated_H4_512C_pruned50_int8/237-134493-0008_generated.wav | RTF: 0.2458(0.567s / 2.305s) | Generator RTF: 0.2445(0.563s / 2.305s)
generated_audios/generated_H4_512C_pruned50_int8/237-134493-0009_generated.wav | RTF: 0.2722(0.810s / 2.975s) | Generator RTF: 0.2711(0.807s / 2.975s)
generated_audios/generated_H4_512C_pruned50_int8/237-134493-0010_generated.wav | RTF: 0.2595(0.746s / 2.875s) | Generator RTF: 0.2584(0.743s / 2.875s)
generated_audios/generated_H4_512C_pruned50_int8/237-134493-0011_generated.wav | RTF: 0.2600(1.309s / 5.035s) | Generator RTF: 0.2593(1.306s / 5.035s)
generated_audios/generated_H4_512C_pruned50_int8/237-134493-0012_generated.wav | RTF: 0.2841(1.040s / 3.660s) | Generator RTF: 0.2832(1.036s / 3.660s)
generated_audios/generated_H4_512C_pruned50_int8/237-134493-0013_generated.wav | RTF: 0.1700(0.695s / 4.090s) | Generator RTF: 0.1692(0.692s / 4.090s)
generated_audios/generated_H4_512C_pruned50_int8/237-134493-0014_generated.wav | RTF: 0.2528(0.935s / 3.700s) | Generator RTF: 0.2519(0.932s / 3.700s)
generated_audios/generated_H4_512C_pruned50_int8/237-134493-0015_generated.wav | RTF: 0.1614(1.057s / 6.550s) | Generator RTF: 0.1609(1.054s / 6.550s)
generated_audios/generated_H4_512C_pruned50_int8/237-134493-0016_generated.wav | RTF: 0.2601(2.623s / 10.085s) | Generator RTF: 0.2597(2.619s / 10.085s)
generated_audios/generated_H4_512C_pruned50_int8/237-134493-0017_generated.wav | RTF: 0.2576(2.346s / 9.105s) | Generator RTF: 0.2572(2.342s / 9.105s)
generated_audios/generated_H4_512C_pruned50_int8/237-134493-0018_generated.wav | RTF: 0.2480(1.188s / 4.790s) | Generator RTF: 0.2473(1.185s / 4.790s)
generated_audios/generated_H4_512C_pruned50_int8/237-134500-0000_generated.wav | RTF: 0.2500(1.532s / 6.130s) | Generator RTF: 0.2494(1.529s / 6.130s)
generated_audios/generated_H4_512C_pruned50_int8/237-134500-0001_generated.wav | RTF: 0.2553(0.462s / 1.810s) | Generator RTF: 0.2536(0.459s / 1.810s)
generated_audios/generated_H4_512C_pruned50_int8/237-134500-0002_generated.wav | RTF: 0.2468(1.251s / 5.070s) | Generator RTF: 0.2462(1.248s / 5.070s)
generated_audios/generated_H4_512C_pruned50_int8/237-134500-0003_generated.wav | RTF: 0.1534(0.486s / 3.170s) | Generator RTF: 0.1524(0.483s / 3.170s)
generated_audios/generated_H4_512C_pruned50_int8/237-134500-0004_generated.wav | RTF: 0.1532(0.341s / 2.225s) | Generator RTF: 0.1520(0.338s / 2.225s)
generated_audios/generated_H4_512C_pruned50_int8/237-134500-0005_generated.wav | RTF: 0.2558(0.611s / 2.390s) | Generator RTF: 0.2546(0.608s / 2.390s)
generated_audios/generated_H4_512C_pruned50_int8/237-134500-0006_generated.wav | RTF: 0.2428(1.026s / 4.225s) | Generator RTF: 0.2420(1.022s / 4.225s)
generated_audios/generated_H4_512C_pruned50_int8/237-134500-0007_generated.wav | RTF: 0.1458(0.348s / 2.390s) | Generator RTF: 0.1444(0.345s / 2.390s)
generated_audios/generated_H4_512C_pruned50_int8/237-134500-0008_generated.wav | RTF: 0.1485(0.558s / 3.760s) | Generator RTF: 0.1476(0.555s / 3.760s)
generated_audios/generated_H4_512C_pruned50_int8/237-134500-0009_generated.wav | RTF: 0.1484(0.329s / 2.220s) | Generator RTF: 0.1470(0.326s / 2.220s)
generated_audios/generated_H4_512C_pruned50_int8/237-134500-0010_generated.wav | RTF: 0.2517(1.005s / 3.995s) | Generator RTF: 0.2509(1.002s / 3.995s)
generated_audios/generated_H4_512C_pruned50_int8/237-134500-0011_generated.wav | RTF: 0.2482(0.831s / 3.350s) | Generator RTF: 0.2473(0.828s / 3.350s)
generated_audios/generated_H4_512C_pruned50_int8/237-134500-0012_generated.wav | RTF: 0.2551(2.789s / 10.935s) | Generator RTF: 0.2547(2.785s / 10.935s)
generated_audios/generated_H4_512C_pruned50_int8/237-134500-0013_generated.wav | RTF: 0.1742(1.839s / 10.560s) | Generator RTF: 0.1738(1.835s / 10.560s)
generated_audios/generated_H4_512C_pruned50_int8/237-134500-0014_generated.wav | RTF: 0.1539(0.654s / 4.250s) | Generator RTF: 0.1531(0.651s / 4.250s)
generated_audios/generated_H4_512C_pruned50_int8/237-134500-0015_generated.wav | RTF: 0.2616(2.829s / 10.815s) | Generator RTF: 0.2612(2.825s / 10.815s)
generated_audios/generated_H4_512C_pruned50_int8/237-134500-0016_generated.wav | RTF: 0.1548(0.489s / 3.160s) | Generator RTF: 0.1537(0.486s / 3.160s)
generated_audios/generated_H4_512C_pruned50_int8/237-134500-0017_generated.wav | RTF: 0.1524(0.332s / 2.180s) | Generator RTF: 0.1510(0.329s / 2.180s)
generated_audios/generated_H4_512C_pruned50_int8/237-134500-0018_generated.wav | RTF: 0.3287(4.222s / 12.845s) | Generator RTF: 0.3283(4.217s / 12.845s)
generated_audios/generated_H4_512C_pruned50_int8/237-134500-0019_generated.wav | RTF: 0.2383(0.681s / 2.860s) | Generator RTF: 0.2372(0.678s / 2.860s)
generated_audios/generated_H4_512C_pruned50_int8/237-134500-0020_generated.wav | RTF: 0.1434(0.313s / 2.180s) | Generator RTF: 0.1420(0.310s / 2.180s)
generated_audios/generated_H4_512C_pruned50_int8/237-134500-0021_generated.wav | RTF: 0.2493(1.276s / 5.120s) | Generator RTF: 0.2486(1.273s / 5.120s)
generated_audios/generated_H4_512C_pruned50_int8/237-134500-0022_generated.wav | RTF: 0.2559(1.322s / 5.165s) | Generator RTF: 0.2552(1.318s / 5.165s)
generated_audios/generated_H4_512C_pruned50_int8/237-134500-0023_generated.wav | RTF: 0.2552(0.781s / 3.060s) | Generator RTF: 0.2542(0.778s / 3.060s)
generated_audios/generated_H4_512C_pruned50_int8/237-134500-0024_generated.wav | RTF: 0.1641(0.723s / 4.410s) | Generator RTF: 0.1633(0.720s / 4.410s)
generated_audios/generated_H4_512C_pruned50_int8/237-134500-0025_generated.wav | RTF: 0.2712(0.442s / 1.630s) | Generator RTF: 0.2695(0.439s / 1.630s)
generated_audios/generated_H4_512C_pruned50_int8/237-134500-0026_generated.wav | RTF: 0.2570(0.784s / 3.050s) | Generator RTF: 0.2559(0.781s / 3.050s)
generated_audios/generated_H4_512C_pruned50_int8/237-134500-0027_generated.wav | RTF: 0.2583(0.844s / 3.270s) | Generator RTF: 0.2573(0.841s / 3.270s)
generated_audios/generated_H4_512C_pruned50_int8/237-134500-0028_generated.wav | RTF: 0.2657(1.202s / 4.525s) | Generator RTF: 0.2650(1.199s / 4.525s)
generated_audios/generated_H4_512C_pruned50_int8/237-134500-0029_generated.wav | RTF: 0.2503(0.517s / 2.065s) | Generator RTF: 0.2491(0.514s / 2.065s)
generated_audios/generated_H4_512C_pruned50_int8/237-134500-0030_generated.wav | RTF: 0.2505(0.696s / 2.780s) | Generator RTF: 0.2494(0.693s / 2.780s)
generated_audios/generated_H4_512C_pruned50_int8/237-134500-0031_generated.wav | RTF: 0.2749(2.916s / 10.610s) | Generator RTF: 0.2745(2.912s / 10.610s)
generated_audios/generated_H4_512C_pruned50_int8/237-134500-0032_generated.wav | RTF: 0.1620(0.814s / 5.025s) | Generator RTF: 0.1613(0.811s / 5.025s)
generated_audios/generated_H4_512C_pruned50_int8/237-134500-0033_generated.wav | RTF: 0.2519(1.600s / 6.350s) | Generator RTF: 0.2514(1.596s / 6.350s)
generated_audios/generated_H4_512C_pruned50_int8/237-134500-0034_generated.wav | RTF: 0.2529(0.778s / 3.075s) | Generator RTF: 0.2518(0.774s / 3.075s)
generated_audios/generated_H4_512C_pruned50_int8/237-134500-0035_generated.wav | RTF: 0.2563(0.655s / 2.555s) | Generator RTF: 0.2550(0.652s / 2.555s)
generated_audios/generated_H4_512C_pruned50_int8/237-134500-0036_generated.wav | RTF: 0.2610(1.722s / 6.600s) | Generator RTF: 0.2604(1.719s / 6.600s)
generated_audios/generated_H4_512C_pruned50_int8/237-134500-0037_generated.wav | RTF: 0.2634(1.871s / 7.105s) | Generator RTF: 0.2629(1.868s / 7.105s)
generated_audios/generated_H4_512C_pruned50_int8/237-134500-0038_generated.wav | RTF: 0.2524(0.615s / 2.435s) | Generator RTF: 0.2512(0.612s / 2.435s)
generated_audios/generated_H4_512C_pruned50_int8/237-134500-0039_generated.wav | RTF: 0.2568(1.189s / 4.630s) | Generator RTF: 0.2562(1.186s / 4.630s)
generated_audios/generated_H4_512C_pruned50_int8/237-134500-0040_generated.wav | RTF: 0.1668(0.672s / 4.030s) | Generator RTF: 0.1659(0.669s / 4.030s)
generated_audios/generated_H4_512C_pruned50_int8/237-134500-0041_generated.wav | RTF: 0.1785(1.592s / 8.920s) | Generator RTF: 0.1780(1.588s / 8.920s)
generated_audios/generated_H4_512C_pruned50_int8/237-134500-0042_generated.wav | RTF: 0.2612(0.673s / 2.575s) | Generator RTF: 0.2602(0.670s / 2.575s)
generated_audios/generated_H4_512C_pruned50_int8/260-123286-0000_generated.wav | RTF: 0.2623(1.846s / 7.040s) | Generator RTF: 0.2617(1.842s / 7.040s)
generated_audios/generated_H4_512C_pruned50_int8/260-123286-0001_generated.wav | RTF: 0.1536(0.471s / 3.070s) | Generator RTF: 0.1525(0.468s / 3.070s)
generated_audios/generated_H4_512C_pruned50_int8/260-123286-0002_generated.wav | RTF: 0.2588(2.584s / 9.985s) | Generator RTF: 0.2584(2.580s / 9.985s)
generated_audios/generated_H4_512C_pruned50_int8/260-123286-0003_generated.wav | RTF: 0.2590(1.909s / 7.370s) | Generator RTF: 0.2585(1.905s / 7.370s)
generated_audios/generated_H4_512C_pruned50_int8/260-123286-0004_generated.wav | RTF: 0.2558(0.886s / 3.465s) | Generator RTF: 0.2549(0.883s / 3.465s)
generated_audios/generated_H4_512C_pruned50_int8/260-123286-0005_generated.wav | RTF: 0.2514(1.209s / 4.810s) | Generator RTF: 0.2508(1.206s / 4.810s)
generated_audios/generated_H4_512C_pruned50_int8/260-123286-0006_generated.wav | RTF: 0.2610(1.932s / 7.405s) | Generator RTF: 0.2604(1.929s / 7.405s)
generated_audios/generated_H4_512C_pruned50_int8/260-123286-0007_generated.wav | RTF: 0.2604(1.185s / 4.550s) | Generator RTF: 0.2597(1.182s / 4.550s)
generated_audios/generated_H4_512C_pruned50_int8/260-123286-0008_generated.wav | RTF: 0.2566(0.959s / 3.735s) | Generator RTF: 0.2558(0.955s / 3.735s)
generated_audios/generated_H4_512C_pruned50_int8/260-123286-0009_generated.wav | RTF: 0.2964(1.718s / 5.795s) | Generator RTF: 0.2958(1.714s / 5.795s)
generated_audios/generated_H4_512C_pruned50_int8/260-123286-0010_generated.wav | RTF: 0.1443(0.372s / 2.575s) | Generator RTF: 0.1430(0.368s / 2.575s)
generated_audios/generated_H4_512C_pruned50_int8/260-123286-0011_generated.wav | RTF: 0.1639(0.697s / 4.255s) | Generator RTF: 0.1631(0.694s / 4.255s)
generated_audios/generated_H4_512C_pruned50_int8/260-123286-0012_generated.wav | RTF: 0.1463(0.355s / 2.430s) | Generator RTF: 0.1450(0.352s / 2.430s)
generated_audios/generated_H4_512C_pruned50_int8/260-123286-0013_generated.wav | RTF: 0.2571(1.216s / 4.730s) | Generator RTF: 0.2563(1.212s / 4.730s)
generated_audios/generated_H4_512C_pruned50_int8/260-123286-0014_generated.wav | RTF: 0.1686(0.502s / 2.980s) | Generator RTF: 0.1676(0.499s / 2.980s)
generated_audios/generated_H4_512C_pruned50_int8/260-123286-0015_generated.wav | RTF: 0.2747(1.431s / 5.210s) | Generator RTF: 0.2741(1.428s / 5.210s)
generated_audios/generated_H4_512C_pruned50_int8/260-123286-0016_generated.wav | RTF: 0.2621(1.835s / 7.000s) | Generator RTF: 0.2616(1.831s / 7.000s)
generated_audios/generated_H4_512C_pruned50_int8/260-123286-0017_generated.wav | RTF: 0.2561(1.018s / 3.975s) | Generator RTF: 0.2552(1.014s / 3.975s)
generated_audios/generated_H4_512C_pruned50_int8/260-123286-0018_generated.wav | RTF: 0.2627(1.490s / 5.670s) | Generator RTF: 0.2621(1.486s / 5.670s)
generated_audios/generated_H4_512C_pruned50_int8/260-123286-0019_generated.wav | RTF: 0.3323(3.956s / 11.905s) | Generator RTF: 0.3319(3.952s / 11.905s)
generated_audios/generated_H4_512C_pruned50_int8/260-123286-0020_generated.wav | RTF: 0.1486(0.455s / 3.060s) | Generator RTF: 0.1475(0.451s / 3.060s)
generated_audios/generated_H4_512C_pruned50_int8/260-123286-0021_generated.wav | RTF: 0.2444(0.623s / 2.550s) | Generator RTF: 0.2432(0.620s / 2.550s)
generated_audios/generated_H4_512C_pruned50_int8/260-123286-0022_generated.wav | RTF: 0.2561(0.829s / 3.235s) | Generator RTF: 0.2551(0.825s / 3.235s)
generated_audios/generated_H4_512C_pruned50_int8/260-123286-0023_generated.wav | RTF: 0.2603(1.530s / 5.875s) | Generator RTF: 0.2597(1.526s / 5.875s)
generated_audios/generated_H4_512C_pruned50_int8/260-123286-0024_generated.wav | RTF: 0.2483(0.755s / 3.040s) | Generator RTF: 0.2472(0.752s / 3.040s)
generated_audios/generated_H4_512C_pruned50_int8/260-123286-0025_generated.wav | RTF: 0.2562(2.358s / 9.205s) | Generator RTF: 0.2557(2.354s / 9.205s)
generated_audios/generated_H4_512C_pruned50_int8/260-123286-0026_generated.wav | RTF: 0.2684(1.863s / 6.940s) | Generator RTF: 0.2678(1.859s / 6.940s)
generated_audios/generated_H4_512C_pruned50_int8/260-123286-0027_generated.wav | RTF: 0.2546(1.826s / 7.170s) | Generator RTF: 0.2541(1.822s / 7.170s)
generated_audios/generated_H4_512C_pruned50_int8/260-123286-0028_generated.wav | RTF: 0.2515(1.878s / 7.465s) | Generator RTF: 0.2510(1.874s / 7.465s)
generated_audios/generated_H4_512C_pruned50_int8/260-123286-0029_generated.wav | RTF: 0.1458(0.663s / 4.545s) | Generator RTF: 0.1451(0.659s / 4.545s)
generated_audios/generated_H4_512C_pruned50_int8/260-123286-0030_generated.wav | RTF: 0.1739(1.310s / 7.530s) | Generator RTF: 0.1734(1.306s / 7.530s)
generated_audios/generated_H4_512C_pruned50_int8/260-123286-0031_generated.wav | RTF: 0.2477(1.253s / 5.060s) | Generator RTF: 0.2470(1.250s / 5.060s)
generated_audios/generated_H4_512C_pruned50_int8/260-123288-0000_generated.wav | RTF: 0.1506(0.458s / 3.040s) | Generator RTF: 0.1495(0.454s / 3.040s)
generated_audios/generated_H4_512C_pruned50_int8/260-123288-0001_generated.wav | RTF: 0.1611(0.818s / 5.080s) | Generator RTF: 0.1605(0.816s / 5.080s)
generated_audios/generated_H4_512C_pruned50_int8/260-123288-0002_generated.wav | RTF: 0.2627(1.905s / 7.250s) | Generator RTF: 0.2622(1.901s / 7.250s)
generated_audios/generated_H4_512C_pruned50_int8/260-123288-0003_generated.wav | RTF: 0.2655(2.364s / 8.905s) | Generator RTF: 0.2651(2.361s / 8.905s)
generated_audios/generated_H4_512C_pruned50_int8/260-123288-0004_generated.wav | RTF: 0.2643(1.139s / 4.310s) | Generator RTF: 0.2635(1.136s / 4.310s)
generated_audios/generated_H4_512C_pruned50_int8/260-123288-0005_generated.wav | RTF: 0.3047(3.824s / 12.550s) | Generator RTF: 0.3043(3.819s / 12.550s)
generated_audios/generated_H4_512C_pruned50_int8/260-123288-0006_generated.wav | RTF: 0.2546(1.242s / 4.880s) | Generator RTF: 0.2538(1.239s / 4.880s)
generated_audios/generated_H4_512C_pruned50_int8/260-123288-0007_generated.wav | RTF: 0.2595(2.907s / 11.200s) | Generator RTF: 0.2592(2.903s / 11.200s)
generated_audios/generated_H4_512C_pruned50_int8/260-123288-0008_generated.wav | RTF: 0.2648(1.460s / 5.515s) | Generator RTF: 0.2641(1.457s / 5.515s)
generated_audios/generated_H4_512C_pruned50_int8/260-123288-0009_generated.wav | RTF: 0.2632(0.904s / 3.435s) | Generator RTF: 0.2622(0.901s / 3.435s)
generated_audios/generated_H4_512C_pruned50_int8/260-123288-0010_generated.wav | RTF: 0.1729(1.728s / 9.995s) | Generator RTF: 0.1725(1.724s / 9.995s)
generated_audios/generated_H4_512C_pruned50_int8/260-123288-0011_generated.wav | RTF: 0.2801(2.515s / 8.980s) | Generator RTF: 0.2796(2.511s / 8.980s)
generated_audios/generated_H4_512C_pruned50_int8/260-123288-0012_generated.wav | RTF: 0.2663(0.944s / 3.545s) | Generator RTF: 0.2654(0.941s / 3.545s)
generated_audios/generated_H4_512C_pruned50_int8/260-123288-0013_generated.wav | RTF: 0.2599(2.959s / 11.385s) | Generator RTF: 0.2595(2.955s / 11.385s)
generated_audios/generated_H4_512C_pruned50_int8/260-123288-0014_generated.wav | RTF: 0.1562(0.282s / 1.805s) | Generator RTF: 0.1544(0.279s / 1.805s)
generated_audios/generated_H4_512C_pruned50_int8/260-123288-0015_generated.wav | RTF: 0.3420(7.246s / 21.185s) | Generator RTF: 0.3418(7.240s / 21.185s)
generated_audios/generated_H4_512C_pruned50_int8/260-123288-0016_generated.wav | RTF: 0.2645(1.287s / 4.865s) | Generator RTF: 0.2637(1.283s / 4.865s)
generated_audios/generated_H4_512C_pruned50_int8/260-123288-0017_generated.wav | RTF: 0.2501(1.307s / 5.225s) | Generator RTF: 0.2495(1.303s / 5.225s)
generated_audios/generated_H4_512C_pruned50_int8/260-123288-0018_generated.wav | RTF: 0.2436(0.790s / 3.245s) | Generator RTF: 0.2426(0.787s / 3.245s)
generated_audios/generated_H4_512C_pruned50_int8/260-123288-0019_generated.wav | RTF: 0.1504(0.445s / 2.955s) | Generator RTF: 0.1494(0.441s / 2.955s)
generated_audios/generated_H4_512C_pruned50_int8/260-123288-0020_generated.wav | RTF: 0.2433(0.706s / 2.900s) | Generator RTF: 0.2422(0.702s / 2.900s)
generated_audios/generated_H4_512C_pruned50_int8/260-123288-0021_generated.wav | RTF: 0.1512(0.410s / 2.710s) | Generator RTF: 0.1500(0.406s / 2.710s)
generated_audios/generated_H4_512C_pruned50_int8/260-123288-0022_generated.wav | RTF: 0.2555(0.947s / 3.705s) | Generator RTF: 0.2547(0.944s / 3.705s)
generated_audios/generated_H4_512C_pruned50_int8/260-123288-0023_generated.wav | RTF: 0.1556(0.371s / 2.385s) | Generator RTF: 0.1543(0.368s / 2.385s)
generated_audios/generated_H4_512C_pruned50_int8/260-123288-0024_generated.wav | RTF: 0.3051(4.453s / 14.595s) | Generator RTF: 0.3048(4.449s / 14.595s)
generated_audios/generated_H4_512C_pruned50_int8/260-123288-0025_generated.wav | RTF: 0.3020(4.060s / 13.445s) | Generator RTF: 0.3017(4.056s / 13.445s)
generated_audios/generated_H4_512C_pruned50_int8/260-123288-0026_generated.wav | RTF: 0.3284(5.268s / 16.040s) | Generator RTF: 0.3281(5.264s / 16.040s)
generated_audios/generated_H4_512C_pruned50_int8/260-123288-0027_generated.wav | RTF: 0.2606(1.643s / 6.305s) | Generator RTF: 0.2600(1.640s / 6.305s)
generated_audios/generated_H4_512C_pruned50_int8/260-123288-0028_generated.wav | RTF: 0.2596(0.677s / 2.610s) | Generator RTF: 0.2584(0.674s / 2.610s)
generated_audios/generated_H4_512C_pruned50_int8/260-123440-0000_generated.wav | RTF: 0.2426(0.525s / 2.165s) | Generator RTF: 0.2411(0.522s / 2.165s)
generated_audios/generated_H4_512C_pruned50_int8/260-123440-0001_generated.wav | RTF: 0.2631(0.458s / 1.740s) | Generator RTF: 0.2613(0.455s / 1.740s)
generated_audios/generated_H4_512C_pruned50_int8/260-123440-0002_generated.wav | RTF: 0.3331(4.902s / 14.715s) | Generator RTF: 0.3328(4.898s / 14.715s)
generated_audios/generated_H4_512C_pruned50_int8/260-123440-0003_generated.wav | RTF: 0.2570(0.921s / 3.585s) | Generator RTF: 0.2560(0.918s / 3.585s)
generated_audios/generated_H4_512C_pruned50_int8/260-123440-0004_generated.wav | RTF: 0.3285(3.949s / 12.020s) | Generator RTF: 0.3282(3.945s / 12.020s)
generated_audios/generated_H4_512C_pruned50_int8/260-123440-0005_generated.wav | RTF: 0.1523(0.473s / 3.105s) | Generator RTF: 0.1512(0.470s / 3.105s)
generated_audios/generated_H4_512C_pruned50_int8/260-123440-0006_generated.wav | RTF: 0.1456(0.395s / 2.715s) | Generator RTF: 0.1445(0.392s / 2.715s)
generated_audios/generated_H4_512C_pruned50_int8/260-123440-0007_generated.wav | RTF: 0.2453(0.830s / 3.385s) | Generator RTF: 0.2443(0.827s / 3.385s)
generated_audios/generated_H4_512C_pruned50_int8/260-123440-0008_generated.wav | RTF: 0.2682(1.004s / 3.745s) | Generator RTF: 0.2673(1.001s / 3.745s)
generated_audios/generated_H4_512C_pruned50_int8/260-123440-0009_generated.wav | RTF: 0.2610(0.813s / 3.115s) | Generator RTF: 0.2601(0.810s / 3.115s)
generated_audios/generated_H4_512C_pruned50_int8/260-123440-0010_generated.wav | RTF: 0.2851(2.371s / 8.315s) | Generator RTF: 0.2846(2.366s / 8.315s)
generated_audios/generated_H4_512C_pruned50_int8/260-123440-0011_generated.wav | RTF: 0.1543(0.751s / 4.870s) | Generator RTF: 0.1536(0.748s / 4.870s)
generated_audios/generated_H4_512C_pruned50_int8/260-123440-0012_generated.wav | RTF: 0.2610(1.369s / 5.245s) | Generator RTF: 0.2603(1.365s / 5.245s)
generated_audios/generated_H4_512C_pruned50_int8/260-123440-0013_generated.wav | RTF: 0.2693(0.936s / 3.475s) | Generator RTF: 0.2683(0.932s / 3.475s)
generated_audios/generated_H4_512C_pruned50_int8/260-123440-0014_generated.wav | RTF: 0.2637(1.006s / 3.815s) | Generator RTF: 0.2628(1.002s / 3.815s)
generated_audios/generated_H4_512C_pruned50_int8/260-123440-0015_generated.wav | RTF: 0.1630(1.011s / 6.200s) | Generator RTF: 0.1625(1.007s / 6.200s)
generated_audios/generated_H4_512C_pruned50_int8/260-123440-0016_generated.wav | RTF: 0.2675(1.309s / 4.895s) | Generator RTF: 0.2668(1.306s / 4.895s)
generated_audios/generated_H4_512C_pruned50_int8/260-123440-0017_generated.wav | RTF: 0.1602(0.492s / 3.070s) | Generator RTF: 0.1592(0.489s / 3.070s)
generated_audios/generated_H4_512C_pruned50_int8/260-123440-0018_generated.wav | RTF: 0.2619(0.953s / 3.640s) | Generator RTF: 0.2610(0.950s / 3.640s)
generated_audios/generated_H4_512C_pruned50_int8/260-123440-0019_generated.wav | RTF: 0.2608(1.729s / 6.630s) | Generator RTF: 0.2603(1.726s / 6.630s)
generated_audios/generated_H4_512C_pruned50_int8/260-123440-0020_generated.wav | RTF: 0.2669(1.333s / 4.995s) | Generator RTF: 0.2662(1.330s / 4.995s)
generated_audios/generated_H4_512C_pruned50_int8/61-70968-0000_generated.wav | RTF: 0.2660(1.305s / 4.905s) | Generator RTF: 0.2653(1.301s / 4.905s)
generated_audios/generated_H4_512C_pruned50_int8/61-70968-0001_generated.wav | RTF: 0.2606(0.941s / 3.610s) | Generator RTF: 0.2598(0.938s / 3.610s)
generated_audios/generated_H4_512C_pruned50_int8/61-70968-0002_generated.wav | RTF: 0.2537(0.753s / 2.970s) | Generator RTF: 0.2525(0.750s / 2.970s)
generated_audios/generated_H4_512C_pruned50_int8/61-70968-0003_generated.wav | RTF: 0.1647(0.711s / 4.315s) | Generator RTF: 0.1639(0.707s / 4.315s)
generated_audios/generated_H4_512C_pruned50_int8/61-70968-0004_generated.wav | RTF: 0.2710(1.053s / 3.885s) | Generator RTF: 0.2700(1.049s / 3.885s)
generated_audios/generated_H4_512C_pruned50_int8/61-70968-0005_generated.wav | RTF: 0.1630(0.826s / 5.070s) | Generator RTF: 0.1623(0.823s / 5.070s)
generated_audios/generated_H4_512C_pruned50_int8/61-70968-0006_generated.wav | RTF: 0.2510(0.737s / 2.935s) | Generator RTF: 0.2499(0.733s / 2.935s)
generated_audios/generated_H4_512C_pruned50_int8/61-70968-0007_generated.wav | RTF: 0.1624(0.576s / 3.550s) | Generator RTF: 0.1614(0.573s / 3.550s)
generated_audios/generated_H4_512C_pruned50_int8/61-70968-0008_generated.wav | RTF: 0.1621(0.573s / 3.535s) | Generator RTF: 0.1611(0.569s / 3.535s)
generated_audios/generated_H4_512C_pruned50_int8/61-70968-0009_generated.wav | RTF: 0.2671(1.205s / 4.510s) | Generator RTF: 0.2664(1.201s / 4.510s)
generated_audios/generated_H4_512C_pruned50_int8/61-70968-0010_generated.wav | RTF: 0.2611(2.166s / 8.295s) | Generator RTF: 0.2606(2.162s / 8.295s)
generated_audios/generated_H4_512C_pruned50_int8/61-70968-0011_generated.wav | RTF: 0.2658(1.694s / 6.375s) | Generator RTF: 0.2652(1.691s / 6.375s)
generated_audios/generated_H4_512C_pruned50_int8/61-70968-0012_generated.wav | RTF: 0.1584(0.413s / 2.610s) | Generator RTF: 0.1574(0.411s / 2.610s)
generated_audios/generated_H4_512C_pruned50_int8/61-70968-0013_generated.wav | RTF: 0.1587(0.706s / 4.450s) | Generator RTF: 0.1578(0.702s / 4.450s)
generated_audios/generated_H4_512C_pruned50_int8/61-70968-0014_generated.wav | RTF: 0.2634(1.971s / 7.485s) | Generator RTF: 0.2629(1.968s / 7.485s)
generated_audios/generated_H4_512C_pruned50_int8/61-70968-0015_generated.wav | RTF: 0.2543(1.367s / 5.375s) | Generator RTF: 0.2537(1.364s / 5.375s)
generated_audios/generated_H4_512C_pruned50_int8/61-70968-0016_generated.wav | RTF: 0.2791(1.038s / 3.720s) | Generator RTF: 0.2782(1.035s / 3.720s)
generated_audios/generated_H4_512C_pruned50_int8/61-70968-0017_generated.wav | RTF: 0.2683(1.371s / 5.110s) | Generator RTF: 0.2676(1.368s / 5.110s)
generated_audios/generated_H4_512C_pruned50_int8/61-70968-0018_generated.wav | RTF: 0.2438(0.586s / 2.405s) | Generator RTF: 0.2424(0.583s / 2.405s)
generated_audios/generated_H4_512C_pruned50_int8/61-70968-0019_generated.wav | RTF: 0.2591(1.419s / 5.475s) | Generator RTF: 0.2584(1.415s / 5.475s)
generated_audios/generated_H4_512C_pruned50_int8/61-70968-0020_generated.wav | RTF: 0.2610(1.332s / 5.105s) | Generator RTF: 0.2603(1.329s / 5.105s)
generated_audios/generated_H4_512C_pruned50_int8/61-70968-0021_generated.wav | RTF: 0.2483(0.668s / 2.690s) | Generator RTF: 0.2471(0.665s / 2.690s)
generated_audios/generated_H4_512C_pruned50_int8/61-70968-0022_generated.wav | RTF: 0.1638(0.765s / 4.670s) | Generator RTF: 0.1631(0.762s / 4.670s)
generated_audios/generated_H4_512C_pruned50_int8/61-70968-0023_generated.wav | RTF: 0.1813(0.911s / 5.025s) | Generator RTF: 0.1678(0.843s / 5.025s)
generated_audios/generated_H4_512C_pruned50_int8/61-70968-0024_generated.wav | RTF: 0.2653(1.598s / 6.025s) | Generator RTF: 0.2647(1.595s / 6.025s)
generated_audios/generated_H4_512C_pruned50_int8/61-70968-0025_generated.wav | RTF: 0.1587(0.700s / 4.410s) | Generator RTF: 0.1579(0.696s / 4.410s)
generated_audios/generated_H4_512C_pruned50_int8/61-70968-0026_generated.wav | RTF: 0.2605(1.281s / 4.920s) | Generator RTF: 0.2597(1.278s / 4.920s)
generated_audios/generated_H4_512C_pruned50_int8/61-70968-0027_generated.wav | RTF: 0.2608(1.792s / 6.870s) | Generator RTF: 0.2603(1.788s / 6.870s)
generated_audios/generated_H4_512C_pruned50_int8/61-70968-0028_generated.wav | RTF: 0.2608(1.397s / 5.355s) | Generator RTF: 0.2602(1.393s / 5.355s)
generated_audios/generated_H4_512C_pruned50_int8/61-70968-0029_generated.wav | RTF: 0.2651(0.927s / 3.495s) | Generator RTF: 0.2643(0.924s / 3.495s)
generated_audios/generated_H4_512C_pruned50_int8/61-70968-0030_generated.wav | RTF: 0.2635(1.498s / 5.685s) | Generator RTF: 0.2629(1.495s / 5.685s)
generated_audios/generated_H4_512C_pruned50_int8/61-70968-0031_generated.wav | RTF: 0.2600(0.760s / 2.925s) | Generator RTF: 0.2589(0.757s / 2.925s)
generated_audios/generated_H4_512C_pruned50_int8/61-70968-0032_generated.wav | RTF: 0.1656(0.709s / 4.280s) | Generator RTF: 0.1648(0.705s / 4.280s)
generated_audios/generated_H4_512C_pruned50_int8/61-70968-0033_generated.wav | RTF: 0.1614(0.918s / 5.685s) | Generator RTF: 0.1607(0.913s / 5.685s)
generated_audios/generated_H4_512C_pruned50_int8/61-70968-0034_generated.wav | RTF: 0.2689(1.137s / 4.230s) | Generator RTF: 0.2681(1.134s / 4.230s)
generated_audios/generated_H4_512C_pruned50_int8/61-70968-0035_generated.wav | RTF: 0.2627(2.089s / 7.950s) | Generator RTF: 0.2622(2.085s / 7.950s)
generated_audios/generated_H4_512C_pruned50_int8/61-70968-0036_generated.wav | RTF: 0.1597(0.469s / 2.935s) | Generator RTF: 0.1587(0.466s / 2.935s)
generated_audios/generated_H4_512C_pruned50_int8/61-70968-0037_generated.wav | RTF: 0.1580(0.682s / 4.315s) | Generator RTF: 0.1572(0.678s / 4.315s)
generated_audios/generated_H4_512C_pruned50_int8/61-70968-0038_generated.wav | RTF: 0.2703(0.554s / 2.050s) | Generator RTF: 0.2688(0.551s / 2.050s)
generated_audios/generated_H4_512C_pruned50_int8/61-70968-0039_generated.wav | RTF: 0.2601(0.990s / 3.805s) | Generator RTF: 0.2592(0.986s / 3.805s)
generated_audios/generated_H4_512C_pruned50_int8/61-70968-0040_generated.wav | RTF: 0.2661(1.051s / 3.950s) | Generator RTF: 0.2652(1.047s / 3.950s)
generated_audios/generated_H4_512C_pruned50_int8/61-70968-0041_generated.wav | RTF: 0.1610(1.099s / 6.825s) | Generator RTF: 0.1604(1.095s / 6.825s)
generated_audios/generated_H4_512C_pruned50_int8/61-70968-0042_generated.wav | RTF: 0.1544(0.430s / 2.785s) | Generator RTF: 0.1533(0.427s / 2.785s)
generated_audios/generated_H4_512C_pruned50_int8/61-70968-0043_generated.wav | RTF: 0.2631(1.772s / 6.735s) | Generator RTF: 0.2625(1.768s / 6.735s)
generated_audios/generated_H4_512C_pruned50_int8/61-70968-0044_generated.wav | RTF: 0.1527(0.423s / 2.770s) | Generator RTF: 0.1516(0.420s / 2.770s)
generated_audios/generated_H4_512C_pruned50_int8/61-70968-0045_generated.wav | RTF: 0.1516(0.527s / 3.475s) | Generator RTF: 0.1506(0.523s / 3.475s)
generated_audios/generated_H4_512C_pruned50_int8/61-70968-0046_generated.wav | RTF: 0.1511(0.536s / 3.550s) | Generator RTF: 0.1502(0.533s / 3.550s)
generated_audios/generated_H4_512C_pruned50_int8/61-70968-0047_generated.wav | RTF: 0.2572(1.228s / 4.775s) | Generator RTF: 0.2565(1.225s / 4.775s)
generated_audios/generated_H4_512C_pruned50_int8/61-70968-0048_generated.wav | RTF: 0.2629(0.794s / 3.020s) | Generator RTF: 0.2618(0.791s / 3.020s)
generated_audios/generated_H4_512C_pruned50_int8/61-70968-0049_generated.wav | RTF: 0.2844(2.347s / 8.250s) | Generator RTF: 0.2839(2.343s / 8.250s)
generated_audios/generated_H4_512C_pruned50_int8/61-70968-0050_generated.wav | RTF: 0.2864(1.598s / 5.580s) | Generator RTF: 0.2858(1.595s / 5.580s)
generated_audios/generated_H4_512C_pruned50_int8/61-70968-0051_generated.wav | RTF: 0.2482(0.778s / 3.135s) | Generator RTF: 0.2472(0.775s / 3.135s)
generated_audios/generated_H4_512C_pruned50_int8/61-70968-0052_generated.wav | RTF: 0.2431(0.644s / 2.650s) | Generator RTF: 0.2418(0.641s / 2.650s)
generated_audios/generated_H4_512C_pruned50_int8/61-70968-0053_generated.wav | RTF: 0.1611(0.680s / 4.220s) | Generator RTF: 0.1603(0.677s / 4.220s)
generated_audios/generated_H4_512C_pruned50_int8/61-70968-0054_generated.wav | RTF: 0.2715(2.134s / 7.860s) | Generator RTF: 0.2710(2.130s / 7.860s)
generated_audios/generated_H4_512C_pruned50_int8/61-70968-0055_generated.wav | RTF: 0.1617(0.641s / 3.965s) | Generator RTF: 0.1608(0.638s / 3.965s)
generated_audios/generated_H4_512C_pruned50_int8/61-70968-0056_generated.wav | RTF: 0.2595(0.925s / 3.565s) | Generator RTF: 0.2586(0.922s / 3.565s)
generated_audios/generated_H4_512C_pruned50_int8/61-70968-0057_generated.wav | RTF: 0.1637(0.829s / 5.065s) | Generator RTF: 0.1630(0.826s / 5.065s)
generated_audios/generated_H4_512C_pruned50_int8/61-70968-0058_generated.wav | RTF: 0.2412(0.439s / 1.820s) | Generator RTF: 0.2394(0.436s / 1.820s)
generated_audios/generated_H4_512C_pruned50_int8/61-70968-0059_generated.wav | RTF: 0.1546(0.336s / 2.170s) | Generator RTF: 0.1532(0.332s / 2.170s)
generated_audios/generated_H4_512C_pruned50_int8/61-70968-0060_generated.wav | RTF: 0.1574(0.588s / 3.735s) | Generator RTF: 0.1566(0.585s / 3.735s)
generated_audios/generated_H4_512C_pruned50_int8/61-70968-0061_generated.wav | RTF: 0.2669(1.476s / 5.530s) | Generator RTF: 0.2662(1.472s / 5.530s)
generated_audios/generated_H4_512C_pruned50_int8/61-70968-0062_generated.wav | RTF: 0.1523(0.389s / 2.555s) | Generator RTF: 0.1509(0.386s / 2.555s)
generated_audios/generated_H4_512C_pruned50_int8/61-70970-0000_generated.wav | RTF: 0.2605(1.582s / 6.075s) | Generator RTF: 0.2599(1.579s / 6.075s)
generated_audios/generated_H4_512C_pruned50_int8/61-70970-0001_generated.wav | RTF: 0.2581(1.589s / 6.155s) | Generator RTF: 0.2576(1.585s / 6.155s)
generated_audios/generated_H4_512C_pruned50_int8/61-70970-0002_generated.wav | RTF: 0.2511(1.046s / 4.165s) | Generator RTF: 0.2502(1.042s / 4.165s)
generated_audios/generated_H4_512C_pruned50_int8/61-70970-0003_generated.wav | RTF: 0.2473(0.948s / 3.835s) | Generator RTF: 0.2464(0.945s / 3.835s)
generated_audios/generated_H4_512C_pruned50_int8/61-70970-0004_generated.wav | RTF: 0.2638(2.774s / 10.515s) | Generator RTF: 0.2634(2.770s / 10.515s)
generated_audios/generated_H4_512C_pruned50_int8/61-70970-0005_generated.wav | RTF: 0.3135(0.633s / 2.020s) | Generator RTF: 0.3119(0.630s / 2.020s)
generated_audios/generated_H4_512C_pruned50_int8/61-70970-0006_generated.wav | RTF: 0.2464(0.575s / 2.335s) | Generator RTF: 0.2451(0.572s / 2.335s)
generated_audios/generated_H4_512C_pruned50_int8/61-70970-0007_generated.wav | RTF: 0.2581(1.157s / 4.485s) | Generator RTF: 0.2573(1.154s / 4.485s)
generated_audios/generated_H4_512C_pruned50_int8/61-70970-0008_generated.wav | RTF: 0.2607(0.560s / 2.150s) | Generator RTF: 0.2592(0.557s / 2.150s)
generated_audios/generated_H4_512C_pruned50_int8/61-70970-0009_generated.wav | RTF: 0.2542(0.866s / 3.405s) | Generator RTF: 0.2534(0.863s / 3.405s)
generated_audios/generated_H4_512C_pruned50_int8/61-70970-0010_generated.wav | RTF: 0.1517(0.462s / 3.045s) | Generator RTF: 0.1506(0.458s / 3.045s)
generated_audios/generated_H4_512C_pruned50_int8/61-70970-0011_generated.wav | RTF: 0.1460(0.887s / 6.075s) | Generator RTF: 0.1454(0.883s / 6.075s)
generated_audios/generated_H4_512C_pruned50_int8/61-70970-0012_generated.wav | RTF: 0.1462(0.458s / 3.135s) | Generator RTF: 0.1451(0.455s / 3.135s)
generated_audios/generated_H4_512C_pruned50_int8/61-70970-0013_generated.wav | RTF: 0.2594(1.128s / 4.350s) | Generator RTF: 0.2586(1.125s / 4.350s)
generated_audios/generated_H4_512C_pruned50_int8/61-70970-0014_generated.wav | RTF: 0.1406(0.479s / 3.405s) | Generator RTF: 0.1396(0.475s / 3.405s)
generated_audios/generated_H4_512C_pruned50_int8/61-70970-0015_generated.wav | RTF: 0.2829(2.380s / 8.415s) | Generator RTF: 0.2824(2.377s / 8.415s)
generated_audios/generated_H4_512C_pruned50_int8/61-70970-0016_generated.wav | RTF: 0.2587(1.130s / 4.370s) | Generator RTF: 0.2579(1.127s / 4.370s)
generated_audios/generated_H4_512C_pruned50_int8/61-70970-0017_generated.wav | RTF: 0.1485(0.379s / 2.550s) | Generator RTF: 0.1472(0.375s / 2.550s)
generated_audios/generated_H4_512C_pruned50_int8/61-70970-0018_generated.wav | RTF: 0.2512(1.156s / 4.600s) | Generator RTF: 0.2504(1.152s / 4.600s)
generated_audios/generated_H4_512C_pruned50_int8/61-70970-0019_generated.wav | RTF: 0.2555(0.966s / 3.780s) | Generator RTF: 0.2547(0.963s / 3.780s)
generated_audios/generated_H4_512C_pruned50_int8/61-70970-0020_generated.wav | RTF: 0.1488(0.748s / 5.025s) | Generator RTF: 0.1480(0.744s / 5.025s)
generated_audios/generated_H4_512C_pruned50_int8/61-70970-0021_generated.wav | RTF: 0.2507(1.355s / 5.405s) | Generator RTF: 0.2501(1.352s / 5.405s)
generated_audios/generated_H4_512C_pruned50_int8/61-70970-0022_generated.wav | RTF: 0.1461(0.580s / 3.970s) | Generator RTF: 0.1453(0.577s / 3.970s)
generated_audios/generated_H4_512C_pruned50_int8/61-70970-0023_generated.wav | RTF: 0.1464(0.542s / 3.705s) | Generator RTF: 0.1455(0.539s / 3.705s)
generated_audios/generated_H4_512C_pruned50_int8/61-70970-0024_generated.wav | RTF: 0.2593(1.876s / 7.235s) | Generator RTF: 0.2588(1.873s / 7.235s)
generated_audios/generated_H4_512C_pruned50_int8/61-70970-0025_generated.wav | RTF: 0.2741(2.038s / 7.435s) | Generator RTF: 0.2736(2.034s / 7.435s)
generated_audios/generated_H4_512C_pruned50_int8/61-70970-0026_generated.wav | RTF: 0.1477(0.809s / 5.475s) | Generator RTF: 0.1471(0.805s / 5.475s)
generated_audios/generated_H4_512C_pruned50_int8/61-70970-0027_generated.wav | RTF: 0.1462(0.743s / 5.080s) | Generator RTF: 0.1455(0.739s / 5.080s)
generated_audios/generated_H4_512C_pruned50_int8/61-70970-0028_generated.wav | RTF: 0.1490(0.976s / 6.550s) | Generator RTF: 0.1485(0.972s / 6.550s)
generated_audios/generated_H4_512C_pruned50_int8/61-70970-0029_generated.wav | RTF: 0.1463(0.590s / 4.030s) | Generator RTF: 0.1455(0.586s / 4.030s)
generated_audios/generated_H4_512C_pruned50_int8/61-70970-0030_generated.wav | RTF: 0.1478(0.479s / 3.240s) | Generator RTF: 0.1469(0.476s / 3.240s)
generated_audios/generated_H4_512C_pruned50_int8/61-70970-0031_generated.wav | RTF: 0.2538(1.303s / 5.135s) | Generator RTF: 0.2531(1.300s / 5.135s)
generated_audios/generated_H4_512C_pruned50_int8/61-70970-0032_generated.wav | RTF: 0.1418(0.444s / 3.135s) | Generator RTF: 0.1406(0.441s / 3.135s)
generated_audios/generated_H4_512C_pruned50_int8/61-70970-0033_generated.wav | RTF: 0.2461(0.842s / 3.420s) | Generator RTF: 0.2451(0.838s / 3.420s)
generated_audios/generated_H4_512C_pruned50_int8/61-70970-0034_generated.wav | RTF: 0.1453(0.652s / 4.485s) | Generator RTF: 0.1445(0.648s / 4.485s)
generated_audios/generated_H4_512C_pruned50_int8/61-70970-0035_generated.wav | RTF: 0.1480(1.096s / 7.405s) | Generator RTF: 0.1475(1.092s / 7.405s)
generated_audios/generated_H4_512C_pruned50_int8/61-70970-0036_generated.wav | RTF: 0.1488(1.010s / 6.785s) | Generator RTF: 0.1483(1.006s / 6.785s)
generated_audios/generated_H4_512C_pruned50_int8/61-70970-0037_generated.wav | RTF: 0.2560(1.531s / 5.980s) | Generator RTF: 0.2555(1.528s / 5.980s)
generated_audios/generated_H4_512C_pruned50_int8/61-70970-0038_generated.wav | RTF: 0.2789(2.901s / 10.400s) | Generator RTF: 0.2785(2.897s / 10.400s)
generated_audios/generated_H4_512C_pruned50_int8/61-70970-0039_generated.wav | RTF: 0.1484(0.989s / 6.665s) | Generator RTF: 0.1479(0.986s / 6.665s)
generated_audios/generated_H4_512C_pruned50_int8/61-70970-0040_generated.wav | RTF: 0.1450(0.604s / 4.165s) | Generator RTF: 0.1442(0.601s / 4.165s)
generated_audios/generated_H4_512C_pruned50_int8/672-122797-0000_generated.wav | RTF: 0.2561(1.042s / 4.070s) | Generator RTF: 0.2553(1.039s / 4.070s)
generated_audios/generated_H4_512C_pruned50_int8/672-122797-0001_generated.wav | RTF: 0.3346(5.063s / 15.130s) | Generator RTF: 0.3343(5.059s / 15.130s)
generated_audios/generated_H4_512C_pruned50_int8/672-122797-0002_generated.wav | RTF: 0.3142(4.280s / 13.620s) | Generator RTF: 0.3139(4.276s / 13.620s)
generated_audios/generated_H4_512C_pruned50_int8/672-122797-0003_generated.wav | RTF: 0.2556(1.217s / 4.760s) | Generator RTF: 0.2548(1.213s / 4.760s)
generated_audios/generated_H4_512C_pruned50_int8/672-122797-0004_generated.wav | RTF: 0.2777(2.846s / 10.250s) | Generator RTF: 0.2773(2.842s / 10.250s)
generated_audios/generated_H4_512C_pruned50_int8/672-122797-0005_generated.wav | RTF: 0.2613(0.852s / 3.260s) | Generator RTF: 0.2603(0.849s / 3.260s)
generated_audios/generated_H4_512C_pruned50_int8/672-122797-0006_generated.wav | RTF: 0.3135(4.374s / 13.950s) | Generator RTF: 0.3132(4.370s / 13.950s)
generated_audios/generated_H4_512C_pruned50_int8/672-122797-0007_generated.wav | RTF: 0.2471(1.586s / 6.420s) | Generator RTF: 0.2466(1.583s / 6.420s)
generated_audios/generated_H4_512C_pruned50_int8/672-122797-0008_generated.wav | RTF: 0.3477(10.711s / 30.810s) | Generator RTF: 0.3475(10.705s / 30.810s)
generated_audios/generated_H4_512C_pruned50_int8/672-122797-0009_generated.wav | RTF: 0.1472(0.407s / 2.765s) | Generator RTF: 0.1460(0.404s / 2.765s)
generated_audios/generated_H4_512C_pruned50_int8/672-122797-0010_generated.wav | RTF: 0.1468(0.560s / 3.815s) | Generator RTF: 0.1459(0.557s / 3.815s)
generated_audios/generated_H4_512C_pruned50_int8/672-122797-0011_generated.wav | RTF: 0.2565(0.652s / 2.540s) | Generator RTF: 0.2553(0.649s / 2.540s)
generated_audios/generated_H4_512C_pruned50_int8/672-122797-0012_generated.wav | RTF: 0.2605(2.023s / 7.765s) | Generator RTF: 0.2600(2.019s / 7.765s)
generated_audios/generated_H4_512C_pruned50_int8/672-122797-0013_generated.wav | RTF: 0.2564(2.232s / 8.705s) | Generator RTF: 0.2559(2.228s / 8.705s)
generated_audios/generated_H4_512C_pruned50_int8/672-122797-0014_generated.wav | RTF: 0.1484(0.379s / 2.555s) | Generator RTF: 0.1471(0.376s / 2.555s)
generated_audios/generated_H4_512C_pruned50_int8/672-122797-0015_generated.wav | RTF: 0.1449(0.646s / 4.455s) | Generator RTF: 0.1441(0.642s / 4.455s)
generated_audios/generated_H4_512C_pruned50_int8/672-122797-0016_generated.wav | RTF: 0.2559(2.359s / 9.215s) | Generator RTF: 0.2556(2.355s / 9.215s)
generated_audios/generated_H4_512C_pruned50_int8/672-122797-0017_generated.wav | RTF: 0.2495(1.203s / 4.820s) | Generator RTF: 0.2488(1.199s / 4.820s)
generated_audios/generated_H4_512C_pruned50_int8/672-122797-0018_generated.wav | RTF: 0.2537(1.251s / 4.930s) | Generator RTF: 0.2531(1.248s / 4.930s)
generated_audios/generated_H4_512C_pruned50_int8/672-122797-0019_generated.wav | RTF: 0.2498(1.027s / 4.110s) | Generator RTF: 0.2490(1.023s / 4.110s)
generated_audios/generated_H4_512C_pruned50_int8/672-122797-0020_generated.wav | RTF: 0.2607(2.301s / 8.825s) | Generator RTF: 0.2603(2.297s / 8.825s)
generated_audios/generated_H4_512C_pruned50_int8/672-122797-0021_generated.wav | RTF: 0.1472(0.611s / 4.150s) | Generator RTF: 0.1465(0.608s / 4.150s)
generated_audios/generated_H4_512C_pruned50_int8/672-122797-0022_generated.wav | RTF: 0.3104(5.899s / 19.005s) | Generator RTF: 0.3102(5.895s / 19.005s)
generated_audios/generated_H4_512C_pruned50_int8/672-122797-0023_generated.wav | RTF: 0.2576(2.497s / 9.695s) | Generator RTF: 0.2572(2.493s / 9.695s)
generated_audios/generated_H4_512C_pruned50_int8/672-122797-0024_generated.wav | RTF: 0.2552(1.054s / 4.130s) | Generator RTF: 0.2544(1.051s / 4.130s)
generated_audios/generated_H4_512C_pruned50_int8/672-122797-0025_generated.wav | RTF: 0.2598(2.777s / 10.690s) | Generator RTF: 0.2594(2.773s / 10.690s)
generated_audios/generated_H4_512C_pruned50_int8/672-122797-0026_generated.wav | RTF: 0.2744(3.831s / 13.960s) | Generator RTF: 0.2741(3.827s / 13.960s)
generated_audios/generated_H4_512C_pruned50_int8/672-122797-0027_generated.wav | RTF: 0.1459(0.699s / 4.790s) | Generator RTF: 0.1452(0.695s / 4.790s)
generated_audios/generated_H4_512C_pruned50_int8/672-122797-0028_generated.wav | RTF: 0.1576(0.411s / 2.610s) | Generator RTF: 0.1565(0.408s / 2.610s)
generated_audios/generated_H4_512C_pruned50_int8/672-122797-0029_generated.wav | RTF: 0.1478(0.451s / 3.050s) | Generator RTF: 0.1467(0.447s / 3.050s)
generated_audios/generated_H4_512C_pruned50_int8/672-122797-0030_generated.wav | RTF: 0.2543(1.163s / 4.575s) | Generator RTF: 0.2535(1.160s / 4.575s)
generated_audios/generated_H4_512C_pruned50_int8/672-122797-0031_generated.wav | RTF: 0.1473(0.586s / 3.980s) | Generator RTF: 0.1465(0.583s / 3.980s)
generated_audios/generated_H4_512C_pruned50_int8/672-122797-0032_generated.wav | RTF: 0.1478(0.591s / 4.000s) | Generator RTF: 0.1470(0.588s / 4.000s)
generated_audios/generated_H4_512C_pruned50_int8/672-122797-0033_generated.wav | RTF: 0.2789(0.358s / 1.285s) | Generator RTF: 0.2767(0.356s / 1.285s)
generated_audios/generated_H4_512C_pruned50_int8/672-122797-0034_generated.wav | RTF: 0.1476(0.754s / 5.110s) | Generator RTF: 0.1469(0.751s / 5.110s)
generated_audios/generated_H4_512C_pruned50_int8/672-122797-0035_generated.wav | RTF: 0.1505(0.436s / 2.900s) | Generator RTF: 0.1494(0.433s / 2.900s)
generated_audios/generated_H4_512C_pruned50_int8/672-122797-0036_generated.wav | RTF: 0.1481(0.794s / 5.365s) | Generator RTF: 0.1474(0.791s / 5.365s)
generated_audios/generated_H4_512C_pruned50_int8/672-122797-0037_generated.wav | RTF: 0.2476(0.485s / 1.960s) | Generator RTF: 0.2461(0.482s / 1.960s)
generated_audios/generated_H4_512C_pruned50_int8/672-122797-0038_generated.wav | RTF: 0.2552(2.246s / 8.800s) | Generator RTF: 0.2547(2.242s / 8.800s)
generated_audios/generated_H4_512C_pruned50_int8/672-122797-0039_generated.wav | RTF: 0.2584(1.040s / 4.025s) | Generator RTF: 0.2576(1.037s / 4.025s)
generated_audios/generated_H4_512C_pruned50_int8/672-122797-0040_generated.wav | RTF: 0.1467(0.752s / 5.125s) | Generator RTF: 0.1460(0.748s / 5.125s)
generated_audios/generated_H4_512C_pruned50_int8/672-122797-0041_generated.wav | RTF: 0.1479(0.574s / 3.880s) | Generator RTF: 0.1470(0.570s / 3.880s)
generated_audios/generated_H4_512C_pruned50_int8/672-122797-0042_generated.wav | RTF: 0.2930(4.486s / 15.310s) | Generator RTF: 0.2927(4.482s / 15.310s)
generated_audios/generated_H4_512C_pruned50_int8/672-122797-0043_generated.wav | RTF: 0.1460(0.552s / 3.780s) | Generator RTF: 0.1451(0.549s / 3.780s)
generated_audios/generated_H4_512C_pruned50_int8/672-122797-0044_generated.wav | RTF: 0.1708(0.639s / 3.740s) | Generator RTF: 0.1699(0.636s / 3.740s)
generated_audios/generated_H4_512C_pruned50_int8/672-122797-0045_generated.wav | RTF: 0.1657(2.314s / 13.960s) | Generator RTF: 0.1654(2.309s / 13.960s)
generated_audios/generated_H4_512C_pruned50_int8/672-122797-0046_generated.wav | RTF: 0.2558(1.206s / 4.715s) | Generator RTF: 0.2551(1.203s / 4.715s)
generated_audios/generated_H4_512C_pruned50_int8/672-122797-0047_generated.wav | RTF: 0.2610(0.868s / 3.325s) | Generator RTF: 0.2600(0.865s / 3.325s)
generated_audios/generated_H4_512C_pruned50_int8/672-122797-0048_generated.wav | RTF: 0.1499(0.983s / 6.555s) | Generator RTF: 0.1494(0.979s / 6.555s)
generated_audios/generated_H4_512C_pruned50_int8/672-122797-0049_generated.wav | RTF: 0.1521(0.307s / 2.020s) | Generator RTF: 0.1506(0.304s / 2.020s)
generated_audios/generated_H4_512C_pruned50_int8/672-122797-0050_generated.wav | RTF: 0.2563(1.244s / 4.855s) | Generator RTF: 0.2556(1.241s / 4.855s)
generated_audios/generated_H4_512C_pruned50_int8/672-122797-0051_generated.wav | RTF: 0.2566(1.197s / 4.665s) | Generator RTF: 0.2559(1.194s / 4.665s)
generated_audios/generated_H4_512C_pruned50_int8/672-122797-0052_generated.wav | RTF: 0.2447(1.048s / 4.285s) | Generator RTF: 0.2439(1.045s / 4.285s)
generated_audios/generated_H4_512C_pruned50_int8/672-122797-0053_generated.wav | RTF: 0.1491(0.441s / 2.955s) | Generator RTF: 0.1480(0.437s / 2.955s)
generated_audios/generated_H4_512C_pruned50_int8/672-122797-0054_generated.wav | RTF: 0.1464(0.622s / 4.250s) | Generator RTF: 0.1456(0.619s / 4.250s)
generated_audios/generated_H4_512C_pruned50_int8/672-122797-0055_generated.wav | RTF: 0.2551(2.100s / 8.230s) | Generator RTF: 0.2547(2.096s / 8.230s)
generated_audios/generated_H4_512C_pruned50_int8/672-122797-0056_generated.wav | RTF: 0.1466(0.766s / 5.225s) | Generator RTF: 0.1460(0.763s / 5.225s)
generated_audios/generated_H4_512C_pruned50_int8/672-122797-0057_generated.wav | RTF: 0.1480(0.971s / 6.560s) | Generator RTF: 0.1475(0.967s / 6.560s)
generated_audios/generated_H4_512C_pruned50_int8/672-122797-0058_generated.wav | RTF: 0.2565(1.146s / 4.470s) | Generator RTF: 0.2557(1.143s / 4.470s)
generated_audios/generated_H4_512C_pruned50_int8/672-122797-0059_generated.wav | RTF: 0.2484(0.874s / 3.520s) | Generator RTF: 0.2475(0.871s / 3.520s)
generated_audios/generated_H4_512C_pruned50_int8/672-122797-0060_generated.wav | RTF: 0.1539(0.515s / 3.350s) | Generator RTF: 0.1529(0.512s / 3.350s)
generated_audios/generated_H4_512C_pruned50_int8/672-122797-0061_generated.wav | RTF: 0.2546(1.932s / 7.590s) | Generator RTF: 0.2540(1.928s / 7.590s)
generated_audios/generated_H4_512C_pruned50_int8/672-122797-0062_generated.wav | RTF: 0.2633(0.704s / 2.675s) | Generator RTF: 0.2621(0.701s / 2.675s)
generated_audios/generated_H4_512C_pruned50_int8/672-122797-0063_generated.wav | RTF: 0.1457(0.740s / 5.075s) | Generator RTF: 0.1450(0.736s / 5.075s)
generated_audios/generated_H4_512C_pruned50_int8/672-122797-0064_generated.wav | RTF: 0.2959(4.518s / 15.270s) | Generator RTF: 0.2956(4.513s / 15.270s)
generated_audios/generated_H4_512C_pruned50_int8/672-122797-0065_generated.wav | RTF: 0.1489(0.451s / 3.030s) | Generator RTF: 0.1477(0.448s / 3.030s)
generated_audios/generated_H4_512C_pruned50_int8/672-122797-0066_generated.wav | RTF: 0.1463(0.704s / 4.815s) | Generator RTF: 0.1456(0.701s / 4.815s)
generated_audios/generated_H4_512C_pruned50_int8/672-122797-0067_generated.wav | RTF: 0.2758(3.595s / 13.035s) | Generator RTF: 0.2754(3.590s / 13.035s)
generated_audios/generated_H4_512C_pruned50_int8/672-122797-0068_generated.wav | RTF: 0.1462(0.588s / 4.020s) | Generator RTF: 0.1453(0.584s / 4.020s)
generated_audios/generated_H4_512C_pruned50_int8/672-122797-0069_generated.wav | RTF: 0.2586(1.295s / 5.010s) | Generator RTF: 0.2579(1.292s / 5.010s)
generated_audios/generated_H4_512C_pruned50_int8/672-122797-0070_generated.wav | RTF: 0.2526(1.584s / 6.270s) | Generator RTF: 0.2521(1.581s / 6.270s)
generated_audios/generated_H4_512C_pruned50_int8/672-122797-0071_generated.wav | RTF: 0.2600(2.308s / 8.875s) | Generator RTF: 0.2596(2.304s / 8.875s)
generated_audios/generated_H4_512C_pruned50_int8/672-122797-0072_generated.wav | RTF: 0.2572(2.042s / 7.940s) | Generator RTF: 0.2567(2.038s / 7.940s)
generated_audios/generated_H4_512C_pruned50_int8/672-122797-0073_generated.wav | RTF: 0.2593(2.127s / 8.205s) | Generator RTF: 0.2588(2.124s / 8.205s)
generated_audios/generated_H4_512C_pruned50_int8/672-122797-0074_generated.wav | RTF: 0.2568(2.242s / 8.730s) | Generator RTF: 0.2563(2.237s / 8.730s)
generated_audios/generated_H4_512C_pruned50_int8/908-157963-0000_generated.wav | RTF: 0.2591(3.270s / 12.620s) | Generator RTF: 0.2588(3.265s / 12.620s)
generated_audios/generated_H4_512C_pruned50_int8/908-157963-0001_generated.wav | RTF: 0.2671(0.771s / 2.885s) | Generator RTF: 0.2663(0.768s / 2.885s)
generated_audios/generated_H4_512C_pruned50_int8/908-157963-0002_generated.wav | RTF: 0.2519(0.694s / 2.755s) | Generator RTF: 0.2507(0.691s / 2.755s)
generated_audios/generated_H4_512C_pruned50_int8/908-157963-0003_generated.wav | RTF: 0.2596(0.800s / 3.080s) | Generator RTF: 0.2585(0.796s / 3.080s)
generated_audios/generated_H4_512C_pruned50_int8/908-157963-0004_generated.wav | RTF: 0.2775(3.883s / 13.990s) | Generator RTF: 0.2772(3.878s / 13.990s)
generated_audios/generated_H4_512C_pruned50_int8/908-157963-0005_generated.wav | RTF: 0.2573(1.810s / 7.035s) | Generator RTF: 0.2567(1.806s / 7.035s)
generated_audios/generated_H4_512C_pruned50_int8/908-157963-0006_generated.wav | RTF: 0.2594(2.104s / 8.110s) | Generator RTF: 0.2590(2.100s / 8.110s)
generated_audios/generated_H4_512C_pruned50_int8/908-157963-0007_generated.wav | RTF: 0.3499(11.466s / 32.770s) | Generator RTF: 0.3497(11.459s / 32.770s)
generated_audios/generated_H4_512C_pruned50_int8/908-157963-0008_generated.wav | RTF: 0.3414(6.810s / 19.950s) | Generator RTF: 0.3411(6.805s / 19.950s)
generated_audios/generated_H4_512C_pruned50_int8/908-157963-0009_generated.wav | RTF: 0.2583(1.049s / 4.060s) | Generator RTF: 0.2574(1.045s / 4.060s)
generated_audios/generated_H4_512C_pruned50_int8/908-157963-0010_generated.wav | RTF: 0.1443(0.906s / 6.280s) | Generator RTF: 0.1438(0.903s / 6.280s)
generated_audios/generated_H4_512C_pruned50_int8/908-157963-0011_generated.wav | RTF: 0.1493(1.552s / 10.395s) | Generator RTF: 0.1489(1.548s / 10.395s)
generated_audios/generated_H4_512C_pruned50_int8/908-157963-0012_generated.wav | RTF: 0.2569(2.592s / 10.090s) | Generator RTF: 0.2565(2.588s / 10.090s)
generated_audios/generated_H4_512C_pruned50_int8/908-157963-0013_generated.wav | RTF: 0.1464(0.632s / 4.315s) | Generator RTF: 0.1455(0.628s / 4.315s)
generated_audios/generated_H4_512C_pruned50_int8/908-157963-0014_generated.wav | RTF: 0.1465(0.662s / 4.520s) | Generator RTF: 0.1458(0.659s / 4.520s)
generated_audios/generated_H4_512C_pruned50_int8/908-157963-0015_generated.wav | RTF: 0.2946(4.262s / 14.465s) | Generator RTF: 0.2943(4.257s / 14.465s)
generated_audios/generated_H4_512C_pruned50_int8/908-157963-0016_generated.wav | RTF: 0.1463(0.747s / 5.105s) | Generator RTF: 0.1456(0.743s / 5.105s)
generated_audios/generated_H4_512C_pruned50_int8/908-157963-0017_generated.wav | RTF: 0.2499(1.237s / 4.950s) | Generator RTF: 0.2492(1.234s / 4.950s)
generated_audios/generated_H4_512C_pruned50_int8/908-157963-0018_generated.wav | RTF: 0.1470(0.626s / 4.255s) | Generator RTF: 0.1463(0.623s / 4.255s)
generated_audios/generated_H4_512C_pruned50_int8/908-157963-0019_generated.wav | RTF: 0.3405(7.300s / 21.440s) | Generator RTF: 0.3403(7.295s / 21.440s)
generated_audios/generated_H4_512C_pruned50_int8/908-157963-0020_generated.wav | RTF: 0.2616(2.564s / 9.800s) | Generator RTF: 0.2612(2.560s / 9.800s)
generated_audios/generated_H4_512C_pruned50_int8/908-157963-0021_generated.wav | RTF: 0.1548(1.585s / 10.240s) | Generator RTF: 0.1545(1.582s / 10.240s)
generated_audios/generated_H4_512C_pruned50_int8/908-157963-0022_generated.wav | RTF: 0.2595(1.196s / 4.610s) | Generator RTF: 0.2588(1.193s / 4.610s)
generated_audios/generated_H4_512C_pruned50_int8/908-157963-0023_generated.wav | RTF: 0.2596(2.499s / 9.625s) | Generator RTF: 0.2592(2.495s / 9.625s)
generated_audios/generated_H4_512C_pruned50_int8/908-157963-0024_generated.wav | RTF: 0.2550(0.877s / 3.440s) | Generator RTF: 0.2542(0.874s / 3.440s)
generated_audios/generated_H4_512C_pruned50_int8/908-157963-0025_generated.wav | RTF: 0.2568(2.380s / 9.265s) | Generator RTF: 0.2564(2.376s / 9.265s)
generated_audios/generated_H4_512C_pruned50_int8/908-157963-0026_generated.wav | RTF: 0.2586(2.095s / 8.100s) | Generator RTF: 0.2581(2.091s / 8.100s)
generated_audios/generated_H4_512C_pruned50_int8/908-157963-0027_generated.wav | RTF: 0.1476(0.771s / 5.225s) | Generator RTF: 0.1470(0.768s / 5.225s)
generated_audios/generated_H4_512C_pruned50_int8/908-157963-0028_generated.wav | RTF: 0.1440(0.714s / 4.955s) | Generator RTF: 0.1434(0.710s / 4.955s)
generated_audios/generated_H4_512C_pruned50_int8/908-157963-0029_generated.wav | RTF: 0.2512(0.912s / 3.630s) | Generator RTF: 0.2503(0.909s / 3.630s)
generated_audios/generated_H4_512C_pruned50_int8/908-157963-0030_generated.wav | RTF: 0.1423(0.643s / 4.520s) | Generator RTF: 0.1415(0.640s / 4.520s)
generated_audios/generated_H4_512C_pruned50_int8/908-31957-0000_generated.wav | RTF: 0.2503(0.532s / 2.125s) | Generator RTF: 0.2488(0.529s / 2.125s)
generated_audios/generated_H4_512C_pruned50_int8/908-31957-0001_generated.wav | RTF: 0.2614(2.958s / 11.315s) | Generator RTF: 0.2610(2.953s / 11.315s)
generated_audios/generated_H4_512C_pruned50_int8/908-31957-0002_generated.wav | RTF: 0.1474(0.706s / 4.790s) | Generator RTF: 0.1467(0.702s / 4.790s)
generated_audios/generated_H4_512C_pruned50_int8/908-31957-0003_generated.wav | RTF: 0.1474(0.967s / 6.565s) | Generator RTF: 0.1468(0.964s / 6.565s)
generated_audios/generated_H4_512C_pruned50_int8/908-31957-0004_generated.wav | RTF: 0.2815(4.153s / 14.755s) | Generator RTF: 0.2812(4.149s / 14.755s)
generated_audios/generated_H4_512C_pruned50_int8/908-31957-0005_generated.wav | RTF: 0.1476(0.663s / 4.490s) | Generator RTF: 0.1468(0.659s / 4.490s)
generated_audios/generated_H4_512C_pruned50_int8/908-31957-0006_generated.wav | RTF: 0.2555(1.505s / 5.890s) | Generator RTF: 0.2548(1.501s / 5.890s)
generated_audios/generated_H4_512C_pruned50_int8/908-31957-0007_generated.wav | RTF: 0.1477(0.856s / 5.800s) | Generator RTF: 0.1471(0.853s / 5.800s)
generated_audios/generated_H4_512C_pruned50_int8/908-31957-0008_generated.wav | RTF: 0.2779(2.781s / 10.005s) | Generator RTF: 0.2776(2.777s / 10.005s)
generated_audios/generated_H4_512C_pruned50_int8/908-31957-0009_generated.wav | RTF: 0.2545(1.961s / 7.705s) | Generator RTF: 0.2540(1.957s / 7.705s)
generated_audios/generated_H4_512C_pruned50_int8/908-31957-0010_generated.wav | RTF: 0.2429(0.610s / 2.510s) | Generator RTF: 0.2416(0.606s / 2.510s)
generated_audios/generated_H4_512C_pruned50_int8/908-31957-0011_generated.wav | RTF: 0.1505(0.351s / 2.335s) | Generator RTF: 0.1490(0.348s / 2.335s)
generated_audios/generated_H4_512C_pruned50_int8/908-31957-0012_generated.wav | RTF: 0.2552(1.944s / 7.615s) | Generator RTF: 0.2547(1.940s / 7.615s)
generated_audios/generated_H4_512C_pruned50_int8/908-31957-0013_generated.wav | RTF: 0.2586(1.598s / 6.180s) | Generator RTF: 0.2579(1.594s / 6.180s)
generated_audios/generated_H4_512C_pruned50_int8/908-31957-0014_generated.wav | RTF: 0.2555(1.931s / 7.560s) | Generator RTF: 0.2550(1.928s / 7.560s)
generated_audios/generated_H4_512C_pruned50_int8/908-31957-0015_generated.wav | RTF: 0.3429(7.361s / 21.465s) | Generator RTF: 0.3427(7.356s / 21.465s)
generated_audios/generated_H4_512C_pruned50_int8/908-31957-0016_generated.wav | RTF: 0.2649(1.717s / 6.480s) | Generator RTF: 0.2643(1.713s / 6.480s)
generated_audios/generated_H4_512C_pruned50_int8/908-31957-0017_generated.wav | RTF: 0.2904(2.264s / 7.795s) | Generator RTF: 0.2813(2.193s / 7.795s)
generated_audios/generated_H4_512C_pruned50_int8/908-31957-0018_generated.wav | RTF: 0.2514(0.984s / 3.915s) | Generator RTF: 0.2505(0.981s / 3.915s)
generated_audios/generated_H4_512C_pruned50_int8/908-31957-0019_generated.wav | RTF: 0.2795(2.666s / 9.540s) | Generator RTF: 0.2791(2.662s / 9.540s)
generated_audios/generated_H4_512C_pruned50_int8/908-31957-0020_generated.wav | RTF: 0.1446(0.853s / 5.895s) | Generator RTF: 0.1441(0.849s / 5.895s)
generated_audios/generated_H4_512C_pruned50_int8/908-31957-0021_generated.wav | RTF: 0.2776(3.027s / 10.905s) | Generator RTF: 0.2772(3.023s / 10.905s)
generated_audios/generated_H4_512C_pruned50_int8/908-31957-0022_generated.wav | RTF: 0.3428(4.833s / 14.100s) | Generator RTF: 0.3424(4.828s / 14.100s)
generated_audios/generated_H4_512C_pruned50_int8/908-31957-0023_generated.wav | RTF: 0.2821(2.402s / 8.515s) | Generator RTF: 0.2816(2.398s / 8.515s)
generated_audios/generated_H4_512C_pruned50_int8/908-31957-0024_generated.wav | RTF: 0.2717(2.048s / 7.540s) | Generator RTF: 0.2712(2.045s / 7.540s)
generated_audios/generated_H4_512C_pruned50_int8/908-31957-0025_generated.wav | RTF: 0.3451(7.095s / 20.560s) | Generator RTF: 0.3448(7.090s / 20.560s)
Average RTF: 0.2470(780.493s / 3159.849s)
Average Generator RTF: 0.2464(778.499s / 3159.849s)
Evaluation summary:
  Mel-spectrogram L1: 0.808040
  PESQ: 2.347214
  STOI: 0.925382
Appended per-audio metrics to CSV: per_audio_results/H4_512C_int8_Mask_pruning

Appended metrics to CSV: experiments_results.csv
========== H4: pruning 70% + quantize ==========
Initializing Inference Process..
Using device: cpu (baseline and quantized inference both run on CPU)
Quantization enabled: forcing CPU inference for INT8 model.
Loading '/home/hpc/vlbi/vlbi107v/hifi-gan/cp_hifigan/v1_c512_ft70/g_00265000'
Complete.
Checkpoint contains masked pruning parameters. Preparing masked model before loading...
Removing weight norm...
Skipping ConvTranspose1d pruning for ups.0
Skipping ConvTranspose1d pruning for ups.1
Skipping ConvTranspose1d pruning for ups.2
Skipping ConvTranspose1d pruning for ups.3
Pruning (with mask) resblocks.0.convs1.0 (Conv1d): out_channels=256, dim=0, amount=0.0
Done pruning (with mask) resblocks.0.convs1.0 (Conv1d)
Pruning (with mask) resblocks.0.convs1.1 (Conv1d): out_channels=256, dim=0, amount=0.0
Done pruning (with mask) resblocks.0.convs1.1 (Conv1d)
Pruning (with mask) resblocks.0.convs1.2 (Conv1d): out_channels=256, dim=0, amount=0.0
Done pruning (with mask) resblocks.0.convs1.2 (Conv1d)
Pruning (with mask) resblocks.0.convs2.0 (Conv1d): out_channels=256, dim=0, amount=0.0
Done pruning (with mask) resblocks.0.convs2.0 (Conv1d)
Pruning (with mask) resblocks.0.convs2.1 (Conv1d): out_channels=256, dim=0, amount=0.0
Done pruning (with mask) resblocks.0.convs2.1 (Conv1d)
Pruning (with mask) resblocks.0.convs2.2 (Conv1d): out_channels=256, dim=0, amount=0.0
Done pruning (with mask) resblocks.0.convs2.2 (Conv1d)
Pruning (with mask) resblocks.1.convs1.0 (Conv1d): out_channels=256, dim=0, amount=0.0
Done pruning (with mask) resblocks.1.convs1.0 (Conv1d)
Pruning (with mask) resblocks.1.convs1.1 (Conv1d): out_channels=256, dim=0, amount=0.0
Done pruning (with mask) resblocks.1.convs1.1 (Conv1d)
Pruning (with mask) resblocks.1.convs1.2 (Conv1d): out_channels=256, dim=0, amount=0.0
Done pruning (with mask) resblocks.1.convs1.2 (Conv1d)
Pruning (with mask) resblocks.1.convs2.0 (Conv1d): out_channels=256, dim=0, amount=0.0
Done pruning (with mask) resblocks.1.convs2.0 (Conv1d)
Pruning (with mask) resblocks.1.convs2.1 (Conv1d): out_channels=256, dim=0, amount=0.0
Done pruning (with mask) resblocks.1.convs2.1 (Conv1d)
Pruning (with mask) resblocks.1.convs2.2 (Conv1d): out_channels=256, dim=0, amount=0.0
Done pruning (with mask) resblocks.1.convs2.2 (Conv1d)
Pruning (with mask) resblocks.2.convs1.0 (Conv1d): out_channels=256, dim=0, amount=0.0
Done pruning (with mask) resblocks.2.convs1.0 (Conv1d)
Pruning (with mask) resblocks.2.convs1.1 (Conv1d): out_channels=256, dim=0, amount=0.0
Done pruning (with mask) resblocks.2.convs1.1 (Conv1d)
Pruning (with mask) resblocks.2.convs1.2 (Conv1d): out_channels=256, dim=0, amount=0.0
Done pruning (with mask) resblocks.2.convs1.2 (Conv1d)
Pruning (with mask) resblocks.2.convs2.0 (Conv1d): out_channels=256, dim=0, amount=0.0
Done pruning (with mask) resblocks.2.convs2.0 (Conv1d)
Pruning (with mask) resblocks.2.convs2.1 (Conv1d): out_channels=256, dim=0, amount=0.0
Done pruning (with mask) resblocks.2.convs2.1 (Conv1d)
Pruning (with mask) resblocks.2.convs2.2 (Conv1d): out_channels=256, dim=0, amount=0.0
Done pruning (with mask) resblocks.2.convs2.2 (Conv1d)
Pruning (with mask) resblocks.3.convs1.0 (Conv1d): out_channels=128, dim=0, amount=0.0
Done pruning (with mask) resblocks.3.convs1.0 (Conv1d)
Pruning (with mask) resblocks.3.convs1.1 (Conv1d): out_channels=128, dim=0, amount=0.0
Done pruning (with mask) resblocks.3.convs1.1 (Conv1d)
Pruning (with mask) resblocks.3.convs1.2 (Conv1d): out_channels=128, dim=0, amount=0.0
Done pruning (with mask) resblocks.3.convs1.2 (Conv1d)
Pruning (with mask) resblocks.3.convs2.0 (Conv1d): out_channels=128, dim=0, amount=0.0
Done pruning (with mask) resblocks.3.convs2.0 (Conv1d)
Pruning (with mask) resblocks.3.convs2.1 (Conv1d): out_channels=128, dim=0, amount=0.0
Done pruning (with mask) resblocks.3.convs2.1 (Conv1d)
Pruning (with mask) resblocks.3.convs2.2 (Conv1d): out_channels=128, dim=0, amount=0.0
Done pruning (with mask) resblocks.3.convs2.2 (Conv1d)
Pruning (with mask) resblocks.4.convs1.0 (Conv1d): out_channels=128, dim=0, amount=0.0
Done pruning (with mask) resblocks.4.convs1.0 (Conv1d)
Pruning (with mask) resblocks.4.convs1.1 (Conv1d): out_channels=128, dim=0, amount=0.0
Done pruning (with mask) resblocks.4.convs1.1 (Conv1d)
Pruning (with mask) resblocks.4.convs1.2 (Conv1d): out_channels=128, dim=0, amount=0.0
Done pruning (with mask) resblocks.4.convs1.2 (Conv1d)
Pruning (with mask) resblocks.4.convs2.0 (Conv1d): out_channels=128, dim=0, amount=0.0
Done pruning (with mask) resblocks.4.convs2.0 (Conv1d)
Pruning (with mask) resblocks.4.convs2.1 (Conv1d): out_channels=128, dim=0, amount=0.0
Done pruning (with mask) resblocks.4.convs2.1 (Conv1d)
Pruning (with mask) resblocks.4.convs2.2 (Conv1d): out_channels=128, dim=0, amount=0.0
Done pruning (with mask) resblocks.4.convs2.2 (Conv1d)
Pruning (with mask) resblocks.5.convs1.0 (Conv1d): out_channels=128, dim=0, amount=0.0
Done pruning (with mask) resblocks.5.convs1.0 (Conv1d)
Pruning (with mask) resblocks.5.convs1.1 (Conv1d): out_channels=128, dim=0, amount=0.0
Done pruning (with mask) resblocks.5.convs1.1 (Conv1d)
Pruning (with mask) resblocks.5.convs1.2 (Conv1d): out_channels=128, dim=0, amount=0.0
Done pruning (with mask) resblocks.5.convs1.2 (Conv1d)
Pruning (with mask) resblocks.5.convs2.0 (Conv1d): out_channels=128, dim=0, amount=0.0
Done pruning (with mask) resblocks.5.convs2.0 (Conv1d)
Pruning (with mask) resblocks.5.convs2.1 (Conv1d): out_channels=128, dim=0, amount=0.0
Done pruning (with mask) resblocks.5.convs2.1 (Conv1d)
Pruning (with mask) resblocks.5.convs2.2 (Conv1d): out_channels=128, dim=0, amount=0.0
Done pruning (with mask) resblocks.5.convs2.2 (Conv1d)
Pruning (with mask) resblocks.6.convs1.0 (Conv1d): out_channels=64, dim=0, amount=0.0
Done pruning (with mask) resblocks.6.convs1.0 (Conv1d)
Pruning (with mask) resblocks.6.convs1.1 (Conv1d): out_channels=64, dim=0, amount=0.0
Done pruning (with mask) resblocks.6.convs1.1 (Conv1d)
Pruning (with mask) resblocks.6.convs1.2 (Conv1d): out_channels=64, dim=0, amount=0.0
Done pruning (with mask) resblocks.6.convs1.2 (Conv1d)
Pruning (with mask) resblocks.6.convs2.0 (Conv1d): out_channels=64, dim=0, amount=0.0
Done pruning (with mask) resblocks.6.convs2.0 (Conv1d)
Pruning (with mask) resblocks.6.convs2.1 (Conv1d): out_channels=64, dim=0, amount=0.0
Done pruning (with mask) resblocks.6.convs2.1 (Conv1d)
Pruning (with mask) resblocks.6.convs2.2 (Conv1d): out_channels=64, dim=0, amount=0.0
Done pruning (with mask) resblocks.6.convs2.2 (Conv1d)
Pruning (with mask) resblocks.7.convs1.0 (Conv1d): out_channels=64, dim=0, amount=0.0
Done pruning (with mask) resblocks.7.convs1.0 (Conv1d)
Pruning (with mask) resblocks.7.convs1.1 (Conv1d): out_channels=64, dim=0, amount=0.0
Done pruning (with mask) resblocks.7.convs1.1 (Conv1d)
Pruning (with mask) resblocks.7.convs1.2 (Conv1d): out_channels=64, dim=0, amount=0.0
Done pruning (with mask) resblocks.7.convs1.2 (Conv1d)
Pruning (with mask) resblocks.7.convs2.0 (Conv1d): out_channels=64, dim=0, amount=0.0
Done pruning (with mask) resblocks.7.convs2.0 (Conv1d)
Pruning (with mask) resblocks.7.convs2.1 (Conv1d): out_channels=64, dim=0, amount=0.0
Done pruning (with mask) resblocks.7.convs2.1 (Conv1d)
Pruning (with mask) resblocks.7.convs2.2 (Conv1d): out_channels=64, dim=0, amount=0.0
Done pruning (with mask) resblocks.7.convs2.2 (Conv1d)
Pruning (with mask) resblocks.8.convs1.0 (Conv1d): out_channels=64, dim=0, amount=0.0
Done pruning (with mask) resblocks.8.convs1.0 (Conv1d)
Pruning (with mask) resblocks.8.convs1.1 (Conv1d): out_channels=64, dim=0, amount=0.0
Done pruning (with mask) resblocks.8.convs1.1 (Conv1d)
Pruning (with mask) resblocks.8.convs1.2 (Conv1d): out_channels=64, dim=0, amount=0.0
Done pruning (with mask) resblocks.8.convs1.2 (Conv1d)
Pruning (with mask) resblocks.8.convs2.0 (Conv1d): out_channels=64, dim=0, amount=0.0
Done pruning (with mask) resblocks.8.convs2.0 (Conv1d)
Pruning (with mask) resblocks.8.convs2.1 (Conv1d): out_channels=64, dim=0, amount=0.0
Done pruning (with mask) resblocks.8.convs2.1 (Conv1d)
Pruning (with mask) resblocks.8.convs2.2 (Conv1d): out_channels=64, dim=0, amount=0.0
Done pruning (with mask) resblocks.8.convs2.2 (Conv1d)
Pruning (with mask) resblocks.9.convs1.0 (Conv1d): out_channels=32, dim=0, amount=0.0
Done pruning (with mask) resblocks.9.convs1.0 (Conv1d)
Pruning (with mask) resblocks.9.convs1.1 (Conv1d): out_channels=32, dim=0, amount=0.0
Done pruning (with mask) resblocks.9.convs1.1 (Conv1d)
Pruning (with mask) resblocks.9.convs1.2 (Conv1d): out_channels=32, dim=0, amount=0.0
Done pruning (with mask) resblocks.9.convs1.2 (Conv1d)
Pruning (with mask) resblocks.9.convs2.0 (Conv1d): out_channels=32, dim=0, amount=0.0
Done pruning (with mask) resblocks.9.convs2.0 (Conv1d)
Pruning (with mask) resblocks.9.convs2.1 (Conv1d): out_channels=32, dim=0, amount=0.0
Done pruning (with mask) resblocks.9.convs2.1 (Conv1d)
Pruning (with mask) resblocks.9.convs2.2 (Conv1d): out_channels=32, dim=0, amount=0.0
Done pruning (with mask) resblocks.9.convs2.2 (Conv1d)
Pruning (with mask) resblocks.10.convs1.0 (Conv1d): out_channels=32, dim=0, amount=0.0
Done pruning (with mask) resblocks.10.convs1.0 (Conv1d)
Pruning (with mask) resblocks.10.convs1.1 (Conv1d): out_channels=32, dim=0, amount=0.0
Done pruning (with mask) resblocks.10.convs1.1 (Conv1d)
Pruning (with mask) resblocks.10.convs1.2 (Conv1d): out_channels=32, dim=0, amount=0.0
Done pruning (with mask) resblocks.10.convs1.2 (Conv1d)
Pruning (with mask) resblocks.10.convs2.0 (Conv1d): out_channels=32, dim=0, amount=0.0
Done pruning (with mask) resblocks.10.convs2.0 (Conv1d)
Pruning (with mask) resblocks.10.convs2.1 (Conv1d): out_channels=32, dim=0, amount=0.0
Done pruning (with mask) resblocks.10.convs2.1 (Conv1d)
Pruning (with mask) resblocks.10.convs2.2 (Conv1d): out_channels=32, dim=0, amount=0.0
Done pruning (with mask) resblocks.10.convs2.2 (Conv1d)
Pruning (with mask) resblocks.11.convs1.0 (Conv1d): out_channels=32, dim=0, amount=0.0
Done pruning (with mask) resblocks.11.convs1.0 (Conv1d)
Pruning (with mask) resblocks.11.convs1.1 (Conv1d): out_channels=32, dim=0, amount=0.0
Done pruning (with mask) resblocks.11.convs1.1 (Conv1d)
Pruning (with mask) resblocks.11.convs1.2 (Conv1d): out_channels=32, dim=0, amount=0.0
Done pruning (with mask) resblocks.11.convs1.2 (Conv1d)
Pruning (with mask) resblocks.11.convs2.0 (Conv1d): out_channels=32, dim=0, amount=0.0
Done pruning (with mask) resblocks.11.convs2.0 (Conv1d)
Pruning (with mask) resblocks.11.convs2.1 (Conv1d): out_channels=32, dim=0, amount=0.0
Done pruning (with mask) resblocks.11.convs2.1 (Conv1d)
Pruning (with mask) resblocks.11.convs2.2 (Conv1d): out_channels=32, dim=0, amount=0.0
Done pruning (with mask) resblocks.11.convs2.2 (Conv1d)
Removing pruning masks from masked checkpoint before inference...
Removed pruning masks from 72 modules
Removing weight norm...
Calibrating static quantization using 50 samples...
INT8 quantization scope: resblocks_range
Quantizing residual blocks 3..8; all other layers stay FP32.
Checking quantized modules after static quantization:
Quantized module: resblocks.3.convs1.0 (torch.ao.nn.quantized.modules.conv.Conv1d)
Quantized module: resblocks.3.convs1.1 (torch.ao.nn.quantized.modules.conv.Conv1d)
Quantized module: resblocks.3.convs1.2 (torch.ao.nn.quantized.modules.conv.Conv1d)
Quantized module: resblocks.3.convs2.0 (torch.ao.nn.quantized.modules.conv.Conv1d)
Quantized module: resblocks.3.convs2.1 (torch.ao.nn.quantized.modules.conv.Conv1d)
Quantized module: resblocks.3.convs2.2 (torch.ao.nn.quantized.modules.conv.Conv1d)
Quantized module: resblocks.4.convs1.0 (torch.ao.nn.quantized.modules.conv.Conv1d)
Quantized module: resblocks.4.convs1.1 (torch.ao.nn.quantized.modules.conv.Conv1d)
Quantized module: resblocks.4.convs1.2 (torch.ao.nn.quantized.modules.conv.Conv1d)
Quantized module: resblocks.4.convs2.0 (torch.ao.nn.quantized.modules.conv.Conv1d)
Quantized module: resblocks.4.convs2.1 (torch.ao.nn.quantized.modules.conv.Conv1d)
Quantized module: resblocks.4.convs2.2 (torch.ao.nn.quantized.modules.conv.Conv1d)
Quantized module: resblocks.5.convs1.0 (torch.ao.nn.quantized.modules.conv.Conv1d)
Quantized module: resblocks.5.convs1.1 (torch.ao.nn.quantized.modules.conv.Conv1d)
Quantized module: resblocks.5.convs1.2 (torch.ao.nn.quantized.modules.conv.Conv1d)
Quantized module: resblocks.5.convs2.0 (torch.ao.nn.quantized.modules.conv.Conv1d)
Quantized module: resblocks.5.convs2.1 (torch.ao.nn.quantized.modules.conv.Conv1d)
Quantized module: resblocks.5.convs2.2 (torch.ao.nn.quantized.modules.conv.Conv1d)
Quantized module: resblocks.6.convs1.0 (torch.ao.nn.quantized.modules.conv.Conv1d)
Quantized module: resblocks.6.convs1.1 (torch.ao.nn.quantized.modules.conv.Conv1d)
Quantized module: resblocks.6.convs1.2 (torch.ao.nn.quantized.modules.conv.Conv1d)
Quantized module: resblocks.6.convs2.0 (torch.ao.nn.quantized.modules.conv.Conv1d)
Quantized module: resblocks.6.convs2.1 (torch.ao.nn.quantized.modules.conv.Conv1d)
Quantized module: resblocks.6.convs2.2 (torch.ao.nn.quantized.modules.conv.Conv1d)
Quantized module: resblocks.7.convs1.0 (torch.ao.nn.quantized.modules.conv.Conv1d)
Quantized module: resblocks.7.convs1.1 (torch.ao.nn.quantized.modules.conv.Conv1d)
Quantized module: resblocks.7.convs1.2 (torch.ao.nn.quantized.modules.conv.Conv1d)
Quantized module: resblocks.7.convs2.0 (torch.ao.nn.quantized.modules.conv.Conv1d)
Quantized module: resblocks.7.convs2.1 (torch.ao.nn.quantized.modules.conv.Conv1d)
Quantized module: resblocks.7.convs2.2 (torch.ao.nn.quantized.modules.conv.Conv1d)
Quantized module: resblocks.8.convs1.0 (torch.ao.nn.quantized.modules.conv.Conv1d)
Quantized module: resblocks.8.convs1.1 (torch.ao.nn.quantized.modules.conv.Conv1d)
Quantized module: resblocks.8.convs1.2 (torch.ao.nn.quantized.modules.conv.Conv1d)
Quantized module: resblocks.8.convs2.0 (torch.ao.nn.quantized.modules.conv.Conv1d)
Quantized module: resblocks.8.convs2.1 (torch.ao.nn.quantized.modules.conv.Conv1d)
Quantized module: resblocks.8.convs2.2 (torch.ao.nn.quantized.modules.conv.Conv1d)
Saving checkpoint to /home/hpc/vlbi/vlbi107v/hifi-gan/cp_hifigan/v1_c512_ft70/compressed_checkpoint_int8
Complete.
Saved compressed checkpoint: /home/hpc/vlbi/vlbi107v/hifi-gan/cp_hifigan/v1_c512_ft70/compressed_checkpoint_int8 (45.910 MB)
Compressed checkpoint parameters: 13,926,161
Loaded checkpoint: /home/hpc/vlbi/vlbi107v/hifi-gan/cp_hifigan/v1_c512_ft70/g_00265000 (95.035 MB)
Generator parameters: 13,926,161
generated_audios/generated_H4_512C_pruned70_int8/1089-134686-0000_generated.wav | RTF: 0.1595(1.664s / 10.435s) | Generator RTF: 0.1591(1.660s / 10.435s)
generated_audios/generated_H4_512C_pruned70_int8/1089-134686-0001_generated.wav | RTF: 0.1534(0.502s / 3.275s) | Generator RTF: 0.1523(0.499s / 3.275s)
generated_audios/generated_H4_512C_pruned70_int8/1089-134686-0002_generated.wav | RTF: 0.1636(1.084s / 6.625s) | Generator RTF: 0.1631(1.081s / 6.625s)
generated_audios/generated_H4_512C_pruned70_int8/1089-134686-0003_generated.wav | RTF: 0.1569(0.420s / 2.680s) | Generator RTF: 0.1557(0.417s / 2.680s)
generated_audios/generated_H4_512C_pruned70_int8/1089-134686-0004_generated.wav | RTF: 0.1544(0.805s / 5.215s) | Generator RTF: 0.1537(0.802s / 5.215s)
generated_audios/generated_H4_512C_pruned70_int8/1089-134686-0005_generated.wav | RTF: 0.1646(1.586s / 9.635s) | Generator RTF: 0.1642(1.582s / 9.635s)
generated_audios/generated_H4_512C_pruned70_int8/1089-134686-0006_generated.wav | RTF: 0.1713(1.808s / 10.555s) | Generator RTF: 0.1708(1.803s / 10.555s)
generated_audios/generated_H4_512C_pruned70_int8/1089-134686-0007_generated.wav | RTF: 0.1492(0.638s / 4.275s) | Generator RTF: 0.1484(0.634s / 4.275s)
generated_audios/generated_H4_512C_pruned70_int8/1089-134686-0008_generated.wav | RTF: 0.1485(1.000s / 6.730s) | Generator RTF: 0.1481(0.997s / 6.730s)
generated_audios/generated_H4_512C_pruned70_int8/1089-134686-0009_generated.wav | RTF: 0.1722(1.821s / 10.575s) | Generator RTF: 0.1718(1.817s / 10.575s)
generated_audios/generated_H4_512C_pruned70_int8/1089-134686-0010_generated.wav | RTF: 0.1473(0.649s / 4.405s) | Generator RTF: 0.1465(0.645s / 4.405s)
generated_audios/generated_H4_512C_pruned70_int8/1089-134686-0011_generated.wav | RTF: 0.1891(2.353s / 12.445s) | Generator RTF: 0.1887(2.349s / 12.445s)
generated_audios/generated_H4_512C_pruned70_int8/1089-134686-0012_generated.wav | RTF: 0.1776(2.068s / 11.640s) | Generator RTF: 0.1772(2.062s / 11.640s)
generated_audios/generated_H4_512C_pruned70_int8/1089-134686-0013_generated.wav | RTF: 0.1499(1.186s / 7.915s) | Generator RTF: 0.1494(1.183s / 7.915s)
generated_audios/generated_H4_512C_pruned70_int8/1089-134686-0014_generated.wav | RTF: 0.1479(0.329s / 2.225s) | Generator RTF: 0.1466(0.326s / 2.225s)
generated_audios/generated_H4_512C_pruned70_int8/1089-134686-0015_generated.wav | RTF: 0.1466(0.853s / 5.815s) | Generator RTF: 0.1461(0.850s / 5.815s)
generated_audios/generated_H4_512C_pruned70_int8/1089-134686-0016_generated.wav | RTF: 0.1509(0.534s / 3.540s) | Generator RTF: 0.1500(0.531s / 3.540s)
generated_audios/generated_H4_512C_pruned70_int8/1089-134686-0017_generated.wav | RTF: 0.1677(1.488s / 8.870s) | Generator RTF: 0.1673(1.484s / 8.870s)
generated_audios/generated_H4_512C_pruned70_int8/1089-134686-0018_generated.wav | RTF: 0.1942(3.053s / 15.720s) | Generator RTF: 0.1939(3.048s / 15.720s)
generated_audios/generated_H4_512C_pruned70_int8/1089-134686-0019_generated.wav | RTF: 0.1929(2.680s / 13.895s) | Generator RTF: 0.1925(2.675s / 13.895s)
generated_audios/generated_H4_512C_pruned70_int8/1089-134686-0020_generated.wav | RTF: 0.1958(3.287s / 16.790s) | Generator RTF: 0.1955(3.282s / 16.790s)
generated_audios/generated_H4_512C_pruned70_int8/1089-134686-0021_generated.wav | RTF: 0.1493(0.978s / 6.550s) | Generator RTF: 0.1487(0.974s / 6.550s)
generated_audios/generated_H4_512C_pruned70_int8/1089-134686-0022_generated.wav | RTF: 0.1568(1.752s / 11.175s) | Generator RTF: 0.1564(1.748s / 11.175s)
generated_audios/generated_H4_512C_pruned70_int8/1089-134686-0023_generated.wav | RTF: 0.2153(2.858s / 13.275s) | Generator RTF: 0.2150(2.854s / 13.275s)
generated_audios/generated_H4_512C_pruned70_int8/1089-134686-0024_generated.wav | RTF: 0.1888(2.200s / 11.655s) | Generator RTF: 0.1884(2.196s / 11.655s)
generated_audios/generated_H4_512C_pruned70_int8/1089-134686-0025_generated.wav | RTF: 0.1483(0.980s / 6.610s) | Generator RTF: 0.1478(0.977s / 6.610s)
generated_audios/generated_H4_512C_pruned70_int8/1089-134686-0026_generated.wav | RTF: 0.1503(0.603s / 4.010s) | Generator RTF: 0.1495(0.600s / 4.010s)
generated_audios/generated_H4_512C_pruned70_int8/1089-134686-0027_generated.wav | RTF: 0.1547(0.419s / 2.710s) | Generator RTF: 0.1535(0.416s / 2.710s)
generated_audios/generated_H4_512C_pruned70_int8/1089-134686-0028_generated.wav | RTF: 0.1509(1.182s / 7.830s) | Generator RTF: 0.1504(1.178s / 7.830s)
generated_audios/generated_H4_512C_pruned70_int8/1089-134686-0029_generated.wav | RTF: 0.1506(0.703s / 4.670s) | Generator RTF: 0.1500(0.700s / 4.670s)
generated_audios/generated_H4_512C_pruned70_int8/1089-134686-0030_generated.wav | RTF: 0.1492(0.405s / 2.715s) | Generator RTF: 0.1480(0.402s / 2.715s)
generated_audios/generated_H4_512C_pruned70_int8/1089-134686-0031_generated.wav | RTF: 0.1452(0.960s / 6.615s) | Generator RTF: 0.1446(0.956s / 6.615s)
generated_audios/generated_H4_512C_pruned70_int8/121-121726-0000_generated.wav | RTF: 0.1544(1.306s / 8.460s) | Generator RTF: 0.1540(1.302s / 8.460s)
generated_audios/generated_H4_512C_pruned70_int8/121-121726-0001_generated.wav | RTF: 0.1484(0.879s / 5.925s) | Generator RTF: 0.1479(0.876s / 5.925s)
generated_audios/generated_H4_512C_pruned70_int8/121-121726-0002_generated.wav | RTF: 0.1437(0.634s / 4.410s) | Generator RTF: 0.1430(0.631s / 4.410s)
generated_audios/generated_H4_512C_pruned70_int8/121-121726-0003_generated.wav | RTF: 0.1479(0.999s / 6.755s) | Generator RTF: 0.1474(0.995s / 6.755s)
generated_audios/generated_H4_512C_pruned70_int8/121-121726-0004_generated.wav | RTF: 0.1497(0.602s / 4.020s) | Generator RTF: 0.1489(0.598s / 4.020s)
generated_audios/generated_H4_512C_pruned70_int8/121-121726-0005_generated.wav | RTF: 0.1513(0.469s / 3.100s) | Generator RTF: 0.1502(0.466s / 3.100s)
generated_audios/generated_H4_512C_pruned70_int8/121-121726-0006_generated.wav | RTF: 0.1492(0.581s / 3.895s) | Generator RTF: 0.1483(0.578s / 3.895s)
generated_audios/generated_H4_512C_pruned70_int8/121-121726-0007_generated.wav | RTF: 0.1508(1.015s / 6.730s) | Generator RTF: 0.1503(1.011s / 6.730s)
generated_audios/generated_H4_512C_pruned70_int8/121-121726-0008_generated.wav | RTF: 0.1492(0.745s / 4.990s) | Generator RTF: 0.1485(0.741s / 4.990s)
generated_audios/generated_H4_512C_pruned70_int8/121-121726-0009_generated.wav | RTF: 0.1486(1.078s / 7.260s) | Generator RTF: 0.1480(1.075s / 7.260s)
generated_audios/generated_H4_512C_pruned70_int8/121-121726-0010_generated.wav | RTF: 0.1533(1.504s / 9.810s) | Generator RTF: 0.1528(1.499s / 9.810s)
generated_audios/generated_H4_512C_pruned70_int8/121-121726-0011_generated.wav | RTF: 0.1496(0.603s / 4.035s) | Generator RTF: 0.1487(0.600s / 4.035s)
generated_audios/generated_H4_512C_pruned70_int8/121-121726-0012_generated.wav | RTF: 0.1501(0.607s / 4.045s) | Generator RTF: 0.1493(0.604s / 4.045s)
generated_audios/generated_H4_512C_pruned70_int8/121-121726-0013_generated.wav | RTF: 0.1505(0.375s / 2.490s) | Generator RTF: 0.1492(0.371s / 2.490s)
generated_audios/generated_H4_512C_pruned70_int8/121-121726-0014_generated.wav | RTF: 0.1496(0.474s / 3.165s) | Generator RTF: 0.1486(0.470s / 3.165s)
generated_audios/generated_H4_512C_pruned70_int8/121-123852-0000_generated.wav | RTF: 0.2150(3.805s / 17.695s) | Generator RTF: 0.2148(3.800s / 17.695s)
generated_audios/generated_H4_512C_pruned70_int8/121-123852-0001_generated.wav | RTF: 0.1519(0.284s / 1.870s) | Generator RTF: 0.1501(0.281s / 1.870s)
generated_audios/generated_H4_512C_pruned70_int8/121-123852-0002_generated.wav | RTF: 0.2188(3.783s / 17.285s) | Generator RTF: 0.2186(3.778s / 17.285s)
generated_audios/generated_H4_512C_pruned70_int8/121-123852-0003_generated.wav | RTF: 0.3483(8.186s / 23.505s) | Generator RTF: 0.3480(8.181s / 23.505s)
generated_audios/generated_H4_512C_pruned70_int8/121-123852-0004_generated.wav | RTF: 0.3429(5.586s / 16.290s) | Generator RTF: 0.3426(5.581s / 16.290s)
generated_audios/generated_H4_512C_pruned70_int8/121-123859-0000_generated.wav | RTF: 0.3410(5.930s / 17.390s) | Generator RTF: 0.3407(5.925s / 17.390s)
generated_audios/generated_H4_512C_pruned70_int8/121-123859-0001_generated.wav | RTF: 0.3628(9.213s / 25.395s) | Generator RTF: 0.3626(9.207s / 25.395s)
generated_audios/generated_H4_512C_pruned70_int8/121-123859-0002_generated.wav | RTF: 0.3642(10.941s / 30.040s) | Generator RTF: 0.3640(10.934s / 30.040s)
generated_audios/generated_H4_512C_pruned70_int8/121-123859-0003_generated.wav | RTF: 0.2738(2.964s / 10.825s) | Generator RTF: 0.2734(2.959s / 10.825s)
generated_audios/generated_H4_512C_pruned70_int8/121-123859-0004_generated.wav | RTF: 0.2615(2.485s / 9.505s) | Generator RTF: 0.2610(2.481s / 9.505s)
generated_audios/generated_H4_512C_pruned70_int8/121-127105-0000_generated.wav | RTF: 0.2693(2.660s / 9.875s) | Generator RTF: 0.2690(2.656s / 9.875s)
generated_audios/generated_H4_512C_pruned70_int8/121-127105-0001_generated.wav | RTF: 0.2621(1.317s / 5.025s) | Generator RTF: 0.2616(1.314s / 5.025s)
generated_audios/generated_H4_512C_pruned70_int8/121-127105-0002_generated.wav | RTF: 0.2563(1.921s / 7.495s) | Generator RTF: 0.2557(1.917s / 7.495s)
generated_audios/generated_H4_512C_pruned70_int8/121-127105-0003_generated.wav | RTF: 0.2605(2.012s / 7.725s) | Generator RTF: 0.2600(2.009s / 7.725s)
generated_audios/generated_H4_512C_pruned70_int8/121-127105-0004_generated.wav | RTF: 0.2577(0.544s / 2.110s) | Generator RTF: 0.2561(0.540s / 2.110s)
generated_audios/generated_H4_512C_pruned70_int8/121-127105-0005_generated.wav | RTF: 0.2528(1.471s / 5.820s) | Generator RTF: 0.2521(1.467s / 5.820s)
generated_audios/generated_H4_512C_pruned70_int8/121-127105-0006_generated.wav | RTF: 0.2563(1.211s / 4.725s) | Generator RTF: 0.2556(1.208s / 4.725s)
generated_audios/generated_H4_512C_pruned70_int8/121-127105-0007_generated.wav | RTF: 0.2482(1.437s / 5.790s) | Generator RTF: 0.2476(1.434s / 5.790s)
generated_audios/generated_H4_512C_pruned70_int8/121-127105-0008_generated.wav | RTF: 0.2398(0.662s / 2.760s) | Generator RTF: 0.2387(0.659s / 2.760s)
generated_audios/generated_H4_512C_pruned70_int8/121-127105-0009_generated.wav | RTF: 0.2527(0.579s / 2.290s) | Generator RTF: 0.2513(0.575s / 2.290s)
generated_audios/generated_H4_512C_pruned70_int8/121-127105-0010_generated.wav | RTF: 0.2539(0.724s / 2.850s) | Generator RTF: 0.2528(0.721s / 2.850s)
generated_audios/generated_H4_512C_pruned70_int8/121-127105-0011_generated.wav | RTF: 0.2571(1.486s / 5.780s) | Generator RTF: 0.2565(1.482s / 5.780s)
generated_audios/generated_H4_512C_pruned70_int8/121-127105-0012_generated.wav | RTF: 0.2647(1.279s / 4.830s) | Generator RTF: 0.2640(1.275s / 4.830s)
generated_audios/generated_H4_512C_pruned70_int8/121-127105-0013_generated.wav | RTF: 0.2525(1.489s / 5.895s) | Generator RTF: 0.2519(1.485s / 5.895s)
generated_audios/generated_H4_512C_pruned70_int8/121-127105-0014_generated.wav | RTF: 0.2529(0.570s / 2.255s) | Generator RTF: 0.2516(0.567s / 2.255s)
generated_audios/generated_H4_512C_pruned70_int8/121-127105-0015_generated.wav | RTF: 0.2513(0.744s / 2.960s) | Generator RTF: 0.2503(0.741s / 2.960s)
generated_audios/generated_H4_512C_pruned70_int8/121-127105-0016_generated.wav | RTF: 0.2348(0.477s / 2.030s) | Generator RTF: 0.2333(0.474s / 2.030s)
generated_audios/generated_H4_512C_pruned70_int8/121-127105-0017_generated.wav | RTF: 0.2527(0.681s / 2.695s) | Generator RTF: 0.2516(0.678s / 2.695s)
generated_audios/generated_H4_512C_pruned70_int8/121-127105-0018_generated.wav | RTF: 0.2530(0.701s / 2.770s) | Generator RTF: 0.2517(0.697s / 2.770s)
generated_audios/generated_H4_512C_pruned70_int8/121-127105-0019_generated.wav | RTF: 0.2427(0.856s / 3.525s) | Generator RTF: 0.2418(0.852s / 3.525s)
generated_audios/generated_H4_512C_pruned70_int8/121-127105-0020_generated.wav | RTF: 0.3339(4.793s / 14.355s) | Generator RTF: 0.3336(4.789s / 14.355s)
generated_audios/generated_H4_512C_pruned70_int8/121-127105-0021_generated.wav | RTF: 0.2570(0.514s / 2.000s) | Generator RTF: 0.2555(0.511s / 2.000s)
generated_audios/generated_H4_512C_pruned70_int8/121-127105-0022_generated.wav | RTF: 0.2656(1.348s / 5.075s) | Generator RTF: 0.2651(1.345s / 5.075s)
generated_audios/generated_H4_512C_pruned70_int8/121-127105-0023_generated.wav | RTF: 0.2583(2.819s / 10.910s) | Generator RTF: 0.2579(2.814s / 10.910s)
generated_audios/generated_H4_512C_pruned70_int8/121-127105-0024_generated.wav | RTF: 0.3397(4.908s / 14.450s) | Generator RTF: 0.3393(4.903s / 14.450s)
generated_audios/generated_H4_512C_pruned70_int8/121-127105-0025_generated.wav | RTF: 0.3365(5.406s / 16.065s) | Generator RTF: 0.3362(5.401s / 16.065s)
generated_audios/generated_H4_512C_pruned70_int8/121-127105-0026_generated.wav | RTF: 0.2571(1.936s / 7.530s) | Generator RTF: 0.2566(1.932s / 7.530s)
generated_audios/generated_H4_512C_pruned70_int8/121-127105-0027_generated.wav | RTF: 0.3377(4.684s / 13.870s) | Generator RTF: 0.3374(4.680s / 13.870s)
generated_audios/generated_H4_512C_pruned70_int8/121-127105-0028_generated.wav | RTF: 0.1637(1.105s / 6.750s) | Generator RTF: 0.1632(1.101s / 6.750s)
generated_audios/generated_H4_512C_pruned70_int8/121-127105-0029_generated.wav | RTF: 0.2604(1.904s / 7.310s) | Generator RTF: 0.2599(1.900s / 7.310s)
generated_audios/generated_H4_512C_pruned70_int8/121-127105-0030_generated.wav | RTF: 0.2590(0.563s / 2.175s) | Generator RTF: 0.2576(0.560s / 2.175s)
generated_audios/generated_H4_512C_pruned70_int8/121-127105-0031_generated.wav | RTF: 0.2585(2.782s / 10.765s) | Generator RTF: 0.2581(2.778s / 10.765s)
generated_audios/generated_H4_512C_pruned70_int8/121-127105-0032_generated.wav | RTF: 0.2455(0.778s / 3.170s) | Generator RTF: 0.2444(0.775s / 3.170s)
generated_audios/generated_H4_512C_pruned70_int8/121-127105-0033_generated.wav | RTF: 0.2597(0.612s / 2.355s) | Generator RTF: 0.2584(0.609s / 2.355s)
generated_audios/generated_H4_512C_pruned70_int8/121-127105-0034_generated.wav | RTF: 0.2629(1.948s / 7.410s) | Generator RTF: 0.2624(1.944s / 7.410s)
generated_audios/generated_H4_512C_pruned70_int8/121-127105-0035_generated.wav | RTF: 0.3396(4.805s / 14.150s) | Generator RTF: 0.3393(4.801s / 14.150s)
generated_audios/generated_H4_512C_pruned70_int8/121-127105-0036_generated.wav | RTF: 0.2561(1.063s / 4.150s) | Generator RTF: 0.2552(1.059s / 4.150s)
generated_audios/generated_H4_512C_pruned70_int8/237-126133-0000_generated.wav | RTF: 0.3397(4.514s / 13.290s) | Generator RTF: 0.3393(4.510s / 13.290s)
generated_audios/generated_H4_512C_pruned70_int8/237-126133-0001_generated.wav | RTF: 0.3411(4.081s / 11.965s) | Generator RTF: 0.3407(4.077s / 11.965s)
generated_audios/generated_H4_512C_pruned70_int8/237-126133-0002_generated.wav | RTF: 0.2757(2.459s / 8.920s) | Generator RTF: 0.2752(2.455s / 8.920s)
generated_audios/generated_H4_512C_pruned70_int8/237-126133-0003_generated.wav | RTF: 0.2616(1.716s / 6.560s) | Generator RTF: 0.2610(1.712s / 6.560s)
generated_audios/generated_H4_512C_pruned70_int8/237-126133-0004_generated.wav | RTF: 0.2546(0.839s / 3.295s) | Generator RTF: 0.2536(0.836s / 3.295s)
generated_audios/generated_H4_512C_pruned70_int8/237-126133-0005_generated.wav | RTF: 0.2685(1.748s / 6.510s) | Generator RTF: 0.2680(1.745s / 6.510s)
generated_audios/generated_H4_512C_pruned70_int8/237-126133-0006_generated.wav | RTF: 0.2619(1.611s / 6.150s) | Generator RTF: 0.2613(1.607s / 6.150s)
generated_audios/generated_H4_512C_pruned70_int8/237-126133-0007_generated.wav | RTF: 0.2634(2.286s / 8.680s) | Generator RTF: 0.2629(2.282s / 8.680s)
generated_audios/generated_H4_512C_pruned70_int8/237-126133-0008_generated.wav | RTF: 0.2662(1.029s / 3.865s) | Generator RTF: 0.2654(1.026s / 3.865s)
generated_audios/generated_H4_512C_pruned70_int8/237-126133-0009_generated.wav | RTF: 0.2689(1.068s / 3.970s) | Generator RTF: 0.2681(1.064s / 3.970s)
generated_audios/generated_H4_512C_pruned70_int8/237-126133-0010_generated.wav | RTF: 0.2601(1.623s / 6.240s) | Generator RTF: 0.2594(1.619s / 6.240s)
generated_audios/generated_H4_512C_pruned70_int8/237-126133-0011_generated.wav | RTF: 0.2568(1.723s / 6.710s) | Generator RTF: 0.2563(1.719s / 6.710s)
generated_audios/generated_H4_512C_pruned70_int8/237-126133-0012_generated.wav | RTF: 0.2631(1.171s / 4.450s) | Generator RTF: 0.2623(1.167s / 4.450s)
generated_audios/generated_H4_512C_pruned70_int8/237-126133-0013_generated.wav | RTF: 0.2624(1.788s / 6.815s) | Generator RTF: 0.2618(1.784s / 6.815s)
generated_audios/generated_H4_512C_pruned70_int8/237-126133-0014_generated.wav | RTF: 0.2623(1.781s / 6.790s) | Generator RTF: 0.2617(1.777s / 6.790s)
generated_audios/generated_H4_512C_pruned70_int8/237-126133-0015_generated.wav | RTF: 0.2561(2.392s / 9.340s) | Generator RTF: 0.2557(2.388s / 9.340s)
generated_audios/generated_H4_512C_pruned70_int8/237-126133-0016_generated.wav | RTF: 0.2543(1.081s / 4.250s) | Generator RTF: 0.2535(1.077s / 4.250s)
generated_audios/generated_H4_512C_pruned70_int8/237-126133-0017_generated.wav | RTF: 0.2601(1.615s / 6.210s) | Generator RTF: 0.2595(1.612s / 6.210s)
generated_audios/generated_H4_512C_pruned70_int8/237-126133-0018_generated.wav | RTF: 0.2732(1.119s / 4.095s) | Generator RTF: 0.2724(1.116s / 4.095s)
generated_audios/generated_H4_512C_pruned70_int8/237-126133-0019_generated.wav | RTF: 0.2604(1.854s / 7.120s) | Generator RTF: 0.2599(1.850s / 7.120s)
generated_audios/generated_H4_512C_pruned70_int8/237-126133-0020_generated.wav | RTF: 0.2484(0.556s / 2.240s) | Generator RTF: 0.2470(0.553s / 2.240s)
generated_audios/generated_H4_512C_pruned70_int8/237-126133-0021_generated.wav | RTF: 0.2540(1.109s / 4.365s) | Generator RTF: 0.2533(1.105s / 4.365s)
generated_audios/generated_H4_512C_pruned70_int8/237-126133-0022_generated.wav | RTF: 0.2650(1.335s / 5.040s) | Generator RTF: 0.2643(1.332s / 5.040s)
generated_audios/generated_H4_512C_pruned70_int8/237-126133-0023_generated.wav | RTF: 0.2624(1.751s / 6.675s) | Generator RTF: 0.2618(1.748s / 6.675s)
generated_audios/generated_H4_512C_pruned70_int8/237-126133-0024_generated.wav | RTF: 0.2721(2.630s / 9.665s) | Generator RTF: 0.2717(2.626s / 9.665s)
generated_audios/generated_H4_512C_pruned70_int8/237-126133-0025_generated.wav | RTF: 0.2670(1.002s / 3.755s) | Generator RTF: 0.2661(0.999s / 3.755s)
generated_audios/generated_H4_512C_pruned70_int8/237-134493-0000_generated.wav | RTF: 0.2657(1.091s / 4.105s) | Generator RTF: 0.2649(1.087s / 4.105s)
generated_audios/generated_H4_512C_pruned70_int8/237-134493-0001_generated.wav | RTF: 0.2611(1.927s / 7.380s) | Generator RTF: 0.2606(1.923s / 7.380s)
generated_audios/generated_H4_512C_pruned70_int8/237-134493-0002_generated.wav | RTF: 0.2560(2.917s / 11.395s) | Generator RTF: 0.2556(2.913s / 11.395s)
generated_audios/generated_H4_512C_pruned70_int8/237-134493-0003_generated.wav | RTF: 0.3350(4.276s / 12.765s) | Generator RTF: 0.3346(4.271s / 12.765s)
generated_audios/generated_H4_512C_pruned70_int8/237-134493-0004_generated.wav | RTF: 0.2587(1.766s / 6.825s) | Generator RTF: 0.2581(1.762s / 6.825s)
generated_audios/generated_H4_512C_pruned70_int8/237-134493-0005_generated.wav | RTF: 0.2577(2.820s / 10.945s) | Generator RTF: 0.2573(2.816s / 10.945s)
generated_audios/generated_H4_512C_pruned70_int8/237-134493-0006_generated.wav | RTF: 0.2600(1.143s / 4.395s) | Generator RTF: 0.2592(1.139s / 4.395s)
generated_audios/generated_H4_512C_pruned70_int8/237-134493-0007_generated.wav | RTF: 0.2568(0.523s / 2.035s) | Generator RTF: 0.2553(0.519s / 2.035s)
generated_audios/generated_H4_512C_pruned70_int8/237-134493-0008_generated.wav | RTF: 0.2501(0.576s / 2.305s) | Generator RTF: 0.2486(0.573s / 2.305s)
generated_audios/generated_H4_512C_pruned70_int8/237-134493-0009_generated.wav | RTF: 0.2723(0.810s / 2.975s) | Generator RTF: 0.2712(0.807s / 2.975s)
generated_audios/generated_H4_512C_pruned70_int8/237-134493-0010_generated.wav | RTF: 0.2598(0.747s / 2.875s) | Generator RTF: 0.2587(0.744s / 2.875s)
generated_audios/generated_H4_512C_pruned70_int8/237-134493-0011_generated.wav | RTF: 0.2604(1.311s / 5.035s) | Generator RTF: 0.2597(1.308s / 5.035s)
generated_audios/generated_H4_512C_pruned70_int8/237-134493-0012_generated.wav | RTF: 0.2548(0.932s / 3.660s) | Generator RTF: 0.2539(0.929s / 3.660s)
generated_audios/generated_H4_512C_pruned70_int8/237-134493-0013_generated.wav | RTF: 0.1716(0.702s / 4.090s) | Generator RTF: 0.1708(0.699s / 4.090s)
generated_audios/generated_H4_512C_pruned70_int8/237-134493-0014_generated.wav | RTF: 0.2541(0.940s / 3.700s) | Generator RTF: 0.2532(0.937s / 3.700s)
generated_audios/generated_H4_512C_pruned70_int8/237-134493-0015_generated.wav | RTF: 0.1619(1.060s / 6.550s) | Generator RTF: 0.1613(1.056s / 6.550s)
generated_audios/generated_H4_512C_pruned70_int8/237-134493-0016_generated.wav | RTF: 0.2602(2.624s / 10.085s) | Generator RTF: 0.2598(2.620s / 10.085s)
generated_audios/generated_H4_512C_pruned70_int8/237-134493-0017_generated.wav | RTF: 0.2637(2.401s / 9.105s) | Generator RTF: 0.2632(2.397s / 9.105s)
generated_audios/generated_H4_512C_pruned70_int8/237-134493-0018_generated.wav | RTF: 0.2647(1.268s / 4.790s) | Generator RTF: 0.2640(1.265s / 4.790s)
generated_audios/generated_H4_512C_pruned70_int8/237-134500-0000_generated.wav | RTF: 0.2637(1.616s / 6.130s) | Generator RTF: 0.2631(1.613s / 6.130s)
generated_audios/generated_H4_512C_pruned70_int8/237-134500-0001_generated.wav | RTF: 0.2556(0.463s / 1.810s) | Generator RTF: 0.2538(0.459s / 1.810s)
generated_audios/generated_H4_512C_pruned70_int8/237-134500-0002_generated.wav | RTF: 0.2626(1.331s / 5.070s) | Generator RTF: 0.2619(1.328s / 5.070s)
generated_audios/generated_H4_512C_pruned70_int8/237-134500-0003_generated.wav | RTF: 0.1589(0.504s / 3.170s) | Generator RTF: 0.1580(0.501s / 3.170s)
generated_audios/generated_H4_512C_pruned70_int8/237-134500-0004_generated.wav | RTF: 0.1519(0.338s / 2.225s) | Generator RTF: 0.1505(0.335s / 2.225s)
generated_audios/generated_H4_512C_pruned70_int8/237-134500-0005_generated.wav | RTF: 0.2575(0.615s / 2.390s) | Generator RTF: 0.2562(0.612s / 2.390s)
generated_audios/generated_H4_512C_pruned70_int8/237-134500-0006_generated.wav | RTF: 0.2563(1.083s / 4.225s) | Generator RTF: 0.2555(1.079s / 4.225s)
generated_audios/generated_H4_512C_pruned70_int8/237-134500-0007_generated.wav | RTF: 0.1524(0.364s / 2.390s) | Generator RTF: 0.1511(0.361s / 2.390s)
generated_audios/generated_H4_512C_pruned70_int8/237-134500-0008_generated.wav | RTF: 0.1590(0.598s / 3.760s) | Generator RTF: 0.1581(0.595s / 3.760s)
generated_audios/generated_H4_512C_pruned70_int8/237-134500-0009_generated.wav | RTF: 0.1459(0.324s / 2.220s) | Generator RTF: 0.1445(0.321s / 2.220s)
generated_audios/generated_H4_512C_pruned70_int8/237-134500-0010_generated.wav | RTF: 0.2666(1.065s / 3.995s) | Generator RTF: 0.2658(1.062s / 3.995s)
generated_audios/generated_H4_512C_pruned70_int8/237-134500-0011_generated.wav | RTF: 0.2655(0.890s / 3.350s) | Generator RTF: 0.2645(0.886s / 3.350s)
generated_audios/generated_H4_512C_pruned70_int8/237-134500-0012_generated.wav | RTF: 0.2764(3.022s / 10.935s) | Generator RTF: 0.2760(3.018s / 10.935s)
generated_audios/generated_H4_512C_pruned70_int8/237-134500-0013_generated.wav | RTF: 0.1780(1.880s / 10.560s) | Generator RTF: 0.1776(1.876s / 10.560s)
generated_audios/generated_H4_512C_pruned70_int8/237-134500-0014_generated.wav | RTF: 0.1626(0.691s / 4.250s) | Generator RTF: 0.1617(0.687s / 4.250s)
generated_audios/generated_H4_512C_pruned70_int8/237-134500-0015_generated.wav | RTF: 0.2684(2.903s / 10.815s) | Generator RTF: 0.2680(2.899s / 10.815s)
generated_audios/generated_H4_512C_pruned70_int8/237-134500-0016_generated.wav | RTF: 0.1529(0.483s / 3.160s) | Generator RTF: 0.1518(0.480s / 3.160s)
generated_audios/generated_H4_512C_pruned70_int8/237-134500-0017_generated.wav | RTF: 0.1510(0.329s / 2.180s) | Generator RTF: 0.1495(0.326s / 2.180s)
generated_audios/generated_H4_512C_pruned70_int8/237-134500-0018_generated.wav | RTF: 0.3326(4.272s / 12.845s) | Generator RTF: 0.3323(4.268s / 12.845s)
generated_audios/generated_H4_512C_pruned70_int8/237-134500-0019_generated.wav | RTF: 0.2399(0.686s / 2.860s) | Generator RTF: 0.2387(0.683s / 2.860s)
generated_audios/generated_H4_512C_pruned70_int8/237-134500-0020_generated.wav | RTF: 0.1448(0.316s / 2.180s) | Generator RTF: 0.1433(0.312s / 2.180s)
generated_audios/generated_H4_512C_pruned70_int8/237-134500-0021_generated.wav | RTF: 0.2497(1.278s / 5.120s) | Generator RTF: 0.2491(1.275s / 5.120s)
generated_audios/generated_H4_512C_pruned70_int8/237-134500-0022_generated.wav | RTF: 0.2571(1.328s / 5.165s) | Generator RTF: 0.2564(1.324s / 5.165s)
generated_audios/generated_H4_512C_pruned70_int8/237-134500-0023_generated.wav | RTF: 0.2579(0.789s / 3.060s) | Generator RTF: 0.2569(0.786s / 3.060s)
generated_audios/generated_H4_512C_pruned70_int8/237-134500-0024_generated.wav | RTF: 0.1634(0.721s / 4.410s) | Generator RTF: 0.1627(0.717s / 4.410s)
generated_audios/generated_H4_512C_pruned70_int8/237-134500-0025_generated.wav | RTF: 0.2712(0.442s / 1.630s) | Generator RTF: 0.2692(0.439s / 1.630s)
generated_audios/generated_H4_512C_pruned70_int8/237-134500-0026_generated.wav | RTF: 0.2592(0.791s / 3.050s) | Generator RTF: 0.2582(0.788s / 3.050s)
generated_audios/generated_H4_512C_pruned70_int8/237-134500-0027_generated.wav | RTF: 0.2595(0.849s / 3.270s) | Generator RTF: 0.2586(0.846s / 3.270s)
generated_audios/generated_H4_512C_pruned70_int8/237-134500-0028_generated.wav | RTF: 0.2681(1.213s / 4.525s) | Generator RTF: 0.2674(1.210s / 4.525s)
generated_audios/generated_H4_512C_pruned70_int8/237-134500-0029_generated.wav | RTF: 0.2513(0.519s / 2.065s) | Generator RTF: 0.2499(0.516s / 2.065s)
generated_audios/generated_H4_512C_pruned70_int8/237-134500-0030_generated.wav | RTF: 0.2517(0.700s / 2.780s) | Generator RTF: 0.2506(0.697s / 2.780s)
generated_audios/generated_H4_512C_pruned70_int8/237-134500-0031_generated.wav | RTF: 0.2775(2.944s / 10.610s) | Generator RTF: 0.2771(2.940s / 10.610s)
generated_audios/generated_H4_512C_pruned70_int8/237-134500-0032_generated.wav | RTF: 0.1620(0.814s / 5.025s) | Generator RTF: 0.1612(0.810s / 5.025s)
generated_audios/generated_H4_512C_pruned70_int8/237-134500-0033_generated.wav | RTF: 0.2567(1.630s / 6.350s) | Generator RTF: 0.2562(1.627s / 6.350s)
generated_audios/generated_H4_512C_pruned70_int8/237-134500-0034_generated.wav | RTF: 0.2562(0.788s / 3.075s) | Generator RTF: 0.2551(0.785s / 3.075s)
generated_audios/generated_H4_512C_pruned70_int8/237-134500-0035_generated.wav | RTF: 0.2608(0.666s / 2.555s) | Generator RTF: 0.2595(0.663s / 2.555s)
generated_audios/generated_H4_512C_pruned70_int8/237-134500-0036_generated.wav | RTF: 0.2616(1.726s / 6.600s) | Generator RTF: 0.2610(1.723s / 6.600s)
generated_audios/generated_H4_512C_pruned70_int8/237-134500-0037_generated.wav | RTF: 0.2638(1.874s / 7.105s) | Generator RTF: 0.2633(1.871s / 7.105s)
generated_audios/generated_H4_512C_pruned70_int8/237-134500-0038_generated.wav | RTF: 0.2539(0.618s / 2.435s) | Generator RTF: 0.2526(0.615s / 2.435s)
generated_audios/generated_H4_512C_pruned70_int8/237-134500-0039_generated.wav | RTF: 0.2585(1.197s / 4.630s) | Generator RTF: 0.2578(1.194s / 4.630s)
generated_audios/generated_H4_512C_pruned70_int8/237-134500-0040_generated.wav | RTF: 0.1674(0.674s / 4.030s) | Generator RTF: 0.1668(0.672s / 4.030s)
generated_audios/generated_H4_512C_pruned70_int8/237-134500-0041_generated.wav | RTF: 0.1762(1.571s / 8.920s) | Generator RTF: 0.1757(1.567s / 8.920s)
generated_audios/generated_H4_512C_pruned70_int8/237-134500-0042_generated.wav | RTF: 0.2622(0.675s / 2.575s) | Generator RTF: 0.2610(0.672s / 2.575s)
generated_audios/generated_H4_512C_pruned70_int8/260-123286-0000_generated.wav | RTF: 0.2529(1.780s / 7.040s) | Generator RTF: 0.2524(1.777s / 7.040s)
generated_audios/generated_H4_512C_pruned70_int8/260-123286-0001_generated.wav | RTF: 0.1534(0.471s / 3.070s) | Generator RTF: 0.1524(0.468s / 3.070s)
generated_audios/generated_H4_512C_pruned70_int8/260-123286-0002_generated.wav | RTF: 0.2612(2.608s / 9.985s) | Generator RTF: 0.2608(2.604s / 9.985s)
generated_audios/generated_H4_512C_pruned70_int8/260-123286-0003_generated.wav | RTF: 0.2617(1.929s / 7.370s) | Generator RTF: 0.2612(1.925s / 7.370s)
generated_audios/generated_H4_512C_pruned70_int8/260-123286-0004_generated.wav | RTF: 0.2593(0.899s / 3.465s) | Generator RTF: 0.2585(0.896s / 3.465s)
generated_audios/generated_H4_512C_pruned70_int8/260-123286-0005_generated.wav | RTF: 0.2567(1.235s / 4.810s) | Generator RTF: 0.2560(1.231s / 4.810s)
generated_audios/generated_H4_512C_pruned70_int8/260-123286-0006_generated.wav | RTF: 0.2635(1.951s / 7.405s) | Generator RTF: 0.2631(1.948s / 7.405s)
generated_audios/generated_H4_512C_pruned70_int8/260-123286-0007_generated.wav | RTF: 0.2632(1.198s / 4.550s) | Generator RTF: 0.2625(1.194s / 4.550s)
generated_audios/generated_H4_512C_pruned70_int8/260-123286-0008_generated.wav | RTF: 0.2592(0.968s / 3.735s) | Generator RTF: 0.2584(0.965s / 3.735s)
generated_audios/generated_H4_512C_pruned70_int8/260-123286-0009_generated.wav | RTF: 0.2616(1.516s / 5.795s) | Generator RTF: 0.2609(1.512s / 5.795s)
generated_audios/generated_H4_512C_pruned70_int8/260-123286-0010_generated.wav | RTF: 0.1459(0.376s / 2.575s) | Generator RTF: 0.1448(0.373s / 2.575s)
generated_audios/generated_H4_512C_pruned70_int8/260-123286-0011_generated.wav | RTF: 0.1643(0.699s / 4.255s) | Generator RTF: 0.1638(0.697s / 4.255s)
generated_audios/generated_H4_512C_pruned70_int8/260-123286-0012_generated.wav | RTF: 0.1475(0.358s / 2.430s) | Generator RTF: 0.1462(0.355s / 2.430s)
generated_audios/generated_H4_512C_pruned70_int8/260-123286-0013_generated.wav | RTF: 0.2579(1.220s / 4.730s) | Generator RTF: 0.2572(1.217s / 4.730s)
generated_audios/generated_H4_512C_pruned70_int8/260-123286-0014_generated.wav | RTF: 0.1716(0.511s / 2.980s) | Generator RTF: 0.1704(0.508s / 2.980s)
generated_audios/generated_H4_512C_pruned70_int8/260-123286-0015_generated.wav | RTF: 0.2778(1.447s / 5.210s) | Generator RTF: 0.2771(1.444s / 5.210s)
generated_audios/generated_H4_512C_pruned70_int8/260-123286-0016_generated.wav | RTF: 0.2628(1.840s / 7.000s) | Generator RTF: 0.2623(1.836s / 7.000s)
generated_audios/generated_H4_512C_pruned70_int8/260-123286-0017_generated.wav | RTF: 0.2575(1.024s / 3.975s) | Generator RTF: 0.2566(1.020s / 3.975s)
generated_audios/generated_H4_512C_pruned70_int8/260-123286-0018_generated.wav | RTF: 0.2659(1.508s / 5.670s) | Generator RTF: 0.2653(1.504s / 5.670s)
generated_audios/generated_H4_512C_pruned70_int8/260-123286-0019_generated.wav | RTF: 0.3385(4.030s / 11.905s) | Generator RTF: 0.3382(4.026s / 11.905s)
generated_audios/generated_H4_512C_pruned70_int8/260-123286-0020_generated.wav | RTF: 0.1504(0.460s / 3.060s) | Generator RTF: 0.1493(0.457s / 3.060s)
generated_audios/generated_H4_512C_pruned70_int8/260-123286-0021_generated.wav | RTF: 0.2418(0.617s / 2.550s) | Generator RTF: 0.2406(0.614s / 2.550s)
generated_audios/generated_H4_512C_pruned70_int8/260-123286-0022_generated.wav | RTF: 0.2514(0.813s / 3.235s) | Generator RTF: 0.2504(0.810s / 3.235s)
generated_audios/generated_H4_512C_pruned70_int8/260-123286-0023_generated.wav | RTF: 0.2639(1.550s / 5.875s) | Generator RTF: 0.2633(1.547s / 5.875s)
generated_audios/generated_H4_512C_pruned70_int8/260-123286-0024_generated.wav | RTF: 0.2487(0.756s / 3.040s) | Generator RTF: 0.2477(0.753s / 3.040s)
generated_audios/generated_H4_512C_pruned70_int8/260-123286-0025_generated.wav | RTF: 0.2577(2.372s / 9.205s) | Generator RTF: 0.2572(2.368s / 9.205s)
generated_audios/generated_H4_512C_pruned70_int8/260-123286-0026_generated.wav | RTF: 0.2587(1.796s / 6.940s) | Generator RTF: 0.2582(1.792s / 6.940s)
generated_audios/generated_H4_512C_pruned70_int8/260-123286-0027_generated.wav | RTF: 0.2591(1.858s / 7.170s) | Generator RTF: 0.2586(1.854s / 7.170s)
generated_audios/generated_H4_512C_pruned70_int8/260-123286-0028_generated.wav | RTF: 0.2566(1.916s / 7.465s) | Generator RTF: 0.2561(1.912s / 7.465s)
generated_audios/generated_H4_512C_pruned70_int8/260-123286-0029_generated.wav | RTF: 0.1468(0.667s / 4.545s) | Generator RTF: 0.1461(0.664s / 4.545s)
generated_audios/generated_H4_512C_pruned70_int8/260-123286-0030_generated.wav | RTF: 0.1666(1.254s / 7.530s) | Generator RTF: 0.1661(1.251s / 7.530s)
generated_audios/generated_H4_512C_pruned70_int8/260-123286-0031_generated.wav | RTF: 0.2492(1.261s / 5.060s) | Generator RTF: 0.2485(1.257s / 5.060s)
generated_audios/generated_H4_512C_pruned70_int8/260-123288-0000_generated.wav | RTF: 0.1503(0.457s / 3.040s) | Generator RTF: 0.1493(0.454s / 3.040s)
generated_audios/generated_H4_512C_pruned70_int8/260-123288-0001_generated.wav | RTF: 0.1619(0.822s / 5.080s) | Generator RTF: 0.1611(0.819s / 5.080s)
generated_audios/generated_H4_512C_pruned70_int8/260-123288-0002_generated.wav | RTF: 0.2626(1.904s / 7.250s) | Generator RTF: 0.2621(1.900s / 7.250s)
generated_audios/generated_H4_512C_pruned70_int8/260-123288-0003_generated.wav | RTF: 0.2659(2.368s / 8.905s) | Generator RTF: 0.2655(2.364s / 8.905s)
generated_audios/generated_H4_512C_pruned70_int8/260-123288-0004_generated.wav | RTF: 0.2653(1.143s / 4.310s) | Generator RTF: 0.2645(1.140s / 4.310s)
generated_audios/generated_H4_512C_pruned70_int8/260-123288-0005_generated.wav | RTF: 0.3069(3.852s / 12.550s) | Generator RTF: 0.3065(3.846s / 12.550s)
generated_audios/generated_H4_512C_pruned70_int8/260-123288-0006_generated.wav | RTF: 0.2532(1.235s / 4.880s) | Generator RTF: 0.2524(1.232s / 4.880s)
generated_audios/generated_H4_512C_pruned70_int8/260-123288-0007_generated.wav | RTF: 0.2602(2.915s / 11.200s) | Generator RTF: 0.2599(2.911s / 11.200s)
generated_audios/generated_H4_512C_pruned70_int8/260-123288-0008_generated.wav | RTF: 0.2682(1.479s / 5.515s) | Generator RTF: 0.2676(1.476s / 5.515s)
generated_audios/generated_H4_512C_pruned70_int8/260-123288-0009_generated.wav | RTF: 0.2604(0.894s / 3.435s) | Generator RTF: 0.2595(0.891s / 3.435s)
generated_audios/generated_H4_512C_pruned70_int8/260-123288-0010_generated.wav | RTF: 0.1730(1.729s / 9.995s) | Generator RTF: 0.1726(1.725s / 9.995s)
generated_audios/generated_H4_512C_pruned70_int8/260-123288-0011_generated.wav | RTF: 0.2814(2.527s / 8.980s) | Generator RTF: 0.2809(2.523s / 8.980s)
generated_audios/generated_H4_512C_pruned70_int8/260-123288-0012_generated.wav | RTF: 0.2637(0.935s / 3.545s) | Generator RTF: 0.2627(0.931s / 3.545s)
generated_audios/generated_H4_512C_pruned70_int8/260-123288-0013_generated.wav | RTF: 0.2616(2.979s / 11.385s) | Generator RTF: 0.2613(2.975s / 11.385s)
generated_audios/generated_H4_512C_pruned70_int8/260-123288-0014_generated.wav | RTF: 0.1561(0.282s / 1.805s) | Generator RTF: 0.1543(0.279s / 1.805s)
generated_audios/generated_H4_512C_pruned70_int8/260-123288-0015_generated.wav | RTF: 0.3462(7.334s / 21.185s) | Generator RTF: 0.3459(7.328s / 21.185s)
generated_audios/generated_H4_512C_pruned70_int8/260-123288-0016_generated.wav | RTF: 0.2690(1.309s / 4.865s) | Generator RTF: 0.2683(1.305s / 4.865s)
generated_audios/generated_H4_512C_pruned70_int8/260-123288-0017_generated.wav | RTF: 0.2498(1.305s / 5.225s) | Generator RTF: 0.2491(1.302s / 5.225s)
generated_audios/generated_H4_512C_pruned70_int8/260-123288-0018_generated.wav | RTF: 0.2488(0.807s / 3.245s) | Generator RTF: 0.2478(0.804s / 3.245s)
generated_audios/generated_H4_512C_pruned70_int8/260-123288-0019_generated.wav | RTF: 0.1539(0.455s / 2.955s) | Generator RTF: 0.1527(0.451s / 2.955s)
generated_audios/generated_H4_512C_pruned70_int8/260-123288-0020_generated.wav | RTF: 0.2431(0.705s / 2.900s) | Generator RTF: 0.2421(0.702s / 2.900s)
generated_audios/generated_H4_512C_pruned70_int8/260-123288-0021_generated.wav | RTF: 0.1516(0.411s / 2.710s) | Generator RTF: 0.1503(0.407s / 2.710s)
generated_audios/generated_H4_512C_pruned70_int8/260-123288-0022_generated.wav | RTF: 0.2573(0.953s / 3.705s) | Generator RTF: 0.2563(0.950s / 3.705s)
generated_audios/generated_H4_512C_pruned70_int8/260-123288-0023_generated.wav | RTF: 0.1552(0.370s / 2.385s) | Generator RTF: 0.1538(0.367s / 2.385s)
generated_audios/generated_H4_512C_pruned70_int8/260-123288-0024_generated.wav | RTF: 0.3048(4.449s / 14.595s) | Generator RTF: 0.3045(4.444s / 14.595s)
generated_audios/generated_H4_512C_pruned70_int8/260-123288-0025_generated.wav | RTF: 0.3315(4.456s / 13.445s) | Generator RTF: 0.3311(4.452s / 13.445s)
generated_audios/generated_H4_512C_pruned70_int8/260-123288-0026_generated.wav | RTF: 0.3316(5.319s / 16.040s) | Generator RTF: 0.3313(5.314s / 16.040s)
generated_audios/generated_H4_512C_pruned70_int8/260-123288-0027_generated.wav | RTF: 0.2607(1.644s / 6.305s) | Generator RTF: 0.2601(1.640s / 6.305s)
generated_audios/generated_H4_512C_pruned70_int8/260-123288-0028_generated.wav | RTF: 0.2609(0.681s / 2.610s) | Generator RTF: 0.2597(0.678s / 2.610s)
generated_audios/generated_H4_512C_pruned70_int8/260-123440-0000_generated.wav | RTF: 0.2441(0.528s / 2.165s) | Generator RTF: 0.2427(0.526s / 2.165s)
generated_audios/generated_H4_512C_pruned70_int8/260-123440-0001_generated.wav | RTF: 0.2609(0.454s / 1.740s) | Generator RTF: 0.2593(0.451s / 1.740s)
generated_audios/generated_H4_512C_pruned70_int8/260-123440-0002_generated.wav | RTF: 0.3050(4.488s / 14.715s) | Generator RTF: 0.3047(4.483s / 14.715s)
generated_audios/generated_H4_512C_pruned70_int8/260-123440-0003_generated.wav | RTF: 0.2550(0.914s / 3.585s) | Generator RTF: 0.2540(0.911s / 3.585s)
generated_audios/generated_H4_512C_pruned70_int8/260-123440-0004_generated.wav | RTF: 0.3338(4.013s / 12.020s) | Generator RTF: 0.3335(4.009s / 12.020s)
generated_audios/generated_H4_512C_pruned70_int8/260-123440-0005_generated.wav | RTF: 0.1516(0.471s / 3.105s) | Generator RTF: 0.1506(0.468s / 3.105s)
generated_audios/generated_H4_512C_pruned70_int8/260-123440-0006_generated.wav | RTF: 0.1455(0.395s / 2.715s) | Generator RTF: 0.1445(0.392s / 2.715s)
generated_audios/generated_H4_512C_pruned70_int8/260-123440-0007_generated.wav | RTF: 0.2447(0.828s / 3.385s) | Generator RTF: 0.2437(0.825s / 3.385s)
generated_audios/generated_H4_512C_pruned70_int8/260-123440-0008_generated.wav | RTF: 0.2695(1.009s / 3.745s) | Generator RTF: 0.2686(1.006s / 3.745s)
generated_audios/generated_H4_512C_pruned70_int8/260-123440-0009_generated.wav | RTF: 0.2586(0.806s / 3.115s) | Generator RTF: 0.2576(0.802s / 3.115s)
generated_audios/generated_H4_512C_pruned70_int8/260-123440-0010_generated.wav | RTF: 0.2852(2.372s / 8.315s) | Generator RTF: 0.2847(2.368s / 8.315s)
generated_audios/generated_H4_512C_pruned70_int8/260-123440-0011_generated.wav | RTF: 0.1541(0.751s / 4.870s) | Generator RTF: 0.1534(0.747s / 4.870s)
generated_audios/generated_H4_512C_pruned70_int8/260-123440-0012_generated.wav | RTF: 0.2605(1.366s / 5.245s) | Generator RTF: 0.2598(1.363s / 5.245s)
generated_audios/generated_H4_512C_pruned70_int8/260-123440-0013_generated.wav | RTF: 0.2673(0.929s / 3.475s) | Generator RTF: 0.2664(0.926s / 3.475s)
generated_audios/generated_H4_512C_pruned70_int8/260-123440-0014_generated.wav | RTF: 0.2660(1.015s / 3.815s) | Generator RTF: 0.2652(1.012s / 3.815s)
generated_audios/generated_H4_512C_pruned70_int8/260-123440-0015_generated.wav | RTF: 0.1625(1.007s / 6.200s) | Generator RTF: 0.1619(1.004s / 6.200s)
generated_audios/generated_H4_512C_pruned70_int8/260-123440-0016_generated.wav | RTF: 0.2655(1.299s / 4.895s) | Generator RTF: 0.2648(1.296s / 4.895s)
generated_audios/generated_H4_512C_pruned70_int8/260-123440-0017_generated.wav | RTF: 0.1597(0.490s / 3.070s) | Generator RTF: 0.1587(0.487s / 3.070s)
generated_audios/generated_H4_512C_pruned70_int8/260-123440-0018_generated.wav | RTF: 0.2623(0.955s / 3.640s) | Generator RTF: 0.2613(0.951s / 3.640s)
generated_audios/generated_H4_512C_pruned70_int8/260-123440-0019_generated.wav | RTF: 0.2616(1.735s / 6.630s) | Generator RTF: 0.2611(1.731s / 6.630s)
generated_audios/generated_H4_512C_pruned70_int8/260-123440-0020_generated.wav | RTF: 0.2619(1.308s / 4.995s) | Generator RTF: 0.2612(1.305s / 4.995s)
generated_audios/generated_H4_512C_pruned70_int8/61-70968-0000_generated.wav | RTF: 0.2654(1.302s / 4.905s) | Generator RTF: 0.2648(1.299s / 4.905s)
generated_audios/generated_H4_512C_pruned70_int8/61-70968-0001_generated.wav | RTF: 0.2649(0.956s / 3.610s) | Generator RTF: 0.2640(0.953s / 3.610s)
generated_audios/generated_H4_512C_pruned70_int8/61-70968-0002_generated.wav | RTF: 0.2549(0.757s / 2.970s) | Generator RTF: 0.2538(0.754s / 2.970s)
generated_audios/generated_H4_512C_pruned70_int8/61-70968-0003_generated.wav | RTF: 0.1648(0.711s / 4.315s) | Generator RTF: 0.1640(0.708s / 4.315s)
generated_audios/generated_H4_512C_pruned70_int8/61-70968-0004_generated.wav | RTF: 0.2712(1.054s / 3.885s) | Generator RTF: 0.2704(1.050s / 3.885s)
generated_audios/generated_H4_512C_pruned70_int8/61-70968-0005_generated.wav | RTF: 0.1638(0.831s / 5.070s) | Generator RTF: 0.1634(0.828s / 5.070s)
generated_audios/generated_H4_512C_pruned70_int8/61-70968-0006_generated.wav | RTF: 0.2519(0.739s / 2.935s) | Generator RTF: 0.2508(0.736s / 2.935s)
generated_audios/generated_H4_512C_pruned70_int8/61-70968-0007_generated.wav | RTF: 0.1604(0.570s / 3.550s) | Generator RTF: 0.1595(0.566s / 3.550s)
generated_audios/generated_H4_512C_pruned70_int8/61-70968-0008_generated.wav | RTF: 0.1624(0.574s / 3.535s) | Generator RTF: 0.1615(0.571s / 3.535s)
generated_audios/generated_H4_512C_pruned70_int8/61-70968-0009_generated.wav | RTF: 0.2678(1.208s / 4.510s) | Generator RTF: 0.2670(1.204s / 4.510s)
generated_audios/generated_H4_512C_pruned70_int8/61-70968-0010_generated.wav | RTF: 0.2604(2.160s / 8.295s) | Generator RTF: 0.2600(2.157s / 8.295s)
generated_audios/generated_H4_512C_pruned70_int8/61-70968-0011_generated.wav | RTF: 0.2609(1.663s / 6.375s) | Generator RTF: 0.2603(1.660s / 6.375s)
generated_audios/generated_H4_512C_pruned70_int8/61-70968-0012_generated.wav | RTF: 0.1585(0.414s / 2.610s) | Generator RTF: 0.1573(0.410s / 2.610s)
generated_audios/generated_H4_512C_pruned70_int8/61-70968-0013_generated.wav | RTF: 0.1593(0.709s / 4.450s) | Generator RTF: 0.1585(0.705s / 4.450s)
generated_audios/generated_H4_512C_pruned70_int8/61-70968-0014_generated.wav | RTF: 0.2643(1.978s / 7.485s) | Generator RTF: 0.2637(1.974s / 7.485s)
generated_audios/generated_H4_512C_pruned70_int8/61-70968-0015_generated.wav | RTF: 0.2563(1.378s / 5.375s) | Generator RTF: 0.2556(1.374s / 5.375s)
generated_audios/generated_H4_512C_pruned70_int8/61-70968-0016_generated.wav | RTF: 0.2793(1.039s / 3.720s) | Generator RTF: 0.2785(1.036s / 3.720s)
generated_audios/generated_H4_512C_pruned70_int8/61-70968-0017_generated.wav | RTF: 0.2604(1.331s / 5.110s) | Generator RTF: 0.2598(1.328s / 5.110s)
generated_audios/generated_H4_512C_pruned70_int8/61-70968-0018_generated.wav | RTF: 0.2461(0.592s / 2.405s) | Generator RTF: 0.2448(0.589s / 2.405s)
generated_audios/generated_H4_512C_pruned70_int8/61-70968-0019_generated.wav | RTF: 0.2580(1.413s / 5.475s) | Generator RTF: 0.2574(1.409s / 5.475s)
generated_audios/generated_H4_512C_pruned70_int8/61-70968-0020_generated.wav | RTF: 0.2611(1.333s / 5.105s) | Generator RTF: 0.2605(1.330s / 5.105s)
generated_audios/generated_H4_512C_pruned70_int8/61-70968-0021_generated.wav | RTF: 0.2515(0.677s / 2.690s) | Generator RTF: 0.2503(0.673s / 2.690s)
generated_audios/generated_H4_512C_pruned70_int8/61-70968-0022_generated.wav | RTF: 0.1615(0.754s / 4.670s) | Generator RTF: 0.1607(0.751s / 4.670s)
generated_audios/generated_H4_512C_pruned70_int8/61-70968-0023_generated.wav | RTF: 0.1656(0.832s / 5.025s) | Generator RTF: 0.1649(0.829s / 5.025s)
generated_audios/generated_H4_512C_pruned70_int8/61-70968-0024_generated.wav | RTF: 0.2631(1.585s / 6.025s) | Generator RTF: 0.2625(1.581s / 6.025s)
generated_audios/generated_H4_512C_pruned70_int8/61-70968-0025_generated.wav | RTF: 0.1619(0.714s / 4.410s) | Generator RTF: 0.1611(0.711s / 4.410s)
generated_audios/generated_H4_512C_pruned70_int8/61-70968-0026_generated.wav | RTF: 0.2616(1.287s / 4.920s) | Generator RTF: 0.2609(1.284s / 4.920s)
generated_audios/generated_H4_512C_pruned70_int8/61-70968-0027_generated.wav | RTF: 0.2599(1.786s / 6.870s) | Generator RTF: 0.2594(1.782s / 6.870s)
generated_audios/generated_H4_512C_pruned70_int8/61-70968-0028_generated.wav | RTF: 0.2594(1.389s / 5.355s) | Generator RTF: 0.2588(1.386s / 5.355s)
generated_audios/generated_H4_512C_pruned70_int8/61-70968-0029_generated.wav | RTF: 0.2663(0.931s / 3.495s) | Generator RTF: 0.2654(0.927s / 3.495s)
generated_audios/generated_H4_512C_pruned70_int8/61-70968-0030_generated.wav | RTF: 0.2614(1.486s / 5.685s) | Generator RTF: 0.2608(1.483s / 5.685s)
generated_audios/generated_H4_512C_pruned70_int8/61-70968-0031_generated.wav | RTF: 0.2591(0.758s / 2.925s) | Generator RTF: 0.2581(0.755s / 2.925s)
generated_audios/generated_H4_512C_pruned70_int8/61-70968-0032_generated.wav | RTF: 0.1661(0.711s / 4.280s) | Generator RTF: 0.1653(0.708s / 4.280s)
generated_audios/generated_H4_512C_pruned70_int8/61-70968-0033_generated.wav | RTF: 0.1625(0.924s / 5.685s) | Generator RTF: 0.1618(0.920s / 5.685s)
generated_audios/generated_H4_512C_pruned70_int8/61-70968-0034_generated.wav | RTF: 0.2669(1.129s / 4.230s) | Generator RTF: 0.2661(1.126s / 4.230s)
generated_audios/generated_H4_512C_pruned70_int8/61-70968-0035_generated.wav | RTF: 0.2620(2.083s / 7.950s) | Generator RTF: 0.2615(2.079s / 7.950s)
generated_audios/generated_H4_512C_pruned70_int8/61-70968-0036_generated.wav | RTF: 0.1612(0.473s / 2.935s) | Generator RTF: 0.1601(0.470s / 2.935s)
generated_audios/generated_H4_512C_pruned70_int8/61-70968-0037_generated.wav | RTF: 0.1587(0.685s / 4.315s) | Generator RTF: 0.1578(0.681s / 4.315s)
generated_audios/generated_H4_512C_pruned70_int8/61-70968-0038_generated.wav | RTF: 0.2698(0.553s / 2.050s) | Generator RTF: 0.2683(0.550s / 2.050s)
generated_audios/generated_H4_512C_pruned70_int8/61-70968-0039_generated.wav | RTF: 0.2564(0.976s / 3.805s) | Generator RTF: 0.2555(0.972s / 3.805s)
generated_audios/generated_H4_512C_pruned70_int8/61-70968-0040_generated.wav | RTF: 0.2650(1.047s / 3.950s) | Generator RTF: 0.2642(1.044s / 3.950s)
generated_audios/generated_H4_512C_pruned70_int8/61-70968-0041_generated.wav | RTF: 0.1608(1.098s / 6.825s) | Generator RTF: 0.1603(1.094s / 6.825s)
generated_audios/generated_H4_512C_pruned70_int8/61-70968-0042_generated.wav | RTF: 0.1508(0.420s / 2.785s) | Generator RTF: 0.1496(0.417s / 2.785s)
generated_audios/generated_H4_512C_pruned70_int8/61-70968-0043_generated.wav | RTF: 0.2621(1.766s / 6.735s) | Generator RTF: 0.2616(1.762s / 6.735s)
generated_audios/generated_H4_512C_pruned70_int8/61-70968-0044_generated.wav | RTF: 0.1530(0.424s / 2.770s) | Generator RTF: 0.1520(0.421s / 2.770s)
generated_audios/generated_H4_512C_pruned70_int8/61-70968-0045_generated.wav | RTF: 0.1513(0.526s / 3.475s) | Generator RTF: 0.1504(0.523s / 3.475s)
generated_audios/generated_H4_512C_pruned70_int8/61-70968-0046_generated.wav | RTF: 0.1518(0.539s / 3.550s) | Generator RTF: 0.1509(0.536s / 3.550s)
generated_audios/generated_H4_512C_pruned70_int8/61-70968-0047_generated.wav | RTF: 0.2559(1.222s / 4.775s) | Generator RTF: 0.2552(1.218s / 4.775s)
generated_audios/generated_H4_512C_pruned70_int8/61-70968-0048_generated.wav | RTF: 0.2632(0.795s / 3.020s) | Generator RTF: 0.2623(0.792s / 3.020s)
generated_audios/generated_H4_512C_pruned70_int8/61-70968-0049_generated.wav | RTF: 0.2817(2.324s / 8.250s) | Generator RTF: 0.2812(2.320s / 8.250s)
generated_audios/generated_H4_512C_pruned70_int8/61-70968-0050_generated.wav | RTF: 0.2653(1.480s / 5.580s) | Generator RTF: 0.2646(1.477s / 5.580s)
generated_audios/generated_H4_512C_pruned70_int8/61-70968-0051_generated.wav | RTF: 0.2556(0.801s / 3.135s) | Generator RTF: 0.2546(0.798s / 3.135s)
generated_audios/generated_H4_512C_pruned70_int8/61-70968-0052_generated.wav | RTF: 0.2472(0.655s / 2.650s) | Generator RTF: 0.2460(0.652s / 2.650s)
generated_audios/generated_H4_512C_pruned70_int8/61-70968-0053_generated.wav | RTF: 0.1635(0.690s / 4.220s) | Generator RTF: 0.1628(0.687s / 4.220s)
generated_audios/generated_H4_512C_pruned70_int8/61-70968-0054_generated.wav | RTF: 0.2743(2.156s / 7.860s) | Generator RTF: 0.2739(2.153s / 7.860s)
generated_audios/generated_H4_512C_pruned70_int8/61-70968-0055_generated.wav | RTF: 0.1620(0.642s / 3.965s) | Generator RTF: 0.1610(0.639s / 3.965s)
generated_audios/generated_H4_512C_pruned70_int8/61-70968-0056_generated.wav | RTF: 0.2622(0.935s / 3.565s) | Generator RTF: 0.2612(0.931s / 3.565s)
generated_audios/generated_H4_512C_pruned70_int8/61-70968-0057_generated.wav | RTF: 0.1643(0.832s / 5.065s) | Generator RTF: 0.1636(0.829s / 5.065s)
generated_audios/generated_H4_512C_pruned70_int8/61-70968-0058_generated.wav | RTF: 0.2429(0.442s / 1.820s) | Generator RTF: 0.2413(0.439s / 1.820s)
generated_audios/generated_H4_512C_pruned70_int8/61-70968-0059_generated.wav | RTF: 0.1570(0.341s / 2.170s) | Generator RTF: 0.1557(0.338s / 2.170s)
generated_audios/generated_H4_512C_pruned70_int8/61-70968-0060_generated.wav | RTF: 0.1623(0.606s / 3.735s) | Generator RTF: 0.1614(0.603s / 3.735s)
generated_audios/generated_H4_512C_pruned70_int8/61-70968-0061_generated.wav | RTF: 0.2685(1.485s / 5.530s) | Generator RTF: 0.2678(1.481s / 5.530s)
generated_audios/generated_H4_512C_pruned70_int8/61-70968-0062_generated.wav | RTF: 0.1554(0.397s / 2.555s) | Generator RTF: 0.1542(0.394s / 2.555s)
generated_audios/generated_H4_512C_pruned70_int8/61-70970-0000_generated.wav | RTF: 0.2611(1.586s / 6.075s) | Generator RTF: 0.2605(1.582s / 6.075s)
generated_audios/generated_H4_512C_pruned70_int8/61-70970-0001_generated.wav | RTF: 0.2632(1.620s / 6.155s) | Generator RTF: 0.2626(1.617s / 6.155s)
generated_audios/generated_H4_512C_pruned70_int8/61-70970-0002_generated.wav | RTF: 0.2704(1.126s / 4.165s) | Generator RTF: 0.2696(1.123s / 4.165s)
generated_audios/generated_H4_512C_pruned70_int8/61-70970-0003_generated.wav | RTF: 0.2482(0.952s / 3.835s) | Generator RTF: 0.2473(0.948s / 3.835s)
generated_audios/generated_H4_512C_pruned70_int8/61-70970-0004_generated.wav | RTF: 0.2670(2.808s / 10.515s) | Generator RTF: 0.2667(2.804s / 10.515s)
generated_audios/generated_H4_512C_pruned70_int8/61-70970-0005_generated.wav | RTF: 0.2669(0.539s / 2.020s) | Generator RTF: 0.2652(0.536s / 2.020s)
generated_audios/generated_H4_512C_pruned70_int8/61-70970-0006_generated.wav | RTF: 0.2487(0.581s / 2.335s) | Generator RTF: 0.2474(0.578s / 2.335s)
generated_audios/generated_H4_512C_pruned70_int8/61-70970-0007_generated.wav | RTF: 0.2600(1.166s / 4.485s) | Generator RTF: 0.2592(1.162s / 4.485s)
generated_audios/generated_H4_512C_pruned70_int8/61-70970-0008_generated.wav | RTF: 0.2675(0.575s / 2.150s) | Generator RTF: 0.2660(0.572s / 2.150s)
generated_audios/generated_H4_512C_pruned70_int8/61-70970-0009_generated.wav | RTF: 0.2594(0.883s / 3.405s) | Generator RTF: 0.2584(0.880s / 3.405s)
generated_audios/generated_H4_512C_pruned70_int8/61-70970-0010_generated.wav | RTF: 0.1475(0.449s / 3.045s) | Generator RTF: 0.1464(0.446s / 3.045s)
generated_audios/generated_H4_512C_pruned70_int8/61-70970-0011_generated.wav | RTF: 0.1499(0.911s / 6.075s) | Generator RTF: 0.1494(0.908s / 6.075s)
generated_audios/generated_H4_512C_pruned70_int8/61-70970-0012_generated.wav | RTF: 0.1429(0.448s / 3.135s) | Generator RTF: 0.1419(0.445s / 3.135s)
generated_audios/generated_H4_512C_pruned70_int8/61-70970-0013_generated.wav | RTF: 0.2613(1.137s / 4.350s) | Generator RTF: 0.2606(1.133s / 4.350s)
generated_audios/generated_H4_512C_pruned70_int8/61-70970-0014_generated.wav | RTF: 0.1404(0.478s / 3.405s) | Generator RTF: 0.1395(0.475s / 3.405s)
generated_audios/generated_H4_512C_pruned70_int8/61-70970-0015_generated.wav | RTF: 0.2828(2.380s / 8.415s) | Generator RTF: 0.2823(2.376s / 8.415s)
generated_audios/generated_H4_512C_pruned70_int8/61-70970-0016_generated.wav | RTF: 0.2599(1.136s / 4.370s) | Generator RTF: 0.2591(1.132s / 4.370s)
generated_audios/generated_H4_512C_pruned70_int8/61-70970-0017_generated.wav | RTF: 0.1496(0.382s / 2.550s) | Generator RTF: 0.1485(0.379s / 2.550s)
generated_audios/generated_H4_512C_pruned70_int8/61-70970-0018_generated.wav | RTF: 0.2548(1.172s / 4.600s) | Generator RTF: 0.2540(1.168s / 4.600s)
generated_audios/generated_H4_512C_pruned70_int8/61-70970-0019_generated.wav | RTF: 0.2565(0.970s / 3.780s) | Generator RTF: 0.2556(0.966s / 3.780s)
generated_audios/generated_H4_512C_pruned70_int8/61-70970-0020_generated.wav | RTF: 0.1490(0.749s / 5.025s) | Generator RTF: 0.1483(0.745s / 5.025s)
generated_audios/generated_H4_512C_pruned70_int8/61-70970-0021_generated.wav | RTF: 0.2523(1.364s / 5.405s) | Generator RTF: 0.2517(1.360s / 5.405s)
generated_audios/generated_H4_512C_pruned70_int8/61-70970-0022_generated.wav | RTF: 0.1458(0.579s / 3.970s) | Generator RTF: 0.1450(0.576s / 3.970s)
generated_audios/generated_H4_512C_pruned70_int8/61-70970-0023_generated.wav | RTF: 0.1468(0.544s / 3.705s) | Generator RTF: 0.1459(0.541s / 3.705s)
generated_audios/generated_H4_512C_pruned70_int8/61-70970-0024_generated.wav | RTF: 0.2665(1.928s / 7.235s) | Generator RTF: 0.2659(1.924s / 7.235s)
generated_audios/generated_H4_512C_pruned70_int8/61-70970-0025_generated.wav | RTF: 0.2810(2.090s / 7.435s) | Generator RTF: 0.2806(2.086s / 7.435s)
generated_audios/generated_H4_512C_pruned70_int8/61-70970-0026_generated.wav | RTF: 0.1470(0.805s / 5.475s) | Generator RTF: 0.1463(0.801s / 5.475s)
generated_audios/generated_H4_512C_pruned70_int8/61-70970-0027_generated.wav | RTF: 0.1456(0.740s / 5.080s) | Generator RTF: 0.1448(0.736s / 5.080s)
generated_audios/generated_H4_512C_pruned70_int8/61-70970-0028_generated.wav | RTF: 0.1507(0.987s / 6.550s) | Generator RTF: 0.1502(0.984s / 6.550s)
generated_audios/generated_H4_512C_pruned70_int8/61-70970-0029_generated.wav | RTF: 0.1485(0.599s / 4.030s) | Generator RTF: 0.1477(0.595s / 4.030s)
generated_audios/generated_H4_512C_pruned70_int8/61-70970-0030_generated.wav | RTF: 0.1474(0.477s / 3.240s) | Generator RTF: 0.1464(0.474s / 3.240s)
generated_audios/generated_H4_512C_pruned70_int8/61-70970-0031_generated.wav | RTF: 0.2549(1.309s / 5.135s) | Generator RTF: 0.2542(1.305s / 5.135s)
generated_audios/generated_H4_512C_pruned70_int8/61-70970-0032_generated.wav | RTF: 0.1432(0.449s / 3.135s) | Generator RTF: 0.1422(0.446s / 3.135s)
generated_audios/generated_H4_512C_pruned70_int8/61-70970-0033_generated.wav | RTF: 0.2498(0.854s / 3.420s) | Generator RTF: 0.2491(0.852s / 3.420s)
generated_audios/generated_H4_512C_pruned70_int8/61-70970-0034_generated.wav | RTF: 0.1453(0.652s / 4.485s) | Generator RTF: 0.1445(0.648s / 4.485s)
generated_audios/generated_H4_512C_pruned70_int8/61-70970-0035_generated.wav | RTF: 0.1500(1.111s / 7.405s) | Generator RTF: 0.1496(1.108s / 7.405s)
generated_audios/generated_H4_512C_pruned70_int8/61-70970-0036_generated.wav | RTF: 0.1493(1.013s / 6.785s) | Generator RTF: 0.1487(1.009s / 6.785s)
generated_audios/generated_H4_512C_pruned70_int8/61-70970-0037_generated.wav | RTF: 0.2552(1.526s / 5.980s) | Generator RTF: 0.2547(1.523s / 5.980s)
generated_audios/generated_H4_512C_pruned70_int8/61-70970-0038_generated.wav | RTF: 0.2803(2.915s / 10.400s) | Generator RTF: 0.2799(2.911s / 10.400s)
generated_audios/generated_H4_512C_pruned70_int8/61-70970-0039_generated.wav | RTF: 0.1484(0.989s / 6.665s) | Generator RTF: 0.1479(0.986s / 6.665s)
generated_audios/generated_H4_512C_pruned70_int8/61-70970-0040_generated.wav | RTF: 0.1447(0.603s / 4.165s) | Generator RTF: 0.1439(0.599s / 4.165s)
generated_audios/generated_H4_512C_pruned70_int8/672-122797-0000_generated.wav | RTF: 0.2600(1.058s / 4.070s) | Generator RTF: 0.2593(1.055s / 4.070s)
generated_audios/generated_H4_512C_pruned70_int8/672-122797-0001_generated.wav | RTF: 0.3125(4.728s / 15.130s) | Generator RTF: 0.3122(4.723s / 15.130s)
generated_audios/generated_H4_512C_pruned70_int8/672-122797-0002_generated.wav | RTF: 0.3137(4.272s / 13.620s) | Generator RTF: 0.3134(4.268s / 13.620s)
generated_audios/generated_H4_512C_pruned70_int8/672-122797-0003_generated.wav | RTF: 0.2601(1.238s / 4.760s) | Generator RTF: 0.2593(1.234s / 4.760s)
generated_audios/generated_H4_512C_pruned70_int8/672-122797-0004_generated.wav | RTF: 0.2771(2.840s / 10.250s) | Generator RTF: 0.2767(2.837s / 10.250s)
generated_audios/generated_H4_512C_pruned70_int8/672-122797-0005_generated.wav | RTF: 0.2657(0.866s / 3.260s) | Generator RTF: 0.2647(0.863s / 3.260s)
generated_audios/generated_H4_512C_pruned70_int8/672-122797-0006_generated.wav | RTF: 0.3415(4.764s / 13.950s) | Generator RTF: 0.3412(4.760s / 13.950s)
generated_audios/generated_H4_512C_pruned70_int8/672-122797-0007_generated.wav | RTF: 0.2503(1.607s / 6.420s) | Generator RTF: 0.2497(1.603s / 6.420s)
generated_audios/generated_H4_512C_pruned70_int8/672-122797-0008_generated.wav | RTF: 0.3514(10.828s / 30.810s) | Generator RTF: 0.3512(10.821s / 30.810s)
generated_audios/generated_H4_512C_pruned70_int8/672-122797-0009_generated.wav | RTF: 0.1495(0.413s / 2.765s) | Generator RTF: 0.1483(0.410s / 2.765s)
generated_audios/generated_H4_512C_pruned70_int8/672-122797-0010_generated.wav | RTF: 0.1473(0.562s / 3.815s) | Generator RTF: 0.1464(0.559s / 3.815s)
generated_audios/generated_H4_512C_pruned70_int8/672-122797-0011_generated.wav | RTF: 0.2616(0.665s / 2.540s) | Generator RTF: 0.2604(0.661s / 2.540s)
generated_audios/generated_H4_512C_pruned70_int8/672-122797-0012_generated.wav | RTF: 0.2610(2.027s / 7.765s) | Generator RTF: 0.2605(2.023s / 7.765s)
generated_audios/generated_H4_512C_pruned70_int8/672-122797-0013_generated.wav | RTF: 0.2584(2.249s / 8.705s) | Generator RTF: 0.2579(2.245s / 8.705s)
generated_audios/generated_H4_512C_pruned70_int8/672-122797-0014_generated.wav | RTF: 0.1496(0.382s / 2.555s) | Generator RTF: 0.1485(0.379s / 2.555s)
generated_audios/generated_H4_512C_pruned70_int8/672-122797-0015_generated.wav | RTF: 0.1454(0.648s / 4.455s) | Generator RTF: 0.1447(0.644s / 4.455s)
generated_audios/generated_H4_512C_pruned70_int8/672-122797-0016_generated.wav | RTF: 0.2571(2.370s / 9.215s) | Generator RTF: 0.2567(2.366s / 9.215s)
generated_audios/generated_H4_512C_pruned70_int8/672-122797-0017_generated.wav | RTF: 0.2497(1.204s / 4.820s) | Generator RTF: 0.2491(1.201s / 4.820s)
generated_audios/generated_H4_512C_pruned70_int8/672-122797-0018_generated.wav | RTF: 0.2554(1.259s / 4.930s) | Generator RTF: 0.2547(1.256s / 4.930s)
generated_audios/generated_H4_512C_pruned70_int8/672-122797-0019_generated.wav | RTF: 0.2504(1.029s / 4.110s) | Generator RTF: 0.2496(1.026s / 4.110s)
generated_audios/generated_H4_512C_pruned70_int8/672-122797-0020_generated.wav | RTF: 0.2613(2.306s / 8.825s) | Generator RTF: 0.2609(2.302s / 8.825s)
generated_audios/generated_H4_512C_pruned70_int8/672-122797-0021_generated.wav | RTF: 0.1485(0.616s / 4.150s) | Generator RTF: 0.1477(0.613s / 4.150s)
generated_audios/generated_H4_512C_pruned70_int8/672-122797-0022_generated.wav | RTF: 0.2983(5.669s / 19.005s) | Generator RTF: 0.2980(5.664s / 19.005s)
generated_audios/generated_H4_512C_pruned70_int8/672-122797-0023_generated.wav | RTF: 0.2582(2.503s / 9.695s) | Generator RTF: 0.2577(2.499s / 9.695s)
generated_audios/generated_H4_512C_pruned70_int8/672-122797-0024_generated.wav | RTF: 0.2571(1.062s / 4.130s) | Generator RTF: 0.2563(1.059s / 4.130s)
generated_audios/generated_H4_512C_pruned70_int8/672-122797-0025_generated.wav | RTF: 0.2628(2.809s / 10.690s) | Generator RTF: 0.2624(2.805s / 10.690s)
generated_audios/generated_H4_512C_pruned70_int8/672-122797-0026_generated.wav | RTF: 0.2974(4.151s / 13.960s) | Generator RTF: 0.2970(4.147s / 13.960s)
generated_audios/generated_H4_512C_pruned70_int8/672-122797-0027_generated.wav | RTF: 0.1460(0.699s / 4.790s) | Generator RTF: 0.1452(0.695s / 4.790s)
generated_audios/generated_H4_512C_pruned70_int8/672-122797-0028_generated.wav | RTF: 0.1579(0.412s / 2.610s) | Generator RTF: 0.1566(0.409s / 2.610s)
generated_audios/generated_H4_512C_pruned70_int8/672-122797-0029_generated.wav | RTF: 0.1499(0.457s / 3.050s) | Generator RTF: 0.1487(0.454s / 3.050s)
generated_audios/generated_H4_512C_pruned70_int8/672-122797-0030_generated.wav | RTF: 0.2559(1.171s / 4.575s) | Generator RTF: 0.2552(1.168s / 4.575s)
generated_audios/generated_H4_512C_pruned70_int8/672-122797-0031_generated.wav | RTF: 0.1467(0.584s / 3.980s) | Generator RTF: 0.1459(0.581s / 3.980s)
generated_audios/generated_H4_512C_pruned70_int8/672-122797-0032_generated.wav | RTF: 0.1472(0.589s / 4.000s) | Generator RTF: 0.1464(0.586s / 4.000s)
generated_audios/generated_H4_512C_pruned70_int8/672-122797-0033_generated.wav | RTF: 0.2800(0.360s / 1.285s) | Generator RTF: 0.2775(0.357s / 1.285s)
generated_audios/generated_H4_512C_pruned70_int8/672-122797-0034_generated.wav | RTF: 0.1483(0.758s / 5.110s) | Generator RTF: 0.1476(0.754s / 5.110s)
generated_audios/generated_H4_512C_pruned70_int8/672-122797-0035_generated.wav | RTF: 0.1517(0.440s / 2.900s) | Generator RTF: 0.1506(0.437s / 2.900s)
generated_audios/generated_H4_512C_pruned70_int8/672-122797-0036_generated.wav | RTF: 0.1472(0.790s / 5.365s) | Generator RTF: 0.1465(0.786s / 5.365s)
generated_audios/generated_H4_512C_pruned70_int8/672-122797-0037_generated.wav | RTF: 0.2487(0.488s / 1.960s) | Generator RTF: 0.2472(0.484s / 1.960s)
generated_audios/generated_H4_512C_pruned70_int8/672-122797-0038_generated.wav | RTF: 0.2559(2.252s / 8.800s) | Generator RTF: 0.2555(2.248s / 8.800s)
generated_audios/generated_H4_512C_pruned70_int8/672-122797-0039_generated.wav | RTF: 0.2581(1.039s / 4.025s) | Generator RTF: 0.2572(1.035s / 4.025s)
generated_audios/generated_H4_512C_pruned70_int8/672-122797-0040_generated.wav | RTF: 0.1476(0.756s / 5.125s) | Generator RTF: 0.1469(0.753s / 5.125s)
generated_audios/generated_H4_512C_pruned70_int8/672-122797-0041_generated.wav | RTF: 0.1465(0.569s / 3.880s) | Generator RTF: 0.1457(0.565s / 3.880s)
generated_audios/generated_H4_512C_pruned70_int8/672-122797-0042_generated.wav | RTF: 0.2956(4.526s / 15.310s) | Generator RTF: 0.2954(4.522s / 15.310s)
generated_audios/generated_H4_512C_pruned70_int8/672-122797-0043_generated.wav | RTF: 0.1475(0.557s / 3.780s) | Generator RTF: 0.1465(0.554s / 3.780s)
generated_audios/generated_H4_512C_pruned70_int8/672-122797-0044_generated.wav | RTF: 0.1463(0.547s / 3.740s) | Generator RTF: 0.1454(0.544s / 3.740s)
generated_audios/generated_H4_512C_pruned70_int8/672-122797-0045_generated.wav | RTF: 0.1870(2.610s / 13.960s) | Generator RTF: 0.1867(2.607s / 13.960s)
generated_audios/generated_H4_512C_pruned70_int8/672-122797-0046_generated.wav | RTF: 0.2557(1.205s / 4.715s) | Generator RTF: 0.2550(1.203s / 4.715s)
generated_audios/generated_H4_512C_pruned70_int8/672-122797-0047_generated.wav | RTF: 0.2622(0.872s / 3.325s) | Generator RTF: 0.2612(0.868s / 3.325s)
generated_audios/generated_H4_512C_pruned70_int8/672-122797-0048_generated.wav | RTF: 0.1486(0.974s / 6.555s) | Generator RTF: 0.1481(0.971s / 6.555s)
generated_audios/generated_H4_512C_pruned70_int8/672-122797-0049_generated.wav | RTF: 0.1510(0.305s / 2.020s) | Generator RTF: 0.1496(0.302s / 2.020s)
generated_audios/generated_H4_512C_pruned70_int8/672-122797-0050_generated.wav | RTF: 0.2584(1.255s / 4.855s) | Generator RTF: 0.2577(1.251s / 4.855s)
generated_audios/generated_H4_512C_pruned70_int8/672-122797-0051_generated.wav | RTF: 0.2570(1.199s / 4.665s) | Generator RTF: 0.2562(1.195s / 4.665s)
generated_audios/generated_H4_512C_pruned70_int8/672-122797-0052_generated.wav | RTF: 0.2451(1.050s / 4.285s) | Generator RTF: 0.2444(1.047s / 4.285s)
generated_audios/generated_H4_512C_pruned70_int8/672-122797-0053_generated.wav | RTF: 0.1499(0.443s / 2.955s) | Generator RTF: 0.1488(0.440s / 2.955s)
generated_audios/generated_H4_512C_pruned70_int8/672-122797-0054_generated.wav | RTF: 0.1470(0.625s / 4.250s) | Generator RTF: 0.1463(0.622s / 4.250s)
generated_audios/generated_H4_512C_pruned70_int8/672-122797-0055_generated.wav | RTF: 0.2554(2.102s / 8.230s) | Generator RTF: 0.2550(2.099s / 8.230s)
generated_audios/generated_H4_512C_pruned70_int8/672-122797-0056_generated.wav | RTF: 0.1474(0.770s / 5.225s) | Generator RTF: 0.1468(0.767s / 5.225s)
generated_audios/generated_H4_512C_pruned70_int8/672-122797-0057_generated.wav | RTF: 0.1473(0.966s / 6.560s) | Generator RTF: 0.1467(0.963s / 6.560s)
generated_audios/generated_H4_512C_pruned70_int8/672-122797-0058_generated.wav | RTF: 0.2592(1.159s / 4.470s) | Generator RTF: 0.2585(1.155s / 4.470s)
generated_audios/generated_H4_512C_pruned70_int8/672-122797-0059_generated.wav | RTF: 0.2509(0.883s / 3.520s) | Generator RTF: 0.2499(0.880s / 3.520s)
generated_audios/generated_H4_512C_pruned70_int8/672-122797-0060_generated.wav | RTF: 0.1548(0.519s / 3.350s) | Generator RTF: 0.1538(0.515s / 3.350s)
generated_audios/generated_H4_512C_pruned70_int8/672-122797-0061_generated.wav | RTF: 0.2569(1.950s / 7.590s) | Generator RTF: 0.2564(1.946s / 7.590s)
generated_audios/generated_H4_512C_pruned70_int8/672-122797-0062_generated.wav | RTF: 0.2631(0.704s / 2.675s) | Generator RTF: 0.2619(0.701s / 2.675s)
generated_audios/generated_H4_512C_pruned70_int8/672-122797-0063_generated.wav | RTF: 0.1458(0.740s / 5.075s) | Generator RTF: 0.1451(0.737s / 5.075s)
generated_audios/generated_H4_512C_pruned70_int8/672-122797-0064_generated.wav | RTF: 0.2972(4.539s / 15.270s) | Generator RTF: 0.2970(4.535s / 15.270s)
generated_audios/generated_H4_512C_pruned70_int8/672-122797-0065_generated.wav | RTF: 0.1487(0.451s / 3.030s) | Generator RTF: 0.1476(0.447s / 3.030s)
generated_audios/generated_H4_512C_pruned70_int8/672-122797-0066_generated.wav | RTF: 0.1470(0.708s / 4.815s) | Generator RTF: 0.1463(0.704s / 4.815s)
generated_audios/generated_H4_512C_pruned70_int8/672-122797-0067_generated.wav | RTF: 0.2817(3.672s / 13.035s) | Generator RTF: 0.2814(3.668s / 13.035s)
generated_audios/generated_H4_512C_pruned70_int8/672-122797-0068_generated.wav | RTF: 0.1482(0.596s / 4.020s) | Generator RTF: 0.1474(0.592s / 4.020s)
generated_audios/generated_H4_512C_pruned70_int8/672-122797-0069_generated.wav | RTF: 0.2587(1.296s / 5.010s) | Generator RTF: 0.2581(1.293s / 5.010s)
generated_audios/generated_H4_512C_pruned70_int8/672-122797-0070_generated.wav | RTF: 0.2546(1.596s / 6.270s) | Generator RTF: 0.2540(1.592s / 6.270s)
generated_audios/generated_H4_512C_pruned70_int8/672-122797-0071_generated.wav | RTF: 0.2603(2.310s / 8.875s) | Generator RTF: 0.2598(2.306s / 8.875s)
generated_audios/generated_H4_512C_pruned70_int8/672-122797-0072_generated.wav | RTF: 0.2567(2.038s / 7.940s) | Generator RTF: 0.2562(2.034s / 7.940s)
generated_audios/generated_H4_512C_pruned70_int8/672-122797-0073_generated.wav | RTF: 0.2588(2.123s / 8.205s) | Generator RTF: 0.2583(2.119s / 8.205s)
generated_audios/generated_H4_512C_pruned70_int8/672-122797-0074_generated.wav | RTF: 0.2565(2.239s / 8.730s) | Generator RTF: 0.2560(2.235s / 8.730s)
generated_audios/generated_H4_512C_pruned70_int8/908-157963-0000_generated.wav | RTF: 0.2814(3.551s / 12.620s) | Generator RTF: 0.2811(3.547s / 12.620s)
generated_audios/generated_H4_512C_pruned70_int8/908-157963-0001_generated.wav | RTF: 0.2636(0.760s / 2.885s) | Generator RTF: 0.2624(0.757s / 2.885s)
generated_audios/generated_H4_512C_pruned70_int8/908-157963-0002_generated.wav | RTF: 0.2503(0.690s / 2.755s) | Generator RTF: 0.2491(0.686s / 2.755s)
generated_audios/generated_H4_512C_pruned70_int8/908-157963-0003_generated.wav | RTF: 0.2568(0.791s / 3.080s) | Generator RTF: 0.2556(0.787s / 3.080s)
generated_audios/generated_H4_512C_pruned70_int8/908-157963-0004_generated.wav | RTF: 0.2966(4.150s / 13.990s) | Generator RTF: 0.2963(4.145s / 13.990s)
generated_audios/generated_H4_512C_pruned70_int8/908-157963-0005_generated.wav | RTF: 0.2567(1.806s / 7.035s) | Generator RTF: 0.2562(1.802s / 7.035s)
generated_audios/generated_H4_512C_pruned70_int8/908-157963-0006_generated.wav | RTF: 0.2590(2.100s / 8.110s) | Generator RTF: 0.2585(2.096s / 8.110s)
generated_audios/generated_H4_512C_pruned70_int8/908-157963-0007_generated.wav | RTF: 0.3533(11.577s / 32.770s) | Generator RTF: 0.3531(11.570s / 32.770s)
generated_audios/generated_H4_512C_pruned70_int8/908-157963-0008_generated.wav | RTF: 0.3425(6.833s / 19.950s) | Generator RTF: 0.3422(6.828s / 19.950s)
generated_audios/generated_H4_512C_pruned70_int8/908-157963-0009_generated.wav | RTF: 0.2597(1.054s / 4.060s) | Generator RTF: 0.2590(1.052s / 4.060s)
generated_audios/generated_H4_512C_pruned70_int8/908-157963-0010_generated.wav | RTF: 0.1438(0.903s / 6.280s) | Generator RTF: 0.1432(0.899s / 6.280s)
generated_audios/generated_H4_512C_pruned70_int8/908-157963-0011_generated.wav | RTF: 0.1515(1.575s / 10.395s) | Generator RTF: 0.1511(1.571s / 10.395s)
generated_audios/generated_H4_512C_pruned70_int8/908-157963-0012_generated.wav | RTF: 0.2598(2.622s / 10.090s) | Generator RTF: 0.2594(2.617s / 10.090s)
generated_audios/generated_H4_512C_pruned70_int8/908-157963-0013_generated.wav | RTF: 0.1468(0.633s / 4.315s) | Generator RTF: 0.1459(0.630s / 4.315s)
generated_audios/generated_H4_512C_pruned70_int8/908-157963-0014_generated.wav | RTF: 0.1462(0.661s / 4.520s) | Generator RTF: 0.1456(0.658s / 4.520s)
generated_audios/generated_H4_512C_pruned70_int8/908-157963-0015_generated.wav | RTF: 0.2949(4.266s / 14.465s) | Generator RTF: 0.2946(4.261s / 14.465s)
generated_audios/generated_H4_512C_pruned70_int8/908-157963-0016_generated.wav | RTF: 0.1463(0.747s / 5.105s) | Generator RTF: 0.1456(0.743s / 5.105s)
generated_audios/generated_H4_512C_pruned70_int8/908-157963-0017_generated.wav | RTF: 0.2510(1.242s / 4.950s) | Generator RTF: 0.2503(1.239s / 4.950s)
generated_audios/generated_H4_512C_pruned70_int8/908-157963-0018_generated.wav | RTF: 0.1481(0.630s / 4.255s) | Generator RTF: 0.1473(0.627s / 4.255s)
generated_audios/generated_H4_512C_pruned70_int8/908-157963-0019_generated.wav | RTF: 0.3466(7.430s / 21.440s) | Generator RTF: 0.3463(7.425s / 21.440s)
generated_audios/generated_H4_512C_pruned70_int8/908-157963-0020_generated.wav | RTF: 0.2616(2.564s / 9.800s) | Generator RTF: 0.2612(2.560s / 9.800s)
generated_audios/generated_H4_512C_pruned70_int8/908-157963-0021_generated.wav | RTF: 0.1546(1.583s / 10.240s) | Generator RTF: 0.1542(1.579s / 10.240s)
generated_audios/generated_H4_512C_pruned70_int8/908-157963-0022_generated.wav | RTF: 0.2610(1.203s / 4.610s) | Generator RTF: 0.2603(1.200s / 4.610s)
generated_audios/generated_H4_512C_pruned70_int8/908-157963-0023_generated.wav | RTF: 0.2608(2.510s / 9.625s) | Generator RTF: 0.2604(2.507s / 9.625s)
generated_audios/generated_H4_512C_pruned70_int8/908-157963-0024_generated.wav | RTF: 0.2576(0.886s / 3.440s) | Generator RTF: 0.2567(0.883s / 3.440s)
generated_audios/generated_H4_512C_pruned70_int8/908-157963-0025_generated.wav | RTF: 0.2599(2.408s / 9.265s) | Generator RTF: 0.2595(2.405s / 9.265s)
generated_audios/generated_H4_512C_pruned70_int8/908-157963-0026_generated.wav | RTF: 0.2589(2.097s / 8.100s) | Generator RTF: 0.2584(2.093s / 8.100s)
generated_audios/generated_H4_512C_pruned70_int8/908-157963-0027_generated.wav | RTF: 0.1474(0.770s / 5.225s) | Generator RTF: 0.1468(0.767s / 5.225s)
generated_audios/generated_H4_512C_pruned70_int8/908-157963-0028_generated.wav | RTF: 0.1436(0.711s / 4.955s) | Generator RTF: 0.1431(0.709s / 4.955s)
generated_audios/generated_H4_512C_pruned70_int8/908-157963-0029_generated.wav | RTF: 0.2530(0.918s / 3.630s) | Generator RTF: 0.2521(0.915s / 3.630s)
generated_audios/generated_H4_512C_pruned70_int8/908-157963-0030_generated.wav | RTF: 0.1426(0.644s / 4.520s) | Generator RTF: 0.1418(0.641s / 4.520s)
generated_audios/generated_H4_512C_pruned70_int8/908-31957-0000_generated.wav | RTF: 0.2496(0.530s / 2.125s) | Generator RTF: 0.2482(0.527s / 2.125s)
generated_audios/generated_H4_512C_pruned70_int8/908-31957-0001_generated.wav | RTF: 0.2625(2.970s / 11.315s) | Generator RTF: 0.2622(2.967s / 11.315s)
generated_audios/generated_H4_512C_pruned70_int8/908-31957-0002_generated.wav | RTF: 0.1460(0.699s / 4.790s) | Generator RTF: 0.1452(0.695s / 4.790s)
generated_audios/generated_H4_512C_pruned70_int8/908-31957-0003_generated.wav | RTF: 0.1484(0.974s / 6.565s) | Generator RTF: 0.1479(0.971s / 6.565s)
generated_audios/generated_H4_512C_pruned70_int8/908-31957-0004_generated.wav | RTF: 0.2849(4.203s / 14.755s) | Generator RTF: 0.2846(4.199s / 14.755s)
generated_audios/generated_H4_512C_pruned70_int8/908-31957-0005_generated.wav | RTF: 0.1485(0.667s / 4.490s) | Generator RTF: 0.1478(0.664s / 4.490s)
generated_audios/generated_H4_512C_pruned70_int8/908-31957-0006_generated.wav | RTF: 0.2541(1.497s / 5.890s) | Generator RTF: 0.2535(1.493s / 5.890s)
generated_audios/generated_H4_512C_pruned70_int8/908-31957-0007_generated.wav | RTF: 0.1483(0.860s / 5.800s) | Generator RTF: 0.1477(0.857s / 5.800s)
generated_audios/generated_H4_512C_pruned70_int8/908-31957-0008_generated.wav | RTF: 0.2823(2.825s / 10.005s) | Generator RTF: 0.2819(2.821s / 10.005s)
generated_audios/generated_H4_512C_pruned70_int8/908-31957-0009_generated.wav | RTF: 0.2550(1.965s / 7.705s) | Generator RTF: 0.2545(1.961s / 7.705s)
generated_audios/generated_H4_512C_pruned70_int8/908-31957-0010_generated.wav | RTF: 0.2453(0.616s / 2.510s) | Generator RTF: 0.2441(0.613s / 2.510s)
generated_audios/generated_H4_512C_pruned70_int8/908-31957-0011_generated.wav | RTF: 0.1528(0.357s / 2.335s) | Generator RTF: 0.1515(0.354s / 2.335s)
generated_audios/generated_H4_512C_pruned70_int8/908-31957-0012_generated.wav | RTF: 0.2587(1.970s / 7.615s) | Generator RTF: 0.2582(1.966s / 7.615s)
generated_audios/generated_H4_512C_pruned70_int8/908-31957-0013_generated.wav | RTF: 0.2603(1.609s / 6.180s) | Generator RTF: 0.2597(1.605s / 6.180s)
generated_audios/generated_H4_512C_pruned70_int8/908-31957-0014_generated.wav | RTF: 0.2583(1.953s / 7.560s) | Generator RTF: 0.2578(1.949s / 7.560s)
generated_audios/generated_H4_512C_pruned70_int8/908-31957-0015_generated.wav | RTF: 0.3476(7.461s / 21.465s) | Generator RTF: 0.3474(7.456s / 21.465s)
generated_audios/generated_H4_512C_pruned70_int8/908-31957-0016_generated.wav | RTF: 0.2662(1.725s / 6.480s) | Generator RTF: 0.2655(1.721s / 6.480s)
generated_audios/generated_H4_512C_pruned70_int8/908-31957-0017_generated.wav | RTF: 0.2824(2.202s / 7.795s) | Generator RTF: 0.2819(2.197s / 7.795s)
generated_audios/generated_H4_512C_pruned70_int8/908-31957-0018_generated.wav | RTF: 0.2568(1.005s / 3.915s) | Generator RTF: 0.2560(1.002s / 3.915s)
generated_audios/generated_H4_512C_pruned70_int8/908-31957-0019_generated.wav | RTF: 0.2819(2.689s / 9.540s) | Generator RTF: 0.2815(2.685s / 9.540s)
generated_audios/generated_H4_512C_pruned70_int8/908-31957-0020_generated.wav | RTF: 0.1447(0.853s / 5.895s) | Generator RTF: 0.1441(0.849s / 5.895s)
generated_audios/generated_H4_512C_pruned70_int8/908-31957-0021_generated.wav | RTF: 0.2800(3.053s / 10.905s) | Generator RTF: 0.2796(3.049s / 10.905s)
generated_audios/generated_H4_512C_pruned70_int8/908-31957-0022_generated.wav | RTF: 0.3447(4.860s / 14.100s) | Generator RTF: 0.3443(4.855s / 14.100s)
generated_audios/generated_H4_512C_pruned70_int8/908-31957-0023_generated.wav | RTF: 0.2826(2.406s / 8.515s) | Generator RTF: 0.2821(2.402s / 8.515s)
generated_audios/generated_H4_512C_pruned70_int8/908-31957-0024_generated.wav | RTF: 0.2735(2.062s / 7.540s) | Generator RTF: 0.2730(2.059s / 7.540s)
generated_audios/generated_H4_512C_pruned70_int8/908-31957-0025_generated.wav | RTF: 0.3476(7.146s / 20.560s) | Generator RTF: 0.3473(7.141s / 20.560s)
Average RTF: 0.2474(781.855s / 3159.849s)
Average Generator RTF: 0.2469(780.059s / 3159.849s)
Evaluation summary:
  Mel-spectrogram L1: 0.347063
  PESQ: 2.438950
  STOI: 0.934778
Appended per-audio metrics to CSV: per_audio_results/H4_512C_int8_Mask_pruning

Appended metrics to CSV: experiments_results.csv
Appended to experiments_results.csv:
H4_512C_pruned70_int8_Mask_pruning_resblocks_range_3_8,13926161,45.91,0.2474,0.2469,2.43895019698143,0.934777732553356,0.3470629918575287
========== Done ==========
=== JOB_STATISTICS ===
=== current date     : Sun Jul  5 03:37:43 PM CEST 2026
= Job-ID             : 1428691 on tinyfat
= Job-Name           : inference_512ch_h1-4
= Job-Command        : /home/hpc/vlbi/vlbi107v/hifi-gan/inference_Test.sh
= Initial workdir    : /home/hpc/vlbi/vlbi107v/hifi-gan
= Queue/Partition    : work
= Slurm account      : vlbi with QOS=normal
= Requested resources:  for 1-00:00:00
= Elapsed runtime    : 01:43:22
= Total RAM usage    : 6.8 GiB of requested  GiB (%)   
= Node list          : tf061
= Subm/Elig/Start/End: 2026-07-05T13:54:21 / 2026-07-05T13:54:21 / 2026-07-05T13:54:21 / 2026-07-05T15:37:43
======================
=== Quota infos ======
    Path                 Used     SoftQ    HardQ    Gracetime  Filec    FileQ    FiHaQ    FileGrace    
    /home/woody           281.2G  1000.0G  1500.0G        N/A     118K   5,000K   7,500K        N/A    
    /home/hpc              95.1G   104.9G   209.7G        N/A      91K     500K   1,000K        N/A    
======================
